"Feature"	"Consortium_Early_R1"	"Consortium_Early_R2"	"Consortium_Early_R3"	"Consortium_Late_R1"	"Consortium_Late_R2"	"Consortium_Late_R3"	"HGF2_Early_R1"	"HGF2_Early_R2"	"HGF2_Early_R3"	"HGF2_Late_R1"	"HGF2_Late_R2"	"HGF2_Late_R13"
"RCHGF000001"	5	1	0	0	0	4	1314	1217	1076	1188	1232	893
"RCHGF000002"	4	5	3	4	0	1	1613	1596	1678	1390	1514	1090
"RCHGF000003"	2	3	1	1	4	2	2524	2557	2447	1808	2640	2198
"RCHGF000004"	7	6	6	5	10	1	2236	1815	2612	1531	2145	1695
"RCHGF000005"	6	1	0	4	1	3	1412	1352	902	540	690	619
"RCHGF000006"	3	11	3	0	0	1	955	1058	882	631	809	709
"RCHGF000007"	3	0	4	1	0	2	1720	1681	1177	907	1095	855
"RCHGF000008"	5	1	2	4	0	0	548	577	479	299	408	338
"RCHGF000009"	2	2	1	1	0	0	739	657	346	418	412	341
"RCHGF000010"	3	1	0	0	0	0	498	429	594	220	187	113
"RCHGF000011"	3	3	1	0	1	0	439	398	363	239	326	281
"RCHGF000012"	10	7	4	3	2	10	2145	2129	1415	1078	1290	1041
"RCHGF000013"	0	0	0	0	0	0	95	99	117	28	66	51
"RCHGF000014"	0	0	2	0	0	0	262	254	177	57	69	74
"RCHGF000015"	1	2	8	0	0	0	101	115	58	33	10	10
"RCHGF000016"	0	3	1	0	0	0	201	172	79	45	42	42
"RCHGF000017"	0	1	0	0	4	2	294	308	144	89	73	64
"RCHGF000018"	0	0	0	0	0	0	33	33	25	19	8	5
"RCHGF000020"	0	2	2	0	0	0	307	346	222	102	92	94
"RCHGF000021"	0	1	0	0	2	0	77	95	106	132	132	92
"RCHGF000022"	16	13	13	2	1	2	3373	3359	3068	8920	10183	8705
"RCHGF000023"	4	12	3	2	1	3	3516	3718	2602	2563	3466	3093
"RCHGF000024"	23	9	12	3	0	2	4525	5185	2825	4428	5349	4575
"RCHGF000025"	24	38	28	15	4	4	7659	8354	5612	7727	9860	8370
"RCHGF000026"	2	7	0	10	0	0	176	176	134	245	265	208
"RCHGF000027"	3	0	1	0	1	1	236	190	152	134	108	92
"RCHGF000028"	0	0	2	1	0	0	407	401	267	280	277	241
"RCHGF000029"	35	22	14	8	11	14	4195	3877	3657	3416	3878	3236
"RCHGF000030"	5	16	2	8	6	2	3075	2756	7779	3730	4589	3279
"RCHGF000031"	12	11	8	4	3	1	3739	3928	2956	3961	4607	3889
"RCHGF000032"	0	0	0	0	0	0	107	105	54	44	64	50
"RCHGF000033"	5	4	5	7	0	7	892	863	855	653	741	569
"RCHGF000034"	29	40	32	11	11	12	11168	12216	7541	29343	35569	27513
"RCHGF000035"	0	4	5	0	1	1	128	198	105	99	64	74
"RCHGF000036"	14	35	22	7	8	4	6831	5772	5315	3297	3683	2642
"RCHGF000037"	0	5	13	5	1	2	2298	2045	1213	922	1203	996
"RCHGF000038"	1	8	4	5	2	2	1918	1919	1475	842	845	644
"RCHGF000039"	6	5	3	0	4	2	1274	1081	778	425	387	348
"RCHGF000040"	18	18	17	21	21	10	14052	13478	15590	9248	8723	7193
"RCHGF000041"	5	1	2	1	1	0	4695	4323	4308	942	1176	1117
"RCHGF000042"	6	7	6	4	3	1	11534	13631	8118	2599	3171	2827
"RCHGF000043"	33	43	15	25	24	8	68229	64246	72062	12656	17108	14430
"RCHGF000044"	0	3	1	1	1	0	2102	2006	2824	329	406	296
"RCHGF000045"	2	3	2	1	2	0	17129	15544	14424	2342	2112	1693
"RCHGF000046"	1	0	0	0	1	0	2690	1995	1345	317	494	402
"RCHGF000047"	485	645	419	251	196	224	53514	59287	24607	18746	19931	16212
"RCHGF000048"	1061	1378	1022	544	495	437	90987	89149	28603	41899	30284	22602
"RCHGF000049"	4	15	13	9	7	5	2696	2504	1752	1494	2148	1786
"RCHGF000050"	34	19	19	8	5	12	3260	3406	2550	1871	2309	2018
"RCHGF000051"	13	17	14	7	14	11	3348	3160	6202	2479	3168	2547
"RCHGF000052"	0	5	0	0	0	0	24	19	22	9	8	1
"RCHGF000053"	0	0	0	0	0	0	43	35	29	11	11	13
"RCHGF000054"	7	12	1	3	2	4	4625	3501	8951	5974	6532	4065
"RCHGF000055"	1	6	0	1	0	1	669	701	593	318	425	389
"RCHGF000056"	0	0	0	0	0	0	9	19	14	8	7	1
"RCHGF000057"	1	2	1	0	0	0	334	382	665	161	316	265
"RCHGF000058"	3	7	0	1	1	0	1467	1541	1104	861	1280	1062
"RCHGF000059"	3	1	1	1	1	0	1134	1251	903	711	1001	939
"RCHGF000060"	2	3	2	0	0	0	567	499	419	297	377	311
"RCHGF000061"	1	11	2	0	2	0	247	276	154	135	139	102
"RCHGF000062"	9	14	9	8	2	4	4305	4385	2714	2829	4152	3889
"RCHGF000063"	17	21	6	2	1	3	5704	6267	4876	4767	6845	6111
"RCHGF000064"	2	5	10	1	1	0	1709	1934	1419	1546	1753	1365
"RCHGF000065"	15	16	14	9	7	5	2662	2732	2367	1083	1494	1309
"RCHGF000066"	8	3	11	4	1	6	1874	1960	1369	881	1252	1051
"RCHGF000067"	6	15	4	2	2	1	2180	2153	1835	1081	1452	1263
"RCHGF000068"	4	9	5	2	5	2	1467	1325	1159	618	845	698
"RCHGF000069"	0	4	3	1	0	5	1721	1994	981	796	966	838
"RCHGF000070"	10	17	5	3	5	3	6086	5265	5073	1194	1500	1230
"RCHGF000071"	0	1	0	0	0	2	101	103	114	58	57	65
"RCHGF000072"	0	0	0	0	0	0	11	16	13	10	8	9
"RCHGF000073"	1	5	2	1	0	0	103	138	100	175	114	115
"RCHGF000074"	5	4	2	0	2	3	66	96	86	162	89	69
"RCHGF000075"	3	4	0	0	0	1	23	27	22	66	28	42
"RCHGF000076"	17	29	19	14	9	10	3233	2474	7137	3369	4340	3079
"RCHGF000077"	31	21	27	16	17	12	3007	2570	5599	4846	4003	2561
"RCHGF000078"	12	19	3	1	7	0	285	433	236	683	636	523
"RCHGF000079"	2	4	2	0	0	0	32	49	38	68	45	31
"RCHGF000080"	1	4	0	0	0	0	52	61	58	66	80	49
"RCHGF000081"	1	1	0	0	0	0	63	68	56	124	96	72
"RCHGF000082"	2	3	2	0	0	0	79	130	56	206	190	165
"RCHGF000083"	5	0	2	0	0	1	190	214	153	150	125	87
"RCHGF000084"	2	3	1	1	2	2	430	466	278	348	314	264
"RCHGF000085"	3	1	0	0	0	0	203	270	88	82	134	87
"RCHGF000086"	1	0	0	0	0	2	90	96	52	76	82	69
"RCHGF000087"	3	5	1	0	2	0	610	617	326	267	341	262
"RCHGF000088"	2	4	2	0	0	0	484	629	395	218	232	193
"RCHGF000089"	4	0	10	0	0	0	1417	1315	967	389	447	368
"RCHGF000090"	6	2	1	0	0	0	91	126	187	134	97	95
"RCHGF000091"	5	8	14	9	2	2	1752	2053	2364	1109	1409	1150
"RCHGF000092"	56	52	28	22	17	21	5056	5219	8621	2349	2978	2836
"RCHGF000093"	50	59	47	38	26	21	10111	9121	27532	7837	9350	8628
"RCHGF000094"	1	6	2	0	0	0	248	238	175	156	97	94
"RCHGF000095"	4	7	3	0	0	0	511	602	424	306	249	281
"RCHGF000096"	2	3	1	0	0	0	272	232	180	160	139	120
"RCHGF000097"	2	3	4	0	0	2	225	234	229	110	99	111
"RCHGF000098"	0	4	2	0	0	0	216	298	185	136	120	97
"RCHGF000099"	3	1	0	1	0	2	397	466	265	182	189	160
"RCHGF000100"	0	0	0	0	0	0	4	10	2	6	6	4
"RCHGF000101"	5	1	3	1	0	2	933	1190	910	448	600	454
"RCHGF000102"	3	2	2	0	1	1	523	593	545	301	470	324
"RCHGF000103"	33	60	50	7	14	9	16891	20088	11461	9714	11942	10229
"RCHGF000104"	6	8	1	5	2	2	5385	5531	5772	3521	5474	4537
"RCHGF000105"	8	9	10	3	2	1	9000	9742	7336	5451	7458	6423
"RCHGF000106"	8	11	1	12	0	2	333	321	411	69839	45890	52113
"RCHGF000107"	5	13	6	2	2	2	10333	9257	9288	27006	19695	12471
"RCHGF000108"	0	0	0	0	0	0	59	85	139	2567	2172	1524
"RCHGF000109"	0	0	0	0	0	0	209	178	89	338	171	183
"RCHGF000110"	4	1	0	3	0	0	169	187	139	109	82	76
"RCHGF000111"	33	32	31	9	5	8	7338	5762	5207	4337	6950	6257
"RCHGF000112"	0	10	4	0	0	0	201	188	188	146	113	61
"RCHGF000113"	1	0	0	1	0	0	144	200	166	163	195	121
"RCHGF000114"	0	2	0	0	0	0	69	99	105	80	76	65
"RCHGF000115"	0	4	0	0	1	0	104	129	146	131	124	157
"RCHGF000116"	1	1	2	2	2	0	130	109	112	87	94	77
"RCHGF000117"	4	3	0	0	0	0	87	153	132	72	80	83
"RCHGF000118"	5	6	5	2	1	0	728	979	810	730	700	677
"RCHGF000119"	2	12	2	2	3	2	392	399	237	253	207	179
"RCHGF000121"	0	0	1	0	0	0	136	135	151	119	144	95
"RCHGF000122"	1	2	1	0	0	4	1307	1239	1435	630	1118	715
"RCHGF000123"	6	5	5	3	4	3	3401	3693	2530	1444	2161	1921
"RCHGF000124"	17	9	7	6	1	3	2022	1945	2438	721	1178	896
"RCHGF000125"	1	2	1	5	1	2	664	594	551	324	474	364
"RCHGF000126"	0	0	0	0	0	0	18	25	27	129	121	129
"RCHGF000127"	2	6	0	2	1	0	321	348	189	1656	1552	1714
"RCHGF000128"	0	0	0	0	0	0	24	25	18	145	131	67
"RCHGF000129"	1	0	0	0	0	0	156	179	105	293	360	321
"RCHGF000130"	1	2	2	0	4	0	303	373	237	667	722	688
"RCHGF000131"	3	0	0	0	2	0	196	227	160	297	360	363
"RCHGF000132"	2	3	4	0	0	0	678	817	694	523	684	617
"RCHGF000133"	1	5	4	0	1	0	1066	1027	656	1169	1487	1159
"RCHGF000134"	16	9	12	10	3	1	3045	3359	2783	2338	3253	2701
"RCHGF000135"	15	21	12	10	3	5	3928	4668	3346	2578	3287	2577
"RCHGF000136"	0	0	0	0	0	0	25	31	35	835	364	345
"RCHGF000137"	2	0	1	0	0	3	688	677	630	746	834	681
"RCHGF000138"	17	28	15	7	4	13	5481	5660	3229	3625	3920	3254
"RCHGF000139"	6	1	0	2	2	1	264	337	169	14552	14054	11512
"RCHGF000140"	13	6	3	2	7	5	10323	9190	13243	9542	10213	7056
"RCHGF000141"	8	9	15	3	2	1	2249	2170	2222	2640	4141	3533
"RCHGF000142"	0	0	0	0	0	0	35	50	41	26	12	16
"RCHGF000143"	2	0	0	1	0	0	34	41	37	774	560	465
"RCHGF000144"	0	1	1	0	0	0	102	137	74	1898	1825	1392
"RCHGF000145"	4	0	2	0	2	0	81	93	72	1048	925	722
"RCHGF000146"	0	0	0	0	0	0	94	108	79	368	466	411
"RCHGF000147"	3	1	0	0	0	0	72	70	48	9504	5889	4577
"RCHGF000148"	83	98	49	33	36	38	70170	60234	82513	21652	17421	13221
"RCHGF000149"	2	6	2	1	6	4	2639	1880	1024	1341	1795	1465
"RCHGF000151"	7	4	9	6	5	7	4638	5160	4983	3330	5829	4883
"RCHGF000152"	3	0	0	0	0	0	371	316	362	337	359	290
"RCHGF000153"	1	1	3	0	0	0	853	757	1016	695	578	506
"RCHGF000154"	0	0	2	0	0	0	113	96	77	66	25	30
"RCHGF000155"	0	5	2	2	0	0	306	255	230	117	99	80
"RCHGF000156"	0	0	0	1	0	0	237	265	193	132	120	90
"RCHGF000157"	1	0	1	0	0	0	183	189	143	79	96	63
"RCHGF000158"	0	0	0	0	0	0	101	123	85	60	55	35
"RCHGF000159"	4	0	0	0	0	0	251	278	332	214	194	194
"RCHGF000160"	0	0	0	0	0	0	174	219	226	226	265	208
"RCHGF000161"	0	5	0	0	2	0	290	288	224	166	117	102
"RCHGF000162"	3	4	3	0	1	0	613	541	755	683	763	613
"RCHGF000163"	2	4	2	0	0	0	435	563	365	740	694	516
"RCHGF000165"	8	11	6	3	0	3	1080	1069	1065	723	1097	844
"RCHGF000166"	11	20	23	4	6	4	4668	5012	4328	2978	4477	3947
"RCHGF000167"	0	0	0	0	0	0	17	13	10	57	33	37
"RCHGF000168"	52	75	57	21	24	25	5551	5870	2378	2123	2530	2188
"RCHGF000169"	70	85	82	40	32	25	17938	18621	14961	11491	14274	11672
"RCHGF000170"	6	16	10	7	7	8	6603	5265	8146	3749	5528	4134
"RCHGF000171"	9	6	6	0	5	2	2784	2533	2368	1679	1954	1604
"RCHGF000172"	3	2	1	0	1	0	669	578	651	329	486	453
"RCHGF000173"	3	6	4	1	0	0	884	840	783	521	671	555
"RCHGF000174"	2	5	4	4	2	0	332	432	389	289	170	180
"RCHGF000175"	32	32	33	15	23	16	3245	3843	1717	2758	2702	2457
"RCHGF000176"	6	6	12	3	0	2	3935	5028	5403	2212	2090	1530
"RCHGF000177"	40	45	51	20	26	25	5732	5953	3779	2954	2032	1842
"RCHGF000178"	124	172	106	61	53	43	60287	60552	33749	15717	17197	13814
"RCHGF000179"	36	43	33	17	13	15	22039	22019	14422	7753	10212	7301
"RCHGF000180"	0	0	0	0	0	0	11	6	5	11	9	9
"RCHGF000181"	10	2	7	1	4	0	1965	2253	1888	1244	1398	1312
"RCHGF000182"	3	2	0	0	2	0	815	877	893	11296	9867	10107
"RCHGF000183"	4	6	8	3	1	1	1706	2098	2203	19335	15529	16606
"RCHGF000184"	4	0	4	0	1	3	1221	1163	1049	3461	2389	2225
"RCHGF000185"	15	13	11	2	4	9	4618	5241	4443	5236	5227	4795
"RCHGF000186"	11	12	13	5	7	9	2863	2644	4308	2805	2954	2441
"RCHGF000187"	12	6	9	1	3	3	640	618	331	612	686	563
"RCHGF000188"	5	7	0	3	3	1	184	230	133	194	209	188
"RCHGF000189"	6	17	11	16	13	8	720	712	268	737	810	663
"RCHGF000190"	26	34	20	7	16	13	1416	1787	512	1216	1524	1078
"RCHGF000191"	40	45	38	14	15	29	3900	4025	2217	2814	3689	3077
"RCHGF000192"	1	3	2	2	2	0	547	649	435	197	299	231
"RCHGF000193"	5	7	1	0	0	0	991	1098	702	1336	1897	1639
"RCHGF000194"	5	8	7	1	0	1	252	270	286	508	641	556
"RCHGF000195"	6	2	0	0	1	0	216	244	196	353	505	438
"RCHGF000196"	4	4	1	4	1	3	752	753	644	1510	2056	1637
"RCHGF000197"	0	4	6	0	4	1	357	513	266	704	833	798
"RCHGF000198"	3	3	2	1	1	0	481	512	382	760	1067	940
"RCHGF000199"	4	7	7	0	1	3	589	559	453	849	1007	900
"RCHGF000200"	12	12	9	5	8	4	1945	1958	2521	1513	1773	1638
"RCHGF000201"	4	3	4	5	0	1	325	388	311	25735	26534	21156
"RCHGF000202"	0	0	0	1	0	1	86	91	17	1985	1765	1474
"RCHGF000203"	137	206	154	47	57	49	6975	8126	1325	1604	1423	1165
"RCHGF000204"	148	222	160	83	71	72	8454	9814	1880	1679	1775	1315
"RCHGF000205"	54	55	43	24	31	18	2124	2056	757	283	267	233
"RCHGF000206"	83	189	93	50	23	42	6020	6484	1043	614	512	350
"RCHGF000207"	19	30	22	12	4	3	1426	1466	269	119	128	97
"RCHGF000208"	21	33	20	4	12	8	1523	1336	476	210	212	181
"RCHGF000209"	50	51	46	36	15	14	2379	2306	653	473	403	319
"RCHGF000210"	39	61	36	22	20	16	2022	2164	619	438	365	271
"RCHGF000212"	14	30	16	13	3	9	884	1023	250	328	304	263
"RCHGF000213"	18	22	16	13	7	3	794	941	201	154	162	114
"RCHGF000214"	2	1	6	0	0	1	102	125	62	328	502	502
"RCHGF000215"	3	3	1	0	0	2	76	90	41	402	339	355
"RCHGF000216"	8	6	4	5	3	5	338	382	150	1424	1361	1250
"RCHGF000217"	0	0	0	0	0	0	1	0	1	2	0	0
"RCHGF000218"	1	0	2	0	2	6	1489	1287	1759	777	911	683
"RCHGF000219"	4	4	4	1	0	0	2804	3019	1981	1793	2407	1846
"RCHGF000220"	0	0	0	0	0	0	30	31	15	3	2	4
"RCHGF000221"	1	5	0	0	1	0	297	334	130	7779	7579	5912
"RCHGF000222"	9	13	13	7	2	1	2474	2441	1672	1770	2467	2184
"RCHGF000223"	7	4	6	2	2	2	782	804	189	416	499	376
"RCHGF000224"	11	10	5	10	5	8	2350	2266	1790	1172	1529	1208
"RCHGF000225"	2	0	4	0	2	1	341	352	266	299	458	382
"RCHGF000226"	9	1	2	0	2	0	1327	1448	1202	1270	1950	1687
"RCHGF000227"	1	1	1	0	0	0	167	153	173	148	143	98
"RCHGF000228"	2	11	6	2	0	4	1194	1283	1541	1136	1817	1529
"RCHGF000229"	0	1	0	4	0	1	322	317	283	237	452	310
"RCHGF000230"	0	2	3	0	2	0	474	470	355	356	665	467
"RCHGF000231"	2	7	1	0	0	0	318	318	257	302	336	270
"RCHGF000232"	1	1	0	1	2	0	326	236	220	185	208	131
"RCHGF000233"	8	10	3	2	0	0	398	399	473	238	283	267
"RCHGF000234"	11	6	11	2	0	5	2489	2342	1993	1458	1743	1307
"RCHGF000235"	77	168	120	60	42	38	19989	24107	13920	12041	15638	13414
"RCHGF000236"	2	5	5	0	3	4	3023	2842	1462	1479	1908	1486
"RCHGF000237"	100	135	76	53	31	36	19410	24666	12159	13918	17125	15715
"RCHGF000238"	6	19	6	6	7	5	10356	7971	8385	5053	6151	4331
"RCHGF000240"	24	59	45	16	14	22	18577	19360	10718	6937	7053	5695
"RCHGF000241"	13	16	9	1	9	4	3196	2523	2403	938	1551	1124
"RCHGF000242"	6	8	7	5	1	2	2214	2393	1718	1026	1184	1001
"RCHGF000243"	55	56	36	24	21	28	15174	15049	18644	5873	7999	6730
"RCHGF000244"	15	16	14	10	3	5	4255	4745	3787	9867	13242	10745
"RCHGF000245"	9	7	19	8	2	4	1882	1903	2329	3041	4049	3250
"RCHGF000246"	27	23	17	4	9	9	4160	4280	3850	3227	4877	4047
"RCHGF000247"	9	9	5	1	3	2	5647	6015	3894	3460	4957	4048
"RCHGF000248"	37	28	20	37	26	7	8762	9311	7965	5267	7451	6488
"RCHGF000249"	31	42	35	18	19	15	17320	17810	19686	17519	22578	21205
"RCHGF000250"	20	28	35	7	9	16	7672	7753	5935	5029	6732	5659
"RCHGF000251"	26	29	17	17	6	6	3348	3989	2254	2275	3647	3298
"RCHGF000252"	56	66	31	18	14	11	6488	6039	3706	3466	6247	5435
"RCHGF000253"	9	15	9	8	4	2	4041	4398	2679	2838	4139	3327
"RCHGF000254"	12	27	22	11	1	7	3773	3424	3087	2194	3666	3013
"RCHGF000255"	3	3	1	0	0	4	439	564	163	54	83	74
"RCHGF000256"	43	36	21	10	2	10	32773	30634	21307	16795	21240	15762
"RCHGF000257"	17	28	6	3	5	2	7857	7836	5141	4099	6112	5159
"RCHGF000258"	1	2	5	1	2	3	2900	2847	2583	1817	2334	1903
"RCHGF000259"	9	30	16	5	3	8	2278	2280	1815	1529	2388	2108
"RCHGF000260"	68	48	50	29	32	28	5978	6195	9519	299752	158022	108826
"RCHGF000261"	35	51	30	12	32	12	2681	2480	1146	970	1106	859
"RCHGF000262"	6	3	6	1	1	1	999	963	743	599	959	743
"RCHGF000263"	9	9	10	5	2	2	1623	1729	1443	1340	1881	1519
"RCHGF000264"	12	10	1	2	3	7	1236	1401	837	596	848	697
"RCHGF000265"	0	0	0	0	0	0	11	14	3	10	10	4
"RCHGF000266"	0	0	2	0	0	0	0	3	4	3	2	0
"RCHGF000267"	1	0	1	0	0	0	14	11	14	11	3	4
"RCHGF000268"	1	1	1	0	0	0	53	51	25	20	13	10
"RCHGF000269"	2	1	0	0	0	1	133	178	81	53	50	53
"RCHGF000270"	2	4	2	0	1	2	497	469	573	420	434	396
"RCHGF000271"	0	0	0	0	0	0	6	36	14	5	12	4
"RCHGF000272"	5	3	1	1	1	5	857	1111	689	993	844	691
"RCHGF000273"	4	3	2	3	4	2	6566	6138	12064	4859	5021	3592
"RCHGF000274"	1	0	0	0	0	0	364	331	246	293	262	242
"RCHGF000275"	1	0	0	0	1	0	76	100	125	78	97	81
"RCHGF000276"	1	1	4	0	0	0	294	311	353	272	297	217
"RCHGF000277"	2	0	1	0	2	0	244	259	177	138	201	109
"RCHGF000279"	15	12	13	6	7	4	7536	4664	6966	3138	4032	3200
"RCHGF000280"	2	3	8	0	0	1	572	681	770	461	534	507
"RCHGF000281"	4	1	3	4	0	3	301	342	425	237	264	209
"RCHGF000282"	8	8	3	0	2	2	535	537	556	517	638	504
"RCHGF000283"	1	7	4	1	0	0	1015	1065	819	627	846	752
"RCHGF000284"	5	2	5	1	4	0	1146	973	1310	1372	1259	988
"RCHGF000285"	1	5	5	0	3	0	513	494	519	518	589	501
"RCHGF000286"	66	117	94	45	38	47	10550	11944	7972	8823	10296	8809
"RCHGF000287"	1	1	2	0	0	3	237	212	98	79	90	59
"RCHGF000288"	17	14	13	8	5	4	5941	6625	5206	4431	6670	5460
"RCHGF000289"	23	24	24	14	6	3	6502	7303	5005	4074	6793	5483
"RCHGF000290"	1	4	5	1	0	2	1002	1104	753	533	672	588
"RCHGF000291"	2	1	0	0	0	0	88	97	72	200	202	114
"RCHGF000292"	5	5	1	1	2	1	3568	3257	3418	2696	4515	3913
"RCHGF000293"	12	17	13	1	2	9	10274	10582	13610	8371	13481	11233
"RCHGF000294"	0	1	0	0	0	0	19	26	38	13	22	20
"RCHGF000295"	11	10	5	5	3	7	2219	2146	1388	1778	2080	1813
"RCHGF000296"	24	12	14	5	8	3	3332	3254	2246	2240	2735	2261
"RCHGF000297"	1	3	1	1	2	0	1355	1517	1042	903	1247	990
"RCHGF000298"	9	3	6	1	1	1	1825	1799	1138	875	1481	1309
"RCHGF000299"	7	25	14	9	8	13	4002	5084	3236	4634	5318	4632
"RCHGF000300"	16	13	11	4	7	7	4507	4629	3576	5293	5532	4444
"RCHGF000301"	4	16	4	0	1	0	1277	1255	1883	713	871	630
"RCHGF000302"	18	14	12	8	1	5	3032	3147	1595	3036	3625	3143
"RCHGF000303"	61	39	21	38	49	22	120717	128465	270980	90514	69451	43228
"RCHGF000304"	4	5	6	1	0	0	385	345	165	1476	1578	1393
"RCHGF000305"	1	3	1	0	0	0	172	225	70	1330	1103	1022
"RCHGF000306"	0	0	0	0	0	0	38	52	22	678	753	563
"RCHGF000307"	8	8	3	7	3	1	2688	2723	2367	2264	3302	2920
"RCHGF000308"	4	0	1	0	0	0	1256	1278	1634	1233	2003	1696
"RCHGF000309"	3	3	1	0	1	0	426	417	252	224	291	226
"RCHGF000310"	2	2	1	3	2	0	1710	1741	1098	665	725	646
"RCHGF000311"	11	9	5	3	0	2	2037	2089	1905	799	1215	1069
"RCHGF000312"	10	10	6	7	9	1	16383	13262	33938	12849	7276	4878
"RCHGF000313"	46	75	35	15	29	16	31557	33824	25430	15168	23842	20111
"RCHGF000314"	12	15	5	3	4	1	4714	4903	4010	2853	5022	4309
"RCHGF000315"	6	10	1	2	0	2	3303	4059	2428	2193	2968	2542
"RCHGF000316"	6	4	3	1	1	1	3073	3473	2145	2461	2927	2360
"RCHGF000317"	0	3	2	0	1	2	692	748	613	713	672	553
"RCHGF000318"	15	9	5	3	6	8	3468	3622	2704	2921	4355	3772
"RCHGF000319"	5	6	1	4	4	5	4465	4014	3585	2297	2709	2442
"RCHGF000320"	8	16	9	4	4	5	5324	5802	3586	3501	4599	3886
"RCHGF000321"	41	46	32	27	17	20	14030	16018	7559	8571	12084	10652
"RCHGF000323"	0	4	4	2	0	0	717	738	974	640	964	751
"RCHGF000324"	1	0	4	0	0	0	57	70	85	2187	3526	2668
"RCHGF000325"	1	2	2	0	0	0	42	49	58	4596	5030	4050
"RCHGF000326"	3	5	3	0	1	1	213	200	209	17855	19036	15851
"RCHGF000327"	0	0	0	1	0	0	59	58	69	3132	1971	1401
"RCHGF000328"	1	1	1	2	2	4	84	115	214	13917	7358	4732
"RCHGF000329"	1	6	3	2	1	2	367	403	196	544	542	497
"RCHGF000330"	4	10	9	1	6	3	365	480	192	506	512	429
"RCHGF000331"	1	5	5	1	0	2	205	172	103	209	251	238
"RCHGF000332"	1	3	0	2	2	1	156	168	102	162	156	145
"RCHGF000333"	2	5	0	1	1	3	2028	2000	1242	1017	1454	1323
"RCHGF000334"	23	14	22	6	8	7	7607	7928	4947	4667	6729	5644
"RCHGF000335"	6	7	4	2	0	0	1601	1668	1024	1373	1699	1374
"RCHGF000336"	4	0	4	4	1	0	732	724	510	526	867	748
"RCHGF000337"	12	10	9	2	5	6	1740	1806	1284	1756	2421	1985
"RCHGF000338"	11	11	8	3	2	3	1483	1437	1021	907	1407	1279
"RCHGF000339"	5	1	3	0	1	0	386	446	666	367	295	227
"RCHGF000340"	0	0	0	1	0	0	214	233	330	96	99	66
"RCHGF000341"	1	0	2	0	0	1	271	324	202	130	154	111
"RCHGF000342"	1	5	0	1	0	2	1639	1431	988	748	1171	1039
"RCHGF000343"	3	7	1	1	0	2	282	254	136	657	747	676
"RCHGF000344"	2	1	0	1	0	2	277	281	318	512	546	452
"RCHGF000345"	2	5	3	1	6	3	956	907	1262	2516	2647	2148
"RCHGF000346"	1	5	0	1	0	0	101	62	106	7802	10315	8408
"RCHGF000347"	1	0	1	2	0	0	81	93	70	4821	4350	3539
"RCHGF000348"	2	2	2	0	2	0	462	422	376	1006	1191	993
"RCHGF000349"	3	4	1	2	2	1	1673	1465	1270	1271	1790	1270
"RCHGF000350"	10	11	12	4	15	5	3276	3060	3578	2087	3227	2564
"RCHGF000351"	2	0	0	1	0	1	523	590	448	301	438	279
"RCHGF000352"	12	6	1	0	3	0	660	733	632	391	636	504
"RCHGF000353"	2	5	2	1	0	0	834	823	724	473	715	518
"RCHGF000354"	2	9	1	1	2	1	1104	1374	582	636	556	656
"RCHGF000355"	0	0	0	0	1	0	9	16	10	15	6	4
"RCHGF000356"	7	10	7	1	1	6	774	794	752	440	721	538
"RCHGF000357"	11	16	32	8	11	11	2429	2547	1593	847	1210	983
"RCHGF000358"	27	27	31	9	18	31	5023	4951	2363	1707	2125	1805
"RCHGF000359"	0	0	0	0	0	0	21	21	13	7	14	1
"RCHGF000360"	5	7	4	2	1	0	875	1056	554	539	675	509
"RCHGF000361"	1	5	0	1	6	2	531	600	159	788	834	719
"RCHGF000362"	4	1	0	1	0	0	344	428	143	536	518	444
"RCHGF000363"	5	1	0	0	0	0	518	541	255	628	637	613
"RCHGF000364"	1	1	0	1	0	0	671	807	352	285	342	294
"RCHGF000365"	6	2	4	0	0	0	2723	2760	1658	1129	1526	1356
"RCHGF000366"	5	7	3	3	1	5	2825	3048	1441	1415	1840	1749
"RCHGF000367"	6	7	6	9	3	1	1850	1874	910	922	1059	932
"RCHGF000368"	2	3	1	4	0	0	786	583	568	831	1409	1003
"RCHGF000369"	13	12	7	0	3	3	1191	1224	1143	1420	2586	2215
"RCHGF000370"	6	6	0	1	2	1	3689	3206	4373	1377	1213	1023
"RCHGF000372"	17	5	6	7	4	6	3661	3325	4349	2769	4684	3803
"RCHGF000373"	1	0	2	0	1	0	212	243	97	234	155	173
"RCHGF000374"	9	9	9	13	0	0	3647	3639	3333	1078	1438	1374
"RCHGF000375"	4	2	1	1	0	1	810	890	452	275	355	322
"RCHGF000377"	2	10	4	0	1	0	2455	1594	1283	275	377	312
"RCHGF000379"	1	1	1	1	2	0	484	498	1813	739	928	1012
"RCHGF000380"	3	1	2	0	0	0	305	304	429	201	172	123
"RCHGF000381"	1	1	1	0	0	0	214	151	209	69	81	61
"RCHGF000382"	4	0	2	6	0	0	177	206	160	129	86	75
"RCHGF000383"	0	1	1	0	0	1	29	89	42	35	26	26
"RCHGF000384"	0	0	0	0	0	0	16	15	23	36	9	32
"RCHGF000385"	4	0	0	0	0	0	130	111	124	168	168	150
"RCHGF000386"	0	0	0	0	0	0	43	47	73	44	37	42
"RCHGF000387"	0	0	0	0	0	0	35	51	32	37	38	22
"RCHGF000388"	0	0	1	0	0	0	52	63	60	52	51	71
"RCHGF000389"	1	1	0	0	0	0	102	84	94	56	49	43
"RCHGF000390"	0	3	0	0	0	0	92	155	99	94	104	100
"RCHGF000391"	18	4	7	0	2	0	1085	1144	1026	397	544	414
"RCHGF000392"	2	0	1	1	0	3	284	315	225	153	176	165
"RCHGF000393"	1	1	2	0	0	3	197	267	145	702	608	497
"RCHGF000394"	2	3	0	0	1	0	194	248	140	526	435	392
"RCHGF000395"	7	7	6	0	7	0	355	443	244	302	283	214
"RCHGF000396"	0	4	7	0	1	0	330	375	203	179	161	167
"RCHGF000397"	0	1	0	0	0	0	120	102	103	92	71	47
"RCHGF000398"	8	7	2	2	0	0	967	986	619	489	501	420
"RCHGF000399"	5	3	1	0	0	4	627	589	250	207	267	233
"RCHGF000400"	1	1	0	0	0	0	30	36	24	24	10	12
"RCHGF000401"	0	0	0	0	0	0	55	45	34	26	27	30
"RCHGF000402"	1	2	1	2	0	0	726	609	837	370	461	366
"RCHGF000403"	1	3	4	1	1	0	1743	1484	1875	1699	1302	1031
"RCHGF000404"	0	0	0	0	0	0	23	21	24	9	4	5
"RCHGF000405"	2	1	0	2	1	0	140	128	99	47	34	32
"RCHGF000406"	0	0	1	0	0	1	141	126	92	54	45	30
"RCHGF000407"	1	4	4	0	0	5	392	427	314	118	92	97
"RCHGF000408"	1	0	2	0	0	0	1308	1172	599	183	203	161
"RCHGF000409"	1	0	2	0	0	0	276	327	266	137	106	95
"RCHGF000410"	1	5	1	0	0	0	784	626	554	2433	1863	1436
"RCHGF000411"	3	4	0	4	1	0	909	759	605	11916	10076	7237
"RCHGF000412"	0	1	0	0	0	0	78	101	93	4413	3949	2741
"RCHGF000413"	5	6	5	3	3	1	2120	2080	2444	2193	1773	1229
"RCHGF000414"	4	1	2	1	3	1	281	265	267	2106	1638	1712
"RCHGF000415"	22	26	22	5	20	7	6612	5478	12452	6622	5549	3272
"RCHGF000416"	30	71	44	18	15	13	7892	8525	5793	5118	7282	6293
"RCHGF000417"	6	8	3	0	6	0	1261	1322	1111	678	964	759
"RCHGF000418"	14	19	10	7	9	5	3780	3731	2962	2289	3500	3143
"RCHGF000419"	6	4	1	1	0	0	792	693	575	443	524	373
"RCHGF000420"	2	3	3	2	6	0	1130	1272	2009	415	347	323
"RCHGF000421"	9	6	13	4	1	1	2022	2050	1472	1215	1378	1201
"RCHGF000422"	0	1	0	0	0	0	109	122	100	105	99	94
"RCHGF000423"	0	1	0	0	0	0	197	229	154	239	180	163
"RCHGF000424"	0	1	2	0	0	0	86	94	79	94	56	62
"RCHGF000425"	0	5	1	0	0	0	136	208	104	194	164	145
"RCHGF000426"	5	2	0	0	0	0	145	175	124	218	232	199
"RCHGF000427"	1	1	1	0	0	0	144	141	107	228	212	171
"RCHGF000428"	0	1	0	0	1	0	62	68	73	74	65	47
"RCHGF000429"	1	2	0	0	0	0	49	86	67	51	37	15
"RCHGF000430"	1	3	0	0	1	0	238	270	208	382	362	327
"RCHGF000431"	2	1	0	0	0	0	127	148	128	400	292	275
"RCHGF000432"	4	0	1	0	0	0	279	200	136	396	398	366
"RCHGF000433"	2	0	0	0	1	0	492	497	289	658	490	480
"RCHGF000434"	0	0	0	1	0	0	129	133	69	183	162	172
"RCHGF000435"	2	3	0	0	0	0	109	139	66	207	155	127
"RCHGF000436"	1	0	0	0	1	0	118	184	51	92	68	64
"RCHGF000437"	17	17	2	1	3	6	2204	3184	998	895	928	906
"RCHGF000438"	8	9	4	3	0	5	2279	3234	1164	928	1253	1035
"RCHGF000439"	6	1	3	1	0	1	939	1188	726	412	540	451
"RCHGF000440"	1	0	0	0	0	0	347	417	141	145	149	119
"RCHGF000441"	11	2	3	1	2	3	1347	1428	1090	1510	2270	2049
"RCHGF000442"	9	21	5	10	4	5	6532	6656	6017	3423	4524	3961
"RCHGF000443"	17	24	9	5	10	10	18887	19437	12234	11814	16121	12360
"RCHGF000444"	0	1	3	0	0	0	2761	2253	2115	1299	1267	920
"RCHGF000445"	1	0	0	0	0	0	364	379	712	279	108	93
"RCHGF000446"	4	3	0	0	0	0	547	465	291	183	287	217
"RCHGF000447"	0	0	0	0	0	0	5	8	5	11	8	11
"RCHGF000448"	0	0	0	0	0	0	3	4	3	11	12	14
"RCHGF000449"	7	10	7	0	8	3	6005	6550	4192	4346	4584	3830
"RCHGF000450"	10	21	12	6	9	1	5032	4726	3918	2981	3846	3436
"RCHGF000451"	0	0	0	0	0	0	5	11	9	4	9	0
"RCHGF000452"	0	1	1	3	0	0	347	396	677	552	341	308
"RCHGF000453"	10	5	7	0	1	1	3870	4297	3124	3166	3352	2551
"RCHGF000454"	1	18	4	4	3	5	3983	4425	4027	3048	4657	3980
"RCHGF000455"	23	36	19	18	4	4	9012	9616	8720	6448	9223	8148
"RCHGF000457"	17	9	5	8	2	5	5940	5488	8186	2402	3219	2523
"RCHGF000459"	3	3	3	0	1	0	919	589	328	221	238	241
"RCHGF000460"	3	4	10	1	1	1	2043	1749	1554	921	1311	1098
"RCHGF000461"	2	3	5	2	1	0	819	800	682	308	323	318
"RCHGF000462"	10	10	7	5	2	5	2689	2346	1787	927	1085	1077
"RCHGF000463"	0	2	1	0	2	0	1077	1084	2110	242	274	180
"RCHGF000464"	4	9	3	2	3	1	2233	1807	2049	809	644	542
"RCHGF000465"	5	8	9	0	0	1	2095	2128	1589	875	1002	865
"RCHGF000466"	8	11	20	7	11	2	7758	7328	6231	3577	4210	3392
"RCHGF000467"	20	15	8	2	6	4	5541	6015	4745	2911	3921	3458
"RCHGF000468"	2	9	1	2	2	4	2077	2053	1656	1192	1964	1729
"RCHGF000469"	3	8	0	1	2	0	718	808	645	425	607	501
"RCHGF000470"	0	2	2	0	1	1	762	776	573	394	666	623
"RCHGF000471"	0	2	5	2	0	0	897	1076	692	564	767	704
"RCHGF000472"	1	2	1	3	2	0	1425	1432	1336	656	922	769
"RCHGF000473"	1	1	0	0	0	0	144	143	87	73	101	52
"RCHGF000474"	3	0	6	0	0	0	441	446	565	197	173	160
"RCHGF000475"	25	32	27	12	11	5	6550	5224	3419	2326	2319	2158
"RCHGF000476"	0	0	0	0	0	0	22	28	22	20	21	4
"RCHGF000477"	2	0	0	0	2	0	1123	1211	608	697	917	793
"RCHGF000478"	8	11	8	8	2	5	4839	5220	3508	2467	3619	2742
"RCHGF000479"	10	4	6	0	1	5	3075	3079	3137	2008	2735	2234
"RCHGF000480"	4	2	11	1	3	2	2944	3249	2574	1771	2068	1832
"RCHGF000481"	3	1	0	1	0	0	263	210	252	105	181	190
"RCHGF000482"	2	1	0	1	2	0	458	432	369	440	528	406
"RCHGF000483"	9	6	3	2	1	1	1188	1349	1039	1163	1324	1094
"RCHGF000484"	3	12	8	3	0	4	7652	7739	6594	3916	5913	4921
"RCHGF000485"	1	0	2	0	0	2	1228	1256	1385	669	1135	991
"RCHGF000486"	0	0	0	0	0	0	13	23	25	2	12	7
"RCHGF000487"	1	0	1	0	0	0	155	174	110	199	164	164
"RCHGF000488"	0	3	2	0	0	0	179	139	69	116	80	75
"RCHGF000489"	7	5	0	0	3	1	404	425	307	270	284	265
"RCHGF000490"	0	0	0	0	0	0	50	87	36	17	51	36
"RCHGF000491"	5	12	4	1	1	0	1084	1286	717	623	758	648
"RCHGF000492"	10	9	10	8	10	4	2194	2213	1404	2306	1975	1905
"RCHGF000493"	2	3	3	0	0	0	283	275	203	206	234	292
"RCHGF000494"	18	13	14	8	3	5	6015	5777	7936	3081	3417	2694
"RCHGF000495"	0	2	10	3	1	0	1049	1032	496	712	527	442
"RCHGF000496"	0	0	1	1	0	0	900	1152	669	579	634	602
"RCHGF000497"	2	1	2	0	1	0	625	768	403	388	467	445
"RCHGF000498"	16	11	5	2	7	3	3319	4032	1592	1618	2078	1974
"RCHGF000499"	6	3	2	1	2	2	2995	3531	1540	1655	1791	1918
"RCHGF000500"	2	17	9	2	8	4	3544	3803	2136	2049	2691	2607
"RCHGF000501"	6	14	9	2	0	0	1429	1465	1348	1043	1244	1095
"RCHGF000502"	1	4	1	1	5	0	1974	2467	1426	1443	1729	1559
"RCHGF000503"	2	3	5	0	2	3	936	1005	560	539	671	652
"RCHGF000504"	9	11	11	5	2	0	3149	3597	1641	4860	4417	4098
"RCHGF000505"	17	19	7	5	5	5	2287	2378	1790	3375	4048	3364
"RCHGF000506"	0	0	0	0	0	0	38	56	36	15	23	17
"RCHGF000507"	0	1	1	0	0	0	449	405	385	176	214	163
"RCHGF000508"	1	1	0	0	3	1	987	886	1304	388	523	362
"RCHGF000509"	0	0	2	0	0	0	73	61	86	41	25	9
"RCHGF000510"	0	1	1	0	0	0	29	42	44	7	7	9
"RCHGF000512"	0	0	0	0	1	0	168	176	172	137	185	126
"RCHGF000513"	14	14	11	1	1	0	2039	2208	1760	1855	2776	2385
"RCHGF000514"	8	3	1	0	0	0	721	795	630	567	1000	934
"RCHGF000515"	0	2	2	0	0	0	442	481	326	263	460	376
"RCHGF000516"	2	0	2	0	0	0	154	174	111	173	236	161
"RCHGF000517"	6	0	1	0	0	0	851	1007	1027	846	1040	1018
"RCHGF000518"	0	4	1	0	0	0	391	438	203	1453	1116	874
"RCHGF000519"	7	0	2	1	0	0	647	756	476	438	509	450
"RCHGF000520"	0	3	5	0	0	0	644	639	287	466	635	465
"RCHGF000521"	1	2	1	0	1	0	920	1144	543	664	894	759
"RCHGF000522"	0	1	4	1	1	0	607	760	276	483	416	380
"RCHGF000523"	1	0	3	0	0	0	247	272	147	147	279	188
"RCHGF000524"	0	0	2	0	0	0	1007	795	804	280	316	254
"RCHGF000526"	0	0	0	0	0	0	124	89	154	20	14	28
"RCHGF000527"	0	0	0	0	0	0	99	87	88	50	32	14
"RCHGF000528"	7	2	0	0	1	0	294	337	319	89	164	99
"RCHGF000529"	1	0	0	0	0	0	319	320	385	143	146	136
"RCHGF000530"	5	10	3	4	5	6	9131	7086	21599	4482	5228	3801
"RCHGF000531"	3	3	3	0	1	1	313	281	311	118	98	73
"RCHGF000532"	1	4	5	2	0	0	325	308	246	120	121	93
"RCHGF000533"	3	2	3	2	0	0	934	1002	632	263	290	220
"RCHGF000534"	4	2	4	3	1	4	724	845	1096	351	334	237
"RCHGF000535"	35	25	23	20	18	12	8681	7909	7601	4488	4529	3152
"RCHGF000536"	2	1	1	0	0	0	270	221	141	149	106	76
"RCHGF000537"	8	13	11	5	2	3	2672	2762	3955	1942	2287	1714
"RCHGF000538"	2	3	3	0	0	0	240	305	214	74	75	80
"RCHGF000539"	14	7	8	1	2	0	3040	3147	1737	2125	2619	2211
"RCHGF000540"	13	17	8	3	5	3	6290	6271	5187	3511	4514	4285
"RCHGF000541"	1	9	2	3	1	1	1292	1293	942	542	777	569
"RCHGF000542"	8	10	8	2	1	0	372	435	224	191	235	188
"RCHGF000543"	1	3	9	3	0	0	683	733	454	489	493	447
"RCHGF000544"	8	4	3	2	1	2	1394	1423	1316	1152	1415	1109
"RCHGF000545"	14	10	17	12	7	8	6662.83	5722.12	9637.18	2107	1749	1590.43
"RCHGF000546"	0	0	0	0	0	0	6	3	7	0	0	0
"RCHGF000547"	1	8	2	1	0	0	166	164	176	3235	1730	1524
"RCHGF000548"	0	0	0	0	0	0	68	57	98	63	120	102
"RCHGF000549"	1	0	0	1	0	0	81	71	63	81	81	66
"RCHGF000550"	0	0	0	1	1	0	195	198	109	292	269	247
"RCHGF000551"	0	0	0	0	0	0	133	144	124	123	98	101
"RCHGF000552"	1	4	2	0	0	4	1096	1156	1240	410	321	264
"RCHGF000553"	3	0	0	0	0	0	45	68	31	112	99	82
"RCHGF000554"	2	0	1	2	0	0	315	340	176	290	276	212
"RCHGF000555"	0	0	1	0	0	0	49	73	43	43	52	26
"RCHGF000556"	1	1	1	1	2	0	358	467	229	182	188	202
"RCHGF000557"	0	2	3	0	0	0	838	785	653	680	1025	838
"RCHGF000558"	3	2	5	0	0	1	443	490	434	399	569	446
"RCHGF000559"	8	5	3	1	0	0	597	489	707	448	631	604
"RCHGF000560"	3	6	2	0	0	0	1388	1338	1228	1076	1285	1013
"RCHGF000561"	0	0	1	0	0	0	390	470	348	312	283	220
"RCHGF000562"	0	0	1	2	0	1	152	165	74	117	165	149
"RCHGF000563"	4	5	2	1	0	1	2592	2553	3351	2045	2513	2113
"RCHGF000564"	5	3	0	0	0	0	390	383	233	2504	2640	2333
"RCHGF000565"	5	4	1	1	1	1	1496	1350	1326	1081	1260	969
"RCHGF000566"	0	2	2	3	0	0	324	317	264	243	308	254
"RCHGF000567"	3	2	4	0	2	0	794	869	663	519	985	757
"RCHGF000568"	7	10	9	3	4	1	1775	1863	1154	1417	1771	1492
"RCHGF000569"	29	34	45	12	12	16	5664	5760	3064	3776	4409	3174
"RCHGF000570"	10	14	11	2	11	4	896	1000	581	657	946	779
"RCHGF000571"	60	68	76	32	23	32	5678	6147	2711	4230	4653	3934
"RCHGF000572"	4	5	5	1	0	0	1365	1490	1599	735	947	727
"RCHGF000573"	23	36	40	9	8	13	12000	12816	7564	10270	13044	11312
"RCHGF000574"	23	40	18	16	7	11	6071	6406	4352	4404	6676	5475
"RCHGF000575"	12	8	8	1	10	7	2485	2446	1676	1010	856	741
"RCHGF000576"	3	4	0	1	2	3	1004	1086	536	1803	2990	2525
"RCHGF000577"	3	5	0	0	2	0	425	395	184	1250	1860	1502
"RCHGF000578"	0	6	9	0	2	0	1008	1091	440	2970	4546	3780
"RCHGF000579"	12	17	8	4	2	5	1400	1480	1210	987	1039	965
"RCHGF000580"	2	0	2	0	1	3	313	320	330	263	294	229
"RCHGF000581"	15	19	21	10	7	7	3150	3144	3066	2008	2133	1744
"RCHGF000582"	1	5	1	1	0	0	219	245	138	775	730	651
"RCHGF000583"	0	1	2	2	0	1	3017	2661	2998	2458	2477	1987
"RCHGF000584"	1	1	0	0	2	2	1066	1030	1332	889	938	797
"RCHGF000585"	1030	1348	1250	482	506	465	110782	123413	95952	35646	46686	37695
"RCHGF000586"	3	1	3	1	0	0	800	847	970	666	1045	789
"RCHGF000587"	2	3	4	4	0	0	832	916	866	617	902	667
"RCHGF000588"	1	0	0	0	0	0	482	439	381	72	52	46
"RCHGF000589"	4	7	7	1	0	2	1879	1605	2991	1367	1154	886
"RCHGF000590"	1	3	4	0	0	0	203	147	205	131	119	130
"RCHGF000592"	8	20	11	10	7	12	3211	3403	2830	2795	2459	2198
"RCHGF000594"	3	8	3	1	7	1	4031	4287	6560	2692	2733	2014
"RCHGF000595"	4	0	3	24	3	2	4452	4098	9311	3060	3936	2699
"RCHGF000596"	0	0	0	1	0	0	59	42	245	17	149	118
"RCHGF000597"	1	0	0	0	0	4	336	197	1189	6	697	321
"RCHGF000598"	10	2	0	1	1	3	5506	4679	11383	2776	5203	3572
"RCHGF000599"	5	0	1	2	0	1	3821	3834	9455	3470	4079	2588
"RCHGF000600"	2	1	0	1	5	1	4472	4421	9750	3976	3816	2553
"RCHGF000601"	5	3	3	2	0	2	3237	2433	7011	1536	3132	2144
"RCHGF000602"	6	15	6	0	2	0	5255	4386	11671	4193	5027	3546
"RCHGF000603"	2	3	1	0	1	1	1545	1462	3734	1254	1551	1071
"RCHGF000604"	6	6	7	11	9	4	4963	4460	7848	4352	4700	3296
"RCHGF000605"	2	10	10	3	3	1	3919	3362	5546	3242	3041	2087
"RCHGF000606"	3	8	6	3	0	2	4642	3491	6510	3074	3536	2354
"RCHGF000607"	2	3	1	0	3	1	7365	7257	9791	2331	2861	2015
"RCHGF000608"	4	1	2	0	0	1	2978	2625	3834	881	1217	895
"RCHGF000609"	8	1	0	2	1	1	3962	3488	7043	1578	2034	1398
"RCHGF000610"	2	3	0	1	1	0	3558	3231	5455	1314	1625	1006
"RCHGF000611"	1	2	0	0	0	0	803	684	1793	596	793	608
"RCHGF000612"	9	2	1	6	2	2	3898	3575	7911	1851	2315	1373
"RCHGF000613"	10	2	0	5	3	1	2493	804	7984	261	2614	1674
"RCHGF000614"	1	3	2	2	0	2	3632	3491	6715	1651	1646	1117
"RCHGF000615"	6	4	5	2	0	0	4318	3193	8934	1132	1978	1307
"RCHGF000616"	0	3	0	0	1	1	1558	1221	2225	499	548	362
"RCHGF000617"	2	5	5	4	0	1	3001	2395	2281	814	638	493
"RCHGF000618"	13	19	20	3	11	8	8542	6791	9833	2226	2425	1710
"RCHGF000619"	28	33	34	15	19	14	29914	26342	20800	15846	13430	9276
"RCHGF000620"	24	7	11	5	7	6	4216	3859	4620	1923	1928	1527
"RCHGF000621"	2	3	1	0	1	0	211	159	417	106	122	60
"RCHGF000622"	0	0	0	0	0	0	3	4	14	1	3	3
"RCHGF000623"	3	0	0	0	0	0	218	136	261	66	97	63
"RCHGF000624"	1	0	0	0	0	0	139	129	106	36	18	29
"RCHGF000625"	0	3	0	0	0	0	28	39	71	26	15	7
"RCHGF000626"	1	4	4	1	0	0	832	579	739	181	310	210
"RCHGF000627"	21	18	8	7	13	11	8006.94	9119.16	6446.15	3286.29	3328.85	2788.43
"RCHGF000628"	0	0	0	3	0	0	21.2688	15.7438	10	2	4	2
"RCHGF000629"	1	4	0	1	0	3	171.906	178.466	127.706	67.0063	39	38
"RCHGF000631"	0	5	5	5	0	2	1858	1557	2482	803	1197	926
"RCHGF000632"	1	3	4	0	1	3	2216	1883	2000	936	1098	882
"RCHGF000633"	0	0	0	0	0	0	14	10	20	20	12	8
"RCHGF000634"	1	0	0	0	0	0	136	121	138	99	85	75
"RCHGF000635"	19	7	12	3	9	6	1530	1737	1142	1112	1912	1482
"RCHGF000636"	46	51	32	17	14	15	4230	4918	2181	3327	5271	4378
"RCHGF000637"	1	6	2	1	1	0	1648	1671	1023	1473	3056	2454
"RCHGF000638"	7	3	2	0	9	0	2218	2656	1602	2181	3647	2982
"RCHGF000639"	1	5	0	3	3	0	797	827	675	5164	6808	5079
"RCHGF000640"	0	0	0	2	1	1	418	382	312	374	401	326
"RCHGF000641"	13	9	8	2	7	2	4191	4263	3165	2522	3729	3398
"RCHGF000642"	17	12	21	3	8	4	4064	3542	3353	2559	3930	3017
"RCHGF000643"	5	13	8	3	5	1	6994	5827	7072	4515	3192	2472
"RCHGF000644"	0	0	0	0	0	0	48	38	41	7	6	8
"RCHGF000645"	0	3	4	1	1	0	1172	1321	952	442	577	498
"RCHGF000646"	2	5	0	1	0	0	140	221	90	33632	6428	8383
"RCHGF000647"	5	12	8	0	2	0	794	734	318	3440	2305	2344
"RCHGF000648"	3	2	3	4	2	1	468	490	196	1703	1410	1346
"RCHGF000649"	0	0	0	0	1	0	23	16	10	40	27	17
"RCHGF000650"	7	9	5	1	0	3	633	720	266	604	538	540
"RCHGF000651"	0	0	1	0	0	0	14	16	5	15	37	19
"RCHGF000652"	3	1	1	0	0	6	847	660	761	616	378	357
"RCHGF000653"	2	0	0	0	0	0	26	85	6	4	10	3
"RCHGF000654"	3	0	2	0	0	2	476	486	255	157	194	176
"RCHGF000655"	4	3	1	0	1	0	341	477	453	196	162	186
"RCHGF000656"	0	0	0	0	1	1	64	86	138	63	38	24
"RCHGF000657"	3	2	1	2	0	3	681	733	464	345	293	258
"RCHGF000658"	0	0	0	0	0	0	4	10	5	3	0	2
"RCHGF000659"	12	31	19	13	12	4	5102	5061	4385	4064	4315	3306
"RCHGF000660"	1	3	1	0	0	0	451	395	353	127	181	163
"RCHGF000661"	1	1	0	1	0	0	985	1012	1008	328	323	263
"RCHGF000662"	0	0	0	0	0	0	64	66	42	21	30	21
"RCHGF000663"	3	12	0	1	0	0	453	496	207	150	151	118
"RCHGF000664"	74	94	57	31	42	35	5291	6203	2326	1510	1817	1716
"RCHGF000665"	1	4	2	0	0	0	304	412	406	207	220	139
"RCHGF000666"	6	3	2	0	0	5	473	463	394	164	234	162
"RCHGF000667"	6	7	6	1	1	0	731	854	588	534	542	433
"RCHGF000668"	4	13	3	7	1	1	3036	3067	2712	1971	2496	2219
"RCHGF000669"	0	0	0	0	0	0	1	8	4	3	2	1
"RCHGF000670"	1	4	1	0	1	0	721	660	531	305	342	308
"RCHGF000671"	0	0	0	0	0	0	3	12	14	2	2	1
"RCHGF000672"	1	7	3	1	0	0	770	979	707	495	522	440
"RCHGF000673"	0	1	2	0	0	0	264	309	193	134	179	118
"RCHGF000674"	0	0	1	0	0	0	35	56	44	20	28	11
"RCHGF000675"	27	41	41	10	9	14	9717	10825	5211	3542	4210	3491
"RCHGF000676"	0	1	2	1	0	0	610	699	319	1176	1155	872
"RCHGF000677"	8	8	11	1	2	6	1297	1451	904	1095	1294	1020
"RCHGF000678"	5	12	8	0	2	6	1728	1720	1566	1234	1838	1372
"RCHGF000679"	0	0	0	0	0	0	72	57	24	14	9	16
"RCHGF000680"	16	16	9	6	11	7	1989	2022	1464	1142	1287	1174
"RCHGF000681"	3	0	6	0	0	0	338	350	369	246	306	194
"RCHGF000682"	2	3	2	1	0	1	685	710	516	427	546	385
"RCHGF000683"	4	26	4	5	4	1	1005	1194	614	528	635	461
"RCHGF000684"	0	0	1	0	0	0	65	56	41	32	20	34
"RCHGF000685"	22	36	14	19	12	23	4151	3802	2703	3073	4034	3417
"RCHGF000686"	21	18	9	8	10	4	4547	4515	3773	3634	5341	4457
"RCHGF000687"	1	16	3	2	1	0	855	1023	782	367	505	370
"RCHGF000688"	4	8	6	2	0	1	877	824	554	520	582	527
"RCHGF000689"	0	2	0	0	0	0	117	109	32	32	32	43
"RCHGF000690"	6	1	3	1	0	2	858	907	605	394	494	440
"RCHGF000691"	0	1	0	0	0	0	68	82	83	947	804	540
"RCHGF000692"	1	4	0	0	0	0	141	143	97	80	84	52
"RCHGF000693"	2	1	2	0	0	0	175	158	120	125	78	80
"RCHGF000694"	0	0	0	0	0	0	41	31	23	16	10	17
"RCHGF000695"	0	0	0	0	4	0	90	129	68	38	25	34
"RCHGF000696"	2	1	0	0	0	3	48	56	29	44	10	24
"RCHGF000697"	5	12	15	0	1	1	890	1017	730	588	618	590
"RCHGF000698"	3	1	3	1	0	0	333	408	187	181	225	186
"RCHGF000699"	3	9	2	0	1	1	306	259	195	459	514	514
"RCHGF000700"	1	2	3	0	0	3	342	371	252	230	339	256
"RCHGF000701"	4	15	1	7	2	4	1441	1537	2147	1020	1698	1356
"RCHGF000702"	9	4	1	1	0	2	558	673	340	785	1062	916
"RCHGF000703"	1	0	2	1	0	0	111	159	108	246	342	259
"RCHGF000704"	0	0	2	0	1	1	206	208	145	439	615	457
"RCHGF000705"	1	0	0	2	0	0	186	180	159	117	128	122
"RCHGF000706"	5	0	8	0	1	0	331	334	229	323	466	388
"RCHGF000707"	4	3	6	4	0	0	474	516	300	607	659	620
"RCHGF000708"	31	21	12	8	4	18	11764	10652	7437	6970	7134	5871
"RCHGF000709"	0	0	0	0	3	0	415	476	496	1385	1704	1534
"RCHGF000710"	21	15	2	6	2	3	9525	10034	8065	54934	83179	72854
"RCHGF000711"	17	16	5	12	0	0	10892	12694	7864	68812	94236	81354
"RCHGF000712"	5	2	0	0	2	1	4803	4542	6114	13335	25254	23732
"RCHGF000713"	5	0	0	6	0	3	7488	7638	6865	20900	28119	25393
"RCHGF000714"	1	2	3	0	2	0	244	215	245	207	297	247
"RCHGF000715"	3	3	5	1	1	1	424	457	281	892	1143	1101
"RCHGF000716"	1	0	1	0	0	0	1989	1641	938	685	760	631
"RCHGF000717"	1	2	0	0	0	0	718	618	579	681	1041	858
"RCHGF000718"	0	5	2	2	1	0	634	489	700	587	902	668
"RCHGF000719"	1	0	1	0	0	0	1975	1545	1695	1817	2364	1737
"RCHGF000720"	6	1	0	0	0	0	380	448	282	404	546	422
"RCHGF000721"	5	1	1	1	0	0	189	199	177	205	306	229
"RCHGF000722"	2	0	3	0	1	0	187	187	169	202	263	236
"RCHGF000723"	3	2	0	4	0	1	457	505	380	491	697	546
"RCHGF000724"	3	0	0	2	0	0	473	510	494	306	449	381
"RCHGF000725"	4	2	6	2	3	1	632	627	483	297	408	300
"RCHGF000726"	2	5	1	0	1	0	232	241	171	108	138	120
"RCHGF000727"	5	1	2	0	1	2	1289	1492	738	623	756	623
"RCHGF000728"	59	41	70	13	16	22	16204	18734	9406	5544	7397	6092
"RCHGF000729"	24	27	19	16	19	10	4063	3765	2905	2880	3730	3174
"RCHGF000730"	7	12	2	0	5	0	149	138	125	97	85	57
"RCHGF000731"	8	10	6	1	0	1	2284	2078	2488	1487	2164	1866
"RCHGF000732"	2	11	5	1	3	0	941	1017	836	574	732	602
"RCHGF000733"	0	0	0	0	1	0	11	23	4	5	10	13
"RCHGF000734"	1	2	2	2	2	0	146	161	120	469	347	300
"RCHGF000735"	1	3	9	0	1	0	1324	1074	1278	498	604	423
"RCHGF000736"	48	95	65	14	18	21	5613	7073	2529	5031	6744	6014
"RCHGF000737"	18	45	25	12	20	3	2258	2426	1144	2139	2514	2031
"RCHGF000738"	18	31	36	17	5	16	2010	2451	1299	1906	2270	1838
"RCHGF000739"	0	1	3	0	1	0	575	648	464	409	633	443
"RCHGF000740"	3	1	6	0	0	2	614	752	285	149	140	121
"RCHGF000741"	7	8	5	0	3	0	2377	2251	750	722	913	736
"RCHGF000742"	0	2	0	0	0	0	296	389	97	90	93	48
"RCHGF000743"	0	0	1	0	1	0	680	778	379	1424	1633	1188
"RCHGF000744"	0	1	1	0	0	0	55	63	23	2315	3009	2299
"RCHGF000745"	1	2	2	0	0	0	153	160	88	3298	3114	2382
"RCHGF000746"	2	0	0	1	0	0	36	69	63	16516	13860	10825
"RCHGF000747"	6	7	0	3	0	0	245	317	187	33105	29844	24048
"RCHGF000748"	0	0	0	0	0	0	79	64	48	1246	984	816
"RCHGF000749"	1	2	7	1	0	2	572	587	331	1157	954	742
"RCHGF000750"	16	16	3	1	9	0	1720	2093	1741	935	1056	800
"RCHGF000751"	0	0	3	0	1	0	352	283	572	152	156	148
"RCHGF000752"	0	0	0	0	0	0	18	21	15	22	14	10
"RCHGF000753"	1	2	1	0	2	1	141	231	154	99	39	32
"RCHGF000754"	0	0	0	0	0	0	11	32	4	9	2	2
"RCHGF000755"	5	10	0	0	0	1	311	318	246	233	259	232
"RCHGF000756"	2	3	7	2	1	0	274	227	291	235	256	208
"RCHGF000757"	0	0	0	0	0	0	20	42	23	10	11	7
"RCHGF000758"	3	2	4	7	4	4	2235	2074	3523	1999	2161	1536
"RCHGF000759"	0	0	0	0	0	0	146	178	131	135	214	139
"RCHGF000760"	6	6	1	0	0	0	856	713	1029	642	1091	810
"RCHGF000762"	9	8	7	3	0	5	2649	2812	2275	921	1245	1098
"RCHGF000763"	0	0	0	0	0	0	287	264	268	171	195	146
"RCHGF000764"	2	5	4	0	3	3	880	872	766	537	407	342
"RCHGF000765"	8	12	5	3	6	2	988	1241	605	526	546	540
"RCHGF000766"	6	0	2	0	0	0	265	289	214	178	185	171
"RCHGF000767"	0	0	2	1	1	0	242	191	144	171	117	112
"RCHGF000769"	0	0	1	0	0	0	92	123	27	33	51	51
"RCHGF000770"	2	4	0	0	0	0	258	222	193	272	222	223
"RCHGF000771"	13	10	5	2	0	4	995	928	750	308	508	440
"RCHGF000772"	7	7	5	4	1	1	1250	1400	548	584	739	700
"RCHGF000773"	12	19	28	11	6	8	2917	3122	2246	2220	2603	2296
"RCHGF000774"	11	17	12	2	0	2	1661	1755	1113	1147	1346	1315
"RCHGF000775"	22	32	24	12	6	6	1489	1693	999	56653	40201	46576
"RCHGF000776"	6	2	0	0	0	3	178	235	110	989	748	663
"RCHGF000777"	5	5	1	0	1	1	587	579	2054	506	563	411
"RCHGF000778"	0	0	0	0	0	0	1326	1271	929	404	544	388
"RCHGF000779"	1	6	2	4	3	1	2272	2257	2238	2876	2636	2437
"RCHGF000780"	2	1	1	0	0	0	650	562	435	389	327	244
"RCHGF000781"	0	0	0	0	0	0	17	31	22	9	11	10
"RCHGF000782"	2	0	0	0	0	0	5	14	17	3	6	5
"RCHGF000783"	2	0	3	3	0	0	487	423	998	169	221	172
"RCHGF000784"	2	0	3	0	1	1	588	633	317	163	229	153
"RCHGF000785"	42	45	19	17	18	15	25966	21714	30196	6316	11173	8462
"RCHGF000786"	31	56	37	18	15	21	11712	11510	3774	711	1136	859
"RCHGF000787"	9	11	5	2	2	0	671	633	477	934	1020	738
"RCHGF000788"	0	3	2	0	3	0	404	462	387	620	670	450
"RCHGF000789"	3	0	1	0	1	0	126	148	115	115	114	123
"RCHGF000790"	0	0	0	0	0	0	46	42	32	26	26	22
"RCHGF000791"	10	17	13	10	4	7	865	958	408	374	386	355
"RCHGF000792"	0	0	1	0	0	0	26	21	10	8	10	8
"RCHGF000793"	1	1	2	2	0	0	128	119	108	82	63	65
"RCHGF000794"	3	11	4	2	1	4	816	791	512	460	597	548
"RCHGF000795"	2	9	3	3	4	2	698	678	519	461	581	441
"RCHGF000796"	1	4	8	0	3	4	500	638	447	481	489	378
"RCHGF000797"	4	0	0	0	0	0	129	147	122	102	109	102
"RCHGF000798"	1	3	0	0	2	0	152	194	187	126	129	124
"RCHGF000799"	0	0	0	0	0	0	39	70	60	19	34	35
"RCHGF000800"	10	24	12	11	5	4	3997	4650	3570	2525	3414	3078
"RCHGF000801"	0	0	2	0	0	0	108	141	140	63	107	81
"RCHGF000802"	1	0	5	1	0	0	728	809	735	396	479	375
"RCHGF000803"	26	55	28	18	4	5	4250	4568	3548	3845	4540	3851
"RCHGF000804"	4	7	3	2	0	2	696	722	1172	404	525	415
"RCHGF000805"	0	2	0	2	1	0	258	271	312	419	412	340
"RCHGF000806"	3	8	9	2	2	1	901	1020	576	912	1227	938
"RCHGF000807"	4	15	18	6	3	6	1887	2228	905	1684	2004	1601
"RCHGF000808"	0	1	0	0	0	0	24	37	23	16	11	23
"RCHGF000809"	28	53	31	23	18	14	7062	7570	6643	4727	5732	4947
"RCHGF000810"	41	46	34	8	9	25	3913	4303	3826	6800	6869	5604
"RCHGF000811"	0	3	1	1	2	1	824	789	1295	420	387	374
"RCHGF000812"	1	0	0	0	0	0	26	25	19	7	2	1
"RCHGF000813"	0	0	0	0	0	0	14	11	7	8	3	5
"RCHGF000814"	2	2	1	0	0	0	324	447	190	151	110	114
"RCHGF000815"	0	0	0	0	0	0	60	54	35	12	10	4
"RCHGF000816"	16	25	18	5	3	7	4512	4819	2474	2312	2485	2027
"RCHGF000817"	1	1	4	0	0	0	249	232	201	119	111	74
"RCHGF000818"	0	1	1	1	0	1	92	118	58	42	57	34
"RCHGF000819"	16	33	20	8	5	15	4258	4554	4983	1631	2059	1783
"RCHGF000820"	0	0	0	0	0	0	64	68	49	14	15	15
"RCHGF000821"	0	0	0	0	0	0	51	67	49	20	20	8
"RCHGF000822"	27	24	18	11	10	10	2741	2690	2459	1461	2318	2004
"RCHGF000823"	19	28	12	17	8	9	6220	6207	4495	3283	3358	2848
"RCHGF000824"	3	2	5	1	0	1	2305	2009	3059	325	521	416
"RCHGF000825"	12	10	8	0	0	4	1670	2075	899	437	424	354
"RCHGF000826"	0	0	0	1	0	0	162	143	112	66	47	45
"RCHGF000827"	1	1	0	0	0	0	98	150	82	76	51	54
"RCHGF000828"	1	0	0	0	0	0	88	128	77	85	56	51
"RCHGF000829"	0	1	0	0	0	0	187	190	125	93	71	50
"RCHGF000830"	4	1	1	0	0	0	219	241	161	151	81	103
"RCHGF000831"	0	0	0	0	0	1	219	253	155	97	96	68
"RCHGF000832"	2	0	1	0	0	0	200	200	134	115	63	66
"RCHGF000833"	1	0	0	0	0	0	112	99	122	24	22	21
"RCHGF000834"	0	2	0	0	0	1	142	143	307	32	20	26
"RCHGF000835"	0	4	0	0	0	0	259	322	474	52	44	57
"RCHGF000836"	0	3	0	2	0	0	74	90	82	54	66	53
"RCHGF000837"	1	6	0	3	0	1	460	441	342	375	414	374
"RCHGF000838"	0	0	0	0	0	0	18	15	14	9	4	0
"RCHGF000839"	0	0	0	0	0	0	17	32	33	8	2	4
"RCHGF000840"	12	17	7	5	2	3	1851	2405	1347	1125	1465	1279
"RCHGF000841"	5	5	2	3	3	2	676	784	458	404	435	391
"RCHGF000842"	56	102	85	41	30	34	3741	4066	983	898	685	544
"RCHGF000843"	22	41	50	17	21	34	2571	2811	729	496	508	388
"RCHGF000844"	2	7	9	0	0	0	166	253	92	112	105	93
"RCHGF000845"	5	6	5	3	1	6	622	529	386	1177	1284	1069
"RCHGF000846"	0	0	1	0	3	2	342	386	320	303	237	233
"RCHGF000847"	0	0	1	1	0	0	148	254	163	125	125	127
"RCHGF000848"	2	4	2	0	0	0	162	203	177	123	153	105
"RCHGF000849"	4	9	2	1	1	3	516	600	320	380	474	432
"RCHGF000850"	0	4	1	1	0	0	312	311	167	205	202	251
"RCHGF000851"	2	2	0	0	0	2	249	282	254	129	147	104
"RCHGF000852"	4	2	3	1	0	1	273	282	210	138	153	121
"RCHGF000853"	4	4	2	1	0	0	726	729	796	344	366	285
"RCHGF000855"	12	15	4	4	4	8	1216	1194	847	980	1170	903
"RCHGF000856"	0	0	0	0	0	0	7	2	16	14	10	4
"RCHGF000857"	0	0	0	0	0	0	42	23	17	17	15	27
"RCHGF000858"	0	0	0	0	0	0	23	47	4	11	5	10
"RCHGF000860"	1	1	1	0	2	1	350	358	195	127	89	107
"RCHGF000861"	0	1	1	0	0	0	135	124	79	24	28	26
"RCHGF000862"	0	0	0	0	0	0	239	234	189	173	180	127
"RCHGF000863"	1	1	2	0	1	0	346	421	172	183	253	212
"RCHGF000864"	4	2	0	1	1	1	187	232	130	116	139	109
"RCHGF000865"	10	8	2	2	3	0	286	328	254	393	355	260
"RCHGF000866"	0	0	4	0	0	0	206	317	163	117	160	118
"RCHGF000867"	5	5	4	2	2	2	633	695	694	1970	2031	1477
"RCHGF000868"	0	2	2	2	0	4	319	338	192	388	466	327
"RCHGF000869"	4	5	4	2	1	0	530	482	205	934	1021	742
"RCHGF000870"	6	4	6	0	1	1	371	473	142	633	630	482
"RCHGF000871"	4	5	5	1	1	1	536	605	283	900	1002	828
"RCHGF000872"	1	1	2	3	0	0	122.323	131.292	126.434	66.3197	42.4024	34.047
"RCHGF000873"	0	0	2	0	0	0	19	27.0667	7	5	11	19
"RCHGF000874"	0	0	0	0	0	0	34	16	15	8	10	12
"RCHGF000875"	0	0	0	0	0	0	133	112	82	53	58	58
"RCHGF000876"	4	2	0	3	0	0	343	270	258	195	180	141
"RCHGF000877"	0	1	0	0	0	0	39	48	22	11	14	9
"RCHGF000878"	0	0	0	0	0	0	63	52	49	53	36	31
"RCHGF000879"	2	0	1	1	1	1	201	244	184	136	143	128
"RCHGF000880"	0	1	1	0	0	0	440	385	405	347	363	362
"RCHGF000881"	2	3	4	2	0	0	638	634	543	491	786	577
"RCHGF000882"	0	1	0	0	0	0	5	17	4	7	1	0
"RCHGF000883"	0	2	0	0	1	0	74	69	39	35	38	28
"RCHGF000884"	12	5	12	1	1	4	1990	2254	1160	1750	2405	2442
"RCHGF000885"	13	9	3	0	1	0	1727	1575	1204	1522	2445	2190
"RCHGF000886"	0	0	0	0	0	0	24	41	6	4	6	1
"RCHGF000887"	8	10	6	1	1	0	475	475	423	324	342	303
"RCHGF000888"	20	16	10	0	4	11	2850	2896	2773	998	1428	1126
"RCHGF000889"	22	33	8	10	12	6	2970	3891	1329	1472	1675	1481
"RCHGF000890"	0	0	0	0	0	0	32	47	50	20	13	16
"RCHGF000891"	2	5	4	1	0	2	799	880	666	265	348	318
"RCHGF000892"	0	5	0	0	0	0	142	127	248	41	29	40
"RCHGF000893"	1	2	2	0	0	0	317	359	220	157	149	172
"RCHGF000894"	0	0	0	0	0	0	29	24	14	3	7	8
"RCHGF000895"	0	0	0	0	0	0	19	30	13	13	10	15
"RCHGF000896"	0	1	0	0	1	0	81	114	48	36	44	42
"RCHGF000897"	3	10	1	0	1	0	377	396	226	191	200	209
"RCHGF000898"	2	4	8	3	0	2	616	920	412	378	327	373
"RCHGF000899"	54	72	37	21	29	17	6289	7345	29293	4327	4418	3987
"RCHGF000900"	6	6	1	0	1	0	244	278	152	120	116	101
"RCHGF000901"	1	5	5	4	3	1	1400	1396	1347	552	752	549
"RCHGF000902"	5	1	1	1	1	0	188	215	205	61	80	57
"RCHGF000903"	4	3	2	3	1	0	483	446	309	189	188	149
"RCHGF000904"	4	7	1	1	4	0	819	868	621	1220	1735	1477
"RCHGF000905"	7	7	1	0	1	0	1332	1543	904	1905	2843	2534
"RCHGF000906"	4	4	3	4	1	0	934	1080	583	1269	1646	1426
"RCHGF000907"	25	21	27	17	4	16	2223	2144	1823	1389	1622	1217
"RCHGF000908"	29	49	37	14	5	4	4421	4006	2853	2116	2998	2580
"RCHGF000909"	0	7	1	1	0	0	272	273	213	208	247	177
"RCHGF000910"	5	6	8	0	0	0	2176	2379	1659	1747	2346	2339
"RCHGF000911"	11	5	8	1	4	6	3322	3824	2385	3051	4334	4354
"RCHGF000912"	8	8	9	3	7	1	1883	2231	1274	1023	1290	1136
"RCHGF000913"	16	18	13	3	2	0	945	1162	471	524	634	607
"RCHGF000914"	10	7	8	2	4	1	3650	4218	3521	4257	5200	4285
"RCHGF000915"	16	18	9	7	4	3	4119	3843	5307	2355	2671	2199
"RCHGF000916"	6	2	6	8	4	4	702	639	466	15422	5111	3031
"RCHGF000917"	20	35	19	11	13	10	1790	1867	1253	789	994	913
"RCHGF000918"	3	5	15	6	1	1	1121	1255	730	541	547	506
"RCHGF000919"	212	300	253	87	106	99	18456	18568	9323	5360	6800	6424
"RCHGF000920"	8	9	5	4	2	6	883	873	809	621	780	632
"RCHGF000921"	11	7	17	4	0	1	3542	3767	2141	2808	3287	2853
"RCHGF000922"	3	3	5	1	4	2	1270	1321	2280	1203	1230	926
"RCHGF000923"	22	36	19	17	9	13	6458	5183	11719	5254	5578	3987
"RCHGF000924"	12	13	3	10	0	1	281	298	224	101836	60730	79746
"RCHGF000925"	3	3	0	1	0	0	13	18	31	11818	6270	8120
"RCHGF000926"	0	0	0	0	0	0	29	11	37	2607	1294	1634
"RCHGF000927"	92	131	88	46	44	37	17670	21191	6502	6538	6509	5642
"RCHGF000928"	20	14	25	14	10	8	4572	5030	3029	1354	1353	1252
"RCHGF000929"	7	11	12	6	2	2	907	1021	721	2275	960	596
"RCHGF000930"	4	3	1	2	2	3	564	670	327	223	248	240
"RCHGF000931"	6	8	3	3	4	1	424	590	277	222	196	128
"RCHGF000932"	59	89	70	18	21	28	3593	4216	1470	1497	2027	1652
"RCHGF000933"	18	12	10	2	2	0	1598	1742	933	932	1287	1048
"RCHGF000935"	5	20	5	6	2	1	949	760	546	471	524	462
"RCHGF000936"	10	16	19	1	7	6	2490	2086	2204	1073	784	649
"RCHGF000937"	0	2	0	0	0	0	125	136	77	89	31	41
"RCHGF000938"	31	43	41	13	17	19	6367	4913	4953	2816	2868	1976
"RCHGF000939"	0	0	3	0	0	0	390	380	193	121	160	131
"RCHGF000940"	2	1	0	2	0	1	534	557	337	234	297	216
"RCHGF000941"	5	8	2	1	1	0	1050	1054	597	334	401	410
"RCHGF000942"	0	0	0	0	0	0	256	204	171	115	103	68
"RCHGF000944"	1	2	2	1	0	0	551	460	407	522	407	408
"RCHGF000945"	9	7	14	11	1	0	972	1001	836	745	1147	937
"RCHGF000946"	37	53	32	13	16	15	5115	5830	3646	4076	5260	4397
"RCHGF000947"	2	2	1	0	1	0	1481	728	1522	588	462	340
"RCHGF000948"	6	13	22	9	10	1	2194	2187	1670	1360	1373	1071
"RCHGF000949"	930	1072	1049	448	445	437	83626	79055	44858	14875	19066	15644
"RCHGF000950"	3	1	0	2	0	0	442	554	358	1186	1568	1637
"RCHGF000951"	3	0	0	1	0	0	98	68	26	475	393	366
"RCHGF000952"	3	2	2	2	1	1	1418	1179	885	636	749	513
"RCHGF000953"	0	1	1	1	1	0	425	387	278	230	181	169
"RCHGF000954"	0	0	0	1	1	0	436	394	359	290	315	230
"RCHGF000955"	3	5	2	1	1	2	855	1166	1036	713	1202	1111
"RCHGF000956"	6	4	5	0	2	7	1700	1751	1629	1466	2274	1823
"RCHGF000957"	0	0	0	0	0	0	178	233	286	189	285	243
"RCHGF000958"	3	7	7	5	3	1	3765	4006	5520	2179	3002	2240
"RCHGF000960"	3	3	1	0	1	0	2726	2310	2010	1023	907	800
"RCHGF000961"	0	1	5	1	0	0	524	568	544	316	344	284
"RCHGF000962"	495	630	617	246	205	172	176521	202033	101345	119175	175825	157356
"RCHGF000963"	1	0	1	0	0	0	114	158	138	5547	4433	3692
"RCHGF000964"	24	50	26	14	14	14	5086	4898	5392	6745	6238	4660
"RCHGF000965"	5	4	2	1	1	0	427	460	401	221	242	209
"RCHGF000966"	5	1	0	0	0	0	91	122	113	38.0108	38	24
"RCHGF000967"	0	1	0	0	0	0	160.02	163.016	103.015	96.0126	106.006	99.0049
"RCHGF000968"	0	1	0	0	0	0	212	235	108	50	63	57
"RCHGF000969"	2	2	2	0	1	0	3771	2972	3184	844	769	738
"RCHGF000970"	40	53	51	23	21	34	29477	28093	18865	14334	17962	18802
"RCHGF000971"	7	14	4	4	2	2	7318	6700	7266	3487.99	5147	4920
"RCHGF000972"	42	27	14	17	28	18	57136	52690	86968	13231	14681	13199
"RCHGF000973"	47	31	21	6	9	2	3901	4228	2498	1892	2349	2055
"RCHGF000974"	0	1	6	1	1	1	118	139	169	81	64	55
"RCHGF000975"	3	1	3	0	1	0	350	359	390	172	155	127
"RCHGF000976"	7	14	5	11	5	2	1173	1242	1318	606	652	585
"RCHGF000977"	154	235	171	93	90	83	25163	27726	14604	9979	13113	11867
"RCHGF000978"	8	10	6	7	0	9	8549	7309	4878	2492	3567	3128
"RCHGF000979"	0	0	0	0	0	0	2	0	2	0	0	8
"RCHGF000980"	7	12	9	6	4	4	3380	2920	2784	2000	2313	2016
"RCHGF000981"	0	0	1	0	0	0	444	408	359	293	274	206
"RCHGF000982"	1	0	1	2	2	1	193	200	133	301	346	371
"RCHGF000983"	14	14	8	6	5	4	1614	1751	1548	2908	2822	2371
"RCHGF000984"	29	49	39	14	10	21	3876	4145	2863	6292	6265	5541
"RCHGF000985"	7	1	3	3	0	0	1602	1803	1337	1725	2109	1715
"RCHGF000986"	1	0	0	0	0	0	54	55	43	43	37	25
"RCHGF000987"	3	9	1	2	0	0	179	175	152	268	258	272
"RCHGF000988"	4	3	0	0	1	0	132	176	82	113	83	111
"RCHGF000989"	3	11	5	3	4	2	760	815	361	647	737	666
"RCHGF000990"	0	2	2	2	0	2	1008	946	1045	405	569	482
"RCHGF000991"	1	1	3	0	0	1	353	351	236	126	118	114
"RCHGF000993"	1	2	2	2	1	0	185	183	205	223	116	97
"RCHGF000994"	2	0	0	0	0	1	9	23	10	13	3	4
"RCHGF000995"	1	0	0	0	0	0	88	155	81	113	88	62
"RCHGF000996"	0	1	0	0	0	0	54	50	34	49	29	45
"RCHGF000997"	0	0	1	0	1	0	138	129	92	107	78	100
"RCHGF000998"	2	3	0	0	2	1	149	155	91	97	37	42
"RCHGF000999"	0	5	0	0	0	1	131	142	110	73	71	52
"RCHGF001000"	0	0	0	1	0	0	135	123	106	60	48	54
"RCHGF001001"	1	2	0	0	0	0	53	28	33	36	19	16
"RCHGF001002"	0	2	1	1	0	0	54	69	57	25	12	18
"RCHGF001003"	0	2	1	0	0	0	140	136	93	148	107	81
"RCHGF001004"	0	0	0	0	0	0	67	106	70	82	48	59
"RCHGF001005"	0	0	0	0	0	0	32	43	46	25	16	14
"RCHGF001006"	1	0	0	2	0	0	85	87	95	65	39	56
"RCHGF001007"	0	2	0	0	0	0	108	138	112	88	36	48
"RCHGF001008"	0	0	0	0	1	0	45	18	20	15	23	8
"RCHGF001009"	0	0	2	0	0	0	84	74	53	16	16	19
"RCHGF001010"	3	4	2	0	2	0	364	375	275	215	285	267
"RCHGF001011"	5	3	1	0	0	1	126	155	156	88	57	43
"RCHGF001012"	0	5	0	0	0	0	84	93	81	45	44	39
"RCHGF001013"	1	1	3	0	2	0	123	138	123	77	62	48
"RCHGF001014"	1	1	2	1	0	0	110	137	98	72	59	48
"RCHGF001015"	5	0	0	0	0	0	155	213	143	83	72	71
"RCHGF001016"	11	11	4	3	0	1	3193	3456	1591	940	1057	1008
"RCHGF001017"	13	13	9	2	3	9	4556	4206	3278	1274	1266	1086
"RCHGF001018"	0	2	8	0	0	0	123	180	163	72	44	32
"RCHGF001019"	0	2	1	1	1	0	373	380	331	138	180	154
"RCHGF001020"	1	5	1	2	0	0	345	423	331	173	196	192
"RCHGF001021"	0	0	0	1	0	0	141	151	193	53	58	41
"RCHGF001022"	1	3	0	0	0	0	170	200	154	87	83	64
"RCHGF001023"	4	1	5	0	1	0	226	252	196	105	106	90
"RCHGF001024"	1	1	0	1	0	0	112	160	92	60	47	54
"RCHGF001025"	0	0	0	1	0	0	33	48	31	10	19	22
"RCHGF001026"	3	0	2	0	0	0	124	171	111	74	44	40
"RCHGF001027"	5	0	1	1	0	0	109	91	88	125	98	85
"RCHGF001028"	4	2	1	0	2	0	109	133	116	179	122	108
"RCHGF001029"	3	0	0	0	0	0	80	53	60	85	63	55
"RCHGF001030"	7	5	19	8	3	5	747	852	533	404	463	386
"RCHGF001031"	0	6	2	0	0	1	396	433	278	174	125	141
"RCHGF001032"	8	10	7	4	4	3	830	803	517	362	425	424
"RCHGF001033"	4	4	6	4	0	5	723	703	198	316	323	294
"RCHGF001034"	19	13	17	6	4	5	1315	1501	419	701	709	610
"RCHGF001035"	4	1	5	0	0	0	222	222	71	78	124	76
"RCHGF001036"	18	7	13	2	0	0	2524	2638	1641	1285	1498	1193
"RCHGF001037"	4	4	0	4	1	0	1053	825	925	574	822	685
"RCHGF001038"	35	30	23	17	16	12	6176	5857	4011	7326	8068	7314
"RCHGF001039"	26	39	21	15	13	9	5315	5301	5367	5305	6670	6249
"RCHGF001040"	50	62	55	28	17	27	11224	11891	19538	8228	9117	8290
"RCHGF001041"	2	3	2	1	0	5	323	442	236	273	293	238
"RCHGF001042"	2	8	4	2	1	0	558	605	396	525	463	418
"RCHGF001043"	8	20	9	2	9	0	1302	1466	1524	468	491	453
"RCHGF001044"	1	0	0	0	1	0	427	351	393	135	115	89
"RCHGF001045"	4	6	2	1	0	3	996	1117	535	455	681	540
"RCHGF001046"	7	4	3	2	0	2	768	862	538	473	631	571
"RCHGF001047"	0	3	1	1	0	0	298	324	232	177	203	183
"RCHGF001048"	2	2	1	0	0	0	190	200	134	96	96	91
"RCHGF001049"	7	2	3	0	0	2	809	876	421	415	302	246
"RCHGF001050"	3	2	2	0	0	0	642	731	356	519	614	522
"RCHGF001051"	5	2	0	0	0	0	159	147	156	152	189	133
"RCHGF001052"	2	3	3	2	2	0	546	612	487	1034	902	599
"RCHGF001053"	5	1	5	2	1	0	315	282	227	140	149	145
"RCHGF001054"	0	0	0	0	1	0	25	34	26	6	8	14
"RCHGF001055"	0	1	3	1	0	0	170	188	114	67	75	73
"RCHGF001056"	38	37	24	24	10	6	3279	3251	2583	1890	2584	2176
"RCHGF001057"	32	40	51	17	8	5	5393	7345	3194	3196	3894	3687
"RCHGF001058"	57	48	60	43	18	40	8188	8996	6019	5267	7653	7196
"RCHGF001059"	3	2	3	3	3	1	733	818	649	659	823	801
"RCHGF001060"	16	29	21	9	4	12	4679	5040	3916	3233	4390	3954
"RCHGF001061"	5	6	1	1	0	1	1249	1313	846	663	670	640
"RCHGF001062"	10	14	13	6	12	7	4003	4493	9423	2739	3442	2494
"RCHGF001063"	49	61	47	40	25	22	54496	48004	69316	23013	25011	19429
"RCHGF001064"	19	16	13	4	4	8	16413	17612	7195	13350	10127	8625
"RCHGF001065"	0	0	0	0	0	0	574	639	631	792	435	342
"RCHGF001066"	0	0	0	0	0	0	11	9	6	0	2	1
"RCHGF001067"	4	1	0	0	0	0	138	128	275	33	62	19
"RCHGF001068"	1	4	0	0	1	0	175	201	93	74	79	63
"RCHGF001069"	1	2	1	0	0	1	265	298	132	93	100	91
"RCHGF001070"	1	1	0	1	0	0	137	139	122	59	100	48
"RCHGF001071"	3	0	3	0	3	0	374	462	215	229	203	157
"RCHGF001072"	0	0	0	0	0	0	68	64	45	28	16	18
"RCHGF001073"	0	0	0	0	0	0	71	85	42	28	34	19
"RCHGF001074"	9	5	0	4	0	0	193	247	192	95	127	76
"RCHGF001075"	11	11	0	5	0	0	609	630	450	216	185	139
"RCHGF001076"	4	1	1	0	0	5	222	193	334	94	127	96
"RCHGF001077"	6	1	4	4	0	2	704	673	512	1358	1344	1113
"RCHGF001078"	13	9	7	11	2	5	2751	2832	1558	1452	1894	1765
"RCHGF001079"	5	6	4	4	3	2	8124	8100	7440	2119	2775	2585
"RCHGF001080"	0	0	2	0	0	0	109	112	75	142	113	113
"RCHGF001081"	1	2	1	0	0	0	76	87	64	93	104	76
"RCHGF001082"	5	3	0	0	0	0	101	117	117	75	46	38
"RCHGF001083"	0	5	1	0	12	0	120	144	157	80	44	51
"RCHGF001084"	5	0	6	3	2	1	459	360	978	517	456	312
"RCHGF001085"	6	7	2	0	0	0	432	521	371	255	338	257
"RCHGF001086"	0	2	0	1	2	0	59	45	54	21	53	36
"RCHGF001087"	1	2	0	1	3	2	402	396	365	207	222	134
"RCHGF001088"	12	19	25	5	11	2	2006	2418	1525	333	361	322
"RCHGF001089"	11	13	11	5	5	1	2247	2407	2914	1166	1128	785
"RCHGF001090"	2	1	1	0	0	2	94	158	74	38	46	18
"RCHGF001091"	5	2	1	1	0	1	2092	1672	1565	805	813	640
"RCHGF001092"	6	1	0	0	0	0	342	400	227	130	138	93
"RCHGF001093"	0	5	0	0	0	0	191	273	117	100	78	93
"RCHGF001094"	4	1	1	1	1	1	1092	1491	972	810	906	862
"RCHGF001095"	1	4	0	1	0	0	512	469	521	196	187	169
"RCHGF001096"	0	4	2	0	4	0	521	713	307	175	115	100
"RCHGF001097"	0	0	0	0	0	0	46	54	44	17	8	15
"RCHGF001098"	2	4	2	0	0	0	203	256	111	85	65	48
"RCHGF001099"	2	1	2	0	0	0	95	115	52	26	35	23
"RCHGF001100"	0	1	0	0	0	0	74	84	68	9	9	11
"RCHGF001101"	2	1	0	0	0	0	247	263	185	70	65	34
"RCHGF001102"	13	18	21	4	2	2	2818	3252	2089	1765	2519	2276
"RCHGF001103"	8	18	5	5	7	0	941	939	971	541	648	477
"RCHGF001104"	2	1	3	0	0	0	505	560	314	290	292	295
"RCHGF001105"	3	6	9	2	1	2	2133	2131	1642	1240	1354	1029
"RCHGF001106"	16	7	15	3	13	2	5492	5710	2373	2404	2955	2151
"RCHGF001107"	8	9	11	4	2	8	7225	7183	4878	3554	5857	5100
"RCHGF001108"	33	33	23	24	42	22	48949	51762	75679	11883	16521	13724
"RCHGF001109"	0	0	0	0	0	0	17	35	12	2	8	0
"RCHGF001110"	6	18	11	0	2	6	1045	1042	504	477	474	544
"RCHGF001111"	4	14	2	6	2	1	684	787	422	3638	3667	3315
"RCHGF001112"	0	0	0	1	0	0	98	148	59	8083	3496	4183
"RCHGF001113"	7	8	14	3	7	1	941	1015	327	1205	1065	947
"RCHGF001114"	6	7	2	2	1	3	182	245	94	230	161	149
"RCHGF001115"	10	5	4	3	3	4	496	620	308	416	423	377
"RCHGF001116"	13	18	13	6	6	4	1727	1587	794	684	1086	889
"RCHGF001117"	12	12	9	1	2	4	3165	2938	1185	1461	1177	921
"RCHGF001118"	9	4	21	8	0	2	1849	2281	1115	1608	928	718
"RCHGF001119"	7	6	2	2	4	0	3078	2507	4791	1310	1536	1140
"RCHGF001120"	6	8	16	1	2	3	3012	3276	1615	1526	1970	1774
"RCHGF001121"	0	0	0	0	0	0	36	31	15	7	23	14
"RCHGF001122"	2	3	4	2	4	0	358	435	156	204	208	202
"RCHGF001123"	37	30	29	4	21	13	2026	2416	652	696	732	728
"RCHGF001126"	0	1	0	0	0	0	145	157	55	20	8	14
"RCHGF001127"	18	11	6	2	1	2	3298	3343	2564	1610	2109	1935
"RCHGF001128"	0	0	0	0	0	0	36	45	29	35	16	14
"RCHGF001129"	1	3	0	1	0	0	442	381	553	230	272	223
"RCHGF001130"	2	6	1	0	0	0	376	342	264	317	296	264
"RCHGF001131"	0	4	0	2	0	0	242	159	197	126	159	109
"RCHGF001132"	0	2	0	0	0	0	161	196	126	68	78	73
"RCHGF001133"	2	3	1	0	1	0	183	185	129	57	70	79
"RCHGF001134"	0	0	1	0	0	0	103	92	30	37	22	20
"RCHGF001135"	0	3	0	0	0	0	56	51	137	17	15	16
"RCHGF001136"	6	12	9	0	6	5	2648	2558	2429	1688	2415	1935
"RCHGF001137"	0	0	0	0	0	0	204	219	182	77	106	98
"RCHGF001138"	19	10	8	0	15	2	1642.71	1673.5	1663.4	572.174	516.253	495.335
"RCHGF001139"	11	3	0	0	0	0	274	306	264	140	158	154
"RCHGF001140"	13	14	19	1	3	5	4270	5251	2765	2106	2575	2360
"RCHGF001141"	19	33	33	13	5	14	8407	10545	5254	3944	4881	4289
"RCHGF001142"	20	40	27	9	15	16	2491	2570	1490	407	369	339
"RCHGF001143"	146	167	146	103	81	71	111122	95538	151194	13108	11017	9932
"RCHGF001144"	40	60	25	23	20	20	5802	4968	4975	2047	2558	2350
"RCHGF001145"	0	0	0	0	0	0	93	115	67	93	66	47
"RCHGF001146"	0	0	0	3	0	0	291	235	207.426	89	55	44
"RCHGF001147"	0	0	0	0	0	0	13	17	4	15	12	20
"RCHGF001148"	0	4	0	6	0	0	118	188	64	89	80	56
"RCHGF001149"	21	21	29	18	13	10	5260	4756	4602	2569	2507	1794
"RCHGF001150"	65	98	51	36	29	30	9890	9483	8741	3426	3327	2383
"RCHGF001152"	15	23	7	3	1	6	1390	1495	1017	986	1365	1227
"RCHGF001153"	31	39	31	7	10	7	3334	3596	1986	3066	4825	4153
"RCHGF001154"	1	8	2	3	1	4	308	373	280	423	593	483
"RCHGF001155"	12	13	13	4	9	5	1395	1660	754	1360	1804	1496
"RCHGF001156"	2	6	0	0	1	1	161	177	101	251	300	211
"RCHGF001157"	1	0	0	0	0	0	59	61	73	99	118	107
"RCHGF001158"	25	14	26	7	9	16	6448	5549	9783	2422	2073	1630
"RCHGF001159"	1	4	6	1	4	0	448	479	229	302	346	388
"RCHGF001160"	9	10	5	7	7	5	1515	1416	2337	926	1056	929
"RCHGF001161"	18	17	25	5	8	2	1358	1347	1070	918	1151	1187
"RCHGF001162"	2	3	4	0	0	0	236	257	105	86	148	156
"RCHGF001163"	1	0	0	0	0	2	87	92	169	45	74	62
"RCHGF001164"	1	4	8	3	0	0	887	619	449	227	270	241
"RCHGF001165"	3	11	6	0	0	0	522	583	398	356	331	291
"RCHGF001166"	2	5	0	1	0	4	493	514	281	218	202	168
"RCHGF001167"	3	1	1	0	0	0	229	242	161	107	96	86
"RCHGF001168"	0	0	0	0	0	0	1	5	1	0	0	2
"RCHGF001169"	10	8	0	1	0	0	252	285	235	37645	41511	33382
"RCHGF001170"	7	22	0	4	2	2	144	216	232	16897	19557	15230
"RCHGF001171"	0	3	0	0	0	0	138	171	137	1404	1404	1262
"RCHGF001172"	5	10	7	2	1	1	1108	1192	1851	390	517	428
"RCHGF001173"	53	81	71	17	24	38	13211	13561	4679	5102	7326	5733
"RCHGF001174"	13	5	15	4	3	1	17339	23441	10141	646	859	609
"RCHGF001176"	16	8	4	3	0	2	4793.19	4885.59	2373.53	1951.66	2494.83	1939.71
"RCHGF001178"	7	1	0	1	0	0	1570	1224	2796	1021	1176	939
"RCHGF001179"	1	0	5	0	0	0	1996	1637	2207	1085	1055	839
"RCHGF001180"	0	7	1	0	0	0	997	1214	885	803	819	782
"RCHGF001181"	1	0	0	0	0	0	476	596	340	332	485	459
"RCHGF001182"	5	9	2	0	0	0	2182	1950	1481	952	1089	822
"RCHGF001183"	28	26	20	12	9	8	18833	16503	20363	7986	7868	5992
"RCHGF001184"	20	50	37	12	8	8	3039	3140	5932	2038	1913	1620
"RCHGF001185"	16	17	23	4	4	10	1228	1076	809	799	636	563
"RCHGF001186"	1	3	1	1	8	0	224	154	315	114	193	179
"RCHGF001187"	0	0	0	0	0	0	60	57	59	32	40	30
"RCHGF001188"	0	1	0	1	0	0	72	90	66	61	35	47
"RCHGF001189"	5	1	0	0	1	0	415	376	247	158	79	69
"RCHGF001190"	3	4	1	0	0	0	153	153	122	31	19	42
"RCHGF001191"	1	4	2	0	1	0	147	159	90	129	96	92
"RCHGF001192"	0	7	0	0	2	1	145	161	79	106	94	68
"RCHGF001193"	1	0	0	0	0	0	55	61	49	53	35	26
"RCHGF001195"	5	3	3	3	1	4	969	921	672	622	847	770
"RCHGF001196"	5	4	13	1	2	5	2380	2392	2013	1844	2317	1737
"RCHGF001197"	0	1	0	0	0	0	47	46	18	10	7	8
"RCHGF001198"	9	11	5	0	1	3	1188	1346	951	944	1232	959
"RCHGF001199"	36	38	29	7	7	21	3137	3388	1851	2042	2988	2701
"RCHGF001200"	21	13	11	6	4	7	827	1098	319	481	637	627
"RCHGF001201"	0	2	0	0	0	0	18	11	5	16	4	1
"RCHGF001202"	8	13	10	5	1	6	1140	1022	921	1015	1242	977
"RCHGF001203"	9	9	3	5	0	6	282	301	167	355	367	298
"RCHGF001204"	8	12	9	5	4	4	507	617	264	438	438	303
"RCHGF001205"	0	0	0	0	0	0	8	20	6	14	7	10
"RCHGF001206"	0	0	0	0	0	0	84	79	49	23	22	9
"RCHGF001207"	20	30	50	11	12	10	1353.32	1448.28	332	546	339	252
"RCHGF001208"	555	692	708	375	315	292	29727.7	37338.7	10715	13319	8510	6330
"RCHGF001209"	21	29	28	9	16	6	4814	4902	2910	2047	3241	2570
"RCHGF001210"	17	18	23	11	4	10	4101	4249	3021	2391	3140	2685
"RCHGF001211"	0	14	5	4	0	1	872	1078	279	305	432	367
"RCHGF001212"	3	8	5	0	1	2	976	1016	585	728	925	760
"RCHGF001213"	2	6	2	0	0	0	464	387	1071	569	779	698
"RCHGF001214"	0	0	0	0	0	0	41	65	21	10	8	2
"RCHGF001215"	3	6	2	1	2	4	1046	993	808	1267	1187	942
"RCHGF001216"	0	2	0	0	0	0	100	109	10	42	39	19
"RCHGF001217"	0	0	3	0	0	0	13	8	4	11	7	6
"RCHGF001218"	0	0	0	0	0	0	103	98	60	23	37	13
"RCHGF001219"	5	1	1	0	2	1	723	784	696	244	205	163
"RCHGF001220"	4	1	3	4	0	0	520	618	344	286	288	238
"RCHGF001221"	0	0	1	0	0	0	308	272	146	168	142	104
"RCHGF001222"	1	7	1	0	0	0	205	214	143	111	129	67
"RCHGF001223"	2	8	1	0	0	0	346	433	254	109	88	81
"RCHGF001224"	2	1	1	1	0	1	317	292	118	202	135	153
"RCHGF001225"	3	6	2	1	3	2	650	789	363	569	535	455
"RCHGF001226"	0	0	0	3	0	0	111	116	82	234	237	197
"RCHGF001227"	0	0	0	1	0	0	96	93	71	124	80	109
"RCHGF001228"	0	1	0	0	2	3	69	78	34	198	148	136
"RCHGF001229"	2	0	1	0	0	0	120	127	78	83	59	34
"RCHGF001230"	0	0	0	0	0	0	68	68	45	32	22	20
"RCHGF001231"	1	9	1	1	0	0	77	71	62	48	40	31
"RCHGF001232"	4	2	2	0	0	1	143	190	111	195	105	105
"RCHGF001233"	1	0	0	0	0	0	58	58	41	63	16	18
"RCHGF001234"	0	0	0	1	0	0	20	35	16	23	9	13
"RCHGF001235"	2	3	7	3	2	0	1209	1427	371	372	570	593
"RCHGF001236"	8	9	6	2	7	4	873	792	365	714	2164	2451
"RCHGF001237"	5	7	7	2	2	4	450	466	199	422	1125	1627
"RCHGF001238"	7	3	2	3	2	3	354	355	171	282	949	1266
"RCHGF001239"	18	31	34	7	4	4	2332	2351	1009	2366	6675	8809
"RCHGF001240"	3	16	4	1	2	1	592	592	315	518	1727	2275
"RCHGF001241"	9	5	7	0	0	2	840	829	510	974	3165	3520
"RCHGF001242"	9	10	15	3	8	0	1952	2093	955	2135	6769	8136
"RCHGF001243"	4	11	6	6	6	4	1282	1273	827	1334	3762	4492
"RCHGF001244"	15	21	13	13	9	4	3235	3306	1546	2441	6682	8040
"RCHGF001245"	5	11	0	2	2	1	1616	1353	625	1153	3417	3865
"RCHGF001246"	6	3	6	4	1	5	1390	1253	826	858	2712	3182
"RCHGF001247"	7	17	5	3	9	4	2761	2485	1250	1395	4227	4497
"RCHGF001248"	5	3	1	0	1	4	1606	1490	646	800	1691	1696
"RCHGF001249"	0	0	0	0	0	0	750	395	759	416	1034	902
"RCHGF001250"	5	1	0	1	3	0	143	162	96	1648	1929	1676
"RCHGF001251"	2	3	0	1	2	0	131	140	99	3000	3386	3147
"RCHGF001252"	1	6	2	1	1	0	257	306	171	4158	5570	5109
"RCHGF001253"	0	0	0	0	0	0	2	3	4	17	11	10
"RCHGF001254"	8	9	7	4	1	1	899	851	691	1369	1536	1305
"RCHGF001255"	11	24	13	10	3	6	3800	3851	2756	3359	4230	3684
"RCHGF001256"	94	91	76	32	30	38	13361	12863	28720	21991	28709	25510
"RCHGF001257"	0	0	0	0	0	0	26	38	13	14	11	15
"RCHGF001258"	13	4	8	1	6	3	751	791	1122	793	1050	819
"RCHGF001259"	6	13	3	4	2	3	5007	5334	5705	6871	8951	7262
"RCHGF001260"	13	5	12	2	5	1	3044	2954	3887	4582	6742	5913
"RCHGF001261"	1	4	0	3	0	0	311	361	212	229	287	251
"RCHGF001262"	46	75	47	15	21	15	6584.68	6391.64	4170.57	2314.68	2584.6	2241.95
"RCHGF001263"	0	0	0	0	0	0	14	27	10	3	2	8
"RCHGF001264"	8	16	4	5	7	2	1055	1051	570	499	571	410
"RCHGF001265"	0	2	2	0	2	0	229	292	185	117	133	119
"RCHGF001266"	5	6	2	2	0	0	182	183	173	143	102	99
"RCHGF001267"	0	0	3	2	0	0	36	38	31	26	25	18
"RCHGF001268"	1	2	0	0	0	0	195	196	141	95	151	134
"RCHGF001269"	1	2	5	1	0	0	790	747	352	988	1060	929
"RCHGF001270"	40	52	50	20	17	30	6445	7158	3091	10521	11183	9641
"RCHGF001271"	14	19	15	7	10	12	2381	2829	1172	4408	4143	3378
"RCHGF001272"	1	3	5	1	1	0	574	513	486	401	415	379
"RCHGF001273"	1	3	4	0	9	1	1837	1915	792	957	1064	895
"RCHGF001274"	3	5	4	1	1	0	677	778	269	269	309	229
"RCHGF001275"	6	3	2	0	2	1	1579	1736	1000	906	1212	956
"RCHGF001276"	13	18	10	6	3	3	2475	2733	1494	1847	2251	1837
"RCHGF001277"	1	2	0	4	0	0	113	120	84	75	33	32
"RCHGF001278"	0	0	0	0	0	0	8	8	3	0	3	3
"RCHGF001279"	3	5	4	3	1	0	1367	1364	915	504	625	563
"RCHGF001280"	7	14	12	8	5	2	2793	3233	1351	1132	1300	1015
"RCHGF001281"	35	25	47	9	7	8	7510	6684	5206	13491	14073	10664
"RCHGF001282"	6	11	11	0	2	2	1968	1832	1317	1477	1741	1382
"RCHGF001283"	1	0	4	0	0	0	1055	743	570	448	453	255
"RCHGF001284"	0	1	1	1	2	3	1667	1300	2079	759	969	637
"RCHGF001285"	5	9	8	1	0	0	375	425	256	315	304	282
"RCHGF001286"	1	2	8	1	1	0	291	381	159	266	255	246
"RCHGF001287"	8	3	1	5	0	2	504	693	295	522	543	429
"RCHGF001288"	1	1	1	0	0	1	307	408	154	200	192	177
"RCHGF001289"	7	1	0	0	0	2	237	239	128	76	126	106
"RCHGF001290"	0	0	1	0	0	2	110	115	103	42	50	46
"RCHGF001291"	0	5	3	0	0	0	178	222	118	86	105	68
"RCHGF001292"	0	2	1	0	0	0	53	53	45	11	41	20
"RCHGF001293"	22	23	24	15	7	3	2273	2240	1158	5446	6078	5557
"RCHGF001294"	5	14	17	3	1	6	1412	1404	798	3799	3987	3363
"RCHGF001295"	13	21	11	4	1	2	1332	1393	976	4063	4720	4129
"RCHGF001296"	4	1	0	2	0	1	728	670	569	2642	2751	2167
"RCHGF001297"	0	0	0	0	0	0	0	4	3	0	0	2
"RCHGF001298"	2	4	4	0	0	0	411	425	302	626	652	504
"RCHGF001299"	1	0	0	0	1	1	500	463	502	155	160	147
"RCHGF001300"	1	1	0	0	0	0	92	85	73	42	14	25
"RCHGF001301"	20	18	9	7	3	5	1244	1363	794	708	910	858
"RCHGF001302"	8	7	4	7	2	1	492	558	324	370	474	462
"RCHGF001303"	10	5	5	4	1	0	2316.88	1958.16	2840.21	1191.95	962.346	781
"RCHGF001304"	2	2	3	1	0	0	804	872	1074	371	275	245
"RCHGF001305"	0	8	1	1	1	0	913	892	512	762	877	803
"RCHGF001306"	0	0	0	0	0	0	14	3	3	0	8	4
"RCHGF001307"	3	0	2	0	0	0	182	190	110	266	246	206
"RCHGF001308"	0	0	0	0	0	0	189	234	153	451	429	367
"RCHGF001309"	0	3	2	0	0	1	126	131	88	183	136	108
"RCHGF001310"	1	0	1	0	0	0	112	176	79	195	214	193
"RCHGF001311"	1	5	1	0	0	0	213	291	131	266	306	240
"RCHGF001312"	4	5	1	0	0	0	234	229	179	316	261	229
"RCHGF001313"	17	29	11	9	4	4	2199	2244	1196	1326	1146	972
"RCHGF001314"	9	6	8	1	3	2	1477	1714	684	652	707	656
"RCHGF001315"	5	10	9	2	0	2	1305	1341	605	473	671	595
"RCHGF001316"	38	60	27	10	15	12	7476	7370	4482	4075	5689	5509
"RCHGF001317"	7	6	15	1	2	7	3844	3909	7179	773	1157	995
"RCHGF001318"	2	1	1	0	0	2	630	670	328	315	414	256
"RCHGF001319"	0	0	1	0	0	0	81	82	34	51	10	22
"RCHGF001320"	8	22	21	4	5	9	2987	3874	1441	1380	1644	1487
"RCHGF001321"	82	133	84	37	35	49	13407	15069	6839	5855	7550	6844
"RCHGF001322"	8	10	15	0	2	8	1177	1179	413	605	553	559
"RCHGF001323"	1	3	0	0	0	0	16	14	6	8	6	3
"RCHGF001324"	0	0	0	0	0	0	32	25	10	13	22	14
"RCHGF001325"	120	121	128	32	45	46	5124	5814	1998	3712	3198	2923
"RCHGF001326"	31	52	43	33	23	33	3384	3326	1034	3420	2709	2180
"RCHGF001327"	216	321	224	95	99	77	14225	17158	2412	4715	4102	3541
"RCHGF001328"	691	899	769	279	264	268	33520	40656	8117	9076	9160	7289
"RCHGF001329"	0	0	1	0	0	3	112	128	8	36	4	6
"RCHGF001330"	25	19	19	8	5	4	1889	2034	809	933	1196	911
"RCHGF001331"	9	15	10	5	4	5	753	801	717	635	744	683
"RCHGF001332"	3	8	6	1	0	0	405	488	210	248	245	250
"RCHGF001333"	3	22	2	0	0	1	469	721	262	342	332	262
"RCHGF001334"	6	12	2	0	1	0	1339	1552	1429	1131	1521	1156
"RCHGF001335"	55	70	36	24	17	30	2782	2702	939	3312	2796	2300
"RCHGF001336"	0	0	0	0	0	0	28	22	9	6	7	7
"RCHGF001337"	11	9	12	1	3	3	1223	1386	1147	390	226	161
"RCHGF001338"	0	0	0	0	0	0	37	35	13	3	8	10
"RCHGF001339"	8	5	5	2	1	1	706	723	304	483	538	417
"RCHGF001340"	9	19	15	1	1	1	2045	2223	1078	1484	1479	1158
"RCHGF001341"	4	7	3	0	1	0	1562	1579	1614	899	786	611
"RCHGF001342"	24	20	21	7	5	4	5526	4936	3195	2362	2636	2407
"RCHGF001343"	53	45	56	12	15	21	5294	5797	3292	5577	6550	5852
"RCHGF001344"	0	0	1	4	0	0	358	449	244	333	364	384
"RCHGF001345"	77	95	47	24	25	17	13736	16253	7725	4887	5903	4975
"RCHGF001346"	72	88	70	29	26	41	7511	8872	3697	4989	6604	5693
"RCHGF001347"	0	6	5	1	1	0	351	469	417	356	289	210
"RCHGF001348"	43	31	28	22	15	10	7886	7062	13240	4124	5708	5107
"RCHGF001349"	104.867	63.863	79	55.5882	76.3953	34	317960	283680	435101	129296	111136	64007.3
"RCHGF001350"	6	19	5	3	3	6	3727	3629	4717	2696	3617	2820
"RCHGF001351"	0	0	0	0	0	0	11	30	10	3	6	3
"RCHGF001352"	2	1	6	0	1	0	334	426	162	356	338	281
"RCHGF001353"	0	0	1	0	4	1	189	214	89	276	241	224
"RCHGF001354"	0	4	2	1	0	1	461	614	239	510	431	413
"RCHGF001355"	4	2	2	1	0	0	121	181	101	89	115	107
"RCHGF001356"	0	1	0	0	0	0	50	63	36	34	18	23
"RCHGF001357"	0	2	3	0	0	0	79	78	26	26	17	22
"RCHGF001358"	1	0	0	0	0	0	145	150	81	96	109	69
"RCHGF001359"	1	3	0	0	0	0	121	142	101	77	33	38
"RCHGF001360"	0	4	0	0	0	0	37	74	20	26	21	12
"RCHGF001361"	5	5	2	1	1	0	155	217	133	252	201	166
"RCHGF001362"	2	0	0	0	0	0	63	90	29	53	41	31
"RCHGF001363"	5	4	2	4	1	2	744	917	428	236	217	235
"RCHGF001364"	8	5	5	3	5	1	721	798	417	279	271	268
"RCHGF001365"	0	0	0	0	0	0	10	13	22	7	8	1
"RCHGF001366"	2	6	3	2	0	0	393	519	308	498	475	374
"RCHGF001367"	4	5	2	1	0	0	802	843	684	429	521	494
"RCHGF001368"	1	1	0	0	0	0	25	45	30	44	34	28
"RCHGF001369"	0	4	0	2	1	0	243	234	121	148	159	119
"RCHGF001370"	0	2	3	0	0	0	264	182	223	138	83	72
"RCHGF001371"	0	0	0	0	0	0	18	22	30	16	5	6
"RCHGF001372"	4	5	2	0	0	0	946	979	980	316	489	366
"RCHGF001373"	2	0	1	0	0	0	23	19	7	9	0	2
"RCHGF001374"	4	5	2	1	3	1	1360	1417	1197	560	591	563
"RCHGF001375"	1	0	0	0	1	1	369	404	361	128	197	128
"RCHGF001376"	0	1	2	1	1	1	645	656	463	262	282	257
"RCHGF001377"	13	20	15	3	9	8	3273	3229	2742	820	956	865
"RCHGF001378"	19	26	22	7	8	12	2600	2822	1507	606	690	646
"RCHGF001379"	20	58	25	3	13	9	5939	6895	3448	1565	2074	1853
"RCHGF001380"	38	69	80	28	17	14	19867	21139	14672	3755	5109	4378
"RCHGF001381"	28	42	45	15	23	13	19888	18815	18677	2682	2749	2422
"RCHGF001382"	22	31	25	16	4	8	4399	4640	2714	5757	7534	6599
"RCHGF001383"	9	29	20	13	6	7	5037	5536	3817	6109	7505	6506
"RCHGF001384"	4	12	5	3	7	3	2678	3008	2308	1949	2510	1997
"RCHGF001385"	0	0	0	0	0	0	7	17	7	15	2	1
"RCHGF001386"	1	2	2	2	0	0	62	71	61	28	23	27
"RCHGF001387"	9	11	20	1	3	3	657	569	441	254	365	318
"RCHGF001388"	3	2	0	1	2	0	141	131	94	90	84	89
"RCHGF001389"	5	8	5	3	2	2	681	592	697	633	555	452
"RCHGF001390"	4	10	11	1	4	11	2308	2052	1811	1160	1510	1296
"RCHGF001391"	5	2	6	5	1	1	276	231	491	17359	6345	4413
"RCHGF001392"	3	5	8	2	0	6	1823	1960	1512	980	1136	1013
"RCHGF001393"	4	3	4	3	1	2	1344	1278	750	833	1409	1141
"RCHGF001394"	9	11	2	0	2	1	4140	4715	1659	2976	4130	3291
"RCHGF001395"	5	4	2	2	1	2	1323	1197	1150	664	950	872
"RCHGF001396"	0	1	0	0	0	0	59	86	29	23	8	12
"RCHGF001397"	0	0	1	0	0	0	62	55	36	25	20	16
"RCHGF001398"	3	0	0	2	0	0	768	699	311	172	233	155
"RCHGF001399"	9	4	3	2	2	3	1669	1607	803	866	1063	907
"RCHGF001400"	1	1	0	0	1	0	475	360	379	295	562	386
"RCHGF001401"	14.643	27	17	13	5	9	4500.83	4341.22	7252.77	4112.26	3216.79	2177
"RCHGF001402"	2	0	0	1	0	2	821	999	675	502	528	435
"RCHGF001403"	1	1	0	0	0	0	481	514	358	163	195	176
"RCHGF001404"	16	17	14	4	10	5	4807	5174	2970	6388	8062	7470
"RCHGF001405"	0	0	1	0	0	0	79	100	52	322	204	272
"RCHGF001406"	3	4	0	3	1	3	1473	1170	1055	2632	1681	1381
"RCHGF001407"	13	5	2	6	4	0	1051	1141	863	49875	22017	25061
"RCHGF001408"	4	1	2	2	1	3	455	455	487	233	251	175
"RCHGF001409"	0	0	0	0	0	0	50	69	77	17	22	12
"RCHGF001410"	4	3	1	1	1	0	683	506	729	361	539	401
"RCHGF001411"	0	1	1	0	0	0	156	258	118	94	103	75
"RCHGF001412"	8	5	2	2	0	0	368	422	186	190	169	120
"RCHGF001413"	0	3	0	0	0	0	114	145	45	52	46	44
"RCHGF001414"	4	5	3	0	0	0	219	215	109	112	96	87
"RCHGF001415"	1	3	1	1	1	0	162	184	113	168	112	112
"RCHGF001416"	1	3	2	4	1	1	231	265	119	122	83	85
"RCHGF001417"	0	0	0	0	0	0	84	140	72	24	47	30
"RCHGF001418"	0	2	0	0	0	0	87	57	36	28	29	31
"RCHGF001419"	0	3	1	0	0	0	80	97	30	33	37	27
"RCHGF001420"	0	3	0	0	0	0	51	83	47	58	33	31
"RCHGF001421"	0	0	0	0	0	0	17	16	7	8	10	9
"RCHGF001422"	0	9	5	0	1	0	250	286	108	72	84	66
"RCHGF001423"	165	270	158	58	63	65	12709	15740	4901	4738	6233	5469
"RCHGF001424"	29	30	23	18	8	9	10472	9012	4813	3426	5066	3849
"RCHGF001426"	0	0	0	1	0	0	84	94	56	39	19	10
"RCHGF001427"	1	2	0	0	0	0	59	115	46	48	40	33
"RCHGF001428"	10	9	7	0	1	0	1085	982	1296	480	604	581
"RCHGF001430"	25	25	24	14	5	11	3042	2895	1797	3479	3074	2422
"RCHGF001431"	2	4	4	0	1	1	502	482	385	258	444	394
"RCHGF001432"	7	5	8	0	3	2	1414	1927	737	744	933	804
"RCHGF001433"	5	11	10	2	2	5	2660	3180	1910	1710	2404	2045
"RCHGF001434"	16	22	7	7	1	7	4822	5363	3758	2768	3842	3550
"RCHGF001435"	1	4	2	2	0	3	1314	1286	1083	664	883	721
"RCHGF001436"	5	9	11	1	5	7	3112	3436	3129	1469	1727	1467
"RCHGF001437"	1	10	1	0	0	0	427.766	382.948	150.967	43	79.2893	28.6947
"RCHGF001438"	19	24	12	8	8	9	2147.23	2054.05	829.033	137	111.711	108.305
"RCHGF001439"	7	5	4	5	4	0	796	652	236	130	117	118
"RCHGF001440"	5	18	9	3	3	6	2104	1990	1727	1580	2520	2269
"RCHGF001441"	3	6	10	2	2	2	1996	1943	1701	1934	2901	2487
"RCHGF001442"	3	2	0	0	0	0	139	153	97	106	97	75
"RCHGF001443"	0	1	0	0	0	3	78	112	130	79	85	66
"RCHGF001444"	1	1	0	0	1	0	164	162	99	92	116	105
"RCHGF001445"	1	1	1	0	0	0	174	201	215	82	109	118
"RCHGF001447"	1	0	5	1	0	0	327	410	255	2896	3128	2636
"RCHGF001448"	0	3	2	1	0	0	253	249	215	5054	6629	5691
"RCHGF001449"	2	1	1	9	0	0	174	222	206	1983	2842	2882
"RCHGF001450"	2	17	2	6	0	0	207	220	130	3235	3224	2548
"RCHGF001451"	2	0	0	0	0	0	55	68	47	1368	1613	1264
"RCHGF001452"	2	0	1	0	0	0	41	72	49	982	877	937
"RCHGF001453"	2	1	1	1	0	0	179	186	138	3826	4096	3610
"RCHGF001454"	1	3	0	0	2	0	238	254	160	8187	8178	6928
"RCHGF001455"	0	6	3	0	0	0	230	263	227	5927	5767	4779
"RCHGF001456"	6	10	1	4	4	0	1597	1867	1502	906	1085	923
"RCHGF001457"	3	11	5	9	4	1	1705	2017	1822	965	892	815
"RCHGF001458"	12	19	13	8	2	0	2835	2760	2170	1994	2666	2468
"RCHGF001459"	0	2	3	0	3	1	991	954	389	669	858	638
"RCHGF001460"	0	5	6	1	0	0	319	450	191	208	237	219
"RCHGF001461"	14	3	4	1	2	3	1848	1837	1108	1460	1913	1425
"RCHGF001462"	10	6	5	3	1	2	2328	2384	1930	2264	3091	2592
"RCHGF001463"	0	0	1	0	0	0	50	77	36	42	53	52
"RCHGF001464"	4	4	3	3	0	1	906	1037	614	566	595	468
"RCHGF001465"	0	3	1	0	0	1	354	265	139	96	134	120
"RCHGF001466"	3	2	7	1	0	0	947	987	430	475	483	459
"RCHGF001467"	1	6	2	0	2	1	789	792	456	425	508	402
"RCHGF001468"	12	18	12	8	7	6	3700	4113	1705	1772	2429	2159
"RCHGF001469"	10	3	3	0	8	3	2705	2298	4917	1583	1476	1267
"RCHGF001470"	0	1	1	2	0	0	151	183	119	103	89	97
"RCHGF001471"	1	1	0	0	0	0	128	194	127	198	137	139
"RCHGF001472"	0	0	1	0	0	0	86.2589	111.239	77.0419	51.162	32.0452	33.1041
"RCHGF001473"	6	1	0	1	1	1	633	626	352	180	317	293
"RCHGF001474"	1	10	2	2	1	0	363	417	246	144	182	173
"RCHGF001475"	3	1	0	0	0	0	224	187	200	51	82	51
"RCHGF001476"	1	0	6	1	5	3	1112	1121	1036	546	541	473
"RCHGF001477"	9	16	7	2	6	7	2018	1887	1252	775	798	729
"RCHGF001478"	4	2	1	0	0	0	517	463	276	146	254	200
"RCHGF001479"	3	0	1	0	1	0	375	333	357	158	128	124
"RCHGF001480"	10	6	7	2	2	1	1918	1536	1487	777	1087	959
"RCHGF001481"	2	10	5	3	4	2	2954	3143	2549	1673	2306	1824
"RCHGF001482"	12	18	14	6	2	2	2349	2445	1087	1198	1807	1615
"RCHGF001483"	16	26	35	5	11	0	2537	3635	1190	1894	2294	2109
"RCHGF001484"	10	13	10	5	4	8	3392	3291	3285	1671	1872	1813
"RCHGF001485"	6	10	8	3	0	2	3438	3714	2725	2100	2028	1727
"RCHGF001486"	1	2	0	0	0	0	213	257	178	231	171	183
"RCHGF001487"	2	1	0	0	0	3	454	560	285	340	392	409
"RCHGF001488"	1	0	0	0	0	0	184	211	117	83	108	80
"RCHGF001489"	0	0	0	0	0	0	125	143	77	116	129	126
"RCHGF001490"	0	5	0	0	0	1	533	521	279	349	294	332
"RCHGF001491"	0	0	0	0	0	0	571	417	761	120	349	271
"RCHGF001492"	0	2	0	1	1	0	1163	766	1204	457	625	397
"RCHGF001493"	0	7	6	1	3	0	2013	2149	1861	1973	3505	2947
"RCHGF001495"	34	42	35	23	22	13	5958	5926	3447	5079	5754	5044
"RCHGF001496"	2	5	0	0	0	3	1011	1041	1012	1272	1543	1408
"RCHGF001497"	6	0	3	1	1	2	808	848	755	985	1138	980
"RCHGF001498"	0	0	0	0	0	0	73	102	69	230	140	113
"RCHGF001499"	1	7	2	0	0	0	282	266	219	294	244	274
"RCHGF001501"	0	0	2	0	0	1	556	492.043	800.447	318.229	235.38	196.128
"RCHGF001502"	2	1	3	3	0	0	255	314	188	161	143	153
"RCHGF001503"	2	3	0	0	1	0	257	335	166	134	166	122
"RCHGF001504"	2	3	2	0	0	0	169	244	141	158	149	77
"RCHGF001505"	3	3	2	0	0	0	198	190	138	177	127	140
"RCHGF001506"	0	0	0	0	0	0	119	123	103	74	78	61
"RCHGF001507"	0	1	0	0	0	0	237	225	345	100	86	68
"RCHGF001508"	1	3	0	3	5	0	949	1047	564	582	704	640
"RCHGF001509"	6	0	7	4	1	0	1034	1052	815	648	729	663
"RCHGF001510"	2	0	0	0	0	0	9	17	9	5	2	5
"RCHGF001511"	3	0	0	0	0	0	333	327	209	220	252	164
"RCHGF001512"	0	0	0	0	0	0	22	57	27	5	15	18
"RCHGF001513"	0	0	0	0	0	0	37	19	39	18	17	4
"RCHGF001514"	0	2	0	0	0	0	169	183	151	81	106	93
"RCHGF001515"	0	0	2	0	0	0	359	382	373	161	155	152
"RCHGF001516"	0	0	0	0	0	0	23	29	21	2	12	2
"RCHGF001517"	2	1	0	0	0	0	260	314	294	156	172	107
"RCHGF001518"	3	0	3	1	1	1	702	722	576	348	354	333
"RCHGF001519"	0	0	0	0	0	0	12	10	10	4	4	5
"RCHGF001520"	4	1	8	2	4	1	804	952	472	457	490	436
"RCHGF001521"	7	14	2	2	2	2	1233	1575	627	622	733	604
"RCHGF001522"	0	0	0	0	0	0	108	151	77	30	44	63
"RCHGF001523"	1	1	2	0	4	0	651	742	437	272	261	228
"RCHGF001524"	19	17	12	7	16	9	32156	33296	29740	12896	15393	12800
"RCHGF001525"	2	0	0	0	0	2	1650	1385	1074	757	722	521
"RCHGF001526"	7	2	3	1	0	0	2535	2569	2197	1738	1939	1739
"RCHGF001527"	9	10	10	1	3	2	904	886	1428	386	552	461
"RCHGF001528"	2	3	2	0	1	0	328	443	402	281	305	271
"RCHGF001529"	1	2	1	1	0	3	535	455	696	353	403	360
"RCHGF001530"	3	4	5	1	4	9.37E-04	656.893	715.401	903.675	550.64	454.231	410.791
"RCHGF001531"	7	11	2	0	2	1	1158	1075	3587	3100	2650	2387
"RCHGF001532"	3	4	3	5	0	0	416	498	377	7409	6976	6746
"RCHGF001533"	0	0	0	0	0	0	1	2	6	168	145	102
"RCHGF001534"	0	3	0	2	0	1	66	94	66	740	715	606
"RCHGF001535"	0	1	0	0	0	0	11	14	20	46	15	27
"RCHGF001536"	8	4	7	3	1	2	3763	3814	3749	2963	4405	3685
"RCHGF001537"	7	4	7	4	2	1	2471	2267	2492	2300	3485	2734
"RCHGF001538"	4	2	1	0	1	1	258	280	190	2006	1923	1993
"RCHGF001539"	1	0	0	0	0	2	143	175	176	1185	1278	1119
"RCHGF001540"	14	31	6	4	9	4	1947	1899	1403	1154	1382	1242
"RCHGF001541"	11	25	9	2	3	5	1928	2034	1515	1226	1640	1498
"RCHGF001542"	0	0	0	0	0	0	31	22	36	18	36	36
"RCHGF001543"	0	0	0	0	0	0	209	225	282	98	178	152
"RCHGF001544"	8	0	1	4	4	1	1526	1501	16126	4083	4109	3265
"RCHGF001545"	67	63	69	36	23	36	8977	9117	17935	5332	5175	4216
"RCHGF001546"	0	0	0	0	0	0	96	125	69	84	31	44
"RCHGF001547"	0	0	0	0	0	0	33	61	38	36	33	27
"RCHGF001548"	5	5	1	0	2	0	161	224	167	121	114	106
"RCHGF001549"	0	0	1	0	0	0	43	54	36	20	8	31
"RCHGF001550"	4	10	1	7	0	0	383	362	308	166	140	135
"RCHGF001551"	12	27	11	6	7	4	3031	3473	1795	1075	1131	966
"RCHGF001552"	2	6	2	0	0	1	565	633	326	248	311	280
"RCHGF001553"	0	1	1	0	0	1	291	436	258	158	248	218
"RCHGF001554"	1	5	4	0	0	0	305	425	147	156	186	197
"RCHGF001555"	5	1	2	0	0	2	165	221	104	111	110	78
"RCHGF001556"	0	4	3	4	0	1	483	630	275	363	413	351
"RCHGF001557"	2	2	0	0	0	1	249	253	183	192	254	173
"RCHGF001558"	3	1	0	1	0	1	233	217	138	120	145	134
"RCHGF001559"	0	0	0	0	0	1	123	97	90	52	108	67
"RCHGF001560"	14	5	5	3	2	4	912	862	609	429	544	480
"RCHGF001561"	3	2	1	0	0	0	551	525	550	180	198	188
"RCHGF001562"	6	10	11	5	3	0	4256	3730	3828	1636	1822	1438
"RCHGF001563"	38	44	42	23	14	16	5788	5549	4653	2896	2962	2433
"RCHGF001564"	3	2	2	1	1	0	1361	1473	1178	675	689	511
"RCHGF001565"	1	2	0	0	0	0	251	222	214	102	153	92
"RCHGF001566"	2	0	1	0	1	0	723	489	343	348	424	375
"RCHGF001567"	6	9	9	1	0	0	1672	1766	2215	759	921	837
"RCHGF001568"	13	44	33	6	10	4	3196	3555	1646	1302	1528	1452
"RCHGF001569"	1	7	1	0	0	0	298	349	179	112	86	67
"RCHGF001570"	8	12	3	3	0	1	249	336	238	208	95	105
"RCHGF001571"	0	3	1	0	0	0	190	219	119	97	58	57
"RCHGF001572"	2	1	0	0	0	1	100	134	83	27	32	32
"RCHGF001573"	0	0	0	0	1	0	57	108	52	60	54	64
"RCHGF001574"	0	0	0	0	0	0	37	33	35	21	12	13
"RCHGF001575"	1	3	0	0	1	0	107	138	76	46	52	69
"RCHGF001576"	4	0	1	0	0	0	94	112	83	85	76	60
"RCHGF001577"	2	4	0	0	0	0	336	283	284	137	134	106
"RCHGF001578"	7	5	4	1	1	2	1525	1480	1555	944	689	585
"RCHGF001579"	0	2	3	3	2	1	1544	1561	2561	617	704	619
"RCHGF001580"	1	0	2	2	0	1	477	494	441	635	545	449
"RCHGF001581"	10	10	21	11	1	1	1995	2187	1832	1657	1947	1695
"RCHGF001582"	21	21	13	8	3	6	5164	5205	4371	2654	3901	3229
"RCHGF001583"	26	20	36	15	8	5	7061	6462	7222	2099	2596	2080
"RCHGF001584"	2	1	6	1	0	0	2734	2548	1961	561	484	351
"RCHGF001585"	9	2	4	0	1	1	158	155	155	122	82	127
"RCHGF001586"	4	2	3	0	0	1	155	193	154	91	124	82
"RCHGF001587"	1	4	0	0	0	0	172	219	110	145	107	102
"RCHGF001588"	0	2	0	0	0	0	136	125	90	76	55	44
"RCHGF001589"	1	0	0	0	0	0	137	147	134	63	48	50
"RCHGF001590"	0	0	0	0	0	0	61	78	65	33	26	17
"RCHGF001591"	0	0	0	0	0	0	91	111	79	37	15	11
"RCHGF001592"	29	26	16	8	7	3	2255	2503	1397	1504	1633	1400
"RCHGF001593"	23	14	29	3	10	15	2328	2191	1809	999	925	799
"RCHGF001594"	10	5	5	0	3	6	632	695	479	751	1035	958
"RCHGF001595"	8	10	2	1	0	3	335	394	290	308	317	301
"RCHGF001597"	1	0	1	0	2	0	191	167	114	197	121	98
"RCHGF001598"	0	1	1	0	2	3	136	146	87	188	192	170
"RCHGF001599"	1	3	1	0	0	0	121	127	58	101	83	60
"RCHGF001600"	0	0	0	2	0	4	195	237	157	644	634	556
"RCHGF001601"	4	1	0	0	0	1	101	136	156	369	271	278
"RCHGF001602"	4	3	6	0	0	2	186	176	157	125	126	102
"RCHGF001603"	93	85	105	33	59	36	3956	4128	1136	1206	1327	1046
"RCHGF001604"	0	2	2	0	1	0	137	133	36	59	66	47
"RCHGF001605"	290	456	342	117	125	104	16058	18606	3152	4992	4824	4235
"RCHGF001606"	2	0	1	0	0	0	54	33	28	18	17	12
"RCHGF001607"	0	0	0	0	0	0	1	6	0	1	1	0
"RCHGF001608"	1	1	0	0	0	0	55	80	6	13	21	12
"RCHGF001609"	9	13	7	7	2	2	1884	2002	1827	487	449	419
"RCHGF001610"	8	23	19	6	2	2	1091	1335	375	556	564	517
"RCHGF001611"	6	5	4	3	1	0	545	620	189	305	341	317
"RCHGF001612"	0	5	5	0	2	3	455	462	225	229	307	292
"RCHGF001613"	16	9	7	5	5	3	1690	1390	1992	1974	2232	1836
"RCHGF001614"	4	6	2	1	0	3	614	766	484	414	449	361
"RCHGF001615"	1	0	2	0	0	0	251	260	262	170	207	148
"RCHGF001616"	1	2	4	0	0	0	506	439	954	202	298	263
"RCHGF001617"	6	5	8	2	4	2	2062	2140	2312	1114	1419	1269
"RCHGF001618"	2	4	0	4	5	5	587	580	653	275	411	365
"RCHGF001619"	9	7	1	1	0	0	648	891	363	637	651	573
"RCHGF001620"	6	5	7	3	4	0	445	695	228	353	348	352
"RCHGF001621"	4	9	1	4	1	0	237	271	186	214	167	192
"RCHGF001622"	3	4	1	1	0	1	255	274	182	116	91	104
"RCHGF001623"	0	0	0	0	0	0	13	16	5	3	11	6
"RCHGF001624"	0	0	0	1	0	0	55	87	28	24	13	12
"RCHGF001625"	10	6	12	3	3	3	1402	1222	1121	961	1372	1244
"RCHGF001626"	68	100	96	34	34	26	6016	6343	5496	6996	9845	9369
"RCHGF001627"	277	359	258	106	77	111	40965	39803	42560	43743	53002	49687
"RCHGF001628"	5	11	5	1	1	0	1844	2081	1072	805	1147	994
"RCHGF001629"	11	9	6	7	3	2	2534	3018	2076	1588	2266	2195
"RCHGF001630"	3	0	1	0	1	2	784	821	372	388	582	403
"RCHGF001631"	3	3	0	0	0	2	558	585	514	340	424	331
"RCHGF001632"	3	7	7	0	1	2	1354	1338	1146	770	990	957
"RCHGF001633"	2	3	1	0	0	1	123	146	94	71	76	74
"RCHGF001634"	2	8	5	4	0	0	445	519	436	301	379	276
"RCHGF001635"	2	0	1	0	1	0	933	742	744	342	678	497
"RCHGF001636"	0	3	0	0	0	1	370	438	306	300	271	262
"RCHGF001637"	8	4	3	0	1	2	1105	1303	608	700	643	594
"RCHGF001638"	1	1	0	0	0	0	130	115	95	88	95	69
"RCHGF001639"	0	1	0	0	0	0	95	90	53	111	126	92
"RCHGF001640"	2	1	0	1	0	0	147.045	269.278	136.91	158.484	128.839	85.757
"RCHGF001641"	3	0	3	0	0	0	81	103	73	64	76	60
"RCHGF001642"	1	0	0	0	0	0	84	116	67	79	41	48
"RCHGF001643"	4	3	2	0	0	1	290	280	201	174	200	183
"RCHGF001644"	0	0	0	0	0	0	21	21	12	2	13	11
"RCHGF001645"	1	0	1	0	0	0	117	114	62	74	39	49
"RCHGF001646"	5	2	1	8	3	4	1754	1461	4105	1466	1415	911
"RCHGF001647"	23	16	10	22	10	4	3058	3347	2907	1633	1520	1286
"RCHGF001648"	32	30	19	11	17	9	5606	6170	2563	1647	1987	1666
"RCHGF001649"	10	9	4	0	5	1	1290	1467	1136	912	932	856
"RCHGF001650"	3	0	2	0	0	2	403	481	361	232	320	347
"RCHGF001651"	0	1	1	0	0	2	179	198	105	83	84	72
"RCHGF001652"	0	0	1	0	0	0	33	47	29	15	16	10
"RCHGF001653"	4	0	5	3	0	1	212	274	121	92	79	64
"RCHGF001654"	0	2	0	0	1	2	182	185	97	82	50	60
"RCHGF001655"	7	4	4	0	0	2	965	1124	659	352	318	279
"RCHGF001656"	2	4	1	0	1	0	142	201	93	60	57	48
"RCHGF001657"	5	5	2	0	2	0	221	283	169	115	108	59
"RCHGF001658"	0	1	0	0	0	0	138	146	107	37	37	34
"RCHGF001659"	4	7	0	0	0	2	350	472	236	176	164	170
"RCHGF001660"	0	0	0	0	0	0	61	42	19	25	18	8
"RCHGF001661"	10	20	13	10	5	5	1550	1323	477	3644	4083	3424
"RCHGF001662"	14	27	14	2	11	4	1242	1636	252	3281	3765	3781
"RCHGF001663"	11	6	7	1	6	7	741	957	313	1753	2109	2112
"RCHGF001664"	39	54	57	8	20	22	3394	3755	674	7030	7597	7055
"RCHGF001665"	24	23	36	7	22	7	1807	2007	359	2250	2332	2261
"RCHGF001666"	3	4	4	4	3	0	488	554	259	716	867	846
"RCHGF001667"	1	1	0	4	2	2	374	384	192	361	456	391
"RCHGF001668"	2	0	0	0	0	0	46	72	20	38	62	41
"RCHGF001669"	0	0	0	0	0	1	64	68	53	46	49	40
"RCHGF001670"	1	1	0	0	0	0	83	87	69	90	95	99
"RCHGF001671"	13	17	8	2	4	5	2372	2500	1204	815	1106	925
"RCHGF001672"	5	5	1	0	1	1	600	643	255	161	199	157
"RCHGF001673"	0	0	0	0	0	0	46	54	42	12	13	10
"RCHGF001674"	3	1	1	1	2	1	345	313	178	124	132	133
"RCHGF001675"	0	0	0	0	0	0	68	89	44	35	33	29
"RCHGF001676"	5	6	15	4	3	4	1772	2119	973	687	837	682
"RCHGF001677"	0	0	2	0	0	0	397	402	165	79	74	62
"RCHGF001678"	0	0	0	0	0	0	5	6	1	8	0	0
"RCHGF001679"	0	0	1	0	0	0	22	12	3	5	2	1
"RCHGF001680"	0	1	4	0	0	0	187	155	78	102	103.002	65
"RCHGF001681"	1	3	2	0	1	0	258	290	128	189	136	148
"RCHGF001682"	7	16	21	6	6	8	1212	1162	724	275	345	254
"RCHGF001683"	721	1053	906	298	295	376	45971	44019	11780	8074	8452	6022
"RCHGF001684"	116	183	168	74	58	88	9837	8902	2343	2570	2657	2085
"RCHGF001685"	5	1	4	0	3	0	642	751	499	572	537	407
"RCHGF001686"	10	12	18	2	2	2	2354	1845	2819	4352	4591	3692
"RCHGF001687"	11	2	8	5	1	2	899	830	1031	1785	1913	1456
"RCHGF001689"	1	0	6	0	1	0	241	207	171	118	102	78
"RCHGF001690"	15	31	23	9	2	8	3916	4404	2331	1575	1953	1752
"RCHGF001691"	7	1	1	0	0	2	1292	1127	1347	579	569	558
"RCHGF001692"	4	2	8	0	3	0	797	850	431	1124	1055	1048
"RCHGF001693"	3	2	3	0	0	0	185	174	136	89	108	73
"RCHGF001694"	2	5	6	3	1	0	276	253	147	102	119	103
"RCHGF001695"	3	0	6	2	0	0	1548	1213	3124	721	918	789
"RCHGF001696"	8	2	2	2	1	0	332	388	231	144	157	140
"RCHGF001697"	0	1	0	0	0	1	12	14	15	6	5	0
"RCHGF001698"	3	4	10	4	1	0	469	499	244	191	201	237
"RCHGF001699"	4	0	11	2	0	7	377	431	268	220	174	150
"RCHGF001700"	24	32	28	15	15	2	3444	4079	3457	1473	1640	1519
"RCHGF001701"	164	196	184	94	78	65	22312	20605	35815	10138	9991	8087
"RCHGF001702"	71	74	69	40	41	41	27926	23348	56958	13711	13310	10457
"RCHGF001703"	1	1	2	3	1	2	231	317	198	256	235	262
"RCHGF001704"	0	4	0	0	0	0	110	120	94	96	109	67
"RCHGF001705"	0	7	3	0	1	0	270	310	281	366	367	390
"RCHGF001706"	0	2	0	0	0	0	92	89	93	40	55	57
"RCHGF001707"	0	0	1	0	0	0	71	108	80	101	68	87
"RCHGF001708"	2	0	3	0	0	1	353	377	246	302	404	383
"RCHGF001709"	1	1	2	0	0	0	201	216	271	146	143	164
"RCHGF001710"	5	5	3	0	1	0	470	637	294	283	225	268
"RCHGF001711"	0	0	0	0	0	0	31	28	11	6	11	12
"RCHGF001712"	2	1	7	4	0	1	459	479	274	251	228	223
"RCHGF001713"	0	0	4	1	0	0	116	198	97	43	72	64
"RCHGF001714"	86	84	73	48	47	36	27553	27701	24313	19164	24080	19818
"RCHGF001715"	8	1	0	1	0	0	355	451	262	280	384	304
"RCHGF001716"	4	20	1	2	2	0	1252.27	1302	1651.67	1811.28	1645.67	1360.87
"RCHGF001717"	6	8	5	3	3	3	734	754	404	7180	7851	5918
"RCHGF001718"	3	2	4	1	3	2	630	676	425	345	525	431
"RCHGF001719"	47	52	37	19	20	17	5226	5044	3942	2670	3184	2636
"RCHGF001720"	129	152	102	43	39	36	25899	31100	9895	6438	8907	7410
"RCHGF001721"	1	0	1	0	0	0	54	54	29	52	39	42
"RCHGF001722"	0	0	0	0	0	0	18	49	41	46	42	25
"RCHGF001723"	0	1	0	0	0	0	21	35	37	56	39	30
"RCHGF001724"	2	3	1	0	0	1	220	216	138	336	249	216
"RCHGF001725"	9	6	13	6	3	3	3239	3495	2417	1228	1475	1263
"RCHGF001726"	2	6	4	0	2	2	621	746	556	334	431	354
"RCHGF001727"	3	0	0	0	0	0	139.48	130.369	203.202	84.1534	59.6654	50.3715
"RCHGF001728"	3	2	5	1	0	0	307	269	210	224	145	122
"RCHGF001729"	5	4	3	0	8	2	391	399	234	216	190	179
"RCHGF001730"	2	7	3	3	1	4	456	352	224	121	162	96
"RCHGF001731"	1	1	0	0	0	0	147	120	102	87	100	65
"RCHGF001732"	0	4	0	0	0	0	149	113	86	152	113	93
"RCHGF001733"	4	2	1	0	1	0	152	183	103	121	97	119
"RCHGF001734"	0	0	0	0	0	0	44	67	68	39	18	23
"RCHGF001735"	0	1	0	0	0	0	30	41	31	22	6	11
"RCHGF001736"	3	1	2	2	0	0	187	247	212	134	120	123
"RCHGF001737"	1	0	8	0	0	5	119	124	95	51	40	43
"RCHGF001738"	0	0	2	2	1	0	166	122	149	52	37	35
"RCHGF001739"	6	1	1	0	6	1	674	803	461	279	372	378
"RCHGF001741"	2	2	2	1	3	0	646.955	600.722	467.09	479.516	459.161	355.243
"RCHGF001743"	10	13	9	0	1	1	5857	7795	3453	2492	3311	2932
"RCHGF001745"	6	2	1	1	0	0	739	779	440	388	409	381
"RCHGF001746"	5	17	5	3	3	9	1158	1151	762	899	1071	983
"RCHGF001747"	15	16	12	5	5	4	1712	1717	913	1254	1409	1275
"RCHGF001748"	13	8	6	5	5	4	1108	1153	725	956	1166	970
"RCHGF001749"	3	6	10	0	3	0	706	600	513	392	669	500
"RCHGF001750"	23	18	23	3	5	10	2372	2534	858	2045	1780	1799
"RCHGF001752"	26	25	34	7	14	13	52011	47980	29973	16180	10346	7959
"RCHGF001754"	7	2	2	1	1	0	444	448	243	2118	1944	1735
"RCHGF001755"	10	1	4	1	2	0	3758	3806	2662	2541	3338	2781
"RCHGF001756"	6	5	3	2	3	3	3763	3547	4550	10837	12010	9569
"RCHGF001757"	2	3	3	2	6	0	548	565	578	311	432	369
"RCHGF001758"	6	13	13	8	4	0	2587	2738	2346	1477	1627	1478
"RCHGF001759"	8	10	11	4	7	4	1436	1437	829	765	1076	988
"RCHGF001761"	21	36	23	11	14	8	2064	2242	887	2626	2928	2734
"RCHGF001762"	0	0	1	0	0	1	97	100	84	129	134	135
"RCHGF001763"	0	0	1	0	1	1	324	326	304	161	153	135
"RCHGF001764"	0	3	0	1	1	1	1363	1252	2187	1133	1085	876
"RCHGF001765"	0	0	0	0	0	0	0	0	1	2	1	0
"RCHGF001766"	0	0	0	0	0	0	26	30	26	40	46	28
"RCHGF001767"	0	1	0	0	0	0	21	15	26	21	22	14
"RCHGF001768"	0	0	1	1	2	0	182	178	152	203	221	151
"RCHGF001769"	0	5	3	2	1	0	756	817	588	1082	1310	1043
"RCHGF001770"	0	2	0	0	0	0	76	102	79	86	87	52
"RCHGF001771"	7	4	1	1	0	2	558	588	410	522	650	561
"RCHGF001772"	4	4	2	1	1	1	753	833	699	706	984	679
"RCHGF001773"	2	0	0	0	0	0	159	179	122	87	142	116
"RCHGF001774"	0	0	0	0	0	0	3	2	3	0	0	0
"RCHGF001775"	12	18	7	3	3	1	1447	1358	1261	1089	1556	1222
"RCHGF001776"	7	3	10	0	3	0	1205	1281	1124	911	1367	1018
"RCHGF001777"	0	0	0	0	0	0	365	400	1112	264	295	201
"RCHGF001778"	2	0	1	0	1	1	834	920	811	763	1246	963
"RCHGF001779"	3	1	2	0	1	0	691	571	553	446	598	493
"RCHGF001780"	0	2	0	0	0	0	162	132	94	844	634	634
"RCHGF001781"	4	3	1	0	1	0	192	170	141	146	143	95
"RCHGF001782"	0	0	1	0	0	0	2	1	2	6	1	1
"RCHGF001783"	0	1	0	0	0	0	10	6	6	9	4	4
"RCHGF001784"	21	8	13	12	9	4	2384	2164	3112	6885	4108	3503
"RCHGF001785"	23	42	13	5	11	10	3024	3332	2550	2867	3148	2873
"RCHGF001786"	8	20	7	1	5	0	845	1075	502	1000	984	842
"RCHGF001787"	1	5	3	0	0	0	183	229	138	198	236	195
"RCHGF001788"	2	1	1	0	0	2	159	221	110	134	134	109
"RCHGF001789"	0	1	0	0	0	0	129	113	91	41	57	70
"RCHGF001790"	0	3	1	0	0	0	186	158	172	66	112	81
"RCHGF001791"	4	3	1	0	0	0	163	123	189	75	68	66
"RCHGF001792"	4	4	8	0	1	1	340	318	225	189	244	208
"RCHGF001793"	0	0	0	1	0	0	214	219	138	138	178	142
"RCHGF001794"	1	2	0	0	0	0	158	163	68	248	175	173
"RCHGF001795"	2	9	3	6	2	3	1166	1201	777	1000	808	758
"RCHGF001796"	2	6	5	3	2	2	966	993	488	727	855	722
"RCHGF001797"	1	8	2	3	1	4	899	1058	363	671	783	696
"RCHGF001798"	1	0	0	2	0	0	276	278	170	188	267	198
"RCHGF001799"	2	4	3	1	2	0	444	386	285	191	216	155
"RCHGF001800"	0	2	3	0	2	0	141	99	88	54	58	44
"RCHGF001801"	0	0	0	0	0	0	39	32	20	2	10	6
"RCHGF001803"	3	2	6	0	0	0	313	340	262	165	160	158
"RCHGF001804"	0	0	0	0	0	0	30	22	31	14	23	11
"RCHGF001805"	0	0	0	0	0	0	58	59	31	41	42	29
"RCHGF001806"	7	6	9	4	5	1	2203	2231	2094	1688	2381	1985
"RCHGF001807"	3	8	4	1	1	0	1512	1348	1095	852	828	654
"RCHGF001808"	4	4	1	1	1	0	1141	1133	1211	911	1128	868
"RCHGF001809"	8	8	3	1	1	2	1245	1290	1334	1425	1809	1651
"RCHGF001810"	11	15	13	5	4	3	3740	3626	3427	3833	5162	4023
"RCHGF001811"	1	4	6	0	0	0	862	846	614	693	924	763
"RCHGF001812"	2	16	10	3	3	2	1342	1255	1284	1108	1375	1146
"RCHGF001813"	6	0	0	0	0	0	118	98	53	88	50	36
"RCHGF001814"	0	1	0	0	0	0	26	61	10	20	16	13
"RCHGF001815"	2	3	11.9197	2	2	4.99906	961.404	866.912	1388.64	443.519	726.587	565.766
"RCHGF001816"	9	3	4	4	0	3	174	234	169	7533	7758	6632
"RCHGF001817"	1	0	0	0	0	0	465	401	451	1608	2025	1727
"RCHGF001819"	9	9	6	3	1	2	2553	2296	1825	1147	1303	1083
"RCHGF001820"	13	20	19	2	9	1	2818	3183	1973	1302	1550	1371
"RCHGF001821"	8	12	7	9	2	2	1763	1640	1428	1139	1240	1071
"RCHGF001822"	1	0	0	0	0	0	32	34	14	14	16	8
"RCHGF001823"	1	0	1	0	0	0	102.166	136	105	65	39	22
"RCHGF001824"	4	1	1	0	1	0	251	226	229	160	115	111
"RCHGF001825"	2	1	5	0	0	0	76	102	88	60	65	34
"RCHGF001826"	11	8	5	5	5	4	5716	4752	7826	4858	4603	3035
"RCHGF001827"	2	5	5	1	2	1	1387	1357	1609	1246	1959	1624
"RCHGF001828"	22	17	7	2	6	5	4197	4353	3785	4371	5867	4379
"RCHGF001829"	6	7	6	0	1	4	1366	1295	1343	1436	1913	1499
"RCHGF001830"	3	1	6	1	0	1	286	268	179	521	463	393
"RCHGF001831"	8	1	0	0	0	0	208	172	114	273	264	238
"RCHGF001832"	0	0	0	0	0	0	22	23	10	18	14	17
"RCHGF001833"	1	0	2	0	0	0	52	40	43	53	38	35
"RCHGF001834"	3	6	2	0	0	1	279	273	128	296	330	277
"RCHGF001835"	2	2	2	3	0	0	158	187	145	151	138	134
"RCHGF001836"	0	2	2	1	0	0	113	156	105	103	75	98
"RCHGF001837"	11	16	13	7	1	1	1256	1211	565	552	731	603
"RCHGF001838"	2	3	7	3	5	1	621	603	300	279	306	251
"RCHGF001839"	7	9	7	3	2	0	1395	1602	1219	556	633	609
"RCHGF001840"	5	9	10	7	2	3	778	859	622	2159	2877	2245
"RCHGF001841"	8	2	4	2	0	1	942	931	803	3995	4774	3784
"RCHGF001842"	7	8	6	2	1	1	984	1146	691	549	694	624
"RCHGF001843"	22	25	8	6	2	3	6562	6065	5956	2221	3321	2532
"RCHGF001844"	37	37	16	16	16	15	5252	5654	3456	1511	1974	1533
"RCHGF001845"	3	0	0	0	1	0	1145	979	1297	584	564	398
"RCHGF001846"	6	8	1	0	1	3	2075	2335	1128	1146	1405	1167
"RCHGF001847"	18	13	11	5	7	0	1689	2163	1272	965	1489	1300
"RCHGF001848"	3	15	4	10	0	0	281	355	269	87308	52727	67442
"RCHGF001849"	0	0	0	0	0	0	20	3	9	61	30	32
"RCHGF001850"	0	0	1	0	0	3	68	125	56	413	255	276
"RCHGF001851"	5	4	1	4	4	0	542	546	511	56784	29188	41580
"RCHGF001852"	15	42	24	15	13	9	6371	5559	5143	2030	2833	2364
"RCHGF001853"	27	20	13	6	5	11	12579	13693	12191	11886	14166	11088
"RCHGF001854"	2	4	6	1	5	2	2913	2792	2811	2273	1787	1333
"RCHGF001855"	3	2	2	0	1	6	1733	1259	1966	995	1314	968
"RCHGF001856"	12	7	11	7	7	9	4926	4600	5838	3232	3631	2798
"RCHGF001857"	9	6	14	8	2	7	1299	1440	807	1225	1523	1277
"RCHGF001858"	4	9	10	7	8	1	795	890	535	515	330	274
"RCHGF001859"	49	38	49	9	12	25	4852	5174	3083	3474	4833	4204
"RCHGF001860"	0	0	1	0	0	0	24	24	15	8	15	12
"RCHGF001861"	7	9	17	2	3	5	2950	3164	3176	2272	2569	2348
"RCHGF001862"	51	43	47	22	28	18	8069	9360	5428	9394	9670	8889
"RCHGF001863"	20	35	34	11	6	12	9420	6615	8783	9645	7784	6414
"RCHGF001864"	0	0	0	0	0	0	9	8	4	4	1	4
"RCHGF001865"	11	28	10	3	5	8	1416	1355	1069	577	683	533
"RCHGF001866"	22	15	25	5	6	6	1291	1349	649	1525	1959	1815
"RCHGF001867"	3	7	6	3	1	2	587	650	309	606	710	604
"RCHGF001868"	12	8	5	8	7	7	1541	1281	1135	1245	1626	1272
"RCHGF001869"	5	22	14	8	5	11	1892	1782	1426	1409	1720	1366
"RCHGF001870"	0	8	1	0	0	0	191	215	116	657	558	423
"RCHGF001871"	6	11	3	1	4	2	3320	3313	2566	1445	1878	1477
"RCHGF001872"	5	1	0	0	1	0	370	405	276	133	211	149
"RCHGF001873"	1	5	1	0	0	2	427	495	278	163	233	189
"RCHGF001874"	3	12	10	0	2	1	1524	1673	1144	770	940	853
"RCHGF001875"	1	7	0	0	1	3	574	545	394	372	500	433
"RCHGF001876"	4	6	2	0	0	0	3420	3374	3914	4656	6908	4876
"RCHGF001877"	9	14	7	3	5	5	2413	2569	1514	3632	4054	3357
"RCHGF001878"	47	49	44	20	31	32	4957	4424	2594	2305	4298	3290
"RCHGF001879"	74	87	87	47	35	50	7610	6636	3963	4140	6327	4833
"RCHGF001880"	507	622	584	257	229	268	38855	39751	16775	19098	26069	21651
"RCHGF001881"	67	90	69	25	15	37	7008	7149	3211	3396	5953	5231
"RCHGF001882"	87	95	89	49	40	51	10680	9440	5588	4600	7179	6043
"RCHGF001884"	2	7	16	9	3	0	1576	1304	1718	1049	1498	1248
"RCHGF001885"	4	4	2	3	1	0	2901	3189	1533	645	728	592
"RCHGF001886"	34	30	18	6	11	17	2270	2147	2101	2375	2518	2140
"RCHGF001887"	0	3	0	2	0	2	201	255	107	135	193	180
"RCHGF001888"	7	5	1	4	4	0	323	295	227	188	231	201
"RCHGF001889"	15	20	21	3	11	8	1104	1185	405	380	282	213
"RCHGF001890"	12	18	11	3	7	7	811	927	365	339	421	332
"RCHGF001891"	17	10	5	4	4	6	1009	1067	575	554	541	532
"RCHGF001892"	5	12	14	7	4	3	1357	1147	1633	731	782	596
"RCHGF001893"	0	1	0	1	0	0	64	53	38	32	14	14
"RCHGF001894"	4	2	1	0	3	0	155	177	76	96	106	82
"RCHGF001895"	1	7	3	5	2	0	678	602	603	425	438	411
"RCHGF001896"	0	0	0	0	0	0	21	12	10	25	7	13
"RCHGF001897"	6	9	0	2	1	0	467	469	309	450	452	522
"RCHGF001898"	7	14	9	4	1	5	865	1011	433	708	717	674
"RCHGF001899"	4	2	6	0	0	1	245	363	161	170	131	88
"RCHGF001900"	3	2	3	0	1	0	433	482	152	235	201	156
"RCHGF001901"	19	10	8	4	2	8	2964	3031	2223	1759	3124	2624
"RCHGF001902"	10	5	10	6	2	0	3297	3640	1968	1924	3371	3020
"RCHGF001903"	1	0	0	1	0	0	148	170	123	90	107	84
"RCHGF001904"	3	9	7	7	6	3	2566	2572	2040	1317	1939	1615
"RCHGF001905"	3	9	3	0	0	2	838	889	559	595	649	531
"RCHGF001906"	10	8	10	4	10	3	6612	7367	3859	2039	2810	2190
"RCHGF001907"	7	4	2	0	1	0	770	999	491	382	353	331
"RCHGF001908"	11	2	2	0	3	0	1812	1907	1148	982	1248	984
"RCHGF001909"	0	0	0	0	0	0	0	0	0	0	0	0
"RCHGF001910"	3	2	1	0	2	3	1020	960	746	462	672	519
"RCHGF001911"	4	4	0	0	0	4	88	128	77	198	140	111
"RCHGF001912"	4	5	3	0	2	0	390	452	185	220	240	197
"RCHGF001913"	3	4	6	1	2	0	659	672	452	1180	1190	979
"RCHGF001914"	5	12	12	3	2	2	612	708	434	25113	28796	22398
"RCHGF001915"	1	3	2	0	0	0	83	82	182	182	96	84
"RCHGF001916"	18	19	13	19	8	6	2051	2576	1895	1464	2005	1598
"RCHGF001917"	9	5	4	3	3	2	627	609	777	645	720	563
"RCHGF001918"	1	0	0	0	0	1	329	315	316	228	200	163
"RCHGF001919"	1	0	0	0	0	0	139	88	92	42	83	32
"RCHGF001920"	0	2	0	0	0	1	1060	676	718	317	360	325
"RCHGF001921"	4	0	0	0	0	0	80	101	51	61	50	30
"RCHGF001922"	3	2	5	0	1	3	1146	1017	2130	637	946	748
"RCHGF001923"	15	42	13	4	2	8	10348	10331	5370	6612	8456	7596
"RCHGF001924"	0	2	1	0	0	0	69	84	76	613	591	500
"RCHGF001925"	89	63	56	57	23	34	9159	8799	11881	450738	205919	171669
"RCHGF001926"	10	5	8	3	4	3	2061	2048	1099	1915	2231	2015
"RCHGF001927"	9	13	7	4	4	1	1533	1901	893	1924	2229	1863
"RCHGF001928"	5	9	3	1	4	1	1131	1447	536	1546	1535	1331
"RCHGF001929"	5	6	6	1	1	1	791	969	554	1673	1792	1523
"RCHGF001930"	12	16	13	6	2	2	2799	2957	2008	4835	5108	4431
"RCHGF001931"	16	9	7	8	2	1	2314	2485	1779	1439	1844	1523
"RCHGF001932"	8	9	7	2	5	4	1133	1292	577	810	1197	1065
"RCHGF001933"	0	0	0	0	0	0	19	19	8	15	22	16
"RCHGF001934"	1	5	2	0	1	0	541	510	296	390	576	513
"RCHGF001935"	7	4	7	0	1	1	1327	1471	712	1158	1419	1277
"RCHGF001936"	3	0	1	2	2	3	1035	1138	735	400	498	364
"RCHGF001937"	14	8	7	8	11	3	5616	5231	7422	3491	3893	3106
"RCHGF001938"	8	2	0	3	0	1	917	1060	592	608	681	551
"RCHGF001939"	57	41	49	20	30	26	14227	11242	18372	7315	5290	4028
"RCHGF001940"	0	1	0	0	0	0	60	54	21	19	12	10
"RCHGF001941"	1	0	0	0	1	0	192	226	82	87	66	50
"RCHGF001942"	16	10	3	0	3	2	1988	2452	519	653	644	514
"RCHGF001943"	744	1046	828	482	463	442	72513	74218	38177	33154	38090	35676
"RCHGF001944"	87	101	55	33	46	39	7709	8379	4638	5289	5506	4674
"RCHGF001945"	0	0	0	0	0	0	81	47	11	7	24	10
"RCHGF001946"	25	4	9	12	7	8	2998	3182	1923	3022	3912	3243
"RCHGF001947"	26	17	13	7	8	4	3497	3925	2526	4209	5433	4559
"RCHGF001948"	1	8	0	0	0	0	820	727	846	918	1391	1297
"RCHGF001950"	2	3	2	0	0	1	326	316	160	101	146	105
"RCHGF001951"	13	19	34	7	8	3	3288	3764	2629	2275	3196	2952
"RCHGF001952"	53	45	39	23	30	23	10732	10709	23508	6596	7048	5626
"RCHGF001953"	11	6	14	2	7	2	1496	1392	1300	1218	1976	1506
"RCHGF001954"	3	0	0	1	0	2	880	867	1125	733	1107	853
"RCHGF001955"	3	0	0	0	0	0	27	11	15	19	7	8
"RCHGF001956"	0	3	1	0	0	0	25	22	12	5	7	8
"RCHGF001957"	0	0	0	0	0	0	2	0	0	0	0	0
"RCHGF001958"	0	0	0	0	0	0	0	0	1	0	1	0
"RCHGF001959"	0	2	0	0	0	2	56	93	30	32	26	24
"RCHGF001960"	0	1	2	0	1	0	85	93	61	72	51	23
"RCHGF001961"	0	3	0	0	0	0	102	89	70	77	63	44
"RCHGF001962"	0	0	0	0	0	0	17	10	3	4	0	2
"RCHGF001963"	1	7	0	0	0	0	27	19	10	50	36	21
"RCHGF001964"	2	0	0	0	1	1	225	253	141	212	149	139
"RCHGF001965"	10	6	2	4	6	7	585	582	325	844	789	684
"RCHGF001966"	19	17	12	12	3	7	6806	7112	5108	6155	9297	7551
"RCHGF001967"	9	16	12	5	2	3	10122	8469	6396	6595	10400	7939
"RCHGF001968"	8	4	1	1	1	0	473	474	440	438	618	595
"RCHGF001969"	9	9	5	4	1	4	1350	1323	1278	1185	1676	1386
"RCHGF001970"	7	1	3	0	0	3	157	205	169	163	201	176
"RCHGF001971"	5	5	3	1	0	5	528	579	446	409	657	556
"RCHGF001972"	14	14	15	6	2	6	4170	4701	3045	2631	4010	3569
"RCHGF001973"	8	5	14	4	4	2	3088	2746	2379	3210	3613	3038
"RCHGF001974"	0	0	1	1	0	0	92	114	65	1348	1048	989
"RCHGF001975"	2	3	1	4	0	0	98	94	89	8155	7620	6010
"RCHGF001976"	3	14	13	8	3	2	4854	4455	2277	2770	3355	2845
"RCHGF001977"	1	1	2	1	1	0	358	374	275	1651	1698	1518
"RCHGF001978"	0	3	1	2	2	0	87	91	101	162	159	147
"RCHGF001979"	10	14	8	5	1	2	1457	1391	895	605	730	639
"RCHGF001980"	11	10	9	7	1	5	2200	2071	1426	1186	1609	1307
"RCHGF001981"	5	0	1	4	5	0	68	80	71	758	663	591
"RCHGF001982"	0	1	0	0	0	0	67	126	90	1091	892	826
"RCHGF001983"	7	9	2	4	8	7	4021	3564	6123	1996	1902	1373
"RCHGF001984"	2	0	1	1	0	0	341	410	104	549	543	470
"RCHGF001986"	49	45	33	34	9	17	5985	5521	4509	2906	2444	2214
"RCHGF001987"	3	6	3	3	4	1	1056	807	1203	477	666	526
"RCHGF001988"	8	13	9	3	2	1	2780	2291	3494	1084	1698	1277
"RCHGF001989"	0	3	1	0	0	0	634	603	327	252	339	334
"RCHGF001990"	1	3	0	1	0	0	269	240	152	147	90	91
"RCHGF001991"	0	0	2	1	0	0	25	68	42	37	10	18
"RCHGF001992"	10	4	1	3	0	0	181	195	155	127	60	57
"RCHGF001993"	0	0	0	0	0	0	21	47	18	8	7	12
"RCHGF001994"	0	1	0	0	0	0	74	98	70	30	32	26
"RCHGF001995"	3	0	2	0	0	2	860	1050	639	471	474	450
"RCHGF001996"	4	11	5	1	0	3	1054	1213	843	746	845	763
"RCHGF001997"	11	5	3	1	1	1	2244	2837	1234	947	1078	879
"RCHGF001998"	3	6	4	1	2	1	2844	2777	2457	1314	2424	2047
"RCHGF001999"	2	2	1	0	0	0	132	144	139	94	108	109
"RCHGF002000"	1	2	1	0	0	0	350	360	366	167	292	240
"RCHGF002001"	1	5	7	3	5	1	1135	1264	1509	828	861	758
"RCHGF002002"	1	2	3	1	1	0	469	408	812	270	579	431
"RCHGF002003"	1	12	5	1	2	0	272	237	203	230	275	270
"RCHGF002004"	2	0	2	0	0	0	66	66	61	72	112	85
"RCHGF002005"	1	0	1	0	0	0	183	189	194	144	194	193
"RCHGF002006"	0	1	0	0	0	0	83	111	118	65	46	52
"RCHGF002007"	0	1	0	0	0	0	58	81	57	30	21	19
"RCHGF002008"	1	2	0	1	2	3	567	548	588	651	699	536
"RCHGF002009"	4	1	5	0	1	0	533	538	638	633	719	632
"RCHGF002010"	0	0	0	0	0	0	271	275	340	251	336	362
"RCHGF002011"	1	1	0	0	1	0	1245	1223	1540	958	660	477
"RCHGF002012"	2	1	1	3	2	3	9662	9390	8858	5052	4684	3759
"RCHGF002013"	0	3	0	0	0	1	751	682	643	949	1454	1196
"RCHGF002014"	3	1	1	1	0	0	151	171	152	111	129	126
"RCHGF002015"	4	4	7	6	8	0	6648	6823	7994	3129	6363	4308
"RCHGF002016"	2	3	9	1	6	4	3244	3405	3256	1875	3038	2448
"RCHGF002017"	7	12	7	9	1	1	2058	2046	1929	831	1332	1062
"RCHGF002018"	14	27	10	8	4	3	6640.87	6384.71	11882.5	3325.7	2803.47	2207.28
"RCHGF002019"	0	0	4	0	0	0	155	162	79	71	61	64
"RCHGF002020"	0	0	1	2	0	0	432	360	170	244	235	179
"RCHGF002021"	22	37	20	11	12	15	1266	1406	235	187	139	105
"RCHGF002022"	21	33	10	8	1	7	855	982	228	182	105	94
"RCHGF002023"	73	120	76	33	32	35	2885	3040	902	685	532	399
"RCHGF002024"	65	138	77	12	31	24	3365	3719	897	794	715	477
"RCHGF002025"	11	15	5	2	3	2	3524	3867	2888	1240	1437	1367
"RCHGF002026"	0	0	1	0	0	0	153	174	105	40	65	44
"RCHGF002027"	12	11	16	3	2	6	1524	1622	803	562	792	667
"RCHGF002028"	0	0	0	0	0	0	336	296	214	99	114	104
"RCHGF002029"	0	0	0	0	0	0	46	47	40	23	14	9
"RCHGF002030"	4	0	2	0	1	2	460	480	345	236	265	191
"RCHGF002031"	3	0	0	1	0	0	271	256	197	349	208	231
"RCHGF002032"	1	1	1	3	0	0	158	141	114	170	100	87
"RCHGF002033"	0	2	0	0	1	0	69	67	52	73	51	53
"RCHGF002034"	2	0	3	0	3	0	736	692	490	372	408	336
"RCHGF002035"	3	0	0	0	0	0	25	43	13	6	8	1
"RCHGF002036"	2	0	1	0	1	0	632	451	455	158	142	111
"RCHGF002037"	5	2	1	5	2	0	1382.3	1187.64	2926.93	891.305	790.133	581.29
"RCHGF002038"	9	2	2	7	2	3	1498	1517	970	772	997	870
"RCHGF002039"	2	6	1	3	1	0	1252	1389	979	1328	1270	1077
"RCHGF002040"	0	1	1	0	0	1	356	302	381	207	245	154
"RCHGF002041"	2	0	1	1	0	0	580	576	377	229	290	318
"RCHGF002042"	16	9	6	5	3	2	2306	2958	1315	1253	1456	1413
"RCHGF002043"	0	0	0	0	0	0	108	117	40	47	38	53
"RCHGF002044"	3	4	2	1	1	2	1501	1494	1042	514	743	707
"RCHGF002045"	2	1	2	0	0	0	312	270	386	493	314	216
"RCHGF002046"	16	15	6	4	1	1	3067	3201	2421	1424	1661	1286
"RCHGF002047"	2	1	7	1	3	1	2761	2542	1830	1197	1198	855
"RCHGF002048"	0	0	0	0	3	0	19	21	11	10	6	4
"RCHGF002050"	2	1	0	0	3	2	199	189	141	1201	2014	1276
"RCHGF002051"	0	0	1	0	0	0	68	73	38	189	448	254
"RCHGF002052"	3	1	2	0	1	0	90	128	45	539	1090	661
"RCHGF002053"	1	0	0	0	0	0	34	51	35	183	422	237
"RCHGF002054"	0	7	0	1	0	0	73	113	62	1070	2023	1096
"RCHGF002055"	0	0	0	0	0	0	0	2	2	109	228	114
"RCHGF002056"	0	0	0	0	0	0	22	16	8	341	948	567
"RCHGF002057"	5	0	0	0	0	0	172	135	195	84	70	74
"RCHGF002059"	1	0	0	0	0	0	225	191	239	116	97	95
"RCHGF002060"	0	0	0	0	0	0	6	9	7	5	5	0
"RCHGF002061"	5	6	2	1	2	1	1299	1280	1830	467	573	532
"RCHGF002062"	0	0	0	0	0	0	21	25	22	17	2	5
"RCHGF002063"	20	7	16	7	4	2	6016	6125	4223	3332	3534	2909
"RCHGF002064"	0	1	0	0	0	0	18	39	28	12	3	7
"RCHGF002065"	0	0	0	0	0	0	40	27	22	21	10	4
"RCHGF002066"	3	2	1	0	0	0	206	170	311	96	105	76
"RCHGF002067"	9	10	4	3	0	1	2546	2585	3829	1112	887	613
"RCHGF002068"	0	0	0	0	0	0	41	37	30	10	15	7
"RCHGF002069"	2	0	0	0	0	0	327	255	314	130	94	90
"RCHGF002070"	14	21	22	18	19	13	5323	5550	9554	3938	3560	2339
"RCHGF002071"	0	2	2	0	1	0	84	63	62	42	23	25
"RCHGF002072"	1	0	5	0	0	0	85	108	76	43	29	30
"RCHGF002073"	7	4	4	3	0	0	236	343	210	225	94	125
"RCHGF002074"	0	4	0	2	0	1	238	266	190	128	55	48
"RCHGF002075"	0	0	0	0	0	0	19	31	13	11	3	0
"RCHGF002076"	2	0	0	0	0	0	50	32	28	17	8	7
"RCHGF002077"	0	0	1	0	0	0	23	18	22	10	6	8
"RCHGF002078"	0	0	0	0	0	0	11	14	10	8	0	4
"RCHGF002079"	0	0	0	0	0	0	15	18	9	3	4	3
"RCHGF002080"	0	0	0	0	0	0	3	2	1	4	1	1
"RCHGF002081"	0	7	0	0	0	0	150	162	115	51	63	30
"RCHGF002082"	3	3	1	1	1	0	122	202	134	117	57	57
"RCHGF002083"	0	0	0	0	0	0	58	47	26	25	15	4
"RCHGF002084"	1	0	0	0	0	0	54	37	37	5	7	5
"RCHGF002085"	5	2	1	1	0	3	373	538	253	211	125	104
"RCHGF002086"	20	11	11	12	5	9	2168	2173	5689	75210	44806	33037
"RCHGF002087"	68	94	70	63	39	26	7326	11602	11646	4753	4280	3599
"RCHGF002088"	63	60	61	25	27	23	20437	18846	21770	8290	7012	5204
"RCHGF002089"	1	1	1	0	0	0	75	102.137	83	138	135.325	88
"RCHGF002090"	0	0	0	0	0	0	13	15	13	27.097	37.1	19
"RCHGF002091"	0	0	0	0	0	0	4	6	1	2	0	0
"RCHGF002092"	0	0	0	0	0	0	11	7	7	28	19	3
"RCHGF002093"	0	0	0	0	0	0	65	43	40	32	6	13
"RCHGF002094"	0	1	0	0	0	0	47	59	37	13	9	14
"RCHGF002095"	2	10	2	2	0	0	162	246	129	117	84	60
"RCHGF002097"	0	0	1	0	0	0	92	115	45	159	333	249
"RCHGF002099"	83	97	75	46	42	36	11625	11876	7567	11064	11927	11507
"RCHGF002101"	2	20	7	6	4	9	2115	2127	971	1089	1469	1273
"RCHGF002102"	4	12	5	3	5	0	1447	1827	791	1198	1605	1221
"RCHGF002103"	10	25	25	8	6	3	2311	2462	1335	1766	2210	2114
"RCHGF002104"	12	14	4	6	5	2	3855	4016	3714	2110	2435	2144
"RCHGF002105"	3	1	1	0	0	0	334	315	216	303	309	292
"RCHGF002106"	0	0	1	1	0	0	104	82	88	109	54	43
"RCHGF002107"	41	65	53	30	22	21	7754	8013	5717	4780	5889	4396
"RCHGF002108"	2	6	1	5	0	0	1053	1086	1131	1253	1277	1180
"RCHGF002109"	0	0	4	2	1	0	199	237	201	211	238	196
"RCHGF002110"	0	2	0	0	1	0	162	140	110	180	158	146
"RCHGF002111"	12	8	7	6	4	14	3413	3777	3624	1747	2703	2192
"RCHGF002112"	15	21	6	3	7	3	3323	3029	1620	1516	2178	1709
"RCHGF002113"	0	0	0	0	1	0	18	32	19	5	3	4
"RCHGF002114"	0	0	0	0	0	0	1	13	5	4	5	2
"RCHGF002115"	17	9	20	8	7	11	2257	2346	3738	1203	1111	849
"RCHGF002116"	5	3	5	3	2	2	304	467	73	77	62	81
"RCHGF002117"	19	10	8	0	4	12	1260	1250	557	490	539	473
"RCHGF002118"	38	36	30	21	11	10	9809	10931	4778	4531	6358	5492
"RCHGF002119"	5	6	3	0	1	1	2016	2100	862	1024	1316	891
"RCHGF002120"	8	5	4	1	3	3	2424	2510	1431	659	1047	842
"RCHGF002121"	0	1	1.08029	1	0	2.09E-06	537.703	636.687	400.689	204.841	209.182	227.443
"RCHGF002122"	0	2	1	1	1	1	461	628	334	163	346	252
"RCHGF002123"	3	5	4	0	0	0	775	847	650	353	401	279
"RCHGF002124"	5	4	11	7	2	2	1439	1437	2628	1062	820	656
"RCHGF002125"	8	7	13	6	6	1	1931	1678	1774	513	717	582
"RCHGF002126"	9	21	11	6	4	4	3293	3846	1619	1354	1546	1353
"RCHGF002127"	0	1	2	2	0	1	1183	1316	554	509	615	534
"RCHGF002128"	73	62	94	26	25	29	9934	9340	5234	5160	5646	4952
"RCHGF002129"	0	1	0	5	0	0	290	353	107	59	52	55
"RCHGF002130"	1	3	0	2	0	0	848	758	431	264	349	293
"RCHGF002131"	3	5	3	0	0	2	269	332	199	90	91	86
"RCHGF002132"	1	1	0	1	0	0	215	197	226	187	197	165
"RCHGF002133"	7	8	1	0	0	0	447	580	403	402	547	574
"RCHGF002134"	4	7	8	3	8	2	1694	1849	935	1213	1829	1579
"RCHGF002135"	8	2	1	2	1	3	566	699	327	426	619	530
"RCHGF002136"	1	10	1	2	1	1	660	639	345	361	485	402
"RCHGF002137"	1	0	2	1	0	0	239	249	462	179	291	186
"RCHGF002138"	1	10	5	1	2	0	877	864	712	578	947	702
"RCHGF002139"	0	0	0	0	0	0	95	49	43	40	54	36
"RCHGF002140"	1	0	3	0	0	0	127	104	165	126	129	98
"RCHGF002141"	2	3	0	0	0	0	192	208	178	139	170	88
"RCHGF002142"	4	4	7	5	3	1	3338	3392	4333	2334	2009	1514
"RCHGF002143"	2	5	0	1	2	3	453	513	331	248	259	180
"RCHGF002144"	62	68	56	31	20	20	6449	7020	3885	1868	1974	1732
"RCHGF002145"	101	117	124	47	50	37	11678	12620	8098	2545	2770	2619
"RCHGF002146"	9	3	7	0	0	2	741	955	483	376	396	409
"RCHGF002147"	29	47	18	11	7	11	3245	3800	2254	1838	2140	1815
"RCHGF002148"	1	8	4	0	3	1	773	906	634	873	727	688
"RCHGF002149"	1	5	5	0	1	1	605	628	518	961	908	817
"RCHGF002150"	7	12	11	0	1	7	2769	2619	2522	1949	2233	1784
"RCHGF002151"	50	63	46	20	18	14	19106	20009	13396	9238	13957	11057
"RCHGF002152"	90	149	90	47	29	42	48839	53135	34235	23137	28255	23496
"RCHGF002153"	30	35	39	9	9	6	7255	9472	6740	3699	6253	5688
"RCHGF002154"	34	39	23	6	14	3	14581	16538	9422	7591	9557	7948
"RCHGF002155"	10	21	20	2	3	6	7959	8725	6035	4072	5450	4880
"RCHGF002156"	96	124	90	46	29	22	38763	42597	32014	19981	27269	23726
"RCHGF002157"	114	113	96	47	40	48	32251	32986	20608	14439	18793	16697
"RCHGF002158"	52	57	51	12	27	33	11721	11485	11507	4282	5553	4882
"RCHGF002159"	53	66	43	28	13	18	16511	18929	16352	7221	6501	5237
"RCHGF002160"	4	6	11	1	2	2	1994	2291	1915	376	349	352
"RCHGF002162"	65	67	54	37	28	25	8457	8091	8853	3709	3683	2963
"RCHGF002164"	42	39	41	14	21	13	16036	17031	14949	11887	17315	13823
"RCHGF002165"	8	1	1	2	0	0	242	292	222	16085	14275	11857
"RCHGF002166"	4	5	1	3	2	1	1392	1166	2777	991	1015	900
"RCHGF002167"	1	3	2	0	0	0	325	306	467	325	382	365
"RCHGF002168"	15	17	27	7	4	7	2148	2154	1537	1559	2053	1967
"RCHGF002169"	1	5	0	0	0	0	333	363	171	136	132	85
"RCHGF002170"	3	8	6	0	3	2	2304	2213	2369	1437	1676	1291
"RCHGF002171"	15	22	21	12	20	7	11059	10006	13774	3987	2871	1959
"RCHGF002172"	1	2	0	0	0	0	141	105	162	186	204	163
"RCHGF002173"	0	2	0	1	0	0	91	70	83	78	77	61
"RCHGF002174"	1	5	0	0	0	0	237	217	330	145	122	80
"RCHGF002175"	1	3	6	3	2	3	529	629	475	623	663	648
"RCHGF002176"	1	0	0	0	0	1	365	479	210	415	399	355
"RCHGF002177"	6	5	4	1	3	0	1289	1333	927	1521	1685	1580
"RCHGF002178"	19	15	6	10	4	8	4171	3724	4823	2330	2449	2164
"RCHGF002180"	25	21	26	4	3	4	4407	4732	3641	3320	3885	3072
"RCHGF002181"	1	3	2	0	0	0	402	369	191	109	102	88
"RCHGF002183"	13	7	19	3	5	1	4581	3556	3696	2569	2437	1898
"RCHGF002185"	21	52	24	16	14	11	3214	3548	2844	1915	2250	1923
"RCHGF002186"	3	4	1	0	0	2	449	567	307	282	396	287
"RCHGF002187"	0	0	1	0	0	2	176	179	88	96	104	100
"RCHGF002188"	0	0	0	0	0	0	111	137	91	92	81	58
"RCHGF002189"	2	0	3	0	1	1	233	284	155	160	221	160
"RCHGF002190"	0	0	0	0	0	0	61	55	45	29	22	30
"RCHGF002191"	18	13	22	10	1	5	6517	6447	3853	6281	7395	6273
"RCHGF002192"	4	7	3	5	1	1	3646	3879	3149	5067	6346	5350
"RCHGF002193"	5	10	6	1	0	6	1693	1955	1754	2220	2874	2286
"RCHGF002194"	0	3	2	6	3	0	281	295	204	6080	6599	5671
"RCHGF002195"	9	3	0	2	3	1	308	411	203	8607	9280	7529
"RCHGF002196"	0	0	0	0	0	0	2	2	3	0	1	1
"RCHGF002197"	72	90	88	53	52	38	12589	12789	22126	6203	6318	5378
"RCHGF002198"	9	4	5	2	5	0	1177	1169	1029	453	447	435
"RCHGF002199"	15	8	4	2	0	1	531	598	319	724	632	515
"RCHGF002200"	3	3	1	0	1	0	170	183	116	270	220	175
"RCHGF002201"	1	3	3	0	0	0	195	219	153	158	152	161
"RCHGF002202"	6	4	1	3	0	5	493	498	360	164	167	131
"RCHGF002203"	18	21	21	12	11	9	2880	3168	2305	917	1101	887
"RCHGF002204"	41	45	57	10	16	13	8725	9568	5985	2457	3362	3085
"RCHGF002205"	1	0	0	0	0	0	147	156	204	83	78	66
"RCHGF002206"	7	9	1	0	2	2	2422	2338	3294	1220	1983	1511
"RCHGF002207"	17	19	8	7	2	7	4109	4640	5239	2190	2741	2251
"RCHGF002208"	17	27	24	14	9	4	2503	2665	1225	2100	2566	2119
"RCHGF002209"	11	10	9	2	8	6	954	932	724	920	1289	1085
"RCHGF002210"	24	28	29	13	11	23	8599	9315	6816	5193	8275	7189
"RCHGF002211"	0	0	0	0	0	0	12	5	5	6	1	6
"RCHGF002212"	2	5	4	3	0	1	439	470	336	574	738	564
"RCHGF002213"	3	0	3	1	1	1	131	202	144	284	322	258
"RCHGF002214"	1	3	6	0	0	1	185	176	151	322	327	322
"RCHGF002215"	3	0	1	0	2	0	204	196	171	409	395	389
"RCHGF002216"	2	1	0	0	0	0	140	120	102	145	260	239
"RCHGF002217"	5	1	3	1	1	0	373	434	400	684	671	601
"RCHGF002218"	2	5	2	1	1	0	1814	1808	2998	827	1115	904
"RCHGF002219"	0	2	3	0	0	0	1256	1003	1254	742	872	582
"RCHGF002220"	1	1	0	0	0	0	237	289	270	166	250	217
"RCHGF002221"	0	0	0	0	0	1	133	196	114	93	86	92
"RCHGF002222"	0	3	2	0	0	0	2731	2437	1808	1535	2320	1803
"RCHGF002224"	2	1	5	0	0	0	1467	1338	951	563	767	670
"RCHGF002225"	5	1	2	1	0	0	516	491	261	213	389	372
"RCHGF002226"	11	17	15	8	3	10	5409	5663	3635	2743	3909	2884
"RCHGF002227"	3	1	4	0	0	0	411	391	229	1332	870	597
"RCHGF002228"	2	4	3	0	1	0	727	756	318	642	898	883
"RCHGF002230"	10	9	5.5	2	5	4	1115.8	1011.63	1199.59	507.894	409.15	260.58
"RCHGF002231"	6	6	9	3	2	0	1918	2111	743	452	595	568
"RCHGF002233"	10	11	17	2	1	3	6738	7955	5070	3531	4695	3755
"RCHGF002234"	60	68	84	37	43	42	18221	15052	30518	9148	7252	5555
"RCHGF002235"	1	1	3	0	0	0	109	119	60	76	48	28
"RCHGF002236"	9	25	12	0	2	1	1723	1915	843	1097	1281	1008
"RCHGF002237"	3	13	11	0	5	1	1083	1203	566	828	914	735
"RCHGF002238"	4	16	12	13	4	4	3412	3611	2639	1356	1692	1448
"RCHGF002239"	45	44	41	12	14	6	34514	31191	20631	25812	31245	27413
"RCHGF002240"	13	30	15	3	2	1	8597	8261	3510	11723	11901	8733
"RCHGF002241"	4	3	10	1	2	3	491	520	280	1788	1736	1620
"RCHGF002242"	1	0	0	0	0	0	95	96	61	82	47	50
"RCHGF002243"	5	12	8	3	5	0	5215	5393	5696	4541	5252	4469
"RCHGF002246"	2	4	3	0	1	1	8067	8271	3859	2776	3664	3181
"RCHGF002247"	0	0	0	0	0	0	303	319	167	126	92	67
"RCHGF002248"	1	1	0	0	0	0	1317	1491	830	468	627	471
"RCHGF002249"	5	7	4	0	5	1	5854	5998	3667	2308	4213	3766
"RCHGF002250"	0	2	1	0	0	0	539	541	270	225	353	246
"RCHGF002251"	5	0	5	2	2	2	4067	4793	3291	1894	3188	3085
"RCHGF002252"	4	2	1	0	1	0	1908	2310	1675	1077	1475	1483
"RCHGF002253"	21	30	12	9	8	7	15967	17212	11288	7857	13132	11527
"RCHGF002254"	15	17	16	6	8	3	9822	11185	6599	4780	7026	6071
"RCHGF002255"	31	30	11	11	9	7	12723	14454	9387	6710	11324	10088
"RCHGF002256"	12	6	8	4	4	2	2608	2796	2154	1152	1666	1571
"RCHGF002257"	0	0	0	0	0	0	92	65	100	18	17	26
"RCHGF002258"	7	9	11	5	3	4	2236	2571	1566	1042	1177	1012
"RCHGF002259"	3	0	0	1	1	0	912	848	1019	360	263	299
"RCHGF002260"	0	2	0	0	0	0	101	57	81	25	32	6
"RCHGF002261"	11	0	0	0	1	0	267	237	185	132	98	101
"RCHGF002262"	0	0	0	0	0	0	12	12	9	6	4	1
"RCHGF002263"	4	0	3	4	0	4	138	188	120	137	97	85
"RCHGF002264"	0	5	0	0	0	0	69	65	86	37	21	23
"RCHGF002265"	4	1	0	0	0	0	133	167	109	109	68	55
"RCHGF002266"	3	9	4	3	2	1	2150	2058	2250	1453	1552	1365
"RCHGF002267"	0	5	3	1	0	0	343	321	320	225	332	252
"RCHGF002268"	3	2	6	0	0	0	322	330	253	175	220	218
"RCHGF002269"	2	0	1	2	0	0	140	171	163	63	79	51
"RCHGF002270"	3	3	0	1	0	0	1169	1081	1204	542	668	562
"RCHGF002271"	3	0	1	0	0	0	8	17	14	9	2	5
"RCHGF002272"	1	0	0	1	0	0	245	215	267	106	77	73
"RCHGF002273"	0	0	1	0	0	2	108	99	68	156	174	121
"RCHGF002274"	2	2	5	3	4	2	742	577	261	1011	845	665
"RCHGF002275"	11	25	6	4	9	5	3646	3268	3840	2625	3063	2588
"RCHGF002276"	6	12	11	4	8	4	1250	1282	1108	3807	3006	2767
"RCHGF002277"	6.20762	11	4	1.03498	4	0	860.637	916.779	632.177	2455.38	1607.03	1537.61
"RCHGF002279"	31.357	34	19	12	19	12	7487.29	6113.29	13122.8	8931.57	7212.96	4255.66
"RCHGF002280"	0	0	0	0	0	0	211	211	127	268	119	78
"RCHGF002281"	12	13	11	9	6	15	18834	18405	22006	11703	14043	10622
"RCHGF002282"	0	0	0	0	0	0	48	50	60	14	11	6
"RCHGF002283"	5	0	5	1	2	0	829	1027	748	389	401	414
"RCHGF002284"	0	1	2	0	1	0	1921	2024	1193	789	923	676
"RCHGF002285"	9	4	1	0	2	2	1061	1314	588	637	677	567
"RCHGF002286"	0	1	2	3	0	0	324	401	182	192	185	175
"RCHGF002287"	1	0	0	0	0	0	444	527	263	172	257	224
"RCHGF002288"	0	1	0	0	0	0	496	453	282	215	249	229
"RCHGF002289"	11	28	11	2	5	4	2294	2247	894	519	555	432
"RCHGF002290"	255	411	311	138	101	130	32737	34195	20827	16527	31127	26335
"RCHGF002291"	145	174	172	79	54	47	33165	37920	22222	21964	30967	26340
"RCHGF002292"	3	2	3	0	2	0	1914	2080	1797	1356	1667	1612
"RCHGF002293"	0	1	0	0	0	0	22	19	24	13	8	7
"RCHGF002294"	0	1	0	0	0	0	30	48	41	23	30	14
"RCHGF002295"	0	0	0	0	0	0	13	16	8	6	1	3
"RCHGF002296"	0	0	3	0	0	0	47	55	41	11	5	10
"RCHGF002297"	60	83	47	21	18	25	21321	21282	12904	6618	9317	7582
"RCHGF002299"	3	2	1	2	0	2	391	365	283	226	238	202
"RCHGF002300"	0	8	2	0	0	0	1145	1149	744	515	783	595
"RCHGF002301"	3	8	3	2	2	1	1386	1312	1351	645	1021	859
"RCHGF002302"	8	0	0	0	0	0	745	735	711	367	353	348
"RCHGF002303"	13	6	6	3	5	1	402	357	164	443	663	627
"RCHGF002304"	6	5	7	6	2	1	361	383	145	719	695	653
"RCHGF002305"	1	2	0	0	2	0	122	141	53	291	252	181
"RCHGF002306"	1	0	0	0	0	0	64	67	65	64	79	81
"RCHGF002307"	7	13	18	3	5	0	444	439	182	816	837	770
"RCHGF002308"	2	0	4	0	1	5	141	166	85	208	245	209
"RCHGF002309"	7	0	1	0	1	0	114	112	69	211	278	216
"RCHGF002310"	8	12	7	7	3	2	478	506	406	3572	3308	2578
"RCHGF002311"	0	0	0	0	0	0	4	7	4	0	0	3
"RCHGF002312"	6	8	15	7	1	0	1393	1215	1762	1572	1777	1507
"RCHGF002313"	2	4	2	0	2	1	865	1037	853	694	850	758
"RCHGF002314"	0	0	2	0	0	0	331	391	235	354	356	368
"RCHGF002315"	1	0	0	0	0	0	164	210	207	94	85	69
"RCHGF002316"	6	2	3	3	0	1	906	1069	397	724	855	787
"RCHGF002317"	19	25	15	1	4	3	2012	2279	1273	1814	2472	2183
"RCHGF002318"	0	1	1	1	0	0	81	107	111	86	86	92
"RCHGF002319"	4	1	1	1	0	0	384	440	289	325	471	434
"RCHGF002320"	2	6	5	2	0	1	547	766	347	544	677	487
"RCHGF002321"	8	10	6	0	0	3	786	688	406	625	757	645
"RCHGF002322"	10	5	6	1	3	0	821	830	708	513	618	622
"RCHGF002323"	0	0	0	0	0	0	40	21	15	23	6	11
"RCHGF002324"	3	3	2	0	0	1	211	288	178	157	125	94
"RCHGF002325"	0	3	3	2	1	0	718	749	623	1916	1970	1703
"RCHGF002326"	4	1	0	0	0	0	332	340	174	480	491	345
"RCHGF002327"	14	5	6	1	3	0	1034	1082	924	648	717	576
"RCHGF002328"	4	8	2	0	1	3	717	763	467	432	486	415
"RCHGF002329"	2	6	0	0	0	0	597	608	456	299	410	300
"RCHGF002330"	3	1	5	0	2	1	467	447	430	460	692	484
"RCHGF002331"	3	7	8	0	2	2	821	907	650	652	830	754
"RCHGF002332"	0	4	6	2	0	0	546	566	813	312	459	427
"RCHGF002333"	0	1	1	0	1	0	147	115	129	104	80	59
"RCHGF002334"	7	7	2	0	0	0	207	135	160	72	84	85
"RCHGF002335"	1	0	0	1	0	0	114	128	109	70	55	35
"RCHGF002336"	2	1	0	0	0	1	157	193	169	135	107	70
"RCHGF002337"	0	0	1	0	0	0	160	156	102	55	29	48
"RCHGF002338"	0	0	0	3	0	0	53	80	59	7	15	9
"RCHGF002339"	0	4	3	1	1	0	968	1047	1058	632	687	509
"RCHGF002340"	1	0	3	0	0	0	130	96	104	44	35	35
"RCHGF002341"	1	0	1	0	0	0	102	140	78	64	45	38
"RCHGF002342"	0	0	0	0	0	1	56	39	33	17	16	6
"RCHGF002343"	0	2	0	0	0	0	135	153	96	79	73	42
"RCHGF002344"	2	4	1	0	0	0	167	169	133	162	102	99
"RCHGF002345"	0	0	1	0	0	0	79	93	79	78	20	22
"RCHGF002346"	0	1	1	1	0	0	162	216	174	85	80	86
"RCHGF002347"	8	9	6	3	9	0	1076	960	1030	871	1093	910
"RCHGF002348"	0	0	0	0	0	0	13	15	23	0	10	8
"RCHGF002349"	4	6	5	2	3	2	885	959	656	326	420	365
"RCHGF002350"	7	7	1	1	0	0	252	316	214	133	148	153
"RCHGF002351"	4	0	1	0	0	0	86	131	88	58	33	43
"RCHGF002352"	0	3	5	0	0	0	114	135	136	67	36	33
"RCHGF002353"	2	1	0	0	0	0	112	139	123	147	62	62
"RCHGF002354"	2	2	7	2	0	2	545	383	283	268	171	146
"RCHGF002355"	4	2	2	2	0	1	301	434	290	218	185	226
"RCHGF002356"	3	2	0	0	0	0	107	76	82	39	30	24
"RCHGF002357"	1	3	0	0	0	0	379	369	225	162	174	152
"RCHGF002358"	0	1	0	0	0	0	5	16	21	3	1	1
"RCHGF002359"	2	2	3	0	0	1	276	283	358	104	73	73
"RCHGF002360"	0	2	5	1	1	0	1190	1078	2247	294	199	159
"RCHGF002361"	5	7	1	5	0	0	991	1264	605	535	653	491
"RCHGF002362"	3	2	0	0	0	3	339	400	176	243	260	232
"RCHGF002363"	26	20	23	12	14	13	4147	3591	22033	1653	1543	1272
"RCHGF002364"	2	10	10	7	4	1	3647	3125	8148	2923	1983	1340
"RCHGF002365"	0	0	0	0	0	0	29	33	13	5	1	1
"RCHGF002366"	1	2	0	0	0	0	152	210	180	27	30	23
"RCHGF002367"	0	0	0	0	0	0	330	354	591	65	64	67
"RCHGF002368"	5	3	6	1	0	0	550	567	424	136	162	188
"RCHGF002369"	5	5	7	2	5	2	573	691	271	139	120	108
"RCHGF002370"	5	7	11	3	2	3	1506	1499	1281	519	555	510
"RCHGF002371"	1	7	8	2	0	2	692	823	309	231	260	241
"RCHGF002372"	0	0	0	0	0	0	17	10	12	4	5	3
"RCHGF002373"	3	1	1	0	0	0	619	598	764	486	386	371
"RCHGF002374"	0	0	0	0	0	0	266	281	391	183	144	111
"RCHGF002375"	0	2	5	0	0	1	801	751	925	857	626	573
"RCHGF002376"	0	8	1	0	2	0	209	236	280	291	219	169
"RCHGF002377"	4	1	4	0	1	0	225	258	212	208	171	148
"RCHGF002378"	9	4	0	1	0	3	202	208	219	133	87	88
"RCHGF002379"	2	2	7	2	1	3	223	244	198	133	118	120
"RCHGF002380"	0	0	0	0	0	0	45	41	33	40	18	40
"RCHGF002381"	0	0	0	0	0	1	56	67	31	40	26	42
"RCHGF002382"	1	5	0	0	0	0	230	235	200	89	109	84
"RCHGF002383"	1	0	2	0	1	0	217	291	412	272	271	212
"RCHGF002384"	0	0	2	2	1	0	253	292	219	370	335	275
"RCHGF002385"	4	6	0	1	0	1	266	366	149	295	364	242
"RCHGF002386"	9	1	4	4	5	2	1337	1339	1071	2467	2590	2187
"RCHGF002388"	45	23	20	9	2	6	2368	2454	2139	1267	1830	1714
"RCHGF002389"	35	65	38	29	17	24	5148	5806	3126	2876	3280	3038
"RCHGF002390"	6	11	10	3	1	1	999	1054	703	808	970	884
"RCHGF002391"	71	88	64	23	25	42	6571	7238	2841	4115	4523	3794
"RCHGF002392"	49	39	49	19	15	26	4158	4516	1832	2024	2300	1881
"RCHGF002393"	7	25	17	6	5	5	1106	974	542	577	657	556
"RCHGF002394"	6	1	1	1	8	0	1975	1949	1639	878	824	705
"RCHGF002395"	4	1	0	1	0	0	288	350	216	2262	1619	1518
"RCHGF002396"	17	37	20	7	11	13	5320	6212	3043	2502	3355	2961
"RCHGF002397"	4	6	6	0	0	0	1372	1504	1072	831	1205	1216
"RCHGF002398"	0	9	3	0	2	0	674	667	329	351	323	265
"RCHGF002399"	2	0	2	1	0	0	767	676	481	599	570	432
"RCHGF002400"	1	3	4	1	1	0	480	457	781	10633	8125	6475
"RCHGF002401"	2	1	7	1	0	0	367	439	196	413	356	299
"RCHGF002402"	4	7	8	0	0	4	521	512	378	325	319	314
"RCHGF002403"	2	0	1	0	0	0	183	173	158	91	108	94
"RCHGF002404"	1	6	0	0	0	0	314	345	171	148	130	115
"RCHGF002405"	1	3	9	2	1	0	2736	2703	1818	1596	1806	1519
"RCHGF002406"	40	33	44	8	10	11	11685	13933	8941	6217	9276	7879
"RCHGF002407"	7	7	11	2	8	0	3528	3815	9936	2123	2252	1778
"RCHGF002408"	3	8	0	0	0	0	472	545	327	252	258	246
"RCHGF002409"	1	4	0	1	1	3	475	559	299	274	298	282
"RCHGF002410"	0	0	1	0	1	0	79	119	89	397	332	337
"RCHGF002411"	1	2	1	0	0	0	256	247	122	325	347	271
"RCHGF002412"	1	0	0	0	0	0	117	129	85	99	82	88
"RCHGF002413"	0	0	0	0	0	0	3	2	1	1	2	1
"RCHGF002414"	1	2	0	0	0	0	56	71	76	84	102	65
"RCHGF002415"	4	1	0	2	0	0	185	210	173	148	139	119
"RCHGF002416"	3	1	0	1	0	0	100	114	116	66	61	51
"RCHGF002417"	0	0	1	0	0	0	95	127	109	109	125	92
"RCHGF002418"	3	2	1	1	0	0	574	555	527	383	370	326
"RCHGF002419"	5	6	0	0	0	0	165	155	142	77	110	82
"RCHGF002420"	1	0	2	0	0	0	102	84	32	75	99	94
"RCHGF002421"	1	4	2	1	0	0	196	240	121	120	126	154
"RCHGF002422"	0	0	0	0	0	0	29	20	21	32	21	22
"RCHGF002423"	0	0	0	0	0	0	25	23	16	9	6	13
"RCHGF002424"	0	0	3	0	0	0	66	52	54	28	27	43
"RCHGF002425"	0	0	0	0	0	0	1	10	5	2	3	3
"RCHGF002426"	2	0	2	0	0	0	1027	715	849	342	306	188
"RCHGF002427"	0	0	0	0	0	0	1060	913	1382	1055	299	213
"RCHGF002428"	26	25	36	25	30	19	5168.62	4126.15	13814.9	3482.88	3534.88	2484.87
"RCHGF002429"	8	5	5	0	4	0	1620	1440	1150	618	704	587
"RCHGF002430"	1	4	5	1	0	0	611	658	432	214	257	295
"RCHGF002431"	0	1	0	1	0	0	239	195	199	70	82	73
"RCHGF002432"	4	1	4	0	0	2	1428	1361	1130	785	1106	927
"RCHGF002433"	0	3	0	0	0	0	220	168	123	87	101	119
"RCHGF002434"	0	0	0	0	0	0	117	111	61	47	51	47
"RCHGF002435"	3	9	3	0	0	0	1485	1393	722	583	769	602
"RCHGF002436"	1	3	0	1	0	0	237	180	137	137	105	103
"RCHGF002437"	7	4	1	1	0	0	273	285	192	173	129	114
"RCHGF002438"	0	1	1	0	0	0	104	136	181	83	31	29
"RCHGF002439"	0	0	0	0	0	0	12	14	37	9	7	7
"RCHGF002440"	1	0	1	0	0	0	246	227	454	98	88	78
"RCHGF002441"	4	5	3	3	0	1	1521	1482	960	908	966	869
"RCHGF002442"	2	0	2	0	0	0	70	61	48	54	25	15
"RCHGF002443"	0	0	0	0	0	0	62	58	23	13	12	6
"RCHGF002444"	0	0	0	0	0	0	32	38	55	12	21	15
"RCHGF002445"	12	22	10	8	7	3	3097	3166	2942	2878	4354	4135
"RCHGF002447"	0	0	0	0	0	0	34	18	13	12	7	5
"RCHGF002448"	16	12	35	2	3	7	2456	2840	1794	969	1179	1001
"RCHGF002449"	4	0	7	0	2	1	237	285	106	94	86	100
"RCHGF002450"	4	6	113	2	1	2	391	418	239	208	136	119
"RCHGF002451"	3	10	153	2	1	3	457	500	312	214	179	205
"RCHGF002452"	0	0	0	0	0	0	34	22	18	22	13	12
"RCHGF002453"	20	31	29	7	8	5	1418	1433	1137	802	1365	1077
"RCHGF002454"	44	37	35	11	22	20	2828	2754	2992	1759	2908	2438
"RCHGF002455"	4	3	3	0	0	0	184	176	275	191	255	194
"RCHGF002456"	0	5	4	3	3	1	779	858	798	555	706	574
"RCHGF002457"	0	0	1	0	0	0	117	131	92	58	53	36
"RCHGF002458"	10	4	10	1	9	2	1676	635	1614	412	1082	912
"RCHGF002459"	2	3	0	1	0	0	214	148	706	18	314	212
"RCHGF002460"	4	14	8	2	8	5	1633	1255	3094	863	1301	889
"RCHGF002461"	29	14	10	10	5	2	3449	3561	3200	4268	4535	4009
"RCHGF002462"	1	1	0	0	0	0	340	345	172	1016	761	488
"RCHGF002463"	0	1	0	0	0	0	506	430	216	245	281	247
"RCHGF002464"	2	2	1	1	0	3	897	977	494	805	774	622
"RCHGF002465"	0	2	0	0	0	0	99	147	62	101	83	99
"RCHGF002466"	1	3	0	0	0	0	210	303	129	144	123	144
"RCHGF002467"	4	1	4	1	1	1	315	404	176	212	189	152
"RCHGF002468"	0	0	0	0	0	4	155	132	73	62	78	45
"RCHGF002469"	1	0	1	0	0	0	204	187	103	110	108	88
"RCHGF002470"	1	0	1	0	0	0	105	173	69	81	78	64
"RCHGF002471"	0	0	0	0	0	0	65	88	62	42	30	22
"RCHGF002472"	0	5	1	0	0	0	140	125	80	101	85	51
"RCHGF002473"	2	3	0	0	0	0	165	233	142	87	76	71
"RCHGF002474"	2	3	0	1	0	3	250	318	174	194	190	177
"RCHGF002475"	0	1	0	3	1	0	235	253	145	119	167	101
"RCHGF002476"	0	0	0	0	0	0	2	3	3	0	5	3
"RCHGF002477"	0	1	0	0	0	1	389	235	1215	261	444	235
"RCHGF002478"	4	14	4	3	0	1	657	728	435	563	788	528
"RCHGF002479"	0	1	0	0	0	0	330	260	527	297	360	314
"RCHGF002480"	1	1	10	1	2	0	956	1135	800	951	1002	776
"RCHGF002481"	0	0	1	0	0	0	396	407	277	123	158	105
"RCHGF002482"	127	187	151	67	54	64	35662	34401	17951	32717	43277	36667
"RCHGF002483"	0	0	0	0	0	0	8	10	2	4	11	7
"RCHGF002484"	0	0	0	0	0	0	196	233	579	243	239	145
"RCHGF002485"	0	0	0	0	0	0	53	53	126	71	30	14
"RCHGF002487"	16	17	12	5	7	7	6175	6175	3951	1958	1293	1158
"RCHGF002489"	2	3	2	1	0	1	739	803	507.574	283	185	126
"RCHGF002491"	1	1	0	1	0	0	192	211	115	86	97	72
"RCHGF002492"	2	4	6	0	0	1	409	457	327	155	143	130
"RCHGF002493"	0	0	0	0	0	0	16	26	33	14	9	9
"RCHGF002494"	0	0	0	0	0	0	67	75	25	66	70	40
"RCHGF002495"	3	0	0	0	0	0	102	107	86	63	52	48
"RCHGF002496"	0	0	2	0	1	0	82	83	55	49	39	26
"RCHGF002497"	0	0	0	0	0	0	66	54	25	54	51	40
"RCHGF002498"	0	0	0	1	0	0	50	49	27	17	17	9
"RCHGF002500"	7	6	0	5	0	5	593.641	564.767	270.457	1389.19	831.434	710.502
"RCHGF002501"	2.79238	4	0	6.96502	0	0	214.481	202.65	71.4085	532.785	268.678	245.91
"RCHGF002502"	0	5	0	0	1	0	387	429	92	67	75	58
"RCHGF002503"	3	8	4	1	0	2	1843	2217	784	468	537	483
"RCHGF002504"	0	2	0	0	1	0	22	15	19	4	4	3
"RCHGF002505"	2	3	2	0	0	0	730	814	445	241	341	275
"RCHGF002506"	4	4	1	3	0	5	627	669	379	295	429	337
"RCHGF002507"	2	7	5	0	6	4	1194	1199	583	520	627	558
"RCHGF002508"	0	0	0	0	1	0	73	43	42	28	30	19
"RCHGF002509"	0	0	1	3	1	2	395	426	237	82	92	84
"RCHGF002510"	7	3	4	4	0	0	820	713	698	400	294	248
"RCHGF002511"	13	4	5	3	1	2	884	986	438	534	623	581
"RCHGF002512"	25	27	23	9	10	13	4847	5007	3152	2280	2242	1870
"RCHGF002513"	2	10	13	5	2	2	953	1007	752	502	664	625
"RCHGF002515"	5	10	1	2	0	0	1402	1524	1169	1113	1399	1085
"RCHGF002516"	7	6	5	6	1	4	2817	3292	2300	1742	2627	2059
"RCHGF002517"	0	1	4	0	0	0	433	517	267	347	416	317
"RCHGF002518"	9	5	6	5	2	6	2750	2940	1997	1797	2683	2337
"RCHGF002519"	15	14	37	11	13	12	4704	5514	2952	3399	4834	3986
"RCHGF002520"	1	0	3	0	0	0	133	158	72	74	67	40
"RCHGF002522"	1	1	1	0	0	0	158	227	151	61	55	45
"RCHGF002523"	0	2	2	0	1	1	996	937	1717	474	539	393
"RCHGF002524"	0	2	0	0	0	0	215	134	167	76	89	73
"RCHGF002526"	4	5	2	0	0	1	1712	1364	820	1387	1886	1070
"RCHGF002527"	47	57	70	20	24	29	6931	7045	4749	3015	3402	3335
"RCHGF002529"	0	1	0	0	0	0	369	351	268	128	94	52
"RCHGF002530"	0	0	0	0	0	0	93	89	56	38	34	15
"RCHGF002531"	0	2	0	0	0	0	134	101	35	18	18	8
"RCHGF002532"	0	0	0	0	0	0	101	102	72	48	45	33
"RCHGF002533"	9	4	5.5	6	1	0	654.197	541.366	362.408	201.106	161.85	143.42
"RCHGF002534"	0	0	1	0	0	2	247.59	197.049	91.4172	66	58	62
"RCHGF002535"	0	1	0	0	0	0	21	24	8	11	3	2
"RCHGF002536"	9	11	22	10	8	9	8028	7333	7102	2459	2319.57	1881
"RCHGF002537"	9	19	13	7	5	1	1300	1543	861	1028	1382	1277
"RCHGF002538"	3	13	2	0	1	6	686	776	755	498	556	457
"RCHGF002539"	1	5	1	0	1	1	330	252	226	198	232	186
"RCHGF002540"	5	7	2	0	4	0	767	845	553	671	841	799
"RCHGF002541"	7	9	10	1	0	0	594	684	466	573	627	611
"RCHGF002542"	8	3	8	1	0	2	3602	4031	2169	1419	2058	1764
"RCHGF002543"	16	10	9	4	4	5	7513	6655	5613	5675	7899	6699
"RCHGF002544"	6	4	5	1	4	1	1597	1705	1884	595	583	467
"RCHGF002545"	5	15	3	1	1	0	1511	1606	1354	662	646	559
"RCHGF002546"	3	1	0	2	0	1	696	607	634	335	386	299
"RCHGF002547"	9	15	1	5	1	0	616	737	446	302	337	250
"RCHGF002548"	1	0	0	0	0	0	35	29	8	16	10	11
"RCHGF002549"	0	3	2	0	2	1	1688	1774	1025	404	558	466
"RCHGF002550"	29	41	41	27	23	21	5020	5726	1664	1270	1182	1139
"RCHGF002551"	38	33	23	17	8	11	6013	6898	1641	1555	1366	1120
"RCHGF002552"	7	10	1	0	0	1	1624	1759	305	442	367	349
"RCHGF002553"	0	0	0	0	0	0	7	4	5	0	0	0
"RCHGF002554"	64	107	56	25	27	18	10479	11750	5176	7039	8196	7150
"RCHGF002555"	4	3	1	0	0	0	468	568	172	131	120	107
"RCHGF002556"	3	2	0	1	0	0	275	265	127	100	66	58
"RCHGF002557"	9	3	3	0	0	0	491	499	232	262	230	190
"RCHGF002558"	1	3	0	0	0	0	616	692	575	273	242	214
"RCHGF002559"	0	0	1	0	0	0	80	82	280	16	12	11
"RCHGF002560"	0	0	1	0	0	2	448	338	1558	30	30	30
"RCHGF002561"	0	0	0	0	0	0	6	9	3	2	1	0
"RCHGF002562"	1	2	1	0	0	0	713	704	426	318	354	300
"RCHGF002563"	0	1	0	0	0	0	127	131	75	41	55	49
"RCHGF002564"	6	7	7	11	4	4	1662	1508	1521	650	728	575
"RCHGF002565"	10	12	6	2	6	3	1167	1501	677	754	940	837
"RCHGF002566"	21	16	7	3	6	6	1193	1557	593	676	895	762
"RCHGF002567"	0	3	0	2	1	0	203	231	166	102	172	163
"RCHGF002568"	2	3	4	2	2	1	815	865	1088	652	807	743
"RCHGF002569"	7	15	7	4	7	1	1790	1939	1121	993	1256	1104
"RCHGF002570"	6	6	3	1	2	0	2353	2134	5218	230	195	191
"RCHGF002571"	2	0	0	0	3	1	209	220	140	94	90	92
"RCHGF002572"	7	9	7	7	1	0	1920	2114	1363	1256	1033	839
"RCHGF002573"	0	4	2	0	2	0	147	176	106	56	46	66
"RCHGF002574"	6	2	1	1	2	0	374	412	258	189	223	162
"RCHGF002575"	0	0	1	0	0	0	48	52	34	72	50	22
"RCHGF002576"	3	0	2	0	1	3	381	389	201	598	586	516
"RCHGF002577"	13	18	12	5	4	2	3331	3871	2339	2327	2710	2082
"RCHGF002578"	11	11	10	8	8	0	1366	1291	785	882	1102	921
"RCHGF002579"	10	18	5	5	8	7	1155	1355	767	743	967	844
"RCHGF002580"	2	2	4	0	1	0	227	277	193	125	181	182
"RCHGF002581"	7	7	8	2	3	1	712	818	446	409	504	483
"RCHGF002582"	6	13	9	9	3	1	1399	1336	1344	646	738	655
"RCHGF002583"	19	19	16	15	27	8	58221	48478	107385	33303	30014	22141
"RCHGF002584"	3	12	9	6	0	2	1566	1547	2348	700	633	606
"RCHGF002585"	16	30	14	10	7	6	4598	4006	6618	1474	1062	1007
"RCHGF002586"	1	4	2	3	0	0	1132	941	533	609	517	422
"RCHGF002587"	1	0	0	0	0	1	159	120	150	63	50	59
"RCHGF002588"	3	1	1	4	1	0	343	353	412	262	246	190
"RCHGF002589"	0	1	0	0	2	0	38	52	41	33	17	16
"RCHGF002590"	12	8	0	0	0	1	361	334	340	249	178	148
"RCHGF002591"	2	10	5	5	3	4	687	684	522	150	227	246
"RCHGF002592"	0	0	0	0	0	0	42	28	24	6	9	13
"RCHGF002593"	2	7	0	4	2	0	344	500	168	179	149	117
"RCHGF002594"	10	23	10	4	1	1	603	744	371	580	625	565
"RCHGF002595"	14	20	16	16	2	2	983	1141	741	900	1210	1103
"RCHGF002596"	0	0	0	0	0	0	22	21	20	18	22	21
"RCHGF002597"	6	11	6	0	0	0	892	1095	1039	748	847	652
"RCHGF002598"	1	3	0	1	1	0	222	310	155	161	116	116
"RCHGF002599"	0	0	0	0	0	0	33	15	31	14	19	5
"RCHGF002600"	0	1	0	0	0	1	54	32	14	27	15	20
"RCHGF002601"	1	5	2	2	1	0	363	394	291	216	225	160
"RCHGF002602"	2	1	0	0	1	0	65	78	51	150	104	80
"RCHGF002603"	3	0	1	2	0	6	1098	1057	1150	851	895	753
"RCHGF002604"	0	0	1	0	0	0	38	24	24	19	41	26
"RCHGF002605"	5	9	5	4	1	2	176	248	114	39173	27225	35855
"RCHGF002606"	6	4	1	3	1	2	151	186	96	22260	14664	18867
"RCHGF002607"	50	58	14	36	8	8	644	918	619	274845	208811	229039
"RCHGF002608"	22	30	14	11	1	0	355	529	283	99376	75763	77048
"RCHGF002609"	9	19	7	5	1	0	1245	1271	482	1992	1433	1235
"RCHGF002610"	2	2	0	0	2	0	91	116	82	121	61	56
"RCHGF002611"	1	3	1	0	0	4	245	238	190	167	110	84
"RCHGF002612"	1	0	1	0	1	0	243	321	153	187	185	173
"RCHGF002613"	4	13	6	3	3	0	884	824	403	458	598	490
"RCHGF002614"	8	4	0	0	1	0	211	269	195	121	141	149
"RCHGF002615"	0	0	3	0	0	0	75	98	56	37	30	19
"RCHGF002616"	3	7	6	2	0	1	980.133	950.727	1328.3	516.12	478.487	375.095
"RCHGF002617"	0	3	1	0	0	0	727	749	520	546	414	425
"RCHGF002618"	0	1	0	0	1	0	163	135	101	467	348	245
"RCHGF002619"	0	0	0	0	0	0	118	146	112	542	425	265
"RCHGF002620"	0	1	0	0	0	0	32	32	18	21	12	7
"RCHGF002621"	3	4	1	5	0	0	1062	767	1139	612	892	656
"RCHGF002622"	0	0	0	0	0	0	5	8	9	2	5	4
"RCHGF002623"	9	10	4	1	3	0	248	267	188	356	244	250
"RCHGF002624"	10	27	11	0	2	2	1456	1588	612	1849	2127	1833
"RCHGF002625"	0	0	0	1	0	0	176	160	140	319	268	199
"RCHGF002626"	0	0	0	0	0	0	55	58	45	34	11	19
"RCHGF002627"	0	0	0	0	0	0	34	31	23	25	12	11
"RCHGF002628"	21	15	7	2	0	0	265	422	312	64617	64773	54526
"RCHGF002629"	0	2	1	1	0	0	80	115	104	34	39	27
"RCHGF002630"	1	4	1	0	3	1	188	161	136	78	37	41
"RCHGF002631"	14	5	8	2	3	0	2554	2162	1938	862	1009	785
"RCHGF002632"	2	1	0	0	0	1	168	180	140	104	78	59
"RCHGF002633"	4	5	0	0	1	0	468	459	119	39	11	13
"RCHGF002634"	0	5	1	0	0	0	704	765	185	94	31	32
"RCHGF002635"	1	1	0	0	0	0	301	368	99	28	13	9
"RCHGF002636"	0	0	2	0	1	0	401	407	155	74	30	36
"RCHGF002638"	2	0	0	0	1	0	50	63	59	30	17	29
"RCHGF002639"	2	0	1	0	0	2	812	643	555	223	183	148
"RCHGF002640"	0	0	2	0	0	0	208	153	109	307	294	181
"RCHGF002641"	0	2	1	0	1	10	358	337	370	715	533	432
"RCHGF002642"	5	3	0	0	0	0	824	856	1695	439	610	550
"RCHGF002643"	11	16	13	2	0	7	2730	2782	1941	948	899	700
"RCHGF002645"	10	10	5	2	3	5	1436	1607	1918	507	517	536
"RCHGF002646"	17	50	26	12	7	17	3302	2993	2259	2672	3224	3041
"RCHGF002647"	1	0	2	0	1	0	508	433	372	268	276	258
"RCHGF002648"	0	1	0	1	0	0	212	253	121	148	160	169
"RCHGF002649"	8	5	4	5	0	0	2432	2498	2273	1463	1926	1835
"RCHGF002650"	0	0	0	0	0	0	642	693	611	441	451	374
"RCHGF002651"	0	0	5	0	0	1	1313	1211	983	1377	1731	1353
"RCHGF002652"	3	5	1	1	2	0	858	969	477	1894	1617	1367
"RCHGF002653"	1	0	0	1	0	0	50	47	61	235	261	219
"RCHGF002654"	0	0	0	0	0	0	27	24	17	6	4	3
"RCHGF002655"	3	9	2	3	4	2	6373	6606	9964	2322	2382	1992
"RCHGF002656"	7	0	8	2	1	0	4285	4310	3585	2714	3507	2810
"RCHGF002657"	9	6	0	3	6	2	8476	7984	11996	3843	3263	2487
"RCHGF002658"	124	104	104	34	32	41	7875	8203	3652	11697	12009	11488
"RCHGF002659"	3	5	7	1	0	2	283	324	205	688	605	531
"RCHGF002660"	4	6	3	0	0	0	1367	985	817	851	1085	924
"RCHGF002661"	8	7	1	4	3	4	1248	1303	1301	1975	2042	1677
"RCHGF002662"	6	8	2	1	3	2	216	216	242	1919	1919	1789
"RCHGF002663"	35	39	30	13	14	16	2191	1791	1380	877	1119	888
"RCHGF002664"	3	3	1	2	0	0	738	754	537	803	1036	713
"RCHGF002665"	6	15	18	5	3	4	1639	2067	1415	718	922	754
"RCHGF002666"	1	7	1	1	5	0	4744	5101	3889	2392	2469	2076
"RCHGF002667"	1	8	3	1	0	0	132	180	155	309	188	193
"RCHGF002668"	3	1	4	1	0	0	104	109	68	349	350	289
"RCHGF002669"	0	0	0	0	0	0	2	1	1	0	0	0
"RCHGF002670"	0	1	0	0	0	0	30	59	31	36	30	16
"RCHGF002671"	3	2	5	3	3	4	345	386	165	281	214	189
"RCHGF002672"	5	6	3	0	3	5	178	204	164	215	212	122
"RCHGF002673"	8	3	2	1	3	0	676	805	360	316	323	270
"RCHGF002674"	1	4	4	3	1	1	204	220	148	86	91	100
"RCHGF002675"	7	1	1	0	0	0	178	180	124	103	115	92
"RCHGF002676"	3	7	4	1	0	0	670	735	337	280	292	234
"RCHGF002677"	6	7	4	0	1	0	408	434	388	245	278	266
"RCHGF002678"	3	1	3	0	0	0	297	330	170	128	163	138
"RCHGF002679"	2	1	2	0	0	1	988	1042	931	378	490	458
"RCHGF002681"	0	1	0	0	0	0	124	107	165	240	159	123
"RCHGF002682"	2	1	1	3	0	0	351	288	187	73	99	91
"RCHGF002683"	1	6	1	0	0	0	420	471	250	298	396	286
"RCHGF002684"	1	1	1	0	0	0	63	57	65	54	46	61
"RCHGF002685"	16	29	17	4	6	9	1697	1724	1342	1682	2178	1999
"RCHGF002686"	3	5	4	1	1	1	769	793	567	692	872	788
"RCHGF002687"	0	0	0	0	0	0	36	51	43	37	33	32
"RCHGF002688"	0	1	5	1	0	1	248	289	172	196	184	191
"RCHGF002689"	19	21	23	21	8	10	1682	1763	1172	18359	20766	17709
"RCHGF002690"	14	16	33	4	6	8	1092	1062	615	9320	12185	9957
"RCHGF002691"	0	0	1	0	0	0	10	8	11	8	9	11
"RCHGF002692"	2	20	4	2	1	2	332	398	201	637	504	411
"RCHGF002693"	0	1	1	0	0	0	54	77	26	43	22	16
"RCHGF002694"	14	33	29	18	14	11	2059	1999	2309	1156	1503	1226
"RCHGF002695"	8	7	5	4	6	1	2106	2123	1305	1278	1372	1179
"RCHGF002696"	0	0	0	3	0	0	95	76	64	436	398	273
"RCHGF002697"	5	1	3	5	1	0	179	295	241	21241	25686	19130
"RCHGF002698"	4	5	2	2	2	1	306	354	250	13178	11468	9806
"RCHGF002699"	1	0	2	0	1	1	66	112	69	797	742	676
"RCHGF002700"	7	13	15	2	0	1	578	648	244	1856	1965	1964
"RCHGF002701"	0	0	2	0	0	0	78	83	58	67	32	46
"RCHGF002702"	0	0	0	0	1	1	115	100	126	32	38	27
"RCHGF002703"	2	0	2	0	2	1	542	445	428	272	214	187
"RCHGF002704"	0	1	0	0	0	0	49	35	95	36	55	35
"RCHGF002705"	0	0	2	0	1	0	1087	948	1725	419	555	402
"RCHGF002706"	0	4	0	0	0	0	339	333	363	124	161	117
"RCHGF002707"	2	6	1	3	8	2	2652	2430	4954	1544	1402	1003
"RCHGF002708"	2	2	5	3	1	0	1321	1328	955	1062	1045	922
"RCHGF002709"	0	1	0	1	0	0	299	278	206	228	240	178
"RCHGF002710"	1	0	4	0	0	1	113	141	104	87	72	64
"RCHGF002711"	0	0	0	0	0	0	8	5	6	4	4	0
"RCHGF002712"	0	0	0	0	0	0	19	17	2	7	3	4
"RCHGF002713"	2	0	1	1	0	0	596	552	514	746	746	555
"RCHGF002714"	4	4	11	0	6	1	2074	2090	2140	2460	2986	2614
"RCHGF002715"	3	0	0	3	0	0	106	96	114	98	116	107
"RCHGF002716"	1	4	1	1	2	0	319	443	335	495	599	332
"RCHGF002717"	7	8	8	1	0	2	1564	1213	2235	1813	1366	1223
"RCHGF002718"	0	1	0	0	0	0	77	86	32	36	46	31
"RCHGF002719"	6	2	1	0	0	0	222	226	113	154	137	145
"RCHGF002720"	19	35	11	9	9	13	3915	4177	2391	1521	1927	1586
"RCHGF002721"	0	0	2	0	0	0	11	30	41	24	24	13
"RCHGF002722"	3	0	1	3	0	0	165	245	158	108	139	138
"RCHGF002723"	2	9	5	4	0	0	317	316	407	232	230	197
"RCHGF002724"	2	4	10	1	1	4	1048	1202	943	577	887	716
"RCHGF002725"	6	13	15	7	9	4	2353	2111	2243	747	795	630
"RCHGF002726"	16	14	8	9	1	5	2239	2140	1920	841	1089	969
"RCHGF002727"	0	1	0	0	0	0	377	372	341	131	163	121
"RCHGF002728"	4	3	3	0	1	1	1673	1851	1614	672	581	550
"RCHGF002729"	0	0	0	0	0	0	18	28	11	31	22	11
"RCHGF002730"	5	3	1	2	1	0	1072	1159	774	1026	1005	851
"RCHGF002731"	0	0	0	0	0	0	2	7	6	2	2	0
"RCHGF002732"	2	1	2	3	1	0	1076	1191	661	497	688	581
"RCHGF002733"	0	1	0	0	1	0	60	57	40	70	27	17
"RCHGF002734"	2	1	1	0	1	2	355	359	130	91	101	86
"RCHGF002735"	4	6	4	2	1	0	1434	1297	890	476	516	403
"RCHGF002736"	9	6	9	3	3	0	2066	1946	2819	751	699	538
"RCHGF002737"	0	1	1	0	1	1	235	247	234	171	129	108
"RCHGF002738"	7	1	4	1	0	1	2221	1871	1707	967	984	683
"RCHGF002739"	0	2	1	0	0	0	830	696	635	417	427	306
"RCHGF002740"	5	7	7	6	3	2	1165	1076	2032	558	685	618
"RCHGF002741"	0	0	1	0	0	0	35	33	16	6	12	2
"RCHGF002742"	22	33	36	8	9	7	5460	6107	4684	3101	4420	3855
"RCHGF002743"	0	1	0	0	0	0	28	24	14	12	6	5
"RCHGF002744"	2	1	0	0	0	0	215	253	154	3530	3564	3051
"RCHGF002745"	0	0	0	1	4	0	552	435	450	390	568	538
"RCHGF002746"	26	35	20	16	19	15	7792	8010	6127	5772	8825	7170
"RCHGF002747"	4	12	1	4	2	0	388	423	213	8027	7893	6786
"RCHGF002748"	32	39	44	15	17	12	7484	8181	3909	5872	7544	6705
"RCHGF002749"	5	4	7	1	0	1	899	816	598	548	703	646
"RCHGF002750"	3	6	4	1	6	1	716	783	466	407	496	373
"RCHGF002751"	1	1	1	1	0	0	439	490	362	301	320	255
"RCHGF002752"	18	8	9	1	3	1	5538	4888	6657	2878	3611	2901
"RCHGF002753"	52	61	75	22	23	24	22144	23231	13817	17573	24250	20978
"RCHGF002754"	0	8	3	0	0	0	190	238	147	281	355	337
"RCHGF002755"	1	5	4	2	1	2	4196	5118	3144	7324	10079	8584
"RCHGF002756"	3	3	0	1	0	0	3047	3625	3402	5677	7876	7384
"RCHGF002757"	3	4	1	1	1	0	1676	1820	1831	2856	4998	4107
"RCHGF002758"	6	3	2	2	1	0	2650	2990	2074	4235	6277	5141
"RCHGF002759"	94	105	72	72	44	39	34913	38191	29734	119511	121307	104205
"RCHGF002760"	18	29	29	13	12	17	10860	9812	6297	9596	16418	14447
"RCHGF002761"	2	0	1	1	1	0	239	216	202	220	283	307
"RCHGF002762"	9	6	2	0	0	1	612	702	404	1576	1721	1821
"RCHGF002763"	1	5	3	2	0	0	316	350	273	560	415	359
"RCHGF002764"	14	13	8	4	2	5	911	955	841	850	1256	1023
"RCHGF002765"	10	14	16	1	3	3	1723	1860	1833	1696	2537	2343
"RCHGF002766"	2	6	10	5	3	1	2292	2311	2314	1784	2381	2152
"RCHGF002767"	4	0	5	0	1	2	1009	1075	955	780	916	735
"RCHGF002768"	12	5	7	3	7	6	1459.1	1212.46	2156.85	479.539	498.634	393.038
"RCHGF002769"	59	60	51	33	40	21	21117	21015	43095	12423	11783	8399
"RCHGF002770"	99	101	71	69	50	31	40669	39059	57722	16666	11644	11259
"RCHGF002771"	11	19	14	5	2	9	1939	1525	2006	544	721	820
"RCHGF002772"	3	10	3	1	0	0	662	955	580	478	679	632
"RCHGF002773"	13	16	6	11	4	2	3964	5373	3726	2810	4570	3606
"RCHGF002775"	0	0	3	0	0	0	228	218	174	153	177	157
"RCHGF002776"	1	1	3	1	0	1	892	596	877	1403	1112	1008
"RCHGF002777"	1	5	3	1	2	0	214	201	126	18605	9706	8324
"RCHGF002778"	53	78	67	14	22	30	5353	5047	3309	2688	4227	3656
"RCHGF002779"	3	2	1	1	3	0	503	572	440	336	426	374
"RCHGF002780"	11	8	6	3	0	3	1913	1844	1786	1060	1540	1230
"RCHGF002781"	0	0	0	0	0	0	152	149	68	48	36	43
"RCHGF002782"	1	10	3	3	0	0	1094	1011	745	553	712	579
"RCHGF002783"	0	5	1	0	0	0	176	200	107	104	105	120
"RCHGF002784"	3	1	2	0	2	0	373	352	197	154	157	137
"RCHGF002785"	35	58	34	19	31	20	12409	12094	9563	7085	7832	6649
"RCHGF002786"	0	0	0	0	0	0	6	11	3	1	0	2
"RCHGF002787"	4	6	7	1	3	1	665	848	439	2747	2472	2138
"RCHGF002788"	1	1	0	0	1	1	264	325	189	954	760	645
"RCHGF002789"	5	0	1	0	0	0	196	189	202	323	347	366
"RCHGF002790"	1	3	4	0	0	0	476	528	277	1564	1321	1141
"RCHGF002791"	1	5	1	0	0	1	405	453	285	482	348	284
"RCHGF002792"	38	45	31	15	10	12	2087	2660	999	18486	18814	15134
"RCHGF002793"	3	10	8	2	3	4	811	821	655	583	813	695
"RCHGF002794"	47	66	47	20	16	23	5620	6703	4757	3838	4974	4315
"RCHGF002795"	39	49	35	21	13	18	6167	6365	5233	3412	4252	3474
"RCHGF002796"	1	4	1	0	0	0	62	46	14	38	34	40
"RCHGF002797"	12	29	31	5	7	7	9061	9589	9076	11062	20953	17638
"RCHGF002798"	15	8	17	9	4	5	11894	11524	9640	14999	24443	20361
"RCHGF002799"	1	0	0	0	0	0	33	32	27	21	23	1
"RCHGF002800"	3	1	0	4	1	2	436	461	406	823	1009	843
"RCHGF002801"	1	6	3	5	1	4	2622	2289	2164	3443	4090	3132
"RCHGF002802"	0	10	2	7	0	2	2300	2398	2665	3264	3357	2608
"RCHGF002803"	14	6	12	3	4	2	2819	2885	4185	783	590	489
"RCHGF002804"	0	0	0	0	0	0	4	5	10	1	3	8
"RCHGF002805"	3	10	4	3	2	3	2806	3487	2369	6502	7369	5545
"RCHGF002806"	4	0	1	1	3	0	2185	2382	2030	4851	5748	4542
"RCHGF002807"	3	5	4	0	2	3	589	559	293	338	366	313
"RCHGF002808"	9	22	28	6	6	4	967	1376	515	592	600	641
"RCHGF002809"	3	0	5	0	2	0	182	245	82	108	135	105
"RCHGF002810"	1	3	2	1	0	2	179	276	146	133	182	135
"RCHGF002811"	3	4	4	2	1	0	316	369	185	256	298	248
"RCHGF002812"	1	4	3	5	2	0	353	371	245	262	231	139
"RCHGF002813"	0	0	0	0	0	0	15	12	8	4	5	7
"RCHGF002814"	4	8	11	4	2	2	1484	1672	1016	876	930	812
"RCHGF002815"	1.03117	3	2	3	4	4	911.334	962.314	1943.95	679.085	691	595.94
"RCHGF002816"	0	0	0	0	1	1	70	79	59	15	16	16
"RCHGF002817"	0	0	2	0	0	0	277	231	373	113	139	122
"RCHGF002818"	4	0	0	0	0	0	144	125	101	51	65	48
"RCHGF002819"	1	0	2	0	1	1	179	213	110	402	335	322
"RCHGF002820"	0	2	2	0	1	0	401	418	565	573	553	481
"RCHGF002821"	1	1	1	0	1	1	152	147	73	831	582	518
"RCHGF002822"	8	2	2	5	0	0	365	533	219	3174	2173	2114
"RCHGF002823"	0	0	0	0	0	0	29	22	31	154	106	115
"RCHGF002824"	0	0	0	0	0	0	72	77	41	27	24	38
"RCHGF002825"	2	4	0	0	3	0	547	581	926	221	225	162
"RCHGF002826"	2	3	6	3	2	2	1492	1393	1050	560	739	648
"RCHGF002827"	2	7	7	1	2	0	524	540	496	319	476	408
"RCHGF002828"	1	2	3	0	0	1	371	410	303	207	250	164
"RCHGF002829"	0	4	3	3	2	0	567	537	334	284	319	291
"RCHGF002830"	3	2	5	2	1	2	3334	2669	4522	2654	2516	1610
"RCHGF002831"	3	0	0	1	0	0	430	422	1140	364	341	180
"RCHGF002832"	0	1	0	0	0	0	41	52	25	45	19	18
"RCHGF002834"	1	0	0	1	0	1	189	215	126	178	173	143
"RCHGF002835"	3	5	2	0	1	0	314	288	260	193	183	172
"RCHGF002837"	3	1	1	0	0	0	176	175	102	72	116	87
"RCHGF002838"	0	5	1	0	0	3	101	121	88	59	60	64
"RCHGF002839"	1	0	0	3	2	0	254	255	171	183	162	142
"RCHGF002840"	6	5	1	1	1	2	346	385	431	274	286	200
"RCHGF002841"	0	2	0	0	0	0	753	579	880	156	119	122
"RCHGF002842"	0	0	0	0	0	0	0	11	0	1	0	3
"RCHGF002843"	0	1	1	1	0	0	57	77	55	72	36	34
"RCHGF002844"	2	1	1	1	0	0	541	470	605	372	325	222
"RCHGF002845"	0	0	0	0	0	0	87	89	122	48	49	37
"RCHGF002846"	0	0	1	0	0	0	76	129	101	66	43	29
"RCHGF002847"	0	2	1	0	0	0	437	360	447	201	129	92
"RCHGF002848"	0	0	0	2	0	0	141	165	153	147	74	70
"RCHGF002849"	2	0	0	0	0	0	177	96	257	68	124	68
"RCHGF002850"	15	4	12	5	1	5	975	826	787	397	411	331
"RCHGF002851"	5	7	7	6	3	3	1074	1217	843	648	905	785
"RCHGF002852"	7	1	4	1	0	1	1113	1137	572	629	804	685
"RCHGF002853"	7	21	5	3	0	4	1303	1589	1301	939	1296	1005
"RCHGF002854"	0	1	1	0	0	0	6	9	5	4	7	3
"RCHGF002855"	0	0	0	0	0	0	9	10	2	48	19	18
"RCHGF002856"	0	0	0	3	0	0	29	20	23	495	334	298
"RCHGF002857"	2	8	0	0	2	1	480	462	373	2986	2447	2594
"RCHGF002858"	30	35	18	7	10	7	2175	1992	1261	1633	1922	1793
"RCHGF002859"	2	26	9	8	2	1	1179	1363	810	786	1138	927
"RCHGF002860"	0	2	0	0	0	0	43	35	13	34	33	27
"RCHGF002861"	3	4	2	2	2	0	235	280	160	207	169	202
"RCHGF002862"	6	5	4	4	3	2	1062	1137	899	545	473	367
"RCHGF002863"	9	6	12	5	2	2	2498	2095	2054	1527	2538	2597
"RCHGF002864"	0	0	0	0	0	0	9	12	4	0	1	2
"RCHGF002865"	1	0	2	0	2	0	343	391	213	181	220	165
"RCHGF002866"	0	0	1	0	0	0	35	21	24	24	15	18
"RCHGF002867"	0	0	2	0	0	0	180	227	138	81	104	80
"RCHGF002868"	4	8	1	3	4	0	538	461	206	244	333	255
"RCHGF002869"	0	0	0	0	0	1	52	69	53	12	39	28
"RCHGF002870"	0	0	2	0	0	0	40	37	24	11	15	13
"RCHGF002871"	4	3	1	0	3	0	675	612	616	333	342	292
"RCHGF002872"	0	1	1	0	2	0	401	313	442	190	192	136
"RCHGF002873"	0	0	3	0	0	2	15	13	46	19	7	15
"RCHGF002874"	0	0	0	0	0	0	152	166	153	84	139	117
"RCHGF002875"	0	0	0	0	0	0	0	2	2	4	2	2
"RCHGF002876"	2	2	0	0	0	0	126	177	161	70	78	88
"RCHGF002877"	2	1	1	0	0	0	245	233	227	67	113	77
"RCHGF002878"	0	0	1	0	0	0	173	235	260	130	90	66
"RCHGF002879"	0	0	0	0	0	0	101	74	66	46	44	33
"RCHGF002880"	0	0	0	0	0	0	51	85	55	24	16	27
"RCHGF002881"	0	0	0	0	0	0	123	95	106	39	37	24
"RCHGF002882"	5	3	1	0	0	0	1211	1188	1029	384	307	268
"RCHGF002883"	1	0	2	0	0	0	292	298	342	466	373	333
"RCHGF002884"	0	0	0	0	0	3	71	64	66	38	30	17
"RCHGF002885"	2	0	2	0	0	0	53	73	45	42	39	17
"RCHGF002886"	0	0	0	0	0	0	10	35	14	9	21	9
"RCHGF002887"	0	2	0	0	1	0	103	129	40	85	47	66
"RCHGF002888"	0	1	0	0	0	3	68	69	45	32	36	23
"RCHGF002889"	0	0	0	3	0	0	37	36	36	43	14	17
"RCHGF002890"	0	0	0	0	0	0	4	16	4	2	3	4
"RCHGF002891"	34	25	35	16	7	8	4473	4808	4558	2758	3441	2653
"RCHGF002892"	7	5	5	2	3	1	3810	4110	3315	2249	2717	2346
"RCHGF002893"	10	14	5	2	1	6	2581	3368	1956	2096	2393	2244
"RCHGF002894"	15	8	12	0	5	1	2660	3344	1845	1578	1912	1958
"RCHGF002895"	15	21	2	10	3	4	4778	5810	3979	1829	2183	1938
"RCHGF002896"	4	7	8	1	1	3	1019	1116	653	747	743	639
"RCHGF002897"	6	4	8	2	0	0	1009	1118	719	623	788	604
"RCHGF002898"	11	4	2	1	0	1	141	194	83	9287	9750	7779
"RCHGF002899"	13	19	10	0	5	5	2070	2409	1154	1227	1438	1272
"RCHGF002900"	21	20	15	6	4	8	2911	3168	3254	1595	1857	1588
"RCHGF002901"	0	0	0	0	0	0	5	15	7	23	10	18
"RCHGF002902"	27	37	17	5	9	5	5068	4822	5430	3838	5657	4478
"RCHGF002903"	13	6	6	3	10	5	1712	1892	1221	1267	1506	1235
"RCHGF002904"	15	18	10	10	11	5	3134	3550	1873	1578	2186	1848
"RCHGF002905"	11	12	16	4	2	6	2071	2130	1456	5674	4847	4865
"RCHGF002906"	1	6	4	1	0	0	325	343	218	239	181	166
"RCHGF002907"	2	2	2	0	0	0	87	74	64	65	43	35
"RCHGF002908"	1	6	0	0	1	0	86	103	45	80	40	39
"RCHGF002909"	14	5	7	0	9	3	1421	1568	1075	969	1042	905
"RCHGF002910"	152	193	162	87	64	61	14911	16348	4066	2503	2113	1979
"RCHGF002911"	8	26	24	6	7	5	1646	1586	602	273	238	283
"RCHGF002912"	14	26	12	11	13	5	4008	3480	3999	6563	5498	4585
"RCHGF002913"	0	0	0	0	0	0	95	113	18	32	32	46
"RCHGF002914"	0	1	2	0	0	0	33	41	17	14	16	6
"RCHGF002915"	3	1	5	2	1	0	1482	1671	2048	2161	1154	1046
"RCHGF002916"	2	4	5	0	0	1	369	315	178	431	363	382
"RCHGF002917"	0	0	2	0	0	0	31	47	8	43	45	27
"RCHGF002918"	7	8	5	8	5	3	1650	1689	1522	1135	1499	1227
"RCHGF002919"	1	0	0	1	0	1	157	184	97	3810	1763	1989
"RCHGF002920"	1	3	0	2	0	0	176	135	83	188	173	176
"RCHGF002921"	4	3	1	0	0	0	351	368	132	151	116	126
"RCHGF002922"	5	3	4	1	0	1	2080	2302	1596	1210	1293	977
"RCHGF002923"	18	14	16	2	3	10	982	1271	402	2007	1558	1318
"RCHGF002924"	6	6	5	1	0	1	346	459	95	388	446	379
"RCHGF002925"	17	32	26	6	12	22	1860	1783	1014	1904	2094	1856
"RCHGF002926"	114	158	109	34	39	51	6179	7026	1688	3256	4010	3102
"RCHGF002927"	4	10	8	8	4	7	796	866	608	578	776	594
"RCHGF002928"	34	74	32	11	21	11	6702	7593	5980	4995	6301	4976
"RCHGF002929"	23	33	35	6	2	7	4014	4726	2260	3568	5291	4205
"RCHGF002930"	12	24	4	1	2	3	1657	2191	1454	1750	2347	1906
"RCHGF002931"	20	19	20	5	1	6	1805	2157	1412	1544	2171	1862
"RCHGF002932"	1	5	3	4	1	0	271	244	87	852	1018	854
"RCHGF002933"	10	16	22	2	9	4	3642	3764	2611	3355	4717	3669
"RCHGF002934"	14	11	12	3	1	6	3573	3910	3017	3433	5091	3686
"RCHGF002935"	4	4	1	2	2	1	1336	1473	749	531	591	533
"RCHGF002936"	16	12	5	1	6	0	824	795	625	760	857	592
"RCHGF002937"	32	34	27	12	15	8	9627	8792	5474	3709	4744	3700
"RCHGF002938"	82	107	88	27	32	35	11003	11516	4690	4123	5924	5195
"RCHGF002939"	3	3	4	4	0	0	186	281	107	3464	2929	2265
"RCHGF002940"	11	11	11	1	2	3	1558	1548	1543	772	1046	944
"RCHGF002941"	27	12	14	4	6	9	2900	2721	1846	1324	1586	1312
"RCHGF002942"	0	0	0	0	0	0	67	91	32	26	25	36
"RCHGF002943"	209	223	253	82	89	95	22952	17846	14048	8683	13993	11807
"RCHGF002944"	6	2	3	10	1	8	1063	1275	751	1169	574	358
"RCHGF002945"	0	0	0	0	0	0	0	0	0	0	0	0
"RCHGF002946"	85	135	115	41	46	47	8097	7942	3827	4016	5151	4217
"RCHGF002947"	26	39	16	15	11	9	2042	2410	815	1337	1201	1034
"RCHGF002948"	0	0	0	0	0	0	12	21	3	9	12	4
"RCHGF002949"	2	10	9	7	0	0	1851	1986	802	1053	1238	999
"RCHGF002950"	3	1	0	0	1	3	474	410	368	256	311	254
"RCHGF002951"	2	0	2	0	0	3	433	470	536	258	370	381
"RCHGF002952"	0	0	1	0	0	0	131	186	123	82	64	84
"RCHGF002953"	26	31	29	5	3	10	4634	5309	2061	2517	3124	2601
"RCHGF002954"	15	18	9	6	8	4	2822	3333	2058	1912	2627	2319
"RCHGF002955"	6	12	2	3	1	2	1382	1487	1295	795	908	793
"RCHGF002956"	31	50	26	7	9	12	7041	7767	5886	3780	5367	4718
"RCHGF002957"	7	8	19	1	4	7	2579	2186	2507	1137	2012	1618
"RCHGF002958"	14	10	8	0	1	2	3409	3267	2536	1268	2351	1883
"RCHGF002959"	3	1	2	6	0	0	626	751	741	426	527	483
"RCHGF002960"	20	23	17	6	5	1	9457	7903	4740	1559	2197	1716
"RCHGF002961"	29	26	24	9	12	17	3281	3413	2211	1740	2227	1768
"RCHGF002962"	0	0	0	0	2	0	21	43	22	2	6	12
"RCHGF002963"	116	190	177	41	51	32	11554	12039	5885	6109	7790	6573
"RCHGF002964"	1	0	3	2	0	0	890	956	915	544	886	642
"RCHGF002965"	0	6	7	0	2	1	981	1193	787	630	892	788
"RCHGF002966"	9	3	2	4	2	4	399	402	398	261	298	252
"RCHGF002967"	14	10	7	2	2	2	1413	1495	1495	936	866	633
"RCHGF002968"	0	0	0	0	0	0	4	8	0	11	3	3
"RCHGF002969"	78	85	77	39	37	31	25602	26372	16485	21814	23071	19501
"RCHGF002970"	6	14	14	6	1	1	2852	2767	2737	2864	4182	3601
"RCHGF002971"	5	10	6	1	3	0	3048	3410	2255	2101	2829	2215
"RCHGF002972"	0	1	1	3	0	0	928	990	668	666	705	563
"RCHGF002973"	119	137	152	62	54	58	11240	11470	7882	13246	15902	13345
"RCHGF002974"	4455	5810	4399	2330	2188	2116	988146	1155650	772216	183160	173113	137415
"RCHGF002975"	10	11	5	3	2	1	2785	3169	1740	1699	2115	1901
"RCHGF002976"	16	12	7	4	2	3	3861	3719	4062	1270	1713	1476
"RCHGF002977"	5	9	5	0	3	0	982	948	592	380	328	228
"RCHGF002978"	11	8	1	1	1	1	2273	2305	839	754	1032	762
"RCHGF002979"	12	6	3	2	1	2	309	458	415	1643	1149	1000
"RCHGF002980"	0	0	0	0	0	0	5	10	16	12	14	5
"RCHGF002981"	0	1	2	1	0	1	629	415	2226	248	309	238
"RCHGF002982"	0	1	1	0	0	2	400	468	267	266	305	280
"RCHGF002983"	5	10	3	3	2	1	907	802	635	2557	3071	2464
"RCHGF002984"	2	0	2	0	0	0	121	106	80	357	205	163
"RCHGF002985"	0	0	0	0	0	0	95	88	79	152	92	71
"RCHGF002986"	1	2	0	0	2	0	611	446	1057	829	829	541
"RCHGF002987"	5	8	3	0	0	7	819	936	1014	1209	1307	1119
"RCHGF002988"	60	70	68	23	16	20	16282	12020	14175	4527	5079	4575
"RCHGF002989"	1	2	0	2	0	0	56	48	53	61	33	32
"RCHGF002990"	13	10	9	6	7	4	1865	1952	1759	1457	2140	1863
"RCHGF002991"	2	5	6	2	2	5	1320	1142	1374	905	1424	1213
"RCHGF002992"	4	5	0	2	0	2	270	367	165	1908	1639	1556
"RCHGF002993"	0	0	0	0	0	0	17	20	6	76	72	63
"RCHGF002994"	14	16	10	6	5	6	6814	4937	3364	973	2188	1966
"RCHGF002995"	0	0	0	0	0	0	14	5	16	3	11	9
"RCHGF002996"	7	0	7	0	0	0	257	260	238	195	233	163
"RCHGF002997"	9	4	3	0	0	1	1492	1257	2302	491	482	371
"RCHGF002998"	0	1	1	0	1	0	126	125	208	42	47	20
"RCHGF002999"	18	16	13	11	4	9	5109	5434	3464	2285	2806	2514
"RCHGF003000"	4	6	5	4	0	0	904	947	340	600	648	562
"RCHGF003001"	21	16	15	12	5	16	896	720	349	953	786	684
"RCHGF003002"	26	34	22	10	3	5	1206	1403	410	2926	4061	3922
"RCHGF003003"	21	40	30	10	8	7	1450	1677	441	4037	4294	4238
"RCHGF003004"	5	2	2	1	2	0	1272	905	3004	961	1291	888
"RCHGF003005"	7	5	5	2	6	0	1705	1700	1300	1112	1102	702
"RCHGF003006"	32	69	27	36	21	21	4445	4964	4226	1835	1636	1268
"RCHGF003007"	587	664	574	364	280	270	47075	41641	224275	11780	24542	19954
"RCHGF003008"	5	7	3	2	0	0	1329	1444	1557	14991	15800	12738
"RCHGF003009"	1	0	1	1	0	0	157	178	119	12100	10063	8484
"RCHGF003010"	6	9	5	1	2	0	2029	1625	1161	1228	1424	1085
"RCHGF003011"	2	1	1	1	0	0	343	316	249	153	163	151
"RCHGF003012"	10	2	2	0	2	0	438	418	227	425	378	280
"RCHGF003013"	7	8	2	2	0	1	433	562	285	245	296	244
"RCHGF003014"	2	6	5	1	2	1	397	363	315	500	516	365
"RCHGF003015"	1	2	7	0	0	0	206	268	115	138	129	106
"RCHGF003016"	0	2	0	1	1	0	137	124	75	80	61	44
"RCHGF003017"	1	3	1	0	0	0	178	216	68	67	103	50
"RCHGF003018"	3	3	1	2	4	0	347	449	199	1223	1045	836
"RCHGF003019"	1	5	1	0	2	0	160	181	84	76	90	72
"RCHGF003020"	0	2	4	1	1	3	227	192	283	198	297	220
"RCHGF003021"	1	7	3	0	2	0	672	702	513	947	1120	919
"RCHGF003022"	0	2	3	7	0	0	1047	1146	628	1564	1853	1485
"RCHGF003023"	0	0	1	0	0	1	109	85	82	93	91	62
"RCHGF003024"	10	13	11	1	2	2	1774	2124	1013	1014	1133	1033
"RCHGF003025"	2	8	8	1	4	6	2211	2182	1496	1120	1422	1093
"RCHGF003026"	0	2	0	0	0	0	48	64	27	12	17	18
"RCHGF003027"	29	72	34	20	10	20	4135	4592	2016	4321	5107	4235
"RCHGF003028"	21	20	13	4	9	4	3099	3494	1730	1359	1711	1666
"RCHGF003029"	0	0	0	2	2	0	16	27	18	6	17	18
"RCHGF003030"	9	12	6	6	7	3	1999	2244	3014	1121	1240	1157
"RCHGF003031"	9	6	7	2	1	1	3753	3556	4501	741	515	443
"RCHGF003032"	6	4	9	1	5	1	938	1095	655	442	585	507
"RCHGF003033"	5	4	10	1	3	2	1100	1253	913	347	791	699
"RCHGF003034"	4	6	3	3	0	2	1290	1308	784	495	902	754
"RCHGF003035"	285	335	306	122	94	79	151155	168564	100906	137146	213202	188872
"RCHGF003036"	47	44	18	33	3	2	1487	1740	1419	222217	271505	220338
"RCHGF003037"	3	0	1	0	0	0	22	34	21	465	278	283
"RCHGF003038"	26	22	18	5	5	8	3525	3852	1684	3713	2925	2845
"RCHGF003039"	14	12	6	7	9	8	1729	1972	1198	1510	1333	1146
"RCHGF003040"	16	16	11	12	3	6	2469	2197	2364.27	1514	1655	1193
"RCHGF003041"	8	10	13	2	2	0	1340	1468	1592.73	735	1012	798
"RCHGF003042"	16	33	13	11	3	10	3347	3335	2746	988	1297	1109
"RCHGF003043"	1	6	1	3	0	1	957	974	791	389	552	403
"RCHGF003044"	1	8	2	0	0	2	1413	1409	1427	485	495	300
"RCHGF003045"	0	2	0	1	0	2	1367	1029	1134	353	338	217
"RCHGF003046"	74	87	98	36	29	40	38485	31216	17663	5002	5361	3765
"RCHGF003047"	2	3	1	1	0	0	1216	1416	607	528	677	523
"RCHGF003048"	21	13	9	6	3	2	18703	18469	15088	11677	19195	14238
"RCHGF003049"	14	15	15	8	1	2	11571	9143	8622	10248	10527	8490
"RCHGF003050"	0	0	1	0	0	0	37	39	24	19	13	7
"RCHGF003051"	2	0	1	0	0	0	79	86	66	39	28	28
"RCHGF003052"	16.1333	10.137	8	14.4118	13.6047	5	61371.5	44861.3	73287.7	40048.7	37827.4	24439.7
"RCHGF003053"	2	2	5	0	0	2	4266	4117	2842	1201	1151	995
"RCHGF003054"	5	7	0	1	0	0	1001	867	300	534	713	570
"RCHGF003055"	0	0	0	0	0	0	21	12	25	6	4	1
"RCHGF003056"	1	4	8	0	0	0	722	843	311	213	237	204
"RCHGF003057"	22	30	34	5	7	23	5824	4701	2919	3092	3232	2433
"RCHGF003058"	1	6	3	1	1	0	779	813	302	156	297	254
"RCHGF003059"	10	8	5	0	2	0	990	940	418	306	463	330
"RCHGF003060"	17	14	14	4	1	10	2006	1929	1075	841	1112	819
"RCHGF003061"	34	54	32	21	5	11	15968	13723	13502	12725	12132	9852
"RCHGF003062"	5	8	5	2	4	2	2522	2485	2199	1465	1464	1354
"RCHGF003063"	0	0	0	0	0	0	29	30	15	5	6	6
"RCHGF003064"	3	9	3	1	2	0	2019	1689	1486	1190	1643	1368
"RCHGF003065"	5	1	5	0	0	0	1305	1096	606	230	308	238
"RCHGF003066"	42	61	48	15	9	27	6419	5334	6077	6017	7264	6196
"RCHGF003067"	23	41	31	7	13	14	6499	6710	5019	5111	6640	6337
"RCHGF003068"	4	2	9	1	1	0	936	981	1051	561	763	756
"RCHGF003069"	1	0	3	0	0	0	312	368	376	145	250	213
"RCHGF003070"	1	0	1	0	0	0	33	25	30	6	15	17
"RCHGF003071"	1	7	3	1	1	1	432	404	261	167	239	178
"RCHGF003072"	1	4	5	0	0	1	280	305	154	137	186	163
"RCHGF003073"	11	19	10	10	2	7	3082	3031	2804	2176	2509	2185
"RCHGF003074"	2	3	2	0	2	0	671	798	503	577	569	522
"RCHGF003075"	0	0	2	0	0	0	17	20	9	14	12	8
"RCHGF003076"	0	0	1	0	0	0	125	93	53	92	75	79
"RCHGF003077"	1	4	0	0	0	0	254	263	290	216	312	256
"RCHGF003078"	0	0	1	0	0	0	105	90	57	36	60	57
"RCHGF003079"	10	11	1	6	2	1	1681	1689	1586	980	1001	746
"RCHGF003080"	0	0	1	0	0	0	214	137	167	115	122	83
"RCHGF003081"	0	2	3	0	0	6	1018	892	605	583	843	690
"RCHGF003082"	1	4	10	0	0	3	953	1022	674	677	911	770
"RCHGF003083"	3	11	4	1	1	0	1006	1121	862	711	922	784
"RCHGF003084"	0	3	4	0	0	1	539	571	416	375	462	384
"RCHGF003085"	2	1	3	1	3	1	1871	2219	1067	1101	1124	898
"RCHGF003086"	1	0	0	0	0	0	114	146	54	28	31	30
"RCHGF003087"	27	33	26	16	9	3	6284	5301	5121	2585	3831	3315
"RCHGF003088"	21	29	22	8	15	12	23211	26664	15939	8762	9884	8609
"RCHGF003089"	23	27	25	3	11	12	5763	6181	3500	3129	4296	3841
"RCHGF003090"	15	12	9	3	1	1	3525	3466	1321	1004	1071	996
"RCHGF003091"	6	4	4	1	0	3	1464.5	1400.2	756.713	639.327	699.15	575.498
"RCHGF003092"	2	6	3	0	0	0	497	641	180	151	136	110
"RCHGF003093"	1	1	0	0	0	0	235	220	95	66	64	52
"RCHGF003094"	29	41	42	10	7	14	5847	5496	2177	6560	7609	6492
"RCHGF003095"	9	3	4	1	0	0	942	879	276	1786	1633	1431
"RCHGF003096"	3	0	0	1	0	2	360	196	131	143	175	174
"RCHGF003097"	2	4	3	6	1	5	425	346	313	268	298	266
"RCHGF003098"	36	33	42	5	7	10	2961	2913	1313	2188	3131	2819
"RCHGF003099"	9	3	1	1	0	0	381	389	279	356	421	359
"RCHGF003100"	29	40	20	24	19	10	4268	3556	2295	3351	3990	3412
"RCHGF003101"	5	3	17	4	0	0	960	966	698	488	656	561
"RCHGF003102"	15	22	5	4	3	4	2533	2626	2343	1222	1580	1331
"RCHGF003103"	0	1	0	0	0	0	23	19	18	13	9	5
"RCHGF003104"	0	0	0	0	0	1	114	120	65	49	39	23
"RCHGF003105"	7	15	5	7	5	10	2599	2836	2313	1495	2165	1693
"RCHGF003106"	0	0	0	0	0	0	19	23	23	9	4	10
"RCHGF003107"	10	7	3	0	0	2	628	711	562	443	563	439
"RCHGF003108"	4	6	4	0	0	0	366	473	215	201	234	177
"RCHGF003109"	1	2	3	0	0	0	144	204	183	134	132	96
"RCHGF003110"	0	7	0	0	0	0	229	219	203	171	119	95
"RCHGF003111"	6	10	6	4	0	1	3467	3210	2494	2014	2899	2190
"RCHGF003112"	1	3	1	2	1	4	850	770	318	2861	1758	2100
"RCHGF003113"	2	5	0	1	1	2	476	599	298	1371	905	985
"RCHGF003114"	3	7	9	3	1	1	749	854	431	582	624	560
"RCHGF003115"	1	4	0	0	0	0	304	220	265	391	408	333
"RCHGF003116"	4	3	4	5	0	0	1199	1372	512	414	578	485
"RCHGF003117"	8	8	1	2	0	4	763	986	325	312	276	257
"RCHGF003118"	12	11	10	1	3	1	2819	3357	832	372	548	449
"RCHGF003119"	16	17	17	11	13	15	3958	3470	7072	16866	14689	9901
"RCHGF003120"	6	3	4	2	1	0	1819	1849	3259	7547	6409	4250
"RCHGF003121"	10	5	8	4	4	4	1498	1807	610	637	851	787
"RCHGF003122"	3	10	7	0	2	2	494	632	299	216	257	225
"RCHGF003123"	0	1	0	0	0	0	9	8	37	7	9	7
"RCHGF003124"	0	1	0	0	0	0	74	78	57	43	20	30
"RCHGF003125"	5	11	3	0	1	0	555	558	376	259	263	250
"RCHGF003126"	8	3	5	2	1	0	1206	1057	734	404	414	333
"RCHGF003127"	8	6	0	1	4	2	4869	4225	6150	1484	1678	1323
"RCHGF003128"	5	9	7	4	4	2	820	820	318	269	345	276
"RCHGF003129"	9	11	6	2	1	1	559	612	244	296	301	319
"RCHGF003130"	10	29	21	15	6	0	3254	2978	4972	1692	1461	1205
"RCHGF003131"	1	0	2	0	0	0	42	31	21	29	11	15
"RCHGF003132"	21	14	6	5	7	9	1813	2051	1270	850	598	542
"RCHGF003133"	210	282	281	124	136	142	26472	27063	15040	8705	8213	6204
"RCHGF003134"	57	68	66	13	22	21	7397	6434	6312	2171	3133	2442
"RCHGF003135"	61	77	79	48	38	35	8083	6172	7018	733	3196	2229
"RCHGF003136"	0	0	0	0	0	0	79	109	126	46	28	30
"RCHGF003137"	6	5	3	1	2	3	1755	1815	2282	776	1097	991
"RCHGF003138"	4	7	4	1	0	0	474	506	362	265	293	286
"RCHGF003139"	1	1	0	0	0	0	189	214	107	107	107	89
"RCHGF003140"	4	2	2	3	1	0	849	907	527	440	480	438
"RCHGF003142"	45	52	32	5	10	14	7340	7961	4397	6040	6791	5837
"RCHGF003143"	8	4	0	3	0	0	195	205	188	55717	41335	43673
"RCHGF003144"	0	3	0	0	0	0	43	69	20	104	64	40
"RCHGF003145"	8	19	3	6	4	3	3260	3431	2046	1817	2369	1978
"RCHGF003146"	19	38	17	9	5	3	4253	3660	5399	2202	2189	1896
"RCHGF003147"	0	1	0	0	0	0	789	663	545	334	342	280
"RCHGF003148"	105	138	92	43	38	44	45558	45798	34581	27766	42754	34962
"RCHGF003149"	68	87	45	28	26	21	40717	44890	31844	28400	39661	32531
"RCHGF003150"	4	1	0	1	0	0	493	559	462	362	570	427
"RCHGF003151"	11	13	4	14	17	1	27933	28381	75946	14459	17913	13434
"RCHGF003152"	3	5	6	0	2	0	18345	18168	21826	11168	16684	13325
"RCHGF003154"	11	18	5	2	4	0	10907	12017	8807	9930	11621	9336
"RCHGF003155"	3	2	0	1	1	3	4719	5094	2995	4716	5066	4166
"RCHGF003156"	1	1	0	0	0	0	23	13	19	8	12	15
"RCHGF003157"	0	0	0	0	0	0	12	17	5	16	8	4
"RCHGF003158"	0	8	8	0	2	0	1148	1363	923	672	738	636
"RCHGF003159"	5	14	7	4	2	6	514	544	328	263	408	356
"RCHGF003160"	3	12	9	5	0	5	891	775	620	751	784	753
"RCHGF003161"	4	10	8	0	4	1	1081	1077	750	1056	1343	1097
"RCHGF003162"	6	7	4	0	2	1	1638	1528	1173	1298	1707	1443
"RCHGF003163"	6	11	5	3	0	0	3779	3903	2235	1898	2467	1984
"RCHGF003164"	2	3	0	0	0	0	237	254	177	240	176	169
"RCHGF003165"	2	7	0	0	0	0	110	145	104	106	115	90
"RCHGF003166"	5	1	5	0	2	0	119	199	140	109	125	114
"RCHGF003167"	0	0	1	0	1	0	77	104	92	37	27	15
"RCHGF003168"	0	1	1	0	0	0	42	63	30	32	21	19
"RCHGF003169"	0	0	0	0	0	0	19	7	10	3	4	1
"RCHGF003170"	0	0	0	0	0	0	3	0	1	0	1	1
"RCHGF003171"	0	1	1	0	0	0	69	80	49	32	25	18
"RCHGF003172"	4	2	0	0	0	0	115	148	102	88	72	58
"RCHGF003173"	0	3	0	0	0	0	41	42	24	16	7	7
"RCHGF003174"	10	1	3	0	0	1	218	228	209	88	97	74
"RCHGF003175"	0	0	0	0	0	0	34	38	26	23	6	6
"RCHGF003176"	1	0	2	1	1	0	87	111	71	39	40	34
"RCHGF003177"	6	3	3	1	0	0	408	396	387	166	140	131
"RCHGF003178"	1	0	0	0	0	0	31	67	13	13	2	8
"RCHGF003179"	26	30	22	9	11	10	2259	2348	1978	2043	2786	2582
"RCHGF003180"	0	0	0	0	0	0	15	26	5	5	4	0
"RCHGF003181"	1	0	0	0	0	0	193	138	150	83	160	91
"RCHGF003182"	1	1	0	0	0	0	210	249	193	226	225	229
"RCHGF003183"	0	0	1	0	0	2	301	305	224	212	218	207
"RCHGF003184"	4	7	1	1	0	0	574	684	475	376	342	357
"RCHGF003185"	1	1	2	3	0	0	297	321	496	146	198	133
"RCHGF003186"	1	2	4	0	0	0	243	348	246	129	103	120
"RCHGF003187"	0	0	0	1	1	0	26	25	107	9	11	6
"RCHGF003188"	0	1	3	1	0	0	160	127	397	26	23	14
"RCHGF003189"	4	9	7	3	2	4	826	766	578	282	282	274
"RCHGF003190"	47	42	34	8	9	9	11887	12213	4744	4628	5463	4909
"RCHGF003191"	0	1	4	0	0	0	267	288	187	334	205	197
"RCHGF003192"	0	0	0	0	0	0	19	19	27	51	31	37
"RCHGF003193"	3	7	0	1	0	5	239	243	175	305	154	156
"RCHGF003194"	0	0	0	0	0	0	44	32	83	20	4	6
"RCHGF003195"	6	11	4	2	2	3	717	694	410	2482	1601	1162
"RCHGF003196"	2	0	1	0	1	0	106	111	96	47	21	27
"RCHGF003197"	3	8	2	5	2	2	773	718	838	327	358	280
"RCHGF003198"	0	0	0	0	0	0	11	5	10	3	6	6
"RCHGF003199"	1	3	2	0	1	0	246	287	179	116	140	103
"RCHGF003200"	0	0	0	0	0	0	76	122	78	57	60	52
"RCHGF003201"	5	6	4	0	4	1	1384	1144	1077	491	562	346
"RCHGF003202"	14	5	1	0	0	1	810	779	819	822	1298	1102
"RCHGF003203"	0	0	2	0	0	0	227	262	248	223	286	218
"RCHGF003204"	2	1	7	0	0	0	1214	1398	1132	1291	1735	1577
"RCHGF003205"	4	0	2	3	0	1	1140	1322	902	1092	1738	1588
"RCHGF003206"	6	1	0	0	3	0	957	981	602	926	1223	948
"RCHGF003207"	0	3	0	2	0	0	427	571	410	427	627	484
"RCHGF003208"	0	1	0	0	1	0	1012	1188	1254	901	1406	1094
"RCHGF003209"	4	0	0	0	0	0	345	343	358	329	476	343
"RCHGF003210"	4	0	1	0	0	0	598	653	608	647	1044	823
"RCHGF003211"	3	4	0	1	0	4	668	697	657	742	1082	897
"RCHGF003212"	1	3	2	2	0	2	1029	947	1236	840	1198	1070
"RCHGF003213"	6	6	3	4	6	0	3989	4053	2479	6856	8363	7484
"RCHGF003214"	0	0	0	0	0	1	94	130	79	97	62	56
"RCHGF003215"	0	0	0	0	0	0	297	318	160	292	238	178
"RCHGF003216"	0	1	0	0	0	0	145	180	80	245	190	184
"RCHGF003217"	2	0	0	0	0	0	90	103	79	905	878	664
"RCHGF003218"	2	10	0	0	0	0	131	161	88	1698	1490	1270
"RCHGF003220"	25	34	29	7	8	8	14462	11651	6493	6108	5215	4292
"RCHGF003221"	92	110	75	38	37	43	21416	17837	12200	6744	5354	4168
"RCHGF003222"	5	2	2	0	0	0	741	748	667	171	198	163
"RCHGF003223"	2	2	3	0	0	0	276	245	174	73	74	85
"RCHGF003224"	2	3	3	1	2	0	691	676	508	200	241	191
"RCHGF003225"	2	4	3	2	1	3	701	954	490	294	300	290
"RCHGF003226"	3	1	0	0	0	0	300	240	171	99	113	96
"RCHGF003227"	16	39	13	4	6	4	3740	4352	2449	1600	1951	1685
"RCHGF003228"	12	17	6	4	3	2	2233	2613	1278	1001	1444	1262
"RCHGF003229"	0	0	0	1	0	0	57	35	25	11	13	8
"RCHGF003230"	8	18	16	7	5	1	4300	4109	4318	2629	4170	3631
"RCHGF003231"	6	2	7	7	2	3	2993	3299	1838	1311	1909	1577
"RCHGF003232"	12	17	8	0	1	0	2241	2516	1081	1038	1163	1032
"RCHGF003233"	1	0	1	1	5	0	94	112	64	44	31	25
"RCHGF003234"	0	5	1	4	0	0	199	211	122	149	129	107
"RCHGF003235"	0	0	0	0	0	3	65	63	49	25	20	19
"RCHGF003236"	2	4	2	0	0	0	224	328	165	217	141	160
"RCHGF003238"	28	45	56	22	19	23	2871	3074	1121	846	1175	853
"RCHGF003239"	2	1	4	0	1	6	1155	1050	1030	496	579	500
"RCHGF003240"	14	11	10	1	5	3	1244	1358	600	842	946	1015
"RCHGF003241"	3	11	1	1	0	0	441	459	255	299	275	265
"RCHGF003242"	4	1	4	0	0	0	218	243	127	136	139	118
"RCHGF003243"	18	24	23	4	1	3	1270	1580	843	956	1094	1153
"RCHGF003244"	11	24	15	10	10	6	1221	1158	908	669	683	689
"RCHGF003245"	1	9	2	0	0	2	1293	1159	688	577	921	713
"RCHGF003246"	2	2	2	0	0	2	65	74	47	99	74	41
"RCHGF003247"	0	1	0	2	1	0	192	187	366	348	253	172
"RCHGF003248"	0	3	0	0	0	0	122	129	85	47	68	61
"RCHGF003249"	0	5	4	3	0	0	1239	946	1757	559	633	549
"RCHGF003250"	7	8	0	0	0	0	396	414	298	212	234	195
"RCHGF003252"	0	0	0	0	0	1	178	148	89	70	72	69
"RCHGF003253"	45	22	38	15	13	11	37460	33488	36767	36945	26708	18066
"RCHGF003254"	0	0	0	0	0	0	34	48	24	20	12	20
"RCHGF003255"	2	4	0	3	0	0	704	545	563	386	338	269
"RCHGF003256"	6	3	2	1	1	0	757	748	558	4830	4051	3533
"RCHGF003257"	5	2	4	1	0	1	182	192	153	6471	6349	5333
"RCHGF003258"	2	1	0	0	1	0	22	45	48	51	83	68
"RCHGF003259"	2	0	4	0	0	2	149	124	133	290	364	323
"RCHGF003260"	1	1	1	1	0	0	181	158	93	1297	1271	1299
"RCHGF003261"	2	2	0	2	0	0	297	332	261	2999	2703	2304
"RCHGF003262"	6	3	2	2	0	0	633	562	813	588	470	277
"RCHGF003263"	0	0	0	0	0	0	29	36	24	22	37	13
"RCHGF003264"	4	1	0	1	1	0	779	855	990	740	545	416
"RCHGF003265"	0	0	0	0	0	0	7	4	4	1	15	2
"RCHGF003266"	0	0	0	0	0	0	5	0	8	2	0	3
"RCHGF003267"	0	0	0	0	0	0	39	49	29	51	40	36
"RCHGF003268"	0	1	0	0	0	0	17	18	14	22	7	20
"RCHGF003269"	13	10	21	5	6	1	3320	3055	2273	922	928	800
"RCHGF003270"	6	3	5	1	3	0	1037	904	560	381	369	385
"RCHGF003271"	2	1	4	0	4	2	971	1006	491	675	351	296
"RCHGF003272"	5	5	7	5	1	4	1916	2156	1566	3652	2419	2412
"RCHGF003273"	1	0	0	0	0	0	33	38	47	61	92	83
"RCHGF003274"	8	4	2	0	1	0	660	722	560	2346	2373	2293
"RCHGF003275"	1	9	3	5	1	1	1743	1613	1020	1056	1237	1009
"RCHGF003276"	15	8	10	1	4	0	3002	2688	1721	1633	1898	1575
"RCHGF003277"	10	18	12	8	9	3	4423	4017	3734	3028	3105	2494
"RCHGF003278"	5	3	3	0	3	3	1472	1560	918	1326	1170	935
"RCHGF003279"	24	35	33	9	19	2	10680	10927	8346	7952	7692	6726
"RCHGF003280"	10	12	9	0	4	1	3612	3182	2740	2209	2132	1726
"RCHGF003281"	24	12	10	6	7	19	4081	3892	4127	3429	3066	2448
"RCHGF003282"	9	11	11	7	4	2	3174	3276	2273	2982	2956	2423
"RCHGF003283"	0	0	2	0	0	0	168	200	202	335	228	197
"RCHGF003284"	1	0	0	1	0	0	61	95	117	131	117	89
"RCHGF003285"	5	4	5	3	4	1	2778	2455	2680	3389	3038	2350
"RCHGF003286"	5	3	1	1	2	2	374	345	129	364	438	455
"RCHGF003287"	4	13	2	1	6	2	1394	1506	722	2868	3682	3519
"RCHGF003288"	8	16	13	8	4	8	1513	1568	704	2675	4826	4436
"RCHGF003289"	3	2	2	5	0	3	455	446	252	852	1508	1275
"RCHGF003290"	0	1	0	0	0	0	41	57	27	61	173	101
"RCHGF003291"	11	7	3	4	2	1	654	622	258	675	1001	902
"RCHGF003292"	1	1	3	0	0	0	150	152	62	219	339	217
"RCHGF003293"	0	0	0	0	0	0	70	81	36	76	82	78
"RCHGF003294"	3	2	10	2	1	1	805	851	325	786	1119	957
"RCHGF003295"	0	2	0	0	0	0	97	75	34	32	31	32
"RCHGF003296"	0	2	3	4	1	0	371	399	147	412	562	477
"RCHGF003297"	0	0	0	0	0	1	145	152	43	80	89	84
"RCHGF003298"	1	0	1	1	0	0	79	77	70	50	43	48
"RCHGF003299"	1	1	0	0	0	0	181	200	91	67	85	60
"RCHGF003300"	2	1	1	1	0	2	361	423	183	154	158	127
"RCHGF003301"	0	3	2	0	0	0	145	199	72	156	146	145
"RCHGF003302"	4	1	2	0	0	0	91	68	46	43	49	60
"RCHGF003303"	0	0	2	0	0	0	121	132	47	43	42	27
"RCHGF003304"	3	3	0	1	0	0	358	330	141	182	183	134
"RCHGF003305"	7	2	2	1	1	3	599	541	935	581	489	391
"RCHGF003306"	9	14	15	7	10	5	2758	2481	2998	4247	2813	2033
"RCHGF003307"	2	6	0	0	0	0	163	141	111	61	62	67
"RCHGF003308"	1	0	0	0	0	0	44	30	42	25	37	9
"RCHGF003309"	1	3	2	1	0	0	108	114	67	47	51	47
"RCHGF003310"	0	1	1	0	0	0	60	37	34	29	19	13
"RCHGF003311"	0	0	0	0	0	0	29	35	31	15	18	17
"RCHGF003312"	0	0	0	0	0	0	14	9	10	1	6	7
"RCHGF003313"	0	0	1	0	1	0	62	43	19	14	24	19
"RCHGF003314"	0	1	0	0	0	0	24	23	20	3	13	7
"RCHGF003315"	0	0	0	0	0	0	1	2	3	0	0	0
"RCHGF003316"	7	3	2	1	2	0	518	562	306	287	300	236
"RCHGF003317"	0	2	0	0	0	0	62	52	27	43	19	10
"RCHGF003318"	3	0	1	0	0	0	192	208	117	94	54	70
"RCHGF003319"	1	3	5	0	1	0	374	286	183	181	114	113
"RCHGF003320"	0	0	0	0	0	0	45	57	18	29	15	23
"RCHGF003321"	0	1	0	0	0	0	65	95	54	62	20	21
"RCHGF003322"	0	0	0	0	0	0	2	0	1	0	0	0
"RCHGF003323"	0	0	0	0	0	0	24	22	12	15	24	35
"RCHGF003324"	5	17	12	9	6	1	979	1180	409	1914	2678	2445
"RCHGF003325"	2	3	3	1	0	0	98	79	59	147	180	165
"RCHGF003326"	6	5	7	12	5	4	774	726	351	1031	1519	1394
"RCHGF003327"	6	1	4	4	3	2	297	280	116	335	534	585
"RCHGF003328"	4	2	2	0	0	1	454	471	312	269	315	296
"RCHGF003329"	1	4	2	0	1	0	123	96	91	95	128	96
"RCHGF003330"	1	3	0	0	0	0	289	334	242	190	326	232
"RCHGF003331"	13	6	3	1	1	0	967	839	955	712	1017	871
"RCHGF003332"	4	14	7	3	3	9	6663	6265	3589	3498	4318	3501
"RCHGF003333"	10	14	6	2	8	8	5678	6604	4559	4242	6200	5684
"RCHGF003334"	11	6	8	3	2	0	2694	3105	2279	1881	2996	2692
"RCHGF003335"	0	0	1	0	1	0	295	356	301	189	232	195
"RCHGF003336"	11	3	4	0	3	0	2997	3491	2546	2003	3186	2768
"RCHGF003337"	13	9	5	6	4	1	4245	4668	4114	2988	3640	3168
"RCHGF003338"	5	4	3	2	1	4	5194	5831	4885	2918	3985	3073
"RCHGF003339"	2	7	3	1	1	0	2730	2959	1422	1279	1507	1201
"RCHGF003340"	4	1	4	4	0	0	219	283	151	96	101	92
"RCHGF003341"	3	1	0	0	0	0	141	188	99	63	79	61
"RCHGF003342"	3	0	1	4	1	0	511	537	275	203	281	284
"RCHGF003343"	767	1044	909	389	351	355	79863	69865	47882	37463	39589	32950
"RCHGF003344"	5	13	1	1	1	0	472	547	288	269	323	212
"RCHGF003345"	0	0	0	0	0	0	54	53	34	41	27	26
"RCHGF003346"	0	0	0	0	0	0	56	50	57	56	43	32
"RCHGF003347"	1	1	0	0	0	0	106	114	68	32	39	29
"RCHGF003348"	1	4	1	3	0	0	1804	1967	1126	1238	1446	1249
"RCHGF003349"	5	10	16	2	1	0	5285	6154	2630	2676	2971	2599
"RCHGF003350"	1	1	2	5	0	1	933	849	842	494	708	625
"RCHGF003351"	5	17	20	11	9	8	3783	3599	2862	2149	2624	2153
"RCHGF003352"	9	17	12	3	2	4	3469	3087	2205	1534	2241	1850
"RCHGF003353"	6	5	6	4	2	3	2157	2072	1477	1248	1880	1556
"RCHGF003354"	25	15	25	9	15	17	3737	3618	1855	834	987	715
"RCHGF003355"	61	58	70	28	15	34	7186	7237	3042	1715	2385	1933
"RCHGF003356"	38	35	34	11	11	6	4599	5362	2905	1387	1758	1522
"RCHGF003357"	3	3	1	5	3	1	2011	2088	1798	483	641	463
"RCHGF003359"	1	1	1	0	0	1	488	547	606	303	483	388
"RCHGF003360"	0	0	1	0	0	0	16	32	22	14	24	13
"RCHGF003361"	3	4	2	0	4	2	626	716	412	760	587	537
"RCHGF003362"	0	0	0	0	0	0	28	38	18	36	26	32
"RCHGF003363"	5	2	4	1	3	0	1194	1329	1139	1235	981	869
"RCHGF003364"	13	9	6	7	3	1	7328	7955	5750	4771	5609	4958
"RCHGF003365"	0	2	0	0	0	2	3484	3469	2076	2209	2273	1934
"RCHGF003366"	9	34	3	0	3	1	745	924	733	11133	16529	13028
"RCHGF003367"	0	0	0	0	0	0	79	88	101	93	120	109
"RCHGF003368"	0	1	0	0	0	0	1054	1074	2353	262	189	101
"RCHGF003369"	2	1	0	1	1	3	1050	856	1368	682	685	637
"RCHGF003370"	5	3	1	1	0	2	1140	1211	1296	886	1066	915
"RCHGF003371"	2	1	2	4	0	1	1523	1190	2686	1373	1422	1046
"RCHGF003372"	0	0	0	0	0	0	19	20	14	12	8	6
"RCHGF003373"	1	1	1	0	1	0	322	354	347	163	181	158
"RCHGF003374"	0	0	2	0	0	2	101	83	82	51	72	54
"RCHGF003375"	7	11	7	10	5	2	3927	3819	2019	2230	2961	2534
"RCHGF003376"	3	0	0	0	1	0	97	101	117	80	68	62
"RCHGF003377"	0	0	0	0	0	0	6	9	6	6	2	5
"RCHGF003378"	3	12	6	5	3	7	1082	1077	770	617	674	591
"RCHGF003379"	8	16	19	8	4	3	1481	1367	1234	882	810	693
"RCHGF003380"	0	2	2	0	0	0	149	171	179	108	86	89
"RCHGF003381"	0	4	3	0	0	0	64	95	58	124	74	63
"RCHGF003382"	1	12	8	1	2	0	166	215	198	183	109	79
"RCHGF003383"	0	0	0	0	0	0	64	71	75	52	46	34
"RCHGF003384"	0	1	0	1	0	0	150	150	112	111	100	110
"RCHGF003385"	2	5	1	0	0	0	116	142	118	156	91	71
"RCHGF003386"	0	1	2	0	0	0	15	15	13	4	5	11
"RCHGF003387"	2	0	0	0	0	0	50	72	38	44	31	20
"RCHGF003388"	6	4	1	0	0	0	139	183	122	132	139	155
"RCHGF003389"	3	2	0	0	1	0	143	148	133	125	80	67
"RCHGF003390"	3	8	2	0	1	0	466	472	429	141	106	96
"RCHGF003391"	7	5	3	1	3	0	1471	1167	1518	821	928	787
"RCHGF003392"	3	3	4	3	0	0	784	665	1547	291	283	188
"RCHGF003393"	4	6	0	0	0	2	1581	1535	1947	654	863	680
"RCHGF003394"	1	3	1	0	3	0	1082	1041	897	526	601	497
"RCHGF003395"	0	0	1	0	0	0	177	204	53	17	18	11
"RCHGF003396"	151	174	151	85	82	93	31151	41687	5858	2106	1848	1540
"RCHGF003397"	0	6	9	6	5	0	3334	2894	2018	759	615	430
"RCHGF003398"	29	37	22	15	8	11	6088	5499	5928	1538	1409	1004
"RCHGF003399"	7	1	3	0	0	0	600	587	200	90	80	75
"RCHGF003400"	0	0	0	0	0	1	169	189	67	748	454	423
"RCHGF003401"	13	3	3	0	0	0	348	392	171	6783	6528	5654
"RCHGF003402"	0	1	0	1	0	0	66	76	42	1692	1382	1088
"RCHGF003403"	16	7	5	6	5	2	4060	3629	5498	5729	6340	5245
"RCHGF003404"	0	0	0	0	0	0	181	155	141	308	342	276
"RCHGF003405"	0	2	2	0	1	1	446	416	434	361	381	321
"RCHGF003406"	1	0	0	1	0	0	647	727	612	431	443	438
"RCHGF003407"	1	5	1	0	0	0	1045	1010	839	625	926	720
"RCHGF003408"	5	7	0	0	0	0	1793	1865	1207	917	1172	903
"RCHGF003410"	5	1	0	2	2	0	366	257	120	343	531	272
"RCHGF003411"	4	7	7	0	1	1	482	404	451	2619	4260	2723
"RCHGF003412"	1	0	1	0	0	0	24	20	16	108	203	104
"RCHGF003413"	2	0	0	0	0	0	54	48	19	134	277	211
"RCHGF003414"	1	0	0	0	0	0	30	42	17	81	139	130
"RCHGF003415"	0	0	0	0	0	0	5	4	2	12	30	11
"RCHGF003416"	0	0	0	0	0	0	0	2	1	3	4	1
"RCHGF003417"	0	0	0	0	0	0	16	8	7	16	42	23
"RCHGF003418"	1	0	0	1	0	0	189	181	92	849	1767	1172
"RCHGF003419"	1	3	0	0	2	0	219	257	136	1952	4424	2816
"RCHGF003420"	4	0	0	0	0	0	30	26	11	171	502	323
"RCHGF003421"	1	0	0	0	0	0	60	49	13	216	534	368
"RCHGF003422"	2	2	0	1	0	0	55	60	45	439	1098	736
"RCHGF003423"	0	2	0	0	2	0	41	67	40	779	1906	1212
"RCHGF003424"	4	2	1	0	0	0	241	307	156	2514	5873	4078
"RCHGF003425"	0	0	0	0	0	0	24	18	4	48	87	66
"RCHGF003426"	10	9	1	4	0	0	195	256	177	1124	2742	1884
"RCHGF003427"	0	0	0	0	0	0	23	28	9	420	869	627
"RCHGF003428"	0	2	0	0	0	0	19	27	26	520	850	641
"RCHGF003429"	2	1	0	0	0	0	182	228	113	3583	7202	4677
"RCHGF003430"	0	4	0	1	0	0	90	124	62	1099	2416	1515
"RCHGF003431"	10	13	7	8	0	0	704	698	363	13687	32687	22083
"RCHGF003432"	114	171	109	83	60	38	11138	11166	6797	7705	8518	6662
"RCHGF003433"	81	72	78	47	30	36	6802	6601	5529	4453	5117	3738
"RCHGF003434"	28	32	32	39	23	10	2994	3122	3812	3137	4132	2725
"RCHGF003435"	10	12	6	3	8	6	1397	1476	928	2875	5257	3507
"RCHGF003436"	3	2	0	0	0	0	82	101	42	179	330	224
"RCHGF003437"	2	0	3	0	0	1	425	454	219	1368	2704	1702
"RCHGF003438"	0	0	1	1	0	0	88	128	27	334	770	539
"RCHGF003439"	0	0	0	0	0	0	43	60	34	176	337	244
"RCHGF003440"	0	2	1	0	2	0	205	220	87	789	1465	958
"RCHGF003441"	0	3	3	1	0	0	862	930	746	578	925	592
"RCHGF003442"	20	21	12	10	1	2	3282	3348	4347	3972	5611	3802
"RCHGF003443"	1	0	3	0	0	0	207	213	151	260	316	259
"RCHGF003444"	0	1	4	0	0	0	90	110	84	480	1202	659
"RCHGF003445"	0	0	0	0	0	0	39	22	31	636	883	522
"RCHGF003446"	0	0	0	0	0	0	3	0	1	1	2	0
"RCHGF003447"	0	0	0	0	0	0	3	8	4	8	9	9
"RCHGF003448"	2	4	4	0	0	0	126	189	132	1137	1827	1155
"RCHGF003449"	2	1	1	1	0	1	120	99	87	494	1054	626
"RCHGF003450"	4	1	0	1	0	0	207	330	153	1574	2624	1509
"RCHGF003451"	0	0	2	0	0	0	25	35	14	758	1296	666
"RCHGF003452"	0	1	0	0	1	1	91	71	92	252	488	265
"RCHGF003453"	0	0	2	0	0	0	9	11	11	29	35	7
"RCHGF003454"	0	1	0	0	0	0	86	81	103	351	534	263
"RCHGF003455"	0	6	0	0	0	0	62	49	51	130	177	130
"RCHGF003456"	0	0	0	0	0	0	130	155	87	551	655	471
"RCHGF003457"	0	0	0	0	0	0	3	7	14	10	17	19
"RCHGF003458"	0	4	1	0	0	0	110	133	67	452	439	339
"RCHGF003459"	1	1	1	9	0	0	157	156	138	557	618	404
"RCHGF003460"	2	0	0	0	0	0	17	20	17	48	73	36
"RCHGF003461"	0	0	0	0	0	0	48	33	41	109	209	76
"RCHGF003462"	0	0	0	0	0	0	82	84	53	234	384	266
"RCHGF003463"	0	0	1	0	0	0	22	46	23	59	68	55
"RCHGF003464"	0	0	0	0	0	0	19	30	30	23	28	24
"RCHGF003465"	0	0	0	0	0	0	7	6	6	5	6	8
"RCHGF003467"	1	0	0	0	0	0	227	272	169	149	188	178
"RCHGF003468"	5	13	2	3	1	0	1098	1055	577	668	882	708
"RCHGF003469"	0	0	0	0	2	0	235	275	164	122	150	120
"RCHGF003470"	51	54	60	26	25	20	13505	16398	8610	12820	13863	12006
"RCHGF003471"	7	39	32	13	17	8	9242	9969	6599	8210	10335	8766
"RCHGF003472"	6	6	10	5	0	0	800	851	1031	460	597	467
"RCHGF003473"	1	1	1	1	1	0	864	891	1973	602	608	410
"RCHGF003474"	3	5	1	0	6	5	743	717	607	1079	1466	1345
"RCHGF003475"	14	15	22	19	11	6	5598	5154	9807	8081	10814	8722
"RCHGF003476"	3	0	4	0	2	0	971	839	741	422	499	347
"RCHGF003477"	1	5	4	2	3	0	1519	1471	648	395	529	393
"RCHGF003478"	7	8	1	2	0	0	762	894	917	787	1013	768
"RCHGF003479"	2	0	2	0	0	1	1273	1135	1166	603	854	678
"RCHGF003480"	17	8	12	8	0	8	1265	1430	830	2663	2744	2342
"RCHGF003481"	4	9	2	1	2	3	727	809	512	1570	1921	1573
"RCHGF003482"	1	1	2	0	0	0	373	356	284	724	951	726
"RCHGF003483"	0	2	0	1	0	0	405	428	248	599	720	566
"RCHGF003484"	5	3	8	5	2	5	1014	1356	622	849	1117	943
"RCHGF003485"	16	11	9	15	4	2	993	1007	645	812	1059	853
"RCHGF003486"	8	7	3	1	2	1	1013	1067	1207	602	699	657
"RCHGF003488"	15	15	9	4	2	1	3748	3923	3220	1760	2374	1974
"RCHGF003489"	0	0	0	0	1	0	98	101	59	48	35	37
"RCHGF003490"	1	0	2	0	0	0	469	535	338	243	297	225
"RCHGF003491"	3	6	3	0	0	1	487	524	407	283	477	406
"RCHGF003492"	0	0	1	0	0	0	95	138	190	157	102	69
"RCHGF003493"	4	2	7	2	3	5	640	664	376	491	526	446
"RCHGF003494"	4	0	3	1	1	4	854	863	987	895	1022	863
"RCHGF003495"	5	4	6	0	1	0	573	670	289	503	534	435
"RCHGF003496"	7	8	5	1	3	2	868	1033	784	530	491	426
"RCHGF003497"	10	19	8	2	4	8	1582	1705	734	556	640	543
"RCHGF003498"	14	13	17	1	3	1	1405	1246	780	891	1584	1206
"RCHGF003499"	27	31	32	22	9	13	1808	1567	3857	3017	2449	2066
"RCHGF003500"	86	119	152	42	47	33	11927	11224	11026	19875	29568	25908
"RCHGF003501"	27	28	32	14	14	9	3145	3452	2990	6319	10285	9169
"RCHGF003502"	184	215	203	105	85	111	26914	26349	21444	47630	63753	58402
"RCHGF003503"	100	144	102	44	32	67	19215	20571	16023	47626	76452	69796
"RCHGF003504"	92	109	88	51	24	30	16171	18620	12817	39514	59844	55413
"RCHGF003505"	61	75	61	32	13	35	15034	14526	12301	34873	55215	46799
"RCHGF003506"	15	23	26	15	13	10	2610	2521	4570	10329	16589	15221
"RCHGF003507"	192	252	163	95	62	83	30881	35118	24775	85991	124514	115984
"RCHGF003508"	41	31	21	21	12	6	1019	1331	539	101581	83448	72986
"RCHGF003509"	5	4	2	2	2	0	126	147	55	1651	1379	1341
"RCHGF003510"	10	7	17	2	6	2	1509	1372	1752	965	1190	865
"RCHGF003511"	0	2	3	0	3	0	322	358	423	139	88	50
"RCHGF003512"	35	43	33	12	11	14	4757	5813	2502	1953	2704	2192
"RCHGF003513"	18	9	23	6	12	6	4953	5214	3163	2139	3348	2664
"RCHGF003514"	3	10	5	2	3	0	302	328	255	234	258	235
"RCHGF003515"	4	8	4	3	2	0	771	819	772	730	820	673
"RCHGF003516"	0	20	15	6	8	2	1999	2298	542	554	789	706
"RCHGF003517"	102	152	86	50	41	40	20694	23987	8520	4737	6058	5736
"RCHGF003518"	2	10	2	0	2	0	532	650	283	272	328	280
"RCHGF003519"	0	0	1	0	0	0	89	106	69	36	54	42
"RCHGF003520"	1	0	0	0	0	3	127	139	104	58	72	77
"RCHGF003521"	3	0	0	6	0	0	116	148	83	46	48	53
"RCHGF003522"	2	0	0	0	0	0	26	29	28	20	27	21
"RCHGF003523"	1	4	2	0	2	0	421	513	279	217	296	202
"RCHGF003524"	1	6	0	0	0	0	650	593	625	184	229	151
"RCHGF003525"	1	0	0	1	0	0	77	79	17	4	5	11
"RCHGF003526"	2	7	0	5	5	1	119	112	93	47717	32269	28765
"RCHGF003527"	0	2	0	0	0	0	308	332	170	1155	688	538
"RCHGF003528"	0	0	0	0	2	0	37	40	9	245	93	86
"RCHGF003529"	6	3	10	2	4	3	5549	6136	9370	2780	1335	968
"RCHGF003530"	6	5	12	2	0	7	1795	1716	1757	2248	1486	1247
"RCHGF003531"	2	8	3	1	1	3	601	683	441	2548	2711	2134
"RCHGF003532"	4	6	2	1	4	0	711	663	583	549	754	623
"RCHGF003533"	9	5	7	1	1	1	1586	1763	742	962	1221	1015
"RCHGF003534"	1	4	1	0	0	0	301	362	287	331	394	311
"RCHGF003535"	3	0	3	0	0	0	994	983	626	273	394	310
"RCHGF003536"	8	4	7	0	2	2	1385	1413	1345	350	492	395
"RCHGF003537"	2	9	4	0	0	2	1161	871	1178	427	393	367
"RCHGF003538"	7	6	11	3	2	5	2506	2644	1299	688	894	649
"RCHGF003539"	412	546	441	201	207	189	23240	25050	10448	8281	9277	8683
"RCHGF003540"	2	2	1	2	3	0	554	670	340	293	465	326
"RCHGF003541"	4	21	11	4	3	4	3507	3772	2519	4589	7764	5240
"RCHGF003542"	14	16	13	8	4	4	4002	4155	4072	1972	2033	1972
"RCHGF003543"	2	1	0	0	0	0	370	365	190	391	300	269
"RCHGF003544"	2	0	2	3	1	0	242	203	87	215	117	112
"RCHGF003545"	1	2	0	0	0	1	640	786	830	474	494	368
"RCHGF003546"	0	0	1	0	0	0	239	279	126	150	171	142
"RCHGF003547"	0	1	0	0	0	0	158	139	98	84	110	145
"RCHGF003548"	1	0	0	0	0	0	426	562	270	332	459	313
"RCHGF003549"	0	1	0	2	0	0	302	415	203	230	397	212
"RCHGF003550"	43	50	22	12	16	8	3865	3896	2414	1661	2067	1905
"RCHGF003551"	8	13	1	7	6	1	1709	1856	1124	687	953	778
"RCHGF003552"	13	22	12	8	8	4	1590	1614	1393	871	1153	976
"RCHGF003553"	9	19	7	4	0	3	1380	1462	1099	781	1347	1177
"RCHGF003554"	7	10	6	7	1	0	854	840	610	652	847	785
"RCHGF003555"	4	0	3	1	0	1	374	385	307	246	405	261
"RCHGF003556"	49	71	36	19	21	21	5568	5896	3600	3109	4694	3700
"RCHGF003557"	17	18	13	14	10	9	2336	2341	1612	1071	1539	1304
"RCHGF003558"	10	17	10	3	14	2	1589	1582	1704	690	1004	771
"RCHGF003559"	3	5	1	4	2	1	878	747	895	393	490	303
"RCHGF003561"	4	8	1	3	1	5	1152	1109	542	769	918	826
"RCHGF003562"	1	1	7	1	0	0	689	612	696	703	787	639
"RCHGF003563"	2	2	1	3	0	1	1048	1161	924	759	1046	869
"RCHGF003564"	5	8	3	0	4	1	2181	2150	1613	1427	1947	1589
"RCHGF003565"	3	1	3	0	0	1	235	255	157	3080	2815	2701
"RCHGF003566"	1	2	0	0	0	0	81	99	57	436	432	490
"RCHGF003567"	0	2	0	0	0	0	33	48	27	487	387	331
"RCHGF003568"	0	1	2	0	1	0	88	117	56	917	752	776
"RCHGF003569"	1	0	1	0	0	0	61	72	48	1459	1440	1016
"RCHGF003570"	5	4	5	5	1	1	1773	1967	596	744	940	763
"RCHGF003571"	9	15	8	1	4	3	3287	3074	2770	1613	2159	1818
"RCHGF003572"	20	25	11	12	8	13	10705	13084	7602	6204	7877	6491
"RCHGF003573"	0	3	1	0	1	0	1795	1694	1168	1044	1225	1052
"RCHGF003574"	2	2	1	0	0	3	160	167	128	983	848	794
"RCHGF003575"	9	7	2	0	0	3	887	659	1197	944	1136	948
"RCHGF003576"	1	2	2	0	1	0	626	538	459	649	667	547
"RCHGF003577"	1	2	3	1	0	1	569	568	930	508	598	492
"RCHGF003578"	2	1	0	0	0	2	773	728	1317	396	547	410
"RCHGF003580"	12	12	3	7	1	1	627	736	548	79115	66146	53219
"RCHGF003581"	5	2	2	1	5	0	1537	1409	1804	1412	1615	1385
"RCHGF003582"	1	6	2	0	2	0	628	596	693	441	524	494
"RCHGF003583"	10	13	18	6	3	4	1754	1764	2121	1151	1712	1263
"RCHGF003584"	12	21	9	5	7	7	6346	7575	10206	158	127	102
"RCHGF003585"	9	3	6	5	1	3	4247	3703	7817	146	139	132
"RCHGF003586"	5	3	1	2	5	12	3351	3237	5416	121	90	82
"RCHGF003587"	8	8	2	6	8	6	4722	4711	12582	148	126	67
"RCHGF003588"	356	443	397	227	227	169	18703	20611	6852	3748	2456	1586
"RCHGF003589"	120	141	155	94	80	50	4643	6887	2236	993	531	414
"RCHGF003590"	1254	1703	1277	675	487	496	41632	43483	14542	7525	7912	5991
"RCHGF003591"	3	7	4	5	2	2	705	614	208	92	118	80
"RCHGF003592"	20	13	17	6	9	4	2879	2164	1589	437	585	424
"RCHGF003593"	48	54	49	33	17	26	2186	2137	800	346	244	209
"RCHGF003594"	48	93	54	33	35	38	3784	3202	1739	576	581	477
"RCHGF003595"	2	0	0	0	0	1	35	55	17	8	9	4
"RCHGF003596"	56	77	82	21	35	23	2741	3312	867	548	476	370
"RCHGF003597"	105	89	69	44	34	59	4331	3964	1597	620	590	371
"RCHGF003598"	10	2	5	4	5	4	2995	3198	4138	1559	697	384
"RCHGF003599"	41	30	29	5	9	5	3708	4783	1114	500	462	337
"RCHGF003600"	2	5	4	3	0	2	236	282	120	148	134	118
"RCHGF003601"	9	10	3	0	0	2	925	1050	726	940	1104	1042
"RCHGF003602"	5	7	1	0	1	0	449	408	350	396	407	370
"RCHGF003603"	0	0	1	0	0	0	68	87	62	45	39	20
"RCHGF003604"	17	23	14	4	5	6	11794	13744	6920	6195	8202	7192
"RCHGF003605"	2	1	2	1	0	2	104	107	74	48	57	37
"RCHGF003606"	4	0	0	0	0	2	80	107	27	55	54	26
"RCHGF003607"	4	0	0	0	0	0	61	90	44	27	53	45
"RCHGF003608"	0	0	0	0	0	0	57	67	33	27	34	31
"RCHGF003609"	0	2	0	0	0	0	28	49	40	38	16	15
"RCHGF003610"	0	0	0	0	0	0	36	39	5	13	22	11
"RCHGF003611"	2	9	4	2	2	3	1317	1386	799	406	466	443
"RCHGF003612"	4	3	6	0	1	1	557	666	287	333	305	310
"RCHGF003613"	4	10	4	2	4	1	464	707	284	291	307	343
"RCHGF003614"	2	3	0	0	0	0	129	108	89	65	71	33
"RCHGF003615"	8	9	9	13	1	1	3066	2796	1781	2218	1685	1111
"RCHGF003616"	37	23	26	21	11	7	16133	15795	16360	11251	15900	13154
"RCHGF003617"	5	9	12	2	1	3	3377	3574	2842	3145	3717	2993
"RCHGF003618"	0	1	2	1	0	0	2328	2325	2039	1293	1809	1387
"RCHGF003619"	0	2	0	2	1	0	1444	1491	1960	1561	1881	1463
"RCHGF003620"	7	8	2	2	2	2	7035	7261	3795	7562	9193	7450
"RCHGF003621"	12	4	0	3	0	0	477	461	156	5733	5193	4439
"RCHGF003622"	7	8	6	5	3	3	1324	1189	977	1467	1512	1331
"RCHGF003623"	3	13	3	5	0	2	3134	3055	2083	2352	3252	2592
"RCHGF003624"	1	6	6	0	0	1	452	500	386	816	705	462
"RCHGF003625"	5	8	6	1	0	6	952	1057	367	700	910	853
"RCHGF003626"	9	7	15	5	8	8	1307	1432	511	1484	1662	1280
"RCHGF003627"	59	92	65	34	31	34	6091	6629	2489	6355	8252	7301
"RCHGF003628"	38	70	43	26	14	25	4184	4662	2029	4021	4363	4121
"RCHGF003629"	1	4	0	1	0	1	316	350	95	192	157	166
"RCHGF003630"	71	139	108	47	25	59	14215	15023	4924	9428	12242	9443
"RCHGF003631"	95	145	88	43	35	32	14612	14887	5665	10656	15922	11894
"RCHGF003632"	17	8	5	6	0	3	2095	1751	1656	3127	2931	2091
"RCHGF003633"	2	11	13	6	1	1	6443	7108	3200	2793	3108	2446
"RCHGF003634"	32	76	50	17	26	16	6448	6771	8321	3369	2821	2222
"RCHGF003635"	3	7	5	4	0	6	779	723	937	408	351	276
"RCHGF003636"	4	11	7	2	6	3	4078	3930	7431	1586	1868	1479
"RCHGF003637"	4	17	2	3	7	2	2054	2112	3083	970	789	698
"RCHGF003638"	5	11	0	3	0	2	566	621	179	227	298	244
"RCHGF003639"	0	0	0	0	0	0	15.7312	5.25617	8	4	16	12
"RCHGF003640"	15	17	8	13	10	0	6619.83	7280.34	4477.37	2062.39	2065.97	1889.83
"RCHGF003641"	114	161	149	59	44	42	9126	9800	3754	3537	5369	4318
"RCHGF003642"	51	45	45	20	9	14	1866	2201	1314	1194	2049	1858
"RCHGF003643"	13	15	10	8	7	3	979	870	502	462	854	695
"RCHGF003644"	2	22	17	7	9	8	1196	1179	716	718	713	582
"RCHGF003645"	0	1	0	2	0	0	61	106	39	20	22	12
"RCHGF003646"	6	3	3	4	0	0	815	914	589	682	682	502
"RCHGF003647"	11	13	13	1	1	6	5148	5485	3259	3786	4171	2995
"RCHGF003648"	0	0	0	0	0	0	66	55	60	38	50	31
"RCHGF003649"	6.4	8.75	2.25	5.625	5.83333	7.2	1052.28	747.637	716.887	176.155	180.526	195.9
"RCHGF003650"	33	58	35	19	13	19	2351	2379	1389	6709	6793	6348
"RCHGF003651"	1	5	4	0	0	0	382	394	342	429	435	343
"RCHGF003652"	4	4	3	1	0	0	109	57	62	107	135	120
"RCHGF003653"	19	37	30	7	8	8	1251	1594	331	1484	1088	806
"RCHGF003654"	192	238	234	125	87	98	14672	14874	8876	5312	6902	4941
"RCHGF003655"	4	2	0	2	0	0	39	51	78	82	59	35
"RCHGF003656"	8	16	7	6	9	5	3029	3491	3093	1987	2124	1812
"RCHGF003657"	24	19	13	10	9	10	10737	10928	8016	2186	2917	2568
"RCHGF003658"	0	5	8	0	0	1	2601	2118	1801	549	761	656
"RCHGF003659"	0	0	0	0	0	0	220	248	260	111	184	189
"RCHGF003660"	3	0	4	0	1	2	788	806	605	486	682	596
"RCHGF003661"	2	9	5	1	2	1	1384	1420	1072	627	1108	899
"RCHGF003662"	0	1	1	0	0	0	39	62	38	38	35	35
"RCHGF003663"	0	0	0	0	0	0	0	0	3	2	0	0
"RCHGF003664"	1.6	6.25	6.75	3.375	1.16667	4.8	1473.72	1147.36	1141.11	349.845	309.474	246.1
"RCHGF003665"	209	194	207	101	88	87	27000	24381	9632	11069	16519	10548
"RCHGF003666"	0	0	0	0	0	0	32	31	23	8	11	5
"RCHGF003667"	2	1	0	0	0	0	229	250	251	231	224	185
"RCHGF003668"	1	1	0	0	0	0	331	319	254	281	294	211
"RCHGF003669"	23	24	22	11	18	10	1971	2363	1199	1445	1655	1337
"RCHGF003670"	4	1	1	0	0	0	373	241	385	275	232	214
"RCHGF003671"	8	9	6	0	2	7	583	726	276	827	782	593
"RCHGF003672"	0	4	1	0	1	0	75	123	77	130	164	135
"RCHGF003673"	4	3	3	3	0	3	552	574	358	242	330	248
"RCHGF003674"	0	1	6	3	0	2	1213	936	503	505	818	480
"RCHGF003676"	8	8	5	1	0	2	2031	1766	1453	863	1390	1125
"RCHGF003677"	3	0	2	0	0	0	504	472	861	166	181	167
"RCHGF003678"	35	53	45	26	13	16	5478	5988	3276	2443	3509	2762
"RCHGF003679"	21	22	22	6	3	10	1703	1646	955	606	975	775
"RCHGF003680"	95	113	81	47	28	37	8945	9494	4954	4368	6354	5466
"RCHGF003681"	17	20	15	9	12	5	1941	2105	1792	1252	1734	1557
"RCHGF003682"	77	112	72	38	38	18	31017	29546	47084	11906	14616	11699
"RCHGF003683"	3	4	4	2	1	2	833	906	538	523	573	469
"RCHGF003684"	3	6	1	1	0	1	466	418	246	240	297	209
"RCHGF003685"	2	4	3	1	2	3	586	659	317	295	240	214
"RCHGF003687"	4	0	1	0	1	1	389	397	242	2031	1769	1436
"RCHGF003688"	2	4	5	0	0	0	502	512	980	387	504	314
"RCHGF003689"	17	12	6	1	5	6	1270	1338	743	826	1020	783
"RCHGF003690"	6	17	11	8	3	3	1446	1531	866	1184	1526	1241
"RCHGF003691"	1	1	2	0	0	1	647	689	1108	361	304	289
"RCHGF003692"	14	18	19	7	2	6	3188	3621	1501	2101	2711	2277
"RCHGF003693"	30	42	28	25	20	15	5095	5738	3428	3587	4942	4442
"RCHGF003694"	7	6	7	0	0	2	2142	2228	1266	1236	1571	1171
"RCHGF003695"	0	2	5	0	0	0	187	268	71	161	135	84
"RCHGF003696"	0	2	1	3	0	1	838	817	478	756	710	754
"RCHGF003697"	0	3	4	1	1	0	961	960	729	604	625	524
"RCHGF003698"	9	21	11	2	0	2	689	715	386	1689	1685	1504
"RCHGF003699"	1	0	0	0	0	0	33	43	17	145	202	166
"RCHGF003700"	192	258	183	72	59	79	55509	60444	32755	17100	27638	23398
"RCHGF003701"	2	0	0	0	0	0	123	155	110	56	28	41
"RCHGF003702"	21	18	20	12	3	7	5155	5547	3479	1482	1541	1293
"RCHGF003703"	0	0	3	0	0	0	109	117	62	85	50	55
"RCHGF003704"	12	15	2	0	1	1	1909	1858	1543	1272	1865	1498
"RCHGF003705"	1	0	0	0	0	0	160	173	272	50	86	93
"RCHGF003706"	0	1	0	0	1	0	36	58	73	16	37	40
"RCHGF003707"	1	0	1	2	0	0	136	158	243	85	76	76
"RCHGF003708"	0	0	1	0	0	6	22	36	34	17	9	20
"RCHGF003709"	1	0	0	0	0	3	107	166	63	103	76	56
"RCHGF003710"	8	13	2	0	1	0	165	176	92	106	66	82
"RCHGF003711"	3	4	1	0	0	1	101	188	107	112	152	96
"RCHGF003712"	0	0	0	1	0	0	7	7	6	5	5	10
"RCHGF003713"	4	3	2	0	0	0	95	117	74	95	60	90
"RCHGF003714"	2	1	1	1	0	1	201	245	131	125	114	121
"RCHGF003715"	8	4	2	3	0	0	344	338	257	252	216	201
"RCHGF003716"	0	2	0	0	0	0	142	149	126	28	26	15
"RCHGF003717"	2	1	6	0	1	0	380	375	1438	346	261	170
"RCHGF003718"	5	5	1	0	0	1	1868	1793	1221	943	831	782
"RCHGF003719"	0	2	0	0	0	0	9	2	14	1	0	1
"RCHGF003720"	3	7	6	3	2	2	324	341	265	577	655	502
"RCHGF003721"	1	0	2	0	0	1	255	212	371	119	168	150
"RCHGF003722"	2	0	3	0	0	0	513	520	324	384	313	283
"RCHGF003723"	4	1	3	1	0	0	463	513	444	332	352	312
"RCHGF003724"	2	0	0	0	0	0	207	161	240	101	87	63
"RCHGF003725"	2	2	3	0	0	0	130	154	111	120	173	122
"RCHGF003726"	0	0	0	0	0	0	19	54	18	65	23	18
"RCHGF003727"	10	4	7	1	2	1	3159	3478	2125	3181	4026	3679
"RCHGF003728"	7	5	6	1	1	0	1741	2029	1167	1643	2153	2145
"RCHGF003729"	2	1	2	1	2	0	475	515	491	472	737	703
"RCHGF003730"	21	23	10	13	9	10	7207	7945	5940	6535	9597	8232
"RCHGF003731"	11	23	16	1	0	7	5392	5827	4913	5932	8568	6786
"RCHGF003732"	0	5	0	0	0	0	672	750	727	1025	835	808
"RCHGF003733"	0	0	0	0	0	0	26	19	54	18	26	16
"RCHGF003734"	0	1	0	1	3	0	309	365	437	98	107	71
"RCHGF003735"	1	1	4	0	3	4	630	736	968	261	225	170
"RCHGF003736"	0	0	0	2	0	0	119	96	165	51	41	37
"RCHGF003737"	0	0	0	1	1	0	173	194	73	61	39	44
"RCHGF003738"	15	9	12	1	1	3	4934	4792	2780	2298	3215	2565
"RCHGF003739"	0	0	0	0	0	0	77	58	28	27	23	32
"RCHGF003740"	2	2	7	1	1	2	1592	1654	1102	677	831	806
"RCHGF003741"	19	20	14	4	11	14	6941	8324	5880	5452	7748	7041
"RCHGF003742"	7	6	3	5	0	0	954	758	802	509	769	529
"RCHGF003744"	11	11	6	4	2	0	709	616	371	15393	14591	12360
"RCHGF003745"	2	4	12	0	6	4	3620	3927	2097	1596	2057	1708
"RCHGF003746"	0	3	1	0	0	1	322	338	307	266	407	365
"RCHGF003747"	3	1	1	0	0	0	108	116	123	113	100	63
"RCHGF003748"	1	2	1	0	0	0	179	214	174	135	96	92
"RCHGF003749"	1	0	2	1	0	1	249	214	406	126	127	147
"RCHGF003750"	0	2	3	0	1	0	352	377	655	171	178	173
"RCHGF003751"	1	0	0	0	0	0	40	50	56	36	17	10
"RCHGF003752"	1	2	12	0	2	0	971	955	1668	401	503	399
"RCHGF003753"	15	23	10	7	3	5	10641	10378	8857	5115	8498	6322
"RCHGF003754"	26	13	26	12	8	10	33803	35255	33810	16462	24841	20836
"RCHGF003755"	10	15	15	11	6	11	15401	14440	15608	9310	14722	11756
"RCHGF003756"	2	3	2	5	2	1	5337	3696	2415	2632	5301	3950
"RCHGF003757"	0	1	0	0	0	0	31	16	22	28	39	20
"RCHGF003758"	7	1	3	5	1	2	788	821	899	998	1182	931
"RCHGF003759"	0	0	0	0	0	0	10	38	10	11	5	6
"RCHGF003760"	1	11	8	4	0	0	1730	1847	1462	1080	1249	950
"RCHGF003761"	1	3	0	1	2	0	370	465	311	259	236	200
"RCHGF003762"	1	2	2	0	1	0	188	181	144	110	110	89
"RCHGF003763"	4	3	0	0	0	0	491	511	344	262	350	258
"RCHGF003764"	507	591	544	309	313	321	121801	99554	231588	19131	19179	17529
"RCHGF003765"	3	4	7	2	1	3	1772	1683	1821	584	661	526
"RCHGF003766"	13	14	4	1	1	1	1069	1206	611	418	402	350
"RCHGF003767"	0	0	0	0	0	0	22	21	9	6	4	1
"RCHGF003768"	18	37	30	15	1	6	2390	2165	1180	1664	2230	1694
"RCHGF003769"	232	303	237	91	94	72	26539	29304	13830	6840	9606	8073
"RCHGF003770"	817	1004	791	331	344	376	130126	140140	83132	29205	38400	32308
"RCHGF003771"	99	125	15	144	8	10	869	1161	1210	1598550	893147	1067610
"RCHGF003772"	25	30	25	23	8	12	3161	3268	2821	2517	2665	2260
"RCHGF003773"	4	4	2	0	0	0	281	251	363	354	429	383
"RCHGF003774"	22	31	22	10	13	15	4092	4353	3100	2640	3710	3022
"RCHGF003775"	3	12	7	2	4	2	1126	1203	971	580	788	632
"RCHGF003776"	0	0	0	0	0	0	11	22	20	12	21	18
"RCHGF003777"	9	10	5	1	14	6	1479	1582	1359	1015	1294	1151
"RCHGF003778"	8	5	13	5	2	8	1858	1908	1583	1462	2045	1577
"RCHGF003779"	2	1	2	0	0	0	455	400	427	367	623	450
"RCHGF003780"	0	0	0	0	0	0	30	53	42	29	18	29
"RCHGF003781"	13	15	11	13	10	13	1146	1125	626	11339	7321	6669
"RCHGF003782"	1	0	1	1	1	0	134	124	91	353	365	399
"RCHGF003783"	0	0	0	0	0	0	1	0	0	0	0	0
"RCHGF003784"	4	7	3	4	0	5	503	475	413	294	356	297
"RCHGF003785"	0	0	0	0	0	0	52	87	73	42	51	52
"RCHGF003786"	0	0	3	0	0	0	195	141	194	57	82	108
"RCHGF003787"	0	0	0	0	0	0	1	1	2	2	0	0
"RCHGF003788"	12	21	19	3	6	3	927	1070	509	632	684	624
"RCHGF003789"	0	0	0	0	0	0	35	28	18	16	19	12
"RCHGF003790"	2	6	2	0	0	0	133	191	74	160	106	99
"RCHGF003791"	4	14	6	10	2	2	454	576	280	465	456	379
"RCHGF003792"	8	8	5	2	1	3	272	337	181	495	296	303
"RCHGF003793"	3	4	4	2	4	1	552	573	366	355	462	329
"RCHGF003794"	7	4	4	0	3	1	769	868	468	566	655	570
"RCHGF003795"	1	2	9	1	1	0	315	380	218	186	126	101
"RCHGF003796"	3	5	1	0	0	0	98	157	82	37	56	44
"RCHGF003797"	3	0	0	0	0	1	116	155	107	60	50	48
"RCHGF003798"	62	60	58	17	28	29	8874	8706	6480	3453	5769	5055
"RCHGF003799"	0	0	0	0	0	0	20	20	10	3	8	4
"RCHGF003800"	1	2	0	0	0	0	185	188	150	72	121	104
"RCHGF003801"	1	0	0	1	0	0	116	128	87	65	76	84
"RCHGF003802"	2	1	2	0	0	2	137	106	91	51	59	69
"RCHGF003803"	11	24	12	9	3	5	1561	2178	867	799	929	805
"RCHGF003804"	3	5	3	0	1	0	394	418	316	97	146	123
"RCHGF003805"	1	0	0	0	0	0	212	122	169	46	84	87
"RCHGF003806"	6	4	0	6	1	3	2353	3140	1389	473	459	351
"RCHGF003807"	0	0	0	0	0	0	7	3	6	3	4	4
"RCHGF003808"	10	9	7	2	1	3	1336	1504	1070	874	931	804
"RCHGF003809"	0	6	7	2	7	1	491	446	245	2641	2669	2018
"RCHGF003810"	25	26	25	11	11	9	1501	1451	628	9271	8088	6808
"RCHGF003811"	2	7	1	1	0	1	586	592	531	264	361	312
"RCHGF003812"	1	3	2	0	0	0	248	217	177	126	151	143
"RCHGF003813"	0	3	1	0	0	0	273	307	264	134	203	158
"RCHGF003814"	1	4	4	0	0	0	389	467	344	220	214	212
"RCHGF003815"	5	2	3	2	1	0	384	447	369	358	386	339
"RCHGF003816"	5	0	2	0	0	3	615	623	1226	190	280	149
"RCHGF003817"	0	0	6	1	0	0	234	322	331	105	168	111
"RCHGF003818"	0	4	1	0	3	0	464	502	374	212	250	174
"RCHGF003819"	4	4	0	2	0	2	2656	2223	3256	1098	1339	984
"RCHGF003820"	0	0	0	0	0	0	52	63	93	65	23	24
"RCHGF003821"	4	3	1	0	0	0	148	195	84	78	30	29
"RCHGF003822"	0	1	2	0	0	0	154	128	100	60	25	28
"RCHGF003823"	0	0	0	0	0	0	8	12	13	8	1	0
"RCHGF003824"	1	0	0	0	0	0	39	74	74	23	7	11
"RCHGF003825"	1	0	0	0	0	0	70	50	30	26	40	24
"RCHGF003826"	0	0	0	0	0	0	173	145	27	11	19	6
"RCHGF003827"	1	4	4	2	1	0	1258	1359	638	2493	2105	1474
"RCHGF003828"	1	0	1	0	0	0	646	596	535	364	342	234
"RCHGF003829"	0	1	0	0	0	0	88	101	48	44	44	56
"RCHGF003830"	19	36	19	6	6	0	1606	2095	595	1872	2199	1877
"RCHGF003832"	0	0	0	0	1	1	91	145	75	122	140	118
"RCHGF003833"	4	12	4	2	2	0	390	432	222	478	507	481
"RCHGF003834"	0	5	4	2	2	0	355	329	329	475	445	348
"RCHGF003835"	0	0	1	0	0	0	114	147	87	88	151	107
"RCHGF003836"	1	2	0	0	2	0	152	162	88	136	149	152
"RCHGF003837"	13	21	9	1	4	6	1252	1551	777	857	1199	963
"RCHGF003838"	10	9	8	3	3	4	3060	3206	2844	1602	2322	1763
"RCHGF003839"	19	15	12	3	4	2	5094	5166	6298	3115	4049	3358
"RCHGF003840"	0	0	0	0	1	0	29	32	14	17	29	20
"RCHGF003841"	1	2	0	0	0	0	73	85	66	49	62	68
"RCHGF003842"	2	11	4	0	0	0	406	420	274	265	277	252
"RCHGF003843"	0	0	0	0	0	0	20	14	9	2	6	0
"RCHGF003844"	5	2	4	0	4	3	1948	1904	1483	564	478	348
"RCHGF003845"	4	1	0	0	0	0	164	229	158	93	84	67
"RCHGF003846"	0	0	0	0	0	0	39	26	33	33	9	6
"RCHGF003847"	1	7	3	0	2	0	1917	1740	1690	805	867	808
"RCHGF003848"	2	2	1	0	0	0	237	332	258	186	282	230
"RCHGF003849"	11	3	5	3	1	0	2234	2271	1479	1285	1548	1257
"RCHGF003850"	24	36	36	19	12	17	19166	18110	33349	13547	17079	15311
"RCHGF003851"	0	0	0	0	0	0	3	11	3	1	6	4
"RCHGF003852"	2	5	1	0	0	0	688	731	351	505	625	494
"RCHGF003853"	0	0	0	0	0	0	10	5	24	4	4	5
"RCHGF003854"	3	6	3	1	1	3	543	566	410	582	822	748
"RCHGF003855"	47	42	38	17	17	8	5157	5548	3878	5555	8128	7440
"RCHGF003856"	0	2	7	5	1	2	857	811	717	817	1393	1110
"RCHGF003857"	37	62	41	14	6	17	10132	11116	5848	4129	6880	6205
"RCHGF003858"	4	1	3	0	0	3	662	766	981	304	334	298
"RCHGF003859"	8	13	7	0	4	2	2880	2767	2675	1426	1505	1170
"RCHGF003860"	28	27	25	7	12	10	30539	26320	28181	9248	9320	7536
"RCHGF003861"	1	0	0	1	0	0	80	147	102	28	34	38
"RCHGF003862"	3	1	1	1	0	0	111	126	99	104	79	52
"RCHGF003863"	0	0	0	0	0	0	3	1	2	7	1	0
"RCHGF003864"	1	0	0	0	0	0	20	12	18	6	9	10
"RCHGF003865"	0	0	0	0	0	0	20	24	21	7	18	5
"RCHGF003866"	0	0	0	0	0	0	17	26	6	11	6	8
"RCHGF003867"	14	10	5	1	4	2	723	785	308	769	668	566
"RCHGF003868"	0	1	0	0	0	0	52	80	39	49	43	24
"RCHGF003869"	4	1	2	0	0	0	219	194	120	122	96	92
"RCHGF003870"	1	0	3	3	0	2	688	733	334	346	293	263
"RCHGF003871"	1	1	0	0	0	0	98	108	61	108	89	90
"RCHGF003872"	2	1	3	1	0	0	710	739	492	286	372	277
"RCHGF003873"	14	17	7	4	4	12	2001.67	1683.69	2367.05	684.915	536	360.06
"RCHGF003874"	0	0	0	0	0	0	9	17	13	4	0	4
"RCHGF003875"	12	15	23	11	8	1	1527	1418	1364	902	1742	1673
"RCHGF003876"	17	6	13	5	3	7	1512	1521	1269	953	1416	1115
"RCHGF003877"	3	1	1	0	1	0	312	385	247	194	263	231
"RCHGF003878"	1	6	4	2	2	0	454	534	361	239	306	320
"RCHGF003879"	7	12	0	2	0	2	818	792	809	514	486	395
"RCHGF003880"	5	4	1	0	0	3	782	994	536	485	349	284
"RCHGF003881"	1	2	2	0	2	0	674	704	600	612	757	557
"RCHGF003882"	5	9	9	10	1	6	1231	1375	667	7272	6948	7040
"RCHGF003883"	0	4	0	2	0	0	108	90	49	39	69	51
"RCHGF003884"	55	98	74	24	42	31	13947	14884	10179	5959	8992	7625
"RCHGF003885"	17	22	12	8	18	3	9322	8225	8459	3391	4472	3841
"RCHGF003886"	57	55	34	19	24	28	6770	7040	6502	4372	5632	4970
"RCHGF003887"	15	35	31	9	7	11	5445	5905	4435	3635	4203	3618
"RCHGF003888"	0	0	0	0	0	0	7	26	7	2	4	1
"RCHGF003891"	18	21	7	1	1	1	3087	3141	3236	2404	4511	3580
"RCHGF003892"	11	11	12	3	4	3	6090	7183	5894	2744	2008	1549
"RCHGF003893"	5	2	4	4	1	2	1550	1468	1826	663	950	711
"RCHGF003894"	0	1	3	4	1	0	384	364	328	183	171	169
"RCHGF003895"	12	24	11	1	11	1	1820	2044	1619	867	1345	1302
"RCHGF003896"	13	19	17	6	6	12	3052	3084	1923	1124	1691	1298
"RCHGF003897"	85	81	44	40	38	23	69926	63030	141589	36575	35236	23307
"RCHGF003898"	0	2	1	0	4	1	212	211	141	76	102	88
"RCHGF003899"	4	11	6	6	2	5	972	962	451	301	395	372
"RCHGF003900"	13	11	5	4	5	2	3231	3144	2935	1993	3020	2500
"RCHGF003901"	14	7	10	4	5	7	2942	3004	2558	1923	2978	2508
"RCHGF003902"	14	10	11	0	3	4	1647	1917	1061	1081	1631	1226
"RCHGF003903"	0	9	7	2	0	0	689	798	437	317	407	376
"RCHGF003904"	25	55	28	9	9	15	9771	7630	5743	1589	3073	2897
"RCHGF003905"	8	5	11	6	6	8	5194	4891	4610	3318	5281	4076
"RCHGF003906"	2	3	1	1	0	4	1100	1106	1197	1036	1680	1543
"RCHGF003907"	0	0	1	1	0	0	155	184	144	161	224	200
"RCHGF003908"	21	5	12	4	3	9	6422	6965	4841	4442	7374	6256
"RCHGF003909"	21	39	29	23	7	12	9797	10852	7539	6392	8939	7585
"RCHGF003910"	19	19	19	6	3	3	2166	2200	2052	1308	1838	1592
"RCHGF003911"	5	7	3	1	3	2	978	1079	895	779	1076	1024
"RCHGF003912"	9	20	5	4	1	2	1790	1764	1649	1475	2072	1854
"RCHGF003913"	12	17	17	10	14	10	1961	2094	1491	1927	2579	2391
"RCHGF003914"	1	0	1	0	1	2	230	248	152	264	260	215
"RCHGF003915"	1	1	0	1	0	0	152	200	114	198	288	253
"RCHGF003917"	5	2	5	1	2	0	5295	4942	3798	3345	5503	4631
"RCHGF003918"	2	4	2	1	0	2	4304	3556	3004	2191	4154	3381
"RCHGF003919"	7	3	4	1	2	3	7981	7090	6710	3572	4035	2633
"RCHGF003920"	8	14	15	15	11	7	4326	4220	3069	3225	4553	3698
"RCHGF003921"	2	3	4	1	6	6	1798	1535	2326	1130	1112	802
"RCHGF003922"	0	4	3	0	3	0	815	731	576	314	406	367
"RCHGF003923"	0	0	0	1	0	0	137	156	105	92	101	86
"RCHGF003924"	2	0	2	0	0	0	136	171	128	81	90	64
"RCHGF003925"	3	10	10	4	2	1	2180	2050	2244	3009	2366	1859
"RCHGF003926"	2	0	0	1	0	0	57	70	60	738	833	698
"RCHGF003927"	0	0	2	0	0	0	105	154	80	698	701	635
"RCHGF003928"	5	7	1	2	4	2	1658	1566	2012	2698	3082	2427
"RCHGF003929"	3	1	0	2	0	0	45	56	74	3642	3654	2963
"RCHGF003930"	3	0	2	2	1	0	151	131	87	1193	1242	1170
"RCHGF003931"	6	4	0	2	1	1	297	279	247	5813	5435	4812
"RCHGF003932"	0	0	1	0	0	0	2014	2071	1027	858	1279	914
"RCHGF003933"	10	27	12	13	2	6	12998	12510	8360	8313	12615	9636
"RCHGF003934"	12	6	8	6	5	4	677	733	664	768	889	681
"RCHGF003935"	2	3	1	0	1	0	2302	1986	2177	1473	2310	1801
"RCHGF003936"	20	16	24	7	2	10	8747	9627	6814	5384	7933	6558
"RCHGF003937"	3	0	1	0	1	0	189	163	154	168	192	186
"RCHGF003938"	0	1	0	0	0	0	118	133	83	42	76	124
"RCHGF003939"	1	0	3	0	0	0	335	309	177	145	233	206
"RCHGF003940"	0	2	0	0	0	0	187	179	137	68	111	85
"RCHGF003941"	1	0	1	0	0	0	16	20	11	27	21	7
"RCHGF003942"	1	0	0	0	0	0	156	208	173	78	101	97
"RCHGF003943"	5	3	1	3	3	2	1077	1048	683	624	718	678
"RCHGF003944"	6	1	2	3	2	0	1057	910	1111	546	584	469
"RCHGF003945"	0	5	9	1	4	0	620	632	760	334	482	410
"RCHGF003946"	12	10	7	9	4	6	2268	2484	1498	1255	1659	1399
"RCHGF003947"	50	71	54	18	19	19	5157	4895	3078	1315	2013	1569
"RCHGF003948"	90	176	115	47	49	61	91639	69854	77616	30538	30919	22923
"RCHGF003949"	2	0	1	0	0	0	605	506	390	403	559	378
"RCHGF003950"	11	13	13	12	3	6	3444	3569	3269	2897	4666	3841
"RCHGF003951"	0	1	1	0	0	0	166	210	283	168	136	126
"RCHGF003952"	1	2	0	0	0	2	479	499	426	374	702	515
"RCHGF003953"	24	33	21	17	7	19	7405	7450	6430	5567	9504	7672
"RCHGF003954"	8	8	6	1	0	2	1744	2106	1945	1550	2208	1983
"RCHGF003955"	1	2	0	0	1	0	280	254	247	171	192	134
"RCHGF003956"	1	2	2	1	3	0	1193	1181	1107	890	1008	760
"RCHGF003957"	6	7	10	2	1	0	2623	2815	1676	1916	2573	2260
"RCHGF003958"	8	4	3	0	1	1	428	422	286	352	380	307
"RCHGF003959"	1	0	8	0	3	0	498	589	288	303	340	252
"RCHGF003960"	7	6	2	3	2	2	898	1038	470	505	585	540
"RCHGF003961"	95	166	84	37	26	52	7064	7489	3478	3620	4243	3996
"RCHGF003962"	10	10	12	5	3	8	1352	1633	916	928	1207	967
"RCHGF003963"	30.9688	26	25	11	9	8	5888	4919	6870	2330	1997	1593
"RCHGF003964"	230	294	270	136	145	170	15905	11692	22877	8983	8937	6200
"RCHGF003965"	3	4	2	2	1	0	888	986	590	883	906	845
"RCHGF003966"	0	1	4	2	1	0	411	632	354	550	364	373
"RCHGF003967"	3	6	1	1	0	1	690	763	435	393	454	393
"RCHGF003968"	4	8	4	2	1	1	805	802	658	541	624	476
"RCHGF003969"	6	3	9	0	1	0	570	435	312	323	427	350
"RCHGF003970"	17	21	13	5	7	7	2660	2368	1874	1835	2857	2399
"RCHGF003971"	4	10	13	3	4	1	1408	1403	1224	1381	2148	1591
"RCHGF003972"	13	8	4	5	5	10	3359	3363	3572	2629	5091	4032
"RCHGF003973"	7	6	2	4	4	3	2205	2576	1578	1126	1624	1432
"RCHGF003974"	47	69	41	27	15	21	13115	14235	8775	3284	4562	3947
"RCHGF003975"	93	93	65	26	28	28	12766	13826	9673	3854	6014	5139
"RCHGF003976"	8	1	5	6	2	4	1139	994	977	380	550	430
"RCHGF003977"	0	4	2	0	1	1	594	497	500	172	308	293
"RCHGF003978"	0	4	1	1	1	0	429	367	277	367	317	284
"RCHGF003979"	2	1	0	0	0	0	117	160	68	91	70	52
"RCHGF003980"	0	0	0	0	1	2	52	49	31	218	395	328
"RCHGF003981"	5	3	1	0	0	0	176	229	120	649	819	730
"RCHGF003982"	0	2	0	1	0	2	40	37	11	113	161	109
"RCHGF003983"	7	11	8	11	2	0	439	485	262	2364	2827	2807
"RCHGF003984"	0	3	0	0	0	1	26	35	24	66	96	86
"RCHGF003985"	53	39	35	25	43	48	27974	26701	164432	16705	19642	15338
"RCHGF003986"	0	1	0	2	0	0	396	394	283	352	304	301
"RCHGF003987"	0	0	1	2	3	0	578	459	599	295	418	300
"RCHGF003988"	2	16	0	6	1	0	206	267	215	17294	15824	13532
"RCHGF003989"	1	10	1	1	0	0	81	114	108	4755	4591	4138
"RCHGF003990"	0	1	0	0	0	0	46	34	41	5316	4963	4161
"RCHGF003991"	0	0	0	0	0	0	43	58	44	1555	1826	1685
"RCHGF003992"	1	3	0	0	1	3	2039	1689	2827	6132	6195	5149
"RCHGF003993"	4	3	1	7	8	2	1396	1352	2450	1586	1831	1324
"RCHGF003994"	0	4	1	0	3	0	830	695	1021	563	768	613
"RCHGF003995"	9	7	7	0	3	2	3036	3456	3391	2058	3150	2552
"RCHGF003996"	11	9	13	3	4	14	6924	7682	5626	4767	7050	5894
"RCHGF003997"	10	6	2	2	4	4	7193	6848	10512	1514	2177	1786
"RCHGF003998"	20	27	37	12	10	10	28394	29201	23517	4422	6419	5699
"RCHGF003999"	1	0	0	0	0	0	44	61	39	77	74	62
"RCHGF004000"	5	7	9	1	0	4	562	742	376	3585	3096	2536
"RCHGF004001"	12	12	5	5	6	6	1791	1759	1662	3600	4672	4014
"RCHGF004002"	14	9	2	5	4	3	1268	1479	793	1870	2280	1927
"RCHGF004003"	7	13	9	4	6	4	1351	1350	763	1893	2199	1982
"RCHGF004004"	4	1	0	2	1	2	243.805	244.412	128.471	280.341	259.165	207.295
"RCHGF004005"	4	1	5	2	0	0	445	415	854	1047	1450	1213
"RCHGF004006"	1	4	4	2	0	4	3601	3784	5072	1908	2446	1901
"RCHGF004007"	8	19	13	7	4	4	2038	2089	2525	1069	1008	846
"RCHGF004008"	5	12	5	2	0	0	526	484	238	486	507	490
"RCHGF004009"	3	1	3	2	1	1	560	600	160	1120	870	976
"RCHGF004010"	7	7	0	0	0	3	745	787	211	2204	1499	1214
"RCHGF004011"	1	1	0	1	0	4	178	149	79	112	124	103
"RCHGF004012"	1	0	3	0	1	6	289	349	127	154	187	178
"RCHGF004013"	5	12	10	2	2	8	4832	4909	3039	3151	5027	4150
"RCHGF004014"	1	6	3	1	3	3	2744	2470	2810	2103	2843	2002
"RCHGF004015"	0	1	0	0	1	0	231	276	230	169	226	163
"RCHGF004016"	0	0	0	0	0	0	154	125	202	101	246	188
"RCHGF004017"	1	1	0	0	0	1	859	838	941	750	1024	902
"RCHGF004018"	2	2	8	1	1	4	1616	1633	1145	1288	1779	1518
"RCHGF004019"	0	0	0	0	0	0	25	17	13	15	14	6
"RCHGF004020"	11	7	8	3	8	6	4493	4275	4134	4026	5670	4369
"RCHGF004021"	22	36	38	9	5	7	8047	9021	5864	7518	10977	8673
"RCHGF004022"	10	20	3	11	9	5	5891	6176	5000	4452	6398	5773
"RCHGF004023"	11	19	22	9	9	9	4271	4886	2694	2888	3619	3194
"RCHGF004024"	5	5	6	0	2	2	926	1127	615	471	477	497
"RCHGF004025"	14	14	7	2	6	5	2982	3238	1874	1646	1895	1720
"RCHGF004027"	0	1	0	0	0	0	122	126	155	89	177	143
"RCHGF004028"	3	5	6	7	2	4	1750	1687	1613	996	1423	1203
"RCHGF004029"	6	7	5	1	7	8	1507	1517	1216	619	1222	1054
"RCHGF004030"	28	32	25	12	10	9	4279	4548	3938	3107	4701	3888
"RCHGF004031"	9	15	13	6	8	9	6539	6725	4519	2602	3698	3197
"RCHGF004032"	7	12	9	1	5	1	2188	1984	1979	1045	1495	1325
"RCHGF004033"	1	2	1	0	0	0	268	191	334	133	209	137
"RCHGF004034"	1	0	1	0	0	0	91	108	62	48	40	13
"RCHGF004035"	1	0	0	0	0	0	95	113	60	62	29	34
"RCHGF004036"	0	0	0	0	0	0	3	14	17	4	0	2
"RCHGF004037"	0	0	0	0	0	0	9	11	12	11	3	5
"RCHGF004038"	0	0	0	0	0	0	1	0	0	2	0	0
"RCHGF004039"	0	0	2	0	0	0	10	12	10	3	10	9
"RCHGF004040"	0	0	0	2	0	0	41	46	35	10	7	5
"RCHGF004041"	0	0	0	0	0	0	48	46	64	669	527	473
"RCHGF004042"	11	4	6	5	5	1	9810	7130	9214	8665	9554	6715
"RCHGF004043"	6	7	2	0	1	1	1937	1885	1584	1224	1758	1382
"RCHGF004044"	11	14	6	1	1	3	2429	2440	1623	1535	2316	1906
"RCHGF004045"	11	19	12	4	3	7	6871	7809	5827	4376	6643	5672
"RCHGF004046"	8	19	15	9	5	8	3875	4129	2948	2516	3469	3078
"RCHGF004047"	5	5	5	1	2	4	3864	3822	3586	2176	3296	2639
"RCHGF004048"	0	0	0	0	0	0	35	23	27	103	65	41
"RCHGF004049"	14	4	0	7	0	0	409	421	421	57813	59207	51658
"RCHGF004050"	158	143	96	79	111	70	232779	262729	464907	125668	82360	61512
"RCHGF004051"	5	12	11	5	10	4	5339	5393	3460	1574	2151	1721
"RCHGF004052"	5	9	7	3	2	0	1331	1227	1076	586	440	486
"RCHGF004053"	2	2	3	4	1	1	1177	1003	1822	810	706	512
"RCHGF004054"	0	0	2	0	1	0	521	567	257	144	151	121
"RCHGF004055"	0	0	0	1	0	0	553	623	362	161	148	125
"RCHGF004056"	4	1	3	1	0	0	797	870	503	384	313	220
"RCHGF004057"	1	0	1	0	0	0	211	208	199	127	132	126
"RCHGF004058"	3	7	5	1	1	0	1209	1295	1102	600	764	678
"RCHGF004059"	5	9	10	2	0	1	2747	2980	1906	1245	1884	1549
"RCHGF004060"	14	18	6	2	2	4	2943	2584	1958	1983	2186	1679
"RCHGF004061"	25	38	41	9	16	21	5010	5989	3009	3607	5155	4711
"RCHGF004062"	32	43	29	15	16	17	3259	3369	1168	1790	2573	2219
"RCHGF004063"	18	15	22	8	2	5	1340	1621	517	1179	1869	1767
"RCHGF004064"	27	30	21	16	8	11	2754	2904	923	1918	2303	1910
"RCHGF004065"	13	32	8	8	2	2	4768	5357	4155	5141	7731	6340
"RCHGF004066"	13	8	13	10	5	2	2226	2289	1754	1935	2690	2319
"RCHGF004067"	15	29	18	9	14	9	2097	2548	1281	2104	2544	2408
"RCHGF004068"	12	20	12	0	10	7	1824	2052	1043	1991	2464	2012
"RCHGF004069"	1	2	0	0	0	0	171	150	103	823	683	663
"RCHGF004070"	5	8	2	15	4	4	3004	3018	2553	3522	4194	3727
"RCHGF004071"	1	5	1	1	0	1	121	173	82	1242	1285	1316
"RCHGF004072"	23	27	25	11	12	4	4279	4380	2103	11794	15004	11697
"RCHGF004073"	22	35	19	10	11	3	3887	4803	2848	2615	4507	4116
"RCHGF004074"	8	3	6	2	1	3	2238	2509	1833	1616	2739	2336
"RCHGF004075"	16	27	21	11	11	5	3827	4349	3018	2684	4625	4360
"RCHGF004076"	2	8	8	2	0	1	1397	1497	1261	1191	1540	1302
"RCHGF004077"	1	0	0	0	0	0	54	58	41	43	35	32
"RCHGF004078"	12	34	7	8	8	13	2887	3250	3354	2225	3285	3129
"RCHGF004079"	3	7	2	0	3	4	990	1061	982	555	839	723
"RCHGF004080"	5	12	4	0	2	0	1855	2168	2514	1133	1821	1650
"RCHGF004081"	152	147	139	87	95	86	42971	37690	78426	26165	29462	21948
"RCHGF004082"	0	2	2	0	1	1	302	262	319	4133	3406	2684
"RCHGF004083"	13	16	8	5	2	5	8215	8190	6546	2522	3882	3202
"RCHGF004084"	3	10	9	5	3	5	3700	3833	4317	1775	2015	1771
"RCHGF004085"	4	4	6	2	2	1	1963	2111	1853	887	1134	933
"RCHGF004086"	1	9	3	0	3	2	628	745	854	432	658	522
"RCHGF004087"	3	8	4	2	6	0	448	499	362	256	329	249
"RCHGF004088"	0	0	0	0	0	0	10	19	18	8	7	11
"RCHGF004089"	0	1	3	2	0	0	179	214	117	1370	1463	1362
"RCHGF004090"	2	0	2	3	1	2	252	356	177	1256	1416	1422
"RCHGF004091"	4	5	1	1	1	0	340	277	142	148	172	121
"RCHGF004092"	0	2	3	2	0	0	206	275	76	232	191	158
"RCHGF004093"	9	6	1	0	0	0	663	780	326	392	374	365
"RCHGF004094"	3	5	4	0	2	0	294	336	163	165	226	209
"RCHGF004095"	2	0	0	0	0	0	90	119	40	25	36	28
"RCHGF004096"	22	34	17	8	11	13	5176	5781	4178	3626	5719	4926
"RCHGF004097"	4	13	11	3	5	3	2322	2373	1856	1462	2383	1924
"RCHGF004099"	16	32	16	8	2	8	5531	5375	3523	4090	6980	5313
"RCHGF004101"	0	1	0	1	0	0	78.5041	79.4848	43.8771	29.9937	10	18
"RCHGF004102"	0	0	0	0	0	0	2	1	5	6	0	0
"RCHGF004103"	0	0	0	0	0	0	7	4	5	5	1	3
"RCHGF004104"	18	19	9	2	1	10	4746.23	5447.5	2702.48	1826.33	1728.61	1632.74
"RCHGF004105"	0	3	1	1	0	0	199	182	194	63	46	26
"RCHGF004106"	0	7	1	0	1	3	682	742	292	495	550	404
"RCHGF004107"	0	1	0	0	0	0	116	102	69	68	116	67
"RCHGF004108"	3	1	0	0	0	1	233	245	107	144	189	163
"RCHGF004109"	18	22	9	4	2	6	2093	2176	1222	1205	1490	1180
"RCHGF004110"	0	0	0	0	0	0	59	102	56	38	23	16
"RCHGF004111"	1	0	0	0	0	0	119	122	195	56	68	43
"RCHGF004112"	1	2	1	0	0	0	153	120	76	73	38	33
"RCHGF004113"	4	2	2	0	0	0	400	363	211	317	231	177
"RCHGF004114"	0	2	1	0	1	0	162	155	152	573	287	276
"RCHGF004115"	2	11	7	2	3	4	1185	1368	916	725	732	619
"RCHGF004116"	0	0	0	0	0	0	0	0	0	0	0	0
"RCHGF004117"	0	0	3	0	0	3	33	47	15	17	10	15
"RCHGF004118"	1	0	0	0	0	1	54	80	25	27	18	14
"RCHGF004119"	1	1	0	0	0	0	131	193	119	75	99	55
"RCHGF004120"	1	9	2	1	1	0	318	367	206	201	175	175
"RCHGF004121"	24	29	9	6	16	3	3404	3469	3404	2378	2831	2269
"RCHGF004122"	1	1	2	0	0	0	333	476	290	331	260	204
"RCHGF004123"	3	0	0	1	0	0	143	175	170	405	334	248
"RCHGF004125"	91	102	70	29	21	30	12205	12845	7459	7705	11527	10365
"RCHGF004126"	0	20	1	0	0	0	276	405	149	206	145	139
"RCHGF004127"	0	0	0	0	0	2	30	54	25	19	29	15
"RCHGF004128"	0	3	2	0	0	0	144	172	83	106	90	66
"RCHGF004129"	1	0	1	0	0	0	222	234	99	103	159	116
"RCHGF004130"	1	7	4	0	0	0	305	403	219	239	311	256
"RCHGF004131"	0	0	2	0	0	0	197	272	148	239	209	162
"RCHGF004132"	0	0	3	0	2	1	263	317	168	203	170	152
"RCHGF004133"	5	4	0	0	0	0	257	262	148	109	87	110
"RCHGF004134"	1	0	2	0	0	0	198	253	178	90	65	59
"RCHGF004135"	0	2	0	0	0	0	118	185	111	55	45	19
"RCHGF004136"	0	0	0	0	0	0	29	36	22	22	12	10
"RCHGF004137"	1	0	5	0	0	0	235	244	189	2203	2332	1791
"RCHGF004138"	3	4	14	4	1	3	1203	1000	1001	1876	1541	1404
"RCHGF004139"	0	3	3	0	0	0	374	370	401	218	244	180
"RCHGF004140"	10	18	14	5	3	1	1601	1765	1514	561	566	598
"RCHGF004141"	0	1	12	4	1	1	835	984	691	170	141	147
"RCHGF004142"	1	0	0	0	0	0	645	629	837	189	218	172
"RCHGF004143"	0	0	0	0	2	0	142	213	92	87	106	99
"RCHGF004144"	1	2	0	1	0	0	111	120	86	69	45	66
"RCHGF004145"	2	1	5	0	0	0	130	104	106	89	43	41
"RCHGF004146"	1	1	0	2	0	0	55	56	52	28	19	21
"RCHGF004147"	2	0	0	0	0	0	47	52	31	12	14	11
"RCHGF004148"	3	2	3	3	2	1	750	740	517	191	153	135
"RCHGF004149"	2	3	0	3	0	0	86	123	83	54	36	25
"RCHGF004150"	2	2	0	0	0	0	96	81	77	35	21	20
"RCHGF004151"	2	1	1	4	0	0	90	121	129	80	40	28
"RCHGF004152"	6	2	1	0	0	0	94	92	42	101	59	62
"RCHGF004153"	0	0	0	0	0	0	8	33	12	14	11	22
"RCHGF004154"	0	0	0	0	0	0	1	1	0	1	4	3
"RCHGF004155"	0	2	0	0	0	0	6	9	8	33	19	16
"RCHGF004156"	5	0	0	0	0	0	92	134	99	84	68	37
"RCHGF004157"	2	0	0	0	0	0	203	207	173	153	153	101
"RCHGF004158"	2	1	0	1	0	0	200	211	190	171	200	184
"RCHGF004159"	6	7	14	5	2	1	1943	1953	1958	995	1242	1111
"RCHGF004160"	5	4	1	1	3	0	1674	1965	1311	996	991	872
"RCHGF004161"	5	15	2	0	0	3	403	368	301	461	564	440
"RCHGF004162"	3	5	16	2	2	1	938	972	777	1566	1645	1560
"RCHGF004163"	8	3	0	3	0	0	208	264	243	467	607	536
"RCHGF004164"	1	6	6	2	1	4	546	668	401	3351	3860	3371
"RCHGF004165"	5	8	3	3	0	3	747	647	721	316	426	372
"RCHGF004166"	0	1	0	0	0	0	401	326	492	192	272	216
"RCHGF004167"	1	1	0	0	0	1	921	759	767	319	303	205
"RCHGF004168"	3	1	3	0	0	3	2048	1768	1697	820	792	620
"RCHGF004169"	13	6	18	3	2	5	1745	2166	1181	3161	2789	2284
"RCHGF004170"	0	2	0	0	0	0	120	139	90	47	33	31
"RCHGF004171"	2	2	0	0	0	0	83	126	64	63	26	24
"RCHGF004172"	0	0	0	0	1	0	13	14	16	13	2	5
"RCHGF004173"	0	3	4	0	3	0	393	499	221	427	253	258
"RCHGF004174"	2	3	0	2	0	0	197	231	119	81	51	56
"RCHGF004175"	3	0	0	2	1	0	157	150	117	61	47	48
"RCHGF004176"	6	1	1	3	0	2	434	426	234	211	149	113
"RCHGF004177"	1	1	2	0	0	2	119	127	79	57	37	35
"RCHGF004178"	0	0	0	0	0	0	84	78	73	49	35	28
"RCHGF004179"	1	2	0	2	0	1	599	559	661	273	269	222
"RCHGF004180"	1	5	2	0	0	0	390	429	298	161	161	132
"RCHGF004181"	6	5	2	0	0	0	1219	1154	822	436	340	301
"RCHGF004182"	4	0	1	0	0	0	153	208	91	57	79	49
"RCHGF004183"	2	7	3	1	0	0	483	612	314	311	262	234
"RCHGF004184"	0	1	0	0	0	0	8	12	11	10	7	3
"RCHGF004185"	5	8	9	1	1	1	922	896	426	7456	5251	5176
"RCHGF004186"	4	9	3	1	1	0	1531	1556	930	938	1014	801
"RCHGF004187"	11	6	7	2	1	1	2441	3313	1709	1692	1934	1623
"RCHGF004188"	5	3	4	0	5	1	1184	1480	968	868	888	827
"RCHGF004189"	1	4	2	0	1	1	1543	1234	962	688	848	721
"RCHGF004190"	0	5	1	3	0	2	315	373	188	213	146	177
"RCHGF004191"	2	4	0	6	0	3	632	566	619	325	226	195
"RCHGF004192"	4	8	1	0	1	0	763	911	734	286	306	278
"RCHGF004193"	1	3	0	0	0	0	532	601	695	227	161	142
"RCHGF004194"	0	1	1	0	0	0	467	435	466	253	268	181
"RCHGF004195"	6	9	1	1	2	1	709	789	541	475	405	334
"RCHGF004196"	6	6	4	0	1	0	918	924	600	501	658	454
"RCHGF004197"	0	0	0	0	0	0	26	29	10	14	24	16
"RCHGF004198"	9	8	9	3	0	1	2203	2276	1277	1377	1572	1201
"RCHGF004199"	1	1	0	0	0	1	179	223	123	132	93	56
"RCHGF004200"	12	16	15	4	3	1	1233	1308	790	757	833	735
"RCHGF004201"	2	11	4	2	1	3	463	495	292	155	167	166
"RCHGF004202"	80	102	70	36	36	58	11411	9908	6913	5248	7159	6201
"RCHGF004203"	0	2	2	0	0	0	214	271	234	155	215	169
"RCHGF004204"	16	9	8	1	1	5	1902	1973	1550	995	1082	866
"RCHGF004205"	3	1	2	0	0	5	837	784	553	477	622	466
"RCHGF004206"	22	28	13	4	2	8	2843	2855	2095	1671	2069	1752
"RCHGF004207"	8	7	3	2	7	5	6820	6057	7183	3745	5760	4743
"RCHGF004208"	23	22	23	5	6	8	20898	21562	14860	15425	22244	16144
"RCHGF004209"	12	16	5	7	2	9	12983	14427	17740	8082	10971	9862
"RCHGF004210"	0	2	0	4	0	1	2881	2695	2346	2407	3071	2336
"RCHGF004211"	3	8	6	1	1	0	6089	7280	4240	4546	4805	3754
"RCHGF004212"	7	9	12	3	1	1	8569	8798	6000	5616	8638	7226
"RCHGF004213"	4	5	3	1	1	5	9344	11852	10221	6800	14110	13137
"RCHGF004214"	26	18	5	7	4	6	27188	32613	14820	18651	28239	23036
"RCHGF004215"	5	3	0	1	0	1	3896	4157	3059	3257	4046	3183
"RCHGF004216"	3	2	8	1	1	0	6785	6159	4397	4493	8334	6044
"RCHGF004217"	4	4	1	0	1	0	5590	6788	4390	4174	6849	5954
"RCHGF004218"	9	8	5	2	0	1	11032	11887	6413	8626	12223	9993
"RCHGF004219"	7	13	5	8	3	2	18952	21106	13629	13171	20497	16524
"RCHGF004220"	11	2	8	3	4	0	16261	18553	9468	11535	16819	12344
"RCHGF004221"	5	4	1	1	0	4	2891	3440	3355	2571	4786	4344
"RCHGF004222"	4	4	3	2	2	0	4988	5979	3787	3450	5607	4280
"RCHGF004223"	2	1	0	1	1	0	3673	5136	2702	3197	3836	3391
"RCHGF004224"	0	2	0	0	0	0	1849	2536	1154	1558	1752	1318
"RCHGF004225"	5	4	1	3	3	2	7276	10826	6294	5397	9765	9066
"RCHGF004226"	11	12	7	8	1	2	17212	20807	15649	13497	23474	19976
"RCHGF004227"	3	0	0	0	3	1	1213	1414	1130	1115	1390	1113
"RCHGF004228"	1	2	0	0	2	0	1809	2256	2733	1370	2908	2451
"RCHGF004229"	6	6	5	4	4	3	12487	13301	10389	9292	15756	11937
"RCHGF004230"	2	5	2	2	1	1	8723	9767	6598	5834	7459	5560
"RCHGF004231"	10	2	0	2	1	2	7190	7382	5355	5477	9301	7216
"RCHGF004232"	8	3	5	7	4	1	15817	14703	11797	10827	17741	13425
"RCHGF004233"	0	0	1	11	0	4	334	344	408	166	216	153
"RCHGF004234"	1	2	0	0	0	0	251	258	340	102	186	138
"RCHGF004235"	3	2	2	1	0	0	659	681	494	231	319	269
"RCHGF004236"	0	0	0	0	0	0	325	384	289	130	153	154
"RCHGF004238"	6	4	4	5	2	3	1009	814	1176	510	485	357
"RCHGF004239"	5	1	0	2	1	0	483	462	536	444	354	317
"RCHGF004240"	502	624	522	223	201	207	135586	144811	81263	70497	107746	95845
"RCHGF004241"	17	29	29	17	9	9	39888	43227	29894	28403	48812	38570
"RCHGF004242"	7	5	4	0	4	0	7599	6394	5430	4108	7410	6294
"RCHGF004243"	11	4	8	6	8	2	15851	16875	15145	12484	16761	13619
"RCHGF004244"	4	3	2	0	3	0	836	909	386	547	776	607
"RCHGF004245"	2	10	0	0	0	4	1674	1867	1434	564	804	575
"RCHGF004247"	2	2	4	0	1	0	1547	1190	865	1301	1355	1058
"RCHGF004248"	2	0	0	1	0	0	78	87	181	3771	3204	2173
"RCHGF004249"	2	3	1	1	0	0	328	387	715	12204	10841	7905
"RCHGF004250"	6	0	0	2	1	0	322	328	393	233	281	252
"RCHGF004251"	10	23	10	4	5	3	2054	1907	1228	1038	1505	1303
"RCHGF004252"	0	4	1	0	2	0	781	764	444	462	502	388
"RCHGF004253"	0	0	0	0	0	0	17	14	8	9	1	5
"RCHGF004254"	83	90	79	36	41	42	4372	4119	2657	5154	5194	3697
"RCHGF004255"	31	51	38	15	13	15	1793	1666	800	3174	2596	1761
"RCHGF004256"	621	869	645	290	280	246	35108	35369	10711	19754	18005	16540
"RCHGF004257"	0	0	0	0	0	0	49	89	22	59	79	71
"RCHGF004258"	19	18	1	9	9	7	2797	2636	4576	104596	67295	55049
"RCHGF004259"	25	20	27	11	21	15	4564	3788	5642	28284	25715	20118
"RCHGF004260"	1	5	8	1	1	0	540	642.863	175	542	697.675	537
"RCHGF004261"	1	1	4	1	0	1	232	368	81	229.903	302.9	206
"RCHGF004262"	1	0	0	0	0	0	31	49	7	13	50	23
"RCHGF004263"	1	0	0	0	0	0	72	131	33	35	84	62
"RCHGF004264"	0	2	0	2	0	0	442	599	137	319	326	260
"RCHGF004265"	1	1	0	0	0	1	172	239	67	105	123	108
"RCHGF004266"	1	12	0	6	2	2	900	1000	309	524	488	509
"RCHGF004267"	0	2	0	0	0	1	230	242	52	152	128	136
"RCHGF004268"	14	11	11	5	1	0	1570	1894	716	851	668	723
"RCHGF004269"	0	1	1	0	0	0	97	111	39	72	59	44
"RCHGF004270"	2	2	3	7	0	0	307	329	196	268	168	160
"RCHGF004271"	0	0	1	0	0	1	59	77	36	34	46	34
"RCHGF004272"	1	1	1	0	1	0	42	67	15	38	21	23
"RCHGF004273"	0	0	0	0	0	0	60	67	32	21	12	18
"RCHGF004274"	0	0	0	0	0	0	30	24	24	21	31	21
"RCHGF004275"	10	11	3	9	1	1	682	809	456	629	467	438
"RCHGF004276"	0	0	0	0	1	0	93	133	51	84	58	46
"RCHGF004277"	3	1	1	3	2	0	369	358	174	269	236	294
"RCHGF004278"	2	3	7	2	0	0	442	408	265	433	351	332
"RCHGF004279"	1	0	0	0	0	0	110	65	61	69	48	59
"RCHGF004280"	2	0	0	0	0	0	112	180	60	85	56	64
"RCHGF004281"	0	4	0	0	3	0	46	55	42	51	39	43
"RCHGF004282"	0	0	0	0	0	0	112	102	35	31	43	41
"RCHGF004283"	1	2	0	1	0	0	82	107	59	60	58	61
"RCHGF004284"	1	1	2	0	0	0	38	32	27	30	19	25
"RCHGF004285"	2	9	0	1	1	0	210	262	99	132	142	129
"RCHGF004286"	2	0	0	0	0	0	18	23	22	14	9	6
"RCHGF004287"	5	10	3	1	0	1	306	304	169	221	276	188
"RCHGF004288"	0	1	0	0	0	0	59	46	27	25	26	19
"RCHGF004289"	3	1	0	0	1	0	97	112	58	98	76	52
"RCHGF004290"	0	0	0	0	0	0	7	4	11	13	5	9
"RCHGF004291"	0	0	0	0	0	0	1	20	11	4	7	3
"RCHGF004292"	0	2	3	0	0	1	64	71	36	53	52	53
"RCHGF004293"	4	4	3	1	0	0	426	402	209	338	325	311
"RCHGF004294"	1	3	3	3	1	0	153	203	114	152	139	139
"RCHGF004295"	0	0	0	0	0	0	110	62	59	110	82	96
"RCHGF004296"	1	0	0	0	0	0	32	30	19	32	25	12
"RCHGF004297"	2	2	8	2	0	0	241	224	104	298	291	283
"RCHGF004298"	4	2	0	4	1	1	248	227	121	185	196	186
"RCHGF004299"	0	0	0	0	1	0	21	14	19	35	27	28
"RCHGF004300"	0	4	1	0	0	0	63	76	38	204	104	126
"RCHGF004301"	1	0	0	0	1	0	62	73	29	132	102	76
"RCHGF004302"	2	10	24	2	1	1	1553	1517	1438	652	603	498
"RCHGF004303"	1	0	0	0	0	0	61	61	32	92	43	84
"RCHGF004304"	3	1	0	1	0	2	114	117	68	164	108	100
"RCHGF004305"	9	4	7	5	7	2	3766	3444	5454	3408	2865	1990
"RCHGF004306"	11	13	11	2	4	3	1531	1552	2592	428	493	414
"RCHGF004307"	68	69	70	40	24	18	16605	17813	23932	6481	6468	5562
"RCHGF004308"	8	11	9	8	5	7	2249	2422	2215	897	772	567
