"Feature"	"Consortium_Early_R1"	"Consortium_Early_R2"	"Consortium_Early_R3"	"Consortium_Late_R1"	"Consortium_Late_R2"	"Consortium_Late_R3"	"PT33_Early_R1"	"PT33_Early_R2"	"PT33_Early_R3"	"PT33_Late_R1"	"PT33_Late_R2"	"PT33_Late_R3"
"RVCYZ000001"	500	551	448	546	469	456	538	899	422	1492	1627	1610
"RVCYZ000002"	1895	2270	1735	1431	1216	1389	1280	1768	1395	1484	1621	1569
"RVCYZ000003"	236	338	184	233	190	134	253	456	180	991	1006	934
"RVCYZ000004"	74	130	54	64	64	41	110	210	250	408	399	427
"RVCYZ000005"	39	47	32	33	28	18	39	53	35	168	168	130
"RVCYZ000006"	178	272	154	196	144	133	205	301	346	745	808	765
"RVCYZ000007"	248	314	153	181	163	104	254	503	413	1037	1183	1025
"RVCYZ000008"	8402	10610	8191	6635	5547	5902	6920	7804	5705	5170	5115	4957
"RVCYZ000009"	629	792	576	604	455	466	509	695	805	1089	1103	1062
"RVCYZ000010"	334	366	270	295	265	204	371	645	235	1483	1448	1492
"RVCYZ000011"	1343	1711	1240	1392	961	1161	1077	1547	1302	2025	2261	2214
"RVCYZ000012"	6072	7330	5698	4660	3600	4107	4913	4848	2385	2135	1972	2113
"RVCYZ000013"	561	752	602	531	421	403	570	646	790	815	870	945
"RVCYZ000014"	693	831	582	532	448	499	478	719	2006	1042	915	966
"RVCYZ000015"	936	1009	817	780	588	509	884	1151	2053	1772	1799	1830
"RVCYZ000016"	1700	2347	1545	2071	1478	1524	1251	1483	3062	979	794	980
"RVCYZ000017"	1127	1514	1046	1048	933	942	815	1009	1944	879	850	805
"RVCYZ000018"	2636	3408	2555	2194	1825	2001	1940	2569	3996	2202	2183	2087
"RVCYZ000019"	3173	4152	3143	2290	1871	1987	2815	3346	2683	1873	1884	1904
"RVCYZ000020"	1823	2377	1891	1081	770	771	1475	1991	1396	1988	1950	1817
"RVCYZ000021"	3673	4796	3824	2727	2363	2263	2662	3406	2179	3295	3550	3418
"RVCYZ000022"	155	229	206	137	144	188	180	234	272	308	250	255
"RVCYZ000023"	15969	20700	16667	11379	8925	10052	10032	10680	7202	3486	3149	2980
"RVCYZ000024"	1078	1413	1103	825	722	667	880	1103	2007	1231	1278	1211
"RVCYZ000025"	2727	3551	2793	2225	1755	1593	2520	3272	4429	4527	4662	4700
"RVCYZ000026"	2220	2893	2103	2046	1784	1642	1910	2461	5043	3382	3177	2994
"RVCYZ000027"	5990	7509	5596	4645	3818	3717	5225	5838	12398	5860	5592	5683
"RVCYZ000028"	1108	1487	1172	965	769	866	960	1101	2326	826	673	710
"RVCYZ000029"	2588	3392	2563	1880	1531	1561	2765	3549	4648	4512	4761	4560
"RVCYZ000030"	454	447	376	567	486	480	366	477	270	610	617	691
"RVCYZ000031"	1567	1937	1407	1783	1333	1359	1183	1545	812	1334	1312	1236
"RVCYZ000032"	132	150	88	129	77	85	144	262	73	530	511	460
"RVCYZ000033"	58	64	61	68	72	37	85	141	61	364	304	314
"RVCYZ000034"	264	323	232	245	170	215	238	280	514	412	390	397
"RVCYZ000035"	439	534	421	389	313	251	430	675	485	1078	1148	1074
"RVCYZ000036"	1409	1802	1380	918	696	824	1558	1681	1674	924	852	834
"RVCYZ000037"	592	759	594	389	340	346	590	848	1128	1251	1232	1194
"RVCYZ000038"	103	121	152	62	79	75	133	143	162	274	250	168
"RVCYZ000039"	561	781	629	433	305	273	635	834	1091	1206	1337	1381
"RVCYZ000040"	555	743	530	373	259	265	483	648	977	906	858	869
"RVCYZ000041"	1205	1514	1253	970	847	909	1097	1330	1547	1561	1493	1515
"RVCYZ000042"	788	1041	723	707	540	523	513	651	1020	414	415	446
"RVCYZ000043"	1409	1834	1332	1565	1197	1328	1219	1414	1819	1339	1372	1546
"RVCYZ000044"	1356	1598	1239	1042	832	802	1087	1471	2586	1785	1661	1611
"RVCYZ000045"	1196	1328	980	967	808	882	1003	1235	1742	1760	1689	1787
"RVCYZ000046"	3371	4152	3069	2263	1771	1855	2780	3638	5052	4244	4516	4603
"RVCYZ000047"	6451	6632	7363	5169	5184	6042	5791	5461	2840	1291	1239	1297
"RVCYZ000048"	1477	1871	1497	1355	1108	1279	1622	1447	1132	651	577	599
"RVCYZ000049"	650	774	804	849	740	811	830	1039	314	1395	1384	1377
"RVCYZ000050"	989	1263	946	849	712	604	1095	1647	942	2630	2913	2937
"RVCYZ000051"	100	84	56	56	53	45	58	148	38	426	427	376
"RVCYZ000052"	361	472	318	407	363	255	444	678	465	1284	1546	1497
"RVCYZ000053"	314	393	277	304	289	194	339	691	750	1127	1255	1288
"RVCYZ000054"	532	631	494	415	307	276	381	622	1211	932	1014	925
"RVCYZ000055"	626	740	576	393	321	341	415	596	1320	800	814	807
"RVCYZ000056"	746	1008	665	682	634	535	820	1218	1209	2050	2071	2247
"RVCYZ000057"	1122	1501	1228	818	792	821	1194	1453	1462	1463	1558	1507
"RVCYZ000058"	4308	5726	4510	4300	3767	3868	3900	4436	1855	1652	1435	1460
"RVCYZ000059"	2292	3091	2195	2085	1619	1836	2098	2401	1035	1415	1483	1455
"RVCYZ000060"	7360	8921	7445	9142	8158	9310	6163	6378	13315	4488	4369	4479
"RVCYZ000061"	11631	14904	11495	14014	12030	13363	9276	10325	29550	8977	7770	7856
"RVCYZ000062"	786	927	675	669	574	580	709	856	503	931	1065	1035
"RVCYZ000063"	3732	4986	3633	3186	2624	2827	3331	4253	2585	3924	4152	3960
"RVCYZ000064"	161	176	126	177	169	126	232	304	185	796	847	764
"RVCYZ000065"	1659	1885	1745	1279	1088	1063	1520	1878	1421	2191	2337	2237
"RVCYZ000066"	1236	1705	1290	1148	944	927	986	1350	599	1908	1900	1807
"RVCYZ000067"	1557	2051	1566	1462	1186	1102	1417	1677	1666	2174	2117	2028
"RVCYZ000068"	246	299	165	245	190	140	283	443	300	1042	1025	1095
"RVCYZ000069"	257	351	210	237	157	148	281	450	963	1065	973	941
"RVCYZ000070"	251	295	156	205	195	147	278	457	460	1034	1104	1034
"RVCYZ000071"	610	784	554	585	491	430	799	1148	190	1904	2136	2085
"RVCYZ000072"	363	573	390	342	251	280	303	483	380	560	545	544
"RVCYZ000073"	1294	1712	1148	1158	950	808	909	1176	747	1400	1376	1304
"RVCYZ000074"	970	1366	839	1013	723	689	727	983	614	1160	1134	1105
"RVCYZ000075"	959	1354	1014	794	666	641	895	1283	982	1614	1655	1714
"RVCYZ000076"	550	701	430	609	561	343	746	1438	229	3137	3018	3248
"RVCYZ000077"	272	279	180	275	195	121	271	584	127	1119	1181	1255
"RVCYZ000078"	7159	9501	7236	6325	5167	5724	7023	8628	7531	7377	7122	7036
"RVCYZ000079"	740	794	668	564	491	400	698	993	1222	1639	1809	1806
"RVCYZ000080"	2436	3054	2386	1991	1625	1804	1868	2085	7578	1822	1796	1707
"RVCYZ000081"	4022	4981	3822	3530	3076	3546	3384	3805	8172	2608	2360	2503
"RVCYZ000082"	12214	15060	10996	9974	7193	8346	10294	9059	9135	2761	2467	2315
"RVCYZ000083"	2172	2673	1826	1967	1545	1520	1590	1915	8195	2819	2596	2477
"RVCYZ000084"	770	901	735	785	584	614	596	951	2107	1350	1251	1253
"RVCYZ000085"	236	270	237	245	236	208	277	372	236	478	528	467
"RVCYZ000086"	2007	2660	1921	2089	1743	1961	1845	2754	2825	3137	3155	3221
"RVCYZ000087"	2756	3640	2778	2380	1925	1993	2692	2740	1402	2106	2254	2074
"RVCYZ000088"	704	899	678	516	450	354	772	923	496	1341	1275	1279
"RVCYZ000089"	1201	1662	1298	780	655	758	1226	1560	538	1022	1010	1112
"RVCYZ000090"	1826	2236	1693	1311	1053	1075	2052	2380	705	2254	2457	2448
"RVCYZ000091"	2275	2904	2183	1942	1667	1826	2136	2516	3657	3254	3336	3186
"RVCYZ000092"	387	463	331	354	264	240	493	790	376	1106	1267	1239
"RVCYZ000093"	1054	1323	929	868	834	709	1270	1989	1620	3249	3381	3538
"RVCYZ000094"	687	773	529	536	515	464	685	1113	1510	1854	1973	1932
"RVCYZ000095"	885	1060	880	836	678	683	806	936	1997	1281	1156	1157
"RVCYZ000096"	2602	3368	2414	2405	1872	1978	2321	2982	5853	3784	3478	3470
"RVCYZ000097"	749	935	764	513	439	343	735	1059	1747	1699	1636	1767
"RVCYZ000098"	4012	5333	3753	2436	1761	1903	3502	3899	7053	2758	2625	2726
"RVCYZ000099"	11459	14767	11035	7608	5949	6587	10560	12176	9993	5065	4578	4819
"RVCYZ000100"	2807	3826	2963	2414	2122	2244	2412	3055	3737	2889	2985	2869
"RVCYZ000101"	328	393	323	333	239	297	271	378	930	773	796	644
"RVCYZ000102"	1152	1430	1020	2476	2123	2373	1319	1759	464	1382	1338	1362
"RVCYZ000103"	2770	3353	2779	2584	2278	2411	2523	3154	3750	3253	3388	3539
"RVCYZ000104"	3493	4984	4024	2665	2200	2401	2882	3462	2927	3057	3003	2943
"RVCYZ000105"	461	529	394	374	295	267	409	631	485	826	792	797
"RVCYZ000106"	1076	1333	1025	916	787	760	1174	1378	984	1685	1685	1684
"RVCYZ000107"	1536	1989	1458	1089	893	960	1604	2086	3686	2744	2876	2974
"RVCYZ000108"	807	1007	774	665	531	480	902	1174	432	1402	1511	1521
"RVCYZ000109"	1047	1302	1001	940	799	673	1083	1659	522	2062	2172	2227
"RVCYZ000110"	1032	1313	986	771	660	627	990	1434	480	1940	1927	1921
"RVCYZ000111"	1832	2293	1924	1303	1087	1130	1882	1974	1346	1462	1362	1358
"RVCYZ000112"	8181	10267	8054	4646	3809	4289	7218	8459	4804	5662	5808	6011
"RVCYZ000113"	2546	3045	2369	1572	1367	1235	1959	2634	2294	2017	2125	2135
"RVCYZ000114"	779	1018	767	535	499	428	828	1173	440	1666	1711	1858
"RVCYZ000115"	131	126	116	81	78	84	115	187	68	321	375	302
"RVCYZ000116"	439	606	383	493	383	275	586	1035	342	2288	2301	2320
"RVCYZ000117"	263	288	205	218	220	161	295	582	268	1043	1217	1145
"RVCYZ000118"	14857	18314	16335	12619	10924	11804	17128	18895	29779	14180	14353	16086
"RVCYZ000119"	375	445	332	322	350	276	379	562	404	1150	1253	1291
"RVCYZ000121"	40	48	29	78	46	28	63	121	6	264	234	294
"RVCYZ000122"	456	565	334	516	382	290	741	1153	113	2215	2438	2520
"RVCYZ000123"	30	13	27	20	21	8	33	49	4	116	119	113
"RVCYZ000124"	541	540	405	498	390	386	634	1084	319	1938	2335	2274
"RVCYZ000125"	188	270	157	126	106	83	175	254	294	550	629	455
"RVCYZ000126"	952	1234	944	685	668	504	1045	1447	1153	1812	2115	1902
"RVCYZ000127"	1657	1871	1465	1676	1375	1330	1798	2460	869	2973	3217	3302
"RVCYZ000128"	2424	2826	2142	2045	1740	1627	1919	2170	2667	1469	1553	1537
"RVCYZ000129"	1221	1441	1372	1206	1021	961	1391	2082	1278	3331	3348	3185
"RVCYZ000130"	823	988	796	728	599	623	746	1119	790	1456	1573	1587
"RVCYZ000131"	24170	34023	22661	17881	14323	14914	18658	19843	5203	5753	5120	5184
"RVCYZ000133"	343	432	260	298	216	146	369	641	212	1285	1419	1326
"RVCYZ000134"	676	847	713	718	539	454	730	1278	672	2135	2318	2317
"RVCYZ000135"	2078	2663	2030	1940	1521	1481	2427	3583	767	4900	5314	5117
"RVCYZ000136"	4505	5743	4425	3126	2565	2235	4404	5864	2086	6628	6849	6580
"RVCYZ000137"	1439	1917	1311	1246	960	744	1653	2544	1661	4126	4343	4387
"RVCYZ000138"	1247	1628	1206	874	680	650	1282	1568	1670	1435	1326	1409
"RVCYZ000139"	1008	1255	994	792	676	636	1086	1473	1696	2170	2249	2128
"RVCYZ000140"	6578	8092	6717	4918	4162	4516	6484	7669	6774	3325	3161	3429
"RVCYZ000142"	1049	1255	846	750	604	741	684	1038	1906	1205	1248	1338
"RVCYZ000143"	1892	2391	1726	1474	1172	1034	2157	3107	2903	4795	4911	5002
"RVCYZ000144"	5297	6661	4824	4778	3981	4553	4522	5029	8257	2996	2951	2985
"RVCYZ000145"	645	767	561	582	424	483	709	805	2295	944	923	910
"RVCYZ000146"	427	535	392	521	389	331	517	902	1699	1877	1946	1992
"RVCYZ000148"	379	488	314	365	338	296	346	544	1099	982	903	894
"RVCYZ000149"	1731	2056	1602	1393	1136	1068	1407	1570	3727	975	999	992
"RVCYZ000150"	4754	5937	4913	2711	2284	2620	4535	4747	9446	1957	1752	1766
"RVCYZ000151"	1487	2029	1546	1216	977	935	1473	2094	3652	3237	3326	3167
"RVCYZ000152"	41	77	46	58	38	23	66	93	99	245	265	238
"RVCYZ000153"	664	453	297	368	258	196	499	759	603	1778	1448	1948
"RVCYZ000154"	9814	13367	9561	7044	5471	5689	8252	8734	2768	4690	4665	4434
"RVCYZ000155"	1752	2262	1639	1007	771	744	1745	2226	7812	3130	3053	3090
"RVCYZ000156"	4118	4961	3449	2201	1574	1588	4146	4485	10695	4753	4707	4853
"RVCYZ000157"	3271	4152	2798	2138	1771	1598	3471	4448	6254	5109	5460	5275
"RVCYZ000158"	606	858	617	423	409	341	694	959	960	1546	1589	1545
"RVCYZ000159"	1910	2183	1671	1302	982	1019	2026	2491	1867	2212	2237	2309
"RVCYZ000160"	1654	1920	1494	940	817	799	1415	1823	2416	1235	1257	1243
"RVCYZ000161"	1443	1680	1251	1032	827	859	1282	1696	2150	1481	1565	1546
"RVCYZ000162"	2199	2542	1989	1507	1270	1258	2371	2624	4210	2082	2136	2272
"RVCYZ000163"	3186	3748	3129	1785	1626	1797	3231	3511	5756	2134	2114	2038
"RVCYZ000164"	7365	8977	7638	6972	6293	7345	7649	8127	11426	4706	5120	5359
"RVCYZ000165"	2750	3716	2809	2362	1927	1908	2697	3350	3945	3310	3387	3284
"RVCYZ000166"	4468	5802	4589	3624	3201	3317	4377	4912	4992	4491	4418	4587
"RVCYZ000167"	5725	7088	5576	6794	6738	7042	6205	7384	4355	6927	6892	7204
"RVCYZ000168"	3107	4142	2982	2382	1882	2035	2836	3652	3306	2657	2651	2649
"RVCYZ000169"	863	1158	800	866	787	707	992	1424	1286	2423	2334	2391
"RVCYZ000170"	2008	2231	1670	1265	902	832	2517	2859	5587	3135	2752	2781
"RVCYZ000171"	669	800	712	491	364	424	746	885	1939	998	827	882
"RVCYZ000172"	2854	3615	2590	1641	1316	1243	2906	3725	5417	3934	3760	3796
"RVCYZ000173"	1509	1909	1492	1266	1179	1319	1474	1706	1740	1401	1395	1343
"RVCYZ000174"	2598	3408	2393	1723	1404	1363	2690	3328	2497	2403	2236	2268
"RVCYZ000175"	186	210	151	238	239	186	202	308	42	610	583	649
"RVCYZ000176"	31285	40993	33439	31578	27641	32143	36585	37441	32525	17274	15063	15684
"RVCYZ000177"	86	116	62	83	68	32	90	137	580	375	410	344
"RVCYZ000178"	1586	1985	1729	1289	1073	1163	1533	1859	2244	1561	1690	1649
"RVCYZ000179"	2118	2672	1974	1718	1341	1309	1642	2181	1439	1853	1741	1741
"RVCYZ000180"	2907	3346	2591	2571	2165	2355	2181	2627	2468	2221	2467	2489
"RVCYZ000181"	1411	1969	1490	989	718	687	1272	1620	1422	1680	1845	1753
"RVCYZ000182"	353	364	266	198	176	147	333	435	124	571	619	671
"RVCYZ000183"	1591	1976	1400	798	572	567	1320	1649	1009	1790	1801	1621
"RVCYZ000184"	1036	1348	1027	651	507	480	1052	1487	566	1789	1680	1825
"RVCYZ000185"	1024	1328	918	473	350	335	803	1155	643	938	978	991
"RVCYZ000186"	114	114	83	67	71	64	113	220	84	358	432	392
"RVCYZ000187"	638	872	548	599	484	337	868	1477	505	2858	2873	2887
"RVCYZ000188"	6838	8932	6566	4053	3486	3964	6332	6799	6902	3690	3688	3595
"RVCYZ000189"	4080	5311	3780	2435	1990	1713	4320	5253	2265	5087	5602	5440
"RVCYZ000190"	8974	9976	9142	8642	6844	7850	7651	8467	2114	1124	1263	1453
"RVCYZ000191"	1673	2088	1518	1299	1171	1052	1943	2562	1197	2778	2886	2983
"RVCYZ000192"	84	102	67	112	116	88	82	137	80	210	191	203
"RVCYZ000193"	1806	2151	1850	1587	1359	1372	1835	2359	2144	1677	1807	1959
"RVCYZ000194"	1463	1805	1276	1091	900	824	1743	2583	761	3303	3802	3711
"RVCYZ000195"	2098	2684	1872	1313	1122	981	2347	3045	1855	3571	3645	3644
"RVCYZ000196"	451	615	470	463	371	312	580	874	1169	1339	1470	1479
"RVCYZ000197"	872	1102	757	818	601	539	957	1249	2155	1662	1770	1793
"RVCYZ000198"	2421	2719	2391	1908	1635	1614	2717	3179	2812	2450	2654	2620
"RVCYZ000199"	1969	2378	1783	1546	1267	1115	2478	3457	1124	4815	5453	5538
"RVCYZ000200"	4030	4921	3500	3608	3069	3234	3142	3601	5892	3417	3394	3428
"RVCYZ000201"	6638	8027	6159	5954	5017	5302	5593	6204	8926	4271	4031	4115
"RVCYZ000202"	2796	3131	2731	1146	1013	1122	3470	4231	4777	2137	1845	1885
"RVCYZ000203"	9875	12770	9765	6049	4970	5335	9940	10893	3709	5522	5651	5735
"RVCYZ000204"	366	440	388	295	247	215	521	689	319	1047	1164	1203
"RVCYZ000205"	2230	2921	2369	1375	1129	1157	2218	2478	1756	2013	2033	2234
"RVCYZ000206"	6876	8812	6996	4096	3589	3412	6435	8118	3797	6990	7758	7713
"RVCYZ000207"	2125	2732	2316	1440	1298	1259	2158	2441	2701	2618	2689	2656
"RVCYZ000208"	1485	1845	1589	1241	1032	1049	1106	1228	3058	988	955	951
"RVCYZ000209"	4899	6391	4724	4309	3525	3825	4061	4371	6891	2126	1895	1867
"RVCYZ000210"	594	805	512	826	705	749	665	955	1057	1356	1404	1336
"RVCYZ000211"	980	1598	954	835	628	723	771	1014	587	790	947	825
"RVCYZ000212"	162615	229579	162115	141532	111607	117758	140935	145545	108263	48934	37066	36574
"RVCYZ000213"	42436	56520	42558	31334	27063	28738	39344	39590	79992	22338	18174	19390
"RVCYZ000214"	6911	8334	6518	5921	4771	4940	5041	5426	7896	2382	1957	2043
"RVCYZ000215"	5590	6608	6464	4771	4273	4461	4852	4639	5751	1585	1547	1836
"RVCYZ000216"	5894	7295	5333	4815	3769	3894	5180	5539	6221	3217	3134	3068
"RVCYZ000217"	3552	4974	3555	2200	1739	1670	3391	4158	2238	2775	2763	2829
"RVCYZ000218"	2470	3201	2323	1913	1641	1525	2476	3026	2510	3042	3259	3288
"RVCYZ000219"	7051	9376	7066	5321	4624	4856	6032	6196	6740	3541	3053	3285
"RVCYZ000220"	9158	11534	8647	6563	5250	5475	7825	10262	2158	8217	8992	8595
"RVCYZ000221"	531	604	360	400	383	291	660	1257	283	2103	2234	2202
"RVCYZ000222"	159	183	121	120	80	52	175	362	107	653	703	697
"RVCYZ000223"	103	126	59	79	41	46	107	135	160	300	273	195
"RVCYZ000224"	314	411	257	299	222	164	466	698	1565	1368	1396	1422
"RVCYZ000225"	525	645	343	437	467	256	754	1222	378	1997	2006	1879
"RVCYZ000226"	314	500	289	303	245	211	322	500	56	848	865	634
"RVCYZ000227"	324	365	231	276	272	222	302	529	114	1025	986	921
"RVCYZ000228"	418	487	361	262	198	138	381	507	1163	745	620	595
"RVCYZ000229"	1367	1600	1268	760	699	585	1584	2227	720	2533	2568	2548
"RVCYZ000230"	118	151	122	95	86	52	175	255	197	463	437	457
"RVCYZ000231"	1422	1792	1361	820	697	525	1851	2404	2388	3016	3232	3193
"RVCYZ000232"	3064	3496	2797	2039	1718	1622	2247	3245	1452	3246	3655	3493
"RVCYZ000233"	949	1208	870	771	625	544	829	1435	505	1873	2100	2127
"RVCYZ000234"	2735	3468	2694	2046	1678	1668	2401	2908	1182	2763	2994	3040
"RVCYZ000235"	4195	5352	3964	2123	1925	1828	4128	4769	7812	3109	3323	3410
"RVCYZ000236"	7590	9896	6973	4168	3563	3599	8389	9653	6282	6184	6196	6298
"RVCYZ000237"	925	1155	1006	696	716	790	1352	1493	753	868	913	953
"RVCYZ000238"	1661	2056	1596	1380	1093	1049	1714	2235	2107	2395	2525	2615
"RVCYZ000239"	481	454	331	370	284	256	503	725	307	961	1115	1019
"RVCYZ000240"	1327	1574	1054	1249	913	770	1637	2533	2287	4194	4736	4507
"RVCYZ000241"	1219	1599	1145	873	733	600	1439	2060	2932	2334	2844	2769
"RVCYZ000242"	2189	2604	1632	1791	1522	1277	2239	3467	10220	5750	6129	6005
"RVCYZ000243"	1323	1447	1118	865	746	676	1299	2010	1622	2513	2717	2869
"RVCYZ000244"	1387	1777	1412	1030	860	913	1282	1647	1488	1241	1354	1412
"RVCYZ000245"	2208	2718	2006	1608	1304	1486	2098	2406	1662	1436	1440	1364
"RVCYZ000246"	631	855	488	525	479	367	769	1315	152	2018	2291	2291
"RVCYZ000247"	8789	10580	7761	1592	1240	1274	8473	9331	8065	1688	1666	1822
"RVCYZ000248"	2541	3174	2064	826	534	606	1974	2158	3192	890	821	798
"RVCYZ000249"	589	684	482	268	221	220	536	696	1741	823	902	864
"RVCYZ000250"	273	422	246	258	234	169	399	620	648	877	1061	984
"RVCYZ000251"	900	1250	939	892	695	741	964	1338	453	1681	2031	1585
"RVCYZ000252"	89	104	69	84	42	49	91	102	80	283	431	215
"RVCYZ000253"	902	1213	684	749	543	420	1050	1505	625	3139	3510	2698
"RVCYZ000254"	141	186	115	126	115	78	177	285	145	709	721	694
"RVCYZ000255"	80	135	92	71	83	41	78	140	92	311	425	263
"RVCYZ000256"	92	116	63	82	86	56	87	216	32	463	472	435
"RVCYZ000257"	141	193	111	125	103	53	144	264	468	690	639	604
"RVCYZ000258"	107	223	96	104	97	66	187	319	30	593	675	624
"RVCYZ000259"	64	86	59	61	44	44	98	149	229	352	281	221
"RVCYZ000260"	86	119	54	73	52	60	116	196	63	404	404	403
"RVCYZ000261"	345	379	233	360	294	218	372	710	155	1158	1323	1215
"RVCYZ000262"	328	462	218	302	211	162	345	733	182	1393	1509	1302
"RVCYZ000263"	1437	1883	1115	1299	1001	769	1826	2907	1544	4128	4924	4859
"RVCYZ000264"	572	745	496	612	580	463	831	1302	469	2172	2454	2416
"RVCYZ000265"	845	1014	631	742	566	501	1070	1602	887	2404	2582	2694
"RVCYZ000266"	715	895	756	406	368	320	943	1193	474	1387	1561	1579
"RVCYZ000267"	1832	2534	2067	717	638	618	2290	2449	1208	1541	1652	1581
"RVCYZ000268"	1311	1662	1360	609	553	518	1640	1979	847	1507	1772	1643
"RVCYZ000269"	3556	4841	3796	1627	1386	1347	4369	4711	3573	2787	2719	2610
"RVCYZ000270"	7817	10202	7785	4942	4022	4217	10153	11649	10629	7052	6772	6129
"RVCYZ000271"	773	935	693	718	646	594	691	988	1190	1318	1382	1363
"RVCYZ000272"	263	339	234	173	152	141	254	323	720	499	519	513
"RVCYZ000273"	1411	1882	1617	902	768	626	1506	1871	5353	2579	2378	2267
"RVCYZ000274"	7689	9208	7414	4249	3657	3878	8659	9930	14264	7824	7635	7948
"RVCYZ000275"	512	591	389	336	304	230	581	876	639	1476	1582	1378
"RVCYZ000276"	498	698	349	327	297	216	581	964	2257	1652	1788	1515
"RVCYZ000277"	1538	1802	1472	919	841	858	1700	2114	2492	2167	2175	2381
"RVCYZ000278"	2456	2845	1940	1485	1122	1216	2285	2967	2921	2516	2618	2700
"RVCYZ000279"	1865	2180	1553	1321	1106	1091	1977	2255	2542	2591	2645	2698
"RVCYZ000280"	2174	2654	1840	1761	1363	1436	1856	2401	2793	2516	2473	2576
"RVCYZ000281"	572	838	513	420	354	317	783	1005	688	1239	1540	1412
"RVCYZ000282"	10551	13616	10394	6169	5410	5775	9860	11226	25067	6716	6288	6827
"RVCYZ000283"	1312	1847	1401	827	704	711	1357	1625	2770	1835	1755	1877
"RVCYZ000284"	2591	2952	2351	1403	1296	1307	2588	3196	5771	3523	3686	3844
"RVCYZ000285"	3217	3837	2824	2272	1905	2022	2949	3489	10681	3795	3792	3783
"RVCYZ000286"	195	264	242	175	144	114	160	246	753	412	435	415
"RVCYZ000287"	2874	3262	2699	2306	1735	1994	3214	3923	3287	3220	3314	3638
"RVCYZ000288"	305	356	200	280	233	192	342	465	238	775	830	894
"RVCYZ000289"	1849	2201	1584	1097	869	758	1852	2555	1306	2873	3038	2974
"RVCYZ000290"	3607	4451	3445	2712	2131	2438	3507	3848	3922	2313	2328	2380
"RVCYZ000291"	7268	8597	7493	4618	4115	4908	6974	6855	3244	1910	2034	2020
"RVCYZ000292"	6535	8454	6078	5560	4557	4761	5652	6963	2882	5148	5315	5028
"RVCYZ000293"	403	559	376	429	333	307	494	923	911	1665	1732	1704
"RVCYZ000294"	4924	6087	4553	3186	2734	2775	5428	6660	6482	5101	5172	5520
"RVCYZ000295"	721	901	744	492	504	471	665	889	1626	1046	1065	1044
"RVCYZ000296"	2193	2714	2016	1446	1287	1205	2582	3152	7272	4751	4678	4692
"RVCYZ000297"	3048	3626	2786	2264	1862	1929	3005	3510	7980	3343	3152	3283
"RVCYZ000298"	1821	2153	1812	1244	977	1195	2093	2425	2850	1525	1539	1568
"RVCYZ000299"	7357	9342	6939	5470	4674	4757	6666	7610	5596	4867	4620	4794
"RVCYZ000300"	2727	3451	2539	1207	1152	973	3306	3753	6317	3759	3652	4022
"RVCYZ000301"	4931	5436	5026	3136	2997	3218	6864	7113	6526	3777	4029	4746
"RVCYZ000302"	1132	1214	860	594	561	483	1172	1572	4755	2465	2539	2756
"RVCYZ000303"	2009	2619	1831	1115	970	869	2172	2577	8205	3575	3566	3816
"RVCYZ000304"	4323.87	6207.12	4139.79	2462.08	1829.56	2194.06	5743.09	7191.4	10274.3	5546.04	5818.26	4951.88
"RVCYZ000305"	919	1114	741	691	714	466	1127	1796	943	2530	2946	2923
"RVCYZ000306"	841	1010	601	882	753	530	1029	1974	335	3158	3528	3541
"RVCYZ000307"	857	936	649	720	594	437	963	1797	905	3070	3253	3158
"RVCYZ000308"	629	679	466	560	398	304	894	1487	238	2577	2830	2737
"RVCYZ000309"	949	1110	627	807	662	443	1240	2231	113	3956	4229	4261
"RVCYZ000310"	949	1164	700	857	746	661	1140	1906	952	3643	3781	3589
"RVCYZ000311"	387	491	304	337	269	228	402	706	302	1434	1453	1449
"RVCYZ000312"	386	565	350	483	375	295	510	867	341	1697	1762	1664
"RVCYZ000313"	981	1088	707	1204	921	900	1168	1846	954	2848	2958	3095
"RVCYZ000314"	897	1048	676	1009	793	772	927	1375	1298	2350	2487	2517
"RVCYZ000315"	1092	1244	794	1036	889	672	1411	2388	1145	3814	4435	4552
"RVCYZ000316"	1134	1387	903	1133	904	742	1295	2105	1853	3277	3352	3453
"RVCYZ000317"	42860.1	46794.9	37478.2	50797.9	30548.4	33772.9	56360.9	48244.6	10286.7	21991	18620.7	19723.1
"RVCYZ000318"	640	891	515	606	395	352	767	1216	697	2012	2221	2021
"RVCYZ000319"	712	929	568	574	452	312	880	1397	1094	2164	2225	2088
"RVCYZ000320"	1725	1908	1871	1263	1157	1168	1701	2038	3007	2042	2155	2229
"RVCYZ000321"	1284	1704	1166	1073	993	769	1714	2317	692	2894	3162	3190
"RVCYZ000322"	668	952	614	506	419	431	747	883	950	1028	1123	1171
"RVCYZ000323"	5188	6388	4977	4140	3617	3689	5301	6532	7111	4843	5174	5373
"RVCYZ000324"	829	1102	644	664	535	486	962	1236	963	1985	2070	2199
"RVCYZ000325"	1315	1477	1171	767	576	590	1298	1528	701	1151	1312	1232
"RVCYZ000326"	1790	2291	1633	1031	848	989	1978	2418	1502	1959	1962	2096
"RVCYZ000327"	18972	23282	17020	9933	8191	8568	18690	20683	19912	7063	7077	7762
"RVCYZ000328"	3409	3977	2754	1364	1035	1042	3382	3662	3903	997	913	1064
"RVCYZ000329"	520	667	363	456	386	266	759	1247	822	2027	2248	2120
"RVCYZ000330"	1575	1785	1330	975	769	688	1807	2481	2566	3144	3471	3539
"RVCYZ000331"	1270	1591	1065	987	937	603	1637	2601	1383	3505	4088	3889
"RVCYZ000332"	689	822	558	490	383	348	780	1097	1496	2030	2018	2044
"RVCYZ000333"	1889	2410	1794	1230	1134	1164	2201	2619	2231	2806	3042	2765
"RVCYZ000334"	2709	3627	2619	1856	1578	1741	3055	3792	2417	3254	3236	3250
"RVCYZ000335"	1336	1523	1142	1064	953	873	1320	1864	1015	2358	2554	2303
"RVCYZ000336"	1084	1176	844	766	630	523	1351	1879	818	2557	2709	2741
"RVCYZ000337"	40730	55805	36347	54055	41020	41772	48843	55366	5682	18372	12821	11329
"RVCYZ000338"	23553	31975	22471	35855	31161	31238	31430	36439	3402	12724	10422	10396
"RVCYZ000339"	61867	83073	56851	89976	73403	79572	80848	88727	6320	28807	24081	23471
"RVCYZ000340"	50176	65453	49098	78756	67213	72731	70861	76858	6637	37459	29967	28433
"RVCYZ000342"	847.735	763	502.347	584.43	491.843	313.393	802	1486.22	4329	4287.23	3363.35	4522.19
"RVCYZ000343"	3059	3546	2810	1987	1839	1870	3867	4976	1914	4403	5176	5316
"RVCYZ000344"	1282	1466	964	939	822	601	1662	2666	919	3896	4860	5143
"RVCYZ000345"	1306	1055	945	660	628	526	1151	1615	943	2308	2346	2835
"RVCYZ000346"	2134	2278	1610	1388	1210	1035	2441	3349	506	3963	4468	4876
"RVCYZ000347"	1015	1008	646	492	333	343	949	1398	267	1772	1698	2071
"RVCYZ000348"	985	1322	1061	419	465	386	1292	1440	1552	1491	1362	1486
"RVCYZ000349"	4833	6105	4178	4448	3878	3907	4947	5992	5444	6306	6831	6761
"RVCYZ000350"	4025	4569	3541	2587	2288	2276	5233	6446	6443	5965	6574	7188
"RVCYZ000351"	1378	1675	1226	1132	999	805	1754	2667	617	2911	3551	3510
"RVCYZ000352"	6596	7301	6279	5662	5165	5691	6939	7975	9139	7161	7380	9466
"RVCYZ000353"	3194	3927	2862	2324	1955	1944	3697	4590	6889	5060	5428	5983
"RVCYZ000354"	929	1219	778	679	641	434	1284	1961	2887	3745	3776	4036
"RVCYZ000355"	889	1067	578	711	654	509	1142	1761	1324	3032	3198	3291
"RVCYZ000356"	1888	2290	1476	1228	892	915	2042	2402	3620	2888	2751	2999
"RVCYZ000357"	3663	4761	3273	1987	1575	1718	3431	3504	3590	2704	2124	2384
"RVCYZ000358"	6019	7250	5437	2552	2013	1867	4918	5827	10059	4135	4443	4428
"RVCYZ000359"	779	1004	745	553	469	376	871	1263	1995	1950	2115	2290
"RVCYZ000360"	4020	4786	3302	1815	1404	1389	3945	4736	4446	4150	4481	4873
"RVCYZ000361"	2897	3364	1945	2168	1719	1146	3539	5282	2938	7848	8711	9062
"RVCYZ000362"	2292	2009	1563	1303	1098	882	2371	3249	2580	5718	5655	6479
"RVCYZ000363"	3160	3537	2448	2539	2137	2207	3572	4711	2193	4603	4631	5063
"RVCYZ000364"	6943	7317	8681	2243	2095	1970	8191	8434	19917	21074	21462	25388
"RVCYZ000365"	4696	5104	3847	2800	2447	1938	5408	7048	9709	16460	16549	17462
"RVCYZ000366"	11500	14909	9774	6432	5277	4453	14824	19334	8568	27864	27068	28307
"RVCYZ000367"	183	206	135	121	116	76	236	448	679	826	847	827
"RVCYZ000368"	986	1123	827	513	430	379	1113	1625	2905	2034	2166	2445
"RVCYZ000369"	2575	2881	2091	942	868	741	2568	2887	5635	3219	2939	3609
"RVCYZ000370"	3568	4590	3391	1714	1416	1541	3991	4003	6412	3411	3283	3641
"RVCYZ000371"	1527	1476	1987	549	589	573	2022	1826	1193	536	487	683
"RVCYZ000372"	15513	18259	14310	7997	6561	7570	17480	15816	16099	3631	3625	4680
"RVCYZ000373"	4243	5047	3892	3499	2933	2571	5354	7974	2410	9230	10244	10650
"RVCYZ000374"	2368	2876	1918	1929	1648	1427	2586	3449	4787	4013	4499	4475
"RVCYZ000375"	2515	2910	2242	1947	1619	1469	2692	3277	2036	3365	3545	3464
"RVCYZ000376"	5112	5616	4270	3548	2966	3006	5649	6981	5602	5570	6076	6921
"RVCYZ000377"	6706	7784	5543	3985	3343	3271	6301	7445	6701	5907	6342	7327
"RVCYZ000378"	3369	3983	2750	2257	1921	1641	3822	5473	6248	6734	7193	8047
"RVCYZ000379"	1035	1384	1025	901	728	656	1112	1544	1604	1923	2027	2136
"RVCYZ000380"	1449	1501	1158	845	765	749	1284	1650	846	1681	1839	1885
"RVCYZ000381"	5157	5765	3955	2793	2452	2300	5216	6603	4412	6702	6884	7575
"RVCYZ000382"	2205	2219	1548	1230	945	886	2161	2694	2707	2660	2782	3242
"RVCYZ000383"	2770	2799	3144	1715	1750	1793	3175	2988	5377	1333	1568	1911
"RVCYZ000384"	916	1057	806	673	549	549	1059	1383	934	1565	1606	1892
"RVCYZ000385"	1439	1630	1455	1011	868	844	1611	2173	1435	1905	2105	2310
"RVCYZ000386"	857	1114	750	590	497	553	952	1130	942	1125	1187	1146
"RVCYZ000387"	469	550	460	326	294	249	435	649	558	849	835	956
"RVCYZ000388"	10849	14454	9988	9117	7140	7329	9374	9923	7392	5478	4902	5466
"RVCYZ000389"	5837	6164	4979	2781	2381	2356	5212	5997	3180	4453	4671	5255
"RVCYZ000390"	2794	3225	2470	1604	1283	1245	2520	3208	4036	2382	2813	2785
"RVCYZ000391"	4121	4673	3406	2501	2017	2075	4106	4306	9666	4447	4165	4457
"RVCYZ000392"	2287	2802	2083	1567	1372	1457	2254	2547	7072	2583	2567	3132
"RVCYZ000393"	2087	2279	1738	1247	1103	908	2501	3322	4943	3581	3648	3964
"RVCYZ000394"	1148	1377	980	675	683	461	1297	2057	1563	2674	2889	2937
"RVCYZ000395"	2807	2926	2285	1642	1479	1427	2763	3730	2461	4261	4327	5110
"RVCYZ000396"	57645	73027	53373	54807	44447	50377	54873	58888	29115	20659	19127	20313
"RVCYZ000397"	5177	6429	6110	3006	3135	3664	6381	6262	8710	3743	3763	4560
"RVCYZ000398"	1343	1767	1347	948	773	737	1690	2101	3923	2830	2811	3251
"RVCYZ000399"	513	647	397	402	335	260	777	1133	724	1861	2042	2361
"RVCYZ000400"	641	815	489	511	481	327	972	1390	2014	2829	3059	3297
"RVCYZ000401"	949	985	634	793	660	450	1166	2012	851	3328	3855	4030
"RVCYZ000402"	916	1151	780	593	451	461	1099	1610	697	2315	2440	2719
"RVCYZ000403"	1425	1769	1100	1152	1102	812	1821	2921	896	3496	4217	4193
"RVCYZ000404"	8581	10013	7312	5221	4474	3906	9913	12571	17780	15182	14617	16823
"RVCYZ000405"	8082	9801	7600	5995	4979	5606	8046	8248	17207	5413	4222	5249
"RVCYZ000406"	1371	1555	1494	943	922	1047	1450	1355	3407	1489	1395	1522
"RVCYZ000407"	2814	3050	2297	1615	1444	1344	3547	4536	6515	7113	7015	8211
"RVCYZ000408"	2764	3128	2281	1372	1278	1107	3369	4419	9536	8491	7515	9160
"RVCYZ000409"	7177	8523	6045	3441	3012	2890	8222	9122	14909	11049	10158	11696
"RVCYZ000410"	787	1056	838	465	438	424	871	866	5134	1303	1240	1332
"RVCYZ000411"	4701	5592	4430	3370	2914	3231	5248	5838	15534	8038	7577	8532
"RVCYZ000412"	10844	13967	10668	8383	6669	7230	11630	12208	19420	7169	6121	7429
"RVCYZ000413"	16574	20293	15028	12324	10198	11239	17349	17651	25869	13105	11048	13161
"RVCYZ000414"	1025	1014	715	542	467	380	1047	1337	1412	1919	1867	2178
"RVCYZ000415"	2075	2606	1727	1312	1080	1098	2291	2795	2218	2504	2570	2767
"RVCYZ000416"	2181	2736	1824	1328	1069	1098	2203	2379	1557	1863	1994	2114
"RVCYZ000417"	6935	7478	5334	3977	3458	3361	7042	8033	1946	4749	4929	5778
"RVCYZ000418"	3440	4207	3090	2144	1980	2013	4281	5136	651	3700	4340	4317
"RVCYZ000419"	32371	36890	26521	19956	17656	17839	30917	36179	5353	23559	25017	27511
"RVCYZ000420"	561	798	456	493	391	301	802	1012	201	1391	1768	1729
"RVCYZ000421"	1494	1612	1199	1030	724	714	1462	1953	903	1875	2122	2260
"RVCYZ000422"	2933	3614	2469	1470	1208	1167	3114	3820	738	2638	3104	2989
"RVCYZ000423"	4182	5357	4732	2643	2605	2753	5237	5552	10683	2861	2773	3551
"RVCYZ000424"	33660	43131	31444	25569	21407	22208	31567	32842	54653	25681	22635	24805
"RVCYZ000425"	830	939	663	841	669	635	999	1311	2184	1517	1621	1610
"RVCYZ000426"	3596	4176	2862	2505	2050	1924	4226	5213	21614	6970	6939	7522
"RVCYZ000427"	4444	5396	3638	3167	2511	2856	4414	4857	15392	3560	3404	3930
"RVCYZ000428"	11688	13722	9259	7029	5838	5554	10051	11096	55053	9498	8835	10318
"RVCYZ000429"	1504	1532	1401	944	769	692	1168	1467	8943	1301	1335	1630
"RVCYZ000430"	609	647	555	441	359	327	563	644	2431	640	751	784
"RVCYZ000431"	2831	3424	2484	2559	2237	2154	3129	3746	2291	3170	3452	3497
"RVCYZ000432"	3735	4181	3167	2353	2088	1921	3989	5018	5287	5050	5564	5765
"RVCYZ000433"	2668	3425	2655	2041	1735	1823	3109	3862	1641	3478	3693	3986
"RVCYZ000434"	3119	3390	2778	2278	1898	2042	2781	3259	1747	2491	2231	2878
"RVCYZ000435"	1254	1718	1194	853	717	793	1477	1778	842	1670	1889	1920
"RVCYZ000436"	12843	15853	11552	10286	8723	9549	12983	14721	17900	9066	9724	10234
"RVCYZ000437"	8493	10700	7403	5565	5032	5043	8369	9090	14246	6859	6516	7073
"RVCYZ000438"	2281	2803	1891	1626	1287	1142	2638	3225	5376	3957	4026	4245
"RVCYZ000439"	2202	2635	1972	1618	1372	1092	2572	3860	2979	5213	5830	5965
"RVCYZ000440"	1759	2090	1514	1145	1088	933	2085	2731	2497	4013	4141	4380
"RVCYZ000441"	929	1069	794	690	635	584	999	1337	1182	1793	1832	2185
"RVCYZ000442"	856	985	775	664	575	436	1172	1732	636	2665	2912	2974
"RVCYZ000443"	728	818	574	497	384	330	741	1086	608	1697	1585	1670
"RVCYZ000444"	3994	4939	3404	2254	1815	1868	3757	4274	6913	3593	3558	3971
"RVCYZ000445"	2386	2863	2106	1378	1124	1102	2215	2695	2132	2136	2395	2446
"RVCYZ000446"	2595	3358	2554	1529	1260	1228	2464	3060	1650	2249	2445	2540
"RVCYZ000447"	1819	2360	1633	1228	1145	1018	1848	2473	1225	2077	2218	2344
"RVCYZ000448"	11158	13735	9662	4692	4034	3802	10462	11210	15252	6894	6202	7228
"RVCYZ000449"	1676	1988	1450	1143	1068	960	1994	2469	1841	2360	2538	2531
"RVCYZ000450"	23482	31324	24874	19157	16224	19989	25278	24488	19347	6739	5515	5976
"RVCYZ000451"	14310	15907	14281	11002	10361	12443	13667	14328	11065	4412	4394	5587
"RVCYZ000452"	3754	4477	3145	2496	2116	2267	4409	5076	3171	4258	4753	5015
"RVCYZ000453"	11466	14517	10726	7321	6125	6309	12888	14357	4671	10313	10626	11197
"RVCYZ000454"	247	226	176	140	129	114	203	249	75	283	263	281
"RVCYZ000455"	511	605	402	335	294	212	625	919	552	1356	1571	1553
"RVCYZ000456"	993	1241	888	813	647	739	882	1066	2549	879	716	908
"RVCYZ000457"	641	787	528	589	452	339	844	1342	1089	2147	2312	2559
"RVCYZ000458"	611	786	598	506	428	359	796	1057	443	1360	1366	1633
"RVCYZ000459"	11157	13952	9774	5576	4444	4616	10476	11032	11238	5043	4886	5782
"RVCYZ000460"	3542	4012	3811	2547	2482	2952	4405	4416	3998	2080	1987	2267
"RVCYZ000461"	4858	5717	5015	2008	1874	1723	4683	4492	13622	3719	2895	3302
"RVCYZ000462"	5283	6658	5120	3927	3189	3326	5647	6201	6975	5380	5229	5308
"RVCYZ000463"	2700	3349	2343	1833	1438	1428	2890	3744	2014	4146	4515	4627
"RVCYZ000464"	1658	1699	1718	1340	1129	1277	1437	1726	2071	880	853	952
"RVCYZ000465"	1392	1616	1236	1121	1078	901	1545	2228	1699	2697	3064	3076
"RVCYZ000466"	2239	2898	2131	1304	982	902	2461	3387	4724	3963	4145	4174
"RVCYZ000467"	943	1105	659	548	532	409	1202	1704	2871	3190	3218	3232
"RVCYZ000468"	327	397	240	256	261	155	438	690	365	1137	1243	1168
"RVCYZ000469"	1262	1348	985	842	704	589	1419	1818	2146	2116	2252	2361
"RVCYZ000470"	19648	24945	18471	11158	9170	10179	20846	21934	15518	8678	8741	9141
"RVCYZ000471"	45182	60051	41078	22542	17805	18294	45556	44355	16363	10611	8200	9797
"RVCYZ000472"	7910	9443	8374	4066	3961	4381	10154	9393	6904	2628	2846	3233
"RVCYZ000473"	7155	9287	6248	4309	3408	3210	7457	9158	7297	7366	8172	8365
"RVCYZ000474"	1607	1946	1298	1061	906	689	1939	2805	3017	4232	4475	4562
"RVCYZ000475"	10199	11785	8169	9561	7601	7882	8559	10659	15643	9961	9631	10164
"RVCYZ000476"	546	663	416	478	414	262	750	1263	684	2184	2384	2355
"RVCYZ000477"	729	836	475	551	481	331	910	1521	644	2235	2647	2441
"RVCYZ000478"	22432	30449	22589	18302	15096	15431	18202	18781	26433	6666	4753	4975
"RVCYZ000479"	21313	28518	20950	18124	15627	16187	18680	18354	26791	8581	6891	7372
"RVCYZ000480"	27129	35109	26996	22042	19277	20248	21953	23506	38217	10988	9689	10591
"RVCYZ000481"	4608	5942	5471	3945	3396	3341	4065	3532	6004	1635	1680	1857
"RVCYZ000482"	41626	55338	37994	34137	27348	28085	33485	34731	64802	17921	14969	15893
"RVCYZ000483"	7139	10170	7287	6270	4833	4613	5324	5493	11219	3539	2416	2591
"RVCYZ000484"	8477	11007	8566	7451	6445	6330	7255	6980	14022	3706	3249	3585
"RVCYZ000485"	39722	49776	37751	31110	25854	26379	31789	32160	68447	17425	14298	15889
"RVCYZ000486"	11772	15660	13006	10513	8925	9121	9912	10356	24727	5832	5110	5674
"RVCYZ000487"	2278	3014	2658	1994	1666	1580	1882	1854	4545	981	846	1116
"RVCYZ000488"	7704	10296	8308	6563	4769	5194	7547	7133	7875	3186	2508	2759
"RVCYZ000489"	5337	7049	5945	4779	4056	4487	5230	4838	6754	2654	2312	2762
"RVCYZ000490"	4592	5497	4936	4078	3493	3498	4069	4038	6920	1960	1940	2182
"RVCYZ000491"	11705	14144	12045	9980	8732	9163	10135	9823	16528	4924	4346	5232
"RVCYZ000492"	1804	2245	1619	1379	1069	1311	1687	1454	1916	626	525	628
"RVCYZ000493"	15922	20907	15331	13845	11455	11576	12978	13143	20803	5986	5494	5847
"RVCYZ000494"	29923	40212	29574	26630	21461	21428	25258	25320	47059	13369	10881	12528
"RVCYZ000495"	10303	12847	10617	9010	7154	7207	8571	8608	15712	4348	4162	4676
"RVCYZ000496"	15773	19493	15261	12297	10631	12359	15406	14235	21948	7554	6902	7792
"RVCYZ000497"	1229	1705	1712	1211	1075	983	1186	1135	1839	652	557	730
"RVCYZ000498"	7485	8899	8375	6000	5907	6784	8901	7975	10489	3901	3927	4435
"RVCYZ000499"	3174	3938	3153	2311	1922	1991	3171	3758	4370	3610	3796	3696
"RVCYZ000500"	6422	7853	5542	6692	5289	5747	5181	6450	7394	3707	3377	3570
"RVCYZ000501"	8029	10465	8589	5011	4278	4201	8701	8172	7136	3325	2602	3106
"RVCYZ000502"	3608	4527	3695	2992	2557	2444	3081	3206	3069	1264	1096	1297
"RVCYZ000503"	14628	17755	14995	11621	9672	9116	11921	12317	12080	5187	4519	5124
"RVCYZ000504"	17877	23398	19209	14584	12918	13014	15590	15496	24612	8014	6864	7776
"RVCYZ000505"	25285	32874	24699	20285	17576	18292	22965	22853	33536	15888	12926	14421
"RVCYZ000506"	4518	5454	4603	3554	3044	3312	4353	4455	4273	2483	2521	2662
"RVCYZ000507"	1350	1580	1048	968	836	660	1696	2100	2925	2983	3478	3272
"RVCYZ000508"	970	1231	802	820	679	542	1149	1782	1780	2377	2599	2506
"RVCYZ000509"	3675	4441	3104	2728	2425	2313	3463	4335	4773	3535	3875	4012
"RVCYZ000510"	22353	26411	20271	10954	9795	10509	23237	23911	41706	16399	14729	17570
"RVCYZ000511"	2211	2538	1950	1496	1120	1186	2038	2429	5163	1962	2089	2295
"RVCYZ000512"	2027	2285	1514	1262	1045	904	1970	2632	3976	2703	2819	3048
"RVCYZ000513"	3684	4446	3352	2238	1983	2012	3845	4535	6627	4354	4323	4674
"RVCYZ000514"	2514	2967	2166	1631	1457	1445	2896	3668	6787	5008	5413	5590
"RVCYZ000515"	692	745	554	481	437	396	848	1193	654	1337	1742	1602
"RVCYZ000516"	190	149	421	85	77	71	200	200	97	82	105	125
"RVCYZ000517"	3006	3523	3104	2645	2339	2492	3171	3579	2925	2167	2242	2311
"RVCYZ000518"	1073	1257	898	785	637	560	1216	1951	887	2295	2426	2647
"RVCYZ000519"	6313	7861	6399	4076	3669	4261	7506	8307	9845	7115	6983	7457
"RVCYZ000520"	4030	4475	3290	2533	1954	1910	4348	5373	7480	5848	5362	5809
"RVCYZ000521"	18210	23333	17707	14544	12554	13916	18413	19176	10079	8363	8549	8757
"RVCYZ000522"	4337	5592	3856	2328	2031	1910	4562	5445	5762	4107	4413	4495
"RVCYZ000523"	438	589	422	393	304	242	576	926	220	1249	1416	1394
"RVCYZ000524"	2893	3745	2565	2235	1953	1837	2921	4134	3137	4833	5511	5330
"RVCYZ000525"	401	458	309	373	280	215	586	885	179	1465	1762	1763
"RVCYZ000526"	1257	1610	1048	1057	929	802	1718	2553	1285	3274	4148	4009
"RVCYZ000527"	1658	1850	1341	1331	1132	928	1958	2892	1898	4927	5469	5382
"RVCYZ000528"	597	747	493	514	464	361	626	958	470	1507	1752	1648
"RVCYZ000529"	869	1015	729	763	634	457	1160	1818	1684	3236	3468	3372
"RVCYZ000530"	260	324	202	226	229	116	371	645	221	1198	1281	1251
"RVCYZ000531"	137	189	129	66	76	48	196	256	258	475	431	450
"RVCYZ000532"	3358	3977	2886	2927	2408	2458	3905	4912	4857	4860	5640	5673
"RVCYZ000533"	17568	19467	15084	9539	7997	8950	15286	18515	10753	4806	4749	5426
"RVCYZ000534"	40136	53866	39169	27001	22076	23853	40368	40111	4029	10083	8798	8746
"RVCYZ000535"	24189	32500	26749	22374	19841	22763	27136	25727	1629	7699	7261	7103
"RVCYZ000536"	49931	68705	49894	41430	34628	37271	48695	50006	3455	16094	13966	13681
"RVCYZ000537"	24697	33815	25195	25787	22444	23186	24983	26262	1676	12318	11339	11928
"RVCYZ000538"	9901	12575	9428	7530	6097	6428	9114	10368	5513	5915	5568	5863
"RVCYZ000539"	902	1087	723	667	540	466	1107	1539	761	2077	2097	2213
"RVCYZ000540"	6219	7250	6217	5389	4862	5757	6993	7152	4592	2749	2993	3196
"RVCYZ000541"	30048	38832	28417	27215	22599	24489	29392	30906	16189	11052	9793	10681
"RVCYZ000542"	1203	1255	1393	899	992	1139	1177	1273	682.674	507	547	733
"RVCYZ000543"	1734	2102	1740	1600	1423	1462	2077	2241	1137.33	1936	2036	2058
"RVCYZ000544"	2215	2557	1919	1554	1278	1175	2593	3230	3036	3719	3859	4149
"RVCYZ000545"	104.468	105	125.542	76	77	46.437	130	152	127	249	234	238
"RVCYZ000546"	1910.53	2142	1567.46	1410	1157	1022.56	2061	2880	3240	3311	3834	3838
"RVCYZ000547"	1676	2010	1494	1804	1452	1538	1581	2060	4991	2530	2730	2751
"RVCYZ000548"	2143	2562	1962	1742	1429	1437	2308	3113	2666	3151	3414	3466
"RVCYZ000549"	3034	3509	2707	2596	2225	2182	2527	3356	10658	3879	3994	4255
"RVCYZ000550"	17213	20501	16269	7532	6273	6690	13582	14730	29150	6370	5904	6691
"RVCYZ000551"	5052	6454	4729	5117	3955	4194	4743	5640	6970	4175	4001	4407
"RVCYZ000552"	3863	4840	3654	4950	4172	4486	3920	4467	2971	2617	2213	2443
"RVCYZ000553"	2411	3056	2530	2153	1661	1748	2288	2839	4004	2289	2478	2228
"RVCYZ000554"	729	853	710	661	508	525	866	1001	1233	1166	1059	1118
"RVCYZ000555"	1171	1526	1017	1019	771	847	1158	1284	2944	1262	1239	1253
"RVCYZ000556"	6653	8452	6167	6848	5669	6317	5909	6438	5787	3911	4079	3970
"RVCYZ000557"	831	941	587	790	658	509	1113	1748	502	2246	2775	2797
"RVCYZ000558"	937	1303	776	877	670	502	1108	1662	3323	2722	2683	2543
"RVCYZ000559"	631	819	488	669	572	472	821	1507	393	2251	2387	2446
"RVCYZ000560"	713	984	686	422	388	326	630	698	2180	998	1006	937
"RVCYZ000561"	963	1358	878	745	638	461	1411	2072	2439	3499	3645	3758
"RVCYZ000562"	245	301	227	199	177	180	262	408	553	738	830	835
"RVCYZ000563"	299	330	208	289	237	160	362	676	285	1168	1306	1398
"RVCYZ000564"	705	1022	618	689	493	544	953	1550	502	2535	2561	2522
"RVCYZ000565"	2713	3388	2601	1582	1398	1311	3215	4057	2897	4025	4439	4414
"RVCYZ000566"	558	654	561	432	378	341	739	969	408	1271	1478	1624
"RVCYZ000567"	3387	4110	2829	2244	1957	1589	4096	5941	1268	7371	8232	8135
"RVCYZ000568"	866	1074	725	659	509	424	1148	1569	1238.16	2340	2710	2626
"RVCYZ000569"	246	391	235	208	193	184	251	409	932.835	511	421	493
"RVCYZ000570"	1124	1405	1031	781	652	704	1116	1267	1365	985	1002	942
"RVCYZ000571"	828	1140	579	838	609	411	1142	2069	140	3557	3873	3777
"RVCYZ000572"	1715	2206	1313	1594	1368	858	2452	4232	1246	7106	8061	7747
"RVCYZ000573"	1524	1892	1288	1321	1098	986	1644	2291	4390	3429	3460	3513
"RVCYZ000574"	1427	1747	1250	934	776	686	1441	1669	4002	2157	2105	2133
"RVCYZ000575"	3292	4216	3028	1513	1311	1444	3379	3228	3418	1392	1425	1242
"RVCYZ000576"	1036	1216	795	755	538	526	990	1177	1240	1322	1351	1303
"RVCYZ000577"	735	964	678	693	651	582	733	970	1038	1469	1241	1313
"RVCYZ000579"	4645	5753	4393	3217	2885	2620	4436	5767	3385	6132	6683	6383
"RVCYZ000580"	396	465	408	275	255	240	499	615	422	931	962	1097
"RVCYZ000581"	897	1166	899	653	569	649	800	969	2551	971	939	950
"RVCYZ000582"	3923	4683	3691	2430	2043	1866	4276	5283	4965	7247	7765	7419
"RVCYZ000583"	452	538	355	391	386	221	558	837	995	1828	1913	1891
"RVCYZ000584"	359	409	227	307	272	227	421	786	1042	1834	1759	1752
"RVCYZ000585"	734	785	614	521	469	385	885	1272	2600	2336	2699	2732
"RVCYZ000587"	37015	48876	38468	37613	31581	35809	31951	33094	12678	11083	10468	9048
"RVCYZ000588"	878	1040	843	770	621	607	905	1129	823	1035	1065	1076
"RVCYZ000589"	476	497	383	330	248	266	455	648	339	938	1034	937
"RVCYZ000590"	1616	2067	1562	1224	893	904	1519	1962	2107	2485	2397	2339
"RVCYZ000591"	437	535	348	286	253	201	453	627	994	1285	1266	1295
"RVCYZ000592"	1199	1452	1036	962	821	674	1409	1838	3387	3196	3218	3320
"RVCYZ000593"	493	511	525	522	474	509	616	676	407	761	772	912
"RVCYZ000594"	1084	1035	938	952	743	725	1022	1177	1231	1043	1094	1091
"RVCYZ000595"	1101	1214	960	875	658	686	1159	1478	7089	3474	3204	3721
"RVCYZ000596"	1295	1711	1140	952	882	819	1562	1995	1342	2523	2686	2508
"RVCYZ000597"	1086	1173	1623	1073	1039	1075	1122	1228	2224	899	774	921
"RVCYZ000598"	732	948	586	623	540	411	867	1379	655	2663	2821	2621
"RVCYZ000599"	1382	1833	1234	855	735	613	1225	1870	401	2219	2277	2014
"RVCYZ000600"	2130	2947	2003	1785	1367	1452	1941	2604	1949	3068	3077	2933
"RVCYZ000601"	5011	6876	5237	2472	2135	1993	5326	6475	2482	5675	5700	5637
"RVCYZ000602"	1465	1693	1384	964	819	751	1438	1853	1424	2452	2600	2412
"RVCYZ000603"	357	338	275	231	190	186	293	410	652	687	630	644
"RVCYZ000604"	686	801	562	590	466	589	740	899	2024	1609	1538	1517
"RVCYZ000605"	491	587	387	382	307	231	547	720	2670	1812	1493	1459
"RVCYZ000606"	2990	4110	3261	1605	1228	1115	2759	3067	2386	2354	2101	2216
"RVCYZ000607"	6797	8943	7241	4741	3833	4365	6142	6255	4703	2702	2227	2228
"RVCYZ000608"	11707	14985	11644	8052	6697	7211	10150	11304	3582	5063	4957	4788
"RVCYZ000609"	666	824	657	608	488	513	738	953	1563	1152	1000	1147
"RVCYZ000610"	168	194	139	137	88	92	241	376	329	730	725	769
"RVCYZ000611"	604	855	652	543	476	436	703	972	916	1431	1549	1532
"RVCYZ000612"	821	1217	785	942	737	721	859	1153	1210	1800	1758	1646
"RVCYZ000613"	1833	2309	1597	1367	1160	1005	1376	1857	1817	1871	1894	1800
"RVCYZ000614"	1272	1618	1066	1106	959	940	938	1306	1288	1991	2068	2058
"RVCYZ000615"	31113	40570	32309	19965	17089	19750	31265	31363	12091	9084	8075	8405
"RVCYZ000616"	609	660	513	315	267	255	585	775	403	1031	1010	1166
"RVCYZ000617"	2107	2771	1914	1657	1353	1228	2258	3110	2647	3935	4273	4077
"RVCYZ000618"	984	1176	870	621	567	610	926	1273	1134	1582	1651	1526
"RVCYZ000619"	20804	27866	20741	21936	18033	20082	19830	20996	22068	10406	9483	9585
"RVCYZ000620"	3451	3960	3244	2110	1821	1727	2348	2686	4789	1557	1710	1514
"RVCYZ000621"	3027	3845	3219	2534	2145	2285	2527	3381	6513	2338	1990	2338
"RVCYZ000622"	4412	5814	4296	3334	2696	2753	4070	5201	8728	6357	6318	6148
"RVCYZ000623"	1143	1564	1128	807	702	687	1148	1436	1463	1573	1550	1511
"RVCYZ000624"	459	643	448	396	276	293	521	613	510	966	999	910
"RVCYZ000625"	19883	28250	18750	9211	7286	7381	17237	16782	12381	4630	4217	3952
"RVCYZ000626"	1257	1764	1324	909	731	639	1288	1763	1268	1986	2016	1746
"RVCYZ000627"	960	1279	844	848	703	718	1079	1510	2079	2575	2716	2440
"RVCYZ000628"	11083	14092	10759	10687	8853	9324	8461	9415	4068	4888	4555	3982
"RVCYZ000629"	4735	6562	4566	5342	4637	4714	4160	5099	3148	4650	4425	4444
"RVCYZ000630"	141778	191874	149634	131124	110681	120308	113967	118759	40205	40526	35177	30694
"RVCYZ000631"	2557	3042	2295	2300	2004	2043	2174	3000	2794	3670	3900	4080
"RVCYZ000632"	55	89	39	48	45	30	86	152	26	304	395	340
"RVCYZ000633"	3263	4292	3541	1841	1544	1583	3009	3396	865	1306	1156	959
"RVCYZ000634"	1550	2136	1547	1205	954	920	1543	1864	2402	2351	2521	2117
"RVCYZ000635"	108	166	82	139	100	70	118	220	108	586	700	543
"RVCYZ000636"	170	250	138	223	171	129	211	375	210	1012	1018	946
"RVCYZ000637"	50	56	30	45	46	24	68	141	21	307	360	413
"RVCYZ000638"	233	245	158	175	204	121	281	464	81	912	1000	1036
"RVCYZ000639"	106	134	77	107	82	60	111	230	74	530	639	562
"RVCYZ000640"	167	225	127	171	120	73	171	319	86	564	673	534
"RVCYZ000641"	787	862	682	667	580	559	742	1138	567	1438	1585	1627
"RVCYZ000642"	348	453	284	375	315	214	354	780	98	1628	1732	1596
"RVCYZ000643"	91	108	60	113	90	71	121	200	6	432	489	421
"RVCYZ000644"	246	353	205	285	200	152	323	568	120	1217	1216	1144
"RVCYZ000645"	147	179	115	132	119	78	169	266	96	647	610	578
"RVCYZ000646"	173	286	186	163	150	100	193	378	244	844	790	692
"RVCYZ000647"	360	442	206	287	218	195	342	633	464	1269	1216	1177
"RVCYZ000648"	919	1325	829	939	670	629	848	1367	1262	2654	2680	2488
"RVCYZ000649"	1133	1412	1184	584	639	557	1255	1461	2465	1870	1840	1890
"RVCYZ000650"	454	560	353	428	338	245	545	838	1409	1787	1901	1997
"RVCYZ000651"	258	344	250	257	194	174	375	522	650	1363	1355	1262
"RVCYZ000652"	1184	1332	1058	1006	839	793	1042	1557	2293	2787	2750	2763
"RVCYZ000653"	739	861	713	717	605	555	673	889	580	1121	1058	1022
"RVCYZ000654"	2704	3483	2499	2731	2157	2029	2420	3448	3716	5050	5595	5193
"RVCYZ000655"	20961	26514	20695	21567	18029	19931	18561	19223	71279	15063	13327	13849
"RVCYZ000656"	130	111	132	127	90	87	138	194	246	401	407	437
"RVCYZ000657"	844	987	888	567	516	504	921	1094	1165	976	1050	1014
"RVCYZ000658"	806	1013	836	622	616	680	738	845	942	471	458	426
"RVCYZ000659"	95	120	114	97	103	82	97	101	143	174	148	180
"RVCYZ000660"	9059	11197	8635	7131	6134	6628	7953	9000	11153	6453	6700	6590
"RVCYZ000661"	445	622	459	322	246	233	397	513	287	536	493	561
"RVCYZ000662"	1394	1787	1294	799	690	656	1376	1742	869	2013	2118	1969
"RVCYZ000663"	135	208	127	144	117	103	217	303	120	661	710	735
"RVCYZ000664"	1261	1394	1102	1137	1007	982	1266	1660	1298	2302	2544	2579
"RVCYZ000665"	1458	1774	1294	1259	1094	935	1559	2188	1544	3214	3185	3270
"RVCYZ000666"	480	527	521	443	424	413	510	656	612	1004	1081	1090
"RVCYZ000667"	373	560	407	320	294	226	511	735	1018	1433	1434	1503
"RVCYZ000668"	343	409	261	386	233	201	311	406	641	784	762	747
"RVCYZ000669"	182	150	142	168	139	117	162	278	136	558	622	540
"RVCYZ000670"	860	989	645	566	508	515	900	1295	476	1565	1735	1548
"RVCYZ000671"	1247	1610	1058	869	695	770	1485	1822	473	1730	1681	1708
"RVCYZ000672"	619	723	529	518	434	334	692	942	243	971	1147	974
"RVCYZ000673"	149	133	100	118	92	52	114	237	23	305	374	384
"RVCYZ000674"	156	160	104	146	91	90	163	293	29	665	668	706
"RVCYZ000675"	57	82	54	57	41	28	66	108	135	343	328	306
"RVCYZ000676"	232	317	159	215	189	128	254	476	120	1166	1332	1199
"RVCYZ000677"	115	137	89	121	106	98	183	296	105	704	719	724
"RVCYZ000678"	6401	8394	6258	5763	4648	4982	4339	5309	7400	5189	4789	4585
"RVCYZ000679"	2458	2956	2377	1827	1353	1479	2447	3141	3684	3832	3739	3702
"RVCYZ000680"	3882	5280	6751	3253	2486	2710	2883	3562	1880	3174	2934	3020
"RVCYZ000681"	2840	3941	4679	2057	1701	1874	2402	2729	965	2325	2310	2338
"RVCYZ000682"	1605	2055	2678	1284	1039	1067	1256	1570	533	1179	1237	1158
"RVCYZ000683"	1959	2528	2960	1462	1281	1222	1691	2169	580	2206	2304	2189
"RVCYZ000684"	879	1005	1382	849	877	816	683	883	405	911	994	972
"RVCYZ000685"	670	823	1099	762	755	786	708	832	397	937	822	933
"RVCYZ000686"	2002	2910	2138	2320	1868	2135	1944	2113	993	2465	2440	2409
"RVCYZ000687"	186	264	137	172	165	117	208	422	1382	1034	1093	1147
"RVCYZ000688"	294	499	299	336	302	205	419	716	707	1572	1647	1652
"RVCYZ000689"	529	588	421	500	348	263	560	862	179	1452	1552	1572
"RVCYZ000690"	1695	2027	1496	1485	1193	1279	1139	1545	1206	710	607	687
"RVCYZ000691"	1152	1425	1149	871	723	769	1188	1480	1490	1998	1943	2042
"RVCYZ000692"	518	666	563	312	281	260	560	680	656	778	843	760
"RVCYZ000693"	1063	1187	967	609	514	417	1121	1422	447	1903	2203	2014
"RVCYZ000694"	1195	1689	1242	872	693	710	1075	1355	493	1514	1445	1411
"RVCYZ000695"	17227	21977	17432	15002	12857	13933	13475	14098	9922	6414	6155	5974
"RVCYZ000696"	3753	4323	3354	2513	1958	2259	3095	3498	1432	2928	2892	2812
"RVCYZ000697"	449	573	425	261	263	256	314	353	165	268	240	207
"RVCYZ000698"	2764	3114	2583	1866	1647	1714	2575	3093	876	2732	2840	2844
"RVCYZ000699"	2073	2649	2275	1307	1111	1039	2139	2830	1961	2245	2342	2406
"RVCYZ000700"	6667	8055	7243	6051	5279	6231	6726	6971	9698	4166	3891	4712
"RVCYZ000701"	5365	7033	5146	4052	3269	3514	4914	5205	2552	2953	2817	2908
"RVCYZ000702"	646	774	620	566	528	400	772	974	1435	1432	1517	1568
"RVCYZ000703"	2875	3334	3133	2221	1844	2143	2820	2789	10456	1375	1283	1401
"RVCYZ000704"	3208	3876	3331	2128	1732	1717	2903	3520	1645	3340	3348	3150
"RVCYZ000705"	944	1120	1012	714	519	431	1071	1550	332	2297	2436	2414
"RVCYZ000706"	7841	10133	6917	5228	4534	4344	7547	9534	6623	9390	9727	9533
"RVCYZ000707"	3781	4871	3538	3343	2953	3068	3488	4213	7083	4013	4216	4259
"RVCYZ000708"	1492	1916	1314	1559	1164	1262	1265	1279	8766	1936	1604	1632
"RVCYZ000709"	11098	12905	10912	8434	6932	7948	10159	9647	7861	2511	2086	2360
"RVCYZ000710"	2800	3333	2539	2636	2340	2540	2907	3391	5249	3888	3888	4102
"RVCYZ000711"	548	607	460	556	422	425	487	796	580	1485	1613	1579
"RVCYZ000712"	865	1056	801	688	609	524	865	1229	1000	1852	2126	1971
"RVCYZ000713"	675	852	647	571	423	544	728	978	1293	1184	1156	1099
"RVCYZ000714"	1990	2535	1602	1873	1513	1435	1701	2400	2437	4275	4376	4333
"RVCYZ000715"	326	436	276	395	289	229	334	656	181	1370	1530	1523
"RVCYZ000716"	2337	2913	2082	1697	1405	1196	2508	3789	1809	5907	6551	6490
"RVCYZ000717"	169	189	91	134	103	98	158	273	63	669	804	768
"RVCYZ000718"	1564	1812	1315	938	897	754	1000	1402	4793	2421	2337	2350
"RVCYZ000719"	552	619	473	392	272	320	380	409	166	418	348	400
"RVCYZ000720"	2651	3366	2458	1989	1565	1613	2138	2664	495	2639	2593	2880
"RVCYZ000721"	1621	1933	1598	1122	854	867	1284	1691	263	1534	1595	1692
"RVCYZ000722"	670	808	612	589	500	473	571	856	295	1381	1372	1517
"RVCYZ000723"	1017	1233	949	806	715	748	981	1356	622	1716	1967	1947
"RVCYZ000724"	1159	1434	1125	983	775	911	861	1187	673	1544	1650	1531
"RVCYZ000725"	191	291	168	214	168	128	212	291	276	629	723	703
"RVCYZ000726"	165	177	124	141	95	122	171	223	187	593	616	603
"RVCYZ000727"	115	161	81	99	87	70	118	207	52	605	660	599
"RVCYZ000728"	329	447	245	352	245	201	436	710	323	1528	1667	1655
"RVCYZ000729"	259	342	179	272	188	127	353	639	117	1224	1413	1350
"RVCYZ000730"	291	330	260	277	292	188	401	632	388	1153	1180	1119
"RVCYZ000731"	573	799	475	424	403	285	528	702	755	1216	1269	1097
"RVCYZ000732"	11490	14278	11712	10625	9134	10361	11670	11869	14365	5416	5563	6044
"RVCYZ000733"	2885	3347	3735	3086	2865	3080	2668	2928	3664	1008	988	1081
"RVCYZ000734"	3080	4131	2980	2480	2089	2129	3001	3467	3048	3821	3981	3989
"RVCYZ000735"	59717	82829	59353	73893	57083	59611	51769	52860	15781	18150	13043	10970
"RVCYZ000736"	1060	1554	1082	930	739	805	1016	1190	1173	1068	1059	1009
"RVCYZ000737"	789	1066	781	545	517	454	844	1102	780	1747	1720	1704
"RVCYZ000738"	959	1059	723	979	819	648	944	1381	2068	2715	2862	2883
"RVCYZ000739"	209	264	154	240	193	147	202	347	248	764	784	853
"RVCYZ000740"	202	233	196	217	188	173	173	342	158	721	758	702
"RVCYZ000741"	1180	1372	1149	710	582	597	1180	1511	820	1824	1781	1669
"RVCYZ000742"	4159	5451	3990	3750	3135	3215	3244	4623	15355	7591	7206	7174
"RVCYZ000743"	1533	1812	1225	1387	1049	901	1508	2258	1843	4129	4487	4048
"RVCYZ000744"	801	1026	700	635	485	460	642	888	3086	1911	1883	1903
"RVCYZ000745"	1252	1653	1196	1129	873	845	864	1158	3529	1686	1560	1537
"RVCYZ000746"	1494	1830	1361	1398	1104	1122	1186	1670	3751	2248	2234	2279
"RVCYZ000747"	10628	13567	10780	9426	8004	9220	9653	9788	8843	4839	4435	4587
"RVCYZ000748"	1367	1692	1550	965	867	839	1253	1462	2715	1737	1502	1516
"RVCYZ000749"	396	461	461	333	324	336	329	332	594	357	359	354
"RVCYZ000750"	260	357	266	195	107	107	218	309	251	401	503	302
"RVCYZ000751"	755	1041	630	727	570	502	782	1142	203	2162	2355	2004
"RVCYZ000752"	239	275	254	178	146	146	251	372	86	522	538	463
"RVCYZ000753"	489	654	458	425	339	319	518	784	300	1575	1541	1559
"RVCYZ000754"	203	257	193	183	145	140	234	347	295	720	744	691
"RVCYZ000755"	21270	27254	21840	22041	18670	20806	17457	17762	11708	7111	6506	6497
"RVCYZ000756"	50833	67349	52113	44297	37207	42281	40391	40992	12822	14021	12515	11391
"RVCYZ000757"	756	905	592	821	677	649	653	1175	884	2135	2176	2130
"RVCYZ000758"	1177	1499	1055	1280	1257	1269	1062	1466	1773	2533	2360	2437
"RVCYZ000760"	1686	1838	1162	983	864	703	1937	2831	4388	4912	5097	5806
"RVCYZ000761"	797	1011	718	725	552	542	1115	1581	702	2443	2899	2911
"RVCYZ000762"	3426	4065	2846	2850	2450	2413	3563	4483	5067	4945	5062	5691
"RVCYZ000763"	1994	2534	1791	1055	781	697	1993	2314	4556	1665	1548	1739
"RVCYZ000764"	452	610	373	338	292	206	645	862	1134	1657	1706	1568
"RVCYZ000765"	7007	8790	6124	6081	4640	4682	6007	6662	5396	2907	2838	2990
"RVCYZ000766"	9016	10976	8071	5099	4474	4634	8572	9594	6059	7043	7046	7559
"RVCYZ000767"	766	1033	687	663	509	457	1107	1598	876	2749	2983	2766
"RVCYZ000768"	2106	2638	1703	1865	1446	1364	2501	3492	2246	5398	6210	6239
"RVCYZ000769"	10080	13036	10351	6938	6155	6346	11313	12923	8384	10858	9908	11416
"RVCYZ000770"	2687	3369	2387	1788	1617	1492	2950	3401	2356	2533	3056	3048
"RVCYZ000771"	2081	1453	1099	819	690	612	1421	1882	3173	4315	4020	5040
"RVCYZ000772"	595	653	428	382	353	275	657	975	1082	1954	2087	2381
"RVCYZ000773"	9203	10581	7846	5724	5411	5427	9843	12431	19289	21773	20261	25382
"RVCYZ000774"	2642	2548	1891	1378	1071	923	2268	3291	6295	5060	5137	5432
"RVCYZ000776"	14051	17070	13092	9708	7387	8341	14332	15286	22270	13419	12178	14216
"RVCYZ000777"	11645	14258	10810	5800	4976	4980	11995	13909	10964	9361	9530	10451
"RVCYZ000778"	8358	9641	7114	5679	5093	5291	9360	11308	4006	9610	9222	10538
"RVCYZ000779"	1073	1255	993	792	715	626	1373	1839	1243	2123	2384	2628
"RVCYZ000780"	3591	4344	3320	2505	2347	2374	3796	4555	3670	4095	4395	5023
"RVCYZ000781"	1089	1451	1008	956	772	731	1092	1306	1710	1389	1659	1627
"RVCYZ000782"	2103	2108	1458	1175	916	938	1581	2021	3103	2372	1994	2704
"RVCYZ000783"	471	574	424	319	332	298	631	953	659	1366	1669	1561
"RVCYZ000784"	7163	7092	4855	4253	3753	3480	5783	7414	11507	8839	8881	10066
"RVCYZ000785"	295	238	141	161	141	115	299	507	125	942	886	1112
"RVCYZ000786"	106	106	65	129	82	70	131	298	7	593	568	653
"RVCYZ000787"	91	73	52	84	65	42	84	223	0	416	497	460
"RVCYZ000788"	307	324	229	281	194	151	432	810	16	1399	1600	1549
"RVCYZ000789"	322	289	189	194	167	164	291	609	18	1202	1277	1493
"RVCYZ000790"	585	625	432	542	490	305	792	1503	82	2445	3021	3009
"RVCYZ000791"	708	638	330	442	397	240	712	1153	122	2167	2373	2763
"RVCYZ000792"	153	166	112	103	77	67	172	228	1101	450	479	502
"RVCYZ000793"	11186	13898	10581	7887	6585	6893	11144	12872	9214	9117	9515	10101
"RVCYZ000794"	2161	2530	1996	1244	1154	1053	2255	2889	3631	3677	3955	4543
"RVCYZ000795"	1935	2200	1623	1094	960	851	2058	2687	11157	6158	5713	6411
"RVCYZ000796"	3837	4394	3190	2521	2156	2132	3808	4154	17004	6001	5412	5962
"RVCYZ000797"	7151	7958	6596	6273	5618	6092	7112	7985	10598	6713	6802	7879
"RVCYZ000798"	6216	7619	5490	4815	3879	3870	6557	7532	9164	8798	8804	9003
"RVCYZ000799"	11558	14089	11425	9539	8082	10069	13656	13928	9483	5214	4390	5200
"RVCYZ000800"	1185	1417	1023	940	688	661	1187	1690	2166	2699	2546	2861
"RVCYZ000801"	2700	2794	1909	1681	1451	1334	2413	3190	4584	5885	5854	6427
"RVCYZ000802"	6819	7893	5784	3601	2863	2964	6614	7868	18294	13337	11531	14365
"RVCYZ000803"	155	185	142	145	112	101	189	347	101	624	710	782
"RVCYZ000804"	1846	2139	1298	1132	1017	714	2288	3389	931	5071	5832	6218
"RVCYZ000805"	1902	2253	1605	756	724	714	2035	2149	1255	1830	1969	2421
"RVCYZ000806"	9696	11599	7851	2799	2537	2427	9795	10046	5567	7114	6676	7325
"RVCYZ000807"	2087	1886	1438	1353	1165	961	2073	3101	904	3692	3923	4791
"RVCYZ000808"	703	869	558	522	440	335	968	1421	1131	2366	2555	2521
"RVCYZ000809"	3288	3950	2765	1983	1556	1578	3604	4659	4901	5626	6272	6491
"RVCYZ000810"	742	894	521	557	422	417	889	1444	730	2720	2612	2969
"RVCYZ000811"	663	714	468	522	407	348	884	1366	551	2569	2835	2972
"RVCYZ000812"	535	691	437	498	433	305	804	1341	123	2419	2687	2779
"RVCYZ000813"	1573	1832	1217	1000	874	635	2155	3178	1042	6929	6507	6876
"RVCYZ000814"	1259	1497	975	876	721	524	1734	2718	549	5230	5468	5586
"RVCYZ000815"	348	403	326	247	246	148	474	845	158	1566	1626	1869
"RVCYZ000816"	602	740	549	384	314	204	770	1163	483	2068	2313	2415
"RVCYZ000817"	6356	7352	5060	3950	3181	2949	6405	8414	16642	15570	15098	16816
"RVCYZ000818"	3285	4108	2709	1851	1562	1375	3905	5102	2474	7107	7183	7603
"RVCYZ000819"	586	586	448	366	351	198	689	986	178	1648	1705	1796
"RVCYZ000820"	859	1067	611	679	638	379	1144	2106	612	3996	4149	4105
"RVCYZ000821"	463	432	290	239	218	156	404	773	844	1539	1333	1868
"RVCYZ000822"	1094	1155	845	896	691	628	1202	1608	1689	2625	2597	3024
"RVCYZ000823"	1039	1201	858	668	553	502	1262	1769	1374	2538	2799	3051
"RVCYZ000824"	2282	2738	1957	1353	1225	936	3079	3998	4314	7047	7282	7731
"RVCYZ000825"	1650	2086	1370	1116	958	816	2113	3312	1290	5695	6163	6325
"RVCYZ000826"	1595	1874	1169	1126	949	782	1864	3257	784	5379	6009	6442
"RVCYZ000827"	516	645	403	480	383	256	713	1256	282	1957	2340	2404
"RVCYZ000828"	506	629	418	424	403	266	690	1163	381	2297	2497	2669
"RVCYZ000829"	1204	1221	829	889	784	505	1568	2522	1356	4380	4740	4901
"RVCYZ000830"	127	149	147	118	93	56	230	345	132	563	626	690
"RVCYZ000831"	105	129	124	87	66	57	142	145	304	308	254	282
"RVCYZ000832"	2845	3398	2505	1610	1477	1286	3031	3816	7684	5156	5192	5257
"RVCYZ000833"	2851	3281	2298	2036	1718	1301	3484	5485	1539	8673	9161	9310
"RVCYZ000834"	914	1036	699	688	485	523	994	1431	1246	2678	2596	2755
"RVCYZ000835"	1677	2100	1439	1070	917	718	2017	3045	2152	5081	5699	6044
"RVCYZ000836"	636	757	618	495	462	305	841	1326	645	2210	2620	2499
"RVCYZ000837"	1656	2287	1462	1151	1000	946	1762	2404	4105	3505	3543	3988
"RVCYZ000838"	3633	4504	3052	2957	2491	2481	3894	5091	3991	6888	7181	7723
"RVCYZ000839"	171	238	115	144	114	76	224	467	5	730	893	909
"RVCYZ000840"	623	709	464	378	393	292	765	1362	2529	2262	2662	2711
"RVCYZ000841"	446	584	365	371	332	213	649	1194	729	2371	2819	2808
"RVCYZ000842"	2369	2750	2067	1314	1182	1058	2803	3586	3359	5863	5727	6580
"RVCYZ000843"	521	637	420	435	417	336	797	1262	405	2726	2832	3113
"RVCYZ000844"	6444	7538	5757	4732	4302	4201	6067	7791	15654	11809	10436	12830
"RVCYZ000845"	6808	8223	5982	4929	3870	4050	6475	7546	16558	8833	8094	9103
"RVCYZ000846"	5820	6904	5086	3647	3303	3366	6189	7744	16980	13281	12963	14105
"RVCYZ000847"	8952	10944	7717	5679	4803	5154	8598	9239	11344	12428	11273	12338
"RVCYZ000848"	7609	9276	6282	3481	2906	2934	7345	8318	10315	17417	15726	17034
"RVCYZ000849"	517	625	397	444	323	296	623	1018	3471	3709	3174	3146
"RVCYZ000850"	250	345	277	144	117	133	256	284	1849	1513	1299	1392
"RVCYZ000851"	354	449	267	194	192	172	430	556	1437	2148	1683	1997
"RVCYZ000852"	2984	2929	1969	1413	1266	1073	2837	3744	6419	7427	7240	7915
"RVCYZ000853"	576.549	467	325	442	370	234	620	1115	642	2827	2840	3131
"RVCYZ000854"	129.451	37	46	57	42	33	64	144	75	412	319	456
"RVCYZ000855"	235	266	185	159	172	135	328	513	167	1137	1383	1417
"RVCYZ000856"	502	450	363	408	352	234	597	965	489	2332	2287	2441
"RVCYZ000857"	559	618	318	414	364	285	562	1162	411	2282	2304	2340
"RVCYZ000858"	10617	12888	9680	11749	10694	10896	10154	12061	8822	12812	12119	14293
"RVCYZ000859"	9042	10767	8219	12527	10983	10944	8041	10077	7083	11446	11016	12311
"RVCYZ000860"	1315	1502	987	980	856	649	1434	2295	4212	6367	6288	7054
"RVCYZ000861"	2643	2646	1751	962	795	648	2706	3339	2123	4859	4631	5532
"RVCYZ000862"	730	963	541	448	314	244	852	1202	529	2009	2333	2193
"RVCYZ000863"	1039	1394	830	557	452	379	1287	1688	1235	3036	3304	3542
"RVCYZ000864"	920	1159	729	493	458	312	1186	1487	1078	2702	2790	3068
"RVCYZ000865"	1468	1764	1065	836	784	549	2050	2870	2605	4889	5391	5720
"RVCYZ000866"	380	432	242	249	191	148	415	614	1871	1473	1404	1527
"RVCYZ000867"	2638	2732	2036	1113	1007	1011	2486	3077	16150	8981	7660	9872
"RVCYZ000868"	5170	5975	4359	3736	3074	3099	5266	6316	16930	12168	11148	13623
"RVCYZ000869"	7033	8083	6289	4177	3514	3661	7640	8668	12131	9403	8795	10379
"RVCYZ000870"	3660	4210	3245	1492	1268	1134	4003	5177	10912	7257	7039	8581
"RVCYZ000871"	982	1140	811	793	663	583	1167	1689	3360	3828	3901	4151
"RVCYZ000872"	1831	2103	1384	1175	1010	874	2021	2714	9672	7674	7499	8443
"RVCYZ000873"	1203	1196	812	754	601	556	1097	1587	8004	6710	5543	7220
"RVCYZ000874"	525	579	416	543	381	434	511	861	4016	2913	2806	3496
"RVCYZ000875"	740	895	589	523	448	388	882	1424	5353	5634	4642	5217
"RVCYZ000876"	211	209	153	145	132	85	249	432	852	1166	1156	1255
"RVCYZ000877"	1007	1036	680	752	652	480	1269	1987	2617	4907	5278	5506
"RVCYZ000878"	59	65	52	68	60	44	73	133	236	420	406	480
"RVCYZ000879"	840	916	642	746	630	485	1033	1641	2267	3428	3915	3924
"RVCYZ000880"	646	775	438	505	424	292	896	1312	1820	3317	3425	3623
"RVCYZ000881"	992	1090	814	902	761	672	1037	1680	3571	3244	3487	3543
"RVCYZ000882"	333	374	239	316	234	180	400	648	907	1331	1474	1539
"RVCYZ000883"	454	557	317	401	360	248	562	1042	1080	2102	2237	2339
"RVCYZ000884"	1334	1591	1041	864	749	560	1713	2555	4469	5872	6025	6445
"RVCYZ000885"	478	625	393	475	389	398	674	1002	1242	1819	2004	2164
"RVCYZ000886"	834	994	662	751	577	530	645	892	3997	2436	1902	1967
"RVCYZ000887"	670	750	592	503	380	389	719	856	4976	2847	2776	2852
"RVCYZ000888"	1814	1918	1284	1014	997	791	2074	3077	11200	8399	7850	8192
"RVCYZ000889"	646	778	589	442	422	295	1013	1527	1531	2521	2843	2947
"RVCYZ000890"	1154	1200	853	592	497	433	1278	1850	3070	4646	4705	5096
"RVCYZ000891"	3677	4685	3050	2499	2166	1923	3369	4481	12929	6899	6659	7002
"RVCYZ000892"	1733	2076	1388	1262	1139	1042	2043	3123	3927	5651	6256	6306
"RVCYZ000893"	995	1261	815	801	626	469	1452	2315	2754	5213	5503	5466
"RVCYZ000894"	931	965	735	578	503	339	1048	1593	3682	3233	3469	3822
"RVCYZ000895"	18609	23160	15643	12601	10233	10731	19419	21581	61015	18365	16749	19461
"RVCYZ000896"	7160	8036	6175	4465	3753	3882	7688	9486	50064	22954	21125	22713
"RVCYZ000897"	4505	5556	4572	2694	2312	2282	5519	6950	14638	10642	10737	12108
"RVCYZ000898"	670	808	633	232	155	133	950	1014	2814	1364	1451	1408
"RVCYZ000899"	233	290	133	141	120	71	270	458	463	1183	1116	1131
"RVCYZ000900"	1137	1065	714	579	481	451	1172	1639	2384	3399	3251	3950
"RVCYZ000901"	3399	3778	3230	2377	1901	2154	3663	4253	8229	2027	1802	2100
"RVCYZ000902"	6084	7524	5178	3783	3029	2883	5242	5884	18659	6619	6233	7120
"RVCYZ000903"	2216	2423	1872	1281	1175	1115	2508	2968	9611	6544	6456	7194
"RVCYZ000904"	4506	4901	3684	2997	2684	2660	5277	7040	15198	13927	14515	16906
"RVCYZ000905"	7907	9121	6901	4887	3670	3564	6543	7215	30527	6768	6032	7568
"RVCYZ000906"	4794	5635	4415	2793	2362	2352	4214	4876	29397	10902	9439	11567
"RVCYZ000907"	5957	7319	5721	2633	2362	2171	6116	7634	30971	15555	14332	16721
"RVCYZ000908"	4411	5403	4282	1723	1498	1415	4587	5651	11618	8286	7983	9191
"RVCYZ000909"	6724	8671	6251	2594	2133	2225	7171	8019	9020	7208	7050	7817
"RVCYZ000910"	3030	3980	2934	1436	1224	1149	3066	3621	4254	4020	3834	4203
"RVCYZ000911"	7640	10275	7503	4100	3420	3346	8723	10065	9379	9590	9969	10585
"RVCYZ000912"	837	976	726	617	538	437	1076	1597	3470	3296	3633	3984
"RVCYZ000913"	1328	1385	1029	822	841	605	1588	2216	7424	4733	4711	5363
"RVCYZ000914"	1485	1732	1185	977	697	712	1693	2395	11888	4720	4474	5024
"RVCYZ000915"	2244	2404	1849	1916	1371	1480	2144	2544	11579	4962	3955	4579
"RVCYZ000916"	1357	1576	997	1018	840	605	1844	2761	6534	5887	6438	6512
"RVCYZ000917"	1668	1935	1298	859	850	636	1976	2523	11316	4617	4836	5127
"RVCYZ000918"	4029	3818	4669	2196	2039	2359	5523	5410	4876	1958	2054	2637
"RVCYZ000919"	32777	43387	32986	26041	22080	23884	28983	31109	42056	26384	23607	25462
"RVCYZ000920"	966	1058	828	526	523	518	1027	1401	7821	3947	4176	4852
"RVCYZ000921"	1640	1829	1588	957	752	906	2074	2051	10141	3309	3286	3564
"RVCYZ000922"	1847	2179	1480	1632	1342	1396	1911	2762	5633	5241	5458	5535
"RVCYZ000924"	3845	4540	3257	1991	1738	1432	4452	5299	5351	5895	6395	6435
"RVCYZ000925"	4771	5740	4306	1748	1523	1279	5191	5537	10048	4857	4853	5220
"RVCYZ000926"	1686	2061	1440	1183	1028	1077	1817	2012	3990	2038	2305	2111
"RVCYZ000927"	6723	7650	7338	4124	3742	4160	7588	7437	5426	2078	1899	2263
"RVCYZ000928"	25953	28432	20480	9852	8017	7537	22375	22636	21706	9027	7381	9229
"RVCYZ000929"	7815	9929	7545	3175	2714	2766	9285	9312	7068	4181	4097	4432
"RVCYZ000930"	10548	13822	9726	10773	8738	9580	9430	9907	2202	2917	2770	2870
"RVCYZ000931"	4865	5724	4336	3051	2476	2686	4606	5306	1396	2491	2209	2650
"RVCYZ000932"	12421	15515	11706	8589	7101	7221	11536	13323	13108	11637	12116	11567
"RVCYZ000933"	739	1004	759	487	358	433	879	862	797	865	866	988
"RVCYZ000934"	5003	6221	4574	3616	2792	2921	4457	4930	3854	2482	2621	2727
"RVCYZ000935"	2445	2934	2395	2030	1659	2033	2987	2900	1516	973	918	1018
"RVCYZ000936"	5544	6247	5226	2389	1941	1966	5155	5440	2789	931	868	970
"RVCYZ000937"	5899	6750	4835	3616	3163	3010	5768	6802	16203	8113	7804	8424
"RVCYZ000938"	5476	6916	4889	3552	2862	3054	5329	6440	18610	7952	7429	7492
"RVCYZ000939"	1471	1791	1296	1059	871	892	1445	1601	3990	1916	1924	2109
"RVCYZ000940"	3567	4394	3459	3340	2828	3333	3916	4160	4501	2586	2617	2804
"RVCYZ000941"	304	429	252	338	229	144	428	861	81	1301	1469	1595
"RVCYZ000942"	409	357	352	124	111	106	424	483	635	519	539	523
"RVCYZ000943"	104	127	68	62	51	29	83	111	283	182	172	153
"RVCYZ000944"	213	211	158	128	112	69	225	293	505	631	631	603
"RVCYZ000945"	406	558	490	169	189	136	430	497	369	508	576	353
"RVCYZ000946"	1870	2417	1904	780	660	577	1795	2182	615	1292	1377	1077
"RVCYZ000947"	1413	1922	1434	514	390	331	1223	1422	1159	554	553	556
"RVCYZ000948"	2672	3517	2804	530	502	505	2714	2948	2338	868	657	733
"RVCYZ000949"	74	91	63	47	38	19	99	111	23	198	191	149
"RVCYZ000950"	550	745	604	313	261	204	689	863	270	760	698	718
"RVCYZ000952"	1076	1195	802	796	737	566	1184	2089	540	3027	3519	3395
"RVCYZ000953"	11160	13779	9394	7280	6039	5738	11014	13797	4672	11157	12128	12282
"RVCYZ000954"	3428	3826	3354	1672	1466	1560	3427	3683	6305	2560	2399	2730
"RVCYZ000955"	1105	1197	874	818	592	557	872	944	1252	800	823	951
"RVCYZ000956"	907	967	789	704	624	560	1089	1465	1747	1871	2054	1952
"RVCYZ000957"	619	774	467	572	501	485	683	1128	1536	1874	2020	2093
"RVCYZ000958"	27467	33941	24868	16276	13824	14377	23360	25615	116331	25554	21179	25664
"RVCYZ000959"	2972	3171	2415	1921	1646	1501	2813	3880	2989	4199	4449	4505
"RVCYZ000960"	373	407	361	292	222	271	337	457	477	498	453	508
"RVCYZ000961"	995	1220	804	755	633	482	1183	1666	2283	2692	2803	3008
"RVCYZ000962"	1360	1485	1123	893	772	678	1535	2002	2690	3193	3172	3437
"RVCYZ000963"	2213	2691	2091	1326	1100	968	2516	3045	2614	3415	3741	3814
"RVCYZ000964"	343	381	255	309	200	162	382	676	311	1105	1247	1238
"RVCYZ000965"	2076	2600	1942	1504	1279	1099	2405	3063	1019	3516	3955	4072
"RVCYZ000966"	1570	1731	1242	1059	895	825	1934	2655	989	3444	3799	3759
"RVCYZ000967"	1050	1359	1135	907	849	868	1312	1492	1783	1934	1914	2067
"RVCYZ000968"	3206	3569	2800	2113	1857	1993	3433	4192	2890	3442	4021	3929
"RVCYZ000969"	18078	22928	17522	14049	12539	13519	15449	16811	22918	11395	11103	12008
"RVCYZ000970"	8443	10150	8186	5051	4119	4134	8467	9585	9903	6821	7255	7675
"RVCYZ000971"	4369	5163	4031	2490	2055	2363	5447	5999	6748	4135	4336	4756
"RVCYZ000972"	2176	2765	2297	1847	1497	1557	2261	2730	3193	2925	2879	3096
"RVCYZ000973"	2399	2837	2207	1655	1477	1273	2277	3033	4061	3656	3947	4421
"RVCYZ000974"	1280	1388	1029	902	834	772	1095	1510	1783	1799	1854	1964
"RVCYZ000975"	4611	5295	3829	3392	2766	2432	5299	8173	2860	9983	11346	11647
"RVCYZ000976"	4903	5873	3892	3441	3001	2508	5714	7862	2915	12333	13095	13665
"RVCYZ000977"	2228	2654	1834	1759	1505	1520	2443	3306	1596	3618	4277	4234
"RVCYZ000978"	7691	9449	6435	5008	4250	3623	8506	11697	3438	14371	15540	16086
"RVCYZ000979"	1203	1550	992	978	709	649	1346	1911	394	2584	2633	2685
"RVCYZ000980"	855	1090	692	646	608	474	1081	1659	492	2322	2625	2602
"RVCYZ000981"	2520	3112	2203	1883	1657	1268	2987	4540	931	5525	6757	6786
"RVCYZ000982"	3461	4049	3084	1457	1393	1333	3941	4308	4981	4637	4234	4959
"RVCYZ000983"	936	1166	767	464	412	405	1185	1406	1480	2083	1953	2077
"RVCYZ000984"	38220	49117	38452	23711	21532	22295	39344	41278	39135	28648	27444	32000
"RVCYZ000985"	41888	53514	39286	24008	20245	21282	38460	40583	65746	33259	29229	32367
"RVCYZ000986"	1031	1097	789	552	490	423	1156	1595	2196	2517	2432	2645
"RVCYZ000987"	841	878	551	604	564	461	864	1481	1002	2464	2683	2938
"RVCYZ000988"	1526	1827	1281	1006	829	868	1503	1855	1277	1907	1929	2211
"RVCYZ000989"	3583	4208	3054	2177	1969	1823	3887	4477	3321	4615	4871	4938
"RVCYZ000990"	625	762	645	381	326	294	667	701	514	717	663	727
"RVCYZ000991"	691	761	500	620	422	328	898	1327	719	2578	2876	2885
"RVCYZ000992"	2465	2856	2123	1897	1569	1518	2747	3589	1792	3730	4273	4445
"RVCYZ000993"	2737	3471	2544	1936	1719	1755	3063	3614	2461	3912	4387	4316
"RVCYZ000994"	1652	2243	1465	1229	957	883	1611	2157	2194	3078	2878	3054
"RVCYZ000995"	2272	2782	1860	1359	1073	994	2629	3388	3265	3757	3824	4246
"RVCYZ000996"	3563	4256	2970	2335	1933	1850	3392	4465	5053	4309	4244	4550
"RVCYZ000997"	2870	3383	2653	1607	1251	1209	3008	3864	2364	3995	3906	4379
"RVCYZ000998"	7106	8761	6409	4203	3686	3526	8298	9881	8797	8472	8578	8590
"RVCYZ000999"	1870	2055	1622	1103	918	899	2000	2455	2541	3261	3219	3580
"RVCYZ001000"	1099	1173	929	834	706	651	1209	1847	762	2494	2783	2887
"RVCYZ001001"	3661	4236	3561	2426	2193	2447	3254	3406	2569	1566	1772	1867
"RVCYZ001002"	1285	1209	1427	700	664	694	1325	1385	664	543	652	827
"RVCYZ001003"	1350	1618	1081	1118	883	735	1501	2158	433	2657	2941	3005
"RVCYZ001004"	2435	2456	1897	1860	1460	1249	2660	3929	1796	5757	6186	6887
"RVCYZ001005"	2726	3120	2378	1595	1363	1332	2686	3707	3166	4880	4600	5543
"RVCYZ001006"	956	905	877	700	515	617	1107	1243	945	1009	1088	1223
"RVCYZ001007"	1221	1374	992	742	656	545	1544	1900	971	2503	2538	2904
"RVCYZ001008"	1505	1656	1310	903	727	771	1692	2190	1650	2592	2603	2783
"RVCYZ001009"	1005	1206	926	615	485	457	1222	1550	773	1814	1877	1955
"RVCYZ001010"	15314	19872	15238	11738	9959	10639	13998	13878	8656	2900	2872	3176
"RVCYZ001011"	8469	10311	7847	5748	5049	5432	9474	9439	25317	8571	8043	9375
"RVCYZ001012"	757	1055	634	565	481	355	1038	1532	1552	3012	3080	2934
"RVCYZ001013"	1649	2341	1682	1345	986	1069	1471	1721	1023	1579	1334	1397
"RVCYZ001014"	1769	2382	1694	1378	1076	951	1515	1901	3150	2542	2268	2058
"RVCYZ001015"	1268	1717	1171	878	659	679	1433	1910	1759	2969	2584	2750
"RVCYZ001016"	3476	4694	3364	2167	1771	1726	3277	4019	3377	3205	3462	2829
"RVCYZ001017"	3476	4353	3726	2302	1871	2066	3803	4297	2262	2706	2443	2634
"RVCYZ001018"	5063	6574	5072	3512	2932	3069	5047	5464	3562	3638	3650	3369
"RVCYZ001019"	3774	4513	3226	2684	2159	2216	3553	4218	2950	2493	2636	2448
"RVCYZ001020"	636	817	672	507	362	415	509	575	920	399	330	355
"RVCYZ001021"	555	767	591	187	177	167	493	514	373	339	334	302
"RVCYZ001022"	792	1129	839	477	351	318	726	892	631	784	919	708
"RVCYZ001023"	1580	2108	1599	621	483	554	1401	1733	1610	1370	1464	1323
"RVCYZ001024"	716	949	712	374	333	283	809	1241	1169	1873	2015	1940
"RVCYZ001025"	664	796	613	423	337	306	689	997	1245	1425	1489	1550
"RVCYZ001026"	593	723	579	436	369	336	490	672	1040	894	1072	911
"RVCYZ001027"	899	1091	776	504	359	347	658	775	1940	970	819	787
"RVCYZ001028"	363	493	332	232	183	179	295	467	421	631	918	566
"RVCYZ001029"	971	1167	884	708	643	519	884	1490	1521	2106	2229	2062
"RVCYZ001030"	432	395	458	103	115	101	350	451	443	494	496	433
"RVCYZ001031"	746	911	919	156	137	113	838	1034	255	266	178	237
"RVCYZ001032"	320	418	350	182	127	116	305	373	218	398	357	380
"RVCYZ001033"	2200	2685	1948	1197	953	964	2133	2616	2798	2787	2952	2703
"RVCYZ001034"	679	764	611	523	454	433	534	735	1150	772	968	961
"RVCYZ001035"	1688	2091	1317	1221	1010	804	1606	2777	3422	4156	4563	4664
"RVCYZ001036"	1566	1857	1447	1081	798	860	1727	2567	1604	3625	3804	3794
"RVCYZ001037"	802	983	684	543	461	437	948	1244	962	1892	2055	2041
"RVCYZ001038"	1598	1684	1275	692	695	501	1672	2016	539	2036	2438	2580
"RVCYZ001039"	759	971	605	436	343	286	904	1216	512	1505	1519	1583
"RVCYZ001040"	1271	1739	1383	831	613	668	908	1069	1093	781	604	618
"RVCYZ001041"	117	201	171	95	89	95	118	123	130	113	111	126
"RVCYZ001042"	420	502	410	207	164	127	247	326	343	197	156	129
"RVCYZ001043"	317	418	415	194	147	119	256	252	541	331	248	230
"RVCYZ001044"	271	330	281	102	82	79	222	232	228	162	132	129
"RVCYZ001045"	409	504	533	189	151	86	391	404	480	503	338	319
"RVCYZ001046"	4447	5869	4471	2281	1814	1411	5636	7494	5300	10899	10937	11292
"RVCYZ001047"	3764	4832	3511	2136	1823	1687	4246	5238	1274	4605	4908	4951
"RVCYZ001048"	1605	2090	1411	958	784	711	1837	2485	1571	3394	3529	3418
"RVCYZ001049"	567	622	477	518	409	409	666	926	421	1387	1431	1311
"RVCYZ001050"	1098	1463	1217	560	436	391	1140	1364	1957	1683	1678	1267
"RVCYZ001051"	2602	3727	2770	1349	1052	1041	2492	3095	4440	2852	2512	2276
"RVCYZ001052"	588	682	384	564	470	420	729	1231	108	2138	2101	2157
"RVCYZ001054"	1592	1900	1327	1155	811	836	1594	2381	2143	3191	3158	3143
"RVCYZ001055"	323	430	297	374	251	195	434	802	268	1294	1401	1360
"RVCYZ001056"	717	802	943	395	354	387	877	979	94	384	341	365
"RVCYZ001057"	6593	8455	5198	4545	3622	3835	5764	7365	2259	5865	6396	6254
"RVCYZ001058"	2915	3679	2560	1938	1648	1309	3421	4617	1966	5276	5701	5675
"RVCYZ001059"	360	431	290	329	287	230	483	769	718	1278	1525	1401
"RVCYZ001060"	1718	2120	1562	1167	1083	960	1782	2655	4895	3917	3886	3987
"RVCYZ001061"	1012	1116	941	679	515	477	1202	1581	2192	2217	1946	2081
"RVCYZ001062"	2662	3346	2591	2233	1923	2009	2691	3279	5051	2864	3018	3032
"RVCYZ001063"	906	980	755	600	575	536	1047	1421	1467	1910	2018	1990
"RVCYZ001064"	732	998	755	761	534	488	830	943	1110	1554	1327	1230
"RVCYZ001065"	9532	12150	9309	5991	4859	4845	9187	9942	4004	5514	5385	5590
"RVCYZ001066"	3278	4235	3396	2226	1954	2058	3106	3678	1618	2093	2151	2308
"RVCYZ001067"	3110	4029	3185	2386	1958	2063	2617	3140	2768	1957	1910	1864
"RVCYZ001068"	35750	48400	34932	29530	23329	25621	28264	30295	10906	11596	9765	8839
"RVCYZ001069"	857	1063	732	637	509	442	1153	1570	939	2566	2763	2669
"RVCYZ001070"	738	933	600	539	466	351	856	1170	1053	1705	1785	1815
"RVCYZ001071"	2418	2954	2068	1660	1384	1088	2867	4017	3594	5998	6146	6591
"RVCYZ001072"	167	226	193	144	167	127	217	314	426	517	544	608
"RVCYZ001073"	2794	3303	2798	1326	1094	1136	2889	3607	3904	2920	2858	3101
"RVCYZ001074"	1268	1612	1143	724	557	547	1374	1917	1504	2317	2430	2533
"RVCYZ001075"	1238	1576	1219	658	611	601	1180	1501	1892	1301	1234	1409
"RVCYZ001076"	8015	10502	7610	4866	4045	4148	7713	8571	20913	7944	7476	7950
"RVCYZ001077"	1458	1731	1131	994	925	795	1537	2437	7529	4178	4313	4678
"RVCYZ001078"	971	1172	907	714	625	515	1240	1615	4149	2591	3035	2912
"RVCYZ001079"	2073	2419	1894	1227	922	904	2137	2405	8562	3043	2929	3268
"RVCYZ001080"	674	822	597	501	519	390	824	1361	2137	2473	2652	2683
"RVCYZ001081"	3813	4570	4142	3371	3154	3546	3655	3511	9669	2199	2173	2588
"RVCYZ001082"	1208	1252	1165	1163	997	938	957	1045	1394	437	408	502
"RVCYZ001083"	3631	4488	3572	2677	2391	2489	3720	4068	8224	2687	2523	2754
"RVCYZ001084"	674	829	513	665	460	401	887	1452	762	2110	2380	2350
"RVCYZ001085"	58794	79884	59252	62046	48723	54736	54832	57383	12759	15883	13128	12307
"RVCYZ001086"	430	489	349	321	302	239	549	815	879	1385	1546	1560
"RVCYZ001087"	3476	4096	3190	1882	1599	1698	3993	4671	7650	4248	4198	4442
"RVCYZ001088"	4755	5990	3967	4715	3777	3911	4258	5160	2085	2890	2946	2863
"RVCYZ001089"	380	414	425	220	229	160	385	438	1114	541	595	526
"RVCYZ001090"	2234	2831	2211	1263	1119	1252	2644	2776	5336	1680	1782	1764
"RVCYZ001091"	4074	5150	3538	3142	2411	2524	3416	4484	5241	4010	4062	3779
"RVCYZ001092"	2988	3753	2796	1756	1387	1445	2932	3419	3640	2808	2880	2918
"RVCYZ001093"	2125	2526	1956	1499	1309	1170	2726	3460	3213	3730	4177	4111
"RVCYZ001094"	273	323	219	297	207	146	304	652	181	1274	1481	1333
"RVCYZ001095"	361	486	254	356	231	168	534	885	100	1828	1700	1686
"RVCYZ001096"	317	441	224	338	229	182	436	694	131	1512	1430	1451
"RVCYZ001097"	4155	4871	3841	2971	2558	2608	4235	5323	1465	3675	3915	4005
"RVCYZ001098"	727	781	680	608	510	401	754	1093	279	1092	1354	1245
"RVCYZ001099"	1232	1369	949	1043	824	722	1267	1965	1745	2918	3235	3125
"RVCYZ001100"	2570	3015	2301	2644	2093	2049	2001	2457	3133	2425	2501	2641
"RVCYZ001101"	395	503	309	367	261	246	446	627	718	1065	1144	1026
"RVCYZ001102"	687	825	575	638	494	361	900	1460	512	2262	2548	2571
"RVCYZ001103"	305	339	270	278	242	199	361	508	77	845	882	773
"RVCYZ001104"	26	26	23	27	28	22	43	91	4	152	140	157
"RVCYZ001105"	27	27	11	29	24	11	30	48	2	127	116	139
"RVCYZ001106"	20	28	19	30	27	8	36	54	0	121	142	130
"RVCYZ001107"	10	7	6	10	11	8	6	26	0	57	39	54
"RVCYZ001108"	1	5	8	15	12	4	15	18	0	61	39	49
"RVCYZ001109"	493	523	301	512	395	220	679	1258	42	2104	2375	2345
"RVCYZ001110"	46	50	51	55	48	24	71	106	3	263	344	324
"RVCYZ001111"	25	30	17	15	24	20	24	41	1	104	100	110
"RVCYZ001112"	29	33	27	50	29	19	32	85	1	190	141	118
"RVCYZ001113"	120	176	82	139	95	64	145	301	19	543	549	571
"RVCYZ001114"	1171	1377	923	768	639	433	1361	2149	1245	3645	3802	3586
"RVCYZ001115"	333	353	267	151	118	133	288	406	402	520	571	574
"RVCYZ001117"	812	890	552	739	609	410	1179	1951	77	3113	3774	3583
"RVCYZ001118"	402	474	275	444	303	250	589	1031	132	2023	2029	2102
"RVCYZ001119"	395	478	277	363	326	232	584	901	98	1596	1937	1777
"RVCYZ001120"	832	1068	639	718	552	455	1117	1892	752	3244	3441	3413
"RVCYZ001121"	2426	2948	2192	1475	1111	924	2329	3138	2078	3302	3646	3606
"RVCYZ001122"	4052	5220	3658	2227	1876	1849	4113	4824	5549	4150	4652	4426
"RVCYZ001123"	1688	1936	1532	1017	840	876	1975	2531	2187	2413	2783	2891
"RVCYZ001124"	2284	2846	2258	1167	971	891	2242	2950	1753	2844	2947	3026
"RVCYZ001125"	2344	2925	2557	1457	1308	1339	2803	3556	1195	2603	3082	3177
"RVCYZ001126"	2840	3538	2445	1688	1368	1375	2461	2962	1158	2420	2522	2582
"RVCYZ001127"	2063	2311	2005	1368	1248	1062	2217	2861	456	3037	3334	3099
"RVCYZ001128"	1363	1727	1323	815	700	647	1559	1898	346	1519	1603	1684
"RVCYZ001129"	3540	4337	3397	2024	1609	1554	3956	4970	1655	3931	3928	4186
"RVCYZ001130"	430	455	419	237	201	204	480	652	397	707	773	723
"RVCYZ001131"	1551	1912	1469	954	739	673	1627	2237	3763	2942	2713	2866
"RVCYZ001132"	856	1013	821	494	437	460	839	1116	1123	1173	1358	1399
"RVCYZ001133"	3263	3903	2858	2141	1919	1609	3709	4656	8568	7182	7633	8120
"RVCYZ001134"	3624	4614	3417	2607	2154	2074	3458	3661	7734	4150	3876	4156
"RVCYZ001135"	1272	1503	1468	605	546	581	1545	1572	4893	1389	1453	1748
"RVCYZ001136"	837	1040	862	320	317	276	1198	1245	3484	810	929	909
"RVCYZ001137"	3428	4325	3123	1632	1538	1442	3512	3760	2692	2022	1843	2116
"RVCYZ001138"	1377	1628	1302	919	762	676	1456	1898	3282	3290	3140	3141
"RVCYZ001139"	17846	23398	17737	16742	13984	16134	15976	16542	20785	7262	6459	6638
"RVCYZ001140"	1135	1090	755	737	590	589	1234	1826	803	2760	2909	3303
"RVCYZ001141"	641	759	553	448	419	366	675	926	803	1265	1340	1294
"RVCYZ001142"	4720	5743	3803	3106	2759	2133	5128	7349	4851	8754	10001	9589
"RVCYZ001143"	3536	4335	3096	1981	1620	1649	3513	4181	1954	2986	3191	3262
"RVCYZ001144"	2397	3066	2313	1239	1052	930	2459	3257	2153	2965	3020	3171
"RVCYZ001145"	545	611	437	435	337	322	678	963	407	1345	1606	1617
"RVCYZ001146"	1494	1807	1476	856	801	783	1533	1820	1092	1375	1532	1595
"RVCYZ001147"	1239	1773	1233	772	662	642	1409	1521	1110	1535	1543	1589
"RVCYZ001148"	949	1150	914	619	493	496	881	1133	957	887	984	1092
"RVCYZ001149"	3918	4981	3796	2371	2064	2084	3643	4482	3113	3064	3020	3236
"RVCYZ001150"	4551	5678	4080	3681	2972	3327	4815	5411	3316	4083	4149	4169
"RVCYZ001151"	5573	7050	6008	3967	3255	3043	6681	8663	13542	8721	9272	9339
"RVCYZ001152"	196	234	185	144	166	136	261	367	316	464	554	535
"RVCYZ001153"	778	1004	723	576	458	381	798	1239	947	1787	1804	1867
"RVCYZ001154"	228	221	161	177	151	122	240	370	130	764	747	789
"RVCYZ001155"	19675	25508	18907	18460	14996	16466	16720	18208	14043	7993	7603	7013
"RVCYZ001156"	161	221	181	151	113	91	156	244	324	458	450	449
"RVCYZ001157"	4522	5614	3947	3762	3227	3066	3865	4272	7158	2710	2404	2456
"RVCYZ001158"	15071	17920	13992	9127	7516	8120	14065	16036	18591	7850	7272	7728
"RVCYZ001159"	1152	1393	998	869	719	654	1366	1955	2214	2943	3048	3134
"RVCYZ001160"	5194	6315	4837	4114	3475	3664	4944	5665	7796	4641	4843	4909
"RVCYZ001162"	926	1086	845	732	662	633	904	1376	1724	2015	2214	2261
"RVCYZ001163"	2551	3159	2341	2247	1911	1963	2527	3182	3073	3960	4218	4293
"RVCYZ001164"	166	227	183	202	169	103	216	389	72	578	650	698
"RVCYZ001165"	1499	1920	1360	1141	950	730	1478	1974	2499	2803	2820	2857
"RVCYZ001166"	5957	7457	6404	5425	4297	4103	2974	3760	2894	4001	3968	3826
"RVCYZ001167"	4448	5657	4891	4076	3257	3441	2863	3898	2728	4270	4360	4505
"RVCYZ001168"	6879	8950	6272	4746	3776	3968	6409	7038	15531	4396	4027	4553
"RVCYZ001169"	5314	6913	4903	3247	2844	2595	5527	6129	12383	3931	3830	3941
"RVCYZ001170"	4756	6132	4350	2440	2218	2022	5059	5668	11543	4128	4126	4498
"RVCYZ001171"	286	323	274	138	97	76	218	324	635	346	354	354
"RVCYZ001172"	2523	3178	2257	1555	1273	1409	2412	3126	4056	2001	2126	2393
"RVCYZ001173"	424	518	368	317	280	223	518	762	1016	1263	1271	1392
"RVCYZ001174"	1574	1901	1372	1001	860	779	1801	2588	2092	3535	3579	3475
"RVCYZ001175"	1581	1816	1516	1193	1070	1013	1812	2344	2071	2937	3367	3353
"RVCYZ001176"	2910	3582	2608	1932	1640	1557	3102	3883	3511	3612	3449	3641
"RVCYZ001177"	8968	11179	7811	6712	5376	5656	8655	10236	11336	6812	6484	6238
"RVCYZ001178"	1102	1259	962	741	603	598	1224	1402	1008	1204	1258	1219
"RVCYZ001179"	685	797	637	654	467	541	697	746	1191	733	728	699
"RVCYZ001180"	1002	1140	779	779	588	658	1051	1634	1258	2211	2200	2327
"RVCYZ001181"	2198	2562	1817	1819	1609	1525	2784	3498	2293	3879	4367	4259
"RVCYZ001182"	1117	1343	892	1007	770	733	1389	2421	860	3710	4097	4182
"RVCYZ001183"	5647	6571	4962	2708	2449	2493	5702	6604	5920	4133	4657	4734
"RVCYZ001184"	232	281	258	175	202	195	277	279	202	490	454	439
"RVCYZ001185"	1375	1805	1173	965	794	758	1641	2090	2736	2505	2800	2837
"RVCYZ001186"	1042	1344	953	678	518	524	1309	1523	1684	1738	1662	1773
"RVCYZ001187"	2658	2952	2590	1484	1332	1427	3198	3766	4718	2349	2572	2677
"RVCYZ001188"	1668	1939	1446	1174	894	853	1648	2006	4475	2187	2128	2217
"RVCYZ001189"	1379	1727	1259	1214	1013	973	1448	1835	3175	2063	2206	2235
"RVCYZ001190"	1057	1399	904	1000	816	802	1265	1862	2929	2544	2736	2746
"RVCYZ001191"	3214	3988	2843	2387	1804	1811	2463	3134	7042	4506	4087	4211
"RVCYZ001192"	1109	1259	1007	778	674	567	1337	1612	3110	3019	2868	2924
"RVCYZ001193"	956	1051	842	490	343	330	885	1103	3421	2257	1917	2089
"RVCYZ001194"	925	1129	869	554	465	437	935	1238	2527	2018	2032	1980
"RVCYZ001195"	1583	1733	1218	980	814	729	1915	2491	3230	4050	4091	4487
"RVCYZ001196"	307	430	225	278	219	140	447	701	635	1706	1715	1672
"RVCYZ001197"	457	640	400	440	370	255	692	1094	763	2545	2699	2662
"RVCYZ001198"	450	613	403	366	289	200	551	974	1276	2565	2333	2307
"RVCYZ001199"	621	788	474	503	360	273	861	1251	1552	2931	3002	2868
"RVCYZ001200"	787	869	604	579	475	389	824	1247	1026	1772	2027	2167
"RVCYZ001201"	545	790	512	172	155	108	548	667	1228	1250	1192	1125
"RVCYZ001203"	272	379	192	306	219	149	390	659	247	1386	1418	1262
"RVCYZ001204"	162	199	142	181	129	81	244	416	110	852	782	861
"RVCYZ001205"	395	546	272	390	295	197	573	968	133	1962	2135	1952
"RVCYZ001206"	349	440	273	376	330	249	522	936	105	1775	1885	1857
"RVCYZ001207"	471	496	301	452	352	254	640	1072	246	1970	2171	2222
"RVCYZ001208"	970	1169	772	1060	906	863	1289	1830	554	2651	2927	2668
"RVCYZ001209"	3873	4877	3696	6721	5892	7171	5567	6704	1098	3370	3197	3156
"RVCYZ001210"	7593	9706	7137	4747	4086	4520	7821	8317	5387	2281	2112	2132
"RVCYZ001211"	850	1051	756	588	468	403	845	1107	801	1265	1322	1187
"RVCYZ001212"	2001	2632	1863	1743	1433	1320	2092	2838	3252	3141	3436	3436
"RVCYZ001213"	1273	1584	1107	881	777	723	1339	1838	1722	2326	2305	2451
"RVCYZ001214"	5332	6723	5049	2840	2363	2148	5951	7212	6104	6823	6866	6898
"RVCYZ001215"	1696	2073	1568	1056	808	924	1863	2280	1811	1631	1742	1627
"RVCYZ001216"	223	302	205	202	165	164	335	519	290	973	1108	1027
"RVCYZ001217"	1193	1359	1095	544	462	476	1357	1496	5561	1950	2075	2152
"RVCYZ001218"	217	259	125	184	108	92	267	394	545	777	807	863
"RVCYZ001219"	3161	3772	2748	1949	1688	1795	3717	4203	11141	4729	4571	5150
"RVCYZ001220"	891	1166	850	596	468	426	1212	1405	2504	2116	2207	2271
"RVCYZ001222"	14875	17687	14182	13079	10650	12562	14769	15906	9742	5575	5335	4723
"RVCYZ001223"	4794	6192	4636	3459	2872	2803	4992	6223	4420	7470	7660	7773
"RVCYZ001224"	1360	1551	1083	764	672	647	1367	2017	793	2054	2333	2347
"RVCYZ001225"	514	554	467	535	445	373	533	699	441	1019	1142	1062
"RVCYZ001226"	833	1000	720	670	565	575	886	1173	648	1302	1272	1289
"RVCYZ001227"	2207	3041	2046	1690	1286	1181	2363	3445	3205	4655	4588	4860
"RVCYZ001228"	901	1118	785	668	565	494	966	1454	1020	2222	2390	2282
"RVCYZ001229"	637	702	630	384	311	248	682	1013	1500	1598	1752	1734
"RVCYZ001230"	1971	2208	1823	1628	1501	1500	2228	3019	3669	3316	3485	3443
"RVCYZ001231"	2276	2990	1923	2076	1854	1639	2837	3927	5340	5456	5885	6028
"RVCYZ001232"	953	1250	836	981	828	724	1227	1716	1831	2767	3086	3014
"RVCYZ001233"	488	496	316	387	371	259	595	1023	374	2056	2135	2153
"RVCYZ001234"	158	214	120	162	175	111	247	415	47	800	911	960
"RVCYZ001235"	169	245	102	217	217	130	274	522	78	1009	1133	1011
"RVCYZ001236"	3574	4192	2963	2735	2469	1923	4337	6289	4179	9784	10628	10731
"RVCYZ001237"	4450	5595	4446	3963	3233	3381	3514	4351	4099	2618	2339	2327
"RVCYZ001238"	4050	5129	3633	3024	2487	2303	4432	5466	7061	6182	6800	6877
"RVCYZ001239"	1087	1347	1021	797	677	556	1195	1818	980	2368	2825	2576
"RVCYZ001240"	2046	2656	1812	1422	1236	1064	2242	2788	2561	2786	2845	2913
"RVCYZ001241"	207	192	190	188	161	176	129	187	248	330	296	318
"RVCYZ001242"	908	967	701	752	575	656	732	907	1305	1168	1128	1209
"RVCYZ001243"	4906	5733	4359	3794	3317	3319	4580	5992	6601	5928	6400	6319
"RVCYZ001244"	5630	6829	5207	5028	4080	4334	4595	4904	7936	2150	2180	2144
"RVCYZ001245"	1527	1985	1323	1063	920	908	1430	1890	6985	2584	2589	2695
"RVCYZ001246"	1870	2462	1744	1212	1050	1035	1901	2332	4636	2950	3005	3156
"RVCYZ001247"	794	961	699	539	418	387	700	937	1284	1162	1106	1106
"RVCYZ001248"	867	1191	809	762	623	534	1150	1628	822	2418	2503	2552
"RVCYZ001249"	2664	3335	2462	1862	1397	1376	3162	3994	3379	3606	3825	3808
"RVCYZ001250"	394	463	428	182	150	172	356	487	323	404	432	436
"RVCYZ001251"	49160	64224	47415	53204	44676	51111	56698	59663	23160	15757	14757	13835
"RVCYZ001252"	2282	2992	2182	2305	1768	1860	2519	3095	2873	2446	2366	2434
"RVCYZ001253"	1324	1615	1226	1215	943	966	1451	2115	2170	2753	2897	3000
"RVCYZ001254"	10685	13596	10318	9384	7518	8500	9919	10765	20670	6944	6555	6648
"RVCYZ001255"	895	1085	716	769	663	549	1120	1718	880	2593	3096	3009
"RVCYZ001256"	2807	3302	2343	2618	2085	2039	2562	3117	3695	1711	1552	1789
"RVCYZ001257"	3404	4322	3329	3272	2632	2902	3577	3701	5211	2324	2113	2271
"RVCYZ001258"	1125	1273	971	932	757	698	1356	1939	842	2778	3023	2891
"RVCYZ001259"	840	999	684	629	651	484	962	1578	1824	2778	2888	3059
"RVCYZ001260"	1613	2104	1442	1071	897	816	1898	2573	4053	3617	3728	3681
"RVCYZ001261"	580	655	527	512	391	341	642	908	956	1561	1519	1518
"RVCYZ001262"	843	1134	882	878	698	734	844	1076	809	1349	1169	1296
"RVCYZ001263"	1434	1639	1205	1154	1079	1007	1222	1728	863	1798	2150	2016
"RVCYZ001264"	2118	2730	2109	1918	1343	1312	2291	3041	1790	3633	3972	3927
"RVCYZ001265"	448	502	302	477	421	265	641	1007	294	2033	2324	2368
"RVCYZ001266"	539	652	401	610	436	276	687	1381	351	2504	2692	2716
"RVCYZ001267"	208	215	151	162	157	146	208	326	337	854	739	724
"RVCYZ001268"	1253	1452	1194	1418	1262	1191	1028	1476	1442	1907	2282	2232
"RVCYZ001269"	626	811	505	674	548	455	836	1348	197	2489	2839	2792
"RVCYZ001270"	1500	1834	1291	1337	1000	995	1475	2076	2159	2882	2888	2920
"RVCYZ001271"	671	862	577	520	427	447	675	974	460	1161	1334	1179
"RVCYZ001272"	485	579	343	421	392	321	485	887	108	1611	1853	1741
"RVCYZ001273"	1443	1704	1176	1348	1082	937	1658	2898	1936	5119	5377	5489
"RVCYZ001274"	777	1086	739	510	450	411	671	953	1174	1342	1419	1335
"RVCYZ001275"	1986	2655	1699	1518	1256	1047	2439	3453	2166	5364	5786	5276
"RVCYZ001276"	1559	1883	1431	1127	1070	932	1505	2018	3280	2858	3043	2807
"RVCYZ001277"	709	865	646	687	585	508	729	1029	925	1574	1697	1801
"RVCYZ001278"	1966	2260	1700	1476	1203	1294	2015	2392	1713	2344	2465	2332
"RVCYZ001279"	2043	2286	2184	2083	1870	2243	2616	2729	1910	1525	1557	1664
"RVCYZ001280"	561	595	494	254	222	215	672	750	171	621	629	624
"RVCYZ001281"	836	1134	695	734	579	558	848	1313	434	1882	2014	2037
"RVCYZ001282"	2520	3478	2359	1624	1411	1327	2575	2989	3446	3207	2944	3102
"RVCYZ001283"	4168	5416	4098	2984	2656	2722	4035	4875	3046	2670	2835	2578
"RVCYZ001284"	2078	2640	1913	1213	1006	863	2472	3132	7017	4413	4889	4806
"RVCYZ001285"	2974	3562	2903	2623	2245	2322	2665	3063	3044	2235	2327	2357
"RVCYZ001286"	4637	5666	4518	3847	3559	3289	5000	6031	5680	7196	7436	7356
"RVCYZ001287"	3838	5017	3848	3307	2727	2994	3273	3938	4855	3073	2650	2690
"RVCYZ001288"	2772	3399	2766	2170	1928	2018	2661	3100	2855	3070	2898	2857
"RVCYZ001289"	1951	2359	1955	1023	962	914	1871	2316	2418	2060	1948	1977
"RVCYZ001290"	11613	14725	11466	7315	6115	6622	10801	11801	16498	6096	5419	5889
"RVCYZ001291"	802	901	730	764	683	608	820	1165	651	1449	1568	1481
"RVCYZ001292"	3804	4957	4127	3562	2994	3290	3597	4247	2473	2193	2247	2363
"RVCYZ001293"	5771	7297	5842	5078	3949	4280	5525	6197	4023	3471	3533	3559
"RVCYZ001294"	174	202	229	133	115	78	191	316	132	541	606	600
"RVCYZ001295"	1180	1401	1902	1078	845	712	1498	2250	1076	3769	4130	3815
"RVCYZ001296"	187	206	390	124	101	90	162	280	132	458	420	467
"RVCYZ001297"	3482	5081	3758	2958	2560	2437	3455	3962	3959	3901	3760	3995
"RVCYZ001298"	2888	3478	2965	2211	1878	2266	2930	3224	2011	1440	1437	1499
"RVCYZ001299"	472	510	440	336	257	276	421	554	347	606	676	587
"RVCYZ001300"	37	26	25	26	21	10	19	52	27	78	110	89
"RVCYZ001301"	221	270	164	169	157	109	248	477	141	974	1054	969
"RVCYZ001302"	141	176	110	156	136	104	193	348	272	753	863	724
"RVCYZ001303"	874	1118	609	926	774	528	1303	2135	621	4260	4318	4307
"RVCYZ001304"	41	45	22	40	23	35	68	110	68	203	193	240
"RVCYZ001305"	1152	1508	1020	1206	942	857	1175	1702	1191	2878	2970	2909
"RVCYZ001307"	75	79	63	41	33	23	81	121	118	360	397	305
"RVCYZ001308"	2548	2962	2183	1834	1551	1449	2477	3267	4068	3737	3868	4022
"RVCYZ001309"	3690	4397	3196	2535	2094	2066	3801	4532	5177	5083	5263	5561
"RVCYZ001310"	3452	4058	2862	2277	1929	1865	3707	4905	5367	6900	6852	7048
"RVCYZ001311"	4912	5979	4418	3497	2956	2821	4891	6292	5626	6468	6912	7113
"RVCYZ001312"	2640	3262	2260	1596	1435	1145	2834	3576	2923	4985	5196	5521
"RVCYZ001313"	1507	1594	1446	795	657	748	1254	1651	574	1275	1487	1521
"RVCYZ001314"	320	349	235	305	219	133	423	742	195	1697	1653	1761
"RVCYZ001315"	451	625	367	421	361	237	733	1268	274	2300	2667	2602
"RVCYZ001316"	3213	3809	2763	2414	1993	2006	3401	4233	1713	3696	3765	4414
"RVCYZ001317"	4892	5918	4493	2542	2069	2077	5000	5210	2806	3756	3702	4339
"RVCYZ001318"	7486	8823	6702	3155	2731	2732	8047	8603	4982	4851	4850	5657
"RVCYZ001319"	1331	1561	1218	1177	897	981	1405	1874	967	2236	2255	2220
"RVCYZ001320"	1273	1530	964	968	791	757	1335	1813	1702	2847	2752	3110
"RVCYZ001321"	1727	1820	2047	1232	1214	1283	1840	1852	2260	1532	1671	2147
"RVCYZ001322"	26390	32253	24281	18493	15651	16859	24638	24560	30222	15882	13875	17408
"RVCYZ001323"	18402	24729	18637	12387	10706	11740	17588	17591	17517	10004	7966	9534
"RVCYZ001324"	49670	63418	45815	38776	32289	36208	44917	45698	46502	30615	24258	28757
"RVCYZ001325"	26071	34275	25296	21481	17437	18153	21076	21991	23543	13403	10515	12381
"RVCYZ001326"	8163	10474	8351	6303	5597	5934	6982	7211	8492	3827	3308	3872
"RVCYZ001327"	3817	5214	4534	3217	3282	3232	2963	3509	1952	1068	801	1149
"RVCYZ001328"	11740	15065	11258	6314	5246	5661	9862	10332	15652	6594	5244	6328
"RVCYZ001329"	1597	2123	1465	1331	1043	1037	1945	2398	1504	3623	3667	3862
"RVCYZ001330"	8282	10856	7446	12455	10058	11174	10391	12087	5246	9237	8021	8111
"RVCYZ001331"	8921	10721	8575	12444	10241	12078	10727	12199	6259	6553	6211	6619
"RVCYZ001332"	119	147	103	129	81	82	119	257	118	594	534	494
"RVCYZ001333"	132	109	121	159	126	169	110	173	33	168	160	160
"RVCYZ001334"	135	148	87	76	71	64	149	215	17	494	531	469
"RVCYZ001335"	327	301	205	231	199	122	318	527	67	1184	1211	1211
"RVCYZ001336"	159	192	121	107	114	78	126	275	364	704	695	514
"RVCYZ001337"	939	1174	981	594	462	496	802	954	1354	730	664	592
"RVCYZ001338"	969	1181	999	501	377	408	780	886	1212	809	559	617
"RVCYZ001339"	456	646	425	348	297	237	421	757	897	1815	1667	1366
"RVCYZ001340"	32352	39525	33352	35837	31011	36270	34951	36733	21667	13705	12115	14045
"RVCYZ001341"	732	955	555	670	553	381	1022	1662	241	3066	3113	3231
"RVCYZ001342"	37869	47203	33578	32114	25715	27005	30277	32557	13272	17591	14544	15541
"RVCYZ001343"	48382	59146	43464	38987	32939	34672	41216	44801	34336	26685	22654	26914
"RVCYZ001344"	3223	3844	3116	1637	1413	1284	4020	4943	12484	6505	6556	6995
"RVCYZ001345"	3180	3962	2398	2655	2018	1532	4273	7515	2132	14683	14727	14935
"RVCYZ001346"	1185	1597	862	1131	902	624	1875	3057	522	5691	6283	6404
"RVCYZ001347"	8024	10240	7327	4911	4172	4066	7665	9014	2394	7914	8117	8464
"RVCYZ001348"	7978	9165	7571	7296	5839	6177	6803	7300	3471	2866	2566	3262
"RVCYZ001349"	1689	1931	1609	1055	937	946	2218	2709	2173	4033	4342	4609
"RVCYZ001350"	1286	1553	986	860	697	651	1472	1899	965	2580	2746	2801
"RVCYZ001351"	1356	1448	1059	793	626	619	1307	1864	3561	3166	2729	3444
"RVCYZ001352"	1713	1889	1285	1165	1004	783	1762	2775	1736	4618	4421	4712
"RVCYZ001353"	14064	18043	13201	11699	9464	10220	13798	16223	8719	12534	12174	13591
"RVCYZ001354"	2333	3058	2194	2074	1622	1481	2000	2303	4886	2236	2064	2230
"RVCYZ001355"	746	1008	768	587	516	491	675	989	1782	1344	1097	1233
"RVCYZ001356"	1965	2157	1655	1940	1780	1621	2476	3772	4802	7636	8130	8741
"RVCYZ001357"	3117	3643	2484	2213	1934	1816	3361	4594	17837	9768	9064	10195
"RVCYZ001358"	4646	5592	4540	3122	2602	2467	5185	5991	10303	7839	7674	8403
"RVCYZ001359"	543	638	529	291	211	228	554	676	1220	1216	1066	1231
"RVCYZ001360"	1888	2208	1676	1317	1179	1182	2239	2783	2962	4034	4138	4473
"RVCYZ001361"	7319	8723	6944	5388	4615	5062	7934	8877	5189	6596	6992	7749
"RVCYZ001362"	9618	11108	7863	5937	4673	4985	8213	9235	6560	7253	6419	8034
"RVCYZ001363"	2175	2652	1985	1387	1084	1284	1900	2184	1193	870	763	958
"RVCYZ001364"	506	688	375	460	336	290	714	1214	491	2378	2770	2735
"RVCYZ001365"	844	1017	711	538	476	312	1055	1582	1965	2833	3102	3018
"RVCYZ001366"	1651	1751	1319	842	716	606	1632	2157	2791	4047	3738	4372
"RVCYZ001367"	973	1252	945	715	580	569	1177	1495	1297	1980	1940	2156
"RVCYZ001368"	2658	2971	2105	1556	1462	1284	2502	3537	3210	5683	5853	6013
"RVCYZ001369"	29478	35777	25660	31991	29499	31186	29137	30744	25755	35921	32767	37498
"RVCYZ001370"	4108	4881	3555	2480	2139	2340	4427	4903	5862	6511	6188	7439
"RVCYZ001371"	428	573	420	351	258	246	675	1136	452	2174	2313	2562
"RVCYZ001372"	24674	31026	24103	15547	13105	14285	20484	21341	10865	9468	8119	8609
"RVCYZ001373"	18007	24116	18073	6434	5437	5435	18791	19487	24664	16601	13351	13689
"RVCYZ001374"	945	1199	703	750	597	447	1252	1780	3476	5051	5000	5503
"RVCYZ001375"	972	1057	817	743	656	646	1365	1708	1489	3634	3823	4103
"RVCYZ001376"	988	1045	725	560	503	385	1095	1648	621	2813	3159	3331
"RVCYZ001377"	1481	1779	1224	948	709	624	1942	2247	1621	2782	2985	3215
"RVCYZ001378"	2213	2558	1923	999	848	726	2484	3018	8035	7236	6282	7512
"RVCYZ001379"	418	381	382	275	277	243	502	845	342	1763	1946	2008
"RVCYZ001380"	903	1057	697	665	562	404	1173	1890	738	2992	3292	3409
"RVCYZ001381"	3817	4481	3776	3656	2803	3481	3856	3692	8327	4156	3625	4549
"RVCYZ001382"	5526	7382	6089	6354	5664	5403	4870	5448	14372	5162	4228	5240
"RVCYZ001383"	10738	13238	11398	11624	9894	10245	9414	10696	24157	9163	8669	9996
"RVCYZ001384"	1492	1867	1645	1463	1215	1346	1599	1701	2819	1381	1414	1199
"RVCYZ001385"	4202	4987	3553	2778	2378	2295	4240	4774	18491	11481	10558	11956
"RVCYZ001386"	1433	1629	1180	1154	1006	996	1534	2002	3100	5137	4661	4729
"RVCYZ001387"	2654	3292	2377	2544	2131	2115	2324	3217	3551	8087	7261	7188
"RVCYZ001388"	3781	4697	3536	3142	2419	2474	2761	3310	5038	7709	6205	6436
"RVCYZ001389"	2612	3713	2392	760	635	488	2688	3113	6434	7891	5874	5996
"RVCYZ001391"	5460	7016	5093	4903	4140	4351	5651	6544	4846	7087	6727	7271
"RVCYZ001392"	2039	2165	1587	1339	1178	1115	2157	3041	5415	4892	5195	5578
"RVCYZ001393"	1615	1899	1359	1103	975	986	1893	2606	3561	4820	5116	5734
"RVCYZ001394"	2206	2899	1834	1445	1250	978	2571	3938	2373	7148	7110	7150
"RVCYZ001395"	4080	5129	3473	2567	2038	1789	4091	5262	3150	6535	6917	6824
"RVCYZ001396"	8051	9988	6854	4923	3739	3860	7711	8726	7175	9686	8951	9453
"RVCYZ001397"	812	911	718	548	396	307	961	1565	1164	3012	3103	3176
"RVCYZ001398"	1498	1747	1167	1199	871	751	1794	2755	1258	5079	5472	5233
"RVCYZ001399"	800	640	388	543	360	256	798	1379	293	3548	3242	3836
"RVCYZ001400"	132	182	115	119	109	76	198	293	257	756	740	736
"RVCYZ001401"	546	720	456	257	205	172	699	829	3148	2166	1904	2050
"RVCYZ001402"	1710	1954	1777	634	553	500	1891	1976	6649	4670	4665	5697
"RVCYZ001403"	1596	2044	1480	1012	873	760	1959	2780	2574	4068	4485	4312
"RVCYZ001404"	3263	4126	2876	2039	1626	1636	3174	3850	6674	4759	4561	4587
"RVCYZ001405"	2272	3097	2119	1513	1110	1147	1891	2368	5504	2616	2268	2311
"RVCYZ001406"	3715	4600	3255	2752	2106	2097	4068	5574	4432	7457	7671	7638
"RVCYZ001407"	2141	2575	1766	1420	1114	999	2422	3686	1600	6216	6571	6550
"RVCYZ001408"	3129	3751	2686	1898	1714	1417	3129	4457	6583	7371	7547	7879
"RVCYZ001409"	91	85	72	58	56	55	77	148	58	280	270	338
"RVCYZ001410"	945	1221	682	838	699	462	1285	2305	218	4657	4888	4809
"RVCYZ001411"	3260	3857	2916	2354	2056	2256	3505	4094	9375	5197	5226	5551
"RVCYZ001412"	3165	3944	2707	2652	2172	2185	3100	3956	6381	4957	4847	5027
"RVCYZ001413"	1186	1401	965	845	700	544	1365	1910	4208	4804	4805	5086
"RVCYZ001414"	2385	2948	1930	1412	1115	1042	2874	3503	8026	6792	6671	7026
"RVCYZ001415"	7396	8792	6138	5540	4577	4623	6966	8635	28230	22525	20536	23035
"RVCYZ001416"	2053	2326	1573	1267	1058	967	2160	2913	6086	5888	6020	6393
"RVCYZ001417"	8742	10344	7187	5391	4515	4835	9830	11286	15597	20114	19405	21836
"RVCYZ001418"	1511	1749	1331	1048	846	872	1480	1901	2397	2893	2866	2966
"RVCYZ001419"	1629	1824	1127	1111	962	657	2074	3185	3469	7128	7435	7366
"RVCYZ001420"	2013	2309	1337	1584	1283	896	2346	3732	8877	10039	9601	9942
"RVCYZ001421"	5418	6712	5119	4107	3750	3823	6495	7936	14196	12208	12532	13544
"RVCYZ001422"	388	448	314	339	271	218	601	1041	135	2105	2395	2404
"RVCYZ001423"	260	194	141	129	126	74	236	382	154	839	826	1072
"RVCYZ001424"	1475	1589	1070	927	805	801	1444	2158	1515	3967	3929	4260
"RVCYZ001425"	2346	2834	2138	1565	1413	1221	2868	3939	8257	7848	8313	8569
"RVCYZ001426"	1185	1435	905	874	814	624	1491	2027	6060	5135	5087	5279
"RVCYZ001427"	932	1160	804	737	560	509	1058	1596	3437	3290	3442	3428
"RVCYZ001428"	914	1082	789	581	481	377	1013	1447	4612	3304	3366	3429
"RVCYZ001429"	4046	4757	3255	2804	2282	1975	5100	6736	9407	17315	16610	18453
"RVCYZ001430"	533	651	390	416	318	282	674	1218	1416	2783	2778	2989
"RVCYZ001431"	672	826	556	673	557	417	925	1608	1647	3279	3542	3499
"RVCYZ001432"	771	1050	822	592	537	620	1051	1332	3563	2322	2364	2351
"RVCYZ001433"	4964	6063	4914	3638	3255	3483	4923	5072	14750	6137	5960	6446
"RVCYZ001434"	10339	12856	10102	12180	11732	12033	10457	10388	34439	21269	20266	22691
"RVCYZ001435"	78018	106281	75913	56042	47811	52163	73033	71335	191303	87971	67415	71546
"RVCYZ001436"	1598	1921	1384	1067	873	658	1801	2724	5525	5340	5430	5765
"RVCYZ001437"	2068	2568	1767	1082	926	899	2131	2446	7921	4572	3980	4206
"RVCYZ001438"	1343	1541	996	970	702	689	1269	1778	1162	2831	2804	3070
"RVCYZ001439"	6537	7822	6055	4819	4329	4343	6372	7742	6949	11202	10554	11607
"RVCYZ001440"	11399	15599	11531	9345	7608	7928	9216	9865	11019	8480	6359	7155
"RVCYZ001441"	20540	28167	19639	15300	12149	13066	16020	17417	22469	17120	13198	13974
"RVCYZ001442"	66580	85056	61453	55083	44191	47470	54911	55527	75411	51647	40871	42968
"RVCYZ001443"	1624	1962	1246	1192	988	757	1749	3155	1027	5820	6770	6427
"RVCYZ001444"	6397	8078	6010	4484	3908	3762	7338	8832	2885	9427	10614	10227
"RVCYZ001445"	972	1149	837	698	620	501	1050	1703	4122	2984	3355	3232
"RVCYZ001446"	3139	3754	3187	1830	1657	1971	2999	3262	1829	3511	3255	3401
"RVCYZ001447"	9130	11959	9207	3980	3434	3854	9052	9356	9117	5588	4725	4597
"RVCYZ001448"	2780	3329	2315	1424	1164	1122	2746	3299	4471	4680	4767	4882
"RVCYZ001449"	28944	38239.6	29394.4	19944.7	16329.6	19377.9	31251.3	31442.6	22145.7	21699.4	18418.8	19614.1
"RVCYZ001450"	10467	13297	9113	8926	7414	7767	10104	12784	19056	18750	18617	18883
"RVCYZ001451"	1587	1695	1501	1081	922	862	1931	2414	6356	6057	5833	6167
"RVCYZ001452"	2391	2853	2120	1351	1071	1106	2577	2629	15477	5991	5040	5030
"RVCYZ001453"	5232	6431	5313	3859	3134	3202	5100	5877	25858	8752	7732	8658
"RVCYZ001454"	530	623	517	258	244	251	698	806	2693	1896	1725	1826
"RVCYZ001455"	1198	1428	977	366	350	271	1213	1413	11721	7436	5588	5582
"RVCYZ001457"	1370	1582	1141	900	721	656	1503	1998	6719	3910	3817	3998
"RVCYZ001458"	2239	2716	2063	1353	1220	1073	2579	3480	14787	6888	6848	7517
"RVCYZ001459"	6955	8669	6026	4882	3878	4100	7249	8335	59925	15898	13355	15850
"RVCYZ001460"	14057	17501	12597	7066	6039	5623	14352	17887	53880	23691	24155	26061
"RVCYZ001461"	6580	7929	5465	2744	2446	2145	6398	7999	69204	20285	18687	20419
"RVCYZ001462"	4178	4482	3458	1899	1585	1681	3832	4675	39783	6777	5935	7375
"RVCYZ001463"	2631	3328	2164	1458	1191	1144	3057	4133	20698	10067	9677	10505
"RVCYZ001464"	1995	2136	1629	1007	858	855	1933	2172	18099	5884	5474	6005
"RVCYZ001465"	1186	1263	973	617	583	509	1423	1921	11483	6511	6094	7061
"RVCYZ001466"	1611	1887	1462	1008	907	792	2071	2671	21047	7583	7195	8209
"RVCYZ001467"	3345	3993	2623	2414	2130	1947	3738	4768	37637	11973	10777	11512
"RVCYZ001468"	5191	6045	4714	3426	2955	2960	4922	5809	37324	10139	9136	10190
"RVCYZ001469"	4849	5654	4048	2457	2290	1964	5282	6895	39046	21266	18843	20208
"RVCYZ001470"	1518	1934	1216	1100	895	725	1725	2465	8725	6046	5632	5793
"RVCYZ001471"	136666	177748	122059	212838	172891	182283	145841	156658	580000	267614	211370	234043
"RVCYZ001472"	6204	7670	5468	4788	4110	4376	7063	8469	75832	28222	24654	24963
"RVCYZ001473"	6072	7085	4988	4065	3357	3230	6046	6544	26434	9656	9363	9836
"RVCYZ001474"	7045	8546	6650	4856	4337	4202	7190	9760	42967	22632	21878	22932
"RVCYZ001475"	784	1016	738	697	543	605	872	1176	8106	3530	3258	3258
"RVCYZ001476"	3146	3449	2459	1990	1573	1428	2951	4021	34548	13972	12024	14210
"RVCYZ001477"	2833	2892	2200	1803	1456	1405	2627	3180	35846	9560	8527	10052
"RVCYZ001478"	2445	3102	1981	1428	1211	909	2808	4185	29386	13043	12890	13046
"RVCYZ001479"	468	425	289	326	251	155	572	923	3052	2782	2737	3085
"RVCYZ001480"	2658	2976	2027	1916	1596	1239	3018	4787	16631	15017	14508	15921
"RVCYZ001481"	1301	1495	998	1060	892	674	1559	2416	3373	5250	5647	5875
"RVCYZ001482"	1486	1683	1080	1743	1360	1157	1361	2374	1475	4369	4239	4593
"RVCYZ001483"	925	1047	734	1080	822	677	1044	1651	517	2996	3074	3056
"RVCYZ001484"	924	1171	755	1033	854	756	1219	1848	623	3162	3376	3598
"RVCYZ001485"	1620	2037	1135	1293	1077	795	1917	3645	1756	7394	7915	7332
"RVCYZ001486"	649	886	469	586	450	306	993	1771	240	3482	4008	3723
"RVCYZ001487"	2235	2855	1838	2296	1948	1820	2871	4198	4848	8469	8478	8727
"RVCYZ001488"	1963	2453	1650	1233	1088	944	2532	3453	3396	5693	6123	6255
"RVCYZ001489"	1118	1282	934	901	782	715	1349	1709	2889	3398	3383	3447
"RVCYZ001490"	999	1257	735	810	641	461	1197	1893	2456	4321	4559	4473
"RVCYZ001491"	1336	1718	1037	1128	935	564	1877	3320	2150	7375	7971	8080
"RVCYZ001492"	873	1138	656	682	604	468	1242	2020	2601	4902	4890	5245
"RVCYZ001493"	582	669	401	457	381	281	723	1365	100	3233	3238	3181
"RVCYZ001495"	245	320	168	249	159	131	332	609	100	1552	1631	1461
"RVCYZ001496"	221	295	149	227	145	141	282	411	939	842	1034	961
"RVCYZ001497"	249	385	191	234	161	130	427	690	330	1639	1780	1622
"RVCYZ001498"	1657	2156	1273	1462	1173	818	2411	3939	1934	9041	9393	9286
"RVCYZ001499"	444	563	378	366	351	267	645	995	951	2554	2578	2676
"RVCYZ001500"	54	55	44	54	35	24	93	136	59	380	359	357
"RVCYZ001501"	2058	2441	1737	1763	1650	1542	2406	3228	22226	14751	13027	15258
"RVCYZ001502"	295	292	226	176	142	118	266	369	1897	1677	1178	1289
"RVCYZ001503"	98	52	56	69	53	24	101	143	152	407	392	360
"RVCYZ001504"	26	50	26	21	19	5	47	66	34	196	194	161
"RVCYZ001505"	105	111	65	70	43	32	120	229	171	593	704	519
"RVCYZ001506"	174	305	145	132	133	94	266	495	393	1084	1284	1088
"RVCYZ001507"	562	868	499	403	268	250	618	980	1158	2164	2257	1716
"RVCYZ001508"	717	1107	669	454	323	275	862	1207	4280	3165	3085	2538
"RVCYZ001509"	221	256	215	110	87	91	276	363	1666	1069	1193	965
"RVCYZ001510"	998	1273	714	639	531	373	1220	1904	1488	3988	4244	3643
"RVCYZ001511"	702	910	668	370	266	297	716	819	2265	1357	1001	1061
"RVCYZ001512"	911	1107	844	671	469	359	1072	1407	7129	4047	4017	3861
"RVCYZ001513"	336	357	314	133	87	74	294	494	981	711	590	653
"RVCYZ001514"	120	124	134	65	36	32	108	142	506	215	165	174
"RVCYZ001515"	222	231	123	181	147	92	253	380	782	977	1115	1050
"RVCYZ001516"	55	55	22	28	21	16	63	55	333	265	339	202
"RVCYZ001517"	78	139	80	145	111	102	85	183	1023	952	733	749
"RVCYZ001518"	197	296	157	174	137	82	284	490	66	1100	1151	1054
"RVCYZ001519"	314	454	293	290	186	175	494	825	774	1806	1893	1562
"RVCYZ001520"	1844	2363	1585	1795	1396	1480	1996	2749	7125	3465	3733	3815
"RVCYZ001521"	804	1080	599	548	486	321	983	1614	2802	3582	3634	3704
"RVCYZ001522"	700	842	530	504	430	327	952	1414	1593	3003	3298	3274
"RVCYZ001523"	3129	3795	2468	2266	1894	1443	4114	6665	15077	13200	14589	14939
"RVCYZ001524"	241	334.514	215	184	146	99	351	635	379	1497	1643	1572
"RVCYZ001525"	514	601.486	361	396	359	199	724	1232	432	2852	2937	2756
"RVCYZ001526"	1030	1155	924	509	477	440	920	1136	3266	3154	2684	2846
"RVCYZ001527"	1194	1423	984	807	680	528	1350	1583	7596	5570	5291	5872
"RVCYZ001528"	387	501	256	201	176	113	433	549	10323	4733	3862	3460
"RVCYZ001529"	613	739	476	429	386	384	672	1040	3306	3081	2981	2684
"RVCYZ001530"	716	982	577	612	412	320	958	1693	4417	6491	5840	5381
"RVCYZ001531"	23	18	13	15	22	7	26	27	52	133	133	126
"RVCYZ001532"	2425	2986	2228	1375	1186	1158	2806	3321	18377	6477	6558	7115
"RVCYZ001533"	10275	13054	11408	6998	6125	6483	11157	12288	29265	15368	14709	17254
"RVCYZ001534"	1075	1444	952	639	534	490	1252	1784	5157	3923	3901	3854
"RVCYZ001535"	1344	1636	1118	893	776	547	1660	2431	9638	5092	4678	5061
"RVCYZ001536"	1004	1254	934	714	633	602	1041	1306	5111	2206	2241	2423
"RVCYZ001537"	11062	14231	10233	5606	4707	4485	10239	12308	27252	12488	13128	13577
"RVCYZ001538"	5746	7803	5760	3314	2742	2586	6312	7674	26972	8805	9287	9320
"RVCYZ001539"	435	482	320	271	197	154	447	816	3230	1779	1939	1986
"RVCYZ001540"	1555	1904	1374	1066	952	713	1779	2669	20406	6737	6616	7433
"RVCYZ001541"	6645	8318	5925	4972	4087	4234	6230	7340	85712	18406	15770	17170
"RVCYZ001542"	3262	4064	2807	2178	1943	1595	3572	5029	19271	9301	9335	9692
"RVCYZ001543"	1350	1227	1416	817	867	764	1090	1127	17416	1399	1704	2074
"RVCYZ001544"	1364	1573	1184	756	678	655	1450	1574	20877	4233	3834	4692
"RVCYZ001545"	232	269	277	146	118	112	202	287	2518	607	634	752
"RVCYZ001546"	4683	5903	4129	2409	1910	1944	4575	5154	64493	14329	11699	13622
"RVCYZ001547"	2851	3271	2619	1844	1668	1731	3001	3529	40600	10274	9039	12217
"RVCYZ001549"	2245	2700	1670	1922	1567	1416	2235	3186	9583	7922	7525	7461
"RVCYZ001550"	1502	1890	1178	1045	892	601	1975	3319	7726	8663	8681	8496
"RVCYZ001551"	944	1078	669	648	571	375	1202	1928	8070	5165	5008	4753
"RVCYZ001552"	1401	1781	1390	794	656	589	1433	1767	10462	3785	3349	3342
"RVCYZ001553"	17096	20782	17305	11450	9900	11267	18300	18924	33707	8064	8362	9627
"RVCYZ001554"	2191	2671	1910	1288	1092	1084	2528	3607	11306	6710	6829	6695
"RVCYZ001555"	2415	2947	2071	1890	1508	1576	2399	3018	11714	5086	5011	4967
"RVCYZ001556"	853	978	609	562	538	353	1211	1832	3473	5474	5724	5701
"RVCYZ001557"	119	110	82	95	103	57	120	279	130	754	825	863
"RVCYZ001558"	55	47	21	45	20	26	79	125	180	478	405	463
"RVCYZ001559"	399	525	294	319	276	205	576	1103	642	2603	2651	2625
"RVCYZ001560"	168	173	117	121	94	72	182	294	356	1025	1000	938
"RVCYZ001561"	966	1259	889	822	650	556	1235	1847	3163	4911	4363	4764
"RVCYZ001562"	3496	4568	3381	2876	2520	2325	3953	4964	5388	11451	9982	10302
"RVCYZ001563"	1260	1636	986	994	776	539	1541	2730	2054	6107	6641	6384
"RVCYZ001564"	650	728	462	430	359	306	765	1165	1376	2849	2927	2717
"RVCYZ001565"	1185	1398	900	990	862	689	1605	2617	1761	5668	6134	6099
"RVCYZ001566"	1230	1605	1038	879	610	467	1540	2116	3715	3670	3971	4091
"RVCYZ001567"	37329	46406	33038	26727	21786	23425	34922	36680	81373	35955	31950	39343
"RVCYZ001568"	4900	5768	4098	2726	2279	2140	5304	6687	19662	13572	14232	15493
"RVCYZ001571"	882	1159	706	256	182	171	855	938	6032	2555	2292	2398
"RVCYZ001572"	1640	1932	1246	707	676	469	1926	2464	11598	11176	9395	9430
"RVCYZ001573"	602	718	450	271	214	177	645	980	5149	4230	3780	3726
"RVCYZ001575"	753	911	555	619	464	350	1078	1689	1849	3558	3971	3985
"RVCYZ001577"	4015.32	5087.98	4190.02	3121.93	2795.04	3130.94	4417.48	4846.94	696.641	2165.73	1830.68	1835.77
"RVCYZ001579"	5463.26	4953	3370.65	2893.57	2456.16	1856.61	5507	8410.78	33913	23517.8	19952.7	25527.8
"RVCYZ001581"	8657.64	10601.5	8222.55	6156.34	5344.4	5603.21	9164.23	9900.47	1939.68	3037.92	2846.54	2486.15
