RVCYZ000002	iEK1008.Rv2136c	40.9	281	156	2	1	281	1	271	4.23e-62	197
RVCYZ000006	iCN718.ABAYE_RS09345	25.7	113	79	3	52	163	54	162	9.89e-04	37.7
RVCYZ000007	iJN1463.PP_2416	30.8	195	80	9	1	165	21	190	4.74e-13	64.7
RVCYZ000007	iSynCJ816.SGL_RS13290	28.4	162	94	5	5	147	2	160	3.58e-12	61.6
RVCYZ000007	iCN900.CD630_32150	28.6	168	93	5	9	151	9	174	7.88e-12	61.2
RVCYZ000007	iEK1008.Rv1349	29.1	182	102	6	1	155	328	509	1.56e-11	61.2
RVCYZ000007	iYO844.BSU02860	29.2	209	99	10	4	165	2	208	1.21e-11	60.5
RVCYZ000007	iSbBS512_1146.SbBS512_E1746	33.1	130	67	4	36	147	47	174	2.09e-11	60.5
RVCYZ000007	iNF517.LLMG_RS12030	29.0	155	85	5	19	148	16	170	1.92e-11	60.1
RVCYZ000007	iML1515.b1483	33.1	130	67	4	36	147	47	174	3.91e-11	59.7
RVCYZ000007	iAF987.Gmet_0492	29.6	179	97	3	2	153	3	179	2.90e-11	59.7
RVCYZ000007	iAF987.Gmet_2439	31.2	202	87	9	9	166	10	203	3.86e-11	59.3
RVCYZ000008	iAF987.Gmet_1411	46.6	633	303	9	31	661	44	643	4.95e-192	557
RVCYZ000008	iLJ478.TM0740	43.4	641	325	10	11	646	9	616	2.68e-179	525
RVCYZ000008	iSynCJ816.SGL_RS15335	46.0	598	293	6	69	660	25	598	1.31e-175	514
RVCYZ000008	iCN900.CD630_05740	42.9	637	329	9	31	665	33	636	1.22e-171	505
RVCYZ000009	iEK1008.Rv2612c	36.7	215	106	7	6	211	9	202	6.63e-27	102
RVCYZ000010	iEK1008.Rv2611c	34.2	313	167	12	8	315	31	309	1.55e-31	120
RVCYZ000011	iEK1008.Rv2610c	38.9	378	210	8	14	384	1	364	2.91e-72	230
RVCYZ000017	iSynCJ816.SGL_RS09235	48.5	169	87	0	22	190	3	171	6.47e-48	154
RVCYZ000017	iMM1415.11821	44.9	178	97	1	14	190	1	178	3.05e-45	147
RVCYZ000017	iCHOv1.100765665	43.3	178	100	1	14	190	1	178	4.93e-44	144
RVCYZ000018	iEK1008.Rv0951	47.1	393	197	5	1	390	1	385	3.59e-110	328
RVCYZ000019	iEK1008.Rv0952	57.8	303	120	2	1	301	4	300	1.10e-115	335
RVCYZ000021	iEK1008.Rv0957	57.0	546	204	8	5	549	8	523	1.73e-204	579
RVCYZ000023	iCHOv1.100770342	29.2	240	136	7	18	249	29	242	6.24e-14	71.2
RVCYZ000023	iSbBS512_1146.SbBS512_E2456	32.4	216	115	7	43	253	33	222	5.69e-14	70.1
RVCYZ000023	iML1515.b0875	32.4	216	115	7	43	253	33	222	1.44e-13	68.9
RVCYZ000023	iSF_1195.SF0832	32.4	216	115	7	43	253	33	222	1.44e-13	68.9
RVCYZ000023	iYL1228.KPN_00909	29.1	230	143	7	18	244	1	213	1.68e-12	65.9
RVCYZ000023	iJN1463.PP_4282	32.0	181	102	7	71	249	57	218	3.06e-12	65.1
RVCYZ000024	iCN900.CD630_20500	36.6	235	146	2	19	251	1	234	1.17e-53	173
RVCYZ000024	iYS854.USA300HOU_RS07985	38.0	234	140	4	20	251	7	237	1.62e-52	170
RVCYZ000025	iEK1008.Rv1712	37.3	233	118	7	4	227	9	222	4.45e-23	98.2
RVCYZ000025	iSynCJ816.SGL_RS10105	38.8	188	99	4	4	191	292	463	1.06e-20	95.9
RVCYZ000025	iYO844.BSU22890	33.6	235	129	7	2	228	5	220	1.53e-21	93.6
RVCYZ000025	iCN900.CD630_18160	33.0	197	104	4	4	194	6	180	5.90e-21	91.7
RVCYZ000026	iIS312.TCDM_02411	38.3	462	260	9	11	458	18	468	1.29e-91	286
RVCYZ000031	iCN718.ABAYE_RS14895	31.2	234	142	4	8	239	6	222	6.05e-27	103
RVCYZ000032	iML1515.b0624	44.3	88	47	2	3	88	5	92	2.32e-14	64.3
RVCYZ000033	iML1515.b0624	47.2	89	46	1	6	93	5	93	5.32e-19	76.3
RVCYZ000036	iSynCJ816.SGL_RS08610	35.1	74	46	2	69	140	30	103	7.48e-08	49.7
RVCYZ000036	iSynCJ816.SGL_RS05320	35.7	84	44	2	56	136	56	132	4.09e-07	47.8
RVCYZ000037	iHN637.CLJU_RS05215	22.4	237	167	4	70	292	3	236	3.55e-11	61.6
RVCYZ000039	iHN637.CLJU_RS05215	55.1	69	29	1	170	236	127	195	4.28e-11	61.2
RVCYZ000040	iEK1008.Rv1822	31.8	179	111	4	20	193	10	182	1.25e-23	93.2
RVCYZ000041	iEK1008.Rv2121c	51.1	284	136	2	1	282	1	283	3.82e-91	271
RVCYZ000042	iEK1008.Rv2122c	54.0	87	40	0	1	87	7	93	4.34e-29	99.4
RVCYZ000043	iEK1008.Rv1408	53.3	214	100	0	5	218	13	226	6.85e-76	228
RVCYZ000044	STM_v1_0.STM3002	26.0	250	170	8	3	242	2	246	4.12e-13	68.2
RVCYZ000045	iEK1008.Rv1613	51.2	260	117	1	25	284	15	264	3.90e-84	253
RVCYZ000046	iEK1008.Rv1612	59.7	417	153	5	266	679	6	410	8.32e-164	476
RVCYZ000046	iJN1463.PP_0083	56.3	403	163	7	266	668	4	393	5.83e-146	431
RVCYZ000050	iEK1008.Rv1609	48.3	503	250	5	18	516	10	506	3.89e-150	439
RVCYZ000051	iEK1008.Rv1606	61.0	105	41	0	14	118	2	106	4.04e-42	135
RVCYZ000051	iHN637.CLJU_RS05760	60.0	90	36	0	28	117	21	110	4.16e-37	122
RVCYZ000052	iEK1008.Rv1605	69.1	256	78	1	2	256	12	267	1.75e-117	336
RVCYZ000054	iEK1008.Rv2936	39.4	218	131	1	6	222	20	237	2.71e-46	156
RVCYZ000054	iCHOv1.100761226	39.0	213	129	1	6	217	911	1123	4.36e-42	152
RVCYZ000054	iMM1415.11303	39.0	213	129	1	6	217	911	1123	8.08e-42	151
RVCYZ000057	iEK1008.Rv2881c	36.5	167	96	3	153	317	144	302	1.43e-25	103
RVCYZ000057	STM_v1_0.STM0222	38.2	144	75	5	181	317	143	279	1.85e-24	100
RVCYZ000057	iML1515.b0175	37.5	144	76	5	181	317	143	279	2.55e-24	99.8
RVCYZ000057	iSbBS512_1146.SbBS512_E0168	37.5	144	76	5	181	317	143	279	2.55e-24	99.8
RVCYZ000057	iSDY_1059.SDY_0191	37.5	144	76	5	181	317	107	243	1.28e-24	99.8
RVCYZ000057	iSF_1195.SF0165	37.5	144	76	5	181	317	107	243	1.28e-24	99.8
RVCYZ000057	iSSON_1240.SSON_0187	37.5	144	76	5	181	317	107	243	1.28e-24	99.8
RVCYZ000057	iCN900.CD630_21350	32.3	161	103	1	153	313	96	250	2.14e-23	96.7
RVCYZ000057	iYL1228.KPN_00188	36.8	144	77	5	181	317	118	254	2.18e-23	96.7
RVCYZ000057	iPC815.YPO1050	40.0	125	60	3	199	317	164	279	1.18e-22	95.1
RVCYZ000057	iPC815.YPO2816	39.1	128	70	2	187	311	176	298	4.75e-22	94.0
RVCYZ000057	iLB1027_lipid.PHATRDRAFT_47250	41.3	126	56	5	197	312	441	558	3.77e-21	93.6
RVCYZ000059	iEK1008.Rv2883c	60.7	229	89	1	12	240	32	259	4.30e-93	274
RVCYZ000062	iYO844.BSU15720	37.2	148	91	1	1	146	1	148	8.56e-29	103
RVCYZ000063	iEK1008.Rv2187	39.9	601	352	6	2	599	1	595	3.09e-143	431
RVCYZ000065	iEK1008.Rv3410c	50.7	373	172	5	6	368	3	373	1.91e-116	342
RVCYZ000065	iSynCJ816.SGL_RS08785	47.4	363	189	2	7	368	5	366	2.02e-108	322
RVCYZ000066	iEK1008.Rv3339c	75.2	403	99	1	3	404	6	408	3.35e-221	611
RVCYZ000078	iNF517.LLMG_RS08750	42.3	963	410	17	28	985	6	827	4.05e-246	713
RVCYZ000078	iYS854.USA300HOU_RS09335	40.7	964	397	20	29	985	7	802	7.44e-237	689
RVCYZ000079	iYO844.BSU27440	24.5	274	178	8	6	266	3	260	4.24e-16	76.3
RVCYZ000080	iCN900.CD630_21220	45.9	314	166	1	1	314	1	310	4.92e-94	281
RVCYZ000081	STM_v1_0.STM4585	27.2	228	120	6	4	230	3	185	7.13e-13	65.9
RVCYZ000081	iSF_1195.SF4427	27.8	234	111	8	4	230	3	185	3.44e-12	63.9
RVCYZ000081	iSSON_1240.SSON_4545	27.8	234	111	8	4	230	3	185	3.44e-12	63.9
RVCYZ000081	iSbBS512_1146.SbBS512_E4944	28.2	234	110	8	4	230	3	185	4.71e-12	63.5
RVCYZ000081	iSDY_1059.SDY_4656	27.4	234	112	8	4	230	3	185	1.21e-11	62.4
RVCYZ000084	iHN637.CLJU_RS17500	29.0	93	59	1	3	95	21	106	1.60e-06	46.6
RVCYZ000084	iCN900.CD630_18140	40.4	57	34	0	39	95	52	108	3.82e-05	42.7
RVCYZ000086	iEK1008.Rv1018c	47.8	456	231	3	4	454	7	460	2.59e-132	390
RVCYZ000087	iEK1008.Rv1017c	64.4	317	109	2	11	326	10	323	6.65e-141	401
RVCYZ000088	iEK1008.Rv2421c	59.9	192	68	2	36	219	1	191	4.46e-75	225
RVCYZ000090	STM_v1_0.STM0322	49.8	414	202	3	25	437	8	416	1.23e-128	377
RVCYZ000090	iEK1008.Rv2427c	50.1	427	194	1	10	436	6	413	3.84e-127	374
RVCYZ000090	iSF_1195.SF0293	48.4	413	210	1	25	437	8	417	3.77e-125	369
RVCYZ000090	iSDY_1059.SDY_0473	48.4	413	210	1	25	437	8	417	5.34e-125	368
RVCYZ000090	iML1515.b0243	48.2	413	211	1	25	437	8	417	1.51e-124	367
RVCYZ000090	iSSON_1240.SSON_0285	48.2	413	211	1	25	437	8	417	1.51e-124	367
RVCYZ000090	iSbBS512_1146.SbBS512_E0240	48.2	413	211	1	25	437	8	417	6.08e-124	365
RVCYZ000090	iHN637.CLJU_RS02950	49.2	396	194	1	41	436	29	417	1.43e-122	362
RVCYZ000090	iAF987.Gmet_3199	47.5	406	202	2	33	436	21	417	2.87e-122	361
RVCYZ000090	iPC815.YPO3221	46.5	413	218	1	25	437	10	419	2.39e-121	359
RVCYZ000090	iYL1228.KPN_00280	47.5	413	214	2	25	437	8	417	4.10e-119	353
RVCYZ000090	iNF517.LLMG_RS04530	46.7	409	210	2	29	436	12	413	1.16e-117	349
RVCYZ000090	iLJ478.TM0293	46.0	404	211	1	33	436	18	414	1.99e-116	346
RVCYZ000091	iNF517.LLMG_RS11965	46.2	498	253	7	1	490	1	491	6.78e-145	424
RVCYZ000091	iCN900.CD630_21180	43.6	484	267	5	4	484	3	483	3.13e-134	397
RVCYZ000091	iHN637.CLJU_RS16355	43.7	485	266	6	4	484	6	487	2.01e-130	387
RVCYZ000092	iYO844.BSU09240	32.2	183	113	5	14	191	3	179	7.88e-15	70.5
RVCYZ000092	iSF_1195.SF2717	31.8	176	115	3	17	191	9	180	8.82e-15	69.7
RVCYZ000092	iSDY_1059.SDY_2887	31.3	176	116	3	17	191	9	180	3.27e-14	68.2
RVCYZ000092	STM_v1_0.STM2820	33.0	176	113	3	17	191	9	180	4.53e-14	67.8
RVCYZ000092	iSbBS512_1146.SbBS512_E3186	31.8	176	114	4	17	191	9	179	1.64e-13	66.2
RVCYZ000094	iEK1008.Rv1695	44.4	257	132	3	33	289	60	305	4.91e-73	227
RVCYZ000095	iCN900.CD630_06970	37.0	208	129	2	5	210	2	209	3.65e-40	136
RVCYZ000095	iYS854.USA300HOU_RS05420	34.9	212	134	4	5	213	3	213	3.37e-40	136
RVCYZ000095	iYO844.BSU14510	33.8	207	135	2	9	213	7	213	5.32e-36	125
RVCYZ000096	iYO844.BSU31100	32.1	439	286	6	51	487	17	445	4.95e-61	206
RVCYZ000096	iCN900.CD630_06960	28.8	458	309	5	41	487	7	458	2.79e-58	199
RVCYZ000098	iEK1008.Rv1692	40.7	268	147	4	11	278	4	259	7.17e-52	175
RVCYZ000100	iEK1008.Rv1689	47.3	429	211	6	15	439	5	422	6.53e-126	371
RVCYZ000100	iYL1228.KPN_01975	46.9	424	208	7	14	432	9	420	1.61e-119	355
RVCYZ000100	iNF517.LLMG_RS02055	45.6	423	214	7	14	432	2	412	3.89e-118	351
RVCYZ000100	iSbBS512_1146.SbBS512_E1829	46.9	424	208	7	14	432	5	416	1.29e-117	350
RVCYZ000100	iSSON_1240.SSON_1519	46.9	424	208	7	14	432	5	416	1.29e-117	350
RVCYZ000100	iSDY_1059.SDY_1860	46.7	424	209	7	14	432	5	416	1.04e-116	347
RVCYZ000100	STM_v1_0.STM1449	46.9	424	208	7	14	432	5	416	1.47e-116	347
RVCYZ000100	iPC815.YPO2369	45.6	423	215	6	14	432	5	416	2.68e-114	341
RVCYZ000102	iCN718.ABAYE_RS09965	47.1	257	133	2	5	261	8	261	3.67e-75	229
RVCYZ000102	iYL1228.KPN_02061	47.3	256	132	2	5	260	3	255	9.40e-72	220
RVCYZ000103	iEK1008.Rv1659	57.4	469	195	1	9	477	2	465	2.02e-184	524
RVCYZ000104	iEK1008.Rv1658	62.5	395	147	1	6	399	4	398	8.17e-183	513
RVCYZ000106	iEK1008.Rv1656	55.9	306	132	1	4	309	2	304	6.16e-120	347
RVCYZ000107	iEK1008.Rv1655	47.1	393	193	4	18	410	15	392	1.26e-105	317
RVCYZ000107	iAF692.Mbar_A0871	42.7	412	208	9	4	407	9	400	3.69e-94	288
RVCYZ000108	iEK1008.Rv1654	63.5	285	102	1	23	307	12	294	4.14e-124	357
RVCYZ000109	iEK1008.Rv1653	47.1	393	199	3	3	390	16	404	6.03e-111	330
RVCYZ000110	iEK1008.Rv1652	45.1	364	172	7	6	364	12	352	4.33e-91	276
RVCYZ000112	iYS854.USA300HOU_RS05695	30.8	882	510	21	3	867	2	800	9.69e-121	384
RVCYZ000112	iAF987.Gmet_1416	32.2	861	506	20	3	857	2	790	5.33e-120	382
RVCYZ000112	STM_v1_0.STM1338	33.4	853	469	25	8	847	7	773	2.59e-118	377
RVCYZ000112	iPC815.YPO2428	32.2	849	485	21	8	847	7	773	3.62e-118	377
RVCYZ000112	iYL1228.KPN_02175	33.1	859	484	22	8	857	7	783	7.78e-116	371
RVCYZ000112	iSF_1195.SF1518	32.9	853	473	25	8	847	7	773	2.97e-115	369
RVCYZ000112	iSDY_1059.SDY_1808	33.0	852	474	25	8	847	7	773	5.81e-115	369
RVCYZ000112	iSSON_1240.SSON_1445	33.0	852	474	25	8	847	7	773	5.81e-115	369
RVCYZ000112	iJN1463.PP_2470	31.2	857	497	20	7	856	10	780	4.13e-114	366
RVCYZ000112	iSbBS512_1146.SbBS512_E1955	32.9	852	475	25	8	847	7	773	8.47e-114	365
RVCYZ000112	iCN718.ABAYE_RS15755	31.3	854	493	23	4	849	3	770	3.20e-112	361
RVCYZ000112	iSynCJ816.SGL_RS11275	31.8	884	485	26	4	857	3	798	5.48e-108	350
RVCYZ000113	iCN900.CD630_06990	41.9	339	178	3	20	351	13	339	1.10e-88	270
RVCYZ000113	iHN637.CLJU_RS16970	40.9	328	175	3	31	351	22	337	3.31e-87	266
RVCYZ000113	iCN718.ABAYE_RS15760	42.2	334	176	4	18	351	9	325	7.71e-83	254
RVCYZ000113	iNF517.LLMG_RS11030	43.5	322	158	4	41	351	36	344	1.10e-81	252
RVCYZ000113	iAF987.Gmet_1415	40.5	336	180	3	23	351	16	338	2.52e-81	251
RVCYZ000113	iSynCJ816.SGL_RS14135	39.9	331	182	2	21	351	18	331	2.87e-81	250
RVCYZ000113	iJN1463.PP_2469	38.8	343	190	3	16	351	8	337	5.03e-81	250
RVCYZ000117	iYO844.BSU30420	39.0	213	121	4	30	235	8	218	1.35e-42	144
RVCYZ000117	iEK1008.Rv0073	36.6	216	129	5	26	236	4	216	1.23e-40	141
RVCYZ000117	iEK1008.Rv2564	37.5	216	125	6	26	235	4	215	1.87e-39	138
RVCYZ000117	iCN900.CD630_19470	37.0	230	130	5	12	236	4	223	4.32e-40	137
RVCYZ000117	iYS854.USA300HOU_RS09925	38.9	216	120	6	23	233	1	209	8.84e-40	137
RVCYZ000117	iNF517.LLMG_RS09915	39.3	211	122	5	25	233	5	211	1.85e-39	136
RVCYZ000117	iYS854.USA300HOU_RS04405	36.5	211	122	5	25	228	1	206	6.95e-38	134
RVCYZ000117	iAF987.Gmet_1903	38.0	216	126	5	26	237	1	212	2.79e-37	133
RVCYZ000118	iYS854.USA300HOU_RS14570	26.8	545	348	11	17	550	6	510	1.33e-43	166
RVCYZ000118	iYS854.USA300HOU_RS05360	28.0	515	278	13	37	546	22	448	4.72e-41	157
RVCYZ000119	iYS854.USA300HOU_RS05365	28.7	181	117	4	18	195	9	180	1.60e-16	73.9
RVCYZ000122	iYL1228.KPN_00838	38.9	90	55	0	39	128	106	195	1.65e-13	69.7
RVCYZ000122	iEK1008.Rv1859	41.1	90	52	1	40	128	109	198	1.37e-12	68.6
RVCYZ000122	STM_v1_0.STM0828	37.8	90	56	0	39	128	106	195	4.07e-13	68.6
RVCYZ000122	iPC815.YPO2514	36.7	90	57	0	39	128	106	195	4.07e-13	68.6
RVCYZ000122	iML1515.b0809	37.8	90	56	0	39	128	106	195	5.49e-13	68.2
RVCYZ000122	iSbBS512_1146.SbBS512_E2539	37.8	90	56	0	39	128	106	195	5.49e-13	68.2
RVCYZ000122	iSDY_1059.SDY_0787	37.8	90	56	0	39	128	106	195	5.49e-13	68.2
RVCYZ000122	iSF_1195.SF0760	37.8	90	56	0	39	128	106	195	5.49e-13	68.2
RVCYZ000122	iSSON_1240.SSON_0789	37.8	90	56	0	39	128	106	195	5.49e-13	68.2
RVCYZ000122	iYS854.USA300HOU_RS13040	35.6	90	58	0	39	128	107	196	7.74e-13	67.8
RVCYZ000122	iCN900.CD630_17760	38.4	86	53	0	43	128	109	194	1.05e-12	67.0
RVCYZ000122	iAF987.Gmet_1039	38.9	95	58	0	52	146	120	214	2.71e-12	66.2
RVCYZ000122	iJN1463.PP_3597	37.0	92	58	0	37	128	123	214	3.20e-12	66.2
RVCYZ000122	iSF_1195.SF0629	37.9	87	54	0	42	128	109	195	2.50e-12	66.2
RVCYZ000122	iML1515.b0652	37.9	87	54	0	42	128	109	195	3.38e-12	65.9
RVCYZ000122	iSSON_1240.SSON_0606	37.9	87	54	0	42	128	109	195	3.38e-12	65.9
RVCYZ000122	iEK1008.Rv0073	39.3	89	54	0	40	128	114	202	1.47e-11	65.1
RVCYZ000122	iSynCJ816.SGL_RS04625	42.5	80	42	2	49	128	138	213	1.06e-11	65.1
RVCYZ000122	iYL1228.KPN_00678	36.8	87	55	0	42	128	109	195	8.31e-12	64.7
RVCYZ000122	iSynCJ816.SGL_RS08035	38.1	84	52	0	45	128	122	205	9.56e-12	64.7
RVCYZ000122	iYS854.USA300HOU_RS09925	37.9	95	56	1	37	128	103	197	1.53e-11	63.9
RVCYZ000122	iAF692.Mbar_A1172	32.9	79	53	0	52	130	120	198	2.54e-11	63.5
RVCYZ000122	iYO844.BSU30760	31.9	116	76	1	21	133	85	200	4.15e-11	62.8
RVCYZ000122	iCN900.CD630_07520	45.9	61	33	0	68	128	135	195	3.66e-11	62.8
RVCYZ000122	STM_v1_0.STM0662	38.8	80	49	0	49	128	116	195	3.71e-11	62.8
RVCYZ000122	iPC815.YPO2612	36.8	87	55	0	42	128	110	196	3.76e-11	62.8
RVCYZ000123	iJN1463.PP_0209	55.3	38	16	1	8	45	20	56	4.99e-07	43.1
RVCYZ000123	iEK1008.Rv1349	53.1	32	15	0	14	45	344	375	6.93e-07	42.7
RVCYZ000123	iSynCJ816.SGL_RS10355	43.2	44	24	1	3	45	19	62	1.78e-06	41.6
RVCYZ000123	iYS854.USA300HOU_RS05360	43.2	44	24	1	3	45	2	45	4.57e-06	40.4
RVCYZ000123	iEK1008.Rv2397c	46.5	43	22	1	3	45	5	46	1.17e-05	39.3
RVCYZ000127	iCHOv1.100760626	28.9	447	289	12	12	434	11	452	1.81e-38	145
RVCYZ000127	iMM1415.338403	28.6	409	263	10	50	434	57	460	4.27e-34	133
RVCYZ000129	iYO844.BSU14610	35.5	487	282	9	7	491	11	467	5.51e-85	269
RVCYZ000129	iYS854.USA300HOU_RS05470	33.9	487	291	9	7	492	11	467	1.13e-79	255
RVCYZ000129	iYO844.BSU24060	33.1	496	304	12	1	491	1	473	2.02e-78	252
RVCYZ000131	iEK1008.Rv2220	62.7	475	176	1	5	478	4	478	5.61e-215	601
RVCYZ000133	iYS854.USA300HOU_RS05365	26.9	186	124	5	9	189	2	180	5.63e-13	64.3
RVCYZ000134	iYS854.USA300HOU_RS04825	30.8	78	50	1	6	83	3	76	6.20e-06	44.3
RVCYZ000135	iYL1228.KPN_02758	36.3	794	358	10	66	857	22	669	2.26e-142	436
RVCYZ000135	iML1515.b2411	35.5	798	363	10	66	859	22	671	1.36e-140	432
RVCYZ000135	iSF_1195.SF2466	35.7	798	361	10	66	859	22	671	1.91e-140	431
RVCYZ000135	iSDY_1059.SDY_2608	35.7	798	361	11	66	859	22	671	1.48e-139	429
RVCYZ000135	iSSON_1240.SSON_2500	35.2	798	365	10	66	859	22	671	2.93e-139	428
RVCYZ000135	STM_v1_0.STM2427	35.6	795	362	12	66	857	22	669	8.09e-135	417
RVCYZ000138	STM_v1_0.STM0891	33.8	213	126	9	40	245	20	224	6.49e-16	74.7
RVCYZ000138	iAF987.Gmet_2439	28.0	218	147	4	29	246	13	220	1.31e-14	71.2
RVCYZ000138	iYL1228.KPN_00897	32.7	214	127	10	40	245	20	224	2.16e-14	70.5
RVCYZ000138	iML1515.b3201	27.6	221	144	6	33	246	10	221	7.55e-14	68.9
RVCYZ000138	iAF692.Mbar_A2149	26.5	223	151	6	29	247	11	224	2.57e-13	68.9
RVCYZ000138	iSbBS512_1146.SbBS512_E3569	27.6	221	144	6	33	246	10	221	7.55e-14	68.9
RVCYZ000138	iSDY_1059.SDY_3382	27.6	221	144	6	33	246	10	221	7.55e-14	68.9
RVCYZ000138	iSF_1195.SF3241	27.6	221	144	6	33	246	10	221	7.55e-14	68.9
RVCYZ000138	iSSON_1240.SSON_3349	27.6	221	144	6	33	246	10	221	7.55e-14	68.9
RVCYZ000138	iML1515.b0864	32.7	214	127	10	40	245	20	224	1.44e-13	68.2
RVCYZ000138	iSbBS512_1146.SbBS512_E2467	32.7	214	127	10	40	245	20	224	1.44e-13	68.2
RVCYZ000138	iSF_1195.SF0818	32.7	214	127	10	40	245	20	224	1.44e-13	68.2
RVCYZ000138	iSSON_1240.SSON_0849	32.7	214	127	10	40	245	20	224	1.44e-13	68.2
RVCYZ000138	iPC815.YPO1352	31.9	229	137	11	26	245	6	224	2.70e-13	67.4
RVCYZ000139	iEK1008.Rv0337c	28.0	261	164	7	14	257	44	297	3.85e-19	88.2
RVCYZ000139	iSDY_1059.SDY_2486	25.6	242	159	5	31	257	37	272	6.61e-18	84.3
RVCYZ000139	iML1515.b2290	25.6	242	159	5	31	257	37	272	8.90e-18	84.0
RVCYZ000139	iJN1463.PP_1872	26.6	263	164	8	14	257	19	271	8.79e-18	84.0
RVCYZ000139	iSbBS512_1146.SbBS512_E2666	25.6	242	159	5	31	257	37	272	8.90e-18	84.0
RVCYZ000139	iSF_1195.SF2366	25.6	242	159	5	31	257	37	272	8.90e-18	84.0
RVCYZ000139	iSSON_1240.SSON_2347	25.6	242	159	5	31	257	37	272	8.90e-18	84.0
RVCYZ000139	iMM1415.234724	23.4	205	143	3	57	253	114	312	1.59e-16	80.5
RVCYZ000140	iEK1008.Rv2702	45.2	241	126	4	8	247	21	256	4.16e-63	198
RVCYZ000143	iCN900.CD630_04310	26.6	482	325	9	7	481	4	463	2.57e-45	169
RVCYZ000143	iYS854.USA300HOU_RS14570	27.4	519	328	14	8	487	6	514	1.29e-44	169
RVCYZ000144	iYO844.BSU33400	48.7	271	136	2	9	278	8	276	6.08e-92	273
RVCYZ000144	iYO844.BSU29050	49.3	272	131	3	12	278	11	280	1.39e-91	272
RVCYZ000144	iHN637.CLJU_RS08755	47.1	274	142	3	3	276	1	271	2.24e-85	256
RVCYZ000146	iHN637.CLJU_RS12520	30.2	215	149	1	20	234	6	219	2.97e-40	137
RVCYZ000154	iEK1008.Rv2187	38.9	599	360	4	25	620	1	596	3.13e-150	446
RVCYZ000155	iYO844.BSU03070	22.4	379	278	6	68	443	51	416	5.38e-15	77.0
RVCYZ000158	iAF987.Gmet_1092	34.7	294	174	3	38	317	2	291	7.54e-58	188
RVCYZ000159	iNF517.LLMG_RS09715	30.7	205	135	1	75	272	510	714	1.09e-21	96.3
RVCYZ000159	iJN1463.PP_1069	29.1	213	136	3	73	274	12	220	1.35e-22	94.4
RVCYZ000159	iYO844.BSU27460	31.8	214	133	3	67	270	6	216	8.43e-22	92.0
RVCYZ000159	iYL1228.KPN_00839	30.2	222	147	2	53	272	2	217	2.95e-20	87.8
RVCYZ000159	iCN900.CD630_07510	26.6	207	145	1	72	271	15	221	4.57e-20	87.4
RVCYZ000160	iYO844.BSU27450	34.4	192	115	4	31	221	31	212	1.53e-24	96.3
RVCYZ000161	iYO844.BSU27440	40.6	251	127	6	26	257	18	265	5.12e-52	171
RVCYZ000162	iJN1463.PP_1300	60.0	240	96	0	20	259	14	253	2.53e-96	282
RVCYZ000162	iYO844.BSU27430	57.0	242	104	0	20	261	1	242	3.41e-96	281
RVCYZ000162	iJN1463.PP_3597	57.2	250	107	0	10	259	10	259	2.52e-95	280
RVCYZ000162	iML1515.b0652	57.5	240	102	0	20	259	1	240	3.10e-94	276
RVCYZ000162	iYL1228.KPN_00678	57.5	240	102	0	20	259	1	240	3.10e-94	276
RVCYZ000162	iSSON_1240.SSON_0606	57.5	240	102	0	20	259	1	240	3.10e-94	276
RVCYZ000162	iSF_1195.SF0629	57.5	240	102	0	20	259	1	240	4.40e-94	276
RVCYZ000162	iPC815.YPO2612	57.9	240	101	0	20	259	2	241	6.45e-94	276
RVCYZ000162	iNF517.LLMG_RS09915	55.6	241	107	0	19	259	4	244	7.47e-91	268
RVCYZ000162	iCN900.CD630_07520	55.4	240	107	0	20	259	1	240	1.31e-90	267
RVCYZ000162	iNF517.LLMG_RS09720	56.9	239	103	0	21	259	7	245	7.74e-89	263
RVCYZ000162	iJN1463.PP_1068	56.6	244	104	1	20	261	13	256	1.04e-88	263
RVCYZ000162	iYS854.USA300HOU_RS09925	52.9	240	113	0	20	259	3	242	1.87e-88	262
RVCYZ000163	iAT_PLT_636.11343	27.1	210	136	7	12	218	33	228	2.59e-05	44.3
RVCYZ000165	iMM904.YPR033C	28.4	476	260	18	9	435	60	503	1.06e-32	130
RVCYZ000165	iLB1027_lipid.PHATRDRAFT_16944	27.6	446	274	17	9	435	5	420	5.31e-32	126
RVCYZ000166	iAF987.Gmet_1357	45.1	596	298	6	8	591	10	588	1.29e-173	505
RVCYZ000166	iYS854.USA300HOU_RS08675	46.2	597	292	8	8	591	4	584	4.43e-170	496
RVCYZ000166	iSynCJ816.SGL_RS08775	45.8	605	288	12	8	591	2	587	4.08e-168	491
RVCYZ000166	iCN718.ABAYE_RS03490	45.5	600	291	10	8	591	3	582	7.39e-167	488
RVCYZ000166	iCN900.CD630_27390	45.7	602	292	11	8	594	9	590	1.15e-166	487
RVCYZ000166	iJN1463.PP_1213	44.9	590	289	9	8	581	3	572	1.01e-166	487
RVCYZ000166	iNF517.LLMG_RS11115	44.9	601	294	10	8	591	3	583	8.91e-165	482
RVCYZ000166	iYL1228.KPN_02380	44.4	601	296	9	8	591	2	581	3.81e-162	476
RVCYZ000166	iLJ478.TM1441	45.1	596	291	11	8	591	3	574	2.06e-160	471
RVCYZ000166	iSbBS512_1146.SbBS512_E1106	44.1	589	291	9	8	579	2	569	2.35e-159	468
RVCYZ000166	iSDY_1059.SDY_1153	44.1	589	291	9	8	579	2	569	2.35e-159	468
RVCYZ000166	iSSON_1240.SSON_1275	44.1	589	291	9	8	579	2	569	2.35e-159	468
RVCYZ000166	STM_v1_0.STM1901	44.1	589	291	9	8	579	2	569	1.88e-158	466
RVCYZ000166	iSF_1195.SF1876	44.0	589	292	9	8	579	2	569	7.53e-158	464
RVCYZ000167	iCN900.CD630_20200	43.8	881	400	12	3	813	4	859	4.77e-231	671
RVCYZ000172	iAF987.Gmet_0043	41.8	67	38	1	509	575	201	266	3.90e-08	55.8
RVCYZ000173	iAF987.Gmet_2999	35.5	124	78	1	9	130	10	133	4.08e-19	84.7
RVCYZ000173	iAF987.Gmet_1919	35.3	119	77	0	8	126	4	122	3.07e-17	79.3
RVCYZ000173	iAF987.Gmet_0069	36.1	122	70	3	8	123	4	123	4.26e-17	78.6
RVCYZ000173	iAF987.Gmet_1706	37.6	117	69	2	9	123	3	117	1.65e-16	77.0
RVCYZ000188	iPC815.YPO1636	45.8	472	235	5	5	476	2	452	1.22e-131	388
RVCYZ000188	STM_v1_0.STM1232	46.0	472	234	5	5	476	2	452	9.83e-131	386
RVCYZ000188	iYL1228.KPN_01139	44.9	472	239	4	5	476	2	452	2.79e-130	385
RVCYZ000188	iSDY_1059.SDY_2021	45.8	472	235	5	5	476	2	452	2.79e-130	385
RVCYZ000188	iML1515.b1131	45.8	472	235	5	5	476	2	452	3.94e-130	384
RVCYZ000188	iSbBS512_1146.SbBS512_E1309	45.8	472	235	5	5	476	2	452	3.94e-130	384
RVCYZ000188	iSSON_1240.SSON_1149	45.8	472	235	5	5	476	2	452	3.94e-130	384
RVCYZ000188	iSF_1195.SF1150	45.8	472	235	5	5	476	2	452	5.58e-130	384
RVCYZ000188	iJN1463.PP_4016	45.8	469	234	4	5	473	2	450	9.52e-123	365
RVCYZ000188	iCN718.ABAYE_RS05650	45.1	466	231	7	11	473	6	449	1.50e-117	352
RVCYZ000193	iSDY_1059.SDY_2729	27.2	217	135	7	58	273	59	253	1.10e-13	69.3
RVCYZ000193	iSSON_1240.SSON_2615	27.2	217	135	7	58	273	59	253	1.10e-13	69.3
RVCYZ000193	iML1515.b2533	27.2	217	135	7	58	273	59	253	2.77e-13	68.2
RVCYZ000193	iSbBS512_1146.SbBS512_E2908	27.2	217	135	7	58	273	59	253	2.77e-13	68.2
RVCYZ000193	iSF_1195.SF2580	27.2	217	135	7	58	273	59	253	2.77e-13	68.2
RVCYZ000193	iPC815.YPO2899	27.1	203	122	6	82	279	78	259	3.78e-13	67.8
RVCYZ000193	STM_v1_0.STM2546	26.4	193	124	5	82	273	78	253	6.99e-13	67.0
RVCYZ000193	iYL1228.KPN_02865	25.4	193	126	5	82	273	78	253	1.49e-11	63.2
RVCYZ000193	iJN1463.PP_0838	26.9	208	124	8	82	280	81	269	2.11e-11	62.8
RVCYZ000195	iAT_PLT_636.4905	42.6	202	101	6	199	391	211	406	3.95e-34	136
RVCYZ000195	iMM1415.18195	42.6	202	101	6	199	391	211	406	3.95e-34	136
RVCYZ000196	iNF517.LLMG_RS09290	41.1	192	105	3	29	212	5	196	5.80e-41	139
RVCYZ000197	iNF517.LLMG_RS02950	62.5	208	76	1	26	233	5	210	1.05e-87	258
RVCYZ000198	iSbBS512_1146.SbBS512_E3672	37.2	309	177	5	2	307	5	299	2.03e-51	172
RVCYZ000198	iSDY_1059.SDY_3464	37.2	309	177	5	2	307	5	299	2.03e-51	172
RVCYZ000198	iSSON_1240.SSON_3428	37.2	309	177	5	2	307	5	299	2.03e-51	172
RVCYZ000198	iSF_1195.SF3319	36.9	309	178	5	2	307	5	299	2.85e-51	171
RVCYZ000198	STM_v1_0.STM3407	36.6	309	179	5	2	307	5	299	1.22e-49	167
RVCYZ000198	iYL1228.KPN_03688	37.5	309	176	6	2	307	5	299	3.39e-49	166
RVCYZ000198	iPC815.YPO0241	35.2	310	182	6	2	307	5	299	1.20e-45	157
RVCYZ000200	iJN1463.PP_5365	43.3	289	159	3	136	419	132	420	4.72e-79	250
RVCYZ000200	iAF987.Gmet_2187	37.2	403	236	10	22	420	39	428	7.05e-73	234
RVCYZ000200	iNF517.LLMG_RS10800	44.0	275	151	2	136	409	107	379	2.75e-72	232
RVCYZ000201	iYO844.BSU30550	57.7	397	161	3	5	401	6	395	2.00e-151	434
RVCYZ000201	iLJ478.TM1658	57.1	399	163	4	5	403	3	393	1.28e-148	426
RVCYZ000201	iHN637.CLJU_RS01260	56.7	397	162	4	5	401	3	389	1.58e-148	426
RVCYZ000201	iEK1008.Rv1392	58.1	403	160	5	5	403	6	403	6.81e-148	425
RVCYZ000201	iCN900.CD630_01300	56.0	398	163	5	6	401	5	392	4.84e-144	415
RVCYZ000201	iYS854.USA300HOU_RS09495	54.4	399	174	3	5	403	6	396	3.93e-143	412
RVCYZ000201	iAF987.Gmet_1290	56.0	391	155	4	6	396	7	380	4.87e-142	409
RVCYZ000201	iIT341.HP0197	54.2	395	161	4	6	400	6	380	5.62e-140	404
RVCYZ000201	iNF517.LLMG_RS10795	53.3	403	182	2	1	403	1	397	5.17e-139	402
RVCYZ000201	iSynCJ816.SGL_RS03470	53.6	418	176	8	1	405	1	413	3.92e-136	395
RVCYZ000203	iSbBS512_1146.SbBS512_E4149	60.3	609	235	5	4	608	5	610	1.86e-257	720
RVCYZ000203	iSSON_1240.SSON_3942	60.3	609	235	5	4	608	5	610	2.64e-257	719
RVCYZ000203	iSF_1195.SF3846	60.4	609	234	5	4	608	5	610	3.75e-257	719
RVCYZ000203	iML1515.b3771	60.1	609	236	5	4	608	5	610	5.31e-257	719
RVCYZ000203	iYL1228.KPN_04270	60.1	609	236	5	4	608	5	610	7.53e-257	718
RVCYZ000203	iSDY_1059.SDY_3977	60.1	609	236	5	4	608	5	610	3.05e-256	717
RVCYZ000203	STM_v1_0.STM3904	60.1	609	236	5	4	608	5	610	1.00e-254	713
RVCYZ000203	iPC815.YPO3897	59.3	609	241	5	4	608	5	610	2.90e-249	699
RVCYZ000203	iCN718.ABAYE_RS00680	58.7	608	246	4	2	607	3	607	3.21e-249	699
RVCYZ000203	iJN1463.PP_5128	58.4	616	249	4	2	615	3	613	3.01e-248	696
RVCYZ000204	iEK1008.Rv1389	48.4	184	90	2	16	198	21	200	1.97e-51	164
RVCYZ000205	iEK1008.Rv1385	36.5	266	156	5	17	281	4	257	1.33e-44	153
RVCYZ000206	iEK1008.Rv1384	61.2	1141	400	15	1	1124	1	1115	0.0	1269
RVCYZ000207	iEK1008.Rv1383	59.9	382	137	4	16	395	4	371	3.21e-150	430
RVCYZ000212	iSynCJ816.SGL_RS10925	64.4	404	132	5	1	398	1	398	1.24e-176	497
RVCYZ000213	iEK1008.Rv0684	68.8	706	211	2	4	709	5	701	0.0	971
RVCYZ000216	iYS854.USA300HOU_RS06690	44.6	341	189	0	1	341	1	341	1.46e-109	322
RVCYZ000218	iYL1228.KPN_02364	49.6	403	181	7	7	407	3	385	6.36e-123	361
RVCYZ000218	iAF987.Gmet_3193	48.3	408	192	6	7	413	1	390	1.17e-120	355
RVCYZ000218	STM_v1_0.STM1883	47.5	408	192	7	7	412	3	390	2.16e-118	350
RVCYZ000218	iJN1463.PP_1457	47.2	407	194	7	8	412	4	391	1.02e-116	345
RVCYZ000218	iSbBS512_1146.SbBS512_E2124	47.8	410	188	9	7	412	3	390	1.40e-116	345
RVCYZ000218	iSF_1195.SF1859	47.8	410	188	9	7	412	3	390	1.40e-116	345
RVCYZ000218	iML1515.b1849	47.8	410	188	9	7	412	3	390	2.81e-116	344
RVCYZ000218	iSSON_1240.SSON_1299	47.8	410	188	9	7	412	3	390	2.81e-116	344
RVCYZ000218	iSDY_1059.SDY_1135	47.6	410	189	9	7	412	3	390	5.64e-116	343
RVCYZ000218	iCN718.ABAYE_RS11070	47.1	420	193	8	5	415	2	401	7.13e-114	338
RVCYZ000218	iPC815.YPO1775	46.5	409	197	7	6	412	2	390	2.14e-113	337
RVCYZ000219	iNF517.LLMG_RS04950	56.1	239	100	2	1	239	1	234	1.89e-91	269
RVCYZ000219	iYO844.BSU06450	53.6	235	105	1	3	237	5	235	3.02e-84	251
RVCYZ000220	iHN637.CLJU_RS05660	53.7	1258	556	10	4	1243	5	1254	0.0	1300
RVCYZ000220	iCN900.CD630_02250	53.3	1265	562	11	1	1243	10	1267	0.0	1290
RVCYZ000232	iNF517.LLMG_RS04970	69.3	469	138	1	4	472	16	478	1.19e-235	655
RVCYZ000232	iYS854.USA300HOU_RS05330	63.8	467	167	2	8	473	7	472	1.66e-216	607
RVCYZ000233	iNF517.LLMG_RS05020	66.0	309	100	3	4	311	5	309	7.88e-144	409
RVCYZ000233	iYO844.BSU06500	58.0	333	139	1	1	333	1	332	2.28e-140	401
RVCYZ000233	iAF987.Gmet_1844	55.9	329	144	1	5	333	8	335	5.88e-129	372
RVCYZ000234	iNF517.LLMG_RS05075	54.3	420	184	4	1	419	1	413	1.04e-157	451
RVCYZ000234	iYO844.BSU06530	52.5	421	197	3	1	420	1	419	3.52e-148	427
RVCYZ000236	iYS854.USA300HOU_RS06925	19.2	365	257	9	499	851	492	830	6.57e-10	62.8
RVCYZ000238	iNF517.LLMG_RS05090	49.1	352	175	2	32	382	1	349	1.44e-122	357
RVCYZ000239	iYO844.BSU06420	64.0	161	58	0	5	165	2	162	3.63e-67	201
RVCYZ000239	iYS854.USA300HOU_RS05300	64.1	153	55	0	12	164	1	153	5.89e-62	187
RVCYZ000239	iNF517.LLMG_RS05085	62.0	158	60	0	7	164	3	160	6.03e-61	185
RVCYZ000240	iNF517.LLMG_RS03870	40.1	614	327	12	5	614	3	579	1.20e-146	436
RVCYZ000243	iEK1008.Rv3423c	38.3	407	213	9	32	437	36	405	4.94e-74	238
RVCYZ000245	iCN900.CD630_35980	49.0	145	71	1	13	157	4	145	8.54e-47	149
RVCYZ000246	iSynCJ816.SGL_RS11025	33.9	301	184	5	39	331	69	362	1.47e-41	148
RVCYZ000248	iIS312.TCDM_14202	24.5	147	96	3	1	147	5	136	1.46e-05	42.4
RVCYZ000254	iAF987.Gmet_1790	41.0	117	69	0	5	121	21	137	7.59e-24	89.7
RVCYZ000254	iPC815.YPO2167	39.7	116	70	0	6	121	1	116	2.80e-21	82.4
RVCYZ000263	iYS854.USA300HOU_RS07595	33.1	432	238	12	14	414	6	417	7.98e-62	212
RVCYZ000264	iEK1008.Rv1077	65.5	319	107	2	1	319	1	316	2.48e-139	402
RVCYZ000265	iEK1008.Rv1079	59.8	388	151	3	4	388	2	387	6.40e-160	454
RVCYZ000266	iML1515.b0829	44.5	227	123	3	33	259	343	566	1.21e-53	182
RVCYZ000266	iSbBS512_1146.SbBS512_E2519	44.5	227	123	3	33	259	343	566	1.21e-53	182
RVCYZ000266	iSSON_1240.SSON_0811	44.5	227	123	3	33	259	332	555	1.04e-53	182
RVCYZ000266	STM_v1_0.STM0848	42.1	240	136	3	20	259	330	566	2.35e-53	182
RVCYZ000266	iSDY_1059.SDY_0758	44.5	227	123	3	33	259	332	555	2.81e-53	181
RVCYZ000266	iSF_1195.SF0779	44.1	227	124	3	33	259	332	555	1.05e-52	180
RVCYZ000266	iYL1228.KPN_00862	42.7	227	127	3	33	259	340	563	1.63e-51	177
RVCYZ000266	iJN1463.PP_0878	39.5	238	141	3	22	259	22	256	2.44e-50	167
RVCYZ000267	iYS854.USA300HOU_RS01050	38.3	240	138	4	16	248	22	258	7.42e-48	166
RVCYZ000267	iML1515.b2180	41.5	236	134	2	15	246	22	257	2.76e-47	164
RVCYZ000267	iEK1008.Rv1281c	39.2	232	138	2	18	246	24	255	1.57e-45	160
RVCYZ000267	iYL1228.KPN_00862	38.4	245	136	4	16	248	31	272	2.35e-45	160
RVCYZ000267	iJN1463.PP_4150	40.1	237	138	2	16	248	24	260	8.18e-46	160
RVCYZ000267	iYL1228.KPN_02194	38.0	242	148	1	18	257	39	280	2.01e-46	157
RVCYZ000267	iSSON_1240.SSON_1640	36.2	254	154	3	4	249	7	260	1.62e-46	157
RVCYZ000267	iPC815.YPO4000	38.3	253	151	3	1	248	4	256	1.54e-46	157
RVCYZ000267	STM_v1_0.STM0848	37.8	246	142	3	14	248	26	271	3.28e-44	157
RVCYZ000267	iML1515.b1484	36.2	254	154	3	4	249	7	260	4.50e-46	156
RVCYZ000267	iYL1228.KPN_03896	38.1	231	140	2	21	248	26	256	8.69e-46	155
RVCYZ000267	iML1515.b3541	38.1	231	140	2	21	248	26	256	1.72e-45	155
RVCYZ000267	iJN1463.PP_0879	38.3	235	142	2	17	248	21	255	1.52e-45	155
RVCYZ000267	STM_v1_0.STM3627	36.8	253	155	3	1	248	4	256	1.72e-45	155
RVCYZ000267	iSbBS512_1146.SbBS512_E1415	37.3	233	144	1	18	248	39	271	2.18e-45	155
RVCYZ000267	iSDY_1059.SDY_1304	37.3	233	144	1	18	248	39	271	2.18e-45	155
RVCYZ000267	iSF_1195.SF1247	37.3	233	144	1	18	248	39	271	2.18e-45	155
RVCYZ000267	iSF_1195.SF3576	38.1	231	140	2	21	248	26	256	1.72e-45	155
RVCYZ000267	iSSON_1240.SSON_1934	37.3	233	144	1	18	248	39	271	2.18e-45	155
RVCYZ000267	iML1515.b1246	37.3	233	144	1	18	248	39	271	4.31e-45	154
RVCYZ000267	iSSON_1240.SSON_3849	38.1	231	140	2	21	248	26	256	4.78e-45	154
RVCYZ000267	iYL1228.KPN_02193	39.2	232	136	3	18	248	40	267	7.93e-45	153
RVCYZ000267	STM_v1_0.STM1743	37.3	233	144	1	18	248	37	269	8.12e-45	153
RVCYZ000267	iSbBS512_1146.SbBS512_E1747	35.8	254	155	3	4	249	7	260	1.36e-44	152
RVCYZ000267	iML1515.b0829	37.5	240	141	2	18	248	32	271	2.20e-42	152
RVCYZ000267	STM_v1_0.STM1742	39.7	232	135	3	18	248	40	267	2.20e-44	152
RVCYZ000267	iML1515.b1247	39.2	232	136	3	18	248	40	267	4.35e-44	151
RVCYZ000267	iSDY_1059.SDY_1305	39.2	232	136	3	18	248	40	267	4.35e-44	151
RVCYZ000267	iSDY_1059.SDY_4564	38.1	231	140	2	21	248	26	256	3.69e-44	151
RVCYZ000267	iSF_1195.SF1248	39.2	232	136	3	18	248	40	267	4.35e-44	151
RVCYZ000267	iSSON_1240.SSON_1933	39.2	232	136	3	18	248	40	267	6.11e-44	151
RVCYZ000267	iSDY_1059.SDY_0758	37.1	240	142	2	18	248	21	260	7.24e-42	150
RVCYZ000267	iSbBS512_1146.SbBS512_E2519	37.1	240	142	2	18	248	32	271	1.10e-41	150
RVCYZ000267	iSSON_1240.SSON_0811	37.1	240	142	2	18	248	21	260	1.00e-41	150
RVCYZ000267	iSbBS512_1146.SbBS512_E1416	38.8	232	137	3	18	248	40	267	1.70e-43	150
RVCYZ000267	iYS854.USA300HOU_RS13360	33.2	241	159	1	17	255	20	260	3.60e-44	150
RVCYZ000267	iLJ478.TM1750	36.4	236	143	3	14	246	26	257	2.07e-43	149
RVCYZ000267	iYS854.USA300HOU_RS04900	36.3	240	149	2	7	242	14	253	5.97e-43	149
RVCYZ000268	iSF_1195.SF3496	30.5	266	179	2	22	284	7	269	1.12e-31	118
RVCYZ000268	iSbBS512_1146.SbBS512_E3843	30.0	263	184	0	22	284	7	269	2.18e-31	117
RVCYZ000268	iSDY_1059.SDY_3633	29.9	268	185	1	17	284	5	269	2.18e-31	117
RVCYZ000268	iML1515.b3478	30.0	263	184	0	22	284	7	269	3.05e-31	117
RVCYZ000268	iSSON_1240.SSON_3716	30.0	263	184	0	22	284	7	269	3.05e-31	117
RVCYZ000268	iYL1228.KPN_03852	29.1	258	183	0	27	284	12	269	1.26e-27	107
RVCYZ000269	iYL1228.KPN_03898	33.2	334	203	4	1	314	2	335	4.29e-49	166
RVCYZ000269	STM_v1_0.STM0850	34.1	314	195	3	1	314	2	303	3.67e-49	166
RVCYZ000269	iML1515.b0831	33.8	314	196	3	1	314	2	303	7.27e-49	165
RVCYZ000269	iSDY_1059.SDY_0756	33.8	314	196	3	1	314	2	303	7.27e-49	165
RVCYZ000269	iSSON_1240.SSON_0813	33.8	314	196	3	1	314	2	303	7.27e-49	165
RVCYZ000269	iSF_1195.SF0781	32.8	314	195	3	3	314	4	303	4.00e-48	163
RVCYZ000269	iYL1228.KPN_00864	34.1	314	195	3	1	314	2	303	1.11e-47	162
RVCYZ000269	iSbBS512_1146.SbBS512_E2517	33.4	314	197	3	1	314	2	303	1.11e-47	162
RVCYZ000269	STM_v1_0.STM3629	32.0	334	207	4	1	314	2	335	5.00e-47	161
RVCYZ000269	iML1515.b3543	32.3	334	206	4	1	314	2	335	9.85e-47	160
RVCYZ000269	iSDY_1059.SDY_4566	32.3	334	206	4	1	314	2	335	9.85e-47	160
RVCYZ000269	iSSON_1240.SSON_3847	32.3	334	206	4	1	314	2	335	9.85e-47	160
RVCYZ000269	iSF_1195.SF3578	32.0	334	207	4	1	314	2	335	3.83e-46	159
RVCYZ000270	iAF692.Mbar_A0473	27.5	393	229	14	114	483	72	431	1.52e-29	122
RVCYZ000270	iYL1228.KPN_00863	27.1	365	231	9	112	467	46	384	3.23e-28	118
RVCYZ000270	iSbBS512_1146.SbBS512_E2518	26.6	364	234	8	112	467	46	384	1.40e-27	116
RVCYZ000270	iSDY_1059.SDY_0757	26.6	364	234	8	112	467	46	384	1.40e-27	116
RVCYZ000270	iSF_1195.SF0780	26.1	364	236	7	112	467	46	384	2.53e-27	115
RVCYZ000270	iML1515.b0830	26.1	364	236	7	112	467	46	384	3.39e-27	115
RVCYZ000270	iSSON_1240.SSON_0812	26.1	364	236	7	112	467	46	384	3.39e-27	115
RVCYZ000270	STM_v1_0.STM0849	25.5	364	238	8	112	467	46	384	1.98e-26	112
RVCYZ000271	iCN900.CD630_35550	40.6	254	148	2	1	251	1	254	3.91e-63	197
RVCYZ000271	iHN637.CLJU_RS20455	38.0	258	152	3	1	251	1	257	1.25e-59	189
RVCYZ000273	iEK1008.Rv3300c	45.8	240	103	3	5	243	72	285	1.91e-57	184
RVCYZ000273	iCN718.ABAYE_RS07615	39.3	247	121	5	5	247	79	300	7.72e-53	172
RVCYZ000274	iEK1008.Rv3436c	54.8	639	265	11	1	630	1	624	2.72e-227	644
RVCYZ000277	iYO844.BSU03590	57.5	247	97	2	39	284	5	244	8.24e-92	271
RVCYZ000277	iNF517.LLMG_RS09915	56.4	250	97	2	36	284	6	244	4.27e-91	270
RVCYZ000277	iYO844.BSU27430	55.9	247	97	2	39	284	5	240	9.25e-90	266
RVCYZ000277	iML1515.b0809	57.0	249	95	3	36	283	2	239	9.96e-89	263
RVCYZ000277	iSbBS512_1146.SbBS512_E2539	57.0	249	95	3	36	283	2	239	9.96e-89	263
RVCYZ000277	iSDY_1059.SDY_0787	57.0	249	95	3	36	283	2	239	9.96e-89	263
RVCYZ000277	iSSON_1240.SSON_0789	57.0	249	95	3	36	283	2	239	1.41e-88	263
RVCYZ000277	iCN900.CD630_07520	55.9	247	97	2	39	284	5	240	4.02e-88	262
RVCYZ000277	STM_v1_0.STM0828	56.6	249	96	3	36	283	2	239	4.02e-88	262
RVCYZ000277	iSF_1195.SF0760	56.6	249	96	3	36	283	2	239	1.15e-87	261
RVCYZ000277	iCN718.ABAYE_RS06340	55.2	248	109	2	39	284	10	257	1.68e-86	258
RVCYZ000277	iNF517.LLMG_RS09720	54.0	250	103	3	36	284	7	245	1.66e-86	258
RVCYZ000277	iJN1463.PP_4483	53.2	250	116	1	36	284	4	253	2.09e-86	258
RVCYZ000277	iJN1463.PP_4425	54.8	250	111	2	36	283	2	251	6.15e-86	257
RVCYZ000277	iPC815.YPO2514	55.7	246	97	4	39	283	5	239	2.15e-85	255
RVCYZ000277	iSynCJ816.SGL_RS08035	51.8	251	112	2	34	283	7	249	4.52e-85	254
RVCYZ000277	iJN1463.PP_0283	52.2	253	120	1	29	280	1	253	7.54e-85	254
RVCYZ000277	iYL1228.KPN_00838	55.0	249	100	3	36	283	2	239	6.12e-85	254
RVCYZ000277	iYL1228.KPN_02696	54.1	246	111	2	41	284	11	256	1.51e-84	253
RVCYZ000277	iSDY_1059.SDY_2505	53.3	246	113	2	41	284	11	256	4.31e-84	252
RVCYZ000277	iSbBS512_1146.SbBS512_E2684	52.8	246	114	2	41	284	11	256	1.74e-83	251
RVCYZ000277	iSF_1195.SF2382	52.8	246	114	2	41	284	11	256	1.74e-83	251
RVCYZ000277	iSSON_1240.SSON_2364	52.8	246	114	2	41	284	11	256	1.74e-83	251
RVCYZ000277	iML1515.b2306	52.8	246	114	2	41	284	11	256	3.49e-83	250
RVCYZ000277	iYS854.USA300HOU_RS09925	51.4	253	111	2	33	284	1	242	4.29e-83	249
RVCYZ000277	iPC815.YPO2777	52.2	247	116	2	40	284	18	264	3.65e-82	248
RVCYZ000277	iCN900.CD630_21720	52.2	249	110	3	36	283	2	242	3.08e-82	247
RVCYZ000277	iJN1463.PP_0225	53.6	250	110	2	36	284	2	246	4.81e-82	247
RVCYZ000277	STM_v1_0.STM2351	52.0	246	116	2	41	284	12	257	1.17e-81	246
RVCYZ000278	iJN1463.PP_4484	33.9	236	139	5	52	285	3	223	6.97e-28	108
RVCYZ000278	iYS854.USA300HOU_RS13045	32.3	229	140	6	66	291	23	239	1.61e-26	104
RVCYZ000278	iJN1463.PP_0280	34.3	233	136	5	53	283	2	219	1.30e-25	102
RVCYZ000278	iML1515.b1918	33.8	222	127	3	66	287	15	216	2.98e-25	100
RVCYZ000278	iJN1463.PP_0226	33.6	217	124	3	66	282	16	212	5.76e-25	100
RVCYZ000278	iCN900.CD630_07510	31.3	224	137	5	62	283	11	219	1.19e-24	99.4
RVCYZ000278	iSynCJ816.SGL_RS07090	33.9	239	134	6	49	284	297	514	1.38e-22	97.8
RVCYZ000278	iYS854.USA300HOU_RS09930	30.3	218	129	4	67	282	282	478	1.58e-22	97.4
RVCYZ000279	STM_v1_0.STM1954	33.1	236	146	6	61	293	33	259	2.02e-27	107
RVCYZ000279	iML1515.b1920	32.2	236	148	6	61	293	33	259	1.47e-26	105
RVCYZ000279	iYL1228.KPN_00840	32.9	234	138	6	66	293	22	242	1.02e-25	102
RVCYZ000279	iYL1228.KPN_02699	30.9	246	148	8	57	293	20	252	1.31e-25	102
RVCYZ000279	STM_v1_0.STM0830	32.5	234	139	6	66	293	22	242	1.98e-25	101
RVCYZ000279	iML1515.b0811	32.1	234	140	6	66	293	22	242	2.75e-25	101
RVCYZ000279	iSF_1195.SF0762	32.1	234	140	6	66	293	22	242	2.75e-25	101
RVCYZ000279	iSSON_1240.SSON_0791	32.1	234	140	6	66	293	22	242	2.75e-25	101
RVCYZ000279	iSbBS512_1146.SbBS512_E2537	32.1	234	140	6	66	293	22	242	7.39e-25	100
RVCYZ000279	iSDY_1059.SDY_0785	31.7	230	138	6	70	293	26	242	2.75e-24	98.6
RVCYZ000279	iPC815.YPO2512	33.2	238	138	8	66	296	22	245	2.70e-24	98.6
RVCYZ000280	iYL1228.KPN_00840	33.6	226	137	6	71	293	27	242	2.64e-23	95.9
RVCYZ000280	iML1515.b0811	32.8	229	141	6	68	293	24	242	5.07e-23	95.1
RVCYZ000280	iSF_1195.SF0762	32.8	229	141	6	68	293	24	242	5.07e-23	95.1
RVCYZ000280	iSSON_1240.SSON_0791	32.8	229	141	6	68	293	24	242	5.07e-23	95.1
RVCYZ000280	iML1515.b1920	31.0	232	148	6	65	293	37	259	1.89e-22	94.0
RVCYZ000280	iSbBS512_1146.SbBS512_E2537	32.8	229	141	6	68	293	24	242	1.35e-22	94.0
RVCYZ000280	STM_v1_0.STM1954	30.2	232	150	5	65	293	37	259	2.62e-22	93.6
RVCYZ000280	STM_v1_0.STM0830	32.3	229	142	6	68	293	24	242	1.88e-22	93.6
RVCYZ000280	iSDY_1059.SDY_0785	32.3	229	142	6	68	293	24	242	3.60e-22	92.8
RVCYZ000282	iYS854.USA300HOU_RS14370	46.9	98	51	1	368	464	508	605	1.48e-17	85.1
RVCYZ000284	iPC815.YPO1073	40.4	223	130	2	3	222	1	223	3.82e-48	167
RVCYZ000284	iYO844.BSU32750	40.1	222	130	2	3	221	1	222	2.71e-47	165
RVCYZ000284	iJN1463.PP_0220	42.5	212	121	1	9	219	38	249	2.79e-46	163
RVCYZ000284	iCN900.CD630_14890	39.9	218	128	2	3	219	1	216	9.13e-46	160
RVCYZ000284	iIT341.HP1576	38.4	237	141	3	3	238	2	234	1.10e-44	158
RVCYZ000284	iYS854.USA300HOU_RS02325	38.2	220	133	2	3	219	1	220	1.53e-44	158
RVCYZ000284	STM_v1_0.STM0247	37.7	223	136	2	3	222	1	223	4.36e-44	157
RVCYZ000284	iYL1228.KPN_00213	37.2	223	137	2	3	222	1	223	3.20e-43	154
RVCYZ000284	iSbBS512_1146.SbBS512_E0193	37.2	223	137	2	3	222	1	223	1.21e-42	153
RVCYZ000284	iSDY_1059.SDY_0218	37.2	223	137	2	3	222	1	223	1.21e-42	153
RVCYZ000284	iSSON_1240.SSON_0213	37.2	223	137	2	3	222	1	223	1.21e-42	153
RVCYZ000284	iML1515.b0199	36.8	223	138	2	3	222	1	223	1.68e-42	152
RVCYZ000287	iEK1008.Rv1201c	52.7	336	131	4	1	327	1	317	1.40e-105	311
RVCYZ000289	iEK1008.Rv0896	50.5	430	204	3	4	430	8	431	2.08e-144	418
RVCYZ000290	iSynCJ816.SGL_RS16015	36.0	253	157	5	4	255	24	272	4.34e-47	157
RVCYZ000290	iSynCJ816.SGL_RS14865	37.8	259	149	6	2	258	5	253	1.93e-46	155
RVCYZ000294	iJN1463.PP_1205	40.2	600	324	9	5	600	1	569	2.30e-129	391
RVCYZ000294	iCN718.ABAYE_RS03855	40.3	588	320	10	5	588	1	561	1.29e-128	389
RVCYZ000294	iYL1228.KPN_00208	39.3	598	327	8	5	597	1	567	2.94e-127	385
RVCYZ000294	iSbBS512_1146.SbBS512_E0188	38.9	601	331	8	5	600	1	570	8.27e-127	384
RVCYZ000294	iSDY_1059.SDY_0213	38.9	601	331	8	5	600	1	570	8.27e-127	384
RVCYZ000294	iSF_1195.SF0185	38.9	601	331	8	5	600	1	570	8.27e-127	384
RVCYZ000294	iSSON_1240.SSON_0208	38.9	601	331	8	5	600	1	570	8.27e-127	384
RVCYZ000294	STM_v1_0.STM0242	39.0	597	330	7	5	597	1	567	3.28e-126	383
RVCYZ000294	iPC815.YPO1068	37.9	602	336	9	5	600	1	570	5.72e-124	377
RVCYZ000294	iLJ478.TM0514	38.5	577	318	7	5	579	1	542	1.47e-122	374
RVCYZ000294	iNF517.LLMG_RS12095	35.2	645	331	11	5	596	1	611	1.99e-120	369
RVCYZ000294	iYS854.USA300HOU_RS06365	36.5	597	342	9	5	599	1	562	1.89e-120	368
RVCYZ000294	iCN900.CD630_00490	37.8	596	330	11	5	596	1	559	1.45e-117	360
RVCYZ000294	iAF987.Gmet_1354	37.6	580	324	9	5	581	1	545	2.43e-115	355
RVCYZ000297	iML1515.b0844	31.4	271	174	5	15	282	3	264	1.49e-30	115
RVCYZ000297	iML1515.b0822	30.1	272	172	6	15	280	3	262	2.25e-28	109
RVCYZ000297	iSF_1195.SF0772	30.1	272	172	6	15	280	3	262	2.25e-28	109
RVCYZ000297	iSSON_1240.SSON_0804	29.8	272	173	6	15	280	3	262	3.23e-27	106
RVCYZ000297	iSbBS512_1146.SbBS512_E2526	29.8	272	173	6	15	280	3	262	4.50e-27	105
RVCYZ000299	iEK1008.Rv3411c	62.8	494	178	4	19	511	41	529	2.39e-213	600
RVCYZ000300	iEK1008.Rv1302	41.9	372	196	7	1	359	30	394	3.31e-77	243
RVCYZ000302	iSynCJ816.SGL_RS09640	38.1	236	126	10	76	302	71	295	1.71e-28	110
RVCYZ000305	iCN900.CD630_21940	28.2	291	187	9	1	284	2	277	1.26e-19	89.7
RVCYZ000305	iAF987.Gmet_1639	27.4	270	171	8	88	344	9	266	2.21e-18	85.1
RVCYZ000306	iLJ478.TM0116	28.2	486	275	16	5	468	3	436	8.56e-44	161
RVCYZ000306	iYL1228.KPN_02542	32.0	487	254	20	8	471	4	436	5.44e-43	159
RVCYZ000306	iYL1228.KPN_03928	30.2	490	277	16	8	482	4	443	6.36e-41	153
RVCYZ000306	iML1515.b3564	30.0	524	286	18	8	508	4	469	1.43e-38	146
RVCYZ000306	iSF_1195.SF3608	29.8	523	288	18	8	508	4	469	2.69e-38	145
RVCYZ000306	iYO844.BSU17610	27.4	486	286	13	6	473	4	440	4.57e-38	145
RVCYZ000308	iCHOv1.100756666	31.7	518	240	17	9	453	42	518	1.87e-53	187
RVCYZ000308	iMM1415.436059	30.5	499	253	16	19	453	51	519	1.90e-53	187
RVCYZ000311	iEK1008.Rv1237	33.7	261	169	3	32	289	15	274	1.02e-40	142
RVCYZ000311	iYO844.BSU06990	32.4	262	169	6	29	284	32	291	2.01e-38	136
RVCYZ000311	iEK1008.Rv2834c	34.8	270	167	6	25	289	10	275	3.62e-37	132
RVCYZ000312	iYO844.BSU28740	31.3	275	179	6	38	309	33	300	1.27e-40	144
RVCYZ000312	iYO844.BSU30280	30.2	285	183	4	30	308	14	288	5.37e-40	142
RVCYZ000312	iEK1008.Rv2040c	31.2	282	188	3	30	309	5	282	1.92e-39	141
RVCYZ000312	iEK1008.Rv2316	29.5	295	196	5	32	325	7	290	8.86e-37	134
RVCYZ000313	iJN1463.PP_1015	30.3	178	107	5	102	277	111	273	4.81e-13	70.1
RVCYZ000316	iYO844.BSU17600	55.9	438	184	4	8	445	16	444	2.27e-172	490
RVCYZ000316	iCN900.CD630_30640	54.4	445	193	6	7	449	8	444	9.17e-172	489
RVCYZ000316	iLJ478.TM1667	54.4	443	194	5	6	448	7	441	7.20e-171	486
RVCYZ000316	iHN637.CLJU_RS08960	55.4	442	185	6	6	445	7	438	2.37e-168	480
RVCYZ000320	iYS854.USA300HOU_RS05365	29.2	137	95	2	63	199	46	180	6.40e-12	61.6
RVCYZ000321	iAF987.Gmet_0819	52.9	420	196	1	5	424	7	424	3.17e-162	463
RVCYZ000321	iCN900.CD630_18250	49.8	418	208	1	6	423	5	420	7.95e-154	441
RVCYZ000322	iNF517.LLMG_RS02790	33.9	118	56	5	45	141	74	190	9.09e-10	54.3
RVCYZ000323	iCN900.CD630_04310	25.0	524	286	18	21	515	21	466	8.80e-25	107
RVCYZ000324	iPC815.YPO3141	35.5	293	172	7	9	297	5	284	2.03e-51	170
RVCYZ000324	iYL1228.KPN_00415	37.5	267	158	5	32	296	24	283	2.30e-50	167
RVCYZ000324	iSDY_1059.SDY_0389	37.5	267	158	5	32	296	24	283	1.24e-49	166
RVCYZ000324	iML1515.b0452	37.1	267	159	5	32	296	24	283	2.47e-49	165
RVCYZ000324	iSbBS512_1146.SbBS512_E0379	37.1	267	159	5	32	296	24	283	2.47e-49	165
RVCYZ000324	iSSON_1240.SSON_0440	37.1	267	159	5	32	296	24	283	2.47e-49	165
RVCYZ000324	iSF_1195.SF0397	36.7	267	160	5	32	296	24	283	5.38e-48	161
RVCYZ000324	STM_v1_0.STM0464	37.8	267	157	5	32	296	24	283	1.50e-47	160
RVCYZ000324	iJN1463.PP_4762	34.8	290	176	5	9	296	5	283	6.97e-46	156
RVCYZ000327	iAT_PLT_636.4905	36.8	212	112	6	240	434	242	448	6.20e-30	125
RVCYZ000327	iMM1415.18195	36.8	212	112	6	240	434	242	448	6.20e-30	125
RVCYZ000328	iYO844.BSU00680	46.9	179	95	0	6	184	2	180	4.77e-53	167
RVCYZ000328	iEK1008.Rv3624c	46.0	176	89	1	14	183	41	216	1.86e-50	161
RVCYZ000328	iNF517.LLMG_RS05050	47.9	167	87	0	14	180	9	175	5.83e-49	156
RVCYZ000328	iHN637.CLJU_RS20465	43.3	180	102	0	3	182	1	180	1.96e-47	152
RVCYZ000330	iEK1008.Rv3627c	32.6	356	202	12	72	414	107	437	4.83e-21	94.7
RVCYZ000332	iCN900.CD630_16140	32.1	237	155	2	24	254	23	259	1.74e-39	138
RVCYZ000332	iYO844.BSU02750	32.1	240	155	3	23	254	2	241	1.81e-37	132
RVCYZ000332	iEK1008.Rv2936	31.1	222	151	1	21	240	6	227	5.20e-35	128
RVCYZ000333	iSynCJ816.SGL_RS10570	26.3	240	163	4	48	281	112	343	4.34e-16	79.7
RVCYZ000334	iML1515.b1601	19.4	310	227	8	55	357	33	326	6.23e-07	51.2
RVCYZ000335	iML1515.b1022	27.6	210	141	4	4	208	77	280	8.74e-09	56.2
RVCYZ000335	iEK1008.Rv2957	38.5	91	52	2	5	94	26	113	5.10e-08	53.1
RVCYZ000335	iYO844.BSU35550	29.9	117	80	1	4	120	8	122	7.84e-08	52.4
RVCYZ000336	iPC815.YPO3908	27.6	145	92	4	136	267	104	248	1.45e-06	48.9
RVCYZ000336	STM_v1_0.STM3884	26.0	192	125	7	136	314	107	294	2.38e-06	48.1
RVCYZ000336	iYL1228.KPN_04156	28.7	143	92	5	136	272	107	245	7.57e-06	46.6
RVCYZ000336	iML1515.b3751	30.6	124	78	4	153	272	126	245	2.40e-05	45.1
RVCYZ000337	iEK1008.Rv2040c	28.2	273	191	4	39	308	10	280	3.55e-29	113
RVCYZ000338	iEK1008.Rv2039c	30.9	256	165	5	66	320	30	274	3.37e-32	120
RVCYZ000338	iYO844.BSU28730	28.9	273	186	5	54	325	15	280	3.54e-31	118
RVCYZ000338	iYO844.BSU30290	30.3	290	174	7	46	325	4	275	1.67e-30	116
RVCYZ000338	iYO844.BSU06990	28.1	281	188	5	50	325	25	296	6.90e-29	112
RVCYZ000338	iCN900.CD630_34150	27.2	276	192	5	50	325	20	286	2.94e-28	110
RVCYZ000338	iEK1008.Rv2317	28.8	278	183	6	51	325	9	274	2.31e-28	110
RVCYZ000339	iYO844.BSU34130	31.0	670	414	19	26	671	19	664	1.13e-96	312
RVCYZ000340	iYO844.BSU28750	27.1	329	216	9	16	331	13	330	2.88e-25	107
RVCYZ000343	iYO844.BSU00920	36.9	493	292	9	20	507	5	483	2.43e-104	320
RVCYZ000343	iCN718.ABAYE_RS01925	36.6	500	286	9	20	516	3	474	2.50e-92	290
RVCYZ000346	iEK1008.Rv2988c	70.9	464	134	1	4	467	10	472	1.63e-243	672
RVCYZ000347	iEK1008.Rv2987c	61.0	200	75	1	1	200	1	197	2.29e-82	243
RVCYZ000349	iNF517.LLMG_RS02085	34.2	445	285	5	5	443	3	445	1.69e-87	273
RVCYZ000350	iCN900.CD630_01230	40.4	426	231	5	17	442	17	419	7.25e-88	273
RVCYZ000350	iYS854.USA300HOU_RS11340	38.3	436	248	6	8	442	2	417	7.36e-84	263
RVCYZ000350	iYO844.BSU36760	38.4	432	243	7	12	442	6	415	3.84e-81	256
RVCYZ000350	iHN637.CLJU_RS01205	37.4	431	247	5	12	441	6	414	8.10e-79	250
RVCYZ000351	iCN718.ABAYE_RS03025	30.5	131	75	5	81	208	77	194	1.99e-07	51.2
RVCYZ000351	iYS854.USA300HOU_RS09165	27.0	115	78	3	78	192	24	132	5.68e-06	46.2
RVCYZ000352	iEK1008.Rv2982c	46.3	320	170	2	3	322	7	324	2.59e-82	252
RVCYZ000353	iEK1008.Rv2981c	41.8	376	201	5	3	378	10	367	5.29e-90	275
RVCYZ000353	iYL1228.KPN_00323	42.8	388	174	11	1	377	12	362	8.32e-84	259
RVCYZ000355	iYS854.USA300HOU_RS09450	29.6	115	69	3	170	279	103	210	3.98e-06	47.0
RVCYZ000356	iML1515.b4159	30.7	127	80	3	79	202	903	1024	6.39e-09	56.2
RVCYZ000356	iJN1463.PP_5256	30.3	132	91	1	79	209	135	266	8.84e-09	55.5
RVCYZ000356	iML1515.b1330	28.8	125	86	2	37	159	104	227	9.43e-09	55.1
RVCYZ000360	iHN637.CLJU_RS02275	39.4	383	232	0	1	383	1	383	2.00e-103	311
RVCYZ000360	iCN900.CD630_28280	39.4	383	232	0	1	383	4	386	3.74e-102	308
RVCYZ000363	iPC815.YPO0008	24.4	308	203	12	19	322	6	287	1.04e-10	61.6
RVCYZ000368	iCN718.ABAYE_RS13845	31.0	174	104	5	1	173	5	163	7.52e-14	66.2
RVCYZ000373	iLJ478.TM1193	31.5	1164	596	32	3	1148	4	984	8.54e-166	519
RVCYZ000377	iAF987.Gmet_0057	39.6	518	271	9	28	539	1	482	4.66e-110	336
RVCYZ000377	iSDY_1059.SDY_0278	40.5	511	249	10	30	539	2	458	2.24e-110	336
RVCYZ000377	iSSON_1240.SSON_0492	40.3	511	250	10	30	539	2	458	6.30e-110	335
RVCYZ000377	iSbBS512_1146.SbBS512_E0448	40.3	511	250	10	30	539	2	458	1.26e-109	334
RVCYZ000377	iSF_1195.SF0457	40.3	511	250	10	30	539	2	458	7.03e-109	332
RVCYZ000377	STM_v1_0.STM0537	40.9	516	240	12	30	539	2	458	9.92e-109	332
RVCYZ000377	iYL1228.KPN_00482	40.1	511	251	11	30	539	2	458	5.56e-108	330
RVCYZ000377	iPC815.YPO3073	39.5	512	253	10	30	539	2	458	4.75e-103	317
RVCYZ000377	iJN1463.PP_2905	37.4	516	262	11	30	542	2	459	4.93e-99	307
RVCYZ000378	iJN1463.PP_2416	36.7	169	89	4	6	156	12	180	2.74e-18	85.1
RVCYZ000378	iYL1228.KPN_02373	30.5	190	111	5	418	598	17	194	3.74e-16	78.6
RVCYZ000378	iSynCJ816.SGL_RS06580	30.7	199	111	4	6	183	19	211	1.59e-15	78.2
RVCYZ000378	iJN1463.PP_4687	31.4	220	129	6	6	205	2	219	7.45e-16	77.8
RVCYZ000378	iAF987.Gmet_2439	32.2	208	119	6	412	603	13	214	9.57e-16	77.4
RVCYZ000378	iAF692.Mbar_A2397	27.6	214	139	3	5	202	2	215	1.36e-15	77.0
RVCYZ000378	iSDY_1059.SDY_1145	32.6	184	110	5	6	183	5	180	1.27e-15	77.0
RVCYZ000378	iYS854.USA300HOU_RS13040	27.1	214	135	4	8	202	4	215	1.11e-15	77.0
RVCYZ000378	iYS854.USA300HOU_RS08305	29.8	225	132	8	418	621	23	242	2.02e-15	76.6
RVCYZ000379	iCN718.ABAYE_RS07665	39.7	146	86	2	45	188	48	193	9.53e-28	105
RVCYZ000380	iEK1008.Rv3002c	59.1	159	65	0	14	172	6	164	4.39e-60	184
RVCYZ000380	iAF987.Gmet_1261	55.6	160	71	0	13	172	2	161	1.25e-53	167
RVCYZ000381	iEK1008.Rv3003c	57.4	584	239	3	48	631	36	609	8.10e-238	672
RVCYZ000386	iYO844.BSU15020	40.9	159	91	2	2	159	3	159	8.76e-37	124
RVCYZ000386	iLJ478.TM0741	45.9	157	82	2	4	159	3	157	1.76e-36	123
RVCYZ000386	iAF987.Gmet_1759	43.7	158	82	3	3	159	5	156	2.63e-36	122
RVCYZ000386	iEK1008.Rv2965c	43.3	150	83	1	1	150	1	148	2.49e-36	122
RVCYZ000386	STM_v1_0.STM3725	41.4	157	89	3	4	159	5	159	3.33e-36	122
RVCYZ000386	iYS854.USA300HOU_RS05615	40.9	159	91	2	2	159	4	160	3.42e-36	122
RVCYZ000386	iML1515.b3634	43.2	148	81	3	4	150	5	150	4.71e-36	122
RVCYZ000386	iSbBS512_1146.SbBS512_E4059	43.2	148	81	3	4	150	5	150	4.71e-36	122
RVCYZ000386	iSF_1195.SF3673	43.2	148	81	3	4	150	5	150	4.71e-36	122
RVCYZ000386	iSSON_1240.SSON_3773	43.2	148	81	3	4	150	5	150	4.71e-36	122
RVCYZ000386	iSDY_1059.SDY_4064	42.1	152	85	3	4	154	5	154	1.34e-35	120
RVCYZ000386	iPC815.YPO0053	41.3	155	88	2	1	154	2	154	2.16e-34	117
RVCYZ000386	iHN637.CLJU_RS06240	43.7	151	82	2	1	150	1	149	3.51e-34	117
RVCYZ000386	iYL1228.KPN_03974	38.4	159	95	2	2	159	3	159	3.47e-33	114
RVCYZ000386	iCN718.ABAYE_RS14785	37.2	156	95	2	2	156	4	157	7.76e-33	114
RVCYZ000388	iSF_1195.SF3047	54.5	323	144	1	12	331	7	329	1.98e-124	360
RVCYZ000388	iSSON_1240.SSON_3145	54.5	323	144	1	12	331	7	329	1.98e-124	360
RVCYZ000388	iML1515.b3001	54.2	323	145	1	12	331	7	329	5.64e-124	359
RVCYZ000388	iSbBS512_1146.SbBS512_E3430	53.6	323	147	1	12	331	7	329	1.85e-122	355
RVCYZ000388	iYL1228.KPN_02741	57.6	316	133	1	18	333	1	315	5.83e-122	353
RVCYZ000389	iEK1008.Rv1330c	50.3	441	196	6	5	436	18	444	3.23e-124	367
RVCYZ000391	iCN900.CD630_33080	54.6	240	105	2	3	241	1	237	3.10e-83	255
RVCYZ000392	iSSON_1240.SSON_3108	44.2	231	89	6	3	232	4	195	6.88e-52	166
RVCYZ000392	iSbBS512_1146.SbBS512_E3386	44.2	231	89	6	3	232	4	195	2.76e-51	165
RVCYZ000392	iSF_1195.SF2945	44.2	231	89	6	3	232	4	195	2.76e-51	165
RVCYZ000392	iSDY_1059.SDY_3118	43.9	230	91	5	3	232	4	195	3.90e-51	164
RVCYZ000392	STM_v1_0.STM3103	44.2	231	89	6	3	232	4	195	7.81e-51	164
RVCYZ000392	iML1515.b2954	44.2	231	89	6	3	232	4	195	1.10e-50	163
RVCYZ000392	iYL1228.KPN_03388	42.9	231	92	6	3	232	4	195	2.01e-48	157
RVCYZ000392	iPC815.YPO0945	42.4	231	95	6	3	233	4	196	8.03e-48	156
RVCYZ000393	iYS854.USA300HOU_RS06995	27.6	431	288	9	6	427	3	418	1.66e-41	151
RVCYZ000395	iSynCJ816.SGL_RS10610	31.7	397	217	10	1	394	1	346	9.09e-57	189
RVCYZ000395	iJN1463.PP_1776	35.6	393	209	10	11	398	6	359	1.87e-52	181
RVCYZ000395	iAF987.Gmet_1104	33.6	393	216	12	9	398	2	352	1.23e-52	179
RVCYZ000395	iCN900.CD630_27790	30.2	397	232	11	9	403	4	357	2.73e-50	172
RVCYZ000395	iSbBS512_1146.SbBS512_E1183	35.6	407	197	13	9	401	7	362	5.26e-49	172
RVCYZ000395	iSF_1195.SF2112	35.4	407	198	13	9	401	7	362	5.26e-49	172
RVCYZ000396	iEK1008.Rv0946c	58.0	567	216	6	1	563	1	549	1.40e-222	627
RVCYZ000400	iCN900.CD630_19470	40.3	236	127	2	60	295	7	228	3.39e-51	169
RVCYZ000400	iYO844.BSU30420	41.2	199	117	0	96	294	25	223	8.99e-49	162
RVCYZ000400	iJN1463.PP_4210	44.0	200	111	1	96	295	26	224	5.85e-45	162
RVCYZ000403	iEK1008.Rv1202	42.0	405	179	9	4	405	1	352	9.20e-91	277
RVCYZ000407	iAF987.Gmet_2444	28.1	178	102	5	171	345	24	178	2.13e-07	53.5
RVCYZ000408	iEK1008.Rv2439c	46.4	379	190	5	1	377	1	368	1.52e-95	289
RVCYZ000409	iYO844.BSU22370	43.0	395	218	2	10	404	3	390	1.30e-108	324
RVCYZ000409	iHN637.CLJU_RS06550	41.4	389	225	2	10	398	3	388	2.85e-100	303
RVCYZ000409	iSynCJ816.SGL_RS13785	42.8	388	209	3	10	396	3	378	3.14e-100	303
RVCYZ000409	iCN718.ABAYE_RS05270	41.3	397	224	5	10	405	5	393	1.58e-97	296
RVCYZ000415	iEK1008.Rv3279c	29.1	275	149	11	21	291	30	262	3.18e-17	79.3
RVCYZ000415	iHN637.CLJU_RS13140	34.0	159	76	7	18	175	83	213	1.06e-15	75.9
RVCYZ000415	iAF987.Gmet_1987	26.2	290	178	9	4	293	83	336	3.25e-14	71.6
RVCYZ000416	iCN900.CD630_29710	38.1	113	64	3	9	120	4	111	3.87e-12	62.0
RVCYZ000417	iEK1008.Rv3285	44.5	578	298	9	5	577	12	571	9.19e-157	463
RVCYZ000417	iCN718.ABAYE_RS12285	40.4	592	298	8	7	586	5	553	2.51e-140	420
RVCYZ000418	iLJ478.TM0716	51.6	498	225	5	53	543	27	515	5.54e-164	475
RVCYZ000418	iEK1008.Rv3280	49.3	505	237	7	53	543	49	548	1.02e-156	458
RVCYZ000419	iEK1008.Rv2524c	45.3	3155	1562	48	3	3099	20	3062	0.0	2432
RVCYZ000420	iEK1008.Rv2523c	38.2	144	71	4	2	145	3	128	3.38e-21	82.8
RVCYZ000422	iCN900.CD630_21640	38.9	324	184	5	6	323	7	322	1.97e-76	236
RVCYZ000424	iHN637.CLJU_RS10465	46.6	73	34	2	658	729	563	631	3.23e-08	57.0
RVCYZ000427	iEK1008.Rv3048c	81.5	319	59	0	3	321	6	324	3.90e-191	528
RVCYZ000427	iYL1228.KPN_03007	74.0	315	82	0	7	321	6	320	1.04e-171	478
RVCYZ000428	iML1515.b2675	68.8	708	214	3	2	708	13	714	0.0	971
RVCYZ000428	iSbBS512_1146.SbBS512_E3204	68.6	708	215	3	2	708	13	714	0.0	969
RVCYZ000428	iSSON_1240.SSON_2820	68.6	708	215	3	2	708	13	714	0.0	969
RVCYZ000428	iSF_1195.SF2703	68.8	706	213	3	4	708	2	701	0.0	969
RVCYZ000428	STM_v1_0.STM2807	68.8	708	214	3	2	708	13	714	0.0	966
RVCYZ000428	iEK1008.Rv3051c	70.1	699	202	3	11	708	1	693	0.0	959
RVCYZ000428	iYL1228.KPN_03006	68.4	699	214	3	11	708	1	693	0.0	947
RVCYZ000428	iPC815.YPO2649	66.1	699	230	3	11	708	1	693	0.0	919
RVCYZ000429	iYS854.USA300HOU_RS03945	37.4	131	69	5	4	134	3	120	3.13e-17	72.4
RVCYZ000431	iYO844.BSU39780	30.5	302	164	9	15	284	16	303	1.25e-33	124
RVCYZ000434	iAF987.Gmet_0060	39.2	232	132	6	9	239	3	226	1.16e-33	122
RVCYZ000434	iYO844.BSU00900	33.3	234	145	4	12	245	6	228	9.49e-32	117
RVCYZ000438	iCN718.ABAYE_RS10175	50.4	349	168	2	22	369	18	362	2.88e-120	352
RVCYZ000438	iSSON_1240.SSON_0706	51.4	348	164	3	26	373	7	349	2.30e-117	344
RVCYZ000438	iML1515.b0754	51.4	348	164	3	26	373	7	349	3.26e-117	343
RVCYZ000438	iSbBS512_1146.SbBS512_E0675	51.4	348	164	3	26	373	7	349	3.26e-117	343
RVCYZ000438	iSDY_1059.SDY_0701	51.4	348	164	3	26	373	7	349	3.26e-117	343
RVCYZ000438	iSF_1195.SF0550	51.1	348	165	3	26	373	7	349	1.86e-116	342
RVCYZ000438	iMM904.YBR249C	51.0	351	162	4	26	373	22	365	2.92e-115	339
RVCYZ000438	STM_v1_0.STM0760	50.6	352	161	3	26	373	7	349	1.51e-115	339
RVCYZ000438	iYL1228.KPN_00758	50.6	348	167	3	26	373	7	349	3.03e-115	338
RVCYZ000438	iJN1463.PP_2324	49.6	341	167	2	26	365	20	356	1.34e-113	335
RVCYZ000438	iAF987.Gmet_2375	49.6	343	167	3	23	364	3	340	1.07e-111	330
RVCYZ000438	iML1515.b2601	47.3	351	179	4	27	376	9	354	1.45e-109	324
RVCYZ000438	iSbBS512_1146.SbBS512_E2988	47.3	351	179	4	27	376	9	354	2.05e-109	324
RVCYZ000438	iSDY_1059.SDY_2765	47.3	351	179	4	27	376	9	354	2.05e-109	324
RVCYZ000438	iSSON_1240.SSON_2752	47.3	351	179	4	27	376	9	354	2.05e-109	324
RVCYZ000438	iYL1228.KPN_02923	48.5	340	169	3	38	376	20	354	2.91e-109	323
RVCYZ000438	iPC815.YPO3286	50.2	331	159	4	38	367	20	345	4.12e-109	323
RVCYZ000438	iSF_1195.SF2661	47.3	351	179	4	27	376	9	354	5.83e-109	323
RVCYZ000439	iYS854.USA300HOU_RS13930	26.9	657	387	16	62	705	16	592	4.33e-59	209
RVCYZ000440	iYL1228.KPN_00758	50.4	347	166	3	58	404	9	349	3.14e-115	340
RVCYZ000440	STM_v1_0.STM0760	50.1	347	167	2	58	404	9	349	6.31e-115	339
RVCYZ000440	iSSON_1240.SSON_0706	50.4	347	166	3	58	404	9	349	1.79e-114	338
RVCYZ000440	iML1515.b0754	50.4	347	166	3	58	404	9	349	2.54e-114	337
RVCYZ000440	iSbBS512_1146.SbBS512_E0675	50.4	347	166	3	58	404	9	349	2.54e-114	337
RVCYZ000440	iSDY_1059.SDY_0701	50.4	347	166	3	58	404	9	349	2.54e-114	337
RVCYZ000440	iPC815.YPO3286	50.7	343	162	3	52	393	4	340	1.24e-113	336
RVCYZ000440	iSF_1195.SF0550	50.1	347	167	3	58	404	9	349	1.44e-113	335
RVCYZ000440	iMM904.YBR249C	49.2	374	177	4	33	404	3	365	7.92e-113	334
RVCYZ000440	iML1515.b2601	48.8	346	170	3	52	396	4	343	1.00e-112	333
RVCYZ000440	iSbBS512_1146.SbBS512_E2988	48.8	346	170	3	52	396	4	343	1.42e-112	333
RVCYZ000440	iSDY_1059.SDY_2765	48.8	346	170	3	52	396	4	343	1.42e-112	333
RVCYZ000440	iSF_1195.SF2661	48.8	346	170	3	52	396	4	343	1.42e-112	333
RVCYZ000440	iSSON_1240.SSON_2752	48.8	346	170	3	52	396	4	343	1.42e-112	333
RVCYZ000440	iAF987.Gmet_2375	48.7	339	167	3	56	393	6	338	3.90e-112	332
RVCYZ000440	iYL1228.KPN_02923	47.9	351	176	3	52	401	4	348	1.14e-111	331
RVCYZ000440	STM_v1_0.STM2670	48.3	346	172	3	52	396	4	343	9.22e-111	328
RVCYZ000440	iCN718.ABAYE_RS10175	46.5	344	178	2	59	401	25	363	5.18e-108	322
RVCYZ000440	iYL1228.KPN_02162	47.7	346	175	2	58	403	8	347	1.10e-104	313
RVCYZ000440	iSSON_1240.SSON_1455	46.7	353	182	2	51	403	1	347	2.19e-104	312
RVCYZ000440	iML1515.b1704	46.7	353	182	2	51	403	1	347	4.40e-104	311
RVCYZ000440	iJN1463.PP_2324	47.8	347	169	3	54	396	18	356	2.53e-103	310
RVCYZ000440	iSbBS512_1146.SbBS512_E1908	46.7	353	182	2	51	403	1	347	1.76e-103	310
RVCYZ000440	iSDY_1059.SDY_1798	46.5	353	183	2	51	403	1	347	1.76e-103	310
RVCYZ000440	iSF_1195.SF1526	46.7	353	182	2	51	403	1	347	5.00e-103	308
RVCYZ000441	iPC815.YPO3384	33.6	214	126	5	4	207	3	210	1.51e-27	104
RVCYZ000441	iCN900.CD630_26110	30.0	237	154	4	1	230	1	232	4.08e-27	103
RVCYZ000441	iYO844.BSU27270	32.0	231	146	4	4	228	3	228	4.24e-26	100
RVCYZ000441	iYL1228.KPN_00174	30.6	235	149	5	4	229	3	232	2.46e-24	96.3
RVCYZ000441	iHN637.CLJU_RS05255	30.8	234	145	5	4	230	3	226	6.45e-24	95.1
RVCYZ000442	iAF987.Gmet_0043	25.3	233	161	5	154	378	39	266	7.56e-12	66.6
RVCYZ000443	iAF987.Gmet_1706	38.1	118	68	2	3	117	2	117	2.02e-17	79.3
RVCYZ000443	iAF987.Gmet_1919	34.5	116	75	1	4	118	5	120	2.24e-16	76.6
RVCYZ000444	iEK1008.Rv0932c	35.1	362	206	10	23	368	21	369	1.16e-55	186
RVCYZ000445	iSynCJ816.SGL_RS14195	41.4	314	170	6	16	323	7	312	1.85e-61	198
RVCYZ000445	iEK1008.Rv0929	41.3	315	171	6	17	320	6	317	6.33e-61	197
RVCYZ000446	iEK1008.Rv0930	40.6	308	158	7	26	330	20	305	3.13e-58	189
RVCYZ000447	iEK1008.Rv0820	67.6	262	78	2	1	259	1	258	8.82e-126	357
RVCYZ000448	iNF517.LLMG_RS09575	56.0	473	199	3	1	464	1	473	2.64e-174	497
RVCYZ000449	iYO844.BSU02850	24.4	270	178	4	16	264	8	272	2.35e-14	72.0
RVCYZ000449	iHN637.CLJU_RS18655	26.6	282	169	11	7	264	3	270	1.82e-13	69.3
RVCYZ000457	iEK1008.Rv0992c	50.0	88	42	2	140	226	107	193	5.85e-15	70.9
RVCYZ000462	iEK1008.Rv0482	34.4	425	188	12	5	415	22	369	8.16e-53	180
RVCYZ000463	iHN637.CLJU_RS10530	39.1	491	257	6	1	487	1	453	4.27e-109	333
RVCYZ000464	iJN1463.PP_1625	43.9	82	42	1	1	82	1	78	8.11e-23	84.7
RVCYZ000465	iJN1463.PP_0817	28.6	392	247	8	9	384	18	392	3.44e-38	141
RVCYZ000465	iML1515.b2379	28.8	386	242	8	9	378	18	386	5.53e-36	135
RVCYZ000465	iSSON_1240.SSON_2470	28.8	386	242	8	9	378	18	386	5.53e-36	135
RVCYZ000465	iSbBS512_1146.SbBS512_E2748	28.8	386	242	8	9	378	18	386	7.66e-36	135
RVCYZ000465	iSDY_1059.SDY_2577	28.8	386	242	8	9	378	18	386	1.06e-35	134
RVCYZ000465	iSF_1195.SF2445	28.8	386	242	8	9	378	18	386	1.47e-35	134
RVCYZ000465	iSynCJ816.SGL_RS13490	26.3	391	256	10	9	385	17	389	2.88e-35	133
RVCYZ000467	iHN637.CLJU_RS01885	33.9	280	176	6	46	324	30	301	5.05e-39	140
RVCYZ000467	iLJ478.TM0327	33.7	303	173	9	31	328	24	303	5.01e-37	135
RVCYZ000467	iLJ478.TM1401	35.0	286	162	9	47	322	29	300	3.15e-37	135
RVCYZ000467	iJN1463.PP_0762	33.1	293	173	7	53	334	40	320	3.37e-35	130
RVCYZ000467	iSynCJ816.SGL_RS08600	32.6	307	187	10	22	322	5	297	4.90e-33	127
RVCYZ000470	iSF_1195.SF3439	31.9	648	401	14	91	718	54	681	3.98e-94	306
RVCYZ000470	iML1515.b3416	31.9	648	401	14	91	718	54	681	1.52e-93	305
RVCYZ000470	iSbBS512_1146.SbBS512_E3797	31.9	648	401	14	91	718	54	681	1.52e-93	305
RVCYZ000470	iSDY_1059.SDY_3660	31.9	648	401	14	91	718	54	681	8.06e-93	303
RVCYZ000470	iSSON_1240.SSON_3548	31.8	648	402	14	91	718	54	681	1.13e-92	303
RVCYZ000470	iYL1228.KPN_03786	31.5	647	384	13	117	718	50	682	4.74e-91	298
RVCYZ000470	STM_v1_0.STM3513	31.0	651	413	12	86	718	47	679	6.10e-90	295
RVCYZ000470	iPC815.YPO0126	30.4	609	387	11	132	718	93	686	3.97e-86	285
RVCYZ000473	iJN1463.PP_4055	43.0	598	305	10	97	693	71	633	6.85e-148	453
RVCYZ000473	iEK1008.Rv1564c	41.4	587	315	9	97	683	71	628	7.67e-144	443
RVCYZ000473	STM_v1_0.STM3537	42.9	536	271	9	85	620	44	544	7.54e-134	415
RVCYZ000473	iPC815.YPO3941	38.4	636	340	13	84	719	43	626	1.19e-133	414
RVCYZ000473	iYL1228.KPN_03797	42.6	537	271	11	85	620	44	544	1.73e-131	409
RVCYZ000474	STM_v1_0.STM1220	26.0	173	99	6	187	336	118	284	5.09e-07	50.4
RVCYZ000474	iLJ478.TM1469	31.9	135	64	6	198	304	131	265	5.37e-06	47.4
RVCYZ000474	iCN900.CD630_21940	22.7	269	191	5	6	257	13	281	8.74e-06	47.0
RVCYZ000475	iYS854.USA300HOU_RS00795	50.2	858	413	8	31	887	21	865	5.05e-282	804
RVCYZ000500	iEK1008.Rv0733	50.8	185	85	2	1	185	1	179	2.07e-55	173
RVCYZ000500	iHN637.CLJU_RS20110	41.5	212	97	2	1	185	1	212	1.43e-53	169
RVCYZ000500	iCN900.CD630_00910	44.8	212	90	2	1	185	1	212	1.97e-53	169
RVCYZ000500	iAF692.Mbar_A0086	42.2	211	96	1	1	185	1	211	2.70e-53	169
RVCYZ000500	iNF517.LLMG_RS11835	43.5	214	92	3	1	185	1	214	3.83e-53	168
RVCYZ000500	iYS854.USA300HOU_RS12070	38.5	213	104	2	1	186	1	213	9.18e-49	157
RVCYZ000507	iAF692.Mbar_A1332	28.9	277	147	5	3	279	2	228	1.17e-27	107
RVCYZ000507	iCN900.CD630_01030	27.9	283	160	9	1	279	1	243	7.19e-25	99.8
RVCYZ000510	iML1515.b3590	35.0	234	134	10	441	666	2	225	5.38e-15	79.0
RVCYZ000512	iEK1008.Rv2793c	48.4	215	103	3	12	226	7	213	1.58e-61	198
RVCYZ000513	iEK1008.Rv2786c	29.2	404	188	10	24	426	23	329	1.03e-37	139
RVCYZ000517	iNF517.LLMG_RS12615	53.0	219	103	0	9	227	4	222	2.70e-74	224
RVCYZ000519	iNF517.LLMG_RS03735	39.2	426	252	4	1	422	1	423	7.52e-90	278
RVCYZ000519	iYS854.USA300HOU_RS00045	36.5	427	261	7	1	421	1	423	6.04e-87	271
RVCYZ000519	iLJ478.TM1379	38.9	424	247	7	1	416	1	420	1.22e-85	267
RVCYZ000519	iJN1463.PP_4000	39.8	432	242	10	1	421	1	425	1.78e-85	267
RVCYZ000519	iAF987.Gmet_3528	38.4	422	250	8	1	417	1	417	1.58e-82	259
RVCYZ000519	iAF692.Mbar_A0541	36.8	432	247	8	1	421	28	444	1.87e-81	257
RVCYZ000519	iYL1228.KPN_00925	38.5	436	246	10	1	421	1	429	1.67e-80	254
RVCYZ000519	iCN718.ABAYE_RS04335	36.4	429	260	8	1	422	1	423	1.51e-79	251
RVCYZ000519	STM_v1_0.STM0963	37.4	436	251	9	1	421	1	429	1.84e-79	251
RVCYZ000519	iPC815.YPO1379	36.9	436	253	10	1	421	1	429	1.84e-79	251
RVCYZ000519	iHN637.CLJU_RS00085	43.3	328	178	6	99	422	103	426	4.60e-79	250
RVCYZ000520	iSynCJ816.SGL_RS16525	28.3	254	143	8	101	344	189	413	2.77e-14	73.6
RVCYZ000520	iJN1463.PP_2125	30.4	204	119	7	90	288	58	243	6.39e-13	68.6
RVCYZ000520	iEK1008.Rv2252	27.7	213	139	7	74	283	40	240	2.09e-12	67.0
RVCYZ000521	iEK1008.Rv3068c	57.9	558	223	6	1	557	1	547	2.50e-222	625
RVCYZ000521	iSynCJ816.SGL_RS17740	57.0	551	219	7	12	557	14	551	2.94e-212	600
RVCYZ000521	iJN1463.PP_3578	55.1	552	233	6	6	556	7	544	7.82e-211	596
RVCYZ000521	iML1515.b0688	52.7	554	246	6	4	556	5	543	1.52e-198	565
RVCYZ000521	iSbBS512_1146.SbBS512_E0562	52.7	554	246	6	4	556	5	543	1.52e-198	565
RVCYZ000521	iSSON_1240.SSON_0642	52.5	554	247	6	4	556	5	543	1.52e-198	565
RVCYZ000521	iSF_1195.SF0605	52.3	554	248	6	4	556	5	543	2.16e-198	565
RVCYZ000521	iYL1228.KPN_00711	52.7	554	246	6	4	556	5	543	3.06e-198	564
RVCYZ000521	iSDY_1059.SDY_0628	52.5	554	247	6	4	556	5	543	3.06e-198	564
RVCYZ000521	iPC815.YPO2686	52.4	555	248	6	5	558	6	545	6.36e-198	563
RVCYZ000525	iEK1008.Rv0386	38.3	60	37	0	174	233	1025	1084	1.32e-06	48.5
RVCYZ000529	iNF517.LLMG_RS08915	48.7	382	188	2	1	379	1	377	3.29e-120	353
RVCYZ000529	iIT341.HP0106	48.6	381	188	2	3	380	2	377	4.30e-118	348
RVCYZ000529	iHN637.CLJU_RS11995	46.3	378	195	2	8	382	7	379	1.28e-114	339
RVCYZ000529	iYO844.BSU27250	48.0	377	188	2	6	379	5	376	7.07e-114	337
RVCYZ000530	iJN1463.PP_2528	49.0	202	100	3	16	217	5	203	2.14e-48	164
RVCYZ000530	iEK1008.Rv3340	42.6	204	115	1	14	217	18	219	2.16e-44	154
RVCYZ000530	iJN1463.PP_1308	42.2	204	115	2	14	217	10	210	3.37e-43	150
RVCYZ000531	iAF987.Gmet_2390	49.2	61	31	0	1	61	363	423	1.23e-15	68.6
RVCYZ000531	iLJ478.TM0882	45.3	64	35	0	1	64	364	427	1.23e-15	68.6
RVCYZ000531	iAF692.Mbar_A2427	49.2	61	31	0	1	61	394	454	1.71e-15	68.2
RVCYZ000531	iEK1008.Rv0391	52.7	55	26	0	7	61	351	405	3.10e-15	67.4
RVCYZ000531	iCN718.ABAYE_RS01840	50.8	61	30	0	1	61	362	422	8.07e-15	66.2
RVCYZ000531	iHN637.CLJU_RS03265	45.3	64	35	0	1	64	364	427	2.07e-14	65.1
RVCYZ000531	iNF517.LLMG_RS00495	44.4	63	35	0	1	63	363	425	2.07e-14	65.1
RVCYZ000531	iJN1463.PP_1308	45.2	62	34	0	1	62	334	395	9.76e-14	63.2
RVCYZ000531	iMM904.YAL012W	43.8	64	36	0	1	64	329	392	2.50e-13	62.0
RVCYZ000532	iAF692.Mbar_A1667	43.9	485	261	8	70	550	35	512	1.58e-115	352
RVCYZ000532	iSynCJ816.SGL_RS06545	42.2	490	271	7	70	550	16	502	1.92e-115	351
RVCYZ000532	iLJ478.TM1705	42.1	473	265	9	82	551	20	486	2.37e-114	348
RVCYZ000532	iLB1027_lipid.PHATRDRAFT_32202	41.9	482	263	9	82	551	5	481	1.55e-110	338
RVCYZ000532	iNF517.LLMG_RS01995	41.6	476	265	8	82	550	15	484	6.62e-109	333
RVCYZ000532	STM_v1_0.STM3040	38.7	519	289	11	43	551	4	503	4.91e-108	332
RVCYZ000532	iSbBS512_1146.SbBS512_E3309	40.0	495	278	10	67	551	18	503	6.93e-108	332
RVCYZ000532	iSF_1195.SF2876	40.0	495	278	10	67	551	18	503	6.93e-108	332
RVCYZ000532	iSSON_1240.SSON_3043	40.0	495	278	10	67	551	18	503	6.93e-108	332
RVCYZ000532	iSDY_1059.SDY_3192	39.8	495	279	10	67	551	18	503	3.86e-107	330
RVCYZ000532	iYL1228.KPN_03318	38.0	519	293	11	43	551	4	503	2.15e-106	328
RVCYZ000532	iYS854.USA300HOU_RS02655	39.6	492	285	8	66	550	7	493	7.01e-105	323
RVCYZ000532	iAF987.Gmet_2360	40.9	469	269	8	82	547	22	485	8.78e-105	323
RVCYZ000532	iML1515.b4129	38.5	496	286	10	66	551	17	503	7.38e-104	321
RVCYZ000532	iYL1228.KPN_00502	37.6	519	295	11	43	551	4	503	7.38e-104	321
RVCYZ000532	iPC815.YPO0888	38.9	494	285	8	67	551	18	503	1.47e-103	320
RVCYZ000536	iNF517.LLMG_RS05965	29.3	464	284	13	53	497	36	474	6.83e-45	167
RVCYZ000536	iML1515.b1492	26.7	476	330	9	18	487	8	470	3.71e-44	166
RVCYZ000536	iSbBS512_1146.SbBS512_E1755	26.7	476	330	9	18	487	8	470	3.71e-44	166
RVCYZ000536	iSF_1195.SF1735	26.7	476	330	9	18	487	8	470	3.71e-44	166
RVCYZ000536	iSSON_1240.SSON_1632	26.7	476	330	9	18	487	8	470	3.71e-44	166
RVCYZ000536	iSDY_1059.SDY_1614	26.3	476	332	9	18	487	8	470	4.43e-43	162
RVCYZ000538	iJN1463.PP_1229	26.7	450	309	7	18	458	7	444	1.23e-39	149
RVCYZ000538	iYL1228.KPN_01022	25.7	470	319	11	11	467	6	458	7.53e-39	147
RVCYZ000538	iJN1463.PP_2586	27.6	463	312	8	1	454	1	449	7.17e-39	147
RVCYZ000538	iSF_1195.SF1301	26.1	464	314	11	20	470	14	461	1.75e-37	143
RVCYZ000538	iSSON_1240.SSON_1844	26.1	464	314	11	20	470	32	479	2.29e-37	143
RVCYZ000538	iML1515.b1296	26.1	464	314	11	20	470	14	461	2.41e-37	142
RVCYZ000538	iJN1463.PP_2802	26.9	453	298	13	23	461	9	442	3.15e-36	139
RVCYZ000538	iML1515.b2014	27.6	450	293	12	22	456	12	443	6.81e-36	138
RVCYZ000538	iSbBS512_1146.SbBS512_E1532	25.6	464	316	11	20	470	14	461	1.80e-34	134
RVCYZ000539	iEK1008.Rv0534c	40.5	262	99	4	3	263	4	209	5.35e-43	150
RVCYZ000540	iEK1008.Rv0489	62.3	247	88	2	2	245	4	248	8.07e-107	308
RVCYZ000540	iMM904.YKL152C	62.2	246	89	3	4	246	3	247	6.74e-103	298
RVCYZ000542	iEK1008.Rv3777	38.7	93	50	3	1	92	4	90	8.92e-11	57.0
RVCYZ000543	iEK1008.Rv3777	25.1	235	162	2	1	226	98	327	5.81e-20	86.3
RVCYZ000543	iEK1008.Rv2933	28.4	222	149	3	11	227	1564	1780	7.28e-19	84.7
RVCYZ000543	iEK1008.Rv3825c	28.1	221	149	3	9	224	1532	1747	4.50e-18	82.4
RVCYZ000544	iEK1008.Rv3255c	32.1	439	240	13	1	431	1	389	2.03e-52	181
RVCYZ000544	iPC815.YPO2263	29.9	442	229	12	9	438	9	381	2.18e-48	170
RVCYZ000544	STM_v1_0.STM1467	34.1	323	158	7	9	319	9	288	4.34e-47	166
RVCYZ000546	iAF987.Gmet_0043	26.4	231	162	4	197	421	38	266	9.14e-16	79.3
RVCYZ000548	iEK1008.Rv0884c	54.5	376	163	2	4	379	9	376	1.44e-140	404
RVCYZ000549	iYS854.USA300HOU_RS14370	51.8	110	52	1	230	339	508	616	5.58e-27	111
RVCYZ000550	iML1515.b2175	39.5	81	42	3	169	243	79	158	2.99e-07	49.3
RVCYZ000551	iSynCJ816.SGL_RS14400	26.5	215	143	7	70	280	485	688	4.74e-07	51.2
RVCYZ000553	iEK1008.Rv2764c	69.1	265	78	1	26	290	3	263	1.83e-141	398
RVCYZ000553	iYL1228.KPN_03236	64.2	265	90	2	27	290	4	264	5.66e-129	367
RVCYZ000553	iSDY_1059.SDY_3044	63.4	265	92	2	27	290	4	264	2.30e-128	365
RVCYZ000553	STM_v1_0.STM3001	63.8	265	91	2	27	290	4	264	4.62e-128	364
RVCYZ000553	iML1515.b2827	63.4	265	92	2	27	290	4	264	6.56e-128	364
RVCYZ000553	iSSON_1240.SSON_2984	63.4	265	92	2	27	290	4	264	6.56e-128	364
RVCYZ000553	iSbBS512_1146.SbBS512_E3035	63.4	265	92	2	27	290	4	264	9.31e-128	363
RVCYZ000553	iSF_1195.SF2837	63.0	265	93	2	27	290	4	264	9.31e-128	363
RVCYZ000554	iEK1008.Rv2763c	41.2	187	76	6	37	218	2	159	1.88e-39	133
RVCYZ000555	iCHOv1.100773599	32.2	149	88	3	9	155	8	145	6.45e-20	81.3
RVCYZ000555	iMM1415.11431	33.6	149	86	3	9	155	8	145	1.38e-18	77.8
RVCYZ000556	iAF987.Gmet_2329	43.6	328	171	8	1	321	1	321	1.68e-79	245
RVCYZ000556	iNF517.LLMG_RS11200	41.5	328	182	6	1	323	1	323	1.68e-79	245
RVCYZ000556	iHN637.CLJU_RS10655	40.5	328	182	8	1	322	1	321	1.43e-78	243
RVCYZ000556	iSynCJ816.SGL_RS08980	41.6	322	176	7	2	316	6	322	8.67e-77	238
RVCYZ000556	iAF987.Gmet_1486	42.2	322	174	6	1	316	1	316	2.74e-73	229
RVCYZ000556	iCN900.CD630_27140	40.5	338	180	10	1	323	1	332	4.74e-70	221
RVCYZ000559	iCHOv1.100772070	38.3	324	170	7	9	326	48	347	7.29e-62	201
RVCYZ000563	iEK1008.Rv3802c	29.3	82	44	2	17	87	108	186	5.43e-05	43.5
RVCYZ000571	iNF517.LLMG_RS11220	43.5	467	256	5	32	497	2	461	3.99e-124	370
RVCYZ000572	iLJ478.TM1193	33.3	980	587	19	100	1065	60	986	3.69e-166	518
RVCYZ000574	iML1515.b3885	25.8	120	88	1	70	188	63	182	1.64e-11	60.5
RVCYZ000580	iML1515.b1448	28.8	146	98	2	37	181	4	144	1.79e-06	46.2
RVCYZ000580	iJN1463.PP_4846	25.6	172	117	3	34	202	3	166	2.41e-06	45.8
RVCYZ000583	iPC815.YPO3627	49.8	211	93	3	5	206	13	219	2.54e-59	187
RVCYZ000583	iJN1463.PP_0240	50.2	203	90	2	12	206	24	223	3.48e-59	187
RVCYZ000583	iML1515.b0933	47.1	208	99	2	7	206	14	218	6.53e-56	178
RVCYZ000583	iSSON_1240.SSON_0936	46.6	208	100	2	7	206	14	218	1.85e-55	177
RVCYZ000583	iYL1228.KPN_00969	45.7	208	102	2	7	206	14	218	3.92e-55	176
RVCYZ000583	iSF_1195.SF0930	45.7	208	102	2	7	206	14	218	2.09e-54	174
RVCYZ000584	iCN718.ABAYE_RS11230	27.5	182	128	3	76	255	80	259	5.14e-12	65.5
RVCYZ000584	iJN1463.PP_0233	30.8	169	109	4	73	238	62	225	3.74e-11	62.8
RVCYZ000584	iSDY_1059.SDY_0505	27.8	180	122	4	80	256	67	241	1.20e-10	61.2
RVCYZ000584	iML1515.b0365	27.8	180	122	4	80	256	67	241	1.61e-10	60.8
RVCYZ000584	iSSON_1240.SSON_0343	28.1	178	120	4	80	254	86	258	4.25e-10	59.7
RVCYZ000584	iYL1228.KPN_00311	27.5	178	121	4	80	254	67	239	5.23e-10	59.3
RVCYZ000585	iYL1228.KPN_00970	39.4	236	142	1	62	296	13	248	2.11e-48	162
RVCYZ000585	iJN1463.PP_0239	38.3	235	144	1	62	295	14	248	2.23e-48	162
RVCYZ000585	iCN718.ABAYE_RS19055	34.8	253	152	2	44	295	14	254	1.74e-47	159
RVCYZ000585	iPC815.YPO3626	37.0	235	147	1	62	295	14	248	5.35e-46	155
RVCYZ000585	iSDY_1059.SDY_2323	37.7	236	146	1	62	296	13	248	1.20e-43	149
RVCYZ000585	iML1515.b0934	37.7	236	146	1	62	296	13	248	1.69e-43	149
RVCYZ000585	iSSON_1240.SSON_0937	37.7	236	146	1	62	296	13	248	1.69e-43	149
RVCYZ000587	iYO844.BSU33900	58.6	425	174	1	1	423	1	425	2.55e-177	501
RVCYZ000587	iCN900.CD630_31700	58.4	430	177	1	1	428	1	430	1.37e-174	494
RVCYZ000587	iEK1008.Rv1023	60.0	423	167	2	1	423	1	421	7.62e-174	493
RVCYZ000587	iLJ478.TM0877	57.4	425	181	0	4	428	3	427	7.10e-174	493
RVCYZ000587	iHN637.CLJU_RS19255	60.9	422	161	2	4	423	7	426	3.42e-173	491
RVCYZ000587	iAF987.Gmet_2372	58.2	431	175	2	1	428	1	429	1.35e-169	482
RVCYZ000587	iYS854.USA300HOU_RS04205	57.1	429	178	3	1	423	1	429	9.95e-166	472
RVCYZ000587	iSynCJ816.SGL_RS17675	56.7	418	178	2	2	418	7	422	2.01e-162	464
RVCYZ000590	iCN900.CD630_34910	25.7	323	219	5	6	328	3	304	1.55e-30	117
RVCYZ000592	iJN1463.PP_0987	50.7	495	200	9	6	496	4	458	4.59e-157	454
RVCYZ000592	iJN1463.PP_3144	49.2	492	212	9	6	496	4	458	2.01e-145	424
RVCYZ000592	iCN718.ABAYE_RS11985	47.9	491	221	7	6	496	4	459	5.41e-143	418
RVCYZ000592	iJN1463.PP_0297	47.8	492	219	7	6	496	4	458	1.36e-140	412
RVCYZ000599	iYS854.USA300HOU_RS12505	27.5	233	147	8	96	313	80	305	2.49e-13	69.3
RVCYZ000600	iYS854.USA300HOU_RS12505	25.0	276	161	7	36	309	17	248	4.12e-13	69.7
RVCYZ000604	iAM_Pf480.PF3D7_1017400	24.0	246	165	8	24	261	7	238	6.81e-10	57.8
RVCYZ000606	iEK1008.Rv2435c	26.1	134	87	3	67	200	453	574	8.15e-05	44.3
RVCYZ000607	iAF987.Gmet_0069	36.6	123	73	2	10	127	1	123	2.29e-15	73.6
RVCYZ000607	iAF987.Gmet_1706	33.3	126	79	3	14	136	3	126	3.56e-13	67.4
RVCYZ000608	iEK1008.Rv1326c	52.2	738	332	6	12	747	12	730	6.84e-281	789
RVCYZ000610	iEK1008.Rv3581c	51.9	154	69	3	8	160	6	155	4.53e-41	135
RVCYZ000611	iYO844.BSU02870	25.8	264	194	2	13	274	2	265	2.30e-18	82.4
RVCYZ000611	iAF987.Gmet_0493	28.9	263	179	4	19	275	11	271	2.84e-18	82.0
RVCYZ000611	iSbBS512_1146.SbBS512_E1610	30.4	250	163	5	22	268	20	261	6.42e-18	81.3
RVCYZ000611	iSDY_1059.SDY_1455	30.4	250	163	5	22	268	20	261	6.42e-18	81.3
RVCYZ000611	iSF_1195.SF1363	30.4	250	163	5	22	268	20	261	6.42e-18	81.3
RVCYZ000611	iSSON_1240.SSON_1752	30.4	250	163	5	22	268	20	261	6.42e-18	81.3
RVCYZ000611	STM_v1_0.STM2863	28.7	261	175	5	8	265	6	258	1.23e-17	80.5
RVCYZ000611	iNF517.LLMG_RS05775	29.1	251	169	5	19	264	14	260	1.54e-17	80.1
RVCYZ000611	iYS854.USA300HOU_RS08300	28.4	271	182	5	15	275	6	274	2.35e-17	79.7
RVCYZ000611	iYS854.USA300HOU_RS03425	24.8	246	179	2	16	258	10	252	1.40e-16	77.4
RVCYZ000611	iML1515.b1859	31.6	244	148	6	25	257	10	245	1.54e-16	77.0
RVCYZ000611	iNF517.LLMG_RS12025	29.4	245	169	4	19	260	9	252	1.72e-16	77.0
RVCYZ000611	iSDY_1059.SDY_1146	31.6	244	148	6	25	257	10	245	2.12e-16	76.6
RVCYZ000611	iSSON_1240.SSON_1282	31.6	244	148	6	25	257	10	245	2.12e-16	76.6
RVCYZ000611	iJN1463.PP_0117	30.6	245	161	3	19	257	4	245	3.94e-16	75.9
RVCYZ000611	STM_v1_0.STM1893	30.1	256	160	6	25	269	10	257	5.49e-16	75.5
RVCYZ000612	iYO844.BSU30760	37.2	191	117	3	16	205	8	196	7.86e-31	115
RVCYZ000612	iSbBS512_1146.SbBS512_E1611	34.0	197	126	3	12	205	7	202	3.74e-30	114
RVCYZ000612	iSDY_1059.SDY_1456	34.0	197	126	3	12	205	7	202	3.74e-30	114
RVCYZ000612	iSF_1195.SF1364	34.0	197	126	3	12	205	7	202	3.74e-30	114
RVCYZ000612	iSSON_1240.SSON_1751	34.0	197	126	3	12	205	7	202	3.74e-30	114
RVCYZ000612	iSynCJ816.SGL_RS04625	36.0	197	124	1	9	205	20	214	5.11e-29	112
RVCYZ000612	iAF692.Mbar_A0995	37.6	202	119	5	8	206	1	198	2.58e-27	106
RVCYZ000612	iYO844.BSU33290	35.0	197	121	2	15	206	7	201	2.56e-26	104
RVCYZ000613	iEK1008.Rv2059	27.8	234	164	1	59	287	111	344	1.02e-28	115
RVCYZ000614	iEK1008.Rv3356c	57.3	288	113	2	2	289	3	280	3.70e-109	317
RVCYZ000615	iHN637.CLJU_RS10465	37.9	335	205	2	36	367	302	636	9.83e-77	252
RVCYZ000616	iEK1008.Rv1631	40.9	181	99	3	10	190	2	174	1.68e-29	112
RVCYZ000616	iYO844.BSU29060	35.9	198	121	3	12	209	5	196	7.99e-28	103
RVCYZ000619	iEK1008.Rv1617	48.0	479	239	4	2	480	3	471	5.69e-139	407
RVCYZ000620	iYO844.BSU23610	29.8	171	117	3	21	191	10	177	1.28e-20	84.7
RVCYZ000620	iYS854.USA300HOU_RS08015	30.9	178	110	4	22	195	10	178	3.48e-18	78.2
RVCYZ000621	iAF987.Gmet_0069	27.0	141	95	3	39	175	4	140	5.72e-07	49.3
RVCYZ000621	iAF987.Gmet_1919	28.6	112	74	3	38	146	3	111	6.22e-07	49.3
RVCYZ000624	iYO844.BSU23610	28.8	156	99	4	65	215	36	184	2.40e-11	60.1
RVCYZ000624	iYS854.USA300HOU_RS08015	29.0	183	114	6	27	205	1	171	3.06e-11	59.7
RVCYZ000625	iEK1008.Rv1564c	58.5	699	278	5	2	694	25	717	9.93e-306	850
RVCYZ000627	iEK1008.Rv3227	44.2	455	213	12	9	457	4	423	2.17e-105	320
RVCYZ000628	iEK1008.Rv0409	48.6	393	183	2	1	393	1	374	7.06e-121	355
RVCYZ000628	iLJ478.TM0274	48.5	402	194	8	5	399	3	398	1.02e-111	333
RVCYZ000628	iHN637.CLJU_RS06265	44.6	399	211	6	5	399	3	395	5.82e-107	320
RVCYZ000629	iEK1008.Rv0408	36.6	683	299	8	6	557	7	686	5.42e-127	387
RVCYZ000630	iSynCJ816.SGL_RS18020	47.3	797	398	12	16	804	22	804	2.55e-268	763
RVCYZ000630	iLB1027_lipid.PHATRDRAFT_36257	44.9	841	392	17	12	801	11	831	1.86e-249	716
RVCYZ000631	iEK1008.Rv3396c	68.4	519	156	3	3	520	14	525	1.79e-250	694
RVCYZ000634	iSynCJ816.SGL_RS17200	30.2	659	392	15	5	600	10	663	4.27e-66	229
RVCYZ000634	iSynCJ816.SGL_RS10930	27.3	666	425	10	2	610	9	672	7.15e-64	223
RVCYZ000634	iEK1008.Rv0684	26.0	665	419	10	5	601	15	674	2.92e-62	219
RVCYZ000639	iAF987.Gmet_0862	34.9	83	52	2	5	86	3	84	1.46e-05	41.6
RVCYZ000641	iJN1463.PP_0591	49.8	309	153	2	10	317	5	312	8.05e-103	304
RVCYZ000641	iCN718.ABAYE_RS13035	44.8	326	178	2	8	332	5	329	1.94e-97	291
RVCYZ000644	iYO844.BSU30450	26.1	211	151	2	18	226	19	226	3.93e-21	90.5
RVCYZ000644	iYO844.BSU02750	25.7	206	144	5	18	216	23	226	3.14e-18	81.6
RVCYZ000646	iIS312.TCDM_05295	32.2	143	90	4	28	163	99	241	3.10e-12	63.5
RVCYZ000647	iJN1463.PP_3598	33.2	244	149	7	1	232	13	254	1.10e-31	116
RVCYZ000648	iSbBS512_1146.SbBS512_E1057	45.2	372	200	1	10	377	5	376	1.38e-114	347
RVCYZ000648	iSDY_1059.SDY_1088	45.2	372	200	1	10	377	5	376	1.38e-114	347
RVCYZ000648	iML1515.b1927	45.2	372	200	1	10	377	5	376	2.76e-114	346
RVCYZ000648	iSSON_1240.SSON_1983	45.2	372	200	1	10	377	5	376	2.76e-114	346
RVCYZ000648	iSF_1195.SF1970	44.9	372	201	1	10	377	5	376	1.23e-112	342
RVCYZ000648	iYL1228.KPN_02419	44.6	372	202	2	10	377	5	376	4.89e-112	340
RVCYZ000648	STM_v1_0.STM1963	38.5	491	280	6	10	480	5	493	1.34e-111	339
RVCYZ000650	iCN900.CD630_26960	33.3	336	213	4	12	346	50	375	2.23e-59	196
RVCYZ000650	iCN900.CD630_27330	32.7	312	201	4	36	346	66	369	8.30e-57	189
RVCYZ000652	iCN900.CD630_20910	34.3	426	280	0	53	478	9	434	5.73e-88	276
RVCYZ000653	iCN900.CD630_23300	51.6	192	91	1	1	192	1	190	1.99e-63	194
RVCYZ000657	iNF517.LLMG_RS07955	30.8	224	126	6	2	211	1	209	1.80e-16	75.1
RVCYZ000660	iCN900.CD630_12820	38.3	893	510	16	5	889	8	867	1.10e-189	567
RVCYZ000660	iSynCJ816.SGL_RS11990	38.7	897	505	18	5	894	12	870	1.46e-189	566
RVCYZ000660	iLJ478.TM1396	38.5	904	499	18	1	894	4	860	3.67e-186	557
RVCYZ000660	iAF987.Gmet_0201	39.4	899	499	19	5	892	5	868	3.34e-177	535
RVCYZ000660	iYS854.USA300HOU_RS08615	37.5	903	510	17	1	889	4	866	1.03e-175	531
RVCYZ000660	iSF_1195.SF2720	38.1	906	502	20	3	892	5	867	1.17e-170	518
RVCYZ000660	iSDY_1059.SDY_2893	38.0	906	503	20	3	892	5	867	1.64e-170	517
RVCYZ000660	iSSON_1240.SSON_2841	38.0	906	503	20	3	892	5	867	2.31e-170	517
RVCYZ000660	iSbBS512_1146.SbBS512_E3180	37.9	906	504	20	3	892	5	867	9.09e-170	515
RVCYZ000660	STM_v1_0.STM2827	38.1	909	498	22	3	892	5	867	1.80e-169	514
RVCYZ000660	iYL1228.KPN_03029	38.9	906	495	20	3	892	5	867	2.47e-169	514
RVCYZ000662	iCN900.CD630_12260	28.3	290	190	6	85	360	30	315	1.25e-23	100
RVCYZ000664	iEK1008.Rv2540c	66.8	391	126	3	1	390	1	388	3.03e-172	486
RVCYZ000665	iEK1008.Rv2538c	48.5	357	172	3	196	551	17	362	5.09e-101	309
RVCYZ000666	iEK1008.Rv2537c	52.5	141	64	1	10	150	6	143	8.60e-43	138
RVCYZ000674	iCHOv1.100767001	33.9	180	105	3	1	176	55	224	4.34e-24	97.4
RVCYZ000674	iMM1415.11722	35.7	182	102	4	1	176	55	227	8.21e-24	96.7
RVCYZ000674	iMM1415.100043684	32.2	180	108	3	1	176	55	224	1.66e-21	90.1
RVCYZ000675	iCHOv1.100767001	38.0	121	57	5	16	127	244	355	4.98e-10	56.2
RVCYZ000675	iMM1415.100043684	37.2	121	58	5	16	127	244	355	1.25e-09	55.1
RVCYZ000675	iCHOv1.100766318	33.1	127	64	5	10	127	164	278	1.41e-08	52.0
RVCYZ000676	iLJ478.TM1845	31.0	203	117	4	153	351	579	762	3.36e-14	73.6
RVCYZ000678	iEK1008.Rv1699	66.2	542	177	2	14	550	9	549	3.90e-256	713
RVCYZ000680	iYS854.USA300HOU_RS04535	61.4	458	176	1	27	484	9	465	9.16e-210	587
RVCYZ000681	iSSON_1240.SSON_1475	26.1	394	239	14	42	396	41	421	1.84e-26	109
RVCYZ000681	iML1515.b1681	26.1	391	243	13	42	396	41	421	3.42e-26	108
RVCYZ000681	iSF_1195.SF1711	26.1	394	239	14	42	396	41	421	3.42e-26	108
RVCYZ000681	iSDY_1059.SDY_1912	27.8	385	244	11	42	396	41	421	4.66e-26	108
RVCYZ000682	iYS854.USA300HOU_RS04515	58.6	251	97	3	2	250	3	248	6.10e-94	276
RVCYZ000683	iEK1008.Rv1464	48.5	421	200	6	3	421	9	414	1.01e-126	372
RVCYZ000684	iYS854.USA300HOU_RS04530	34.0	159	77	4	9	167	6	136	1.05e-24	94.0
RVCYZ000685	iYS854.USA300HOU_RS04825	39.4	94	52	2	92	183	12	102	5.58e-17	72.4
RVCYZ000686	iEK1008.Rv1213	54.1	405	178	3	6	410	5	401	3.14e-133	388
RVCYZ000690	iML1515.b1103	39.4	109	56	2	7	109	6	110	2.96e-21	81.3
RVCYZ000694	iAF987.Gmet_2444	47.4	57	29	1	24	80	24	79	1.74e-07	52.4
RVCYZ000695	iEK1008.Rv2187	40.2	567	326	6	104	664	30	589	4.73e-131	399
RVCYZ000696	iEK1008.Rv0155	44.1	358	187	5	12	369	12	356	1.67e-79	248
RVCYZ000696	iJN1463.PP_0156	44.2	339	181	5	12	346	4	338	2.24e-75	238
RVCYZ000696	iCN718.ABAYE_RS15925	41.7	367	203	6	12	371	4	366	5.24e-74	234
RVCYZ000697	iEK1008.Rv0156	49.5	93	45	1	3	93	4	96	4.04e-25	90.5
RVCYZ000698	iEK1008.Rv0157	48.4	473	219	8	14	469	11	475	1.29e-130	386
RVCYZ000698	STM_v1_0.STM1480	44.6	464	237	7	13	466	9	462	1.08e-117	352
RVCYZ000698	iSynCJ816.SGL_RS06840	44.8	466	237	6	13	467	9	465	1.51e-116	350
RVCYZ000698	iPC815.YPO2302	44.0	464	240	7	13	466	9	462	9.17e-117	350
RVCYZ000698	iYL1228.KPN_01527	44.2	464	239	8	13	466	9	462	1.22e-116	350
RVCYZ000701	iEK1008.Rv2210c	49.9	357	175	2	19	371	8	364	4.41e-124	362
RVCYZ000704	iEK1008.Rv0684	23.2	691	285	21	11	478	8	675	7.12e-24	106
RVCYZ000704	iSynCJ816.SGL_RS17200	24.4	525	258	15	12	412	4	513	2.17e-23	104
RVCYZ000705	iEK1008.Rv2388c	43.2	417	186	9	19	431	5	374	5.12e-101	305
RVCYZ000706	iEK1008.Rv3859c	56.0	1517	630	13	1	1487	8	1516	0.0	1640
RVCYZ000707	iEK1008.Rv3858c	53.9	512	205	5	1	506	1	487	9.22e-181	516
RVCYZ000709	iPC815.YPO3064	36.2	152	95	2	9	159	5	155	5.13e-24	91.3
RVCYZ000709	iML1515.b2480	36.8	152	94	2	9	159	4	154	1.98e-23	89.7
RVCYZ000709	iSbBS512_1146.SbBS512_E2852	36.8	152	94	2	9	159	4	154	1.98e-23	89.7
RVCYZ000709	iSDY_1059.SDY_2669	36.8	152	94	2	9	159	4	154	1.98e-23	89.7
RVCYZ000709	iSF_1195.SF2523	36.8	152	94	2	9	159	4	154	1.98e-23	89.7
RVCYZ000709	iSSON_1240.SSON_2561	36.8	152	94	2	9	159	4	154	1.98e-23	89.7
RVCYZ000709	iYL1228.KPN_02814	36.1	155	97	2	6	159	1	154	3.95e-23	89.0
RVCYZ000709	iJN1463.PP_1235	34.3	137	90	0	18	154	12	148	4.49e-22	86.3
RVCYZ000710	iEK1008.Rv1212c	47.8	406	190	5	1	405	1	385	7.59e-122	358
RVCYZ000711	iAF692.Mbar_A2262	25.8	248	166	3	25	272	20	249	2.17e-21	90.5
RVCYZ000711	iJN1463.PP_2416	26.6	267	162	7	11	272	12	249	3.70e-21	89.7
RVCYZ000711	iYS854.USA300HOU_RS08305	28.3	226	155	3	1	224	1	221	5.05e-21	89.4
RVCYZ000711	iYO844.BSU30760	27.6	210	146	2	13	222	6	209	7.82e-20	85.9
RVCYZ000711	iPC815.YPO2440	26.6	244	153	5	22	262	23	243	1.58e-19	85.9
RVCYZ000711	iYS854.USA300HOU_RS03430	26.1	241	148	7	25	261	16	230	1.42e-19	85.1
RVCYZ000711	iAF987.Gmet_0492	35.2	182	112	4	28	207	23	200	2.29e-19	84.7
RVCYZ000711	iJN1463.PP_2592	26.8	265	163	7	11	269	2	241	4.51e-19	84.0
RVCYZ000711	iSynCJ816.SGL_RS04625	29.2	216	142	5	11	224	23	229	7.12e-19	84.0
RVCYZ000714	iNF517.LLMG_RS06190	54.7	758	331	6	6	763	4	749	6.78e-297	832
RVCYZ000715	iNF517.LLMG_RS06195	42.3	279	155	4	5	280	7	282	5.67e-64	202
RVCYZ000718	iHN637.CLJU_RS17595	57.3	302	128	1	3	304	4	304	5.95e-120	347
RVCYZ000718	iCN900.CD630_01840	53.6	295	134	1	10	304	11	302	2.30e-107	315
RVCYZ000719	iHN637.CLJU_RS17590	42.2	135	78	0	1	135	2	136	3.09e-36	121
RVCYZ000720	iAF987.Gmet_1770	35.6	444	212	7	28	461	43	422	5.26e-76	244
RVCYZ000720	iCN900.CD630_15260	36.2	436	214	9	29	460	45	420	2.78e-71	231
RVCYZ000721	iHN637.CLJU_RS17585	40.5	279	142	7	1	278	3	258	1.87e-57	186
RVCYZ000722	iHN637.CLJU_RS17580	32.0	231	145	5	35	261	21	243	4.81e-35	126
RVCYZ000722	iAF987.Gmet_1842	31.0	268	158	6	25	268	6	270	5.07e-31	116
RVCYZ000722	iYO844.BSU15530	32.9	258	149	10	24	266	6	254	2.73e-30	114
RVCYZ000723	iAF987.Gmet_1841	47.1	280	145	3	33	310	10	288	5.21e-79	243
RVCYZ000723	iYO844.BSU15540	45.7	278	148	3	35	310	8	284	2.84e-77	238
RVCYZ000723	iHN637.CLJU_RS17575	43.0	265	149	2	33	296	4	267	1.66e-72	226
RVCYZ000723	iNF517.LLMG_RS05615	42.7	281	156	4	35	311	13	292	1.17e-70	221
RVCYZ000724	iYL1228.KPN_03983	46.6	193	93	4	8	200	7	189	1.16e-54	174
RVCYZ000724	STM_v1_0.STM3733	45.6	193	95	4	8	200	7	189	2.65e-53	170
RVCYZ000724	iSDY_1059.SDY_4073	41.7	223	113	6	8	230	7	212	5.31e-53	169
RVCYZ000724	iML1515.b3642	45.1	193	96	4	8	200	7	189	3.01e-52	167
RVCYZ000724	iSF_1195.SF3681	45.1	193	96	4	8	200	7	189	3.01e-52	167
RVCYZ000724	iSSON_1240.SSON_3764	45.1	193	96	4	8	200	7	189	4.26e-52	167
RVCYZ000724	iPC815.YPO0045	41.7	228	116	7	3	230	2	212	4.53e-52	167
RVCYZ000724	iSbBS512_1146.SbBS512_E4067	45.1	193	96	4	8	200	7	189	6.03e-52	167
RVCYZ000724	iCN718.ABAYE_RS01255	46.3	190	92	4	9	198	12	191	9.33e-52	166
RVCYZ000724	iJN1463.PP_5291	41.5	224	110	6	9	230	8	212	6.84e-51	164
RVCYZ000726	iPC815.YPO2054	38.0	79	40	3	20	96	1	72	1.27e-04	40.0
RVCYZ000726	iPC815.YPO2167	30.4	115	68	3	41	146	16	127	2.57e-04	38.9
RVCYZ000726	STM_v1_0.STM2295	60.6	33	12	1	58	90	36	67	4.17e-04	38.5
RVCYZ000726	iML1515.b2251	60.6	33	12	1	58	90	36	67	5.70e-04	38.1
RVCYZ000730	iML1515.b3885	33.3	87	58	0	105	191	92	178	1.91e-07	49.3
RVCYZ000732	iCN900.CD630_23560	49.0	310	152	4	5	312	3	308	2.18e-92	286
RVCYZ000733	iJN1463.PP_2439	52.4	187	89	0	1	187	1	187	1.18e-74	222
RVCYZ000733	STM_v1_0.STM0608	48.1	187	97	0	1	187	1	187	1.50e-70	211
RVCYZ000733	iML1515.b0605	48.1	187	97	0	1	187	1	187	2.12e-70	211
RVCYZ000734	iML1515.b4167	28.4	490	259	17	76	552	65	475	1.31e-25	110
RVCYZ000735	iYO844.BSU39540	28.1	299	211	3	1	296	1	298	5.43e-39	139
RVCYZ000736	iNF517.LLMG_RS11185	29.8	121	85	0	134	254	2	122	1.79e-12	62.4
RVCYZ000737	iCN900.CD630_35200	27.3	128	84	3	42	169	19	137	1.14e-04	43.1
RVCYZ000738	iNF517.LLMG_RS09915	34.1	214	115	8	327	517	6	216	6.93e-21	91.7
RVCYZ000738	iCN900.CD630_09000	28.8	215	126	8	327	517	2	213	1.74e-18	87.0
RVCYZ000738	iAF692.Mbar_A1219	31.3	198	108	6	327	499	4	198	4.04e-17	83.6
RVCYZ000738	iSF_1195.SF2214	29.1	213	128	5	327	518	2	212	1.55e-17	83.2
RVCYZ000738	iSynCJ816.SGL_RS09035	32.4	213	118	6	327	517	2	210	3.47e-18	83.2
RVCYZ000742	iCN900.CD630_31950	33.0	963	462	13	35	973	3	806	3.07e-168	512
RVCYZ000744	iEK1008.Rv2552c	38.8	278	136	6	5	277	6	254	5.98e-44	150
RVCYZ000747	iLJ478.TM0689	57.6	396	158	5	3	397	5	391	1.05e-142	420
RVCYZ000747	iYO844.BSU33930	55.4	399	167	6	2	400	4	391	2.75e-143	412
RVCYZ000747	iEK1008.Rv1437	57.8	403	158	6	4	400	6	402	1.17e-141	409
RVCYZ000747	iCN900.CD630_31730	54.1	403	171	7	2	401	7	398	5.85e-134	389
RVCYZ000747	iHN637.CLJU_RS19270	55.0	402	166	7	2	400	6	395	7.75e-134	389
RVCYZ000747	iSynCJ816.SGL_RS11980	54.6	394	170	5	9	401	13	398	2.36e-133	387
RVCYZ000748	iEK1008.Rv1438	46.6	251	132	1	6	256	3	251	1.77e-75	230
RVCYZ000750	iML1515.b0822	24.8	278	183	9	1	270	1	260	2.13e-09	56.6
RVCYZ000750	iSF_1195.SF0772	24.8	278	183	9	1	270	1	260	2.13e-09	56.6
RVCYZ000750	iML1515.b0844	24.2	285	176	10	1	270	1	260	2.88e-09	56.2
RVCYZ000750	iSbBS512_1146.SbBS512_E2526	24.8	278	183	9	1	270	1	260	2.88e-09	56.2
RVCYZ000750	iSSON_1240.SSON_0804	24.8	278	183	9	1	270	1	260	2.88e-09	56.2
RVCYZ000750	iML1515.b3697	23.8	294	179	10	1	274	1	269	7.02e-09	55.1
RVCYZ000750	iSbBS512_1146.SbBS512_E4293	22.2	279	179	10	6	269	5	260	9.23e-09	54.7
RVCYZ000750	iML1515.b3826	22.2	279	179	10	6	269	5	260	1.25e-08	54.3
RVCYZ000750	iAM_Pf480.PF3D7_1226100	22.6	297	194	10	6	274	23	311	1.59e-08	54.3
RVCYZ000750	iSF_1195.SF3904	22.2	279	179	10	6	269	5	260	1.25e-08	54.3
RVCYZ000750	iSDY_1059.SDY_3917	22.2	279	179	10	6	269	5	260	1.68e-08	53.9
RVCYZ000750	STM_v1_0.STM0842	24.1	278	185	10	1	270	1	260	1.02e-07	51.6
RVCYZ000750	iSSON_1240.SSON_4000	21.9	279	180	10	6	269	5	260	1.35e-07	51.2
RVCYZ000751	iNF517.LLMG_RS00920	67.0	403	133	0	157	559	2	404	3.16e-202	569
RVCYZ000751	iJN1463.PP_1872	62.3	401	151	0	159	559	3	403	1.12e-187	532
RVCYZ000751	iSDY_1059.SDY_2486	59.9	399	160	0	161	559	6	404	3.44e-182	518
RVCYZ000751	iML1515.b2290	59.9	399	160	0	161	559	6	404	6.92e-182	517
RVCYZ000751	iSbBS512_1146.SbBS512_E2666	59.9	399	160	0	161	559	6	404	6.92e-182	517
RVCYZ000751	iSF_1195.SF2366	59.9	399	160	0	161	559	6	404	6.92e-182	517
RVCYZ000751	iSSON_1240.SSON_2347	59.9	399	160	0	161	559	6	404	6.92e-182	517
RVCYZ000753	iAF692.Mbar_A3463	47.5	383	201	0	2	384	9	391	3.48e-133	387
RVCYZ000753	iYO844.BSU31400	46.6	378	202	0	4	381	5	382	5.14e-131	381
RVCYZ000755	iEK1008.Rv1448c	57.8	360	150	1	7	364	10	369	1.64e-133	385
RVCYZ000756	iEK1008.Rv1449c	51.4	696	317	8	6	695	19	699	6.89e-247	699
RVCYZ000761	iLJ478.TM1374	30.1	163	88	7	9	164	6	149	7.10e-05	42.0
RVCYZ000766	iYS854.USA300HOU_RS09195	32.4	438	251	16	15	418	30	456	3.78e-48	174
RVCYZ000766	iNF517.LLMG_RS08030	32.6	387	226	13	34	390	51	432	1.31e-46	170
RVCYZ000766	iLJ478.TM1766	29.8	521	311	21	1	489	11	508	2.05e-46	169
RVCYZ000766	iHN637.CLJU_RS18540	30.4	516	297	20	15	489	30	524	3.60e-46	169
RVCYZ000772	iAF987.Gmet_2318	42.2	206	110	2	4	201	2	206	1.97e-44	147
RVCYZ000772	iLJ478.TM1099	41.8	189	102	4	5	193	1	181	3.22e-41	138
RVCYZ000772	iYO844.BSU00280	38.5	208	119	3	3	206	2	204	9.79e-41	137
RVCYZ000772	iCN718.ABAYE_RS05175	40.8	191	110	2	5	193	1	190	4.32e-39	132
RVCYZ000772	iNF517.LLMG_RS02125	40.3	196	112	3	4	195	3	197	6.01e-39	132
RVCYZ000776	iEK1008.Rv0046c	72.4	352	97	0	3	354	16	367	4.77e-178	499
RVCYZ000777	iAF987.Gmet_0354	27.0	768	381	21	50	657	24	771	1.43e-58	214
RVCYZ000777	iAF987.Gmet_1671	28.4	560	379	10	100	655	55	596	8.51e-59	211
RVCYZ000777	iNF517.LLMG_RS11990	30.1	575	367	17	56	611	69	627	3.00e-56	206
RVCYZ000777	iSynCJ816.SGL_RS05320	30.4	560	341	15	78	607	179	719	2.78e-55	203
RVCYZ000778	iEK1008.Rv3710	52.2	640	238	7	36	637	35	644	5.60e-221	629
RVCYZ000780	iEK1008.Rv3708c	59.5	341	136	2	8	347	2	341	1.77e-130	376
RVCYZ000781	iCN718.ABAYE_RS13010	38.3	183	110	1	1	180	240	422	4.12e-40	140
RVCYZ000781	iEK1008.Rv3709c	42.0	176	99	2	15	188	247	421	1.08e-38	136
RVCYZ000781	iIT341.HP1229	44.9	156	84	1	19	174	251	404	4.65e-37	132
RVCYZ000782	iEK1008.Rv3709c	65.3	242	83	1	1	241	1	242	1.56e-101	301
RVCYZ000793	iEK1008.Rv2984	55.4	711	286	6	39	737	48	739	1.30e-264	748
RVCYZ000794	iSSON_1240.SSON_1397	30.0	70	45	1	24	89	6	75	3.27e-06	45.8
RVCYZ000794	iSDY_1059.SDY_1516	30.0	70	45	1	24	89	6	75	4.45e-06	45.4
RVCYZ000794	iML1515.b1759	31.4	70	44	1	24	89	6	75	1.12e-05	44.3
RVCYZ000794	iSF_1195.SF1466	28.6	70	46	1	24	89	6	75	3.84e-05	42.7
RVCYZ000796	iYS854.USA300HOU_RS11405	48.3	209	104	3	2	210	3	207	2.30e-64	197
RVCYZ000796	iHN637.CLJU_RS01135	49.8	205	99	3	6	210	7	207	5.32e-63	194
RVCYZ000796	iNF517.LLMG_RS10940	48.3	211	103	4	2	210	3	209	9.21e-62	191
RVCYZ000796	iCN900.CD630_34790	48.0	204	102	3	7	210	8	207	1.23e-61	191
RVCYZ000796	iYO844.BSU36890	45.0	209	111	3	2	210	3	207	3.49e-61	189
RVCYZ000796	iEK1008.Rv3309c	46.7	210	107	3	1	210	1	205	6.58e-61	189
RVCYZ000796	iLJ478.TM0721	46.9	207	106	3	3	209	4	206	8.03e-60	186
RVCYZ000797	iLJ478.TM1621	55.4	56	24	1	92	146	15	70	8.26e-08	52.0
RVCYZ000798	iJN1463.PP_5013	29.9	378	259	2	212	584	59	435	4.17e-48	177
RVCYZ000798	iCN718.ABAYE_RS17030	25.7	451	310	6	161	594	3	445	1.17e-43	165
RVCYZ000800	iYS854.USA300HOU_RS10265	38.4	211	126	3	15	224	14	221	1.31e-45	152
RVCYZ000801	iNF517.LLMG_RS07395	27.9	498	259	18	25	490	10	439	2.17e-40	150
RVCYZ000806	iEK1008.Rv2920c	50.2	448	199	6	1	427	7	451	5.53e-130	383
RVCYZ000813	iYS854.USA300HOU_RS13005	31.2	535	285	14	41	527	17	516	1.20e-60	207
RVCYZ000814	iCN900.CD630_04310	33.6	467	278	7	34	494	24	464	1.82e-81	261
RVCYZ000815	iCN900.CD630_04300	31.3	99	66	1	116	212	97	195	4.64e-14	68.9
RVCYZ000820	iSynCJ816.SGL_RS14915	28.5	354	224	11	46	377	68	414	2.11e-24	104
RVCYZ000822	iYO844.BSU40850	35.0	180	115	2	6	185	7	184	3.74e-38	130
RVCYZ000822	iCN900.CD630_08720	37.9	182	112	1	6	187	5	185	5.43e-38	129
RVCYZ000822	iYL1228.KPN_00440	34.6	185	119	2	1	185	1	183	3.33e-37	127
RVCYZ000822	iNF517.LLMG_RS03835	41.1	158	92	1	36	193	35	191	1.31e-33	119
RVCYZ000823	iYS854.USA300HOU_RS07240	41.9	117	56	4	85	198	78	185	1.72e-16	74.7
RVCYZ000824	iMM904.YLR307W	31.0	187	113	7	283	460	97	276	1.01e-12	68.6
RVCYZ000825	iYL1228.KPN_00941	31.9	583	360	6	31	607	29	580	4.46e-89	287
RVCYZ000825	STM_v1_0.STM0984	34.2	509	322	4	102	607	82	580	2.41e-88	285
RVCYZ000825	iML1515.b0914	33.1	531	342	4	80	607	60	580	9.89e-87	281
RVCYZ000825	iSbBS512_1146.SbBS512_E2410	33.1	531	342	4	80	607	60	580	9.89e-87	281
RVCYZ000825	iSDY_1059.SDY_2344	33.1	531	342	4	80	607	60	580	9.89e-87	281
RVCYZ000825	iAF987.Gmet_2349	32.3	604	356	11	21	608	5	571	1.47e-86	280
RVCYZ000825	iSF_1195.SF0910	33.0	531	343	4	80	607	60	580	2.72e-86	280
RVCYZ000825	iSSON_1240.SSON_0916	33.0	531	343	4	80	607	60	580	2.72e-86	280
RVCYZ000825	iPC815.YPO1395	32.7	560	339	9	53	607	54	580	2.88e-85	277
RVCYZ000825	iJN1463.PP_4935	32.9	584	375	7	23	603	20	589	7.62e-82	268
RVCYZ000826	iJN1463.PP_4935	29.7	579	324	11	51	618	73	579	6.89e-61	213
RVCYZ000826	iYL1228.KPN_00941	29.4	531	301	12	110	634	120	582	2.45e-53	192
RVCYZ000828	iEK1008.Rv2397c	53.8	52	20	1	21	72	9	56	9.33e-09	55.1
RVCYZ000828	iCN900.CD630_19470	38.3	60	37	0	13	72	6	65	1.82e-07	50.4
RVCYZ000832	iNF517.LLMG_RS01925	43.8	470	240	7	19	488	3	448	3.15e-125	373
RVCYZ000832	iNF517.LLMG_RS01930	42.7	468	253	5	23	490	1	453	3.51e-121	363
RVCYZ000834	iCN900.CD630_19470	44.0	218	117	1	4	216	10	227	9.78e-55	174
RVCYZ000834	iEK1008.Rv0073	39.6	230	130	3	1	225	1	226	8.61e-47	157
RVCYZ000835	iJN1463.PP_0927	47.3	474	221	5	14	486	7	452	1.41e-139	409
RVCYZ000835	STM_v1_0.STM0150	47.5	463	216	5	15	477	9	444	2.60e-138	406
RVCYZ000835	iCN718.ABAYE_RS05610	47.2	462	217	4	16	477	8	442	1.79e-136	401
RVCYZ000835	iSbBS512_1146.SbBS512_E0105	47.7	463	215	6	15	477	8	443	3.25e-136	400
RVCYZ000835	iSDY_1059.SDY_0142	47.5	463	216	6	15	477	9	444	3.36e-136	400
RVCYZ000835	iSF_1195.SF0109	47.7	463	215	6	15	477	9	444	4.76e-136	400
RVCYZ000835	iSSON_1240.SSON_0120	47.5	463	216	6	15	477	9	444	6.73e-136	400
RVCYZ000835	iML1515.b0112	47.5	463	216	6	15	477	9	444	1.35e-135	399
RVCYZ000835	iYL1228.KPN_00116	46.9	478	225	7	8	485	3	451	1.48e-134	396
RVCYZ000835	iJN1463.PP_4495	45.7	481	225	6	11	482	5	458	2.27e-132	391
RVCYZ000835	iSSON_1240.SSON_0527	45.0	467	229	6	11	477	14	452	1.64e-131	389
RVCYZ000835	iML1515.b0576	45.0	467	229	6	11	477	14	452	2.32e-131	388
RVCYZ000835	iSF_1195.SF0482	45.0	467	229	6	11	477	14	452	2.32e-131	388
RVCYZ000835	iYO844.BSU30530	44.3	463	234	4	15	477	6	444	3.10e-130	385
RVCYZ000835	STM_v1_0.STM0568	45.3	466	228	6	17	482	23	461	4.53e-130	385
RVCYZ000835	iSbBS512_1146.SbBS512_E0470	44.8	467	230	6	11	477	14	452	3.73e-130	385
RVCYZ000835	iSDY_1059.SDY_0489	44.8	467	230	6	11	477	14	452	3.73e-130	385
RVCYZ000835	iYL1228.KPN_00537	45.3	466	228	6	17	482	18	456	8.47e-129	382
RVCYZ000835	iCN718.ABAYE_RS04155	45.3	461	221	8	17	474	8	440	9.84e-126	374
RVCYZ000835	iCN718.ABAYE_RS00900	44.8	466	230	5	17	482	9	447	1.40e-125	374
RVCYZ000837	iCN900.CD630_19470	30.7	212	131	6	26	230	25	227	1.38e-20	86.7
RVCYZ000837	iYO844.BSU30420	33.0	191	111	6	29	212	24	204	1.06e-19	84.3
RVCYZ000837	iYS854.USA300HOU_RS09925	30.7	215	136	6	21	230	10	216	9.24e-19	82.0
RVCYZ000837	iPC815.YPO2514	30.3	211	136	4	25	231	12	215	8.93e-19	82.0
RVCYZ000837	iAF987.Gmet_2634	28.1	217	132	3	24	230	351	553	9.55e-18	81.6
RVCYZ000837	iEK1008.Rv1349	33.3	222	132	7	24	236	343	557	9.60e-18	81.6
RVCYZ000838	iML1515.b3880	40.0	408	240	3	10	416	4	407	1.49e-108	325
RVCYZ000844	iNF517.LLMG_RS01005	35.4	475	272	12	4	454	8	471	4.39e-83	263
RVCYZ000844	iCHOv1.100766856	34.7	476	268	14	5	454	1376	1834	1.86e-69	239
RVCYZ000847	iEK1008.Rv3001c	58.6	324	132	1	5	326	1	324	4.40e-129	372
RVCYZ000847	iLJ478.TM0550	57.0	335	142	1	3	335	2	336	2.62e-126	365
RVCYZ000847	iNF517.LLMG_RS06475	53.6	336	153	2	1	334	1	335	6.06e-121	352
RVCYZ000847	iYS854.USA300HOU_RS11075	54.8	321	142	2	5	323	4	323	9.94e-121	351
RVCYZ000847	iSynCJ816.SGL_RS17215	56.2	329	142	1	3	329	19	347	2.26e-120	350
RVCYZ000847	iCN900.CD630_15650	54.6	326	146	1	3	326	2	327	1.69e-120	350
RVCYZ000847	iAF987.Gmet_1262	54.7	338	150	2	4	339	2	338	1.86e-119	348
RVCYZ000847	iHN637.CLJU_RS10005	52.7	328	153	1	4	329	5	332	5.87e-118	344
RVCYZ000847	iHN637.CLJU_RS10010	52.7	328	153	1	4	329	5	332	5.87e-118	344
RVCYZ000847	iCN718.ABAYE_RS16130	54.2	325	147	1	4	326	2	326	3.99e-116	339
RVCYZ000847	iJN1463.PP_4678	52.9	325	151	1	4	326	2	326	2.28e-115	337
RVCYZ000847	iYO844.BSU28290	53.8	331	150	2	4	332	3	332	3.70e-115	337
RVCYZ000848	iEK1008.Rv1200	35.9	426	254	5	39	458	7	419	1.47e-80	255
RVCYZ000854	iYL1228.KPN_00031	53.5	43	20	0	28	70	519	561	2.37e-06	45.4
RVCYZ000854	STM_v1_0.STM0055	52.4	42	20	0	29	70	523	564	5.93e-06	44.3
RVCYZ000854	STM_v1_0.STM3352	52.4	42	20	0	29	70	523	564	5.93e-06	44.3
RVCYZ000854	iEK1008.Rv3285	56.1	41	18	0	25	65	528	568	1.49e-05	43.1
RVCYZ000855	iEK1008.Rv3285	46.4	125	55	2	1	124	344	457	1.81e-27	106
RVCYZ000855	iCN718.ABAYE_RS12285	41.9	129	62	1	1	129	335	450	5.39e-26	102
RVCYZ000856	iEK1008.Rv3285	56.9	260	93	2	3	243	52	311	6.79e-92	281
RVCYZ000856	iCN718.ABAYE_RS12285	54.2	262	101	2	1	243	41	302	3.65e-88	271
RVCYZ000857	iSynCJ816.SGL_RS14915	30.2	202	127	5	47	238	70	267	2.11e-13	68.6
RVCYZ000857	iAF987.Gmet_1823	27.0	196	134	4	46	238	32	221	3.74e-12	64.7
RVCYZ000858	iHN637.CLJU_RS01890	25.9	147	95	4	160	295	269	412	1.29e-05	47.4
RVCYZ000858	iNF517.LLMG_RS11220	21.2	307	192	10	156	429	45	334	3.82e-04	42.7
RVCYZ000860	iYO844.BSU35960	27.8	144	95	3	53	187	31	174	6.03e-08	53.1
RVCYZ000861	iSynCJ816.SGL_RS14915	29.1	378	237	13	37	391	57	426	1.80e-23	101
RVCYZ000862	iSynCJ816.SGL_RS07665	50.4	232	115	0	29	260	4	235	2.88e-77	234
RVCYZ000863	iSynCJ816.SGL_RS14000	48.0	248	128	1	68	314	18	265	1.55e-73	228
RVCYZ000864	iSynCJ816.SGL_RS12165	29.3	368	196	8	14	323	7	368	2.64e-38	139
RVCYZ000865	iSynCJ816.SGL_RS11390	32.8	268	170	5	208	471	21	282	4.73e-30	118
RVCYZ000865	iLJ478.TM1136	29.6	277	183	5	207	474	21	294	1.70e-26	108
RVCYZ000865	iJN1463.PP_1140	27.5	280	188	4	207	473	24	301	6.92e-26	107
RVCYZ000866	iML1515.b0624	38.2	89	51	3	5	91	6	92	1.94e-07	46.2
RVCYZ000868	iEK1008.Rv0357c	60.9	422	164	1	1	421	1	422	7.73e-191	536
RVCYZ000869	iEK1008.Rv0363c	59.6	354	130	4	1	353	1	342	4.76e-137	393
RVCYZ000870	iMM904.YLR308W	34.5	168	91	5	246	402	120	279	3.37e-20	90.5
RVCYZ000872	iNF517.LLMG_RS04865	60.9	348	133	2	6	351	1	347	2.21e-150	427
RVCYZ000873	iLB1027_lipid.PHATRDRAFT_42659	26.4	235	136	8	6	213	45	269	3.14e-07	50.1
RVCYZ000873	iEK1008.Rv1106c	33.7	101	57	2	6	96	17	117	5.51e-06	46.6
RVCYZ000877	iJN1463.PP_0808	26.0	235	145	10	216	429	159	385	4.70e-05	45.1
RVCYZ000879	iYO844.BSU39780	30.3	317	207	7	1	313	1	307	1.70e-31	120
RVCYZ000879	iYO844.BSU09530	29.5	312	205	6	1	307	1	302	2.51e-29	114
RVCYZ000879	iCN718.ABAYE_RS12975	29.3	358	203	11	1	319	1	347	1.25e-28	113
RVCYZ000879	iYL1228.KPN_02741	30.5	325	201	10	1	312	1	313	5.20e-28	110
RVCYZ000879	iML1515.b3001	29.1	330	205	11	1	313	13	330	1.15e-27	110
RVCYZ000879	iSF_1195.SF3047	28.8	330	206	11	1	313	13	330	5.79e-27	108
RVCYZ000879	iSSON_1240.SSON_3145	28.8	330	206	11	1	313	13	330	5.79e-27	108
RVCYZ000883	iNF517.LLMG_RS11185	32.2	115	73	1	124	233	2	116	1.70e-11	59.7
RVCYZ000888	iSF_1195.SF1566	25.8	279	205	2	25	301	13	291	2.91e-25	105
RVCYZ000888	iML1515.b1528	25.4	279	206	2	25	301	13	291	6.11e-25	105
RVCYZ000888	iSbBS512_1146.SbBS512_E1677	25.4	279	206	2	25	301	13	291	6.11e-25	105
RVCYZ000888	iSSON_1240.SSON_1600	25.4	279	206	2	25	301	13	291	6.11e-25	105
RVCYZ000888	STM_v1_0.STM1522	25.8	287	209	2	25	310	13	296	5.32e-24	102
RVCYZ000888	iJN1463.PP_2428	26.2	344	236	5	22	347	25	368	2.06e-23	100
RVCYZ000888	iYL1228.KPN_01628	23.6	385	279	6	25	405	13	386	2.56e-23	100
RVCYZ000892	iYS854.USA300HOU_RS08720	40.6	387	195	3	58	441	18	372	2.40e-99	301
RVCYZ000895	iEK1008.Rv0125	30.7	303	191	9	261	554	57	349	1.26e-23	102
RVCYZ000896	iCN900.CD630_21150	31.7	527	276	11	169	686	322	773	5.91e-59	214
RVCYZ000896	iEK1008.Rv0103c	29.3	557	305	12	169	713	251	730	1.97e-53	197
RVCYZ000896	iSynCJ816.SGL_RS16085	27.8	565	307	12	133	681	111	590	8.79e-54	196
RVCYZ000896	iYO844.BSU33490	27.3	684	365	14	61	731	133	697	2.76e-53	196
RVCYZ000896	iYO844.BSU13850	27.6	670	357	16	48	704	54	608	3.89e-53	194
RVCYZ000896	STM_v1_0.STM0353	30.6	523	278	11	174	686	248	695	3.47e-52	193
RVCYZ000897	iEK1008.Rv3106	36.9	469	258	13	11	471	6	444	3.49e-79	253
RVCYZ000900	iAF987.Gmet_0844	26.7	116	77	2	133	241	46	160	6.43e-04	40.4
RVCYZ000902	iSDY_1059.SDY_3918	28.0	282	176	8	83	350	57	325	1.20e-18	85.5
RVCYZ000902	iPC815.YPO3830	27.7	282	191	6	77	350	51	327	1.58e-18	85.1
RVCYZ000902	iML1515.b3825	27.7	282	177	8	83	350	57	325	3.00e-18	84.3
RVCYZ000902	iSbBS512_1146.SbBS512_E4292	27.7	282	177	8	83	350	57	325	3.00e-18	84.3
RVCYZ000902	iSSON_1240.SSON_3999	27.7	282	177	8	83	350	57	325	3.00e-18	84.3
RVCYZ000902	iSF_1195.SF3903	26.7	277	186	7	83	350	57	325	3.45e-17	81.3
RVCYZ000905	iSynCJ816.SGL_RS05320	33.8	74	46	1	149	219	54	127	1.66e-05	45.1
RVCYZ000907	iEK1008.Rv0018c	44.1	254	130	4	7	260	14	255	6.28e-57	197
RVCYZ000908	iML1515.b0089	32.7	297	175	10	121	411	108	385	1.60e-24	105
RVCYZ000908	iJN1463.PP_1336	26.3	369	234	9	71	423	30	376	3.49e-24	104
RVCYZ000909	iJN1463.PP_4807	31.6	453	249	13	77	482	165	603	3.78e-38	147
RVCYZ000909	iAF987.Gmet_0406	28.9	439	254	13	76	486	148	556	2.48e-36	142
RVCYZ000909	iAF987.Gmet_0928	30.0	426	262	12	81	483	186	598	6.49e-35	137
RVCYZ000910	iYS854.USA300HOU_RS06130	36.9	255	156	2	6	256	3	256	2.82e-47	169
RVCYZ000911	iYS854.USA300HOU_RS06130	28.8	633	423	10	10	638	7	615	1.23e-58	209
RVCYZ000912	iEK1008.Rv0013	49.2	193	96	2	6	197	2	193	4.71e-62	192
RVCYZ000912	iYL1228.KPN_03746	50.8	187	89	3	7	193	2	185	6.53e-57	178
RVCYZ000912	iSDY_1059.SDY_3522	50.0	192	83	4	7	193	2	185	3.73e-56	176
RVCYZ000912	iSF_1195.SF3379	50.0	192	83	4	7	193	2	185	5.29e-56	176
RVCYZ000912	iSSON_1240.SSON_3491	50.0	192	83	4	7	193	2	185	5.29e-56	176
RVCYZ000912	iML1515.b3360	50.0	192	83	4	7	193	2	185	7.49e-56	175
RVCYZ000919	iSynCJ816.SGL_RS07100	49.1	794	392	7	24	811	37	824	5.90e-259	740
RVCYZ000919	iSynCJ816.SGL_RS06895	47.6	794	404	8	24	811	37	824	1.27e-251	722
RVCYZ000919	iAF987.Gmet_0940	46.0	795	416	7	24	811	29	817	4.18e-247	710
RVCYZ000919	iML1515.b3428	46.0	798	417	8	20	812	21	809	7.43e-242	696
RVCYZ000919	iSDY_1059.SDY_3574	46.0	798	417	8	20	812	21	809	7.43e-242	696
RVCYZ000919	iMM1415.110095	45.8	790	417	6	35	817	47	832	6.88e-238	687
RVCYZ000919	STM_v1_0.STM3534	45.2	795	428	6	20	812	21	809	4.37e-238	686
RVCYZ000919	iAT_PLT_636.5834	44.3	790	429	5	35	817	47	832	6.21e-237	684
RVCYZ000919	iAF987.Gmet_2767	47.3	778	397	9	41	811	53	824	1.92e-236	682
RVCYZ000919	iYL1228.KPN_03794	44.8	795	431	6	20	812	21	809	1.99e-236	682
RVCYZ000919	iPC815.YPO3938	43.1	819	454	7	4	816	1	813	1.81e-234	677
RVCYZ000922	iCN718.ABAYE_RS04470	41.1	331	179	7	43	363	10	334	5.07e-72	227
RVCYZ000922	iNF517.LLMG_RS00430	41.4	343	182	9	40	367	3	341	7.86e-69	219
RVCYZ000922	iAF987.Gmet_1960	41.6	327	181	7	43	363	6	328	1.47e-65	210
RVCYZ000924	iSynCJ816.SGL_RS10930	27.5	687	404	13	7	609	14	690	4.07e-66	229
RVCYZ000924	iSynCJ816.SGL_RS17200	25.8	678	403	13	7	597	12	676	5.84e-59	210
RVCYZ000925	iPC815.YPO2306	38.5	444	252	5	39	478	5	431	2.20e-94	294
RVCYZ000925	iYL1228.KPN_01524	39.6	444	244	6	39	478	5	428	4.42e-93	291
RVCYZ000925	iJN1463.PP_1002	36.7	436	268	4	44	479	13	440	1.35e-92	290
RVCYZ000925	iYS854.USA300HOU_RS00320	35.5	482	297	6	36	517	3	470	2.78e-91	286
RVCYZ000925	STM_v1_0.STM1477	37.1	472	269	6	39	506	5	452	1.50e-90	284
RVCYZ000925	iSSON_1240.SSON_1555	38.0	447	253	5	36	478	2	428	2.97e-90	283
RVCYZ000925	iML1515.b1605	38.3	444	250	5	39	478	5	428	5.89e-90	283
RVCYZ000925	iSF_1195.SF1626	38.3	444	250	5	39	478	5	428	5.89e-90	283
RVCYZ000925	iSDY_1059.SDY_1548	38.3	444	250	5	39	478	5	428	1.17e-89	282
RVCYZ000925	iSbBS512_1146.SbBS512_E1791	38.1	444	251	5	39	478	5	428	9.11e-89	280
RVCYZ000925	iCN718.ABAYE_RS14320	36.3	455	269	5	39	489	6	443	1.25e-87	276
RVCYZ000925	iYS854.USA300HOU_RS14310	33.3	472	301	5	44	515	14	471	6.13e-87	275
RVCYZ000925	iJN1463.PP_1003	35.9	437	272	3	44	480	13	441	2.77e-84	268
RVCYZ000928	iYO844.BSU12960	25.7	537	356	14	23	541	22	533	2.15e-39	150
RVCYZ000932	iMM904.YBL076C	36.6	1077	565	26	27	1061	10	1010	1.64e-226	676
RVCYZ000932	iHN637.CLJU_RS00920	36.2	1080	586	27	27	1088	11	1005	1.08e-226	675
RVCYZ000932	iLB1027_lipid.PHATRDRAFT_29824	36.6	1107	563	30	23	1059	6	1043	2.81e-216	652
RVCYZ000932	iIS312.TCDM_03509	36.1	1067	582	28	26	1061	95	1092	1.87e-214	647
RVCYZ000937	iPC815.YPO1395	29.4	647	369	9	19	660	12	575	5.58e-78	259
RVCYZ000937	iML1515.b0914	29.2	648	371	9	19	661	12	576	3.03e-76	254
RVCYZ000937	iSbBS512_1146.SbBS512_E2410	29.2	648	371	9	19	661	12	576	3.03e-76	254
RVCYZ000937	iSDY_1059.SDY_2344	29.2	648	371	9	19	661	12	576	3.03e-76	254
RVCYZ000937	iSF_1195.SF0910	29.5	648	369	10	19	661	12	576	4.22e-76	254
RVCYZ000937	iSSON_1240.SSON_0916	29.5	648	369	10	19	661	12	576	4.22e-76	254
RVCYZ000937	iYL1228.KPN_00941	28.4	652	371	11	19	661	12	576	1.17e-74	250
RVCYZ000937	STM_v1_0.STM0984	28.7	648	374	9	19	661	12	576	1.19e-73	248
RVCYZ000937	iJN1463.PP_4935	31.1	659	357	13	22	666	19	594	3.60e-73	247
RVCYZ000938	iAF987.Gmet_2349	31.2	494	322	5	102	590	89	569	4.09e-68	232
RVCYZ000938	iPC815.YPO1395	29.6	564	382	7	18	577	14	566	7.18e-67	229
RVCYZ000938	iJN1463.PP_4935	31.2	509	331	7	74	577	85	579	2.77e-63	220
RVCYZ000938	iYL1228.KPN_00941	29.2	518	346	6	76	590	80	579	6.73e-62	216
RVCYZ000938	STM_v1_0.STM0984	28.9	516	350	5	76	590	80	579	1.74e-60	212
RVCYZ000938	STM_v1_0.STM2774	28.1	595	383	14	11	586	9	577	4.21e-58	212
RVCYZ000938	iSDY_1059.SDY_1025	28.4	595	384	14	10	586	8	578	3.40e-57	209
RVCYZ000940	iJN1463.PP_4138	28.8	132	83	3	1	126	1	127	1.62e-07	48.9
RVCYZ000940	iML1515.b3713	30.7	114	76	2	1	111	1	114	4.26e-07	47.8
RVCYZ000946	iAF692.Mbar_A0309	34.2	79	50	1	406	482	520	598	1.28e-05	48.9
RVCYZ000952	iEK1008.Rv3704c	26.8	328	193	14	26	340	32	325	5.88e-18	85.1
RVCYZ000953	iCN900.CD630_03960	30.9	259	165	6	355	609	4	252	1.14e-28	116
RVCYZ000957	iYS854.USA300HOU_RS14195	42.7	171	96	1	47	217	7	175	1.82e-48	157
RVCYZ000958	iNF517.LLMG_RS01465	56.5	777	283	7	22	798	7	728	8.97e-313	873
RVCYZ000963	iEK1008.Rv3565	37.5	368	226	3	39	406	24	387	1.20e-76	242
RVCYZ000967	iAM_Pb448.PBANKA_080930	32.4	185	107	4	5	184	35	206	3.20e-18	79.7
RVCYZ000967	iAM_Pc455.PCYB_071570	33.5	170	97	3	18	184	55	211	3.45e-17	77.0
RVCYZ000967	iAM_Pv461.PVX_098840	33.1	166	95	3	22	184	4	156	4.99e-16	72.8
RVCYZ000968	iEK1008.Rv3441c	53.5	454	195	6	1	450	1	442	2.46e-143	417
RVCYZ000968	iHN637.CLJU_RS19915	49.9	453	213	4	1	448	1	444	4.96e-138	403
RVCYZ000968	iYS854.USA300HOU_RS11655	47.9	457	227	4	1	454	1	449	1.17e-131	387
RVCYZ000968	iYO844.BSU01770	47.7	457	226	4	1	454	1	447	2.12e-131	386
RVCYZ000968	iCN900.CD630_01190	48.3	458	220	6	1	452	1	447	5.04e-127	375
RVCYZ000969	iEK1008.Rv2467	43.1	883	454	15	5	867	5	859	4.57e-214	628
RVCYZ000971	iEK1008.Rv2753c	44.2	292	159	3	12	301	10	299	4.65e-75	231
RVCYZ000972	iEK1008.Rv2773c	56.5	253	100	4	2	253	1	244	2.72e-79	238
RVCYZ000977	iYS854.USA300HOU_RS06130	31.3	272	162	9	14	274	10	267	8.71e-20	92.0
RVCYZ000979	iAF692.Mbar_A1776	27.9	215	129	8	174	374	123	325	1.40e-05	47.0
RVCYZ000990	iCN900.CD630_26270	46.5	86	46	0	3	88	2	87	1.17e-19	75.5
RVCYZ000990	iAF692.Mbar_A3182	36.0	89	57	0	2	90	4	92	4.78e-17	68.9
RVCYZ000992	iEK1008.Rv0620	43.1	355	179	7	35	389	5	336	1.03e-69	224
RVCYZ000993	iLJ478.TM1191	29.6	338	208	9	84	418	3	313	8.00e-47	163
RVCYZ000995	iEK1008.Rv2051c	39.0	287	121	2	7	293	609	841	3.05e-61	209
RVCYZ000996	iSynCJ816.SGL_RS17005	33.6	324	201	6	69	382	55	374	4.78e-53	180
RVCYZ000996	iEK1008.Rv2139	31.1	350	231	5	33	380	8	349	6.72e-49	168
RVCYZ000997	iJN1463.PP_1478	49.3	359	176	4	17	374	4	357	5.78e-112	331
RVCYZ000998	iAF987.Gmet_0354	25.4	779	402	28	65	724	65	783	6.26e-34	139
RVCYZ000998	iJN1463.PP_4683	26.0	573	339	17	78	635	156	658	1.58e-32	134
RVCYZ000998	iHN637.CLJU_RS16730	26.5	588	382	17	61	635	50	600	2.76e-31	130
RVCYZ001000	iYS854.USA300HOU_RS05100	29.9	154	97	4	202	355	40	182	1.09e-10	62.0
RVCYZ001000	iYS854.USA300HOU_RS01740	32.5	154	94	4	202	355	44	187	1.57e-09	58.5
RVCYZ001000	iYS854.USA300HOU_RS08185	31.1	119	77	3	171	287	15	130	4.63e-09	56.6
RVCYZ001003	iEK1008.Rv2995c	61.2	338	126	3	10	346	3	336	1.54e-136	391
RVCYZ001006	iAF987.Gmet_0985	42.5	127	71	1	11	135	1	127	1.24e-29	103
RVCYZ001006	iYS854.USA300HOU_RS04375	40.3	124	72	1	13	134	3	126	1.04e-29	103
RVCYZ001006	iSynCJ816.SGL_RS07170	43.4	122	65	2	11	128	3	124	9.17e-27	96.7
RVCYZ001006	iYL1228.KPN_03340	42.3	123	68	2	13	132	4	126	4.80e-26	94.7
RVCYZ001006	iEK1008.Rv1826	39.6	106	63	1	12	116	3	108	1.10e-25	94.0
RVCYZ001007	iEK1008.Rv3199c	41.8	213	105	6	167	367	108	313	1.01e-39	142
RVCYZ001008	iJN1463.PP_0553	36.1	122	58	3	22	143	132	233	3.30e-08	53.9
RVCYZ001010	iMM904.YLR043C	34.4	90	59	0	1	90	1	90	1.75e-19	77.0
RVCYZ001010	iIT341.HP0824	39.8	103	54	4	5	101	6	106	1.07e-18	75.1
RVCYZ001010	iMM904.YGR209C	38.9	90	53	2	3	90	2	91	2.03e-18	74.3
RVCYZ001010	iAM_Pb448.PBANKA_132090	37.0	92	57	1	9	100	9	99	2.88e-18	73.9
RVCYZ001010	iAM_Pc455.PCYB_125790	35.7	84	54	0	7	90	7	90	4.07e-18	73.6
RVCYZ001010	iAM_Pv461.PVX_117605	34.5	84	55	0	7	90	7	90	8.13e-18	72.8
RVCYZ001010	iMM904.YCR083W	36.7	90	56	1	2	90	26	115	1.45e-17	72.8
RVCYZ001010	iJN1463.PP_5215	38.5	96	57	2	3	96	6	101	1.84e-17	72.0
RVCYZ001010	iML1515.b3781	37.1	97	59	2	6	100	8	104	7.35e-17	70.5
RVCYZ001010	iYL1228.KPN_04282	36.1	97	60	2	6	100	8	104	7.35e-17	70.5
RVCYZ001010	STM_v1_0.STM3915	37.1	97	59	2	6	100	8	104	7.35e-17	70.5
RVCYZ001010	iSbBS512_1146.SbBS512_E4140	37.1	97	59	2	6	100	8	104	7.35e-17	70.5
RVCYZ001010	iSDY_1059.SDY_3968	37.1	97	59	2	6	100	26	122	1.14e-16	70.5
RVCYZ001010	iSF_1195.SF3854	37.1	97	59	2	6	100	26	122	1.14e-16	70.5
RVCYZ001010	iSSON_1240.SSON_3952	37.1	97	59	2	6	100	26	122	1.14e-16	70.5
RVCYZ001010	iAM_Pf480.PF3D7_1457200	34.8	89	57	1	3	90	2	90	9.16e-17	70.1
RVCYZ001010	iYL1228.KPN_02905	33.7	98	64	1	7	103	41	138	3.14e-16	69.7
RVCYZ001012	STM_v1_0.STM2082	50.5	208	92	4	335	536	274	476	9.44e-53	186
RVCYZ001017	iYL1228.KPN_02490	66.3	282	95	0	1	282	1	282	1.92e-139	394
RVCYZ001017	iYL1228.KPN_02496	66.3	282	95	0	1	282	1	282	1.92e-139	394
RVCYZ001017	iPC815.YPO3861	65.7	289	99	0	1	289	1	289	2.57e-138	392
RVCYZ001017	iSbBS512_1146.SbBS512_E1194	66.1	286	97	0	2	287	5	290	5.00e-138	391
RVCYZ001017	iSDY_1059.SDY_2206	67.0	282	93	0	2	283	5	286	1.01e-137	390
RVCYZ001017	iSF_1195.SF2102	66.7	282	94	0	2	283	5	286	5.80e-137	388
RVCYZ001017	STM_v1_0.STM2095	65.4	286	99	0	2	287	5	290	1.66e-136	387
RVCYZ001017	iNF517.LLMG_RS01090	64.7	283	100	0	1	283	1	283	2.12e-136	387
RVCYZ001017	iML1515.b2039	66.5	281	94	0	2	282	5	285	2.31e-134	382
RVCYZ001017	iYL1228.KPN_04289	63.0	289	107	0	1	289	2	290	1.12e-132	377
RVCYZ001017	iML1515.b3789	63.0	289	107	0	1	289	1	289	1.79e-131	374
RVCYZ001017	iSbBS512_1146.SbBS512_E4132	63.0	289	107	0	1	289	1	289	1.79e-131	374
RVCYZ001017	iSF_1195.SF3863	63.0	289	107	0	1	289	1	289	1.79e-131	374
RVCYZ001017	iSDY_1059.SDY_3959	62.6	289	108	0	1	289	1	289	2.07e-130	372
RVCYZ001017	iSSON_1240.SSON_3961	62.6	289	108	0	1	289	1	289	2.07e-130	372
RVCYZ001017	iJN1463.PP_1783	61.8	288	110	0	2	289	4	291	5.59e-128	365
RVCYZ001018	iNF517.LLMG_RS01095	59.8	189	69	5	3	186	6	192	2.50e-72	227
RVCYZ001019	iNF517.LLMG_RS01105	67.4	337	100	3	8	334	5	341	2.63e-172	482
RVCYZ001019	iEK1008.Rv3464	64.5	330	116	1	10	339	3	331	1.13e-159	449
RVCYZ001020	iYO844.BSU35550	27.5	233	149	6	3	234	6	219	2.34e-16	77.0
RVCYZ001021	iML1515.b2037	24.5	413	292	6	12	415	7	408	6.36e-22	97.4
RVCYZ001023	iSbBS512_1146.SbBS512_E4050	40.8	98	58	0	2	99	6	103	9.71e-21	90.9
RVCYZ001023	iSSON_1240.SSON_3782	40.8	98	58	0	2	99	6	103	9.71e-21	90.9
RVCYZ001023	iYS854.USA300HOU_RS01340	29.3	222	134	5	1	218	1	203	5.29e-20	90.5
RVCYZ001027	STM_v1_0.STM2085	41.4	256	148	2	5	258	3	258	7.53e-57	185
RVCYZ001029	iSbBS512_1146.SbBS512_E1203	62.7	416	126	6	1	415	1	388	3.59e-175	494
RVCYZ001029	iYL1228.KPN_02493	62.0	416	129	6	1	415	1	388	1.59e-171	484
RVCYZ001029	STM_v1_0.STM2080	61.5	416	131	7	1	415	1	388	7.43e-170	480
RVCYZ001029	iML1515.b2028	61.8	416	130	6	1	415	1	388	4.27e-169	478
RVCYZ001029	iSDY_1059.SDY_2213	61.8	416	130	6	1	415	1	388	4.27e-169	478
RVCYZ001029	iSSON_1240.SSON_2099	61.8	416	130	6	1	415	1	388	6.06e-169	478
RVCYZ001030	iML1515.b2037	23.7	409	283	4	4	397	7	401	2.03e-24	104
RVCYZ001033	STM_v1_0.STM2082	45.3	203	107	2	312	511	275	476	1.00e-45	166
RVCYZ001035	iAF987.Gmet_3221	26.8	168	123	0	70	237	20	187	5.75e-10	61.2
RVCYZ001036	iEK1008.Rv0924c	52.0	394	189	0	57	450	35	428	1.17e-130	384
RVCYZ001038	iHN637.CLJU_RS19490	67.3	284	93	0	7	290	5	288	4.41e-125	358
RVCYZ001038	iEK1008.Rv2606c	70.2	275	82	0	8	282	14	288	3.58e-124	356
RVCYZ001038	iYS854.USA300HOU_RS02730	63.4	287	103	1	6	290	8	294	4.18e-122	350
RVCYZ001038	iLB1027_lipid.PHATRDRAFT_29885	68.0	272	87	0	6	277	20	291	6.83e-121	349
RVCYZ001038	iYO844.BSU00110	63.8	276	100	0	2	277	3	278	7.66e-120	345
RVCYZ001038	iLJ478.TM0473	62.9	283	105	0	8	290	10	292	5.69e-117	337
RVCYZ001039	iYO844.BSU00120	41.6	190	101	2	25	214	5	184	1.33e-45	149
RVCYZ001039	iLJ478.TM0472	42.1	190	101	2	25	214	4	184	1.68e-44	146
RVCYZ001039	iHN637.CLJU_RS19495	42.6	190	100	3	25	214	4	184	1.35e-43	144
RVCYZ001039	iEK1008.Rv2604c	40.6	197	102	3	25	216	7	193	2.58e-40	136
RVCYZ001040	iYL1228.KPN_02492	55.8	342	132	4	42	377	4	332	1.35e-130	377
RVCYZ001040	iSbBS512_1146.SbBS512_E1204	55.0	342	135	4	42	377	4	332	1.03e-127	370
RVCYZ001040	iAF987.Gmet_2330	54.4	344	139	4	40	377	3	334	2.37e-124	361
RVCYZ001042	iAM_Pv461.PVX_088230	28.6	133	72	4	2	117	15	141	7.45e-07	46.6
RVCYZ001042	iAM_Pc455.PCYB_012090	31.8	107	53	4	1	90	11	114	1.35e-06	45.8
RVCYZ001044	iEK1008.Rv3265c	24.4	201	112	5	38	198	29	229	2.91e-07	50.4
RVCYZ001046	STM_v1_0.STM2774	27.9	919	584	22	310	1190	296	1173	6.60e-64	237
RVCYZ001046	iSDY_1059.SDY_1025	23.9	1177	777	26	59	1188	64	1168	4.44e-61	228
RVCYZ001046	STM_v1_0.STM0957	29.6	527	346	10	78	598	81	588	1.24e-60	218
RVCYZ001046	iSSON_1240.SSON_0888	29.2	538	355	11	68	598	70	588	4.17e-60	217
RVCYZ001046	iML1515.b0887	29.0	527	349	10	78	598	81	588	7.64e-60	216
RVCYZ001046	iSDY_1059.SDY_2374	29.0	527	349	10	78	598	81	588	7.64e-60	216
RVCYZ001046	iSbBS512_1146.SbBS512_E2442	28.8	527	350	10	78	598	81	588	4.68e-59	214
RVCYZ001047	iEK1008.Rv2187	43.5	558	309	4	44	598	40	594	1.16e-152	452
RVCYZ001048	iEK1008.Rv0413	38.5	169	91	5	288	448	1	164	2.01e-24	100
RVCYZ001049	iMM1415.11431	30.1	103	66	2	2	99	8	109	1.47e-06	45.8
RVCYZ001049	iCHOv1.100773599	32.0	103	64	3	2	99	8	109	3.80e-06	44.7
RVCYZ001049	iAF987.Gmet_0521	43.3	67	34	2	2	68	4	66	3.78e-05	41.6
RVCYZ001055	iCN900.CD630_08720	46.4	183	98	0	11	193	3	185	2.64e-55	174
RVCYZ001055	iYL1228.KPN_00440	45.4	183	99	1	9	191	2	183	5.82e-55	173
RVCYZ001055	iNF517.LLMG_RS03835	48.0	196	102	0	11	206	3	198	2.47e-54	172
RVCYZ001055	STM_v1_0.STM0472	43.6	181	101	1	11	191	4	183	1.11e-48	157
RVCYZ001057	iEK1008.Rv1475c	63.7	943	276	6	9	899	13	941	0.0	1190
RVCYZ001058	iCN900.CD630_16590	35.4	776	448	16	32	801	16	744	6.82e-132	412
RVCYZ001065	STM_v1_0.STM0848	37.4	658	294	10	26	666	12	568	6.44e-126	386
RVCYZ001065	iSbBS512_1146.SbBS512_E2519	37.9	665	289	9	22	666	8	568	9.97e-125	383
RVCYZ001065	iML1515.b0829	37.7	665	290	9	22	666	8	568	2.78e-124	382
RVCYZ001065	iSDY_1059.SDY_0758	37.8	661	287	9	26	666	1	557	2.85e-124	382
RVCYZ001065	iSSON_1240.SSON_0811	38.0	661	286	9	26	666	1	557	2.85e-124	382
RVCYZ001065	iSF_1195.SF0779	37.5	661	289	9	26	666	1	557	2.44e-122	377
RVCYZ001065	iYS854.USA300HOU_RS01050	35.4	642	293	7	26	665	4	525	1.13e-119	367
RVCYZ001065	iYL1228.KPN_00862	35.0	652	315	5	26	666	12	565	3.65e-116	361
RVCYZ001065	iEK1008.Rv1281c	36.1	704	290	10	23	666	1	604	2.53e-114	356
RVCYZ001065	iJN1463.PP_4150	36.1	646	282	7	26	664	6	527	1.25e-112	349
RVCYZ001066	iML1515.b0832	34.4	302	189	3	14	314	7	300	6.82e-52	172
RVCYZ001066	iSbBS512_1146.SbBS512_E2516	34.4	302	189	3	14	314	7	300	6.82e-52	172
RVCYZ001066	iSSON_1240.SSON_0814	34.4	302	189	3	14	314	7	300	6.82e-52	172
RVCYZ001066	iSDY_1059.SDY_0755	34.4	302	189	3	14	314	7	300	2.68e-51	171
RVCYZ001066	iYO844.BSU12940	36.7	289	168	5	35	316	39	319	1.27e-49	167
RVCYZ001066	iYL1228.KPN_00865	34.8	276	177	2	40	314	13	286	2.21e-49	166
RVCYZ001066	iSF_1195.SF0782	34.1	302	190	3	14	314	7	300	6.35e-49	165
RVCYZ001066	iYS854.USA300HOU_RS04895	31.5	308	180	5	38	316	50	355	1.39e-46	160
RVCYZ001066	iLJ478.TM1748	30.1	279	187	3	40	315	13	286	8.00e-46	156
RVCYZ001067	iYL1228.KPN_00864	36.0	308	193	4	1	307	1	305	3.33e-57	186
RVCYZ001067	iML1515.b0831	35.1	308	196	4	1	307	1	305	1.86e-56	184
RVCYZ001067	iSDY_1059.SDY_0756	35.1	308	196	4	1	307	1	305	1.86e-56	184
RVCYZ001067	STM_v1_0.STM0850	35.4	308	195	4	1	307	1	305	2.62e-56	184
RVCYZ001067	iSF_1195.SF0781	35.6	306	191	5	4	307	4	305	2.62e-56	184
RVCYZ001067	iSSON_1240.SSON_0813	35.1	308	196	4	1	307	1	305	5.21e-56	183
RVCYZ001067	STM_v1_0.STM3629	32.9	337	196	3	1	307	1	337	7.01e-55	181
RVCYZ001067	iSbBS512_1146.SbBS512_E2517	34.7	308	197	4	1	307	1	305	2.90e-55	181
RVCYZ001067	iML1515.b3543	32.6	337	197	3	1	307	1	337	2.76e-54	179
RVCYZ001067	iSDY_1059.SDY_4566	32.6	337	197	3	1	307	1	337	2.76e-54	179
RVCYZ001067	iSSON_1240.SSON_3847	32.6	337	197	3	1	307	1	337	2.76e-54	179
RVCYZ001067	iJN1463.PP_0881	34.4	334	192	3	1	307	1	334	3.59e-54	179
RVCYZ001067	iSF_1195.SF3578	32.3	337	198	3	1	307	1	337	1.08e-53	178
RVCYZ001067	iYL1228.KPN_03898	32.3	337	198	3	1	307	1	337	2.35e-52	174
RVCYZ001067	iYS854.USA300HOU_RS04890	32.8	308	199	4	1	306	1	302	2.92e-52	173
RVCYZ001067	iYO844.BSU12930	31.9	310	200	5	1	306	1	303	4.52e-51	170
RVCYZ001067	iYS854.USA300HOU_RS01055	31.1	305	207	3	3	306	183	485	3.77e-49	170
RVCYZ001068	iYO844.BSU12960	27.3	512	334	14	32	529	44	531	1.36e-42	159
RVCYZ001070	iCN900.CD630_19470	43.2	220	123	1	15	232	8	227	3.11e-65	202
RVCYZ001071	iYO844.BSU30410	25.6	203	134	3	754	944	238	435	6.18e-08	55.8
RVCYZ001073	iEK1008.Rv3754	32.3	310	183	10	44	346	2	291	1.11e-27	110
RVCYZ001073	iAF987.Gmet_0863	30.9	282	182	8	30	303	7	283	2.14e-26	106
RVCYZ001073	iNF517.LLMG_RS09645	28.5	281	185	6	28	302	2	272	9.20e-26	105
RVCYZ001073	iYO844.BSU22610	27.6	312	204	11	30	330	8	308	5.14e-24	101
RVCYZ001074	iAF987.Gmet_0862	23.4	333	179	14	7	330	88	353	2.69e-10	60.8
RVCYZ001074	iJN1463.PP_1769	24.5	330	180	11	7	330	98	364	5.03e-10	60.1
RVCYZ001076	iEK1008.Rv0684	27.6	514	260	14	7	433	13	501	2.93e-33	135
RVCYZ001076	iSynCJ816.SGL_RS10930	28.5	494	244	15	7	417	10	477	2.86e-32	132
RVCYZ001076	iSynCJ816.SGL_RS17200	26.8	496	251	15	8	417	9	478	5.17e-30	125
RVCYZ001077	iJN1463.PP_3658	26.4	436	295	6	43	466	15	436	3.52e-42	155
RVCYZ001077	iJN1463.PP_3165	28.1	398	265	5	38	426	10	395	1.38e-38	145
RVCYZ001077	iJN1463.PP_3740	29.3	406	272	9	61	459	32	429	7.32e-38	143
RVCYZ001078	iAF987.Gmet_0988	36.6	123	68	5	41	162	37	150	7.20e-12	61.6
RVCYZ001079	iSynCJ816.SGL_RS17655	32.9	79	52	1	34	111	8	86	9.69e-04	39.7
RVCYZ001084	iCN900.CD630_25740	26.9	219	140	6	29	237	2	210	7.39e-15	71.2
RVCYZ001085	iNF517.LLMG_RS12755	54.7	353	142	8	1	352	1	336	2.46e-117	342
RVCYZ001085	iNF517.LLMG_RS02785	55.4	354	139	10	1	352	1	337	5.47e-114	334
RVCYZ001085	iCN900.CD630_31740	51.7	350	153	5	3	352	2	335	1.55e-110	325
RVCYZ001085	iYS854.USA300HOU_RS04185	51.8	353	152	6	1	352	1	336	1.49e-108	320
RVCYZ001087	iEK1008.Rv1110	53.4	320	136	3	3	322	26	332	1.18e-110	324
RVCYZ001088	iLJ478.TM0282	29.5	173	102	7	71	233	79	241	2.89e-14	72.4
RVCYZ001091	iNF517.LLMG_RS09965	35.8	478	276	12	38	513	33	481	2.76e-85	271
RVCYZ001093	iEK1008.Rv2447c	44.5	438	224	8	29	450	47	481	4.05e-105	323
RVCYZ001097	iYS854.USA300HOU_RS08170	24.4	250	150	7	248	496	127	338	4.87e-15	76.3
RVCYZ001098	iSynCJ816.SGL_RS05525	32.8	125	73	4	32	155	28	142	5.84e-10	54.7
RVCYZ001098	iYL1228.KPN_04378	30.9	110	63	2	28	136	135	232	8.51e-08	50.1
RVCYZ001098	iSF_1195.SF4068	30.0	110	64	2	28	136	135	232	8.51e-08	50.1
RVCYZ001098	iML1515.b3996	29.1	110	65	2	28	136	135	232	1.58e-07	49.3
RVCYZ001098	iSbBS512_1146.SbBS512_E4487	29.1	110	65	2	28	136	135	232	1.58e-07	49.3
RVCYZ001098	iSSON_1240.SSON_4169	29.1	110	65	2	28	136	135	232	1.58e-07	49.3
RVCYZ001099	iHN637.CLJU_RS10220	27.9	308	215	4	85	386	6	312	6.65e-35	130
RVCYZ001099	iNF517.LLMG_RS11535	26.4	318	223	3	82	388	3	320	2.67e-33	126
RVCYZ001099	iYO844.BSU24850	29.1	316	209	6	87	392	8	318	1.31e-32	124
RVCYZ001100	iAF692.Mbar_A2838	34.5	307	188	7	3	297	11	316	1.11e-40	143
RVCYZ001117	iSbBS512_1146.SbBS512_E2519	41.1	582	319	5	2	565	4	579	4.02e-139	417
RVCYZ001117	iYS854.USA300HOU_RS01050	40.9	545	299	3	14	555	3	527	3.20e-140	416
RVCYZ001117	iML1515.b0829	41.3	583	316	6	2	565	4	579	8.03e-139	416
RVCYZ001117	iYL1228.KPN_00862	42.3	581	299	8	18	575	15	582	4.00e-138	414
RVCYZ001117	iSSON_1240.SSON_0811	41.8	567	309	5	18	565	4	568	3.24e-138	414
RVCYZ001117	STM_v1_0.STM0848	40.6	581	309	6	2	558	4	572	2.01e-136	410
RVCYZ001117	iSDY_1059.SDY_0758	42.4	569	303	6	18	565	4	568	2.04e-136	409
RVCYZ001117	iSF_1195.SF0779	42.1	570	303	7	18	565	4	568	2.04e-136	409
RVCYZ001117	iEK1008.Rv1281c	38.6	614	298	8	15	558	4	608	1.95e-127	386
RVCYZ001117	iJN1463.PP_4150	42.6	545	281	10	14	550	5	525	1.86e-125	379
RVCYZ001118	iSbBS512_1146.SbBS512_E2516	32.6	307	186	5	26	324	9	302	1.70e-40	145
RVCYZ001118	iSSON_1240.SSON_0814	32.6	307	186	5	26	324	9	302	1.70e-40	145
RVCYZ001118	iML1515.b0832	32.2	307	187	5	26	324	9	302	2.37e-40	145
RVCYZ001118	iSDY_1059.SDY_0755	31.9	307	188	5	26	324	9	302	3.41e-39	142
RVCYZ001118	iSF_1195.SF0782	33.2	307	184	5	26	324	9	302	6.63e-39	141
RVCYZ001118	iYL1228.KPN_00865	35.7	272	158	5	57	324	30	288	3.58e-37	136
RVCYZ001118	iSDY_1059.SDY_4565	38.4	276	160	4	50	324	33	299	1.74e-36	134
RVCYZ001118	iSSON_1240.SSON_1639	33.0	282	169	6	50	328	34	298	3.22e-36	134
RVCYZ001118	STM_v1_0.STM0851	32.4	309	184	6	26	324	9	302	9.73e-36	132
RVCYZ001119	iJN1463.PP_0881	39.6	336	196	3	30	363	4	334	1.48e-66	213
RVCYZ001119	iYL1228.KPN_03898	37.4	337	207	3	29	363	3	337	1.70e-62	202
RVCYZ001119	STM_v1_0.STM3629	37.0	338	207	4	29	363	3	337	2.64e-61	199
RVCYZ001119	iML1515.b3543	36.4	338	209	4	29	363	3	337	8.11e-60	196
RVCYZ001119	iSDY_1059.SDY_4566	36.4	338	209	4	29	363	3	337	8.11e-60	196
RVCYZ001119	iSSON_1240.SSON_3847	36.4	338	209	4	29	363	3	337	8.11e-60	196
RVCYZ001119	iSF_1195.SF3578	36.4	338	209	4	29	363	3	337	1.14e-59	195
RVCYZ001122	iAF987.Gmet_0413	36.9	485	269	10	41	520	9	461	5.86e-84	267
RVCYZ001122	iEK1008.Rv2152c	38.7	494	265	12	36	515	9	478	4.33e-82	263
RVCYZ001122	iYL1228.KPN_00095	36.5	491	261	12	41	516	23	477	7.89e-82	263
RVCYZ001122	iSbBS512_1146.SbBS512_E0084	37.2	481	256	11	41	507	23	471	4.32e-81	261
RVCYZ001122	iSDY_1059.SDY_0121	37.0	481	257	11	41	507	23	471	8.52e-81	260
RVCYZ001122	iML1515.b0091	37.0	481	257	11	41	507	23	471	3.31e-80	258
RVCYZ001122	iSF_1195.SF0088	37.0	481	257	11	41	507	23	471	6.54e-80	258
RVCYZ001122	iSSON_1240.SSON_0099	37.0	481	257	11	41	507	23	471	6.54e-80	258
RVCYZ001122	STM_v1_0.STM0129	36.4	481	260	11	41	507	23	471	7.56e-78	252
RVCYZ001122	iPC815.YPO0556	36.7	485	253	13	41	507	23	471	5.77e-77	250
RVCYZ001122	iCN718.ABAYE_RS01280	34.9	487	274	12	41	518	26	478	1.10e-73	241
RVCYZ001123	iEK1008.Rv2153c	45.7	392	175	7	9	390	38	401	3.03e-94	288
RVCYZ001124	iJN1463.PP_1336	29.7	354	225	8	102	447	36	373	4.65e-30	120
RVCYZ001124	iML1515.b0089	28.7	342	228	8	98	434	55	385	4.77e-29	117
RVCYZ001125	iEK1008.Rv2155c	37.4	497	247	13	10	468	8	478	2.68e-74	241
RVCYZ001126	iEK1008.Rv2156c	41.5	359	204	1	6	364	6	358	6.59e-96	289
RVCYZ001127	iEK1008.Rv2157c	38.1	512	277	13	1	488	1	496	9.64e-75	244
RVCYZ001129	iAF987.Gmet_0406	31.1	562	347	9	38	588	33	565	6.55e-71	240
RVCYZ001129	iEK1008.Rv2163c	32.0	565	344	13	49	587	117	667	1.92e-70	239
RVCYZ001131	iNF517.LLMG_RS08455	36.0	311	195	2	8	317	5	312	6.45e-59	192
RVCYZ001134	iCN718.ABAYE_RS02190	51.1	395	192	1	5	398	15	409	6.87e-135	392
RVCYZ001134	iSDY_1059.SDY_3169	51.6	399	189	3	3	398	12	409	1.12e-133	389
RVCYZ001134	iML1515.b2913	51.4	399	190	3	3	398	12	409	9.03e-133	386
RVCYZ001134	iSF_1195.SF2898	51.4	399	190	3	3	398	12	409	9.03e-133	386
RVCYZ001134	iSSON_1240.SSON_3065	51.4	399	190	3	3	398	12	409	9.03e-133	386
RVCYZ001134	iSbBS512_1146.SbBS512_E3333	51.4	399	190	3	3	398	12	409	5.16e-132	384
RVCYZ001134	STM_v1_0.STM3062	51.6	399	189	3	3	398	12	409	1.04e-131	384
RVCYZ001134	iYL1228.KPN_03348	50.4	399	194	3	3	398	12	409	3.37e-130	380
RVCYZ001134	iPC815.YPO0914	49.0	402	198	5	3	398	12	412	1.12e-126	371
RVCYZ001134	iJN1463.PP_5155	48.6	395	202	1	5	398	14	408	2.71e-121	357
RVCYZ001138	iJN1463.PP_0026	38.5	296	174	4	1	296	1	288	2.77e-58	189
RVCYZ001139	iLJ478.TM1867	43.2	303	169	2	10	312	2	301	3.37e-84	256
RVCYZ001139	iMM1415.16828	40.9	303	177	2	10	311	51	352	3.12e-81	250
RVCYZ001139	iAT_PLT_636.3945	41.9	303	174	2	10	311	23	324	2.42e-81	249
RVCYZ001139	iAT_PLT_636.3939	41.3	303	176	2	10	311	51	352	4.41e-81	249
RVCYZ001139	iCHOv1.100689064	40.6	303	178	2	10	311	51	352	1.25e-80	248
RVCYZ001139	iCHOv1.100770347	41.3	303	176	2	10	311	23	324	1.56e-80	247
RVCYZ001139	iMM1415.16832	41.3	303	176	2	10	311	23	324	2.74e-80	247
RVCYZ001139	iAT_PLT_636.3948	41.9	303	174	2	10	311	22	323	2.36e-79	244
RVCYZ001139	iAT_PLT_636.92483	41.0	310	181	2	5	313	66	374	1.01e-78	244
RVCYZ001139	iYO844.BSU03050	41.9	303	174	1	10	312	8	308	2.70e-78	241
RVCYZ001139	iAT_PLT_636.160287	39.4	327	178	3	6	313	42	367	8.24e-76	236
RVCYZ001139	iMM1415.16833	39.3	303	182	2	10	311	22	323	5.42e-75	233
RVCYZ001139	iYS854.USA300HOU_RS01245	39.5	311	185	1	7	317	5	312	9.76e-75	232
RVCYZ001140	iML1515.b4173	39.9	404	226	6	73	473	9	398	5.08e-76	245
RVCYZ001140	iJN1463.PP_4893	39.9	388	218	7	90	473	23	399	3.47e-70	230
RVCYZ001141	iSynCJ816.SGL_RS09640	39.4	104	50	5	69	162	130	230	2.62e-06	46.6
RVCYZ001143	iEK1008.Rv2222c	61.3	445	170	1	1	443	1	445	1.20e-202	567
RVCYZ001145	iEK1008.Rv1603	61.2	242	88	2	1	238	2	241	5.28e-96	280
RVCYZ001146	iEK1008.Rv1602	51.2	211	90	4	2	211	4	202	1.96e-65	200
RVCYZ001148	iEK1008.Rv1601	59.4	202	78	2	2	200	10	210	6.34e-83	244
RVCYZ001149	iEK1008.Rv1600	46.8	370	176	5	9	377	12	361	9.72e-98	295
RVCYZ001150	iEK1008.Rv1599	55.4	437	190	2	4	440	5	436	3.93e-154	444
RVCYZ001153	iNF517.LLMG_RS07670	38.6	264	158	2	15	277	14	274	1.59e-52	174
RVCYZ001153	iYS854.USA300HOU_RS06015	42.7	234	130	1	72	305	76	305	7.66e-51	170
RVCYZ001153	iCN900.CD630_25960	36.2	268	165	5	15	279	17	281	1.03e-46	159
RVCYZ001160	iEK1008.Rv2357c	71.8	454	126	2	6	459	9	460	4.07e-250	690
RVCYZ001162	iYL1228.KPN_02551	37.4	254	141	2	35	288	17	252	2.73e-35	127
RVCYZ001162	iSbBS512_1146.SbBS512_E1134	36.0	261	142	5	37	293	20	259	9.45e-33	121
RVCYZ001162	iSF_1195.SF2166	35.6	261	143	5	37	293	20	259	2.59e-32	120
RVCYZ001162	iML1515.b2104	35.2	261	144	5	37	293	20	259	1.94e-31	117
RVCYZ001163	iAF987.Gmet_2909	37.9	506	277	9	10	514	14	483	6.73e-87	276
RVCYZ001166	iSSON_1240.SSON_2450	42.5	405	225	3	9	412	8	405	3.33e-113	338
RVCYZ001167	iSDY_1059.SDY_2558	38.5	483	273	10	33	514	5	464	1.90e-106	326
RVCYZ001167	iSSON_1240.SSON_2454	38.3	483	274	10	33	514	5	464	4.21e-105	323
RVCYZ001167	iSF_1195.SF2430	37.9	483	276	10	33	514	5	464	6.60e-104	320
RVCYZ001168	iCN900.CD630_19800	26.9	234	171	0	25	258	17	250	2.06e-31	116
RVCYZ001169	iCN900.CD630_19790	32.9	331	198	10	18	334	11	331	1.25e-42	150
RVCYZ001170	STM_v1_0.STM0661	27.3	385	190	9	13	396	5	300	1.60e-24	102
RVCYZ001170	iYL1228.KPN_01912	27.3	385	190	10	13	396	5	300	5.66e-24	100
RVCYZ001170	iSbBS512_1146.SbBS512_E0598	27.5	385	189	10	13	396	5	300	5.66e-24	100
RVCYZ001170	iSF_1195.SF0630	27.5	385	189	10	13	396	5	300	5.66e-24	100
RVCYZ001170	iSSON_1240.SSON_0605	27.5	385	189	10	13	396	5	300	1.06e-23	100
RVCYZ001170	iML1515.b0651	27.3	385	190	10	13	396	5	300	1.99e-23	99.4
RVCYZ001172	iEK1008.Rv2361c	58.2	232	97	0	30	261	65	296	1.78e-99	292
RVCYZ001175	iEK1008.Rv2868c	70.6	361	106	0	19	379	15	375	3.42e-176	496
RVCYZ001176	iEK1008.Rv2870c	51.8	386	173	5	7	392	14	386	7.01e-119	351
RVCYZ001185	iAF692.Mbar_A1414	34.3	70	44	2	15	83	4	72	1.68e-05	44.7
RVCYZ001185	iAF692.Mbar_A0352	28.9	83	56	2	15	94	3	85	3.28e-05	43.9
RVCYZ001187	iEK1008.Rv2726c	36.1	294	158	9	9	294	5	276	2.41e-42	147
RVCYZ001188	iHN637.CLJU_RS20665	40.2	254	147	3	6	257	7	257	5.86e-57	182
RVCYZ001188	iJN1463.PP_0736	43.2	243	132	4	4	244	5	243	5.25e-56	180
RVCYZ001188	iYO844.BSU26810	38.7	222	135	1	7	228	3	223	2.35e-51	168
RVCYZ001191	iCN718.ABAYE_RS11415	55.1	245	107	2	55	296	44	288	1.86e-92	275
RVCYZ001192	iIT341.HP1171	51.7	236	104	2	34	269	19	244	4.42e-72	222
RVCYZ001192	iYL1228.KPN_00678	50.2	231	105	3	34	264	16	236	1.19e-67	210
RVCYZ001192	iML1515.b0652	50.2	231	105	3	34	264	16	236	6.74e-67	208
RVCYZ001192	iSSON_1240.SSON_0606	50.2	231	105	3	34	264	16	236	6.74e-67	208
RVCYZ001192	iSF_1195.SF0629	50.2	231	105	3	34	264	16	236	9.53e-67	208
RVCYZ001192	iYS854.USA300HOU_RS09925	45.2	250	125	4	15	264	1	238	1.26e-64	202
RVCYZ001193	iIT341.HP1170	42.5	219	126	0	5	223	2	220	2.26e-52	168
RVCYZ001194	iIT341.HP1169	50.7	211	102	1	3	213	4	212	5.35e-61	189
RVCYZ001195	iYO844.BSU13580	36.8	391	239	2	1	390	1	384	3.68e-80	251
RVCYZ001195	iSynCJ816.SGL_RS13490	35.7	381	233	4	12	389	15	386	5.54e-75	238
RVCYZ001196	iCN900.CD630_14900	43.1	211	120	0	1	211	1	211	4.66e-52	167
RVCYZ001196	iJN1463.PP_0219	42.0	205	119	0	10	214	4	208	3.77e-50	162
RVCYZ001196	iCN718.ABAYE_RS11025	40.1	207	124	0	8	214	5	211	1.75e-49	160
RVCYZ001196	iJN1463.PP_0113	45.2	199	109	0	18	216	21	219	2.23e-48	157
RVCYZ001197	iML1515.b0199	46.0	339	171	3	11	343	1	333	1.77e-90	276
RVCYZ001197	iSbBS512_1146.SbBS512_E0193	46.0	339	171	3	11	343	1	333	1.77e-90	276
RVCYZ001197	iSSON_1240.SSON_0213	46.0	339	171	3	11	343	1	333	1.77e-90	276
RVCYZ001197	iPC815.YPO1073	44.6	332	177	2	11	335	1	332	1.77e-90	276
RVCYZ001197	iSDY_1059.SDY_0218	46.0	339	171	3	11	343	1	333	2.50e-90	275
RVCYZ001197	iSF_1195.SF0190	46.0	339	171	3	11	343	1	333	4.99e-90	275
RVCYZ001197	STM_v1_0.STM0247	45.1	326	173	1	11	330	1	326	2.82e-89	273
RVCYZ001197	iNF517.LLMG_RS01755	45.9	333	157	4	9	318	2	334	1.22e-88	272
RVCYZ001197	iYL1228.KPN_00213	44.8	326	174	1	11	330	1	326	1.13e-88	271
RVCYZ001197	iYO844.BSU32750	44.1	315	166	2	11	318	1	312	2.42e-81	252
RVCYZ001198	iCN900.CD630_14910	37.9	227	136	3	57	282	29	251	7.39e-48	160
RVCYZ001199	STM_v1_0.STM2573	32.8	314	199	6	1	313	1	303	2.11e-44	154
RVCYZ001204	iEK1008.Rv0386	40.4	52	31	0	148	199	1027	1078	4.79e-04	40.4
RVCYZ001206	iEK1008.Rv2936	34.4	299	186	4	29	323	23	315	7.97e-46	158
RVCYZ001209	iCN900.CD630_04420	26.1	299	200	10	38	327	45	331	1.31e-14	73.6
RVCYZ001211	iYS854.USA300HOU_RS13590	46.1	206	108	1	23	228	26	228	1.57e-67	208
RVCYZ001215	iYO844.BSU16920	36.6	186	100	6	19	193	5	183	2.45e-26	100
RVCYZ001215	iEK1008.Rv2746c	40.5	148	76	5	20	166	31	167	3.58e-26	100
RVCYZ001215	iCN900.CD630_13270	37.8	188	94	8	19	205	4	169	4.12e-24	94.0
RVCYZ001215	iNF517.LLMG_RS11155	34.2	193	100	8	19	204	6	178	7.35e-24	93.6
RVCYZ001216	iJN1463.PP_1628	37.0	146	75	4	40	183	21	151	6.79e-15	68.9
RVCYZ001224	iEK1008.Rv2192c	44.2	344	181	4	5	342	26	364	3.51e-82	254
RVCYZ001226	iEK1008.Rv2182c	43.0	221	125	1	1	220	1	221	5.88e-56	179
RVCYZ001227	iYS854.USA300HOU_RS06130	25.1	737	434	19	14	732	5	641	3.72e-50	186
RVCYZ001228	iEK1008.Rv2173	33.0	291	171	7	52	330	41	319	2.10e-28	113
RVCYZ001232	iEK1008.Rv2610c	31.4	388	232	13	3	380	1	364	2.43e-39	144
RVCYZ001233	iYL1228.KPN_02734	22.7	397	254	15	3	374	8	376	1.67e-04	43.1
RVCYZ001233	iEK1008.Rv1902c	22.0	245	147	10	51	271	63	287	4.02e-04	42.0
RVCYZ001237	iYS854.USA300HOU_RS12210	34.8	310	169	6	4	313	7	283	1.29e-43	150
RVCYZ001242	iEK1008.Rv2697c	52.0	148	65	2	13	155	3	149	2.83e-43	140
RVCYZ001243	iEK1008.Rv2583c	53.3	748	323	8	21	761	61	789	7.32e-267	757
RVCYZ001245	iYS854.USA300HOU_RS02335	36.3	248	145	4	57	302	20	256	1.52e-43	150
RVCYZ001245	iNF517.LLMG_RS01735	31.3	284	175	6	20	299	1	268	4.55e-39	139
RVCYZ001246	iJN1463.PP_0114	48.2	332	157	5	8	338	1	318	1.01e-88	272
RVCYZ001246	iYO844.BSU32750	46.1	336	164	5	8	340	1	322	4.84e-88	271
RVCYZ001246	STM_v1_0.STM0247	43.7	348	175	5	8	349	1	333	4.08e-84	261
RVCYZ001246	iML1515.b0199	43.2	347	178	3	8	349	1	333	5.76e-84	260
RVCYZ001246	iSbBS512_1146.SbBS512_E0193	43.2	347	178	3	8	349	1	333	8.14e-84	260
RVCYZ001246	iSDY_1059.SDY_0218	43.2	347	178	3	8	349	1	333	8.14e-84	260
RVCYZ001246	iSSON_1240.SSON_0213	43.2	347	178	3	8	349	1	333	8.14e-84	260
RVCYZ001246	iNF517.LLMG_RS01755	43.6	349	163	7	7	334	3	338	2.46e-83	259
RVCYZ001246	iSF_1195.SF0190	43.7	348	175	5	8	349	1	333	4.56e-83	258
RVCYZ001246	iYL1228.KPN_00213	42.8	348	178	5	8	349	1	333	6.44e-83	258
RVCYZ001246	iPC815.YPO1073	48.6	294	133	3	8	284	1	293	2.03e-81	254
RVCYZ001246	iJN1463.PP_0220	45.2	323	160	3	7	328	31	337	1.24e-80	253
RVCYZ001246	iYS854.USA300HOU_RS02325	44.1	299	164	2	8	304	1	298	1.68e-79	249
RVCYZ001246	iYS854.USA300HOU_RS04405	53.7	242	111	1	8	249	1	241	3.72e-78	245
RVCYZ001247	iYS854.USA300HOU_RS02330	46.6	206	110	0	26	231	13	218	6.03e-52	167
RVCYZ001247	iCN718.ABAYE_RS07235	43.9	198	111	0	30	227	32	229	3.48e-48	158
RVCYZ001248	iSynCJ816.SGL_RS17805	32.4	373	244	4	11	375	22	394	1.48e-60	200
RVCYZ001248	iSynCJ816.SGL_RS15740	30.4	388	253	5	12	387	10	392	2.57e-53	181
RVCYZ001249	iCN718.ABAYE_RS14710	40.2	570	302	7	1	564	1	537	3.31e-137	409
RVCYZ001249	iPC815.YPO2912	41.1	567	292	8	4	564	5	535	3.26e-131	393
RVCYZ001249	iLJ478.TM1253	37.6	607	305	8	1	566	1	574	1.19e-122	372
RVCYZ001249	iSynCJ816.SGL_RS11255	39.1	581	299	9	7	564	5	553	3.08e-121	368
RVCYZ001251	iCN900.CD630_07590	55.7	772	303	10	19	786	3	739	2.93e-296	830
RVCYZ001251	iPC815.YPO1383	54.8	777	318	7	18	788	10	759	5.33e-286	805
RVCYZ001251	STM_v1_0.STM0973	55.3	776	312	9	19	787	11	758	6.12e-285	802
RVCYZ001251	iML1515.b0903	54.4	776	321	9	19	788	11	759	3.25e-282	795
RVCYZ001251	iYL1228.KPN_00931	54.7	775	318	8	19	787	11	758	3.25e-282	795
RVCYZ001251	iSSON_1240.SSON_0904	54.4	776	321	9	19	788	11	759	3.25e-282	795
RVCYZ001251	iSbBS512_1146.SbBS512_E2425	54.4	776	321	9	19	788	11	759	4.61e-282	795
RVCYZ001251	iSDY_1059.SDY_2358	54.3	776	322	8	19	788	11	759	6.54e-282	795
RVCYZ001251	iSF_1195.SF0898	54.3	776	322	8	19	788	11	759	9.26e-282	794
RVCYZ001251	iYS854.USA300HOU_RS01150	53.0	772	327	8	19	788	11	748	2.18e-272	770
RVCYZ001251	iSDY_1059.SDY_3306	52.2	776	338	7	19	788	15	763	2.91e-266	755
RVCYZ001251	iML1515.b3114	52.1	776	339	7	19	788	15	763	5.85e-266	754
RVCYZ001251	iSF_1195.SF3154	52.1	776	339	7	19	788	15	763	5.85e-266	754
RVCYZ001251	iSSON_1240.SSON_3271	52.1	776	339	7	19	788	15	763	5.85e-266	754
RVCYZ001251	iSbBS512_1146.SbBS512_E3243	51.9	776	340	7	19	788	15	763	8.28e-266	754
RVCYZ001252	STM_v1_0.STM0970	36.7	251	154	3	51	298	24	272	6.62e-59	189
RVCYZ001252	iPC815.YPO1381	37.0	243	148	3	59	298	2	242	4.32e-58	186
RVCYZ001252	iML1515.b0902	36.6	243	149	3	59	298	4	244	3.65e-57	184
RVCYZ001252	iSbBS512_1146.SbBS512_E2426	36.6	243	149	3	59	298	13	253	4.76e-57	184
RVCYZ001252	iSDY_1059.SDY_2359	36.6	243	149	3	59	298	4	244	3.65e-57	184
RVCYZ001252	iSF_1195.SF0897	36.6	243	149	3	59	298	4	244	3.65e-57	184
RVCYZ001252	iSSON_1240.SSON_0903	36.6	243	149	3	59	298	4	244	3.65e-57	184
RVCYZ001252	iYL1228.KPN_00930	35.8	243	151	3	59	298	4	244	2.90e-56	181
RVCYZ001252	iYS854.USA300HOU_RS01155	41.4	227	125	4	60	279	4	229	8.37e-54	175
RVCYZ001255	STM_v1_0.STM1490	32.0	291	171	10	151	428	117	393	8.34e-25	105
RVCYZ001258	iCN900.CD630_20200	21.4	280	152	9	135	400	607	832	6.71e-05	45.1
RVCYZ001259	iCN900.CD630_26960	39.9	388	228	4	2	386	4	389	2.62e-95	290
RVCYZ001260	STM_v1_0.STM0039	38.4	396	215	8	12	402	4	375	1.65e-72	233
RVCYZ001260	iSbBS512_1146.SbBS512_E0019	37.6	396	218	8	12	402	4	375	9.87e-71	229
RVCYZ001260	iSSON_1240.SSON_0021	37.6	396	218	8	12	402	4	375	9.87e-71	229
RVCYZ001260	iSF_1195.SF0016	37.6	396	218	8	12	402	4	375	1.95e-70	228
RVCYZ001260	iML1515.b0019	37.4	396	219	8	12	402	4	375	2.75e-70	228
RVCYZ001260	iSDY_1059.SDY_0018	36.9	396	221	7	12	402	4	375	5.43e-70	227
RVCYZ001260	iYL1228.KPN_00016	35.0	409	227	9	12	410	8	387	1.52e-67	221
RVCYZ001260	iPC815.YPO0470	36.7	409	213	12	12	407	5	380	2.42e-65	215
RVCYZ001261	iAM_Pb448.PBANKA_071570	47.5	141	69	3	115	252	186	324	2.23e-31	118
RVCYZ001261	iAM_Pc455.PCYB_052680	46.1	141	71	3	115	252	187	325	1.09e-30	116
RVCYZ001261	iAM_Pf480.PF3D7_0413700	48.2	141	68	3	115	252	178	316	1.00e-30	116
RVCYZ001261	iAM_Pv461.PVX_089645	44.7	141	73	3	115	252	212	350	8.53e-30	114
RVCYZ001263	iEK1008.Rv3319	33.1	254	126	2	58	311	46	255	1.71e-44	152
RVCYZ001263	iEK1008.Rv1553	35.0	246	112	4	58	303	23	220	2.18e-40	141
RVCYZ001264	iEK1008.Rv3318	43.9	626	293	10	10	619	7	590	6.40e-156	460
RVCYZ001266	iEK1008.Rv0958	28.8	177	83	10	215	356	59	227	3.54e-04	42.7
RVCYZ001266	iSynCJ816.SGL_RS02940	24.9	233	134	7	281	504	121	321	7.12e-04	42.0
RVCYZ001268	iCN900.CD630_13530	38.3	274	164	4	15	287	4	273	2.00e-54	177
RVCYZ001269	iNF517.LLMG_RS00495	58.1	425	173	4	10	433	6	426	1.88e-171	487
RVCYZ001269	iHN637.CLJU_RS03265	59.3	415	166	3	12	426	9	420	1.39e-166	474
RVCYZ001269	iLJ478.TM0882	54.2	428	189	4	10	436	6	427	3.60e-155	446
RVCYZ001269	iAF987.Gmet_2390	55.3	421	185	2	6	426	2	419	9.59e-155	444
RVCYZ001270	iYS854.USA300HOU_RS14570	25.4	523	343	11	4	490	5	516	9.10e-46	168
RVCYZ001270	iCN900.CD630_04310	25.3	495	343	9	1	491	1	472	3.11e-43	159
RVCYZ001270	iYS854.USA300HOU_RS05360	26.5	452	304	9	42	491	34	459	7.14e-42	155
RVCYZ001272	iCN900.CD630_19470	48.9	225	113	1	9	231	4	228	2.38e-71	219
RVCYZ001274	iEK1008.Rv0386	39.2	51	31	0	173	223	1026	1076	5.69e-05	43.5
RVCYZ001274	iJN1463.PP_1494	25.0	116	85	2	9	124	20	133	3.15e-04	40.8
RVCYZ001274	iAF987.Gmet_0069	24.1	116	87	1	9	124	5	119	5.44e-04	40.0
RVCYZ001277	iCN900.CD630_14950	33.1	257	168	2	2	258	3	255	6.98e-39	136
RVCYZ001277	iAF987.Gmet_0899	37.5	259	157	3	2	260	6	259	1.61e-37	132
RVCYZ001277	iSSON_1240.SSON_0362	35.8	257	161	2	2	258	4	256	6.13e-37	131
RVCYZ001277	iYL1228.KPN_00329	36.2	257	160	2	2	258	6	258	1.78e-36	130
RVCYZ001277	iSDY_1059.SDY_0356	35.8	257	161	2	2	258	4	256	1.70e-36	130
RVCYZ001277	iML1515.b0386	35.8	257	161	2	2	258	4	256	2.39e-36	129
RVCYZ001277	iSF_1195.SF0322	35.8	257	161	2	2	258	4	256	2.39e-36	129
RVCYZ001277	STM_v1_0.STM0386	36.2	257	160	2	2	258	4	256	4.71e-36	129
RVCYZ001277	iSbBS512_1146.SbBS512_E0303	35.0	257	163	2	2	258	4	256	9.97e-35	125
RVCYZ001277	iHN637.CLJU_RS18405	33.3	258	164	5	3	258	5	256	1.43e-34	125
RVCYZ001277	iAM_Pv461.PVX_114870	35.1	265	148	6	1	259	4	250	3.13e-34	124
RVCYZ001278	iSynCJ816.SGL_RS05125	35.2	91	40	3	5	93	21	94	1.14e-06	50.1
RVCYZ001278	iCN900.CD630_14790	47.6	42	22	0	1	42	1	42	2.62e-05	45.8
RVCYZ001281	iEK1008.Rv2284	35.6	160	96	5	86	243	149	303	8.51e-16	77.8
RVCYZ001282	iCN718.ABAYE_RS00700	43.3	388	204	4	36	407	34	421	3.88e-97	298
RVCYZ001282	iYL1228.KPN_01032	41.0	407	222	7	21	409	20	426	1.60e-95	294
RVCYZ001282	iSSON_1240.SSON_1024	42.6	392	210	6	21	397	42	433	9.08e-95	293
RVCYZ001282	iML1515.b1006	42.6	392	210	6	21	397	20	411	6.74e-95	292
RVCYZ001282	iSF_1195.SF1009	42.6	392	210	6	21	397	42	433	1.81e-94	292
RVCYZ001282	iSDY_1059.SDY_0981	42.1	392	212	6	21	397	42	433	1.59e-92	287
RVCYZ001285	iYO844.BSU22140	35.9	195	108	6	2	189	14	198	4.40e-17	78.2
RVCYZ001285	iNF517.LLMG_RS08950	29.8	181	125	2	5	185	10	188	7.09e-17	77.4
RVCYZ001285	iAF987.Gmet_1601	30.2	182	126	1	4	185	9	189	1.02e-16	77.0
RVCYZ001285	iJN1463.PP_4862	34.0	188	120	3	2	187	4	189	1.15e-16	77.0
RVCYZ001285	STM_v1_0.STM1511	32.1	184	120	2	1	183	1	180	1.45e-16	76.6
RVCYZ001285	iYS854.USA300HOU_RS06185	25.8	182	135	0	2	183	4	185	4.93e-16	75.1
RVCYZ001285	iLB1027_lipid.PHATRDRAFT_25360	27.5	189	134	3	4	189	59	247	4.29e-15	73.6
RVCYZ001285	iYO844.BSU15910	27.2	184	134	0	2	185	6	189	2.50e-15	73.2
RVCYZ001285	iCHOv1.100751291	25.8	190	135	3	4	189	54	241	5.20e-15	73.2
RVCYZ001285	iSynCJ816.SGL_RS07245	26.8	209	152	1	4	211	10	218	6.59e-15	72.0
RVCYZ001285	iCN718.ABAYE_RS08850	29.5	183	126	3	4	185	6	186	1.21e-14	71.2
RVCYZ001285	iCHOv1.100766065	26.8	183	123	3	4	185	10	182	1.21e-14	71.2
RVCYZ001286	STM_v1_0.STM0353	46.6	700	346	10	152	845	79	756	1.17e-169	513
RVCYZ001286	iYO844.BSU33500	44.1	653	336	6	187	835	171	798	3.70e-162	494
RVCYZ001286	iCN900.CD630_21150	44.5	699	346	13	155	838	156	827	2.52e-161	493
RVCYZ001286	iSynCJ816.SGL_RS05435	44.3	641	333	7	206	840	123	745	5.31e-162	492
RVCYZ001286	iSbBS512_1146.SbBS512_E0419	45.5	637	324	6	206	840	217	832	3.62e-157	483
RVCYZ001286	iSSON_1240.SSON_0473	45.4	637	325	6	206	840	217	832	7.16e-157	482
RVCYZ001286	iML1515.b0484	45.4	637	325	6	206	840	217	832	1.99e-156	481
RVCYZ001286	iSDY_1059.SDY_0434	45.4	637	325	7	206	840	217	832	7.76e-156	479
RVCYZ001286	iSF_1195.SF0429	44.9	637	328	6	206	840	217	832	1.53e-155	478
RVCYZ001286	STM_v1_0.STM0498	45.0	638	326	7	206	840	216	831	1.15e-154	476
RVCYZ001286	iYL1228.KPN_00464	44.7	637	329	7	206	840	234	849	1.31e-150	466
RVCYZ001287	iCN900.CD630_21660	39.2	319	171	5	13	317	6	315	1.03e-68	217
RVCYZ001288	iYS854.USA300HOU_RS00980	34.8	443	277	6	10	445	3	440	1.84e-86	271
RVCYZ001288	iHN637.CLJU_RS08715	36.0	445	270	7	10	445	3	441	4.44e-84	265
RVCYZ001288	iYO844.BSU29600	35.0	437	275	6	12	447	5	433	1.40e-80	256
RVCYZ001288	iYO844.BSU26690	34.8	442	274	7	10	447	3	434	1.34e-79	253
RVCYZ001288	iNF517.LLMG_RS03390	35.1	456	270	7	10	451	3	446	3.71e-78	249
RVCYZ001290	iEK1008.Rv1844c	57.1	482	197	5	5	483	11	485	4.79e-193	546
RVCYZ001291	iEK1008.Rv1445c	37.7	220	115	5	40	256	38	238	3.37e-33	120
RVCYZ001293	iEK1008.Rv1447c	69.6	506	153	1	14	519	10	514	2.79e-270	744
RVCYZ001295	iHN637.CLJU_RS10635	32.5	640	369	15	50	683	5	587	2.61e-102	324
RVCYZ001295	iML1515.b3409	33.7	724	369	18	49	677	6	713	1.94e-99	322
RVCYZ001295	iAF692.Mbar_A1452	32.9	689	356	16	48	672	7	653	2.09e-100	321
RVCYZ001295	iSbBS512_1146.SbBS512_E3790	33.7	724	369	18	49	677	6	713	2.71e-99	321
RVCYZ001295	iSDY_1059.SDY_3667	33.7	724	369	18	49	677	6	713	3.79e-99	321
RVCYZ001295	iSF_1195.SF3428	33.6	724	370	18	49	677	6	713	1.04e-98	320
RVCYZ001295	iSSON_1240.SSON_3540	33.6	724	370	18	49	677	6	713	2.83e-98	318
RVCYZ001295	STM_v1_0.STM3506	33.3	726	377	17	49	681	6	717	3.87e-98	318
RVCYZ001295	iYL1228.KPN_03779	32.4	726	384	14	49	681	6	717	4.18e-96	313
RVCYZ001295	iCN900.CD630_32740	31.9	626	369	12	49	672	4	574	1.23e-96	311
RVCYZ001295	iPC815.YPO0132	32.4	731	378	18	49	681	6	718	2.64e-88	292
RVCYZ001297	iJN1463.PP_5338	46.5	456	243	1	7	461	8	463	8.62e-126	374
RVCYZ001297	iIT341.HP0649	45.2	451	247	0	11	461	2	452	1.61e-123	368
RVCYZ001297	iCN718.ABAYE_RS09850	46.3	458	245	1	10	466	8	465	5.16e-123	367
RVCYZ001297	iHN637.CLJU_RS02035	42.5	457	261	1	11	467	4	458	1.50e-121	363
RVCYZ001297	iML1515.b4139	44.1	454	253	1	11	463	6	459	1.01e-118	356
RVCYZ001297	iSbBS512_1146.SbBS512_E4668	44.1	454	253	1	11	463	6	459	1.01e-118	356
RVCYZ001297	iSDY_1059.SDY_4444	44.1	454	253	1	11	463	21	474	1.61e-118	356
RVCYZ001297	iSF_1195.SF4293	44.1	454	253	1	11	463	21	474	1.61e-118	356
RVCYZ001297	iSSON_1240.SSON_4322	44.1	454	253	1	11	463	21	474	1.61e-118	356
RVCYZ001297	iYL1228.KPN_04529	44.0	452	252	1	11	461	6	457	1.61e-117	353
RVCYZ001297	STM_v1_0.STM4326	43.6	454	255	1	11	463	6	459	3.22e-117	352
RVCYZ001297	iPC815.YPO0348	42.7	454	259	1	11	463	6	459	2.58e-113	342
RVCYZ001297	iYO844.BSU23570	41.5	460	267	1	9	468	7	464	2.10e-111	337
RVCYZ001305	iCN718.ABAYE_RS16285	28.9	291	175	14	166	443	21	292	1.76e-17	83.2
RVCYZ001305	iLJ478.TM0809	32.3	223	139	6	208	427	59	272	9.95e-16	79.0
RVCYZ001305	iML1515.b1107	30.0	227	145	6	207	427	57	275	2.03e-15	77.0
RVCYZ001305	iSF_1195.SF1111	29.5	227	146	6	207	427	57	275	3.65e-15	76.3
RVCYZ001308	iEK1008.Rv1296	38.8	281	147	6	12	288	17	276	6.29e-48	163
RVCYZ001309	iEK1008.Rv1294	47.8	441	218	5	1	434	1	436	1.51e-119	355
RVCYZ001310	iEK1008.Rv1293	37.6	526	234	6	6	527	11	446	9.66e-104	318
RVCYZ001311	iYS854.USA300HOU_RS03230	38.1	601	307	13	7	598	9	553	1.03e-123	375
RVCYZ001311	iCN718.ABAYE_RS18530	36.4	599	308	10	39	598	32	596	2.38e-110	342
RVCYZ001312	iMM1415.14466	26.0	430	263	15	45	452	86	482	1.11e-27	115
RVCYZ001312	iCHOv1.100756635	24.4	451	286	14	54	483	95	511	1.22e-26	112
RVCYZ001314	iEK1008.Rv2039c	34.5	232	150	2	2	232	50	280	4.54e-44	149
RVCYZ001314	iEK1008.Rv2317	34.2	231	149	3	2	231	46	274	9.44e-42	142
RVCYZ001315	iLJ478.TM1848	53.1	292	123	2	11	297	516	798	4.72e-102	316
RVCYZ001319	iAF987.Gmet_2161	33.3	102	61	3	225	320	489	589	8.30e-06	47.0
RVCYZ001321	iJN1463.PP_5412	30.6	85	59	0	5	89	4	88	1.48e-10	53.9
RVCYZ001321	iSynCJ816.SGL_RS09710	30.5	95	64	2	5	98	2	95	1.96e-10	53.5
RVCYZ001321	iSbBS512_1146.SbBS512_E4190	29.6	81	57	0	5	85	4	84	5.75e-10	52.4
RVCYZ001321	iML1515.b3731	28.4	81	58	0	5	85	4	84	3.13e-09	50.4
RVCYZ001321	iYL1228.KPN_04136	28.4	81	58	0	5	85	4	84	3.13e-09	50.4
RVCYZ001321	STM_v1_0.STM3864	28.4	81	58	0	5	85	4	84	3.13e-09	50.4
RVCYZ001321	iSDY_1059.SDY_4017	28.4	81	58	0	5	85	4	84	3.13e-09	50.4
RVCYZ001321	iSF_1195.SF3811	28.4	81	58	0	5	85	2	82	3.03e-09	50.4
RVCYZ001321	iSSON_1240.SSON_3888	28.4	81	58	0	5	85	4	84	3.13e-09	50.4
RVCYZ001321	iPC815.YPO4120	28.2	85	61	0	1	85	1	85	3.19e-09	50.4
RVCYZ001322	iEK1008.Rv1310	69.2	468	133	3	19	485	21	478	5.92e-221	617
RVCYZ001322	iYO844.BSU36810	63.5	471	167	2	19	489	4	469	9.97e-207	580
RVCYZ001322	iCN900.CD630_34680	64.0	469	155	3	18	485	4	459	1.03e-206	580
RVCYZ001322	iYS854.USA300HOU_RS11360	62.1	472	171	3	18	489	3	466	3.71e-201	566
RVCYZ001322	iNF517.LLMG_RS09735	61.9	473	169	4	19	489	4	467	7.82e-198	558
RVCYZ001323	iEK1008.Rv1309	41.8	306	155	3	7	301	8	301	9.94e-68	213
RVCYZ001324	iEK1008.Rv1308	67.1	517	168	2	1	516	1	516	4.64e-249	693
RVCYZ001325	iEK1008.Rv1307	28.7	237	165	3	31	264	202	437	1.72e-20	90.1
RVCYZ001326	iEK1008.Rv1306	28.1	121	87	0	35	155	48	168	9.40e-06	43.5
RVCYZ001327	iYO844.BSU36860	49.2	59	30	0	16	74	8	66	3.57e-14	60.5
RVCYZ001327	iYS854.USA300HOU_RS11385	46.6	58	31	0	16	73	8	65	4.13e-13	57.8
RVCYZ001328	iCHOv1.3979188	28.2	216	138	6	51	263	22	223	3.79e-16	75.1
RVCYZ001328	iML1515.b3738	24.6	248	149	6	39	268	43	270	1.36e-15	74.3
RVCYZ001328	iAF692.Mbar_A3102	27.9	229	126	7	44	262	15	214	7.57e-16	74.3
RVCYZ001328	iSbBS512_1146.SbBS512_E4183	24.6	248	149	6	39	268	43	270	1.36e-15	74.3
RVCYZ001328	iSF_1195.SF3818	24.6	248	149	6	39	268	43	270	1.36e-15	74.3
RVCYZ001328	iSSON_1240.SSON_3881	24.6	248	149	6	39	268	43	270	1.36e-15	74.3
RVCYZ001328	iPC815.YPO4127	26.0	250	143	8	39	268	46	273	1.93e-15	73.9
RVCYZ001328	iYL1228.KPN_04143	27.3	220	122	7	67	268	66	265	3.30e-15	73.2
RVCYZ001328	iMM904.Q0085	29.9	224	138	8	48	263	41	253	3.03e-15	73.2
RVCYZ001328	iSDY_1059.SDY_4010	25.9	220	125	6	67	268	71	270	3.50e-15	73.2
RVCYZ001328	STM_v1_0.STM3871	23.8	248	151	6	39	268	43	270	6.58e-15	72.4
RVCYZ001328	iAF987.Gmet_3359	31.1	219	124	9	51	268	35	227	7.11e-15	71.6
RVCYZ001329	iHN637.CLJU_RS11970	47.5	305	158	2	1	304	1	304	1.12e-100	298
RVCYZ001329	iYO844.BSU21910	47.5	301	155	2	1	300	1	299	7.31e-98	291
RVCYZ001329	iLJ478.TM0881	45.2	305	164	3	1	304	1	303	7.45e-96	286
RVCYZ001330	iJN1463.PP_3740	29.0	145	101	2	55	198	55	198	2.39e-04	43.1
RVCYZ001331	iML1515.b2162	45.5	308	164	3	3	310	4	307	1.30e-88	267
RVCYZ001331	iSSON_1240.SSON_2218	45.5	308	164	3	3	310	4	307	1.30e-88	267
RVCYZ001331	iSF_1195.SF2247	44.5	308	167	3	3	310	4	307	1.69e-86	261
RVCYZ001340	iSDY_1059.SDY_2572	50.1	413	200	3	6	418	2	408	1.32e-147	426
RVCYZ001340	iML1515.b2374	49.9	413	201	3	6	418	2	408	5.33e-147	424
RVCYZ001340	iSF_1195.SF2441	49.9	413	201	3	6	418	2	408	5.33e-147	424
RVCYZ001340	iSbBS512_1146.SbBS512_E2743	49.9	413	201	3	6	418	2	408	7.56e-147	424
RVCYZ001340	iSSON_1240.SSON_2465	49.6	413	202	3	6	418	2	408	8.68e-146	421
RVCYZ001341	iLJ478.TM1751	21.6	102	76	1	138	239	115	212	1.37e-07	52.4
RVCYZ001343	iSF_1195.SF2440	51.2	563	273	2	11	572	2	563	6.84e-205	583
RVCYZ001343	iML1515.b2373	51.2	563	273	2	11	572	2	563	1.37e-204	582
RVCYZ001343	iSSON_1240.SSON_2464	51.2	563	273	2	11	572	2	563	1.37e-204	582
RVCYZ001343	iSbBS512_1146.SbBS512_E2742	51.0	563	274	2	11	572	2	563	1.95e-204	582
RVCYZ001343	iSDY_1059.SDY_2571	51.0	563	274	2	11	572	2	563	5.54e-204	581
RVCYZ001343	iEK1008.Rv0118c	49.9	571	278	3	15	578	12	581	1.75e-194	557
RVCYZ001344	iJN1463.PP_3959	25.4	449	265	21	38	456	19	427	3.47e-06	49.3
RVCYZ001344	iAF692.Mbar_A1823	26.0	296	178	12	130	405	129	403	4.84e-05	45.8
RVCYZ001347	iEK1008.Rv1327c	40.7	690	373	11	51	723	16	686	2.57e-156	469
RVCYZ001348	iEK1008.Rv3628	57.1	156	65	2	5	159	3	157	9.15e-57	175
RVCYZ001352	iSbBS512_1146.SbBS512_E1750	25.4	426	285	11	98	495	78	498	8.84e-27	113
RVCYZ001352	iSSON_1240.SSON_1637	25.4	426	285	11	98	495	78	498	8.84e-27	113
RVCYZ001352	iML1515.b1487	25.4	426	285	11	98	495	78	498	2.16e-26	112
RVCYZ001353	iAF692.Mbar_A1976	31.8	796	441	20	16	802	6	708	9.40e-126	401
RVCYZ001355	iYL1228.KPN_02922	30.5	82	57	0	27	108	1	82	4.39e-05	41.2
RVCYZ001355	iSDY_1059.SDY_2766	31.7	82	56	0	27	108	1	82	4.39e-05	41.2
RVCYZ001355	STM_v1_0.STM2669	31.7	82	56	0	27	108	1	82	5.97e-05	40.8
RVCYZ001355	iML1515.b2600	31.7	82	56	0	27	108	1	82	8.12e-05	40.4
RVCYZ001355	iSbBS512_1146.SbBS512_E2987	31.7	82	56	0	27	108	1	82	8.12e-05	40.4
RVCYZ001355	iSF_1195.SF2660	31.7	82	56	0	27	108	1	82	8.12e-05	40.4
RVCYZ001355	iSSON_1240.SSON_2751	31.7	82	56	0	27	108	1	82	8.12e-05	40.4
RVCYZ001355	iPC815.YPO3285	31.7	82	56	0	27	108	1	82	2.78e-04	38.9
RVCYZ001357	iCN900.CD630_02510	28.5	242	149	6	406	634	151	381	3.62e-11	65.5
RVCYZ001358	iAF987.Gmet_3551	35.2	71	43	1	13	80	2	72	5.96e-06	48.5
RVCYZ001358	iAM_Pc455.PCYB_132360	45.1	51	25	1	3	53	2489	2536	8.04e-05	45.4
RVCYZ001358	iAM_Pv461.PVX_084770	45.1	51	25	1	3	53	2566	2613	1.06e-04	45.1
RVCYZ001358	iAM_Pf480.PF3D7_1435300	43.1	51	26	1	3	53	2653	2700	2.40e-04	43.9
RVCYZ001360	iYS854.USA300HOU_RS00270	27.5	109	73	2	123	231	61	163	1.14e-10	59.3
RVCYZ001361	iAF987.Gmet_0073	42.0	488	269	6	15	499	3	479	1.43e-121	364
RVCYZ001361	iCN718.ABAYE_RS04045	42.0	491	262	8	15	497	13	488	2.79e-118	356
RVCYZ001361	iLJ478.TM1273	40.0	487	282	5	15	499	3	481	2.53e-117	353
RVCYZ001361	iJN1463.PP_0930	39.6	493	278	5	14	499	2	481	9.76e-117	352
RVCYZ001361	iYS854.USA300HOU_RS10315	39.7	484	277	4	15	497	3	472	2.29e-116	350
RVCYZ001361	iNF517.LLMG_RS00940	39.7	484	279	4	15	497	3	474	1.94e-115	348
RVCYZ001361	iSynCJ816.SGL_RS10865	39.4	490	284	5	11	493	5	488	1.89e-114	346
RVCYZ001362	iSynCJ816.SGL_RS07160	54.2	472	204	5	21	491	11	471	9.66e-165	475
RVCYZ001362	iAF987.Gmet_0075	49.7	485	234	3	7	491	1	475	7.94e-154	447
RVCYZ001362	iNF517.LLMG_RS00935	49.4	490	232	5	13	500	7	482	4.12e-146	427
RVCYZ001363	iYS854.USA300HOU_RS10325	36.7	98	62	0	1	98	1	98	9.24e-13	58.5
RVCYZ001365	iYO844.BSU02750	31.9	119	80	1	28	145	115	233	1.60e-15	73.6
RVCYZ001368	STM_v1_0.STM0353	22.7	622	218	10	106	468	137	754	7.33e-24	104
RVCYZ001369	iCN900.CD630_20200	52.2	855	400	4	3	853	4	853	4.91e-294	833
RVCYZ001370	iYL1228.KPN_04788	38.4	224	126	5	49	270	31	244	4.52e-35	126
RVCYZ001370	STM_v1_0.STM1101	37.9	211	120	5	65	273	225	426	1.61e-29	115
RVCYZ001370	iSF_1195.SF4384	35.5	245	142	6	36	273	191	426	3.08e-29	114
RVCYZ001375	iCN900.CD630_26230	34.2	263	137	4	23	284	7	234	8.20e-39	135
RVCYZ001376	iML1515.b2400	32.5	320	185	9	4	322	6	295	1.35e-42	153
RVCYZ001376	iSbBS512_1146.SbBS512_E2779	32.5	320	185	9	4	322	6	295	1.35e-42	153
RVCYZ001376	iSF_1195.SF2462	32.5	320	185	9	4	322	6	295	1.35e-42	153
RVCYZ001376	iSSON_1240.SSON_2491	32.5	320	185	9	4	322	6	295	1.35e-42	153
RVCYZ001376	iAF987.Gmet_1736	34.0	321	180	11	4	323	7	296	3.30e-42	152
RVCYZ001376	STM_v1_0.STM2415	32.5	320	185	9	4	322	6	295	1.36e-41	150
RVCYZ001376	iSDY_1059.SDY_2600	31.9	320	187	9	4	322	6	295	5.07e-41	149
RVCYZ001376	iYL1228.KPN_02750	32.2	320	186	9	4	322	6	295	9.93e-41	148
RVCYZ001376	iYO844.BSU00920	32.4	299	169	10	4	289	8	286	1.58e-38	142
RVCYZ001376	iPC815.YPO2984	32.2	320	186	10	4	322	6	295	4.92e-38	140
RVCYZ001378	iHN637.CLJU_RS07630	57.9	242	102	0	1	242	1	242	1.16e-99	290
RVCYZ001385	iEK1008.Rv1017c	54.6	315	143	0	11	325	10	324	3.08e-124	359
RVCYZ001386	iYL1228.KPN_04157	35.7	308	188	4	13	319	6	304	1.35e-42	149
RVCYZ001386	iSF_1195.SF3835	37.1	299	178	4	13	310	10	299	2.92e-42	148
RVCYZ001386	iML1515.b3752	37.1	299	178	4	13	310	5	294	3.63e-42	147
RVCYZ001386	iSbBS512_1146.SbBS512_E4167	37.1	299	178	4	13	310	5	294	3.63e-42	147
RVCYZ001386	iSSON_1240.SSON_3922	37.1	299	178	4	13	310	5	294	3.63e-42	147
RVCYZ001386	STM_v1_0.STM3885	35.8	299	182	4	13	310	5	294	7.61e-41	144
RVCYZ001386	iSDY_1059.SDY_3995	37.0	300	177	5	13	310	5	294	2.09e-40	143
RVCYZ001386	iPC815.YPO0008	35.9	306	186	5	13	317	4	300	4.02e-40	142
RVCYZ001386	iJN1463.PP_2458	34.7	308	192	4	11	317	1	300	2.79e-38	137
RVCYZ001388	iML1515.b2162	35.5	301	182	8	2	298	4	296	4.59e-43	150
RVCYZ001388	iSSON_1240.SSON_2218	35.5	301	182	8	2	298	4	296	4.59e-43	150
RVCYZ001388	iSbBS512_1146.SbBS512_E0598	31.9	310	201	5	4	310	5	307	6.13e-43	149
RVCYZ001388	iSF_1195.SF0630	31.9	310	201	5	4	310	5	307	6.13e-43	149
RVCYZ001388	iML1515.b0651	31.9	310	201	5	4	310	5	307	1.21e-42	149
RVCYZ001388	iSSON_1240.SSON_0605	31.6	310	202	5	4	310	5	307	2.38e-42	148
RVCYZ001388	iSF_1195.SF2247	34.7	300	186	7	2	298	4	296	4.91e-42	147
RVCYZ001388	STM_v1_0.STM0661	31.3	310	203	5	4	310	5	307	1.81e-41	145
RVCYZ001388	iYL1228.KPN_01912	31.3	310	203	5	4	310	5	307	4.99e-41	144
RVCYZ001389	STM_v1_0.STM3884	28.3	223	140	9	62	275	29	240	1.23e-10	61.2
RVCYZ001389	iYL1228.KPN_04156	26.6	222	145	8	62	275	29	240	9.71e-10	58.5
RVCYZ001389	iML1515.b3751	27.8	223	141	9	62	275	29	240	2.34e-09	57.4
RVCYZ001389	iYO844.BSU35960	25.9	224	142	6	62	275	40	249	5.93e-09	56.2
RVCYZ001391	iEK1008.Rv3809c	56.7	386	159	3	11	393	9	389	6.95e-158	449
RVCYZ001393	iEK1008.Rv3782	28.9	304	176	10	1	286	1	282	8.84e-16	76.3
RVCYZ001396	iEK1008.Rv3808c	35.3	589	360	11	102	677	43	623	2.40e-112	352
RVCYZ001404	iJN1463.PP_1779	37.8	270	143	4	31	298	19	265	1.37e-52	182
RVCYZ001404	iNF517.LLMG_RS08170	39.6	245	141	4	22	265	3	241	3.38e-50	177
RVCYZ001404	iYO844.BSU35700	37.3	233	128	3	49	265	3	233	1.51e-45	166
RVCYZ001405	iJN1463.PP_1778	25.7	265	169	8	23	278	19	264	3.63e-15	73.2
RVCYZ001405	iYO844.BSU35710	24.3	296	185	10	1	278	1	275	8.21e-13	66.6
RVCYZ001406	iEK1008.Rv3808c	25.7	456	273	16	42	462	48	472	2.87e-24	107
RVCYZ001412	iEK1008.Rv2564	28.7	181	108	5	181	353	48	215	2.05e-15	75.9
RVCYZ001412	iEK1008.Rv0073	27.3	176	117	4	181	353	48	215	3.06e-14	72.4
RVCYZ001415	STM_v1_0.STM3880	35.7	574	319	17	79	632	11	554	3.79e-90	294
RVCYZ001415	iYL1228.KPN_04152	38.4	464	252	11	79	528	11	454	7.69e-89	291
RVCYZ001415	iML1515.b3747	35.2	574	322	18	79	632	11	554	1.55e-87	287
RVCYZ001415	iSbBS512_1146.SbBS512_E4173	35.2	574	322	18	79	632	11	554	1.55e-87	287
RVCYZ001415	iSF_1195.SF3828	35.0	574	323	18	79	632	11	554	2.17e-87	287
RVCYZ001415	iSSON_1240.SSON_3917	35.2	574	322	18	79	632	11	554	3.03e-87	286
RVCYZ001415	iJN1463.PP_1200	35.7	575	320	21	77	630	21	566	1.15e-86	285
RVCYZ001415	iPC815.YPO0006	35.6	573	321	17	79	632	11	554	1.15e-86	285
RVCYZ001415	iSDY_1059.SDY_4001	38.4	466	251	13	79	528	11	456	1.74e-85	282
RVCYZ001415	iAF692.Mbar_A3491	35.7	549	320	13	82	620	11	536	2.04e-85	281
RVCYZ001415	iAF987.Gmet_0039	37.3	456	257	11	82	526	14	451	6.61e-81	269
RVCYZ001417	iYL1228.KPN_04203	24.7	312	209	8	372	673	314	609	6.88e-16	81.6
RVCYZ001417	iPC815.YPO1581	26.5	230	151	4	370	593	313	530	6.89e-16	81.6
RVCYZ001419	iAF987.Gmet_2349	32.8	570	379	3	23	591	5	571	2.65e-92	295
RVCYZ001419	iPC815.YPO1395	32.6	536	358	3	56	590	47	580	2.13e-84	274
RVCYZ001419	iML1515.b0914	32.7	538	355	4	56	590	47	580	1.70e-82	269
RVCYZ001419	iSbBS512_1146.SbBS512_E2410	32.7	538	355	4	56	590	47	580	1.70e-82	269
RVCYZ001419	iSDY_1059.SDY_2344	32.7	538	355	4	56	590	47	580	1.70e-82	269
RVCYZ001419	iSF_1195.SF0910	32.7	538	355	4	56	590	47	580	2.38e-82	269
RVCYZ001419	iSSON_1240.SSON_0916	32.7	538	355	4	56	590	47	580	3.33e-82	268
RVCYZ001419	iYL1228.KPN_00941	32.5	538	356	4	56	590	47	580	4.66e-82	268
RVCYZ001419	STM_v1_0.STM0984	32.2	544	350	5	56	590	47	580	6.52e-82	268
RVCYZ001420	iAF987.Gmet_2349	32.5	581	367	8	17	589	7	570	5.95e-79	259
RVCYZ001420	iPC815.YPO1395	30.5	581	384	8	17	591	16	582	2.29e-76	253
RVCYZ001420	STM_v1_0.STM0984	29.3	580	392	5	17	591	16	582	1.70e-75	251
RVCYZ001420	iML1515.b0914	28.6	580	396	5	17	591	16	582	3.55e-73	244
RVCYZ001420	iSbBS512_1146.SbBS512_E2410	28.6	580	396	5	17	591	16	582	3.55e-73	244
RVCYZ001420	iSDY_1059.SDY_2344	28.6	580	396	5	17	591	16	582	3.55e-73	244
RVCYZ001420	iSF_1195.SF0910	28.6	580	396	5	17	591	16	582	9.66e-73	243
RVCYZ001420	iSSON_1240.SSON_0916	28.6	580	396	5	17	591	16	582	9.66e-73	243
RVCYZ001420	iYL1228.KPN_00941	28.7	530	368	4	63	591	62	582	7.12e-72	241
RVCYZ001420	iJN1463.PP_4935	31.4	539	350	8	60	593	74	597	1.53e-71	241
RVCYZ001420	iJN1463.PP_3466	29.9	568	377	10	4	565	5	557	2.89e-70	236
RVCYZ001421	iMM904.YGR264C	33.0	528	323	10	4	522	198	703	3.16e-94	305
RVCYZ001421	iAF692.Mbar_A0543	33.5	529	315	14	4	526	9	506	2.86e-91	296
RVCYZ001425	iMM904.YDL095W	25.8	124	72	4	319	441	509	613	2.25e-05	47.0
RVCYZ001426	iEK1008.Rv2485c	26.5	204	140	6	27	221	160	362	2.26e-11	63.2
RVCYZ001426	iEK1008.Rv2284	26.4	197	128	6	27	210	172	364	1.43e-09	57.8
RVCYZ001429	iLJ478.TM0076	36.6	820	402	25	10	775	4	759	2.90e-130	405
RVCYZ001429	iPC815.YPO0616	34.9	797	416	18	7	776	2	722	1.16e-124	389
RVCYZ001429	iJN1463.PP_1403	33.5	775	432	20	19	763	32	753	9.62e-122	383
RVCYZ001429	iYL1228.KPN_02568	32.7	788	441	21	19	775	36	765	3.19e-119	376
RVCYZ001429	iSF_1195.SF2217	32.6	769	443	17	19	762	36	754	1.73e-118	374
RVCYZ001429	iSSON_1240.SSON_2189	32.2	769	446	17	19	762	36	754	3.62e-117	371
RVCYZ001429	iML1515.b2132	32.2	769	446	17	19	762	36	754	5.07e-117	370
RVCYZ001429	iSDY_1059.SDY_2156	32.2	769	446	17	19	762	36	754	5.07e-117	370
RVCYZ001429	iSbBS512_1146.SbBS512_E0841	32.1	769	447	17	19	762	36	754	3.84e-116	368
RVCYZ001431	iML1515.b1727	25.9	205	108	5	2	184	7	189	7.05e-12	62.4
RVCYZ001431	iML1515.b2293	30.3	188	120	5	1	185	1	180	1.56e-10	58.5
RVCYZ001431	iYO844.BSU09240	29.3	188	114	8	2	180	1	178	5.73e-10	57.0
RVCYZ001435	STM_v1_0.STM0659	37.3	501	275	13	4	492	7	480	5.89e-90	289
RVCYZ001435	iSSON_1240.SSON_0604	37.3	472	261	9	4	465	7	453	3.58e-86	279
RVCYZ001435	iML1515.b0650	37.1	472	262	9	4	465	7	453	9.84e-86	278
RVCYZ001435	iSbBS512_1146.SbBS512_E0599	36.7	471	263	9	5	465	8	453	1.04e-84	275
RVCYZ001438	iPC815.YPO2295	29.0	155	102	3	85	232	71	224	4.01e-11	60.8
RVCYZ001438	iAF692.Mbar_A2894	26.4	125	92	0	94	218	97	221	9.17e-11	60.1
RVCYZ001438	iSDY_1059.SDY_4633	31.5	130	87	2	85	213	71	199	1.03e-10	59.7
RVCYZ001438	iSF_1195.SF4405	31.5	130	87	2	85	213	71	199	1.41e-10	59.3
RVCYZ001438	iSSON_1240.SSON_4524	31.5	130	87	2	85	213	71	199	1.92e-10	58.9
RVCYZ001438	iML1515.b4374	31.5	127	85	2	85	210	71	196	3.57e-10	58.2
RVCYZ001438	iYL1228.KPN_04830	31.5	127	85	2	85	210	71	196	9.01e-10	57.0
RVCYZ001438	iSbBS512_1146.SbBS512_E4917	30.7	127	86	2	85	210	71	196	1.23e-09	56.6
RVCYZ001439	iLJ478.TM1845	34.9	588	318	15	25	599	224	759	8.58e-102	330
RVCYZ001440	iNF517.LLMG_RS03810	41.6	291	158	5	40	322	2	288	6.22e-72	224
RVCYZ001441	iNF517.LLMG_RS03815	42.9	459	249	6	2	451	4	458	7.42e-111	334
RVCYZ001442	iNF517.LLMG_RS03820	26.9	412	294	5	4	413	3	409	2.19e-40	148
RVCYZ001443	iYO844.BSU34560	30.3	542	288	18	7	488	1	512	2.51e-61	211
RVCYZ001443	iEK1008.Rv0126	32.0	534	272	16	8	496	41	528	1.04e-60	210
RVCYZ001443	iYS854.USA300HOU_RS08055	30.8	562	273	22	9	501	4	518	5.38e-60	207
RVCYZ001444	iYL1228.KPN_03786	33.1	601	362	14	147	729	108	686	7.29e-95	309
RVCYZ001444	iPC815.YPO0126	30.2	749	422	23	20	729	4	690	2.26e-91	300
RVCYZ001444	iML1515.b3416	31.8	600	371	12	147	729	107	685	4.01e-91	299
RVCYZ001444	iSF_1195.SF3439	31.8	600	371	12	147	729	107	685	5.60e-91	298
RVCYZ001444	iSDY_1059.SDY_3660	31.8	600	371	12	147	729	107	685	1.52e-90	297
RVCYZ001444	iSbBS512_1146.SbBS512_E3797	31.7	600	372	12	147	729	107	685	4.13e-90	296
RVCYZ001444	iSSON_1240.SSON_3548	31.7	600	372	12	147	729	107	685	4.13e-90	296
RVCYZ001444	STM_v1_0.STM3513	32.2	605	362	13	147	729	105	683	1.13e-87	290
RVCYZ001446	iYO844.BSU28730	28.6	269	187	4	13	279	16	281	2.57e-28	109
RVCYZ001446	iYO844.BSU30290	28.8	281	193	5	1	279	1	276	2.32e-28	109
RVCYZ001447	iYO844.BSU30280	28.8	278	180	4	7	268	17	292	1.45e-32	121
RVCYZ001449	STM_v1_0.STM4229	21.3	399	251	14	5	388	6	356	5.74e-08	54.3
RVCYZ001449	iPC815.YPO3714	21.3	348	219	12	53	388	56	360	2.27e-06	49.3
RVCYZ001450	iEK1008.Rv2471	41.4	590	270	13	6	589	27	546	3.22e-151	446
RVCYZ001451	iEK1008.Rv3214	31.7	208	112	5	6	213	7	184	1.67e-22	90.5
RVCYZ001453	iYO844.BSU38110	29.8	225	154	2	7	230	2	223	8.55e-33	119
RVCYZ001453	iNF517.LLMG_RS02910	30.5	256	169	4	3	257	4	251	7.74e-30	112
RVCYZ001459	iEK1008.Rv3913	54.7	309	135	3	7	315	14	317	2.99e-107	315
RVCYZ001459	iPC815.YPO1374	49.8	319	151	7	3	316	2	316	1.44e-96	288
RVCYZ001459	iCN718.ABAYE_RS18170	49.7	312	148	6	10	316	8	315	3.71e-96	286
RVCYZ001459	iAF987.Gmet_3070	49.7	316	149	7	6	316	4	314	1.02e-95	285
RVCYZ001462	iPC815.YPO2167	32.1	81	53	2	203	281	8	88	1.71e-05	43.5
RVCYZ001462	iCHOv1.100769146	30.9	81	53	1	171	251	7	84	4.16e-05	43.1
RVCYZ001462	iEK1008.Rv0413	39.7	73	36	3	197	262	32	103	6.92e-05	43.1
RVCYZ001462	STM_v1_0.STM0137	46.3	41	22	0	226	266	35	75	8.42e-05	41.6
RVCYZ001462	iPC815.YPO0565	30.8	78	51	2	199	274	7	83	1.48e-04	40.8
RVCYZ001462	iML1515.b0099	34.3	70	43	2	199	266	7	75	2.05e-04	40.4
RVCYZ001462	iMM1415.66401	40.5	42	25	0	210	251	24	65	2.70e-04	40.4
RVCYZ001462	iSDY_1059.SDY_0129	34.3	70	43	2	199	266	7	75	2.15e-04	40.4
RVCYZ001462	iSF_1195.SF0096	34.3	70	43	2	199	266	7	75	2.05e-04	40.4
RVCYZ001462	iSSON_1240.SSON_0107	34.3	70	43	2	199	266	7	75	2.05e-04	40.4
RVCYZ001462	iYO844.BSU23610	31.6	98	58	4	226	322	74	163	7.65e-04	39.7
RVCYZ001465	iEK1008.Rv1011	39.6	283	119	6	20	277	5	260	1.33e-39	140
RVCYZ001466	iAM_Pv461.PVX_085660	28.3	230	147	6	30	259	82	293	3.35e-21	92.4
RVCYZ001469	iYS854.USA300HOU_RS06130	27.8	212	140	4	18	228	10	209	1.06e-17	87.0
RVCYZ001470	iYO844.BSU31322	55.0	40	18	0	152	191	43	82	3.67e-05	44.7
RVCYZ001470	iPC815.YPO2675	28.7	164	103	6	58	213	70	227	1.30e-04	43.1
RVCYZ001471	iEK1008.Rv2038c	55.8	369	143	3	1	369	1	349	6.15e-132	381
RVCYZ001471	iEK1008.Rv2832c	52.1	376	163	2	1	376	1	359	5.90e-123	358
RVCYZ001474	iAF692.Mbar_A0500	41.2	956	481	15	48	989	10	898	5.83e-218	644
RVCYZ001474	iSynCJ816.SGL_RS16270	41.3	967	495	15	44	992	29	940	1.69e-216	642
RVCYZ001474	iYO844.BSU15650	41.1	935	480	15	47	978	10	876	2.05e-208	619
RVCYZ001475	iEK1008.Rv0321	67.7	189	61	0	1	189	1	189	2.75e-94	272
RVCYZ001478	iYO844.BSU33420	34.2	476	301	3	1	470	1	470	1.19e-79	266
RVCYZ001479	iAF987.Gmet_3524	49.7	143	71	1	25	167	16	157	1.21e-41	137
RVCYZ001479	iYO844.BSU00180	43.3	150	84	1	18	167	1	149	8.35e-40	132
RVCYZ001480	iYL1228.KPN_04203	34.3	702	438	10	43	740	25	707	7.53e-124	385
RVCYZ001480	iPC815.YPO1581	31.4	701	460	10	43	740	25	707	3.38e-117	368
RVCYZ001481	iNF517.LLMG_RS11535	25.6	227	146	5	166	373	67	289	3.06e-14	72.8
RVCYZ001481	iLJ478.TM1469	27.6	152	107	3	144	293	42	192	1.01e-12	68.2
RVCYZ001482	STM_v1_0.STM3557	23.2	293	206	7	52	331	45	331	8.05e-10	60.1
RVCYZ001482	iML1515.b3453	21.4	336	241	8	52	374	45	370	2.50e-09	58.5
RVCYZ001482	iYL1228.KPN_03813	22.5	293	208	7	52	331	45	331	2.50e-09	58.5
RVCYZ001482	iSbBS512_1146.SbBS512_E3870	21.4	336	241	8	52	374	45	370	2.50e-09	58.5
RVCYZ001482	iPC815.YPO3796	24.5	208	145	6	133	332	131	334	2.51e-09	58.5
RVCYZ001482	iLJ478.TM1120	30.5	151	89	7	52	193	40	183	5.61e-08	54.3
RVCYZ001483	iYO844.BSU30280	31.9	285	190	3	34	315	16	299	1.30e-43	151
RVCYZ001484	iYO844.BSU30290	33.3	276	171	6	13	282	7	275	2.66e-34	125
RVCYZ001487	iYO844.BSU34560	47.4	551	254	10	23	568	4	523	4.48e-174	505
RVCYZ001487	iNF517.LLMG_RS03830	48.8	541	217	14	23	559	5	489	1.79e-168	490
RVCYZ001487	iYO844.BSU07810	44.9	594	280	15	22	611	7	557	2.08e-161	473
RVCYZ001487	iYS854.USA300HOU_RS08055	44.4	595	274	16	23	611	5	548	3.61e-159	467
RVCYZ001488	iHN637.CLJU_RS07395	50.5	400	188	2	21	420	13	402	2.50e-136	396
RVCYZ001489	STM_v1_0.STM1221	31.5	251	139	12	4	245	42	268	1.26e-20	87.8
RVCYZ001490	iNF517.LLMG_RS04070	20.1	274	209	4	65	332	51	320	5.10e-08	53.5
RVCYZ001490	iYL1228.KPN_04156	23.8	277	190	9	65	329	29	296	3.44e-07	50.8
RVCYZ001490	iML1515.b3751	23.2	276	193	8	65	329	29	296	1.95e-06	48.5
RVCYZ001492	STM_v1_0.STM0042	43.5	460	250	6	10	468	2	452	1.53e-124	370
RVCYZ001498	iLJ478.TM0025	40.2	667	338	17	41	658	54	708	2.05e-131	406
RVCYZ001499	iYO844.BSU29050	44.0	191	104	2	1	190	80	268	7.81e-50	163
RVCYZ001499	iHN637.CLJU_RS08755	43.9	189	104	1	1	189	74	260	1.56e-49	162
RVCYZ001499	iYO844.BSU33400	44.8	192	103	2	1	191	76	265	1.24e-47	157
RVCYZ001499	iYL1228.KPN_03432	41.7	192	107	2	1	189	73	262	1.19e-44	149
RVCYZ001499	iML1515.b3012	40.6	192	109	2	1	189	73	262	1.68e-44	149
RVCYZ001499	iSbBS512_1146.SbBS512_E3440	40.6	192	109	2	1	189	73	262	1.68e-44	149
RVCYZ001499	iSF_1195.SF3057	40.6	192	109	2	1	189	34	223	5.89e-45	149
RVCYZ001499	iSDY_1059.SDY_3061	40.6	192	109	2	1	189	34	223	8.32e-45	149
RVCYZ001499	iSSON_1240.SSON_3155	40.1	192	110	2	1	189	34	223	3.32e-44	147
RVCYZ001500	iML1515.b3012	56.7	67	28	1	4	70	7	72	4.93e-16	69.7
RVCYZ001500	iSbBS512_1146.SbBS512_E3440	55.2	67	29	1	4	70	7	72	3.54e-15	67.4
RVCYZ001500	STM_v1_0.STM3165	53.7	67	30	1	4	70	7	72	9.47e-15	66.2
RVCYZ001500	iPC815.YPO0676	53.7	67	30	1	4	70	7	72	1.85e-14	65.5
RVCYZ001500	iYS854.USA300HOU_RS09485	45.9	74	36	1	1	70	1	74	1.31e-13	63.2
RVCYZ001512	iMM1415.13433	25.6	464	212	16	77	421	1204	1653	1.39e-27	116
RVCYZ001512	iCN718.ABAYE_RS00975	27.7	361	224	12	77	422	4	342	2.26e-28	114
RVCYZ001512	iCHOv1.100762713	25.7	479	217	17	77	431	1138	1601	4.74e-25	108
RVCYZ001515	iCHOv1.100769832	40.4	109	58	2	4	105	30	138	6.04e-21	81.6
RVCYZ001520	iNF517.LLMG_RS01985	29.2	137	90	3	18	150	1	134	1.06e-13	67.4
RVCYZ001520	iML1515.b3713	38.0	129	58	8	17	132	4	123	9.74e-14	66.2
RVCYZ001520	iJN1463.PP_4138	33.6	116	74	2	20	132	7	122	9.41e-14	66.2
RVCYZ001522	iEK1008.Rv2952	31.8	110	54	7	55	154	78	176	7.60e-04	39.7
RVCYZ001523	iCN900.CD630_31950	31.6	858	498	20	5	828	4	806	6.81e-126	397
RVCYZ001529	iML1515.b3291	27.9	111	76	3	1	109	3	111	9.55e-05	40.0
RVCYZ001532	iYO844.BSU26590	26.8	157	113	2	71	226	31	186	2.50e-09	58.5
RVCYZ001532	iYS854.USA300HOU_RS03755	21.3	333	255	5	71	401	24	351	1.33e-08	56.2
RVCYZ001533	iHN637.CLJU_RS01300	64.6	444	155	2	5	447	5	447	1.62e-206	577
RVCYZ001533	iAF987.Gmet_1186	59.5	447	178	3	2	447	5	449	6.26e-190	535
RVCYZ001549	iMM1415.14466	26.4	477	278	16	45	503	88	509	4.88e-40	151
RVCYZ001549	iCHOv1.100756635	26.7	469	283	17	47	503	90	509	2.38e-39	149
RVCYZ001550	iLJ478.TM1195	28.1	545	333	16	10	525	1	515	5.66e-58	207
RVCYZ001551	iHN637.CLJU_RS00610	24.6	366	240	16	32	380	32	378	1.60e-05	46.6
RVCYZ001551	iNF517.LLMG_RS11220	22.2	284	167	12	71	320	62	325	4.64e-04	42.0
RVCYZ001553	iYS854.USA300HOU_RS11550	34.3	67	44	0	16	82	5	71	8.19e-08	48.5
RVCYZ001555	iEK1008.Rv3588c	37.1	205	107	1	14	218	10	192	6.82e-36	125
RVCYZ001558	iNF517.LLMG_RS04065	41.7	48	28	0	1	48	266	313	3.34e-07	43.9
RVCYZ001559	iLJ478.TM0115	37.1	175	105	2	1	170	59	233	2.06e-28	111
RVCYZ001559	iYO844.BSU35940	29.8	191	134	0	1	191	47	237	5.24e-26	104
RVCYZ001561	iML1515.b3751	25.2	262	155	12	46	294	15	248	8.07e-05	43.5
RVCYZ001561	iYL1228.KPN_04156	24.5	261	158	10	46	294	15	248	8.07e-05	43.5
RVCYZ001561	STM_v1_0.STM3884	24.2	260	160	9	46	294	15	248	1.43e-04	42.7
RVCYZ001562	iYO844.BSU28720	48.2	510	245	10	8	513	3	497	9.63e-169	486
RVCYZ001563	iHN637.CLJU_RS00595	53.5	535	245	2	1	533	1	533	3.79e-203	575
RVCYZ001564	iLJ478.TM0283	42.5	214	117	3	16	229	46	253	3.07e-50	164
RVCYZ001564	iCN900.CD630_00450	37.7	215	131	1	15	229	3	214	8.36e-47	154
RVCYZ001565	iPC815.YPO2253	48.1	497	254	3	7	501	4	498	7.11e-164	473
RVCYZ001565	iYL1228.KPN_00061	45.7	495	265	3	7	499	4	496	1.12e-157	457
RVCYZ001565	iLJ478.TM0276	48.8	496	245	6	11	504	8	496	2.80e-157	456
RVCYZ001565	STM_v1_0.STM0102	45.7	495	265	3	7	499	4	496	2.37e-154	449
RVCYZ001565	iML1515.b0062	44.8	495	269	3	7	499	4	496	1.35e-153	447
RVCYZ001565	iSSON_1240.SSON_0068	44.6	495	270	3	7	499	4	496	5.43e-153	445
RVCYZ001565	iSbBS512_1146.SbBS512_E0054	44.6	495	270	3	7	499	4	496	1.54e-152	444
RVCYZ001565	iSDY_1059.SDY_0089	44.4	495	271	3	7	499	4	496	4.38e-152	443
RVCYZ001566	iPC815.YPO0676	45.5	275	142	3	12	284	5	273	1.02e-77	237
RVCYZ001566	iYL1228.KPN_03432	43.8	274	146	3	13	284	6	273	5.43e-77	235
RVCYZ001566	iML1515.b3012	43.8	274	146	3	13	284	6	273	7.68e-77	234
RVCYZ001566	iSbBS512_1146.SbBS512_E3440	43.8	274	146	3	13	284	6	273	4.37e-76	233
RVCYZ001566	iYS854.USA300HOU_RS03800	44.9	267	142	2	16	281	8	270	9.93e-76	232
RVCYZ001566	STM_v1_0.STM3165	43.4	274	147	3	13	284	6	273	2.48e-75	231
RVCYZ001566	iYO844.BSU33400	41.2	274	154	3	14	286	9	276	4.13e-74	228
RVCYZ001567	iAF987.Gmet_0304	32.5	945	575	18	12	918	12	931	4.24e-133	422
RVCYZ001572	iHN637.CLJU_RS03400	28.0	460	290	8	2	432	190	637	5.87e-40	151
RVCYZ001573	iEK1008.Rv2438c	38.2	173	106	1	5	177	9	180	4.25e-31	117
RVCYZ001573	iHN637.CLJU_RS03400	38.1	176	97	5	7	177	6	174	2.03e-28	110
RVCYZ001577	STM_v1_0.STM4229	23.6	123	85	3	45	166	242	356	8.89e-06	45.4
RVCYZ001577	iYL1228.KPN_04423	23.6	123	85	3	45	166	239	353	3.86e-05	43.5
RVCYZ001577	iPC815.YPO3714	22.8	123	86	3	45	166	246	360	1.26e-04	42.0
RVCYZ001581	iLJ478.TM1839	28.2	124	77	4	53	169	38	156	1.25e-04	42.4
RVCYZ001581	iYO844.BSU34610	28.3	138	90	6	21	152	19	153	9.69e-04	39.7
