RCHGF000003	iHN637.CLJU_RS02400	37.3	67	41	1	11	76	9	75	1.37e-05	45.1
RCHGF000003	iSynCJ816.SGL_RS17655	34.5	119	71	4	11	126	8	122	1.43e-05	45.1
RCHGF000003	iAF987.Gmet_0662	37.7	69	38	2	11	75	9	76	3.48e-05	43.9
RCHGF000003	iAF692.Mbar_A0171	51.4	37	18	0	11	47	9	45	3.31e-05	43.9
RCHGF000003	iHN637.CLJU_RS11570	48.6	37	19	0	11	47	9	45	8.01e-05	42.7
RCHGF000005	iCN900.CD630_23720	49.2	295	150	0	6	300	8	302	2.02e-100	296
RCHGF000006	iCN900.CD630_23710	48.9	380	191	3	8	386	6	383	1.67e-116	346
RCHGF000007	iCN900.CD630_23700	56.9	267	114	1	14	280	2	267	2.25e-97	286
RCHGF000012	iNF517.LLMG_RS01005	55.5	483	210	4	1	483	1	478	3.35e-203	571
RCHGF000014	iCN900.CD630_36260	81.7	208	38	0	3	210	1	208	1.47e-124	350
RCHGF000015	iCN900.CD630_02870	42.4	158	91	0	2	159	3	160	1.26e-39	131
RCHGF000016	iCN900.CD630_02880	41.6	238	139	0	5	242	8	245	4.15e-63	197
RCHGF000017	iCN900.CD630_02890	40.4	267	156	3	13	279	20	283	4.40e-55	179
RCHGF000017	iCN900.CD630_04940	36.3	273	158	7	1	267	1	263	4.69e-49	163
RCHGF000018	iHN637.CLJU_RS05700	37.7	122	76	0	2	123	3	124	1.16e-25	97.8
RCHGF000021	iCN718.ABAYE_RS05795	53.8	52	24	0	1	52	1	52	8.04e-17	71.2
RCHGF000021	iAF987.Gmet_3171	55.8	52	23	0	1	52	1	52	1.37e-18	70.1
RCHGF000021	iJN1463.PP_5315	53.8	52	24	0	1	52	1	52	2.09e-18	69.7
RCHGF000021	iJN1463.PP_5371	51.9	52	25	0	1	52	1	52	6.47e-15	65.9
RCHGF000022	iYO844.BSU34790	48.8	303	155	0	2	304	4	306	9.48e-98	290
RCHGF000022	iNF517.LLMG_RS08000	48.7	300	152	2	2	300	3	301	5.81e-92	275
RCHGF000022	iYS854.USA300HOU_RS04135	46.5	303	162	0	2	304	3	305	5.44e-88	265
RCHGF000023	iSbBS512_1146.SbBS512_E3762	27.8	237	144	4	272	483	9	243	1.07e-19	88.2
RCHGF000023	iSSON_1240.SSON_3516	27.8	237	144	4	272	483	9	243	1.07e-19	88.2
RCHGF000023	iML1515.b3385	27.8	237	144	4	272	483	9	243	1.45e-19	87.8
RCHGF000023	iSF_1195.SF3403	27.8	237	144	4	272	483	9	243	1.45e-19	87.8
RCHGF000023	iSDY_1059.SDY_3694	27.8	237	144	4	272	483	9	243	1.97e-19	87.4
RCHGF000023	STM_v1_0.STM3002	27.0	278	173	10	4	256	8	280	2.31e-18	85.1
RCHGF000023	STM_v1_0.STM3482	28.3	237	143	5	272	483	9	243	5.67e-18	83.2
RCHGF000024	iYS854.USA300HOU_RS04115	43.0	300	168	3	14	312	7	304	1.08e-76	236
RCHGF000025	iCN900.CD630_31950	32.9	958	458	13	6	933	4	806	3.13e-161	492
RCHGF000029	iYS854.USA300HOU_RS04050	30.0	287	185	9	1	278	1	280	4.70e-27	106
RCHGF000029	iYS854.USA300HOU_RS07285	26.3	289	192	7	2	281	3	279	2.91e-24	98.6
RCHGF000030	iYS854.USA300HOU_RS04050	32.3	294	182	8	1	284	1	287	1.25e-40	142
RCHGF000031	iLJ478.TM1845	35.2	600	347	16	99	669	217	803	9.97e-107	343
RCHGF000033	iML1515.b1337	34.5	307	167	9	16	295	19	318	2.32e-37	140
RCHGF000034	iYO844.BSU30940	50.5	798	392	3	5	801	2	797	2.78e-273	775
RCHGF000034	iCN900.CD630_08850	48.6	806	390	6	7	796	12	809	3.56e-262	747
RCHGF000034	iNF517.LLMG_RS09365	46.4	796	421	4	7	799	4	796	1.79e-256	732
RCHGF000036	iAF987.Gmet_0885	25.4	303	222	2	3	305	6	304	1.72e-34	127
RCHGF000036	iPC815.YPO2421	27.5	306	211	4	2	302	9	308	1.36e-29	114
RCHGF000039	iAF987.Gmet_0069	28.8	170	109	6	3	166	2	165	2.21e-13	67.8
RCHGF000039	iAF987.Gmet_1706	32.6	175	108	5	5	175	2	170	3.20e-13	67.4
RCHGF000039	iAF987.Gmet_1919	32.3	133	85	4	6	133	5	137	4.18e-12	64.3
RCHGF000039	iAF987.Gmet_2999	31.9	116	75	2	6	117	10	125	1.08e-11	63.2
RCHGF000039	iAF987.Gmet_1914	32.4	108	69	3	4	108	2	108	4.24e-11	61.6
RCHGF000041	iNF517.LLMG_RS08070	39.5	365	215	3	1	359	1	365	1.67e-90	276
RCHGF000042	iNF517.LLMG_RS08075	29.5	336	180	13	374	678	35	344	4.61e-29	120
RCHGF000042	iYO844.BSU35720	30.4	391	226	19	339	701	346	718	6.67e-26	114
RCHGF000043	iYO844.BSU35720	39.0	374	213	5	787	1146	370	742	3.44e-78	273
RCHGF000043	iYS854.USA300HOU_RS01320	38.8	384	215	9	780	1146	7	387	2.24e-72	246
RCHGF000044	iYO844.BSU35740	66.1	127	42	1	1	127	1	126	5.86e-57	172
RCHGF000045	iYS854.USA300HOU_RS03450	49.2	248	117	3	12	251	4	250	4.53e-76	232
RCHGF000045	iYO844.BSU35700	45.7	256	131	2	13	261	5	259	3.26e-69	222
RCHGF000046	iYO844.BSU35710	32.1	268	176	3	8	270	7	273	1.24e-54	177
RCHGF000046	iYS854.USA300HOU_RS03455	33.2	265	172	4	8	270	7	268	5.78e-48	160
RCHGF000049	iNF517.LLMG_RS05655	44.3	336	186	1	8	342	2	337	6.58e-93	280
RCHGF000049	iYS854.USA300HOU_RS07540	44.8	330	181	1	11	339	3	332	1.55e-91	276
RCHGF000049	iYO844.BSU22830	44.9	325	178	1	11	334	3	327	2.13e-89	271
RCHGF000050	iYO844.BSU30980	44.4	615	334	6	9	616	14	627	8.44e-196	563
RCHGF000050	iSynCJ816.SGL_RS12820	41.1	628	331	10	18	607	126	752	4.90e-176	518
RCHGF000051	iYO844.BSU09310	50.0	558	268	8	6	554	7	562	3.46e-187	538
RCHGF000054	iYO844.BSU13900	56.1	41	18	0	1	41	44	84	1.14e-09	48.1
RCHGF000054	iYS854.USA300HOU_RS05395	60.5	38	15	0	1	38	44	81	1.30e-08	45.4
RCHGF000055	iCN718.ABAYE_RS00870	34.2	146	86	1	5	140	4	149	1.36e-20	82.0
RCHGF000062	iSynCJ816.SGL_RS13900	24.1	307	216	5	58	361	68	360	6.27e-13	69.3
RCHGF000066	iIT341.HP1576	40.6	217	129	0	1	217	2	218	9.66e-54	175
RCHGF000066	iYO844.BSU32750	41.9	222	126	1	1	219	1	222	2.75e-53	174
RCHGF000066	iCN900.CD630_19470	42.4	217	120	3	5	217	13	228	6.22e-52	167
RCHGF000066	iCN900.CD630_14890	39.2	217	131	1	1	217	1	216	1.60e-50	166
RCHGF000066	iPC815.YPO1073	39.5	220	130	1	1	217	1	220	2.78e-50	166
RCHGF000066	iYS854.USA300HOU_RS04405	38.6	220	132	1	1	217	1	220	2.07e-49	164
RCHGF000066	iNF517.LLMG_RS01625	38.8	227	131	1	1	219	1	227	3.34e-50	163
RCHGF000066	iJN1463.PP_0220	38.8	201	123	0	17	217	49	249	3.11e-48	162
RCHGF000066	iSbBS512_1146.SbBS512_E0193	38.6	220	132	1	1	217	1	220	3.36e-48	161
RCHGF000066	iSSON_1240.SSON_0213	38.6	220	132	1	1	217	1	220	3.36e-48	161
RCHGF000066	iML1515.b0199	38.2	220	133	1	1	217	1	220	4.73e-48	160
RCHGF000066	iSDY_1059.SDY_0218	38.2	220	133	1	1	217	1	220	6.66e-48	160
RCHGF000066	iJN1463.PP_0114	36.7	221	136	2	1	217	1	221	1.09e-47	159
RCHGF000066	STM_v1_0.STM0247	38.6	220	132	1	1	217	1	220	1.32e-47	159
RCHGF000066	iYS854.USA300HOU_RS02325	36.4	220	137	1	1	217	1	220	1.77e-47	159
RCHGF000066	iYL1228.KPN_00213	37.7	220	134	1	1	217	1	220	2.62e-47	159
RCHGF000066	iSF_1195.SF0190	38.2	220	133	1	1	217	1	220	2.62e-47	159
RCHGF000067	iYS854.USA300HOU_RS01445	31.8	110	57	5	303	412	204	295	1.08e-06	50.1
RCHGF000067	iML1515.b1856	30.5	105	53	3	309	413	314	398	1.06e-05	47.4
RCHGF000069	iIT341.HP1576	44.2	217	121	0	1	217	2	218	5.50e-56	181
RCHGF000069	iYO844.BSU32750	42.8	222	124	1	1	219	1	222	1.53e-52	172
RCHGF000069	iCN900.CD630_19470	42.9	217	119	3	5	217	13	228	1.37e-53	171
RCHGF000069	iCN900.CD630_14890	41.0	217	127	1	1	217	1	216	7.26e-52	170
RCHGF000069	iPC815.YPO1073	40.0	220	129	1	1	217	1	220	1.54e-49	164
RCHGF000069	STM_v1_0.STM0247	41.4	220	126	1	1	217	1	220	3.06e-49	164
RCHGF000084	iCN900.CD630_04310	39.4	475	279	6	2	476	5	470	2.57e-113	343
RCHGF000085	iCN900.CD630_04300	33.3	123	80	1	111	231	97	219	1.20e-14	70.5
RCHGF000087	iPC815.YPO1914	29.4	564	385	6	18	574	16	573	6.26e-76	252
RCHGF000087	iPC815.YPO1913	45.8	271	144	1	320	587	315	585	3.32e-75	250
RCHGF000087	iAF987.Gmet_2349	33.3	490	306	8	104	581	89	569	3.61e-73	244
RCHGF000088	iPC815.YPO1913	32.7	514	337	4	71	577	72	583	1.99e-86	280
RCHGF000092	iYS854.USA300HOU_RS01445	29.1	151	81	6	307	445	164	300	2.73e-07	52.0
RCHGF000094	iYL1228.KPN_03151	40.8	213	120	4	3	212	1	210	3.77e-46	152
RCHGF000094	iSSON_1240.SSON_2957	42.5	207	113	4	8	212	8	210	7.52e-46	151
RCHGF000094	iML1515.b2800	42.0	207	114	4	8	212	8	210	8.48e-45	148
RCHGF000094	iSDY_1059.SDY_3017	42.0	207	114	4	8	212	8	210	8.48e-45	148
RCHGF000094	iSF_1195.SF2814	42.0	207	114	4	8	212	8	210	8.48e-45	148
RCHGF000094	STM_v1_0.STM2974	39.4	213	123	4	3	212	1	210	3.38e-44	147
RCHGF000094	iCN900.CD630_00450	38.3	214	131	1	1	213	1	214	3.48e-41	139
RCHGF000095	iML1515.b1511	23.3	502	344	13	2	468	11	506	3.46e-28	117
RCHGF000096	iEK1008.Rv0728c	39.0	310	179	7	2	308	6	308	4.30e-56	184
RCHGF000097	iLJ478.TM0911	31.1	350	215	10	12	348	3	339	1.31e-38	140
RCHGF000097	iYO844.BSU13550	30.9	349	214	9	17	350	11	347	2.32e-37	137
RCHGF000097	iAF987.Gmet_0072	30.5	334	216	6	12	332	1	331	3.99e-36	133
RCHGF000097	iSynCJ816.SGL_RS12395	32.8	332	201	9	17	331	13	339	2.30e-35	131
RCHGF000098	iYO844.BSU13560	37.0	381	228	5	22	399	23	394	1.64e-73	234
RCHGF000099	iYS854.USA300HOU_RS12590	45.1	432	231	3	1	430	1	428	1.31e-121	360
RCHGF000102	iML1515.b3011	30.8	393	247	8	1	383	1	378	2.15e-54	184
RCHGF000102	iJN1463.PP_2492	31.7	366	235	8	1	358	1	359	1.65e-52	179
RCHGF000111	iYO844.BSU38860	62.8	328	121	1	1	328	1	327	2.80e-154	436
RCHGF000111	iCN900.CD630_27140	58.6	331	136	1	1	331	1	330	6.69e-138	394
RCHGF000113	iCN900.CD630_32760	41.9	253	144	3	23	274	18	268	2.53e-62	197
RCHGF000113	iML1515.b1819	38.6	277	157	7	6	274	10	281	7.06e-60	191
RCHGF000113	iSbBS512_1146.SbBS512_E2085	38.6	277	157	7	6	274	10	281	7.06e-60	191
RCHGF000113	iSSON_1240.SSON_1341	38.6	277	157	7	6	274	13	284	7.70e-60	191
RCHGF000113	iSF_1195.SF1409	38.3	277	158	7	6	274	13	284	4.33e-59	189
RCHGF000113	iCN900.CD630_10780	40.1	252	149	2	23	273	29	279	1.03e-58	188
RCHGF000113	iYL1228.KPN_02335	38.6	277	157	8	6	274	13	284	1.73e-58	187
RCHGF000113	STM_v1_0.STM1832	38.3	277	158	7	6	274	13	284	3.44e-58	187
RCHGF000113	iPC815.YPO1756	37.1	278	162	7	6	275	22	294	1.98e-56	182
RCHGF000114	iCN900.CD630_10770	42.6	258	134	3	13	266	7	254	5.58e-55	177
RCHGF000114	iCN900.CD630_32770	37.6	242	150	1	10	250	1	242	3.20e-50	165
RCHGF000115	iCN900.CD630_10760	53.8	145	67	0	1	145	1	145	5.59e-49	154
RCHGF000116	iCN900.CD630_32780	32.1	131	85	3	3	130	2	131	9.02e-18	73.9
RCHGF000121	STM_v1_0.STM0047	32.9	143	85	4	8	143	15	153	4.83e-14	65.5
RCHGF000122	iYS854.USA300HOU_RS06015	54.6	295	132	2	7	300	8	301	7.59e-109	318
RCHGF000122	iNF517.LLMG_RS07670	53.6	293	134	2	11	302	9	300	1.78e-101	299
RCHGF000124	iCHOv1.100751791	61.5	143	53	2	2	142	14	156	2.43e-60	184
RCHGF000124	iMM1415.320685	60.8	143	54	2	2	142	14	156	6.94e-60	183
RCHGF000126	iML1515.b1010	35.0	120	77	1	4	123	6	124	1.71e-20	80.1
RCHGF000126	iSDY_1059.SDY_0985	35.0	120	77	1	4	123	6	124	1.71e-20	80.1
RCHGF000126	iSF_1195.SF1013	34.2	120	78	1	4	123	6	124	7.71e-19	75.9
RCHGF000127	iCN900.CD630_30810	36.5	405	250	5	131	532	4	404	1.37e-86	273
RCHGF000128	iCN900.CD630_30800	45.0	100	55	0	4	103	11	110	1.13e-20	79.7
RCHGF000129	iYO844.BSU31400	30.2	367	245	7	24	389	24	380	1.14e-47	166
RCHGF000129	iCN900.CD630_27330	27.6	392	272	6	6	391	2	387	6.55e-46	162
RCHGF000129	iYO844.BSU22370	32.3	371	229	8	31	392	33	390	1.98e-45	160
RCHGF000129	STM_v1_0.STM1557	28.5	400	255	11	1	387	7	388	1.69e-44	158
RCHGF000129	iHN637.CLJU_RS06550	29.5	370	241	8	35	394	37	396	1.66e-42	153
RCHGF000130	iYO844.BSU39260	49.2	486	223	7	5	489	7	469	2.20e-161	465
RCHGF000130	iYO844.BSU40110	48.7	489	225	8	7	486	5	476	5.02e-160	462
RCHGF000130	iCN900.CD630_30960	49.2	486	221	7	8	486	5	471	1.71e-159	460
RCHGF000130	iCN900.CD630_03890	48.5	499	223	8	5	486	3	484	1.02e-156	454
RCHGF000130	iCN900.CD630_31240	48.2	490	228	6	4	486	3	473	2.00e-156	452
RCHGF000130	STM_v1_0.STM3051	46.7	488	244	6	1	486	1	474	4.60e-155	449
RCHGF000130	iNF517.LLMG_RS02245	46.7	484	240	7	8	486	5	475	1.35e-154	448
RCHGF000130	iYS854.USA300HOU_RS01380	47.3	488	236	8	5	486	3	475	4.39e-153	444
RCHGF000130	iCN900.CD630_31360	48.2	488	232	8	8	489	5	477	1.21e-152	443
RCHGF000130	iML1515.b2716	45.9	492	238	7	6	490	4	474	8.81e-152	441
RCHGF000130	iML1515.b2901	46.1	486	246	6	3	486	5	476	1.47e-151	440
RCHGF000130	iSSON_1240.SSON_1595	46.7	488	244	8	6	489	4	479	1.47e-151	440
RCHGF000130	iSbBS512_1146.SbBS512_E3322	46.1	486	246	6	3	486	5	476	2.96e-151	439
RCHGF000130	iSDY_1059.SDY_2912	45.7	492	239	7	6	490	4	474	3.54e-151	439
RCHGF000130	iYL1228.KPN_03330	46.5	488	245	6	1	486	1	474	7.86e-151	438
RCHGF000130	iSF_1195.SF2887	45.9	488	248	6	1	486	1	474	1.11e-150	438
RCHGF000130	iSSON_1240.SSON_3054	45.7	486	248	6	3	486	5	476	1.36e-149	435
RCHGF000130	iML1515.b3721	46.4	489	229	9	6	490	4	463	2.64e-147	429
RCHGF000130	iNF517.LLMG_RS07345	45.8	487	245	7	5	486	6	478	5.93e-146	426
RCHGF000131	iCN900.CD630_32370	46.5	325	170	3	9	329	10	334	8.36e-94	281
RCHGF000151	iYS854.USA300HOU_RS05995	53.9	924	400	12	1	908	1	914	0.0	970
RCHGF000151	iNF517.LLMG_RS10255	51.4	924	428	8	1	908	1	919	0.0	953
RCHGF000165	iYS854.USA300HOU_RS05690	59.2	343	138	1	4	346	7	347	2.21e-147	419
RCHGF000165	iNF517.LLMG_RS11030	55.5	344	148	2	2	343	5	345	6.92e-135	387
RCHGF000166	iYS854.USA300HOU_RS05695	40.3	801	450	14	1	786	1	788	1.37e-184	548
RCHGF000166	iNF517.LLMG_RS11025	37.8	818	469	18	1	799	1	797	1.04e-163	494
RCHGF000170	iNF517.LLMG_RS02790	40.8	196	101	2	3	184	17	211	1.00e-42	141
RCHGF000171	iJN1463.PP_1336	27.8	313	199	7	76	384	83	372	4.06e-24	102
RCHGF000171	iML1515.b0089	29.2	367	211	13	31	382	59	391	8.29e-24	102
RCHGF000172	iCN718.ABAYE_RS13845	24.7	182	131	3	1	182	5	180	1.32e-12	62.8
RCHGF000173	iSSON_1240.SSON_3773	43.1	153	87	0	2	154	3	155	4.63e-48	152
RCHGF000173	iSDY_1059.SDY_4064	42.5	153	88	0	2	154	3	155	9.30e-48	151
RCHGF000173	iML1515.b3634	42.5	153	88	0	2	154	3	155	1.32e-47	151
RCHGF000173	iSbBS512_1146.SbBS512_E4059	42.5	153	88	0	2	154	3	155	1.32e-47	151
RCHGF000173	iSF_1195.SF3673	42.5	153	88	0	2	154	3	155	1.32e-47	151
RCHGF000173	iCN718.ABAYE_RS14785	44.3	149	83	0	5	153	7	155	8.54e-47	149
RCHGF000173	iLJ478.TM0741	45.6	149	81	0	4	152	3	151	1.14e-46	149
RCHGF000173	iSynCJ816.SGL_RS15225	48.3	147	76	0	4	150	3	149	1.52e-46	148
RCHGF000173	STM_v1_0.STM3725	40.6	155	92	0	2	156	3	157	4.33e-46	147
RCHGF000173	iYS854.USA300HOU_RS05615	46.3	149	80	0	4	152	6	154	6.33e-46	147
RCHGF000173	iYL1228.KPN_03974	41.2	153	90	0	4	156	5	157	1.75e-45	145
RCHGF000173	iPC815.YPO0053	43.0	151	86	0	4	154	5	155	3.52e-45	145
RCHGF000173	iEK1008.Rv2965c	46.3	149	79	1	1	149	1	148	2.14e-44	143
RCHGF000173	iJN1463.PP_5123	41.7	156	91	0	1	156	1	156	6.10e-44	142
RCHGF000173	iCN900.CD630_25580	44.0	150	84	0	2	151	6	155	9.74e-44	141
RCHGF000173	iYO844.BSU15020	43.2	146	83	0	4	149	5	150	4.94e-43	139
RCHGF000177	iML1515.b1103	35.3	102	61	3	3	101	6	105	1.63e-10	54.3
RCHGF000181	iYS854.USA300HOU_RS04515	54.0	248	111	2	2	247	3	249	1.76e-96	283
RCHGF000182	iYS854.USA300HOU_RS04520	29.6	247	162	5	24	259	189	434	1.33e-24	101
RCHGF000183	iSynCJ816.SGL_RS15265	44.9	396	209	3	5	394	11	403	1.86e-116	345
RCHGF000183	iYS854.USA300HOU_RS04525	39.1	399	240	2	3	399	10	407	7.43e-104	313
RCHGF000184	iYS854.USA300HOU_RS04530	36.9	130	80	2	10	138	9	137	8.06e-22	85.1
RCHGF000185	iYS854.USA300HOU_RS04535	63.9	462	167	0	5	466	4	465	3.96e-223	620
RCHGF000186	iAF987.Gmet_1179	34.1	185	102	7	3	171	2	182	5.16e-17	74.3
RCHGF000189	iJN1463.PP_1280	38.2	390	232	5	1	381	1	390	2.45e-76	246
RCHGF000193	iCN900.CD630_24310	39.0	515	305	4	3	511	2	513	3.45e-121	365
RCHGF000194	iPC815.YPO2016	27.6	409	281	7	7	400	7	415	1.30e-36	137
RCHGF000194	iCN718.ABAYE_RS14820	27.2	419	282	7	1	400	1	415	2.56e-34	131
RCHGF000194	iYL1228.KPN_02235	29.0	403	269	9	7	392	7	409	2.23e-34	131
RCHGF000194	STM_v1_0.STM1777	29.1	402	268	8	7	391	7	408	7.68e-33	127
RCHGF000194	iAF987.Gmet_3233	28.3	420	276	11	1	399	1	416	2.52e-32	126
RCHGF000194	iML1515.b1210	28.0	393	268	7	7	384	7	399	7.23e-32	124
RCHGF000195	iCN900.CD630_34210	47.5	297	155	1	1	296	1	297	2.85e-86	260
RCHGF000196	iCN900.CD630_34200	34.9	473	294	5	2	460	5	477	1.93e-88	279
RCHGF000197	iHN637.CLJU_RS15750	62.4	319	118	2	3	320	4	321	3.49e-136	389
RCHGF000197	iCN900.CD630_34190	59.9	314	126	0	3	316	4	317	1.07e-129	372
RCHGF000198	iSbBS512_1146.SbBS512_E0146	52.7	421	197	2	9	428	7	426	2.97e-160	458
RCHGF000198	iML1515.b0154	52.5	421	198	2	9	428	7	426	6.88e-159	454
RCHGF000198	STM_v1_0.STM0202	52.5	421	198	2	9	428	7	426	9.75e-159	454
RCHGF000198	iSSON_1240.SSON_0166	52.5	421	198	2	9	428	7	426	9.75e-159	454
RCHGF000198	iSDY_1059.SDY_0170	52.5	421	198	2	9	428	7	426	1.38e-158	454
RCHGF000198	iSF_1195.SF0146	52.3	421	199	2	9	428	7	426	3.94e-158	452
RCHGF000198	iAF987.Gmet_3356	53.0	428	200	1	1	428	1	427	5.78e-158	452
RCHGF000198	iYL1228.KPN_00169	51.5	421	202	2	9	428	7	426	9.11e-157	449
RCHGF000198	iPC815.YPO3389	51.1	423	201	3	9	428	7	426	1.97e-153	441
RCHGF000198	iYO844.BSU28120	49.3	426	214	1	3	428	4	427	3.42e-150	432
RCHGF000198	iHN637.CLJU_RS02195	49.8	412	206	1	9	419	6	417	1.38e-145	421
RCHGF000198	iJN1463.PP_4784	50.7	424	207	2	6	428	4	426	3.07e-145	420
RCHGF000198	iYS854.USA300HOU_RS08830	48.0	429	221	1	1	429	1	427	1.04e-143	416
RCHGF000198	iCN718.ABAYE_RS05520	48.7	423	213	3	9	428	10	431	3.37e-143	415
RCHGF000199	iPC815.YPO0158	29.6	159	105	2	9	163	10	165	1.35e-07	53.1
RCHGF000199	iJN1463.PP_3999	30.3	142	95	1	9	146	10	151	5.44e-07	51.2
RCHGF000199	iAF987.Gmet_3231	26.7	161	114	1	5	161	6	166	3.67e-07	50.4
RCHGF000199	iYL1228.KPN_03754	28.8	132	90	1	15	142	7	138	5.06e-06	48.1
RCHGF000200	iHN637.CLJU_RS02035	55.0	456	205	0	10	465	3	458	1.36e-170	488
RCHGF000200	iYO844.BSU23570	51.2	469	229	0	3	471	1	469	2.87e-161	464
RCHGF000201	iHN637.CLJU_RS05525	37.8	368	226	2	27	394	35	399	2.15e-70	226
RCHGF000204	iYS854.USA300HOU_RS06590	41.0	410	226	5	3	396	6	415	2.97e-100	305
RCHGF000204	iAF692.Mbar_A0666	41.3	412	227	4	4	400	9	420	8.65e-100	303
RCHGF000204	iYO844.BSU17460	40.7	413	229	5	2	398	3	415	1.78e-98	300
RCHGF000204	iLJ478.TM0943	39.5	408	232	4	6	398	4	411	7.68e-93	285
RCHGF000204	iNF517.LLMG_RS12480	37.7	416	240	5	1	397	1	416	2.10e-91	282
RCHGF000205	iAF987.Gmet_1752	48.0	246	117	4	1	237	1	244	2.79e-27	104
RCHGF000206	iAF987.Gmet_1756	61.0	500	190	1	7	501	10	509	5.75e-226	631
RCHGF000206	iLJ478.TM0397	59.0	505	203	2	1	501	1	505	2.87e-211	593
RCHGF000207	iAF987.Gmet_1753	51.5	357	167	2	11	362	16	371	1.70e-130	378
RCHGF000208	iHN637.CLJU_RS01300	64.4	444	155	3	3	444	6	448	3.65e-197	553
RCHGF000208	iAF987.Gmet_1186	61.5	439	167	2	7	444	13	450	3.89e-185	523
RCHGF000208	iIT341.HP0380	58.9	448	176	3	3	443	2	448	8.58e-179	506
RCHGF000208	iJN1463.PP_0675	58.1	444	181	4	4	444	8	449	5.88e-177	502
RCHGF000209	iSynCJ816.SGL_RS11925	48.7	705	345	7	28	722	25	722	8.05e-228	653
RCHGF000210	iLJ478.TM0402	54.8	416	161	7	7	413	32	429	1.67e-141	416
RCHGF000212	iHN637.CLJU_RS08700	66.7	529	171	5	1	525	1	528	4.77e-253	701
RCHGF000213	iHN637.CLJU_RS04215	50.4	464	222	5	5	465	23	481	2.70e-156	452
RCHGF000213	iAF987.Gmet_1939	50.5	455	217	5	5	457	8	456	2.31e-156	451
RCHGF000213	iYO844.BSU06490	49.0	463	222	8	3	458	8	463	5.85e-149	433
RCHGF000213	iCN900.CD630_02200	49.9	451	212	7	7	452	2	443	6.16e-146	424
RCHGF000213	iSynCJ816.SGL_RS13120	48.3	466	231	7	5	464	27	488	8.50e-143	418
RCHGF000213	iNF517.LLMG_RS04970	46.4	463	242	4	3	465	20	476	8.41e-143	417
RCHGF000223	STM_v1_0.STM0593	25.2	318	210	11	61	371	72	368	7.67e-04	41.2
RCHGF000228	iYO844.BSU25640	35.1	185	114	2	2	180	3	187	2.38e-26	103
RCHGF000230	iCHOv1.100769585	25.0	148	93	5	8	139	34	179	2.13e-05	44.3
RCHGF000230	iMM1415.14711	25.7	148	92	6	8	139	34	179	3.83e-05	43.5
RCHGF000230	iML1515.b1430	29.3	99	58	2	13	99	2	100	3.28e-05	43.1
RCHGF000231	iYO844.BSU27270	36.1	227	139	3	2	223	3	228	5.01e-42	142
RCHGF000231	iPC815.YPO3384	35.2	230	142	3	2	226	3	230	5.73e-38	131
RCHGF000231	STM_v1_0.STM0207	34.9	229	144	2	2	226	3	230	1.56e-37	130
RCHGF000231	iYS854.USA300HOU_RS08520	34.1	214	136	2	1	210	1	213	1.41e-37	130
RCHGF000231	iML1515.b0159	34.5	229	145	2	2	226	3	230	8.70e-37	128
RCHGF000231	iSbBS512_1146.SbBS512_E0151	34.5	229	145	2	2	226	3	230	8.70e-37	128
RCHGF000231	iSDY_1059.SDY_0175	34.5	229	145	2	2	226	3	230	8.70e-37	128
RCHGF000231	iSF_1195.SF0151	34.5	229	145	2	2	226	3	230	8.70e-37	128
RCHGF000231	iSSON_1240.SSON_0171	34.5	229	145	2	2	226	3	230	8.70e-37	128
RCHGF000235	iYS854.USA300HOU_RS07420	29.1	709	414	22	208	884	34	685	3.26e-74	260
RCHGF000237	iYS854.USA300HOU_RS07420	30.2	658	400	21	59	697	68	685	7.05e-76	262
RCHGF000237	iNF517.LLMG_RS02600	29.1	684	424	21	26	688	1	644	2.44e-70	245
RCHGF000241	iYO844.BSU16920	46.2	186	96	2	2	187	3	184	7.99e-44	144
RCHGF000241	iCN900.CD630_13270	43.6	195	94	2	1	195	1	179	2.57e-39	132
RCHGF000250	iNF517.LLMG_RS04060	37.2	500	302	5	5	502	3	492	1.00e-101	314
RCHGF000250	iHN637.CLJU_RS00620	39.1	509	285	9	2	500	3	496	4.85e-101	312
RCHGF000250	iLJ478.TM0115	36.3	513	302	8	4	503	14	514	5.98e-98	305
RCHGF000250	iYO844.BSU35940	35.7	499	312	5	5	502	3	493	1.55e-97	303
RCHGF000250	iML1515.b2149	34.3	493	319	3	2	494	11	498	1.65e-93	293
RCHGF000250	iSF_1195.SF2234	34.3	493	319	3	2	494	11	498	1.65e-93	293
RCHGF000250	iSSON_1240.SSON_2205	34.3	493	319	3	2	494	11	498	1.65e-93	293
RCHGF000250	STM_v1_0.STM2189	34.3	493	319	3	2	494	11	498	1.29e-92	291
RCHGF000250	iML1515.b3567	36.7	501	306	7	1	494	1	497	2.20e-92	290
RCHGF000250	iYL1228.KPN_03931	36.1	513	317	6	1	506	1	509	2.20e-92	290
RCHGF000250	iSbBS512_1146.SbBS512_E3955	36.5	501	307	7	1	494	1	497	3.10e-92	290
RCHGF000250	iPC815.YPO1508	33.5	493	323	3	2	494	11	498	2.56e-92	290
RCHGF000250	iSF_1195.SF3611	36.5	501	307	7	1	494	1	497	1.22e-91	288
RCHGF000250	iLJ478.TM0956	35.2	497	317	5	2	494	10	505	3.17e-91	288
RCHGF000250	iPC815.YPO3964	35.9	493	305	4	4	494	6	489	3.15e-90	285
RCHGF000250	iCN900.CD630_15870	33.5	499	319	5	1	494	1	491	9.65e-90	283
RCHGF000251	iYL1228.KPN_02586	26.1	211	123	7	119	313	109	302	2.46e-08	54.7
RCHGF000251	iCN900.CD630_15880	25.0	268	156	9	1	264	1	227	5.39e-08	53.5
RCHGF000251	STM_v1_0.STM2188	25.1	211	125	7	119	313	109	302	5.83e-08	53.5
RCHGF000251	iML1515.b2148	25.6	211	124	7	119	313	109	302	7.78e-08	53.1
RCHGF000251	iSbBS512_1146.SbBS512_E0823	25.6	211	124	7	119	313	109	302	7.78e-08	53.1
RCHGF000251	iSF_1195.SF2233	25.6	211	124	7	119	313	109	302	7.78e-08	53.1
RCHGF000251	iSSON_1240.SSON_2204	25.6	211	124	7	119	313	109	302	7.78e-08	53.1
RCHGF000251	iYL1228.KPN_04624	21.9	329	213	10	18	337	26	319	2.50e-07	51.6
RCHGF000251	iSbBS512_1146.SbBS512_E4854	22.0	296	177	9	61	337	59	319	1.05e-06	49.7
RCHGF000252	iNF517.LLMG_RS04065	30.6	85	59	0	159	243	169	253	5.51e-06	47.0
RCHGF000252	iLJ478.TM0112	31.3	112	74	1	135	243	144	255	1.32e-04	42.7
RCHGF000254	iAM_Pb448.PBANKA_083440	28.0	161	111	2	63	218	76	236	2.38e-13	71.2
RCHGF000254	iAM_Pv461.PVX_087035	26.5	162	114	2	63	219	65	226	3.02e-12	67.8
RCHGF000254	iAM_Pc455.PCYB_074100	28.6	147	100	2	63	204	47	193	3.96e-12	67.4
RCHGF000258	iYS854.USA300HOU_RS09100	35.8	363	232	1	1	362	4	366	4.04e-76	239
RCHGF000258	iCN900.CD630_07530	38.4	378	227	5	2	375	3	378	5.13e-74	234
RCHGF000258	iYL1228.KPN_02862	38.4	375	219	8	2	368	5	375	4.02e-72	230
RCHGF000258	iYS854.USA300HOU_RS08635	38.5	377	226	5	2	374	3	377	4.11e-72	229
RCHGF000258	STM_v1_0.STM2543	37.9	375	221	8	2	368	5	375	1.24e-70	226
RCHGF000258	iCN900.CD630_12790	34.9	375	233	4	2	369	6	376	1.45e-70	226
RCHGF000258	iML1515.b2530	37.6	375	222	8	2	368	5	375	5.37e-69	222
RCHGF000258	iSbBS512_1146.SbBS512_E2905	37.6	375	222	8	2	368	5	375	5.37e-69	222
RCHGF000258	iSDY_1059.SDY_2726	37.6	375	222	8	2	368	13	383	6.65e-69	222
RCHGF000258	iSF_1195.SF2577	37.6	375	222	8	2	368	5	375	5.37e-69	222
RCHGF000258	iSSON_1240.SSON_2612	37.6	375	222	8	2	368	13	383	6.65e-69	222
RCHGF000258	iPC815.YPO2896	38.1	367	215	8	2	360	10	372	6.73e-68	219
RCHGF000258	iLB1027_lipid.PHATRDRAFT_34119	39.7	370	211	9	7	368	2	367	1.05e-67	218
RCHGF000258	iSynCJ816.SGL_RS13005	36.8	364	222	6	2	360	5	365	2.02e-67	217
RCHGF000259	iCN900.CD630_07540	40.9	389	225	2	8	391	1	389	2.60e-104	313
RCHGF000261	iSynCJ816.SGL_RS08770	23.3	176	106	5	24	175	25	195	1.12e-04	40.8
RCHGF000264	iHN637.CLJU_RS15865	51.5	326	158	0	1	326	1	326	2.37e-123	356
RCHGF000289	iSynCJ816.SGL_RS13580	47.2	441	218	5	2	427	4	444	6.06e-135	395
RCHGF000295	iNF517.LLMG_RS11470	67.7	232	74	1	2	232	6	237	6.11e-104	300
RCHGF000295	iYO844.BSU16510	62.5	232	86	1	2	232	6	237	3.08e-102	296
RCHGF000295	iYS854.USA300HOU_RS06340	62.0	234	88	1	2	234	7	240	9.11e-97	282
RCHGF000295	iAF987.Gmet_1252	60.9	235	90	2	2	235	6	239	3.37e-94	275
RCHGF000297	iYO844.BSU16530	53.0	230	107	1	6	234	31	260	1.17e-86	257
RCHGF000297	iCN900.CD630_21360	53.6	235	108	1	1	234	9	243	4.28e-83	247
RCHGF000297	iAF987.Gmet_1254	48.7	228	116	1	6	232	9	236	4.60e-78	234
RCHGF000297	iYS854.USA300HOU_RS06350	49.4	235	118	1	1	234	19	253	6.34e-78	234
RCHGF000297	iHN637.CLJU_RS06410	48.5	235	120	1	1	234	20	254	4.98e-77	232
RCHGF000298	iYS854.USA300HOU_RS06355	30.2	262	170	4	1	253	1	258	6.58e-30	112
RCHGF000298	iCN900.CD630_21350	42.7	143	78	2	101	242	105	244	6.78e-29	109
RCHGF000298	iPC815.YPO1050	41.3	121	71	0	121	241	147	267	2.13e-28	108
RCHGF000298	iYL1228.KPN_00188	40.8	120	69	2	123	241	124	242	7.26e-28	107
RCHGF000298	iML1515.b0175	40.0	120	70	2	123	241	149	267	1.72e-26	103
RCHGF000298	STM_v1_0.STM0222	38.7	119	73	0	123	241	149	267	1.72e-26	103
RCHGF000298	iSbBS512_1146.SbBS512_E0168	40.0	120	70	2	123	241	149	267	1.72e-26	103
RCHGF000298	iSDY_1059.SDY_0191	40.0	120	70	2	123	241	113	231	8.41e-27	103
RCHGF000298	iSF_1195.SF0165	40.0	120	70	2	123	241	113	231	8.41e-27	103
RCHGF000298	iSSON_1240.SSON_0187	40.0	120	70	2	123	241	113	231	8.41e-27	103
RCHGF000298	iLJ478.TM1397	31.7	259	152	8	1	243	4	253	1.33e-25	101
RCHGF000299	iYO844.BSU16550	51.8	384	174	5	1	378	1	379	1.91e-127	371
RCHGF000299	iCN900.CD630_21300	48.3	381	190	4	1	377	1	378	6.16e-116	342
RCHGF000299	iSynCJ816.SGL_RS13380	46.8	385	194	5	1	377	1	382	2.67e-114	338
RCHGF000299	iHN637.CLJU_RS06420	46.3	380	200	3	1	377	1	379	4.72e-113	335
RCHGF000307	iYO844.BSU15730	45.7	300	160	2	7	303	3	302	7.37e-89	268
RCHGF000307	iYS854.USA300HOU_RS06110	43.5	306	169	3	7	309	3	307	5.14e-85	258
RCHGF000308	iSynCJ816.SGL_RS17200	24.8	500	236	14	2	379	4	485	4.66e-24	106
RCHGF000308	iEK1008.Rv0684	24.6	496	234	14	2	374	9	487	4.53e-23	103
RCHGF000310	iNF517.LLMG_RS07160	37.3	373	223	6	2	365	6	376	9.92e-77	241
RCHGF000310	iHN637.CLJU_RS03910	34.0	371	231	7	3	362	13	380	3.17e-69	221
RCHGF000313	iHN637.CLJU_RS10465	47.9	73	37	1	640	711	562	634	2.39e-13	73.2
RCHGF000314	iYS854.USA300HOU_RS09300	37.4	476	269	10	3	461	2	465	4.07e-96	297
RCHGF000316	iMM904.YGR209C	38.6	88	53	1	5	91	2	89	1.02e-15	66.6
RCHGF000316	iMM904.YCR083W	32.2	87	59	0	5	91	27	113	7.80e-14	62.4
RCHGF000318	iYO844.BSU29790	47.5	423	218	3	3	425	4	422	1.93e-133	390
RCHGF000318	iYS854.USA300HOU_RS09245	47.3	429	218	4	2	428	3	425	6.23e-128	376
RCHGF000323	iYS854.USA300HOU_RS09175	50.4	415	196	5	4	409	5	418	5.10e-145	418
RCHGF000324	iYO844.BSU16730	25.0	280	179	9	1	249	5	284	3.33e-14	70.5
RCHGF000325	iYO844.BSU16740	43.7	190	106	1	1	189	4	193	1.80e-48	156
RCHGF000326	iCN900.CD630_32230	35.0	283	177	3	6	282	8	289	1.21e-54	178
RCHGF000326	iCN900.CD630_32250	37.3	271	163	3	6	270	8	277	1.01e-53	176
RCHGF000326	iYO844.BSU16770	34.6	269	170	3	7	269	9	277	4.91e-53	174
RCHGF000326	iLJ478.TM1521	35.3	272	166	3	7	269	8	278	3.05e-52	172
RCHGF000326	iAF987.Gmet_0211	33.5	284	181	4	5	282	6	287	1.03e-48	163
RCHGF000326	iNF517.LLMG_RS04470	33.7	273	174	4	3	269	14	285	3.47e-48	162
RCHGF000329	iCN900.CD630_28780	45.6	309	166	2	3	310	5	312	7.20e-95	283
RCHGF000330	iCN900.CD630_28770	39.3	318	185	3	13	323	18	334	2.73e-69	219
RCHGF000330	iYO844.BSU33310	40.8	316	185	2	11	324	65	380	8.87e-67	214
RCHGF000331	iCN900.CD630_28760	43.8	331	186	0	3	333	10	340	7.75e-100	297
RCHGF000332	iCN900.CD630_28750	49.6	256	129	0	2	257	4	259	1.01e-88	263
RCHGF000332	iYO844.BSU33290	51.6	258	125	0	2	259	4	261	1.55e-87	261
RCHGF000332	iYS854.USA300HOU_RS03500	48.4	248	128	0	10	257	12	259	8.34e-84	251
RCHGF000334	iYS854.USA300HOU_RS09315	24.4	471	343	4	12	471	5	473	6.32e-38	146
RCHGF000335	iCN900.CD630_04050	43.8	233	127	2	2	230	6	238	2.84e-62	194
RCHGF000335	iYS854.USA300HOU_RS09310	46.3	229	122	1	1	229	1	228	2.80e-60	189
RCHGF000336	iYO844.BSU21810	39.9	143	82	2	1	141	1	141	1.18e-28	103
RCHGF000337	iHN637.CLJU_RS08925	58.3	432	179	1	1	432	1	431	1.90e-156	449
RCHGF000337	iYS854.USA300HOU_RS11530	58.3	400	167	0	1	400	1	400	3.32e-152	438
RCHGF000337	iYO844.BSU39400	55.6	432	191	1	1	432	1	431	3.78e-146	422
RCHGF000337	iCN900.CD630_12250	50.1	433	215	1	1	432	6	438	4.06e-141	410
RCHGF000337	iLJ478.TM1653	50.1	435	214	3	1	433	1	434	2.52e-139	405
RCHGF000341	iLJ478.TM1287	38.8	103	63	0	6	108	17	119	7.48e-22	82.8
RCHGF000345	iYS854.USA300HOU_RS04600	34.0	253	165	2	6	257	3	254	2.61e-45	152
RCHGF000347	iJN1463.PP_2179	29.9	187	107	6	46	212	53	235	7.03e-14	68.2
RCHGF000350	iYS854.USA300HOU_RS07285	27.7	285	184	9	4	277	6	279	4.78e-26	103
RCHGF000356	iCN900.CD630_33940	37.2	331	198	4	1	321	5	335	4.04e-65	215
RCHGF000356	iHN637.CLJU_RS01595	35.6	334	204	3	1	323	1	334	2.56e-60	202
RCHGF000357	iCN900.CD630_18320	57.7	338	142	1	1	338	1	337	5.88e-137	392
RCHGF000357	iHN637.CLJU_RS14395	56.8	331	141	2	1	330	1	330	4.04e-134	385
RCHGF000358	iHN637.CLJU_RS14365	36.1	266	155	4	4	255	6	270	2.07e-47	163
RCHGF000358	iCN900.CD630_18370	35.8	271	146	6	3	252	4	267	2.20e-45	157
RCHGF000361	iJN1463.PP_0310	31.3	563	348	15	4	546	3	546	6.41e-68	234
RCHGF000361	iJN1463.PP_2008	31.5	550	342	13	3	544	20	542	3.44e-65	227
RCHGF000362	iHN637.CLJU_RS14185	76.6	291	67	1	1	290	1	291	2.83e-161	449
RCHGF000362	iYL1228.KPN_00075	70.3	286	85	0	1	286	1	286	4.74e-145	408
RCHGF000363	iYO844.BSU26590	27.4	84	59	1	52	133	50	133	6.82e-04	41.2
RCHGF000365	iJN1463.PP_1167	37.0	419	253	4	10	426	10	419	5.66e-81	255
RCHGF000365	iML1515.b3578	35.7	381	239	1	47	427	45	419	1.07e-73	236
RCHGF000365	STM_v1_0.STM3672	35.3	377	238	1	47	423	45	415	6.43e-72	232
RCHGF000366	STM_v1_0.STM3673	31.8	261	173	3	39	298	33	289	2.04e-33	125
RCHGF000366	iML1515.b3579	29.1	285	188	5	10	290	7	281	7.72e-30	115
RCHGF000367	iSDY_1059.SDY_1474	57.9	252	106	0	1	252	1	252	5.33e-98	286
RCHGF000367	iSSON_1240.SSON_1461	57.9	252	106	0	1	252	1	252	5.33e-98	286
RCHGF000367	iSF_1195.SF1723	57.9	252	106	0	1	252	1	252	7.56e-98	286
RCHGF000367	iML1515.b1693	57.5	252	107	0	1	252	1	252	1.52e-97	285
RCHGF000367	iSbBS512_1146.SbBS512_E1896	57.9	252	106	0	1	252	1	252	2.16e-97	285
RCHGF000367	STM_v1_0.STM1358	56.7	252	109	0	1	252	1	252	6.16e-97	283
RCHGF000367	iCN900.CD630_22170	57.2	250	107	0	4	253	5	254	5.55e-96	281
RCHGF000367	iHN637.CLJU_RS14190	56.3	247	107	1	4	249	5	251	4.59e-90	266
RCHGF000368	iCN900.CD630_15360	54.9	273	115	3	3	267	4	276	2.44e-99	292
RCHGF000368	iHN637.CLJU_RS18335	53.5	269	117	2	1	261	1	269	4.86e-93	290
RCHGF000369	iHN637.CLJU_RS18335	66.1	457	151	4	6	459	301	756	9.69e-207	590
RCHGF000369	iCN900.CD630_15370	63.9	463	160	6	4	461	1	461	1.42e-207	581
RCHGF000369	iAF692.Mbar_A0227	59.2	456	184	2	7	461	15	469	3.25e-188	532
RCHGF000372	iYS854.USA300HOU_RS09335	66.5	805	261	4	1	798	1	803	0.0	1122
RCHGF000372	iNF517.LLMG_RS08750	63.0	832	268	8	1	797	1	827	0.0	1071
RCHGF000374	iCN900.CD630_16280	27.3	308	191	10	67	368	7	287	2.03e-23	102
RCHGF000382	iCN900.CD630_23240	37.3	346	216	1	5	350	1	345	1.84e-81	252
RCHGF000382	iCN900.CD630_04900	36.1	346	219	2	5	348	1	346	2.92e-80	249
RCHGF000382	iYS854.USA300HOU_RS01300	37.2	344	214	2	5	347	1	343	4.18e-73	230
RCHGF000383	iYS854.USA300HOU_RS02995	33.3	177	114	2	10	186	10	182	2.72e-19	80.5
RCHGF000385	iCN900.CD630_04900	33.2	349	224	7	1	344	1	345	1.26e-71	226
RCHGF000385	iCN900.CD630_23240	34.2	345	223	2	1	344	1	342	5.57e-70	222
RCHGF000385	iYS854.USA300HOU_RS01300	33.6	348	226	4	1	346	1	345	1.40e-66	213
RCHGF000386	iCN900.CD630_04920	43.3	157	88	1	1	156	1	157	3.10e-41	135
RCHGF000387	iCN900.CD630_02840	33.6	128	83	2	1	127	1	127	6.28e-18	73.9
RCHGF000387	iML1515.b1817	32.3	124	83	1	2	124	3	126	4.25e-16	72.4
RCHGF000387	iSbBS512_1146.SbBS512_E2083	32.3	124	83	1	2	124	3	126	4.25e-16	72.4
RCHGF000387	iSF_1195.SF1411	32.3	124	83	1	2	124	3	126	4.25e-16	72.4
RCHGF000387	iSSON_1240.SSON_1343	32.3	124	83	1	2	124	3	126	4.25e-16	72.4
RCHGF000387	iYL1228.KPN_02333	32.3	124	83	1	2	124	3	126	5.86e-16	72.0
RCHGF000387	STM_v1_0.STM1830	32.0	125	82	2	2	124	3	126	1.53e-15	70.9
RCHGF000387	iNF517.LLMG_RS03765	35.9	128	77	2	2	124	3	130	5.73e-15	69.3
RCHGF000387	iPC815.YPO1758	31.2	125	83	2	2	124	3	126	5.57e-15	69.3
RCHGF000388	iYS854.USA300HOU_RS06140	35.9	195	125	0	4	198	3	197	1.32e-45	150
RCHGF000388	iLJ478.TM1718	33.3	219	143	3	3	221	2	217	8.86e-45	148
RCHGF000388	iYO844.BSU15790	37.9	198	122	1	3	199	2	199	6.48e-44	146
RCHGF000388	iPC815.YPO0155	42.1	171	98	1	30	199	31	201	8.12e-44	146
RCHGF000388	iAF987.Gmet_0067	35.8	218	134	2	4	221	3	214	1.03e-43	145
RCHGF000388	iML1515.b4085	35.1	211	135	2	3	212	1	210	1.07e-42	143
RCHGF000388	STM_v1_0.STM3483	40.9	171	100	1	30	199	31	201	1.82e-42	142
RCHGF000388	iSynCJ816.SGL_RS09950	37.5	200	123	1	2	199	4	203	5.87e-42	141
RCHGF000388	iYL1228.KPN_03757	41.5	171	99	1	30	199	31	201	7.22e-42	141
RCHGF000388	iNF517.LLMG_RS11000	35.9	198	127	0	1	198	1	198	8.88e-42	140
RCHGF000388	iML1515.b3386	40.4	171	101	1	30	199	31	201	1.44e-41	140
RCHGF000388	iSbBS512_1146.SbBS512_E3763	40.4	171	101	1	30	199	31	201	1.44e-41	140
RCHGF000388	iSF_1195.SF3404	40.4	171	101	1	30	199	31	201	1.44e-41	140
RCHGF000388	iSSON_1240.SSON_3517	40.4	171	101	1	30	199	31	201	1.44e-41	140
RCHGF000388	iJN1463.PP_0415	37.2	196	122	1	5	199	6	201	5.57e-41	139
RCHGF000388	iCN718.ABAYE_RS15510	37.8	196	121	1	5	199	7	202	8.76e-41	138
RCHGF000388	iSDY_1059.SDY_3693	40.4	171	101	1	30	199	31	201	8.08e-41	138
RCHGF000388	iNF517.LLMG_RS04875	34.0	209	136	1	5	213	6	212	1.78e-40	137
RCHGF000388	iCN900.CD630_25750	34.6	214	137	2	3	215	2	213	6.05e-40	136
RCHGF000388	iLB1027_lipid.PHATRDRAFT_53935	34.5	223	143	2	2	221	38	260	3.16e-39	135
RCHGF000389	iCN900.CD630_04940	43.8	272	148	5	6	273	8	278	1.07e-72	224
RCHGF000390	iCN900.CD630_02880	34.7	248	157	1	4	246	2	249	1.39e-43	147
RCHGF000390	iCN900.CD630_04930	35.9	234	147	2	2	233	5	237	5.39e-40	138
RCHGF000391	iYS854.USA300HOU_RS01685	24.0	200	148	3	16	212	17	215	4.29e-10	58.2
RCHGF000392	iYO844.BSU06150	28.2	341	231	8	3	337	7	339	1.76e-35	132
RCHGF000392	iLJ478.TM0298	27.1	332	198	9	12	334	10	306	2.33e-34	128
RCHGF000392	iCN900.CD630_23230	26.3	346	239	9	5	342	1	338	7.64e-33	124
RCHGF000392	iYS854.USA300HOU_RS01290	25.8	310	214	7	28	331	26	325	3.29e-32	123
RCHGF000392	iML1515.b4358	25.0	332	235	7	19	347	20	340	9.88e-31	119
RCHGF000392	iSSON_1240.SSON_4504	25.0	332	235	7	19	347	25	345	1.08e-30	119
RCHGF000393	iYO844.BSU37120	39.2	260	150	3	2	260	3	255	4.89e-52	171
RCHGF000393	iCN900.CD630_30740	40.4	240	135	2	2	241	3	234	4.74e-50	166
RCHGF000393	iHN637.CLJU_RS00320	37.9	243	143	3	1	242	1	236	1.96e-49	164
RCHGF000393	iYS854.USA300HOU_RS11470	37.3	260	155	3	2	260	3	255	4.82e-49	164
RCHGF000393	iCN900.CD630_31350	39.9	238	133	3	1	236	1	230	4.42e-48	161
RCHGF000393	STM_v1_0.STM3253	35.8	254	150	4	2	252	3	246	1.10e-46	157
RCHGF000393	iSF_1195.SF1450	37.8	241	140	3	13	251	11	243	5.19e-46	155
RCHGF000394	iHN637.CLJU_RS11425	32.6	334	206	6	1	317	1	332	8.78e-49	167
RCHGF000394	iCN900.CD630_23230	31.6	320	205	9	8	316	10	326	2.11e-45	157
RCHGF000395	iCN900.CD630_30960	57.4	470	189	6	11	472	7	473	1.28e-195	551
RCHGF000395	iYO844.BSU39260	56.1	469	199	4	4	471	5	467	2.20e-190	538
RCHGF000395	iML1515.b2901	53.3	480	207	7	3	471	4	477	1.04e-183	521
RCHGF000395	STM_v1_0.STM3051	53.5	473	207	6	8	471	7	475	1.38e-183	521
RCHGF000395	iSbBS512_1146.SbBS512_E3322	53.1	480	208	7	3	471	4	477	8.45e-183	519
RCHGF000395	iSSON_1240.SSON_3054	53.8	472	201	7	11	471	12	477	2.41e-182	518
RCHGF000395	iSF_1195.SF2887	53.1	482	208	8	1	471	1	475	9.08e-182	516
RCHGF000395	iCN900.CD630_31360	52.0	479	218	6	1	471	1	475	2.10e-180	513
RCHGF000395	iYL1228.KPN_03330	52.3	482	212	8	1	471	1	475	2.42e-179	510
RCHGF000395	iSDY_1059.SDY_2912	51.7	472	219	4	7	472	4	472	6.22e-179	509
RCHGF000395	iYO844.BSU40110	52.6	477	211	7	8	472	5	478	1.05e-178	509
RCHGF000395	iYS854.USA300HOU_RS01380	50.7	477	221	5	6	471	3	476	1.01e-178	509
RCHGF000395	iML1515.b2716	51.5	472	220	4	7	472	4	472	3.56e-178	507
RCHGF000395	iNF517.LLMG_RS02245	52.2	487	206	9	1	472	3	477	2.69e-176	503
RCHGF000395	iSSON_1240.SSON_1595	50.2	478	221	9	7	471	4	477	3.21e-175	500
RCHGF000396	iML1515.b0731	28.5	123	79	3	292	405	30	152	1.92e-09	59.3
RCHGF000396	iSSON_1240.SSON_0682	28.5	123	79	3	292	405	30	152	1.92e-09	59.3
RCHGF000396	iSbBS512_1146.SbBS512_E0650	29.9	97	62	2	292	382	10	106	7.22e-08	54.3
RCHGF000398	iHN637.CLJU_RS14750	30.7	584	391	11	8	585	6	581	2.51e-87	293
RCHGF000398	iHN637.CLJU_RS11775	31.2	568	366	9	13	576	8	554	2.39e-86	289
RCHGF000398	iCN900.CD630_18200	31.1	582	360	11	10	585	5	551	6.77e-83	279
RCHGF000398	iML1515.b3665	31.3	579	363	12	10	576	18	573	4.08e-80	273
RCHGF000398	iSSON_1240.SSON_3619	31.2	584	367	12	10	581	18	578	4.08e-80	273
RCHGF000398	iSF_1195.SF3796	30.9	579	365	14	10	576	18	573	7.74e-80	272
RCHGF000398	iSbBS512_1146.SbBS512_E4254	31.2	577	362	12	12	576	1	554	1.27e-79	271
RCHGF000398	iYO844.BSU14520	31.5	556	369	7	23	576	20	565	2.94e-79	270
RCHGF000398	iHN637.CLJU_RS12870	30.8	575	369	15	23	585	4	561	7.60e-78	266
RCHGF000398	iYL1228.KPN_02554	33.1	519	337	7	10	525	9	520	3.49e-77	265
RCHGF000398	iSDY_1059.SDY_4146	30.9	579	361	16	10	576	18	569	2.23e-77	265
RCHGF000399	iCN900.CD630_01370	28.9	436	276	10	6	421	2	423	1.48e-46	166
RCHGF000399	iCN900.CD630_08620	27.5	433	281	6	1	421	6	417	2.37e-45	162
RCHGF000399	iYO844.BSU05830	27.4	438	300	9	4	431	1	430	5.35e-44	159
RCHGF000400	iCN900.CD630_36480	34.0	94	58	3	1	90	1	94	8.28e-15	63.9
RCHGF000400	iYO844.BSU38590	33.3	99	60	3	2	95	1	98	1.30e-13	60.8
RCHGF000400	iCN900.CD630_28840	34.0	94	58	3	1	90	1	94	2.65e-13	60.1
RCHGF000401	iYO844.BSU38570	35.2	105	65	1	2	103	3	107	1.09e-14	63.9
RCHGF000402	iML1515.b2690	30.8	185	119	4	4	185	5	183	6.35e-19	80.5
RCHGF000402	iSSON_1240.SSON_2834	30.8	185	119	4	4	185	5	183	6.35e-19	80.5
RCHGF000402	iCN900.CD630_31280	22.8	206	150	4	5	206	2	202	1.75e-18	80.1
RCHGF000402	iYO844.BSU09240	31.3	195	123	4	5	194	3	191	1.68e-17	77.4
RCHGF000402	STM_v1_0.STM2820	29.3	184	123	3	4	185	5	183	1.79e-17	76.6
RCHGF000402	iYL1228.KPN_03021	29.2	185	122	4	4	185	5	183	4.87e-17	75.5
RCHGF000402	iAF692.Mbar_A0742	29.1	196	126	5	5	195	3	190	7.91e-17	75.5
RCHGF000402	iNF517.LLMG_RS02315	26.5	219	148	4	4	214	2	215	1.24e-16	75.1
RCHGF000402	iSDY_1059.SDY_2887	29.2	185	122	4	4	185	5	183	1.32e-16	74.3
RCHGF000402	iSF_1195.SF2717	29.2	185	122	4	4	185	5	183	2.56e-16	73.6
RCHGF000405	iAF987.Gmet_1278	48.1	185	96	0	7	191	8	192	2.04e-47	157
RCHGF000405	iPC815.YPO3577	45.4	185	101	0	7	191	18	202	1.35e-46	155
RCHGF000405	iJN1463.PP_0957	45.6	195	94	3	5	191	7	197	4.83e-46	154
RCHGF000405	iSF_1195.SF3237	51.0	155	76	0	37	191	48	202	1.05e-45	153
RCHGF000405	iML1515.b3197	51.0	155	76	0	37	191	48	202	2.95e-45	152
RCHGF000405	iSbBS512_1146.SbBS512_E3573	51.0	155	76	0	37	191	48	202	2.95e-45	152
RCHGF000405	iSDY_1059.SDY_3378	51.0	155	76	0	37	191	48	202	2.95e-45	152
RCHGF000405	iSSON_1240.SSON_3345	51.0	155	76	0	37	191	48	202	2.95e-45	152
RCHGF000405	iCN718.ABAYE_RS12520	43.9	180	101	0	12	191	18	197	2.15e-44	149
RCHGF000405	STM_v1_0.STM3315	44.9	185	102	0	7	191	18	202	9.06e-44	148
RCHGF000405	iYL1228.KPN_03607	42.7	185	106	0	7	191	24	208	1.14e-42	145
RCHGF000405	iYL1228.KPN_03043	43.2	199	107	2	1	194	1	198	1.19e-42	145
RCHGF000405	iJN1463.PP_1806	42.2	185	107	0	7	191	11	195	1.53e-42	144
RCHGF000406	iCN900.CD630_30290	53.6	386	175	2	6	387	4	389	1.05e-157	449
RCHGF000407	iCN900.CD630_30300	70.6	521	148	3	1	520	1	517	3.39e-268	739
RCHGF000409	iCN900.CD630_25120	44.1	127	71	0	4	130	5	131	2.18e-36	122
RCHGF000416	iCN900.CD630_01300	69.6	391	114	1	2	387	1	391	3.13e-198	551
RCHGF000416	iHN637.CLJU_RS01260	70.3	390	113	1	4	390	2	391	1.19e-196	547
RCHGF000416	iYO844.BSU30550	68.0	391	119	2	3	387	4	394	2.82e-190	531
RCHGF000416	iYS854.USA300HOU_RS09495	66.0	394	129	2	3	391	4	397	5.83e-182	510
RCHGF000422	iYS854.USA300HOU_RS04600	27.3	253	182	2	12	263	1	252	6.25e-35	125
RCHGF000423	iAF692.Mbar_A0291	27.0	244	172	2	57	300	44	281	7.06e-30	119
RCHGF000424	iHN637.CLJU_RS00320	39.7	239	138	2	1	239	1	233	1.25e-55	180
RCHGF000424	iSF_1195.SF1450	38.3	277	160	3	1	274	1	269	1.25e-55	180
RCHGF000424	iCN900.CD630_34480	37.9	248	146	2	2	249	3	242	1.79e-53	175
RCHGF000424	iCN900.CD630_30740	37.6	274	151	4	12	277	13	274	2.12e-53	175
RCHGF000424	iCN900.CD630_31350	40.8	238	131	3	1	236	1	230	1.01e-51	171
RCHGF000424	iYO844.BSU37120	36.8	288	162	6	2	280	3	279	9.24e-51	168
RCHGF000425	iYO844.BSU06150	29.2	339	224	8	1	333	9	337	1.97e-40	145
RCHGF000425	iHN637.CLJU_RS11425	29.6	361	216	10	1	340	1	344	6.03e-39	141
RCHGF000425	iYS854.USA300HOU_RS01290	28.0	353	232	9	1	344	1	340	2.89e-37	136
RCHGF000425	iJN1463.PP_0552	30.7	345	208	11	1	328	9	339	1.89e-36	134
RCHGF000425	iCN900.CD630_23240	28.4	341	222	9	1	331	1	329	4.03e-36	133
RCHGF000426	iCN900.CD630_04940	34.1	273	174	3	6	276	9	277	2.09e-49	164
RCHGF000427	iCN900.CD630_04930	38.5	247	151	1	1	246	3	249	1.24e-57	184
RCHGF000428	iCN900.CD630_04920	45.3	159	85	2	1	159	1	157	1.37e-37	125
RCHGF000429	iCN900.CD630_02840	31.8	132	88	2	3	133	4	134	3.52e-21	82.8
RCHGF000429	iPC815.YPO1758	32.5	126	84	1	3	127	5	130	3.77e-18	78.6
RCHGF000430	iHN637.CLJU_RS08965	32.3	498	320	7	1	485	1	494	7.55e-88	277
RCHGF000431	iCN900.CD630_30740	40.3	238	140	2	1	236	1	238	1.87e-50	167
RCHGF000431	iSF_1195.SF2158	37.1	278	166	6	1	270	1	277	9.08e-50	165
RCHGF000431	iML1515.b2096	37.4	278	165	6	1	270	1	277	1.80e-49	164
RCHGF000431	iSbBS512_1146.SbBS512_E1142	37.4	278	165	6	1	270	1	277	1.80e-49	164
RCHGF000431	iCN900.CD630_34480	36.8	261	161	3	1	257	1	261	1.94e-48	162
RCHGF000431	iPC815.YPO0844	36.8	266	161	5	1	260	1	265	5.58e-48	160
RCHGF000431	iCN900.CD630_04030	32.6	301	175	4	1	273	1	301	8.11e-47	158
RCHGF000431	iYO844.BSU37120	36.6	235	145	3	1	231	1	235	1.37e-45	154
RCHGF000431	iYS854.USA300HOU_RS11470	37.4	235	143	3	1	231	1	235	1.41e-45	154
RCHGF000431	iCN900.CD630_31350	32.6	285	183	4	3	279	2	285	3.26e-45	154
RCHGF000431	iYL1228.KPN_03543	35.8	265	165	3	1	260	1	265	5.26e-45	153
RCHGF000431	STM_v1_0.STM3253	35.7	252	155	3	1	247	1	250	5.26e-45	153
RCHGF000431	iML1515.b3137	39.2	240	141	4	1	236	1	239	3.06e-44	151
RCHGF000432	iJN1463.PP_0552	32.5	335	193	9	1	317	9	328	4.66e-47	162
RCHGF000432	iYO844.BSU06150	30.5	351	226	8	1	343	9	349	1.10e-45	159
RCHGF000432	iCN900.CD630_23230	30.1	355	224	10	1	344	1	342	2.41e-45	157
RCHGF000432	iYS854.USA300HOU_RS01290	29.5	353	227	9	1	344	1	340	7.97e-45	156
RCHGF000432	iCN900.CD630_23240	29.2	353	230	9	1	343	1	343	2.37e-42	150
RCHGF000433	iCN900.CD630_02060	31.5	143	91	4	494	630	3	144	3.50e-08	52.8
RCHGF000435	iLJ478.TM1718	32.8	192	127	2	14	205	6	195	6.88e-33	118
RCHGF000435	iYS854.USA300HOU_RS06140	31.8	192	130	1	15	206	7	197	1.28e-31	115
RCHGF000435	iCN900.CD630_23190	32.1	218	141	3	14	227	6	220	1.65e-30	112
RCHGF000435	iHN637.CLJU_RS06205	30.4	214	144	3	15	227	7	216	3.11e-29	108
RCHGF000437	iJN1463.PP_4893	42.1	57	32	1	14	70	201	256	1.48e-06	49.7
RCHGF000438	iCN900.CD630_21560	50.9	454	206	3	31	469	4	455	5.16e-155	447
RCHGF000438	iLJ478.TM1267	46.3	473	249	4	1	472	5	473	3.11e-147	428
RCHGF000439	iCN900.CD630_21550	53.1	354	158	2	2	348	4	356	1.08e-129	375
RCHGF000441	iAF987.Gmet_0700	32.1	193	128	3	356	545	389	581	4.14e-21	98.2
RCHGF000441	iAF987.Gmet_0987	34.5	168	107	3	356	520	355	522	8.50e-20	94.0
RCHGF000441	iAF987.Gmet_2721	31.0	200	123	4	330	519	471	665	3.87e-19	91.7
RCHGF000441	iML1515.b1025	35.4	161	95	5	365	519	285	442	9.23e-19	89.4
RCHGF000457	iCN718.ABAYE_RS04335	35.5	428	266	6	1	424	1	422	1.47e-86	270
RCHGF000457	iLJ478.TM1379	36.0	422	265	4	1	419	1	420	1.36e-84	265
RCHGF000457	iYS854.USA300HOU_RS00045	35.6	430	269	5	1	426	1	426	6.49e-83	260
RCHGF000457	iAF692.Mbar_A0541	36.3	422	262	5	1	422	28	442	3.71e-81	256
RCHGF000457	iHN637.CLJU_RS00085	35.6	427	270	3	1	424	1	425	1.64e-79	251
RCHGF000457	iJN1463.PP_4000	36.2	401	248	6	30	424	27	425	1.42e-77	246
RCHGF000457	iCN900.CD630_00140	35.1	422	267	5	1	419	1	418	1.43e-76	244
RCHGF000459	iYO844.BSU00180	53.1	147	69	0	5	151	7	153	4.62e-52	162
RCHGF000464	iYS854.USA300HOU_RS04975	26.1	180	121	5	8	178	8	184	3.55e-08	50.8
RCHGF000465	iYS854.USA300HOU_RS04990	37.1	259	156	3	1	253	1	258	7.19e-54	174
RCHGF000465	iYO844.BSU11610	36.3	259	161	1	1	255	1	259	2.09e-52	171
RCHGF000466	iML1515.b0089	29.8	366	196	12	51	381	46	385	2.75e-28	114
RCHGF000466	iJN1463.PP_1336	25.4	386	246	10	15	391	22	374	4.42e-25	105
RCHGF000470	iAF692.Mbar_A1238	35.7	157	95	2	7	158	11	166	1.39e-18	81.6
RCHGF000470	iCN900.CD630_17030	39.0	136	76	4	20	152	84	215	1.26e-16	76.6
RCHGF000471	iYO844.BSU38110	35.8	173	100	2	3	173	2	165	9.71e-24	95.9
RCHGF000471	iYO844.BSU03860	32.7	171	108	2	3	173	2	165	3.72e-21	89.0
RCHGF000475	iCN900.CD630_26230	41.7	204	114	3	17	215	32	235	1.91e-46	153
RCHGF000477	iYO844.BSU00280	53.4	206	94	1	4	207	3	208	3.43e-71	215
RCHGF000482	iAF987.Gmet_0069	35.5	121	69	4	4	117	5	123	7.95e-12	63.2
RCHGF000482	iAF987.Gmet_2999	33.3	99	61	2	37	130	43	141	4.33e-11	61.2
RCHGF000482	iAF987.Gmet_1706	32.2	115	73	2	3	114	2	114	3.84e-11	61.2
RCHGF000482	iAF987.Gmet_1919	30.2	116	80	1	4	118	5	120	4.71e-10	58.2
RCHGF000482	iAF987.Gmet_1914	25.4	114	84	1	1	113	1	114	1.36e-09	57.0
RCHGF000483	iAF987.Gmet_0043	23.8	248	179	5	300	538	20	266	3.88e-13	71.6
RCHGF000484	iCN900.CD630_01080	68.9	782	241	1	1	780	1	782	0.0	1121
RCHGF000485	iYS854.USA300HOU_RS14195	40.5	158	88	3	12	163	16	173	1.77e-29	106
RCHGF000488	iCN900.CD630_02060	37.7	122	74	1	13	132	13	134	3.87e-24	90.9
RCHGF000488	iCN900.CD630_31340	36.8	133	84	0	2	134	4	136	2.65e-19	82.8
RCHGF000489	iCN900.CD630_22690	44.1	345	184	4	3	345	301	638	4.22e-83	264
RCHGF000489	iNF517.LLMG_RS07900	44.1	345	172	4	4	330	282	623	1.31e-79	254
RCHGF000490	iHN637.CLJU_RS10110	54.7	95	43	0	2	96	174	268	2.96e-30	112
RCHGF000490	iYO844.BSU12010	54.3	94	43	0	3	96	2	95	1.29e-28	107
RCHGF000490	iYO844.BSU14400	48.9	94	48	0	3	96	171	264	1.14e-27	104
RCHGF000490	iCN900.CD630_31340	57.8	83	35	0	4	86	162	244	5.41e-27	102
RCHGF000490	iYS854.USA300HOU_RS03780	47.9	96	50	0	4	99	181	276	1.02e-26	102
RCHGF000491	iSF_1195.SF0565	29.0	873	568	25	6	856	8	850	1.25e-96	322
RCHGF000491	iML1515.b0732	28.7	872	572	24	6	856	8	850	6.40e-96	320
RCHGF000491	iCN900.CD630_30850	28.2	858	567	23	1	839	1	828	4.05e-95	318
RCHGF000492	iYS854.USA300HOU_RS11635	20.3	558	377	16	22	547	23	544	2.90e-17	85.5
RCHGF000494	iAF987.Gmet_2349	35.1	582	358	7	1	574	1	570	7.74e-98	309
RCHGF000498	iCN900.CD630_16150	29.8	131	78	4	118	237	506	633	2.03e-07	52.0
RCHGF000499	iCN900.CD630_18390	39.5	276	165	2	9	282	4	279	2.90e-68	213
RCHGF000499	iHN637.CLJU_RS14390	41.9	272	155	2	10	278	12	283	1.52e-67	211
RCHGF000500	iHN637.CLJU_RS14380	42.3	416	237	2	5	418	6	420	4.22e-111	332
RCHGF000500	iCN900.CD630_18340	41.5	424	236	3	7	418	8	431	1.00e-100	306
RCHGF000501	iCN900.CD630_18320	58.0	336	140	1	1	336	1	335	2.06e-137	393
RCHGF000501	iHN637.CLJU_RS14395	55.3	333	147	2	1	332	1	332	1.25e-130	376
RCHGF000502	iCN900.CD630_18350	53.9	360	163	3	1	358	1	359	4.90e-126	366
RCHGF000502	iHN637.CLJU_RS14375	52.8	362	163	6	1	357	1	359	3.56e-121	353
RCHGF000503	iCN900.CD630_18330	38.3	342	191	6	2	323	4	345	3.21e-78	243
RCHGF000503	iHN637.CLJU_RS14385	38.8	353	195	8	1	332	4	356	3.33e-77	240
RCHGF000503	iNF517.LLMG_RS09700	37.5	357	197	7	1	333	1	355	8.44e-70	221
RCHGF000504	iHN637.CLJU_RS14370	39.1	376	209	5	1	356	1	376	3.19e-79	247
RCHGF000504	iCN900.CD630_18360	34.3	388	215	4	8	355	8	395	4.70e-71	226
RCHGF000505	iCN900.CD630_23820	32.8	400	260	7	15	409	17	412	5.29e-70	226
RCHGF000512	iCN718.ABAYE_RS19210	54.0	161	74	0	2	162	6	166	6.55e-53	165
RCHGF000512	iYO844.BSU06420	60.1	143	57	0	4	146	1	143	8.36e-52	162
RCHGF000512	iYS854.USA300HOU_RS05300	58.2	146	61	0	12	157	1	146	4.31e-50	157
RCHGF000512	iAF987.Gmet_2903	57.9	152	64	0	6	157	4	155	5.57e-49	155
RCHGF000512	iLJ478.TM0446	55.6	153	66	1	6	158	2	152	1.11e-46	149
RCHGF000512	iSynCJ816.SGL_RS16805	51.8	166	77	2	1	166	1	163	1.83e-46	149
RCHGF000513	iCN900.CD630_02250	52.4	1257	566	12	4	1229	13	1268	0.0	1226
RCHGF000513	iHN637.CLJU_RS05660	50.1	1253	596	11	4	1229	5	1255	0.0	1178
RCHGF000515	iYO844.BSU06500	56.0	339	148	1	1	339	1	338	2.43e-132	380
RCHGF000515	iYS854.USA300HOU_RS05335	52.9	342	157	2	1	342	1	338	8.70e-127	366
RCHGF000515	iNF517.LLMG_RS05020	54.2	332	142	5	5	335	6	328	1.90e-122	355
RCHGF000516	iYO844.BSU06510	47.8	186	96	1	1	186	1	185	1.09e-54	172
RCHGF000516	iYS854.USA300HOU_RS05340	48.7	189	95	2	1	188	1	188	2.49e-54	171
RCHGF000517	iYO844.BSU06520	64.4	511	180	2	1	510	3	512	4.45e-238	662
RCHGF000519	iYO844.BSU30450	30.1	216	147	2	1	212	1	216	2.36e-29	110
RCHGF000528	iHN637.CLJU_RS17275	40.1	252	146	3	8	256	3	252	7.46e-59	187
RCHGF000529	iHN637.CLJU_RS16295	47.0	202	104	2	1	200	1	201	1.08e-57	180
RCHGF000531	iML1515.b0199	36.4	220	133	5	3	218	1	217	1.64e-39	138
RCHGF000531	iJN1463.PP_4210	36.5	203	125	2	20	220	23	223	1.11e-37	138
RCHGF000531	iSbBS512_1146.SbBS512_E0193	36.4	220	133	5	3	218	1	217	2.30e-39	138
RCHGF000531	iSDY_1059.SDY_0218	36.4	220	133	5	3	218	1	217	2.30e-39	138
RCHGF000531	iSSON_1240.SSON_0213	36.4	220	133	5	3	218	1	217	2.30e-39	138
RCHGF000531	iSF_1195.SF0190	36.4	220	133	5	3	218	1	217	6.37e-39	137
RCHGF000531	iCN900.CD630_19470	34.5	220	139	3	4	220	10	227	8.11e-40	136
RCHGF000531	iYL1228.KPN_00213	36.4	220	133	5	3	218	1	217	1.76e-38	135
RCHGF000531	STM_v1_0.STM0247	35.9	220	134	5	3	218	1	217	1.88e-37	133
RCHGF000531	iYO844.BSU30420	34.2	228	139	5	3	222	1	225	2.15e-37	130
RCHGF000531	iYS854.USA300HOU_RS04405	33.8	219	140	4	3	218	1	217	7.39e-36	129
RCHGF000531	iPC815.YPO1073	35.3	224	130	6	3	218	1	217	4.14e-35	127
RCHGF000531	iYO844.BSU23960	37.9	219	130	4	3	220	1	214	1.17e-35	125
RCHGF000531	iNF517.LLMG_RS01755	33.2	235	138	5	2	218	3	236	1.79e-34	125
RCHGF000531	iCN900.CD630_14890	39.3	206	112	6	20	218	14	213	1.45e-34	125
RCHGF000539	iHN637.CLJU_RS05135	37.9	538	332	2	7	542	5	542	8.62e-124	374
RCHGF000542	iHN637.CLJU_RS05810	42.9	296	165	3	3	296	11	304	2.73e-72	224
RCHGF000542	iHN637.CLJU_RS19615	38.8	286	169	3	3	282	12	297	1.05e-67	213
RCHGF000543	STM_v1_0.STM0843	49.1	803	401	5	9	803	8	810	2.02e-260	742
RCHGF000544	iAF987.Gmet_0308	39.1	46	28	0	3	48	5	50	7.58e-04	41.6
RCHGF000550	iYO844.BSU02750	36.1	208	124	3	11	209	9	216	4.97e-38	134
RCHGF000550	iCN900.CD630_16140	33.5	242	155	3	2	237	23	264	4.61e-36	129
RCHGF000550	iCN900.CD630_14890	31.2	285	181	5	3	277	1	280	1.74e-34	126
RCHGF000550	iYO844.BSU23960	32.6	221	141	2	3	215	1	221	5.82e-34	123
RCHGF000550	iLJ478.TM1376	33.3	246	153	5	8	248	10	249	8.40e-33	123
RCHGF000550	iYO844.BSU29340	36.3	226	133	4	3	217	1	226	1.81e-33	122
RCHGF000550	iCN900.CD630_07520	34.9	218	134	2	8	217	6	223	1.61e-33	122
RCHGF000552	iCN900.CD630_23270	25.5	141	92	4	481	610	14	152	3.31e-04	41.2
RCHGF000553	iCN900.CD630_30820	48.0	100	52	0	1	100	1	100	8.31e-29	99.8
RCHGF000554	iCN900.CD630_30810	39.0	413	245	5	1	412	1	407	1.35e-99	302
RCHGF000555	iCN900.CD630_30800	41.7	108	63	0	1	108	7	114	4.97e-23	85.9
RCHGF000556	iYO844.BSU39260	49.5	481	216	7	8	480	8	469	8.56e-164	471
RCHGF000556	iML1515.b3721	47.4	477	223	5	8	477	4	459	3.74e-155	449
RCHGF000556	iCN900.CD630_03890	45.5	481	249	8	8	476	4	483	3.98e-146	426
RCHGF000556	iCN900.CD630_30960	45.8	480	241	7	10	480	5	474	2.51e-146	426
RCHGF000556	iML1515.b2716	42.4	484	256	4	8	481	4	474	1.01e-145	425
RCHGF000558	iYO844.BSU29620	27.7	155	95	5	1	140	1	153	1.24e-07	51.2
RCHGF000561	iYO844.BSU30420	44.4	117	65	0	19	135	19	135	1.02e-27	102
RCHGF000561	iCN900.CD630_19470	43.6	117	65	1	5	121	10	125	1.14e-25	97.1
RCHGF000561	iIT341.HP1576	37.1	132	78	2	4	135	2	128	4.72e-24	94.7
RCHGF000561	STM_v1_0.STM0247	38.6	132	79	2	4	135	1	130	1.55e-23	93.6
RCHGF000562	iML1515.b0844	35.1	97	57	1	51	141	159	255	8.19e-10	55.5
RCHGF000563	iCN900.CD630_04310	24.0	541	319	18	2	521	7	476	1.10e-17	85.5
RCHGF000563	iCN900.CD630_03010	20.4	559	308	15	1	510	5	475	3.51e-16	80.9
RCHGF000563	STM_v1_0.STM0828	27.2	246	131	5	1	230	1	214	1.09e-16	79.3
RCHGF000563	iPC815.YPO3907	22.0	536	322	15	1	507	4	472	1.42e-15	79.0
RCHGF000563	iAF987.Gmet_1903	32.1	243	123	8	2	231	3	216	7.87e-16	78.6
RCHGF000563	iSynCJ816.SGL_RS14425	29.3	232	135	6	2	230	51	256	7.23e-16	77.8
RCHGF000563	iJN1463.PP_2416	27.4	237	127	6	7	230	17	221	9.60e-16	77.0
RCHGF000567	iAM_Pv461.PVX_085660	32.7	220	136	4	20	237	78	287	1.98e-27	109
RCHGF000568	iYO844.BSU00460	38.5	252	153	1	4	253	6	257	1.30e-56	183
RCHGF000568	iHN637.CLJU_RS01030	41.1	253	145	4	1	250	1	252	3.18e-55	179
RCHGF000568	iCN900.CD630_35660	37.3	260	159	3	1	256	4	263	1.36e-51	170
RCHGF000568	iYS854.USA300HOU_RS02530	37.1	259	149	2	5	255	6	258	5.74e-50	166
RCHGF000569	iAF987.Gmet_0885	26.5	132	90	2	4	133	6	132	3.95e-07	50.1
RCHGF000569	iML1515.b2254	27.5	149	98	4	1	145	7	149	1.76e-06	48.1
RCHGF000569	iSSON_1240.SSON_2315	27.5	149	98	4	1	145	7	149	1.76e-06	48.1
RCHGF000569	iSF_1195.SF2333	26.8	149	99	4	1	145	7	149	3.16e-06	47.4
RCHGF000569	iAM_Pc455.PCYB_094710	24.8	133	88	5	2	128	23	149	6.04e-06	46.2
RCHGF000569	iAM_Pv461.PVX_092685	22.7	132	92	4	2	128	5	131	9.90e-06	45.4
RCHGF000569	STM_v1_0.STM2298	30.6	108	70	3	1	104	7	113	1.37e-05	45.4
RCHGF000570	iAF987.Gmet_2999	35.3	116	70	2	15	125	10	125	3.66e-14	70.5
RCHGF000570	iAF987.Gmet_0069	26.7	191	119	5	11	184	1	187	1.81e-13	68.2
RCHGF000572	iML1515.b0822	25.4	264	180	6	1	251	1	260	9.22e-18	80.1
RCHGF000572	iSF_1195.SF0772	25.4	264	180	6	1	251	1	260	1.27e-17	79.7
RCHGF000572	iSbBS512_1146.SbBS512_E2526	25.6	266	177	7	1	251	1	260	6.33e-17	77.8
RCHGF000572	iSSON_1240.SSON_0804	25.6	266	177	8	1	251	1	260	6.33e-17	77.8
RCHGF000572	STM_v1_0.STM0842	25.0	264	181	6	1	251	1	260	3.05e-16	75.9
RCHGF000573	iCN900.CD630_35150	49.8	444	219	3	4	444	5	447	8.78e-138	403
RCHGF000573	iYO844.BSU00500	49.8	444	220	2	4	444	6	449	3.20e-137	401
RCHGF000573	iYS854.USA300HOU_RS02555	47.5	444	230	2	4	444	5	448	4.25e-136	398
RCHGF000574	iYO844.BSU00510	56.1	305	129	2	7	309	12	313	1.56e-119	346
RCHGF000574	iYS854.USA300HOU_RS02560	54.2	306	136	2	7	309	13	317	1.47e-113	331
RCHGF000574	iAF987.Gmet_2848	53.8	312	143	1	1	311	1	312	7.64e-112	326
RCHGF000574	iHN637.CLJU_RS20580	55.2	308	134	3	7	311	10	316	6.85e-109	319
RCHGF000576	iYO844.BSU07810	52.6	548	254	3	3	545	9	555	8.92e-224	629
RCHGF000576	STM_v1_0.STM4453	53.7	538	243	6	8	543	12	545	8.29e-207	586
RCHGF000576	iSDY_1059.SDY_4258	53.4	537	246	4	8	543	13	546	8.58e-207	586
RCHGF000576	iYS854.USA300HOU_RS02395	52.6	511	234	5	1	508	5	510	2.91e-206	584
RCHGF000576	iSF_1195.SF4251	52.7	537	250	4	8	543	13	546	5.65e-205	581
RCHGF000576	iML1515.b4239	52.5	537	251	4	8	543	13	546	1.61e-204	580
RCHGF000576	iSbBS512_1146.SbBS512_E4844	52.7	537	250	4	8	543	13	546	1.61e-204	580
RCHGF000576	iSSON_1240.SSON_4420	52.5	537	251	4	8	543	13	546	4.59e-204	579
RCHGF000576	iYL1228.KPN_04651	52.0	537	254	4	8	543	13	546	8.60e-202	573
RCHGF000576	iCN900.CD630_30910	51.3	554	258	7	3	547	5	555	2.28e-200	570
RCHGF000577	iYS854.USA300HOU_RS01000	43.0	165	84	2	55	216	518	675	4.04e-37	136
RCHGF000577	iCN900.CD630_04690	36.4	214	129	4	7	215	407	618	1.91e-35	131
RCHGF000578	iPC815.YPO3697	49.6	363	178	2	5	366	6	364	4.36e-119	352
RCHGF000578	iYL1228.KPN_04652	49.0	363	180	2	5	366	6	364	1.65e-116	346
RCHGF000578	iSDY_1059.SDY_4259	49.3	363	179	2	5	366	7	365	1.36e-115	343
RCHGF000578	iSF_1195.SF4250	49.3	363	179	2	5	366	6	364	1.32e-115	343
RCHGF000578	iSSON_1240.SSON_4421	49.3	363	179	2	5	366	7	365	1.36e-115	343
RCHGF000578	iSbBS512_1146.SbBS512_E4843	49.0	363	180	2	5	366	6	364	1.87e-115	343
RCHGF000578	iML1515.b4240	49.0	363	180	2	5	366	7	365	2.19e-114	340
RCHGF000580	iYS854.USA300HOU_RS01730	41.0	161	80	4	8	153	92	252	8.17e-30	109
RCHGF000582	iAF692.Mbar_A0408	24.6	224	123	7	51	242	18	227	8.26e-11	60.1
RCHGF000586	iAF987.Gmet_2444	33.3	90	59	1	219	308	21	109	5.16e-06	48.5
RCHGF000586	iIT341.HP0687	32.8	134	76	6	220	347	4	129	6.21e-05	45.1
RCHGF000590	iPC815.YPO3070	27.0	100	70	2	9	107	10	107	1.46e-07	46.2
RCHGF000590	iJN1463.PP_1645	27.9	104	73	1	9	112	10	111	5.76e-06	42.0
RCHGF000598	iYL1228.KPN_03846	26.2	309	215	4	2	298	9	316	8.49e-23	95.9
RCHGF000598	iML1515.b2254	27.7	213	152	2	2	213	9	220	7.48e-22	93.2
RCHGF000598	iSSON_1240.SSON_2315	27.7	213	152	2	2	213	9	220	7.48e-22	93.2
RCHGF000598	iSF_1195.SF2333	27.2	213	153	2	2	213	9	220	1.42e-21	92.4
RCHGF000598	STM_v1_0.STM2298	27.2	213	153	2	2	213	9	220	1.41e-20	89.7
RCHGF000598	iPC815.YPO2421	24.6	317	221	5	2	301	9	324	3.64e-20	88.6
RCHGF000599	iAF692.Mbar_A0231	25.2	310	212	9	1	294	1	306	1.42e-16	78.2
RCHGF000599	iCN900.CD630_27140	25.5	325	204	11	1	289	1	323	7.62e-14	70.5
RCHGF000600	iHN637.CLJU_RS18410	21.0	205	143	5	3	188	6	210	6.95e-05	44.7
RCHGF000602	iSDY_1059.SDY_3957	51.5	361	173	2	1	360	1	360	9.67e-121	353
RCHGF000602	STM_v1_0.STM3925	49.7	370	182	4	1	368	1	368	4.72e-116	342
RCHGF000602	iPC815.YPO3859	47.8	372	192	2	1	371	1	371	1.90e-115	340
RCHGF000602	iSSON_1240.SSON_3963	49.6	361	180	2	1	360	1	360	7.64e-115	338
RCHGF000602	iML1515.b3791	49.6	361	180	2	1	360	1	360	2.17e-114	337
RCHGF000602	iSbBS512_1146.SbBS512_E4130	49.6	361	180	2	1	360	1	360	2.17e-114	337
RCHGF000602	iSF_1195.SF3865	49.6	361	180	2	1	360	1	360	4.36e-114	337
RCHGF000602	iYL1228.KPN_04291	47.3	372	194	2	1	371	1	371	1.30e-110	328
RCHGF000603	iAF987.Gmet_2352	25.5	102	74	1	50	151	34	133	2.01e-05	45.4
RCHGF000603	iAT_PLT_636.644	28.7	108	70	1	72	172	58	165	6.05e-05	43.9
RCHGF000605	iHN637.CLJU_RS02620	67.1	286	93	1	2	286	3	288	3.32e-141	399
RCHGF000605	iSbBS512_1146.SbBS512_E1194	62.2	286	107	1	2	286	5	290	1.19e-129	370
RCHGF000605	iSDY_1059.SDY_2206	62.7	284	105	1	2	284	5	288	2.41e-129	369
RCHGF000605	iHN637.CLJU_RS02735	64.1	273	97	1	17	288	1	273	2.04e-128	366
RCHGF000605	iML1515.b2039	61.3	287	110	1	2	287	5	291	5.81e-128	365
RCHGF000605	iNF517.LLMG_RS01090	62.8	285	105	1	1	284	1	285	7.17e-128	365
RCHGF000605	iSF_1195.SF2102	61.6	284	108	1	2	284	5	288	3.23e-127	363
RCHGF000605	STM_v1_0.STM2095	60.8	286	111	1	2	286	5	290	6.50e-127	363
RCHGF000605	iYL1228.KPN_02490	60.9	289	112	1	1	288	1	289	6.78e-126	360
RCHGF000605	iYL1228.KPN_02496	60.9	289	112	1	1	288	1	289	6.78e-126	360
RCHGF000606	iHN637.CLJU_RS02615	58.6	350	128	4	4	339	5	351	1.49e-146	417
RCHGF000606	iHN637.CLJU_RS02730	58.0	350	130	4	4	339	5	351	2.00e-144	411
RCHGF000606	iAF692.Mbar_A0231	55.1	323	138	3	1	323	1	316	2.95e-131	377
RCHGF000608	iML1515.b2037	25.9	405	289	6	6	404	7	406	1.96e-22	99.0
RCHGF000609	iML1515.b2036	61.4	360	139	0	1	360	1	360	3.75e-176	493
RCHGF000609	iNF517.LLMG_RS01180	59.3	369	146	3	2	366	8	376	3.92e-166	468
RCHGF000611	iYS854.USA300HOU_RS01340	32.4	102	69	0	4	105	2	103	2.76e-12	66.6
RCHGF000611	iYO844.BSU35680	30.9	110	76	0	8	117	12	121	4.51e-11	63.2
RCHGF000612	iAM_Pv461.PVX_111105	24.5	233	162	4	147	377	151	371	2.03e-12	67.8
RCHGF000614	iYO844.BSU35550	28.1	221	149	5	5	223	3	215	5.43e-21	89.0
RCHGF000615	iAF692.Mbar_A1731	28.9	159	106	4	214	366	194	351	3.85e-14	72.8
RCHGF000616	iCN718.ABAYE_RS18885	31.6	209	130	5	6	205	7	211	6.00e-27	102
RCHGF000617	iML1515.b2047	42.9	182	92	6	7	177	274	454	1.56e-32	121
RCHGF000617	STM_v1_0.STM2082	36.4	198	108	3	5	185	278	474	1.25e-31	119
RCHGF000618	iAF987.Gmet_2351	29.0	376	221	9	35	408	34	365	3.42e-45	159
RCHGF000618	STM_v1_0.STM2297	32.3	279	175	4	6	274	9	283	5.56e-42	151
RCHGF000618	iPC815.YPO2422	29.3	297	196	4	11	297	8	300	7.59e-42	151
RCHGF000620	iCN718.ABAYE_RS18875	39.5	501	274	10	126	610	115	602	3.60e-102	323
RCHGF000620	iJN1463.PP_1805	35.0	618	347	15	26	602	44	647	8.46e-92	298
RCHGF000631	iJN1463.PP_0936	44.0	175	91	3	5	175	4	175	7.81e-36	124
RCHGF000631	iML1515.b3248	40.7	182	107	1	5	185	4	185	3.74e-35	122
RCHGF000634	iYO844.BSU27910	33.1	142	91	3	4	143	4	143	1.37e-20	81.6
RCHGF000635	iCN900.CD630_21190	38.6	277	158	3	1	271	1	271	1.64e-63	201
RCHGF000635	iHN637.CLJU_RS03525	39.2	273	161	3	2	271	4	274	1.71e-57	186
RCHGF000636	iHN637.CLJU_RS16355	48.0	483	246	5	5	483	6	487	5.81e-152	442
RCHGF000636	iCN900.CD630_21180	46.9	484	249	5	5	483	3	483	1.20e-150	439
RCHGF000636	iNF517.LLMG_RS11965	46.7	495	252	5	1	488	1	490	2.92e-144	422
RCHGF000637	iYS854.USA300HOU_RS06750	37.9	314	185	4	1	304	4	317	1.74e-67	219
RCHGF000637	iYO844.BSU32260	36.5	312	188	4	1	302	4	315	8.84e-66	215
RCHGF000637	iSynCJ816.SGL_RS14120	39.6	316	179	5	1	304	3	318	2.45e-65	214
RCHGF000637	iCN900.CD630_15800	35.8	321	198	4	1	316	5	322	1.09e-62	206
RCHGF000637	iHN637.CLJU_RS04950	36.5	312	188	3	1	302	4	315	5.94e-62	205
RCHGF000637	iHN637.CLJU_RS03520	37.6	314	186	4	2	306	3	315	7.51e-62	204
RCHGF000637	iCN718.ABAYE_RS17565	35.6	320	198	2	1	312	4	323	2.36e-61	203
RCHGF000637	iNF517.LLMG_RS06750	35.0	320	196	4	1	308	3	322	1.60e-60	201
RCHGF000637	iAF987.Gmet_1629	34.3	318	199	3	1	308	4	321	5.36e-60	200
RCHGF000637	iCN900.CD630_11660	36.9	309	187	5	1	304	1	306	8.86e-60	198
RCHGF000638	iHN637.CLJU_RS16210	40.7	435	247	4	4	433	6	434	6.53e-112	336
RCHGF000639	iAF987.Gmet_0604	53.7	335	151	3	2	334	3	335	7.90e-114	333
RCHGF000639	iSynCJ816.SGL_RS16920	48.5	330	169	1	5	334	6	334	4.59e-105	311
RCHGF000639	iCN900.CD630_32240	49.9	335	159	3	1	333	1	328	6.32e-104	308
RCHGF000639	iHN637.CLJU_RS17045	50.2	333	157	3	6	336	5	330	3.02e-101	301
RCHGF000639	iYO844.BSU16750	47.4	333	166	3	6	330	7	338	1.02e-100	300
RCHGF000642	STM_v1_0.STM0261	27.4	157	81	6	43	199	23	146	7.27e-11	60.5
RCHGF000642	iYL1228.KPN_00227	26.1	157	83	4	43	199	23	146	8.46e-10	57.4
RCHGF000642	iEK1008.Rv2581c	28.1	167	96	7	34	187	14	169	2.24e-09	55.8
RCHGF000648	iCN900.CD630_14890	32.1	224	146	2	3	220	1	224	6.13e-34	125
RCHGF000648	iYO844.BSU02750	31.1	238	152	4	17	252	19	246	3.11e-34	124
RCHGF000648	iJN1463.PP_0220	33.7	208	132	2	16	217	47	254	1.53e-31	120
RCHGF000648	iLJ478.TM1376	28.5	221	155	2	4	222	6	225	1.08e-30	118
RCHGF000648	iPC815.YPO1073	33.7	208	132	2	19	220	21	228	2.64e-30	116
RCHGF000648	iYS854.USA300HOU_RS02325	30.1	259	157	5	3	243	1	253	4.93e-30	115
RCHGF000648	iSynCJ816.SGL_RS17160	31.2	221	149	2	4	222	3	222	2.31e-29	114
RCHGF000652	iYO844.BSU39260	50.0	254	127	0	7	260	216	469	5.01e-88	268
RCHGF000652	iML1515.b3721	47.3	260	136	1	1	260	204	462	2.28e-80	249
RCHGF000652	iML1515.b2716	48.2	251	129	1	10	260	224	473	5.05e-80	248
RCHGF000652	iCN900.CD630_31240	47.6	252	131	1	10	260	225	476	3.06e-79	246
RCHGF000652	iSDY_1059.SDY_2912	47.8	251	130	1	10	260	224	473	3.99e-79	246
RCHGF000654	iCN718.ABAYE_RS14110	27.9	319	205	9	44	341	40	354	2.83e-31	121
RCHGF000654	iLJ478.TM0282	29.1	344	214	14	41	366	22	353	2.51e-30	118
RCHGF000654	iYL1228.KPN_00770	30.6	310	193	12	45	341	19	319	7.26e-28	111
RCHGF000655	iYO844.BSU38200	51.2	387	188	1	1	386	1	387	3.84e-139	401
RCHGF000655	iNF517.LLMG_RS11210	49.9	383	191	1	5	386	14	396	1.18e-127	372
RCHGF000659	iYS854.USA300HOU_RS11635	21.8	578	384	20	38	568	3	559	1.00e-13	74.3
RCHGF000660	iCN900.CD630_30820	48.5	103	49	2	1	101	1	101	1.43e-24	89.0
RCHGF000661	iCN900.CD630_30810	35.5	409	261	3	1	408	1	407	1.00e-88	274
RCHGF000662	iCN900.CD630_30800	51.0	100	49	0	6	105	11	110	1.68e-24	89.4
RCHGF000663	iYO844.BSU39260	48.7	476	220	4	12	481	12	469	6.98e-168	481
RCHGF000663	iNF517.LLMG_RS02245	47.4	489	221	8	12	481	7	478	1.24e-160	463
RCHGF000663	iCN900.CD630_03890	45.7	479	244	7	12	477	8	483	2.98e-156	452
RCHGF000663	iML1515.b3721	47.0	479	225	5	10	481	6	462	1.87e-155	449
RCHGF000663	iCN900.CD630_31240	45.8	480	238	4	12	481	9	476	1.35e-154	447
RCHGF000663	iCN900.CD630_30960	45.0	480	242	4	12	481	7	474	3.46e-154	446
RCHGF000663	iYO844.BSU40110	44.6	487	238	5	12	481	8	479	5.79e-154	446
RCHGF000663	iNF517.LLMG_RS07345	45.5	492	227	7	10	480	9	480	8.48e-154	446
RCHGF000663	iCN900.CD630_31360	45.6	489	237	7	8	481	3	477	6.20e-153	443
RCHGF000666	iCN900.CD630_36320	61.3	173	67	0	1	173	1	173	1.35e-75	223
RCHGF000668	iAF987.Gmet_0987	29.2	435	278	9	306	718	349	775	1.01e-45	174
RCHGF000668	iAF987.Gmet_0782	28.3	442	289	9	306	728	290	722	8.90e-46	174
RCHGF000668	iAF987.Gmet_0957	27.3	524	329	11	224	722	119	615	4.16e-46	174
RCHGF000668	iYL1228.KPN_02455	29.4	445	285	11	294	719	160	594	3.43e-46	173
RCHGF000668	iAF987.Gmet_0700	27.5	436	296	7	306	724	383	815	1.26e-44	171
RCHGF000668	iAF987.Gmet_3085	27.5	440	288	10	301	717	443	874	2.40e-44	171
RCHGF000668	iJN1463.PP_3581	27.6	445	289	9	302	725	251	683	3.08e-44	169
RCHGF000668	iAF987.Gmet_2629	27.3	432	287	9	306	717	374	798	4.46e-42	164
RCHGF000668	iJN1463.PP_1144	28.5	418	283	7	318	720	290	706	7.93e-41	159
RCHGF000672	iEK1008.Rv2485c	26.6	203	140	4	29	222	161	363	2.47e-09	57.0
RCHGF000673	iML1515.b1396	39.8	93	55	1	25	116	26	118	1.78e-14	65.5
RCHGF000680	iCHOv1.100753544	26.2	248	146	4	25	268	5	219	9.01e-17	79.3
RCHGF000681	iAF692.Mbar_A3172	35.6	222	137	2	2	219	13	232	2.83e-40	137
RCHGF000682	iCN900.CD630_22700	51.0	300	147	0	1	300	1	300	5.36e-97	288
RCHGF000685	iHN637.CLJU_RS19425	41.9	313	168	5	10	320	10	310	2.63e-74	231
RCHGF000685	iCN900.CD630_24910	37.4	318	187	6	6	320	6	314	1.15e-69	219
RCHGF000686	iML1515.b0844	23.0	274	180	7	5	263	5	262	1.48e-11	62.8
RCHGF000687	iML1515.b3697	26.3	278	175	8	1	257	1	269	8.16e-16	74.7
RCHGF000687	iML1515.b0844	23.5	277	169	6	1	252	1	259	9.38e-14	68.9
RCHGF000688	iYL1228.KPN_00408	25.2	246	149	10	8	233	7	237	3.42e-11	61.6
RCHGF000688	iML1515.b0446	25.9	247	146	9	8	233	7	237	1.16e-10	60.1
RCHGF000688	iSbBS512_1146.SbBS512_E0369	25.9	247	146	9	8	233	7	237	1.16e-10	60.1
RCHGF000688	iSbBS512_1146.SbBS512_E0687	22.9	271	186	9	1	252	1	267	1.16e-10	60.1
RCHGF000688	iSF_1195.SF0391	25.5	251	150	9	4	233	7	241	1.20e-10	60.1
RCHGF000688	iSSON_1240.SSON_0434	25.9	247	146	9	8	233	11	241	1.20e-10	60.1
RCHGF000688	iSF_1195.SF0538	22.9	271	186	9	1	252	1	267	1.58e-10	59.7
RCHGF000688	iML1515.b0844	19.4	273	191	8	1	255	1	262	2.88e-10	58.9
RCHGF000688	iML1515.b0766	22.9	271	186	9	1	252	1	267	2.90e-10	58.9
RCHGF000688	STM_v1_0.STM0457	23.7	253	142	10	8	232	7	236	3.93e-10	58.5
RCHGF000692	iCN900.CD630_10780	57.4	265	113	0	10	274	16	280	5.44e-105	306
RCHGF000693	iCN900.CD630_10770	49.4	257	119	4	6	260	7	254	4.25e-72	221
RCHGF000694	iCN900.CD630_10760	62.2	156	59	0	1	156	1	156	1.90e-63	191
RCHGF000696	iCN900.CD630_10740	40.3	134	79	1	1	133	1	134	1.27e-27	99.0
RCHGF000699	iAF987.Gmet_2629	34.1	299	188	7	101	395	505	798	1.99e-40	152
RCHGF000700	iYO844.BSU26600	30.5	128	78	4	42	164	13	134	3.69e-05	42.0
RCHGF000702	iYS854.USA300HOU_RS14360	28.6	231	137	10	233	458	7	214	1.39e-17	83.6
RCHGF000704	iAF692.Mbar_A1750	28.9	204	128	9	52	247	42	236	2.48e-20	86.7
RCHGF000706	iNF517.LLMG_RS05390	46.7	212	111	2	14	225	5	214	2.60e-58	183
RCHGF000706	iYS854.USA300HOU_RS00730	44.8	212	115	1	14	225	5	214	2.09e-57	181
RCHGF000706	iLJ478.TM1559	46.3	214	113	2	17	230	36	247	4.86e-57	181
RCHGF000706	iYS854.USA300HOU_RS11540	44.6	213	116	1	13	225	4	214	1.68e-56	179
RCHGF000706	iCN900.CD630_15020	47.2	214	110	3	10	223	2	212	1.86e-55	176
RCHGF000706	iHN637.CLJU_RS08910	45.3	212	115	1	11	222	2	212	3.20e-55	175
RCHGF000706	iYO844.BSU39420	45.3	214	116	1	11	224	2	214	3.37e-54	173
RCHGF000707	iAF692.Mbar_A0232	28.1	235	158	4	2	235	9	233	3.58e-24	98.2
RCHGF000710	iCN900.CD630_04940	35.2	293	162	7	2	290	11	279	4.03e-51	169
RCHGF000710	iPC815.YPO1756	33.5	269	156	5	27	292	47	295	5.46e-45	154
RCHGF000710	iYL1228.KPN_02335	33.6	292	166	7	2	288	14	282	8.57e-45	153
RCHGF000711	iCN900.CD630_04930	33.2	229	138	6	26	253	24	238	1.14e-23	96.3
RCHGF000712	iCN900.CD630_30680	29.9	144	91	3	2	141	6	143	4.90e-14	65.5
RCHGF000712	iPC815.YPO1758	31.3	144	89	3	2	141	165	302	8.39e-13	64.3
RCHGF000712	STM_v1_0.STM1830	28.0	164	99	4	1	158	162	312	1.02e-11	61.2
RCHGF000712	iML1515.b1817	27.4	164	100	4	1	158	163	313	1.91e-11	60.5
RCHGF000712	iSbBS512_1146.SbBS512_E2083	27.4	164	100	4	1	158	163	313	1.91e-11	60.5
RCHGF000712	iSF_1195.SF1411	27.4	164	100	4	1	158	163	313	1.91e-11	60.5
RCHGF000712	iSSON_1240.SSON_1343	27.4	164	100	4	1	158	163	313	1.91e-11	60.5
RCHGF000713	iNF517.LLMG_RS03765	28.8	139	96	2	4	140	5	142	1.86e-13	65.5
RCHGF000713	iSF_1195.SF3171	28.7	129	88	2	1	129	1	125	7.80e-14	63.9
RCHGF000714	iHN637.CLJU_RS19425	34.9	318	193	5	16	327	1	310	2.76e-57	187
RCHGF000714	iYO844.BSU12020	35.4	311	196	5	18	325	5	313	8.66e-56	183
RCHGF000714	iYS854.USA300HOU_RS14360	37.7	265	162	2	21	284	5	267	4.43e-55	181
RCHGF000714	iYO844.BSU35790	34.5	313	201	3	18	327	5	316	3.00e-53	177
RCHGF000717	iSbBS512_1146.SbBS512_E2526	25.2	258	169	10	5	255	1	241	8.43e-14	69.3
RCHGF000717	iML1515.b0822	24.9	265	161	11	5	255	1	241	1.15e-13	68.9
RCHGF000717	iSF_1195.SF0772	24.9	265	161	11	5	255	1	241	1.57e-13	68.6
RCHGF000717	iSSON_1240.SSON_0804	24.9	265	161	11	5	255	1	241	1.57e-13	68.6
RCHGF000718	iML1515.b3697	26.4	277	177	8	2	261	3	269	1.41e-15	74.3
RCHGF000718	iSF_1195.SF0538	26.1	276	166	9	3	254	4	265	2.44e-14	70.9
RCHGF000718	iML1515.b0766	24.7	283	161	7	3	254	4	265	8.51e-14	69.3
RCHGF000718	iSSON_1240.SSON_0804	26.8	269	176	7	2	257	3	263	8.43e-14	69.3
RCHGF000718	iSbBS512_1146.SbBS512_E0687	25.1	283	160	8	3	254	4	265	1.16e-13	68.9
RCHGF000718	iML1515.b0822	26.8	269	176	7	2	257	3	263	1.57e-13	68.6
RCHGF000718	iSF_1195.SF0772	26.8	269	176	7	2	257	3	263	1.57e-13	68.6
RCHGF000718	iSbBS512_1146.SbBS512_E2526	26.4	269	177	7	2	257	3	263	2.14e-13	68.2
RCHGF000720	iAT_PLT_636.6571	25.5	149	109	2	41	188	129	276	5.59e-04	41.6
RCHGF000721	iYS854.USA300HOU_RS02995	43.3	178	97	1	9	186	9	182	1.76e-37	127
RCHGF000722	iYS854.USA300HOU_RS02990	45.6	204	111	0	1	204	1	204	5.93e-56	176
RCHGF000724	iAF692.Mbar_A1414	41.5	65	37	1	4	68	4	67	9.29e-06	45.4
RCHGF000727	iAF987.Gmet_0822	42.2	64	35	1	4	65	23	86	1.44e-06	46.2
RCHGF000731	iYS854.USA300HOU_RS00730	59.5	220	89	0	1	220	1	220	1.25e-80	239
RCHGF000731	iYS854.USA300HOU_RS11540	59.1	220	90	0	1	220	1	220	1.67e-78	234
RCHGF000731	iYO844.BSU39420	57.3	220	93	1	1	219	1	220	1.99e-75	226
RCHGF000731	iNF517.LLMG_RS05390	53.8	221	100	2	1	220	1	220	4.19e-74	223
RCHGF000731	iHN637.CLJU_RS08910	55.1	214	95	1	1	213	1	214	4.89e-74	223
RCHGF000738	iSynCJ816.SGL_RS04915	21.9	334	192	12	14	290	20	341	2.51e-05	45.1
RCHGF000738	iEK1008.Rv0958	28.2	142	94	3	36	173	118	255	9.03e-05	43.5
RCHGF000745	iYO844.BSU01530	40.6	192	109	2	38	224	38	229	1.10e-39	136
RCHGF000747	iAF987.Gmet_1188	42.0	69	34	1	181	249	4	66	1.24e-05	46.2
RCHGF000750	iYO844.BSU30450	27.3	205	147	2	19	223	21	223	3.60e-25	101
RCHGF000750	iYO844.BSU02750	31.1	196	123	6	19	206	25	216	7.82e-25	99.4
RCHGF000750	iCN900.CD630_16140	28.5	193	131	2	19	206	44	234	1.12e-22	94.0
RCHGF000753	iHN637.CLJU_RS07045	38.8	307	178	2	7	303	19	325	1.00e-69	219
RCHGF000755	iAF987.Gmet_0043	22.9	231	168	5	144	366	38	266	1.06e-10	62.8
RCHGF000756	iAF987.Gmet_2999	35.0	117	73	1	4	117	9	125	1.18e-16	77.4
RCHGF000756	iAF987.Gmet_1706	38.5	117	65	3	3	115	1	114	5.42e-15	72.4
RCHGF000762	iJN1463.PP_4670	33.3	165	104	3	162	320	237	401	1.38e-21	94.4
RCHGF000762	iAF987.Gmet_1298	35.7	154	88	5	176	320	187	338	4.76e-21	92.0
RCHGF000762	iAF987.Gmet_2629	34.9	169	96	6	173	331	386	550	1.08e-19	89.7
RCHGF000762	iJN1463.PP_1144	32.1	165	103	5	173	330	290	452	3.41e-19	88.2
RCHGF000762	iAF987.Gmet_2721	34.4	154	88	4	176	319	506	656	1.92e-18	85.9
RCHGF000762	iML1515.b1025	29.9	154	101	4	173	320	282	434	1.75e-18	85.5
RCHGF000763	iYO844.BSU15720	32.6	141	84	6	3	136	5	141	7.48e-12	58.9
RCHGF000765	iJN1463.PP_0310	30.6	643	395	18	7	617	6	629	3.45e-77	259
RCHGF000765	iJN1463.PP_2008	31.5	524	344	8	4	522	21	534	2.07e-76	257
RCHGF000772	iLJ478.TM1641	22.7	172	118	5	4	174	7	164	7.04e-06	43.9
RCHGF000773	iHN637.CLJU_RS13095	63.0	359	133	0	1	359	1	359	3.43e-159	450
RCHGF000774	iCN900.CD630_31950	35.0	828	424	20	7	745	4	806	3.79e-145	444
RCHGF000779	iYS854.USA300HOU_RS08720	41.1	397	195	7	11	400	5	369	3.14e-92	282
RCHGF000784	iCN900.CD630_24200	38.9	355	211	3	9	358	7	360	1.20e-91	278
RCHGF000786	iYS854.USA300HOU_RS07285	31.3	278	186	5	5	281	3	276	2.51e-38	135
RCHGF000787	iAF987.Gmet_2349	31.6	601	378	3	16	616	3	570	9.38e-92	294
RCHGF000787	iML1515.b0914	31.0	607	375	8	16	616	12	580	2.66e-84	275
RCHGF000787	iSbBS512_1146.SbBS512_E2410	31.0	607	375	8	16	616	12	580	2.66e-84	275
RCHGF000787	iSDY_1059.SDY_2344	31.0	607	375	8	16	616	12	580	2.66e-84	275
RCHGF000787	iSF_1195.SF0910	31.0	607	375	8	16	616	12	580	2.66e-84	275
RCHGF000787	iSSON_1240.SSON_0916	31.0	607	375	8	16	616	12	580	3.73e-84	274
RCHGF000787	iYL1228.KPN_00941	30.6	607	377	9	16	616	12	580	1.02e-83	273
RCHGF000787	iPC815.YPO1395	31.1	607	374	8	16	616	12	580	2.00e-83	272
RCHGF000787	STM_v1_0.STM0984	30.1	607	380	8	16	616	12	580	1.58e-81	267
RCHGF000788	iAF987.Gmet_2349	31.6	494	333	3	77	568	79	569	6.38e-79	259
RCHGF000788	iPC815.YPO1395	27.8	564	403	4	3	564	14	575	2.14e-71	239
RCHGF000804	iCN900.CD630_19470	44.3	221	118	1	2	217	7	227	4.27e-59	186
RCHGF000809	iAF987.Gmet_3085	31.8	456	293	4	294	733	430	883	1.63e-70	247
RCHGF000809	iAF987.Gmet_0700	31.3	476	308	5	274	734	347	818	7.23e-71	247
RCHGF000809	iAF987.Gmet_0782	31.1	441	293	4	295	734	295	725	7.73e-67	234
RCHGF000809	iAF987.Gmet_0987	30.9	456	299	4	284	734	340	784	1.69e-65	231
RCHGF000809	iAF987.Gmet_2629	30.3	472	305	7	281	734	343	808	3.38e-65	231
RCHGF000809	iJN1463.PP_3581	32.1	427	274	6	317	734	266	685	4.25e-63	223
RCHGF000810	iYS854.USA300HOU_RS00160	32.8	646	411	12	13	642	7	645	3.19e-109	343
RCHGF000811	iCN900.CD630_11340	54.2	120	55	0	1	120	1	120	1.88e-47	148
RCHGF000823	iYS854.USA300HOU_RS04050	27.2	290	195	7	1	281	1	283	4.39e-27	106
RCHGF000823	iYS854.USA300HOU_RS07285	27.3	282	198	4	2	281	3	279	5.23e-26	103
RCHGF000824	iYS854.USA300HOU_RS09295	41.4	278	161	2	2	279	3	278	1.80e-65	206
RCHGF000826	iCN900.CD630_36260	59.3	209	85	0	1	209	1	209	2.37e-92	268
RCHGF000827	iCN900.CD630_36270	51.0	290	141	1	1	289	1	290	2.40e-99	293
RCHGF000828	iJN1463.PP_0957	38.4	151	93	0	46	196	46	196	3.92e-28	107
RCHGF000828	iAF987.Gmet_1278	38.4	151	93	0	46	196	41	191	7.79e-25	98.6
RCHGF000828	iSF_1195.SF3237	35.6	149	96	0	46	194	51	199	1.20e-24	98.2
RCHGF000828	iML1515.b3197	35.6	149	96	0	46	194	51	199	3.22e-24	97.1
RCHGF000828	iSbBS512_1146.SbBS512_E3573	35.6	149	96	0	46	194	51	199	3.22e-24	97.1
RCHGF000828	iSDY_1059.SDY_3378	35.6	149	96	0	46	194	51	199	3.22e-24	97.1
RCHGF000828	iSSON_1240.SSON_3345	35.6	149	96	0	46	194	51	199	3.22e-24	97.1
RCHGF000830	iHN637.CLJU_RS19890	34.9	378	232	7	38	412	9	375	5.29e-69	223
RCHGF000830	iCN900.CD630_34630	34.5	386	237	7	30	412	1	373	2.27e-67	218
RCHGF000830	iHN637.CLJU_RS05895	33.4	377	236	7	38	410	9	374	1.28e-66	216
RCHGF000830	iHN637.CLJU_RS15830	30.7	378	250	5	38	412	9	377	1.05e-65	214
RCHGF000830	iSynCJ816.SGL_RS15085	35.0	383	236	6	31	410	28	400	2.03e-65	214
RCHGF000831	iCN900.CD630_04940	40.8	284	159	6	1	280	1	279	1.00e-62	198
RCHGF000832	iCN900.CD630_04930	41.3	247	140	4	1	246	1	243	2.74e-54	175
RCHGF000833	iCN900.CD630_04920	45.2	157	86	0	1	157	1	157	9.14e-43	139
RCHGF000834	iCN900.CD630_04920	44.6	157	86	1	1	156	1	157	8.81e-43	139
RCHGF000835	iCN900.CD630_02840	39.1	128	74	2	1	128	1	124	6.75e-24	89.7
RCHGF000835	iCN900.CD630_04910	35.4	130	82	2	1	130	1	128	8.78e-22	84.3
RCHGF000837	iSynCJ816.SGL_RS17805	37.7	371	226	4	14	381	27	395	6.00e-82	256
RCHGF000840	iAF987.Gmet_0043	33.6	116	69	2	547	654	151	266	1.91e-07	53.9
RCHGF000842	iAF987.Gmet_2999	33.6	116	74	1	4	116	10	125	1.03e-15	74.7
RCHGF000843	iCHOv1.100771266	23.0	239	137	7	40	234	92	327	3.04e-06	47.0
RCHGF000843	iMM1415.266645	22.2	239	139	7	40	234	92	327	4.06e-06	46.6
RCHGF000844	iYS854.USA300HOU_RS12355	40.7	54	32	0	6	59	3	56	5.57e-04	38.5
RCHGF000845	iJN1463.PP_4138	35.8	179	112	2	6	183	7	183	5.06e-29	105
RCHGF000851	iCN900.CD630_17760	47.9	219	103	2	3	220	2	210	2.07e-63	196
RCHGF000851	iCN900.CD630_07520	47.9	215	102	2	3	216	2	207	7.36e-60	187
RCHGF000851	iML1515.b1917	45.8	216	113	2	2	216	3	215	4.14e-56	178
RCHGF000852	iCN900.CD630_17750	45.8	201	109	0	13	213	3	203	1.62e-55	175
RCHGF000853	iYO844.BSU23980	34.9	258	158	5	17	271	1	251	3.00e-40	139
RCHGF000855	iYS854.USA300HOU_RS12610	43.9	41	22	1	23	63	40	79	6.63e-05	45.1
RCHGF000855	STM_v1_0.STM0787	32.6	89	51	3	6	87	13	99	8.69e-05	44.7
RCHGF000855	iCN900.CD630_16630	34.3	67	39	1	1	62	1	67	6.26e-04	42.0
RCHGF000860	iAF987.Gmet_2497	41.2	490	267	9	1	476	1	483	3.05e-113	342
RCHGF000860	iHN637.CLJU_RS07875	41.0	471	266	6	12	476	12	476	3.07e-112	339
RCHGF000861	iHN637.CLJU_RS07880	44.9	187	99	3	1	184	1	186	3.25e-49	158
RCHGF000861	iLJ478.TM0141	41.7	187	104	3	2	184	47	232	1.06e-45	158
RCHGF000861	iAF692.Mbar_A3627	43.0	193	104	4	2	190	3	193	5.10e-48	155
RCHGF000861	iSbBS512_1146.SbBS512_E3736	44.4	187	99	3	1	184	1	185	1.39e-47	153
RCHGF000861	iSF_1195.SF3379	43.5	186	102	2	1	184	1	185	1.97e-47	153
RCHGF000861	iSSON_1240.SSON_3491	43.5	186	102	2	1	184	1	185	1.97e-47	153
RCHGF000861	iML1515.b3360	43.5	186	102	2	1	184	1	185	2.79e-47	152
RCHGF000861	iSDY_1059.SDY_3522	43.5	186	102	2	1	184	1	185	2.79e-47	152
RCHGF000861	iNF517.LLMG_RS05240	44.3	192	102	3	1	189	1	190	1.34e-46	151
RCHGF000861	iYL1228.KPN_03746	42.0	188	106	2	1	186	1	187	3.18e-46	150
RCHGF000861	iAF987.Gmet_2496	42.5	186	104	2	1	184	1	185	6.77e-46	149
RCHGF000861	iYO844.BSU00750	41.5	193	110	2	1	191	1	192	1.57e-45	148
RCHGF000861	iSynCJ816.SGL_RS13880	43.0	193	100	4	1	184	1	192	2.36e-45	148
RCHGF000861	STM_v1_0.STM3469	41.5	188	107	2	1	186	1	187	2.56e-45	147
RCHGF000861	iPC815.YPO0169	41.1	190	105	4	1	184	1	189	1.16e-44	146
RCHGF000861	iCN900.CD630_14450	41.5	193	110	2	1	191	1	192	1.44e-43	143
RCHGF000862	iAF987.Gmet_2495	45.0	351	177	3	1	336	1	350	1.08e-92	280
RCHGF000862	iHN637.CLJU_RS07885	45.4	326	178	0	1	326	1	326	2.63e-90	273
RCHGF000862	iAF692.Mbar_A3624	41.7	336	193	3	2	336	1	334	3.32e-87	266
RCHGF000863	iHN637.CLJU_RS07890	45.5	242	123	3	1	234	1	241	3.70e-62	195
RCHGF000864	iYO844.BSU22650	38.6	202	118	3	4	199	6	207	3.20e-41	138
RCHGF000864	iHN637.CLJU_RS07895	36.7	210	120	5	1	200	1	207	8.57e-37	127
RCHGF000865	iHN637.CLJU_RS07900	65.8	389	133	0	4	392	3	391	4.38e-188	526
RCHGF000865	iAF987.Gmet_2482	62.9	388	144	0	3	390	7	394	6.91e-179	503
RCHGF000865	iYS854.USA300HOU_RS06985	63.6	385	139	1	4	388	13	396	1.16e-174	492
RCHGF000865	iNF517.LLMG_RS05280	62.2	389	147	0	3	391	9	397	6.94e-173	488
RCHGF000865	iYO844.BSU22640	63.5	389	141	1	4	392	9	396	5.46e-172	485
RCHGF000866	iHN637.CLJU_RS07905	43.4	258	146	0	1	258	1	258	1.81e-81	245
RCHGF000876	iAF987.Gmet_1991	22.0	123	91	3	87	204	200	322	1.26e-04	43.1
RCHGF000879	iNF517.LLMG_RS01755	32.8	238	132	4	5	214	4	241	2.17e-33	125
RCHGF000879	iYO844.BSU02750	32.6	230	139	6	5	222	1	226	4.58e-34	124
RCHGF000879	iCN900.CD630_10240	29.7	232	158	2	1	228	1	231	1.11e-30	117
RCHGF000879	iSynCJ816.SGL_RS17160	31.4	220	142	2	9	222	6	222	1.75e-29	114
RCHGF000879	iCN900.CD630_09000	27.6	272	179	5	5	258	1	272	9.11e-29	113
RCHGF000879	iJN1463.PP_1068	32.3	223	142	4	5	219	13	234	9.81e-30	113
RCHGF000879	iYS854.USA300HOU_RS05485	32.3	217	141	3	3	215	2	216	7.42e-29	113
RCHGF000880	iAF987.Gmet_1919	35.0	117	73	2	6	119	5	121	5.29e-15	72.4
RCHGF000880	iAF987.Gmet_0069	30.8	133	71	3	6	124	5	130	8.52e-13	65.9
RCHGF000881	iYO844.BSU29620	31.5	124	79	3	1	118	1	124	5.79e-12	63.9
RCHGF000881	iCN900.CD630_10690	31.7	161	99	5	5	161	4	157	3.54e-11	61.6
RCHGF000881	iCN900.CD630_07370	25.2	258	162	9	7	239	5	256	6.25e-11	60.8
RCHGF000881	iNF517.LLMG_RS06530	28.3	127	81	3	1	126	1	118	8.64e-11	60.5
RCHGF000882	iML1515.b1025	41.9	43	25	0	3	45	400	442	4.04e-05	39.3
RCHGF000883	iSbBS512_1146.SbBS512_E1077	66.7	21	7	0	2	22	461	481	7.44e-05	37.4
RCHGF000883	iSDY_1059.SDY_1050	66.7	21	7	0	2	22	461	481	7.44e-05	37.4
RCHGF000883	iML1515.b1025	52.0	25	12	0	2	26	349	373	9.26e-04	34.3
RCHGF000885	iML1515.b2173	30.9	165	114	0	1	165	1	165	1.86e-21	93.6
RCHGF000885	iJN1463.PP_4639	28.8	184	116	5	4	178	5	182	2.94e-18	84.3
RCHGF000887	iCN900.CD630_16960	53.5	445	196	4	24	460	18	459	2.24e-147	429
RCHGF000887	iYO844.BSU18120	47.7	463	233	4	15	474	3	459	8.03e-146	425
RCHGF000887	iYO844.BSU02420	49.1	462	227	4	17	473	5	463	2.09e-141	414
RCHGF000887	iYS854.USA300HOU_RS06905	49.9	449	213	5	28	467	23	468	8.00e-138	405
RCHGF000891	iYS854.USA300HOU_RS11635	21.8	500	341	14	2	473	8	485	1.88e-19	92.4
RCHGF000892	iCN900.CD630_30820	49.0	102	50	1	1	100	1	102	3.82e-29	100
RCHGF000893	iCN900.CD630_30810	39.8	241	143	2	1	241	1	239	1.30e-58	190
RCHGF000894	iCN900.CD630_30810	52.2	46	22	0	7	52	285	330	2.69e-13	61.6
RCHGF000894	iCN900.CD630_01370	54.5	44	20	0	7	50	306	349	2.17e-11	56.2
RCHGF000895	iNF517.LLMG_RS02240	31.6	76	52	0	1	76	363	438	8.39e-08	47.8
RCHGF000896	iCN900.CD630_30800	41.2	102	59	1	7	108	10	110	1.75e-16	68.9
RCHGF000896	iCN900.CD630_01350	36.9	103	60	2	9	109	1	100	2.19e-14	63.2
RCHGF000897	iYO844.BSU39260	50.5	483	204	7	8	476	8	469	3.10e-165	474
RCHGF000897	iCN900.CD630_03890	49.4	484	222	9	8	472	4	483	6.78e-164	471
RCHGF000897	iCN900.CD630_30960	49.2	482	218	8	10	476	5	474	3.92e-162	466
RCHGF000897	iNF517.LLMG_RS02245	47.3	486	225	9	10	476	5	478	7.76e-158	456
RCHGF000897	STM_v1_0.STM3051	48.0	483	224	7	9	476	7	477	3.02e-157	454
RCHGF000897	iYO844.BSU40110	46.4	487	230	7	9	476	5	479	2.11e-155	449
RCHGF000897	iML1515.b2901	47.6	483	226	7	9	476	9	479	1.71e-154	447
RCHGF000897	iYL1228.KPN_03330	47.4	483	227	7	9	476	7	477	4.54e-154	446
RCHGF000897	iSF_1195.SF2887	47.4	483	227	7	9	476	7	477	6.43e-154	446
RCHGF000897	iSSON_1240.SSON_3054	47.5	482	226	7	10	476	10	479	3.92e-153	444
RCHGF000897	iCN900.CD630_31240	45.7	481	240	7	8	476	5	476	7.35e-153	443
RCHGF000897	iSbBS512_1146.SbBS512_E3322	47.2	483	228	7	9	476	9	479	7.86e-153	443
RCHGF000897	iSDY_1059.SDY_2912	45.4	480	241	7	8	476	4	473	2.68e-152	441
RCHGF000897	iYS854.USA300HOU_RS01380	45.6	489	236	6	6	476	2	478	3.06e-152	441
RCHGF000897	iML1515.b2716	45.2	480	242	7	8	476	4	473	7.61e-152	440
RCHGF000897	iSSON_1240.SSON_1595	45.7	490	235	10	6	476	2	479	8.30e-150	435
RCHGF000897	iML1515.b3721	47.7	480	219	8	8	476	4	462	4.97e-149	433
RCHGF000897	iCN900.CD630_31360	46.3	486	225	9	12	476	7	477	2.03e-147	429
RCHGF000897	iNF517.LLMG_RS07345	47.1	490	221	11	8	475	7	480	3.18e-147	429
RCHGF000898	iYO844.BSU39260	49.9	485	225	3	16	498	1	469	7.40e-177	504
RCHGF000898	iNF517.LLMG_RS02245	49.6	484	222	7	26	498	6	478	1.08e-168	484
RCHGF000898	iCN900.CD630_03890	47.8	481	241	6	23	494	4	483	1.96e-161	466
RCHGF000898	iML1515.b2716	46.1	479	246	4	23	498	4	473	1.98e-160	463
RCHGF000898	iSDY_1059.SDY_2912	46.1	479	246	4	23	498	4	473	7.97e-160	461
RCHGF000898	iCN900.CD630_30960	47.1	476	242	5	26	498	6	474	1.83e-158	458
RCHGF000898	iNF517.LLMG_RS07345	47.7	495	227	8	16	495	1	478	2.24e-158	458
RCHGF000898	iCN900.CD630_31360	47.2	483	234	5	26	498	6	477	1.64e-157	456
RCHGF000902	iCN900.CD630_00490	27.0	89	62	2	26	112	259	346	7.20e-04	38.5
RCHGF000903	iSynCJ816.SGL_RS08905	31.8	173	112	4	3	171	33	203	2.77e-19	80.5
RCHGF000903	iAF987.Gmet_1573	35.1	171	107	4	3	170	6	175	6.15e-19	79.0
RCHGF000903	iAF692.Mbar_A1365	30.4	171	116	3	3	171	4	173	4.41e-18	76.6
RCHGF000903	iJN1463.PP_1672	31.6	174	108	4	3	170	34	202	2.20e-17	75.5
RCHGF000903	iSDY_1059.SDY_1340	32.2	174	107	6	3	171	29	196	3.79e-17	74.7
RCHGF000903	iSF_1195.SF1272	32.2	174	107	6	3	171	29	196	3.79e-17	74.7
RCHGF000903	iML1515.b1270	31.6	174	108	6	3	171	29	196	1.04e-16	73.6
RCHGF000903	iSSON_1240.SSON_1873	31.6	174	108	6	3	171	29	196	1.04e-16	73.6
RCHGF000906	iJN1463.PP_0411	34.6	217	126	6	13	227	22	224	1.25e-28	111
RCHGF000906	iNF517.LLMG_RS01625	31.4	255	156	6	1	247	1	244	1.66e-29	111
RCHGF000906	iSynCJ816.SGL_RS16580	31.3	249	145	5	4	242	7	239	7.93e-26	105
RCHGF000906	iCN900.CD630_35300	29.6	257	159	8	2	255	4	241	2.42e-26	104
RCHGF000906	iYO844.BSU30420	31.6	234	138	7	1	225	1	221	5.04e-27	104
RCHGF000906	iCN718.ABAYE_RS19060	33.3	231	132	5	18	244	43	255	1.48e-26	103
RCHGF000906	iCN900.CD630_35270	29.6	257	159	8	2	255	4	241	4.66e-26	103
RCHGF000906	iYL1228.KPN_02770	28.8	267	156	7	2	257	3	246	1.03e-25	103
RCHGF000906	iHN637.CLJU_RS18755	32.1	249	149	7	1	248	1	230	1.51e-26	103
RCHGF000906	iML1515.b2422	29.5	264	152	7	2	254	3	243	1.99e-25	102
RCHGF000906	iSDY_1059.SDY_2618	29.5	264	152	7	2	254	3	243	1.99e-25	102
RCHGF000906	iPC815.YPO3012	30.8	260	154	8	2	254	3	243	1.94e-25	102
RCHGF000906	iSSON_1240.SSON_2511	29.2	264	153	7	2	254	3	243	2.75e-25	102
RCHGF000906	iNF517.LLMG_RS09915	31.8	258	145	11	1	245	5	244	6.98e-26	101
RCHGF000906	iSynCJ816.SGL_RS06585	31.9	226	137	6	2	225	5	215	4.18e-24	100
RCHGF000909	iML1515.b3697	26.7	262	189	2	3	261	4	265	9.42e-22	91.3
RCHGF000910	iAF987.Gmet_3023	31.0	630	360	13	27	594	48	664	2.40e-83	274
RCHGF000910	iAF692.Mbar_A0227	40.0	423	232	11	127	532	49	466	1.63e-79	258
RCHGF000910	iLJ478.TM1640	38.4	414	237	8	137	532	46	459	6.90e-77	251
RCHGF000911	iHN637.CLJU_RS07205	44.9	572	306	4	1	565	1	570	8.97e-172	499
RCHGF000911	iLJ478.TM0201	44.2	570	313	4	2	568	30	597	2.06e-164	481
RCHGF000911	iCN900.CD630_34070	43.4	574	311	7	1	565	3	571	2.88e-163	478
RCHGF000915	iAM_Pv461.PVX_083045	32.4	108	67	3	36	137	43	150	1.40e-09	56.6
RCHGF000915	iAM_Pc455.PCYB_122070	32.1	109	68	3	35	137	36	144	2.47e-09	55.8
RCHGF000915	iAM_Pf480.PF3D7_1343000	26.4	121	83	3	28	142	38	158	5.37e-08	52.0
RCHGF000917	iYO844.BSU37660	44.2	310	173	0	7	316	12	321	8.30e-93	279
RCHGF000917	iNF517.LLMG_RS03945	45.4	313	168	2	7	316	11	323	2.70e-89	270
RCHGF000917	iYS854.USA300HOU_RS03075	41.9	310	176	1	11	316	16	325	3.08e-83	254
RCHGF000918	iNF517.LLMG_RS04495	27.9	147	104	2	35	181	30	174	1.63e-12	62.4
RCHGF000918	iYS854.USA300HOU_RS00270	29.5	132	91	2	48	179	34	163	4.75e-11	58.2
RCHGF000919	iYO844.BSU15650	41.0	835	442	9	54	852	55	874	1.91e-186	558
RCHGF000919	iCN900.CD630_18240	39.4	896	496	13	4	872	10	885	7.23e-185	554
RCHGF000919	iCN900.CD630_25030	39.7	865	468	17	3	836	2	843	4.13e-182	546
RCHGF000919	iAF987.Gmet_1614	41.7	842	444	13	54	872	54	871	2.83e-180	541
RCHGF000919	iSynCJ816.SGL_RS16270	41.0	879	436	16	51	863	74	935	5.19e-178	538
RCHGF000921	iSynCJ816.SGL_RS16080	41.8	55	32	0	13	67	18	72	2.32e-07	50.8
RCHGF000924	STM_v1_0.STM1731	33.5	197	116	2	1	182	1	197	2.32e-30	112
RCHGF000932	iHN637.CLJU_RS14750	36.0	583	359	11	9	586	8	581	6.94e-114	351
RCHGF000932	iYO844.BSU14520	35.8	573	350	8	12	580	10	568	1.24e-105	329
RCHGF000932	iYL1228.KPN_02554	36.2	531	325	8	8	534	8	528	2.74e-100	316
RCHGF000933	iAF987.Gmet_2715	38.1	446	259	5	1	443	1	432	1.85e-92	286
RCHGF000935	iJN1463.PP_4034	36.0	405	246	7	3	401	15	412	3.58e-75	239
RCHGF000935	iJN1463.PP_0614	34.6	405	252	7	3	401	18	415	4.15e-69	224
RCHGF000945	iAF987.Gmet_3529	29.3	283	182	7	47	325	25	293	1.10e-21	94.7
RCHGF000949	iAF987.Gmet_2372	68.4	431	134	1	1	431	1	429	1.05e-212	591
RCHGF000949	iYO844.BSU33900	68.1	432	135	2	1	431	1	430	1.13e-207	578
RCHGF000949	iNF517.LLMG_RS03215	64.1	435	150	4	1	431	1	433	7.13e-200	559
RCHGF000949	iCN900.CD630_31700	64.4	432	151	2	1	431	1	430	3.29e-195	547
RCHGF000949	iYS854.USA300HOU_RS04205	63.4	434	156	3	1	431	1	434	3.58e-193	542
RCHGF000949	iHN637.CLJU_RS19255	63.8	426	151	2	4	429	7	429	4.74e-193	541
RCHGF000950	iYS854.USA300HOU_RS04600	39.0	254	151	4	3	254	5	256	2.18e-49	162
RCHGF000958	iYS854.USA300HOU_RS02790	46.5	452	231	5	3	445	4	453	2.44e-132	389
RCHGF000958	iCN900.CD630_00520	44.6	457	236	8	1	445	1	452	2.12e-122	363
RCHGF000961	iML1515.b1285	34.4	151	91	5	226	369	236	385	6.48e-15	75.9
RCHGF000961	iAF987.Gmet_0069	31.1	161	101	4	219	369	134	294	5.21e-15	74.7
RCHGF000961	iML1515.b1025	32.9	158	95	6	224	371	279	435	2.68e-14	73.6
RCHGF000961	iAF987.Gmet_1917	32.9	149	93	4	226	369	265	411	4.43e-13	69.7
RCHGF000961	iAF987.Gmet_2425	31.0	155	97	4	224	369	184	337	4.46e-13	69.3
RCHGF000961	iML1515.b1490	31.3	147	90	4	212	347	280	426	1.18e-12	68.6
RCHGF000962	iCN900.CD630_31740	67.6	336	105	3	3	337	2	334	8.37e-153	432
RCHGF000962	iYS854.USA300HOU_RS04185	65.1	338	114	3	1	337	1	335	2.97e-146	415
RCHGF000962	iNF517.LLMG_RS12755	62.4	338	123	3	1	337	1	335	9.26e-143	406
RCHGF000962	iNF517.LLMG_RS02785	60.1	338	132	2	1	337	1	336	6.01e-139	397
RCHGF000964	iCHOv1.100755154	34.3	137	85	2	11	143	167	302	4.39e-20	84.3
RCHGF000966	iSF_1195.SF3169	35.9	220	134	2	1	220	1	213	1.52e-45	153
RCHGF000967	iSF_1195.SF3170	48.4	244	122	3	9	249	27	269	3.47e-79	243
RCHGF000970	iSF_1195.SF3170	49.2	244	120	3	9	249	27	269	6.57e-81	246
RCHGF000971	iSF_1195.SF3169	37.9	224	132	2	1	224	1	217	8.77e-48	159
RCHGF000972	iSF_1195.SF3168	51.0	157	77	0	1	157	13	169	5.43e-52	162
RCHGF000976	iSF_1195.SF3171	40.6	106	61	2	1	105	1	105	7.09e-22	84.7
RCHGF000976	iML1515.b1817	32.1	137	93	0	2	138	3	139	6.32e-18	77.8
RCHGF000976	iSbBS512_1146.SbBS512_E2083	32.1	137	93	0	2	138	3	139	6.32e-18	77.8
RCHGF000976	iSF_1195.SF1411	32.1	137	93	0	2	138	3	139	6.32e-18	77.8
RCHGF000976	iSSON_1240.SSON_1343	32.1	137	93	0	2	138	3	139	6.32e-18	77.8
RCHGF000976	STM_v1_0.STM1830	32.1	137	93	0	2	138	3	139	8.67e-18	77.4
RCHGF000976	iYL1228.KPN_02333	32.1	137	93	0	2	138	3	139	1.21e-17	77.0
RCHGF000976	iCN900.CD630_02840	37.4	123	75	1	1	121	1	123	7.71e-19	76.6
RCHGF000976	iPC815.YPO1758	32.8	137	92	0	2	138	3	139	1.68e-17	76.6
RCHGF000977	iLJ478.TM0813	23.7	355	221	13	31	371	3	321	7.82e-13	68.6
RCHGF000987	iJN1463.PP_2458	41.6	296	165	5	3	293	4	296	3.50e-61	196
RCHGF000988	iYL1228.KPN_00025	55.1	301	134	1	3	303	2	301	1.96e-109	319
RCHGF000988	STM_v1_0.STM0051	54.0	298	136	1	6	303	7	303	1.29e-105	310
RCHGF000988	iML1515.b0030	50.8	301	147	1	3	303	2	301	1.38e-99	294
RCHGF000988	iSbBS512_1146.SbBS512_E0034	51.2	301	146	1	3	303	2	301	1.96e-99	294
RCHGF000988	iSSON_1240.SSON_0035	50.2	301	149	1	3	303	2	301	1.12e-98	292
RCHGF000988	iSF_1195.SF0027	50.5	301	148	1	3	303	2	301	2.25e-98	291
RCHGF000988	iSDY_1059.SDY_0052	50.2	301	149	1	3	303	2	301	2.58e-97	288
RCHGF000989	STM_v1_0.STM0627	35.2	440	264	8	31	469	31	450	8.04e-57	194
RCHGF000989	iML1515.b0621	35.0	440	265	8	31	469	31	450	2.19e-56	193
RCHGF000989	iSF_1195.SF0659	35.0	440	265	8	31	469	31	450	2.19e-56	193
RCHGF000989	iSSON_1240.SSON_0574	34.8	440	266	8	31	469	17	436	6.09e-56	192
RCHGF000989	iSbBS512_1146.SbBS512_E0536	34.7	444	261	10	31	469	31	450	3.15e-55	190
RCHGF000989	iYL1228.KPN_00654	33.6	435	268	8	31	464	31	445	5.63e-55	189
RCHGF000990	iYL1228.KPN_04156	24.2	256	175	8	64	307	29	277	1.72e-08	54.7
RCHGF000990	iML1515.b3751	24.3	255	176	8	64	307	29	277	2.38e-07	51.2
RCHGF000990	STM_v1_0.STM3884	25.8	221	151	7	64	278	29	242	2.38e-07	51.2
RCHGF000993	iCN900.CD630_30020	60.1	386	154	0	1	386	1	386	1.92e-168	476
RCHGF000994	iYO844.BSU12390	41.2	85	45	2	1	85	1	80	3.81e-13	62.8
RCHGF000994	iML1515.b3091	42.0	81	42	1	5	85	4	79	3.81e-13	62.8
RCHGF000994	iSDY_1059.SDY_3276	42.0	81	42	1	5	85	4	79	7.10e-13	62.0
RCHGF000994	iSbBS512_1146.SbBS512_E3527	42.0	81	42	1	5	85	4	79	9.70e-13	61.6
RCHGF000994	iSF_1195.SF3131	42.0	81	42	1	5	85	4	79	9.70e-13	61.6
RCHGF000994	iSSON_1240.SSON_3244	42.0	81	42	1	5	85	4	79	9.70e-13	61.6
RCHGF000994	iYL1228.KPN_03519	43.2	81	41	1	5	85	4	79	4.62e-12	59.7
RCHGF000994	iJN1463.PP_2834	37.8	82	44	2	5	86	13	87	2.20e-11	57.8
RCHGF000995	iNF517.LLMG_RS04875	51.4	212	103	0	2	213	5	216	4.10e-79	235
RCHGF000996	iHN637.CLJU_RS06205	29.6	216	147	4	10	224	2	213	4.20e-30	110
RCHGF000996	iLJ478.TM1718	29.4	218	149	4	10	225	2	216	1.80e-29	109
RCHGF000996	iSynCJ816.SGL_RS09950	32.0	203	133	3	8	207	3	203	1.25e-28	107
RCHGF000996	iAF987.Gmet_0067	27.3	216	154	3	12	227	4	216	1.09e-27	104
RCHGF000996	iNF517.LLMG_RS11000	28.4	215	148	3	12	225	5	214	2.94e-27	103
RCHGF000996	iPC815.YPO0155	30.4	207	139	4	8	212	2	205	3.30e-27	103
RCHGF000996	iEK1008.Rv1408	28.3	219	153	3	11	228	12	227	7.60e-27	102
RCHGF000997	iYS854.USA300HOU_RS11645	24.4	332	246	3	3	329	2	333	1.11e-23	100
RCHGF000997	iCN900.CD630_23310	23.2	315	217	5	1	295	1	310	2.16e-22	97.1
RCHGF000997	iYO844.BSU03990	24.0	371	241	9	4	345	3	361	3.61e-22	96.3
RCHGF000997	STM_v1_0.STM3686	23.8	382	259	7	3	357	2	378	2.52e-21	94.0
RCHGF000997	iPC815.YPO4067	23.1	359	248	6	3	341	2	352	9.01e-21	92.4
RCHGF000997	iYL1228.KPN_03943	23.4	380	263	7	3	357	2	378	1.59e-20	91.7
RCHGF000998	iYO844.BSU03990	31.7	385	242	8	1	379	1	370	2.66e-48	167
RCHGF000998	iML1515.b3600	28.9	391	262	5	1	386	1	380	2.45e-47	165
RCHGF000998	iSSON_1240.SSON_3808	28.4	391	264	5	1	386	1	380	4.78e-47	164
RCHGF000998	iCN900.CD630_23310	28.1	384	271	2	2	385	3	381	6.84e-47	164
RCHGF000998	iSbBS512_1146.SbBS512_E4017	28.4	391	264	5	1	386	1	380	1.31e-46	163
RCHGF000998	iSF_1195.SF3634	28.4	391	264	5	1	386	1	380	1.82e-46	163
RCHGF000998	iYL1228.KPN_03943	27.6	392	268	5	1	387	1	381	5.15e-45	159
RCHGF000998	STM_v1_0.STM3686	27.8	378	260	4	1	373	1	370	7.42e-44	156
RCHGF000999	iHN637.CLJU_RS05700	41.7	307	174	2	4	310	2	303	1.69e-75	233
RCHGF001000	iCN900.CD630_36260	61.2	201	78	0	8	208	9	209	6.31e-88	257
RCHGF001002	iCN900.CD630_04910	33.6	137	89	2	1	137	1	135	3.39e-22	85.1
RCHGF001002	iCN900.CD630_02840	37.0	135	81	2	1	135	1	131	3.31e-22	85.1
RCHGF001003	iCN900.CD630_02890	35.9	262	163	4	7	267	24	281	1.50e-46	157
RCHGF001003	iCN900.CD630_04940	33.0	273	175	5	4	272	10	278	2.28e-43	148
RCHGF001004	iCN900.CD630_04930	34.5	220	143	1	25	244	31	249	4.89e-38	133
RCHGF001004	iCN900.CD630_02880	33.3	240	141	3	9	235	6	239	8.67e-35	124
RCHGF001005	iCN900.CD630_02870	36.6	161	102	0	1	161	1	161	1.94e-36	123
RCHGF001006	iHN637.CLJU_RS06680	35.0	214	133	4	13	226	6	213	2.46e-31	114
RCHGF001006	iLJ478.TM0066	35.5	200	117	2	22	221	11	198	7.70e-31	112
RCHGF001007	iHN637.CLJU_RS01885	33.1	299	191	6	33	330	26	316	5.82e-50	168
RCHGF001007	iLJ478.TM0327	36.2	279	170	5	51	328	40	311	1.17e-48	165
RCHGF001007	iAF987.Gmet_2378	34.2	263	167	4	54	314	43	301	3.14e-44	158
RCHGF001007	iHN637.CLJU_RS05700	31.4	303	190	7	9	306	5	294	8.93e-46	157
RCHGF001007	iLJ478.TM1401	36.6	243	145	5	75	315	66	301	8.71e-46	157
RCHGF001007	iJN1463.PP_1649	38.0	266	146	7	77	329	83	342	3.13e-44	154
RCHGF001007	iAF692.Mbar_A1431	28.7	282	196	4	47	328	34	310	4.60e-42	152
RCHGF001007	iEK1008.Rv2996c	35.2	253	159	4	76	328	66	313	6.83e-42	152
RCHGF001010	iJN1463.PP_0762	39.5	311	184	3	4	311	6	315	2.86e-68	215
RCHGF001011	iML1515.b3011	36.7	362	217	8	1	356	1	356	6.39e-72	229
RCHGF001013	iHN637.CLJU_RS05700	40.5	301	179	0	2	302	3	303	1.59e-81	248
RCHGF001014	iCN900.CD630_34480	43.5	248	132	4	2	242	3	249	1.08e-58	188
RCHGF001014	iCN900.CD630_31350	40.1	284	160	7	1	275	1	283	2.80e-58	187
RCHGF001014	iCN900.CD630_30740	41.2	284	153	6	2	275	3	282	5.74e-57	184
RCHGF001014	iLJ478.TM0273	38.9	306	150	6	6	275	10	314	9.32e-56	181
RCHGF001014	iHN637.CLJU_RS00320	37.1	278	166	5	1	270	1	277	1.33e-55	180
RCHGF001014	iYL1228.KPN_03543	37.0	281	170	4	2	275	3	283	3.13e-55	179
RCHGF001014	STM_v1_0.STM3253	36.3	281	172	4	2	275	3	283	8.81e-55	178
RCHGF001014	iPC815.YPO0844	37.7	281	168	3	2	275	3	283	2.18e-52	172
RCHGF001014	iML1515.b3137	36.3	281	172	4	2	275	3	283	6.47e-52	171
RCHGF001015	iYS854.USA300HOU_RS01290	25.6	348	243	5	3	344	2	339	1.67e-36	134
RCHGF001018	iEK1008.Rv2936	39.8	319	173	4	1	305	1	314	1.68e-68	216
RCHGF001019	iEK1008.Rv2938	28.1	210	142	5	11	215	31	236	9.68e-10	57.4
RCHGF001022	iPC815.YPO4067	25.1	343	236	5	3	324	2	344	2.08e-18	85.1
RCHGF001022	iML1515.b3600	24.7	348	241	6	3	329	2	349	2.51e-16	79.0
RCHGF001022	iYL1228.KPN_03943	23.9	348	244	5	3	329	2	349	2.51e-16	79.0
RCHGF001023	iPC815.YPO4067	32.0	356	237	3	1	354	1	353	1.46e-51	176
RCHGF001023	iYL1228.KPN_03943	29.9	378	260	3	1	376	1	375	3.56e-51	175
RCHGF001023	iML1515.b3600	29.7	380	262	3	1	378	1	377	1.03e-49	171
RCHGF001023	iSSON_1240.SSON_3808	29.2	380	264	3	1	378	1	377	2.12e-48	168
RCHGF001023	iSbBS512_1146.SbBS512_E4017	29.2	380	264	3	1	378	1	377	5.81e-48	167
RCHGF001023	iSF_1195.SF3634	29.2	380	264	3	1	378	1	377	8.12e-48	166
RCHGF001023	iCN900.CD630_23310	27.6	380	266	4	2	378	3	376	1.62e-47	166
RCHGF001023	STM_v1_0.STM3686	29.2	380	264	3	1	378	1	377	8.48e-47	164
RCHGF001024	iLJ478.TM0066	32.4	210	131	3	6	215	5	203	3.75e-35	123
RCHGF001025	iCN900.CD630_04920	42.7	157	90	0	1	157	1	157	2.99e-41	135
RCHGF001026	iHN637.CLJU_RS05700	42.4	302	174	0	2	303	3	304	9.81e-86	259
RCHGF001027	iCN900.CD630_04940	37.0	276	171	3	1	274	4	278	2.40e-53	174
RCHGF001027	iCN900.CD630_32760	38.7	253	152	3	5	257	1	250	8.46e-48	159
RCHGF001027	iCN900.CD630_02890	38.1	268	162	4	8	274	22	286	1.10e-46	157
RCHGF001028	iCN900.CD630_04930	41.6	250	143	2	1	250	1	247	5.44e-63	197
RCHGF001029	iCN900.CD630_04910	38.1	139	82	1	1	139	1	135	4.24e-29	102
RCHGF001032	iSF_1195.SF3177	38.3	230	138	3	3	229	22	250	3.42e-58	184
RCHGF001033	iSF_1195.SF3176	65.3	259	90	0	6	264	4	262	7.15e-116	332
RCHGF001034	iSF_1195.SF3175	63.3	245	90	0	2	246	3	247	8.89e-104	302
RCHGF001035	iSF_1195.SF3168	46.8	154	81	1	2	155	9	161	2.22e-44	143
RCHGF001037	iSF_1195.SF3168	34.7	144	93	1	5	148	16	158	3.29e-23	89.7
RCHGF001037	iPC815.YPO1758	30.8	156	106	2	4	158	164	318	2.00e-19	82.8
RCHGF001038	iCN900.CD630_08840	46.4	476	249	3	3	474	2	475	2.74e-141	414
RCHGF001038	iYO844.BSU30950	42.6	476	270	3	3	477	2	475	3.51e-132	390
RCHGF001039	iYO844.BSU30960	25.3	363	235	2	5	367	7	333	2.72e-41	147
RCHGF001039	iNF517.LLMG_RS09375	24.5	359	251	6	17	365	20	368	8.33e-40	144
RCHGF001039	iLJ478.TM0239	27.4	318	228	3	5	320	4	320	1.88e-39	143
RCHGF001039	iCN900.CD630_08820	26.5	309	220	4	28	331	29	335	5.06e-37	137
RCHGF001040	iCN900.CD630_08820	59.8	326	125	3	3	325	2	324	8.46e-132	382
RCHGF001040	iNF517.LLMG_RS09380	54.7	318	141	2	6	322	5	320	1.28e-124	363
RCHGF001040	iYO844.BSU30970	55.5	317	140	1	7	323	6	321	4.19e-123	360
RCHGF001041	iEK1008.Rv2397c	34.8	210	125	4	21	230	19	216	4.29e-30	114
RCHGF001041	STM_v1_0.STM0878	33.3	240	133	8	1	235	19	236	1.24e-29	114
RCHGF001041	iAF987.Gmet_1903	35.4	212	125	6	21	230	17	218	1.42e-29	113
RCHGF001041	iJN1463.PP_1722	33.6	220	134	4	23	242	20	227	1.12e-29	113
RCHGF001041	iYS854.USA300HOU_RS13270	31.4	229	144	4	1	229	1	216	3.60e-29	113
RCHGF001041	iAF692.Mbar_A1305	32.9	210	125	4	22	229	18	213	4.48e-29	112
RCHGF001041	iYO844.BSU33730	29.8	248	161	4	1	248	1	235	9.37e-29	111
RCHGF001041	iCN900.CD630_32150	32.8	235	146	4	17	247	15	241	1.32e-29	111
RCHGF001041	iYL1228.KPN_00886	31.4	239	139	7	1	235	35	252	5.61e-28	109
RCHGF001041	iSF_1195.SF0809	32.5	240	135	8	1	235	46	263	6.40e-28	109
RCHGF001041	iCN718.ABAYE_RS05140	33.3	210	132	4	21	230	17	218	4.50e-28	109
RCHGF001041	iSynCJ816.SGL_RS13090	33.2	232	139	7	1	228	5	224	8.31e-28	108
RCHGF001041	iML1515.b0855	32.1	240	136	8	1	235	19	236	1.22e-27	108
RCHGF001041	iSbBS512_1146.SbBS512_E2476	32.1	240	136	8	1	235	19	236	1.22e-27	108
RCHGF001041	iSSON_1240.SSON_0840	32.1	240	136	8	1	235	46	263	1.69e-27	108
RCHGF001041	iSDY_1059.SDY_0740	31.7	240	137	8	1	235	19	236	1.69e-27	108
RCHGF001041	STM_v1_0.STM0106	31.4	229	134	5	1	227	1	208	2.58e-28	107
RCHGF001041	iYS854.USA300HOU_RS02325	30.2	232	148	4	1	229	1	221	1.95e-27	107
RCHGF001041	iML1515.b0066	30.0	227	140	5	1	227	1	208	3.38e-28	107
RCHGF001041	iSF_1195.SF0061	29.7	229	138	5	1	227	1	208	3.38e-28	107
RCHGF001041	iPC815.YPO1332	33.1	239	135	8	1	235	19	236	6.21e-27	106
RCHGF001041	iCN900.CD630_10240	32.2	230	133	7	1	227	5	214	1.10e-26	105
RCHGF001041	iYO844.BSU33830	30.9	230	146	4	1	230	1	217	2.37e-26	105
RCHGF001041	iYS854.USA300HOU_RS03900	29.1	230	151	3	21	248	16	235	1.09e-26	105
RCHGF001041	iSbBS512_1146.SbBS512_E0058	30.2	205	127	4	25	227	18	208	2.55e-27	104
RCHGF001041	iSSON_1240.SSON_0072	29.3	229	139	5	1	227	1	208	2.55e-27	104
RCHGF001041	iNF517.LLMG_RS06730	33.0	230	137	7	1	229	5	218	1.01e-25	103
RCHGF001041	iPC815.YPO0520	30.6	209	129	5	23	227	3	199	4.47e-27	103
RCHGF001041	iNF517.LLMG_RS01625	30.2	235	151	5	17	244	13	241	9.51e-27	103
RCHGF001042	iYL1228.KPN_04624	25.3	249	169	8	34	276	83	320	4.94e-06	47.0
RCHGF001047	iAF987.Gmet_0069	27.4	168	101	4	4	157	5	165	4.85e-13	66.6
RCHGF001047	iAF987.Gmet_1706	27.1	133	91	3	4	133	3	132	9.42e-11	60.1
RCHGF001047	iAF987.Gmet_1914	31.0	100	68	1	4	102	4	103	1.22e-10	60.1
RCHGF001048	iJN1463.PP_4210	38.0	205	120	2	22	225	25	223	1.28e-39	144
RCHGF001048	iCN900.CD630_19470	34.4	224	141	2	3	225	9	227	2.10e-42	144
RCHGF001048	iYS854.USA300HOU_RS09925	36.3	226	133	5	1	225	1	216	1.47e-39	137
RCHGF001048	iYO844.BSU30420	34.2	228	140	5	4	226	2	224	4.34e-39	135
RCHGF001056	iEK1008.Rv0125	27.2	290	192	7	53	338	51	325	4.12e-19	87.0
RCHGF001060	iHN637.CLJU_RS06465	24.0	341	222	13	324	650	2	319	2.91e-15	77.0
RCHGF001069	iCN900.CD630_30290	46.6	384	204	1	5	387	4	387	4.89e-132	384
RCHGF001070	iYS854.USA300HOU_RS08170	33.4	356	231	2	4	359	3	352	1.73e-67	216
RCHGF001071	iCN900.CD630_34430	53.3	441	205	1	1	441	1	440	3.45e-163	466
RCHGF001072	iCN900.CD630_34440	66.7	105	35	0	1	105	1	105	1.03e-48	150
RCHGF001073	iCN900.CD630_34450	60.2	93	37	0	5	97	4	96	5.14e-32	107
RCHGF001075	iYS854.USA300HOU_RS11635	21.0	495	329	16	15	470	20	491	2.18e-11	66.6
RCHGF001078	iML1515.b1985	21.3	447	335	10	16	449	37	479	3.95e-15	77.0
RCHGF001079	iYS854.USA300HOU_RS07595	24.7	332	225	9	20	342	11	326	4.34e-15	76.6
RCHGF001080	iML1515.b3697	23.5	268	199	3	7	269	3	269	2.53e-15	73.6
RCHGF001080	iSF_1195.SF0538	22.6	279	189	6	8	269	4	272	2.08e-13	68.2
RCHGF001081	iSbBS512_1146.SbBS512_E4727	45.0	240	128	1	6	245	8	243	3.32e-76	233
RCHGF001081	iML1515.b4197	45.0	240	128	1	6	245	8	243	4.70e-76	233
RCHGF001081	iYL1228.KPN_04590	41.9	260	146	2	2	260	4	259	4.70e-76	233
RCHGF001081	iSSON_1240.SSON_4379	45.0	240	128	1	6	245	8	243	4.70e-76	233
RCHGF001081	iSF_1195.SF4352	44.6	240	129	1	6	245	8	243	2.67e-75	231
RCHGF001081	STM_v1_0.STM4387	44.6	240	129	1	6	245	8	243	1.52e-74	229
RCHGF001081	iML1515.b3582	45.2	261	132	3	1	254	1	257	3.68e-73	225
RCHGF001082	iHN637.CLJU_RS00590	63.5	233	84	1	1	233	1	232	1.76e-106	306
RCHGF001082	iYL1228.KPN_00060	63.4	232	83	2	1	231	1	231	7.74e-105	302
RCHGF001082	iCN900.CD630_22780	63.2	231	81	2	1	231	1	227	1.41e-104	301
RCHGF001082	STM_v1_0.STM0101	64.2	232	81	2	1	231	1	231	3.14e-104	300
RCHGF001082	STM_v1_0.STM4388	60.0	230	89	2	2	231	1	227	4.02e-104	300
RCHGF001082	iML1515.b0061	63.4	232	83	2	1	231	1	231	6.32e-104	300
RCHGF001082	iSDY_1059.SDY_0088	63.4	232	83	2	1	231	1	231	6.32e-104	300
RCHGF001082	iSSON_1240.SSON_0067	62.9	232	84	2	1	231	1	231	1.81e-103	298
RCHGF001082	iSbBS512_1146.SbBS512_E0053	62.9	232	84	2	1	231	1	231	2.57e-103	298
RCHGF001082	iSF_1195.SF0056	62.9	232	84	2	1	231	1	231	2.57e-103	298
RCHGF001082	iSF_1195.SF4353	60.9	230	87	2	2	231	1	227	2.32e-103	298
RCHGF001082	iSbBS512_1146.SbBS512_E4728	60.9	230	87	2	2	231	1	227	4.66e-103	297
RCHGF001082	iML1515.b4198	60.9	230	87	2	2	231	1	227	9.40e-103	296
RCHGF001082	iSDY_1059.SDY_4367	60.4	230	88	2	2	231	1	227	9.40e-103	296
RCHGF001082	iSSON_1240.SSON_4380	60.4	230	88	2	2	231	1	227	1.89e-102	296
RCHGF001082	iPC815.YPO3326	64.7	232	80	2	1	231	1	231	5.99e-102	295
RCHGF001082	iYL1228.KPN_04591	58.7	230	92	2	2	231	1	227	1.79e-100	291
RCHGF001082	STM_v1_0.STM3677	60.3	232	90	2	1	231	1	231	8.06e-100	289
RCHGF001082	iYO844.BSU28780	61.0	231	87	2	1	231	1	228	1.76e-98	286
RCHGF001082	iML1515.b3583	60.3	232	90	2	1	231	1	231	3.09e-97	283
RCHGF001084	iSDY_1059.SDY_4363	29.2	96	63	3	5	99	3	94	8.48e-08	45.8
RCHGF001084	STM_v1_0.STM4384	28.1	96	64	3	5	99	3	94	1.68e-07	45.1
RCHGF001084	iSbBS512_1146.SbBS512_E4724	30.5	82	52	3	5	85	3	80	3.33e-07	44.3
RCHGF001084	iSF_1195.SF4349	30.5	82	52	3	5	85	3	80	3.33e-07	44.3
RCHGF001085	iSF_1195.SF4348	36.0	461	276	8	1	461	20	461	6.19e-87	275
RCHGF001085	iML1515.b4193	36.0	461	276	8	1	461	1	442	2.85e-86	272
RCHGF001085	iSDY_1059.SDY_4362	36.0	461	276	8	1	461	20	461	6.78e-86	272
RCHGF001085	iYL1228.KPN_04586	35.7	456	277	7	1	455	1	441	6.36e-85	269
RCHGF001086	iYS854.USA300HOU_RS01760	37.2	129	78	2	14	142	14	139	2.86e-21	83.6
RCHGF001087	iSF_1195.SF4347	63.1	355	129	1	18	370	2	356	1.70e-175	491
RCHGF001087	iSSON_1240.SSON_4374	63.1	355	129	1	18	370	2	356	1.70e-175	491
RCHGF001087	iML1515.b4192	63.0	354	129	1	19	370	1	354	6.41e-175	490
RCHGF001087	STM_v1_0.STM4382	63.3	354	128	1	19	370	1	354	1.29e-174	489
RCHGF001087	iSbBS512_1146.SbBS512_E4722	62.7	354	130	1	19	370	1	354	7.44e-174	487
RCHGF001087	iYL1228.KPN_04585	62.7	354	130	1	19	370	1	354	1.50e-173	486
RCHGF001087	iSDY_1059.SDY_4361	61.3	331	126	1	42	370	1	331	1.73e-157	445
RCHGF001091	iYO844.BSU00900	40.4	228	130	3	1	223	1	227	4.32e-46	152
RCHGF001093	iCN900.CD630_24140	40.4	104	60	2	2	104	1	103	8.46e-21	80.5
RCHGF001094	iYL1228.KPN_03038	50.5	319	150	3	195	506	4	321	2.35e-96	294
RCHGF001094	STM_v1_0.STM2833	50.3	320	146	5	195	506	4	318	2.12e-93	286
RCHGF001094	iSbBS512_1146.SbBS512_E3174	50.8	315	148	4	195	506	4	314	2.63e-93	286
RCHGF001094	iML1515.b2703	50.8	315	148	4	195	506	4	314	3.71e-93	286
RCHGF001094	iSSON_1240.SSON_2847	50.2	315	150	4	195	506	4	314	1.17e-91	282
RCHGF001095	iHN637.CLJU_RS11915	26.4	307	218	5	36	341	22	321	3.20e-26	106
RCHGF001097	iCN900.CD630_24140	39.3	122	67	4	1	120	1	117	6.56e-20	78.2
RCHGF001098	iYL1228.KPN_03038	49.2	331	158	5	4	332	3	325	2.89e-98	293
RCHGF001098	iSbBS512_1146.SbBS512_E3174	47.6	330	158	4	4	332	3	318	5.29e-97	289
RCHGF001098	STM_v1_0.STM2833	47.3	330	163	3	4	332	3	322	8.52e-97	289
RCHGF001098	iML1515.b2703	47.4	329	158	4	5	332	4	318	4.27e-96	287
RCHGF001098	iSSON_1240.SSON_2847	47.0	330	160	4	4	332	3	318	2.43e-95	285
RCHGF001099	iML1515.b2702	48.7	154	79	0	8	161	9	162	3.46e-50	159
RCHGF001099	iSbBS512_1146.SbBS512_E3175	48.7	154	79	0	8	161	9	162	3.46e-50	159
RCHGF001099	iSSON_1240.SSON_2846	48.7	154	79	0	8	161	9	162	3.46e-50	159
RCHGF001099	STM_v1_0.STM2832	48.1	154	80	0	8	161	9	162	1.97e-49	157
RCHGF001099	iCN900.CD630_07640	45.6	169	87	1	8	176	12	175	5.45e-49	156
RCHGF001099	iYL1228.KPN_03037	46.6	161	86	0	1	161	2	162	5.61e-49	156
RCHGF001101	iHN637.CLJU_RS11915	27.6	315	204	7	17	322	22	321	9.56e-27	107
RCHGF001102	iYS854.USA300HOU_RS08170	30.6	242	150	6	156	392	111	339	7.79e-26	107
RCHGF001103	iML1515.b3291	51.3	115	47	2	4	117	3	109	1.31e-29	105
RCHGF001104	iCHOv1.100751291	27.5	171	116	4	3	165	53	223	2.63e-18	82.0
RCHGF001104	iMM1415.15487	29.2	192	128	3	3	188	47	236	1.11e-16	77.4
RCHGF001104	iSDY_1059.SDY_1586	32.0	197	121	6	1	191	1	190	2.74e-16	75.5
RCHGF001104	iML1515.b1539	32.0	197	121	6	1	191	1	190	7.19e-16	74.3
RCHGF001104	iSSON_1240.SSON_1589	32.0	197	121	6	1	191	1	190	7.19e-16	74.3
RCHGF001105	iYS854.USA300HOU_RS05000	36.9	325	204	1	123	446	137	461	1.65e-68	224
RCHGF001105	iYO844.BSU13300	32.6	432	289	2	10	439	14	445	5.57e-61	204
RCHGF001107	iLJ478.TM1433	45.1	419	210	8	1	417	1	401	2.39e-107	322
RCHGF001108	iLJ478.TM1432	36.8	476	292	6	6	474	5	478	2.86e-104	319
RCHGF001111	iCN900.CD630_20200	26.2	804	410	18	4	627	5	805	3.51e-69	241
RCHGF001119	iAF987.Gmet_1706	29.8	161	96	5	3	159	2	149	1.46e-13	68.2
RCHGF001120	iAF987.Gmet_0043	22.6	155	115	2	180	329	112	266	9.44e-07	50.1
RCHGF001122	iYO844.BSU30420	42.2	204	118	0	17	220	18	221	1.42e-52	170
RCHGF001122	iCN900.CD630_19470	39.5	215	130	0	8	222	13	227	9.31e-50	162
RCHGF001122	iPC815.YPO1073	36.3	223	140	2	4	225	1	222	3.63e-45	154
RCHGF001127	iAM_Pc455.PCYB_113330	36.1	183	106	5	654	827	337	517	7.87e-21	99.4
RCHGF001130	iYO844.BSU23860	47.7	465	236	4	4	462	6	469	4.85e-140	409
RCHGF001130	iNF517.LLMG_RS03045	46.1	464	244	4	3	460	5	468	1.22e-138	406
RCHGF001130	iYS854.USA300HOU_RS08075	47.9	463	237	3	4	462	5	467	1.07e-138	406
RCHGF001130	iYL1228.KPN_02499	45.6	463	248	3	4	462	6	468	8.64e-138	404
RCHGF001130	iPC815.YPO1541	46.2	463	244	4	4	461	6	468	3.59e-137	402
RCHGF001130	STM_v1_0.STM2081	45.4	463	249	3	4	462	6	468	9.85e-137	401
RCHGF001130	iSSON_1240.SSON_2100	45.2	462	249	3	4	461	6	467	9.85e-137	401
RCHGF001130	iSDY_1059.SDY_2212	45.2	462	249	3	4	461	6	467	1.39e-136	400
RCHGF001130	iSbBS512_1146.SbBS512_E1202	45.2	462	249	3	4	461	6	467	1.97e-136	400
RCHGF001130	iML1515.b2029	45.2	462	249	3	4	461	6	467	2.79e-136	400
RCHGF001130	iSF_1195.SF2091	45.2	462	249	3	4	461	6	467	2.79e-136	400
RCHGF001131	iML1515.b1337	29.2	267	164	4	5	250	58	320	3.53e-28	114
RCHGF001132	iCN900.CD630_02890	44.7	264	145	1	10	273	24	286	7.43e-74	227
RCHGF001133	iCN900.CD630_02880	42.9	245	140	0	4	248	3	247	1.55e-66	206
RCHGF001134	iCN900.CD630_02870	41.9	160	93	0	1	160	1	160	2.12e-39	130
RCHGF001135	iCN900.CD630_04910	33.8	133	79	3	7	131	4	135	3.67e-18	74.7
RCHGF001135	iCN900.CD630_02840	33.6	131	85	2	5	133	2	132	2.22e-16	70.1
RCHGF001162	iCN900.CD630_17180	44.6	56	29	1	1	54	436	491	6.92e-08	46.2
RCHGF001163	iML1515.b1759	63.2	38	13	1	1	37	1	38	3.91e-08	45.1
RCHGF001163	iSDY_1059.SDY_1516	63.2	38	13	1	1	37	1	38	3.91e-08	45.1
RCHGF001163	iSF_1195.SF1466	63.2	38	13	1	1	37	1	38	3.91e-08	45.1
RCHGF001163	iSSON_1240.SSON_1397	60.5	38	14	1	1	37	1	38	4.21e-07	42.4
RCHGF001163	iPC815.YPO2167	62.9	35	12	1	4	37	2	36	3.83e-07	42.4
RCHGF001163	STM_v1_0.STM1301	57.9	38	15	1	1	37	2	39	1.21e-06	41.2
RCHGF001165	iAF987.Gmet_2349	31.4	519	322	4	104	622	82	566	1.53e-72	243
RCHGF001165	iJN1463.PP_4935	31.9	527	322	5	102	627	104	594	1.14e-71	242
RCHGF001165	iPC815.YPO1395	29.7	535	335	6	89	621	80	575	3.94e-70	237
RCHGF001165	iYL1228.KPN_00941	28.6	548	353	5	77	622	65	576	2.06e-69	235
RCHGF001165	iML1515.b0914	27.6	579	377	5	51	622	33	576	2.11e-66	227
RCHGF001165	iSbBS512_1146.SbBS512_E2410	27.6	579	377	5	51	622	33	576	2.11e-66	227
RCHGF001165	iSDY_1059.SDY_2344	27.6	579	377	5	51	622	33	576	2.11e-66	227
RCHGF001165	iSF_1195.SF0910	28.6	581	369	7	51	622	33	576	2.11e-66	227
RCHGF001165	iSSON_1240.SSON_0916	28.6	581	369	7	51	622	33	576	2.93e-66	227
RCHGF001165	STM_v1_0.STM0984	28.5	548	354	5	77	622	65	576	4.07e-66	226
RCHGF001166	iAF987.Gmet_2349	32.8	461	306	3	110	569	112	569	1.14e-75	250
RCHGF001166	iPC815.YPO1395	28.0	572	401	6	3	569	14	579	3.65e-66	225
RCHGF001169	iCN900.CD630_33500	53.7	352	163	0	1	352	1	352	1.13e-146	418
RCHGF001173	iNF517.LLMG_RS03945	51.7	321	153	1	1	319	3	323	2.09e-111	326
RCHGF001173	iYO844.BSU37660	51.1	319	155	1	1	319	4	321	3.80e-111	325
RCHGF001173	iYS854.USA300HOU_RS03075	46.7	323	167	2	1	319	4	325	1.09e-101	301
RCHGF001183	iYS854.USA300HOU_RS12505	28.7	202	137	5	231	427	59	258	3.34e-20	90.9
RCHGF001183	iYS854.USA300HOU_RS05255	32.3	220	131	6	226	432	55	269	1.36e-19	90.5
RCHGF001196	iCHOv1.100753544	25.9	324	195	7	1	311	1	292	2.64e-23	97.4
RCHGF001199	iAF987.Gmet_3085	31.6	234	153	4	534	763	442	672	5.48e-23	104
RCHGF001199	iAF987.Gmet_0987	29.9	244	161	5	527	763	332	572	2.77e-20	95.9
RCHGF001199	iYL1228.KPN_02455	30.0	223	148	3	544	763	177	394	4.28e-20	94.7
RCHGF001200	iAF987.Gmet_0700	48.4	91	47	0	48	138	719	809	6.62e-19	82.0
RCHGF001200	iAF987.Gmet_3085	43.2	88	50	0	49	136	786	873	3.23e-16	74.3
RCHGF001200	iJN1463.PP_1144	39.8	88	53	0	49	136	615	702	3.16e-16	74.3
RCHGF001203	iYO844.BSU26590	33.3	96	62	2	77	172	73	166	3.48e-04	42.7
RCHGF001204	iCHOv1.100754101	55.0	40	18	0	456	495	356	395	4.70e-04	42.4
RCHGF001209	iSynCJ816.SGL_RS08250	27.8	449	261	14	4	403	27	461	1.06e-40	154
RCHGF001215	iCN718.ABAYE_RS19010	28.5	144	98	4	45	185	42	183	4.79e-07	49.3
RCHGF001215	iYL1228.KPN_02641	26.3	156	100	7	45	191	48	197	5.34e-06	46.2
RCHGF001215	iJN1463.PP_1765	24.4	160	117	4	20	177	16	173	5.02e-06	46.2
RCHGF001215	iML1515.b2232	26.3	156	100	7	45	191	48	197	7.10e-06	45.8
RCHGF001215	iSbBS512_1146.SbBS512_E2607	26.3	156	100	7	45	191	48	197	7.10e-06	45.8
RCHGF001215	iSDY_1059.SDY_2424	26.3	156	100	7	45	191	48	197	7.10e-06	45.8
RCHGF001215	iSF_1195.SF2312	26.3	156	100	7	45	191	48	197	7.10e-06	45.8
RCHGF001215	iSSON_1240.SSON_2290	26.3	156	100	7	45	191	48	197	7.10e-06	45.8
RCHGF001215	STM_v1_0.STM2276	25.2	155	103	6	45	191	48	197	9.66e-06	45.4
RCHGF001225	iYO844.BSU14670	32.4	256	166	3	4	252	6	261	1.19e-39	137
RCHGF001225	iCHOv1.100760520	31.2	260	167	5	3	250	6	265	1.04e-36	130
RCHGF001225	iYS854.USA300HOU_RS05525	31.7	252	163	4	8	252	6	255	1.96e-36	129
RCHGF001227	iCN900.CD630_35330	53.5	228	106	0	6	233	5	232	3.49e-85	252
RCHGF001229	iML1515.b4095	33.6	333	215	4	41	369	35	365	2.01e-52	178
RCHGF001230	iCN900.CD630_35340	58.7	276	113	1	5	280	14	288	2.65e-111	322
RCHGF001231	iCN900.CD630_35350	58.1	267	112	0	5	271	3	269	1.47e-111	323
RCHGF001231	iML1515.b4098	54.4	274	124	1	5	278	7	279	4.63e-106	309
RCHGF001232	iCN900.CD630_35360	43.6	367	191	7	1	357	1	361	3.63e-85	262
RCHGF001232	iML1515.b4099	42.9	371	181	7	3	363	2	351	4.17e-76	238
RCHGF001233	iML1515.b4100	32.1	187	116	5	8	190	13	192	1.29e-13	65.9
RCHGF001234	iCN900.CD630_35380	29.9	137	92	1	7	139	7	143	6.09e-16	69.3
RCHGF001235	iML1515.b2149	23.6	216	123	7	13	198	4	207	5.59e-06	46.6
RCHGF001235	iSbBS512_1146.SbBS512_E0817	23.6	216	123	7	13	198	4	207	4.55e-06	46.6
RCHGF001235	iSF_1195.SF2234	23.6	216	123	7	13	198	4	207	5.59e-06	46.6
RCHGF001235	iSSON_1240.SSON_2205	23.6	216	123	7	13	198	4	207	5.59e-06	46.6
RCHGF001235	STM_v1_0.STM2189	22.9	214	124	7	14	198	6	207	7.61e-05	43.1
RCHGF001236	iHN637.CLJU_RS03245	31.3	195	129	2	32	222	42	235	7.15e-25	97.8
RCHGF001237	iHN637.CLJU_RS01470	38.8	121	58	5	1	107	1	119	1.70e-11	56.6
RCHGF001237	iYS854.USA300HOU_RS11185	37.6	109	63	3	1	104	1	109	1.76e-11	56.2
RCHGF001237	iCN900.CD630_34660	35.0	120	62	5	2	107	3	120	5.66e-11	55.1
RCHGF001237	iYO844.BSU04620	39.3	112	61	3	1	105	1	112	2.82e-10	53.1
RCHGF001238	iYS854.USA300HOU_RS11335	56.6	143	61	1	2	143	4	146	2.09e-50	157
RCHGF001238	iCN900.CD630_01280	54.7	137	61	1	4	139	3	139	6.68e-46	145
RCHGF001238	iHN637.CLJU_RS20750	52.1	140	66	1	3	141	10	149	8.79e-46	145
RCHGF001239	iHN637.CLJU_RS20760	52.7	412	195	0	1	412	1	412	1.74e-151	434
RCHGF001239	iCN900.CD630_11840	51.3	411	199	1	1	410	1	411	1.74e-141	409
RCHGF001239	iYO844.BSU11340	50.2	410	204	0	2	411	3	412	7.75e-138	400
RCHGF001240	iYS854.USA300HOU_RS06185	55.8	242	105	2	4	243	3	244	2.07e-88	261
RCHGF001240	iHN637.CLJU_RS20765	53.5	243	111	2	3	243	6	248	2.21e-86	256
RCHGF001240	iYO844.BSU15910	52.1	242	114	2	4	243	5	246	1.28e-82	246
RCHGF001240	iCN900.CD630_11820	53.7	242	110	2	4	243	7	248	1.32e-80	241
RCHGF001240	iAF987.Gmet_1601	52.9	244	114	1	1	243	3	246	1.95e-79	238
RCHGF001241	iHN637.CLJU_RS20770	44.5	310	166	3	6	311	3	310	6.26e-78	239
RCHGF001241	iCN900.CD630_11810	44.4	313	167	5	6	312	3	314	3.63e-75	233
RCHGF001241	iYO844.BSU15900	44.6	285	153	3	6	285	3	287	1.36e-69	218
RCHGF001242	iAF987.Gmet_1293	41.9	358	187	10	5	351	4	351	1.98e-76	239
RCHGF001243	iHN637.CLJU_RS20775	59.9	299	117	3	4	301	7	303	4.22e-113	329
RCHGF001243	iCN900.CD630_11800	55.9	299	132	0	3	301	4	302	4.39e-112	327
RCHGF001244	iHN637.CLJU_RS20780	42.3	326	184	2	1	324	1	324	4.23e-85	259
RCHGF001244	iNF517.LLMG_RS08965	42.6	312	170	4	18	324	18	325	3.40e-81	249
RCHGF001244	iIT341.HP0202	39.9	323	187	5	5	322	6	326	2.31e-80	247
RCHGF001244	iSynCJ816.SGL_RS09325	42.5	325	175	6	6	323	10	329	1.79e-79	244
RCHGF001244	iAF987.Gmet_1599	40.2	341	170	5	1	323	1	325	1.80e-78	242
RCHGF001244	iCN900.CD630_11790	40.8	321	185	3	6	323	7	325	1.08e-77	240
RCHGF001245	iYO844.BSU29200	50.3	308	145	2	5	304	6	313	1.47e-97	290
RCHGF001245	iHN637.CLJU_RS20735	54.3	258	118	0	47	304	20	277	1.21e-93	278
RCHGF001245	iYS854.USA300HOU_RS09015	48.4	281	145	0	28	308	34	314	1.06e-89	270
RCHGF001245	iAF987.Gmet_1216	48.4	275	142	0	30	304	40	314	9.70e-89	267
RCHGF001245	iPC815.YPO1060	46.8	312	153	3	7	307	9	318	1.84e-86	261
RCHGF001246	iYS854.USA300HOU_RS09020	55.3	273	119	2	16	286	10	281	1.35e-98	290
RCHGF001246	iNF517.LLMG_RS08925	57.5	261	109	2	25	285	24	282	6.94e-97	286
RCHGF001246	iHN637.CLJU_RS20740	55.8	258	113	1	30	287	33	289	6.22e-96	284
RCHGF001246	iYO844.BSU29210	51.7	259	124	1	28	286	23	280	3.16e-88	264
RCHGF001247	iHN637.CLJU_RS20745	57.2	446	191	0	1	446	1	446	6.09e-184	520
RCHGF001247	iYO844.BSU24340	55.7	445	196	1	1	444	1	445	8.57e-175	497
RCHGF001247	iNF517.LLMG_RS08930	53.1	454	210	3	1	451	1	454	5.84e-174	495
RCHGF001247	iAF987.Gmet_0984	52.3	447	212	1	1	447	1	446	5.31e-170	484
RCHGF001247	iSynCJ816.SGL_RS13980	54.3	442	202	0	4	445	5	446	8.69e-167	476
RCHGF001248	iML1515.b3255	36.1	155	94	2	1	150	1	155	6.37e-26	95.9
RCHGF001248	iSbBS512_1146.SbBS512_E3287	36.1	155	94	2	1	150	1	155	6.37e-26	95.9
RCHGF001248	iSF_1195.SF3293	36.1	155	94	2	1	150	1	155	6.37e-26	95.9
RCHGF001248	iSSON_1240.SSON_3396	36.1	155	94	2	1	150	1	155	6.37e-26	95.9
RCHGF001248	iSDY_1059.SDY_3432	36.1	155	94	2	1	150	1	155	1.27e-25	95.1
RCHGF001248	iPC815.YPO3659	37.3	153	93	2	1	150	1	153	1.71e-25	94.7
RCHGF001248	iCN900.CD630_19390	34.8	155	88	3	1	150	1	147	3.85e-23	88.6
RCHGF001248	STM_v1_0.STM3379	35.9	156	93	3	1	150	1	155	8.91e-23	87.8
RCHGF001248	iHN637.CLJU_RS20755	58.9	73	30	0	78	150	94	166	2.49e-22	87.0
RCHGF001248	iNF517.LLMG_RS08940	36.8	155	92	2	1	150	1	154	2.44e-22	86.7
RCHGF001249	iHN637.CLJU_RS06285	45.8	72	39	0	1	72	2	73	2.93e-16	65.9
RCHGF001249	iYS854.USA300HOU_RS06195	46.5	71	38	0	2	72	4	74	9.69e-15	62.0
RCHGF001250	iHN637.CLJU_RS12550	48.4	347	174	4	1	345	1	344	5.33e-121	352
RCHGF001250	iHN637.CLJU_RS11690	47.4	342	171	5	1	342	1	333	1.73e-117	342
RCHGF001251	iHN637.CLJU_RS12555	55.3	266	115	3	1	266	1	262	1.68e-102	298
RCHGF001252	STM_v1_0.STM2550	48.8	334	169	2	1	332	1	334	6.95e-105	310
RCHGF001255	iML1515.b4173	38.0	379	221	2	19	391	28	398	9.70e-67	218
RCHGF001255	iJN1463.PP_4893	38.2	338	195	2	13	344	23	352	7.32e-59	197
RCHGF001256	iHN637.CLJU_RS12255	60.2	405	144	3	1	405	1	388	5.24e-165	468
RCHGF001256	iHN637.CLJU_RS19680	59.0	405	149	3	1	405	1	388	2.45e-163	463
RCHGF001258	iML1515.b4167	30.6	497	319	10	7	500	21	494	5.88e-50	178
RCHGF001259	iHN637.CLJU_RS06155	48.3	391	200	2	2	391	5	394	1.25e-121	357
RCHGF001259	iCN900.CD630_25870	49.2	394	195	4	3	393	5	396	1.12e-120	355
RCHGF001259	iAF987.Gmet_2673	50.1	401	193	5	3	399	5	402	1.27e-120	355
RCHGF001259	iYO844.BSU15700	47.9	401	204	4	3	399	5	404	2.95e-117	347
RCHGF001259	iYS854.USA300HOU_RS06085	45.3	373	198	2	3	370	2	373	4.69e-109	325
RCHGF001260	iCN900.CD630_35550	49.0	253	128	1	1	252	1	253	1.70e-84	252
RCHGF001260	iHN637.CLJU_RS20455	51.6	256	120	2	1	252	1	256	1.62e-80	242
RCHGF001261	iMM1415.69215	36.8	57	36	0	77	133	114	170	4.14e-06	44.3
RCHGF001261	iCHOv1.100757665	36.8	57	36	0	77	133	91	147	8.73e-06	43.1
RCHGF001261	iML1515.b1448	38.2	55	34	0	80	134	85	139	8.98e-06	43.1
RCHGF001270	iCN900.CD630_03960	30.5	259	166	6	320	574	4	252	1.63e-28	115
RCHGF001274	iJN1463.PP_0914	30.2	397	267	5	172	565	288	677	1.97e-44	167
RCHGF001274	iJN1463.PP_1144	27.4	419	298	5	151	565	291	707	1.83e-41	159
RCHGF001274	iAF987.Gmet_0782	28.3	452	304	8	125	568	283	722	3.03e-41	158
RCHGF001274	iJN1463.PP_3581	25.9	421	305	5	153	569	266	683	4.27e-41	157
RCHGF001276	iML1515.b2180	23.6	538	306	18	2	472	5	504	1.28e-25	110
RCHGF001279	iAM_Pc455.PCYB_061470	35.3	102	58	3	198	295	399	496	1.57e-07	53.1
RCHGF001280	iJN1463.PP_0240	27.4	197	129	5	21	212	32	219	4.13e-08	55.1
RCHGF001280	iCN900.CD630_07520	21.4	220	154	6	10	213	2	218	3.24e-07	52.0
RCHGF001280	iYL1228.KPN_00969	24.5	208	142	5	3	205	10	207	1.22e-06	50.4
RCHGF001281	iAF987.Gmet_3241	41.7	36	21	0	1	36	1	36	2.40e-06	42.4
RCHGF001291	iYO844.BSU30450	28.8	222	154	2	1	218	1	222	1.08e-28	109
RCHGF001293	iNF517.LLMG_RS12615	35.6	205	129	2	18	219	1	205	9.63e-40	136
RCHGF001293	iYS854.USA300HOU_RS12640	35.1	208	131	3	15	218	1	208	3.01e-39	135
RCHGF001294	iYS854.USA300HOU_RS08045	39.0	482	263	6	7	462	13	489	6.44e-115	346
RCHGF001294	iYO844.BSU23850	38.4	479	262	7	3	455	8	479	1.56e-114	345
RCHGF001294	iAF987.Gmet_2619	41.0	498	259	11	1	467	9	502	2.79e-112	340
RCHGF001294	iNF517.LLMG_RS12560	39.2	492	261	8	2	463	5	488	9.51e-111	336
RCHGF001294	iJN1463.PP_5351	37.7	475	271	7	8	462	14	483	7.77e-105	320
RCHGF001295	iYL1228.KPN_02499	52.2	467	221	2	1	466	1	466	5.18e-162	466
RCHGF001295	iYO844.BSU23860	51.3	470	226	3	1	468	1	469	1.52e-161	464
RCHGF001295	iSbBS512_1146.SbBS512_E1202	52.2	467	221	2	1	466	1	466	1.47e-161	464
RCHGF001295	iSDY_1059.SDY_2212	52.2	467	221	2	1	466	1	466	2.96e-161	464
RCHGF001295	iSSON_1240.SSON_2100	52.2	467	221	2	1	466	1	466	4.19e-161	463
RCHGF001295	iSF_1195.SF2091	52.2	467	221	2	1	466	1	466	5.94e-161	463
RCHGF001295	STM_v1_0.STM2081	52.7	467	219	2	1	466	1	466	1.19e-160	462
RCHGF001295	iML1515.b2029	52.0	467	222	2	1	466	1	466	2.40e-160	461
RCHGF001295	iPC815.YPO1541	51.3	468	225	3	1	466	1	467	1.31e-157	454
RCHGF001295	iNF517.LLMG_RS03045	48.9	464	235	2	5	466	5	468	3.10e-154	446
RCHGF001295	iYS854.USA300HOU_RS08075	48.6	465	237	2	3	466	2	465	8.17e-151	437
RCHGF001295	iMM904.YHR183W	47.9	459	231	6	5	458	4	459	3.95e-146	426
RCHGF001295	iMM1415.110208	47.7	463	238	4	5	464	5	466	6.51e-146	425
RCHGF001295	iEK1008.Rv1844c	47.3	465	240	4	6	466	13	476	1.97e-145	424
RCHGF001296	iNF517.LLMG_RS12210	31.1	235	138	9	81	291	89	323	1.36e-17	81.6
RCHGF001308	iYS854.USA300HOU_RS01090	58.8	364	148	1	1	362	1	364	5.56e-146	417
RCHGF001309	iYO844.BSU06990	36.5	282	172	4	2	278	17	296	4.08e-50	166
RCHGF001309	iCN900.CD630_34150	32.9	280	186	2	1	278	7	286	3.45e-49	164
RCHGF001309	iEK1008.Rv2039c	36.6	265	162	3	14	277	19	278	2.30e-48	161
RCHGF001309	iYO844.BSU28730	32.6	270	177	2	13	278	12	280	3.16e-45	153
RCHGF001310	iYO844.BSU28740	33.7	273	177	3	13	285	38	306	6.82e-46	156
RCHGF001310	iEK1008.Rv2040c	34.7	274	172	6	20	290	25	294	1.25e-42	147
RCHGF001310	iCN900.CD630_34160	33.7	276	177	4	3	278	6	275	1.03e-41	145
RCHGF001311	STM_v1_0.STM4229	25.0	300	180	14	50	338	51	316	1.80e-10	62.0
RCHGF001311	iYL1228.KPN_04423	25.1	299	181	14	50	338	48	313	3.15e-10	61.2
RCHGF001311	iML1515.b4034	25.1	299	181	14	50	338	48	313	9.87e-10	59.7
RCHGF001311	iSF_1195.SF4171	25.1	299	181	14	50	338	48	313	9.87e-10	59.7
RCHGF001311	iSSON_1240.SSON_4212	25.1	299	181	14	50	338	48	313	9.87e-10	59.7
RCHGF001312	iSSON_1240.SSON_4294	37.5	453	248	8	4	434	6	445	5.01e-90	280
RCHGF001312	iSDY_1059.SDY_4092	37.5	453	248	8	4	434	6	445	1.98e-89	278
RCHGF001312	iML1515.b4119	37.3	453	249	8	4	434	6	445	5.56e-89	277
RCHGF001312	iSF_1195.SF4104	37.3	453	249	8	4	434	6	445	7.84e-89	277
RCHGF001312	STM_v1_0.STM4298	36.6	453	252	8	4	434	6	445	6.16e-88	275
RCHGF001312	iYL1228.KPN_04505	36.9	453	251	9	4	434	5	444	7.70e-82	259
RCHGF001314	iCN900.CD630_15850	26.4	318	222	7	1	311	1	313	9.20e-21	90.5
RCHGF001315	iCN900.CD630_10100	34.7	369	215	9	5	360	4	359	3.94e-60	198
RCHGF001315	iYO844.BSU35010	31.9	370	238	6	2	358	3	371	7.48e-58	192
RCHGF001315	iYS854.USA300HOU_RS03790	33.2	358	219	8	25	364	25	380	7.48e-57	190
RCHGF001315	iCN900.CD630_34530	35.3	334	207	6	43	368	41	373	2.05e-53	181
RCHGF001316	iSynCJ816.SGL_RS10930	36.3	681	432	2	9	689	10	688	3.41e-165	490
RCHGF001316	iEK1008.Rv0684	36.5	684	428	4	9	686	13	696	5.77e-160	477
RCHGF001320	iAF692.Mbar_A0742	27.8	209	123	7	4	197	3	198	7.23e-17	75.5
RCHGF001322	iSynCJ816.SGL_RS13900	27.9	129	86	4	213	336	222	348	2.51e-04	42.4
RCHGF001325	iAF987.Gmet_3171	46.9	49	11	2	174	207	4	52	3.35e-08	48.1
RCHGF001327	iCN900.CD630_15590	24.2	289	195	7	3	279	6	282	1.60e-18	83.2
RCHGF001328	iAF692.Mbar_A0408	30.5	239	117	10	233	436	5	229	3.35e-19	86.3
RCHGF001328	iMM904.YLR308W	30.9	269	138	12	174	419	43	286	4.74e-18	84.3
RCHGF001328	iMM904.YLR307W	35.5	138	70	5	247	381	110	231	2.78e-16	79.0
RCHGF001330	iAF692.Mbar_A0408	29.3	222	113	8	247	431	16	230	1.32e-19	87.4
RCHGF001330	iMM904.YLR308W	33.9	168	93	6	250	408	123	281	8.62e-18	83.6
RCHGF001331	iSynCJ816.SGL_RS08770	33.3	87	57	1	5	90	7	93	1.42e-05	43.1
RCHGF001333	iMM1415.66514	29.0	259	168	5	27	277	60	310	1.89e-24	100
RCHGF001333	iCHOv1.100754017	34.8	207	101	4	47	219	73	279	4.19e-22	94.4
RCHGF001334	iNF517.LLMG_RS02010	48.7	304	155	1	5	307	6	309	5.58e-104	306
RCHGF001334	iYS854.USA300HOU_RS01245	47.1	306	162	0	6	311	8	313	7.53e-100	296
RCHGF001334	iYO844.BSU03050	48.2	303	156	1	6	307	8	310	4.90e-99	294
RCHGF001335	iYS854.USA300HOU_RS01245	50.3	302	150	0	6	307	8	309	7.10e-108	316
RCHGF001335	iNF517.LLMG_RS02010	50.0	304	151	1	5	307	6	309	7.39e-107	313
RCHGF001335	iYO844.BSU03050	51.5	303	146	1	6	307	8	310	1.74e-104	308
RCHGF001335	iYS854.USA300HOU_RS14100	46.9	303	160	1	5	306	6	308	8.53e-97	288
RCHGF001337	iYS854.USA300HOU_RS03945	36.4	118	71	2	1	115	1	117	6.98e-15	65.5
RCHGF001339	iIT341.HP0364	40.6	345	198	4	3	346	2	340	2.52e-88	268
RCHGF001340	iIT341.HP0680	38.6	743	394	10	137	832	47	774	7.71e-162	490
RCHGF001343	iCN900.CD630_21150	48.7	820	402	8	74	874	8	827	1.93e-248	715
RCHGF001347	iAF692.Mbar_A1202	39.5	329	176	8	1	319	21	336	1.35e-69	219
RCHGF001353	STM_v1_0.STM2916	35.7	185	110	6	15	195	19	198	1.12e-24	95.9
RCHGF001353	iML1515.b2738	34.4	183	115	5	15	195	19	198	2.21e-24	95.1
RCHGF001353	iSbBS512_1146.SbBS512_E3136	34.4	183	115	5	15	195	19	198	2.21e-24	95.1
RCHGF001353	iSSON_1240.SSON_2886	34.4	183	115	5	15	195	19	198	2.21e-24	95.1
RCHGF001353	iYL1228.KPN_01603	33.1	175	108	6	17	187	16	185	2.21e-22	89.7
RCHGF001355	iCN900.CD630_30740	42.4	283	155	6	2	278	3	283	1.20e-60	193
RCHGF001355	iCN900.CD630_34480	45.1	237	124	4	2	234	3	237	8.05e-60	191
RCHGF001355	iPC815.YPO0844	38.2	283	166	6	2	277	3	283	1.47e-57	185
RCHGF001355	STM_v1_0.STM3253	40.8	250	142	5	2	246	3	251	5.19e-55	179
RCHGF001355	iYL1228.KPN_03543	39.6	250	145	5	2	246	3	251	1.63e-53	175
RCHGF001355	iSF_1195.SF2158	38.2	246	147	4	2	243	3	247	1.63e-53	175
RCHGF001355	iML1515.b2096	37.8	246	148	4	2	243	3	247	3.24e-53	174
RCHGF001358	iCN900.CD630_32760	34.7	268	169	5	7	273	3	265	1.73e-47	159
RCHGF001358	iPC815.YPO1756	37.0	243	139	4	35	268	48	285	3.90e-46	156
RCHGF001358	iML1515.b1819	37.9	243	137	4	35	268	36	273	8.76e-45	152
RCHGF001358	iSbBS512_1146.SbBS512_E2085	37.9	243	137	4	35	268	36	273	8.76e-45	152
RCHGF001358	iSSON_1240.SSON_1341	37.9	243	137	4	35	268	39	276	9.46e-45	152
RCHGF001358	iCN900.CD630_10780	35.8	243	153	2	35	276	40	280	2.26e-44	151
RCHGF001358	iSF_1195.SF1409	37.4	243	138	4	35	268	39	276	2.64e-44	151
RCHGF001358	iYL1228.KPN_02335	37.0	243	139	4	35	268	39	276	5.23e-44	150
RCHGF001358	STM_v1_0.STM1832	37.4	243	138	4	35	268	39	276	1.04e-43	149
RCHGF001359	iCN900.CD630_32770	36.4	217	124	4	21	231	21	229	2.22e-32	119
RCHGF001359	iCN900.CD630_10770	32.8	232	151	4	3	233	7	234	1.92e-31	116
RCHGF001360	iCN900.CD630_10760	26.6	158	114	1	1	158	1	156	1.49e-19	79.7
RCHGF001360	iCN900.CD630_30680	31.8	154	103	1	5	158	9	160	6.96e-18	75.5
RCHGF001360	iML1515.b1817	29.4	153	106	1	6	158	168	318	2.04e-16	74.3
RCHGF001360	STM_v1_0.STM1830	28.1	153	108	1	6	158	167	317	2.03e-16	74.3
RCHGF001360	iSbBS512_1146.SbBS512_E2083	29.4	153	106	1	6	158	168	318	2.04e-16	74.3
RCHGF001360	iSF_1195.SF1411	29.4	153	106	1	6	158	168	318	2.04e-16	74.3
RCHGF001360	iSSON_1240.SSON_1343	29.4	153	106	1	6	158	168	318	2.04e-16	74.3
RCHGF001360	iYL1228.KPN_02333	28.1	153	108	1	6	158	168	318	3.88e-16	73.6
RCHGF001361	iCN900.CD630_23380	36.2	354	208	8	30	371	21	368	8.95e-65	210
RCHGF001362	iCN900.CD630_10740	28.9	121	79	5	1	117	1	118	6.06e-09	50.8
RCHGF001367	iSynCJ816.SGL_RS16080	36.4	55	34	1	21	74	24	78	7.66e-04	40.0
RCHGF001372	iYS854.USA300HOU_RS01090	60.8	365	141	1	1	363	1	365	3.69e-151	430
RCHGF001375	iCN900.CD630_34150	30.5	262	170	5	28	287	35	286	4.63e-30	114
RCHGF001375	iYO844.BSU06990	30.4	270	172	6	24	287	37	296	2.14e-29	112
RCHGF001375	iSynCJ816.SGL_RS16650	28.4	299	190	6	2	288	12	298	4.45e-27	106
RCHGF001375	iYO844.BSU30290	28.9	253	168	5	37	287	33	275	5.68e-27	105
RCHGF001376	iEK1008.Rv2040c	30.5	282	179	8	16	288	17	290	7.13e-28	108
RCHGF001376	iCN900.CD630_25490	29.4	282	189	7	17	293	29	305	1.50e-25	102
RCHGF001376	iML1515.b3452	30.9	223	144	4	12	234	15	227	3.38e-25	101
RCHGF001376	iSbBS512_1146.SbBS512_E3871	30.9	223	144	4	12	234	15	227	4.69e-25	101
RCHGF001376	iYL1228.KPN_03812	30.0	223	146	4	12	234	15	227	9.03e-25	100
RCHGF001376	STM_v1_0.STM3556	30.5	223	145	4	12	234	15	227	9.03e-25	100
RCHGF001379	iJN1463.PP_0077	26.9	442	282	12	6	435	5	417	9.52e-39	147
RCHGF001380	iAF987.Gmet_0043	26.1	238	138	12	251	459	39	267	1.43e-07	53.5
RCHGF001381	iAF987.Gmet_0069	29.9	127	77	3	1	119	1	123	3.15e-09	55.5
RCHGF001382	iYO844.BSU01770	50.3	447	219	3	1	444	1	447	1.15e-146	425
RCHGF001382	iYS854.USA300HOU_RS11655	46.2	452	227	3	1	442	1	446	9.39e-131	384
RCHGF001384	iAF987.Gmet_1888	32.9	246	151	5	15	254	11	248	2.21e-32	123
RCHGF001384	iAF987.Gmet_1168	33.0	233	145	5	36	263	28	254	1.15e-29	120
RCHGF001390	iSF_1195.SF0538	24.4	254	162	8	2	235	4	247	4.28e-05	43.5
RCHGF001390	iSbBS512_1146.SbBS512_E0687	23.9	255	162	8	2	235	4	247	1.38e-04	42.0
RCHGF001390	iML1515.b0766	24.0	254	163	8	2	235	4	247	1.85e-04	41.6
RCHGF001393	iHN637.CLJU_RS15095	50.4	385	189	1	2	384	3	387	6.05e-135	390
RCHGF001394	iJN1463.PP_1768	52.1	357	170	1	5	360	4	360	1.29e-130	377
RCHGF001394	iNF517.LLMG_RS02940	51.0	365	169	5	6	361	2	365	1.20e-124	362
RCHGF001394	iPC815.YPO1389	48.9	358	181	2	5	360	3	360	6.34e-116	340
RCHGF001394	iCN718.ABAYE_RS04905	51.8	355	166	4	5	356	2	354	8.41e-116	340
RCHGF001397	iYO844.BSU26700	49.5	105	53	0	5	109	6	110	4.72e-33	110
RCHGF001398	iYO844.BSU26710	35.6	222	143	0	5	226	30	251	8.37e-47	155
RCHGF001398	iAF692.Mbar_A2616	40.5	210	125	0	7	216	22	231	2.74e-44	150
RCHGF001399	iYL1228.KPN_04424	41.6	317	173	3	1	305	1	317	2.78e-84	259
RCHGF001399	iML1515.b4035	41.4	319	173	4	1	305	1	319	6.63e-83	256
RCHGF001399	iSSON_1240.SSON_4213	41.4	319	173	4	1	305	1	319	6.63e-83	256
RCHGF001399	iSF_1195.SF4170	41.1	319	174	4	1	305	1	319	5.28e-82	253
RCHGF001399	STM_v1_0.STM4230	40.7	317	176	4	1	305	1	317	9.94e-82	253
RCHGF001399	iSynCJ816.SGL_RS17635	38.0	363	210	4	1	348	1	363	1.87e-80	249
RCHGF001399	iPC815.YPO3712	41.0	317	175	3	1	305	1	317	4.45e-80	248
RCHGF001399	iYS854.USA300HOU_RS01090	38.2	364	208	5	1	347	1	364	1.98e-77	241
RCHGF001399	iEK1008.Rv1238	45.3	287	148	3	1	278	1	287	5.52e-75	236
RCHGF001399	iLJ478.TM0421	38.8	358	208	4	1	347	1	358	2.09e-75	236
RCHGF001399	iSbBS512_1146.SbBS512_E3873	38.0	358	209	6	1	347	1	356	2.14e-74	233
RCHGF001404	iAM_Pf480.PF3D7_1454400	27.8	633	398	14	11	594	135	757	4.28e-71	243
RCHGF001404	iAM_Pb448.PBANKA_131810	28.4	645	392	19	10	596	128	760	5.84e-71	243
RCHGF001404	iAM_Pc455.PCYB_126090	26.2	650	405	12	10	594	7	646	3.07e-70	239
RCHGF001404	iAM_Pv461.PVX_117760	26.5	650	403	13	10	594	159	798	1.36e-68	237
RCHGF001415	iSynCJ816.SGL_RS15085	32.0	384	245	7	3	381	28	400	2.07e-51	176
RCHGF001415	iHN637.CLJU_RS19890	29.1	374	254	7	10	381	9	373	4.49e-49	169
RCHGF001415	iHN637.CLJU_RS15830	28.0	375	259	5	10	381	9	375	3.61e-48	167
RCHGF001415	iCN900.CD630_16280	31.6	354	222	8	8	354	345	685	5.69e-45	164
RCHGF001415	iHN637.CLJU_RS05895	27.7	375	259	6	10	381	9	374	1.44e-45	160
RCHGF001415	iIT341.HP0941	28.6	381	255	7	9	381	6	377	1.65e-45	160
RCHGF001416	iYS854.USA300HOU_RS09295	39.2	278	167	2	11	288	2	277	3.24e-66	208
RCHGF001417	iCN900.CD630_04910	44.3	122	67	1	1	122	1	121	6.43e-29	102
RCHGF001418	iCN900.CD630_04920	39.6	154	92	1	1	154	1	153	4.66e-38	127
RCHGF001419	iHN637.CLJU_RS06680	30.4	158	109	1	4	161	56	212	8.30e-23	89.7
RCHGF001419	iLJ478.TM0066	31.7	139	89	1	18	156	65	197	2.68e-22	88.2
RCHGF001419	iNF517.LLMG_RS04420	32.1	131	89	0	2	132	53	183	6.69e-21	84.7
RCHGF001419	iML1515.b4477	36.4	118	74	1	18	134	62	179	1.68e-19	80.9
RCHGF001420	iCN900.CD630_04940	35.7	196	124	2	2	195	84	279	1.80e-29	109
RCHGF001420	iCN900.CD630_32760	32.0	178	120	1	1	178	75	251	1.43e-29	109
RCHGF001420	iCN900.CD630_02890	34.4	195	125	3	2	195	95	287	4.38e-28	106
RCHGF001421	iCN900.CD630_02890	40.8	71	41	1	8	78	16	85	1.69e-11	57.4
RCHGF001421	iSF_1195.SF1409	37.2	78	48	1	1	78	1	77	4.39e-11	56.2
RCHGF001421	iSSON_1240.SSON_1341	37.2	78	48	1	1	78	1	77	4.39e-11	56.2
RCHGF001421	iML1515.b1819	37.8	74	45	1	5	78	2	74	8.23e-11	55.5
RCHGF001421	iSbBS512_1146.SbBS512_E2085	37.8	74	45	1	5	78	2	74	8.23e-11	55.5
RCHGF001421	STM_v1_0.STM1832	35.8	81	51	1	1	81	1	80	1.57e-10	54.7
RCHGF001421	iYL1228.KPN_02335	34.6	81	52	1	1	81	1	80	4.09e-10	53.5
RCHGF001421	iPC815.YPO1756	40.9	66	38	1	13	78	22	86	4.19e-10	53.5
RCHGF001422	iCN900.CD630_04930	38.4	250	151	2	1	250	1	247	5.87e-51	166
RCHGF001424	iHN637.CLJU_RS06575	57.8	481	198	2	1	481	1	476	2.07e-210	590
RCHGF001430	iCN900.CD630_05570	42.2	516	287	3	78	584	38	551	6.59e-138	412
RCHGF001431	iYS854.USA300HOU_RS06145	32.4	185	117	3	15	191	27	211	1.05e-29	108
RCHGF001432	iCN900.CD630_25750	44.5	211	112	3	6	214	4	211	2.33e-59	186
RCHGF001432	iNF517.LLMG_RS11000	43.6	211	116	1	6	216	5	212	3.01e-59	185
RCHGF001432	iSynCJ816.SGL_RS09950	46.1	204	109	1	2	205	3	205	5.78e-59	185
RCHGF001432	iAF987.Gmet_0067	45.0	200	107	1	6	205	4	200	2.50e-58	183
RCHGF001432	iEK1008.Rv1408	46.8	201	102	2	5	205	12	207	3.98e-57	180
RCHGF001432	iYO844.BSU15790	43.3	201	110	2	6	205	4	201	1.44e-56	178
RCHGF001432	iYL1228.KPN_03757	45.1	206	109	2	1	205	1	203	2.09e-55	176
RCHGF001432	iHN637.CLJU_RS06205	44.1	213	114	3	6	217	4	212	4.51e-55	174
RCHGF001432	iML1515.b3386	45.1	206	109	2	1	205	1	203	5.92e-55	174
RCHGF001432	iSbBS512_1146.SbBS512_E3763	45.1	206	109	2	1	205	1	203	5.92e-55	174
RCHGF001432	iSF_1195.SF3404	45.1	206	109	2	1	205	1	203	5.92e-55	174
RCHGF001432	iSSON_1240.SSON_3517	45.1	206	109	2	1	205	1	203	5.92e-55	174
RCHGF001432	STM_v1_0.STM3483	45.1	206	109	2	1	205	1	203	1.19e-54	174
RCHGF001432	iPC815.YPO0155	45.1	206	109	2	1	205	1	203	1.19e-54	174
RCHGF001432	iSDY_1059.SDY_3693	45.1	206	109	2	1	205	1	203	2.38e-54	173
RCHGF001432	iAM_Pb448.PBANKA_143510	40.6	207	113	5	3	205	5	205	5.05e-54	172
RCHGF001432	iJN1463.PP_0415	45.1	206	109	2	1	205	1	203	4.62e-54	172
RCHGF001432	iAM_Pv461.PVX_123635	41.7	206	110	5	5	206	7	206	1.01e-53	171
RCHGF001432	iLB1027_lipid.PHATRDRAFT_53935	44.7	206	110	2	2	206	37	239	7.47e-53	170
RCHGF001432	iAM_Pc455.PCYB_144570	41.3	206	111	5	5	206	7	206	3.39e-53	170
RCHGF001433	iYS854.USA300HOU_RS06135	39.5	291	171	4	3	289	2	291	4.21e-67	210
RCHGF001434	iYS854.USA300HOU_RS06130	32.4	562	337	14	6	539	4	550	1.70e-71	241
RCHGF001435	iYS854.USA300HOU_RS06125	34.6	237	153	2	11	246	10	245	3.55e-36	128
RCHGF001444	iEK1008.Rv2936	38.1	223	136	2	3	224	7	228	7.60e-46	157
RCHGF001444	iMM1415.11303	35.4	226	142	3	4	227	899	1122	2.28e-38	144
RCHGF001445	iJN1463.PP_2667	27.7	238	156	6	14	238	18	252	5.55e-14	69.3
RCHGF001448	iYO844.BSU09240	29.9	184	126	2	9	191	5	186	2.62e-14	68.9
RCHGF001448	iYL1228.KPN_03021	28.7	181	126	1	9	189	8	185	7.95e-14	67.0
RCHGF001448	STM_v1_0.STM2820	31.2	186	115	4	9	189	8	185	7.95e-14	67.0
RCHGF001449	iHN637.CLJU_RS05705	50.0	210	104	1	1	210	1	209	1.57e-70	214
RCHGF001450	iHN637.CLJU_RS05700	52.3	304	144	1	1	304	1	303	5.54e-113	328
RCHGF001451	iCN900.CD630_02840	36.4	129	78	1	1	129	1	125	2.83e-19	77.8
RCHGF001451	iCN900.CD630_04910	35.1	134	85	2	1	134	1	132	8.15e-19	76.6
RCHGF001452	iCN900.CD630_02870	29.9	164	113	2	1	164	1	162	2.24e-22	87.4
RCHGF001452	iCN900.CD630_04920	30.6	157	104	4	1	156	1	153	9.41e-20	80.5
RCHGF001452	iSF_1195.SF3168	31.1	164	94	3	1	156	13	165	4.84e-19	79.0
RCHGF001453	iCN900.CD630_02890	41.6	262	144	4	16	276	24	277	2.17e-56	182
RCHGF001454	iCN900.CD630_02880	30.2	222	144	4	34	252	32	245	5.04e-20	86.3
RCHGF001455	iNF517.LLMG_RS12405	53.7	300	136	2	1	297	1	300	1.66e-112	327
RCHGF001455	iHN637.CLJU_RS05685	50.9	293	144	0	1	293	1	293	6.16e-107	312
RCHGF001456	iYS854.USA300HOU_RS01685	20.5	273	206	4	3	275	1	262	5.60e-21	89.4
RCHGF001457	iSynCJ816.SGL_RS16185	30.7	189	121	6	188	373	117	298	8.35e-19	85.9
RCHGF001458	iSynCJ816.SGL_RS13580	33.3	84	55	1	307	389	292	375	8.81e-05	45.1
RCHGF001461	iIT341.HP0381	38.0	234	126	6	47	276	47	265	9.76e-30	113
RCHGF001466	iCN900.CD630_31010	48.7	548	263	3	7	537	4	550	4.82e-167	484
RCHGF001467	iCN900.CD630_31020	41.7	460	252	5	4	449	8	465	4.32e-119	355
RCHGF001468	iYS854.USA300HOU_RS11635	26.8	496	338	12	1	485	3	484	3.30e-33	133
RCHGF001469	iCN900.CD630_25120	42.7	157	89	1	1	157	1	156	7.62e-36	121
RCHGF001469	iCN900.CD630_30270	40.3	149	89	0	11	159	7	155	1.10e-34	118
RCHGF001469	iCN900.CD630_26660	46.0	124	66	1	12	134	7	130	6.08e-33	114
RCHGF001469	iYS854.USA300HOU_RS07270	35.4	161	104	0	1	161	5	165	9.34e-33	114
RCHGF001470	iCN900.CD630_31090	79.8	238	48	0	1	238	1	238	3.54e-145	404
RCHGF001475	iML1515.b4085	58.2	213	89	0	6	218	4	216	1.61e-89	263
RCHGF001476	iYO844.BSU35960	27.0	285	169	9	61	324	35	301	1.01e-12	67.4
RCHGF001478	iML1515.b3201	29.0	217	138	4	1	202	1	216	9.58e-23	92.0
RCHGF001478	iSbBS512_1146.SbBS512_E3569	29.0	217	138	4	1	202	1	216	9.58e-23	92.0
RCHGF001478	iSDY_1059.SDY_3382	29.0	217	138	4	1	202	1	216	9.58e-23	92.0
RCHGF001478	iSF_1195.SF3241	29.0	217	138	4	1	202	1	216	9.58e-23	92.0
RCHGF001478	iSSON_1240.SSON_3349	29.0	217	138	4	1	202	1	216	9.58e-23	92.0
RCHGF001478	iIT341.HP0819	29.1	213	130	6	1	196	1	209	8.08e-23	91.7
RCHGF001478	iPC815.YPO2060	32.0	200	125	7	4	199	5	197	8.68e-22	89.7
RCHGF001478	iCN718.ABAYE_RS11225	28.6	192	125	5	18	199	20	209	5.62e-20	85.1
RCHGF001479	iSynCJ816.SGL_RS16080	33.3	78	49	2	1	75	6	83	2.54e-04	40.8
RCHGF001480	iYS854.USA300HOU_RS10275	32.5	163	110	0	1	163	1	163	1.39e-28	103
RCHGF001483	iJN1463.PP_3844	39.0	333	179	7	4	314	22	352	1.14e-55	185
RCHGF001485	iAF692.Mbar_A0309	24.9	635	379	27	45	642	52	625	1.31e-13	74.3
RCHGF001493	iNF517.LLMG_RS01995	65.6	482	166	0	18	499	3	484	4.09e-232	645
RCHGF001493	iYS854.USA300HOU_RS02655	59.8	492	195	2	10	499	3	493	8.91e-215	602
RCHGF001496	iYO844.BSU15540	23.7	241	151	9	27	247	53	280	3.47e-06	47.8
RCHGF001496	iAF987.Gmet_1841	24.4	262	153	11	12	248	44	285	8.05e-05	43.5
RCHGF001499	iHN637.CLJU_RS01315	34.2	187	122	1	9	195	8	193	4.09e-31	112
RCHGF001502	iCN900.CD630_23310	27.6	344	225	4	1	325	1	339	2.82e-37	137
RCHGF001502	STM_v1_0.STM3686	29.7	337	208	6	3	314	2	334	7.44e-37	136
RCHGF001502	iYL1228.KPN_03943	30.3	337	206	7	3	314	2	334	3.86e-36	134
RCHGF001502	iML1515.b3600	28.9	336	212	6	3	314	2	334	2.77e-35	132
RCHGF001502	iSF_1195.SF3634	28.3	336	214	6	3	314	2	334	5.28e-34	129
RCHGF001502	iSSON_1240.SSON_3808	28.3	336	214	6	3	314	2	334	5.28e-34	129
RCHGF001502	iPC815.YPO4067	27.7	368	244	7	3	349	2	368	1.10e-33	128
RCHGF001502	iSbBS512_1146.SbBS512_E4017	28.0	336	215	6	3	314	2	334	3.74e-33	126
RCHGF001503	iLJ478.TM1724	36.6	268	135	7	9	268	3	243	2.16e-41	142
RCHGF001503	iCN900.CD630_11820	33.5	272	143	5	7	268	2	245	1.55e-38	135
RCHGF001504	iCN900.CD630_02890	40.7	275	151	4	6	280	24	286	7.36e-56	181
RCHGF001504	iCN900.CD630_04940	37.9	282	160	6	1	279	8	277	1.65e-55	180
RCHGF001505	iCN900.CD630_02880	43.5	232	131	0	5	236	7	238	1.60e-62	196
RCHGF001506	iCN900.CD630_02870	41.4	162	95	0	1	162	1	162	2.22e-41	135
RCHGF001507	iCN900.CD630_02840	38.9	131	75	4	5	132	2	130	2.50e-22	85.5
RCHGF001514	iYL1228.KPN_01622	25.2	294	196	9	6	287	4	285	6.80e-11	61.6
RCHGF001517	iCN900.CD630_22360	31.4	303	183	8	1	290	1	291	4.62e-39	138
RCHGF001517	iYL1228.KPN_02823	29.3	297	184	6	7	292	6	287	8.11e-36	130
RCHGF001518	iNF517.LLMG_RS01005	33.2	479	288	10	1	456	6	475	5.72e-79	253
RCHGF001518	iYS854.USA300HOU_RS11865	34.6	468	279	14	5	453	6	465	9.15e-79	252
RCHGF001518	iCN900.CD630_08180	34.7	470	281	12	4	456	5	465	3.36e-74	240
RCHGF001520	iYS854.USA300HOU_RS01685	27.1	236	163	4	35	266	36	266	1.40e-17	79.7
RCHGF001521	iML1515.b0732	32.0	862	529	20	1	831	4	839	6.85e-126	400
RCHGF001521	iCN900.CD630_30850	32.9	747	473	11	2	729	3	740	4.90e-123	392
RCHGF001521	iSF_1195.SF0565	31.8	864	528	21	1	831	4	839	1.11e-122	391
RCHGF001522	iCN900.CD630_25660	31.0	142	97	1	5	145	2	143	2.99e-21	83.6
RCHGF001522	iYO844.BSU14400	29.8	141	99	0	5	145	6	146	2.92e-19	82.8
RCHGF001522	iCN900.CD630_30150	33.6	143	94	1	5	146	6	148	2.53e-20	81.3
RCHGF001523	iYO844.BSU12010	36.4	484	280	9	5	485	3	461	1.15e-93	297
RCHGF001523	iCN900.CD630_22690	36.6	492	269	13	5	488	182	638	1.34e-82	268
RCHGF001524	iAT_PLT_636.4905	33.9	230	130	5	185	397	242	466	7.55e-32	131
RCHGF001524	iMM1415.18195	33.9	230	130	5	185	397	242	466	7.55e-32	131
RCHGF001525	iNF517.LLMG_RS00090	61.7	175	63	3	5	178	10	181	5.89e-72	214
RCHGF001525	iYO844.BSU00680	55.9	179	75	3	2	179	4	179	1.29e-65	198
RCHGF001536	iYS854.USA300HOU_RS04040	37.7	334	205	3	9	340	9	341	2.23e-67	216
RCHGF001537	STM_v1_0.STM0659	28.1	178	107	7	6	164	8	183	2.05e-06	48.9
RCHGF001537	iML1515.b0650	25.8	178	111	6	6	164	8	183	8.44e-06	47.0
RCHGF001537	iSbBS512_1146.SbBS512_E0599	25.8	178	111	6	6	164	8	183	8.44e-06	47.0
RCHGF001537	iSSON_1240.SSON_0604	25.8	178	111	6	6	164	8	183	8.44e-06	47.0
RCHGF001540	iAF987.Gmet_1914	32.4	105	68	1	1	105	1	102	2.39e-10	62.4
RCHGF001540	iAF987.Gmet_1919	29.4	102	69	1	4	105	5	103	1.57e-08	56.2
RCHGF001546	iLJ478.TM0349	49.7	151	66	2	3	153	2	142	3.89e-46	147
RCHGF001548	iJN1463.PP_2998	52.2	312	147	1	1	312	1	310	1.16e-106	313
RCHGF001549	iJN1463.PP_3270	39.7	136	64	6	14	137	541	670	6.95e-18	79.0
RCHGF001550	iML1515.b1694	60.9	509	196	2	7	513	10	517	2.42e-220	619
RCHGF001555	iCN900.CD630_32780	31.1	132	85	3	1	129	1	129	5.94e-11	56.2
RCHGF001557	iCN900.CD630_30690	38.6	254	151	5	13	263	16	267	1.21e-54	177
RCHGF001558	iCN900.CD630_30700	39.1	243	148	0	1	243	1	243	2.28e-56	181
RCHGF001559	iCN900.CD630_30680	42.2	147	85	0	7	153	10	156	7.82e-35	119
RCHGF001561	iCN900.CD630_30880	39.5	248	145	4	2	245	3	249	1.98e-61	193
RCHGF001564	iCN900.CD630_01080	84.4	32	5	0	62	93	751	782	1.53e-12	61.2
RCHGF001568	iJN1463.PP_1144	36.8	171	105	2	28	196	286	455	7.91e-25	108
RCHGF001568	iAF987.Gmet_0782	33.2	193	122	3	9	197	280	469	3.25e-23	103
RCHGF001568	iAF987.Gmet_3085	32.1	187	118	2	15	195	443	626	9.01e-23	102
RCHGF001568	iML1515.b1285	33.7	187	121	2	17	203	222	405	2.16e-22	100
RCHGF001568	iAF987.Gmet_2629	31.7	183	123	1	15	195	369	551	3.52e-22	100
RCHGF001568	iAF987.Gmet_0987	31.8	195	129	2	4	196	335	527	6.07e-22	99.4
RCHGF001568	iJN1463.PP_4670	34.8	161	102	2	35	192	251	411	3.25e-22	98.6
RCHGF001570	iNF517.LLMG_RS05390	40.5	222	122	4	1	217	1	217	1.64e-35	124
RCHGF001570	iHN637.CLJU_RS08910	40.0	215	122	4	1	211	1	212	1.98e-35	124
RCHGF001571	iCN900.CD630_10780	39.9	283	158	4	1	276	1	278	4.43e-64	202
RCHGF001571	iCN900.CD630_32760	41.0	261	147	5	11	270	6	260	4.00e-59	189
RCHGF001571	iYL1228.KPN_02335	34.4	282	176	5	3	279	8	285	5.36e-58	186
RCHGF001571	STM_v1_0.STM1832	36.2	254	155	4	31	279	34	285	7.57e-58	186
RCHGF001571	iSF_1195.SF1409	33.7	285	176	6	2	279	7	285	1.51e-57	185
RCHGF001571	iML1515.b1819	33.8	284	177	5	2	279	4	282	1.96e-57	185
RCHGF001571	iSbBS512_1146.SbBS512_E2085	33.8	284	177	5	2	279	4	282	1.96e-57	185
RCHGF001571	iSSON_1240.SSON_1341	33.8	284	177	5	2	279	7	285	2.13e-57	185
RCHGF001571	iPC815.YPO1756	36.9	252	154	4	31	278	43	293	7.74e-57	184
RCHGF001572	iCN900.CD630_32770	44.7	253	134	2	1	247	1	253	7.62e-55	177
RCHGF001572	iCN900.CD630_10770	42.7	255	138	2	4	257	7	254	2.35e-51	167
RCHGF001573	iCN900.CD630_10760	48.7	152	78	0	1	152	1	152	1.17e-45	146
RCHGF001574	iCN900.CD630_32780	30.8	133	91	1	1	132	1	133	2.70e-16	70.1
RCHGF001576	iAF692.Mbar_A0742	34.2	184	115	4	1	182	2	181	8.26e-25	96.7
RCHGF001577	iML1515.b3371	26.7	315	213	8	30	338	32	334	2.31e-20	90.1
RCHGF001577	iSF_1195.SF3390	26.7	315	213	8	30	338	32	334	2.31e-20	90.1
RCHGF001577	iSSON_1240.SSON_3503	26.3	315	214	8	30	338	39	341	1.61e-19	87.8
RCHGF001580	iAF987.Gmet_1261	46.7	152	79	2	21	172	5	154	6.12e-35	120
RCHGF001580	iHN637.CLJU_RS10025	42.7	164	92	2	16	179	1	162	3.46e-34	118
RCHGF001580	iAF692.Mbar_A0219	40.6	155	90	2	18	172	2	154	6.65e-31	109
RCHGF001581	iAF692.Mbar_A0218	49.8	570	266	4	3	570	8	559	1.47e-200	572
RCHGF001581	iAF987.Gmet_1260	47.5	581	277	5	3	572	2	565	1.18e-191	549
RCHGF001582	iSynCJ816.SGL_RS14865	51.8	249	119	1	40	288	3	250	4.54e-89	265
RCHGF001585	iCN900.CD630_31350	37.8	286	164	6	1	275	1	283	1.04e-54	179
RCHGF001585	iCN900.CD630_30740	40.1	289	163	5	2	282	3	289	8.35e-53	174
RCHGF001585	iHN637.CLJU_RS00320	35.8	254	158	2	1	249	1	254	5.94e-50	166
RCHGF001585	iYS854.USA300HOU_RS11470	38.8	286	161	5	2	276	3	285	7.38e-50	166
RCHGF001585	iML1515.b3137	36.7	281	171	4	2	275	3	283	1.15e-48	163
RCHGF001585	STM_v1_0.STM3253	36.7	281	165	5	2	272	3	280	1.09e-48	163
RCHGF001585	iYO844.BSU37120	40.5	232	129	2	2	226	3	232	3.12e-48	162
RCHGF001585	iYL1228.KPN_03543	36.7	281	165	5	2	272	3	280	4.27e-48	161
RCHGF001586	iJN1463.PP_0552	27.9	351	225	12	14	346	18	358	5.14e-35	130
RCHGF001586	iYO844.BSU12330	27.0	348	239	9	5	347	1	338	1.72e-34	129
RCHGF001586	iYO844.BSU06150	24.5	339	242	7	5	337	9	339	3.14e-34	128
RCHGF001586	iHN637.CLJU_RS11425	27.4	361	233	10	5	346	1	351	4.71e-33	125
RCHGF001586	iCN900.CD630_23230	27.1	336	231	8	16	345	14	341	5.00e-31	119
RCHGF001587	iHN637.CLJU_RS19680	30.8	377	245	7	14	379	13	384	1.49e-54	184
RCHGF001587	iHN637.CLJU_RS12255	30.3	380	243	8	14	379	13	384	2.36e-52	178
RCHGF001587	iPC815.YPO2180	30.7	407	224	11	8	381	486	867	8.91e-46	167
RCHGF001588	iCN900.CD630_04940	42.0	269	153	3	8	274	10	277	4.60e-66	207
RCHGF001589	iCN900.CD630_04930	43.8	242	135	1	2	243	4	244	5.39e-62	194
RCHGF001590	iCN900.CD630_04920	42.4	158	90	1	1	158	1	157	3.58e-43	140
RCHGF001591	iCN900.CD630_04910	41.6	113	61	2	1	109	1	112	1.33e-20	80.9
RCHGF001591	iYO844.BSU27070	38.2	110	67	1	1	109	1	110	5.50e-19	77.0
RCHGF001591	iCN900.CD630_02840	32.8	131	87	1	1	130	1	131	3.26e-18	74.7
RCHGF001594	iYS854.USA300HOU_RS09195	58.8	553	226	1	4	556	5	555	2.85e-242	676
RCHGF001594	iCN900.CD630_07180	59.8	557	221	3	2	556	3	558	1.21e-239	670
RCHGF001594	iNF517.LLMG_RS08030	59.2	554	226	0	3	556	2	555	2.74e-235	659
RCHGF001594	iHN637.CLJU_RS18540	57.5	557	234	3	2	556	3	558	1.43e-233	654
RCHGF001595	iYO844.BSU06530	50.6	417	199	2	1	410	1	417	1.84e-140	407
RCHGF001595	iNF517.LLMG_RS05075	49.1	411	205	4	1	408	1	410	1.01e-132	387
RCHGF001595	iAF987.Gmet_2904	47.7	421	209	3	1	410	1	421	3.40e-128	375
RCHGF001595	iYS854.USA300HOU_RS05350	46.0	413	219	4	1	410	1	412	7.83e-125	367
RCHGF001595	iCN718.ABAYE_RS07250	46.9	418	210	6	1	406	1	418	1.69e-124	366
RCHGF001605	iCHOv1.100765125	29.1	230	119	10	168	365	170	387	5.43e-11	63.2
RCHGF001609	iCN900.CD630_28800	41.3	92	54	0	11	102	12	103	1.21e-20	79.3
RCHGF001609	iCN900.CD630_36470	39.8	93	56	0	11	103	12	104	4.47e-18	72.8
RCHGF001609	iCN900.CD630_01350	36.1	97	62	0	8	104	5	101	8.29e-18	72.0
RCHGF001613	iAM_Pf480.PF3D7_1239000	27.4	354	211	10	3	319	354	698	1.12e-24	106
RCHGF001613	iAM_Pv461.PVX_100900	28.4	387	217	13	3	339	329	705	2.65e-24	105
RCHGF001613	iAM_Pb448.PBANKA_145350	31.5	286	154	9	5	252	317	598	8.88e-23	100
RCHGF001614	iCN900.CD630_32680	30.5	190	118	5	200	386	98	276	2.16e-22	95.5
RCHGF001615	iPC815.YPO2167	38.7	119	72	1	5	122	3	121	1.23e-21	83.2
RCHGF001617	iCHOv1.100753544	24.7	308	185	5	28	327	32	300	1.32e-18	84.3
RCHGF001619	iNF517.LLMG_RS00155	23.7	338	247	5	11	338	2	338	4.10e-22	96.3
RCHGF001619	STM_v1_0.STM3686	24.8	331	229	8	14	329	4	329	1.78e-19	88.6
RCHGF001619	iSbBS512_1146.SbBS512_E4017	26.3	316	212	8	14	315	4	312	2.41e-19	88.2
RCHGF001619	iML1515.b3600	25.5	333	224	9	14	329	4	329	4.43e-19	87.4
RCHGF001620	iAF692.Mbar_A1750	27.7	202	135	7	52	248	42	237	8.80e-18	79.7
RCHGF001621	iYO844.BSU06150	31.2	321	208	6	57	367	33	350	8.14e-49	167
RCHGF001622	iYS854.USA300HOU_RS01285	37.6	425	253	7	1	420	1	418	2.61e-88	274
RCHGF001622	iCN900.CD630_23250	34.1	410	260	4	14	419	14	417	4.25e-78	248
RCHGF001623	iYS854.USA300HOU_RS01280	41.9	74	42	1	7	80	4	76	6.96e-14	61.2
RCHGF001624	iCN900.CD630_23270	32.3	130	85	1	21	150	21	147	6.82e-20	80.5
RCHGF001624	iYS854.USA300HOU_RS01275	29.5	146	103	0	9	154	8	153	7.33e-20	80.5
RCHGF001625	iML1515.b0731	35.4	82	43	3	827	898	29	110	8.82e-06	49.3
RCHGF001625	iSSON_1240.SSON_0682	35.4	82	43	3	827	898	29	110	8.82e-06	49.3
RCHGF001625	iSbBS512_1146.SbBS512_E0650	42.0	50	28	1	850	898	41	90	2.60e-05	47.8
RCHGF001629	iCN900.CD630_15340	49.3	537	265	4	2	533	3	537	3.33e-181	520
RCHGF001630	iAF987.Gmet_2731	32.7	159	106	1	11	169	11	168	3.75e-20	82.4
RCHGF001631	iAF987.Gmet_2731	31.0	171	106	3	11	180	9	168	2.06e-20	83.2
RCHGF001631	iYO844.BSU36130	25.4	173	119	3	10	180	7	171	1.73e-19	80.9
RCHGF001634	iML1515.b1985	21.4	276	213	3	16	287	42	317	3.17e-09	58.5
RCHGF001635	iHN637.CLJU_RS11545	44.0	159	82	5	1	153	1	158	9.28e-40	131
RCHGF001637	iYS854.USA300HOU_RS11635	20.4	701	492	23	2	666	7	677	3.33e-17	85.5
RCHGF001637	iML1515.b4195	30.3	132	91	1	554	684	13	144	8.41e-17	77.8
RCHGF001638	iCN900.CD630_36260	65.4	208	72	0	1	208	1	208	2.09e-97	281
RCHGF001640	iCN900.CD630_36270	50.3	296	144	2	1	296	1	293	9.33e-97	286
RCHGF001641	iAF987.Gmet_1278	39.9	193	112	1	6	198	4	192	4.53e-37	130
RCHGF001641	iJN1463.PP_0957	41.3	167	95	1	32	198	34	197	1.63e-33	121
RCHGF001642	STM_v1_0.STM2289	33.2	220	134	5	28	240	34	247	2.23e-32	119
RCHGF001642	iSSON_1240.SSON_2306	29.4	221	145	3	28	242	34	249	3.70e-29	110
RCHGF001642	iML1515.b2245	29.4	221	145	3	28	242	34	249	5.18e-29	110
RCHGF001643	iCN900.CD630_36290	50.2	426	201	3	2	425	1	417	1.53e-144	418
RCHGF001644	iCN900.CD630_36300	57.0	93	38	2	1	91	1	93	6.90e-32	106
RCHGF001645	iSbBS512_1146.SbBS512_E4725	32.9	149	98	2	1	147	1	149	2.71e-25	94.0
RCHGF001645	iML1515.b4195	32.9	149	98	2	1	147	1	149	3.82e-25	93.6
RCHGF001645	iSSON_1240.SSON_4377	32.9	149	98	2	1	147	1	149	3.82e-25	93.6
RCHGF001645	STM_v1_0.STM4385	33.6	149	97	2	1	147	1	149	5.40e-25	93.2
RCHGF001645	iSF_1195.SF4350	32.9	149	98	2	1	147	1	149	1.08e-24	92.4
RCHGF001645	iYL1228.KPN_04588	32.2	143	96	1	4	145	5	147	2.21e-24	91.7
RCHGF001645	iSDY_1059.SDY_4364	31.5	149	100	2	1	147	1	149	2.41e-23	89.0
RCHGF001645	iML1515.b2934	35.1	148	93	2	1	147	1	146	8.98e-22	84.7
RCHGF001649	iYS854.USA300HOU_RS12485	29.5	132	76	5	278	395	61	189	1.46e-05	45.8
RCHGF001650	iCN900.CD630_31280	26.8	194	100	7	4	175	2	175	1.64e-06	47.0
RCHGF001651	iYO844.BSU02360	32.8	253	149	8	1	245	1	240	8.93e-29	108
RCHGF001653	iIS312.TCDM_02681	28.7	258	161	7	1	245	1	248	8.49e-28	107
RCHGF001653	iYO844.BSU02360	30.5	256	155	9	1	245	1	244	6.39e-28	106
RCHGF001653	iYO844.BSU35020	30.0	253	152	10	1	242	1	239	6.33e-25	98.6
RCHGF001654	iIS312.TCDM_02681	30.1	266	153	9	1	251	1	248	5.40e-26	102
RCHGF001656	iCN900.CD630_32790	29.7	158	109	2	1	156	1	158	1.25e-20	82.4
RCHGF001656	iCN900.CD630_30680	25.8	155	115	0	2	156	6	160	1.41e-19	79.7
RCHGF001657	iCN900.CD630_32770	33.6	241	157	3	4	243	5	243	9.92e-44	148
RCHGF001658	iCN900.CD630_32760	36.2	265	166	3	7	271	5	266	6.61e-56	180
RCHGF001658	iCN900.CD630_10780	36.3	267	168	2	7	273	16	280	3.70e-55	179
RCHGF001659	iHN637.CLJU_RS19905	22.2	315	228	6	50	358	292	595	1.44e-10	62.4
RCHGF001660	iCN900.CD630_10740	28.4	134	84	5	2	127	3	132	9.57e-07	44.7
RCHGF001660	iCN900.CD630_04910	26.7	105	69	4	4	101	5	108	2.54e-06	43.5
RCHGF001663	iAF987.Gmet_1903	38.2	225	131	4	1	218	1	224	6.98e-33	123
RCHGF001663	iML1515.b3201	34.7	222	140	5	3	219	4	225	4.44e-32	118
RCHGF001663	iSbBS512_1146.SbBS512_E3569	34.7	222	140	5	3	219	4	225	4.44e-32	118
RCHGF001663	iSDY_1059.SDY_3382	34.7	222	140	5	3	219	4	225	4.44e-32	118
RCHGF001663	iSF_1195.SF3241	34.7	222	140	5	3	219	4	225	4.44e-32	118
RCHGF001663	iSSON_1240.SSON_3349	34.7	222	140	5	3	219	4	225	4.44e-32	118
RCHGF001663	iCN900.CD630_35300	35.6	219	137	3	3	218	4	221	2.19e-30	116
RCHGF001663	iYO844.BSU23960	34.9	238	143	6	5	233	4	238	4.83e-30	113
RCHGF001663	iYO844.BSU02750	36.6	194	120	3	20	210	23	216	7.76e-30	112
RCHGF001663	iSynCJ816.SGL_RS17160	34.7	222	139	4	1	218	1	220	6.35e-29	112
RCHGF001663	STM_v1_0.STM0878	33.9	221	138	4	3	218	20	237	1.22e-28	112
RCHGF001663	iCN900.CD630_35270	33.9	224	144	3	3	223	4	226	1.60e-28	111
RCHGF001666	iSDY_1059.SDY_4317	44.2	414	215	5	1	412	1	400	3.96e-120	355
RCHGF001666	iSF_1195.SF4088	43.5	414	218	5	1	412	1	400	8.29e-117	346
RCHGF001666	iSSON_1240.SSON_4193	45.5	367	184	5	48	412	10	362	7.76e-108	322
RCHGF001667	iML1515.b2933	59.6	463	172	3	3	462	7	457	1.62e-190	538
RCHGF001669	iYO844.BSU23760	32.8	116	52	3	22	120	49	155	3.31e-07	47.0
RCHGF001669	iPC815.YPO3758	32.3	124	57	4	15	121	42	155	6.14e-07	46.2
RCHGF001669	iML1515.b3974	32.8	122	55	4	15	119	42	153	8.37e-07	45.8
RCHGF001669	STM_v1_0.STM4139	32.8	122	55	4	15	119	42	153	8.37e-07	45.8
RCHGF001669	iSbBS512_1146.SbBS512_E4462	32.8	122	55	4	15	119	42	153	8.37e-07	45.8
RCHGF001669	iSDY_1059.SDY_3754	32.8	122	55	4	15	119	42	153	8.37e-07	45.8
RCHGF001669	iSF_1195.SF4052	32.8	122	55	4	15	119	34	145	8.30e-07	45.8
RCHGF001669	iSSON_1240.SSON_4147	32.8	122	55	4	15	119	42	153	8.37e-07	45.8
RCHGF001669	iYL1228.KPN_04352	32.0	122	56	4	15	119	44	155	3.95e-06	43.9
RCHGF001670	iYS854.USA300HOU_RS01760	37.8	143	87	2	1	141	1	143	9.54e-26	94.7
RCHGF001670	iML1515.b2934	35.8	134	85	1	10	142	12	145	1.21e-23	89.4
RCHGF001671	iYS854.USA300HOU_RS11635	22.3	507	353	16	1	480	2	494	2.61e-18	89.0
RCHGF001672	iYO844.BSU39260	46.3	482	228	4	4	474	8	469	2.46e-156	451
RCHGF001672	iML1515.b3721	44.7	485	234	7	1	474	1	462	3.17e-144	421
RCHGF001672	STM_v1_0.STM3051	44.7	488	235	7	5	474	7	477	1.61e-143	419
RCHGF001672	iCN900.CD630_31240	44.1	483	247	7	4	474	5	476	4.56e-143	418
RCHGF001672	iCN900.CD630_30960	44.3	481	245	6	6	474	5	474	5.85e-143	417
RCHGF001672	iYO844.BSU40110	43.7	494	243	8	1	474	1	479	9.77e-143	417
RCHGF001672	iML1515.b2716	42.5	485	256	6	1	474	1	473	9.45e-142	414
RCHGF001672	iSDY_1059.SDY_2912	42.5	485	256	6	1	474	1	473	3.80e-141	413
RCHGF001672	iCN900.CD630_03890	42.0	488	262	7	1	471	1	484	2.41e-140	411
RCHGF001673	iCN900.CD630_30800	45.0	100	55	0	5	104	9	108	1.04e-19	77.4
RCHGF001674	iCN900.CD630_30810	39.2	408	244	4	1	406	1	406	3.17e-96	293
RCHGF001675	iCN900.CD630_30820	41.9	105	61	0	1	105	1	105	1.59e-24	89.0
RCHGF001676	iCN900.CD630_30750	31.9	72	45	2	525	592	528	599	1.79e-04	44.3
RCHGF001680	iCN900.CD630_04940	37.2	290	153	8	2	286	11	276	4.03e-51	169
RCHGF001680	iYL1228.KPN_02335	35.5	265	148	5	27	288	38	282	2.19e-45	154
RCHGF001680	iPC815.YPO1756	32.7	269	158	5	27	292	47	295	1.08e-44	153
RCHGF001681	iCN900.CD630_04930	30.6	229	144	6	38	265	24	238	1.29e-19	85.5
RCHGF001682	iHN637.CLJU_RS08910	38.9	208	121	3	15	222	3	204	2.99e-41	140
RCHGF001682	iYS854.USA300HOU_RS00730	35.6	219	133	4	17	235	5	215	9.92e-41	139
RCHGF001682	iYS854.USA300HOU_RS11540	35.5	220	134	4	16	235	4	215	7.81e-40	136
RCHGF001682	iYO844.BSU39420	36.1	230	137	6	15	243	3	223	6.66e-39	134
RCHGF001683	iAF987.Gmet_3241	48.4	31	16	0	144	174	4	34	2.35e-05	39.7
RCHGF001685	iYO844.BSU00910	56.7	157	68	0	1	157	1	157	1.09e-64	194
RCHGF001685	iAF987.Gmet_0059	56.7	157	68	0	2	158	1	157	1.75e-63	191
RCHGF001685	iCN900.CD630_00480	55.2	154	69	0	2	155	1	154	1.88e-61	186
RCHGF001689	iML1515.b1821	40.7	182	105	2	8	187	8	188	3.05e-37	127
RCHGF001692	iCN900.CD630_21660	43.9	310	172	1	46	353	10	319	4.72e-84	257
RCHGF001693	iAM_Pc455.PCYB_122070	36.0	100	61	2	46	142	50	149	1.26e-10	59.7
RCHGF001693	iAM_Pv461.PVX_083045	34.5	113	68	4	34	142	45	155	2.45e-10	58.9
RCHGF001693	iEK1008.Rv2952	25.9	108	79	1	40	146	78	185	9.76e-09	54.3
RCHGF001696	iML1515.b3575	45.0	282	152	2	1	281	53	332	4.33e-80	244
RCHGF001696	iSF_1195.SF3619	45.0	282	152	2	1	281	53	332	6.13e-80	244
RCHGF001696	STM_v1_0.STM3668	43.6	282	156	2	1	281	53	332	2.46e-79	243
RCHGF001696	iSbBS512_1146.SbBS512_E3947	45.2	279	150	2	1	278	53	329	3.17e-79	242
RCHGF001697	iML1515.b3575	40.8	49	29	0	1	49	1	49	9.93e-09	48.5
RCHGF001697	iSbBS512_1146.SbBS512_E3947	40.8	49	29	0	1	49	1	49	9.92e-09	48.5
RCHGF001697	iSF_1195.SF3619	40.8	49	29	0	1	49	1	49	9.93e-09	48.5
RCHGF001697	STM_v1_0.STM3668	40.8	49	29	0	1	49	1	49	8.96e-08	45.8
RCHGF001698	iYS854.USA300HOU_RS00635	27.6	217	149	6	25	239	26	236	1.22e-11	62.8
RCHGF001698	iML1515.b2245	26.8	254	160	11	3	245	7	245	1.54e-10	59.7
RCHGF001698	iSSON_1240.SSON_2306	27.1	255	158	11	3	245	7	245	2.83e-10	58.9
RCHGF001698	iSbBS512_1146.SbBS512_E4885	27.1	210	144	7	37	243	36	239	1.25e-09	57.0
RCHGF001699	iYO844.BSU40040	32.4	386	236	7	1	372	1	375	1.29e-48	169
RCHGF001699	iCN900.CD630_30840	31.9	383	242	8	1	371	1	376	3.69e-48	167
RCHGF001699	iPC815.YPO3980	31.1	370	242	7	1	362	1	365	6.57e-47	164
RCHGF001699	iHN637.CLJU_RS13885	32.5	381	240	7	2	372	6	379	1.34e-46	163
RCHGF001699	STM_v1_0.STM0525	31.0	384	252	7	1	376	1	379	7.72e-45	159
RCHGF001699	iML1515.b0514	31.5	391	245	8	1	378	1	381	2.05e-44	157
RCHGF001699	iYL1228.KPN_03536	29.5	387	256	7	1	379	1	378	4.10e-43	154
RCHGF001699	iJN1463.PP_3178	30.0	377	251	6	1	369	1	372	1.07e-42	153
RCHGF001699	STM_v1_0.STM2959	30.5	383	251	7	1	375	1	376	2.12e-42	152
RCHGF001703	iCN900.CD630_31350	58.7	288	119	0	1	288	1	288	6.97e-117	337
RCHGF001704	iSF_1195.SF2158	39.4	251	147	3	3	251	4	251	4.17e-55	179
RCHGF001704	iML1515.b2096	39.0	251	148	3	3	251	4	251	2.34e-54	177
RCHGF001704	iSbBS512_1146.SbBS512_E1142	39.0	251	148	3	3	251	4	251	4.65e-54	176
RCHGF001704	iCN900.CD630_31350	37.7	257	152	3	1	253	1	253	3.24e-53	174
RCHGF001704	STM_v1_0.STM3253	35.0	286	174	5	3	282	4	283	5.18e-53	174
RCHGF001704	iPC815.YPO0844	34.3	286	176	5	3	282	4	283	5.75e-52	171
RCHGF001704	iCN900.CD630_30740	37.6	258	145	4	3	253	4	252	1.31e-51	170
RCHGF001704	iYL1228.KPN_03543	34.3	286	176	5	3	282	4	283	1.61e-51	170
RCHGF001704	iML1515.b3137	32.5	283	185	4	3	282	4	283	8.23e-49	163
RCHGF001704	iCN900.CD630_34480	37.6	255	149	5	3	253	4	252	3.00e-48	161
RCHGF001705	iYL1228.KPN_02598	41.0	349	196	5	2	346	219	561	6.91e-57	194
RCHGF001705	iJN1463.PP_0795	40.7	332	187	5	10	337	241	566	6.85e-55	189
RCHGF001705	iML1515.b2167	39.4	345	199	5	2	342	220	558	7.54e-52	180
RCHGF001705	iSbBS512_1146.SbBS512_E0796	39.4	345	199	5	2	342	220	558	7.54e-52	180
RCHGF001705	iSF_1195.SF2252	39.4	345	199	5	2	342	220	558	7.54e-52	180
RCHGF001705	iSDY_1059.SDY_2315	39.4	345	199	5	2	342	220	558	1.05e-51	180
RCHGF001705	iSSON_1240.SSON_2223	39.1	343	199	5	2	340	220	556	1.06e-50	177
RCHGF001705	STM_v1_0.STM2204	39.6	346	195	6	2	341	219	556	1.45e-50	177
RCHGF001706	iHN637.CLJU_RS12835	53.9	102	47	0	1	102	1	102	5.80e-29	100
RCHGF001706	iCN900.CD630_30140	46.2	93	50	0	2	94	4	96	3.62e-25	90.5
RCHGF001707	iCN900.CD630_30150	40.3	149	88	1	1	149	1	148	2.88e-31	109
RCHGF001708	iYS854.USA300HOU_RS11635	21.0	501	363	12	11	494	8	492	9.77e-22	99.8
RCHGF001709	iHN637.CLJU_RS10220	32.0	316	187	4	2	295	5	314	5.02e-45	154
RCHGF001710	iCN900.CD630_31240	49.5	493	223	6	3	489	4	476	1.09e-163	471
RCHGF001710	iSDY_1059.SDY_2912	48.4	498	225	7	1	490	1	474	9.74e-159	458
RCHGF001710	iML1515.b2716	48.4	498	225	7	1	490	1	474	1.38e-158	458
RCHGF001710	iNF517.LLMG_RS02245	47.5	497	225	6	6	489	5	478	1.28e-157	456
RCHGF001710	iYO844.BSU40110	46.6	504	229	7	1	489	1	479	7.53e-157	454
RCHGF001710	iCN900.CD630_30960	48.2	490	228	7	6	489	5	474	1.03e-155	451
RCHGF001710	iYO844.BSU39260	48.3	491	220	7	4	489	8	469	1.24e-155	450
RCHGF001710	iML1515.b2901	46.0	498	229	6	5	489	9	479	2.59e-152	442
RCHGF001710	iYL1228.KPN_03330	46.4	498	227	7	5	489	7	477	3.43e-152	442
RCHGF001710	STM_v1_0.STM3051	45.8	498	230	6	5	489	7	477	3.43e-152	442
RCHGF001710	iCN900.CD630_31360	45.5	495	233	7	8	489	7	477	3.92e-151	439
RCHGF001710	iSF_1195.SF2887	45.8	498	230	6	5	489	7	477	5.55e-151	439
RCHGF001710	iSSON_1240.SSON_3054	45.7	497	230	6	6	489	10	479	2.38e-150	437
RCHGF001710	iCN900.CD630_03890	47.2	500	242	7	1	490	1	488	9.12e-150	436
RCHGF001710	iSbBS512_1146.SbBS512_E3322	45.4	498	232	6	5	489	9	479	3.86e-149	434
RCHGF001710	iSSON_1240.SSON_1595	45.3	503	237	6	1	489	1	479	3.55e-147	429
RCHGF001711	iCN900.CD630_08180	47.1	70	33	1	2	71	400	465	1.30e-20	83.2
RCHGF001711	iYS854.USA300HOU_RS01380	55.7	70	26	2	6	74	413	478	3.41e-20	82.0
RCHGF001711	iML1515.b2901	55.1	69	26	2	7	74	415	479	2.02e-18	77.0
RCHGF001711	STM_v1_0.STM3051	55.1	69	26	2	7	74	413	477	2.02e-18	77.0
RCHGF001711	iSF_1195.SF2887	55.1	69	26	2	7	74	413	477	2.02e-18	77.0
RCHGF001711	iYO844.BSU40110	50.7	69	29	2	7	74	415	479	7.07e-18	75.5
RCHGF001711	iSSON_1240.SSON_3054	53.6	69	27	2	7	74	415	479	7.07e-18	75.5
RCHGF001711	iNF517.LLMG_RS02245	50.0	76	32	3	1	74	407	478	9.66e-18	75.1
RCHGF001712	iNF517.LLMG_RS01005	39.0	395	228	7	2	390	8	395	2.71e-87	272
RCHGF001712	iYO844.BSU39260	40.0	403	202	10	3	390	8	385	9.28e-86	268
RCHGF001712	iCN900.CD630_08180	38.6	391	227	6	3	390	5	385	1.00e-84	265
RCHGF001712	iCN900.CD630_30960	39.0	413	205	8	1	390	1	389	1.44e-82	259
RCHGF001712	iCN900.CD630_31240	38.3	412	209	9	1	390	3	391	2.95e-79	251
RCHGF001712	iCN900.CD630_03890	37.5	424	204	10	3	390	4	402	6.06e-78	248
RCHGF001714	iIS312.TCDM_05955	50.9	540	248	8	3	526	12	550	1.78e-178	513
RCHGF001721	iSynCJ816.SGL_RS18145	38.0	79	47	1	49	127	71	147	4.88e-08	48.9
RCHGF001723	iIT341.HP0824	38.9	90	54	1	4	92	5	94	7.02e-19	74.7
RCHGF001723	iML1515.b2582	32.7	101	66	2	3	101	37	137	1.12e-15	67.4
RCHGF001723	iSbBS512_1146.SbBS512_E2954	32.7	101	66	2	3	101	37	137	1.12e-15	67.4
RCHGF001723	iSDY_1059.SDY_2825	32.7	101	66	2	3	101	37	137	1.12e-15	67.4
RCHGF001723	iSF_1195.SF2644	32.7	101	66	2	3	101	37	137	1.12e-15	67.4
RCHGF001723	iSSON_1240.SSON_2708	32.7	101	66	2	3	101	37	137	1.12e-15	67.4
RCHGF001724	iLJ478.TM0869	46.4	295	155	3	3	295	15	308	1.42e-87	264
RCHGF001724	iHN637.CLJU_RS13735	44.2	301	161	2	3	296	2	302	1.58e-83	254
RCHGF001724	iYO844.BSU34790	41.6	308	177	3	3	308	4	310	1.69e-80	246
RCHGF001724	iYS854.USA300HOU_RS04135	42.2	308	175	3	1	306	1	307	1.16e-79	244
RCHGF001724	iNF517.LLMG_RS08000	42.4	309	173	5	1	306	1	307	6.84e-78	239
RCHGF001724	iCN718.ABAYE_RS14635	42.0	317	171	5	1	306	1	315	1.70e-77	238
RCHGF001724	iAF692.Mbar_A2898	41.0	307	173	4	5	306	1	304	1.41e-77	238
RCHGF001724	iCN718.ABAYE_RS18170	42.4	314	168	5	1	303	1	312	2.55e-77	238
RCHGF001725	iIT341.HP0818	39.7	478	274	6	38	505	75	548	1.03e-118	360
RCHGF001726	iCN900.CD630_32150	52.1	236	112	1	4	238	5	240	8.88e-82	244
RCHGF001726	iYS854.USA300HOU_RS03900	46.8	235	124	1	4	237	2	236	8.56e-73	224
RCHGF001726	iYS854.USA300HOU_RS13270	47.2	235	123	1	4	237	2	236	7.03e-71	222
RCHGF001726	iCN900.CD630_09000	45.8	236	126	2	4	237	2	237	8.79e-71	221
RCHGF001729	iNF517.LLMG_RS04935	48.5	101	50	2	6	105	4	103	7.02e-31	110
RCHGF001733	iYL1228.KPN_02061	35.7	249	159	1	10	257	4	252	7.64e-45	151
RCHGF001733	iLJ478.TM1724	36.1	252	150	1	6	257	3	243	3.24e-44	149
RCHGF001733	iYO844.BSU15910	34.0	247	151	2	12	257	8	243	7.89e-42	143
RCHGF001733	STM_v1_0.STM2835	35.3	255	161	3	10	260	4	258	1.22e-40	140
RCHGF001733	iCN900.CD630_11820	36.0	253	150	2	6	257	4	245	2.63e-40	139
RCHGF001733	iCN900.CD630_25770	32.4	253	159	3	6	257	1	242	9.30e-40	137
RCHGF001733	iAF987.Gmet_1601	35.0	257	152	3	6	260	3	246	1.89e-39	137
RCHGF001733	iSF_1195.SF2728	34.5	255	163	3	10	260	4	258	5.24e-39	136
RCHGF001734	iCN900.CD630_04920	44.4	153	84	1	1	152	1	153	2.42e-40	132
RCHGF001735	iCN900.CD630_04910	33.8	136	81	3	1	130	1	133	2.30e-16	70.5
RCHGF001735	iCN900.CD630_02840	35.0	117	72	3	1	116	1	114	6.85e-15	66.6
RCHGF001735	iPC815.YPO1758	33.1	127	82	2	2	127	3	127	7.67e-13	63.9
RCHGF001736	iSF_1195.SF1409	36.1	274	166	4	283	549	14	285	2.31e-54	185
RCHGF001736	iML1515.b1819	36.5	274	165	5	283	549	11	282	4.13e-54	184
RCHGF001736	iSbBS512_1146.SbBS512_E2085	36.5	274	165	5	283	549	11	282	4.13e-54	184
RCHGF001736	iSSON_1240.SSON_1341	36.5	274	165	5	283	549	14	285	4.50e-54	184
RCHGF001736	STM_v1_0.STM1832	35.8	274	167	4	283	549	14	285	6.29e-54	184
RCHGF001736	iYL1228.KPN_02335	35.0	274	169	4	283	549	14	285	1.77e-52	180
RCHGF001736	iPC815.YPO1756	36.6	273	164	5	283	548	23	293	3.18e-52	179
RCHGF001736	iYO844.BSU27040	35.6	275	169	4	280	548	2	274	1.41e-49	172
RCHGF001736	iCN900.CD630_04940	37.6	271	161	6	283	549	11	277	6.05e-48	167
RCHGF001737	iCN900.CD630_23240	34.7	352	205	11	1	332	1	347	5.12e-51	172
RCHGF001737	iCN900.CD630_23230	31.1	344	218	9	1	328	1	341	1.22e-45	158
RCHGF001737	iHN637.CLJU_RS11425	30.8	334	209	6	1	314	1	332	1.68e-45	158
RCHGF001737	iYO844.BSU06150	31.1	322	209	4	1	310	9	329	1.16e-44	155
RCHGF001738	iPC815.YPO0844	41.7	271	158	0	6	276	7	277	4.06e-75	230
RCHGF001738	STM_v1_0.STM3253	41.0	271	160	0	6	276	7	277	1.31e-73	226
RCHGF001738	iYL1228.KPN_03543	41.0	271	160	0	6	276	7	277	8.44e-72	222
RCHGF001738	iML1515.b3137	40.2	271	162	0	6	276	7	277	1.16e-69	216
RCHGF001738	iML1515.b2096	40.5	269	160	0	6	274	7	275	6.98e-68	212
RCHGF001738	iSbBS512_1146.SbBS512_E1142	40.5	269	160	0	6	274	7	275	9.87e-68	211
RCHGF001738	iYO844.BSU39670	39.4	279	163	3	2	277	3	278	2.36e-67	211
RCHGF001738	iSF_1195.SF2158	40.5	269	160	0	6	274	7	275	3.95e-67	210
RCHGF001741	iCN900.CD630_36270	51.1	272	132	1	4	275	15	285	1.25e-89	268
RCHGF001748	iCN900.CD630_10000	30.6	232	156	2	7	238	24	250	2.37e-29	110
RCHGF001750	iHN637.CLJU_RS01315	40.7	189	111	1	16	204	9	196	2.31e-40	136
RCHGF001756	iYO844.BSU37100	59.1	416	168	2	3	417	2	416	1.62e-170	484
RCHGF001756	iYS854.USA300HOU_RS11465	54.9	419	186	3	2	419	3	419	1.95e-154	442
RCHGF001757	iEK1008.Rv2581c	31.3	128	75	6	61	176	53	179	2.11e-05	43.9
RCHGF001757	iCHOv1.100765715	26.6	154	83	7	23	167	8	140	6.07e-05	42.7
RCHGF001757	iMM1415.14651	26.6	154	83	7	23	167	57	189	1.25e-04	42.0
RCHGF001757	iAM_Pv461.PVX_000925	26.9	119	60	4	58	167	51	151	1.11e-04	42.0
RCHGF001757	iAM_Pc455.PCYB_031410	26.1	119	61	4	58	167	49	149	1.48e-04	41.6
RCHGF001757	iAT_PLT_636.3029	26.4	174	96	8	3	167	38	188	7.20e-04	39.7
RCHGF001758	iCN900.CD630_28810	42.0	243	137	3	1	239	1	243	2.82e-59	187
RCHGF001767	iYO844.BSU40850	58.0	50	21	0	2	51	133	182	1.90e-11	57.0
RCHGF001767	iYL1228.KPN_00440	56.0	50	22	0	2	51	132	181	3.93e-11	56.2
RCHGF001767	iCN718.ABAYE_RS12475	50.0	52	26	0	2	53	151	202	2.47e-10	54.3
RCHGF001771	iAF987.Gmet_2982	28.3	99	67	2	273	368	170	267	5.52e-04	41.6
RCHGF001772	iAF987.Gmet_0987	32.5	154	101	3	359	510	364	516	1.73e-16	82.4
RCHGF001772	iAF987.Gmet_3085	29.1	182	123	4	338	516	444	622	3.28e-16	81.6
RCHGF001772	iAF987.Gmet_1706	30.6	157	106	3	359	513	153	308	7.97e-17	81.3
RCHGF001772	iAF987.Gmet_0700	31.3	160	107	3	359	516	398	556	9.50e-16	80.1
RCHGF001772	iML1515.b1490	31.7	164	101	5	359	516	298	456	9.08e-16	79.3
RCHGF001772	iAF987.Gmet_1298	34.2	158	99	4	357	510	185	341	2.02e-15	77.4
RCHGF001772	iAF987.Gmet_2425	31.4	175	112	5	351	521	182	352	2.02e-15	77.4
RCHGF001772	iAF987.Gmet_1914	33.1	157	97	5	359	510	296	449	3.77e-15	77.4
RCHGF001772	iYL1228.KPN_02455	30.7	163	108	4	359	519	188	347	7.03e-15	77.0
RCHGF001772	iJN1463.PP_4405	32.9	158	97	4	358	512	178	329	1.30e-14	74.7
RCHGF001773	iNF517.LLMG_RS01010	44.0	134	70	3	38	168	17	148	1.81e-28	102
RCHGF001775	STM_v1_0.STM0984	34.7	528	329	3	78	603	69	582	5.83e-95	302
RCHGF001775	iML1515.b0914	34.1	549	343	4	60	603	48	582	8.79e-94	299
RCHGF001775	iSbBS512_1146.SbBS512_E2410	34.1	549	343	4	60	603	48	582	8.79e-94	299
RCHGF001775	iSDY_1059.SDY_2344	34.1	549	343	4	60	603	48	582	8.79e-94	299
RCHGF001775	iSF_1195.SF0910	34.1	549	343	4	60	603	48	582	1.23e-93	299
RCHGF001775	iSSON_1240.SSON_0916	34.1	549	343	4	60	603	48	582	1.73e-93	298
RCHGF001775	iPC815.YPO1395	35.7	498	304	3	108	603	99	582	4.79e-93	297
RCHGF001775	iYL1228.KPN_00941	33.1	593	371	7	17	601	6	580	7.70e-91	291
RCHGF001775	iAF987.Gmet_2349	33.7	495	315	2	107	601	89	570	8.44e-85	275
RCHGF001776	iAF987.Gmet_2349	31.2	490	316	8	109	587	90	569	8.93e-72	241
RCHGF001776	iJN1463.PP_4935	29.6	588	380	9	10	584	23	589	6.95e-67	228
RCHGF001776	iPC815.YPO1395	28.1	488	349	2	102	587	92	579	4.67e-64	220
RCHGF001776	iYL1228.KPN_00941	27.3	535	386	3	55	587	46	579	9.02e-64	219
RCHGF001781	iAF987.Gmet_3529	32.0	272	149	10	38	297	25	272	2.19e-24	102
RCHGF001785	iYO844.BSU09290	56.2	495	215	1	1	493	1	495	2.67e-214	600
RCHGF001785	iYS854.USA300HOU_RS06545	56.0	491	214	1	1	489	1	491	7.69e-212	594
RCHGF001785	iCN718.ABAYE_RS04620	55.8	486	213	1	4	487	8	493	1.98e-203	573
RCHGF001785	iJN1463.PP_1075	55.0	491	217	1	3	493	8	494	3.58e-203	572
RCHGF001785	iYL1228.KPN_04011	54.7	490	220	1	4	491	6	495	1.92e-201	568
RCHGF001785	iCN900.CD630_13820	55.3	492	218	1	4	493	5	496	5.68e-201	567
RCHGF001785	iML1515.b3926	54.7	486	218	1	4	487	6	491	1.51e-200	566
RCHGF001785	iSSON_1240.SSON_4095	54.7	486	218	1	4	487	13	498	2.00e-200	566
RCHGF001785	iSbBS512_1146.SbBS512_E4408	54.7	486	218	1	4	487	6	491	3.04e-200	565
RCHGF001785	STM_v1_0.STM4086	54.5	486	219	1	4	487	6	491	6.11e-200	564
RCHGF001785	iSDY_1059.SDY_3818	54.5	486	219	1	4	487	6	491	8.66e-200	564
RCHGF001785	iLJ478.TM1430	54.6	474	214	1	4	476	3	476	1.41e-198	560
RCHGF001785	iNF517.LLMG_RS05580	54.9	492	220	1	4	493	13	504	9.03e-198	559
RCHGF001785	iAF987.Gmet_1676	54.1	486	222	1	3	487	2	487	1.24e-195	553
RCHGF001786	iYO844.BSU30410	22.7	331	202	12	119	415	124	434	8.97e-04	42.4
RCHGF001787	iCN900.CD630_19470	49.3	219	109	1	4	220	10	228	4.01e-68	208
RCHGF001789	iAF987.Gmet_2999	31.3	112	74	1	5	113	10	121	1.36e-11	62.8
RCHGF001789	iAF987.Gmet_0069	38.6	70	40	1	48	114	50	119	1.10e-09	57.0
RCHGF001789	iAF987.Gmet_1919	33.3	111	73	1	1	110	1	111	1.64e-09	56.6
RCHGF001792	iSynCJ816.SGL_RS16080	36.3	80	37	2	25	91	4	82	2.04e-07	51.2
RCHGF001794	iEK1008.Rv2936	37.0	227	124	5	3	216	7	227	2.19e-37	133
RCHGF001794	iCN900.CD630_16140	32.3	217	142	1	19	230	40	256	3.11e-35	125
RCHGF001794	iCHOv1.100761226	35.5	217	131	4	4	212	899	1114	1.09e-32	125
RCHGF001794	iMM1415.11303	35.5	217	131	4	4	212	899	1114	1.47e-32	124
RCHGF001797	iYO844.BSU30450	31.5	216	146	2	6	220	4	218	4.52e-32	119
RCHGF001804	iAF987.Gmet_2731	28.6	126	86	2	1	126	1	122	1.15e-10	57.4
RCHGF001805	iAF987.Gmet_2731	33.5	173	104	3	10	182	11	172	5.44e-24	92.4
RCHGF001806	iCN900.CD630_07080	38.6	453	273	3	13	462	15	465	8.49e-97	300
RCHGF001806	iSDY_1059.SDY_0480	37.5	467	288	3	15	477	16	482	9.97e-96	297
RCHGF001806	iSbBS512_1146.SbBS512_E0234	37.3	467	289	3	15	477	16	482	2.79e-95	296
RCHGF001806	iML1515.b0237	37.3	467	289	3	15	477	16	482	5.56e-95	295
RCHGF001806	iSF_1195.SF0285	37.0	467	290	3	15	477	16	482	1.10e-94	294
RCHGF001806	iSSON_1240.SSON_0279	37.0	467	290	3	15	477	16	482	4.36e-94	293
RCHGF001806	STM_v1_0.STM0316	37.2	465	288	3	15	475	16	480	4.82e-93	290
RCHGF001806	iPC815.YPO3230	36.6	465	291	3	15	475	16	480	7.72e-92	287
RCHGF001806	iYL1228.KPN_00249	36.8	446	274	4	36	475	1	444	1.75e-86	272
RCHGF001808	iYO844.BSU04570	41.7	460	257	5	4	459	1	453	6.04e-119	355
RCHGF001809	iCN900.CD630_16260	43.1	367	185	5	1	349	1	361	1.95e-101	303
RCHGF001810	iCN900.CD630_16280	39.1	376	221	2	13	388	345	712	1.54e-87	279
RCHGF001810	iAF987.Gmet_2908	37.1	372	227	4	17	387	9	374	3.13e-81	253
RCHGF001811	iCN900.CD630_16280	33.7	347	205	8	4	341	2	332	5.27e-47	169
RCHGF001819	iYS854.USA300HOU_RS09930	31.3	198	127	2	11	208	28	216	1.68e-25	104
RCHGF001820	iYS854.USA300HOU_RS09930	41.1	214	112	2	27	238	281	482	4.94e-43	152
RCHGF001821	iCN900.CD630_07520	55.1	236	106	0	4	239	1	236	7.64e-89	262
RCHGF001821	iYS854.USA300HOU_RS09925	56.1	239	103	2	4	241	3	240	8.83e-86	254
RCHGF001821	iYO844.BSU27430	53.8	238	110	0	4	241	1	238	4.11e-84	250
RCHGF001821	iNF517.LLMG_RS09915	55.1	236	106	0	4	239	5	240	8.83e-84	249
RCHGF001821	iNF517.LLMG_RS09720	54.8	239	108	0	1	239	3	241	7.39e-81	242
RCHGF001821	iYO844.BSU23960	52.5	238	113	0	4	241	1	238	2.38e-80	241
RCHGF001821	iYO844.BSU29340	53.9	241	108	1	4	241	1	241	1.25e-79	239
RCHGF001821	iYO844.BSU03590	50.4	242	116	1	4	241	1	242	6.89e-79	237
RCHGF001824	iAF987.Gmet_0697	34.7	75	40	1	105	170	80	154	1.48e-06	48.1
RCHGF001824	iPC815.YPO2899	23.9	184	124	7	90	266	65	239	2.88e-05	44.3
RCHGF001826	iNF517.LLMG_RS12135	27.0	300	204	7	8	301	3	293	6.36e-24	100
RCHGF001828	iNF517.LLMG_RS12140	39.9	343	199	4	1	341	1	338	1.14e-68	230
RCHGF001830	iYS854.USA300HOU_RS11635	23.7	523	356	15	2	494	6	515	5.05e-18	87.8
RCHGF001832	iCN900.CD630_34450	64.5	93	33	0	5	97	4	96	1.25e-37	122
RCHGF001833	iCN900.CD630_34440	77.8	108	24	0	1	108	1	108	5.64e-62	184
RCHGF001834	iCN900.CD630_34430	72.8	445	115	2	1	444	1	440	5.67e-237	654
RCHGF001835	iYS854.USA300HOU_RS08170	39.2	355	210	4	1	352	1	352	1.60e-81	252
RCHGF001836	iCN900.CD630_24840	42.7	386	217	4	3	386	2	385	8.64e-117	345
RCHGF001838	iJN1463.PP_0129	36.2	127	80	1	15	140	519	645	6.10e-20	84.3
RCHGF001838	iML1515.b1535	33.6	125	82	1	12	135	158	282	3.28e-20	83.6
RCHGF001838	iAF987.Gmet_0069	37.3	126	76	1	15	137	176	301	7.74e-19	80.1
RCHGF001847	iJN1463.PP_1144	30.1	399	269	4	8	399	323	718	3.54e-48	174
RCHGF001847	iJN1463.PP_0914	27.8	395	281	2	8	398	293	687	2.91e-48	174
RCHGF001847	iAF987.Gmet_0987	27.8	388	272	3	8	389	394	779	5.61e-47	171
RCHGF001847	iAF987.Gmet_0782	27.5	397	284	3	1	393	328	724	5.32e-47	171
RCHGF001847	iAF987.Gmet_0957	29.7	391	264	3	6	388	227	614	1.00e-46	169
RCHGF001847	iJN1463.PP_3581	28.1	388	270	3	7	388	295	679	1.72e-45	166
RCHGF001847	iAF987.Gmet_3085	28.2	393	278	2	5	393	491	883	2.49e-43	161
RCHGF001847	iAF987.Gmet_0700	28.2	387	272	4	3	384	423	808	3.75e-43	160
RCHGF001847	iYL1228.KPN_02455	29.3	382	258	6	9	385	219	593	3.82e-43	158
RCHGF001857	iMM904.YML059C	30.6	216	105	6	5	208	1373	1555	3.76e-15	77.8
RCHGF001859	iPC815.YPO0832	48.1	432	214	4	5	435	2	424	1.01e-129	381
RCHGF001859	iML1515.b3132	45.3	424	224	3	7	430	4	419	6.65e-121	358
RCHGF001861	iJN1463.PP_1761	31.2	221	143	3	222	437	341	557	1.33e-23	103
RCHGF001861	iJN1463.PP_0129	27.0	318	199	6	146	435	330	642	2.66e-22	99.4
RCHGF001861	iSbBS512_1146.SbBS512_E0302	35.9	167	102	2	270	434	198	361	1.45e-22	98.2
RCHGF001861	iML1515.b1490	29.4	218	140	4	231	435	237	453	4.58e-22	97.8
RCHGF001861	iSDY_1059.SDY_0358	35.9	167	102	2	270	434	203	366	2.09e-22	97.8
RCHGF001861	iAF987.Gmet_2425	32.5	169	111	2	269	436	179	345	3.11e-22	97.1
RCHGF001861	iAF987.Gmet_3085	31.4	191	118	3	252	433	431	617	3.45e-21	96.3
RCHGF001861	iAF987.Gmet_0069	34.5	168	105	3	271	435	136	301	3.35e-22	96.3
RCHGF001862	iNF517.LLMG_RS12010	35.5	265	146	5	32	285	28	278	3.68e-47	159
RCHGF001866	iHN637.CLJU_RS12800	68.2	782	247	1	2	781	3	784	0.0	1090
RCHGF001867	iHN637.CLJU_RS12795	54.2	301	137	1	6	306	3	302	3.11e-125	359
RCHGF001868	iHN637.CLJU_RS12790	68.8	224	70	0	1	224	1	224	1.42e-110	316
RCHGF001869	iYO844.BSU13960	51.8	278	134	0	3	280	5	282	5.03e-93	276
RCHGF001871	iCN900.CD630_28320	37.5	387	238	2	5	388	6	391	2.46e-92	282
RCHGF001880	STM_v1_0.STM0659	35.1	490	290	8	5	483	8	480	5.87e-83	270
RCHGF001880	iSbBS512_1146.SbBS512_E0599	34.9	470	264	10	5	456	8	453	5.27e-77	254
RCHGF001880	iSSON_1240.SSON_0604	35.1	470	263	10	5	456	8	453	5.27e-77	254
RCHGF001880	iML1515.b0650	34.9	470	264	10	5	456	8	453	7.37e-77	254
RCHGF001881	iYS854.USA300HOU_RS14490	28.6	224	135	7	178	386	62	275	1.09e-17	82.4
RCHGF001884	iYO844.BSU06360	47.2	508	186	3	4	430	7	513	2.17e-156	451
RCHGF001884	iYS854.USA300HOU_RS02070	45.8	509	195	4	2	430	6	513	2.01e-154	446
RCHGF001884	iNF517.LLMG_RS05125	43.3	508	206	2	4	430	7	513	1.03e-146	427
RCHGF001884	iHN637.CLJU_RS18300	43.8	511	205	4	1	430	1	510	1.82e-141	413
RCHGF001885	iML1515.b1985	21.5	288	211	5	34	311	58	340	1.83e-08	56.2
RCHGF001886	iCN900.CD630_32700	37.1	175	107	2	12	186	8	179	2.39e-29	108
RCHGF001888	iCN900.CD630_36640	21.3	202	154	1	187	383	113	314	2.11e-11	65.1
RCHGF001894	iEK1008.Rv2952	39.1	110	58	2	39	143	77	182	1.45e-12	64.3
RCHGF001894	iAF987.Gmet_0844	33.3	144	90	3	8	148	8	148	2.70e-12	63.5
RCHGF001894	iYS854.USA300HOU_RS07520	37.7	122	65	4	47	160	54	172	1.40e-11	61.2
RCHGF001897	iCN900.CD630_31240	60.2	470	186	1	1	469	3	472	4.85e-224	624
RCHGF001897	iML1515.b2716	57.0	467	200	1	3	469	4	469	1.78e-211	592
RCHGF001897	iSDY_1059.SDY_2912	57.0	467	200	1	3	469	4	469	2.53e-211	591
RCHGF001897	iCN900.CD630_30960	57.5	473	200	1	1	472	1	473	1.02e-210	590
RCHGF001898	iCN900.CD630_31250	62.8	643	236	2	1	642	1	641	2.18e-305	843
RCHGF001901	iHN637.CLJU_RS10015	59.6	550	222	0	5	554	3	552	1.09e-228	642
RCHGF001901	iCN900.CD630_20140	58.0	547	230	0	8	554	5	551	6.97e-227	637
RCHGF001901	iLJ478.TM0551	52.4	550	262	0	5	554	3	552	1.51e-204	580
RCHGF001902	iLJ478.TM0550	66.4	330	110	1	1	330	1	329	1.89e-157	443
RCHGF001902	iSynCJ816.SGL_RS17215	67.6	330	106	1	1	330	18	346	7.83e-155	437
RCHGF001902	iAF987.Gmet_1262	66.2	328	110	1	2	329	1	327	1.73e-151	428
RCHGF001902	iHN637.CLJU_RS10005	65.9	328	111	1	2	329	4	330	3.35e-151	427
RCHGF001902	iHN637.CLJU_RS10010	65.9	328	111	1	2	329	4	330	3.35e-151	427
RCHGF001902	iJN1463.PP_4678	61.9	328	124	1	2	329	1	327	1.12e-142	406
RCHGF001903	iHN637.CLJU_RS10025	40.8	157	91	2	1	156	1	156	4.03e-31	109
RCHGF001903	iAF987.Gmet_1261	39.9	153	92	0	3	155	2	154	2.04e-28	102
RCHGF001903	iSynCJ816.SGL_RS13860	41.1	151	87	2	6	155	5	154	2.05e-27	100
RCHGF001904	iHN637.CLJU_RS11515	50.2	558	270	3	1	552	1	556	8.56e-193	551
RCHGF001904	iAF692.Mbar_A0218	48.7	554	279	2	2	552	8	559	1.16e-187	539
RCHGF001904	iCN900.CD630_15660	46.4	567	284	6	1	552	1	562	2.20e-184	530
RCHGF001904	iAF987.Gmet_1260	46.4	569	284	5	1	553	1	564	2.01e-180	520
RCHGF001904	iLJ478.TM0548	44.7	552	294	3	1	545	4	551	8.48e-171	496
RCHGF001905	iHN637.CLJU_RS07395	50.0	394	195	1	4	397	8	399	3.00e-124	364
RCHGF001905	iLJ478.TM0356	45.9	394	212	1	4	397	5	397	6.78e-120	353
RCHGF001905	iAF987.Gmet_3072	46.2	392	211	0	6	397	7	398	4.54e-110	328
RCHGF001908	iAF987.Gmet_2425	34.4	183	103	5	306	476	165	342	8.07e-22	96.3
RCHGF001908	iPC815.YPO0425	32.6	178	101	4	317	483	212	381	4.40e-20	91.7
RCHGF001908	iAF987.Gmet_0700	32.5	200	121	5	292	478	355	553	6.47e-19	89.7
RCHGF001911	iYO844.BSU30420	39.1	220	123	4	3	212	2	220	1.28e-41	140
RCHGF001911	iYS854.USA300HOU_RS04405	38.0	221	130	4	3	217	2	221	2.15e-38	135
RCHGF001911	iYS854.USA300HOU_RS13040	42.4	198	106	6	3	196	2	195	4.34e-39	134
RCHGF001911	iEK1008.Rv0073	38.1	223	130	4	3	219	4	224	3.61e-37	132
RCHGF001911	STM_v1_0.STM0828	42.1	197	107	6	3	196	2	194	4.91e-37	129
RCHGF001911	iCN900.CD630_19470	37.6	218	129	3	1	212	8	224	1.01e-36	128
RCHGF001911	iML1515.b0809	41.6	197	108	6	3	196	2	194	1.93e-36	127
RCHGF001911	iSbBS512_1146.SbBS512_E2539	41.6	197	108	6	3	196	2	194	1.93e-36	127
RCHGF001911	iSDY_1059.SDY_0787	41.6	197	108	6	3	196	2	194	1.93e-36	127
RCHGF001911	iSSON_1240.SSON_0789	41.6	197	108	6	3	196	2	194	1.93e-36	127
RCHGF001914	iHN637.CLJU_RS13170	38.4	541	324	4	41	572	72	612	4.13e-129	390
RCHGF001914	iYO844.BSU10790	39.3	544	317	6	41	573	72	613	1.69e-128	389
RCHGF001916	iYS854.USA300HOU_RS13680	22.7	203	111	6	3	159	8	210	1.93e-04	40.0
RCHGF001916	iYO844.BSU07830	19.8	212	119	6	2	162	7	218	8.75e-04	38.1
RCHGF001916	iSynCJ816.SGL_RS08770	23.5	183	108	5	1	151	1	183	8.07e-04	38.1
RCHGF001922	iML1515.b1010	26.7	116	85	0	10	125	8	123	1.18e-12	60.8
RCHGF001922	iSDY_1059.SDY_0985	26.7	116	85	0	10	125	8	123	1.18e-12	60.8
RCHGF001922	iSF_1195.SF1013	25.9	116	86	0	10	125	8	123	4.86e-11	56.6
RCHGF001923	iLJ478.TM1347	25.0	60	44	1	198	257	143	201	9.62e-06	47.4
RCHGF001929	iYS854.USA300HOU_RS05760	44.6	195	106	1	1	195	1	193	6.06e-49	157
RCHGF001929	iPC815.YPO0945	44.1	188	100	3	1	184	1	187	2.46e-43	143
RCHGF001931	iAM_Pb448.PBANKA_104010	24.2	260	154	10	11	233	103	356	2.17e-06	48.1
RCHGF001931	iMM904.YDR147W	26.7	135	65	5	148	248	310	444	1.77e-05	45.4
RCHGF001936	iYO844.BSU02750	34.2	199	125	3	17	210	19	216	2.51e-35	127
RCHGF001936	iYO844.BSU23960	33.0	215	135	3	5	211	3	216	3.24e-34	124
RCHGF001936	iLJ478.TM1376	30.6	252	163	5	1	241	1	251	9.34e-32	120
RCHGF001936	iCN900.CD630_07520	33.5	221	136	4	6	216	4	223	1.87e-32	119
RCHGF001936	iLJ478.TM0421	32.3	220	142	3	6	219	6	224	3.00e-31	119
RCHGF001936	iCN900.CD630_09000	33.0	224	136	4	5	216	3	224	5.66e-31	119
RCHGF001936	STM_v1_0.STM0828	34.4	218	134	4	5	214	3	219	7.18e-32	118
RCHGF001936	iSDY_1059.SDY_0787	34.0	215	133	4	5	211	3	216	7.18e-32	118
RCHGF001936	iML1515.b0809	34.0	215	133	4	5	211	3	216	1.01e-31	117
RCHGF001936	iSbBS512_1146.SbBS512_E2539	34.0	215	133	4	5	211	3	216	1.01e-31	117
RCHGF001936	iSSON_1240.SSON_0789	34.0	215	133	4	5	211	3	216	1.01e-31	117
RCHGF001936	iYS854.USA300HOU_RS09925	30.9	220	143	3	5	216	5	223	1.48e-31	117
RCHGF001936	iYO844.BSU33830	28.9	294	185	8	14	288	13	301	1.11e-29	115
RCHGF001936	iCN900.CD630_35300	30.1	219	146	3	5	217	5	222	5.01e-30	115
RCHGF001936	iEK1008.Rv2936	32.9	219	134	4	6	215	10	224	6.97e-30	115
RCHGF001936	iSF_1195.SF0760	33.5	215	134	4	5	211	3	216	1.06e-30	115
RCHGF001936	iYL1228.KPN_00838	34.0	215	133	4	5	211	3	216	1.48e-30	114
RCHGF001938	iSF_1195.SF0538	23.2	276	199	4	3	277	4	267	2.63e-19	85.1
RCHGF001938	iML1515.b0766	23.2	276	199	4	3	277	4	267	4.99e-19	84.3
RCHGF001938	iSbBS512_1146.SbBS512_E0687	23.2	276	199	4	3	277	4	267	4.99e-19	84.3
RCHGF001938	iML1515.b0822	26.7	292	173	11	2	282	3	264	3.35e-18	82.0
RCHGF001938	iSF_1195.SF0772	26.7	292	173	11	2	282	3	264	3.35e-18	82.0
RCHGF001938	iSSON_1240.SSON_0804	26.5	291	175	11	2	282	3	264	3.35e-18	82.0
RCHGF001938	iYL1228.KPN_00856	25.8	283	187	9	2	282	3	264	4.62e-18	81.6
RCHGF001938	iSbBS512_1146.SbBS512_E2526	26.1	291	176	11	2	282	3	264	1.20e-17	80.5
RCHGF001938	STM_v1_0.STM0842	26.8	287	179	11	2	282	3	264	2.78e-16	76.6
RCHGF001939	iML1515.b2480	41.1	151	89	0	2	152	4	154	1.58e-37	125
RCHGF001939	iSbBS512_1146.SbBS512_E2852	41.1	151	89	0	2	152	4	154	1.58e-37	125
RCHGF001939	iSDY_1059.SDY_2669	41.1	151	89	0	2	152	4	154	1.58e-37	125
RCHGF001939	iSF_1195.SF2523	41.1	151	89	0	2	152	4	154	1.58e-37	125
RCHGF001939	iSSON_1240.SSON_2561	41.1	151	89	0	2	152	4	154	1.58e-37	125
RCHGF001939	iYL1228.KPN_02814	40.4	151	90	0	2	152	4	154	6.36e-37	124
RCHGF001939	iPC815.YPO3064	39.3	150	91	0	2	151	5	154	1.86e-36	122
RCHGF001939	iJN1463.PP_1235	46.3	121	65	0	10	130	11	131	5.28e-36	121
RCHGF001947	iCN900.CD630_05740	55.0	580	255	5	1	577	57	633	3.06e-234	660
RCHGF001947	iLJ478.TM0740	52.2	582	273	4	1	579	55	634	1.69e-221	628
RCHGF001954	iHN637.CLJU_RS10220	33.4	308	189	6	2	294	4	310	3.51e-47	160
RCHGF001966	iYO844.BSU29180	53.7	471	209	4	5	469	2	469	2.22e-159	463
RCHGF001966	iYS854.USA300HOU_RS09005	53.3	469	214	4	5	469	2	469	3.00e-154	450
RCHGF001966	iCN900.CD630_33940	51.9	472	223	4	1	469	1	471	8.77e-154	449
RCHGF001967	iML1515.b3916	58.6	307	125	2	1	306	1	306	3.88e-119	345
RCHGF001967	iSbBS512_1146.SbBS512_E4395	58.6	307	125	2	1	306	1	306	3.88e-119	345
RCHGF001967	iSDY_1059.SDY_3831	58.6	307	125	2	1	306	1	306	3.88e-119	345
RCHGF001967	iSSON_1240.SSON_4085	58.6	307	125	2	1	306	1	306	3.88e-119	345
RCHGF001967	STM_v1_0.STM4062	58.3	307	126	2	1	306	1	306	6.34e-118	342
RCHGF001967	iYL1228.KPN_04223	57.0	307	130	2	1	306	1	306	8.99e-118	342
RCHGF001967	iSF_1195.SF3994	58.1	301	124	2	7	306	1	300	3.94e-115	335
RCHGF001967	iYO844.BSU29190	51.6	318	153	1	2	319	1	317	5.02e-112	327
RCHGF001967	iPC815.YPO0078	53.1	322	145	3	1	317	1	321	9.96e-109	319
RCHGF001967	iNF517.LLMG_RS05680	56.9	299	125	3	2	298	1	297	1.42e-106	314
RCHGF001967	iHN637.CLJU_RS01590	52.9	314	147	1	2	315	1	313	1.96e-106	313
RCHGF001970	iYO844.BSU29060	37.4	190	117	1	4	191	5	194	1.53e-36	125
RCHGF001973	iYS854.USA300HOU_RS13005	26.8	306	193	11	25	315	34	323	1.74e-13	70.5
RCHGF001973	iNF517.LLMG_RS12035	20.2	317	209	6	1	314	1	276	2.91e-13	68.6
RCHGF001977	iHN637.CLJU_RS18510	23.8	240	156	7	1	219	1	234	7.39e-05	42.7
RCHGF001989	iYL1228.KPN_04830	36.0	125	68	5	108	223	101	222	2.30e-12	63.9
RCHGF001989	iSDY_1059.SDY_4633	25.4	228	147	8	8	223	6	222	8.18e-12	62.4
RCHGF001989	iSF_1195.SF4405	24.5	233	143	8	8	223	6	222	2.11e-11	61.2
RCHGF001989	iML1515.b4374	25.0	228	148	8	8	223	6	222	3.97e-11	60.5
RCHGF001989	iPC815.YPO2295	27.3	231	139	7	8	223	6	222	5.37e-11	60.1
RCHGF001989	iSSON_1240.SSON_4524	24.0	233	144	8	8	223	6	222	7.44e-11	59.7
RCHGF001989	iSbBS512_1146.SbBS512_E4917	24.5	233	143	8	8	223	6	222	1.91e-10	58.5
RCHGF001990	iPC815.YPO0832	25.2	361	231	13	15	353	4	347	2.04e-11	65.1
RCHGF001992	iYO844.BSU12010	42.8	332	185	4	16	342	130	461	1.92e-77	250
RCHGF001993	iHN637.CLJU_RS12835	48.0	102	49	1	1	102	1	98	1.42e-22	84.0
RCHGF001993	iCN900.CD630_30140	43.7	103	54	1	2	104	4	102	1.32e-20	79.0
RCHGF001994	iYO844.BSU12010	38.2	144	85	2	4	144	508	650	1.88e-21	89.0
RCHGF001995	iYS854.USA300HOU_RS11635	21.8	476	344	8	26	487	28	489	1.06e-23	105
RCHGF001996	iCN900.CD630_06570	23.2	380	267	9	17	382	4	372	1.71e-11	65.1
RCHGF001998	iYO844.BSU36900	66.5	406	135	1	3	408	8	412	7.58e-194	542
RCHGF001998	iYS854.USA300HOU_RS11410	67.0	403	133	0	3	405	8	410	1.06e-190	534
RCHGF001998	iAF987.Gmet_1605	65.0	403	140	1	3	405	8	409	2.24e-188	528
RCHGF001998	iLJ478.TM0720	62.4	410	146	3	3	405	9	417	2.28e-174	493
RCHGF001998	iHN637.CLJU_RS05640	59.8	405	160	2	3	407	10	411	6.76e-173	489
RCHGF002002	iYO844.BSU36920	54.8	146	64	2	1	145	1	145	1.51e-51	160
RCHGF002002	iCN900.CD630_23200	54.1	146	66	1	1	146	1	145	5.60e-49	154
RCHGF002002	iNF517.LLMG_RS04880	47.6	145	75	1	1	145	1	144	4.43e-46	146
RCHGF002002	iHN637.CLJU_RS01130	51.4	146	70	1	1	146	1	145	8.91e-46	145
RCHGF002003	iCHOv1.100752256	31.0	100	58	3	38	127	52	150	5.92e-09	52.4
RCHGF002003	iMM1415.56529	31.0	100	58	3	38	127	52	150	8.19e-09	52.0
RCHGF002003	iCHOv1.100769695	29.0	100	60	3	38	127	64	162	1.32e-08	51.6
RCHGF002003	iMM1415.66286	29.0	100	60	3	38	127	64	162	1.32e-08	51.6
RCHGF002012	iAF987.Gmet_1298	28.9	97	65	2	283	378	198	291	2.85e-04	42.4
RCHGF002014	iAF987.Gmet_0119	29.6	159	103	4	21	175	203	356	2.32e-05	44.3
RCHGF002015	iNF517.LLMG_RS05965	26.6	222	137	7	36	246	33	239	8.26e-09	57.4
RCHGF002016	iAM_Pb448.PBANKA_083310	28.2	475	286	10	3	423	6	479	5.25e-56	192
RCHGF002016	iAM_Pv461.PVX_087090	26.5	543	281	12	3	429	6	546	1.21e-48	174
RCHGF002023	iAF987.Gmet_2349	29.9	498	325	10	66	550	60	546	3.00e-54	192
RCHGF002023	iYL1228.KPN_00941	29.6	496	328	8	67	550	70	556	1.69e-51	185
RCHGF002023	STM_v1_0.STM0984	29.8	500	318	11	67	548	70	554	7.60e-49	177
RCHGF002023	iML1515.b0914	29.6	503	315	12	67	548	70	554	1.05e-48	177
RCHGF002023	iSbBS512_1146.SbBS512_E2410	29.6	503	315	12	67	548	70	554	1.05e-48	177
RCHGF002023	iSDY_1059.SDY_2344	29.6	503	315	12	67	548	70	554	1.05e-48	177
RCHGF002023	iSF_1195.SF0910	29.6	503	315	12	67	548	70	554	1.05e-48	177
RCHGF002023	iSSON_1240.SSON_0916	29.6	503	315	12	67	548	70	554	1.44e-48	177
RCHGF002023	iPC815.YPO1395	28.7	492	330	8	71	550	74	556	7.13e-48	175
RCHGF002023	iPC815.YPO1913	32.3	486	299	11	83	550	83	556	9.20e-48	175
RCHGF002024	iAF987.Gmet_2634	30.1	458	317	2	87	541	94	551	4.35e-62	214
RCHGF002024	STM_v1_0.STM0957	27.7	546	378	5	37	568	44	586	2.19e-60	210
RCHGF002024	iSDY_1059.SDY_2374	27.2	545	380	5	38	568	45	586	8.12e-60	208
RCHGF002024	iSSON_1240.SSON_0888	27.3	545	379	5	38	568	45	586	8.12e-60	208
RCHGF002024	iML1515.b0887	27.2	545	380	5	38	568	45	586	1.56e-59	207
RCHGF002024	iSF_1195.SF0846	27.2	545	380	5	38	568	45	586	3.00e-59	207
RCHGF002024	iSbBS512_1146.SbBS512_E2442	26.8	545	382	5	38	568	45	586	7.84e-58	203
RCHGF002024	iYL1228.KPN_00919	26.1	545	386	5	38	568	45	586	3.99e-57	201
RCHGF002025	iAF987.Gmet_1917	27.1	166	112	5	379	541	257	416	2.43e-12	68.6
RCHGF002025	iJN1463.PP_4405	29.2	168	111	4	379	541	164	328	1.98e-12	68.2
RCHGF002025	iAF987.Gmet_1298	29.0	162	107	4	388	541	181	342	1.30e-11	65.9
RCHGF002025	iAF987.Gmet_2425	28.4	162	101	5	390	541	186	342	1.30e-11	65.9
RCHGF002025	iYL1228.KPN_02455	32.5	154	94	4	391	537	185	335	2.56e-11	65.9
RCHGF002025	iJN1463.PP_3581	30.7	163	98	4	389	541	261	418	6.53e-11	64.7
RCHGF002025	iJN1463.PP_1144	29.2	171	116	3	376	541	275	445	8.98e-11	64.3
RCHGF002025	iML1515.b1025	26.3	160	108	3	390	541	281	438	2.48e-10	62.4
RCHGF002025	iSDY_1059.SDY_1050	28.3	159	106	4	391	541	392	550	3.00e-10	62.4
RCHGF002026	iYS854.USA300HOU_RS02990	42.0	81	47	0	1	81	1	81	4.79e-14	63.5
RCHGF002027	iYO844.BSU02360	38.4	245	149	2	1	244	1	244	2.59e-54	175
RCHGF002027	iCN900.CD630_10110	37.4	243	150	2	1	243	1	241	2.59e-54	175
RCHGF002027	iYO844.BSU35020	35.7	241	153	2	1	241	1	239	3.79e-52	169
RCHGF002027	iMM1415.26384	35.0	257	161	3	1	252	1	256	1.53e-47	159
RCHGF002027	iPC815.YPO2627	32.9	258	167	3	1	253	1	257	2.33e-47	157
RCHGF002028	iCN900.CD630_21240	27.3	297	203	6	10	296	9	302	3.23e-21	91.3
RCHGF002029	iSF_1195.SF3171	26.1	115	79	3	1	111	1	113	2.16e-04	38.5
RCHGF002031	iCN900.CD630_30690	42.7	248	140	2	22	267	21	268	4.51e-61	193
RCHGF002032	iCN900.CD630_30700	41.1	253	149	0	5	257	7	259	7.41e-60	189
RCHGF002033	iPC815.YPO1758	34.5	148	96	1	1	147	163	310	7.32e-26	99.8
RCHGF002033	iCN900.CD630_30680	34.5	145	94	1	7	150	10	154	3.10e-25	94.4
RCHGF002033	STM_v1_0.STM1830	33.1	148	98	1	1	147	161	308	1.45e-23	93.6
RCHGF002033	iML1515.b1817	31.8	148	100	1	1	147	162	309	3.97e-23	92.4
RCHGF002033	iSbBS512_1146.SbBS512_E2083	31.8	148	100	1	1	147	162	309	3.97e-23	92.4
RCHGF002033	iSF_1195.SF1411	31.8	148	100	1	1	147	162	309	3.97e-23	92.4
RCHGF002033	iSSON_1240.SSON_1343	31.8	148	100	1	1	147	162	309	3.97e-23	92.4
RCHGF002033	iYL1228.KPN_02333	33.8	148	97	1	1	147	162	309	1.07e-22	91.3
RCHGF002039	iNF517.LLMG_RS11240	38.4	276	170	0	45	320	45	320	7.47e-67	212
RCHGF002041	iCN900.CD630_31690	33.8	317	192	4	1	309	1	307	2.80e-48	163
RCHGF002042	iHN637.CLJU_RS07515	24.0	425	248	14	3	371	7	412	1.55e-10	62.0
RCHGF002044	iAF987.Gmet_1290	52.9	374	161	4	1	359	3	376	2.19e-129	375
RCHGF002044	iYO844.BSU30550	53.2	380	153	6	5	359	7	386	2.07e-127	371
RCHGF002044	iHN637.CLJU_RS01260	51.6	382	163	5	5	364	4	385	5.76e-125	364
RCHGF002044	iMM904.YDR502C	49.7	380	175	5	2	365	5	384	3.70e-124	362
RCHGF002044	iCN900.CD630_01300	48.2	390	174	5	1	364	1	388	3.72e-122	357
RCHGF002044	iAM_Pv461.PVX_099525	48.7	386	175	6	3	365	10	395	6.20e-122	357
RCHGF002044	iAM_Pc455.PCYB_072980	48.2	386	177	6	3	365	10	395	3.54e-121	355
RCHGF002044	iMM904.YLR180W	49.7	378	174	5	4	365	5	382	3.68e-121	354
RCHGF002044	iAM_Pf480.PF3D7_0922200	48.2	386	177	6	3	365	10	395	2.02e-120	353
RCHGF002044	iYS854.USA300HOU_RS09495	50.5	384	166	7	5	364	7	390	1.71e-120	353
RCHGF002044	iIT341.HP0197	51.2	369	168	4	3	359	4	372	1.64e-120	353
RCHGF002044	iAM_Pb448.PBANKA_082310	48.2	386	177	6	3	365	10	395	5.73e-120	352
RCHGF002044	STM_v1_0.STM3090	49.7	370	175	3	1	359	1	370	5.17e-119	349
RCHGF002044	iYL1228.KPN_03375	49.2	370	177	3	1	359	1	370	2.38e-117	345
RCHGF002044	iSbBS512_1146.SbBS512_E3374	49.7	370	175	3	1	359	1	370	2.38e-117	345
RCHGF002044	iML1515.b2942	49.7	370	175	3	1	359	1	370	4.78e-117	344
RCHGF002044	iSDY_1059.SDY_3130	49.7	370	175	3	1	359	1	370	4.78e-117	344
RCHGF002044	iSF_1195.SF2933	49.7	370	175	3	1	359	1	370	4.78e-117	344
RCHGF002044	iSSON_1240.SSON_3096	49.7	370	175	3	1	359	1	370	4.78e-117	344
RCHGF002044	iLJ478.TM1658	49.7	380	167	5	5	360	4	383	9.69e-117	343
RCHGF002044	iCHOv1.100758089	47.6	378	182	4	4	365	19	396	9.23e-115	338
RCHGF002046	iMM1415.232333	27.3	487	298	15	1	446	41	512	1.88e-37	144
RCHGF002046	iCHOv1.100760370	27.3	487	298	15	1	446	41	512	2.57e-37	144
RCHGF002046	iMM1415.14411	25.9	479	282	15	1	425	47	506	9.49e-36	140
RCHGF002046	iCHOv1.100752445	25.4	480	283	15	1	425	43	502	4.86e-34	135
RCHGF002046	iMM1415.243616	27.0	477	274	16	4	425	45	502	2.25e-33	133
RCHGF002046	iMM1415.14412	25.2	539	317	16	4	478	43	559	1.27e-32	130
RCHGF002047	iML1515.b0844	23.7	249	176	8	10	246	3	249	2.93e-07	50.1
RCHGF002061	iAF987.Gmet_0987	32.1	427	282	4	189	611	356	778	4.34e-57	206
RCHGF002061	iJN1463.PP_3581	31.5	444	285	6	187	621	256	689	1.65e-56	202
RCHGF002061	iAF987.Gmet_2629	30.4	398	272	4	225	621	419	812	1.90e-51	190
RCHGF002069	iYL1228.KPN_00941	26.1	505	358	8	60	555	76	574	4.43e-44	164
RCHGF002069	iJN1463.PP_4935	25.9	502	353	10	63	554	94	586	6.97e-43	161
RCHGF002069	iPC815.YPO1395	26.1	486	344	8	79	555	95	574	1.02e-42	160
RCHGF002069	iSF_1195.SF0910	25.3	502	366	6	60	555	76	574	8.12e-41	155
RCHGF002069	iSSON_1240.SSON_0916	25.3	502	366	6	60	555	76	574	8.12e-41	155
RCHGF002069	iML1515.b0914	25.3	502	366	6	60	555	76	574	1.11e-40	155
RCHGF002069	iSbBS512_1146.SbBS512_E2410	25.3	502	366	6	60	555	76	574	1.11e-40	155
RCHGF002069	iSDY_1059.SDY_2344	25.3	502	366	6	60	555	76	574	1.11e-40	155
RCHGF002069	STM_v1_0.STM0984	24.5	503	369	6	60	555	76	574	2.06e-40	154
RCHGF002072	iML1515.b1655	38.5	122	67	5	218	333	145	264	1.03e-16	78.6
RCHGF002089	iYO844.BSU17410	26.9	186	124	6	1	179	2	182	6.01e-09	55.5
RCHGF002089	iYS854.USA300HOU_RS07655	25.1	187	112	5	2	164	180	362	3.93e-08	53.9
RCHGF002102	iSSON_1240.SSON_1635	28.9	418	288	5	47	460	387	799	5.37e-55	196
RCHGF002102	iML1515.b1489	28.9	418	288	5	47	460	379	791	3.36e-54	193
RCHGF002102	iSbBS512_1146.SbBS512_E1752	28.9	418	288	5	47	460	387	799	3.60e-54	193
RCHGF002102	iAF987.Gmet_2629	32.3	387	243	8	76	451	420	798	2.97e-51	185
RCHGF002102	iAF987.Gmet_0987	29.3	430	284	9	46	462	363	785	3.01e-50	182
RCHGF002102	iAF987.Gmet_0700	31.4	421	272	10	46	454	397	812	6.73e-50	181
RCHGF002102	iYL1228.KPN_02455	31.5	416	267	11	46	452	187	593	4.61e-50	179
RCHGF002102	iJN1463.PP_3581	28.6	437	298	8	34	461	254	685	4.16e-49	178
RCHGF002103	iAF987.Gmet_0782	32.4	438	275	5	309	733	291	720	2.89e-61	219
RCHGF002103	iAF987.Gmet_0700	33.8	426	273	5	309	727	384	807	7.53e-60	216
RCHGF002103	iAF987.Gmet_0957	31.6	431	289	4	309	733	185	615	1.71e-59	212
RCHGF002103	iAF987.Gmet_2629	30.7	437	283	7	308	732	374	802	1.28e-56	207
RCHGF002103	iAF987.Gmet_0987	31.3	428	289	3	309	731	350	777	6.13e-56	204
RCHGF002103	iJN1463.PP_0914	32.2	438	280	7	309	735	249	680	1.79e-56	204
RCHGF002103	iJN1463.PP_1144	30.3	422	279	5	316	727	286	702	3.96e-56	204
RCHGF002106	iYO844.BSU30420	43.1	204	111	1	15	213	18	221	8.29e-54	172
RCHGF002106	iCN900.CD630_19470	40.4	218	125	1	3	215	10	227	2.20e-50	163
RCHGF002106	iJN1463.PP_4210	43.3	215	115	4	7	215	10	223	1.17e-46	163
RCHGF002109	iYO844.BSU05810	35.3	51	33	0	76	126	51	101	4.76e-08	47.4
RCHGF002118	iHN637.CLJU_RS03255	61.6	635	242	2	5	638	6	639	5.73e-273	761
RCHGF002118	iCN900.CD630_08330	62.6	631	234	2	4	633	5	634	1.08e-270	755
RCHGF002118	iHN637.CLJU_RS15025	56.5	626	265	2	18	637	1	625	2.01e-245	691
RCHGF002119	iNF517.LLMG_RS03315	43.5	437	242	2	10	444	8	441	4.20e-124	367
RCHGF002120	iHN637.CLJU_RS03260	53.0	328	154	0	4	331	5	332	3.63e-119	346
RCHGF002120	iCN900.CD630_08340	52.9	327	153	1	1	327	1	326	7.63e-115	335
RCHGF002126	iHN637.CLJU_RS02950	51.6	401	194	0	14	414	17	417	3.13e-139	404
RCHGF002126	iLJ478.TM0293	46.3	397	213	0	18	414	18	414	5.93e-131	382
RCHGF002126	iYO844.BSU13130	51.1	403	197	0	12	414	12	414	2.73e-129	378
RCHGF002126	iNF517.LLMG_RS04530	47.3	412	216	1	4	414	2	413	2.70e-126	370
RCHGF002126	iSF_1195.SF0293	45.1	415	224	1	4	414	2	416	1.75e-125	369
RCHGF002126	iCN718.ABAYE_RS16300	45.1	412	225	1	4	414	9	420	5.66e-125	367
RCHGF002126	iSDY_1059.SDY_0473	45.5	415	222	2	4	414	2	416	4.97e-125	367
RCHGF002126	iML1515.b0243	44.8	415	225	1	4	414	2	416	7.04e-125	367
RCHGF002126	iSSON_1240.SSON_0285	44.8	415	225	1	4	414	2	416	7.04e-125	367
RCHGF002126	iSbBS512_1146.SbBS512_E0240	44.8	415	225	1	4	414	2	416	2.83e-124	365
RCHGF002127	iHN637.CLJU_RS02945	48.7	261	134	0	2	262	6	266	5.92e-76	231
RCHGF002127	iAF987.Gmet_3198	45.9	255	138	0	4	258	6	260	1.33e-69	218
RCHGF002128	iCHOv1.100754792	38.8	675	359	15	7	638	369	1032	8.08e-133	416
RCHGF002133	iHN637.CLJU_RS05810	38.0	303	184	3	2	304	10	308	2.67e-71	222
RCHGF002133	iHN637.CLJU_RS19615	35.7	300	188	3	2	297	11	309	2.28e-68	215
RCHGF002133	iCN900.CD630_01550	34.6	301	187	6	3	296	8	305	4.05e-63	201
RCHGF002134	iCN900.CD630_32820	68.4	789	247	1	4	792	3	789	0.0	1144
RCHGF002135	iCN900.CD630_14950	54.0	265	122	0	3	267	2	266	6.64e-99	290
RCHGF002135	iCN900.CD630_32810	56.8	266	115	0	3	268	2	267	2.19e-97	286
RCHGF002135	iHN637.CLJU_RS18405	53.7	268	124	0	1	268	1	268	1.22e-87	261
RCHGF002137	iML1515.b3885	24.2	194	131	5	6	190	4	190	1.74e-07	49.3
RCHGF002142	iEK1008.Rv3113	28.2	181	125	4	7	185	9	186	1.71e-16	74.7
RCHGF002144	iYS854.USA300HOU_RS11545	48.1	235	116	4	3	235	5	235	7.43e-63	196
RCHGF002144	iYO844.BSU19630	46.9	228	118	1	5	232	4	228	4.59e-58	183
RCHGF002144	iYS854.USA300HOU_RS00720	46.2	234	119	5	2	232	3	232	1.38e-57	182
RCHGF002145	iYO844.BSU23500	60.4	381	149	2	4	384	6	384	8.04e-166	469
RCHGF002145	iHN637.CLJU_RS08920	55.7	395	172	2	1	395	1	392	2.62e-159	453
RCHGF002145	iYS854.USA300HOU_RS00735	54.7	395	174	4	2	396	3	392	1.82e-154	441
RCHGF002148	iYS854.USA300HOU_RS06015	28.9	287	186	7	1	282	1	274	1.82e-27	108
RCHGF002148	iCN900.CD630_25960	28.2	273	180	6	1	270	4	263	3.34e-26	105
RCHGF002148	iNF517.LLMG_RS07670	27.4	266	173	5	6	267	6	255	2.28e-25	102
RCHGF002148	iCN900.CD630_10600	29.4	248	158	4	36	282	42	273	4.17e-24	99.4
RCHGF002148	iSDY_1059.SDY_2837	27.4	274	167	7	6	270	11	261	8.63e-24	99.0
RCHGF002148	STM_v1_0.STM2662	27.1	269	174	6	6	270	11	261	1.19e-23	98.6
RCHGF002149	iHN637.CLJU_RS04420	43.2	391	206	5	7	387	5	389	8.61e-97	295
RCHGF002152	iAM_Pc455.PCYB_012040	41.7	60	35	0	313	372	419	478	5.59e-08	55.8
RCHGF002152	iCHOv1.100766909	38.1	63	39	0	314	376	376	438	7.10e-08	55.5
RCHGF002152	iMM1415.21871	38.1	63	39	0	314	376	365	427	7.07e-08	55.5
RCHGF002152	iAM_Pf480.PF3D7_0806800	40.0	60	36	0	313	372	444	503	7.51e-08	55.5
RCHGF002152	iAM_Pv461.PVX_088205	40.0	60	36	0	313	372	426	485	9.69e-08	55.1
RCHGF002152	iAM_Pb448.PBANKA_122380	40.0	60	36	0	313	372	412	471	1.66e-07	54.3
RCHGF002152	iMM1415.11975	36.0	75	44	1	314	388	367	437	2.13e-07	53.9
RCHGF002152	iCHOv1.100756648	36.0	75	44	1	314	388	367	437	2.77e-07	53.5
RCHGF002152	iMM1415.27060	36.2	58	37	0	315	372	359	416	2.76e-07	53.5
RCHGF002152	iCHOv1.100755303	36.2	58	37	0	315	372	359	416	3.64e-07	53.1
RCHGF002152	iMM1415.140494	36.1	61	39	0	312	372	360	420	6.29e-07	52.4
RCHGF002152	iCHOv1.100769769	37.9	58	36	0	315	372	363	420	8.27e-07	52.0
RCHGF002152	iAF692.Mbar_A0391	21.6	190	137	4	189	370	184	369	9.90e-07	51.6
RCHGF002153	iAF692.Mbar_A0390	38.3	60	37	0	83	142	19	78	1.05e-04	38.5
RCHGF002153	iAF692.Mbar_A0378	36.7	60	38	0	83	142	19	78	1.46e-04	38.1
RCHGF002156	iCN900.CD630_29560	50.7	560	273	2	1	558	1	559	2.37e-195	560
RCHGF002156	iAF692.Mbar_A0386	50.9	554	266	3	6	559	7	554	4.18e-195	558
RCHGF002157	iMM904.YBR127C	53.9	464	207	1	3	459	26	489	4.61e-185	526
RCHGF002157	iMM1415.11966	54.4	465	205	1	3	460	45	509	2.01e-182	520
RCHGF002157	iCHOv1.100774665	54.4	465	205	1	3	460	45	509	2.84e-182	519
RCHGF002157	iCN900.CD630_29550	53.7	458	211	1	1	458	1	457	3.56e-182	517
RCHGF002157	iAF692.Mbar_A0385	53.8	459	210	2	1	459	1	457	3.22e-181	514
RCHGF002157	iMM1415.110935	54.2	463	205	1	5	460	41	503	5.71e-180	513
RCHGF002157	iCHOv1.100756094	54.2	463	205	1	5	460	41	503	8.09e-180	513
RCHGF002157	iAM_Pb448.PBANKA_100380	52.6	464	214	1	3	460	30	493	2.42e-179	511
RCHGF002157	iAM_Pf480.PF3D7_0406100	53.0	464	212	1	3	460	30	493	6.88e-179	510
RCHGF002157	iAM_Pc455.PCYB_031390	52.8	464	213	1	3	460	30	493	9.75e-179	509
RCHGF002157	iAM_Pv461.PVX_000935	53.0	464	212	1	3	460	30	493	1.38e-178	509
RCHGF002158	iAF692.Mbar_A0384	30.3	201	135	2	4	199	3	203	1.42e-19	82.8
RCHGF002158	iCN900.CD630_29540	28.4	204	141	2	1	199	1	204	2.64e-19	82.4
RCHGF002164	iSynCJ816.SGL_RS10930	26.5	486	240	11	5	389	8	477	2.94e-26	113
RCHGF002164	iSynCJ816.SGL_RS17200	24.0	484	250	12	9	389	10	478	1.14e-23	105
RCHGF002164	iEK1008.Rv0684	24.4	491	257	14	1	389	7	485	3.58e-23	103
RCHGF002165	iAF692.Mbar_A0408	33.3	228	114	7	247	437	14	240	2.89e-25	103
RCHGF002169	iYS854.USA300HOU_RS11805	21.6	227	156	4	20	224	8	234	3.45e-06	48.5
RCHGF002174	iLJ478.TM1287	25.9	85	62	1	88	171	33	117	1.80e-05	42.0
RCHGF002175	iCN900.CD630_10240	65.9	305	104	0	4	308	3	307	1.05e-142	414
RCHGF002176	iCN900.CD630_10250	49.8	283	133	5	1	281	1	276	4.00e-94	278
RCHGF002177	iNF517.LLMG_RS06715	41.7	321	172	7	306	625	35	341	9.83e-71	232
RCHGF002177	iCN900.CD630_10260	53.2	231	107	1	20	249	2	232	3.48e-70	227
RCHGF002177	iCN900.CD630_10270	38.8	322	188	5	309	628	34	348	2.82e-66	220
RCHGF002177	iYS854.USA300HOU_RS05500	37.3	314	186	5	309	614	37	347	2.84e-62	210
RCHGF002185	iYS854.USA300HOU_RS04940	51.9	324	156	0	1	324	1	324	2.32e-117	341
RCHGF002185	iCN900.CD630_26100	53.2	325	150	2	2	325	5	328	7.55e-117	340
RCHGF002185	iPC815.YPO0157	52.3	325	152	2	4	325	18	342	1.08e-109	322
RCHGF002185	STM_v1_0.STM3481	51.4	325	155	2	4	325	6	330	1.18e-108	319
RCHGF002185	iSDY_1059.SDY_3695	50.8	325	157	2	4	325	6	330	1.36e-107	317
RCHGF002185	iSSON_1240.SSON_3515	50.5	325	158	2	4	325	6	330	1.10e-106	314
RCHGF002185	iSbBS512_1146.SbBS512_E3761	50.5	325	158	2	4	325	6	330	1.56e-106	314
RCHGF002185	iSF_1195.SF3402	50.5	325	158	2	4	325	6	330	1.56e-106	314
RCHGF002185	iYL1228.KPN_03755	50.2	325	159	2	4	325	6	330	3.59e-105	310
RCHGF002187	iCN900.CD630_12120	33.8	65	39	1	2	66	3	63	5.13e-05	38.1
RCHGF002188	iYO844.BSU26600	39.4	71	40	2	2	71	84	152	1.28e-05	40.0
RCHGF002188	iCN900.CD630_12120	38.0	71	41	2	1	70	76	144	4.55e-05	38.5
RCHGF002191	iCN900.CD630_13320	52.3	281	120	4	3	282	6	273	2.16e-87	261
RCHGF002192	iYO844.BSU15200	38.8	441	257	7	2	431	9	447	9.41e-98	300
RCHGF002192	iYS854.USA300HOU_RS05945	38.9	442	256	10	3	435	10	446	1.09e-92	286
RCHGF002192	iNF517.LLMG_RS04655	37.6	436	261	6	3	429	10	443	5.19e-87	272
RCHGF002193	iYO844.BSU15190	51.5	301	144	2	21	319	22	322	4.07e-97	289
RCHGF002193	iYS854.USA300HOU_RS05940	47.0	313	162	1	11	319	8	320	4.45e-93	279
RCHGF002194	iYO844.BSU15180	35.1	473	265	12	8	452	18	476	1.43e-71	234
RCHGF002194	iAF987.Gmet_0407	33.0	479	281	7	15	456	23	498	1.40e-67	224
RCHGF002194	iHN637.CLJU_RS05190	32.3	465	281	8	18	460	26	478	7.48e-67	221
RCHGF002195	iAF987.Gmet_0406	32.8	641	394	12	18	631	21	651	1.66e-98	315
RCHGF002197	iSynCJ816.SGL_RS16080	27.9	68	47	1	3	68	7	74	9.68e-05	43.1
RCHGF002200	iYO844.BSU30420	43.3	208	116	1	15	220	14	221	5.03e-57	181
RCHGF002200	iCN900.CD630_19470	40.9	215	127	0	8	222	13	227	3.69e-56	179
RCHGF002200	iSbBS512_1146.SbBS512_E0193	43.8	201	112	1	4	204	1	200	1.02e-53	176
RCHGF002200	iSSON_1240.SSON_0213	43.8	201	112	1	4	204	1	200	1.02e-53	176
RCHGF002200	iML1515.b0199	43.3	201	113	1	4	204	1	200	1.44e-53	176
RCHGF002200	iSDY_1059.SDY_0218	43.3	201	113	1	4	204	1	200	2.03e-53	175
RCHGF002200	iYL1228.KPN_00213	43.8	201	112	1	4	204	1	200	8.00e-53	174
RCHGF002200	iSF_1195.SF0190	43.3	201	113	1	4	204	1	200	8.00e-53	174
RCHGF002200	STM_v1_0.STM0247	43.3	201	113	1	4	204	1	200	6.27e-52	171
RCHGF002200	iPC815.YPO1073	41.8	201	116	1	4	204	1	200	7.59e-50	166
RCHGF002200	iJN1463.PP_4210	37.0	227	141	2	4	229	5	230	1.48e-46	163
RCHGF002200	iSynCJ816.SGL_RS17160	39.6	217	120	3	7	222	5	211	1.11e-48	163
RCHGF002200	iJN1463.PP_0114	42.4	205	113	3	1	204	1	201	9.65e-49	163
RCHGF002202	iAF987.Gmet_2999	30.3	142	84	3	45	180	52	184	2.98e-11	61.6
RCHGF002203	iYS854.USA300HOU_RS05935	31.8	674	417	15	60	719	65	709	9.67e-91	299
RCHGF002203	iNF517.LLMG_RS08445	29.7	718	448	18	41	721	66	763	1.16e-81	275
RCHGF002204	iYS854.USA300HOU_RS05935	33.0	681	409	15	56	719	59	709	5.98e-96	313
RCHGF002206	iNF517.LLMG_RS08455	56.6	311	131	3	3	311	4	312	8.98e-114	331
RCHGF002209	iPC815.YPO3388	34.3	408	245	9	63	456	79	477	2.07e-53	187
RCHGF002209	iYL1228.KPN_00170	33.3	426	263	10	31	441	43	462	1.83e-52	184
RCHGF002209	STM_v1_0.STM0203	32.8	418	262	9	31	434	43	455	2.57e-50	179
RCHGF002209	iML1515.b0155	35.7	364	213	9	85	434	99	455	1.32e-49	177
RCHGF002209	iSSON_1240.SSON_0167	35.7	364	213	9	85	434	99	455	1.32e-49	177
RCHGF002209	iSDY_1059.SDY_0171	35.7	364	213	9	85	434	99	455	1.83e-49	176
RCHGF002209	iSbBS512_1146.SbBS512_E0147	35.4	364	214	9	85	434	99	455	4.89e-49	175
RCHGF002209	iSF_1195.SF0147	35.4	364	214	9	85	434	99	455	4.89e-49	175
RCHGF002213	iML1515.b3850	24.1	145	95	3	1	131	1	144	9.16e-04	37.7
RCHGF002213	iSDY_1059.SDY_3895	24.1	145	95	3	1	131	1	144	9.16e-04	37.7
RCHGF002216	iCN900.CD630_18070	32.5	80	50	4	19	97	34	110	3.35e-05	42.0
RCHGF002217	iSSON_1240.SSON_3344	27.2	290	182	6	12	285	14	290	2.11e-16	78.2
RCHGF002217	iML1515.b3196	27.2	290	182	6	12	285	14	290	2.87e-16	77.8
RCHGF002217	iSbBS512_1146.SbBS512_E3574	26.9	290	183	6	12	285	14	290	1.80e-15	75.5
RCHGF002217	iSDY_1059.SDY_3377	27.2	290	178	7	12	285	14	286	1.74e-15	75.5
RCHGF002217	iSF_1195.SF3236	26.9	290	179	7	12	285	14	286	1.09e-14	73.2
RCHGF002217	iPC815.YPO3576	28.5	277	182	7	27	296	29	296	5.07e-14	71.2
RCHGF002218	iCN900.CD630_26960	50.0	386	190	2	2	384	3	388	1.79e-140	405
RCHGF002219	iYO844.BSU30450	30.4	217	148	2	4	217	1	217	9.12e-30	112
RCHGF002233	iMM904.YML059C	27.2	184	108	5	4	175	1371	1540	5.68e-06	47.4
RCHGF002237	iAF987.Gmet_1706	39.1	115	63	3	5	115	3	114	7.70e-15	72.0
RCHGF002237	iAF987.Gmet_0069	38.2	123	71	3	1	118	1	123	2.50e-14	70.5
RCHGF002237	iAF987.Gmet_2999	24.4	209	129	4	5	210	10	192	3.79e-13	67.4
RCHGF002238	iYO844.BSU35010	26.3	384	262	9	4	368	6	387	1.56e-37	139
RCHGF002238	iCN900.CD630_10100	25.7	327	231	6	45	365	50	370	1.52e-37	138
RCHGF002238	iYS854.USA300HOU_RS03790	28.9	387	248	10	4	366	5	388	7.64e-37	137
RCHGF002238	iEK1008.Rv3332	29.0	369	229	10	19	364	19	377	3.17e-33	127
RCHGF002238	STM_v1_0.STM0683	30.1	332	219	8	42	365	50	376	6.18e-33	126
RCHGF002238	iPC815.YPO2626	28.9	367	228	12	25	369	25	380	5.88e-33	126
RCHGF002238	iYL1228.KPN_00698	28.4	363	239	9	23	369	23	380	8.28e-33	125
RCHGF002240	iML1515.b1655	43.0	93	42	6	308	391	151	241	9.33e-08	52.8
RCHGF002241	iAF987.Gmet_1671	30.0	611	400	13	9	606	14	609	1.59e-69	237
RCHGF002241	iJN1463.PP_4683	29.3	529	349	13	50	559	160	682	1.06e-67	234
RCHGF002241	iPC815.YPO3393	30.5	512	329	12	68	559	225	729	3.68e-61	217
RCHGF002243	iYS854.USA300HOU_RS03230	51.1	513	245	3	1	508	4	515	2.04e-187	535
RCHGF002246	iNF517.LLMG_RS10940	63.1	206	73	2	4	206	6	211	1.26e-91	266
RCHGF002246	iYO844.BSU36890	63.2	204	74	1	4	206	6	209	4.52e-89	260
RCHGF002246	iYS854.USA300HOU_RS11405	60.3	204	80	1	4	206	6	209	8.62e-87	254
RCHGF002246	iHN637.CLJU_RS01135	59.3	209	82	2	1	206	1	209	1.22e-86	254
RCHGF002246	iCN900.CD630_34790	60.2	201	79	1	7	206	9	209	1.42e-85	251
RCHGF002249	iCN900.CD630_34740	36.7	221	129	7	16	228	11	228	2.42e-32	117
RCHGF002249	iHN637.CLJU_RS01160	35.3	204	123	4	20	222	21	216	1.31e-29	110
RCHGF002250	iHN637.CLJU_RS01165	54.2	72	33	0	7	78	8	79	5.19e-17	68.2
RCHGF002251	iCN900.CD630_34720	40.8	147	87	0	21	167	17	163	3.74e-09	52.8
RCHGF002252	iSynCJ816.SGL_RS02680	31.1	164	112	1	6	168	11	174	3.75e-19	80.1
RCHGF002253	iAF987.Gmet_3408	66.3	501	168	1	1	500	1	501	7.05e-234	651
RCHGF002253	iHN637.CLJU_RS01180	65.4	500	173	0	1	500	1	500	5.63e-231	644
RCHGF002253	iCN900.CD630_34700	66.9	475	157	0	1	475	1	475	2.65e-228	637
RCHGF002253	iYO844.BSU36830	61.8	500	189	1	1	500	1	498	3.48e-217	608
RCHGF002253	iYS854.USA300HOU_RS11370	61.0	500	193	1	1	500	1	498	1.25e-212	597
RCHGF002253	iLJ478.TM1612	59.2	502	204	1	1	501	1	502	1.05e-211	595
RCHGF002254	iCN900.CD630_34690	37.6	290	167	5	3	279	4	292	5.63e-56	181
RCHGF002254	iYS854.USA300HOU_RS11365	35.3	283	173	4	7	279	6	288	2.48e-53	174
RCHGF002254	iPC815.YPO4122	37.3	287	168	6	3	278	2	287	5.93e-51	168
RCHGF002255	iCN900.CD630_34680	73.9	460	118	2	4	462	3	461	1.52e-241	667
RCHGF002255	iHN637.CLJU_RS01190	71.9	459	127	2	4	462	3	459	1.84e-235	652
RCHGF002255	iAF987.Gmet_3406	69.2	468	140	2	1	464	1	468	1.45e-231	642
RCHGF002255	iYO844.BSU36810	69.7	466	134	2	6	464	4	469	6.83e-226	628
RCHGF002255	iMM1415.11947	68.7	466	138	3	5	464	60	523	3.91e-222	620
RCHGF002255	iCHOv1.100763024	68.5	466	139	3	5	464	65	528	2.68e-221	619
RCHGF002255	iAT_PLT_636.506	68.2	466	140	3	5	464	60	523	3.19e-221	618
RCHGF002255	iMM904.YJR121W	68.4	465	141	2	5	464	43	506	1.68e-221	618
RCHGF002255	iPC815.YPO4121	68.5	460	143	2	5	464	3	460	5.14e-220	612
RCHGF002255	iNF517.LLMG_RS09735	69.0	468	136	5	4	464	2	467	2.03e-219	611
RCHGF002255	iLJ478.TM1610	67.2	460	150	1	6	464	7	466	7.95e-219	610
RCHGF002255	iML1515.b3732	68.3	460	144	2	5	464	3	460	1.39e-217	606
RCHGF002255	iSbBS512_1146.SbBS512_E4189	68.3	460	144	2	5	464	3	460	1.39e-217	606
RCHGF002255	iSF_1195.SF3812	68.3	460	144	2	5	464	3	460	1.39e-217	606
RCHGF002255	iSSON_1240.SSON_3887	68.3	460	144	2	5	464	3	460	1.39e-217	606
RCHGF002255	STM_v1_0.STM3865	68.0	460	145	2	5	464	3	460	2.80e-217	605
RCHGF002255	iYS854.USA300HOU_RS11360	67.0	461	148	2	6	462	4	464	8.07e-217	605
RCHGF002255	iYL1228.KPN_04137	67.8	460	146	2	5	464	3	460	8.00e-217	604
RCHGF002255	iSDY_1059.SDY_4016	68.0	460	145	2	5	464	3	460	1.13e-216	604
RCHGF002255	iIT341.HP1132	65.5	469	158	2	1	466	1	468	6.36e-216	602
RCHGF002255	iSynCJ816.SGL_RS09705	65.0	472	154	2	4	464	9	480	6.04e-215	600
RCHGF002256	iHN637.CLJU_RS01195	39.8	128	76	1	1	127	4	131	1.55e-23	88.2
RCHGF002259	iCN900.CD630_00410	40.2	127	75	1	14	140	11	136	4.83e-23	88.6
RCHGF002259	iCN900.CD630_23270	32.4	145	97	1	12	156	9	152	5.10e-22	85.9
RCHGF002259	iCN900.CD630_22820	34.3	137	89	1	13	149	4	139	4.02e-20	80.9
RCHGF002259	iYS854.USA300HOU_RS01275	34.2	152	96	2	7	155	3	153	4.76e-20	80.9
RCHGF002260	iCN900.CD630_00420	34.7	98	55	3	2	96	8	99	4.36e-10	51.6
RCHGF002261	iYS854.USA300HOU_RS01285	32.6	384	254	4	1	380	1	383	6.32e-58	196
RCHGF002261	iYL1228.KPN_03550	32.6	389	252	4	3	384	1	386	6.26e-57	194
RCHGF002261	iCN900.CD630_00430	33.6	381	242	5	11	383	7	384	9.55e-57	193
RCHGF002261	iSbBS512_1146.SbBS512_E1146	33.2	389	250	4	3	384	1	386	5.33e-56	191
RCHGF002261	STM_v1_0.STM3260	31.6	389	256	4	3	384	1	386	2.32e-55	190
RCHGF002261	iSF_1195.SF2154	32.6	389	252	4	3	384	1	386	1.51e-54	187
RCHGF002263	iYS854.USA300HOU_RS03515	45.7	326	172	2	1	326	2	322	1.20e-95	286
RCHGF002264	iML1515.b1199	30.2	202	141	0	5	206	3	204	2.39e-34	121
RCHGF002264	iSbBS512_1146.SbBS512_E1358	30.2	202	141	0	5	206	3	204	2.39e-34	121
RCHGF002264	iSF_1195.SF1202	30.2	202	141	0	5	206	3	204	6.69e-34	120
RCHGF002264	iYL1228.KPN_03496	29.7	202	142	0	5	206	3	204	4.94e-30	110
RCHGF002265	iYO844.BSU06150	33.3	339	203	9	2	330	9	334	4.72e-53	178
RCHGF002267	iHN637.CLJU_RS20985	43.1	260	143	3	2	257	12	270	2.26e-75	230
RCHGF002268	iCN900.CD630_22770	46.6	219	113	2	1	219	1	215	1.18e-65	201
RCHGF002270	iYO844.BSU24310	55.6	279	121	3	3	280	4	280	6.18e-102	298
RCHGF002270	iAF987.Gmet_1162	53.4	281	128	3	1	280	1	279	4.36e-100	294
RCHGF002270	iYS854.USA300HOU_RS05295	56.6	274	114	4	4	275	5	275	5.19e-99	291
RCHGF002270	iSynCJ816.SGL_RS13155	51.6	283	129	3	4	280	10	290	1.93e-93	277
RCHGF002270	iNF517.LLMG_RS08520	53.5	275	125	3	4	277	3	275	4.09e-93	276
RCHGF002270	iIT341.HP0577	50.4	278	136	2	4	280	10	286	1.46e-92	275
RCHGF002275	iML1515.b4173	48.9	45	23	0	4	48	199	243	9.23e-06	47.0
RCHGF002275	iJN1463.PP_4893	48.9	45	23	0	4	48	200	244	9.32e-06	47.0
RCHGF002275	iAF692.Mbar_A1452	39.1	46	28	0	3	48	6	51	4.56e-05	45.1
RCHGF002275	iYL1228.KPN_03779	36.4	55	34	1	3	57	4	57	1.45e-04	43.5
RCHGF002275	iML1515.b3409	38.2	55	33	1	3	57	4	57	2.53e-04	42.7
RCHGF002275	iAF987.Gmet_2444	44.7	47	24	1	7	51	26	72	3.22e-04	42.4
RCHGF002275	iSSON_1240.SSON_3540	36.4	55	34	1	3	57	4	57	3.35e-04	42.4
RCHGF002275	iSynCJ816.SGL_RS05125	33.0	88	40	2	8	93	24	94	3.15e-04	42.4
RCHGF002281	iHN637.CLJU_RS19905	47.5	612	310	6	1	605	1	608	3.05e-182	528
RCHGF002281	iCN900.CD630_01200	46.6	614	315	7	1	605	1	610	3.40e-179	520
RCHGF002281	iAF692.Mbar_A2022	44.6	621	324	8	1	605	1	617	3.14e-165	484
RCHGF002286	iYO844.BSU30420	38.6	223	133	2	6	224	1	223	1.70e-45	152
RCHGF002286	iCN900.CD630_19470	35.8	218	140	0	7	224	10	227	6.21e-45	150
RCHGF002286	iJN1463.PP_4210	36.9	217	135	2	12	227	11	226	8.88e-39	142
RCHGF002286	iPC815.YPO3012	34.1	255	146	6	9	253	5	247	4.55e-39	139
RCHGF002286	iML1515.b2422	36.7	221	125	4	9	224	5	215	9.29e-39	138
RCHGF002286	STM_v1_0.STM2441	36.7	221	125	4	9	224	5	215	9.29e-39	138
RCHGF002286	iSDY_1059.SDY_2618	36.7	221	125	4	9	224	5	215	9.29e-39	138
RCHGF002286	iSSON_1240.SSON_2511	36.7	221	125	4	9	224	5	215	9.29e-39	138
RCHGF002286	iLJ478.TM1376	36.5	219	128	3	7	224	6	214	9.85e-39	138
RCHGF002286	iYL1228.KPN_02770	36.2	221	126	4	9	224	5	215	2.50e-38	137
RCHGF002286	iYS854.USA300HOU_RS02325	34.9	195	126	1	12	206	7	200	1.57e-38	137
RCHGF002288	iAF987.Gmet_2999	33.0	112	72	1	13	121	10	121	2.89e-16	76.3
RCHGF002290	iNF517.LLMG_RS07185	50.8	250	120	2	2	248	3	252	2.84e-79	238
RCHGF002290	iYO844.BSU33920	50.4	250	119	3	1	246	1	249	8.36e-79	237
RCHGF002290	iYS854.USA300HOU_RS04195	47.0	253	129	1	1	248	1	253	5.49e-77	233
RCHGF002290	iCN900.CD630_31720	46.7	246	128	2	1	244	1	245	5.96e-75	227
RCHGF002290	iHN637.CLJU_RS19265	45.5	246	132	1	1	244	1	246	1.86e-71	218
RCHGF002291	iYS854.USA300HOU_RS04190	60.6	396	152	1	1	392	1	396	2.76e-168	476
RCHGF002291	iNF517.LLMG_RS01325	59.5	398	155	3	1	392	1	398	1.45e-156	446
RCHGF002291	iLJ478.TM0689	56.8	398	165	4	1	392	1	397	2.02e-148	434
RCHGF002292	iML1515.b1285	37.5	160	88	3	366	521	240	391	5.68e-20	93.2
RCHGF002292	iML1515.b1490	34.8	161	100	3	363	521	295	452	3.93e-20	92.8
RCHGF002292	iJN1463.PP_1494	33.5	167	108	2	358	521	165	331	1.22e-20	92.8
RCHGF002292	iAF987.Gmet_2721	32.7	162	98	3	366	521	506	662	1.00e-18	89.4
RCHGF002292	iAF987.Gmet_1298	34.2	158	101	2	366	521	187	343	4.03e-19	88.6
RCHGF002292	iAF987.Gmet_0069	32.8	177	111	3	349	521	128	300	3.35e-19	88.2
RCHGF002292	iAF987.Gmet_2425	33.3	156	102	1	366	521	190	343	7.30e-19	87.8
RCHGF002292	iPC815.YPO0425	33.1	157	100	3	365	520	222	374	1.40e-18	87.4
RCHGF002297	iCN900.CD630_23350	76.7	497	115	1	1	497	1	496	4.01e-288	788
RCHGF002299	STM_v1_0.STM4408	44.0	159	84	1	1	154	43	201	2.42e-39	132
RCHGF002299	iAF987.Gmet_0222	44.5	155	79	3	6	157	161	311	7.72e-38	131
RCHGF002299	iSbBS512_1146.SbBS512_E4863	44.0	159	84	1	1	154	43	201	5.46e-38	129
RCHGF002299	iML1515.b4219	44.0	159	84	1	1	154	43	201	1.09e-37	128
RCHGF002299	iSF_1195.SF4268	44.0	159	84	1	1	154	43	201	1.09e-37	128
RCHGF002299	iSSON_1240.SSON_4404	44.0	159	84	1	1	154	43	201	1.09e-37	128
RCHGF002299	iCN900.CD630_21660	44.2	156	82	2	1	151	1	156	1.97e-36	127
RCHGF002299	iSDY_1059.SDY_4456	43.4	159	85	1	1	154	43	201	6.15e-37	126
RCHGF002299	iYS854.USA300HOU_RS07280	41.2	153	88	1	6	156	8	160	6.66e-37	125
RCHGF002299	iYL1228.KPN_04615	41.5	159	88	1	1	154	63	221	8.21e-36	124
RCHGF002299	iYS854.USA300HOU_RS06930	40.3	149	87	1	5	151	7	155	1.51e-36	124
RCHGF002299	iJN1463.PP_0336	43.3	150	81	1	9	154	59	208	8.98e-36	123
RCHGF002299	iAF987.Gmet_0268	38.1	155	94	1	1	153	7	161	9.91e-36	121
RCHGF002299	iPC815.YPO3525	38.4	159	93	1	1	154	43	201	1.10e-34	120
RCHGF002300	iAF987.Gmet_2812	28.7	303	194	6	6	297	16	307	1.72e-24	100
RCHGF002300	iML1515.b3883	26.5	302	207	4	1	295	2	295	8.36e-24	98.2
RCHGF002300	iYS854.USA300HOU_RS01400	28.6	269	174	5	37	292	40	303	8.46e-22	92.8
RCHGF002301	iYS854.USA300HOU_RS07595	33.3	435	248	10	5	403	3	431	2.64e-66	223
RCHGF002303	iCN900.CD630_04940	38.5	265	161	2	4	266	13	277	1.22e-52	172
RCHGF002304	iCN900.CD630_02880	39.4	213	127	2	30	241	27	238	5.21e-37	130
RCHGF002305	iCN900.CD630_02870	28.4	155	110	1	3	157	4	157	8.29e-15	67.4
RCHGF002305	iCN900.CD630_04920	29.6	152	105	2	2	153	3	152	8.38e-13	62.0
RCHGF002305	iCN900.CD630_02850	27.9	147	104	2	7	153	8	152	9.72e-13	62.0
RCHGF002305	iCN900.CD630_32790	26.2	149	109	1	3	150	2	150	1.70e-12	61.2
RCHGF002306	iSF_1195.SF3171	37.2	113	69	2	1	111	1	113	3.12e-20	80.1
RCHGF002306	iCN900.CD630_04910	32.2	121	78	2	1	117	1	121	7.03e-20	79.0
RCHGF002307	iCN900.CD630_26960	34.9	395	243	7	2	384	4	396	5.07e-87	268
RCHGF002307	iCN900.CD630_27330	35.7	384	236	4	2	377	3	383	4.99e-82	255
RCHGF002308	iCN900.CD630_22410	37.4	227	130	5	6	230	1	217	2.63e-39	135
RCHGF002308	iYS854.USA300HOU_RS01690	37.6	221	133	2	14	234	6	221	5.09e-39	134
RCHGF002312	iYS854.USA300HOU_RS01685	30.7	244	152	3	7	241	7	242	1.62e-27	106
RCHGF002313	iYO844.BSU28080	40.4	408	218	8	22	405	23	429	4.79e-85	265
RCHGF002317	iCN900.CD630_20990	56.6	758	324	4	1	757	1	754	1.16e-299	838
RCHGF002318	iCN900.CD630_21000	55.5	146	65	0	1	146	1	146	2.09e-53	165
RCHGF002318	iCN900.CD630_20810	54.1	146	67	0	1	146	1	146	4.07e-53	164
RCHGF002319	iCN900.CD630_21010	36.8	261	156	2	1	252	1	261	2.62e-55	178
RCHGF002319	iCN900.CD630_20800	37.7	257	155	1	1	252	1	257	6.95e-50	164
RCHGF002320	iIT341.HP0888	31.1	228	146	3	1	221	2	225	1.34e-33	122
RCHGF002320	iML1515.b4287	31.5	213	145	1	5	216	6	218	7.26e-33	120
RCHGF002320	iSSON_1240.SSON_4459	31.5	213	145	1	5	216	6	218	7.26e-33	120
RCHGF002320	iAF692.Mbar_A2262	29.7	202	141	1	14	214	18	219	7.57e-32	118
RCHGF002320	iCN900.CD630_28750	31.2	215	146	2	2	214	4	218	1.21e-31	117
RCHGF002320	iAF692.Mbar_A1872	32.1	218	143	4	1	216	2	216	2.51e-30	114
RCHGF002320	iYS854.USA300HOU_RS03430	33.0	218	138	4	1	215	1	213	2.62e-30	113
RCHGF002320	iYO844.BSU07490	29.6	216	150	2	2	215	4	219	1.53e-29	112
RCHGF002320	iAF692.Mbar_A1172	29.0	217	153	1	1	216	1	217	1.32e-29	112
RCHGF002320	iLJ478.TM0191	32.1	215	140	5	1	214	1	210	2.52e-29	111
RCHGF002321	iAF692.Mbar_A2261	38.9	314	184	2	13	318	25	338	1.20e-61	199
RCHGF002322	iAF692.Mbar_A2263	24.5	331	224	10	22	333	26	349	9.31e-15	73.9
RCHGF002322	iAF692.Mbar_A1870	26.2	343	212	14	27	333	53	390	1.71e-12	67.4
RCHGF002324	iCN900.CD630_20910	42.3	430	247	1	8	436	9	438	5.14e-114	341
RCHGF002328	iAF987.Gmet_0043	33.0	106	65	2	367	466	161	266	9.45e-10	60.5
RCHGF002329	iAF987.Gmet_1914	35.8	106	68	0	20	125	3	108	1.16e-16	78.2
RCHGF002334	iML1515.b2165	54.5	299	135	1	6	303	9	307	9.99e-102	300
RCHGF002335	iLJ478.TM0911	28.9	318	208	7	6	310	30	342	7.02e-27	107
RCHGF002335	iSynCJ816.SGL_RS12395	27.0	319	218	5	1	304	30	348	1.37e-24	101
RCHGF002335	iAF987.Gmet_0072	27.2	316	193	8	7	297	29	332	3.13e-23	97.8
RCHGF002336	iCN900.CD630_08160	35.1	462	279	7	6	458	4	453	1.47e-78	256
RCHGF002336	iCN900.CD630_31250	31.9	476	290	7	6	459	5	468	1.03e-72	241
RCHGF002336	iML1515.b3722	37.9	401	233	6	7	402	3	392	5.46e-72	238
RCHGF002336	iSSON_1240.SSON_3912	37.2	401	236	6	7	402	3	392	1.11e-70	235
RCHGF002336	iSF_1195.SF3733	36.9	401	237	6	7	402	3	392	2.17e-70	234
RCHGF002336	iCN900.CD630_30970	31.7	479	292	9	6	461	5	471	4.05e-69	231
RCHGF002338	iCN900.CD630_08160	43.0	121	69	0	16	136	474	594	3.46e-27	106
RCHGF002338	iCN900.CD630_30970	41.2	119	70	0	18	136	492	610	8.91e-27	105
RCHGF002338	iCN900.CD630_31250	39.3	122	74	0	18	139	496	617	1.66e-26	104
RCHGF002338	iNF517.LLMG_RS07195	37.1	140	84	1	18	157	504	639	6.90e-25	99.8
RCHGF002338	iYS854.USA300HOU_RS01000	40.7	113	67	0	8	120	525	637	3.28e-24	97.8
RCHGF002338	iYO844.BSU39270	37.4	123	77	0	18	140	464	586	4.30e-24	97.4
RCHGF002340	iML1515.b1727	30.8	185	121	2	5	184	10	192	2.38e-26	100
RCHGF002340	iML1515.b2690	34.2	184	114	4	3	183	6	185	6.83e-24	93.6
RCHGF002340	iSSON_1240.SSON_2834	34.2	184	114	4	3	183	6	185	6.83e-24	93.6
RCHGF002340	iSDY_1059.SDY_2887	34.2	184	114	4	3	183	6	185	9.59e-24	93.2
RCHGF002340	iSF_1195.SF2717	34.2	184	114	4	3	183	6	185	2.65e-23	92.0
RCHGF002342	iCN900.CD630_04910	35.3	102	65	1	1	102	1	101	1.66e-16	70.5
RCHGF002342	iNF517.LLMG_RS03765	33.9	115	71	2	3	113	4	117	3.53e-15	70.1
RCHGF002342	iML1515.b1817	32.0	125	78	2	4	124	5	126	2.32e-14	67.8
RCHGF002342	STM_v1_0.STM1830	32.0	125	78	2	4	124	5	126	2.31e-14	67.8
RCHGF002342	iSbBS512_1146.SbBS512_E2083	32.0	125	78	2	4	124	5	126	2.32e-14	67.8
RCHGF002342	iSF_1195.SF1411	32.0	125	78	2	4	124	5	126	2.32e-14	67.8
RCHGF002342	iSSON_1240.SSON_1343	32.0	125	78	2	4	124	5	126	2.32e-14	67.8
RCHGF002342	iCN900.CD630_02840	29.9	134	88	3	1	131	1	131	2.52e-15	67.4
RCHGF002342	iYL1228.KPN_02333	35.4	99	61	1	4	102	5	100	3.19e-14	67.4
RCHGF002343	iCN900.CD630_02890	42.3	265	152	1	9	273	24	287	8.01e-62	196
RCHGF002344	iCN900.CD630_02880	39.6	245	147	1	5	249	3	246	5.27e-60	189
RCHGF002345	iCN900.CD630_02870	37.0	162	98	2	1	158	1	162	1.82e-33	115
RCHGF002346	iAF692.Mbar_A1138	30.1	236	147	4	4	236	2	222	4.35e-26	105
RCHGF002347	iYL1228.KPN_02455	38.9	239	142	2	443	680	356	591	1.80e-42	162
RCHGF002347	iAF987.Gmet_0957	35.6	250	157	3	440	686	367	615	7.67e-41	158
RCHGF002347	iJN1463.PP_0914	35.5	256	162	3	443	696	433	687	1.39e-39	155
RCHGF002347	iAF987.Gmet_0782	35.1	245	157	2	445	687	477	721	7.92e-39	153
RCHGF002350	iHN637.CLJU_RS18480	29.0	411	258	5	106	482	215	625	3.55e-49	178
RCHGF002351	iAF692.Mbar_A1503	41.9	179	102	1	23	199	26	204	2.33e-44	147
RCHGF002351	iAF987.Gmet_0549	37.3	204	126	1	3	206	597	798	1.93e-37	137
RCHGF002351	iAF692.Mbar_A3604	39.9	178	106	1	32	208	34	211	1.93e-39	134
RCHGF002351	iAF692.Mbar_A1501	39.6	197	117	2	16	211	13	208	3.26e-39	133
RCHGF002352	iAF692.Mbar_A3585	28.7	178	116	5	137	313	135	302	1.51e-08	55.5
RCHGF002353	iCN900.CD630_17330	27.9	240	168	4	85	323	84	319	1.27e-24	102
RCHGF002355	iYO844.BSU40110	48.0	492	224	7	7	481	3	479	2.60e-165	475
RCHGF002355	iYO844.BSU39260	46.9	486	236	3	1	481	1	469	3.71e-165	474
RCHGF002355	iCN900.CD630_30960	46.3	477	242	5	11	481	6	474	5.38e-161	464
RCHGF002355	iNF517.LLMG_RS02245	45.9	492	234	7	7	481	2	478	1.15e-158	458
RCHGF002355	STM_v1_0.STM3051	46.2	485	239	6	7	481	5	477	7.25e-157	453
RCHGF002355	iCN900.CD630_03890	46.3	480	248	5	8	477	4	483	8.46e-156	451
RCHGF002355	iML1515.b2716	43.8	480	256	4	7	481	3	473	9.83e-154	445
RCHGF002355	iSDY_1059.SDY_2912	43.8	480	256	3	7	481	3	473	1.97e-153	444
RCHGF002355	iYL1228.KPN_03330	44.8	491	247	7	1	481	1	477	3.09e-153	444
RCHGF002355	iML1515.b2901	45.4	485	243	6	7	481	7	479	4.68e-153	444
RCHGF002355	iCN900.CD630_31360	44.4	486	239	7	12	481	7	477	2.50e-152	442
RCHGF002355	iYS854.USA300HOU_RS01380	43.9	487	246	7	9	481	5	478	2.58e-152	442
RCHGF002355	iML1515.b3721	45.1	481	239	5	6	481	2	462	5.61e-152	441
RCHGF002355	iSSON_1240.SSON_3054	45.2	485	244	6	7	481	7	479	1.52e-151	440
RCHGF002355	iSbBS512_1146.SbBS512_E3322	45.2	485	244	6	7	481	7	479	3.05e-151	439
RCHGF002355	iCN900.CD630_31240	43.7	481	257	5	7	481	4	476	4.62e-150	436
RCHGF002355	iSF_1195.SF2887	44.6	491	248	7	1	481	1	477	4.62e-150	436
RCHGF002355	iNF517.LLMG_RS07345	44.4	489	245	8	6	480	5	480	2.05e-149	434
RCHGF002355	iSSON_1240.SSON_1595	42.8	488	253	7	8	481	4	479	2.81e-149	434
RCHGF002357	iNF517.LLMG_RS01005	49.1	479	231	9	5	479	9	478	2.14e-158	457
RCHGF002357	iCN900.CD630_08180	45.9	479	242	6	1	476	1	465	2.58e-149	434
RCHGF002358	iCN900.CD630_30800	46.7	107	57	0	3	109	7	113	3.40e-25	91.3
RCHGF002359	iCN900.CD630_30810	38.2	411	252	2	1	411	1	409	1.27e-99	302
RCHGF002360	iCN900.CD630_30820	35.6	104	67	0	1	104	1	104	3.19e-21	80.5
RCHGF002361	iYS854.USA300HOU_RS11635	20.2	461	333	13	14	450	17	466	8.15e-13	71.2
RCHGF002362	iML1515.b0822	26.5	283	164	10	5	271	6	260	2.80e-15	73.6
RCHGF002362	iSF_1195.SF0772	26.5	283	164	10	5	271	6	260	2.80e-15	73.6
RCHGF002362	iSSON_1240.SSON_0804	26.4	288	158	10	5	271	6	260	1.35e-14	71.6
RCHGF002362	iYL1228.KPN_00856	25.4	276	176	7	5	271	6	260	2.52e-14	70.9
RCHGF002362	iSbBS512_1146.SbBS512_E2526	26.4	288	158	10	5	271	6	260	2.52e-14	70.9
RCHGF002362	STM_v1_0.STM0840	27.0	233	134	8	47	271	24	228	3.19e-14	70.1
RCHGF002370	iCN900.CD630_22820	31.1	106	62	3	515	610	15	119	1.31e-04	42.4
RCHGF002373	iCN900.CD630_01370	51.4	434	204	4	3	435	2	429	2.78e-146	424
RCHGF002374	iCN900.CD630_01360	55.4	101	44	1	2	101	3	103	3.02e-33	111
RCHGF002375	iCN900.CD630_23510	29.3	167	109	4	1	164	4	164	2.99e-15	72.0
RCHGF002380	iCN900.CD630_28800	45.5	99	51	1	9	107	10	105	1.76e-19	76.3
RCHGF002380	iYO844.BSU38570	43.0	100	57	0	2	101	3	102	5.69e-19	75.1
RCHGF002381	iCN900.CD630_01360	58.3	103	42	1	2	103	3	105	1.48e-37	122
RCHGF002383	iMM1415.66514	35.9	262	150	7	10	262	39	291	1.42e-40	144
RCHGF002383	iCHOv1.100754017	32.7	306	166	6	4	275	31	330	2.32e-39	141
RCHGF002383	iMM1415.11593	32.1	308	168	7	4	276	30	331	3.51e-37	135
RCHGF002384	iHN637.CLJU_RS08540	31.2	458	217	6	9	369	7	463	5.01e-73	234
RCHGF002386	iYS854.USA300HOU_RS07120	33.8	376	230	6	2	361	4	376	2.32e-61	201
RCHGF002386	iYS854.USA300HOU_RS02885	36.0	375	214	9	9	365	19	385	4.35e-60	198
RCHGF002386	iSynCJ816.SGL_RS17805	33.2	367	231	7	8	360	30	396	5.40e-57	190
RCHGF002388	iYO844.BSU23380	50.6	417	204	2	35	450	15	430	4.06e-143	416
RCHGF002388	iHN637.CLJU_RS18870	47.6	420	217	3	28	446	7	424	3.04e-138	403
RCHGF002388	iCN900.CD630_20530	44.8	424	232	2	28	450	7	429	1.56e-127	376
RCHGF002389	iHN637.CLJU_RS18875	43.9	401	217	4	3	399	4	400	1.94e-105	316
RCHGF002389	iCN900.CD630_20540	42.0	398	226	3	3	399	4	397	6.59e-100	302
RCHGF002389	iLJ478.TM1518	43.6	401	219	4	3	399	4	401	1.19e-98	299
RCHGF002389	iJN1463.PP_4473	43.0	402	222	4	3	399	4	403	5.16e-97	295
RCHGF002390	iCN900.CD630_25900	36.5	271	161	5	6	268	5	272	2.58e-51	169
RCHGF002390	iHN637.CLJU_RS05285	38.7	274	150	9	6	269	5	270	1.33e-50	167
RCHGF002390	iSynCJ816.SGL_RS17890	36.7	281	158	8	2	269	3	276	2.58e-45	153
RCHGF002391	iHN637.CLJU_RS17040	51.0	288	140	1	5	292	5	291	1.96e-103	303
RCHGF002391	iCN900.CD630_32230	53.3	287	134	0	5	291	4	290	2.26e-102	300
RCHGF002391	iHN637.CLJU_RS02100	53.0	287	134	1	6	292	6	291	5.22e-101	297
RCHGF002391	iCN900.CD630_32250	51.4	288	140	0	5	292	4	291	4.85e-97	287
RCHGF002392	iCN900.CD630_32260	41.9	253	126	6	1	237	1	248	1.19e-59	188
RCHGF002392	iHN637.CLJU_RS17035	38.5	247	142	3	1	237	1	247	5.17e-53	171
RCHGF002393	iYO844.BSU14180	53.6	233	105	2	1	230	4	236	8.27e-49	159
RCHGF002393	iLJ478.TM1519	60.5	233	88	3	1	230	4	235	7.41e-47	154
RCHGF002393	iYS854.USA300HOU_RS07115	53.8	236	100	5	1	230	5	237	2.26e-43	145
RCHGF002399	iSF_1195.SF4068	26.0	169	115	4	2	167	96	257	1.31e-12	63.5
RCHGF002399	iML1515.b3996	25.4	169	116	4	2	167	96	257	2.49e-12	62.8
RCHGF002399	iSbBS512_1146.SbBS512_E4487	25.4	169	116	4	2	167	96	257	2.49e-12	62.8
RCHGF002399	iSSON_1240.SSON_4169	25.4	169	116	4	2	167	96	257	2.49e-12	62.8
RCHGF002399	STM_v1_0.STM4166	27.6	156	105	4	2	155	96	245	3.43e-12	62.4
RCHGF002399	iSDY_1059.SDY_3730	25.4	169	116	4	2	167	96	257	8.95e-12	61.2
RCHGF002399	iYL1228.KPN_04378	25.9	170	114	5	2	167	96	257	1.69e-11	60.5
RCHGF002399	iCN718.ABAYE_RS13345	27.7	141	95	4	2	140	90	225	7.68e-11	58.5
RCHGF002399	iEK1008.Rv3199c	32.2	115	75	2	33	145	167	280	2.07e-10	57.8
RCHGF002401	iCN900.CD630_26110	37.0	173	99	4	2	166	32	202	9.43e-28	104
RCHGF002401	iHN637.CLJU_RS05255	32.5	197	128	3	4	195	33	229	3.78e-26	100
RCHGF002401	iYO844.BSU27270	36.5	192	115	5	4	189	33	223	7.60e-26	99.4
RCHGF002401	iLJ478.TM1129	37.7	175	98	4	4	177	32	196	3.27e-24	94.7
RCHGF002406	iYO844.BSU31400	53.8	381	176	0	5	385	4	384	2.51e-146	419
RCHGF002406	iAF692.Mbar_A3463	51.2	385	188	0	4	388	9	393	6.01e-144	414
RCHGF002408	iML1515.b1985	22.0	460	344	9	4	454	35	488	2.31e-19	90.1
RCHGF002409	iYS854.USA300HOU_RS11635	24.7	396	269	14	18	396	21	404	3.49e-18	87.4
RCHGF002410	iML1515.b3697	26.0	273	191	4	4	271	3	269	9.71e-23	94.0
RCHGF002411	iLJ478.TM0111	33.9	357	207	8	4	342	6	351	5.22e-59	195
RCHGF002411	iMM904.YGL256W	32.5	391	224	11	4	371	7	380	4.77e-54	182
RCHGF002411	iYL1228.KPN_03491	32.0	394	234	8	1	371	5	387	5.76e-53	179
RCHGF002412	iCN900.CD630_31060	44.7	208	114	1	1	207	1	208	9.09e-54	171
RCHGF002414	iNF517.LLMG_RS01350	28.6	182	114	4	10	191	11	176	1.71e-13	65.9
RCHGF002415	iYL1228.KPN_03495	40.6	355	182	4	1	331	1	350	6.59e-78	242
RCHGF002415	iSF_1195.SF1203	38.9	355	188	4	1	331	11	360	1.25e-74	234
RCHGF002415	iYS854.USA300HOU_RS03515	39.5	334	189	4	1	334	2	322	1.92e-74	232
RCHGF002415	iSbBS512_1146.SbBS512_E1359	38.3	355	190	4	1	331	1	350	1.08e-73	231
RCHGF002415	iML1515.b1200	38.3	355	190	4	1	331	1	350	1.04e-73	231
RCHGF002416	STM_v1_0.STM4585	29.4	194	126	4	1	188	1	189	5.17e-17	75.9
RCHGF002416	iHN637.CLJU_RS17500	35.5	152	88	4	2	147	1	148	2.73e-16	73.6
RCHGF002416	iNF517.LLMG_RS07955	28.4	229	132	5	1	202	1	224	1.26e-14	69.7
RCHGF002416	STM_v1_0.STM0643	32.2	152	94	4	2	147	1	149	2.16e-14	68.6
RCHGF002417	iCN900.CD630_22770	49.3	219	107	2	1	219	1	215	1.45e-66	204
RCHGF002418	iYS854.USA300HOU_RS01760	29.4	143	98	2	546	686	4	145	5.64e-11	60.8
RCHGF002418	iML1515.b2934	26.4	144	105	1	544	686	3	146	2.27e-09	56.2
RCHGF002419	iYS854.USA300HOU_RS03515	37.1	318	191	3	1	318	2	310	6.74e-68	215
RCHGF002420	iML1515.b1199	35.5	186	118	1	17	200	17	202	1.13e-30	112
RCHGF002420	iSbBS512_1146.SbBS512_E1358	35.5	186	118	1	17	200	17	202	1.13e-30	112
RCHGF002420	iSF_1195.SF1202	35.5	186	118	1	17	200	17	202	1.13e-30	112
RCHGF002420	iYL1228.KPN_03496	34.9	186	119	1	17	200	17	202	2.43e-29	108
RCHGF002421	iYS854.USA300HOU_RS01285	34.7	421	269	5	1	417	1	419	7.37e-78	248
RCHGF002421	iSbBS512_1146.SbBS512_E1146	34.1	413	267	4	5	414	3	413	2.22e-70	229
RCHGF002421	iSF_1195.SF2154	33.7	413	269	4	5	414	3	413	4.71e-69	226
RCHGF002421	iYL1228.KPN_03550	32.8	412	272	4	5	413	3	412	8.30e-69	226
RCHGF002421	iCN900.CD630_00430	35.1	447	278	10	6	445	2	443	8.83e-69	225
RCHGF002421	iCN900.CD630_23250	31.2	423	283	7	1	418	1	420	1.28e-68	224
RCHGF002422	iCN900.CD630_23260	37.8	90	56	0	1	90	1	90	5.00e-15	63.9
RCHGF002422	iCN900.CD630_10830	35.6	90	58	0	1	90	1	90	7.09e-15	63.5
RCHGF002422	iYS854.USA300HOU_RS01280	39.0	77	47	0	1	77	1	77	3.33e-13	59.3
RCHGF002423	iCN900.CD630_10830	29.3	92	64	1	1	92	1	91	1.19e-10	52.8
RCHGF002423	iCN900.CD630_23260	27.2	92	66	1	1	92	1	91	5.32e-09	48.5
RCHGF002424	iCN900.CD630_23270	30.8	146	101	0	6	151	7	152	1.61e-22	87.0
RCHGF002426	iYO844.BSU37060	63.0	192	71	0	1	192	1	192	3.11e-86	252
RCHGF002430	iYO844.BSU30450	34.6	289	178	5	1	284	1	283	6.71e-46	156
RCHGF002435	iYL1228.KPN_03607	25.0	120	83	3	98	211	36	154	1.63e-04	42.0
RCHGF002436	iYO844.BSU08180	70.8	439	127	1	2	440	4	441	2.22e-240	662
RCHGF002436	iYL1228.KPN_04085	71.8	440	123	1	1	440	1	439	7.53e-239	658
RCHGF002437	iCN900.CD630_30610	56.5	522	225	2	1	521	1	521	7.93e-206	581
RCHGF002437	iYO844.BSU08200	53.1	527	243	3	1	523	1	527	5.66e-200	566
RCHGF002441	iCN900.CD630_31890	27.1	181	119	3	2	176	4	177	1.04e-19	81.3
RCHGF002441	iAF987.Gmet_1815	30.7	179	119	4	1	178	1	175	1.01e-17	77.0
RCHGF002445	iHN637.CLJU_RS00840	59.1	651	254	5	8	656	3	643	2.91e-278	775
RCHGF002451	iHN637.CLJU_RS13445	51.8	558	207	5	4	499	3	560	5.21e-188	540
RCHGF002454	iYO844.BSU12920	33.2	274	163	10	13	278	2	263	6.42e-37	132
RCHGF002455	iCHOv1.100769832	42.6	108	52	3	5	102	32	139	1.47e-21	83.2
RCHGF002460	iYO844.BSU02750	31.1	183	103	3	14	178	18	195	4.45e-23	92.4
RCHGF002465	iSF_1195.SF3171	34.3	105	68	1	1	104	1	105	3.05e-17	72.4
RCHGF002465	iCN900.CD630_04910	31.8	107	70	1	1	104	1	107	3.87e-16	69.3
RCHGF002466	iSynCJ816.SGL_RS03975	31.3	230	151	6	31	255	35	262	1.96e-30	114
RCHGF002467	iSynCJ816.SGL_RS12395	26.8	157	111	3	161	314	194	349	2.05e-05	45.4
RCHGF002467	iYO844.BSU13550	22.2	315	195	14	21	306	42	335	2.68e-04	42.0
RCHGF002469	iCN900.CD630_32760	39.0	259	156	2	1	259	1	257	8.75e-56	180
RCHGF002469	iCN900.CD630_10780	35.2	261	167	2	5	264	16	275	8.43e-50	165
RCHGF002470	iSF_1195.SF3169	36.4	231	145	2	5	235	6	234	1.12e-37	132
RCHGF002470	iCN900.CD630_32770	32.5	249	157	4	6	249	4	246	8.62e-34	122
RCHGF002471	iCN900.CD630_04920	35.8	148	94	1	2	148	3	150	1.51e-27	100
RCHGF002471	iCN900.CD630_02850	33.6	143	94	1	7	148	8	150	8.30e-26	95.9
RCHGF002474	STM_v1_0.STM2340	44.3	305	169	1	14	318	14	317	1.40e-90	272
RCHGF002475	STM_v1_0.STM2341	52.6	251	119	0	8	258	5	255	9.31e-93	275
RCHGF002477	iYS854.USA300HOU_RS01755	39.3	84	50	1	6	88	3	86	1.01e-14	63.2
RCHGF002478	iYS854.USA300HOU_RS01750	52.1	457	189	6	2	458	5	431	4.12e-147	427
RCHGF002479	iML1515.b2934	32.5	126	85	0	20	145	19	144	1.33e-22	87.0
RCHGF002479	iML1515.b4195	30.6	147	100	2	1	145	1	147	2.75e-20	81.3
RCHGF002479	iSSON_1240.SSON_4377	30.6	147	100	2	1	145	1	147	5.47e-20	80.5
RCHGF002479	iSF_1195.SF4350	31.2	141	95	2	7	145	7	147	7.70e-20	80.1
RCHGF002480	iYS854.USA300HOU_RS01760	27.0	141	102	1	532	671	6	146	5.23e-15	72.4
RCHGF002482	iNF517.LLMG_RS10835	53.0	298	130	2	1	288	1	298	7.49e-106	309
RCHGF002482	iYO844.BSU37120	55.0	291	122	6	1	288	1	285	6.06e-97	286
RCHGF002485	iLJ478.TM1093	51.3	39	19	0	2	40	508	546	9.34e-06	39.3
RCHGF002491	iCN900.CD630_28810	25.0	248	145	9	2	246	3	212	2.66e-13	67.4
RCHGF002492	iYS854.USA300HOU_RS11635	20.6	413	281	10	88	464	91	492	6.23e-08	55.5
RCHGF002494	iCN900.CD630_07640	39.4	175	106	0	3	177	7	181	2.24e-45	147
RCHGF002494	iYL1228.KPN_03037	44.1	161	90	0	1	161	2	162	1.86e-44	145
RCHGF002494	STM_v1_0.STM2832	43.5	161	91	0	1	161	2	162	6.01e-43	141
RCHGF002494	iML1515.b2702	42.2	161	93	0	1	161	2	162	2.74e-41	137
RCHGF002494	iSbBS512_1146.SbBS512_E3175	42.2	161	93	0	1	161	2	162	2.74e-41	137
RCHGF002494	iSSON_1240.SSON_2846	42.2	161	93	0	1	161	2	162	2.74e-41	137
RCHGF002495	iCN900.CD630_07660	61.1	180	70	0	3	182	8	187	2.35e-73	218
RCHGF002495	iYL1228.KPN_03038	60.8	176	69	0	3	178	146	321	7.51e-65	201
RCHGF002495	STM_v1_0.STM2833	59.1	176	72	0	3	178	143	318	1.57e-63	198
RCHGF002496	iCN900.CD630_07650	56.3	119	52	0	13	131	4	122	1.74e-46	146
RCHGF002497	iCN900.CD630_07670	36.5	104	66	0	1	104	1	104	3.37e-22	84.3
RCHGF002498	iHN637.CLJU_RS05700	38.5	122	75	0	2	123	3	124	3.03e-26	99.4
RCHGF002505	iCN900.CD630_19470	40.2	219	129	2	5	222	10	227	3.05e-53	171
RCHGF002506	iAF987.Gmet_0069	33.6	119	74	2	4	117	5	123	2.07e-15	72.0
RCHGF002506	iAF987.Gmet_2999	29.1	127	86	2	3	125	9	135	8.47e-14	67.8
RCHGF002511	iCN900.CD630_24910	29.2	267	173	7	4	255	6	271	8.45e-32	120
RCHGF002511	iYO844.BSU12020	26.2	305	210	4	5	294	9	313	8.79e-31	117
RCHGF002511	iYO844.BSU35790	26.6	308	208	7	6	297	10	315	9.13e-29	112
RCHGF002511	iYS854.USA300HOU_RS11570	30.9	207	142	1	4	209	5	211	8.49e-29	112
RCHGF002511	iYS854.USA300HOU_RS14360	26.1	314	206	13	4	298	5	311	8.49e-28	109
RCHGF002513	iYS854.USA300HOU_RS11540	47.5	217	112	1	10	226	4	218	4.69e-63	196
RCHGF002513	iYS854.USA300HOU_RS00730	47.2	214	111	1	13	226	7	218	6.12e-61	190
RCHGF002513	iHN637.CLJU_RS08910	47.4	213	111	1	9	221	3	214	1.16e-59	187
RCHGF002513	iNF517.LLMG_RS05390	44.7	215	117	1	8	222	2	214	1.46e-56	179
RCHGF002515	iCN900.CD630_09890	51.5	563	247	7	5	551	6	558	3.13e-198	566
RCHGF002515	iJN1463.PP_1025	49.0	541	266	6	18	556	20	552	1.79e-181	522
RCHGF002516	iHN637.CLJU_RS04465	68.8	420	130	1	1	420	1	419	3.26e-209	582
RCHGF002516	iCN900.CD630_09900	67.0	424	136	1	1	420	1	424	8.33e-206	573
RCHGF002517	iHN637.CLJU_RS04470	70.7	157	46	0	5	161	4	160	1.59e-75	222
RCHGF002517	iCN900.CD630_09910	63.8	163	59	0	1	163	1	163	6.94e-72	213
RCHGF002518	iCN900.CD630_09920	59.1	335	137	0	1	335	1	335	1.51e-137	395
RCHGF002518	iHN637.CLJU_RS04475	55.2	348	156	0	5	352	3	350	5.71e-137	393
RCHGF002518	iJN1463.PP_1988	54.4	360	161	2	1	358	1	359	2.49e-132	382
RCHGF002518	iHN637.CLJU_RS19450	52.1	359	170	1	1	357	1	359	1.64e-130	377
RCHGF002518	iYL1228.KPN_00079	52.4	355	166	3	4	356	6	359	2.57e-130	377
RCHGF002518	iSDY_1059.SDY_0100	52.4	355	166	3	4	356	7	360	1.53e-129	375
RCHGF002518	iYO844.BSU28270	54.6	337	150	2	1	335	1	336	2.24e-129	374
RCHGF002518	iML1515.b0073	52.7	355	165	3	4	356	6	359	2.09e-129	374
RCHGF002518	iAF987.Gmet_0602	54.3	352	157	3	5	352	7	358	2.86e-129	374
RCHGF002518	iSbBS512_1146.SbBS512_E0067	52.4	355	166	3	4	356	6	359	8.44e-129	373
RCHGF002518	iSSON_1240.SSON_0080	52.4	355	166	3	4	356	7	360	1.24e-128	372
RCHGF002518	iSF_1195.SF0068	52.4	355	166	3	4	356	7	360	1.75e-128	372
RCHGF002518	STM_v1_0.STM0112	51.8	355	168	3	4	356	6	359	1.38e-127	370
RCHGF002518	iPC815.YPO0532	51.5	355	169	3	4	356	6	359	1.38e-127	370
RCHGF002518	iLJ478.TM0556	53.8	351	156	3	5	354	3	348	1.44e-127	369
RCHGF002518	iSynCJ816.SGL_RS09375	52.7	355	165	2	4	356	6	359	4.36e-126	366
RCHGF002518	iCN718.ABAYE_RS16685	52.1	355	166	3	1	352	1	354	5.21e-124	360
RCHGF002518	iLB1027_lipid.PHATRDRAFT_20934	52.7	357	164	4	5	357	49	404	3.43e-123	360
RCHGF002519	STM_v1_0.STM0523	50.0	62	27	2	1	62	5	62	3.63e-08	54.7
RCHGF002519	iYO844.BSU32410	50.0	62	28	2	1	62	5	63	6.32e-08	53.9
RCHGF002519	iNF517.LLMG_RS07600	46.8	62	32	1	1	62	3	63	1.89e-07	52.4
RCHGF002519	iHN637.CLJU_RS10540	29.6	152	95	6	218	364	244	388	1.36e-06	49.7
RCHGF002519	iML1515.b0512	43.5	62	31	2	1	62	5	62	1.44e-06	49.7
RCHGF002522	iCN900.CD630_04910	36.9	111	65	2	6	111	4	114	8.35e-17	71.2
RCHGF002522	iYL1228.KPN_02333	33.9	112	67	4	6	113	5	113	4.05e-13	64.3
RCHGF002524	iCN900.CD630_04920	31.3	147	94	3	3	144	2	146	4.58e-16	70.5
RCHGF002524	iCN900.CD630_02870	29.1	148	95	4	4	144	3	147	7.15e-16	70.1
RCHGF002524	iCN900.CD630_10760	28.3	152	95	3	5	147	2	148	2.45e-15	68.6
RCHGF002537	iML1515.b3011	35.7	356	214	5	1	349	1	348	2.03e-68	220
RCHGF002537	iJN1463.PP_2492	32.5	363	238	4	1	360	1	359	6.49e-62	203
RCHGF002538	iMM1415.243616	23.7	431	269	8	3	380	43	466	9.01e-30	122
RCHGF002538	iMM1415.14411	23.8	453	285	8	5	411	50	488	1.33e-28	118
RCHGF002538	iCHOv1.100752445	23.7	503	317	12	5	457	46	531	3.20e-28	117
RCHGF002538	iCHOv1.100765478	25.8	415	254	7	4	370	50	458	5.94e-28	116
RCHGF002538	iAT_PLT_636.6539	23.6	407	259	7	5	365	36	436	1.46e-26	112
RCHGF002538	iMM1415.14412	23.3	412	265	7	4	370	42	447	4.73e-26	110
RCHGF002539	iYS854.USA300HOU_RS03000	27.4	190	133	2	1	186	1	189	1.34e-17	77.4
RCHGF002540	iJN1463.PP_2008	30.4	520	353	6	6	523	24	536	4.25e-65	226
RCHGF002540	iJN1463.PP_0310	31.9	520	331	11	6	507	6	520	8.44e-61	214
RCHGF002541	iJN1463.PP_2008	30.3	532	358	7	2	530	21	542	4.78e-70	240
RCHGF002547	iJN1463.PP_2008	29.3	535	342	9	3	532	35	538	7.06e-67	231
RCHGF002549	iAF987.Gmet_2559	33.1	172	111	3	209	378	359	528	9.10e-23	100
RCHGF002551	iEK1008.Rv0202c	23.9	201	135	3	156	338	510	710	1.42e-07	54.7
RCHGF002555	iYS854.USA300HOU_RS04600	30.8	253	173	2	12	263	1	252	2.47e-42	145
RCHGF002556	STM_v1_0.STM4388	61.7	230	85	2	2	231	1	227	1.21e-104	301
RCHGF002556	iHN637.CLJU_RS00590	61.9	231	87	1	1	231	1	230	5.80e-104	300
RCHGF002556	iYL1228.KPN_00060	63.4	232	83	2	1	231	1	231	5.42e-104	300
RCHGF002556	STM_v1_0.STM0101	64.2	232	81	2	1	231	1	231	7.69e-104	299
RCHGF002556	iML1515.b0061	63.4	232	83	2	1	231	1	231	1.55e-103	298
RCHGF002556	iSDY_1059.SDY_0088	63.4	232	83	2	1	231	1	231	1.55e-103	298
RCHGF002556	iSSON_1240.SSON_0067	62.9	232	84	2	1	231	1	231	4.43e-103	297
RCHGF002556	iCN900.CD630_22780	61.9	231	84	2	1	231	1	227	5.68e-103	297
RCHGF002556	iSbBS512_1146.SbBS512_E0053	62.8	234	81	3	1	231	1	231	6.29e-103	297
RCHGF002556	iSF_1195.SF0056	62.9	232	84	2	1	231	1	231	6.29e-103	297
RCHGF002556	iSF_1195.SF4353	61.3	230	86	2	2	231	1	227	3.27e-102	295
RCHGF002556	iML1515.b4198	61.3	230	86	2	2	231	1	227	6.59e-102	294
RCHGF002556	iYL1228.KPN_04591	60.4	230	88	2	2	231	1	227	1.33e-101	293
RCHGF002556	iSDY_1059.SDY_4367	60.9	230	87	2	2	231	1	227	1.33e-101	293
RCHGF002556	iSbBS512_1146.SbBS512_E4728	60.9	230	87	2	2	231	1	227	3.79e-101	292
RCHGF002556	iSSON_1240.SSON_4380	60.4	230	88	2	2	231	1	227	1.54e-100	291
RCHGF002556	iPC815.YPO3326	64.2	232	81	2	1	231	1	231	1.70e-100	291
RCHGF002556	STM_v1_0.STM3677	61.6	232	87	2	1	231	1	231	3.43e-100	290
RCHGF002556	iYO844.BSU28780	62.3	231	84	2	1	231	1	228	1.06e-98	286
RCHGF002556	iML1515.b3583	60.8	232	89	2	1	231	1	231	2.17e-96	280
RCHGF002557	iAF692.Mbar_A0291	30.1	286	191	4	24	307	18	296	3.21e-34	130
RCHGF002558	iCN900.CD630_22800	65.5	467	157	1	4	470	2	464	3.56e-221	616
RCHGF002559	iCN900.CD630_00420	32.3	93	58	3	6	96	10	99	6.66e-07	43.5
RCHGF002559	iYS854.USA300HOU_RS01280	28.6	91	62	2	6	96	4	91	4.42e-06	41.2
RCHGF002560	iCN900.CD630_00410	37.0	146	91	1	6	151	7	151	1.03e-28	103
RCHGF002560	iYS854.USA300HOU_RS01275	37.7	138	84	1	8	145	8	143	7.54e-26	95.9
RCHGF002560	iCN900.CD630_22820	33.3	144	96	0	10	153	5	148	4.98e-25	93.6
RCHGF002565	iML1515.b3902	43.9	244	136	1	23	266	24	266	1.81e-74	228
RCHGF002565	iSDY_1059.SDY_3844	43.0	244	138	1	23	266	24	266	1.46e-73	226
RCHGF002565	iSSON_1240.SSON_4072	43.0	244	138	1	23	266	24	266	5.86e-73	224
RCHGF002565	STM_v1_0.STM4045	39.8	264	158	1	3	266	4	266	3.43e-72	222
RCHGF002565	iHN637.CLJU_RS20985	39.5	271	161	3	2	272	12	279	1.61e-71	221
RCHGF002565	iYL1228.KPN_04211	42.4	243	139	1	23	265	24	265	2.01e-71	220
RCHGF002566	iHN637.CLJU_RS05680	39.3	338	198	4	1	335	1	334	1.55e-74	233
RCHGF002569	iYS854.USA300HOU_RS11635	24.0	538	360	15	1	515	3	514	1.45e-21	99.4
RCHGF002572	iYS854.USA300HOU_RS11635	22.5	519	352	17	8	494	14	514	1.40e-19	92.8
RCHGF002573	iCN900.CD630_30820	39.2	102	62	0	1	102	1	102	1.09e-22	84.3
RCHGF002574	iCN900.CD630_30810	35.1	422	258	4	1	420	1	408	7.71e-83	259
RCHGF002575	iCN900.CD630_30800	45.0	100	55	0	4	103	9	108	2.22e-23	86.7
RCHGF002575	iCN900.CD630_01350	48.3	89	46	0	10	98	4	92	5.56e-21	80.1
RCHGF002576	iYO844.BSU39260	41.3	472	258	4	15	480	8	466	1.13e-130	386
RCHGF002576	iCN900.CD630_30960	42.0	474	258	8	17	480	5	471	4.84e-128	380
RCHGF002576	iCN900.CD630_31240	40.8	480	267	7	11	480	1	473	7.53e-128	379
RCHGF002576	iYO844.BSU40110	42.0	483	249	9	17	480	6	476	1.82e-126	376
RCHGF002576	iYS854.USA300HOU_RS01380	41.2	483	254	9	17	481	6	476	1.41e-125	374
RCHGF002576	iCN900.CD630_03890	38.5	491	273	9	15	483	4	487	1.55e-124	371
RCHGF002576	iNF517.LLMG_RS02245	38.8	487	265	8	14	480	2	475	1.60e-124	371
RCHGF002576	iML1515.b2716	39.4	475	271	7	15	480	4	470	5.63e-124	369
RCHGF002576	iCN900.CD630_31360	39.0	484	267	7	16	482	4	476	2.47e-123	368
RCHGF002576	iSDY_1059.SDY_2912	39.2	475	272	7	15	480	4	470	3.60e-122	365
RCHGF002576	iML1515.b3721	39.9	476	258	9	14	480	3	459	3.58e-121	362
RCHGF002576	iYL1228.KPN_03330	40.4	478	260	8	17	480	8	474	4.47e-121	362
RCHGF002576	STM_v1_0.STM3051	40.2	478	261	8	17	480	8	474	4.47e-121	362
RCHGF002576	iCN900.CD630_31300	41.7	477	259	9	17	482	5	473	1.47e-120	361
RCHGF002576	iML1515.b2901	39.7	478	263	9	17	480	10	476	1.07e-119	358
RCHGF002576	iSSON_1240.SSON_1595	37.7	485	271	9	15	480	4	476	4.28e-119	357
RCHGF002576	iSSON_1240.SSON_3054	39.3	481	267	9	14	480	7	476	6.05e-119	357
RCHGF002576	iSbBS512_1146.SbBS512_E3322	39.5	478	264	9	17	480	10	476	4.83e-118	354
RCHGF002576	iSF_1195.SF2887	39.3	478	265	9	17	480	8	474	9.07e-118	353
RCHGF002576	iNF517.LLMG_RS07345	38.9	488	260	10	15	480	7	478	1.58e-116	350
RCHGF002578	iAF987.Gmet_2999	36.9	122	73	2	4	122	10	130	4.84e-15	72.8
RCHGF002578	iAF987.Gmet_0069	37.0	100	52	2	20	116	31	122	3.90e-13	67.0
RCHGF002579	iEK1008.Rv2041c	23.6	314	195	11	46	330	45	342	5.05e-11	63.9
RCHGF002579	iLJ478.TM1120	21.1	247	186	4	21	259	4	249	1.14e-09	59.7
RCHGF002579	iYO844.BSU06970	26.1	180	115	6	26	205	29	190	1.48e-09	59.3
RCHGF002580	iAF987.Gmet_1914	27.0	141	101	1	3	143	3	141	1.65e-10	59.7
RCHGF002582	iYO844.BSU35960	31.9	273	179	5	40	310	34	301	7.94e-31	117
RCHGF002582	iNF517.LLMG_RS04070	26.8	287	204	5	34	318	39	321	2.19e-28	111
RCHGF002588	iSynCJ816.SGL_RS14875	34.9	126	76	3	57	182	6	125	1.40e-14	68.2
RCHGF002588	iAF987.Gmet_0988	42.1	95	47	3	53	147	17	103	3.88e-12	61.6
RCHGF002590	iEK1008.Rv1448c	28.3	173	118	3	31	201	39	207	6.14e-11	62.8
RCHGF002594	iHN637.CLJU_RS19615	34.4	282	176	3	9	283	18	297	1.08e-52	174
RCHGF002594	STM_v1_0.STM0844	36.2	265	165	3	9	270	5	268	7.79e-48	161
RCHGF002595	STM_v1_0.STM0843	37.1	782	481	7	33	804	28	808	7.06e-170	510
RCHGF002595	iHN637.CLJU_RS05805	35.0	854	477	7	17	806	15	854	2.25e-152	466
RCHGF002596	iYS854.USA300HOU_RS11865	50.0	32	16	0	5	36	438	469	3.67e-07	43.1
RCHGF002597	iNF517.LLMG_RS01005	30.5	443	276	11	2	425	6	435	2.93e-55	189
RCHGF002597	iCN900.CD630_08180	30.2	431	275	10	6	423	6	423	5.36e-50	175
RCHGF002598	iYO844.BSU12010	42.4	340	191	4	11	346	123	461	3.47e-82	262
RCHGF002599	iCN900.CD630_30140	46.5	101	54	0	2	102	4	104	1.99e-27	96.3
RCHGF002599	iHN637.CLJU_RS12835	42.6	101	58	0	1	101	1	101	1.99e-27	96.3
RCHGF002599	iYO844.BSU12010	43.9	98	54	1	1	98	1	97	2.45e-23	92.4
RCHGF002599	iYS854.USA300HOU_RS14355	46.9	98	51	1	1	98	1	97	4.57e-23	91.7
RCHGF002599	iCN900.CD630_02080	45.8	96	52	0	1	96	1	96	1.67e-25	91.3
RCHGF002599	iCN900.CD630_30750	41.5	106	57	2	3	104	6	110	1.40e-21	87.4
RCHGF002599	iYS854.USA300HOU_RS03780	42.7	96	54	1	3	98	181	275	1.40e-21	87.4
RCHGF002600	iCN900.CD630_25660	34.1	132	87	0	6	137	2	133	1.01e-27	100
RCHGF002600	iYO844.BSU12010	34.0	147	97	0	4	150	503	649	9.28e-23	93.2
RCHGF002600	iCN900.CD630_30150	32.2	149	101	0	1	149	1	149	1.10e-24	92.8
RCHGF002600	iCN900.CD630_02060	39.3	140	80	3	18	157	15	149	1.43e-24	92.4
RCHGF002602	iHN637.CLJU_RS06680	34.3	178	114	3	1	177	11	186	3.53e-27	102
RCHGF002602	iHN637.CLJU_RS05705	33.5	173	112	3	6	177	15	185	3.19e-26	100
RCHGF002602	iSynCJ816.SGL_RS15700	36.3	146	90	3	34	178	34	177	5.19e-24	94.0
RCHGF002610	iYO844.BSU02750	29.5	227	147	5	1	217	1	224	2.72e-32	117
RCHGF002610	iPC815.YPO1198	31.9	226	144	5	1	218	1	224	2.30e-30	114
RCHGF002610	STM_v1_0.STM0828	29.6	240	162	5	1	234	1	239	5.76e-29	108
RCHGF002610	iML1515.b0809	29.6	240	162	5	1	234	1	239	1.13e-28	108
RCHGF002610	iSbBS512_1146.SbBS512_E2539	29.6	240	162	5	1	234	1	239	1.13e-28	108
RCHGF002610	iSSON_1240.SSON_0789	29.6	240	162	5	1	234	1	239	1.13e-28	108
RCHGF002610	iJN1463.PP_2668	32.9	225	147	3	2	223	4	227	2.54e-28	107
RCHGF002610	iSF_1195.SF0760	29.6	240	162	5	1	234	1	239	2.23e-28	107
RCHGF002610	iCN900.CD630_35300	32.0	219	145	3	2	217	4	221	1.78e-27	107
RCHGF002610	iCN900.CD630_14890	28.6	231	148	5	1	219	1	226	2.94e-27	106
RCHGF002610	iCN900.CD630_35270	31.5	219	146	3	2	217	4	221	3.45e-27	106
RCHGF002613	iAF987.Gmet_0043	27.6	257	169	9	225	467	12	265	4.96e-13	70.9
RCHGF002614	iAF987.Gmet_1919	31.9	116	77	1	3	116	5	120	2.84e-15	73.2
RCHGF002623	iHN637.CLJU_RS05810	43.5	301	158	6	4	298	14	308	1.99e-66	209
RCHGF002623	STM_v1_0.STM0844	36.8	299	184	5	4	298	2	299	8.14e-63	200
RCHGF002624	iHN637.CLJU_RS05805	26.6	824	484	20	36	752	40	849	3.13e-63	226
RCHGF002624	STM_v1_0.STM0843	27.7	690	430	18	127	752	121	805	1.17e-59	216
RCHGF002624	iCN900.CD630_32820	26.8	582	396	9	195	752	209	784	5.19e-58	211
RCHGF002624	iHN637.CLJU_RS19620	26.9	777	495	21	34	754	86	845	2.44e-57	209
RCHGF002625	iCN900.CD630_22410	41.6	221	125	2	11	231	1	217	1.47e-51	167
RCHGF002625	iNF517.LLMG_RS06665	38.9	226	133	2	8	231	3	225	3.63e-46	153
RCHGF002625	iYS854.USA300HOU_RS01690	40.5	222	127	3	15	234	2	220	7.28e-46	152
RCHGF002633	iNF517.LLMG_RS07695	76.0	150	36	0	1	150	1	150	3.42e-77	226
RCHGF002633	iCN900.CD630_16970	68.7	150	47	0	4	153	3	152	5.22e-74	218
RCHGF002633	iHN637.CLJU_RS10825	67.5	151	49	0	1	151	1	151	2.36e-70	208
RCHGF002633	iYO844.BSU23250	66.9	154	51	0	1	154	1	154	4.91e-70	207
RCHGF002634	iNF517.LLMG_RS07700	59.2	395	161	0	3	397	4	398	3.81e-171	483
RCHGF002634	iHN637.CLJU_RS10830	56.2	397	173	1	2	398	4	399	1.03e-159	454
RCHGF002634	iCN900.CD630_16980	56.2	393	171	1	6	398	5	396	2.56e-159	453
RCHGF002634	iYO844.BSU23260	56.5	393	170	1	6	397	5	397	1.75e-157	449
RCHGF002635	iNF517.LLMG_RS07705	57.2	215	88	1	1	211	1	215	8.02e-83	244
RCHGF002636	iNF517.LLMG_RS07710	56.4	360	156	1	2	360	3	362	2.22e-140	402
RCHGF002643	iCN900.CD630_16590	40.6	748	434	5	10	751	16	759	6.31e-177	527
RCHGF002645	iAF692.Mbar_A0664	37.6	330	198	4	120	445	151	476	9.70e-64	214
RCHGF002645	iAF987.Gmet_1756	34.2	368	217	6	103	445	115	482	2.27e-62	210
RCHGF002645	iLJ478.TM0397	37.5	328	199	4	123	445	152	478	8.61e-61	206
RCHGF002649	iAF987.Gmet_2629	32.8	427	270	7	324	740	379	798	1.30e-62	224
RCHGF002649	iAF987.Gmet_3085	32.2	391	255	5	358	743	492	877	9.42e-61	220
RCHGF002649	iAF987.Gmet_0782	30.3	439	296	6	322	753	293	728	1.16e-57	209
RCHGF002649	iAF987.Gmet_0987	31.1	428	283	7	324	743	354	777	1.48e-56	207
RCHGF002655	iEK1008.Rv3628	48.1	27	14	0	34	60	31	57	8.38e-04	37.0
RCHGF002656	iLB1027_lipid.PHATRDRAFT_22568	49.0	143	71	1	190	332	224	364	8.80e-35	130
RCHGF002656	iMM1415.56185	42.9	140	76	1	198	337	213	348	1.40e-30	118
RCHGF002658	iCN900.CD630_03130	52.8	702	320	2	167	857	94	795	1.03e-236	683
RCHGF002658	iYO844.BSU33490	52.0	692	323	6	173	859	13	700	5.69e-228	657
RCHGF002658	iSynCJ816.SGL_RS16100	49.8	717	328	5	167	857	11	721	1.71e-215	626
RCHGF002659	iAM_Pv461.PVX_083045	25.6	160	87	5	44	176	49	203	3.14e-06	46.2
RCHGF002659	iAF987.Gmet_1167	28.8	111	76	2	49	156	71	181	5.63e-06	45.4
RCHGF002659	iAF987.Gmet_0844	29.8	104	69	1	50	153	45	144	2.60e-05	43.5
RCHGF002661	iCN900.CD630_30840	38.4	375	228	2	1	372	1	375	1.13e-90	277
RCHGF002661	iHN637.CLJU_RS18905	37.6	378	233	3	1	377	1	376	1.27e-87	269
RCHGF002661	iYS854.USA300HOU_RS13175	38.0	371	228	2	2	370	5	375	1.80e-85	264
RCHGF002661	iSbBS512_1146.SbBS512_E3234	38.3	373	229	1	1	372	1	373	2.94e-84	261
RCHGF002661	iSDY_1059.SDY_3318	38.1	373	230	1	1	372	28	400	3.64e-83	259
RCHGF002661	iSF_1195.SF3161	38.1	373	230	1	1	372	28	400	3.64e-83	259
RCHGF002661	iML1515.b3124	38.1	373	230	1	1	372	1	373	2.34e-83	258
RCHGF002661	iYL1228.KPN_03536	37.7	377	234	1	1	376	1	377	9.29e-83	257
RCHGF002661	iSSON_1240.SSON_3279	37.8	373	231	1	1	372	28	400	2.88e-82	256
RCHGF002661	iPC815.YPO3980	37.7	369	229	1	1	368	1	369	3.38e-82	255
RCHGF002661	STM_v1_0.STM3247	38.4	362	222	1	1	361	1	362	2.93e-81	253
RCHGF002661	iHN637.CLJU_RS13885	33.1	369	246	1	3	370	7	375	4.48e-80	250
RCHGF002661	STM_v1_0.STM2959	38.6	373	228	1	1	372	1	373	6.33e-80	249
RCHGF002662	iCN900.CD630_22760	38.7	442	265	5	9	447	8	446	4.51e-90	280
RCHGF002662	iIT341.HP0942	36.8	443	270	6	11	447	11	449	3.27e-85	268
RCHGF002663	iPC815.YPO3172	33.5	182	107	7	1	171	3	181	1.62e-17	75.9
RCHGF002664	iSynCJ816.SGL_RS05525	41.0	61	35	1	18	77	22	82	1.13e-05	44.3
RCHGF002664	iAF987.Gmet_0988	33.8	74	45	1	28	101	37	106	1.58e-05	43.9
RCHGF002665	iCN900.CD630_21220	43.0	316	170	3	1	312	1	310	5.54e-82	250
RCHGF002670	iHN637.CLJU_RS05765	52.0	102	49	0	4	105	7	108	1.81e-27	96.7
RCHGF002670	iCN900.CD630_15540	56.3	87	38	0	4	90	134	220	1.18e-25	95.1
RCHGF002671	iHN637.CLJU_RS05760	65.0	100	35	0	4	103	15	114	1.46e-46	145
RCHGF002671	iAF692.Mbar_A3654	65.6	96	33	0	11	106	19	114	1.43e-42	135
RCHGF002672	iHN637.CLJU_RS05755	62.1	253	96	0	1	253	1	253	9.13e-116	331
RCHGF002672	iNF517.LLMG_RS06540	58.1	253	106	0	1	253	1	253	2.44e-105	305
RCHGF002672	iYO844.BSU34870	61.1	252	98	0	1	252	1	252	7.78e-105	303
RCHGF002672	iSynCJ816.SGL_RS10250	59.0	251	101	1	4	252	5	255	4.28e-104	302
RCHGF002673	iHN637.CLJU_RS05745	53.0	236	111	0	1	236	1	236	2.17e-85	253
RCHGF002674	iHN637.CLJU_RS05740	45.5	202	105	2	1	202	1	197	3.67e-60	186
RCHGF002674	iYO844.BSU34890	47.1	204	103	4	1	202	1	201	2.32e-58	182
RCHGF002674	iAF692.Mbar_A3476	45.5	202	102	4	2	202	4	198	3.34e-53	169
RCHGF002675	iAF692.Mbar_A1310	51.3	191	92	1	13	203	2	191	2.23e-65	199
RCHGF002675	iNF517.LLMG_RS06560	53.0	198	86	3	13	203	2	199	4.09e-65	199
RCHGF002675	iCN900.CD630_15500	50.3	187	93	0	17	203	6	192	9.32e-65	197
RCHGF002675	iSDY_1059.SDY_2219	52.9	191	88	2	13	203	168	356	3.36e-62	196
RCHGF002675	iSSON_1240.SSON_2093	52.9	191	88	2	13	203	168	356	3.36e-62	196
RCHGF002675	iML1515.b2022	52.9	191	88	2	13	203	167	355	4.63e-62	196
RCHGF002675	iSbBS512_1146.SbBS512_E1210	52.9	191	88	2	13	203	167	355	4.63e-62	196
RCHGF002675	iSF_1195.SF2084	52.9	191	88	2	13	203	167	355	4.63e-62	196
RCHGF002675	STM_v1_0.STM2074	52.9	191	88	2	13	203	167	355	6.54e-62	196
RCHGF002675	iHN637.CLJU_RS05735	49.2	193	96	1	13	203	2	194	1.14e-63	195
RCHGF002675	iYL1228.KPN_02478	51.8	191	90	2	13	203	167	355	3.68e-61	194
RCHGF002675	iYS854.USA300HOU_RS14530	48.9	184	92	2	19	201	7	189	1.16e-60	187
RCHGF002675	iAF987.Gmet_0386	50.5	194	94	1	12	203	2	195	3.62e-60	186
RCHGF002675	iPC815.YPO1546	50.3	191	93	2	13	203	167	355	1.45e-57	184
RCHGF002675	iYO844.BSU34900	49.7	195	92	2	13	203	2	194	9.29e-58	180
RCHGF002676	iCN900.CD630_15490	32.0	334	217	6	12	340	19	347	3.71e-54	181
RCHGF002677	iHN637.CLJU_RS05730	53.9	423	190	2	9	426	12	434	5.93e-149	429
RCHGF002677	iYO844.BSU34910	49.4	423	210	1	2	424	3	421	2.93e-132	387
RCHGF002678	iHN637.CLJU_RS05725	58.1	198	83	0	3	200	7	204	4.78e-80	238
RCHGF002679	iAF987.Gmet_3259	30.7	319	220	1	6	323	11	329	1.68e-53	182
RCHGF002686	iHN637.CLJU_RS10190	52.7	264	125	0	6	269	13	276	1.24e-97	287
RCHGF002686	iYO844.BSU23490	51.1	268	131	0	4	271	3	270	2.12e-94	278
RCHGF002686	iCN900.CD630_12240	50.6	267	132	0	3	269	2	268	2.37e-93	276
RCHGF002688	iCN900.CD630_08720	45.2	186	101	1	1	186	1	185	1.13e-42	141
RCHGF002688	iYS854.USA300HOU_RS13870	38.6	184	113	0	1	184	1	184	7.63e-41	137
RCHGF002689	iCN900.CD630_10540	62.8	360	134	0	19	378	18	377	4.63e-153	446
RCHGF002689	iYO844.BSU24150	57.0	374	161	0	6	379	4	377	8.83e-140	412
RCHGF002689	iYO844.BSU37170	57.2	374	160	0	1	374	1	374	1.81e-136	403
RCHGF002690	iAF692.Mbar_A2179	30.9	349	232	6	1	348	3	343	1.43e-52	179
RCHGF002690	iAF692.Mbar_A3353	32.7	361	222	12	11	362	17	365	2.08e-49	171
RCHGF002690	iAF987.Gmet_3243	31.0	348	231	7	6	348	5	348	8.13e-49	170
RCHGF002690	iYL1228.KPN_03045	29.4	350	235	8	7	349	5	349	1.48e-47	168
RCHGF002690	iML1515.b2710	29.1	350	236	8	7	349	5	349	2.71e-47	167
RCHGF002690	iSDY_1059.SDY_2907	28.9	350	237	8	7	349	5	349	2.71e-47	167
RCHGF002690	iSF_1195.SF2733	29.1	350	236	8	7	349	5	349	2.71e-47	167
RCHGF002690	iSSON_1240.SSON_2854	29.1	350	236	8	7	349	5	349	2.71e-47	167
RCHGF002690	STM_v1_0.STM2840	28.9	350	237	8	7	349	5	349	1.01e-46	166
RCHGF002690	iSbBS512_1146.SbBS512_E3167	28.9	350	237	8	7	349	5	349	2.73e-46	165
RCHGF002697	iYS854.USA300HOU_RS11245	35.9	376	211	10	2	369	3	356	1.82e-69	222
RCHGF002697	STM_v1_0.STM0380	35.1	367	211	9	2	357	3	353	3.55e-68	219
RCHGF002697	iYL1228.KPN_00323	35.4	367	210	8	2	357	14	364	9.83e-68	218
RCHGF002697	iYO844.BSU04560	36.4	363	206	9	9	362	2	348	2.32e-66	214
RCHGF002697	iSbBS512_1146.SbBS512_E0298	34.3	367	214	8	2	357	3	353	3.36e-65	211
RCHGF002697	iML1515.b0381	34.1	367	215	8	2	357	3	353	1.32e-64	209
RCHGF002697	iSF_1195.SF0232	34.1	367	215	8	2	357	3	353	1.32e-64	209
RCHGF002697	iSSON_1240.SSON_0356	34.1	367	215	8	2	357	3	353	1.86e-64	209
RCHGF002697	iSDY_1059.SDY_0365	33.8	367	216	8	2	357	3	353	3.69e-64	208
RCHGF002698	iYO844.BSU04570	30.1	339	222	9	182	514	108	437	1.07e-37	144
RCHGF002698	iHN637.CLJU_RS05195	28.8	285	197	5	164	444	92	374	7.18e-36	139
RCHGF002698	iAF987.Gmet_0408	29.7	350	239	6	169	514	96	442	1.07e-35	138
RCHGF002698	iEK1008.Rv2157c	30.6	372	228	9	168	514	119	485	1.81e-35	138
RCHGF002698	iIT341.HP0740	27.3	362	245	6	159	519	147	491	3.72e-35	137
RCHGF002698	iCN900.CD630_26550	24.4	348	259	4	169	514	96	441	2.79e-34	134
RCHGF002698	iCN718.ABAYE_RS01960	27.9	358	240	8	152	498	78	428	1.50e-33	132
RCHGF002699	iJN1463.PP_0553	28.2	245	145	8	15	235	129	366	4.66e-12	64.3
RCHGF002700	iCN900.CD630_28680	23.6	390	264	11	16	381	22	401	6.24e-18	85.5
RCHGF002700	iSF_1195.SF1306	24.5	396	264	11	2	374	5	388	4.13e-16	80.1
RCHGF002700	iML1515.b1301	24.4	393	268	11	2	374	5	388	9.80e-16	79.0
RCHGF002700	iSSON_1240.SSON_1839	24.4	393	268	11	2	374	5	388	9.80e-16	79.0
RCHGF002700	iSDY_1059.SDY_1943	24.2	392	270	11	2	374	5	388	3.09e-15	77.4
RCHGF002705	iCN900.CD630_18070	58.0	188	78	1	1	188	1	187	1.48e-83	245
RCHGF002708	iAF987.Gmet_1991	29.7	118	68	4	480	594	192	297	8.74e-04	42.4
RCHGF002709	iAF987.Gmet_0069	37.1	124	71	5	1	118	1	123	1.58e-15	73.9
RCHGF002709	iAF987.Gmet_2999	35.0	117	73	1	4	117	9	125	4.00e-15	73.2
RCHGF002709	iAF987.Gmet_1706	33.9	115	69	3	5	115	3	114	5.97e-15	72.4
RCHGF002717	iMM904.YDR453C	23.6	157	109	5	15	162	4	158	8.45e-05	40.8
RCHGF002717	iIS312.TCDM_10705	22.8	171	118	6	1	162	129	294	7.31e-04	38.5
RCHGF002719	iAF987.Gmet_1622	46.0	124	56	2	11	134	9	121	2.15e-29	105
RCHGF002719	iCN900.CD630_34770	43.5	131	62	3	11	140	8	127	2.14e-27	99.8
RCHGF002720	iYS854.USA300HOU_RS10305	32.8	296	191	7	1	293	1	291	4.82e-39	139
RCHGF002722	iCN718.ABAYE_RS14895	41.7	211	122	1	6	215	6	216	8.34e-54	171
RCHGF002723	iPC815.YPO2295	33.0	221	144	2	5	225	6	222	3.24e-36	127
RCHGF002723	iYL1228.KPN_04830	31.7	221	147	2	5	225	6	222	2.60e-35	124
RCHGF002723	iSF_1195.SF4405	31.7	221	147	3	5	225	6	222	4.03e-34	121
RCHGF002723	iSSON_1240.SSON_4524	31.7	221	147	3	5	225	6	222	5.67e-34	121
RCHGF002723	iSDY_1059.SDY_4633	30.8	221	149	2	5	225	6	222	1.12e-33	120
RCHGF002723	iML1515.b4374	30.8	221	149	2	5	225	6	222	2.23e-33	119
RCHGF002723	iSbBS512_1146.SbBS512_E4917	31.7	221	147	3	5	225	6	222	2.23e-33	119
RCHGF002724	iML1515.b1985	32.3	437	285	5	10	438	45	478	5.35e-66	219
RCHGF002725	iML1515.b0624	41.3	92	52	1	12	101	6	97	1.55e-12	59.7
RCHGF002726	iAF987.Gmet_0700	29.2	414	277	7	8	411	401	808	9.60e-48	174
RCHGF002734	iML1515.b0777	23.7	139	96	4	72	209	29	158	7.14e-06	46.2
RCHGF002734	iSbBS512_1146.SbBS512_E2575	23.8	143	99	4	68	209	25	158	7.14e-06	46.2
RCHGF002734	iSSON_1240.SSON_0756	23.8	143	99	4	68	209	25	158	7.14e-06	46.2
RCHGF002734	iAM_Pb448.PBANKA_081760	27.4	124	71	5	68	190	35	140	4.60e-05	43.5
RCHGF002734	iSDY_1059.SDY_0829	23.1	143	100	4	68	209	25	158	5.54e-05	43.5
RCHGF002734	iSF_1195.SF0727	25.0	116	81	2	72	187	29	138	9.93e-05	42.7
RCHGF002734	iJN1463.PP_1765	24.1	116	82	3	74	187	37	148	1.61e-04	42.0
RCHGF002736	iCHOv1.100773599	34.5	148	91	3	17	159	9	155	9.80e-24	90.9
RCHGF002740	iCN900.CD630_04310	21.5	536	264	15	11	472	15	467	1.12e-16	82.4
RCHGF002740	iLJ478.TM0124	28.6	192	104	4	2	160	3	194	9.34e-16	76.6
RCHGF002740	iML1515.b2180	21.6	519	283	17	11	483	72	512	2.72e-14	75.1
RCHGF002740	iJN1463.PP_3597	29.8	208	116	8	288	467	20	225	7.82e-15	74.3
RCHGF002742	iAM_Pc455.PCYB_113330	34.1	179	111	3	617	789	340	517	4.93e-20	96.7
RCHGF002745	iHN637.CLJU_RS05275	56.5	168	69	1	6	169	7	174	2.76e-57	177
RCHGF002745	iCN900.CD630_25950	51.7	176	80	1	1	171	2	177	1.82e-55	172
RCHGF002749	iAF987.Gmet_1914	26.0	123	86	2	1	122	1	119	3.89e-10	61.6
RCHGF002749	iAF987.Gmet_1919	23.4	141	105	1	4	144	5	142	8.41e-10	60.1
RCHGF002752	iML1515.b1025	35.3	153	93	4	366	513	287	438	1.53e-20	94.0
RCHGF002752	iSDY_1059.SDY_0358	38.1	160	86	5	366	517	215	369	4.49e-20	91.7
RCHGF002752	iSbBS512_1146.SbBS512_E0302	38.1	160	86	5	366	517	210	364	1.39e-19	90.1
RCHGF002752	iML1515.b1490	37.9	132	77	2	394	521	329	459	9.30e-19	88.6
RCHGF002752	iAF987.Gmet_3085	32.4	142	85	2	383	517	484	621	4.90e-18	87.4
RCHGF002752	iJN1463.PP_0129	32.7	156	98	3	363	513	487	640	1.55e-17	85.5
RCHGF002752	iAF987.Gmet_0700	32.9	167	106	5	356	517	390	555	3.30e-17	84.7
RCHGF002753	iYO844.BSU13910	62.9	564	207	2	2	563	4	567	8.69e-243	679
RCHGF002753	iYS854.USA300HOU_RS05400	60.0	568	224	3	1	565	4	571	2.60e-230	647
RCHGF002753	iNF517.LLMG_RS00675	58.9	570	226	6	1	563	4	572	2.08e-220	622
RCHGF002755	iLJ478.TM0057	56.8	324	132	4	7	323	3	325	1.96e-125	362
RCHGF002755	iLJ478.TM1063	55.7	327	135	5	7	323	3	329	4.08e-123	356
RCHGF002755	iLJ478.TM1750	52.2	320	144	3	5	323	11	322	7.61e-113	330
RCHGF002756	iLJ478.TM1064	57.3	321	133	3	9	325	4	324	7.77e-125	360
RCHGF002756	iLJ478.TM1749	54.5	323	143	2	9	331	4	322	6.04e-115	335
RCHGF002756	iLJ478.TM0058	55.2	324	139	2	8	325	3	326	7.63e-115	335
RCHGF002757	iYO844.BSU12940	40.1	279	161	4	23	301	45	317	2.28e-63	202
RCHGF002757	iLJ478.TM0059	43.3	224	125	2	78	300	137	359	1.08e-58	191
RCHGF002757	iYL1228.KPN_02195	38.1	307	177	7	1	302	3	301	4.71e-58	188
RCHGF002757	iML1515.b1245	38.1	307	177	7	1	302	3	301	9.38e-58	187
RCHGF002757	iSSON_1240.SSON_1935	38.1	307	177	7	1	302	3	301	9.38e-58	187
RCHGF002757	iSDY_1059.SDY_1303	38.1	307	177	7	1	302	3	301	1.87e-57	186
RCHGF002757	iSF_1195.SF1246	38.1	307	177	7	1	302	3	301	1.87e-57	186
RCHGF002757	iSbBS512_1146.SbBS512_E1414	37.8	307	178	7	1	302	3	301	5.24e-57	185
RCHGF002758	iML1515.b3543	36.2	340	197	3	1	324	1	336	1.97e-63	204
RCHGF002758	iSDY_1059.SDY_4566	36.2	340	197	3	1	324	1	336	1.97e-63	204
RCHGF002758	iSSON_1240.SSON_3847	36.2	340	197	3	1	324	1	336	1.97e-63	204
RCHGF002758	iSF_1195.SF3578	36.2	340	197	3	1	324	1	336	2.78e-63	203
RCHGF002758	iYL1228.KPN_03898	35.6	340	199	3	1	324	1	336	5.53e-63	202
RCHGF002758	iJN1463.PP_0881	36.8	342	189	5	1	324	1	333	7.17e-63	202
RCHGF002758	STM_v1_0.STM3629	36.1	338	200	4	1	324	1	336	1.55e-62	201
RCHGF002758	iYS854.USA300HOU_RS04930	35.2	324	204	2	1	324	1	318	1.76e-59	193
RCHGF002758	iML1515.b0831	32.7	324	198	2	1	324	1	304	4.52e-56	184
RCHGF002758	iSDY_1059.SDY_0756	32.7	324	198	2	1	324	1	304	4.52e-56	184
RCHGF002759	iPC815.YPO4003	25.5	541	337	18	24	546	25	517	3.39e-28	118
RCHGF002759	iML1515.b3544	24.9	562	352	20	24	566	25	535	1.99e-27	115
RCHGF002759	iSDY_1059.SDY_4567	24.9	562	352	20	24	566	25	535	1.99e-27	115
RCHGF002759	iSF_1195.SF3579	24.9	562	352	20	24	566	25	535	1.99e-27	115
RCHGF002759	iSSON_1240.SSON_3846	24.9	562	352	20	24	566	25	535	1.99e-27	115
RCHGF002759	iYS854.USA300HOU_RS13375	25.1	554	338	18	1	532	1	499	1.95e-27	115
RCHGF002759	iYL1228.KPN_03899	25.6	542	335	20	24	546	16	508	2.50e-27	115
RCHGF002759	STM_v1_0.STM3630	24.9	562	352	21	24	566	25	535	8.63e-27	114
RCHGF002759	iJN1463.PP_0885	25.3	561	333	19	23	551	21	527	2.23e-25	109
RCHGF002760	iCN900.CD630_31100	43.0	400	218	5	1	392	1	398	7.55e-104	312
RCHGF002764	iJN1463.PP_1478	34.1	340	194	7	3	314	4	341	4.68e-48	165
RCHGF002765	iCN900.CD630_04310	22.2	541	306	17	14	518	14	475	6.49e-17	83.6
RCHGF002765	iAF692.Mbar_A1305	30.5	210	122	7	326	514	4	210	2.73e-15	77.4
RCHGF002765	iPC815.YPO3627	28.3	226	123	4	13	234	20	210	1.39e-15	77.0
RCHGF002765	iSDY_1059.SDY_1145	25.8	190	136	2	326	511	7	195	1.38e-15	76.6
RCHGF002765	iML1515.b1858	25.8	190	136	2	326	511	7	195	1.86e-15	76.3
RCHGF002765	iSSON_1240.SSON_1283	25.8	190	136	2	326	511	7	195	1.86e-15	76.3
RCHGF002765	iPC815.YPO2060	25.9	185	132	2	331	511	12	195	1.89e-15	76.3
RCHGF002772	iJN1463.PP_1924	43.4	152	86	0	16	167	7	158	7.81e-37	126
RCHGF002773	iCN900.CD630_22450	59.6	468	173	2	3	460	4	465	8.88e-204	571
RCHGF002775	iCN718.ABAYE_RS03670	34.6	127	76	2	10	134	13	134	3.86e-19	77.4
RCHGF002777	iYO844.BSU16760	38.0	245	145	3	3	240	1	245	6.79e-44	152
RCHGF002777	iLJ478.TM1518	39.6	245	135	5	3	240	1	239	1.87e-42	148
RCHGF002777	iAF987.Gmet_1880	38.0	245	140	4	3	240	1	240	2.42e-38	137
RCHGF002778	iCN900.CD630_22410	64.5	220	78	0	3	222	1	220	3.65e-103	297
RCHGF002782	iYO844.BSU30410	29.8	114	71	4	148	253	256	368	2.66e-04	42.0
RCHGF002783	iHN637.CLJU_RS12040	35.6	163	96	5	13	171	12	169	7.78e-15	68.9
RCHGF002784	iHN637.CLJU_RS13140	34.9	324	194	7	6	315	5	325	3.19e-44	153
RCHGF002784	iCN900.CD630_35580	32.7	324	200	8	3	313	1	319	6.50e-42	147
RCHGF002784	iNF517.LLMG_RS09820	32.7	300	193	8	19	310	20	318	2.40e-41	145
RCHGF002784	iYO844.BSU22440	36.5	255	155	3	2	251	4	256	1.35e-40	144
RCHGF002784	iAF692.Mbar_A1588	31.2	311	197	7	4	302	6	311	5.62e-39	139
RCHGF002785	iYS854.USA300HOU_RS01445	31.2	109	59	5	358	466	203	295	2.98e-06	48.9
RCHGF002789	iAF987.Gmet_2704	38.7	204	106	8	6	192	11	212	1.53e-30	112
RCHGF002789	iHN637.CLJU_RS06095	36.4	195	106	6	24	204	31	221	9.01e-28	105
RCHGF002789	iLJ478.TM1261	38.3	209	100	9	24	209	32	234	2.59e-27	103
RCHGF002789	iCN900.CD630_09000	33.5	218	135	5	1	208	1	218	7.71e-26	102
RCHGF002789	iYS854.USA300HOU_RS07055	35.8	212	114	7	15	208	52	259	3.65e-26	101
RCHGF002792	iHN637.CLJU_RS13170	50.3	614	299	4	1	610	1	612	8.51e-211	601
RCHGF002792	iYO844.BSU10790	49.3	615	302	6	1	609	1	611	8.17e-209	596
RCHGF002793	iHN637.CLJU_RS12795	19.9	151	115	3	97	241	108	258	6.49e-08	52.4
RCHGF002794	iSF_1195.SF4382	23.9	197	140	6	11	199	14	208	8.48e-06	47.0
RCHGF002794	iSbBS512_1146.SbBS512_E4888	23.9	197	140	6	11	199	14	208	1.13e-05	46.6
RCHGF002794	iYL1228.KPN_04786	23.7	215	152	6	11	214	14	227	2.03e-05	45.8
RCHGF002794	iSSON_1240.SSON_4497	24.3	181	127	6	27	199	30	208	3.57e-05	45.1
RCHGF002794	STM_v1_0.STM1103	24.0	217	149	7	11	214	14	227	8.44e-05	43.9
RCHGF002795	STM_v1_0.STM0659	28.8	177	107	6	5	163	8	183	1.44e-05	46.2
RCHGF002795	iML1515.b0650	27.0	196	118	6	5	179	8	199	4.46e-05	44.7
RCHGF002795	iSSON_1240.SSON_0604	27.0	196	118	6	5	179	8	199	4.46e-05	44.7
RCHGF002795	iSbBS512_1146.SbBS512_E0599	28.3	180	104	6	5	163	8	183	5.92e-05	44.3
RCHGF002800	iHN637.CLJU_RS17500	35.8	162	91	3	1	153	1	158	8.09e-23	90.1
RCHGF002800	iCN900.CD630_18140	36.1	147	88	2	3	143	5	151	3.36e-21	86.3
RCHGF002801	iCN900.CD630_10690	26.1	272	161	16	3	261	4	248	2.64e-08	53.1
RCHGF002805	iAF987.Gmet_2349	34.6	497	317	2	98	590	79	571	2.39e-87	281
RCHGF002805	iPC815.YPO1395	34.1	504	316	6	94	590	87	581	3.33e-80	263
RCHGF002805	iYL1228.KPN_00941	31.7	505	329	6	94	591	87	582	7.14e-78	257
RCHGF002805	iSF_1195.SF0910	31.9	504	327	6	94	590	87	581	2.73e-77	255
RCHGF002805	iSSON_1240.SSON_0916	31.9	504	327	6	94	590	87	581	3.81e-77	255
RCHGF002805	iML1515.b0914	31.7	504	328	6	94	590	87	581	1.45e-76	253
RCHGF002805	iSbBS512_1146.SbBS512_E2410	31.7	504	328	6	94	590	87	581	1.45e-76	253
RCHGF002805	iSDY_1059.SDY_2344	31.7	504	328	6	94	590	87	581	1.45e-76	253
RCHGF002806	iPC815.YPO1395	30.1	498	346	2	74	570	86	582	1.61e-71	239
RCHGF002806	STM_v1_0.STM0984	28.3	538	384	2	34	570	46	582	1.65e-70	237
RCHGF002806	iSF_1195.SF0910	27.3	538	389	2	34	570	46	582	3.30e-69	233
RCHGF002806	iSSON_1240.SSON_0916	27.3	538	389	2	34	570	46	582	3.30e-69	233
RCHGF002806	iML1515.b0914	27.3	538	389	2	34	570	46	582	4.60e-69	233
RCHGF002806	iSbBS512_1146.SbBS512_E2410	27.3	538	389	2	34	570	46	582	4.60e-69	233
RCHGF002806	iSDY_1059.SDY_2344	27.3	538	389	2	34	570	46	582	4.60e-69	233
RCHGF002806	iYL1228.KPN_00941	27.3	538	389	2	34	570	46	582	1.24e-68	232
RCHGF002806	iAF987.Gmet_2349	29.7	485	338	2	86	569	89	571	5.45e-65	222
RCHGF002808	iCN900.CD630_22360	42.0	286	159	4	3	284	5	287	1.19e-72	225
RCHGF002809	iSF_1195.SF4350	36.4	143	90	1	4	145	7	149	1.23e-28	102
RCHGF002809	iSSON_1240.SSON_4377	36.4	143	90	1	4	145	7	149	1.23e-28	102
RCHGF002809	iSbBS512_1146.SbBS512_E4725	35.7	143	91	1	4	145	7	149	4.93e-28	101
RCHGF002809	iML1515.b4195	33.6	143	94	1	4	145	7	149	3.93e-27	99.0
RCHGF002809	iSDY_1059.SDY_4364	34.1	138	90	1	9	145	12	149	1.11e-26	97.8
RCHGF002809	STM_v1_0.STM4385	33.6	143	94	1	4	145	7	149	1.57e-26	97.4
RCHGF002809	iYL1228.KPN_04588	33.1	142	94	1	4	144	7	148	1.81e-25	94.7
RCHGF002810	iYO844.BSU09240	36.0	222	134	3	1	218	1	218	7.23e-37	128
RCHGF002811	iYO844.BSU03981	50.1	473	221	5	7	470	11	477	1.15e-151	440
RCHGF002811	iYL1228.KPN_03942	46.6	476	244	5	1	473	1	469	3.69e-137	408
RCHGF002811	STM_v1_0.STM3685	46.2	476	246	5	1	473	1	469	5.70e-137	408
RCHGF002811	iML1515.b3599	46.0	476	247	5	1	473	1	469	8.80e-136	405
RCHGF002811	iSbBS512_1146.SbBS512_E4016	46.0	476	247	5	1	473	1	469	8.80e-136	405
RCHGF002811	iSSON_1240.SSON_3809	46.0	476	247	5	1	473	1	469	8.80e-136	405
RCHGF002811	iPC815.YPO4068	47.2	468	240	4	8	472	7	470	1.48e-135	404
RCHGF002811	iSF_1195.SF3633	45.8	476	248	5	1	473	1	469	3.51e-135	403
RCHGF002811	iCN900.CD630_23340	47.0	474	243	5	2	471	4	473	5.86e-135	397
RCHGF002812	iAF692.Mbar_A1138	28.3	258	172	5	4	261	2	246	7.80e-30	115
RCHGF002812	STM_v1_0.STM4433	26.7	348	226	7	1	333	1	334	2.49e-29	114
RCHGF002814	iYS854.USA300HOU_RS11635	23.9	522	356	18	7	503	5	510	8.06e-16	80.9
RCHGF002821	iML1515.b2842	41.2	97	57	0	4	100	7	103	2.39e-20	81.6
RCHGF002822	iYO844.BSU22140	39.8	83	50	0	4	86	169	251	9.41e-17	71.6
RCHGF002822	iML1515.b2842	41.0	83	49	0	4	86	168	250	3.52e-16	70.1
RCHGF002826	iSF_1195.SF2709	29.5	183	120	5	3	177	17	198	1.72e-15	72.8
RCHGF002826	iML1515.b2682	29.0	183	121	5	3	177	17	198	3.28e-15	72.0
RCHGF002826	iSbBS512_1146.SbBS512_E3194	29.0	183	121	5	3	177	17	198	4.53e-15	71.6
RCHGF002826	iSDY_1059.SDY_2877	29.0	183	121	5	3	177	17	198	4.53e-15	71.6
RCHGF002826	iSSON_1240.SSON_2826	29.0	183	121	5	3	177	17	198	4.53e-15	71.6
RCHGF002827	iML1515.b3697	29.0	279	174	10	3	271	4	268	1.32e-19	85.5
RCHGF002827	iSF_1195.SF3904	28.1	249	171	4	1	249	1	241	1.13e-17	80.1
RCHGF002827	iML1515.b3826	27.7	249	172	4	1	249	1	241	1.55e-17	79.7
RCHGF002827	iSbBS512_1146.SbBS512_E4293	27.7	249	172	4	1	249	1	241	1.55e-17	79.7
RCHGF002827	iSDY_1059.SDY_3917	27.7	249	172	4	1	249	1	241	1.55e-17	79.7
RCHGF002827	iSSON_1240.SSON_4000	28.0	250	170	6	1	249	1	241	2.95e-17	79.0
RCHGF002834	iLJ478.TM0327	39.9	178	105	2	3	179	127	303	1.64e-37	131
RCHGF002834	iHN637.CLJU_RS05700	40.0	175	103	2	3	177	134	306	2.12e-37	130
RCHGF002834	iAF692.Mbar_A1431	42.8	159	89	2	4	162	129	285	1.59e-35	129
RCHGF002834	iLJ478.TM1401	39.7	179	100	3	3	177	130	304	4.47e-36	127
RCHGF002834	iHN637.CLJU_RS01885	43.1	153	85	2	3	155	131	281	3.02e-35	125
RCHGF002834	iIT341.HP0397	42.2	173	98	2	8	180	137	307	5.70e-34	125
RCHGF002834	iYO844.BSU23070	37.7	175	105	3	3	175	126	298	2.09e-33	123
RCHGF002834	iSynCJ816.SGL_RS08600	37.2	172	106	2	8	179	134	303	1.39e-31	118
RCHGF002835	iAF987.Gmet_1278	49.5	111	56	0	43	153	40	150	1.72e-24	95.9
RCHGF002835	iJN1463.PP_0957	42.7	124	68	1	30	153	35	155	3.48e-24	95.1
RCHGF002839	iAM_Pc455.PCYB_113330	39.0	136	81	2	218	352	1213	1347	4.09e-16	80.1
RCHGF002840	iAM_Pc455.PCYB_113330	36.5	104	65	1	215	318	303	405	3.47e-12	67.4
RCHGF002843	iML1515.b1917	39.4	208	120	2	1	202	1	208	2.77e-39	135
RCHGF002843	iYO844.BSU03590	39.1	215	122	4	4	211	2	214	1.01e-38	133
RCHGF002843	iCN900.CD630_14890	35.7	210	133	2	4	211	2	211	1.73e-36	129
RCHGF002843	iJN1463.PP_0225	36.7	218	131	3	4	214	2	219	3.56e-37	129
RCHGF002843	iYL1228.KPN_00897	37.2	207	122	3	3	203	2	206	7.74e-37	128
RCHGF002843	STM_v1_0.STM0247	35.7	213	131	4	4	210	2	214	7.41e-36	128
RCHGF002843	iPC815.YPO2514	39.2	212	124	5	4	212	2	211	1.04e-36	128
RCHGF002843	iYL1228.KPN_00213	34.7	213	133	4	4	210	2	214	2.86e-35	127
RCHGF002843	iJN1463.PP_5137	39.6	212	114	4	4	214	10	208	3.38e-35	127
RCHGF002843	iML1515.b0199	35.2	213	132	4	4	210	2	214	4.00e-35	126
RCHGF002843	iSDY_1059.SDY_0218	35.2	213	132	4	4	210	2	214	4.00e-35	126
RCHGF002843	iSbBS512_1146.SbBS512_E0193	35.2	213	132	4	4	210	2	214	5.61e-35	126
RCHGF002843	iSSON_1240.SSON_0213	35.2	213	132	4	4	210	2	214	5.61e-35	126
RCHGF002843	iYO844.BSU23960	33.6	211	137	3	4	212	2	211	1.61e-35	125
RCHGF002843	iYS854.USA300HOU_RS09925	35.7	210	133	2	1	209	1	209	2.39e-35	124
RCHGF002843	iSF_1195.SF0190	34.7	213	133	4	4	210	2	214	4.22e-34	124
RCHGF002843	iCN900.CD630_07520	33.3	210	137	3	4	211	2	210	8.94e-35	123
RCHGF002843	iPC815.YPO1352	35.6	205	128	2	3	203	2	206	9.39e-35	123
RCHGF002843	iNF517.LLMG_RS09915	36.4	209	127	3	4	209	6	211	1.96e-34	122
RCHGF002843	iYO844.BSU32750	32.7	214	138	4	4	211	2	215	2.19e-33	122
RCHGF002843	iCN900.CD630_34170	38.1	215	125	5	1	212	1	210	2.86e-33	122
RCHGF002843	iJN1463.PP_0220	35.2	196	125	2	19	212	50	245	4.98e-33	121
RCHGF002843	iPC815.YPO1073	32.8	198	131	2	17	212	19	216	3.17e-33	121
RCHGF002846	iYO844.BSU02750	34.4	195	111	7	23	201	23	216	4.13e-25	97.8
RCHGF002846	iSDY_1059.SDY_1145	30.4	181	123	3	4	183	3	181	2.57e-23	93.2
RCHGF002846	iML1515.b1858	30.4	181	123	3	4	183	3	181	3.60e-23	92.8
RCHGF002846	iSSON_1240.SSON_1283	30.4	181	123	3	4	183	3	181	3.60e-23	92.8
RCHGF002846	iSbBS512_1146.SbBS512_E0954	30.4	181	123	3	4	183	3	181	5.03e-23	92.4
RCHGF002846	iSF_1195.SF1867	30.4	181	123	3	4	183	3	181	9.82e-23	91.7
RCHGF002846	iIT341.HP0819	29.7	195	121	5	3	182	2	195	7.29e-22	88.6
RCHGF002851	iAM_Pc455.PCYB_061470	33.3	96	61	2	186	280	111	204	1.33e-06	50.1
RCHGF002851	iAM_Pv461.PVX_001880	40.3	62	37	0	206	267	164	225	1.31e-05	47.0
RCHGF002858	iAF987.Gmet_0782	37.3	150	91	2	8	156	579	726	2.06e-24	107
RCHGF002858	iAF987.Gmet_2629	38.5	143	86	2	15	157	670	810	3.09e-24	107
RCHGF002858	iAF987.Gmet_3085	39.4	137	82	1	26	162	756	891	7.06e-22	100
RCHGF002858	iJN1463.PP_0914	36.2	149	94	1	11	159	540	687	7.24e-22	99.8
RCHGF002858	iAF987.Gmet_0987	40.7	140	82	1	25	164	655	793	1.11e-21	99.4
RCHGF002859	iAF987.Gmet_0987	35.1	188	115	4	3	184	422	608	3.49e-26	104
RCHGF002859	iAF987.Gmet_2629	35.1	185	104	6	20	191	463	644	8.93e-24	97.8
RCHGF002865	STM_v1_0.STM2529	32.4	68	36	2	186	244	108	174	3.05e-05	43.5
RCHGF002871	iAF987.Gmet_0988	32.7	104	65	3	36	137	43	143	9.88e-11	56.2
RCHGF002871	iSynCJ816.SGL_RS05525	38.4	86	47	3	40	121	42	125	1.00e-08	50.8
RCHGF002872	iML1515.b0766	38.6	83	50	1	1	83	191	272	8.90e-12	58.2
RCHGF002872	iSbBS512_1146.SbBS512_E0687	38.6	83	50	1	1	83	191	272	8.90e-12	58.2
RCHGF002872	iSF_1195.SF0538	38.6	83	50	1	1	83	191	272	8.90e-12	58.2
RCHGF002872	iML1515.b3697	39.7	73	44	0	1	73	188	260	1.68e-11	57.4
RCHGF002882	iML1515.b1661	33.9	56	36	1	33	88	147	201	3.12e-04	37.4
RCHGF002882	iSDY_1059.SDY_1887	33.9	56	36	1	33	88	147	201	3.12e-04	37.4
RCHGF002882	iSF_1195.SF1689	33.9	56	36	1	33	88	147	201	3.12e-04	37.4
RCHGF002882	iSSON_1240.SSON_1495	33.9	56	36	1	33	88	147	201	3.12e-04	37.4
RCHGF002882	iIT341.HP0416	39.1	64	33	3	30	88	133	195	4.27e-04	37.0
RCHGF002882	iSbBS512_1146.SbBS512_E1859	33.9	56	36	1	33	88	147	201	5.83e-04	36.6
RCHGF002897	iCN900.CD630_17000	29.6	98	66	1	117	211	262	359	1.07e-07	51.2
RCHGF002900	iCN900.CD630_22060	49.2	443	224	1	1	443	1	442	1.03e-159	459
RCHGF002900	iYS854.USA300HOU_RS10435	47.8	448	231	2	11	456	12	458	1.34e-143	418
RCHGF002902	iCN900.CD630_08940	39.5	478	280	4	11	487	11	480	1.36e-97	303
RCHGF002902	iCN900.CD630_08930	38.9	478	281	4	11	487	11	478	8.69e-95	296
RCHGF002902	iHN637.CLJU_RS18325	36.4	497	304	4	1	496	1	486	4.03e-92	289
RCHGF002903	iCN900.CD630_28320	23.7	219	151	4	15	229	33	239	5.95e-06	47.0
RCHGF002904	iHN637.CLJU_RS03400	46.6	646	326	11	1	636	1	637	4.53e-183	532
RCHGF002905	iAF987.Gmet_0700	30.9	437	295	5	294	724	373	808	3.33e-61	220
RCHGF002905	iJN1463.PP_0914	28.8	438	307	5	307	740	253	689	9.54e-57	205
RCHGF002909	iCN900.CD630_23380	45.6	373	199	3	1	370	1	372	2.15e-111	329
RCHGF002915	iYO844.BSU33510	42.2	64	37	0	17	80	4	67	8.22e-12	54.7
RCHGF002915	iYS854.USA300HOU_RS13885	40.0	60	36	0	21	80	8	67	6.52e-11	52.4
RCHGF002919	iML1515.b3781	34.3	99	64	1	3	100	6	104	2.50e-23	85.9
RCHGF002919	STM_v1_0.STM3915	34.3	99	64	1	3	100	6	104	2.50e-23	85.9
RCHGF002919	iSbBS512_1146.SbBS512_E4140	34.3	99	64	1	3	100	6	104	2.50e-23	85.9
RCHGF002919	iSDY_1059.SDY_3968	34.3	99	64	1	3	100	24	122	4.04e-23	85.9
RCHGF002919	iSF_1195.SF3854	34.3	99	64	1	3	100	24	122	4.04e-23	85.9
RCHGF002919	iSSON_1240.SSON_3952	34.3	99	64	1	3	100	24	122	4.04e-23	85.9
RCHGF002919	iYL1228.KPN_04282	35.4	99	63	1	3	100	6	104	5.03e-23	85.1
RCHGF002919	iPC815.YPO3868	35.4	99	63	1	3	100	6	104	3.97e-22	82.8
RCHGF002919	iJN1463.PP_5215	34.7	98	63	1	4	100	8	105	1.89e-20	78.6
RCHGF002922	iHN637.CLJU_RS05795	28.0	257	170	7	4	253	2	250	2.27e-22	92.4
RCHGF002926	iYS854.USA300HOU_RS01445	43.1	58	30	2	128	184	242	297	6.98e-05	42.7
RCHGF002928	iAF692.Mbar_A2020	43.1	58	33	0	76	133	2	59	1.06e-07	52.4
RCHGF002928	iCHOv1.100760573	27.9	111	73	2	76	179	2	112	1.32e-07	52.0
RCHGF002928	iMM1415.331026	27.9	111	73	2	76	179	2	112	1.32e-07	52.0
RCHGF002928	iMM904.YDL055C	30.4	115	73	2	76	183	2	116	5.60e-07	50.1
RCHGF002928	iYO844.BSU35670	44.6	56	31	0	73	128	3	58	1.09e-06	48.9
RCHGF002928	iAF987.Gmet_1159	36.8	68	39	1	73	136	2	69	1.45e-06	48.5
RCHGF002928	iHN637.CLJU_RS16855	43.6	55	31	0	74	128	3	57	2.04e-06	48.1
RCHGF002928	iAF692.Mbar_A1121	40.0	55	33	0	74	128	3	57	1.97e-06	48.1
RCHGF002928	iCN900.CD630_34880	39.3	56	34	0	73	128	4	59	2.87e-06	47.8
RCHGF002928	iYS854.USA300HOU_RS13545	42.9	56	32	0	73	128	3	58	2.57e-06	47.8
RCHGF002928	iIT341.HP0646	29.4	109	68	2	74	178	2	105	3.22e-06	47.4
RCHGF002928	iAF692.Mbar_A2905	40.0	55	33	0	74	128	3	57	3.71e-06	47.4
RCHGF002929	iJN1463.PP_5136	30.1	449	295	6	38	473	69	511	3.58e-52	186
RCHGF002930	iSbBS512_1146.SbBS512_E1304	47.8	224	117	0	16	239	25	248	5.45e-72	224
RCHGF002930	iSSON_1240.SSON_1144	47.8	224	117	0	16	239	25	248	5.45e-72	224
RCHGF002930	iHN637.CLJU_RS10680	48.5	227	117	0	13	239	14	240	7.08e-72	224
RCHGF002930	iSDY_1059.SDY_2026	47.3	224	118	0	16	239	25	248	1.09e-71	224
RCHGF002930	iML1515.b1126	47.3	224	118	0	16	239	25	248	1.54e-71	223
RCHGF002930	iSF_1195.SF1128	47.3	224	118	0	16	239	25	248	1.54e-71	223
RCHGF002930	STM_v1_0.STM1226	45.5	231	126	0	9	239	18	248	8.65e-71	221
RCHGF002930	iYL1228.KPN_01132	46.4	224	120	0	16	239	25	248	3.44e-70	220
RCHGF002930	iLJ478.TM1376	47.2	229	121	0	11	239	8	236	2.61e-70	220
RCHGF002930	iJN1463.PP_5137	48.0	229	117	1	11	239	12	238	2.65e-69	217
RCHGF002930	iCN900.CD630_35270	45.0	231	127	0	9	239	4	234	4.11e-69	216
RCHGF002930	iPC815.YPO1332	44.2	233	130	0	9	241	20	252	1.49e-68	216
RCHGF002930	iCN900.CD630_35300	44.6	231	128	0	9	239	4	234	5.81e-69	215
RCHGF002930	iYL1228.KPN_00886	45.1	233	128	0	9	241	36	268	6.47e-68	214
RCHGF002930	STM_v1_0.STM0878	44.6	233	129	0	9	241	20	252	5.94e-68	214
RCHGF002930	iML1515.b0855	44.6	233	129	0	9	241	20	252	9.38e-67	211
RCHGF002930	iSbBS512_1146.SbBS512_E2476	44.6	233	129	0	9	241	20	252	9.38e-67	211
RCHGF002930	iSF_1195.SF0809	44.6	233	129	0	9	241	47	279	1.92e-66	211
RCHGF002930	iSSON_1240.SSON_0840	44.6	233	129	0	9	241	47	279	1.92e-66	211
RCHGF002930	iSDY_1059.SDY_0740	44.6	233	129	0	9	241	20	252	1.32e-66	211
RCHGF002930	iCN718.ABAYE_RS05140	43.3	233	128	1	11	239	5	237	9.70e-67	210
RCHGF002930	iPC815.YPO3712	43.9	228	128	0	14	241	9	236	1.51e-66	210
RCHGF002930	iCN900.CD630_10240	44.1	229	128	0	11	239	8	236	2.32e-66	209
RCHGF002930	iJN1463.PP_1484	44.6	224	124	0	16	239	12	235	5.84e-66	208
RCHGF002930	iSynCJ816.SGL_RS10355	44.7	244	127	3	4	239	14	257	1.16e-65	208
RCHGF002930	iPC815.YPO2846	42.8	229	130	1	12	239	8	236	1.36e-65	207
RCHGF002930	iML1515.b1441	45.3	232	124	2	27	255	23	254	1.97e-65	206
RCHGF002930	iJN1463.PP_1018	43.0	235	132	1	9	241	4	238	7.06e-65	206
RCHGF002930	iSSON_1240.SSON_1696	45.3	232	124	2	27	255	23	254	1.97e-65	206
RCHGF002930	iSDY_1059.SDY_1733	44.8	232	125	2	27	255	23	254	7.83e-65	205
RCHGF002930	iJN1463.PP_0411	41.8	239	136	2	12	247	18	256	4.28e-64	204
RCHGF002930	iJN1463.PP_1722	44.1	229	128	0	11	239	6	234	7.03e-64	202
RCHGF002931	iJN1463.PP_5135	31.9	251	159	3	26	269	26	271	4.20e-31	119
RCHGF002933	iSynCJ816.SGL_RS03545	36.1	83	51	2	1	81	1	83	2.62e-10	58.5
RCHGF002933	STM_v1_0.STM2092	32.1	81	53	2	1	79	1	81	4.18e-09	55.1
RCHGF002933	iPC815.YPO3115	35.8	67	41	2	1	65	5	71	2.66e-08	52.8
RCHGF002934	iLJ478.TM1400	28.7	341	225	9	7	338	14	345	4.31e-34	129
RCHGF002934	iSynCJ816.SGL_RS11200	28.7	359	235	11	3	348	7	357	3.90e-30	118
RCHGF002937	iJN1463.PP_1225	35.9	78	43	3	174	250	32	103	5.72e-06	46.6
RCHGF002938	iAF692.Mbar_A1037	28.5	599	360	19	152	686	194	788	1.41e-56	207
RCHGF002940	iCN900.CD630_06970	41.7	204	117	1	7	210	2	203	1.17e-52	169
RCHGF002941	iYO844.BSU31100	38.0	458	264	6	8	465	8	445	3.82e-97	299
RCHGF002941	iCN900.CD630_06960	39.3	456	257	5	16	465	17	458	5.62e-97	299
RCHGF002946	iSynCJ816.SGL_RS11925	44.2	692	378	5	8	692	30	720	1.16e-195	570
RCHGF002947	iCN900.CD630_17290	38.4	541	307	10	6	533	4	531	5.45e-104	323
RCHGF002947	iCN900.CD630_32860	37.6	535	322	8	6	533	4	533	5.58e-101	315
RCHGF002949	iCN900.CD630_17290	39.1	534	313	8	6	533	4	531	2.07e-113	347
RCHGF002949	iCN900.CD630_32860	39.6	541	311	9	6	536	4	538	1.49e-107	332
RCHGF002953	iML1515.b1601	24.1	353	222	10	23	364	10	327	3.02e-10	60.8
RCHGF002954	iCN718.ABAYE_RS14710	26.7	509	305	16	2	463	5	492	2.40e-42	159
RCHGF002957	iSynCJ816.SGL_RS18145	39.0	82	48	2	8	89	65	144	1.93e-10	54.3
RCHGF002957	iEK1008.Rv3206c	33.7	92	59	2	9	98	290	381	3.02e-09	52.4
RCHGF002957	iEK1008.Rv3116	34.4	90	57	2	11	98	289	378	7.67e-09	51.2
RCHGF002957	iSDY_1059.SDY_1936	36.6	71	44	1	26	95	24	94	1.37e-09	50.8
RCHGF002957	iSF_1195.SF1313	36.6	71	44	1	26	95	35	105	1.72e-09	50.8
RCHGF002957	iML1515.b1308	36.6	71	44	1	26	95	24	94	1.94e-09	50.4
RCHGF002957	iSbBS512_1146.SbBS512_E1544	36.6	71	44	1	26	95	24	94	1.94e-09	50.4
RCHGF002957	iSSON_1240.SSON_1832	36.6	71	44	1	26	95	24	94	1.94e-09	50.4
RCHGF002964	iHN637.CLJU_RS00915	36.2	188	116	3	59	246	137	320	7.29e-29	114
RCHGF002967	iLJ478.TM0356	51.5	398	188	2	3	396	4	400	4.27e-136	394
RCHGF002967	iCN900.CD630_25140	47.1	395	203	3	3	391	6	400	1.62e-121	357
RCHGF002970	iCN900.CD630_00490	49.8	564	278	5	1	561	1	562	1.91e-194	556
RCHGF002970	iAF987.Gmet_1354	47.2	563	291	5	1	559	1	561	6.44e-177	511
RCHGF002974	iEK1008.Rv0125	30.3	284	173	9	143	410	77	351	1.17e-22	98.2
RCHGF002975	iAF987.Gmet_2391	40.0	472	268	8	3	466	5	469	2.06e-114	346
RCHGF002975	iSynCJ816.SGL_RS03010	40.0	477	270	11	2	466	4	476	6.76e-112	340
RCHGF002976	iYO844.BSU30940	39.7	744	404	11	45	751	59	794	1.97e-166	499
RCHGF002976	iCN900.CD630_08850	39.4	752	402	14	46	749	64	809	2.09e-163	492
RCHGF002976	iNF517.LLMG_RS09365	38.1	742	417	13	46	751	60	795	1.14e-155	471
RCHGF002976	iMM1415.19309	37.5	751	420	13	47	751	81	828	1.17e-149	457
RCHGF002976	iAF987.Gmet_0940	37.4	751	419	16	47	751	74	819	2.93e-149	456
RCHGF002976	iCHOv1.100757350	37.3	753	419	14	47	751	124	871	2.89e-148	455
RCHGF002976	iSbBS512_1146.SbBS512_E3798	37.8	754	410	16	41	749	54	793	5.22e-149	454
RCHGF002976	iPC815.YPO3938	38.0	769	419	20	29	751	54	810	8.61e-149	454
RCHGF002976	iML1515.b3417	37.7	754	411	16	41	749	54	793	4.07e-148	452
RCHGF002976	iSSON_1240.SSON_3549	37.7	754	411	16	41	749	54	793	4.07e-148	452
RCHGF002976	iSDY_1059.SDY_3659	37.7	754	411	16	41	749	54	793	5.73e-148	451
RCHGF002976	iAT_PLT_636.5834	37.1	754	419	14	47	751	81	828	7.95e-147	450
RCHGF002978	iJN1463.PP_2008	31.5	553	326	18	7	544	24	538	8.89e-66	229
RCHGF002979	iSDY_1059.SDY_3200	30.5	259	155	8	28	279	4	244	5.02e-19	84.0
RCHGF002979	iML1515.b3040	30.1	259	156	8	28	279	4	244	9.55e-19	83.2
RCHGF002979	iYL1228.KPN_03453	34.8	227	129	10	66	286	31	244	8.53e-19	83.2
RCHGF002979	iSbBS512_1146.SbBS512_E3472	30.4	257	154	8	28	279	4	240	8.96e-19	83.2
RCHGF002979	iSF_1195.SF3080	29.5	258	159	7	28	279	4	244	9.55e-19	83.2
RCHGF002979	iSSON_1240.SSON_3177	30.1	259	156	8	28	279	4	244	9.55e-19	83.2
RCHGF002979	STM_v1_0.STM3190	29.8	258	158	8	28	279	4	244	2.51e-18	82.0
RCHGF002990	iIT341.HP1325	62.7	459	166	1	1	454	1	459	2.83e-205	575
RCHGF002990	iYO844.BSU33040	62.0	458	170	1	1	454	1	458	9.85e-201	563
RCHGF002990	iYS854.USA300HOU_RS09890	58.3	458	187	1	1	454	1	458	1.42e-190	537
RCHGF002990	iSDY_1059.SDY_1827	59.2	456	181	1	4	454	5	460	1.34e-187	530
RCHGF002990	iML1515.b1611	59.2	456	181	1	4	454	5	460	2.69e-187	529
RCHGF002990	iSbBS512_1146.SbBS512_E1796	59.2	456	181	1	4	454	5	460	2.69e-187	529
RCHGF002990	iSSON_1240.SSON_1549	59.0	456	182	1	4	454	5	460	7.69e-187	528
RCHGF002990	iSF_1195.SF1634	59.0	456	182	1	4	454	5	460	3.11e-186	526
RCHGF002990	STM_v1_0.STM1469	59.0	456	182	1	4	454	5	460	1.26e-185	525
RCHGF002991	iHN637.CLJU_RS02030	60.4	384	152	0	6	389	7	390	1.89e-166	471
RCHGF002991	iHN637.CLJU_RS18940	61.5	390	149	1	1	389	1	390	7.64e-166	470
RCHGF002991	iYO844.BSU29220	61.1	391	151	1	1	390	1	391	1.50e-163	464
RCHGF002991	iCN900.CD630_10050	60.8	390	152	1	2	390	5	394	2.83e-162	460
RCHGF002991	iYS854.USA300HOU_RS09025	56.8	391	168	1	1	390	1	391	1.22e-152	436
RCHGF002991	iHN637.CLJU_RS15045	55.7	384	170	0	1	384	1	384	1.90e-148	425
RCHGF002996	iYO844.BSU23580	44.2	330	183	1	1	330	1	329	4.36e-98	292
RCHGF003004	iYS854.USA300HOU_RS06160	39.6	48	29	0	32	79	267	314	6.81e-07	44.7
RCHGF003009	iYO844.BSU35620	33.7	166	93	5	5	166	322	474	1.90e-16	76.3
RCHGF003009	iYO844.BSU17410	30.4	171	106	4	3	172	2	160	6.65e-16	73.2
RCHGF003009	iHN637.CLJU_RS00915	30.1	166	113	3	5	169	420	583	4.32e-15	72.4
RCHGF003011	iYO844.BSU02750	31.6	193	119	2	22	201	21	213	4.60e-24	96.7
RCHGF003011	iJN1463.PP_0118	29.3	184	124	3	12	193	11	190	5.70e-24	96.7
RCHGF003011	iSDY_1059.SDY_1145	33.9	189	111	5	11	193	9	189	7.08e-24	96.3
RCHGF003011	iPC815.YPO2060	34.7	196	116	5	12	202	10	198	7.22e-24	96.3
RCHGF003011	iML1515.b1858	33.9	189	111	5	11	193	9	189	1.38e-23	95.5
RCHGF003011	iSF_1195.SF1867	33.9	189	111	5	11	193	9	189	1.38e-23	95.5
RCHGF003011	iSSON_1240.SSON_1283	33.9	189	111	5	11	193	9	189	1.38e-23	95.5
RCHGF003011	iSbBS512_1146.SbBS512_E0954	33.9	189	111	5	11	193	9	189	2.67e-23	94.7
RCHGF003011	iYL1228.KPN_02373	31.8	198	121	5	11	202	9	198	1.38e-20	87.4
RCHGF003015	iNF517.LLMG_RS01635	30.9	191	130	2	90	280	77	265	6.34e-21	89.4
RCHGF003016	iNF517.LLMG_RS01635	27.5	255	169	5	14	260	19	265	2.06e-20	87.4
RCHGF003016	iNF517.LLMG_RS01630	25.6	238	165	2	31	261	37	269	7.43e-19	83.2
RCHGF003017	iML1515.b4106	42.0	264	141	5	1	259	1	257	2.33e-63	199
RCHGF003017	iNF517.LLMG_RS01625	38.3	243	149	1	4	246	1	242	1.31e-61	194
RCHGF003018	iJN1463.PP_0824	27.1	218	123	8	76	293	27	208	8.31e-08	52.8
RCHGF003022	iYO844.BSU02750	36.3	201	123	2	21	216	24	224	3.23e-39	137
RCHGF003027	iCN900.CD630_25030	46.9	877	443	12	7	864	3	875	3.92e-235	682
RCHGF003028	iAF987.Gmet_1298	27.3	326	226	5	364	678	19	344	7.48e-28	115
RCHGF003028	iAF987.Gmet_1914	24.3	358	247	10	336	678	104	452	4.94e-24	105
RCHGF003030	iHN637.CLJU_RS05135	39.0	543	328	3	1	541	1	542	9.88e-128	384
RCHGF003033	iHN637.CLJU_RS00915	34.2	187	113	5	57	239	140	320	1.61e-23	98.6
RCHGF003034	iSynCJ816.SGL_RS13900	23.7	152	115	1	218	369	206	356	1.82e-05	46.2
RCHGF003035	iCN900.CD630_26820	53.3	1181	517	14	1	1157	1	1171	0.0	1191
RCHGF003035	iHN637.CLJU_RS04605	53.7	1168	517	13	3	1156	2	1159	0.0	1187
RCHGF003035	iHN637.CLJU_RS14475	51.0	1176	544	14	1	1157	1	1163	0.0	1116
RCHGF003035	iNF517.LLMG_RS02275	49.4	1174	567	14	7	1164	4	1166	0.0	1073
RCHGF003043	iYO844.BSU02750	32.9	207	136	3	18	221	20	226	8.87e-36	128
RCHGF003043	iCN900.CD630_16140	31.8	217	146	2	7	221	28	244	9.40e-31	115
RCHGF003047	iML1515.b1330	24.7	263	177	7	24	280	84	331	6.96e-17	79.3
RCHGF003047	iML1515.b2924	25.0	296	197	9	3	290	8	286	5.35e-17	79.0
RCHGF003047	iML1515.b0465	34.1	176	97	5	77	247	899	1060	3.36e-16	78.6
RCHGF003048	iYS854.USA300HOU_RS07595	23.6	330	235	6	21	346	11	327	4.43e-13	71.2
RCHGF003057	iYS854.USA300HOU_RS05725	53.5	99	46	0	4	102	6	104	6.50e-37	120
RCHGF003057	iIT341.HP0824	50.5	99	49	0	4	102	7	105	6.23e-33	110
RCHGF003058	iML1515.b3697	28.9	287	182	3	2	288	3	267	1.06e-34	126
RCHGF003060	iML1515.b3697	29.7	290	172	8	1	280	1	268	7.68e-32	118
RCHGF003061	iYO844.BSU02360	48.1	243	121	3	1	238	1	243	1.55e-73	223
RCHGF003061	iCN900.CD630_10110	46.7	242	124	3	1	238	1	241	1.44e-71	218
RCHGF003062	iYO844.BSU39780	24.4	287	171	7	30	293	38	301	8.97e-21	90.1
RCHGF003062	iYL1228.KPN_02741	26.1	306	178	10	7	282	9	296	1.14e-18	84.3
RCHGF003064	iCN900.CD630_34400	27.0	296	194	5	3	286	4	289	2.00e-35	128
RCHGF003065	iSF_1195.SF0538	27.2	279	158	11	5	254	4	266	7.55e-12	63.5
RCHGF003065	iSbBS512_1146.SbBS512_E0687	27.2	279	158	11	5	254	4	266	1.03e-11	63.2
RCHGF003065	iML1515.b0766	27.2	279	158	11	5	254	4	266	1.90e-11	62.4
RCHGF003065	iML1515.b0844	25.8	275	155	12	4	251	3	255	1.60e-10	59.7
RCHGF003065	iML1515.b3697	25.7	261	178	8	4	251	3	260	3.97e-10	58.5
RCHGF003066	iYO844.BSU35010	40.2	366	209	5	21	379	26	388	3.05e-80	251
RCHGF003066	iYS854.USA300HOU_RS03790	40.4	334	191	5	46	376	60	388	1.21e-75	239
RCHGF003067	iAF987.Gmet_3243	38.5	400	236	5	3	396	2	397	6.71e-93	284
RCHGF003067	iAF692.Mbar_A3353	37.3	399	238	6	4	397	10	401	2.59e-92	283
RCHGF003067	STM_v1_0.STM2840	36.5	397	242	6	4	396	2	392	1.75e-84	265
RCHGF003067	iSSON_1240.SSON_2854	35.0	394	250	4	4	393	2	393	1.75e-84	265
RCHGF003067	iSF_1195.SF2733	35.0	394	250	4	4	393	2	393	2.46e-84	265
RCHGF003067	iML1515.b2710	35.0	394	250	4	4	393	2	393	4.89e-84	264
RCHGF003067	iSDY_1059.SDY_2907	34.8	394	251	4	4	393	2	393	4.89e-84	264
RCHGF003067	iSbBS512_1146.SbBS512_E3167	34.8	394	251	4	4	393	2	393	1.93e-83	262
RCHGF003067	iYL1228.KPN_03045	35.8	363	229	3	4	362	2	364	5.04e-81	256
RCHGF003072	iNF517.LLMG_RS03890	32.0	147	81	6	145	281	13	150	2.52e-08	53.9
RCHGF003073	iML1515.b1683	26.5	196	137	5	118	306	273	468	5.28e-09	56.6
RCHGF003073	iSF_1195.SF1713	26.5	196	137	5	118	306	273	468	5.28e-09	56.6
RCHGF003073	iSSON_1240.SSON_1473	26.5	196	137	5	118	306	286	481	5.36e-09	56.6
RCHGF003073	iSDY_1059.SDY_1914	26.5	196	137	5	118	306	33	228	4.46e-09	55.8
RCHGF003073	iYS854.USA300HOU_RS04535	29.9	97	64	2	214	306	342	438	2.16e-07	51.6
RCHGF003074	iCN900.CD630_09000	31.6	234	151	4	1	227	1	232	7.86e-30	114
RCHGF003074	iYO844.BSU33730	34.5	238	138	7	1	227	1	231	3.06e-29	112
RCHGF003074	iYO844.BSU33830	34.7	236	140	6	1	227	1	231	1.56e-28	110
RCHGF003074	iSynCJ816.SGL_RS17160	30.3	234	143	4	4	227	5	228	1.52e-28	110
RCHGF003074	iNF517.LLMG_RS08555	29.6	240	161	4	1	234	1	238	9.22e-29	109
RCHGF003074	iML1515.b0151	33.0	227	138	6	4	220	14	236	8.67e-28	106
RCHGF003074	iSF_1195.SF0143	33.0	227	138	6	4	220	14	236	8.67e-28	106
RCHGF003074	iSSON_1240.SSON_0163	33.0	227	138	6	4	220	14	236	8.67e-28	106
RCHGF003074	iSbBS512_1146.SbBS512_E0143	33.0	227	138	6	4	220	14	236	1.21e-27	105
RCHGF003074	iSDY_1059.SDY_0167	33.0	227	138	6	4	220	14	236	1.21e-27	105
RCHGF003074	iJN1463.PP_0868	31.0	239	153	6	1	229	1	237	1.17e-26	105
RCHGF003074	STM_v1_0.STM0192	31.9	229	142	6	4	222	14	238	3.32e-27	104
RCHGF003074	iJN1463.PP_5168	27.9	233	158	4	2	227	3	232	2.81e-26	103
RCHGF003080	iCN900.CD630_26270	38.2	89	55	0	1	89	1	89	3.71e-18	71.6
RCHGF003080	iAF692.Mbar_A3182	38.6	88	54	0	2	89	5	92	1.14e-17	70.5
RCHGF003083	iAF987.Gmet_0043	20.2	257	194	5	112	359	12	266	2.87e-08	55.1
RCHGF003084	iAF987.Gmet_0069	38.4	125	68	3	1	118	1	123	8.52e-18	80.1
RCHGF003084	iAF987.Gmet_1706	37.8	119	67	3	4	118	2	117	3.07e-16	75.9
RCHGF003084	iAF987.Gmet_1919	30.8	159	102	3	1	156	1	154	6.92e-16	75.1
RCHGF003084	iAF987.Gmet_2999	37.9	116	69	1	5	117	10	125	3.48e-15	73.2
RCHGF003085	iHN637.CLJU_RS07045	43.6	264	137	3	67	329	71	323	1.01e-65	209
RCHGF003087	iHN637.CLJU_RS01500	62.8	304	113	0	3	306	4	307	1.94e-129	370
RCHGF003087	iCN900.CD630_34590	59.9	307	122	1	1	307	1	306	5.68e-124	357
RCHGF003087	iCN900.CD630_23210	57.6	304	127	2	4	307	3	304	3.49e-116	337
RCHGF003088	iCN900.CD630_23220	64.4	270	95	1	4	273	1	269	1.06e-126	360
RCHGF003088	iHN637.CLJU_RS01495	63.9	269	96	1	4	272	5	272	7.75e-123	351
RCHGF003089	iHN637.CLJU_RS10465	42.4	92	40	3	631	711	456	545	2.08e-12	70.1
RCHGF003098	iPC815.YPO0345	33.3	177	105	7	26	194	207	378	1.06e-12	69.3
RCHGF003099	iYS854.USA300HOU_RS05725	49.5	101	50	1	5	105	3	102	3.80e-32	108
RCHGF003099	iIT341.HP0824	48.1	104	53	1	2	105	1	103	5.41e-30	102
RCHGF003099	iML1515.b3781	40.0	105	62	1	1	104	1	105	2.76e-28	98.6
RCHGF003099	STM_v1_0.STM3915	40.0	105	62	1	1	104	1	105	2.76e-28	98.6
RCHGF003099	iSbBS512_1146.SbBS512_E4140	40.0	105	62	1	1	104	1	105	2.76e-28	98.6
RCHGF003099	iSDY_1059.SDY_3968	40.0	105	62	1	1	104	19	123	4.56e-28	98.6
RCHGF003099	iSF_1195.SF3854	40.0	105	62	1	1	104	19	123	4.56e-28	98.6
RCHGF003099	iSSON_1240.SSON_3952	40.0	105	62	1	1	104	19	123	4.56e-28	98.6
RCHGF003099	iYL1228.KPN_04282	40.0	105	62	1	1	104	1	105	5.55e-28	97.8
RCHGF003100	iYS854.USA300HOU_RS03105	44.8	417	220	5	1	413	29	439	1.00e-113	339
RCHGF003102	iSynCJ816.SGL_RS14375	31.5	479	279	9	4	474	1	438	2.85e-63	211
RCHGF003105	iSynCJ816.SGL_RS10930	25.7	657	397	10	6	576	12	663	3.70e-60	217
RCHGF003105	iEK1008.Rv0684	24.9	671	411	9	6	585	15	683	8.06e-60	216
RCHGF003105	iSynCJ816.SGL_RS17200	24.6	682	420	14	6	597	10	687	4.77e-53	196
RCHGF003111	iHN637.CLJU_RS04215	29.9	481	279	12	3	466	26	465	1.95e-47	170
RCHGF003111	iCN900.CD630_02200	26.8	482	297	11	1	467	1	441	4.41e-46	166
RCHGF003111	iSynCJ816.SGL_RS13120	28.8	479	293	11	3	467	30	474	2.35e-44	162
RCHGF003111	iAF692.Mbar_A3498	30.5	410	243	9	67	467	74	450	3.31e-44	161
RCHGF003111	iNF517.LLMG_RS04970	28.4	479	288	11	3	467	25	462	7.15e-44	160
RCHGF003111	iYO844.BSU06490	27.6	485	289	12	3	467	13	455	1.60e-42	156
RCHGF003111	iEK1008.Rv0808	28.2	479	301	11	3	467	36	485	1.27e-41	155
RCHGF003112	iPC815.YPO1395	38.4	250	150	2	338	587	330	575	4.50e-45	168
RCHGF003112	iPC815.YPO1914	38.9	257	145	3	341	591	330	580	7.81e-45	167
RCHGF003112	iSSON_1240.SSON_0916	38.2	238	146	1	354	591	343	579	4.93e-43	162
RCHGF003112	iJN1463.PP_4935	40.2	239	140	2	350	587	352	588	8.59e-43	162
RCHGF003112	iML1515.b0914	37.9	243	140	2	354	591	343	579	1.26e-42	161
RCHGF003112	iSbBS512_1146.SbBS512_E2410	37.9	243	140	2	354	591	343	579	1.26e-42	161
RCHGF003112	iSDY_1059.SDY_2344	37.9	243	140	2	354	591	343	579	1.26e-42	161
RCHGF003112	iSF_1195.SF0910	37.9	243	140	2	354	591	343	579	1.26e-42	161
RCHGF003112	STM_v1_0.STM0984	37.1	245	143	2	352	591	341	579	4.36e-42	159
RCHGF003112	iYL1228.KPN_00941	36.7	259	150	4	338	591	330	579	3.32e-40	154
RCHGF003113	iCHOv1.100682535	37.5	259	156	3	331	587	1022	1276	2.42e-44	169
RCHGF003113	iMM1415.18670	37.1	259	157	3	331	587	1017	1271	2.41e-44	169
RCHGF003113	iJN1463.PP_4935	36.8	247	152	1	336	582	346	588	3.42e-45	169
RCHGF003113	iPC815.YPO1395	37.1	259	158	2	324	582	322	575	1.72e-44	166
RCHGF003113	iCHOv1.100762480	36.1	252	155	3	330	579	1063	1310	2.70e-42	163
RCHGF003113	iAF987.Gmet_2349	35.1	251	156	3	336	586	326	569	1.82e-43	163
RCHGF003113	STM_v1_0.STM0984	37.0	238	146	1	349	586	346	579	3.46e-42	160
RCHGF003113	iYL1228.KPN_00941	34.1	249	160	1	338	586	335	579	4.71e-42	159
RCHGF003113	iPC815.YPO1914	38.4	242	144	2	345	586	344	580	7.95e-42	159
RCHGF003113	iML1515.b0914	37.0	238	146	1	349	586	346	579	8.77e-42	159
RCHGF003113	iSbBS512_1146.SbBS512_E2410	37.0	238	146	1	349	586	346	579	8.77e-42	159
RCHGF003113	iSDY_1059.SDY_2344	37.0	238	146	1	349	586	346	579	8.77e-42	159
RCHGF003113	iSF_1195.SF0910	37.0	238	146	1	349	586	346	579	8.77e-42	159
RCHGF003113	iSSON_1240.SSON_0916	37.0	238	146	1	349	586	346	579	1.63e-41	158
RCHGF003113	iPC815.YPO1913	37.1	245	148	3	341	584	338	577	9.38e-41	156
RCHGF003115	iAF987.Gmet_2999	30.3	109	71	3	3	107	10	117	2.84e-06	47.0
RCHGF003117	iCN900.CD630_19470	44.9	214	113	1	9	217	14	227	9.41e-58	182
RCHGF003121	iML1515.b3697	34.5	119	77	1	131	249	153	270	3.87e-13	67.0
RCHGF003137	iYO844.BSU06360	70.3	512	146	4	3	513	7	513	1.83e-271	747
RCHGF003137	iNF517.LLMG_RS05125	65.6	511	172	2	3	513	7	513	8.37e-249	689
RCHGF003137	iYS854.USA300HOU_RS02070	65.4	509	171	3	5	513	10	513	1.59e-246	684
RCHGF003138	iYO844.BSU06370	48.0	450	207	6	2	438	1	436	1.54e-118	353
RCHGF003138	iJN1463.PP_4653	45.8	437	223	4	1	436	1	424	2.38e-115	344
RCHGF003138	iCN900.CD630_21070	43.2	447	240	5	2	436	9	453	2.06e-106	322
RCHGF003139	iHN637.CLJU_RS05740	34.2	79	46	1	83	161	37	109	1.07e-04	41.2
RCHGF003140	iSynCJ816.SGL_RS13490	42.9	380	215	2	6	384	11	389	2.50e-107	320
RCHGF003140	iSF_1195.SF2445	41.3	380	220	2	6	382	12	391	1.69e-98	298
RCHGF003140	iML1515.b2379	41.3	380	220	2	6	382	12	391	3.37e-98	298
RCHGF003140	iSSON_1240.SSON_2470	41.3	380	220	2	6	382	12	391	3.37e-98	298
RCHGF003140	iSDY_1059.SDY_2577	41.3	380	220	2	6	382	12	391	9.54e-98	296
RCHGF003140	iSbBS512_1146.SbBS512_E2748	41.1	380	221	2	6	382	12	391	2.69e-97	295
RCHGF003140	iJN1463.PP_0817	39.6	381	227	2	6	383	12	392	5.05e-95	289
RCHGF003143	iCN900.CD630_16310	48.5	202	104	0	3	204	28	229	1.53e-71	216
RCHGF003160	iYL1228.KPN_00046	35.8	67	41	2	1	65	1	67	2.94e-05	43.9
RCHGF003160	iML1515.b0049	34.3	67	42	2	1	65	1	67	7.05e-05	42.7
RCHGF003160	iSbBS512_1146.SbBS512_E0043	34.3	67	42	2	1	65	1	67	7.05e-05	42.7
RCHGF003160	iSDY_1059.SDY_0074	34.3	67	42	2	1	65	1	67	7.09e-05	42.7
RCHGF003160	iSF_1195.SF0046	34.3	67	42	2	1	65	1	67	7.05e-05	42.7
RCHGF003160	iSSON_1240.SSON_0057	34.3	67	42	2	1	65	1	67	7.05e-05	42.7
RCHGF003160	STM_v1_0.STM0088	34.3	67	42	2	1	65	1	67	9.50e-05	42.4
RCHGF003160	iPC815.YPO0490	24.7	150	87	6	1	147	1	127	1.74e-04	41.6
RCHGF003165	iPC815.YPO1198	33.9	224	142	4	3	220	2	225	1.24e-34	127
RCHGF003165	iYO844.BSU02750	33.7	199	129	3	15	210	18	216	2.22e-33	122
RCHGF003165	iMM1415.11303	33.3	213	138	3	1	209	897	1109	7.82e-30	118
RCHGF003165	iCHOv1.100761226	33.6	214	136	4	1	209	897	1109	8.93e-29	115
RCHGF003172	iPC815.YPO0844	36.6	268	167	3	7	272	8	274	4.90e-58	186
RCHGF003172	iYL1228.KPN_03543	38.6	254	154	2	17	269	19	271	6.15e-56	181
RCHGF003172	iCN900.CD630_04030	35.4	291	161	5	7	272	8	296	4.14e-53	174
RCHGF003172	iHN637.CLJU_RS00320	40.9	235	136	3	15	247	16	249	5.12e-53	173
RCHGF003172	STM_v1_0.STM3253	35.8	254	161	2	17	269	19	271	1.70e-52	172
RCHGF003172	iYO844.BSU39670	37.1	264	158	5	17	276	19	278	7.93e-52	171
RCHGF003172	iYO844.BSU37120	38.1	278	164	6	4	276	5	279	1.38e-51	170
RCHGF003172	iSF_1195.SF2158	36.3	278	169	5	1	271	1	277	1.34e-51	170
RCHGF003172	iML1515.b2096	36.3	278	169	5	1	271	1	277	1.89e-51	169
RCHGF003172	iIT341.HP0176	36.7	297	161	6	4	275	6	300	3.50e-51	169
RCHGF003172	iHN637.CLJU_RS01375	34.6	286	159	4	13	272	15	298	5.34e-51	169
RCHGF003172	iSbBS512_1146.SbBS512_E1142	36.3	278	169	5	1	271	1	277	2.66e-51	169
RCHGF003174	iYS854.USA300HOU_RS01750	46.5	426	222	5	3	427	4	424	1.07e-121	360
RCHGF003175	iYS854.USA300HOU_RS01755	32.3	93	58	2	1	91	1	90	4.11e-12	56.6
RCHGF003176	STM_v1_0.STM4385	36.3	146	82	4	6	140	7	152	1.03e-27	100
RCHGF003176	iML1515.b4195	35.9	142	81	3	9	140	11	152	2.06e-27	99.4
RCHGF003176	iSF_1195.SF4350	33.8	142	84	3	9	140	11	152	1.64e-26	97.1
RCHGF003176	iSSON_1240.SSON_4377	33.8	142	84	3	9	140	11	152	1.64e-26	97.1
RCHGF003176	iSDY_1059.SDY_4364	34.5	142	83	3	9	140	11	152	2.32e-26	96.7
RCHGF003176	iSbBS512_1146.SbBS512_E4725	33.8	142	84	3	9	140	11	152	3.28e-26	96.3
RCHGF003176	iYL1228.KPN_04588	33.3	138	89	2	10	144	12	149	4.77e-26	95.9
RCHGF003177	iYS854.USA300HOU_RS11635	23.2	522	337	16	6	501	8	491	8.39e-24	106
RCHGF003179	iML1515.b3011	35.9	393	237	10	1	385	1	386	5.04e-68	219
RCHGF003179	iJN1463.PP_2492	37.0	346	211	6	1	344	1	341	2.08e-62	204
RCHGF003181	iCN900.CD630_30150	38.0	142	87	1	11	151	5	146	3.01e-32	112
RCHGF003184	iYS854.USA300HOU_RS11635	19.3	508	379	13	1	494	2	492	1.22e-10	64.3
RCHGF003185	iCN900.CD630_34480	44.1	236	118	3	2	228	3	233	1.50e-54	177
RCHGF003185	STM_v1_0.STM3253	37.0	281	165	4	2	270	3	283	3.08e-54	176
RCHGF003185	iYL1228.KPN_03543	37.0	284	161	5	2	270	3	283	6.13e-54	176
RCHGF003185	iYO844.BSU37120	42.0	243	131	4	2	236	3	243	1.26e-53	175
RCHGF003185	iCN900.CD630_30740	38.1	281	163	3	2	271	3	283	1.11e-52	172
RCHGF003185	iPC815.YPO0844	39.5	243	139	3	2	236	3	245	1.36e-52	172
RCHGF003185	iCN900.CD630_31350	39.2	283	149	8	1	265	1	278	2.39e-52	172
RCHGF003185	iML1515.b2096	40.1	242	137	3	2	235	3	244	5.40e-52	171
RCHGF003185	iSF_1195.SF2158	40.5	232	133	2	2	228	3	234	1.52e-51	169
RCHGF003185	iSbBS512_1146.SbBS512_E1142	39.7	242	138	3	2	235	3	244	2.14e-51	169
RCHGF003185	iYS854.USA300HOU_RS11470	39.9	243	136	4	2	236	3	243	4.49e-51	168
RCHGF003185	iSF_1195.SF1450	37.8	278	165	5	1	271	1	277	1.43e-50	167
RCHGF003185	iHN637.CLJU_RS00320	36.1	277	165	4	1	265	1	277	2.02e-50	166
RCHGF003185	iML1515.b3137	34.2	275	169	4	2	264	3	277	4.33e-48	160
RCHGF003186	iPC815.YPO1300	50.5	333	159	5	11	337	232	564	5.44e-70	228
RCHGF003186	iJN1463.PP_0795	50.2	325	156	4	11	329	241	565	1.16e-67	222
RCHGF003186	iML1515.b2167	50.0	334	160	6	11	337	228	561	8.66e-67	219
RCHGF003186	iSbBS512_1146.SbBS512_E0796	50.0	334	160	6	11	337	228	561	8.66e-67	219
RCHGF003186	iSF_1195.SF2252	50.0	334	160	6	11	337	228	561	8.66e-67	219
RCHGF003186	iSDY_1059.SDY_2315	49.7	334	161	6	11	337	228	561	1.21e-66	219
RCHGF003186	iSSON_1240.SSON_2223	49.2	333	163	5	11	337	228	560	2.38e-66	218
RCHGF003186	STM_v1_0.STM2204	49.8	325	157	5	11	329	227	551	1.87e-64	213
RCHGF003186	iYL1228.KPN_02598	42.5	334	184	6	11	337	227	559	2.26e-61	205
RCHGF003187	iCN900.CD630_02080	44.4	99	55	0	1	99	1	99	2.23e-23	85.9
RCHGF003187	iYS854.USA300HOU_RS14355	46.4	97	51	1	1	97	1	96	2.30e-20	84.0
RCHGF003187	iCN900.CD630_30140	40.9	93	55	0	2	94	4	96	4.05e-22	82.8
RCHGF003187	iYO844.BSU12010	45.7	94	50	1	1	94	1	93	2.78e-19	80.9
RCHGF003187	iCN900.CD630_30750	47.6	82	42	1	3	84	6	86	2.77e-19	80.9
RCHGF003187	iCN900.CD630_25670	42.6	94	54	0	1	94	1	94	2.95e-21	80.5
RCHGF003187	iHN637.CLJU_RS12835	53.3	75	35	0	1	75	1	75	3.28e-21	80.5
RCHGF003187	iYO844.BSU14400	43.0	93	52	1	2	94	171	262	2.45e-18	78.2
RCHGF003187	iCN900.CD630_31340	53.2	77	35	1	3	79	162	237	3.34e-18	77.8
RCHGF003187	iHN637.CLJU_RS10110	42.4	92	52	1	3	94	176	266	4.56e-18	77.4
RCHGF003188	iML1515.b0731	32.0	150	99	2	1	149	21	168	3.13e-21	88.6
RCHGF003188	iSSON_1240.SSON_0682	32.0	150	99	2	1	149	21	168	3.13e-21	88.6
RCHGF003188	iSbBS512_1146.SbBS512_E0650	32.0	150	99	2	1	149	1	148	7.88e-21	87.4
RCHGF003188	iSF_1195.SF0566	31.3	150	100	2	1	149	21	168	2.73e-20	85.9
RCHGF003188	iCN900.CD630_30150	32.2	146	97	1	1	146	1	144	1.26e-21	84.7
RCHGF003189	iML1515.b1337	35.8	274	160	5	23	282	21	292	2.51e-39	146
RCHGF003190	iYO844.BSU12960	30.0	550	344	19	1	528	7	537	2.89e-51	183
RCHGF003191	iYO844.BSU39260	53.5	465	209	3	5	469	12	469	3.13e-183	520
RCHGF003191	iCN900.CD630_30960	50.9	475	224	4	1	469	3	474	1.63e-179	510
RCHGF003191	iYO844.BSU40110	48.5	478	235	5	1	469	4	479	4.80e-165	474
RCHGF003191	iML1515.b2901	48.8	471	232	3	5	469	12	479	6.32e-163	468
RCHGF003191	iML1515.b2716	48.1	474	231	5	4	469	7	473	5.33e-163	468
RCHGF003191	iSSON_1240.SSON_3054	48.4	475	236	3	1	469	8	479	6.32e-163	468
RCHGF003191	iYS854.USA300HOU_RS01380	49.0	480	229	7	1	469	4	478	8.66e-163	468
RCHGF003192	iCN900.CD630_01350	34.4	96	62	1	14	109	6	100	1.08e-12	58.9
RCHGF003192	iCN900.CD630_30800	41.8	91	48	2	6	94	9	96	6.01e-12	57.4
RCHGF003192	iCN900.CD630_28800	36.8	87	54	1	6	92	2	87	2.57e-11	55.5
RCHGF003192	iCN900.CD630_36470	32.0	100	67	1	6	105	2	100	5.12e-11	54.7
RCHGF003193	iCN900.CD630_30810	37.0	403	253	1	11	412	7	409	1.49e-95	292
RCHGF003194	iCN900.CD630_30820	29.0	100	71	0	1	100	4	103	7.20e-14	61.6
RCHGF003194	iCN900.CD630_34440	33.7	92	57	1	1	88	1	92	5.23e-12	57.0
RCHGF003195	iYS854.USA300HOU_RS11635	21.6	538	376	20	3	514	6	523	5.56e-12	68.6
RCHGF003203	iYS854.USA300HOU_RS06075	40.0	185	110	1	18	201	5	189	2.86e-42	141
RCHGF003203	iNF517.LLMG_RS10780	39.4	180	108	1	18	197	4	182	6.84e-40	135
RCHGF003203	iYO844.BSU15680	37.8	185	114	1	18	201	4	188	2.65e-39	133
RCHGF003204	STM_v1_0.STM1742	57.1	319	134	1	5	320	11	329	1.63e-127	367
RCHGF003204	iYL1228.KPN_02193	56.4	319	136	1	5	320	11	329	3.78e-126	363
RCHGF003204	iSbBS512_1146.SbBS512_E1416	56.4	319	136	1	5	320	11	329	7.60e-126	363
RCHGF003204	iML1515.b1247	56.1	319	137	1	5	320	11	329	1.53e-125	362
RCHGF003204	iSF_1195.SF1248	56.1	319	137	1	5	320	11	329	2.17e-125	362
RCHGF003204	iSDY_1059.SDY_1305	55.8	319	138	1	5	320	11	329	1.24e-124	360
RCHGF003204	iSSON_1240.SSON_1933	56.1	319	137	1	5	320	11	329	2.50e-124	359
RCHGF003204	iLJ478.TM1750	54.4	318	136	4	5	321	13	322	2.74e-117	341
RCHGF003205	iYO844.BSU12950	51.1	329	152	4	3	330	4	324	2.36e-103	306
RCHGF003205	iYS854.USA300HOU_RS04900	49.8	331	158	2	3	332	5	328	3.44e-101	301
RCHGF003205	iLJ478.TM1749	49.2	325	157	2	1	325	2	318	1.41e-99	296
RCHGF003205	iSbBS512_1146.SbBS512_E1415	47.4	323	160	5	2	324	18	330	2.45e-98	293
RCHGF003205	iSDY_1059.SDY_1304	48.2	311	152	3	2	312	18	319	1.40e-97	291
RCHGF003205	iSF_1195.SF1247	48.2	311	152	3	2	312	18	319	1.40e-97	291
RCHGF003205	iSSON_1240.SSON_1934	48.4	310	151	3	3	312	19	319	1.98e-97	291
RCHGF003205	STM_v1_0.STM1743	48.7	310	150	3	3	312	17	317	7.45e-97	290
RCHGF003205	iML1515.b1246	48.2	311	152	4	2	312	18	319	4.52e-96	288
RCHGF003205	iYL1228.KPN_02194	46.9	311	156	3	3	313	19	320	1.82e-95	286
RCHGF003206	iYO844.BSU12940	45.1	304	166	1	9	311	17	320	1.02e-86	262
RCHGF003207	iYO844.BSU12930	42.8	304	174	0	1	304	1	304	2.10e-81	248
RCHGF003207	iYL1228.KPN_02196	42.6	305	173	2	1	303	1	305	6.58e-77	236
RCHGF003207	iML1515.b1244	41.6	305	176	2	1	303	1	305	2.11e-75	233
RCHGF003207	iSF_1195.SF1245	41.6	305	176	2	1	303	1	305	2.11e-75	233
RCHGF003207	iSbBS512_1146.SbBS512_E1413	41.3	305	177	2	1	303	1	305	2.99e-75	232
RCHGF003207	iSDY_1059.SDY_1302	41.3	305	177	2	1	303	1	305	8.46e-75	231
RCHGF003207	iSSON_1240.SSON_1936	41.3	305	177	2	1	303	1	305	8.46e-75	231
RCHGF003207	STM_v1_0.STM1745	41.6	305	176	2	1	303	1	305	4.79e-74	229
RCHGF003208	iYO844.BSU29700	28.3	212	141	5	1	208	1	205	2.61e-21	87.4
RCHGF003209	iLJ478.TM1139	56.2	233	102	0	1	233	5	237	1.53e-89	263
RCHGF003209	iAF987.Gmet_1819	56.7	238	98	2	1	233	1	238	8.10e-89	262
RCHGF003209	iJN1463.PP_4863	54.3	234	106	1	1	234	5	237	1.89e-80	240
RCHGF003209	STM_v1_0.STM3560	51.7	234	112	1	1	234	5	237	3.68e-80	239
RCHGF003209	iYL1228.KPN_03816	50.9	234	114	1	1	234	5	237	2.99e-79	237
RCHGF003209	iJN1463.PP_1137	51.7	234	112	1	1	234	1	233	2.62e-79	237
RCHGF003210	iLJ478.TM1138	51.3	275	109	3	3	257	11	280	1.33e-87	261
RCHGF003210	iSSON_1240.SSON_3693	48.8	254	126	1	3	256	5	254	2.58e-83	249
RCHGF003210	iML1515.b3455	48.8	254	126	1	3	256	5	254	3.66e-83	249
RCHGF003210	iSbBS512_1146.SbBS512_E3867	48.8	254	126	1	3	256	5	254	3.66e-83	249
RCHGF003210	iSF_1195.SF3473	48.8	254	126	1	3	256	5	254	3.66e-83	249
RCHGF003210	iYL1228.KPN_03817	48.8	254	126	1	3	256	5	254	5.19e-83	248
RCHGF003210	STM_v1_0.STM3561	48.4	254	127	1	3	256	5	254	5.19e-83	248
RCHGF003210	iSDY_1059.SDY_3604	48.4	254	127	1	3	256	5	254	1.04e-82	248
RCHGF003210	iJN1463.PP_1138	48.4	254	127	2	3	256	5	254	3.92e-80	241
RCHGF003210	iPC815.YPO3805	48.0	254	128	1	3	256	6	255	3.92e-80	241
RCHGF003211	iLJ478.TM1137	39.4	297	146	5	48	310	51	347	4.95e-53	177
RCHGF003212	iLJ478.TM1136	48.8	299	146	2	1	292	1	299	5.19e-87	261
RCHGF003212	iYL1228.KPN_03819	47.8	301	145	3	4	292	8	308	5.58e-78	239
RCHGF003212	iPC815.YPO3807	46.5	301	149	2	4	292	8	308	4.48e-77	236
RCHGF003212	STM_v1_0.STM3563	46.8	301	148	3	4	292	8	308	6.34e-77	236
RCHGF003212	iML1515.b3457	47.5	301	146	3	4	292	8	308	8.98e-77	236
RCHGF003212	iSbBS512_1146.SbBS512_E3865	47.5	301	146	3	4	292	8	308	8.98e-77	236
RCHGF003212	iSSON_1240.SSON_3695	47.5	301	146	3	4	292	8	308	8.98e-77	236
RCHGF003213	iLJ478.TM1135	36.8	296	175	6	86	379	65	350	1.36e-47	166
RCHGF003220	iCN900.CD630_30970	41.5	135	79	0	3	137	482	616	3.38e-36	131
RCHGF003220	iCN900.CD630_31250	45.5	134	70	1	7	137	487	620	8.92e-36	130
RCHGF003220	iCN900.CD630_31370	48.8	125	64	0	12	136	466	590	1.08e-35	129
RCHGF003220	iCN900.CD630_08160	47.2	127	67	0	11	137	474	600	4.07e-35	128
RCHGF003220	iYO844.BSU02350	46.3	123	66	0	14	136	500	622	2.79e-34	125
RCHGF003220	iYO844.BSU13890	42.2	147	84	1	14	159	553	699	4.57e-34	125
RCHGF003220	iPC815.YPO2995	38.1	155	96	0	5	159	15	169	4.02e-37	125
RCHGF003220	iYS854.USA300HOU_RS07270	38.4	159	96	2	1	157	5	163	1.05e-36	124
RCHGF003220	iML1515.b2417	37.4	155	97	0	5	159	15	169	3.24e-36	122
RCHGF003220	iSDY_1059.SDY_2614	37.4	155	97	0	5	159	15	169	3.24e-36	122
RCHGF003220	iSF_1195.SF2472	37.4	155	97	0	5	159	15	169	3.24e-36	122
RCHGF003220	iSSON_1240.SSON_2506	37.4	155	97	0	5	159	15	169	3.24e-36	122
RCHGF003220	iYL1228.KPN_02764	38.1	155	96	0	5	159	15	169	6.48e-36	122
RCHGF003220	STM_v1_0.STM2433	38.1	155	96	0	5	159	15	169	6.48e-36	122
RCHGF003220	iSbBS512_1146.SbBS512_E2763	37.4	155	97	0	5	159	15	169	6.48e-36	122
RCHGF003220	iYS854.USA300HOU_RS13765	46.2	130	70	0	12	141	543	672	1.02e-32	121
RCHGF003220	iNF517.LLMG_RS07195	45.7	127	69	0	15	141	506	632	3.34e-32	120
RCHGF003220	iYO844.BSU39270	45.5	123	67	0	15	137	466	588	1.44e-31	118
RCHGF003222	iML1515.b2715	35.4	407	250	4	9	408	8	408	1.31e-85	270
RCHGF003222	iSSON_1240.SSON_2859	35.4	407	250	4	9	408	8	408	2.59e-85	270
RCHGF003222	iCN900.CD630_31270	33.7	463	297	6	3	462	2	457	5.17e-83	263
RCHGF003222	iYO844.BSU39270	31.5	457	299	7	8	462	5	449	5.03e-76	249
RCHGF003222	iCN900.CD630_08160	32.9	468	282	7	9	461	6	456	1.95e-75	248
RCHGF003223	iEK1008.Rv1426c	25.1	215	138	7	30	242	177	370	2.47e-08	54.3
RCHGF003224	iEK1008.Rv1399c	25.7	269	185	5	37	295	54	317	4.75e-18	82.4
RCHGF003225	iYO844.BSU38040	34.4	436	238	14	7	407	31	453	6.38e-74	239
RCHGF003225	iCN900.CD630_18050	32.3	458	257	15	8	423	34	480	2.74e-67	222
RCHGF003226	iCN900.CD630_18060	47.0	313	165	1	1	312	1	313	1.39e-100	298
RCHGF003228	iAM_Pc455.PCYB_113330	30.7	192	126	3	52	237	340	530	1.53e-21	99.0
RCHGF003231	iHN637.CLJU_RS20665	42.0	255	145	3	5	258	5	257	2.67e-69	214
RCHGF003231	iJN1463.PP_0736	45.2	252	135	2	1	252	1	249	2.77e-67	209
RCHGF003232	iML1515.b0731	31.5	92	57	2	499	584	38	129	3.45e-05	46.6
RCHGF003232	iSbBS512_1146.SbBS512_E0650	31.5	92	57	2	499	584	18	109	3.41e-05	46.6
RCHGF003232	iSSON_1240.SSON_0682	31.5	92	57	2	499	584	38	129	3.45e-05	46.6
RCHGF003234	iYO844.BSU38390	31.3	448	277	12	4	431	2	438	7.77e-58	196
RCHGF003234	iCN900.CD630_08620	31.3	415	270	8	10	421	13	415	3.48e-56	191
RCHGF003234	iCN900.CD630_01370	32.1	442	272	12	9	433	3	433	8.56e-56	190
RCHGF003234	iYO844.BSU38580	30.8	441	272	13	7	426	5	433	3.02e-53	184
RCHGF003234	iYO844.BSU05830	27.7	422	289	11	8	420	3	417	1.29e-52	182
RCHGF003235	iCN900.CD630_36480	34.8	92	54	2	1	86	1	92	9.26e-13	58.5
RCHGF003235	iYO844.BSU05810	31.0	100	63	2	1	94	1	100	4.16e-11	54.3
RCHGF003235	iCN900.CD630_28840	32.6	92	56	2	1	86	1	92	8.30e-11	53.5
RCHGF003236	iNF517.LLMG_RS01005	39.1	463	267	7	14	464	13	472	1.85e-110	334
RCHGF003236	iYS854.USA300HOU_RS11865	38.3	478	259	14	8	464	3	465	2.52e-99	305
RCHGF003238	iHN637.CLJU_RS07205	41.9	439	211	7	17	453	182	578	3.69e-106	330
RCHGF003238	iHN637.CLJU_RS03480	42.7	440	235	7	14	450	27	452	3.25e-106	326
RCHGF003238	iLJ478.TM0201	41.9	454	236	8	13	451	160	600	3.59e-104	326
RCHGF003238	iCN900.CD630_34070	39.2	426	216	5	23	447	190	573	8.65e-101	317
RCHGF003238	iHN637.CLJU_RS08485	41.7	444	231	8	14	450	36	458	5.12e-99	308
RCHGF003238	iCN900.CD630_33140	40.2	438	243	7	14	447	31	453	1.43e-95	299
RCHGF003240	iSDY_1059.SDY_4317	44.8	417	212	6	1	414	1	402	4.40e-132	385
RCHGF003240	iSF_1195.SF4088	44.1	417	215	6	1	414	1	402	1.16e-129	379
RCHGF003241	iNF517.LLMG_RS07905	36.3	306	190	4	1	306	1	301	2.16e-52	174
RCHGF003241	iHN637.CLJU_RS10115	40.3	258	146	5	1	257	1	251	9.18e-50	167
RCHGF003241	iYO844.BSU14390	34.0	309	198	4	1	309	1	303	1.92e-49	166
RCHGF003241	iYS854.USA300HOU_RS03775	33.5	310	200	4	1	310	1	304	1.36e-46	159
RCHGF003241	iCN900.CD630_34510	30.1	309	215	1	1	309	1	308	1.13e-45	156
RCHGF003241	iJN1463.PP_0794	33.8	287	189	1	2	288	4	289	1.31e-45	156
RCHGF003242	STM_v1_0.STM3685	35.1	259	147	5	18	255	380	638	2.86e-45	160
RCHGF003242	iML1515.b3599	35.2	256	145	5	18	252	380	635	3.79e-44	157
RCHGF003242	iSbBS512_1146.SbBS512_E4016	35.2	256	145	5	18	252	380	635	3.79e-44	157
RCHGF003242	iSF_1195.SF3633	35.2	256	145	5	18	252	380	635	3.79e-44	157
RCHGF003242	iSSON_1240.SSON_3809	35.2	256	145	5	18	252	380	635	3.79e-44	157
RCHGF003242	iYL1228.KPN_03942	34.6	254	144	5	18	251	380	631	2.47e-42	152
RCHGF003242	iPC815.YPO4068	31.4	258	154	5	18	252	382	639	8.41e-40	145
RCHGF003243	iYS854.USA300HOU_RS11635	28.5	527	349	8	7	528	1	504	9.80e-52	191
RCHGF003244	iYO844.BSU03981	54.3	468	200	2	1	454	11	478	1.64e-176	502
RCHGF003244	iPC815.YPO4068	57.5	461	186	2	2	452	7	467	1.28e-172	498
RCHGF003244	iYL1228.KPN_03942	56.9	462	188	4	1	452	5	465	2.09e-169	490
RCHGF003244	STM_v1_0.STM3685	56.5	462	190	4	1	452	5	465	6.51e-169	489
RCHGF003244	iML1515.b3599	56.7	462	189	4	1	452	5	465	8.93e-169	488
RCHGF003244	iSbBS512_1146.SbBS512_E4016	56.5	462	190	4	1	452	5	465	3.59e-168	487
RCHGF003244	iSF_1195.SF3633	56.5	462	190	4	1	452	5	465	3.59e-168	487
RCHGF003244	iSSON_1240.SSON_3809	56.5	462	190	4	1	452	5	465	3.59e-168	487
RCHGF003244	iCN900.CD630_23340	52.9	463	207	2	1	452	9	471	4.39e-163	468
RCHGF003250	iCN900.CD630_17020	61.5	431	166	0	2	432	3	433	5.63e-200	559
RCHGF003253	iYS854.USA300HOU_RS13360	28.0	257	159	8	1	234	3	256	9.13e-10	59.3
RCHGF003253	iAF692.Mbar_A1305	32.6	172	97	6	29	189	29	192	6.64e-09	57.4
RCHGF003253	iYS854.USA300HOU_RS12030	24.9	205	117	6	337	507	23	224	4.48e-09	57.4
RCHGF003253	iLJ478.TM0191	26.2	187	123	7	1	178	1	181	4.70e-09	57.0
RCHGF003253	iCN900.CD630_35330	28.7	178	96	5	12	168	21	188	6.81e-09	56.2
RCHGF003253	iHN637.CLJU_RS15665	26.3	194	127	6	1	189	1	183	7.48e-09	55.8
RCHGF003253	iJN1463.PP_3830	29.0	200	121	8	20	205	19	211	2.16e-08	55.8
RCHGF003253	iAF692.Mbar_A0472	25.1	199	133	4	5	189	17	213	2.45e-08	55.5
RCHGF003253	iYS854.USA300HOU_RS07015	28.8	219	124	8	1	204	1	202	1.59e-08	55.1
RCHGF003253	iYO844.BSU02860	25.6	203	142	4	14	208	15	216	2.09e-08	54.7
RCHGF003253	iCN900.CD630_04310	29.1	203	112	7	17	204	281	466	6.74e-08	54.7
RCHGF003253	iAF987.Gmet_0492	22.6	221	140	6	20	224	23	228	3.61e-08	54.3
RCHGF003257	iAF692.Mbar_A0480	37.4	265	159	4	2	260	5	268	1.00e-43	149
RCHGF003257	iMM1415.66194	34.7	259	159	3	3	256	9	262	1.16e-42	146
RCHGF003257	iCHOv1.100767919	36.8	258	158	3	4	256	2	259	1.36e-41	144
RCHGF003257	iYL1228.KPN_00329	35.9	256	163	1	1	255	3	258	4.21e-42	144
RCHGF003257	iHN637.CLJU_RS18405	34.9	258	167	1	1	257	1	258	5.78e-42	144
RCHGF003257	iCHOv1.100758600	34.6	257	158	3	5	256	11	262	1.78e-41	143
RCHGF003257	iAT_PLT_636.5831	36.7	259	157	4	4	256	2	259	6.93e-41	142
RCHGF003257	iMM1415.209027	36.0	258	160	3	4	256	32	289	1.16e-40	142
RCHGF003257	iLB1027_lipid.PHATRDRAFT_25379	35.4	254	162	2	4	256	14	266	1.01e-40	141
RCHGF003257	iSSON_1240.SSON_0362	35.9	256	163	1	1	255	1	256	1.22e-40	140
RCHGF003257	iML1515.b0386	35.9	256	163	1	1	255	1	256	2.42e-40	140
RCHGF003257	iSF_1195.SF0322	35.9	256	163	1	1	255	1	256	2.42e-40	140
RCHGF003257	STM_v1_0.STM0386	35.5	256	164	1	1	255	1	256	3.40e-40	139
RCHGF003257	iSDY_1059.SDY_0356	35.5	256	164	1	1	255	1	256	3.40e-40	139
RCHGF003257	iCHOv1.100751666	36.0	258	160	3	4	256	2	259	1.61e-39	139
RCHGF003257	iAM_Pb448.PBANKA_113420	31.3	252	166	2	5	256	6	250	5.36e-40	139
RCHGF003257	iCN900.CD630_14950	33.9	254	167	1	3	255	2	255	1.27e-39	138
RCHGF003257	iMM1415.69051	36.0	258	160	3	4	256	2	259	4.44e-39	138
RCHGF003257	iSbBS512_1146.SbBS512_E0303	35.2	256	165	1	1	255	1	256	1.03e-38	135
RCHGF003257	iIS312.TCDM_02525	33.3	252	167	1	5	255	3	254	2.04e-38	135
RCHGF003257	iCN900.CD630_32810	33.9	254	167	1	3	255	2	255	3.84e-38	134
RCHGF003261	iEK1008.Rv2936	37.5	224	136	3	2	222	5	227	3.18e-44	153
RCHGF003261	iSynCJ816.SGL_RS17160	35.7	235	140	3	4	237	2	226	1.97e-38	138
RCHGF003333	iYS854.USA300HOU_RS10315	52.2	475	226	1	1	474	1	475	1.65e-168	483
RCHGF003334	iNF517.LLMG_RS00935	38.8	433	255	4	36	462	46	474	1.86e-98	304
RCHGF003334	iAF692.Mbar_A0883	38.9	427	248	4	40	462	47	464	7.55e-98	302
RCHGF003334	iLJ478.TM1272	37.6	426	260	3	42	467	46	465	1.50e-97	301
RCHGF003334	iCN718.ABAYE_RS04050	40.6	429	240	7	36	454	47	470	1.08e-95	297
RCHGF003334	iYS854.USA300HOU_RS10320	37.8	429	257	7	40	464	56	478	3.86e-94	293
RCHGF003334	iSynCJ816.SGL_RS07160	38.0	410	249	3	54	462	67	472	5.68e-93	290
RCHGF003334	iJN1463.PP_0931	38.8	410	244	4	47	454	61	465	1.19e-88	278
RCHGF003335	iLJ478.TM0252	30.7	75	51	1	23	97	19	92	7.40e-05	38.1
RCHGF003335	iCN718.ABAYE_RS04055	28.4	95	67	1	7	101	11	104	8.85e-04	35.4
RCHGF003337	iYS854.USA300HOU_RS10340	52.8	659	305	2	5	659	7	663	1.69e-225	642
RCHGF003339	iYS854.USA300HOU_RS12505	30.6	219	129	6	226	439	59	259	6.06e-21	93.2
RCHGF003340	iCN900.CD630_12240	47.0	268	142	0	5	272	3	270	3.49e-88	263
RCHGF003340	iHN637.CLJU_RS10190	46.2	266	143	0	7	272	13	278	1.57e-83	251
RCHGF003340	iYO844.BSU23490	43.9	269	151	0	3	271	1	269	1.17e-81	246
RCHGF003341	STM_v1_0.STM0757	29.9	221	127	5	28	222	19	237	2.72e-21	88.2
RCHGF003341	iML1515.b0751	29.4	221	128	4	28	222	19	237	2.82e-19	82.8
RCHGF003341	iSF_1195.SF0553	29.4	221	128	4	28	222	19	237	2.82e-19	82.8
RCHGF003341	iSSON_1240.SSON_0703	29.4	221	128	4	28	222	19	237	2.82e-19	82.8
RCHGF003341	iYL1228.KPN_00755	26.5	219	133	4	28	220	19	235	3.92e-19	82.4
RCHGF003341	iSbBS512_1146.SbBS512_E0673	30.0	217	124	4	28	218	14	228	3.60e-19	82.4
RCHGF003341	iSDY_1059.SDY_0695	29.0	221	129	4	28	222	19	237	7.59e-19	81.6
RCHGF003343	iAF692.Mbar_A1138	29.2	233	153	6	4	236	2	222	2.82e-25	103
RCHGF003344	iCN900.CD630_00430	36.0	425	264	4	5	427	1	419	9.25e-78	249
RCHGF003344	iYL1228.KPN_03550	35.1	405	255	2	6	410	4	400	6.84e-77	247
RCHGF003344	STM_v1_0.STM3260	32.8	451	294	4	6	454	4	447	1.13e-73	238
RCHGF003344	iSbBS512_1146.SbBS512_E1146	33.6	405	261	3	6	410	4	400	7.47e-73	236
RCHGF003344	iCN900.CD630_23250	34.3	420	260	4	1	415	1	409	1.01e-72	235
RCHGF003344	iSF_1195.SF2154	33.3	405	262	3	6	410	4	400	1.13e-71	233
RCHGF003344	iYS854.USA300HOU_RS01285	33.6	405	262	3	6	410	6	403	8.68e-69	224
RCHGF003345	iYS854.USA300HOU_RS01280	42.5	87	50	0	1	87	1	87	9.83e-22	80.9
RCHGF003345	iYL1228.KPN_03549	39.6	91	54	1	2	91	3	93	1.47e-21	80.5
RCHGF003345	iCN900.CD630_23260	41.1	90	53	0	1	90	1	90	2.73e-21	79.7
RCHGF003345	iML1515.b2093	43.3	90	50	1	2	90	3	92	2.96e-21	79.7
RCHGF003345	iSbBS512_1146.SbBS512_E1145	42.2	90	51	1	2	90	3	92	1.20e-20	78.2
RCHGF003345	iSF_1195.SF2155	41.1	90	52	1	2	90	3	92	1.70e-20	77.8
RCHGF003345	iCN900.CD630_10830	38.9	90	55	0	1	90	1	90	3.65e-19	74.3
RCHGF003345	STM_v1_0.STM3259	37.8	90	55	1	2	90	3	92	1.12e-18	73.2
RCHGF003346	iCN900.CD630_00410	31.0	145	99	1	9	153	11	154	6.17e-20	80.5
RCHGF003346	iYS854.USA300HOU_RS01275	26.8	153	111	1	1	152	1	153	2.49e-19	79.0
RCHGF003346	iCN900.CD630_23270	26.1	142	105	0	8	149	10	151	3.58e-18	75.9
RCHGF003347	iYS854.USA300HOU_RS01760	33.8	139	92	0	1	139	1	139	5.97e-24	90.9
RCHGF003347	iML1515.b4195	34.6	133	85	2	10	140	12	144	2.83e-23	89.4
RCHGF003347	STM_v1_0.STM4385	31.7	142	95	2	1	140	3	144	2.83e-23	89.4
RCHGF003347	iSDY_1059.SDY_4364	34.6	133	85	2	10	140	12	144	2.83e-23	89.4
RCHGF003347	iSF_1195.SF4350	33.1	133	87	2	10	140	12	144	1.75e-21	84.7
RCHGF003347	iSSON_1240.SSON_4377	33.1	133	87	2	10	140	12	144	1.75e-21	84.7
RCHGF003347	iSbBS512_1146.SbBS512_E4725	32.3	133	88	2	10	140	12	144	6.90e-21	83.2
RCHGF003347	iYL1228.KPN_04588	30.7	137	93	2	10	144	12	148	1.40e-20	82.4
RCHGF003348	iYS854.USA300HOU_RS01760	39.7	141	84	1	530	669	3	143	1.30e-23	97.1
RCHGF003348	iYS854.USA300HOU_RS11635	22.8	448	301	13	87	502	87	521	4.89e-19	91.3
RCHGF003349	iYS854.USA300HOU_RS12505	29.9	214	135	5	234	442	61	264	8.89e-23	98.6
RCHGF003352	iLJ478.TM1396	23.6	368	246	13	35	375	492	851	6.15e-14	73.2
RCHGF003352	iCN900.CD630_12820	22.6	385	252	13	34	377	496	875	1.91e-12	68.6
RCHGF003354	iYO844.BSU22730	34.2	155	78	6	1	155	1	131	9.37e-15	67.0
RCHGF003354	iAF692.Mbar_A3385	32.5	154	76	7	3	154	2	129	7.13e-14	64.7
RCHGF003354	iMM904.YKL067W	32.0	153	80	7	3	155	6	134	1.52e-13	63.9
RCHGF003354	iYS854.USA300HOU_RS07510	30.8	156	78	6	3	155	2	130	1.40e-13	63.9
RCHGF003354	iAT_PLT_636.4832	30.7	153	82	6	3	155	22	150	7.86e-13	62.4
RCHGF003354	iMM1415.18103	30.3	155	80	8	3	155	5	133	1.57e-12	61.2
RCHGF003354	iAM_Pb448.PBANKA_114240	31.4	153	81	6	3	155	2	130	2.89e-12	60.5
RCHGF003355	iYS854.USA300HOU_RS01895	31.0	594	383	12	12	583	13	601	2.09e-87	283
RCHGF003356	iCN900.CD630_35960	48.2	790	393	8	3	782	7	790	9.29e-258	734
RCHGF003356	iHN637.CLJU_RS03270	46.9	793	408	4	2	785	9	797	1.44e-250	716
RCHGF003364	iHN637.CLJU_RS04385	41.5	480	274	4	32	511	34	506	2.71e-135	400
RCHGF003366	iMM904.YIL162W	29.7	360	199	16	497	832	12	341	1.37e-33	137
RCHGF003367	iAF987.Gmet_1914	28.6	126	88	2	1	126	1	124	1.08e-08	54.3
RCHGF003367	iAF987.Gmet_1919	29.9	117	80	2	4	120	5	119	5.60e-08	52.0
RCHGF003367	iAF987.Gmet_0069	27.0	122	85	2	4	121	5	126	5.62e-07	48.9
RCHGF003374	iYO844.BSU38570	44.0	100	56	0	2	101	3	102	8.72e-22	82.0
RCHGF003374	iCN900.CD630_28800	43.2	95	54	0	7	101	8	102	8.76e-21	79.3
RCHGF003374	iCN900.CD630_36470	42.4	92	53	0	7	98	8	99	4.05e-19	75.1
RCHGF003375	iCN900.CD630_28830	34.5	473	260	10	1	468	1	428	6.74e-85	267
RCHGF003375	STM_v1_0.STM1313	32.7	486	266	6	1	473	1	438	5.84e-76	244
RCHGF003376	iCN900.CD630_36480	51.5	99	46	1	1	97	1	99	2.23e-27	95.9
RCHGF003376	iCN900.CD630_28840	49.5	99	48	1	1	97	1	99	5.19e-26	92.4
RCHGF003376	iYO844.BSU38590	49.5	97	47	1	3	97	2	98	5.83e-25	89.7
RCHGF003376	iYO844.BSU05810	50.0	100	48	1	1	98	1	100	9.81e-24	86.7
RCHGF003381	iML1515.b1199	36.5	181	113	1	26	204	25	205	5.61e-32	115
RCHGF003381	iSbBS512_1146.SbBS512_E1358	36.5	181	113	1	26	204	25	205	5.61e-32	115
RCHGF003381	iSF_1195.SF1202	36.5	181	113	1	26	204	25	205	5.61e-32	115
RCHGF003381	iYL1228.KPN_03496	34.8	181	116	1	26	204	25	205	5.24e-29	107
RCHGF003382	iML1515.b1200	38.1	341	183	3	1	316	1	338	9.26e-72	226
RCHGF003382	iSF_1195.SF1203	37.8	341	184	3	1	316	11	348	1.74e-71	226
RCHGF003382	iSbBS512_1146.SbBS512_E1359	37.8	341	184	3	1	316	1	338	1.49e-70	223
RCHGF003382	iYL1228.KPN_03495	35.2	341	193	3	1	316	1	338	3.51e-65	209
RCHGF003383	iPC815.YPO3353	47.3	146	76	1	1	145	2	147	1.62e-42	137
RCHGF003383	iYL1228.KPN_01125	44.6	148	81	1	3	149	4	151	1.56e-40	132
RCHGF003385	iYO844.BSU14400	47.4	331	169	4	21	347	305	634	3.91e-85	269
RCHGF003385	iCN900.CD630_22690	47.7	327	168	2	21	344	308	634	8.45e-85	268
RCHGF003385	iYS854.USA300HOU_RS03780	46.7	347	177	4	11	349	297	643	3.88e-81	259
RCHGF003385	iHN637.CLJU_RS10110	46.3	328	172	3	21	344	300	627	1.30e-76	247
RCHGF003386	iHN637.CLJU_RS12835	45.0	100	53	1	10	109	1	98	3.92e-26	93.2
RCHGF003386	iCN900.CD630_02080	47.0	100	51	1	10	109	1	98	2.86e-25	90.9
RCHGF003386	iCN900.CD630_30140	56.2	73	32	0	11	83	4	76	4.52e-25	90.5
RCHGF003387	iCN900.CD630_30150	33.6	146	95	2	4	149	1	144	9.56e-20	80.1
RCHGF003387	iYO844.BSU14400	32.7	150	98	3	4	153	1	147	7.65e-17	76.3
RCHGF003387	iYS854.USA300HOU_RS03780	30.7	150	101	2	4	153	1	147	1.42e-16	75.5
RCHGF003388	iCN900.CD630_31350	39.5	261	142	6	1	257	1	249	3.91e-53	174
RCHGF003388	iCN900.CD630_30740	38.4	255	147	2	2	256	3	247	7.16e-53	174
RCHGF003388	iCN900.CD630_34480	36.3	256	153	2	2	257	3	248	6.73e-52	171
RCHGF003388	iHN637.CLJU_RS00320	37.3	263	155	4	1	263	1	253	5.11e-50	166
RCHGF003388	STM_v1_0.STM3253	36.2	254	153	2	2	255	3	247	3.68e-48	161
RCHGF003388	iSF_1195.SF2158	34.0	256	160	2	2	257	3	249	4.05e-47	159
RCHGF003388	iML1515.b2096	34.4	256	159	2	2	257	3	249	5.71e-47	158
RCHGF003388	iYL1228.KPN_03543	34.4	259	161	2	2	260	3	252	8.04e-47	158
RCHGF003388	iSbBS512_1146.SbBS512_E1142	34.4	256	159	2	2	257	3	249	8.04e-47	158
RCHGF003390	iYS854.USA300HOU_RS11635	19.2	511	379	12	1	495	2	494	8.38e-13	71.2
RCHGF003390	iCN900.CD630_30150	31.4	140	91	3	515	649	12	151	9.31e-14	68.9
RCHGF003394	iCN718.ABAYE_RS17405	22.0	200	144	5	2	192	8	204	2.46e-04	40.4
RCHGF003396	iAF987.Gmet_1558	60.4	308	122	0	1	308	1	308	6.97e-131	374
RCHGF003396	iEK1008.Rv2334	59.7	305	123	0	4	308	3	307	1.53e-120	348
RCHGF003396	iAF692.Mbar_A2422	57.8	308	129	1	1	307	1	308	9.47e-119	343
RCHGF003407	iYS854.USA300HOU_RS06995	25.9	405	270	12	11	390	8	407	1.00e-30	121
RCHGF003408	iYS854.USA300HOU_RS06995	37.6	415	257	2	15	428	1	414	2.55e-93	287
RCHGF003459	iCN718.ABAYE_RS00975	28.1	199	121	6	14	205	3	186	1.54e-08	56.2
RCHGF003470	iCN900.CD630_09010	51.1	523	246	4	1	521	3	517	4.62e-171	493
RCHGF003471	iCN900.CD630_09000	51.9	372	173	3	1	369	1	369	1.25e-131	381
RCHGF003472	iAF987.Gmet_0354	43.1	167	95	0	53	219	89	255	1.42e-34	130
RCHGF003472	iJN1463.PP_5084	39.9	173	104	0	49	221	66	238	7.71e-33	125
RCHGF003472	iAF987.Gmet_1671	42.9	177	99	2	49	224	62	237	8.57e-33	124
RCHGF003472	iYS854.USA300HOU_RS07420	40.7	162	96	0	52	213	96	257	1.33e-32	124
RCHGF003472	iML1515.b3396	41.9	172	98	2	53	223	69	239	1.97e-32	124
RCHGF003472	iSbBS512_1146.SbBS512_E3773	41.9	172	98	2	53	223	69	239	1.97e-32	124
RCHGF003472	iSDY_1059.SDY_3682	41.9	172	98	2	53	223	77	247	1.97e-32	124
RCHGF003472	iSF_1195.SF3414	41.9	172	98	2	53	223	69	239	1.97e-32	124
RCHGF003472	iSSON_1240.SSON_3527	41.9	172	98	2	53	223	77	247	1.97e-32	124
RCHGF003472	iPC815.YPO0145	40.7	172	100	2	53	223	69	239	4.95e-32	122
RCHGF003472	iYL1228.KPN_03767	40.9	171	101	0	53	223	22	192	1.05e-30	119
RCHGF003472	STM_v1_0.STM3493	40.1	172	101	2	53	223	77	247	1.98e-30	118
RCHGF003475	iHN637.CLJU_RS18325	39.4	498	283	9	1	482	1	495	5.28e-93	290
RCHGF003475	iCN900.CD630_08930	38.4	503	282	11	1	482	1	496	1.02e-89	282
RCHGF003475	iCN900.CD630_08940	36.7	499	292	8	4	482	4	498	9.33e-84	266
RCHGF003476	iJN1463.PP_2872	26.7	288	175	13	8	276	7	277	1.90e-05	45.1
RCHGF003477	iHN637.CLJU_RS07410	50.3	189	94	0	1	189	1	189	2.22e-63	194
RCHGF003477	iYS854.USA300HOU_RS02055	51.0	192	94	0	1	192	1	192	1.27e-60	187
RCHGF003477	iYO844.BSU22070	51.3	191	93	0	1	191	1	191	1.02e-57	179
RCHGF003480	iAF987.Gmet_0205	52.6	302	140	2	2	301	3	303	1.33e-103	304
RCHGF003480	iAF692.Mbar_A3512	51.8	301	143	2	2	301	3	302	2.98e-102	301
RCHGF003480	iYO844.BSU11250	51.6	304	137	3	2	300	12	310	1.36e-94	282
RCHGF003480	iSynCJ816.SGL_RS16800	51.8	303	136	4	2	300	9	305	5.44e-94	280
RCHGF003481	iHN637.CLJU_RS10560	49.7	380	185	5	10	385	10	387	1.63e-125	367
RCHGF003482	iCN900.CD630_20320	53.5	282	129	1	6	287	4	283	8.77e-104	303
RCHGF003482	iHN637.CLJU_RS10565	51.3	279	132	3	9	285	7	283	5.09e-95	281
RCHGF003483	iCN900.CD630_20330	52.6	401	189	1	5	404	4	404	7.53e-142	409
RCHGF003483	iHN637.CLJU_RS10570	53.8	400	183	2	5	403	6	404	1.27e-140	406
RCHGF003484	iHN637.CLJU_RS10575	51.2	344	168	0	3	346	1	344	1.94e-129	373
RCHGF003485	iAF987.Gmet_0209	55.2	451	202	0	3	453	6	456	1.12e-164	472
RCHGF003485	iHN637.CLJU_RS03300	53.9	432	198	1	1	432	1	431	3.22e-159	457
RCHGF003485	iYO844.BSU29440	52.5	451	214	0	3	453	4	454	4.62e-157	452
RCHGF003485	iCN718.ABAYE_RS17470	52.1	447	213	1	3	448	19	465	7.34e-155	447
RCHGF003485	iCN900.CD630_25000	50.7	432	212	1	1	432	1	431	3.67e-153	442
RCHGF003485	iJN1463.PP_0184	50.3	451	224	0	4	454	14	464	1.88e-150	436
RCHGF003486	iHN637.CLJU_RS03295	58.8	398	162	2	8	405	4	399	5.00e-169	478
RCHGF003486	iCN900.CD630_17850	56.1	394	172	1	7	400	3	395	1.81e-161	459
RCHGF003488	iLJ478.TM0557	29.2	96	64	1	102	193	117	212	4.72e-06	48.5
RCHGF003488	iAF987.Gmet_0661	21.7	175	118	3	102	257	117	291	1.08e-05	47.4
RCHGF003488	iSDY_1059.SDY_0055	24.2	124	89	1	102	220	117	240	2.49e-05	46.2
RCHGF003488	iML1515.b0033	24.2	124	89	1	102	220	117	240	3.29e-05	45.8
RCHGF003488	iSbBS512_1146.SbBS512_E0037	24.2	124	89	1	102	220	117	240	3.29e-05	45.8
RCHGF003488	iSF_1195.SF0030	24.2	124	89	1	102	220	117	240	3.29e-05	45.8
RCHGF003488	iSSON_1240.SSON_0038	24.2	124	89	1	102	220	117	240	3.29e-05	45.8
RCHGF003488	iYO844.BSU37710	28.2	131	79	5	77	193	102	231	5.93e-05	44.7
RCHGF003488	iCN900.CD630_14080	31.0	87	55	3	111	193	93	178	4.26e-05	44.7
RCHGF003488	iCN900.CD630_35880	20.4	181	137	4	18	193	34	212	9.96e-05	44.3
RCHGF003488	iCHOv1.100689232	26.0	104	73	2	92	191	1026	1129	1.08e-04	44.3
RCHGF003488	iMM904.YGL062W	28.9	97	65	2	102	196	124	218	1.01e-04	44.3
RCHGF003488	iSynCJ816.SGL_RS08220	25.8	93	62	2	106	191	102	194	7.07e-05	44.3
RCHGF003488	iPC815.YPO0482	23.4	124	90	1	102	220	117	240	1.32e-04	43.9
RCHGF003491	iEK1008.Rv1288	27.2	147	90	5	18	163	190	320	7.42e-06	46.2
RCHGF003497	iPC815.YPO0490	43.1	65	35	1	21	85	6	68	1.40e-09	58.2
RCHGF003497	iYL1228.KPN_00046	40.0	65	37	1	21	85	6	68	6.02e-08	53.1
RCHGF003497	iJN1463.PP_0399	42.4	66	36	2	20	85	5	68	8.34e-08	52.8
RCHGF003498	iHN637.CLJU_RS12895	52.3	342	163	0	1	342	1	342	2.42e-129	373
RCHGF003500	iML1515.b1694	44.1	513	279	5	4	512	15	523	7.09e-137	405
RCHGF003501	iCN900.CD630_08000	52.4	252	119	1	1	252	4	254	3.89e-84	251
RCHGF003501	iCN900.CD630_10570	53.8	249	114	1	2	250	10	257	9.80e-81	243
RCHGF003502	iCN900.CD630_10580	57.0	284	111	4	3	279	2	281	7.92e-99	290
RCHGF003503	iCN900.CD630_10560	44.5	335	176	3	9	341	3	329	2.83e-90	273
RCHGF003503	iAF987.Gmet_2257	43.8	340	174	6	3	336	104	432	1.36e-85	265
RCHGF003503	iAF987.Gmet_2066	42.1	337	183	4	7	340	108	435	2.54e-84	261
RCHGF003503	iHN637.CLJU_RS19400	40.5	343	187	5	4	340	3	334	3.41e-83	255
RCHGF003503	iAF987.Gmet_0684	41.6	332	183	3	7	336	111	433	7.73e-82	255
RCHGF003504	iCN900.CD630_10550	53.3	261	120	2	1	260	1	260	1.52e-84	253
RCHGF003505	iCN900.CD630_10540	74.3	370	95	0	10	379	9	378	8.94e-195	541
RCHGF003506	iCN900.CD630_10590	52.1	401	182	3	1	401	1	391	9.70e-141	406
RCHGF003506	iJN1463.PP_4636	51.9	401	184	2	1	401	1	392	3.78e-138	399
RCHGF003506	iML1515.b2224	53.2	402	179	2	1	402	1	393	2.65e-136	395
RCHGF003506	iSSON_1240.SSON_2283	54.0	402	176	3	1	402	1	393	5.33e-136	394
RCHGF003506	iCN900.CD630_26760	51.6	401	185	3	1	401	1	392	1.63e-134	390
RCHGF003506	iIT341.HP0690	51.6	401	183	5	1	401	1	390	3.16e-134	389
RCHGF003506	iYS854.USA300HOU_RS01880	50.1	401	190	3	1	401	1	391	9.51e-129	375
RCHGF003506	iYL1228.KPN_02055	49.6	397	190	3	6	401	6	393	2.87e-125	367
RCHGF003507	iML1515.b2224	53.3	400	179	2	1	400	1	392	1.11e-137	398
RCHGF003507	iCN900.CD630_10590	52.5	400	181	3	1	400	1	391	5.73e-137	396
RCHGF003507	iSSON_1240.SSON_2283	53.0	400	180	2	1	400	1	392	1.81e-136	395
RCHGF003507	iCN900.CD630_26760	50.6	401	188	3	1	400	1	392	8.34e-132	383
RCHGF003507	iJN1463.PP_4636	51.6	401	184	3	1	400	1	392	1.18e-131	383
RCHGF003507	iIT341.HP0690	50.8	400	187	3	1	400	1	390	4.27e-129	376
RCHGF003507	iSF_1195.SF2854	49.3	400	194	2	1	400	1	391	1.38e-125	367
RCHGF003507	iSSON_1240.SSON_3004	49.3	400	194	2	1	400	2	392	2.86e-125	367
RCHGF003507	iSbBS512_1146.SbBS512_E3016	49.3	400	194	2	1	400	1	391	7.86e-125	365
RCHGF003507	iYS854.USA300HOU_RS01880	48.9	403	191	5	1	400	1	391	1.80e-123	362
RCHGF003508	iCN900.CD630_15170	49.3	679	324	5	24	691	26	695	5.82e-215	619
RCHGF003509	iCN900.CD630_15180	34.7	72	47	0	1	72	1	72	6.85e-09	47.4
RCHGF003510	iML1515.b1771	26.1	299	157	14	39	285	39	325	8.76e-14	71.2
RCHGF003512	iHN637.CLJU_RS11970	55.9	304	133	1	1	303	1	304	4.19e-119	344
RCHGF003512	iYO844.BSU21910	53.8	301	135	3	1	299	1	299	6.07e-113	328
RCHGF003512	iLJ478.TM0881	50.3	304	149	2	1	303	1	303	1.18e-108	318
RCHGF003513	iAF987.Gmet_0819	56.0	418	184	0	2	419	6	423	1.09e-175	497
RCHGF003513	iCN900.CD630_18250	55.3	414	185	0	4	417	5	418	5.05e-175	495
RCHGF003514	iCHOv1.100753544	27.0	319	189	4	2	311	3	286	4.43e-27	107
RCHGF003526	iAF987.Gmet_1188	44.3	61	34	0	150	210	6	66	3.58e-09	55.5
RCHGF003530	iSynCJ816.SGL_RS16080	32.4	74	50	0	13	86	18	91	1.79e-05	45.1
RCHGF003531	iHN637.CLJU_RS01560	44.5	281	154	2	24	304	26	304	1.70e-74	230
RCHGF003531	iYS854.USA300HOU_RS03995	42.3	300	169	3	2	301	5	300	2.43e-69	217
RCHGF003531	iCN900.CD630_34020	41.7	300	172	2	2	301	5	301	8.85e-69	216
RCHGF003532	iLB1027_lipid.PHATRDRAFT_34672	41.4	324	174	5	37	344	14	337	1.90e-73	231
RCHGF003536	iNF517.LLMG_RS03945	42.2	322	183	1	2	320	5	326	6.78e-81	248
RCHGF003536	iYO844.BSU37660	39.6	316	191	0	4	319	8	323	1.40e-79	244
RCHGF003536	iYS854.USA300HOU_RS03075	38.0	321	195	1	4	320	8	328	1.33e-75	234
RCHGF003539	iYS854.USA300HOU_RS14125	59.2	294	119	1	1	294	1	293	7.32e-117	337
RCHGF003539	iSynCJ816.SGL_RS11345	59.1	291	117	1	5	295	12	300	2.60e-113	328
RCHGF003539	iLB1027_lipid.PHATRDRAFT_42447	54.1	294	134	1	1	293	3	296	3.39e-106	310
RCHGF003540	iNF517.LLMG_RS10005	53.9	245	110	1	3	244	12	256	4.06e-96	281
RCHGF003541	iCN900.CD630_07590	63.6	744	266	2	8	751	4	742	0.0	957
RCHGF003541	iYS854.USA300HOU_RS01150	61.9	749	279	3	3	751	7	749	0.0	942
RCHGF003541	iML1515.b0903	60.2	754	285	5	8	751	12	760	0.0	899
RCHGF003541	iSbBS512_1146.SbBS512_E2425	60.2	754	285	5	8	751	12	760	0.0	899
RCHGF003541	iSDY_1059.SDY_2358	60.3	754	284	5	8	751	12	760	0.0	899
RCHGF003541	iSSON_1240.SSON_0904	60.2	754	285	5	8	751	12	760	0.0	899
RCHGF003541	iSF_1195.SF0898	60.3	754	284	5	8	751	12	760	0.0	899
RCHGF003541	iYL1228.KPN_00931	60.2	749	283	5	8	746	12	755	0.0	892
RCHGF003541	STM_v1_0.STM0973	60.5	752	276	6	8	746	12	755	7.26e-320	890
RCHGF003541	iPC815.YPO1383	59.4	762	292	6	2	751	4	760	3.49e-318	885
RCHGF003542	iLJ478.TM1724	35.8	268	149	4	5	272	2	246	1.18e-44	150
RCHGF003542	iYO844.BSU15910	32.7	266	155	5	8	272	4	246	2.23e-41	142
RCHGF003543	iPC815.YPO3786	32.8	238	156	3	8	241	11	248	7.97e-33	119
RCHGF003543	iYL1228.KPN_04327	32.5	240	154	4	8	241	11	248	6.09e-32	117
RCHGF003543	iSSON_1240.SSON_4006	32.5	240	154	4	8	241	11	248	8.55e-32	117
RCHGF003543	iSbBS512_1146.SbBS512_E4303	32.1	240	155	4	8	241	11	248	1.20e-31	116
RCHGF003543	iSDY_1059.SDY_3912	32.1	240	155	4	8	241	11	248	1.20e-31	116
RCHGF003543	iSF_1195.SF3909	32.1	240	155	4	8	241	11	248	1.20e-31	116
RCHGF003543	iML1515.b3831	32.1	240	155	4	8	241	11	248	2.36e-31	115
RCHGF003543	STM_v1_0.STM3968	31.2	231	153	3	15	241	20	248	6.51e-31	114
RCHGF003544	iJN1463.PP_3658	26.6	346	224	3	37	353	44	388	4.91e-27	111
RCHGF003546	iCN900.CD630_23610	38.0	250	144	5	4	248	3	246	2.93e-55	177
RCHGF003546	iYO844.BSU08830	41.0	212	119	2	18	226	16	224	2.16e-53	172
RCHGF003546	iAF987.Gmet_1899	37.8	238	142	2	4	238	7	241	3.13e-52	170
RCHGF003546	iSynCJ816.SGL_RS16580	41.2	243	135	4	4	240	5	245	2.55e-48	168
RCHGF003546	iSynCJ816.SGL_RS05565	38.1	252	146	3	4	246	3	253	2.63e-51	167
RCHGF003546	iSynCJ816.SGL_RS06580	40.7	231	128	5	4	226	19	248	4.24e-50	166
RCHGF003546	iAF987.Gmet_0997	38.8	245	139	4	3	239	26	267	4.09e-50	165
RCHGF003546	iCN900.CD630_19780	36.4	217	128	2	4	220	16	222	4.59e-50	164
RCHGF003546	iJN1463.PP_0209	39.6	222	131	1	18	236	24	245	7.36e-49	162
RCHGF003546	iLJ478.TM1376	38.8	227	123	3	4	224	6	222	2.36e-47	160
RCHGF003547	iCN900.CD630_19800	28.3	212	149	2	6	217	11	219	1.74e-27	105
RCHGF003548	iCN900.CD630_19790	23.2	263	187	8	8	260	14	271	1.75e-12	67.0
RCHGF003549	iCN900.CD630_19800	30.0	230	159	1	17	246	23	250	5.61e-33	120
RCHGF003550	iYO844.BSU15520	67.3	1067	340	4	1	1067	1	1058	0.0	1422
RCHGF003550	iYS854.USA300HOU_RS06045	64.5	1067	369	5	1	1067	1	1057	0.0	1367
RCHGF003550	iNF517.LLMG_RS05530	64.7	1070	363	5	1	1064	1	1061	0.0	1355
RCHGF003551	iYO844.BSU15510	58.5	352	144	1	3	354	2	351	1.96e-161	456
RCHGF003551	iNF517.LLMG_RS04565	57.3	354	150	1	1	354	1	353	1.18e-146	418
RCHGF003551	iYS854.USA300HOU_RS06040	56.7	351	152	0	3	353	4	354	2.64e-145	415
RCHGF003552	iYO844.BSU15560	56.2	210	92	0	3	212	7	216	1.33e-79	236
RCHGF003552	iNF517.LLMG_RS07605	53.3	210	96	1	1	210	1	208	5.06e-73	219
RCHGF003552	iYS854.USA300HOU_RS06055	56.3	197	86	0	5	201	3	199	2.76e-71	215
RCHGF003553	iYO844.BSU15550	59.6	230	91	2	5	232	7	236	9.81e-88	259
RCHGF003554	iYO844.BSU15540	66.2	299	101	0	3	301	2	300	1.67e-142	403
RCHGF003554	iNF517.LLMG_RS05615	63.3	297	107	1	3	297	7	303	6.89e-130	371
RCHGF003555	iYO844.BSU15530	43.6	250	127	8	8	246	8	254	6.40e-58	184
RCHGF003555	iNF517.LLMG_RS05610	42.0	255	135	7	3	245	5	258	4.32e-57	182
RCHGF003556	iYO844.BSU15520	65.4	1061	359	4	1	1061	1	1053	0.0	1365
RCHGF003556	iYS854.USA300HOU_RS06045	62.9	1062	385	3	1	1062	1	1053	0.0	1314
RCHGF003556	iNF517.LLMG_RS05530	62.9	1068	384	4	1	1063	1	1061	0.0	1304
RCHGF003557	iYO844.BSU15510	50.7	357	174	1	3	359	2	356	1.23e-133	385
RCHGF003557	iYS854.USA300HOU_RS06040	49.9	351	176	0	3	353	4	354	4.65e-124	361
RCHGF003558	iYS854.USA300HOU_RS06035	48.6	428	214	5	1	426	1	424	1.09e-129	380
RCHGF003558	iYO844.BSU15500	47.6	424	216	5	3	424	4	423	3.41e-124	366
RCHGF003559	iYO844.BSU15490	58.1	289	114	4	6	290	4	289	9.91e-107	312
RCHGF003565	iCN900.CD630_10780	59.2	265	108	0	7	271	14	278	5.43e-112	323
RCHGF003566	iCN900.CD630_10770	59.2	250	100	1	8	257	7	254	3.29e-98	287
RCHGF003567	iCN900.CD630_10760	63.5	156	57	0	1	156	1	156	3.11e-67	201
RCHGF003568	iSynCJ816.SGL_RS03975	24.1	237	151	8	9	218	7	241	1.07e-10	60.1
RCHGF003569	iCN900.CD630_10740	49.6	133	66	1	3	134	2	134	2.14e-34	116
RCHGF003572	iPC815.YPO0008	28.8	288	190	5	8	286	9	290	1.87e-19	86.3
RCHGF003572	iYL1228.KPN_04157	27.1	288	195	5	8	286	11	292	9.33e-19	84.3
RCHGF003572	iAT_PLT_636.64080	27.2	294	196	9	5	285	18	306	3.35e-17	80.1
RCHGF003573	iCN900.CD630_22130	50.6	178	88	0	2	179	4	181	8.93e-66	199
RCHGF003576	iYO844.BSU23980	40.9	259	144	4	1	258	1	251	2.25e-58	186
RCHGF003577	iYS854.USA300HOU_RS09925	52.7	241	113	1	1	241	3	242	2.94e-87	258
RCHGF003577	iYO844.BSU23960	53.9	241	110	1	1	241	1	240	4.50e-86	255
RCHGF003577	iCN900.CD630_07520	53.9	241	110	1	1	241	1	240	1.28e-85	254
RCHGF003577	iYO844.BSU27430	51.9	241	115	1	1	241	1	240	7.93e-80	239
RCHGF003577	iNF517.LLMG_RS09720	52.9	240	112	1	2	241	7	245	1.32e-79	239
RCHGF003577	iNF517.LLMG_RS09915	50.6	241	118	1	1	241	5	244	1.70e-79	238
RCHGF003578	iYO844.BSU23970	44.7	217	118	2	1	216	1	216	4.64e-52	167
RCHGF003580	iAF987.Gmet_1188	45.7	35	19	0	40	74	32	66	5.33e-05	42.0
RCHGF003583	iYS854.USA300HOU_RS01255	50.0	526	232	4	10	531	9	507	1.15e-178	512
RCHGF003585	iNF517.LLMG_RS03755	59.0	310	114	4	2	304	4	307	1.90e-124	357
RCHGF003586	iNF517.LLMG_RS03760	57.2	271	112	2	2	272	4	270	1.94e-102	299
RCHGF003587	iNF517.LLMG_RS03765	62.7	324	117	3	2	321	3	326	1.78e-133	382
RCHGF003590	iCN900.CD630_14790	56.6	671	281	4	3	669	4	668	7.45e-268	754
RCHGF003590	iNF517.LLMG_RS01055	51.5	697	318	6	4	699	4	681	5.22e-241	685
RCHGF003591	iCN900.CD630_14780	55.7	70	31	0	3	72	4	73	2.08e-24	86.3
RCHGF003592	iCN900.CD630_14770	44.8	67	37	0	1	67	2	68	2.98e-16	65.5
RCHGF003593	iSynCJ816.SGL_RS02635	30.1	143	92	4	1	137	277	417	8.95e-14	66.6
RCHGF003596	iEK1008.Rv0092	29.7	74	50	1	41	112	4	77	2.81e-04	38.5
RCHGF003596	iAF987.Gmet_2772	36.1	61	37	2	52	110	77	137	3.84e-04	38.1
RCHGF003596	iYO844.BSU33500	35.6	90	42	4	37	110	47	136	5.23e-04	37.7
RCHGF003596	iAF692.Mbar_A1889	40.3	62	33	3	55	113	208	268	7.21e-04	37.4
RCHGF003598	iJN1463.PP_5371	36.2	58	25	1	2	47	3	60	9.27e-07	43.1
RCHGF003598	iAF987.Gmet_3171	36.7	49	19	1	2	38	3	51	3.49e-07	41.6
RCHGF003598	iCN718.ABAYE_RS05795	31.4	51	23	1	3	41	4	54	2.95e-05	38.9
RCHGF003599	iNF517.LLMG_RS00495	60.4	424	164	4	6	428	6	426	2.75e-176	499
RCHGF003599	iHN637.CLJU_RS03265	58.9	419	170	2	8	426	9	425	4.39e-173	491
RCHGF003599	iAF987.Gmet_2390	57.1	420	178	2	8	427	8	425	1.00e-164	469
RCHGF003599	iLJ478.TM0882	55.7	429	187	3	4	431	4	430	5.01e-163	465
RCHGF003604	iCN900.CD630_19470	42.9	219	122	2	2	218	10	227	2.52e-50	177
RCHGF003604	iJN1463.PP_4210	36.7	289	170	4	19	295	24	311	1.16e-43	169
RCHGF003604	iYO844.BSU30420	42.8	201	112	2	21	219	25	224	7.58e-46	164
RCHGF003605	iCN900.CD630_26960	35.0	220	142	1	1	219	170	389	7.71e-46	156
RCHGF003605	iCN900.CD630_27330	33.0	218	146	0	2	219	166	383	3.56e-45	154
RCHGF003607	iCN900.CD630_31890	38.9	180	107	3	2	181	3	179	1.06e-39	132
RCHGF003613	iML1515.b3011	37.0	359	208	9	2	353	1	348	1.83e-72	231
RCHGF003613	iJN1463.PP_2492	35.7	361	224	7	4	363	3	356	2.39e-65	212
RCHGF003616	iYS854.USA300HOU_RS06160	44.8	562	270	8	4	543	5	548	1.02e-156	458
RCHGF003619	iYO844.BSU15230	38.7	292	177	2	4	294	7	297	6.13e-67	211
RCHGF003619	iCN900.CD630_34020	40.0	290	171	3	5	293	11	298	1.79e-63	202
RCHGF003620	iYO844.BSU15220	36.5	364	223	5	1	357	1	363	9.05e-80	248
RCHGF003621	iJN1463.PP_1336	37.5	349	208	4	19	360	35	380	1.66e-69	223
RCHGF003626	iYO844.BSU02750	38.5	221	134	2	16	235	19	238	8.72e-54	173
RCHGF003626	iCN900.CD630_16140	37.6	221	137	1	17	237	39	258	1.30e-48	160
RCHGF003630	iAF987.Gmet_2349	32.0	585	381	5	34	618	3	570	1.58e-94	301
RCHGF003630	iYL1228.KPN_00941	33.0	522	340	3	101	620	69	582	4.92e-86	279
RCHGF003630	iPC815.YPO1395	32.6	534	350	3	87	618	55	580	1.02e-84	276
RCHGF003630	iML1515.b0914	31.8	534	354	3	87	618	55	580	4.12e-83	271
RCHGF003630	iSbBS512_1146.SbBS512_E2410	31.8	534	354	3	87	618	55	580	4.12e-83	271
RCHGF003630	iSDY_1059.SDY_2344	31.8	534	354	3	87	618	55	580	4.12e-83	271
RCHGF003630	iSF_1195.SF0910	31.8	534	354	3	87	618	55	580	5.77e-83	271
RCHGF003630	iSSON_1240.SSON_0916	31.8	534	354	3	87	618	55	580	5.77e-83	271
RCHGF003631	iAF987.Gmet_2349	30.5	492	329	5	263	750	89	571	2.31e-64	224
RCHGF003631	iPC815.YPO1395	32.7	499	302	9	261	744	96	575	4.02e-64	224
RCHGF003631	iJN1463.PP_4935	31.9	496	320	8	252	741	102	585	7.89e-63	221
RCHGF003631	STM_v1_0.STM0984	30.9	505	303	8	261	744	96	575	1.83e-61	216
RCHGF003631	iYL1228.KPN_00941	31.4	493	316	9	261	744	96	575	4.78e-61	215
RCHGF003631	iML1515.b0914	30.1	499	315	7	261	744	96	575	2.38e-60	213
RCHGF003631	iSbBS512_1146.SbBS512_E2410	30.1	499	315	7	261	744	96	575	2.38e-60	213
RCHGF003631	iSDY_1059.SDY_2344	30.1	499	315	7	261	744	96	575	2.38e-60	213
RCHGF003631	iSF_1195.SF0910	30.1	499	315	7	261	744	96	575	6.21e-60	212
RCHGF003631	iSSON_1240.SSON_0916	30.1	499	315	7	261	744	96	575	6.21e-60	212
RCHGF003642	iML1515.b3201	32.0	231	148	4	2	223	4	234	2.62e-29	109
RCHGF003642	iSbBS512_1146.SbBS512_E3569	32.0	231	148	4	2	223	4	234	2.62e-29	109
RCHGF003642	iSDY_1059.SDY_3382	32.0	231	148	4	2	223	4	234	2.62e-29	109
RCHGF003642	iSF_1195.SF3241	32.0	231	148	4	2	223	4	234	2.62e-29	109
RCHGF003642	iSSON_1240.SSON_3349	32.0	231	148	4	2	223	4	234	2.62e-29	109
RCHGF003642	iAF987.Gmet_1282	31.9	216	138	3	1	208	9	223	2.49e-26	102
RCHGF003642	iYO844.BSU02750	32.9	213	137	4	15	221	19	231	2.61e-25	99.4
RCHGF003646	iIT341.HP1210	64.4	163	58	0	7	169	3	165	1.25e-68	206
RCHGF003646	iHN637.CLJU_RS19350	58.0	169	71	0	1	169	1	169	1.81e-64	196
RCHGF003646	iCN900.CD630_15950	56.0	166	73	0	4	169	1	166	3.82e-61	187
RCHGF003647	iCN900.CD630_15940	55.9	297	122	3	5	293	7	302	3.57e-111	323
RCHGF003647	iHN637.CLJU_RS19355	52.2	297	135	2	5	294	7	303	9.96e-99	291
RCHGF003650	STM_v1_0.STM1731	39.5	195	103	2	1	180	1	195	1.88e-39	137
RCHGF003651	iML1515.b1400	47.5	139	73	0	10	148	11	149	2.64e-22	88.2
RCHGF003654	iCN900.CD630_14790	47.0	675	346	8	3	669	2	672	6.32e-195	566
RCHGF003654	iNF517.LLMG_RS01055	44.0	672	352	10	5	670	3	656	2.46e-176	518
RCHGF003655	iCN900.CD630_14780	45.2	73	40	0	1	73	1	73	1.32e-17	69.3
RCHGF003656	iML1515.b1490	30.7	192	122	5	342	523	256	446	5.59e-18	86.3
RCHGF003656	iJN1463.PP_4670	31.1	164	109	2	375	534	248	411	1.07e-17	85.1
RCHGF003656	iJN1463.PP_1144	32.8	183	113	5	346	524	265	441	4.45e-17	84.3
RCHGF003656	iML1515.b1341	36.6	164	98	4	361	523	242	400	3.14e-17	83.6
RCHGF003656	iAF987.Gmet_1298	32.5	157	97	5	375	524	184	338	2.04e-16	80.5
RCHGF003656	iML1515.b1025	32.5	163	105	3	367	525	274	435	5.28e-16	80.1
RCHGF003656	iAF987.Gmet_1706	29.3	188	130	3	347	531	122	309	2.74e-16	79.7
RCHGF003656	iJN1463.PP_0129	32.1	162	102	4	368	524	478	636	1.50e-15	79.3
RCHGF003662	iYO844.BSU03990	48.0	98	51	0	4	101	3	100	6.56e-22	87.8
RCHGF003662	iCN900.CD630_23310	45.5	99	52	1	1	99	1	97	2.58e-21	86.3
RCHGF003662	iNF517.LLMG_RS00155	37.4	99	62	0	1	99	1	99	9.19e-20	82.0
RCHGF003662	iYS854.USA300HOU_RS11645	41.7	103	60	0	3	105	2	104	1.56e-19	81.3
RCHGF003665	iCN900.CD630_20200	50.5	864	406	7	1	845	1	861	1.83e-290	823
RCHGF003667	iYO844.BSU09240	30.2	192	115	4	1	183	1	182	2.92e-20	84.7
RCHGF003667	iCN900.CD630_31280	27.8	230	125	7	2	212	1	208	4.31e-20	84.3
RCHGF003667	iML1515.b1727	33.0	185	119	3	2	183	7	189	1.15e-19	83.2
RCHGF003667	iAF692.Mbar_A0742	29.1	189	121	6	1	184	1	181	2.02e-17	77.0
RCHGF003671	iAF987.Gmet_2731	40.0	180	95	3	2	181	3	169	6.51e-31	110
RCHGF003672	iAF987.Gmet_2731	31.4	156	104	2	24	179	20	172	2.30e-20	83.2
RCHGF003676	iYS854.USA300HOU_RS07285	27.0	285	195	6	1	278	1	279	3.79e-25	100
RCHGF003678	iJN1463.PP_5013	29.8	379	255	4	36	406	59	434	1.25e-46	170
RCHGF003678	iCN718.ABAYE_RS17030	26.3	400	288	2	33	427	54	451	6.13e-46	168
RCHGF003678	iSSON_1240.SSON_4010	28.9	374	259	3	36	402	56	429	2.29e-44	164
RCHGF003678	STM_v1_0.STM3972	28.8	378	254	5	36	402	56	429	4.34e-44	163
RCHGF003678	iYL1228.KPN_04331	28.6	374	260	3	36	402	56	429	5.96e-44	163
RCHGF003678	iSbBS512_1146.SbBS512_E4307	28.6	374	260	3	36	402	56	429	1.13e-43	162
RCHGF003678	iSDY_1059.SDY_3908	28.6	374	260	3	36	402	56	429	1.13e-43	162
RCHGF003678	iSF_1195.SF3913	28.6	374	260	3	36	402	56	429	1.13e-43	162
RCHGF003678	iPC815.YPO3779	29.9	374	246	6	36	398	56	424	1.88e-42	159
RCHGF003679	STM_v1_0.STM1221	31.9	248	146	9	3	239	31	266	6.99e-25	99.0
RCHGF003683	iCN900.CD630_14910	47.3	275	128	6	1	272	1	261	1.25e-67	210
RCHGF003683	iJN1463.PP_0112	44.0	241	127	3	34	272	20	254	2.41e-60	191
RCHGF003683	iYS854.USA300HOU_RS04415	41.4	280	144	6	2	272	3	271	7.96e-60	191
RCHGF003684	iNF517.LLMG_RS01760	46.2	208	112	0	19	226	23	230	4.44e-49	160
RCHGF003684	iJN1463.PP_0219	40.3	196	117	0	23	218	10	205	1.76e-44	147
RCHGF003685	iNF517.LLMG_RS01755	46.8	357	174	2	1	341	4	360	1.67e-105	313
RCHGF003685	iYO844.BSU32750	49.3	341	170	1	1	341	1	338	1.98e-105	312
RCHGF003685	iYL1228.KPN_00213	46.9	341	180	1	1	341	1	340	6.01e-105	311
RCHGF003685	iPC815.YPO1073	48.1	341	176	1	1	341	1	340	3.43e-104	309
RCHGF003685	iML1515.b0199	47.4	344	174	2	1	341	1	340	1.38e-103	307
RCHGF003685	iSbBS512_1146.SbBS512_E0193	47.4	344	174	2	1	341	1	340	1.38e-103	307
RCHGF003685	iSSON_1240.SSON_0213	47.4	344	174	2	1	341	1	340	1.38e-103	307
RCHGF003685	iSDY_1059.SDY_0218	47.1	344	175	2	1	341	1	340	2.77e-103	306
RCHGF003685	STM_v1_0.STM0247	46.3	341	182	1	1	341	1	340	7.86e-103	305
RCHGF003685	iSF_1195.SF0190	46.6	341	181	1	1	341	1	340	1.58e-102	305
RCHGF003685	iJN1463.PP_0114	46.1	343	176	4	1	342	1	335	8.34e-98	292
RCHGF003693	iHN637.CLJU_RS06595	53.1	480	222	2	8	486	7	484	7.54e-179	510
RCHGF003694	iCN900.CD630_14010	35.2	196	117	4	13	204	21	210	4.99e-35	122
RCHGF003698	iPC815.YPO0132	31.6	724	444	19	5	694	6	712	3.48e-96	313
RCHGF003698	iYS854.USA300HOU_RS13840	32.5	711	400	17	8	697	7	658	2.17e-96	311
RCHGF003698	iHN637.CLJU_RS10635	31.3	702	355	12	6	701	5	585	4.35e-97	311
RCHGF003698	iSbBS512_1146.SbBS512_E3790	31.9	705	425	19	5	674	6	690	5.56e-93	305
RCHGF003698	iSSON_1240.SSON_3540	31.9	705	425	19	5	674	6	690	5.56e-93	305
RCHGF003698	iSDY_1059.SDY_3667	31.9	705	425	19	5	674	6	690	7.76e-93	305
RCHGF003698	iML1515.b3409	31.8	705	426	19	5	674	6	690	1.51e-92	304
RCHGF003698	iCN900.CD630_32740	30.6	684	348	10	4	682	3	564	1.70e-93	303
RCHGF003698	iSF_1195.SF3428	31.8	705	426	19	5	674	6	690	4.09e-92	303
RCHGF003698	iYL1228.KPN_03779	30.6	702	438	15	5	674	6	690	5.84e-90	297
RCHGF003698	iAF692.Mbar_A1452	33.1	590	374	9	5	584	8	586	7.63e-91	296
RCHGF003698	STM_v1_0.STM3506	30.7	703	436	16	5	674	6	690	2.20e-89	295
RCHGF003698	iHN637.CLJU_RS06865	31.4	710	387	17	2	675	5	650	6.10e-89	292
RCHGF003698	iNF517.LLMG_RS01055	31.9	730	378	21	5	697	4	651	1.58e-86	286
RCHGF003699	iHN637.CLJU_RS10630	30.1	73	51	0	1	73	1	73	2.89e-06	40.4
RCHGF003700	iHN637.CLJU_RS01300	66.1	439	147	2	7	443	10	448	2.69e-206	576
RCHGF003700	iAF987.Gmet_1186	64.0	442	158	1	3	443	9	450	8.53e-201	562
RCHGF003700	iJN1463.PP_0675	61.3	434	164	2	13	443	17	449	1.65e-188	531
RCHGF003702	iYO844.BSU15680	54.6	183	83	0	19	201	1	183	2.58e-66	202
RCHGF003702	iYS854.USA300HOU_RS06075	53.8	182	84	0	21	202	4	185	1.07e-63	196
RCHGF003702	iNF517.LLMG_RS10780	50.5	192	91	3	19	208	1	190	1.88e-61	190
RCHGF003709	iCN900.CD630_02870	42.2	161	92	1	1	161	1	160	2.08e-42	138
RCHGF003710	iCN900.CD630_34480	38.8	291	155	7	2	280	3	282	4.83e-51	169
RCHGF003710	iCN900.CD630_30740	39.0	290	156	7	2	280	3	282	5.42e-48	161
RCHGF003710	iCN900.CD630_31350	38.5	234	140	4	1	230	1	234	1.40e-45	155
RCHGF003710	iPC815.YPO0844	35.8	293	162	10	2	280	3	283	1.60e-45	154
RCHGF003710	iYO844.BSU37120	36.8	234	142	2	2	230	3	235	6.44e-45	153
RCHGF003713	iML1515.b1199	29.9	177	122	1	16	190	18	194	6.36e-16	72.8
RCHGF003713	iSbBS512_1146.SbBS512_E1358	29.9	177	122	1	16	190	18	194	6.36e-16	72.8
RCHGF003713	iSF_1195.SF1202	29.9	177	122	1	16	190	18	194	6.36e-16	72.8
RCHGF003713	iYL1228.KPN_03496	28.6	185	130	1	16	198	18	202	2.36e-14	68.6
RCHGF003714	iYL1228.KPN_03495	39.3	356	185	6	3	333	1	350	4.51e-74	232
RCHGF003714	iSF_1195.SF1203	39.0	356	186	6	3	333	11	360	6.72e-73	229
RCHGF003714	iSbBS512_1146.SbBS512_E1359	38.8	356	187	6	3	333	1	350	2.90e-72	228
RCHGF003714	iML1515.b1200	38.8	356	187	6	3	333	1	350	2.83e-72	228
RCHGF003714	iYS854.USA300HOU_RS03515	38.0	334	194	4	3	336	2	322	9.24e-68	215
RCHGF003715	iCN900.CD630_02890	36.1	285	163	7	261	541	17	286	1.78e-47	166
RCHGF003716	iCN900.CD630_10740	36.4	129	81	1	1	129	1	128	1.57e-24	90.9
RCHGF003718	iCN900.CD630_26950	57.8	332	138	2	7	338	4	333	4.82e-135	387
RCHGF003725	iHN637.CLJU_RS05595	37.3	83	48	1	5	87	8	86	1.72e-10	55.5
RCHGF003727	iHN637.CLJU_RS05590	42.6	183	105	0	11	193	9	191	1.27e-44	146
RCHGF003728	iHN637.CLJU_RS05585	40.3	211	114	2	7	216	8	207	1.53e-43	145
RCHGF003729	iHN637.CLJU_RS05580	30.5	154	80	5	28	165	34	176	7.19e-12	60.5
RCHGF003730	iHN637.CLJU_RS05575	31.8	355	194	8	3	343	11	331	3.62e-46	163
RCHGF003731	iHN637.CLJU_RS05570	31.6	383	251	7	1	375	2	381	2.89e-55	189
RCHGF003732	iNF517.LLMG_RS07320	26.9	391	221	14	7	376	1	347	3.03e-29	115
RCHGF003738	iYO844.BSU38550	58.5	352	145	1	3	354	6	356	4.17e-150	427
RCHGF003738	iAF987.Gmet_2853	57.3	356	150	1	1	354	1	356	1.83e-147	420
RCHGF003738	iYO844.BSU02390	55.0	353	157	2	3	354	5	356	1.30e-137	395
RCHGF003738	iYS854.USA300HOU_RS02910	55.6	349	152	3	3	350	5	351	1.06e-134	387
RCHGF003740	iAF987.Gmet_1365	38.6	166	85	3	121	269	185	350	5.98e-27	108
RCHGF003740	iAF987.Gmet_0018	39.3	150	89	2	124	271	299	448	3.50e-23	98.6
RCHGF003740	iAF987.Gmet_0849	36.7	147	87	3	124	266	506	650	5.46e-23	98.6
RCHGF003741	iYS854.USA300HOU_RS08810	58.5	874	355	5	5	871	3	875	0.0	1031
RCHGF003758	iAF987.Gmet_0069	39.6	169	93	5	351	511	136	303	3.92e-25	105
RCHGF003758	iAF987.Gmet_0987	33.3	180	114	2	339	512	343	522	9.84e-23	102
RCHGF003758	iAF987.Gmet_0957	32.6	178	113	2	342	512	181	358	2.41e-22	100
RCHGF003758	iML1515.b1285	28.6	304	190	8	225	506	91	389	3.40e-22	100
RCHGF003758	iAF987.Gmet_3085	24.7	430	301	7	106	512	193	622	2.47e-21	97.8
RCHGF003760	iPC815.YPO0425	35.2	182	114	3	350	530	209	387	5.64e-20	91.7
RCHGF003761	iJN1463.PP_4935	28.3	584	362	17	16	563	31	593	4.29e-44	165
RCHGF003761	iPC815.YPO1395	26.1	564	393	12	13	561	24	578	1.44e-42	160
RCHGF003761	iYL1228.KPN_00941	26.5	479	339	9	92	561	104	578	8.36e-41	155
RCHGF003761	iPC815.YPO3144	26.8	482	334	8	92	563	104	576	8.23e-39	150
RCHGF003761	STM_v1_0.STM0984	26.7	479	338	9	92	561	104	578	1.19e-38	149
RCHGF003768	iJN1463.PP_4213	28.5	123	80	1	113	227	198	320	1.24e-08	55.5
RCHGF003770	iAT_PLT_636.4905	35.6	208	120	4	190	384	242	448	3.67e-29	122
RCHGF003770	iMM1415.18195	35.6	208	120	4	190	384	242	448	3.67e-29	122
RCHGF003775	iYO844.BSU08000	40.9	93	54	1	210	301	220	312	3.70e-15	74.3
RCHGF003775	iAF987.Gmet_1189	40.6	101	60	0	193	293	244	344	8.84e-15	73.6
RCHGF003775	iSynCJ816.SGL_RS16275	35.2	125	75	1	184	302	242	366	1.35e-14	73.2
RCHGF003775	iLJ478.TM0561	23.0	291	204	5	24	303	66	347	9.58e-14	70.5
RCHGF003775	iAF692.Mbar_A2983	32.4	111	74	1	193	303	242	351	1.77e-13	69.7
RCHGF003784	iSF_1195.SF0538	25.9	266	175	8	1	247	1	263	1.42e-14	71.2
RCHGF003784	iSbBS512_1146.SbBS512_E0687	25.7	269	172	9	1	247	1	263	3.64e-14	70.1
RCHGF003784	iML1515.b0766	25.7	269	172	9	1	247	1	263	6.82e-14	69.3
RCHGF003790	iHN637.CLJU_RS19470	38.4	190	88	3	20	184	16	201	1.04e-34	121
RCHGF003790	iCN900.CD630_15930	36.8	204	100	3	6	184	2	201	2.63e-32	115
RCHGF003791	iYL1228.KPN_00716	65.7	674	224	2	11	684	15	681	4.69e-289	805
RCHGF003791	STM_v1_0.STM0705	65.2	673	227	2	13	685	17	682	7.81e-283	790
RCHGF003791	iSSON_1240.SSON_0648	65.6	672	224	2	13	684	17	681	3.16e-282	788
RCHGF003791	iML1515.b0697	65.8	672	223	2	13	684	17	681	4.48e-282	788
RCHGF003791	iPC815.YPO2691	64.9	673	235	1	8	680	12	683	1.82e-280	784
RCHGF003791	iEK1008.Rv1030	61.4	686	247	5	9	685	33	709	6.39e-264	743
RCHGF003791	iAF987.Gmet_2434	59.1	674	273	3	9	681	16	687	7.88e-260	731
RCHGF003792	iPC815.YPO2692	54.8	553	239	4	12	563	12	554	6.01e-188	539
RCHGF003792	iJN1463.PP_4161	54.7	545	234	4	23	563	23	558	9.65e-185	531
RCHGF003792	iYL1228.KPN_00717	53.1	561	246	5	12	568	12	559	5.17e-178	514
RCHGF003792	STM_v1_0.STM0706	52.9	556	251	5	12	566	12	557	3.36e-176	509
RCHGF003792	iSSON_1240.SSON_0649	50.6	559	259	5	12	566	12	557	3.03e-171	496
RCHGF003792	iEK1008.Rv1029	50.5	566	265	3	7	563	7	566	1.94e-170	495
RCHGF003792	iML1515.b0698	50.4	556	265	4	12	566	12	557	1.73e-170	494
RCHGF003792	iAF987.Gmet_2433	49.1	583	270	3	7	568	7	583	6.34e-170	494
RCHGF003793	iAF987.Gmet_0069	33.9	127	75	3	1	120	1	125	1.05e-16	77.0
RCHGF003793	iAF987.Gmet_2999	30.2	116	78	1	5	117	10	125	2.90e-14	70.5
RCHGF003794	iAF987.Gmet_1991	22.1	294	203	8	215	491	116	400	1.31e-06	50.8
RCHGF003795	iLJ478.TM1089	40.3	476	274	4	21	491	14	484	1.35e-95	298
RCHGF003796	iLJ478.TM1088	32.1	212	143	1	1	212	1	211	5.27e-34	120
RCHGF003797	iEK1008.Rv2691	32.2	115	78	0	11	125	2	116	9.72e-16	70.9
RCHGF003798	iYS854.USA300HOU_RS09065	58.4	370	153	1	1	369	1	370	1.49e-146	419
RCHGF003798	iYO844.BSU31930	59.0	363	147	2	1	362	1	362	8.64e-140	402
RCHGF003801	iML1515.b3831	30.7	75	42	1	60	134	60	124	5.47e-04	38.1
RCHGF003801	STM_v1_0.STM3968	29.2	89	47	2	59	134	39	124	5.47e-04	38.1
RCHGF003801	iSbBS512_1146.SbBS512_E4303	30.7	75	42	1	60	134	60	124	5.47e-04	38.1
RCHGF003801	iSDY_1059.SDY_3912	30.7	75	42	1	60	134	60	124	5.47e-04	38.1
RCHGF003801	iSF_1195.SF3909	30.7	75	42	1	60	134	60	124	5.47e-04	38.1
RCHGF003801	iSSON_1240.SSON_4006	30.7	75	42	1	60	134	60	124	5.47e-04	38.1
RCHGF003801	iYL1228.KPN_04327	29.3	75	43	1	60	134	60	124	7.43e-04	37.7
RCHGF003801	iPC815.YPO3786	27.5	69	50	0	66	134	56	124	7.43e-04	37.7
RCHGF003802	iHN637.CLJU_RS03010	37.5	64	40	0	20	83	203	266	1.81e-05	42.0
RCHGF003803	iSynCJ816.SGL_RS08885	40.5	351	201	5	2	346	19	367	1.97e-73	240
RCHGF003808	iML1515.b3697	27.8	273	186	2	1	266	1	269	8.85e-26	102
RCHGF003809	iCN900.CD630_06710	37.6	141	86	1	1	141	1	139	4.63e-28	101
RCHGF003810	STM_v1_0.STM0772	64.3	244	87	0	2	245	5	248	5.69e-113	324
RCHGF003810	iML1515.b0755	64.3	244	87	0	2	245	5	248	2.31e-112	322
RCHGF003810	iSbBS512_1146.SbBS512_E0676	64.3	244	87	0	2	245	5	248	2.31e-112	322
RCHGF003810	iSF_1195.SF0549	64.3	244	87	0	2	245	5	248	2.31e-112	322
RCHGF003810	iSSON_1240.SSON_0707	64.3	244	87	0	2	245	5	248	2.31e-112	322
RCHGF003810	iPC815.YPO1133	63.9	244	88	0	2	245	5	248	3.27e-112	322
RCHGF003810	iSDY_1059.SDY_0702	64.3	244	87	0	2	245	5	248	6.60e-112	321
RCHGF003810	iYL1228.KPN_00768	63.1	244	90	0	2	245	5	248	3.80e-111	319
RCHGF003811	iML1515.b3697	25.8	283	183	9	8	280	4	269	1.64e-09	57.0
RCHGF003811	iSSON_1240.SSON_4000	21.6	278	191	8	8	277	3	261	5.78e-08	52.4
RCHGF003815	iMM1415.243616	25.9	490	294	12	5	439	45	520	1.11e-31	127
RCHGF003815	iMM1415.13162	25.2	469	283	12	3	421	58	508	1.34e-29	121
RCHGF003815	iAT_PLT_636.6539	27.2	386	234	7	3	342	34	418	3.22e-29	120
RCHGF003815	iMM1415.14411	24.6	488	299	11	3	441	48	515	6.71e-28	116
RCHGF003815	iCHOv1.100752445	25.4	386	241	5	3	342	44	428	8.92e-28	115
RCHGF003815	iMM1415.14412	25.5	408	247	9	5	356	43	449	2.10e-27	114
RCHGF003817	iYS854.USA300HOU_RS14375	27.8	162	97	6	4	145	6	167	9.69e-07	46.2
RCHGF003838	iAF987.Gmet_0849	29.0	162	104	6	462	621	538	690	7.12e-06	48.9
RCHGF003839	iAF987.Gmet_3085	38.7	194	107	6	369	554	433	622	3.89e-27	117
RCHGF003839	iAF987.Gmet_2629	37.4	179	108	2	374	549	365	542	2.42e-26	115
RCHGF003839	iAF987.Gmet_0987	35.1	208	131	2	375	578	341	548	8.66e-25	110
RCHGF003839	iAF987.Gmet_1706	36.5	178	109	2	376	549	129	306	4.93e-26	109
RCHGF003839	iAF987.Gmet_0957	37.3	169	103	2	389	554	190	358	3.14e-24	107
RCHGF003849	iML1515.b1025	27.3	154	97	4	495	633	281	434	3.71e-12	68.6
RCHGF003849	iAF987.Gmet_2629	32.1	159	98	4	431	584	326	479	1.28e-10	64.3
RCHGF003849	iSDY_1059.SDY_1050	32.4	108	68	2	499	601	395	502	2.32e-10	63.2
RCHGF003849	iML1515.b1490	28.5	193	110	8	457	629	259	443	2.55e-10	62.8
RCHGF003849	iAF987.Gmet_1917	29.6	159	99	6	485	632	255	411	3.99e-10	62.0
RCHGF003849	iAF987.Gmet_1706	29.9	164	100	6	484	632	138	301	2.52e-10	62.0
RCHGF003850	iHN637.CLJU_RS04010	70.4	875	258	1	2	876	3	876	0.0	1228
RCHGF003855	iCN900.CD630_32850	56.1	421	177	3	10	423	15	434	6.57e-171	486
RCHGF003855	iYS854.USA300HOU_RS04775	55.0	420	186	2	6	423	11	429	1.43e-168	479
RCHGF003855	iYO844.BSU31350	54.6	421	183	2	10	423	15	434	3.66e-168	479
RCHGF003855	iHN637.CLJU_RS18285	53.0	417	188	3	14	423	21	436	6.47e-159	455
RCHGF003856	iHN637.CLJU_RS10465	38.2	76	47	0	3	78	560	635	3.59e-10	55.5
RCHGF003858	iYS854.USA300HOU_RS04640	46.3	67	36	0	3	69	7	73	3.41e-16	65.9
RCHGF003858	iLB1027_lipid.PHATRDRAFT_16693	50.0	68	31	2	8	72	128	195	3.08e-14	63.5
RCHGF003868	iSynCJ816.SGL_RS16190	33.1	136	84	4	4	133	8	142	2.74e-12	63.5
RCHGF003869	iSynCJ816.SGL_RS08610	39.1	69	36	2	258	320	26	94	1.13e-08	55.5
RCHGF003872	iYO844.BSU38560	60.9	437	169	1	6	442	5	439	1.62e-191	538
RCHGF003872	iCN900.CD630_28820	59.2	439	174	3	1	439	1	434	4.07e-188	530
RCHGF003876	iYS854.USA300HOU_RS07595	21.4	327	207	12	257	562	20	317	1.84e-05	47.4
RCHGF003877	iPC815.YPO0945	29.7	101	66	2	3	103	4	99	5.55e-04	39.3
RCHGF003877	iSbBS512_1146.SbBS512_E3386	34.3	70	45	1	3	72	4	72	7.49e-04	38.9
RCHGF003877	iSDY_1059.SDY_3118	34.3	70	45	1	3	72	4	72	7.49e-04	38.9
RCHGF003877	iSF_1195.SF2945	34.3	70	45	1	3	72	4	72	7.49e-04	38.9
RCHGF003877	iSSON_1240.SSON_3108	34.3	70	45	1	3	72	4	72	7.49e-04	38.9
RCHGF003881	iYO844.BSU15480	49.9	429	186	8	30	443	8	422	4.49e-130	382
RCHGF003881	iNF517.LLMG_RS04555	46.0	428	212	5	27	442	5	425	2.37e-123	365
RCHGF003881	iYS854.USA300HOU_RS06025	45.5	422	216	5	29	442	14	429	1.16e-119	355
RCHGF003882	iCN900.CD630_18240	41.5	879	489	8	1	857	7	882	9.88e-209	615
RCHGF003882	iAF692.Mbar_A0500	42.2	883	458	8	19	852	18	897	2.92e-200	594
RCHGF003882	iYO844.BSU15650	41.4	876	470	10	3	840	4	874	1.58e-199	591
RCHGF003882	iCN900.CD630_25030	42.9	827	438	9	1	800	1	820	3.18e-199	590
RCHGF003882	iSynCJ816.SGL_RS16270	41.6	871	446	10	3	811	26	895	2.74e-193	577
RCHGF003882	iAF987.Gmet_1614	41.9	854	463	8	20	851	20	862	1.50e-191	570
RCHGF003891	iNF517.LLMG_RS09540	50.0	878	428	7	1	874	1	871	5.90e-292	828
RCHGF003891	iYS854.USA300HOU_RS08615	48.6	879	441	7	1	874	1	873	1.32e-286	814
RCHGF003895	iCN900.CD630_12260	33.2	373	184	14	2	348	5	338	2.61e-39	142
RCHGF003896	iYO844.BSU27330	57.4	209	88	1	2	210	3	210	1.77e-85	251
RCHGF003896	iYS854.USA300HOU_RS08580	54.6	207	93	1	1	207	1	206	1.60e-80	238
RCHGF003896	iNF517.LLMG_RS03940	55.6	207	91	1	1	207	1	206	1.69e-77	231
RCHGF003901	iCN900.CD630_32220	46.7	405	193	7	1	395	1	392	1.05e-112	335
RCHGF003908	iYO844.BSU29470	57.2	395	167	2	1	395	1	393	3.88e-157	447
RCHGF003908	iYS854.USA300HOU_RS09075	53.2	393	181	3	1	391	1	392	1.66e-147	423
RCHGF003908	iCN900.CD630_11750	53.5	398	179	4	3	396	2	397	4.14e-140	404
RCHGF003908	iHN637.CLJU_RS06265	51.5	396	188	3	3	396	2	395	1.67e-139	403
RCHGF003911	iML1515.b0650	36.2	556	336	9	4	552	8	551	1.47e-107	333
RCHGF003911	iSSON_1240.SSON_0604	36.2	556	336	9	4	552	8	551	1.47e-107	333
RCHGF003911	iSbBS512_1146.SbBS512_E0599	36.0	556	337	9	4	552	8	551	1.15e-106	330
RCHGF003911	STM_v1_0.STM0659	35.2	546	345	7	4	547	8	546	2.33e-103	322
RCHGF003914	iCHOv1.100755392	28.2	117	80	2	42	157	78	191	4.76e-05	41.6
RCHGF003922	iYS854.USA300HOU_RS06130	28.2	206	119	5	51	229	64	267	1.64e-16	80.5
RCHGF003923	iYS854.USA300HOU_RS06130	31.2	202	106	6	54	224	67	266	6.77e-17	79.3
RCHGF003935	iNF517.LLMG_RS03160	60.0	170	68	0	1	170	1	170	3.63e-75	222
RCHGF003935	iYO844.BSU27610	58.2	170	71	0	1	170	1	170	2.97e-74	219
RCHGF003935	iYS854.USA300HOU_RS08700	56.7	171	74	0	1	171	1	171	4.28e-72	214
RCHGF003936	iYO844.BSU27600	45.2	745	383	11	1	732	1	733	1.01e-222	640
RCHGF003936	iYS854.USA300HOU_RS08695	43.6	732	389	10	10	731	10	727	2.41e-203	591
RCHGF003936	iNF517.LLMG_RS00605	43.1	745	401	9	1	730	1	737	7.81e-202	587
RCHGF003936	iCN900.CD630_27440	42.7	735	395	8	13	731	9	733	1.20e-199	582
RCHGF003947	iEK1008.Rv0183	29.7	313	173	8	1	304	1	275	1.39e-27	108
RCHGF003953	iML1515.b3590	30.1	256	163	9	125	374	2	247	4.59e-15	78.2
RCHGF003953	iCN900.CD630_24930	31.6	215	134	9	125	331	5	214	1.22e-12	70.5
RCHGF003958	iEK1008.Rv2936	38.1	223	136	1	1	221	6	228	3.15e-42	148
RCHGF003958	iCN900.CD630_16140	34.4	209	137	0	13	221	35	243	1.96e-40	141
RCHGF003961	iCN900.CD630_16590	55.8	754	327	5	16	766	16	766	1.70e-274	776
RCHGF003962	iCN900.CD630_04310	23.6	551	290	22	4	511	5	467	4.24e-16	80.5
RCHGF003962	STM_v1_0.STM3882	22.2	536	302	15	2	500	3	460	1.82e-15	78.6
RCHGF003962	iSbBS512_1146.SbBS512_E3841	26.6	274	134	7	1	243	1	238	7.49e-16	77.4
RCHGF003962	iSDY_1059.SDY_3635	26.6	274	134	7	1	243	1	238	7.49e-16	77.4
RCHGF003962	iSSON_1240.SSON_3718	26.6	274	134	7	1	243	1	238	7.49e-16	77.4
RCHGF003962	iYL1228.KPN_02373	28.8	222	111	5	2	219	3	181	7.67e-16	77.0
RCHGF003962	iML1515.b3749	21.7	538	302	14	2	500	3	460	7.50e-15	76.6
RCHGF003962	iML1515.b3480	25.9	274	136	7	1	243	1	238	3.36e-15	75.5
RCHGF003962	iYO844.BSU33160	29.6	199	115	6	7	205	4	177	2.55e-14	74.7
RCHGF003962	iSF_1195.SF3498	26.6	274	134	7	1	243	1	238	8.25e-15	74.3
RCHGF003962	iYS854.USA300HOU_RS08305	26.6	229	124	7	3	219	10	206	7.47e-15	74.3
RCHGF003970	iYS854.USA300HOU_RS06885	40.2	204	101	4	11	203	9	202	2.57e-31	112
RCHGF003976	iEK1008.Rv1322A	29.3	99	69	1	7	104	23	121	5.29e-05	40.4
RCHGF003977	iNF517.LLMG_RS04495	34.6	104	67	1	63	166	72	174	4.68e-11	58.2
RCHGF003977	STM_v1_0.STM1502	29.9	164	112	3	3	165	9	170	9.65e-10	54.7
RCHGF003977	iPC815.YPO2830	28.7	164	114	3	3	165	9	170	9.02e-10	54.7
RCHGF003977	iML1515.b1584	29.3	164	113	3	3	165	9	170	3.53e-09	53.1
RCHGF003978	iNF517.LLMG_RS10355	45.3	170	90	2	2	168	11	180	9.52e-45	145
RCHGF003978	iYO844.BSU23610	41.3	172	99	2	2	171	6	177	4.75e-43	141
RCHGF003979	iHN637.CLJU_RS00915	34.8	184	117	2	53	236	140	320	3.62e-29	114
RCHGF003988	iJN1463.PP_4803	36.5	252	148	6	20	262	37	285	3.44e-38	139
RCHGF003988	iHN637.CLJU_RS07045	35.6	225	127	5	24	232	77	299	8.44e-34	126
RCHGF003992	iYS854.USA300HOU_RS07985	51.0	241	116	2	1	240	5	244	5.02e-75	227
RCHGF003996	iYO844.BSU15180	38.8	469	272	6	14	474	23	484	2.02e-100	310
RCHGF003996	iHN637.CLJU_RS05190	35.6	450	281	5	5	451	13	456	6.07e-96	298
RCHGF003996	iCN900.CD630_26640	35.9	471	287	8	13	476	21	483	5.32e-91	285
RCHGF003996	iAF987.Gmet_0407	36.9	463	265	6	13	451	21	480	8.74e-90	283
RCHGF003997	iYO844.BSU02750	36.2	218	130	4	17	225	19	236	5.74e-38	134
RCHGF003997	iCN900.CD630_16140	34.0	212	135	1	3	209	24	235	5.94e-34	124
RCHGF004002	iAF987.Gmet_0069	33.6	119	75	3	4	118	5	123	4.94e-13	66.6
RCHGF004002	iAF987.Gmet_1706	32.2	115	74	2	3	115	2	114	9.69e-13	65.9
RCHGF004002	iAF987.Gmet_1919	28.2	117	84	0	4	120	5	121	5.69e-11	60.8
RCHGF004003	iAF987.Gmet_0043	35.4	144	86	3	267	404	123	265	3.37e-16	80.1
RCHGF004008	iCN900.CD630_32680	30.5	131	81	4	38	167	153	274	6.05e-08	52.8
RCHGF004008	iAF692.Mbar_A1778	29.6	135	81	4	33	163	168	292	2.95e-06	47.8
RCHGF004009	iCN900.CD630_32630	42.7	288	153	4	25	311	29	305	8.60e-59	190
RCHGF004010	iCN900.CD630_32620	46.1	232	120	3	184	415	48	274	7.73e-56	185
RCHGF004011	iCN900.CD630_32610	71.4	245	69	1	9	253	11	254	1.29e-127	361
RCHGF004011	iAF692.Mbar_A1781	66.8	250	82	1	4	253	10	258	4.03e-125	355
RCHGF004011	iHN637.CLJU_RS06095	66.9	248	81	1	6	253	3	249	3.97e-123	350
RCHGF004012	iCN900.CD630_32860	23.0	191	135	4	23	201	345	535	9.11e-05	42.4
RCHGF004013	iCN900.CD630_17290	35.2	532	333	6	19	545	7	531	2.77e-90	287
RCHGF004015	iYS854.USA300HOU_RS08370	35.0	103	67	0	11	113	3	105	7.18e-12	57.4
RCHGF004015	iHN637.CLJU_RS03985	33.3	114	76	0	5	118	3	116	4.32e-10	54.7
RCHGF004016	iYS854.USA300HOU_RS08365	46.7	120	63	1	17	135	14	133	1.87e-34	116
RCHGF004016	iHN637.CLJU_RS08905	48.5	130	64	2	7	135	3	130	1.01e-33	114
RCHGF004016	iYO844.BSU25300	48.1	129	64	2	8	135	4	130	2.28e-33	113
RCHGF004016	iNF517.LLMG_RS05395	49.6	127	61	2	9	134	6	130	3.12e-32	110
RCHGF004017	iML1515.b4173	28.6	126	82	4	8	127	200	323	6.02e-05	43.9
RCHGF004017	iAF987.Gmet_2444	26.9	171	101	7	8	168	24	180	1.66e-04	42.7
RCHGF004020	iYS854.USA300HOU_RS08350	60.2	462	175	4	5	459	3	462	1.40e-209	586
RCHGF004024	iCN900.CD630_23770	32.2	146	94	2	1	143	1	144	2.75e-22	87.4
RCHGF004025	iYO844.BSU25160	44.8	290	154	5	1	287	1	287	7.32e-83	252
RCHGF004030	iYO844.BSU25070	55.8	351	155	0	3	353	9	359	1.36e-139	400
RCHGF004030	iCN900.CD630_21280	52.8	345	163	0	2	346	4	348	2.51e-126	366
RCHGF004031	iNF517.LLMG_RS01845	27.0	700	446	21	12	668	18	695	1.02e-61	219
RCHGF004032	iCN900.CD630_27420	31.6	206	123	4	7	201	6	204	1.81e-28	105
RCHGF004032	iEK1008.Rv2581c	30.2	215	131	5	7	202	6	220	1.86e-25	98.2
RCHGF004033	iML1515.b4093	38.2	55	34	0	88	142	79	133	5.91e-04	37.7
RCHGF004044	iYO844.BSU22890	47.2	212	109	1	2	210	4	215	4.94e-58	182
RCHGF004044	iYS854.USA300HOU_RS07570	47.6	210	106	2	3	210	4	211	6.01e-58	182
RCHGF004044	iNF517.LLMG_RS03780	47.6	210	105	2	2	208	3	210	6.50e-55	174
RCHGF004044	iLJ478.TM1443	43.1	211	118	2	1	210	1	210	2.61e-54	172
RCHGF004044	iAF987.Gmet_0865	45.6	206	109	1	5	207	8	213	7.47e-54	172
RCHGF004044	iHN637.CLJU_RS10470	45.2	208	113	1	1	208	1	207	1.74e-52	168
RCHGF004044	iEK1008.Rv1712	45.9	207	108	3	5	207	9	215	2.27e-52	168
RCHGF004044	iCN900.CD630_18160	44.2	206	114	1	5	210	6	210	2.12e-52	167
RCHGF004045	iAF692.Mbar_A1452	32.5	160	98	6	6	160	8	162	6.65e-10	60.8
RCHGF004045	iHN637.CLJU_RS06865	26.7	172	120	4	3	171	5	173	4.78e-09	58.2
RCHGF004045	iAF987.Gmet_2444	36.2	130	73	4	173	300	20	141	1.44e-08	56.6
RCHGF004046	iYO844.BSU22830	46.5	333	177	1	1	332	1	333	1.06e-92	279
RCHGF004046	iYS854.USA300HOU_RS07540	44.6	332	183	1	1	331	1	332	2.08e-89	270
RCHGF004046	iNF517.LLMG_RS05655	43.3	330	186	1	3	331	5	334	2.29e-88	268
RCHGF004046	iHN637.CLJU_RS06125	42.8	327	183	2	7	332	8	331	4.45e-83	254
RCHGF004047	iEK1008.Rv0684	27.3	483	313	8	5	461	7	477	2.77e-47	174
RCHGF004047	iSynCJ816.SGL_RS10930	28.0	475	309	10	8	461	7	469	2.75e-45	169
RCHGF004048	iJN1463.PP_1705	35.0	60	39	0	1	60	422	481	8.87e-06	40.4
RCHGF004048	iCN718.ABAYE_RS08070	31.7	60	41	0	1	60	416	475	1.22e-05	40.0
RCHGF004048	iPC815.YPO0161	34.0	53	35	0	1	53	417	469	1.51e-04	37.0
RCHGF004058	iYS854.USA300HOU_RS10265	35.7	241	147	3	2	242	3	235	5.37e-47	155
RCHGF004059	iYS854.USA300HOU_RS10270	34.7	430	264	9	5	428	6	424	8.64e-73	235
RCHGF004060	iHN637.CLJU_RS04210	58.2	232	97	0	1	232	1	232	4.75e-95	277
RCHGF004060	iCN900.CD630_02190	51.9	231	110	1	6	235	2	232	2.76e-86	255
RCHGF004060	iYO844.BSU06450	54.3	230	104	1	5	233	7	236	7.48e-86	254
RCHGF004061	iHN637.CLJU_RS06565	67.4	476	155	0	1	476	1	476	1.20e-234	650
RCHGF004062	iHN637.CLJU_RS01075	58.6	531	220	0	2	532	3	533	1.39e-231	647
RCHGF004062	iYO844.BSU37150	57.4	528	225	0	1	528	1	528	7.31e-227	635
RCHGF004062	iYS854.USA300HOU_RS11480	58.0	529	221	1	1	528	1	529	2.35e-223	627
RCHGF004062	iSynCJ816.SGL_RS10805	54.3	525	240	0	1	525	1	525	1.85e-209	592
RCHGF004062	iNF517.LLMG_RS02375	52.2	533	254	1	2	533	3	535	3.87e-207	585
RCHGF004064	iYO844.BSU17460	40.4	423	232	6	4	412	5	421	1.45e-101	308
RCHGF004064	iYS854.USA300HOU_RS06590	39.5	423	236	8	4	412	7	423	3.47e-97	297
RCHGF004064	iAF692.Mbar_A0666	39.0	423	237	5	4	412	9	424	2.01e-96	295
RCHGF004064	iNF517.LLMG_RS12480	36.4	429	250	8	1	412	1	423	6.79e-91	281
RCHGF004065	iHN637.CLJU_RS20860	47.0	434	221	3	1	431	1	428	4.87e-148	427
RCHGF004065	iNF517.LLMG_RS11055	48.5	425	209	4	1	422	1	418	1.70e-146	423
RCHGF004065	iCN900.CD630_36550	47.4	424	215	3	1	422	1	418	1.24e-143	416
RCHGF004065	iEK1008.Rv0357c	46.1	434	228	3	1	433	1	429	6.32e-142	412
RCHGF004065	iYO844.BSU40420	46.0	424	222	3	1	423	1	418	3.38e-141	410
RCHGF004065	iAF987.Gmet_3260	47.4	426	215	3	1	423	1	420	6.28e-139	404
RCHGF004065	iYS854.USA300HOU_RS00085	44.9	432	231	3	1	431	1	426	1.61e-138	403
RCHGF004065	iSynCJ816.SGL_RS05700	45.5	431	228	2	1	430	1	425	8.23e-135	394
RCHGF004065	iJN1463.PP_4889	46.2	426	221	3	5	428	6	425	8.01e-132	386
RCHGF004068	iIT341.HP0381	30.6	72	49	1	46	116	117	188	1.34e-04	41.6
RCHGF004071	iAF987.Gmet_1914	28.2	110	77	2	5	114	1	108	5.29e-05	43.9
RCHGF004075	iYO844.BSU24270	49.9	607	295	6	1	601	1	604	1.25e-203	584
RCHGF004076	iLB1027_lipid.PHATRDRAFT_19000	45.7	269	142	3	16	280	69	337	1.19e-66	210
RCHGF004076	iSynCJ816.SGL_RS02445	42.4	278	157	2	5	279	24	301	9.73e-66	207
RCHGF004076	iAF987.Gmet_1935	45.0	269	137	3	20	280	32	297	6.70e-65	204
RCHGF004076	iYO844.BSU24280	42.6	263	146	3	20	278	33	294	5.23e-61	194
RCHGF004076	iNF517.LLMG_RS08500	46.9	243	125	4	5	244	9	250	2.40e-59	190
RCHGF004080	iCHOv1.100772070	41.0	305	164	5	6	297	46	347	1.00e-65	209
RCHGF004080	iCHOv1.100755966	41.7	302	160	5	9	297	251	549	3.48e-63	208
RCHGF004080	iAT_PLT_636.93034	39.1	307	170	5	6	300	245	546	1.08e-58	196
RCHGF004083	iNF517.LLMG_RS01960	29.5	173	96	6	48	220	41	187	4.59e-09	56.2
RCHGF004084	iYO844.BSU16670	34.1	311	198	4	1	304	1	311	5.04e-54	178
RCHGF004084	iCN900.CD630_13150	35.8	279	173	4	22	296	20	296	1.31e-48	164
RCHGF004085	iYS854.USA300HOU_RS06405	42.7	239	120	5	2	228	3	236	3.12e-51	169
RCHGF004085	iNF517.LLMG_RS07220	40.0	220	120	3	1	208	5	224	3.34e-46	157
RCHGF004085	iSynCJ816.SGL_RS18050	36.3	256	148	5	1	242	1	255	2.84e-46	156
RCHGF004091	iEK1008.Rv2936	41.1	224	128	3	4	224	8	230	9.44e-49	165
RCHGF004096	iCN900.CD630_27390	51.3	581	277	3	1	575	7	587	1.66e-208	593
RCHGF004096	iYS854.USA300HOU_RS08675	51.9	570	266	4	16	577	17	586	3.01e-207	590
RCHGF004096	iAF987.Gmet_1357	49.7	582	287	2	3	578	10	591	1.71e-205	585
RCHGF004096	iNF517.LLMG_RS11115	52.5	590	262	5	1	577	1	585	2.43e-204	582
RCHGF004096	iSbBS512_1146.SbBS512_E1106	49.4	585	279	8	3	575	2	581	1.50e-187	540
RCHGF004096	iSDY_1059.SDY_1153	49.4	585	279	8	3	575	2	581	1.50e-187	540
RCHGF004096	iSSON_1240.SSON_1275	49.4	585	279	8	3	575	2	581	2.13e-187	539
RCHGF004096	STM_v1_0.STM1901	49.1	584	282	8	3	575	2	581	1.72e-186	537
RCHGF004096	iSF_1195.SF1876	49.2	585	280	8	3	575	2	581	4.87e-186	536
RCHGF004096	iYL1228.KPN_02380	48.7	591	286	8	3	581	2	587	8.15e-186	535
RCHGF004097	iYS854.USA300HOU_RS08680	50.2	416	203	4	4	417	3	416	5.24e-141	409
RCHGF004117	iNF517.LLMG_RS03765	34.6	107	67	2	5	109	2	107	4.61e-12	61.6
RCHGF004117	iCN900.CD630_30670	35.1	97	62	1	8	104	4	99	3.92e-12	59.3
RCHGF004117	iSF_1195.SF3171	29.7	118	77	3	6	119	2	117	1.85e-11	57.8
RCHGF004118	iPC815.YPO1758	36.0	161	102	1	2	161	160	320	1.20e-33	120
RCHGF004118	iYO844.BSU27060	39.0	159	96	1	5	162	1	159	7.89e-34	116
RCHGF004118	STM_v1_0.STM1830	34.4	160	104	1	2	160	158	317	1.96e-30	112
RCHGF004118	iML1515.b1817	34.8	161	104	1	2	161	159	319	2.80e-30	111
RCHGF004118	iSbBS512_1146.SbBS512_E2083	34.8	161	104	1	2	161	159	319	2.80e-30	111
RCHGF004118	iSF_1195.SF1411	34.8	161	104	1	2	161	159	319	2.80e-30	111
RCHGF004118	iSSON_1240.SSON_1343	34.8	161	104	1	2	161	159	319	2.80e-30	111
RCHGF004119	iCN900.CD630_32770	31.7	262	173	3	1	257	1	261	4.84e-36	128
RCHGF004119	iCN900.CD630_30700	31.8	255	168	2	4	257	7	256	7.70e-33	120
RCHGF004120	STM_v1_0.STM1832	35.7	280	167	5	2	272	10	285	1.70e-57	185
RCHGF004120	iSF_1195.SF1409	35.7	280	167	5	2	272	10	285	4.79e-57	184
RCHGF004120	iML1515.b1819	35.7	280	167	5	2	272	7	282	1.75e-56	182
RCHGF004120	iSbBS512_1146.SbBS512_E2085	35.7	280	167	5	2	272	7	282	1.75e-56	182
RCHGF004120	iSSON_1240.SSON_1341	35.7	280	167	5	2	272	10	285	1.90e-56	182
RCHGF004120	iYL1228.KPN_02335	35.6	278	166	6	4	272	12	285	5.36e-56	181
RCHGF004120	iPC815.YPO1756	37.0	262	153	6	7	258	24	283	1.21e-53	175
RCHGF004120	iYO844.BSU27040	38.1	265	150	6	8	263	7	266	2.76e-53	174
RCHGF004120	iCN900.CD630_32760	35.1	268	167	3	7	271	5	268	6.37e-53	172
RCHGF004120	iCN900.CD630_30690	40.6	244	139	4	28	271	31	268	3.67e-52	171
RCHGF004121	iAF987.Gmet_0700	32.2	456	291	5	105	544	355	808	4.50e-65	226
RCHGF004121	iAF987.Gmet_2629	32.1	446	282	7	116	544	357	798	4.31e-64	224
RCHGF004121	iAF987.Gmet_0987	31.1	450	285	6	105	544	340	774	4.59e-60	212
RCHGF004121	iAF987.Gmet_0957	34.2	424	260	9	138	549	199	615	1.23e-60	211
RCHGF004121	iAF987.Gmet_0782	30.4	427	289	5	138	558	305	729	5.30e-58	206
RCHGF004121	iAF987.Gmet_3085	32.4	417	267	7	138	544	463	874	3.68e-57	205
RCHGF004122	iCN900.CD630_15990	51.2	256	125	0	5	260	9	264	3.84e-79	239
RCHGF004122	iHN637.CLJU_RS16285	46.6	262	139	1	1	262	1	261	1.74e-70	217
RCHGF004123	iML1515.b2293	27.0	196	135	3	2	195	4	193	4.76e-06	45.4
RCHGF004123	iML1515.b1727	24.4	172	120	4	5	170	11	178	1.66e-05	43.9
RCHGF004126	iYS854.USA300HOU_RS11865	36.0	367	214	11	1	355	108	465	1.90e-64	211
RCHGF004126	iNF517.LLMG_RS01005	34.5	368	217	11	1	355	116	472	1.84e-57	193
RCHGF004127	iNF517.LLMG_RS01005	54.9	91	41	0	9	99	13	103	8.58e-28	104
RCHGF004127	iCHOv1.100766856	59.3	81	31	2	9	88	1380	1459	2.36e-26	100
RCHGF004127	iMM1415.226413	59.3	81	31	2	9	88	1385	1464	6.00e-26	99.8
RCHGF004127	iCN900.CD630_08180	48.4	93	42	2	9	99	9	97	2.47e-24	94.7
RCHGF004129	iML1515.b3697	25.1	279	181	9	6	269	3	268	3.31e-12	64.7
RCHGF004133	iCN900.CD630_03880	31.8	466	292	9	4	460	3	451	4.85e-60	206
RCHGF004133	iCN900.CD630_30970	29.9	485	293	8	1	455	1	468	1.24e-56	197
RCHGF004133	iCN900.CD630_31270	31.8	412	268	4	3	408	4	408	1.85e-57	196
RCHGF004133	iCN900.CD630_31250	30.0	490	295	11	1	461	1	471	2.48e-55	194
RCHGF004133	iSSON_1240.SSON_2859	29.9	465	296	12	1	449	1	451	5.78e-55	190
RCHGF004133	iCN900.CD630_08160	31.4	411	261	7	4	403	3	403	1.34e-53	189
RCHGF004135	iYS854.USA300HOU_RS01000	45.9	146	75	1	3	144	534	679	2.37e-36	131
RCHGF004135	iCN900.CD630_03880	42.7	150	80	2	1	145	468	616	5.76e-34	124
RCHGF004135	iCN900.CD630_31370	40.3	149	86	2	1	146	464	612	1.99e-33	122
RCHGF004135	iYO844.BSU39270	48.0	123	64	0	2	124	462	584	3.40e-32	119
RCHGF004135	iNF517.LLMG_RS07195	40.4	146	84	2	3	145	503	648	3.80e-32	119
RCHGF004138	iAF692.Mbar_A0352	39.0	100	49	4	3	100	2	91	6.72e-10	57.8
RCHGF004143	STM_v1_0.STM1933	45.1	213	114	3	1	212	1	211	1.05e-58	183
RCHGF004144	iCN900.CD630_10780	46.6	268	139	1	5	268	12	279	7.35e-79	239
RCHGF004144	iCN900.CD630_32760	47.0	264	135	2	9	268	5	267	5.75e-78	236
RCHGF004145	iCN900.CD630_10770	38.9	252	150	1	3	254	7	254	5.91e-57	182
RCHGF004145	iCN900.CD630_32770	38.1	244	149	2	1	243	2	244	6.92e-52	169
RCHGF004146	iCN900.CD630_10760	46.3	149	78	1	1	149	1	147	2.26e-42	137
RCHGF004147	iCN900.CD630_10740	33.8	139	84	6	4	139	3	136	3.05e-14	64.7
RCHGF004147	iCN900.CD630_32780	27.2	125	90	1	4	127	3	127	5.06e-13	61.6
RCHGF004149	STM_v1_0.STM2340	36.9	301	189	1	13	313	14	313	3.74e-72	225
RCHGF004150	STM_v1_0.STM2341	44.4	268	140	1	1	259	1	268	1.72e-73	225
RCHGF004151	iML1515.b3011	33.4	353	221	6	1	347	1	345	1.59e-60	200
RCHGF004152	iCN900.CD630_31350	49.1	281	142	1	1	280	1	281	1.01e-96	286
RCHGF004156	iYS854.USA300HOU_RS02990	46.4	209	112	0	1	209	1	209	6.07e-62	191
RCHGF004157	iCN900.CD630_24910	30.9	311	196	11	7	305	6	309	1.23e-42	149
RCHGF004157	iYO844.BSU12020	30.4	309	201	8	9	308	10	313	1.77e-42	148
RCHGF004159	iCHOv1.100753544	26.4	148	106	2	10	155	3	149	4.06e-13	68.6
RCHGF004160	iCN900.CD630_33310	32.6	227	148	4	1	223	1	226	7.40e-32	115
RCHGF004162	iAF692.Mbar_A2310	29.9	87	60	1	515	601	2	87	3.10e-09	53.9
RCHGF004162	iJN1463.PP_0510	35.6	73	46	1	515	587	27	98	3.29e-07	52.0
RCHGF004162	iML1515.b3781	28.9	97	68	1	507	603	14	109	8.64e-08	50.4
RCHGF004162	STM_v1_0.STM3915	28.9	97	68	1	507	603	14	109	8.64e-08	50.4
RCHGF004162	iSbBS512_1146.SbBS512_E4140	28.9	97	68	1	507	603	14	109	8.64e-08	50.4
RCHGF004162	iSDY_1059.SDY_3968	28.9	97	68	1	507	603	32	127	1.30e-07	50.4
RCHGF004162	iSF_1195.SF3854	28.9	97	68	1	507	603	32	127	1.30e-07	50.4
RCHGF004162	iSSON_1240.SSON_3952	28.9	97	68	1	507	603	32	127	1.30e-07	50.4
RCHGF004162	iYL1228.KPN_04282	29.9	97	67	1	507	603	14	109	1.61e-07	49.7
RCHGF004162	iPC815.YPO3868	34.5	84	54	1	517	600	24	106	2.15e-07	49.3
RCHGF004163	iCN900.CD630_23560	43.8	317	166	4	1	310	1	312	2.01e-84	259
RCHGF004163	iHN637.CLJU_RS13735	41.6	317	165	5	1	306	1	308	3.24e-77	241
RCHGF004163	iLJ478.TM0869	42.1	299	169	3	1	299	14	308	3.45e-77	241
RCHGF004163	iYO844.BSU34790	39.6	318	184	4	2	317	4	315	8.36e-75	234
RCHGF004164	iYS854.USA300HOU_RS12590	20.4	452	315	14	19	466	11	421	7.96e-05	44.7
RCHGF004164	iYO844.BSU23560	24.7	312	201	12	44	338	37	331	5.80e-04	42.0
RCHGF004171	iAF987.Gmet_2999	38.2	272	142	4	1	255	86	348	4.38e-53	176
RCHGF004174	iCN900.CD630_28490	47.5	259	135	1	2	260	8	265	7.03e-81	254
RCHGF004175	iCN900.CD630_28490	53.1	358	166	2	4	359	277	634	1.23e-128	382
RCHGF004175	iCN718.ABAYE_RS11715	52.5	364	169	4	4	364	28	390	1.27e-124	363
RCHGF004175	STM_v1_0.STM0431	49.7	366	170	6	2	359	4	363	7.06e-120	350
RCHGF004176	iJN1463.PP_5136	29.9	482	315	12	25	493	45	516	8.77e-51	187
RCHGF004177	iCN900.CD630_35300	46.3	231	122	1	2	230	4	234	4.94e-70	218
RCHGF004177	iCN900.CD630_35270	46.6	232	120	2	2	230	4	234	9.87e-70	217
RCHGF004177	iJN1463.PP_5137	43.7	229	129	0	2	230	10	238	6.43e-67	210
RCHGF004177	iJN1463.PP_1722	45.5	233	125	1	2	232	4	236	1.34e-66	209
RCHGF004177	iYS854.USA300HOU_RS05485	42.7	255	140	2	1	249	4	258	3.56e-66	209
RCHGF004177	iHN637.CLJU_RS10680	45.7	232	124	1	1	230	9	240	5.36e-65	206
RCHGF004177	iYL1228.KPN_01132	41.8	232	133	1	1	230	17	248	1.29e-63	202
RCHGF004177	iCN900.CD630_10240	42.7	232	131	1	1	230	5	236	7.93e-64	202
RCHGF004177	STM_v1_0.STM1226	41.4	232	134	1	1	230	17	248	1.82e-63	202
RCHGF004177	iSynCJ816.SGL_RS17160	41.3	240	139	1	2	239	3	242	1.39e-63	202
RCHGF004177	iSDY_1059.SDY_2026	41.8	232	133	1	1	230	17	248	3.63e-63	201
RCHGF004177	iML1515.b1126	41.8	232	133	1	1	230	17	248	1.02e-62	200
RCHGF004177	iJN1463.PP_5168	40.0	235	135	1	2	230	3	237	2.71e-63	200
RCHGF004177	iSF_1195.SF1128	41.8	232	133	1	1	230	17	248	1.02e-62	200
RCHGF004177	iSbBS512_1146.SbBS512_E1304	41.4	232	134	1	1	230	17	248	4.04e-62	199
RCHGF004177	iSSON_1240.SSON_1144	41.4	232	134	1	1	230	17	248	4.04e-62	199
RCHGF004177	iLJ478.TM1376	43.7	231	128	1	2	230	6	236	3.11e-62	199
RCHGF004179	iCN900.CD630_22540	62.8	223	83	0	1	223	1	223	3.07e-99	288
RCHGF004179	iCN718.ABAYE_RS07190	60.1	228	91	0	1	228	1	228	6.24e-95	277
RCHGF004179	iHN637.CLJU_RS14520	56.3	229	99	1	1	228	1	229	7.04e-89	261
RCHGF004185	iCN900.CD630_25410	48.8	457	232	2	1	456	1	456	2.29e-132	390
RCHGF004186	iYS854.USA300HOU_RS12020	37.8	238	146	2	3	239	2	238	2.04e-51	168
RCHGF004186	iNF517.LLMG_RS02350	38.8	250	144	6	1	244	1	247	3.08e-50	164
RCHGF004187	iYS854.USA300HOU_RS12025	42.2	244	141	0	2	245	3	246	2.08e-58	186
RCHGF004187	iCN900.CD630_01020	40.5	262	153	3	1	261	2	261	1.81e-56	181
RCHGF004188	iCN900.CD630_01010	44.4	275	149	3	1	273	1	273	4.28e-79	241
RCHGF004188	iYS854.USA300HOU_RS12030	43.3	254	144	0	1	254	1	254	2.61e-77	236
RCHGF004189	iYS854.USA300HOU_RS12035	44.3	262	141	3	8	268	12	269	1.30e-70	218
RCHGF004189	iCN900.CD630_01000	39.9	273	159	3	4	271	5	277	1.07e-68	213
RCHGF004191	iCN900.CD630_03890	42.4	490	243	12	3	465	6	483	1.53e-123	369
RCHGF004191	iSDY_1059.SDY_2912	43.8	482	240	14	5	470	8	474	2.78e-123	367
RCHGF004191	iML1515.b2716	43.0	481	249	12	3	470	6	474	7.87e-123	366
RCHGF004191	iCN900.CD630_30960	43.5	483	248	10	1	469	3	474	8.90e-122	363
RCHGF004191	iCN900.CD630_08180	40.4	478	252	8	3	466	7	465	4.17e-121	362
RCHGF004191	iML1515.b3721	43.4	475	245	14	3	470	6	463	4.07e-116	349
RCHGF004191	iCN900.CD630_31240	41.4	483	258	10	1	469	5	476	2.55e-113	342
RCHGF004191	iYO844.BSU40110	40.0	490	259	13	1	469	4	479	5.42e-113	341
RCHGF004191	STM_v1_0.STM3051	40.3	479	269	10	1	469	6	477	1.44e-112	340
RCHGF004191	iYO844.BSU39260	41.8	481	245	13	3	469	10	469	1.42e-110	335
RCHGF004191	iML1515.b2901	39.5	479	273	10	1	469	8	479	2.16e-109	332
RCHGF004191	iSSON_1240.SSON_3054	39.5	479	273	10	1	469	8	479	2.16e-109	332
RCHGF004192	iYO844.BSU39270	38.4	594	357	6	4	595	2	588	2.14e-137	413
RCHGF004192	iCN900.CD630_31250	35.8	640	381	8	5	616	4	641	1.15e-126	387
RCHGF004192	iCN900.CD630_08160	35.7	628	381	6	4	616	2	621	1.98e-126	385
RCHGF004192	iCN900.CD630_30970	35.4	636	385	7	5	616	4	637	8.91e-125	382
RCHGF004195	iYO844.BSU30420	42.6	209	113	4	1	202	1	209	9.69e-44	157
RCHGF004195	iCN900.CD630_19470	42.3	220	121	4	2	217	10	227	2.02e-42	154
RCHGF004195	iSynCJ816.SGL_RS17160	42.3	213	112	4	21	228	17	223	4.64e-40	151
RCHGF004195	iJN1463.PP_4210	41.9	227	128	3	1	224	5	230	1.07e-36	147
RCHGF004199	iJN1463.PP_5168	28.6	220	145	6	1	210	1	218	6.91e-20	86.3
RCHGF004199	iJN1463.PP_0283	27.9	233	135	6	3	209	8	233	6.94e-20	85.1
RCHGF004199	iYO844.BSU02750	27.4	201	138	5	13	205	13	213	1.11e-19	84.3
RCHGF004199	iSynCJ816.SGL_RS17160	30.6	219	138	7	1	210	1	214	4.37e-19	84.3
RCHGF004199	iNF517.LLMG_RS06730	30.5	220	133	8	3	209	6	218	2.33e-18	82.8
RCHGF004199	iCN718.ABAYE_RS05140	29.5	220	143	7	1	210	1	218	2.87e-18	82.0
RCHGF004199	iAF987.Gmet_1903	30.3	218	144	7	1	210	1	218	1.77e-17	79.7
RCHGF004199	iCN900.CD630_32150	27.6	221	144	6	3	211	5	221	1.69e-17	78.6
RCHGF004203	iCN718.ABAYE_RS12870	23.1	173	111	4	19	186	34	189	9.12e-11	58.2
RCHGF004203	iMM1415.12846	24.5	204	135	8	2	192	67	264	3.02e-09	54.7
RCHGF004203	iAT_PLT_636.1312	25.0	188	122	7	2	176	112	293	9.07e-09	53.5
RCHGF004203	iCHOv1.100770626	30.1	123	74	4	27	138	94	215	1.42e-08	52.8
RCHGF004204	iAF987.Gmet_3529	30.2	212	142	2	108	318	87	293	6.38e-25	103
RCHGF004206	iSynCJ816.SGL_RS16185	39.0	136	73	3	247	374	164	297	6.53e-20	89.0
RCHGF004212	iSynCJ816.SGL_RS14930	48.6	247	125	2	2	246	29	275	2.32e-74	227
RCHGF004213	iCN900.CD630_00910	48.4	213	109	1	1	213	1	212	7.10e-73	219
RCHGF004213	iYS854.USA300HOU_RS12070	48.6	214	109	1	1	214	1	213	1.83e-70	213
RCHGF004213	iYO844.BSU01370	49.5	208	104	1	1	208	1	207	5.99e-67	204
RCHGF004213	iAF692.Mbar_A0086	45.1	215	116	2	1	215	1	213	1.84e-65	201
RCHGF004234	iCN900.CD630_19780	45.8	240	121	3	1	239	14	245	9.97e-65	201
RCHGF004235	iCN900.CD630_19790	54.7	333	146	4	2	330	4	335	1.58e-130	375
RCHGF004236	iCN900.CD630_19800	40.5	227	135	0	10	236	16	242	3.95e-61	192
RCHGF004240	iSynCJ816.SGL_RS10925	71.4	399	109	2	1	394	1	399	1.40e-207	575
RCHGF004241	iSynCJ816.SGL_RS10930	58.7	685	282	1	1	685	1	684	2.71e-292	814
RCHGF004241	iEK1008.Rv0684	59.6	686	270	4	7	685	10	695	7.81e-292	813
RCHGF004244	iML1515.b3697	28.8	278	177	10	1	265	1	270	5.60e-17	78.2
RCHGF004244	iSF_1195.SF0538	25.5	259	176	7	1	247	1	254	3.55e-15	73.2
RCHGF004244	iSbBS512_1146.SbBS512_E0687	25.5	259	176	7	1	247	1	254	4.86e-15	72.8
RCHGF004244	iML1515.b0766	25.5	259	176	7	1	247	1	254	1.25e-14	71.6
RCHGF004245	iYO844.BSU29600	43.7	426	228	6	10	431	11	428	3.37e-106	322
RCHGF004245	iYO844.BSU26690	38.4	437	256	5	2	433	3	431	5.16e-98	300
RCHGF004250	iJN1463.PP_1877	59.2	142	58	0	6	147	14	155	1.69e-56	173
RCHGF004250	iML1515.b1832	54.6	130	59	0	15	144	16	145	1.35e-49	156
RCHGF004260	iYS854.USA300HOU_RS07655	25.7	187	115	4	2	168	180	362	1.24e-08	55.5
RCHGF004260	iYO844.BSU17410	25.9	185	127	5	1	179	2	182	1.47e-08	54.3
