URL	chrom://arspawyn4ahlab1/ChromeleonLocal/Instrument Data/ICS3000/2024_Feb7.seq/374.smp/ED_1.channel/ED_1.chm
Channel	ED_1

Injection Information:
Data Vault	ChromeleonLocal
Sequence	2024_Feb7
Name	0.1 mg/mL Fructose
Number	49
Position	RA6
Comment	
Processing Method	Quantitative
Instrument Method	Neutral Oligosaccharides IV ICS 3000
Type	Unknown
Status	Finished
Inject Time	2/10/2024 9:59:56 AM -05:00
Volume (µl)	25.0000
Dilution Factor	1.0000
Weight	1.0000

Chromatogram Data Information:
Time Min. (min)	0.000000
Time Max. (min)	60.000000
Data Points	7201
Detector	EDet1
Generating Data System	Chromeleon 7.3.0.60919
Exporting Data System	Chromeleon 7.3.0.0
Operator	Instrument Controller
Signal Quantity	
Signal Unit	nC
Signal Min.	-1.083300
Signal Max.	17.590350
Channel	ED_1
Driver Name	DC-3000
Channel Type	Evaluation
Min. Step (s)	0.5
Max. Step (s)	0.5
Average Step (s)	0.5

Signal Parameter Information:
Signal Info	

Chromatogram Data:
Time (min)	Step (s)	Value (nC)
0.000000	n.a.	0.000850
0.008333	0.5	-0.001600
0.016667	0.5	-0.002050
0.025000	0.5	-0.002150
0.033333	0.5	-0.002700
0.041667	0.5	-0.001700
0.050000	0.5	-0.003650
0.058333	0.5	-0.004650
0.066667	0.5	-0.003550
0.075000	0.5	-0.004700
0.083333	0.5	-0.005000
0.091667	0.5	-0.003250
0.100000	0.5	-0.007250
0.108333	0.5	-0.007200
0.116667	0.5	-0.008100
0.125000	0.5	-0.007800
0.133333	0.5	-0.008400
0.141667	0.5	-0.005300
0.150000	0.5	-0.009550
0.158333	0.5	-0.009000
0.166667	0.5	-0.009000
0.175000	0.5	-0.008900
0.183333	0.5	-0.007250
0.191667	0.5	-0.011350
0.200000	0.5	-0.011050
0.208333	0.5	-0.011650
0.216667	0.5	-0.011200
0.225000	0.5	-0.010900
0.233333	0.5	-0.012350
0.241667	0.5	-0.010450
0.250000	0.5	-0.011600
0.258333	0.5	-0.010700
0.266667	0.5	-0.011150
0.275000	0.5	-0.012050
0.283333	0.5	-0.012800
0.291667	0.5	-0.012800
0.300000	0.5	-0.011950
0.308333	0.5	-0.011500
0.316667	0.5	-0.013400
0.325000	0.5	-0.013500
0.333333	0.5	-0.013650
0.341667	0.5	-0.016800
0.350000	0.5	-0.013500
0.358333	0.5	-0.014000
0.366667	0.5	-0.014350
0.375000	0.5	-0.014800
0.383333	0.5	-0.015000
0.391667	0.5	-0.015350
0.400000	0.5	-0.015300
0.408333	0.5	-0.015100
0.416667	0.5	-0.015450
0.425000	0.5	-0.016250
0.433333	0.5	-0.015850
0.441667	0.5	-0.014500
0.450000	0.5	-0.014650
0.458333	0.5	-0.015100
0.466667	0.5	-0.015350
0.475000	0.5	-0.015350
0.483333	0.5	-0.016750
0.491667	0.5	-0.016850
0.500000	0.5	-0.017000
0.508333	0.5	-0.016550
0.516667	0.5	-0.017000
0.525000	0.5	-0.015150
0.533333	0.5	-0.014000
0.541667	0.5	-0.015050
0.550000	0.5	-0.014950
0.558333	0.5	-0.014400
0.566667	0.5	-0.014550
0.575000	0.5	-0.014450
0.583333	0.5	-0.015250
0.591667	0.5	-0.014900
0.600000	0.5	-0.015200
0.608333	0.5	-0.015400
0.616667	0.5	-0.014500
0.625000	0.5	-0.013550
0.633333	0.5	-0.014100
0.641667	0.5	-0.013800
0.650000	0.5	-0.013000
0.658333	0.5	-0.011400
0.666667	0.5	-0.013100
0.675000	0.5	-0.013850
0.683333	0.5	-0.013200
0.691667	0.5	-0.012900
0.700000	0.5	-0.011950
0.708333	0.5	-0.011950
0.716667	0.5	-0.011850
0.725000	0.5	-0.011450
0.733333	0.5	-0.010350
0.741667	0.5	-0.010400
0.750000	0.5	-0.011100
0.758333	0.5	-0.010400
0.766667	0.5	-0.009800
0.775000	0.5	-0.010000
0.783333	0.5	-0.010250
0.791667	0.5	-0.008750
0.800000	0.5	-0.008800
0.808333	0.5	-0.009150
0.816667	0.5	-0.007600
0.825000	0.5	-0.006800
0.833333	0.5	-0.006200
0.841667	0.5	-0.006200
0.850000	0.5	-0.005600
0.858333	0.5	-0.005850
0.866667	0.5	-0.007650
0.875000	0.5	-0.006250
0.883333	0.5	-0.005500
0.891667	0.5	-0.005050
0.900000	0.5	-0.004000
0.908333	0.5	-0.004650
0.916667	0.5	-0.003500
0.925000	0.5	-0.002650
0.933333	0.5	-0.001900
0.941667	0.5	-0.002150
0.950000	0.5	-0.001850
0.958333	0.5	-0.002650
0.966667	0.5	-0.002600
0.975000	0.5	-0.003550
0.983333	0.5	-0.002550
0.991667	0.5	-0.002550
1.000000	0.5	-0.003300
1.008333	0.5	-0.002500
1.016667	0.5	-0.002950
1.025000	0.5	-0.002750
1.033333	0.5	-0.003000
1.041667	0.5	-0.002250
1.050000	0.5	-0.004550
1.058333	0.5	-0.004650
1.066667	0.5	-0.005650
1.075000	0.5	-0.005500
1.083333	0.5	-0.004300
1.091667	0.5	-0.007000
1.100000	0.5	-0.006350
1.108333	0.5	-0.007500
1.116667	0.5	-0.007350
1.125000	0.5	-0.008450
1.133333	0.5	-0.009550
1.141667	0.5	-0.011600
1.150000	0.5	-0.010450
1.158333	0.5	-0.011000
1.166667	0.5	-0.011250
1.175000	0.5	-0.012100
1.183333	0.5	-0.012750
1.191667	0.5	-0.011950
1.200000	0.5	-0.011450
1.208333	0.5	-0.011700
1.216667	0.5	-0.010850
1.225000	0.5	-0.010050
1.233333	0.5	-0.010300
1.241667	0.5	-0.010400
1.250000	0.5	-0.010650
1.258333	0.5	-0.009600
1.266667	0.5	-0.009050
1.275000	0.5	-0.009050
1.283333	0.5	-0.005450
1.291667	0.5	-0.006000
1.300000	0.5	-0.005600
1.308333	0.5	-0.004100
1.316667	0.5	-0.001850
1.325000	0.5	-0.003250
1.333333	0.5	-0.001950
1.341667	0.5	-0.001600
1.350000	0.5	-0.001400
1.358333	0.5	-0.000150
1.366667	0.5	-0.000750
1.375000	0.5	0.000100
1.383333	0.5	0.001800
1.391667	0.5	0.003350
1.400000	0.5	0.003900
1.408333	0.5	0.005200
1.416667	0.5	0.005850
1.425000	0.5	0.005800
1.433333	0.5	0.007700
1.441667	0.5	0.005050
1.450000	0.5	0.005100
1.458333	0.5	0.005600
1.466667	0.5	0.006650
1.475000	0.5	0.006450
1.483333	0.5	0.006950
1.491667	0.5	0.007500
1.500000	0.5	0.007450
1.508333	0.5	0.007400
1.516667	0.5	0.008350
1.525000	0.5	0.008450
1.533333	0.5	0.008700
1.541667	0.5	0.007350
1.550000	0.5	0.008550
1.558333	0.5	0.008500
1.566667	0.5	0.008350
1.575000	0.5	0.008450
1.583333	0.5	0.009000
1.591667	0.5	0.009350
1.600000	0.5	0.010600
1.608333	0.5	0.009550
1.616667	0.5	0.010850
1.625000	0.5	0.011850
1.633333	0.5	0.012300
1.641667	0.5	0.009750
1.650000	0.5	0.012400
1.658333	0.5	0.012500
1.666667	0.5	0.012850
1.675000	0.5	0.013950
1.683333	0.5	0.007600
1.691667	0.5	-0.015450
1.700000	0.5	-0.075600
1.708333	0.5	-0.198900
1.716667	0.5	-0.391750
1.725000	0.5	-0.633600
1.733333	0.5	-0.874100
1.741667	0.5	-1.038400
1.750000	0.5	-1.083300
1.758333	0.5	-1.027650
1.766667	0.5	-0.921600
1.775000	0.5	-0.807550
1.783333	0.5	-0.698600
1.791667	0.5	-0.598950
1.800000	0.5	-0.509150
1.808333	0.5	-0.432650
1.816667	0.5	-0.371800
1.825000	0.5	-0.323700
1.833333	0.5	-0.285050
1.841667	0.5	-0.251450
1.850000	0.5	-0.225150
1.858333	0.5	-0.200550
1.866667	0.5	-0.180800
1.875000	0.5	-0.162300
1.883333	0.5	-0.144250
1.891667	0.5	-0.128500
1.900000	0.5	-0.113450
1.908333	0.5	-0.101350
1.916667	0.5	-0.087200
1.925000	0.5	-0.072800
1.933333	0.5	-0.057700
1.941667	0.5	-0.038500
1.950000	0.5	-0.018300
1.958333	0.5	0.006500
1.966667	0.5	0.031200
1.975000	0.5	0.058600
1.983333	0.5	0.083550
1.991667	0.5	0.115300
2.000000	0.5	0.143600
2.008333	0.5	0.170850
2.016667	0.5	0.197550
2.025000	0.5	0.213600
2.033333	0.5	0.226900
2.041667	0.5	0.232550
2.050000	0.5	0.232250
2.058333	0.5	0.227950
2.066667	0.5	0.221700
2.075000	0.5	0.210500
2.083333	0.5	0.199050
2.091667	0.5	0.191350
2.100000	0.5	0.181900
2.108333	0.5	0.173950
2.116667	0.5	0.166800
2.125000	0.5	0.159700
2.133333	0.5	0.156050
2.141667	0.5	0.149250
2.150000	0.5	0.145400
2.158333	0.5	0.142900
2.166667	0.5	0.141400
2.175000	0.5	0.140050
2.183333	0.5	0.140600
2.191667	0.5	0.140200
2.200000	0.5	0.139800
2.208333	0.5	0.142950
2.216667	0.5	0.141450
2.225000	0.5	0.145100
2.233333	0.5	0.151650
2.241667	0.5	0.158300
2.250000	0.5	0.168350
2.258333	0.5	0.178850
2.266667	0.5	0.191300
2.275000	0.5	0.202000
2.283333	0.5	0.211950
2.291667	0.5	0.220550
2.300000	0.5	0.225750
2.308333	0.5	0.230650
2.316667	0.5	0.235350
2.325000	0.5	0.239050
2.333333	0.5	0.243850
2.341667	0.5	0.249200
2.350000	0.5	0.248550
2.358333	0.5	0.249800
2.366667	0.5	0.250900
2.375000	0.5	0.249400
2.383333	0.5	0.249500
2.391667	0.5	0.245050
2.400000	0.5	0.243000
2.408333	0.5	0.242200
2.416667	0.5	0.241000
2.425000	0.5	0.240800
2.433333	0.5	0.240350
2.441667	0.5	0.242850
2.450000	0.5	0.243650
2.458333	0.5	0.246600
2.466667	0.5	0.248400
2.475000	0.5	0.250550
2.483333	0.5	0.253400
2.491667	0.5	0.254250
2.500000	0.5	0.258050
2.508333	0.5	0.261050
2.516667	0.5	0.265950
2.525000	0.5	0.266500
2.533333	0.5	0.271600
2.541667	0.5	0.274600
2.550000	0.5	0.278450
2.558333	0.5	0.283800
2.566667	0.5	0.286700
2.575000	0.5	0.290050
2.583333	0.5	0.294950
2.591667	0.5	0.297900
2.600000	0.5	0.302100
2.608333	0.5	0.309650
2.616667	0.5	0.310400
2.625000	0.5	0.317300
2.633333	0.5	0.323100
2.641667	0.5	0.328250
2.650000	0.5	0.333500
2.658333	0.5	0.337700
2.666667	0.5	0.342200
2.675000	0.5	0.348200
2.683333	0.5	0.353550
2.691667	0.5	0.358450
2.700000	0.5	0.363750
2.708333	0.5	0.369500
2.716667	0.5	0.376550
2.725000	0.5	0.383100
2.733333	0.5	0.391200
2.741667	0.5	0.397500
2.750000	0.5	0.403500
2.758333	0.5	0.411350
2.766667	0.5	0.417950
2.775000	0.5	0.423950
2.783333	0.5	0.430150
2.791667	0.5	0.433350
2.800000	0.5	0.440400
2.808333	0.5	0.444350
2.816667	0.5	0.449950
2.825000	0.5	0.455600
2.833333	0.5	0.459950
2.841667	0.5	0.466750
2.850000	0.5	0.471000
2.858333	0.5	0.475550
2.866667	0.5	0.483050
2.875000	0.5	0.486650
2.883333	0.5	0.492200
2.891667	0.5	0.499250
2.900000	0.5	0.507700
2.908333	0.5	0.521200
2.916667	0.5	0.538300
2.925000	0.5	0.564300
2.933333	0.5	0.597500
2.941667	0.5	0.645050
2.950000	0.5	0.703550
2.958333	0.5	0.774050
2.966667	0.5	0.858050
2.975000	0.5	0.953150
2.983333	0.5	1.051500
2.991667	0.5	1.157750
3.000000	0.5	1.260650
3.008333	0.5	1.356100
3.016667	0.5	1.445000
3.025000	0.5	1.521650
3.033333	0.5	1.585850
3.041667	0.5	1.635300
3.050000	0.5	1.670850
3.058333	0.5	1.691900
3.066667	0.5	1.701050
3.075000	0.5	1.698050
3.083333	0.5	1.686250
3.091667	0.5	1.668150
3.100000	0.5	1.639050
3.108333	0.5	1.607200
3.116667	0.5	1.571900
3.125000	0.5	1.536150
3.133333	0.5	1.499100
3.141667	0.5	1.460000
3.150000	0.5	1.420850
3.158333	0.5	1.384050
3.166667	0.5	1.348250
3.175000	0.5	1.313000
3.183333	0.5	1.279850
3.191667	0.5	1.249900
3.200000	0.5	1.219250
3.208333	0.5	1.192850
3.216667	0.5	1.168600
3.225000	0.5	1.145950
3.233333	0.5	1.124350
3.241667	0.5	1.105550
3.250000	0.5	1.087650
3.258333	0.5	1.071250
3.266667	0.5	1.056800
3.275000	0.5	1.042400
3.283333	0.5	1.030350
3.291667	0.5	1.019550
3.300000	0.5	1.009150
3.308333	0.5	1.000650
3.316667	0.5	0.993150
3.325000	0.5	0.987200
3.333333	0.5	0.980950
3.341667	0.5	0.975000
3.350000	0.5	0.970250
3.358333	0.5	0.966950
3.366667	0.5	0.961900
3.375000	0.5	0.958800
3.383333	0.5	0.955900
3.391667	0.5	0.953300
3.400000	0.5	0.952600
3.408333	0.5	0.950800
3.416667	0.5	0.949050
3.425000	0.5	0.947850
3.433333	0.5	0.947750
3.441667	0.5	0.947400
3.450000	0.5	0.946850
3.458333	0.5	0.947550
3.466667	0.5	0.947500
3.475000	0.5	0.948500
3.483333	0.5	0.949750
3.491667	0.5	0.951650
3.500000	0.5	0.952300
3.508333	0.5	0.952250
3.516667	0.5	0.952300
3.525000	0.5	0.951900
3.533333	0.5	0.951150
3.541667	0.5	0.950250
3.550000	0.5	0.950200
3.558333	0.5	0.944750
3.566667	0.5	0.943750
3.575000	0.5	0.942950
3.583333	0.5	0.942800
3.591667	0.5	0.942250
3.600000	0.5	0.941250
3.608333	0.5	0.941250
3.616667	0.5	0.940650
3.625000	0.5	0.940450
3.633333	0.5	0.939800
3.641667	0.5	0.939300
3.650000	0.5	0.940700
3.658333	0.5	0.941050
3.666667	0.5	0.941450
3.675000	0.5	0.942300
3.683333	0.5	0.943400
3.691667	0.5	0.944400
3.700000	0.5	0.946700
3.708333	0.5	0.950150
3.716667	0.5	0.949000
3.725000	0.5	0.949600
3.733333	0.5	0.951250
3.741667	0.5	0.950800
3.750000	0.5	0.951900
3.758333	0.5	0.952200
3.766667	0.5	0.953050
3.775000	0.5	0.953450
3.783333	0.5	0.955050
3.791667	0.5	0.956400
3.800000	0.5	0.957550
3.808333	0.5	0.957250
3.816667	0.5	0.959300
3.825000	0.5	0.959400
3.833333	0.5	0.959950
3.841667	0.5	0.959500
3.850000	0.5	0.960200
3.858333	0.5	0.960900
3.866667	0.5	0.961350
3.875000	0.5	0.962250
3.883333	0.5	0.962650
3.891667	0.5	0.962950
3.900000	0.5	0.964350
3.908333	0.5	0.963600
3.916667	0.5	0.964150
3.925000	0.5	0.964200
3.933333	0.5	0.963900
3.941667	0.5	0.964900
3.950000	0.5	0.964800
3.958333	0.5	0.965150
3.966667	0.5	0.966100
3.975000	0.5	0.965950
3.983333	0.5	0.966800
3.991667	0.5	0.967900
4.000000	0.5	0.969250
4.008333	0.5	0.969200
4.016667	0.5	0.971350
4.025000	0.5	0.972000
4.033333	0.5	0.972700
4.041667	0.5	0.972350
4.050000	0.5	0.974000
4.058333	0.5	0.974750
4.066667	0.5	0.975150
4.075000	0.5	0.976500
4.083333	0.5	0.977600
4.091667	0.5	0.980600
4.100000	0.5	0.977250
4.108333	0.5	0.979450
4.116667	0.5	0.979350
4.125000	0.5	0.979050
4.133333	0.5	0.978900
4.141667	0.5	0.979900
4.150000	0.5	0.979200
4.158333	0.5	0.977700
4.166667	0.5	0.980300
4.175000	0.5	0.979500
4.183333	0.5	0.980150
4.191667	0.5	0.979450
4.200000	0.5	0.978650
4.208333	0.5	0.978550
4.216667	0.5	0.979150
4.225000	0.5	0.978800
4.233333	0.5	0.978950
4.241667	0.5	0.978450
4.250000	0.5	0.977750
4.258333	0.5	0.977400
4.266667	0.5	0.975700
4.275000	0.5	0.977100
4.283333	0.5	0.978100
4.291667	0.5	0.977050
4.300000	0.5	0.976300
4.308333	0.5	0.976750
4.316667	0.5	0.975400
4.325000	0.5	0.975450
4.333333	0.5	0.975900
4.341667	0.5	0.975900
4.350000	0.5	0.976450
4.358333	0.5	0.975500
4.366667	0.5	0.975550
4.375000	0.5	0.975550
4.383333	0.5	0.976750
4.391667	0.5	0.977000
4.400000	0.5	0.976950
4.408333	0.5	0.976750
4.416667	0.5	0.977550
4.425000	0.5	0.977250
4.433333	0.5	0.977250
4.441667	0.5	0.981250
4.450000	0.5	0.976800
4.458333	0.5	0.978650
4.466667	0.5	0.979800
4.475000	0.5	0.980800
4.483333	0.5	0.981800
4.491667	0.5	0.982350
4.500000	0.5	0.982250
4.508333	0.5	0.983300
4.516667	0.5	0.982950
4.525000	0.5	0.983200
4.533333	0.5	0.982250
4.541667	0.5	0.983400
4.550000	0.5	0.984800
4.558333	0.5	0.985400
4.566667	0.5	0.987150
4.575000	0.5	0.988000
4.583333	0.5	0.988650
4.591667	0.5	0.989150
4.600000	0.5	0.989150
4.608333	0.5	0.989600
4.616667	0.5	0.992350
4.625000	0.5	0.992550
4.633333	0.5	0.993050
4.641667	0.5	0.994650
4.650000	0.5	0.997000
4.658333	0.5	0.995950
4.666667	0.5	0.997250
4.675000	0.5	0.998700
4.683333	0.5	0.999550
4.691667	0.5	1.001950
4.700000	0.5	1.000000
4.708333	0.5	1.000600
4.716667	0.5	1.002500
4.725000	0.5	1.002800
4.733333	0.5	1.003850
4.741667	0.5	1.006000
4.750000	0.5	1.006250
4.758333	0.5	1.007450
4.766667	0.5	1.007550
4.775000	0.5	1.011150
4.783333	0.5	1.007550
4.791667	0.5	1.010350
4.800000	0.5	1.009900
4.808333	0.5	1.010750
4.816667	0.5	1.011050
4.825000	0.5	1.013100
4.833333	0.5	1.014000
4.841667	0.5	1.013100
4.850000	0.5	1.014350
4.858333	0.5	1.014800
4.866667	0.5	1.015950
4.875000	0.5	1.015600
4.883333	0.5	1.015800
4.891667	0.5	1.015700
4.900000	0.5	1.016600
4.908333	0.5	1.017750
4.916667	0.5	1.019850
4.925000	0.5	1.018000
4.933333	0.5	1.018750
4.941667	0.5	1.019050
4.950000	0.5	1.019350
4.958333	0.5	1.021950
4.966667	0.5	1.019000
4.975000	0.5	1.020450
4.983333	0.5	1.021300
4.991667	0.5	1.021600
5.000000	0.5	1.021600
5.008333	0.5	1.022600
5.016667	0.5	1.022950
5.025000	0.5	1.024850
5.033333	0.5	1.027850
5.041667	0.5	1.027100
5.050000	0.5	1.027600
5.058333	0.5	1.028050
5.066667	0.5	1.030150
5.075000	0.5	1.030000
5.083333	0.5	1.031250
5.091667	0.5	1.032750
5.100000	0.5	1.032400
5.108333	0.5	1.033450
5.116667	0.5	1.034950
5.125000	0.5	1.038650
5.133333	0.5	1.036950
5.141667	0.5	1.038200
5.150000	0.5	1.039550
5.158333	0.5	1.040100
5.166667	0.5	1.040850
5.175000	0.5	1.045400
5.183333	0.5	1.042800
5.191667	0.5	1.043200
5.200000	0.5	1.044450
5.208333	0.5	1.045000
5.216667	0.5	1.046700
5.225000	0.5	1.046750
5.233333	0.5	1.047700
5.241667	0.5	1.048900
5.250000	0.5	1.050450
5.258333	0.5	1.051350
5.266667	0.5	1.051950
5.275000	0.5	1.052000
5.283333	0.5	1.052950
5.291667	0.5	1.052350
5.300000	0.5	1.054300
5.308333	0.5	1.054350
5.316667	0.5	1.055350
5.325000	0.5	1.056300
5.333333	0.5	1.057150
5.341667	0.5	1.057700
5.350000	0.5	1.057000
5.358333	0.5	1.058550
5.366667	0.5	1.057200
5.375000	0.5	1.057950
5.383333	0.5	1.057850
5.391667	0.5	1.058950
5.400000	0.5	1.058650
5.408333	0.5	1.060750
5.416667	0.5	1.059850
5.425000	0.5	1.062950
5.433333	0.5	1.063450
5.441667	0.5	1.063300
5.450000	0.5	1.066150
5.458333	0.5	1.065750
5.466667	0.5	1.066400
5.475000	0.5	1.066350
5.483333	0.5	1.066400
5.491667	0.5	1.068300
5.500000	0.5	1.068900
5.508333	0.5	1.070500
5.516667	0.5	1.071700
5.525000	0.5	1.074800
5.533333	0.5	1.074050
5.541667	0.5	1.074200
5.550000	0.5	1.075150
5.558333	0.5	1.076300
5.566667	0.5	1.076900
5.575000	0.5	1.076050
5.583333	0.5	1.077300
5.591667	0.5	1.076300
5.600000	0.5	1.079250
5.608333	0.5	1.079500
5.616667	0.5	1.081450
5.625000	0.5	1.082150
5.633333	0.5	1.082650
5.641667	0.5	1.083200
5.650000	0.5	1.082950
5.658333	0.5	1.083250
5.666667	0.5	1.084200
5.675000	0.5	1.084500
5.683333	0.5	1.084900
5.691667	0.5	1.086050
5.700000	0.5	1.087050
5.708333	0.5	1.088900
5.716667	0.5	1.089500
5.725000	0.5	1.089600
5.733333	0.5	1.091300
5.741667	0.5	1.090600
5.750000	0.5	1.091650
5.758333	0.5	1.091600
5.766667	0.5	1.091600
5.775000	0.5	1.094300
5.783333	0.5	1.093700
5.791667	0.5	1.095800
5.800000	0.5	1.096950
5.808333	0.5	1.098550
5.816667	0.5	1.101050
5.825000	0.5	1.102100
5.833333	0.5	1.102300
5.841667	0.5	1.103600
5.850000	0.5	1.105750
5.858333	0.5	1.106000
5.866667	0.5	1.106450
5.875000	0.5	1.108650
5.883333	0.5	1.109250
5.891667	0.5	1.111100
5.900000	0.5	1.112750
5.908333	0.5	1.115000
5.916667	0.5	1.118950
5.925000	0.5	1.116250
5.933333	0.5	1.118450
5.941667	0.5	1.119450
5.950000	0.5	1.120250
5.958333	0.5	1.120750
5.966667	0.5	1.122000
5.975000	0.5	1.124650
5.983333	0.5	1.125900
5.991667	0.5	1.130050
6.000000	0.5	1.128700
6.008333	0.5	1.129300
6.016667	0.5	1.131050
6.025000	0.5	1.131850
6.033333	0.5	1.132750
6.041667	0.5	1.133850
6.050000	0.5	1.134650
6.058333	0.5	1.135900
6.066667	0.5	1.136850
6.075000	0.5	1.137900
6.083333	0.5	1.140500
6.091667	0.5	1.144700
6.100000	0.5	1.141300
6.108333	0.5	1.143200
6.116667	0.5	1.143750
6.125000	0.5	1.145500
6.133333	0.5	1.145400
6.141667	0.5	1.146850
6.150000	0.5	1.147400
6.158333	0.5	1.147700
6.166667	0.5	1.149100
6.175000	0.5	1.150150
6.183333	0.5	1.151100
6.191667	0.5	1.153300
6.200000	0.5	1.153550
6.208333	0.5	1.154550
6.216667	0.5	1.155450
6.225000	0.5	1.155450
6.233333	0.5	1.155900
6.241667	0.5	1.156250
6.250000	0.5	1.155950
6.258333	0.5	1.155950
6.266667	0.5	1.154850
6.275000	0.5	1.157550
6.283333	0.5	1.158250
6.291667	0.5	1.156500
6.300000	0.5	1.158200
6.308333	0.5	1.158800
6.316667	0.5	1.158050
6.325000	0.5	1.158350
6.333333	0.5	1.157750
6.341667	0.5	1.157250
6.350000	0.5	1.158450
6.358333	0.5	1.158600
6.366667	0.5	1.159400
6.375000	0.5	1.160050
6.383333	0.5	1.161100
6.391667	0.5	1.162800
6.400000	0.5	1.163500
6.408333	0.5	1.163450
6.416667	0.5	1.164200
6.425000	0.5	1.164400
6.433333	0.5	1.164650
6.441667	0.5	1.166250
6.450000	0.5	1.166850
6.458333	0.5	1.167700
6.466667	0.5	1.169600
6.475000	0.5	1.169600
6.483333	0.5	1.170450
6.491667	0.5	1.171600
6.500000	0.5	1.173950
6.508333	0.5	1.173950
6.516667	0.5	1.176450
6.525000	0.5	1.176050
6.533333	0.5	1.176500
6.541667	0.5	1.179100
6.550000	0.5	1.180000
6.558333	0.5	1.180950
6.566667	0.5	1.182900
6.575000	0.5	1.183700
6.583333	0.5	1.185750
6.591667	0.5	1.186750
6.600000	0.5	1.186950
6.608333	0.5	1.187850
6.616667	0.5	1.189950
6.625000	0.5	1.188950
6.633333	0.5	1.192050
6.641667	0.5	1.192600
6.650000	0.5	1.193750
6.658333	0.5	1.194900
6.666667	0.5	1.194850
6.675000	0.5	1.196500
6.683333	0.5	1.199200
6.691667	0.5	1.200350
6.700000	0.5	1.200150
6.708333	0.5	1.201700
6.716667	0.5	1.202050
6.725000	0.5	1.204050
6.733333	0.5	1.203750
6.741667	0.5	1.205550
6.750000	0.5	1.206150
6.758333	0.5	1.206800
6.766667	0.5	1.208450
6.775000	0.5	1.209400
6.783333	0.5	1.210850
6.791667	0.5	1.212500
6.800000	0.5	1.212900
6.808333	0.5	1.213800
6.816667	0.5	1.213950
6.825000	0.5	1.215850
6.833333	0.5	1.216500
6.841667	0.5	1.217400
6.850000	0.5	1.220050
6.858333	0.5	1.220100
6.866667	0.5	1.223550
6.875000	0.5	1.224100
6.883333	0.5	1.225500
6.891667	0.5	1.226300
6.900000	0.5	1.227650
6.908333	0.5	1.227700
6.916667	0.5	1.229550
6.925000	0.5	1.230700
6.933333	0.5	1.231600
6.941667	0.5	1.232650
6.950000	0.5	1.233900
6.958333	0.5	1.237250
6.966667	0.5	1.237150
6.975000	0.5	1.238950
6.983333	0.5	1.240300
6.991667	0.5	1.240700
7.000000	0.5	1.241450
7.008333	0.5	1.243300
7.016667	0.5	1.244150
7.025000	0.5	1.247150
7.033333	0.5	1.245750
7.041667	0.5	1.247950
7.050000	0.5	1.249700
7.058333	0.5	1.251500
7.066667	0.5	1.252900
7.075000	0.5	1.253500
7.083333	0.5	1.256650
7.091667	0.5	1.256900
7.100000	0.5	1.257200
7.108333	0.5	1.257950
7.116667	0.5	1.258350
7.125000	0.5	1.258700
7.133333	0.5	1.261500
7.141667	0.5	1.261450
7.150000	0.5	1.263500
7.158333	0.5	1.264700
7.166667	0.5	1.265050
7.175000	0.5	1.265200
7.183333	0.5	1.265800
7.191667	0.5	1.265600
7.200000	0.5	1.265950
7.208333	0.5	1.265300
7.216667	0.5	1.266550
7.225000	0.5	1.266800
7.233333	0.5	1.268150
7.241667	0.5	1.269250
7.250000	0.5	1.269650
7.258333	0.5	1.270500
7.266667	0.5	1.271050
7.275000	0.5	1.271500
7.283333	0.5	1.271800
7.291667	0.5	1.272550
7.300000	0.5	1.274850
7.308333	0.5	1.273950
7.316667	0.5	1.276150
7.325000	0.5	1.277650
7.333333	0.5	1.278100
7.341667	0.5	1.281500
7.350000	0.5	1.283050
7.358333	0.5	1.285100
7.366667	0.5	1.286550
7.375000	0.5	1.287750
7.383333	0.5	1.289800
7.391667	0.5	1.291100
7.400000	0.5	1.293100
7.408333	0.5	1.296350
7.416667	0.5	1.295350
7.425000	0.5	1.297800
7.433333	0.5	1.299950
7.441667	0.5	1.301200
7.450000	0.5	1.303950
7.458333	0.5	1.305500
7.466667	0.5	1.308250
7.475000	0.5	1.309350
7.483333	0.5	1.310350
7.491667	0.5	1.312900
7.500000	0.5	1.314950
7.508333	0.5	1.316400
7.516667	0.5	1.319650
7.525000	0.5	1.322000
7.533333	0.5	1.323950
7.541667	0.5	1.327650
7.550000	0.5	1.327300
7.558333	0.5	1.331850
7.566667	0.5	1.334000
7.575000	0.5	1.335900
7.583333	0.5	1.338550
7.591667	0.5	1.340950
7.600000	0.5	1.343900
7.608333	0.5	1.347100
7.616667	0.5	1.351650
7.625000	0.5	1.354400
7.633333	0.5	1.357750
7.641667	0.5	1.361400
7.650000	0.5	1.365950
7.658333	0.5	1.369750
7.666667	0.5	1.373000
7.675000	0.5	1.376950
7.683333	0.5	1.381150
7.691667	0.5	1.385250
7.700000	0.5	1.390400
7.708333	0.5	1.395400
7.716667	0.5	1.400250
7.725000	0.5	1.404900
7.733333	0.5	1.409050
7.741667	0.5	1.416050
7.750000	0.5	1.420600
7.758333	0.5	1.426100
7.766667	0.5	1.434650
7.775000	0.5	1.435250
7.783333	0.5	1.441950
7.791667	0.5	1.448000
7.800000	0.5	1.453550
7.808333	0.5	1.459550
7.816667	0.5	1.466300
7.825000	0.5	1.471500
7.833333	0.5	1.479000
7.841667	0.5	1.487500
7.850000	0.5	1.488900
7.858333	0.5	1.496250
7.866667	0.5	1.501550
7.875000	0.5	1.507350
7.883333	0.5	1.513200
7.891667	0.5	1.519550
7.900000	0.5	1.527350
7.908333	0.5	1.531950
7.916667	0.5	1.539000
7.925000	0.5	1.543650
7.933333	0.5	1.551750
7.941667	0.5	1.557250
7.950000	0.5	1.563150
7.958333	0.5	1.568600
7.966667	0.5	1.575100
7.975000	0.5	1.581300
7.983333	0.5	1.587600
7.991667	0.5	1.593450
8.000000	0.5	1.601350
8.008333	0.5	1.607800
8.016667	0.5	1.614700
8.025000	0.5	1.622700
8.033333	0.5	1.626150
8.041667	0.5	1.633650
8.050000	0.5	1.639300
8.058333	0.5	1.644800
8.066667	0.5	1.651600
8.075000	0.5	1.658300
8.083333	0.5	1.664450
8.091667	0.5	1.671050
8.100000	0.5	1.677400
8.108333	0.5	1.685300
8.116667	0.5	1.689200
8.125000	0.5	1.698400
8.133333	0.5	1.704250
8.141667	0.5	1.710700
8.150000	0.5	1.715950
8.158333	0.5	1.722750
8.166667	0.5	1.729650
8.175000	0.5	1.735550
8.183333	0.5	1.742400
8.191667	0.5	1.751500
8.200000	0.5	1.753800
8.208333	0.5	1.763650
8.216667	0.5	1.770650
8.225000	0.5	1.776700
8.233333	0.5	1.783700
8.241667	0.5	1.789700
8.250000	0.5	1.797850
8.258333	0.5	1.804100
8.266667	0.5	1.811600
8.275000	0.5	1.818550
8.283333	0.5	1.826500
8.291667	0.5	1.833150
8.300000	0.5	1.841250
8.308333	0.5	1.848200
8.316667	0.5	1.856250
8.325000	0.5	1.862700
8.333333	0.5	1.869750
8.341667	0.5	1.876900
8.350000	0.5	1.883550
8.358333	0.5	1.892500
8.366667	0.5	1.896200
8.375000	0.5	1.903900
8.383333	0.5	1.910950
8.391667	0.5	1.918750
8.400000	0.5	1.927050
8.408333	0.5	1.932250
8.416667	0.5	1.938850
8.425000	0.5	1.944100
8.433333	0.5	1.949500
8.441667	0.5	1.958400
8.450000	0.5	1.961650
8.458333	0.5	1.967700
8.466667	0.5	1.973600
8.475000	0.5	1.980250
8.483333	0.5	1.985550
8.491667	0.5	1.994000
8.500000	0.5	1.999200
8.508333	0.5	2.006400
8.516667	0.5	2.012550
8.525000	0.5	2.016900
8.533333	0.5	2.023700
8.541667	0.5	2.030300
8.550000	0.5	2.037300
8.558333	0.5	2.046650
8.566667	0.5	2.049850
8.575000	0.5	2.057200
8.583333	0.5	2.064550
8.591667	0.5	2.073650
8.600000	0.5	2.078500
8.608333	0.5	2.085550
8.616667	0.5	2.092800
8.625000	0.5	2.099200
8.633333	0.5	2.106750
8.641667	0.5	2.111750
8.650000	0.5	2.118550
8.658333	0.5	2.126400
8.666667	0.5	2.133300
8.675000	0.5	2.141000
8.683333	0.5	2.145950
8.691667	0.5	2.154750
8.700000	0.5	2.161450
8.708333	0.5	2.168000
8.716667	0.5	2.173450
8.725000	0.5	2.179950
8.733333	0.5	2.186300
8.741667	0.5	2.194250
8.750000	0.5	2.200650
8.758333	0.5	2.207200
8.766667	0.5	2.212350
8.775000	0.5	2.220300
8.783333	0.5	2.225550
8.791667	0.5	2.233250
8.800000	0.5	2.241700
8.808333	0.5	2.245800
8.816667	0.5	2.251350
8.825000	0.5	2.256850
8.833333	0.5	2.264250
8.841667	0.5	2.269850
8.850000	0.5	2.276300
8.858333	0.5	2.283100
8.866667	0.5	2.290450
8.875000	0.5	2.297100
8.883333	0.5	2.304200
8.891667	0.5	2.310150
8.900000	0.5	2.317200
8.908333	0.5	2.323450
8.916667	0.5	2.330600
8.925000	0.5	2.336750
8.933333	0.5	2.342600
8.941667	0.5	2.350050
8.950000	0.5	2.357350
8.958333	0.5	2.364100
8.966667	0.5	2.372500
8.975000	0.5	2.379300
8.983333	0.5	2.387000
8.991667	0.5	2.393800
9.000000	0.5	2.401200
9.008333	0.5	2.407550
9.016667	0.5	2.414350
9.025000	0.5	2.422450
9.033333	0.5	2.428550
9.041667	0.5	2.437300
9.050000	0.5	2.444500
9.058333	0.5	2.452100
9.066667	0.5	2.459200
9.075000	0.5	2.469550
9.083333	0.5	2.476700
9.091667	0.5	2.486450
9.100000	0.5	2.494200
9.108333	0.5	2.503950
9.116667	0.5	2.515350
9.125000	0.5	2.525700
9.133333	0.5	2.540800
9.141667	0.5	2.549250
9.150000	0.5	2.562250
9.158333	0.5	2.576950
9.166667	0.5	2.593600
9.175000	0.5	2.608500
9.183333	0.5	2.626550
9.191667	0.5	2.642350
9.200000	0.5	2.660250
9.208333	0.5	2.681050
9.216667	0.5	2.704100
9.225000	0.5	2.719850
9.233333	0.5	2.744350
9.241667	0.5	2.768200
9.250000	0.5	2.791100
9.258333	0.5	2.816450
9.266667	0.5	2.840400
9.275000	0.5	2.866550
9.283333	0.5	2.889900
9.291667	0.5	2.915350
9.300000	0.5	2.940350
9.308333	0.5	2.967100
9.316667	0.5	2.987750
9.325000	0.5	3.008900
9.333333	0.5	3.033050
9.341667	0.5	3.051950
9.350000	0.5	3.072400
9.358333	0.5	3.090850
9.366667	0.5	3.108400
9.375000	0.5	3.123300
9.383333	0.5	3.136050
9.391667	0.5	3.149200
9.400000	0.5	3.159600
9.408333	0.5	3.167450
9.416667	0.5	3.174000
9.425000	0.5	3.179100
9.433333	0.5	3.182250
9.441667	0.5	3.186100
9.450000	0.5	3.186750
9.458333	0.5	3.187300
9.466667	0.5	3.185950
9.475000	0.5	3.185600
9.483333	0.5	3.179350
9.491667	0.5	3.175750
9.500000	0.5	3.171700
9.508333	0.5	3.167400
9.516667	0.5	3.163150
9.525000	0.5	3.160200
9.533333	0.5	3.152200
9.541667	0.5	3.149050
9.550000	0.5	3.144800
9.558333	0.5	3.141100
9.566667	0.5	3.136900
9.575000	0.5	3.133100
9.583333	0.5	3.130350
9.591667	0.5	3.127300
9.600000	0.5	3.125650
9.608333	0.5	3.124300
9.616667	0.5	3.120700
9.625000	0.5	3.121100
9.633333	0.5	3.120850
9.641667	0.5	3.121550
9.650000	0.5	3.121200
9.658333	0.5	3.124400
9.666667	0.5	3.125650
9.675000	0.5	3.126600
9.683333	0.5	3.128800
9.691667	0.5	3.131450
9.700000	0.5	3.133500
9.708333	0.5	3.136100
9.716667	0.5	3.139800
9.725000	0.5	3.142950
9.733333	0.5	3.148050
9.741667	0.5	3.152700
9.750000	0.5	3.156950
9.758333	0.5	3.162900
9.766667	0.5	3.167400
9.775000	0.5	3.172700
9.783333	0.5	3.177200
9.791667	0.5	3.183000
9.800000	0.5	3.187850
9.808333	0.5	3.195250
9.816667	0.5	3.201700
9.825000	0.5	3.207100
9.833333	0.5	3.216350
9.841667	0.5	3.220450
9.850000	0.5	3.227300
9.858333	0.5	3.233950
9.866667	0.5	3.240000
9.875000	0.5	3.246000
9.883333	0.5	3.254550
9.891667	0.5	3.257800
9.900000	0.5	3.266100
9.908333	0.5	3.273050
9.916667	0.5	3.279900
9.925000	0.5	3.288450
9.933333	0.5	3.297100
9.941667	0.5	3.305000
9.950000	0.5	3.313400
9.958333	0.5	3.320100
9.966667	0.5	3.326600
9.975000	0.5	3.334200
9.983333	0.5	3.341300
9.991667	0.5	3.349150
10.000000	0.5	3.358750
10.008333	0.5	3.366000
10.016667	0.5	3.372000
10.025000	0.5	3.380850
10.033333	0.5	3.390000
10.041667	0.5	3.396200
10.050000	0.5	3.404300
10.058333	0.5	3.411650
10.066667	0.5	3.419650
10.075000	0.5	3.426050
10.083333	0.5	3.433650
10.091667	0.5	3.440400
10.100000	0.5	3.449150
10.108333	0.5	3.456300
10.116667	0.5	3.465100
10.125000	0.5	3.472150
10.133333	0.5	3.481100
10.141667	0.5	3.488000
10.150000	0.5	3.496750
10.158333	0.5	3.503200
10.166667	0.5	3.510650
10.175000	0.5	3.518100
10.183333	0.5	3.528050
10.191667	0.5	3.533650
10.200000	0.5	3.540650
10.208333	0.5	3.547150
10.216667	0.5	3.556500
10.225000	0.5	3.564700
10.233333	0.5	3.571600
10.241667	0.5	3.578400
10.250000	0.5	3.586600
10.258333	0.5	3.592550
10.266667	0.5	3.599750
10.275000	0.5	3.606450
10.283333	0.5	3.614600
10.291667	0.5	3.624300
10.300000	0.5	3.628900
10.308333	0.5	3.636300
10.316667	0.5	3.644650
10.325000	0.5	3.653500
10.333333	0.5	3.661200
10.341667	0.5	3.670450
10.350000	0.5	3.674250
10.358333	0.5	3.681500
10.366667	0.5	3.689050
10.375000	0.5	3.695450
10.383333	0.5	3.703450
10.391667	0.5	3.709950
10.400000	0.5	3.717350
10.408333	0.5	3.726800
10.416667	0.5	3.733800
10.425000	0.5	3.740750
10.433333	0.5	3.747350
10.441667	0.5	3.753850
10.450000	0.5	3.760750
10.458333	0.5	3.770650
10.466667	0.5	3.777000
10.475000	0.5	3.784150
10.483333	0.5	3.789200
10.491667	0.5	3.797700
10.500000	0.5	3.806400
10.508333	0.5	3.814450
10.516667	0.5	3.822950
10.525000	0.5	3.831350
10.533333	0.5	3.835950
10.541667	0.5	3.843150
10.550000	0.5	3.851150
10.558333	0.5	3.859350
10.566667	0.5	3.865300
10.575000	0.5	3.872750
10.583333	0.5	3.881500
10.591667	0.5	3.889600
10.600000	0.5	3.897800
10.608333	0.5	3.906600
10.616667	0.5	3.916050
10.625000	0.5	3.921550
10.633333	0.5	3.929200
10.641667	0.5	3.937350
10.650000	0.5	3.945500
10.658333	0.5	3.953000
10.666667	0.5	3.958900
10.675000	0.5	3.969250
10.683333	0.5	3.973650
10.691667	0.5	3.982100
10.700000	0.5	3.988600
10.708333	0.5	3.999100
10.716667	0.5	4.003650
10.725000	0.5	4.013150
10.733333	0.5	4.020400
10.741667	0.5	4.027000
10.750000	0.5	4.035600
10.758333	0.5	4.043600
10.766667	0.5	4.047850
10.775000	0.5	4.057150
10.783333	0.5	4.064200
10.791667	0.5	4.070150
10.800000	0.5	4.080300
10.808333	0.5	4.087300
10.816667	0.5	4.095400
10.825000	0.5	4.100750
10.833333	0.5	4.108300
10.841667	0.5	4.116000
10.850000	0.5	4.122000
10.858333	0.5	4.129450
10.866667	0.5	4.137500
10.875000	0.5	4.143450
10.883333	0.5	4.152900
10.891667	0.5	4.163550
10.900000	0.5	4.168400
10.908333	0.5	4.175100
10.916667	0.5	4.181650
10.925000	0.5	4.190200
10.933333	0.5	4.197300
10.941667	0.5	4.203850
10.950000	0.5	4.209700
10.958333	0.5	4.216200
10.966667	0.5	4.223450
10.975000	0.5	4.230200
10.983333	0.5	4.236900
10.991667	0.5	4.243900
11.000000	0.5	4.252300
11.008333	0.5	4.257550
11.016667	0.5	4.264900
11.025000	0.5	4.270050
11.033333	0.5	4.277200
11.041667	0.5	4.283350
11.050000	0.5	4.290300
11.058333	0.5	4.297850
11.066667	0.5	4.303700
11.075000	0.5	4.313200
11.083333	0.5	4.321500
11.091667	0.5	4.328850
11.100000	0.5	4.337000
11.108333	0.5	4.346200
11.116667	0.5	4.353300
11.125000	0.5	4.361750
11.133333	0.5	4.369700
11.141667	0.5	4.381500
11.150000	0.5	4.386250
11.158333	0.5	4.394150
11.166667	0.5	4.400650
11.175000	0.5	4.411950
11.183333	0.5	4.420400
11.191667	0.5	4.429350
11.200000	0.5	4.437100
11.208333	0.5	4.444400
11.216667	0.5	4.451650
11.225000	0.5	4.458000
11.233333	0.5	4.465600
11.241667	0.5	4.473450
11.250000	0.5	4.485500
11.258333	0.5	4.486350
11.266667	0.5	4.496200
11.275000	0.5	4.504850
11.283333	0.5	4.514150
11.291667	0.5	4.519800
11.300000	0.5	4.528850
11.308333	0.5	4.533800
11.316667	0.5	4.541250
11.325000	0.5	4.549850
11.333333	0.5	4.557450
11.341667	0.5	4.564200
11.350000	0.5	4.573700
11.358333	0.5	4.579050
11.366667	0.5	4.587850
11.375000	0.5	4.596450
11.383333	0.5	4.604050
11.391667	0.5	4.611950
11.400000	0.5	4.618000
11.408333	0.5	4.626800
11.416667	0.5	4.635450
11.425000	0.5	4.638800
11.433333	0.5	4.647400
11.441667	0.5	4.656100
11.450000	0.5	4.660700
11.458333	0.5	4.669550
11.466667	0.5	4.678150
11.475000	0.5	4.688300
11.483333	0.5	4.696750
11.491667	0.5	4.702050
11.500000	0.5	4.709350
11.508333	0.5	4.717750
11.516667	0.5	4.724900
11.525000	0.5	4.735500
11.533333	0.5	4.739050
11.541667	0.5	4.749800
11.550000	0.5	4.755700
11.558333	0.5	4.763800
11.566667	0.5	4.775750
11.575000	0.5	4.783600
11.583333	0.5	4.791700
11.591667	0.5	4.800050
11.600000	0.5	4.807900
11.608333	0.5	4.821800
11.616667	0.5	4.823250
11.625000	0.5	4.830250
11.633333	0.5	4.838200
11.641667	0.5	4.845650
11.650000	0.5	4.856300
11.658333	0.5	4.866450
11.666667	0.5	4.877300
11.675000	0.5	4.883500
11.683333	0.5	4.891550
11.691667	0.5	4.900550
11.700000	0.5	4.905700
11.708333	0.5	4.914900
11.716667	0.5	4.920700
11.725000	0.5	4.930050
11.733333	0.5	4.938300
11.741667	0.5	4.948450
11.750000	0.5	4.955550
11.758333	0.5	4.964700
11.766667	0.5	4.974300
11.775000	0.5	4.981850
11.783333	0.5	4.989250
11.791667	0.5	4.997600
11.800000	0.5	5.006400
11.808333	0.5	5.014850
11.816667	0.5	5.016850
11.825000	0.5	5.030850
11.833333	0.5	5.037600
11.841667	0.5	5.045650
11.850000	0.5	5.053050
11.858333	0.5	5.063000
11.866667	0.5	5.071250
11.875000	0.5	5.078100
11.883333	0.5	5.086750
11.891667	0.5	5.094800
11.900000	0.5	5.101550
11.908333	0.5	5.109550
11.916667	0.5	5.117850
11.925000	0.5	5.127500
11.933333	0.5	5.133900
11.941667	0.5	5.143600
11.950000	0.5	5.151400
11.958333	0.5	5.159300
11.966667	0.5	5.168350
11.975000	0.5	5.174300
11.983333	0.5	5.181900
11.991667	0.5	5.189350
12.000000	0.5	5.200150
12.008333	0.5	5.202500
12.016667	0.5	5.212250
12.025000	0.5	5.218450
12.033333	0.5	5.226300
12.041667	0.5	5.235200
12.050000	0.5	5.246000
12.058333	0.5	5.252300
12.066667	0.5	5.262300
12.075000	0.5	5.267750
12.083333	0.5	5.277450
12.091667	0.5	5.287750
12.100000	0.5	5.292650
12.108333	0.5	5.302100
12.116667	0.5	5.309050
12.125000	0.5	5.316650
12.133333	0.5	5.327650
12.141667	0.5	5.334750
12.150000	0.5	5.343500
12.158333	0.5	5.353600
12.166667	0.5	5.361550
12.175000	0.5	5.369900
12.183333	0.5	5.377300
12.191667	0.5	5.386200
12.200000	0.5	5.393550
12.208333	0.5	5.402800
12.216667	0.5	5.410350
12.225000	0.5	5.420200
12.233333	0.5	5.429500
12.241667	0.5	5.440650
12.250000	0.5	5.449100
12.258333	0.5	5.458250
12.266667	0.5	5.465900
12.275000	0.5	5.474050
12.283333	0.5	5.483000
12.291667	0.5	5.491900
12.300000	0.5	5.500050
12.308333	0.5	5.510300
12.316667	0.5	5.519500
12.325000	0.5	5.526800
12.333333	0.5	5.536000
12.341667	0.5	5.545600
12.350000	0.5	5.554900
12.358333	0.5	5.564950
12.366667	0.5	5.573500
12.375000	0.5	5.583800
12.383333	0.5	5.592100
12.391667	0.5	5.599450
12.400000	0.5	5.609500
12.408333	0.5	5.618150
12.416667	0.5	5.625050
12.425000	0.5	5.635950
12.433333	0.5	5.648050
12.441667	0.5	5.657200
12.450000	0.5	5.670250
12.458333	0.5	5.677000
12.466667	0.5	5.687300
12.475000	0.5	5.695250
12.483333	0.5	5.703250
12.491667	0.5	5.714550
12.500000	0.5	5.725350
12.508333	0.5	5.733800
12.516667	0.5	5.747600
12.525000	0.5	5.759350
12.533333	0.5	5.771100
12.541667	0.5	5.783800
12.550000	0.5	5.796300
12.558333	0.5	5.805550
12.566667	0.5	5.820900
12.575000	0.5	5.831400
12.583333	0.5	5.847200
12.591667	0.5	5.860600
12.600000	0.5	5.874700
12.608333	0.5	5.891800
12.616667	0.5	5.910200
12.625000	0.5	5.933250
12.633333	0.5	5.953350
12.641667	0.5	5.975300
12.650000	0.5	5.998350
12.658333	0.5	6.026750
12.666667	0.5	6.056100
12.675000	0.5	6.086850
12.683333	0.5	6.122850
12.691667	0.5	6.163800
12.700000	0.5	6.206150
12.708333	0.5	6.255400
12.716667	0.5	6.309800
12.725000	0.5	6.367350
12.733333	0.5	6.431350
12.741667	0.5	6.501100
12.750000	0.5	6.579600
12.758333	0.5	6.660900
12.766667	0.5	6.753450
12.775000	0.5	6.849700
12.783333	0.5	6.956200
12.791667	0.5	7.069250
12.800000	0.5	7.193200
12.808333	0.5	7.323650
12.816667	0.5	7.462850
12.825000	0.5	7.604350
12.833333	0.5	7.759000
12.841667	0.5	7.919150
12.850000	0.5	8.087400
12.858333	0.5	8.262200
12.866667	0.5	8.441650
12.875000	0.5	8.625800
12.883333	0.5	8.818250
12.891667	0.5	9.012800
12.900000	0.5	9.211900
12.908333	0.5	9.416100
12.916667	0.5	9.620050
12.925000	0.5	9.826400
12.933333	0.5	10.033350
12.941667	0.5	10.239450
12.950000	0.5	10.445450
12.958333	0.5	10.648500
12.966667	0.5	10.851600
12.975000	0.5	11.051600
12.983333	0.5	11.246650
12.991667	0.5	11.439150
13.000000	0.5	11.624800
13.008333	0.5	11.806800
13.016667	0.5	11.983100
13.025000	0.5	12.153150
13.033333	0.5	12.318000
13.041667	0.5	12.475800
13.050000	0.5	12.628750
13.058333	0.5	12.775000
13.066667	0.5	12.914300
13.075000	0.5	13.047100
13.083333	0.5	13.172500
13.091667	0.5	13.293600
13.100000	0.5	13.408700
13.108333	0.5	13.518850
13.116667	0.5	13.617850
13.125000	0.5	13.715200
13.133333	0.5	13.802750
13.141667	0.5	13.886750
13.150000	0.5	13.963700
13.158333	0.5	14.036050
13.166667	0.5	14.103950
13.175000	0.5	14.162600
13.183333	0.5	14.220150
13.191667	0.5	14.273600
13.200000	0.5	14.320450
13.208333	0.5	14.362950
13.216667	0.5	14.400900
13.225000	0.5	14.432150
13.233333	0.5	14.458700
13.241667	0.5	14.481950
13.250000	0.5	14.496850
13.258333	0.5	14.509900
13.266667	0.5	14.517150
13.275000	0.5	14.519150
13.283333	0.5	14.522000
13.291667	0.5	14.516250
13.300000	0.5	14.508050
13.308333	0.5	14.496750
13.316667	0.5	14.476850
13.325000	0.5	14.453850
13.333333	0.5	14.427400
13.341667	0.5	14.396050
13.350000	0.5	14.361350
13.358333	0.5	14.316650
13.366667	0.5	14.274500
13.375000	0.5	14.230800
13.383333	0.5	14.182550
13.391667	0.5	14.132150
13.400000	0.5	14.077100
13.408333	0.5	14.021450
13.416667	0.5	13.957750
13.425000	0.5	13.892150
13.433333	0.5	13.825350
13.441667	0.5	13.751400
13.450000	0.5	13.677300
13.458333	0.5	13.600650
13.466667	0.5	13.522050
13.475000	0.5	13.444950
13.483333	0.5	13.365750
13.491667	0.5	13.285600
13.500000	0.5	13.203150
13.508333	0.5	13.116900
13.516667	0.5	13.029800
13.525000	0.5	12.942050
13.533333	0.5	12.853600
13.541667	0.5	12.758450
13.550000	0.5	12.669500
13.558333	0.5	12.573600
13.566667	0.5	12.483100
13.575000	0.5	12.392400
13.583333	0.5	12.305900
13.591667	0.5	12.217000
13.600000	0.5	12.129400
13.608333	0.5	12.034550
13.616667	0.5	11.942550
13.625000	0.5	11.852800
13.633333	0.5	11.759000
13.641667	0.5	11.669550
13.650000	0.5	11.577500
13.658333	0.5	11.486450
13.666667	0.5	11.403250
13.675000	0.5	11.319650
13.683333	0.5	11.239400
13.691667	0.5	11.160600
13.700000	0.5	11.077250
13.708333	0.5	10.999150
13.716667	0.5	10.918600
13.725000	0.5	10.842700
13.733333	0.5	10.764100
13.741667	0.5	10.690100
13.750000	0.5	10.613750
13.758333	0.5	10.547050
13.766667	0.5	10.482900
13.775000	0.5	10.419050
13.783333	0.5	10.360500
13.791667	0.5	10.300550
13.800000	0.5	10.241100
13.808333	0.5	10.186000
13.816667	0.5	10.125600
13.825000	0.5	10.073400
13.833333	0.5	10.017700
13.841667	0.5	9.968500
13.850000	0.5	9.918650
13.858333	0.5	9.876800
13.866667	0.5	9.836200
13.875000	0.5	9.800550
13.883333	0.5	9.764650
13.891667	0.5	9.729150
13.900000	0.5	9.694600
13.908333	0.5	9.660500
13.916667	0.5	9.624300
13.925000	0.5	9.592700
13.933333	0.5	9.567900
13.941667	0.5	9.536250
13.950000	0.5	9.512650
13.958333	0.5	9.497100
13.966667	0.5	9.479350
13.975000	0.5	9.465000
13.983333	0.5	9.446400
13.991667	0.5	9.433550
14.000000	0.5	9.417250
14.008333	0.5	9.404000
14.016667	0.5	9.389050
14.025000	0.5	9.380700
14.033333	0.5	9.366750
14.041667	0.5	9.355900
14.050000	0.5	9.352550
14.058333	0.5	9.350550
14.066667	0.5	9.350500
14.075000	0.5	9.349250
14.083333	0.5	9.353550
14.091667	0.5	9.348650
14.100000	0.5	9.347550
14.108333	0.5	9.347200
14.116667	0.5	9.345950
14.125000	0.5	9.347050
14.133333	0.5	9.346900
14.141667	0.5	9.349150
14.150000	0.5	9.358050
14.158333	0.5	9.367900
14.166667	0.5	9.378500
14.175000	0.5	9.386100
14.183333	0.5	9.394000
14.191667	0.5	9.401400
14.200000	0.5	9.412550
14.208333	0.5	9.416650
14.216667	0.5	9.423250
14.225000	0.5	9.430950
14.233333	0.5	9.436450
14.241667	0.5	9.450400
14.250000	0.5	9.466450
14.258333	0.5	9.480750
14.266667	0.5	9.496050
14.275000	0.5	9.511500
14.283333	0.5	9.524800
14.291667	0.5	9.537050
14.300000	0.5	9.545500
14.308333	0.5	9.561200
14.316667	0.5	9.571600
14.325000	0.5	9.578350
14.333333	0.5	9.595850
14.341667	0.5	9.612800
14.350000	0.5	9.636250
14.358333	0.5	9.655850
14.366667	0.5	9.672300
14.375000	0.5	9.691350
14.383333	0.5	9.706850
14.391667	0.5	9.720850
14.400000	0.5	9.735650
14.408333	0.5	9.750550
14.416667	0.5	9.764450
14.425000	0.5	9.777800
14.433333	0.5	9.799000
14.441667	0.5	9.821450
14.450000	0.5	9.844450
14.458333	0.5	9.863450
14.466667	0.5	9.882550
14.475000	0.5	9.901250
14.483333	0.5	9.917350
14.491667	0.5	9.932150
14.500000	0.5	9.947900
14.508333	0.5	9.964100
14.516667	0.5	9.970200
14.525000	0.5	9.996300
14.533333	0.5	10.016350
14.541667	0.5	10.041600
14.550000	0.5	10.063350
14.558333	0.5	10.083250
14.566667	0.5	10.100500
14.575000	0.5	10.120600
14.583333	0.5	10.139700
14.591667	0.5	10.151000
14.600000	0.5	10.168100
14.608333	0.5	10.187200
14.616667	0.5	10.202650
14.625000	0.5	10.225450
14.633333	0.5	10.249900
14.641667	0.5	10.274700
14.650000	0.5	10.302150
14.658333	0.5	10.320800
14.666667	0.5	10.343350
14.675000	0.5	10.364400
14.683333	0.5	10.379650
14.691667	0.5	10.397900
14.700000	0.5	10.418400
14.708333	0.5	10.433000
14.716667	0.5	10.455750
14.725000	0.5	10.481250
14.733333	0.5	10.511050
14.741667	0.5	10.537400
14.750000	0.5	10.562300
14.758333	0.5	10.585500
14.766667	0.5	10.607450
14.775000	0.5	10.629050
14.783333	0.5	10.646950
14.791667	0.5	10.669600
14.800000	0.5	10.686750
14.808333	0.5	10.707050
14.816667	0.5	10.732350
14.825000	0.5	10.760050
14.833333	0.5	10.786750
14.841667	0.5	10.810300
14.850000	0.5	10.836050
14.858333	0.5	10.856450
14.866667	0.5	10.880050
14.875000	0.5	10.901250
14.883333	0.5	10.919150
14.891667	0.5	10.941300
14.900000	0.5	10.954800
14.908333	0.5	10.979850
14.916667	0.5	11.003800
14.925000	0.5	11.034400
14.933333	0.5	11.061650
14.941667	0.5	11.085950
14.950000	0.5	11.112400
14.958333	0.5	11.131100
14.966667	0.5	11.152800
14.975000	0.5	11.168250
14.983333	0.5	11.187350
14.991667	0.5	11.205500
15.000000	0.5	11.224900
15.008333	0.5	11.252050
15.016667	0.5	11.278450
15.025000	0.5	11.305400
15.033333	0.5	11.330050
15.041667	0.5	11.352850
15.050000	0.5	11.377550
15.058333	0.5	11.396650
15.066667	0.5	11.413200
15.075000	0.5	11.434900
15.083333	0.5	11.453100
15.091667	0.5	11.466550
15.100000	0.5	11.490500
15.108333	0.5	11.515450
15.116667	0.5	11.545250
15.125000	0.5	11.574900
15.133333	0.5	11.594300
15.141667	0.5	11.619100
15.150000	0.5	11.640600
15.158333	0.5	11.663100
15.166667	0.5	11.677550
15.175000	0.5	11.699450
15.183333	0.5	11.717400
15.191667	0.5	11.734000
15.200000	0.5	11.760050
15.208333	0.5	11.789400
15.216667	0.5	11.817900
15.225000	0.5	11.844200
15.233333	0.5	11.869250
15.241667	0.5	11.891900
15.250000	0.5	11.912000
15.258333	0.5	11.934950
15.266667	0.5	11.951700
15.275000	0.5	11.973100
15.283333	0.5	11.987000
15.291667	0.5	12.015200
15.300000	0.5	12.039400
15.308333	0.5	12.069500
15.316667	0.5	12.096450
15.325000	0.5	12.126350
15.333333	0.5	12.146200
15.341667	0.5	12.169000
15.350000	0.5	12.193750
15.358333	0.5	12.209000
15.366667	0.5	12.228650
15.375000	0.5	12.247150
15.383333	0.5	12.266300
15.391667	0.5	12.292650
15.400000	0.5	12.323800
15.408333	0.5	12.352750
15.416667	0.5	12.381100
15.425000	0.5	12.405350
15.433333	0.5	12.427850
15.441667	0.5	12.451150
15.450000	0.5	12.467250
15.458333	0.5	12.483000
15.466667	0.5	12.506550
15.475000	0.5	12.520650
15.483333	0.5	12.543200
15.491667	0.5	12.568800
15.500000	0.5	12.603150
15.508333	0.5	12.634250
15.516667	0.5	12.656200
15.525000	0.5	12.679200
15.533333	0.5	12.702950
15.541667	0.5	12.723700
15.550000	0.5	12.741100
15.558333	0.5	12.757450
15.566667	0.5	12.774250
15.575000	0.5	12.793700
15.583333	0.5	12.820950
15.591667	0.5	12.850450
15.600000	0.5	12.883250
15.608333	0.5	12.906150
15.616667	0.5	12.928250
15.625000	0.5	12.953700
15.633333	0.5	12.976100
15.641667	0.5	12.995750
15.650000	0.5	13.012450
15.658333	0.5	13.031200
15.666667	0.5	13.041600
15.675000	0.5	13.065700
15.683333	0.5	13.094100
15.691667	0.5	13.124350
15.700000	0.5	13.155950
15.708333	0.5	13.172850
15.716667	0.5	13.195500
15.725000	0.5	13.217550
15.733333	0.5	13.237600
15.741667	0.5	13.251100
15.750000	0.5	13.267450
15.758333	0.5	13.285000
15.766667	0.5	13.299500
15.775000	0.5	13.324250
15.783333	0.5	13.351350
15.791667	0.5	13.375900
15.800000	0.5	13.405050
15.808333	0.5	13.422350
15.816667	0.5	13.442250
15.825000	0.5	13.462800
15.833333	0.5	13.471100
15.841667	0.5	13.485200
15.850000	0.5	13.503600
15.858333	0.5	13.512550
15.866667	0.5	13.531100
15.875000	0.5	13.556500
15.883333	0.5	13.582050
15.891667	0.5	13.608400
15.900000	0.5	13.629200
15.908333	0.5	13.646900
15.916667	0.5	13.665350
15.925000	0.5	13.681300
15.933333	0.5	13.692300
15.941667	0.5	13.707450
15.950000	0.5	13.716800
15.958333	0.5	13.730300
15.966667	0.5	13.753300
15.975000	0.5	13.778500
15.983333	0.5	13.806250
15.991667	0.5	13.824050
16.000000	0.5	13.842400
16.008333	0.5	13.860450
16.016667	0.5	13.876450
16.025000	0.5	13.891800
16.033333	0.5	13.900850
16.041667	0.5	13.915650
16.050000	0.5	13.918150
16.058333	0.5	13.943550
16.066667	0.5	13.957900
16.075000	0.5	13.980550
16.083333	0.5	14.003100
16.091667	0.5	14.019900
16.100000	0.5	14.038000
16.108333	0.5	14.050350
16.116667	0.5	14.063350
16.125000	0.5	14.067900
16.133333	0.5	14.079950
16.141667	0.5	14.086400
16.150000	0.5	14.096700
16.158333	0.5	14.116750
16.166667	0.5	14.132700
16.175000	0.5	14.155950
16.183333	0.5	14.173250
16.191667	0.5	14.189750
16.200000	0.5	14.202800
16.208333	0.5	14.213500
16.216667	0.5	14.221200
16.225000	0.5	14.228450
16.233333	0.5	14.243150
16.241667	0.5	14.239250
16.250000	0.5	14.256100
16.258333	0.5	14.274000
16.266667	0.5	14.296300
16.275000	0.5	14.316750
16.283333	0.5	14.335150
16.291667	0.5	14.351000
16.300000	0.5	14.359600
16.308333	0.5	14.369550
16.316667	0.5	14.377400
16.325000	0.5	14.386250
16.333333	0.5	14.394300
16.341667	0.5	14.398800
16.350000	0.5	14.417600
16.358333	0.5	14.438600
16.366667	0.5	14.457200
16.375000	0.5	14.476250
16.383333	0.5	14.495000
16.391667	0.5	14.512750
16.400000	0.5	14.522300
16.408333	0.5	14.528850
16.416667	0.5	14.536800
16.425000	0.5	14.548200
16.433333	0.5	14.549700
16.441667	0.5	14.564850
16.450000	0.5	14.583700
16.458333	0.5	14.609950
16.466667	0.5	14.624450
16.475000	0.5	14.643700
16.483333	0.5	14.658000
16.491667	0.5	14.671300
16.500000	0.5	14.684650
16.508333	0.5	14.685400
16.516667	0.5	14.694200
16.525000	0.5	14.704600
16.533333	0.5	14.712200
16.541667	0.5	14.729350
16.550000	0.5	14.749500
16.558333	0.5	14.770050
16.566667	0.5	14.787950
16.575000	0.5	14.803050
16.583333	0.5	14.817000
16.591667	0.5	14.828550
16.600000	0.5	14.833500
16.608333	0.5	14.840550
16.616667	0.5	14.855150
16.625000	0.5	14.857800
16.633333	0.5	14.870350
16.641667	0.5	14.888150
16.650000	0.5	14.913650
16.658333	0.5	14.933750
16.666667	0.5	14.951650
16.675000	0.5	14.968400
16.683333	0.5	14.977400
16.691667	0.5	14.988650
16.700000	0.5	14.993950
16.708333	0.5	15.007000
16.716667	0.5	15.012500
16.725000	0.5	15.022650
16.733333	0.5	15.041350
16.741667	0.5	15.064650
16.750000	0.5	15.090150
16.758333	0.5	15.112400
16.766667	0.5	15.130300
16.775000	0.5	15.145650
16.783333	0.5	15.162500
16.791667	0.5	15.183450
16.800000	0.5	15.187800
16.808333	0.5	15.205950
16.816667	0.5	15.211400
16.825000	0.5	15.234400
16.833333	0.5	15.257900
16.841667	0.5	15.295300
16.850000	0.5	15.317900
16.858333	0.5	15.342250
16.866667	0.5	15.364650
16.875000	0.5	15.387950
16.883333	0.5	15.408100
16.891667	0.5	15.425100
16.900000	0.5	15.445100
16.908333	0.5	15.460450
16.916667	0.5	15.479450
16.925000	0.5	15.509100
16.933333	0.5	15.542850
16.941667	0.5	15.578100
16.950000	0.5	15.611700
16.958333	0.5	15.642750
16.966667	0.5	15.669300
16.975000	0.5	15.697750
16.983333	0.5	15.716250
16.991667	0.5	15.740150
17.000000	0.5	15.773000
17.008333	0.5	15.788600
17.016667	0.5	15.828000
17.025000	0.5	15.867450
17.033333	0.5	15.912000
17.041667	0.5	15.960800
17.050000	0.5	15.996550
17.058333	0.5	16.038750
17.066667	0.5	16.077850
17.075000	0.5	16.120750
17.083333	0.5	16.153050
17.091667	0.5	16.196500
17.100000	0.5	16.233050
17.108333	0.5	16.280050
17.116667	0.5	16.335800
17.125000	0.5	16.396850
17.133333	0.5	16.460050
17.141667	0.5	16.524000
17.150000	0.5	16.578850
17.158333	0.5	16.637100
17.166667	0.5	16.693350
17.175000	0.5	16.742400
17.183333	0.5	16.793300
17.191667	0.5	16.855850
17.200000	0.5	16.897000
17.208333	0.5	16.961950
17.216667	0.5	17.025700
17.225000	0.5	17.095700
17.233333	0.5	17.157550
17.241667	0.5	17.213400
17.250000	0.5	17.267150
17.258333	0.5	17.312650
17.266667	0.5	17.350300
17.275000	0.5	17.385000
17.283333	0.5	17.417550
17.291667	0.5	17.444500
17.300000	0.5	17.470550
17.308333	0.5	17.502300
17.316667	0.5	17.533450
17.325000	0.5	17.558100
17.333333	0.5	17.577850
17.341667	0.5	17.587950
17.350000	0.5	17.590350
17.358333	0.5	17.584550
17.366667	0.5	17.563700
17.375000	0.5	17.544750
17.383333	0.5	17.522700
17.391667	0.5	17.482250
17.400000	0.5	17.453950
17.408333	0.5	17.426950
17.416667	0.5	17.400200
17.425000	0.5	17.361600
17.433333	0.5	17.316500
17.441667	0.5	17.262650
17.450000	0.5	17.200100
17.458333	0.5	17.132750
17.466667	0.5	17.057050
17.475000	0.5	16.982200
17.483333	0.5	16.904400
17.491667	0.5	16.903450
17.500000	0.5	16.735500
17.508333	0.5	16.663200
17.516667	0.5	16.586100
17.525000	0.5	16.500000
17.533333	0.5	16.408800
17.541667	0.5	16.312250
17.550000	0.5	16.216350
17.558333	0.5	16.113100
17.566667	0.5	16.004500
17.575000	0.5	15.900350
17.583333	0.5	15.782350
17.591667	0.5	15.683100
17.600000	0.5	15.580750
17.608333	0.5	15.484000
17.616667	0.5	15.380400
17.625000	0.5	15.274150
17.633333	0.5	15.165300
17.641667	0.5	15.053050
17.650000	0.5	14.937700
17.658333	0.5	14.819250
17.666667	0.5	14.704800
17.675000	0.5	14.589100
17.683333	0.5	14.474950
17.691667	0.5	14.367400
17.700000	0.5	14.269000
17.708333	0.5	14.165800
17.716667	0.5	14.071550
17.725000	0.5	13.958000
17.733333	0.5	13.854150
17.741667	0.5	13.748850
17.750000	0.5	13.640350
17.758333	0.5	13.535250
17.766667	0.5	13.433300
17.775000	0.5	13.329800
17.783333	0.5	13.236400
17.791667	0.5	13.148100
17.800000	0.5	13.066050
17.808333	0.5	12.975500
17.816667	0.5	12.888300
17.825000	0.5	12.799350
17.833333	0.5	12.711950
17.841667	0.5	12.624350
17.850000	0.5	12.540550
17.858333	0.5	12.453850
17.866667	0.5	12.369000
17.875000	0.5	12.288250
17.883333	0.5	12.212350
17.891667	0.5	12.145300
17.900000	0.5	12.075750
17.908333	0.5	11.999350
17.916667	0.5	11.929150
17.925000	0.5	11.860450
17.933333	0.5	11.788100
17.941667	0.5	11.718800
17.950000	0.5	11.646300
17.958333	0.5	11.578550
17.966667	0.5	11.507300
17.975000	0.5	11.446750
17.983333	0.5	11.383250
17.991667	0.5	11.328850
18.000000	0.5	11.270850
18.008333	0.5	11.212300
18.016667	0.5	11.151250
18.025000	0.5	11.094800
18.033333	0.5	11.036800
18.041667	0.5	10.975450
18.050000	0.5	10.923550
18.058333	0.5	10.862750
18.066667	0.5	10.808100
18.075000	0.5	10.760000
18.083333	0.5	10.712150
18.091667	0.5	10.664950
18.100000	0.5	10.618000
18.108333	0.5	10.567350
18.116667	0.5	10.522750
18.125000	0.5	10.473300
18.133333	0.5	10.423100
18.141667	0.5	10.374100
18.150000	0.5	10.334550
18.158333	0.5	10.286250
18.166667	0.5	10.245500
18.175000	0.5	10.211900
18.183333	0.5	10.170800
18.191667	0.5	10.130850
18.200000	0.5	10.093100
18.208333	0.5	10.052950
18.216667	0.5	10.016700
18.225000	0.5	9.977650
18.233333	0.5	9.940300
18.241667	0.5	9.901050
18.250000	0.5	9.861550
18.258333	0.5	9.827150
18.266667	0.5	9.799350
18.275000	0.5	9.764000
18.283333	0.5	9.738100
18.291667	0.5	9.702900
18.300000	0.5	9.671150
18.308333	0.5	9.639950
18.316667	0.5	9.608500
18.325000	0.5	9.573400
18.333333	0.5	9.543950
18.341667	0.5	9.513950
18.350000	0.5	9.480800
18.358333	0.5	9.455400
18.366667	0.5	9.428000
18.375000	0.5	9.404800
18.383333	0.5	9.381300
18.391667	0.5	9.353250
18.400000	0.5	9.330250
18.408333	0.5	9.297450
18.416667	0.5	9.271600
18.425000	0.5	9.242400
18.433333	0.5	9.217800
18.441667	0.5	9.192250
18.450000	0.5	9.166650
18.458333	0.5	9.145400
18.466667	0.5	9.125950
18.475000	0.5	9.102700
18.483333	0.5	9.079750
18.491667	0.5	9.060100
18.500000	0.5	9.035850
18.508333	0.5	9.013800
18.516667	0.5	8.989600
18.525000	0.5	8.967650
18.533333	0.5	8.948900
18.541667	0.5	8.919600
18.550000	0.5	8.904750
18.558333	0.5	8.884650
18.566667	0.5	8.867150
18.575000	0.5	8.847050
18.583333	0.5	8.828100
18.591667	0.5	8.808500
18.600000	0.5	8.788150
18.608333	0.5	8.767650
18.616667	0.5	8.745050
18.625000	0.5	8.726850
18.633333	0.5	8.702700
18.641667	0.5	8.684500
18.650000	0.5	8.670050
18.658333	0.5	8.655250
18.666667	0.5	8.635400
18.675000	0.5	8.618400
18.683333	0.5	8.598200
18.691667	0.5	8.582850
18.700000	0.5	8.562700
18.708333	0.5	8.543650
18.716667	0.5	8.521950
18.725000	0.5	8.505800
18.733333	0.5	8.484450
18.741667	0.5	8.470150
18.750000	0.5	8.453200
18.758333	0.5	8.439100
18.766667	0.5	8.422600
18.775000	0.5	8.406600
18.783333	0.5	8.385950
18.791667	0.5	8.369450
18.800000	0.5	8.347600
18.808333	0.5	8.332100
18.816667	0.5	8.315300
18.825000	0.5	8.301500
18.833333	0.5	8.284500
18.841667	0.5	8.266350
18.850000	0.5	8.252950
18.858333	0.5	8.237300
18.866667	0.5	8.227000
18.875000	0.5	8.205050
18.883333	0.5	8.187800
18.891667	0.5	8.171650
18.900000	0.5	8.152200
18.908333	0.5	8.139550
18.916667	0.5	8.121500
18.925000	0.5	8.105450
18.933333	0.5	8.091750
18.941667	0.5	8.079400
18.950000	0.5	8.068400
18.958333	0.5	8.048350
18.966667	0.5	8.035100
18.975000	0.5	8.017800
18.983333	0.5	8.003850
18.991667	0.5	7.984700
19.000000	0.5	7.972100
19.008333	0.5	7.955600
19.016667	0.5	7.940650
19.025000	0.5	7.929450
19.033333	0.5	7.916850
19.041667	0.5	7.904450
19.050000	0.5	7.889500
19.058333	0.5	7.875350
19.066667	0.5	7.860750
19.075000	0.5	7.844900
19.083333	0.5	7.831650
19.091667	0.5	7.815100
19.100000	0.5	7.799250
19.108333	0.5	7.791150
19.116667	0.5	7.772300
19.125000	0.5	7.764650
19.133333	0.5	7.753000
19.141667	0.5	7.739350
19.150000	0.5	7.728300
19.158333	0.5	7.714300
19.166667	0.5	7.701900
19.175000	0.5	7.686450
19.183333	0.5	7.676500
19.191667	0.5	7.657550
19.200000	0.5	7.646600
19.208333	0.5	7.632150
19.216667	0.5	7.623450
19.225000	0.5	7.609400
19.233333	0.5	7.600500
19.241667	0.5	7.593300
19.250000	0.5	7.576200
19.258333	0.5	7.564150
19.266667	0.5	7.551500
19.275000	0.5	7.541200
19.283333	0.5	7.526450
19.291667	0.5	7.516150
19.300000	0.5	7.503850
19.308333	0.5	7.491150
19.316667	0.5	7.483200
19.325000	0.5	7.473700
19.333333	0.5	7.463250
19.341667	0.5	7.451950
19.350000	0.5	7.442000
19.358333	0.5	7.429150
19.366667	0.5	7.419250
19.375000	0.5	7.408150
19.383333	0.5	7.397000
19.391667	0.5	7.387550
19.400000	0.5	7.376450
19.408333	0.5	7.367700
19.416667	0.5	7.359950
19.425000	0.5	7.351750
19.433333	0.5	7.343550
19.441667	0.5	7.333700
19.450000	0.5	7.323100
19.458333	0.5	7.317650
19.466667	0.5	7.303100
19.475000	0.5	7.297500
19.483333	0.5	7.288350
19.491667	0.5	7.281750
19.500000	0.5	7.273700
19.508333	0.5	7.266000
19.516667	0.5	7.259250
19.525000	0.5	7.253450
19.533333	0.5	7.243700
19.541667	0.5	7.235800
19.550000	0.5	7.229250
19.558333	0.5	7.224150
19.566667	0.5	7.215100
19.575000	0.5	7.205500
19.583333	0.5	7.202700
19.591667	0.5	7.192900
19.600000	0.5	7.190300
19.608333	0.5	7.185700
19.616667	0.5	7.183400
19.625000	0.5	7.174500
19.633333	0.5	7.173250
19.641667	0.5	7.166850
19.650000	0.5	7.162650
19.658333	0.5	7.158450
19.666667	0.5	7.155850
19.675000	0.5	7.147750
19.683333	0.5	7.143350
19.691667	0.5	7.138200
19.700000	0.5	7.136950
19.708333	0.5	7.133850
19.716667	0.5	7.131100
19.725000	0.5	7.127200
19.733333	0.5	7.124950
19.741667	0.5	7.122250
19.750000	0.5	7.118950
19.758333	0.5	7.114050
19.766667	0.5	7.113150
19.775000	0.5	7.110850
19.783333	0.5	7.105550
19.791667	0.5	7.106950
19.800000	0.5	7.103000
19.808333	0.5	7.106750
19.816667	0.5	7.105100
19.825000	0.5	7.099300
19.833333	0.5	7.096650
19.841667	0.5	7.095550
19.850000	0.5	7.096400
19.858333	0.5	7.089800
19.866667	0.5	7.086850
19.875000	0.5	7.090000
19.883333	0.5	7.089200
19.891667	0.5	7.087750
19.900000	0.5	7.086600
19.908333	0.5	7.087100
19.916667	0.5	7.087150
19.925000	0.5	7.087000
19.933333	0.5	7.084300
19.941667	0.5	7.088150
19.950000	0.5	7.081300
19.958333	0.5	7.081000
19.966667	0.5	7.081350
19.975000	0.5	7.080700
19.983333	0.5	7.082300
19.991667	0.5	7.084350
20.000000	0.5	7.083850
20.008333	0.5	7.084900
20.016667	0.5	7.087800
20.025000	0.5	7.089150
20.033333	0.5	7.088650
20.041667	0.5	7.088400
20.050000	0.5	7.087000
20.058333	0.5	7.087300
20.066667	0.5	7.087250
20.075000	0.5	7.088350
20.083333	0.5	7.087600
20.091667	0.5	7.095650
20.100000	0.5	7.093450
20.108333	0.5	7.093100
20.116667	0.5	7.095200
20.125000	0.5	7.100950
20.133333	0.5	7.100500
20.141667	0.5	7.096200
20.150000	0.5	7.097250
20.158333	0.5	7.098950
20.166667	0.5	7.095300
20.175000	0.5	7.099950
20.183333	0.5	7.102900
20.191667	0.5	7.105050
20.200000	0.5	7.107050
20.208333	0.5	7.105850
20.216667	0.5	7.108100
20.225000	0.5	7.109000
20.233333	0.5	7.112650
20.241667	0.5	7.113050
20.250000	0.5	7.113300
20.258333	0.5	7.112950
20.266667	0.5	7.115600
20.275000	0.5	7.117650
20.283333	0.5	7.121500
20.291667	0.5	7.124650
20.300000	0.5	7.123900
20.308333	0.5	7.127450
20.316667	0.5	7.128000
20.325000	0.5	7.133000
20.333333	0.5	7.133300
20.341667	0.5	7.134900
20.350000	0.5	7.134100
20.358333	0.5	7.135800
20.366667	0.5	7.136800
20.375000	0.5	7.145100
20.383333	0.5	7.146450
20.391667	0.5	7.147400
20.400000	0.5	7.147700
20.408333	0.5	7.151150
20.416667	0.5	7.150350
20.425000	0.5	7.154350
20.433333	0.5	7.148700
20.441667	0.5	7.152700
20.450000	0.5	7.156400
20.458333	0.5	7.153900
20.466667	0.5	7.158600
20.475000	0.5	7.162150
20.483333	0.5	7.161800
20.491667	0.5	7.162650
20.500000	0.5	7.166050
20.508333	0.5	7.166650
20.516667	0.5	7.166050
20.525000	0.5	7.168150
20.533333	0.5	7.165700
20.541667	0.5	7.167650
20.550000	0.5	7.165500
20.558333	0.5	7.168450
20.566667	0.5	7.170550
20.575000	0.5	7.173050
20.583333	0.5	7.172450
20.591667	0.5	7.173200
20.600000	0.5	7.173950
20.608333	0.5	7.173950
20.616667	0.5	7.173500
20.625000	0.5	7.168150
20.633333	0.5	7.172400
20.641667	0.5	7.171350
20.650000	0.5	7.173000
20.658333	0.5	7.174300
20.666667	0.5	7.179800
20.675000	0.5	7.175800
20.683333	0.5	7.176050
20.691667	0.5	7.177550
20.700000	0.5	7.174750
20.708333	0.5	7.177400
20.716667	0.5	7.176650
20.725000	0.5	7.173750
20.733333	0.5	7.175750
20.741667	0.5	7.170800
20.750000	0.5	7.177600
20.758333	0.5	7.173800
20.766667	0.5	7.174850
20.775000	0.5	7.176850
20.783333	0.5	7.176350
20.791667	0.5	7.176550
20.800000	0.5	7.175000
20.808333	0.5	7.172950
20.816667	0.5	7.175700
20.825000	0.5	7.170450
20.833333	0.5	7.170200
20.841667	0.5	7.167450
20.850000	0.5	7.171250
20.858333	0.5	7.168000
20.866667	0.5	7.171400
20.875000	0.5	7.171400
20.883333	0.5	7.173750
20.891667	0.5	7.172000
20.900000	0.5	7.172950
20.908333	0.5	7.171550
20.916667	0.5	7.173150
20.925000	0.5	7.172800
20.933333	0.5	7.171200
20.941667	0.5	7.173200
20.950000	0.5	7.175050
20.958333	0.5	7.176100
20.966667	0.5	7.178400
20.975000	0.5	7.176850
20.983333	0.5	7.179500
20.991667	0.5	7.180050
21.000000	0.5	7.180200
21.008333	0.5	7.186000
21.016667	0.5	7.180750
21.025000	0.5	7.185100
21.033333	0.5	7.183400
21.041667	0.5	7.192450
21.050000	0.5	7.187150
21.058333	0.5	7.193250
21.066667	0.5	7.195250
21.075000	0.5	7.195000
21.083333	0.5	7.196650
21.091667	0.5	7.195900
21.100000	0.5	7.199600
21.108333	0.5	7.195800
21.116667	0.5	7.199950
21.125000	0.5	7.200150
21.133333	0.5	7.202650
21.141667	0.5	7.211150
21.150000	0.5	7.209300
21.158333	0.5	7.209800
21.166667	0.5	7.208950
21.175000	0.5	7.213700
21.183333	0.5	7.214050
21.191667	0.5	7.211800
21.200000	0.5	7.210650
21.208333	0.5	7.211700
21.216667	0.5	7.213100
21.225000	0.5	7.210600
21.233333	0.5	7.215450
21.241667	0.5	7.222900
21.250000	0.5	7.216600
21.258333	0.5	7.217050
21.266667	0.5	7.218150
21.275000	0.5	7.216300
21.283333	0.5	7.216400
21.291667	0.5	7.215950
21.300000	0.5	7.215100
21.308333	0.5	7.214500
21.316667	0.5	7.211950
21.325000	0.5	7.213500
21.333333	0.5	7.213750
21.341667	0.5	7.213700
21.350000	0.5	7.211250
21.358333	0.5	7.208200
21.366667	0.5	7.211500
21.375000	0.5	7.207350
21.383333	0.5	7.205500
21.391667	0.5	7.203800
21.400000	0.5	7.203400
21.408333	0.5	7.197350
21.416667	0.5	7.195350
21.425000	0.5	7.193800
21.433333	0.5	7.192850
21.441667	0.5	7.194050
21.450000	0.5	7.191300
21.458333	0.5	7.190700
21.466667	0.5	7.184050
21.475000	0.5	7.182150
21.483333	0.5	7.179300
21.491667	0.5	7.171400
21.500000	0.5	7.168500
21.508333	0.5	7.166550
21.516667	0.5	7.163800
21.525000	0.5	7.162700
21.533333	0.5	7.160500
21.541667	0.5	7.158300
21.550000	0.5	7.156300
21.558333	0.5	7.154700
21.566667	0.5	7.149750
21.575000	0.5	7.146250
21.583333	0.5	7.141650
21.591667	0.5	7.141900
21.600000	0.5	7.135800
21.608333	0.5	7.131050
21.616667	0.5	7.129600
21.625000	0.5	7.128900
21.633333	0.5	7.129700
21.641667	0.5	7.127200
21.650000	0.5	7.125800
21.658333	0.5	7.125200
21.666667	0.5	7.120350
21.675000	0.5	7.119400
21.683333	0.5	7.118750
21.691667	0.5	7.116250
21.700000	0.5	7.113200
21.708333	0.5	7.115500
21.716667	0.5	7.114000
21.725000	0.5	7.115550
21.733333	0.5	7.116600
21.741667	0.5	7.115200
21.750000	0.5	7.114350
21.758333	0.5	7.114200
21.766667	0.5	7.113150
21.775000	0.5	7.105150
21.783333	0.5	7.108700
21.791667	0.5	7.110250
21.800000	0.5	7.107800
21.808333	0.5	7.108400
21.816667	0.5	7.110750
21.825000	0.5	7.113900
21.833333	0.5	7.108850
21.841667	0.5	7.108550
21.850000	0.5	7.108850
21.858333	0.5	7.109000
21.866667	0.5	7.106150
21.875000	0.5	7.102500
21.883333	0.5	7.106650
21.891667	0.5	7.103650
21.900000	0.5	7.103100
21.908333	0.5	7.110050
21.916667	0.5	7.106700
21.925000	0.5	7.109300
21.933333	0.5	7.104450
21.941667	0.5	7.104900
21.950000	0.5	7.104950
21.958333	0.5	7.105350
21.966667	0.5	7.100550
21.975000	0.5	7.097650
21.983333	0.5	7.098200
21.991667	0.5	7.096050
22.000000	0.5	7.101350
22.008333	0.5	7.100250
22.016667	0.5	7.099250
22.025000	0.5	7.100200
22.033333	0.5	7.103350
22.041667	0.5	7.099350
22.050000	0.5	7.101650
22.058333	0.5	7.100000
22.066667	0.5	7.097650
22.075000	0.5	7.098550
22.083333	0.5	7.091850
22.091667	0.5	7.096900
22.100000	0.5	7.096350
22.108333	0.5	7.096500
22.116667	0.5	7.096850
22.125000	0.5	7.094850
22.133333	0.5	7.093700
22.141667	0.5	7.093900
22.150000	0.5	7.092100
22.158333	0.5	7.091550
22.166667	0.5	7.091300
22.175000	0.5	7.089250
22.183333	0.5	7.088350
22.191667	0.5	7.088400
22.200000	0.5	7.089350
22.208333	0.5	7.091200
22.216667	0.5	7.092750
22.225000	0.5	7.088450
22.233333	0.5	7.089250
22.241667	0.5	7.087950
22.250000	0.5	7.088200
22.258333	0.5	7.083650
22.266667	0.5	7.085300
22.275000	0.5	7.085850
22.283333	0.5	7.083250
22.291667	0.5	7.081900
22.300000	0.5	7.085700
22.308333	0.5	7.085700
22.316667	0.5	7.086100
22.325000	0.5	7.085050
22.333333	0.5	7.081100
22.341667	0.5	7.080300
22.350000	0.5	7.079800
22.358333	0.5	7.079850
22.366667	0.5	7.079200
22.375000	0.5	7.081100
22.383333	0.5	7.079050
22.391667	0.5	7.081300
22.400000	0.5	7.082950
22.408333	0.5	7.082150
22.416667	0.5	7.078250
22.425000	0.5	7.080150
22.433333	0.5	7.083250
22.441667	0.5	7.079600
22.450000	0.5	7.075500
22.458333	0.5	7.075600
22.466667	0.5	7.075000
22.475000	0.5	7.076650
22.483333	0.5	7.078150
22.491667	0.5	7.075700
22.500000	0.5	7.075350
22.508333	0.5	7.078100
22.516667	0.5	7.078500
22.525000	0.5	7.079250
22.533333	0.5	7.075800
22.541667	0.5	7.077150
22.550000	0.5	7.073750
22.558333	0.5	7.075700
22.566667	0.5	7.069950
22.575000	0.5	7.072600
22.583333	0.5	7.072700
22.591667	0.5	7.069650
22.600000	0.5	7.074650
22.608333	0.5	7.073950
22.616667	0.5	7.069600
22.625000	0.5	7.071600
22.633333	0.5	7.067750
22.641667	0.5	7.067250
22.650000	0.5	7.068550
22.658333	0.5	7.062800
22.666667	0.5	7.065550
22.675000	0.5	7.068850
22.683333	0.5	7.067100
22.691667	0.5	7.066350
22.700000	0.5	7.065950
22.708333	0.5	7.065900
22.716667	0.5	7.065750
22.725000	0.5	7.064550
22.733333	0.5	7.066350
22.741667	0.5	7.062600
22.750000	0.5	7.063300
22.758333	0.5	7.059450
22.766667	0.5	7.061850
22.775000	0.5	7.064800
22.783333	0.5	7.070050
22.791667	0.5	7.065100
22.800000	0.5	7.062700
22.808333	0.5	7.063450
22.816667	0.5	7.063500
22.825000	0.5	7.058900
22.833333	0.5	7.057050
22.841667	0.5	7.060900
22.850000	0.5	7.059150
22.858333	0.5	7.061550
22.866667	0.5	7.060200
22.875000	0.5	7.064650
22.883333	0.5	7.066400
22.891667	0.5	7.067500
22.900000	0.5	7.063250
22.908333	0.5	7.064700
22.916667	0.5	7.066400
22.925000	0.5	7.063450
22.933333	0.5	7.062350
22.941667	0.5	7.059950
22.950000	0.5	7.061900
22.958333	0.5	7.064050
22.966667	0.5	7.065700
22.975000	0.5	7.070000
22.983333	0.5	7.067400
22.991667	0.5	7.068300
23.000000	0.5	7.069000
23.008333	0.5	7.065200
23.016667	0.5	7.065150
23.025000	0.5	7.064750
23.033333	0.5	7.065300
23.041667	0.5	7.063250
23.050000	0.5	7.065900
23.058333	0.5	7.064300
23.066667	0.5	7.069100
23.075000	0.5	7.066600
23.083333	0.5	7.067750
23.091667	0.5	7.068300
23.100000	0.5	7.067350
23.108333	0.5	7.064850
23.116667	0.5	7.065150
23.125000	0.5	7.066150
23.133333	0.5	7.063750
23.141667	0.5	7.062850
23.150000	0.5	7.069750
23.158333	0.5	7.068200
23.166667	0.5	7.068400
23.175000	0.5	7.067300
23.183333	0.5	7.069100
23.191667	0.5	7.070050
23.200000	0.5	7.071100
23.208333	0.5	7.067250
23.216667	0.5	7.066450
23.225000	0.5	7.065400
23.233333	0.5	7.066750
23.241667	0.5	7.067250
23.250000	0.5	7.071750
23.258333	0.5	7.069450
23.266667	0.5	7.072150
23.275000	0.5	7.069700
23.283333	0.5	7.072050
23.291667	0.5	7.071800
23.300000	0.5	7.071750
23.308333	0.5	7.075550
23.316667	0.5	7.071050
23.325000	0.5	7.070450
23.333333	0.5	7.075900
23.341667	0.5	7.071950
23.350000	0.5	7.072650
23.358333	0.5	7.076100
23.366667	0.5	7.076650
23.375000	0.5	7.079800
23.383333	0.5	7.078050
23.391667	0.5	7.075500
23.400000	0.5	7.078050
23.408333	0.5	7.077800
23.416667	0.5	7.076400
23.425000	0.5	7.077850
23.433333	0.5	7.077100
23.441667	0.5	7.080400
23.450000	0.5	7.080450
23.458333	0.5	7.085300
23.466667	0.5	7.082850
23.475000	0.5	7.080500
23.483333	0.5	7.086000
23.491667	0.5	7.086400
23.500000	0.5	7.084800
23.508333	0.5	7.084550
23.516667	0.5	7.085650
23.525000	0.5	7.082250
23.533333	0.5	7.087600
23.541667	0.5	7.089250
23.550000	0.5	7.092550
23.558333	0.5	7.094050
23.566667	0.5	7.096200
23.575000	0.5	7.095700
23.583333	0.5	7.098650
23.591667	0.5	7.099850
23.600000	0.5	7.100800
23.608333	0.5	7.102700
23.616667	0.5	7.104000
23.625000	0.5	7.104950
23.633333	0.5	7.106750
23.641667	0.5	7.111650
23.650000	0.5	7.117800
23.658333	0.5	7.118500
23.666667	0.5	7.121700
23.675000	0.5	7.123850
23.683333	0.5	7.125600
23.691667	0.5	7.123700
23.700000	0.5	7.130950
23.708333	0.5	7.137450
23.716667	0.5	7.139850
23.725000	0.5	7.144400
23.733333	0.5	7.157250
23.741667	0.5	7.160100
23.750000	0.5	7.165700
23.758333	0.5	7.153450
23.766667	0.5	7.111200
23.775000	0.5	7.037250
23.783333	0.5	6.968600
23.791667	0.5	6.901600
23.800000	0.5	6.872100
23.808333	0.5	6.844200
23.816667	0.5	6.820050
23.825000	0.5	6.802500
23.833333	0.5	6.786050
23.841667	0.5	6.770200
23.850000	0.5	6.759000
23.858333	0.5	6.749650
23.866667	0.5	6.740800
23.875000	0.5	6.733650
23.883333	0.5	6.725750
23.891667	0.5	6.718850
23.900000	0.5	6.713550
23.908333	0.5	6.708550
23.916667	0.5	6.705900
23.925000	0.5	6.697800
23.933333	0.5	6.699050
23.941667	0.5	6.695300
23.950000	0.5	6.690150
23.958333	0.5	6.684550
23.966667	0.5	6.681100
23.975000	0.5	6.676250
23.983333	0.5	6.677850
23.991667	0.5	6.672500
24.000000	0.5	6.668050
24.008333	0.5	6.666900
24.016667	0.5	6.663400
24.025000	0.5	6.661850
24.033333	0.5	6.658850
24.041667	0.5	6.651200
24.050000	0.5	6.651000
24.058333	0.5	6.648750
24.066667	0.5	6.645600
24.075000	0.5	6.641100
24.083333	0.5	6.639900
24.091667	0.5	6.638650
24.100000	0.5	6.631850
24.108333	0.5	6.633950
24.116667	0.5	6.629200
24.125000	0.5	6.629750
24.133333	0.5	6.627450
24.141667	0.5	6.626550
24.150000	0.5	6.624450
24.158333	0.5	6.623650
24.166667	0.5	6.620900
24.175000	0.5	6.619000
24.183333	0.5	6.617450
24.191667	0.5	6.614000
24.200000	0.5	6.610300
24.208333	0.5	6.608050
24.216667	0.5	6.607200
24.225000	0.5	6.601750
24.233333	0.5	6.602150
24.241667	0.5	6.601300
24.250000	0.5	6.597200
24.258333	0.5	6.597050
24.266667	0.5	6.594750
24.275000	0.5	6.590000
24.283333	0.5	6.590400
24.291667	0.5	6.586550
24.300000	0.5	6.586950
24.308333	0.5	6.586150
24.316667	0.5	6.583100
24.325000	0.5	6.585400
24.333333	0.5	6.580850
24.341667	0.5	6.576350
24.350000	0.5	6.576250
24.358333	0.5	6.571500
24.366667	0.5	6.572050
24.375000	0.5	6.575850
24.383333	0.5	6.569900
24.391667	0.5	6.568250
24.400000	0.5	6.566650
24.408333	0.5	6.567850
24.416667	0.5	6.565400
24.425000	0.5	6.569350
24.433333	0.5	6.563800
24.441667	0.5	6.560200
24.450000	0.5	6.559250
24.458333	0.5	6.557650
24.466667	0.5	6.555100
24.475000	0.5	6.555600
24.483333	0.5	6.554100
24.491667	0.5	6.555850
24.500000	0.5	6.552700
24.508333	0.5	6.552650
24.516667	0.5	6.548750
24.525000	0.5	6.547800
24.533333	0.5	6.546350
24.541667	0.5	6.544500
24.550000	0.5	6.541900
24.558333	0.5	6.543350
24.566667	0.5	6.539550
24.575000	0.5	6.540700
24.583333	0.5	6.541600
24.591667	0.5	6.539400
24.600000	0.5	6.538300
24.608333	0.5	6.538600
24.616667	0.5	6.536100
24.625000	0.5	6.532050
24.633333	0.5	6.532550
24.641667	0.5	6.529100
24.650000	0.5	6.527350
24.658333	0.5	6.527850
24.666667	0.5	6.524050
24.675000	0.5	6.525850
24.683333	0.5	6.523650
24.691667	0.5	6.522650
24.700000	0.5	6.525050
24.708333	0.5	6.525050
24.716667	0.5	6.524300
24.725000	0.5	6.524750
24.733333	0.5	6.520200
24.741667	0.5	6.521400
24.750000	0.5	6.522850
24.758333	0.5	6.518400
24.766667	0.5	6.516250
24.775000	0.5	6.516350
24.783333	0.5	6.513250
24.791667	0.5	6.517650
24.800000	0.5	6.518150
24.808333	0.5	6.511800
24.816667	0.5	6.512700
24.825000	0.5	6.509750
24.833333	0.5	6.510200
24.841667	0.5	6.511450
24.850000	0.5	6.510950
24.858333	0.5	6.508400
24.866667	0.5	6.508950
24.875000	0.5	6.506400
24.883333	0.5	6.505600
24.891667	0.5	6.510500
24.900000	0.5	6.506650
24.908333	0.5	6.504800
24.916667	0.5	6.504050
24.925000	0.5	6.502400
24.933333	0.5	6.504200
24.941667	0.5	6.500850
24.950000	0.5	6.504250
24.958333	0.5	6.497250
24.966667	0.5	6.498750
24.975000	0.5	6.499900
24.983333	0.5	6.502300
24.991667	0.5	6.498000
25.000000	0.5	6.497200
25.008333	0.5	6.492500
25.016667	0.5	6.496050
25.025000	0.5	6.493550
25.033333	0.5	6.491700
25.041667	0.5	6.491000
25.050000	0.5	6.489300
25.058333	0.5	6.491850
25.066667	0.5	6.487350
25.075000	0.5	6.487050
25.083333	0.5	6.488350
25.091667	0.5	6.488000
25.100000	0.5	6.492150
25.108333	0.5	6.485550
25.116667	0.5	6.485350
25.125000	0.5	6.483700
25.133333	0.5	6.485050
25.141667	0.5	6.483650
25.150000	0.5	6.484300
25.158333	0.5	6.483400
25.166667	0.5	6.487800
25.175000	0.5	6.495500
25.183333	0.5	6.486350
25.191667	0.5	6.485050
25.200000	0.5	6.484350
25.208333	0.5	6.483200
25.216667	0.5	6.478950
25.225000	0.5	6.479400
25.233333	0.5	6.480700
25.241667	0.5	6.479750
25.250000	0.5	6.481800
25.258333	0.5	6.485000
25.266667	0.5	6.482500
25.275000	0.5	6.485050
25.283333	0.5	6.481000
25.291667	0.5	6.484050
25.300000	0.5	6.481250
25.308333	0.5	6.486750
25.316667	0.5	6.480550
25.325000	0.5	6.481750
25.333333	0.5	6.483200
25.341667	0.5	6.479250
25.350000	0.5	6.478100
25.358333	0.5	6.480900
25.366667	0.5	6.480300
25.375000	0.5	6.476700
25.383333	0.5	6.477300
25.391667	0.5	6.479150
25.400000	0.5	6.476850
25.408333	0.5	6.478000
25.416667	0.5	6.475000
25.425000	0.5	6.473150
25.433333	0.5	6.478700
25.441667	0.5	6.471500
25.450000	0.5	6.477550
25.458333	0.5	6.475550
25.466667	0.5	6.471300
25.475000	0.5	6.476150
25.483333	0.5	6.472850
25.491667	0.5	6.473850
25.500000	0.5	6.470850
25.508333	0.5	6.471000
25.516667	0.5	6.476800
25.525000	0.5	6.468350
25.533333	0.5	6.469200
25.541667	0.5	6.471800
25.550000	0.5	6.470300
25.558333	0.5	6.472150
25.566667	0.5	6.471600
25.575000	0.5	6.471200
25.583333	0.5	6.475350
25.591667	0.5	6.466850
25.600000	0.5	6.466900
25.608333	0.5	6.464850
25.616667	0.5	6.467900
25.625000	0.5	6.471600
25.633333	0.5	6.468250
25.641667	0.5	6.466100
25.650000	0.5	6.469650
25.658333	0.5	6.467750
25.666667	0.5	6.469350
25.675000	0.5	6.471750
25.683333	0.5	6.465550
25.691667	0.5	6.464500
25.700000	0.5	6.462300
25.708333	0.5	6.464600
25.716667	0.5	6.462300
25.725000	0.5	6.466800
25.733333	0.5	6.463000
25.741667	0.5	6.464900
25.750000	0.5	6.466100
25.758333	0.5	6.465600
25.766667	0.5	6.466050
25.775000	0.5	6.459900
25.783333	0.5	6.461100
25.791667	0.5	6.458350
25.800000	0.5	6.457550
25.808333	0.5	6.455000
25.816667	0.5	6.457450
25.825000	0.5	6.459400
25.833333	0.5	6.458400
25.841667	0.5	6.459200
25.850000	0.5	6.458650
25.858333	0.5	6.460750
25.866667	0.5	6.459750
25.875000	0.5	6.456000
25.883333	0.5	6.458150
25.891667	0.5	6.456100
25.900000	0.5	6.463750
25.908333	0.5	6.457750
25.916667	0.5	6.455400
25.925000	0.5	6.454450
25.933333	0.5	6.461550
25.941667	0.5	6.459350
25.950000	0.5	6.462000
25.958333	0.5	6.460200
25.966667	0.5	6.455350
25.975000	0.5	6.455850
25.983333	0.5	6.456650
25.991667	0.5	6.455000
26.000000	0.5	6.455450
26.008333	0.5	6.459950
26.016667	0.5	6.453750
26.025000	0.5	6.456050
26.033333	0.5	6.456600
26.041667	0.5	6.458100
26.050000	0.5	6.457300
26.058333	0.5	6.458800
26.066667	0.5	6.457250
26.075000	0.5	6.452650
26.083333	0.5	6.454650
26.091667	0.5	6.454450
26.100000	0.5	6.453900
26.108333	0.5	6.454150
26.116667	0.5	6.453600
26.125000	0.5	6.452450
26.133333	0.5	6.454150
26.141667	0.5	6.456650
26.150000	0.5	6.456250
26.158333	0.5	6.457900
26.166667	0.5	6.456000
26.175000	0.5	6.454700
26.183333	0.5	6.457950
26.191667	0.5	6.456650
26.200000	0.5	6.457000
26.208333	0.5	6.455950
26.216667	0.5	6.453050
26.225000	0.5	6.454350
26.233333	0.5	6.456350
26.241667	0.5	6.455250
26.250000	0.5	6.453000
26.258333	0.5	6.455600
26.266667	0.5	6.454800
26.275000	0.5	6.453850
26.283333	0.5	6.455650
26.291667	0.5	6.459500
26.300000	0.5	6.452600
26.308333	0.5	6.454750
26.316667	0.5	6.454100
26.325000	0.5	6.455050
26.333333	0.5	6.456000
26.341667	0.5	6.455450
26.350000	0.5	6.453500
26.358333	0.5	6.457100
26.366667	0.5	6.457000
26.375000	0.5	6.455350
26.383333	0.5	6.457550
26.391667	0.5	6.460700
26.400000	0.5	6.457500
26.408333	0.5	6.461550
26.416667	0.5	6.456400
26.425000	0.5	6.460800
26.433333	0.5	6.455700
26.441667	0.5	6.456250
26.450000	0.5	6.455750
26.458333	0.5	6.458200
26.466667	0.5	6.458250
26.475000	0.5	6.453500
26.483333	0.5	6.457400
26.491667	0.5	6.454850
26.500000	0.5	6.461300
26.508333	0.5	6.458550
26.516667	0.5	6.463200
26.525000	0.5	6.460700
26.533333	0.5	6.465500
26.541667	0.5	6.460500
26.550000	0.5	6.462350
26.558333	0.5	6.457750
26.566667	0.5	6.459450
26.575000	0.5	6.458050
26.583333	0.5	6.459600
26.591667	0.5	6.462350
26.600000	0.5	6.462500
26.608333	0.5	6.463750
26.616667	0.5	6.464950
26.625000	0.5	6.466300
26.633333	0.5	6.459100
26.641667	0.5	6.466600
26.650000	0.5	6.465650
26.658333	0.5	6.467750
26.666667	0.5	6.468200
26.675000	0.5	6.469850
26.683333	0.5	6.466300
26.691667	0.5	6.467950
26.700000	0.5	6.468850
26.708333	0.5	6.474550
26.716667	0.5	6.470550
26.725000	0.5	6.472350
26.733333	0.5	6.471150
26.741667	0.5	6.472850
26.750000	0.5	6.471150
26.758333	0.5	6.472900
26.766667	0.5	6.468450
26.775000	0.5	6.473450
26.783333	0.5	6.467950
26.791667	0.5	6.469300
26.800000	0.5	6.470750
26.808333	0.5	6.467750
26.816667	0.5	6.465000
26.825000	0.5	6.464350
26.833333	0.5	6.455900
26.841667	0.5	6.454050
26.850000	0.5	6.448350
26.858333	0.5	6.444700
26.866667	0.5	6.444600
26.875000	0.5	6.442650
26.883333	0.5	6.437900
26.891667	0.5	6.430500
26.900000	0.5	6.429150
26.908333	0.5	6.426850
26.916667	0.5	6.426050
26.925000	0.5	6.415200
26.933333	0.5	6.413350
26.941667	0.5	6.406300
26.950000	0.5	6.404800
26.958333	0.5	6.396600
26.966667	0.5	6.397000
26.975000	0.5	6.392700
26.983333	0.5	6.393400
26.991667	0.5	6.388200
27.000000	0.5	6.387350
27.008333	0.5	6.384650
27.016667	0.5	6.382950
27.025000	0.5	6.379900
27.033333	0.5	6.380200
27.041667	0.5	6.381250
27.050000	0.5	6.379750
27.058333	0.5	6.377850
27.066667	0.5	6.373500
27.075000	0.5	6.373200
27.083333	0.5	6.372100
27.091667	0.5	6.380350
27.100000	0.5	6.371950
27.108333	0.5	6.372100
27.116667	0.5	6.375700
27.125000	0.5	6.370000
27.133333	0.5	6.370900
27.141667	0.5	6.370050
27.150000	0.5	6.370050
27.158333	0.5	6.366400
27.166667	0.5	6.372250
27.175000	0.5	6.373250
27.183333	0.5	6.371300
27.191667	0.5	6.373750
27.200000	0.5	6.368850
27.208333	0.5	6.368500
27.216667	0.5	6.369250
27.225000	0.5	6.371150
27.233333	0.5	6.372100
27.241667	0.5	6.373550
27.250000	0.5	6.369850
27.258333	0.5	6.366900
27.266667	0.5	6.370350
27.275000	0.5	6.367950
27.283333	0.5	6.370850
27.291667	0.5	6.371800
27.300000	0.5	6.377250
27.308333	0.5	6.372000
27.316667	0.5	6.372450
27.325000	0.5	6.370750
27.333333	0.5	6.373450
27.341667	0.5	6.369150
27.350000	0.5	6.375100
27.358333	0.5	6.369400
27.366667	0.5	6.371950
27.375000	0.5	6.376650
27.383333	0.5	6.375650
27.391667	0.5	6.376400
27.400000	0.5	6.371600
27.408333	0.5	6.373250
27.416667	0.5	6.373850
27.425000	0.5	6.377700
27.433333	0.5	6.379450
27.441667	0.5	6.377350
27.450000	0.5	6.375450
27.458333	0.5	6.377350
27.466667	0.5	6.379650
27.475000	0.5	6.379550
27.483333	0.5	6.382650
27.491667	0.5	6.379550
27.500000	0.5	6.378900
27.508333	0.5	6.383700
27.516667	0.5	6.376950
27.525000	0.5	6.383750
27.533333	0.5	6.381850
27.541667	0.5	6.386000
27.550000	0.5	6.383950
27.558333	0.5	6.389700
27.566667	0.5	6.392850
27.575000	0.5	6.386450
27.583333	0.5	6.393550
27.591667	0.5	6.396650
27.600000	0.5	6.398300
27.608333	0.5	6.397350
27.616667	0.5	6.397800
27.625000	0.5	6.396050
27.633333	0.5	6.397750
27.641667	0.5	6.394500
27.650000	0.5	6.402100
27.658333	0.5	6.401650
27.666667	0.5	6.407350
27.675000	0.5	6.401900
27.683333	0.5	6.404800
27.691667	0.5	6.404150
27.700000	0.5	6.405350
27.708333	0.5	6.401150
27.716667	0.5	6.398350
27.725000	0.5	6.398200
27.733333	0.5	6.401450
27.741667	0.5	6.400600
27.750000	0.5	6.402400
27.758333	0.5	6.402150
27.766667	0.5	6.401050
27.775000	0.5	6.397900
27.783333	0.5	6.400700
27.791667	0.5	6.401900
27.800000	0.5	6.397400
27.808333	0.5	6.397800
27.816667	0.5	6.398000
27.825000	0.5	6.395600
27.833333	0.5	6.392300
27.841667	0.5	6.392500
27.850000	0.5	6.390050
27.858333	0.5	6.393450
27.866667	0.5	6.389550
27.875000	0.5	6.390450
27.883333	0.5	6.393000
27.891667	0.5	6.386750
27.900000	0.5	6.388000
27.908333	0.5	6.387600
27.916667	0.5	6.387550
27.925000	0.5	6.384800
27.933333	0.5	6.383000
27.941667	0.5	6.385500
27.950000	0.5	6.381500
27.958333	0.5	6.384250
27.966667	0.5	6.381700
27.975000	0.5	6.385150
27.983333	0.5	6.383150
27.991667	0.5	6.380650
28.000000	0.5	6.381500
28.008333	0.5	6.376650
28.016667	0.5	6.381850
28.025000	0.5	6.381050
28.033333	0.5	6.382650
28.041667	0.5	6.384950
28.050000	0.5	6.383350
28.058333	0.5	6.383250
28.066667	0.5	6.383350
28.075000	0.5	6.382300
28.083333	0.5	6.381150
28.091667	0.5	6.381550
28.100000	0.5	6.379750
28.108333	0.5	6.380100
28.116667	0.5	6.380100
28.125000	0.5	6.379100
28.133333	0.5	6.380500
28.141667	0.5	6.381600
28.150000	0.5	6.382550
28.158333	0.5	6.384200
28.166667	0.5	6.379850
28.175000	0.5	6.382950
28.183333	0.5	6.380550
28.191667	0.5	6.384150
28.200000	0.5	6.377450
28.208333	0.5	6.380450
28.216667	0.5	6.377700
28.225000	0.5	6.380300
28.233333	0.5	6.380750
28.241667	0.5	6.382850
28.250000	0.5	6.384900
28.258333	0.5	6.380600
28.266667	0.5	6.384900
28.275000	0.5	6.378350
28.283333	0.5	6.381100
28.291667	0.5	6.382950
28.300000	0.5	6.382850
28.308333	0.5	6.385800
28.316667	0.5	6.385550
28.325000	0.5	6.384050
28.333333	0.5	6.387250
28.341667	0.5	6.387900
28.350000	0.5	6.386600
28.358333	0.5	6.387250
28.366667	0.5	6.383850
28.375000	0.5	6.382850
28.383333	0.5	6.381900
28.391667	0.5	6.385250
28.400000	0.5	6.385650
28.408333	0.5	6.384050
28.416667	0.5	6.382100
28.425000	0.5	6.391650
28.433333	0.5	6.388800
28.441667	0.5	6.389000
28.450000	0.5	6.385950
28.458333	0.5	6.389050
28.466667	0.5	6.390750
28.475000	0.5	6.388900
28.483333	0.5	6.389050
28.491667	0.5	6.391400
28.500000	0.5	6.394200
28.508333	0.5	6.397150
28.516667	0.5	6.394350
28.525000	0.5	6.396750
28.533333	0.5	6.399100
28.541667	0.5	6.397800
28.550000	0.5	6.398950
28.558333	0.5	6.398150
28.566667	0.5	6.397200
28.575000	0.5	6.397750
28.583333	0.5	6.398100
28.591667	0.5	6.400000
28.600000	0.5	6.397500
28.608333	0.5	6.400950
28.616667	0.5	6.398550
28.625000	0.5	6.404350
28.633333	0.5	6.402250
28.641667	0.5	6.403600
28.650000	0.5	6.400250
28.658333	0.5	6.402650
28.666667	0.5	6.404000
28.675000	0.5	6.404000
28.683333	0.5	6.406800
28.691667	0.5	6.406550
28.700000	0.5	6.410250
28.708333	0.5	6.406650
28.716667	0.5	6.411150
28.725000	0.5	6.412100
28.733333	0.5	6.413500
28.741667	0.5	6.417150
28.750000	0.5	6.415000
28.758333	0.5	6.410100
28.766667	0.5	6.415800
28.775000	0.5	6.417450
28.783333	0.5	6.418600
28.791667	0.5	6.420350
28.800000	0.5	6.423600
28.808333	0.5	6.425000
28.816667	0.5	6.425700
28.825000	0.5	6.424800
28.833333	0.5	6.425600
28.841667	0.5	6.428350
28.850000	0.5	6.432150
28.858333	0.5	6.431850
28.866667	0.5	6.433800
28.875000	0.5	6.438100
28.883333	0.5	6.435650
28.891667	0.5	6.438550
28.900000	0.5	6.441150
28.908333	0.5	6.440700
28.916667	0.5	6.447100
28.925000	0.5	6.445400
28.933333	0.5	6.445850
28.941667	0.5	6.446500
28.950000	0.5	6.450150
28.958333	0.5	6.454200
28.966667	0.5	6.448350
28.975000	0.5	6.451750
28.983333	0.5	6.450100
28.991667	0.5	6.455250
29.000000	0.5	6.457600
29.008333	0.5	6.456000
29.016667	0.5	6.459000
29.025000	0.5	6.457750
29.033333	0.5	6.458100
29.041667	0.5	6.460450
29.050000	0.5	6.459350
29.058333	0.5	6.460500
29.066667	0.5	6.452250
29.075000	0.5	6.456500
29.083333	0.5	6.458000
29.091667	0.5	6.456850
29.100000	0.5	6.456000
29.108333	0.5	6.456500
29.116667	0.5	6.457350
29.125000	0.5	6.451050
29.133333	0.5	6.455100
29.141667	0.5	6.453450
29.150000	0.5	6.449050
29.158333	0.5	6.448250
29.166667	0.5	6.450750
29.175000	0.5	6.447050
29.183333	0.5	6.451250
29.191667	0.5	6.449500
29.200000	0.5	6.449500
29.208333	0.5	6.452950
29.216667	0.5	6.447350
29.225000	0.5	6.449800
29.233333	0.5	6.445500
29.241667	0.5	6.445650
29.250000	0.5	6.440900
29.258333	0.5	6.445800
29.266667	0.5	6.443450
29.275000	0.5	6.445050
29.283333	0.5	6.448600
29.291667	0.5	6.451100
29.300000	0.5	6.451000
29.308333	0.5	6.448000
29.316667	0.5	6.448900
29.325000	0.5	6.447950
29.333333	0.5	6.446200
29.341667	0.5	6.449300
29.350000	0.5	6.446550
29.358333	0.5	6.448100
29.366667	0.5	6.447400
29.375000	0.5	6.453600
29.383333	0.5	6.447600
29.391667	0.5	6.450450
29.400000	0.5	6.451150
29.408333	0.5	6.450700
29.416667	0.5	6.447600
29.425000	0.5	6.448200
29.433333	0.5	6.449200
29.441667	0.5	6.446450
29.450000	0.5	6.446750
29.458333	0.5	6.453100
29.466667	0.5	6.447450
29.475000	0.5	6.447500
29.483333	0.5	6.449950
29.491667	0.5	6.448800
29.500000	0.5	6.449300
29.508333	0.5	6.449550
29.516667	0.5	6.454300
29.525000	0.5	6.447250
29.533333	0.5	6.446200
29.541667	0.5	6.447650
29.550000	0.5	6.450900
29.558333	0.5	6.447750
29.566667	0.5	6.453500
29.575000	0.5	6.451200
29.583333	0.5	6.455600
29.591667	0.5	6.450450
29.600000	0.5	6.452750
29.608333	0.5	6.457700
29.616667	0.5	6.455100
29.625000	0.5	6.457150
29.633333	0.5	6.458400
29.641667	0.5	6.452900
29.650000	0.5	6.452350
29.658333	0.5	6.453650
29.666667	0.5	6.456550
29.675000	0.5	6.459400
29.683333	0.5	6.459350
29.691667	0.5	6.461900
29.700000	0.5	6.457500
29.708333	0.5	6.461500
29.716667	0.5	6.462350
29.725000	0.5	6.461100
29.733333	0.5	6.462700
29.741667	0.5	6.460050
29.750000	0.5	6.460350
29.758333	0.5	6.465900
29.766667	0.5	6.465800
29.775000	0.5	6.465150
29.783333	0.5	6.470650
29.791667	0.5	6.466050
29.800000	0.5	6.467900
29.808333	0.5	6.464050
29.816667	0.5	6.468750
29.825000	0.5	6.465500
29.833333	0.5	6.467150
29.841667	0.5	6.466500
29.850000	0.5	6.464800
29.858333	0.5	6.467050
29.866667	0.5	6.470100
29.875000	0.5	6.470750
29.883333	0.5	6.472050
29.891667	0.5	6.472750
29.900000	0.5	6.468400
29.908333	0.5	6.466650
29.916667	0.5	6.468350
29.925000	0.5	6.467500
29.933333	0.5	6.473750
29.941667	0.5	6.471450
29.950000	0.5	6.473250
29.958333	0.5	6.476850
29.966667	0.5	6.477300
29.975000	0.5	6.479150
29.983333	0.5	6.476700
29.991667	0.5	6.481200
30.000000	0.5	6.476550
30.008333	0.5	6.475700
30.016667	0.5	6.475150
30.025000	0.5	6.475350
30.033333	0.5	6.470650
30.041667	0.5	6.476500
30.050000	0.5	6.475400
30.058333	0.5	6.478800
30.066667	0.5	6.477150
30.075000	0.5	6.479750
30.083333	0.5	6.476750
30.091667	0.5	6.477300
30.100000	0.5	6.477600
30.108333	0.5	6.476150
30.116667	0.5	6.476350
30.125000	0.5	6.476500
30.133333	0.5	6.476450
30.141667	0.5	6.477300
30.150000	0.5	6.474300
30.158333	0.5	6.477950
30.166667	0.5	6.477250
30.175000	0.5	6.478950
30.183333	0.5	6.476450
30.191667	0.5	6.479500
30.200000	0.5	6.478700
30.208333	0.5	6.475600
30.216667	0.5	6.477000
30.225000	0.5	6.475100
30.233333	0.5	6.471950
30.241667	0.5	6.478850
30.250000	0.5	6.480550
30.258333	0.5	6.479350
30.266667	0.5	6.480600
30.275000	0.5	6.478900
30.283333	0.5	6.478100
30.291667	0.5	6.477600
30.300000	0.5	6.481500
30.308333	0.5	6.478600
30.316667	0.5	6.480100
30.325000	0.5	6.478550
30.333333	0.5	6.477100
30.341667	0.5	6.478700
30.350000	0.5	6.477600
30.358333	0.5	6.479800
30.366667	0.5	6.476100
30.375000	0.5	6.479050
30.383333	0.5	6.479150
30.391667	0.5	6.472450
30.400000	0.5	6.476150
30.408333	0.5	6.476700
30.416667	0.5	6.475950
30.425000	0.5	6.475450
30.433333	0.5	6.479150
30.441667	0.5	6.478350
30.450000	0.5	6.475700
30.458333	0.5	6.476100
30.466667	0.5	6.477100
30.475000	0.5	6.474350
30.483333	0.5	6.472900
30.491667	0.5	6.472900
30.500000	0.5	6.470800
30.508333	0.5	6.470250
30.516667	0.5	6.469850
30.525000	0.5	6.468150
30.533333	0.5	6.467200
30.541667	0.5	6.472150
30.550000	0.5	6.469200
30.558333	0.5	6.472950
30.566667	0.5	6.469000
30.575000	0.5	6.468450
30.583333	0.5	6.470050
30.591667	0.5	6.464300
30.600000	0.5	6.467100
30.608333	0.5	6.466950
30.616667	0.5	6.463500
30.625000	0.5	6.468750
30.633333	0.5	6.464800
30.641667	0.5	6.465100
30.650000	0.5	6.464250
30.658333	0.5	6.468300
30.666667	0.5	6.465900
30.675000	0.5	6.466850
30.683333	0.5	6.465500
30.691667	0.5	6.464100
30.700000	0.5	6.462700
30.708333	0.5	6.459700
30.716667	0.5	6.460800
30.725000	0.5	6.463650
30.733333	0.5	6.467850
30.741667	0.5	6.463650
30.750000	0.5	6.462250
30.758333	0.5	6.461200
30.766667	0.5	6.459550
30.775000	0.5	6.457650
30.783333	0.5	6.458550
30.791667	0.5	6.457450
30.800000	0.5	6.458150
30.808333	0.5	6.454350
30.816667	0.5	6.456900
30.825000	0.5	6.452450
30.833333	0.5	6.459150
30.841667	0.5	6.455950
30.850000	0.5	6.455850
30.858333	0.5	6.455150
30.866667	0.5	6.453450
30.875000	0.5	6.450450
30.883333	0.5	6.451050
30.891667	0.5	6.449500
30.900000	0.5	6.451050
30.908333	0.5	6.452800
30.916667	0.5	6.451750
30.925000	0.5	6.452600
30.933333	0.5	6.458450
30.941667	0.5	6.453650
30.950000	0.5	6.452050
30.958333	0.5	6.453550
30.966667	0.5	6.451550
30.975000	0.5	6.448650
30.983333	0.5	6.450600
30.991667	0.5	6.448050
31.000000	0.5	6.445950
31.008333	0.5	6.448100
31.016667	0.5	6.450200
31.025000	0.5	6.449250
31.033333	0.5	6.449500
31.041667	0.5	6.448500
31.050000	0.5	6.448350
31.058333	0.5	6.449650
31.066667	0.5	6.448950
31.075000	0.5	6.444600
31.083333	0.5	6.448900
31.091667	0.5	6.445250
31.100000	0.5	6.445100
31.108333	0.5	6.446650
31.116667	0.5	6.443750
31.125000	0.5	6.449300
31.133333	0.5	6.445900
31.141667	0.5	6.444600
31.150000	0.5	6.446050
31.158333	0.5	6.444250
31.166667	0.5	6.444600
31.175000	0.5	6.444500
31.183333	0.5	6.447100
31.191667	0.5	6.444150
31.200000	0.5	6.448600
31.208333	0.5	6.447100
31.216667	0.5	6.448100
31.225000	0.5	6.445200
31.233333	0.5	6.445700
31.241667	0.5	6.445000
31.250000	0.5	6.444150
31.258333	0.5	6.441650
31.266667	0.5	6.443500
31.275000	0.5	6.445000
31.283333	0.5	6.444950
31.291667	0.5	6.446150
31.300000	0.5	6.441100
31.308333	0.5	6.442300
31.316667	0.5	6.442250
31.325000	0.5	6.444500
31.333333	0.5	6.435600
31.341667	0.5	6.435550
31.350000	0.5	6.437050
31.358333	0.5	6.433850
31.366667	0.5	6.429450
31.375000	0.5	6.428900
31.383333	0.5	6.426900
31.391667	0.5	6.424350
31.400000	0.5	6.421150
31.408333	0.5	6.420750
31.416667	0.5	6.414650
31.425000	0.5	6.410500
31.433333	0.5	6.414400
31.441667	0.5	6.399300
31.450000	0.5	6.400700
31.458333	0.5	6.392000
31.466667	0.5	6.385300
31.475000	0.5	6.382150
31.483333	0.5	6.380350
31.491667	0.5	6.374950
31.500000	0.5	6.371550
31.508333	0.5	6.366200
31.516667	0.5	6.367450
31.525000	0.5	6.354300
31.533333	0.5	6.356350
31.541667	0.5	6.354550
31.550000	0.5	6.351450
31.558333	0.5	6.346000
31.566667	0.5	6.341500
31.575000	0.5	6.341250
31.583333	0.5	6.338650
31.591667	0.5	6.342000
31.600000	0.5	6.340500
31.608333	0.5	6.338850
31.616667	0.5	6.340500
31.625000	0.5	6.336650
31.633333	0.5	6.337600
31.641667	0.5	6.337200
31.650000	0.5	6.333400
31.658333	0.5	6.338000
31.666667	0.5	6.337300
31.675000	0.5	6.339800
31.683333	0.5	6.339300
31.691667	0.5	6.346300
31.700000	0.5	6.347800
31.708333	0.5	6.353450
31.716667	0.5	6.356650
31.725000	0.5	6.357150
31.733333	0.5	6.364650
31.741667	0.5	6.365650
31.750000	0.5	6.365050
31.758333	0.5	6.372100
31.766667	0.5	6.377750
31.775000	0.5	6.380250
31.783333	0.5	6.382050
31.791667	0.5	6.390850
31.800000	0.5	6.392700
31.808333	0.5	6.398500
31.816667	0.5	6.398250
31.825000	0.5	6.403700
31.833333	0.5	6.403450
31.841667	0.5	6.409700
31.850000	0.5	6.412900
31.858333	0.5	6.416150
31.866667	0.5	6.416900
31.875000	0.5	6.420050
31.883333	0.5	6.425250
31.891667	0.5	6.425500
31.900000	0.5	6.424650
31.908333	0.5	6.427350
31.916667	0.5	6.428400
31.925000	0.5	6.432650
31.933333	0.5	6.432500
31.941667	0.5	6.431200
31.950000	0.5	6.428200
31.958333	0.5	6.430100
31.966667	0.5	6.433100
31.975000	0.5	6.433900
31.983333	0.5	6.438200
31.991667	0.5	6.435650
32.000000	0.5	6.436300
32.008333	0.5	6.433100
32.016667	0.5	6.436650
32.025000	0.5	6.435300
32.033333	0.5	6.433350
32.041667	0.5	6.439500
32.050000	0.5	6.438000
32.058333	0.5	6.437250
32.066667	0.5	6.438800
32.075000	0.5	6.443700
32.083333	0.5	6.445500
32.091667	0.5	6.448750
32.100000	0.5	6.445900
32.108333	0.5	6.449050
32.116667	0.5	6.446050
32.125000	0.5	6.447100
32.133333	0.5	6.447750
32.141667	0.5	6.452000
32.150000	0.5	6.450250
32.158333	0.5	6.453700
32.166667	0.5	6.454600
32.175000	0.5	6.458950
32.183333	0.5	6.460100
32.191667	0.5	6.461400
32.200000	0.5	6.465650
32.208333	0.5	6.470150
32.216667	0.5	6.464550
32.225000	0.5	6.467600
32.233333	0.5	6.470050
32.241667	0.5	6.471650
32.250000	0.5	6.476150
32.258333	0.5	6.474150
32.266667	0.5	6.480450
32.275000	0.5	6.486000
32.283333	0.5	6.485200
32.291667	0.5	6.488150
32.300000	0.5	6.487750
32.308333	0.5	6.493250
32.316667	0.5	6.490250
32.325000	0.5	6.494500
32.333333	0.5	6.500300
32.341667	0.5	6.498650
32.350000	0.5	6.502450
32.358333	0.5	6.503800
32.366667	0.5	6.509150
32.375000	0.5	6.509550
32.383333	0.5	6.513900
32.391667	0.5	6.514200
32.400000	0.5	6.517350
32.408333	0.5	6.516250
32.416667	0.5	6.522500
32.425000	0.5	6.519950
32.433333	0.5	6.522700
32.441667	0.5	6.522800
32.450000	0.5	6.528450
32.458333	0.5	6.526750
32.466667	0.5	6.532200
32.475000	0.5	6.531250
32.483333	0.5	6.534150
32.491667	0.5	6.538650
32.500000	0.5	6.539200
32.508333	0.5	6.541200
32.516667	0.5	6.540300
32.525000	0.5	6.542550
32.533333	0.5	6.537800
32.541667	0.5	6.545250
32.550000	0.5	6.546400
32.558333	0.5	6.551900
32.566667	0.5	6.549800
32.575000	0.5	6.551150
32.583333	0.5	6.551500
32.591667	0.5	6.557200
32.600000	0.5	6.555700
32.608333	0.5	6.552900
32.616667	0.5	6.554200
32.625000	0.5	6.558650
32.633333	0.5	6.557300
32.641667	0.5	6.562000
32.650000	0.5	6.560950
32.658333	0.5	6.564950
32.666667	0.5	6.561150
32.675000	0.5	6.562600
32.683333	0.5	6.572450
32.691667	0.5	6.569400
32.700000	0.5	6.569750
32.708333	0.5	6.570800
32.716667	0.5	6.570950
32.725000	0.5	6.575400
32.733333	0.5	6.572350
32.741667	0.5	6.576500
32.750000	0.5	6.580200
32.758333	0.5	6.581050
32.766667	0.5	6.581550
32.775000	0.5	6.580650
32.783333	0.5	6.584150
32.791667	0.5	6.583350
32.800000	0.5	6.585800
32.808333	0.5	6.583750
32.816667	0.5	6.587000
32.825000	0.5	6.583000
32.833333	0.5	6.581650
32.841667	0.5	6.578250
32.850000	0.5	6.556900
32.858333	0.5	6.523100
32.866667	0.5	6.498300
32.875000	0.5	6.481900
32.883333	0.5	6.472900
32.891667	0.5	6.466850
32.900000	0.5	6.460350
32.908333	0.5	6.457650
32.916667	0.5	6.454850
32.925000	0.5	6.447400
32.933333	0.5	6.445950
32.941667	0.5	6.441400
32.950000	0.5	6.436200
32.958333	0.5	6.437950
32.966667	0.5	6.430650
32.975000	0.5	6.426550
32.983333	0.5	6.427100
32.991667	0.5	6.421500
33.000000	0.5	6.419450
33.008333	0.5	6.416850
33.016667	0.5	6.415100
33.025000	0.5	6.411850
33.033333	0.5	6.411200
33.041667	0.5	6.404750
33.050000	0.5	6.404300
33.058333	0.5	6.400600
33.066667	0.5	6.400400
33.075000	0.5	6.399450
33.083333	0.5	6.400050
33.091667	0.5	6.398350
33.100000	0.5	6.395400
33.108333	0.5	6.393600
33.116667	0.5	6.401550
33.125000	0.5	6.397800
33.133333	0.5	6.396450
33.141667	0.5	6.393600
33.150000	0.5	6.392350
33.158333	0.5	6.390200
33.166667	0.5	6.388450
33.175000	0.5	6.387250
33.183333	0.5	6.389500
33.191667	0.5	6.386600
33.200000	0.5	6.381600
33.208333	0.5	6.381900
33.216667	0.5	6.385050
33.225000	0.5	6.384400
33.233333	0.5	6.383300
33.241667	0.5	6.380000
33.250000	0.5	6.379450
33.258333	0.5	6.377200
33.266667	0.5	6.374700
33.275000	0.5	6.378800
33.283333	0.5	6.375100
33.291667	0.5	6.371550
33.300000	0.5	6.372300
33.308333	0.5	6.372300
33.316667	0.5	6.372200
33.325000	0.5	6.373750
33.333333	0.5	6.376550
33.341667	0.5	6.367000
33.350000	0.5	6.366600
33.358333	0.5	6.367900
33.366667	0.5	6.365050
33.375000	0.5	6.366550
33.383333	0.5	6.371050
33.391667	0.5	6.363950
33.400000	0.5	6.364750
33.408333	0.5	6.362100
33.416667	0.5	6.366800
33.425000	0.5	6.366150
33.433333	0.5	6.367600
33.441667	0.5	6.361300
33.450000	0.5	6.362500
33.458333	0.5	6.363050
33.466667	0.5	6.370900
33.475000	0.5	6.366500
33.483333	0.5	6.366400
33.491667	0.5	6.360000
33.500000	0.5	6.365950
33.508333	0.5	6.369600
33.516667	0.5	6.371650
33.525000	0.5	6.372600
33.533333	0.5	6.368300
33.541667	0.5	6.370700
33.550000	0.5	6.368250
33.558333	0.5	6.369000
33.566667	0.5	6.367600
33.575000	0.5	6.370750
33.583333	0.5	6.370550
33.591667	0.5	6.369850
33.600000	0.5	6.371150
33.608333	0.5	6.369050
33.616667	0.5	6.370050
33.625000	0.5	6.370300
33.633333	0.5	6.368650
33.641667	0.5	6.367950
33.650000	0.5	6.366400
33.658333	0.5	6.364850
33.666667	0.5	6.360750
33.675000	0.5	6.362150
33.683333	0.5	6.358000
33.691667	0.5	6.359950
33.700000	0.5	6.355700
33.708333	0.5	6.352550
33.716667	0.5	6.349300
33.725000	0.5	6.346000
33.733333	0.5	6.342300
33.741667	0.5	6.341550
33.750000	0.5	6.338900
33.758333	0.5	6.333950
33.766667	0.5	6.335900
33.775000	0.5	6.331500
33.783333	0.5	6.328200
33.791667	0.5	6.326700
33.800000	0.5	6.321200
33.808333	0.5	6.324900
33.816667	0.5	6.321050
33.825000	0.5	6.319850
33.833333	0.5	6.316900
33.841667	0.5	6.314200
33.850000	0.5	6.313850
33.858333	0.5	6.309400
33.866667	0.5	6.308450
33.875000	0.5	6.304100
33.883333	0.5	6.304100
33.891667	0.5	6.301800
33.900000	0.5	6.303100
33.908333	0.5	6.297500
33.916667	0.5	6.298700
33.925000	0.5	6.293850
33.933333	0.5	6.295200
33.941667	0.5	6.295900
33.950000	0.5	6.290700
33.958333	0.5	6.293550
33.966667	0.5	6.290900
33.975000	0.5	6.291150
33.983333	0.5	6.288050
33.991667	0.5	6.291700
34.000000	0.5	6.290200
34.008333	0.5	6.291400
34.016667	0.5	6.288050
34.025000	0.5	6.291000
34.033333	0.5	6.284700
34.041667	0.5	6.287100
34.050000	0.5	6.288200
34.058333	0.5	6.285750
34.066667	0.5	6.285350
34.075000	0.5	6.289500
34.083333	0.5	6.284050
34.091667	0.5	6.285950
34.100000	0.5	6.284300
34.108333	0.5	6.284700
34.116667	0.5	6.283900
34.125000	0.5	6.279250
34.133333	0.5	6.279250
34.141667	0.5	6.279250
34.150000	0.5	6.278500
34.158333	0.5	6.276250
34.166667	0.5	6.278300
34.175000	0.5	6.279050
34.183333	0.5	6.277250
34.191667	0.5	6.285350
34.200000	0.5	6.278750
34.208333	0.5	6.276000
34.216667	0.5	6.274750
34.225000	0.5	6.276750
34.233333	0.5	6.274300
34.241667	0.5	6.271300
34.250000	0.5	6.272650
34.258333	0.5	6.271850
34.266667	0.5	6.274250
34.275000	0.5	6.274950
34.283333	0.5	6.273900
34.291667	0.5	6.266300
34.300000	0.5	6.268450
34.308333	0.5	6.271250
34.316667	0.5	6.270600
34.325000	0.5	6.269550
34.333333	0.5	6.268550
34.341667	0.5	6.271800
34.350000	0.5	6.263250
34.358333	0.5	6.263000
34.366667	0.5	6.265450
34.375000	0.5	6.266400
34.383333	0.5	6.267300
34.391667	0.5	6.266050
34.400000	0.5	6.260150
34.408333	0.5	6.263950
34.416667	0.5	6.260050
34.425000	0.5	6.253950
34.433333	0.5	6.259650
34.441667	0.5	6.259500
34.450000	0.5	6.253650
34.458333	0.5	6.258850
34.466667	0.5	6.257550
34.475000	0.5	6.255700
34.483333	0.5	6.254500
34.491667	0.5	6.252200
34.500000	0.5	6.249550
34.508333	0.5	6.250700
34.516667	0.5	6.244650
34.525000	0.5	6.245800
34.533333	0.5	6.246200
34.541667	0.5	6.243550
34.550000	0.5	6.246400
34.558333	0.5	6.247250
34.566667	0.5	6.243100
34.575000	0.5	6.242900
34.583333	0.5	6.244700
34.591667	0.5	6.238850
34.600000	0.5	6.240350
34.608333	0.5	6.238950
34.616667	0.5	6.234700
34.625000	0.5	6.238400
34.633333	0.5	6.237050
34.641667	0.5	6.233250
34.650000	0.5	6.232550
34.658333	0.5	6.235450
34.666667	0.5	6.231800
34.675000	0.5	6.236450
34.683333	0.5	6.227400
34.691667	0.5	6.229950
34.700000	0.5	6.229900
34.708333	0.5	6.226350
34.716667	0.5	6.225150
34.725000	0.5	6.224850
34.733333	0.5	6.227000
34.741667	0.5	6.229200
34.750000	0.5	6.219200
34.758333	0.5	6.222950
34.766667	0.5	6.219750
34.775000	0.5	6.225050
34.783333	0.5	6.225250
34.791667	0.5	6.219750
34.800000	0.5	6.220700
34.808333	0.5	6.217500
34.816667	0.5	6.215950
34.825000	0.5	6.217050
34.833333	0.5	6.210350
34.841667	0.5	6.208850
34.850000	0.5	6.206600
34.858333	0.5	6.210650
34.866667	0.5	6.214750
34.875000	0.5	6.209350
34.883333	0.5	6.211450
34.891667	0.5	6.206000
34.900000	0.5	6.208600
34.908333	0.5	6.210300
34.916667	0.5	6.207850
34.925000	0.5	6.207200
34.933333	0.5	6.207750
34.941667	0.5	6.207900
34.950000	0.5	6.210750
34.958333	0.5	6.208850
34.966667	0.5	6.207450
34.975000	0.5	6.207450
34.983333	0.5	6.205800
34.991667	0.5	6.206700
35.000000	0.5	6.204100
35.008333	0.5	6.206800
35.016667	0.5	6.205400
35.025000	0.5	6.204150
35.033333	0.5	6.206800
35.041667	0.5	6.204150
35.050000	0.5	6.212850
35.058333	0.5	6.206950
35.066667	0.5	6.206100
35.075000	0.5	6.204850
35.083333	0.5	6.205750
35.091667	0.5	6.205950
35.100000	0.5	6.201050
35.108333	0.5	6.199200
35.116667	0.5	6.196600
35.125000	0.5	6.200850
35.133333	0.5	6.201850
35.141667	0.5	6.199800
35.150000	0.5	6.198900
35.158333	0.5	6.201400
35.166667	0.5	6.197150
35.175000	0.5	6.193200
35.183333	0.5	6.192650
35.191667	0.5	6.195900
35.200000	0.5	6.193800
35.208333	0.5	6.191250
35.216667	0.5	6.190950
35.225000	0.5	6.193600
35.233333	0.5	6.197550
35.241667	0.5	6.189850
35.250000	0.5	6.194150
35.258333	0.5	6.191000
35.266667	0.5	6.189050
35.275000	0.5	6.189000
35.283333	0.5	6.189800
35.291667	0.5	6.186000
35.300000	0.5	6.187400
35.308333	0.5	6.182150
35.316667	0.5	6.186950
35.325000	0.5	6.184700
35.333333	0.5	6.186850
35.341667	0.5	6.185400
35.350000	0.5	6.182000
35.358333	0.5	6.183700
35.366667	0.5	6.192200
35.375000	0.5	6.183050
35.383333	0.5	6.180600
35.391667	0.5	6.181850
35.400000	0.5	6.181050
35.408333	0.5	6.181150
35.416667	0.5	6.179950
35.425000	0.5	6.181950
35.433333	0.5	6.183000
35.441667	0.5	6.179200
35.450000	0.5	6.175900
35.458333	0.5	6.180550
35.466667	0.5	6.180050
35.475000	0.5	6.176750
35.483333	0.5	6.173700
35.491667	0.5	6.178400
35.500000	0.5	6.178100
35.508333	0.5	6.177750
35.516667	0.5	6.179050
35.525000	0.5	6.178350
35.533333	0.5	6.178600
35.541667	0.5	6.179750
35.550000	0.5	6.178150
35.558333	0.5	6.177350
35.566667	0.5	6.175300
35.575000	0.5	6.176200
35.583333	0.5	6.170050
35.591667	0.5	6.174450
35.600000	0.5	6.175700
35.608333	0.5	6.173850
35.616667	0.5	6.170600
35.625000	0.5	6.171950
35.633333	0.5	6.174800
35.641667	0.5	6.168000
35.650000	0.5	6.169900
35.658333	0.5	6.167550
35.666667	0.5	6.162300
35.675000	0.5	6.158200
35.683333	0.5	6.162850
35.691667	0.5	6.158000
35.700000	0.5	6.161000
35.708333	0.5	6.157700
35.716667	0.5	6.157650
35.725000	0.5	6.158550
35.733333	0.5	6.155100
35.741667	0.5	6.155850
35.750000	0.5	6.150250
35.758333	0.5	6.152300
35.766667	0.5	6.149200
35.775000	0.5	6.148200
35.783333	0.5	6.146250
35.791667	0.5	6.146350
35.800000	0.5	6.142350
35.808333	0.5	6.144200
35.816667	0.5	6.143250
35.825000	0.5	6.143600
35.833333	0.5	6.142200
35.841667	0.5	6.141200
35.850000	0.5	6.139850
35.858333	0.5	6.137700
35.866667	0.5	6.141550
35.875000	0.5	6.138700
35.883333	0.5	6.134700
35.891667	0.5	6.133500
35.900000	0.5	6.138600
35.908333	0.5	6.132550
35.916667	0.5	6.135400
35.925000	0.5	6.139850
35.933333	0.5	6.130900
35.941667	0.5	6.133000
35.950000	0.5	6.132200
35.958333	0.5	6.137100
35.966667	0.5	6.132650
35.975000	0.5	6.130200
35.983333	0.5	6.130200
35.991667	0.5	6.129650
36.000000	0.5	6.129150
36.008333	0.5	6.131850
36.016667	0.5	6.128850
36.025000	0.5	6.128400
36.033333	0.5	6.132900
36.041667	0.5	6.136950
36.050000	0.5	6.126700
36.058333	0.5	6.128200
36.066667	0.5	6.126750
36.075000	0.5	6.128150
36.083333	0.5	6.128100
36.091667	0.5	6.130000
36.100000	0.5	6.126800
36.108333	0.5	6.126750
36.116667	0.5	6.126450
36.125000	0.5	6.129150
36.133333	0.5	6.126650
36.141667	0.5	6.128500
36.150000	0.5	6.127700
36.158333	0.5	6.130200
36.166667	0.5	6.126600
36.175000	0.5	6.122150
36.183333	0.5	6.128300
36.191667	0.5	6.125650
36.200000	0.5	6.128250
36.208333	0.5	6.124650
36.216667	0.5	6.122200
36.225000	0.5	6.124950
36.233333	0.5	6.120250
36.241667	0.5	6.120600
36.250000	0.5	6.114550
36.258333	0.5	6.115650
36.266667	0.5	6.105200
36.275000	0.5	6.108550
36.283333	0.5	6.109150
36.291667	0.5	6.109950
36.300000	0.5	6.107800
36.308333	0.5	6.111350
36.316667	0.5	6.105950
36.325000	0.5	6.103150
36.333333	0.5	6.101850
36.341667	0.5	6.095400
36.350000	0.5	6.098450
36.358333	0.5	6.099750
36.366667	0.5	6.097300
36.375000	0.5	6.101450
36.383333	0.5	6.094050
36.391667	0.5	6.093850
36.400000	0.5	6.092850
36.408333	0.5	6.096900
36.416667	0.5	6.099500
36.425000	0.5	6.087900
36.433333	0.5	6.091650
36.441667	0.5	6.089600
36.450000	0.5	6.090250
36.458333	0.5	6.090300
36.466667	0.5	6.096350
36.475000	0.5	6.087000
36.483333	0.5	6.090650
36.491667	0.5	6.085600
36.500000	0.5	6.086600
36.508333	0.5	6.082850
36.516667	0.5	6.085200
36.525000	0.5	6.084000
36.533333	0.5	6.079700
36.541667	0.5	6.082050
36.550000	0.5	6.081300
36.558333	0.5	6.076800
36.566667	0.5	6.080400
36.575000	0.5	6.078600
36.583333	0.5	6.077000
36.591667	0.5	6.074150
36.600000	0.5	6.071900
36.608333	0.5	6.072750
36.616667	0.5	6.072200
36.625000	0.5	6.074200
36.633333	0.5	6.070300
36.641667	0.5	6.067250
36.650000	0.5	6.065950
36.658333	0.5	6.062550
36.666667	0.5	6.066500
36.675000	0.5	6.064500
36.683333	0.5	6.065950
36.691667	0.5	6.065400
36.700000	0.5	6.064600
36.708333	0.5	6.062950
36.716667	0.5	6.062000
36.725000	0.5	6.056450
36.733333	0.5	6.057500
36.741667	0.5	6.057200
36.750000	0.5	6.056100
36.758333	0.5	6.053150
36.766667	0.5	6.053250
36.775000	0.5	6.054850
36.783333	0.5	6.049200
36.791667	0.5	6.050900
36.800000	0.5	6.050350
36.808333	0.5	6.048350
36.816667	0.5	6.043750
36.825000	0.5	6.046800
36.833333	0.5	6.042250
36.841667	0.5	6.041950
36.850000	0.5	6.044650
36.858333	0.5	6.041200
36.866667	0.5	6.042200
36.875000	0.5	6.038900
36.883333	0.5	6.038650
36.891667	0.5	6.038100
36.900000	0.5	6.040250
36.908333	0.5	6.037000
36.916667	0.5	6.032300
36.925000	0.5	6.031050
36.933333	0.5	6.031100
36.941667	0.5	6.029600
36.950000	0.5	6.038600
36.958333	0.5	6.032050
36.966667	0.5	6.033700
36.975000	0.5	6.033050
36.983333	0.5	6.034600
36.991667	0.5	6.030350
37.000000	0.5	6.029100
37.008333	0.5	6.028400
37.016667	0.5	6.021900
37.025000	0.5	6.027250
37.033333	0.5	6.026050
37.041667	0.5	6.024750
37.050000	0.5	6.023750
37.058333	0.5	6.028550
37.066667	0.5	6.030100
37.075000	0.5	6.032350
37.083333	0.5	6.025700
37.091667	0.5	6.025500
37.100000	0.5	6.024700
37.108333	0.5	6.024300
37.116667	0.5	6.023050
37.125000	0.5	6.021950
37.133333	0.5	6.023400
37.141667	0.5	6.026700
37.150000	0.5	6.024950
37.158333	0.5	6.020600
37.166667	0.5	6.022150
37.175000	0.5	6.028200
37.183333	0.5	6.022950
37.191667	0.5	6.019300
37.200000	0.5	6.021150
37.208333	0.5	6.012950
37.216667	0.5	6.012550
37.225000	0.5	6.011550
37.233333	0.5	6.013250
37.241667	0.5	6.016600
37.250000	0.5	6.013150
37.258333	0.5	6.012200
37.266667	0.5	6.015850
37.275000	0.5	6.011900
37.283333	0.5	6.009950
37.291667	0.5	6.008700
37.300000	0.5	6.007950
37.308333	0.5	6.006300
37.316667	0.5	6.002700
37.325000	0.5	6.007100
37.333333	0.5	6.005500
37.341667	0.5	6.008700
37.350000	0.5	6.000050
37.358333	0.5	6.005350
37.366667	0.5	5.994050
37.375000	0.5	5.994750
37.383333	0.5	5.995000
37.391667	0.5	5.994100
37.400000	0.5	5.993500
37.408333	0.5	5.997050
37.416667	0.5	5.990500
37.425000	0.5	5.990250
37.433333	0.5	5.989550
37.441667	0.5	5.993850
37.450000	0.5	5.988900
37.458333	0.5	5.992400
37.466667	0.5	5.988850
37.475000	0.5	5.985750
37.483333	0.5	5.987900
37.491667	0.5	5.984800
37.500000	0.5	5.985250
37.508333	0.5	5.985100
37.516667	0.5	5.981700
37.525000	0.5	5.985150
37.533333	0.5	5.986000
37.541667	0.5	5.983550
37.550000	0.5	5.990050
37.558333	0.5	5.982650
37.566667	0.5	5.980050
37.575000	0.5	5.975750
37.583333	0.5	5.972350
37.591667	0.5	5.974750
37.600000	0.5	5.973550
37.608333	0.5	5.972750
37.616667	0.5	5.973650
37.625000	0.5	5.969550
37.633333	0.5	5.975250
37.641667	0.5	5.973250
37.650000	0.5	5.970550
37.658333	0.5	5.971350
37.666667	0.5	5.972600
37.675000	0.5	5.968050
37.683333	0.5	5.971000
37.691667	0.5	5.970700
37.700000	0.5	5.973800
37.708333	0.5	5.964200
37.716667	0.5	5.971450
37.725000	0.5	5.965500
37.733333	0.5	5.966250
37.741667	0.5	5.961700
37.750000	0.5	5.960700
37.758333	0.5	5.962200
37.766667	0.5	5.964400
37.775000	0.5	5.959350
37.783333	0.5	5.960250
37.791667	0.5	5.956950
37.800000	0.5	5.960150
37.808333	0.5	5.959800
37.816667	0.5	5.960450
37.825000	0.5	5.956900
37.833333	0.5	5.959150
37.841667	0.5	5.960450
37.850000	0.5	5.956550
37.858333	0.5	5.953550
37.866667	0.5	5.957950
37.875000	0.5	5.950100
37.883333	0.5	5.951600
37.891667	0.5	5.951300
37.900000	0.5	5.950050
37.908333	0.5	5.954450
37.916667	0.5	5.948950
37.925000	0.5	5.947550
37.933333	0.5	5.947050
37.941667	0.5	5.946750
37.950000	0.5	5.938700
37.958333	0.5	5.938850
37.966667	0.5	5.941900
37.975000	0.5	5.936850
37.983333	0.5	5.936450
37.991667	0.5	5.936950
38.000000	0.5	5.935850
38.008333	0.5	5.932750
38.016667	0.5	5.935400
38.025000	0.5	5.938950
38.033333	0.5	5.936250
38.041667	0.5	5.928900
38.050000	0.5	5.932750
38.058333	0.5	5.934950
38.066667	0.5	5.929650
38.075000	0.5	5.928000
38.083333	0.5	5.927600
38.091667	0.5	5.928950
38.100000	0.5	5.923800
38.108333	0.5	5.924050
38.116667	0.5	5.924000
38.125000	0.5	5.920750
38.133333	0.5	5.921900
38.141667	0.5	5.922800
38.150000	0.5	5.920100
38.158333	0.5	5.916750
38.166667	0.5	5.916700
38.175000	0.5	5.914300
38.183333	0.5	5.915800
38.191667	0.5	5.913250
38.200000	0.5	5.913650
38.208333	0.5	5.916300
38.216667	0.5	5.915400
38.225000	0.5	5.915100
38.233333	0.5	5.912550
38.241667	0.5	5.907900
38.250000	0.5	5.909150
38.258333	0.5	5.907850
38.266667	0.5	5.909700
38.275000	0.5	5.912300
38.283333	0.5	5.907950
38.291667	0.5	5.903400
38.300000	0.5	5.906600
38.308333	0.5	5.905750
38.316667	0.5	5.911400
38.325000	0.5	5.902700
38.333333	0.5	5.901900
38.341667	0.5	5.905350
38.350000	0.5	5.902550
38.358333	0.5	5.901250
38.366667	0.5	5.895950
38.375000	0.5	5.892000
38.383333	0.5	5.892600
38.391667	0.5	5.894950
38.400000	0.5	5.897000
38.408333	0.5	5.894550
38.416667	0.5	5.896000
38.425000	0.5	5.891700
38.433333	0.5	5.892200
38.441667	0.5	5.892800
38.450000	0.5	5.888350
38.458333	0.5	5.887800
38.466667	0.5	5.888200
38.475000	0.5	5.885250
38.483333	0.5	5.885750
38.491667	0.5	5.885250
38.500000	0.5	5.887650
38.508333	0.5	5.886450
38.516667	0.5	5.890600
38.525000	0.5	5.881450
38.533333	0.5	5.877900
38.541667	0.5	5.880250
38.550000	0.5	5.876750
38.558333	0.5	5.876500
38.566667	0.5	5.869600
38.575000	0.5	5.869850
38.583333	0.5	5.875700
38.591667	0.5	5.869850
38.600000	0.5	5.870900
38.608333	0.5	5.868700
38.616667	0.5	5.869500
38.625000	0.5	5.867700
38.633333	0.5	5.870250
38.641667	0.5	5.868450
38.650000	0.5	5.865900
38.658333	0.5	5.871100
38.666667	0.5	5.868050
38.675000	0.5	5.868900
38.683333	0.5	5.865550
38.691667	0.5	5.865500
38.700000	0.5	5.865550
38.708333	0.5	5.865950
38.716667	0.5	5.863900
38.725000	0.5	5.867200
38.733333	0.5	5.865150
38.741667	0.5	5.863700
38.750000	0.5	5.860550
38.758333	0.5	5.858250
38.766667	0.5	5.864150
38.775000	0.5	5.860100
38.783333	0.5	5.859800
38.791667	0.5	5.858700
38.800000	0.5	5.856100
38.808333	0.5	5.856300
38.816667	0.5	5.854450
38.825000	0.5	5.862950
38.833333	0.5	5.849150
38.841667	0.5	5.858300
38.850000	0.5	5.854900
38.858333	0.5	5.852650
38.866667	0.5	5.849100
38.875000	0.5	5.846500
38.883333	0.5	5.846050
38.891667	0.5	5.846650
38.900000	0.5	5.849300
38.908333	0.5	5.846100
38.916667	0.5	5.848250
38.925000	0.5	5.846350
38.933333	0.5	5.844200
38.941667	0.5	5.841850
38.950000	0.5	5.839600
38.958333	0.5	5.838450
38.966667	0.5	5.838500
38.975000	0.5	5.839150
38.983333	0.5	5.837750
38.991667	0.5	5.837300
39.000000	0.5	5.835800
39.008333	0.5	5.835650
39.016667	0.5	5.830250
39.025000	0.5	5.835150
39.033333	0.5	5.832500
39.041667	0.5	5.830400
39.050000	0.5	5.831300
39.058333	0.5	5.827550
39.066667	0.5	5.825050
39.075000	0.5	5.828000
39.083333	0.5	5.830000
39.091667	0.5	5.829650
39.100000	0.5	5.824100
39.108333	0.5	5.822300
39.116667	0.5	5.826300
39.125000	0.5	5.821650
39.133333	0.5	5.817650
39.141667	0.5	5.818050
39.150000	0.5	5.817750
39.158333	0.5	5.821900
39.166667	0.5	5.819800
39.175000	0.5	5.819950
39.183333	0.5	5.813700
39.191667	0.5	5.814700
39.200000	0.5	5.815200
39.208333	0.5	5.814050
39.216667	0.5	5.809450
39.225000	0.5	5.811050
39.233333	0.5	5.817200
39.241667	0.5	5.807650
39.250000	0.5	5.808000
39.258333	0.5	5.808700
39.266667	0.5	5.804550
39.275000	0.5	5.804350
39.283333	0.5	5.808250
39.291667	0.5	5.806100
39.300000	0.5	5.802850
39.308333	0.5	5.801150
39.316667	0.5	5.797700
39.325000	0.5	5.802250
39.333333	0.5	5.797050
39.341667	0.5	5.793050
39.350000	0.5	5.798050
39.358333	0.5	5.800450
39.366667	0.5	5.795150
39.375000	0.5	5.795850
39.383333	0.5	5.792850
39.391667	0.5	5.788700
39.400000	0.5	5.788400
39.408333	0.5	5.789900
39.416667	0.5	5.788850
39.425000	0.5	5.788800
39.433333	0.5	5.787250
39.441667	0.5	5.786150
39.450000	0.5	5.787200
39.458333	0.5	5.785200
39.466667	0.5	5.785800
39.475000	0.5	5.784100
39.483333	0.5	5.781300
39.491667	0.5	5.782500
39.500000	0.5	5.778350
39.508333	0.5	5.779300
39.516667	0.5	5.778050
39.525000	0.5	5.781750
39.533333	0.5	5.782050
39.541667	0.5	5.775700
39.550000	0.5	5.768850
39.558333	0.5	5.770700
39.566667	0.5	5.773050
39.575000	0.5	5.773650
39.583333	0.5	5.769850
39.591667	0.5	5.773150
39.600000	0.5	5.766100
39.608333	0.5	5.767150
39.616667	0.5	5.762800
39.625000	0.5	5.758850
39.633333	0.5	5.762150
39.641667	0.5	5.759350
39.650000	0.5	5.760850
39.658333	0.5	5.758600
39.666667	0.5	5.753100
39.675000	0.5	5.755700
39.683333	0.5	5.753400
39.691667	0.5	5.753150
39.700000	0.5	5.750500
39.708333	0.5	5.752250
39.716667	0.5	5.750400
39.725000	0.5	5.755950
39.733333	0.5	5.750450
39.741667	0.5	5.749050
39.750000	0.5	5.753250
39.758333	0.5	5.748300
39.766667	0.5	5.745200
39.775000	0.5	5.746700
39.783333	0.5	5.741650
39.791667	0.5	5.738600
39.800000	0.5	5.739250
39.808333	0.5	5.737800
39.816667	0.5	5.737900
39.825000	0.5	5.739000
39.833333	0.5	5.735800
39.841667	0.5	5.733050
39.850000	0.5	5.737200
39.858333	0.5	5.735250
39.866667	0.5	5.728250
39.875000	0.5	5.736350
39.883333	0.5	5.732550
39.891667	0.5	5.728900
39.900000	0.5	5.732050
39.908333	0.5	5.726850
39.916667	0.5	5.730200
39.925000	0.5	5.730350
39.933333	0.5	5.720750
39.941667	0.5	5.724300
39.950000	0.5	5.726450
39.958333	0.5	5.718950
39.966667	0.5	5.721450
39.975000	0.5	5.720400
39.983333	0.5	5.717300
39.991667	0.5	5.711600
40.000000	0.5	5.714300
40.008333	0.5	5.711400
40.016667	0.5	5.716100
40.025000	0.5	5.713200
40.033333	0.5	5.713750
40.041667	0.5	5.709950
40.050000	0.5	5.706950
40.058333	0.5	5.709900
40.066667	0.5	5.714950
40.075000	0.5	5.711850
40.083333	0.5	5.710550
40.091667	0.5	5.711700
40.100000	0.5	5.704900
40.108333	0.5	5.707100
40.116667	0.5	5.713250
40.125000	0.5	5.709850
40.133333	0.5	5.706850
40.141667	0.5	5.701600
40.150000	0.5	5.703300
40.158333	0.5	5.700550
40.166667	0.5	5.705050
40.175000	0.5	5.709050
40.183333	0.5	5.706450
40.191667	0.5	5.702400
40.200000	0.5	5.697650
40.208333	0.5	5.694600
40.216667	0.5	5.698900
40.225000	0.5	5.700150
40.233333	0.5	5.691750
40.241667	0.5	5.688650
40.250000	0.5	5.690150
40.258333	0.5	5.688850
40.266667	0.5	5.684650
40.275000	0.5	5.682200
40.283333	0.5	5.680800
40.291667	0.5	5.678200
40.300000	0.5	5.673900
40.308333	0.5	5.674500
40.316667	0.5	5.679700
40.325000	0.5	5.674350
40.333333	0.5	5.670150
40.341667	0.5	5.670850
40.350000	0.5	5.664850
40.358333	0.5	5.664800
40.366667	0.5	5.665150
40.375000	0.5	5.660850
40.383333	0.5	5.665100
40.391667	0.5	5.662850
40.400000	0.5	5.659100
40.408333	0.5	5.660600
40.416667	0.5	5.660950
40.425000	0.5	5.661700
40.433333	0.5	5.655400
40.441667	0.5	5.656750
40.450000	0.5	5.652600
40.458333	0.5	5.651750
40.466667	0.5	5.654700
40.475000	0.5	5.650450
40.483333	0.5	5.648050
40.491667	0.5	5.649150
40.500000	0.5	5.646450
40.508333	0.5	5.649150
40.516667	0.5	5.652150
40.525000	0.5	5.647550
40.533333	0.5	5.647900
40.541667	0.5	5.645400
40.550000	0.5	5.643700
40.558333	0.5	5.643900
40.566667	0.5	5.644550
40.575000	0.5	5.640300
40.583333	0.5	5.640150
40.591667	0.5	5.637800
40.600000	0.5	5.636700
40.608333	0.5	5.640650
40.616667	0.5	5.638900
40.625000	0.5	5.636450
40.633333	0.5	5.636200
40.641667	0.5	5.636950
40.650000	0.5	5.636800
40.658333	0.5	5.639850
40.666667	0.5	5.635600
40.675000	0.5	5.633250
40.683333	0.5	5.636750
40.691667	0.5	5.634350
40.700000	0.5	5.635650
40.708333	0.5	5.632100
40.716667	0.5	5.635600
40.725000	0.5	5.634300
40.733333	0.5	5.634600
40.741667	0.5	5.633300
40.750000	0.5	5.628850
40.758333	0.5	5.637700
40.766667	0.5	5.630000
40.775000	0.5	5.633100
40.783333	0.5	5.633900
40.791667	0.5	5.630900
40.800000	0.5	5.634450
40.808333	0.5	5.630100
40.816667	0.5	5.628800
40.825000	0.5	5.628700
40.833333	0.5	5.629200
40.841667	0.5	5.625200
40.850000	0.5	5.629250
40.858333	0.5	5.630000
40.866667	0.5	5.623000
40.875000	0.5	5.624450
40.883333	0.5	5.622600
40.891667	0.5	5.623000
40.900000	0.5	5.624550
40.908333	0.5	5.624000
40.916667	0.5	5.622950
40.925000	0.5	5.622300
40.933333	0.5	5.618450
40.941667	0.5	5.615350
40.950000	0.5	5.621250
40.958333	0.5	5.613900
40.966667	0.5	5.610150
40.975000	0.5	5.612150
40.983333	0.5	5.614400
40.991667	0.5	5.608350
41.000000	0.5	5.607250
41.008333	0.5	5.603750
41.016667	0.5	5.604700
41.025000	0.5	5.600750
41.033333	0.5	5.600550
41.041667	0.5	5.593550
41.050000	0.5	5.596400
41.058333	0.5	5.592850
41.066667	0.5	5.593350
41.075000	0.5	5.592750
41.083333	0.5	5.598600
41.091667	0.5	5.594900
41.100000	0.5	5.585100
41.108333	0.5	5.587550
41.116667	0.5	5.589250
41.125000	0.5	5.583600
41.133333	0.5	5.588100
41.141667	0.5	5.584300
41.150000	0.5	5.583450
41.158333	0.5	5.580600
41.166667	0.5	5.582200
41.175000	0.5	5.584150
41.183333	0.5	5.583500
41.191667	0.5	5.580550
41.200000	0.5	5.576500
41.208333	0.5	5.576250
41.216667	0.5	5.577450
41.225000	0.5	5.575900
41.233333	0.5	5.575650
41.241667	0.5	5.574850
41.250000	0.5	5.572500
41.258333	0.5	5.571450
41.266667	0.5	5.570100
41.275000	0.5	5.565500
41.283333	0.5	5.572300
41.291667	0.5	5.570550
41.300000	0.5	5.570050
41.308333	0.5	5.570450
41.316667	0.5	5.568100
41.325000	0.5	5.574350
41.333333	0.5	5.565850
41.341667	0.5	5.564300
41.350000	0.5	5.562150
41.358333	0.5	5.563750
41.366667	0.5	5.558900
41.375000	0.5	5.561550
41.383333	0.5	5.561650
41.391667	0.5	5.562450
41.400000	0.5	5.557200
41.408333	0.5	5.559850
41.416667	0.5	5.555450
41.425000	0.5	5.553200
41.433333	0.5	5.551400
41.441667	0.5	5.550950
41.450000	0.5	5.551550
41.458333	0.5	5.549600
41.466667	0.5	5.550550
41.475000	0.5	5.552150
41.483333	0.5	5.548400
41.491667	0.5	5.545250
41.500000	0.5	5.542950
41.508333	0.5	5.543900
41.516667	0.5	5.541950
41.525000	0.5	5.539200
41.533333	0.5	5.538200
41.541667	0.5	5.537100
41.550000	0.5	5.537600
41.558333	0.5	5.533700
41.566667	0.5	5.535350
41.575000	0.5	5.534200
41.583333	0.5	5.533200
41.591667	0.5	5.533950
41.600000	0.5	5.529550
41.608333	0.5	5.530650
41.616667	0.5	5.530650
41.625000	0.5	5.528300
41.633333	0.5	5.524700
41.641667	0.5	5.523500
41.650000	0.5	5.527150
41.658333	0.5	5.525950
41.666667	0.5	5.524500
41.675000	0.5	5.523350
41.683333	0.5	5.520600
41.691667	0.5	5.523650
41.700000	0.5	5.522850
41.708333	0.5	5.518250
41.716667	0.5	5.517150
41.725000	0.5	5.520700
41.733333	0.5	5.519000
41.741667	0.5	5.515750
41.750000	0.5	5.518850
41.758333	0.5	5.517600
41.766667	0.5	5.517800
41.775000	0.5	5.514050
41.783333	0.5	5.511850
41.791667	0.5	5.511400
41.800000	0.5	5.508100
41.808333	0.5	5.514000
41.816667	0.5	5.509200
41.825000	0.5	5.506900
41.833333	0.5	5.513450
41.841667	0.5	5.509900
41.850000	0.5	5.512350
41.858333	0.5	5.512900
41.866667	0.5	5.510000
41.875000	0.5	5.509050
41.883333	0.5	5.512750
41.891667	0.5	5.511400
41.900000	0.5	5.507400
41.908333	0.5	5.502050
41.916667	0.5	5.504550
41.925000	0.5	5.501450
41.933333	0.5	5.498000
41.941667	0.5	5.504850
41.950000	0.5	5.509700
41.958333	0.5	5.509300
41.966667	0.5	5.500350
41.975000	0.5	5.497800
41.983333	0.5	5.504450
41.991667	0.5	5.500550
42.000000	0.5	5.497450
42.008333	0.5	5.496650
42.016667	0.5	5.496900
42.025000	0.5	5.498000
42.033333	0.5	5.491800
42.041667	0.5	5.495650
42.050000	0.5	5.496550
42.058333	0.5	5.494850
42.066667	0.5	5.491500
42.075000	0.5	5.491800
42.083333	0.5	5.486100
42.091667	0.5	5.487300
42.100000	0.5	5.488200
42.108333	0.5	5.485950
42.116667	0.5	5.492050
42.125000	0.5	5.484850
42.133333	0.5	5.482800
42.141667	0.5	5.484450
42.150000	0.5	5.479900
42.158333	0.5	5.479850
42.166667	0.5	5.477850
42.175000	0.5	5.479950
42.183333	0.5	5.478450
42.191667	0.5	5.476950
42.200000	0.5	5.476100
42.208333	0.5	5.475950
42.216667	0.5	5.475100
42.225000	0.5	5.475450
42.233333	0.5	5.471800
42.241667	0.5	5.473300
42.250000	0.5	5.476950
42.258333	0.5	5.472400
42.266667	0.5	5.466500
42.275000	0.5	5.470000
42.283333	0.5	5.468000
42.291667	0.5	5.468400
42.300000	0.5	5.468550
42.308333	0.5	5.469750
42.316667	0.5	5.465600
42.325000	0.5	5.469050
42.333333	0.5	5.466300
42.341667	0.5	5.465150
42.350000	0.5	5.463800
42.358333	0.5	5.460550
42.366667	0.5	5.463450
42.375000	0.5	5.457000
42.383333	0.5	5.458350
42.391667	0.5	5.461600
42.400000	0.5	5.455050
42.408333	0.5	5.459200
42.416667	0.5	5.460350
42.425000	0.5	5.461650
42.433333	0.5	5.464350
42.441667	0.5	5.461050
42.450000	0.5	5.461100
42.458333	0.5	5.459300
42.466667	0.5	5.457550
42.475000	0.5	5.453850
42.483333	0.5	5.458450
42.491667	0.5	5.454750
42.500000	0.5	5.455200
42.508333	0.5	5.455150
42.516667	0.5	5.452750
42.525000	0.5	5.455450
42.533333	0.5	5.451800
42.541667	0.5	5.453500
42.550000	0.5	5.457000
42.558333	0.5	5.452850
42.566667	0.5	5.451800
42.575000	0.5	5.450800
42.583333	0.5	5.453900
42.591667	0.5	5.448200
42.600000	0.5	5.451050
42.608333	0.5	5.452950
42.616667	0.5	5.452050
42.625000	0.5	5.448650
42.633333	0.5	5.451050
42.641667	0.5	5.450800
42.650000	0.5	5.448450
42.658333	0.5	5.452000
42.666667	0.5	5.457400
42.675000	0.5	5.449100
42.683333	0.5	5.452650
42.691667	0.5	5.448300
42.700000	0.5	5.451650
42.708333	0.5	5.455800
42.716667	0.5	5.450800
42.725000	0.5	5.450950
42.733333	0.5	5.452400
42.741667	0.5	5.455100
42.750000	0.5	5.452800
42.758333	0.5	5.458150
42.766667	0.5	5.453600
42.775000	0.5	5.449700
42.783333	0.5	5.447500
42.791667	0.5	5.451450
42.800000	0.5	5.450500
42.808333	0.5	5.454150
42.816667	0.5	5.448800
42.825000	0.5	5.448850
42.833333	0.5	5.445950
42.841667	0.5	5.439950
42.850000	0.5	5.441050
42.858333	0.5	5.440450
42.866667	0.5	5.445700
42.875000	0.5	5.441250
42.883333	0.5	5.438900
42.891667	0.5	5.439600
42.900000	0.5	5.435650
42.908333	0.5	5.442300
42.916667	0.5	5.441600
42.925000	0.5	5.440200
42.933333	0.5	5.434900
42.941667	0.5	5.435800
42.950000	0.5	5.430700
42.958333	0.5	5.431450
42.966667	0.5	5.431100
42.975000	0.5	5.427300
42.983333	0.5	5.429700
42.991667	0.5	5.430350
43.000000	0.5	5.433300
43.008333	0.5	5.429400
43.016667	0.5	5.435150
43.025000	0.5	5.429250
43.033333	0.5	5.430650
43.041667	0.5	5.429250
43.050000	0.5	5.429400
43.058333	0.5	5.429150
43.066667	0.5	5.427850
43.075000	0.5	5.430200
43.083333	0.5	5.426200
43.091667	0.5	5.433650
43.100000	0.5	5.431400
43.108333	0.5	5.428600
43.116667	0.5	5.435150
43.125000	0.5	5.426750
43.133333	0.5	5.429200
43.141667	0.5	5.426000
43.150000	0.5	5.425450
43.158333	0.5	5.424700
43.166667	0.5	5.423700
43.175000	0.5	5.424950
43.183333	0.5	5.428400
43.191667	0.5	5.420800
43.200000	0.5	5.428350
43.208333	0.5	5.428650
43.216667	0.5	5.427050
43.225000	0.5	5.423750
43.233333	0.5	5.422400
43.241667	0.5	5.421300
43.250000	0.5	5.422200
43.258333	0.5	5.422650
43.266667	0.5	5.422950
43.275000	0.5	5.424800
43.283333	0.5	5.427700
43.291667	0.5	5.423100
43.300000	0.5	5.422100
43.308333	0.5	5.421100
43.316667	0.5	5.424400
43.325000	0.5	5.419600
43.333333	0.5	5.421050
43.341667	0.5	5.417700
43.350000	0.5	5.419650
43.358333	0.5	5.412850
43.366667	0.5	5.413950
43.375000	0.5	5.416000
43.383333	0.5	5.422250
43.391667	0.5	5.417500
43.400000	0.5	5.420200
43.408333	0.5	5.419750
43.416667	0.5	5.421350
43.425000	0.5	5.425950
43.433333	0.5	5.420750
43.441667	0.5	5.422200
43.450000	0.5	5.421200
43.458333	0.5	5.423200
43.466667	0.5	5.420850
43.475000	0.5	5.421700
43.483333	0.5	5.433250
43.491667	0.5	5.424650
43.500000	0.5	5.426700
43.508333	0.5	5.424300
43.516667	0.5	5.422850
43.525000	0.5	5.423700
43.533333	0.5	5.426500
43.541667	0.5	5.431450
43.550000	0.5	5.422400
43.558333	0.5	5.428350
43.566667	0.5	5.427700
43.575000	0.5	5.424800
43.583333	0.5	5.425650
43.591667	0.5	5.421650
43.600000	0.5	5.423050
43.608333	0.5	5.421700
43.616667	0.5	5.425800
43.625000	0.5	5.427150
43.633333	0.5	5.426150
43.641667	0.5	5.420750
43.650000	0.5	5.422650
43.658333	0.5	5.422300
43.666667	0.5	5.427300
43.675000	0.5	5.419800
43.683333	0.5	5.422100
43.691667	0.5	5.424200
43.700000	0.5	5.418300
43.708333	0.5	5.416050
43.716667	0.5	5.418950
43.725000	0.5	5.413650
43.733333	0.5	5.408050
43.741667	0.5	5.412750
43.750000	0.5	5.412600
43.758333	0.5	5.409950
43.766667	0.5	5.409000
43.775000	0.5	5.406900
43.783333	0.5	5.414600
43.791667	0.5	5.406950
43.800000	0.5	5.407000
43.808333	0.5	5.406900
43.816667	0.5	5.403100
43.825000	0.5	5.402400
43.833333	0.5	5.397700
43.841667	0.5	5.399150
43.850000	0.5	5.397500
43.858333	0.5	5.399150
43.866667	0.5	5.396150
43.875000	0.5	5.398850
43.883333	0.5	5.398550
43.891667	0.5	5.395300
43.900000	0.5	5.398300
43.908333	0.5	5.394250
43.916667	0.5	5.390250
43.925000	0.5	5.392650
43.933333	0.5	5.389800
43.941667	0.5	5.386550
43.950000	0.5	5.395550
43.958333	0.5	5.391950
43.966667	0.5	5.390750
43.975000	0.5	5.392000
43.983333	0.5	5.389600
43.991667	0.5	5.393850
44.000000	0.5	5.386550
44.008333	0.5	5.389000
44.016667	0.5	5.389550
44.025000	0.5	5.391400
44.033333	0.5	5.389500
44.041667	0.5	5.388200
44.050000	0.5	5.382100
44.058333	0.5	5.392400
44.066667	0.5	5.388900
44.075000	0.5	5.389050
44.083333	0.5	5.384750
44.091667	0.5	5.384700
44.100000	0.5	5.386250
44.108333	0.5	5.385850
44.116667	0.5	5.381800
44.125000	0.5	5.382800
44.133333	0.5	5.387150
44.141667	0.5	5.384600
44.150000	0.5	5.380050
44.158333	0.5	5.382000
44.166667	0.5	5.384450
44.175000	0.5	5.380600
44.183333	0.5	5.377700
44.191667	0.5	5.380200
44.200000	0.5	5.374850
44.208333	0.5	5.379250
44.216667	0.5	5.382450
44.225000	0.5	5.380200
44.233333	0.5	5.378000
44.241667	0.5	5.379400
44.250000	0.5	5.380900
44.258333	0.5	5.374550
44.266667	0.5	5.379550
44.275000	0.5	5.381850
44.283333	0.5	5.376700
44.291667	0.5	5.377500
44.300000	0.5	5.370400
44.308333	0.5	5.368550
44.316667	0.5	5.373250
44.325000	0.5	5.366600
44.333333	0.5	5.369800
44.341667	0.5	5.372900
44.350000	0.5	5.368750
44.358333	0.5	5.368200
44.366667	0.5	5.372550
44.375000	0.5	5.366150
44.383333	0.5	5.368550
44.391667	0.5	5.361750
44.400000	0.5	5.367400
44.408333	0.5	5.367400
44.416667	0.5	5.366800
44.425000	0.5	5.368650
44.433333	0.5	5.365950
44.441667	0.5	5.375800
44.450000	0.5	5.372000
44.458333	0.5	5.371500
44.466667	0.5	5.370300
44.475000	0.5	5.367200
44.483333	0.5	5.368900
44.491667	0.5	5.377900
44.500000	0.5	5.366150
44.508333	0.5	5.362050
44.516667	0.5	5.365750
44.525000	0.5	5.363750
44.533333	0.5	5.365550
44.541667	0.5	5.369450
44.550000	0.5	5.366400
44.558333	0.5	5.365550
44.566667	0.5	5.365450
44.575000	0.5	5.362200
44.583333	0.5	5.369250
44.591667	0.5	5.364600
44.600000	0.5	5.365350
44.608333	0.5	5.364150
44.616667	0.5	5.375300
44.625000	0.5	5.366150
44.633333	0.5	5.364450
44.641667	0.5	5.364950
44.650000	0.5	5.369100
44.658333	0.5	5.370200
44.666667	0.5	5.368400
44.675000	0.5	5.368550
44.683333	0.5	5.368950
44.691667	0.5	5.371600
44.700000	0.5	5.372600
44.708333	0.5	5.371000
44.716667	0.5	5.372150
44.725000	0.5	5.379350
44.733333	0.5	5.378300
44.741667	0.5	5.371750
44.750000	0.5	5.377500
44.758333	0.5	5.372300
44.766667	0.5	5.374150
44.775000	0.5	5.378500
44.783333	0.5	5.370200
44.791667	0.5	5.374650
44.800000	0.5	5.371350
44.808333	0.5	5.374550
44.816667	0.5	5.377950
44.825000	0.5	5.376750
44.833333	0.5	5.378450
44.841667	0.5	5.376350
44.850000	0.5	5.378100
44.858333	0.5	5.378400
44.866667	0.5	5.379100
44.875000	0.5	5.375600
44.883333	0.5	5.380000
44.891667	0.5	5.376700
44.900000	0.5	5.384350
44.908333	0.5	5.382500
44.916667	0.5	5.381600
44.925000	0.5	5.384950
44.933333	0.5	5.378750
44.941667	0.5	5.380700
44.950000	0.5	5.382750
44.958333	0.5	5.385700
44.966667	0.5	5.381450
44.975000	0.5	5.377400
44.983333	0.5	5.382200
44.991667	0.5	5.379650
45.000000	0.5	5.383000
45.008333	0.5	5.384450
45.016667	0.5	5.382200
45.025000	0.5	5.382250
45.033333	0.5	5.382700
45.041667	0.5	5.383350
45.050000	0.5	5.380900
45.058333	0.5	5.376250
45.066667	0.5	5.383250
45.075000	0.5	5.379250
45.083333	0.5	5.391100
45.091667	0.5	5.388100
45.100000	0.5	5.387100
45.108333	0.5	5.386350
45.116667	0.5	5.383650
45.125000	0.5	5.384450
45.133333	0.5	5.375850
45.141667	0.5	5.380400
45.150000	0.5	5.380550
45.158333	0.5	5.388350
45.166667	0.5	5.384850
45.175000	0.5	5.379950
45.183333	0.5	5.378450
45.191667	0.5	5.379750
45.200000	0.5	5.383800
45.208333	0.5	5.394450
45.216667	0.5	5.388700
45.225000	0.5	5.385000
45.233333	0.5	5.387050
45.241667	0.5	5.384950
45.250000	0.5	5.386450
45.258333	0.5	5.382800
45.266667	0.5	5.385000
45.275000	0.5	5.392350
45.283333	0.5	5.398150
45.291667	0.5	5.383400
45.300000	0.5	5.391400
45.308333	0.5	5.395550
45.316667	0.5	5.386200
45.325000	0.5	5.389550
45.333333	0.5	5.389250
45.341667	0.5	5.389850
45.350000	0.5	5.388650
45.358333	0.5	5.391750
45.366667	0.5	5.401900
45.375000	0.5	5.404200
45.383333	0.5	5.398450
45.391667	0.5	5.400750
45.400000	0.5	5.401800
45.408333	0.5	5.391900
45.416667	0.5	5.393250
45.425000	0.5	5.397250
45.433333	0.5	5.397150
45.441667	0.5	5.404800
45.450000	0.5	5.401200
45.458333	0.5	5.394300
45.466667	0.5	5.393550
45.475000	0.5	5.398200
45.483333	0.5	5.387900
45.491667	0.5	5.392750
45.500000	0.5	5.402800
45.508333	0.5	5.407350
45.516667	0.5	5.405700
45.525000	0.5	5.408350
45.533333	0.5	5.404650
45.541667	0.5	5.396100
45.550000	0.5	5.414200
45.558333	0.5	5.403200
45.566667	0.5	5.405250
45.575000	0.5	5.400700
45.583333	0.5	5.404100
45.591667	0.5	5.402500
45.600000	0.5	5.412550
45.608333	0.5	5.412450
45.616667	0.5	5.409150
45.625000	0.5	5.409050
45.633333	0.5	5.406650
45.641667	0.5	5.402050
45.650000	0.5	5.403400
45.658333	0.5	5.404500
45.666667	0.5	5.413150
45.675000	0.5	5.417750
45.683333	0.5	5.421750
45.691667	0.5	5.415950
45.700000	0.5	5.413450
45.708333	0.5	5.416550
45.716667	0.5	5.411150
45.725000	0.5	5.414800
45.733333	0.5	5.404700
45.741667	0.5	5.419300
45.750000	0.5	5.409600
45.758333	0.5	5.416700
45.766667	0.5	5.411800
45.775000	0.5	5.430450
45.783333	0.5	5.418800
45.791667	0.5	5.419200
45.800000	0.5	5.421450
45.808333	0.5	5.418050
45.816667	0.5	5.416150
45.825000	0.5	5.412050
45.833333	0.5	5.416500
45.841667	0.5	5.416750
45.850000	0.5	5.418350
45.858333	0.5	5.413600
45.866667	0.5	5.412550
45.875000	0.5	5.420800
45.883333	0.5	5.417500
45.891667	0.5	5.419300
45.900000	0.5	5.418800
45.908333	0.5	5.423100
45.916667	0.5	5.421150
45.925000	0.5	5.423950
45.933333	0.5	5.419200
45.941667	0.5	5.420100
45.950000	0.5	5.417800
45.958333	0.5	5.424700
45.966667	0.5	5.414950
45.975000	0.5	5.422300
45.983333	0.5	5.421250
45.991667	0.5	5.420950
46.000000	0.5	5.427050
46.008333	0.5	5.424200
46.016667	0.5	5.422650
46.025000	0.5	5.425950
46.033333	0.5	5.428150
46.041667	0.5	5.422850
46.050000	0.5	5.423950
46.058333	0.5	5.421900
46.066667	0.5	5.426350
46.075000	0.5	5.433350
46.083333	0.5	5.424750
46.091667	0.5	5.426000
46.100000	0.5	5.431550
46.108333	0.5	5.428300
46.116667	0.5	5.429700
46.125000	0.5	5.431200
46.133333	0.5	5.429800
46.141667	0.5	5.431650
46.150000	0.5	5.432150
46.158333	0.5	5.430750
46.166667	0.5	5.436000
46.175000	0.5	5.431100
46.183333	0.5	5.433850
46.191667	0.5	5.431950
46.200000	0.5	5.433550
46.208333	0.5	5.433400
46.216667	0.5	5.435050
46.225000	0.5	5.432600
46.233333	0.5	5.434600
46.241667	0.5	5.437300
46.250000	0.5	5.433800
46.258333	0.5	5.436500
46.266667	0.5	5.439500
46.275000	0.5	5.439650
46.283333	0.5	5.437450
46.291667	0.5	5.439450
46.300000	0.5	5.437800
46.308333	0.5	5.438850
46.316667	0.5	5.437600
46.325000	0.5	5.439650
46.333333	0.5	5.442050
46.341667	0.5	5.441150
46.350000	0.5	5.442050
46.358333	0.5	5.442000
46.366667	0.5	5.446250
46.375000	0.5	5.447450
46.383333	0.5	5.446250
46.391667	0.5	5.446250
46.400000	0.5	5.445050
46.408333	0.5	5.443750
46.416667	0.5	5.446400
46.425000	0.5	5.445900
46.433333	0.5	5.446450
46.441667	0.5	5.445800
46.450000	0.5	5.445500
46.458333	0.5	5.448250
46.466667	0.5	5.451350
46.475000	0.5	5.451600
46.483333	0.5	5.451100
46.491667	0.5	5.450200
46.500000	0.5	5.448050
46.508333	0.5	5.447850
46.516667	0.5	5.451850
46.525000	0.5	5.451000
46.533333	0.5	5.455250
46.541667	0.5	5.458150
46.550000	0.5	5.455950
46.558333	0.5	5.458000
46.566667	0.5	5.456900
46.575000	0.5	5.458200
46.583333	0.5	5.455550
46.591667	0.5	5.456250
46.600000	0.5	5.455500
46.608333	0.5	5.457600
46.616667	0.5	5.457350
46.625000	0.5	5.460600
46.633333	0.5	5.459700
46.641667	0.5	5.465200
46.650000	0.5	5.461500
46.658333	0.5	5.463500
46.666667	0.5	5.464300
46.675000	0.5	5.467800
46.683333	0.5	5.466350
46.691667	0.5	5.467250
46.700000	0.5	5.467500
46.708333	0.5	5.465400
46.716667	0.5	5.469850
46.725000	0.5	5.475050
46.733333	0.5	5.473100
46.741667	0.5	5.472750
46.750000	0.5	5.476800
46.758333	0.5	5.471500
46.766667	0.5	5.475350
46.775000	0.5	5.477300
46.783333	0.5	5.478800
46.791667	0.5	5.478600
46.800000	0.5	5.479200
46.808333	0.5	5.480900
46.816667	0.5	5.481000
46.825000	0.5	5.485700
46.833333	0.5	5.489050
46.841667	0.5	5.484050
46.850000	0.5	5.485750
46.858333	0.5	5.489850
46.866667	0.5	5.485150
46.875000	0.5	5.493700
46.883333	0.5	5.490150
46.891667	0.5	5.493650
46.900000	0.5	5.492050
46.908333	0.5	5.496650
46.916667	0.5	5.495600
46.925000	0.5	5.496650
46.933333	0.5	5.496800
46.941667	0.5	5.503200
46.950000	0.5	5.502600
46.958333	0.5	5.505400
46.966667	0.5	5.500750
46.975000	0.5	5.500250
46.983333	0.5	5.506000
46.991667	0.5	5.501800
47.000000	0.5	5.507650
47.008333	0.5	5.509200
47.016667	0.5	5.510700
47.025000	0.5	5.513200
47.033333	0.5	5.506600
47.041667	0.5	5.509050
47.050000	0.5	5.507550
47.058333	0.5	5.512550
47.066667	0.5	5.508700
47.075000	0.5	5.515350
47.083333	0.5	5.515300
47.091667	0.5	5.519800
47.100000	0.5	5.515850
47.108333	0.5	5.517850
47.116667	0.5	5.517700
47.125000	0.5	5.522050
47.133333	0.5	5.527700
47.141667	0.5	5.527000
47.150000	0.5	5.529100
47.158333	0.5	5.526050
47.166667	0.5	5.526100
47.175000	0.5	5.526850
47.183333	0.5	5.526000
47.191667	0.5	5.524450
47.200000	0.5	5.532350
47.208333	0.5	5.537450
47.216667	0.5	5.533450
47.225000	0.5	5.536400
47.233333	0.5	5.537250
47.241667	0.5	5.536700
47.250000	0.5	5.536000
47.258333	0.5	5.538350
47.266667	0.5	5.535500
47.275000	0.5	5.539300
47.283333	0.5	5.542400
47.291667	0.5	5.540900
47.300000	0.5	5.546000
47.308333	0.5	5.545850
47.316667	0.5	5.542150
47.325000	0.5	5.542650
47.333333	0.5	5.549150
47.341667	0.5	5.545200
47.350000	0.5	5.543500
47.358333	0.5	5.546800
47.366667	0.5	5.544850
47.375000	0.5	5.546100
47.383333	0.5	5.548150
47.391667	0.5	5.552100
47.400000	0.5	5.545000
47.408333	0.5	5.552950
47.416667	0.5	5.552800
47.425000	0.5	5.551200
47.433333	0.5	5.556950
47.441667	0.5	5.552200
47.450000	0.5	5.552000
47.458333	0.5	5.551650
47.466667	0.5	5.560700
47.475000	0.5	5.550000
47.483333	0.5	5.552350
47.491667	0.5	5.555950
47.500000	0.5	5.556900
47.508333	0.5	5.553100
47.516667	0.5	5.552850
47.525000	0.5	5.558400
47.533333	0.5	5.555550
47.541667	0.5	5.555550
47.550000	0.5	5.555650
47.558333	0.5	5.555350
47.566667	0.5	5.555900
47.575000	0.5	5.549650
47.583333	0.5	5.552400
47.591667	0.5	5.555550
47.600000	0.5	5.548850
47.608333	0.5	5.551400
47.616667	0.5	5.561150
47.625000	0.5	5.557200
47.633333	0.5	5.552150
47.641667	0.5	5.551100
47.650000	0.5	5.553100
47.658333	0.5	5.551450
47.666667	0.5	5.554750
47.675000	0.5	5.552150
47.683333	0.5	5.552300
47.691667	0.5	5.555700
47.700000	0.5	5.551250
47.708333	0.5	5.553550
47.716667	0.5	5.554750
47.725000	0.5	5.554850
47.733333	0.5	5.550850
47.741667	0.5	5.548450
47.750000	0.5	5.544700
47.758333	0.5	5.551850
47.766667	0.5	5.548300
47.775000	0.5	5.551100
47.783333	0.5	5.549750
47.791667	0.5	5.556300
47.800000	0.5	5.545400
47.808333	0.5	5.546950
47.816667	0.5	5.544900
47.825000	0.5	5.545100
47.833333	0.5	5.542400
47.841667	0.5	5.538900
47.850000	0.5	5.544850
47.858333	0.5	5.540550
47.866667	0.5	5.544150
47.875000	0.5	5.545850
47.883333	0.5	5.543200
47.891667	0.5	5.544650
47.900000	0.5	5.542450
47.908333	0.5	5.540400
47.916667	0.5	5.539950
47.925000	0.5	5.539800
47.933333	0.5	5.538150
47.941667	0.5	5.536150
47.950000	0.5	5.541250
47.958333	0.5	5.534000
47.966667	0.5	5.535850
47.975000	0.5	5.534300
47.983333	0.5	5.534350
47.991667	0.5	5.534350
48.000000	0.5	5.533800
48.008333	0.5	5.534100
48.016667	0.5	5.536250
48.025000	0.5	5.531750
48.033333	0.5	5.528050
48.041667	0.5	5.526600
48.050000	0.5	5.527800
48.058333	0.5	5.526600
48.066667	0.5	5.523750
48.075000	0.5	5.518900
48.083333	0.5	5.517950
48.091667	0.5	5.519550
48.100000	0.5	5.520850
48.108333	0.5	5.519200
48.116667	0.5	5.521800
48.125000	0.5	5.519100
48.133333	0.5	5.519850
48.141667	0.5	5.518800
48.150000	0.5	5.514250
48.158333	0.5	5.519400
48.166667	0.5	5.515850
48.175000	0.5	5.521050
48.183333	0.5	5.519050
48.191667	0.5	5.513550
48.200000	0.5	5.508700
48.208333	0.5	5.505450
48.216667	0.5	5.507150
48.225000	0.5	5.508300
48.233333	0.5	5.507900
48.241667	0.5	5.508450
48.250000	0.5	5.506050
48.258333	0.5	5.505650
48.266667	0.5	5.504800
48.275000	0.5	5.503050
48.283333	0.5	5.502100
48.291667	0.5	5.506200
48.300000	0.5	5.501800
48.308333	0.5	5.500400
48.316667	0.5	5.498700
48.325000	0.5	5.497650
48.333333	0.5	5.494100
48.341667	0.5	5.497400
48.350000	0.5	5.499900
48.358333	0.5	5.497800
48.366667	0.5	5.499050
48.375000	0.5	5.501300
48.383333	0.5	5.491450
48.391667	0.5	5.491250
48.400000	0.5	5.495000
48.408333	0.5	5.490000
48.416667	0.5	5.486650
48.425000	0.5	5.486950
48.433333	0.5	5.490450
48.441667	0.5	5.488300
48.450000	0.5	5.484450
48.458333	0.5	5.495750
48.466667	0.5	5.495700
48.475000	0.5	5.490850
48.483333	0.5	5.486550
48.491667	0.5	5.484300
48.500000	0.5	5.483250
48.508333	0.5	5.478350
48.516667	0.5	5.485350
48.525000	0.5	5.483550
48.533333	0.5	5.479900
48.541667	0.5	5.482450
48.550000	0.5	5.485600
48.558333	0.5	5.478550
48.566667	0.5	5.475550
48.575000	0.5	5.476250
48.583333	0.5	5.474050
48.591667	0.5	5.472300
48.600000	0.5	5.475150
48.608333	0.5	5.477500
48.616667	0.5	5.466400
48.625000	0.5	5.466850
48.633333	0.5	5.464400
48.641667	0.5	5.465050
48.650000	0.5	5.466950
48.658333	0.5	5.468350
48.666667	0.5	5.468850
48.675000	0.5	5.462550
48.683333	0.5	5.465500
48.691667	0.5	5.463800
48.700000	0.5	5.459700
48.708333	0.5	5.464350
48.716667	0.5	5.454450
48.725000	0.5	5.459150
48.733333	0.5	5.454650
48.741667	0.5	5.459100
48.750000	0.5	5.458500
48.758333	0.5	5.457400
48.766667	0.5	5.454150
48.775000	0.5	5.455700
48.783333	0.5	5.456500
48.791667	0.5	5.453450
48.800000	0.5	5.450950
48.808333	0.5	5.444800
48.816667	0.5	5.448100
48.825000	0.5	5.444300
48.833333	0.5	5.442400
48.841667	0.5	5.445350
48.850000	0.5	5.446750
48.858333	0.5	5.445250
48.866667	0.5	5.445700
48.875000	0.5	5.443000
48.883333	0.5	5.437800
48.891667	0.5	5.438250
48.900000	0.5	5.436100
48.908333	0.5	5.438800
48.916667	0.5	5.433900
48.925000	0.5	5.429250
48.933333	0.5	5.429350
48.941667	0.5	5.431250
48.950000	0.5	5.432150
48.958333	0.5	5.432800
48.966667	0.5	5.427000
48.975000	0.5	5.423950
48.983333	0.5	5.426300
48.991667	0.5	5.426100
49.000000	0.5	5.427250
49.008333	0.5	5.424450
49.016667	0.5	5.418400
49.025000	0.5	5.417900
49.033333	0.5	5.418750
49.041667	0.5	5.420600
49.050000	0.5	5.422300
49.058333	0.5	5.428600
49.066667	0.5	5.419200
49.075000	0.5	5.420700
49.083333	0.5	5.420050
49.091667	0.5	5.416650
49.100000	0.5	5.414400
49.108333	0.5	5.413250
49.116667	0.5	5.412550
49.125000	0.5	5.413400
49.133333	0.5	5.415450
49.141667	0.5	5.413900
49.150000	0.5	5.407650
49.158333	0.5	5.411450
49.166667	0.5	5.404550
49.175000	0.5	5.412600
49.183333	0.5	5.411150
49.191667	0.5	5.413300
49.200000	0.5	5.406750
49.208333	0.5	5.411550
49.216667	0.5	5.407150
49.225000	0.5	5.405200
49.233333	0.5	5.405800
49.241667	0.5	5.407800
49.250000	0.5	5.407250
49.258333	0.5	5.409050
49.266667	0.5	5.405350
49.275000	0.5	5.407600
49.283333	0.5	5.405700
49.291667	0.5	5.401700
49.300000	0.5	5.402750
49.308333	0.5	5.404100
49.316667	0.5	5.404600
49.325000	0.5	5.401950
49.333333	0.5	5.402250
49.341667	0.5	5.403850
49.350000	0.5	5.406200
49.358333	0.5	5.397250
49.366667	0.5	5.397350
49.375000	0.5	5.399250
49.383333	0.5	5.398400
49.391667	0.5	5.396900
49.400000	0.5	5.395400
49.408333	0.5	5.395550
49.416667	0.5	5.400600
49.425000	0.5	5.400150
49.433333	0.5	5.396550
49.441667	0.5	5.397800
49.450000	0.5	5.398450
49.458333	0.5	5.396500
49.466667	0.5	5.401250
49.475000	0.5	5.394800
49.483333	0.5	5.399650
49.491667	0.5	5.395350
49.500000	0.5	5.392900
49.508333	0.5	5.392000
49.516667	0.5	5.387250
49.525000	0.5	5.390750
49.533333	0.5	5.397850
49.541667	0.5	5.393000
49.550000	0.5	5.397950
49.558333	0.5	5.391850
49.566667	0.5	5.388850
49.575000	0.5	5.392850
49.583333	0.5	5.389700
49.591667	0.5	5.388300
49.600000	0.5	5.386650
49.608333	0.5	5.384200
49.616667	0.5	5.386000
49.625000	0.5	5.387600
49.633333	0.5	5.382600
49.641667	0.5	5.381900
49.650000	0.5	5.379600
49.658333	0.5	5.384500
49.666667	0.5	5.387300
49.675000	0.5	5.384500
49.683333	0.5	5.388050
49.691667	0.5	5.380350
49.700000	0.5	5.386850
49.708333	0.5	5.385550
49.716667	0.5	5.387000
49.725000	0.5	5.387400
49.733333	0.5	5.386300
49.741667	0.5	5.384850
49.750000	0.5	5.386600
49.758333	0.5	5.383600
49.766667	0.5	5.380150
49.775000	0.5	5.381150
49.783333	0.5	5.383650
49.791667	0.5	5.383850
49.800000	0.5	5.382150
49.808333	0.5	5.375800
49.816667	0.5	5.382400
49.825000	0.5	5.380050
49.833333	0.5	5.379100
49.841667	0.5	5.374400
49.850000	0.5	5.373650
49.858333	0.5	5.374150
49.866667	0.5	5.372100
49.875000	0.5	5.370100
49.883333	0.5	5.372550
49.891667	0.5	5.373800
49.900000	0.5	5.371300
49.908333	0.5	5.374150
49.916667	0.5	5.368350
49.925000	0.5	5.367950
49.933333	0.5	5.365500
49.941667	0.5	5.368150
49.950000	0.5	5.359400
49.958333	0.5	5.366200
49.966667	0.5	5.360300
49.975000	0.5	5.356650
49.983333	0.5	5.355100
49.991667	0.5	5.354450
50.000000	0.5	5.355900
50.008333	0.5	5.353050
50.016667	0.5	5.351700
50.025000	0.5	5.354800
50.033333	0.5	5.354450
50.041667	0.5	5.350200
50.050000	0.5	5.348200
50.058333	0.5	5.349600
50.066667	0.5	5.346200
50.075000	0.5	5.346950
50.083333	0.5	5.346650
50.091667	0.5	5.346400
50.100000	0.5	5.346900
50.108333	0.5	5.345450
50.116667	0.5	5.347300
50.125000	0.5	5.341500
50.133333	0.5	5.347050
50.141667	0.5	5.339550
50.150000	0.5	5.341750
50.158333	0.5	5.351100
50.166667	0.5	5.344550
50.175000	0.5	5.337150
50.183333	0.5	5.343000
50.191667	0.5	5.345700
50.200000	0.5	5.343300
50.208333	0.5	5.340600
50.216667	0.5	5.336500
50.225000	0.5	5.337750
50.233333	0.5	5.336950
50.241667	0.5	5.337400
50.250000	0.5	5.331050
50.258333	0.5	5.335500
50.266667	0.5	5.330850
50.275000	0.5	5.333900
50.283333	0.5	5.329250
50.291667	0.5	5.330100
50.300000	0.5	5.328500
50.308333	0.5	5.332600
50.316667	0.5	5.329250
50.325000	0.5	5.328400
50.333333	0.5	5.332450
50.341667	0.5	5.325100
50.350000	0.5	5.325000
50.358333	0.5	5.326050
50.366667	0.5	5.329100
50.375000	0.5	5.331200
50.383333	0.5	5.330300
50.391667	0.5	5.326600
50.400000	0.5	5.327800
50.408333	0.5	5.326100
50.416667	0.5	5.323000
50.425000	0.5	5.321400
50.433333	0.5	5.319150
50.441667	0.5	5.322400
50.450000	0.5	5.324500
50.458333	0.5	5.314550
50.466667	0.5	5.319600
50.475000	0.5	5.316900
50.483333	0.5	5.317000
50.491667	0.5	5.318350
50.500000	0.5	5.315350
50.508333	0.5	5.314300
50.516667	0.5	5.309450
50.525000	0.5	5.313450
50.533333	0.5	5.311000
50.541667	0.5	5.314300
50.550000	0.5	5.311050
50.558333	0.5	5.312050
50.566667	0.5	5.307000
50.575000	0.5	5.310600
50.583333	0.5	5.305900
50.591667	0.5	5.307050
50.600000	0.5	5.308150
50.608333	0.5	5.309450
50.616667	0.5	5.309300
50.625000	0.5	5.303800
50.633333	0.5	5.306700
50.641667	0.5	5.304200
50.650000	0.5	5.304800
50.658333	0.5	5.309350
50.666667	0.5	5.309050
50.675000	0.5	5.310750
50.683333	0.5	5.304050
50.691667	0.5	5.308300
50.700000	0.5	5.305300
50.708333	0.5	5.303750
50.716667	0.5	5.297500
50.725000	0.5	5.298200
50.733333	0.5	5.297600
50.741667	0.5	5.297750
50.750000	0.5	5.296950
50.758333	0.5	5.295050
50.766667	0.5	5.292650
50.775000	0.5	5.292750
50.783333	0.5	5.292500
50.791667	0.5	5.292500
50.800000	0.5	5.290550
50.808333	0.5	5.291100
50.816667	0.5	5.288200
50.825000	0.5	5.294850
50.833333	0.5	5.286250
50.841667	0.5	5.289000
50.850000	0.5	5.286150
50.858333	0.5	5.287050
50.866667	0.5	5.286050
50.875000	0.5	5.286650
50.883333	0.5	5.285500
50.891667	0.5	5.285800
50.900000	0.5	5.284450
50.908333	0.5	5.286450
50.916667	0.5	5.283750
50.925000	0.5	5.284800
50.933333	0.5	5.283400
50.941667	0.5	5.282400
50.950000	0.5	5.283750
50.958333	0.5	5.282000
50.966667	0.5	5.280300
50.975000	0.5	5.279150
50.983333	0.5	5.277550
50.991667	0.5	5.280300
51.000000	0.5	5.275850
51.008333	0.5	5.280850
51.016667	0.5	5.272550
51.025000	0.5	5.275650
51.033333	0.5	5.280750
51.041667	0.5	5.277700
51.050000	0.5	5.277850
51.058333	0.5	5.279350
51.066667	0.5	5.279350
51.075000	0.5	5.278150
51.083333	0.5	5.275050
51.091667	0.5	5.271250
51.100000	0.5	5.273250
51.108333	0.5	5.273700
51.116667	0.5	5.271850
51.125000	0.5	5.266050
51.133333	0.5	5.275350
51.141667	0.5	5.270400
51.150000	0.5	5.273600
51.158333	0.5	5.275350
51.166667	0.5	5.275850
51.175000	0.5	5.276800
51.183333	0.5	5.277950
51.191667	0.5	5.269650
51.200000	0.5	5.264900
51.208333	0.5	5.261050
51.216667	0.5	5.262250
51.225000	0.5	5.267300
51.233333	0.5	5.268150
51.241667	0.5	5.267100
51.250000	0.5	5.265950
51.258333	0.5	5.263450
51.266667	0.5	5.260400
51.275000	0.5	5.264250
51.283333	0.5	5.265100
51.291667	0.5	5.266950
51.300000	0.5	5.259350
51.308333	0.5	5.258650
51.316667	0.5	5.260500
51.325000	0.5	5.260050
51.333333	0.5	5.258750
51.341667	0.5	5.258450
51.350000	0.5	5.256550
51.358333	0.5	5.260050
51.366667	0.5	5.253750
51.375000	0.5	5.257300
51.383333	0.5	5.253400
51.391667	0.5	5.256150
51.400000	0.5	5.252500
51.408333	0.5	5.250100
51.416667	0.5	5.251000
51.425000	0.5	5.252350
51.433333	0.5	5.252600
51.441667	0.5	5.250650
51.450000	0.5	5.251900
51.458333	0.5	5.242800
51.466667	0.5	5.246650
51.475000	0.5	5.247150
51.483333	0.5	5.249200
51.491667	0.5	5.248150
51.500000	0.5	5.245650
51.508333	0.5	5.247400
51.516667	0.5	5.247950
51.525000	0.5	5.246450
51.533333	0.5	5.241450
51.541667	0.5	5.243000
51.550000	0.5	5.240450
51.558333	0.5	5.245600
51.566667	0.5	5.241100
51.575000	0.5	5.239350
51.583333	0.5	5.240650
51.591667	0.5	5.239350
51.600000	0.5	5.233100
51.608333	0.5	5.234850
51.616667	0.5	5.239600
51.625000	0.5	5.238450
51.633333	0.5	5.236200
51.641667	0.5	5.235550
51.650000	0.5	5.240700
51.658333	0.5	5.238400
51.666667	0.5	5.244300
51.675000	0.5	5.235350
51.683333	0.5	5.234450
51.691667	0.5	5.235950
51.700000	0.5	5.232000
51.708333	0.5	5.233800
51.716667	0.5	5.233750
51.725000	0.5	5.234650
51.733333	0.5	5.235300
51.741667	0.5	5.235650
51.750000	0.5	5.234650
51.758333	0.5	5.237550
51.766667	0.5	5.236100
51.775000	0.5	5.234150
51.783333	0.5	5.234550
51.791667	0.5	5.234700
51.800000	0.5	5.232300
51.808333	0.5	5.230850
51.816667	0.5	5.235150
51.825000	0.5	5.231150
51.833333	0.5	5.229650
51.841667	0.5	5.225200
51.850000	0.5	5.227250
51.858333	0.5	5.230100
51.866667	0.5	5.229400
51.875000	0.5	5.223900
51.883333	0.5	5.224500
51.891667	0.5	5.224650
51.900000	0.5	5.226650
51.908333	0.5	5.223300
51.916667	0.5	5.229900
51.925000	0.5	5.227000
51.933333	0.5	5.223650
51.941667	0.5	5.223650
51.950000	0.5	5.224400
51.958333	0.5	5.222900
51.966667	0.5	5.220300
51.975000	0.5	5.216750
51.983333	0.5	5.224550
51.991667	0.5	5.223800
52.000000	0.5	5.216950
52.008333	0.5	5.215800
52.016667	0.5	5.218000
52.025000	0.5	5.215900
52.033333	0.5	5.216700
52.041667	0.5	5.214350
52.050000	0.5	5.214400
52.058333	0.5	5.216350
52.066667	0.5	5.218450
52.075000	0.5	5.212150
52.083333	0.5	5.212550
52.091667	0.5	5.212600
52.100000	0.5	5.217100
52.108333	0.5	5.223450
52.116667	0.5	5.216150
52.125000	0.5	5.212900
52.133333	0.5	5.218100
52.141667	0.5	5.213500
52.150000	0.5	5.211550
52.158333	0.5	5.215700
52.166667	0.5	5.211300
52.175000	0.5	5.213150
52.183333	0.5	5.214400
52.191667	0.5	5.213350
52.200000	0.5	5.214100
52.208333	0.5	5.214100
52.216667	0.5	5.216050
52.225000	0.5	5.223100
52.233333	0.5	5.218700
52.241667	0.5	5.220550
52.250000	0.5	5.215750
52.258333	0.5	5.210600
52.266667	0.5	5.217800
52.275000	0.5	5.214900
52.283333	0.5	5.216600
52.291667	0.5	5.211250
52.300000	0.5	5.215250
52.308333	0.5	5.224550
52.316667	0.5	5.218650
52.325000	0.5	5.216550
52.333333	0.5	5.211350
52.341667	0.5	5.217500
52.350000	0.5	5.227000
52.358333	0.5	5.215100
52.366667	0.5	5.218550
52.375000	0.5	5.216950
52.383333	0.5	5.216350
52.391667	0.5	5.221050
52.400000	0.5	5.220050
52.408333	0.5	5.212750
52.416667	0.5	5.215200
52.425000	0.5	5.219000
52.433333	0.5	5.215200
52.441667	0.5	5.216550
52.450000	0.5	5.220500
52.458333	0.5	5.214000
52.466667	0.5	5.218250
52.475000	0.5	5.220050
52.483333	0.5	5.220950
52.491667	0.5	5.223050
52.500000	0.5	5.220650
52.508333	0.5	5.217250
52.516667	0.5	5.214450
52.525000	0.5	5.211950
52.533333	0.5	5.210300
52.541667	0.5	5.215950
52.550000	0.5	5.215700
52.558333	0.5	5.213850
52.566667	0.5	5.215450
52.575000	0.5	5.212800
52.583333	0.5	5.215450
52.591667	0.5	5.211350
52.600000	0.5	5.211100
52.608333	0.5	5.207750
52.616667	0.5	5.207300
52.625000	0.5	5.207000
52.633333	0.5	5.207150
52.641667	0.5	5.212250
52.650000	0.5	5.204450
52.658333	0.5	5.209150
52.666667	0.5	5.205500
52.675000	0.5	5.206100
52.683333	0.5	5.205600
52.691667	0.5	5.205650
52.700000	0.5	5.212850
52.708333	0.5	5.208200
52.716667	0.5	5.205700
52.725000	0.5	5.201500
52.733333	0.5	5.202750
52.741667	0.5	5.202350
52.750000	0.5	5.194650
52.758333	0.5	5.201150
52.766667	0.5	5.202600
52.775000	0.5	5.205550
52.783333	0.5	5.204800
52.791667	0.5	5.208650
52.800000	0.5	5.212050
52.808333	0.5	5.205350
52.816667	0.5	5.209900
52.825000	0.5	5.210650
52.833333	0.5	5.212850
52.841667	0.5	5.212500
52.850000	0.5	5.217100
52.858333	0.5	5.217000
52.866667	0.5	5.224500
52.875000	0.5	5.230950
52.883333	0.5	5.233850
52.891667	0.5	5.232350
52.900000	0.5	5.238700
52.908333	0.5	5.245650
52.916667	0.5	5.246650
52.925000	0.5	5.253100
52.933333	0.5	5.253150
52.941667	0.5	5.254300
52.950000	0.5	5.261400
52.958333	0.5	5.266900
52.966667	0.5	5.274450
52.975000	0.5	5.274600
52.983333	0.5	5.282900
52.991667	0.5	5.279050
53.000000	0.5	5.284500
53.008333	0.5	5.293500
53.016667	0.5	5.288850
53.025000	0.5	5.298450
53.033333	0.5	5.301550
53.041667	0.5	5.307900
53.050000	0.5	5.310400
53.058333	0.5	5.308200
53.066667	0.5	5.314350
53.075000	0.5	5.313050
53.083333	0.5	5.308400
53.091667	0.5	5.309900
53.100000	0.5	5.313100
53.108333	0.5	5.311300
53.116667	0.5	5.309750
53.125000	0.5	5.305450
53.133333	0.5	5.304100
53.141667	0.5	5.299650
53.150000	0.5	5.294750
53.158333	0.5	5.297100
53.166667	0.5	5.292100
53.175000	0.5	5.292000
53.183333	0.5	5.290850
53.191667	0.5	5.298600
53.200000	0.5	5.284850
53.208333	0.5	5.275700
53.216667	0.5	5.271750
53.225000	0.5	5.270500
53.233333	0.5	5.268400
53.241667	0.5	5.270850
53.250000	0.5	5.263450
53.258333	0.5	5.265250
53.266667	0.5	5.252150
53.275000	0.5	5.254600
53.283333	0.5	5.250000
53.291667	0.5	5.253250
53.300000	0.5	5.238650
53.308333	0.5	5.239050
53.316667	0.5	5.236050
53.325000	0.5	5.234350
53.333333	0.5	5.230700
53.341667	0.5	5.227400
53.350000	0.5	5.226050
53.358333	0.5	5.226350
53.366667	0.5	5.221800
53.375000	0.5	5.227250
53.383333	0.5	5.225250
53.391667	0.5	5.223200
53.400000	0.5	5.218900
53.408333	0.5	5.214900
53.416667	0.5	5.212800
53.425000	0.5	5.211550
53.433333	0.5	5.219350
53.441667	0.5	5.218150
53.450000	0.5	5.206550
53.458333	0.5	5.207350
53.466667	0.5	5.210550
53.475000	0.5	5.207400
53.483333	0.5	5.209250
53.491667	0.5	5.209550
53.500000	0.5	5.208650
53.508333	0.5	5.197900
53.516667	0.5	5.199100
53.525000	0.5	5.205900
53.533333	0.5	5.202950
53.541667	0.5	5.200150
53.550000	0.5	5.204550
53.558333	0.5	5.202100
53.566667	0.5	5.205450
53.575000	0.5	5.210600
53.583333	0.5	5.206650
53.591667	0.5	5.197900
53.600000	0.5	5.203000
53.608333	0.5	5.197750
53.616667	0.5	5.208050
53.625000	0.5	5.202150
53.633333	0.5	5.201200
53.641667	0.5	5.204900
53.650000	0.5	5.200800
53.658333	0.5	5.203350
53.666667	0.5	5.204150
53.675000	0.5	5.195400
53.683333	0.5	5.198500
53.691667	0.5	5.198700
53.700000	0.5	5.204400
53.708333	0.5	5.202150
53.716667	0.5	5.202400
53.725000	0.5	5.201300
53.733333	0.5	5.199200
53.741667	0.5	5.203300
53.750000	0.5	5.211950
53.758333	0.5	5.209750
53.766667	0.5	5.209550
53.775000	0.5	5.210300
53.783333	0.5	5.205550
53.791667	0.5	5.210200
53.800000	0.5	5.213400
53.808333	0.5	5.206350
53.816667	0.5	5.206450
53.825000	0.5	5.213300
53.833333	0.5	5.213850
53.841667	0.5	5.209900
53.850000	0.5	5.224550
53.858333	0.5	5.218700
53.866667	0.5	5.220500
53.875000	0.5	5.215400
53.883333	0.5	5.226350
53.891667	0.5	5.227650
53.900000	0.5	5.235450
53.908333	0.5	5.274500
53.916667	0.5	5.349250
53.925000	0.5	5.437050
53.933333	0.5	5.523400
53.941667	0.5	5.592000
53.950000	0.5	5.634800
53.958333	0.5	5.613250
53.966667	0.5	5.561550
53.975000	0.5	5.492400
53.983333	0.5	5.422550
53.991667	0.5	5.359850
54.000000	0.5	5.306200
54.008333	0.5	5.269650
54.016667	0.5	5.244550
54.025000	0.5	5.215450
54.033333	0.5	5.198900
54.041667	0.5	5.188800
54.050000	0.5	5.178050
54.058333	0.5	5.159700
54.066667	0.5	5.156200
54.075000	0.5	5.147450
54.083333	0.5	5.144000
54.091667	0.5	5.141700
54.100000	0.5	5.143350
54.108333	0.5	5.139550
54.116667	0.5	5.135450
54.125000	0.5	5.135900
54.133333	0.5	5.134250
54.141667	0.5	5.130450
54.150000	0.5	5.128100
54.158333	0.5	5.125050
54.166667	0.5	5.126900
54.175000	0.5	5.129650
54.183333	0.5	5.117850
54.191667	0.5	5.123450
54.200000	0.5	5.118000
54.208333	0.5	5.116550
54.216667	0.5	5.116100
54.225000	0.5	5.116900
54.233333	0.5	5.116100
54.241667	0.5	5.120650
54.250000	0.5	5.116100
54.258333	0.5	5.110150
54.266667	0.5	5.114100
54.275000	0.5	5.113800
54.283333	0.5	5.110100
54.291667	0.5	5.116100
54.300000	0.5	5.106800
54.308333	0.5	5.112350
54.316667	0.5	5.109450
54.325000	0.5	5.108400
54.333333	0.5	5.110700
54.341667	0.5	5.108650
54.350000	0.5	5.103550
54.358333	0.5	5.104950
54.366667	0.5	5.108150
54.375000	0.5	5.108050
54.383333	0.5	5.107150
54.391667	0.5	5.106600
54.400000	0.5	5.108250
54.408333	0.5	5.102750
54.416667	0.5	5.101850
54.425000	0.5	5.098500
54.433333	0.5	5.105450
54.441667	0.5	5.101200
54.450000	0.5	5.101800
54.458333	0.5	5.097400
54.466667	0.5	5.104100
54.475000	0.5	5.099900
54.483333	0.5	5.096150
54.491667	0.5	5.101050
54.500000	0.5	5.099700
54.508333	0.5	5.101150
54.516667	0.5	5.099100
54.525000	0.5	5.102650
54.533333	0.5	5.093300
54.541667	0.5	5.090600
54.550000	0.5	5.099600
54.558333	0.5	5.096650
54.566667	0.5	5.099950
54.575000	0.5	5.099400
54.583333	0.5	5.099600
54.591667	0.5	5.092600
54.600000	0.5	5.088250
54.608333	0.5	5.087550
54.616667	0.5	5.094250
54.625000	0.5	5.095550
54.633333	0.5	5.093900
54.641667	0.5	5.086900
54.650000	0.5	5.092450
54.658333	0.5	5.098450
54.666667	0.5	5.091750
54.675000	0.5	5.092400
54.683333	0.5	5.090950
54.691667	0.5	5.095950
54.700000	0.5	5.091600
54.708333	0.5	5.097350
54.716667	0.5	5.094550
54.725000	0.5	5.093050
54.733333	0.5	5.085000
54.741667	0.5	5.089650
54.750000	0.5	5.092900
54.758333	0.5	5.091150
54.766667	0.5	5.094000
54.775000	0.5	5.091550
54.783333	0.5	5.093700
54.791667	0.5	5.092850
54.800000	0.5	5.092350
54.808333	0.5	5.094050
54.816667	0.5	5.084150
54.825000	0.5	5.089650
54.833333	0.5	5.088600
54.841667	0.5	5.088850
54.850000	0.5	5.090500
54.858333	0.5	5.087200
54.866667	0.5	5.093600
54.875000	0.5	5.090950
54.883333	0.5	5.089000
54.891667	0.5	5.088700
54.900000	0.5	5.090200
54.908333	0.5	5.098550
54.916667	0.5	5.088600
54.925000	0.5	5.087050
54.933333	0.5	5.088650
54.941667	0.5	5.092200
54.950000	0.5	5.089050
54.958333	0.5	5.086650
54.966667	0.5	5.088850
54.975000	0.5	5.097650
54.983333	0.5	5.086000
54.991667	0.5	5.098650
55.000000	0.5	5.091650
55.008333	0.5	5.094150
55.016667	0.5	5.095000
55.025000	0.5	5.085100
55.033333	0.5	5.086150
55.041667	0.5	5.091150
55.050000	0.5	5.083850
55.058333	0.5	5.087450
55.066667	0.5	5.087600
55.075000	0.5	5.089950
55.083333	0.5	5.089100
55.091667	0.5	5.087550
55.100000	0.5	5.087500
55.108333	0.5	5.092100
55.116667	0.5	5.087850
55.125000	0.5	5.086850
55.133333	0.5	5.090700
55.141667	0.5	5.087650
55.150000	0.5	5.087000
55.158333	0.5	5.088300
55.166667	0.5	5.086400
55.175000	0.5	5.095800
55.183333	0.5	5.087600
55.191667	0.5	5.093050
55.200000	0.5	5.092300
55.208333	0.5	5.088400
55.216667	0.5	5.090600
55.225000	0.5	5.091500
55.233333	0.5	5.086700
55.241667	0.5	5.089250
55.250000	0.5	5.086200
55.258333	0.5	5.090950
55.266667	0.5	5.087150
55.275000	0.5	5.093550
55.283333	0.5	5.084450
55.291667	0.5	5.083800
55.300000	0.5	5.086200
55.308333	0.5	5.081550
55.316667	0.5	5.088150
55.325000	0.5	5.090650
55.333333	0.5	5.083950
55.341667	0.5	5.093200
55.350000	0.5	5.089300
55.358333	0.5	5.090800
55.366667	0.5	5.086900
55.375000	0.5	5.088650
55.383333	0.5	5.084850
55.391667	0.5	5.083100
55.400000	0.5	5.089950
55.408333	0.5	5.089800
55.416667	0.5	5.084700
55.425000	0.5	5.086500
55.433333	0.5	5.084300
55.441667	0.5	5.085400
55.450000	0.5	5.083500
55.458333	0.5	5.085700
55.466667	0.5	5.081950
55.475000	0.5	5.090800
55.483333	0.5	5.086850
55.491667	0.5	5.087650
55.500000	0.5	5.091900
55.508333	0.5	5.081900
55.516667	0.5	5.085650
55.525000	0.5	5.088750
55.533333	0.5	5.085700
55.541667	0.5	5.088600
55.550000	0.5	5.086850
55.558333	0.5	5.085100
55.566667	0.5	5.082950
55.575000	0.5	5.088500
55.583333	0.5	5.091350
55.591667	0.5	5.093050
55.600000	0.5	5.088950
55.608333	0.5	5.093800
55.616667	0.5	5.089000
55.625000	0.5	5.090850
55.633333	0.5	5.089350
55.641667	0.5	5.095350
55.650000	0.5	5.097550
55.658333	0.5	5.096100
55.666667	0.5	5.105850
55.675000	0.5	5.101100
55.683333	0.5	5.096200
55.691667	0.5	5.095250
55.700000	0.5	5.098700
55.708333	0.5	5.101250
55.716667	0.5	5.101350
55.725000	0.5	5.098600
55.733333	0.5	5.103800
55.741667	0.5	5.094600
55.750000	0.5	5.098600
55.758333	0.5	5.103400
55.766667	0.5	5.101150
55.775000	0.5	5.099650
55.783333	0.5	5.104000
55.791667	0.5	5.096900
55.800000	0.5	5.104350
55.808333	0.5	5.103850
55.816667	0.5	5.112200
55.825000	0.5	5.108300
55.833333	0.5	5.100950
55.841667	0.5	5.108950
55.850000	0.5	5.106000
55.858333	0.5	5.103600
55.866667	0.5	5.112400
55.875000	0.5	5.104800
55.883333	0.5	5.106600
55.891667	0.5	5.110050
55.900000	0.5	5.115700
55.908333	0.5	5.104450
55.916667	0.5	5.110000
55.925000	0.5	5.109150
55.933333	0.5	5.112150
55.941667	0.5	5.116850
55.950000	0.5	5.112050
55.958333	0.5	5.117250
55.966667	0.5	5.118250
55.975000	0.5	5.112850
55.983333	0.5	5.111350
55.991667	0.5	5.115600
56.000000	0.5	5.112900
56.008333	0.5	5.113950
56.016667	0.5	5.114700
56.025000	0.5	5.114400
56.033333	0.5	5.116700
56.041667	0.5	5.119350
56.050000	0.5	5.108200
56.058333	0.5	5.108200
56.066667	0.5	5.109100
56.075000	0.5	5.113000
56.083333	0.5	5.116200
56.091667	0.5	5.113300
56.100000	0.5	5.108350
56.108333	0.5	5.108300
56.116667	0.5	5.108350
56.125000	0.5	5.104900
56.133333	0.5	5.104650
56.141667	0.5	5.107050
56.150000	0.5	5.107850
56.158333	0.5	5.112250
56.166667	0.5	5.103450
56.175000	0.5	5.102350
56.183333	0.5	5.103550
56.191667	0.5	5.105500
56.200000	0.5	5.098900
56.208333	0.5	5.101600
56.216667	0.5	5.102450
56.225000	0.5	5.102200
56.233333	0.5	5.106650
56.241667	0.5	5.102450
56.250000	0.5	5.102350
56.258333	0.5	5.104750
56.266667	0.5	5.104150
56.275000	0.5	5.100550
56.283333	0.5	5.103800
56.291667	0.5	5.103750
56.300000	0.5	5.094250
56.308333	0.5	5.102400
56.316667	0.5	5.100400
56.325000	0.5	5.102150
56.333333	0.5	5.103050
56.341667	0.5	5.109300
56.350000	0.5	5.101700
56.358333	0.5	5.104700
56.366667	0.5	5.105450
56.375000	0.5	5.100800
56.383333	0.5	5.099850
56.391667	0.5	5.098750
56.400000	0.5	5.109850
56.408333	0.5	5.107350
56.416667	0.5	5.107100
56.425000	0.5	5.105200
56.433333	0.5	5.100800
56.441667	0.5	5.101250
56.450000	0.5	5.107700
56.458333	0.5	5.102900
56.466667	0.5	5.102950
56.475000	0.5	5.105150
56.483333	0.5	5.103800
56.491667	0.5	5.106500
56.500000	0.5	5.107400
56.508333	0.5	5.107200
56.516667	0.5	5.107950
56.525000	0.5	5.109350
56.533333	0.5	5.105500
56.541667	0.5	5.107550
56.550000	0.5	5.119400
56.558333	0.5	5.109000
56.566667	0.5	5.102450
56.575000	0.5	5.106200
56.583333	0.5	5.103050
56.591667	0.5	5.109350
56.600000	0.5	5.116450
56.608333	0.5	5.107400
56.616667	0.5	5.116800
56.625000	0.5	5.104550
56.633333	0.5	5.113100
56.641667	0.5	5.107300
56.650000	0.5	5.104400
56.658333	0.5	5.108050
56.666667	0.5	5.105300
56.675000	0.5	5.106950
56.683333	0.5	5.103000
56.691667	0.5	5.109900
56.700000	0.5	5.110850
56.708333	0.5	5.113800
56.716667	0.5	5.114050
56.725000	0.5	5.113100
56.733333	0.5	5.108900
56.741667	0.5	5.101450
56.750000	0.5	5.109100
56.758333	0.5	5.101450
56.766667	0.5	5.102400
56.775000	0.5	5.103550
56.783333	0.5	5.111050
56.791667	0.5	5.104950
56.800000	0.5	5.112750
56.808333	0.5	5.111950
56.816667	0.5	5.111800
56.825000	0.5	5.110150
56.833333	0.5	5.109000
56.841667	0.5	5.107050
56.850000	0.5	5.114050
56.858333	0.5	5.116950
56.866667	0.5	5.111350
56.875000	0.5	5.111950
56.883333	0.5	5.116550
56.891667	0.5	5.119700
56.900000	0.5	5.123650
56.908333	0.5	5.117850
56.916667	0.5	5.115050
56.925000	0.5	5.118900
56.933333	0.5	5.111600
56.941667	0.5	5.114100
56.950000	0.5	5.116500
56.958333	0.5	5.119000
56.966667	0.5	5.109500
56.975000	0.5	5.111800
56.983333	0.5	5.118550
56.991667	0.5	5.118500
57.000000	0.5	5.118350
57.008333	0.5	5.121700
57.016667	0.5	5.117850
57.025000	0.5	5.124800
57.033333	0.5	5.128200
57.041667	0.5	5.117550
57.050000	0.5	5.125050
57.058333	0.5	5.122800
57.066667	0.5	5.126900
57.075000	0.5	5.125350
57.083333	0.5	5.127050
57.091667	0.5	5.132450
57.100000	0.5	5.130650
57.108333	0.5	5.143850
57.116667	0.5	5.128400
57.125000	0.5	5.132350
57.133333	0.5	5.128400
57.141667	0.5	5.131850
57.150000	0.5	5.132900
57.158333	0.5	5.133950
57.166667	0.5	5.141300
57.175000	0.5	5.134950
57.183333	0.5	5.141750
57.191667	0.5	5.140900
57.200000	0.5	5.146950
57.208333	0.5	5.142400
57.216667	0.5	5.148100
57.225000	0.5	5.153400
57.233333	0.5	5.149150
57.241667	0.5	5.160400
57.250000	0.5	5.154050
57.258333	0.5	5.152150
57.266667	0.5	5.163650
57.275000	0.5	5.161950
57.283333	0.5	5.168650
57.291667	0.5	5.168900
57.300000	0.5	5.167500
57.308333	0.5	5.177150
57.316667	0.5	5.180900
57.325000	0.5	5.189650
57.333333	0.5	5.189800
57.341667	0.5	5.182000
57.350000	0.5	5.196500
57.358333	0.5	5.200200
57.366667	0.5	5.204250
57.375000	0.5	5.206050
57.383333	0.5	5.205950
57.391667	0.5	5.214050
57.400000	0.5	5.213800
57.408333	0.5	5.217500
57.416667	0.5	5.223700
57.425000	0.5	5.224500
57.433333	0.5	5.224350
57.441667	0.5	5.232550
57.450000	0.5	5.237500
57.458333	0.5	5.245500
57.466667	0.5	5.253150
57.475000	0.5	5.252050
57.483333	0.5	5.249600
57.491667	0.5	5.259500
57.500000	0.5	5.253800
57.508333	0.5	5.261500
57.516667	0.5	5.266850
57.525000	0.5	5.273450
57.533333	0.5	5.272250
57.541667	0.5	5.277950
57.550000	0.5	5.277450
57.558333	0.5	5.284100
57.566667	0.5	5.290100
57.575000	0.5	5.285800
57.583333	0.5	5.288250
57.591667	0.5	5.288900
57.600000	0.5	5.289450
57.608333	0.5	5.288950
57.616667	0.5	5.294650
57.625000	0.5	5.291700
57.633333	0.5	5.288650
57.641667	0.5	5.291000
57.650000	0.5	5.292450
57.658333	0.5	5.288700
57.666667	0.5	5.302250
57.675000	0.5	5.296400
57.683333	0.5	5.292500
57.691667	0.5	5.292150
57.700000	0.5	5.301550
57.708333	0.5	5.292650
57.716667	0.5	5.289650
57.725000	0.5	5.284200
57.733333	0.5	5.282900
57.741667	0.5	5.288200
57.750000	0.5	5.278800
57.758333	0.5	5.284200
57.766667	0.5	5.274150
57.775000	0.5	5.275950
57.783333	0.5	5.268650
57.791667	0.5	5.273150
57.800000	0.5	5.259650
57.808333	0.5	5.258300
57.816667	0.5	5.260200
57.825000	0.5	5.255600
57.833333	0.5	5.255600
57.841667	0.5	5.255600
57.850000	0.5	5.248650
57.858333	0.5	5.254050
57.866667	0.5	5.240250
57.875000	0.5	5.239250
57.883333	0.5	5.247250
57.891667	0.5	5.243650
57.900000	0.5	5.234750
57.908333	0.5	5.222000
57.916667	0.5	5.226650
57.925000	0.5	5.213100
57.933333	0.5	5.209750
57.941667	0.5	5.216500
57.950000	0.5	5.211600
57.958333	0.5	5.207150
57.966667	0.5	5.201600
57.975000	0.5	5.198850
57.983333	0.5	5.193950
57.991667	0.5	5.185600
58.000000	0.5	5.189550
58.008333	0.5	5.181000
58.016667	0.5	5.172450
58.025000	0.5	5.173350
58.033333	0.5	5.169050
58.041667	0.5	5.160800
58.050000	0.5	5.170250
58.058333	0.5	5.159100
58.066667	0.5	5.149450
58.075000	0.5	5.149200
58.083333	0.5	5.145100
58.091667	0.5	5.143600
58.100000	0.5	5.134100
58.108333	0.5	5.135550
58.116667	0.5	5.133900
58.125000	0.5	5.125000
58.133333	0.5	5.123000
58.141667	0.5	5.120550
58.150000	0.5	5.117400
58.158333	0.5	5.113800
58.166667	0.5	5.116300
58.175000	0.5	5.100850
58.183333	0.5	5.104100
58.191667	0.5	5.098800
58.200000	0.5	5.100400
58.208333	0.5	5.095850
58.216667	0.5	5.085450
58.225000	0.5	5.084150
58.233333	0.5	5.082950
58.241667	0.5	5.085400
58.250000	0.5	5.079200
58.258333	0.5	5.081100
58.266667	0.5	5.078300
58.275000	0.5	5.074050
58.283333	0.5	5.077950
58.291667	0.5	5.072500
58.300000	0.5	5.070700
58.308333	0.5	5.068200
58.316667	0.5	5.069850
58.325000	0.5	5.065950
58.333333	0.5	5.066250
58.341667	0.5	5.063150
58.350000	0.5	5.058750
58.358333	0.5	5.065750
58.366667	0.5	5.051200
58.375000	0.5	5.045200
58.383333	0.5	5.047850
58.391667	0.5	5.044900
58.400000	0.5	5.040200
58.408333	0.5	5.052650
58.416667	0.5	5.042500
58.425000	0.5	5.054350
58.433333	0.5	5.046000
58.441667	0.5	5.051150
58.450000	0.5	5.046900
58.458333	0.5	5.049050
58.466667	0.5	5.048850
58.475000	0.5	5.049450
58.483333	0.5	5.044650
58.491667	0.5	5.052250
58.500000	0.5	5.051150
58.508333	0.5	5.061750
58.516667	0.5	5.059350
58.525000	0.5	5.062150
58.533333	0.5	5.064500
58.541667	0.5	5.070750
58.550000	0.5	5.073900
58.558333	0.5	5.065600
58.566667	0.5	5.069100
58.575000	0.5	5.083400
58.583333	0.5	5.078300
58.591667	0.5	5.089150
58.600000	0.5	5.097000
58.608333	0.5	5.089800
58.616667	0.5	5.099250
58.625000	0.5	5.104800
58.633333	0.5	5.105350
58.641667	0.5	5.102400
58.650000	0.5	5.112150
58.658333	0.5	5.111600
58.666667	0.5	5.122100
58.675000	0.5	5.119950
58.683333	0.5	5.126800
58.691667	0.5	5.124400
58.700000	0.5	5.129550
58.708333	0.5	5.134550
58.716667	0.5	5.148450
58.725000	0.5	5.143950
58.733333	0.5	5.145100
58.741667	0.5	5.147450
58.750000	0.5	5.151000
58.758333	0.5	5.149450
58.766667	0.5	5.152850
58.775000	0.5	5.157100
58.783333	0.5	5.149800
58.791667	0.5	5.156600
58.800000	0.5	5.159150
58.808333	0.5	5.169600
58.816667	0.5	5.153500
58.825000	0.5	5.162350
58.833333	0.5	5.154850
58.841667	0.5	5.153700
58.850000	0.5	5.154150
58.858333	0.5	5.144200
58.866667	0.5	5.145850
58.875000	0.5	5.152800
58.883333	0.5	5.139350
58.891667	0.5	5.146100
58.900000	0.5	5.143950
58.908333	0.5	5.145300
58.916667	0.5	5.140950
58.925000	0.5	5.127350
58.933333	0.5	5.141250
58.941667	0.5	5.134550
58.950000	0.5	5.132350
58.958333	0.5	5.115600
58.966667	0.5	5.120350
58.975000	0.5	5.116700
58.983333	0.5	5.124950
58.991667	0.5	5.113050
59.000000	0.5	5.109000
59.008333	0.5	5.108400
59.016667	0.5	5.105200
59.025000	0.5	5.101600
59.033333	0.5	5.112200
59.041667	0.5	5.100600
59.050000	0.5	5.097100
59.058333	0.5	5.098400
59.066667	0.5	5.104500
59.075000	0.5	5.104300
59.083333	0.5	5.094900
59.091667	0.5	5.093200
59.100000	0.5	5.107250
59.108333	0.5	5.100450
59.116667	0.5	5.096050
59.125000	0.5	5.092500
59.133333	0.5	5.098550
59.141667	0.5	5.102450
59.150000	0.5	5.107400
59.158333	0.5	5.098250
59.166667	0.5	5.096650
59.175000	0.5	5.094750
59.183333	0.5	5.106950
59.191667	0.5	5.101000
59.200000	0.5	5.101850
59.208333	0.5	5.092100
59.216667	0.5	5.096000
59.225000	0.5	5.102550
59.233333	0.5	5.089400
59.241667	0.5	5.106950
59.250000	0.5	5.088900
59.258333	0.5	5.086950
59.266667	0.5	5.098650
59.275000	0.5	5.085850
59.283333	0.5	5.085400
59.291667	0.5	5.096350
59.300000	0.5	5.082800
59.308333	0.5	5.102100
59.316667	0.5	5.095300
59.325000	0.5	5.096550
59.333333	0.5	5.087400
59.341667	0.5	5.089850
59.350000	0.5	5.081200
59.358333	0.5	5.083750
59.366667	0.5	5.093700
59.375000	0.5	5.090000
59.383333	0.5	5.083350
59.391667	0.5	5.077850
59.400000	0.5	5.079350
59.408333	0.5	5.070550
59.416667	0.5	5.080950
59.425000	0.5	5.072100
59.433333	0.5	5.075450
59.441667	0.5	5.067650
59.450000	0.5	5.065550
59.458333	0.5	5.061800
59.466667	0.5	5.060250
59.475000	0.5	5.046150
59.483333	0.5	5.043300
59.491667	0.5	5.044500
59.500000	0.5	5.036600
59.508333	0.5	5.029650
59.516667	0.5	5.025900
59.525000	0.5	5.018450
59.533333	0.5	5.025200
59.541667	0.5	5.002150
59.550000	0.5	5.009550
59.558333	0.5	4.999600
59.566667	0.5	4.986650
59.575000	0.5	4.997900
59.583333	0.5	4.988500
59.591667	0.5	4.988000
59.600000	0.5	4.978700
59.608333	0.5	4.978550
59.616667	0.5	4.985150
59.625000	0.5	4.975850
59.633333	0.5	4.978800
59.641667	0.5	4.965100
59.650000	0.5	4.967400
59.658333	0.5	4.960050
59.666667	0.5	4.981900
59.675000	0.5	4.963800
59.683333	0.5	4.956100
59.691667	0.5	4.963050
59.700000	0.5	4.955500
59.708333	0.5	4.951050
59.716667	0.5	4.951550
59.725000	0.5	4.951150
59.733333	0.5	4.964200
59.741667	0.5	4.956400
59.750000	0.5	4.959750
59.758333	0.5	4.961250
59.766667	0.5	4.957800
59.775000	0.5	4.968400
59.783333	0.5	4.971200
59.791667	0.5	4.974250
59.800000	0.5	4.970550
59.808333	0.5	4.987650
59.816667	0.5	4.971700
59.825000	0.5	4.988000
59.833333	0.5	4.985000
59.841667	0.5	4.990700
59.850000	0.5	4.990750
59.858333	0.5	4.987250
59.866667	0.5	4.996900
59.875000	0.5	4.991550
59.883333	0.5	4.998500
59.891667	0.5	5.008400
59.900000	0.5	5.016250
59.908333	0.5	5.024750
59.916667	0.5	5.021700
59.925000	0.5	5.023700
59.933333	0.5	5.025800
59.941667	0.5	5.029900
59.950000	0.5	5.032550
59.958333	0.5	5.025050
59.966667	0.5	5.034300
59.975000	0.5	5.034750
59.983333	0.5	5.025800
59.991667	0.5	5.033850
60.000000	0.5	5.040850
