URL	chrom://arspawyn4ahlab1/ChromeleonLocal/Instrument Data/ICS3000/2025_Feb 11.seq/270.smp/ED_1.channel/ED_1.chm
Channel	ED_1

Injection Information:
Data Vault	ChromeleonLocal
Sequence	2025_Feb 11
Name	1,1,1-Kestose pentaose 40 ug/mL
Number	24
Position	RC8
Comment	
Processing Method	Quantitative
Instrument Method	Neutral Oligosaccharides V ICS 3000
Type	Unknown
Status	Finished
Inject Time	2/13/2025 2:17:06 PM -05:00
Volume (µl)	25.0000
Dilution Factor	1.0000
Weight	1.0000

Chromatogram Data Information:
Time Min. (min)	0.000000
Time Max. (min)	61.308333
Data Points	7358
Detector	EDet1
Generating Data System	Chromeleon 7.3.0.60919
Exporting Data System	Chromeleon 7.3.0.0
Operator	Instrument Controller
Signal Quantity	
Signal Unit	nC
Signal Min.	-0.675200
Signal Max.	14.446050
Channel	ED_1
Driver Name	DC-3000
Channel Type	Evaluation
Min. Step (s)	0.5
Max. Step (s)	0.5
Average Step (s)	0.5

Signal Parameter Information:
Signal Info	

Chromatogram Data:
Time (min)	Step (s)	Value (nC)
0.000000	n.a.	0.012400
0.008333	0.5	0.017600
0.016667	0.5	0.016650
0.025000	0.5	0.014600
0.033333	0.5	0.013650
0.041667	0.5	0.015550
0.050000	0.5	0.018900
0.058333	0.5	0.009250
0.066667	0.5	0.001350
0.075000	0.5	-0.002350
0.083333	0.5	-0.004800
0.091667	0.5	-0.005750
0.100000	0.5	-0.005950
0.108333	0.5	-0.004800
0.116667	0.5	-0.000500
0.125000	0.5	0.003850
0.133333	0.5	0.002300
0.141667	0.5	0.007450
0.150000	0.5	0.003050
0.158333	0.5	-0.003750
0.166667	0.5	-0.008700
0.175000	0.5	-0.011450
0.183333	0.5	-0.013250
0.191667	0.5	-0.011400
0.200000	0.5	-0.010750
0.208333	0.5	-0.007750
0.216667	0.5	-0.005050
0.225000	0.5	-0.003850
0.233333	0.5	-0.000050
0.241667	0.5	0.003450
0.250000	0.5	-0.003400
0.258333	0.5	-0.009150
0.266667	0.5	-0.011600
0.275000	0.5	-0.012450
0.283333	0.5	-0.012400
0.291667	0.5	-0.011050
0.300000	0.5	-0.007250
0.308333	0.5	-0.006300
0.316667	0.5	-0.004550
0.325000	0.5	-0.002450
0.333333	0.5	0.002650
0.341667	0.5	-0.001000
0.350000	0.5	-0.007350
0.358333	0.5	-0.012950
0.366667	0.5	-0.014450
0.375000	0.5	-0.014750
0.383333	0.5	-0.012900
0.391667	0.5	-0.011350
0.400000	0.5	-0.007300
0.408333	0.5	-0.004700
0.416667	0.5	-0.003750
0.425000	0.5	0.001100
0.433333	0.5	0.001600
0.441667	0.5	-0.004600
0.450000	0.5	-0.012450
0.458333	0.5	-0.013400
0.466667	0.5	-0.016150
0.475000	0.5	-0.015600
0.483333	0.5	-0.015150
0.491667	0.5	-0.013150
0.500000	0.5	-0.010200
0.508333	0.5	-0.008100
0.516667	0.5	-0.004950
0.525000	0.5	0.000350
0.533333	0.5	-0.003200
0.541667	0.5	-0.010500
0.550000	0.5	-0.014950
0.558333	0.5	-0.016100
0.566667	0.5	-0.015850
0.575000	0.5	-0.014200
0.583333	0.5	-0.013000
0.591667	0.5	-0.010700
0.600000	0.5	-0.007750
0.608333	0.5	-0.006800
0.616667	0.5	-0.002000
0.625000	0.5	0.000850
0.633333	0.5	-0.005800
0.641667	0.5	-0.011450
0.650000	0.5	-0.014200
0.658333	0.5	-0.014900
0.666667	0.5	-0.014650
0.675000	0.5	-0.013550
0.683333	0.5	-0.013550
0.691667	0.5	-0.009650
0.700000	0.5	-0.006750
0.708333	0.5	-0.004150
0.716667	0.5	0.003500
0.725000	0.5	-0.002050
0.733333	0.5	-0.008300
0.741667	0.5	-0.012350
0.750000	0.5	-0.012500
0.758333	0.5	-0.013650
0.766667	0.5	-0.011650
0.775000	0.5	-0.009650
0.783333	0.5	-0.009350
0.791667	0.5	-0.005750
0.800000	0.5	-0.002750
0.808333	0.5	0.001350
0.816667	0.5	0.003400
0.825000	0.5	-0.002050
0.833333	0.5	-0.007100
0.841667	0.5	-0.010400
0.850000	0.5	-0.011350
0.858333	0.5	-0.010100
0.866667	0.5	-0.006600
0.875000	0.5	-0.007700
0.883333	0.5	-0.004600
0.891667	0.5	-0.001100
0.900000	0.5	0.002850
0.908333	0.5	0.006750
0.916667	0.5	0.002500
0.925000	0.5	-0.004400
0.933333	0.5	-0.008650
0.941667	0.5	-0.008650
0.950000	0.5	-0.009200
0.958333	0.5	-0.009350
0.966667	0.5	-0.008800
0.975000	0.5	-0.004150
0.983333	0.5	-0.000350
0.991667	0.5	0.000550
1.000000	0.5	0.005200
1.008333	0.5	0.005350
1.016667	0.5	-0.000600
1.025000	0.5	-0.007450
1.033333	0.5	-0.008550
1.041667	0.5	-0.009500
1.050000	0.5	-0.008350
1.058333	0.5	-0.006550
1.066667	0.5	-0.004850
1.075000	0.5	-0.002150
1.083333	0.5	-0.000800
1.091667	0.5	0.001950
1.100000	0.5	0.008550
1.108333	0.5	0.003500
1.116667	0.5	-0.005500
1.125000	0.5	-0.009750
1.133333	0.5	-0.010650
1.141667	0.5	-0.012100
1.150000	0.5	-0.010700
1.158333	0.5	-0.008800
1.166667	0.5	-0.007900
1.175000	0.5	-0.003650
1.183333	0.5	-0.002600
1.191667	0.5	0.005100
1.200000	0.5	0.003800
1.208333	0.5	-0.002900
1.216667	0.5	-0.009650
1.225000	0.5	-0.010550
1.233333	0.5	-0.009800
1.241667	0.5	-0.008850
1.250000	0.5	-0.007450
1.258333	0.5	-0.004850
1.266667	0.5	-0.000450
1.275000	0.5	0.002450
1.283333	0.5	0.005300
1.291667	0.5	0.009850
1.300000	0.5	0.007400
1.308333	0.5	0.002800
1.316667	0.5	0.000050
1.325000	0.5	0.000550
1.333333	0.5	0.002500
1.341667	0.5	0.004450
1.350000	0.5	0.006350
1.358333	0.5	0.007800
1.366667	0.5	0.011950
1.375000	0.5	0.014600
1.383333	0.5	0.022750
1.391667	0.5	0.023750
1.400000	0.5	0.020400
1.408333	0.5	0.015950
1.416667	0.5	0.015800
1.425000	0.5	0.015850
1.433333	0.5	0.017900
1.441667	0.5	0.020550
1.450000	0.5	0.024850
1.458333	0.5	0.027750
1.466667	0.5	0.032450
1.475000	0.5	0.037150
1.483333	0.5	0.043750
1.491667	0.5	0.040500
1.500000	0.5	0.035100
1.508333	0.5	0.035100
1.516667	0.5	0.034350
1.525000	0.5	0.037250
1.533333	0.5	0.039600
1.541667	0.5	0.042350
1.550000	0.5	0.045900
1.558333	0.5	0.050550
1.566667	0.5	0.052650
1.575000	0.5	0.061250
1.583333	0.5	0.065350
1.591667	0.5	0.062000
1.600000	0.5	0.057000
1.608333	0.5	0.056350
1.616667	0.5	0.057700
1.625000	0.5	0.060550
1.633333	0.5	0.064000
1.641667	0.5	0.068450
1.650000	0.5	0.073250
1.658333	0.5	0.077800
1.666667	0.5	0.083200
1.675000	0.5	0.091250
1.683333	0.5	0.088100
1.691667	0.5	0.077650
1.700000	0.5	0.061850
1.708333	0.5	0.014700
1.716667	0.5	-0.077200
1.725000	0.5	-0.216050
1.733333	0.5	-0.386950
1.741667	0.5	-0.546550
1.750000	0.5	-0.650250
1.758333	0.5	-0.675200
1.766667	0.5	-0.636900
1.775000	0.5	-0.582000
1.783333	0.5	-0.530150
1.791667	0.5	-0.478000
1.800000	0.5	-0.417450
1.808333	0.5	-0.351150
1.816667	0.5	-0.286700
1.825000	0.5	-0.229650
1.833333	0.5	-0.229200
1.841667	0.5	-0.133000
1.850000	0.5	-0.096000
1.858333	0.5	-0.062400
1.866667	0.5	-0.029200
1.875000	0.5	-0.010800
1.883333	0.5	0.005300
1.891667	0.5	0.020900
1.900000	0.5	0.038800
1.908333	0.5	0.055450
1.916667	0.5	0.072900
1.925000	0.5	0.089600
1.933333	0.5	0.107700
1.941667	0.5	0.125300
1.950000	0.5	0.140300
1.958333	0.5	0.158800
1.966667	0.5	0.173600
1.975000	0.5	0.183050
1.983333	0.5	0.196100
1.991667	0.5	0.214650
2.000000	0.5	0.232600
2.008333	0.5	0.248350
2.016667	0.5	0.264000
2.025000	0.5	0.275950
2.033333	0.5	0.285800
2.041667	0.5	0.293850
2.050000	0.5	0.301850
2.058333	0.5	0.311900
2.066667	0.5	0.310950
2.075000	0.5	0.308450
2.083333	0.5	0.307650
2.091667	0.5	0.311750
2.100000	0.5	0.317750
2.108333	0.5	0.325000
2.116667	0.5	0.332950
2.125000	0.5	0.340800
2.133333	0.5	0.351050
2.141667	0.5	0.359450
2.150000	0.5	0.372750
2.158333	0.5	0.380850
2.166667	0.5	0.384300
2.175000	0.5	0.386250
2.183333	0.5	0.392550
2.191667	0.5	0.402400
2.200000	0.5	0.412150
2.208333	0.5	0.423000
2.216667	0.5	0.434700
2.225000	0.5	0.446200
2.233333	0.5	0.459450
2.241667	0.5	0.473900
2.250000	0.5	0.491350
2.258333	0.5	0.498300
2.266667	0.5	0.505050
2.275000	0.5	0.517650
2.283333	0.5	0.527900
2.291667	0.5	0.540700
2.300000	0.5	0.552150
2.308333	0.5	0.564050
2.316667	0.5	0.573350
2.325000	0.5	0.584800
2.333333	0.5	0.593050
2.341667	0.5	0.607450
2.350000	0.5	0.615150
2.358333	0.5	0.616750
2.366667	0.5	0.619600
2.375000	0.5	0.626550
2.383333	0.5	0.634100
2.391667	0.5	0.643150
2.400000	0.5	0.653700
2.408333	0.5	0.665000
2.416667	0.5	0.676600
2.425000	0.5	0.689100
2.433333	0.5	0.701950
2.441667	0.5	0.716750
2.450000	0.5	0.720400
2.458333	0.5	0.725250
2.466667	0.5	0.731850
2.475000	0.5	0.743650
2.483333	0.5	0.751550
2.491667	0.5	0.762000
2.500000	0.5	0.773350
2.508333	0.5	0.785300
2.516667	0.5	0.798750
2.525000	0.5	0.811700
2.533333	0.5	0.826400
2.541667	0.5	0.835700
2.550000	0.5	0.837850
2.558333	0.5	0.845300
2.566667	0.5	0.853250
2.575000	0.5	0.863450
2.583333	0.5	0.875450
2.591667	0.5	0.887950
2.600000	0.5	0.900400
2.608333	0.5	0.913150
2.616667	0.5	0.924550
2.625000	0.5	0.940350
2.633333	0.5	0.955050
2.641667	0.5	0.962100
2.650000	0.5	0.966650
2.658333	0.5	0.975350
2.666667	0.5	0.981400
2.675000	0.5	0.992900
2.683333	0.5	1.005200
2.691667	0.5	1.019850
2.700000	0.5	1.032550
2.708333	0.5	1.046950
2.716667	0.5	1.057000
2.725000	0.5	1.075200
2.733333	0.5	1.083150
2.741667	0.5	1.086850
2.750000	0.5	1.092900
2.758333	0.5	1.103600
2.766667	0.5	1.111900
2.775000	0.5	1.123200
2.783333	0.5	1.133400
2.791667	0.5	1.143700
2.800000	0.5	1.158500
2.808333	0.5	1.169350
2.816667	0.5	1.183450
2.825000	0.5	1.197250
2.833333	0.5	1.203450
2.841667	0.5	1.213950
2.850000	0.5	1.232400
2.858333	0.5	1.262950
2.866667	0.5	1.303700
2.875000	0.5	1.354600
2.883333	0.5	1.417100
2.891667	0.5	1.485900
2.900000	0.5	1.553850
2.908333	0.5	1.615100
2.916667	0.5	1.665500
2.925000	0.5	1.697500
2.933333	0.5	1.711300
2.941667	0.5	1.711300
2.950000	0.5	1.705050
2.958333	0.5	1.691650
2.966667	0.5	1.674750
2.975000	0.5	1.654350
2.983333	0.5	1.637250
2.991667	0.5	1.619500
3.000000	0.5	1.607000
3.008333	0.5	1.595100
3.016667	0.5	1.587100
3.025000	0.5	1.571750
3.033333	0.5	1.557050
3.041667	0.5	1.550500
3.050000	0.5	1.544500
3.058333	0.5	1.541900
3.066667	0.5	1.540150
3.075000	0.5	1.542450
3.083333	0.5	1.543400
3.091667	0.5	1.546950
3.100000	0.5	1.549950
3.108333	0.5	1.557900
3.116667	0.5	1.559050
3.125000	0.5	1.555900
3.133333	0.5	1.552600
3.141667	0.5	1.554700
3.150000	0.5	1.556100
3.158333	0.5	1.559800
3.166667	0.5	1.563850
3.175000	0.5	1.569900
3.183333	0.5	1.574950
3.191667	0.5	1.582050
3.200000	0.5	1.590350
3.208333	0.5	1.594700
3.216667	0.5	1.592750
3.225000	0.5	1.591700
3.233333	0.5	1.592400
3.241667	0.5	1.592650
3.250000	0.5	1.596650
3.258333	0.5	1.602150
3.266667	0.5	1.607450
3.275000	0.5	1.614700
3.283333	0.5	1.619350
3.291667	0.5	1.624750
3.300000	0.5	1.634300
3.308333	0.5	1.635550
3.316667	0.5	1.632000
3.325000	0.5	1.630850
3.333333	0.5	1.632700
3.341667	0.5	1.635650
3.350000	0.5	1.641200
3.358333	0.5	1.647300
3.366667	0.5	1.651950
3.375000	0.5	1.657800
3.383333	0.5	1.661950
3.391667	0.5	1.670250
3.400000	0.5	1.677050
3.408333	0.5	1.675300
3.416667	0.5	1.670500
3.425000	0.5	1.672150
3.433333	0.5	1.673400
3.441667	0.5	1.677600
3.450000	0.5	1.680500
3.458333	0.5	1.686400
3.466667	0.5	1.690900
3.475000	0.5	1.697150
3.483333	0.5	1.701050
3.491667	0.5	1.709500
3.500000	0.5	1.709600
3.508333	0.5	1.705200
3.516667	0.5	1.703350
3.525000	0.5	1.704500
3.533333	0.5	1.707400
3.541667	0.5	1.708950
3.550000	0.5	1.713600
3.558333	0.5	1.714650
3.566667	0.5	1.719800
3.575000	0.5	1.723950
3.583333	0.5	1.728700
3.591667	0.5	1.732550
3.600000	0.5	1.728000
3.608333	0.5	1.724400
3.616667	0.5	1.722600
3.625000	0.5	1.724350
3.633333	0.5	1.723950
3.641667	0.5	1.726400
3.650000	0.5	1.729750
3.658333	0.5	1.734700
3.666667	0.5	1.738950
3.675000	0.5	1.739000
3.683333	0.5	1.746100
3.691667	0.5	1.745250
3.700000	0.5	1.739500
3.708333	0.5	1.736400
3.716667	0.5	1.736650
3.725000	0.5	1.736600
3.733333	0.5	1.738700
3.741667	0.5	1.743250
3.750000	0.5	1.743800
3.758333	0.5	1.746850
3.766667	0.5	1.750100
3.775000	0.5	1.753600
3.783333	0.5	1.756750
3.791667	0.5	1.751850
3.800000	0.5	1.748550
3.808333	0.5	1.747100
3.816667	0.5	1.746150
3.825000	0.5	1.745500
3.833333	0.5	1.747500
3.841667	0.5	1.749400
3.850000	0.5	1.752500
3.858333	0.5	1.757100
3.866667	0.5	1.758950
3.875000	0.5	1.764500
3.883333	0.5	1.762850
3.891667	0.5	1.756300
3.900000	0.5	1.749900
3.908333	0.5	1.751700
3.916667	0.5	1.750600
3.925000	0.5	1.751300
3.933333	0.5	1.753550
3.941667	0.5	1.756650
3.950000	0.5	1.758600
3.958333	0.5	1.760200
3.966667	0.5	1.764250
3.975000	0.5	1.767150
3.983333	0.5	1.762000
3.991667	0.5	1.756800
4.000000	0.5	1.756200
4.008333	0.5	1.755250
4.016667	0.5	1.755600
4.025000	0.5	1.759650
4.033333	0.5	1.759550
4.041667	0.5	1.761750
4.050000	0.5	1.762250
4.058333	0.5	1.765050
4.066667	0.5	1.770650
4.075000	0.5	1.769100
4.083333	0.5	1.762800
4.091667	0.5	1.756700
4.100000	0.5	1.756950
4.108333	0.5	1.757100
4.116667	0.5	1.758400
4.125000	0.5	1.759700
4.133333	0.5	1.760450
4.141667	0.5	1.764200
4.150000	0.5	1.765600
4.158333	0.5	1.769250
4.166667	0.5	1.771050
4.175000	0.5	1.766300
4.183333	0.5	1.760200
4.191667	0.5	1.759850
4.200000	0.5	1.758950
4.208333	0.5	1.758500
4.216667	0.5	1.760800
4.225000	0.5	1.763750
4.233333	0.5	1.767150
4.241667	0.5	1.771200
4.250000	0.5	1.769950
4.258333	0.5	1.774650
4.266667	0.5	1.773150
4.275000	0.5	1.766200
4.283333	0.5	1.762900
4.291667	0.5	1.762700
4.300000	0.5	1.762100
4.308333	0.5	1.762050
4.316667	0.5	1.762900
4.325000	0.5	1.763850
4.333333	0.5	1.770150
4.341667	0.5	1.771350
4.350000	0.5	1.775200
4.358333	0.5	1.776950
4.366667	0.5	1.771400
4.375000	0.5	1.765500
4.383333	0.5	1.762900
4.391667	0.5	1.762600
4.400000	0.5	1.762400
4.408333	0.5	1.764400
4.416667	0.5	1.767650
4.425000	0.5	1.769550
4.433333	0.5	1.770250
4.441667	0.5	1.772200
4.450000	0.5	1.777350
4.458333	0.5	1.775400
4.466667	0.5	1.768500
4.475000	0.5	1.764500
4.483333	0.5	1.764650
4.491667	0.5	1.764750
4.500000	0.5	1.766250
4.508333	0.5	1.767900
4.516667	0.5	1.768700
4.525000	0.5	1.773650
4.533333	0.5	1.774000
4.541667	0.5	1.780300
4.550000	0.5	1.783100
4.558333	0.5	1.777700
4.566667	0.5	1.772700
4.575000	0.5	1.771300
4.583333	0.5	1.771350
4.591667	0.5	1.771650
4.600000	0.5	1.774300
4.608333	0.5	1.776150
4.616667	0.5	1.780000
4.625000	0.5	1.782100
4.633333	0.5	1.785700
4.641667	0.5	1.790450
4.650000	0.5	1.787950
4.658333	0.5	1.782000
4.666667	0.5	1.778500
4.675000	0.5	1.778200
4.683333	0.5	1.777650
4.691667	0.5	1.780100
4.700000	0.5	1.781200
4.708333	0.5	1.783100
4.716667	0.5	1.784000
4.725000	0.5	1.786450
4.733333	0.5	1.791400
4.741667	0.5	1.793000
4.750000	0.5	1.788700
4.758333	0.5	1.785050
4.766667	0.5	1.781600
4.775000	0.5	1.781550
4.783333	0.5	1.783050
4.791667	0.5	1.784500
4.800000	0.5	1.786200
4.808333	0.5	1.791250
4.816667	0.5	1.793550
4.825000	0.5	1.797100
4.833333	0.5	1.802950
4.841667	0.5	1.799300
4.850000	0.5	1.793550
4.858333	0.5	1.790050
4.866667	0.5	1.789100
4.875000	0.5	1.790200
4.883333	0.5	1.791600
4.891667	0.5	1.794450
4.900000	0.5	1.796650
4.908333	0.5	1.800400
4.916667	0.5	1.803650
4.925000	0.5	1.808950
4.933333	0.5	1.811700
4.941667	0.5	1.805850
4.950000	0.5	1.800950
4.958333	0.5	1.799150
4.966667	0.5	1.799800
4.975000	0.5	1.799900
4.983333	0.5	1.801600
4.991667	0.5	1.803400
5.000000	0.5	1.804850
5.008333	0.5	1.808950
5.016667	0.5	1.810800
5.025000	0.5	1.817000
5.033333	0.5	1.814700
5.041667	0.5	1.808000
5.050000	0.5	1.804200
5.058333	0.5	1.804650
5.066667	0.5	1.805250
5.075000	0.5	1.806600
5.083333	0.5	1.808300
5.091667	0.5	1.811300
5.100000	0.5	1.815500
5.108333	0.5	1.816500
5.116667	0.5	1.820900
5.125000	0.5	1.822100
5.133333	0.5	1.817950
5.141667	0.5	1.812000
5.150000	0.5	1.810150
5.158333	0.5	1.811150
5.166667	0.5	1.812650
5.175000	0.5	1.812950
5.183333	0.5	1.818000
5.191667	0.5	1.821500
5.200000	0.5	1.823950
5.208333	0.5	1.826600
5.216667	0.5	1.831650
5.225000	0.5	1.830150
5.233333	0.5	1.824100
5.241667	0.5	1.820850
5.250000	0.5	1.821500
5.258333	0.5	1.821600
5.266667	0.5	1.824000
5.275000	0.5	1.825800
5.283333	0.5	1.831500
5.291667	0.5	1.835800
5.300000	0.5	1.838350
5.308333	0.5	1.844450
5.316667	0.5	1.844250
5.325000	0.5	1.840300
5.333333	0.5	1.835850
5.341667	0.5	1.834850
5.350000	0.5	1.834350
5.358333	0.5	1.835350
5.366667	0.5	1.839450
5.375000	0.5	1.841800
5.383333	0.5	1.845950
5.391667	0.5	1.848850
5.400000	0.5	1.852650
5.408333	0.5	1.858400
5.416667	0.5	1.854800
5.425000	0.5	1.850750
5.433333	0.5	1.847650
5.441667	0.5	1.848550
5.450000	0.5	1.850850
5.458333	0.5	1.851000
5.466667	0.5	1.854800
5.475000	0.5	1.854950
5.483333	0.5	1.859350
5.491667	0.5	1.861100
5.500000	0.5	1.866900
5.508333	0.5	1.870350
5.516667	0.5	1.865150
5.525000	0.5	1.861200
5.533333	0.5	1.858400
5.541667	0.5	1.858800
5.550000	0.5	1.859700
5.558333	0.5	1.862800
5.566667	0.5	1.865800
5.575000	0.5	1.870000
5.583333	0.5	1.872650
5.591667	0.5	1.874600
5.600000	0.5	1.881300
5.608333	0.5	1.878200
5.616667	0.5	1.871800
5.625000	0.5	1.869950
5.633333	0.5	1.868400
5.641667	0.5	1.867450
5.650000	0.5	1.869900
5.658333	0.5	1.872350
5.666667	0.5	1.873750
5.675000	0.5	1.877650
5.683333	0.5	1.879700
5.691667	0.5	1.885000
5.700000	0.5	1.886350
5.708333	0.5	1.881000
5.716667	0.5	1.875600
5.725000	0.5	1.874950
5.733333	0.5	1.876250
5.741667	0.5	1.875300
5.750000	0.5	1.877650
5.758333	0.5	1.879600
5.766667	0.5	1.883200
5.775000	0.5	1.887300
5.783333	0.5	1.889650
5.791667	0.5	1.895100
5.800000	0.5	1.890350
5.808333	0.5	1.884150
5.816667	0.5	1.880250
5.825000	0.5	1.880300
5.833333	0.5	1.880400
5.841667	0.5	1.881600
5.850000	0.5	1.883550
5.858333	0.5	1.887250
5.866667	0.5	1.892400
5.875000	0.5	1.894350
5.883333	0.5	1.899900
5.891667	0.5	1.900800
5.900000	0.5	1.895550
5.908333	0.5	1.889900
5.916667	0.5	1.888950
5.925000	0.5	1.889750
5.933333	0.5	1.890150
5.941667	0.5	1.890600
5.950000	0.5	1.892400
5.958333	0.5	1.898050
5.966667	0.5	1.900100
5.975000	0.5	1.903850
5.983333	0.5	1.909950
5.991667	0.5	1.905800
6.000000	0.5	1.901150
6.008333	0.5	1.897700
6.016667	0.5	1.897500
6.025000	0.5	1.899700
6.033333	0.5	1.902500
6.041667	0.5	1.905050
6.050000	0.5	1.906200
6.058333	0.5	1.911300
6.066667	0.5	1.912000
6.075000	0.5	1.917550
6.083333	0.5	1.921350
6.091667	0.5	1.915700
6.100000	0.5	1.911550
6.108333	0.5	1.910550
6.116667	0.5	1.912250
6.125000	0.5	1.912500
6.133333	0.5	1.914650
6.141667	0.5	1.917750
6.150000	0.5	1.921100
6.158333	0.5	1.924050
6.166667	0.5	1.927700
6.175000	0.5	1.933050
6.183333	0.5	1.930550
6.191667	0.5	1.924150
6.200000	0.5	1.921500
6.208333	0.5	1.920900
6.216667	0.5	1.921950
6.225000	0.5	1.923150
6.233333	0.5	1.925650
6.241667	0.5	1.929100
6.250000	0.5	1.932200
6.258333	0.5	1.932950
6.266667	0.5	1.940900
6.275000	0.5	1.942250
6.283333	0.5	1.937350
6.291667	0.5	1.932300
6.300000	0.5	1.931150
6.308333	0.5	1.931150
6.316667	0.5	1.932950
6.325000	0.5	1.935850
6.333333	0.5	1.938700
6.341667	0.5	1.944550
6.350000	0.5	1.947300
6.358333	0.5	1.950700
6.366667	0.5	1.955650
6.375000	0.5	1.952950
6.383333	0.5	1.948400
6.391667	0.5	1.946550
6.400000	0.5	1.945650
6.408333	0.5	1.946650
6.416667	0.5	1.949000
6.425000	0.5	1.952650
6.433333	0.5	1.954550
6.441667	0.5	1.958200
6.450000	0.5	1.961350
6.458333	0.5	1.966050
6.466667	0.5	1.967050
6.475000	0.5	1.962300
6.483333	0.5	1.958150
6.491667	0.5	1.957300
6.500000	0.5	1.958350
6.508333	0.5	1.960550
6.516667	0.5	1.961750
6.525000	0.5	1.965250
6.533333	0.5	1.968000
6.541667	0.5	1.971900
6.550000	0.5	1.974050
6.558333	0.5	1.979400
6.566667	0.5	1.975100
6.575000	0.5	1.969750
6.583333	0.5	1.966900
6.591667	0.5	1.968400
6.600000	0.5	1.967800
6.608333	0.5	1.970800
6.616667	0.5	1.970600
6.625000	0.5	1.976600
6.633333	0.5	1.979700
6.641667	0.5	1.981250
6.650000	0.5	1.987050
6.658333	0.5	1.986250
6.666667	0.5	1.981650
6.675000	0.5	1.976900
6.683333	0.5	1.975150
6.691667	0.5	1.976300
6.700000	0.5	1.976650
6.708333	0.5	1.977900
6.716667	0.5	1.981900
6.725000	0.5	1.986450
6.733333	0.5	1.987550
6.741667	0.5	1.990050
6.750000	0.5	1.995100
6.758333	0.5	1.990600
6.766667	0.5	1.987050
6.775000	0.5	1.982850
6.783333	0.5	1.982650
6.791667	0.5	1.981800
6.800000	0.5	1.982550
6.808333	0.5	1.985150
6.816667	0.5	1.989750
6.825000	0.5	1.994450
6.833333	0.5	1.993550
6.841667	0.5	2.000800
6.850000	0.5	2.001350
6.858333	0.5	1.995500
6.866667	0.5	1.991200
6.875000	0.5	1.989300
6.883333	0.5	1.988650
6.891667	0.5	1.990450
6.900000	0.5	1.991650
6.908333	0.5	1.997300
6.916667	0.5	2.000250
6.925000	0.5	2.002700
6.933333	0.5	2.006000
6.941667	0.5	2.010800
6.950000	0.5	2.008500
6.958333	0.5	2.001300
6.966667	0.5	2.000250
6.975000	0.5	2.000000
6.983333	0.5	2.000800
6.991667	0.5	2.002350
7.000000	0.5	2.003450
7.008333	0.5	2.006150
7.016667	0.5	2.010250
7.025000	0.5	2.010750
7.033333	0.5	2.016650
7.041667	0.5	2.018400
7.050000	0.5	2.013850
7.058333	0.5	2.008400
7.066667	0.5	2.006050
7.075000	0.5	2.006300
7.083333	0.5	2.007650
7.091667	0.5	2.011050
7.100000	0.5	2.011900
7.108333	0.5	2.013800
7.116667	0.5	2.017150
7.125000	0.5	2.020750
7.133333	0.5	2.025200
7.141667	0.5	2.021700
7.150000	0.5	2.016800
7.158333	0.5	2.014100
7.166667	0.5	2.013350
7.175000	0.5	2.013800
7.183333	0.5	2.014600
7.191667	0.5	2.016100
7.200000	0.5	2.016850
7.208333	0.5	2.020900
7.216667	0.5	2.022500
7.225000	0.5	2.029300
7.233333	0.5	2.029200
7.241667	0.5	2.024450
7.250000	0.5	2.020800
7.258333	0.5	2.018350
7.266667	0.5	2.018850
7.275000	0.5	2.019100
7.283333	0.5	2.020650
7.291667	0.5	2.023750
7.300000	0.5	2.028800
7.308333	0.5	2.030550
7.316667	0.5	2.033800
7.325000	0.5	2.037400
7.333333	0.5	2.036300
7.341667	0.5	2.030750
7.350000	0.5	2.028500
7.358333	0.5	2.030200
7.366667	0.5	2.030550
7.375000	0.5	2.033450
7.383333	0.5	2.038050
7.391667	0.5	2.036850
7.400000	0.5	2.044200
7.408333	0.5	2.044700
7.416667	0.5	2.052350
7.425000	0.5	2.053600
7.433333	0.5	2.048300
7.441667	0.5	2.044350
7.450000	0.5	2.044500
7.458333	0.5	2.045300
7.466667	0.5	2.047900
7.475000	0.5	2.050500
7.483333	0.5	2.055800
7.491667	0.5	2.059400
7.500000	0.5	2.063700
7.508333	0.5	2.067650
7.516667	0.5	2.074400
7.525000	0.5	2.071600
7.533333	0.5	2.067100
7.541667	0.5	2.066150
7.550000	0.5	2.068550
7.558333	0.5	2.072200
7.566667	0.5	2.075000
7.575000	0.5	2.078900
7.583333	0.5	2.086600
7.591667	0.5	2.091650
7.600000	0.5	2.094450
7.608333	0.5	2.103450
7.616667	0.5	2.105550
7.625000	0.5	2.103100
7.633333	0.5	2.100000
7.641667	0.5	2.102000
7.650000	0.5	2.103300
7.658333	0.5	2.106300
7.666667	0.5	2.111300
7.675000	0.5	2.117300
7.683333	0.5	2.123650
7.691667	0.5	2.128850
7.700000	0.5	2.136700
7.708333	0.5	2.143300
7.716667	0.5	2.142200
7.725000	0.5	2.138950
7.733333	0.5	2.139350
7.741667	0.5	2.143400
7.750000	0.5	2.146950
7.758333	0.5	2.153550
7.766667	0.5	2.157550
7.775000	0.5	2.164550
7.783333	0.5	2.172050
7.791667	0.5	2.175700
7.800000	0.5	2.184550
7.808333	0.5	2.188200
7.816667	0.5	2.186650
7.825000	0.5	2.185850
7.833333	0.5	2.188300
7.841667	0.5	2.193050
7.850000	0.5	2.199350
7.858333	0.5	2.203550
7.866667	0.5	2.209850
7.875000	0.5	2.219450
7.883333	0.5	2.223850
7.891667	0.5	2.231800
7.900000	0.5	2.239800
7.908333	0.5	2.240000
7.916667	0.5	2.238950
7.925000	0.5	2.241700
7.933333	0.5	2.244800
7.941667	0.5	2.250000
7.950000	0.5	2.254600
7.958333	0.5	2.262000
7.966667	0.5	2.270150
7.975000	0.5	2.277750
7.983333	0.5	2.284600
7.991667	0.5	2.296150
8.000000	0.5	2.300200
8.008333	0.5	2.296900
8.016667	0.5	2.296650
8.025000	0.5	2.300850
8.033333	0.5	2.306200
8.041667	0.5	2.311850
8.050000	0.5	2.317400
8.058333	0.5	2.323450
8.066667	0.5	2.332100
8.075000	0.5	2.341800
8.083333	0.5	2.348450
8.091667	0.5	2.357900
8.100000	0.5	2.360150
8.108333	0.5	2.359350
8.116667	0.5	2.361800
8.125000	0.5	2.367350
8.133333	0.5	2.373100
8.141667	0.5	2.379950
8.150000	0.5	2.386400
8.158333	0.5	2.394150
8.166667	0.5	2.401850
8.175000	0.5	2.409550
8.183333	0.5	2.422200
8.191667	0.5	2.426300
8.200000	0.5	2.424600
8.208333	0.5	2.426900
8.216667	0.5	2.432250
8.225000	0.5	2.439250
8.233333	0.5	2.444950
8.241667	0.5	2.453800
8.250000	0.5	2.463300
8.258333	0.5	2.471500
8.266667	0.5	2.480750
8.275000	0.5	2.489600
8.283333	0.5	2.499850
8.291667	0.5	2.501750
8.300000	0.5	2.502050
8.308333	0.5	2.504800
8.316667	0.5	2.511400
8.325000	0.5	2.516400
8.333333	0.5	2.524350
8.341667	0.5	2.532350
8.350000	0.5	2.539550
8.358333	0.5	2.549050
8.366667	0.5	2.556400
8.375000	0.5	2.569450
8.383333	0.5	2.573700
8.391667	0.5	2.572900
8.400000	0.5	2.573800
8.408333	0.5	2.579900
8.416667	0.5	2.584500
8.425000	0.5	2.592600
8.433333	0.5	2.598150
8.441667	0.5	2.606200
8.450000	0.5	2.614100
8.458333	0.5	2.620050
8.466667	0.5	2.628450
8.475000	0.5	2.638750
8.483333	0.5	2.639850
8.491667	0.5	2.638850
8.500000	0.5	2.641150
8.508333	0.5	2.646050
8.516667	0.5	2.651500
8.525000	0.5	2.658150
8.533333	0.5	2.666050
8.541667	0.5	2.673450
8.550000	0.5	2.681700
8.558333	0.5	2.686700
8.566667	0.5	2.698550
8.575000	0.5	2.703850
8.583333	0.5	2.702150
8.591667	0.5	2.701850
8.600000	0.5	2.706250
8.608333	0.5	2.712700
8.616667	0.5	2.720200
8.625000	0.5	2.727500
8.633333	0.5	2.735300
8.641667	0.5	2.743350
8.650000	0.5	2.750950
8.658333	0.5	2.758000
8.666667	0.5	2.768700
8.675000	0.5	2.769200
8.683333	0.5	2.769350
8.691667	0.5	2.773800
8.700000	0.5	2.778800
8.708333	0.5	2.785250
8.716667	0.5	2.791400
8.725000	0.5	2.798150
8.733333	0.5	2.807400
8.741667	0.5	2.818150
8.750000	0.5	2.824550
8.758333	0.5	2.834950
8.766667	0.5	2.840500
8.775000	0.5	2.840550
8.783333	0.5	2.840800
8.791667	0.5	2.847000
8.800000	0.5	2.851900
8.808333	0.5	2.857600
8.816667	0.5	2.864800
8.825000	0.5	2.874550
8.833333	0.5	2.884650
8.841667	0.5	2.892350
8.850000	0.5	2.901650
8.858333	0.5	2.912250
8.866667	0.5	2.909150
8.875000	0.5	2.909950
8.883333	0.5	2.912950
8.891667	0.5	2.918100
8.900000	0.5	2.922800
8.908333	0.5	2.930450
8.916667	0.5	2.935350
8.925000	0.5	2.945250
8.933333	0.5	2.953550
8.941667	0.5	2.959550
8.950000	0.5	2.970000
8.958333	0.5	2.974650
8.966667	0.5	2.974950
8.975000	0.5	2.974600
8.983333	0.5	2.979300
8.991667	0.5	2.984750
9.000000	0.5	2.990700
9.008333	0.5	2.999200
9.016667	0.5	3.005300
9.025000	0.5	3.015200
9.033333	0.5	3.022050
9.041667	0.5	3.030650
9.050000	0.5	3.039650
9.058333	0.5	3.041050
9.066667	0.5	3.040750
9.075000	0.5	3.044600
9.083333	0.5	3.049250
9.091667	0.5	3.058150
9.100000	0.5	3.063300
9.108333	0.5	3.071800
9.116667	0.5	3.080200
9.125000	0.5	3.090550
9.133333	0.5	3.097200
9.141667	0.5	3.109750
9.150000	0.5	3.114750
9.158333	0.5	3.117000
9.166667	0.5	3.120550
9.175000	0.5	3.128050
9.183333	0.5	3.133700
9.191667	0.5	3.141900
9.200000	0.5	3.150850
9.208333	0.5	3.160750
9.216667	0.5	3.171700
9.225000	0.5	3.180850
9.233333	0.5	3.190400
9.241667	0.5	3.203550
9.250000	0.5	3.206900
9.258333	0.5	3.210550
9.266667	0.5	3.219150
9.275000	0.5	3.224750
9.283333	0.5	3.236800
9.291667	0.5	3.247550
9.300000	0.5	3.258450
9.308333	0.5	3.272900
9.316667	0.5	3.283950
9.325000	0.5	3.296400
9.333333	0.5	3.312000
9.341667	0.5	3.319650
9.350000	0.5	3.325100
9.358333	0.5	3.331350
9.366667	0.5	3.340400
9.375000	0.5	3.350750
9.383333	0.5	3.365000
9.391667	0.5	3.375100
9.400000	0.5	3.386800
9.408333	0.5	3.398900
9.416667	0.5	3.409950
9.425000	0.5	3.420700
9.433333	0.5	3.432950
9.441667	0.5	3.436750
9.450000	0.5	3.437650
9.458333	0.5	3.442800
9.466667	0.5	3.447550
9.475000	0.5	3.452200
9.483333	0.5	3.459000
9.491667	0.5	3.464900
9.500000	0.5	3.472250
9.508333	0.5	3.477550
9.516667	0.5	3.480550
9.525000	0.5	3.487600
9.533333	0.5	3.489100
9.541667	0.5	3.485050
9.550000	0.5	3.482150
9.558333	0.5	3.481200
9.566667	0.5	3.484200
9.575000	0.5	3.483850
9.583333	0.5	3.487850
9.591667	0.5	3.491500
9.600000	0.5	3.495250
9.608333	0.5	3.498200
9.616667	0.5	3.503150
9.625000	0.5	3.507050
9.633333	0.5	3.503700
9.641667	0.5	3.502200
9.650000	0.5	3.500350
9.658333	0.5	3.502500
9.666667	0.5	3.504150
9.675000	0.5	3.506550
9.683333	0.5	3.510800
9.691667	0.5	3.517200
9.700000	0.5	3.523650
9.708333	0.5	3.527600
9.716667	0.5	3.537100
9.725000	0.5	3.538600
9.733333	0.5	3.537200
9.741667	0.5	3.536000
9.750000	0.5	3.537650
9.758333	0.5	3.542400
9.766667	0.5	3.545900
9.775000	0.5	3.553950
9.783333	0.5	3.563300
9.791667	0.5	3.570650
9.800000	0.5	3.575350
9.808333	0.5	3.582150
9.816667	0.5	3.592250
9.825000	0.5	3.592200
9.833333	0.5	3.592450
9.841667	0.5	3.595950
9.850000	0.5	3.599900
9.858333	0.5	3.604550
9.866667	0.5	3.612100
9.875000	0.5	3.619350
9.883333	0.5	3.626350
9.891667	0.5	3.635750
9.900000	0.5	3.642200
9.908333	0.5	3.652400
9.916667	0.5	3.656450
9.925000	0.5	3.655750
9.933333	0.5	3.655300
9.941667	0.5	3.662400
9.950000	0.5	3.665500
9.958333	0.5	3.673400
9.966667	0.5	3.677400
9.975000	0.5	3.687250
9.983333	0.5	3.695200
9.991667	0.5	3.703000
10.000000	0.5	3.707150
10.008333	0.5	3.716450
10.016667	0.5	3.716950
10.025000	0.5	3.717300
10.033333	0.5	3.721050
10.041667	0.5	3.727200
10.050000	0.5	3.730050
10.058333	0.5	3.737600
10.066667	0.5	3.744250
10.075000	0.5	3.752550
10.083333	0.5	3.760550
10.091667	0.5	3.765050
10.100000	0.5	3.776250
10.108333	0.5	3.780750
10.116667	0.5	3.782000
10.125000	0.5	3.780750
10.133333	0.5	3.786250
10.141667	0.5	3.790050
10.150000	0.5	3.800150
10.158333	0.5	3.803650
10.166667	0.5	3.811350
10.175000	0.5	3.819350
10.183333	0.5	3.826700
10.191667	0.5	3.832850
10.200000	0.5	3.841300
10.208333	0.5	3.841850
10.216667	0.5	3.843000
10.225000	0.5	3.845050
10.233333	0.5	3.849800
10.241667	0.5	3.856900
10.250000	0.5	3.862350
10.258333	0.5	3.868700
10.266667	0.5	3.876450
10.275000	0.5	3.884000
10.283333	0.5	3.891050
10.291667	0.5	3.902850
10.300000	0.5	3.908550
10.308333	0.5	3.906350
10.316667	0.5	3.908600
10.325000	0.5	3.911400
10.333333	0.5	3.917050
10.341667	0.5	3.925150
10.350000	0.5	3.932100
10.358333	0.5	3.939050
10.366667	0.5	3.946250
10.375000	0.5	3.953950
10.383333	0.5	3.961900
10.391667	0.5	3.971950
10.400000	0.5	3.972250
10.408333	0.5	3.973450
10.416667	0.5	3.976200
10.425000	0.5	3.981200
10.433333	0.5	3.988550
10.441667	0.5	3.994800
10.450000	0.5	4.001050
10.458333	0.5	4.009100
10.466667	0.5	4.019050
10.475000	0.5	4.023150
10.483333	0.5	4.035100
10.491667	0.5	4.038550
10.500000	0.5	4.040100
10.508333	0.5	4.041800
10.516667	0.5	4.043850
10.525000	0.5	4.050800
10.533333	0.5	4.057350
10.541667	0.5	4.063550
10.550000	0.5	4.069950
10.558333	0.5	4.078650
10.566667	0.5	4.085600
10.575000	0.5	4.095350
10.583333	0.5	4.103650
10.591667	0.5	4.105950
10.600000	0.5	4.105000
10.608333	0.5	4.108200
10.616667	0.5	4.112900
10.625000	0.5	4.118400
10.633333	0.5	4.125250
10.641667	0.5	4.131100
10.650000	0.5	4.141200
10.658333	0.5	4.148950
10.666667	0.5	4.151250
10.675000	0.5	4.161500
10.683333	0.5	4.163900
10.691667	0.5	4.163550
10.700000	0.5	4.165250
10.708333	0.5	4.169400
10.716667	0.5	4.174150
10.725000	0.5	4.178750
10.733333	0.5	4.185200
10.741667	0.5	4.193750
10.750000	0.5	4.204200
10.758333	0.5	4.209450
10.766667	0.5	4.216900
10.775000	0.5	4.223950
10.783333	0.5	4.225550
10.791667	0.5	4.226300
10.800000	0.5	4.229650
10.808333	0.5	4.234400
10.816667	0.5	4.239900
10.825000	0.5	4.246750
10.833333	0.5	4.254050
10.841667	0.5	4.262200
10.850000	0.5	4.269500
10.858333	0.5	4.275750
10.866667	0.5	4.285550
10.875000	0.5	4.289650
10.883333	0.5	4.289350
10.891667	0.5	4.291600
10.900000	0.5	4.295950
10.908333	0.5	4.301950
10.916667	0.5	4.308050
10.925000	0.5	4.315400
10.933333	0.5	4.319350
10.941667	0.5	4.329200
10.950000	0.5	4.337150
10.958333	0.5	4.345150
10.966667	0.5	4.353800
10.975000	0.5	4.353950
10.983333	0.5	4.352800
10.991667	0.5	4.357450
11.000000	0.5	4.364150
11.008333	0.5	4.368350
11.016667	0.5	4.375600
11.025000	0.5	4.384100
11.033333	0.5	4.389850
11.041667	0.5	4.398500
11.050000	0.5	4.404700
11.058333	0.5	4.419650
11.066667	0.5	4.421350
11.075000	0.5	4.422900
11.083333	0.5	4.423050
11.091667	0.5	4.427050
11.100000	0.5	4.433250
11.108333	0.5	4.440500
11.116667	0.5	4.447000
11.125000	0.5	4.457050
11.133333	0.5	4.464500
11.141667	0.5	4.471100
11.150000	0.5	4.477550
11.158333	0.5	4.486450
11.166667	0.5	4.487850
11.175000	0.5	4.487850
11.183333	0.5	4.490350
11.191667	0.5	4.496500
11.200000	0.5	4.500300
11.208333	0.5	4.507100
11.216667	0.5	4.513350
11.225000	0.5	4.521100
11.233333	0.5	4.530900
11.241667	0.5	4.534900
11.250000	0.5	4.544000
11.258333	0.5	4.547150
11.266667	0.5	4.545600
11.275000	0.5	4.546850
11.283333	0.5	4.551000
11.291667	0.5	4.554600
11.300000	0.5	4.561250
11.308333	0.5	4.566850
11.316667	0.5	4.574150
11.325000	0.5	4.582350
11.333333	0.5	4.586350
11.341667	0.5	4.593000
11.350000	0.5	4.601600
11.358333	0.5	4.600600
11.366667	0.5	4.601750
11.375000	0.5	4.602650
11.383333	0.5	4.607050
11.391667	0.5	4.613050
11.400000	0.5	4.617150
11.408333	0.5	4.623550
11.416667	0.5	4.630550
11.425000	0.5	4.637050
11.433333	0.5	4.641600
11.441667	0.5	4.648900
11.450000	0.5	4.653100
11.458333	0.5	4.652750
11.466667	0.5	4.653400
11.475000	0.5	4.655150
11.483333	0.5	4.659550
11.491667	0.5	4.666200
11.500000	0.5	4.673050
11.508333	0.5	4.680250
11.516667	0.5	4.686950
11.525000	0.5	4.693650
11.533333	0.5	4.698050
11.541667	0.5	4.705000
11.550000	0.5	4.706700
11.558333	0.5	4.706150
11.566667	0.5	4.707600
11.575000	0.5	4.712700
11.583333	0.5	4.717850
11.591667	0.5	4.724500
11.600000	0.5	4.731850
11.608333	0.5	4.739800
11.616667	0.5	4.745900
11.625000	0.5	4.751550
11.633333	0.5	4.760100
11.641667	0.5	4.763500
11.650000	0.5	4.763000
11.658333	0.5	4.765900
11.666667	0.5	4.770900
11.675000	0.5	4.775200
11.683333	0.5	4.780150
11.691667	0.5	4.787200
11.700000	0.5	4.795750
11.708333	0.5	4.802250
11.716667	0.5	4.809100
11.725000	0.5	4.814700
11.733333	0.5	4.821450
11.741667	0.5	4.825000
11.750000	0.5	4.824300
11.758333	0.5	4.830150
11.766667	0.5	4.833150
11.775000	0.5	4.835600
11.783333	0.5	4.842450
11.791667	0.5	4.846950
11.800000	0.5	4.855700
11.808333	0.5	4.861700
11.816667	0.5	4.867150
11.825000	0.5	4.878000
11.833333	0.5	4.879950
11.841667	0.5	4.880700
11.850000	0.5	4.879750
11.858333	0.5	4.886050
11.866667	0.5	4.891300
11.875000	0.5	4.895950
11.883333	0.5	4.901600
11.891667	0.5	4.907400
11.900000	0.5	4.916950
11.908333	0.5	4.924750
11.916667	0.5	4.931050
11.925000	0.5	4.937700
11.933333	0.5	4.940150
11.941667	0.5	4.940100
11.950000	0.5	4.941100
11.958333	0.5	4.945200
11.966667	0.5	4.950450
11.975000	0.5	4.957300
11.983333	0.5	4.963900
11.991667	0.5	4.969900
12.000000	0.5	4.976300
12.008333	0.5	4.981550
12.016667	0.5	4.988900
12.025000	0.5	4.993350
12.033333	0.5	4.993250
12.041667	0.5	4.996050
12.050000	0.5	4.999500
12.058333	0.5	5.005700
12.066667	0.5	5.009250
12.075000	0.5	5.014100
12.083333	0.5	5.019400
12.091667	0.5	5.024600
12.100000	0.5	5.031850
12.108333	0.5	5.038450
12.116667	0.5	5.044350
12.125000	0.5	5.043650
12.133333	0.5	5.045550
12.141667	0.5	5.047350
12.150000	0.5	5.051200
12.158333	0.5	5.055000
12.166667	0.5	5.060050
12.175000	0.5	5.067900
12.183333	0.5	5.074400
12.191667	0.5	5.082450
12.200000	0.5	5.088700
12.208333	0.5	5.098500
12.216667	0.5	5.101700
12.225000	0.5	5.100050
12.233333	0.5	5.100600
12.241667	0.5	5.103850
12.250000	0.5	5.107750
12.258333	0.5	5.113850
12.266667	0.5	5.120350
12.275000	0.5	5.125450
12.283333	0.5	5.135550
12.291667	0.5	5.139600
12.300000	0.5	5.144300
12.308333	0.5	5.153450
12.316667	0.5	5.155950
12.325000	0.5	5.154950
12.333333	0.5	5.160150
12.341667	0.5	5.163200
12.350000	0.5	5.167750
12.358333	0.5	5.173250
12.366667	0.5	5.177800
12.375000	0.5	5.185350
12.383333	0.5	5.193450
12.391667	0.5	5.199650
12.400000	0.5	5.207200
12.408333	0.5	5.209650
12.416667	0.5	5.210600
12.425000	0.5	5.213250
12.433333	0.5	5.214000
12.441667	0.5	5.218550
12.450000	0.5	5.225600
12.458333	0.5	5.230150
12.466667	0.5	5.237350
12.475000	0.5	5.246200
12.483333	0.5	5.249750
12.491667	0.5	5.257500
12.500000	0.5	5.265900
12.508333	0.5	5.265250
12.516667	0.5	5.263050
12.525000	0.5	5.266350
12.533333	0.5	5.272100
12.541667	0.5	5.275300
12.550000	0.5	5.280750
12.558333	0.5	5.285800
12.566667	0.5	5.291750
12.575000	0.5	5.297600
12.583333	0.5	5.303550
12.591667	0.5	5.312050
12.600000	0.5	5.313850
12.608333	0.5	5.314550
12.616667	0.5	5.313900
12.625000	0.5	5.317250
12.633333	0.5	5.320450
12.641667	0.5	5.326550
12.650000	0.5	5.330550
12.658333	0.5	5.338650
12.666667	0.5	5.346650
12.675000	0.5	5.352050
12.683333	0.5	5.357250
12.691667	0.5	5.366450
12.700000	0.5	5.365500
12.708333	0.5	5.367100
12.716667	0.5	5.369250
12.725000	0.5	5.374600
12.733333	0.5	5.379900
12.741667	0.5	5.384800
12.750000	0.5	5.390250
12.758333	0.5	5.397700
12.766667	0.5	5.404950
12.775000	0.5	5.410900
12.783333	0.5	5.420950
12.791667	0.5	5.424150
12.800000	0.5	5.426750
12.808333	0.5	5.427550
12.816667	0.5	5.435150
12.825000	0.5	5.436850
12.833333	0.5	5.443550
12.841667	0.5	5.449250
12.850000	0.5	5.457100
12.858333	0.5	5.464100
12.866667	0.5	5.471150
12.875000	0.5	5.477050
12.883333	0.5	5.486450
12.891667	0.5	5.491100
12.900000	0.5	5.492600
12.908333	0.5	5.496050
12.916667	0.5	5.500750
12.925000	0.5	5.508200
12.933333	0.5	5.514600
12.941667	0.5	5.521000
12.950000	0.5	5.529650
12.958333	0.5	5.538850
12.966667	0.5	5.544200
12.975000	0.5	5.554250
12.983333	0.5	5.559750
12.991667	0.5	5.560050
13.000000	0.5	5.562500
13.008333	0.5	5.566650
13.016667	0.5	5.573350
13.025000	0.5	5.578050
13.033333	0.5	5.584300
13.041667	0.5	5.592750
13.050000	0.5	5.598300
13.058333	0.5	5.606550
13.066667	0.5	5.612100
13.075000	0.5	5.617850
13.083333	0.5	5.620850
13.091667	0.5	5.619300
13.100000	0.5	5.621750
13.108333	0.5	5.624550
13.116667	0.5	5.627650
13.125000	0.5	5.634050
13.133333	0.5	5.637950
13.141667	0.5	5.643700
13.150000	0.5	5.647900
13.158333	0.5	5.650750
13.166667	0.5	5.659450
13.175000	0.5	5.659450
13.183333	0.5	5.658300
13.191667	0.5	5.656650
13.200000	0.5	5.656700
13.208333	0.5	5.658850
13.216667	0.5	5.663400
13.225000	0.5	5.664300
13.233333	0.5	5.669350
13.241667	0.5	5.675700
13.250000	0.5	5.678100
13.258333	0.5	5.680250
13.266667	0.5	5.684500
13.275000	0.5	5.683600
13.283333	0.5	5.681500
13.291667	0.5	5.681850
13.300000	0.5	5.682250
13.308333	0.5	5.685350
13.316667	0.5	5.688250
13.325000	0.5	5.691400
13.333333	0.5	5.696800
13.341667	0.5	5.705100
13.350000	0.5	5.704200
13.358333	0.5	5.710950
13.366667	0.5	5.712400
13.375000	0.5	5.709250
13.383333	0.5	5.710250
13.391667	0.5	5.712950
13.400000	0.5	5.714100
13.408333	0.5	5.717900
13.416667	0.5	5.721950
13.425000	0.5	5.726600
13.433333	0.5	5.733750
13.441667	0.5	5.737850
13.450000	0.5	5.741100
13.458333	0.5	5.749350
13.466667	0.5	5.748650
13.475000	0.5	5.746700
13.483333	0.5	5.747750
13.491667	0.5	5.753200
13.500000	0.5	5.754350
13.508333	0.5	5.759150
13.516667	0.5	5.764650
13.525000	0.5	5.770950
13.533333	0.5	5.776650
13.541667	0.5	5.780550
13.550000	0.5	5.787200
13.558333	0.5	5.788950
13.566667	0.5	5.790200
13.575000	0.5	5.790950
13.583333	0.5	5.793550
13.591667	0.5	5.797350
13.600000	0.5	5.803900
13.608333	0.5	5.806300
13.616667	0.5	5.811000
13.625000	0.5	5.817750
13.633333	0.5	5.822750
13.641667	0.5	5.828500
13.650000	0.5	5.835750
13.658333	0.5	5.836250
13.666667	0.5	5.837900
13.675000	0.5	5.837650
13.683333	0.5	5.842600
13.691667	0.5	5.847200
13.700000	0.5	5.851650
13.708333	0.5	5.856700
13.716667	0.5	5.861500
13.725000	0.5	5.865900
13.733333	0.5	5.871150
13.741667	0.5	5.879700
13.750000	0.5	5.882400
13.758333	0.5	5.879450
13.766667	0.5	5.885750
13.775000	0.5	5.885900
13.783333	0.5	5.889150
13.791667	0.5	5.895850
13.800000	0.5	5.899250
13.808333	0.5	5.905450
13.816667	0.5	5.909900
13.825000	0.5	5.914800
13.833333	0.5	5.920900
13.841667	0.5	5.927200
13.850000	0.5	5.929600
13.858333	0.5	5.928300
13.866667	0.5	5.929850
13.875000	0.5	5.932050
13.883333	0.5	5.936200
13.891667	0.5	5.939150
13.900000	0.5	5.943550
13.908333	0.5	5.953150
13.916667	0.5	5.959750
13.925000	0.5	5.960000
13.933333	0.5	5.968150
13.941667	0.5	5.971400
13.950000	0.5	5.971400
13.958333	0.5	5.969400
13.966667	0.5	5.972850
13.975000	0.5	5.977600
13.983333	0.5	5.983300
13.991667	0.5	5.985150
14.000000	0.5	5.991250
14.008333	0.5	6.000300
14.016667	0.5	6.002800
14.025000	0.5	6.006000
14.033333	0.5	6.012550
14.041667	0.5	6.011600
14.050000	0.5	6.011150
14.058333	0.5	6.012600
14.066667	0.5	6.014300
14.075000	0.5	6.018250
14.083333	0.5	6.024600
14.091667	0.5	6.028100
14.100000	0.5	6.035400
14.108333	0.5	6.039000
14.116667	0.5	6.042800
14.125000	0.5	6.052700
14.133333	0.5	6.052500
14.141667	0.5	6.053350
14.150000	0.5	6.051350
14.158333	0.5	6.055200
14.166667	0.5	6.057900
14.175000	0.5	6.062050
14.183333	0.5	6.067600
14.191667	0.5	6.072150
14.200000	0.5	6.080200
14.208333	0.5	6.084500
14.216667	0.5	6.090300
14.225000	0.5	6.096200
14.233333	0.5	6.093600
14.241667	0.5	6.096050
14.250000	0.5	6.098100
14.258333	0.5	6.102450
14.266667	0.5	6.103600
14.275000	0.5	6.107650
14.283333	0.5	6.113850
14.291667	0.5	6.117050
14.300000	0.5	6.122250
14.308333	0.5	6.126550
14.316667	0.5	6.133000
14.325000	0.5	6.135200
14.333333	0.5	6.136200
14.341667	0.5	6.137200
14.350000	0.5	6.141650
14.358333	0.5	6.143750
14.366667	0.5	6.147650
14.375000	0.5	6.152950
14.383333	0.5	6.159300
14.391667	0.5	6.165100
14.400000	0.5	6.171750
14.408333	0.5	6.175050
14.416667	0.5	6.180950
14.425000	0.5	6.181100
14.433333	0.5	6.178000
14.441667	0.5	6.182750
14.450000	0.5	6.187550
14.458333	0.5	6.189400
14.466667	0.5	6.193950
14.475000	0.5	6.197950
14.483333	0.5	6.203800
14.491667	0.5	6.208800
14.500000	0.5	6.209450
14.508333	0.5	6.219300
14.516667	0.5	6.223150
14.525000	0.5	6.221550
14.533333	0.5	6.220900
14.541667	0.5	6.223250
14.550000	0.5	6.226900
14.558333	0.5	6.230100
14.566667	0.5	6.233800
14.575000	0.5	6.239150
14.583333	0.5	6.244050
14.591667	0.5	6.246750
14.600000	0.5	6.251600
14.608333	0.5	6.257450
14.616667	0.5	6.257450
14.625000	0.5	6.258350
14.633333	0.5	6.262150
14.641667	0.5	6.262900
14.650000	0.5	6.263900
14.658333	0.5	6.268400
14.666667	0.5	6.272100
14.675000	0.5	6.278850
14.683333	0.5	6.285300
14.691667	0.5	6.288700
14.700000	0.5	6.296000
14.708333	0.5	6.295650
14.716667	0.5	6.296650
14.725000	0.5	6.296850
14.733333	0.5	6.301800
14.741667	0.5	6.305300
14.750000	0.5	6.306000
14.758333	0.5	6.310050
14.766667	0.5	6.314800
14.775000	0.5	6.320150
14.783333	0.5	6.322700
14.791667	0.5	6.328050
14.800000	0.5	6.333750
14.808333	0.5	6.334750
14.816667	0.5	6.333400
14.825000	0.5	6.335900
14.833333	0.5	6.338100
14.841667	0.5	6.340200
14.850000	0.5	6.345800
14.858333	0.5	6.348800
14.866667	0.5	6.354100
14.875000	0.5	6.357800
14.883333	0.5	6.363050
14.891667	0.5	6.369900
14.900000	0.5	6.372100
14.908333	0.5	6.372800
14.916667	0.5	6.372850
14.925000	0.5	6.376700
14.933333	0.5	6.379150
14.941667	0.5	6.381600
14.950000	0.5	6.386850
14.958333	0.5	6.391600
14.966667	0.5	6.398700
14.975000	0.5	6.401800
14.983333	0.5	6.406650
14.991667	0.5	6.413150
15.000000	0.5	6.412650
15.008333	0.5	6.413550
15.016667	0.5	6.415300
15.025000	0.5	6.417300
15.033333	0.5	6.420250
15.041667	0.5	6.422650
15.050000	0.5	6.426300
15.058333	0.5	6.433150
15.066667	0.5	6.437150
15.075000	0.5	6.440100
15.083333	0.5	6.446700
15.091667	0.5	6.449050
15.100000	0.5	6.448100
15.108333	0.5	6.448550
15.116667	0.5	6.450350
15.125000	0.5	6.454900
15.133333	0.5	6.457800
15.141667	0.5	6.459300
15.150000	0.5	6.467800
15.158333	0.5	6.469350
15.166667	0.5	6.474750
15.175000	0.5	6.479150
15.183333	0.5	6.482950
15.191667	0.5	6.483150
15.200000	0.5	6.481600
15.208333	0.5	6.482550
15.216667	0.5	6.485400
15.225000	0.5	6.487950
15.233333	0.5	6.493200
15.241667	0.5	6.496650
15.250000	0.5	6.501600
15.258333	0.5	6.504600
15.266667	0.5	6.508750
15.275000	0.5	6.517450
15.283333	0.5	6.517400
15.291667	0.5	6.518500
15.300000	0.5	6.516150
15.308333	0.5	6.520200
15.316667	0.5	6.522900
15.325000	0.5	6.526750
15.333333	0.5	6.531100
15.341667	0.5	6.537350
15.350000	0.5	6.542100
15.358333	0.5	6.545100
15.366667	0.5	6.551350
15.375000	0.5	6.556850
15.383333	0.5	6.554300
15.391667	0.5	6.554450
15.400000	0.5	6.556200
15.408333	0.5	6.556950
15.416667	0.5	6.562250
15.425000	0.5	6.567900
15.433333	0.5	6.569300
15.441667	0.5	6.575050
15.450000	0.5	6.581550
15.458333	0.5	6.583350
15.466667	0.5	6.590700
15.475000	0.5	6.591900
15.483333	0.5	6.593100
15.491667	0.5	6.593150
15.500000	0.5	6.596950
15.508333	0.5	6.597400
15.516667	0.5	6.604650
15.525000	0.5	6.607500
15.533333	0.5	6.610600
15.541667	0.5	6.618400
15.550000	0.5	6.620850
15.558333	0.5	6.625250
15.566667	0.5	6.629200
15.575000	0.5	6.632050
15.583333	0.5	6.630000
15.591667	0.5	6.630650
15.600000	0.5	6.632550
15.608333	0.5	6.635550
15.616667	0.5	6.640300
15.625000	0.5	6.644500
15.633333	0.5	6.646950
15.641667	0.5	6.652650
15.650000	0.5	6.655650
15.658333	0.5	6.662600
15.666667	0.5	6.665050
15.675000	0.5	6.665100
15.683333	0.5	6.662000
15.691667	0.5	6.667700
15.700000	0.5	6.671100
15.708333	0.5	6.675150
15.716667	0.5	6.677150
15.725000	0.5	6.683250
15.733333	0.5	6.686350
15.741667	0.5	6.690800
15.750000	0.5	6.694350
15.758333	0.5	6.697100
15.766667	0.5	6.699150
15.775000	0.5	6.700250
15.783333	0.5	6.700800
15.791667	0.5	6.702650
15.800000	0.5	6.708550
15.808333	0.5	6.711000
15.816667	0.5	6.712850
15.825000	0.5	6.717600
15.833333	0.5	6.721000
15.841667	0.5	6.723000
15.850000	0.5	6.735100
15.858333	0.5	6.736450
15.866667	0.5	6.734250
15.875000	0.5	6.734100
15.883333	0.5	6.736500
15.891667	0.5	6.738250
15.900000	0.5	6.742100
15.908333	0.5	6.742850
15.916667	0.5	6.747350
15.925000	0.5	6.754550
15.933333	0.5	6.758350
15.941667	0.5	6.762600
15.950000	0.5	6.763850
15.958333	0.5	6.763350
15.966667	0.5	6.764400
15.975000	0.5	6.764000
15.983333	0.5	6.767100
15.991667	0.5	6.770750
16.000000	0.5	6.775250
16.008333	0.5	6.778400
16.016667	0.5	6.784650
16.025000	0.5	6.787750
16.033333	0.5	6.789050
16.041667	0.5	6.798550
16.050000	0.5	6.800850
16.058333	0.5	6.799600
16.066667	0.5	6.799700
16.075000	0.5	6.801650
16.083333	0.5	6.804800
16.091667	0.5	6.810600
16.100000	0.5	6.812000
16.108333	0.5	6.813800
16.116667	0.5	6.819150
16.125000	0.5	6.822950
16.133333	0.5	6.827850
16.141667	0.5	6.834650
16.150000	0.5	6.832900
16.158333	0.5	6.831400
16.166667	0.5	6.836350
16.175000	0.5	6.835900
16.183333	0.5	6.840350
16.191667	0.5	6.844800
16.200000	0.5	6.849050
16.208333	0.5	6.852300
16.216667	0.5	6.854850
16.225000	0.5	6.857700
16.233333	0.5	6.866350
16.241667	0.5	6.866250
16.250000	0.5	6.865250
16.258333	0.5	6.865850
16.266667	0.5	6.868200
16.275000	0.5	6.871500
16.283333	0.5	6.873150
16.291667	0.5	6.879350
16.300000	0.5	6.881850
16.308333	0.5	6.885550
16.316667	0.5	6.890400
16.325000	0.5	6.891600
16.333333	0.5	6.898400
16.341667	0.5	6.899100
16.350000	0.5	6.899450
16.358333	0.5	6.901500
16.366667	0.5	6.901650
16.375000	0.5	6.906050
16.383333	0.5	6.907650
16.391667	0.5	6.912850
16.400000	0.5	6.918100
16.408333	0.5	6.921200
16.416667	0.5	6.924150
16.425000	0.5	6.934000
16.433333	0.5	6.933900
16.441667	0.5	6.931850
16.450000	0.5	6.934750
16.458333	0.5	6.934250
16.466667	0.5	6.935550
16.475000	0.5	6.941550
16.483333	0.5	6.943450
16.491667	0.5	6.946350
16.500000	0.5	6.956000
16.508333	0.5	6.957850
16.516667	0.5	6.960900
16.525000	0.5	6.968150
16.533333	0.5	6.965050
16.541667	0.5	6.966100
16.550000	0.5	6.965000
16.558333	0.5	6.966300
16.566667	0.5	6.972350
16.575000	0.5	6.973900
16.583333	0.5	6.973350
16.591667	0.5	6.978350
16.600000	0.5	6.987250
16.608333	0.5	6.986050
16.616667	0.5	6.993700
16.625000	0.5	6.994300
16.633333	0.5	6.997100
16.641667	0.5	6.994600
16.650000	0.5	6.998000
16.658333	0.5	6.998100
16.666667	0.5	6.998700
16.675000	0.5	7.001550
16.683333	0.5	7.006200
16.691667	0.5	7.012650
16.700000	0.5	7.016300
16.708333	0.5	7.020850
16.716667	0.5	7.025650
16.725000	0.5	7.022900
16.733333	0.5	7.024200
16.741667	0.5	7.027350
16.750000	0.5	7.027950
16.758333	0.5	7.028250
16.766667	0.5	7.031800
16.775000	0.5	7.033800
16.783333	0.5	7.038550
16.791667	0.5	7.043250
16.800000	0.5	7.044300
16.808333	0.5	7.051300
16.816667	0.5	7.049850
16.825000	0.5	7.049750
16.833333	0.5	7.051850
16.841667	0.5	7.052450
16.850000	0.5	7.054400
16.858333	0.5	7.058300
16.866667	0.5	7.059900
16.875000	0.5	7.063200
16.883333	0.5	7.069900
16.891667	0.5	7.071550
16.900000	0.5	7.073800
16.908333	0.5	7.078300
16.916667	0.5	7.080050
16.925000	0.5	7.078100
16.933333	0.5	7.079650
16.941667	0.5	7.080900
16.950000	0.5	7.084150
16.958333	0.5	7.084500
16.966667	0.5	7.088350
16.975000	0.5	7.095700
16.983333	0.5	7.098200
16.991667	0.5	7.100250
17.000000	0.5	7.104900
17.008333	0.5	7.106300
17.016667	0.5	7.106450
17.025000	0.5	7.105000
17.033333	0.5	7.108450
17.041667	0.5	7.111000
17.050000	0.5	7.112100
17.058333	0.5	7.112700
17.066667	0.5	7.116400
17.075000	0.5	7.122350
17.083333	0.5	7.127200
17.091667	0.5	7.129000
17.100000	0.5	7.134150
17.108333	0.5	7.134550
17.116667	0.5	7.133550
17.125000	0.5	7.133750
17.133333	0.5	7.136750
17.141667	0.5	7.139650
17.150000	0.5	7.140250
17.158333	0.5	7.145600
17.166667	0.5	7.149300
17.175000	0.5	7.153050
17.183333	0.5	7.155400
17.191667	0.5	7.161200
17.200000	0.5	7.164100
17.208333	0.5	7.164700
17.216667	0.5	7.161400
17.225000	0.5	7.164900
17.233333	0.5	7.170950
17.241667	0.5	7.174450
17.250000	0.5	7.172550
17.258333	0.5	7.175950
17.266667	0.5	7.182050
17.275000	0.5	7.183300
17.283333	0.5	7.187950
17.291667	0.5	7.192300
17.300000	0.5	7.192450
17.308333	0.5	7.193250
17.316667	0.5	7.192500
17.325000	0.5	7.195350
17.333333	0.5	7.196700
17.341667	0.5	7.200750
17.350000	0.5	7.203350
17.358333	0.5	7.210300
17.366667	0.5	7.214000
17.375000	0.5	7.214950
17.383333	0.5	7.221000
17.391667	0.5	7.222800
17.400000	0.5	7.221900
17.408333	0.5	7.221650
17.416667	0.5	7.224750
17.425000	0.5	7.226200
17.433333	0.5	7.229650
17.441667	0.5	7.231850
17.450000	0.5	7.234850
17.458333	0.5	7.240000
17.466667	0.5	7.242700
17.475000	0.5	7.245100
17.483333	0.5	7.250000
17.491667	0.5	7.251100
17.500000	0.5	7.251200
17.508333	0.5	7.251400
17.516667	0.5	7.251500
17.525000	0.5	7.258000
17.533333	0.5	7.259450
17.541667	0.5	7.263250
17.550000	0.5	7.267350
17.558333	0.5	7.276100
17.566667	0.5	7.273500
17.575000	0.5	7.278050
17.583333	0.5	7.280500
17.591667	0.5	7.279550
17.600000	0.5	7.282250
17.608333	0.5	7.282700
17.616667	0.5	7.283950
17.625000	0.5	7.284850
17.633333	0.5	7.288150
17.641667	0.5	7.292750
17.650000	0.5	7.297300
17.658333	0.5	7.300400
17.666667	0.5	7.302950
17.675000	0.5	7.310700
17.683333	0.5	7.309950
17.691667	0.5	7.310050
17.700000	0.5	7.310900
17.708333	0.5	7.315100
17.716667	0.5	7.315600
17.725000	0.5	7.319600
17.733333	0.5	7.321900
17.741667	0.5	7.327100
17.750000	0.5	7.329400
17.758333	0.5	7.331650
17.766667	0.5	7.339700
17.775000	0.5	7.341800
17.783333	0.5	7.340850
17.791667	0.5	7.338100
17.800000	0.5	7.342850
17.808333	0.5	7.343500
17.816667	0.5	7.345050
17.825000	0.5	7.348500
17.833333	0.5	7.352000
17.841667	0.5	7.356450
17.850000	0.5	7.357900
17.858333	0.5	7.360900
17.866667	0.5	7.367450
17.875000	0.5	7.366400
17.883333	0.5	7.364700
17.891667	0.5	7.368800
17.900000	0.5	7.368500
17.908333	0.5	7.370550
17.916667	0.5	7.373050
17.925000	0.5	7.376850
17.933333	0.5	7.380650
17.941667	0.5	7.384350
17.950000	0.5	7.386950
17.958333	0.5	7.390650
17.966667	0.5	7.394050
17.975000	0.5	7.392800
17.983333	0.5	7.390500
17.991667	0.5	7.394900
18.000000	0.5	7.395000
18.008333	0.5	7.396500
18.016667	0.5	7.399300
18.025000	0.5	7.402850
18.033333	0.5	7.409300
18.041667	0.5	7.408150
18.050000	0.5	7.409800
18.058333	0.5	7.414900
18.066667	0.5	7.417400
18.075000	0.5	7.414650
18.083333	0.5	7.417500
18.091667	0.5	7.417750
18.100000	0.5	7.418900
18.108333	0.5	7.422250
18.116667	0.5	7.425200
18.125000	0.5	7.425750
18.133333	0.5	7.430250
18.141667	0.5	7.432650
18.150000	0.5	7.437050
18.158333	0.5	7.437950
18.166667	0.5	7.436600
18.175000	0.5	7.436750
18.183333	0.5	7.437800
18.191667	0.5	7.437450
18.200000	0.5	7.441850
18.208333	0.5	7.440750
18.216667	0.5	7.444650
18.225000	0.5	7.446450
18.233333	0.5	7.448150
18.241667	0.5	7.448050
18.250000	0.5	7.454750
18.258333	0.5	7.452650
18.266667	0.5	7.451950
18.275000	0.5	7.450400
18.283333	0.5	7.453350
18.291667	0.5	7.452550
18.300000	0.5	7.453600
18.308333	0.5	7.455200
18.316667	0.5	7.456500
18.325000	0.5	7.458700
18.333333	0.5	7.457750
18.341667	0.5	7.463300
18.350000	0.5	7.462400
18.358333	0.5	7.462300
18.366667	0.5	7.458650
18.375000	0.5	7.459300
18.383333	0.5	7.459550
18.391667	0.5	7.461200
18.400000	0.5	7.458000
18.408333	0.5	7.460900
18.416667	0.5	7.463950
18.425000	0.5	7.464300
18.433333	0.5	7.463900
18.441667	0.5	7.464400
18.450000	0.5	7.464000
18.458333	0.5	7.459100
18.466667	0.5	7.458650
18.475000	0.5	7.459150
18.483333	0.5	7.459100
18.491667	0.5	7.453500
18.500000	0.5	7.456650
18.508333	0.5	7.454950
18.516667	0.5	7.455900
18.525000	0.5	7.452150
18.533333	0.5	7.456800
18.541667	0.5	7.455350
18.550000	0.5	7.450650
18.558333	0.5	7.448300
18.566667	0.5	7.442300
18.575000	0.5	7.441800
18.583333	0.5	7.439250
18.591667	0.5	7.442950
18.600000	0.5	7.438350
18.608333	0.5	7.437950
18.616667	0.5	7.438850
18.625000	0.5	7.435650
18.633333	0.5	7.436800
18.641667	0.5	7.430650
18.650000	0.5	7.424600
18.658333	0.5	7.420700
18.666667	0.5	7.419000
18.675000	0.5	7.413100
18.683333	0.5	7.412250
18.691667	0.5	7.409500
18.700000	0.5	7.406750
18.708333	0.5	7.405800
18.716667	0.5	7.402850
18.725000	0.5	7.403100
18.733333	0.5	7.398600
18.741667	0.5	7.393450
18.750000	0.5	7.385650
18.758333	0.5	7.382200
18.766667	0.5	7.378450
18.775000	0.5	7.374550
18.783333	0.5	7.367150
18.791667	0.5	7.365750
18.800000	0.5	7.362150
18.808333	0.5	7.360450
18.816667	0.5	7.355450
18.825000	0.5	7.354250
18.833333	0.5	7.347600
18.841667	0.5	7.339700
18.850000	0.5	7.332900
18.858333	0.5	7.326850
18.866667	0.5	7.323100
18.875000	0.5	7.316400
18.883333	0.5	7.311700
18.891667	0.5	7.308400
18.900000	0.5	7.307650
18.908333	0.5	7.301100
18.916667	0.5	7.298150
18.925000	0.5	7.291000
18.933333	0.5	7.284100
18.941667	0.5	7.278150
18.950000	0.5	7.275000
18.958333	0.5	7.264750
18.966667	0.5	7.260400
18.975000	0.5	7.258700
18.983333	0.5	7.250050
18.991667	0.5	7.250000
19.000000	0.5	7.241750
19.008333	0.5	7.237900
19.016667	0.5	7.234000
19.025000	0.5	7.225100
19.033333	0.5	7.218900
19.041667	0.5	7.211300
19.050000	0.5	7.204200
19.058333	0.5	7.202150
19.066667	0.5	7.195450
19.075000	0.5	7.191200
19.083333	0.5	7.188250
19.091667	0.5	7.184150
19.100000	0.5	7.176700
19.108333	0.5	7.174600
19.116667	0.5	7.170350
19.125000	0.5	7.163350
19.133333	0.5	7.156300
19.141667	0.5	7.152350
19.150000	0.5	7.144900
19.158333	0.5	7.139450
19.166667	0.5	7.135200
19.175000	0.5	7.130750
19.183333	0.5	7.128550
19.191667	0.5	7.124850
19.200000	0.5	7.119350
19.208333	0.5	7.119000
19.216667	0.5	7.111500
19.225000	0.5	7.103900
19.233333	0.5	7.097800
19.241667	0.5	7.094100
19.250000	0.5	7.092400
19.258333	0.5	7.086100
19.266667	0.5	7.082550
19.275000	0.5	7.077900
19.283333	0.5	7.077950
19.291667	0.5	7.074500
19.300000	0.5	7.071300
19.308333	0.5	7.069150
19.316667	0.5	7.063450
19.325000	0.5	7.059000
19.333333	0.5	7.053500
19.341667	0.5	7.048450
19.350000	0.5	7.046800
19.358333	0.5	7.040150
19.366667	0.5	7.038800
19.375000	0.5	7.037350
19.383333	0.5	7.037350
19.391667	0.5	7.032900
19.400000	0.5	7.036250
19.408333	0.5	7.030450
19.416667	0.5	7.022500
19.425000	0.5	7.024250
19.433333	0.5	7.022500
19.441667	0.5	7.019300
19.450000	0.5	7.020000
19.458333	0.5	7.018050
19.466667	0.5	7.017800
19.475000	0.5	7.019600
19.483333	0.5	7.016550
19.491667	0.5	7.021550
19.500000	0.5	7.019800
19.508333	0.5	7.016500
19.516667	0.5	7.016300
19.525000	0.5	7.014400
19.533333	0.5	7.017500
19.541667	0.5	7.018750
19.550000	0.5	7.018300
19.558333	0.5	7.019400
19.566667	0.5	7.020200
19.575000	0.5	7.023750
19.583333	0.5	7.028400
19.591667	0.5	7.032400
19.600000	0.5	7.031400
19.608333	0.5	7.031500
19.616667	0.5	7.034950
19.625000	0.5	7.035400
19.633333	0.5	7.037850
19.641667	0.5	7.042750
19.650000	0.5	7.048400
19.658333	0.5	7.050600
19.666667	0.5	7.058450
19.675000	0.5	7.061250
19.683333	0.5	7.068250
19.691667	0.5	7.069900
19.700000	0.5	7.072550
19.708333	0.5	7.076800
19.716667	0.5	7.080800
19.725000	0.5	7.084250
19.733333	0.5	7.088750
19.741667	0.5	7.093550
19.750000	0.5	7.098950
19.758333	0.5	7.107600
19.766667	0.5	7.113750
19.775000	0.5	7.117350
19.783333	0.5	7.125150
19.791667	0.5	7.130050
19.800000	0.5	7.129400
19.808333	0.5	7.136500
19.816667	0.5	7.139400
19.825000	0.5	7.144950
19.833333	0.5	7.154250
19.841667	0.5	7.158750
19.850000	0.5	7.169300
19.858333	0.5	7.173750
19.866667	0.5	7.178900
19.875000	0.5	7.190400
19.883333	0.5	7.196000
19.891667	0.5	7.199300
19.900000	0.5	7.204100
19.908333	0.5	7.212250
19.916667	0.5	7.216950
19.925000	0.5	7.224100
19.933333	0.5	7.230350
19.941667	0.5	7.237650
19.950000	0.5	7.246900
19.958333	0.5	7.251750
19.966667	0.5	7.260100
19.975000	0.5	7.269650
19.983333	0.5	7.277150
19.991667	0.5	7.278650
20.000000	0.5	7.285700
20.008333	0.5	7.292000
20.016667	0.5	7.298200
20.025000	0.5	7.306450
20.033333	0.5	7.312500
20.041667	0.5	7.322450
20.050000	0.5	7.330300
20.058333	0.5	7.336250
20.066667	0.5	7.348500
20.075000	0.5	7.353100
20.083333	0.5	7.360000
20.091667	0.5	7.363100
20.100000	0.5	7.370550
20.108333	0.5	7.375150
20.116667	0.5	7.382600
20.125000	0.5	7.387350
20.133333	0.5	7.396650
20.141667	0.5	7.406200
20.150000	0.5	7.414700
20.158333	0.5	7.419100
20.166667	0.5	7.429000
20.175000	0.5	7.434050
20.183333	0.5	7.436950
20.191667	0.5	7.442500
20.200000	0.5	7.450400
20.208333	0.5	7.457050
20.216667	0.5	7.461050
20.225000	0.5	7.467650
20.233333	0.5	7.476750
20.241667	0.5	7.486250
20.250000	0.5	7.491150
20.258333	0.5	7.499050
20.266667	0.5	7.506000
20.275000	0.5	7.507800
20.283333	0.5	7.510800
20.291667	0.5	7.518000
20.300000	0.5	7.521500
20.308333	0.5	7.526900
20.316667	0.5	7.534250
20.325000	0.5	7.540350
20.333333	0.5	7.546350
20.341667	0.5	7.557100
20.350000	0.5	7.558250
20.358333	0.5	7.568550
20.366667	0.5	7.569500
20.375000	0.5	7.572050
20.383333	0.5	7.574900
20.391667	0.5	7.582950
20.400000	0.5	7.587100
20.408333	0.5	7.592050
20.416667	0.5	7.592150
20.425000	0.5	7.599550
20.433333	0.5	7.607100
20.441667	0.5	7.608800
20.450000	0.5	7.618350
20.458333	0.5	7.619900
20.466667	0.5	7.619500
20.475000	0.5	7.621000
20.483333	0.5	7.623950
20.491667	0.5	7.628250
20.500000	0.5	7.631350
20.508333	0.5	7.635450
20.516667	0.5	7.641900
20.525000	0.5	7.647200
20.533333	0.5	7.650300
20.541667	0.5	7.654950
20.550000	0.5	7.662500
20.558333	0.5	7.661700
20.566667	0.5	7.663700
20.575000	0.5	7.666150
20.583333	0.5	7.669650
20.591667	0.5	7.671150
20.600000	0.5	7.676200
20.608333	0.5	7.680550
20.616667	0.5	7.684450
20.625000	0.5	7.688850
20.633333	0.5	7.687050
20.641667	0.5	7.697200
20.650000	0.5	7.699550
20.658333	0.5	7.701050
20.666667	0.5	7.699950
20.675000	0.5	7.701800
20.683333	0.5	7.708050
20.691667	0.5	7.709850
20.700000	0.5	7.713050
20.708333	0.5	7.719850
20.716667	0.5	7.722950
20.725000	0.5	7.726800
20.733333	0.5	7.727200
20.741667	0.5	7.731750
20.750000	0.5	7.735600
20.758333	0.5	7.734800
20.766667	0.5	7.741600
20.775000	0.5	7.741500
20.783333	0.5	7.743450
20.791667	0.5	7.745300
20.800000	0.5	7.749150
20.808333	0.5	7.753050
20.816667	0.5	7.760200
20.825000	0.5	7.758600
20.833333	0.5	7.766300
20.841667	0.5	7.768250
20.850000	0.5	7.768150
20.858333	0.5	7.769950
20.866667	0.5	7.768650
20.875000	0.5	7.774050
20.883333	0.5	7.775150
20.891667	0.5	7.777650
20.900000	0.5	7.780650
20.908333	0.5	7.786350
20.916667	0.5	7.790450
20.925000	0.5	7.792800
20.933333	0.5	7.798000
20.941667	0.5	7.799750
20.950000	0.5	7.797250
20.958333	0.5	7.800900
20.966667	0.5	7.802650
20.975000	0.5	7.804600
20.983333	0.5	7.807350
20.991667	0.5	7.808950
21.000000	0.5	7.810950
21.008333	0.5	7.814500
21.016667	0.5	7.816100
21.025000	0.5	7.824250
21.033333	0.5	7.823800
21.041667	0.5	7.825600
21.050000	0.5	7.824100
21.058333	0.5	7.827150
21.066667	0.5	7.829000
21.075000	0.5	7.831350
21.083333	0.5	7.833200
21.091667	0.5	7.838150
21.100000	0.5	7.841600
21.108333	0.5	7.843850
21.116667	0.5	7.843900
21.125000	0.5	7.847000
21.133333	0.5	7.852300
21.141667	0.5	7.847350
21.150000	0.5	7.848850
21.158333	0.5	7.852750
21.166667	0.5	7.855250
21.175000	0.5	7.853550
21.183333	0.5	7.856800
21.191667	0.5	7.861100
21.200000	0.5	7.861950
21.208333	0.5	7.861050
21.216667	0.5	7.871350
21.225000	0.5	7.871400
21.233333	0.5	7.868450
21.241667	0.5	7.867250
21.250000	0.5	7.869900
21.258333	0.5	7.873000
21.266667	0.5	7.873100
21.275000	0.5	7.875500
21.283333	0.5	7.876550
21.291667	0.5	7.882200
21.300000	0.5	7.885400
21.308333	0.5	7.885900
21.316667	0.5	7.891050
21.325000	0.5	7.889100
21.333333	0.5	7.888300
21.341667	0.5	7.888500
21.350000	0.5	7.889450
21.358333	0.5	7.891200
21.366667	0.5	7.894100
21.375000	0.5	7.893750
21.383333	0.5	7.898700
21.391667	0.5	7.901100
21.400000	0.5	7.900750
21.408333	0.5	7.904250
21.416667	0.5	7.911600
21.425000	0.5	7.905800
21.433333	0.5	7.903150
21.441667	0.5	7.906650
21.450000	0.5	7.910550
21.458333	0.5	7.905350
21.466667	0.5	7.910650
21.475000	0.5	7.911850
21.483333	0.5	7.917000
21.491667	0.5	7.915400
21.500000	0.5	7.917050
21.508333	0.5	7.921850
21.516667	0.5	7.923500
21.525000	0.5	7.920450
21.533333	0.5	7.919850
21.541667	0.5	7.920300
21.550000	0.5	7.925150
21.558333	0.5	7.923300
21.566667	0.5	7.926650
21.575000	0.5	7.930000
21.583333	0.5	7.930500
21.591667	0.5	7.928600
21.600000	0.5	7.935400
21.608333	0.5	7.937450
21.616667	0.5	7.936700
21.625000	0.5	7.933650
21.633333	0.5	7.933950
21.641667	0.5	7.936500
21.650000	0.5	7.938000
21.658333	0.5	7.936850
21.666667	0.5	7.937250
21.675000	0.5	7.941300
21.683333	0.5	7.944400
21.691667	0.5	7.945250
21.700000	0.5	7.948450
21.708333	0.5	7.949800
21.716667	0.5	7.948700
21.725000	0.5	7.948950
21.733333	0.5	7.948650
21.741667	0.5	7.950700
21.750000	0.5	7.950600
21.758333	0.5	7.952900
21.766667	0.5	7.955500
21.775000	0.5	7.955850
21.783333	0.5	7.954700
21.791667	0.5	7.963350
21.800000	0.5	7.960050
21.808333	0.5	7.960950
21.816667	0.5	7.960600
21.825000	0.5	7.963800
21.833333	0.5	7.963250
21.841667	0.5	7.966400
21.850000	0.5	7.966950
21.858333	0.5	7.969950
21.866667	0.5	7.972150
21.875000	0.5	7.971950
21.883333	0.5	7.972650
21.891667	0.5	7.977300
21.900000	0.5	7.974650
21.908333	0.5	7.972200
21.916667	0.5	7.973050
21.925000	0.5	7.973300
21.933333	0.5	7.976350
21.941667	0.5	7.973700
21.950000	0.5	7.977350
21.958333	0.5	7.979500
21.966667	0.5	7.982800
21.975000	0.5	7.979750
21.983333	0.5	7.986600
21.991667	0.5	7.983650
22.000000	0.5	7.986650
22.008333	0.5	7.983950
22.016667	0.5	7.984750
22.025000	0.5	7.985800
22.033333	0.5	7.985450
22.041667	0.5	7.985050
22.050000	0.5	7.987700
22.058333	0.5	7.987900
22.066667	0.5	7.990750
22.075000	0.5	7.989200
22.083333	0.5	7.992350
22.091667	0.5	7.992100
22.100000	0.5	7.990350
22.108333	0.5	7.993850
22.116667	0.5	7.988800
22.125000	0.5	7.990650
22.133333	0.5	7.994050
22.141667	0.5	7.992300
22.150000	0.5	7.995550
22.158333	0.5	7.996200
22.166667	0.5	7.995650
22.175000	0.5	8.001450
22.183333	0.5	8.001450
22.191667	0.5	8.000350
22.200000	0.5	7.998850
22.208333	0.5	7.997750
22.216667	0.5	7.999650
22.225000	0.5	8.001200
22.233333	0.5	8.001400
22.241667	0.5	8.001150
22.250000	0.5	8.006100
22.258333	0.5	8.007350
22.266667	0.5	8.005350
22.275000	0.5	8.009750
22.283333	0.5	8.011250
22.291667	0.5	8.007000
22.300000	0.5	8.011000
22.308333	0.5	8.006900
22.316667	0.5	8.008600
22.325000	0.5	8.012100
22.333333	0.5	8.009500
22.341667	0.5	8.014850
22.350000	0.5	8.015900
22.358333	0.5	8.017350
22.366667	0.5	8.019550
22.375000	0.5	8.025050
22.383333	0.5	8.023000
22.391667	0.5	8.019200
22.400000	0.5	8.019000
22.408333	0.5	8.020650
22.416667	0.5	8.019650
22.425000	0.5	8.024250
22.433333	0.5	8.021450
22.441667	0.5	8.024300
22.450000	0.5	8.027550
22.458333	0.5	8.028400
22.466667	0.5	8.033900
22.475000	0.5	8.031800
22.483333	0.5	8.028450
22.491667	0.5	8.031550
22.500000	0.5	8.028000
22.508333	0.5	8.029500
22.516667	0.5	8.029150
22.525000	0.5	8.029950
22.533333	0.5	8.032050
22.541667	0.5	8.036600
22.550000	0.5	8.035350
22.558333	0.5	8.038250
22.566667	0.5	8.037350
22.575000	0.5	8.037800
22.583333	0.5	8.036300
22.591667	0.5	8.040300
22.600000	0.5	8.038850
22.608333	0.5	8.038100
22.616667	0.5	8.039550
22.625000	0.5	8.038100
22.633333	0.5	8.041750
22.641667	0.5	8.043100
22.650000	0.5	8.044650
22.658333	0.5	8.050150
22.666667	0.5	8.048250
22.675000	0.5	8.046850
22.683333	0.5	8.050650
22.691667	0.5	8.047800
22.700000	0.5	8.048250
22.708333	0.5	8.048700
22.716667	0.5	8.049900
22.725000	0.5	8.053000
22.733333	0.5	8.055150
22.741667	0.5	8.051800
22.750000	0.5	8.058950
22.758333	0.5	8.060950
22.766667	0.5	8.055950
22.775000	0.5	8.053400
22.783333	0.5	8.055250
22.791667	0.5	8.058950
22.800000	0.5	8.056650
22.808333	0.5	8.056800
22.816667	0.5	8.058000
22.825000	0.5	8.059300
22.833333	0.5	8.062950
22.841667	0.5	8.062650
22.850000	0.5	8.067450
22.858333	0.5	8.069100
22.866667	0.5	8.066500
22.875000	0.5	8.064900
22.883333	0.5	8.067600
22.891667	0.5	8.064100
22.900000	0.5	8.068150
22.908333	0.5	8.069400
22.916667	0.5	8.075000
22.925000	0.5	8.074700
22.933333	0.5	8.071700
22.941667	0.5	8.077050
22.950000	0.5	8.077500
22.958333	0.5	8.074400
22.966667	0.5	8.074950
22.975000	0.5	8.076300
22.983333	0.5	8.076600
22.991667	0.5	8.076700
23.000000	0.5	8.081000
23.008333	0.5	8.079000
23.016667	0.5	8.081850
23.025000	0.5	8.081800
23.033333	0.5	8.083300
23.041667	0.5	8.089750
23.050000	0.5	8.091100
23.058333	0.5	8.086150
23.066667	0.5	8.084800
23.075000	0.5	8.089250
23.083333	0.5	8.082600
23.091667	0.5	8.085400
23.100000	0.5	8.091800
23.108333	0.5	8.092450
23.116667	0.5	8.094300
23.125000	0.5	8.095600
23.133333	0.5	8.098950
23.141667	0.5	8.101850
23.150000	0.5	8.101600
23.158333	0.5	8.101700
23.166667	0.5	8.100150
23.175000	0.5	8.100250
23.183333	0.5	8.099550
23.191667	0.5	8.100500
23.200000	0.5	8.102300
23.208333	0.5	8.097000
23.216667	0.5	8.103000
23.225000	0.5	8.105700
23.233333	0.5	8.111200
23.241667	0.5	8.110550
23.250000	0.5	8.110750
23.258333	0.5	8.104300
23.266667	0.5	8.106650
23.275000	0.5	8.108750
23.283333	0.5	8.109750
23.291667	0.5	8.107900
23.300000	0.5	8.113400
23.308333	0.5	8.117500
23.316667	0.5	8.118250
23.325000	0.5	8.118650
23.333333	0.5	8.120700
23.341667	0.5	8.120700
23.350000	0.5	8.119500
23.358333	0.5	8.118750
23.366667	0.5	8.121950
23.375000	0.5	8.122050
23.383333	0.5	8.124700
23.391667	0.5	8.128750
23.400000	0.5	8.130450
23.408333	0.5	8.132100
23.416667	0.5	8.130950
23.425000	0.5	8.133400
23.433333	0.5	8.134050
23.441667	0.5	8.133700
23.450000	0.5	8.136350
23.458333	0.5	8.137600
23.466667	0.5	8.135500
23.475000	0.5	8.138900
23.483333	0.5	8.143250
23.491667	0.5	8.145550
23.500000	0.5	8.147550
23.508333	0.5	8.146000
23.516667	0.5	8.151150
23.525000	0.5	8.154450
23.533333	0.5	8.153800
23.541667	0.5	8.156700
23.550000	0.5	8.152750
23.558333	0.5	8.155100
23.566667	0.5	8.160400
23.575000	0.5	8.160700
23.583333	0.5	8.163000
23.591667	0.5	8.167900
23.600000	0.5	8.169450
23.608333	0.5	8.173850
23.616667	0.5	8.179600
23.625000	0.5	8.183850
23.633333	0.5	8.182300
23.641667	0.5	8.185350
23.650000	0.5	8.187800
23.658333	0.5	8.192950
23.666667	0.5	8.199500
23.675000	0.5	8.203400
23.683333	0.5	8.215550
23.691667	0.5	8.231150
23.700000	0.5	8.248600
23.708333	0.5	8.288050
23.716667	0.5	8.337150
23.725000	0.5	8.389950
23.733333	0.5	8.420000
23.741667	0.5	8.414250
23.750000	0.5	8.379350
23.758333	0.5	8.322800
23.766667	0.5	8.258600
23.775000	0.5	8.177400
23.783333	0.5	8.112700
23.791667	0.5	8.064600
23.800000	0.5	8.034150
23.808333	0.5	8.015550
23.816667	0.5	7.994050
23.825000	0.5	7.980850
23.833333	0.5	7.971850
23.841667	0.5	7.960950
23.850000	0.5	7.953600
23.858333	0.5	7.945150
23.866667	0.5	7.940800
23.875000	0.5	7.937150
23.883333	0.5	7.931000
23.891667	0.5	7.927300
23.900000	0.5	7.926850
23.908333	0.5	7.922600
23.916667	0.5	7.917450
23.925000	0.5	7.913050
23.933333	0.5	7.909650
23.941667	0.5	7.906900
23.950000	0.5	7.907150
23.958333	0.5	7.902950
23.966667	0.5	7.904850
23.975000	0.5	7.898800
23.983333	0.5	7.899150
23.991667	0.5	7.898100
24.000000	0.5	7.897400
24.008333	0.5	7.893300
24.016667	0.5	7.889950
24.025000	0.5	7.883900
24.033333	0.5	7.882250
24.041667	0.5	7.879700
24.050000	0.5	7.877550
24.058333	0.5	7.877650
24.066667	0.5	7.876700
24.075000	0.5	7.871300
24.083333	0.5	7.869250
24.091667	0.5	7.872850
24.100000	0.5	7.867900
24.108333	0.5	7.865100
24.116667	0.5	7.860550
24.125000	0.5	7.860200
24.133333	0.5	7.853600
24.141667	0.5	7.853950
24.150000	0.5	7.854200
24.158333	0.5	7.848900
24.166667	0.5	7.851150
24.175000	0.5	7.848200
24.183333	0.5	7.847400
24.191667	0.5	7.850600
24.200000	0.5	7.846900
24.208333	0.5	7.844400
24.216667	0.5	7.841400
24.225000	0.5	7.839600
24.233333	0.5	7.838700
24.241667	0.5	7.838200
24.250000	0.5	7.834500
24.258333	0.5	7.834750
24.266667	0.5	7.833200
24.275000	0.5	7.831900
24.283333	0.5	7.836500
24.291667	0.5	7.833300
24.300000	0.5	7.829250
24.308333	0.5	7.825950
24.316667	0.5	7.825650
24.325000	0.5	7.823200
24.333333	0.5	7.819500
24.341667	0.5	7.822500
24.350000	0.5	7.823900
24.358333	0.5	7.822750
24.366667	0.5	7.827700
24.375000	0.5	7.822250
24.383333	0.5	7.822800
24.391667	0.5	7.821800
24.400000	0.5	7.819700
24.408333	0.5	7.816650
24.416667	0.5	7.815000
24.425000	0.5	7.816050
24.433333	0.5	7.816900
24.441667	0.5	7.816000
24.450000	0.5	7.816700
24.458333	0.5	7.818400
24.466667	0.5	7.814650
24.475000	0.5	7.820350
24.483333	0.5	7.817200
24.491667	0.5	7.810450
24.500000	0.5	7.811600
24.508333	0.5	7.806800
24.516667	0.5	7.808650
24.525000	0.5	7.809600
24.533333	0.5	7.809900
24.541667	0.5	7.809500
24.550000	0.5	7.811200
24.558333	0.5	7.808050
24.566667	0.5	7.809250
24.575000	0.5	7.808600
24.583333	0.5	7.807750
24.591667	0.5	7.802300
24.600000	0.5	7.801250
24.608333	0.5	7.799500
24.616667	0.5	7.799350
24.625000	0.5	7.799200
24.633333	0.5	7.799100
24.641667	0.5	7.797900
24.650000	0.5	7.798550
24.658333	0.5	7.796900
24.666667	0.5	7.798900
24.675000	0.5	7.800050
24.683333	0.5	7.794350
24.691667	0.5	7.792250
24.700000	0.5	7.792900
24.708333	0.5	7.793350
24.716667	0.5	7.792250
24.725000	0.5	7.792700
24.733333	0.5	7.792650
24.741667	0.5	7.795200
24.750000	0.5	7.794200
24.758333	0.5	7.795600
24.766667	0.5	7.794300
24.775000	0.5	7.795750
24.783333	0.5	7.791800
24.791667	0.5	7.790400
24.800000	0.5	7.786400
24.808333	0.5	7.784500
24.816667	0.5	7.787850
24.825000	0.5	7.788750
24.833333	0.5	7.788450
24.841667	0.5	7.790050
24.850000	0.5	7.787650
24.858333	0.5	7.795250
24.866667	0.5	7.792850
24.875000	0.5	7.793850
24.883333	0.5	7.787000
24.891667	0.5	7.787950
24.900000	0.5	7.789900
24.908333	0.5	7.788150
24.916667	0.5	7.784800
24.925000	0.5	7.787050
24.933333	0.5	7.787750
24.941667	0.5	7.791450
24.950000	0.5	7.791900
24.958333	0.5	7.790150
24.966667	0.5	7.787350
24.975000	0.5	7.782800
24.983333	0.5	7.782650
24.991667	0.5	7.784900
25.000000	0.5	7.782200
25.008333	0.5	7.788700
25.016667	0.5	7.785050
25.025000	0.5	7.786600
25.033333	0.5	7.787500
25.041667	0.5	7.788950
25.050000	0.5	7.790300
25.058333	0.5	7.790000
25.066667	0.5	7.785150
25.075000	0.5	7.780700
25.083333	0.5	7.780850
25.091667	0.5	7.781950
25.100000	0.5	7.782600
25.108333	0.5	7.780450
25.116667	0.5	7.782250
25.125000	0.5	7.785250
25.133333	0.5	7.785150
25.141667	0.5	7.785250
25.150000	0.5	7.788600
25.158333	0.5	7.783450
25.166667	0.5	7.780400
25.175000	0.5	7.781600
25.183333	0.5	7.781250
25.191667	0.5	7.779600
25.200000	0.5	7.783300
25.208333	0.5	7.784750
25.216667	0.5	7.781600
25.225000	0.5	7.782500
25.233333	0.5	7.783650
25.241667	0.5	7.788150
25.250000	0.5	7.786350
25.258333	0.5	7.784750
25.266667	0.5	7.782850
25.275000	0.5	7.780600
25.283333	0.5	7.783150
25.291667	0.5	7.782700
25.300000	0.5	7.785350
25.308333	0.5	7.786550
25.316667	0.5	7.786900
25.325000	0.5	7.786900
25.333333	0.5	7.787900
25.341667	0.5	7.791900
25.350000	0.5	7.793800
25.358333	0.5	7.787700
25.366667	0.5	7.782050
25.375000	0.5	7.783850
25.383333	0.5	7.783500
25.391667	0.5	7.782700
25.400000	0.5	7.785700
25.408333	0.5	7.787100
25.416667	0.5	7.787200
25.425000	0.5	7.785350
25.433333	0.5	7.788400
25.441667	0.5	7.789050
25.450000	0.5	7.785450
25.458333	0.5	7.783700
25.466667	0.5	7.784900
25.475000	0.5	7.785100
25.483333	0.5	7.785200
25.491667	0.5	7.784950
25.500000	0.5	7.785650
25.508333	0.5	7.787600
25.516667	0.5	7.787100
25.525000	0.5	7.787300
25.533333	0.5	7.790200
25.541667	0.5	7.791400
25.550000	0.5	7.786450
25.558333	0.5	7.787950
25.566667	0.5	7.789350
25.575000	0.5	7.787900
25.583333	0.5	7.788250
25.591667	0.5	7.784850
25.600000	0.5	7.788300
25.608333	0.5	7.786700
25.616667	0.5	7.786500
25.625000	0.5	7.793000
25.633333	0.5	7.792100
25.641667	0.5	7.792450
25.650000	0.5	7.786200
25.658333	0.5	7.787100
25.666667	0.5	7.789400
25.675000	0.5	7.787100
25.683333	0.5	7.789150
25.691667	0.5	7.790800
25.700000	0.5	7.790500
25.708333	0.5	7.789800
25.716667	0.5	7.793900
25.725000	0.5	7.793300
25.733333	0.5	7.793150
25.741667	0.5	7.790750
25.750000	0.5	7.791250
25.758333	0.5	7.788650
25.766667	0.5	7.789850
25.775000	0.5	7.792450
25.783333	0.5	7.793300
25.791667	0.5	7.795700
25.800000	0.5	7.796300
25.808333	0.5	7.793150
25.816667	0.5	7.796350
25.825000	0.5	7.795500
25.833333	0.5	7.792800
25.841667	0.5	7.790050
25.850000	0.5	7.789950
25.858333	0.5	7.790100
25.866667	0.5	7.794650
25.875000	0.5	7.797100
25.883333	0.5	7.793950
25.891667	0.5	7.796800
25.900000	0.5	7.795700
25.908333	0.5	7.799350
25.916667	0.5	7.801500
25.925000	0.5	7.796900
25.933333	0.5	7.795850
25.941667	0.5	7.796750
25.950000	0.5	7.797900
25.958333	0.5	7.796150
25.966667	0.5	7.796500
25.975000	0.5	7.799250
25.983333	0.5	7.802650
25.991667	0.5	7.808250
26.000000	0.5	7.803850
26.008333	0.5	7.807650
26.016667	0.5	7.808350
26.025000	0.5	7.809550
26.033333	0.5	7.804000
26.041667	0.5	7.806600
26.050000	0.5	7.807850
26.058333	0.5	7.809550
26.066667	0.5	7.807450
26.075000	0.5	7.807750
26.083333	0.5	7.809900
26.091667	0.5	7.810050
26.100000	0.5	7.815050
26.108333	0.5	7.813750
26.116667	0.5	7.810350
26.125000	0.5	7.809250
26.133333	0.5	7.811600
26.141667	0.5	7.811150
26.150000	0.5	7.811700
26.158333	0.5	7.809700
26.166667	0.5	7.806750
26.175000	0.5	7.813550
26.183333	0.5	7.815500
26.191667	0.5	7.811700
26.200000	0.5	7.817800
26.208333	0.5	7.818000
26.216667	0.5	7.818400
26.225000	0.5	7.814350
26.233333	0.5	7.813250
26.241667	0.5	7.824350
26.250000	0.5	7.814200
26.258333	0.5	7.814000
26.266667	0.5	7.819000
26.275000	0.5	7.820100
26.283333	0.5	7.817900
26.291667	0.5	7.819200
26.300000	0.5	7.820050
26.308333	0.5	7.818400
26.316667	0.5	7.817100
26.325000	0.5	7.816550
26.333333	0.5	7.818150
26.341667	0.5	7.815800
26.350000	0.5	7.815000
26.358333	0.5	7.819450
26.366667	0.5	7.822800
26.375000	0.5	7.821550
26.383333	0.5	7.819800
26.391667	0.5	7.827800
26.400000	0.5	7.824750
26.408333	0.5	7.824500
26.416667	0.5	7.818150
26.425000	0.5	7.822950
26.433333	0.5	7.819050
26.441667	0.5	7.822800
26.450000	0.5	7.825950
26.458333	0.5	7.826550
26.466667	0.5	7.825650
26.475000	0.5	7.830000
26.483333	0.5	7.828950
26.491667	0.5	7.831300
26.500000	0.5	7.830300
26.508333	0.5	7.824550
26.516667	0.5	7.825250
26.525000	0.5	7.827700
26.533333	0.5	7.824750
26.541667	0.5	7.829750
26.550000	0.5	7.828250
26.558333	0.5	7.833300
26.566667	0.5	7.834500
26.575000	0.5	7.831050
26.583333	0.5	7.837950
26.591667	0.5	7.836550
26.600000	0.5	7.833800
26.608333	0.5	7.833100
26.616667	0.5	7.833550
26.625000	0.5	7.832200
26.633333	0.5	7.836550
26.641667	0.5	7.832700
26.650000	0.5	7.835600
26.658333	0.5	7.839350
26.666667	0.5	7.837250
26.675000	0.5	7.847750
26.683333	0.5	7.844250
26.691667	0.5	7.839450
26.700000	0.5	7.836300
26.708333	0.5	7.836400
26.716667	0.5	7.839150
26.725000	0.5	7.836850
26.733333	0.5	7.837050
26.741667	0.5	7.838850
26.750000	0.5	7.846150
26.758333	0.5	7.844350
26.766667	0.5	7.842550
26.775000	0.5	7.848650
26.783333	0.5	7.851100
26.791667	0.5	7.848550
26.800000	0.5	7.845750
26.808333	0.5	7.846400
26.816667	0.5	7.844400
26.825000	0.5	7.844550
26.833333	0.5	7.848900
26.841667	0.5	7.851750
26.850000	0.5	7.854450
26.858333	0.5	7.855150
26.866667	0.5	7.856600
26.875000	0.5	7.855450
26.883333	0.5	7.856400
26.891667	0.5	7.853300
26.900000	0.5	7.850200
26.908333	0.5	7.852150
26.916667	0.5	7.852000
26.925000	0.5	7.853250
26.933333	0.5	7.853600
26.941667	0.5	7.858900
26.950000	0.5	7.860950
26.958333	0.5	7.858400
26.966667	0.5	7.867050
26.975000	0.5	7.865900
26.983333	0.5	7.860300
26.991667	0.5	7.862600
27.000000	0.5	7.860350
27.008333	0.5	7.858250
27.016667	0.5	7.860350
27.025000	0.5	7.861300
27.033333	0.5	7.864250
27.041667	0.5	7.864050
27.050000	0.5	7.870050
27.058333	0.5	7.872450
27.066667	0.5	7.874750
27.075000	0.5	7.877900
27.083333	0.5	7.872900
27.091667	0.5	7.871600
27.100000	0.5	7.875800
27.108333	0.5	7.874750
27.116667	0.5	7.875350
27.125000	0.5	7.878350
27.133333	0.5	7.878800
27.141667	0.5	7.882000
27.150000	0.5	7.885200
27.158333	0.5	7.887500
27.166667	0.5	7.889450
27.175000	0.5	7.887250
27.183333	0.5	7.891850
27.191667	0.5	7.888100
27.200000	0.5	7.889750
27.208333	0.5	7.891150
27.216667	0.5	7.886900
27.225000	0.5	7.892400
27.233333	0.5	7.889400
27.241667	0.5	7.891500
27.250000	0.5	7.896350
27.258333	0.5	7.894700
27.266667	0.5	7.893700
27.275000	0.5	7.886900
27.283333	0.5	7.891300
27.291667	0.5	7.891200
27.300000	0.5	7.888250
27.308333	0.5	7.889950
27.316667	0.5	7.891100
27.325000	0.5	7.891400
27.333333	0.5	7.890350
27.341667	0.5	7.893600
27.350000	0.5	7.896650
27.358333	0.5	7.894900
27.366667	0.5	7.892200
27.375000	0.5	7.890150
27.383333	0.5	7.891150
27.391667	0.5	7.889150
27.400000	0.5	7.892100
27.408333	0.5	7.892700
27.416667	0.5	7.890950
27.425000	0.5	7.895050
27.433333	0.5	7.895000
27.441667	0.5	7.896000
27.450000	0.5	7.896700
27.458333	0.5	7.901500
27.466667	0.5	7.892900
27.475000	0.5	7.893000
27.483333	0.5	7.892700
27.491667	0.5	7.896550
27.500000	0.5	7.896750
27.508333	0.5	7.897000
27.516667	0.5	7.899550
27.525000	0.5	7.898850
27.533333	0.5	7.899500
27.541667	0.5	7.904850
27.550000	0.5	7.905750
27.558333	0.5	7.902800
27.566667	0.5	7.899050
27.575000	0.5	7.898450
27.583333	0.5	7.901250
27.591667	0.5	7.902750
27.600000	0.5	7.904050
27.608333	0.5	7.902600
27.616667	0.5	7.905550
27.625000	0.5	7.907100
27.633333	0.5	7.908450
27.641667	0.5	7.912200
27.650000	0.5	7.907800
27.658333	0.5	7.906600
27.666667	0.5	7.905050
27.675000	0.5	7.909100
27.683333	0.5	7.907000
27.691667	0.5	7.911650
27.700000	0.5	7.911950
27.708333	0.5	7.916600
27.716667	0.5	7.915000
27.725000	0.5	7.914450
27.733333	0.5	7.917350
27.741667	0.5	7.918200
27.750000	0.5	7.917500
27.758333	0.5	7.918000
27.766667	0.5	7.917250
27.775000	0.5	7.919250
27.783333	0.5	7.920850
27.791667	0.5	7.918900
27.800000	0.5	7.920300
27.808333	0.5	7.924000
27.816667	0.5	7.924700
27.825000	0.5	7.922900
27.833333	0.5	7.928950
27.841667	0.5	7.929550
27.850000	0.5	7.923900
27.858333	0.5	7.925550
27.866667	0.5	7.924700
27.875000	0.5	7.926300
27.883333	0.5	7.925450
27.891667	0.5	7.928100
27.900000	0.5	7.931600
27.908333	0.5	7.931600
27.916667	0.5	7.934650
27.925000	0.5	7.937250
27.933333	0.5	7.938350
27.941667	0.5	7.933350
27.950000	0.5	7.932400
27.958333	0.5	7.930400
27.966667	0.5	7.932650
27.975000	0.5	7.933000
27.983333	0.5	7.932650
27.991667	0.5	7.933050
28.000000	0.5	7.937800
28.008333	0.5	7.935450
28.016667	0.5	7.937550
28.025000	0.5	7.938650
28.033333	0.5	7.936450
28.041667	0.5	7.935150
28.050000	0.5	7.934100
28.058333	0.5	7.930350
28.066667	0.5	7.932650
28.075000	0.5	7.929700
28.083333	0.5	7.932900
28.091667	0.5	7.933100
28.100000	0.5	7.935200
28.108333	0.5	7.934050
28.116667	0.5	7.939800
28.125000	0.5	7.940550
28.133333	0.5	7.934650
28.141667	0.5	7.933900
28.150000	0.5	7.934900
28.158333	0.5	7.935900
28.166667	0.5	7.934100
28.175000	0.5	7.933300
28.183333	0.5	7.934400
28.191667	0.5	7.936200
28.200000	0.5	7.938600
28.208333	0.5	7.941300
28.216667	0.5	7.943200
28.225000	0.5	7.943300
28.233333	0.5	7.940350
28.241667	0.5	7.940300
28.250000	0.5	7.941600
28.258333	0.5	7.943900
28.266667	0.5	7.944000
28.275000	0.5	7.942750
28.283333	0.5	7.949800
28.291667	0.5	7.950000
28.300000	0.5	7.947450
28.308333	0.5	7.951600
28.316667	0.5	7.956000
28.325000	0.5	7.953500
28.333333	0.5	7.953300
28.341667	0.5	7.953900
28.350000	0.5	7.953350
28.358333	0.5	7.955550
28.366667	0.5	7.958300
28.375000	0.5	7.961550
28.383333	0.5	7.964150
28.391667	0.5	7.964700
28.400000	0.5	7.972850
28.408333	0.5	7.970750
28.416667	0.5	7.969800
28.425000	0.5	7.971200
28.433333	0.5	7.972100
28.441667	0.5	7.975400
28.450000	0.5	7.977200
28.458333	0.5	7.977450
28.466667	0.5	7.976950
28.475000	0.5	7.984600
28.483333	0.5	7.981300
28.491667	0.5	7.984750
28.500000	0.5	7.992750
28.508333	0.5	7.993750
28.516667	0.5	7.991950
28.525000	0.5	7.991500
28.533333	0.5	7.995350
28.541667	0.5	7.997250
28.550000	0.5	7.998500
28.558333	0.5	7.997550
28.566667	0.5	8.000850
28.575000	0.5	8.007450
28.583333	0.5	8.007150
28.591667	0.5	8.009400
28.600000	0.5	8.010600
28.608333	0.5	8.015000
28.616667	0.5	8.013900
28.625000	0.5	8.014000
28.633333	0.5	8.014450
28.641667	0.5	8.014050
28.650000	0.5	8.019000
28.658333	0.5	8.019150
28.666667	0.5	8.021200
28.675000	0.5	8.028300
28.683333	0.5	8.030800
28.691667	0.5	8.034500
28.700000	0.5	8.035700
28.708333	0.5	8.033500
28.716667	0.5	8.038250
28.725000	0.5	8.039050
28.733333	0.5	8.035750
28.741667	0.5	8.038950
28.750000	0.5	8.040300
28.758333	0.5	8.045250
28.766667	0.5	8.048850
28.775000	0.5	8.048600
28.783333	0.5	8.052800
28.791667	0.5	8.055050
28.800000	0.5	8.056850
28.808333	0.5	8.052950
28.816667	0.5	8.055400
28.825000	0.5	8.057300
28.833333	0.5	8.059500
28.841667	0.5	8.058000
28.850000	0.5	8.063700
28.858333	0.5	8.068450
28.866667	0.5	8.067950
28.875000	0.5	8.065850
28.883333	0.5	8.074450
28.891667	0.5	8.074400
28.900000	0.5	8.072400
28.908333	0.5	8.078300
28.916667	0.5	8.076750
28.925000	0.5	8.077800
28.933333	0.5	8.079050
28.941667	0.5	8.080650
28.950000	0.5	8.085600
28.958333	0.5	8.089550
28.966667	0.5	8.089750
28.975000	0.5	8.091050
28.983333	0.5	8.096450
28.991667	0.5	8.097150
29.000000	0.5	8.093300
29.008333	0.5	8.096200
29.016667	0.5	8.101350
29.025000	0.5	8.099350
29.033333	0.5	8.101450
29.041667	0.5	8.105600
29.050000	0.5	8.106600
29.058333	0.5	8.114200
29.066667	0.5	8.110900
29.075000	0.5	8.118400
29.083333	0.5	8.119100
29.091667	0.5	8.118150
29.100000	0.5	8.123400
29.108333	0.5	8.119250
29.116667	0.5	8.126100
29.125000	0.5	8.129100
29.133333	0.5	8.132500
29.141667	0.5	8.136500
29.150000	0.5	8.143050
29.158333	0.5	8.144600
29.166667	0.5	8.148950
29.175000	0.5	8.156900
29.183333	0.5	8.157350
29.191667	0.5	8.163250
29.200000	0.5	8.165750
29.208333	0.5	8.177100
29.216667	0.5	8.181350
29.225000	0.5	8.186900
29.233333	0.5	8.196050
29.241667	0.5	8.201250
29.250000	0.5	8.205800
29.258333	0.5	8.214700
29.266667	0.5	8.225850
29.275000	0.5	8.236700
29.283333	0.5	8.245350
29.291667	0.5	8.255000
29.300000	0.5	8.263850
29.308333	0.5	8.275750
29.316667	0.5	8.281150
29.325000	0.5	8.292300
29.333333	0.5	8.306750
29.341667	0.5	8.318950
29.350000	0.5	8.327000
29.358333	0.5	8.340200
29.366667	0.5	8.350400
29.375000	0.5	8.360250
29.383333	0.5	8.366500
29.391667	0.5	8.375250
29.400000	0.5	8.381350
29.408333	0.5	8.390050
29.416667	0.5	8.387750
29.425000	0.5	8.400750
29.433333	0.5	8.404200
29.441667	0.5	8.407700
29.450000	0.5	8.406300
29.458333	0.5	8.410600
29.466667	0.5	8.408150
29.475000	0.5	8.413400
29.483333	0.5	8.406050
29.491667	0.5	8.404000
29.500000	0.5	8.402850
29.508333	0.5	8.399850
29.516667	0.5	8.391800
29.525000	0.5	8.385500
29.533333	0.5	8.382850
29.541667	0.5	8.374850
29.550000	0.5	8.367500
29.558333	0.5	8.360200
29.566667	0.5	8.353850
29.575000	0.5	8.349400
29.583333	0.5	8.337500
29.591667	0.5	8.333750
29.600000	0.5	8.325450
29.608333	0.5	8.316700
29.616667	0.5	8.311500
29.625000	0.5	8.312150
29.633333	0.5	8.303450
29.641667	0.5	8.294650
29.650000	0.5	8.293600
29.658333	0.5	8.287850
29.666667	0.5	8.283300
29.675000	0.5	8.278850
29.683333	0.5	8.278200
29.691667	0.5	8.272050
29.700000	0.5	8.271950
29.708333	0.5	8.267800
29.716667	0.5	8.261550
29.725000	0.5	8.260650
29.733333	0.5	8.259300
29.741667	0.5	8.263900
29.750000	0.5	8.258350
29.758333	0.5	8.260450
29.766667	0.5	8.254650
29.775000	0.5	8.255850
29.783333	0.5	8.258300
29.791667	0.5	8.255600
29.800000	0.5	8.254450
29.808333	0.5	8.250600
29.816667	0.5	8.258950
29.825000	0.5	8.259300
29.833333	0.5	8.255500
29.841667	0.5	8.260050
29.850000	0.5	8.259650
29.858333	0.5	8.258500
29.866667	0.5	8.259850
29.875000	0.5	8.260500
29.883333	0.5	8.262750
29.891667	0.5	8.262750
29.900000	0.5	8.262150
29.908333	0.5	8.264050
29.916667	0.5	8.262900
29.925000	0.5	8.267600
29.933333	0.5	8.271050
29.941667	0.5	8.274650
29.950000	0.5	8.270600
29.958333	0.5	8.269600
29.966667	0.5	8.271200
29.975000	0.5	8.269550
29.983333	0.5	8.271600
29.991667	0.5	8.274650
30.000000	0.5	8.274550
30.008333	0.5	8.276550
30.016667	0.5	8.273800
30.025000	0.5	8.272450
30.033333	0.5	8.279000
30.041667	0.5	8.284400
30.050000	0.5	8.278450
30.058333	0.5	8.280900
30.066667	0.5	8.278850
30.075000	0.5	8.282950
30.083333	0.5	8.283400
30.091667	0.5	8.282800
30.100000	0.5	8.285100
30.108333	0.5	8.290650
30.116667	0.5	8.287400
30.125000	0.5	8.290300
30.133333	0.5	8.292400
30.141667	0.5	8.287150
30.150000	0.5	8.288650
30.158333	0.5	8.291100
30.166667	0.5	8.292700
30.175000	0.5	8.290550
30.183333	0.5	8.292950
30.191667	0.5	8.294650
30.200000	0.5	8.298350
30.208333	0.5	8.301250
30.216667	0.5	8.302350
30.225000	0.5	8.300950
30.233333	0.5	8.300800
30.241667	0.5	8.301700
30.250000	0.5	8.299700
30.258333	0.5	8.302100
30.266667	0.5	8.305800
30.275000	0.5	8.302450
30.283333	0.5	8.304200
30.291667	0.5	8.305450
30.300000	0.5	8.305150
30.308333	0.5	8.309050
30.316667	0.5	8.309450
30.325000	0.5	8.313300
30.333333	0.5	8.312350
30.341667	0.5	8.312000
30.350000	0.5	8.310750
30.358333	0.5	8.312300
30.366667	0.5	8.312150
30.375000	0.5	8.313850
30.383333	0.5	8.319450
30.391667	0.5	8.319700
30.400000	0.5	8.322450
30.408333	0.5	8.320500
30.416667	0.5	8.327750
30.425000	0.5	8.326750
30.433333	0.5	8.328450
30.441667	0.5	8.328450
30.450000	0.5	8.329400
30.458333	0.5	8.331250
30.466667	0.5	8.332300
30.475000	0.5	8.335950
30.483333	0.5	8.336800
30.491667	0.5	8.343100
30.500000	0.5	8.338350
30.508333	0.5	8.340600
30.516667	0.5	8.340300
30.525000	0.5	8.339950
30.533333	0.5	8.341900
30.541667	0.5	8.342950
30.550000	0.5	8.342850
30.558333	0.5	8.343700
30.566667	0.5	8.348600
30.575000	0.5	8.344200
30.583333	0.5	8.351500
30.591667	0.5	8.354750
30.600000	0.5	8.353500
30.608333	0.5	8.354950
30.616667	0.5	8.355300
30.625000	0.5	8.361850
30.633333	0.5	8.361150
30.641667	0.5	8.357400
30.650000	0.5	8.359850
30.658333	0.5	8.359900
30.666667	0.5	8.360250
30.675000	0.5	8.367000
30.683333	0.5	8.364450
30.691667	0.5	8.366750
30.700000	0.5	8.369550
30.708333	0.5	8.371350
30.716667	0.5	8.371700
30.725000	0.5	8.367000
30.733333	0.5	8.368350
30.741667	0.5	8.366450
30.750000	0.5	8.368850
30.758333	0.5	8.369050
30.766667	0.5	8.376000
30.775000	0.5	8.374550
30.783333	0.5	8.372050
30.791667	0.5	8.374300
30.800000	0.5	8.378550
30.808333	0.5	8.379250
30.816667	0.5	8.378650
30.825000	0.5	8.375800
30.833333	0.5	8.377950
30.841667	0.5	8.381600
30.850000	0.5	8.377150
30.858333	0.5	8.377250
30.866667	0.5	8.380150
30.875000	0.5	8.381800
30.883333	0.5	8.382700
30.891667	0.5	8.385500
30.900000	0.5	8.388100
30.908333	0.5	8.386150
30.916667	0.5	8.383100
30.925000	0.5	8.384000
30.933333	0.5	8.387550
30.941667	0.5	8.387050
30.950000	0.5	8.385600
30.958333	0.5	8.386250
30.966667	0.5	8.386100
30.975000	0.5	8.388250
30.983333	0.5	8.388400
30.991667	0.5	8.391100
31.000000	0.5	8.392900
31.008333	0.5	8.395100
31.016667	0.5	8.392600
31.025000	0.5	8.395100
31.033333	0.5	8.393950
31.041667	0.5	8.392450
31.050000	0.5	8.392750
31.058333	0.5	8.391600
31.066667	0.5	8.395950
31.075000	0.5	8.398000
31.083333	0.5	8.397700
31.091667	0.5	8.400450
31.100000	0.5	8.400650
31.108333	0.5	8.398100
31.116667	0.5	8.398100
31.125000	0.5	8.396600
31.133333	0.5	8.393450
31.141667	0.5	8.396500
31.150000	0.5	8.394800
31.158333	0.5	8.401100
31.166667	0.5	8.399200
31.175000	0.5	8.400250
31.183333	0.5	8.405100
31.191667	0.5	8.402300
31.200000	0.5	8.398400
31.208333	0.5	8.397250
31.216667	0.5	8.396350
31.225000	0.5	8.397800
31.233333	0.5	8.395550
31.241667	0.5	8.395400
31.250000	0.5	8.396300
31.258333	0.5	8.397550
31.266667	0.5	8.394600
31.275000	0.5	8.398900
31.283333	0.5	8.397800
31.291667	0.5	8.395800
31.300000	0.5	8.392150
31.308333	0.5	8.394350
31.316667	0.5	8.389750
31.325000	0.5	8.391000
31.333333	0.5	8.391450
31.341667	0.5	8.395500
31.350000	0.5	8.395700
31.358333	0.5	8.394600
31.366667	0.5	8.393950
31.375000	0.5	8.396550
31.383333	0.5	8.396600
31.391667	0.5	8.397950
31.400000	0.5	8.395450
31.408333	0.5	8.396100
31.416667	0.5	8.392250
31.425000	0.5	8.396700
31.433333	0.5	8.398850
31.441667	0.5	8.396200
31.450000	0.5	8.398800
31.458333	0.5	8.395950
31.466667	0.5	8.395700
31.475000	0.5	8.402050
31.483333	0.5	8.401500
31.491667	0.5	8.401950
31.500000	0.5	8.404750
31.508333	0.5	8.401100
31.516667	0.5	8.400400
31.525000	0.5	8.402900
31.533333	0.5	8.402750
31.541667	0.5	8.405950
31.550000	0.5	8.405950
31.558333	0.5	8.409950
31.566667	0.5	8.412750
31.575000	0.5	8.414650
31.583333	0.5	8.409500
31.591667	0.5	8.410350
31.600000	0.5	8.414200
31.608333	0.5	8.418000
31.616667	0.5	8.417550
31.625000	0.5	8.418050
31.633333	0.5	8.418100
31.641667	0.5	8.420950
31.650000	0.5	8.422950
31.658333	0.5	8.423350
31.666667	0.5	8.426250
31.675000	0.5	8.425600
31.683333	0.5	8.425200
31.691667	0.5	8.431800
31.700000	0.5	8.429200
31.708333	0.5	8.432050
31.716667	0.5	8.434400
31.725000	0.5	8.432900
31.733333	0.5	8.436200
31.741667	0.5	8.437800
31.750000	0.5	8.437950
31.758333	0.5	8.441200
31.766667	0.5	8.444800
31.775000	0.5	8.443700
31.783333	0.5	8.445950
31.791667	0.5	8.444350
31.800000	0.5	8.442650
31.808333	0.5	8.445050
31.816667	0.5	8.447650
31.825000	0.5	8.452250
31.833333	0.5	8.448100
31.841667	0.5	8.449750
31.850000	0.5	8.453400
31.858333	0.5	8.454400
31.866667	0.5	8.454900
31.875000	0.5	8.456750
31.883333	0.5	8.455500
31.891667	0.5	8.459200
31.900000	0.5	8.457650
31.908333	0.5	8.457550
31.916667	0.5	8.458600
31.925000	0.5	8.462100
31.933333	0.5	8.465900
31.941667	0.5	8.461250
31.950000	0.5	8.467550
31.958333	0.5	8.472000
31.966667	0.5	8.473350
31.975000	0.5	8.467650
31.983333	0.5	8.466750
31.991667	0.5	8.468600
32.000000	0.5	8.471000
32.008333	0.5	8.473700
32.016667	0.5	8.471950
32.025000	0.5	8.478600
32.033333	0.5	8.477950
32.041667	0.5	8.480250
32.050000	0.5	8.481250
32.058333	0.5	8.480050
32.066667	0.5	8.481150
32.075000	0.5	8.488700
32.083333	0.5	8.489700
32.091667	0.5	8.486900
32.100000	0.5	8.486150
32.108333	0.5	8.484450
32.116667	0.5	8.488050
32.125000	0.5	8.493350
32.133333	0.5	8.494450
32.141667	0.5	8.494650
32.150000	0.5	8.498900
32.158333	0.5	8.501450
32.166667	0.5	8.499100
32.175000	0.5	8.501400
32.183333	0.5	8.501750
32.191667	0.5	8.498750
32.200000	0.5	8.509400
32.208333	0.5	8.500850
32.216667	0.5	8.502800
32.225000	0.5	8.502050
32.233333	0.5	8.509800
32.241667	0.5	8.509850
32.250000	0.5	8.507050
32.258333	0.5	8.509900
32.266667	0.5	8.510300
32.275000	0.5	8.508650
32.283333	0.5	8.510250
32.291667	0.5	8.515900
32.300000	0.5	8.514700
32.308333	0.5	8.516700
32.316667	0.5	8.518550
32.325000	0.5	8.513100
32.333333	0.5	8.523200
32.341667	0.5	8.525550
32.350000	0.5	8.528550
32.358333	0.5	8.532800
32.366667	0.5	8.533200
32.375000	0.5	8.537750
32.383333	0.5	8.536800
32.391667	0.5	8.541100
32.400000	0.5	8.549000
32.408333	0.5	8.551200
32.416667	0.5	8.550200
32.425000	0.5	8.559550
32.433333	0.5	8.562900
32.441667	0.5	8.568550
32.450000	0.5	8.569200
32.458333	0.5	8.571850
32.466667	0.5	8.578000
32.475000	0.5	8.578350
32.483333	0.5	8.584400
32.491667	0.5	8.593650
32.500000	0.5	8.597800
32.508333	0.5	8.602550
32.516667	0.5	8.608500
32.525000	0.5	8.617850
32.533333	0.5	8.625650
32.541667	0.5	8.629250
32.550000	0.5	8.637150
32.558333	0.5	8.640900
32.566667	0.5	8.647350
32.575000	0.5	8.655500
32.583333	0.5	8.664150
32.591667	0.5	8.674300
32.600000	0.5	8.673150
32.608333	0.5	8.686800
32.616667	0.5	8.693700
32.625000	0.5	8.701550
32.633333	0.5	8.710450
32.641667	0.5	8.717700
32.650000	0.5	8.724400
32.658333	0.5	8.735250
32.666667	0.5	8.740000
32.675000	0.5	8.747400
32.683333	0.5	8.755400
32.691667	0.5	8.769600
32.700000	0.5	8.777600
32.708333	0.5	8.787000
32.716667	0.5	8.799850
32.725000	0.5	8.814350
32.733333	0.5	8.820150
32.741667	0.5	8.826900
32.750000	0.5	8.836150
32.758333	0.5	8.852750
32.766667	0.5	8.868600
32.775000	0.5	8.871750
32.783333	0.5	8.866900
32.791667	0.5	8.862550
32.800000	0.5	8.868200
32.808333	0.5	8.867700
32.816667	0.5	8.858600
32.825000	0.5	8.840750
32.833333	0.5	8.820000
32.841667	0.5	8.807650
32.850000	0.5	8.798500
32.858333	0.5	8.791900
32.866667	0.5	8.783850
32.875000	0.5	8.778450
32.883333	0.5	8.774450
32.891667	0.5	8.778650
32.900000	0.5	8.786100
32.908333	0.5	8.792650
32.916667	0.5	8.793850
32.925000	0.5	8.789750
32.933333	0.5	8.781550
32.941667	0.5	8.768750
32.950000	0.5	8.752350
32.958333	0.5	8.738950
32.966667	0.5	8.725050
32.975000	0.5	8.714900
32.983333	0.5	8.703700
32.991667	0.5	8.690900
33.000000	0.5	8.683950
33.008333	0.5	8.685350
33.016667	0.5	8.683100
33.025000	0.5	8.680000
33.033333	0.5	8.681900
33.041667	0.5	8.691850
33.050000	0.5	8.693700
33.058333	0.5	8.712350
33.066667	0.5	8.717850
33.075000	0.5	8.733350
33.083333	0.5	8.748650
33.091667	0.5	8.761650
33.100000	0.5	8.783250
33.108333	0.5	8.791500
33.116667	0.5	8.800550
33.125000	0.5	8.803650
33.133333	0.5	8.801900
33.141667	0.5	8.798700
33.150000	0.5	8.785150
33.158333	0.5	8.776850
33.166667	0.5	8.763750
33.175000	0.5	8.749750
33.183333	0.5	8.732050
33.191667	0.5	8.717250
33.200000	0.5	8.695550
33.208333	0.5	8.675900
33.216667	0.5	8.654400
33.225000	0.5	8.635000
33.233333	0.5	8.615550
33.241667	0.5	8.596000
33.250000	0.5	8.580450
33.258333	0.5	8.568200
33.266667	0.5	8.557750
33.275000	0.5	8.544700
33.283333	0.5	8.530750
33.291667	0.5	8.526800
33.300000	0.5	8.520700
33.308333	0.5	8.516300
33.316667	0.5	8.511350
33.325000	0.5	8.508050
33.333333	0.5	8.498100
33.341667	0.5	8.500400
33.350000	0.5	8.492500
33.358333	0.5	8.493450
33.366667	0.5	8.492650
33.375000	0.5	8.484300
33.383333	0.5	8.490250
33.391667	0.5	8.487550
33.400000	0.5	8.489750
33.408333	0.5	8.483350
33.416667	0.5	8.484050
33.425000	0.5	8.476450
33.433333	0.5	8.478350
33.441667	0.5	8.479600
33.450000	0.5	8.478800
33.458333	0.5	8.479200
33.466667	0.5	8.482050
33.475000	0.5	8.479300
33.483333	0.5	8.486500
33.491667	0.5	8.485850
33.500000	0.5	8.482850
33.508333	0.5	8.486000
33.516667	0.5	8.485550
33.525000	0.5	8.487500
33.533333	0.5	8.488200
33.541667	0.5	8.486650
33.550000	0.5	8.487900
33.558333	0.5	8.490250
33.566667	0.5	8.483350
33.575000	0.5	8.487700
33.583333	0.5	8.493350
33.591667	0.5	8.486400
33.600000	0.5	8.485250
33.608333	0.5	8.484300
33.616667	0.5	8.483650
33.625000	0.5	8.485050
33.633333	0.5	8.486350
33.641667	0.5	8.481650
33.650000	0.5	8.480550
33.658333	0.5	8.481500
33.666667	0.5	8.485650
33.675000	0.5	8.488500
33.683333	0.5	8.485250
33.691667	0.5	8.484950
33.700000	0.5	8.488600
33.708333	0.5	8.487600
33.716667	0.5	8.484200
33.725000	0.5	8.484200
33.733333	0.5	8.484550
33.741667	0.5	8.489050
33.750000	0.5	8.488350
33.758333	0.5	8.493000
33.766667	0.5	8.490950
33.775000	0.5	8.500900
33.783333	0.5	8.500650
33.791667	0.5	8.496650
33.800000	0.5	8.495750
33.808333	0.5	8.500850
33.816667	0.5	8.491800
33.825000	0.5	8.493300
33.833333	0.5	8.494300
33.841667	0.5	8.503550
33.850000	0.5	8.504600
33.858333	0.5	8.500250
33.866667	0.5	8.509200
33.875000	0.5	8.504500
33.883333	0.5	8.505900
33.891667	0.5	8.505600
33.900000	0.5	8.506900
33.908333	0.5	8.506750
33.916667	0.5	8.506600
33.925000	0.5	8.506750
33.933333	0.5	8.506200
33.941667	0.5	8.505250
33.950000	0.5	8.509800
33.958333	0.5	8.510900
33.966667	0.5	8.508500
33.975000	0.5	8.508800
33.983333	0.5	8.509350
33.991667	0.5	8.506150
34.000000	0.5	8.506050
34.008333	0.5	8.501300
34.016667	0.5	8.504250
34.025000	0.5	8.502200
34.033333	0.5	8.496600
34.041667	0.5	8.506200
34.050000	0.5	8.500900
34.058333	0.5	8.506600
34.066667	0.5	8.502350
34.075000	0.5	8.498700
34.083333	0.5	8.497150
34.091667	0.5	8.500400
34.100000	0.5	8.498650
34.108333	0.5	8.498600
34.116667	0.5	8.497200
34.125000	0.5	8.502500
34.133333	0.5	8.498150
34.141667	0.5	8.499000
34.150000	0.5	8.498350
34.158333	0.5	8.501150
34.166667	0.5	8.503050
34.175000	0.5	8.500550
34.183333	0.5	8.498900
34.191667	0.5	8.494450
34.200000	0.5	8.499400
34.208333	0.5	8.487950
34.216667	0.5	8.487900
34.225000	0.5	8.490950
34.233333	0.5	8.492150
34.241667	0.5	8.490050
34.250000	0.5	8.490000
34.258333	0.5	8.492200
34.266667	0.5	8.484000
34.275000	0.5	8.485550
34.283333	0.5	8.486500
34.291667	0.5	8.481700
34.300000	0.5	8.491000
34.308333	0.5	8.477950
34.316667	0.5	8.473550
34.325000	0.5	8.480450
34.333333	0.5	8.485000
34.341667	0.5	8.482900
34.350000	0.5	8.484050
34.358333	0.5	8.478400
34.366667	0.5	8.475500
34.375000	0.5	8.475450
34.383333	0.5	8.479050
34.391667	0.5	8.473850
34.400000	0.5	8.476200
34.408333	0.5	8.481950
34.416667	0.5	8.476250
34.425000	0.5	8.480150
34.433333	0.5	8.478250
34.441667	0.5	8.483300
34.450000	0.5	8.480150
34.458333	0.5	8.480200
34.466667	0.5	8.478550
34.475000	0.5	8.489800
34.483333	0.5	8.475700
34.491667	0.5	8.473550
34.500000	0.5	8.475000
34.508333	0.5	8.477000
34.516667	0.5	8.477500
34.525000	0.5	8.483500
34.533333	0.5	8.487200
34.541667	0.5	8.487550
34.550000	0.5	8.483000
34.558333	0.5	8.483850
34.566667	0.5	8.485650
34.575000	0.5	8.484400
34.583333	0.5	8.485850
34.591667	0.5	8.485850
34.600000	0.5	8.486700
34.608333	0.5	8.489400
34.616667	0.5	8.498100
34.625000	0.5	8.497250
34.633333	0.5	8.505100
34.641667	0.5	8.508700
34.650000	0.5	8.513700
34.658333	0.5	8.513200
34.666667	0.5	8.521850
34.675000	0.5	8.530700
34.683333	0.5	8.532650
34.691667	0.5	8.538600
34.700000	0.5	8.541500
34.708333	0.5	8.553650
34.716667	0.5	8.560750
34.725000	0.5	8.569450
34.733333	0.5	8.580950
34.741667	0.5	8.585450
34.750000	0.5	8.596850
34.758333	0.5	8.607750
34.766667	0.5	8.623500
34.775000	0.5	8.644100
34.783333	0.5	8.672600
34.791667	0.5	8.697500
34.800000	0.5	8.752900
34.808333	0.5	8.825450
34.816667	0.5	8.914650
34.825000	0.5	9.048450
34.833333	0.5	9.210250
34.841667	0.5	9.434450
34.850000	0.5	9.710550
34.858333	0.5	10.054200
34.866667	0.5	10.471650
34.875000	0.5	10.925000
34.883333	0.5	11.437300
34.891667	0.5	11.975700
34.900000	0.5	12.508000
34.908333	0.5	12.995750
34.916667	0.5	13.391500
34.925000	0.5	13.670300
34.933333	0.5	13.841900
34.941667	0.5	13.931700
34.950000	0.5	13.978650
34.958333	0.5	14.013400
34.966667	0.5	14.038300
34.975000	0.5	14.069500
34.983333	0.5	14.106650
34.991667	0.5	14.156000
35.000000	0.5	14.204450
35.008333	0.5	14.251900
35.016667	0.5	14.293050
35.025000	0.5	14.330850
35.033333	0.5	14.359050
35.041667	0.5	14.386200
35.050000	0.5	14.401750
35.058333	0.5	14.417100
35.066667	0.5	14.437900
35.075000	0.5	14.446050
35.083333	0.5	14.433800
35.091667	0.5	14.388900
35.100000	0.5	14.273700
35.108333	0.5	14.055650
35.116667	0.5	13.713000
35.125000	0.5	13.255700
35.133333	0.5	13.248750
35.141667	0.5	12.123300
35.150000	0.5	11.559800
35.158333	0.5	11.031950
35.166667	0.5	10.556200
35.175000	0.5	10.156250
35.183333	0.5	9.816050
35.191667	0.5	9.542700
35.200000	0.5	9.321100
35.208333	0.5	9.154500
35.216667	0.5	9.022300
35.225000	0.5	8.917650
35.233333	0.5	8.848700
35.241667	0.5	8.787550
35.250000	0.5	8.749650
35.258333	0.5	8.711550
35.266667	0.5	8.687600
35.275000	0.5	8.669650
35.283333	0.5	8.655500
35.291667	0.5	8.651900
35.300000	0.5	8.644600
35.308333	0.5	8.642150
35.316667	0.5	8.630150
35.325000	0.5	8.620300
35.333333	0.5	8.613600
35.341667	0.5	8.610650
35.350000	0.5	8.606600
35.358333	0.5	8.603250
35.366667	0.5	8.598700
35.375000	0.5	8.597850
35.383333	0.5	8.592350
35.391667	0.5	8.586300
35.400000	0.5	8.586150
35.408333	0.5	8.580050
35.416667	0.5	8.575250
35.425000	0.5	8.567400
35.433333	0.5	8.560700
35.441667	0.5	8.553200
35.450000	0.5	8.551800
35.458333	0.5	8.550000
35.466667	0.5	8.547900
35.475000	0.5	8.544100
35.483333	0.5	8.544350
35.491667	0.5	8.548500
35.500000	0.5	8.541350
35.508333	0.5	8.539250
35.516667	0.5	8.534650
35.525000	0.5	8.530650
35.533333	0.5	8.529050
35.541667	0.5	8.532100
35.550000	0.5	8.535050
35.558333	0.5	8.537150
35.566667	0.5	8.544500
35.575000	0.5	8.556700
35.583333	0.5	8.572000
35.591667	0.5	8.602100
35.600000	0.5	8.638550
35.608333	0.5	8.683700
35.616667	0.5	8.751650
35.625000	0.5	8.844750
35.633333	0.5	8.960750
35.641667	0.5	9.110400
35.650000	0.5	9.289250
35.658333	0.5	9.503850
35.666667	0.5	9.742350
35.675000	0.5	10.010200
35.683333	0.5	10.299700
35.691667	0.5	10.606550
35.700000	0.5	10.913900
35.708333	0.5	11.222600
35.716667	0.5	11.520600
35.725000	0.5	11.789750
35.733333	0.5	12.032000
35.741667	0.5	12.236850
35.750000	0.5	12.409100
35.758333	0.5	12.535800
35.766667	0.5	12.631350
35.775000	0.5	12.685650
35.783333	0.5	12.718950
35.791667	0.5	12.707250
35.800000	0.5	12.671100
35.808333	0.5	12.600600
35.816667	0.5	12.515050
35.825000	0.5	12.410700
35.833333	0.5	12.298850
35.841667	0.5	12.177400
35.850000	0.5	12.067650
35.858333	0.5	11.976050
35.866667	0.5	11.894700
35.875000	0.5	11.832550
35.883333	0.5	11.791100
35.891667	0.5	11.764000
35.900000	0.5	11.739650
35.908333	0.5	11.710700
35.916667	0.5	11.678800
35.925000	0.5	11.635150
35.933333	0.5	11.577950
35.941667	0.5	11.488800
35.950000	0.5	11.387900
35.958333	0.5	11.260250
35.966667	0.5	11.106050
35.975000	0.5	10.935600
35.983333	0.5	10.749150
35.991667	0.5	10.546850
36.000000	0.5	10.332000
36.008333	0.5	10.119350
36.016667	0.5	9.911900
36.025000	0.5	9.711900
36.033333	0.5	9.523500
36.041667	0.5	9.352800
36.050000	0.5	9.202500
36.058333	0.5	9.064050
36.066667	0.5	8.961600
36.075000	0.5	8.868000
36.083333	0.5	8.791100
36.091667	0.5	8.727400
36.100000	0.5	8.677100
36.108333	0.5	8.633900
36.116667	0.5	8.604000
36.125000	0.5	8.584200
36.133333	0.5	8.564800
36.141667	0.5	8.556050
36.150000	0.5	8.545550
36.158333	0.5	8.531400
36.166667	0.5	8.536800
36.175000	0.5	8.532350
36.183333	0.5	8.524400
36.191667	0.5	8.523300
36.200000	0.5	8.516300
36.208333	0.5	8.516950
36.216667	0.5	8.516500
36.225000	0.5	8.518650
36.233333	0.5	8.519050
36.241667	0.5	8.516800
36.250000	0.5	8.515350
36.258333	0.5	8.517500
36.266667	0.5	8.521450
36.275000	0.5	8.519100
36.283333	0.5	8.513050
36.291667	0.5	8.518100
36.300000	0.5	8.516100
36.308333	0.5	8.514550
36.316667	0.5	8.511750
36.325000	0.5	8.512200
36.333333	0.5	8.513100
36.341667	0.5	8.506000
36.350000	0.5	8.506550
36.358333	0.5	8.504250
36.366667	0.5	8.499700
36.375000	0.5	8.497900
36.383333	0.5	8.494750
36.391667	0.5	8.494650
36.400000	0.5	8.492850
36.408333	0.5	8.487700
36.416667	0.5	8.488450
36.425000	0.5	8.492150
36.433333	0.5	8.486300
36.441667	0.5	8.483950
36.450000	0.5	8.482450
36.458333	0.5	8.484800
36.466667	0.5	8.484600
36.475000	0.5	8.478750
36.483333	0.5	8.476950
36.491667	0.5	8.475250
36.500000	0.5	8.474450
36.508333	0.5	8.473800
36.516667	0.5	8.475750
36.525000	0.5	8.474000
36.533333	0.5	8.476900
36.541667	0.5	8.466800
36.550000	0.5	8.478700
36.558333	0.5	8.469950
36.566667	0.5	8.468200
36.575000	0.5	8.467050
36.583333	0.5	8.462850
36.591667	0.5	8.464700
36.600000	0.5	8.458050
36.608333	0.5	8.459450
36.616667	0.5	8.460200
36.625000	0.5	8.460000
36.633333	0.5	8.459700
36.641667	0.5	8.460150
36.650000	0.5	8.460500
36.658333	0.5	8.458300
36.666667	0.5	8.458950
36.675000	0.5	8.454900
36.683333	0.5	8.456150
36.691667	0.5	8.456900
36.700000	0.5	8.453650
36.708333	0.5	8.454250
36.716667	0.5	8.457400
36.725000	0.5	8.459350
36.733333	0.5	8.459000
36.741667	0.5	8.460800
36.750000	0.5	8.463250
36.758333	0.5	8.461000
36.766667	0.5	8.456950
36.775000	0.5	8.460650
36.783333	0.5	8.458550
36.791667	0.5	8.461850
36.800000	0.5	8.462100
36.808333	0.5	8.463350
36.816667	0.5	8.465300
36.825000	0.5	8.469400
36.833333	0.5	8.470800
36.841667	0.5	8.473200
36.850000	0.5	8.472850
36.858333	0.5	8.475350
36.866667	0.5	8.476450
36.875000	0.5	8.483000
36.883333	0.5	8.483250
36.891667	0.5	8.480700
36.900000	0.5	8.483800
36.908333	0.5	8.487450
36.916667	0.5	8.486600
36.925000	0.5	8.484350
36.933333	0.5	8.483550
36.941667	0.5	8.482750
36.950000	0.5	8.487600
36.958333	0.5	8.486800
36.966667	0.5	8.488500
36.975000	0.5	8.492300
36.983333	0.5	8.500800
36.991667	0.5	8.506050
37.000000	0.5	8.518100
37.008333	0.5	8.524050
37.016667	0.5	8.538300
37.025000	0.5	8.553100
37.033333	0.5	8.567900
37.041667	0.5	8.579700
37.050000	0.5	8.587300
37.058333	0.5	8.599050
37.066667	0.5	8.616450
37.075000	0.5	8.621700
37.083333	0.5	8.629450
37.091667	0.5	8.629300
37.100000	0.5	8.630050
37.108333	0.5	8.634000
37.116667	0.5	8.628050
37.125000	0.5	8.624200
37.133333	0.5	8.618200
37.141667	0.5	8.604750
37.150000	0.5	8.595450
37.158333	0.5	8.583050
37.166667	0.5	8.579100
37.175000	0.5	8.572900
37.183333	0.5	8.563800
37.191667	0.5	8.562250
37.200000	0.5	8.561800
37.208333	0.5	8.560800
37.216667	0.5	8.561350
37.225000	0.5	8.564050
37.233333	0.5	8.568900
37.241667	0.5	8.566100
37.250000	0.5	8.567250
37.258333	0.5	8.573350
37.266667	0.5	8.576300
37.275000	0.5	8.580400
37.283333	0.5	8.580650
37.291667	0.5	8.577900
37.300000	0.5	8.577600
37.308333	0.5	8.571900
37.316667	0.5	8.577650
37.325000	0.5	8.576350
37.333333	0.5	8.565100
37.341667	0.5	8.557750
37.350000	0.5	8.553700
37.358333	0.5	8.546000
37.366667	0.5	8.532450
37.375000	0.5	8.529400
37.383333	0.5	8.516800
37.391667	0.5	8.510850
37.400000	0.5	8.494850
37.408333	0.5	8.494200
37.416667	0.5	8.487850
37.425000	0.5	8.477300
37.433333	0.5	8.468400
37.441667	0.5	8.461800
37.450000	0.5	8.453350
37.458333	0.5	8.456200
37.466667	0.5	8.450450
37.475000	0.5	8.453550
37.483333	0.5	8.448550
37.491667	0.5	8.449600
37.500000	0.5	8.446400
37.508333	0.5	8.444600
37.516667	0.5	8.445500
37.525000	0.5	8.441450
37.533333	0.5	8.439400
37.541667	0.5	8.437800
37.550000	0.5	8.438000
37.558333	0.5	8.438900
37.566667	0.5	8.439850
37.575000	0.5	8.437100
37.583333	0.5	8.445800
37.591667	0.5	8.442500
37.600000	0.5	8.447100
37.608333	0.5	8.443900
37.616667	0.5	8.442100
37.625000	0.5	8.441200
37.633333	0.5	8.440850
37.641667	0.5	8.447300
37.650000	0.5	8.443900
37.658333	0.5	8.440150
37.666667	0.5	8.443650
37.675000	0.5	8.443800
37.683333	0.5	8.449550
37.691667	0.5	8.447650
37.700000	0.5	8.445300
37.708333	0.5	8.446350
37.716667	0.5	8.443750
37.725000	0.5	8.447000
37.733333	0.5	8.449400
37.741667	0.5	8.453150
37.750000	0.5	8.453550
37.758333	0.5	8.455350
37.766667	0.5	8.456700
37.775000	0.5	8.463400
37.783333	0.5	8.464100
37.791667	0.5	8.471100
37.800000	0.5	8.481050
37.808333	0.5	8.483850
37.816667	0.5	8.482200
37.825000	0.5	8.484050
37.833333	0.5	8.488450
37.841667	0.5	8.488700
37.850000	0.5	8.495350
37.858333	0.5	8.493950
37.866667	0.5	8.495200
37.875000	0.5	8.494500
37.883333	0.5	8.492900
37.891667	0.5	8.496800
37.900000	0.5	8.496450
37.908333	0.5	8.494700
37.916667	0.5	8.497700
37.925000	0.5	8.505400
37.933333	0.5	8.504650
37.941667	0.5	8.518700
37.950000	0.5	8.531550
37.958333	0.5	8.552300
37.966667	0.5	8.567650
37.975000	0.5	8.596200
37.983333	0.5	8.624300
37.991667	0.5	8.662150
38.000000	0.5	8.699050
38.008333	0.5	8.740250
38.016667	0.5	8.785400
38.025000	0.5	8.828000
38.033333	0.5	8.874400
38.041667	0.5	8.924700
38.050000	0.5	8.973600
38.058333	0.5	9.018350
38.066667	0.5	9.055400
38.075000	0.5	9.089850
38.083333	0.5	9.123450
38.091667	0.5	9.146200
38.100000	0.5	9.161900
38.108333	0.5	9.163800
38.116667	0.5	9.170450
38.125000	0.5	9.163200
38.133333	0.5	9.150400
38.141667	0.5	9.129650
38.150000	0.5	9.104450
38.158333	0.5	9.080350
38.166667	0.5	9.046250
38.175000	0.5	9.010800
38.183333	0.5	8.981050
38.191667	0.5	8.937100
38.200000	0.5	8.894550
38.208333	0.5	8.859150
38.216667	0.5	8.824550
38.225000	0.5	8.780600
38.233333	0.5	8.744900
38.241667	0.5	8.715950
38.250000	0.5	8.686800
38.258333	0.5	8.658500
38.266667	0.5	8.637850
38.275000	0.5	8.616750
38.283333	0.5	8.595250
38.291667	0.5	8.582250
38.300000	0.5	8.564700
38.308333	0.5	8.548300
38.316667	0.5	8.541300
38.325000	0.5	8.527550
38.333333	0.5	8.519850
38.341667	0.5	8.518500
38.350000	0.5	8.516450
38.358333	0.5	8.510500
38.366667	0.5	8.506300
38.375000	0.5	8.505400
38.383333	0.5	8.504250
38.391667	0.5	8.504250
38.400000	0.5	8.506300
38.408333	0.5	8.511600
38.416667	0.5	8.516000
38.425000	0.5	8.523400
38.433333	0.5	8.528100
38.441667	0.5	8.541250
38.450000	0.5	8.552100
38.458333	0.5	8.559250
38.466667	0.5	8.570200
38.475000	0.5	8.586500
38.483333	0.5	8.600500
38.491667	0.5	8.605250
38.500000	0.5	8.616000
38.508333	0.5	8.627900
38.516667	0.5	8.637900
38.525000	0.5	8.645400
38.533333	0.5	8.653300
38.541667	0.5	8.659450
38.550000	0.5	8.665750
38.558333	0.5	8.669400
38.566667	0.5	8.667650
38.575000	0.5	8.669600
38.583333	0.5	8.660600
38.591667	0.5	8.660100
38.600000	0.5	8.659050
38.608333	0.5	8.645450
38.616667	0.5	8.645450
38.625000	0.5	8.638950
38.633333	0.5	8.625700
38.641667	0.5	8.623100
38.650000	0.5	8.613000
38.658333	0.5	8.608800
38.666667	0.5	8.600550
38.675000	0.5	8.591150
38.683333	0.5	8.589200
38.691667	0.5	8.584600
38.700000	0.5	8.577400
38.708333	0.5	8.570250
38.716667	0.5	8.574400
38.725000	0.5	8.574050
38.733333	0.5	8.570300
38.741667	0.5	8.563350
38.750000	0.5	8.566200
38.758333	0.5	8.561800
38.766667	0.5	8.561950
38.775000	0.5	8.555350
38.783333	0.5	8.558000
38.791667	0.5	8.552400
38.800000	0.5	8.548050
38.808333	0.5	8.542900
38.816667	0.5	8.535200
38.825000	0.5	8.532600
38.833333	0.5	8.522550
38.841667	0.5	8.514850
38.850000	0.5	8.517650
38.858333	0.5	8.505700
38.866667	0.5	8.497850
38.875000	0.5	8.493650
38.883333	0.5	8.485450
38.891667	0.5	8.478000
38.900000	0.5	8.477700
38.908333	0.5	8.472400
38.916667	0.5	8.470250
38.925000	0.5	8.463600
38.933333	0.5	8.457200
38.941667	0.5	8.457300
38.950000	0.5	8.453500
38.958333	0.5	8.452050
38.966667	0.5	8.454500
38.975000	0.5	8.446550
38.983333	0.5	8.441300
38.991667	0.5	8.445200
39.000000	0.5	8.438200
39.008333	0.5	8.429000
39.016667	0.5	8.435000
39.025000	0.5	8.433800
39.033333	0.5	8.430000
39.041667	0.5	8.428600
39.050000	0.5	8.429400
39.058333	0.5	8.423800
39.066667	0.5	8.421100
39.075000	0.5	8.420950
39.083333	0.5	8.429300
39.091667	0.5	8.425750
39.100000	0.5	8.429100
39.108333	0.5	8.427350
39.116667	0.5	8.430350
39.125000	0.5	8.430600
39.133333	0.5	8.428700
39.141667	0.5	8.433400
39.150000	0.5	8.438650
39.158333	0.5	8.434750
39.166667	0.5	8.432950
39.175000	0.5	8.438200
39.183333	0.5	8.442850
39.191667	0.5	8.441000
39.200000	0.5	8.436150
39.208333	0.5	8.442900
39.216667	0.5	8.436300
39.225000	0.5	8.439550
39.233333	0.5	8.435900
39.241667	0.5	8.436500
39.250000	0.5	8.433600
39.258333	0.5	8.430050
39.266667	0.5	8.433100
39.275000	0.5	8.425100
39.283333	0.5	8.427350
39.291667	0.5	8.424700
39.300000	0.5	8.422650
39.308333	0.5	8.419500
39.316667	0.5	8.421250
39.325000	0.5	8.421200
39.333333	0.5	8.421350
39.341667	0.5	8.422950
39.350000	0.5	8.417800
39.358333	0.5	8.412000
39.366667	0.5	8.414550
39.375000	0.5	8.410500
39.383333	0.5	8.410300
39.391667	0.5	8.411400
39.400000	0.5	8.411900
39.408333	0.5	8.414550
39.416667	0.5	8.413050
39.425000	0.5	8.414250
39.433333	0.5	8.413200
39.441667	0.5	8.408150
39.450000	0.5	8.410000
39.458333	0.5	8.409900
39.466667	0.5	8.414400
39.475000	0.5	8.412200
39.483333	0.5	8.416250
39.491667	0.5	8.414700
39.500000	0.5	8.419850
39.508333	0.5	8.420950
39.516667	0.5	8.419950
39.525000	0.5	8.437150
39.533333	0.5	8.421900
39.541667	0.5	8.431000
39.550000	0.5	8.427350
39.558333	0.5	8.423400
39.566667	0.5	8.425600
39.575000	0.5	8.430450
39.583333	0.5	8.431350
39.591667	0.5	8.431450
39.600000	0.5	8.432850
39.608333	0.5	8.429050
39.616667	0.5	8.429650
39.625000	0.5	8.427800
39.633333	0.5	8.423350
39.641667	0.5	8.430750
39.650000	0.5	8.426600
39.658333	0.5	8.425550
39.666667	0.5	8.424050
39.675000	0.5	8.421450
39.683333	0.5	8.417450
39.691667	0.5	8.419650
39.700000	0.5	8.410500
39.708333	0.5	8.411700
39.716667	0.5	8.413350
39.725000	0.5	8.418650
39.733333	0.5	8.411150
39.741667	0.5	8.409200
39.750000	0.5	8.411800
39.758333	0.5	8.412000
39.766667	0.5	8.414350
39.775000	0.5	8.419150
39.783333	0.5	8.412400
39.791667	0.5	8.421150
39.800000	0.5	8.420600
39.808333	0.5	8.419150
39.816667	0.5	8.420950
39.825000	0.5	8.432700
39.833333	0.5	8.429150
39.841667	0.5	8.430950
39.850000	0.5	8.428900
39.858333	0.5	8.430350
39.866667	0.5	8.425550
39.875000	0.5	8.434000
39.883333	0.5	8.435900
39.891667	0.5	8.434950
39.900000	0.5	8.438950
39.908333	0.5	8.437800
39.916667	0.5	8.432800
39.925000	0.5	8.434450
39.933333	0.5	8.429600
39.941667	0.5	8.432150
39.950000	0.5	8.431600
39.958333	0.5	8.427650
39.966667	0.5	8.428950
39.975000	0.5	8.428300
39.983333	0.5	8.427000
39.991667	0.5	8.428650
40.000000	0.5	8.429600
40.008333	0.5	8.423500
40.016667	0.5	8.419850
40.025000	0.5	8.416600
40.033333	0.5	8.414250
40.041667	0.5	8.416300
40.050000	0.5	8.412300
40.058333	0.5	8.412850
40.066667	0.5	8.408300
40.075000	0.5	8.408550
40.083333	0.5	8.407450
40.091667	0.5	8.411450
40.100000	0.5	8.412050
40.108333	0.5	8.406650
40.116667	0.5	8.406100
40.125000	0.5	8.405100
40.133333	0.5	8.404450
40.141667	0.5	8.406300
40.150000	0.5	8.401750
40.158333	0.5	8.404300
40.166667	0.5	8.406000
40.175000	0.5	8.407100
40.183333	0.5	8.401300
40.191667	0.5	8.410950
40.200000	0.5	8.416000
40.208333	0.5	8.402300
40.216667	0.5	8.403100
40.225000	0.5	8.402400
40.233333	0.5	8.403900
40.241667	0.5	8.402900
40.250000	0.5	8.402100
40.258333	0.5	8.401400
40.266667	0.5	8.396750
40.275000	0.5	8.398650
40.283333	0.5	8.398700
40.291667	0.5	8.399150
40.300000	0.5	8.395600
40.308333	0.5	8.391500
40.316667	0.5	8.386250
40.325000	0.5	8.380550
40.333333	0.5	8.382250
40.341667	0.5	8.380650
40.350000	0.5	8.383050
40.358333	0.5	8.382150
40.366667	0.5	8.383800
40.375000	0.5	8.384450
40.383333	0.5	8.380950
40.391667	0.5	8.383450
40.400000	0.5	8.379150
40.408333	0.5	8.382700
40.416667	0.5	8.381050
40.425000	0.5	8.384800
40.433333	0.5	8.388050
40.441667	0.5	8.385500
40.450000	0.5	8.388700
40.458333	0.5	8.385750
40.466667	0.5	8.391400
40.475000	0.5	8.392850
40.483333	0.5	8.388400
40.491667	0.5	8.391550
40.500000	0.5	8.387850
40.508333	0.5	8.381750
40.516667	0.5	8.393050
40.525000	0.5	8.380350
40.533333	0.5	8.381150
40.541667	0.5	8.380650
40.550000	0.5	8.376050
40.558333	0.5	8.372600
40.566667	0.5	8.370050
40.575000	0.5	8.370900
40.583333	0.5	8.370950
40.591667	0.5	8.367550
40.600000	0.5	8.365100
40.608333	0.5	8.360250
40.616667	0.5	8.350700
40.625000	0.5	8.356800
40.633333	0.5	8.346900
40.641667	0.5	8.352050
40.650000	0.5	8.347700
40.658333	0.5	8.342350
40.666667	0.5	8.348950
40.675000	0.5	8.342650
40.683333	0.5	8.347650
40.691667	0.5	8.348250
40.700000	0.5	8.342350
40.708333	0.5	8.342450
40.716667	0.5	8.345100
40.725000	0.5	8.346400
40.733333	0.5	8.349600
40.741667	0.5	8.350450
40.750000	0.5	8.349850
40.758333	0.5	8.352950
40.766667	0.5	8.355650
40.775000	0.5	8.353250
40.783333	0.5	8.358600
40.791667	0.5	8.361450
40.800000	0.5	8.358350
40.808333	0.5	8.355850
40.816667	0.5	8.360500
40.825000	0.5	8.356950
40.833333	0.5	8.363400
40.841667	0.5	8.365200
40.850000	0.5	8.369600
40.858333	0.5	8.371250
40.866667	0.5	8.371050
40.875000	0.5	8.368500
40.883333	0.5	8.365900
40.891667	0.5	8.372150
40.900000	0.5	8.371700
40.908333	0.5	8.368950
40.916667	0.5	8.376600
40.925000	0.5	8.374050
40.933333	0.5	8.377650
40.941667	0.5	8.376950
40.950000	0.5	8.378350
40.958333	0.5	8.380500
40.966667	0.5	8.379300
40.975000	0.5	8.382350
40.983333	0.5	8.382100
40.991667	0.5	8.375700
41.000000	0.5	8.377000
41.008333	0.5	8.381600
41.016667	0.5	8.383150
41.025000	0.5	8.383850
41.033333	0.5	8.387950
41.041667	0.5	8.382750
41.050000	0.5	8.388850
41.058333	0.5	8.389950
41.066667	0.5	8.389600
41.075000	0.5	8.385550
41.083333	0.5	8.381250
41.091667	0.5	8.380500
41.100000	0.5	8.382550
41.108333	0.5	8.382550
41.116667	0.5	8.378700
41.125000	0.5	8.374550
41.133333	0.5	8.372300
41.141667	0.5	8.374800
41.150000	0.5	8.369750
41.158333	0.5	8.369100
41.166667	0.5	8.363000
41.175000	0.5	8.359050
41.183333	0.5	8.358950
41.191667	0.5	8.363800
41.200000	0.5	8.360150
41.208333	0.5	8.352850
41.216667	0.5	8.349400
41.225000	0.5	8.344650
41.233333	0.5	8.340300
41.241667	0.5	8.338750
41.250000	0.5	8.337650
41.258333	0.5	8.332000
41.266667	0.5	8.328800
41.275000	0.5	8.324850
41.283333	0.5	8.321300
41.291667	0.5	8.327350
41.300000	0.5	8.323550
41.308333	0.5	8.319550
41.316667	0.5	8.320200
41.325000	0.5	8.322650
41.333333	0.5	8.323200
41.341667	0.5	8.325050
41.350000	0.5	8.321750
41.358333	0.5	8.318650
41.366667	0.5	8.320800
41.375000	0.5	8.318850
41.383333	0.5	8.319500
41.391667	0.5	8.317000
41.400000	0.5	8.317900
41.408333	0.5	8.320500
41.416667	0.5	8.318750
41.425000	0.5	8.313700
41.433333	0.5	8.320200
41.441667	0.5	8.320700
41.450000	0.5	8.317500
41.458333	0.5	8.317500
41.466667	0.5	8.316600
41.475000	0.5	8.316650
41.483333	0.5	8.317350
41.491667	0.5	8.317300
41.500000	0.5	8.317850
41.508333	0.5	8.319450
41.516667	0.5	8.333250
41.525000	0.5	8.317250
41.533333	0.5	8.318050
41.541667	0.5	8.319300
41.550000	0.5	8.319400
41.558333	0.5	8.318950
41.566667	0.5	8.316800
41.575000	0.5	8.316000
41.583333	0.5	8.314000
41.591667	0.5	8.316550
41.600000	0.5	8.316250
41.608333	0.5	8.317800
41.616667	0.5	8.312550
41.625000	0.5	8.320400
41.633333	0.5	8.312550
41.641667	0.5	8.315450
41.650000	0.5	8.313150
41.658333	0.5	8.313450
41.666667	0.5	8.317250
41.675000	0.5	8.312950
41.683333	0.5	8.311850
41.691667	0.5	8.310900
41.700000	0.5	8.309900
41.708333	0.5	8.312850
41.716667	0.5	8.309600
41.725000	0.5	8.314750
41.733333	0.5	8.308400
41.741667	0.5	8.312150
41.750000	0.5	8.310950
41.758333	0.5	8.313700
41.766667	0.5	8.311850
41.775000	0.5	8.308550
41.783333	0.5	8.312900
41.791667	0.5	8.314150
41.800000	0.5	8.314100
41.808333	0.5	8.324650
41.816667	0.5	8.328650
41.825000	0.5	8.318750
41.833333	0.5	8.321450
41.841667	0.5	8.321750
41.850000	0.5	8.319100
41.858333	0.5	8.320250
41.866667	0.5	8.318200
41.875000	0.5	8.315200
41.883333	0.5	8.319900
41.891667	0.5	8.317800
41.900000	0.5	8.320550
41.908333	0.5	8.317900
41.916667	0.5	8.318550
41.925000	0.5	8.326500
41.933333	0.5	8.320150
41.941667	0.5	8.323100
41.950000	0.5	8.318300
41.958333	0.5	8.322950
41.966667	0.5	8.319800
41.975000	0.5	8.321200
41.983333	0.5	8.316500
41.991667	0.5	8.320400
42.000000	0.5	8.317450
42.008333	0.5	8.318800
42.016667	0.5	8.322100
42.025000	0.5	8.318300
42.033333	0.5	8.318950
42.041667	0.5	8.316850
42.050000	0.5	8.310400
42.058333	0.5	8.311300
42.066667	0.5	8.308750
42.075000	0.5	8.314900
42.083333	0.5	8.309000
42.091667	0.5	8.306500
42.100000	0.5	8.303450
42.108333	0.5	8.304250
42.116667	0.5	8.304450
42.125000	0.5	8.296150
42.133333	0.5	8.298950
42.141667	0.5	8.291250
42.150000	0.5	8.284600
42.158333	0.5	8.291600
42.166667	0.5	8.289350
42.175000	0.5	8.286550
42.183333	0.5	8.283850
42.191667	0.5	8.284150
42.200000	0.5	8.283000
42.208333	0.5	8.284950
42.216667	0.5	8.283100
42.225000	0.5	8.277650
42.233333	0.5	8.276300
42.241667	0.5	8.274000
42.250000	0.5	8.278950
42.258333	0.5	8.278800
42.266667	0.5	8.277000
42.275000	0.5	8.276550
42.283333	0.5	8.268700
42.291667	0.5	8.270900
42.300000	0.5	8.269300
42.308333	0.5	8.267950
42.316667	0.5	8.260950
42.325000	0.5	8.264350
42.333333	0.5	8.261400
42.341667	0.5	8.263600
42.350000	0.5	8.261400
42.358333	0.5	8.260900
42.366667	0.5	8.264550
42.375000	0.5	8.259800
42.383333	0.5	8.259200
42.391667	0.5	8.262250
42.400000	0.5	8.261650
42.408333	0.5	8.260150
42.416667	0.5	8.258850
42.425000	0.5	8.260900
42.433333	0.5	8.253700
42.441667	0.5	8.252350
42.450000	0.5	8.258300
42.458333	0.5	8.257750
42.466667	0.5	8.254550
42.475000	0.5	8.257450
42.483333	0.5	8.256000
42.491667	0.5	8.258650
42.500000	0.5	8.256750
42.508333	0.5	8.258400
42.516667	0.5	8.253950
42.525000	0.5	8.279200
42.533333	0.5	8.261400
42.541667	0.5	8.255800
42.550000	0.5	8.255200
42.558333	0.5	8.254000
42.566667	0.5	8.256300
42.575000	0.5	8.248450
42.583333	0.5	8.256350
42.591667	0.5	8.250800
42.600000	0.5	8.251950
42.608333	0.5	8.244750
42.616667	0.5	8.245350
42.625000	0.5	8.248050
42.633333	0.5	8.247650
42.641667	0.5	8.250000
42.650000	0.5	8.243650
42.658333	0.5	8.251100
42.666667	0.5	8.250800
42.675000	0.5	8.248900
42.683333	0.5	8.248950
42.691667	0.5	8.245250
42.700000	0.5	8.247050
42.708333	0.5	8.239650
42.716667	0.5	8.240350
42.725000	0.5	8.242850
42.733333	0.5	8.241400
42.741667	0.5	8.235350
42.750000	0.5	8.239800
42.758333	0.5	8.239000
42.766667	0.5	8.242600
42.775000	0.5	8.242900
42.783333	0.5	8.239950
42.791667	0.5	8.237550
42.800000	0.5	8.234550
42.808333	0.5	8.239950
42.816667	0.5	8.237150
42.825000	0.5	8.238600
42.833333	0.5	8.238450
42.841667	0.5	8.239150
42.850000	0.5	8.237400
42.858333	0.5	8.240200
42.866667	0.5	8.238650
42.875000	0.5	8.243000
42.883333	0.5	8.244050
42.891667	0.5	8.240700
42.900000	0.5	8.239700
42.908333	0.5	8.240400
42.916667	0.5	8.241800
42.925000	0.5	8.240650
42.933333	0.5	8.240700
42.941667	0.5	8.239100
42.950000	0.5	8.238000
42.958333	0.5	8.236300
42.966667	0.5	8.241300
42.975000	0.5	8.237550
42.983333	0.5	8.233950
42.991667	0.5	8.231900
43.000000	0.5	8.235750
43.008333	0.5	8.231350
43.016667	0.5	8.230500
43.025000	0.5	8.236800
43.033333	0.5	8.230000
43.041667	0.5	8.233450
43.050000	0.5	8.232950
43.058333	0.5	8.232800
43.066667	0.5	8.236300
43.075000	0.5	8.235350
43.083333	0.5	8.237000
43.091667	0.5	8.236700
43.100000	0.5	8.238050
43.108333	0.5	8.245950
43.116667	0.5	8.238050
43.125000	0.5	8.245650
43.133333	0.5	8.242600
43.141667	0.5	8.250200
43.150000	0.5	8.250600
43.158333	0.5	8.253650
43.166667	0.5	8.252000
43.175000	0.5	8.253450
43.183333	0.5	8.252500
43.191667	0.5	8.256050
43.200000	0.5	8.252550
43.208333	0.5	8.250100
43.216667	0.5	8.248350
43.225000	0.5	8.251300
43.233333	0.5	8.249300
43.241667	0.5	8.254600
43.250000	0.5	8.244950
43.258333	0.5	8.249150
43.266667	0.5	8.243400
43.275000	0.5	8.241150
43.283333	0.5	8.241450
43.291667	0.5	8.237150
43.300000	0.5	8.232050
43.308333	0.5	8.234800
43.316667	0.5	8.229200
43.325000	0.5	8.226600
43.333333	0.5	8.226800
43.341667	0.5	8.222500
43.350000	0.5	8.226450
43.358333	0.5	8.217500
43.366667	0.5	8.219400
43.375000	0.5	8.217250
43.383333	0.5	8.210650
43.391667	0.5	8.215150
43.400000	0.5	8.210100
43.408333	0.5	8.211200
43.416667	0.5	8.206850
43.425000	0.5	8.206000
43.433333	0.5	8.205300
43.441667	0.5	8.209700
43.450000	0.5	8.206450
43.458333	0.5	8.207600
43.466667	0.5	8.206550
43.475000	0.5	8.202600
43.483333	0.5	8.203900
43.491667	0.5	8.203850
43.500000	0.5	8.207650
43.508333	0.5	8.204850
43.516667	0.5	8.201400
43.525000	0.5	8.206500
43.533333	0.5	8.207250
43.541667	0.5	8.205450
43.550000	0.5	8.205800
43.558333	0.5	8.204250
43.566667	0.5	8.201200
43.575000	0.5	8.207250
43.583333	0.5	8.199300
43.591667	0.5	8.199850
43.600000	0.5	8.197950
43.608333	0.5	8.197800
43.616667	0.5	8.197400
43.625000	0.5	8.197450
43.633333	0.5	8.193550
43.641667	0.5	8.201050
43.650000	0.5	8.194450
43.658333	0.5	8.192550
43.666667	0.5	8.190450
43.675000	0.5	8.190150
43.683333	0.5	8.188800
43.691667	0.5	8.192700
43.700000	0.5	8.191000
43.708333	0.5	8.189250
43.716667	0.5	8.188950
43.725000	0.5	8.187350
43.733333	0.5	8.190450
43.741667	0.5	8.196250
43.750000	0.5	8.188350
43.758333	0.5	8.188800
43.766667	0.5	8.189500
43.775000	0.5	8.191100
43.783333	0.5	8.188100
43.791667	0.5	8.186600
43.800000	0.5	8.185600
43.808333	0.5	8.190000
43.816667	0.5	8.188550
43.825000	0.5	8.190300
43.833333	0.5	8.187900
43.841667	0.5	8.186700
43.850000	0.5	8.185900
43.858333	0.5	8.182900
43.866667	0.5	8.190850
43.875000	0.5	8.185750
43.883333	0.5	8.186700
43.891667	0.5	8.187650
43.900000	0.5	8.182300
43.908333	0.5	8.184300
43.916667	0.5	8.182350
43.925000	0.5	8.187450
43.933333	0.5	8.184700
43.941667	0.5	8.183150
43.950000	0.5	8.186350
43.958333	0.5	8.181500
43.966667	0.5	8.184650
43.975000	0.5	8.184500
43.983333	0.5	8.183050
43.991667	0.5	8.185150
44.000000	0.5	8.173700
44.008333	0.5	8.178700
44.016667	0.5	8.179050
44.025000	0.5	8.175050
44.033333	0.5	8.177900
44.041667	0.5	8.175100
44.050000	0.5	8.177150
44.058333	0.5	8.181050
44.066667	0.5	8.173050
44.075000	0.5	8.175750
44.083333	0.5	8.171400
44.091667	0.5	8.171200
44.100000	0.5	8.174600
44.108333	0.5	8.170400
44.116667	0.5	8.176200
44.125000	0.5	8.175650
44.133333	0.5	8.180250
44.141667	0.5	8.172850
44.150000	0.5	8.171500
44.158333	0.5	8.169800
44.166667	0.5	8.172250
44.175000	0.5	8.171150
44.183333	0.5	8.176300
44.191667	0.5	8.175400
44.200000	0.5	8.177050
44.208333	0.5	8.174600
44.216667	0.5	8.179450
44.225000	0.5	8.175950
44.233333	0.5	8.177400
44.241667	0.5	8.176000
44.250000	0.5	8.178400
44.258333	0.5	8.178150
44.266667	0.5	8.177000
44.275000	0.5	8.172550
44.283333	0.5	8.175200
44.291667	0.5	8.177900
44.300000	0.5	8.172200
44.308333	0.5	8.179000
44.316667	0.5	8.175050
44.325000	0.5	8.176250
44.333333	0.5	8.169850
44.341667	0.5	8.167900
44.350000	0.5	8.169250
44.358333	0.5	8.172000
44.366667	0.5	8.173900
44.375000	0.5	8.170750
44.383333	0.5	8.170900
44.391667	0.5	8.174450
44.400000	0.5	8.171850
44.408333	0.5	8.175850
44.416667	0.5	8.170700
44.425000	0.5	8.175050
44.433333	0.5	8.171750
44.441667	0.5	8.169800
44.450000	0.5	8.167400
44.458333	0.5	8.168200
44.466667	0.5	8.167800
44.475000	0.5	8.169350
44.483333	0.5	8.170050
44.491667	0.5	8.170000
44.500000	0.5	8.174500
44.508333	0.5	8.171750
44.516667	0.5	8.173000
44.525000	0.5	8.172850
44.533333	0.5	8.173750
44.541667	0.5	8.169800
44.550000	0.5	8.172100
44.558333	0.5	8.171100
44.566667	0.5	8.174350
44.575000	0.5	8.173200
44.583333	0.5	8.170850
44.591667	0.5	8.172750
44.600000	0.5	8.176300
44.608333	0.5	8.176700
44.616667	0.5	8.173800
44.625000	0.5	8.173500
44.633333	0.5	8.172450
44.641667	0.5	8.174650
44.650000	0.5	8.174750
44.658333	0.5	8.177400
44.666667	0.5	8.181800
44.675000	0.5	8.183350
44.683333	0.5	8.178700
44.691667	0.5	8.180000
44.700000	0.5	8.184050
44.708333	0.5	8.179600
44.716667	0.5	8.187500
44.725000	0.5	8.179950
44.733333	0.5	8.186250
44.741667	0.5	8.182050
44.750000	0.5	8.184300
44.758333	0.5	8.181200
44.766667	0.5	8.184100
44.775000	0.5	8.187000
44.783333	0.5	8.191600
44.791667	0.5	8.193300
44.800000	0.5	8.191750
44.808333	0.5	8.193850
44.816667	0.5	8.190900
44.825000	0.5	8.190700
44.833333	0.5	8.187950
44.841667	0.5	8.189400
44.850000	0.5	8.190100
44.858333	0.5	8.197750
44.866667	0.5	8.194550
44.875000	0.5	8.188000
44.883333	0.5	8.194150
44.891667	0.5	8.192750
44.900000	0.5	8.192450
44.908333	0.5	8.188700
44.916667	0.5	8.188300
44.925000	0.5	8.189350
44.933333	0.5	8.185500
44.941667	0.5	8.190600
44.950000	0.5	8.186100
44.958333	0.5	8.187250
44.966667	0.5	8.184650
44.975000	0.5	8.193700
44.983333	0.5	8.191350
44.991667	0.5	8.193950
45.000000	0.5	8.189800
45.008333	0.5	8.187750
45.016667	0.5	8.190350
45.025000	0.5	8.187900
45.033333	0.5	8.184850
45.041667	0.5	8.186700
45.050000	0.5	8.190150
45.058333	0.5	8.192750
45.066667	0.5	8.192400
45.075000	0.5	8.193850
45.083333	0.5	8.202150
45.091667	0.5	8.210400
45.100000	0.5	8.217000
45.108333	0.5	8.214800
45.116667	0.5	8.232050
45.125000	0.5	8.239800
45.133333	0.5	8.254500
45.141667	0.5	8.270400
45.150000	0.5	8.290100
45.158333	0.5	8.312850
45.166667	0.5	8.336550
45.175000	0.5	8.362900
45.183333	0.5	8.393700
45.191667	0.5	8.425650
45.200000	0.5	8.466250
45.208333	0.5	8.507600
45.216667	0.5	8.546050
45.225000	0.5	8.593300
45.233333	0.5	8.640550
45.241667	0.5	8.686650
45.250000	0.5	8.737400
45.258333	0.5	8.782750
45.266667	0.5	8.830300
45.275000	0.5	8.875100
45.283333	0.5	8.915050
45.291667	0.5	8.956400
45.300000	0.5	8.990200
45.308333	0.5	9.009400
45.316667	0.5	9.032050
45.325000	0.5	9.050350
45.333333	0.5	9.062750
45.341667	0.5	9.067850
45.350000	0.5	9.065450
45.358333	0.5	9.060550
45.366667	0.5	9.052850
45.375000	0.5	9.034150
45.383333	0.5	9.011800
45.391667	0.5	8.987550
45.400000	0.5	8.956550
45.408333	0.5	8.926950
45.416667	0.5	8.899850
45.425000	0.5	8.862550
45.433333	0.5	8.821500
45.441667	0.5	8.795000
45.450000	0.5	8.756200
45.458333	0.5	8.731750
45.466667	0.5	8.702800
45.475000	0.5	8.666850
45.483333	0.5	8.636600
45.491667	0.5	8.607300
45.500000	0.5	8.583500
45.508333	0.5	8.558250
45.516667	0.5	8.539500
45.525000	0.5	8.515850
45.533333	0.5	8.503200
45.541667	0.5	8.480600
45.550000	0.5	8.474900
45.558333	0.5	8.459900
45.566667	0.5	8.448900
45.575000	0.5	8.439000
45.583333	0.5	8.424700
45.591667	0.5	8.418750
45.600000	0.5	8.411750
45.608333	0.5	8.407800
45.616667	0.5	8.397000
45.625000	0.5	8.389800
45.633333	0.5	8.386800
45.641667	0.5	8.387700
45.650000	0.5	8.379350
45.658333	0.5	8.373750
45.666667	0.5	8.369800
45.675000	0.5	8.361700
45.683333	0.5	8.359800
45.691667	0.5	8.351900
45.700000	0.5	8.350000
45.708333	0.5	8.345000
45.716667	0.5	8.345800
45.725000	0.5	8.342600
45.733333	0.5	8.336050
45.741667	0.5	8.336750
45.750000	0.5	8.332050
45.758333	0.5	8.334000
45.766667	0.5	8.322050
45.775000	0.5	8.322350
45.783333	0.5	8.320050
45.791667	0.5	8.317500
45.800000	0.5	8.313300
45.808333	0.5	8.310950
45.816667	0.5	8.306200
45.825000	0.5	8.304200
45.833333	0.5	8.297250
45.841667	0.5	8.295850
45.850000	0.5	8.291750
45.858333	0.5	8.290500
45.866667	0.5	8.293400
45.875000	0.5	8.290000
45.883333	0.5	8.291000
45.891667	0.5	8.283450
45.900000	0.5	8.282350
45.908333	0.5	8.280550
45.916667	0.5	8.280200
45.925000	0.5	8.274750
45.933333	0.5	8.275250
45.941667	0.5	8.271100
45.950000	0.5	8.277250
45.958333	0.5	8.270400
45.966667	0.5	8.274800
45.975000	0.5	8.272100
45.983333	0.5	8.269850
45.991667	0.5	8.270800
46.000000	0.5	8.270000
46.008333	0.5	8.267950
46.016667	0.5	8.273850
46.025000	0.5	8.269200
46.033333	0.5	8.271900
46.041667	0.5	8.271550
46.050000	0.5	8.267500
46.058333	0.5	8.271500
46.066667	0.5	8.269500
46.075000	0.5	8.269150
46.083333	0.5	8.267400
46.091667	0.5	8.268100
46.100000	0.5	8.267450
46.108333	0.5	8.266450
46.116667	0.5	8.264150
46.125000	0.5	8.267650
46.133333	0.5	8.269600
46.141667	0.5	8.267000
46.150000	0.5	8.265800
46.158333	0.5	8.263600
46.166667	0.5	8.268400
46.175000	0.5	8.262800
46.183333	0.5	8.264100
46.191667	0.5	8.266200
46.200000	0.5	8.264200
46.208333	0.5	8.266600
46.216667	0.5	8.272550
46.225000	0.5	8.266150
46.233333	0.5	8.263050
46.241667	0.5	8.262750
46.250000	0.5	8.262350
46.258333	0.5	8.262850
46.266667	0.5	8.260200
46.275000	0.5	8.261650
46.283333	0.5	8.261500
46.291667	0.5	8.260750
46.300000	0.5	8.254900
46.308333	0.5	8.258050
46.316667	0.5	8.253750
46.325000	0.5	8.261200
46.333333	0.5	8.257850
46.341667	0.5	8.253750
46.350000	0.5	8.254500
46.358333	0.5	8.248550
46.366667	0.5	8.248600
46.375000	0.5	8.244850
46.383333	0.5	8.247200
46.391667	0.5	8.248250
46.400000	0.5	8.247100
46.408333	0.5	8.250700
46.416667	0.5	8.248100
46.425000	0.5	8.245000
46.433333	0.5	8.244850
46.441667	0.5	8.243050
46.450000	0.5	8.242500
46.458333	0.5	8.242150
46.466667	0.5	8.241050
46.475000	0.5	8.240250
46.483333	0.5	8.238750
46.491667	0.5	8.238150
46.500000	0.5	8.235850
46.508333	0.5	8.237250
46.516667	0.5	8.240450
46.525000	0.5	8.238350
46.533333	0.5	8.232700
46.541667	0.5	8.230650
46.550000	0.5	8.229400
46.558333	0.5	8.231350
46.566667	0.5	8.224150
46.575000	0.5	8.229600
46.583333	0.5	8.227100
46.591667	0.5	8.231000
46.600000	0.5	8.224750
46.608333	0.5	8.229650
46.616667	0.5	8.230550
46.625000	0.5	8.228000
46.633333	0.5	8.222100
46.641667	0.5	8.218450
46.650000	0.5	8.218850
46.658333	0.5	8.222550
46.666667	0.5	8.222650
46.675000	0.5	8.218950
46.683333	0.5	8.218050
46.691667	0.5	8.216800
46.700000	0.5	8.223700
46.708333	0.5	8.218950
46.716667	0.5	8.221100
46.725000	0.5	8.218050
46.733333	0.5	8.220250
46.741667	0.5	8.214500
46.750000	0.5	8.216200
46.758333	0.5	8.213750
46.766667	0.5	8.214750
46.775000	0.5	8.215650
46.783333	0.5	8.215150
46.791667	0.5	8.209650
46.800000	0.5	8.213900
46.808333	0.5	8.215450
46.816667	0.5	8.214150
46.825000	0.5	8.215800
46.833333	0.5	8.216250
46.841667	0.5	8.210000
46.850000	0.5	8.212350
46.858333	0.5	8.212850
46.866667	0.5	8.208850
46.875000	0.5	8.212700
46.883333	0.5	8.209250
46.891667	0.5	8.213150
46.900000	0.5	8.215500
46.908333	0.5	8.215500
46.916667	0.5	8.209050
46.925000	0.5	8.208650
46.933333	0.5	8.208700
46.941667	0.5	8.215100
46.950000	0.5	8.217800
46.958333	0.5	8.215250
46.966667	0.5	8.217850
46.975000	0.5	8.224700
46.983333	0.5	8.218700
46.991667	0.5	8.225000
47.000000	0.5	8.235350
47.008333	0.5	8.231800
47.016667	0.5	8.236500
47.025000	0.5	8.245350
47.033333	0.5	8.250000
47.041667	0.5	8.261550
47.050000	0.5	8.268150
47.058333	0.5	8.277600
47.066667	0.5	8.285550
47.075000	0.5	8.297800
47.083333	0.5	8.314900
47.091667	0.5	8.322050
47.100000	0.5	8.328200
47.108333	0.5	8.337750
47.116667	0.5	8.352400
47.125000	0.5	8.357050
47.133333	0.5	8.367400
47.141667	0.5	8.374200
47.150000	0.5	8.376200
47.158333	0.5	8.382850
47.166667	0.5	8.390050
47.175000	0.5	8.389350
47.183333	0.5	8.396700
47.191667	0.5	8.395550
47.200000	0.5	8.390950
47.208333	0.5	8.390000
47.216667	0.5	8.385250
47.225000	0.5	8.376350
47.233333	0.5	8.374000
47.241667	0.5	8.362600
47.250000	0.5	8.369850
47.258333	0.5	8.357000
47.266667	0.5	8.349450
47.275000	0.5	8.338800
47.283333	0.5	8.335300
47.291667	0.5	8.325350
47.300000	0.5	8.314400
47.308333	0.5	8.297900
47.316667	0.5	8.291750
47.325000	0.5	8.287600
47.333333	0.5	8.280000
47.341667	0.5	8.272300
47.350000	0.5	8.259850
47.358333	0.5	8.258000
47.366667	0.5	8.256150
47.375000	0.5	8.246550
47.383333	0.5	8.244300
47.391667	0.5	8.235250
47.400000	0.5	8.232000
47.408333	0.5	8.221450
47.416667	0.5	8.218650
47.425000	0.5	8.224100
47.433333	0.5	8.215500
47.441667	0.5	8.209500
47.450000	0.5	8.208400
47.458333	0.5	8.206700
47.466667	0.5	8.212300
47.475000	0.5	8.202000
47.483333	0.5	8.204250
47.491667	0.5	8.195800
47.500000	0.5	8.197400
47.508333	0.5	8.193150
47.516667	0.5	8.192950
47.525000	0.5	8.194750
47.533333	0.5	8.190050
47.541667	0.5	8.190500
47.550000	0.5	8.190150
47.558333	0.5	8.183500
47.566667	0.5	8.186150
47.575000	0.5	8.179150
47.583333	0.5	8.183950
47.591667	0.5	8.184000
47.600000	0.5	8.181050
47.608333	0.5	8.175950
47.616667	0.5	8.177250
47.625000	0.5	8.177850
47.633333	0.5	8.175000
47.641667	0.5	8.179800
47.650000	0.5	8.181000
47.658333	0.5	8.181150
47.666667	0.5	8.175050
47.675000	0.5	8.175500
47.683333	0.5	8.173850
47.691667	0.5	8.168950
47.700000	0.5	8.172650
47.708333	0.5	8.171800
47.716667	0.5	8.165300
47.725000	0.5	8.165900
47.733333	0.5	8.166900
47.741667	0.5	8.161850
47.750000	0.5	8.163350
47.758333	0.5	8.163750
47.766667	0.5	8.161250
47.775000	0.5	8.161450
47.783333	0.5	8.158950
47.791667	0.5	8.157150
47.800000	0.5	8.157650
47.808333	0.5	8.150250
47.816667	0.5	8.158650
47.825000	0.5	8.154950
47.833333	0.5	8.148100
47.841667	0.5	8.154350
47.850000	0.5	8.149700
47.858333	0.5	8.157400
47.866667	0.5	8.148400
47.875000	0.5	8.151400
47.883333	0.5	8.150000
47.891667	0.5	8.142000
47.900000	0.5	8.145600
47.908333	0.5	8.145600
47.916667	0.5	8.147200
47.925000	0.5	8.147050
47.933333	0.5	8.141850
47.941667	0.5	8.141100
47.950000	0.5	8.144250
47.958333	0.5	8.141850
47.966667	0.5	8.134900
47.975000	0.5	8.136900
47.983333	0.5	8.136550
47.991667	0.5	8.139400
48.000000	0.5	8.137500
48.008333	0.5	8.138700
48.016667	0.5	8.134900
48.025000	0.5	8.131050
48.033333	0.5	8.125500
48.041667	0.5	8.136450
48.050000	0.5	8.128050
48.058333	0.5	8.131200
48.066667	0.5	8.128650
48.075000	0.5	8.132550
48.083333	0.5	8.125050
48.091667	0.5	8.132200
48.100000	0.5	8.129850
48.108333	0.5	8.124900
48.116667	0.5	8.124050
48.125000	0.5	8.121250
48.133333	0.5	8.122650
48.141667	0.5	8.125550
48.150000	0.5	8.125900
48.158333	0.5	8.121050
48.166667	0.5	8.112450
48.175000	0.5	8.120950
48.183333	0.5	8.113600
48.191667	0.5	8.125000
48.200000	0.5	8.117550
48.208333	0.5	8.116150
48.216667	0.5	8.115300
48.225000	0.5	8.123000
48.233333	0.5	8.119600
48.241667	0.5	8.120100
48.250000	0.5	8.113100
48.258333	0.5	8.120700
48.266667	0.5	8.115450
48.275000	0.5	8.113850
48.283333	0.5	8.109250
48.291667	0.5	8.115250
48.300000	0.5	8.112250
48.308333	0.5	8.117750
48.316667	0.5	8.116950
48.325000	0.5	8.110650
48.333333	0.5	8.116950
48.341667	0.5	8.115150
48.350000	0.5	8.115200
48.358333	0.5	8.111750
48.366667	0.5	8.113000
48.375000	0.5	8.108400
48.383333	0.5	8.112350
48.391667	0.5	8.110150
48.400000	0.5	8.112100
48.408333	0.5	8.113850
48.416667	0.5	8.103600
48.425000	0.5	8.110500
48.433333	0.5	8.117050
48.441667	0.5	8.113900
48.450000	0.5	8.109050
48.458333	0.5	8.104800
48.466667	0.5	8.107250
48.475000	0.5	8.102200
48.483333	0.5	8.099750
48.491667	0.5	8.111500
48.500000	0.5	8.101650
48.508333	0.5	8.110750
48.516667	0.5	8.102200
48.525000	0.5	8.108950
48.533333	0.5	8.107850
48.541667	0.5	8.104450
48.550000	0.5	8.105900
48.558333	0.5	8.108250
48.566667	0.5	8.102750
48.575000	0.5	8.107200
48.583333	0.5	8.100700
48.591667	0.5	8.100500
48.600000	0.5	8.106600
48.608333	0.5	8.099850
48.616667	0.5	8.100800
48.625000	0.5	8.104100
48.633333	0.5	8.102450
48.641667	0.5	8.103750
48.650000	0.5	8.110250
48.658333	0.5	8.109550
48.666667	0.5	8.107100
48.675000	0.5	8.107050
48.683333	0.5	8.113400
48.691667	0.5	8.113500
48.700000	0.5	8.116950
48.708333	0.5	8.120700
48.716667	0.5	8.126950
48.725000	0.5	8.125150
48.733333	0.5	8.129100
48.741667	0.5	8.125400
48.750000	0.5	8.132100
48.758333	0.5	8.135550
48.766667	0.5	8.134550
48.775000	0.5	8.134850
48.783333	0.5	8.135800
48.791667	0.5	8.133900
48.800000	0.5	8.144100
48.808333	0.5	8.142350
48.816667	0.5	8.136300
48.825000	0.5	8.141650
48.833333	0.5	8.140900
48.841667	0.5	8.141150
48.850000	0.5	8.135800
48.858333	0.5	8.130900
48.866667	0.5	8.136350
48.875000	0.5	8.132100
48.883333	0.5	8.133350
48.891667	0.5	8.140900
48.900000	0.5	8.125750
48.908333	0.5	8.128000
48.916667	0.5	8.121950
48.925000	0.5	8.119150
48.933333	0.5	8.115100
48.941667	0.5	8.114900
48.950000	0.5	8.111500
48.958333	0.5	8.110550
48.966667	0.5	8.109350
48.975000	0.5	8.110100
48.983333	0.5	8.101400
48.991667	0.5	8.103750
49.000000	0.5	8.102550
49.008333	0.5	8.099350
49.016667	0.5	8.099400
49.025000	0.5	8.092850
49.033333	0.5	8.091300
49.041667	0.5	8.094400
49.050000	0.5	8.095850
49.058333	0.5	8.093550
49.066667	0.5	8.089900
49.075000	0.5	8.087150
49.083333	0.5	8.091900
49.091667	0.5	8.082350
49.100000	0.5	8.090100
49.108333	0.5	8.086650
49.116667	0.5	8.080700
49.125000	0.5	8.084750
49.133333	0.5	8.083500
49.141667	0.5	8.084550
49.150000	0.5	8.082000
49.158333	0.5	8.080150
49.166667	0.5	8.084750
49.175000	0.5	8.084950
49.183333	0.5	8.079450
49.191667	0.5	8.075850
49.200000	0.5	8.077550
49.208333	0.5	8.075900
49.216667	0.5	8.074950
49.225000	0.5	8.072750
49.233333	0.5	8.072100
49.241667	0.5	8.071450
49.250000	0.5	8.076150
49.258333	0.5	8.100900
49.266667	0.5	8.081700
49.275000	0.5	8.076900
49.283333	0.5	8.082250
49.291667	0.5	8.078700
49.300000	0.5	8.079400
49.308333	0.5	8.077200
49.316667	0.5	8.074150
49.325000	0.5	8.073250
49.333333	0.5	8.075900
49.341667	0.5	8.069800
49.350000	0.5	8.072900
49.358333	0.5	8.071900
49.366667	0.5	8.079350
49.375000	0.5	8.073900
49.383333	0.5	8.073900
49.391667	0.5	8.074300
49.400000	0.5	8.065950
49.408333	0.5	8.069800
49.416667	0.5	8.066600
49.425000	0.5	8.069200
49.433333	0.5	8.068450
49.441667	0.5	8.072450
49.450000	0.5	8.061000
49.458333	0.5	8.075150
49.466667	0.5	8.067800
49.475000	0.5	8.067050
49.483333	0.5	8.069800
49.491667	0.5	8.065200
49.500000	0.5	8.065150
49.508333	0.5	8.065750
49.516667	0.5	8.065450
49.525000	0.5	8.062900
49.533333	0.5	8.060800
49.541667	0.5	8.061700
49.550000	0.5	8.055150
49.558333	0.5	8.060550
49.566667	0.5	8.063350
49.575000	0.5	8.064800
49.583333	0.5	8.060700
49.591667	0.5	8.058400
49.600000	0.5	8.057500
49.608333	0.5	8.059600
49.616667	0.5	8.059900
49.625000	0.5	8.057150
49.633333	0.5	8.058950
49.641667	0.5	8.058450
49.650000	0.5	8.057450
49.658333	0.5	8.055650
49.666667	0.5	8.055950
49.675000	0.5	8.058600
49.683333	0.5	8.060050
49.691667	0.5	8.057800
49.700000	0.5	8.054300
49.708333	0.5	8.054750
49.716667	0.5	8.060900
49.725000	0.5	8.057350
49.733333	0.5	8.056100
49.741667	0.5	8.055050
49.750000	0.5	8.053300
49.758333	0.5	8.055850
49.766667	0.5	8.059650
49.775000	0.5	8.062900
49.783333	0.5	8.056200
49.791667	0.5	8.056100
49.800000	0.5	8.061250
49.808333	0.5	8.054050
49.816667	0.5	8.057150
49.825000	0.5	8.055500
49.833333	0.5	8.058100
49.841667	0.5	8.053800
49.850000	0.5	8.056950
49.858333	0.5	8.060500
49.866667	0.5	8.053950
49.875000	0.5	8.056800
49.883333	0.5	8.050950
49.891667	0.5	8.057150
49.900000	0.5	8.050950
49.908333	0.5	8.052250
49.916667	0.5	8.056800
49.925000	0.5	8.052200
49.933333	0.5	8.054550
49.941667	0.5	8.054600
49.950000	0.5	8.043050
49.958333	0.5	8.055250
49.966667	0.5	8.046600
49.975000	0.5	8.045550
49.983333	0.5	8.045000
49.991667	0.5	8.046950
50.000000	0.5	8.045350
50.008333	0.5	8.041650
50.016667	0.5	8.047350
50.025000	0.5	8.042700
50.033333	0.5	8.039500
50.041667	0.5	8.041650
50.050000	0.5	8.037150
50.058333	0.5	8.039800
50.066667	0.5	8.038250
50.075000	0.5	8.041900
50.083333	0.5	8.034300
50.091667	0.5	8.043700
50.100000	0.5	8.035250
50.108333	0.5	8.035250
50.116667	0.5	8.044800
50.125000	0.5	8.036900
50.133333	0.5	8.031500
50.141667	0.5	8.035450
50.150000	0.5	8.037700
50.158333	0.5	8.037750
50.166667	0.5	8.040400
50.175000	0.5	8.039850
50.183333	0.5	8.035550
50.191667	0.5	8.035700
50.200000	0.5	8.037500
50.208333	0.5	8.037250
50.216667	0.5	8.031650
50.225000	0.5	8.030850
50.233333	0.5	8.038050
50.241667	0.5	8.036200
50.250000	0.5	8.039500
50.258333	0.5	8.045200
50.266667	0.5	8.037250
50.275000	0.5	8.038800
50.283333	0.5	8.037450
50.291667	0.5	8.043950
50.300000	0.5	8.044500
50.308333	0.5	8.035400
50.316667	0.5	8.034550
50.325000	0.5	8.039400
50.333333	0.5	8.030400
50.341667	0.5	8.039750
50.350000	0.5	8.044550
50.358333	0.5	8.047550
50.366667	0.5	8.033500
50.375000	0.5	8.028800
50.383333	0.5	8.033500
50.391667	0.5	8.027300
50.400000	0.5	8.028750
50.408333	0.5	8.028050
50.416667	0.5	8.024600
50.425000	0.5	8.036050
50.433333	0.5	8.025050
50.441667	0.5	8.029250
50.450000	0.5	8.024950
50.458333	0.5	8.027850
50.466667	0.5	8.027400
50.475000	0.5	8.026700
50.483333	0.5	8.022250
50.491667	0.5	8.022400
50.500000	0.5	8.018750
50.508333	0.5	8.024650
50.516667	0.5	8.024900
50.525000	0.5	8.019800
50.533333	0.5	8.025500
50.541667	0.5	8.021900
50.550000	0.5	8.024800
50.558333	0.5	8.022000
50.566667	0.5	8.014650
50.575000	0.5	8.019200
50.583333	0.5	8.019200
50.591667	0.5	8.017350
50.600000	0.5	8.015000
50.608333	0.5	8.016800
50.616667	0.5	8.016000
50.625000	0.5	8.018900
50.633333	0.5	8.021150
50.641667	0.5	8.017950
50.650000	0.5	8.020700
50.658333	0.5	8.023800
50.666667	0.5	8.020800
50.675000	0.5	8.017750
50.683333	0.5	8.014250
50.691667	0.5	8.019400
50.700000	0.5	8.017350
50.708333	0.5	8.023050
50.716667	0.5	8.020150
50.725000	0.5	8.023900
50.733333	0.5	8.022100
50.741667	0.5	8.021150
50.750000	0.5	8.026000
50.758333	0.5	8.017950
50.766667	0.5	8.020000
50.775000	0.5	8.026950
50.783333	0.5	8.021450
50.791667	0.5	8.023100
50.800000	0.5	8.025550
50.808333	0.5	8.025200
50.816667	0.5	8.019500
50.825000	0.5	8.023200
50.833333	0.5	8.023000
50.841667	0.5	8.027600
50.850000	0.5	8.027800
50.858333	0.5	8.025000
50.866667	0.5	8.027800
50.875000	0.5	8.015950
50.883333	0.5	8.023600
50.891667	0.5	8.029900
50.900000	0.5	8.015450
50.908333	0.5	8.014550
50.916667	0.5	8.022350
50.925000	0.5	8.021700
50.933333	0.5	8.020350
50.941667	0.5	8.024700
50.950000	0.5	8.019850
50.958333	0.5	8.015700
50.966667	0.5	8.021700
50.975000	0.5	8.028450
50.983333	0.5	8.013300
50.991667	0.5	8.014650
51.000000	0.5	8.026150
51.008333	0.5	8.014850
51.016667	0.5	8.013400
51.025000	0.5	8.016500
51.033333	0.5	8.014350
51.041667	0.5	8.016200
51.050000	0.5	8.016500
51.058333	0.5	8.008450
51.066667	0.5	8.018950
51.075000	0.5	8.008900
51.083333	0.5	8.006400
51.091667	0.5	8.014200
51.100000	0.5	8.010750
51.108333	0.5	8.015400
51.116667	0.5	8.007350
51.125000	0.5	8.012400
51.133333	0.5	8.005050
51.141667	0.5	8.003800
51.150000	0.5	7.999650
51.158333	0.5	8.010050
51.166667	0.5	8.002900
51.175000	0.5	8.003850
51.183333	0.5	8.006850
51.191667	0.5	8.007700
51.200000	0.5	7.999200
51.208333	0.5	8.010050
51.216667	0.5	8.004800
51.225000	0.5	8.002500
51.233333	0.5	8.002550
51.241667	0.5	8.001600
51.250000	0.5	8.007950
51.258333	0.5	8.003900
51.266667	0.5	8.008650
51.275000	0.5	8.000550
51.283333	0.5	8.003450
51.291667	0.5	8.003600
51.300000	0.5	8.003650
51.308333	0.5	8.013250
51.316667	0.5	8.002750
51.325000	0.5	8.006050
51.333333	0.5	8.006450
51.341667	0.5	8.006250
51.350000	0.5	8.006450
51.358333	0.5	7.999450
51.366667	0.5	7.999550
51.375000	0.5	8.002700
51.383333	0.5	8.007450
51.391667	0.5	7.999600
51.400000	0.5	8.002050
51.408333	0.5	8.007300
51.416667	0.5	8.001200
51.425000	0.5	7.995000
51.433333	0.5	8.006200
51.441667	0.5	8.002400
51.450000	0.5	8.009100
51.458333	0.5	8.002750
51.466667	0.5	8.000750
51.475000	0.5	8.003500
51.483333	0.5	8.001400
51.491667	0.5	8.007100
51.500000	0.5	8.003600
51.508333	0.5	8.007050
51.516667	0.5	8.008900
51.525000	0.5	8.007350
51.533333	0.5	8.006250
51.541667	0.5	8.010200
51.550000	0.5	8.003550
51.558333	0.5	8.004250
51.566667	0.5	8.004550
51.575000	0.5	8.008100
51.583333	0.5	8.002200
51.591667	0.5	8.009950
51.600000	0.5	8.005150
51.608333	0.5	8.001900
51.616667	0.5	8.001750
51.625000	0.5	7.991100
51.633333	0.5	7.997500
51.641667	0.5	7.993850
51.650000	0.5	7.994750
51.658333	0.5	7.992250
51.666667	0.5	7.988500
51.675000	0.5	7.985500
51.683333	0.5	7.988200
51.691667	0.5	7.994150
51.700000	0.5	7.989700
51.708333	0.5	7.988350
51.716667	0.5	7.989950
51.725000	0.5	7.990900
51.733333	0.5	7.995950
51.741667	0.5	7.995250
51.750000	0.5	7.994900
51.758333	0.5	7.992200
51.766667	0.5	7.987200
51.775000	0.5	7.995150
51.783333	0.5	7.995050
51.791667	0.5	7.994850
51.800000	0.5	7.990950
51.808333	0.5	7.983700
51.816667	0.5	7.985650
51.825000	0.5	7.992650
51.833333	0.5	7.986100
51.841667	0.5	7.987350
51.850000	0.5	7.988600
51.858333	0.5	7.986800
51.866667	0.5	7.989050
51.875000	0.5	7.984700
51.883333	0.5	7.996350
51.891667	0.5	7.992600
51.900000	0.5	7.988950
51.908333	0.5	7.992700
51.916667	0.5	7.986400
51.925000	0.5	7.990200
51.933333	0.5	7.988250
51.941667	0.5	7.983550
51.950000	0.5	7.990500
51.958333	0.5	7.986950
51.966667	0.5	7.993350
51.975000	0.5	8.000300
51.983333	0.5	7.996700
51.991667	0.5	7.989200
52.000000	0.5	7.991800
52.008333	0.5	7.988800
52.016667	0.5	7.987150
52.025000	0.5	7.989750
52.033333	0.5	7.985400
52.041667	0.5	7.984800
52.050000	0.5	7.997500
52.058333	0.5	7.989100
52.066667	0.5	7.993900
52.075000	0.5	7.990850
52.083333	0.5	7.988400
52.091667	0.5	7.988350
52.100000	0.5	7.994350
52.108333	0.5	7.988200
52.116667	0.5	7.989750
52.125000	0.5	7.991100
52.133333	0.5	7.989600
52.141667	0.5	7.992150
52.150000	0.5	7.990500
52.158333	0.5	7.992400
52.166667	0.5	7.992550
52.175000	0.5	7.988650
52.183333	0.5	7.983800
52.191667	0.5	7.983400
52.200000	0.5	7.987100
52.208333	0.5	7.987500
52.216667	0.5	7.981800
52.225000	0.5	7.987100
52.233333	0.5	7.987650
52.241667	0.5	7.989350
52.250000	0.5	7.980800
52.258333	0.5	7.984150
52.266667	0.5	7.989650
52.275000	0.5	7.983650
52.283333	0.5	7.984750
52.291667	0.5	7.987500
52.300000	0.5	7.988150
52.308333	0.5	7.984650
52.316667	0.5	7.990400
52.325000	0.5	7.985050
52.333333	0.5	7.984050
52.341667	0.5	7.986450
52.350000	0.5	7.984150
52.358333	0.5	7.983200
52.366667	0.5	7.992750
52.375000	0.5	7.976400
52.383333	0.5	7.994500
52.391667	0.5	7.984200
52.400000	0.5	7.989300
52.408333	0.5	7.985950
52.416667	0.5	7.984350
52.425000	0.5	7.989750
52.433333	0.5	7.993100
52.441667	0.5	7.992250
52.450000	0.5	7.991100
52.458333	0.5	7.990700
52.466667	0.5	7.990850
52.475000	0.5	7.990900
52.483333	0.5	7.990500
52.491667	0.5	7.993100
52.500000	0.5	7.991100
52.508333	0.5	7.985450
52.516667	0.5	7.991800
52.525000	0.5	7.988550
52.533333	0.5	7.988950
52.541667	0.5	7.991450
52.550000	0.5	7.992800
52.558333	0.5	7.995850
52.566667	0.5	7.994650
52.575000	0.5	7.991300
52.583333	0.5	7.989100
52.591667	0.5	7.985750
52.600000	0.5	7.987150
52.608333	0.5	7.987900
52.616667	0.5	7.983550
52.625000	0.5	7.984250
52.633333	0.5	7.983750
52.641667	0.5	7.983650
52.650000	0.5	7.987500
52.658333	0.5	7.986450
52.666667	0.5	7.983750
52.675000	0.5	7.977600
52.683333	0.5	7.983550
52.691667	0.5	7.979650
52.700000	0.5	7.978650
52.708333	0.5	7.978950
52.716667	0.5	7.979450
52.725000	0.5	7.980600
52.733333	0.5	7.978500
52.741667	0.5	7.982750
52.750000	0.5	7.978800
52.758333	0.5	7.978500
52.766667	0.5	7.975650
52.775000	0.5	7.973750
52.783333	0.5	7.976350
52.791667	0.5	7.976000
52.800000	0.5	7.977400
52.808333	0.5	7.977400
52.816667	0.5	7.982200
52.825000	0.5	7.974250
52.833333	0.5	7.976750
52.841667	0.5	7.977400
52.850000	0.5	7.972900
52.858333	0.5	7.978050
52.866667	0.5	7.975950
52.875000	0.5	7.981250
52.883333	0.5	7.974350
52.891667	0.5	7.977600
52.900000	0.5	7.976400
52.908333	0.5	7.977950
52.916667	0.5	7.979350
52.925000	0.5	7.979650
52.933333	0.5	7.975900
52.941667	0.5	7.981950
52.950000	0.5	7.978100
52.958333	0.5	7.978750
52.966667	0.5	7.980100
52.975000	0.5	7.979200
52.983333	0.5	7.979750
52.991667	0.5	7.978150
53.000000	0.5	7.979350
53.008333	0.5	7.981950
53.016667	0.5	7.979850
53.025000	0.5	7.987200
53.033333	0.5	7.984150
53.041667	0.5	7.984350
53.050000	0.5	7.990150
53.058333	0.5	7.986050
53.066667	0.5	7.987150
53.075000	0.5	7.989750
53.083333	0.5	7.997650
53.091667	0.5	7.983900
53.100000	0.5	7.993300
53.108333	0.5	7.988250
53.116667	0.5	7.990700
53.125000	0.5	7.987150
53.133333	0.5	7.992550
53.141667	0.5	7.984950
53.150000	0.5	7.989850
53.158333	0.5	7.991950
53.166667	0.5	7.999000
53.175000	0.5	7.989200
53.183333	0.5	7.993800
53.191667	0.5	7.996750
53.200000	0.5	7.995700
53.208333	0.5	7.993250
53.216667	0.5	8.006950
53.225000	0.5	8.001100
53.233333	0.5	8.001100
53.241667	0.5	8.004650
53.250000	0.5	8.002600
53.258333	0.5	8.009350
53.266667	0.5	8.006700
53.275000	0.5	8.006450
53.283333	0.5	8.017200
53.291667	0.5	8.019850
53.300000	0.5	8.022050
53.308333	0.5	8.032800
53.316667	0.5	8.046950
53.325000	0.5	8.060800
53.333333	0.5	8.071300
53.341667	0.5	8.104200
53.350000	0.5	8.129050
53.358333	0.5	8.156850
53.366667	0.5	8.201350
53.375000	0.5	8.243400
53.383333	0.5	8.293000
53.391667	0.5	8.318250
53.400000	0.5	8.334950
53.408333	0.5	8.356850
53.416667	0.5	8.343450
53.425000	0.5	8.307600
53.433333	0.5	8.252650
53.441667	0.5	8.189250
53.450000	0.5	8.144950
53.458333	0.5	8.106650
53.466667	0.5	8.087000
53.475000	0.5	8.058650
53.483333	0.5	8.043450
53.491667	0.5	8.034550
53.500000	0.5	8.022150
53.508333	0.5	8.010050
53.516667	0.5	8.001100
53.525000	0.5	7.986800
53.533333	0.5	7.979100
53.541667	0.5	7.970650
53.550000	0.5	7.950450
53.558333	0.5	7.948800
53.566667	0.5	7.941250
53.575000	0.5	7.930250
53.583333	0.5	7.926700
53.591667	0.5	7.915500
53.600000	0.5	7.914100
53.608333	0.5	7.909950
53.616667	0.5	7.908800
53.625000	0.5	7.900000
53.633333	0.5	7.900750
53.641667	0.5	7.893000
53.650000	0.5	7.890600
53.658333	0.5	7.883400
53.666667	0.5	7.886550
53.675000	0.5	7.888000
53.683333	0.5	7.883200
53.691667	0.5	7.880700
53.700000	0.5	7.882750
53.708333	0.5	7.883750
53.716667	0.5	7.879400
53.725000	0.5	7.874850
53.733333	0.5	7.875600
53.741667	0.5	7.876500
53.750000	0.5	7.874950
53.758333	0.5	7.870850
53.766667	0.5	7.872350
53.775000	0.5	7.865300
53.783333	0.5	7.863200
53.791667	0.5	7.863450
53.800000	0.5	7.870250
53.808333	0.5	7.866350
53.816667	0.5	7.858850
53.825000	0.5	7.861100
53.833333	0.5	7.862750
53.841667	0.5	7.856750
53.850000	0.5	7.857950
53.858333	0.5	7.858900
53.866667	0.5	7.859500
53.875000	0.5	7.852750
53.883333	0.5	7.853850
53.891667	0.5	7.855450
53.900000	0.5	7.853800
53.908333	0.5	7.847900
53.916667	0.5	7.846400
53.925000	0.5	7.849150
53.933333	0.5	7.843550
53.941667	0.5	7.841150
53.950000	0.5	7.843500
53.958333	0.5	7.840000
53.966667	0.5	7.842150
53.975000	0.5	7.839000
53.983333	0.5	7.843750
53.991667	0.5	7.846850
54.000000	0.5	7.839400
54.008333	0.5	7.840550
54.016667	0.5	7.842350
54.025000	0.5	7.841500
54.033333	0.5	7.841600
54.041667	0.5	7.844600
54.050000	0.5	7.837400
54.058333	0.5	7.839150
54.066667	0.5	7.832600
54.075000	0.5	7.832600
54.083333	0.5	7.835100
54.091667	0.5	7.837550
54.100000	0.5	7.836150
54.108333	0.5	7.834850
54.116667	0.5	7.834350
54.125000	0.5	7.835300
54.133333	0.5	7.830350
54.141667	0.5	7.828750
54.150000	0.5	7.830850
54.158333	0.5	7.834800
54.166667	0.5	7.831650
54.175000	0.5	7.832150
54.183333	0.5	7.833700
54.191667	0.5	7.835450
54.200000	0.5	7.831250
54.208333	0.5	7.832150
54.216667	0.5	7.830000
54.225000	0.5	7.833850
54.233333	0.5	7.827350
54.241667	0.5	7.828500
54.250000	0.5	7.832450
54.258333	0.5	7.824600
54.266667	0.5	7.826100
54.275000	0.5	7.831250
54.283333	0.5	7.828150
54.291667	0.5	7.825250
54.300000	0.5	7.826400
54.308333	0.5	7.823850
54.316667	0.5	7.826400
54.325000	0.5	7.825100
54.333333	0.5	7.820600
54.341667	0.5	7.822100
54.350000	0.5	7.821750
54.358333	0.5	7.819600
54.366667	0.5	7.829950
54.375000	0.5	7.828250
54.383333	0.5	7.822350
54.391667	0.5	7.825850
54.400000	0.5	7.826100
54.408333	0.5	7.828200
54.416667	0.5	7.821550
54.425000	0.5	7.821100
54.433333	0.5	7.821350
54.441667	0.5	7.825450
54.450000	0.5	7.819950
54.458333	0.5	7.819850
54.466667	0.5	7.823150
54.475000	0.5	7.820800
54.483333	0.5	7.821750
54.491667	0.5	7.817250
54.500000	0.5	7.816400
54.508333	0.5	7.822400
54.516667	0.5	7.819200
54.525000	0.5	7.814600
54.533333	0.5	7.817150
54.541667	0.5	7.814500
54.550000	0.5	7.815250
54.558333	0.5	7.816950
54.566667	0.5	7.814450
54.575000	0.5	7.809600
54.583333	0.5	7.812750
54.591667	0.5	7.816300
54.600000	0.5	7.813950
54.608333	0.5	7.815400
54.616667	0.5	7.808100
54.625000	0.5	7.812150
54.633333	0.5	7.817950
54.641667	0.5	7.814800
54.650000	0.5	7.813600
54.658333	0.5	7.818000
54.666667	0.5	7.817000
54.675000	0.5	7.817250
54.683333	0.5	7.812500
54.691667	0.5	7.820400
54.700000	0.5	7.812200
54.708333	0.5	7.811050
54.716667	0.5	7.808250
54.725000	0.5	7.809150
54.733333	0.5	7.812500
54.741667	0.5	7.809000
54.750000	0.5	7.808950
54.758333	0.5	7.808650
54.766667	0.5	7.810800
54.775000	0.5	7.807050
54.783333	0.5	7.810900
54.791667	0.5	7.801950
54.800000	0.5	7.803350
54.808333	0.5	7.803400
54.816667	0.5	7.803350
54.825000	0.5	7.805000
54.833333	0.5	7.807550
54.841667	0.5	7.803900
54.850000	0.5	7.804400
54.858333	0.5	7.808850
54.866667	0.5	7.799050
54.875000	0.5	7.797650
54.883333	0.5	7.801800
54.891667	0.5	7.807300
54.900000	0.5	7.798850
54.908333	0.5	7.804700
54.916667	0.5	7.805900
54.925000	0.5	7.800700
54.933333	0.5	7.805100
54.941667	0.5	7.804500
54.950000	0.5	7.807350
54.958333	0.5	7.803600
54.966667	0.5	7.801000
54.975000	0.5	7.801600
54.983333	0.5	7.801900
54.991667	0.5	7.802750
55.000000	0.5	7.804650
55.008333	0.5	7.804450
55.016667	0.5	7.804350
55.025000	0.5	7.802200
55.033333	0.5	7.802200
55.041667	0.5	7.806500
55.050000	0.5	7.807450
55.058333	0.5	7.807400
55.066667	0.5	7.805650
55.075000	0.5	7.802750
55.083333	0.5	7.804000
55.091667	0.5	7.805200
55.100000	0.5	7.803450
55.108333	0.5	7.810150
55.116667	0.5	7.804750
55.125000	0.5	7.809750
55.133333	0.5	7.807450
55.141667	0.5	7.807700
55.150000	0.5	7.807200
55.158333	0.5	7.806950
55.166667	0.5	7.810100
55.175000	0.5	7.802750
55.183333	0.5	7.806750
55.191667	0.5	7.808550
55.200000	0.5	7.805300
55.208333	0.5	7.810100
55.216667	0.5	7.805600
55.225000	0.5	7.807650
55.233333	0.5	7.808100
55.241667	0.5	7.805700
55.250000	0.5	7.810350
55.258333	0.5	7.815750
55.266667	0.5	7.805800
55.275000	0.5	7.812550
55.283333	0.5	7.805500
55.291667	0.5	7.808950
55.300000	0.5	7.808500
55.308333	0.5	7.807350
55.316667	0.5	7.808650
55.325000	0.5	7.808350
55.333333	0.5	7.807250
55.341667	0.5	7.811300
55.350000	0.5	7.812950
55.358333	0.5	7.805400
55.366667	0.5	7.810150
55.375000	0.5	7.812150
55.383333	0.5	7.810350
55.391667	0.5	7.808100
55.400000	0.5	7.814150
55.408333	0.5	7.809000
55.416667	0.5	7.802750
55.425000	0.5	7.812400
55.433333	0.5	7.809350
55.441667	0.5	7.809700
55.450000	0.5	7.811100
55.458333	0.5	7.803850
55.466667	0.5	7.811650
55.475000	0.5	7.803950
55.483333	0.5	7.807350
55.491667	0.5	7.807900
55.500000	0.5	7.806150
55.508333	0.5	7.810600
55.516667	0.5	7.811800
55.525000	0.5	7.815550
55.533333	0.5	7.809600
55.541667	0.5	7.810600
55.550000	0.5	7.815950
55.558333	0.5	7.812050
55.566667	0.5	7.816350
55.575000	0.5	7.815600
55.583333	0.5	7.812400
55.591667	0.5	7.812900
55.600000	0.5	7.817800
55.608333	0.5	7.818100
55.616667	0.5	7.821000
55.625000	0.5	7.807500
55.633333	0.5	7.811650
55.641667	0.5	7.810250
55.650000	0.5	7.822400
55.658333	0.5	7.811600
55.666667	0.5	7.820200
55.675000	0.5	7.814300
55.683333	0.5	7.813900
55.691667	0.5	7.812200
55.700000	0.5	7.816700
55.708333	0.5	7.825150
55.716667	0.5	7.819900
55.725000	0.5	7.826350
55.733333	0.5	7.825850
55.741667	0.5	7.829400
55.750000	0.5	7.826000
55.758333	0.5	7.831050
55.766667	0.5	7.831050
55.775000	0.5	7.833400
55.783333	0.5	7.838450
55.791667	0.5	7.837750
55.800000	0.5	7.843050
55.808333	0.5	7.854150
55.816667	0.5	7.848450
55.825000	0.5	7.852050
55.833333	0.5	7.853550
55.841667	0.5	7.853900
55.850000	0.5	7.864650
55.858333	0.5	7.867500
55.866667	0.5	7.870200
55.875000	0.5	7.874900
55.883333	0.5	7.877650
55.891667	0.5	7.874050
55.900000	0.5	7.887600
55.908333	0.5	7.890050
55.916667	0.5	7.893850
55.925000	0.5	7.898800
55.933333	0.5	7.901050
55.941667	0.5	7.908950
55.950000	0.5	7.915000
55.958333	0.5	7.916300
55.966667	0.5	7.919950
55.975000	0.5	7.927500
55.983333	0.5	7.933900
55.991667	0.5	7.937200
56.000000	0.5	7.942850
56.008333	0.5	7.950100
56.016667	0.5	7.951450
56.025000	0.5	7.956950
56.033333	0.5	7.958200
56.041667	0.5	7.962350
56.050000	0.5	7.966300
56.058333	0.5	7.974650
56.066667	0.5	7.974550
56.075000	0.5	7.981450
56.083333	0.5	7.987800
56.091667	0.5	7.986150
56.100000	0.5	7.991700
56.108333	0.5	7.996350
56.116667	0.5	7.998250
56.125000	0.5	8.003350
56.133333	0.5	8.006500
56.141667	0.5	8.009600
56.150000	0.5	8.010650
56.158333	0.5	8.010700
56.166667	0.5	8.014500
56.175000	0.5	8.013900
56.183333	0.5	8.016600
56.191667	0.5	8.018650
56.200000	0.5	8.024650
56.208333	0.5	8.019650
56.216667	0.5	8.015200
56.225000	0.5	8.024850
56.233333	0.5	8.024950
56.241667	0.5	8.030700
56.250000	0.5	8.024750
56.258333	0.5	8.030750
56.266667	0.5	8.039350
56.275000	0.5	8.036450
56.283333	0.5	8.032250
56.291667	0.5	8.038000
56.300000	0.5	8.032650
56.308333	0.5	8.036500
56.316667	0.5	8.035350
56.325000	0.5	8.035850
56.333333	0.5	8.037350
56.341667	0.5	8.041700
56.350000	0.5	8.044100
56.358333	0.5	8.040150
56.366667	0.5	8.043050
56.375000	0.5	8.038800
56.383333	0.5	8.041250
56.391667	0.5	8.040000
56.400000	0.5	8.039100
56.408333	0.5	8.033500
56.416667	0.5	8.041050
56.425000	0.5	8.038550
56.433333	0.5	8.037700
56.441667	0.5	8.032600
56.450000	0.5	8.042000
56.458333	0.5	8.042500
56.466667	0.5	8.038200
56.475000	0.5	8.033450
56.483333	0.5	8.035200
56.491667	0.5	8.037000
56.500000	0.5	8.032500
56.508333	0.5	8.034200
56.516667	0.5	8.032150
56.525000	0.5	8.030950
56.533333	0.5	8.023850
56.541667	0.5	8.027400
56.550000	0.5	8.029200
56.558333	0.5	8.028250
56.566667	0.5	8.026000
56.575000	0.5	8.029900
56.583333	0.5	8.029200
56.591667	0.5	8.025850
56.600000	0.5	8.030300
56.608333	0.5	8.024000
56.616667	0.5	8.020700
56.625000	0.5	8.018950
56.633333	0.5	8.019700
56.641667	0.5	8.016150
56.650000	0.5	8.013400
56.658333	0.5	8.009900
56.666667	0.5	8.019850
56.675000	0.5	8.011850
56.683333	0.5	8.017800
56.691667	0.5	8.018100
56.700000	0.5	8.009700
56.708333	0.5	8.015350
56.716667	0.5	8.018700
56.725000	0.5	8.009000
56.733333	0.5	8.013850
56.741667	0.5	8.002400
56.750000	0.5	8.015350
56.758333	0.5	8.011000
56.766667	0.5	8.010500
56.775000	0.5	8.015750
56.783333	0.5	8.008400
56.791667	0.5	8.007750
56.800000	0.5	8.003150
56.808333	0.5	7.999000
56.816667	0.5	7.996650
56.825000	0.5	8.004250
56.833333	0.5	7.999250
56.841667	0.5	7.994950
56.850000	0.5	7.997300
56.858333	0.5	7.999600
56.866667	0.5	7.995900
56.875000	0.5	8.001450
56.883333	0.5	7.995150
56.891667	0.5	7.995900
56.900000	0.5	7.995600
56.908333	0.5	7.986500
56.916667	0.5	7.988550
56.925000	0.5	7.990900
56.933333	0.5	7.987000
56.941667	0.5	7.988500
56.950000	0.5	7.987300
56.958333	0.5	7.987000
56.966667	0.5	7.984300
56.975000	0.5	7.986450
56.983333	0.5	7.982450
56.991667	0.5	7.984050
57.000000	0.5	7.988700
57.008333	0.5	7.993000
57.016667	0.5	7.981050
57.025000	0.5	7.989600
57.033333	0.5	7.980800
57.041667	0.5	7.984850
57.050000	0.5	7.985650
57.058333	0.5	7.995600
57.066667	0.5	7.988800
57.075000	0.5	7.989750
57.083333	0.5	7.992600
57.091667	0.5	7.990350
57.100000	0.5	7.987550
57.108333	0.5	7.998000
57.116667	0.5	7.994550
57.125000	0.5	7.999150
57.133333	0.5	7.999500
57.141667	0.5	8.002700
57.150000	0.5	8.003600
57.158333	0.5	8.002800
57.166667	0.5	8.008050
57.175000	0.5	8.008450
57.183333	0.5	8.014600
57.191667	0.5	8.018350
57.200000	0.5	8.018500
57.208333	0.5	8.022850
57.216667	0.5	8.027100
57.225000	0.5	8.026000
57.233333	0.5	8.030900
57.241667	0.5	8.039400
57.250000	0.5	8.051700
57.258333	0.5	8.046550
57.266667	0.5	8.047300
57.275000	0.5	8.058350
57.283333	0.5	8.056250
57.291667	0.5	8.065150
57.300000	0.5	8.064350
57.308333	0.5	8.077000
57.316667	0.5	8.076100
57.325000	0.5	8.083100
57.333333	0.5	8.082350
57.341667	0.5	8.095000
57.350000	0.5	8.094700
57.358333	0.5	8.100200
57.366667	0.5	8.099000
57.375000	0.5	8.106000
57.383333	0.5	8.102550
57.391667	0.5	8.101500
57.400000	0.5	8.110100
57.408333	0.5	8.106250
57.416667	0.5	8.112100
57.425000	0.5	8.109450
57.433333	0.5	8.118000
57.441667	0.5	8.109250
57.450000	0.5	8.111600
57.458333	0.5	8.117100
57.466667	0.5	8.110600
57.475000	0.5	8.109300
57.483333	0.5	8.102700
57.491667	0.5	8.102300
57.500000	0.5	8.095850
57.508333	0.5	8.098350
57.516667	0.5	8.099350
57.525000	0.5	8.098300
57.533333	0.5	8.088400
57.541667	0.5	8.078950
57.550000	0.5	8.072400
57.558333	0.5	8.075100
57.566667	0.5	8.071300
57.575000	0.5	8.060800
57.583333	0.5	8.055850
57.591667	0.5	8.049200
57.600000	0.5	8.037750
57.608333	0.5	8.041300
57.616667	0.5	8.034200
57.625000	0.5	8.028000
57.633333	0.5	8.021000
57.641667	0.5	8.015400
57.650000	0.5	8.005900
57.658333	0.5	8.004250
57.666667	0.5	7.996600
57.675000	0.5	7.989900
57.683333	0.5	7.982950
57.691667	0.5	7.973350
57.700000	0.5	7.971700
57.708333	0.5	7.966700
57.716667	0.5	7.952150
57.725000	0.5	7.952600
57.733333	0.5	7.945700
57.741667	0.5	7.953700
57.750000	0.5	7.941450
57.758333	0.5	7.928500
57.766667	0.5	7.920250
57.775000	0.5	7.927150
57.783333	0.5	7.916550
57.791667	0.5	7.915550
57.800000	0.5	7.909500
57.808333	0.5	7.902300
57.816667	0.5	7.898100
57.825000	0.5	7.894900
57.833333	0.5	7.895900
57.841667	0.5	7.886200
57.850000	0.5	7.881650
57.858333	0.5	7.880150
57.866667	0.5	7.877350
57.875000	0.5	7.867250
57.883333	0.5	7.869500
57.891667	0.5	7.877000
57.900000	0.5	7.861750
57.908333	0.5	7.867500
57.916667	0.5	7.862450
57.925000	0.5	7.855250
57.933333	0.5	7.864400
57.941667	0.5	7.862050
57.950000	0.5	7.864050
57.958333	0.5	7.858600
57.966667	0.5	7.856900
57.975000	0.5	7.849000
57.983333	0.5	7.856100
57.991667	0.5	7.852900
58.000000	0.5	7.852050
58.008333	0.5	7.854800
58.016667	0.5	7.850850
58.025000	0.5	7.855050
58.033333	0.5	7.851850
58.041667	0.5	7.847700
58.050000	0.5	7.841950
58.058333	0.5	7.851200
58.066667	0.5	7.846300
58.075000	0.5	7.840300
58.083333	0.5	7.843250
58.091667	0.5	7.846450
58.100000	0.5	7.844450
58.108333	0.5	7.848050
58.116667	0.5	7.842300
58.125000	0.5	7.845700
58.133333	0.5	7.843900
58.141667	0.5	7.838850
58.150000	0.5	7.845450
58.158333	0.5	7.838850
58.166667	0.5	7.839950
58.175000	0.5	7.837400
58.183333	0.5	7.837050
58.191667	0.5	7.836350
58.200000	0.5	7.850950
58.208333	0.5	7.839050
58.216667	0.5	7.845300
58.225000	0.5	7.833650
58.233333	0.5	7.834650
58.241667	0.5	7.831000
58.250000	0.5	7.833700
58.258333	0.5	7.834000
58.266667	0.5	7.831450
58.275000	0.5	7.843150
58.283333	0.5	7.842500
58.291667	0.5	7.839200
58.300000	0.5	7.842850
58.308333	0.5	7.843500
58.316667	0.5	7.843750
58.325000	0.5	7.840750
58.333333	0.5	7.839450
58.341667	0.5	7.844500
58.350000	0.5	7.837950
58.358333	0.5	7.839750
58.366667	0.5	7.835850
58.375000	0.5	7.841950
58.383333	0.5	7.836950
58.391667	0.5	7.842800
58.400000	0.5	7.843250
58.408333	0.5	7.844800
58.416667	0.5	7.839500
58.425000	0.5	7.843000
58.433333	0.5	7.842050
58.441667	0.5	7.840200
58.450000	0.5	7.843200
58.458333	0.5	7.843600
58.466667	0.5	7.841300
58.475000	0.5	7.845950
58.483333	0.5	7.840350
58.491667	0.5	7.847600
58.500000	0.5	7.852200
58.508333	0.5	7.841250
58.516667	0.5	7.843900
58.525000	0.5	7.844050
58.533333	0.5	7.854650
58.541667	0.5	7.840750
58.550000	0.5	7.840800
58.558333	0.5	7.843300
58.566667	0.5	7.845850
58.575000	0.5	7.841750
58.583333	0.5	7.844000
58.591667	0.5	7.842650
58.600000	0.5	7.847700
58.608333	0.5	7.844950
58.616667	0.5	7.843900
58.625000	0.5	7.849300
58.633333	0.5	7.848250
58.641667	0.5	7.849050
58.650000	0.5	7.852900
58.658333	0.5	7.856950
58.666667	0.5	7.852600
58.675000	0.5	7.853800
58.683333	0.5	7.858450
58.691667	0.5	7.852500
58.700000	0.5	7.852500
58.708333	0.5	7.849000
58.716667	0.5	7.849000
58.725000	0.5	7.848200
58.733333	0.5	7.849400
58.741667	0.5	7.846650
58.750000	0.5	7.849550
58.758333	0.5	7.853250
58.766667	0.5	7.848650
58.775000	0.5	7.849400
58.783333	0.5	7.849700
58.791667	0.5	7.846900
58.800000	0.5	7.843350
58.808333	0.5	7.856200
58.816667	0.5	7.847100
58.825000	0.5	7.845800
58.833333	0.5	7.846800
58.841667	0.5	7.853950
58.850000	0.5	7.846100
58.858333	0.5	7.847550
58.866667	0.5	7.851900
58.875000	0.5	7.850500
58.883333	0.5	7.852700
58.891667	0.5	7.849850
58.900000	0.5	7.852300
58.908333	0.5	7.849550
58.916667	0.5	7.856000
58.925000	0.5	7.856200
58.933333	0.5	7.845350
58.941667	0.5	7.852800
58.950000	0.5	7.858300
58.958333	0.5	7.854450
58.966667	0.5	7.854950
58.975000	0.5	7.856550
58.983333	0.5	7.856050
58.991667	0.5	7.854300
59.000000	0.5	7.850950
59.008333	0.5	7.857100
59.016667	0.5	7.857200
59.025000	0.5	7.851150
59.033333	0.5	7.884850
59.041667	0.5	7.857200
59.050000	0.5	7.860000
59.058333	0.5	7.865600
59.066667	0.5	7.865500
59.075000	0.5	7.866900
59.083333	0.5	7.864350
59.091667	0.5	7.862350
59.100000	0.5	7.860350
59.108333	0.5	7.862200
59.116667	0.5	7.859800
59.125000	0.5	7.861700
59.133333	0.5	7.866350
59.141667	0.5	7.864350
59.150000	0.5	7.861450
59.158333	0.5	7.868100
59.166667	0.5	7.865150
59.175000	0.5	7.862450
59.183333	0.5	7.865750
59.191667	0.5	7.869350
59.200000	0.5	7.868750
59.208333	0.5	7.867150
59.216667	0.5	7.865400
59.225000	0.5	7.862800
59.233333	0.5	7.867850
59.241667	0.5	7.870050
59.250000	0.5	7.868250
59.258333	0.5	7.872850
59.266667	0.5	7.875950
59.275000	0.5	7.872700
59.283333	0.5	7.871500
59.291667	0.5	7.873100
59.300000	0.5	7.866750
59.308333	0.5	7.862550
59.316667	0.5	7.870600
59.325000	0.5	7.874850
59.333333	0.5	7.873050
59.341667	0.5	7.871800
59.350000	0.5	7.874750
59.358333	0.5	7.873900
59.366667	0.5	7.877800
59.375000	0.5	7.872300
59.383333	0.5	7.872900
59.391667	0.5	7.873000
59.400000	0.5	7.873100
59.408333	0.5	7.874850
59.416667	0.5	7.880450
59.425000	0.5	7.874800
59.433333	0.5	7.877150
59.441667	0.5	7.875650
59.450000	0.5	7.877500
59.458333	0.5	7.880550
59.466667	0.5	7.878300
59.475000	0.5	7.873950
59.483333	0.5	7.878850
59.491667	0.5	7.876150
59.500000	0.5	7.881900
59.508333	0.5	7.878450
59.516667	0.5	7.878950
59.525000	0.5	7.879250
59.533333	0.5	7.877400
59.541667	0.5	7.885000
59.550000	0.5	7.881650
59.558333	0.5	7.883450
59.566667	0.5	7.886000
59.575000	0.5	7.880250
59.583333	0.5	7.874900
59.591667	0.5	7.875550
59.600000	0.5	7.876050
59.608333	0.5	7.877750
59.616667	0.5	7.881850
59.625000	0.5	7.884800
59.633333	0.5	7.878750
59.641667	0.5	7.886100
59.650000	0.5	7.882050
59.658333	0.5	7.879950
59.666667	0.5	7.895900
59.675000	0.5	7.879950
59.683333	0.5	7.879900
59.691667	0.5	7.881350
59.700000	0.5	7.881450
59.708333	0.5	7.886050
59.716667	0.5	7.881400
59.725000	0.5	7.885450
59.733333	0.5	7.885250
59.741667	0.5	7.888100
59.750000	0.5	7.884350
59.758333	0.5	7.890100
59.766667	0.5	7.884550
59.775000	0.5	7.883600
59.783333	0.5	7.886400
59.791667	0.5	7.885100
59.800000	0.5	7.887450
59.808333	0.5	7.889300
59.816667	0.5	7.885350
59.825000	0.5	7.889700
59.833333	0.5	7.887900
59.841667	0.5	7.894300
59.850000	0.5	7.889750
59.858333	0.5	7.893550
59.866667	0.5	7.888100
59.875000	0.5	7.888600
59.883333	0.5	7.888450
59.891667	0.5	7.888800
59.900000	0.5	7.890400
59.908333	0.5	7.884800
59.916667	0.5	7.896150
59.925000	0.5	7.895400
59.933333	0.5	7.889350
59.941667	0.5	7.888350
59.950000	0.5	7.889750
59.958333	0.5	7.888750
59.966667	0.5	7.891250
59.975000	0.5	7.888050
59.983333	0.5	7.893200
59.991667	0.5	7.890950
60.000000	0.5	7.889150
60.008333	0.5	7.882200
60.016667	0.5	7.890050
60.025000	0.5	7.895400
60.033333	0.5	7.893700
60.041667	0.5	7.889400
60.050000	0.5	7.881400
60.058333	0.5	7.883800
60.066667	0.5	7.880800
60.075000	0.5	7.879300
60.083333	0.5	7.886750
60.091667	0.5	7.886050
60.100000	0.5	7.884750
60.108333	0.5	7.889350
60.116667	0.5	7.884800
60.125000	0.5	7.895650
60.133333	0.5	7.886450
60.141667	0.5	7.879550
60.150000	0.5	7.886550
60.158333	0.5	7.890300
60.166667	0.5	7.884600
60.175000	0.5	7.887950
60.183333	0.5	7.890550
60.191667	0.5	7.882800
60.200000	0.5	7.891350
60.208333	0.5	7.893400
60.216667	0.5	7.887800
60.225000	0.5	7.893900
60.233333	0.5	7.891000
60.241667	0.5	7.891100
60.250000	0.5	7.887700
60.258333	0.5	7.888250
60.266667	0.5	7.884100
60.275000	0.5	7.889100
60.283333	0.5	7.889350
60.291667	0.5	7.897850
60.300000	0.5	7.887600
60.308333	0.5	7.890450
60.316667	0.5	7.894850
60.325000	0.5	7.897000
60.333333	0.5	7.896350
60.341667	0.5	7.893200
60.350000	0.5	7.896850
60.358333	0.5	7.889950
60.366667	0.5	7.899850
60.375000	0.5	7.895600
60.383333	0.5	7.894250
60.391667	0.5	7.897050
60.400000	0.5	7.903350
60.408333	0.5	7.898600
60.416667	0.5	7.902600
60.425000	0.5	7.903200
60.433333	0.5	7.907800
60.441667	0.5	7.908350
60.450000	0.5	7.910250
60.458333	0.5	7.906600
60.466667	0.5	7.901500
60.475000	0.5	7.907750
60.483333	0.5	7.907000
60.491667	0.5	7.904100
60.500000	0.5	7.908450
60.508333	0.5	7.913100
60.516667	0.5	7.912050
60.525000	0.5	7.915900
60.533333	0.5	7.919100
60.541667	0.5	7.915250
60.550000	0.5	7.915650
60.558333	0.5	7.918450
60.566667	0.5	7.903450
60.575000	0.5	7.917100
60.583333	0.5	7.907500
60.591667	0.5	7.912050
60.600000	0.5	7.921550
60.608333	0.5	7.914250
60.616667	0.5	7.912300
60.625000	0.5	7.921550
60.633333	0.5	7.919500
60.641667	0.5	7.918350
60.650000	0.5	7.916350
60.658333	0.5	7.916650
60.666667	0.5	7.922600
60.675000	0.5	7.923650
60.683333	0.5	7.922650
60.691667	0.5	7.927150
60.700000	0.5	7.926850
60.708333	0.5	7.926000
60.716667	0.5	7.924150
60.725000	0.5	7.922000
60.733333	0.5	7.926850
60.741667	0.5	7.924050
60.750000	0.5	7.925700
60.758333	0.5	7.926900
60.766667	0.5	7.927950
60.775000	0.5	7.928400
60.783333	0.5	7.928700
60.791667	0.5	7.937350
60.800000	0.5	7.935550
60.808333	0.5	7.939100
60.816667	0.5	7.939600
60.825000	0.5	7.930400
60.833333	0.5	7.938350
60.841667	0.5	7.933800
60.850000	0.5	7.934800
60.858333	0.5	7.944300
60.866667	0.5	7.947650
60.875000	0.5	7.946950
60.883333	0.5	7.950050
60.891667	0.5	7.943450
60.900000	0.5	7.948700
60.908333	0.5	7.947500
60.916667	0.5	7.954950
60.925000	0.5	7.952150
60.933333	0.5	7.951450
60.941667	0.5	7.954550
60.950000	0.5	7.958650
60.958333	0.5	7.958750
60.966667	0.5	7.959000
60.975000	0.5	7.961950
60.983333	0.5	7.965500
60.991667	0.5	7.974200
61.000000	0.5	7.969550
61.008333	0.5	7.973200
61.016667	0.5	7.981050
61.025000	0.5	7.973600
61.033333	0.5	7.977950
61.041667	0.5	7.979750
61.050000	0.5	7.987500
61.058333	0.5	7.984100
61.066667	0.5	7.984550
61.075000	0.5	7.987500
61.083333	0.5	7.992200
61.091667	0.5	7.989250
61.100000	0.5	7.986500
61.108333	0.5	7.991950
61.116667	0.5	7.993900
61.125000	0.5	7.991900
61.133333	0.5	7.998350
61.141667	0.5	7.999300
61.150000	0.5	7.994650
61.158333	0.5	7.996150
61.166667	0.5	7.995850
61.175000	0.5	8.001350
61.183333	0.5	7.999000
61.191667	0.5	7.999900
61.200000	0.5	7.994250
61.208333	0.5	7.994400
61.216667	0.5	8.005100
61.225000	0.5	7.998150
61.233333	0.5	7.991900
61.241667	0.5	7.992500
61.250000	0.5	7.992700
61.258333	0.5	7.989300
61.266667	0.5	7.997250
61.275000	0.5	7.992700
61.283333	0.5	7.986750
61.291667	0.5	7.990700
61.300000	0.5	7.982350
61.308333	0.5	7.979000
