URL	chrom://arspawyn4ahlab1/ChromeleonLocal/Instrument Data/ICS3000/2025_Feb 11.seq/881.smp/ED_1.channel/ED_1.chm
Channel	ED_1

Injection Information:
Data Vault	ChromeleonLocal
Sequence	2025_Feb 11
Name	1,1-Kestose tetraose 40 ug/mL
Number	23
Position	RC7
Comment	
Processing Method	Quantitative
Instrument Method	Neutral Oligosaccharides V ICS 3000
Type	Unknown
Status	Finished
Inject Time	2/13/2025 1:08:40 PM -05:00
Volume (µl)	25.0000
Dilution Factor	1.0000
Weight	1.0000

Chromatogram Data Information:
Time Min. (min)	0.000000
Time Max. (min)	40.016667
Data Points	4803
Detector	EDet1
Generating Data System	Chromeleon 7.3.0.60919
Exporting Data System	Chromeleon 7.3.0.0
Operator	Instrument Controller
Signal Quantity	
Signal Unit	nC
Signal Min.	-0.679950
Signal Max.	13.633050
Channel	ED_1
Driver Name	DC-3000
Channel Type	Evaluation
Min. Step (s)	0.5
Max. Step (s)	0.5
Average Step (s)	0.5

Signal Parameter Information:
Signal Info	

Chromatogram Data:
Time (min)	Step (s)	Value (nC)
0.000000	n.a.	0.014400
0.008333	0.5	0.024700
0.016667	0.5	0.024750
0.025000	0.5	0.020150
0.033333	0.5	0.023150
0.041667	0.5	0.018400
0.050000	0.5	0.008700
0.058333	0.5	0.001800
0.066667	0.5	-0.000550
0.075000	0.5	-0.003150
0.083333	0.5	-0.003600
0.091667	0.5	-0.003300
0.100000	0.5	-0.002350
0.108333	0.5	-0.000150
0.116667	0.5	0.001700
0.125000	0.5	0.005150
0.133333	0.5	0.007800
0.141667	0.5	0.001550
0.150000	0.5	-0.006000
0.158333	0.5	-0.008900
0.166667	0.5	-0.010450
0.175000	0.5	-0.011250
0.183333	0.5	-0.010100
0.191667	0.5	-0.008300
0.200000	0.5	-0.006900
0.208333	0.5	-0.004350
0.216667	0.5	-0.003950
0.225000	0.5	0.000450
0.233333	0.5	0.000250
0.241667	0.5	-0.007850
0.250000	0.5	-0.012300
0.258333	0.5	-0.014750
0.266667	0.5	-0.012450
0.275000	0.5	-0.013750
0.283333	0.5	-0.011550
0.291667	0.5	-0.011200
0.300000	0.5	-0.005800
0.308333	0.5	-0.006750
0.316667	0.5	-0.002200
0.325000	0.5	0.002700
0.333333	0.5	-0.004850
0.341667	0.5	-0.011100
0.350000	0.5	-0.013550
0.358333	0.5	-0.014050
0.366667	0.5	-0.014900
0.375000	0.5	-0.015150
0.383333	0.5	-0.011750
0.391667	0.5	-0.007150
0.400000	0.5	-0.004250
0.408333	0.5	-0.003400
0.416667	0.5	0.003350
0.425000	0.5	0.000250
0.433333	0.5	-0.007600
0.441667	0.5	-0.012600
0.450000	0.5	-0.015850
0.458333	0.5	-0.016800
0.466667	0.5	-0.016100
0.475000	0.5	-0.014000
0.483333	0.5	-0.011300
0.491667	0.5	-0.008400
0.500000	0.5	-0.009100
0.508333	0.5	-0.005000
0.516667	0.5	-0.002100
0.525000	0.5	-0.008400
0.533333	0.5	-0.014600
0.541667	0.5	-0.016200
0.550000	0.5	-0.018750
0.558333	0.5	-0.019850
0.566667	0.5	-0.018900
0.575000	0.5	-0.016300
0.583333	0.5	-0.012500
0.591667	0.5	-0.009500
0.600000	0.5	-0.008850
0.608333	0.5	-0.004150
0.616667	0.5	-0.009100
0.625000	0.5	-0.016500
0.633333	0.5	-0.020650
0.641667	0.5	-0.022400
0.650000	0.5	-0.022600
0.658333	0.5	-0.023850
0.666667	0.5	-0.022350
0.675000	0.5	-0.020250
0.683333	0.5	-0.018000
0.691667	0.5	-0.015500
0.700000	0.5	-0.011400
0.708333	0.5	-0.009150
0.716667	0.5	-0.015550
0.725000	0.5	-0.023300
0.733333	0.5	-0.024800
0.741667	0.5	-0.026200
0.750000	0.5	-0.026050
0.758333	0.5	-0.025300
0.766667	0.5	-0.024650
0.775000	0.5	-0.023550
0.783333	0.5	-0.019150
0.791667	0.5	-0.018550
0.800000	0.5	-0.012200
0.808333	0.5	-0.014000
0.816667	0.5	-0.020350
0.825000	0.5	-0.026350
0.833333	0.5	-0.027600
0.841667	0.5	-0.027350
0.850000	0.5	-0.028100
0.858333	0.5	-0.023650
0.866667	0.5	-0.021700
0.875000	0.5	-0.016250
0.883333	0.5	-0.016400
0.891667	0.5	-0.011900
0.900000	0.5	-0.009700
0.908333	0.5	-0.015850
0.916667	0.5	-0.022200
0.925000	0.5	-0.023950
0.933333	0.5	-0.026100
0.941667	0.5	-0.025850
0.950000	0.5	-0.024850
0.958333	0.5	-0.022000
0.966667	0.5	-0.020300
0.975000	0.5	-0.018650
0.983333	0.5	-0.016550
0.991667	0.5	-0.009050
1.000000	0.5	-0.013050
1.008333	0.5	-0.020100
1.016667	0.5	-0.025600
1.025000	0.5	-0.027350
1.033333	0.5	-0.028000
1.041667	0.5	-0.026650
1.050000	0.5	-0.026250
1.058333	0.5	-0.023900
1.066667	0.5	-0.017050
1.075000	0.5	-0.015200
1.083333	0.5	-0.013350
1.091667	0.5	-0.010750
1.100000	0.5	-0.016500
1.108333	0.5	-0.022050
1.116667	0.5	-0.022450
1.125000	0.5	-0.024600
1.133333	0.5	-0.024800
1.141667	0.5	-0.023400
1.150000	0.5	-0.021450
1.158333	0.5	-0.016250
1.166667	0.5	-0.013350
1.175000	0.5	-0.011900
1.183333	0.5	-0.005800
1.191667	0.5	-0.009250
1.200000	0.5	-0.016600
1.208333	0.5	-0.019300
1.216667	0.5	-0.021250
1.225000	0.5	-0.020550
1.233333	0.5	-0.019900
1.241667	0.5	-0.018600
1.250000	0.5	-0.016000
1.258333	0.5	-0.011900
1.266667	0.5	-0.009200
1.275000	0.5	-0.004050
1.283333	0.5	-0.001000
1.291667	0.5	-0.006050
1.300000	0.5	-0.013200
1.308333	0.5	-0.015700
1.316667	0.5	-0.016450
1.325000	0.5	-0.017200
1.333333	0.5	-0.014550
1.341667	0.5	-0.009550
1.350000	0.5	-0.006150
1.358333	0.5	-0.002450
1.366667	0.5	0.002200
1.375000	0.5	0.006200
1.383333	0.5	0.003900
1.391667	0.5	-0.002500
1.400000	0.5	-0.004850
1.408333	0.5	-0.005650
1.416667	0.5	-0.007100
1.425000	0.5	-0.005000
1.433333	0.5	-0.003950
1.441667	0.5	-0.000700
1.450000	0.5	0.007100
1.458333	0.5	0.007500
1.466667	0.5	0.013350
1.475000	0.5	0.016850
1.483333	0.5	0.012000
1.491667	0.5	0.006400
1.500000	0.5	0.004650
1.508333	0.5	0.004950
1.516667	0.5	0.005950
1.525000	0.5	0.008100
1.533333	0.5	0.010300
1.541667	0.5	0.015550
1.550000	0.5	0.019350
1.558333	0.5	0.022050
1.566667	0.5	0.030500
1.575000	0.5	0.029250
1.583333	0.5	0.024450
1.591667	0.5	0.020450
1.600000	0.5	0.020000
1.608333	0.5	0.021550
1.616667	0.5	0.024900
1.625000	0.5	0.026300
1.633333	0.5	0.030700
1.641667	0.5	0.036850
1.650000	0.5	0.040600
1.658333	0.5	0.047100
1.666667	0.5	0.052000
1.675000	0.5	0.048650
1.683333	0.5	0.045850
1.691667	0.5	0.039950
1.700000	0.5	0.026850
1.708333	0.5	-0.007900
1.716667	0.5	-0.083850
1.725000	0.5	-0.207750
1.733333	0.5	-0.361900
1.741667	0.5	-0.523650
1.750000	0.5	-0.640700
1.758333	0.5	-0.679950
1.766667	0.5	-0.661100
1.775000	0.5	-0.613000
1.783333	0.5	-0.557800
1.791667	0.5	-0.502400
1.800000	0.5	-0.441150
1.808333	0.5	-0.380700
1.816667	0.5	-0.317600
1.825000	0.5	-0.261000
1.833333	0.5	-0.208050
1.841667	0.5	-0.169350
1.850000	0.5	-0.133450
1.858333	0.5	-0.103250
1.866667	0.5	-0.083450
1.875000	0.5	-0.068250
1.883333	0.5	-0.050250
1.891667	0.5	-0.032050
1.900000	0.5	-0.014700
1.908333	0.5	0.003150
1.916667	0.5	0.020600
1.925000	0.5	0.037150
1.933333	0.5	0.052000
1.941667	0.5	0.065950
1.950000	0.5	0.083500
1.958333	0.5	0.093000
1.966667	0.5	0.096300
1.975000	0.5	0.101700
1.983333	0.5	0.111250
1.991667	0.5	0.122050
2.000000	0.5	0.133850
2.008333	0.5	0.145200
2.016667	0.5	0.158050
2.025000	0.5	0.171300
2.033333	0.5	0.180300
2.041667	0.5	0.195150
2.050000	0.5	0.207000
2.058333	0.5	0.207300
2.066667	0.5	0.207500
2.075000	0.5	0.214100
2.083333	0.5	0.220050
2.091667	0.5	0.226100
2.100000	0.5	0.234550
2.108333	0.5	0.242950
2.116667	0.5	0.255050
2.125000	0.5	0.264950
2.133333	0.5	0.272850
2.141667	0.5	0.286750
2.150000	0.5	0.289900
2.158333	0.5	0.291100
2.166667	0.5	0.293300
2.175000	0.5	0.301950
2.183333	0.5	0.308600
2.191667	0.5	0.318700
2.200000	0.5	0.328500
2.208333	0.5	0.340650
2.216667	0.5	0.352900
2.225000	0.5	0.363250
2.233333	0.5	0.378300
2.241667	0.5	0.389200
2.250000	0.5	0.394250
2.258333	0.5	0.403000
2.266667	0.5	0.417200
2.275000	0.5	0.431250
2.283333	0.5	0.446350
2.291667	0.5	0.461850
2.300000	0.5	0.474850
2.308333	0.5	0.488000
2.316667	0.5	0.498600
2.325000	0.5	0.505150
2.333333	0.5	0.515650
2.341667	0.5	0.516700
2.350000	0.5	0.511450
2.358333	0.5	0.515650
2.366667	0.5	0.519250
2.375000	0.5	0.523700
2.383333	0.5	0.530650
2.391667	0.5	0.542000
2.400000	0.5	0.550100
2.408333	0.5	0.560350
2.416667	0.5	0.571150
2.425000	0.5	0.586600
2.433333	0.5	0.594600
2.441667	0.5	0.595900
2.450000	0.5	0.600450
2.458333	0.5	0.610350
2.466667	0.5	0.614200
2.475000	0.5	0.623450
2.483333	0.5	0.632600
2.491667	0.5	0.644750
2.500000	0.5	0.658950
2.508333	0.5	0.668100
2.516667	0.5	0.679900
2.525000	0.5	0.693900
2.533333	0.5	0.703300
2.541667	0.5	0.705800
2.550000	0.5	0.706250
2.558333	0.5	0.717850
2.566667	0.5	0.723700
2.575000	0.5	0.734100
2.583333	0.5	0.743150
2.591667	0.5	0.754950
2.600000	0.5	0.770450
2.608333	0.5	0.778550
2.616667	0.5	0.796700
2.625000	0.5	0.811050
2.633333	0.5	0.807900
2.641667	0.5	0.813800
2.650000	0.5	0.821800
2.658333	0.5	0.831600
2.666667	0.5	0.843500
2.675000	0.5	0.852150
2.683333	0.5	0.865850
2.691667	0.5	0.879950
2.700000	0.5	0.889600
2.708333	0.5	0.902250
2.716667	0.5	0.917200
2.725000	0.5	0.922450
2.733333	0.5	0.923250
2.741667	0.5	0.931450
2.750000	0.5	0.938400
2.758333	0.5	0.945600
2.766667	0.5	0.957400
2.775000	0.5	0.969100
2.783333	0.5	0.979800
2.791667	0.5	0.992650
2.800000	0.5	1.003450
2.808333	0.5	1.016500
2.816667	0.5	1.025850
2.825000	0.5	1.029500
2.833333	0.5	1.033450
2.841667	0.5	1.044100
2.850000	0.5	1.058500
2.858333	0.5	1.076850
2.866667	0.5	1.102800
2.875000	0.5	1.137750
2.883333	0.5	1.180800
2.891667	0.5	1.227150
2.900000	0.5	1.269750
2.908333	0.5	1.315550
2.916667	0.5	1.345800
2.925000	0.5	1.367550
2.933333	0.5	1.383500
2.941667	0.5	1.391600
2.950000	0.5	1.390800
2.958333	0.5	1.390400
2.966667	0.5	1.382750
2.975000	0.5	1.375400
2.983333	0.5	1.370900
2.991667	0.5	1.360500
3.000000	0.5	1.356500
3.008333	0.5	1.348800
3.016667	0.5	1.337350
3.025000	0.5	1.324850
3.033333	0.5	1.320500
3.041667	0.5	1.315150
3.050000	0.5	1.313250
3.058333	0.5	1.314300
3.066667	0.5	1.317450
3.075000	0.5	1.323500
3.083333	0.5	1.325700
3.091667	0.5	1.329500
3.100000	0.5	1.336000
3.108333	0.5	1.334500
3.116667	0.5	1.330250
3.125000	0.5	1.327850
3.133333	0.5	1.329600
3.141667	0.5	1.333200
3.150000	0.5	1.335450
3.158333	0.5	1.339100
3.166667	0.5	1.345200
3.175000	0.5	1.351150
3.183333	0.5	1.352450
3.191667	0.5	1.362850
3.200000	0.5	1.367150
3.208333	0.5	1.364700
3.216667	0.5	1.362600
3.225000	0.5	1.362450
3.233333	0.5	1.366100
3.241667	0.5	1.369150
3.250000	0.5	1.373150
3.258333	0.5	1.379950
3.266667	0.5	1.387300
3.275000	0.5	1.393300
3.283333	0.5	1.399050
3.291667	0.5	1.405350
3.300000	0.5	1.403900
3.308333	0.5	1.399800
3.316667	0.5	1.401150
3.325000	0.5	1.402550
3.333333	0.5	1.406000
3.341667	0.5	1.409450
3.350000	0.5	1.416100
3.358333	0.5	1.422600
3.366667	0.5	1.431050
3.375000	0.5	1.434150
3.383333	0.5	1.442100
3.391667	0.5	1.445100
3.400000	0.5	1.441250
3.408333	0.5	1.438050
3.416667	0.5	1.439300
3.425000	0.5	1.440900
3.433333	0.5	1.444750
3.441667	0.5	1.447950
3.450000	0.5	1.452800
3.458333	0.5	1.460250
3.466667	0.5	1.464750
3.475000	0.5	1.468250
3.483333	0.5	1.475300
3.491667	0.5	1.472350
3.500000	0.5	1.467150
3.508333	0.5	1.467250
3.516667	0.5	1.466100
3.525000	0.5	1.468900
3.533333	0.5	1.472650
3.541667	0.5	1.474800
3.550000	0.5	1.480000
3.558333	0.5	1.484500
3.566667	0.5	1.485400
3.575000	0.5	1.491450
3.583333	0.5	1.491500
3.591667	0.5	1.485800
3.600000	0.5	1.481850
3.608333	0.5	1.481200
3.616667	0.5	1.481950
3.625000	0.5	1.484800
3.633333	0.5	1.486900
3.641667	0.5	1.488100
3.650000	0.5	1.493350
3.658333	0.5	1.497700
3.666667	0.5	1.497700
3.675000	0.5	1.504950
3.683333	0.5	1.500250
3.691667	0.5	1.495000
3.700000	0.5	1.489800
3.708333	0.5	1.489400
3.716667	0.5	1.490200
3.725000	0.5	1.491950
3.733333	0.5	1.494600
3.741667	0.5	1.498200
3.750000	0.5	1.501500
3.758333	0.5	1.503700
3.766667	0.5	1.506000
3.775000	0.5	1.508100
3.783333	0.5	1.502900
3.791667	0.5	1.496750
3.800000	0.5	1.495900
3.808333	0.5	1.496600
3.816667	0.5	1.495050
3.825000	0.5	1.496800
3.833333	0.5	1.500800
3.841667	0.5	1.504050
3.850000	0.5	1.507100
3.858333	0.5	1.508900
3.866667	0.5	1.512600
3.875000	0.5	1.507850
3.883333	0.5	1.500650
3.891667	0.5	1.497050
3.900000	0.5	1.497200
3.908333	0.5	1.495450
3.916667	0.5	1.496800
3.925000	0.5	1.499600
3.933333	0.5	1.500350
3.941667	0.5	1.505200
3.950000	0.5	1.503600
3.958333	0.5	1.510700
3.966667	0.5	1.509150
3.975000	0.5	1.503450
3.983333	0.5	1.498250
3.991667	0.5	1.495350
4.000000	0.5	1.492900
4.008333	0.5	1.493950
4.016667	0.5	1.495550
4.025000	0.5	1.499150
4.033333	0.5	1.504700
4.041667	0.5	1.505800
4.050000	0.5	1.507550
4.058333	0.5	1.511800
4.066667	0.5	1.508750
4.075000	0.5	1.500950
4.083333	0.5	1.497950
4.091667	0.5	1.497750
4.100000	0.5	1.497650
4.108333	0.5	1.498100
4.116667	0.5	1.499850
4.125000	0.5	1.502300
4.133333	0.5	1.505000
4.141667	0.5	1.506850
4.150000	0.5	1.510400
4.158333	0.5	1.510650
4.166667	0.5	1.504800
4.175000	0.5	1.500200
4.183333	0.5	1.499050
4.191667	0.5	1.497300
4.200000	0.5	1.497800
4.208333	0.5	1.498850
4.216667	0.5	1.500350
4.225000	0.5	1.504950
4.233333	0.5	1.508600
4.241667	0.5	1.509100
4.250000	0.5	1.513500
4.258333	0.5	1.507900
4.266667	0.5	1.501600
4.275000	0.5	1.495800
4.283333	0.5	1.496050
4.291667	0.5	1.495500
4.300000	0.5	1.497350
4.308333	0.5	1.498000
4.316667	0.5	1.499800
4.325000	0.5	1.502700
4.333333	0.5	1.504100
4.341667	0.5	1.510100
4.350000	0.5	1.509050
4.358333	0.5	1.502500
4.366667	0.5	1.498550
4.375000	0.5	1.495500
4.383333	0.5	1.495200
4.391667	0.5	1.495750
4.400000	0.5	1.496700
4.408333	0.5	1.497600
4.416667	0.5	1.502900
4.425000	0.5	1.504900
4.433333	0.5	1.506400
4.441667	0.5	1.512200
4.450000	0.5	1.504450
4.458333	0.5	1.499100
4.466667	0.5	1.494400
4.475000	0.5	1.493350
4.483333	0.5	1.493700
4.491667	0.5	1.493350
4.500000	0.5	1.494300
4.508333	0.5	1.500250
4.516667	0.5	1.503950
4.525000	0.5	1.504550
4.533333	0.5	1.508500
4.541667	0.5	1.507450
4.550000	0.5	1.500450
4.558333	0.5	1.495000
4.566667	0.5	1.494500
4.575000	0.5	1.493750
4.583333	0.5	1.491850
4.591667	0.5	1.495450
4.600000	0.5	1.495400
4.608333	0.5	1.499550
4.616667	0.5	1.502200
4.625000	0.5	1.504850
4.633333	0.5	1.508900
4.641667	0.5	1.502100
4.650000	0.5	1.496650
4.658333	0.5	1.490800
4.666667	0.5	1.491250
4.675000	0.5	1.492150
4.683333	0.5	1.491300
4.691667	0.5	1.492650
4.700000	0.5	1.496400
4.708333	0.5	1.499250
4.716667	0.5	1.500900
4.725000	0.5	1.506300
4.733333	0.5	1.504800
4.741667	0.5	1.498250
4.750000	0.5	1.495950
4.758333	0.5	1.493000
4.766667	0.5	1.491850
4.775000	0.5	1.493550
4.783333	0.5	1.495100
4.791667	0.5	1.497100
4.800000	0.5	1.501650
4.808333	0.5	1.505500
4.816667	0.5	1.509500
4.825000	0.5	1.511900
4.833333	0.5	1.506800
4.841667	0.5	1.502650
4.850000	0.5	1.498500
4.858333	0.5	1.497650
4.866667	0.5	1.498500
4.875000	0.5	1.499500
4.883333	0.5	1.501350
4.891667	0.5	1.505650
4.900000	0.5	1.507300
4.908333	0.5	1.508250
4.916667	0.5	1.514750
4.925000	0.5	1.514850
4.933333	0.5	1.506900
4.941667	0.5	1.501050
4.950000	0.5	1.502000
4.958333	0.5	1.502700
4.966667	0.5	1.502550
4.975000	0.5	1.505650
4.983333	0.5	1.508400
4.991667	0.5	1.511250
5.000000	0.5	1.515200
5.008333	0.5	1.518200
5.016667	0.5	1.523300
5.025000	0.5	1.518500
5.033333	0.5	1.513350
5.041667	0.5	1.511050
5.050000	0.5	1.510150
5.058333	0.5	1.511100
5.066667	0.5	1.511950
5.075000	0.5	1.513950
5.083333	0.5	1.517150
5.091667	0.5	1.522350
5.100000	0.5	1.524100
5.108333	0.5	1.530750
5.116667	0.5	1.529750
5.125000	0.5	1.525050
5.133333	0.5	1.520750
5.141667	0.5	1.521550
5.150000	0.5	1.519850
5.158333	0.5	1.521100
5.166667	0.5	1.522900
5.175000	0.5	1.525950
5.183333	0.5	1.532450
5.191667	0.5	1.534850
5.200000	0.5	1.537850
5.208333	0.5	1.539650
5.216667	0.5	1.535950
5.225000	0.5	1.528950
5.233333	0.5	1.526250
5.241667	0.5	1.525950
5.250000	0.5	1.525500
5.258333	0.5	1.528450
5.266667	0.5	1.529400
5.275000	0.5	1.532700
5.283333	0.5	1.537500
5.291667	0.5	1.537800
5.300000	0.5	1.545100
5.308333	0.5	1.543100
5.316667	0.5	1.537600
5.325000	0.5	1.533450
5.333333	0.5	1.531300
5.341667	0.5	1.530900
5.350000	0.5	1.531200
5.358333	0.5	1.532900
5.366667	0.5	1.536650
5.375000	0.5	1.540900
5.383333	0.5	1.543550
5.391667	0.5	1.545800
5.400000	0.5	1.550550
5.408333	0.5	1.544450
5.416667	0.5	1.538650
5.425000	0.5	1.536850
5.433333	0.5	1.536700
5.441667	0.5	1.537500
5.450000	0.5	1.537350
5.458333	0.5	1.538650
5.466667	0.5	1.542250
5.475000	0.5	1.548700
5.483333	0.5	1.549700
5.491667	0.5	1.555150
5.500000	0.5	1.554250
5.508333	0.5	1.549000
5.516667	0.5	1.544200
5.525000	0.5	1.542600
5.533333	0.5	1.540050
5.541667	0.5	1.542450
5.550000	0.5	1.543150
5.558333	0.5	1.547050
5.566667	0.5	1.550600
5.575000	0.5	1.553000
5.583333	0.5	1.557350
5.591667	0.5	1.559150
5.600000	0.5	1.555100
5.608333	0.5	1.548550
5.616667	0.5	1.547850
5.625000	0.5	1.545750
5.633333	0.5	1.546950
5.641667	0.5	1.547650
5.650000	0.5	1.549850
5.658333	0.5	1.555550
5.666667	0.5	1.559450
5.675000	0.5	1.560050
5.683333	0.5	1.567450
5.691667	0.5	1.566500
5.700000	0.5	1.559650
5.708333	0.5	1.557450
5.716667	0.5	1.554800
5.725000	0.5	1.552200
5.733333	0.5	1.555450
5.741667	0.5	1.557600
5.750000	0.5	1.561000
5.758333	0.5	1.565300
5.766667	0.5	1.568000
5.775000	0.5	1.571400
5.783333	0.5	1.575050
5.791667	0.5	1.570250
5.800000	0.5	1.564050
5.808333	0.5	1.562450
5.816667	0.5	1.562050
5.825000	0.5	1.562200
5.833333	0.5	1.564500
5.841667	0.5	1.566150
5.850000	0.5	1.569250
5.858333	0.5	1.573050
5.866667	0.5	1.573700
5.875000	0.5	1.579650
5.883333	0.5	1.579050
5.891667	0.5	1.573850
5.900000	0.5	1.567550
5.908333	0.5	1.566400
5.916667	0.5	1.565100
5.925000	0.5	1.567600
5.933333	0.5	1.568800
5.941667	0.5	1.572300
5.950000	0.5	1.577300
5.958333	0.5	1.579800
5.966667	0.5	1.582700
5.975000	0.5	1.586250
5.983333	0.5	1.581350
5.991667	0.5	1.574550
6.000000	0.5	1.572400
6.008333	0.5	1.571750
6.016667	0.5	1.571850
6.025000	0.5	1.573900
6.033333	0.5	1.576850
6.041667	0.5	1.580750
6.050000	0.5	1.582950
6.058333	0.5	1.583600
6.066667	0.5	1.590700
6.075000	0.5	1.589150
6.083333	0.5	1.583750
6.091667	0.5	1.578950
6.100000	0.5	1.579400
6.108333	0.5	1.581800
6.116667	0.5	1.582150
6.125000	0.5	1.581900
6.133333	0.5	1.585800
6.141667	0.5	1.591250
6.150000	0.5	1.593000
6.158333	0.5	1.596050
6.166667	0.5	1.598900
6.175000	0.5	1.594900
6.183333	0.5	1.588700
6.191667	0.5	1.586950
6.200000	0.5	1.584600
6.208333	0.5	1.588000
6.216667	0.5	1.587250
6.225000	0.5	1.590300
6.233333	0.5	1.594750
6.241667	0.5	1.598600
6.250000	0.5	1.599200
6.258333	0.5	1.604500
6.266667	0.5	1.601250
6.275000	0.5	1.595150
6.283333	0.5	1.590800
6.291667	0.5	1.590250
6.300000	0.5	1.590850
6.308333	0.5	1.590600
6.316667	0.5	1.593600
6.325000	0.5	1.596500
6.333333	0.5	1.600650
6.341667	0.5	1.603200
6.350000	0.5	1.605450
6.358333	0.5	1.609800
6.366667	0.5	1.604650
6.375000	0.5	1.599600
6.383333	0.5	1.596800
6.391667	0.5	1.595950
6.400000	0.5	1.597250
6.408333	0.5	1.598550
6.416667	0.5	1.599000
6.425000	0.5	1.603150
6.433333	0.5	1.608150
6.441667	0.5	1.609900
6.450000	0.5	1.615900
6.458333	0.5	1.614400
6.466667	0.5	1.608750
6.475000	0.5	1.606550
6.483333	0.5	1.603400
6.491667	0.5	1.603550
6.500000	0.5	1.604000
6.508333	0.5	1.606800
6.516667	0.5	1.609100
6.525000	0.5	1.612650
6.533333	0.5	1.615750
6.541667	0.5	1.619850
6.550000	0.5	1.623700
6.558333	0.5	1.619000
6.566667	0.5	1.613100
6.575000	0.5	1.611500
6.583333	0.5	1.611800
6.591667	0.5	1.612750
6.600000	0.5	1.613050
6.608333	0.5	1.614450
6.616667	0.5	1.620700
6.625000	0.5	1.622000
6.633333	0.5	1.623650
6.641667	0.5	1.630750
6.650000	0.5	1.628750
6.658333	0.5	1.622600
6.666667	0.5	1.619950
6.675000	0.5	1.618150
6.683333	0.5	1.618000
6.691667	0.5	1.618100
6.700000	0.5	1.620000
6.708333	0.5	1.625400
6.716667	0.5	1.629900
6.725000	0.5	1.630800
6.733333	0.5	1.636000
6.741667	0.5	1.640000
6.750000	0.5	1.635700
6.758333	0.5	1.629100
6.766667	0.5	1.626450
6.775000	0.5	1.628200
6.783333	0.5	1.628500
6.791667	0.5	1.629650
6.800000	0.5	1.631800
6.808333	0.5	1.634850
6.816667	0.5	1.638750
6.825000	0.5	1.639800
6.833333	0.5	1.645000
6.841667	0.5	1.645250
6.850000	0.5	1.639100
6.858333	0.5	1.636850
6.866667	0.5	1.634250
6.875000	0.5	1.633550
6.883333	0.5	1.635450
6.891667	0.5	1.637600
6.900000	0.5	1.641100
6.908333	0.5	1.646000
6.916667	0.5	1.647900
6.925000	0.5	1.651300
6.933333	0.5	1.653950
6.941667	0.5	1.648500
6.950000	0.5	1.643900
6.958333	0.5	1.641750
6.966667	0.5	1.640850
6.975000	0.5	1.642850
6.983333	0.5	1.643500
6.991667	0.5	1.645550
7.000000	0.5	1.649950
7.008333	0.5	1.652450
7.016667	0.5	1.653950
7.025000	0.5	1.662600
7.033333	0.5	1.661400
7.041667	0.5	1.654800
7.050000	0.5	1.651300
7.058333	0.5	1.652000
7.066667	0.5	1.649150
7.075000	0.5	1.650500
7.083333	0.5	1.653900
7.091667	0.5	1.657800
7.100000	0.5	1.662900
7.108333	0.5	1.663000
7.116667	0.5	1.667800
7.125000	0.5	1.671350
7.133333	0.5	1.665650
7.141667	0.5	1.661000
7.150000	0.5	1.658550
7.158333	0.5	1.658350
7.166667	0.5	1.658500
7.175000	0.5	1.660350
7.183333	0.5	1.662300
7.191667	0.5	1.667150
7.200000	0.5	1.669100
7.208333	0.5	1.671700
7.216667	0.5	1.677700
7.225000	0.5	1.675600
7.233333	0.5	1.671350
7.241667	0.5	1.667300
7.250000	0.5	1.667300
7.258333	0.5	1.665050
7.266667	0.5	1.666300
7.275000	0.5	1.665500
7.283333	0.5	1.669950
7.291667	0.5	1.675700
7.300000	0.5	1.677500
7.308333	0.5	1.682250
7.316667	0.5	1.683800
7.325000	0.5	1.679250
7.333333	0.5	1.675150
7.341667	0.5	1.672550
7.350000	0.5	1.672500
7.358333	0.5	1.672550
7.366667	0.5	1.673550
7.375000	0.5	1.675350
7.383333	0.5	1.682800
7.391667	0.5	1.684900
7.400000	0.5	1.686750
7.408333	0.5	1.692850
7.416667	0.5	1.690800
7.425000	0.5	1.685450
7.433333	0.5	1.681600
7.441667	0.5	1.680500
7.450000	0.5	1.679750
7.458333	0.5	1.680650
7.466667	0.5	1.682450
7.475000	0.5	1.686150
7.483333	0.5	1.690750
7.491667	0.5	1.695250
7.500000	0.5	1.699700
7.508333	0.5	1.704450
7.516667	0.5	1.698700
7.525000	0.5	1.694350
7.533333	0.5	1.694050
7.541667	0.5	1.694700
7.550000	0.5	1.694550
7.558333	0.5	1.697450
7.566667	0.5	1.703550
7.575000	0.5	1.710600
7.583333	0.5	1.716650
7.591667	0.5	1.718450
7.600000	0.5	1.724450
7.608333	0.5	1.723350
7.616667	0.5	1.720550
7.625000	0.5	1.716100
7.633333	0.5	1.717700
7.641667	0.5	1.721200
7.650000	0.5	1.726400
7.658333	0.5	1.729900
7.666667	0.5	1.737000
7.675000	0.5	1.743750
7.683333	0.5	1.749300
7.691667	0.5	1.753800
7.700000	0.5	1.762200
7.708333	0.5	1.760500
7.716667	0.5	1.756150
7.725000	0.5	1.759100
7.733333	0.5	1.759350
7.741667	0.5	1.762850
7.750000	0.5	1.768300
7.758333	0.5	1.774750
7.766667	0.5	1.782250
7.775000	0.5	1.787300
7.783333	0.5	1.792550
7.791667	0.5	1.802200
7.800000	0.5	1.803350
7.808333	0.5	1.801500
7.816667	0.5	1.803600
7.825000	0.5	1.805000
7.833333	0.5	1.809700
7.841667	0.5	1.813450
7.850000	0.5	1.820100
7.858333	0.5	1.826700
7.866667	0.5	1.834500
7.875000	0.5	1.838150
7.883333	0.5	1.846450
7.891667	0.5	1.853500
7.900000	0.5	1.852300
7.908333	0.5	1.850050
7.916667	0.5	1.852750
7.925000	0.5	1.855850
7.933333	0.5	1.859800
7.941667	0.5	1.865350
7.950000	0.5	1.872850
7.958333	0.5	1.879300
7.966667	0.5	1.887350
7.975000	0.5	1.893400
7.983333	0.5	1.902650
7.991667	0.5	1.905400
8.000000	0.5	1.903950
8.008333	0.5	1.903700
8.016667	0.5	1.909000
8.025000	0.5	1.913000
8.033333	0.5	1.919350
8.041667	0.5	1.923450
8.050000	0.5	1.932650
8.058333	0.5	1.942450
8.066667	0.5	1.948700
8.075000	0.5	1.956700
8.083333	0.5	1.966300
8.091667	0.5	1.968350
8.100000	0.5	1.965650
8.108333	0.5	1.968700
8.116667	0.5	1.974250
8.125000	0.5	1.982200
8.133333	0.5	1.988750
8.141667	0.5	1.996550
8.150000	0.5	2.006400
8.158333	0.5	2.014550
8.166667	0.5	2.022450
8.175000	0.5	2.035100
8.183333	0.5	2.037600
8.191667	0.5	2.035250
8.200000	0.5	2.037500
8.208333	0.5	2.041150
8.216667	0.5	2.048250
8.225000	0.5	2.054050
8.233333	0.5	2.062150
8.241667	0.5	2.070800
8.250000	0.5	2.080550
8.258333	0.5	2.087800
8.266667	0.5	2.096700
8.275000	0.5	2.104200
8.283333	0.5	2.103700
8.291667	0.5	2.104600
8.300000	0.5	2.107450
8.308333	0.5	2.114250
8.316667	0.5	2.119000
8.325000	0.5	2.125300
8.333333	0.5	2.133650
8.341667	0.5	2.140900
8.350000	0.5	2.147800
8.358333	0.5	2.156200
8.366667	0.5	2.166700
8.375000	0.5	2.167350
8.383333	0.5	2.166950
8.391667	0.5	2.169350
8.400000	0.5	2.172400
8.408333	0.5	2.177800
8.416667	0.5	2.185750
8.425000	0.5	2.189450
8.433333	0.5	2.198700
8.441667	0.5	2.209550
8.450000	0.5	2.214700
8.458333	0.5	2.223700
8.466667	0.5	2.228500
8.475000	0.5	2.229150
8.483333	0.5	2.229500
8.491667	0.5	2.233400
8.500000	0.5	2.237950
8.508333	0.5	2.242450
8.516667	0.5	2.251000
8.525000	0.5	2.259250
8.533333	0.5	2.263300
8.541667	0.5	2.273650
8.550000	0.5	2.278150
8.558333	0.5	2.287050
8.566667	0.5	2.289150
8.575000	0.5	2.288900
8.583333	0.5	2.289650
8.591667	0.5	2.294450
8.600000	0.5	2.298200
8.608333	0.5	2.303550
8.616667	0.5	2.311250
8.625000	0.5	2.319300
8.633333	0.5	2.330250
8.641667	0.5	2.334350
8.650000	0.5	2.345250
8.658333	0.5	2.352650
8.666667	0.5	2.353000
8.675000	0.5	2.351850
8.683333	0.5	2.355500
8.691667	0.5	2.361850
8.700000	0.5	2.367000
8.708333	0.5	2.374200
8.716667	0.5	2.381350
8.725000	0.5	2.390900
8.733333	0.5	2.399200
8.741667	0.5	2.408500
8.750000	0.5	2.419250
8.758333	0.5	2.422050
8.766667	0.5	2.420800
8.775000	0.5	2.422050
8.783333	0.5	2.428950
8.791667	0.5	2.435200
8.800000	0.5	2.441500
8.808333	0.5	2.448750
8.816667	0.5	2.458350
8.825000	0.5	2.464800
8.833333	0.5	2.471650
8.841667	0.5	2.483650
8.850000	0.5	2.491400
8.858333	0.5	2.492050
8.866667	0.5	2.493000
8.875000	0.5	2.495000
8.883333	0.5	2.502650
8.891667	0.5	2.511300
8.900000	0.5	2.514800
8.908333	0.5	2.522850
8.916667	0.5	2.533400
8.925000	0.5	2.543950
8.933333	0.5	2.549450
8.941667	0.5	2.560350
8.950000	0.5	2.565650
8.958333	0.5	2.564600
8.966667	0.5	2.565550
8.975000	0.5	2.572950
8.983333	0.5	2.578300
8.991667	0.5	2.585450
9.000000	0.5	2.592150
9.008333	0.5	2.599700
9.016667	0.5	2.608900
9.025000	0.5	2.617650
9.033333	0.5	2.625200
9.041667	0.5	2.634950
9.050000	0.5	2.633800
9.058333	0.5	2.634650
9.066667	0.5	2.640000
9.075000	0.5	2.643350
9.083333	0.5	2.650550
9.091667	0.5	2.654550
9.100000	0.5	2.663150
9.108333	0.5	2.674300
9.116667	0.5	2.682900
9.125000	0.5	2.689600
9.133333	0.5	2.698850
9.141667	0.5	2.700600
9.150000	0.5	2.700650
9.158333	0.5	2.701200
9.166667	0.5	2.706050
9.175000	0.5	2.711350
9.183333	0.5	2.718450
9.191667	0.5	2.725200
9.200000	0.5	2.733550
9.208333	0.5	2.744200
9.216667	0.5	2.750800
9.225000	0.5	2.759500
9.233333	0.5	2.767550
9.241667	0.5	2.771650
9.250000	0.5	2.769800
9.258333	0.5	2.775500
9.266667	0.5	2.781700
9.275000	0.5	2.789200
9.283333	0.5	2.797000
9.291667	0.5	2.807100
9.300000	0.5	2.819600
9.308333	0.5	2.830850
9.316667	0.5	2.838600
9.325000	0.5	2.852250
9.333333	0.5	2.855950
9.341667	0.5	2.859600
9.350000	0.5	2.863250
9.358333	0.5	2.872050
9.366667	0.5	2.878750
9.375000	0.5	2.887800
9.383333	0.5	2.896900
9.391667	0.5	2.908300
9.400000	0.5	2.921850
9.408333	0.5	2.928400
9.416667	0.5	2.940400
9.425000	0.5	2.949150
9.433333	0.5	2.950500
9.441667	0.5	2.952000
9.450000	0.5	2.957100
9.458333	0.5	2.962900
9.466667	0.5	2.970200
9.475000	0.5	2.976650
9.483333	0.5	2.982250
9.491667	0.5	2.989700
9.500000	0.5	2.996500
9.508333	0.5	3.004050
9.516667	0.5	3.014400
9.525000	0.5	3.013650
9.533333	0.5	3.011900
9.541667	0.5	3.011200
9.550000	0.5	3.014150
9.558333	0.5	3.015700
9.566667	0.5	3.020650
9.575000	0.5	3.025300
9.583333	0.5	3.028500
9.591667	0.5	3.034750
9.600000	0.5	3.038750
9.608333	0.5	3.049650
9.616667	0.5	3.052050
9.625000	0.5	3.049300
9.633333	0.5	3.045950
9.641667	0.5	3.047000
9.650000	0.5	3.049950
9.658333	0.5	3.053900
9.666667	0.5	3.058300
9.675000	0.5	3.063500
9.683333	0.5	3.071050
9.691667	0.5	3.079850
9.700000	0.5	3.081800
9.708333	0.5	3.090350
9.716667	0.5	3.092750
9.725000	0.5	3.090150
9.733333	0.5	3.091000
9.741667	0.5	3.095800
9.750000	0.5	3.100750
9.758333	0.5	3.104750
9.766667	0.5	3.110450
9.775000	0.5	3.117750
9.783333	0.5	3.128050
9.791667	0.5	3.133000
9.800000	0.5	3.142900
9.808333	0.5	3.149600
9.816667	0.5	3.149800
9.825000	0.5	3.150850
9.833333	0.5	3.153250
9.841667	0.5	3.157250
9.850000	0.5	3.162000
9.858333	0.5	3.169850
9.866667	0.5	3.178000
9.875000	0.5	3.187550
9.883333	0.5	3.197450
9.891667	0.5	3.203500
9.900000	0.5	3.212200
9.908333	0.5	3.217200
9.916667	0.5	3.214650
9.925000	0.5	3.216050
9.933333	0.5	3.221700
9.941667	0.5	3.226650
9.950000	0.5	3.232850
9.958333	0.5	3.241600
9.966667	0.5	3.249500
9.975000	0.5	3.257650
9.983333	0.5	3.266000
9.991667	0.5	3.272550
10.000000	0.5	3.280400
10.008333	0.5	3.281800
10.016667	0.5	3.279750
10.025000	0.5	3.285150
10.033333	0.5	3.289100
10.041667	0.5	3.294600
10.050000	0.5	3.301800
10.058333	0.5	3.309350
10.066667	0.5	3.319450
10.075000	0.5	3.325900
10.083333	0.5	3.332550
10.091667	0.5	3.343350
10.100000	0.5	3.345300
10.108333	0.5	3.345550
10.116667	0.5	3.345100
10.125000	0.5	3.352750
10.133333	0.5	3.356850
10.141667	0.5	3.363000
10.150000	0.5	3.369400
10.158333	0.5	3.376950
10.166667	0.5	3.385750
10.175000	0.5	3.393700
10.183333	0.5	3.401300
10.191667	0.5	3.408950
10.200000	0.5	3.409650
10.208333	0.5	3.408750
10.216667	0.5	3.414150
10.225000	0.5	3.418700
10.233333	0.5	3.424650
10.241667	0.5	3.430550
10.250000	0.5	3.437450
10.258333	0.5	3.449400
10.266667	0.5	3.455400
10.275000	0.5	3.460950
10.283333	0.5	3.470300
10.291667	0.5	3.471450
10.300000	0.5	3.471300
10.308333	0.5	3.472800
10.316667	0.5	3.478200
10.325000	0.5	3.482350
10.333333	0.5	3.488950
10.341667	0.5	3.496400
10.350000	0.5	3.498800
10.358333	0.5	3.509650
10.366667	0.5	3.516450
10.375000	0.5	3.524700
10.383333	0.5	3.530500
10.391667	0.5	3.531100
10.400000	0.5	3.531000
10.408333	0.5	3.534500
10.416667	0.5	3.540300
10.425000	0.5	3.543600
10.433333	0.5	3.550850
10.441667	0.5	3.556450
10.450000	0.5	3.564150
10.458333	0.5	3.573150
10.466667	0.5	3.579250
10.475000	0.5	3.589800
10.483333	0.5	3.594650
10.491667	0.5	3.594650
10.500000	0.5	3.596150
10.508333	0.5	3.600000
10.516667	0.5	3.607000
10.525000	0.5	3.613350
10.533333	0.5	3.619900
10.541667	0.5	3.626900
10.550000	0.5	3.636100
10.558333	0.5	3.642400
10.566667	0.5	3.650450
10.575000	0.5	3.659150
10.583333	0.5	3.660750
10.591667	0.5	3.658000
10.600000	0.5	3.663150
10.608333	0.5	3.669050
10.616667	0.5	3.671850
10.625000	0.5	3.679350
10.633333	0.5	3.683750
10.641667	0.5	3.691000
10.650000	0.5	3.699400
10.658333	0.5	3.707800
10.666667	0.5	3.717700
10.675000	0.5	3.719900
10.683333	0.5	3.719050
10.691667	0.5	3.722250
10.700000	0.5	3.723600
10.708333	0.5	3.729650
10.716667	0.5	3.734250
10.725000	0.5	3.740750
10.733333	0.5	3.748950
10.741667	0.5	3.756600
10.750000	0.5	3.764800
10.758333	0.5	3.772650
10.766667	0.5	3.781800
10.775000	0.5	3.779700
10.783333	0.5	3.776600
10.791667	0.5	3.782050
10.800000	0.5	3.784900
10.808333	0.5	3.792100
10.816667	0.5	3.799500
10.825000	0.5	3.806050
10.833333	0.5	3.815500
10.841667	0.5	3.822850
10.850000	0.5	3.829600
10.858333	0.5	3.836700
10.866667	0.5	3.839700
10.875000	0.5	3.840000
10.883333	0.5	3.840450
10.891667	0.5	3.847550
10.900000	0.5	3.852450
10.908333	0.5	3.859050
10.916667	0.5	3.864400
10.925000	0.5	3.872300
10.933333	0.5	3.879150
10.941667	0.5	3.886100
10.950000	0.5	3.897150
10.958333	0.5	3.901550
10.966667	0.5	3.900150
10.975000	0.5	3.901400
10.983333	0.5	3.904650
10.991667	0.5	3.909850
11.000000	0.5	3.913550
11.008333	0.5	3.921650
11.016667	0.5	3.927500
11.025000	0.5	3.934950
11.033333	0.5	3.940800
11.041667	0.5	3.946950
11.050000	0.5	3.954850
11.058333	0.5	3.957700
11.066667	0.5	3.956900
11.075000	0.5	3.958450
11.083333	0.5	3.962750
11.091667	0.5	3.967850
11.100000	0.5	3.972250
11.108333	0.5	3.980500
11.116667	0.5	3.985800
11.125000	0.5	3.995600
11.133333	0.5	3.999750
11.141667	0.5	4.011350
11.150000	0.5	4.017600
11.158333	0.5	4.018100
11.166667	0.5	4.020100
11.175000	0.5	4.024400
11.183333	0.5	4.027500
11.191667	0.5	4.034350
11.200000	0.5	4.042800
11.208333	0.5	4.047450
11.216667	0.5	4.054800
11.225000	0.5	4.062550
11.233333	0.5	4.071550
11.241667	0.5	4.078950
11.250000	0.5	4.080850
11.258333	0.5	4.081400
11.266667	0.5	4.084950
11.275000	0.5	4.087550
11.283333	0.5	4.094800
11.291667	0.5	4.099850
11.300000	0.5	4.106450
11.308333	0.5	4.112000
11.316667	0.5	4.121800
11.325000	0.5	4.126150
11.333333	0.5	4.134600
11.341667	0.5	4.141200
11.350000	0.5	4.139350
11.358333	0.5	4.143050
11.366667	0.5	4.143600
11.375000	0.5	4.152150
11.383333	0.5	4.154750
11.391667	0.5	4.159750
11.400000	0.5	4.168700
11.408333	0.5	4.175250
11.416667	0.5	4.181650
11.425000	0.5	4.185800
11.433333	0.5	4.194800
11.441667	0.5	4.196850
11.450000	0.5	4.197250
11.458333	0.5	4.199000
11.466667	0.5	4.206150
11.475000	0.5	4.206950
11.483333	0.5	4.213700
11.491667	0.5	4.219450
11.500000	0.5	4.224050
11.508333	0.5	4.232100
11.516667	0.5	4.237000
11.525000	0.5	4.245600
11.533333	0.5	4.253700
11.541667	0.5	4.251400
11.550000	0.5	4.249550
11.558333	0.5	4.255450
11.566667	0.5	4.258050
11.575000	0.5	4.262000
11.583333	0.5	4.268550
11.591667	0.5	4.274700
11.600000	0.5	4.281900
11.608333	0.5	4.289200
11.616667	0.5	4.293300
11.625000	0.5	4.303300
11.633333	0.5	4.304450
11.641667	0.5	4.304650
11.650000	0.5	4.305100
11.658333	0.5	4.307750
11.666667	0.5	4.313700
11.675000	0.5	4.318700
11.683333	0.5	4.323950
11.691667	0.5	4.330550
11.700000	0.5	4.338900
11.708333	0.5	4.342100
11.716667	0.5	4.350750
11.725000	0.5	4.362250
11.733333	0.5	4.358950
11.741667	0.5	4.358900
11.750000	0.5	4.363500
11.758333	0.5	4.368350
11.766667	0.5	4.373000
11.775000	0.5	4.380800
11.783333	0.5	4.385400
11.791667	0.5	4.395450
11.800000	0.5	4.402400
11.808333	0.5	4.410100
11.816667	0.5	4.418650
11.825000	0.5	4.422100
11.833333	0.5	4.422350
11.841667	0.5	4.424550
11.850000	0.5	4.428500
11.858333	0.5	4.435300
11.866667	0.5	4.438850
11.875000	0.5	4.446700
11.883333	0.5	4.453000
11.891667	0.5	4.460600
11.900000	0.5	4.466800
11.908333	0.5	4.474200
11.916667	0.5	4.480100
11.925000	0.5	4.479550
11.933333	0.5	4.479350
11.941667	0.5	4.484100
11.950000	0.5	4.487450
11.958333	0.5	4.492250
11.966667	0.5	4.496650
11.975000	0.5	4.500950
11.983333	0.5	4.510900
11.991667	0.5	4.516250
12.000000	0.5	4.521350
12.008333	0.5	4.531000
12.016667	0.5	4.530000
12.025000	0.5	4.530350
12.033333	0.5	4.530600
12.041667	0.5	4.534150
12.050000	0.5	4.537300
12.058333	0.5	4.541800
12.066667	0.5	4.546850
12.075000	0.5	4.554400
12.083333	0.5	4.561100
12.091667	0.5	4.567200
12.100000	0.5	4.574850
12.108333	0.5	4.579700
12.116667	0.5	4.580050
12.125000	0.5	4.579000
12.133333	0.5	4.582700
12.141667	0.5	4.587800
12.150000	0.5	4.592550
12.158333	0.5	4.597850
12.166667	0.5	4.605700
12.175000	0.5	4.611000
12.183333	0.5	4.617200
12.191667	0.5	4.623100
12.200000	0.5	4.631100
12.208333	0.5	4.631700
12.216667	0.5	4.631900
12.225000	0.5	4.636050
12.233333	0.5	4.638600
12.241667	0.5	4.642550
12.250000	0.5	4.647700
12.258333	0.5	4.651550
12.266667	0.5	4.660350
12.275000	0.5	4.666950
12.283333	0.5	4.671950
12.291667	0.5	4.680350
12.300000	0.5	4.685900
12.308333	0.5	4.684850
12.316667	0.5	4.684300
12.325000	0.5	4.686800
12.333333	0.5	4.692150
12.341667	0.5	4.694900
12.350000	0.5	4.701550
12.358333	0.5	4.706600
12.366667	0.5	4.712050
12.375000	0.5	4.718600
12.383333	0.5	4.724350
12.391667	0.5	4.733600
12.400000	0.5	4.734950
12.408333	0.5	4.734500
12.416667	0.5	4.737300
12.425000	0.5	4.740050
12.433333	0.5	4.744600
12.441667	0.5	4.750500
12.450000	0.5	4.756500
12.458333	0.5	4.761650
12.466667	0.5	4.769500
12.475000	0.5	4.774850
12.483333	0.5	4.781350
12.491667	0.5	4.788350
12.500000	0.5	4.787800
12.508333	0.5	4.789550
12.516667	0.5	4.791750
12.525000	0.5	4.795850
12.533333	0.5	4.799600
12.541667	0.5	4.803950
12.550000	0.5	4.812450
12.558333	0.5	4.819950
12.566667	0.5	4.827850
12.575000	0.5	4.831550
12.583333	0.5	4.841600
12.591667	0.5	4.842800
12.600000	0.5	4.842150
12.608333	0.5	4.844150
12.616667	0.5	4.849850
12.625000	0.5	4.853750
12.633333	0.5	4.859000
12.641667	0.5	4.863250
12.650000	0.5	4.869650
12.658333	0.5	4.878450
12.666667	0.5	4.883150
12.675000	0.5	4.888800
12.683333	0.5	4.896000
12.691667	0.5	4.898000
12.700000	0.5	4.898150
12.708333	0.5	4.900050
12.716667	0.5	4.904500
12.725000	0.5	4.905750
12.733333	0.5	4.912450
12.741667	0.5	4.918250
12.750000	0.5	4.924900
12.758333	0.5	4.932800
12.766667	0.5	4.936400
12.775000	0.5	4.945500
12.783333	0.5	4.950000
12.791667	0.5	4.947950
12.800000	0.5	4.949350
12.808333	0.5	4.955350
12.816667	0.5	4.958750
12.825000	0.5	4.963450
12.833333	0.5	4.965600
12.841667	0.5	4.972700
12.850000	0.5	4.978300
12.858333	0.5	4.982750
12.866667	0.5	4.989550
12.875000	0.5	4.998300
12.883333	0.5	4.997350
12.891667	0.5	4.998300
12.900000	0.5	5.002200
12.908333	0.5	5.005600
12.916667	0.5	5.010500
12.925000	0.5	5.017850
12.933333	0.5	5.024000
12.941667	0.5	5.030900
12.950000	0.5	5.037600
12.958333	0.5	5.041600
12.966667	0.5	5.050450
12.975000	0.5	5.052700
12.983333	0.5	5.055050
12.991667	0.5	5.056350
13.000000	0.5	5.060550
13.008333	0.5	5.066500
13.016667	0.5	5.068900
13.025000	0.5	5.077350
13.033333	0.5	5.081900
13.041667	0.5	5.089350
13.050000	0.5	5.093350
13.058333	0.5	5.099750
13.066667	0.5	5.107150
13.075000	0.5	5.107000
13.083333	0.5	5.107000
13.091667	0.5	5.110600
13.100000	0.5	5.114450
13.108333	0.5	5.118400
13.116667	0.5	5.121950
13.125000	0.5	5.127250
13.133333	0.5	5.132300
13.141667	0.5	5.136850
13.150000	0.5	5.141950
13.158333	0.5	5.150400
13.166667	0.5	5.152700
13.175000	0.5	5.151500
13.183333	0.5	5.152650
13.191667	0.5	5.155400
13.200000	0.5	5.157450
13.208333	0.5	5.161250
13.216667	0.5	5.167400
13.225000	0.5	5.170050
13.233333	0.5	5.175250
13.241667	0.5	5.178800
13.250000	0.5	5.184150
13.258333	0.5	5.187950
13.266667	0.5	5.189050
13.275000	0.5	5.189050
13.283333	0.5	5.191900
13.291667	0.5	5.193500
13.300000	0.5	5.198950
13.308333	0.5	5.202800
13.316667	0.5	5.206850
13.325000	0.5	5.210450
13.333333	0.5	5.216550
13.341667	0.5	5.220300
13.350000	0.5	5.228050
13.358333	0.5	5.229450
13.366667	0.5	5.229150
13.375000	0.5	5.230600
13.383333	0.5	5.231500
13.391667	0.5	5.235000
13.400000	0.5	5.237500
13.408333	0.5	5.241000
13.416667	0.5	5.246050
13.425000	0.5	5.255150
13.433333	0.5	5.258650
13.441667	0.5	5.262350
13.450000	0.5	5.268800
13.458333	0.5	5.269150
13.466667	0.5	5.268100
13.475000	0.5	5.273650
13.483333	0.5	5.276000
13.491667	0.5	5.276600
13.500000	0.5	5.281600
13.508333	0.5	5.287100
13.516667	0.5	5.292750
13.525000	0.5	5.298400
13.533333	0.5	5.302350
13.541667	0.5	5.310350
13.550000	0.5	5.312250
13.558333	0.5	5.308200
13.566667	0.5	5.311950
13.575000	0.5	5.315800
13.583333	0.5	5.319450
13.591667	0.5	5.324250
13.600000	0.5	5.329550
13.608333	0.5	5.335300
13.616667	0.5	5.341500
13.625000	0.5	5.346600
13.633333	0.5	5.350900
13.641667	0.5	5.356650
13.650000	0.5	5.357350
13.658333	0.5	5.358300
13.666667	0.5	5.360950
13.675000	0.5	5.364800
13.683333	0.5	5.368550
13.691667	0.5	5.373850
13.700000	0.5	5.376850
13.708333	0.5	5.378600
13.716667	0.5	5.388900
13.725000	0.5	5.392850
13.733333	0.5	5.402600
13.741667	0.5	5.402150
13.750000	0.5	5.403350
13.758333	0.5	5.402900
13.766667	0.5	5.406450
13.775000	0.5	5.408950
13.783333	0.5	5.414650
13.791667	0.5	5.418050
13.800000	0.5	5.424200
13.808333	0.5	5.430050
13.816667	0.5	5.435000
13.825000	0.5	5.439950
13.833333	0.5	5.445450
13.841667	0.5	5.445200
13.850000	0.5	5.445600
13.858333	0.5	5.449000
13.866667	0.5	5.453900
13.875000	0.5	5.455000
13.883333	0.5	5.460950
13.891667	0.5	5.464250
13.900000	0.5	5.470750
13.908333	0.5	5.475250
13.916667	0.5	5.478700
13.925000	0.5	5.486000
13.933333	0.5	5.488550
13.941667	0.5	5.489400
13.950000	0.5	5.488050
13.958333	0.5	5.489650
13.966667	0.5	5.492700
13.975000	0.5	5.498050
13.983333	0.5	5.502850
13.991667	0.5	5.505750
14.000000	0.5	5.511050
14.008333	0.5	5.516100
14.016667	0.5	5.521400
14.025000	0.5	5.525550
14.033333	0.5	5.525900
14.041667	0.5	5.527800
14.050000	0.5	5.528150
14.058333	0.5	5.530850
14.066667	0.5	5.534350
14.075000	0.5	5.537250
14.083333	0.5	5.542300
14.091667	0.5	5.548500
14.100000	0.5	5.553250
14.108333	0.5	5.557750
14.116667	0.5	5.562400
14.125000	0.5	5.565800
14.133333	0.5	5.565300
14.141667	0.5	5.567450
14.150000	0.5	5.567700
14.158333	0.5	5.572100
14.166667	0.5	5.578250
14.175000	0.5	5.581400
14.183333	0.5	5.587650
14.191667	0.5	5.592250
14.200000	0.5	5.596700
14.208333	0.5	5.602150
14.216667	0.5	5.605050
14.225000	0.5	5.606050
14.233333	0.5	5.608350
14.241667	0.5	5.609750
14.250000	0.5	5.610650
14.258333	0.5	5.615850
14.266667	0.5	5.620500
14.275000	0.5	5.623800
14.283333	0.5	5.628600
14.291667	0.5	5.632950
14.300000	0.5	5.637850
14.308333	0.5	5.648200
14.316667	0.5	5.649550
14.325000	0.5	5.650300
14.333333	0.5	5.650750
14.341667	0.5	5.649400
14.350000	0.5	5.652900
14.358333	0.5	5.659000
14.366667	0.5	5.660600
14.375000	0.5	5.667000
14.383333	0.5	5.672050
14.391667	0.5	5.677050
14.400000	0.5	5.684450
14.408333	0.5	5.686850
14.416667	0.5	5.689800
14.425000	0.5	5.687500
14.433333	0.5	5.692200
14.441667	0.5	5.694700
14.450000	0.5	5.698750
14.458333	0.5	5.701300
14.466667	0.5	5.704000
14.475000	0.5	5.710400
14.483333	0.5	5.714200
14.491667	0.5	5.720250
14.500000	0.5	5.728050
14.508333	0.5	5.729300
14.516667	0.5	5.728450
14.525000	0.5	5.730200
14.533333	0.5	5.733800
14.541667	0.5	5.738400
14.550000	0.5	5.740200
14.558333	0.5	5.742550
14.566667	0.5	5.750700
14.575000	0.5	5.751000
14.583333	0.5	5.759250
14.591667	0.5	5.762600
14.600000	0.5	5.766300
14.608333	0.5	5.766600
14.616667	0.5	5.764950
14.625000	0.5	5.768400
14.633333	0.5	5.770800
14.641667	0.5	5.777250
14.650000	0.5	5.778850
14.658333	0.5	5.783150
14.666667	0.5	5.786550
14.675000	0.5	5.791500
14.683333	0.5	5.794600
14.691667	0.5	5.803200
14.700000	0.5	5.802850
14.708333	0.5	5.803250
14.716667	0.5	5.803400
14.725000	0.5	5.806100
14.733333	0.5	5.808450
14.741667	0.5	5.814950
14.750000	0.5	5.819550
14.758333	0.5	5.823850
14.766667	0.5	5.825950
14.775000	0.5	5.828550
14.783333	0.5	5.833600
14.791667	0.5	5.840500
14.800000	0.5	5.838800
14.808333	0.5	5.839450
14.816667	0.5	5.841250
14.825000	0.5	5.844600
14.833333	0.5	5.847200
14.841667	0.5	5.849200
14.850000	0.5	5.852900
14.858333	0.5	5.857150
14.866667	0.5	5.862250
14.875000	0.5	5.867100
14.883333	0.5	5.874200
14.891667	0.5	5.876500
14.900000	0.5	5.876000
14.908333	0.5	5.877750
14.916667	0.5	5.876400
14.925000	0.5	5.881400
14.933333	0.5	5.883250
14.941667	0.5	5.887900
14.950000	0.5	5.891500
14.958333	0.5	5.897100
14.966667	0.5	5.901500
14.975000	0.5	5.906650
14.983333	0.5	5.909250
14.991667	0.5	5.909050
15.000000	0.5	5.908250
15.008333	0.5	5.911600
15.016667	0.5	5.915250
15.025000	0.5	5.915950
15.033333	0.5	5.918700
15.041667	0.5	5.922550
15.050000	0.5	5.928850
15.058333	0.5	5.932150
15.066667	0.5	5.937400
15.075000	0.5	5.944400
15.083333	0.5	5.944050
15.091667	0.5	5.944500
15.100000	0.5	5.947100
15.108333	0.5	5.947050
15.116667	0.5	5.952150
15.125000	0.5	5.955700
15.133333	0.5	5.958450
15.141667	0.5	5.963400
15.150000	0.5	5.971300
15.158333	0.5	5.974100
15.166667	0.5	5.976850
15.175000	0.5	5.980750
15.183333	0.5	5.982650
15.191667	0.5	5.980700
15.200000	0.5	5.983600
15.208333	0.5	5.987100
15.216667	0.5	5.989000
15.225000	0.5	5.992000
15.233333	0.5	5.996800
15.241667	0.5	6.003550
15.250000	0.5	6.008100
15.258333	0.5	6.011400
15.266667	0.5	6.017850
15.275000	0.5	6.017100
15.283333	0.5	6.016850
15.291667	0.5	6.017100
15.300000	0.5	6.019750
15.308333	0.5	6.021850
15.316667	0.5	6.025750
15.325000	0.5	6.032400
15.333333	0.5	6.034400
15.341667	0.5	6.039500
15.350000	0.5	6.041550
15.358333	0.5	6.046650
15.366667	0.5	6.047850
15.375000	0.5	6.050650
15.383333	0.5	6.048550
15.391667	0.5	6.054050
15.400000	0.5	6.057200
15.408333	0.5	6.061600
15.416667	0.5	6.064050
15.425000	0.5	6.066850
15.433333	0.5	6.070950
15.441667	0.5	6.075900
15.450000	0.5	6.078150
15.458333	0.5	6.084250
15.466667	0.5	6.085450
15.475000	0.5	6.085750
15.483333	0.5	6.087100
15.491667	0.5	6.089850
15.500000	0.5	6.092850
15.508333	0.5	6.093750
15.516667	0.5	6.099300
15.525000	0.5	6.102350
15.533333	0.5	6.108750
15.541667	0.5	6.109200
15.550000	0.5	6.117300
15.558333	0.5	6.122850
15.566667	0.5	6.119850
15.575000	0.5	6.121650
15.583333	0.5	6.124700
15.591667	0.5	6.126750
15.600000	0.5	6.130150
15.608333	0.5	6.130150
15.616667	0.5	6.137000
15.625000	0.5	6.140450
15.633333	0.5	6.145750
15.641667	0.5	6.147450
15.650000	0.5	6.154750
15.658333	0.5	6.154550
15.666667	0.5	6.155150
15.675000	0.5	6.156350
15.683333	0.5	6.159650
15.691667	0.5	6.161250
15.700000	0.5	6.164200
15.708333	0.5	6.168450
15.716667	0.5	6.171350
15.725000	0.5	6.177650
15.733333	0.5	6.182450
15.741667	0.5	6.186600
15.750000	0.5	6.189650
15.758333	0.5	6.190650
15.766667	0.5	6.188850
15.775000	0.5	6.191600
15.783333	0.5	6.195650
15.791667	0.5	6.199450
15.800000	0.5	6.202100
15.808333	0.5	6.203850
15.816667	0.5	6.210050
15.825000	0.5	6.212900
15.833333	0.5	6.216650
15.841667	0.5	6.225950
15.850000	0.5	6.227500
15.858333	0.5	6.226150
15.866667	0.5	6.228400
15.875000	0.5	6.230550
15.883333	0.5	6.232300
15.891667	0.5	6.237850
15.900000	0.5	6.242500
15.908333	0.5	6.243550
15.916667	0.5	6.248550
15.925000	0.5	6.252750
15.933333	0.5	6.257400
15.941667	0.5	6.260650
15.950000	0.5	6.260800
15.958333	0.5	6.258100
15.966667	0.5	6.259950
15.975000	0.5	6.263700
15.983333	0.5	6.266350
15.991667	0.5	6.270150
16.000000	0.5	6.273300
16.008333	0.5	6.279050
16.016667	0.5	6.282250
16.025000	0.5	6.285850
16.033333	0.5	6.290300
16.041667	0.5	6.292000
16.050000	0.5	6.291750
16.058333	0.5	6.291800
16.066667	0.5	6.293050
16.075000	0.5	6.296700
16.083333	0.5	6.300750
16.091667	0.5	6.302550
16.100000	0.5	6.306150
16.108333	0.5	6.313100
16.116667	0.5	6.314250
16.125000	0.5	6.323600
16.133333	0.5	6.323500
16.141667	0.5	6.322950
16.150000	0.5	6.322850
16.158333	0.5	6.323400
16.166667	0.5	6.329350
16.175000	0.5	6.331100
16.183333	0.5	6.333700
16.191667	0.5	6.338750
16.200000	0.5	6.341450
16.208333	0.5	6.345250
16.216667	0.5	6.346850
16.225000	0.5	6.356450
16.233333	0.5	6.356500
16.241667	0.5	6.356550
16.250000	0.5	6.357250
16.258333	0.5	6.359750
16.266667	0.5	6.361150
16.275000	0.5	6.362800
16.283333	0.5	6.364900
16.291667	0.5	6.369750
16.300000	0.5	6.373250
16.308333	0.5	6.376350
16.316667	0.5	6.382200
16.325000	0.5	6.386700
16.333333	0.5	6.386750
16.341667	0.5	6.385000
16.350000	0.5	6.390000
16.358333	0.5	6.390800
16.366667	0.5	6.393700
16.375000	0.5	6.397850
16.383333	0.5	6.399750
16.391667	0.5	6.405850
16.400000	0.5	6.408100
16.408333	0.5	6.409400
16.416667	0.5	6.418750
16.425000	0.5	6.419250
16.433333	0.5	6.419400
16.441667	0.5	6.416750
16.450000	0.5	6.421500
16.458333	0.5	6.423500
16.466667	0.5	6.425600
16.475000	0.5	6.431100
16.483333	0.5	6.433750
16.491667	0.5	6.438350
16.500000	0.5	6.441050
16.508333	0.5	6.447750
16.516667	0.5	6.450950
16.525000	0.5	6.448350
16.533333	0.5	6.449000
16.541667	0.5	6.453450
16.550000	0.5	6.453600
16.558333	0.5	6.456400
16.566667	0.5	6.458650
16.575000	0.5	6.463600
16.583333	0.5	6.468600
16.591667	0.5	6.470600
16.600000	0.5	6.473800
16.608333	0.5	6.478750
16.616667	0.5	6.480100
16.625000	0.5	6.480450
16.633333	0.5	6.480650
16.641667	0.5	6.480700
16.650000	0.5	6.483950
16.658333	0.5	6.488900
16.666667	0.5	6.492850
16.675000	0.5	6.492350
16.683333	0.5	6.497050
16.691667	0.5	6.500950
16.700000	0.5	6.504650
16.708333	0.5	6.508650
16.716667	0.5	6.509650
16.725000	0.5	6.505100
16.733333	0.5	6.507000
16.741667	0.5	6.510650
16.750000	0.5	6.514550
16.758333	0.5	6.514250
16.766667	0.5	6.516700
16.775000	0.5	6.522350
16.783333	0.5	6.524600
16.791667	0.5	6.527350
16.800000	0.5	6.535300
16.808333	0.5	6.534950
16.816667	0.5	6.534950
16.825000	0.5	6.537350
16.833333	0.5	6.538450
16.841667	0.5	6.540950
16.850000	0.5	6.543400
16.858333	0.5	6.546950
16.866667	0.5	6.548500
16.875000	0.5	6.553400
16.883333	0.5	6.554000
16.891667	0.5	6.561350
16.900000	0.5	6.566500
16.908333	0.5	6.567300
16.916667	0.5	6.562300
16.925000	0.5	6.566700
16.933333	0.5	6.569500
16.941667	0.5	6.571500
16.950000	0.5	6.576100
16.958333	0.5	6.580350
16.966667	0.5	6.581250
16.975000	0.5	6.586850
16.983333	0.5	6.587100
16.991667	0.5	6.591350
17.000000	0.5	6.591800
17.008333	0.5	6.590900
17.016667	0.5	6.593450
17.025000	0.5	6.595950
17.033333	0.5	6.599000
17.041667	0.5	6.600700
17.050000	0.5	6.602300
17.058333	0.5	6.607200
17.066667	0.5	6.608100
17.075000	0.5	6.613100
17.083333	0.5	6.619700
17.091667	0.5	6.620400
17.100000	0.5	6.618900
17.108333	0.5	6.617750
17.116667	0.5	6.620500
17.125000	0.5	6.621650
17.133333	0.5	6.623950
17.141667	0.5	6.629550
17.150000	0.5	6.632050
17.158333	0.5	6.633300
17.166667	0.5	6.637350
17.175000	0.5	6.640500
17.183333	0.5	6.647300
17.191667	0.5	6.650900
17.200000	0.5	6.647400
17.208333	0.5	6.651300
17.216667	0.5	6.654100
17.225000	0.5	6.654300
17.233333	0.5	6.657450
17.241667	0.5	6.660500
17.250000	0.5	6.662900
17.258333	0.5	6.667750
17.266667	0.5	6.669100
17.275000	0.5	6.676700
17.283333	0.5	6.680400
17.291667	0.5	6.680350
17.300000	0.5	6.676100
17.308333	0.5	6.679600
17.316667	0.5	6.680200
17.325000	0.5	6.683500
17.333333	0.5	6.688850
17.341667	0.5	6.691550
17.350000	0.5	6.695000
17.358333	0.5	6.696150
17.366667	0.5	6.699750
17.375000	0.5	6.706050
17.383333	0.5	6.704700
17.391667	0.5	6.707050
17.400000	0.5	6.708750
17.408333	0.5	6.709450
17.416667	0.5	6.710950
17.425000	0.5	6.714350
17.433333	0.5	6.716650
17.441667	0.5	6.721200
17.450000	0.5	6.724150
17.458333	0.5	6.727900
17.466667	0.5	6.732250
17.475000	0.5	6.734500
17.483333	0.5	6.737350
17.491667	0.5	6.734300
17.500000	0.5	6.738750
17.508333	0.5	6.741200
17.516667	0.5	6.740800
17.525000	0.5	6.744800
17.533333	0.5	6.745800
17.541667	0.5	6.751200
17.550000	0.5	6.755500
17.558333	0.5	6.756700
17.566667	0.5	6.764850
17.575000	0.5	6.762950
17.583333	0.5	6.765350
17.591667	0.5	6.765400
17.600000	0.5	6.766150
17.608333	0.5	6.771350
17.616667	0.5	6.770800
17.625000	0.5	6.776350
17.633333	0.5	6.778450
17.641667	0.5	6.781500
17.650000	0.5	6.782850
17.658333	0.5	6.789950
17.666667	0.5	6.792850
17.675000	0.5	6.794700
17.683333	0.5	6.793350
17.691667	0.5	6.795750
17.700000	0.5	6.796650
17.708333	0.5	6.800800
17.716667	0.5	6.805300
17.725000	0.5	6.807450
17.733333	0.5	6.810400
17.741667	0.5	6.817850
17.750000	0.5	6.818700
17.758333	0.5	6.823050
17.766667	0.5	6.824900
17.775000	0.5	6.825700
17.783333	0.5	6.824800
17.791667	0.5	6.829850
17.800000	0.5	6.827000
17.808333	0.5	6.832400
17.816667	0.5	6.834900
17.825000	0.5	6.836700
17.833333	0.5	6.842700
17.841667	0.5	6.844400
17.850000	0.5	6.846300
17.858333	0.5	6.851250
17.866667	0.5	6.848950
17.875000	0.5	6.848150
17.883333	0.5	6.854850
17.891667	0.5	6.852950
17.900000	0.5	6.856900
17.908333	0.5	6.858500
17.916667	0.5	6.863400
17.925000	0.5	6.864850
17.933333	0.5	6.867250
17.941667	0.5	6.867550
17.950000	0.5	6.874950
17.958333	0.5	6.875750
17.966667	0.5	6.871950
17.975000	0.5	6.874250
17.983333	0.5	6.876750
17.991667	0.5	6.877550
18.000000	0.5	6.879900
18.008333	0.5	6.884100
18.016667	0.5	6.884750
18.025000	0.5	6.888800
18.033333	0.5	6.891050
18.041667	0.5	6.894350
18.050000	0.5	6.901000
18.058333	0.5	6.900750
18.066667	0.5	6.897200
18.075000	0.5	6.898950
18.083333	0.5	6.900700
18.091667	0.5	6.903500
18.100000	0.5	6.906850
18.108333	0.5	6.909200
18.116667	0.5	6.911750
18.125000	0.5	6.912350
18.133333	0.5	6.913000
18.141667	0.5	6.921950
18.150000	0.5	6.921100
18.158333	0.5	6.918900
18.166667	0.5	6.920250
18.175000	0.5	6.919550
18.183333	0.5	6.919850
18.191667	0.5	6.923900
18.200000	0.5	6.926600
18.208333	0.5	6.925450
18.216667	0.5	6.931650
18.225000	0.5	6.931150
18.233333	0.5	6.936300
18.241667	0.5	6.938900
18.250000	0.5	6.939150
18.258333	0.5	6.935350
18.266667	0.5	6.936750
18.275000	0.5	6.936900
18.283333	0.5	6.938300
18.291667	0.5	6.940750
18.300000	0.5	6.942250
18.308333	0.5	6.943050
18.316667	0.5	6.944300
18.325000	0.5	6.945500
18.333333	0.5	6.949350
18.341667	0.5	6.950100
18.350000	0.5	6.948650
18.358333	0.5	6.949250
18.366667	0.5	6.949500
18.375000	0.5	6.949250
18.383333	0.5	6.951600
18.391667	0.5	6.949800
18.400000	0.5	6.950900
18.408333	0.5	6.953750
18.416667	0.5	6.954150
18.425000	0.5	6.956350
18.433333	0.5	6.954800
18.441667	0.5	6.955900
18.450000	0.5	6.949050
18.458333	0.5	6.948650
18.466667	0.5	6.948050
18.475000	0.5	6.946000
18.483333	0.5	6.945850
18.491667	0.5	6.944800
18.500000	0.5	6.946550
18.508333	0.5	6.945750
18.516667	0.5	6.945750
18.525000	0.5	6.950550
18.533333	0.5	6.944050
18.541667	0.5	6.942700
18.550000	0.5	6.940200
18.558333	0.5	6.938500
18.566667	0.5	6.938100
18.575000	0.5	6.935200
18.583333	0.5	6.935550
18.591667	0.5	6.934400
18.600000	0.5	6.932350
18.608333	0.5	6.929700
18.616667	0.5	6.929050
18.625000	0.5	6.926850
18.633333	0.5	6.926150
18.641667	0.5	6.921000
18.650000	0.5	6.921350
18.658333	0.5	6.915750
18.666667	0.5	6.910750
18.675000	0.5	6.907800
18.683333	0.5	6.909000
18.691667	0.5	6.903750
18.700000	0.5	6.907450
18.708333	0.5	6.899300
18.716667	0.5	6.900700
18.725000	0.5	6.899550
18.733333	0.5	6.889500
18.741667	0.5	6.886350
18.750000	0.5	6.882400
18.758333	0.5	6.878600
18.766667	0.5	6.874200
18.775000	0.5	6.872950
18.783333	0.5	6.870100
18.791667	0.5	6.864950
18.800000	0.5	6.860900
18.808333	0.5	6.862700
18.816667	0.5	6.858650
18.825000	0.5	6.849950
18.833333	0.5	6.842950
18.841667	0.5	6.838600
18.850000	0.5	6.837750
18.858333	0.5	6.833400
18.866667	0.5	6.825350
18.875000	0.5	6.820000
18.883333	0.5	6.815850
18.891667	0.5	6.812050
18.900000	0.5	6.807100
18.908333	0.5	6.810750
18.916667	0.5	6.804550
18.925000	0.5	6.796900
18.933333	0.5	6.787300
18.941667	0.5	6.781400
18.950000	0.5	6.777300
18.958333	0.5	6.772100
18.966667	0.5	6.768400
18.975000	0.5	6.762400
18.983333	0.5	6.761300
18.991667	0.5	6.753200
19.000000	0.5	6.751750
19.008333	0.5	6.746550
19.016667	0.5	6.738900
19.025000	0.5	6.730950
19.033333	0.5	6.725700
19.041667	0.5	6.720600
19.050000	0.5	6.713950
19.058333	0.5	6.705450
19.066667	0.5	6.701500
19.075000	0.5	6.699400
19.083333	0.5	6.694950
19.091667	0.5	6.686600
19.100000	0.5	6.688950
19.108333	0.5	6.680900
19.116667	0.5	6.670500
19.125000	0.5	6.663100
19.133333	0.5	6.658350
19.141667	0.5	6.651700
19.150000	0.5	6.649650
19.158333	0.5	6.643050
19.166667	0.5	6.639000
19.175000	0.5	6.635050
19.183333	0.5	6.630250
19.191667	0.5	6.629100
19.200000	0.5	6.623700
19.208333	0.5	6.617100
19.216667	0.5	6.609950
19.225000	0.5	6.602300
19.233333	0.5	6.597300
19.241667	0.5	6.595300
19.250000	0.5	6.590950
19.258333	0.5	6.587300
19.266667	0.5	6.583550
19.275000	0.5	6.580150
19.283333	0.5	6.574500
19.291667	0.5	6.578050
19.300000	0.5	6.570800
19.308333	0.5	6.565000
19.316667	0.5	6.560650
19.325000	0.5	6.556550
19.333333	0.5	6.556850
19.341667	0.5	6.549650
19.350000	0.5	6.547400
19.358333	0.5	6.541500
19.366667	0.5	6.541950
19.375000	0.5	6.541050
19.383333	0.5	6.542900
19.391667	0.5	6.538650
19.400000	0.5	6.537750
19.408333	0.5	6.531300
19.416667	0.5	6.530250
19.425000	0.5	6.527050
19.433333	0.5	6.527200
19.441667	0.5	6.524150
19.450000	0.5	6.525200
19.458333	0.5	6.525600
19.466667	0.5	6.522950
19.475000	0.5	6.522800
19.483333	0.5	6.526850
19.491667	0.5	6.524950
19.500000	0.5	6.524400
19.508333	0.5	6.524150
19.516667	0.5	6.524400
19.525000	0.5	6.523550
19.533333	0.5	6.524700
19.541667	0.5	6.526600
19.550000	0.5	6.529200
19.558333	0.5	6.529600
19.566667	0.5	6.533550
19.575000	0.5	6.537450
19.583333	0.5	6.537100
19.591667	0.5	6.537900
19.600000	0.5	6.536100
19.608333	0.5	6.540300
19.616667	0.5	6.542900
19.625000	0.5	6.547600
19.633333	0.5	6.550700
19.641667	0.5	6.555200
19.650000	0.5	6.556300
19.658333	0.5	6.560000
19.666667	0.5	6.561400
19.675000	0.5	6.573900
19.683333	0.5	6.573650
19.691667	0.5	6.575100
19.700000	0.5	6.576400
19.708333	0.5	6.579700
19.716667	0.5	6.586550
19.725000	0.5	6.591200
19.733333	0.5	6.597800
19.741667	0.5	6.603550
19.750000	0.5	6.608850
19.758333	0.5	6.614000
19.766667	0.5	6.622550
19.775000	0.5	6.629900
19.783333	0.5	6.635650
19.791667	0.5	6.639250
19.800000	0.5	6.643450
19.808333	0.5	6.650000
19.816667	0.5	6.656800
19.825000	0.5	6.665150
19.833333	0.5	6.672150
19.841667	0.5	6.677750
19.850000	0.5	6.690350
19.858333	0.5	6.697650
19.866667	0.5	6.709850
19.875000	0.5	6.715250
19.883333	0.5	6.726050
19.891667	0.5	6.731950
19.900000	0.5	6.738250
19.908333	0.5	6.746700
19.916667	0.5	6.761350
19.925000	0.5	6.770950
19.933333	0.5	6.782300
19.941667	0.5	6.793000
19.950000	0.5	6.801200
19.958333	0.5	6.814000
19.966667	0.5	6.826250
19.975000	0.5	6.833800
19.983333	0.5	6.845400
19.991667	0.5	6.855550
20.000000	0.5	6.866500
20.008333	0.5	6.875450
20.016667	0.5	6.889350
20.025000	0.5	6.902400
20.033333	0.5	6.915550
20.041667	0.5	6.929150
20.050000	0.5	6.939050
20.058333	0.5	6.954750
20.066667	0.5	6.962900
20.075000	0.5	6.975300
20.083333	0.5	6.987300
20.091667	0.5	6.998750
20.100000	0.5	7.011500
20.108333	0.5	7.024950
20.116667	0.5	7.036600
20.125000	0.5	7.050300
20.133333	0.5	7.059950
20.141667	0.5	7.069650
20.150000	0.5	7.085450
20.158333	0.5	7.095550
20.166667	0.5	7.105300
20.175000	0.5	7.113300
20.183333	0.5	7.121100
20.191667	0.5	7.133350
20.200000	0.5	7.143450
20.208333	0.5	7.154750
20.216667	0.5	7.164400
20.225000	0.5	7.172250
20.233333	0.5	7.182500
20.241667	0.5	7.189400
20.250000	0.5	7.198550
20.258333	0.5	7.205250
20.266667	0.5	7.205900
20.275000	0.5	7.213000
20.283333	0.5	7.216450
20.291667	0.5	7.222450
20.300000	0.5	7.224900
20.308333	0.5	7.230950
20.316667	0.5	7.230950
20.325000	0.5	7.235650
20.333333	0.5	7.238200
20.341667	0.5	7.243400
20.350000	0.5	7.246400
20.358333	0.5	7.246650
20.366667	0.5	7.246500
20.375000	0.5	7.250550
20.383333	0.5	7.248100
20.391667	0.5	7.247650
20.400000	0.5	7.247950
20.408333	0.5	7.247750
20.416667	0.5	7.249700
20.425000	0.5	7.249800
20.433333	0.5	7.247400
20.441667	0.5	7.250850
20.450000	0.5	7.245750
20.458333	0.5	7.242600
20.466667	0.5	7.241850
20.475000	0.5	7.237350
20.483333	0.5	7.235900
20.491667	0.5	7.236550
20.500000	0.5	7.236100
20.508333	0.5	7.233850
20.516667	0.5	7.234550
20.525000	0.5	7.233150
20.533333	0.5	7.234150
20.541667	0.5	7.230300
20.550000	0.5	7.229650
20.558333	0.5	7.225750
20.566667	0.5	7.226300
20.575000	0.5	7.222450
20.583333	0.5	7.220550
20.591667	0.5	7.222600
20.600000	0.5	7.218950
20.608333	0.5	7.220150
20.616667	0.5	7.220900
20.625000	0.5	7.214750
20.633333	0.5	7.218800
20.641667	0.5	7.216700
20.650000	0.5	7.214750
20.658333	0.5	7.212350
20.666667	0.5	7.211100
20.675000	0.5	7.211000
20.683333	0.5	7.209700
20.691667	0.5	7.210400
20.700000	0.5	7.212500
20.708333	0.5	7.213750
20.716667	0.5	7.213950
20.725000	0.5	7.218850
20.733333	0.5	7.220900
20.741667	0.5	7.217850
20.750000	0.5	7.215650
20.758333	0.5	7.220150
20.766667	0.5	7.219850
20.775000	0.5	7.218300
20.783333	0.5	7.220200
20.791667	0.5	7.226500
20.800000	0.5	7.224500
20.808333	0.5	7.227150
20.816667	0.5	7.228700
20.825000	0.5	7.233900
20.833333	0.5	7.235900
20.841667	0.5	7.234800
20.850000	0.5	7.235450
20.858333	0.5	7.235600
20.866667	0.5	7.234700
20.875000	0.5	7.241050
20.883333	0.5	7.240750
20.891667	0.5	7.241850
20.900000	0.5	7.246500
20.908333	0.5	7.245100
20.916667	0.5	7.251900
20.925000	0.5	7.253550
20.933333	0.5	7.256100
20.941667	0.5	7.253300
20.950000	0.5	7.254700
20.958333	0.5	7.256100
20.966667	0.5	7.256850
20.975000	0.5	7.261400
20.983333	0.5	7.262600
20.991667	0.5	7.265200
21.000000	0.5	7.269100
21.008333	0.5	7.269950
21.016667	0.5	7.276600
21.025000	0.5	7.277100
21.033333	0.5	7.275600
21.041667	0.5	7.277150
21.050000	0.5	7.276600
21.058333	0.5	7.279750
21.066667	0.5	7.280450
21.075000	0.5	7.282200
21.083333	0.5	7.283350
21.091667	0.5	7.288650
21.100000	0.5	7.288550
21.108333	0.5	7.291800
21.116667	0.5	7.295250
21.125000	0.5	7.295500
21.133333	0.5	7.292550
21.141667	0.5	7.293600
21.150000	0.5	7.295950
21.158333	0.5	7.295950
21.166667	0.5	7.296400
21.175000	0.5	7.298800
21.183333	0.5	7.301850
21.191667	0.5	7.304950
21.200000	0.5	7.305900
21.208333	0.5	7.312000
21.216667	0.5	7.312400
21.225000	0.5	7.311300
21.233333	0.5	7.316650
21.241667	0.5	7.315850
21.250000	0.5	7.316200
21.258333	0.5	7.313050
21.266667	0.5	7.319300
21.275000	0.5	7.320550
21.283333	0.5	7.321350
21.291667	0.5	7.326750
21.300000	0.5	7.328250
21.308333	0.5	7.330150
21.316667	0.5	7.329450
21.325000	0.5	7.326550
21.333333	0.5	7.332150
21.341667	0.5	7.332850
21.350000	0.5	7.331950
21.358333	0.5	7.336400
21.366667	0.5	7.338250
21.375000	0.5	7.339000
21.383333	0.5	7.341750
21.391667	0.5	7.343700
21.400000	0.5	7.348450
21.408333	0.5	7.350250
21.416667	0.5	7.346850
21.425000	0.5	7.347800
21.433333	0.5	7.350000
21.441667	0.5	7.347950
21.450000	0.5	7.352600
21.458333	0.5	7.350750
21.466667	0.5	7.350800
21.475000	0.5	7.353550
21.483333	0.5	7.353200
21.491667	0.5	7.359250
21.500000	0.5	7.361500
21.508333	0.5	7.363400
21.516667	0.5	7.360250
21.525000	0.5	7.358550
21.533333	0.5	7.355700
21.541667	0.5	7.355700
21.550000	0.5	7.361450
21.558333	0.5	7.362400
21.566667	0.5	7.361300
21.575000	0.5	7.363650
21.583333	0.5	7.364500
21.591667	0.5	7.365850
21.600000	0.5	7.367350
21.608333	0.5	7.365400
21.616667	0.5	7.363600
21.625000	0.5	7.363550
21.633333	0.5	7.362600
21.641667	0.5	7.362900
21.650000	0.5	7.365850
21.658333	0.5	7.364600
21.666667	0.5	7.367400
21.675000	0.5	7.364650
21.683333	0.5	7.371000
21.691667	0.5	7.368950
21.700000	0.5	7.370450
21.708333	0.5	7.367150
21.716667	0.5	7.368800
21.725000	0.5	7.368300
21.733333	0.5	7.371300
21.741667	0.5	7.366650
21.750000	0.5	7.370800
21.758333	0.5	7.369350
21.766667	0.5	7.372850
21.775000	0.5	7.372250
21.783333	0.5	7.378950
21.791667	0.5	7.376450
21.800000	0.5	7.376900
21.808333	0.5	7.376350
21.816667	0.5	7.378700
21.825000	0.5	7.376950
21.833333	0.5	7.377600
21.841667	0.5	7.383350
21.850000	0.5	7.381850
21.858333	0.5	7.384000
21.866667	0.5	7.383950
21.875000	0.5	7.390950
21.883333	0.5	7.387050
21.891667	0.5	7.388000
21.900000	0.5	7.384900
21.908333	0.5	7.387100
21.916667	0.5	7.383500
21.925000	0.5	7.391100
21.933333	0.5	7.388950
21.941667	0.5	7.391150
21.950000	0.5	7.394700
21.958333	0.5	7.393700
21.966667	0.5	7.392900
21.975000	0.5	7.395500
21.983333	0.5	7.396700
21.991667	0.5	7.396400
22.000000	0.5	7.396500
22.008333	0.5	7.394650
22.016667	0.5	7.399250
22.025000	0.5	7.401150
22.033333	0.5	7.399950
22.041667	0.5	7.397250
22.050000	0.5	7.400500
22.058333	0.5	7.398200
22.066667	0.5	7.402250
22.075000	0.5	7.403850
22.083333	0.5	7.403750
22.091667	0.5	7.405850
22.100000	0.5	7.404400
22.108333	0.5	7.405400
22.116667	0.5	7.405450
22.125000	0.5	7.406500
22.133333	0.5	7.403150
22.141667	0.5	7.402450
22.150000	0.5	7.409050
22.158333	0.5	7.407150
22.166667	0.5	7.411000
22.175000	0.5	7.412200
22.183333	0.5	7.411950
22.191667	0.5	7.412450
22.200000	0.5	7.413600
22.208333	0.5	7.414000
22.216667	0.5	7.413700
22.225000	0.5	7.415500
22.233333	0.5	7.415500
22.241667	0.5	7.415150
22.250000	0.5	7.416000
22.258333	0.5	7.420900
22.266667	0.5	7.423100
22.275000	0.5	7.421600
22.283333	0.5	7.420350
22.291667	0.5	7.418500
22.300000	0.5	7.420000
22.308333	0.5	7.420500
22.316667	0.5	7.420750
22.325000	0.5	7.421850
22.333333	0.5	7.422000
22.341667	0.5	7.423350
22.350000	0.5	7.425800
22.358333	0.5	7.428200
22.366667	0.5	7.427250
22.375000	0.5	7.426600
22.383333	0.5	7.425050
22.391667	0.5	7.428200
22.400000	0.5	7.429550
22.408333	0.5	7.429000
22.416667	0.5	7.432450
22.425000	0.5	7.428000
22.433333	0.5	7.430900
22.441667	0.5	7.431350
22.450000	0.5	7.434550
22.458333	0.5	7.435000
22.466667	0.5	7.438150
22.475000	0.5	7.432700
22.483333	0.5	7.434800
22.491667	0.5	7.434750
22.500000	0.5	7.435300
22.508333	0.5	7.435500
22.516667	0.5	7.438600
22.525000	0.5	7.439200
22.533333	0.5	7.442100
22.541667	0.5	7.439300
22.550000	0.5	7.446100
22.558333	0.5	7.441700
22.566667	0.5	7.440000
22.575000	0.5	7.441750
22.583333	0.5	7.442350
22.591667	0.5	7.442250
22.600000	0.5	7.442900
22.608333	0.5	7.445000
22.616667	0.5	7.445050
22.625000	0.5	7.444200
22.633333	0.5	7.443000
22.641667	0.5	7.450150
22.650000	0.5	7.452950
22.658333	0.5	7.449350
22.666667	0.5	7.446900
22.675000	0.5	7.450050
22.683333	0.5	7.448400
22.691667	0.5	7.450750
22.700000	0.5	7.453200
22.708333	0.5	7.450400
22.716667	0.5	7.449650
22.725000	0.5	7.453300
22.733333	0.5	7.452500
22.741667	0.5	7.457300
22.750000	0.5	7.456600
22.758333	0.5	7.453600
22.766667	0.5	7.455850
22.775000	0.5	7.457200
22.783333	0.5	7.457700
22.791667	0.5	7.454300
22.800000	0.5	7.458100
22.808333	0.5	7.455950
22.816667	0.5	7.456750
22.825000	0.5	7.457950
22.833333	0.5	7.462550
22.841667	0.5	7.464000
22.850000	0.5	7.465350
22.858333	0.5	7.462550
22.866667	0.5	7.463400
22.875000	0.5	7.464600
22.883333	0.5	7.464450
22.891667	0.5	7.463200
22.900000	0.5	7.464550
22.908333	0.5	7.465250
22.916667	0.5	7.467650
22.925000	0.5	7.468450
22.933333	0.5	7.472950
22.941667	0.5	7.469650
22.950000	0.5	7.470000
22.958333	0.5	7.471450
22.966667	0.5	7.470150
22.975000	0.5	7.471650
22.983333	0.5	7.471050
22.991667	0.5	7.473550
23.000000	0.5	7.474650
23.008333	0.5	7.473750
23.016667	0.5	7.471200
23.025000	0.5	7.479650
23.033333	0.5	7.482350
23.041667	0.5	7.479350
23.050000	0.5	7.474050
23.058333	0.5	7.475450
23.066667	0.5	7.478800
23.075000	0.5	7.475950
23.083333	0.5	7.480300
23.091667	0.5	7.478400
23.100000	0.5	7.481850
23.108333	0.5	7.483500
23.116667	0.5	7.486000
23.125000	0.5	7.487100
23.133333	0.5	7.501650
23.141667	0.5	7.484950
23.150000	0.5	7.486550
23.158333	0.5	7.487950
23.166667	0.5	7.485050
23.175000	0.5	7.486400
23.183333	0.5	7.488650
23.191667	0.5	7.488700
23.200000	0.5	7.493900
23.208333	0.5	7.493300
23.216667	0.5	7.496600
23.225000	0.5	7.498250
23.233333	0.5	7.494800
23.241667	0.5	7.496500
23.250000	0.5	7.493750
23.258333	0.5	7.496650
23.266667	0.5	7.498150
23.275000	0.5	7.499800
23.283333	0.5	7.499050
23.291667	0.5	7.502550
23.300000	0.5	7.504400
23.308333	0.5	7.504900
23.316667	0.5	7.508700
23.325000	0.5	7.506800
23.333333	0.5	7.509900
23.341667	0.5	7.509150
23.350000	0.5	7.508150
23.358333	0.5	7.510300
23.366667	0.5	7.512000
23.375000	0.5	7.511250
23.383333	0.5	7.508700
23.391667	0.5	7.515250
23.400000	0.5	7.512750
23.408333	0.5	7.518300
23.416667	0.5	7.524850
23.425000	0.5	7.522700
23.433333	0.5	7.521100
23.441667	0.5	7.522800
23.450000	0.5	7.523600
23.458333	0.5	7.524450
23.466667	0.5	7.527100
23.475000	0.5	7.527100
23.483333	0.5	7.528550
23.491667	0.5	7.533050
23.500000	0.5	7.532300
23.508333	0.5	7.539300
23.516667	0.5	7.536850
23.525000	0.5	7.539850
23.533333	0.5	7.537350
23.541667	0.5	7.541350
23.550000	0.5	7.545300
23.558333	0.5	7.545450
23.566667	0.5	7.544850
23.575000	0.5	7.548150
23.583333	0.5	7.549100
23.591667	0.5	7.551800
23.600000	0.5	7.558300
23.608333	0.5	7.565950
23.616667	0.5	7.565650
23.625000	0.5	7.563850
23.633333	0.5	7.569050
23.641667	0.5	7.573450
23.650000	0.5	7.578550
23.658333	0.5	7.583950
23.666667	0.5	7.590700
23.675000	0.5	7.603000
23.683333	0.5	7.613800
23.691667	0.5	7.634300
23.700000	0.5	7.672200
23.708333	0.5	7.715300
23.716667	0.5	7.766350
23.725000	0.5	7.798850
23.733333	0.5	7.794150
23.741667	0.5	7.760200
23.750000	0.5	7.703650
23.758333	0.5	7.635550
23.766667	0.5	7.556050
23.775000	0.5	7.488050
23.783333	0.5	7.430500
23.791667	0.5	7.401150
23.800000	0.5	7.375200
23.808333	0.5	7.356900
23.816667	0.5	7.342450
23.825000	0.5	7.331200
23.833333	0.5	7.325050
23.841667	0.5	7.318200
23.850000	0.5	7.312200
23.858333	0.5	7.308000
23.866667	0.5	7.302600
23.875000	0.5	7.302100
23.883333	0.5	7.297400
23.891667	0.5	7.299750
23.900000	0.5	7.293900
23.908333	0.5	7.286400
23.916667	0.5	7.281400
23.925000	0.5	7.279050
23.933333	0.5	7.274350
23.941667	0.5	7.270450
23.950000	0.5	7.264550
23.958333	0.5	7.258300
23.966667	0.5	7.258050
23.975000	0.5	7.254850
23.983333	0.5	7.256250
23.991667	0.5	7.252450
24.000000	0.5	7.249350
24.008333	0.5	7.241100
24.016667	0.5	7.235000
24.025000	0.5	7.233350
24.033333	0.5	7.229300
24.041667	0.5	7.229300
24.050000	0.5	7.221300
24.058333	0.5	7.222800
24.066667	0.5	7.223250
24.075000	0.5	7.220900
24.083333	0.5	7.221950
24.091667	0.5	7.220600
24.100000	0.5	7.212450
24.108333	0.5	7.208750
24.116667	0.5	7.208850
24.125000	0.5	7.208050
24.133333	0.5	7.205200
24.141667	0.5	7.204400
24.150000	0.5	7.205400
24.158333	0.5	7.207200
24.166667	0.5	7.200800
24.175000	0.5	7.204050
24.183333	0.5	7.202000
24.191667	0.5	7.195650
24.200000	0.5	7.194800
24.208333	0.5	7.193950
24.216667	0.5	7.192350
24.225000	0.5	7.189250
24.233333	0.5	7.192700
24.241667	0.5	7.186550
24.250000	0.5	7.187550
24.258333	0.5	7.185150
24.266667	0.5	7.185350
24.275000	0.5	7.189100
24.283333	0.5	7.186050
24.291667	0.5	7.179500
24.300000	0.5	7.175800
24.308333	0.5	7.176600
24.316667	0.5	7.175550
24.325000	0.5	7.174100
24.333333	0.5	7.173500
24.341667	0.5	7.175450
24.350000	0.5	7.173050
24.358333	0.5	7.171950
24.366667	0.5	7.173150
24.375000	0.5	7.174000
24.383333	0.5	7.169000
24.391667	0.5	7.167950
24.400000	0.5	7.163750
24.408333	0.5	7.162900
24.416667	0.5	7.163500
24.425000	0.5	7.162800
24.433333	0.5	7.164450
24.441667	0.5	7.160750
24.450000	0.5	7.159950
24.458333	0.5	7.163250
24.466667	0.5	7.163350
24.475000	0.5	7.163850
24.483333	0.5	7.157550
24.491667	0.5	7.156350
24.500000	0.5	7.157050
24.508333	0.5	7.155550
24.516667	0.5	7.152400
24.525000	0.5	7.153500
24.533333	0.5	7.150500
24.541667	0.5	7.151100
24.550000	0.5	7.148850
24.558333	0.5	7.150550
24.566667	0.5	7.149000
24.575000	0.5	7.144850
24.583333	0.5	7.142150
24.591667	0.5	7.140900
24.600000	0.5	7.143950
24.608333	0.5	7.142100
24.616667	0.5	7.142000
24.625000	0.5	7.138750
24.633333	0.5	7.141100
24.641667	0.5	7.139000
24.650000	0.5	7.141350
24.658333	0.5	7.142400
24.666667	0.5	7.139000
24.675000	0.5	7.134750
24.683333	0.5	7.136550
24.691667	0.5	7.135700
24.700000	0.5	7.136050
24.708333	0.5	7.133550
24.716667	0.5	7.132700
24.725000	0.5	7.132350
24.733333	0.5	7.133300
24.741667	0.5	7.130400
24.750000	0.5	7.139250
24.758333	0.5	7.137050
24.766667	0.5	7.133550
24.775000	0.5	7.133150
24.783333	0.5	7.131000
24.791667	0.5	7.132650
24.800000	0.5	7.130400
24.808333	0.5	7.130100
24.816667	0.5	7.130900
24.825000	0.5	7.132900
24.833333	0.5	7.130150
24.841667	0.5	7.135750
24.850000	0.5	7.135750
24.858333	0.5	7.135300
24.866667	0.5	7.131850
24.875000	0.5	7.129200
24.883333	0.5	7.127000
24.891667	0.5	7.130950
24.900000	0.5	7.128350
24.908333	0.5	7.128550
24.916667	0.5	7.129300
24.925000	0.5	7.129900
24.933333	0.5	7.128600
24.941667	0.5	7.129550
24.950000	0.5	7.132400
24.958333	0.5	7.132500
24.966667	0.5	7.128900
24.975000	0.5	7.128450
24.983333	0.5	7.128550
24.991667	0.5	7.128150
25.000000	0.5	7.130500
25.008333	0.5	7.128600
25.016667	0.5	7.130350
25.025000	0.5	7.130450
25.033333	0.5	7.134400
25.041667	0.5	7.133300
25.050000	0.5	7.134100
25.058333	0.5	7.129350
25.066667	0.5	7.130100
25.075000	0.5	7.128200
25.083333	0.5	7.127850
25.091667	0.5	7.127200
25.100000	0.5	7.131050
25.108333	0.5	7.126800
25.116667	0.5	7.128750
25.125000	0.5	7.126150
25.133333	0.5	7.133000
25.141667	0.5	7.127350
25.150000	0.5	7.123250
25.158333	0.5	7.119850
25.166667	0.5	7.120500
25.175000	0.5	7.122000
25.183333	0.5	7.119000
25.191667	0.5	7.123350
25.200000	0.5	7.120600
25.208333	0.5	7.118250
25.216667	0.5	7.117350
25.225000	0.5	7.118500
25.233333	0.5	7.120250
25.241667	0.5	7.116600
25.250000	0.5	7.114300
25.258333	0.5	7.115650
25.266667	0.5	7.113750
25.275000	0.5	7.116200
25.283333	0.5	7.114850
25.291667	0.5	7.114500
25.300000	0.5	7.110750
25.308333	0.5	7.116300
25.316667	0.5	7.112350
25.325000	0.5	7.120100
25.333333	0.5	7.116550
25.341667	0.5	7.111150
25.350000	0.5	7.111950
25.358333	0.5	7.108800
25.366667	0.5	7.111450
25.375000	0.5	7.110900
25.383333	0.5	7.114950
25.391667	0.5	7.112650
25.400000	0.5	7.115350
25.408333	0.5	7.114750
25.416667	0.5	7.119000
25.425000	0.5	7.119350
25.433333	0.5	7.115450
25.441667	0.5	7.110950
25.450000	0.5	7.114350
25.458333	0.5	7.114400
25.466667	0.5	7.111950
25.475000	0.5	7.115250
25.483333	0.5	7.113400
25.491667	0.5	7.111150
25.500000	0.5	7.113000
25.508333	0.5	7.110600
25.516667	0.5	7.118800
25.525000	0.5	7.114600
25.533333	0.5	7.113000
25.541667	0.5	7.111550
25.550000	0.5	7.113700
25.558333	0.5	7.109900
25.566667	0.5	7.112550
25.575000	0.5	7.115850
25.583333	0.5	7.111550
25.591667	0.5	7.113550
25.600000	0.5	7.113200
25.608333	0.5	7.120050
25.616667	0.5	7.120950
25.625000	0.5	7.115450
25.633333	0.5	7.112300
25.641667	0.5	7.112100
25.650000	0.5	7.115400
25.658333	0.5	7.113800
25.666667	0.5	7.115750
25.675000	0.5	7.113900
25.683333	0.5	7.115100
25.691667	0.5	7.113400
25.700000	0.5	7.115250
25.708333	0.5	7.119050
25.716667	0.5	7.122150
25.725000	0.5	7.115850
25.733333	0.5	7.111950
25.741667	0.5	7.115500
25.750000	0.5	7.111000
25.758333	0.5	7.116600
25.766667	0.5	7.108950
25.775000	0.5	7.115500
25.783333	0.5	7.118250
25.791667	0.5	7.116250
25.800000	0.5	7.119150
25.808333	0.5	7.120050
25.816667	0.5	7.123950
25.825000	0.5	7.115650
25.833333	0.5	7.114750
25.841667	0.5	7.117400
25.850000	0.5	7.113000
25.858333	0.5	7.114650
25.866667	0.5	7.120700
25.875000	0.5	7.119900
25.883333	0.5	7.122100
25.891667	0.5	7.116300
25.900000	0.5	7.130100
25.908333	0.5	7.126700
25.916667	0.5	7.120900
25.925000	0.5	7.121450
25.933333	0.5	7.121950
25.941667	0.5	7.121050
25.950000	0.5	7.123450
25.958333	0.5	7.124450
25.966667	0.5	7.124200
25.975000	0.5	7.128450
25.983333	0.5	7.126550
25.991667	0.5	7.129250
26.000000	0.5	7.131700
26.008333	0.5	7.130100
26.016667	0.5	7.126950
26.025000	0.5	7.127350
26.033333	0.5	7.127950
26.041667	0.5	7.127100
26.050000	0.5	7.126100
26.058333	0.5	7.128150
26.066667	0.5	7.131550
26.075000	0.5	7.132950
26.083333	0.5	7.133400
26.091667	0.5	7.139100
26.100000	0.5	7.131650
26.108333	0.5	7.129750
26.116667	0.5	7.128250
26.125000	0.5	7.128550
26.133333	0.5	7.130550
26.141667	0.5	7.133000
26.150000	0.5	7.130350
26.158333	0.5	7.136950
26.166667	0.5	7.132200
26.175000	0.5	7.134050
26.183333	0.5	7.137150
26.191667	0.5	7.139000
26.200000	0.5	7.136100
26.208333	0.5	7.131350
26.216667	0.5	7.132300
26.225000	0.5	7.134000
26.233333	0.5	7.134050
26.241667	0.5	7.136600
26.250000	0.5	7.136800
26.258333	0.5	7.136850
26.266667	0.5	7.140350
26.275000	0.5	7.135250
26.283333	0.5	7.139450
26.291667	0.5	7.141350
26.300000	0.5	7.138700
26.308333	0.5	7.136900
26.316667	0.5	7.137700
26.325000	0.5	7.139100
26.333333	0.5	7.136000
26.341667	0.5	7.139900
26.350000	0.5	7.141050
26.358333	0.5	7.144000
26.366667	0.5	7.144750
26.375000	0.5	7.146750
26.383333	0.5	7.146400
26.391667	0.5	7.143350
26.400000	0.5	7.139950
26.408333	0.5	7.142250
26.416667	0.5	7.145800
26.425000	0.5	7.141700
26.433333	0.5	7.142900
26.441667	0.5	7.145000
26.450000	0.5	7.148500
26.458333	0.5	7.144000
26.466667	0.5	7.144850
26.475000	0.5	7.150150
26.483333	0.5	7.149350
26.491667	0.5	7.147100
26.500000	0.5	7.142500
26.508333	0.5	7.143100
26.516667	0.5	7.141300
26.525000	0.5	7.143150
26.533333	0.5	7.142850
26.541667	0.5	7.146750
26.550000	0.5	7.148150
26.558333	0.5	7.147950
26.566667	0.5	7.153850
26.575000	0.5	7.153250
26.583333	0.5	7.150700
26.591667	0.5	7.150150
26.600000	0.5	7.149050
26.608333	0.5	7.148050
26.616667	0.5	7.149350
26.625000	0.5	7.151050
26.633333	0.5	7.148200
26.641667	0.5	7.149200
26.650000	0.5	7.154300
26.658333	0.5	7.154850
26.666667	0.5	7.157950
26.675000	0.5	7.162800
26.683333	0.5	7.151200
26.691667	0.5	7.152850
26.700000	0.5	7.150400
26.708333	0.5	7.149550
26.716667	0.5	7.147400
26.725000	0.5	7.153150
26.733333	0.5	7.153500
26.741667	0.5	7.152200
26.750000	0.5	7.154650
26.758333	0.5	7.157400
26.766667	0.5	7.161100
26.775000	0.5	7.156650
26.783333	0.5	7.156700
26.791667	0.5	7.153900
26.800000	0.5	7.155150
26.808333	0.5	7.156300
26.816667	0.5	7.158700
26.825000	0.5	7.159600
26.833333	0.5	7.156800
26.841667	0.5	7.156650
26.850000	0.5	7.156000
26.858333	0.5	7.163450
26.866667	0.5	7.162100
26.875000	0.5	7.159400
26.883333	0.5	7.161850
26.891667	0.5	7.161400
26.900000	0.5	7.159500
26.908333	0.5	7.163850
26.916667	0.5	7.163750
26.925000	0.5	7.164500
26.933333	0.5	7.165500
26.941667	0.5	7.166500
26.950000	0.5	7.170800
26.958333	0.5	7.171900
26.966667	0.5	7.169400
26.975000	0.5	7.168750
26.983333	0.5	7.167100
26.991667	0.5	7.167900
27.000000	0.5	7.171650
27.008333	0.5	7.172850
27.016667	0.5	7.170500
27.025000	0.5	7.173650
27.033333	0.5	7.174900
27.041667	0.5	7.174250
27.050000	0.5	7.180800
27.058333	0.5	7.180150
27.066667	0.5	7.178350
27.075000	0.5	7.176900
27.083333	0.5	7.178550
27.091667	0.5	7.177400
27.100000	0.5	7.179200
27.108333	0.5	7.180250
27.116667	0.5	7.184300
27.125000	0.5	7.183950
27.133333	0.5	7.184700
27.141667	0.5	7.190500
27.150000	0.5	7.188000
27.158333	0.5	7.192100
27.166667	0.5	7.187300
27.175000	0.5	7.187400
27.183333	0.5	7.189200
27.191667	0.5	7.189500
27.200000	0.5	7.191800
27.208333	0.5	7.196100
27.216667	0.5	7.193500
27.225000	0.5	7.193950
27.233333	0.5	7.193800
27.241667	0.5	7.200950
27.250000	0.5	7.200500
27.258333	0.5	7.195550
27.266667	0.5	7.199900
27.275000	0.5	7.195250
27.283333	0.5	7.197500
27.291667	0.5	7.195200
27.300000	0.5	7.195700
27.308333	0.5	7.197250
27.316667	0.5	7.199100
27.325000	0.5	7.197700
27.333333	0.5	7.200450
27.341667	0.5	7.200350
27.350000	0.5	7.197400
27.358333	0.5	7.194750
27.366667	0.5	7.197200
27.375000	0.5	7.195250
27.383333	0.5	7.194250
27.391667	0.5	7.193500
27.400000	0.5	7.195950
27.408333	0.5	7.198650
27.416667	0.5	7.201150
27.425000	0.5	7.198250
27.433333	0.5	7.204300
27.441667	0.5	7.201850
27.450000	0.5	7.197700
27.458333	0.5	7.195950
27.466667	0.5	7.200450
27.475000	0.5	7.199300
27.483333	0.5	7.202300
27.491667	0.5	7.198050
27.500000	0.5	7.203150
27.508333	0.5	7.206750
27.516667	0.5	7.206350
27.525000	0.5	7.205400
27.533333	0.5	7.209600
27.541667	0.5	7.204750
27.550000	0.5	7.203400
27.558333	0.5	7.205100
27.566667	0.5	7.205200
27.575000	0.5	7.206850
27.583333	0.5	7.206450
27.591667	0.5	7.207550
27.600000	0.5	7.209950
27.608333	0.5	7.214500
27.616667	0.5	7.211600
27.625000	0.5	7.214550
27.633333	0.5	7.216800
27.641667	0.5	7.215950
27.650000	0.5	7.214350
27.658333	0.5	7.214800
27.666667	0.5	7.214050
27.675000	0.5	7.215900
27.683333	0.5	7.217800
27.691667	0.5	7.218150
27.700000	0.5	7.224500
27.708333	0.5	7.224750
27.716667	0.5	7.228500
27.725000	0.5	7.233800
27.733333	0.5	7.231550
27.741667	0.5	7.231300
27.750000	0.5	7.232300
27.758333	0.5	7.233700
27.766667	0.5	7.236100
27.775000	0.5	7.238150
27.783333	0.5	7.242400
27.791667	0.5	7.243300
27.800000	0.5	7.248300
27.808333	0.5	7.245850
27.816667	0.5	7.255250
27.825000	0.5	7.252750
27.833333	0.5	7.255200
27.841667	0.5	7.256950
27.850000	0.5	7.258350
27.858333	0.5	7.257050
27.866667	0.5	7.261800
27.875000	0.5	7.259600
27.883333	0.5	7.263100
27.891667	0.5	7.267150
27.900000	0.5	7.267350
27.908333	0.5	7.271300
27.916667	0.5	7.272150
27.925000	0.5	7.270250
27.933333	0.5	7.268400
27.941667	0.5	7.268100
27.950000	0.5	7.266200
27.958333	0.5	7.266400
27.966667	0.5	7.265100
27.975000	0.5	7.265200
27.983333	0.5	7.264750
27.991667	0.5	7.261700
28.000000	0.5	7.261500
28.008333	0.5	7.265800
28.016667	0.5	7.258150
28.025000	0.5	7.255350
28.033333	0.5	7.252600
28.041667	0.5	7.253100
28.050000	0.5	7.253200
28.058333	0.5	7.250550
28.066667	0.5	7.248450
28.075000	0.5	7.248250
28.083333	0.5	7.248700
28.091667	0.5	7.245550
28.100000	0.5	7.250300
28.108333	0.5	7.247250
28.116667	0.5	7.245650
28.125000	0.5	7.245150
28.133333	0.5	7.235900
28.141667	0.5	7.238100
28.150000	0.5	7.237050
28.158333	0.5	7.238450
28.166667	0.5	7.238550
28.175000	0.5	7.240300
28.183333	0.5	7.243050
28.191667	0.5	7.240200
28.200000	0.5	7.242950
28.208333	0.5	7.241600
28.216667	0.5	7.243350
28.225000	0.5	7.240800
28.233333	0.5	7.238750
28.241667	0.5	7.241300
28.250000	0.5	7.245650
28.258333	0.5	7.246700
28.266667	0.5	7.243450
28.275000	0.5	7.247550
28.283333	0.5	7.245200
28.291667	0.5	7.253050
28.300000	0.5	7.250850
28.308333	0.5	7.256200
28.316667	0.5	7.251400
28.325000	0.5	7.252850
28.333333	0.5	7.254550
28.341667	0.5	7.254650
28.350000	0.5	7.256250
28.358333	0.5	7.261200
28.366667	0.5	7.255500
28.375000	0.5	7.262900
28.383333	0.5	7.262100
28.391667	0.5	7.266750
28.400000	0.5	7.264550
28.408333	0.5	7.268850
28.416667	0.5	7.266950
28.425000	0.5	7.269300
28.433333	0.5	7.272450
28.441667	0.5	7.272050
28.450000	0.5	7.276850
28.458333	0.5	7.274350
28.466667	0.5	7.279600
28.475000	0.5	7.282200
28.483333	0.5	7.288750
28.491667	0.5	7.288000
28.500000	0.5	7.289750
28.508333	0.5	7.292250
28.516667	0.5	7.286450
28.525000	0.5	7.286550
28.533333	0.5	7.294500
28.541667	0.5	7.293850
28.550000	0.5	7.297350
28.558333	0.5	7.296100
28.566667	0.5	7.299650
28.575000	0.5	7.300550
28.583333	0.5	7.308100
28.591667	0.5	7.308800
28.600000	0.5	7.306850
28.608333	0.5	7.310700
28.616667	0.5	7.311300
28.625000	0.5	7.313800
28.633333	0.5	7.316800
28.641667	0.5	7.315950
28.650000	0.5	7.316050
28.658333	0.5	7.325550
28.666667	0.5	7.328150
28.675000	0.5	7.325800
28.683333	0.5	7.327100
28.691667	0.5	7.329400
28.700000	0.5	7.329950
28.708333	0.5	7.328450
28.716667	0.5	7.326700
28.725000	0.5	7.332400
28.733333	0.5	7.332500
28.741667	0.5	7.333250
28.750000	0.5	7.338800
28.758333	0.5	7.342150
28.766667	0.5	7.341650
28.775000	0.5	7.345500
28.783333	0.5	7.352200
28.791667	0.5	7.349850
28.800000	0.5	7.348500
28.808333	0.5	7.350150
28.816667	0.5	7.351850
28.825000	0.5	7.354250
28.833333	0.5	7.358050
28.841667	0.5	7.357900
28.850000	0.5	7.362900
28.858333	0.5	7.361000
28.866667	0.5	7.366150
28.875000	0.5	7.370400
28.883333	0.5	7.373000
28.891667	0.5	7.370400
28.900000	0.5	7.375750
28.908333	0.5	7.376600
28.916667	0.5	7.379950
28.925000	0.5	7.382800
28.933333	0.5	7.387750
28.941667	0.5	7.388850
28.950000	0.5	7.402400
28.958333	0.5	7.400200
28.966667	0.5	7.412550
28.975000	0.5	7.422500
28.983333	0.5	7.431750
28.991667	0.5	7.451900
29.000000	0.5	7.458200
29.008333	0.5	7.477750
29.016667	0.5	7.497600
29.025000	0.5	7.524400
29.033333	0.5	7.555750
29.041667	0.5	7.596750
29.050000	0.5	7.640400
29.058333	0.5	7.692050
29.066667	0.5	7.760700
29.075000	0.5	7.834150
29.083333	0.5	7.915100
29.091667	0.5	8.011150
29.100000	0.5	8.123550
29.108333	0.5	8.254050
29.116667	0.5	8.399250
29.125000	0.5	8.561850
29.133333	0.5	8.734200
29.141667	0.5	8.927750
29.150000	0.5	9.136450
29.158333	0.5	9.367900
29.166667	0.5	9.613100
29.175000	0.5	9.863350
29.183333	0.5	10.128100
29.191667	0.5	10.403250
29.200000	0.5	10.683550
29.208333	0.5	10.959900
29.216667	0.5	11.234500
29.225000	0.5	11.499600
29.233333	0.5	11.749050
29.241667	0.5	11.982000
29.250000	0.5	12.194050
29.258333	0.5	12.381900
29.266667	0.5	12.542700
29.275000	0.5	12.673950
29.283333	0.5	12.778900
29.291667	0.5	12.864150
29.300000	0.5	12.932000
29.308333	0.5	12.983500
29.316667	0.5	13.026100
29.325000	0.5	13.060250
29.333333	0.5	13.086450
29.341667	0.5	13.109650
29.350000	0.5	13.141500
29.358333	0.5	13.157750
29.366667	0.5	13.185450
29.375000	0.5	13.203750
29.383333	0.5	13.224300
29.391667	0.5	13.246850
29.400000	0.5	13.271950
29.408333	0.5	13.295700
29.416667	0.5	13.326200
29.425000	0.5	13.348700
29.433333	0.5	13.370400
29.441667	0.5	13.397150
29.450000	0.5	13.417000
29.458333	0.5	13.436400
29.466667	0.5	13.460500
29.475000	0.5	13.475050
29.483333	0.5	13.497650
29.491667	0.5	13.519200
29.500000	0.5	13.536400
29.508333	0.5	13.555100
29.516667	0.5	13.575450
29.525000	0.5	13.594900
29.533333	0.5	13.610450
29.541667	0.5	13.625200
29.550000	0.5	13.633050
29.558333	0.5	13.628650
29.566667	0.5	13.623000
29.575000	0.5	13.602850
29.583333	0.5	13.562300
29.591667	0.5	13.502850
29.600000	0.5	13.424650
29.608333	0.5	13.313900
29.616667	0.5	13.174200
29.625000	0.5	13.003300
29.633333	0.5	12.805650
29.641667	0.5	12.587150
29.650000	0.5	12.344850
29.658333	0.5	12.080300
29.666667	0.5	11.802000
29.675000	0.5	11.520050
29.683333	0.5	11.237300
29.691667	0.5	10.950850
29.700000	0.5	10.674900
29.708333	0.5	10.405550
29.716667	0.5	10.145500
29.725000	0.5	9.896250
29.733333	0.5	9.666550
29.741667	0.5	9.449000
29.750000	0.5	9.246550
29.758333	0.5	9.059750
29.766667	0.5	8.892700
29.775000	0.5	8.736250
29.783333	0.5	8.594550
29.791667	0.5	8.466650
29.800000	0.5	8.359700
29.808333	0.5	8.261550
29.816667	0.5	8.168650
29.825000	0.5	8.099200
29.833333	0.5	8.036350
29.841667	0.5	7.981550
29.850000	0.5	7.924100
29.858333	0.5	7.883200
29.866667	0.5	7.842300
29.875000	0.5	7.813300
29.883333	0.5	7.786550
29.891667	0.5	7.759600
29.900000	0.5	7.739050
29.908333	0.5	7.726350
29.916667	0.5	7.707650
29.925000	0.5	7.702950
29.933333	0.5	7.685950
29.941667	0.5	7.680250
29.950000	0.5	7.671250
29.958333	0.5	7.667750
29.966667	0.5	7.660700
29.975000	0.5	7.652350
29.983333	0.5	7.645350
29.991667	0.5	7.645000
30.000000	0.5	7.639300
30.008333	0.5	7.635800
30.016667	0.5	7.632650
30.025000	0.5	7.638200
30.033333	0.5	7.630750
30.041667	0.5	7.623750
30.050000	0.5	7.625050
30.058333	0.5	7.626650
30.066667	0.5	7.623050
30.075000	0.5	7.617200
30.083333	0.5	7.618500
30.091667	0.5	7.618950
30.100000	0.5	7.611800
30.108333	0.5	7.612200
30.116667	0.5	7.616800
30.125000	0.5	7.614650
30.133333	0.5	7.610900
30.141667	0.5	7.613200
30.150000	0.5	7.615500
30.158333	0.5	7.610450
30.166667	0.5	7.611750
30.175000	0.5	7.606950
30.183333	0.5	7.608150
30.191667	0.5	7.613800
30.200000	0.5	7.608000
30.208333	0.5	7.609450
30.216667	0.5	7.610400
30.225000	0.5	7.608150
30.233333	0.5	7.607700
30.241667	0.5	7.601950
30.250000	0.5	7.605050
30.258333	0.5	7.603250
30.266667	0.5	7.603450
30.275000	0.5	7.606650
30.283333	0.5	7.606300
30.291667	0.5	7.605950
30.300000	0.5	7.607750
30.308333	0.5	7.608450
30.316667	0.5	7.610100
30.325000	0.5	7.612000
30.333333	0.5	7.605700
30.341667	0.5	7.609950
30.350000	0.5	7.605900
30.358333	0.5	7.609950
30.366667	0.5	7.608300
30.375000	0.5	7.609500
30.383333	0.5	7.609650
30.391667	0.5	7.616800
30.400000	0.5	7.614200
30.408333	0.5	7.614700
30.416667	0.5	7.615800
30.425000	0.5	7.612050
30.433333	0.5	7.612150
30.441667	0.5	7.611350
30.450000	0.5	7.617550
30.458333	0.5	7.614150
30.466667	0.5	7.615900
30.475000	0.5	7.616150
30.483333	0.5	7.619050
30.491667	0.5	7.615350
30.500000	0.5	7.617350
30.508333	0.5	7.626250
30.516667	0.5	7.620200
30.525000	0.5	7.617800
30.533333	0.5	7.621250
30.541667	0.5	7.620650
30.550000	0.5	7.616400
30.558333	0.5	7.616600
30.566667	0.5	7.620950
30.575000	0.5	7.624550
30.583333	0.5	7.621600
30.591667	0.5	7.628650
30.600000	0.5	7.628750
30.608333	0.5	7.631050
30.616667	0.5	7.625000
30.625000	0.5	7.628550
30.633333	0.5	7.625500
30.641667	0.5	7.633600
30.650000	0.5	7.628650
30.658333	0.5	7.631200
30.666667	0.5	7.630150
30.675000	0.5	7.631250
30.683333	0.5	7.632750
30.691667	0.5	7.634550
30.700000	0.5	7.636300
30.708333	0.5	7.630950
30.716667	0.5	7.632550
30.725000	0.5	7.632700
30.733333	0.5	7.635700
30.741667	0.5	7.632000
30.750000	0.5	7.637050
30.758333	0.5	7.630600
30.766667	0.5	7.636300
30.775000	0.5	7.636050
30.783333	0.5	7.640300
30.791667	0.5	7.638150
30.800000	0.5	7.631850
30.808333	0.5	7.633050
30.816667	0.5	7.633700
30.825000	0.5	7.632600
30.833333	0.5	7.629350
30.841667	0.5	7.630800
30.850000	0.5	7.627850
30.858333	0.5	7.632100
30.866667	0.5	7.635750
30.875000	0.5	7.636450
30.883333	0.5	7.640600
30.891667	0.5	7.636450
30.900000	0.5	7.633550
30.908333	0.5	7.632900
30.916667	0.5	7.632300
30.925000	0.5	7.634000
30.933333	0.5	7.634950
30.941667	0.5	7.632550
30.950000	0.5	7.636650
30.958333	0.5	7.635650
30.966667	0.5	7.627700
30.975000	0.5	7.637700
30.983333	0.5	7.639200
30.991667	0.5	7.639100
31.000000	0.5	7.634850
31.008333	0.5	7.634450
31.016667	0.5	7.636050
31.025000	0.5	7.635650
31.033333	0.5	7.637900
31.041667	0.5	7.638400
31.050000	0.5	7.639300
31.058333	0.5	7.641050
31.066667	0.5	7.636750
31.075000	0.5	7.638300
31.083333	0.5	7.645450
31.091667	0.5	7.639350
31.100000	0.5	7.641850
31.108333	0.5	7.640500
31.116667	0.5	7.646200
31.125000	0.5	7.639350
31.133333	0.5	7.643400
31.141667	0.5	7.644600
31.150000	0.5	7.648100
31.158333	0.5	7.648000
31.166667	0.5	7.648800
31.175000	0.5	7.644900
31.183333	0.5	7.652450
31.191667	0.5	7.649700
31.200000	0.5	7.645000
31.208333	0.5	7.642700
31.216667	0.5	7.645700
31.225000	0.5	7.644800
31.233333	0.5	7.647900
31.241667	0.5	7.648200
31.250000	0.5	7.648150
31.258333	0.5	7.646150
31.266667	0.5	7.653550
31.275000	0.5	7.651750
31.283333	0.5	7.649800
31.291667	0.5	7.647950
31.300000	0.5	7.646250
31.308333	0.5	7.644850
31.316667	0.5	7.647250
31.325000	0.5	7.648950
31.333333	0.5	7.647750
31.341667	0.5	7.650300
31.350000	0.5	7.645650
31.358333	0.5	7.648050
31.366667	0.5	7.647600
31.375000	0.5	7.651500
31.383333	0.5	7.646050
31.391667	0.5	7.643450
31.400000	0.5	7.647450
31.408333	0.5	7.645550
31.416667	0.5	7.645750
31.425000	0.5	7.649250
31.433333	0.5	7.647000
31.441667	0.5	7.647300
31.450000	0.5	7.644950
31.458333	0.5	7.651800
31.466667	0.5	7.650800
31.475000	0.5	7.651350
31.483333	0.5	7.646300
31.491667	0.5	7.647550
31.500000	0.5	7.651350
31.508333	0.5	7.648600
31.516667	0.5	7.649650
31.525000	0.5	7.649850
31.533333	0.5	7.652250
31.541667	0.5	7.652150
31.550000	0.5	7.657350
31.558333	0.5	7.658650
31.566667	0.5	7.654850
31.575000	0.5	7.655900
31.583333	0.5	7.658350
31.591667	0.5	7.657700
31.600000	0.5	7.662900
31.608333	0.5	7.662350
31.616667	0.5	7.660950
31.625000	0.5	7.663900
31.633333	0.5	7.663050
31.641667	0.5	7.668300
31.650000	0.5	7.671100
31.658333	0.5	7.675550
31.666667	0.5	7.679900
31.675000	0.5	7.680000
31.683333	0.5	7.682650
31.691667	0.5	7.683050
31.700000	0.5	7.686400
31.708333	0.5	7.688650
31.716667	0.5	7.693750
31.725000	0.5	7.696800
31.733333	0.5	7.698150
31.741667	0.5	7.710150
31.750000	0.5	7.715050
31.758333	0.5	7.716600
31.766667	0.5	7.723150
31.775000	0.5	7.734550
31.783333	0.5	7.740550
31.791667	0.5	7.753350
31.800000	0.5	7.754450
31.808333	0.5	7.770050
31.816667	0.5	7.782750
31.825000	0.5	7.794950
31.833333	0.5	7.806650
31.841667	0.5	7.826850
31.850000	0.5	7.845800
31.858333	0.5	7.858800
31.866667	0.5	7.880100
31.875000	0.5	7.901000
31.883333	0.5	7.922200
31.891667	0.5	7.948900
31.900000	0.5	7.976100
31.908333	0.5	8.003350
31.916667	0.5	8.035350
31.925000	0.5	8.063200
31.933333	0.5	8.094800
31.941667	0.5	8.127150
31.950000	0.5	8.161500
31.958333	0.5	8.196550
31.966667	0.5	8.230750
31.975000	0.5	8.268000
31.983333	0.5	8.304850
31.991667	0.5	8.342500
32.000000	0.5	8.379300
32.008333	0.5	8.414350
32.016667	0.5	8.453050
32.025000	0.5	8.486850
32.033333	0.5	8.523900
32.041667	0.5	8.556600
32.050000	0.5	8.585000
32.058333	0.5	8.613100
32.066667	0.5	8.649050
32.075000	0.5	8.672800
32.083333	0.5	8.698600
32.091667	0.5	8.715700
32.100000	0.5	8.733450
32.108333	0.5	8.751050
32.116667	0.5	8.758550
32.125000	0.5	8.772900
32.133333	0.5	8.780550
32.141667	0.5	8.784950
32.150000	0.5	8.784350
32.158333	0.5	8.783650
32.166667	0.5	8.776100
32.175000	0.5	8.766150
32.183333	0.5	8.754400
32.191667	0.5	8.738950
32.200000	0.5	8.721400
32.208333	0.5	8.704350
32.216667	0.5	8.681300
32.225000	0.5	8.661850
32.233333	0.5	8.641300
32.241667	0.5	8.613350
32.250000	0.5	8.581950
32.258333	0.5	8.551400
32.266667	0.5	8.518700
32.275000	0.5	8.489550
32.283333	0.5	8.456900
32.291667	0.5	8.423500
32.300000	0.5	8.393000
32.308333	0.5	8.360100
32.316667	0.5	8.334050
32.325000	0.5	8.299250
32.333333	0.5	8.269850
32.341667	0.5	8.236950
32.350000	0.5	8.211150
32.358333	0.5	8.183050
32.366667	0.5	8.153850
32.375000	0.5	8.131400
32.383333	0.5	8.111850
32.391667	0.5	8.088500
32.400000	0.5	8.066000
32.408333	0.5	8.051600
32.416667	0.5	8.035700
32.425000	0.5	8.017100
32.433333	0.5	7.998450
32.441667	0.5	7.988700
32.450000	0.5	7.978300
32.458333	0.5	7.971550
32.466667	0.5	7.962750
32.475000	0.5	7.956700
32.483333	0.5	7.952100
32.491667	0.5	7.952750
32.500000	0.5	7.946350
32.508333	0.5	7.947250
32.516667	0.5	7.949150
32.525000	0.5	7.953550
32.533333	0.5	7.951150
32.541667	0.5	7.951650
32.550000	0.5	7.958250
32.558333	0.5	7.952550
32.566667	0.5	7.961200
32.575000	0.5	7.969000
32.583333	0.5	7.973150
32.591667	0.5	7.975500
32.600000	0.5	7.980750
32.608333	0.5	7.991750
32.616667	0.5	8.000450
32.625000	0.5	8.004000
32.633333	0.5	8.015600
32.641667	0.5	8.017850
32.650000	0.5	8.026750
32.658333	0.5	8.034700
32.666667	0.5	8.043450
32.675000	0.5	8.050700
32.683333	0.5	8.059650
32.691667	0.5	8.075450
32.700000	0.5	8.082550
32.708333	0.5	8.097900
32.716667	0.5	8.111000
32.725000	0.5	8.117750
32.733333	0.5	8.122600
32.741667	0.5	8.107600
32.750000	0.5	8.102650
32.758333	0.5	8.098550
32.766667	0.5	8.092200
32.775000	0.5	8.083250
32.783333	0.5	8.067650
32.791667	0.5	8.058200
32.800000	0.5	8.039500
32.808333	0.5	8.029150
32.816667	0.5	8.021950
32.825000	0.5	8.014200
32.833333	0.5	8.007400
32.841667	0.5	8.005250
32.850000	0.5	7.998950
32.858333	0.5	7.996400
32.866667	0.5	8.001100
32.875000	0.5	8.003950
32.883333	0.5	8.001700
32.891667	0.5	8.000150
32.900000	0.5	7.984450
32.908333	0.5	7.975900
32.916667	0.5	7.965250
32.925000	0.5	7.948000
32.933333	0.5	7.938550
32.941667	0.5	7.924200
32.950000	0.5	7.915200
32.958333	0.5	7.907850
32.966667	0.5	7.901800
32.975000	0.5	7.900100
32.983333	0.5	7.892500
32.991667	0.5	7.889700
33.000000	0.5	7.888950
33.008333	0.5	7.888250
33.016667	0.5	7.893050
33.025000	0.5	7.895300
33.033333	0.5	7.898600
33.041667	0.5	7.906200
33.050000	0.5	7.915150
33.058333	0.5	7.920650
33.066667	0.5	7.938400
33.075000	0.5	7.950350
33.083333	0.5	7.962650
33.091667	0.5	7.969550
33.100000	0.5	7.978350
33.108333	0.5	7.978700
33.116667	0.5	7.974550
33.125000	0.5	7.970850
33.133333	0.5	7.958550
33.141667	0.5	7.954050
33.150000	0.5	7.939450
33.158333	0.5	7.930200
33.166667	0.5	7.915350
33.175000	0.5	7.899100
33.183333	0.5	7.888750
33.191667	0.5	7.868050
33.200000	0.5	7.854750
33.208333	0.5	7.830000
33.216667	0.5	7.816950
33.225000	0.5	7.806450
33.233333	0.5	7.790700
33.241667	0.5	7.781200
33.250000	0.5	7.764650
33.258333	0.5	7.759850
33.266667	0.5	7.750150
33.275000	0.5	7.740600
33.283333	0.5	7.732650
33.291667	0.5	7.729200
33.300000	0.5	7.721100
33.308333	0.5	7.719550
33.316667	0.5	7.718050
33.325000	0.5	7.711400
33.333333	0.5	7.709550
33.341667	0.5	7.709200
33.350000	0.5	7.706600
33.358333	0.5	7.700850
33.366667	0.5	7.698500
33.375000	0.5	7.705100
33.383333	0.5	7.704400
33.391667	0.5	7.697350
33.400000	0.5	7.696550
33.408333	0.5	7.697000
33.416667	0.5	7.692050
33.425000	0.5	7.698600
33.433333	0.5	7.696850
33.441667	0.5	7.697550
33.450000	0.5	7.697950
33.458333	0.5	7.696700
33.466667	0.5	7.694650
33.475000	0.5	7.698700
33.483333	0.5	7.693950
33.491667	0.5	7.695050
33.500000	0.5	7.696200
33.508333	0.5	7.692100
33.516667	0.5	7.697150
33.525000	0.5	7.691350
33.533333	0.5	7.697350
33.541667	0.5	7.693700
33.550000	0.5	7.696450
33.558333	0.5	7.693350
33.566667	0.5	7.691600
33.575000	0.5	7.701250
33.583333	0.5	7.693750
33.591667	0.5	7.697550
33.600000	0.5	7.695750
33.608333	0.5	7.695250
33.616667	0.5	7.701300
33.625000	0.5	7.706750
33.633333	0.5	7.706250
33.641667	0.5	7.709900
33.650000	0.5	7.711250
33.658333	0.5	7.710550
33.666667	0.5	7.720250
33.675000	0.5	7.719750
33.683333	0.5	7.720000
33.691667	0.5	7.726800
33.700000	0.5	7.725750
33.708333	0.5	7.729550
33.716667	0.5	7.729550
33.725000	0.5	7.728200
33.733333	0.5	7.736950
33.741667	0.5	7.738150
33.750000	0.5	7.734600
33.758333	0.5	7.734050
33.766667	0.5	7.738850
33.775000	0.5	7.732250
33.783333	0.5	7.727350
33.791667	0.5	7.725800
33.800000	0.5	7.729800
33.808333	0.5	7.724700
33.816667	0.5	7.726600
33.825000	0.5	7.725850
33.833333	0.5	7.726950
33.841667	0.5	7.722450
33.850000	0.5	7.725650
33.858333	0.5	7.722900
33.866667	0.5	7.725450
33.875000	0.5	7.719500
33.883333	0.5	7.723950
33.891667	0.5	7.724200
33.900000	0.5	7.719850
33.908333	0.5	7.719250
33.916667	0.5	7.717550
33.925000	0.5	7.721300
33.933333	0.5	7.715700
33.941667	0.5	7.716600
33.950000	0.5	7.716000
33.958333	0.5	7.721300
33.966667	0.5	7.717950
33.975000	0.5	7.711950
33.983333	0.5	7.710100
33.991667	0.5	7.710150
34.000000	0.5	7.708800
34.008333	0.5	7.707450
34.016667	0.5	7.701800
34.025000	0.5	7.703450
34.033333	0.5	7.705550
34.041667	0.5	7.707900
34.050000	0.5	7.705150
34.058333	0.5	7.710600
34.066667	0.5	7.705050
34.075000	0.5	7.705400
34.083333	0.5	7.707700
34.091667	0.5	7.702800
34.100000	0.5	7.702000
34.108333	0.5	7.703550
34.116667	0.5	7.703950
34.125000	0.5	7.706700
34.133333	0.5	7.702800
34.141667	0.5	7.706200
34.150000	0.5	7.701550
34.158333	0.5	7.697150
34.166667	0.5	7.702400
34.175000	0.5	7.700750
34.183333	0.5	7.696600
34.191667	0.5	7.696800
34.200000	0.5	7.699850
34.208333	0.5	7.696100
34.216667	0.5	7.690700
34.225000	0.5	7.694400
34.233333	0.5	7.694700
34.241667	0.5	7.694800
34.250000	0.5	7.689700
34.258333	0.5	7.685650
34.266667	0.5	7.687600
34.275000	0.5	7.686700
34.283333	0.5	7.687400
34.291667	0.5	7.686100
34.300000	0.5	7.685700
34.308333	0.5	7.686000
34.316667	0.5	7.687700
34.325000	0.5	7.685500
34.333333	0.5	7.692850
34.341667	0.5	7.692150
34.350000	0.5	7.687150
34.358333	0.5	7.682000
34.366667	0.5	7.684950
34.375000	0.5	7.683900
34.383333	0.5	7.679800
34.391667	0.5	7.683350
34.400000	0.5	7.682800
34.408333	0.5	7.687700
34.416667	0.5	7.683600
34.425000	0.5	7.685800
34.433333	0.5	7.690050
34.441667	0.5	7.691650
34.450000	0.5	7.683950
34.458333	0.5	7.689550
34.466667	0.5	7.688950
34.475000	0.5	7.692200
34.483333	0.5	7.689050
34.491667	0.5	7.696300
34.500000	0.5	7.700700
34.508333	0.5	7.708900
34.516667	0.5	7.715550
34.525000	0.5	7.732500
34.533333	0.5	7.746300
34.541667	0.5	7.764350
34.550000	0.5	7.783250
34.558333	0.5	7.815950
34.566667	0.5	7.851750
34.575000	0.5	7.889450
34.583333	0.5	7.939450
34.591667	0.5	7.995500
34.600000	0.5	8.057550
34.608333	0.5	8.123400
34.616667	0.5	8.204550
34.625000	0.5	8.282950
34.633333	0.5	8.364550
34.641667	0.5	8.453800
34.650000	0.5	8.539900
34.658333	0.5	8.618600
34.666667	0.5	8.701400
34.675000	0.5	8.774050
34.683333	0.5	8.838250
34.691667	0.5	8.894250
34.700000	0.5	8.933800
34.708333	0.5	8.966350
34.716667	0.5	8.989200
34.725000	0.5	8.994100
34.733333	0.5	8.983700
34.741667	0.5	8.958150
34.750000	0.5	8.922400
34.758333	0.5	8.874800
34.766667	0.5	8.820350
34.775000	0.5	8.756250
34.783333	0.5	8.684800
34.791667	0.5	8.610000
34.800000	0.5	8.535150
34.808333	0.5	8.465550
34.816667	0.5	8.389900
34.825000	0.5	8.313900
34.833333	0.5	8.240450
34.841667	0.5	8.178350
34.850000	0.5	8.121750
34.858333	0.5	8.071350
34.866667	0.5	8.026550
34.875000	0.5	7.990950
34.883333	0.5	7.960200
34.891667	0.5	7.935000
34.900000	0.5	7.917000
34.908333	0.5	7.903950
34.916667	0.5	7.891350
34.925000	0.5	7.882400
34.933333	0.5	7.869050
34.941667	0.5	7.865700
34.950000	0.5	7.865450
34.958333	0.5	7.859400
34.966667	0.5	7.854350
34.975000	0.5	7.853900
34.983333	0.5	7.847350
34.991667	0.5	7.847250
35.000000	0.5	7.837100
35.008333	0.5	7.831550
35.016667	0.5	7.827050
35.025000	0.5	7.814800
35.033333	0.5	7.808600
35.041667	0.5	7.800200
35.050000	0.5	7.795550
35.058333	0.5	7.792400
35.066667	0.5	7.783450
35.075000	0.5	7.781100
35.083333	0.5	7.784350
35.091667	0.5	7.778900
35.100000	0.5	7.782600
35.108333	0.5	7.785000
35.116667	0.5	7.785650
35.125000	0.5	7.789700
35.133333	0.5	7.789750
35.141667	0.5	7.801750
35.150000	0.5	7.802250
35.158333	0.5	7.809200
35.166667	0.5	7.807700
35.175000	0.5	7.815500
35.183333	0.5	7.810350
35.191667	0.5	7.813900
35.200000	0.5	7.812150
35.208333	0.5	7.806100
35.216667	0.5	7.805450
35.225000	0.5	7.795350
35.233333	0.5	7.791400
35.241667	0.5	7.788600
35.250000	0.5	7.779100
35.258333	0.5	7.777750
35.266667	0.5	7.773350
35.275000	0.5	7.769300
35.283333	0.5	7.758300
35.291667	0.5	7.759200
35.300000	0.5	7.758950
35.308333	0.5	7.751000
35.316667	0.5	7.744700
35.325000	0.5	7.744650
35.333333	0.5	7.746200
35.341667	0.5	7.744350
35.350000	0.5	7.737500
35.358333	0.5	7.738100
35.366667	0.5	7.736200
35.375000	0.5	7.731200
35.383333	0.5	7.738150
35.391667	0.5	7.733300
35.400000	0.5	7.728550
35.408333	0.5	7.724300
35.416667	0.5	7.721850
35.425000	0.5	7.720600
35.433333	0.5	7.721050
35.441667	0.5	7.715900
35.450000	0.5	7.718350
35.458333	0.5	7.717100
35.466667	0.5	7.723050
35.475000	0.5	7.718350
35.483333	0.5	7.729050
35.491667	0.5	7.721500
35.500000	0.5	7.722450
35.508333	0.5	7.715950
35.516667	0.5	7.722100
35.525000	0.5	7.716200
35.533333	0.5	7.714700
35.541667	0.5	7.718000
35.550000	0.5	7.712400
35.558333	0.5	7.715600
35.566667	0.5	7.713500
35.575000	0.5	7.716600
35.583333	0.5	7.721350
35.591667	0.5	7.718350
35.600000	0.5	7.719150
35.608333	0.5	7.715850
35.616667	0.5	7.720400
35.625000	0.5	7.719500
35.633333	0.5	7.722850
35.641667	0.5	7.722700
35.650000	0.5	7.722500
35.658333	0.5	7.720850
35.666667	0.5	7.727350
35.675000	0.5	7.729950
35.683333	0.5	7.730250
35.691667	0.5	7.729250
35.700000	0.5	7.732300
35.708333	0.5	7.728550
35.716667	0.5	7.733850
35.725000	0.5	7.734900
35.733333	0.5	7.735850
35.741667	0.5	7.734600
35.750000	0.5	7.734300
35.758333	0.5	7.734250
35.766667	0.5	7.739650
35.775000	0.5	7.738000
35.783333	0.5	7.735850
35.791667	0.5	7.730550
35.800000	0.5	7.730900
35.808333	0.5	7.726350
35.816667	0.5	7.730150
35.825000	0.5	7.724800
35.833333	0.5	7.731650
35.841667	0.5	7.727450
35.850000	0.5	7.723550
35.858333	0.5	7.724750
35.866667	0.5	7.729300
35.875000	0.5	7.730450
35.883333	0.5	7.720750
35.891667	0.5	7.717950
35.900000	0.5	7.720100
35.908333	0.5	7.715400
35.916667	0.5	7.714150
35.925000	0.5	7.710750
35.933333	0.5	7.714850
35.941667	0.5	7.712950
35.950000	0.5	7.712550
35.958333	0.5	7.709700
35.966667	0.5	7.714400
35.975000	0.5	7.710400
35.983333	0.5	7.708050
35.991667	0.5	7.702900
36.000000	0.5	7.704400
36.008333	0.5	7.710050
36.016667	0.5	7.703400
36.025000	0.5	7.707650
36.033333	0.5	7.708050
36.041667	0.5	7.710800
36.050000	0.5	7.707650
36.058333	0.5	7.712850
36.066667	0.5	7.710700
36.075000	0.5	7.710500
36.083333	0.5	7.707750
36.091667	0.5	7.706600
36.100000	0.5	7.706550
36.108333	0.5	7.703400
36.116667	0.5	7.707500
36.125000	0.5	7.702650
36.133333	0.5	7.706050
36.141667	0.5	7.707800
36.150000	0.5	7.705700
36.158333	0.5	7.707250
36.166667	0.5	7.704100
36.175000	0.5	7.703850
36.183333	0.5	7.705000
36.191667	0.5	7.708200
36.200000	0.5	7.707950
36.208333	0.5	7.704650
36.216667	0.5	7.708950
36.225000	0.5	7.710950
36.233333	0.5	7.706150
36.241667	0.5	7.711900
36.250000	0.5	7.713900
36.258333	0.5	7.710200
36.266667	0.5	7.708550
36.275000	0.5	7.704850
36.283333	0.5	7.703750
36.291667	0.5	7.705450
36.300000	0.5	7.700450
36.308333	0.5	7.702350
36.316667	0.5	7.701300
36.325000	0.5	7.704950
36.333333	0.5	7.702000
36.341667	0.5	7.702200
36.350000	0.5	7.700500
36.358333	0.5	7.697800
36.366667	0.5	7.701000
36.375000	0.5	7.699250
36.383333	0.5	7.692850
36.391667	0.5	7.697550
36.400000	0.5	7.696700
36.408333	0.5	7.694850
36.416667	0.5	7.692600
36.425000	0.5	7.697550
36.433333	0.5	7.695550
36.441667	0.5	7.698350
36.450000	0.5	7.697600
36.458333	0.5	7.699550
36.466667	0.5	7.694550
36.475000	0.5	7.697550
36.483333	0.5	7.695300
36.491667	0.5	7.695350
36.500000	0.5	7.694300
36.508333	0.5	7.688100
36.516667	0.5	7.697800
36.525000	0.5	7.693050
36.533333	0.5	7.687750
36.541667	0.5	7.692200
36.550000	0.5	7.685750
36.558333	0.5	7.683950
36.566667	0.5	7.679500
36.575000	0.5	7.684100
36.583333	0.5	7.679800
36.591667	0.5	7.683300
36.600000	0.5	7.682400
36.608333	0.5	7.686200
36.616667	0.5	7.691350
36.625000	0.5	7.684400
36.633333	0.5	7.687200
36.641667	0.5	7.683300
36.650000	0.5	7.682850
36.658333	0.5	7.683800
36.666667	0.5	7.688250
36.675000	0.5	7.684450
36.683333	0.5	7.684550
36.691667	0.5	7.685900
36.700000	0.5	7.687700
36.708333	0.5	7.686050
36.716667	0.5	7.686200
36.725000	0.5	7.692600
36.733333	0.5	7.692250
36.741667	0.5	7.689250
36.750000	0.5	7.691800
36.758333	0.5	7.692950
36.766667	0.5	7.687800
36.775000	0.5	7.697400
36.783333	0.5	7.699300
36.791667	0.5	7.698650
36.800000	0.5	7.701100
36.808333	0.5	7.704650
36.816667	0.5	7.707100
36.825000	0.5	7.706750
36.833333	0.5	7.707850
36.841667	0.5	7.706700
36.850000	0.5	7.709500
36.858333	0.5	7.708950
36.866667	0.5	7.708250
36.875000	0.5	7.709650
36.883333	0.5	7.704900
36.891667	0.5	7.714500
36.900000	0.5	7.709000
36.908333	0.5	7.703100
36.916667	0.5	7.704650
36.925000	0.5	7.711550
36.933333	0.5	7.710850
36.941667	0.5	7.714800
36.950000	0.5	7.720200
36.958333	0.5	7.732650
36.966667	0.5	7.732700
36.975000	0.5	7.747950
36.983333	0.5	7.753050
36.991667	0.5	7.767800
37.000000	0.5	7.783300
37.008333	0.5	7.786200
37.016667	0.5	7.806800
37.025000	0.5	7.811650
37.033333	0.5	7.820950
37.041667	0.5	7.821850
37.050000	0.5	7.830650
37.058333	0.5	7.834700
37.066667	0.5	7.833100
37.075000	0.5	7.829200
37.083333	0.5	7.821150
37.091667	0.5	7.823150
37.100000	0.5	7.810600
37.108333	0.5	7.803100
37.116667	0.5	7.788400
37.125000	0.5	7.779900
37.133333	0.5	7.769850
37.141667	0.5	7.758400
37.150000	0.5	7.749300
37.158333	0.5	7.742900
37.166667	0.5	7.732450
37.175000	0.5	7.727150
37.183333	0.5	7.719650
37.191667	0.5	7.712900
37.200000	0.5	7.708500
37.208333	0.5	7.705150
37.216667	0.5	7.697750
37.225000	0.5	7.692500
37.233333	0.5	7.686050
37.241667	0.5	7.686250
37.250000	0.5	7.683550
37.258333	0.5	7.686150
37.266667	0.5	7.678900
37.275000	0.5	7.672550
37.283333	0.5	7.673100
37.291667	0.5	7.673700
37.300000	0.5	7.673650
37.308333	0.5	7.669500
37.316667	0.5	7.667750
37.325000	0.5	7.665650
37.333333	0.5	7.663850
37.341667	0.5	7.664900
37.350000	0.5	7.660000
37.358333	0.5	7.663850
37.366667	0.5	7.663650
37.375000	0.5	7.661300
37.383333	0.5	7.660850
37.391667	0.5	7.659650
37.400000	0.5	7.667000
37.408333	0.5	7.661950
37.416667	0.5	7.662700
37.425000	0.5	7.656050
37.433333	0.5	7.660350
37.441667	0.5	7.657850
37.450000	0.5	7.657300
37.458333	0.5	7.659300
37.466667	0.5	7.662850
37.475000	0.5	7.665700
37.483333	0.5	7.671000
37.491667	0.5	7.671000
37.500000	0.5	7.675150
37.508333	0.5	7.682750
37.516667	0.5	7.684050
37.525000	0.5	7.684550
37.533333	0.5	7.688850
37.541667	0.5	7.699200
37.550000	0.5	7.706050
37.558333	0.5	7.715550
37.566667	0.5	7.726100
37.575000	0.5	7.732400
37.583333	0.5	7.741500
37.591667	0.5	7.751600
37.600000	0.5	7.763600
37.608333	0.5	7.768150
37.616667	0.5	7.773100
37.625000	0.5	7.779950
37.633333	0.5	7.783950
37.641667	0.5	7.786300
37.650000	0.5	7.789450
37.658333	0.5	7.791350
37.666667	0.5	7.789550
37.675000	0.5	7.784750
37.683333	0.5	7.781850
37.691667	0.5	7.782900
37.700000	0.5	7.767350
37.708333	0.5	7.764200
37.716667	0.5	7.767450
37.725000	0.5	7.752250
37.733333	0.5	7.747300
37.741667	0.5	7.742200
37.750000	0.5	7.738500
37.758333	0.5	7.733800
37.766667	0.5	7.735600
37.775000	0.5	7.731000
37.783333	0.5	7.733900
37.791667	0.5	7.726400
37.800000	0.5	7.729800
37.808333	0.5	7.723450
37.816667	0.5	7.725100
37.825000	0.5	7.719050
37.833333	0.5	7.715400
37.841667	0.5	7.712250
37.850000	0.5	7.714050
37.858333	0.5	7.708550
37.866667	0.5	7.707150
37.875000	0.5	7.703700
37.883333	0.5	7.707800
37.891667	0.5	7.703000
37.900000	0.5	7.702650
37.908333	0.5	7.696100
37.916667	0.5	7.693500
37.925000	0.5	7.695000
37.933333	0.5	7.693800
37.941667	0.5	7.694500
37.950000	0.5	7.703000
37.958333	0.5	7.698650
37.966667	0.5	7.697350
37.975000	0.5	7.699800
37.983333	0.5	7.698850
37.991667	0.5	7.697350
38.000000	0.5	7.702350
38.008333	0.5	7.698800
38.016667	0.5	7.696600
38.025000	0.5	7.704650
38.033333	0.5	7.697500
38.041667	0.5	7.694300
38.050000	0.5	7.697550
38.058333	0.5	7.690400
38.066667	0.5	7.694500
38.075000	0.5	7.699050
38.083333	0.5	7.693550
38.091667	0.5	7.694100
38.100000	0.5	7.693000
38.108333	0.5	7.689600
38.116667	0.5	7.693100
38.125000	0.5	7.689450
38.133333	0.5	7.687900
38.141667	0.5	7.684400
38.150000	0.5	7.683500
38.158333	0.5	7.688250
38.166667	0.5	7.690100
38.175000	0.5	7.697150
38.183333	0.5	7.691500
38.191667	0.5	7.690500
38.200000	0.5	7.694900
38.208333	0.5	7.696350
38.216667	0.5	7.699700
38.225000	0.5	7.696050
38.233333	0.5	7.697350
38.241667	0.5	7.698350
38.250000	0.5	7.698300
38.258333	0.5	7.699700
38.266667	0.5	7.705200
38.275000	0.5	7.703450
38.283333	0.5	7.701050
38.291667	0.5	7.696300
38.300000	0.5	7.700450
38.308333	0.5	7.696200
38.316667	0.5	7.702550
38.325000	0.5	7.693300
38.333333	0.5	7.694750
38.341667	0.5	7.692650
38.350000	0.5	7.691550
38.358333	0.5	7.688650
38.366667	0.5	7.697950
38.375000	0.5	7.686600
38.383333	0.5	7.694350
38.391667	0.5	7.690350
38.400000	0.5	7.692300
38.408333	0.5	7.695050
38.416667	0.5	7.695500
38.425000	0.5	7.694500
38.433333	0.5	7.692000
38.441667	0.5	7.696450
38.450000	0.5	7.703350
38.458333	0.5	7.700750
38.466667	0.5	7.699350
38.475000	0.5	7.703750
38.483333	0.5	7.703250
38.491667	0.5	7.703150
38.500000	0.5	7.709350
38.508333	0.5	7.713950
38.516667	0.5	7.711650
38.525000	0.5	7.724450
38.533333	0.5	7.720300
38.541667	0.5	7.726450
38.550000	0.5	7.734200
38.558333	0.5	7.735900
38.566667	0.5	7.742000
38.575000	0.5	7.750000
38.583333	0.5	7.748250
38.591667	0.5	7.751900
38.600000	0.5	7.757150
38.608333	0.5	7.751150
38.616667	0.5	7.757500
38.625000	0.5	7.758800
38.633333	0.5	7.761200
38.641667	0.5	7.758600
38.650000	0.5	7.757350
38.658333	0.5	7.760400
38.666667	0.5	7.758550
38.675000	0.5	7.756500
38.683333	0.5	7.750350
38.691667	0.5	7.747750
38.700000	0.5	7.739900
38.708333	0.5	7.733500
38.716667	0.5	7.735550
38.725000	0.5	7.726650
38.733333	0.5	7.717950
38.741667	0.5	7.721200
38.750000	0.5	7.704850
38.758333	0.5	7.700500
38.766667	0.5	7.695900
38.775000	0.5	7.692350
38.783333	0.5	7.684600
38.791667	0.5	7.678550
38.800000	0.5	7.676200
38.808333	0.5	7.672900
38.816667	0.5	7.674400
38.825000	0.5	7.664300
38.833333	0.5	7.666550
38.841667	0.5	7.662250
38.850000	0.5	7.667350
38.858333	0.5	7.653250
38.866667	0.5	7.654300
38.875000	0.5	7.656850
38.883333	0.5	7.652700
38.891667	0.5	7.651450
38.900000	0.5	7.654150
38.908333	0.5	7.654700
38.916667	0.5	7.650750
38.925000	0.5	7.651350
38.933333	0.5	7.653100
38.941667	0.5	7.651600
38.950000	0.5	7.648200
38.958333	0.5	7.645600
38.966667	0.5	7.646850
38.975000	0.5	7.644300
38.983333	0.5	7.647550
38.991667	0.5	7.643400
39.000000	0.5	7.641800
39.008333	0.5	7.640350
39.016667	0.5	7.640750
39.025000	0.5	7.646900
39.033333	0.5	7.644750
39.041667	0.5	7.643850
39.050000	0.5	7.645900
39.058333	0.5	7.641550
39.066667	0.5	7.646050
39.075000	0.5	7.643300
39.083333	0.5	7.638850
39.091667	0.5	7.642550
39.100000	0.5	7.648450
39.108333	0.5	7.647250
39.116667	0.5	7.648750
39.125000	0.5	7.653300
39.133333	0.5	7.653900
39.141667	0.5	7.650200
39.150000	0.5	7.651200
39.158333	0.5	7.655600
39.166667	0.5	7.653500
39.175000	0.5	7.657300
39.183333	0.5	7.652000
39.191667	0.5	7.652600
39.200000	0.5	7.653100
39.208333	0.5	7.653500
39.216667	0.5	7.658250
39.225000	0.5	7.655050
39.233333	0.5	7.652100
39.241667	0.5	7.652050
39.250000	0.5	7.646500
39.258333	0.5	7.650200
39.266667	0.5	7.648350
39.275000	0.5	7.642700
39.283333	0.5	7.644700
39.291667	0.5	7.643000
39.300000	0.5	7.644250
39.308333	0.5	7.645300
39.316667	0.5	7.640200
39.325000	0.5	7.641800
39.333333	0.5	7.638050
39.341667	0.5	7.637950
39.350000	0.5	7.640850
39.358333	0.5	7.634650
39.366667	0.5	7.638450
39.375000	0.5	7.635100
39.383333	0.5	7.636950
39.391667	0.5	7.636600
39.400000	0.5	7.635950
39.408333	0.5	7.638550
39.416667	0.5	7.638700
39.425000	0.5	7.635500
39.433333	0.5	7.636050
39.441667	0.5	7.636400
39.450000	0.5	7.634950
39.458333	0.5	7.636700
39.466667	0.5	7.638350
39.475000	0.5	7.632600
39.483333	0.5	7.640050
39.491667	0.5	7.641800
39.500000	0.5	7.636750
39.508333	0.5	7.642350
39.516667	0.5	7.644150
39.525000	0.5	7.643150
39.533333	0.5	7.640300
39.541667	0.5	7.640350
39.550000	0.5	7.639500
39.558333	0.5	7.646750
39.566667	0.5	7.643950
39.575000	0.5	7.645050
39.583333	0.5	7.646300
39.591667	0.5	7.645150
39.600000	0.5	7.645850
39.608333	0.5	7.643750
39.616667	0.5	7.646550
39.625000	0.5	7.644050
39.633333	0.5	7.641300
39.641667	0.5	7.638400
39.650000	0.5	7.634350
39.658333	0.5	7.635500
39.666667	0.5	7.626650
39.675000	0.5	7.631200
39.683333	0.5	7.627100
39.691667	0.5	7.627650
39.700000	0.5	7.628600
39.708333	0.5	7.629400
39.716667	0.5	7.629150
39.725000	0.5	7.625350
39.733333	0.5	7.619400
39.741667	0.5	7.620850
39.750000	0.5	7.625450
39.758333	0.5	7.628900
39.766667	0.5	7.625700
39.775000	0.5	7.627900
39.783333	0.5	7.626100
39.791667	0.5	7.628650
39.800000	0.5	7.630200
39.808333	0.5	7.632700
39.816667	0.5	7.633950
39.825000	0.5	7.628400
39.833333	0.5	7.632750
39.841667	0.5	7.632400
39.850000	0.5	7.629550
39.858333	0.5	7.630550
39.866667	0.5	7.629300
39.875000	0.5	7.632450
39.883333	0.5	7.624350
39.891667	0.5	7.625550
39.900000	0.5	7.616650
39.908333	0.5	7.618500
39.916667	0.5	7.616800
39.925000	0.5	7.614350
39.933333	0.5	7.613900
39.941667	0.5	7.617700
39.950000	0.5	7.606900
39.958333	0.5	7.607300
39.966667	0.5	7.612350
39.975000	0.5	7.608400
39.983333	0.5	7.603350
39.991667	0.5	7.603950
40.000000	0.5	7.611500
40.008333	0.5	7.608350
40.016667	0.5	7.603550
