URL	chrom://arspawyn4ahlab1/ChromeleonLocal/Instrument Data/ICS3000/2025_Feb 11.seq/499.smp/ED_1.channel/ED_1.chm
Channel	ED_1

Injection Information:
Data Vault	ChromeleonLocal
Sequence	2025_Feb 11
Name	1-Kestose 40 ug/mL
Number	22
Position	RC6
Comment	
Processing Method	Quantitative
Instrument Method	Neutral Oligosaccharides V ICS 3000
Type	Unknown
Status	Finished
Inject Time	2/13/2025 12:00:08 PM -05:00
Volume (µl)	25.0000
Dilution Factor	1.0000
Weight	1.0000

Chromatogram Data Information:
Time Min. (min)	0.000000
Time Max. (min)	40.100000
Data Points	4813
Detector	EDet1
Generating Data System	Chromeleon 7.3.0.60919
Exporting Data System	Chromeleon 7.3.0.0
Operator	Instrument Controller
Signal Quantity	
Signal Unit	nC
Signal Min.	-0.892750
Signal Max.	10.815400
Channel	ED_1
Driver Name	DC-3000
Channel Type	Evaluation
Min. Step (s)	0.5
Max. Step (s)	0.5
Average Step (s)	0.5

Signal Parameter Information:
Signal Info	

Chromatogram Data:
Time (min)	Step (s)	Value (nC)
0.000000	n.a.	0.017700
0.008333	0.5	0.019700
0.016667	0.5	0.018550
0.025000	0.5	0.014850
0.033333	0.5	0.006300
0.041667	0.5	-0.004450
0.050000	0.5	-0.007550
0.058333	0.5	-0.011900
0.066667	0.5	-0.014250
0.075000	0.5	-0.014700
0.083333	0.5	-0.015100
0.091667	0.5	-0.012750
0.100000	0.5	-0.011350
0.108333	0.5	-0.010100
0.116667	0.5	-0.004300
0.125000	0.5	-0.007350
0.133333	0.5	-0.016800
0.141667	0.5	-0.024000
0.150000	0.5	-0.027350
0.158333	0.5	-0.027650
0.166667	0.5	-0.029450
0.175000	0.5	-0.029350
0.183333	0.5	-0.026200
0.191667	0.5	-0.022000
0.200000	0.5	-0.022300
0.208333	0.5	-0.020350
0.216667	0.5	-0.018400
0.225000	0.5	-0.025800
0.233333	0.5	-0.032750
0.241667	0.5	-0.036300
0.250000	0.5	-0.039350
0.258333	0.5	-0.038850
0.266667	0.5	-0.038850
0.275000	0.5	-0.039150
0.283333	0.5	-0.032450
0.291667	0.5	-0.033400
0.300000	0.5	-0.030200
0.308333	0.5	-0.025550
0.316667	0.5	-0.029900
0.325000	0.5	-0.037050
0.333333	0.5	-0.043450
0.341667	0.5	-0.043650
0.350000	0.5	-0.045000
0.358333	0.5	-0.045800
0.366667	0.5	-0.045750
0.375000	0.5	-0.042200
0.383333	0.5	-0.036950
0.391667	0.5	-0.035400
0.400000	0.5	-0.031650
0.408333	0.5	-0.029050
0.416667	0.5	-0.039950
0.425000	0.5	-0.045700
0.433333	0.5	-0.048050
0.441667	0.5	-0.048300
0.450000	0.5	-0.049600
0.458333	0.5	-0.049400
0.466667	0.5	-0.046850
0.475000	0.5	-0.043750
0.483333	0.5	-0.039250
0.491667	0.5	-0.039700
0.500000	0.5	-0.033700
0.508333	0.5	-0.037900
0.516667	0.5	-0.047000
0.525000	0.5	-0.051950
0.533333	0.5	-0.052050
0.541667	0.5	-0.054650
0.550000	0.5	-0.054100
0.558333	0.5	-0.052700
0.566667	0.5	-0.049250
0.575000	0.5	-0.044800
0.583333	0.5	-0.044900
0.591667	0.5	-0.042650
0.600000	0.5	-0.040250
0.608333	0.5	-0.047350
0.616667	0.5	-0.055000
0.625000	0.5	-0.057000
0.633333	0.5	-0.060450
0.641667	0.5	-0.061300
0.650000	0.5	-0.060500
0.658333	0.5	-0.059150
0.666667	0.5	-0.055650
0.675000	0.5	-0.054500
0.683333	0.5	-0.053000
0.691667	0.5	-0.047150
0.700000	0.5	-0.051350
0.708333	0.5	-0.058100
0.716667	0.5	-0.064500
0.725000	0.5	-0.065750
0.733333	0.5	-0.067300
0.741667	0.5	-0.067700
0.750000	0.5	-0.067100
0.758333	0.5	-0.066850
0.766667	0.5	-0.063750
0.775000	0.5	-0.061600
0.783333	0.5	-0.056400
0.791667	0.5	-0.056100
0.800000	0.5	-0.062850
0.808333	0.5	-0.069050
0.816667	0.5	-0.073300
0.825000	0.5	-0.075250
0.833333	0.5	-0.074750
0.841667	0.5	-0.075450
0.850000	0.5	-0.074050
0.858333	0.5	-0.071450
0.866667	0.5	-0.068450
0.875000	0.5	-0.069100
0.883333	0.5	-0.062850
0.891667	0.5	-0.067400
0.900000	0.5	-0.076000
0.908333	0.5	-0.083450
0.916667	0.5	-0.084550
0.925000	0.5	-0.083550
0.933333	0.5	-0.084050
0.941667	0.5	-0.082900
0.950000	0.5	-0.083300
0.958333	0.5	-0.079000
0.966667	0.5	-0.078600
0.975000	0.5	-0.073450
0.983333	0.5	-0.071800
0.991667	0.5	-0.079350
1.000000	0.5	-0.088250
1.008333	0.5	-0.087950
1.016667	0.5	-0.088700
1.025000	0.5	-0.092550
1.033333	0.5	-0.091300
1.041667	0.5	-0.091300
1.050000	0.5	-0.089400
1.058333	0.5	-0.086400
1.066667	0.5	-0.085450
1.075000	0.5	-0.079450
1.083333	0.5	-0.083100
1.091667	0.5	-0.092300
1.100000	0.5	-0.097200
1.108333	0.5	-0.099150
1.116667	0.5	-0.100000
1.125000	0.5	-0.099400
1.133333	0.5	-0.099800
1.141667	0.5	-0.099600
1.150000	0.5	-0.096700
1.158333	0.5	-0.096150
1.166667	0.5	-0.090750
1.175000	0.5	-0.090100
1.183333	0.5	-0.097800
1.191667	0.5	-0.103350
1.200000	0.5	-0.107500
1.208333	0.5	-0.108550
1.216667	0.5	-0.109300
1.225000	0.5	-0.108700
1.233333	0.5	-0.106850
1.241667	0.5	-0.102750
1.250000	0.5	-0.100350
1.258333	0.5	-0.098800
1.266667	0.5	-0.093850
1.275000	0.5	-0.098900
1.283333	0.5	-0.106350
1.291667	0.5	-0.109300
1.300000	0.5	-0.110600
1.308333	0.5	-0.111100
1.316667	0.5	-0.110650
1.325000	0.5	-0.108900
1.333333	0.5	-0.106550
1.341667	0.5	-0.102850
1.350000	0.5	-0.103300
1.358333	0.5	-0.098100
1.366667	0.5	-0.095850
1.375000	0.5	-0.102300
1.383333	0.5	-0.107950
1.391667	0.5	-0.109800
1.400000	0.5	-0.111500
1.408333	0.5	-0.109950
1.416667	0.5	-0.108050
1.425000	0.5	-0.106250
1.433333	0.5	-0.102500
1.441667	0.5	-0.101050
1.450000	0.5	-0.098300
1.458333	0.5	-0.092300
1.466667	0.5	-0.099000
1.475000	0.5	-0.105300
1.483333	0.5	-0.108650
1.491667	0.5	-0.108950
1.500000	0.5	-0.109600
1.508333	0.5	-0.109250
1.516667	0.5	-0.107950
1.525000	0.5	-0.102100
1.533333	0.5	-0.098800
1.541667	0.5	-0.098550
1.550000	0.5	-0.095050
1.558333	0.5	-0.091900
1.566667	0.5	-0.100650
1.575000	0.5	-0.105850
1.583333	0.5	-0.109650
1.591667	0.5	-0.109550
1.600000	0.5	-0.109100
1.608333	0.5	-0.108700
1.616667	0.5	-0.105700
1.625000	0.5	-0.101450
1.633333	0.5	-0.099000
1.641667	0.5	-0.095900
1.650000	0.5	-0.090550
1.658333	0.5	-0.093650
1.666667	0.5	-0.100150
1.675000	0.5	-0.102950
1.683333	0.5	-0.104900
1.691667	0.5	-0.105900
1.700000	0.5	-0.118450
1.708333	0.5	-0.150700
1.716667	0.5	-0.225450
1.725000	0.5	-0.346100
1.733333	0.5	-0.508250
1.741667	0.5	-0.673950
1.750000	0.5	-0.810300
1.758333	0.5	-0.887100
1.766667	0.5	-0.892750
1.775000	0.5	-0.851900
1.783333	0.5	-0.796350
1.791667	0.5	-0.735000
1.800000	0.5	-0.664350
1.808333	0.5	-0.593550
1.816667	0.5	-0.519400
1.825000	0.5	-0.454100
1.833333	0.5	-0.398950
1.841667	0.5	-0.347000
1.850000	0.5	-0.314600
1.858333	0.5	-0.291750
1.866667	0.5	-0.270450
1.875000	0.5	-0.247800
1.883333	0.5	-0.227550
1.891667	0.5	-0.208300
1.900000	0.5	-0.191450
1.908333	0.5	-0.175650
1.916667	0.5	-0.158650
1.925000	0.5	-0.144700
1.933333	0.5	-0.127100
1.941667	0.5	-0.117850
1.950000	0.5	-0.113600
1.958333	0.5	-0.109450
1.966667	0.5	-0.102550
1.975000	0.5	-0.091900
1.983333	0.5	-0.084500
1.991667	0.5	-0.074800
2.000000	0.5	-0.063800
2.008333	0.5	-0.052150
2.016667	0.5	-0.043250
2.025000	0.5	-0.032800
2.033333	0.5	-0.021850
2.041667	0.5	-0.021900
2.050000	0.5	-0.024650
2.058333	0.5	-0.025050
2.066667	0.5	-0.021300
2.075000	0.5	-0.018550
2.083333	0.5	-0.015750
2.091667	0.5	-0.011600
2.100000	0.5	-0.007400
2.108333	0.5	-0.000600
2.116667	0.5	0.002250
2.125000	0.5	0.010900
2.133333	0.5	0.015950
2.141667	0.5	0.014150
2.150000	0.5	0.009950
2.158333	0.5	0.010450
2.166667	0.5	0.015450
2.175000	0.5	0.021550
2.183333	0.5	0.028800
2.191667	0.5	0.038050
2.200000	0.5	0.049050
2.208333	0.5	0.058100
2.216667	0.5	0.066900
2.225000	0.5	0.081950
2.233333	0.5	0.087500
2.241667	0.5	0.091450
2.250000	0.5	0.106500
2.258333	0.5	0.125100
2.266667	0.5	0.149550
2.275000	0.5	0.173950
2.283333	0.5	0.195300
2.291667	0.5	0.213200
2.300000	0.5	0.225500
2.308333	0.5	0.230300
2.316667	0.5	0.238500
2.325000	0.5	0.235700
2.333333	0.5	0.229250
2.341667	0.5	0.218150
2.350000	0.5	0.213300
2.358333	0.5	0.211750
2.366667	0.5	0.212150
2.375000	0.5	0.214100
2.383333	0.5	0.219450
2.391667	0.5	0.226800
2.400000	0.5	0.234500
2.408333	0.5	0.239900
2.416667	0.5	0.250850
2.425000	0.5	0.251100
2.433333	0.5	0.250950
2.441667	0.5	0.253600
2.450000	0.5	0.261150
2.458333	0.5	0.266550
2.466667	0.5	0.275950
2.475000	0.5	0.285750
2.483333	0.5	0.295550
2.491667	0.5	0.308650
2.500000	0.5	0.319450
2.508333	0.5	0.335700
2.516667	0.5	0.344250
2.525000	0.5	0.347200
2.533333	0.5	0.348700
2.541667	0.5	0.352600
2.550000	0.5	0.358250
2.558333	0.5	0.365900
2.566667	0.5	0.371200
2.575000	0.5	0.380050
2.583333	0.5	0.389450
2.591667	0.5	0.398250
2.600000	0.5	0.405500
2.608333	0.5	0.417450
2.616667	0.5	0.417600
2.625000	0.5	0.416350
2.633333	0.5	0.420200
2.641667	0.5	0.426250
2.650000	0.5	0.434300
2.658333	0.5	0.441600
2.666667	0.5	0.452950
2.675000	0.5	0.462650
2.683333	0.5	0.473750
2.691667	0.5	0.482150
2.700000	0.5	0.493250
2.708333	0.5	0.501950
2.716667	0.5	0.503250
2.725000	0.5	0.506750
2.733333	0.5	0.512950
2.741667	0.5	0.520000
2.750000	0.5	0.528300
2.758333	0.5	0.537350
2.766667	0.5	0.547400
2.775000	0.5	0.559250
2.783333	0.5	0.568850
2.791667	0.5	0.579100
2.800000	0.5	0.593150
2.808333	0.5	0.594000
2.816667	0.5	0.592000
2.825000	0.5	0.597000
2.833333	0.5	0.603550
2.841667	0.5	0.614800
2.850000	0.5	0.629050
2.858333	0.5	0.650000
2.866667	0.5	0.680700
2.875000	0.5	0.719200
2.883333	0.5	0.761550
2.891667	0.5	0.811950
2.900000	0.5	0.859050
2.908333	0.5	0.899150
2.916667	0.5	0.932450
2.925000	0.5	0.962800
2.933333	0.5	0.981050
2.941667	0.5	0.993250
2.950000	0.5	0.993800
2.958333	0.5	0.993850
2.966667	0.5	0.986250
2.975000	0.5	0.976650
2.983333	0.5	0.964400
2.991667	0.5	0.956550
3.000000	0.5	0.938050
3.008333	0.5	0.919200
3.016667	0.5	0.905050
3.025000	0.5	0.895650
3.033333	0.5	0.886950
3.041667	0.5	0.882950
3.050000	0.5	0.879300
3.058333	0.5	0.882400
3.066667	0.5	0.883450
3.075000	0.5	0.881700
3.083333	0.5	0.884000
3.091667	0.5	0.883900
3.100000	0.5	0.875700
3.108333	0.5	0.870100
3.116667	0.5	0.868550
3.125000	0.5	0.870200
3.133333	0.5	0.873550
3.141667	0.5	0.875400
3.150000	0.5	0.878050
3.158333	0.5	0.884300
3.166667	0.5	0.888700
3.175000	0.5	0.893300
3.183333	0.5	0.901400
3.191667	0.5	0.897900
3.200000	0.5	0.892400
3.208333	0.5	0.894200
3.216667	0.5	0.896900
3.225000	0.5	0.896900
3.233333	0.5	0.902650
3.241667	0.5	0.908250
3.250000	0.5	0.912650
3.258333	0.5	0.915250
3.266667	0.5	0.919800
3.275000	0.5	0.929350
3.283333	0.5	0.930650
3.291667	0.5	0.927050
3.300000	0.5	0.923850
3.308333	0.5	0.925000
3.316667	0.5	0.927400
3.325000	0.5	0.932550
3.333333	0.5	0.936850
3.341667	0.5	0.943100
3.350000	0.5	0.948900
3.358333	0.5	0.953450
3.366667	0.5	0.959050
3.375000	0.5	0.966800
3.383333	0.5	0.963000
3.391667	0.5	0.957500
3.400000	0.5	0.958900
3.408333	0.5	0.961000
3.416667	0.5	0.963350
3.425000	0.5	0.965550
3.433333	0.5	0.969150
3.441667	0.5	0.974300
3.450000	0.5	0.979250
3.458333	0.5	0.979500
3.466667	0.5	0.989700
3.475000	0.5	0.989800
3.483333	0.5	0.984800
3.491667	0.5	0.981550
3.500000	0.5	0.980100
3.508333	0.5	0.983650
3.516667	0.5	0.982350
3.525000	0.5	0.985150
3.533333	0.5	0.987100
3.541667	0.5	0.991150
3.550000	0.5	0.993850
3.558333	0.5	0.998000
3.566667	0.5	1.002650
3.575000	0.5	0.998150
3.583333	0.5	0.990950
3.591667	0.5	0.987400
3.600000	0.5	0.987200
3.608333	0.5	0.988250
3.616667	0.5	0.988250
3.625000	0.5	0.988800
3.633333	0.5	0.995200
3.641667	0.5	0.998350
3.650000	0.5	0.999050
3.658333	0.5	1.006100
3.666667	0.5	1.005900
3.675000	0.5	0.996250
3.683333	0.5	0.990600
3.691667	0.5	0.988850
3.700000	0.5	0.988750
3.708333	0.5	0.989950
3.716667	0.5	0.989950
3.725000	0.5	0.992450
3.733333	0.5	0.996450
3.741667	0.5	0.997400
3.750000	0.5	1.001500
3.758333	0.5	1.005500
3.766667	0.5	0.998900
3.775000	0.5	0.992700
3.783333	0.5	0.991150
3.791667	0.5	0.992200
3.800000	0.5	0.991650
3.808333	0.5	0.992850
3.816667	0.5	0.994750
3.825000	0.5	0.999250
3.833333	0.5	1.002050
3.841667	0.5	1.003200
3.850000	0.5	1.010650
3.858333	0.5	1.011150
3.866667	0.5	1.004350
3.875000	0.5	0.998600
3.883333	0.5	0.997550
3.891667	0.5	0.995300
3.900000	0.5	0.996050
3.908333	0.5	0.997800
3.916667	0.5	1.001950
3.925000	0.5	1.005300
3.933333	0.5	1.007350
3.941667	0.5	1.010000
3.950000	0.5	1.015550
3.958333	0.5	1.005900
3.966667	0.5	0.997500
3.975000	0.5	0.996750
3.983333	0.5	0.994650
3.991667	0.5	0.994350
4.000000	0.5	0.996100
4.008333	0.5	0.999050
4.016667	0.5	1.001050
4.025000	0.5	1.001400
4.033333	0.5	1.001800
4.041667	0.5	1.008550
4.050000	0.5	1.007250
4.058333	0.5	1.000200
4.066667	0.5	0.992650
4.075000	0.5	0.991000
4.083333	0.5	0.992600
4.091667	0.5	0.990300
4.100000	0.5	0.991250
4.108333	0.5	0.994100
4.116667	0.5	0.994600
4.125000	0.5	0.996550
4.133333	0.5	0.998300
4.141667	0.5	1.001550
4.150000	0.5	0.993700
4.158333	0.5	0.986750
4.166667	0.5	0.985150
4.175000	0.5	0.982750
4.183333	0.5	0.982750
4.191667	0.5	0.979850
4.200000	0.5	0.983100
4.208333	0.5	0.983900
4.216667	0.5	0.990400
4.225000	0.5	0.988150
4.233333	0.5	0.992850
4.241667	0.5	0.990050
4.250000	0.5	0.983800
4.258333	0.5	0.976500
4.266667	0.5	0.976500
4.275000	0.5	0.975650
4.283333	0.5	0.974400
4.291667	0.5	0.974050
4.300000	0.5	0.977550
4.308333	0.5	0.979850
4.316667	0.5	0.981000
4.325000	0.5	0.983100
4.333333	0.5	0.986850
4.341667	0.5	0.981550
4.350000	0.5	0.971950
4.358333	0.5	0.969100
4.366667	0.5	0.969300
4.375000	0.5	0.969300
4.383333	0.5	0.968900
4.391667	0.5	0.970100
4.400000	0.5	0.973050
4.408333	0.5	0.976600
4.416667	0.5	0.975750
4.425000	0.5	0.983700
4.433333	0.5	0.980850
4.441667	0.5	0.973600
4.450000	0.5	0.966850
4.458333	0.5	0.968050
4.466667	0.5	0.966200
4.475000	0.5	0.967700
4.483333	0.5	0.972050
4.491667	0.5	0.969550
4.500000	0.5	0.974100
4.508333	0.5	0.973350
4.516667	0.5	0.977950
4.525000	0.5	0.982000
4.533333	0.5	0.978450
4.541667	0.5	0.971650
4.550000	0.5	0.969500
4.558333	0.5	0.968250
4.566667	0.5	0.969250
4.575000	0.5	0.971300
4.583333	0.5	0.974400
4.591667	0.5	0.975300
4.600000	0.5	0.979050
4.608333	0.5	0.982300
4.616667	0.5	0.987700
4.625000	0.5	0.986750
4.633333	0.5	0.978550
4.641667	0.5	0.976100
4.650000	0.5	0.976100
4.658333	0.5	0.974950
4.666667	0.5	0.976900
4.675000	0.5	0.978150
4.683333	0.5	0.980250
4.691667	0.5	0.982050
4.700000	0.5	0.985850
4.708333	0.5	0.987900
4.716667	0.5	0.993400
4.725000	0.5	0.988050
4.733333	0.5	0.980650
4.741667	0.5	0.980050
4.750000	0.5	0.978950
4.758333	0.5	0.978550
4.766667	0.5	0.981850
4.775000	0.5	0.983300
4.783333	0.5	0.985350
4.791667	0.5	0.991000
4.800000	0.5	0.990550
4.808333	0.5	0.996750
4.816667	0.5	0.994600
4.825000	0.5	0.988500
4.833333	0.5	0.984750
4.841667	0.5	0.983750
4.850000	0.5	0.983700
4.858333	0.5	0.984400
4.866667	0.5	0.986000
4.875000	0.5	0.988600
4.883333	0.5	0.991000
4.891667	0.5	0.993750
4.900000	0.5	0.997900
4.908333	0.5	0.999950
4.916667	0.5	0.994750
4.925000	0.5	0.985950
4.933333	0.5	0.984800
4.941667	0.5	0.985100
4.950000	0.5	0.984800
4.958333	0.5	0.985700
4.966667	0.5	0.987200
4.975000	0.5	0.988400
4.983333	0.5	0.991450
4.991667	0.5	0.991950
5.000000	0.5	0.999000
5.008333	0.5	0.996600
5.016667	0.5	0.990200
5.025000	0.5	0.985200
5.033333	0.5	0.984000
5.041667	0.5	0.981400
5.050000	0.5	0.982000
5.058333	0.5	0.984250
5.066667	0.5	0.987150
5.075000	0.5	0.992350
5.083333	0.5	0.992200
5.091667	0.5	0.997200
5.100000	0.5	1.000750
5.108333	0.5	0.992950
5.116667	0.5	0.986650
5.125000	0.5	0.984750
5.133333	0.5	0.983650
5.141667	0.5	0.985850
5.150000	0.5	0.986450
5.158333	0.5	0.987500
5.166667	0.5	0.990650
5.175000	0.5	0.993050
5.183333	0.5	0.996550
5.191667	0.5	1.002550
5.200000	0.5	1.001850
5.208333	0.5	0.996100
5.216667	0.5	0.989200
5.225000	0.5	0.990650
5.233333	0.5	0.989750
5.241667	0.5	0.992000
5.250000	0.5	0.992550
5.258333	0.5	0.994450
5.266667	0.5	0.998350
5.275000	0.5	0.999350
5.283333	0.5	1.004400
5.291667	0.5	1.008600
5.300000	0.5	1.003100
5.308333	0.5	0.996950
5.316667	0.5	0.996050
5.325000	0.5	0.994600
5.333333	0.5	0.996800
5.341667	0.5	0.999150
5.350000	0.5	1.002150
5.358333	0.5	1.007550
5.366667	0.5	1.009100
5.375000	0.5	1.011550
5.383333	0.5	1.016350
5.391667	0.5	1.016400
5.400000	0.5	1.009550
5.408333	0.5	1.006650
5.416667	0.5	1.007150
5.425000	0.5	1.007150
5.433333	0.5	1.007800
5.441667	0.5	1.008550
5.450000	0.5	1.011900
5.458333	0.5	1.014100
5.466667	0.5	1.018450
5.475000	0.5	1.023750
5.483333	0.5	1.024950
5.491667	0.5	1.022050
5.500000	0.5	1.014200
5.508333	0.5	1.014000
5.516667	0.5	1.011850
5.525000	0.5	1.013400
5.533333	0.5	1.014250
5.541667	0.5	1.016750
5.550000	0.5	1.020000
5.558333	0.5	1.024700
5.566667	0.5	1.025050
5.575000	0.5	1.031650
5.583333	0.5	1.029400
5.591667	0.5	1.029300
5.600000	0.5	1.017100
5.608333	0.5	1.018600
5.616667	0.5	1.019750
5.625000	0.5	1.020250
5.633333	0.5	1.021550
5.641667	0.5	1.024500
5.650000	0.5	1.026050
5.658333	0.5	1.029200
5.666667	0.5	1.034850
5.675000	0.5	1.038050
5.683333	0.5	1.031600
5.691667	0.5	1.027300
5.700000	0.5	1.025700
5.708333	0.5	1.024750
5.716667	0.5	1.024000
5.725000	0.5	1.026150
5.733333	0.5	1.027700
5.741667	0.5	1.031050
5.750000	0.5	1.033050
5.758333	0.5	1.036450
5.766667	0.5	1.042350
5.775000	0.5	1.039400
5.783333	0.5	1.032350
5.791667	0.5	1.028500
5.800000	0.5	1.028050
5.808333	0.5	1.028150
5.816667	0.5	1.029900
5.825000	0.5	1.032100
5.833333	0.5	1.035300
5.841667	0.5	1.039250
5.850000	0.5	1.041100
5.858333	0.5	1.047500
5.866667	0.5	1.050650
5.875000	0.5	1.044950
5.883333	0.5	1.038800
5.891667	0.5	1.038750
5.900000	0.5	1.038600
5.908333	0.5	1.038750
5.916667	0.5	1.039400
5.925000	0.5	1.041750
5.933333	0.5	1.044600
5.941667	0.5	1.048350
5.950000	0.5	1.050250
5.958333	0.5	1.057650
5.966667	0.5	1.055150
5.975000	0.5	1.048400
5.983333	0.5	1.043350
5.991667	0.5	1.043550
6.000000	0.5	1.044500
6.008333	0.5	1.045250
6.016667	0.5	1.048300
6.025000	0.5	1.051200
6.033333	0.5	1.055800
6.041667	0.5	1.057300
6.050000	0.5	1.061000
6.058333	0.5	1.062750
6.066667	0.5	1.058750
6.075000	0.5	1.052200
6.083333	0.5	1.050200
6.091667	0.5	1.048450
6.100000	0.5	1.049850
6.108333	0.5	1.053000
6.116667	0.5	1.054650
6.125000	0.5	1.056600
6.133333	0.5	1.058450
6.141667	0.5	1.062900
6.150000	0.5	1.067050
6.158333	0.5	1.065050
6.166667	0.5	1.058350
6.175000	0.5	1.052950
6.183333	0.5	1.051150
6.191667	0.5	1.052550
6.200000	0.5	1.053800
6.208333	0.5	1.054500
6.216667	0.5	1.056450
6.225000	0.5	1.058950
6.233333	0.5	1.061500
6.241667	0.5	1.065800
6.250000	0.5	1.069400
6.258333	0.5	1.064200
6.266667	0.5	1.057950
6.275000	0.5	1.056450
6.283333	0.5	1.057500
6.291667	0.5	1.056850
6.300000	0.5	1.057750
6.308333	0.5	1.063250
6.316667	0.5	1.065150
6.325000	0.5	1.068400
6.333333	0.5	1.069100
6.341667	0.5	1.076050
6.350000	0.5	1.073600
6.358333	0.5	1.065550
6.366667	0.5	1.063550
6.375000	0.5	1.063150
6.383333	0.5	1.062750
6.391667	0.5	1.064100
6.400000	0.5	1.066900
6.408333	0.5	1.072000
6.416667	0.5	1.073250
6.425000	0.5	1.075700
6.433333	0.5	1.080300
6.441667	0.5	1.082800
6.450000	0.5	1.077550
6.458333	0.5	1.071950
6.466667	0.5	1.071250
6.475000	0.5	1.070450
6.483333	0.5	1.071150
6.491667	0.5	1.071350
6.500000	0.5	1.074050
6.508333	0.5	1.074000
6.516667	0.5	1.077050
6.525000	0.5	1.079500
6.533333	0.5	1.085600
6.541667	0.5	1.083950
6.550000	0.5	1.077650
6.558333	0.5	1.073600
6.566667	0.5	1.075050
6.575000	0.5	1.074850
6.583333	0.5	1.074650
6.591667	0.5	1.076350
6.600000	0.5	1.079650
6.608333	0.5	1.083500
6.616667	0.5	1.084050
6.625000	0.5	1.093500
6.633333	0.5	1.092400
6.641667	0.5	1.087550
6.650000	0.5	1.081650
6.658333	0.5	1.082050
6.666667	0.5	1.081450
6.675000	0.5	1.083350
6.683333	0.5	1.086450
6.691667	0.5	1.088450
6.700000	0.5	1.090850
6.708333	0.5	1.095250
6.716667	0.5	1.098750
6.725000	0.5	1.105850
6.733333	0.5	1.101200
6.741667	0.5	1.095650
6.750000	0.5	1.091700
6.758333	0.5	1.093050
6.766667	0.5	1.093650
6.775000	0.5	1.095950
6.783333	0.5	1.097700
6.791667	0.5	1.098500
6.800000	0.5	1.105600
6.808333	0.5	1.103050
6.816667	0.5	1.114500
6.825000	0.5	1.113800
6.833333	0.5	1.109700
6.841667	0.5	1.101400
6.850000	0.5	1.102750
6.858333	0.5	1.103400
6.866667	0.5	1.104450
6.875000	0.5	1.107200
6.883333	0.5	1.105950
6.891667	0.5	1.111900
6.900000	0.5	1.112550
6.908333	0.5	1.115050
6.916667	0.5	1.122600
6.925000	0.5	1.117500
6.933333	0.5	1.110800
6.941667	0.5	1.107100
6.950000	0.5	1.108200
6.958333	0.5	1.108350
6.966667	0.5	1.111400
6.975000	0.5	1.112250
6.983333	0.5	1.112550
6.991667	0.5	1.116400
7.000000	0.5	1.117950
7.008333	0.5	1.124000
7.016667	0.5	1.127050
7.025000	0.5	1.120000
7.033333	0.5	1.114450
7.041667	0.5	1.112600
7.050000	0.5	1.111000
7.058333	0.5	1.112000
7.066667	0.5	1.113250
7.075000	0.5	1.115700
7.083333	0.5	1.117700
7.091667	0.5	1.122700
7.100000	0.5	1.123850
7.108333	0.5	1.129450
7.116667	0.5	1.125450
7.125000	0.5	1.116700
7.133333	0.5	1.115150
7.141667	0.5	1.115000
7.150000	0.5	1.115950
7.158333	0.5	1.116450
7.166667	0.5	1.121350
7.175000	0.5	1.120000
7.183333	0.5	1.123900
7.191667	0.5	1.125450
7.200000	0.5	1.131900
7.208333	0.5	1.134550
7.216667	0.5	1.127400
7.225000	0.5	1.123300
7.233333	0.5	1.122100
7.241667	0.5	1.122100
7.250000	0.5	1.125200
7.258333	0.5	1.126950
7.266667	0.5	1.131200
7.275000	0.5	1.132350
7.283333	0.5	1.135050
7.291667	0.5	1.137900
7.300000	0.5	1.145650
7.308333	0.5	1.141100
7.316667	0.5	1.133750
7.325000	0.5	1.133500
7.333333	0.5	1.132850
7.341667	0.5	1.133150
7.350000	0.5	1.135100
7.358333	0.5	1.137700
7.366667	0.5	1.139100
7.375000	0.5	1.141500
7.383333	0.5	1.145550
7.391667	0.5	1.150500
7.400000	0.5	1.153800
7.408333	0.5	1.147900
7.416667	0.5	1.144800
7.425000	0.5	1.142600
7.433333	0.5	1.144500
7.441667	0.5	1.148100
7.450000	0.5	1.148850
7.458333	0.5	1.150500
7.466667	0.5	1.153400
7.475000	0.5	1.158650
7.483333	0.5	1.164750
7.491667	0.5	1.172000
7.500000	0.5	1.169450
7.508333	0.5	1.162700
7.516667	0.5	1.160850
7.525000	0.5	1.161300
7.533333	0.5	1.163750
7.541667	0.5	1.167100
7.550000	0.5	1.172300
7.558333	0.5	1.177250
7.566667	0.5	1.181150
7.575000	0.5	1.185100
7.583333	0.5	1.192350
7.591667	0.5	1.194200
7.600000	0.5	1.191000
7.608333	0.5	1.185300
7.616667	0.5	1.186900
7.625000	0.5	1.188750
7.633333	0.5	1.192850
7.641667	0.5	1.196100
7.650000	0.5	1.199500
7.658333	0.5	1.204400
7.666667	0.5	1.210150
7.675000	0.5	1.216900
7.683333	0.5	1.225150
7.691667	0.5	1.222950
7.700000	0.5	1.218800
7.708333	0.5	1.218150
7.716667	0.5	1.222400
7.725000	0.5	1.224050
7.733333	0.5	1.228700
7.741667	0.5	1.232850
7.750000	0.5	1.239050
7.758333	0.5	1.246700
7.766667	0.5	1.250500
7.775000	0.5	1.258850
7.783333	0.5	1.261450
7.791667	0.5	1.260450
7.800000	0.5	1.257550
7.808333	0.5	1.260200
7.816667	0.5	1.263750
7.825000	0.5	1.270000
7.833333	0.5	1.274600
7.841667	0.5	1.280800
7.850000	0.5	1.288250
7.858333	0.5	1.295150
7.866667	0.5	1.303500
7.875000	0.5	1.312650
7.883333	0.5	1.312900
7.891667	0.5	1.310450
7.900000	0.5	1.312500
7.908333	0.5	1.319050
7.916667	0.5	1.320050
7.925000	0.5	1.326900
7.933333	0.5	1.334850
7.941667	0.5	1.340900
7.950000	0.5	1.349450
7.958333	0.5	1.354650
7.966667	0.5	1.366700
7.975000	0.5	1.370750
7.983333	0.5	1.371500
7.991667	0.5	1.368750
8.000000	0.5	1.373800
8.008333	0.5	1.381200
8.016667	0.5	1.383650
8.025000	0.5	1.392450
8.033333	0.5	1.397100
8.041667	0.5	1.406050
8.050000	0.5	1.414750
8.058333	0.5	1.421000
8.066667	0.5	1.432700
8.075000	0.5	1.431400
8.083333	0.5	1.428950
8.091667	0.5	1.433850
8.100000	0.5	1.439950
8.108333	0.5	1.443700
8.116667	0.5	1.451200
8.125000	0.5	1.459550
8.133333	0.5	1.464400
8.141667	0.5	1.470400
8.150000	0.5	1.479400
8.158333	0.5	1.490200
8.166667	0.5	1.496500
8.175000	0.5	1.494800
8.183333	0.5	1.495350
8.191667	0.5	1.496300
8.200000	0.5	1.501950
8.208333	0.5	1.509650
8.216667	0.5	1.516550
8.225000	0.5	1.523750
8.233333	0.5	1.533800
8.241667	0.5	1.539400
8.250000	0.5	1.547000
8.258333	0.5	1.557550
8.266667	0.5	1.558500
8.275000	0.5	1.558000
8.283333	0.5	1.560200
8.291667	0.5	1.565100
8.300000	0.5	1.572500
8.308333	0.5	1.577450
8.316667	0.5	1.584900
8.325000	0.5	1.592000
8.333333	0.5	1.599250
8.341667	0.5	1.608050
8.350000	0.5	1.620300
8.358333	0.5	1.623600
8.366667	0.5	1.624400
8.375000	0.5	1.624500
8.383333	0.5	1.630200
8.391667	0.5	1.634600
8.400000	0.5	1.640100
8.408333	0.5	1.649050
8.416667	0.5	1.657150
8.425000	0.5	1.663700
8.433333	0.5	1.675550
8.441667	0.5	1.682850
8.450000	0.5	1.694800
8.458333	0.5	1.695200
8.466667	0.5	1.696850
8.475000	0.5	1.700650
8.483333	0.5	1.707250
8.491667	0.5	1.714650
8.500000	0.5	1.724000
8.508333	0.5	1.733750
8.516667	0.5	1.744250
8.525000	0.5	1.755200
8.533333	0.5	1.764250
8.541667	0.5	1.780550
8.550000	0.5	1.784350
8.558333	0.5	1.790450
8.566667	0.5	1.795500
8.575000	0.5	1.802450
8.583333	0.5	1.814150
8.591667	0.5	1.825950
8.600000	0.5	1.836950
8.608333	0.5	1.847700
8.616667	0.5	1.860300
8.625000	0.5	1.870850
8.633333	0.5	1.887500
8.641667	0.5	1.902250
8.650000	0.5	1.905350
8.658333	0.5	1.906800
8.666667	0.5	1.913700
8.675000	0.5	1.922850
8.683333	0.5	1.933050
8.691667	0.5	1.943950
8.700000	0.5	1.951750
8.708333	0.5	1.964850
8.716667	0.5	1.976800
8.725000	0.5	1.982250
8.733333	0.5	1.997400
8.741667	0.5	2.004050
8.750000	0.5	2.001750
8.758333	0.5	2.002950
8.766667	0.5	2.008350
8.775000	0.5	2.016200
8.783333	0.5	2.019050
8.791667	0.5	2.025700
8.800000	0.5	2.030150
8.808333	0.5	2.036100
8.816667	0.5	2.042050
8.825000	0.5	2.046950
8.833333	0.5	2.051550
8.841667	0.5	2.052300
8.850000	0.5	2.048200
8.858333	0.5	2.049050
8.866667	0.5	2.048500
8.875000	0.5	2.052750
8.883333	0.5	2.056450
8.891667	0.5	2.057800
8.900000	0.5	2.063150
8.908333	0.5	2.067650
8.916667	0.5	2.072550
8.925000	0.5	2.079500
8.933333	0.5	2.080450
8.941667	0.5	2.077350
8.950000	0.5	2.070550
8.958333	0.5	2.075550
8.966667	0.5	2.075250
8.975000	0.5	2.076700
8.983333	0.5	2.084450
8.991667	0.5	2.087350
9.000000	0.5	2.092550
9.008333	0.5	2.098100
9.016667	0.5	2.103200
9.025000	0.5	2.110450
9.033333	0.5	2.111550
9.041667	0.5	2.106800
9.050000	0.5	2.108800
9.058333	0.5	2.113300
9.066667	0.5	2.115850
9.075000	0.5	2.122900
9.083333	0.5	2.130500
9.091667	0.5	2.138050
9.100000	0.5	2.145150
9.108333	0.5	2.151000
9.116667	0.5	2.162000
9.125000	0.5	2.169400
9.133333	0.5	2.166600
9.141667	0.5	2.170450
9.150000	0.5	2.173300
9.158333	0.5	2.179650
9.166667	0.5	2.190650
9.175000	0.5	2.200700
9.183333	0.5	2.209700
9.191667	0.5	2.224000
9.200000	0.5	2.237150
9.208333	0.5	2.248650
9.216667	0.5	2.266400
9.225000	0.5	2.271550
9.233333	0.5	2.277300
9.241667	0.5	2.290050
9.250000	0.5	2.301900
9.258333	0.5	2.315700
9.266667	0.5	2.332700
9.275000	0.5	2.349750
9.283333	0.5	2.369650
9.291667	0.5	2.388600
9.300000	0.5	2.404050
9.308333	0.5	2.428450
9.316667	0.5	2.444050
9.325000	0.5	2.455400
9.333333	0.5	2.468200
9.341667	0.5	2.482900
9.350000	0.5	2.502500
9.358333	0.5	2.519250
9.366667	0.5	2.535300
9.375000	0.5	2.550800
9.383333	0.5	2.566000
9.391667	0.5	2.582150
9.400000	0.5	2.597300
9.408333	0.5	2.610850
9.416667	0.5	2.615750
9.425000	0.5	2.618600
9.433333	0.5	2.623350
9.441667	0.5	2.628600
9.450000	0.5	2.632850
9.458333	0.5	2.639850
9.466667	0.5	2.643250
9.475000	0.5	2.646200
9.483333	0.5	2.647850
9.491667	0.5	2.646500
9.500000	0.5	2.650450
9.508333	0.5	2.646650
9.516667	0.5	2.635700
9.525000	0.5	2.628350
9.533333	0.5	2.621300
9.541667	0.5	2.617900
9.550000	0.5	2.614950
9.558333	0.5	2.610550
9.566667	0.5	2.606850
9.575000	0.5	2.607200
9.583333	0.5	2.603950
9.591667	0.5	2.603950
9.600000	0.5	2.603400
9.608333	0.5	2.595400
9.616667	0.5	2.586100
9.625000	0.5	2.583200
9.633333	0.5	2.579700
9.641667	0.5	2.576800
9.650000	0.5	2.579400
9.658333	0.5	2.578950
9.666667	0.5	2.582150
9.675000	0.5	2.583650
9.683333	0.5	2.586900
9.691667	0.5	2.594550
9.700000	0.5	2.589300
9.708333	0.5	2.588300
9.716667	0.5	2.585100
9.725000	0.5	2.588850
9.733333	0.5	2.588900
9.741667	0.5	2.590550
9.750000	0.5	2.597300
9.758333	0.5	2.600900
9.766667	0.5	2.607150
9.775000	0.5	2.613900
9.783333	0.5	2.621000
9.791667	0.5	2.627650
9.800000	0.5	2.626650
9.808333	0.5	2.623700
9.816667	0.5	2.625350
9.825000	0.5	2.632750
9.833333	0.5	2.636950
9.841667	0.5	2.642700
9.850000	0.5	2.647550
9.858333	0.5	2.653050
9.866667	0.5	2.658900
9.875000	0.5	2.668950
9.883333	0.5	2.678900
9.891667	0.5	2.684100
9.900000	0.5	2.680650
9.908333	0.5	2.681150
9.916667	0.5	2.687450
9.925000	0.5	2.690750
9.933333	0.5	2.697650
9.941667	0.5	2.704750
9.950000	0.5	2.708900
9.958333	0.5	2.717700
9.966667	0.5	2.724250
9.975000	0.5	2.731800
9.983333	0.5	2.743400
9.991667	0.5	2.740650
10.000000	0.5	2.737800
10.008333	0.5	2.740450
10.016667	0.5	2.746250
10.025000	0.5	2.751000
10.033333	0.5	2.757850
10.041667	0.5	2.765150
10.050000	0.5	2.771200
10.058333	0.5	2.778050
10.066667	0.5	2.784250
10.075000	0.5	2.795850
10.083333	0.5	2.798200
10.091667	0.5	2.797850
10.100000	0.5	2.800600
10.108333	0.5	2.805250
10.116667	0.5	2.807550
10.125000	0.5	2.813200
10.133333	0.5	2.820650
10.141667	0.5	2.827100
10.150000	0.5	2.834200
10.158333	0.5	2.841450
10.166667	0.5	2.851650
10.175000	0.5	2.861950
10.183333	0.5	2.859600
10.191667	0.5	2.859300
10.200000	0.5	2.862250
10.208333	0.5	2.869000
10.216667	0.5	2.874800
10.225000	0.5	2.879850
10.233333	0.5	2.887750
10.241667	0.5	2.897300
10.250000	0.5	2.907300
10.258333	0.5	2.912900
10.266667	0.5	2.923500
10.275000	0.5	2.929650
10.283333	0.5	2.926750
10.291667	0.5	2.927450
10.300000	0.5	2.933850
10.308333	0.5	2.936950
10.316667	0.5	2.943250
10.325000	0.5	2.951450
10.333333	0.5	2.958450
10.341667	0.5	2.966900
10.350000	0.5	2.973350
10.358333	0.5	2.981800
10.366667	0.5	2.990650
10.375000	0.5	2.989650
10.383333	0.5	2.988650
10.391667	0.5	2.992000
10.400000	0.5	2.995900
10.408333	0.5	3.001700
10.416667	0.5	3.008750
10.425000	0.5	3.016000
10.433333	0.5	3.024050
10.441667	0.5	3.032200
10.450000	0.5	3.037200
10.458333	0.5	3.045950
10.466667	0.5	3.050700
10.475000	0.5	3.048000
10.483333	0.5	3.053500
10.491667	0.5	3.057200
10.500000	0.5	3.062500
10.508333	0.5	3.067700
10.516667	0.5	3.073000
10.525000	0.5	3.079100
10.533333	0.5	3.086050
10.541667	0.5	3.094200
10.550000	0.5	3.104800
10.558333	0.5	3.113350
10.566667	0.5	3.113300
10.575000	0.5	3.112150
10.583333	0.5	3.116000
10.591667	0.5	3.122150
10.600000	0.5	3.125900
10.608333	0.5	3.133500
10.616667	0.5	3.140650
10.625000	0.5	3.145250
10.633333	0.5	3.154950
10.641667	0.5	3.163350
10.650000	0.5	3.170500
10.658333	0.5	3.174550
10.666667	0.5	3.175800
10.675000	0.5	3.177800
10.683333	0.5	3.181950
10.691667	0.5	3.185800
10.700000	0.5	3.192500
10.708333	0.5	3.197350
10.716667	0.5	3.204400
10.725000	0.5	3.211050
10.733333	0.5	3.219700
10.741667	0.5	3.229050
10.750000	0.5	3.235950
10.758333	0.5	3.236400
10.766667	0.5	3.233750
10.775000	0.5	3.237600
10.783333	0.5	3.242200
10.791667	0.5	3.247850
10.800000	0.5	3.254200
10.808333	0.5	3.260250
10.816667	0.5	3.267950
10.825000	0.5	3.277000
10.833333	0.5	3.280100
10.841667	0.5	3.291650
10.850000	0.5	3.295250
10.858333	0.5	3.294700
10.866667	0.5	3.296350
10.875000	0.5	3.299850
10.883333	0.5	3.307250
10.891667	0.5	3.312950
10.900000	0.5	3.318750
10.908333	0.5	3.323900
10.916667	0.5	3.331900
10.925000	0.5	3.338250
10.933333	0.5	3.345650
10.941667	0.5	3.353150
10.950000	0.5	3.352450
10.958333	0.5	3.350350
10.966667	0.5	3.352850
10.975000	0.5	3.358950
10.983333	0.5	3.363800
10.991667	0.5	3.367550
11.000000	0.5	3.374250
11.008333	0.5	3.375950
11.016667	0.5	3.381700
11.025000	0.5	3.388650
11.033333	0.5	3.397900
11.041667	0.5	3.402200
11.050000	0.5	3.402450
11.058333	0.5	3.402700
11.066667	0.5	3.405650
11.075000	0.5	3.414800
11.083333	0.5	3.418200
11.091667	0.5	3.424350
11.100000	0.5	3.430200
11.108333	0.5	3.439900
11.116667	0.5	3.448700
11.125000	0.5	3.458300
11.133333	0.5	3.467700
11.141667	0.5	3.468700
11.150000	0.5	3.470300
11.158333	0.5	3.474350
11.166667	0.5	3.480250
11.175000	0.5	3.489400
11.183333	0.5	3.496400
11.191667	0.5	3.503200
11.200000	0.5	3.514150
11.208333	0.5	3.519850
11.216667	0.5	3.527100
11.225000	0.5	3.536500
11.233333	0.5	3.541850
11.241667	0.5	3.538250
11.250000	0.5	3.541900
11.258333	0.5	3.546700
11.266667	0.5	3.551100
11.275000	0.5	3.554850
11.283333	0.5	3.562000
11.291667	0.5	3.567350
11.300000	0.5	3.574050
11.308333	0.5	3.580550
11.316667	0.5	3.590550
11.325000	0.5	3.596350
11.333333	0.5	3.597200
11.341667	0.5	3.597350
11.350000	0.5	3.600500
11.358333	0.5	3.605050
11.366667	0.5	3.610300
11.375000	0.5	3.615100
11.383333	0.5	3.621600
11.391667	0.5	3.627400
11.400000	0.5	3.635400
11.408333	0.5	3.642050
11.416667	0.5	3.653100
11.425000	0.5	3.652350
11.433333	0.5	3.653550
11.441667	0.5	3.655250
11.450000	0.5	3.659600
11.458333	0.5	3.663150
11.466667	0.5	3.668550
11.475000	0.5	3.675800
11.483333	0.5	3.680550
11.491667	0.5	3.689800
11.500000	0.5	3.694900
11.508333	0.5	3.702800
11.516667	0.5	3.710400
11.525000	0.5	3.711150
11.533333	0.5	3.710200
11.541667	0.5	3.717300
11.550000	0.5	3.717950
11.558333	0.5	3.721800
11.566667	0.5	3.731100
11.575000	0.5	3.737200
11.583333	0.5	3.744800
11.591667	0.5	3.749750
11.600000	0.5	3.752450
11.608333	0.5	3.764450
11.616667	0.5	3.767000
11.625000	0.5	3.767950
11.633333	0.5	3.766350
11.641667	0.5	3.773250
11.650000	0.5	3.777500
11.658333	0.5	3.780400
11.666667	0.5	3.788750
11.675000	0.5	3.792800
11.683333	0.5	3.800700
11.691667	0.5	3.807000
11.700000	0.5	3.813700
11.708333	0.5	3.821100
11.716667	0.5	3.821900
11.725000	0.5	3.820150
11.733333	0.5	3.825100
11.741667	0.5	3.830300
11.750000	0.5	3.833650
11.758333	0.5	3.840700
11.766667	0.5	3.849400
11.775000	0.5	3.855100
11.783333	0.5	3.862350
11.791667	0.5	3.866500
11.800000	0.5	3.876750
11.808333	0.5	3.879250
11.816667	0.5	3.879800
11.825000	0.5	3.880500
11.833333	0.5	3.885400
11.841667	0.5	3.888900
11.850000	0.5	3.897400
11.858333	0.5	3.903950
11.866667	0.5	3.908600
11.875000	0.5	3.915450
11.883333	0.5	3.922400
11.891667	0.5	3.930000
11.900000	0.5	3.937400
11.908333	0.5	3.938300
11.916667	0.5	3.940450
11.925000	0.5	3.941050
11.933333	0.5	3.947400
11.941667	0.5	3.950400
11.950000	0.5	3.957400
11.958333	0.5	3.962500
11.966667	0.5	3.969950
11.975000	0.5	3.977450
11.983333	0.5	3.984500
11.991667	0.5	3.995100
12.000000	0.5	3.997250
12.008333	0.5	3.996750
12.016667	0.5	3.993750
12.025000	0.5	4.000800
12.033333	0.5	4.004050
12.041667	0.5	4.009400
12.050000	0.5	4.015700
12.058333	0.5	4.019600
12.066667	0.5	4.026300
12.075000	0.5	4.034700
12.083333	0.5	4.038900
12.091667	0.5	4.046700
12.100000	0.5	4.045300
12.108333	0.5	4.044150
12.116667	0.5	4.049950
12.125000	0.5	4.052800
12.133333	0.5	4.056150
12.141667	0.5	4.064800
12.150000	0.5	4.070700
12.158333	0.5	4.074350
12.166667	0.5	4.082050
12.175000	0.5	4.087400
12.183333	0.5	4.095350
12.191667	0.5	4.099500
12.200000	0.5	4.098650
12.208333	0.5	4.099050
12.216667	0.5	4.104100
12.225000	0.5	4.108600
12.233333	0.5	4.113650
12.241667	0.5	4.121750
12.250000	0.5	4.126150
12.258333	0.5	4.131200
12.266667	0.5	4.139400
12.275000	0.5	4.145100
12.283333	0.5	4.152800
12.291667	0.5	4.154950
12.300000	0.5	4.153300
12.308333	0.5	4.155800
12.316667	0.5	4.161300
12.325000	0.5	4.164950
12.333333	0.5	4.172950
12.341667	0.5	4.178200
12.350000	0.5	4.183350
12.358333	0.5	4.190200
12.366667	0.5	4.194550
12.375000	0.5	4.205600
12.383333	0.5	4.206350
12.391667	0.5	4.206800
12.400000	0.5	4.207250
12.408333	0.5	4.211700
12.416667	0.5	4.215200
12.425000	0.5	4.222050
12.433333	0.5	4.226400
12.441667	0.5	4.232550
12.450000	0.5	4.238200
12.458333	0.5	4.245900
12.466667	0.5	4.252100
12.475000	0.5	4.260650
12.483333	0.5	4.259550
12.491667	0.5	4.259550
12.500000	0.5	4.261450
12.508333	0.5	4.267200
12.516667	0.5	4.271250
12.525000	0.5	4.276000
12.533333	0.5	4.282550
12.541667	0.5	4.287150
12.550000	0.5	4.292100
12.558333	0.5	4.297700
12.566667	0.5	4.307050
12.575000	0.5	4.307700
12.583333	0.5	4.308800
12.591667	0.5	4.311500
12.600000	0.5	4.315600
12.608333	0.5	4.321400
12.616667	0.5	4.325000
12.625000	0.5	4.330650
12.633333	0.5	4.336800
12.641667	0.5	4.342700
12.650000	0.5	4.349800
12.658333	0.5	4.355550
12.666667	0.5	4.363250
12.675000	0.5	4.364900
12.683333	0.5	4.364400
12.691667	0.5	4.367200
12.700000	0.5	4.372000
12.708333	0.5	4.377700
12.716667	0.5	4.384750
12.725000	0.5	4.390250
12.733333	0.5	4.397200
12.741667	0.5	4.403700
12.750000	0.5	4.409500
12.758333	0.5	4.420450
12.766667	0.5	4.426600
12.775000	0.5	4.428100
12.783333	0.5	4.430100
12.791667	0.5	4.435600
12.800000	0.5	4.442050
12.808333	0.5	4.447600
12.816667	0.5	4.453950
12.825000	0.5	4.459750
12.833333	0.5	4.468450
12.841667	0.5	4.475550
12.850000	0.5	4.484550
12.858333	0.5	4.492800
12.866667	0.5	4.495350
12.875000	0.5	4.498850
12.883333	0.5	4.503400
12.891667	0.5	4.507500
12.900000	0.5	4.514500
12.908333	0.5	4.521800
12.916667	0.5	4.529100
12.925000	0.5	4.538550
12.933333	0.5	4.545600
12.941667	0.5	4.552250
12.950000	0.5	4.562350
12.958333	0.5	4.566100
12.966667	0.5	4.569000
12.975000	0.5	4.571100
12.983333	0.5	4.575200
12.991667	0.5	4.581950
13.000000	0.5	4.586750
13.008333	0.5	4.593000
13.016667	0.5	4.599350
13.025000	0.5	4.604000
13.033333	0.5	4.608650
13.041667	0.5	4.617100
13.050000	0.5	4.623250
13.058333	0.5	4.623900
13.066667	0.5	4.622150
13.075000	0.5	4.624000
13.083333	0.5	4.627500
13.091667	0.5	4.630300
13.100000	0.5	4.634300
13.108333	0.5	4.640450
13.116667	0.5	4.642750
13.125000	0.5	4.647100
13.133333	0.5	4.651050
13.141667	0.5	4.657450
13.150000	0.5	4.658250
13.158333	0.5	4.654650
13.166667	0.5	4.653350
13.175000	0.5	4.656550
13.183333	0.5	4.658350
13.191667	0.5	4.660450
13.200000	0.5	4.662150
13.208333	0.5	4.667350
13.216667	0.5	4.668800
13.225000	0.5	4.672550
13.233333	0.5	4.680600
13.241667	0.5	4.682550
13.250000	0.5	4.681400
13.258333	0.5	4.681200
13.266667	0.5	4.682850
13.275000	0.5	4.685200
13.283333	0.5	4.687200
13.291667	0.5	4.691900
13.300000	0.5	4.694500
13.308333	0.5	4.700650
13.316667	0.5	4.703900
13.325000	0.5	4.708900
13.333333	0.5	4.715000
13.341667	0.5	4.715850
13.350000	0.5	4.715450
13.358333	0.5	4.714900
13.366667	0.5	4.717500
13.375000	0.5	4.722600
13.383333	0.5	4.723900
13.391667	0.5	4.730000
13.400000	0.5	4.735150
13.408333	0.5	4.740700
13.416667	0.5	4.747150
13.425000	0.5	4.752450
13.433333	0.5	4.756650
13.441667	0.5	4.757500
13.450000	0.5	4.757950
13.458333	0.5	4.761750
13.466667	0.5	4.765350
13.475000	0.5	4.766850
13.483333	0.5	4.770050
13.491667	0.5	4.775750
13.500000	0.5	4.783750
13.508333	0.5	4.787150
13.516667	0.5	4.793900
13.525000	0.5	4.800350
13.533333	0.5	4.800300
13.541667	0.5	4.804900
13.550000	0.5	4.802500
13.558333	0.5	4.806700
13.566667	0.5	4.812750
13.575000	0.5	4.817200
13.583333	0.5	4.819000
13.591667	0.5	4.825350
13.600000	0.5	4.830650
13.608333	0.5	4.834600
13.616667	0.5	4.842800
13.625000	0.5	4.846000
13.633333	0.5	4.846600
13.641667	0.5	4.846500
13.650000	0.5	4.850450
13.658333	0.5	4.853350
13.666667	0.5	4.856500
13.675000	0.5	4.862350
13.683333	0.5	4.867350
13.691667	0.5	4.873400
13.700000	0.5	4.877450
13.708333	0.5	4.882700
13.716667	0.5	4.891600
13.725000	0.5	4.893650
13.733333	0.5	4.891900
13.741667	0.5	4.892100
13.750000	0.5	4.896350
13.758333	0.5	4.898850
13.766667	0.5	4.904200
13.775000	0.5	4.909700
13.783333	0.5	4.915250
13.791667	0.5	4.919200
13.800000	0.5	4.923250
13.808333	0.5	4.930950
13.816667	0.5	4.936500
13.825000	0.5	4.936650
13.833333	0.5	4.934950
13.841667	0.5	4.938400
13.850000	0.5	4.941250
13.858333	0.5	4.946600
13.866667	0.5	4.949400
13.875000	0.5	4.956400
13.883333	0.5	4.963650
13.891667	0.5	4.969000
13.900000	0.5	4.974150
13.908333	0.5	4.981250
13.916667	0.5	4.985150
13.925000	0.5	4.984000
13.933333	0.5	4.984050
13.941667	0.5	4.987150
13.950000	0.5	4.992450
13.958333	0.5	4.996750
13.966667	0.5	5.000000
13.975000	0.5	5.004350
13.983333	0.5	5.009350
13.991667	0.5	5.016500
14.000000	0.5	5.021050
14.008333	0.5	5.026600
14.016667	0.5	5.026850
14.025000	0.5	5.028650
14.033333	0.5	5.029750
14.041667	0.5	5.033900
14.050000	0.5	5.038700
14.058333	0.5	5.039600
14.066667	0.5	5.046400
14.075000	0.5	5.051150
14.083333	0.5	5.057450
14.091667	0.5	5.063100
14.100000	0.5	5.068000
14.108333	0.5	5.071600
14.116667	0.5	5.071050
14.125000	0.5	5.072400
14.133333	0.5	5.075300
14.141667	0.5	5.079450
14.150000	0.5	5.083800
14.158333	0.5	5.090700
14.166667	0.5	5.094850
14.175000	0.5	5.100450
14.183333	0.5	5.107550
14.191667	0.5	5.112200
14.200000	0.5	5.114950
14.208333	0.5	5.115750
14.216667	0.5	5.113500
14.225000	0.5	5.117950
14.233333	0.5	5.123300
14.241667	0.5	5.125850
14.250000	0.5	5.132200
14.258333	0.5	5.136350
14.266667	0.5	5.141250
14.275000	0.5	5.145750
14.283333	0.5	5.153050
14.291667	0.5	5.157650
14.300000	0.5	5.160650
14.308333	0.5	5.156250
14.316667	0.5	5.158550
14.325000	0.5	5.164250
14.333333	0.5	5.165500
14.341667	0.5	5.169500
14.350000	0.5	5.175950
14.358333	0.5	5.177950
14.366667	0.5	5.180600
14.375000	0.5	5.186250
14.383333	0.5	5.191450
14.391667	0.5	5.194150
14.400000	0.5	5.193800
14.408333	0.5	5.195650
14.416667	0.5	5.197750
14.425000	0.5	5.201750
14.433333	0.5	5.204700
14.441667	0.5	5.208900
14.450000	0.5	5.212950
14.458333	0.5	5.217550
14.466667	0.5	5.221750
14.475000	0.5	5.225250
14.483333	0.5	5.234200
14.491667	0.5	5.233150
14.500000	0.5	5.232100
14.508333	0.5	5.234200
14.516667	0.5	5.237200
14.525000	0.5	5.239950
14.533333	0.5	5.245300
14.541667	0.5	5.249100
14.550000	0.5	5.252600
14.558333	0.5	5.259200
14.566667	0.5	5.264100
14.575000	0.5	5.270500
14.583333	0.5	5.276300
14.591667	0.5	5.274500
14.600000	0.5	5.275500
14.608333	0.5	5.278750
14.616667	0.5	5.280850
14.625000	0.5	5.286650
14.633333	0.5	5.291050
14.641667	0.5	5.294650
14.650000	0.5	5.298950
14.658333	0.5	5.303050
14.666667	0.5	5.308500
14.675000	0.5	5.319000
14.683333	0.5	5.317900
14.691667	0.5	5.317200
14.700000	0.5	5.319000
14.708333	0.5	5.321100
14.716667	0.5	5.323800
14.725000	0.5	5.329300
14.733333	0.5	5.334500
14.741667	0.5	5.337650
14.750000	0.5	5.343300
14.758333	0.5	5.346550
14.766667	0.5	5.352850
14.775000	0.5	5.358250
14.783333	0.5	5.356350
14.791667	0.5	5.358750
14.800000	0.5	5.361750
14.808333	0.5	5.364300
14.816667	0.5	5.370200
14.825000	0.5	5.371400
14.833333	0.5	5.373150
14.841667	0.5	5.381600
14.850000	0.5	5.383850
14.858333	0.5	5.386650
14.866667	0.5	5.395450
14.875000	0.5	5.398350
14.883333	0.5	5.395300
14.891667	0.5	5.397600
14.900000	0.5	5.398100
14.908333	0.5	5.401650
14.916667	0.5	5.405000
14.925000	0.5	5.412550
14.933333	0.5	5.413650
14.941667	0.5	5.420150
14.950000	0.5	5.424550
14.958333	0.5	5.429250
14.966667	0.5	5.433850
14.975000	0.5	5.433700
14.983333	0.5	5.434150
14.991667	0.5	5.435550
15.000000	0.5	5.440200
15.008333	0.5	5.444900
15.016667	0.5	5.451300
15.025000	0.5	5.453050
15.033333	0.5	5.455700
15.041667	0.5	5.462050
15.050000	0.5	5.464900
15.058333	0.5	5.472450
15.066667	0.5	5.473650
15.075000	0.5	5.472200
15.083333	0.5	5.473750
15.091667	0.5	5.478250
15.100000	0.5	5.480000
15.108333	0.5	5.482700
15.116667	0.5	5.488500
15.125000	0.5	5.492200
15.133333	0.5	5.496500
15.141667	0.5	5.502200
15.150000	0.5	5.507600
15.158333	0.5	5.514650
15.166667	0.5	5.510650
15.175000	0.5	5.512900
15.183333	0.5	5.512850
15.191667	0.5	5.518700
15.200000	0.5	5.522250
15.208333	0.5	5.527250
15.216667	0.5	5.529150
15.225000	0.5	5.534050
15.233333	0.5	5.540200
15.241667	0.5	5.543350
15.250000	0.5	5.554600
15.258333	0.5	5.552100
15.266667	0.5	5.552000
15.275000	0.5	5.552850
15.283333	0.5	5.554200
15.291667	0.5	5.557300
15.300000	0.5	5.562050
15.308333	0.5	5.566200
15.316667	0.5	5.570400
15.325000	0.5	5.576600
15.333333	0.5	5.579550
15.341667	0.5	5.583750
15.350000	0.5	5.593100
15.358333	0.5	5.587350
15.366667	0.5	5.588100
15.375000	0.5	5.590950
15.383333	0.5	5.595400
15.391667	0.5	5.597450
15.400000	0.5	5.600900
15.408333	0.5	5.605000
15.416667	0.5	5.609000
15.425000	0.5	5.614650
15.433333	0.5	5.617900
15.441667	0.5	5.623150
15.450000	0.5	5.624750
15.458333	0.5	5.624800
15.466667	0.5	5.626950
15.475000	0.5	5.630100
15.483333	0.5	5.629550
15.491667	0.5	5.634450
15.500000	0.5	5.638600
15.508333	0.5	5.642450
15.516667	0.5	5.645850
15.525000	0.5	5.649000
15.533333	0.5	5.657450
15.541667	0.5	5.659100
15.550000	0.5	5.661700
15.558333	0.5	5.660050
15.566667	0.5	5.662800
15.575000	0.5	5.666650
15.583333	0.5	5.670100
15.591667	0.5	5.669450
15.600000	0.5	5.675750
15.608333	0.5	5.679550
15.616667	0.5	5.686600
15.625000	0.5	5.686400
15.633333	0.5	5.694450
15.641667	0.5	5.696950
15.650000	0.5	5.697600
15.658333	0.5	5.694500
15.666667	0.5	5.700050
15.675000	0.5	5.697200
15.683333	0.5	5.702550
15.691667	0.5	5.705000
15.700000	0.5	5.711050
15.708333	0.5	5.716550
15.716667	0.5	5.717350
15.725000	0.5	5.723000
15.733333	0.5	5.729500
15.741667	0.5	5.727650
15.750000	0.5	5.726300
15.758333	0.5	5.731100
15.766667	0.5	5.733950
15.775000	0.5	5.736550
15.783333	0.5	5.739700
15.791667	0.5	5.746400
15.800000	0.5	5.750150
15.808333	0.5	5.754100
15.816667	0.5	5.752150
15.825000	0.5	5.762100
15.833333	0.5	5.762350
15.841667	0.5	5.763500
15.850000	0.5	5.763200
15.858333	0.5	5.768200
15.866667	0.5	5.770450
15.875000	0.5	5.770600
15.883333	0.5	5.775450
15.891667	0.5	5.779600
15.900000	0.5	5.784450
15.908333	0.5	5.787750
15.916667	0.5	5.788900
15.925000	0.5	5.795750
15.933333	0.5	5.795850
15.941667	0.5	5.793600
15.950000	0.5	5.799050
15.958333	0.5	5.802100
15.966667	0.5	5.802550
15.975000	0.5	5.807500
15.983333	0.5	5.809450
15.991667	0.5	5.816550
16.000000	0.5	5.819800
16.008333	0.5	5.820750
16.016667	0.5	5.830150
16.025000	0.5	5.828150
16.033333	0.5	5.827450
16.041667	0.5	5.831800
16.050000	0.5	5.830200
16.058333	0.5	5.835700
16.066667	0.5	5.836800
16.075000	0.5	5.841200
16.083333	0.5	5.847150
16.091667	0.5	5.848250
16.100000	0.5	5.852000
16.108333	0.5	5.858600
16.116667	0.5	5.863650
16.125000	0.5	5.861750
16.133333	0.5	5.861700
16.141667	0.5	5.865100
16.150000	0.5	5.866800
16.158333	0.5	5.871800
16.166667	0.5	5.875750
16.175000	0.5	5.880500
16.183333	0.5	5.883350
16.191667	0.5	5.884600
16.200000	0.5	5.886500
16.208333	0.5	5.895900
16.216667	0.5	5.895150
16.225000	0.5	5.895750
16.233333	0.5	5.897100
16.241667	0.5	5.898450
16.250000	0.5	5.904100
16.258333	0.5	5.905700
16.266667	0.5	5.908200
16.275000	0.5	5.914100
16.283333	0.5	5.919000
16.291667	0.5	5.924600
16.300000	0.5	5.924550
16.308333	0.5	5.932300
16.316667	0.5	5.932850
16.325000	0.5	5.930000
16.333333	0.5	5.934800
16.341667	0.5	5.935900
16.350000	0.5	5.940100
16.358333	0.5	5.943250
16.366667	0.5	5.946050
16.375000	0.5	5.949200
16.383333	0.5	5.954400
16.391667	0.5	5.958650
16.400000	0.5	5.962850
16.408333	0.5	5.962550
16.416667	0.5	5.966650
16.425000	0.5	5.962600
16.433333	0.5	5.963700
16.441667	0.5	5.970150
16.450000	0.5	5.971450
16.458333	0.5	5.976650
16.466667	0.5	5.977550
16.475000	0.5	5.982400
16.483333	0.5	5.987350
16.491667	0.5	5.993450
16.500000	0.5	5.996700
16.508333	0.5	5.999950
16.516667	0.5	5.996100
16.525000	0.5	6.000500
16.533333	0.5	5.999900
16.541667	0.5	6.002350
16.550000	0.5	6.006000
16.558333	0.5	6.011850
16.566667	0.5	6.015350
16.575000	0.5	6.017100
16.583333	0.5	6.020850
16.591667	0.5	6.026150
16.600000	0.5	6.026400
16.608333	0.5	6.027900
16.616667	0.5	6.029600
16.625000	0.5	6.029850
16.633333	0.5	6.034500
16.641667	0.5	6.035000
16.650000	0.5	6.040100
16.658333	0.5	6.042600
16.666667	0.5	6.045650
16.675000	0.5	6.048000
16.683333	0.5	6.053200
16.691667	0.5	6.059250
16.700000	0.5	6.059000
16.708333	0.5	6.053850
16.716667	0.5	6.059250
16.725000	0.5	6.061000
16.733333	0.5	6.068600
16.741667	0.5	6.072700
16.750000	0.5	6.067650
16.758333	0.5	6.077100
16.766667	0.5	6.077000
16.775000	0.5	6.078000
16.783333	0.5	6.086950
16.791667	0.5	6.087500
16.800000	0.5	6.086700
16.808333	0.5	6.090750
16.816667	0.5	6.089300
16.825000	0.5	6.091250
16.833333	0.5	6.095500
16.841667	0.5	6.099100
16.850000	0.5	6.103750
16.858333	0.5	6.108800
16.866667	0.5	6.111300
16.875000	0.5	6.114550
16.883333	0.5	6.115950
16.891667	0.5	6.117700
16.900000	0.5	6.117550
16.908333	0.5	6.118750
16.916667	0.5	6.120100
16.925000	0.5	6.125450
16.933333	0.5	6.127800
16.941667	0.5	6.131800
16.950000	0.5	6.134700
16.958333	0.5	6.138600
16.966667	0.5	6.144000
16.975000	0.5	6.147750
16.983333	0.5	6.151050
16.991667	0.5	6.147550
17.000000	0.5	6.149850
17.008333	0.5	6.153600
17.016667	0.5	6.159500
17.025000	0.5	6.163350
17.033333	0.5	6.168100
17.041667	0.5	6.172150
17.050000	0.5	6.175700
17.058333	0.5	6.178950
17.066667	0.5	6.181900
17.075000	0.5	6.186450
17.083333	0.5	6.189650
17.091667	0.5	6.189300
17.100000	0.5	6.191350
17.108333	0.5	6.193400
17.116667	0.5	6.200100
17.125000	0.5	6.207450
17.133333	0.5	6.212450
17.141667	0.5	6.213650
17.150000	0.5	6.217800
17.158333	0.5	6.218600
17.166667	0.5	6.224800
17.175000	0.5	6.226400
17.183333	0.5	6.224450
17.191667	0.5	6.223800
17.200000	0.5	6.231350
17.208333	0.5	6.233100
17.216667	0.5	6.233750
17.225000	0.5	6.236500
17.233333	0.5	6.242900
17.241667	0.5	6.246850
17.250000	0.5	6.248200
17.258333	0.5	6.251550
17.266667	0.5	6.256000
17.275000	0.5	6.255150
17.283333	0.5	6.252850
17.291667	0.5	6.254650
17.300000	0.5	6.255200
17.308333	0.5	6.260100
17.316667	0.5	6.258250
17.325000	0.5	6.261800
17.333333	0.5	6.263300
17.341667	0.5	6.269250
17.350000	0.5	6.269250
17.358333	0.5	6.278950
17.366667	0.5	6.276400
17.375000	0.5	6.275250
17.383333	0.5	6.276900
17.391667	0.5	6.277450
17.400000	0.5	6.278850
17.408333	0.5	6.281950
17.416667	0.5	6.284450
17.425000	0.5	6.286850
17.433333	0.5	6.292800
17.441667	0.5	6.291100
17.450000	0.5	6.297350
17.458333	0.5	6.300500
17.466667	0.5	6.302350
17.475000	0.5	6.301650
17.483333	0.5	6.302450
17.491667	0.5	6.303700
17.500000	0.5	6.308350
17.508333	0.5	6.312200
17.516667	0.5	6.315150
17.525000	0.5	6.316200
17.533333	0.5	6.321850
17.541667	0.5	6.321900
17.550000	0.5	6.329900
17.558333	0.5	6.327950
17.566667	0.5	6.332800
17.575000	0.5	6.332050
17.583333	0.5	6.337000
17.591667	0.5	6.338000
17.600000	0.5	6.341950
17.608333	0.5	6.345750
17.616667	0.5	6.350900
17.625000	0.5	6.354900
17.633333	0.5	6.358100
17.641667	0.5	6.364600
17.650000	0.5	6.368850
17.658333	0.5	6.371950
17.666667	0.5	6.371700
17.675000	0.5	6.375000
17.683333	0.5	6.379900
17.691667	0.5	6.383100
17.700000	0.5	6.388350
17.708333	0.5	6.389950
17.716667	0.5	6.395600
17.725000	0.5	6.398650
17.733333	0.5	6.403350
17.741667	0.5	6.410500
17.750000	0.5	6.415650
17.758333	0.5	6.417100
17.766667	0.5	6.414900
17.775000	0.5	6.417950
17.783333	0.5	6.422200
17.791667	0.5	6.424250
17.800000	0.5	6.427450
17.808333	0.5	6.432700
17.816667	0.5	6.435250
17.825000	0.5	6.437750
17.833333	0.5	6.441050
17.841667	0.5	6.441750
17.850000	0.5	6.441450
17.858333	0.5	6.439350
17.866667	0.5	6.442750
17.875000	0.5	6.446450
17.883333	0.5	6.444850
17.891667	0.5	6.447550
17.900000	0.5	6.447900
17.908333	0.5	6.448450
17.916667	0.5	6.452650
17.925000	0.5	6.452250
17.933333	0.5	6.458100
17.941667	0.5	6.457800
17.950000	0.5	6.455600
17.958333	0.5	6.458400
17.966667	0.5	6.461000
17.975000	0.5	6.460050
17.983333	0.5	6.464150
17.991667	0.5	6.467150
18.000000	0.5	6.468750
18.008333	0.5	6.471300
18.016667	0.5	6.471050
18.025000	0.5	6.476500
18.033333	0.5	6.480200
18.041667	0.5	6.480500
18.050000	0.5	6.475550
18.058333	0.5	6.478400
18.066667	0.5	6.484750
18.075000	0.5	6.481300
18.083333	0.5	6.482700
18.091667	0.5	6.486350
18.100000	0.5	6.490100
18.108333	0.5	6.492000
18.116667	0.5	6.492000
18.125000	0.5	6.499850
18.133333	0.5	6.500000
18.141667	0.5	6.498850
18.150000	0.5	6.497400
18.158333	0.5	6.495500
18.166667	0.5	6.497250
18.175000	0.5	6.499350
18.183333	0.5	6.502200
18.191667	0.5	6.502600
18.200000	0.5	6.503400
18.208333	0.5	6.508250
18.216667	0.5	6.510650
18.225000	0.5	6.511450
18.233333	0.5	6.513100
18.241667	0.5	6.510200
18.250000	0.5	6.511050
18.258333	0.5	6.512200
18.266667	0.5	6.513950
18.275000	0.5	6.514150
18.283333	0.5	6.517150
18.291667	0.5	6.514950
18.300000	0.5	6.518900
18.308333	0.5	6.519700
18.316667	0.5	6.522650
18.325000	0.5	6.518400
18.333333	0.5	6.520000
18.341667	0.5	6.518250
18.350000	0.5	6.518850
18.358333	0.5	6.517750
18.366667	0.5	6.520900
18.375000	0.5	6.521100
18.383333	0.5	6.525150
18.391667	0.5	6.525600
18.400000	0.5	6.524150
18.408333	0.5	6.523900
18.416667	0.5	6.525550
18.425000	0.5	6.521850
18.433333	0.5	6.518700
18.441667	0.5	6.525050
18.450000	0.5	6.525050
18.458333	0.5	6.522400
18.466667	0.5	6.520950
18.475000	0.5	6.523450
18.483333	0.5	6.522100
18.491667	0.5	6.522000
18.500000	0.5	6.519900
18.508333	0.5	6.523550
18.516667	0.5	6.523200
18.525000	0.5	6.517800
18.533333	0.5	6.514600
18.541667	0.5	6.516800
18.550000	0.5	6.515550
18.558333	0.5	6.515600
18.566667	0.5	6.512850
18.575000	0.5	6.511400
18.583333	0.5	6.510350
18.591667	0.5	6.508900
18.600000	0.5	6.509100
18.608333	0.5	6.510350
18.616667	0.5	6.507250
18.625000	0.5	6.501300
18.633333	0.5	6.497750
18.641667	0.5	6.497500
18.650000	0.5	6.495100
18.658333	0.5	6.493400
18.666667	0.5	6.493450
18.675000	0.5	6.492100
18.683333	0.5	6.486050
18.691667	0.5	6.485350
18.700000	0.5	6.488800
18.708333	0.5	6.487850
18.716667	0.5	6.479950
18.725000	0.5	6.474100
18.733333	0.5	6.470900
18.741667	0.5	6.465750
18.750000	0.5	6.464850
18.758333	0.5	6.463650
18.766667	0.5	6.458050
18.775000	0.5	6.456750
18.783333	0.5	6.451000
18.791667	0.5	6.452000
18.800000	0.5	6.449750
18.808333	0.5	6.446400
18.816667	0.5	6.438800
18.825000	0.5	6.430350
18.833333	0.5	6.431150
18.841667	0.5	6.423600
18.850000	0.5	6.420000
18.858333	0.5	6.417200
18.866667	0.5	6.414500
18.875000	0.5	6.408850
18.883333	0.5	6.405750
18.891667	0.5	6.403600
18.900000	0.5	6.396550
18.908333	0.5	6.390550
18.916667	0.5	6.384800
18.925000	0.5	6.379550
18.933333	0.5	6.375100
18.941667	0.5	6.368000
18.950000	0.5	6.365650
18.958333	0.5	6.358150
18.966667	0.5	6.356350
18.975000	0.5	6.350300
18.983333	0.5	6.350600
18.991667	0.5	6.347750
19.000000	0.5	6.339350
19.008333	0.5	6.330350
19.016667	0.5	6.326700
19.025000	0.5	6.321650
19.033333	0.5	6.316650
19.041667	0.5	6.312050
19.050000	0.5	6.308250
19.058333	0.5	6.302300
19.066667	0.5	6.299750
19.075000	0.5	6.292300
19.083333	0.5	6.294450
19.091667	0.5	6.286100
19.100000	0.5	6.281050
19.108333	0.5	6.275500
19.116667	0.5	6.269400
19.125000	0.5	6.265100
19.133333	0.5	6.259850
19.141667	0.5	6.256400
19.150000	0.5	6.252500
19.158333	0.5	6.247250
19.166667	0.5	6.241250
19.175000	0.5	6.242850
19.183333	0.5	6.238100
19.191667	0.5	6.233050
19.200000	0.5	6.227200
19.208333	0.5	6.221900
19.216667	0.5	6.217700
19.225000	0.5	6.215600
19.233333	0.5	6.212100
19.241667	0.5	6.211150
19.250000	0.5	6.207800
19.258333	0.5	6.211400
19.266667	0.5	6.205150
19.275000	0.5	6.212600
19.283333	0.5	6.209850
19.291667	0.5	6.209050
19.300000	0.5	6.208100
19.308333	0.5	6.208850
19.316667	0.5	6.209100
19.325000	0.5	6.212600
19.333333	0.5	6.217650
19.341667	0.5	6.224150
19.350000	0.5	6.229050
19.358333	0.5	6.234300
19.366667	0.5	6.249500
19.375000	0.5	6.259800
19.383333	0.5	6.269700
19.391667	0.5	6.283950
19.400000	0.5	6.296700
19.408333	0.5	6.320200
19.416667	0.5	6.343200
19.425000	0.5	6.366700
19.433333	0.5	6.394050
19.441667	0.5	6.428950
19.450000	0.5	6.464700
19.458333	0.5	6.505850
19.466667	0.5	6.558050
19.475000	0.5	6.607100
19.483333	0.5	6.663550
19.491667	0.5	6.726200
19.500000	0.5	6.793200
19.508333	0.5	6.871750
19.516667	0.5	6.948600
19.525000	0.5	7.034400
19.533333	0.5	7.125900
19.541667	0.5	7.219750
19.550000	0.5	7.321100
19.558333	0.5	7.427500
19.566667	0.5	7.539500
19.575000	0.5	7.650500
19.583333	0.5	7.759200
19.591667	0.5	7.873400
19.600000	0.5	7.994600
19.608333	0.5	8.114400
19.616667	0.5	8.230700
19.625000	0.5	8.346500
19.633333	0.5	8.463450
19.641667	0.5	8.577300
19.650000	0.5	8.687650
19.658333	0.5	8.793700
19.666667	0.5	8.895750
19.675000	0.5	8.995050
19.683333	0.5	9.087450
19.691667	0.5	9.176050
19.700000	0.5	9.263100
19.708333	0.5	9.346750
19.716667	0.5	9.421650
19.725000	0.5	9.492800
19.733333	0.5	9.562750
19.741667	0.5	9.625250
19.750000	0.5	9.690600
19.758333	0.5	9.747250
19.766667	0.5	9.798750
19.775000	0.5	9.845300
19.783333	0.5	9.896050
19.791667	0.5	9.941750
19.800000	0.5	9.983600
19.808333	0.5	10.025000
19.816667	0.5	10.062550
19.825000	0.5	10.100400
19.833333	0.5	10.137400
19.841667	0.5	10.171350
19.850000	0.5	10.205950
19.858333	0.5	10.237750
19.866667	0.5	10.262950
19.875000	0.5	10.288450
19.883333	0.5	10.318950
19.891667	0.5	10.346400
19.900000	0.5	10.370050
19.908333	0.5	10.392350
19.916667	0.5	10.417000
19.925000	0.5	10.439550
19.933333	0.5	10.460350
19.941667	0.5	10.484550
19.950000	0.5	10.509650
19.958333	0.5	10.525350
19.966667	0.5	10.541200
19.975000	0.5	10.558900
19.983333	0.5	10.577250
19.991667	0.5	10.592500
20.000000	0.5	10.610450
20.008333	0.5	10.625450
20.016667	0.5	10.642400
20.025000	0.5	10.657750
20.033333	0.5	10.668100
20.041667	0.5	10.688850
20.050000	0.5	10.697950
20.058333	0.5	10.706950
20.066667	0.5	10.720250
20.075000	0.5	10.730600
20.083333	0.5	10.740300
20.091667	0.5	10.751750
20.100000	0.5	10.763850
20.108333	0.5	10.769800
20.116667	0.5	10.780000
20.125000	0.5	10.784900
20.133333	0.5	10.795100
20.141667	0.5	10.802300
20.150000	0.5	10.805400
20.158333	0.5	10.807950
20.166667	0.5	10.809400
20.175000	0.5	10.813500
20.183333	0.5	10.811650
20.191667	0.5	10.813650
20.200000	0.5	10.815400
20.208333	0.5	10.810600
20.216667	0.5	10.811650
20.225000	0.5	10.810150
20.233333	0.5	10.808050
20.241667	0.5	10.800150
20.250000	0.5	10.790150
20.258333	0.5	10.782100
20.266667	0.5	10.773550
20.275000	0.5	10.763250
20.283333	0.5	10.745600
20.291667	0.5	10.731650
20.300000	0.5	10.719100
20.308333	0.5	10.701150
20.316667	0.5	10.684500
20.325000	0.5	10.664450
20.333333	0.5	10.643650
20.341667	0.5	10.612200
20.350000	0.5	10.580900
20.358333	0.5	10.552200
20.366667	0.5	10.518500
20.375000	0.5	10.480700
20.383333	0.5	10.437000
20.391667	0.5	10.393600
20.400000	0.5	10.350900
20.408333	0.5	10.303650
20.416667	0.5	10.251450
20.425000	0.5	10.200050
20.433333	0.5	10.142950
20.441667	0.5	10.080750
20.450000	0.5	10.016500
20.458333	0.5	9.946100
20.466667	0.5	9.875050
20.475000	0.5	9.798050
20.483333	0.5	9.724700
20.491667	0.5	9.650100
20.500000	0.5	9.569950
20.508333	0.5	9.486500
20.516667	0.5	9.403800
20.525000	0.5	9.322300
20.533333	0.5	9.236000
20.541667	0.5	9.145900
20.550000	0.5	9.057050
20.558333	0.5	8.972950
20.566667	0.5	8.882600
20.575000	0.5	8.793300
20.583333	0.5	8.710150
20.591667	0.5	8.625700
20.600000	0.5	8.543450
20.608333	0.5	8.460100
20.616667	0.5	8.383400
20.625000	0.5	8.303000
20.633333	0.5	8.227750
20.641667	0.5	8.147100
20.650000	0.5	8.076750
20.658333	0.5	8.005750
20.666667	0.5	7.934750
20.675000	0.5	7.872050
20.683333	0.5	7.807250
20.691667	0.5	7.747900
20.700000	0.5	7.690400
20.708333	0.5	7.635950
20.716667	0.5	7.586100
20.725000	0.5	7.535350
20.733333	0.5	7.485400
20.741667	0.5	7.442100
20.750000	0.5	7.399150
20.758333	0.5	7.355950
20.766667	0.5	7.318650
20.775000	0.5	7.287000
20.783333	0.5	7.253050
20.791667	0.5	7.226100
20.800000	0.5	7.197150
20.808333	0.5	7.174200
20.816667	0.5	7.149500
20.825000	0.5	7.121200
20.833333	0.5	7.100750
20.841667	0.5	7.079750
20.850000	0.5	7.062650
20.858333	0.5	7.045800
20.866667	0.5	7.029000
20.875000	0.5	7.016250
20.883333	0.5	7.004100
20.891667	0.5	6.992700
20.900000	0.5	6.984850
20.908333	0.5	6.974850
20.916667	0.5	6.963850
20.925000	0.5	6.949950
20.933333	0.5	6.946350
20.941667	0.5	6.937950
20.950000	0.5	6.932250
20.958333	0.5	6.929950
20.966667	0.5	6.924800
20.975000	0.5	6.921100
20.983333	0.5	6.919500
20.991667	0.5	6.914200
21.000000	0.5	6.910750
21.008333	0.5	6.907400
21.016667	0.5	6.899500
21.025000	0.5	6.898750
21.033333	0.5	6.894200
21.041667	0.5	6.891800
21.050000	0.5	6.891350
21.058333	0.5	6.891800
21.066667	0.5	6.890850
21.075000	0.5	6.891000
21.083333	0.5	6.889750
21.091667	0.5	6.895450
21.100000	0.5	6.889650
21.108333	0.5	6.892150
21.116667	0.5	6.887700
21.125000	0.5	6.885250
21.133333	0.5	6.884050
21.141667	0.5	6.883500
21.150000	0.5	6.881700
21.158333	0.5	6.883900
21.166667	0.5	6.884050
21.175000	0.5	6.887000
21.183333	0.5	6.885800
21.191667	0.5	6.887100
21.200000	0.5	6.889550
21.208333	0.5	6.890550
21.216667	0.5	6.884600
21.225000	0.5	6.884900
21.233333	0.5	6.887450
21.241667	0.5	6.888950
21.250000	0.5	6.887500
21.258333	0.5	6.888600
21.266667	0.5	6.893750
21.275000	0.5	6.891950
21.283333	0.5	6.893950
21.291667	0.5	6.897050
21.300000	0.5	6.897700
21.308333	0.5	6.893850
21.316667	0.5	6.892400
21.325000	0.5	6.895650
21.333333	0.5	6.897850
21.341667	0.5	6.900250
21.350000	0.5	6.900850
21.358333	0.5	6.905850
21.366667	0.5	6.905000
21.375000	0.5	6.904950
21.383333	0.5	6.910550
21.391667	0.5	6.911000
21.400000	0.5	6.912700
21.408333	0.5	6.913100
21.416667	0.5	6.913850
21.425000	0.5	6.912550
21.433333	0.5	6.914100
21.441667	0.5	6.913500
21.450000	0.5	6.914600
21.458333	0.5	6.913400
21.466667	0.5	6.914900
21.475000	0.5	6.920100
21.483333	0.5	6.915250
21.491667	0.5	6.916000
21.500000	0.5	6.912350
21.508333	0.5	6.913900
21.516667	0.5	6.913900
21.525000	0.5	6.911300
21.533333	0.5	6.911750
21.541667	0.5	6.913300
21.550000	0.5	6.910900
21.558333	0.5	6.907000
21.566667	0.5	6.908250
21.575000	0.5	6.909200
21.583333	0.5	6.910200
21.591667	0.5	6.905900
21.600000	0.5	6.903150
21.608333	0.5	6.903050
21.616667	0.5	6.902100
21.625000	0.5	6.896900
21.633333	0.5	6.899850
21.641667	0.5	6.902450
21.650000	0.5	6.901750
21.658333	0.5	6.897900
21.666667	0.5	6.901500
21.675000	0.5	6.904350
21.683333	0.5	6.902100
21.691667	0.5	6.900250
21.700000	0.5	6.902550
21.708333	0.5	6.900500
21.716667	0.5	6.902450
21.725000	0.5	6.901900
21.733333	0.5	6.901800
21.741667	0.5	6.901800
21.750000	0.5	6.905100
21.758333	0.5	6.908400
21.766667	0.5	6.910100
21.775000	0.5	6.907850
21.783333	0.5	6.908350
21.791667	0.5	6.903850
21.800000	0.5	6.906800
21.808333	0.5	6.904900
21.816667	0.5	6.905350
21.825000	0.5	6.904550
21.833333	0.5	6.909100
21.841667	0.5	6.910050
21.850000	0.5	6.907800
21.858333	0.5	6.911900
21.866667	0.5	6.912500
21.875000	0.5	6.913900
21.883333	0.5	6.911150
21.891667	0.5	6.909000
21.900000	0.5	6.913650
21.908333	0.5	6.910100
21.916667	0.5	6.910650
21.925000	0.5	6.912000
21.933333	0.5	6.914150
21.941667	0.5	6.913800
21.950000	0.5	6.913700
21.958333	0.5	6.918300
21.966667	0.5	6.915900
21.975000	0.5	6.914200
21.983333	0.5	6.915100
21.991667	0.5	6.912450
22.000000	0.5	6.910950
22.008333	0.5	6.912450
22.016667	0.5	6.912400
22.025000	0.5	6.913500
22.033333	0.5	6.915700
22.041667	0.5	6.917850
22.050000	0.5	6.916300
22.058333	0.5	6.919650
22.066667	0.5	6.921800
22.075000	0.5	6.918250
22.083333	0.5	6.917200
22.091667	0.5	6.918350
22.100000	0.5	6.918900
22.108333	0.5	6.923400
22.116667	0.5	6.919900
22.125000	0.5	6.921650
22.133333	0.5	6.922800
22.141667	0.5	6.919100
22.150000	0.5	6.924600
22.158333	0.5	6.923550
22.166667	0.5	6.919900
22.175000	0.5	6.917700
22.183333	0.5	6.921150
22.191667	0.5	6.922450
22.200000	0.5	6.920050
22.208333	0.5	6.921250
22.216667	0.5	6.918650
22.225000	0.5	6.921350
22.233333	0.5	6.922800
22.241667	0.5	6.922850
22.250000	0.5	6.926400
22.258333	0.5	6.925650
22.266667	0.5	6.922550
22.275000	0.5	6.921300
22.283333	0.5	6.924000
22.291667	0.5	6.922800
22.300000	0.5	6.927300
22.308333	0.5	6.924350
22.316667	0.5	6.922750
22.325000	0.5	6.925350
22.333333	0.5	6.924750
22.341667	0.5	6.929650
22.350000	0.5	6.929400
22.358333	0.5	6.927750
22.366667	0.5	6.929250
22.375000	0.5	6.925950
22.383333	0.5	6.927350
22.391667	0.5	6.926800
22.400000	0.5	6.928900
22.408333	0.5	6.927450
22.416667	0.5	6.930450
22.425000	0.5	6.927150
22.433333	0.5	6.935750
22.441667	0.5	6.933400
22.450000	0.5	6.933950
22.458333	0.5	6.931000
22.466667	0.5	6.931000
22.475000	0.5	6.934200
22.483333	0.5	6.931150
22.491667	0.5	6.938950
22.500000	0.5	6.933350
22.508333	0.5	6.937300
22.516667	0.5	6.938250
22.525000	0.5	6.937300
22.533333	0.5	6.939550
22.541667	0.5	6.937250
22.550000	0.5	6.939250
22.558333	0.5	6.937900
22.566667	0.5	6.935550
22.575000	0.5	6.937800
22.583333	0.5	6.940900
22.591667	0.5	6.940000
22.600000	0.5	6.937850
22.608333	0.5	6.942100
22.616667	0.5	6.938300
22.625000	0.5	6.938750
22.633333	0.5	6.943350
22.641667	0.5	6.942050
22.650000	0.5	6.939600
22.658333	0.5	6.939750
22.666667	0.5	6.938450
22.675000	0.5	6.942550
22.683333	0.5	6.939000
22.691667	0.5	6.941650
22.700000	0.5	6.940450
22.708333	0.5	6.942400
22.716667	0.5	6.943800
22.725000	0.5	6.944600
22.733333	0.5	6.945100
22.741667	0.5	6.940850
22.750000	0.5	6.940550
22.758333	0.5	6.940650
22.766667	0.5	6.941400
22.775000	0.5	6.939450
22.783333	0.5	6.945950
22.791667	0.5	6.942350
22.800000	0.5	6.944550
22.808333	0.5	6.944450
22.816667	0.5	6.947750
22.825000	0.5	6.949500
22.833333	0.5	6.947350
22.841667	0.5	6.944800
22.850000	0.5	6.944000
22.858333	0.5	6.945450
22.866667	0.5	6.943800
22.875000	0.5	6.946100
22.883333	0.5	6.947550
22.891667	0.5	6.949550
22.900000	0.5	6.947350
22.908333	0.5	6.947600
22.916667	0.5	6.954800
22.925000	0.5	6.951550
22.933333	0.5	6.951700
22.941667	0.5	6.947600
22.950000	0.5	6.948450
22.958333	0.5	6.950350
22.966667	0.5	6.954800
22.975000	0.5	6.952000
22.983333	0.5	6.952100
22.991667	0.5	6.950950
23.000000	0.5	6.952100
23.008333	0.5	6.959100
23.016667	0.5	6.956800
23.025000	0.5	6.959100
23.033333	0.5	6.957900
23.041667	0.5	6.959900
23.050000	0.5	6.956950
23.058333	0.5	6.956850
23.066667	0.5	6.959450
23.075000	0.5	6.959000
23.083333	0.5	6.961750
23.091667	0.5	6.960050
23.100000	0.5	6.957100
23.108333	0.5	6.965300
23.116667	0.5	6.965100
23.125000	0.5	6.965850
23.133333	0.5	6.960300
23.141667	0.5	6.961050
23.150000	0.5	6.964200
23.158333	0.5	6.966400
23.166667	0.5	6.968000
23.175000	0.5	6.965050
23.183333	0.5	6.968300
23.191667	0.5	6.966900
23.200000	0.5	6.972900
23.208333	0.5	6.974600
23.216667	0.5	6.973800
23.225000	0.5	6.977600
23.233333	0.5	6.977350
23.241667	0.5	6.974250
23.250000	0.5	6.972250
23.258333	0.5	6.975100
23.266667	0.5	6.976750
23.275000	0.5	6.976900
23.283333	0.5	6.978900
23.291667	0.5	6.978900
23.300000	0.5	6.982350
23.308333	0.5	6.981500
23.316667	0.5	6.984100
23.325000	0.5	6.983600
23.333333	0.5	6.984900
23.341667	0.5	6.983250
23.350000	0.5	6.986100
23.358333	0.5	6.988550
23.366667	0.5	6.987500
23.375000	0.5	6.990700
23.383333	0.5	6.989950
23.391667	0.5	6.997250
23.400000	0.5	6.995600
23.408333	0.5	6.996150
23.416667	0.5	6.998250
23.425000	0.5	6.995450
23.433333	0.5	6.999800
23.441667	0.5	7.002300
23.450000	0.5	7.002550
23.458333	0.5	7.004300
23.466667	0.5	7.007050
23.475000	0.5	7.003650
23.483333	0.5	7.008350
23.491667	0.5	7.016750
23.500000	0.5	7.017250
23.508333	0.5	7.015500
23.516667	0.5	7.018550
23.525000	0.5	7.018600
23.533333	0.5	7.020750
23.541667	0.5	7.022150
23.550000	0.5	7.027300
23.558333	0.5	7.028350
23.566667	0.5	7.031150
23.575000	0.5	7.033950
23.583333	0.5	7.039150
23.591667	0.5	7.042400
23.600000	0.5	7.045250
23.608333	0.5	7.043400
23.616667	0.5	7.047950
23.625000	0.5	7.056350
23.633333	0.5	7.056750
23.641667	0.5	7.067500
23.650000	0.5	7.069550
23.658333	0.5	7.081650
23.666667	0.5	7.095450
23.675000	0.5	7.118950
23.683333	0.5	7.160100
23.691667	0.5	7.231000
23.700000	0.5	7.327500
23.708333	0.5	7.388250
23.716667	0.5	7.394600
23.725000	0.5	7.349350
23.733333	0.5	7.273250
23.741667	0.5	7.174150
23.750000	0.5	7.059000
23.758333	0.5	6.959800
23.766667	0.5	6.890000
23.775000	0.5	6.849050
23.783333	0.5	6.824900
23.791667	0.5	6.806400
23.800000	0.5	6.793500
23.808333	0.5	6.781050
23.816667	0.5	6.774250
23.825000	0.5	6.769450
23.833333	0.5	6.758900
23.841667	0.5	6.751700
23.850000	0.5	6.745500
23.858333	0.5	6.739050
23.866667	0.5	6.730500
23.875000	0.5	6.726700
23.883333	0.5	6.714850
23.891667	0.5	6.706450
23.900000	0.5	6.697250
23.908333	0.5	6.693950
23.916667	0.5	6.686150
23.925000	0.5	6.680650
23.933333	0.5	6.678300
23.941667	0.5	6.675650
23.950000	0.5	6.669900
23.958333	0.5	6.665950
23.966667	0.5	6.667700
23.975000	0.5	6.663000
23.983333	0.5	6.659350
23.991667	0.5	6.653900
24.000000	0.5	6.652700
24.008333	0.5	6.644600
24.016667	0.5	6.642200
24.025000	0.5	6.640700
24.033333	0.5	6.641450
24.041667	0.5	6.637300
24.050000	0.5	6.637250
24.058333	0.5	6.632100
24.066667	0.5	6.634100
24.075000	0.5	6.632050
24.083333	0.5	6.626100
24.091667	0.5	6.621250
24.100000	0.5	6.614250
24.108333	0.5	6.614000
24.116667	0.5	6.612800
24.125000	0.5	6.611750
24.133333	0.5	6.608700
24.141667	0.5	6.609100
24.150000	0.5	6.603200
24.158333	0.5	6.605600
24.166667	0.5	6.602050
24.175000	0.5	6.601050
24.183333	0.5	6.595250
24.191667	0.5	6.595150
24.200000	0.5	6.589200
24.208333	0.5	6.589150
24.216667	0.5	6.586250
24.225000	0.5	6.584000
24.233333	0.5	6.585950
24.241667	0.5	6.582400
24.250000	0.5	6.581350
24.258333	0.5	6.583450
24.266667	0.5	6.578050
24.275000	0.5	6.576400
24.283333	0.5	6.574250
24.291667	0.5	6.571950
24.300000	0.5	6.571300
24.308333	0.5	6.570350
24.316667	0.5	6.565150
24.325000	0.5	6.567700
24.333333	0.5	6.568750
24.341667	0.5	6.566550
24.350000	0.5	6.568600
24.358333	0.5	6.567100
24.366667	0.5	6.560000
24.375000	0.5	6.559350
24.383333	0.5	6.557500
24.391667	0.5	6.555850
24.400000	0.5	6.554950
24.408333	0.5	6.554250
24.416667	0.5	6.559000
24.425000	0.5	6.555500
24.433333	0.5	6.558550
24.441667	0.5	6.554500
24.450000	0.5	6.551750
24.458333	0.5	6.549550
24.466667	0.5	6.547050
24.475000	0.5	6.551150
24.483333	0.5	6.547350
24.491667	0.5	6.546900
24.500000	0.5	6.545450
24.508333	0.5	6.544950
24.516667	0.5	6.542400
24.525000	0.5	6.543250
24.533333	0.5	6.539900
24.541667	0.5	6.545150
24.550000	0.5	6.542150
24.558333	0.5	6.538200
24.566667	0.5	6.537600
24.575000	0.5	6.532600
24.583333	0.5	6.536200
24.591667	0.5	6.532900
24.600000	0.5	6.527950
24.608333	0.5	6.529400
24.616667	0.5	6.530200
24.625000	0.5	6.529850
24.633333	0.5	6.529100
24.641667	0.5	6.528350
24.650000	0.5	6.529700
24.658333	0.5	6.524300
24.666667	0.5	6.525050
24.675000	0.5	6.521900
24.683333	0.5	6.521500
24.691667	0.5	6.522600
24.700000	0.5	6.522150
24.708333	0.5	6.523900
24.716667	0.5	6.524200
24.725000	0.5	6.521300
24.733333	0.5	6.527350
24.741667	0.5	6.522500
24.750000	0.5	6.521000
24.758333	0.5	6.518800
24.766667	0.5	6.516400
24.775000	0.5	6.518400
24.783333	0.5	6.513550
24.791667	0.5	6.519100
24.800000	0.5	6.517700
24.808333	0.5	6.519350
24.816667	0.5	6.518750
24.825000	0.5	6.517900
24.833333	0.5	6.521250
24.841667	0.5	6.518600
24.850000	0.5	6.515550
24.858333	0.5	6.514000
24.866667	0.5	6.512650
24.875000	0.5	6.513100
24.883333	0.5	6.511650
24.891667	0.5	6.510150
24.900000	0.5	6.512100
24.908333	0.5	6.510350
24.916667	0.5	6.506850
24.925000	0.5	6.511850
24.933333	0.5	6.508900
24.941667	0.5	6.504650
24.950000	0.5	6.505900
24.958333	0.5	6.501700
24.966667	0.5	6.504150
24.975000	0.5	6.504250
24.983333	0.5	6.503850
24.991667	0.5	6.500850
25.000000	0.5	6.500850
25.008333	0.5	6.504950
25.016667	0.5	6.502550
25.025000	0.5	6.503350
25.033333	0.5	6.499900
25.041667	0.5	6.497400
25.050000	0.5	6.501150
25.058333	0.5	6.496250
25.066667	0.5	6.496450
25.075000	0.5	6.495600
25.083333	0.5	6.494800
25.091667	0.5	6.491800
25.100000	0.5	6.495000
25.108333	0.5	6.493550
25.116667	0.5	6.496250
25.125000	0.5	6.495700
25.133333	0.5	6.494400
25.141667	0.5	6.490850
25.150000	0.5	6.490400
25.158333	0.5	6.490600
25.166667	0.5	6.490800
25.175000	0.5	6.492250
25.183333	0.5	6.488600
25.191667	0.5	6.489750
25.200000	0.5	6.488950
25.208333	0.5	6.494600
25.216667	0.5	6.495650
25.225000	0.5	6.492950
25.233333	0.5	6.491950
25.241667	0.5	6.489950
25.250000	0.5	6.489950
25.258333	0.5	6.489850
25.266667	0.5	6.490600
25.275000	0.5	6.488600
25.283333	0.5	6.487850
25.291667	0.5	6.491250
25.300000	0.5	6.489450
25.308333	0.5	6.495100
25.316667	0.5	6.490100
25.325000	0.5	6.490200
25.333333	0.5	6.489050
25.341667	0.5	6.486550
25.350000	0.5	6.491050
25.358333	0.5	6.483550
25.366667	0.5	6.482200
25.375000	0.5	6.484950
25.383333	0.5	6.487950
25.391667	0.5	6.487100
25.400000	0.5	6.486600
25.408333	0.5	6.493400
25.416667	0.5	6.487150
25.425000	0.5	6.486750
25.433333	0.5	6.488400
25.441667	0.5	6.486100
25.450000	0.5	6.483950
25.458333	0.5	6.482000
25.466667	0.5	6.485450
25.475000	0.5	6.483150
25.483333	0.5	6.488150
25.491667	0.5	6.486300
25.500000	0.5	6.488150
25.508333	0.5	6.488600
25.516667	0.5	6.487000
25.525000	0.5	6.484300
25.533333	0.5	6.483350
25.541667	0.5	6.483600
25.550000	0.5	6.481900
25.558333	0.5	6.482550
25.566667	0.5	6.485250
25.575000	0.5	6.488600
25.583333	0.5	6.483700
25.591667	0.5	6.483200
25.600000	0.5	6.487250
25.608333	0.5	6.485250
25.616667	0.5	6.480550
25.625000	0.5	6.481400
25.633333	0.5	6.482050
25.641667	0.5	6.479200
25.650000	0.5	6.484200
25.658333	0.5	6.483900
25.666667	0.5	6.483900
25.675000	0.5	6.487850
25.683333	0.5	6.486300
25.691667	0.5	6.493900
25.700000	0.5	6.495050
25.708333	0.5	6.489900
25.716667	0.5	6.493000
25.725000	0.5	6.490500
25.733333	0.5	6.493850
25.741667	0.5	6.494750
25.750000	0.5	6.497500
25.758333	0.5	6.503150
25.766667	0.5	6.504400
25.775000	0.5	6.507450
25.783333	0.5	6.511600
25.791667	0.5	6.512950
25.800000	0.5	6.511450
25.808333	0.5	6.513900
25.816667	0.5	6.516550
25.825000	0.5	6.514650
25.833333	0.5	6.518150
25.841667	0.5	6.517250
25.850000	0.5	6.520100
25.858333	0.5	6.524400
25.866667	0.5	6.525900
25.875000	0.5	6.525550
25.883333	0.5	6.528900
25.891667	0.5	6.528200
25.900000	0.5	6.527100
25.908333	0.5	6.521300
25.916667	0.5	6.527100
25.925000	0.5	6.527800
25.933333	0.5	6.525550
25.941667	0.5	6.526050
25.950000	0.5	6.526950
25.958333	0.5	6.524850
25.966667	0.5	6.527250
25.975000	0.5	6.529800
25.983333	0.5	6.533350
25.991667	0.5	6.532700
26.000000	0.5	6.521400
26.008333	0.5	6.524550
26.016667	0.5	6.522600
26.025000	0.5	6.521500
26.033333	0.5	6.521900
26.041667	0.5	6.520100
26.050000	0.5	6.520900
26.058333	0.5	6.520800
26.066667	0.5	6.521050
26.075000	0.5	6.522350
26.083333	0.5	6.522750
26.091667	0.5	6.519650
26.100000	0.5	6.513700
26.108333	0.5	6.513550
26.116667	0.5	6.509850
26.125000	0.5	6.509250
26.133333	0.5	6.508400
26.141667	0.5	6.510650
26.150000	0.5	6.510650
26.158333	0.5	6.508350
26.166667	0.5	6.507900
26.175000	0.5	6.506750
26.183333	0.5	6.507300
26.191667	0.5	6.504350
26.200000	0.5	6.502700
26.208333	0.5	6.499900
26.216667	0.5	6.497650
26.225000	0.5	6.498100
26.233333	0.5	6.495150
26.241667	0.5	6.496450
26.250000	0.5	6.501050
26.258333	0.5	6.503450
26.266667	0.5	6.503250
26.275000	0.5	6.502600
26.283333	0.5	6.501750
26.291667	0.5	6.498450
26.300000	0.5	6.495650
26.308333	0.5	6.497750
26.316667	0.5	6.495600
26.325000	0.5	6.496600
26.333333	0.5	6.499950
26.341667	0.5	6.498150
26.350000	0.5	6.498750
26.358333	0.5	6.503400
26.366667	0.5	6.501900
26.375000	0.5	6.502950
26.383333	0.5	6.502250
26.391667	0.5	6.495450
26.400000	0.5	6.499350
26.408333	0.5	6.498100
26.416667	0.5	6.498400
26.425000	0.5	6.499700
26.433333	0.5	6.504450
26.441667	0.5	6.503100
26.450000	0.5	6.502100
26.458333	0.5	6.504750
26.466667	0.5	6.504750
26.475000	0.5	6.505900
26.483333	0.5	6.502550
26.491667	0.5	6.502600
26.500000	0.5	6.499700
26.508333	0.5	6.500050
26.516667	0.5	6.504000
26.525000	0.5	6.501900
26.533333	0.5	6.505750
26.541667	0.5	6.501900
26.550000	0.5	6.504650
26.558333	0.5	6.507150
26.566667	0.5	6.503600
26.575000	0.5	6.499350
26.583333	0.5	6.500500
26.591667	0.5	6.501750
26.600000	0.5	6.504800
26.608333	0.5	6.501400
26.616667	0.5	6.501000
26.625000	0.5	6.504450
26.633333	0.5	6.507500
26.641667	0.5	6.502900
26.650000	0.5	6.509300
26.658333	0.5	6.509500
26.666667	0.5	6.507700
26.675000	0.5	6.504550
26.683333	0.5	6.508200
26.691667	0.5	6.505900
26.700000	0.5	6.504700
26.708333	0.5	6.505100
26.716667	0.5	6.504500
26.725000	0.5	6.510600
26.733333	0.5	6.512100
26.741667	0.5	6.510000
26.750000	0.5	6.512150
26.758333	0.5	6.511950
26.766667	0.5	6.510950
26.775000	0.5	6.513950
26.783333	0.5	6.510050
26.791667	0.5	6.511700
26.800000	0.5	6.512950
26.808333	0.5	6.513950
26.816667	0.5	6.511700
26.825000	0.5	6.514400
26.833333	0.5	6.511450
26.841667	0.5	6.518950
26.850000	0.5	6.514300
26.858333	0.5	6.513900
26.866667	0.5	6.512300
26.875000	0.5	6.513200
26.883333	0.5	6.517850
26.891667	0.5	6.522500
26.900000	0.5	6.517950
26.908333	0.5	6.519500
26.916667	0.5	6.521850
26.925000	0.5	6.520150
26.933333	0.5	6.522250
26.941667	0.5	6.527300
26.950000	0.5	6.524000
26.958333	0.5	6.521800
26.966667	0.5	6.523950
26.975000	0.5	6.523200
26.983333	0.5	6.527750
26.991667	0.5	6.528500
27.000000	0.5	6.529500
27.008333	0.5	6.533050
27.016667	0.5	6.534050
27.025000	0.5	6.535050
27.033333	0.5	6.543850
27.041667	0.5	6.543650
27.050000	0.5	6.541600
27.058333	0.5	6.538300
27.066667	0.5	6.541650
27.075000	0.5	6.540200
27.083333	0.5	6.544950
27.091667	0.5	6.546450
27.100000	0.5	6.553350
27.108333	0.5	6.554000
27.116667	0.5	6.555200
27.125000	0.5	6.556650
27.133333	0.5	6.563400
27.141667	0.5	6.560000
27.150000	0.5	6.559350
27.158333	0.5	6.559700
27.166667	0.5	6.564050
27.175000	0.5	6.564750
27.183333	0.5	6.567150
27.191667	0.5	6.567400
27.200000	0.5	6.564850
27.208333	0.5	6.569750
27.216667	0.5	6.566150
27.225000	0.5	6.570100
27.233333	0.5	6.569250
27.241667	0.5	6.564750
27.250000	0.5	6.564550
27.258333	0.5	6.564450
27.266667	0.5	6.563800
27.275000	0.5	6.563000
27.283333	0.5	6.562200
27.291667	0.5	6.561400
27.300000	0.5	6.562800
27.308333	0.5	6.561200
27.316667	0.5	6.563800
27.325000	0.5	6.566700
27.333333	0.5	6.560500
27.341667	0.5	6.560800
27.350000	0.5	6.554200
27.358333	0.5	6.556500
27.366667	0.5	6.555600
27.375000	0.5	6.557400
27.383333	0.5	6.558450
27.391667	0.5	6.560950
27.400000	0.5	6.560450
27.408333	0.5	6.556100
27.416667	0.5	6.560600
27.425000	0.5	6.557150
27.433333	0.5	6.557750
27.441667	0.5	6.552850
27.450000	0.5	6.555250
27.458333	0.5	6.557050
27.466667	0.5	6.554700
27.475000	0.5	6.556650
27.483333	0.5	6.556850
27.491667	0.5	6.561200
27.500000	0.5	6.563200
27.508333	0.5	6.567800
27.516667	0.5	6.571600
27.525000	0.5	6.571500
27.533333	0.5	6.571600
27.541667	0.5	6.574850
27.550000	0.5	6.579550
27.558333	0.5	6.586800
27.566667	0.5	6.594200
27.575000	0.5	6.597650
27.583333	0.5	6.609250
27.591667	0.5	6.621600
27.600000	0.5	6.629300
27.608333	0.5	6.648300
27.616667	0.5	6.658900
27.625000	0.5	6.676200
27.633333	0.5	6.690600
27.641667	0.5	6.709550
27.650000	0.5	6.727450
27.658333	0.5	6.753950
27.666667	0.5	6.778350
27.675000	0.5	6.810750
27.683333	0.5	6.840550
27.691667	0.5	6.869900
27.700000	0.5	6.909400
27.708333	0.5	6.944200
27.716667	0.5	6.986350
27.725000	0.5	7.025300
27.733333	0.5	7.065200
27.741667	0.5	7.108500
27.750000	0.5	7.150900
27.758333	0.5	7.198300
27.766667	0.5	7.244050
27.775000	0.5	7.290750
27.783333	0.5	7.337000
27.791667	0.5	7.378900
27.800000	0.5	7.426400
27.808333	0.5	7.471250
27.816667	0.5	7.508900
27.825000	0.5	7.548000
27.833333	0.5	7.579250
27.841667	0.5	7.613750
27.850000	0.5	7.640450
27.858333	0.5	7.665850
27.866667	0.5	7.688150
27.875000	0.5	7.706100
27.883333	0.5	7.720400
27.891667	0.5	7.730400
27.900000	0.5	7.739650
27.908333	0.5	7.742500
27.916667	0.5	7.735350
27.925000	0.5	7.727800
27.933333	0.5	7.715400
27.941667	0.5	7.700550
27.950000	0.5	7.679600
27.958333	0.5	7.658700
27.966667	0.5	7.632300
27.975000	0.5	7.607150
27.983333	0.5	7.571500
27.991667	0.5	7.534450
28.000000	0.5	7.500450
28.008333	0.5	7.458800
28.016667	0.5	7.415700
28.025000	0.5	7.371700
28.033333	0.5	7.328750
28.041667	0.5	7.286050
28.050000	0.5	7.244800
28.058333	0.5	7.198900
28.066667	0.5	7.157950
28.075000	0.5	7.113800
28.083333	0.5	7.076000
28.091667	0.5	7.041050
28.100000	0.5	6.998350
28.108333	0.5	6.958650
28.116667	0.5	6.926550
28.125000	0.5	6.894400
28.133333	0.5	6.865550
28.141667	0.5	6.839000
28.150000	0.5	6.816500
28.158333	0.5	6.795650
28.166667	0.5	6.770650
28.175000	0.5	6.747850
28.183333	0.5	6.735650
28.191667	0.5	6.722250
28.200000	0.5	6.702250
28.208333	0.5	6.694850
28.216667	0.5	6.680550
28.225000	0.5	6.664500
28.233333	0.5	6.658650
28.241667	0.5	6.654900
28.250000	0.5	6.648350
28.258333	0.5	6.647450
28.266667	0.5	6.642650
28.275000	0.5	6.642200
28.283333	0.5	6.636400
28.291667	0.5	6.636950
28.300000	0.5	6.631250
28.308333	0.5	6.633000
28.316667	0.5	6.632350
28.325000	0.5	6.626850
28.333333	0.5	6.627150
28.341667	0.5	6.629550
28.350000	0.5	6.632450
28.358333	0.5	6.632300
28.366667	0.5	6.631100
28.375000	0.5	6.633950
28.383333	0.5	6.634850
28.391667	0.5	6.636100
28.400000	0.5	6.634500
28.408333	0.5	6.633850
28.416667	0.5	6.640750
28.425000	0.5	6.639900
28.433333	0.5	6.643050
28.441667	0.5	6.643150
28.450000	0.5	6.644900
28.458333	0.5	6.650000
28.466667	0.5	6.655200
28.475000	0.5	6.654400
28.483333	0.5	6.656700
28.491667	0.5	6.653350
28.500000	0.5	6.650850
28.508333	0.5	6.654750
28.516667	0.5	6.655200
28.525000	0.5	6.661150
28.533333	0.5	6.663300
28.541667	0.5	6.665650
28.550000	0.5	6.669500
28.558333	0.5	6.667950
28.566667	0.5	6.673650
28.575000	0.5	6.672550
28.583333	0.5	6.671750
28.591667	0.5	6.673500
28.600000	0.5	6.677650
28.608333	0.5	6.676150
28.616667	0.5	6.678850
28.625000	0.5	6.684550
28.633333	0.5	6.685200
28.641667	0.5	6.684900
28.650000	0.5	6.688800
28.658333	0.5	6.695050
28.666667	0.5	6.695200
28.675000	0.5	6.697050
28.683333	0.5	6.697700
28.691667	0.5	6.699500
28.700000	0.5	6.698200
28.708333	0.5	6.700800
28.716667	0.5	6.704200
28.725000	0.5	6.705550
28.733333	0.5	6.706350
28.741667	0.5	6.715450
28.750000	0.5	6.711600
28.758333	0.5	6.719550
28.766667	0.5	6.720200
28.775000	0.5	6.721800
28.783333	0.5	6.718250
28.791667	0.5	6.721700
28.800000	0.5	6.722900
28.808333	0.5	6.723500
28.816667	0.5	6.726100
28.825000	0.5	6.726650
28.833333	0.5	6.733100
28.841667	0.5	6.731450
28.850000	0.5	6.734350
28.858333	0.5	6.739300
28.866667	0.5	6.742850
28.875000	0.5	6.739800
28.883333	0.5	6.742900
28.891667	0.5	6.744800
28.900000	0.5	6.753150
28.908333	0.5	6.750500
28.916667	0.5	6.755050
28.925000	0.5	6.756650
28.933333	0.5	6.760600
28.941667	0.5	6.762300
28.950000	0.5	6.766850
28.958333	0.5	6.766800
28.966667	0.5	6.769900
28.975000	0.5	6.768350
28.983333	0.5	6.773050
28.991667	0.5	6.771750
29.000000	0.5	6.773700
29.008333	0.5	6.776450
29.016667	0.5	6.773450
29.025000	0.5	6.780450
29.033333	0.5	6.784350
29.041667	0.5	6.783550
29.050000	0.5	6.788650
29.058333	0.5	6.790650
29.066667	0.5	6.794800
29.075000	0.5	6.790400
29.083333	0.5	6.795650
29.091667	0.5	6.800750
29.100000	0.5	6.803300
29.108333	0.5	6.807850
29.116667	0.5	6.809850
29.125000	0.5	6.814500
29.133333	0.5	6.822100
29.141667	0.5	6.824150
29.150000	0.5	6.826700
29.158333	0.5	6.831950
29.166667	0.5	6.836800
29.175000	0.5	6.840400
29.183333	0.5	6.843100
29.191667	0.5	6.853450
29.200000	0.5	6.859100
29.208333	0.5	6.866450
29.216667	0.5	6.878200
29.225000	0.5	6.881850
29.233333	0.5	6.890500
29.241667	0.5	6.899300
29.250000	0.5	6.911800
29.258333	0.5	6.916550
29.266667	0.5	6.926350
29.275000	0.5	6.937300
29.283333	0.5	6.948150
29.291667	0.5	6.956300
29.300000	0.5	6.969500
29.308333	0.5	6.979400
29.316667	0.5	6.995850
29.325000	0.5	7.002750
29.333333	0.5	7.016800
29.341667	0.5	7.028350
29.350000	0.5	7.034550
29.358333	0.5	7.041500
29.366667	0.5	7.049200
29.375000	0.5	7.060600
29.383333	0.5	7.070750
29.391667	0.5	7.071650
29.400000	0.5	7.084850
29.408333	0.5	7.085750
29.416667	0.5	7.088200
29.425000	0.5	7.087250
29.433333	0.5	7.091100
29.441667	0.5	7.094250
29.450000	0.5	7.092700
29.458333	0.5	7.088950
29.466667	0.5	7.085550
29.475000	0.5	7.085600
29.483333	0.5	7.084550
29.491667	0.5	7.076050
29.500000	0.5	7.069700
29.508333	0.5	7.066100
29.516667	0.5	7.057050
29.525000	0.5	7.050550
29.533333	0.5	7.044800
29.541667	0.5	7.036200
29.550000	0.5	7.025850
29.558333	0.5	7.018300
29.566667	0.5	7.009300
29.575000	0.5	7.003450
29.583333	0.5	6.995750
29.591667	0.5	6.992750
29.600000	0.5	6.988200
29.608333	0.5	6.975700
29.616667	0.5	6.972850
29.625000	0.5	6.968900
29.633333	0.5	6.963950
29.641667	0.5	6.956950
29.650000	0.5	6.953700
29.658333	0.5	6.948200
29.666667	0.5	6.943500
29.675000	0.5	6.941100
29.683333	0.5	6.936700
29.691667	0.5	6.938050
29.700000	0.5	6.935750
29.708333	0.5	6.937400
29.716667	0.5	6.933200
29.725000	0.5	6.935750
29.733333	0.5	6.932750
29.741667	0.5	6.929450
29.750000	0.5	6.928900
29.758333	0.5	6.924000
29.766667	0.5	6.928350
29.775000	0.5	6.929750
29.783333	0.5	6.930200
29.791667	0.5	6.926600
29.800000	0.5	6.926850
29.808333	0.5	6.931900
29.816667	0.5	6.930700
29.825000	0.5	6.931150
29.833333	0.5	6.929950
29.841667	0.5	6.933250
29.850000	0.5	6.930550
29.858333	0.5	6.932200
29.866667	0.5	6.927400
29.875000	0.5	6.931300
29.883333	0.5	6.933450
29.891667	0.5	6.933600
29.900000	0.5	6.932700
29.908333	0.5	6.936000
29.916667	0.5	6.937000
29.925000	0.5	6.933500
29.933333	0.5	6.939300
29.941667	0.5	6.936400
29.950000	0.5	6.935900
29.958333	0.5	6.935600
29.966667	0.5	6.938950
29.975000	0.5	6.940200
29.983333	0.5	6.946700
29.991667	0.5	6.940550
30.000000	0.5	6.944700
30.008333	0.5	6.945250
30.016667	0.5	6.946350
30.025000	0.5	6.945250
30.033333	0.5	6.946200
30.041667	0.5	6.942350
30.050000	0.5	6.944900
30.058333	0.5	6.947800
30.066667	0.5	6.946500
30.075000	0.5	6.945800
30.083333	0.5	6.951250
30.091667	0.5	6.948700
30.100000	0.5	6.949850
30.108333	0.5	6.953000
30.116667	0.5	6.952750
30.125000	0.5	6.954250
30.133333	0.5	6.950600
30.141667	0.5	6.956150
30.150000	0.5	6.952650
30.158333	0.5	6.957950
30.166667	0.5	6.960500
30.175000	0.5	6.962450
30.183333	0.5	6.961500
30.191667	0.5	6.965800
30.200000	0.5	6.964350
30.208333	0.5	6.967250
30.216667	0.5	6.967350
30.225000	0.5	6.970500
30.233333	0.5	6.969950
30.241667	0.5	6.970450
30.250000	0.5	6.973350
30.258333	0.5	6.974000
30.266667	0.5	6.973900
30.275000	0.5	6.978500
30.283333	0.5	6.978300
30.291667	0.5	6.982850
30.300000	0.5	6.980900
30.308333	0.5	6.985200
30.316667	0.5	6.985300
30.325000	0.5	6.981000
30.333333	0.5	6.983500
30.341667	0.5	6.982900
30.350000	0.5	6.981450
30.358333	0.5	6.985650
30.366667	0.5	6.984350
30.375000	0.5	6.990150
30.383333	0.5	6.989550
30.391667	0.5	6.991200
30.400000	0.5	6.989500
30.408333	0.5	6.987200
30.416667	0.5	6.988400
30.425000	0.5	6.993700
30.433333	0.5	6.987500
30.441667	0.5	6.989550
30.450000	0.5	6.993750
30.458333	0.5	6.990200
30.466667	0.5	6.988350
30.475000	0.5	6.990600
30.483333	0.5	6.991600
30.491667	0.5	6.992100
30.500000	0.5	6.996250
30.508333	0.5	6.996600
30.516667	0.5	6.991100
30.525000	0.5	6.995400
30.533333	0.5	6.996750
30.541667	0.5	6.997000
30.550000	0.5	6.994350
30.558333	0.5	6.999650
30.566667	0.5	7.001050
30.575000	0.5	7.000500
30.583333	0.5	7.001700
30.591667	0.5	7.000950
30.600000	0.5	7.001150
30.608333	0.5	7.002200
30.616667	0.5	7.000350
30.625000	0.5	7.001250
30.633333	0.5	7.002950
30.641667	0.5	7.002400
30.650000	0.5	7.004950
30.658333	0.5	7.004350
30.666667	0.5	7.004200
30.675000	0.5	7.003300
30.683333	0.5	7.007500
30.691667	0.5	7.003650
30.700000	0.5	7.001300
30.708333	0.5	7.004550
30.716667	0.5	7.004750
30.725000	0.5	7.002250
30.733333	0.5	7.003850
30.741667	0.5	7.002200
30.750000	0.5	7.011150
30.758333	0.5	7.006600
30.766667	0.5	7.007150
30.775000	0.5	7.009950
30.783333	0.5	7.011000
30.791667	0.5	7.006650
30.800000	0.5	7.008050
30.808333	0.5	7.004100
30.816667	0.5	7.008350
30.825000	0.5	7.009050
30.833333	0.5	7.009350
30.841667	0.5	7.011100
30.850000	0.5	7.011900
30.858333	0.5	7.011850
30.866667	0.5	7.016500
30.875000	0.5	7.013800
30.883333	0.5	7.015800
30.891667	0.5	7.012300
30.900000	0.5	7.016600
30.908333	0.5	7.019300
30.916667	0.5	7.017600
30.925000	0.5	7.018000
30.933333	0.5	7.014550
30.941667	0.5	7.012950
30.950000	0.5	7.013350
30.958333	0.5	7.019150
30.966667	0.5	7.017050
30.975000	0.5	7.019400
30.983333	0.5	7.017300
30.991667	0.5	7.016250
31.000000	0.5	7.015600
31.008333	0.5	7.021150
31.016667	0.5	7.018300
31.025000	0.5	7.014500
31.033333	0.5	7.023750
31.041667	0.5	7.019100
31.050000	0.5	7.018500
31.058333	0.5	7.019450
31.066667	0.5	7.018350
31.075000	0.5	7.016900
31.083333	0.5	7.021000
31.091667	0.5	7.020800
31.100000	0.5	7.019900
31.108333	0.5	7.016850
31.116667	0.5	7.015600
31.125000	0.5	7.018250
31.133333	0.5	7.020300
31.141667	0.5	7.017900
31.150000	0.5	7.023800
31.158333	0.5	7.022750
31.166667	0.5	7.025900
31.175000	0.5	7.020200
31.183333	0.5	7.024200
31.191667	0.5	7.021100
31.200000	0.5	7.022600
31.208333	0.5	7.019950
31.216667	0.5	7.022700
31.225000	0.5	7.024750
31.233333	0.5	7.023850
31.241667	0.5	7.026950
31.250000	0.5	7.026750
31.258333	0.5	7.028550
31.266667	0.5	7.028700
31.275000	0.5	7.026150
31.283333	0.5	7.029200
31.291667	0.5	7.029500
31.300000	0.5	7.029400
31.308333	0.5	7.028550
31.316667	0.5	7.029100
31.325000	0.5	7.033950
31.333333	0.5	7.040200
31.341667	0.5	7.037550
31.350000	0.5	7.040900
31.358333	0.5	7.040350
31.366667	0.5	7.037850
31.375000	0.5	7.035700
31.383333	0.5	7.040450
31.391667	0.5	7.041650
31.400000	0.5	7.042150
31.408333	0.5	7.046600
31.416667	0.5	7.051400
31.425000	0.5	7.044750
31.433333	0.5	7.044550
31.441667	0.5	7.052150
31.450000	0.5	7.049750
31.458333	0.5	7.052050
31.466667	0.5	7.053500
31.475000	0.5	7.051800
31.483333	0.5	7.052950
31.491667	0.5	7.050550
31.500000	0.5	7.055200
31.508333	0.5	7.059200
31.516667	0.5	7.060800
31.525000	0.5	7.064050
31.533333	0.5	7.065950
31.541667	0.5	7.066350
31.550000	0.5	7.065850
31.558333	0.5	7.061650
31.566667	0.5	7.069150
31.575000	0.5	7.070500
31.583333	0.5	7.069400
31.591667	0.5	7.069750
31.600000	0.5	7.068150
31.608333	0.5	7.073200
31.616667	0.5	7.073350
31.625000	0.5	7.072200
31.633333	0.5	7.080550
31.641667	0.5	7.076600
31.650000	0.5	7.080650
31.658333	0.5	7.078450
31.666667	0.5	7.081200
31.675000	0.5	7.083750
31.683333	0.5	7.083000
31.691667	0.5	7.084700
31.700000	0.5	7.083150
31.708333	0.5	7.084100
31.716667	0.5	7.089150
31.725000	0.5	7.091450
31.733333	0.5	7.088100
31.741667	0.5	7.092600
31.750000	0.5	7.087800
31.758333	0.5	7.093300
31.766667	0.5	7.089250
31.775000	0.5	7.092750
31.783333	0.5	7.089300
31.791667	0.5	7.093900
31.800000	0.5	7.093050
31.808333	0.5	7.092250
31.816667	0.5	7.096250
31.825000	0.5	7.098100
31.833333	0.5	7.099050
31.841667	0.5	7.097000
31.850000	0.5	7.098450
31.858333	0.5	7.091650
31.866667	0.5	7.094000
31.875000	0.5	7.093150
31.883333	0.5	7.098050
31.891667	0.5	7.095150
31.900000	0.5	7.099850
31.908333	0.5	7.099250
31.916667	0.5	7.097050
31.925000	0.5	7.099150
31.933333	0.5	7.102600
31.941667	0.5	7.103000
31.950000	0.5	7.099950
31.958333	0.5	7.104950
31.966667	0.5	7.104800
31.975000	0.5	7.105650
31.983333	0.5	7.107650
31.991667	0.5	7.108900
32.000000	0.5	7.114750
32.008333	0.5	7.112150
32.016667	0.5	7.121550
32.025000	0.5	7.123100
32.033333	0.5	7.119850
32.041667	0.5	7.129400
32.050000	0.5	7.128800
32.058333	0.5	7.126700
32.066667	0.5	7.133000
32.075000	0.5	7.137250
32.083333	0.5	7.137000
32.091667	0.5	7.140150
32.100000	0.5	7.142400
32.108333	0.5	7.146500
32.116667	0.5	7.151700
32.125000	0.5	7.151900
32.133333	0.5	7.157150
32.141667	0.5	7.161100
32.150000	0.5	7.162000
32.158333	0.5	7.167750
32.166667	0.5	7.165500
32.175000	0.5	7.169600
32.183333	0.5	7.174250
32.191667	0.5	7.175750
32.200000	0.5	7.179950
32.208333	0.5	7.184850
32.216667	0.5	7.188900
32.225000	0.5	7.190550
32.233333	0.5	7.190800
32.241667	0.5	7.190250
32.250000	0.5	7.195850
32.258333	0.5	7.198250
32.266667	0.5	7.199550
32.275000	0.5	7.207450
32.283333	0.5	7.211100
32.291667	0.5	7.208100
32.300000	0.5	7.215950
32.308333	0.5	7.222550
32.316667	0.5	7.227100
32.325000	0.5	7.232600
32.333333	0.5	7.231200
32.341667	0.5	7.237950
32.350000	0.5	7.238050
32.358333	0.5	7.248600
32.366667	0.5	7.250750
32.375000	0.5	7.258400
32.383333	0.5	7.262700
32.391667	0.5	7.266500
32.400000	0.5	7.277650
32.408333	0.5	7.280050
32.416667	0.5	7.287200
32.425000	0.5	7.294150
32.433333	0.5	7.300350
32.441667	0.5	7.307600
32.450000	0.5	7.313600
32.458333	0.5	7.323350
32.466667	0.5	7.326300
32.475000	0.5	7.340200
32.483333	0.5	7.348500
32.491667	0.5	7.353100
32.500000	0.5	7.361800
32.508333	0.5	7.370450
32.516667	0.5	7.380550
32.525000	0.5	7.392050
32.533333	0.5	7.400900
32.541667	0.5	7.407800
32.550000	0.5	7.416950
32.558333	0.5	7.428250
32.566667	0.5	7.435700
32.575000	0.5	7.445000
32.583333	0.5	7.452150
32.591667	0.5	7.471650
32.600000	0.5	7.482950
32.608333	0.5	7.488550
32.616667	0.5	7.499750
32.625000	0.5	7.516050
32.633333	0.5	7.520250
32.641667	0.5	7.532400
32.650000	0.5	7.541750
32.658333	0.5	7.553750
32.666667	0.5	7.567650
32.675000	0.5	7.576400
32.683333	0.5	7.588650
32.691667	0.5	7.607350
32.700000	0.5	7.624350
32.708333	0.5	7.643400
32.716667	0.5	7.657400
32.725000	0.5	7.645700
32.733333	0.5	7.617800
32.741667	0.5	7.593950
32.750000	0.5	7.578700
32.758333	0.5	7.555900
32.766667	0.5	7.535850
32.775000	0.5	7.514000
32.783333	0.5	7.494600
32.791667	0.5	7.483550
32.800000	0.5	7.468900
32.808333	0.5	7.460350
32.816667	0.5	7.445800
32.825000	0.5	7.444250
32.833333	0.5	7.436750
32.841667	0.5	7.435500
32.850000	0.5	7.436650
32.858333	0.5	7.446650
32.866667	0.5	7.441150
32.875000	0.5	7.437200
32.883333	0.5	7.426800
32.891667	0.5	7.415350
32.900000	0.5	7.397200
32.908333	0.5	7.379000
32.916667	0.5	7.359100
32.925000	0.5	7.344800
32.933333	0.5	7.329500
32.941667	0.5	7.324950
32.950000	0.5	7.310650
32.958333	0.5	7.305300
32.966667	0.5	7.300250
32.975000	0.5	7.299700
32.983333	0.5	7.298400
32.991667	0.5	7.296650
33.000000	0.5	7.300800
33.008333	0.5	7.305750
33.016667	0.5	7.308200
33.025000	0.5	7.318200
33.033333	0.5	7.327900
33.041667	0.5	7.343950
33.050000	0.5	7.352100
33.058333	0.5	7.373400
33.066667	0.5	7.381350
33.075000	0.5	7.392250
33.083333	0.5	7.395800
33.091667	0.5	7.394350
33.100000	0.5	7.394800
33.108333	0.5	7.391200
33.116667	0.5	7.379850
33.125000	0.5	7.372300
33.133333	0.5	7.360050
33.141667	0.5	7.348850
33.150000	0.5	7.335850
33.158333	0.5	7.320450
33.166667	0.5	7.310850
33.175000	0.5	7.292700
33.183333	0.5	7.281500
33.191667	0.5	7.260750
33.200000	0.5	7.248900
33.208333	0.5	7.237050
33.216667	0.5	7.222900
33.225000	0.5	7.213400
33.233333	0.5	7.198350
33.241667	0.5	7.190450
33.250000	0.5	7.184050
33.258333	0.5	7.178300
33.266667	0.5	7.173450
33.275000	0.5	7.160250
33.283333	0.5	7.152750
33.291667	0.5	7.147450
33.300000	0.5	7.140400
33.308333	0.5	7.138300
33.316667	0.5	7.132750
33.325000	0.5	7.129650
33.333333	0.5	7.128900
33.341667	0.5	7.125250
33.350000	0.5	7.123150
33.358333	0.5	7.128150
33.366667	0.5	7.128700
33.375000	0.5	7.130150
33.383333	0.5	7.129200
33.391667	0.5	7.130400
33.400000	0.5	7.131350
33.408333	0.5	7.133350
33.416667	0.5	7.135700
33.425000	0.5	7.133850
33.433333	0.5	7.141900
33.441667	0.5	7.139350
33.450000	0.5	7.136250
33.458333	0.5	7.146050
33.466667	0.5	7.141600
33.475000	0.5	7.140400
33.483333	0.5	7.138850
33.491667	0.5	7.136800
33.500000	0.5	7.138000
33.508333	0.5	7.137250
33.516667	0.5	7.135800
33.525000	0.5	7.135300
33.533333	0.5	7.136850
33.541667	0.5	7.129150
33.550000	0.5	7.132600
33.558333	0.5	7.132400
33.566667	0.5	7.129400
33.575000	0.5	7.124550
33.583333	0.5	7.124550
33.591667	0.5	7.126150
33.600000	0.5	7.125500
33.608333	0.5	7.122150
33.616667	0.5	7.118600
33.625000	0.5	7.120650
33.633333	0.5	7.121750
33.641667	0.5	7.120200
33.650000	0.5	7.123950
33.658333	0.5	7.124250
33.666667	0.5	7.121000
33.675000	0.5	7.122600
33.683333	0.5	7.123600
33.691667	0.5	7.130750
33.700000	0.5	7.131500
33.708333	0.5	7.134000
33.716667	0.5	7.141800
33.725000	0.5	7.150400
33.733333	0.5	7.156750
33.741667	0.5	7.181000
33.750000	0.5	7.194650
33.758333	0.5	7.213750
33.766667	0.5	7.233900
33.775000	0.5	7.267200
33.783333	0.5	7.301550
33.791667	0.5	7.343600
33.800000	0.5	7.385900
33.808333	0.5	7.429450
33.816667	0.5	7.480900
33.825000	0.5	7.528450
33.833333	0.5	7.574600
33.841667	0.5	7.625850
33.850000	0.5	7.666550
33.858333	0.5	7.700600
33.866667	0.5	7.731600
33.875000	0.5	7.756350
33.883333	0.5	7.764900
33.891667	0.5	7.766500
33.900000	0.5	7.758350
33.908333	0.5	7.740900
33.916667	0.5	7.713850
33.925000	0.5	7.682600
33.933333	0.5	7.647950
33.941667	0.5	7.602850
33.950000	0.5	7.560800
33.958333	0.5	7.512250
33.966667	0.5	7.461700
33.975000	0.5	7.423200
33.983333	0.5	7.382000
33.991667	0.5	7.342950
34.000000	0.5	7.313100
34.008333	0.5	7.280050
34.016667	0.5	7.264100
34.025000	0.5	7.243600
34.033333	0.5	7.229250
34.041667	0.5	7.220950
34.050000	0.5	7.207500
34.058333	0.5	7.199650
34.066667	0.5	7.198950
34.075000	0.5	7.196550
34.083333	0.5	7.194600
34.091667	0.5	7.201400
34.100000	0.5	7.193750
34.108333	0.5	7.198900
34.116667	0.5	7.196750
34.125000	0.5	7.198350
34.133333	0.5	7.200200
34.141667	0.5	7.197600
34.150000	0.5	7.191650
34.158333	0.5	7.184100
34.166667	0.5	7.177450
34.175000	0.5	7.176100
34.183333	0.5	7.172600
34.191667	0.5	7.170000
34.200000	0.5	7.168450
34.208333	0.5	7.161950
34.216667	0.5	7.155400
34.225000	0.5	7.156750
34.233333	0.5	7.145050
34.241667	0.5	7.137050
34.250000	0.5	7.135550
34.258333	0.5	7.136200
34.266667	0.5	7.133050
34.275000	0.5	7.130450
34.283333	0.5	7.128250
34.291667	0.5	7.128750
34.300000	0.5	7.127850
34.308333	0.5	7.121700
34.316667	0.5	7.123900
34.325000	0.5	7.123750
34.333333	0.5	7.118900
34.341667	0.5	7.122850
34.350000	0.5	7.118400
34.358333	0.5	7.119500
34.366667	0.5	7.114500
34.375000	0.5	7.119250
34.383333	0.5	7.117200
34.391667	0.5	7.120500
34.400000	0.5	7.117000
34.408333	0.5	7.120050
34.416667	0.5	7.121900
34.425000	0.5	7.121950
34.433333	0.5	7.126650
34.441667	0.5	7.121300
34.450000	0.5	7.121050
34.458333	0.5	7.122850
34.466667	0.5	7.119900
34.475000	0.5	7.117750
34.483333	0.5	7.121050
34.491667	0.5	7.123350
34.500000	0.5	7.120300
34.508333	0.5	7.127300
34.516667	0.5	7.131650
34.525000	0.5	7.128800
34.533333	0.5	7.129050
34.541667	0.5	7.128150
34.550000	0.5	7.129900
34.558333	0.5	7.137250
34.566667	0.5	7.141750
34.575000	0.5	7.143000
34.583333	0.5	7.148050
34.591667	0.5	7.153500
34.600000	0.5	7.158600
34.608333	0.5	7.170200
34.616667	0.5	7.172700
34.625000	0.5	7.179000
34.633333	0.5	7.191350
34.641667	0.5	7.205250
34.650000	0.5	7.212700
34.658333	0.5	7.223550
34.666667	0.5	7.240400
34.675000	0.5	7.260050
34.683333	0.5	7.279700
34.691667	0.5	7.293200
34.700000	0.5	7.309900
34.708333	0.5	7.330950
34.716667	0.5	7.346050
34.725000	0.5	7.359700
34.733333	0.5	7.381050
34.741667	0.5	7.401150
34.750000	0.5	7.413150
34.758333	0.5	7.429450
34.766667	0.5	7.433200
34.775000	0.5	7.445750
34.783333	0.5	7.451800
34.791667	0.5	7.453750
34.800000	0.5	7.457500
34.808333	0.5	7.457950
34.816667	0.5	7.448850
34.825000	0.5	7.437150
34.833333	0.5	7.433400
34.841667	0.5	7.419950
34.850000	0.5	7.410800
34.858333	0.5	7.394250
34.866667	0.5	7.380100
34.875000	0.5	7.373900
34.883333	0.5	7.358950
34.891667	0.5	7.350900
34.900000	0.5	7.340750
34.908333	0.5	7.331000
34.916667	0.5	7.323300
34.925000	0.5	7.317500
34.933333	0.5	7.306800
34.941667	0.5	7.304200
34.950000	0.5	7.292250
34.958333	0.5	7.286000
34.966667	0.5	7.278050
34.975000	0.5	7.273600
34.983333	0.5	7.266750
34.991667	0.5	7.256950
35.000000	0.5	7.253100
35.008333	0.5	7.243150
35.016667	0.5	7.232900
35.025000	0.5	7.223400
35.033333	0.5	7.211150
35.041667	0.5	7.206700
35.050000	0.5	7.198000
35.058333	0.5	7.192700
35.066667	0.5	7.187050
35.075000	0.5	7.177000
35.083333	0.5	7.182400
35.091667	0.5	7.174100
35.100000	0.5	7.169650
35.108333	0.5	7.164850
35.116667	0.5	7.162200
35.125000	0.5	7.164150
35.133333	0.5	7.161550
35.141667	0.5	7.165600
35.150000	0.5	7.159750
35.158333	0.5	7.158850
35.166667	0.5	7.156200
35.175000	0.5	7.158500
35.183333	0.5	7.157450
35.191667	0.5	7.155900
35.200000	0.5	7.150300
35.208333	0.5	7.154800
35.216667	0.5	7.149800
35.225000	0.5	7.150650
35.233333	0.5	7.148600
35.241667	0.5	7.150550
35.250000	0.5	7.150400
35.258333	0.5	7.150650
35.266667	0.5	7.152150
35.275000	0.5	7.156150
35.283333	0.5	7.156150
35.291667	0.5	7.157100
35.300000	0.5	7.155900
35.308333	0.5	7.156100
35.316667	0.5	7.153800
35.325000	0.5	7.150950
35.333333	0.5	7.152200
35.341667	0.5	7.152700
35.350000	0.5	7.152850
35.358333	0.5	7.151000
35.366667	0.5	7.151100
35.375000	0.5	7.148650
35.383333	0.5	7.148150
35.391667	0.5	7.143750
35.400000	0.5	7.141000
35.408333	0.5	7.143250
35.416667	0.5	7.138450
35.425000	0.5	7.142400
35.433333	0.5	7.142700
35.441667	0.5	7.137400
35.450000	0.5	7.140750
35.458333	0.5	7.137850
35.466667	0.5	7.138600
35.475000	0.5	7.139050
35.483333	0.5	7.133750
35.491667	0.5	7.139000
35.500000	0.5	7.135550
35.508333	0.5	7.137700
35.516667	0.5	7.137300
35.525000	0.5	7.136350
35.533333	0.5	7.136950
35.541667	0.5	7.140150
35.550000	0.5	7.139850
35.558333	0.5	7.145150
35.566667	0.5	7.139650
35.575000	0.5	7.144850
35.583333	0.5	7.140950
35.591667	0.5	7.143800
35.600000	0.5	7.142750
35.608333	0.5	7.147750
35.616667	0.5	7.146900
35.625000	0.5	7.147800
35.633333	0.5	7.149750
35.641667	0.5	7.156900
35.650000	0.5	7.153500
35.658333	0.5	7.157450
35.666667	0.5	7.161950
35.675000	0.5	7.162450
35.683333	0.5	7.162150
35.691667	0.5	7.165950
35.700000	0.5	7.161850
35.708333	0.5	7.163250
35.716667	0.5	7.167950
35.725000	0.5	7.164200
35.733333	0.5	7.167600
35.741667	0.5	7.164550
35.750000	0.5	7.166100
35.758333	0.5	7.167700
35.766667	0.5	7.163800
35.775000	0.5	7.169100
35.783333	0.5	7.167150
35.791667	0.5	7.167250
35.800000	0.5	7.160350
35.808333	0.5	7.163350
35.816667	0.5	7.163350
35.825000	0.5	7.158100
35.833333	0.5	7.163800
35.841667	0.5	7.163050
35.850000	0.5	7.163300
35.858333	0.5	7.163700
35.866667	0.5	7.158200
35.875000	0.5	7.153050
35.883333	0.5	7.157350
35.891667	0.5	7.153950
35.900000	0.5	7.148750
35.908333	0.5	7.151200
35.916667	0.5	7.149600
35.925000	0.5	7.147850
35.933333	0.5	7.150500
35.941667	0.5	7.147400
35.950000	0.5	7.144850
35.958333	0.5	7.146450
35.966667	0.5	7.143400
35.975000	0.5	7.142350
35.983333	0.5	7.145800
35.991667	0.5	7.141950
36.000000	0.5	7.138300
36.008333	0.5	7.139700
36.016667	0.5	7.139500
36.025000	0.5	7.138900
36.033333	0.5	7.141650
36.041667	0.5	7.140950
36.050000	0.5	7.142050
36.058333	0.5	7.143450
36.066667	0.5	7.138900
36.075000	0.5	7.139150
36.083333	0.5	7.139500
36.091667	0.5	7.138050
36.100000	0.5	7.134750
36.108333	0.5	7.130350
36.116667	0.5	7.137550
36.125000	0.5	7.140400
36.133333	0.5	7.138650
36.141667	0.5	7.143000
36.150000	0.5	7.141350
36.158333	0.5	7.139350
36.166667	0.5	7.140000
36.175000	0.5	7.142000
36.183333	0.5	7.142900
36.191667	0.5	7.143700
36.200000	0.5	7.140950
36.208333	0.5	7.141200
36.216667	0.5	7.146150
36.225000	0.5	7.141100
36.233333	0.5	7.142850
36.241667	0.5	7.138150
36.250000	0.5	7.139200
36.258333	0.5	7.135300
36.266667	0.5	7.132000
36.275000	0.5	7.133000
36.283333	0.5	7.132000
36.291667	0.5	7.134750
36.300000	0.5	7.128200
36.308333	0.5	7.130000
36.316667	0.5	7.129450
36.325000	0.5	7.129250
36.333333	0.5	7.134000
36.341667	0.5	7.128850
36.350000	0.5	7.125250
36.358333	0.5	7.125300
36.366667	0.5	7.128350
36.375000	0.5	7.121950
36.383333	0.5	7.127200
36.391667	0.5	7.124550
36.400000	0.5	7.122700
36.408333	0.5	7.124400
36.416667	0.5	7.125650
36.425000	0.5	7.123800
36.433333	0.5	7.126100
36.441667	0.5	7.123200
36.450000	0.5	7.126600
36.458333	0.5	7.123650
36.466667	0.5	7.122650
36.475000	0.5	7.122500
36.483333	0.5	7.124800
36.491667	0.5	7.129600
36.500000	0.5	7.130050
36.508333	0.5	7.136000
36.516667	0.5	7.140200
36.525000	0.5	7.143950
36.533333	0.5	7.144950
36.541667	0.5	7.145050
36.550000	0.5	7.151100
36.558333	0.5	7.150500
36.566667	0.5	7.154050
36.575000	0.5	7.156600
36.583333	0.5	7.159950
36.591667	0.5	7.166700
36.600000	0.5	7.168500
36.608333	0.5	7.166900
36.616667	0.5	7.164800
36.625000	0.5	7.165250
36.633333	0.5	7.163700
36.641667	0.5	7.161850
36.650000	0.5	7.161400
36.658333	0.5	7.153850
36.666667	0.5	7.151350
36.675000	0.5	7.149450
36.683333	0.5	7.146400
36.691667	0.5	7.143850
36.700000	0.5	7.140250
36.708333	0.5	7.139400
36.716667	0.5	7.139100
36.725000	0.5	7.132800
36.733333	0.5	7.128650
36.741667	0.5	7.128550
36.750000	0.5	7.125500
36.758333	0.5	7.128100
36.766667	0.5	7.122400
36.775000	0.5	7.122950
36.783333	0.5	7.125800
36.791667	0.5	7.127750
36.800000	0.5	7.126750
36.808333	0.5	7.131700
36.816667	0.5	7.130700
36.825000	0.5	7.128450
36.833333	0.5	7.128250
36.841667	0.5	7.129350
36.850000	0.5	7.132650
36.858333	0.5	7.130050
36.866667	0.5	7.133400
36.875000	0.5	7.128400
36.883333	0.5	7.129800
36.891667	0.5	7.128400
36.900000	0.5	7.129950
36.908333	0.5	7.133850
36.916667	0.5	7.133900
36.925000	0.5	7.134550
36.933333	0.5	7.143850
36.941667	0.5	7.151100
36.950000	0.5	7.151500
36.958333	0.5	7.164000
36.966667	0.5	7.175400
36.975000	0.5	7.185950
36.983333	0.5	7.196850
36.991667	0.5	7.203550
37.000000	0.5	7.213350
37.008333	0.5	7.225900
37.016667	0.5	7.228950
37.025000	0.5	7.234000
37.033333	0.5	7.233800
37.041667	0.5	7.232150
37.050000	0.5	7.230400
37.058333	0.5	7.230100
37.066667	0.5	7.225050
37.075000	0.5	7.214450
37.083333	0.5	7.205550
37.091667	0.5	7.194550
37.100000	0.5	7.189750
37.108333	0.5	7.180300
37.116667	0.5	7.168200
37.125000	0.5	7.159350
37.133333	0.5	7.152500
37.141667	0.5	7.145500
37.150000	0.5	7.136100
37.158333	0.5	7.132500
37.166667	0.5	7.128400
37.175000	0.5	7.122600
37.183333	0.5	7.120250
37.191667	0.5	7.122900
37.200000	0.5	7.116800
37.208333	0.5	7.111650
37.216667	0.5	7.108900
37.225000	0.5	7.107650
37.233333	0.5	7.106200
37.241667	0.5	7.102400
37.250000	0.5	7.098500
37.258333	0.5	7.099600
37.266667	0.5	7.101350
37.275000	0.5	7.097650
37.283333	0.5	7.098300
37.291667	0.5	7.100300
37.300000	0.5	7.096050
37.308333	0.5	7.097950
37.316667	0.5	7.093850
37.325000	0.5	7.090900
37.333333	0.5	7.091200
37.341667	0.5	7.085050
37.350000	0.5	7.087300
37.358333	0.5	7.088500
37.366667	0.5	7.093950
37.375000	0.5	7.086900
37.383333	0.5	7.093150
37.391667	0.5	7.091300
37.400000	0.5	7.088200
37.408333	0.5	7.086350
37.416667	0.5	7.090500
37.425000	0.5	7.091550
37.433333	0.5	7.085850
37.441667	0.5	7.086300
37.450000	0.5	7.091100
37.458333	0.5	7.086950
37.466667	0.5	7.091950
37.475000	0.5	7.089750
37.483333	0.5	7.091750
37.491667	0.5	7.086950
37.500000	0.5	7.089800
37.508333	0.5	7.091950
37.516667	0.5	7.092100
37.525000	0.5	7.095250
37.533333	0.5	7.090700
37.541667	0.5	7.095200
37.550000	0.5	7.094350
37.558333	0.5	7.092150
37.566667	0.5	7.092450
37.575000	0.5	7.093700
37.583333	0.5	7.102000
37.591667	0.5	7.100150
37.600000	0.5	7.097500
37.608333	0.5	7.093800
37.616667	0.5	7.099000
37.625000	0.5	7.097200
37.633333	0.5	7.096450
37.641667	0.5	7.102400
37.650000	0.5	7.102850
37.658333	0.5	7.100850
37.666667	0.5	7.102050
37.675000	0.5	7.107250
37.683333	0.5	7.106300
37.691667	0.5	7.111050
37.700000	0.5	7.112300
37.708333	0.5	7.109900
37.716667	0.5	7.112800
37.725000	0.5	7.121650
37.733333	0.5	7.120400
37.741667	0.5	7.120650
37.750000	0.5	7.129000
37.758333	0.5	7.124200
37.766667	0.5	7.133750
37.775000	0.5	7.138900
37.783333	0.5	7.139600
37.791667	0.5	7.138100
37.800000	0.5	7.139750
37.808333	0.5	7.139300
37.816667	0.5	7.139950
37.825000	0.5	7.131700
37.833333	0.5	7.131950
37.841667	0.5	7.134350
37.850000	0.5	7.132600
37.858333	0.5	7.128150
37.866667	0.5	7.132150
37.875000	0.5	7.126750
37.883333	0.5	7.126200
37.891667	0.5	7.127150
37.900000	0.5	7.128200
37.908333	0.5	7.122450
37.916667	0.5	7.131400
37.925000	0.5	7.130550
37.933333	0.5	7.133400
37.941667	0.5	7.133700
37.950000	0.5	7.138100
37.958333	0.5	7.140950
37.966667	0.5	7.142750
37.975000	0.5	7.143000
37.983333	0.5	7.145400
37.991667	0.5	7.145450
38.000000	0.5	7.152650
38.008333	0.5	7.153500
38.016667	0.5	7.153150
38.025000	0.5	7.152750
38.033333	0.5	7.154600
38.041667	0.5	7.149300
38.050000	0.5	7.153150
38.058333	0.5	7.151850
38.066667	0.5	7.148600
38.075000	0.5	7.148100
38.083333	0.5	7.145850
38.091667	0.5	7.143700
38.100000	0.5	7.138450
38.108333	0.5	7.141200
38.116667	0.5	7.138600
38.125000	0.5	7.135850
38.133333	0.5	7.132850
38.141667	0.5	7.141900
38.150000	0.5	7.141100
38.158333	0.5	7.137400
38.166667	0.5	7.140550
38.175000	0.5	7.138550
38.183333	0.5	7.134550
38.191667	0.5	7.140300
38.200000	0.5	7.138900
38.208333	0.5	7.143400
38.216667	0.5	7.144450
38.225000	0.5	7.142350
38.233333	0.5	7.141050
38.241667	0.5	7.141450
38.250000	0.5	7.146450
38.258333	0.5	7.150250
38.266667	0.5	7.143250
38.275000	0.5	7.144200
38.283333	0.5	7.144150
38.291667	0.5	7.140700
38.300000	0.5	7.141100
38.308333	0.5	7.139700
38.316667	0.5	7.139950
38.325000	0.5	7.143100
38.333333	0.5	7.138500
38.341667	0.5	7.139700
38.350000	0.5	7.143150
38.358333	0.5	7.142450
38.366667	0.5	7.143450
38.375000	0.5	7.137000
38.383333	0.5	7.145100
38.391667	0.5	7.141000
38.400000	0.5	7.141200
38.408333	0.5	7.140950
38.416667	0.5	7.143700
38.425000	0.5	7.147250
38.433333	0.5	7.147750
38.441667	0.5	7.148200
38.450000	0.5	7.147150
38.458333	0.5	7.143300
38.466667	0.5	7.146950
38.475000	0.5	7.151100
38.483333	0.5	7.148150
38.491667	0.5	7.148550
38.500000	0.5	7.155200
38.508333	0.5	7.151250
38.516667	0.5	7.157250
38.525000	0.5	7.154150
38.533333	0.5	7.159450
38.541667	0.5	7.160850
38.550000	0.5	7.161450
38.558333	0.5	7.156750
38.566667	0.5	7.154850
38.575000	0.5	7.152800
38.583333	0.5	7.155500
38.591667	0.5	7.152300
38.600000	0.5	7.151750
38.608333	0.5	7.155850
38.616667	0.5	7.153950
38.625000	0.5	7.154250
38.633333	0.5	7.159250
38.641667	0.5	7.150700
38.650000	0.5	7.145050
38.658333	0.5	7.143000
38.666667	0.5	7.140500
38.675000	0.5	7.141850
38.683333	0.5	7.138250
38.691667	0.5	7.133250
38.700000	0.5	7.136550
38.708333	0.5	7.135950
38.716667	0.5	7.129500
38.725000	0.5	7.131300
38.733333	0.5	7.128600
38.741667	0.5	7.128400
38.750000	0.5	7.125550
38.758333	0.5	7.123150
38.766667	0.5	7.118200
38.775000	0.5	7.116800
38.783333	0.5	7.114550
38.791667	0.5	7.115900
38.800000	0.5	7.109850
38.808333	0.5	7.112750
38.816667	0.5	7.112400
38.825000	0.5	7.110700
38.833333	0.5	7.108650
38.841667	0.5	7.110050
38.850000	0.5	7.104400
38.858333	0.5	7.105000
38.866667	0.5	7.107100
38.875000	0.5	7.105600
38.883333	0.5	7.103150
38.891667	0.5	7.103200
38.900000	0.5	7.105900
38.908333	0.5	7.106300
38.916667	0.5	7.108050
38.925000	0.5	7.107000
38.933333	0.5	7.104950
38.941667	0.5	7.105450
38.950000	0.5	7.105150
38.958333	0.5	7.105000
38.966667	0.5	7.102500
38.975000	0.5	7.100400
38.983333	0.5	7.098050
38.991667	0.5	7.101400
39.000000	0.5	7.100850
39.008333	0.5	7.104550
39.016667	0.5	7.100600
39.025000	0.5	7.102400
39.033333	0.5	7.095400
39.041667	0.5	7.096200
39.050000	0.5	7.096850
39.058333	0.5	7.100200
39.066667	0.5	7.099650
39.075000	0.5	7.102900
39.083333	0.5	7.099550
39.091667	0.5	7.104350
39.100000	0.5	7.099900
39.108333	0.5	7.107900
39.116667	0.5	7.107500
39.125000	0.5	7.102550
39.133333	0.5	7.105600
39.141667	0.5	7.101000
39.150000	0.5	7.106850
39.158333	0.5	7.104000
39.166667	0.5	7.103750
39.175000	0.5	7.097500
39.183333	0.5	7.102600
39.191667	0.5	7.103200
39.200000	0.5	7.103800
39.208333	0.5	7.103500
39.216667	0.5	7.102600
39.225000	0.5	7.099700
39.233333	0.5	7.098400
39.241667	0.5	7.101250
39.250000	0.5	7.100500
39.258333	0.5	7.101000
39.266667	0.5	7.096550
39.275000	0.5	7.090500
39.283333	0.5	7.092950
39.291667	0.5	7.095000
39.300000	0.5	7.096500
39.308333	0.5	7.090150
39.316667	0.5	7.091250
39.325000	0.5	7.088500
39.333333	0.5	7.088200
39.341667	0.5	7.088550
39.350000	0.5	7.086700
39.358333	0.5	7.087800
39.366667	0.5	7.092650
39.375000	0.5	7.088200
39.383333	0.5	7.091800
39.391667	0.5	7.087150
39.400000	0.5	7.092800
39.408333	0.5	7.092150
39.416667	0.5	7.089550
39.425000	0.5	7.090400
39.433333	0.5	7.091900
39.441667	0.5	7.094850
39.450000	0.5	7.091650
39.458333	0.5	7.097600
39.466667	0.5	7.093350
39.475000	0.5	7.094450
39.483333	0.5	7.096500
39.491667	0.5	7.106750
39.500000	0.5	7.102600
39.508333	0.5	7.103100
39.516667	0.5	7.102050
39.525000	0.5	7.104300
39.533333	0.5	7.103650
39.541667	0.5	7.104050
39.550000	0.5	7.102100
39.558333	0.5	7.101750
39.566667	0.5	7.103550
39.575000	0.5	7.101400
39.583333	0.5	7.102900
39.591667	0.5	7.101450
39.600000	0.5	7.100550
39.608333	0.5	7.097850
39.616667	0.5	7.092350
39.625000	0.5	7.093700
39.633333	0.5	7.090350
39.641667	0.5	7.086900
39.650000	0.5	7.091150
39.658333	0.5	7.087950
39.666667	0.5	7.084550
39.675000	0.5	7.084800
39.683333	0.5	7.088950
39.691667	0.5	7.087650
39.700000	0.5	7.086450
39.708333	0.5	7.085350
39.716667	0.5	7.087050
39.725000	0.5	7.081750
39.733333	0.5	7.083400
39.741667	0.5	7.087300
39.750000	0.5	7.083850
39.758333	0.5	7.093350
39.766667	0.5	7.090500
39.775000	0.5	7.090900
39.783333	0.5	7.093100
39.791667	0.5	7.089000
39.800000	0.5	7.087200
39.808333	0.5	7.081900
39.816667	0.5	7.090650
39.825000	0.5	7.086600
39.833333	0.5	7.084200
39.841667	0.5	7.079650
39.850000	0.5	7.085300
39.858333	0.5	7.076250
39.866667	0.5	7.077800
39.875000	0.5	7.078750
39.883333	0.5	7.078500
39.891667	0.5	7.075400
39.900000	0.5	7.072300
39.908333	0.5	7.068900
39.916667	0.5	7.063500
39.925000	0.5	7.068350
39.933333	0.5	7.064850
39.941667	0.5	7.065100
39.950000	0.5	7.063900
39.958333	0.5	7.061150
39.966667	0.5	7.057550
39.975000	0.5	7.059550
39.983333	0.5	7.059500
39.991667	0.5	7.057400
40.000000	0.5	7.055150
40.008333	0.5	7.055250
40.016667	0.5	7.053850
40.025000	0.5	7.053600
40.033333	0.5	7.057350
40.041667	0.5	7.052800
40.050000	0.5	7.057750
40.058333	0.5	7.053150
40.066667	0.5	7.054550
40.075000	0.5	7.058200
40.083333	0.5	7.055850
40.091667	0.5	7.057450
40.100000	0.5	7.055800
