URL	chrom://arspawyn4ahlab1/ChromeleonLocal/Instrument Data/ICS3000/2025_Feb 11.seq/544.smp/ED_1.channel/ED_1.chm
Channel	ED_1

Injection Information:
Data Vault	ChromeleonLocal
Sequence	2025_Feb 11
Name	Inulin Piping Rock 20 mg/mL
Number	4
Position	RA4
Comment	
Processing Method	Quantitative
Instrument Method	Neutral Oligosaccharides V ICS 3000
Type	Unknown
Status	Finished
Inject Time	2/11/2025 4:24:05 PM -05:00
Volume (µl)	25.0000
Dilution Factor	1.0000
Weight	1.0000

Chromatogram Data Information:
Time Min. (min)	0.000000
Time Max. (min)	120.000000
Data Points	14401
Detector	EDet1
Generating Data System	Chromeleon 7.3.0.60919
Exporting Data System	Chromeleon 7.3.0.0
Operator	Instrument Controller
Signal Quantity	
Signal Unit	nC
Signal Min.	-0.714700
Signal Max.	177.780353
Channel	ED_1
Driver Name	DC-3000
Channel Type	Evaluation
Min. Step (s)	0.5
Max. Step (s)	0.5
Average Step (s)	0.5

Signal Parameter Information:
Signal Info	

Chromatogram Data:
Time (min)	Step (s)	Value (nC)
0.000000	n.a.	0.019600
0.008333	0.5	0.027800
0.016667	0.5	0.030400
0.025000	0.5	0.021400
0.033333	0.5	0.007900
0.041667	0.5	-0.001750
0.050000	0.5	-0.007450
0.058333	0.5	-0.011150
0.066667	0.5	-0.013450
0.075000	0.5	-0.013900
0.083333	0.5	-0.013550
0.091667	0.5	-0.013150
0.100000	0.5	-0.012950
0.108333	0.5	-0.010500
0.116667	0.5	-0.005450
0.125000	0.5	-0.014650
0.133333	0.5	-0.025500
0.141667	0.5	-0.028150
0.150000	0.5	-0.030550
0.158333	0.5	-0.031600
0.166667	0.5	-0.032300
0.175000	0.5	-0.032400
0.183333	0.5	-0.028400
0.191667	0.5	-0.026600
0.200000	0.5	-0.029400
0.208333	0.5	-0.022000
0.216667	0.5	-0.026350
0.225000	0.5	-0.038350
0.233333	0.5	-0.046100
0.241667	0.5	-0.050300
0.250000	0.5	-0.052300
0.258333	0.5	-0.052150
0.266667	0.5	-0.052200
0.275000	0.5	-0.049200
0.283333	0.5	-0.046450
0.291667	0.5	-0.045950
0.300000	0.5	-0.043850
0.308333	0.5	-0.040950
0.316667	0.5	-0.049850
0.325000	0.5	-0.059900
0.333333	0.5	-0.064300
0.341667	0.5	-0.066800
0.350000	0.5	-0.066850
0.358333	0.5	-0.067150
0.366667	0.5	-0.066150
0.375000	0.5	-0.064250
0.383333	0.5	-0.061750
0.391667	0.5	-0.062450
0.400000	0.5	-0.056750
0.408333	0.5	-0.060450
0.416667	0.5	-0.070600
0.425000	0.5	-0.078300
0.433333	0.5	-0.081000
0.441667	0.5	-0.082700
0.450000	0.5	-0.083850
0.458333	0.5	-0.081650
0.466667	0.5	-0.080000
0.475000	0.5	-0.075350
0.483333	0.5	-0.074250
0.491667	0.5	-0.074000
0.500000	0.5	-0.070150
0.508333	0.5	-0.078850
0.516667	0.5	-0.089000
0.525000	0.5	-0.092250
0.533333	0.5	-0.093900
0.541667	0.5	-0.095500
0.550000	0.5	-0.095000
0.558333	0.5	-0.094150
0.566667	0.5	-0.092750
0.575000	0.5	-0.091200
0.583333	0.5	-0.089750
0.591667	0.5	-0.083850
0.600000	0.5	-0.087050
0.608333	0.5	-0.098300
0.616667	0.5	-0.105450
0.625000	0.5	-0.106450
0.633333	0.5	-0.108450
0.641667	0.5	-0.108500
0.650000	0.5	-0.108700
0.658333	0.5	-0.108300
0.666667	0.5	-0.105250
0.675000	0.5	-0.105450
0.683333	0.5	-0.102050
0.691667	0.5	-0.098600
0.700000	0.5	-0.107250
0.708333	0.5	-0.117150
0.716667	0.5	-0.120300
0.725000	0.5	-0.123100
0.733333	0.5	-0.124900
0.741667	0.5	-0.124750
0.750000	0.5	-0.123350
0.758333	0.5	-0.120850
0.766667	0.5	-0.117800
0.775000	0.5	-0.118100
0.783333	0.5	-0.112700
0.791667	0.5	-0.117800
0.800000	0.5	-0.127900
0.808333	0.5	-0.134200
0.816667	0.5	-0.134550
0.825000	0.5	-0.136400
0.833333	0.5	-0.137300
0.841667	0.5	-0.136600
0.850000	0.5	-0.136450
0.858333	0.5	-0.133750
0.866667	0.5	-0.133900
0.875000	0.5	-0.129200
0.883333	0.5	-0.126450
0.891667	0.5	-0.133600
0.900000	0.5	-0.144150
0.908333	0.5	-0.148600
0.916667	0.5	-0.150350
0.925000	0.5	-0.151950
0.933333	0.5	-0.152000
0.941667	0.5	-0.150700
0.950000	0.5	-0.147250
0.958333	0.5	-0.144800
0.966667	0.5	-0.145850
0.975000	0.5	-0.139150
0.983333	0.5	-0.144100
0.991667	0.5	-0.154800
1.000000	0.5	-0.162300
1.008333	0.5	-0.165300
1.016667	0.5	-0.167050
1.025000	0.5	-0.166300
1.033333	0.5	-0.164400
1.041667	0.5	-0.161350
1.050000	0.5	-0.160100
1.058333	0.5	-0.158150
1.066667	0.5	-0.155350
1.075000	0.5	-0.150700
1.083333	0.5	-0.160350
1.091667	0.5	-0.170150
1.100000	0.5	-0.172250
1.108333	0.5	-0.174350
1.116667	0.5	-0.174050
1.125000	0.5	-0.174050
1.133333	0.5	-0.172700
1.141667	0.5	-0.169550
1.150000	0.5	-0.166150
1.158333	0.5	-0.164550
1.166667	0.5	-0.157950
1.175000	0.5	-0.163850
1.183333	0.5	-0.172450
1.191667	0.5	-0.179500
1.200000	0.5	-0.181100
1.208333	0.5	-0.182450
1.216667	0.5	-0.181850
1.225000	0.5	-0.180350
1.233333	0.5	-0.178200
1.241667	0.5	-0.176250
1.250000	0.5	-0.174900
1.258333	0.5	-0.171700
1.266667	0.5	-0.168200
1.275000	0.5	-0.176950
1.283333	0.5	-0.184950
1.291667	0.5	-0.188900
1.300000	0.5	-0.190050
1.308333	0.5	-0.189800
1.316667	0.5	-0.189150
1.325000	0.5	-0.188750
1.333333	0.5	-0.189100
1.341667	0.5	-0.186000
1.350000	0.5	-0.183400
1.358333	0.5	-0.174500
1.366667	0.5	-0.179450
1.375000	0.5	-0.187400
1.383333	0.5	-0.193050
1.391667	0.5	-0.193800
1.400000	0.5	-0.194850
1.408333	0.5	-0.193400
1.416667	0.5	-0.192100
1.425000	0.5	-0.189950
1.433333	0.5	-0.187450
1.441667	0.5	-0.186400
1.450000	0.5	-0.181400
1.458333	0.5	-0.177000
1.466667	0.5	-0.185200
1.475000	0.5	-0.194000
1.483333	0.5	-0.195450
1.491667	0.5	-0.197050
1.500000	0.5	-0.195300
1.508333	0.5	-0.192600
1.516667	0.5	-0.190450
1.525000	0.5	-0.187200
1.533333	0.5	-0.184100
1.541667	0.5	-0.181600
1.550000	0.5	-0.172350
1.558333	0.5	-0.176250
1.566667	0.5	-0.184650
1.575000	0.5	-0.188500
1.583333	0.5	-0.188050
1.591667	0.5	-0.188200
1.600000	0.5	-0.186100
1.608333	0.5	-0.182650
1.616667	0.5	-0.180050
1.625000	0.5	-0.176300
1.633333	0.5	-0.173550
1.641667	0.5	-0.166500
1.650000	0.5	-0.160200
1.658333	0.5	-0.167950
1.666667	0.5	-0.173800
1.675000	0.5	-0.174300
1.683333	0.5	-0.174650
1.691667	0.5	-0.173750
1.700000	0.5	-0.188100
1.708333	0.5	-0.237450
1.716667	0.5	-0.343600
1.725000	0.5	-0.492800
1.733333	0.5	-0.643600
1.741667	0.5	-0.714700
1.750000	0.5	-0.689900
1.758333	0.5	-0.596550
1.766667	0.5	-0.501650
1.775000	0.5	-0.449950
1.783333	0.5	-0.427400
1.791667	0.5	-0.410050
1.800000	0.5	-0.388050
1.808333	0.5	-0.360450
1.816667	0.5	-0.333600
1.825000	0.5	-0.307800
1.833333	0.5	-0.280350
1.841667	0.5	-0.257750
1.850000	0.5	-0.247900
1.858333	0.5	-0.239400
1.866667	0.5	-0.225200
1.875000	0.5	-0.211950
1.883333	0.5	-0.194700
1.891667	0.5	-0.177450
1.900000	0.5	-0.159700
1.908333	0.5	-0.140800
1.916667	0.5	-0.121450
1.925000	0.5	-0.104400
1.933333	0.5	-0.080200
1.941667	0.5	-0.065400
1.950000	0.5	-0.039700
1.958333	0.5	0.052300
1.966667	0.5	0.347900
1.975000	0.5	1.021900
1.983333	0.5	2.099150
1.991667	0.5	3.403000
2.000000	0.5	4.737550
2.008333	0.5	5.974750
2.016667	0.5	7.051000
2.025000	0.5	7.954200
2.033333	0.5	8.673900
2.041667	0.5	9.199600
2.050000	0.5	9.538700
2.058333	0.5	9.698500
2.066667	0.5	9.682700
2.075000	0.5	9.508900
2.083333	0.5	9.203450
2.091667	0.5	8.795050
2.100000	0.5	8.308450
2.108333	0.5	7.762450
2.116667	0.5	7.169450
2.125000	0.5	6.550150
2.133333	0.5	5.909150
2.141667	0.5	5.294850
2.150000	0.5	4.749450
2.158333	0.5	4.299050
2.166667	0.5	3.936800
2.175000	0.5	3.646400
2.183333	0.5	3.409150
2.191667	0.5	3.205100
2.200000	0.5	3.023400
2.208333	0.5	2.857450
2.216667	0.5	2.706300
2.225000	0.5	2.562650
2.233333	0.5	2.419150
2.241667	0.5	2.286100
2.250000	0.5	2.172250
2.258333	0.5	2.069050
2.266667	0.5	1.980550
2.275000	0.5	1.905100
2.283333	0.5	1.841800
2.291667	0.5	1.788350
2.300000	0.5	1.740150
2.308333	0.5	1.691250
2.316667	0.5	1.649650
2.325000	0.5	1.593050
2.333333	0.5	1.533350
2.341667	0.5	1.480200
2.350000	0.5	1.433950
2.358333	0.5	1.391100
2.366667	0.5	1.354200
2.375000	0.5	1.322150
2.383333	0.5	1.296650
2.391667	0.5	1.281150
2.400000	0.5	1.273000
2.408333	0.5	1.287850
2.416667	0.5	1.319050
2.425000	0.5	1.363750
2.433333	0.5	1.429750
2.441667	0.5	1.516000
2.450000	0.5	1.603950
2.458333	0.5	1.689800
2.466667	0.5	1.765400
2.475000	0.5	1.824900
2.483333	0.5	1.868400
2.491667	0.5	1.894950
2.500000	0.5	1.904200
2.508333	0.5	1.906700
2.516667	0.5	1.887250
2.525000	0.5	1.855000
2.533333	0.5	1.822800
2.541667	0.5	1.790400
2.550000	0.5	1.759300
2.558333	0.5	1.733650
2.566667	0.5	1.709300
2.575000	0.5	1.700700
2.583333	0.5	1.720700
2.591667	0.5	1.771800
2.600000	0.5	1.868000
2.608333	0.5	1.993950
2.616667	0.5	2.123100
2.625000	0.5	2.250250
2.633333	0.5	2.359100
2.641667	0.5	2.430700
2.650000	0.5	2.459350
2.658333	0.5	2.447350
2.666667	0.5	2.400000
2.675000	0.5	2.330600
2.683333	0.5	2.243700
2.691667	0.5	2.150600
2.700000	0.5	2.063550
2.708333	0.5	1.969100
2.716667	0.5	1.881300
2.725000	0.5	1.808950
2.733333	0.5	1.751500
2.741667	0.5	1.707700
2.750000	0.5	1.676900
2.758333	0.5	1.657000
2.766667	0.5	1.644250
2.775000	0.5	1.639550
2.783333	0.5	1.636800
2.791667	0.5	1.641500
2.800000	0.5	1.641350
2.808333	0.5	1.629800
2.816667	0.5	1.619300
2.825000	0.5	1.615850
2.833333	0.5	1.615850
2.841667	0.5	1.625100
2.850000	0.5	1.647950
2.858333	0.5	1.685850
2.866667	0.5	1.742100
2.875000	0.5	1.813850
2.883333	0.5	1.890550
2.891667	0.5	1.971900
2.900000	0.5	2.032600
2.908333	0.5	2.075250
2.916667	0.5	2.099750
2.925000	0.5	2.112500
2.933333	0.5	2.115450
2.941667	0.5	2.117500
2.950000	0.5	2.125300
2.958333	0.5	2.144400
2.966667	0.5	2.177450
2.975000	0.5	2.214050
2.983333	0.5	2.256600
2.991667	0.5	2.289350
3.000000	0.5	2.298250
3.008333	0.5	2.289100
3.016667	0.5	2.267950
3.025000	0.5	2.228200
3.033333	0.5	2.177450
3.041667	0.5	2.121250
3.050000	0.5	2.060900
3.058333	0.5	2.004000
3.066667	0.5	1.951550
3.075000	0.5	1.898550
3.083333	0.5	1.859500
3.091667	0.5	1.816350
3.100000	0.5	1.775850
3.108333	0.5	1.743250
3.116667	0.5	1.721250
3.125000	0.5	1.703150
3.133333	0.5	1.691500
3.141667	0.5	1.684650
3.150000	0.5	1.683350
3.158333	0.5	1.689700
3.166667	0.5	1.695750
3.175000	0.5	1.706700
3.183333	0.5	1.716300
3.191667	0.5	1.717800
3.200000	0.5	1.720700
3.208333	0.5	1.729950
3.216667	0.5	1.739000
3.225000	0.5	1.749850
3.233333	0.5	1.758400
3.241667	0.5	1.765750
3.250000	0.5	1.774500
3.258333	0.5	1.781100
3.266667	0.5	1.784500
3.275000	0.5	1.792150
3.283333	0.5	1.787850
3.291667	0.5	1.778400
3.300000	0.5	1.775150
3.308333	0.5	1.781250
3.316667	0.5	1.800200
3.325000	0.5	1.837300
3.333333	0.5	1.905900
3.341667	0.5	2.014550
3.350000	0.5	2.168300
3.358333	0.5	2.361400
3.366667	0.5	2.587600
3.375000	0.5	2.816750
3.383333	0.5	3.019250
3.391667	0.5	3.184750
3.400000	0.5	3.303800
3.408333	0.5	3.363200
3.416667	0.5	3.364300
3.425000	0.5	3.317650
3.433333	0.5	3.232900
3.441667	0.5	3.122900
3.450000	0.5	2.999700
3.458333	0.5	2.874650
3.466667	0.5	2.757400
3.475000	0.5	2.637750
3.483333	0.5	2.527600
3.491667	0.5	2.432300
3.500000	0.5	2.350050
3.508333	0.5	2.279400
3.516667	0.5	2.214550
3.525000	0.5	2.159400
3.533333	0.5	2.110250
3.541667	0.5	2.070600
3.550000	0.5	2.033300
3.558333	0.5	2.005500
3.566667	0.5	1.979100
3.575000	0.5	1.946650
3.583333	0.5	1.918850
3.591667	0.5	1.899750
3.600000	0.5	1.885800
3.608333	0.5	1.877250
3.616667	0.5	1.873450
3.625000	0.5	1.873500
3.633333	0.5	1.878550
3.641667	0.5	1.888500
3.650000	0.5	1.899650
3.658333	0.5	1.919500
3.666667	0.5	1.927550
3.675000	0.5	1.930800
3.683333	0.5	1.940650
3.691667	0.5	1.950100
3.700000	0.5	1.956250
3.708333	0.5	1.958450
3.716667	0.5	1.957500
3.725000	0.5	1.951200
3.733333	0.5	1.944200
3.741667	0.5	1.934550
3.750000	0.5	1.927200
3.758333	0.5	1.914600
3.766667	0.5	1.893950
3.775000	0.5	1.875300
3.783333	0.5	1.863750
3.791667	0.5	1.855250
3.800000	0.5	1.845600
3.808333	0.5	1.839400
3.816667	0.5	1.835700
3.825000	0.5	1.835500
3.833333	0.5	1.832800
3.841667	0.5	1.830450
3.850000	0.5	1.832650
3.858333	0.5	1.824100
3.866667	0.5	1.813100
3.875000	0.5	1.806000
3.883333	0.5	1.802750
3.891667	0.5	1.801750
3.900000	0.5	1.799950
3.908333	0.5	1.801800
3.916667	0.5	1.803600
3.925000	0.5	1.806300
3.933333	0.5	1.805500
3.941667	0.5	1.812300
3.950000	0.5	1.812800
3.958333	0.5	1.809250
3.966667	0.5	1.809250
3.975000	0.5	1.817050
3.983333	0.5	1.829100
3.991667	0.5	1.843950
4.000000	0.5	1.865950
4.008333	0.5	1.891850
4.016667	0.5	1.922600
4.025000	0.5	1.956900
4.033333	0.5	1.992800
4.041667	0.5	2.035500
4.050000	0.5	2.065950
4.058333	0.5	2.092400
4.066667	0.5	2.116100
4.075000	0.5	2.136850
4.083333	0.5	2.150050
4.091667	0.5	2.154950
4.100000	0.5	2.152250
4.108333	0.5	2.143850
4.116667	0.5	2.127000
4.125000	0.5	2.101250
4.133333	0.5	2.079300
4.141667	0.5	2.048300
4.150000	0.5	2.009250
4.158333	0.5	1.974450
4.166667	0.5	1.947050
4.175000	0.5	1.921550
4.183333	0.5	1.901650
4.191667	0.5	1.886800
4.200000	0.5	1.874550
4.208333	0.5	1.866600
4.216667	0.5	1.858450
4.225000	0.5	1.852500
4.233333	0.5	1.851950
4.241667	0.5	1.839900
4.250000	0.5	1.824850
4.258333	0.5	1.815450
4.266667	0.5	1.808100
4.275000	0.5	1.801800
4.283333	0.5	1.796800
4.291667	0.5	1.792550
4.300000	0.5	1.786450
4.308333	0.5	1.785500
4.316667	0.5	1.781050
4.325000	0.5	1.785150
4.333333	0.5	1.782400
4.341667	0.5	1.775300
4.350000	0.5	1.770650
4.358333	0.5	1.772550
4.366667	0.5	1.778150
4.375000	0.5	1.787650
4.383333	0.5	1.799150
4.391667	0.5	1.811150
4.400000	0.5	1.823950
4.408333	0.5	1.835000
4.416667	0.5	1.842150
4.425000	0.5	1.852650
4.433333	0.5	1.850600
4.441667	0.5	1.841800
4.450000	0.5	1.836050
4.458333	0.5	1.830250
4.466667	0.5	1.824800
4.475000	0.5	1.820750
4.483333	0.5	1.815650
4.491667	0.5	1.814400
4.500000	0.5	1.809750
4.508333	0.5	1.805750
4.516667	0.5	1.806450
4.525000	0.5	1.800550
4.533333	0.5	1.788300
4.541667	0.5	1.777600
4.550000	0.5	1.773350
4.558333	0.5	1.765550
4.566667	0.5	1.766550
4.575000	0.5	1.765150
4.583333	0.5	1.764950
4.591667	0.5	1.764700
4.600000	0.5	1.766650
4.608333	0.5	1.768150
4.616667	0.5	1.773550
4.625000	0.5	1.768900
4.633333	0.5	1.762550
4.641667	0.5	1.761700
4.650000	0.5	1.763600
4.658333	0.5	1.766750
4.666667	0.5	1.771600
4.675000	0.5	1.774700
4.683333	0.5	1.777200
4.691667	0.5	1.781650
4.700000	0.5	1.783600
4.708333	0.5	1.788750
4.716667	0.5	1.786450
4.725000	0.5	1.777150
4.733333	0.5	1.768800
4.741667	0.5	1.763600
4.750000	0.5	1.757400
4.758333	0.5	1.755450
4.766667	0.5	1.753600
4.775000	0.5	1.751250
4.783333	0.5	1.751250
4.791667	0.5	1.750250
4.800000	0.5	1.750800
4.808333	0.5	1.755950
4.816667	0.5	1.748400
4.825000	0.5	1.738000
4.833333	0.5	1.733900
4.841667	0.5	1.732850
4.850000	0.5	1.732300
4.858333	0.5	1.733750
4.866667	0.5	1.735950
4.875000	0.5	1.739200
4.883333	0.5	1.742000
4.891667	0.5	1.741150
4.900000	0.5	1.744500
4.908333	0.5	1.742650
4.916667	0.5	1.732400
4.925000	0.5	1.723800
4.933333	0.5	1.720250
4.941667	0.5	1.717100
4.950000	0.5	1.716100
4.958333	0.5	1.715000
4.966667	0.5	1.714450
4.975000	0.5	1.716100
4.983333	0.5	1.715350
4.991667	0.5	1.716300
5.000000	0.5	1.718300
5.008333	0.5	1.710850
5.016667	0.5	1.702550
5.025000	0.5	1.695950
5.033333	0.5	1.692950
5.041667	0.5	1.692000
5.050000	0.5	1.692750
5.058333	0.5	1.693650
5.066667	0.5	1.695500
5.075000	0.5	1.698050
5.083333	0.5	1.698050
5.091667	0.5	1.703000
5.100000	0.5	1.701100
5.108333	0.5	1.692650
5.116667	0.5	1.684300
5.125000	0.5	1.681750
5.133333	0.5	1.681950
5.141667	0.5	1.681750
5.150000	0.5	1.682150
5.158333	0.5	1.685100
5.166667	0.5	1.689400
5.175000	0.5	1.693100
5.183333	0.5	1.697250
5.191667	0.5	1.706200
5.200000	0.5	1.704400
5.208333	0.5	1.699650
5.216667	0.5	1.702050
5.225000	0.5	1.707750
5.233333	0.5	1.715600
5.241667	0.5	1.726200
5.250000	0.5	1.737900
5.258333	0.5	1.753700
5.266667	0.5	1.769250
5.275000	0.5	1.784150
5.283333	0.5	1.806150
5.291667	0.5	1.818700
5.300000	0.5	1.825200
5.308333	0.5	1.832900
5.316667	0.5	1.846050
5.325000	0.5	1.857100
5.333333	0.5	1.868950
5.341667	0.5	1.879600
5.350000	0.5	1.886950
5.358333	0.5	1.894100
5.366667	0.5	1.898900
5.375000	0.5	1.901550
5.383333	0.5	1.903600
5.391667	0.5	1.892250
5.400000	0.5	1.877450
5.408333	0.5	1.865950
5.416667	0.5	1.854900
5.425000	0.5	1.843100
5.433333	0.5	1.835450
5.441667	0.5	1.826450
5.450000	0.5	1.821650
5.458333	0.5	1.814800
5.466667	0.5	1.806000
5.475000	0.5	1.805300
5.483333	0.5	1.799250
5.491667	0.5	1.788450
5.500000	0.5	1.780850
5.508333	0.5	1.783150
5.516667	0.5	1.785750
5.525000	0.5	1.792250
5.533333	0.5	1.804200
5.541667	0.5	1.818000
5.550000	0.5	1.834200
5.558333	0.5	1.851150
5.566667	0.5	1.869150
5.575000	0.5	1.893050
5.583333	0.5	1.905550
5.591667	0.5	1.914850
5.600000	0.5	1.930500
5.608333	0.5	1.945550
5.616667	0.5	1.958500
5.625000	0.5	1.972800
5.633333	0.5	1.985800
5.641667	0.5	1.993450
5.650000	0.5	2.002950
5.658333	0.5	2.003300
5.666667	0.5	2.008050
5.675000	0.5	2.005100
5.683333	0.5	1.990300
5.691667	0.5	1.976600
5.700000	0.5	1.968100
5.708333	0.5	1.956150
5.716667	0.5	1.947600
5.725000	0.5	1.940300
5.733333	0.5	1.931850
5.741667	0.5	1.925750
5.750000	0.5	1.915450
5.758333	0.5	1.908300
5.766667	0.5	1.905050
5.775000	0.5	1.889300
5.783333	0.5	1.874150
5.791667	0.5	1.864650
5.800000	0.5	1.855250
5.808333	0.5	1.850050
5.816667	0.5	1.842700
5.825000	0.5	1.838400
5.833333	0.5	1.837650
5.841667	0.5	1.837000
5.850000	0.5	1.832250
5.858333	0.5	1.835600
5.866667	0.5	1.830050
5.875000	0.5	1.819450
5.883333	0.5	1.812600
5.891667	0.5	1.810400
5.900000	0.5	1.808400
5.908333	0.5	1.809200
5.916667	0.5	1.812100
5.925000	0.5	1.816700
5.933333	0.5	1.823200
5.941667	0.5	1.829450
5.950000	0.5	1.836150
5.958333	0.5	1.848000
5.966667	0.5	1.848650
5.975000	0.5	1.848500
5.983333	0.5	1.855450
5.991667	0.5	1.862700
6.000000	0.5	1.870850
6.008333	0.5	1.881350
6.016667	0.5	1.891250
6.025000	0.5	1.902850
6.033333	0.5	1.915200
6.041667	0.5	1.922650
6.050000	0.5	1.933300
6.058333	0.5	1.938850
6.066667	0.5	1.938450
6.075000	0.5	1.935500
6.083333	0.5	1.938850
6.091667	0.5	1.943350
6.100000	0.5	1.947450
6.108333	0.5	1.954900
6.116667	0.5	1.965100
6.125000	0.5	1.976850
6.133333	0.5	1.985900
6.141667	0.5	1.993150
6.150000	0.5	2.006250
6.158333	0.5	2.006350
6.166667	0.5	2.004750
6.175000	0.5	2.009250
6.183333	0.5	2.015400
6.191667	0.5	2.020100
6.200000	0.5	2.024250
6.208333	0.5	2.030800
6.216667	0.5	2.033950
6.225000	0.5	2.036100
6.233333	0.5	2.032550
6.241667	0.5	2.031600
6.250000	0.5	2.022850
6.258333	0.5	2.005650
6.266667	0.5	1.988100
6.275000	0.5	1.974300
6.283333	0.5	1.959250
6.291667	0.5	1.945200
6.300000	0.5	1.931750
6.308333	0.5	1.918450
6.316667	0.5	1.905650
6.325000	0.5	1.890450
6.333333	0.5	1.880050
6.341667	0.5	1.870900
6.350000	0.5	1.851450
6.358333	0.5	1.831550
6.366667	0.5	1.818100
6.375000	0.5	1.806800
6.383333	0.5	1.798750
6.391667	0.5	1.790700
6.400000	0.5	1.784350
6.408333	0.5	1.782300
6.416667	0.5	1.777150
6.425000	0.5	1.772200
6.433333	0.5	1.773300
6.441667	0.5	1.764750
6.450000	0.5	1.750900
6.458333	0.5	1.742000
6.466667	0.5	1.736850
6.475000	0.5	1.732650
6.483333	0.5	1.729350
6.491667	0.5	1.727900
6.500000	0.5	1.725650
6.508333	0.5	1.725450
6.516667	0.5	1.725050
6.525000	0.5	1.724450
6.533333	0.5	1.727150
6.541667	0.5	1.719100
6.550000	0.5	1.708850
6.558333	0.5	1.704000
6.566667	0.5	1.701650
6.575000	0.5	1.699900
6.583333	0.5	1.700050
6.591667	0.5	1.701350
6.600000	0.5	1.705350
6.608333	0.5	1.708250
6.616667	0.5	1.707400
6.625000	0.5	1.713000
6.633333	0.5	1.709550
6.641667	0.5	1.701750
6.650000	0.5	1.695450
6.658333	0.5	1.695150
6.666667	0.5	1.694450
6.675000	0.5	1.696300
6.683333	0.5	1.697600
6.691667	0.5	1.700500
6.700000	0.5	1.703500
6.708333	0.5	1.707850
6.716667	0.5	1.709850
6.725000	0.5	1.715900
6.733333	0.5	1.710800
6.741667	0.5	1.705300
6.750000	0.5	1.703550
6.758333	0.5	1.704650
6.766667	0.5	1.706150
6.775000	0.5	1.709900
6.783333	0.5	1.715150
6.791667	0.5	1.723200
6.800000	0.5	1.730700
6.808333	0.5	1.733800
6.816667	0.5	1.743300
6.825000	0.5	1.745550
6.833333	0.5	1.742500
6.841667	0.5	1.741500
6.850000	0.5	1.745100
6.858333	0.5	1.749950
6.866667	0.5	1.756900
6.875000	0.5	1.766450
6.883333	0.5	1.775800
6.891667	0.5	1.788250
6.900000	0.5	1.798250
6.908333	0.5	1.808600
6.916667	0.5	1.821850
6.925000	0.5	1.824600
6.933333	0.5	1.829400
6.941667	0.5	1.840200
6.950000	0.5	1.855250
6.958333	0.5	1.872450
6.966667	0.5	1.892950
6.975000	0.5	1.920050
6.983333	0.5	1.951750
6.991667	0.5	1.987900
7.000000	0.5	2.025500
7.008333	0.5	2.074100
7.016667	0.5	2.121600
7.025000	0.5	2.169450
7.033333	0.5	2.225300
7.041667	0.5	2.290450
7.050000	0.5	2.363150
7.058333	0.5	2.443300
7.066667	0.5	2.527150
7.075000	0.5	2.615150
7.083333	0.5	2.704200
7.091667	0.5	2.792150
7.100000	0.5	2.875300
7.108333	0.5	2.958000
7.116667	0.5	3.024050
7.125000	0.5	3.083750
7.133333	0.5	3.136950
7.141667	0.5	3.182100
7.150000	0.5	3.215000
7.158333	0.5	3.237200
7.166667	0.5	3.247050
7.175000	0.5	3.246000
7.183333	0.5	3.230500
7.191667	0.5	3.202500
7.200000	0.5	3.169200
7.208333	0.5	3.118650
7.216667	0.5	3.055350
7.225000	0.5	2.985700
7.233333	0.5	2.916850
7.241667	0.5	2.844600
7.250000	0.5	2.772750
7.258333	0.5	2.699000
7.266667	0.5	2.628200
7.275000	0.5	2.561050
7.283333	0.5	2.494900
7.291667	0.5	2.434750
7.300000	0.5	2.380700
7.308333	0.5	2.320050
7.316667	0.5	2.263650
7.325000	0.5	2.214750
7.333333	0.5	2.171750
7.341667	0.5	2.134750
7.350000	0.5	2.102800
7.358333	0.5	2.075450
7.366667	0.5	2.052850
7.375000	0.5	2.031700
7.383333	0.5	2.012300
7.391667	0.5	1.999150
7.400000	0.5	1.980850
7.408333	0.5	1.959850
7.416667	0.5	1.941750
7.425000	0.5	1.928500
7.433333	0.5	1.917650
7.441667	0.5	1.910550
7.450000	0.5	1.905550
7.458333	0.5	1.903650
7.466667	0.5	1.903600
7.475000	0.5	1.899700
7.483333	0.5	1.899300
7.491667	0.5	1.901250
7.500000	0.5	1.892900
7.508333	0.5	1.885250
7.516667	0.5	1.883650
7.525000	0.5	1.882400
7.533333	0.5	1.884600
7.541667	0.5	1.889000
7.550000	0.5	1.896050
7.558333	0.5	1.905500
7.566667	0.5	1.918900
7.575000	0.5	1.925450
7.583333	0.5	1.943100
7.591667	0.5	1.954550
7.600000	0.5	1.957700
7.608333	0.5	1.964500
7.616667	0.5	1.975800
7.625000	0.5	1.988650
7.633333	0.5	2.000750
7.641667	0.5	2.011900
7.650000	0.5	2.021200
7.658333	0.5	2.030300
7.666667	0.5	2.034300
7.675000	0.5	2.036100
7.683333	0.5	2.035900
7.691667	0.5	2.021750
7.700000	0.5	2.006750
7.708333	0.5	1.995300
7.716667	0.5	1.983250
7.725000	0.5	1.971050
7.733333	0.5	1.964200
7.741667	0.5	1.956250
7.750000	0.5	1.954500
7.758333	0.5	1.954600
7.766667	0.5	1.955700
7.775000	0.5	1.966600
7.783333	0.5	1.978100
7.791667	0.5	1.992450
7.800000	0.5	2.024750
7.808333	0.5	2.084350
7.816667	0.5	2.179050
7.825000	0.5	2.325150
7.833333	0.5	2.537350
7.841667	0.5	2.816550
7.850000	0.5	3.136400
7.858333	0.5	3.442500
7.866667	0.5	3.701300
7.875000	0.5	3.939650
7.883333	0.5	4.162050
7.891667	0.5	4.382850
7.900000	0.5	4.604950
7.908333	0.5	4.827250
7.916667	0.5	5.045300
7.925000	0.5	5.261300
7.933333	0.5	5.467050
7.941667	0.5	5.663150
7.950000	0.5	5.845350
7.958333	0.5	6.009800
7.966667	0.5	6.165900
7.975000	0.5	6.301900
7.983333	0.5	6.413700
7.991667	0.5	6.517850
8.000000	0.5	6.617300
8.008333	0.5	6.706450
8.016667	0.5	6.787700
8.025000	0.5	6.864000
8.033333	0.5	6.936700
8.041667	0.5	7.006600
8.050000	0.5	7.068600
8.058333	0.5	7.128400
8.066667	0.5	7.188750
8.075000	0.5	7.236050
8.083333	0.5	7.280950
8.091667	0.5	7.331000
8.100000	0.5	7.383450
8.108333	0.5	7.436000
8.116667	0.5	7.492150
8.125000	0.5	7.549750
8.133333	0.5	7.610300
8.141667	0.5	7.672650
8.150000	0.5	7.731900
8.158333	0.5	7.797100
8.166667	0.5	7.855100
8.175000	0.5	7.905450
8.183333	0.5	7.958400
8.191667	0.5	8.013500
8.200000	0.5	8.066400
8.208333	0.5	8.117250
8.216667	0.5	8.158700
8.225000	0.5	8.195300
8.233333	0.5	8.223750
8.241667	0.5	8.238750
8.250000	0.5	8.244500
8.258333	0.5	8.236450
8.266667	0.5	8.200900
8.275000	0.5	8.150000
8.283333	0.5	8.083750
8.291667	0.5	8.004250
8.300000	0.5	7.909600
8.308333	0.5	7.800550
8.316667	0.5	7.680000
8.325000	0.5	7.551500
8.333333	0.5	7.414700
8.341667	0.5	7.267800
8.350000	0.5	7.128150
8.358333	0.5	6.977700
8.366667	0.5	6.826400
8.375000	0.5	6.683400
8.383333	0.5	6.556100
8.391667	0.5	6.437850
8.400000	0.5	6.331850
8.408333	0.5	6.238650
8.416667	0.5	6.157550
8.425000	0.5	6.091500
8.433333	0.5	6.030850
8.441667	0.5	5.985400
8.450000	0.5	5.946400
8.458333	0.5	5.906100
8.466667	0.5	5.872200
8.475000	0.5	5.853050
8.483333	0.5	5.841450
8.491667	0.5	5.838250
8.500000	0.5	5.840800
8.508333	0.5	5.852600
8.516667	0.5	5.873400
8.525000	0.5	5.903050
8.533333	0.5	5.942150
8.541667	0.5	6.002300
8.550000	0.5	6.079000
8.558333	0.5	6.179200
8.566667	0.5	6.330250
8.575000	0.5	6.555000
8.583333	0.5	6.872200
8.591667	0.5	7.317450
8.600000	0.5	7.928750
8.608333	0.5	8.754000
8.616667	0.5	9.851350
8.625000	0.5	11.277100
8.633333	0.5	13.093650
8.641667	0.5	15.369050
8.650000	0.5	18.141050
8.658333	0.5	21.464800
8.666667	0.5	25.344700
8.675000	0.5	29.761400
8.683333	0.5	34.632551
8.691667	0.5	39.876501
8.700000	0.5	45.369301
8.708333	0.5	50.980101
8.716667	0.5	56.595051
8.725000	0.5	62.094001
8.733333	0.5	67.394051
8.741667	0.5	72.461351
8.750000	0.5	77.225051
8.758333	0.5	81.710601
8.766667	0.5	85.894801
8.775000	0.5	89.783101
8.783333	0.5	93.395051
8.791667	0.5	96.739801
8.800000	0.5	99.845551
8.808333	0.5	102.725652
8.816667	0.5	105.399252
8.825000	0.5	107.874202
8.833333	0.5	110.181502
8.841667	0.5	112.305102
8.850000	0.5	114.277102
8.858333	0.5	116.106602
8.866667	0.5	117.803852
8.875000	0.5	119.373652
8.883333	0.5	120.837802
8.891667	0.5	122.197952
8.900000	0.5	123.464202
8.908333	0.5	124.649102
8.916667	0.5	125.753902
8.925000	0.5	126.794102
8.933333	0.5	127.776152
8.941667	0.5	128.688902
8.950000	0.5	129.551152
8.958333	0.5	130.367452
8.966667	0.5	131.145052
8.975000	0.5	131.884752
8.983333	0.5	132.593252
8.991667	0.5	133.275202
9.000000	0.5	133.932402
9.008333	0.5	134.970552
9.016667	0.5	144.184302
9.025000	0.5	148.614702
9.033333	0.5	151.685702
9.041667	0.5	154.094752
9.050000	0.5	156.124552
9.058333	0.5	157.899302
9.066667	0.5	159.495452
9.075000	0.5	160.941602
9.083333	0.5	162.275452
9.091667	0.5	163.525502
9.100000	0.5	164.691052
9.108333	0.5	165.777852
9.116667	0.5	166.803452
9.125000	0.5	167.769902
9.133333	0.5	168.660553
9.141667	0.5	169.487953
9.150000	0.5	170.273103
9.158333	0.5	171.009153
9.166667	0.5	171.708703
9.175000	0.5	172.366203
9.183333	0.5	172.988453
9.191667	0.5	173.578953
9.200000	0.5	174.134253
9.208333	0.5	174.640053
9.216667	0.5	175.128853
9.225000	0.5	175.571803
9.233333	0.5	175.956253
9.241667	0.5	176.297153
9.250000	0.5	176.603953
9.258333	0.5	176.878253
9.266667	0.5	177.110953
9.275000	0.5	177.310303
9.283333	0.5	177.478303
9.291667	0.5	177.615203
9.300000	0.5	177.705253
9.308333	0.5	177.758303
9.316667	0.5	177.780353
9.325000	0.5	177.744253
9.333333	0.5	177.638353
9.341667	0.5	177.492453
9.350000	0.5	177.293753
9.358333	0.5	177.045753
9.366667	0.5	176.745603
9.375000	0.5	176.393053
9.383333	0.5	175.986853
9.391667	0.5	175.531703
9.400000	0.5	174.985303
9.408333	0.5	174.412753
9.416667	0.5	173.771003
9.425000	0.5	173.031753
9.433333	0.5	172.198003
9.441667	0.5	171.291803
9.450000	0.5	170.313553
9.458333	0.5	169.249703
9.466667	0.5	168.108153
9.475000	0.5	166.876252
9.483333	0.5	165.588002
9.491667	0.5	164.210052
9.500000	0.5	162.740752
9.508333	0.5	161.248852
9.516667	0.5	159.673152
9.525000	0.5	157.957652
9.533333	0.5	156.174752
9.541667	0.5	154.320052
9.550000	0.5	152.403002
9.558333	0.5	150.433052
9.566667	0.5	148.402302
9.575000	0.5	146.320752
9.583333	0.5	144.237502
9.591667	0.5	142.059602
9.600000	0.5	139.904152
9.608333	0.5	137.734652
9.616667	0.5	135.489152
9.625000	0.5	133.175702
9.633333	0.5	130.842452
9.641667	0.5	128.494402
9.650000	0.5	126.111702
9.658333	0.5	123.717152
9.666667	0.5	121.297802
9.675000	0.5	118.894502
9.683333	0.5	116.461752
9.691667	0.5	114.005902
9.700000	0.5	111.586102
9.708333	0.5	109.161052
9.716667	0.5	106.642602
9.725000	0.5	104.119602
9.733333	0.5	101.576102
9.741667	0.5	99.024001
9.750000	0.5	96.470251
9.758333	0.5	93.907701
9.766667	0.5	91.349251
9.775000	0.5	88.833401
9.783333	0.5	86.287001
9.791667	0.5	83.797301
9.800000	0.5	81.346851
9.808333	0.5	78.903601
9.816667	0.5	76.461651
9.825000	0.5	74.056301
9.833333	0.5	71.706201
9.841667	0.5	69.395501
9.850000	0.5	67.144351
9.858333	0.5	64.954701
9.866667	0.5	62.844551
9.875000	0.5	60.808801
9.883333	0.5	58.833801
9.891667	0.5	56.947901
9.900000	0.5	54.996901
9.908333	0.5	52.836801
9.916667	0.5	51.039901
9.925000	0.5	49.354101
9.933333	0.5	47.762401
9.941667	0.5	46.250001
9.950000	0.5	44.810651
9.958333	0.5	43.444001
9.966667	0.5	42.159951
9.975000	0.5	40.927901
9.983333	0.5	39.775901
9.991667	0.5	38.688501
10.000000	0.5	37.660701
10.008333	0.5	36.673451
10.016667	0.5	35.727701
10.025000	0.5	34.837101
10.033333	0.5	33.992251
10.041667	0.5	33.189750
10.050000	0.5	32.428000
10.058333	0.5	31.707850
10.066667	0.5	31.029650
10.075000	0.5	30.386950
10.083333	0.5	29.781000
10.091667	0.5	29.222500
10.100000	0.5	28.678100
10.108333	0.5	28.164650
10.116667	0.5	27.673050
10.125000	0.5	27.204800
10.133333	0.5	26.760700
10.141667	0.5	26.335350
10.150000	0.5	25.935150
10.158333	0.5	25.554000
10.166667	0.5	25.189850
10.175000	0.5	24.850800
10.183333	0.5	24.527800
10.191667	0.5	24.224850
10.200000	0.5	23.935950
10.208333	0.5	23.652500
10.216667	0.5	23.386100
10.225000	0.5	23.125700
10.233333	0.5	22.874000
10.241667	0.5	22.635100
10.250000	0.5	22.407250
10.258333	0.5	22.187150
10.266667	0.5	21.979000
10.275000	0.5	21.780550
10.283333	0.5	21.596700
10.291667	0.5	21.414450
10.300000	0.5	21.243950
10.308333	0.5	21.069000
10.316667	0.5	20.902300
10.325000	0.5	20.741900
10.333333	0.5	20.584600
10.341667	0.5	20.429350
10.350000	0.5	20.285400
10.358333	0.5	20.133400
10.366667	0.5	20.003700
10.375000	0.5	19.874450
10.383333	0.5	19.751300
10.391667	0.5	19.631200
10.400000	0.5	19.512550
10.408333	0.5	19.394650
10.416667	0.5	19.280600
10.425000	0.5	19.169750
10.433333	0.5	19.059400
10.441667	0.5	18.958050
10.450000	0.5	18.854100
10.458333	0.5	18.755300
10.466667	0.5	18.665950
10.475000	0.5	18.581350
10.483333	0.5	18.496550
10.491667	0.5	18.416500
10.500000	0.5	18.337700
10.508333	0.5	18.264900
10.516667	0.5	18.193250
10.525000	0.5	18.125200
10.533333	0.5	18.058900
10.541667	0.5	18.004250
10.550000	0.5	17.944050
10.558333	0.5	17.903600
10.566667	0.5	17.864400
10.575000	0.5	17.834000
10.583333	0.5	17.809100
10.591667	0.5	17.788700
10.600000	0.5	17.778200
10.608333	0.5	17.771200
10.616667	0.5	17.770500
10.625000	0.5	17.778100
10.633333	0.5	17.795350
10.641667	0.5	17.821700
10.650000	0.5	17.851000
10.658333	0.5	17.898400
10.666667	0.5	17.955600
10.675000	0.5	18.016300
10.683333	0.5	18.092250
10.691667	0.5	18.168150
10.700000	0.5	18.254850
10.708333	0.5	18.346750
10.716667	0.5	18.443750
10.725000	0.5	18.541200
10.733333	0.5	18.653300
10.741667	0.5	18.752700
10.750000	0.5	18.870450
10.758333	0.5	18.988250
10.766667	0.5	19.106650
10.775000	0.5	19.219200
10.783333	0.5	19.329900
10.791667	0.5	19.433650
10.800000	0.5	19.530200
10.808333	0.5	19.618450
10.816667	0.5	19.697850
10.825000	0.5	19.774150
10.833333	0.5	19.839350
10.841667	0.5	19.890300
10.850000	0.5	19.942650
10.858333	0.5	19.982000
10.866667	0.5	19.999100
10.875000	0.5	20.011500
10.883333	0.5	20.006700
10.891667	0.5	19.986800
10.900000	0.5	19.956300
10.908333	0.5	19.912300
10.916667	0.5	19.854600
10.925000	0.5	19.794750
10.933333	0.5	19.711100
10.941667	0.5	19.633850
10.950000	0.5	19.546750
10.958333	0.5	19.449150
10.966667	0.5	19.337700
10.975000	0.5	19.222250
10.983333	0.5	19.101150
10.991667	0.5	18.970550
11.000000	0.5	18.837300
11.008333	0.5	18.698350
11.016667	0.5	18.560450
11.025000	0.5	18.416900
11.033333	0.5	18.266850
11.041667	0.5	18.131200
11.050000	0.5	17.984850
11.058333	0.5	17.828200
11.066667	0.5	17.673200
11.075000	0.5	17.514300
11.083333	0.5	17.355750
11.091667	0.5	17.193550
11.100000	0.5	17.028800
11.108333	0.5	16.870700
11.116667	0.5	16.713000
11.125000	0.5	16.548000
11.133333	0.5	16.402900
11.141667	0.5	16.254300
11.150000	0.5	16.112250
11.158333	0.5	15.968750
11.166667	0.5	15.835700
11.175000	0.5	15.707200
11.183333	0.5	15.588050
11.191667	0.5	15.473200
11.200000	0.5	15.374600
11.208333	0.5	15.283250
11.216667	0.5	15.200250
11.225000	0.5	15.126150
11.233333	0.5	15.072450
11.241667	0.5	15.021500
11.250000	0.5	14.972100
11.258333	0.5	14.933950
11.266667	0.5	14.898200
11.275000	0.5	14.872100
11.283333	0.5	14.851100
11.291667	0.5	14.833100
11.300000	0.5	14.817950
11.308333	0.5	14.814000
11.316667	0.5	14.797600
11.325000	0.5	14.802450
11.333333	0.5	14.805200
11.341667	0.5	14.803350
11.350000	0.5	14.801900
11.358333	0.5	14.801450
11.366667	0.5	14.800150
11.375000	0.5	14.797050
11.383333	0.5	14.798600
11.391667	0.5	14.793900
11.400000	0.5	14.795550
11.408333	0.5	14.792850
11.416667	0.5	14.784800
11.425000	0.5	14.789550
11.433333	0.5	14.788150
11.441667	0.5	14.781400
11.450000	0.5	14.776200
11.458333	0.5	14.767150
11.466667	0.5	14.760500
11.475000	0.5	14.750800
11.483333	0.5	14.741350
11.491667	0.5	14.728950
11.500000	0.5	14.724850
11.508333	0.5	14.708800
11.516667	0.5	14.707350
11.525000	0.5	14.701250
11.533333	0.5	14.692800
11.541667	0.5	14.680700
11.550000	0.5	14.669350
11.558333	0.5	14.659850
11.566667	0.5	14.649500
11.575000	0.5	14.638200
11.583333	0.5	14.626850
11.591667	0.5	14.618000
11.600000	0.5	14.607850
11.608333	0.5	14.596200
11.616667	0.5	14.595350
11.625000	0.5	14.594400
11.633333	0.5	14.584000
11.641667	0.5	14.579650
11.650000	0.5	14.572750
11.658333	0.5	14.565950
11.666667	0.5	14.559700
11.675000	0.5	14.554300
11.683333	0.5	14.550650
11.691667	0.5	14.554150
11.700000	0.5	14.543650
11.708333	0.5	14.553900
11.716667	0.5	14.561300
11.725000	0.5	14.565300
11.733333	0.5	14.568300
11.741667	0.5	14.574250
11.750000	0.5	14.578800
11.758333	0.5	14.587150
11.766667	0.5	14.593200
11.775000	0.5	14.603650
11.783333	0.5	14.620200
11.791667	0.5	14.638200
11.800000	0.5	14.653100
11.808333	0.5	14.683200
11.816667	0.5	14.714400
11.825000	0.5	14.737200
11.833333	0.5	14.770400
11.841667	0.5	14.802450
11.850000	0.5	14.844700
11.858333	0.5	14.885150
11.866667	0.5	14.937050
11.875000	0.5	14.989650
11.883333	0.5	15.052750
11.891667	0.5	15.110350
11.900000	0.5	15.191750
11.908333	0.5	15.275300
11.916667	0.5	15.364900
11.925000	0.5	15.454200
11.933333	0.5	15.551900
11.941667	0.5	15.654750
11.950000	0.5	15.765500
11.958333	0.5	15.880000
11.966667	0.5	15.996650
11.975000	0.5	16.124950
11.983333	0.5	16.256100
11.991667	0.5	16.386850
12.000000	0.5	16.534800
12.008333	0.5	16.683650
12.016667	0.5	16.822500
12.025000	0.5	16.965950
12.033333	0.5	17.102650
12.041667	0.5	17.242950
12.050000	0.5	17.375500
12.058333	0.5	17.500000
12.066667	0.5	17.624250
12.075000	0.5	17.743900
12.083333	0.5	17.842350
12.091667	0.5	17.950850
12.100000	0.5	18.050150
12.108333	0.5	18.134900
12.116667	0.5	18.200600
12.125000	0.5	18.256550
12.133333	0.5	18.304050
12.141667	0.5	18.334750
12.150000	0.5	18.348400
12.158333	0.5	18.349950
12.166667	0.5	18.345750
12.175000	0.5	18.331300
12.183333	0.5	18.294100
12.191667	0.5	18.272150
12.200000	0.5	18.231200
12.208333	0.5	18.171500
12.216667	0.5	18.103750
12.225000	0.5	18.030350
12.233333	0.5	17.947650
12.241667	0.5	17.860650
12.250000	0.5	17.772600
12.258333	0.5	17.678750
12.266667	0.5	17.589700
12.275000	0.5	17.486450
12.283333	0.5	17.402750
12.291667	0.5	17.319750
12.300000	0.5	17.232850
12.308333	0.5	17.139050
12.316667	0.5	17.054100
12.325000	0.5	16.969500
12.333333	0.5	16.886800
12.341667	0.5	16.808350
12.350000	0.5	16.728350
12.358333	0.5	16.667150
12.366667	0.5	16.597000
12.375000	0.5	16.533450
12.383333	0.5	16.490250
12.391667	0.5	16.446400
12.400000	0.5	16.397800
12.408333	0.5	16.359350
12.416667	0.5	16.323000
12.425000	0.5	16.297350
12.433333	0.5	16.282650
12.441667	0.5	16.279200
12.450000	0.5	16.286600
12.458333	0.5	16.322700
12.466667	0.5	16.363150
12.475000	0.5	16.455250
12.483333	0.5	16.582650
12.491667	0.5	16.750600
12.500000	0.5	16.977650
12.508333	0.5	17.281300
12.516667	0.5	17.679700
12.525000	0.5	18.192700
12.533333	0.5	18.838300
12.541667	0.5	19.646500
12.550000	0.5	20.648450
12.558333	0.5	21.859100
12.566667	0.5	23.281400
12.575000	0.5	24.969550
12.583333	0.5	26.885750
12.591667	0.5	29.010850
12.600000	0.5	31.327500
12.608333	0.5	33.769351
12.616667	0.5	36.286301
12.625000	0.5	38.804551
12.633333	0.5	41.271351
12.641667	0.5	43.637301
12.650000	0.5	45.879601
12.658333	0.5	47.937751
12.666667	0.5	49.852401
12.675000	0.5	51.584051
12.683333	0.5	53.147701
12.691667	0.5	54.541851
12.700000	0.5	55.791351
12.708333	0.5	56.903751
12.716667	0.5	57.886751
12.725000	0.5	58.759851
12.733333	0.5	59.531701
12.741667	0.5	60.223051
12.750000	0.5	60.832751
12.758333	0.5	61.375751
12.766667	0.5	61.860151
12.775000	0.5	62.284101
12.783333	0.5	62.647201
12.791667	0.5	62.969951
12.800000	0.5	63.242601
12.808333	0.5	63.478801
12.816667	0.5	63.679551
12.825000	0.5	63.838551
12.833333	0.5	63.973451
12.841667	0.5	64.072401
12.850000	0.5	64.135651
12.858333	0.5	64.182301
12.866667	0.5	64.193201
12.875000	0.5	64.169051
12.883333	0.5	64.115151
12.891667	0.5	64.039101
12.900000	0.5	63.936301
12.908333	0.5	63.811601
12.916667	0.5	63.656551
12.925000	0.5	63.479801
12.933333	0.5	63.288051
12.941667	0.5	63.065151
12.950000	0.5	62.825601
12.958333	0.5	62.569651
12.966667	0.5	62.284251
12.975000	0.5	61.965401
12.983333	0.5	61.626651
12.991667	0.5	61.266801
13.000000	0.5	60.889251
13.008333	0.5	60.488701
13.016667	0.5	60.069201
13.025000	0.5	59.636551
13.033333	0.5	59.189151
13.041667	0.5	58.710201
13.050000	0.5	58.234151
13.058333	0.5	57.740301
13.066667	0.5	57.225101
13.075000	0.5	56.681701
13.083333	0.5	56.126601
13.091667	0.5	55.558851
13.100000	0.5	54.978951
13.108333	0.5	54.391051
13.116667	0.5	53.782051
13.125000	0.5	53.173951
13.133333	0.5	52.549151
13.141667	0.5	51.910651
13.150000	0.5	51.288901
13.158333	0.5	50.657001
13.166667	0.5	49.995351
13.175000	0.5	49.328401
13.183333	0.5	48.653951
13.191667	0.5	47.977101
13.200000	0.5	47.291751
13.208333	0.5	46.603401
13.216667	0.5	45.907701
13.225000	0.5	45.230001
13.233333	0.5	44.522901
13.241667	0.5	43.845401
13.250000	0.5	43.174601
13.258333	0.5	42.490801
13.266667	0.5	41.791151
13.275000	0.5	41.092551
13.283333	0.5	40.395301
13.291667	0.5	39.700201
13.300000	0.5	39.005451
13.308333	0.5	38.311601
13.316667	0.5	37.634401
13.325000	0.5	36.958701
13.333333	0.5	36.278001
13.341667	0.5	35.632801
13.350000	0.5	34.987751
13.358333	0.5	34.329301
13.366667	0.5	33.675451
13.375000	0.5	33.028800
13.383333	0.5	32.385650
13.391667	0.5	31.754850
13.400000	0.5	31.129150
13.408333	0.5	30.507700
13.416667	0.5	29.913000
13.425000	0.5	29.302950
13.433333	0.5	28.733450
13.441667	0.5	28.181050
13.450000	0.5	27.626000
13.458333	0.5	27.069600
13.466667	0.5	26.525650
13.475000	0.5	25.994400
13.483333	0.5	25.471150
13.491667	0.5	24.958050
13.500000	0.5	24.458650
13.508333	0.5	23.983350
13.516667	0.5	23.520100
13.525000	0.5	23.060050
13.533333	0.5	22.640600
13.541667	0.5	22.228450
13.550000	0.5	21.809750
13.558333	0.5	21.411950
13.566667	0.5	21.019000
13.575000	0.5	20.644200
13.583333	0.5	20.280200
13.591667	0.5	19.931300
13.600000	0.5	19.601500
13.608333	0.5	19.284000
13.616667	0.5	18.968000
13.625000	0.5	18.690900
13.633333	0.5	18.422900
13.641667	0.5	18.163050
13.650000	0.5	17.906500
13.658333	0.5	17.666650
13.666667	0.5	17.440450
13.675000	0.5	17.225850
13.683333	0.5	17.018900
13.691667	0.5	16.825650
13.700000	0.5	16.652300
13.708333	0.5	16.489400
13.716667	0.5	16.333350
13.725000	0.5	16.205900
13.733333	0.5	16.089250
13.741667	0.5	15.968900
13.750000	0.5	15.866000
13.758333	0.5	15.769700
13.766667	0.5	15.686000
13.775000	0.5	15.612700
13.783333	0.5	15.549650
13.791667	0.5	15.504700
13.800000	0.5	15.469550
13.808333	0.5	15.433550
13.816667	0.5	15.431350
13.825000	0.5	15.443700
13.833333	0.5	15.460050
13.841667	0.5	15.478150
13.850000	0.5	15.516500
13.858333	0.5	15.567100
13.866667	0.5	15.626150
13.875000	0.5	15.698750
13.883333	0.5	15.775900
13.891667	0.5	15.881200
13.900000	0.5	15.990250
13.908333	0.5	16.108050
13.916667	0.5	16.262300
13.925000	0.5	16.421800
13.933333	0.5	16.579600
13.941667	0.5	16.756350
13.950000	0.5	16.941000
13.958333	0.5	17.134550
13.966667	0.5	17.336950
13.975000	0.5	17.549800
13.983333	0.5	17.770750
13.991667	0.5	18.008150
14.000000	0.5	18.229450
14.008333	0.5	18.494150
14.016667	0.5	18.755900
14.025000	0.5	19.018000
14.033333	0.5	19.272950
14.041667	0.5	19.539150
14.050000	0.5	19.804050
14.058333	0.5	20.063600
14.066667	0.5	20.328600
14.075000	0.5	20.577500
14.083333	0.5	20.835700
14.091667	0.5	21.082650
14.100000	0.5	21.316600
14.108333	0.5	21.570250
14.116667	0.5	21.809900
14.125000	0.5	22.024750
14.133333	0.5	22.231500
14.141667	0.5	22.421600
14.150000	0.5	22.599600
14.158333	0.5	22.757300
14.166667	0.5	22.899700
14.175000	0.5	23.023600
14.183333	0.5	23.144450
14.191667	0.5	23.220100
14.200000	0.5	23.315400
14.208333	0.5	23.393000
14.216667	0.5	23.443950
14.225000	0.5	23.462900
14.233333	0.5	23.472650
14.241667	0.5	23.459400
14.250000	0.5	23.427200
14.258333	0.5	23.372000
14.266667	0.5	23.301850
14.275000	0.5	23.224200
14.283333	0.5	23.132150
14.291667	0.5	23.017150
14.300000	0.5	22.917200
14.308333	0.5	22.804800
14.316667	0.5	22.657100
14.325000	0.5	22.507400
14.333333	0.5	22.346750
14.341667	0.5	22.174500
14.350000	0.5	21.996900
14.358333	0.5	21.813700
14.366667	0.5	21.626200
14.375000	0.5	21.449800
14.383333	0.5	21.245850
14.391667	0.5	21.075500
14.400000	0.5	20.909900
14.408333	0.5	20.734800
14.416667	0.5	20.552400
14.425000	0.5	20.371050
14.433333	0.5	20.200350
14.441667	0.5	20.031050
14.450000	0.5	19.864100
14.458333	0.5	19.701650
14.466667	0.5	19.558700
14.475000	0.5	19.417750
14.483333	0.5	19.283550
14.491667	0.5	19.181700
14.500000	0.5	19.080200
14.508333	0.5	18.970100
14.516667	0.5	18.874500
14.525000	0.5	18.786550
14.533333	0.5	18.706850
14.541667	0.5	18.634300
14.550000	0.5	18.565100
14.558333	0.5	18.510800
14.566667	0.5	18.466700
14.575000	0.5	18.412850
14.583333	0.5	18.397800
14.591667	0.5	18.390500
14.600000	0.5	18.383950
14.608333	0.5	18.371950
14.616667	0.5	18.369150
14.625000	0.5	18.370850
14.633333	0.5	18.379950
14.641667	0.5	18.391200
14.650000	0.5	18.399400
14.658333	0.5	18.429450
14.666667	0.5	18.455100
14.675000	0.5	18.484200
14.683333	0.5	18.542000
14.691667	0.5	18.597500
14.700000	0.5	18.640250
14.708333	0.5	18.691200
14.716667	0.5	18.742200
14.725000	0.5	18.793150
14.733333	0.5	18.844700
14.741667	0.5	18.892850
14.750000	0.5	18.953200
14.758333	0.5	19.014100
14.766667	0.5	19.059750
14.775000	0.5	19.138850
14.783333	0.5	19.218650
14.791667	0.5	19.292350
14.800000	0.5	19.354950
14.808333	0.5	19.420900
14.816667	0.5	19.487050
14.825000	0.5	19.551950
14.833333	0.5	19.612100
14.841667	0.5	19.668000
14.850000	0.5	19.736800
14.858333	0.5	19.796350
14.866667	0.5	19.848700
14.875000	0.5	19.931050
14.883333	0.5	20.008000
14.891667	0.5	20.065550
14.900000	0.5	20.127350
14.908333	0.5	20.182400
14.916667	0.5	20.234850
14.925000	0.5	20.284550
14.933333	0.5	20.326250
14.941667	0.5	20.371150
14.950000	0.5	20.425200
14.958333	0.5	20.457300
14.966667	0.5	20.518700
14.975000	0.5	20.579450
14.983333	0.5	20.633050
14.991667	0.5	20.669100
15.000000	0.5	20.712300
15.008333	0.5	20.754950
15.016667	0.5	20.791400
15.025000	0.5	20.820250
15.033333	0.5	20.843050
15.041667	0.5	20.879700
15.050000	0.5	20.909300
15.058333	0.5	20.930150
15.066667	0.5	20.980100
15.075000	0.5	21.023100
15.083333	0.5	21.049050
15.091667	0.5	21.076600
15.100000	0.5	21.098750
15.108333	0.5	21.114750
15.116667	0.5	21.134100
15.125000	0.5	21.146750
15.133333	0.5	21.155700
15.141667	0.5	21.178800
15.150000	0.5	21.172050
15.158333	0.5	21.200000
15.166667	0.5	21.224800
15.175000	0.5	21.240300
15.183333	0.5	21.242800
15.191667	0.5	21.244000
15.200000	0.5	21.242800
15.208333	0.5	21.236250
15.216667	0.5	21.222500
15.225000	0.5	21.201000
15.233333	0.5	21.186250
15.241667	0.5	21.168200
15.250000	0.5	21.136350
15.258333	0.5	21.131900
15.266667	0.5	21.119800
15.275000	0.5	21.081000
15.283333	0.5	21.044250
15.291667	0.5	20.999650
15.300000	0.5	20.953350
15.308333	0.5	20.903000
15.316667	0.5	20.849450
15.325000	0.5	20.795500
15.333333	0.5	20.750300
15.341667	0.5	20.680800
15.350000	0.5	20.647900
15.358333	0.5	20.619750
15.366667	0.5	20.584850
15.375000	0.5	20.536850
15.383333	0.5	20.498450
15.391667	0.5	20.461450
15.400000	0.5	20.427700
15.408333	0.5	20.392850
15.416667	0.5	20.358500
15.425000	0.5	20.337800
15.433333	0.5	20.322250
15.441667	0.5	20.303500
15.450000	0.5	20.320600
15.458333	0.5	20.334750
15.466667	0.5	20.332950
15.475000	0.5	20.341000
15.483333	0.5	20.347800
15.491667	0.5	20.361050
15.500000	0.5	20.369000
15.508333	0.5	20.375100
15.516667	0.5	20.393950
15.525000	0.5	20.416800
15.533333	0.5	20.421250
15.541667	0.5	20.460850
15.550000	0.5	20.500750
15.558333	0.5	20.532400
15.566667	0.5	20.547500
15.575000	0.5	20.567450
15.583333	0.5	20.584950
15.591667	0.5	20.597250
15.600000	0.5	20.604000
15.608333	0.5	20.599850
15.616667	0.5	20.612100
15.625000	0.5	20.611650
15.633333	0.5	20.601750
15.641667	0.5	20.621900
15.650000	0.5	20.636600
15.658333	0.5	20.626500
15.666667	0.5	20.619450
15.675000	0.5	20.607750
15.683333	0.5	20.592450
15.691667	0.5	20.571750
15.700000	0.5	20.541100
15.708333	0.5	20.524200
15.716667	0.5	20.516800
15.725000	0.5	20.480450
15.733333	0.5	20.490050
15.741667	0.5	20.499650
15.750000	0.5	20.498300
15.758333	0.5	20.486800
15.766667	0.5	20.481550
15.775000	0.5	20.478450
15.783333	0.5	20.473900
15.791667	0.5	20.474150
15.800000	0.5	20.461850
15.808333	0.5	20.472950
15.816667	0.5	20.480350
15.825000	0.5	20.480800
15.833333	0.5	20.520500
15.841667	0.5	20.557450
15.850000	0.5	20.571950
15.858333	0.5	20.599450
15.866667	0.5	20.623200
15.875000	0.5	20.646450
15.883333	0.5	20.666750
15.891667	0.5	20.680350
15.900000	0.5	20.703050
15.908333	0.5	20.746200
15.916667	0.5	20.755450
15.925000	0.5	20.812900
15.933333	0.5	20.869300
15.941667	0.5	20.915550
15.950000	0.5	20.949500
15.958333	0.5	20.987750
15.966667	0.5	21.027400
15.975000	0.5	21.060350
15.983333	0.5	21.091150
15.991667	0.5	21.115900
16.000000	0.5	21.158200
16.008333	0.5	21.195800
16.016667	0.5	21.223100
16.025000	0.5	21.285900
16.033333	0.5	21.348300
16.041667	0.5	21.385100
16.050000	0.5	21.434200
16.058333	0.5	21.480450
16.066667	0.5	21.529600
16.075000	0.5	21.578350
16.083333	0.5	21.635050
16.091667	0.5	21.696900
16.100000	0.5	21.783150
16.108333	0.5	21.849600
16.116667	0.5	21.979100
16.125000	0.5	22.125900
16.133333	0.5	22.282100
16.141667	0.5	22.445250
16.150000	0.5	22.634550
16.158333	0.5	22.851600
16.166667	0.5	23.090350
16.175000	0.5	23.346100
16.183333	0.5	23.623650
16.191667	0.5	23.939800
16.200000	0.5	24.272950
16.208333	0.5	24.611300
16.216667	0.5	25.012450
16.225000	0.5	25.412850
16.233333	0.5	25.780000
16.241667	0.5	26.161100
16.250000	0.5	26.514550
16.258333	0.5	26.844450
16.266667	0.5	27.144950
16.275000	0.5	27.412700
16.283333	0.5	27.644450
16.291667	0.5	27.852500
16.300000	0.5	27.972100
16.308333	0.5	28.108700
16.316667	0.5	28.214000
16.325000	0.5	28.266850
16.333333	0.5	28.252200
16.341667	0.5	28.209200
16.350000	0.5	28.132550
16.358333	0.5	28.018850
16.366667	0.5	27.881350
16.375000	0.5	27.714150
16.383333	0.5	27.562300
16.391667	0.5	27.386050
16.400000	0.5	27.192350
16.408333	0.5	27.050600
16.416667	0.5	26.902250
16.425000	0.5	26.709450
16.433333	0.5	26.533100
16.441667	0.5	26.351800
16.450000	0.5	26.167400
16.458333	0.5	25.984200
16.466667	0.5	25.794950
16.475000	0.5	25.627300
16.483333	0.5	25.468300
16.491667	0.5	25.281050
16.500000	0.5	25.150750
16.508333	0.5	25.022400
16.516667	0.5	24.889000
16.525000	0.5	24.730500
16.533333	0.5	24.586800
16.541667	0.5	24.438250
16.550000	0.5	24.290000
16.558333	0.5	24.146400
16.566667	0.5	23.996400
16.575000	0.5	23.874950
16.583333	0.5	23.749350
16.591667	0.5	23.628200
16.600000	0.5	23.555100
16.608333	0.5	23.483450
16.616667	0.5	23.400250
16.625000	0.5	23.335050
16.633333	0.5	23.268300
16.641667	0.5	23.212150
16.650000	0.5	23.161050
16.658333	0.5	23.112200
16.666667	0.5	23.084550
16.675000	0.5	23.076600
16.683333	0.5	23.044050
16.691667	0.5	23.060450
16.700000	0.5	23.084750
16.708333	0.5	23.099950
16.716667	0.5	23.104850
16.725000	0.5	23.117650
16.733333	0.5	23.129700
16.741667	0.5	23.137850
16.750000	0.5	23.143600
16.758333	0.5	23.140500
16.766667	0.5	23.155600
16.775000	0.5	23.158600
16.783333	0.5	23.155200
16.791667	0.5	23.182850
16.800000	0.5	23.209500
16.808333	0.5	23.208200
16.816667	0.5	23.212050
16.825000	0.5	23.201300
16.833333	0.5	23.192150
16.841667	0.5	23.167150
16.850000	0.5	23.133500
16.858333	0.5	23.104400
16.866667	0.5	23.090000
16.875000	0.5	23.035200
16.883333	0.5	23.024050
16.891667	0.5	23.014300
16.900000	0.5	22.988850
16.908333	0.5	22.946000
16.916667	0.5	22.911850
16.925000	0.5	22.877600
16.933333	0.5	22.846700
16.941667	0.5	22.830350
16.950000	0.5	22.821900
16.958333	0.5	22.853350
16.966667	0.5	22.924500
16.975000	0.5	23.035850
16.983333	0.5	23.269750
16.991667	0.5	23.603900
17.000000	0.5	24.064450
17.008333	0.5	24.724400
17.016667	0.5	25.586550
17.025000	0.5	26.587200
17.033333	0.5	27.420350
17.041667	0.5	27.547450
17.050000	0.5	26.860900
17.058333	0.5	26.039800
17.066667	0.5	25.534050
17.075000	0.5	25.324600
17.083333	0.5	25.226000
17.091667	0.5	25.159200
17.100000	0.5	25.103150
17.108333	0.5	25.063250
17.116667	0.5	25.034750
17.125000	0.5	25.018200
17.133333	0.5	25.010050
17.141667	0.5	25.008550
17.150000	0.5	25.021950
17.158333	0.5	25.042500
17.166667	0.5	25.057850
17.175000	0.5	25.094100
17.183333	0.5	25.133050
17.191667	0.5	25.152700
17.200000	0.5	25.187000
17.208333	0.5	25.218200
17.216667	0.5	25.247350
17.225000	0.5	25.284700
17.233333	0.5	25.320500
17.241667	0.5	25.363200
17.250000	0.5	25.411450
17.258333	0.5	25.448750
17.266667	0.5	25.519000
17.275000	0.5	25.595050
17.283333	0.5	25.672050
17.291667	0.5	25.745150
17.300000	0.5	25.830600
17.308333	0.5	25.924050
17.316667	0.5	26.026750
17.325000	0.5	26.139450
17.333333	0.5	26.253500
17.341667	0.5	26.388100
17.350000	0.5	26.526050
17.358333	0.5	26.670200
17.366667	0.5	26.844500
17.375000	0.5	27.024550
17.383333	0.5	27.196500
17.391667	0.5	27.384000
17.400000	0.5	27.570850
17.408333	0.5	27.765300
17.416667	0.5	27.955700
17.425000	0.5	28.143550
17.433333	0.5	28.340450
17.441667	0.5	28.539650
17.450000	0.5	28.714950
17.458333	0.5	28.921300
17.466667	0.5	29.122650
17.475000	0.5	29.306750
17.483333	0.5	29.477400
17.491667	0.5	29.636200
17.500000	0.5	29.784900
17.508333	0.5	29.918500
17.516667	0.5	30.038750
17.525000	0.5	30.142150
17.533333	0.5	30.243150
17.541667	0.5	30.326450
17.550000	0.5	30.387450
17.558333	0.5	30.466550
17.566667	0.5	30.528400
17.575000	0.5	30.559250
17.583333	0.5	30.583800
17.591667	0.5	30.592550
17.600000	0.5	30.588000
17.608333	0.5	30.574550
17.616667	0.5	30.542250
17.625000	0.5	30.512450
17.633333	0.5	30.485250
17.641667	0.5	30.428650
17.650000	0.5	30.401850
17.658333	0.5	30.373000
17.666667	0.5	30.332350
17.675000	0.5	30.274900
17.683333	0.5	30.221400
17.691667	0.5	30.162750
17.700000	0.5	30.105300
17.708333	0.5	30.043350
17.716667	0.5	29.980050
17.725000	0.5	29.925450
17.733333	0.5	29.868600
17.741667	0.5	29.804600
17.750000	0.5	29.771350
17.758333	0.5	29.732700
17.766667	0.5	29.676800
17.775000	0.5	29.631150
17.783333	0.5	29.579200
17.791667	0.5	29.529450
17.800000	0.5	29.475950
17.808333	0.5	29.420200
17.816667	0.5	29.375200
17.825000	0.5	29.338250
17.833333	0.5	29.281850
17.841667	0.5	29.255850
17.850000	0.5	29.231100
17.858333	0.5	29.199750
17.866667	0.5	29.158900
17.875000	0.5	29.123750
17.883333	0.5	29.087000
17.891667	0.5	29.051350
17.900000	0.5	29.013050
17.908333	0.5	28.975150
17.916667	0.5	28.947700
17.925000	0.5	28.919300
17.933333	0.5	28.892650
17.941667	0.5	28.885750
17.950000	0.5	28.876100
17.958333	0.5	28.851700
17.966667	0.5	28.835150
17.975000	0.5	28.816650
17.983333	0.5	28.799650
17.991667	0.5	28.783500
18.000000	0.5	28.767400
18.008333	0.5	28.755900
18.016667	0.5	28.753600
18.025000	0.5	28.732400
18.033333	0.5	28.739150
18.041667	0.5	28.753200
18.050000	0.5	28.757200
18.058333	0.5	28.751200
18.066667	0.5	28.754800
18.075000	0.5	28.756650
18.083333	0.5	28.758400
18.091667	0.5	28.758850
18.100000	0.5	28.759800
18.108333	0.5	28.765900
18.116667	0.5	28.774300
18.125000	0.5	28.777350
18.133333	0.5	28.805000
18.141667	0.5	28.829600
18.150000	0.5	28.834750
18.158333	0.5	28.850800
18.166667	0.5	28.865800
18.175000	0.5	28.876200
18.183333	0.5	28.886650
18.191667	0.5	28.896450
18.200000	0.5	28.913350
18.208333	0.5	28.931000
18.216667	0.5	28.932550
18.225000	0.5	28.966400
18.233333	0.5	28.993600
18.241667	0.5	29.017450
18.250000	0.5	29.031850
18.258333	0.5	29.050100
18.266667	0.5	29.064850
18.275000	0.5	29.082300
18.283333	0.5	29.098750
18.291667	0.5	29.106350
18.300000	0.5	29.126650
18.308333	0.5	29.140600
18.316667	0.5	29.152300
18.325000	0.5	29.181000
18.333333	0.5	29.209450
18.341667	0.5	29.227450
18.350000	0.5	29.246800
18.358333	0.5	29.261600
18.366667	0.5	29.272500
18.375000	0.5	29.282650
18.383333	0.5	29.284450
18.391667	0.5	29.298000
18.400000	0.5	29.318900
18.408333	0.5	29.314050
18.416667	0.5	29.340950
18.425000	0.5	29.370850
18.433333	0.5	29.389000
18.441667	0.5	29.397250
18.450000	0.5	29.409350
18.458333	0.5	29.418500
18.466667	0.5	29.430900
18.475000	0.5	29.435950
18.483333	0.5	29.435850
18.491667	0.5	29.449550
18.500000	0.5	29.457950
18.508333	0.5	29.461900
18.516667	0.5	29.487300
18.525000	0.5	29.508650
18.533333	0.5	29.514900
18.541667	0.5	29.528250
18.550000	0.5	29.537250
18.558333	0.5	29.545300
18.566667	0.5	29.549300
18.575000	0.5	29.554500
18.583333	0.5	29.557500
18.591667	0.5	29.572900
18.600000	0.5	29.562300
18.608333	0.5	29.586250
18.616667	0.5	29.609100
18.625000	0.5	29.624700
18.633333	0.5	29.628950
18.641667	0.5	29.639150
18.650000	0.5	29.645250
18.658333	0.5	29.650150
18.666667	0.5	29.655900
18.675000	0.5	29.655800
18.683333	0.5	29.665350
18.691667	0.5	29.673200
18.700000	0.5	29.673700
18.708333	0.5	29.701250
18.716667	0.5	29.716500
18.725000	0.5	29.717650
18.733333	0.5	29.729800
18.741667	0.5	29.735750
18.750000	0.5	29.741950
18.758333	0.5	29.741450
18.766667	0.5	29.744650
18.775000	0.5	29.749000
18.783333	0.5	29.758250
18.791667	0.5	29.743750
18.800000	0.5	29.766650
18.808333	0.5	29.782350
18.816667	0.5	29.795300
18.825000	0.5	29.797200
18.833333	0.5	29.798450
18.841667	0.5	29.802700
18.850000	0.5	29.801450
18.858333	0.5	29.797800
18.866667	0.5	29.791650
18.875000	0.5	29.793750
18.883333	0.5	29.796550
18.891667	0.5	29.793200
18.900000	0.5	29.810500
18.908333	0.5	29.824700
18.916667	0.5	29.820550
18.925000	0.5	29.824650
18.933333	0.5	29.827800
18.941667	0.5	29.824500
18.950000	0.5	29.819100
18.958333	0.5	29.812400
18.966667	0.5	29.813700
18.975000	0.5	29.814400
18.983333	0.5	29.796300
18.991667	0.5	29.813000
19.000000	0.5	29.825800
19.008333	0.5	29.830250
19.016667	0.5	29.829450
19.025000	0.5	29.828100
19.033333	0.5	29.826500
19.041667	0.5	29.823400
19.050000	0.5	29.818250
19.058333	0.5	29.807550
19.066667	0.5	29.812000
19.075000	0.5	29.810050
19.083333	0.5	29.804450
19.091667	0.5	29.820100
19.100000	0.5	29.836750
19.108333	0.5	29.830900
19.116667	0.5	29.836200
19.125000	0.5	29.835650
19.133333	0.5	29.832000
19.141667	0.5	29.824400
19.150000	0.5	29.815900
19.158333	0.5	29.814850
19.166667	0.5	29.818950
19.175000	0.5	29.800900
19.183333	0.5	29.816850
19.191667	0.5	29.833850
19.200000	0.5	29.842250
19.208333	0.5	29.838150
19.216667	0.5	29.841150
19.225000	0.5	29.838550
19.233333	0.5	29.839850
19.241667	0.5	29.841000
19.250000	0.5	29.833000
19.258333	0.5	29.839100
19.266667	0.5	29.838150
19.275000	0.5	29.836000
19.283333	0.5	29.856750
19.291667	0.5	29.875950
19.300000	0.5	29.874350
19.308333	0.5	29.882600
19.316667	0.5	29.885000
19.325000	0.5	29.889000
19.333333	0.5	29.892450
19.341667	0.5	29.890700
19.350000	0.5	29.897800
19.358333	0.5	29.906450
19.366667	0.5	29.894850
19.375000	0.5	29.922100
19.383333	0.5	29.945700
19.391667	0.5	29.961900
19.400000	0.5	29.963900
19.408333	0.5	29.970100
19.416667	0.5	29.978950
19.425000	0.5	29.986450
19.433333	0.5	29.993200
19.441667	0.5	29.995800
19.450000	0.5	30.005450
19.458333	0.5	30.011250
19.466667	0.5	30.011300
19.475000	0.5	30.037900
19.483333	0.5	30.058000
19.491667	0.5	30.060300
19.500000	0.5	30.072100
19.508333	0.5	30.081500
19.516667	0.5	30.084550
19.525000	0.5	30.087350
19.533333	0.5	30.089450
19.541667	0.5	30.093950
19.550000	0.5	30.105600
19.558333	0.5	30.088400
19.566667	0.5	30.114450
19.575000	0.5	30.130650
19.583333	0.5	30.142650
19.591667	0.5	30.144600
19.600000	0.5	30.144600
19.608333	0.5	30.147800
19.616667	0.5	30.147350
19.625000	0.5	30.145950
19.633333	0.5	30.141350
19.641667	0.5	30.141150
19.650000	0.5	30.140650
19.658333	0.5	30.134250
19.666667	0.5	30.151200
19.675000	0.5	30.164650
19.683333	0.5	30.157600
19.691667	0.5	30.161900
19.700000	0.5	30.158350
19.708333	0.5	30.155500
19.716667	0.5	30.153850
19.725000	0.5	30.146550
19.733333	0.5	30.143750
19.741667	0.5	30.151350
19.750000	0.5	30.127300
19.758333	0.5	30.144850
19.766667	0.5	30.159350
19.775000	0.5	30.167650
19.783333	0.5	30.168550
19.791667	0.5	30.165500
19.800000	0.5	30.165600
19.808333	0.5	30.163550
19.816667	0.5	30.158350
19.825000	0.5	30.151150
19.833333	0.5	30.154750
19.841667	0.5	30.157200
19.850000	0.5	30.147950
19.858333	0.5	30.168650
19.866667	0.5	30.183500
19.875000	0.5	30.181250
19.883333	0.5	30.187900
19.891667	0.5	30.186300
19.900000	0.5	30.187750
19.908333	0.5	30.185950
19.916667	0.5	30.178900
19.925000	0.5	30.185800
19.933333	0.5	30.192600
19.941667	0.5	30.175500
19.950000	0.5	30.197650
19.958333	0.5	30.215650
19.966667	0.5	30.226600
19.975000	0.5	30.227550
19.983333	0.5	30.229000
19.991667	0.5	30.233500
20.000000	0.5	30.238050
20.008333	0.5	30.234900
20.016667	0.5	30.228800
20.025000	0.5	30.235900
20.033333	0.5	30.236900
20.041667	0.5	30.234200
20.050000	0.5	30.258050
20.058333	0.5	30.276450
20.066667	0.5	30.278850
20.075000	0.5	30.286850
20.083333	0.5	30.292650
20.091667	0.5	30.297350
20.100000	0.5	30.295950
20.108333	0.5	30.301300
20.116667	0.5	30.304800
20.125000	0.5	30.314950
20.133333	0.5	30.300450
20.141667	0.5	30.325250
20.150000	0.5	30.346150
20.158333	0.5	30.360750
20.166667	0.5	30.364400
20.175000	0.5	30.372150
20.183333	0.5	30.377750
20.191667	0.5	30.385850
20.200000	0.5	30.388600
20.208333	0.5	30.384100
20.216667	0.5	30.395100
20.225000	0.5	30.399250
20.233333	0.5	30.401550
20.241667	0.5	30.425000
20.250000	0.5	30.445400
20.258333	0.5	30.450750
20.266667	0.5	30.463150
20.275000	0.5	30.467150
20.283333	0.5	30.469850
20.291667	0.5	30.474700
20.300000	0.5	30.480150
20.308333	0.5	30.482200
20.316667	0.5	30.495700
20.325000	0.5	30.483200
20.333333	0.5	30.507100
20.341667	0.5	30.531450
20.350000	0.5	30.546350
20.358333	0.5	30.554650
20.366667	0.5	30.565600
20.375000	0.5	30.576650
20.383333	0.5	30.582850
20.391667	0.5	30.596700
20.400000	0.5	30.602700
20.408333	0.5	30.620550
20.416667	0.5	30.635050
20.425000	0.5	30.647000
20.433333	0.5	30.681700
20.441667	0.5	30.713300
20.450000	0.5	30.729950
20.458333	0.5	30.757500
20.466667	0.5	30.786000
20.475000	0.5	30.811850
20.483333	0.5	30.841950
20.491667	0.5	30.873400
20.500000	0.5	30.912500
20.508333	0.5	30.964850
20.516667	0.5	30.992900
20.525000	0.5	31.064850
20.533333	0.5	31.136400
20.541667	0.5	31.201900
20.550000	0.5	31.271500
20.558333	0.5	31.343550
20.566667	0.5	31.421100
20.575000	0.5	31.506750
20.583333	0.5	31.593800
20.591667	0.5	31.687900
20.600000	0.5	31.791950
20.608333	0.5	31.900500
20.616667	0.5	32.014600
20.625000	0.5	32.147400
20.633333	0.5	32.276750
20.641667	0.5	32.397950
20.650000	0.5	32.532350
20.658333	0.5	32.660250
20.666667	0.5	32.790800
20.675000	0.5	32.909350
20.683333	0.5	33.030300
20.691667	0.5	33.142350
20.700000	0.5	33.246800
20.708333	0.5	33.318250
20.716667	0.5	33.414150
20.725000	0.5	33.493300
20.733333	0.5	33.544450
20.741667	0.5	33.569201
20.750000	0.5	33.574501
20.758333	0.5	33.559551
20.766667	0.5	33.521000
20.775000	0.5	33.463600
20.783333	0.5	33.378300
20.791667	0.5	33.280950
20.800000	0.5	33.174900
20.808333	0.5	33.047350
20.816667	0.5	32.950350
20.825000	0.5	32.835250
20.833333	0.5	32.694450
20.841667	0.5	32.554150
20.850000	0.5	32.410400
20.858333	0.5	32.263250
20.866667	0.5	32.113100
20.875000	0.5	31.965050
20.883333	0.5	31.829650
20.891667	0.5	31.702100
20.900000	0.5	31.547800
20.908333	0.5	31.452700
20.916667	0.5	31.364500
20.925000	0.5	31.269850
20.933333	0.5	31.166100
20.941667	0.5	31.064350
20.950000	0.5	30.969000
20.958333	0.5	30.882900
20.966667	0.5	30.794250
20.975000	0.5	30.700800
20.983333	0.5	30.633500
20.991667	0.5	30.560500
21.000000	0.5	30.480050
21.008333	0.5	30.446850
21.016667	0.5	30.416450
21.025000	0.5	30.365350
21.033333	0.5	30.318300
21.041667	0.5	30.269550
21.050000	0.5	30.224150
21.058333	0.5	30.174850
21.066667	0.5	30.125350
21.075000	0.5	30.091150
21.083333	0.5	30.056950
21.091667	0.5	29.996050
21.100000	0.5	29.983800
21.108333	0.5	29.979750
21.116667	0.5	29.965300
21.125000	0.5	29.933200
21.133333	0.5	29.902050
21.141667	0.5	29.870400
21.150000	0.5	29.836000
21.158333	0.5	29.794250
21.166667	0.5	29.744500
21.175000	0.5	29.711850
21.183333	0.5	29.671800
21.191667	0.5	29.615500
21.200000	0.5	29.602750
21.208333	0.5	29.582100
21.216667	0.5	29.526600
21.225000	0.5	29.478000
21.233333	0.5	29.418800
21.241667	0.5	29.360650
21.250000	0.5	29.290450
21.258333	0.5	29.219050
21.266667	0.5	29.141850
21.275000	0.5	29.085450
21.283333	0.5	28.984500
21.291667	0.5	28.937350
21.300000	0.5	28.895550
21.308333	0.5	28.838250
21.316667	0.5	28.766200
21.325000	0.5	28.699250
21.333333	0.5	28.625550
21.341667	0.5	28.557000
21.350000	0.5	28.480750
21.358333	0.5	28.408750
21.366667	0.5	28.345350
21.375000	0.5	28.290000
21.383333	0.5	28.217800
21.391667	0.5	28.191600
21.400000	0.5	28.163000
21.408333	0.5	28.112300
21.416667	0.5	28.070750
21.425000	0.5	28.026150
21.433333	0.5	27.984900
21.441667	0.5	27.938750
21.450000	0.5	27.896000
21.458333	0.5	27.862150
21.466667	0.5	27.832200
21.475000	0.5	27.778450
21.483333	0.5	27.771500
21.491667	0.5	27.769000
21.500000	0.5	27.761900
21.508333	0.5	27.738450
21.516667	0.5	27.718150
21.525000	0.5	27.694200
21.533333	0.5	27.668150
21.541667	0.5	27.645950
21.550000	0.5	27.615800
21.558333	0.5	27.595000
21.566667	0.5	27.582600
21.575000	0.5	27.551600
21.583333	0.5	27.570150
21.591667	0.5	27.579000
21.600000	0.5	27.561800
21.608333	0.5	27.551250
21.616667	0.5	27.536600
21.625000	0.5	27.528200
21.633333	0.5	27.512800
21.641667	0.5	27.496200
21.650000	0.5	27.489550
21.658333	0.5	27.484650
21.666667	0.5	27.445650
21.675000	0.5	27.439900
21.683333	0.5	27.418050
21.691667	0.5	27.355800
21.700000	0.5	27.231950
21.708333	0.5	27.069200
21.716667	0.5	26.869800
21.725000	0.5	26.649500
21.733333	0.5	26.428300
21.741667	0.5	26.219550
21.750000	0.5	26.069000
21.758333	0.5	25.962950
21.766667	0.5	25.901350
21.775000	0.5	25.929700
21.783333	0.5	25.994150
21.791667	0.5	26.070300
21.800000	0.5	26.173400
21.808333	0.5	26.279950
21.816667	0.5	26.386050
21.825000	0.5	26.478900
21.833333	0.5	26.554150
21.841667	0.5	26.608150
21.850000	0.5	26.649550
21.858333	0.5	26.629000
21.866667	0.5	26.623750
21.875000	0.5	26.591900
21.883333	0.5	26.520400
21.891667	0.5	26.403250
21.900000	0.5	26.261450
21.908333	0.5	26.100300
21.916667	0.5	25.913000
21.925000	0.5	25.718750
21.933333	0.5	25.498850
21.941667	0.5	25.281550
21.950000	0.5	25.054400
21.958333	0.5	24.824000
21.966667	0.5	24.634650
21.975000	0.5	24.444950
21.983333	0.5	24.242850
21.991667	0.5	24.056000
22.000000	0.5	23.876400
22.008333	0.5	23.704850
22.016667	0.5	23.546300
22.025000	0.5	23.402600
22.033333	0.5	23.272600
22.041667	0.5	23.170350
22.050000	0.5	23.043950
22.058333	0.5	22.979550
22.066667	0.5	22.929400
22.075000	0.5	22.878100
22.083333	0.5	22.825300
22.091667	0.5	22.784050
22.100000	0.5	22.747700
22.108333	0.5	22.722400
22.116667	0.5	22.707050
22.125000	0.5	22.687000
22.133333	0.5	22.676150
22.141667	0.5	22.670850
22.150000	0.5	22.661900
22.158333	0.5	22.686750
22.166667	0.5	22.713550
22.175000	0.5	22.718450
22.183333	0.5	22.735200
22.191667	0.5	22.749700
22.200000	0.5	22.767000
22.208333	0.5	22.776750
22.216667	0.5	22.786500
22.225000	0.5	22.799350
22.233333	0.5	22.829750
22.241667	0.5	22.822800
22.250000	0.5	22.870350
22.258333	0.5	22.915400
22.266667	0.5	22.946800
22.275000	0.5	22.967600
22.283333	0.5	22.988300
22.291667	0.5	23.013950
22.300000	0.5	23.031350
22.308333	0.5	23.053550
22.316667	0.5	23.065600
22.325000	0.5	23.086750
22.333333	0.5	23.108600
22.341667	0.5	23.122400
22.350000	0.5	23.173050
22.358333	0.5	23.220500
22.366667	0.5	23.242850
22.375000	0.5	23.275450
22.383333	0.5	23.304100
22.391667	0.5	23.324950
22.400000	0.5	23.346350
22.408333	0.5	23.366500
22.416667	0.5	23.397100
22.425000	0.5	23.426700
22.433333	0.5	23.432300
22.441667	0.5	23.480950
22.450000	0.5	23.533850
22.458333	0.5	23.575900
22.466667	0.5	23.605250
22.475000	0.5	23.635850
22.483333	0.5	23.666100
22.491667	0.5	23.698100
22.500000	0.5	23.725750
22.508333	0.5	23.745900
22.516667	0.5	23.778950
22.525000	0.5	23.813250
22.533333	0.5	23.835850
22.541667	0.5	23.893600
22.550000	0.5	23.950550
22.558333	0.5	23.979900
22.566667	0.5	24.019700
22.575000	0.5	24.053850
22.583333	0.5	24.087950
22.591667	0.5	24.118750
22.600000	0.5	24.142350
22.608333	0.5	24.176950
22.616667	0.5	24.219300
22.625000	0.5	24.228250
22.633333	0.5	24.277850
22.641667	0.5	24.334200
22.650000	0.5	24.382950
22.658333	0.5	24.418800
22.666667	0.5	24.452350
22.675000	0.5	24.480300
22.683333	0.5	24.511550
22.691667	0.5	24.536900
22.700000	0.5	24.561000
22.708333	0.5	24.592750
22.716667	0.5	24.621900
22.725000	0.5	24.635900
22.733333	0.5	24.694000
22.741667	0.5	24.740450
22.750000	0.5	24.767400
22.758333	0.5	24.799800
22.766667	0.5	24.825900
22.775000	0.5	24.848500
22.783333	0.5	24.868600
22.791667	0.5	24.886200
22.800000	0.5	24.899300
22.808333	0.5	24.929700
22.816667	0.5	24.920200
22.825000	0.5	24.965450
22.833333	0.5	25.008750
22.841667	0.5	25.039900
22.850000	0.5	25.061050
22.858333	0.5	25.080350
22.866667	0.5	25.097000
22.875000	0.5	25.113900
22.883333	0.5	25.120850
22.891667	0.5	25.130600
22.900000	0.5	25.149600
22.908333	0.5	25.167250
22.916667	0.5	25.176950
22.925000	0.5	25.226500
22.933333	0.5	25.266550
22.941667	0.5	25.285300
22.950000	0.5	25.317200
22.958333	0.5	25.338950
22.966667	0.5	25.361000
22.975000	0.5	25.381950
22.983333	0.5	25.399950
22.991667	0.5	25.427800
23.000000	0.5	25.464300
23.008333	0.5	25.467800
23.016667	0.5	25.529000
23.025000	0.5	25.589700
23.033333	0.5	25.642700
23.041667	0.5	25.685550
23.050000	0.5	25.730800
23.058333	0.5	25.780600
23.066667	0.5	25.833500
23.075000	0.5	25.882800
23.083333	0.5	25.930400
23.091667	0.5	25.988450
23.100000	0.5	26.059000
23.108333	0.5	26.114150
23.116667	0.5	26.221200
23.125000	0.5	26.326800
23.133333	0.5	26.408650
23.141667	0.5	26.501800
23.150000	0.5	26.599300
23.158333	0.5	26.695200
23.166667	0.5	26.794050
23.175000	0.5	26.895000
23.183333	0.5	27.003600
23.191667	0.5	27.129900
23.200000	0.5	27.219050
23.208333	0.5	27.367950
23.216667	0.5	27.523850
23.225000	0.5	27.674500
23.233333	0.5	27.808200
23.241667	0.5	27.951250
23.250000	0.5	28.099200
23.258333	0.5	28.243650
23.266667	0.5	28.387800
23.275000	0.5	28.523700
23.283333	0.5	28.676550
23.291667	0.5	28.833550
23.300000	0.5	28.975300
23.308333	0.5	29.162650
23.316667	0.5	29.349200
23.325000	0.5	29.507600
23.333333	0.5	29.680650
23.341667	0.5	29.849650
23.350000	0.5	30.011200
23.358333	0.5	30.171600
23.366667	0.5	30.331550
23.375000	0.5	30.498350
23.383333	0.5	30.674650
23.391667	0.5	30.819000
23.400000	0.5	31.023650
23.408333	0.5	31.231550
23.416667	0.5	31.438650
23.425000	0.5	31.630200
23.433333	0.5	31.834200
23.441667	0.5	32.044400
23.450000	0.5	32.253650
23.458333	0.5	32.490250
23.466667	0.5	32.716200
23.475000	0.5	32.972650
23.483333	0.5	33.234850
23.491667	0.5	33.505500
23.500000	0.5	33.846901
23.508333	0.5	34.202101
23.516667	0.5	34.562601
23.525000	0.5	34.957751
23.533333	0.5	35.380051
23.541667	0.5	35.837301
23.550000	0.5	36.337351
23.558333	0.5	36.877151
23.566667	0.5	37.480951
23.575000	0.5	38.167201
23.583333	0.5	38.878151
23.591667	0.5	39.734251
23.600000	0.5	40.694351
23.608333	0.5	41.762851
23.616667	0.5	42.938151
23.625000	0.5	44.261101
23.633333	0.5	45.695301
23.641667	0.5	47.036751
23.650000	0.5	47.445851
23.658333	0.5	45.428651
23.666667	0.5	42.182051
23.675000	0.5	39.384351
23.683333	0.5	36.752451
23.691667	0.5	34.145101
23.700000	0.5	31.591100
23.708333	0.5	29.427550
23.716667	0.5	27.857950
23.725000	0.5	26.912500
23.733333	0.5	26.472750
23.741667	0.5	26.344450
23.750000	0.5	26.389200
23.758333	0.5	26.515800
23.766667	0.5	26.683950
23.775000	0.5	26.823850
23.783333	0.5	26.983650
23.791667	0.5	27.109150
23.800000	0.5	27.196400
23.808333	0.5	27.239950
23.816667	0.5	27.265450
23.825000	0.5	27.262150
23.833333	0.5	27.242100
23.841667	0.5	27.199550
23.850000	0.5	27.123750
23.858333	0.5	27.009600
23.866667	0.5	26.850100
23.875000	0.5	26.642800
23.883333	0.5	26.413950
23.891667	0.5	26.149950
23.900000	0.5	25.846550
23.908333	0.5	25.553450
23.916667	0.5	25.265000
23.925000	0.5	24.989450
23.933333	0.5	24.731800
23.941667	0.5	24.497150
23.950000	0.5	24.294250
23.958333	0.5	24.109100
23.966667	0.5	23.923450
23.975000	0.5	23.787850
23.983333	0.5	23.671300
23.991667	0.5	23.551800
24.000000	0.5	23.440500
24.008333	0.5	23.336550
24.016667	0.5	23.237350
24.025000	0.5	23.146250
24.033333	0.5	23.074400
24.041667	0.5	22.993250
24.050000	0.5	22.922850
24.058333	0.5	22.856550
24.066667	0.5	22.791650
24.075000	0.5	22.751850
24.083333	0.5	22.709550
24.091667	0.5	22.649200
24.100000	0.5	22.596650
24.108333	0.5	22.535250
24.116667	0.5	22.534600
24.125000	0.5	22.409800
24.133333	0.5	22.345600
24.141667	0.5	22.282600
24.150000	0.5	22.225650
24.158333	0.5	22.146200
24.166667	0.5	22.107500
24.175000	0.5	22.067900
24.183333	0.5	22.018150
24.191667	0.5	21.964450
24.200000	0.5	21.910900
24.208333	0.5	21.858200
24.216667	0.5	21.809700
24.225000	0.5	21.766950
24.233333	0.5	21.717850
24.241667	0.5	21.679550
24.250000	0.5	21.646200
24.258333	0.5	21.613700
24.266667	0.5	21.612750
24.275000	0.5	21.610900
24.283333	0.5	21.599950
24.291667	0.5	21.602350
24.300000	0.5	21.606700
24.308333	0.5	21.613550
24.316667	0.5	21.624050
24.325000	0.5	21.639150
24.333333	0.5	21.659200
24.341667	0.5	21.691050
24.350000	0.5	21.697500
24.358333	0.5	21.745750
24.366667	0.5	21.793750
24.375000	0.5	21.838000
24.383333	0.5	21.885750
24.391667	0.5	21.939100
24.400000	0.5	22.003900
24.408333	0.5	22.089300
24.416667	0.5	22.208250
24.425000	0.5	22.354700
24.433333	0.5	22.567350
24.441667	0.5	22.837850
24.450000	0.5	23.192850
24.458333	0.5	23.682800
24.466667	0.5	24.294250
24.475000	0.5	25.046800
24.483333	0.5	25.983500
24.491667	0.5	27.110400
24.500000	0.5	28.444350
24.508333	0.5	29.996150
24.516667	0.5	31.771200
24.525000	0.5	33.763401
24.533333	0.5	35.972201
24.541667	0.5	38.317351
24.550000	0.5	40.877101
24.558333	0.5	43.539651
24.566667	0.5	46.289001
24.575000	0.5	49.047601
24.583333	0.5	51.787651
24.591667	0.5	54.446101
24.600000	0.5	56.965301
24.608333	0.5	59.334951
24.616667	0.5	61.487701
24.625000	0.5	63.421351
24.633333	0.5	65.091851
24.641667	0.5	66.485351
24.650000	0.5	67.635851
24.658333	0.5	68.477751
24.666667	0.5	68.979951
24.675000	0.5	69.178601
24.683333	0.5	69.050251
24.691667	0.5	68.595551
24.700000	0.5	67.831051
24.708333	0.5	66.760401
24.716667	0.5	65.407851
24.725000	0.5	63.802451
24.733333	0.5	61.903351
24.741667	0.5	59.843651
24.750000	0.5	57.600701
24.758333	0.5	55.156801
24.766667	0.5	52.584151
24.775000	0.5	49.932151
24.783333	0.5	47.262451
24.791667	0.5	44.612401
24.800000	0.5	42.037151
24.808333	0.5	39.557301
24.816667	0.5	37.208451
24.825000	0.5	35.021751
24.833333	0.5	33.015450
24.841667	0.5	31.219450
24.850000	0.5	29.611950
24.858333	0.5	28.153100
24.866667	0.5	26.890150
24.875000	0.5	25.801850
24.883333	0.5	24.873850
24.891667	0.5	24.095200
24.900000	0.5	23.453150
24.908333	0.5	22.918100
24.916667	0.5	22.495150
24.925000	0.5	22.136050
24.933333	0.5	21.883250
24.941667	0.5	21.688100
24.950000	0.5	21.540750
24.958333	0.5	21.423250
24.966667	0.5	21.337300
24.975000	0.5	21.276100
24.983333	0.5	21.235100
24.991667	0.5	21.211650
25.000000	0.5	21.191400
25.008333	0.5	21.178800
25.016667	0.5	21.165350
25.025000	0.5	21.151250
25.033333	0.5	21.158150
25.041667	0.5	21.158150
25.050000	0.5	21.133450
25.058333	0.5	21.108900
25.066667	0.5	21.079100
25.075000	0.5	21.042100
25.083333	0.5	20.994700
25.091667	0.5	20.938000
25.100000	0.5	20.884750
25.108333	0.5	20.830900
25.116667	0.5	20.750850
25.125000	0.5	20.706350
25.133333	0.5	20.659700
25.141667	0.5	20.602250
25.150000	0.5	20.540800
25.158333	0.5	20.480450
25.166667	0.5	20.422850
25.175000	0.5	20.366450
25.183333	0.5	20.319700
25.191667	0.5	20.269900
25.200000	0.5	20.222800
25.208333	0.5	20.186250
25.216667	0.5	20.148700
25.225000	0.5	20.136400
25.233333	0.5	20.123150
25.241667	0.5	20.100550
25.250000	0.5	20.085900
25.258333	0.5	20.070300
25.266667	0.5	20.063800
25.275000	0.5	20.054650
25.283333	0.5	20.044100
25.291667	0.5	20.039950
25.300000	0.5	20.050800
25.308333	0.5	20.037100
25.316667	0.5	20.061650
25.325000	0.5	20.089850
25.333333	0.5	20.113800
25.341667	0.5	20.140200
25.350000	0.5	20.174750
25.358333	0.5	20.215150
25.366667	0.5	20.271150
25.375000	0.5	20.340050
25.383333	0.5	20.424950
25.391667	0.5	20.531900
25.400000	0.5	20.662700
25.408333	0.5	20.817950
25.416667	0.5	21.034150
25.425000	0.5	21.286500
25.433333	0.5	21.572700
25.441667	0.5	21.926100
25.450000	0.5	22.345150
25.458333	0.5	22.839700
25.466667	0.5	23.413100
25.475000	0.5	24.085050
25.483333	0.5	24.871550
25.491667	0.5	25.787150
25.500000	0.5	26.808500
25.508333	0.5	28.019450
25.516667	0.5	29.383650
25.525000	0.5	30.922000
25.533333	0.5	32.632050
25.541667	0.5	34.527301
25.550000	0.5	36.595501
25.558333	0.5	38.832001
25.566667	0.5	41.227351
25.575000	0.5	43.756801
25.583333	0.5	46.410401
25.591667	0.5	49.150551
25.600000	0.5	51.940201
25.608333	0.5	54.810951
25.616667	0.5	57.668751
25.625000	0.5	60.455551
25.633333	0.5	63.193901
25.641667	0.5	65.815851
25.650000	0.5	68.309351
25.658333	0.5	70.650451
25.666667	0.5	72.839301
25.675000	0.5	74.873851
25.683333	0.5	76.766001
25.691667	0.5	78.461901
25.700000	0.5	80.084001
25.708333	0.5	81.546601
25.716667	0.5	82.875001
25.725000	0.5	84.077301
25.733333	0.5	85.158201
25.741667	0.5	86.131701
25.750000	0.5	86.997351
25.758333	0.5	87.766601
25.766667	0.5	88.453551
25.775000	0.5	89.060401
25.783333	0.5	89.584201
25.791667	0.5	90.045451
25.800000	0.5	90.458901
25.808333	0.5	90.798301
25.816667	0.5	91.046951
25.825000	0.5	91.249001
25.833333	0.5	91.376751
25.841667	0.5	91.443851
25.850000	0.5	91.450201
25.858333	0.5	91.383051
25.866667	0.5	91.260351
25.875000	0.5	91.083001
25.883333	0.5	90.797651
25.891667	0.5	90.502201
25.900000	0.5	90.131151
25.908333	0.5	89.659201
25.916667	0.5	89.099501
25.925000	0.5	88.442101
25.933333	0.5	87.693951
25.941667	0.5	86.849551
25.950000	0.5	85.919451
25.958333	0.5	84.869151
25.966667	0.5	83.724601
25.975000	0.5	82.472901
25.983333	0.5	81.132051
25.991667	0.5	79.754051
26.000000	0.5	78.281051
26.008333	0.5	76.683101
26.016667	0.5	75.018601
26.025000	0.5	73.296801
26.033333	0.5	71.519551
26.041667	0.5	69.701701
26.050000	0.5	67.845851
26.058333	0.5	65.961351
26.066667	0.5	64.083001
26.075000	0.5	62.124651
26.083333	0.5	60.227601
26.091667	0.5	58.333701
26.100000	0.5	56.385251
26.108333	0.5	54.416451
26.116667	0.5	52.446001
26.125000	0.5	50.494751
26.133333	0.5	48.563501
26.141667	0.5	46.682201
26.150000	0.5	44.831901
26.158333	0.5	43.038851
26.166667	0.5	41.312001
26.175000	0.5	39.662451
26.183333	0.5	38.123101
26.191667	0.5	36.670101
26.200000	0.5	35.271651
26.208333	0.5	33.965951
26.216667	0.5	32.757300
26.225000	0.5	31.647100
26.233333	0.5	30.626300
26.241667	0.5	29.696550
26.250000	0.5	28.861100
26.258333	0.5	28.120450
26.266667	0.5	27.429550
26.275000	0.5	26.846900
26.283333	0.5	26.337000
26.291667	0.5	25.864250
26.300000	0.5	25.436650
26.308333	0.5	25.059500
26.316667	0.5	24.723450
26.325000	0.5	24.429850
26.333333	0.5	24.167000
26.341667	0.5	23.933100
26.350000	0.5	23.718000
26.358333	0.5	23.530500
26.366667	0.5	23.356900
26.375000	0.5	23.224800
26.383333	0.5	23.105150
26.391667	0.5	22.973400
26.400000	0.5	22.861650
26.408333	0.5	22.757450
26.416667	0.5	22.658250
26.425000	0.5	22.564300
26.433333	0.5	22.477650
26.441667	0.5	22.395200
26.450000	0.5	22.331500
26.458333	0.5	22.241650
26.466667	0.5	22.195150
26.475000	0.5	22.150600
26.483333	0.5	22.102900
26.491667	0.5	22.051150
26.500000	0.5	22.002050
26.508333	0.5	21.953800
26.516667	0.5	21.911700
26.525000	0.5	21.870800
26.533333	0.5	21.835000
26.541667	0.5	21.800050
26.550000	0.5	21.765050
26.558333	0.5	21.738000
26.566667	0.5	21.728550
26.575000	0.5	21.724400
26.583333	0.5	21.701000
26.591667	0.5	21.690850
26.600000	0.5	21.679650
26.608333	0.5	21.673000
26.616667	0.5	21.670200
26.625000	0.5	21.669350
26.633333	0.5	21.674100
26.641667	0.5	21.692300
26.650000	0.5	21.696350
26.658333	0.5	21.745700
26.666667	0.5	21.800300
26.675000	0.5	21.865550
26.683333	0.5	21.932600
26.691667	0.5	22.017750
26.700000	0.5	22.123900
26.708333	0.5	22.258050
26.716667	0.5	22.428900
26.725000	0.5	22.631400
26.733333	0.5	22.881100
26.741667	0.5	23.182000
26.750000	0.5	23.546050
26.758333	0.5	24.007550
26.766667	0.5	24.558650
26.775000	0.5	25.182050
26.783333	0.5	25.932250
26.791667	0.5	26.796650
26.800000	0.5	27.793100
26.808333	0.5	28.926350
26.816667	0.5	30.214800
26.825000	0.5	31.648450
26.833333	0.5	33.239850
26.841667	0.5	34.939001
26.850000	0.5	36.821951
26.858333	0.5	38.800551
26.866667	0.5	40.865901
26.875000	0.5	42.936801
26.883333	0.5	44.960851
26.891667	0.5	46.863151
26.900000	0.5	48.560501
26.908333	0.5	50.019951
26.916667	0.5	51.177051
26.925000	0.5	52.041751
26.933333	0.5	52.611251
26.941667	0.5	52.958801
26.950000	0.5	53.096651
26.958333	0.5	53.101051
26.966667	0.5	52.999651
26.975000	0.5	52.871151
26.983333	0.5	52.747101
26.991667	0.5	52.650451
27.000000	0.5	52.597151
27.008333	0.5	52.586751
27.016667	0.5	52.627301
27.025000	0.5	52.722151
27.033333	0.5	52.826851
27.041667	0.5	52.994901
27.050000	0.5	53.163851
27.058333	0.5	53.349501
27.066667	0.5	53.543751
27.075000	0.5	53.740801
27.083333	0.5	53.933001
27.091667	0.5	54.119701
27.100000	0.5	54.300151
27.108333	0.5	54.458101
27.116667	0.5	54.603801
27.125000	0.5	54.717701
27.133333	0.5	54.821551
27.141667	0.5	54.891601
27.150000	0.5	54.930451
27.158333	0.5	54.912201
27.166667	0.5	54.862851
27.175000	0.5	54.760651
27.183333	0.5	54.598701
27.191667	0.5	54.368651
27.200000	0.5	54.063351
27.208333	0.5	53.674601
27.216667	0.5	53.192351
27.225000	0.5	52.590401
27.233333	0.5	51.896751
27.241667	0.5	51.079051
27.250000	0.5	50.135551
27.258333	0.5	49.099401
27.266667	0.5	47.969501
27.275000	0.5	46.775301
27.283333	0.5	45.545051
27.291667	0.5	44.293251
27.300000	0.5	43.037501
27.308333	0.5	41.792551
27.316667	0.5	40.571151
27.325000	0.5	39.392351
27.333333	0.5	38.259151
27.341667	0.5	37.174151
27.350000	0.5	36.133201
27.358333	0.5	35.156401
27.366667	0.5	34.245401
27.375000	0.5	33.400550
27.383333	0.5	32.630150
27.391667	0.5	31.932000
27.400000	0.5	31.301750
27.408333	0.5	30.749900
27.416667	0.5	30.244650
27.425000	0.5	29.830900
27.433333	0.5	29.456450
27.441667	0.5	29.139600
27.450000	0.5	28.864800
27.458333	0.5	28.637250
27.466667	0.5	28.452700
27.475000	0.5	28.303050
27.483333	0.5	28.190700
27.491667	0.5	28.101250
27.500000	0.5	28.036950
27.508333	0.5	27.990950
27.516667	0.5	27.968400
27.525000	0.5	27.970950
27.533333	0.5	27.989250
27.541667	0.5	28.015950
27.550000	0.5	28.054300
27.558333	0.5	28.116900
27.566667	0.5	28.189500
27.575000	0.5	28.282850
27.583333	0.5	28.395150
27.591667	0.5	28.531300
27.600000	0.5	28.696350
27.608333	0.5	28.875550
27.616667	0.5	29.109650
27.625000	0.5	29.372050
27.633333	0.5	29.670800
27.641667	0.5	30.013050
27.650000	0.5	30.405650
27.658333	0.5	30.850800
27.666667	0.5	31.345400
27.675000	0.5	31.894500
27.683333	0.5	32.494100
27.691667	0.5	33.150950
27.700000	0.5	33.848901
27.708333	0.5	34.604051
27.716667	0.5	35.393051
27.725000	0.5	36.212451
27.733333	0.5	37.047451
27.741667	0.5	37.911351
27.750000	0.5	38.783001
27.758333	0.5	39.642251
27.766667	0.5	40.493951
27.775000	0.5	41.318051
27.783333	0.5	42.120551
27.791667	0.5	42.893501
27.800000	0.5	43.622601
27.808333	0.5	44.323201
27.816667	0.5	44.981401
27.825000	0.5	45.590951
27.833333	0.5	46.175101
27.841667	0.5	46.717451
27.850000	0.5	47.221601
27.858333	0.5	47.690351
27.866667	0.5	48.131751
27.875000	0.5	48.539351
27.883333	0.5	48.921251
27.891667	0.5	49.272951
27.900000	0.5	49.615001
27.908333	0.5	49.922151
27.916667	0.5	50.202601
27.925000	0.5	50.450451
27.933333	0.5	50.672051
27.941667	0.5	50.847801
27.950000	0.5	50.973251
27.958333	0.5	51.026451
27.966667	0.5	51.002501
27.975000	0.5	50.883551
27.983333	0.5	50.657551
27.991667	0.5	50.284701
28.000000	0.5	49.791701
28.008333	0.5	49.155201
28.016667	0.5	48.364301
28.025000	0.5	47.455601
28.033333	0.5	46.477401
28.041667	0.5	45.490401
28.050000	0.5	44.546251
28.058333	0.5	43.681501
28.066667	0.5	42.915051
28.075000	0.5	42.261551
28.083333	0.5	41.696351
28.091667	0.5	41.227301
28.100000	0.5	40.851801
28.108333	0.5	40.535151
28.116667	0.5	40.233501
28.125000	0.5	39.970301
28.133333	0.5	39.736751
28.141667	0.5	39.510551
28.150000	0.5	39.296451
28.158333	0.5	39.079351
28.166667	0.5	38.852601
28.175000	0.5	38.612301
28.183333	0.5	38.296051
28.191667	0.5	37.971701
28.200000	0.5	37.566251
28.208333	0.5	37.037651
28.216667	0.5	36.393601
28.225000	0.5	35.614301
28.233333	0.5	34.733051
28.241667	0.5	33.751901
28.250000	0.5	32.715200
28.258333	0.5	31.647600
28.266667	0.5	30.590450
28.275000	0.5	29.568600
28.283333	0.5	28.626200
28.291667	0.5	27.786350
28.300000	0.5	27.046400
28.308333	0.5	26.369100
28.316667	0.5	25.791000
28.325000	0.5	25.300600
28.333333	0.5	24.883550
28.341667	0.5	24.535550
28.350000	0.5	24.244950
28.358333	0.5	23.997900
28.366667	0.5	23.804650
28.375000	0.5	23.618550
28.383333	0.5	23.499850
28.391667	0.5	23.402900
28.400000	0.5	23.317650
28.408333	0.5	23.244250
28.416667	0.5	23.181550
28.425000	0.5	23.131050
28.433333	0.5	23.087200
28.441667	0.5	23.051350
28.450000	0.5	23.019650
28.458333	0.5	22.998600
28.466667	0.5	22.972550
28.475000	0.5	22.960100
28.483333	0.5	22.970400
28.491667	0.5	22.978950
28.500000	0.5	22.970550
28.508333	0.5	22.969100
28.516667	0.5	22.968550
28.525000	0.5	22.969950
28.533333	0.5	22.966200
28.541667	0.5	22.966800
28.550000	0.5	22.966800
28.558333	0.5	22.980650
28.566667	0.5	22.963350
28.575000	0.5	22.991150
28.583333	0.5	23.017600
28.591667	0.5	23.036100
28.600000	0.5	23.049550
28.608333	0.5	23.066350
28.616667	0.5	23.083450
28.625000	0.5	23.096450
28.633333	0.5	23.114550
28.641667	0.5	23.136700
28.650000	0.5	23.176400
28.658333	0.5	23.204900
28.666667	0.5	23.248350
28.675000	0.5	23.323300
28.683333	0.5	23.410200
28.691667	0.5	23.483250
28.700000	0.5	23.581200
28.708333	0.5	23.684950
28.716667	0.5	23.808800
28.725000	0.5	23.949100
28.733333	0.5	24.108700
28.741667	0.5	24.288450
28.750000	0.5	24.505250
28.758333	0.5	24.717500
28.766667	0.5	24.988850
28.775000	0.5	25.276050
28.783333	0.5	25.568100
28.791667	0.5	25.862550
28.800000	0.5	26.131700
28.808333	0.5	26.354550
28.816667	0.5	26.486000
28.825000	0.5	26.478050
28.833333	0.5	26.264250
28.841667	0.5	25.840600
28.850000	0.5	25.225100
28.858333	0.5	24.514700
28.866667	0.5	23.771850
28.875000	0.5	23.114200
28.883333	0.5	22.597850
28.891667	0.5	22.267000
28.900000	0.5	22.117700
28.908333	0.5	22.089250
28.916667	0.5	22.151050
28.925000	0.5	22.265250
28.933333	0.5	22.412350
28.941667	0.5	22.588250
28.950000	0.5	22.767500
28.958333	0.5	22.975450
28.966667	0.5	23.189850
28.975000	0.5	23.408950
28.983333	0.5	23.647200
28.991667	0.5	23.892900
29.000000	0.5	24.151500
29.008333	0.5	24.420450
29.016667	0.5	24.697600
29.025000	0.5	24.983450
29.033333	0.5	25.278400
29.041667	0.5	25.563000
29.050000	0.5	25.861550
29.058333	0.5	26.154950
29.066667	0.5	26.443350
29.075000	0.5	26.715500
29.083333	0.5	26.984600
29.091667	0.5	27.245550
29.100000	0.5	27.493800
29.108333	0.5	27.728650
29.116667	0.5	27.954650
29.125000	0.5	28.165050
29.133333	0.5	28.375450
29.141667	0.5	28.556350
29.150000	0.5	28.748350
29.158333	0.5	28.920850
29.166667	0.5	29.081000
29.175000	0.5	29.231200
29.183333	0.5	29.373300
29.191667	0.5	29.504000
29.200000	0.5	29.621300
29.208333	0.5	29.735150
29.216667	0.5	29.833700
29.225000	0.5	29.930550
29.233333	0.5	30.011400
29.241667	0.5	30.094450
29.250000	0.5	30.162600
29.258333	0.5	30.225550
29.266667	0.5	30.272750
29.275000	0.5	30.316500
29.283333	0.5	30.349000
29.291667	0.5	30.374750
29.300000	0.5	30.392950
29.308333	0.5	30.395950
29.316667	0.5	30.396050
29.325000	0.5	30.390900
29.333333	0.5	30.367850
29.341667	0.5	30.345350
29.350000	0.5	30.303350
29.358333	0.5	30.225300
29.366667	0.5	30.107350
29.375000	0.5	29.936600
29.383333	0.5	29.719250
29.391667	0.5	29.460000
29.400000	0.5	29.179450
29.408333	0.5	28.900000
29.416667	0.5	28.645150
29.425000	0.5	28.414450
29.433333	0.5	28.237600
29.441667	0.5	28.116750
29.450000	0.5	28.036850
29.458333	0.5	27.990250
29.466667	0.5	27.972950
29.475000	0.5	27.978600
29.483333	0.5	27.994400
29.491667	0.5	28.006350
29.500000	0.5	28.011450
29.508333	0.5	28.000450
29.516667	0.5	27.987250
29.525000	0.5	27.948100
29.533333	0.5	27.907600
29.541667	0.5	27.850650
29.550000	0.5	27.780200
29.558333	0.5	27.705200
29.566667	0.5	27.612600
29.575000	0.5	27.512700
29.583333	0.5	27.411250
29.591667	0.5	27.302900
29.600000	0.5	27.184600
29.608333	0.5	27.072750
29.616667	0.5	26.952550
29.625000	0.5	26.838650
29.633333	0.5	26.728200
29.641667	0.5	26.627050
29.650000	0.5	26.536750
29.658333	0.5	26.472600
29.666667	0.5	26.445700
29.675000	0.5	26.470800
29.683333	0.5	26.576450
29.691667	0.5	26.785050
29.700000	0.5	27.101350
29.708333	0.5	27.540750
29.716667	0.5	28.061300
29.725000	0.5	28.654600
29.733333	0.5	29.269850
29.741667	0.5	29.864150
29.750000	0.5	30.409650
29.758333	0.5	30.850700
29.766667	0.5	31.151600
29.775000	0.5	31.301400
29.783333	0.5	31.316450
29.791667	0.5	31.211650
29.800000	0.5	31.023750
29.808333	0.5	30.771500
29.816667	0.5	30.486200
29.825000	0.5	30.207800
29.833333	0.5	29.914750
29.841667	0.5	29.602350
29.850000	0.5	29.293850
29.858333	0.5	28.995450
29.866667	0.5	28.707550
29.875000	0.5	28.428550
29.883333	0.5	28.159000
29.891667	0.5	27.899100
29.900000	0.5	27.673350
29.908333	0.5	27.427350
29.916667	0.5	27.231250
29.925000	0.5	27.048100
29.933333	0.5	26.859900
29.941667	0.5	26.675250
29.950000	0.5	26.501900
29.958333	0.5	26.333200
29.966667	0.5	26.166950
29.975000	0.5	26.013950
29.983333	0.5	25.859450
29.991667	0.5	25.723000
30.000000	0.5	25.581700
30.008333	0.5	25.453050
30.016667	0.5	25.353850
30.025000	0.5	25.261950
30.033333	0.5	25.149950
30.041667	0.5	25.055700
30.050000	0.5	24.965550
30.058333	0.5	24.892650
30.066667	0.5	24.825000
30.075000	0.5	24.773200
30.083333	0.5	24.735750
30.091667	0.5	24.725400
30.100000	0.5	24.711200
30.108333	0.5	24.753150
30.116667	0.5	24.821000
30.125000	0.5	24.914400
30.133333	0.5	25.025100
30.141667	0.5	25.174050
30.150000	0.5	25.349250
30.158333	0.5	25.556350
30.166667	0.5	25.792800
30.175000	0.5	26.070500
30.183333	0.5	26.374200
30.191667	0.5	26.711500
30.200000	0.5	27.078000
30.208333	0.5	27.496100
30.216667	0.5	27.922700
30.225000	0.5	28.344900
30.233333	0.5	28.790250
30.241667	0.5	29.224900
30.250000	0.5	29.657800
30.258333	0.5	30.076550
30.266667	0.5	30.476700
30.275000	0.5	30.860950
30.283333	0.5	31.232450
30.291667	0.5	31.552250
30.300000	0.5	31.890950
30.308333	0.5	32.203350
30.316667	0.5	32.478100
30.325000	0.5	32.719700
30.333333	0.5	32.931250
30.341667	0.5	33.112550
30.350000	0.5	33.271950
30.358333	0.5	33.408050
30.366667	0.5	33.522900
30.375000	0.5	33.616701
30.383333	0.5	33.688051
30.391667	0.5	33.748251
30.400000	0.5	33.819751
30.408333	0.5	33.878001
30.416667	0.5	33.895351
30.425000	0.5	33.911251
30.433333	0.5	33.911251
30.441667	0.5	33.899401
30.450000	0.5	33.879001
30.458333	0.5	33.849951
30.466667	0.5	33.811301
30.475000	0.5	33.781051
30.483333	0.5	33.716701
30.491667	0.5	33.687901
30.500000	0.5	33.651401
30.508333	0.5	33.599701
30.516667	0.5	33.537950
30.525000	0.5	33.478750
30.533333	0.5	33.408850
30.541667	0.5	33.337850
30.550000	0.5	33.271800
30.558333	0.5	33.197500
30.566667	0.5	33.121450
30.575000	0.5	33.041700
30.583333	0.5	32.970750
30.591667	0.5	32.920600
30.600000	0.5	32.864050
30.608333	0.5	32.788250
30.616667	0.5	32.720250
30.625000	0.5	32.648600
30.633333	0.5	32.573400
30.641667	0.5	32.504750
30.650000	0.5	32.431650
30.658333	0.5	32.353800
30.666667	0.5	32.291800
30.675000	0.5	32.205100
30.683333	0.5	32.148200
30.691667	0.5	32.090450
30.700000	0.5	32.020600
30.708333	0.5	31.943650
30.716667	0.5	31.862150
30.725000	0.5	31.775300
30.733333	0.5	31.685300
30.741667	0.5	31.597200
30.750000	0.5	31.499100
30.758333	0.5	31.402950
30.766667	0.5	31.293450
30.775000	0.5	31.193400
30.783333	0.5	31.107350
30.791667	0.5	31.017700
30.800000	0.5	30.904650
30.808333	0.5	30.801900
30.816667	0.5	30.704800
30.825000	0.5	30.601600
30.833333	0.5	30.503900
30.841667	0.5	30.417800
30.850000	0.5	30.327550
30.858333	0.5	30.259700
30.866667	0.5	30.173550
30.875000	0.5	30.129350
30.883333	0.5	30.092950
30.891667	0.5	30.049800
30.900000	0.5	30.015500
30.908333	0.5	29.979350
30.916667	0.5	29.948450
30.925000	0.5	29.920850
30.933333	0.5	29.905250
30.941667	0.5	29.888050
30.950000	0.5	29.878600
30.958333	0.5	29.865550
30.966667	0.5	29.868800
30.975000	0.5	29.890000
30.983333	0.5	29.914100
30.991667	0.5	29.919500
31.000000	0.5	29.936450
31.008333	0.5	29.955350
31.016667	0.5	29.972700
31.025000	0.5	29.993400
31.033333	0.5	30.014050
31.041667	0.5	30.036950
31.050000	0.5	30.077350
31.058333	0.5	30.092400
31.066667	0.5	30.146500
31.075000	0.5	30.196000
31.083333	0.5	30.247250
31.091667	0.5	30.290200
31.100000	0.5	30.339250
31.108333	0.5	30.388400
31.116667	0.5	30.442150
31.125000	0.5	30.493200
31.133333	0.5	30.549950
31.141667	0.5	30.611900
31.150000	0.5	30.672450
31.158333	0.5	30.746250
31.166667	0.5	30.837150
31.175000	0.5	30.930600
31.183333	0.5	31.009100
31.191667	0.5	31.096100
31.200000	0.5	31.182900
31.208333	0.5	31.269250
31.216667	0.5	31.360550
31.225000	0.5	31.451250
31.233333	0.5	31.544850
31.241667	0.5	31.647350
31.250000	0.5	31.732850
31.258333	0.5	31.851150
31.266667	0.5	31.967050
31.275000	0.5	32.077550
31.283333	0.5	32.183000
31.291667	0.5	32.286200
31.300000	0.5	32.391400
31.308333	0.5	32.490050
31.316667	0.5	32.591300
31.325000	0.5	32.686200
31.333333	0.5	32.786450
31.341667	0.5	32.877400
31.350000	0.5	32.974750
31.358333	0.5	33.083000
31.366667	0.5	33.187250
31.375000	0.5	33.263300
31.383333	0.5	33.332600
31.391667	0.5	33.387300
31.400000	0.5	33.432000
31.408333	0.5	33.456650
31.416667	0.5	33.465050
31.425000	0.5	33.469700
31.433333	0.5	33.470350
31.441667	0.5	33.431150
31.450000	0.5	33.424550
31.458333	0.5	33.400000
31.466667	0.5	33.358050
31.475000	0.5	33.290750
31.483333	0.5	33.211700
31.491667	0.5	33.110250
31.500000	0.5	32.994000
31.508333	0.5	32.857250
31.516667	0.5	32.708650
31.525000	0.5	32.549200
31.533333	0.5	32.369850
31.541667	0.5	32.189550
31.550000	0.5	32.023600
31.558333	0.5	31.860150
31.566667	0.5	31.659050
31.575000	0.5	31.473100
31.583333	0.5	31.284250
31.591667	0.5	31.101800
31.600000	0.5	30.920150
31.608333	0.5	30.737800
31.616667	0.5	30.578250
31.625000	0.5	30.437950
31.633333	0.5	30.272200
31.641667	0.5	30.150300
31.650000	0.5	30.034100
31.658333	0.5	29.903000
31.666667	0.5	29.769550
31.675000	0.5	29.627350
31.683333	0.5	29.486250
31.691667	0.5	29.340050
31.700000	0.5	29.188250
31.708333	0.5	29.029100
31.716667	0.5	28.879700
31.725000	0.5	28.719050
31.733333	0.5	28.564100
31.741667	0.5	28.428250
31.750000	0.5	28.289100
31.758333	0.5	28.123000
31.766667	0.5	27.967950
31.775000	0.5	27.795550
31.783333	0.5	27.606800
31.791667	0.5	27.394200
31.800000	0.5	27.157750
31.808333	0.5	26.894500
31.816667	0.5	26.595000
31.825000	0.5	26.258150
31.833333	0.5	25.918050
31.841667	0.5	25.558750
31.850000	0.5	25.192200
31.858333	0.5	24.846200
31.866667	0.5	24.522750
31.875000	0.5	24.243750
31.883333	0.5	24.014100
31.891667	0.5	23.833050
31.900000	0.5	23.699050
31.908333	0.5	23.613450
31.916667	0.5	23.557250
31.925000	0.5	23.545250
31.933333	0.5	23.560650
31.941667	0.5	23.593450
31.950000	0.5	23.638150
31.958333	0.5	23.698800
31.966667	0.5	23.774500
31.975000	0.5	23.847400
31.983333	0.5	23.923400
31.991667	0.5	24.009250
32.000000	0.5	24.091850
32.008333	0.5	24.183800
32.016667	0.5	24.264050
32.025000	0.5	24.363400
32.033333	0.5	24.451650
32.041667	0.5	24.535700
32.050000	0.5	24.616200
32.058333	0.5	24.698750
32.066667	0.5	24.772300
32.075000	0.5	24.847650
32.083333	0.5	24.910450
32.091667	0.5	24.975700
32.100000	0.5	25.036900
32.108333	0.5	25.092350
32.116667	0.5	25.148900
32.125000	0.5	25.210000
32.133333	0.5	25.265100
32.141667	0.5	25.306650
32.150000	0.5	25.350250
32.158333	0.5	25.383650
32.166667	0.5	25.421100
32.175000	0.5	25.460900
32.183333	0.5	25.486300
32.191667	0.5	25.516400
32.200000	0.5	25.551800
32.208333	0.5	25.567700
32.216667	0.5	25.609950
32.225000	0.5	25.654100
32.233333	0.5	25.694700
32.241667	0.5	25.748900
32.250000	0.5	25.806650
32.258333	0.5	25.879850
32.266667	0.5	25.968850
32.275000	0.5	26.078900
32.283333	0.5	26.215200
32.291667	0.5	26.383700
32.300000	0.5	26.565850
32.308333	0.5	26.787050
32.316667	0.5	27.039050
32.325000	0.5	27.301700
32.333333	0.5	27.588950
32.341667	0.5	27.887950
32.350000	0.5	28.195950
32.358333	0.5	28.496800
32.366667	0.5	28.781550
32.375000	0.5	29.039950
32.383333	0.5	29.261700
32.391667	0.5	29.458750
32.400000	0.5	29.593800
32.408333	0.5	29.705950
32.416667	0.5	29.781950
32.425000	0.5	29.816900
32.433333	0.5	29.826250
32.441667	0.5	29.829350
32.450000	0.5	29.819750
32.458333	0.5	29.819050
32.466667	0.5	29.835150
32.475000	0.5	29.860200
32.483333	0.5	29.934150
32.491667	0.5	30.024950
32.500000	0.5	30.159850
32.508333	0.5	30.360150
32.516667	0.5	30.592950
32.525000	0.5	30.846200
32.533333	0.5	31.137150
32.541667	0.5	31.467000
32.550000	0.5	31.834250
32.558333	0.5	32.228600
32.566667	0.5	32.646300
32.575000	0.5	33.072200
32.583333	0.5	33.539650
32.591667	0.5	33.973301
32.600000	0.5	34.454401
32.608333	0.5	34.944051
32.616667	0.5	35.393451
32.625000	0.5	35.822151
32.633333	0.5	36.232351
32.641667	0.5	36.595851
32.650000	0.5	36.922701
32.658333	0.5	37.198301
32.666667	0.5	37.435401
32.675000	0.5	37.627801
32.683333	0.5	37.762901
32.691667	0.5	37.856051
32.700000	0.5	37.950951
32.708333	0.5	37.992501
32.716667	0.5	37.973251
32.725000	0.5	37.987251
32.733333	0.5	38.164601
32.741667	0.5	38.633001
32.750000	0.5	39.166101
32.758333	0.5	39.519151
32.766667	0.5	39.616751
32.775000	0.5	39.494751
32.783333	0.5	39.158551
32.791667	0.5	38.777551
32.800000	0.5	38.324001
32.808333	0.5	37.801451
32.816667	0.5	37.231251
32.825000	0.5	36.640251
32.833333	0.5	36.035151
32.841667	0.5	35.444801
32.850000	0.5	34.862851
32.858333	0.5	34.313551
32.866667	0.5	33.799651
32.875000	0.5	33.317000
32.883333	0.5	32.874350
32.891667	0.5	32.491450
32.900000	0.5	32.145800
32.908333	0.5	31.809200
32.916667	0.5	31.518800
32.925000	0.5	31.257750
32.933333	0.5	31.033550
32.941667	0.5	30.832500
32.950000	0.5	30.668500
32.958333	0.5	30.522000
32.966667	0.5	30.405300
32.975000	0.5	30.282200
32.983333	0.5	30.206000
32.991667	0.5	30.138250
33.000000	0.5	30.063000
33.008333	0.5	29.983600
33.016667	0.5	29.907500
33.025000	0.5	29.829800
33.033333	0.5	29.754000
33.041667	0.5	29.689900
33.050000	0.5	29.620100
33.058333	0.5	29.557100
33.066667	0.5	29.485400
33.075000	0.5	29.413650
33.083333	0.5	29.360700
33.091667	0.5	29.294350
33.100000	0.5	29.210600
33.108333	0.5	29.119050
33.116667	0.5	29.020850
33.125000	0.5	28.919750
33.133333	0.5	28.810050
33.141667	0.5	28.696750
33.150000	0.5	28.580700
33.158333	0.5	28.478950
33.166667	0.5	28.341850
33.175000	0.5	28.244750
33.183333	0.5	28.148350
33.191667	0.5	28.039550
33.200000	0.5	27.929300
33.208333	0.5	27.831200
33.216667	0.5	27.729450
33.225000	0.5	27.644150
33.233333	0.5	27.556550
33.241667	0.5	27.464100
33.250000	0.5	27.391100
33.258333	0.5	27.306050
33.266667	0.5	27.222800
33.275000	0.5	27.162850
33.283333	0.5	27.102150
33.291667	0.5	27.018050
33.300000	0.5	26.943050
33.308333	0.5	26.871300
33.316667	0.5	26.802600
33.325000	0.5	26.730700
33.333333	0.5	26.665600
33.341667	0.5	26.607200
33.350000	0.5	26.574350
33.358333	0.5	26.521350
33.366667	0.5	26.497900
33.375000	0.5	26.478950
33.383333	0.5	26.443150
33.391667	0.5	26.401750
33.400000	0.5	26.350850
33.408333	0.5	26.272750
33.416667	0.5	26.190500
33.425000	0.5	26.083150
33.433333	0.5	25.962450
33.441667	0.5	25.832700
33.450000	0.5	25.675550
33.458333	0.5	25.515750
33.466667	0.5	25.369050
33.475000	0.5	25.208900
33.483333	0.5	25.033950
33.491667	0.5	24.866550
33.500000	0.5	24.701450
33.508333	0.5	24.549350
33.516667	0.5	24.405550
33.525000	0.5	24.278300
33.533333	0.5	24.154400
33.541667	0.5	24.054000
33.550000	0.5	23.938000
33.558333	0.5	23.865950
33.566667	0.5	23.783900
33.575000	0.5	23.694450
33.583333	0.5	23.603950
33.591667	0.5	23.496350
33.600000	0.5	23.382700
33.608333	0.5	23.255400
33.616667	0.5	23.112000
33.625000	0.5	22.969650
33.633333	0.5	22.825250
33.641667	0.5	22.669100
33.650000	0.5	22.524600
33.658333	0.5	22.403250
33.666667	0.5	22.294500
33.675000	0.5	22.185650
33.683333	0.5	22.110950
33.691667	0.5	22.067200
33.700000	0.5	22.071600
33.708333	0.5	22.133850
33.716667	0.5	22.272350
33.725000	0.5	22.515650
33.733333	0.5	22.918400
33.741667	0.5	23.478700
33.750000	0.5	24.324700
33.758333	0.5	25.497150
33.766667	0.5	27.084000
33.775000	0.5	29.160550
33.783333	0.5	31.808150
33.791667	0.5	35.044751
33.800000	0.5	38.833751
33.808333	0.5	43.090851
33.816667	0.5	47.624151
33.825000	0.5	52.197351
33.833333	0.5	56.437451
33.841667	0.5	60.090801
33.850000	0.5	62.954251
33.858333	0.5	64.972301
33.866667	0.5	66.252201
33.875000	0.5	67.017451
33.883333	0.5	67.462251
33.891667	0.5	67.762601
33.900000	0.5	68.023501
33.908333	0.5	68.291651
33.916667	0.5	68.568251
33.925000	0.5	68.872601
33.933333	0.5	69.164151
33.941667	0.5	69.471001
33.950000	0.5	69.751701
33.958333	0.5	70.012401
33.966667	0.5	70.255501
33.975000	0.5	70.482751
33.983333	0.5	70.694601
33.991667	0.5	70.896351
34.000000	0.5	71.107501
34.008333	0.5	71.299251
34.016667	0.5	71.457451
34.025000	0.5	71.495801
34.033333	0.5	71.299951
34.041667	0.5	70.699601
34.050000	0.5	69.451701
34.058333	0.5	67.392001
34.066667	0.5	64.430301
34.075000	0.5	60.697701
34.083333	0.5	56.456601
34.091667	0.5	52.031301
34.100000	0.5	47.699501
34.108333	0.5	43.652801
34.116667	0.5	40.051751
34.125000	0.5	36.910301
34.133333	0.5	34.303651
34.141667	0.5	32.187000
34.150000	0.5	30.477900
34.158333	0.5	29.115000
34.166667	0.5	28.053850
34.175000	0.5	27.239950
34.183333	0.5	26.605550
34.191667	0.5	26.106950
34.200000	0.5	25.692750
34.208333	0.5	25.348250
34.216667	0.5	25.043550
34.225000	0.5	24.772150
34.233333	0.5	24.533000
34.241667	0.5	24.306100
34.250000	0.5	24.074050
34.258333	0.5	23.840600
34.266667	0.5	23.621150
34.275000	0.5	23.408000
34.283333	0.5	23.194500
34.291667	0.5	23.003250
34.300000	0.5	22.815300
34.308333	0.5	22.651800
34.316667	0.5	22.487750
34.325000	0.5	22.357400
34.333333	0.5	22.241950
34.341667	0.5	22.136500
34.350000	0.5	22.038150
34.358333	0.5	21.952150
34.366667	0.5	21.873650
34.375000	0.5	21.805850
34.383333	0.5	21.742300
34.391667	0.5	21.682900
34.400000	0.5	21.642700
34.408333	0.5	21.599550
34.416667	0.5	21.564900
34.425000	0.5	21.547350
34.433333	0.5	21.533800
34.441667	0.5	21.508450
34.450000	0.5	21.496000
34.458333	0.5	21.491500
34.466667	0.5	21.495750
34.475000	0.5	21.525300
34.483333	0.5	21.584950
34.491667	0.5	21.683450
34.500000	0.5	21.851350
34.508333	0.5	22.073600
34.516667	0.5	22.416200
34.525000	0.5	22.867350
34.533333	0.5	23.418800
34.541667	0.5	24.074950
34.550000	0.5	24.819400
34.558333	0.5	25.602000
34.566667	0.5	26.347900
34.575000	0.5	26.925700
34.583333	0.5	27.170150
34.591667	0.5	27.015650
34.600000	0.5	26.536550
34.608333	0.5	25.954900
34.616667	0.5	25.441750
34.625000	0.5	25.136250
34.633333	0.5	25.054550
34.641667	0.5	25.166600
34.650000	0.5	25.411650
34.658333	0.5	25.751050
34.666667	0.5	26.156350
34.675000	0.5	26.614150
34.683333	0.5	27.120850
34.691667	0.5	27.680050
34.700000	0.5	28.256500
34.708333	0.5	28.888650
34.716667	0.5	29.546700
34.725000	0.5	30.220300
34.733333	0.5	30.909800
34.741667	0.5	31.592350
34.750000	0.5	32.254300
34.758333	0.5	32.862850
34.766667	0.5	33.413700
34.775000	0.5	33.883601
34.783333	0.5	34.263851
34.791667	0.5	34.543401
34.800000	0.5	34.732151
34.808333	0.5	34.816951
34.816667	0.5	34.824101
34.825000	0.5	34.738701
34.833333	0.5	34.595401
34.841667	0.5	34.395251
34.850000	0.5	34.145851
34.858333	0.5	33.868701
34.866667	0.5	33.575351
34.875000	0.5	33.267250
34.883333	0.5	32.959950
34.891667	0.5	32.650400
34.900000	0.5	32.360300
34.908333	0.5	32.068950
34.916667	0.5	31.799000
34.925000	0.5	31.537000
34.933333	0.5	31.301650
34.941667	0.5	31.083200
34.950000	0.5	30.881950
34.958333	0.5	30.696100
34.966667	0.5	30.526650
34.975000	0.5	30.376300
34.983333	0.5	30.208150
34.991667	0.5	30.053200
35.000000	0.5	29.874750
35.008333	0.5	29.629350
35.016667	0.5	29.268350
35.025000	0.5	28.828500
35.033333	0.5	28.354150
35.041667	0.5	27.916250
35.050000	0.5	27.557600
35.058333	0.5	27.282050
35.066667	0.5	27.065200
35.075000	0.5	26.891850
35.083333	0.5	26.729000
35.091667	0.5	26.594100
35.100000	0.5	26.480100
35.108333	0.5	26.370550
35.116667	0.5	26.299100
35.125000	0.5	26.284400
35.133333	0.5	26.344300
35.141667	0.5	26.534550
35.150000	0.5	26.907450
35.158333	0.5	27.550700
35.166667	0.5	28.546650
35.175000	0.5	29.860200
35.183333	0.5	31.401800
35.191667	0.5	32.994450
35.200000	0.5	34.438801
35.208333	0.5	35.699551
35.216667	0.5	36.726751
35.225000	0.5	37.503251
35.233333	0.5	38.062901
35.241667	0.5	38.435701
35.250000	0.5	38.659551
35.258333	0.5	38.776801
35.266667	0.5	38.816901
35.275000	0.5	38.766451
35.283333	0.5	38.689501
35.291667	0.5	38.579001
35.300000	0.5	38.424501
35.308333	0.5	38.249551
35.316667	0.5	38.064301
35.325000	0.5	37.872251
35.333333	0.5	37.669001
35.341667	0.5	37.456601
35.350000	0.5	37.244651
35.358333	0.5	37.044501
35.366667	0.5	36.823751
35.375000	0.5	36.589551
35.383333	0.5	36.323851
35.391667	0.5	35.933601
35.400000	0.5	35.340801
35.408333	0.5	34.479201
35.416667	0.5	33.257500
35.425000	0.5	31.659900
35.433333	0.5	29.855850
35.441667	0.5	28.092500
35.450000	0.5	26.602650
35.458333	0.5	25.491450
35.466667	0.5	24.697200
35.475000	0.5	24.175100
35.483333	0.5	23.814000
35.491667	0.5	23.545350
35.500000	0.5	23.333000
35.508333	0.5	23.159950
35.516667	0.5	23.014450
35.525000	0.5	22.886550
35.533333	0.5	22.772300
35.541667	0.5	22.669150
35.550000	0.5	22.591850
35.558333	0.5	22.516950
35.566667	0.5	22.468750
35.575000	0.5	22.449000
35.583333	0.5	22.452750
35.591667	0.5	22.469400
35.600000	0.5	22.503150
35.608333	0.5	22.559500
35.616667	0.5	22.623850
35.625000	0.5	22.696300
35.633333	0.5	22.752650
35.641667	0.5	22.753250
35.650000	0.5	22.651250
35.658333	0.5	22.371550
35.666667	0.5	21.910650
35.675000	0.5	21.337550
35.683333	0.5	20.779100
35.691667	0.5	20.361850
35.700000	0.5	20.118000
35.708333	0.5	20.037150
35.716667	0.5	20.061100
35.725000	0.5	20.159300
35.733333	0.5	20.301800
35.741667	0.5	20.469000
35.750000	0.5	20.641700
35.758333	0.5	20.821450
35.766667	0.5	21.000500
35.775000	0.5	21.172750
35.783333	0.5	21.333750
35.791667	0.5	21.490500
35.800000	0.5	21.641800
35.808333	0.5	21.776150
35.816667	0.5	21.908400
35.825000	0.5	22.028700
35.833333	0.5	22.131850
35.841667	0.5	22.235900
35.850000	0.5	22.308750
35.858333	0.5	22.388500
35.866667	0.5	22.449850
35.875000	0.5	22.499900
35.883333	0.5	22.547800
35.891667	0.5	22.574050
35.900000	0.5	22.605550
35.908333	0.5	22.632050
35.916667	0.5	22.649600
35.925000	0.5	22.671450
35.933333	0.5	22.692100
35.941667	0.5	22.702900
35.950000	0.5	22.712450
35.958333	0.5	22.724650
35.966667	0.5	22.731650
35.975000	0.5	22.735350
35.983333	0.5	22.744650
35.991667	0.5	22.767800
36.000000	0.5	22.806200
36.008333	0.5	22.871850
36.016667	0.5	22.984650
36.025000	0.5	23.152900
36.033333	0.5	23.389250
36.041667	0.5	23.704200
36.050000	0.5	24.097000
36.058333	0.5	24.532650
36.066667	0.5	24.984700
36.075000	0.5	25.432550
36.083333	0.5	25.845700
36.091667	0.5	26.190900
36.100000	0.5	26.480100
36.108333	0.5	26.743500
36.116667	0.5	27.005000
36.125000	0.5	27.297100
36.133333	0.5	27.585600
36.141667	0.5	27.855500
36.150000	0.5	28.070150
36.158333	0.5	28.197200
36.166667	0.5	28.238850
36.175000	0.5	28.230350
36.183333	0.5	28.194650
36.191667	0.5	28.122700
36.200000	0.5	28.050600
36.208333	0.5	27.971500
36.216667	0.5	27.892900
36.225000	0.5	27.824350
36.233333	0.5	27.740600
36.241667	0.5	27.692100
36.250000	0.5	27.634450
36.258333	0.5	27.582850
36.266667	0.5	27.528600
36.275000	0.5	27.479800
36.283333	0.5	27.433550
36.291667	0.5	27.380200
36.300000	0.5	27.332800
36.308333	0.5	27.283350
36.316667	0.5	27.233950
36.325000	0.5	27.180350
36.333333	0.5	27.122900
36.341667	0.5	27.075950
36.350000	0.5	26.999150
36.358333	0.5	26.918500
36.366667	0.5	26.814600
36.375000	0.5	26.710700
36.383333	0.5	26.586050
36.391667	0.5	26.451700
36.400000	0.5	26.296500
36.408333	0.5	26.134350
36.416667	0.5	25.965750
36.425000	0.5	25.773800
36.433333	0.5	25.603500
36.441667	0.5	25.411200
36.450000	0.5	25.221850
36.458333	0.5	25.015350
36.466667	0.5	24.799500
36.475000	0.5	24.587450
36.483333	0.5	24.371100
36.491667	0.5	24.155750
36.500000	0.5	23.945550
36.508333	0.5	23.744700
36.516667	0.5	23.546800
36.525000	0.5	23.358800
36.533333	0.5	23.201900
36.541667	0.5	23.050950
36.550000	0.5	22.898750
36.558333	0.5	22.766800
36.566667	0.5	22.632550
36.575000	0.5	22.519600
36.583333	0.5	22.423800
36.591667	0.5	22.334650
36.600000	0.5	22.261150
36.608333	0.5	22.209350
36.616667	0.5	22.150300
36.625000	0.5	22.121450
36.633333	0.5	22.108900
36.641667	0.5	22.088350
36.650000	0.5	22.070100
36.658333	0.5	22.060800
36.666667	0.5	22.057000
36.675000	0.5	22.047700
36.683333	0.5	22.045800
36.691667	0.5	22.040800
36.700000	0.5	22.043750
36.708333	0.5	22.042900
36.716667	0.5	22.039850
36.725000	0.5	22.056950
36.733333	0.5	22.072050
36.741667	0.5	22.065650
36.750000	0.5	22.073800
36.758333	0.5	22.071150
36.766667	0.5	22.066650
36.775000	0.5	22.053850
36.783333	0.5	22.044100
36.791667	0.5	22.040300
36.800000	0.5	22.037000
36.808333	0.5	22.013600
36.816667	0.5	22.015000
36.825000	0.5	22.013950
36.833333	0.5	21.999000
36.841667	0.5	21.986350
36.850000	0.5	21.966450
36.858333	0.5	21.945400
36.866667	0.5	21.923400
36.875000	0.5	21.898650
36.883333	0.5	21.864900
36.891667	0.5	21.843100
36.900000	0.5	21.813350
36.908333	0.5	21.785750
36.916667	0.5	21.771800
36.925000	0.5	21.759100
36.933333	0.5	21.727700
36.941667	0.5	21.710350
36.950000	0.5	21.682350
36.958333	0.5	21.650200
36.966667	0.5	21.624200
36.975000	0.5	21.597550
36.983333	0.5	21.576100
36.991667	0.5	21.563250
37.000000	0.5	21.539150
37.008333	0.5	21.542050
37.016667	0.5	21.550000
37.025000	0.5	21.545550
37.033333	0.5	21.541850
37.041667	0.5	21.547800
37.050000	0.5	21.550150
37.058333	0.5	21.557350
37.066667	0.5	21.570500
37.075000	0.5	21.576350
37.083333	0.5	21.591700
37.091667	0.5	21.606500
37.100000	0.5	21.625000
37.108333	0.5	21.663400
37.116667	0.5	21.701750
37.125000	0.5	21.737100
37.133333	0.5	21.783250
37.141667	0.5	21.834600
37.150000	0.5	21.902150
37.158333	0.5	21.985950
37.166667	0.5	22.091300
37.175000	0.5	22.229800
37.183333	0.5	22.415850
37.191667	0.5	22.618100
37.200000	0.5	22.900150
37.208333	0.5	23.211350
37.216667	0.5	23.571900
37.225000	0.5	23.965950
37.233333	0.5	24.399100
37.241667	0.5	24.843900
37.250000	0.5	25.319750
37.258333	0.5	25.774650
37.266667	0.5	26.230700
37.275000	0.5	26.693900
37.283333	0.5	27.137000
37.291667	0.5	27.557550
37.300000	0.5	27.982950
37.308333	0.5	28.375400
37.316667	0.5	28.737250
37.325000	0.5	29.065150
37.333333	0.5	29.361150
37.341667	0.5	29.624250
37.350000	0.5	29.848500
37.358333	0.5	30.029250
37.366667	0.5	30.175400
37.375000	0.5	30.294550
37.383333	0.5	30.351650
37.391667	0.5	30.403150
37.400000	0.5	30.419500
37.408333	0.5	30.395800
37.416667	0.5	30.324150
37.425000	0.5	30.226000
37.433333	0.5	30.093700
37.441667	0.5	29.952350
37.450000	0.5	29.788850
37.458333	0.5	29.612400
37.466667	0.5	29.453150
37.475000	0.5	29.301900
37.483333	0.5	29.166650
37.491667	0.5	29.104650
37.500000	0.5	29.088450
37.508333	0.5	29.114450
37.516667	0.5	29.237200
37.525000	0.5	29.470700
37.533333	0.5	29.839250
37.541667	0.5	30.345900
37.550000	0.5	31.015100
37.558333	0.5	31.854800
37.566667	0.5	32.872550
37.575000	0.5	34.014501
37.583333	0.5	35.333451
37.591667	0.5	36.736701
37.600000	0.5	38.202401
37.608333	0.5	39.673401
37.616667	0.5	41.098651
37.625000	0.5	42.431751
37.633333	0.5	43.626601
37.641667	0.5	44.660001
37.650000	0.5	45.521551
37.658333	0.5	46.220801
37.666667	0.5	46.757001
37.675000	0.5	47.160601
37.683333	0.5	47.466551
37.691667	0.5	47.667201
37.700000	0.5	47.771001
37.708333	0.5	47.786401
37.716667	0.5	47.716451
37.725000	0.5	47.551701
37.733333	0.5	47.260951
37.741667	0.5	46.816201
37.750000	0.5	46.183451
37.758333	0.5	45.338351
37.766667	0.5	44.206601
37.775000	0.5	42.812551
37.783333	0.5	41.157251
37.791667	0.5	39.172551
37.800000	0.5	36.949301
37.808333	0.5	34.544551
37.816667	0.5	32.042950
37.825000	0.5	29.503300
37.833333	0.5	27.011950
37.841667	0.5	24.727150
37.850000	0.5	22.819550
37.858333	0.5	21.436350
37.866667	0.5	20.608450
37.875000	0.5	20.198450
37.883333	0.5	20.079500
37.891667	0.5	20.115800
37.900000	0.5	20.241250
37.908333	0.5	20.423450
37.916667	0.5	20.640700
37.925000	0.5	20.871250
37.933333	0.5	21.113250
37.941667	0.5	21.368550
37.950000	0.5	21.619450
37.958333	0.5	21.865350
37.966667	0.5	22.125250
37.975000	0.5	22.372000
37.983333	0.5	22.612900
37.991667	0.5	22.837400
38.000000	0.5	23.056100
38.008333	0.5	23.262650
38.016667	0.5	23.451500
38.025000	0.5	23.619850
38.033333	0.5	23.776050
38.041667	0.5	23.911900
38.050000	0.5	24.024450
38.058333	0.5	24.115300
38.066667	0.5	24.189250
38.075000	0.5	24.240400
38.083333	0.5	24.259400
38.091667	0.5	24.263200
38.100000	0.5	24.243650
38.108333	0.5	24.203750
38.116667	0.5	24.139400
38.125000	0.5	24.045400
38.133333	0.5	23.935100
38.141667	0.5	23.805800
38.150000	0.5	23.641200
38.158333	0.5	23.470750
38.166667	0.5	23.264950
38.175000	0.5	23.037900
38.183333	0.5	22.802050
38.191667	0.5	22.573650
38.200000	0.5	22.384400
38.208333	0.5	22.298750
38.216667	0.5	22.399200
38.225000	0.5	22.683500
38.233333	0.5	23.075800
38.241667	0.5	23.412150
38.250000	0.5	23.569900
38.258333	0.5	23.465300
38.266667	0.5	23.105450
38.275000	0.5	22.585550
38.283333	0.5	22.012450
38.291667	0.5	21.438350
38.300000	0.5	20.901850
38.308333	0.5	20.413100
38.316667	0.5	19.987000
38.325000	0.5	19.608500
38.333333	0.5	19.299950
38.341667	0.5	19.023450
38.350000	0.5	18.804500
38.358333	0.5	18.628000
38.366667	0.5	18.477650
38.375000	0.5	18.355200
38.383333	0.5	18.262850
38.391667	0.5	18.201950
38.400000	0.5	18.184950
38.408333	0.5	18.206750
38.416667	0.5	18.287850
38.425000	0.5	18.437300
38.433333	0.5	18.680100
38.441667	0.5	19.038800
38.450000	0.5	19.566750
38.458333	0.5	20.269500
38.466667	0.5	21.181950
38.475000	0.5	22.361750
38.483333	0.5	23.797150
38.491667	0.5	25.482100
38.500000	0.5	27.392800
38.508333	0.5	29.444100
38.516667	0.5	31.553300
38.525000	0.5	33.543700
38.533333	0.5	35.176501
38.541667	0.5	36.329001
38.550000	0.5	36.831151
38.558333	0.5	36.781751
38.566667	0.5	36.312751
38.575000	0.5	35.630651
38.583333	0.5	34.923001
38.591667	0.5	34.287951
38.600000	0.5	33.757051
38.608333	0.5	33.310700
38.616667	0.5	32.950850
38.625000	0.5	32.625850
38.633333	0.5	32.342550
38.641667	0.5	32.093550
38.650000	0.5	31.865250
38.658333	0.5	31.649100
38.666667	0.5	31.449000
38.675000	0.5	31.265350
38.683333	0.5	31.093050
38.691667	0.5	30.940200
38.700000	0.5	30.791900
38.708333	0.5	30.656050
38.716667	0.5	30.527250
38.725000	0.5	30.389650
38.733333	0.5	30.266400
38.741667	0.5	30.143250
38.750000	0.5	30.027550
38.758333	0.5	29.916650
38.766667	0.5	29.803450
38.775000	0.5	29.699200
38.783333	0.5	29.573850
38.791667	0.5	29.427000
38.800000	0.5	29.254150
38.808333	0.5	29.049950
38.816667	0.5	28.822300
38.825000	0.5	28.580750
38.833333	0.5	28.319400
38.841667	0.5	28.051200
38.850000	0.5	27.777050
38.858333	0.5	27.502000
38.866667	0.5	27.230050
38.875000	0.5	26.972950
38.883333	0.5	26.730450
38.891667	0.5	26.524650
38.900000	0.5	26.365550
38.908333	0.5	26.270600
38.916667	0.5	26.229900
38.925000	0.5	26.272950
38.933333	0.5	26.352500
38.941667	0.5	26.459700
38.950000	0.5	26.574000
38.958333	0.5	26.673850
38.966667	0.5	26.750800
38.975000	0.5	26.798250
38.983333	0.5	26.803800
38.991667	0.5	26.790950
39.000000	0.5	26.741200
39.008333	0.5	26.658300
39.016667	0.5	26.550050
39.025000	0.5	26.411950
39.033333	0.5	26.236250
39.041667	0.5	26.039000
39.050000	0.5	25.808550
39.058333	0.5	25.557450
39.066667	0.5	25.277400
39.075000	0.5	24.984900
39.083333	0.5	24.673550
39.091667	0.5	24.365650
39.100000	0.5	24.054650
39.108333	0.5	23.734650
39.116667	0.5	23.453800
39.125000	0.5	23.183900
39.133333	0.5	22.950300
39.141667	0.5	22.738850
39.150000	0.5	22.584650
39.158333	0.5	22.500550
39.166667	0.5	22.470650
39.175000	0.5	22.530800
39.183333	0.5	22.684800
39.191667	0.5	22.950900
39.200000	0.5	23.280750
39.208333	0.5	23.695500
39.216667	0.5	24.183150
39.225000	0.5	24.719700
39.233333	0.5	25.250900
39.241667	0.5	25.779050
39.250000	0.5	26.240200
39.258333	0.5	26.616950
39.266667	0.5	26.901000
39.275000	0.5	27.083150
39.283333	0.5	27.186050
39.291667	0.5	27.208250
39.300000	0.5	27.171500
39.308333	0.5	27.110900
39.316667	0.5	27.019350
39.325000	0.5	26.917650
39.333333	0.5	26.818750
39.341667	0.5	26.726200
39.350000	0.5	26.639250
39.358333	0.5	26.561050
39.366667	0.5	26.493750
39.375000	0.5	26.431200
39.383333	0.5	26.384650
39.391667	0.5	26.339800
39.400000	0.5	26.314400
39.408333	0.5	26.295000
39.416667	0.5	26.295350
39.425000	0.5	26.313450
39.433333	0.5	26.353550
39.441667	0.5	26.417300
39.450000	0.5	26.501200
39.458333	0.5	26.591950
39.466667	0.5	26.696900
39.475000	0.5	26.807150
39.483333	0.5	26.909000
39.491667	0.5	26.986700
39.500000	0.5	27.050800
39.508333	0.5	27.088650
39.516667	0.5	27.079550
39.525000	0.5	27.040250
39.533333	0.5	26.965750
39.541667	0.5	26.844800
39.550000	0.5	26.696050
39.558333	0.5	26.504750
39.566667	0.5	26.287700
39.575000	0.5	26.045650
39.583333	0.5	25.783350
39.591667	0.5	25.509800
39.600000	0.5	25.239100
39.608333	0.5	24.960150
39.616667	0.5	24.670750
39.625000	0.5	24.384800
39.633333	0.5	24.113750
39.641667	0.5	23.849700
39.650000	0.5	23.603750
39.658333	0.5	23.368450
39.666667	0.5	23.155100
39.675000	0.5	22.968600
39.683333	0.5	22.780050
39.691667	0.5	22.627050
39.700000	0.5	22.494550
39.708333	0.5	22.365700
39.716667	0.5	22.231550
39.725000	0.5	22.114900
39.733333	0.5	22.006500
39.741667	0.5	21.892050
39.750000	0.5	21.786400
39.758333	0.5	21.669150
39.766667	0.5	21.562800
39.775000	0.5	21.448600
39.783333	0.5	21.328250
39.791667	0.5	21.225250
39.800000	0.5	21.107050
39.808333	0.5	20.972450
39.816667	0.5	20.846550
39.825000	0.5	20.710700
39.833333	0.5	20.574400
39.841667	0.5	20.439200
39.850000	0.5	20.300450
39.858333	0.5	20.175300
39.866667	0.5	20.057450
39.875000	0.5	19.934250
39.883333	0.5	19.838550
39.891667	0.5	19.754500
39.900000	0.5	19.674900
39.908333	0.5	19.602500
39.916667	0.5	19.536750
39.925000	0.5	19.482450
39.933333	0.5	19.441550
39.941667	0.5	19.413750
39.950000	0.5	19.382350
39.958333	0.5	19.377500
39.966667	0.5	19.378600
39.975000	0.5	19.382850
39.983333	0.5	19.409250
39.991667	0.5	19.441600
40.000000	0.5	19.464100
40.008333	0.5	19.495500
40.016667	0.5	19.528100
40.025000	0.5	19.551750
40.033333	0.5	19.579100
40.041667	0.5	19.599000
40.050000	0.5	19.619050
40.058333	0.5	19.643700
40.066667	0.5	19.649150
40.075000	0.5	19.668000
40.083333	0.5	19.693750
40.091667	0.5	19.701700
40.100000	0.5	19.709100
40.108333	0.5	19.714400
40.116667	0.5	19.713700
40.125000	0.5	19.723600
40.133333	0.5	19.729050
40.141667	0.5	19.749250
40.150000	0.5	19.787550
40.158333	0.5	19.839750
40.166667	0.5	19.898450
40.175000	0.5	20.000750
40.183333	0.5	20.109800
40.191667	0.5	20.230350
40.200000	0.5	20.370500
40.208333	0.5	20.524800
40.216667	0.5	20.686750
40.225000	0.5	20.863550
40.233333	0.5	21.035000
40.241667	0.5	21.216300
40.250000	0.5	21.395650
40.258333	0.5	21.545500
40.266667	0.5	21.705450
40.275000	0.5	21.836550
40.283333	0.5	21.942050
40.291667	0.5	22.011300
40.300000	0.5	22.046500
40.308333	0.5	22.044700
40.316667	0.5	22.005550
40.325000	0.5	21.930600
40.333333	0.5	21.812950
40.341667	0.5	21.677350
40.350000	0.5	21.493000
40.358333	0.5	21.289100
40.366667	0.5	21.078100
40.375000	0.5	20.845000
40.383333	0.5	20.589500
40.391667	0.5	20.332650
40.400000	0.5	20.061600
40.408333	0.5	19.793450
40.416667	0.5	19.542750
40.425000	0.5	19.285800
40.433333	0.5	19.044400
40.441667	0.5	18.831650
40.450000	0.5	18.614200
40.458333	0.5	18.436050
40.466667	0.5	18.271600
40.475000	0.5	18.111300
40.483333	0.5	17.962350
40.491667	0.5	17.819650
40.500000	0.5	17.692250
40.508333	0.5	17.558600
40.516667	0.5	17.442650
40.525000	0.5	17.326300
40.533333	0.5	17.223350
40.541667	0.5	17.121650
40.550000	0.5	17.022850
40.558333	0.5	16.937650
40.566667	0.5	16.863050
40.575000	0.5	16.778550
40.583333	0.5	16.714950
40.591667	0.5	16.666800
40.600000	0.5	16.647000
40.608333	0.5	16.670250
40.616667	0.5	16.733700
40.625000	0.5	16.874500
40.633333	0.5	17.103100
40.641667	0.5	17.412650
40.650000	0.5	17.831550
40.658333	0.5	18.319700
40.666667	0.5	18.851150
40.675000	0.5	19.334550
40.683333	0.5	19.640600
40.691667	0.5	19.599800
40.700000	0.5	19.228350
40.708333	0.5	18.735450
40.716667	0.5	18.369400
40.725000	0.5	18.241950
40.733333	0.5	18.335400
40.741667	0.5	18.557150
40.750000	0.5	18.836900
40.758333	0.5	19.141250
40.766667	0.5	19.144500
40.775000	0.5	19.757600
40.783333	0.5	20.047550
40.791667	0.5	20.334650
40.800000	0.5	20.618950
40.808333	0.5	20.881900
40.816667	0.5	21.150850
40.825000	0.5	21.395600
40.833333	0.5	21.635550
40.841667	0.5	21.858900
40.850000	0.5	22.055250
40.858333	0.5	22.242450
40.866667	0.5	22.418250
40.875000	0.5	22.570450
40.883333	0.5	22.705150
40.891667	0.5	22.818550
40.900000	0.5	22.911700
40.908333	0.5	22.986450
40.916667	0.5	23.044100
40.925000	0.5	23.079150
40.933333	0.5	23.096000
40.941667	0.5	23.103050
40.950000	0.5	23.090100
40.958333	0.5	23.054900
40.966667	0.5	23.009200
40.975000	0.5	22.948250
40.983333	0.5	22.868200
40.991667	0.5	22.772350
41.000000	0.5	22.669800
41.008333	0.5	22.549650
41.016667	0.5	22.413850
41.025000	0.5	22.263600
41.033333	0.5	22.125250
41.041667	0.5	21.997250
41.050000	0.5	21.889050
41.058333	0.5	21.855650
41.066667	0.5	21.933400
41.075000	0.5	22.144250
41.083333	0.5	22.475200
41.091667	0.5	22.844300
41.100000	0.5	23.184300
41.108333	0.5	23.408200
41.116667	0.5	23.445150
41.125000	0.5	23.298750
41.133333	0.5	23.000950
41.141667	0.5	22.594700
41.150000	0.5	22.128200
41.158333	0.5	21.651000
41.166667	0.5	21.182250
41.175000	0.5	20.745600
41.183333	0.5	20.344050
41.191667	0.5	19.985050
41.200000	0.5	19.663250
41.208333	0.5	19.391200
41.216667	0.5	19.134950
41.225000	0.5	18.934000
41.233333	0.5	18.761350
41.241667	0.5	18.608750
41.250000	0.5	18.477300
41.258333	0.5	18.365100
41.266667	0.5	18.276550
41.275000	0.5	18.203700
41.283333	0.5	18.147700
41.291667	0.5	18.113750
41.300000	0.5	18.084950
41.308333	0.5	18.074800
41.316667	0.5	18.067400
41.325000	0.5	18.095100
41.333333	0.5	18.119400
41.341667	0.5	18.140150
41.350000	0.5	18.184400
41.358333	0.5	18.224700
41.366667	0.5	18.272000
41.375000	0.5	18.321850
41.383333	0.5	18.374150
41.391667	0.5	18.438450
41.400000	0.5	18.513500
41.408333	0.5	18.578050
41.416667	0.5	18.670350
41.425000	0.5	18.765450
41.433333	0.5	18.861850
41.441667	0.5	18.951850
41.450000	0.5	19.049900
41.458333	0.5	19.150100
41.466667	0.5	19.250600
41.475000	0.5	19.340150
41.483333	0.5	19.440450
41.491667	0.5	19.536700
41.500000	0.5	19.629000
41.508333	0.5	19.711500
41.516667	0.5	19.802700
41.525000	0.5	19.888000
41.533333	0.5	19.960600
41.541667	0.5	20.023000
41.550000	0.5	20.079800
41.558333	0.5	20.123200
41.566667	0.5	20.166050
41.575000	0.5	20.200750
41.583333	0.5	20.227500
41.591667	0.5	20.251000
41.600000	0.5	20.255000
41.608333	0.5	20.272950
41.616667	0.5	20.272550
41.625000	0.5	20.263600
41.633333	0.5	20.237600
41.641667	0.5	20.199400
41.650000	0.5	20.154400
41.658333	0.5	20.095800
41.666667	0.5	20.034950
41.675000	0.5	19.970100
41.683333	0.5	19.907450
41.691667	0.5	19.859050
41.700000	0.5	19.813800
41.708333	0.5	19.806600
41.716667	0.5	19.828800
41.725000	0.5	19.893900
41.733333	0.5	20.029250
41.741667	0.5	20.245000
41.750000	0.5	20.560550
41.758333	0.5	21.015400
41.766667	0.5	21.606950
41.775000	0.5	22.368050
41.783333	0.5	23.302600
41.791667	0.5	24.369850
41.800000	0.5	25.563150
41.808333	0.5	26.758750
41.816667	0.5	27.847650
41.825000	0.5	28.673050
41.833333	0.5	29.127400
41.841667	0.5	29.192550
41.850000	0.5	28.937250
41.858333	0.5	28.528200
41.866667	0.5	28.103850
41.875000	0.5	27.771850
41.883333	0.5	27.555750
41.891667	0.5	27.453250
41.900000	0.5	27.418650
41.908333	0.5	27.436550
41.916667	0.5	27.479750
41.925000	0.5	27.530550
41.933333	0.5	27.582400
41.941667	0.5	27.637050
41.950000	0.5	27.681350
41.958333	0.5	27.726700
41.966667	0.5	27.761650
41.975000	0.5	27.787300
41.983333	0.5	27.801900
41.991667	0.5	27.821400
42.000000	0.5	27.829050
42.008333	0.5	27.822800
42.016667	0.5	27.812800
42.025000	0.5	27.795450
42.033333	0.5	27.769150
42.041667	0.5	27.736200
42.050000	0.5	27.693450
42.058333	0.5	27.638050
42.066667	0.5	27.591600
42.075000	0.5	27.526900
42.083333	0.5	27.454000
42.091667	0.5	27.378350
42.100000	0.5	27.290000
42.108333	0.5	27.203750
42.116667	0.5	27.117650
42.125000	0.5	27.028050
42.133333	0.5	26.939900
42.141667	0.5	26.868150
42.150000	0.5	26.800400
42.158333	0.5	26.757200
42.166667	0.5	26.731250
42.175000	0.5	26.718500
42.183333	0.5	26.732500
42.191667	0.5	26.735650
42.200000	0.5	26.722700
42.208333	0.5	26.676800
42.216667	0.5	26.581050
42.225000	0.5	26.436150
42.233333	0.5	26.253800
42.241667	0.5	26.038150
42.250000	0.5	25.807850
42.258333	0.5	25.582850
42.266667	0.5	25.363450
42.275000	0.5	25.172750
42.283333	0.5	24.982750
42.291667	0.5	24.817950
42.300000	0.5	24.671900
42.308333	0.5	24.547450
42.316667	0.5	24.433000
42.325000	0.5	24.323000
42.333333	0.5	24.227800
42.341667	0.5	24.130400
42.350000	0.5	24.039850
42.358333	0.5	23.948700
42.366667	0.5	23.855300
42.375000	0.5	23.769800
42.383333	0.5	23.676550
42.391667	0.5	23.584250
42.400000	0.5	23.490700
42.408333	0.5	23.394250
42.416667	0.5	23.300400
42.425000	0.5	23.202800
42.433333	0.5	23.112400
42.441667	0.5	23.020850
42.450000	0.5	22.926250
42.458333	0.5	22.828400
42.466667	0.5	22.745600
42.475000	0.5	22.651950
42.483333	0.5	22.563200
42.491667	0.5	22.470700
42.500000	0.5	22.381200
42.508333	0.5	22.299350
42.516667	0.5	22.218750
42.525000	0.5	22.147750
42.533333	0.5	22.105450
42.541667	0.5	22.101100
42.550000	0.5	22.156500
42.558333	0.5	22.270450
42.566667	0.5	22.473650
42.575000	0.5	22.765950
42.583333	0.5	23.133000
42.591667	0.5	23.542250
42.600000	0.5	23.909800
42.608333	0.5	24.161800
42.616667	0.5	24.261350
42.625000	0.5	24.225450
42.633333	0.5	24.078300
42.641667	0.5	23.868250
42.650000	0.5	23.626300
42.658333	0.5	23.359550
42.666667	0.5	23.105950
42.675000	0.5	22.865800
42.683333	0.5	22.630700
42.691667	0.5	22.415700
42.700000	0.5	22.214200
42.708333	0.5	22.030100
42.716667	0.5	21.861700
42.725000	0.5	21.715000
42.733333	0.5	21.577950
42.741667	0.5	21.462100
42.750000	0.5	21.352300
42.758333	0.5	21.268800
42.766667	0.5	21.197950
42.775000	0.5	21.127200
42.783333	0.5	21.072700
42.791667	0.5	21.020600
42.800000	0.5	20.983350
42.808333	0.5	20.951800
42.816667	0.5	20.924800
42.825000	0.5	20.906450
42.833333	0.5	20.894400
42.841667	0.5	20.890700
42.850000	0.5	20.887150
42.858333	0.5	20.900150
42.866667	0.5	20.914800
42.875000	0.5	20.925150
42.883333	0.5	20.944800
42.891667	0.5	20.951500
42.900000	0.5	20.962500
42.908333	0.5	20.974000
42.916667	0.5	20.969050
42.925000	0.5	20.968650
42.933333	0.5	20.960700
42.941667	0.5	20.936700
42.950000	0.5	20.919750
42.958333	0.5	20.889050
42.966667	0.5	20.850650
42.975000	0.5	20.794600
42.983333	0.5	20.729850
42.991667	0.5	20.648600
43.000000	0.5	20.556350
43.008333	0.5	20.458000
43.016667	0.5	20.347200
43.025000	0.5	20.228500
43.033333	0.5	20.107550
43.041667	0.5	19.969000
43.050000	0.5	19.847250
43.058333	0.5	19.716600
43.066667	0.5	19.578750
43.075000	0.5	19.443750
43.083333	0.5	19.304550
43.091667	0.5	19.173300
43.100000	0.5	19.042500
43.108333	0.5	18.915150
43.116667	0.5	18.792650
43.125000	0.5	18.687300
43.133333	0.5	18.579100
43.141667	0.5	18.492100
43.150000	0.5	18.414050
43.158333	0.5	18.340050
43.166667	0.5	18.275800
43.175000	0.5	18.224200
43.183333	0.5	18.185850
43.191667	0.5	18.161350
43.200000	0.5	18.173200
43.208333	0.5	18.200750
43.216667	0.5	18.271400
43.225000	0.5	18.391400
43.233333	0.5	18.559000
43.241667	0.5	18.792700
43.250000	0.5	19.066450
43.258333	0.5	19.353450
43.266667	0.5	19.626450
43.275000	0.5	19.769550
43.283333	0.5	19.691700
43.291667	0.5	19.359350
43.300000	0.5	18.874050
43.308333	0.5	18.421700
43.316667	0.5	18.145200
43.325000	0.5	18.079550
43.333333	0.5	18.172300
43.341667	0.5	18.366450
43.350000	0.5	18.623900
43.358333	0.5	18.888000
43.366667	0.5	19.163200
43.375000	0.5	19.440150
43.383333	0.5	19.699150
43.391667	0.5	19.959900
43.400000	0.5	20.209650
43.408333	0.5	20.448850
43.416667	0.5	20.672950
43.425000	0.5	20.882900
43.433333	0.5	21.083150
43.441667	0.5	21.265800
43.450000	0.5	21.423650
43.458333	0.5	21.579400
43.466667	0.5	21.715300
43.475000	0.5	21.840450
43.483333	0.5	21.937950
43.491667	0.5	22.026300
43.500000	0.5	22.103250
43.508333	0.5	22.156800
43.516667	0.5	22.196150
43.525000	0.5	22.226800
43.533333	0.5	22.238150
43.541667	0.5	22.230550
43.550000	0.5	22.211900
43.558333	0.5	22.184300
43.566667	0.5	22.131850
43.575000	0.5	22.074550
43.583333	0.5	22.000400
43.591667	0.5	21.904550
43.600000	0.5	21.799300
43.608333	0.5	21.673950
43.616667	0.5	21.542500
43.625000	0.5	21.401150
43.633333	0.5	21.246350
43.641667	0.5	21.086350
43.650000	0.5	20.937000
43.658333	0.5	20.798550
43.666667	0.5	20.701600
43.675000	0.5	20.664500
43.683333	0.5	20.694150
43.691667	0.5	20.830800
43.700000	0.5	21.012750
43.708333	0.5	21.211400
43.716667	0.5	21.403100
43.725000	0.5	21.503600
43.733333	0.5	21.494200
43.741667	0.5	21.372700
43.750000	0.5	21.118350
43.758333	0.5	20.789000
43.766667	0.5	20.431500
43.775000	0.5	20.066750
43.783333	0.5	19.731350
43.791667	0.5	19.419700
43.800000	0.5	19.157250
43.808333	0.5	18.929100
43.816667	0.5	18.766000
43.825000	0.5	18.629300
43.833333	0.5	18.536300
43.841667	0.5	18.471650
43.850000	0.5	18.431050
43.858333	0.5	18.420850
43.866667	0.5	18.418600
43.875000	0.5	18.430800
43.883333	0.5	18.450950
43.891667	0.5	18.471800
43.900000	0.5	18.499250
43.908333	0.5	18.529950
43.916667	0.5	18.560200
43.925000	0.5	18.573800
43.933333	0.5	18.575800
43.941667	0.5	18.575900
43.950000	0.5	18.561800
43.958333	0.5	18.530400
43.966667	0.5	18.498500
43.975000	0.5	18.453550
43.983333	0.5	18.406000
43.991667	0.5	18.349000
44.000000	0.5	18.276600
44.008333	0.5	18.234200
44.016667	0.5	18.157600
44.025000	0.5	18.087950
44.033333	0.5	18.013900
44.041667	0.5	17.942000
44.050000	0.5	17.876950
44.058333	0.5	17.812250
44.066667	0.5	17.747650
44.075000	0.5	17.690650
44.083333	0.5	17.646350
44.091667	0.5	17.598550
44.100000	0.5	17.563800
44.108333	0.5	17.540050
44.116667	0.5	17.510950
44.125000	0.5	17.487450
44.133333	0.5	17.460600
44.141667	0.5	17.441850
44.150000	0.5	17.426650
44.158333	0.5	17.408200
44.166667	0.5	17.395750
44.175000	0.5	17.378950
44.183333	0.5	17.369550
44.191667	0.5	17.361950
44.200000	0.5	17.352100
44.208333	0.5	17.355850
44.216667	0.5	17.343750
44.225000	0.5	17.347300
44.233333	0.5	17.337300
44.241667	0.5	17.335800
44.250000	0.5	17.329150
44.258333	0.5	17.334250
44.266667	0.5	17.329350
44.275000	0.5	17.331350
44.283333	0.5	17.325000
44.291667	0.5	17.337650
44.300000	0.5	17.351100
44.308333	0.5	17.355950
44.316667	0.5	17.364200
44.325000	0.5	17.355100
44.333333	0.5	17.352950
44.341667	0.5	17.346200
44.350000	0.5	17.332350
44.358333	0.5	17.308300
44.366667	0.5	17.291500
44.375000	0.5	17.263550
44.383333	0.5	17.229500
44.391667	0.5	17.202750
44.400000	0.5	17.162250
44.408333	0.5	17.121550
44.416667	0.5	17.071250
44.425000	0.5	17.022650
44.433333	0.5	16.976750
44.441667	0.5	16.934450
44.450000	0.5	16.900800
44.458333	0.5	16.872850
44.466667	0.5	16.876600
44.475000	0.5	16.890550
44.483333	0.5	16.962550
44.491667	0.5	17.083050
44.500000	0.5	17.281200
44.508333	0.5	17.543750
44.516667	0.5	17.932100
44.525000	0.5	18.443300
44.533333	0.5	19.086150
44.541667	0.5	19.881350
44.550000	0.5	20.798000
44.558333	0.5	21.830600
44.566667	0.5	22.884950
44.575000	0.5	23.828100
44.583333	0.5	24.524350
44.591667	0.5	24.800800
44.600000	0.5	24.584100
44.608333	0.5	23.986750
44.616667	0.5	23.246000
44.625000	0.5	22.605150
44.633333	0.5	22.181600
44.641667	0.5	21.988100
44.650000	0.5	21.962700
44.658333	0.5	22.050950
44.666667	0.5	22.192400
44.675000	0.5	22.382900
44.683333	0.5	22.583500
44.691667	0.5	22.798300
44.700000	0.5	23.014600
44.708333	0.5	23.218950
44.716667	0.5	23.422000
44.725000	0.5	23.616050
44.733333	0.5	23.801050
44.741667	0.5	23.972950
44.750000	0.5	24.135500
44.758333	0.5	24.291750
44.766667	0.5	24.424450
44.775000	0.5	24.562150
44.783333	0.5	24.678700
44.791667	0.5	24.781450
44.800000	0.5	24.881400
44.808333	0.5	24.969950
44.816667	0.5	25.061600
44.825000	0.5	25.125800
44.833333	0.5	25.193950
44.841667	0.5	25.258800
44.850000	0.5	25.323250
44.858333	0.5	25.377050
44.866667	0.5	25.443100
44.875000	0.5	25.499350
44.883333	0.5	25.569250
44.891667	0.5	25.634350
44.900000	0.5	25.712400
44.908333	0.5	25.795350
44.916667	0.5	25.895300
44.925000	0.5	26.002000
44.933333	0.5	26.119950
44.941667	0.5	26.255750
44.950000	0.5	26.404300
44.958333	0.5	26.575250
44.966667	0.5	26.761750
44.975000	0.5	26.951700
44.983333	0.5	27.160700
44.991667	0.5	27.381700
45.000000	0.5	27.601400
45.008333	0.5	27.819150
45.016667	0.5	28.029450
45.025000	0.5	28.216500
45.033333	0.5	28.378950
45.041667	0.5	28.505400
45.050000	0.5	28.582500
45.058333	0.5	28.624850
45.066667	0.5	28.612050
45.075000	0.5	28.554400
45.083333	0.5	28.448850
45.091667	0.5	28.299450
45.100000	0.5	28.118200
45.108333	0.5	27.893600
45.116667	0.5	27.649650
45.125000	0.5	27.383250
45.133333	0.5	27.097350
45.141667	0.5	26.802750
45.150000	0.5	26.504550
45.158333	0.5	26.204200
45.166667	0.5	25.901200
45.175000	0.5	25.594850
45.183333	0.5	25.309950
45.191667	0.5	25.025050
45.200000	0.5	24.754150
45.208333	0.5	24.492700
45.216667	0.5	24.255800
45.225000	0.5	24.032000
45.233333	0.5	23.822600
45.241667	0.5	23.620350
45.250000	0.5	23.442800
45.258333	0.5	23.268800
45.266667	0.5	23.109900
45.275000	0.5	22.967300
45.283333	0.5	22.830150
45.291667	0.5	22.705450
45.300000	0.5	22.591250
45.308333	0.5	22.492950
45.316667	0.5	22.396500
45.325000	0.5	22.302150
45.333333	0.5	22.215200
45.341667	0.5	22.142800
45.350000	0.5	22.059150
45.358333	0.5	21.979750
45.366667	0.5	21.910050
45.375000	0.5	21.833350
45.383333	0.5	21.756550
45.391667	0.5	21.690650
45.400000	0.5	21.623750
45.408333	0.5	21.560700
45.416667	0.5	21.492950
45.425000	0.5	21.423700
45.433333	0.5	21.361200
45.441667	0.5	21.298350
45.450000	0.5	21.223700
45.458333	0.5	21.154400
45.466667	0.5	21.085350
45.475000	0.5	21.017100
45.483333	0.5	20.949850
45.491667	0.5	20.879950
45.500000	0.5	20.813900
45.508333	0.5	20.746600
45.516667	0.5	20.688950
45.525000	0.5	20.624900
45.533333	0.5	20.566400
45.541667	0.5	20.507900
45.550000	0.5	20.449050
45.558333	0.5	20.389750
45.566667	0.5	20.339950
45.575000	0.5	20.293050
45.583333	0.5	20.248750
45.591667	0.5	20.207650
45.600000	0.5	20.163700
45.608333	0.5	20.130400
45.616667	0.5	20.096900
45.625000	0.5	20.066900
45.633333	0.5	20.066250
45.641667	0.5	20.103450
45.650000	0.5	20.197750
45.658333	0.5	20.385450
45.666667	0.5	20.658500
45.675000	0.5	21.012000
45.683333	0.5	21.374500
45.691667	0.5	21.654250
45.700000	0.5	21.815900
45.708333	0.5	21.854450
45.716667	0.5	21.799000
45.725000	0.5	21.704950
45.733333	0.5	21.587500
45.741667	0.5	21.459950
45.750000	0.5	21.343600
45.758333	0.5	21.225600
45.766667	0.5	21.125500
45.775000	0.5	21.032550
45.783333	0.5	20.950450
45.791667	0.5	20.861150
45.800000	0.5	20.736200
45.808333	0.5	20.547150
45.816667	0.5	20.242750
45.825000	0.5	19.845900
45.833333	0.5	19.373950
45.841667	0.5	18.923600
45.850000	0.5	18.592150
45.858333	0.5	18.422950
45.866667	0.5	18.406050
45.875000	0.5	18.507000
45.883333	0.5	18.684350
45.891667	0.5	18.906250
45.900000	0.5	19.141200
45.908333	0.5	19.381050
45.916667	0.5	19.623250
45.925000	0.5	19.867400
45.933333	0.5	20.090950
45.941667	0.5	20.306950
45.950000	0.5	20.517350
45.958333	0.5	20.710700
45.966667	0.5	20.899600
45.975000	0.5	21.063950
45.983333	0.5	21.217400
45.991667	0.5	21.358450
46.000000	0.5	21.487000
46.008333	0.5	21.585850
46.016667	0.5	21.686350
46.025000	0.5	21.763900
46.033333	0.5	21.824450
46.041667	0.5	21.870600
46.050000	0.5	21.911400
46.058333	0.5	21.920950
46.066667	0.5	21.928450
46.075000	0.5	21.931100
46.083333	0.5	21.905950
46.091667	0.5	21.880050
46.100000	0.5	21.832450
46.108333	0.5	21.772500
46.116667	0.5	21.706250
46.125000	0.5	21.619900
46.133333	0.5	21.521150
46.141667	0.5	21.412150
46.150000	0.5	21.289200
46.158333	0.5	21.166400
46.166667	0.5	21.028250
46.175000	0.5	20.890550
46.183333	0.5	20.756850
46.191667	0.5	20.630800
46.200000	0.5	20.526700
46.208333	0.5	20.459450
46.216667	0.5	20.437050
46.225000	0.5	20.470250
46.233333	0.5	20.566700
46.241667	0.5	20.708150
46.250000	0.5	20.874650
46.258333	0.5	21.013900
46.266667	0.5	21.108450
46.275000	0.5	21.115600
46.283333	0.5	21.027850
46.291667	0.5	20.824000
46.300000	0.5	20.535300
46.308333	0.5	20.198550
46.316667	0.5	19.838000
46.325000	0.5	19.460050
46.333333	0.5	19.103450
46.341667	0.5	18.769550
46.350000	0.5	18.465550
46.358333	0.5	18.189150
46.366667	0.5	17.959050
46.375000	0.5	17.768150
46.383333	0.5	17.615250
46.391667	0.5	17.477700
46.400000	0.5	17.400600
46.408333	0.5	17.334650
46.416667	0.5	17.302050
46.425000	0.5	17.274100
46.433333	0.5	17.277750
46.441667	0.5	17.301050
46.450000	0.5	17.329200
46.458333	0.5	17.380300
46.466667	0.5	17.431800
46.475000	0.5	17.493750
46.483333	0.5	17.560450
46.491667	0.5	17.631850
46.500000	0.5	17.711650
46.508333	0.5	17.793800
46.516667	0.5	17.864150
46.525000	0.5	17.948050
46.533333	0.5	18.007100
46.541667	0.5	18.077800
46.550000	0.5	18.130350
46.558333	0.5	18.190450
46.566667	0.5	18.243800
46.575000	0.5	18.292750
46.583333	0.5	18.322300
46.591667	0.5	18.367100
46.600000	0.5	18.404700
46.608333	0.5	18.438300
46.616667	0.5	18.456500
46.625000	0.5	18.473000
46.633333	0.5	18.484450
46.641667	0.5	18.487200
46.650000	0.5	18.487900
46.658333	0.5	18.483850
46.666667	0.5	18.476450
46.675000	0.5	18.467350
46.683333	0.5	18.442750
46.691667	0.5	18.425500
46.700000	0.5	18.404550
46.708333	0.5	18.373100
46.716667	0.5	18.334600
46.725000	0.5	18.292450
46.733333	0.5	18.242100
46.741667	0.5	18.186950
46.750000	0.5	18.133000
46.758333	0.5	18.081700
46.766667	0.5	18.014050
46.775000	0.5	17.949600
46.783333	0.5	17.889200
46.791667	0.5	17.836100
46.800000	0.5	17.762900
46.808333	0.5	17.690300
46.816667	0.5	17.620200
46.825000	0.5	17.550000
46.833333	0.5	17.489250
46.841667	0.5	17.417100
46.850000	0.5	17.348750
46.858333	0.5	17.277700
46.866667	0.5	17.217850
46.875000	0.5	17.142000
46.883333	0.5	17.090650
46.891667	0.5	17.027000
46.900000	0.5	16.962050
46.908333	0.5	16.889450
46.916667	0.5	16.820350
46.925000	0.5	16.754500
46.933333	0.5	16.678600
46.941667	0.5	16.615450
46.950000	0.5	16.548700
46.958333	0.5	16.482350
46.966667	0.5	16.419600
46.975000	0.5	16.372800
46.983333	0.5	16.323050
46.991667	0.5	16.289300
47.000000	0.5	16.259450
47.008333	0.5	16.250200
47.016667	0.5	16.255650
47.025000	0.5	16.300300
47.033333	0.5	16.371300
47.041667	0.5	16.487600
47.050000	0.5	16.674850
47.058333	0.5	16.936400
47.066667	0.5	17.274800
47.075000	0.5	17.730100
47.083333	0.5	18.293700
47.091667	0.5	18.965150
47.100000	0.5	19.736550
47.108333	0.5	20.555100
47.116667	0.5	21.346150
47.125000	0.5	21.996750
47.133333	0.5	22.390500
47.141667	0.5	22.417250
47.150000	0.5	22.119250
47.158333	0.5	21.595800
47.166667	0.5	21.070250
47.175000	0.5	20.637450
47.183333	0.5	20.390150
47.191667	0.5	20.291150
47.200000	0.5	20.315150
47.208333	0.5	20.421800
47.216667	0.5	20.558850
47.225000	0.5	20.734500
47.233333	0.5	20.920400
47.241667	0.5	21.105650
47.250000	0.5	21.283700
47.258333	0.5	21.460700
47.266667	0.5	21.625200
47.275000	0.5	21.789950
47.283333	0.5	21.940250
47.291667	0.5	22.078250
47.300000	0.5	22.203250
47.308333	0.5	22.317850
47.316667	0.5	22.413850
47.325000	0.5	22.503550
47.333333	0.5	22.580400
47.341667	0.5	22.644350
47.350000	0.5	22.692150
47.358333	0.5	22.731150
47.366667	0.5	22.764400
47.375000	0.5	22.783050
47.383333	0.5	22.789400
47.391667	0.5	22.792400
47.400000	0.5	22.776850
47.408333	0.5	22.763700
47.416667	0.5	22.730700
47.425000	0.5	22.694200
47.433333	0.5	22.655150
47.441667	0.5	22.610350
47.450000	0.5	22.560750
47.458333	0.5	22.508850
47.466667	0.5	22.455700
47.475000	0.5	22.398350
47.483333	0.5	22.355450
47.491667	0.5	22.322900
47.500000	0.5	22.301750
47.508333	0.5	22.305350
47.516667	0.5	22.335800
47.525000	0.5	22.414350
47.533333	0.5	22.554500
47.541667	0.5	22.739950
47.550000	0.5	23.006400
47.558333	0.5	23.322100
47.566667	0.5	23.670550
47.575000	0.5	24.041150
47.583333	0.5	24.389350
47.591667	0.5	24.697900
47.600000	0.5	24.948100
47.608333	0.5	25.119850
47.616667	0.5	25.238200
47.625000	0.5	25.324600
47.633333	0.5	25.381700
47.641667	0.5	25.436800
47.650000	0.5	25.473500
47.658333	0.5	25.509100
47.666667	0.5	25.540500
47.675000	0.5	25.573400
47.683333	0.5	25.598750
47.691667	0.5	25.621100
47.700000	0.5	25.643450
47.708333	0.5	25.657500
47.716667	0.5	25.666150
47.725000	0.5	25.669050
47.733333	0.5	25.665850
47.741667	0.5	25.658350
47.750000	0.5	25.643950
47.758333	0.5	25.618900
47.766667	0.5	25.585950
47.775000	0.5	25.549400
47.783333	0.5	25.506700
47.791667	0.5	25.453850
47.800000	0.5	25.380850
47.808333	0.5	25.303650
47.816667	0.5	25.222500
47.825000	0.5	25.129050
47.833333	0.5	25.021150
47.841667	0.5	24.910650
47.850000	0.5	24.779550
47.858333	0.5	24.661900
47.866667	0.5	24.531650
47.875000	0.5	24.429400
47.883333	0.5	24.349350
47.891667	0.5	24.306600
47.900000	0.5	24.313350
47.908333	0.5	24.374200
47.916667	0.5	24.477450
47.925000	0.5	24.592800
47.933333	0.5	24.713400
47.941667	0.5	24.797300
47.950000	0.5	24.826300
47.958333	0.5	24.801250
47.966667	0.5	24.705650
47.975000	0.5	24.565150
47.983333	0.5	24.362900
47.991667	0.5	24.114900
48.000000	0.5	23.845150
48.008333	0.5	23.569150
48.016667	0.5	23.281400
48.025000	0.5	23.008300
48.033333	0.5	22.751200
48.041667	0.5	22.508950
48.050000	0.5	22.281200
48.058333	0.5	22.072150
48.066667	0.5	21.894800
48.075000	0.5	21.737450
48.083333	0.5	21.599150
48.091667	0.5	21.491550
48.100000	0.5	21.388550
48.108333	0.5	21.309650
48.116667	0.5	21.229450
48.125000	0.5	21.165350
48.133333	0.5	21.107950
48.141667	0.5	21.039850
48.150000	0.5	20.967150
48.158333	0.5	20.882700
48.166667	0.5	20.778800
48.175000	0.5	20.650900
48.183333	0.5	20.486550
48.191667	0.5	20.273350
48.200000	0.5	20.014650
48.208333	0.5	19.701000
48.216667	0.5	19.338350
48.225000	0.5	18.940400
48.233333	0.5	18.556950
48.241667	0.5	18.203850
48.250000	0.5	17.947750
48.258333	0.5	17.785950
48.266667	0.5	17.731300
48.275000	0.5	17.767300
48.283333	0.5	17.862400
48.291667	0.5	18.007500
48.300000	0.5	18.188450
48.308333	0.5	18.373550
48.316667	0.5	18.576250
48.325000	0.5	18.758600
48.333333	0.5	18.948250
48.341667	0.5	19.134600
48.350000	0.5	19.309100
48.358333	0.5	19.474850
48.366667	0.5	19.632550
48.375000	0.5	19.781150
48.383333	0.5	19.916850
48.391667	0.5	20.040900
48.400000	0.5	20.138600
48.408333	0.5	20.240500
48.416667	0.5	20.322800
48.425000	0.5	20.393100
48.433333	0.5	20.450300
48.441667	0.5	20.498800
48.450000	0.5	20.531900
48.458333	0.5	20.560000
48.466667	0.5	20.568950
48.475000	0.5	20.579450
48.483333	0.5	20.565650
48.491667	0.5	20.549150
48.500000	0.5	20.513900
48.508333	0.5	20.479550
48.516667	0.5	20.423250
48.525000	0.5	20.359550
48.533333	0.5	20.297850
48.541667	0.5	20.213450
48.550000	0.5	20.127300
48.558333	0.5	20.039450
48.566667	0.5	19.939200
48.575000	0.5	19.832600
48.583333	0.5	19.735650
48.591667	0.5	19.616150
48.600000	0.5	19.519550
48.608333	0.5	19.429550
48.616667	0.5	19.338900
48.625000	0.5	19.281550
48.633333	0.5	19.251300
48.641667	0.5	19.251800
48.650000	0.5	19.286300
48.658333	0.5	19.358100
48.666667	0.5	19.446250
48.675000	0.5	19.547250
48.683333	0.5	19.641350
48.691667	0.5	19.703300
48.700000	0.5	19.724250
48.708333	0.5	19.688850
48.716667	0.5	19.590000
48.725000	0.5	19.431200
48.733333	0.5	19.219250
48.741667	0.5	18.969200
48.750000	0.5	18.696150
48.758333	0.5	18.408800
48.766667	0.5	18.125200
48.775000	0.5	17.854700
48.783333	0.5	17.587100
48.791667	0.5	17.333950
48.800000	0.5	17.113200
48.808333	0.5	16.907800
48.816667	0.5	16.729150
48.825000	0.5	16.540450
48.833333	0.5	16.389250
48.841667	0.5	16.246500
48.850000	0.5	16.123750
48.858333	0.5	16.015950
48.866667	0.5	15.912850
48.875000	0.5	15.828550
48.883333	0.5	15.754750
48.891667	0.5	15.706850
48.900000	0.5	15.660400
48.908333	0.5	15.617800
48.916667	0.5	15.588450
48.925000	0.5	15.566350
48.933333	0.5	15.555100
48.941667	0.5	15.543600
48.950000	0.5	15.556150
48.958333	0.5	15.563400
48.966667	0.5	15.586450
48.975000	0.5	15.608100
48.983333	0.5	15.642750
48.991667	0.5	15.686750
49.000000	0.5	15.732850
49.008333	0.5	15.770100
49.016667	0.5	15.829050
49.025000	0.5	15.881350
49.033333	0.5	15.950800
49.041667	0.5	16.010750
49.050000	0.5	16.072500
49.058333	0.5	16.144100
49.066667	0.5	16.213250
49.075000	0.5	16.270300
49.083333	0.5	16.347850
49.091667	0.5	16.424900
49.100000	0.5	16.496300
49.108333	0.5	16.567350
49.116667	0.5	16.629050
49.125000	0.5	16.691600
49.133333	0.5	16.750950
49.141667	0.5	16.817950
49.150000	0.5	16.862700
49.158333	0.5	16.911550
49.166667	0.5	16.959150
49.175000	0.5	16.996200
49.183333	0.5	17.034550
49.191667	0.5	17.064350
49.200000	0.5	17.077600
49.208333	0.5	17.093850
49.216667	0.5	17.098600
49.225000	0.5	17.090100
49.233333	0.5	17.082350
49.241667	0.5	17.057250
49.250000	0.5	17.028800
49.258333	0.5	16.993250
49.266667	0.5	16.943950
49.275000	0.5	16.893900
49.283333	0.5	16.834750
49.291667	0.5	16.777450
49.300000	0.5	16.696900
49.308333	0.5	16.622850
49.316667	0.5	16.540300
49.325000	0.5	16.455450
49.333333	0.5	16.368350
49.341667	0.5	16.288450
49.350000	0.5	16.197900
49.358333	0.5	16.129800
49.366667	0.5	16.067150
49.375000	0.5	16.024850
49.383333	0.5	16.002100
49.391667	0.5	15.998350
49.400000	0.5	16.022300
49.408333	0.5	16.082450
49.416667	0.5	16.185550
49.425000	0.5	16.350400
49.433333	0.5	16.562100
49.441667	0.5	16.817400
49.450000	0.5	17.128600
49.458333	0.5	17.466000
49.466667	0.5	17.841800
49.475000	0.5	18.213500
49.483333	0.5	18.559450
49.491667	0.5	18.843000
49.500000	0.5	19.033150
49.508333	0.5	19.106200
49.516667	0.5	19.068600
49.525000	0.5	18.950750
49.533333	0.5	18.769150
49.541667	0.5	18.585250
49.550000	0.5	18.433200
49.558333	0.5	18.312450
49.566667	0.5	18.240950
49.575000	0.5	18.213700
49.583333	0.5	18.226400
49.591667	0.5	18.260750
49.600000	0.5	18.323550
49.608333	0.5	18.390150
49.616667	0.5	18.475350
49.625000	0.5	18.561450
49.633333	0.5	18.648450
49.641667	0.5	18.729900
49.650000	0.5	18.802500
49.658333	0.5	18.883400
49.666667	0.5	18.957250
49.675000	0.5	19.018900
49.683333	0.5	19.074300
49.691667	0.5	19.128300
49.700000	0.5	19.170050
49.708333	0.5	19.215500
49.716667	0.5	19.247100
49.725000	0.5	19.275750
49.733333	0.5	19.301950
49.741667	0.5	19.308800
49.750000	0.5	19.332800
49.758333	0.5	19.347250
49.766667	0.5	19.361800
49.775000	0.5	19.371300
49.783333	0.5	19.397350
49.791667	0.5	19.421600
49.800000	0.5	19.458100
49.808333	0.5	19.512650
49.816667	0.5	19.584050
49.825000	0.5	19.676650
49.833333	0.5	19.792900
49.841667	0.5	19.940500
49.850000	0.5	20.122450
49.858333	0.5	20.322350
49.866667	0.5	20.529250
49.875000	0.5	20.751950
49.883333	0.5	20.973450
49.891667	0.5	21.151300
49.900000	0.5	21.281000
49.908333	0.5	21.348850
49.916667	0.5	21.322500
49.925000	0.5	21.207550
49.933333	0.5	20.995750
49.941667	0.5	20.703950
49.950000	0.5	20.360500
49.958333	0.5	19.951300
49.966667	0.5	19.502550
49.975000	0.5	19.023400
49.983333	0.5	18.538150
49.991667	0.5	18.057200
50.000000	0.5	17.588650
50.008333	0.5	17.128700
50.016667	0.5	16.696550
50.025000	0.5	16.289900
50.033333	0.5	15.902850
50.041667	0.5	15.560350
50.050000	0.5	15.243000
50.058333	0.5	14.936300
50.066667	0.5	14.661500
50.075000	0.5	14.416350
50.083333	0.5	14.197650
50.091667	0.5	14.001350
50.100000	0.5	13.846750
50.108333	0.5	13.720600
50.116667	0.5	13.628200
50.125000	0.5	13.590050
50.133333	0.5	13.590900
50.141667	0.5	13.665000
50.150000	0.5	13.802350
50.158333	0.5	13.995550
50.166667	0.5	14.243700
50.175000	0.5	14.552000
50.183333	0.5	14.888150
50.191667	0.5	15.246000
50.200000	0.5	15.624850
50.208333	0.5	16.020350
50.216667	0.5	16.416250
50.225000	0.5	16.810300
50.233333	0.5	17.237200
50.241667	0.5	17.641200
50.250000	0.5	18.059400
50.258333	0.5	18.474400
50.266667	0.5	18.898100
50.275000	0.5	19.303550
50.283333	0.5	19.689450
50.291667	0.5	20.068850
50.300000	0.5	20.400400
50.308333	0.5	20.704950
50.316667	0.5	20.978350
50.325000	0.5	21.224150
50.333333	0.5	21.437400
50.341667	0.5	21.617750
50.350000	0.5	21.762950
50.358333	0.5	21.906500
50.366667	0.5	22.026500
50.375000	0.5	22.143550
50.383333	0.5	22.248500
50.391667	0.5	22.343300
50.400000	0.5	22.437200
50.408333	0.5	22.525900
50.416667	0.5	22.611400
50.425000	0.5	22.696550
50.433333	0.5	22.761450
50.441667	0.5	22.835600
50.450000	0.5	22.908500
50.458333	0.5	22.969100
50.466667	0.5	23.024900
50.475000	0.5	23.071650
50.483333	0.5	23.105650
50.491667	0.5	23.140200
50.500000	0.5	23.170550
50.508333	0.5	23.181150
50.516667	0.5	23.191100
50.525000	0.5	23.165500
50.533333	0.5	23.127050
50.541667	0.5	23.051150
50.550000	0.5	22.943250
50.558333	0.5	22.789400
50.566667	0.5	22.580800
50.575000	0.5	22.314400
50.583333	0.5	21.982300
50.591667	0.5	21.583400
50.600000	0.5	21.122250
50.608333	0.5	20.602200
50.616667	0.5	20.051350
50.625000	0.5	19.469450
50.633333	0.5	18.882850
50.641667	0.5	18.344550
50.650000	0.5	17.873700
50.658333	0.5	17.513900
50.666667	0.5	17.275200
50.675000	0.5	17.150600
50.683333	0.5	17.126650
50.691667	0.5	17.179950
50.700000	0.5	17.274150
50.708333	0.5	17.410650
50.716667	0.5	17.564950
50.725000	0.5	17.734200
50.733333	0.5	17.901250
50.741667	0.5	18.056650
50.750000	0.5	18.227950
50.758333	0.5	18.387800
50.766667	0.5	18.529900
50.775000	0.5	18.661000
50.783333	0.5	18.792250
50.791667	0.5	18.910600
50.800000	0.5	19.014350
50.808333	0.5	19.108400
50.816667	0.5	19.192150
50.825000	0.5	19.264550
50.833333	0.5	19.327150
50.841667	0.5	19.374400
50.850000	0.5	19.413550
50.858333	0.5	19.447100
50.866667	0.5	19.460300
50.875000	0.5	19.474200
50.883333	0.5	19.472550
50.891667	0.5	19.456450
50.900000	0.5	19.437600
50.908333	0.5	19.403750
50.916667	0.5	19.370950
50.925000	0.5	19.321800
50.933333	0.5	19.263700
50.941667	0.5	19.190150
50.950000	0.5	19.119750
50.958333	0.5	19.037700
50.966667	0.5	18.943950
50.975000	0.5	18.859350
50.983333	0.5	18.756150
50.991667	0.5	18.659000
51.000000	0.5	18.569850
51.008333	0.5	18.484300
51.016667	0.5	18.406200
51.025000	0.5	18.350700
51.033333	0.5	18.318400
51.041667	0.5	18.306850
51.050000	0.5	18.329650
51.058333	0.5	18.379600
51.066667	0.5	18.436850
51.075000	0.5	18.505850
51.083333	0.5	18.559000
51.091667	0.5	18.593450
51.100000	0.5	18.597050
51.108333	0.5	18.540550
51.116667	0.5	18.439800
51.125000	0.5	18.287400
51.133333	0.5	18.095350
51.141667	0.5	17.872100
51.150000	0.5	17.620750
51.158333	0.5	17.369350
51.166667	0.5	17.116300
51.175000	0.5	16.874050
51.183333	0.5	16.637450
51.191667	0.5	16.424050
51.200000	0.5	16.228450
51.208333	0.5	16.052300
51.216667	0.5	15.887250
51.225000	0.5	15.741500
51.233333	0.5	15.615050
51.241667	0.5	15.509050
51.250000	0.5	15.411800
51.258333	0.5	15.328050
51.266667	0.5	15.258950
51.275000	0.5	15.200750
51.283333	0.5	15.142350
51.291667	0.5	15.110650
51.300000	0.5	15.079600
51.308333	0.5	15.054250
51.316667	0.5	15.025200
51.325000	0.5	15.007600
51.333333	0.5	14.994200
51.341667	0.5	14.977750
51.350000	0.5	14.969700
51.358333	0.5	14.965200
51.366667	0.5	14.962000
51.375000	0.5	14.959300
51.383333	0.5	14.964400
51.391667	0.5	14.960000
51.400000	0.5	14.960950
51.408333	0.5	14.964450
51.416667	0.5	14.976250
51.425000	0.5	14.972600
51.433333	0.5	14.974500
51.441667	0.5	14.980750
51.450000	0.5	14.983950
51.458333	0.5	14.990650
51.466667	0.5	14.997950
51.475000	0.5	15.002150
51.483333	0.5	15.017600
51.491667	0.5	15.027450
51.500000	0.5	15.033350
51.508333	0.5	15.050600
51.516667	0.5	15.059300
51.525000	0.5	15.080300
51.533333	0.5	15.096000
51.541667	0.5	15.117250
51.550000	0.5	15.147050
51.558333	0.5	15.180500
51.566667	0.5	15.218950
51.575000	0.5	15.280050
51.583333	0.5	15.341050
51.591667	0.5	15.421900
51.600000	0.5	15.516250
51.608333	0.5	15.619000
51.616667	0.5	15.751750
51.625000	0.5	15.904450
51.633333	0.5	16.078450
51.641667	0.5	16.266100
51.650000	0.5	16.476250
51.658333	0.5	16.695250
51.666667	0.5	16.933250
51.675000	0.5	17.165850
51.683333	0.5	17.389900
51.691667	0.5	17.591550
51.700000	0.5	17.769850
51.708333	0.5	17.907100
51.716667	0.5	18.008750
51.725000	0.5	18.052150
51.733333	0.5	18.062900
51.741667	0.5	18.048700
51.750000	0.5	17.997950
51.758333	0.5	17.948500
51.766667	0.5	17.902550
51.775000	0.5	17.848550
51.783333	0.5	17.810800
51.791667	0.5	17.793900
51.800000	0.5	17.784850
51.808333	0.5	17.790200
51.816667	0.5	17.802850
51.825000	0.5	17.824400
51.833333	0.5	17.854500
51.841667	0.5	17.895250
51.850000	0.5	17.925050
51.858333	0.5	17.974150
51.866667	0.5	18.015650
51.875000	0.5	18.058500
51.883333	0.5	18.092750
51.891667	0.5	18.129200
51.900000	0.5	18.170100
51.908333	0.5	18.216200
51.916667	0.5	18.249400
51.925000	0.5	18.293250
51.933333	0.5	18.343150
51.941667	0.5	18.393950
51.950000	0.5	18.452050
51.958333	0.5	18.524700
51.966667	0.5	18.600100
51.975000	0.5	18.679050
51.983333	0.5	18.777850
51.991667	0.5	18.885300
52.000000	0.5	19.003750
52.008333	0.5	19.124500
52.016667	0.5	19.250500
52.025000	0.5	19.354200
52.033333	0.5	19.453850
52.041667	0.5	19.507100
52.050000	0.5	19.526600
52.058333	0.5	19.493600
52.066667	0.5	19.402150
52.075000	0.5	19.244350
52.083333	0.5	19.033650
52.091667	0.5	18.770750
52.100000	0.5	18.464400
52.108333	0.5	18.122050
52.116667	0.5	17.759450
52.125000	0.5	17.377750
52.133333	0.5	17.004100
52.141667	0.5	16.632750
52.150000	0.5	16.266800
52.158333	0.5	15.933750
52.166667	0.5	15.612850
52.175000	0.5	15.316350
52.183333	0.5	15.035800
52.191667	0.5	14.783650
52.200000	0.5	14.558350
52.208333	0.5	14.356800
52.216667	0.5	14.190100
52.225000	0.5	14.042650
52.233333	0.5	13.920800
52.241667	0.5	13.825750
52.250000	0.5	13.753000
52.258333	0.5	13.705950
52.266667	0.5	13.663850
52.275000	0.5	13.657300
52.283333	0.5	13.641800
52.291667	0.5	13.656050
52.300000	0.5	13.684900
52.308333	0.5	13.730750
52.316667	0.5	13.766000
52.325000	0.5	13.835950
52.333333	0.5	13.898150
52.341667	0.5	13.981600
52.350000	0.5	14.070250
52.358333	0.5	14.165450
52.366667	0.5	14.267050
52.375000	0.5	14.360650
52.383333	0.5	14.465850
52.391667	0.5	14.568100
52.400000	0.5	14.676550
52.408333	0.5	14.772050
52.416667	0.5	14.873050
52.425000	0.5	14.978350
52.433333	0.5	15.081650
52.441667	0.5	15.179500
52.450000	0.5	15.287000
52.458333	0.5	15.376950
52.466667	0.5	15.468750
52.475000	0.5	15.562650
52.483333	0.5	15.658700
52.491667	0.5	15.755700
52.500000	0.5	15.849300
52.508333	0.5	15.941500
52.516667	0.5	16.048400
52.525000	0.5	16.134000
52.533333	0.5	16.238150
52.541667	0.5	16.332200
52.550000	0.5	16.417550
52.558333	0.5	16.496800
52.566667	0.5	16.568750
52.575000	0.5	16.631500
52.583333	0.5	16.683550
52.591667	0.5	16.731900
52.600000	0.5	16.771200
52.608333	0.5	16.808450
52.616667	0.5	16.832700
52.625000	0.5	16.847700
52.633333	0.5	16.870000
52.641667	0.5	16.880900
52.650000	0.5	16.882700
52.658333	0.5	16.887050
52.666667	0.5	16.881150
52.675000	0.5	16.873550
52.683333	0.5	16.857250
52.691667	0.5	16.839900
52.700000	0.5	16.824150
52.708333	0.5	16.808100
52.716667	0.5	16.786500
52.725000	0.5	16.769300
52.733333	0.5	16.760850
52.741667	0.5	16.737900
52.750000	0.5	16.738200
52.758333	0.5	16.749700
52.766667	0.5	16.782000
52.775000	0.5	16.818850
52.783333	0.5	16.882350
52.791667	0.5	16.974350
52.800000	0.5	17.093900
52.808333	0.5	17.237400
52.816667	0.5	17.408450
52.825000	0.5	17.605100
52.833333	0.5	17.803700
52.841667	0.5	18.000400
52.850000	0.5	18.164300
52.858333	0.5	18.285450
52.866667	0.5	18.333750
52.875000	0.5	18.307000
52.883333	0.5	18.199950
52.891667	0.5	18.054350
52.900000	0.5	17.890750
52.908333	0.5	17.755800
52.916667	0.5	17.666500
52.925000	0.5	17.631200
52.933333	0.5	17.653650
52.941667	0.5	17.720750
52.950000	0.5	17.808800
52.958333	0.5	17.928650
52.966667	0.5	18.050700
52.975000	0.5	18.187000
52.983333	0.5	18.319300
52.991667	0.5	18.453100
53.000000	0.5	18.588300
53.008333	0.5	18.711000
53.016667	0.5	18.831300
53.025000	0.5	18.932250
53.033333	0.5	19.022500
53.041667	0.5	19.113100
53.050000	0.5	19.195200
53.058333	0.5	19.263700
53.066667	0.5	19.311800
53.075000	0.5	19.353600
53.083333	0.5	19.390500
53.091667	0.5	19.410000
53.100000	0.5	19.419700
53.108333	0.5	19.423100
53.116667	0.5	19.409800
53.125000	0.5	19.389350
53.133333	0.5	19.363550
53.141667	0.5	19.315750
53.150000	0.5	19.276200
53.158333	0.5	19.205950
53.166667	0.5	19.146050
53.175000	0.5	19.071200
53.183333	0.5	18.994700
53.191667	0.5	18.899400
53.200000	0.5	18.812950
53.208333	0.5	18.709200
53.216667	0.5	18.603400
53.225000	0.5	18.495400
53.233333	0.5	18.388100
53.241667	0.5	18.281850
53.250000	0.5	18.170650
53.258333	0.5	18.066050
53.266667	0.5	17.973950
53.275000	0.5	17.892850
53.283333	0.5	17.821350
53.291667	0.5	17.764650
53.300000	0.5	17.735400
53.308333	0.5	17.724550
53.316667	0.5	17.723900
53.325000	0.5	17.748600
53.333333	0.5	17.779300
53.341667	0.5	17.792850
53.350000	0.5	17.811000
53.358333	0.5	17.800050
53.366667	0.5	17.767900
53.375000	0.5	17.704100
53.383333	0.5	17.612950
53.391667	0.5	17.492450
53.400000	0.5	17.357850
53.408333	0.5	17.215050
53.416667	0.5	17.051850
53.425000	0.5	16.892500
53.433333	0.5	16.745950
53.441667	0.5	16.595500
53.450000	0.5	16.466000
53.458333	0.5	16.340350
53.466667	0.5	16.241550
53.475000	0.5	16.159050
53.483333	0.5	16.061250
53.491667	0.5	15.968850
53.500000	0.5	15.856450
53.508333	0.5	15.725700
53.516667	0.5	15.576850
53.525000	0.5	15.402400
53.533333	0.5	15.215850
53.541667	0.5	14.999700
53.550000	0.5	14.777200
53.558333	0.5	14.549750
53.566667	0.5	14.362500
53.575000	0.5	14.231800
53.583333	0.5	14.153400
53.591667	0.5	14.113250
53.600000	0.5	14.096400
53.608333	0.5	14.083200
53.616667	0.5	14.100850
53.625000	0.5	14.126100
53.633333	0.5	14.153900
53.641667	0.5	14.203350
53.650000	0.5	14.267000
53.658333	0.5	14.339300
53.666667	0.5	14.427600
53.675000	0.5	14.534850
53.683333	0.5	14.639700
53.691667	0.5	14.772400
53.700000	0.5	14.911350
53.708333	0.5	15.061750
53.716667	0.5	15.226150
53.725000	0.5	15.392550
53.733333	0.5	15.570650
53.741667	0.5	15.750550
53.750000	0.5	15.943150
53.758333	0.5	16.120200
53.766667	0.5	16.301450
53.775000	0.5	16.473650
53.783333	0.5	16.639000
53.791667	0.5	16.797050
53.800000	0.5	16.933650
53.808333	0.5	17.063500
53.816667	0.5	17.168350
53.825000	0.5	17.263850
53.833333	0.5	17.337350
53.841667	0.5	17.406050
53.850000	0.5	17.459300
53.858333	0.5	17.501750
53.866667	0.5	17.522550
53.875000	0.5	17.554500
53.883333	0.5	17.561500
53.891667	0.5	17.582400
53.900000	0.5	17.590500
53.908333	0.5	17.608550
53.916667	0.5	17.612500
53.925000	0.5	17.628700
53.933333	0.5	17.644500
53.941667	0.5	17.665650
53.950000	0.5	17.682600
53.958333	0.5	17.692600
53.966667	0.5	17.730300
53.975000	0.5	17.748150
53.983333	0.5	17.769200
53.991667	0.5	17.805100
54.000000	0.5	17.830450
54.008333	0.5	17.866350
54.016667	0.5	17.904350
54.025000	0.5	17.940100
54.033333	0.5	17.976850
54.041667	0.5	18.020100
54.050000	0.5	18.052650
54.058333	0.5	18.095650
54.066667	0.5	18.138650
54.075000	0.5	18.170950
54.083333	0.5	18.191450
54.091667	0.5	18.215800
54.100000	0.5	18.232800
54.108333	0.5	18.241850
54.116667	0.5	18.238200
54.125000	0.5	18.233550
54.133333	0.5	18.198050
54.141667	0.5	18.142300
54.150000	0.5	18.083900
54.158333	0.5	18.009950
54.166667	0.5	17.915700
54.175000	0.5	17.806100
54.183333	0.5	17.668750
54.191667	0.5	17.520500
54.200000	0.5	17.349400
54.208333	0.5	17.171750
54.216667	0.5	16.985450
54.225000	0.5	16.787650
54.233333	0.5	16.583550
54.241667	0.5	16.383950
54.250000	0.5	16.175100
54.258333	0.5	15.976300
54.266667	0.5	15.778350
54.275000	0.5	15.576500
54.283333	0.5	15.383000
54.291667	0.5	15.202200
54.300000	0.5	15.026250
54.308333	0.5	14.855750
54.316667	0.5	14.701300
54.325000	0.5	14.562450
54.333333	0.5	14.427050
54.341667	0.5	14.297500
54.350000	0.5	14.186450
54.358333	0.5	14.090950
54.366667	0.5	14.000300
54.375000	0.5	13.909250
54.383333	0.5	13.834650
54.391667	0.5	13.763400
54.400000	0.5	13.697200
54.408333	0.5	13.638900
54.416667	0.5	13.584800
54.425000	0.5	13.547050
54.433333	0.5	13.515200
54.441667	0.5	13.467550
54.450000	0.5	13.441050
54.458333	0.5	13.420500
54.466667	0.5	13.397300
54.475000	0.5	13.378650
54.483333	0.5	13.361450
54.491667	0.5	13.354150
54.500000	0.5	13.324900
54.508333	0.5	13.319050
54.516667	0.5	13.307650
54.525000	0.5	13.304500
54.533333	0.5	13.294300
54.541667	0.5	13.303100
54.550000	0.5	13.304300
54.558333	0.5	13.303200
54.566667	0.5	13.303500
54.575000	0.5	13.306100
54.583333	0.5	13.315100
54.591667	0.5	13.316850
54.600000	0.5	13.314500
54.608333	0.5	13.318850
54.616667	0.5	13.333300
54.625000	0.5	13.338200
54.633333	0.5	13.341800
54.641667	0.5	13.357650
54.650000	0.5	13.375800
54.658333	0.5	13.370750
54.666667	0.5	13.374350
54.675000	0.5	13.376600
54.683333	0.5	13.381750
54.691667	0.5	13.383850
54.700000	0.5	13.380400
54.708333	0.5	13.379450
54.716667	0.5	13.386100
54.725000	0.5	13.380700
54.733333	0.5	13.378600
54.741667	0.5	13.384450
54.750000	0.5	13.379000
54.758333	0.5	13.383800
54.766667	0.5	13.379100
54.775000	0.5	13.384750
54.783333	0.5	13.383500
54.791667	0.5	13.398650
54.800000	0.5	13.407950
54.808333	0.5	13.411050
54.816667	0.5	13.426800
54.825000	0.5	13.440150
54.833333	0.5	13.466150
54.841667	0.5	13.483850
54.850000	0.5	13.508050
54.858333	0.5	13.533650
54.866667	0.5	13.562800
54.875000	0.5	13.588150
54.883333	0.5	13.633250
54.891667	0.5	13.667400
54.900000	0.5	13.697200
54.908333	0.5	13.742850
54.916667	0.5	13.777100
54.925000	0.5	13.830100
54.933333	0.5	13.891550
54.941667	0.5	13.931100
54.950000	0.5	13.978250
54.958333	0.5	14.029400
54.966667	0.5	14.080100
54.975000	0.5	14.116950
54.983333	0.5	14.161250
54.991667	0.5	14.192150
55.000000	0.5	14.217800
55.008333	0.5	14.251050
55.016667	0.5	14.268400
55.025000	0.5	14.286800
55.033333	0.5	14.292950
55.041667	0.5	14.306750
55.050000	0.5	14.304050
55.058333	0.5	14.307150
55.066667	0.5	14.299950
55.075000	0.5	14.287750
55.083333	0.5	14.278850
55.091667	0.5	14.259450
55.100000	0.5	14.250250
55.108333	0.5	14.225350
55.116667	0.5	14.206250
55.125000	0.5	14.198650
55.133333	0.5	14.184000
55.141667	0.5	14.173800
55.150000	0.5	14.161550
55.158333	0.5	14.139000
55.166667	0.5	14.132150
55.175000	0.5	14.126850
55.183333	0.5	14.119100
55.191667	0.5	14.120850
55.200000	0.5	14.130200
55.208333	0.5	14.129250
55.216667	0.5	14.148450
55.225000	0.5	14.158900
55.233333	0.5	14.176800
55.241667	0.5	14.201000
55.250000	0.5	14.224100
55.258333	0.5	14.257500
55.266667	0.5	14.284600
55.275000	0.5	14.324450
55.283333	0.5	14.365600
55.291667	0.5	14.416700
55.300000	0.5	14.464200
55.308333	0.5	14.546250
55.316667	0.5	14.620000
55.325000	0.5	14.706550
55.333333	0.5	14.805150
55.341667	0.5	14.913250
55.350000	0.5	15.019700
55.358333	0.5	15.144650
55.366667	0.5	15.263900
55.375000	0.5	15.371500
55.383333	0.5	15.459450
55.391667	0.5	15.515700
55.400000	0.5	15.539550
55.408333	0.5	15.535900
55.416667	0.5	15.495500
55.425000	0.5	15.443600
55.433333	0.5	15.399100
55.441667	0.5	15.377450
55.450000	0.5	15.391800
55.458333	0.5	15.446450
55.466667	0.5	15.528600
55.475000	0.5	15.625300
55.483333	0.5	15.748450
55.491667	0.5	15.889000
55.500000	0.5	16.040550
55.508333	0.5	16.193300
55.516667	0.5	16.338350
55.525000	0.5	16.484000
55.533333	0.5	16.630050
55.541667	0.5	16.764450
55.550000	0.5	16.898500
55.558333	0.5	17.009950
55.566667	0.5	17.125050
55.575000	0.5	17.242500
55.583333	0.5	17.339350
55.591667	0.5	17.429650
55.600000	0.5	17.530350
55.608333	0.5	17.604450
55.616667	0.5	17.685500
55.625000	0.5	17.747500
55.633333	0.5	17.825550
55.641667	0.5	17.874300
55.650000	0.5	17.937750
55.658333	0.5	17.991150
55.666667	0.5	18.040350
55.675000	0.5	18.096700
55.683333	0.5	18.152000
55.691667	0.5	18.194200
55.700000	0.5	18.249800
55.708333	0.5	18.293200
55.716667	0.5	18.338450
55.725000	0.5	18.381300
55.733333	0.5	18.442200
55.741667	0.5	18.488150
55.750000	0.5	18.537300
55.758333	0.5	18.587600
55.766667	0.5	18.642850
55.775000	0.5	18.702950
55.783333	0.5	18.755400
55.791667	0.5	18.806500
55.800000	0.5	18.870200
55.808333	0.5	18.927550
55.816667	0.5	19.001450
55.825000	0.5	19.066350
55.833333	0.5	19.133600
55.841667	0.5	19.196500
55.850000	0.5	19.278100
55.858333	0.5	19.359150
55.866667	0.5	19.451150
55.875000	0.5	19.539150
55.883333	0.5	19.637450
55.891667	0.5	19.744300
55.900000	0.5	19.845700
55.908333	0.5	19.954350
55.916667	0.5	20.069350
55.925000	0.5	20.169600
55.933333	0.5	20.275800
55.941667	0.5	20.366900
55.950000	0.5	20.433400
55.958333	0.5	20.475200
55.966667	0.5	20.493950
55.975000	0.5	20.475850
55.983333	0.5	20.427600
55.991667	0.5	20.335650
56.000000	0.5	20.207750
56.008333	0.5	20.047200
56.016667	0.5	19.855700
56.025000	0.5	19.648150
56.033333	0.5	19.421000
56.041667	0.5	19.190250
56.050000	0.5	18.957600
56.058333	0.5	18.733900
56.066667	0.5	18.522750
56.075000	0.5	18.333800
56.083333	0.5	18.164850
56.091667	0.5	18.027900
56.100000	0.5	17.910350
56.108333	0.5	17.816950
56.116667	0.5	17.746600
56.125000	0.5	17.703550
56.133333	0.5	17.676450
56.141667	0.5	17.650700
56.150000	0.5	17.649250
56.158333	0.5	17.652950
56.166667	0.5	17.665900
56.175000	0.5	17.677250
56.183333	0.5	17.686850
56.191667	0.5	17.696850
56.200000	0.5	17.703900
56.208333	0.5	17.709400
56.216667	0.5	17.705200
56.225000	0.5	17.711350
56.233333	0.5	17.700050
56.241667	0.5	17.707300
56.250000	0.5	17.708500
56.258333	0.5	17.696250
56.266667	0.5	17.705850
56.275000	0.5	17.699900
56.283333	0.5	17.705850
56.291667	0.5	17.707700
56.300000	0.5	17.719250
56.308333	0.5	17.735250
56.316667	0.5	17.747100
56.325000	0.5	17.757100
56.333333	0.5	17.778850
56.341667	0.5	17.803850
56.350000	0.5	17.822850
56.358333	0.5	17.842950
56.366667	0.5	17.868500
56.375000	0.5	17.873700
56.383333	0.5	17.884200
56.391667	0.5	17.896700
56.400000	0.5	17.893100
56.408333	0.5	17.888200
56.416667	0.5	17.886700
56.425000	0.5	17.841150
56.433333	0.5	17.792000
56.441667	0.5	17.741850
56.450000	0.5	17.656600
56.458333	0.5	17.561350
56.466667	0.5	17.463650
56.475000	0.5	17.328300
56.483333	0.5	17.189500
56.491667	0.5	17.029200
56.500000	0.5	16.857400
56.508333	0.5	16.669100
56.516667	0.5	16.478500
56.525000	0.5	16.280500
56.533333	0.5	16.090600
56.541667	0.5	15.885400
56.550000	0.5	15.689900
56.558333	0.5	15.504600
56.566667	0.5	15.330750
56.575000	0.5	15.147150
56.583333	0.5	14.975850
56.591667	0.5	14.825150
56.600000	0.5	14.694050
56.608333	0.5	14.556700
56.616667	0.5	14.445650
56.625000	0.5	14.347100
56.633333	0.5	14.264700
56.641667	0.5	14.184500
56.650000	0.5	14.114250
56.658333	0.5	14.068400
56.666667	0.5	14.029400
56.675000	0.5	13.998800
56.683333	0.5	13.956950
56.691667	0.5	13.938900
56.700000	0.5	13.927000
56.708333	0.5	13.908700
56.716667	0.5	13.897850
56.725000	0.5	13.899700
56.733333	0.5	13.897700
56.741667	0.5	13.892900
56.750000	0.5	13.902250
56.758333	0.5	13.899400
56.766667	0.5	13.907950
56.775000	0.5	13.910400
56.783333	0.5	13.914800
56.791667	0.5	13.921800
56.800000	0.5	13.928450
56.808333	0.5	13.935750
56.816667	0.5	13.935700
56.825000	0.5	13.953900
56.833333	0.5	13.961300
56.841667	0.5	13.970400
56.850000	0.5	13.987500
56.858333	0.5	14.004950
56.866667	0.5	14.015050
56.875000	0.5	14.022200
56.883333	0.5	14.037500
56.891667	0.5	14.053000
56.900000	0.5	14.061250
56.908333	0.5	14.074550
56.916667	0.5	14.094850
56.925000	0.5	14.111800
56.933333	0.5	14.121550
56.941667	0.5	14.146150
56.950000	0.5	14.161500
56.958333	0.5	14.167050
56.966667	0.5	14.186150
56.975000	0.5	14.199250
56.983333	0.5	14.217600
56.991667	0.5	14.212300
57.000000	0.5	14.214600
57.008333	0.5	14.211150
57.016667	0.5	14.205700
57.025000	0.5	14.188150
57.033333	0.5	14.181950
57.041667	0.5	14.160700
57.050000	0.5	14.141650
57.058333	0.5	14.099550
57.066667	0.5	14.070750
57.075000	0.5	14.027250
57.083333	0.5	13.970400
57.091667	0.5	13.919900
57.100000	0.5	13.853400
57.108333	0.5	13.785750
57.116667	0.5	13.719050
57.125000	0.5	13.631650
57.133333	0.5	13.558350
57.141667	0.5	13.477650
57.150000	0.5	13.388900
57.158333	0.5	13.299450
57.166667	0.5	13.213650
57.175000	0.5	13.138450
57.183333	0.5	13.060500
57.191667	0.5	12.991250
57.200000	0.5	12.927700
57.208333	0.5	12.880750
57.216667	0.5	12.852950
57.225000	0.5	12.831700
57.233333	0.5	12.845000
57.241667	0.5	12.851150
57.250000	0.5	12.878550
57.258333	0.5	12.927450
57.266667	0.5	12.991400
57.275000	0.5	13.058550
57.283333	0.5	13.133400
57.291667	0.5	13.219100
57.300000	0.5	13.317600
57.308333	0.5	13.405600
57.316667	0.5	13.504100
57.325000	0.5	13.599750
57.333333	0.5	13.710000
57.341667	0.5	13.806000
57.350000	0.5	13.898600
57.358333	0.5	14.000350
57.366667	0.5	14.091000
57.375000	0.5	14.169500
57.383333	0.5	14.260650
57.391667	0.5	14.342650
57.400000	0.5	14.424150
57.408333	0.5	14.476700
57.416667	0.5	14.477650
57.425000	0.5	14.618400
57.433333	0.5	14.682000
57.441667	0.5	14.725850
57.450000	0.5	14.776800
57.458333	0.5	14.819650
57.466667	0.5	14.855800
57.475000	0.5	14.889500
57.483333	0.5	14.908300
57.491667	0.5	14.931500
57.500000	0.5	14.958650
57.508333	0.5	14.960950
57.516667	0.5	14.974400
57.525000	0.5	14.990900
57.533333	0.5	14.990250
57.541667	0.5	14.990250
57.550000	0.5	14.983100
57.558333	0.5	14.977350
57.566667	0.5	14.973050
57.575000	0.5	14.968050
57.583333	0.5	14.950400
57.591667	0.5	14.946700
57.600000	0.5	14.949050
57.608333	0.5	14.937800
57.616667	0.5	14.944200
57.625000	0.5	14.946600
57.633333	0.5	14.959250
57.641667	0.5	14.978850
57.650000	0.5	15.018300
57.658333	0.5	15.061950
57.666667	0.5	15.111650
57.675000	0.5	15.176350
57.683333	0.5	15.255850
57.691667	0.5	15.327600
57.700000	0.5	15.404400
57.708333	0.5	15.481050
57.716667	0.5	15.532300
57.725000	0.5	15.549450
57.733333	0.5	15.547650
57.741667	0.5	15.526600
57.750000	0.5	15.484700
57.758333	0.5	15.454050
57.766667	0.5	15.437850
57.775000	0.5	15.438800
57.783333	0.5	15.489500
57.791667	0.5	15.549300
57.800000	0.5	15.649250
57.808333	0.5	15.757450
57.816667	0.5	15.875950
57.825000	0.5	16.014100
57.833333	0.5	16.163200
57.841667	0.5	16.308550
57.850000	0.5	16.442700
57.858333	0.5	16.579950
57.866667	0.5	16.698150
57.875000	0.5	16.828050
57.883333	0.5	16.948350
57.891667	0.5	17.046050
57.900000	0.5	17.139200
57.908333	0.5	17.225250
57.916667	0.5	17.300050
57.925000	0.5	17.365850
57.933333	0.5	17.426800
57.941667	0.5	17.471150
57.950000	0.5	17.518950
57.958333	0.5	17.555700
57.966667	0.5	17.580300
57.975000	0.5	17.595250
57.983333	0.5	17.599000
57.991667	0.5	17.613650
58.000000	0.5	17.609350
58.008333	0.5	17.593850
58.016667	0.5	17.580650
58.025000	0.5	17.555750
58.033333	0.5	17.532800
58.041667	0.5	17.493000
58.050000	0.5	17.473800
58.058333	0.5	17.437600
58.066667	0.5	17.409100
58.075000	0.5	17.364550
58.083333	0.5	17.343300
58.091667	0.5	17.310800
58.100000	0.5	17.294450
58.108333	0.5	17.279300
58.116667	0.5	17.267600
58.125000	0.5	17.264850
58.133333	0.5	17.273750
58.141667	0.5	17.292700
58.150000	0.5	17.329600
58.158333	0.5	17.374500
58.166667	0.5	17.446900
58.175000	0.5	17.501850
58.183333	0.5	17.595000
58.191667	0.5	17.682850
58.200000	0.5	17.799150
58.208333	0.5	17.898700
58.216667	0.5	18.021500
58.225000	0.5	18.145450
58.233333	0.5	18.280300
58.241667	0.5	18.410550
58.250000	0.5	18.533900
58.258333	0.5	18.672300
58.266667	0.5	18.786200
58.275000	0.5	18.911200
58.283333	0.5	19.033650
58.291667	0.5	19.140150
58.300000	0.5	19.253200
58.308333	0.5	19.336600
58.316667	0.5	19.440200
58.325000	0.5	19.523800
58.333333	0.5	19.604150
58.341667	0.5	19.691700
58.350000	0.5	19.762600
58.358333	0.5	19.830700
58.366667	0.5	19.888750
58.375000	0.5	19.951700
58.383333	0.5	20.008550
58.391667	0.5	20.056000
58.400000	0.5	20.105150
58.408333	0.5	20.154750
58.416667	0.5	20.203700
58.425000	0.5	20.237750
58.433333	0.5	20.272950
58.441667	0.5	20.304300
58.450000	0.5	20.338550
58.458333	0.5	20.342200
58.466667	0.5	20.358200
58.475000	0.5	20.361600
58.483333	0.5	20.350500
58.491667	0.5	20.326400
58.500000	0.5	20.282250
58.508333	0.5	20.230400
58.516667	0.5	20.160200
58.525000	0.5	20.065750
58.533333	0.5	19.954350
58.541667	0.5	19.812050
58.550000	0.5	19.661200
58.558333	0.5	19.489600
58.566667	0.5	19.295250
58.575000	0.5	19.090900
58.583333	0.5	18.862100
58.591667	0.5	18.625150
58.600000	0.5	18.386800
58.608333	0.5	18.128450
58.616667	0.5	17.870400
58.625000	0.5	17.621300
58.633333	0.5	17.371750
58.641667	0.5	17.137800
58.650000	0.5	16.917950
58.658333	0.5	16.695700
58.666667	0.5	16.499600
58.675000	0.5	16.319950
58.683333	0.5	16.145550
58.691667	0.5	15.988800
58.700000	0.5	15.851650
58.708333	0.5	15.721600
58.716667	0.5	15.592200
58.725000	0.5	15.493900
58.733333	0.5	15.407750
58.741667	0.5	15.330900
58.750000	0.5	15.251000
58.758333	0.5	15.191900
58.766667	0.5	15.138900
58.775000	0.5	15.107150
58.783333	0.5	15.067950
58.791667	0.5	15.031750
58.800000	0.5	15.003500
58.808333	0.5	14.985150
58.816667	0.5	14.960300
58.825000	0.5	14.940550
58.833333	0.5	14.923400
58.841667	0.5	14.893350
58.850000	0.5	14.881750
58.858333	0.5	14.855450
58.866667	0.5	14.836500
58.875000	0.5	14.819000
58.883333	0.5	14.793600
58.891667	0.5	14.771600
58.900000	0.5	14.747500
58.908333	0.5	14.710600
58.916667	0.5	14.686050
58.925000	0.5	14.641300
58.933333	0.5	14.598400
58.941667	0.5	14.554750
58.950000	0.5	14.513650
58.958333	0.5	14.468300
58.966667	0.5	14.429250
58.975000	0.5	14.372150
58.983333	0.5	14.318250
58.991667	0.5	14.254650
59.000000	0.5	14.194600
59.008333	0.5	14.139750
59.016667	0.5	14.079350
59.025000	0.5	14.017200
59.033333	0.5	13.954050
59.041667	0.5	13.894000
59.050000	0.5	13.837600
59.058333	0.5	13.777550
59.066667	0.5	13.717450
59.075000	0.5	13.664250
59.083333	0.5	13.607650
59.091667	0.5	13.555300
59.100000	0.5	13.507450
59.108333	0.5	13.463500
59.116667	0.5	13.422650
59.125000	0.5	13.385700
59.133333	0.5	13.364100
59.141667	0.5	13.353050
59.150000	0.5	13.335950
59.158333	0.5	13.334250
59.166667	0.5	13.334150
59.175000	0.5	13.351650
59.183333	0.5	13.369450
59.191667	0.5	13.398250
59.200000	0.5	13.426900
59.208333	0.5	13.468200
59.216667	0.5	13.515750
59.225000	0.5	13.568800
59.233333	0.5	13.628800
59.241667	0.5	13.700850
59.250000	0.5	13.757750
59.258333	0.5	13.832700
59.266667	0.5	13.908050
59.275000	0.5	13.983550
59.283333	0.5	14.060200
59.291667	0.5	14.130150
59.300000	0.5	14.201950
59.308333	0.5	14.276600
59.316667	0.5	14.356500
59.325000	0.5	14.421350
59.333333	0.5	14.498250
59.341667	0.5	14.566200
59.350000	0.5	14.619250
59.358333	0.5	14.685600
59.366667	0.5	14.729600
59.375000	0.5	14.779500
59.383333	0.5	14.817300
59.391667	0.5	14.846600
59.400000	0.5	14.874550
59.408333	0.5	14.896900
59.416667	0.5	14.920400
59.425000	0.5	14.937150
59.433333	0.5	14.948750
59.441667	0.5	14.953550
59.450000	0.5	14.960750
59.458333	0.5	14.945850
59.466667	0.5	14.946350
59.475000	0.5	14.939850
59.483333	0.5	14.921200
59.491667	0.5	14.894650
59.500000	0.5	14.873000
59.508333	0.5	14.848700
59.516667	0.5	14.829700
59.525000	0.5	14.791750
59.533333	0.5	14.763850
59.541667	0.5	14.739600
59.550000	0.5	14.697600
59.558333	0.5	14.660450
59.566667	0.5	14.627100
59.575000	0.5	14.590250
59.583333	0.5	14.543500
59.591667	0.5	14.499500
59.600000	0.5	14.464600
59.608333	0.5	14.423900
59.616667	0.5	14.372400
59.625000	0.5	14.339000
59.633333	0.5	14.297650
59.641667	0.5	14.242400
59.650000	0.5	14.211400
59.658333	0.5	14.172000
59.666667	0.5	14.122550
59.675000	0.5	14.077200
59.683333	0.5	14.042350
59.691667	0.5	14.003650
59.700000	0.5	13.963750
59.708333	0.5	13.930100
59.716667	0.5	13.892400
59.725000	0.5	13.871800
59.733333	0.5	13.845950
59.741667	0.5	13.833600
59.750000	0.5	13.819750
59.758333	0.5	13.815700
59.766667	0.5	13.816400
59.775000	0.5	13.837200
59.783333	0.5	13.869550
59.791667	0.5	13.918000
59.800000	0.5	13.989650
59.808333	0.5	14.068250
59.816667	0.5	14.185150
59.825000	0.5	14.310200
59.833333	0.5	14.448500
59.841667	0.5	14.607400
59.850000	0.5	14.774300
59.858333	0.5	14.947950
59.866667	0.5	15.097950
59.875000	0.5	15.230500
59.883333	0.5	15.343250
59.891667	0.5	15.399400
59.900000	0.5	15.428050
59.908333	0.5	15.430450
59.916667	0.5	15.421500
59.925000	0.5	15.431400
59.933333	0.5	15.451200
59.941667	0.5	15.495400
59.950000	0.5	15.562850
59.958333	0.5	15.665250
59.966667	0.5	15.777400
59.975000	0.5	15.898500
59.983333	0.5	16.033650
59.991667	0.5	16.158500
60.000000	0.5	16.300200
60.008333	0.5	16.432800
60.016667	0.5	16.559800
60.025000	0.5	16.680600
60.033333	0.5	16.793550
60.041667	0.5	16.886550
60.050000	0.5	16.992400
60.058333	0.5	17.073000
60.066667	0.5	17.155250
60.075000	0.5	17.223800
60.083333	0.5	17.291550
60.091667	0.5	17.349600
60.100000	0.5	17.395600
60.108333	0.5	17.440500
60.116667	0.5	17.470350
60.125000	0.5	17.494050
60.133333	0.5	17.510400
60.141667	0.5	17.530550
60.150000	0.5	17.545650
60.158333	0.5	17.538450
60.166667	0.5	17.533750
60.175000	0.5	17.521800
60.183333	0.5	17.508900
60.191667	0.5	17.492800
60.200000	0.5	17.480550
60.208333	0.5	17.451300
60.216667	0.5	17.424250
60.225000	0.5	17.398850
60.233333	0.5	17.372650
60.241667	0.5	17.338350
60.250000	0.5	17.308550
60.258333	0.5	17.285900
60.266667	0.5	17.260100
60.275000	0.5	17.241400
60.283333	0.5	17.233050
60.291667	0.5	17.220350
60.300000	0.5	17.219100
60.308333	0.5	17.224600
60.316667	0.5	17.231450
60.325000	0.5	17.255850
60.333333	0.5	17.275450
60.341667	0.5	17.305200
60.350000	0.5	17.322750
60.358333	0.5	17.343900
60.366667	0.5	17.353800
60.375000	0.5	17.353300
60.383333	0.5	17.335300
60.391667	0.5	17.305400
60.400000	0.5	17.245400
60.408333	0.5	17.174700
60.416667	0.5	17.095150
60.425000	0.5	16.988150
60.433333	0.5	16.874200
60.441667	0.5	16.760950
60.450000	0.5	16.642400
60.458333	0.5	16.542600
60.466667	0.5	16.445400
60.475000	0.5	16.358350
60.483333	0.5	16.323650
60.491667	0.5	16.293650
60.500000	0.5	16.294200
60.508333	0.5	16.321400
60.516667	0.5	16.370250
60.525000	0.5	16.459650
60.533333	0.5	16.577450
60.541667	0.5	16.714500
60.550000	0.5	16.879250
60.558333	0.5	17.061750
60.566667	0.5	17.256800
60.575000	0.5	17.451500
60.583333	0.5	17.682850
60.591667	0.5	17.889000
60.600000	0.5	18.109050
60.608333	0.5	18.318200
60.616667	0.5	18.526400
60.625000	0.5	18.717850
60.633333	0.5	18.904100
60.641667	0.5	19.067050
60.650000	0.5	19.220800
60.658333	0.5	19.360150
60.666667	0.5	19.480050
60.675000	0.5	19.599100
60.683333	0.5	19.699900
60.691667	0.5	19.781900
60.700000	0.5	19.854750
60.708333	0.5	19.920050
60.716667	0.5	19.956850
60.725000	0.5	19.995500
60.733333	0.5	20.027450
60.741667	0.5	20.035350
60.750000	0.5	20.041800
60.758333	0.5	20.027250
60.766667	0.5	20.006450
60.775000	0.5	19.987800
60.783333	0.5	19.947650
60.791667	0.5	19.883000
60.800000	0.5	19.818100
60.808333	0.5	19.727250
60.816667	0.5	19.637350
60.825000	0.5	19.537750
60.833333	0.5	19.406600
60.841667	0.5	19.267050
60.850000	0.5	19.116050
60.858333	0.5	18.955650
60.866667	0.5	18.782300
60.875000	0.5	18.608500
60.883333	0.5	18.414050
60.891667	0.5	18.207750
60.900000	0.5	18.003200
60.908333	0.5	17.790400
60.916667	0.5	17.576650
60.925000	0.5	17.361600
60.933333	0.5	17.147750
60.941667	0.5	16.955600
60.950000	0.5	16.748500
60.958333	0.5	16.553050
60.966667	0.5	16.373150
60.975000	0.5	16.204200
60.983333	0.5	16.039250
60.991667	0.5	15.886300
61.000000	0.5	15.754600
61.008333	0.5	15.623250
61.016667	0.5	15.507000
61.025000	0.5	15.412800
61.033333	0.5	15.326050
61.041667	0.5	15.262450
61.050000	0.5	15.194350
61.058333	0.5	15.145750
61.066667	0.5	15.106250
61.075000	0.5	15.077000
61.083333	0.5	15.064100
61.091667	0.5	15.047500
61.100000	0.5	15.036600
61.108333	0.5	15.033900
61.116667	0.5	15.021100
61.125000	0.5	15.029200
61.133333	0.5	15.036000
61.141667	0.5	15.046050
61.150000	0.5	15.061900
61.158333	0.5	15.080450
61.166667	0.5	15.090550
61.175000	0.5	15.106350
61.183333	0.5	15.130150
61.191667	0.5	15.137550
61.200000	0.5	15.158050
61.208333	0.5	15.165200
61.216667	0.5	15.178150
61.225000	0.5	15.189500
61.233333	0.5	15.203100
61.241667	0.5	15.210250
61.250000	0.5	15.234400
61.258333	0.5	15.241900
61.266667	0.5	15.259550
61.275000	0.5	15.269900
61.283333	0.5	15.280600
61.291667	0.5	15.288600
61.300000	0.5	15.294550
61.308333	0.5	15.294750
61.316667	0.5	15.303750
61.325000	0.5	15.310750
61.333333	0.5	15.316300
61.341667	0.5	15.311050
61.350000	0.5	15.319600
61.358333	0.5	15.337550
61.366667	0.5	15.324650
61.375000	0.5	15.325350
61.383333	0.5	15.327200
61.391667	0.5	15.305750
61.400000	0.5	15.301400
61.408333	0.5	15.282050
61.416667	0.5	15.265650
61.425000	0.5	15.246100
61.433333	0.5	15.221800
61.441667	0.5	15.209900
61.450000	0.5	15.179750
61.458333	0.5	15.150000
61.466667	0.5	15.115500
61.475000	0.5	15.069400
61.483333	0.5	15.032600
61.491667	0.5	14.986400
61.500000	0.5	14.947000
61.508333	0.5	14.890550
61.516667	0.5	14.846250
61.525000	0.5	14.796750
61.533333	0.5	14.752400
61.541667	0.5	14.689900
61.550000	0.5	14.640600
61.558333	0.5	14.588900
61.566667	0.5	14.528350
61.575000	0.5	14.474550
61.583333	0.5	14.412200
61.591667	0.5	14.359050
61.600000	0.5	14.302400
61.608333	0.5	14.251350
61.616667	0.5	14.188900
61.625000	0.5	14.143050
61.633333	0.5	14.087800
61.641667	0.5	14.037950
61.650000	0.5	13.988150
61.658333	0.5	13.939950
61.666667	0.5	13.894150
61.675000	0.5	13.844850
61.683333	0.5	13.806450
61.691667	0.5	13.755650
61.700000	0.5	13.728100
61.708333	0.5	13.692500
61.716667	0.5	13.660800
61.725000	0.5	13.636000
61.733333	0.5	13.612050
61.741667	0.5	13.590100
61.750000	0.5	13.577700
61.758333	0.5	13.572600
61.766667	0.5	13.577400
61.775000	0.5	13.587400
61.783333	0.5	13.612500
61.791667	0.5	13.629600
61.800000	0.5	13.685450
61.808333	0.5	13.745800
61.816667	0.5	13.824000
61.825000	0.5	13.920150
61.833333	0.5	14.041200
61.841667	0.5	14.172300
61.850000	0.5	14.321700
61.858333	0.5	14.485700
61.866667	0.5	14.667300
61.875000	0.5	14.847500
61.883333	0.5	15.016150
61.891667	0.5	15.176000
61.900000	0.5	15.322100
61.908333	0.5	15.429850
61.916667	0.5	15.499100
61.925000	0.5	15.533800
61.933333	0.5	15.559500
61.941667	0.5	15.554050
61.950000	0.5	15.547300
61.958333	0.5	15.556950
61.966667	0.5	15.586350
61.975000	0.5	15.631250
61.983333	0.5	15.687650
61.991667	0.5	15.769050
62.000000	0.5	15.866150
62.008333	0.5	15.969800
62.016667	0.5	16.070000
62.025000	0.5	16.173450
62.033333	0.5	16.289150
62.041667	0.5	16.397200
62.050000	0.5	16.497200
62.058333	0.5	16.586250
62.066667	0.5	16.687600
62.075000	0.5	16.777050
62.083333	0.5	16.863750
62.091667	0.5	16.947100
62.100000	0.5	17.015050
62.108333	0.5	17.085000
62.116667	0.5	17.135450
62.125000	0.5	17.183250
62.133333	0.5	17.230350
62.141667	0.5	17.270850
62.150000	0.5	17.298750
62.158333	0.5	17.318000
62.166667	0.5	17.344650
62.175000	0.5	17.360400
62.183333	0.5	17.367400
62.191667	0.5	17.369200
62.200000	0.5	17.361150
62.208333	0.5	17.357550
62.216667	0.5	17.350300
62.225000	0.5	17.337950
62.233333	0.5	17.312550
62.241667	0.5	17.301750
62.250000	0.5	17.284550
62.258333	0.5	17.262550
62.266667	0.5	17.262600
62.275000	0.5	17.239200
62.283333	0.5	17.227500
62.291667	0.5	17.228500
62.300000	0.5	17.214250
62.308333	0.5	17.215800
62.316667	0.5	17.214550
62.325000	0.5	17.234350
62.333333	0.5	17.230050
62.341667	0.5	17.248450
62.350000	0.5	17.247000
62.358333	0.5	17.248950
62.366667	0.5	17.233850
62.375000	0.5	17.199250
62.383333	0.5	17.168850
62.391667	0.5	17.084250
62.400000	0.5	16.995300
62.408333	0.5	16.881800
62.416667	0.5	16.725950
62.425000	0.5	16.565850
62.433333	0.5	16.394750
62.441667	0.5	16.201750
62.450000	0.5	16.002350
62.458333	0.5	15.781350
62.466667	0.5	15.578700
62.475000	0.5	15.379100
62.483333	0.5	15.170800
62.491667	0.5	14.983800
62.500000	0.5	14.805800
62.508333	0.5	14.649150
62.516667	0.5	14.490800
62.525000	0.5	14.357350
62.533333	0.5	14.236250
62.541667	0.5	14.129950
62.550000	0.5	14.054550
62.558333	0.5	13.974800
62.566667	0.5	13.930000
62.575000	0.5	13.905650
62.583333	0.5	13.891800
62.591667	0.5	13.903550
62.600000	0.5	13.911200
62.608333	0.5	13.948600
62.616667	0.5	13.999950
62.625000	0.5	14.074850
62.633333	0.5	14.137950
62.641667	0.5	14.234800
62.650000	0.5	14.332950
62.658333	0.5	14.442500
62.666667	0.5	14.563700
62.675000	0.5	14.693000
62.683333	0.5	14.831750
62.691667	0.5	14.990550
62.700000	0.5	15.160250
62.708333	0.5	15.321000
62.716667	0.5	15.482950
62.725000	0.5	15.670950
62.733333	0.5	15.862800
62.741667	0.5	16.048450
62.750000	0.5	16.232200
62.758333	0.5	16.429850
62.766667	0.5	16.618550
62.775000	0.5	16.800550
62.783333	0.5	16.998300
62.791667	0.5	17.179250
62.800000	0.5	17.357300
62.808333	0.5	17.533750
62.816667	0.5	17.702700
62.825000	0.5	17.858450
62.833333	0.5	18.017550
62.841667	0.5	18.161250
62.850000	0.5	18.293550
62.858333	0.5	18.429250
62.866667	0.5	18.543250
62.875000	0.5	18.643800
62.883333	0.5	18.741050
62.891667	0.5	18.823500
62.900000	0.5	18.892800
62.908333	0.5	18.967650
62.916667	0.5	19.015400
62.925000	0.5	19.056550
62.933333	0.5	19.082750
62.941667	0.5	19.104750
62.950000	0.5	19.110000
62.958333	0.5	19.100950
62.966667	0.5	19.079200
62.975000	0.5	19.052150
62.983333	0.5	19.009050
62.991667	0.5	18.959800
63.000000	0.5	18.885750
63.008333	0.5	18.799000
63.016667	0.5	18.695850
63.025000	0.5	18.585800
63.033333	0.5	18.453900
63.041667	0.5	18.319600
63.050000	0.5	18.167350
63.058333	0.5	18.004650
63.066667	0.5	17.831300
63.075000	0.5	17.659200
63.083333	0.5	17.463150
63.091667	0.5	17.274700
63.100000	0.5	17.072800
63.108333	0.5	16.849800
63.116667	0.5	16.646700
63.125000	0.5	16.444850
63.133333	0.5	16.218550
63.141667	0.5	16.022550
63.150000	0.5	15.825350
63.158333	0.5	15.627100
63.166667	0.5	15.449900
63.175000	0.5	15.274350
63.183333	0.5	15.107950
63.191667	0.5	14.960500
63.200000	0.5	14.813750
63.208333	0.5	14.675450
63.216667	0.5	14.568450
63.225000	0.5	14.443400
63.233333	0.5	14.346850
63.241667	0.5	14.256800
63.250000	0.5	14.189350
63.258333	0.5	14.102500
63.266667	0.5	14.040750
63.275000	0.5	13.985350
63.283333	0.5	13.939650
63.291667	0.5	13.897100
63.300000	0.5	13.855350
63.308333	0.5	13.832700
63.316667	0.5	13.808750
63.325000	0.5	13.771100
63.333333	0.5	13.751450
63.341667	0.5	13.739600
63.350000	0.5	13.719300
63.358333	0.5	13.716750
63.366667	0.5	13.712450
63.375000	0.5	13.709850
63.383333	0.5	13.702250
63.391667	0.5	13.698100
63.400000	0.5	13.698450
63.408333	0.5	13.705850
63.416667	0.5	13.702350
63.425000	0.5	13.713300
63.433333	0.5	13.722700
63.441667	0.5	13.738800
63.450000	0.5	13.740400
63.458333	0.5	13.769800
63.466667	0.5	13.783450
63.475000	0.5	13.798200
63.483333	0.5	13.822450
63.491667	0.5	13.840550
63.500000	0.5	13.875850
63.508333	0.5	13.899900
63.516667	0.5	13.919150
63.525000	0.5	13.953850
63.533333	0.5	13.981700
63.541667	0.5	14.009900
63.550000	0.5	14.060750
63.558333	0.5	14.091100
63.566667	0.5	14.142100
63.575000	0.5	14.182650
63.583333	0.5	14.228750
63.591667	0.5	14.287550
63.600000	0.5	14.338650
63.608333	0.5	14.406850
63.616667	0.5	14.458650
63.625000	0.5	14.533000
63.633333	0.5	14.591800
63.641667	0.5	14.663050
63.650000	0.5	14.737900
63.658333	0.5	14.816550
63.666667	0.5	14.893450
63.675000	0.5	14.976900
63.683333	0.5	15.051200
63.691667	0.5	15.133100
63.700000	0.5	15.214900
63.708333	0.5	15.303700
63.716667	0.5	15.375550
63.725000	0.5	15.463100
63.733333	0.5	15.528550
63.741667	0.5	15.607550
63.750000	0.5	15.669950
63.758333	0.5	15.736500
63.766667	0.5	15.779700
63.775000	0.5	15.842100
63.783333	0.5	15.883200
63.791667	0.5	15.921950
63.800000	0.5	15.956100
63.808333	0.5	15.982650
63.816667	0.5	16.016900
63.825000	0.5	16.029650
63.833333	0.5	16.048950
63.841667	0.5	16.045450
63.850000	0.5	16.049850
63.858333	0.5	16.019900
63.866667	0.5	16.025500
63.875000	0.5	15.986200
63.883333	0.5	15.969550
63.891667	0.5	15.947800
63.900000	0.5	15.934800
63.908333	0.5	15.912600
63.916667	0.5	15.899550
63.925000	0.5	15.908950
63.933333	0.5	15.922350
63.941667	0.5	15.948450
63.950000	0.5	15.962450
63.958333	0.5	16.023600
63.966667	0.5	16.073900
63.975000	0.5	16.137850
63.983333	0.5	16.216800
63.991667	0.5	16.285350
64.000000	0.5	16.384250
64.008333	0.5	16.467600
64.016667	0.5	16.533550
64.025000	0.5	16.623050
64.033333	0.5	16.700150
64.041667	0.5	16.774650
64.050000	0.5	16.837200
64.058333	0.5	16.902550
64.066667	0.5	16.971950
64.075000	0.5	17.026900
64.083333	0.5	17.071200
64.091667	0.5	17.111050
64.100000	0.5	17.152150
64.108333	0.5	17.190150
64.116667	0.5	17.211900
64.125000	0.5	17.239850
64.133333	0.5	17.238850
64.141667	0.5	17.254800
64.150000	0.5	17.260100
64.158333	0.5	17.263450
64.166667	0.5	17.263050
64.175000	0.5	17.268250
64.183333	0.5	17.252150
64.191667	0.5	17.252000
64.200000	0.5	17.239350
64.208333	0.5	17.243350
64.216667	0.5	17.235500
64.225000	0.5	17.220750
64.233333	0.5	17.224300
64.241667	0.5	17.229700
64.250000	0.5	17.233450
64.258333	0.5	17.243150
64.266667	0.5	17.256850
64.275000	0.5	17.261350
64.283333	0.5	17.258450
64.291667	0.5	17.259950
64.300000	0.5	17.252850
64.308333	0.5	17.233200
64.316667	0.5	17.220150
64.325000	0.5	17.164700
64.333333	0.5	17.096000
64.341667	0.5	17.021600
64.350000	0.5	16.932150
64.358333	0.5	16.817550
64.366667	0.5	16.669750
64.375000	0.5	16.524200
64.383333	0.5	16.359250
64.391667	0.5	16.196200
64.400000	0.5	16.005850
64.408333	0.5	15.816450
64.416667	0.5	15.628400
64.425000	0.5	15.441000
64.433333	0.5	15.246800
64.441667	0.5	15.066900
64.450000	0.5	14.886200
64.458333	0.5	14.700500
64.466667	0.5	14.540650
64.475000	0.5	14.377950
64.483333	0.5	14.222850
64.491667	0.5	14.096000
64.500000	0.5	13.961500
64.508333	0.5	13.839650
64.516667	0.5	13.727150
64.525000	0.5	13.625200
64.533333	0.5	13.524950
64.541667	0.5	13.439300
64.550000	0.5	13.360600
64.558333	0.5	13.293250
64.566667	0.5	13.226800
64.575000	0.5	13.166150
64.583333	0.5	13.113800
64.591667	0.5	13.073350
64.600000	0.5	13.029900
64.608333	0.5	12.996000
64.616667	0.5	12.965800
64.625000	0.5	12.938600
64.633333	0.5	12.914800
64.641667	0.5	12.896700
64.650000	0.5	12.879350
64.658333	0.5	12.870350
64.666667	0.5	12.878050
64.675000	0.5	12.884600
64.683333	0.5	12.887700
64.691667	0.5	12.904200
64.700000	0.5	12.933100
64.708333	0.5	12.971250
64.716667	0.5	13.011900
64.725000	0.5	13.075200
64.733333	0.5	13.124900
64.741667	0.5	13.201300
64.750000	0.5	13.283100
64.758333	0.5	13.383200
64.766667	0.5	13.484300
64.775000	0.5	13.609300
64.783333	0.5	13.738750
64.791667	0.5	13.885500
64.800000	0.5	14.042000
64.808333	0.5	14.208700
64.816667	0.5	14.385100
64.825000	0.5	14.580850
64.833333	0.5	14.770350
64.841667	0.5	14.977200
64.850000	0.5	15.186850
64.858333	0.5	15.395100
64.866667	0.5	15.606250
64.875000	0.5	15.823450
64.883333	0.5	16.032650
64.891667	0.5	16.242200
64.900000	0.5	16.443550
64.908333	0.5	16.628700
64.916667	0.5	16.799250
64.925000	0.5	16.972500
64.933333	0.5	17.127000
64.941667	0.5	17.253000
64.950000	0.5	17.389400
64.958333	0.5	17.505450
64.966667	0.5	17.604750
64.975000	0.5	17.682550
64.983333	0.5	17.750250
64.991667	0.5	17.812800
65.000000	0.5	17.848400
65.008333	0.5	17.878100
65.016667	0.5	17.901000
65.025000	0.5	17.906400
65.033333	0.5	17.907450
65.041667	0.5	17.893200
65.050000	0.5	17.857000
65.058333	0.5	17.815100
65.066667	0.5	17.766450
65.075000	0.5	17.716350
65.083333	0.5	17.635250
65.091667	0.5	17.552250
65.100000	0.5	17.476450
65.108333	0.5	17.362000
65.116667	0.5	17.259750
65.125000	0.5	17.129200
65.133333	0.5	17.006250
65.141667	0.5	16.868000
65.150000	0.5	16.720650
65.158333	0.5	16.572900
65.166667	0.5	16.425350
65.175000	0.5	16.268950
65.183333	0.5	16.110650
65.191667	0.5	15.963250
65.200000	0.5	15.808450
65.208333	0.5	15.643000
65.216667	0.5	15.485250
65.225000	0.5	15.330750
65.233333	0.5	15.193600
65.241667	0.5	15.040600
65.250000	0.5	14.914150
65.258333	0.5	14.780350
65.266667	0.5	14.662950
65.275000	0.5	14.554500
65.283333	0.5	14.472500
65.291667	0.5	14.382350
65.300000	0.5	14.311050
65.308333	0.5	14.246300
65.316667	0.5	14.195850
65.325000	0.5	14.159900
65.333333	0.5	14.134300
65.341667	0.5	14.123700
65.350000	0.5	14.129300
65.358333	0.5	14.122150
65.366667	0.5	14.145050
65.375000	0.5	14.181000
65.383333	0.5	14.206700
65.391667	0.5	14.261900
65.400000	0.5	14.320150
65.408333	0.5	14.379500
65.416667	0.5	14.447900
65.425000	0.5	14.504850
65.433333	0.5	14.580700
65.441667	0.5	14.640250
65.450000	0.5	14.731600
65.458333	0.5	14.794850
65.466667	0.5	14.873300
65.475000	0.5	14.950900
65.483333	0.5	15.016400
65.491667	0.5	15.087750
65.500000	0.5	15.135950
65.508333	0.5	15.195650
65.516667	0.5	15.254400
65.525000	0.5	15.297900
65.533333	0.5	15.347200
65.541667	0.5	15.385700
65.550000	0.5	15.419850
65.558333	0.5	15.456500
65.566667	0.5	15.471700
65.575000	0.5	15.492800
65.583333	0.5	15.518600
65.591667	0.5	15.528400
65.600000	0.5	15.540200
65.608333	0.5	15.542950
65.616667	0.5	15.544700
65.625000	0.5	15.552500
65.633333	0.5	15.545700
65.641667	0.5	15.543800
65.650000	0.5	15.535350
65.658333	0.5	15.550750
65.666667	0.5	15.536950
65.675000	0.5	15.538400
65.683333	0.5	15.538100
65.691667	0.5	15.554650
65.700000	0.5	15.581200
65.708333	0.5	15.604300
65.716667	0.5	15.645800
65.725000	0.5	15.673900
65.733333	0.5	15.708450
65.741667	0.5	15.743950
65.750000	0.5	15.782000
65.758333	0.5	15.798300
65.766667	0.5	15.819300
65.775000	0.5	15.830850
65.783333	0.5	15.843150
65.791667	0.5	15.844700
65.800000	0.5	15.853100
65.808333	0.5	15.882400
65.816667	0.5	15.911150
65.825000	0.5	15.939100
65.833333	0.5	15.993650
65.841667	0.5	16.052000
65.850000	0.5	16.109750
65.858333	0.5	16.178900
65.866667	0.5	16.257650
65.875000	0.5	16.315000
65.883333	0.5	16.386750
65.891667	0.5	16.463600
65.900000	0.5	16.533950
65.908333	0.5	16.604250
65.916667	0.5	16.661500
65.925000	0.5	16.723200
65.933333	0.5	16.781150
65.941667	0.5	16.835300
65.950000	0.5	16.875850
65.958333	0.5	16.914250
65.966667	0.5	16.938550
65.975000	0.5	16.981700
65.983333	0.5	17.002400
65.991667	0.5	17.020750
66.000000	0.5	17.044000
66.008333	0.5	17.053200
66.016667	0.5	17.059000
66.025000	0.5	17.087500
66.033333	0.5	17.078000
66.041667	0.5	17.108650
66.050000	0.5	17.115350
66.058333	0.5	17.111250
66.066667	0.5	17.123000
66.075000	0.5	17.129550
66.083333	0.5	17.137900
66.091667	0.5	17.162150
66.100000	0.5	17.169550
66.108333	0.5	17.184900
66.116667	0.5	17.182550
66.125000	0.5	17.184450
66.133333	0.5	17.180700
66.141667	0.5	17.156650
66.150000	0.5	17.127800
66.158333	0.5	17.078750
66.166667	0.5	17.009000
66.175000	0.5	16.915650
66.183333	0.5	16.818150
66.191667	0.5	16.681300
66.200000	0.5	16.535750
66.208333	0.5	16.368700
66.216667	0.5	16.203600
66.225000	0.5	15.987850
66.233333	0.5	15.784000
66.241667	0.5	15.565350
66.250000	0.5	15.354750
66.258333	0.5	15.122550
66.266667	0.5	14.903800
66.275000	0.5	14.679200
66.283333	0.5	14.467300
66.291667	0.5	14.252300
66.300000	0.5	14.053700
66.308333	0.5	13.883050
66.316667	0.5	13.695600
66.325000	0.5	13.524100
66.333333	0.5	13.353900
66.341667	0.5	13.218850
66.350000	0.5	13.087350
66.358333	0.5	12.966700
66.366667	0.5	12.853950
66.375000	0.5	12.744100
66.383333	0.5	12.665800
66.391667	0.5	12.579250
66.400000	0.5	12.521750
66.408333	0.5	12.458850
66.416667	0.5	12.409850
66.425000	0.5	12.378500
66.433333	0.5	12.351650
66.441667	0.5	12.334150
66.450000	0.5	12.303550
66.458333	0.5	12.296850
66.466667	0.5	12.287000
66.475000	0.5	12.285550
66.483333	0.5	12.280000
66.491667	0.5	12.285600
66.500000	0.5	12.304000
66.508333	0.5	12.302550
66.516667	0.5	12.319450
66.525000	0.5	12.337300
66.533333	0.5	12.361050
66.541667	0.5	12.362550
66.550000	0.5	12.396250
66.558333	0.5	12.406550
66.566667	0.5	12.443550
66.575000	0.5	12.454500
66.583333	0.5	12.504700
66.591667	0.5	12.516900
66.600000	0.5	12.551100
66.608333	0.5	12.573250
66.616667	0.5	12.614700
66.625000	0.5	12.651050
66.633333	0.5	12.686500
66.641667	0.5	12.740750
66.650000	0.5	12.793350
66.658333	0.5	12.850200
66.666667	0.5	12.897100
66.675000	0.5	12.968000
66.683333	0.5	13.047850
66.691667	0.5	13.113050
66.700000	0.5	13.200550
66.708333	0.5	13.270350
66.716667	0.5	13.367700
66.725000	0.5	13.488750
66.733333	0.5	13.590100
66.741667	0.5	13.713600
66.750000	0.5	13.834550
66.758333	0.5	13.968950
66.766667	0.5	14.121100
66.775000	0.5	14.263850
66.783333	0.5	14.424500
66.791667	0.5	14.577300
66.800000	0.5	14.745850
66.808333	0.5	14.905450
66.816667	0.5	15.081500
66.825000	0.5	15.268950
66.833333	0.5	15.426400
66.841667	0.5	15.604150
66.850000	0.5	15.765900
66.858333	0.5	15.936000
66.866667	0.5	16.097650
66.875000	0.5	16.239750
66.883333	0.5	16.381000
66.891667	0.5	16.519900
66.900000	0.5	16.647250
66.908333	0.5	16.764550
66.916667	0.5	16.886100
66.925000	0.5	16.967900
66.933333	0.5	17.067300
66.941667	0.5	17.150400
66.950000	0.5	17.222200
66.958333	0.5	17.280650
66.966667	0.5	17.336050
66.975000	0.5	17.376850
66.983333	0.5	17.399800
66.991667	0.5	17.421350
67.000000	0.5	17.445600
67.008333	0.5	17.458350
67.016667	0.5	17.457200
67.025000	0.5	17.447700
67.033333	0.5	17.436350
67.041667	0.5	17.402850
67.050000	0.5	17.372100
67.058333	0.5	17.345750
67.066667	0.5	17.299900
67.075000	0.5	17.256400
67.083333	0.5	17.201750
67.091667	0.5	17.149400
67.100000	0.5	17.086250
67.108333	0.5	17.030350
67.116667	0.5	16.960300
67.125000	0.5	16.906150
67.133333	0.5	16.830550
67.141667	0.5	16.757700
67.150000	0.5	16.685650
67.158333	0.5	16.609100
67.166667	0.5	16.541350
67.175000	0.5	16.465450
67.183333	0.5	16.407450
67.191667	0.5	16.318100
67.200000	0.5	16.247300
67.208333	0.5	16.172300
67.216667	0.5	16.101400
67.225000	0.5	16.024350
67.233333	0.5	15.938050
67.241667	0.5	15.856750
67.250000	0.5	15.781650
67.258333	0.5	15.698950
67.266667	0.5	15.617650
67.275000	0.5	15.535350
67.283333	0.5	15.458650
67.291667	0.5	15.377200
67.300000	0.5	15.285500
67.308333	0.5	15.190400
67.316667	0.5	15.099500
67.325000	0.5	15.013500
67.333333	0.5	14.914600
67.341667	0.5	14.822050
67.350000	0.5	14.720200
67.358333	0.5	14.629800
67.366667	0.5	14.532950
67.375000	0.5	14.439500
67.383333	0.5	14.358800
67.391667	0.5	14.269900
67.400000	0.5	14.192900
67.408333	0.5	14.125250
67.416667	0.5	14.068900
67.425000	0.5	14.017250
67.433333	0.5	13.983650
67.441667	0.5	13.962200
67.450000	0.5	13.960700
67.458333	0.5	13.976050
67.466667	0.5	14.017000
67.475000	0.5	14.074900
67.483333	0.5	14.161300
67.491667	0.5	14.267950
67.500000	0.5	14.395500
67.508333	0.5	14.544900
67.516667	0.5	14.706200
67.525000	0.5	14.899400
67.533333	0.5	15.059350
67.541667	0.5	15.244500
67.550000	0.5	15.405250
67.558333	0.5	15.548900
67.566667	0.5	15.679650
67.575000	0.5	15.774150
67.583333	0.5	15.856100
67.591667	0.5	15.918100
67.600000	0.5	15.952200
67.608333	0.5	15.981200
67.616667	0.5	16.017900
67.625000	0.5	16.070800
67.633333	0.5	16.095500
67.641667	0.5	16.146000
67.650000	0.5	16.187600
67.658333	0.5	16.240150
67.666667	0.5	16.299850
67.675000	0.5	16.358200
67.683333	0.5	16.415850
67.691667	0.5	16.479950
67.700000	0.5	16.537550
67.708333	0.5	16.592000
67.716667	0.5	16.657550
67.725000	0.5	16.711550
67.733333	0.5	16.756850
67.741667	0.5	16.807100
67.750000	0.5	16.853150
67.758333	0.5	16.879900
67.766667	0.5	16.927950
67.775000	0.5	16.951000
67.783333	0.5	16.980400
67.791667	0.5	17.001800
67.800000	0.5	17.028700
67.808333	0.5	17.056850
67.816667	0.5	17.074600
67.825000	0.5	17.090000
67.833333	0.5	17.112600
67.841667	0.5	17.138250
67.850000	0.5	17.144650
67.858333	0.5	17.163450
67.866667	0.5	17.177350
67.875000	0.5	17.197400
67.883333	0.5	17.195300
67.891667	0.5	17.197750
67.900000	0.5	17.207300
67.908333	0.5	17.176400
67.916667	0.5	17.155900
67.925000	0.5	17.126000
67.933333	0.5	17.070350
67.941667	0.5	17.005100
67.950000	0.5	16.916400
67.958333	0.5	16.827850
67.966667	0.5	16.698900
67.975000	0.5	16.558700
67.983333	0.5	16.404500
67.991667	0.5	16.233950
68.000000	0.5	16.050850
68.008333	0.5	15.877800
68.016667	0.5	15.673000
68.025000	0.5	15.471950
68.033333	0.5	15.274000
68.041667	0.5	15.054800
68.050000	0.5	14.872000
68.058333	0.5	14.660500
68.066667	0.5	14.478350
68.075000	0.5	14.310600
68.083333	0.5	14.122600
68.091667	0.5	13.966550
68.100000	0.5	13.811950
68.108333	0.5	13.678550
68.116667	0.5	13.560050
68.125000	0.5	13.453600
68.133333	0.5	13.365300
68.141667	0.5	13.269850
68.150000	0.5	13.211550
68.158333	0.5	13.161250
68.166667	0.5	13.127400
68.175000	0.5	13.100050
68.183333	0.5	13.087400
68.191667	0.5	13.082950
68.200000	0.5	13.076800
68.208333	0.5	13.102250
68.216667	0.5	13.125900
68.225000	0.5	13.154300
68.233333	0.5	13.180850
68.241667	0.5	13.224600
68.250000	0.5	13.266900
68.258333	0.5	13.300150
68.266667	0.5	13.345850
68.275000	0.5	13.393800
68.283333	0.5	13.443250
68.291667	0.5	13.477200
68.300000	0.5	13.525450
68.308333	0.5	13.566650
68.316667	0.5	13.610950
68.325000	0.5	13.657350
68.333333	0.5	13.683450
68.341667	0.5	13.724950
68.350000	0.5	13.742750
68.358333	0.5	13.777150
68.366667	0.5	13.806550
68.375000	0.5	13.835300
68.383333	0.5	13.848750
68.391667	0.5	13.870900
68.400000	0.5	13.883950
68.408333	0.5	13.896050
68.416667	0.5	13.913100
68.425000	0.5	13.913900
68.433333	0.5	13.921750
68.441667	0.5	13.934850
68.450000	0.5	13.946850
68.458333	0.5	13.956800
68.466667	0.5	13.957350
68.475000	0.5	13.949900
68.483333	0.5	13.956450
68.491667	0.5	13.953000
68.500000	0.5	13.970200
68.508333	0.5	13.973750
68.516667	0.5	13.986700
68.525000	0.5	13.996800
68.533333	0.5	14.011900
68.541667	0.5	14.041050
68.550000	0.5	14.063150
68.558333	0.5	14.097850
68.566667	0.5	14.136050
68.575000	0.5	14.165550
68.583333	0.5	14.220300
68.591667	0.5	14.273550
68.600000	0.5	14.342750
68.608333	0.5	14.412000
68.616667	0.5	14.470750
68.625000	0.5	14.567150
68.633333	0.5	14.656850
68.641667	0.5	14.747950
68.650000	0.5	14.851050
68.658333	0.5	14.951800
68.666667	0.5	15.050800
68.675000	0.5	15.165050
68.683333	0.5	15.278450
68.691667	0.5	15.388300
68.700000	0.5	15.500300
68.708333	0.5	15.617900
68.716667	0.5	15.733650
68.725000	0.5	15.838500
68.733333	0.5	15.955700
68.741667	0.5	16.051000
68.750000	0.5	16.163000
68.758333	0.5	16.249200
68.766667	0.5	16.339000
68.775000	0.5	16.425050
68.783333	0.5	16.497600
68.791667	0.5	16.575850
68.800000	0.5	16.632450
68.808333	0.5	16.691300
68.816667	0.5	16.746700
68.825000	0.5	16.805700
68.833333	0.5	16.834450
68.841667	0.5	16.866450
68.850000	0.5	16.894350
68.858333	0.5	16.900000
68.866667	0.5	16.909850
68.875000	0.5	16.901150
68.883333	0.5	16.906450
68.891667	0.5	16.872000
68.900000	0.5	16.860650
68.908333	0.5	16.811750
68.916667	0.5	16.779350
68.925000	0.5	16.720750
68.933333	0.5	16.646350
68.941667	0.5	16.570850
68.950000	0.5	16.473600
68.958333	0.5	16.374700
68.966667	0.5	16.262300
68.975000	0.5	16.142950
68.983333	0.5	16.015400
68.991667	0.5	15.883000
69.000000	0.5	15.734600
69.008333	0.5	15.582850
69.016667	0.5	15.440550
69.025000	0.5	15.269000
69.033333	0.5	15.101300
69.041667	0.5	14.925900
69.050000	0.5	14.766950
69.058333	0.5	14.587550
69.066667	0.5	14.429250
69.075000	0.5	14.252450
69.083333	0.5	14.091200
69.091667	0.5	13.930850
69.100000	0.5	13.785200
69.108333	0.5	13.653450
69.116667	0.5	13.542150
69.125000	0.5	13.431350
69.133333	0.5	13.344500
69.141667	0.5	13.266200
69.150000	0.5	13.204800
69.158333	0.5	13.177800
69.166667	0.5	13.169300
69.175000	0.5	13.190350
69.183333	0.5	13.241350
69.191667	0.5	13.321850
69.200000	0.5	13.423100
69.208333	0.5	13.560900
69.216667	0.5	13.727550
69.225000	0.5	13.903350
69.233333	0.5	14.116400
69.241667	0.5	14.334050
69.250000	0.5	14.542200
69.258333	0.5	14.761100
69.266667	0.5	14.970700
69.275000	0.5	15.160450
69.283333	0.5	15.342900
69.291667	0.5	15.498150
69.300000	0.5	15.640900
69.308333	0.5	15.750450
69.316667	0.5	15.810100
69.325000	0.5	15.880000
69.333333	0.5	15.928100
69.341667	0.5	15.978250
69.350000	0.5	16.023950
69.358333	0.5	16.083300
69.366667	0.5	16.121750
69.375000	0.5	16.177950
69.383333	0.5	16.215100
69.391667	0.5	16.269950
69.400000	0.5	16.325800
69.408333	0.5	16.382850
69.416667	0.5	16.424100
69.425000	0.5	16.488550
69.433333	0.5	16.536500
69.441667	0.5	16.581450
69.450000	0.5	16.629200
69.458333	0.5	16.683450
69.466667	0.5	16.718200
69.475000	0.5	16.746500
69.483333	0.5	16.785750
69.491667	0.5	16.815200
69.500000	0.5	16.844200
69.508333	0.5	16.860850
69.516667	0.5	16.886650
69.525000	0.5	16.903050
69.533333	0.5	16.923100
69.541667	0.5	16.942150
69.550000	0.5	16.967650
69.558333	0.5	16.968000
69.566667	0.5	16.972950
69.575000	0.5	16.988700
69.583333	0.5	16.991550
69.591667	0.5	16.983550
69.600000	0.5	16.977900
69.608333	0.5	16.965250
69.616667	0.5	16.957600
69.625000	0.5	16.916750
69.633333	0.5	16.889250
69.641667	0.5	16.844850
69.650000	0.5	16.797550
69.658333	0.5	16.739300
69.666667	0.5	16.659600
69.675000	0.5	16.569650
69.683333	0.5	16.483000
69.691667	0.5	16.371750
69.700000	0.5	16.265550
69.708333	0.5	16.142650
69.716667	0.5	16.004250
69.725000	0.5	15.864300
69.733333	0.5	15.719450
69.741667	0.5	15.578200
69.750000	0.5	15.424250
69.758333	0.5	15.287150
69.766667	0.5	15.125000
69.775000	0.5	14.999850
69.783333	0.5	14.868700
69.791667	0.5	14.724350
69.800000	0.5	14.600600
69.808333	0.5	14.471550
69.816667	0.5	14.362800
69.825000	0.5	14.262250
69.833333	0.5	14.159600
69.841667	0.5	14.071600
69.850000	0.5	13.987000
69.858333	0.5	13.912500
69.866667	0.5	13.836500
69.875000	0.5	13.786250
69.883333	0.5	13.713950
69.891667	0.5	13.658550
69.900000	0.5	13.622350
69.908333	0.5	13.584700
69.916667	0.5	13.544550
69.925000	0.5	13.524800
69.933333	0.5	13.486600
69.941667	0.5	13.469550
69.950000	0.5	13.443150
69.958333	0.5	13.447050
69.966667	0.5	13.414350
69.975000	0.5	13.399250
69.983333	0.5	13.388200
69.991667	0.5	13.375450
70.000000	0.5	13.362050
70.008333	0.5	13.365400
70.016667	0.5	13.372200
70.025000	0.5	13.353700
70.033333	0.5	13.346200
70.041667	0.5	13.360850
70.050000	0.5	13.345500
70.058333	0.5	13.348100
70.066667	0.5	13.346650
70.075000	0.5	13.353950
70.083333	0.5	13.344550
70.091667	0.5	13.354050
70.100000	0.5	13.366500
70.108333	0.5	13.367750
70.116667	0.5	13.375450
70.125000	0.5	13.382050
70.133333	0.5	13.390400
70.141667	0.5	13.400150
70.150000	0.5	13.413050
70.158333	0.5	13.433100
70.166667	0.5	13.437700
70.175000	0.5	13.457450
70.183333	0.5	13.465350
70.191667	0.5	13.489350
70.200000	0.5	13.496150
70.208333	0.5	13.517800
70.216667	0.5	13.516000
70.225000	0.5	13.529500
70.233333	0.5	13.533500
70.241667	0.5	13.540800
70.250000	0.5	13.553400
70.258333	0.5	13.548100
70.266667	0.5	13.550150
70.275000	0.5	13.559350
70.283333	0.5	13.569050
70.291667	0.5	13.573050
70.300000	0.5	13.569150
70.308333	0.5	13.567250
70.316667	0.5	13.543900
70.325000	0.5	13.539200
70.333333	0.5	13.536950
70.341667	0.5	13.533150
70.350000	0.5	13.522900
70.358333	0.5	13.519200
70.366667	0.5	13.524000
70.375000	0.5	13.520450
70.383333	0.5	13.531650
70.391667	0.5	13.537400
70.400000	0.5	13.541150
70.408333	0.5	13.559400
70.416667	0.5	13.589450
70.425000	0.5	13.620150
70.433333	0.5	13.675750
70.441667	0.5	13.730800
70.450000	0.5	13.780400
70.458333	0.5	13.850200
70.466667	0.5	13.912850
70.475000	0.5	14.007650
70.483333	0.5	14.110100
70.491667	0.5	14.197900
70.500000	0.5	14.316100
70.508333	0.5	14.416350
70.516667	0.5	14.542400
70.525000	0.5	14.657600
70.533333	0.5	14.783750
70.541667	0.5	14.905500
70.550000	0.5	15.032650
70.558333	0.5	15.158900
70.566667	0.5	15.276700
70.575000	0.5	15.385200
70.583333	0.5	15.492900
70.591667	0.5	15.598050
70.600000	0.5	15.702100
70.608333	0.5	15.785850
70.616667	0.5	15.864750
70.625000	0.5	15.922500
70.633333	0.5	15.979350
70.641667	0.5	16.044250
70.650000	0.5	16.072950
70.658333	0.5	16.108800
70.666667	0.5	16.136250
70.675000	0.5	16.146700
70.683333	0.5	16.135250
70.691667	0.5	16.125200
70.700000	0.5	16.112100
70.708333	0.5	16.077750
70.716667	0.5	16.053150
70.725000	0.5	16.005300
70.733333	0.5	15.963650
70.741667	0.5	15.903650
70.750000	0.5	15.854550
70.758333	0.5	15.791650
70.766667	0.5	15.735000
70.775000	0.5	15.665600
70.783333	0.5	15.602650
70.791667	0.5	15.541850
70.800000	0.5	15.491300
70.808333	0.5	15.438400
70.816667	0.5	15.398450
70.825000	0.5	15.364500
70.833333	0.5	15.345750
70.841667	0.5	15.348100
70.850000	0.5	15.351650
70.858333	0.5	15.371950
70.866667	0.5	15.393100
70.875000	0.5	15.440400
70.883333	0.5	15.494850
70.891667	0.5	15.564750
70.900000	0.5	15.617500
70.908333	0.5	15.698900
70.916667	0.5	15.757850
70.925000	0.5	15.835700
70.933333	0.5	15.886000
70.941667	0.5	15.931850
70.950000	0.5	15.986600
70.958333	0.5	16.040950
70.966667	0.5	16.081500
70.975000	0.5	16.112450
70.983333	0.5	16.135550
70.991667	0.5	16.174450
71.000000	0.5	16.203500
71.008333	0.5	16.251450
71.016667	0.5	16.293350
71.025000	0.5	16.336750
71.033333	0.5	16.382200
71.041667	0.5	16.418050
71.050000	0.5	16.460000
71.058333	0.5	16.506800
71.066667	0.5	16.558050
71.075000	0.5	16.618500
71.083333	0.5	16.656700
71.091667	0.5	16.704100
71.100000	0.5	16.737500
71.108333	0.5	16.776300
71.116667	0.5	16.821050
71.125000	0.5	16.848200
71.133333	0.5	16.873600
71.141667	0.5	16.895950
71.150000	0.5	16.930400
71.158333	0.5	16.954950
71.166667	0.5	16.970750
71.175000	0.5	16.991400
71.183333	0.5	17.013350
71.191667	0.5	17.022800
71.200000	0.5	17.034600
71.208333	0.5	17.050150
71.216667	0.5	17.048550
71.225000	0.5	17.040700
71.233333	0.5	17.031000
71.241667	0.5	17.013550
71.250000	0.5	16.987850
71.258333	0.5	16.958150
71.266667	0.5	16.917850
71.275000	0.5	16.851100
71.283333	0.5	16.783800
71.291667	0.5	16.702100
71.300000	0.5	16.601300
71.308333	0.5	16.483400
71.316667	0.5	16.362400
71.325000	0.5	16.226250
71.333333	0.5	16.068700
71.341667	0.5	15.914650
71.350000	0.5	15.740600
71.358333	0.5	15.559350
71.366667	0.5	15.384000
71.375000	0.5	15.191500
71.383333	0.5	15.013200
71.391667	0.5	14.835900
71.400000	0.5	14.660350
71.408333	0.5	14.483300
71.416667	0.5	14.323100
71.425000	0.5	14.166250
71.433333	0.5	14.000200
71.441667	0.5	13.859250
71.450000	0.5	13.718500
71.458333	0.5	13.597350
71.466667	0.5	13.486400
71.475000	0.5	13.384050
71.483333	0.5	13.293900
71.491667	0.5	13.202700
71.500000	0.5	13.144400
71.508333	0.5	13.078300
71.516667	0.5	13.022100
71.525000	0.5	12.981350
71.533333	0.5	12.956050
71.541667	0.5	12.923750
71.550000	0.5	12.901000
71.558333	0.5	12.893300
71.566667	0.5	12.886900
71.575000	0.5	12.902000
71.583333	0.5	12.896450
71.591667	0.5	12.905300
71.600000	0.5	12.927400
71.608333	0.5	12.935600
71.616667	0.5	12.958600
71.625000	0.5	12.988850
71.633333	0.5	13.003350
71.641667	0.5	13.009150
71.650000	0.5	13.039850
71.658333	0.5	13.071200
71.666667	0.5	13.084450
71.675000	0.5	13.096900
71.683333	0.5	13.112000
71.691667	0.5	13.136200
71.700000	0.5	13.144200
71.708333	0.5	13.153500
71.716667	0.5	13.165600
71.725000	0.5	13.168300
71.733333	0.5	13.178200
71.741667	0.5	13.181300
71.750000	0.5	13.180800
71.758333	0.5	13.184200
71.766667	0.5	13.186450
71.775000	0.5	13.175050
71.783333	0.5	13.168950
71.791667	0.5	13.171800
71.800000	0.5	13.150700
71.808333	0.5	13.147100
71.816667	0.5	13.138150
71.825000	0.5	13.113900
71.833333	0.5	13.117000
71.841667	0.5	13.095350
71.850000	0.5	13.092100
71.858333	0.5	13.076850
71.866667	0.5	13.086300
71.875000	0.5	13.066550
71.883333	0.5	13.061050
71.891667	0.5	13.051550
71.900000	0.5	13.056300
71.908333	0.5	13.052450
71.916667	0.5	13.048850
71.925000	0.5	13.055700
71.933333	0.5	13.053950
71.941667	0.5	13.050450
71.950000	0.5	13.058450
71.958333	0.5	13.064150
71.966667	0.5	13.079500
71.975000	0.5	13.098800
71.983333	0.5	13.107200
71.991667	0.5	13.127900
72.000000	0.5	13.141950
72.008333	0.5	13.167600
72.016667	0.5	13.197850
72.025000	0.5	13.215550
72.033333	0.5	13.257600
72.041667	0.5	13.274800
72.050000	0.5	13.327300
72.058333	0.5	13.351050
72.066667	0.5	13.401500
72.075000	0.5	13.435050
72.083333	0.5	13.502050
72.091667	0.5	13.541550
72.100000	0.5	13.607500
72.108333	0.5	13.676750
72.116667	0.5	13.747950
72.125000	0.5	13.806250
72.133333	0.5	13.881150
72.141667	0.5	13.960200
72.150000	0.5	14.043700
72.158333	0.5	14.146400
72.166667	0.5	14.228200
72.175000	0.5	14.325200
72.183333	0.5	14.407750
72.191667	0.5	14.519100
72.200000	0.5	14.607400
72.208333	0.5	14.711650
72.216667	0.5	14.802450
72.225000	0.5	14.902200
72.233333	0.5	15.011700
72.241667	0.5	15.098050
72.250000	0.5	15.200450
72.258333	0.5	15.276000
72.266667	0.5	15.371150
72.275000	0.5	15.455250
72.283333	0.5	15.528050
72.291667	0.5	15.605900
72.300000	0.5	15.668600
72.308333	0.5	15.729000
72.316667	0.5	15.781200
72.325000	0.5	15.837450
72.333333	0.5	15.871100
72.341667	0.5	15.920050
72.350000	0.5	15.957100
72.358333	0.5	15.974700
72.366667	0.5	16.014500
72.375000	0.5	16.036900
72.383333	0.5	16.057000
72.391667	0.5	16.074650
72.400000	0.5	16.088450
72.408333	0.5	16.113050
72.416667	0.5	16.116800
72.425000	0.5	16.133100
72.433333	0.5	16.146500
72.441667	0.5	16.175850
72.450000	0.5	16.209250
72.458333	0.5	16.226200
72.466667	0.5	16.255050
72.475000	0.5	16.287850
72.483333	0.5	16.322800
72.491667	0.5	16.358600
72.500000	0.5	16.397100
72.508333	0.5	16.420250
72.516667	0.5	16.447500
72.525000	0.5	16.476750
72.533333	0.5	16.483900
72.541667	0.5	16.501150
72.550000	0.5	16.524100
72.558333	0.5	16.533400
72.566667	0.5	16.554600
72.575000	0.5	16.560750
72.583333	0.5	16.573800
72.591667	0.5	16.593550
72.600000	0.5	16.622600
72.608333	0.5	16.639600
72.616667	0.5	16.662550
72.625000	0.5	16.689200
72.633333	0.5	16.713700
72.641667	0.5	16.748000
72.650000	0.5	16.773650
72.658333	0.5	16.807500
72.666667	0.5	16.830150
72.675000	0.5	16.856900
72.683333	0.5	16.880200
72.691667	0.5	16.917350
72.700000	0.5	16.932250
72.708333	0.5	16.963900
72.716667	0.5	16.980900
72.725000	0.5	17.000400
72.733333	0.5	17.017100
72.741667	0.5	17.025150
72.750000	0.5	17.040050
72.758333	0.5	17.046000
72.766667	0.5	17.037400
72.775000	0.5	17.035050
72.783333	0.5	17.021750
72.791667	0.5	17.011150
72.800000	0.5	16.980900
72.808333	0.5	16.952450
72.816667	0.5	16.905500
72.825000	0.5	16.858600
72.833333	0.5	16.788250
72.841667	0.5	16.730300
72.850000	0.5	16.631000
72.858333	0.5	16.534150
72.866667	0.5	16.443400
72.875000	0.5	16.317400
72.883333	0.5	16.198000
72.891667	0.5	16.066650
72.900000	0.5	15.940800
72.908333	0.5	15.795100
72.916667	0.5	15.658700
72.925000	0.5	15.521250
72.933333	0.5	15.385300
72.941667	0.5	15.243600
72.950000	0.5	15.113300
72.958333	0.5	14.982800
72.966667	0.5	14.854000
72.975000	0.5	14.726700
72.983333	0.5	14.614700
72.991667	0.5	14.508000
73.000000	0.5	14.400350
73.008333	0.5	14.314350
73.016667	0.5	14.227400
73.025000	0.5	14.147550
73.033333	0.5	14.074800
73.041667	0.5	14.013650
73.050000	0.5	13.957400
73.058333	0.5	13.900000
73.066667	0.5	13.845350
73.075000	0.5	13.809800
73.083333	0.5	13.780050
73.091667	0.5	13.725900
73.100000	0.5	13.695450
73.108333	0.5	13.671100
73.116667	0.5	13.642300
73.125000	0.5	13.614650
73.133333	0.5	13.604150
73.141667	0.5	13.570200
73.150000	0.5	13.556000
73.158333	0.5	13.534300
73.166667	0.5	13.513850
73.175000	0.5	13.491350
73.183333	0.5	13.476000
73.191667	0.5	13.464500
73.200000	0.5	13.438700
73.208333	0.5	13.427600
73.216667	0.5	13.403000
73.225000	0.5	13.394150
73.233333	0.5	13.378400
73.241667	0.5	13.355750
73.250000	0.5	13.343800
73.258333	0.5	13.317450
73.266667	0.5	13.302950
73.275000	0.5	13.283500
73.283333	0.5	13.270850
73.291667	0.5	13.247650
73.300000	0.5	13.232900
73.308333	0.5	13.210550
73.316667	0.5	13.194850
73.325000	0.5	13.176450
73.333333	0.5	13.159750
73.341667	0.5	13.142700
73.350000	0.5	13.127100
73.358333	0.5	13.102200
73.366667	0.5	13.080700
73.375000	0.5	13.057750
73.383333	0.5	13.028150
73.391667	0.5	13.010400
73.400000	0.5	12.986150
73.408333	0.5	12.951800
73.416667	0.5	12.941750
73.425000	0.5	12.913150
73.433333	0.5	12.887500
73.441667	0.5	12.868300
73.450000	0.5	12.839900
73.458333	0.5	12.814800
73.466667	0.5	12.793400
73.475000	0.5	12.763850
73.483333	0.5	12.726250
73.491667	0.5	12.703000
73.500000	0.5	12.694450
73.508333	0.5	12.653950
73.516667	0.5	12.637700
73.525000	0.5	12.609100
73.533333	0.5	12.599800
73.541667	0.5	12.563400
73.550000	0.5	12.535750
73.558333	0.5	12.520750
73.566667	0.5	12.495950
73.575000	0.5	12.470250
73.583333	0.5	12.452100
73.591667	0.5	12.436450
73.600000	0.5	12.417650
73.608333	0.5	12.406800
73.616667	0.5	12.401450
73.625000	0.5	12.379700
73.633333	0.5	12.369650
73.641667	0.5	12.364750
73.650000	0.5	12.361150
73.658333	0.5	12.370100
73.666667	0.5	12.383600
73.675000	0.5	12.396250
73.683333	0.5	12.398950
73.691667	0.5	12.425550
73.700000	0.5	12.455400
73.708333	0.5	12.484200
73.716667	0.5	12.534550
73.725000	0.5	12.584650
73.733333	0.5	12.643100
73.741667	0.5	12.702300
73.750000	0.5	12.780750
73.758333	0.5	12.850550
73.766667	0.5	12.940450
73.775000	0.5	13.028800
73.783333	0.5	13.114050
73.791667	0.5	13.234000
73.800000	0.5	13.334450
73.808333	0.5	13.451250
73.816667	0.5	13.583600
73.825000	0.5	13.707500
73.833333	0.5	13.845550
73.841667	0.5	13.978500
73.850000	0.5	14.117500
73.858333	0.5	14.257650
73.866667	0.5	14.397850
73.875000	0.5	14.550050
73.883333	0.5	14.677550
73.891667	0.5	14.816950
73.900000	0.5	14.960100
73.908333	0.5	15.100600
73.916667	0.5	15.233850
73.925000	0.5	15.367250
73.933333	0.5	15.507050
73.941667	0.5	15.629200
73.950000	0.5	15.750650
73.958333	0.5	15.860300
73.966667	0.5	15.967100
73.975000	0.5	16.068500
73.983333	0.5	16.155700
73.991667	0.5	16.250250
74.000000	0.5	16.327150
74.008333	0.5	16.385300
74.016667	0.5	16.435700
74.025000	0.5	16.491450
74.033333	0.5	16.523750
74.041667	0.5	16.554450
74.050000	0.5	16.574750
74.058333	0.5	16.600550
74.066667	0.5	16.600550
74.075000	0.5	16.623900
74.083333	0.5	16.640300
74.091667	0.5	16.644700
74.100000	0.5	16.647800
74.108333	0.5	16.655050
74.116667	0.5	16.673100
74.125000	0.5	16.684000
74.133333	0.5	16.695050
74.141667	0.5	16.717350
74.150000	0.5	16.730250
74.158333	0.5	16.745050
74.166667	0.5	16.772350
74.175000	0.5	16.777650
74.183333	0.5	16.798650
74.191667	0.5	16.820550
74.200000	0.5	16.827250
74.208333	0.5	16.854150
74.216667	0.5	16.857850
74.225000	0.5	16.870900
74.233333	0.5	16.878250
74.241667	0.5	16.893150
74.250000	0.5	16.900100
74.258333	0.5	16.909100
74.266667	0.5	16.910850
74.275000	0.5	16.910550
74.283333	0.5	16.915950
74.291667	0.5	16.904100
74.300000	0.5	16.877100
74.308333	0.5	16.854800
74.316667	0.5	16.833300
74.325000	0.5	16.791550
74.333333	0.5	16.752900
74.341667	0.5	16.699800
74.350000	0.5	16.640950
74.358333	0.5	16.554600
74.366667	0.5	16.477850
74.375000	0.5	16.383100
74.383333	0.5	16.287550
74.391667	0.5	16.173600
74.400000	0.5	16.042750
74.408333	0.5	15.910450
74.416667	0.5	15.763050
74.425000	0.5	15.628400
74.433333	0.5	15.468550
74.441667	0.5	15.311500
74.450000	0.5	15.150700
74.458333	0.5	14.994900
74.466667	0.5	14.822450
74.475000	0.5	14.675700
74.483333	0.5	14.517250
74.491667	0.5	14.363850
74.500000	0.5	14.211400
74.508333	0.5	14.065000
74.516667	0.5	13.930100
74.525000	0.5	13.798700
74.533333	0.5	13.667150
74.541667	0.5	13.538700
74.550000	0.5	13.437750
74.558333	0.5	13.320650
74.566667	0.5	13.221950
74.575000	0.5	13.143200
74.583333	0.5	13.055200
74.591667	0.5	12.983350
74.600000	0.5	12.911050
74.608333	0.5	12.852850
74.616667	0.5	12.787400
74.625000	0.5	12.743900
74.633333	0.5	12.696050
74.641667	0.5	12.649150
74.650000	0.5	12.615100
74.658333	0.5	12.585200
74.666667	0.5	12.556550
74.675000	0.5	12.534350
74.683333	0.5	12.516150
74.691667	0.5	12.498500
74.700000	0.5	12.481550
74.708333	0.5	12.462950
74.716667	0.5	12.447950
74.725000	0.5	12.434500
74.733333	0.5	12.423850
74.741667	0.5	12.425650
74.750000	0.5	12.403800
74.758333	0.5	12.399300
74.766667	0.5	12.408550
74.775000	0.5	12.392250
74.783333	0.5	12.394450
74.791667	0.5	12.397050
74.800000	0.5	12.378850
74.808333	0.5	12.374650
74.816667	0.5	12.376550
74.825000	0.5	12.376650
74.833333	0.5	12.373550
74.841667	0.5	12.372050
74.850000	0.5	12.367350
74.858333	0.5	12.378050
74.866667	0.5	12.375300
74.875000	0.5	12.368600
74.883333	0.5	12.375850
74.891667	0.5	12.373900
74.900000	0.5	12.381650
74.908333	0.5	12.386100
74.916667	0.5	12.384250
74.925000	0.5	12.386450
74.933333	0.5	12.385900
74.941667	0.5	12.391550
74.950000	0.5	12.412250
74.958333	0.5	12.411200
74.966667	0.5	12.418750
74.975000	0.5	12.420750
74.983333	0.5	12.428200
74.991667	0.5	12.447300
75.000000	0.5	12.450400
75.008333	0.5	12.453000
75.016667	0.5	12.460950
75.025000	0.5	12.479050
75.033333	0.5	12.481250
75.041667	0.5	12.487500
75.050000	0.5	12.501150
75.058333	0.5	12.508600
75.066667	0.5	12.514150
75.075000	0.5	12.530150
75.083333	0.5	12.546750
75.091667	0.5	12.557250
75.100000	0.5	12.564850
75.108333	0.5	12.568400
75.116667	0.5	12.588950
75.125000	0.5	12.601600
75.133333	0.5	12.594250
75.141667	0.5	12.622250
75.150000	0.5	12.630200
75.158333	0.5	12.650950
75.166667	0.5	12.660750
75.175000	0.5	12.675850
75.183333	0.5	12.686950
75.191667	0.5	12.705850
75.200000	0.5	12.730000
75.208333	0.5	12.749400
75.216667	0.5	12.775250
75.225000	0.5	12.798800
75.233333	0.5	12.832350
75.241667	0.5	12.863550
75.250000	0.5	12.898600
75.258333	0.5	12.936150
75.266667	0.5	12.980250
75.275000	0.5	13.030600
75.283333	0.5	13.089350
75.291667	0.5	13.149150
75.300000	0.5	13.230600
75.308333	0.5	13.303700
75.316667	0.5	13.391700
75.325000	0.5	13.470800
75.333333	0.5	13.575800
75.341667	0.5	13.692350
75.350000	0.5	13.800950
75.358333	0.5	13.931650
75.366667	0.5	14.057350
75.375000	0.5	14.195000
75.383333	0.5	14.337800
75.391667	0.5	14.494200
75.400000	0.5	14.642800
75.408333	0.5	14.803050
75.416667	0.5	14.956150
75.425000	0.5	15.111550
75.433333	0.5	15.268350
75.441667	0.5	15.432350
75.450000	0.5	15.564000
75.458333	0.5	15.717950
75.466667	0.5	15.843500
75.475000	0.5	15.969050
75.483333	0.5	16.084950
75.491667	0.5	16.183200
75.500000	0.5	16.274950
75.508333	0.5	16.344450
75.516667	0.5	16.426650
75.525000	0.5	16.501300
75.533333	0.5	16.558450
75.541667	0.5	16.593500
75.550000	0.5	16.639650
75.558333	0.5	16.679900
75.566667	0.5	16.723500
75.575000	0.5	16.754000
75.583333	0.5	16.787650
75.591667	0.5	16.818600
75.600000	0.5	16.859300
75.608333	0.5	16.889350
75.616667	0.5	16.917800
75.625000	0.5	16.936600
75.633333	0.5	16.970800
75.641667	0.5	16.975200
75.650000	0.5	17.004400
75.658333	0.5	17.029650
75.666667	0.5	17.031800
75.675000	0.5	17.046850
75.683333	0.5	17.058550
75.691667	0.5	17.075050
75.700000	0.5	17.069250
75.708333	0.5	17.077700
75.716667	0.5	17.074000
75.725000	0.5	17.077500
75.733333	0.5	17.054000
75.741667	0.5	17.035850
75.750000	0.5	17.014050
75.758333	0.5	16.976600
75.766667	0.5	16.932700
75.775000	0.5	16.893400
75.783333	0.5	16.840000
75.791667	0.5	16.770800
75.800000	0.5	16.693150
75.808333	0.5	16.613000
75.816667	0.5	16.516100
75.825000	0.5	16.410750
75.833333	0.5	16.297200
75.841667	0.5	16.164750
75.850000	0.5	16.028200
75.858333	0.5	15.890950
75.866667	0.5	15.748050
75.875000	0.5	15.594650
75.883333	0.5	15.444300
75.891667	0.5	15.289750
75.900000	0.5	15.122350
75.908333	0.5	14.966300
75.916667	0.5	14.812750
75.925000	0.5	14.653300
75.933333	0.5	14.502950
75.941667	0.5	14.348200
75.950000	0.5	14.202000
75.958333	0.5	14.066100
75.966667	0.5	13.928800
75.975000	0.5	13.808250
75.983333	0.5	13.686200
75.991667	0.5	13.569900
76.000000	0.5	13.479950
76.008333	0.5	13.390800
76.016667	0.5	13.297800
76.025000	0.5	13.219400
76.033333	0.5	13.146100
76.041667	0.5	13.086300
76.050000	0.5	13.023250
76.058333	0.5	12.978450
76.066667	0.5	12.936600
76.075000	0.5	12.893900
76.083333	0.5	12.864500
76.091667	0.5	12.826600
76.100000	0.5	12.798900
76.108333	0.5	12.787950
76.116667	0.5	12.770400
76.125000	0.5	12.749650
76.133333	0.5	12.736200
76.141667	0.5	12.728700
76.150000	0.5	12.713800
76.158333	0.5	12.708700
76.166667	0.5	12.704650
76.175000	0.5	12.699400
76.183333	0.5	12.682900
76.191667	0.5	12.689300
76.200000	0.5	12.680450
76.208333	0.5	12.687350
76.216667	0.5	12.666450
76.225000	0.5	12.665250
76.233333	0.5	12.661400
76.241667	0.5	12.652600
76.250000	0.5	12.655000
76.258333	0.5	12.649000
76.266667	0.5	12.643400
76.275000	0.5	12.645750
76.283333	0.5	12.638450
76.291667	0.5	12.626350
76.300000	0.5	12.624100
76.308333	0.5	12.623300
76.316667	0.5	12.620050
76.325000	0.5	12.623050
76.333333	0.5	12.616750
76.341667	0.5	12.611500
76.350000	0.5	12.601600
76.358333	0.5	12.595950
76.366667	0.5	12.597550
76.375000	0.5	12.598250
76.383333	0.5	12.588050
76.391667	0.5	12.597550
76.400000	0.5	12.589750
76.408333	0.5	12.597300
76.416667	0.5	12.580900
76.425000	0.5	12.587700
76.433333	0.5	12.579050
76.441667	0.5	12.587950
76.450000	0.5	12.591350
76.458333	0.5	12.575350
76.466667	0.5	12.588700
76.475000	0.5	12.584250
76.483333	0.5	12.581500
76.491667	0.5	12.582800
76.500000	0.5	12.579400
76.508333	0.5	12.592850
76.516667	0.5	12.593800
76.525000	0.5	12.595900
76.533333	0.5	12.605550
76.541667	0.5	12.591200
76.550000	0.5	12.603400
76.558333	0.5	12.613300
76.566667	0.5	12.612050
76.575000	0.5	12.610900
76.583333	0.5	12.625550
76.591667	0.5	12.646600
76.600000	0.5	12.640300
76.608333	0.5	12.642350
76.616667	0.5	12.663950
76.625000	0.5	12.662300
76.633333	0.5	12.675250
76.641667	0.5	12.686800
76.650000	0.5	12.689550
76.658333	0.5	12.698550
76.666667	0.5	12.715950
76.675000	0.5	12.730400
76.683333	0.5	12.741800
76.691667	0.5	12.758150
76.700000	0.5	12.784400
76.708333	0.5	12.810200
76.716667	0.5	12.821100
76.725000	0.5	12.865500
76.733333	0.5	12.904600
76.741667	0.5	12.930850
76.750000	0.5	12.990300
76.758333	0.5	13.044850
76.766667	0.5	13.121900
76.775000	0.5	13.191800
76.783333	0.5	13.284950
76.791667	0.5	13.375500
76.800000	0.5	13.495650
76.808333	0.5	13.617800
76.816667	0.5	13.748200
76.825000	0.5	13.896600
76.833333	0.5	14.033450
76.841667	0.5	14.201800
76.850000	0.5	14.370050
76.858333	0.5	14.549050
76.866667	0.5	14.723750
76.875000	0.5	14.900000
76.883333	0.5	15.062000
76.891667	0.5	15.240050
76.900000	0.5	15.403300
76.908333	0.5	15.558400
76.916667	0.5	15.704800
76.925000	0.5	15.853800
76.933333	0.5	15.978800
76.941667	0.5	16.085300
76.950000	0.5	16.184900
76.958333	0.5	16.287800
76.966667	0.5	16.387450
76.975000	0.5	16.454050
76.983333	0.5	16.524550
76.991667	0.5	16.584200
77.000000	0.5	16.644250
77.008333	0.5	16.710500
77.016667	0.5	16.756350
77.025000	0.5	16.809500
77.033333	0.5	16.861200
77.041667	0.5	16.896050
77.050000	0.5	16.935700
77.058333	0.5	16.970050
77.066667	0.5	17.000500
77.075000	0.5	17.026650
77.083333	0.5	17.046800
77.091667	0.5	17.069050
77.100000	0.5	17.089650
77.108333	0.5	17.098500
77.116667	0.5	17.112350
77.125000	0.5	17.111300
77.133333	0.5	17.120600
77.141667	0.5	17.103850
77.150000	0.5	17.086600
77.158333	0.5	17.076700
77.166667	0.5	17.043550
77.175000	0.5	17.014600
77.183333	0.5	16.952300
77.191667	0.5	16.903850
77.200000	0.5	16.840150
77.208333	0.5	16.766550
77.216667	0.5	16.680100
77.225000	0.5	16.604000
77.233333	0.5	16.497500
77.241667	0.5	16.386550
77.250000	0.5	16.263650
77.258333	0.5	16.143250
77.266667	0.5	16.008800
77.275000	0.5	15.869450
77.283333	0.5	15.720150
77.291667	0.5	15.564350
77.300000	0.5	15.407200
77.308333	0.5	15.265800
77.316667	0.5	15.095700
77.325000	0.5	14.936800
77.333333	0.5	14.786250
77.341667	0.5	14.641100
77.350000	0.5	14.497650
77.358333	0.5	14.342450
77.366667	0.5	14.220350
77.375000	0.5	14.065650
77.383333	0.5	13.937900
77.391667	0.5	13.812400
77.400000	0.5	13.706350
77.408333	0.5	13.590700
77.416667	0.5	13.490550
77.425000	0.5	13.397900
77.433333	0.5	13.301000
77.441667	0.5	13.234750
77.450000	0.5	13.163700
77.458333	0.5	13.096900
77.466667	0.5	13.052600
77.475000	0.5	12.994450
77.483333	0.5	12.946350
77.491667	0.5	12.914250
77.500000	0.5	12.882200
77.508333	0.5	12.846450
77.516667	0.5	12.812650
77.525000	0.5	12.798700
77.533333	0.5	12.782000
77.541667	0.5	12.780900
77.550000	0.5	12.766250
77.558333	0.5	12.750200
77.566667	0.5	12.745100
77.575000	0.5	12.740700
77.583333	0.5	12.749650
77.591667	0.5	12.737250
77.600000	0.5	12.736150
77.608333	0.5	12.747300
77.616667	0.5	12.737700
77.625000	0.5	12.737350
77.633333	0.5	12.747350
77.641667	0.5	12.741300
77.650000	0.5	12.742850
77.658333	0.5	12.744100
77.666667	0.5	12.753700
77.675000	0.5	12.754450
77.683333	0.5	12.749350
77.691667	0.5	12.754550
77.700000	0.5	12.757050
77.708333	0.5	12.754700
77.716667	0.5	12.746050
77.725000	0.5	12.750050
77.733333	0.5	12.750300
77.741667	0.5	12.745450
77.750000	0.5	12.749200
77.758333	0.5	12.751150
77.766667	0.5	12.742050
77.775000	0.5	12.740100
77.783333	0.5	12.725050
77.791667	0.5	12.724600
77.800000	0.5	12.718800
77.808333	0.5	12.704850
77.816667	0.5	12.693450
77.825000	0.5	12.692550
77.833333	0.5	12.682300
77.841667	0.5	12.670150
77.850000	0.5	12.670050
77.858333	0.5	12.657150
77.866667	0.5	12.638650
77.875000	0.5	12.642250
77.883333	0.5	12.624200
77.891667	0.5	12.612400
77.900000	0.5	12.604800
77.908333	0.5	12.591900
77.916667	0.5	12.576200
77.925000	0.5	12.565450
77.933333	0.5	12.558900
77.941667	0.5	12.540250
77.950000	0.5	12.532400
77.958333	0.5	12.523700
77.966667	0.5	12.509550
77.975000	0.5	12.490050
77.983333	0.5	12.481500
77.991667	0.5	12.478450
78.000000	0.5	12.467550
78.008333	0.5	12.470550
78.016667	0.5	12.466900
78.025000	0.5	12.456000
78.033333	0.5	12.463200
78.041667	0.5	12.465800
78.050000	0.5	12.464950
78.058333	0.5	12.467800
78.066667	0.5	12.480400
78.075000	0.5	12.491750
78.083333	0.5	12.512650
78.091667	0.5	12.538250
78.100000	0.5	12.564100
78.108333	0.5	12.597250
78.116667	0.5	12.631350
78.125000	0.5	12.684450
78.133333	0.5	12.738850
78.141667	0.5	12.800600
78.150000	0.5	12.878800
78.158333	0.5	12.965450
78.166667	0.5	13.071300
78.175000	0.5	13.156350
78.183333	0.5	13.274300
78.191667	0.5	13.390500
78.200000	0.5	13.518600
78.208333	0.5	13.664200
78.216667	0.5	13.825250
78.225000	0.5	13.983650
78.233333	0.5	14.135600
78.241667	0.5	14.297000
78.250000	0.5	14.483350
78.258333	0.5	14.658200
78.266667	0.5	14.824050
78.275000	0.5	14.982950
78.283333	0.5	15.149350
78.291667	0.5	15.292450
78.300000	0.5	15.442700
78.308333	0.5	15.581450
78.316667	0.5	15.701650
78.325000	0.5	15.825300
78.333333	0.5	15.949800
78.341667	0.5	16.053300
78.350000	0.5	16.137800
78.358333	0.5	16.224900
78.366667	0.5	16.306850
78.375000	0.5	16.384950
78.383333	0.5	16.452900
78.391667	0.5	16.520800
78.400000	0.5	16.589650
78.408333	0.5	16.640700
78.416667	0.5	16.699000
78.425000	0.5	16.743900
78.433333	0.5	16.788300
78.441667	0.5	16.827450
78.450000	0.5	16.869400
78.458333	0.5	16.901750
78.466667	0.5	16.927500
78.475000	0.5	16.949400
78.483333	0.5	16.971250
78.491667	0.5	16.980850
78.500000	0.5	16.985650
78.508333	0.5	16.987550
78.516667	0.5	16.978900
78.525000	0.5	16.970800
78.533333	0.5	16.952400
78.541667	0.5	16.907950
78.550000	0.5	16.877100
78.558333	0.5	16.845900
78.566667	0.5	16.783050
78.575000	0.5	16.711150
78.583333	0.5	16.636950
78.591667	0.5	16.553400
78.600000	0.5	16.458450
78.608333	0.5	16.352600
78.616667	0.5	16.231200
78.625000	0.5	16.113600
78.633333	0.5	15.969700
78.641667	0.5	15.845150
78.650000	0.5	15.689400
78.658333	0.5	15.546700
78.666667	0.5	15.395050
78.675000	0.5	15.241050
78.683333	0.5	15.090500
78.691667	0.5	14.939100
78.700000	0.5	14.803650
78.708333	0.5	14.652700
78.716667	0.5	14.496950
78.725000	0.5	14.369400
78.733333	0.5	14.225000
78.741667	0.5	14.086250
78.750000	0.5	13.977500
78.758333	0.5	13.855250
78.766667	0.5	13.751450
78.775000	0.5	13.639800
78.783333	0.5	13.552050
78.791667	0.5	13.481900
78.800000	0.5	13.399650
78.808333	0.5	13.330150
78.816667	0.5	13.260050
78.825000	0.5	13.197600
78.833333	0.5	13.145400
78.841667	0.5	13.103350
78.850000	0.5	13.057900
78.858333	0.5	13.017900
78.866667	0.5	12.980250
78.875000	0.5	12.946050
78.883333	0.5	12.926400
78.891667	0.5	12.909800
78.900000	0.5	12.875000
78.908333	0.5	12.859050
78.916667	0.5	12.845100
78.925000	0.5	12.821500
78.933333	0.5	12.811350
78.941667	0.5	12.790800
78.950000	0.5	12.779100
78.958333	0.5	12.758400
78.966667	0.5	12.753250
78.975000	0.5	12.747350
78.983333	0.5	12.724050
78.991667	0.5	12.715850
79.000000	0.5	12.696500
79.008333	0.5	12.693750
79.016667	0.5	12.669900
79.025000	0.5	12.668950
79.033333	0.5	12.663000
79.041667	0.5	12.644500
79.050000	0.5	12.626550
79.058333	0.5	12.606450
79.066667	0.5	12.619700
79.075000	0.5	12.608000
79.083333	0.5	12.598300
79.091667	0.5	12.595850
79.100000	0.5	12.583000
79.108333	0.5	12.576300
79.116667	0.5	12.580650
79.125000	0.5	12.574750
79.133333	0.5	12.549600
79.141667	0.5	12.557050
79.150000	0.5	12.547400
79.158333	0.5	12.541750
79.166667	0.5	12.542850
79.175000	0.5	12.537300
79.183333	0.5	12.530250
79.191667	0.5	12.532900
79.200000	0.5	12.524750
79.208333	0.5	12.514250
79.216667	0.5	12.512100
79.225000	0.5	12.513850
79.233333	0.5	12.498000
79.241667	0.5	12.515400
79.250000	0.5	12.486950
79.258333	0.5	12.488050
79.266667	0.5	12.491400
79.275000	0.5	12.480100
79.283333	0.5	12.478450
79.291667	0.5	12.495200
79.300000	0.5	12.479800
79.308333	0.5	12.471350
79.316667	0.5	12.466650
79.325000	0.5	12.471300
79.333333	0.5	12.470150
79.341667	0.5	12.481150
79.350000	0.5	12.476450
79.358333	0.5	12.482650
79.366667	0.5	12.489050
79.375000	0.5	12.500200
79.383333	0.5	12.506750
79.391667	0.5	12.524500
79.400000	0.5	12.541950
79.408333	0.5	12.566100
79.416667	0.5	12.593150
79.425000	0.5	12.631700
79.433333	0.5	12.664950
79.441667	0.5	12.712950
79.450000	0.5	12.763550
79.458333	0.5	12.819600
79.466667	0.5	12.894500
79.475000	0.5	12.970350
79.483333	0.5	13.064500
79.491667	0.5	13.157000
79.500000	0.5	13.269100
79.508333	0.5	13.378950
79.516667	0.5	13.504100
79.525000	0.5	13.625050
79.533333	0.5	13.761050
79.541667	0.5	13.917400
79.550000	0.5	14.044200
79.558333	0.5	14.204050
79.566667	0.5	14.352700
79.575000	0.5	14.504250
79.583333	0.5	14.651400
79.591667	0.5	14.801500
79.600000	0.5	14.945700
79.608333	0.5	15.088500
79.616667	0.5	15.215050
79.625000	0.5	15.344150
79.633333	0.5	15.462600
79.641667	0.5	15.580100
79.650000	0.5	15.687050
79.658333	0.5	15.783400
79.666667	0.5	15.875850
79.675000	0.5	15.972450
79.683333	0.5	16.040150
79.691667	0.5	16.137650
79.700000	0.5	16.207050
79.708333	0.5	16.266350
79.716667	0.5	16.331750
79.725000	0.5	16.394400
79.733333	0.5	16.442250
79.741667	0.5	16.488050
79.750000	0.5	16.528200
79.758333	0.5	16.585200
79.766667	0.5	16.614800
79.775000	0.5	16.653850
79.783333	0.5	16.674700
79.791667	0.5	16.701150
79.800000	0.5	16.711700
79.808333	0.5	16.715500
79.816667	0.5	16.723300
79.825000	0.5	16.732250
79.833333	0.5	16.722300
79.841667	0.5	16.712500
79.850000	0.5	16.679900
79.858333	0.5	16.653700
79.866667	0.5	16.609450
79.875000	0.5	16.563750
79.883333	0.5	16.502950
79.891667	0.5	16.440450
79.900000	0.5	16.373800
79.908333	0.5	16.288650
79.916667	0.5	16.201200
79.925000	0.5	16.089300
79.933333	0.5	16.003300
79.941667	0.5	15.882350
79.950000	0.5	15.755900
79.958333	0.5	15.641250
79.966667	0.5	15.506350
79.975000	0.5	15.386100
79.983333	0.5	15.237400
79.991667	0.5	15.080550
80.000000	0.5	14.950200
80.008333	0.5	14.811650
80.016667	0.5	14.663550
80.025000	0.5	14.525400
80.033333	0.5	14.384200
80.041667	0.5	14.261900
80.050000	0.5	14.126900
80.058333	0.5	14.009150
80.066667	0.5	13.871300
80.075000	0.5	13.770000
80.083333	0.5	13.655850
80.091667	0.5	13.553800
80.100000	0.5	13.448750
80.108333	0.5	13.356850
80.116667	0.5	13.287850
80.125000	0.5	13.202550
80.133333	0.5	13.131750
80.141667	0.5	13.063100
80.150000	0.5	13.002100
80.158333	0.5	12.954000
80.166667	0.5	12.901300
80.175000	0.5	12.853250
80.183333	0.5	12.808100
80.191667	0.5	12.777850
80.200000	0.5	12.746350
80.208333	0.5	12.716750
80.216667	0.5	12.694100
80.225000	0.5	12.676900
80.233333	0.5	12.645650
80.241667	0.5	12.623050
80.250000	0.5	12.620200
80.258333	0.5	12.606950
80.266667	0.5	12.592500
80.275000	0.5	12.579900
80.283333	0.5	12.580550
80.291667	0.5	12.557800
80.300000	0.5	12.558900
80.308333	0.5	12.545500
80.316667	0.5	12.541000
80.325000	0.5	12.533050
80.333333	0.5	12.522150
80.341667	0.5	12.528250
80.350000	0.5	12.517050
80.358333	0.5	12.520550
80.366667	0.5	12.518950
80.375000	0.5	12.512950
80.383333	0.5	12.514950
80.391667	0.5	12.512200
80.400000	0.5	12.497900
80.408333	0.5	12.501750
80.416667	0.5	12.495600
80.425000	0.5	12.491200
80.433333	0.5	12.487800
80.441667	0.5	12.490900
80.450000	0.5	12.481450
80.458333	0.5	12.481400
80.466667	0.5	12.473650
80.475000	0.5	12.477400
80.483333	0.5	12.467750
80.491667	0.5	12.473400
80.500000	0.5	12.481900
80.508333	0.5	12.466800
80.516667	0.5	12.474750
80.525000	0.5	12.464650
80.533333	0.5	12.463550
80.541667	0.5	12.460350
80.550000	0.5	12.458950
80.558333	0.5	12.451600
80.566667	0.5	12.476800
80.575000	0.5	12.453050
80.583333	0.5	12.456050
80.591667	0.5	12.457850
80.600000	0.5	12.467400
80.608333	0.5	12.477750
80.616667	0.5	12.467050
80.625000	0.5	12.485450
80.633333	0.5	12.506350
80.641667	0.5	12.504800
80.650000	0.5	12.523600
80.658333	0.5	12.548850
80.666667	0.5	12.571900
80.675000	0.5	12.583900
80.683333	0.5	12.616500
80.691667	0.5	12.648400
80.700000	0.5	12.697600
80.708333	0.5	12.740100
80.716667	0.5	12.801100
80.725000	0.5	12.868750
80.733333	0.5	12.934150
80.741667	0.5	13.005100
80.750000	0.5	13.087150
80.758333	0.5	13.191800
80.766667	0.5	13.280700
80.775000	0.5	13.391000
80.783333	0.5	13.486450
80.791667	0.5	13.625800
80.800000	0.5	13.747500
80.808333	0.5	13.870250
80.816667	0.5	13.991150
80.825000	0.5	14.128800
80.833333	0.5	14.274500
80.841667	0.5	14.399700
80.850000	0.5	14.529800
80.858333	0.5	14.665750
80.866667	0.5	14.786950
80.875000	0.5	14.918150
80.883333	0.5	15.026200
80.891667	0.5	15.149250
80.900000	0.5	15.257100
80.908333	0.5	15.349850
80.916667	0.5	15.452600
80.925000	0.5	15.558050
80.933333	0.5	15.638450
80.941667	0.5	15.708250
80.950000	0.5	15.793550
80.958333	0.5	15.864300
80.966667	0.5	15.929450
80.975000	0.5	15.990700
80.983333	0.5	16.052850
80.991667	0.5	16.101700
81.000000	0.5	16.145700
81.008333	0.5	16.192200
81.016667	0.5	16.227650
81.025000	0.5	16.262950
81.033333	0.5	16.290850
81.041667	0.5	16.314300
81.050000	0.5	16.340700
81.058333	0.5	16.364700
81.066667	0.5	16.367050
81.075000	0.5	16.381700
81.083333	0.5	16.381250
81.091667	0.5	16.379300
81.100000	0.5	16.369250
81.108333	0.5	16.348400
81.116667	0.5	16.321650
81.125000	0.5	16.293200
81.133333	0.5	16.261850
81.141667	0.5	16.210000
81.150000	0.5	16.151100
81.158333	0.5	16.101650
81.166667	0.5	16.032450
81.175000	0.5	15.948000
81.183333	0.5	15.864500
81.191667	0.5	15.787250
81.200000	0.5	15.688900
81.208333	0.5	15.594400
81.216667	0.5	15.490700
81.225000	0.5	15.381850
81.233333	0.5	15.272650
81.241667	0.5	15.147550
81.250000	0.5	15.032650
81.258333	0.5	14.916500
81.266667	0.5	14.796850
81.275000	0.5	14.691500
81.283333	0.5	14.568750
81.291667	0.5	14.444250
81.300000	0.5	14.329600
81.308333	0.5	14.222300
81.316667	0.5	14.104600
81.325000	0.5	13.999750
81.333333	0.5	13.892200
81.341667	0.5	13.787050
81.350000	0.5	13.690550
81.358333	0.5	13.588200
81.366667	0.5	13.511600
81.375000	0.5	13.428350
81.383333	0.5	13.345700
81.391667	0.5	13.268750
81.400000	0.5	13.202700
81.408333	0.5	13.136750
81.416667	0.5	13.083200
81.425000	0.5	13.045900
81.433333	0.5	12.971250
81.441667	0.5	12.931800
81.450000	0.5	12.883700
81.458333	0.5	12.849250
81.466667	0.5	12.814200
81.475000	0.5	12.787650
81.483333	0.5	12.754250
81.491667	0.5	12.712900
81.500000	0.5	12.703550
81.508333	0.5	12.677650
81.516667	0.5	12.663350
81.525000	0.5	12.642150
81.533333	0.5	12.638250
81.541667	0.5	12.613300
81.550000	0.5	12.597850
81.558333	0.5	12.590150
81.566667	0.5	12.580550
81.575000	0.5	12.576100
81.583333	0.5	12.570050
81.591667	0.5	12.557900
81.600000	0.5	12.550950
81.608333	0.5	12.542550
81.616667	0.5	12.544950
81.625000	0.5	12.540400
81.633333	0.5	12.542700
81.641667	0.5	12.529500
81.650000	0.5	12.534650
81.658333	0.5	12.527950
81.666667	0.5	12.532650
81.675000	0.5	12.526200
81.683333	0.5	12.531800
81.691667	0.5	12.536100
81.700000	0.5	12.522750
81.708333	0.5	12.521500
81.716667	0.5	12.522650
81.725000	0.5	12.531000
81.733333	0.5	12.527500
81.741667	0.5	12.534950
81.750000	0.5	12.530100
81.758333	0.5	12.532150
81.766667	0.5	12.528300
81.775000	0.5	12.524400
81.783333	0.5	12.529250
81.791667	0.5	12.542550
81.800000	0.5	12.544300
81.808333	0.5	12.538900
81.816667	0.5	12.554200
81.825000	0.5	12.536250
81.833333	0.5	12.564300
81.841667	0.5	12.559350
81.850000	0.5	12.574600
81.858333	0.5	12.575250
81.866667	0.5	12.594850
81.875000	0.5	12.614150
81.883333	0.5	12.632100
81.891667	0.5	12.651950
81.900000	0.5	12.686800
81.908333	0.5	12.714100
81.916667	0.5	12.745300
81.925000	0.5	12.788600
81.933333	0.5	12.836700
81.941667	0.5	12.892000
81.950000	0.5	12.950050
81.958333	0.5	13.019000
81.966667	0.5	13.091300
81.975000	0.5	13.168400
81.983333	0.5	13.260150
81.991667	0.5	13.351600
82.000000	0.5	13.449950
82.008333	0.5	13.551800
82.016667	0.5	13.665150
82.025000	0.5	13.778650
82.033333	0.5	13.890850
82.041667	0.5	14.015000
82.050000	0.5	14.137850
82.058333	0.5	14.262350
82.066667	0.5	14.377900
82.075000	0.5	14.503100
82.083333	0.5	14.624350
82.091667	0.5	14.744600
82.100000	0.5	14.851050
82.108333	0.5	14.955400
82.116667	0.5	15.053650
82.125000	0.5	15.151100
82.133333	0.5	15.239250
82.141667	0.5	15.328600
82.150000	0.5	15.409900
82.158333	0.5	15.489150
82.166667	0.5	15.556550
82.175000	0.5	15.623550
82.183333	0.5	15.680650
82.191667	0.5	15.738050
82.200000	0.5	15.795600
82.208333	0.5	15.836950
82.216667	0.5	15.880600
82.225000	0.5	15.902350
82.233333	0.5	15.946200
82.241667	0.5	15.977700
82.250000	0.5	15.991300
82.258333	0.5	16.009600
82.266667	0.5	16.019800
82.275000	0.5	16.035500
82.283333	0.5	16.039050
82.291667	0.5	16.037900
82.300000	0.5	16.028300
82.308333	0.5	16.013000
82.316667	0.5	15.985450
82.325000	0.5	15.965750
82.333333	0.5	15.933750
82.341667	0.5	15.904500
82.350000	0.5	15.859750
82.358333	0.5	15.813850
82.366667	0.5	15.767750
82.375000	0.5	15.710200
82.383333	0.5	15.645100
82.391667	0.5	15.582950
82.400000	0.5	15.510350
82.408333	0.5	15.440800
82.416667	0.5	15.359900
82.425000	0.5	15.287500
82.433333	0.5	15.199850
82.441667	0.5	15.111500
82.450000	0.5	15.025150
82.458333	0.5	14.918800
82.466667	0.5	14.827750
82.475000	0.5	14.740850
82.483333	0.5	14.652900
82.491667	0.5	14.547800
82.500000	0.5	14.462300
82.508333	0.5	14.365250
82.516667	0.5	14.274550
82.525000	0.5	14.187700
82.533333	0.5	14.103850
82.541667	0.5	14.008650
82.550000	0.5	13.925800
82.558333	0.5	13.846500
82.566667	0.5	13.774150
82.575000	0.5	13.690500
82.583333	0.5	13.623850
82.591667	0.5	13.560350
82.600000	0.5	13.480550
82.608333	0.5	13.408200
82.616667	0.5	13.354400
82.625000	0.5	13.302600
82.633333	0.5	13.240250
82.641667	0.5	13.201150
82.650000	0.5	13.146350
82.658333	0.5	13.098600
82.666667	0.5	13.061750
82.675000	0.5	13.031500
82.683333	0.5	12.988450
82.691667	0.5	12.948300
82.700000	0.5	12.917400
82.708333	0.5	12.890800
82.716667	0.5	12.866600
82.725000	0.5	12.837950
82.733333	0.5	12.817650
82.741667	0.5	12.784900
82.750000	0.5	12.772850
82.758333	0.5	12.750050
82.766667	0.5	12.734550
82.775000	0.5	12.724050
82.783333	0.5	12.709400
82.791667	0.5	12.684200
82.800000	0.5	12.678900
82.808333	0.5	12.666350
82.816667	0.5	12.654100
82.825000	0.5	12.653200
82.833333	0.5	12.667550
82.841667	0.5	12.632300
82.850000	0.5	12.625450
82.858333	0.5	12.622100
82.866667	0.5	12.610600
82.875000	0.5	12.608950
82.883333	0.5	12.596150
82.891667	0.5	12.593250
82.900000	0.5	12.600500
82.908333	0.5	12.586150
82.916667	0.5	12.581500
82.925000	0.5	12.576350
82.933333	0.5	12.568900
82.941667	0.5	12.566700
82.950000	0.5	12.564400
82.958333	0.5	12.557200
82.966667	0.5	12.559450
82.975000	0.5	12.556600
82.983333	0.5	12.562700
82.991667	0.5	12.552250
83.000000	0.5	12.561000
83.008333	0.5	12.556900
83.016667	0.5	12.565500
83.025000	0.5	12.574250
83.033333	0.5	12.586200
83.041667	0.5	12.589200
83.050000	0.5	12.613600
83.058333	0.5	12.633400
83.066667	0.5	12.658100
83.075000	0.5	12.676050
83.083333	0.5	12.712500
83.091667	0.5	12.744500
83.100000	0.5	12.791500
83.108333	0.5	12.842850
83.116667	0.5	12.900150
83.125000	0.5	12.952300
83.133333	0.5	13.015150
83.141667	0.5	13.097250
83.150000	0.5	13.177400
83.158333	0.5	13.257150
83.166667	0.5	13.358600
83.175000	0.5	13.447950
83.183333	0.5	13.556500
83.191667	0.5	13.662850
83.200000	0.5	13.792050
83.208333	0.5	13.886000
83.216667	0.5	14.007350
83.225000	0.5	14.119550
83.233333	0.5	14.231850
83.241667	0.5	14.347400
83.250000	0.5	14.465250
83.258333	0.5	14.599150
83.266667	0.5	14.662700
83.275000	0.5	14.771100
83.283333	0.5	14.869750
83.291667	0.5	14.961450
83.300000	0.5	15.043800
83.308333	0.5	15.125900
83.316667	0.5	15.199100
83.325000	0.5	15.271100
83.333333	0.5	15.338450
83.341667	0.5	15.403350
83.350000	0.5	15.448750
83.358333	0.5	15.510800
83.366667	0.5	15.536000
83.375000	0.5	15.587500
83.383333	0.5	15.619200
83.391667	0.5	15.645550
83.400000	0.5	15.666100
83.408333	0.5	15.683250
83.416667	0.5	15.686450
83.425000	0.5	15.698400
83.433333	0.5	15.691950
83.441667	0.5	15.688300
83.450000	0.5	15.669550
83.458333	0.5	15.656250
83.466667	0.5	15.633400
83.475000	0.5	15.622850
83.483333	0.5	15.582800
83.491667	0.5	15.547300
83.500000	0.5	15.511400
83.508333	0.5	15.473350
83.516667	0.5	15.426500
83.525000	0.5	15.365650
83.533333	0.5	15.312700
83.541667	0.5	15.268700
83.550000	0.5	15.201250
83.558333	0.5	15.139400
83.566667	0.5	15.082350
83.575000	0.5	15.009000
83.583333	0.5	14.955850
83.591667	0.5	14.881300
83.600000	0.5	14.816950
83.608333	0.5	14.740950
83.616667	0.5	14.676400
83.625000	0.5	14.611600
83.633333	0.5	14.544200
83.641667	0.5	14.475700
83.650000	0.5	14.404750
83.658333	0.5	14.338850
83.666667	0.5	14.272750
83.675000	0.5	14.209000
83.683333	0.5	14.147450
83.691667	0.5	14.117150
83.700000	0.5	14.018600
83.708333	0.5	13.956350
83.716667	0.5	13.894600
83.725000	0.5	13.823600
83.733333	0.5	13.775900
83.741667	0.5	13.721900
83.750000	0.5	13.667000
83.758333	0.5	13.611400
83.766667	0.5	13.546500
83.775000	0.5	13.487450
83.783333	0.5	13.444700
83.791667	0.5	13.390600
83.800000	0.5	13.347300
83.808333	0.5	13.300150
83.816667	0.5	13.254400
83.825000	0.5	13.209050
83.833333	0.5	13.174150
83.841667	0.5	13.137400
83.850000	0.5	13.080250
83.858333	0.5	13.047850
83.866667	0.5	13.017750
83.875000	0.5	12.975400
83.883333	0.5	12.954650
83.891667	0.5	12.918400
83.900000	0.5	12.891450
83.908333	0.5	12.866250
83.916667	0.5	12.840250
83.925000	0.5	12.822700
83.933333	0.5	12.786700
83.941667	0.5	12.767900
83.950000	0.5	12.748000
83.958333	0.5	12.729650
83.966667	0.5	12.717000
83.975000	0.5	12.694650
83.983333	0.5	12.677600
83.991667	0.5	12.667350
84.000000	0.5	12.677900
84.008333	0.5	12.641200
84.016667	0.5	12.630150
84.025000	0.5	12.620700
84.033333	0.5	12.612450
84.041667	0.5	12.605100
84.050000	0.5	12.595800
84.058333	0.5	12.604300
84.066667	0.5	12.576750
84.075000	0.5	12.578150
84.083333	0.5	12.563450
84.091667	0.5	12.567700
84.100000	0.5	12.548500
84.108333	0.5	12.554000
84.116667	0.5	12.549300
84.125000	0.5	12.546400
84.133333	0.5	12.547550
84.141667	0.5	12.560350
84.150000	0.5	12.571200
84.158333	0.5	12.576450
84.166667	0.5	12.576750
84.175000	0.5	12.594300
84.183333	0.5	12.621450
84.191667	0.5	12.633200
84.200000	0.5	12.660500
84.208333	0.5	12.694600
84.216667	0.5	12.732900
84.225000	0.5	12.774750
84.233333	0.5	12.819650
84.241667	0.5	12.877150
84.250000	0.5	12.932300
84.258333	0.5	12.996000
84.266667	0.5	13.067900
84.275000	0.5	13.140950
84.283333	0.5	13.230450
84.291667	0.5	13.335550
84.300000	0.5	13.402550
84.308333	0.5	13.500300
84.316667	0.5	13.615100
84.325000	0.5	13.693400
84.333333	0.5	13.802700
84.341667	0.5	13.907650
84.350000	0.5	14.019650
84.358333	0.5	14.121800
84.366667	0.5	14.228050
84.375000	0.5	14.369200
84.383333	0.5	14.430650
84.391667	0.5	14.537000
84.400000	0.5	14.660500
84.408333	0.5	14.721400
84.416667	0.5	14.824400
84.425000	0.5	14.888250
84.433333	0.5	14.977600
84.441667	0.5	15.041550
84.450000	0.5	15.110500
84.458333	0.5	15.167550
84.466667	0.5	15.228500
84.475000	0.5	15.272250
84.483333	0.5	15.309000
84.491667	0.5	15.364850
84.500000	0.5	15.371400
84.508333	0.5	15.408700
84.516667	0.5	15.412250
84.525000	0.5	15.462050
84.533333	0.5	15.444900
84.541667	0.5	15.446850
84.550000	0.5	15.440650
84.558333	0.5	15.429400
84.566667	0.5	15.410000
84.575000	0.5	15.400800
84.583333	0.5	15.380700
84.591667	0.5	15.341850
84.600000	0.5	15.294200
84.608333	0.5	15.256350
84.616667	0.5	15.217550
84.625000	0.5	15.173750
84.633333	0.5	15.123850
84.641667	0.5	15.069650
84.650000	0.5	15.014600
84.658333	0.5	14.953900
84.666667	0.5	14.894100
84.675000	0.5	14.837900
84.683333	0.5	14.761050
84.691667	0.5	14.714650
84.700000	0.5	14.653750
84.708333	0.5	14.593350
84.716667	0.5	14.532250
84.725000	0.5	14.475850
84.733333	0.5	14.453800
84.741667	0.5	14.347700
84.750000	0.5	14.301950
84.758333	0.5	14.242600
84.766667	0.5	14.188550
84.775000	0.5	14.131100
84.783333	0.5	14.086850
84.791667	0.5	14.044600
84.800000	0.5	13.991600
84.808333	0.5	13.950800
84.816667	0.5	13.901600
84.825000	0.5	13.859600
84.833333	0.5	13.810050
84.841667	0.5	13.766350
84.850000	0.5	13.737400
84.858333	0.5	13.678500
84.866667	0.5	13.639450
84.875000	0.5	13.599150
84.883333	0.5	13.555550
84.891667	0.5	13.526900
84.900000	0.5	13.488200
84.908333	0.5	13.450900
84.916667	0.5	13.406150
84.925000	0.5	13.366900
84.933333	0.5	13.327850
84.941667	0.5	13.293600
84.950000	0.5	13.255400
84.958333	0.5	13.220150
84.966667	0.5	13.194200
84.975000	0.5	13.154200
84.983333	0.5	13.117400
84.991667	0.5	13.094150
85.000000	0.5	13.060400
85.008333	0.5	13.026550
85.016667	0.5	13.005250
85.025000	0.5	12.968950
85.033333	0.5	12.944550
85.041667	0.5	12.918900
85.050000	0.5	12.898800
85.058333	0.5	12.882400
85.066667	0.5	12.856400
85.075000	0.5	12.838450
85.083333	0.5	12.816450
85.091667	0.5	12.800300
85.100000	0.5	12.783600
85.108333	0.5	12.769700
85.116667	0.5	12.793000
85.125000	0.5	12.740250
85.133333	0.5	12.737250
85.141667	0.5	12.729350
85.150000	0.5	12.714150
85.158333	0.5	12.705200
85.166667	0.5	12.701500
85.175000	0.5	12.686850
85.183333	0.5	12.679750
85.191667	0.5	12.678500
85.200000	0.5	12.684350
85.208333	0.5	12.683500
85.216667	0.5	12.682200
85.225000	0.5	12.684350
85.233333	0.5	12.702600
85.241667	0.5	12.704250
85.250000	0.5	12.712550
85.258333	0.5	12.733800
85.266667	0.5	12.747850
85.275000	0.5	12.773950
85.283333	0.5	12.781250
85.291667	0.5	12.813200
85.300000	0.5	12.848050
85.308333	0.5	12.883600
85.316667	0.5	12.930750
85.325000	0.5	12.981550
85.333333	0.5	13.035350
85.341667	0.5	13.095550
85.350000	0.5	13.160200
85.358333	0.5	13.236450
85.366667	0.5	13.315800
85.375000	0.5	13.390550
85.383333	0.5	13.480750
85.391667	0.5	13.575450
85.400000	0.5	13.653350
85.408333	0.5	13.743550
85.416667	0.5	13.852600
85.425000	0.5	13.937300
85.433333	0.5	14.040850
85.441667	0.5	14.124850
85.450000	0.5	14.230500
85.458333	0.5	14.323800
85.466667	0.5	14.411100
85.475000	0.5	14.502750
85.483333	0.5	14.582300
85.491667	0.5	14.651350
85.500000	0.5	14.724400
85.508333	0.5	14.792700
85.516667	0.5	14.866350
85.525000	0.5	14.923250
85.533333	0.5	14.971250
85.541667	0.5	15.016500
85.550000	0.5	15.050850
85.558333	0.5	15.098550
85.566667	0.5	15.126750
85.575000	0.5	15.147200
85.583333	0.5	15.170800
85.591667	0.5	15.181600
85.600000	0.5	15.189100
85.608333	0.5	15.177550
85.616667	0.5	15.181500
85.625000	0.5	15.165300
85.633333	0.5	15.150500
85.641667	0.5	15.130750
85.650000	0.5	15.099250
85.658333	0.5	15.068350
85.666667	0.5	15.031650
85.675000	0.5	15.003850
85.683333	0.5	14.958050
85.691667	0.5	14.903850
85.700000	0.5	14.851650
85.708333	0.5	14.798700
85.716667	0.5	14.739600
85.725000	0.5	14.683500
85.733333	0.5	14.623450
85.741667	0.5	14.558850
85.750000	0.5	14.513650
85.758333	0.5	14.441600
85.766667	0.5	14.385850
85.775000	0.5	14.329900
85.783333	0.5	14.276200
85.791667	0.5	14.217400
85.800000	0.5	14.162450
85.808333	0.5	14.118200
85.816667	0.5	14.066300
85.825000	0.5	14.026400
85.833333	0.5	13.969450
85.841667	0.5	13.943450
85.850000	0.5	13.900450
85.858333	0.5	13.861250
85.866667	0.5	13.833700
85.875000	0.5	13.808900
85.883333	0.5	13.769500
85.891667	0.5	13.741350
85.900000	0.5	13.720000
85.908333	0.5	13.696850
85.916667	0.5	13.660750
85.925000	0.5	13.639200
85.933333	0.5	13.618000
85.941667	0.5	13.582700
85.950000	0.5	13.555400
85.958333	0.5	13.535650
85.966667	0.5	13.515500
85.975000	0.5	13.484450
85.983333	0.5	13.455100
85.991667	0.5	13.429400
86.000000	0.5	13.399650
86.008333	0.5	13.363650
86.016667	0.5	13.337500
86.025000	0.5	13.325850
86.033333	0.5	13.296250
86.041667	0.5	13.251250
86.050000	0.5	13.217100
86.058333	0.5	13.185700
86.066667	0.5	13.166550
86.075000	0.5	13.127500
86.083333	0.5	13.098400
86.091667	0.5	13.066450
86.100000	0.5	13.037050
86.108333	0.5	13.020750
86.116667	0.5	12.981000
86.125000	0.5	12.950950
86.133333	0.5	12.927250
86.141667	0.5	12.897850
86.150000	0.5	12.882750
86.158333	0.5	12.858850
86.166667	0.5	12.843000
86.175000	0.5	12.819400
86.183333	0.5	12.800300
86.191667	0.5	12.776050
86.200000	0.5	12.761500
86.208333	0.5	12.756100
86.216667	0.5	12.746250
86.225000	0.5	12.727050
86.233333	0.5	12.718750
86.241667	0.5	12.716150
86.250000	0.5	12.713350
86.258333	0.5	12.711800
86.266667	0.5	12.703900
86.275000	0.5	12.707050
86.283333	0.5	12.707900
86.291667	0.5	12.716800
86.300000	0.5	12.727800
86.308333	0.5	12.738700
86.316667	0.5	12.753000
86.325000	0.5	12.776250
86.333333	0.5	12.801300
86.341667	0.5	12.849450
86.350000	0.5	12.858600
86.358333	0.5	12.894700
86.366667	0.5	12.938650
86.375000	0.5	12.984350
86.383333	0.5	13.041150
86.391667	0.5	13.092650
86.400000	0.5	13.150850
86.408333	0.5	13.227000
86.416667	0.5	13.300750
86.425000	0.5	13.381200
86.433333	0.5	13.453900
86.441667	0.5	13.523100
86.450000	0.5	13.617100
86.458333	0.5	13.716150
86.466667	0.5	13.793700
86.475000	0.5	13.876650
86.483333	0.5	13.972450
86.491667	0.5	14.049200
86.500000	0.5	14.142050
86.508333	0.5	14.228150
86.516667	0.5	14.299250
86.525000	0.5	14.377850
86.533333	0.5	14.446850
86.541667	0.5	14.531350
86.550000	0.5	14.586200
86.558333	0.5	14.658900
86.566667	0.5	14.709200
86.575000	0.5	14.754800
86.583333	0.5	14.809550
86.591667	0.5	14.849900
86.600000	0.5	14.880750
86.608333	0.5	14.916400
86.616667	0.5	14.925750
86.625000	0.5	14.943050
86.633333	0.5	14.975700
86.641667	0.5	14.975550
86.650000	0.5	14.981800
86.658333	0.5	14.972350
86.666667	0.5	14.955550
86.675000	0.5	14.948250
86.683333	0.5	14.912050
86.691667	0.5	14.883600
86.700000	0.5	14.856450
86.708333	0.5	14.816050
86.716667	0.5	14.770200
86.725000	0.5	14.727200
86.733333	0.5	14.695550
86.741667	0.5	14.640400
86.750000	0.5	14.577200
86.758333	0.5	14.513550
86.766667	0.5	14.446550
86.775000	0.5	14.401500
86.783333	0.5	14.335900
86.791667	0.5	14.274700
86.800000	0.5	14.206200
86.808333	0.5	14.150250
86.816667	0.5	14.082100
86.825000	0.5	14.031500
86.833333	0.5	13.988650
86.841667	0.5	13.927500
86.850000	0.5	13.885850
86.858333	0.5	13.837200
86.866667	0.5	13.786400
86.875000	0.5	13.752100
86.883333	0.5	13.717400
86.891667	0.5	13.684450
86.900000	0.5	13.653100
86.908333	0.5	13.621850
86.916667	0.5	13.609950
86.925000	0.5	13.590800
86.933333	0.5	13.573800
86.941667	0.5	13.557900
86.950000	0.5	13.535500
86.958333	0.5	13.515900
86.966667	0.5	13.505200
86.975000	0.5	13.497150
86.983333	0.5	13.494050
86.991667	0.5	13.475000
87.000000	0.5	13.461300
87.008333	0.5	13.445400
87.016667	0.5	13.445250
87.025000	0.5	13.428600
87.033333	0.5	13.420350
87.041667	0.5	13.431400
87.050000	0.5	13.379500
87.058333	0.5	13.365700
87.066667	0.5	13.345100
87.075000	0.5	13.320900
87.083333	0.5	13.299850
87.091667	0.5	13.280550
87.100000	0.5	13.267450
87.108333	0.5	13.225450
87.116667	0.5	13.204500
87.125000	0.5	13.187400
87.133333	0.5	13.170800
87.141667	0.5	13.137000
87.150000	0.5	13.098500
87.158333	0.5	13.093650
87.166667	0.5	13.053150
87.175000	0.5	13.061950
87.183333	0.5	13.016550
87.191667	0.5	12.996650
87.200000	0.5	12.971350
87.208333	0.5	12.957200
87.216667	0.5	12.939400
87.225000	0.5	12.924650
87.233333	0.5	12.907600
87.241667	0.5	12.886400
87.250000	0.5	12.883600
87.258333	0.5	12.873800
87.266667	0.5	12.856450
87.275000	0.5	12.856550
87.283333	0.5	12.858550
87.291667	0.5	12.857200
87.300000	0.5	12.872700
87.308333	0.5	12.871000
87.316667	0.5	12.889000
87.325000	0.5	12.894150
87.333333	0.5	12.918000
87.341667	0.5	12.932200
87.350000	0.5	12.964800
87.358333	0.5	12.988400
87.366667	0.5	13.027400
87.375000	0.5	13.067700
87.383333	0.5	13.123900
87.391667	0.5	13.164600
87.400000	0.5	13.227150
87.408333	0.5	13.277050
87.416667	0.5	13.341650
87.425000	0.5	13.404150
87.433333	0.5	13.476450
87.441667	0.5	13.545100
87.450000	0.5	13.629950
87.458333	0.5	13.712700
87.466667	0.5	13.790900
87.475000	0.5	13.870350
87.483333	0.5	13.945150
87.491667	0.5	14.059350
87.500000	0.5	14.106900
87.508333	0.5	14.177900
87.516667	0.5	14.283000
87.525000	0.5	14.325100
87.533333	0.5	14.390350
87.541667	0.5	14.464900
87.550000	0.5	14.515600
87.558333	0.5	14.565850
87.566667	0.5	14.609600
87.575000	0.5	14.661350
87.583333	0.5	14.684200
87.591667	0.5	14.723100
87.600000	0.5	14.758150
87.608333	0.5	14.760600
87.616667	0.5	14.769150
87.625000	0.5	14.789150
87.633333	0.5	14.786900
87.641667	0.5	14.794800
87.650000	0.5	14.777050
87.658333	0.5	14.763600
87.666667	0.5	14.747300
87.675000	0.5	14.720000
87.683333	0.5	14.694300
87.691667	0.5	14.665750
87.700000	0.5	14.616050
87.708333	0.5	14.574850
87.716667	0.5	14.528350
87.725000	0.5	14.470250
87.733333	0.5	14.426500
87.741667	0.5	14.371700
87.750000	0.5	14.310000
87.758333	0.5	14.262700
87.766667	0.5	14.192250
87.775000	0.5	14.136550
87.783333	0.5	14.093100
87.791667	0.5	14.026900
87.800000	0.5	13.980300
87.808333	0.5	13.911400
87.816667	0.5	13.846500
87.825000	0.5	13.807300
87.833333	0.5	13.739300
87.841667	0.5	13.695100
87.850000	0.5	13.658650
87.858333	0.5	13.616000
87.866667	0.5	13.575250
87.875000	0.5	13.551450
87.883333	0.5	13.526000
87.891667	0.5	13.494850
87.900000	0.5	13.473700
87.908333	0.5	13.452100
87.916667	0.5	13.444850
87.925000	0.5	13.428100
87.933333	0.5	13.418600
87.941667	0.5	13.409950
87.950000	0.5	13.395900
87.958333	0.5	13.398350
87.966667	0.5	13.388450
87.975000	0.5	13.386000
87.983333	0.5	13.381150
87.991667	0.5	13.372000
88.000000	0.5	13.366900
88.008333	0.5	13.366950
88.016667	0.5	13.364900
88.025000	0.5	13.361650
88.033333	0.5	13.349700
88.041667	0.5	13.345250
88.050000	0.5	13.332050
88.058333	0.5	13.329250
88.066667	0.5	13.317400
88.075000	0.5	13.298950
88.083333	0.5	13.284350
88.091667	0.5	13.266900
88.100000	0.5	13.244200
88.108333	0.5	13.233550
88.116667	0.5	13.202650
88.125000	0.5	13.183650
88.133333	0.5	13.161100
88.141667	0.5	13.138600
88.150000	0.5	13.115900
88.158333	0.5	13.088850
88.166667	0.5	13.078350
88.175000	0.5	13.055450
88.183333	0.5	13.017600
88.191667	0.5	13.000950
88.200000	0.5	12.981950
88.208333	0.5	12.962950
88.216667	0.5	12.945400
88.225000	0.5	12.932550
88.233333	0.5	12.916350
88.241667	0.5	12.901800
88.250000	0.5	12.900750
88.258333	0.5	12.895850
88.266667	0.5	12.891400
88.275000	0.5	12.894500
88.283333	0.5	12.895500
88.291667	0.5	12.899250
88.300000	0.5	12.932300
88.308333	0.5	12.933750
88.316667	0.5	12.955100
88.325000	0.5	12.976250
88.333333	0.5	13.001000
88.341667	0.5	13.032400
88.350000	0.5	13.064000
88.358333	0.5	13.110100
88.366667	0.5	13.166350
88.375000	0.5	13.199850
88.383333	0.5	13.260650
88.391667	0.5	13.317350
88.400000	0.5	13.370000
88.408333	0.5	13.438050
88.416667	0.5	13.517500
88.425000	0.5	13.570400
88.433333	0.5	13.628100
88.441667	0.5	13.712200
88.450000	0.5	13.776250
88.458333	0.5	13.836450
88.466667	0.5	13.903650
88.475000	0.5	13.967550
88.483333	0.5	14.031650
88.491667	0.5	14.095600
88.500000	0.5	14.167300
88.508333	0.5	14.228350
88.516667	0.5	14.266500
88.525000	0.5	14.330500
88.533333	0.5	14.373400
88.541667	0.5	14.414200
88.550000	0.5	14.447300
88.558333	0.5	14.482600
88.566667	0.5	14.503000
88.575000	0.5	14.529150
88.583333	0.5	14.550600
88.591667	0.5	14.571850
88.600000	0.5	14.579700
88.608333	0.5	14.571900
88.616667	0.5	14.558500
88.625000	0.5	14.561850
88.633333	0.5	14.553900
88.641667	0.5	14.536300
88.650000	0.5	14.517950
88.658333	0.5	14.491350
88.666667	0.5	14.449300
88.675000	0.5	14.411650
88.683333	0.5	14.385400
88.691667	0.5	14.346500
88.700000	0.5	14.299300
88.708333	0.5	14.235550
88.716667	0.5	14.192950
88.725000	0.5	14.144900
88.733333	0.5	14.091600
88.741667	0.5	14.029600
88.750000	0.5	13.981100
88.758333	0.5	13.923200
88.766667	0.5	13.856050
88.775000	0.5	13.796800
88.783333	0.5	13.754400
88.791667	0.5	13.691100
88.800000	0.5	13.650500
88.808333	0.5	13.601750
88.816667	0.5	13.560250
88.825000	0.5	13.515450
88.833333	0.5	13.480500
88.841667	0.5	13.436450
88.850000	0.5	13.424350
88.858333	0.5	13.380200
88.866667	0.5	13.356200
88.875000	0.5	13.330850
88.883333	0.5	13.324550
88.891667	0.5	13.316750
88.900000	0.5	13.294300
88.908333	0.5	13.280500
88.916667	0.5	13.274600
88.925000	0.5	13.257800
88.933333	0.5	13.257200
88.941667	0.5	13.262650
88.950000	0.5	13.260350
88.958333	0.5	13.240800
88.966667	0.5	13.249700
88.975000	0.5	13.255400
88.983333	0.5	13.249350
88.991667	0.5	13.244850
89.000000	0.5	13.253200
89.008333	0.5	13.253050
89.016667	0.5	13.254400
89.025000	0.5	13.243600
89.033333	0.5	13.237800
89.041667	0.5	13.236250
89.050000	0.5	13.221600
89.058333	0.5	13.220250
89.066667	0.5	13.199450
89.075000	0.5	13.186100
89.083333	0.5	13.184750
89.091667	0.5	13.172750
89.100000	0.5	13.149650
89.108333	0.5	13.128000
89.116667	0.5	13.124550
89.125000	0.5	13.104450
89.133333	0.5	13.106550
89.141667	0.5	13.082700
89.150000	0.5	13.069300
89.158333	0.5	13.072600
89.166667	0.5	13.029950
89.175000	0.5	13.029950
89.183333	0.5	13.009800
89.191667	0.5	12.994650
89.200000	0.5	12.988500
89.208333	0.5	12.980500
89.216667	0.5	12.985750
89.225000	0.5	12.987050
89.233333	0.5	12.980400
89.241667	0.5	12.986450
89.250000	0.5	12.992450
89.258333	0.5	13.015200
89.266667	0.5	13.028150
89.275000	0.5	13.040900
89.283333	0.5	13.080750
89.291667	0.5	13.103000
89.300000	0.5	13.136600
89.308333	0.5	13.167050
89.316667	0.5	13.222800
89.325000	0.5	13.265750
89.333333	0.5	13.307850
89.341667	0.5	13.358050
89.350000	0.5	13.421250
89.358333	0.5	13.471700
89.366667	0.5	13.532200
89.375000	0.5	13.589050
89.383333	0.5	13.653600
89.391667	0.5	13.727500
89.400000	0.5	13.776350
89.408333	0.5	13.849500
89.416667	0.5	13.902500
89.425000	0.5	13.958300
89.433333	0.5	14.037500
89.441667	0.5	14.086000
89.450000	0.5	14.128250
89.458333	0.5	14.183900
89.466667	0.5	14.238000
89.475000	0.5	14.268050
89.483333	0.5	14.307650
89.491667	0.5	14.327900
89.500000	0.5	14.366700
89.508333	0.5	14.389750
89.516667	0.5	14.405800
89.525000	0.5	14.435000
89.533333	0.5	14.429100
89.541667	0.5	14.445200
89.550000	0.5	14.441500
89.558333	0.5	14.432850
89.566667	0.5	14.425900
89.575000	0.5	14.403850
89.583333	0.5	14.389500
89.591667	0.5	14.361650
89.600000	0.5	14.333000
89.608333	0.5	14.302950
89.616667	0.5	14.258150
89.625000	0.5	14.217000
89.633333	0.5	14.175000
89.641667	0.5	14.133900
89.650000	0.5	14.075700
89.658333	0.5	14.029150
89.666667	0.5	13.968250
89.675000	0.5	13.913300
89.683333	0.5	13.865200
89.691667	0.5	13.820450
89.700000	0.5	13.750250
89.708333	0.5	13.704400
89.716667	0.5	13.657650
89.725000	0.5	13.605750
89.733333	0.5	13.552350
89.741667	0.5	13.499450
89.750000	0.5	13.462100
89.758333	0.5	13.423650
89.766667	0.5	13.382500
89.775000	0.5	13.344700
89.783333	0.5	13.308300
89.791667	0.5	13.297950
89.800000	0.5	13.255350
89.808333	0.5	13.232500
89.816667	0.5	13.205550
89.825000	0.5	13.188550
89.833333	0.5	13.169850
89.841667	0.5	13.164050
89.850000	0.5	13.169400
89.858333	0.5	13.147250
89.866667	0.5	13.152100
89.875000	0.5	13.140800
89.883333	0.5	13.151450
89.891667	0.5	13.154000
89.900000	0.5	13.143700
89.908333	0.5	13.158200
89.916667	0.5	13.158000
89.925000	0.5	13.150600
89.933333	0.5	13.167700
89.941667	0.5	13.175450
89.950000	0.5	13.170000
89.958333	0.5	13.171100
89.966667	0.5	13.178150
89.975000	0.5	13.171950
89.983333	0.5	13.176650
89.991667	0.5	13.176950
90.000000	0.5	13.174350
90.008333	0.5	13.166850
90.016667	0.5	13.166100
90.025000	0.5	13.161900
90.033333	0.5	13.147550
90.041667	0.5	13.145300
90.050000	0.5	13.135800
90.058333	0.5	13.137300
90.066667	0.5	13.112300
90.075000	0.5	13.111300
90.083333	0.5	13.101350
90.091667	0.5	13.085300
90.100000	0.5	13.087400
90.108333	0.5	13.076650
90.116667	0.5	13.086450
90.125000	0.5	13.066550
90.133333	0.5	13.070450
90.141667	0.5	13.062250
90.150000	0.5	13.060200
90.158333	0.5	13.061100
90.166667	0.5	13.073750
90.175000	0.5	13.079250
90.183333	0.5	13.082450
90.191667	0.5	13.099150
90.200000	0.5	13.119500
90.208333	0.5	13.148350
90.216667	0.5	13.168350
90.225000	0.5	13.201450
90.233333	0.5	13.236150
90.241667	0.5	13.266150
90.250000	0.5	13.312200
90.258333	0.5	13.359700
90.266667	0.5	13.409900
90.275000	0.5	13.461700
90.283333	0.5	13.518800
90.291667	0.5	13.576200
90.300000	0.5	13.639200
90.308333	0.5	13.676750
90.316667	0.5	13.729250
90.325000	0.5	13.790300
90.333333	0.5	13.850900
90.341667	0.5	13.903850
90.350000	0.5	13.959250
90.358333	0.5	14.003500
90.366667	0.5	14.055300
90.375000	0.5	14.093900
90.383333	0.5	14.128750
90.391667	0.5	14.169200
90.400000	0.5	14.195750
90.408333	0.5	14.227900
90.416667	0.5	14.249000
90.425000	0.5	14.267150
90.433333	0.5	14.282800
90.441667	0.5	14.289800
90.450000	0.5	14.333550
90.458333	0.5	14.306800
90.466667	0.5	14.299050
90.475000	0.5	14.294750
90.483333	0.5	14.285800
90.491667	0.5	14.258850
90.500000	0.5	14.233350
90.508333	0.5	14.205850
90.516667	0.5	14.175800
90.525000	0.5	14.152100
90.533333	0.5	14.120500
90.541667	0.5	14.088400
90.550000	0.5	14.034950
90.558333	0.5	13.990650
90.566667	0.5	13.954350
90.575000	0.5	13.907150
90.583333	0.5	13.851300
90.591667	0.5	13.813350
90.600000	0.5	13.762900
90.608333	0.5	13.699750
90.616667	0.5	13.659500
90.625000	0.5	13.600850
90.633333	0.5	13.561000
90.641667	0.5	13.509950
90.650000	0.5	13.469350
90.658333	0.5	13.431850
90.666667	0.5	13.377800
90.675000	0.5	13.347400
90.683333	0.5	13.309550
90.691667	0.5	13.267500
90.700000	0.5	13.244400
90.708333	0.5	13.220950
90.716667	0.5	13.220700
90.725000	0.5	13.173750
90.733333	0.5	13.153750
90.741667	0.5	13.141750
90.750000	0.5	13.131450
90.758333	0.5	13.124200
90.766667	0.5	13.113450
90.775000	0.5	13.113550
90.783333	0.5	13.099950
90.791667	0.5	13.111200
90.800000	0.5	13.098850
90.808333	0.5	13.112450
90.816667	0.5	13.120100
90.825000	0.5	13.123150
90.833333	0.5	13.121800
90.841667	0.5	13.134450
90.850000	0.5	13.130600
90.858333	0.5	13.137600
90.866667	0.5	13.140500
90.875000	0.5	13.150300
90.883333	0.5	13.145300
90.891667	0.5	13.148550
90.900000	0.5	13.153900
90.908333	0.5	13.157900
90.916667	0.5	13.161550
90.925000	0.5	13.152300
90.933333	0.5	13.145400
90.941667	0.5	13.145200
90.950000	0.5	13.147500
90.958333	0.5	13.135800
90.966667	0.5	13.146500
90.975000	0.5	13.147850
90.983333	0.5	13.147350
90.991667	0.5	13.133350
91.000000	0.5	13.135900
91.008333	0.5	13.124600
91.016667	0.5	13.123100
91.025000	0.5	13.122850
91.033333	0.5	13.141900
91.041667	0.5	13.135750
91.050000	0.5	13.152400
91.058333	0.5	13.154800
91.066667	0.5	13.161600
91.075000	0.5	13.178300
91.083333	0.5	13.186200
91.091667	0.5	13.215350
91.100000	0.5	13.223350
91.108333	0.5	13.245450
91.116667	0.5	13.286550
91.125000	0.5	13.309700
91.133333	0.5	13.343500
91.141667	0.5	13.368900
91.150000	0.5	13.415650
91.158333	0.5	13.455200
91.166667	0.5	13.489550
91.175000	0.5	13.522600
91.183333	0.5	13.568600
91.191667	0.5	13.615600
91.200000	0.5	13.672200
91.208333	0.5	13.709350
91.216667	0.5	13.752700
91.225000	0.5	13.800550
91.233333	0.5	13.852100
91.241667	0.5	13.893600
91.250000	0.5	13.936950
91.258333	0.5	13.978750
91.266667	0.5	14.013150
91.275000	0.5	14.050850
91.283333	0.5	14.080650
91.291667	0.5	14.102650
91.300000	0.5	14.126850
91.308333	0.5	14.143550
91.316667	0.5	14.166100
91.325000	0.5	14.181500
91.333333	0.5	14.187550
91.341667	0.5	14.189750
91.350000	0.5	14.188650
91.358333	0.5	14.193800
91.366667	0.5	14.178350
91.375000	0.5	14.166500
91.383333	0.5	14.147750
91.391667	0.5	14.118400
91.400000	0.5	14.091150
91.408333	0.5	14.056500
91.416667	0.5	14.028250
91.425000	0.5	14.003750
91.433333	0.5	13.971300
91.441667	0.5	13.931650
91.450000	0.5	13.891550
91.458333	0.5	13.854900
91.466667	0.5	13.803200
91.475000	0.5	13.755300
91.483333	0.5	13.711700
91.491667	0.5	13.672150
91.500000	0.5	13.625550
91.508333	0.5	13.587350
91.516667	0.5	13.540550
91.525000	0.5	13.500250
91.533333	0.5	13.454150
91.541667	0.5	13.414700
91.550000	0.5	13.380750
91.558333	0.5	13.346350
91.566667	0.5	13.306500
91.575000	0.5	13.281000
91.583333	0.5	13.235750
91.591667	0.5	13.213000
91.600000	0.5	13.211600
91.608333	0.5	13.163000
91.616667	0.5	13.153400
91.625000	0.5	13.128650
91.633333	0.5	13.113900
91.641667	0.5	13.103350
91.650000	0.5	13.093250
91.658333	0.5	13.081800
91.666667	0.5	13.077150
91.675000	0.5	13.075500
91.683333	0.5	13.084500
91.691667	0.5	13.081450
91.700000	0.5	13.085200
91.708333	0.5	13.082200
91.716667	0.5	13.089850
91.725000	0.5	13.096950
91.733333	0.5	13.094200
91.741667	0.5	13.114750
91.750000	0.5	13.111250
91.758333	0.5	13.115800
91.766667	0.5	13.128200
91.775000	0.5	13.120900
91.783333	0.5	13.136350
91.791667	0.5	13.140950
91.800000	0.5	13.153800
91.808333	0.5	13.152400
91.816667	0.5	13.162300
91.825000	0.5	13.163500
91.833333	0.5	13.164600
91.841667	0.5	13.169300
91.850000	0.5	13.172100
91.858333	0.5	13.181000
91.866667	0.5	13.173950
91.875000	0.5	13.172350
91.883333	0.5	13.182650
91.891667	0.5	13.179800
91.900000	0.5	13.185150
91.908333	0.5	13.192400
91.916667	0.5	13.199200
91.925000	0.5	13.203450
91.933333	0.5	13.223550
91.941667	0.5	13.232000
91.950000	0.5	13.234400
91.958333	0.5	13.250950
91.966667	0.5	13.269250
91.975000	0.5	13.292700
91.983333	0.5	13.310100
91.991667	0.5	13.330300
92.000000	0.5	13.362200
92.008333	0.5	13.393800
92.016667	0.5	13.413900
92.025000	0.5	13.448250
92.033333	0.5	13.487850
92.041667	0.5	13.525600
92.050000	0.5	13.558800
92.058333	0.5	13.590550
92.066667	0.5	13.627650
92.075000	0.5	13.682900
92.083333	0.5	13.704050
92.091667	0.5	13.750550
92.100000	0.5	13.786050
92.108333	0.5	13.818900
92.116667	0.5	13.848250
92.125000	0.5	13.885050
92.133333	0.5	13.903100
92.141667	0.5	13.935950
92.150000	0.5	13.961950
92.158333	0.5	13.983100
92.166667	0.5	13.995700
92.175000	0.5	14.016950
92.183333	0.5	14.023400
92.191667	0.5	14.037650
92.200000	0.5	14.033350
92.208333	0.5	14.043700
92.216667	0.5	14.041800
92.225000	0.5	14.033350
92.233333	0.5	14.023950
92.241667	0.5	14.023450
92.250000	0.5	13.983950
92.258333	0.5	13.973000
92.266667	0.5	13.957500
92.275000	0.5	13.921800
92.283333	0.5	13.898250
92.291667	0.5	13.878050
92.300000	0.5	13.835650
92.308333	0.5	13.796000
92.316667	0.5	13.772800
92.325000	0.5	13.742300
92.333333	0.5	13.695900
92.341667	0.5	13.646050
92.350000	0.5	13.595600
92.358333	0.5	13.567200
92.366667	0.5	13.529450
92.375000	0.5	13.493300
92.383333	0.5	13.450550
92.391667	0.5	13.413050
92.400000	0.5	13.376200
92.408333	0.5	13.331300
92.416667	0.5	13.307750
92.425000	0.5	13.274700
92.433333	0.5	13.233050
92.441667	0.5	13.206450
92.450000	0.5	13.191450
92.458333	0.5	13.160850
92.466667	0.5	13.141450
92.475000	0.5	13.123600
92.483333	0.5	13.099900
92.491667	0.5	13.088300
92.500000	0.5	13.080700
92.508333	0.5	13.067550
92.516667	0.5	13.064700
92.525000	0.5	13.054450
92.533333	0.5	13.051850
92.541667	0.5	13.056000
92.550000	0.5	13.053950
92.558333	0.5	13.062200
92.566667	0.5	13.057100
92.575000	0.5	13.068150
92.583333	0.5	13.069200
92.591667	0.5	13.072900
92.600000	0.5	13.084600
92.608333	0.5	13.086550
92.616667	0.5	13.096650
92.625000	0.5	13.112500
92.633333	0.5	13.100350
92.641667	0.5	13.119500
92.650000	0.5	13.127700
92.658333	0.5	13.125500
92.666667	0.5	13.136700
92.675000	0.5	13.147800
92.683333	0.5	13.153500
92.691667	0.5	13.156650
92.700000	0.5	13.180500
92.708333	0.5	13.186200
92.716667	0.5	13.190750
92.725000	0.5	13.201550
92.733333	0.5	13.213650
92.741667	0.5	13.223950
92.750000	0.5	13.237800
92.758333	0.5	13.240000
92.766667	0.5	13.257600
92.775000	0.5	13.270950
92.783333	0.5	13.285600
92.791667	0.5	13.306400
92.800000	0.5	13.334100
92.808333	0.5	13.339450
92.816667	0.5	13.360700
92.825000	0.5	13.394800
92.833333	0.5	13.420450
92.841667	0.5	13.446450
92.850000	0.5	13.476000
92.858333	0.5	13.500200
92.866667	0.5	13.522050
92.875000	0.5	13.559250
92.883333	0.5	13.581150
92.891667	0.5	13.612000
92.900000	0.5	13.635000
92.908333	0.5	13.675700
92.916667	0.5	13.705450
92.925000	0.5	13.738450
92.933333	0.5	13.757600
92.941667	0.5	13.786350
92.950000	0.5	13.816200
92.958333	0.5	13.831700
92.966667	0.5	13.863700
92.975000	0.5	13.882800
92.983333	0.5	13.896800
92.991667	0.5	13.912850
93.000000	0.5	13.924950
93.008333	0.5	13.936450
93.016667	0.5	13.936800
93.025000	0.5	13.951350
93.033333	0.5	13.954800
93.041667	0.5	13.946450
93.050000	0.5	13.947200
93.058333	0.5	13.943800
93.066667	0.5	13.925600
93.075000	0.5	13.919050
93.083333	0.5	13.895050
93.091667	0.5	13.889650
93.100000	0.5	13.863250
93.108333	0.5	13.829900
93.116667	0.5	13.810700
93.125000	0.5	13.780350
93.133333	0.5	13.745850
93.141667	0.5	13.727550
93.150000	0.5	13.697550
93.158333	0.5	13.652450
93.166667	0.5	13.614750
93.175000	0.5	13.596450
93.183333	0.5	13.550350
93.191667	0.5	13.520250
93.200000	0.5	13.480650
93.208333	0.5	13.449550
93.216667	0.5	13.421450
93.225000	0.5	13.391850
93.233333	0.5	13.353900
93.241667	0.5	13.323200
93.250000	0.5	13.294250
93.258333	0.5	13.268900
93.266667	0.5	13.230450
93.275000	0.5	13.214350
93.283333	0.5	13.196200
93.291667	0.5	13.183700
93.300000	0.5	13.168900
93.308333	0.5	13.147750
93.316667	0.5	13.136700
93.325000	0.5	13.117200
93.333333	0.5	13.111850
93.341667	0.5	13.102850
93.350000	0.5	13.098750
93.358333	0.5	13.091850
93.366667	0.5	13.095950
93.375000	0.5	13.087800
93.383333	0.5	13.080000
93.391667	0.5	13.084600
93.400000	0.5	13.082650
93.408333	0.5	13.086050
93.416667	0.5	13.091200
93.425000	0.5	13.087750
93.433333	0.5	13.117500
93.441667	0.5	13.108050
93.450000	0.5	13.109400
93.458333	0.5	13.110000
93.466667	0.5	13.123050
93.475000	0.5	13.127900
93.483333	0.5	13.121550
93.491667	0.5	13.140000
93.500000	0.5	13.147500
93.508333	0.5	13.152800
93.516667	0.5	13.164750
93.525000	0.5	13.168400
93.533333	0.5	13.179800
93.541667	0.5	13.199750
93.550000	0.5	13.198950
93.558333	0.5	13.223250
93.566667	0.5	13.220050
93.575000	0.5	13.242550
93.583333	0.5	13.263200
93.591667	0.5	13.266050
93.600000	0.5	13.295450
93.608333	0.5	13.303650
93.616667	0.5	13.323250
93.625000	0.5	13.347500
93.633333	0.5	13.370300
93.641667	0.5	13.392500
93.650000	0.5	13.418350
93.658333	0.5	13.450050
93.666667	0.5	13.471500
93.675000	0.5	13.510950
93.683333	0.5	13.533150
93.691667	0.5	13.563250
93.700000	0.5	13.587900
93.708333	0.5	13.609100
93.716667	0.5	13.648300
93.725000	0.5	13.681450
93.733333	0.5	13.715200
93.741667	0.5	13.729450
93.750000	0.5	13.766150
93.758333	0.5	13.791000
93.766667	0.5	13.809500
93.775000	0.5	13.836050
93.783333	0.5	13.862400
93.791667	0.5	13.880000
93.800000	0.5	13.916050
93.808333	0.5	13.918000
93.816667	0.5	13.929450
93.825000	0.5	13.951300
93.833333	0.5	13.949400
93.841667	0.5	13.944200
93.850000	0.5	13.955650
93.858333	0.5	13.943250
93.866667	0.5	13.940200
93.875000	0.5	13.924050
93.883333	0.5	13.909650
93.891667	0.5	13.910150
93.900000	0.5	13.886650
93.908333	0.5	13.867700
93.916667	0.5	13.824150
93.925000	0.5	13.810650
93.933333	0.5	13.781600
93.941667	0.5	13.747250
93.950000	0.5	13.726050
93.958333	0.5	13.697100
93.966667	0.5	13.660050
93.975000	0.5	13.631650
93.983333	0.5	13.602350
93.991667	0.5	13.563800
94.000000	0.5	13.538700
94.008333	0.5	13.511550
94.016667	0.5	13.492900
94.025000	0.5	13.459200
94.033333	0.5	13.429450
94.041667	0.5	13.406900
94.050000	0.5	13.379750
94.058333	0.5	13.357100
94.066667	0.5	13.330250
94.075000	0.5	13.302200
94.083333	0.5	13.287400
94.091667	0.5	13.265050
94.100000	0.5	13.248400
94.108333	0.5	13.242450
94.116667	0.5	13.223550
94.125000	0.5	13.206850
94.133333	0.5	13.190400
94.141667	0.5	13.176600
94.150000	0.5	13.174650
94.158333	0.5	13.168150
94.166667	0.5	13.158650
94.175000	0.5	13.154750
94.183333	0.5	13.147050
94.191667	0.5	13.153250
94.200000	0.5	13.152450
94.208333	0.5	13.146800
94.216667	0.5	13.148400
94.225000	0.5	13.152100
94.233333	0.5	13.143400
94.241667	0.5	13.163050
94.250000	0.5	13.162800
94.258333	0.5	13.165900
94.266667	0.5	13.189850
94.275000	0.5	13.196500
94.283333	0.5	13.189050
94.291667	0.5	13.205500
94.300000	0.5	13.222850
94.308333	0.5	13.232500
94.316667	0.5	13.247200
94.325000	0.5	13.255950
94.333333	0.5	13.264950
94.341667	0.5	13.289900
94.350000	0.5	13.298200
94.358333	0.5	13.312850
94.366667	0.5	13.335800
94.375000	0.5	13.346200
94.383333	0.5	13.373750
94.391667	0.5	13.399800
94.400000	0.5	13.420650
94.408333	0.5	13.443400
94.416667	0.5	13.474550
94.425000	0.5	13.504900
94.433333	0.5	13.520800
94.441667	0.5	13.546700
94.450000	0.5	13.575950
94.458333	0.5	13.605700
94.466667	0.5	13.632200
94.475000	0.5	13.649950
94.483333	0.5	13.689350
94.491667	0.5	13.724950
94.500000	0.5	13.737800
94.508333	0.5	13.769050
94.516667	0.5	13.778550
94.525000	0.5	13.808400
94.533333	0.5	13.827550
94.541667	0.5	13.842500
94.550000	0.5	13.863800
94.558333	0.5	13.885900
94.566667	0.5	13.896650
94.575000	0.5	13.906750
94.583333	0.5	13.906150
94.591667	0.5	13.919550
94.600000	0.5	13.916250
94.608333	0.5	13.913800
94.616667	0.5	13.905150
94.625000	0.5	13.895500
94.633333	0.5	13.887050
94.641667	0.5	13.875800
94.650000	0.5	13.855100
94.658333	0.5	13.832000
94.666667	0.5	13.804350
94.675000	0.5	13.784750
94.683333	0.5	13.765150
94.691667	0.5	13.742250
94.700000	0.5	13.712450
94.708333	0.5	13.691850
94.716667	0.5	13.651450
94.725000	0.5	13.615600
94.733333	0.5	13.592300
94.741667	0.5	13.559250
94.750000	0.5	13.528150
94.758333	0.5	13.496450
94.766667	0.5	13.472400
94.775000	0.5	13.439850
94.783333	0.5	13.399550
94.791667	0.5	13.379100
94.800000	0.5	13.348300
94.808333	0.5	13.338050
94.816667	0.5	13.302400
94.825000	0.5	13.281800
94.833333	0.5	13.253550
94.841667	0.5	13.244650
94.850000	0.5	13.211400
94.858333	0.5	13.193700
94.866667	0.5	13.192000
94.875000	0.5	13.169900
94.883333	0.5	13.159450
94.891667	0.5	13.148150
94.900000	0.5	13.140900
94.908333	0.5	13.170150
94.916667	0.5	13.140150
94.925000	0.5	13.141100
94.933333	0.5	13.127150
94.941667	0.5	13.123800
94.950000	0.5	13.121050
94.958333	0.5	13.116200
94.966667	0.5	13.115000
94.975000	0.5	13.110850
94.983333	0.5	13.112350
94.991667	0.5	13.114750
95.000000	0.5	13.124900
95.008333	0.5	13.134000
95.016667	0.5	13.138000
95.025000	0.5	13.145650
95.033333	0.5	13.149200
95.041667	0.5	13.145350
95.050000	0.5	13.149550
95.058333	0.5	13.166100
95.066667	0.5	13.171600
95.075000	0.5	13.179450
95.083333	0.5	13.202350
95.091667	0.5	13.211900
95.100000	0.5	13.231300
95.108333	0.5	13.248500
95.116667	0.5	13.260700
95.125000	0.5	13.281450
95.133333	0.5	13.310100
95.141667	0.5	13.319000
95.150000	0.5	13.334150
95.158333	0.5	13.358650
95.166667	0.5	13.370650
95.175000	0.5	13.387150
95.183333	0.5	13.413650
95.191667	0.5	13.435450
95.200000	0.5	13.469700
95.208333	0.5	13.485450
95.216667	0.5	13.508300
95.225000	0.5	13.533350
95.233333	0.5	13.561550
95.241667	0.5	13.583600
95.250000	0.5	13.605900
95.258333	0.5	13.624950
95.266667	0.5	13.651650
95.275000	0.5	13.672800
95.283333	0.5	13.737700
95.291667	0.5	13.727750
95.300000	0.5	13.740250
95.308333	0.5	13.763300
95.316667	0.5	13.774450
95.325000	0.5	13.789450
95.333333	0.5	13.795900
95.341667	0.5	13.812950
95.350000	0.5	13.821400
95.358333	0.5	13.809800
95.366667	0.5	13.819650
95.375000	0.5	13.822550
95.383333	0.5	13.810950
95.391667	0.5	13.806550
95.400000	0.5	13.808650
95.408333	0.5	13.799500
95.416667	0.5	13.776500
95.425000	0.5	13.768200
95.433333	0.5	13.746850
95.441667	0.5	13.718000
95.450000	0.5	13.713000
95.458333	0.5	13.688250
95.466667	0.5	13.664050
95.475000	0.5	13.638100
95.483333	0.5	13.609900
95.491667	0.5	13.592650
95.500000	0.5	13.559750
95.508333	0.5	13.541250
95.516667	0.5	13.507200
95.525000	0.5	13.475750
95.533333	0.5	13.449700
95.541667	0.5	13.422050
95.550000	0.5	13.410750
95.558333	0.5	13.381600
95.566667	0.5	13.353500
95.575000	0.5	13.329450
95.583333	0.5	13.310150
95.591667	0.5	13.293600
95.600000	0.5	13.276550
95.608333	0.5	13.261850
95.616667	0.5	13.236550
95.625000	0.5	13.225000
95.633333	0.5	13.207000
95.641667	0.5	13.192150
95.650000	0.5	13.185750
95.658333	0.5	13.179000
95.666667	0.5	13.179100
95.675000	0.5	13.166300
95.683333	0.5	13.163050
95.691667	0.5	13.154200
95.700000	0.5	13.155000
95.708333	0.5	13.160850
95.716667	0.5	13.153900
95.725000	0.5	13.154550
95.733333	0.5	13.162150
95.741667	0.5	13.154950
95.750000	0.5	13.161850
95.758333	0.5	13.160550
95.766667	0.5	13.170950
95.775000	0.5	13.192750
95.783333	0.5	13.188450
95.791667	0.5	13.195650
95.800000	0.5	13.216250
95.808333	0.5	13.223450
95.816667	0.5	13.232850
95.825000	0.5	13.240200
95.833333	0.5	13.262750
95.841667	0.5	13.276100
95.850000	0.5	13.277650
95.858333	0.5	13.307000
95.866667	0.5	13.327650
95.875000	0.5	13.344650
95.883333	0.5	13.368450
95.891667	0.5	13.380750
95.900000	0.5	13.399400
95.908333	0.5	13.416600
95.916667	0.5	13.445000
95.925000	0.5	13.468800
95.933333	0.5	13.499500
95.941667	0.5	13.499850
95.950000	0.5	13.545800
95.958333	0.5	13.585100
95.966667	0.5	13.596800
95.975000	0.5	13.615250
95.983333	0.5	13.635450
95.991667	0.5	13.651850
96.000000	0.5	13.665700
96.008333	0.5	13.692650
96.016667	0.5	13.716150
96.025000	0.5	13.736800
96.033333	0.5	13.738950
96.041667	0.5	13.763450
96.050000	0.5	13.784450
96.058333	0.5	13.788750
96.066667	0.5	13.807300
96.075000	0.5	13.821300
96.083333	0.5	13.824800
96.091667	0.5	13.826900
96.100000	0.5	13.831750
96.108333	0.5	13.822850
96.116667	0.5	13.826450
96.125000	0.5	13.816450
96.133333	0.5	13.817600
96.141667	0.5	13.815200
96.150000	0.5	13.800750
96.158333	0.5	13.801500
96.166667	0.5	13.775700
96.175000	0.5	13.763850
96.183333	0.5	13.745450
96.191667	0.5	13.720700
96.200000	0.5	13.696300
96.208333	0.5	13.675450
96.216667	0.5	13.660950
96.225000	0.5	13.626650
96.233333	0.5	13.598300
96.241667	0.5	13.575100
96.250000	0.5	13.551400
96.258333	0.5	13.540350
96.266667	0.5	13.493950
96.275000	0.5	13.489300
96.283333	0.5	13.450050
96.291667	0.5	13.410950
96.300000	0.5	13.389850
96.308333	0.5	13.375000
96.316667	0.5	13.356950
96.325000	0.5	13.326400
96.333333	0.5	13.299650
96.341667	0.5	13.279750
96.350000	0.5	13.272100
96.358333	0.5	13.256300
96.366667	0.5	13.229950
96.375000	0.5	13.229650
96.383333	0.5	13.197850
96.391667	0.5	13.189800
96.400000	0.5	13.182250
96.408333	0.5	13.184400
96.416667	0.5	13.178300
96.425000	0.5	13.161900
96.433333	0.5	13.165650
96.441667	0.5	13.162200
96.450000	0.5	13.158800
96.458333	0.5	13.154050
96.466667	0.5	13.160650
96.475000	0.5	13.173150
96.483333	0.5	13.187750
96.491667	0.5	13.175650
96.500000	0.5	13.180550
96.508333	0.5	13.195100
96.516667	0.5	13.200800
96.525000	0.5	13.202500
96.533333	0.5	13.218500
96.541667	0.5	13.234450
96.550000	0.5	13.238100
96.558333	0.5	13.257800
96.566667	0.5	13.266150
96.575000	0.5	13.288550
96.583333	0.5	13.290250
96.591667	0.5	13.315700
96.600000	0.5	13.341300
96.608333	0.5	13.351050
96.616667	0.5	13.380150
96.625000	0.5	13.394650
96.633333	0.5	13.418700
96.641667	0.5	13.431800
96.650000	0.5	13.462100
96.658333	0.5	13.473400
96.666667	0.5	13.517500
96.675000	0.5	13.527200
96.683333	0.5	13.544050
96.691667	0.5	13.571500
96.700000	0.5	13.592000
96.708333	0.5	13.604850
96.716667	0.5	13.622750
96.725000	0.5	13.647250
96.733333	0.5	13.669450
96.741667	0.5	13.676000
96.750000	0.5	13.690800
96.758333	0.5	13.704950
96.766667	0.5	13.710250
96.775000	0.5	13.715300
96.783333	0.5	13.733850
96.791667	0.5	13.738750
96.800000	0.5	13.750300
96.808333	0.5	13.747600
96.816667	0.5	13.744800
96.825000	0.5	13.747150
96.833333	0.5	13.753950
96.841667	0.5	13.739200
96.850000	0.5	13.753850
96.858333	0.5	13.726200
96.866667	0.5	13.715800
96.875000	0.5	13.704350
96.883333	0.5	13.690450
96.891667	0.5	13.680100
96.900000	0.5	13.662850
96.908333	0.5	13.642950
96.916667	0.5	13.638350
96.925000	0.5	13.615600
96.933333	0.5	13.604600
96.941667	0.5	13.571050
96.950000	0.5	13.548000
96.958333	0.5	13.538900
96.966667	0.5	13.507050
96.975000	0.5	13.487300
96.983333	0.5	13.470150
96.991667	0.5	13.444100
97.000000	0.5	13.422200
97.008333	0.5	13.413600
97.016667	0.5	13.395550
97.025000	0.5	13.378100
97.033333	0.5	13.361300
97.041667	0.5	13.348000
97.050000	0.5	13.333250
97.058333	0.5	13.334900
97.066667	0.5	13.306750
97.075000	0.5	13.296700
97.083333	0.5	13.282400
97.091667	0.5	13.289250
97.100000	0.5	13.300600
97.108333	0.5	13.268200
97.116667	0.5	13.255500
97.125000	0.5	13.265050
97.133333	0.5	13.263000
97.141667	0.5	13.256650
97.150000	0.5	13.246400
97.158333	0.5	13.251900
97.166667	0.5	13.250950
97.175000	0.5	13.250150
97.183333	0.5	13.256400
97.191667	0.5	13.262850
97.200000	0.5	13.266000
97.208333	0.5	13.268850
97.216667	0.5	13.275150
97.225000	0.5	13.275050
97.233333	0.5	13.285050
97.241667	0.5	13.291700
97.250000	0.5	13.301600
97.258333	0.5	13.311950
97.266667	0.5	13.316400
97.275000	0.5	13.328250
97.283333	0.5	13.331000
97.291667	0.5	13.351650
97.300000	0.5	13.367500
97.308333	0.5	13.383900
97.316667	0.5	13.395550
97.325000	0.5	13.409550
97.333333	0.5	13.421950
97.341667	0.5	13.447800
97.350000	0.5	13.458200
97.358333	0.5	13.475300
97.366667	0.5	13.504300
97.375000	0.5	13.514850
97.383333	0.5	13.529200
97.391667	0.5	13.556100
97.400000	0.5	13.570500
97.408333	0.5	13.589400
97.416667	0.5	13.608400
97.425000	0.5	13.623100
97.433333	0.5	13.646350
97.441667	0.5	13.651250
97.450000	0.5	13.667450
97.458333	0.5	13.682850
97.466667	0.5	13.694100
97.475000	0.5	13.707200
97.483333	0.5	13.714850
97.491667	0.5	13.731150
97.500000	0.5	13.718550
97.508333	0.5	13.726000
97.516667	0.5	13.734750
97.525000	0.5	13.733400
97.533333	0.5	13.734750
97.541667	0.5	13.715100
97.550000	0.5	13.722000
97.558333	0.5	13.716650
97.566667	0.5	13.703150
97.575000	0.5	13.696750
97.583333	0.5	13.684550
97.591667	0.5	13.666000
97.600000	0.5	13.654250
97.608333	0.5	13.643350
97.616667	0.5	13.630650
97.625000	0.5	13.612650
97.633333	0.5	13.585050
97.641667	0.5	13.561700
97.650000	0.5	13.546250
97.658333	0.5	13.517800
97.666667	0.5	13.500400
97.675000	0.5	13.479700
97.683333	0.5	13.459900
97.691667	0.5	13.437850
97.700000	0.5	13.413250
97.708333	0.5	13.404250
97.716667	0.5	13.374550
97.725000	0.5	13.373800
97.733333	0.5	13.344250
97.741667	0.5	13.326850
97.750000	0.5	13.320950
97.758333	0.5	13.299700
97.766667	0.5	13.279750
97.775000	0.5	13.269300
97.783333	0.5	13.265900
97.791667	0.5	13.247450
97.800000	0.5	13.243950
97.808333	0.5	13.232000
97.816667	0.5	13.230400
97.825000	0.5	13.232650
97.833333	0.5	13.228300
97.841667	0.5	13.226000
97.850000	0.5	13.214800
97.858333	0.5	13.214050
97.866667	0.5	13.218600
97.875000	0.5	13.222250
97.883333	0.5	13.221500
97.891667	0.5	13.226900
97.900000	0.5	13.232700
97.908333	0.5	13.239000
97.916667	0.5	13.245100
97.925000	0.5	13.245050
97.933333	0.5	13.262650
97.941667	0.5	13.267350
97.950000	0.5	13.273000
97.958333	0.5	13.282200
97.966667	0.5	13.298100
97.975000	0.5	13.308800
97.983333	0.5	13.327750
97.991667	0.5	13.342500
98.000000	0.5	13.352550
98.008333	0.5	13.371250
98.016667	0.5	13.386250
98.025000	0.5	13.407450
98.033333	0.5	13.418300
98.041667	0.5	13.430900
98.050000	0.5	13.487500
98.058333	0.5	13.468600
98.066667	0.5	13.477400
98.075000	0.5	13.496950
98.083333	0.5	13.507600
98.091667	0.5	13.519500
98.100000	0.5	13.532950
98.108333	0.5	13.556100
98.116667	0.5	13.560650
98.125000	0.5	13.567850
98.133333	0.5	13.578400
98.141667	0.5	13.578650
98.150000	0.5	13.593950
98.158333	0.5	13.597400
98.166667	0.5	13.610000
98.175000	0.5	13.602850
98.183333	0.5	13.593950
98.191667	0.5	13.606600
98.200000	0.5	13.605550
98.208333	0.5	13.598650
98.216667	0.5	13.590300
98.225000	0.5	13.590500
98.233333	0.5	13.578150
98.241667	0.5	13.577400
98.250000	0.5	13.563100
98.258333	0.5	13.562650
98.266667	0.5	13.557550
98.275000	0.5	13.544850
98.283333	0.5	13.523350
98.291667	0.5	13.511800
98.300000	0.5	13.495000
98.308333	0.5	13.480650
98.316667	0.5	13.462100
98.325000	0.5	13.448700
98.333333	0.5	13.429550
98.341667	0.5	13.416050
98.350000	0.5	13.397650
98.358333	0.5	13.391900
98.366667	0.5	13.367700
98.375000	0.5	13.359450
98.383333	0.5	13.335850
98.391667	0.5	13.333600
98.400000	0.5	13.307300
98.408333	0.5	13.299100
98.416667	0.5	13.295150
98.425000	0.5	13.268100
98.433333	0.5	13.264450
98.441667	0.5	13.260500
98.450000	0.5	13.257350
98.458333	0.5	13.259900
98.466667	0.5	13.243350
98.475000	0.5	13.240700
98.483333	0.5	13.227850
98.491667	0.5	13.214200
98.500000	0.5	13.221000
98.508333	0.5	13.213600
98.516667	0.5	13.244300
98.525000	0.5	13.215750
98.533333	0.5	13.208050
98.541667	0.5	13.210850
98.550000	0.5	13.207350
98.558333	0.5	13.217150
98.566667	0.5	13.213300
98.575000	0.5	13.214450
98.583333	0.5	13.208850
98.591667	0.5	13.213050
98.600000	0.5	13.227100
98.608333	0.5	13.237150
98.616667	0.5	13.237050
98.625000	0.5	13.232850
98.633333	0.5	13.252400
98.641667	0.5	13.256550
98.650000	0.5	13.269900
98.658333	0.5	13.274600
98.666667	0.5	13.287550
98.675000	0.5	13.297000
98.683333	0.5	13.307200
98.691667	0.5	13.323150
98.700000	0.5	13.324400
98.708333	0.5	13.341250
98.716667	0.5	13.351050
98.725000	0.5	13.371200
98.733333	0.5	13.375600
98.741667	0.5	13.405300
98.750000	0.5	13.412450
98.758333	0.5	13.430200
98.766667	0.5	13.486900
98.775000	0.5	13.466400
98.783333	0.5	13.471800
98.791667	0.5	13.495650
98.800000	0.5	13.499650
98.808333	0.5	13.509450
98.816667	0.5	13.530650
98.825000	0.5	13.540350
98.833333	0.5	13.553150
98.841667	0.5	13.570100
98.850000	0.5	13.576200
98.858333	0.5	13.577550
98.866667	0.5	13.577850
98.875000	0.5	13.577950
98.883333	0.5	13.584800
98.891667	0.5	13.577900
98.900000	0.5	13.582500
98.908333	0.5	13.577000
98.916667	0.5	13.569250
98.925000	0.5	13.570650
98.933333	0.5	13.571900
98.941667	0.5	13.558300
98.950000	0.5	13.550200
98.958333	0.5	13.541650
98.966667	0.5	13.534950
98.975000	0.5	13.530400
98.983333	0.5	13.514700
98.991667	0.5	13.510700
99.000000	0.5	13.495950
99.008333	0.5	13.470650
99.016667	0.5	13.458650
99.025000	0.5	13.449900
99.033333	0.5	13.421350
99.041667	0.5	13.414750
99.050000	0.5	13.399450
99.058333	0.5	13.388100
99.066667	0.5	13.377250
99.075000	0.5	13.358900
99.083333	0.5	13.340900
99.091667	0.5	13.329350
99.100000	0.5	13.317050
99.108333	0.5	13.307900
99.116667	0.5	13.295200
99.125000	0.5	13.283100
99.133333	0.5	13.274800
99.141667	0.5	13.261300
99.150000	0.5	13.246500
99.158333	0.5	13.243200
99.166667	0.5	13.230750
99.175000	0.5	13.239950
99.183333	0.5	13.235450
99.191667	0.5	13.217500
99.200000	0.5	13.212400
99.208333	0.5	13.214150
99.216667	0.5	13.214650
99.225000	0.5	13.206950
99.233333	0.5	13.214050
99.241667	0.5	13.220300
99.250000	0.5	13.221500
99.258333	0.5	13.233050
99.266667	0.5	13.237150
99.275000	0.5	13.249000
99.283333	0.5	13.254750
99.291667	0.5	13.274400
99.300000	0.5	13.276150
99.308333	0.5	13.266150
99.316667	0.5	13.287900
99.325000	0.5	13.301250
99.333333	0.5	13.310550
99.341667	0.5	13.333750
99.350000	0.5	13.347150
99.358333	0.5	13.345400
99.366667	0.5	13.384600
99.375000	0.5	13.386200
99.383333	0.5	13.405150
99.391667	0.5	13.419300
99.400000	0.5	13.435450
99.408333	0.5	13.456250
99.416667	0.5	13.465050
99.425000	0.5	13.491400
99.433333	0.5	13.500050
99.441667	0.5	13.497050
99.450000	0.5	13.547600
99.458333	0.5	13.530700
99.466667	0.5	13.559000
99.475000	0.5	13.551500
99.483333	0.5	13.566850
99.491667	0.5	13.562900
99.500000	0.5	13.569050
99.508333	0.5	13.577750
99.516667	0.5	13.574950
99.525000	0.5	13.582650
99.533333	0.5	13.577750
99.541667	0.5	13.581700
99.550000	0.5	13.580550
99.558333	0.5	13.577500
99.566667	0.5	13.578600
99.575000	0.5	13.567750
99.583333	0.5	13.556050
99.591667	0.5	13.558550
99.600000	0.5	13.532500
99.608333	0.5	13.541750
99.616667	0.5	13.519800
99.625000	0.5	13.536350
99.633333	0.5	13.501350
99.641667	0.5	13.496150
99.650000	0.5	13.479350
99.658333	0.5	13.468400
99.666667	0.5	13.459750
99.675000	0.5	13.449550
99.683333	0.5	13.435850
99.691667	0.5	13.417550
99.700000	0.5	13.403000
99.708333	0.5	13.387500
99.716667	0.5	13.376850
99.725000	0.5	13.375250
99.733333	0.5	13.370700
99.741667	0.5	13.359900
99.750000	0.5	13.338300
99.758333	0.5	13.347900
99.766667	0.5	13.334750
99.775000	0.5	13.322450
99.783333	0.5	13.315450
99.791667	0.5	13.306400
99.800000	0.5	13.301900
99.808333	0.5	13.307350
99.816667	0.5	13.291200
99.825000	0.5	13.290350
99.833333	0.5	13.300950
99.841667	0.5	13.288900
99.850000	0.5	13.297050
99.858333	0.5	13.285150
99.866667	0.5	13.279250
99.875000	0.5	13.277000
99.883333	0.5	13.276450
99.891667	0.5	13.281350
99.900000	0.5	13.287050
99.908333	0.5	13.291600
99.916667	0.5	13.285750
99.925000	0.5	13.305650
99.933333	0.5	13.300650
99.941667	0.5	13.305900
99.950000	0.5	13.323700
99.958333	0.5	13.342000
99.966667	0.5	13.342600
99.975000	0.5	13.334500
99.983333	0.5	13.357250
99.991667	0.5	13.371600
100.000000	0.5	13.388200
100.008333	0.5	13.386750
100.016667	0.5	13.405900
100.025000	0.5	13.431900
100.033333	0.5	13.445600
100.041667	0.5	13.443600
100.050000	0.5	13.476950
100.058333	0.5	13.475150
100.066667	0.5	13.496500
100.075000	0.5	13.496450
100.083333	0.5	13.515650
100.091667	0.5	13.530950
100.100000	0.5	13.536150
100.108333	0.5	13.551100
100.116667	0.5	13.582400
100.125000	0.5	13.576450
100.133333	0.5	13.582500
100.141667	0.5	13.606350
100.150000	0.5	13.601900
100.158333	0.5	13.605750
100.166667	0.5	13.610300
100.175000	0.5	13.604150
100.183333	0.5	13.613600
100.191667	0.5	13.599850
100.200000	0.5	13.595600
100.208333	0.5	13.583400
100.216667	0.5	13.576600
100.225000	0.5	13.573850
100.233333	0.5	13.568150
100.241667	0.5	13.560500
100.250000	0.5	13.551150
100.258333	0.5	13.543750
100.266667	0.5	13.526350
100.275000	0.5	13.513950
100.283333	0.5	13.501800
100.291667	0.5	13.476300
100.300000	0.5	13.484650
100.308333	0.5	13.451950
100.316667	0.5	13.441750
100.325000	0.5	13.435150
100.333333	0.5	13.429800
100.341667	0.5	13.397650
100.350000	0.5	13.395000
100.358333	0.5	13.377100
100.366667	0.5	13.371450
100.375000	0.5	13.354850
100.383333	0.5	13.352100
100.391667	0.5	13.344450
100.400000	0.5	13.326700
100.408333	0.5	13.325800
100.416667	0.5	13.306000
100.425000	0.5	13.308850
100.433333	0.5	13.320800
100.441667	0.5	13.304250
100.450000	0.5	13.309400
100.458333	0.5	13.299700
100.466667	0.5	13.296300
100.475000	0.5	13.292350
100.483333	0.5	13.307200
100.491667	0.5	13.310550
100.500000	0.5	13.318150
100.508333	0.5	13.315650
100.516667	0.5	13.313750
100.525000	0.5	13.317550
100.533333	0.5	13.318300
100.541667	0.5	13.336250
100.550000	0.5	13.340150
100.558333	0.5	13.347200
100.566667	0.5	13.357300
100.575000	0.5	13.364000
100.583333	0.5	13.383400
100.591667	0.5	13.389400
100.600000	0.5	13.398250
100.608333	0.5	13.419100
100.616667	0.5	13.423350
100.625000	0.5	13.439400
100.633333	0.5	13.451400
100.641667	0.5	13.458050
100.650000	0.5	13.476100
100.658333	0.5	13.478900
100.666667	0.5	13.495500
100.675000	0.5	13.507300
100.683333	0.5	13.521500
100.691667	0.5	13.532200
100.700000	0.5	13.534950
100.708333	0.5	13.554900
100.716667	0.5	13.561050
100.725000	0.5	13.560950
100.733333	0.5	13.557350
100.741667	0.5	13.559100
100.750000	0.5	13.574050
100.758333	0.5	13.571550
100.766667	0.5	13.587150
100.775000	0.5	13.580750
100.783333	0.5	13.584550
100.791667	0.5	13.561300
100.800000	0.5	13.573400
100.808333	0.5	13.563400
100.816667	0.5	13.559350
100.825000	0.5	13.549050
100.833333	0.5	13.546000
100.841667	0.5	13.550750
100.850000	0.5	13.529850
100.858333	0.5	13.520050
100.866667	0.5	13.515300
100.875000	0.5	13.497000
100.883333	0.5	13.494100
100.891667	0.5	13.477600
100.900000	0.5	13.463400
100.908333	0.5	13.463800
100.916667	0.5	13.450800
100.925000	0.5	13.437400
100.933333	0.5	13.429550
100.941667	0.5	13.423300
100.950000	0.5	13.409950
100.958333	0.5	13.415150
100.966667	0.5	13.394950
100.975000	0.5	13.391850
100.983333	0.5	13.394800
100.991667	0.5	13.390600
101.000000	0.5	13.374200
101.008333	0.5	13.370650
101.016667	0.5	13.358450
101.025000	0.5	13.360350
101.033333	0.5	13.356950
101.041667	0.5	13.362950
101.050000	0.5	13.371200
101.058333	0.5	13.377000
101.066667	0.5	13.370250
101.075000	0.5	13.367850
101.083333	0.5	13.369800
101.091667	0.5	13.373250
101.100000	0.5	13.376650
101.108333	0.5	13.382150
101.116667	0.5	13.391150
101.125000	0.5	13.411950
101.133333	0.5	13.391050
101.141667	0.5	13.402100
101.150000	0.5	13.397700
101.158333	0.5	13.416450
101.166667	0.5	13.423500
101.175000	0.5	13.426350
101.183333	0.5	13.419750
101.191667	0.5	13.436900
101.200000	0.5	13.441750
101.208333	0.5	13.444950
101.216667	0.5	13.460400
101.225000	0.5	13.468950
101.233333	0.5	13.474150
101.241667	0.5	13.480600
101.250000	0.5	13.492350
101.258333	0.5	13.503000
101.266667	0.5	13.518900
101.275000	0.5	13.518050
101.283333	0.5	13.522200
101.291667	0.5	13.534200
101.300000	0.5	13.533100
101.308333	0.5	13.539300
101.316667	0.5	13.542200
101.325000	0.5	13.549350
101.333333	0.5	13.555850
101.341667	0.5	13.561850
101.350000	0.5	13.556050
101.358333	0.5	13.557900
101.366667	0.5	13.558150
101.375000	0.5	13.570750
101.383333	0.5	13.562200
101.391667	0.5	13.557400
101.400000	0.5	13.551750
101.408333	0.5	13.565000
101.416667	0.5	13.549200
101.425000	0.5	13.562500
101.433333	0.5	13.553400
101.441667	0.5	13.535050
101.450000	0.5	13.524850
101.458333	0.5	13.542900
101.466667	0.5	13.522700
101.475000	0.5	13.518300
101.483333	0.5	13.521150
101.491667	0.5	13.503900
101.500000	0.5	13.501750
101.508333	0.5	13.484100
101.516667	0.5	13.491650
101.525000	0.5	13.473350
101.533333	0.5	13.473050
101.541667	0.5	13.459700
101.550000	0.5	13.451850
101.558333	0.5	13.440150
101.566667	0.5	13.444050
101.575000	0.5	13.435300
101.583333	0.5	13.427400
101.591667	0.5	13.408450
101.600000	0.5	13.417000
101.608333	0.5	13.399650
101.616667	0.5	13.395000
101.625000	0.5	13.388700
101.633333	0.5	13.384750
101.641667	0.5	13.384950
101.650000	0.5	13.378650
101.658333	0.5	13.376650
101.666667	0.5	13.373700
101.675000	0.5	13.366950
101.683333	0.5	13.362800
101.691667	0.5	13.368500
101.700000	0.5	13.371000
101.708333	0.5	13.358100
101.716667	0.5	13.369300
101.725000	0.5	13.370200
101.733333	0.5	13.368050
101.741667	0.5	13.374200
101.750000	0.5	13.376900
101.758333	0.5	13.386350
101.766667	0.5	13.385350
101.775000	0.5	13.392000
101.783333	0.5	13.394100
101.791667	0.5	13.411900
101.800000	0.5	13.411150
101.808333	0.5	13.425450
101.816667	0.5	13.429850
101.825000	0.5	13.440100
101.833333	0.5	13.450400
101.841667	0.5	13.453300
101.850000	0.5	13.462800
101.858333	0.5	13.480800
101.866667	0.5	13.493800
101.875000	0.5	13.492550
101.883333	0.5	13.501300
101.891667	0.5	13.504950
101.900000	0.5	13.514550
101.908333	0.5	13.529150
101.916667	0.5	13.531500
101.925000	0.5	13.535100
101.933333	0.5	13.541300
101.941667	0.5	13.542050
101.950000	0.5	13.541150
101.958333	0.5	13.542950
101.966667	0.5	13.552950
101.975000	0.5	13.541500
101.983333	0.5	13.543450
101.991667	0.5	13.532450
102.000000	0.5	13.532300
102.008333	0.5	13.535500
102.016667	0.5	13.515200
102.025000	0.5	13.508450
102.033333	0.5	13.507600
102.041667	0.5	13.501100
102.050000	0.5	13.489050
102.058333	0.5	13.475050
102.066667	0.5	13.472450
102.075000	0.5	13.470200
102.083333	0.5	13.456850
102.091667	0.5	13.443750
102.100000	0.5	13.430600
102.108333	0.5	13.424700
102.116667	0.5	13.413400
102.125000	0.5	13.398650
102.133333	0.5	13.394650
102.141667	0.5	13.387150
102.150000	0.5	13.379050
102.158333	0.5	13.373550
102.166667	0.5	13.367550
102.175000	0.5	13.354950
102.183333	0.5	13.360900
102.191667	0.5	13.357000
102.200000	0.5	13.345400
102.208333	0.5	13.347500
102.216667	0.5	13.342400
102.225000	0.5	13.333150
102.233333	0.5	13.334200
102.241667	0.5	13.343600
102.250000	0.5	13.337750
102.258333	0.5	13.335200
102.266667	0.5	13.340250
102.275000	0.5	13.334250
102.283333	0.5	13.345500
102.291667	0.5	13.338650
102.300000	0.5	13.347700
102.308333	0.5	13.354850
102.316667	0.5	13.355350
102.325000	0.5	13.373000
102.333333	0.5	13.369350
102.341667	0.5	13.372600
102.350000	0.5	13.370350
102.358333	0.5	13.378950
102.366667	0.5	13.387300
102.375000	0.5	13.390850
102.383333	0.5	13.395450
102.391667	0.5	13.394500
102.400000	0.5	13.410700
102.408333	0.5	13.414700
102.416667	0.5	13.427050
102.425000	0.5	13.428750
102.433333	0.5	13.438400
102.441667	0.5	13.446750
102.450000	0.5	13.454000
102.458333	0.5	13.458050
102.466667	0.5	13.465550
102.475000	0.5	13.473600
102.483333	0.5	13.482800
102.491667	0.5	13.484350
102.500000	0.5	13.491500
102.508333	0.5	13.492500
102.516667	0.5	13.496600
102.525000	0.5	13.511300
102.533333	0.5	13.502250
102.541667	0.5	13.509050
102.550000	0.5	13.502050
102.558333	0.5	13.508950
102.566667	0.5	13.507150
102.575000	0.5	13.507500
102.583333	0.5	13.493300
102.591667	0.5	13.496400
102.600000	0.5	13.483500
102.608333	0.5	13.487450
102.616667	0.5	13.475850
102.625000	0.5	13.485600
102.633333	0.5	13.466750
102.641667	0.5	13.465250
102.650000	0.5	13.441900
102.658333	0.5	13.441650
102.666667	0.5	13.432050
102.675000	0.5	13.433400
102.683333	0.5	13.427700
102.691667	0.5	13.409100
102.700000	0.5	13.407150
102.708333	0.5	13.397600
102.716667	0.5	13.391500
102.725000	0.5	13.387350
102.733333	0.5	13.380250
102.741667	0.5	13.380500
102.750000	0.5	13.370850
102.758333	0.5	13.365450
102.766667	0.5	13.349550
102.775000	0.5	13.364800
102.783333	0.5	13.340050
102.791667	0.5	13.346400
102.800000	0.5	13.352450
102.808333	0.5	13.336650
102.816667	0.5	13.346400
102.825000	0.5	13.337500
102.833333	0.5	13.337750
102.841667	0.5	13.338700
102.850000	0.5	13.336200
102.858333	0.5	13.335250
102.866667	0.5	13.336050
102.875000	0.5	13.341150
102.883333	0.5	13.335800
102.891667	0.5	13.327350
102.900000	0.5	13.337700
102.908333	0.5	13.341650
102.916667	0.5	13.351800
102.925000	0.5	13.354900
102.933333	0.5	13.366750
102.941667	0.5	13.373050
102.950000	0.5	13.377350
102.958333	0.5	13.385800
102.966667	0.5	13.379650
102.975000	0.5	13.398000
102.983333	0.5	13.404650
102.991667	0.5	13.419150
103.000000	0.5	13.422600
103.008333	0.5	13.431050
103.016667	0.5	13.448350
103.025000	0.5	13.435200
103.033333	0.5	13.455700
103.041667	0.5	13.457000
103.050000	0.5	13.455650
103.058333	0.5	13.471100
103.066667	0.5	13.489250
103.075000	0.5	13.492600
103.083333	0.5	13.499050
103.091667	0.5	13.496100
103.100000	0.5	13.502350
103.108333	0.5	13.491350
103.116667	0.5	13.487700
103.125000	0.5	13.488000
103.133333	0.5	13.493050
103.141667	0.5	13.491150
103.150000	0.5	13.488450
103.158333	0.5	13.475250
103.166667	0.5	13.472500
103.175000	0.5	13.488600
103.183333	0.5	13.479400
103.191667	0.5	13.469150
103.200000	0.5	13.453600
103.208333	0.5	13.458200
103.216667	0.5	13.444200
103.225000	0.5	13.436200
103.233333	0.5	13.431700
103.241667	0.5	13.435000
103.250000	0.5	13.424400
103.258333	0.5	13.415200
103.266667	0.5	13.415250
103.275000	0.5	13.403200
103.283333	0.5	13.396100
103.291667	0.5	13.391250
103.300000	0.5	13.391950
103.308333	0.5	13.373500
103.316667	0.5	13.378500
103.325000	0.5	13.362500
103.333333	0.5	13.364800
103.341667	0.5	13.355400
103.350000	0.5	13.351650
103.358333	0.5	13.347800
103.366667	0.5	13.338250
103.375000	0.5	13.351800
103.383333	0.5	13.349000
103.391667	0.5	13.347700
103.400000	0.5	13.344250
103.408333	0.5	13.342250
103.416667	0.5	13.341350
103.425000	0.5	13.331700
103.433333	0.5	13.347800
103.441667	0.5	13.347700
103.450000	0.5	13.354850
103.458333	0.5	13.351750
103.466667	0.5	13.354450
103.475000	0.5	13.356350
103.483333	0.5	13.363100
103.491667	0.5	13.376500
103.500000	0.5	13.371900
103.508333	0.5	13.374450
103.516667	0.5	13.367700
103.525000	0.5	13.385150
103.533333	0.5	13.382450
103.541667	0.5	13.382600
103.550000	0.5	13.377900
103.558333	0.5	13.411350
103.566667	0.5	13.399450
103.575000	0.5	13.392100
103.583333	0.5	13.400800
103.591667	0.5	13.411150
103.600000	0.5	13.412850
103.608333	0.5	13.410400
103.616667	0.5	13.416750
103.625000	0.5	13.415050
103.633333	0.5	13.412050
103.641667	0.5	13.423500
103.650000	0.5	13.420200
103.658333	0.5	13.410200
103.666667	0.5	13.420650
103.675000	0.5	13.432750
103.683333	0.5	13.429100
103.691667	0.5	13.422200
103.700000	0.5	13.420600
103.708333	0.5	13.428150
103.716667	0.5	13.427750
103.725000	0.5	13.426250
103.733333	0.5	13.424200
103.741667	0.5	13.422850
103.750000	0.5	13.421100
103.758333	0.5	13.409750
103.766667	0.5	13.415700
103.775000	0.5	13.409750
103.783333	0.5	13.406300
103.791667	0.5	13.398800
103.800000	0.5	13.388600
103.808333	0.5	13.393450
103.816667	0.5	13.391550
103.825000	0.5	13.388750
103.833333	0.5	13.379550
103.841667	0.5	13.384400
103.850000	0.5	13.375450
103.858333	0.5	13.382200
103.866667	0.5	13.382100
103.875000	0.5	13.373300
103.883333	0.5	13.376200
103.891667	0.5	13.375300
103.900000	0.5	13.360550
103.908333	0.5	13.366400
103.916667	0.5	13.367300
103.925000	0.5	13.352550
103.933333	0.5	13.344650
103.941667	0.5	13.338300
103.950000	0.5	13.337500
103.958333	0.5	13.337750
103.966667	0.5	13.331250
103.975000	0.5	13.338150
103.983333	0.5	13.330650
103.991667	0.5	13.322300
104.000000	0.5	13.318250
104.008333	0.5	13.320450
104.016667	0.5	13.325950
104.025000	0.5	13.319150
104.033333	0.5	13.329850
104.041667	0.5	13.332700
104.050000	0.5	13.328950
104.058333	0.5	13.338300
104.066667	0.5	13.337300
104.075000	0.5	13.338150
104.083333	0.5	13.354200
104.091667	0.5	13.348650
104.100000	0.5	13.350850
104.108333	0.5	13.356600
104.116667	0.5	13.369350
104.125000	0.5	13.371650
104.133333	0.5	13.383150
104.141667	0.5	13.384000
104.150000	0.5	13.399550
104.158333	0.5	13.425350
104.166667	0.5	13.418050
104.175000	0.5	13.414200
104.183333	0.5	13.426850
104.191667	0.5	13.429700
104.200000	0.5	13.438250
104.208333	0.5	13.436950
104.216667	0.5	13.444100
104.225000	0.5	13.457100
104.233333	0.5	13.459550
104.241667	0.5	13.480900
104.250000	0.5	13.470750
104.258333	0.5	13.471950
104.266667	0.5	13.470800
104.275000	0.5	13.471800
104.283333	0.5	13.475500
104.291667	0.5	13.479850
104.300000	0.5	13.482200
104.308333	0.5	13.468650
104.316667	0.5	13.458800
104.325000	0.5	13.457650
104.333333	0.5	13.453100
104.341667	0.5	13.446650
104.350000	0.5	13.432400
104.358333	0.5	13.429750
104.366667	0.5	13.419500
104.375000	0.5	13.411100
104.383333	0.5	13.408100
104.391667	0.5	13.393450
104.400000	0.5	13.381450
104.408333	0.5	13.368350
104.416667	0.5	13.366200
104.425000	0.5	13.354000
104.433333	0.5	13.345900
104.441667	0.5	13.355800
104.450000	0.5	13.346600
104.458333	0.5	13.332950
104.466667	0.5	13.329100
104.475000	0.5	13.323000
104.483333	0.5	13.320200
104.491667	0.5	13.322300
104.500000	0.5	13.326500
104.508333	0.5	13.315300
104.516667	0.5	13.316100
104.525000	0.5	13.314850
104.533333	0.5	13.321550
104.541667	0.5	13.326000
104.550000	0.5	13.328750
104.558333	0.5	13.332600
104.566667	0.5	13.338750
104.575000	0.5	13.348450
104.583333	0.5	13.357650
104.591667	0.5	13.364250
104.600000	0.5	13.366000
104.608333	0.5	13.373650
104.616667	0.5	13.382450
104.625000	0.5	13.393300
104.633333	0.5	13.402600
104.641667	0.5	13.412450
104.650000	0.5	13.433700
104.658333	0.5	13.408500
104.666667	0.5	13.412900
104.675000	0.5	13.428100
104.683333	0.5	13.430700
104.691667	0.5	13.434750
104.700000	0.5	13.432800
104.708333	0.5	13.440250
104.716667	0.5	13.442350
104.725000	0.5	13.444250
104.733333	0.5	13.452750
104.741667	0.5	13.452500
104.750000	0.5	13.480850
104.758333	0.5	13.449050
104.766667	0.5	13.439750
104.775000	0.5	13.445400
104.783333	0.5	13.452800
104.791667	0.5	13.434950
104.800000	0.5	13.438150
104.808333	0.5	13.435900
104.816667	0.5	13.419500
104.825000	0.5	13.424500
104.833333	0.5	13.442900
104.841667	0.5	13.405950
104.850000	0.5	13.397100
104.858333	0.5	13.397850
104.866667	0.5	13.389300
104.875000	0.5	13.373450
104.883333	0.5	13.375800
104.891667	0.5	13.391850
104.900000	0.5	13.370150
104.908333	0.5	13.362350
104.916667	0.5	13.366550
104.925000	0.5	13.356150
104.933333	0.5	13.344150
104.941667	0.5	13.338050
104.950000	0.5	13.343500
104.958333	0.5	13.330100
104.966667	0.5	13.327250
104.975000	0.5	13.327700
104.983333	0.5	13.332650
104.991667	0.5	13.336650
105.000000	0.5	13.328250
105.008333	0.5	13.332750
105.016667	0.5	13.321800
105.025000	0.5	13.330200
105.033333	0.5	13.329400
105.041667	0.5	13.320150
105.050000	0.5	13.320600
105.058333	0.5	13.326150
105.066667	0.5	13.331450
105.075000	0.5	13.328950
105.083333	0.5	13.331100
105.091667	0.5	13.325050
105.100000	0.5	13.330150
105.108333	0.5	13.335800
105.116667	0.5	13.341700
105.125000	0.5	13.347550
105.133333	0.5	13.349950
105.141667	0.5	13.349800
105.150000	0.5	13.344050
105.158333	0.5	13.360400
105.166667	0.5	13.364200
105.175000	0.5	13.355250
105.183333	0.5	13.369750
105.191667	0.5	13.369200
105.200000	0.5	13.405950
105.208333	0.5	13.391050
105.216667	0.5	13.399800
105.225000	0.5	13.412050
105.233333	0.5	13.400850
105.241667	0.5	13.421600
105.250000	0.5	13.429500
105.258333	0.5	13.424600
105.266667	0.5	13.421300
105.275000	0.5	13.412800
105.283333	0.5	13.429200
105.291667	0.5	13.428550
105.300000	0.5	13.422800
105.308333	0.5	13.426650
105.316667	0.5	13.419800
105.325000	0.5	13.414050
105.333333	0.5	13.418650
105.341667	0.5	13.403400
105.350000	0.5	13.393050
105.358333	0.5	13.385300
105.366667	0.5	13.380650
105.375000	0.5	13.383750
105.383333	0.5	13.370400
105.391667	0.5	13.373500
105.400000	0.5	13.353100
105.408333	0.5	13.356050
105.416667	0.5	13.339050
105.425000	0.5	13.328450
105.433333	0.5	13.332950
105.441667	0.5	13.336000
105.450000	0.5	13.316400
105.458333	0.5	13.304100
105.466667	0.5	13.301350
105.475000	0.5	13.298550
105.483333	0.5	13.276150
105.491667	0.5	13.282400
105.500000	0.5	13.279500
105.508333	0.5	13.269250
105.516667	0.5	13.271400
105.525000	0.5	13.267300
105.533333	0.5	13.271350
105.541667	0.5	13.279300
105.550000	0.5	13.266750
105.558333	0.5	13.273900
105.566667	0.5	13.265050
105.575000	0.5	13.262200
105.583333	0.5	13.270500
105.591667	0.5	13.265550
105.600000	0.5	13.278000
105.608333	0.5	13.261500
105.616667	0.5	13.281700
105.625000	0.5	13.286800
105.633333	0.5	13.273650
105.641667	0.5	13.281650
105.650000	0.5	13.285550
105.658333	0.5	13.291500
105.666667	0.5	13.290850
105.675000	0.5	13.306500
105.683333	0.5	13.300650
105.691667	0.5	13.312100
105.700000	0.5	13.316550
105.708333	0.5	13.320150
105.716667	0.5	13.330000
105.725000	0.5	13.326500
105.733333	0.5	13.334900
105.741667	0.5	13.331600
105.750000	0.5	13.332950
105.758333	0.5	13.338450
105.766667	0.5	13.332550
105.775000	0.5	13.335950
105.783333	0.5	13.340550
105.791667	0.5	13.340150
105.800000	0.5	13.342650
105.808333	0.5	13.341700
105.816667	0.5	13.336950
105.825000	0.5	13.341550
105.833333	0.5	13.334900
105.841667	0.5	13.333050
105.850000	0.5	13.315250
105.858333	0.5	13.317900
105.866667	0.5	13.338700
105.875000	0.5	13.306950
105.883333	0.5	13.312350
105.891667	0.5	13.292350
105.900000	0.5	13.294400
105.908333	0.5	13.283550
105.916667	0.5	13.270050
105.925000	0.5	13.272700
105.933333	0.5	13.264200
105.941667	0.5	13.254900
105.950000	0.5	13.240550
105.958333	0.5	13.247500
105.966667	0.5	13.244150
105.975000	0.5	13.235500
105.983333	0.5	13.231000
105.991667	0.5	13.221050
106.000000	0.5	13.232200
106.008333	0.5	13.228250
106.016667	0.5	13.220550
106.025000	0.5	13.213900
106.033333	0.5	13.218650
106.041667	0.5	13.222050
106.050000	0.5	13.231350
106.058333	0.5	13.224950
106.066667	0.5	13.230650
106.075000	0.5	13.239200
106.083333	0.5	13.238550
106.091667	0.5	13.242600
106.100000	0.5	13.243500
106.108333	0.5	13.247350
106.116667	0.5	13.243800
106.125000	0.5	13.263150
106.133333	0.5	13.259200
106.141667	0.5	13.265950
106.150000	0.5	13.271650
106.158333	0.5	13.279450
106.166667	0.5	13.282750
106.175000	0.5	13.293450
106.183333	0.5	13.286500
106.191667	0.5	13.292350
106.200000	0.5	13.285650
106.208333	0.5	13.301350
106.216667	0.5	13.308000
106.225000	0.5	13.312950
106.233333	0.5	13.298950
106.241667	0.5	13.315300
106.250000	0.5	13.309100
106.258333	0.5	13.312650
106.266667	0.5	13.310100
106.275000	0.5	13.303350
106.283333	0.5	13.307700
106.291667	0.5	13.301050
106.300000	0.5	13.295200
106.308333	0.5	13.295600
106.316667	0.5	13.287300
106.325000	0.5	13.295200
106.333333	0.5	13.286250
106.341667	0.5	13.268000
106.350000	0.5	13.286650
106.358333	0.5	13.276250
106.366667	0.5	13.269450
106.375000	0.5	13.268100
106.383333	0.5	13.274150
106.391667	0.5	13.270950
106.400000	0.5	13.255900
106.408333	0.5	13.250400
106.416667	0.5	13.250850
106.425000	0.5	13.256350
106.433333	0.5	13.242650
106.441667	0.5	13.246800
106.450000	0.5	13.250350
106.458333	0.5	13.244000
106.466667	0.5	13.246700
106.475000	0.5	13.243450
106.483333	0.5	13.242200
106.491667	0.5	13.244550
106.500000	0.5	13.248750
106.508333	0.5	13.248250
106.516667	0.5	13.241200
106.525000	0.5	13.242400
106.533333	0.5	13.252500
106.541667	0.5	13.248700
106.550000	0.5	13.242250
106.558333	0.5	13.248800
106.566667	0.5	13.244800
106.575000	0.5	13.238250
106.583333	0.5	13.225500
106.591667	0.5	13.233350
106.600000	0.5	13.241000
106.608333	0.5	13.246750
106.616667	0.5	13.234050
106.625000	0.5	13.241500
106.633333	0.5	13.236600
106.641667	0.5	13.235000
106.650000	0.5	13.242400
106.658333	0.5	13.256050
106.666667	0.5	13.244750
106.675000	0.5	13.246900
106.683333	0.5	13.241400
106.691667	0.5	13.238250
106.700000	0.5	13.248350
106.708333	0.5	13.245600
106.716667	0.5	13.251350
106.725000	0.5	13.250600
106.733333	0.5	13.269400
106.741667	0.5	13.253400
106.750000	0.5	13.266000
106.758333	0.5	13.262250
106.766667	0.5	13.273800
106.775000	0.5	13.269100
106.783333	0.5	13.290100
106.791667	0.5	13.277200
106.800000	0.5	13.262450
106.808333	0.5	13.264250
106.816667	0.5	13.274350
106.825000	0.5	13.267650
106.833333	0.5	13.266700
106.841667	0.5	13.267900
106.850000	0.5	13.269450
106.858333	0.5	13.268050
106.866667	0.5	13.267200
106.875000	0.5	13.266400
106.883333	0.5	13.274400
106.891667	0.5	13.267950
106.900000	0.5	13.258300
106.908333	0.5	13.261550
106.916667	0.5	13.258450
106.925000	0.5	13.251250
106.933333	0.5	13.262700
106.941667	0.5	13.269550
106.950000	0.5	13.248200
106.958333	0.5	13.248200
106.966667	0.5	13.243200
106.975000	0.5	13.248650
106.983333	0.5	13.242350
106.991667	0.5	13.243000
107.000000	0.5	13.235800
107.008333	0.5	13.228300
107.016667	0.5	13.232800
107.025000	0.5	13.241050
107.033333	0.5	13.239650
107.041667	0.5	13.238200
107.050000	0.5	13.228950
107.058333	0.5	13.232700
107.066667	0.5	13.233950
107.075000	0.5	13.249550
107.083333	0.5	13.235100
107.091667	0.5	13.241250
107.100000	0.5	13.245150
107.108333	0.5	13.236600
107.116667	0.5	13.252300
107.125000	0.5	13.238300
107.133333	0.5	13.246400
107.141667	0.5	13.253450
107.150000	0.5	13.238350
107.158333	0.5	13.247300
107.166667	0.5	13.242650
107.175000	0.5	13.239450
107.183333	0.5	13.269100
107.191667	0.5	13.247650
107.200000	0.5	13.248950
107.208333	0.5	13.252850
107.216667	0.5	13.252700
107.225000	0.5	13.259800
107.233333	0.5	13.244800
107.241667	0.5	13.249150
107.250000	0.5	13.251850
107.258333	0.5	13.256650
107.266667	0.5	13.256750
107.275000	0.5	13.257850
107.283333	0.5	13.254150
107.291667	0.5	13.253250
107.300000	0.5	13.261450
107.308333	0.5	13.245650
107.316667	0.5	13.257000
107.325000	0.5	13.251900
107.333333	0.5	13.238300
107.341667	0.5	13.245950
107.350000	0.5	13.236300
107.358333	0.5	13.233200
107.366667	0.5	13.233150
107.375000	0.5	13.225650
107.383333	0.5	13.226650
107.391667	0.5	13.222900
107.400000	0.5	13.216250
107.408333	0.5	13.212200
107.416667	0.5	13.209450
107.425000	0.5	13.202550
107.433333	0.5	13.202800
107.441667	0.5	13.195150
107.450000	0.5	13.184800
107.458333	0.5	13.187000
107.466667	0.5	13.190000
107.475000	0.5	13.178300
107.483333	0.5	13.176300
107.491667	0.5	13.166350
107.500000	0.5	13.170500
107.508333	0.5	13.156100
107.516667	0.5	13.160150
107.525000	0.5	13.152800
107.533333	0.5	13.147650
107.541667	0.5	13.140400
107.550000	0.5	13.136700
107.558333	0.5	13.137750
107.566667	0.5	13.123600
107.575000	0.5	13.128600
107.583333	0.5	13.142350
107.591667	0.5	13.133550
107.600000	0.5	13.131000
107.608333	0.5	13.125450
107.616667	0.5	13.128300
107.625000	0.5	13.120650
107.633333	0.5	13.138850
107.641667	0.5	13.125650
107.650000	0.5	13.126150
107.658333	0.5	13.127500
107.666667	0.5	13.137450
107.675000	0.5	13.146350
107.683333	0.5	13.142650
107.691667	0.5	13.146550
107.700000	0.5	13.150350
107.708333	0.5	13.156200
107.716667	0.5	13.164600
107.725000	0.5	13.157450
107.733333	0.5	13.166250
107.741667	0.5	13.169700
107.750000	0.5	13.172650
107.758333	0.5	13.173350
107.766667	0.5	13.180250
107.775000	0.5	13.178300
107.783333	0.5	13.181000
107.791667	0.5	13.182500
107.800000	0.5	13.181650
107.808333	0.5	13.172150
107.816667	0.5	13.177050
107.825000	0.5	13.165450
107.833333	0.5	13.164100
107.841667	0.5	13.161400
107.850000	0.5	13.159150
107.858333	0.5	13.159600
107.866667	0.5	13.156750
107.875000	0.5	13.144950
107.883333	0.5	13.148000
107.891667	0.5	13.138300
107.900000	0.5	13.133600
107.908333	0.5	13.126550
107.916667	0.5	13.127800
107.925000	0.5	13.114100
107.933333	0.5	13.113300
107.941667	0.5	13.104950
107.950000	0.5	13.101700
107.958333	0.5	13.100050
107.966667	0.5	13.087050
107.975000	0.5	13.079900
107.983333	0.5	13.070750
107.991667	0.5	13.072650
108.000000	0.5	13.057400
108.008333	0.5	13.050000
108.016667	0.5	13.043300
108.025000	0.5	13.044600
108.033333	0.5	13.053500
108.041667	0.5	13.048750
108.050000	0.5	13.044050
108.058333	0.5	13.053350
108.066667	0.5	13.048700
108.075000	0.5	13.055400
108.083333	0.5	13.058400
108.091667	0.5	13.056250
108.100000	0.5	13.063000
108.108333	0.5	13.080900
108.116667	0.5	13.083900
108.125000	0.5	13.095750
108.133333	0.5	13.097650
108.141667	0.5	13.117600
108.150000	0.5	13.127400
108.158333	0.5	13.134300
108.166667	0.5	13.148000
108.175000	0.5	13.158300
108.183333	0.5	13.165350
108.191667	0.5	13.177100
108.200000	0.5	13.187850
108.208333	0.5	13.186450
108.216667	0.5	13.191000
108.225000	0.5	13.217450
108.233333	0.5	13.213050
108.241667	0.5	13.220900
108.250000	0.5	13.224300
108.258333	0.5	13.236250
108.266667	0.5	13.224550
108.275000	0.5	13.230000
108.283333	0.5	13.227950
108.291667	0.5	13.227850
108.300000	0.5	13.228200
108.308333	0.5	13.239550
108.316667	0.5	13.232350
108.325000	0.5	13.232650
108.333333	0.5	13.227150
108.341667	0.5	13.229900
108.350000	0.5	13.221350
108.358333	0.5	13.218350
108.366667	0.5	13.207500
108.375000	0.5	13.207600
108.383333	0.5	13.201450
108.391667	0.5	13.194900
108.400000	0.5	13.202100
108.408333	0.5	13.195350
108.416667	0.5	13.193500
108.425000	0.5	13.189400
108.433333	0.5	13.182300
108.441667	0.5	13.179300
108.450000	0.5	13.187150
108.458333	0.5	13.179650
108.466667	0.5	13.186350
108.475000	0.5	13.174850
108.483333	0.5	13.177850
108.491667	0.5	13.188250
108.500000	0.5	13.181300
108.508333	0.5	13.178650
108.516667	0.5	13.186800
108.525000	0.5	13.184750
108.533333	0.5	13.192800
108.541667	0.5	13.180200
108.550000	0.5	13.196900
108.558333	0.5	13.194250
108.566667	0.5	13.197950
108.575000	0.5	13.203550
108.583333	0.5	13.200750
108.591667	0.5	13.208750
108.600000	0.5	13.201500
108.608333	0.5	13.204400
108.616667	0.5	13.204700
108.625000	0.5	13.202650
108.633333	0.5	13.216850
108.641667	0.5	13.218750
108.650000	0.5	13.228100
108.658333	0.5	13.228800
108.666667	0.5	13.222700
108.675000	0.5	13.221300
108.683333	0.5	13.220850
108.691667	0.5	13.224250
108.700000	0.5	13.225750
108.708333	0.5	13.217800
108.716667	0.5	13.222300
108.725000	0.5	13.232500
108.733333	0.5	13.220550
108.741667	0.5	13.219500
108.750000	0.5	13.217900
108.758333	0.5	13.220300
108.766667	0.5	13.223750
108.775000	0.5	13.221250
108.783333	0.5	13.209300
108.791667	0.5	13.213550
108.800000	0.5	13.218050
108.808333	0.5	13.212900
108.816667	0.5	13.209800
108.825000	0.5	13.202900
108.833333	0.5	13.198050
108.841667	0.5	13.196150
108.850000	0.5	13.184650
108.858333	0.5	13.174850
108.866667	0.5	13.182500
108.875000	0.5	13.183950
108.883333	0.5	13.161850
108.891667	0.5	13.171050
108.900000	0.5	13.157400
108.908333	0.5	13.143400
108.916667	0.5	13.144900
108.925000	0.5	13.135400
108.933333	0.5	13.139150
108.941667	0.5	13.137300
108.950000	0.5	13.129100
108.958333	0.5	13.128550
108.966667	0.5	13.122200
108.975000	0.5	13.126100
108.983333	0.5	13.126000
108.991667	0.5	13.124800
109.000000	0.5	13.119150
109.008333	0.5	13.125400
109.016667	0.5	13.130800
109.025000	0.5	13.127250
109.033333	0.5	13.129750
109.041667	0.5	13.137000
109.050000	0.5	13.127550
109.058333	0.5	13.133950
109.066667	0.5	13.157750
109.075000	0.5	13.152550
109.083333	0.5	13.153900
109.091667	0.5	13.152850
109.100000	0.5	13.151800
109.108333	0.5	13.152300
109.116667	0.5	13.151300
109.125000	0.5	13.160600
109.133333	0.5	13.160450
109.141667	0.5	13.165850
109.150000	0.5	13.172300
109.158333	0.5	13.164250
109.166667	0.5	13.169800
109.175000	0.5	13.173050
109.183333	0.5	13.164050
109.191667	0.5	13.172950
109.200000	0.5	13.164450
109.208333	0.5	13.155550
109.216667	0.5	13.147600
109.225000	0.5	13.146200
109.233333	0.5	13.153050
109.241667	0.5	13.137750
109.250000	0.5	13.125600
109.258333	0.5	13.128050
109.266667	0.5	13.121600
109.275000	0.5	13.119050
109.283333	0.5	13.114150
109.291667	0.5	13.107050
109.300000	0.5	13.101850
109.308333	0.5	13.094500
109.316667	0.5	13.092650
109.325000	0.5	13.088300
109.333333	0.5	13.092100
109.341667	0.5	13.069650
109.350000	0.5	13.068500
109.358333	0.5	13.069650
109.366667	0.5	13.070700
109.375000	0.5	13.060750
109.383333	0.5	13.060500
109.391667	0.5	13.057450
109.400000	0.5	13.058400
109.408333	0.5	13.063450
109.416667	0.5	13.061800
109.425000	0.5	13.071950
109.433333	0.5	13.071050
109.441667	0.5	13.072150
109.450000	0.5	13.064500
109.458333	0.5	13.069700
109.466667	0.5	13.073050
109.475000	0.5	13.085200
109.483333	0.5	13.088400
109.491667	0.5	13.089750
109.500000	0.5	13.091350
109.508333	0.5	13.104350
109.516667	0.5	13.106100
109.525000	0.5	13.110850
109.533333	0.5	13.110350
109.541667	0.5	13.114550
109.550000	0.5	13.117450
109.558333	0.5	13.121100
109.566667	0.5	13.128100
109.575000	0.5	13.125800
109.583333	0.5	13.127850
109.591667	0.5	13.134300
109.600000	0.5	13.127500
109.608333	0.5	13.131400
109.616667	0.5	13.116300
109.625000	0.5	13.123300
109.633333	0.5	13.130900
109.641667	0.5	13.118100
109.650000	0.5	13.116250
109.658333	0.5	13.116250
109.666667	0.5	13.114000
109.675000	0.5	13.097550
109.683333	0.5	13.098000
109.691667	0.5	13.092050
109.700000	0.5	13.089350
109.708333	0.5	13.078150
109.716667	0.5	13.070850
109.725000	0.5	13.058800
109.733333	0.5	13.054700
109.741667	0.5	13.048600
109.750000	0.5	13.053800
109.758333	0.5	13.037750
109.766667	0.5	13.036200
109.775000	0.5	13.019850
109.783333	0.5	13.017100
109.791667	0.5	13.019150
109.800000	0.5	13.026500
109.808333	0.5	13.016250
109.816667	0.5	13.008000
109.825000	0.5	13.005050
109.833333	0.5	13.004250
109.841667	0.5	13.000300
109.850000	0.5	12.999650
109.858333	0.5	13.009350
109.866667	0.5	13.003200
109.875000	0.5	13.005500
109.883333	0.5	13.003950
109.891667	0.5	13.006000
109.900000	0.5	12.996650
109.908333	0.5	12.998750
109.916667	0.5	12.994250
109.925000	0.5	12.984800
109.933333	0.5	12.982450
109.941667	0.5	12.988100
109.950000	0.5	12.993550
109.958333	0.5	12.979800
109.966667	0.5	12.997050
109.975000	0.5	12.981550
109.983333	0.5	12.990000
109.991667	0.5	12.983100
110.000000	0.5	12.977300
110.008333	0.5	12.974200
110.016667	0.5	12.975900
110.025000	0.5	12.971950
110.033333	0.5	12.982250
110.041667	0.5	12.969100
110.050000	0.5	12.965350
110.058333	0.5	12.971150
110.066667	0.5	12.965050
110.075000	0.5	12.963600
110.083333	0.5	12.963250
110.091667	0.5	12.953450
110.100000	0.5	12.957650
110.108333	0.5	12.951400
110.116667	0.5	12.943400
110.125000	0.5	12.951450
110.133333	0.5	12.955800
110.141667	0.5	12.947550
110.150000	0.5	12.947200
110.158333	0.5	12.954150
110.166667	0.5	12.947050
110.175000	0.5	12.950050
110.183333	0.5	12.953500
110.191667	0.5	12.945850
110.200000	0.5	12.940600
110.208333	0.5	12.945150
110.216667	0.5	12.941300
110.225000	0.5	12.957000
110.233333	0.5	12.949800
110.241667	0.5	12.942150
110.250000	0.5	12.945450
110.258333	0.5	12.947400
110.266667	0.5	12.946800
110.275000	0.5	12.953000
110.283333	0.5	12.954150
110.291667	0.5	12.943100
110.300000	0.5	12.948150
110.308333	0.5	12.952500
110.316667	0.5	12.944900
110.325000	0.5	12.944700
110.333333	0.5	12.945300
110.341667	0.5	12.949350
110.350000	0.5	12.955700
110.358333	0.5	12.943600
110.366667	0.5	12.934150
110.375000	0.5	12.940400
110.383333	0.5	12.938850
110.391667	0.5	12.926650
110.400000	0.5	12.939300
110.408333	0.5	12.929250
110.416667	0.5	12.929950
110.425000	0.5	12.921650
110.433333	0.5	12.932650
110.441667	0.5	12.931300
110.450000	0.5	12.945450
110.458333	0.5	12.925150
110.466667	0.5	12.928600
110.475000	0.5	12.931400
110.483333	0.5	12.945250
110.491667	0.5	12.938900
110.500000	0.5	12.939500
110.508333	0.5	12.932600
110.516667	0.5	12.943600
110.525000	0.5	12.939050
110.533333	0.5	12.939300
110.541667	0.5	12.937050
110.550000	0.5	12.959550
110.558333	0.5	12.947850
110.566667	0.5	12.948850
110.575000	0.5	12.951150
110.583333	0.5	12.956600
110.591667	0.5	12.949150
110.600000	0.5	12.953200
110.608333	0.5	12.954650
110.616667	0.5	12.952400
110.625000	0.5	12.961650
110.633333	0.5	12.968850
110.641667	0.5	12.963500
110.650000	0.5	12.961600
110.658333	0.5	12.972750
110.666667	0.5	12.981050
110.675000	0.5	12.971250
110.683333	0.5	12.974650
110.691667	0.5	12.971650
110.700000	0.5	12.971050
110.708333	0.5	12.972350
110.716667	0.5	12.970400
110.725000	0.5	12.967800
110.733333	0.5	12.974850
110.741667	0.5	12.978400
110.750000	0.5	12.963000
110.758333	0.5	12.968100
110.766667	0.5	12.968300
110.775000	0.5	12.962450
110.783333	0.5	12.964700
110.791667	0.5	12.963050
110.800000	0.5	12.973550
110.808333	0.5	12.968700
110.816667	0.5	12.991700
110.825000	0.5	12.977350
110.833333	0.5	12.981050
110.841667	0.5	12.982600
110.850000	0.5	12.971450
110.858333	0.5	12.971050
110.866667	0.5	12.967000
110.875000	0.5	12.972950
110.883333	0.5	12.966850
110.891667	0.5	12.961250
110.900000	0.5	12.965800
110.908333	0.5	12.970250
110.916667	0.5	12.964300
110.925000	0.5	12.965250
110.933333	0.5	12.970600
110.941667	0.5	12.968800
110.950000	0.5	12.962250
110.958333	0.5	12.971000
110.966667	0.5	12.961050
110.975000	0.5	12.958600
110.983333	0.5	12.952100
110.991667	0.5	12.953850
111.000000	0.5	12.948300
111.008333	0.5	12.948850
111.016667	0.5	12.946900
111.025000	0.5	12.948050
111.033333	0.5	12.938650
111.041667	0.5	12.934450
111.050000	0.5	12.931950
111.058333	0.5	12.929100
111.066667	0.5	12.926400
111.075000	0.5	12.919400
111.083333	0.5	12.908000
111.091667	0.5	12.912800
111.100000	0.5	12.922150
111.108333	0.5	12.914450
111.116667	0.5	12.915700
111.125000	0.5	12.913950
111.133333	0.5	12.911000
111.141667	0.5	12.910400
111.150000	0.5	12.904600
111.158333	0.5	12.899450
111.166667	0.5	12.900400
111.175000	0.5	12.907000
111.183333	0.5	12.906400
111.191667	0.5	12.902350
111.200000	0.5	12.912150
111.208333	0.5	12.905950
111.216667	0.5	12.919450
111.225000	0.5	12.918200
111.233333	0.5	12.903550
111.241667	0.5	12.906650
111.250000	0.5	12.896350
111.258333	0.5	12.917200
111.266667	0.5	12.919750
111.275000	0.5	12.920200
111.283333	0.5	12.916950
111.291667	0.5	12.909450
111.300000	0.5	12.916450
111.308333	0.5	12.914000
111.316667	0.5	12.911500
111.325000	0.5	12.910050
111.333333	0.5	12.899900
111.341667	0.5	12.892350
111.350000	0.5	12.890900
111.358333	0.5	12.896500
111.366667	0.5	12.885300
111.375000	0.5	12.902450
111.383333	0.5	12.882250
111.391667	0.5	12.887050
111.400000	0.5	12.873750
111.408333	0.5	12.869700
111.416667	0.5	12.867450
111.425000	0.5	12.868450
111.433333	0.5	12.863600
111.441667	0.5	12.853050
111.450000	0.5	12.856950
111.458333	0.5	12.844300
111.466667	0.5	12.832700
111.475000	0.5	12.845250
111.483333	0.5	12.835950
111.491667	0.5	12.831500
111.500000	0.5	12.823650
111.508333	0.5	12.814750
111.516667	0.5	12.819600
111.525000	0.5	12.819200
111.533333	0.5	12.812350
111.541667	0.5	12.810750
111.550000	0.5	12.813800
111.558333	0.5	12.814850
111.566667	0.5	12.806600
111.575000	0.5	12.804150
111.583333	0.5	12.809850
111.591667	0.5	12.804850
111.600000	0.5	12.813000
111.608333	0.5	12.814100
111.616667	0.5	12.811750
111.625000	0.5	12.814950
111.633333	0.5	12.811800
111.641667	0.5	12.818800
111.650000	0.5	12.821350
111.658333	0.5	12.815100
111.666667	0.5	12.817550
111.675000	0.5	12.821600
111.683333	0.5	12.826850
111.691667	0.5	12.833150
111.700000	0.5	12.829500
111.708333	0.5	12.835600
111.716667	0.5	12.853350
111.725000	0.5	12.853400
111.733333	0.5	12.854400
111.741667	0.5	12.860150
111.750000	0.5	12.859200
111.758333	0.5	12.865950
111.766667	0.5	12.873950
111.775000	0.5	12.870700
111.783333	0.5	12.874350
111.791667	0.5	12.882600
111.800000	0.5	12.885650
111.808333	0.5	12.881400
111.816667	0.5	12.884600
111.825000	0.5	12.879850
111.833333	0.5	12.890400
111.841667	0.5	12.880850
111.850000	0.5	12.884750
111.858333	0.5	12.880950
111.866667	0.5	12.885550
111.875000	0.5	12.885300
111.883333	0.5	12.871700
111.891667	0.5	12.874050
111.900000	0.5	12.883050
111.908333	0.5	12.882600
111.916667	0.5	12.871700
111.925000	0.5	12.868150
111.933333	0.5	12.868450
111.941667	0.5	12.863050
111.950000	0.5	12.861350
111.958333	0.5	12.852600
111.966667	0.5	12.854000
111.975000	0.5	12.859550
111.983333	0.5	12.854650
111.991667	0.5	12.852200
112.000000	0.5	12.848100
112.008333	0.5	12.843500
112.016667	0.5	12.864850
112.025000	0.5	12.842550
112.033333	0.5	12.844450
112.041667	0.5	12.847050
112.050000	0.5	12.847900
112.058333	0.5	12.838650
112.066667	0.5	12.846750
112.075000	0.5	12.839100
112.083333	0.5	12.849500
112.091667	0.5	12.859550
112.100000	0.5	12.854950
112.108333	0.5	12.844050
112.116667	0.5	12.851900
112.125000	0.5	12.848250
112.133333	0.5	12.866350
112.141667	0.5	12.869100
112.150000	0.5	12.868850
112.158333	0.5	12.868150
112.166667	0.5	12.860850
112.175000	0.5	12.868350
112.183333	0.5	12.871100
112.191667	0.5	12.879350
112.200000	0.5	12.880450
112.208333	0.5	12.882400
112.216667	0.5	12.876700
112.225000	0.5	12.870250
112.233333	0.5	12.862300
112.241667	0.5	12.865450
112.250000	0.5	12.870300
112.258333	0.5	12.859450
112.266667	0.5	12.850750
112.275000	0.5	12.846950
112.283333	0.5	12.863450
112.291667	0.5	12.840000
112.300000	0.5	12.837100
112.308333	0.5	12.827650
112.316667	0.5	12.831550
112.325000	0.5	12.812400
112.333333	0.5	12.811400
112.341667	0.5	12.824450
112.350000	0.5	12.809250
112.358333	0.5	12.818300
112.366667	0.5	12.800300
112.375000	0.5	12.793700
112.383333	0.5	12.797050
112.391667	0.5	12.792000
112.400000	0.5	12.777950
112.408333	0.5	12.786500
112.416667	0.5	12.791000
112.425000	0.5	12.789800
112.433333	0.5	12.788900
112.441667	0.5	12.792250
112.450000	0.5	12.787450
112.458333	0.5	12.787950
112.466667	0.5	12.798750
112.475000	0.5	12.799300
112.483333	0.5	12.798850
112.491667	0.5	12.803750
112.500000	0.5	12.796850
112.508333	0.5	12.800750
112.516667	0.5	12.799000
112.525000	0.5	12.811950
112.533333	0.5	12.807750
112.541667	0.5	12.806900
112.550000	0.5	12.809450
112.558333	0.5	12.805650
112.566667	0.5	12.822350
112.575000	0.5	12.811650
112.583333	0.5	12.816550
112.591667	0.5	12.817850
112.600000	0.5	12.802350
112.608333	0.5	12.819500
112.616667	0.5	12.833150
112.625000	0.5	12.807350
112.633333	0.5	12.816700
112.641667	0.5	12.818600
112.650000	0.5	12.820550
112.658333	0.5	12.814450
112.666667	0.5	12.813450
112.675000	0.5	12.821750
112.683333	0.5	12.819600
112.691667	0.5	12.821850
112.700000	0.5	12.814050
112.708333	0.5	12.813650
112.716667	0.5	12.814900
112.725000	0.5	12.812600
112.733333	0.5	12.810000
112.741667	0.5	12.815100
112.750000	0.5	12.810100
112.758333	0.5	12.815250
112.766667	0.5	12.823350
112.775000	0.5	12.828850
112.783333	0.5	12.812350
112.791667	0.5	12.800050
112.800000	0.5	12.826150
112.808333	0.5	12.808300
112.816667	0.5	12.798600
112.825000	0.5	12.801550
112.833333	0.5	12.804100
112.841667	0.5	12.790350
112.850000	0.5	12.792700
112.858333	0.5	12.793150
112.866667	0.5	12.786900
112.875000	0.5	12.784400
112.883333	0.5	12.780000
112.891667	0.5	12.780200
112.900000	0.5	12.778950
112.908333	0.5	12.764400
112.916667	0.5	12.768950
112.925000	0.5	12.759600
112.933333	0.5	12.757050
112.941667	0.5	12.765700
112.950000	0.5	12.760350
112.958333	0.5	12.757550
112.966667	0.5	12.744150
112.975000	0.5	12.732700
112.983333	0.5	12.733750
112.991667	0.5	12.736150
113.000000	0.5	12.723600
113.008333	0.5	12.713800
113.016667	0.5	12.730050
113.025000	0.5	12.715400
113.033333	0.5	12.702650
113.041667	0.5	12.704300
113.050000	0.5	12.704050
113.058333	0.5	12.702800
113.066667	0.5	12.691350
113.075000	0.5	12.687350
113.083333	0.5	12.687300
113.091667	0.5	12.685600
113.100000	0.5	12.682450
113.108333	0.5	12.683100
113.116667	0.5	12.674800
113.125000	0.5	12.678750
113.133333	0.5	12.676500
113.141667	0.5	12.667850
113.150000	0.5	12.671150
113.158333	0.5	12.666750
113.166667	0.5	12.664100
113.175000	0.5	12.660950
113.183333	0.5	12.658450
113.191667	0.5	12.651400
113.200000	0.5	12.653450
113.208333	0.5	12.663800
113.216667	0.5	12.647450
113.225000	0.5	12.650600
113.233333	0.5	12.646950
113.241667	0.5	12.646400
113.250000	0.5	12.632700
113.258333	0.5	12.640500
113.266667	0.5	12.636700
113.275000	0.5	12.632950
113.283333	0.5	12.635100
113.291667	0.5	12.626750
113.300000	0.5	12.630650
113.308333	0.5	12.633100
113.316667	0.5	12.631500
113.325000	0.5	12.624450
113.333333	0.5	12.621350
113.341667	0.5	12.616600
113.350000	0.5	12.606100
113.358333	0.5	12.607000
113.366667	0.5	12.616450
113.375000	0.5	12.607200
113.383333	0.5	12.597000
113.391667	0.5	12.589550
113.400000	0.5	12.587250
113.408333	0.5	12.575350
113.416667	0.5	12.579350
113.425000	0.5	12.568050
113.433333	0.5	12.558450
113.441667	0.5	12.550000
113.450000	0.5	12.546800
113.458333	0.5	12.551800
113.466667	0.5	12.549150
113.475000	0.5	12.537550
113.483333	0.5	12.531200
113.491667	0.5	12.532900
113.500000	0.5	12.531750
113.508333	0.5	12.515450
113.516667	0.5	12.516700
113.525000	0.5	12.526800
113.533333	0.5	12.519900
113.541667	0.5	12.507150
113.550000	0.5	12.500250
113.558333	0.5	12.498750
113.566667	0.5	12.494050
113.575000	0.5	12.491650
113.583333	0.5	12.490100
113.591667	0.5	12.499350
113.600000	0.5	12.491300
113.608333	0.5	12.477000
113.616667	0.5	12.492400
113.625000	0.5	12.488750
113.633333	0.5	12.488850
113.641667	0.5	12.483900
113.650000	0.5	12.497000
113.658333	0.5	12.484700
113.666667	0.5	12.488600
113.675000	0.5	12.483350
113.683333	0.5	12.486550
113.691667	0.5	12.480800
113.700000	0.5	12.497900
113.708333	0.5	12.488950
113.716667	0.5	12.497050
113.725000	0.5	12.503600
113.733333	0.5	12.501000
113.741667	0.5	12.484000
113.750000	0.5	12.493950
113.758333	0.5	12.493150
113.766667	0.5	12.509200
113.775000	0.5	12.498100
113.783333	0.5	12.498650
113.791667	0.5	12.493750
113.800000	0.5	12.486650
113.808333	0.5	12.480300
113.816667	0.5	12.483250
113.825000	0.5	12.467850
113.833333	0.5	12.464850
113.841667	0.5	12.475350
113.850000	0.5	12.473450
113.858333	0.5	12.467300
113.866667	0.5	12.474300
113.875000	0.5	12.478200
113.883333	0.5	12.467150
113.891667	0.5	12.474050
113.900000	0.5	12.473600
113.908333	0.5	12.468550
113.916667	0.5	12.471850
113.925000	0.5	12.479900
113.933333	0.5	12.479700
113.941667	0.5	12.472300
113.950000	0.5	12.460000
113.958333	0.5	12.457650
113.966667	0.5	12.475250
113.975000	0.5	12.470500
113.983333	0.5	12.465200
113.991667	0.5	12.460650
114.000000	0.5	12.446900
114.008333	0.5	12.454350
114.016667	0.5	12.441600
114.025000	0.5	12.439850
114.033333	0.5	12.435600
114.041667	0.5	12.417550
114.050000	0.5	12.437400
114.058333	0.5	12.416200
114.066667	0.5	12.419450
114.075000	0.5	12.432350
114.083333	0.5	12.436150
114.091667	0.5	12.418750
114.100000	0.5	12.410150
114.108333	0.5	12.427150
114.116667	0.5	12.425850
114.125000	0.5	12.411050
114.133333	0.5	12.422150
114.141667	0.5	12.419050
114.150000	0.5	12.414450
114.158333	0.5	12.403850
114.166667	0.5	12.398400
114.175000	0.5	12.391950
114.183333	0.5	12.415900
114.191667	0.5	12.396750
114.200000	0.5	12.420950
114.208333	0.5	12.416450
114.216667	0.5	12.403400
114.225000	0.5	12.421200
114.233333	0.5	12.392350
114.241667	0.5	12.377050
114.250000	0.5	12.391250
114.258333	0.5	12.381350
114.266667	0.5	12.384600
114.275000	0.5	12.384700
114.283333	0.5	12.400600
114.291667	0.5	12.384050
114.300000	0.5	12.396300
114.308333	0.5	12.392600
114.316667	0.5	12.391800
114.325000	0.5	12.395950
114.333333	0.5	12.385550
114.341667	0.5	12.380000
114.350000	0.5	12.386050
114.358333	0.5	12.382150
114.366667	0.5	12.389100
114.375000	0.5	12.383300
114.383333	0.5	12.374850
114.391667	0.5	12.386250
114.400000	0.5	12.371350
114.408333	0.5	12.369400
114.416667	0.5	12.376500
114.425000	0.5	12.386400
114.433333	0.5	12.370350
114.441667	0.5	12.376350
114.450000	0.5	12.359600
114.458333	0.5	12.360250
114.466667	0.5	12.359650
114.475000	0.5	12.360550
114.483333	0.5	12.362850
114.491667	0.5	12.344650
114.500000	0.5	12.346000
114.508333	0.5	12.350900
114.516667	0.5	12.331400
114.525000	0.5	12.338950
114.533333	0.5	12.343350
114.541667	0.5	12.328250
114.550000	0.5	12.333100
114.558333	0.5	12.341400
114.566667	0.5	12.321850
114.575000	0.5	12.308050
114.583333	0.5	12.318650
114.591667	0.5	12.307800
114.600000	0.5	12.317950
114.608333	0.5	12.314150
114.616667	0.5	12.306550
114.625000	0.5	12.312500
114.633333	0.5	12.312200
114.641667	0.5	12.321500
114.650000	0.5	12.321150
114.658333	0.5	12.314750
114.666667	0.5	12.324400
114.675000	0.5	12.327450
114.683333	0.5	12.324650
114.691667	0.5	12.328550
114.700000	0.5	12.323500
114.708333	0.5	12.329050
114.716667	0.5	12.328950
114.725000	0.5	12.337850
114.733333	0.5	12.341450
114.741667	0.5	12.353200
114.750000	0.5	12.350150
114.758333	0.5	12.353600
114.766667	0.5	12.348200
114.775000	0.5	12.345800
114.783333	0.5	12.375500
114.791667	0.5	12.360700
114.800000	0.5	12.348450
114.808333	0.5	12.365900
114.816667	0.5	12.357250
114.825000	0.5	12.342050
114.833333	0.5	12.346100
114.841667	0.5	12.352600
114.850000	0.5	12.348300
114.858333	0.5	12.345000
114.866667	0.5	12.335200
114.875000	0.5	12.336750
114.883333	0.5	12.332200
114.891667	0.5	12.330200
114.900000	0.5	12.325450
114.908333	0.5	12.327950
114.916667	0.5	12.312200
114.925000	0.5	12.316600
114.933333	0.5	12.324050
114.941667	0.5	12.307000
114.950000	0.5	12.307100
114.958333	0.5	12.305250
114.966667	0.5	12.293700
114.975000	0.5	12.306600
114.983333	0.5	12.293300
114.991667	0.5	12.303150
115.000000	0.5	12.292900
115.008333	0.5	12.291700
115.016667	0.5	12.288750
115.025000	0.5	12.291000
115.033333	0.5	12.296800
115.041667	0.5	12.291600
115.050000	0.5	12.291250
115.058333	0.5	12.311150
115.066667	0.5	12.297700
115.075000	0.5	12.300100
115.083333	0.5	12.291750
115.091667	0.5	12.290350
115.100000	0.5	12.315450
115.108333	0.5	12.308000
115.116667	0.5	12.316400
115.125000	0.5	12.319550
115.133333	0.5	12.328800
115.141667	0.5	12.330600
115.150000	0.5	12.317950
115.158333	0.5	12.330250
115.166667	0.5	12.346600
115.175000	0.5	12.342450
115.183333	0.5	12.348800
115.191667	0.5	12.348100
115.200000	0.5	12.354250
115.208333	0.5	12.352950
115.216667	0.5	12.359550
115.225000	0.5	12.374550
115.233333	0.5	12.371850
115.241667	0.5	12.370950
115.250000	0.5	12.371150
115.258333	0.5	12.372000
115.266667	0.5	12.362500
115.275000	0.5	12.374450
115.283333	0.5	12.364900
115.291667	0.5	12.375500
115.300000	0.5	12.374650
115.308333	0.5	12.361000
115.316667	0.5	12.357150
115.325000	0.5	12.369900
115.333333	0.5	12.347450
115.341667	0.5	12.372150
115.350000	0.5	12.366200
115.358333	0.5	12.373350
115.366667	0.5	12.363750
115.375000	0.5	12.359050
115.383333	0.5	12.346050
115.391667	0.5	12.343800
115.400000	0.5	12.343600
115.408333	0.5	12.344200
115.416667	0.5	12.347800
115.425000	0.5	12.358550
115.433333	0.5	12.341750
115.441667	0.5	12.359800
115.450000	0.5	12.357650
115.458333	0.5	12.353350
115.466667	0.5	12.348000
115.475000	0.5	12.352650
115.483333	0.5	12.353400
115.491667	0.5	12.348850
115.500000	0.5	12.353000
115.508333	0.5	12.362100
115.516667	0.5	12.363750
115.525000	0.5	12.362800
115.533333	0.5	12.363250
115.541667	0.5	12.366150
115.550000	0.5	12.361550
115.558333	0.5	12.376050
115.566667	0.5	12.365500
115.575000	0.5	12.366950
115.583333	0.5	12.363500
115.591667	0.5	12.362500
115.600000	0.5	12.364400
115.608333	0.5	12.354200
115.616667	0.5	12.353000
115.625000	0.5	12.356250
115.633333	0.5	12.353450
115.641667	0.5	12.346550
115.650000	0.5	12.346600
115.658333	0.5	12.351650
115.666667	0.5	12.350650
115.675000	0.5	12.326600
115.683333	0.5	12.321200
115.691667	0.5	12.329900
115.700000	0.5	12.327450
115.708333	0.5	12.313400
115.716667	0.5	12.320200
115.725000	0.5	12.320050
115.733333	0.5	12.323700
115.741667	0.5	12.324550
115.750000	0.5	12.316500
115.758333	0.5	12.304450
115.766667	0.5	12.313300
115.775000	0.5	12.308850
115.783333	0.5	12.304950
115.791667	0.5	12.327250
115.800000	0.5	12.304400
115.808333	0.5	12.313350
115.816667	0.5	12.314400
115.825000	0.5	12.311700
115.833333	0.5	12.316400
115.841667	0.5	12.320250
115.850000	0.5	12.327700
115.858333	0.5	12.325450
115.866667	0.5	12.334050
115.875000	0.5	12.336300
115.883333	0.5	12.334150
115.891667	0.5	12.342050
115.900000	0.5	12.341800
115.908333	0.5	12.340850
115.916667	0.5	12.332650
115.925000	0.5	12.340650
115.933333	0.5	12.351750
115.941667	0.5	12.344150
115.950000	0.5	12.339100
115.958333	0.5	12.335200
115.966667	0.5	12.344350
115.975000	0.5	12.358600
115.983333	0.5	12.349950
115.991667	0.5	12.359600
116.000000	0.5	12.354300
116.008333	0.5	12.332700
116.016667	0.5	12.338200
116.025000	0.5	12.329600
116.033333	0.5	12.326450
116.041667	0.5	12.331800
116.050000	0.5	12.305550
116.058333	0.5	12.303850
116.066667	0.5	12.298200
116.075000	0.5	12.300450
116.083333	0.5	12.306750
116.091667	0.5	12.284150
116.100000	0.5	12.263000
116.108333	0.5	12.278650
116.116667	0.5	12.272700
116.125000	0.5	12.261250
116.133333	0.5	12.256100
116.141667	0.5	12.249850
116.150000	0.5	12.243500
116.158333	0.5	12.231650
116.166667	0.5	12.234000
116.175000	0.5	12.230000
116.183333	0.5	12.229850
116.191667	0.5	12.216000
116.200000	0.5	12.211750
116.208333	0.5	12.218000
116.216667	0.5	12.213950
116.225000	0.5	12.199950
116.233333	0.5	12.200600
116.241667	0.5	12.209950
116.250000	0.5	12.205750
116.258333	0.5	12.194900
116.266667	0.5	12.192250
116.275000	0.5	12.189000
116.283333	0.5	12.196000
116.291667	0.5	12.185750
116.300000	0.5	12.181950
116.308333	0.5	12.181350
116.316667	0.5	12.171350
116.325000	0.5	12.168850
116.333333	0.5	12.162100
116.341667	0.5	12.161500
116.350000	0.5	12.161900
116.358333	0.5	12.162050
116.366667	0.5	12.154800
116.375000	0.5	12.148700
116.383333	0.5	12.140600
116.391667	0.5	12.130800
116.400000	0.5	12.126500
116.408333	0.5	12.126150
116.416667	0.5	12.127700
116.425000	0.5	12.104400
116.433333	0.5	12.111150
116.441667	0.5	12.099150
116.450000	0.5	12.087850
116.458333	0.5	12.090850
116.466667	0.5	12.090000
116.475000	0.5	12.079500
116.483333	0.5	12.076700
116.491667	0.5	12.074150
116.500000	0.5	12.070800
116.508333	0.5	12.061150
116.516667	0.5	12.059700
116.525000	0.5	12.051900
116.533333	0.5	12.051950
116.541667	0.5	12.047750
116.550000	0.5	12.034300
116.558333	0.5	12.045650
116.566667	0.5	12.039000
116.575000	0.5	12.027900
116.583333	0.5	12.034100
116.591667	0.5	12.020200
116.600000	0.5	12.004650
116.608333	0.5	12.003750
116.616667	0.5	12.000700
116.625000	0.5	12.004000
116.633333	0.5	11.983500
116.641667	0.5	11.986700
116.650000	0.5	11.986500
116.658333	0.5	11.977700
116.666667	0.5	11.973200
116.675000	0.5	11.975700
116.683333	0.5	11.958700
116.691667	0.5	11.948200
116.700000	0.5	11.934650
116.708333	0.5	11.938600
116.716667	0.5	11.919900
116.725000	0.5	11.922550
116.733333	0.5	11.916050
116.741667	0.5	11.899950
116.750000	0.5	11.906150
116.758333	0.5	11.892750
116.766667	0.5	11.896800
116.775000	0.5	11.896700
116.783333	0.5	11.884450
116.791667	0.5	11.884700
116.800000	0.5	11.861350
116.808333	0.5	11.871850
116.816667	0.5	11.881100
116.825000	0.5	11.865250
116.833333	0.5	11.871750
116.841667	0.5	11.866850
116.850000	0.5	11.870200
116.858333	0.5	11.871200
116.866667	0.5	11.868850
116.875000	0.5	11.872900
116.883333	0.5	11.869000
116.891667	0.5	11.863650
116.900000	0.5	11.863200
116.908333	0.5	11.856600
116.916667	0.5	11.865600
116.925000	0.5	11.875600
116.933333	0.5	11.860850
116.941667	0.5	11.873000
116.950000	0.5	11.879600
116.958333	0.5	11.876050
116.966667	0.5	11.890250
116.975000	0.5	11.888500
116.983333	0.5	11.872100
116.991667	0.5	11.880050
117.000000	0.5	11.879500
117.008333	0.5	11.874950
117.016667	0.5	11.874700
117.025000	0.5	11.879750
117.033333	0.5	11.883700
117.041667	0.5	11.881800
117.050000	0.5	11.876900
117.058333	0.5	11.876150
117.066667	0.5	11.880700
117.075000	0.5	11.890150
117.083333	0.5	11.887000
117.091667	0.5	11.880900
117.100000	0.5	11.890200
117.108333	0.5	11.884500
117.116667	0.5	11.887800
117.125000	0.5	11.896550
117.133333	0.5	11.889050
117.141667	0.5	11.887500
117.150000	0.5	11.899450
117.158333	0.5	11.914350
117.166667	0.5	11.911200
117.175000	0.5	11.898450
117.183333	0.5	11.900150
117.191667	0.5	11.894150
117.200000	0.5	11.903800
117.208333	0.5	11.908950
117.216667	0.5	11.903200
117.225000	0.5	11.905700
117.233333	0.5	11.897350
117.241667	0.5	11.909150
117.250000	0.5	11.903800
117.258333	0.5	11.915250
117.266667	0.5	11.914950
117.275000	0.5	11.920650
117.283333	0.5	11.919900
117.291667	0.5	11.931200
117.300000	0.5	11.924050
117.308333	0.5	11.923500
117.316667	0.5	11.936600
117.325000	0.5	11.922650
117.333333	0.5	11.936800
117.341667	0.5	11.945400
117.350000	0.5	11.937650
117.358333	0.5	11.953050
117.366667	0.5	11.949650
117.375000	0.5	11.960350
117.383333	0.5	11.958800
117.391667	0.5	11.966800
117.400000	0.5	11.963500
117.408333	0.5	11.963950
117.416667	0.5	11.955850
117.425000	0.5	11.960200
117.433333	0.5	11.966300
117.441667	0.5	11.964850
117.450000	0.5	11.975100
117.458333	0.5	11.985300
117.466667	0.5	11.982200
117.475000	0.5	11.967450
117.483333	0.5	11.972550
117.491667	0.5	11.994950
117.500000	0.5	11.997400
117.508333	0.5	11.991050
117.516667	0.5	12.001700
117.525000	0.5	12.015000
117.533333	0.5	12.008550
117.541667	0.5	12.025700
117.550000	0.5	12.055300
117.558333	0.5	12.067900
117.566667	0.5	12.084250
117.575000	0.5	12.087600
117.583333	0.5	12.109250
117.591667	0.5	12.130000
117.600000	0.5	12.144850
117.608333	0.5	12.186600
117.616667	0.5	12.204900
117.625000	0.5	12.231050
117.633333	0.5	12.266000
117.641667	0.5	12.294650
117.650000	0.5	12.327600
117.658333	0.5	12.374600
117.666667	0.5	12.406650
117.675000	0.5	12.447550
117.683333	0.5	12.483200
117.691667	0.5	12.530000
117.700000	0.5	12.565650
117.708333	0.5	12.623100
117.716667	0.5	12.664300
117.725000	0.5	12.715950
117.733333	0.5	12.773250
117.741667	0.5	12.836650
117.750000	0.5	12.874550
117.758333	0.5	12.920500
117.766667	0.5	12.989250
117.775000	0.5	13.042050
117.783333	0.5	13.097550
117.791667	0.5	13.155700
117.800000	0.5	13.209550
117.808333	0.5	13.286700
117.816667	0.5	13.365950
117.825000	0.5	13.425000
117.833333	0.5	13.497900
117.841667	0.5	13.551300
117.850000	0.5	13.634950
117.858333	0.5	13.700700
117.866667	0.5	13.788350
117.875000	0.5	13.870750
117.883333	0.5	13.941800
117.891667	0.5	14.026550
117.900000	0.5	14.113400
117.908333	0.5	14.186350
117.916667	0.5	14.281750
117.925000	0.5	14.368700
117.933333	0.5	14.452400
117.941667	0.5	14.550850
117.950000	0.5	14.635650
117.958333	0.5	14.733550
117.966667	0.5	14.814300
117.975000	0.5	14.877750
117.983333	0.5	14.972050
117.991667	0.5	15.052350
118.000000	0.5	15.133750
118.008333	0.5	15.205700
118.016667	0.5	15.274500
118.025000	0.5	15.365850
118.033333	0.5	15.431500
118.041667	0.5	15.501250
118.050000	0.5	15.555950
118.058333	0.5	15.635150
118.066667	0.5	15.688950
118.075000	0.5	15.759250
118.083333	0.5	15.823100
118.091667	0.5	15.881700
118.100000	0.5	15.954950
118.108333	0.5	16.019800
118.116667	0.5	16.096150
118.125000	0.5	16.127850
118.133333	0.5	16.196950
118.141667	0.5	16.247950
118.150000	0.5	16.322050
118.158333	0.5	16.359150
118.166667	0.5	16.444200
118.175000	0.5	16.490400
118.183333	0.5	16.543400
118.191667	0.5	16.610550
118.200000	0.5	16.695700
118.208333	0.5	16.728750
118.216667	0.5	16.793950
118.225000	0.5	16.842850
118.233333	0.5	16.903950
118.241667	0.5	16.962400
118.250000	0.5	17.011550
118.258333	0.5	17.065900
118.266667	0.5	17.109200
118.275000	0.5	17.146650
118.283333	0.5	17.198750
118.291667	0.5	17.243700
118.300000	0.5	17.259000
118.308333	0.5	17.297750
118.316667	0.5	17.329600
118.325000	0.5	17.364350
118.333333	0.5	17.384850
118.341667	0.5	17.419400
118.350000	0.5	17.414200
118.358333	0.5	17.435350
118.366667	0.5	17.449250
118.375000	0.5	17.450550
118.383333	0.5	17.460950
118.391667	0.5	17.459550
118.400000	0.5	17.467000
118.408333	0.5	17.462450
118.416667	0.5	17.469800
118.425000	0.5	17.452300
118.433333	0.5	17.453000
118.441667	0.5	17.437800
118.450000	0.5	17.422900
118.458333	0.5	17.414350
118.466667	0.5	17.406750
118.475000	0.5	17.393100
118.483333	0.5	17.404950
118.491667	0.5	17.356350
118.500000	0.5	17.362100
118.508333	0.5	17.331350
118.516667	0.5	17.335900
118.525000	0.5	17.308050
118.533333	0.5	17.284350
118.541667	0.5	17.254800
118.550000	0.5	17.231400
118.558333	0.5	17.202700
118.566667	0.5	17.220500
118.575000	0.5	17.140550
118.583333	0.5	17.105850
118.591667	0.5	17.077750
118.600000	0.5	17.023500
118.608333	0.5	16.977600
118.616667	0.5	16.921800
118.625000	0.5	16.876650
118.633333	0.5	16.814650
118.641667	0.5	16.753050
118.650000	0.5	16.690800
118.658333	0.5	16.618000
118.666667	0.5	16.532700
118.675000	0.5	16.452900
118.683333	0.5	16.375900
118.691667	0.5	16.288150
118.700000	0.5	16.197800
118.708333	0.5	16.106800
118.716667	0.5	15.992300
118.725000	0.5	15.878200
118.733333	0.5	15.770950
118.741667	0.5	15.655050
118.750000	0.5	15.542550
118.758333	0.5	15.448900
118.766667	0.5	15.325600
118.775000	0.5	15.204000
118.783333	0.5	15.075800
118.791667	0.5	14.939100
118.800000	0.5	14.819850
118.808333	0.5	14.698550
118.816667	0.5	14.598400
118.825000	0.5	14.484300
118.833333	0.5	14.367300
118.841667	0.5	14.262050
118.850000	0.5	14.143750
118.858333	0.5	14.046450
118.866667	0.5	13.960350
118.875000	0.5	13.860550
118.883333	0.5	13.765600
118.891667	0.5	13.678500
118.900000	0.5	13.596600
118.908333	0.5	13.536400
118.916667	0.5	13.440350
118.925000	0.5	13.378700
118.933333	0.5	13.326350
118.941667	0.5	13.255850
118.950000	0.5	13.196500
118.958333	0.5	13.125500
118.966667	0.5	13.093900
118.975000	0.5	13.042900
118.983333	0.5	13.007900
118.991667	0.5	12.942250
119.000000	0.5	12.896600
119.008333	0.5	12.861400
119.016667	0.5	12.822100
119.025000	0.5	12.791400
119.033333	0.5	12.754100
119.041667	0.5	12.720650
119.050000	0.5	12.683000
119.058333	0.5	12.647550
119.066667	0.5	12.611600
119.075000	0.5	12.591750
119.083333	0.5	12.554700
119.091667	0.5	12.533700
119.100000	0.5	12.497500
119.108333	0.5	12.479200
119.116667	0.5	12.459550
119.125000	0.5	12.410650
119.133333	0.5	12.403950
119.141667	0.5	12.388250
119.150000	0.5	12.360050
119.158333	0.5	12.320950
119.166667	0.5	12.303750
119.175000	0.5	12.301600
119.183333	0.5	12.271800
119.191667	0.5	12.263550
119.200000	0.5	12.237750
119.208333	0.5	12.211600
119.216667	0.5	12.198250
119.225000	0.5	12.175250
119.233333	0.5	12.151850
119.241667	0.5	12.143800
119.250000	0.5	12.127750
119.258333	0.5	12.110550
119.266667	0.5	12.099800
119.275000	0.5	12.077600
119.283333	0.5	12.061350
119.291667	0.5	12.054550
119.300000	0.5	12.039650
119.308333	0.5	12.038850
119.316667	0.5	12.012250
119.325000	0.5	11.997200
119.333333	0.5	11.992050
119.341667	0.5	11.976000
119.350000	0.5	11.942100
119.358333	0.5	11.933800
119.366667	0.5	11.907750
119.375000	0.5	11.921200
119.383333	0.5	11.895100
119.391667	0.5	11.889750
119.400000	0.5	11.885950
119.408333	0.5	11.878500
119.416667	0.5	11.870850
119.425000	0.5	11.852500
119.433333	0.5	11.848200
119.441667	0.5	11.839150
119.450000	0.5	11.835200
119.458333	0.5	11.812100
119.466667	0.5	11.814200
119.475000	0.5	11.805050
119.483333	0.5	11.793250
119.491667	0.5	11.776250
119.500000	0.5	11.773800
119.508333	0.5	11.762400
119.516667	0.5	11.741100
119.525000	0.5	11.751300
119.533333	0.5	11.754350
119.541667	0.5	11.723250
119.550000	0.5	11.725750
119.558333	0.5	11.725400
119.566667	0.5	11.718250
119.575000	0.5	11.698150
119.583333	0.5	11.685400
119.591667	0.5	11.683300
119.600000	0.5	11.678500
119.608333	0.5	11.663550
119.616667	0.5	11.665000
119.625000	0.5	11.661000
119.633333	0.5	11.649400
119.641667	0.5	11.631100
119.650000	0.5	11.629850
119.658333	0.5	11.635000
119.666667	0.5	11.613550
119.675000	0.5	11.607200
119.683333	0.5	11.602850
119.691667	0.5	11.610600
119.700000	0.5	11.595950
119.708333	0.5	11.584850
119.716667	0.5	11.594350
119.725000	0.5	11.565150
119.733333	0.5	11.584850
119.741667	0.5	11.588650
119.750000	0.5	11.580200
119.758333	0.5	11.573300
119.766667	0.5	11.560950
119.775000	0.5	11.559500
119.783333	0.5	11.552600
119.791667	0.5	11.566150
119.800000	0.5	11.541150
119.808333	0.5	11.531400
119.816667	0.5	11.530750
119.825000	0.5	11.542450
119.833333	0.5	11.524900
119.841667	0.5	11.525950
119.850000	0.5	11.518450
119.858333	0.5	11.501650
119.866667	0.5	11.512850
119.875000	0.5	11.495400
119.883333	0.5	11.490000
119.891667	0.5	11.490300
119.900000	0.5	11.491300
119.908333	0.5	11.490600
119.916667	0.5	11.482400
119.925000	0.5	11.478450
119.933333	0.5	11.483200
119.941667	0.5	11.459050
119.950000	0.5	11.472300
119.958333	0.5	11.466950
119.966667	0.5	11.454250
119.975000	0.5	11.444500
119.983333	0.5	11.460900
119.991667	0.5	11.442600
120.000000	0.5	11.443400
