URL	chrom://arspawyn4ahlab1/ChromeleonLocal/Instrument Data/ICS3000/2024_Feb21.seq/429.smp/ED_1.channel/ED_1.chm
Channel	ED_1

Injection Information:
Data Vault	ChromeleonLocal
Sequence	2024_Feb21
Name	Isomalto-oligosaccharides DP2,3,4 10 ug/mL
Number	6
Position	RA5
Comment	
Processing Method	Quantitative
Instrument Method	Neutral Oligosaccharides IV ICS 3000
Type	Unknown
Status	Finished
Inject Time	2/21/2024 4:07:22 PM -05:00
Volume (µl)	25.0000
Dilution Factor	1.0000
Weight	1.0000

Chromatogram Data Information:
Time Min. (min)	0.000000
Time Max. (min)	60.000000
Data Points	7201
Detector	EDet1
Generating Data System	Chromeleon 7.3.0.60919
Exporting Data System	Chromeleon 7.3.0.0
Operator	Instrument Controller
Signal Quantity	
Signal Unit	nC
Signal Min.	-1.151000
Signal Max.	41.993251
Channel	ED_1
Driver Name	DC-3000
Channel Type	Evaluation
Min. Step (s)	0.5
Max. Step (s)	0.5
Average Step (s)	0.5

Signal Parameter Information:
Signal Info	

Chromatogram Data:
Time (min)	Step (s)	Value (nC)
0.000000	n.a.	0.000600
0.008333	0.5	0.000150
0.016667	0.5	-0.000400
0.025000	0.5	-0.000550
0.033333	0.5	0.000250
0.041667	0.5	-0.000500
0.050000	0.5	-0.000250
0.058333	0.5	-0.001900
0.066667	0.5	-0.003450
0.075000	0.5	-0.005950
0.083333	0.5	-0.006900
0.091667	0.5	-0.008250
0.100000	0.5	-0.008850
0.108333	0.5	-0.009500
0.116667	0.5	-0.008850
0.125000	0.5	-0.007850
0.133333	0.5	-0.007550
0.141667	0.5	-0.006300
0.150000	0.5	-0.005700
0.158333	0.5	-0.006550
0.166667	0.5	-0.008900
0.175000	0.5	-0.010500
0.183333	0.5	-0.012050
0.191667	0.5	-0.012650
0.200000	0.5	-0.013350
0.208333	0.5	-0.012400
0.216667	0.5	-0.011700
0.225000	0.5	-0.011300
0.233333	0.5	-0.010350
0.241667	0.5	-0.009100
0.250000	0.5	-0.010250
0.258333	0.5	-0.011800
0.266667	0.5	-0.014050
0.275000	0.5	-0.015450
0.283333	0.5	-0.016100
0.291667	0.5	-0.017550
0.300000	0.5	-0.017250
0.308333	0.5	-0.017250
0.316667	0.5	-0.016750
0.325000	0.5	-0.015500
0.333333	0.5	-0.014350
0.341667	0.5	-0.013950
0.350000	0.5	-0.015250
0.358333	0.5	-0.017600
0.366667	0.5	-0.019400
0.375000	0.5	-0.020900
0.383333	0.5	-0.021450
0.391667	0.5	-0.022000
0.400000	0.5	-0.021550
0.408333	0.5	-0.021300
0.416667	0.5	-0.020500
0.425000	0.5	-0.019800
0.433333	0.5	-0.018750
0.441667	0.5	-0.020100
0.450000	0.5	-0.021400
0.458333	0.5	-0.022950
0.466667	0.5	-0.023950
0.475000	0.5	-0.025250
0.483333	0.5	-0.025600
0.491667	0.5	-0.026400
0.500000	0.5	-0.025900
0.508333	0.5	-0.024950
0.516667	0.5	-0.024500
0.525000	0.5	-0.022250
0.533333	0.5	-0.022100
0.541667	0.5	-0.022550
0.550000	0.5	-0.024000
0.558333	0.5	-0.025550
0.566667	0.5	-0.027150
0.575000	0.5	-0.027500
0.583333	0.5	-0.028400
0.591667	0.5	-0.027400
0.600000	0.5	-0.027200
0.608333	0.5	-0.025450
0.616667	0.5	-0.024300
0.625000	0.5	-0.023350
0.633333	0.5	-0.024350
0.641667	0.5	-0.025000
0.650000	0.5	-0.026650
0.658333	0.5	-0.028150
0.666667	0.5	-0.029350
0.675000	0.5	-0.029550
0.683333	0.5	-0.028100
0.691667	0.5	-0.028400
0.700000	0.5	-0.027850
0.708333	0.5	-0.026550
0.716667	0.5	-0.024900
0.725000	0.5	-0.024750
0.733333	0.5	-0.025450
0.741667	0.5	-0.027550
0.750000	0.5	-0.028900
0.758333	0.5	-0.030800
0.766667	0.5	-0.031250
0.775000	0.5	-0.031500
0.783333	0.5	-0.031250
0.791667	0.5	-0.030000
0.800000	0.5	-0.029950
0.808333	0.5	-0.029750
0.816667	0.5	-0.028400
0.825000	0.5	-0.029250
0.833333	0.5	-0.030850
0.841667	0.5	-0.032400
0.850000	0.5	-0.033950
0.858333	0.5	-0.034400
0.866667	0.5	-0.036250
0.875000	0.5	-0.035600
0.883333	0.5	-0.035650
0.891667	0.5	-0.034150
0.900000	0.5	-0.034250
0.908333	0.5	-0.032150
0.916667	0.5	-0.032850
0.925000	0.5	-0.033450
0.933333	0.5	-0.035300
0.941667	0.5	-0.035900
0.950000	0.5	-0.037350
0.958333	0.5	-0.038200
0.966667	0.5	-0.038300
0.975000	0.5	-0.037450
0.983333	0.5	-0.037250
0.991667	0.5	-0.035100
1.000000	0.5	-0.033850
1.008333	0.5	-0.033150
1.016667	0.5	-0.033800
1.025000	0.5	-0.032950
1.033333	0.5	-0.034350
1.041667	0.5	-0.035350
1.050000	0.5	-0.036100
1.058333	0.5	-0.036500
1.066667	0.5	-0.035650
1.075000	0.5	-0.035250
1.083333	0.5	-0.033600
1.091667	0.5	-0.031800
1.100000	0.5	-0.030550
1.108333	0.5	-0.029550
1.116667	0.5	-0.030000
1.125000	0.5	-0.031900
1.133333	0.5	-0.033800
1.141667	0.5	-0.034450
1.150000	0.5	-0.035150
1.158333	0.5	-0.035300
1.166667	0.5	-0.034600
1.175000	0.5	-0.033450
1.183333	0.5	-0.031950
1.191667	0.5	-0.030400
1.200000	0.5	-0.029650
1.208333	0.5	-0.031100
1.216667	0.5	-0.030950
1.225000	0.5	-0.032400
1.233333	0.5	-0.033850
1.241667	0.5	-0.034850
1.250000	0.5	-0.035300
1.258333	0.5	-0.034150
1.266667	0.5	-0.034250
1.275000	0.5	-0.033050
1.283333	0.5	-0.032300
1.291667	0.5	-0.030350
1.300000	0.5	-0.030250
1.308333	0.5	-0.030100
1.316667	0.5	-0.032150
1.325000	0.5	-0.033950
1.333333	0.5	-0.033600
1.341667	0.5	-0.035400
1.350000	0.5	-0.035650
1.358333	0.5	-0.035300
1.366667	0.5	-0.034400
1.375000	0.5	-0.032700
1.383333	0.5	-0.031550
1.391667	0.5	-0.030050
1.400000	0.5	-0.029700
1.408333	0.5	-0.031250
1.416667	0.5	-0.031800
1.425000	0.5	-0.033050
1.433333	0.5	-0.032800
1.441667	0.5	-0.033000
1.450000	0.5	-0.032050
1.458333	0.5	-0.031700
1.466667	0.5	-0.030100
1.475000	0.5	-0.028400
1.483333	0.5	-0.025800
1.491667	0.5	-0.024900
1.500000	0.5	-0.024650
1.508333	0.5	-0.025300
1.516667	0.5	-0.025400
1.525000	0.5	-0.025400
1.533333	0.5	-0.025550
1.541667	0.5	-0.024800
1.550000	0.5	-0.023900
1.558333	0.5	-0.022250
1.566667	0.5	-0.019600
1.575000	0.5	-0.017950
1.583333	0.5	-0.016800
1.591667	0.5	-0.016550
1.600000	0.5	-0.016500
1.608333	0.5	-0.017550
1.616667	0.5	-0.018450
1.625000	0.5	-0.018150
1.633333	0.5	-0.017400
1.641667	0.5	-0.016050
1.650000	0.5	-0.015050
1.658333	0.5	-0.012350
1.666667	0.5	-0.011250
1.675000	0.5	-0.009500
1.683333	0.5	-0.012700
1.691667	0.5	-0.030000
1.700000	0.5	-0.078950
1.708333	0.5	-0.186400
1.716667	0.5	-0.367200
1.725000	0.5	-0.613450
1.733333	0.5	-0.874100
1.741667	0.5	-1.072250
1.750000	0.5	-1.151000
1.758333	0.5	-1.117350
1.766667	0.5	-1.029300
1.775000	0.5	-0.927350
1.783333	0.5	-0.822400
1.791667	0.5	-0.716950
1.800000	0.5	-0.614900
1.808333	0.5	-0.523950
1.816667	0.5	-0.447100
1.825000	0.5	-0.384300
1.833333	0.5	-0.333350
1.841667	0.5	-0.291650
1.850000	0.5	-0.256000
1.858333	0.5	-0.226100
1.866667	0.5	-0.198650
1.875000	0.5	-0.175900
1.883333	0.5	-0.155500
1.891667	0.5	-0.138550
1.900000	0.5	-0.121650
1.908333	0.5	-0.105200
1.916667	0.5	-0.085750
1.925000	0.5	-0.060650
1.933333	0.5	-0.027800
1.941667	0.5	0.017450
1.950000	0.5	0.073800
1.958333	0.5	0.136450
1.966667	0.5	0.202700
1.975000	0.5	0.266500
1.983333	0.5	0.326300
1.991667	0.5	0.384050
2.000000	0.5	0.441500
2.008333	0.5	0.500500
2.016667	0.5	0.556050
2.025000	0.5	0.602150
2.033333	0.5	0.634550
2.041667	0.5	0.649250
2.050000	0.5	0.646100
2.058333	0.5	0.630200
2.066667	0.5	0.601050
2.075000	0.5	0.565650
2.083333	0.5	0.527700
2.091667	0.5	0.490100
2.100000	0.5	0.456550
2.108333	0.5	0.427000
2.116667	0.5	0.400700
2.125000	0.5	0.377550
2.133333	0.5	0.357200
2.141667	0.5	0.340650
2.150000	0.5	0.324700
2.158333	0.5	0.313750
2.166667	0.5	0.303950
2.175000	0.5	0.295800
2.183333	0.5	0.289500
2.191667	0.5	0.285450
2.200000	0.5	0.282550
2.208333	0.5	0.281750
2.216667	0.5	0.281350
2.225000	0.5	0.282800
2.233333	0.5	0.284550
2.241667	0.5	0.287850
2.250000	0.5	0.292500
2.258333	0.5	0.296500
2.266667	0.5	0.301500
2.275000	0.5	0.306200
2.283333	0.5	0.312200
2.291667	0.5	0.319500
2.300000	0.5	0.328200
2.308333	0.5	0.339250
2.316667	0.5	0.350650
2.325000	0.5	0.364400
2.333333	0.5	0.377700
2.341667	0.5	0.389800
2.350000	0.5	0.399600
2.358333	0.5	0.407050
2.366667	0.5	0.408950
2.375000	0.5	0.409650
2.383333	0.5	0.409350
2.391667	0.5	0.411000
2.400000	0.5	0.416450
2.408333	0.5	0.428150
2.416667	0.5	0.449250
2.425000	0.5	0.481250
2.433333	0.5	0.520150
2.441667	0.5	0.566650
2.450000	0.5	0.610750
2.458333	0.5	0.649800
2.466667	0.5	0.677400
2.475000	0.5	0.692100
2.483333	0.5	0.695950
2.491667	0.5	0.689950
2.500000	0.5	0.677950
2.508333	0.5	0.661800
2.516667	0.5	0.643950
2.525000	0.5	0.627450
2.533333	0.5	0.613700
2.541667	0.5	0.601000
2.550000	0.5	0.590000
2.558333	0.5	0.580300
2.566667	0.5	0.573250
2.575000	0.5	0.569800
2.583333	0.5	0.567450
2.591667	0.5	0.567150
2.600000	0.5	0.568350
2.608333	0.5	0.571300
2.616667	0.5	0.576350
2.625000	0.5	0.581000
2.633333	0.5	0.588400
2.641667	0.5	0.593350
2.650000	0.5	0.598400
2.658333	0.5	0.603900
2.666667	0.5	0.609100
2.675000	0.5	0.615900
2.683333	0.5	0.621950
2.691667	0.5	0.630600
2.700000	0.5	0.639500
2.708333	0.5	0.650550
2.716667	0.5	0.664200
2.725000	0.5	0.678650
2.733333	0.5	0.694900
2.741667	0.5	0.709000
2.750000	0.5	0.722850
2.758333	0.5	0.736650
2.766667	0.5	0.748850
2.775000	0.5	0.761400
2.783333	0.5	0.772300
2.791667	0.5	0.780950
2.800000	0.5	0.790350
2.808333	0.5	0.798700
2.816667	0.5	0.805900
2.825000	0.5	0.812500
2.833333	0.5	0.819750
2.841667	0.5	0.828350
2.850000	0.5	0.843200
2.858333	0.5	0.871350
2.866667	0.5	0.925150
2.875000	0.5	1.022300
2.883333	0.5	1.182300
2.891667	0.5	1.427800
2.900000	0.5	1.771250
2.908333	0.5	2.215400
2.916667	0.5	2.744700
2.925000	0.5	3.329950
2.933333	0.5	3.928250
2.941667	0.5	4.489300
2.950000	0.5	4.969800
2.958333	0.5	5.332850
2.966667	0.5	5.561150
2.975000	0.5	5.652450
2.983333	0.5	5.619500
2.991667	0.5	5.486850
3.000000	0.5	5.282650
3.008333	0.5	5.029100
3.016667	0.5	4.754600
3.025000	0.5	4.472300
3.033333	0.5	4.197100
3.041667	0.5	3.934200
3.050000	0.5	3.691000
3.058333	0.5	3.469950
3.066667	0.5	3.269950
3.075000	0.5	3.092800
3.083333	0.5	2.934650
3.091667	0.5	2.796200
3.100000	0.5	2.674100
3.108333	0.5	2.566300
3.116667	0.5	2.470750
3.125000	0.5	2.384600
3.133333	0.5	2.307050
3.141667	0.5	2.235650
3.150000	0.5	2.173750
3.158333	0.5	2.117200
3.166667	0.5	2.065800
3.175000	0.5	2.019300
3.183333	0.5	1.979000
3.191667	0.5	1.941850
3.200000	0.5	1.908900
3.208333	0.5	1.878900
3.216667	0.5	1.851250
3.225000	0.5	1.825050
3.233333	0.5	1.800850
3.241667	0.5	1.778350
3.250000	0.5	1.758450
3.258333	0.5	1.739450
3.266667	0.5	1.722750
3.275000	0.5	1.708050
3.283333	0.5	1.695000
3.291667	0.5	1.682950
3.300000	0.5	1.672050
3.308333	0.5	1.661700
3.316667	0.5	1.650900
3.325000	0.5	1.640350
3.333333	0.5	1.631550
3.341667	0.5	1.622400
3.350000	0.5	1.614100
3.358333	0.5	1.607750
3.366667	0.5	1.601900
3.375000	0.5	1.596850
3.383333	0.5	1.592050
3.391667	0.5	1.588650
3.400000	0.5	1.586250
3.408333	0.5	1.583050
3.416667	0.5	1.578550
3.425000	0.5	1.575550
3.433333	0.5	1.573650
3.441667	0.5	1.573050
3.450000	0.5	1.573300
3.458333	0.5	1.574950
3.466667	0.5	1.578050
3.475000	0.5	1.581500
3.483333	0.5	1.585300
3.491667	0.5	1.587500
3.500000	0.5	1.588950
3.508333	0.5	1.588350
3.516667	0.5	1.586400
3.525000	0.5	1.581600
3.533333	0.5	1.577100
3.541667	0.5	1.572150
3.550000	0.5	1.567000
3.558333	0.5	1.563200
3.566667	0.5	1.559300
3.575000	0.5	1.556000
3.583333	0.5	1.553200
3.591667	0.5	1.550000
3.600000	0.5	1.548350
3.608333	0.5	1.545250
3.616667	0.5	1.541450
3.625000	0.5	1.539250
3.633333	0.5	1.537000
3.641667	0.5	1.535600
3.650000	0.5	1.534750
3.658333	0.5	1.534100
3.666667	0.5	1.535250
3.675000	0.5	1.535700
3.683333	0.5	1.535750
3.691667	0.5	1.536500
3.700000	0.5	1.535750
3.708333	0.5	1.534950
3.716667	0.5	1.532950
3.725000	0.5	1.531600
3.733333	0.5	1.530150
3.741667	0.5	1.528900
3.750000	0.5	1.529000
3.758333	0.5	1.528700
3.766667	0.5	1.529800
3.775000	0.5	1.529700
3.783333	0.5	1.529900
3.791667	0.5	1.529500
3.800000	0.5	1.527300
3.808333	0.5	1.525150
3.816667	0.5	1.522550
3.825000	0.5	1.522100
3.833333	0.5	1.520750
3.841667	0.5	1.520450
3.850000	0.5	1.519700
3.858333	0.5	1.519350
3.866667	0.5	1.519700
3.875000	0.5	1.520800
3.883333	0.5	1.520550
3.891667	0.5	1.519300
3.900000	0.5	1.517550
3.908333	0.5	1.515600
3.916667	0.5	1.514200
3.925000	0.5	1.513000
3.933333	0.5	1.512200
3.941667	0.5	1.511850
3.950000	0.5	1.512400
3.958333	0.5	1.512550
3.966667	0.5	1.513500
3.975000	0.5	1.513300
3.983333	0.5	1.513350
3.991667	0.5	1.512400
4.000000	0.5	1.511250
4.008333	0.5	1.510700
4.016667	0.5	1.509800
4.025000	0.5	1.509600
4.033333	0.5	1.509550
4.041667	0.5	1.509950
4.050000	0.5	1.511950
4.058333	0.5	1.512100
4.066667	0.5	1.513850
4.075000	0.5	1.514650
4.083333	0.5	1.514450
4.091667	0.5	1.513450
4.100000	0.5	1.512250
4.108333	0.5	1.511700
4.116667	0.5	1.512650
4.125000	0.5	1.512500
4.133333	0.5	1.512150
4.141667	0.5	1.513050
4.150000	0.5	1.514900
4.158333	0.5	1.515350
4.166667	0.5	1.517900
4.175000	0.5	1.517950
4.183333	0.5	1.515750
4.191667	0.5	1.514500
4.200000	0.5	1.513500
4.208333	0.5	1.513500
4.216667	0.5	1.513250
4.225000	0.5	1.512550
4.233333	0.5	1.513000
4.241667	0.5	1.513650
4.250000	0.5	1.514200
4.258333	0.5	1.516150
4.266667	0.5	1.515850
4.275000	0.5	1.514600
4.283333	0.5	1.514000
4.291667	0.5	1.512700
4.300000	0.5	1.511000
4.308333	0.5	1.511750
4.316667	0.5	1.510000
4.325000	0.5	1.510200
4.333333	0.5	1.511100
4.341667	0.5	1.511750
4.350000	0.5	1.512100
4.358333	0.5	1.513550
4.366667	0.5	1.513550
4.375000	0.5	1.513800
4.383333	0.5	1.512900
4.391667	0.5	1.512850
4.400000	0.5	1.514550
4.408333	0.5	1.510500
4.416667	0.5	1.511550
4.425000	0.5	1.511700
4.433333	0.5	1.512850
4.441667	0.5	1.514800
4.450000	0.5	1.515750
4.458333	0.5	1.517000
4.466667	0.5	1.516850
4.475000	0.5	1.516400
4.483333	0.5	1.515950
4.491667	0.5	1.515200
4.500000	0.5	1.514900
4.508333	0.5	1.514500
4.516667	0.5	1.515600
4.525000	0.5	1.517050
4.533333	0.5	1.518200
4.541667	0.5	1.519500
4.550000	0.5	1.521500
4.558333	0.5	1.521400
4.566667	0.5	1.521850
4.575000	0.5	1.520950
4.583333	0.5	1.520950
4.591667	0.5	1.520400
4.600000	0.5	1.520400
4.608333	0.5	1.520200
4.616667	0.5	1.520500
4.625000	0.5	1.522250
4.633333	0.5	1.523950
4.641667	0.5	1.525650
4.650000	0.5	1.526350
4.658333	0.5	1.526050
4.666667	0.5	1.524750
4.675000	0.5	1.524150
4.683333	0.5	1.524350
4.691667	0.5	1.523900
4.700000	0.5	1.523800
4.708333	0.5	1.524650
4.716667	0.5	1.526200
4.725000	0.5	1.528150
4.733333	0.5	1.529400
4.741667	0.5	1.532200
4.750000	0.5	1.533000
4.758333	0.5	1.533000
4.766667	0.5	1.533300
4.775000	0.5	1.532500
4.783333	0.5	1.533450
4.791667	0.5	1.533700
4.800000	0.5	1.535100
4.808333	0.5	1.537600
4.816667	0.5	1.539050
4.825000	0.5	1.542050
4.833333	0.5	1.544200
4.841667	0.5	1.546450
4.850000	0.5	1.547350
4.858333	0.5	1.548950
4.866667	0.5	1.546550
4.875000	0.5	1.547500
4.883333	0.5	1.547700
4.891667	0.5	1.548450
4.900000	0.5	1.550050
4.908333	0.5	1.551150
4.916667	0.5	1.552950
4.925000	0.5	1.554300
4.933333	0.5	1.556650
4.941667	0.5	1.557350
4.950000	0.5	1.557000
4.958333	0.5	1.556050
4.966667	0.5	1.555600
4.975000	0.5	1.555400
4.983333	0.5	1.555700
4.991667	0.5	1.556050
5.000000	0.5	1.557150
5.008333	0.5	1.558850
5.016667	0.5	1.559500
5.025000	0.5	1.561100
5.033333	0.5	1.562000
5.041667	0.5	1.563000
5.050000	0.5	1.561550
5.058333	0.5	1.560850
5.066667	0.5	1.560400
5.075000	0.5	1.560450
5.083333	0.5	1.560900
5.091667	0.5	1.561050
5.100000	0.5	1.563100
5.108333	0.5	1.564500
5.116667	0.5	1.565000
5.125000	0.5	1.566550
5.133333	0.5	1.567400
5.141667	0.5	1.567600
5.150000	0.5	1.566900
5.158333	0.5	1.566400
5.166667	0.5	1.566000
5.175000	0.5	1.566250
5.183333	0.5	1.567250
5.191667	0.5	1.568450
5.200000	0.5	1.570150
5.208333	0.5	1.572600
5.216667	0.5	1.574200
5.225000	0.5	1.575450
5.233333	0.5	1.575700
5.241667	0.5	1.574900
5.250000	0.5	1.574850
5.258333	0.5	1.574100
5.266667	0.5	1.574800
5.275000	0.5	1.576150
5.283333	0.5	1.577300
5.291667	0.5	1.579650
5.300000	0.5	1.581750
5.308333	0.5	1.582600
5.316667	0.5	1.585000
5.325000	0.5	1.584750
5.333333	0.5	1.584700
5.341667	0.5	1.583950
5.350000	0.5	1.584400
5.358333	0.5	1.584500
5.366667	0.5	1.584400
5.375000	0.5	1.584850
5.383333	0.5	1.584850
5.391667	0.5	1.587000
5.400000	0.5	1.589200
5.408333	0.5	1.590400
5.416667	0.5	1.591600
5.425000	0.5	1.591450
5.433333	0.5	1.591000
5.441667	0.5	1.590950
5.450000	0.5	1.590700
5.458333	0.5	1.590700
5.466667	0.5	1.591600
5.475000	0.5	1.593600
5.483333	0.5	1.594950
5.491667	0.5	1.596800
5.500000	0.5	1.598900
5.508333	0.5	1.600400
5.516667	0.5	1.601600
5.525000	0.5	1.602150
5.533333	0.5	1.601700
5.541667	0.5	1.602400
5.550000	0.5	1.602550
5.558333	0.5	1.603550
5.566667	0.5	1.604750
5.575000	0.5	1.607350
5.583333	0.5	1.609850
5.591667	0.5	1.611200
5.600000	0.5	1.613250
5.608333	0.5	1.615550
5.616667	0.5	1.615400
5.625000	0.5	1.615350
5.633333	0.5	1.616350
5.641667	0.5	1.615850
5.650000	0.5	1.616900
5.658333	0.5	1.617450
5.666667	0.5	1.619000
5.675000	0.5	1.621150
5.683333	0.5	1.623250
5.691667	0.5	1.624550
5.700000	0.5	1.627350
5.708333	0.5	1.628200
5.716667	0.5	1.628650
5.725000	0.5	1.629000
5.733333	0.5	1.627950
5.741667	0.5	1.628800
5.750000	0.5	1.630000
5.758333	0.5	1.631450
5.766667	0.5	1.633050
5.775000	0.5	1.634600
5.783333	0.5	1.636850
5.791667	0.5	1.639800
5.800000	0.5	1.640900
5.808333	0.5	1.641950
5.816667	0.5	1.641350
5.825000	0.5	1.640400
5.833333	0.5	1.641950
5.841667	0.5	1.642700
5.850000	0.5	1.642800
5.858333	0.5	1.644500
5.866667	0.5	1.646700
5.875000	0.5	1.649300
5.883333	0.5	1.651100
5.891667	0.5	1.652900
5.900000	0.5	1.653500
5.908333	0.5	1.654550
5.916667	0.5	1.654100
5.925000	0.5	1.654500
5.933333	0.5	1.654500
5.941667	0.5	1.655450
5.950000	0.5	1.656350
5.958333	0.5	1.657100
5.966667	0.5	1.658900
5.975000	0.5	1.660250
5.983333	0.5	1.663250
5.991667	0.5	1.663850
6.000000	0.5	1.664900
6.008333	0.5	1.664000
6.016667	0.5	1.663950
6.025000	0.5	1.664000
6.033333	0.5	1.664050
6.041667	0.5	1.664650
6.050000	0.5	1.665900
6.058333	0.5	1.667900
6.066667	0.5	1.670400
6.075000	0.5	1.672250
6.083333	0.5	1.673650
6.091667	0.5	1.674300
6.100000	0.5	1.674950
6.108333	0.5	1.675700
6.116667	0.5	1.675000
6.125000	0.5	1.675300
6.133333	0.5	1.677250
6.141667	0.5	1.678000
6.150000	0.5	1.679750
6.158333	0.5	1.681950
6.166667	0.5	1.684750
6.175000	0.5	1.688350
6.183333	0.5	1.689800
6.191667	0.5	1.690450
6.200000	0.5	1.691400
6.208333	0.5	1.691300
6.216667	0.5	1.691700
6.225000	0.5	1.692750
6.233333	0.5	1.693250
6.241667	0.5	1.694350
6.250000	0.5	1.696650
6.258333	0.5	1.698700
6.266667	0.5	1.699950
6.275000	0.5	1.700800
6.283333	0.5	1.701700
6.291667	0.5	1.699950
6.300000	0.5	1.699950
6.308333	0.5	1.698050
6.316667	0.5	1.698250
6.325000	0.5	1.697700
6.333333	0.5	1.698950
6.341667	0.5	1.700400
6.350000	0.5	1.700850
6.358333	0.5	1.702150
6.366667	0.5	1.704250
6.375000	0.5	1.704900
6.383333	0.5	1.706800
6.391667	0.5	1.705300
6.400000	0.5	1.705500
6.408333	0.5	1.704600
6.416667	0.5	1.705500
6.425000	0.5	1.705900
6.433333	0.5	1.707150
6.441667	0.5	1.708850
6.450000	0.5	1.710750
6.458333	0.5	1.712900
6.466667	0.5	1.715350
6.475000	0.5	1.715600
6.483333	0.5	1.715200
6.491667	0.5	1.714600
6.500000	0.5	1.714600
6.508333	0.5	1.714300
6.516667	0.5	1.714350
6.525000	0.5	1.714600
6.533333	0.5	1.715800
6.541667	0.5	1.717050
6.550000	0.5	1.717850
6.558333	0.5	1.720600
6.566667	0.5	1.721300
6.575000	0.5	1.720350
6.583333	0.5	1.720000
6.591667	0.5	1.719400
6.600000	0.5	1.718550
6.608333	0.5	1.717450
6.616667	0.5	1.717450
6.625000	0.5	1.718500
6.633333	0.5	1.719850
6.641667	0.5	1.721550
6.650000	0.5	1.722300
6.658333	0.5	1.724600
6.666667	0.5	1.725200
6.675000	0.5	1.724900
6.683333	0.5	1.724250
6.691667	0.5	1.724200
6.700000	0.5	1.724450
6.708333	0.5	1.724550
6.716667	0.5	1.725500
6.725000	0.5	1.727300
6.733333	0.5	1.728700
6.741667	0.5	1.730750
6.750000	0.5	1.733000
6.758333	0.5	1.734450
6.766667	0.5	1.735350
6.775000	0.5	1.735250
6.783333	0.5	1.734150
6.791667	0.5	1.734150
6.800000	0.5	1.734600
6.808333	0.5	1.735700
6.816667	0.5	1.737350
6.825000	0.5	1.738950
6.833333	0.5	1.741750
6.841667	0.5	1.743600
6.850000	0.5	1.745250
6.858333	0.5	1.745850
6.866667	0.5	1.746500
6.875000	0.5	1.746950
6.883333	0.5	1.746700
6.891667	0.5	1.746950
6.900000	0.5	1.747550
6.908333	0.5	1.748450
6.916667	0.5	1.750000
6.925000	0.5	1.752400
6.933333	0.5	1.753800
6.941667	0.5	1.756350
6.950000	0.5	1.758200
6.958333	0.5	1.758150
6.966667	0.5	1.758100
6.975000	0.5	1.758050
6.983333	0.5	1.757650
6.991667	0.5	1.757950
7.000000	0.5	1.758550
7.008333	0.5	1.759550
7.016667	0.5	1.761900
7.025000	0.5	1.763600
7.033333	0.5	1.763950
7.041667	0.5	1.767150
7.050000	0.5	1.767950
7.058333	0.5	1.767700
7.066667	0.5	1.768150
7.075000	0.5	1.767600
7.083333	0.5	1.767400
7.091667	0.5	1.769500
7.100000	0.5	1.770700
7.108333	0.5	1.773250
7.116667	0.5	1.775000
7.125000	0.5	1.778050
7.133333	0.5	1.781600
7.141667	0.5	1.783700
7.150000	0.5	1.784900
7.158333	0.5	1.785000
7.166667	0.5	1.785450
7.175000	0.5	1.786100
7.183333	0.5	1.787150
7.191667	0.5	1.789350
7.200000	0.5	1.790900
7.208333	0.5	1.792850
7.216667	0.5	1.795900
7.225000	0.5	1.798550
7.233333	0.5	1.800350
7.241667	0.5	1.802500
7.250000	0.5	1.802600
7.258333	0.5	1.802250
7.266667	0.5	1.802200
7.275000	0.5	1.801950
7.283333	0.5	1.802350
7.291667	0.5	1.803300
7.300000	0.5	1.804650
7.308333	0.5	1.805650
7.316667	0.5	1.807400
7.325000	0.5	1.809000
7.333333	0.5	1.810850
7.341667	0.5	1.809750
7.350000	0.5	1.809900
7.358333	0.5	1.809700
7.366667	0.5	1.809650
7.375000	0.5	1.809600
7.383333	0.5	1.809900
7.391667	0.5	1.811050
7.400000	0.5	1.813400
7.408333	0.5	1.815100
7.416667	0.5	1.817700
7.425000	0.5	1.818900
7.433333	0.5	1.819750
7.441667	0.5	1.820450
7.450000	0.5	1.820300
7.458333	0.5	1.820000
7.466667	0.5	1.821450
7.475000	0.5	1.822300
7.483333	0.5	1.823800
7.491667	0.5	1.826050
7.500000	0.5	1.829650
7.508333	0.5	1.832200
7.516667	0.5	1.835650
7.525000	0.5	1.837850
7.533333	0.5	1.839100
7.541667	0.5	1.839750
7.550000	0.5	1.841000
7.558333	0.5	1.842100
7.566667	0.5	1.843900
7.575000	0.5	1.847350
7.583333	0.5	1.850500
7.591667	0.5	1.854250
7.600000	0.5	1.859750
7.608333	0.5	1.863050
7.616667	0.5	1.867400
7.625000	0.5	1.869650
7.633333	0.5	1.872850
7.641667	0.5	1.875450
7.650000	0.5	1.878700
7.658333	0.5	1.882100
7.666667	0.5	1.886250
7.675000	0.5	1.890400
7.683333	0.5	1.894500
7.691667	0.5	1.900300
7.700000	0.5	1.904950
7.708333	0.5	1.910550
7.716667	0.5	1.916750
7.725000	0.5	1.920550
7.733333	0.5	1.923750
7.741667	0.5	1.927500
7.750000	0.5	1.930550
7.758333	0.5	1.934850
7.766667	0.5	1.939950
7.775000	0.5	1.945300
7.783333	0.5	1.951000
7.791667	0.5	1.957150
7.800000	0.5	1.962850
7.808333	0.5	1.968650
7.816667	0.5	1.973900
7.825000	0.5	1.977850
7.833333	0.5	1.981950
7.841667	0.5	1.985700
7.850000	0.5	1.990300
7.858333	0.5	1.993950
7.866667	0.5	2.000000
7.875000	0.5	2.006800
7.883333	0.5	2.011700
7.891667	0.5	2.018800
7.900000	0.5	2.026400
7.908333	0.5	2.032100
7.916667	0.5	2.038100
7.925000	0.5	2.041950
7.933333	0.5	2.045750
7.941667	0.5	2.050100
7.950000	0.5	2.055750
7.958333	0.5	2.061300
7.966667	0.5	2.067950
7.975000	0.5	2.076250
7.983333	0.5	2.083400
7.991667	0.5	2.090200
8.000000	0.5	2.098400
8.008333	0.5	2.103200
8.016667	0.5	2.109800
8.025000	0.5	2.113950
8.033333	0.5	2.118700
8.041667	0.5	2.125400
8.050000	0.5	2.131100
8.058333	0.5	2.138500
8.066667	0.5	2.145700
8.075000	0.5	2.152650
8.083333	0.5	2.160450
8.091667	0.5	2.168200
8.100000	0.5	2.174600
8.108333	0.5	2.181100
8.116667	0.5	2.186400
8.125000	0.5	2.191750
8.133333	0.5	2.197200
8.141667	0.5	2.202750
8.150000	0.5	2.208500
8.158333	0.5	2.215500
8.166667	0.5	2.222550
8.175000	0.5	2.229450
8.183333	0.5	2.237700
8.191667	0.5	2.245050
8.200000	0.5	2.250750
8.208333	0.5	2.256250
8.216667	0.5	2.261050
8.225000	0.5	2.266250
8.233333	0.5	2.271500
8.241667	0.5	2.277700
8.250000	0.5	2.284600
8.258333	0.5	2.292400
8.266667	0.5	2.299050
8.275000	0.5	2.306150
8.283333	0.5	2.314050
8.291667	0.5	2.320800
8.300000	0.5	2.325200
8.308333	0.5	2.330900
8.316667	0.5	2.336150
8.325000	0.5	2.341450
8.333333	0.5	2.347400
8.341667	0.5	2.353600
8.350000	0.5	2.361300
8.358333	0.5	2.367850
8.366667	0.5	2.374950
8.375000	0.5	2.382800
8.383333	0.5	2.389700
8.391667	0.5	2.394100
8.400000	0.5	2.399400
8.408333	0.5	2.404550
8.416667	0.5	2.409850
8.425000	0.5	2.414400
8.433333	0.5	2.421150
8.441667	0.5	2.427250
8.450000	0.5	2.434550
8.458333	0.5	2.442150
8.466667	0.5	2.449050
8.475000	0.5	2.456800
8.483333	0.5	2.462950
8.491667	0.5	2.468350
8.500000	0.5	2.474450
8.508333	0.5	2.478450
8.516667	0.5	2.484450
8.525000	0.5	2.490750
8.533333	0.5	2.496750
8.541667	0.5	2.503550
8.550000	0.5	2.511250
8.558333	0.5	2.519100
8.566667	0.5	2.527700
8.575000	0.5	2.535600
8.583333	0.5	2.541150
8.591667	0.5	2.546950
8.600000	0.5	2.552200
8.608333	0.5	2.558050
8.616667	0.5	2.563600
8.625000	0.5	2.570400
8.633333	0.5	2.577100
8.641667	0.5	2.584750
8.650000	0.5	2.591700
8.658333	0.5	2.599000
8.666667	0.5	2.607400
8.675000	0.5	2.615200
8.683333	0.5	2.620500
8.691667	0.5	2.625700
8.700000	0.5	2.631700
8.708333	0.5	2.636350
8.716667	0.5	2.642500
8.725000	0.5	2.649650
8.733333	0.5	2.656900
8.741667	0.5	2.665100
8.750000	0.5	2.672200
8.758333	0.5	2.679250
8.766667	0.5	2.686550
8.775000	0.5	2.691700
8.783333	0.5	2.697050
8.791667	0.5	2.701250
8.800000	0.5	2.706550
8.808333	0.5	2.712550
8.816667	0.5	2.717550
8.825000	0.5	2.724300
8.833333	0.5	2.730750
8.841667	0.5	2.738300
8.850000	0.5	2.744800
8.858333	0.5	2.752400
8.866667	0.5	2.759200
8.875000	0.5	2.765350
8.883333	0.5	2.769550
8.891667	0.5	2.774450
8.900000	0.5	2.779300
8.908333	0.5	2.785500
8.916667	0.5	2.791700
8.925000	0.5	2.797850
8.933333	0.5	2.805400
8.941667	0.5	2.813600
8.950000	0.5	2.820900
8.958333	0.5	2.827400
8.966667	0.5	2.833500
8.975000	0.5	2.838150
8.983333	0.5	2.843350
8.991667	0.5	2.848900
9.000000	0.5	2.854000
9.008333	0.5	2.860500
9.016667	0.5	2.867950
9.025000	0.5	2.875000
9.033333	0.5	2.883000
9.041667	0.5	2.890200
9.050000	0.5	2.898700
9.058333	0.5	2.907050
9.066667	0.5	2.912650
9.075000	0.5	2.918100
9.083333	0.5	2.923650
9.091667	0.5	2.929600
9.100000	0.5	2.936150
9.108333	0.5	2.943450
9.116667	0.5	2.953500
9.125000	0.5	2.962550
9.133333	0.5	2.973250
9.141667	0.5	2.982550
9.150000	0.5	2.993400
9.158333	0.5	3.002650
9.166667	0.5	3.010050
9.175000	0.5	3.020300
9.183333	0.5	3.031350
9.191667	0.5	3.042600
9.200000	0.5	3.056150
9.208333	0.5	3.070850
9.216667	0.5	3.087450
9.225000	0.5	3.105250
9.233333	0.5	3.124050
9.241667	0.5	3.144850
9.250000	0.5	3.165250
9.258333	0.5	3.187550
9.266667	0.5	3.209100
9.275000	0.5	3.231550
9.283333	0.5	3.257200
9.291667	0.5	3.283700
9.300000	0.5	3.313400
9.308333	0.5	3.344350
9.316667	0.5	3.376450
9.325000	0.5	3.408250
9.333333	0.5	3.443050
9.341667	0.5	3.475800
9.350000	0.5	3.509000
9.358333	0.5	3.539950
9.366667	0.5	3.571200
9.375000	0.5	3.601250
9.383333	0.5	3.631450
9.391667	0.5	3.660950
9.400000	0.5	3.689550
9.408333	0.5	3.717200
9.416667	0.5	3.740750
9.425000	0.5	3.762750
9.433333	0.5	3.783050
9.441667	0.5	3.799650
9.450000	0.5	3.812400
9.458333	0.5	3.821950
9.466667	0.5	3.827950
9.475000	0.5	3.831350
9.483333	0.5	3.834300
9.491667	0.5	3.833100
9.500000	0.5	3.829650
9.508333	0.5	3.824900
9.516667	0.5	3.817400
9.525000	0.5	3.809650
9.533333	0.5	3.799350
9.541667	0.5	3.785400
9.550000	0.5	3.770350
9.558333	0.5	3.753400
9.566667	0.5	3.735750
9.575000	0.5	3.718600
9.583333	0.5	3.702800
9.591667	0.5	3.683750
9.600000	0.5	3.670100
9.608333	0.5	3.653800
9.616667	0.5	3.638800
9.625000	0.5	3.625950
9.633333	0.5	3.611750
9.641667	0.5	3.596950
9.650000	0.5	3.584350
9.658333	0.5	3.571550
9.666667	0.5	3.559900
9.675000	0.5	3.550100
9.683333	0.5	3.540900
9.691667	0.5	3.534100
9.700000	0.5	3.528600
9.708333	0.5	3.524350
9.716667	0.5	3.520700
9.725000	0.5	3.518000
9.733333	0.5	3.515300
9.741667	0.5	3.511850
9.750000	0.5	3.509450
9.758333	0.5	3.508600
9.766667	0.5	3.506750
9.775000	0.5	3.507150
9.783333	0.5	3.507750
9.791667	0.5	3.511850
9.800000	0.5	3.513950
9.808333	0.5	3.516700
9.816667	0.5	3.521150
9.825000	0.5	3.524350
9.833333	0.5	3.527150
9.841667	0.5	3.529350
9.850000	0.5	3.531550
9.858333	0.5	3.534750
9.866667	0.5	3.537500
9.875000	0.5	3.542300
9.883333	0.5	3.547150
9.891667	0.5	3.552350
9.900000	0.5	3.558600
9.908333	0.5	3.565750
9.916667	0.5	3.571050
9.925000	0.5	3.575200
9.933333	0.5	3.578450
9.941667	0.5	3.583600
9.950000	0.5	3.587150
9.958333	0.5	3.591850
9.966667	0.5	3.595550
9.975000	0.5	3.601850
9.983333	0.5	3.608700
9.991667	0.5	3.615200
10.000000	0.5	3.622000
10.008333	0.5	3.629950
10.016667	0.5	3.635800
10.025000	0.5	3.641500
10.033333	0.5	3.645250
10.041667	0.5	3.650300
10.050000	0.5	3.655400
10.058333	0.5	3.660650
10.066667	0.5	3.667300
10.075000	0.5	3.674050
10.083333	0.5	3.680650
10.091667	0.5	3.687850
10.100000	0.5	3.696850
10.108333	0.5	3.704900
10.116667	0.5	3.709150
10.125000	0.5	3.713900
10.133333	0.5	3.719850
10.141667	0.5	3.723650
10.150000	0.5	3.730000
10.158333	0.5	3.736350
10.166667	0.5	3.741950
10.175000	0.5	3.749000
10.183333	0.5	3.755750
10.191667	0.5	3.761700
10.200000	0.5	3.770100
10.208333	0.5	3.777300
10.216667	0.5	3.782600
10.225000	0.5	3.786500
10.233333	0.5	3.789600
10.241667	0.5	3.795000
10.250000	0.5	3.800000
10.258333	0.5	3.806400
10.266667	0.5	3.811850
10.275000	0.5	3.818450
10.283333	0.5	3.824300
10.291667	0.5	3.831900
10.300000	0.5	3.838450
10.308333	0.5	3.843000
10.316667	0.5	3.845950
10.325000	0.5	3.850250
10.333333	0.5	3.853450
10.341667	0.5	3.859200
10.350000	0.5	3.863400
10.358333	0.5	3.869300
10.366667	0.5	3.875900
10.375000	0.5	3.881850
10.383333	0.5	3.887700
10.391667	0.5	3.896250
10.400000	0.5	3.901150
10.408333	0.5	3.905100
10.416667	0.5	3.909700
10.425000	0.5	3.913300
10.433333	0.5	3.917050
10.441667	0.5	3.921850
10.450000	0.5	3.927950
10.458333	0.5	3.933900
10.466667	0.5	3.940550
10.475000	0.5	3.946300
10.483333	0.5	3.954050
10.491667	0.5	3.959500
10.500000	0.5	3.964600
10.508333	0.5	3.968900
10.516667	0.5	3.973150
10.525000	0.5	3.977450
10.533333	0.5	3.982300
10.541667	0.5	3.987550
10.550000	0.5	3.995150
10.558333	0.5	4.000000
10.566667	0.5	4.007950
10.575000	0.5	4.014450
10.583333	0.5	4.023450
10.591667	0.5	4.028900
10.600000	0.5	4.034200
10.608333	0.5	4.038550
10.616667	0.5	4.042350
10.625000	0.5	4.047350
10.633333	0.5	4.053250
10.641667	0.5	4.058750
10.650000	0.5	4.065400
10.658333	0.5	4.072250
10.666667	0.5	4.079650
10.675000	0.5	4.087300
10.683333	0.5	4.093600
10.691667	0.5	4.099700
10.700000	0.5	4.104000
10.708333	0.5	4.107750
10.716667	0.5	4.112550
10.725000	0.5	4.116900
10.733333	0.5	4.123400
10.741667	0.5	4.129050
10.750000	0.5	4.137500
10.758333	0.5	4.143200
10.766667	0.5	4.149450
10.775000	0.5	4.157450
10.783333	0.5	4.162700
10.791667	0.5	4.167400
10.800000	0.5	4.171200
10.808333	0.5	4.175550
10.816667	0.5	4.179200
10.825000	0.5	4.184050
10.833333	0.5	4.189750
10.841667	0.5	4.196550
10.850000	0.5	4.202200
10.858333	0.5	4.206650
10.866667	0.5	4.214100
10.875000	0.5	4.220600
10.883333	0.5	4.226300
10.891667	0.5	4.229850
10.900000	0.5	4.233250
10.908333	0.5	4.236800
10.916667	0.5	4.241100
10.925000	0.5	4.246050
10.933333	0.5	4.251600
10.941667	0.5	4.256200
10.950000	0.5	4.263050
10.958333	0.5	4.269700
10.966667	0.5	4.277700
10.975000	0.5	4.282650
10.983333	0.5	4.287200
10.991667	0.5	4.291450
11.000000	0.5	4.295450
11.008333	0.5	4.300250
11.016667	0.5	4.305400
11.025000	0.5	4.311650
11.033333	0.5	4.318600
11.041667	0.5	4.324700
11.050000	0.5	4.331050
11.058333	0.5	4.338850
11.066667	0.5	4.345600
11.075000	0.5	4.352050
11.083333	0.5	4.355700
11.091667	0.5	4.360500
11.100000	0.5	4.365450
11.108333	0.5	4.370050
11.116667	0.5	4.376250
11.125000	0.5	4.383500
11.133333	0.5	4.389250
11.141667	0.5	4.397300
11.150000	0.5	4.402750
11.158333	0.5	4.411250
11.166667	0.5	4.416500
11.175000	0.5	4.421800
11.183333	0.5	4.425900
11.191667	0.5	4.431950
11.200000	0.5	4.435150
11.208333	0.5	4.439300
11.216667	0.5	4.445950
11.225000	0.5	4.451800
11.233333	0.5	4.458450
11.241667	0.5	4.464600
11.250000	0.5	4.472000
11.258333	0.5	4.477450
11.266667	0.5	4.483950
11.275000	0.5	4.486600
11.283333	0.5	4.491750
11.291667	0.5	4.495950
11.300000	0.5	4.498750
11.308333	0.5	4.503950
11.316667	0.5	4.509250
11.325000	0.5	4.515000
11.333333	0.5	4.520250
11.341667	0.5	4.526700
11.350000	0.5	4.533650
11.358333	0.5	4.539000
11.366667	0.5	4.544000
11.375000	0.5	4.546700
11.383333	0.5	4.549500
11.391667	0.5	4.554050
11.400000	0.5	4.558250
11.408333	0.5	4.564050
11.416667	0.5	4.568800
11.425000	0.5	4.575050
11.433333	0.5	4.580650
11.441667	0.5	4.587150
11.450000	0.5	4.593500
11.458333	0.5	4.597850
11.466667	0.5	4.600700
11.475000	0.5	4.604350
11.483333	0.5	4.607400
11.491667	0.5	4.613350
11.500000	0.5	4.617950
11.508333	0.5	4.624000
11.516667	0.5	4.630650
11.525000	0.5	4.636050
11.533333	0.5	4.641700
11.541667	0.5	4.648500
11.550000	0.5	4.654750
11.558333	0.5	4.660550
11.566667	0.5	4.663800
11.575000	0.5	4.667350
11.583333	0.5	4.672850
11.591667	0.5	4.677700
11.600000	0.5	4.683200
11.608333	0.5	4.689100
11.616667	0.5	4.695400
11.625000	0.5	4.701650
11.633333	0.5	4.709350
11.641667	0.5	4.715900
11.650000	0.5	4.720950
11.658333	0.5	4.724250
11.666667	0.5	4.728050
11.675000	0.5	4.732100
11.683333	0.5	4.735150
11.691667	0.5	4.740150
11.700000	0.5	4.745000
11.708333	0.5	4.752400
11.716667	0.5	4.758500
11.725000	0.5	4.763550
11.733333	0.5	4.770300
11.741667	0.5	4.776150
11.750000	0.5	4.779400
11.758333	0.5	4.783450
11.766667	0.5	4.786450
11.775000	0.5	4.789500
11.783333	0.5	4.793600
11.791667	0.5	4.798800
11.800000	0.5	4.804300
11.808333	0.5	4.811000
11.816667	0.5	4.816250
11.825000	0.5	4.823250
11.833333	0.5	4.829450
11.841667	0.5	4.835400
11.850000	0.5	4.839750
11.858333	0.5	4.842250
11.866667	0.5	4.846450
11.875000	0.5	4.849600
11.883333	0.5	4.855900
11.891667	0.5	4.861150
11.900000	0.5	4.867900
11.908333	0.5	4.874000
11.916667	0.5	4.880250
11.925000	0.5	4.886950
11.933333	0.5	4.892200
11.941667	0.5	4.897150
11.950000	0.5	4.899750
11.958333	0.5	4.905000
11.966667	0.5	4.908750
11.975000	0.5	4.912850
11.983333	0.5	4.918000
11.991667	0.5	4.923900
12.000000	0.5	4.930550
12.008333	0.5	4.935050
12.016667	0.5	4.941950
12.025000	0.5	4.947350
12.033333	0.5	4.953350
12.041667	0.5	4.956150
12.050000	0.5	4.958200
12.058333	0.5	4.964100
12.066667	0.5	4.966900
12.075000	0.5	4.971950
12.083333	0.5	4.976250
12.091667	0.5	4.982950
12.100000	0.5	4.989000
12.108333	0.5	4.994800
12.116667	0.5	5.002500
12.125000	0.5	5.005800
12.133333	0.5	5.010000
12.141667	0.5	5.013250
12.150000	0.5	5.018800
12.158333	0.5	5.020250
12.166667	0.5	5.024850
12.175000	0.5	5.029350
12.183333	0.5	5.035150
12.191667	0.5	5.041150
12.200000	0.5	5.046750
12.208333	0.5	5.053150
12.216667	0.5	5.057100
12.225000	0.5	5.065200
12.233333	0.5	5.065000
12.241667	0.5	5.068800
12.250000	0.5	5.072500
12.258333	0.5	5.076100
12.266667	0.5	5.078850
12.275000	0.5	5.085700
12.283333	0.5	5.091850
12.291667	0.5	5.098200
12.300000	0.5	5.103100
12.308333	0.5	5.110900
12.316667	0.5	5.114650
12.325000	0.5	5.118750
12.333333	0.5	5.122200
12.341667	0.5	5.127450
12.350000	0.5	5.130500
12.358333	0.5	5.133850
12.366667	0.5	5.139100
12.375000	0.5	5.144850
12.383333	0.5	5.148800
12.391667	0.5	5.156050
12.400000	0.5	5.163550
12.408333	0.5	5.168250
12.416667	0.5	5.173050
12.425000	0.5	5.175900
12.433333	0.5	5.179750
12.441667	0.5	5.182800
12.450000	0.5	5.186600
12.458333	0.5	5.192400
12.466667	0.5	5.196700
12.475000	0.5	5.202000
12.483333	0.5	5.208050
12.491667	0.5	5.214700
12.500000	0.5	5.221200
12.508333	0.5	5.226650
12.516667	0.5	5.230700
12.525000	0.5	5.233650
12.533333	0.5	5.237300
12.541667	0.5	5.241700
12.550000	0.5	5.246900
12.558333	0.5	5.250750
12.566667	0.5	5.254950
12.575000	0.5	5.262200
12.583333	0.5	5.266700
12.591667	0.5	5.273900
12.600000	0.5	5.278800
12.608333	0.5	5.284050
12.616667	0.5	5.287800
12.625000	0.5	5.291050
12.633333	0.5	5.294700
12.641667	0.5	5.297750
12.650000	0.5	5.302700
12.658333	0.5	5.306300
12.666667	0.5	5.312300
12.675000	0.5	5.317100
12.683333	0.5	5.322000
12.691667	0.5	5.327700
12.700000	0.5	5.332250
12.708333	0.5	5.335200
12.716667	0.5	5.339100
12.725000	0.5	5.342150
12.733333	0.5	5.344600
12.741667	0.5	5.349450
12.750000	0.5	5.353700
12.758333	0.5	5.360500
12.766667	0.5	5.366450
12.775000	0.5	5.370300
12.783333	0.5	5.376600
12.791667	0.5	5.381550
12.800000	0.5	5.386250
12.808333	0.5	5.389800
12.816667	0.5	5.390950
12.825000	0.5	5.395000
12.833333	0.5	5.399900
12.841667	0.5	5.403050
12.850000	0.5	5.407650
12.858333	0.5	5.411150
12.866667	0.5	5.411200
12.875000	0.5	5.423250
12.883333	0.5	5.430150
12.891667	0.5	5.434550
12.900000	0.5	5.437250
12.908333	0.5	5.441000
12.916667	0.5	5.442600
12.925000	0.5	5.446500
12.933333	0.5	5.449850
12.941667	0.5	5.454200
12.950000	0.5	5.459000
12.958333	0.5	5.464400
12.966667	0.5	5.468050
12.975000	0.5	5.475050
12.983333	0.5	5.479150
12.991667	0.5	5.483500
13.000000	0.5	5.485900
13.008333	0.5	5.489200
13.016667	0.5	5.492600
13.025000	0.5	5.496450
13.033333	0.5	5.500150
13.041667	0.5	5.504500
13.050000	0.5	5.509900
13.058333	0.5	5.516200
13.066667	0.5	5.520450
13.075000	0.5	5.527250
13.083333	0.5	5.531250
13.091667	0.5	5.534450
13.100000	0.5	5.539000
13.108333	0.5	5.541850
13.116667	0.5	5.545300
13.125000	0.5	5.548100
13.133333	0.5	5.553400
13.141667	0.5	5.559350
13.150000	0.5	5.565300
13.158333	0.5	5.569950
13.166667	0.5	5.577400
13.175000	0.5	5.582200
13.183333	0.5	5.587700
13.191667	0.5	5.591500
13.200000	0.5	5.592450
13.208333	0.5	5.596100
13.216667	0.5	5.600350
13.225000	0.5	5.604450
13.233333	0.5	5.608450
13.241667	0.5	5.613500
13.250000	0.5	5.619900
13.258333	0.5	5.623650
13.266667	0.5	5.630050
13.275000	0.5	5.633700
13.283333	0.5	5.638350
13.291667	0.5	5.639900
13.300000	0.5	5.642850
13.308333	0.5	5.645450
13.316667	0.5	5.649550
13.325000	0.5	5.653450
13.333333	0.5	5.656650
13.341667	0.5	5.662300
13.350000	0.5	5.667800
13.358333	0.5	5.674800
13.366667	0.5	5.678750
13.375000	0.5	5.683850
13.383333	0.5	5.685650
13.391667	0.5	5.688300
13.400000	0.5	5.692000
13.408333	0.5	5.695500
13.416667	0.5	5.700500
13.425000	0.5	5.702450
13.433333	0.5	5.709900
13.441667	0.5	5.714450
13.450000	0.5	5.719700
13.458333	0.5	5.725300
13.466667	0.5	5.729150
13.475000	0.5	5.733800
13.483333	0.5	5.734950
13.491667	0.5	5.737800
13.500000	0.5	5.739600
13.508333	0.5	5.744700
13.516667	0.5	5.747950
13.525000	0.5	5.752450
13.533333	0.5	5.758100
13.541667	0.5	5.765300
13.550000	0.5	5.769300
13.558333	0.5	5.774200
13.566667	0.5	5.777600
13.575000	0.5	5.780850
13.583333	0.5	5.782750
13.591667	0.5	5.787100
13.600000	0.5	5.789250
13.608333	0.5	5.793250
13.616667	0.5	5.796600
13.625000	0.5	5.801300
13.633333	0.5	5.807300
13.641667	0.5	5.811700
13.650000	0.5	5.817800
13.658333	0.5	5.822150
13.666667	0.5	5.825550
13.675000	0.5	5.827300
13.683333	0.5	5.829450
13.691667	0.5	5.832550
13.700000	0.5	5.835850
13.708333	0.5	5.839500
13.716667	0.5	5.844600
13.725000	0.5	5.849500
13.733333	0.5	5.853350
13.741667	0.5	5.859400
13.750000	0.5	5.865550
13.758333	0.5	5.868800
13.766667	0.5	5.870200
13.775000	0.5	5.872600
13.783333	0.5	5.874550
13.791667	0.5	5.878150
13.800000	0.5	5.881700
13.808333	0.5	5.886550
13.816667	0.5	5.891750
13.825000	0.5	5.897700
13.833333	0.5	5.901750
13.841667	0.5	5.906750
13.850000	0.5	5.911250
13.858333	0.5	5.913600
13.866667	0.5	5.917350
13.875000	0.5	5.919350
13.883333	0.5	5.922350
13.891667	0.5	5.925500
13.900000	0.5	5.927800
13.908333	0.5	5.933000
13.916667	0.5	5.938450
13.925000	0.5	5.941300
13.933333	0.5	5.948600
13.941667	0.5	5.953000
13.950000	0.5	5.957250
13.958333	0.5	5.959550
13.966667	0.5	5.961700
13.975000	0.5	5.963900
13.983333	0.5	5.966550
13.991667	0.5	5.971400
14.000000	0.5	5.974250
14.008333	0.5	5.978400
14.016667	0.5	5.984800
14.025000	0.5	5.988850
14.033333	0.5	5.994750
14.041667	0.5	5.999050
14.050000	0.5	6.001200
14.058333	0.5	6.004550
14.066667	0.5	6.005000
14.075000	0.5	6.008650
14.083333	0.5	6.012100
14.091667	0.5	6.015500
14.100000	0.5	6.020050
14.108333	0.5	6.025300
14.116667	0.5	6.028500
14.125000	0.5	6.037050
14.133333	0.5	6.040600
14.141667	0.5	6.044250
14.150000	0.5	6.047000
14.158333	0.5	6.049550
14.166667	0.5	6.051800
14.175000	0.5	6.056250
14.183333	0.5	6.059050
14.191667	0.5	6.062950
14.200000	0.5	6.068750
14.208333	0.5	6.072650
14.216667	0.5	6.077000
14.225000	0.5	6.083350
14.233333	0.5	6.089300
14.241667	0.5	6.090350
14.250000	0.5	6.093500
14.258333	0.5	6.094250
14.266667	0.5	6.097300
14.275000	0.5	6.100000
14.283333	0.5	6.104100
14.291667	0.5	6.111900
14.300000	0.5	6.114950
14.308333	0.5	6.117950
14.316667	0.5	6.124800
14.325000	0.5	6.128300
14.333333	0.5	6.131800
14.341667	0.5	6.134600
14.350000	0.5	6.136150
14.358333	0.5	6.138750
14.366667	0.5	6.141250
14.375000	0.5	6.144550
14.383333	0.5	6.148400
14.391667	0.5	6.152550
14.400000	0.5	6.156700
14.408333	0.5	6.160700
14.416667	0.5	6.167100
14.425000	0.5	6.169800
14.433333	0.5	6.172450
14.441667	0.5	6.173600
14.450000	0.5	6.176150
14.458333	0.5	6.179250
14.466667	0.5	6.181800
14.475000	0.5	6.184100
14.483333	0.5	6.187900
14.491667	0.5	6.192450
14.500000	0.5	6.195950
14.508333	0.5	6.202800
14.516667	0.5	6.206100
14.525000	0.5	6.209700
14.533333	0.5	6.211150
14.541667	0.5	6.212900
14.550000	0.5	6.215550
14.558333	0.5	6.218300
14.566667	0.5	6.220550
14.575000	0.5	6.225250
14.583333	0.5	6.230350
14.591667	0.5	6.234350
14.600000	0.5	6.236550
14.608333	0.5	6.242450
14.616667	0.5	6.245600
14.625000	0.5	6.250150
14.633333	0.5	6.250800
14.641667	0.5	6.252250
14.650000	0.5	6.254000
14.658333	0.5	6.257400
14.666667	0.5	6.259950
14.675000	0.5	6.266250
14.683333	0.5	6.269300
14.691667	0.5	6.272950
14.700000	0.5	6.279050
14.708333	0.5	6.283200
14.716667	0.5	6.287800
14.725000	0.5	6.289150
14.733333	0.5	6.288900
14.741667	0.5	6.292900
14.750000	0.5	6.296900
14.758333	0.5	6.299750
14.766667	0.5	6.304350
14.775000	0.5	6.309700
14.783333	0.5	6.313850
14.791667	0.5	6.317300
14.800000	0.5	6.323550
14.808333	0.5	6.325650
14.816667	0.5	6.329450
14.825000	0.5	6.330300
14.833333	0.5	6.332950
14.841667	0.5	6.335650
14.850000	0.5	6.338950
14.858333	0.5	6.342300
14.866667	0.5	6.346750
14.875000	0.5	6.350150
14.883333	0.5	6.352350
14.891667	0.5	6.359750
14.900000	0.5	6.363500
14.908333	0.5	6.368300
14.916667	0.5	6.369300
14.925000	0.5	6.372000
14.933333	0.5	6.374850
14.941667	0.5	6.377650
14.950000	0.5	6.379950
14.958333	0.5	6.382900
14.966667	0.5	6.388100
14.975000	0.5	6.393300
14.983333	0.5	6.396350
14.991667	0.5	6.403150
15.000000	0.5	6.405000
15.008333	0.5	6.407000
15.016667	0.5	6.409500
15.025000	0.5	6.412500
15.033333	0.5	6.414800
15.041667	0.5	6.417400
15.050000	0.5	6.420600
15.058333	0.5	6.425450
15.066667	0.5	6.430700
15.075000	0.5	6.433400
15.083333	0.5	6.439750
15.091667	0.5	6.443200
15.100000	0.5	6.448000
15.108333	0.5	6.449500
15.116667	0.5	6.451000
15.125000	0.5	6.453450
15.133333	0.5	6.456000
15.141667	0.5	6.459100
15.150000	0.5	6.461750
15.158333	0.5	6.465250
15.166667	0.5	6.470000
15.175000	0.5	6.475650
15.183333	0.5	6.480650
15.191667	0.5	6.485250
15.200000	0.5	6.486550
15.208333	0.5	6.489500
15.216667	0.5	6.492050
15.225000	0.5	6.495150
15.233333	0.5	6.499050
15.241667	0.5	6.502950
15.250000	0.5	6.505950
15.258333	0.5	6.512100
15.266667	0.5	6.516000
15.275000	0.5	6.524100
15.283333	0.5	6.528950
15.291667	0.5	6.532750
15.300000	0.5	6.536200
15.308333	0.5	6.539550
15.316667	0.5	6.542950
15.325000	0.5	6.548100
15.333333	0.5	6.552700
15.341667	0.5	6.556900
15.350000	0.5	6.564600
15.358333	0.5	6.571700
15.366667	0.5	6.579900
15.375000	0.5	6.589750
15.383333	0.5	6.600400
15.391667	0.5	6.608800
15.400000	0.5	6.616650
15.408333	0.5	6.625650
15.416667	0.5	6.636900
15.425000	0.5	6.652300
15.433333	0.5	6.665200
15.441667	0.5	6.683100
15.450000	0.5	6.702950
15.458333	0.5	6.722600
15.466667	0.5	6.748800
15.475000	0.5	6.775750
15.483333	0.5	6.805500
15.491667	0.5	6.835950
15.500000	0.5	6.871400
15.508333	0.5	6.912400
15.516667	0.5	6.958600
15.525000	0.5	7.008450
15.533333	0.5	7.066750
15.541667	0.5	7.133400
15.550000	0.5	7.207550
15.558333	0.5	7.289150
15.566667	0.5	7.380700
15.575000	0.5	7.479300
15.583333	0.5	7.588700
15.591667	0.5	7.708400
15.600000	0.5	7.840550
15.608333	0.5	7.985450
15.616667	0.5	8.146750
15.625000	0.5	8.322000
15.633333	0.5	8.510900
15.641667	0.5	8.718350
15.650000	0.5	8.940350
15.658333	0.5	9.184950
15.666667	0.5	9.444250
15.675000	0.5	9.719750
15.683333	0.5	10.012100
15.691667	0.5	10.323100
15.700000	0.5	10.650450
15.708333	0.5	10.998700
15.716667	0.5	11.365050
15.725000	0.5	11.746700
15.733333	0.5	12.147850
15.741667	0.5	12.561800
15.750000	0.5	12.990100
15.758333	0.5	13.432700
15.766667	0.5	13.884500
15.775000	0.5	14.346500
15.783333	0.5	14.815900
15.791667	0.5	15.293300
15.800000	0.5	15.779650
15.808333	0.5	16.270450
15.816667	0.5	16.765200
15.825000	0.5	17.264950
15.833333	0.5	17.766450
15.841667	0.5	18.264550
15.850000	0.5	18.763900
15.858333	0.5	19.257300
15.866667	0.5	19.747400
15.875000	0.5	20.229900
15.883333	0.5	20.705450
15.891667	0.5	21.175150
15.900000	0.5	21.639700
15.908333	0.5	22.097200
15.916667	0.5	22.541650
15.925000	0.5	22.979850
15.933333	0.5	23.407750
15.941667	0.5	23.818300
15.950000	0.5	24.221950
15.958333	0.5	24.608550
15.966667	0.5	24.982200
15.975000	0.5	25.339450
15.983333	0.5	25.682850
15.991667	0.5	26.012850
16.000000	0.5	26.331000
16.008333	0.5	26.629350
16.016667	0.5	26.915850
16.025000	0.5	27.185100
16.033333	0.5	27.435050
16.041667	0.5	27.674400
16.050000	0.5	27.894050
16.058333	0.5	28.099600
16.066667	0.5	28.284700
16.075000	0.5	28.450650
16.083333	0.5	28.601550
16.091667	0.5	28.737500
16.100000	0.5	28.857650
16.108333	0.5	28.959950
16.116667	0.5	29.045750
16.125000	0.5	29.115150
16.133333	0.5	29.167450
16.141667	0.5	29.205800
16.150000	0.5	29.228750
16.158333	0.5	29.234250
16.166667	0.5	29.223650
16.175000	0.5	29.196950
16.183333	0.5	29.154750
16.191667	0.5	29.096050
16.200000	0.5	29.020650
16.208333	0.5	28.933950
16.216667	0.5	28.830000
16.225000	0.5	28.709450
16.233333	0.5	28.579050
16.241667	0.5	28.435950
16.250000	0.5	28.278150
16.258333	0.5	28.105300
16.266667	0.5	27.918700
16.275000	0.5	27.718500
16.283333	0.5	27.501850
16.291667	0.5	27.273400
16.300000	0.5	27.030850
16.308333	0.5	26.776100
16.316667	0.5	26.511300
16.325000	0.5	26.231950
16.333333	0.5	25.946650
16.341667	0.5	25.651400
16.350000	0.5	25.346000
16.358333	0.5	25.028600
16.366667	0.5	24.702500
16.375000	0.5	24.362450
16.383333	0.5	24.012600
16.391667	0.5	23.654600
16.400000	0.5	23.285050
16.408333	0.5	22.911450
16.416667	0.5	22.526550
16.425000	0.5	22.138850
16.433333	0.5	21.750050
16.441667	0.5	21.356450
16.450000	0.5	20.958600
16.458333	0.5	20.556950
16.466667	0.5	20.150250
16.475000	0.5	19.735650
16.483333	0.5	19.319150
16.491667	0.5	18.898750
16.500000	0.5	18.480100
16.508333	0.5	18.060800
16.516667	0.5	17.639400
16.525000	0.5	17.230800
16.533333	0.5	16.828450
16.541667	0.5	16.427350
16.550000	0.5	16.033800
16.558333	0.5	15.646000
16.566667	0.5	15.260650
16.575000	0.5	14.881350
16.583333	0.5	14.508850
16.591667	0.5	14.143600
16.600000	0.5	13.791100
16.608333	0.5	13.447800
16.616667	0.5	13.121100
16.625000	0.5	12.806500
16.633333	0.5	12.505450
16.641667	0.5	12.216150
16.650000	0.5	11.941250
16.658333	0.5	11.674750
16.666667	0.5	11.421550
16.675000	0.5	11.178300
16.683333	0.5	10.946150
16.691667	0.5	10.730400
16.700000	0.5	10.522600
16.708333	0.5	10.328550
16.716667	0.5	10.150600
16.725000	0.5	9.983800
16.733333	0.5	9.828050
16.741667	0.5	9.684600
16.750000	0.5	9.546850
16.758333	0.5	9.419850
16.766667	0.5	9.299700
16.775000	0.5	9.186200
16.783333	0.5	9.083800
16.791667	0.5	8.988900
16.800000	0.5	8.898050
16.808333	0.5	8.817750
16.816667	0.5	8.746200
16.825000	0.5	8.677100
16.833333	0.5	8.614250
16.841667	0.5	8.555650
16.850000	0.5	8.502900
16.858333	0.5	8.452250
16.866667	0.5	8.404100
16.875000	0.5	8.359550
16.883333	0.5	8.321700
16.891667	0.5	8.283950
16.900000	0.5	8.252800
16.908333	0.5	8.223000
16.916667	0.5	8.196550
16.925000	0.5	8.170350
16.933333	0.5	8.147400
16.941667	0.5	8.123650
16.950000	0.5	8.103150
16.958333	0.5	8.085350
16.966667	0.5	8.067100
16.975000	0.5	8.052600
16.983333	0.5	8.039700
16.991667	0.5	8.025550
17.000000	0.5	8.014400
17.008333	0.5	8.003850
17.016667	0.5	7.996050
17.025000	0.5	7.986450
17.033333	0.5	7.976650
17.041667	0.5	7.967150
17.050000	0.5	7.961400
17.058333	0.5	7.955100
17.066667	0.5	7.947300
17.075000	0.5	7.942850
17.083333	0.5	7.938400
17.091667	0.5	7.936300
17.100000	0.5	7.932200
17.108333	0.5	7.930550
17.116667	0.5	7.928150
17.125000	0.5	7.923850
17.133333	0.5	7.922050
17.141667	0.5	7.920050
17.150000	0.5	7.915900
17.158333	0.5	7.914750
17.166667	0.5	7.914450
17.175000	0.5	7.913700
17.183333	0.5	7.911100
17.191667	0.5	7.912350
17.200000	0.5	7.913100
17.208333	0.5	7.914500
17.216667	0.5	7.913650
17.225000	0.5	7.914350
17.233333	0.5	7.912250
17.241667	0.5	7.912200
17.250000	0.5	7.913350
17.258333	0.5	7.913700
17.266667	0.5	7.914900
17.275000	0.5	7.915150
17.283333	0.5	7.917750
17.291667	0.5	7.919700
17.300000	0.5	7.922650
17.308333	0.5	7.923200
17.316667	0.5	7.925000
17.325000	0.5	7.925950
17.333333	0.5	7.928200
17.341667	0.5	7.927800
17.350000	0.5	7.927600
17.358333	0.5	7.931200
17.366667	0.5	7.934750
17.375000	0.5	7.934600
17.383333	0.5	7.940700
17.391667	0.5	7.942450
17.400000	0.5	7.947800
17.408333	0.5	7.947600
17.416667	0.5	7.949200
17.425000	0.5	7.949350
17.433333	0.5	7.950250
17.441667	0.5	7.953750
17.450000	0.5	7.954050
17.458333	0.5	7.959700
17.466667	0.5	7.962350
17.475000	0.5	7.964850
17.483333	0.5	7.969100
17.491667	0.5	7.970000
17.500000	0.5	7.975300
17.508333	0.5	7.976150
17.516667	0.5	7.979550
17.525000	0.5	7.981550
17.533333	0.5	7.982550
17.541667	0.5	7.984550
17.550000	0.5	7.989700
17.558333	0.5	7.992100
17.566667	0.5	7.990900
17.575000	0.5	7.996650
17.583333	0.5	8.002250
17.591667	0.5	8.004750
17.600000	0.5	8.007350
17.608333	0.5	8.009250
17.616667	0.5	8.012350
17.625000	0.5	8.014750
17.633333	0.5	8.017050
17.641667	0.5	8.018100
17.650000	0.5	8.022400
17.658333	0.5	8.026350
17.666667	0.5	8.028050
17.675000	0.5	8.033750
17.683333	0.5	8.037150
17.691667	0.5	8.042000
17.700000	0.5	8.043300
17.708333	0.5	8.045750
17.716667	0.5	8.047100
17.725000	0.5	8.049800
17.733333	0.5	8.052300
17.741667	0.5	8.056000
17.750000	0.5	8.059350
17.758333	0.5	8.060200
17.766667	0.5	8.065750
17.775000	0.5	8.069700
17.783333	0.5	8.073150
17.791667	0.5	8.075950
17.800000	0.5	8.080000
17.808333	0.5	8.081500
17.816667	0.5	8.085000
17.825000	0.5	8.089150
17.833333	0.5	8.088700
17.841667	0.5	8.091900
17.850000	0.5	8.097550
17.858333	0.5	8.099250
17.866667	0.5	8.103800
17.875000	0.5	8.109050
17.883333	0.5	8.111100
17.891667	0.5	8.111250
17.900000	0.5	8.112900
17.908333	0.5	8.117000
17.916667	0.5	8.118550
17.925000	0.5	8.119900
17.933333	0.5	8.121850
17.941667	0.5	8.129150
17.950000	0.5	8.128000
17.958333	0.5	8.133600
17.966667	0.5	8.137700
17.975000	0.5	8.142300
17.983333	0.5	8.143400
17.991667	0.5	8.145850
18.000000	0.5	8.147350
18.008333	0.5	8.150200
18.016667	0.5	8.152550
18.025000	0.5	8.156200
18.033333	0.5	8.158750
18.041667	0.5	8.161900
18.050000	0.5	8.164150
18.058333	0.5	8.169550
18.066667	0.5	8.173450
18.075000	0.5	8.176500
18.083333	0.5	8.177200
18.091667	0.5	8.180750
18.100000	0.5	8.183550
18.108333	0.5	8.185150
18.116667	0.5	8.188600
18.125000	0.5	8.190750
18.133333	0.5	8.192550
18.141667	0.5	8.196150
18.150000	0.5	8.201850
18.158333	0.5	8.203900
18.166667	0.5	8.209250
18.175000	0.5	8.209200
18.183333	0.5	8.212400
18.191667	0.5	8.213000
18.200000	0.5	8.217950
18.208333	0.5	8.216750
18.216667	0.5	8.222150
18.225000	0.5	8.225200
18.233333	0.5	8.227500
18.241667	0.5	8.230750
18.250000	0.5	8.233800
18.258333	0.5	8.236500
18.266667	0.5	8.240550
18.275000	0.5	8.242950
18.283333	0.5	8.247650
18.291667	0.5	8.248750
18.300000	0.5	8.250800
18.308333	0.5	8.252300
18.316667	0.5	8.257400
18.325000	0.5	8.261600
18.333333	0.5	8.263100
18.341667	0.5	8.269300
18.350000	0.5	8.275350
18.358333	0.5	8.280450
18.366667	0.5	8.283350
18.375000	0.5	8.284850
18.383333	0.5	8.290800
18.391667	0.5	8.294600
18.400000	0.5	8.300050
18.408333	0.5	8.305650
18.416667	0.5	8.311550
18.425000	0.5	8.316550
18.433333	0.5	8.324550
18.441667	0.5	8.332650
18.450000	0.5	8.341550
18.458333	0.5	8.347900
18.466667	0.5	8.354100
18.475000	0.5	8.360200
18.483333	0.5	8.366300
18.491667	0.5	8.373750
18.500000	0.5	8.382150
18.508333	0.5	8.388450
18.516667	0.5	8.398550
18.525000	0.5	8.405800
18.533333	0.5	8.417400
18.541667	0.5	8.426500
18.550000	0.5	8.435950
18.558333	0.5	8.443400
18.566667	0.5	8.452400
18.575000	0.5	8.460650
18.583333	0.5	8.469450
18.591667	0.5	8.479750
18.600000	0.5	8.484650
18.608333	0.5	8.496050
18.616667	0.5	8.503650
18.625000	0.5	8.512000
18.633333	0.5	8.520600
18.641667	0.5	8.532000
18.650000	0.5	8.539850
18.658333	0.5	8.549300
18.666667	0.5	8.555500
18.675000	0.5	8.561050
18.683333	0.5	8.567050
18.691667	0.5	8.573250
18.700000	0.5	8.578700
18.708333	0.5	8.587300
18.716667	0.5	8.591950
18.725000	0.5	8.598950
18.733333	0.5	8.606200
18.741667	0.5	8.611200
18.750000	0.5	8.614450
18.758333	0.5	8.618850
18.766667	0.5	8.622300
18.775000	0.5	8.623050
18.783333	0.5	8.625100
18.791667	0.5	8.624450
18.800000	0.5	8.628950
18.808333	0.5	8.629350
18.816667	0.5	8.630200
18.825000	0.5	8.632750
18.833333	0.5	8.634450
18.841667	0.5	8.635150
18.850000	0.5	8.633800
18.858333	0.5	8.633400
18.866667	0.5	8.631200
18.875000	0.5	8.631800
18.883333	0.5	8.628450
18.891667	0.5	8.625900
18.900000	0.5	8.625050
18.908333	0.5	8.618650
18.916667	0.5	8.619600
18.925000	0.5	8.618300
18.933333	0.5	8.618150
18.941667	0.5	8.613050
18.950000	0.5	8.606800
18.958333	0.5	8.603050
18.966667	0.5	8.599200
18.975000	0.5	8.593150
18.983333	0.5	8.587200
18.991667	0.5	8.581900
19.000000	0.5	8.576300
19.008333	0.5	8.572000
19.016667	0.5	8.569300
19.025000	0.5	8.562650
19.033333	0.5	8.558000
19.041667	0.5	8.552350
19.050000	0.5	8.545800
19.058333	0.5	8.539800
19.066667	0.5	8.530850
19.075000	0.5	8.523250
19.083333	0.5	8.516300
19.091667	0.5	8.510000
19.100000	0.5	8.498900
19.108333	0.5	8.495700
19.116667	0.5	8.488400
19.125000	0.5	8.483700
19.133333	0.5	8.474300
19.141667	0.5	8.467350
19.150000	0.5	8.460300
19.158333	0.5	8.451300
19.166667	0.5	8.442850
19.175000	0.5	8.430750
19.183333	0.5	8.425250
19.191667	0.5	8.417750
19.200000	0.5	8.407550
19.208333	0.5	8.402450
19.216667	0.5	8.394250
19.225000	0.5	8.388900
19.233333	0.5	8.380850
19.241667	0.5	8.371700
19.250000	0.5	8.364150
19.258333	0.5	8.355000
19.266667	0.5	8.344700
19.275000	0.5	8.335400
19.283333	0.5	8.330600
19.291667	0.5	8.320450
19.300000	0.5	8.313650
19.308333	0.5	8.306850
19.316667	0.5	8.300900
19.325000	0.5	8.293600
19.333333	0.5	8.282200
19.341667	0.5	8.276800
19.350000	0.5	8.267650
19.358333	0.5	8.261950
19.366667	0.5	8.250350
19.375000	0.5	8.244900
19.383333	0.5	8.237600
19.391667	0.5	8.228750
19.400000	0.5	8.227200
19.408333	0.5	8.220350
19.416667	0.5	8.214050
19.425000	0.5	8.207050
19.433333	0.5	8.202900
19.441667	0.5	8.191950
19.450000	0.5	8.185950
19.458333	0.5	8.178550
19.466667	0.5	8.171550
19.475000	0.5	8.167850
19.483333	0.5	8.159350
19.491667	0.5	8.158450
19.500000	0.5	8.153550
19.508333	0.5	8.148850
19.516667	0.5	8.147500
19.525000	0.5	8.139850
19.533333	0.5	8.134700
19.541667	0.5	8.130000
19.550000	0.5	8.125750
19.558333	0.5	8.121000
19.566667	0.5	8.117350
19.575000	0.5	8.115700
19.583333	0.5	8.109200
19.591667	0.5	8.108050
19.600000	0.5	8.107650
19.608333	0.5	8.104950
19.616667	0.5	8.102950
19.625000	0.5	8.098900
19.633333	0.5	8.095600
19.641667	0.5	8.094500
19.650000	0.5	8.090450
19.658333	0.5	8.086950
19.666667	0.5	8.087200
19.675000	0.5	8.084750
19.683333	0.5	8.086600
19.691667	0.5	8.087650
19.700000	0.5	8.090250
19.708333	0.5	8.086250
19.716667	0.5	8.085700
19.725000	0.5	8.083350
19.733333	0.5	8.083000
19.741667	0.5	8.081950
19.750000	0.5	8.083700
19.758333	0.5	8.083900
19.766667	0.5	8.085150
19.775000	0.5	8.084900
19.783333	0.5	8.089850
19.791667	0.5	8.090100
19.800000	0.5	8.091300
19.808333	0.5	8.092850
19.816667	0.5	8.095600
19.825000	0.5	8.096100
19.833333	0.5	8.098050
19.841667	0.5	8.098250
19.850000	0.5	8.101450
19.858333	0.5	8.104900
19.866667	0.5	8.104500
19.875000	0.5	8.109450
19.883333	0.5	8.113950
19.891667	0.5	8.117800
19.900000	0.5	8.120400
19.908333	0.5	8.120750
19.916667	0.5	8.123850
19.925000	0.5	8.124950
19.933333	0.5	8.129300
19.941667	0.5	8.129900
19.950000	0.5	8.134650
19.958333	0.5	8.137750
19.966667	0.5	8.144550
19.975000	0.5	8.147800
19.983333	0.5	8.153250
19.991667	0.5	8.157700
20.000000	0.5	8.160350
20.008333	0.5	8.162050
20.016667	0.5	8.166200
20.025000	0.5	8.170850
20.033333	0.5	8.174250
20.041667	0.5	8.173850
20.050000	0.5	8.181750
20.058333	0.5	8.184450
20.066667	0.5	8.192100
20.075000	0.5	8.196100
20.083333	0.5	8.202400
20.091667	0.5	8.204150
20.100000	0.5	8.208800
20.108333	0.5	8.214100
20.116667	0.5	8.216300
20.125000	0.5	8.219300
20.133333	0.5	8.222300
20.141667	0.5	8.228050
20.150000	0.5	8.230850
20.158333	0.5	8.237350
20.166667	0.5	8.243750
20.175000	0.5	8.248750
20.183333	0.5	8.254000
20.191667	0.5	8.258150
20.200000	0.5	8.260450
20.208333	0.5	8.264750
20.216667	0.5	8.268150
20.225000	0.5	8.270500
20.233333	0.5	8.276850
20.241667	0.5	8.280900
20.250000	0.5	8.282800
20.258333	0.5	8.292550
20.266667	0.5	8.294850
20.275000	0.5	8.301600
20.283333	0.5	8.303350
20.291667	0.5	8.308200
20.300000	0.5	8.311050
20.308333	0.5	8.316650
20.316667	0.5	8.319600
20.325000	0.5	8.322750
20.333333	0.5	8.325050
20.341667	0.5	8.330050
20.350000	0.5	8.334050
20.358333	0.5	8.338250
20.366667	0.5	8.343400
20.375000	0.5	8.348700
20.383333	0.5	8.351750
20.391667	0.5	8.355850
20.400000	0.5	8.358950
20.408333	0.5	8.362350
20.416667	0.5	8.364650
20.425000	0.5	8.366150
20.433333	0.5	8.372550
20.441667	0.5	8.375200
20.450000	0.5	8.382600
20.458333	0.5	8.387450
20.466667	0.5	8.390450
20.475000	0.5	8.392950
20.483333	0.5	8.395050
20.491667	0.5	8.399000
20.500000	0.5	8.401800
20.508333	0.5	8.405350
20.516667	0.5	8.404950
20.525000	0.5	8.408400
20.533333	0.5	8.413900
20.541667	0.5	8.414650
20.550000	0.5	8.419950
20.558333	0.5	8.424600
20.566667	0.5	8.425750
20.575000	0.5	8.431250
20.583333	0.5	8.431850
20.591667	0.5	8.434950
20.600000	0.5	8.435000
20.608333	0.5	8.436600
20.616667	0.5	8.441850
20.625000	0.5	8.443950
20.633333	0.5	8.445100
20.641667	0.5	8.449400
20.650000	0.5	8.450900
20.658333	0.5	8.455300
20.666667	0.5	8.458550
20.675000	0.5	8.458300
20.683333	0.5	8.459700
20.691667	0.5	8.461850
20.700000	0.5	8.462250
20.708333	0.5	8.464750
20.716667	0.5	8.466550
20.725000	0.5	8.469000
20.733333	0.5	8.469550
20.741667	0.5	8.473900
20.750000	0.5	8.477750
20.758333	0.5	8.480450
20.766667	0.5	8.480850
20.775000	0.5	8.482600
20.783333	0.5	8.484050
20.791667	0.5	8.484200
20.800000	0.5	8.484350
20.808333	0.5	8.486250
20.816667	0.5	8.489800
20.825000	0.5	8.488350
20.833333	0.5	8.491000
20.841667	0.5	8.494200
20.850000	0.5	8.497550
20.858333	0.5	8.500000
20.866667	0.5	8.499900
20.875000	0.5	8.501450
20.883333	0.5	8.501700
20.891667	0.5	8.503400
20.900000	0.5	8.502250
20.908333	0.5	8.506150
20.916667	0.5	8.506900
20.925000	0.5	8.510900
20.933333	0.5	8.512250
20.941667	0.5	8.515000
20.950000	0.5	8.515250
20.958333	0.5	8.515550
20.966667	0.5	8.518400
20.975000	0.5	8.521500
20.983333	0.5	8.521350
20.991667	0.5	8.521900
21.000000	0.5	8.523450
21.008333	0.5	8.527950
21.016667	0.5	8.525650
21.025000	0.5	8.534450
21.033333	0.5	8.534900
21.041667	0.5	8.538350
21.050000	0.5	8.540200
21.058333	0.5	8.540650
21.066667	0.5	8.539350
21.075000	0.5	8.542150
21.083333	0.5	8.544200
21.091667	0.5	8.543550
21.100000	0.5	8.546400
21.108333	0.5	8.549650
21.116667	0.5	8.550250
21.125000	0.5	8.554850
21.133333	0.5	8.558350
21.141667	0.5	8.557100
21.150000	0.5	8.560450
21.158333	0.5	8.561000
21.166667	0.5	8.561300
21.175000	0.5	8.565000
21.183333	0.5	8.565000
21.191667	0.5	8.564800
21.200000	0.5	8.568750
21.208333	0.5	8.570350
21.216667	0.5	8.574150
21.225000	0.5	8.576100
21.233333	0.5	8.579050
21.241667	0.5	8.581750
21.250000	0.5	8.581900
21.258333	0.5	8.583200
21.266667	0.5	8.586050
21.275000	0.5	8.585450
21.283333	0.5	8.586250
21.291667	0.5	8.588850
21.300000	0.5	8.589800
21.308333	0.5	8.592900
21.316667	0.5	8.598300
21.325000	0.5	8.600700
21.333333	0.5	8.603150
21.341667	0.5	8.605750
21.350000	0.5	8.607900
21.358333	0.5	8.608600
21.366667	0.5	8.610350
21.375000	0.5	8.612600
21.383333	0.5	8.613100
21.391667	0.5	8.618650
21.400000	0.5	8.619000
21.408333	0.5	8.623000
21.416667	0.5	8.623000
21.425000	0.5	8.631950
21.433333	0.5	8.630850
21.441667	0.5	8.634300
21.450000	0.5	8.634350
21.458333	0.5	8.638150
21.466667	0.5	8.639600
21.475000	0.5	8.640700
21.483333	0.5	8.643400
21.491667	0.5	8.643900
21.500000	0.5	8.649000
21.508333	0.5	8.654150
21.516667	0.5	8.655800
21.525000	0.5	8.659300
21.533333	0.5	8.663300
21.541667	0.5	8.663550
21.550000	0.5	8.667800
21.558333	0.5	8.666000
21.566667	0.5	8.666400
21.575000	0.5	8.668250
21.583333	0.5	8.669450
21.591667	0.5	8.672850
21.600000	0.5	8.676350
21.608333	0.5	8.679450
21.616667	0.5	8.683250
21.625000	0.5	8.683200
21.633333	0.5	8.685600
21.641667	0.5	8.686700
21.650000	0.5	8.689800
21.658333	0.5	8.689650
21.666667	0.5	8.688200
21.675000	0.5	8.693900
21.683333	0.5	8.694550
21.691667	0.5	8.695350
21.700000	0.5	8.699600
21.708333	0.5	8.702750
21.716667	0.5	8.705250
21.725000	0.5	8.703600
21.733333	0.5	8.705200
21.741667	0.5	8.707600
21.750000	0.5	8.708200
21.758333	0.5	8.708750
21.766667	0.5	8.709100
21.775000	0.5	8.712250
21.783333	0.5	8.709100
21.791667	0.5	8.714200
21.800000	0.5	8.714250
21.808333	0.5	8.718200
21.816667	0.5	8.720500
21.825000	0.5	8.721250
21.833333	0.5	8.720200
21.841667	0.5	8.721400
21.850000	0.5	8.721500
21.858333	0.5	8.720800
21.866667	0.5	8.723200
21.875000	0.5	8.724050
21.883333	0.5	8.723950
21.891667	0.5	8.729150
21.900000	0.5	8.732100
21.908333	0.5	8.731500
21.916667	0.5	8.732750
21.925000	0.5	8.731100
21.933333	0.5	8.733150
21.941667	0.5	8.734350
21.950000	0.5	8.734700
21.958333	0.5	8.734750
21.966667	0.5	8.740600
21.975000	0.5	8.737000
21.983333	0.5	8.742100
21.991667	0.5	8.745300
22.000000	0.5	8.748400
22.008333	0.5	8.749750
22.016667	0.5	8.751850
22.025000	0.5	8.753150
22.033333	0.5	8.756250
22.041667	0.5	8.758800
22.050000	0.5	8.758200
22.058333	0.5	8.763250
22.066667	0.5	8.766100
22.075000	0.5	8.769300
22.083333	0.5	8.775500
22.091667	0.5	8.780100
22.100000	0.5	8.785650
22.108333	0.5	8.790300
22.116667	0.5	8.795900
22.125000	0.5	8.799100
22.133333	0.5	8.804350
22.141667	0.5	8.808300
22.150000	0.5	8.815850
22.158333	0.5	8.821350
22.166667	0.5	8.823700
22.175000	0.5	8.832800
22.183333	0.5	8.838600
22.191667	0.5	8.845100
22.200000	0.5	8.851350
22.208333	0.5	8.856850
22.216667	0.5	8.863150
22.225000	0.5	8.869250
22.233333	0.5	8.872500
22.241667	0.5	8.878600
22.250000	0.5	8.883900
22.258333	0.5	8.889250
22.266667	0.5	8.895200
22.275000	0.5	8.900200
22.283333	0.5	8.906950
22.291667	0.5	8.912100
22.300000	0.5	8.917650
22.308333	0.5	8.922500
22.316667	0.5	8.925250
22.325000	0.5	8.927200
22.333333	0.5	8.929850
22.341667	0.5	8.933000
22.350000	0.5	8.935650
22.358333	0.5	8.936500
22.366667	0.5	8.939600
22.375000	0.5	8.942100
22.383333	0.5	8.943900
22.391667	0.5	8.944450
22.400000	0.5	8.944950
22.408333	0.5	8.944450
22.416667	0.5	8.943600
22.425000	0.5	8.946150
22.433333	0.5	8.942250
22.441667	0.5	8.943750
22.450000	0.5	8.940300
22.458333	0.5	8.941850
22.466667	0.5	8.940150
22.475000	0.5	8.940600
22.483333	0.5	8.940850
22.491667	0.5	8.936900
22.500000	0.5	8.934700
22.508333	0.5	8.929400
22.516667	0.5	8.925550
22.525000	0.5	8.923000
22.533333	0.5	8.920800
22.541667	0.5	8.919500
22.550000	0.5	8.914300
22.558333	0.5	8.913850
22.566667	0.5	8.914550
22.575000	0.5	8.910150
22.583333	0.5	8.907600
22.591667	0.5	8.903000
22.600000	0.5	8.901450
22.608333	0.5	8.899100
22.616667	0.5	8.898100
22.625000	0.5	8.893550
22.633333	0.5	8.890650
22.641667	0.5	8.891800
22.650000	0.5	8.888250
22.658333	0.5	8.889700
22.666667	0.5	8.890700
22.675000	0.5	8.890400
22.683333	0.5	8.885850
22.691667	0.5	8.885200
22.700000	0.5	8.883200
22.708333	0.5	8.884700
22.716667	0.5	8.882450
22.725000	0.5	8.882850
22.733333	0.5	8.879300
22.741667	0.5	8.876600
22.750000	0.5	8.878650
22.758333	0.5	8.881050
22.766667	0.5	8.880300
22.775000	0.5	8.881000
22.783333	0.5	8.883300
22.791667	0.5	8.881550
22.800000	0.5	8.880100
22.808333	0.5	8.882500
22.816667	0.5	8.879150
22.825000	0.5	8.880600
22.833333	0.5	8.880500
22.841667	0.5	8.880100
22.850000	0.5	8.883100
22.858333	0.5	8.885200
22.866667	0.5	8.886800
22.875000	0.5	8.888250
22.883333	0.5	8.889300
22.891667	0.5	8.887500
22.900000	0.5	8.892200
22.908333	0.5	8.892550
22.916667	0.5	8.892300
22.925000	0.5	8.894500
22.933333	0.5	8.893750
22.941667	0.5	8.898950
22.950000	0.5	8.905250
22.958333	0.5	8.905250
22.966667	0.5	8.908600
22.975000	0.5	8.905300
22.983333	0.5	8.910450
22.991667	0.5	8.911650
23.000000	0.5	8.913800
23.008333	0.5	8.915100
23.016667	0.5	8.916300
23.025000	0.5	8.919900
23.033333	0.5	8.920150
23.041667	0.5	8.925050
23.050000	0.5	8.931150
23.058333	0.5	8.933350
23.066667	0.5	8.936200
23.075000	0.5	8.937300
23.083333	0.5	8.938450
23.091667	0.5	8.939250
23.100000	0.5	8.938300
23.108333	0.5	8.945600
23.116667	0.5	8.946750
23.125000	0.5	8.947000
23.133333	0.5	8.953150
23.141667	0.5	8.957400
23.150000	0.5	8.958100
23.158333	0.5	8.960400
23.166667	0.5	8.965550
23.175000	0.5	8.967200
23.183333	0.5	8.967000
23.191667	0.5	8.970600
23.200000	0.5	8.969600
23.208333	0.5	8.978200
23.216667	0.5	8.979750
23.225000	0.5	8.982700
23.233333	0.5	8.989300
23.241667	0.5	8.992200
23.250000	0.5	8.996350
23.258333	0.5	9.001050
23.266667	0.5	9.002550
23.275000	0.5	9.004800
23.283333	0.5	9.006050
23.291667	0.5	9.010050
23.300000	0.5	9.010750
23.308333	0.5	9.014850
23.316667	0.5	9.016450
23.325000	0.5	9.021850
23.333333	0.5	9.027700
23.341667	0.5	9.033950
23.350000	0.5	9.038300
23.358333	0.5	9.037200
23.366667	0.5	9.042800
23.375000	0.5	9.047700
23.383333	0.5	9.052550
23.391667	0.5	9.053350
23.400000	0.5	9.056500
23.408333	0.5	9.062550
23.416667	0.5	9.065100
23.425000	0.5	9.072750
23.433333	0.5	9.078750
23.441667	0.5	9.083700
23.450000	0.5	9.090600
23.458333	0.5	9.095850
23.466667	0.5	9.096500
23.475000	0.5	9.105050
23.483333	0.5	9.108100
23.491667	0.5	9.112850
23.500000	0.5	9.121150
23.508333	0.5	9.122850
23.516667	0.5	9.133550
23.525000	0.5	9.140250
23.533333	0.5	9.147400
23.541667	0.5	9.155050
23.550000	0.5	9.163000
23.558333	0.5	9.170100
23.566667	0.5	9.178050
23.575000	0.5	9.184250
23.583333	0.5	9.190800
23.591667	0.5	9.205500
23.600000	0.5	9.210000
23.608333	0.5	9.225300
23.616667	0.5	9.234950
23.625000	0.5	9.250450
23.633333	0.5	9.267100
23.641667	0.5	9.279200
23.650000	0.5	9.293700
23.658333	0.5	9.313300
23.666667	0.5	9.334000
23.675000	0.5	9.352800
23.683333	0.5	9.379500
23.691667	0.5	9.405550
23.700000	0.5	9.434350
23.708333	0.5	9.472200
23.716667	0.5	9.509300
23.725000	0.5	9.555700
23.733333	0.5	9.608200
23.741667	0.5	9.662650
23.750000	0.5	9.724500
23.758333	0.5	9.798350
23.766667	0.5	9.884700
23.775000	0.5	10.010050
23.783333	0.5	10.333700
23.791667	0.5	13.646150
23.800000	0.5	25.992300
23.808333	0.5	34.137001
23.816667	0.5	38.704051
23.825000	0.5	41.151551
23.833333	0.5	41.993251
23.841667	0.5	41.594901
23.850000	0.5	40.211251
23.858333	0.5	38.028251
23.866667	0.5	35.268951
23.875000	0.5	32.153350
23.883333	0.5	28.908350
23.891667	0.5	25.731900
23.900000	0.5	22.804100
23.908333	0.5	20.259700
23.916667	0.5	18.152950
23.925000	0.5	16.538900
23.933333	0.5	15.353450
23.941667	0.5	14.494900
23.950000	0.5	13.860400
23.958333	0.5	13.373700
23.966667	0.5	12.982950
23.975000	0.5	12.659850
23.983333	0.5	12.385800
23.991667	0.5	12.138800
24.000000	0.5	11.920850
24.008333	0.5	11.720750
24.016667	0.5	11.533050
24.025000	0.5	11.354750
24.033333	0.5	11.188600
24.041667	0.5	11.027400
24.050000	0.5	10.877650
24.058333	0.5	10.732050
24.066667	0.5	10.599850
24.075000	0.5	10.480250
24.083333	0.5	10.366850
24.091667	0.5	10.269000
24.100000	0.5	10.183700
24.108333	0.5	10.107800
24.116667	0.5	10.040450
24.125000	0.5	9.984150
24.133333	0.5	9.933100
24.141667	0.5	9.886100
24.150000	0.5	9.847150
24.158333	0.5	9.805500
24.166667	0.5	9.778700
24.175000	0.5	9.750350
24.183333	0.5	9.730300
24.191667	0.5	9.715100
24.200000	0.5	9.699950
24.208333	0.5	9.688400
24.216667	0.5	9.679050
24.225000	0.5	9.668650
24.233333	0.5	9.661450
24.241667	0.5	9.658400
24.250000	0.5	9.651750
24.258333	0.5	9.647200
24.266667	0.5	9.644700
24.275000	0.5	9.639950
24.283333	0.5	9.639400
24.291667	0.5	9.637450
24.300000	0.5	9.640800
24.308333	0.5	9.633900
24.316667	0.5	9.635050
24.325000	0.5	9.633300
24.333333	0.5	9.631600
24.341667	0.5	9.629400
24.350000	0.5	9.627400
24.358333	0.5	9.629350
24.366667	0.5	9.629500
24.375000	0.5	9.628950
24.383333	0.5	9.633100
24.391667	0.5	9.629950
24.400000	0.5	9.633600
24.408333	0.5	9.633650
24.416667	0.5	9.638200
24.425000	0.5	9.634900
24.433333	0.5	9.638000
24.441667	0.5	9.638600
24.450000	0.5	9.639750
24.458333	0.5	9.642050
24.466667	0.5	9.640250
24.475000	0.5	9.643100
24.483333	0.5	9.646100
24.491667	0.5	9.647000
24.500000	0.5	9.651150
24.508333	0.5	9.650200
24.516667	0.5	9.650550
24.525000	0.5	9.648700
24.533333	0.5	9.651150
24.541667	0.5	9.648700
24.550000	0.5	9.649000
24.558333	0.5	9.648300
24.566667	0.5	9.647450
24.575000	0.5	9.649900
24.583333	0.5	9.648250
24.591667	0.5	9.647600
24.600000	0.5	9.645800
24.608333	0.5	9.641950
24.616667	0.5	9.642200
24.625000	0.5	9.640350
24.633333	0.5	9.638300
24.641667	0.5	9.635950
24.650000	0.5	9.635400
24.658333	0.5	9.632150
24.666667	0.5	9.634600
24.675000	0.5	9.635000
24.683333	0.5	9.634250
24.691667	0.5	9.634500
24.700000	0.5	9.633300
24.708333	0.5	9.632150
24.716667	0.5	9.630100
24.725000	0.5	9.629850
24.733333	0.5	9.629100
24.741667	0.5	9.627050
24.750000	0.5	9.626750
24.758333	0.5	9.626000
24.766667	0.5	9.627800
24.775000	0.5	9.628250
24.783333	0.5	9.624300
24.791667	0.5	9.621150
24.800000	0.5	9.617450
24.808333	0.5	9.615950
24.816667	0.5	9.613400
24.825000	0.5	9.609900
24.833333	0.5	9.607050
24.841667	0.5	9.602700
24.850000	0.5	9.601350
24.858333	0.5	9.600150
24.866667	0.5	9.598700
24.875000	0.5	9.598650
24.883333	0.5	9.594700
24.891667	0.5	9.593650
24.900000	0.5	9.592050
24.908333	0.5	9.586350
24.916667	0.5	9.584550
24.925000	0.5	9.579700
24.933333	0.5	9.577350
24.941667	0.5	9.576800
24.950000	0.5	9.574800
24.958333	0.5	9.572650
24.966667	0.5	9.575100
24.975000	0.5	9.574350
24.983333	0.5	9.572100
24.991667	0.5	9.569750
25.000000	0.5	9.567450
25.008333	0.5	9.560400
25.016667	0.5	9.558250
25.025000	0.5	9.559300
25.033333	0.5	9.558300
25.041667	0.5	9.556300
25.050000	0.5	9.557700
25.058333	0.5	9.558350
25.066667	0.5	9.559300
25.075000	0.5	9.558000
25.083333	0.5	9.555950
25.091667	0.5	9.554650
25.100000	0.5	9.553900
25.108333	0.5	9.554100
25.116667	0.5	9.553900
25.125000	0.5	9.555500
25.133333	0.5	9.557450
25.141667	0.5	9.557650
25.150000	0.5	9.565800
25.158333	0.5	9.575050
25.166667	0.5	9.584900
25.175000	0.5	9.598200
25.183333	0.5	9.620000
25.191667	0.5	9.648200
25.200000	0.5	9.690250
25.208333	0.5	9.743550
25.216667	0.5	9.821050
25.225000	0.5	9.920450
25.233333	0.5	10.046850
25.241667	0.5	10.217700
25.250000	0.5	10.429500
25.258333	0.5	10.698700
25.266667	0.5	11.017700
25.275000	0.5	11.400850
25.283333	0.5	11.847300
25.291667	0.5	12.356200
25.300000	0.5	12.922800
25.308333	0.5	13.532850
25.316667	0.5	14.174100
25.325000	0.5	14.820150
25.333333	0.5	15.465750
25.341667	0.5	16.094300
25.350000	0.5	16.690300
25.358333	0.5	17.252500
25.366667	0.5	17.779150
25.375000	0.5	18.275500
25.383333	0.5	18.745050
25.391667	0.5	19.188950
25.400000	0.5	19.608300
25.408333	0.5	20.003000
25.416667	0.5	20.375650
25.425000	0.5	20.717450
25.433333	0.5	21.037200
25.441667	0.5	21.327850
25.450000	0.5	21.593300
25.458333	0.5	21.831600
25.466667	0.5	22.037150
25.475000	0.5	22.219450
25.483333	0.5	22.380250
25.491667	0.5	22.511700
25.500000	0.5	22.614700
25.508333	0.5	22.689750
25.516667	0.5	22.733250
25.525000	0.5	22.751350
25.533333	0.5	22.736600
25.541667	0.5	22.691150
25.550000	0.5	22.619700
25.558333	0.5	22.520350
25.566667	0.5	22.394250
25.575000	0.5	22.237100
25.583333	0.5	22.050850
25.591667	0.5	21.837000
25.600000	0.5	21.598300
25.608333	0.5	21.335850
25.616667	0.5	21.045050
25.625000	0.5	20.731300
25.633333	0.5	20.398250
25.641667	0.5	20.040250
25.650000	0.5	19.667850
25.658333	0.5	19.273250
25.666667	0.5	18.858000
25.675000	0.5	18.419100
25.683333	0.5	17.960400
25.691667	0.5	17.475450
25.700000	0.5	16.965100
25.708333	0.5	16.440400
25.716667	0.5	15.899450
25.725000	0.5	15.354400
25.733333	0.5	14.809900
25.741667	0.5	14.278900
25.750000	0.5	13.772300
25.758333	0.5	13.294400
25.766667	0.5	12.844650
25.775000	0.5	12.436500
25.783333	0.5	12.073900
25.791667	0.5	11.754650
25.800000	0.5	11.485750
25.808333	0.5	11.255050
25.816667	0.5	11.070450
25.825000	0.5	10.918150
25.833333	0.5	10.796700
25.841667	0.5	10.698650
25.850000	0.5	10.618550
25.858333	0.5	10.556900
25.866667	0.5	10.503650
25.875000	0.5	10.461050
25.883333	0.5	10.426100
25.891667	0.5	10.403450
25.900000	0.5	10.384200
25.908333	0.5	10.365000
25.916667	0.5	10.352550
25.925000	0.5	10.342800
25.933333	0.5	10.332300
25.941667	0.5	10.325800
25.950000	0.5	10.316700
25.958333	0.5	10.306050
25.966667	0.5	10.295700
25.975000	0.5	10.283300
25.983333	0.5	10.271050
25.991667	0.5	10.261100
26.000000	0.5	10.246050
26.008333	0.5	10.233550
26.016667	0.5	10.221550
26.025000	0.5	10.206350
26.033333	0.5	10.189950
26.041667	0.5	10.170150
26.050000	0.5	10.154000
26.058333	0.5	10.135350
26.066667	0.5	10.116200
26.075000	0.5	10.099200
26.083333	0.5	10.081950
26.091667	0.5	10.058550
26.100000	0.5	10.040650
26.108333	0.5	10.022400
26.116667	0.5	10.005250
26.125000	0.5	9.988400
26.133333	0.5	9.969800
26.141667	0.5	9.952900
26.150000	0.5	9.939250
26.158333	0.5	9.920300
26.166667	0.5	9.903450
26.175000	0.5	9.887950
26.183333	0.5	9.871650
26.191667	0.5	9.858550
26.200000	0.5	9.848350
26.208333	0.5	9.832800
26.216667	0.5	9.822750
26.225000	0.5	9.810150
26.233333	0.5	9.796400
26.241667	0.5	9.784200
26.250000	0.5	9.769600
26.258333	0.5	9.755250
26.266667	0.5	9.743750
26.275000	0.5	9.730200
26.283333	0.5	9.712600
26.291667	0.5	9.699450
26.300000	0.5	9.682100
26.308333	0.5	9.668500
26.316667	0.5	9.650850
26.325000	0.5	9.632950
26.333333	0.5	9.613500
26.341667	0.5	9.593150
26.350000	0.5	9.566850
26.358333	0.5	9.545000
26.366667	0.5	9.522100
26.375000	0.5	9.499900
26.383333	0.5	9.471700
26.391667	0.5	9.446650
26.400000	0.5	9.423150
26.408333	0.5	9.396700
26.416667	0.5	9.369000
26.425000	0.5	9.340750
26.433333	0.5	9.313400
26.441667	0.5	9.284200
26.450000	0.5	9.252700
26.458333	0.5	9.229150
26.466667	0.5	9.201500
26.475000	0.5	9.170800
26.483333	0.5	9.144800
26.491667	0.5	9.119750
26.500000	0.5	9.096500
26.508333	0.5	9.073200
26.516667	0.5	9.048100
26.525000	0.5	9.023650
26.533333	0.5	9.002100
26.541667	0.5	8.980350
26.550000	0.5	8.959450
26.558333	0.5	8.940450
26.566667	0.5	8.926000
26.575000	0.5	8.908300
26.583333	0.5	8.896450
26.591667	0.5	8.884650
26.600000	0.5	8.873500
26.608333	0.5	8.858600
26.616667	0.5	8.845650
26.625000	0.5	8.834400
26.633333	0.5	8.824700
26.641667	0.5	8.812150
26.650000	0.5	8.808550
26.658333	0.5	8.797650
26.666667	0.5	8.789400
26.675000	0.5	8.782000
26.683333	0.5	8.777900
26.691667	0.5	8.771900
26.700000	0.5	8.762300
26.708333	0.5	8.759100
26.716667	0.5	8.749750
26.725000	0.5	8.746750
26.733333	0.5	8.740950
26.741667	0.5	8.733350
26.750000	0.5	8.730950
26.758333	0.5	8.724550
26.766667	0.5	8.720700
26.775000	0.5	8.721100
26.783333	0.5	8.718600
26.791667	0.5	8.714950
26.800000	0.5	8.713250
26.808333	0.5	8.705650
26.816667	0.5	8.703800
26.825000	0.5	8.701050
26.833333	0.5	8.697350
26.841667	0.5	8.694350
26.850000	0.5	8.692850
26.858333	0.5	8.689800
26.866667	0.5	8.690850
26.875000	0.5	8.692500
26.883333	0.5	8.693400
26.891667	0.5	8.688050
26.900000	0.5	8.687500
26.908333	0.5	8.683600
26.916667	0.5	8.682700
26.925000	0.5	8.681550
26.933333	0.5	8.680150
26.941667	0.5	8.678450
26.950000	0.5	8.678450
26.958333	0.5	8.676250
26.966667	0.5	8.680000
26.975000	0.5	8.677000
26.983333	0.5	8.677750
26.991667	0.5	8.678750
27.000000	0.5	8.676550
27.008333	0.5	8.674400
27.016667	0.5	8.675900
27.025000	0.5	8.675400
27.033333	0.5	8.670350
27.041667	0.5	8.672650
27.050000	0.5	8.671650
27.058333	0.5	8.675550
27.066667	0.5	8.676500
27.075000	0.5	8.674950
27.083333	0.5	8.673050
27.091667	0.5	8.673450
27.100000	0.5	8.673050
27.108333	0.5	8.674000
27.116667	0.5	8.671400
27.125000	0.5	8.670300
27.133333	0.5	8.671450
27.141667	0.5	8.669500
27.150000	0.5	8.668500
27.158333	0.5	8.671000
27.166667	0.5	8.671650
27.175000	0.5	8.675000
27.183333	0.5	8.670100
27.191667	0.5	8.671450
27.200000	0.5	8.669100
27.208333	0.5	8.667500
27.216667	0.5	8.669950
27.225000	0.5	8.668950
27.233333	0.5	8.670150
27.241667	0.5	8.668850
27.250000	0.5	8.670800
27.258333	0.5	8.669300
27.266667	0.5	8.672550
27.275000	0.5	8.671700
27.283333	0.5	8.669350
27.291667	0.5	8.668700
27.300000	0.5	8.670250
27.308333	0.5	8.665500
27.316667	0.5	8.665700
27.325000	0.5	8.668800
27.333333	0.5	8.667100
27.341667	0.5	8.663950
27.350000	0.5	8.667250
27.358333	0.5	8.667550
27.366667	0.5	8.668050
27.375000	0.5	8.666650
27.383333	0.5	8.666800
27.391667	0.5	8.667700
27.400000	0.5	8.668300
27.408333	0.5	8.666450
27.416667	0.5	8.666250
27.425000	0.5	8.664850
27.433333	0.5	8.665800
27.441667	0.5	8.664450
27.450000	0.5	8.668800
27.458333	0.5	8.670150
27.466667	0.5	8.669100
27.475000	0.5	8.666850
27.483333	0.5	8.667900
27.491667	0.5	8.666400
27.500000	0.5	8.667350
27.508333	0.5	8.666350
27.516667	0.5	8.665750
27.525000	0.5	8.664300
27.533333	0.5	8.662550
27.541667	0.5	8.666200
27.550000	0.5	8.669450
27.558333	0.5	8.667900
27.566667	0.5	8.666500
27.575000	0.5	8.666050
27.583333	0.5	8.667400
27.591667	0.5	8.666150
27.600000	0.5	8.666800
27.608333	0.5	8.662750
27.616667	0.5	8.664800
27.625000	0.5	8.661350
27.633333	0.5	8.668550
27.641667	0.5	8.669000
27.650000	0.5	8.669800
27.658333	0.5	8.667300
27.666667	0.5	8.667900
27.675000	0.5	8.664450
27.683333	0.5	8.664700
27.691667	0.5	8.665200
27.700000	0.5	8.665400
27.708333	0.5	8.665650
27.716667	0.5	8.667700
27.725000	0.5	8.664450
27.733333	0.5	8.669850
27.741667	0.5	8.669600
27.750000	0.5	8.668550
27.758333	0.5	8.666600
27.766667	0.5	8.665700
27.775000	0.5	8.665400
27.783333	0.5	8.665950
27.791667	0.5	8.666200
27.800000	0.5	8.667500
27.808333	0.5	8.665350
27.816667	0.5	8.663500
27.825000	0.5	8.668200
27.833333	0.5	8.667400
27.841667	0.5	8.669400
27.850000	0.5	8.669550
27.858333	0.5	8.666600
27.866667	0.5	8.668250
27.875000	0.5	8.665200
27.883333	0.5	8.666500
27.891667	0.5	8.666200
27.900000	0.5	8.667700
27.908333	0.5	8.672050
27.916667	0.5	8.666800
27.925000	0.5	8.672300
27.933333	0.5	8.672700
27.941667	0.5	8.676500
27.950000	0.5	8.671900
27.958333	0.5	8.672100
27.966667	0.5	8.675250
27.975000	0.5	8.670300
27.983333	0.5	8.671350
27.991667	0.5	8.673400
28.000000	0.5	8.671950
28.008333	0.5	8.672800
28.016667	0.5	8.676450
28.025000	0.5	8.678400
28.033333	0.5	8.678800
28.041667	0.5	8.676650
28.050000	0.5	8.680100
28.058333	0.5	8.677450
28.066667	0.5	8.678250
28.075000	0.5	8.676500
28.083333	0.5	8.676950
28.091667	0.5	8.678000
28.100000	0.5	8.678850
28.108333	0.5	8.679600
28.116667	0.5	8.686050
28.125000	0.5	8.683900
28.133333	0.5	8.684500
28.141667	0.5	8.686050
28.150000	0.5	8.685250
28.158333	0.5	8.685100
28.166667	0.5	8.682700
28.175000	0.5	8.683050
28.183333	0.5	8.681700
28.191667	0.5	8.685250
28.200000	0.5	8.681000
28.208333	0.5	8.684050
28.216667	0.5	8.687750
28.225000	0.5	8.687450
28.233333	0.5	8.687700
28.241667	0.5	8.685500
28.250000	0.5	8.685600
28.258333	0.5	8.686600
28.266667	0.5	8.686300
28.275000	0.5	8.685650
28.283333	0.5	8.690450
28.291667	0.5	8.689200
28.300000	0.5	8.688700
28.308333	0.5	8.692000
28.316667	0.5	8.692750
28.325000	0.5	8.692250
28.333333	0.5	8.696250
28.341667	0.5	8.694450
28.350000	0.5	8.693750
28.358333	0.5	8.695650
28.366667	0.5	8.694800
28.375000	0.5	8.694100
28.383333	0.5	8.702550
28.391667	0.5	8.698750
28.400000	0.5	8.701700
28.408333	0.5	8.701800
28.416667	0.5	8.707550
28.425000	0.5	8.709800
28.433333	0.5	8.706200
28.441667	0.5	8.708350
28.450000	0.5	8.709800
28.458333	0.5	8.708150
28.466667	0.5	8.712600
28.475000	0.5	8.713300
28.483333	0.5	8.718300
28.491667	0.5	8.719600
28.500000	0.5	8.725850
28.508333	0.5	8.726950
28.516667	0.5	8.726900
28.525000	0.5	8.729700
28.533333	0.5	8.731000
28.541667	0.5	8.730950
28.550000	0.5	8.735250
28.558333	0.5	8.736050
28.566667	0.5	8.737950
28.575000	0.5	8.738200
28.583333	0.5	8.740900
28.591667	0.5	8.744100
28.600000	0.5	8.746950
28.608333	0.5	8.748850
28.616667	0.5	8.755450
28.625000	0.5	8.755750
28.633333	0.5	8.754100
28.641667	0.5	8.758050
28.650000	0.5	8.758900
28.658333	0.5	8.761550
28.666667	0.5	8.762750
28.675000	0.5	8.766150
28.683333	0.5	8.768650
28.691667	0.5	8.775300
28.700000	0.5	8.775400
28.708333	0.5	8.777550
28.716667	0.5	8.780450
28.725000	0.5	8.781900
28.733333	0.5	8.785300
28.741667	0.5	8.789600
28.750000	0.5	8.791400
28.758333	0.5	8.794150
28.766667	0.5	8.798400
28.775000	0.5	8.799550
28.783333	0.5	8.804850
28.791667	0.5	8.811750
28.800000	0.5	8.813600
28.808333	0.5	8.817400
28.816667	0.5	8.818450
28.825000	0.5	8.824800
28.833333	0.5	8.828400
28.841667	0.5	8.833850
28.850000	0.5	8.835150
28.858333	0.5	8.841600
28.866667	0.5	8.843950
28.875000	0.5	8.850400
28.883333	0.5	8.857500
28.891667	0.5	8.865750
28.900000	0.5	8.870650
28.908333	0.5	8.874350
28.916667	0.5	8.882350
28.925000	0.5	8.887350
28.933333	0.5	8.892500
28.941667	0.5	8.900000
28.950000	0.5	8.905550
28.958333	0.5	8.911700
28.966667	0.5	8.919550
28.975000	0.5	8.928850
28.983333	0.5	8.939900
28.991667	0.5	8.949850
29.000000	0.5	8.957150
29.008333	0.5	8.963500
29.016667	0.5	8.974700
29.025000	0.5	8.985050
29.033333	0.5	8.994700
29.041667	0.5	9.000750
29.050000	0.5	9.013750
29.058333	0.5	9.026000
29.066667	0.5	9.032600
29.075000	0.5	9.049250
29.083333	0.5	9.064200
29.091667	0.5	9.079100
29.100000	0.5	9.089250
29.108333	0.5	9.101650
29.116667	0.5	9.117250
29.125000	0.5	9.129350
29.133333	0.5	9.143300
29.141667	0.5	9.158150
29.150000	0.5	9.174000
29.158333	0.5	9.187850
29.166667	0.5	9.205000
29.175000	0.5	9.221650
29.183333	0.5	9.239800
29.191667	0.5	9.254650
29.200000	0.5	9.269750
29.208333	0.5	9.285600
29.216667	0.5	9.301100
29.225000	0.5	9.317950
29.233333	0.5	9.332250
29.241667	0.5	9.348400
29.250000	0.5	9.364450
29.258333	0.5	9.378900
29.266667	0.5	9.394450
29.275000	0.5	9.408700
29.283333	0.5	9.425600
29.291667	0.5	9.438950
29.300000	0.5	9.452450
29.308333	0.5	9.464350
29.316667	0.5	9.476800
29.325000	0.5	9.488750
29.333333	0.5	9.498750
29.341667	0.5	9.509600
29.350000	0.5	9.520750
29.358333	0.5	9.533000
29.366667	0.5	9.544600
29.375000	0.5	9.556350
29.383333	0.5	9.564450
29.391667	0.5	9.574150
29.400000	0.5	9.581650
29.408333	0.5	9.590100
29.416667	0.5	9.594650
29.425000	0.5	9.602300
29.433333	0.5	9.607200
29.441667	0.5	9.613750
29.450000	0.5	9.615850
29.458333	0.5	9.621150
29.466667	0.5	9.627150
29.475000	0.5	9.633400
29.483333	0.5	9.634500
29.491667	0.5	9.634400
29.500000	0.5	9.635500
29.508333	0.5	9.635750
29.516667	0.5	9.635750
29.525000	0.5	9.634600
29.533333	0.5	9.631300
29.541667	0.5	9.628450
29.550000	0.5	9.625800
29.558333	0.5	9.623500
29.566667	0.5	9.620200
29.575000	0.5	9.617050
29.583333	0.5	9.607550
29.591667	0.5	9.600050
29.600000	0.5	9.593300
29.608333	0.5	9.585100
29.616667	0.5	9.580050
29.625000	0.5	9.568700
29.633333	0.5	9.560700
29.641667	0.5	9.545700
29.650000	0.5	9.540000
29.658333	0.5	9.524900
29.666667	0.5	9.513850
29.675000	0.5	9.499250
29.683333	0.5	9.486050
29.691667	0.5	9.470300
29.700000	0.5	9.456450
29.708333	0.5	9.438900
29.716667	0.5	9.420750
29.725000	0.5	9.404700
29.733333	0.5	9.383700
29.741667	0.5	9.366850
29.750000	0.5	9.346250
29.758333	0.5	9.328850
29.766667	0.5	9.308950
29.775000	0.5	9.286700
29.783333	0.5	9.263450
29.791667	0.5	9.237200
29.800000	0.5	9.215500
29.808333	0.5	9.194150
29.816667	0.5	9.166600
29.825000	0.5	9.146750
29.833333	0.5	9.118550
29.841667	0.5	9.100150
29.850000	0.5	9.073650
29.858333	0.5	9.048900
29.866667	0.5	9.027400
29.875000	0.5	9.002700
29.883333	0.5	8.979250
29.891667	0.5	8.954050
29.900000	0.5	8.931800
29.908333	0.5	8.906000
29.916667	0.5	8.885050
29.925000	0.5	8.861950
29.933333	0.5	8.842500
29.941667	0.5	8.820700
29.950000	0.5	8.806250
29.958333	0.5	8.786800
29.966667	0.5	8.768250
29.975000	0.5	8.754100
29.983333	0.5	8.736300
29.991667	0.5	8.718450
30.000000	0.5	8.702650
30.008333	0.5	8.687250
30.016667	0.5	8.673200
30.025000	0.5	8.666800
30.033333	0.5	8.655050
30.041667	0.5	8.644600
30.050000	0.5	8.638050
30.058333	0.5	8.629750
30.066667	0.5	8.621050
30.075000	0.5	8.618950
30.083333	0.5	8.610850
30.091667	0.5	8.600850
30.100000	0.5	8.595700
30.108333	0.5	8.593350
30.116667	0.5	8.583800
30.125000	0.5	8.585850
30.133333	0.5	8.581950
30.141667	0.5	8.579650
30.150000	0.5	8.577650
30.158333	0.5	8.576300
30.166667	0.5	8.574100
30.175000	0.5	8.573050
30.183333	0.5	8.571550
30.191667	0.5	8.569900
30.200000	0.5	8.569300
30.208333	0.5	8.570200
30.216667	0.5	8.571800
30.225000	0.5	8.568300
30.233333	0.5	8.566500
30.241667	0.5	8.569450
30.250000	0.5	8.573900
30.258333	0.5	8.575250
30.266667	0.5	8.572950
30.275000	0.5	8.575150
30.283333	0.5	8.574150
30.291667	0.5	8.573900
30.300000	0.5	8.574400
30.308333	0.5	8.578050
30.316667	0.5	8.582150
30.325000	0.5	8.579800
30.333333	0.5	8.583650
30.341667	0.5	8.587100
30.350000	0.5	8.586700
30.358333	0.5	8.588850
30.366667	0.5	8.587750
30.375000	0.5	8.585350
30.383333	0.5	8.586200
30.391667	0.5	8.587400
30.400000	0.5	8.588800
30.408333	0.5	8.588250
30.416667	0.5	8.589100
30.425000	0.5	8.592500
30.433333	0.5	8.590050
30.441667	0.5	8.589550
30.450000	0.5	8.587250
30.458333	0.5	8.588650
30.466667	0.5	8.584150
30.475000	0.5	8.584600
30.483333	0.5	8.577600
30.491667	0.5	8.582000
30.500000	0.5	8.577850
30.508333	0.5	8.578850
30.516667	0.5	8.578250
30.525000	0.5	8.578200
30.533333	0.5	8.575750
30.541667	0.5	8.571150
30.550000	0.5	8.573650
30.558333	0.5	8.569650
30.566667	0.5	8.571100
30.575000	0.5	8.566650
30.583333	0.5	8.569000
30.591667	0.5	8.570800
30.600000	0.5	8.565500
30.608333	0.5	8.568900
30.616667	0.5	8.569750
30.625000	0.5	8.573500
30.633333	0.5	8.574650
30.641667	0.5	8.574300
30.650000	0.5	8.580100
30.658333	0.5	8.580150
30.666667	0.5	8.577400
30.675000	0.5	8.577600
30.683333	0.5	8.580700
30.691667	0.5	8.581750
30.700000	0.5	8.584250
30.708333	0.5	8.585650
30.716667	0.5	8.590200
30.725000	0.5	8.590000
30.733333	0.5	8.590900
30.741667	0.5	8.593500
30.750000	0.5	8.590500
30.758333	0.5	8.594400
30.766667	0.5	8.593800
30.775000	0.5	8.598100
30.783333	0.5	8.599850
30.791667	0.5	8.603850
30.800000	0.5	8.605350
30.808333	0.5	8.608450
30.816667	0.5	8.612900
30.825000	0.5	8.613200
30.833333	0.5	8.611200
30.841667	0.5	8.614000
30.850000	0.5	8.616850
30.858333	0.5	8.618000
30.866667	0.5	8.620900
30.875000	0.5	8.622400
30.883333	0.5	8.625350
30.891667	0.5	8.625650
30.900000	0.5	8.630300
30.908333	0.5	8.633450
30.916667	0.5	8.633650
30.925000	0.5	8.637000
30.933333	0.5	8.637800
30.941667	0.5	8.643250
30.950000	0.5	8.645050
30.958333	0.5	8.649350
30.966667	0.5	8.653700
30.975000	0.5	8.655900
30.983333	0.5	8.662000
30.991667	0.5	8.664550
31.000000	0.5	8.668350
31.008333	0.5	8.674450
31.016667	0.5	8.683050
31.025000	0.5	8.684850
31.033333	0.5	8.692300
31.041667	0.5	8.697650
31.050000	0.5	8.700950
31.058333	0.5	8.708250
31.066667	0.5	8.711400
31.075000	0.5	8.715550
31.083333	0.5	8.726300
31.091667	0.5	8.733850
31.100000	0.5	8.741300
31.108333	0.5	8.745200
31.116667	0.5	8.749100
31.125000	0.5	8.755050
31.133333	0.5	8.762750
31.141667	0.5	8.766350
31.150000	0.5	8.771300
31.158333	0.5	8.774300
31.166667	0.5	8.781150
31.175000	0.5	8.780500
31.183333	0.5	8.784550
31.191667	0.5	8.787200
31.200000	0.5	8.794250
31.208333	0.5	8.793350
31.216667	0.5	8.793300
31.225000	0.5	8.793400
31.233333	0.5	8.792500
31.241667	0.5	8.792300
31.250000	0.5	8.790500
31.258333	0.5	8.790350
31.266667	0.5	8.786000
31.275000	0.5	8.785750
31.283333	0.5	8.787100
31.291667	0.5	8.781450
31.300000	0.5	8.779000
31.308333	0.5	8.775750
31.316667	0.5	8.770350
31.325000	0.5	8.767700
31.333333	0.5	8.762650
31.341667	0.5	8.757650
31.350000	0.5	8.752150
31.358333	0.5	8.754750
31.366667	0.5	8.749850
31.375000	0.5	8.750350
31.383333	0.5	8.744750
31.391667	0.5	8.743950
31.400000	0.5	8.743300
31.408333	0.5	8.737550
31.416667	0.5	8.735900
31.425000	0.5	8.728300
31.433333	0.5	8.732700
31.441667	0.5	8.729150
31.450000	0.5	8.729450
31.458333	0.5	8.727250
31.466667	0.5	8.729500
31.475000	0.5	8.727800
31.483333	0.5	8.729300
31.491667	0.5	8.732050
31.500000	0.5	8.732700
31.508333	0.5	8.731750
31.516667	0.5	8.732900
31.525000	0.5	8.730450
31.533333	0.5	8.733700
31.541667	0.5	8.732650
31.550000	0.5	8.737100
31.558333	0.5	8.741300
31.566667	0.5	8.744850
31.575000	0.5	8.745900
31.583333	0.5	8.747150
31.591667	0.5	8.748600
31.600000	0.5	8.750250
31.608333	0.5	8.753850
31.616667	0.5	8.757650
31.625000	0.5	8.760900
31.633333	0.5	8.761900
31.641667	0.5	8.767600
31.650000	0.5	8.769200
31.658333	0.5	8.774000
31.666667	0.5	8.781700
31.675000	0.5	8.787800
31.683333	0.5	8.786750
31.691667	0.5	8.796800
31.700000	0.5	8.799450
31.708333	0.5	8.800100
31.716667	0.5	8.809700
31.725000	0.5	8.809150
31.733333	0.5	8.812750
31.741667	0.5	8.818900
31.750000	0.5	8.821550
31.758333	0.5	8.830100
31.766667	0.5	8.834800
31.775000	0.5	8.835900
31.783333	0.5	8.843450
31.791667	0.5	8.849900
31.800000	0.5	8.849650
31.808333	0.5	8.853650
31.816667	0.5	8.860400
31.825000	0.5	8.862500
31.833333	0.5	8.868900
31.841667	0.5	8.870500
31.850000	0.5	8.875250
31.858333	0.5	8.880550
31.866667	0.5	8.883200
31.875000	0.5	8.886750
31.883333	0.5	8.892850
31.891667	0.5	8.892100
31.900000	0.5	8.895950
31.908333	0.5	8.895550
31.916667	0.5	8.898900
31.925000	0.5	8.897000
31.933333	0.5	8.897950
31.941667	0.5	8.897600
31.950000	0.5	8.902150
31.958333	0.5	8.904550
31.966667	0.5	8.905800
31.975000	0.5	8.906200
31.983333	0.5	8.903750
31.991667	0.5	8.903000
32.000000	0.5	8.903650
32.008333	0.5	8.903300
32.016667	0.5	8.897400
32.025000	0.5	8.898350
32.033333	0.5	8.898300
32.041667	0.5	8.896800
32.050000	0.5	8.894050
32.058333	0.5	8.895550
32.066667	0.5	8.890050
32.075000	0.5	8.887200
32.083333	0.5	8.885150
32.091667	0.5	8.882900
32.100000	0.5	8.879700
32.108333	0.5	8.874350
32.116667	0.5	8.874650
32.125000	0.5	8.869900
32.133333	0.5	8.871700
32.141667	0.5	8.866250
32.150000	0.5	8.864600
32.158333	0.5	8.863100
32.166667	0.5	8.861350
32.175000	0.5	8.857600
32.183333	0.5	8.855450
32.191667	0.5	8.852550
32.200000	0.5	8.852050
32.208333	0.5	8.848500
32.216667	0.5	8.848600
32.225000	0.5	8.843450
32.233333	0.5	8.846850
32.241667	0.5	8.844600
32.250000	0.5	8.846050
32.258333	0.5	8.841150
32.266667	0.5	8.842100
32.275000	0.5	8.840300
32.283333	0.5	8.842700
32.291667	0.5	8.843200
32.300000	0.5	8.841150
32.308333	0.5	8.847350
32.316667	0.5	8.850500
32.325000	0.5	8.846150
32.333333	0.5	8.855000
32.341667	0.5	8.854700
32.350000	0.5	8.860200
32.358333	0.5	8.863100
32.366667	0.5	8.870000
32.375000	0.5	8.871550
32.383333	0.5	8.877900
32.391667	0.5	8.881600
32.400000	0.5	8.883600
32.408333	0.5	8.894200
32.416667	0.5	8.898650
32.425000	0.5	8.904750
32.433333	0.5	8.911150
32.441667	0.5	8.918850
32.450000	0.5	8.924500
32.458333	0.5	8.931900
32.466667	0.5	8.940500
32.475000	0.5	8.950000
32.483333	0.5	8.956150
32.491667	0.5	8.962450
32.500000	0.5	8.970950
32.508333	0.5	8.978850
32.516667	0.5	8.986650
32.525000	0.5	8.995350
32.533333	0.5	9.008250
32.541667	0.5	9.015850
32.550000	0.5	9.022200
32.558333	0.5	9.028750
32.566667	0.5	9.035600
32.575000	0.5	9.041250
32.583333	0.5	9.049300
32.591667	0.5	9.051650
32.600000	0.5	9.063000
32.608333	0.5	9.067950
32.616667	0.5	9.074500
32.625000	0.5	9.078700
32.633333	0.5	9.088000
32.641667	0.5	9.094200
32.650000	0.5	9.096100
32.658333	0.5	9.100350
32.666667	0.5	9.100300
32.675000	0.5	9.102100
32.683333	0.5	9.106700
32.691667	0.5	9.111950
32.700000	0.5	9.115950
32.708333	0.5	9.114500
32.716667	0.5	9.116100
32.725000	0.5	9.123100
32.733333	0.5	9.124500
32.741667	0.5	9.126650
32.750000	0.5	9.129600
32.758333	0.5	9.131600
32.766667	0.5	9.132600
32.775000	0.5	9.131450
32.783333	0.5	9.135250
32.791667	0.5	9.137150
32.800000	0.5	9.141150
32.808333	0.5	9.146250
32.816667	0.5	9.145550
32.825000	0.5	9.152150
32.833333	0.5	9.155450
32.841667	0.5	9.158850
32.850000	0.5	9.156550
32.858333	0.5	9.164100
32.866667	0.5	9.162800
32.875000	0.5	9.165750
32.883333	0.5	9.160900
32.891667	0.5	9.155000
32.900000	0.5	9.155000
32.908333	0.5	9.164450
32.916667	0.5	9.191350
32.925000	0.5	9.214500
32.933333	0.5	9.232950
32.941667	0.5	9.237550
32.950000	0.5	9.238550
32.958333	0.5	9.235650
32.966667	0.5	9.233500
32.975000	0.5	9.227750
32.983333	0.5	9.226200
32.991667	0.5	9.220700
33.000000	0.5	9.220600
33.008333	0.5	9.220400
33.016667	0.5	9.214850
33.025000	0.5	9.211500
33.033333	0.5	9.211850
33.041667	0.5	9.207200
33.050000	0.5	9.205600
33.058333	0.5	9.205600
33.066667	0.5	9.204500
33.075000	0.5	9.204250
33.083333	0.5	9.206150
33.091667	0.5	9.202650
33.100000	0.5	9.206850
33.108333	0.5	9.209700
33.116667	0.5	9.219350
33.125000	0.5	9.222900
33.133333	0.5	9.231400
33.141667	0.5	9.237600
33.150000	0.5	9.248650
33.158333	0.5	9.257750
33.166667	0.5	9.272850
33.175000	0.5	9.287800
33.183333	0.5	9.304850
33.191667	0.5	9.325400
33.200000	0.5	9.341650
33.208333	0.5	9.364200
33.216667	0.5	9.381700
33.225000	0.5	9.399000
33.233333	0.5	9.415100
33.241667	0.5	9.429250
33.250000	0.5	9.438900
33.258333	0.5	9.450350
33.266667	0.5	9.461100
33.275000	0.5	9.464600
33.283333	0.5	9.462100
33.291667	0.5	9.462950
33.300000	0.5	9.454650
33.308333	0.5	9.442100
33.316667	0.5	9.430600
33.325000	0.5	9.407400
33.333333	0.5	9.389100
33.341667	0.5	9.363150
33.350000	0.5	9.332900
33.358333	0.5	9.310500
33.366667	0.5	9.285950
33.375000	0.5	9.252400
33.383333	0.5	9.228300
33.391667	0.5	9.202800
33.400000	0.5	9.180350
33.408333	0.5	9.156750
33.416667	0.5	9.134300
33.425000	0.5	9.113950
33.433333	0.5	9.097700
33.441667	0.5	9.081300
33.450000	0.5	9.067600
33.458333	0.5	9.055650
33.466667	0.5	9.049500
33.475000	0.5	9.042300
33.483333	0.5	9.036500
33.491667	0.5	9.031950
33.500000	0.5	9.031400
33.508333	0.5	9.028400
33.516667	0.5	9.023300
33.525000	0.5	9.021300
33.533333	0.5	9.025350
33.541667	0.5	9.025100
33.550000	0.5	9.027050
33.558333	0.5	9.026600
33.566667	0.5	9.033400
33.575000	0.5	9.036800
33.583333	0.5	9.039000
33.591667	0.5	9.046100
33.600000	0.5	9.049200
33.608333	0.5	9.055500
33.616667	0.5	9.058500
33.625000	0.5	9.063750
33.633333	0.5	9.071000
33.641667	0.5	9.074100
33.650000	0.5	9.085150
33.658333	0.5	9.088900
33.666667	0.5	9.094800
33.675000	0.5	9.099450
33.683333	0.5	9.110550
33.691667	0.5	9.113500
33.700000	0.5	9.122600
33.708333	0.5	9.129350
33.716667	0.5	9.137050
33.725000	0.5	9.142400
33.733333	0.5	9.153250
33.741667	0.5	9.162200
33.750000	0.5	9.169550
33.758333	0.5	9.178900
33.766667	0.5	9.191800
33.775000	0.5	9.204150
33.783333	0.5	9.217500
33.791667	0.5	9.223350
33.800000	0.5	9.235000
33.808333	0.5	9.246650
33.816667	0.5	9.255200
33.825000	0.5	9.258850
33.833333	0.5	9.265450
33.841667	0.5	9.271650
33.850000	0.5	9.279500
33.858333	0.5	9.280800
33.866667	0.5	9.284100
33.875000	0.5	9.283400
33.883333	0.5	9.283800
33.891667	0.5	9.278950
33.900000	0.5	9.277450
33.908333	0.5	9.272050
33.916667	0.5	9.265400
33.925000	0.5	9.255600
33.933333	0.5	9.247750
33.941667	0.5	9.236450
33.950000	0.5	9.230650
33.958333	0.5	9.220250
33.966667	0.5	9.210350
33.975000	0.5	9.205200
33.983333	0.5	9.199100
33.991667	0.5	9.188250
34.000000	0.5	9.180850
34.008333	0.5	9.171250
34.016667	0.5	9.164650
34.025000	0.5	9.157100
34.033333	0.5	9.152250
34.041667	0.5	9.147300
34.050000	0.5	9.142350
34.058333	0.5	9.138500
34.066667	0.5	9.137200
34.075000	0.5	9.136600
34.083333	0.5	9.134550
34.091667	0.5	9.131850
34.100000	0.5	9.130900
34.108333	0.5	9.131500
34.116667	0.5	9.128250
34.125000	0.5	9.127200
34.133333	0.5	9.132150
34.141667	0.5	9.131000
34.150000	0.5	9.131550
34.158333	0.5	9.137350
34.166667	0.5	9.143300
34.175000	0.5	9.141250
34.183333	0.5	9.140950
34.191667	0.5	9.146350
34.200000	0.5	9.146000
34.208333	0.5	9.148400
34.216667	0.5	9.151200
34.225000	0.5	9.152800
34.233333	0.5	9.155150
34.241667	0.5	9.157200
34.250000	0.5	9.162250
34.258333	0.5	9.166700
34.266667	0.5	9.165550
34.275000	0.5	9.169200
34.283333	0.5	9.172550
34.291667	0.5	9.175900
34.300000	0.5	9.182550
34.308333	0.5	9.184500
34.316667	0.5	9.190150
34.325000	0.5	9.193650
34.333333	0.5	9.199500
34.341667	0.5	9.206400
34.350000	0.5	9.214650
34.358333	0.5	9.222400
34.366667	0.5	9.227100
34.375000	0.5	9.232050
34.383333	0.5	9.240550
34.391667	0.5	9.248650
34.400000	0.5	9.254800
34.408333	0.5	9.258600
34.416667	0.5	9.264850
34.425000	0.5	9.285150
34.433333	0.5	9.282900
34.441667	0.5	9.285650
34.450000	0.5	9.289700
34.458333	0.5	9.294700
34.466667	0.5	9.290050
34.475000	0.5	9.290800
34.483333	0.5	9.291150
34.491667	0.5	9.293300
34.500000	0.5	9.293100
34.508333	0.5	9.288500
34.516667	0.5	9.293750
34.525000	0.5	9.289300
34.533333	0.5	9.291450
34.541667	0.5	9.287950
34.550000	0.5	9.291000
34.558333	0.5	9.293900
34.566667	0.5	9.292250
34.575000	0.5	9.291750
34.583333	0.5	9.295100
34.591667	0.5	9.296250
34.600000	0.5	9.289100
34.608333	0.5	9.290750
34.616667	0.5	9.290950
34.625000	0.5	9.291400
34.633333	0.5	9.295000
34.641667	0.5	9.299700
34.650000	0.5	9.302000
34.658333	0.5	9.302650
34.666667	0.5	9.296500
34.675000	0.5	9.299850
34.683333	0.5	9.299700
34.691667	0.5	9.294050
34.700000	0.5	9.292350
34.708333	0.5	9.297600
34.716667	0.5	9.290450
34.725000	0.5	9.286850
34.733333	0.5	9.289550
34.741667	0.5	9.289300
34.750000	0.5	9.288700
34.758333	0.5	9.283750
34.766667	0.5	9.288250
34.775000	0.5	9.278500
34.783333	0.5	9.281850
34.791667	0.5	9.273150
34.800000	0.5	9.272700
34.808333	0.5	9.271850
34.816667	0.5	9.269650
34.825000	0.5	9.264300
34.833333	0.5	9.263750
34.841667	0.5	9.256700
34.850000	0.5	9.253700
34.858333	0.5	9.251850
34.866667	0.5	9.242650
34.875000	0.5	9.238900
34.883333	0.5	9.226500
34.891667	0.5	9.220100
34.900000	0.5	9.211600
34.908333	0.5	9.199650
34.916667	0.5	9.192550
34.925000	0.5	9.171950
34.933333	0.5	9.157150
34.941667	0.5	9.139500
34.950000	0.5	9.118500
34.958333	0.5	9.102100
34.966667	0.5	9.080350
34.975000	0.5	9.061850
34.983333	0.5	9.039000
34.991667	0.5	9.017000
35.000000	0.5	8.995550
35.008333	0.5	8.976400
35.016667	0.5	8.958250
35.025000	0.5	8.940100
35.033333	0.5	8.927700
35.041667	0.5	8.913250
35.050000	0.5	8.900200
35.058333	0.5	8.887300
35.066667	0.5	8.874850
35.075000	0.5	8.865900
35.083333	0.5	8.855650
35.091667	0.5	8.848400
35.100000	0.5	8.842500
35.108333	0.5	8.835750
35.116667	0.5	8.830750
35.125000	0.5	8.827900
35.133333	0.5	8.822550
35.141667	0.5	8.820900
35.150000	0.5	8.819250
35.158333	0.5	8.820750
35.166667	0.5	8.816000
35.175000	0.5	8.817000
35.183333	0.5	8.810450
35.191667	0.5	8.808050
35.200000	0.5	8.801500
35.208333	0.5	8.802500
35.216667	0.5	8.802750
35.225000	0.5	8.797300
35.233333	0.5	8.794050
35.241667	0.5	8.792200
35.250000	0.5	8.795750
35.258333	0.5	8.789500
35.266667	0.5	8.789350
35.275000	0.5	8.786150
35.283333	0.5	8.782600
35.291667	0.5	8.780600
35.300000	0.5	8.779000
35.308333	0.5	8.784150
35.316667	0.5	8.783200
35.325000	0.5	8.781350
35.333333	0.5	8.776200
35.341667	0.5	8.774550
35.350000	0.5	8.770400
35.358333	0.5	8.772100
35.366667	0.5	8.769050
35.375000	0.5	8.768550
35.383333	0.5	8.767100
35.391667	0.5	8.765250
35.400000	0.5	8.768350
35.408333	0.5	8.764850
35.416667	0.5	8.767400
35.425000	0.5	8.766950
35.433333	0.5	8.762450
35.441667	0.5	8.771750
35.450000	0.5	8.763500
35.458333	0.5	8.759100
35.466667	0.5	8.775750
35.475000	0.5	8.767850
35.483333	0.5	8.766650
35.491667	0.5	8.765450
35.500000	0.5	8.774350
35.508333	0.5	8.780750
35.516667	0.5	8.784450
35.525000	0.5	8.789600
35.533333	0.5	8.796400
35.541667	0.5	8.810500
35.550000	0.5	8.812950
35.558333	0.5	8.821850
35.566667	0.5	8.828700
35.575000	0.5	8.840150
35.583333	0.5	8.847000
35.591667	0.5	8.860700
35.600000	0.5	8.870750
35.608333	0.5	8.885250
35.616667	0.5	8.889900
35.625000	0.5	8.899900
35.633333	0.5	8.903600
35.641667	0.5	8.914650
35.650000	0.5	8.911000
35.658333	0.5	8.912550
35.666667	0.5	8.914300
35.675000	0.5	8.914600
35.683333	0.5	8.910800
35.691667	0.5	8.906650
35.700000	0.5	8.905150
35.708333	0.5	8.897750
35.716667	0.5	8.887100
35.725000	0.5	8.879800
35.733333	0.5	8.869350
35.741667	0.5	8.860250
35.750000	0.5	8.844900
35.758333	0.5	8.836750
35.766667	0.5	8.827850
35.775000	0.5	8.813850
35.783333	0.5	8.811250
35.791667	0.5	8.800050
35.800000	0.5	8.793600
35.808333	0.5	8.787550
35.816667	0.5	8.777900
35.825000	0.5	8.774200
35.833333	0.5	8.767000
35.841667	0.5	8.756850
35.850000	0.5	8.757500
35.858333	0.5	8.751500
35.866667	0.5	8.743200
35.875000	0.5	8.742250
35.883333	0.5	8.738850
35.891667	0.5	8.736200
35.900000	0.5	8.734900
35.908333	0.5	8.735000
35.916667	0.5	8.729050
35.925000	0.5	8.726950
35.933333	0.5	8.723750
35.941667	0.5	8.724900
35.950000	0.5	8.718850
35.958333	0.5	8.721650
35.966667	0.5	8.717700
35.975000	0.5	8.717800
35.983333	0.5	8.717300
35.991667	0.5	8.716750
36.000000	0.5	8.718450
36.008333	0.5	8.714850
36.016667	0.5	8.721200
36.025000	0.5	8.717350
36.033333	0.5	8.721500
36.041667	0.5	8.720650
36.050000	0.5	8.720800
36.058333	0.5	8.720350
36.066667	0.5	8.722700
36.075000	0.5	8.726400
36.083333	0.5	8.726750
36.091667	0.5	8.728550
36.100000	0.5	8.729400
36.108333	0.5	8.725600
36.116667	0.5	8.728850
36.125000	0.5	8.726900
36.133333	0.5	8.724300
36.141667	0.5	8.718500
36.150000	0.5	8.723100
36.158333	0.5	8.718900
36.166667	0.5	8.718800
36.175000	0.5	8.712400
36.183333	0.5	8.707750
36.191667	0.5	8.706900
36.200000	0.5	8.698700
36.208333	0.5	8.698850
36.216667	0.5	8.693850
36.225000	0.5	8.686350
36.233333	0.5	8.680250
36.241667	0.5	8.677950
36.250000	0.5	8.673100
36.258333	0.5	8.669500
36.266667	0.5	8.670800
36.275000	0.5	8.666050
36.283333	0.5	8.667650
36.291667	0.5	8.661000
36.300000	0.5	8.656900
36.308333	0.5	8.650350
36.316667	0.5	8.649700
36.325000	0.5	8.646400
36.333333	0.5	8.638900
36.341667	0.5	8.641300
36.350000	0.5	8.634450
36.358333	0.5	8.633700
36.366667	0.5	8.637650
36.375000	0.5	8.633350
36.383333	0.5	8.629900
36.391667	0.5	8.631300
36.400000	0.5	8.628000
36.408333	0.5	8.624950
36.416667	0.5	8.626900
36.425000	0.5	8.623550
36.433333	0.5	8.622550
36.441667	0.5	8.619300
36.450000	0.5	8.622800
36.458333	0.5	8.627450
36.466667	0.5	8.623100
36.475000	0.5	8.622300
36.483333	0.5	8.622700
36.491667	0.5	8.621400
36.500000	0.5	8.620400
36.508333	0.5	8.620400
36.516667	0.5	8.620200
36.525000	0.5	8.620400
36.533333	0.5	8.621250
36.541667	0.5	8.612650
36.550000	0.5	8.620650
36.558333	0.5	8.618100
36.566667	0.5	8.618800
36.575000	0.5	8.618050
36.583333	0.5	8.618800
36.591667	0.5	8.613650
36.600000	0.5	8.611600
36.608333	0.5	8.611250
36.616667	0.5	8.611400
36.625000	0.5	8.611350
36.633333	0.5	8.611050
36.641667	0.5	8.609700
36.650000	0.5	8.607800
36.658333	0.5	8.612800
36.666667	0.5	8.611500
36.675000	0.5	8.611950
36.683333	0.5	8.605100
36.691667	0.5	8.606950
36.700000	0.5	8.606100
36.708333	0.5	8.609350
36.716667	0.5	8.609650
36.725000	0.5	8.610400
36.733333	0.5	8.613900
36.741667	0.5	8.618900
36.750000	0.5	8.621700
36.758333	0.5	8.642350
36.766667	0.5	8.626250
36.775000	0.5	8.627250
36.783333	0.5	8.629400
36.791667	0.5	8.635500
36.800000	0.5	8.637250
36.808333	0.5	8.642350
36.816667	0.5	8.648600
36.825000	0.5	8.653700
36.833333	0.5	8.658300
36.841667	0.5	8.664350
36.850000	0.5	8.662750
36.858333	0.5	8.670250
36.866667	0.5	8.670750
36.875000	0.5	8.674450
36.883333	0.5	8.676600
36.891667	0.5	8.677900
36.900000	0.5	8.675100
36.908333	0.5	8.674550
36.916667	0.5	8.672900
36.925000	0.5	8.669850
36.933333	0.5	8.669600
36.941667	0.5	8.664250
36.950000	0.5	8.659200
36.958333	0.5	8.652650
36.966667	0.5	8.649650
36.975000	0.5	8.638650
36.983333	0.5	8.636500
36.991667	0.5	8.622950
37.000000	0.5	8.617850
37.008333	0.5	8.609400
37.016667	0.5	8.600700
37.025000	0.5	8.595850
37.033333	0.5	8.594600
37.041667	0.5	8.589900
37.050000	0.5	8.583200
37.058333	0.5	8.575400
37.066667	0.5	8.570250
37.075000	0.5	8.569250
37.083333	0.5	8.561200
37.091667	0.5	8.558500
37.100000	0.5	8.558450
37.108333	0.5	8.555250
37.116667	0.5	8.549650
37.125000	0.5	8.551350
37.133333	0.5	8.548900
37.141667	0.5	8.548500
37.150000	0.5	8.548850
37.158333	0.5	8.546600
37.166667	0.5	8.545300
37.175000	0.5	8.542200
37.183333	0.5	8.541050
37.191667	0.5	8.539700
37.200000	0.5	8.540850
37.208333	0.5	8.538650
37.216667	0.5	8.537750
37.225000	0.5	8.542550
37.233333	0.5	8.541450
37.241667	0.5	8.541450
37.250000	0.5	8.537300
37.258333	0.5	8.535800
37.266667	0.5	8.536650
37.275000	0.5	8.533850
37.283333	0.5	8.528950
37.291667	0.5	8.531500
37.300000	0.5	8.529350
37.308333	0.5	8.527500
37.316667	0.5	8.530250
37.325000	0.5	8.530900
37.333333	0.5	8.525600
37.341667	0.5	8.524400
37.350000	0.5	8.519350
37.358333	0.5	8.513000
37.366667	0.5	8.513150
37.375000	0.5	8.509050
37.383333	0.5	8.510200
37.391667	0.5	8.502650
37.400000	0.5	8.498900
37.408333	0.5	8.500800
37.416667	0.5	8.498100
37.425000	0.5	8.497400
37.433333	0.5	8.493100
37.441667	0.5	8.488550
37.450000	0.5	8.483900
37.458333	0.5	8.482950
37.466667	0.5	8.479850
37.475000	0.5	8.476450
37.483333	0.5	8.473150
37.491667	0.5	8.471850
37.500000	0.5	8.466250
37.508333	0.5	8.465100
37.516667	0.5	8.466050
37.525000	0.5	8.462600
37.533333	0.5	8.460950
37.541667	0.5	8.457000
37.550000	0.5	8.457550
37.558333	0.5	8.455650
37.566667	0.5	8.457450
37.575000	0.5	8.456200
37.583333	0.5	8.452850
37.591667	0.5	8.452750
37.600000	0.5	8.450150
37.608333	0.5	8.445850
37.616667	0.5	8.447550
37.625000	0.5	8.446500
37.633333	0.5	8.445050
37.641667	0.5	8.446850
37.650000	0.5	8.441400
37.658333	0.5	8.441800
37.666667	0.5	8.439900
37.675000	0.5	8.432600
37.683333	0.5	8.434250
37.691667	0.5	8.432550
37.700000	0.5	8.437300
37.708333	0.5	8.432100
37.716667	0.5	8.435550
37.725000	0.5	8.428200
37.733333	0.5	8.425450
37.741667	0.5	8.427200
37.750000	0.5	8.423150
37.758333	0.5	8.421700
37.766667	0.5	8.419850
37.775000	0.5	8.417850
37.783333	0.5	8.417450
37.791667	0.5	8.417200
37.800000	0.5	8.416150
37.808333	0.5	8.417550
37.816667	0.5	8.416000
37.825000	0.5	8.410100
37.833333	0.5	8.412050
37.841667	0.5	8.409200
37.850000	0.5	8.404600
37.858333	0.5	8.404600
37.866667	0.5	8.403550
37.875000	0.5	8.400300
37.883333	0.5	8.401750
37.891667	0.5	8.402100
37.900000	0.5	8.400200
37.908333	0.5	8.399400
37.916667	0.5	8.396350
37.925000	0.5	8.395900
37.933333	0.5	8.395450
37.941667	0.5	8.392050
37.950000	0.5	8.389950
37.958333	0.5	8.391150
37.966667	0.5	8.387150
37.975000	0.5	8.385800
37.983333	0.5	8.387800
37.991667	0.5	8.386150
38.000000	0.5	8.389100
38.008333	0.5	8.389950
38.016667	0.5	8.386200
38.025000	0.5	8.381500
38.033333	0.5	8.384700
38.041667	0.5	8.382850
38.050000	0.5	8.378500
38.058333	0.5	8.378450
38.066667	0.5	8.377850
38.075000	0.5	8.376500
38.083333	0.5	8.377250
38.091667	0.5	8.373750
38.100000	0.5	8.374450
38.108333	0.5	8.376100
38.116667	0.5	8.373750
38.125000	0.5	8.380400
38.133333	0.5	8.370200
38.141667	0.5	8.369400
38.150000	0.5	8.369900
38.158333	0.5	8.373900
38.166667	0.5	8.365950
38.175000	0.5	8.367800
38.183333	0.5	8.366350
38.191667	0.5	8.368950
38.200000	0.5	8.368900
38.208333	0.5	8.370700
38.216667	0.5	8.367650
38.225000	0.5	8.362900
38.233333	0.5	8.365300
38.241667	0.5	8.360800
38.250000	0.5	8.358750
38.258333	0.5	8.358250
38.266667	0.5	8.356850
38.275000	0.5	8.359300
38.283333	0.5	8.356250
38.291667	0.5	8.357200
38.300000	0.5	8.351700
38.308333	0.5	8.351450
38.316667	0.5	8.349200
38.325000	0.5	8.350900
38.333333	0.5	8.345600
38.341667	0.5	8.344150
38.350000	0.5	8.345300
38.358333	0.5	8.346300
38.366667	0.5	8.344950
38.375000	0.5	8.340750
38.383333	0.5	8.347400
38.391667	0.5	8.344200
38.400000	0.5	8.339300
38.408333	0.5	8.343350
38.416667	0.5	8.338600
38.425000	0.5	8.337750
38.433333	0.5	8.332500
38.441667	0.5	8.332050
38.450000	0.5	8.334050
38.458333	0.5	8.334250
38.466667	0.5	8.336550
38.475000	0.5	8.325900
38.483333	0.5	8.326950
38.491667	0.5	8.330450
38.500000	0.5	8.327700
38.508333	0.5	8.326550
38.516667	0.5	8.328500
38.525000	0.5	8.322100
38.533333	0.5	8.323600
38.541667	0.5	8.325450
38.550000	0.5	8.324100
38.558333	0.5	8.321100
38.566667	0.5	8.320000
38.575000	0.5	8.322500
38.583333	0.5	8.322550
38.591667	0.5	8.322750
38.600000	0.5	8.319750
38.608333	0.5	8.319100
38.616667	0.5	8.317100
38.625000	0.5	8.315350
38.633333	0.5	8.309600
38.641667	0.5	8.311000
38.650000	0.5	8.311150
38.658333	0.5	8.315450
38.666667	0.5	8.312450
38.675000	0.5	8.312200
38.683333	0.5	8.306950
38.691667	0.5	8.310000
38.700000	0.5	8.309950
38.708333	0.5	8.309400
38.716667	0.5	8.302350
38.725000	0.5	8.303950
38.733333	0.5	8.304000
38.741667	0.5	8.298100
38.750000	0.5	8.302550
38.758333	0.5	8.300600
38.766667	0.5	8.297400
38.775000	0.5	8.297050
38.783333	0.5	8.300900
38.791667	0.5	8.294150
38.800000	0.5	8.295750
38.808333	0.5	8.294600
38.816667	0.5	8.295450
38.825000	0.5	8.292400
38.833333	0.5	8.292400
38.841667	0.5	8.291350
38.850000	0.5	8.292750
38.858333	0.5	8.294150
38.866667	0.5	8.294450
38.875000	0.5	8.294250
38.883333	0.5	8.293300
38.891667	0.5	8.288800
38.900000	0.5	8.287000
38.908333	0.5	8.288250
38.916667	0.5	8.286300
38.925000	0.5	8.285100
38.933333	0.5	8.285250
38.941667	0.5	8.285450
38.950000	0.5	8.288350
38.958333	0.5	8.285700
38.966667	0.5	8.289300
38.975000	0.5	8.287200
38.983333	0.5	8.283700
38.991667	0.5	8.286150
39.000000	0.5	8.278000
39.008333	0.5	8.277300
39.016667	0.5	8.276550
39.025000	0.5	8.277750
39.033333	0.5	8.274100
39.041667	0.5	8.279050
39.050000	0.5	8.279850
39.058333	0.5	8.281600
39.066667	0.5	8.281150
39.075000	0.5	8.277250
39.083333	0.5	8.276600
39.091667	0.5	8.278150
39.100000	0.5	8.276900
39.108333	0.5	8.268250
39.116667	0.5	8.275100
39.125000	0.5	8.268550
39.133333	0.5	8.268500
39.141667	0.5	8.268250
39.150000	0.5	8.268500
39.158333	0.5	8.265400
39.166667	0.5	8.264000
39.175000	0.5	8.261750
39.183333	0.5	8.258750
39.191667	0.5	8.260250
39.200000	0.5	8.258650
39.208333	0.5	8.252950
39.216667	0.5	8.252800
39.225000	0.5	8.251250
39.233333	0.5	8.252550
39.241667	0.5	8.251500
39.250000	0.5	8.252200
39.258333	0.5	8.251800
39.266667	0.5	8.246200
39.275000	0.5	8.249850
39.283333	0.5	8.245350
39.291667	0.5	8.248900
39.300000	0.5	8.247850
39.308333	0.5	8.245700
39.316667	0.5	8.248850
39.325000	0.5	8.246850
39.333333	0.5	8.243750
39.341667	0.5	8.242750
39.350000	0.5	8.242950
39.358333	0.5	8.244100
39.366667	0.5	8.240350
39.375000	0.5	8.240550
39.383333	0.5	8.240050
39.391667	0.5	8.236500
39.400000	0.5	8.237900
39.408333	0.5	8.235650
39.416667	0.5	8.235550
39.425000	0.5	8.235950
39.433333	0.5	8.229200
39.441667	0.5	8.234000
39.450000	0.5	8.227000
39.458333	0.5	8.233700
39.466667	0.5	8.227000
39.475000	0.5	8.222600
39.483333	0.5	8.220050
39.491667	0.5	8.216750
39.500000	0.5	8.219900
39.508333	0.5	8.217650
39.516667	0.5	8.214250
39.525000	0.5	8.216000
39.533333	0.5	8.216550
39.541667	0.5	8.215700
39.550000	0.5	8.210750
39.558333	0.5	8.207600
39.566667	0.5	8.208800
39.575000	0.5	8.202650
39.583333	0.5	8.201650
39.591667	0.5	8.203850
39.600000	0.5	8.195450
39.608333	0.5	8.197450
39.616667	0.5	8.197050
39.625000	0.5	8.198350
39.633333	0.5	8.196600
39.641667	0.5	8.192950
39.650000	0.5	8.189700
39.658333	0.5	8.192950
39.666667	0.5	8.197300
39.675000	0.5	8.186400
39.683333	0.5	8.184300
39.691667	0.5	8.182700
39.700000	0.5	8.176700
39.708333	0.5	8.178750
39.716667	0.5	8.179100
39.725000	0.5	8.178900
39.733333	0.5	8.174600
39.741667	0.5	8.170450
39.750000	0.5	8.171050
39.758333	0.5	8.178000
39.766667	0.5	8.177750
39.775000	0.5	8.171400
39.783333	0.5	8.172600
39.791667	0.5	8.167400
39.800000	0.5	8.158850
39.808333	0.5	8.163450
39.816667	0.5	8.160800
39.825000	0.5	8.161600
39.833333	0.5	8.153600
39.841667	0.5	8.155600
39.850000	0.5	8.150500
39.858333	0.5	8.153300
39.866667	0.5	8.155100
39.875000	0.5	8.148150
39.883333	0.5	8.145400
39.891667	0.5	8.150900
39.900000	0.5	8.139750
39.908333	0.5	8.141400
39.916667	0.5	8.142250
39.925000	0.5	8.142550
39.933333	0.5	8.140700
39.941667	0.5	8.140650
39.950000	0.5	8.144150
39.958333	0.5	8.142700
39.966667	0.5	8.141650
39.975000	0.5	8.141700
39.983333	0.5	8.146600
39.991667	0.5	8.138750
40.000000	0.5	8.149150
40.008333	0.5	8.152200
40.016667	0.5	8.150900
40.025000	0.5	8.153100
40.033333	0.5	8.147200
40.041667	0.5	8.154600
40.050000	0.5	8.147300
40.058333	0.5	8.142000
40.066667	0.5	8.140300
40.075000	0.5	8.140650
40.083333	0.5	8.136700
40.091667	0.5	8.136600
40.100000	0.5	8.135150
40.108333	0.5	8.143650
40.116667	0.5	8.146950
40.125000	0.5	8.136600
40.133333	0.5	8.141350
40.141667	0.5	8.145050
40.150000	0.5	8.143500
40.158333	0.5	8.149100
40.166667	0.5	8.147750
40.175000	0.5	8.153800
40.183333	0.5	8.156650
40.191667	0.5	8.164450
40.200000	0.5	8.173000
40.208333	0.5	8.183000
40.216667	0.5	8.188200
40.225000	0.5	8.200300
40.233333	0.5	8.211300
40.241667	0.5	8.214150
40.250000	0.5	8.222550
40.258333	0.5	8.228800
40.266667	0.5	8.244750
40.275000	0.5	8.244650
40.283333	0.5	8.253250
40.291667	0.5	8.254350
40.300000	0.5	8.257350
40.308333	0.5	8.257100
40.316667	0.5	8.255650
40.325000	0.5	8.249450
40.333333	0.5	8.245250
40.341667	0.5	8.237900
40.350000	0.5	8.228800
40.358333	0.5	8.211800
40.366667	0.5	8.211300
40.375000	0.5	8.193100
40.383333	0.5	8.180000
40.391667	0.5	8.178450
40.400000	0.5	8.172750
40.408333	0.5	8.159650
40.416667	0.5	8.153650
40.425000	0.5	8.148300
40.433333	0.5	8.135250
40.441667	0.5	8.125500
40.450000	0.5	8.116450
40.458333	0.5	8.110400
40.466667	0.5	8.097600
40.475000	0.5	8.091500
40.483333	0.5	8.090650
40.491667	0.5	8.083100
40.500000	0.5	8.075600
40.508333	0.5	8.069950
40.516667	0.5	8.069450
40.525000	0.5	8.063950
40.533333	0.5	8.059650
40.541667	0.5	8.054100
40.550000	0.5	8.052350
40.558333	0.5	8.044250
40.566667	0.5	8.042950
40.575000	0.5	8.043350
40.583333	0.5	8.039200
40.591667	0.5	8.036300
40.600000	0.5	8.036050
40.608333	0.5	8.031150
40.616667	0.5	8.027550
40.625000	0.5	8.021750
40.633333	0.5	8.021050
40.641667	0.5	8.018400
40.650000	0.5	8.014550
40.658333	0.5	8.013100
40.666667	0.5	8.012450
40.675000	0.5	8.011100
40.683333	0.5	8.008300
40.691667	0.5	8.011050
40.700000	0.5	8.004900
40.708333	0.5	8.006000
40.716667	0.5	7.998850
40.725000	0.5	7.997150
40.733333	0.5	7.992950
40.741667	0.5	7.990950
40.750000	0.5	7.989300
40.758333	0.5	7.988100
40.766667	0.5	7.985750
40.775000	0.5	7.982950
40.783333	0.5	7.984050
40.791667	0.5	7.981600
40.800000	0.5	7.984100
40.808333	0.5	7.980950
40.816667	0.5	7.976500
40.825000	0.5	7.978350
40.833333	0.5	7.978250
40.841667	0.5	7.972650
40.850000	0.5	7.973450
40.858333	0.5	7.971950
40.866667	0.5	7.968850
40.875000	0.5	7.973350
40.883333	0.5	7.970700
40.891667	0.5	7.975900
40.900000	0.5	7.968500
40.908333	0.5	7.967650
40.916667	0.5	7.963750
40.925000	0.5	7.964150
40.933333	0.5	7.964100
40.941667	0.5	7.962950
40.950000	0.5	7.966650
40.958333	0.5	7.961900
40.966667	0.5	7.961050
40.975000	0.5	7.962900
40.983333	0.5	7.961200
40.991667	0.5	7.958900
41.000000	0.5	7.958450
41.008333	0.5	7.960550
41.016667	0.5	7.958300
41.025000	0.5	7.959200
41.033333	0.5	7.956550
41.041667	0.5	7.949350
41.050000	0.5	7.955400
41.058333	0.5	7.956450
41.066667	0.5	7.955750
41.075000	0.5	7.951150
41.083333	0.5	7.951550
41.091667	0.5	7.949750
41.100000	0.5	7.945800
41.108333	0.5	7.945600
41.116667	0.5	7.941800
41.125000	0.5	7.934300
41.133333	0.5	7.935450
41.141667	0.5	7.928100
41.150000	0.5	7.925900
41.158333	0.5	7.927000
41.166667	0.5	7.926600
41.175000	0.5	7.925350
41.183333	0.5	7.930300
41.191667	0.5	7.918600
41.200000	0.5	7.917450
41.208333	0.5	7.912200
41.216667	0.5	7.914050
41.225000	0.5	7.909600
41.233333	0.5	7.907850
41.241667	0.5	7.899800
41.250000	0.5	7.902800
41.258333	0.5	7.902650
41.266667	0.5	7.903500
41.275000	0.5	7.900900
41.283333	0.5	7.898850
41.291667	0.5	7.897000
41.300000	0.5	7.897600
41.308333	0.5	7.895050
41.316667	0.5	7.896700
41.325000	0.5	7.903050
41.333333	0.5	7.901650
41.341667	0.5	7.903800
41.350000	0.5	7.909350
41.358333	0.5	7.908100
41.366667	0.5	7.904350
41.375000	0.5	7.909350
41.383333	0.5	7.910700
41.391667	0.5	7.916500
41.400000	0.5	7.910250
41.408333	0.5	7.914100
41.416667	0.5	7.918400
41.425000	0.5	7.919650
41.433333	0.5	7.920900
41.441667	0.5	7.918150
41.450000	0.5	7.924750
41.458333	0.5	7.921550
41.466667	0.5	7.921500
41.475000	0.5	7.916150
41.483333	0.5	7.917300
41.491667	0.5	7.917600
41.500000	0.5	7.915500
41.508333	0.5	7.910650
41.516667	0.5	7.906950
41.525000	0.5	7.901700
41.533333	0.5	7.894950
41.541667	0.5	7.898900
41.550000	0.5	7.894050
41.558333	0.5	7.885600
41.566667	0.5	7.879850
41.575000	0.5	7.875700
41.583333	0.5	7.867950
41.591667	0.5	7.870550
41.600000	0.5	7.866450
41.608333	0.5	7.858950
41.616667	0.5	7.852900
41.625000	0.5	7.848200
41.633333	0.5	7.843900
41.641667	0.5	7.841700
41.650000	0.5	7.837450
41.658333	0.5	7.833000
41.666667	0.5	7.827100
41.675000	0.5	7.828600
41.683333	0.5	7.825550
41.691667	0.5	7.816500
41.700000	0.5	7.816300
41.708333	0.5	7.812650
41.716667	0.5	7.814450
41.725000	0.5	7.809150
41.733333	0.5	7.810350
41.741667	0.5	7.809100
41.750000	0.5	7.805800
41.758333	0.5	7.805300
41.766667	0.5	7.802300
41.775000	0.5	7.801400
41.783333	0.5	7.799550
41.791667	0.5	7.801750
41.800000	0.5	7.798550
41.808333	0.5	7.793350
41.816667	0.5	7.794700
41.825000	0.5	7.792950
41.833333	0.5	7.790750
41.841667	0.5	7.787400
41.850000	0.5	7.786250
41.858333	0.5	7.791700
41.866667	0.5	7.787550
41.875000	0.5	7.780350
41.883333	0.5	7.775700
41.891667	0.5	7.775200
41.900000	0.5	7.774350
41.908333	0.5	7.774550
41.916667	0.5	7.772000
41.925000	0.5	7.772550
41.933333	0.5	7.763050
41.941667	0.5	7.764800
41.950000	0.5	7.761150
41.958333	0.5	7.762800
41.966667	0.5	7.757000
41.975000	0.5	7.757950
41.983333	0.5	7.756100
41.991667	0.5	7.747000
42.000000	0.5	7.748950
42.008333	0.5	7.747150
42.016667	0.5	7.747300
42.025000	0.5	7.747250
42.033333	0.5	7.742550
42.041667	0.5	7.742600
42.050000	0.5	7.740650
42.058333	0.5	7.740000
42.066667	0.5	7.734050
42.075000	0.5	7.733900
42.083333	0.5	7.727900
42.091667	0.5	7.721100
42.100000	0.5	7.726100
42.108333	0.5	7.723900
42.116667	0.5	7.721600
42.125000	0.5	7.728450
42.133333	0.5	7.724150
42.141667	0.5	7.720100
42.150000	0.5	7.719300
42.158333	0.5	7.717750
42.166667	0.5	7.708300
42.175000	0.5	7.702550
42.183333	0.5	7.709900
42.191667	0.5	7.710650
42.200000	0.5	7.705700
42.208333	0.5	7.707150
42.216667	0.5	7.701500
42.225000	0.5	7.702450
42.233333	0.5	7.702850
42.241667	0.5	7.699750
42.250000	0.5	7.693200
42.258333	0.5	7.688900
42.266667	0.5	7.694850
42.275000	0.5	7.686900
42.283333	0.5	7.690750
42.291667	0.5	7.685500
42.300000	0.5	7.687250
42.308333	0.5	7.685100
42.316667	0.5	7.683100
42.325000	0.5	7.680850
42.333333	0.5	7.681750
42.341667	0.5	7.678000
42.350000	0.5	7.676100
42.358333	0.5	7.676150
42.366667	0.5	7.666350
42.375000	0.5	7.664050
42.383333	0.5	7.664000
42.391667	0.5	7.662450
42.400000	0.5	7.665850
42.408333	0.5	7.660050
42.416667	0.5	7.661100
42.425000	0.5	7.658250
42.433333	0.5	7.657150
42.441667	0.5	7.652800
42.450000	0.5	7.654600
42.458333	0.5	7.650850
42.466667	0.5	7.645900
42.475000	0.5	7.653400
42.483333	0.5	7.645750
42.491667	0.5	7.644000
42.500000	0.5	7.642050
42.508333	0.5	7.644400
42.516667	0.5	7.639600
42.525000	0.5	7.637250
42.533333	0.5	7.643250
42.541667	0.5	7.636100
42.550000	0.5	7.639250
42.558333	0.5	7.631950
42.566667	0.5	7.636050
42.575000	0.5	7.634250
42.583333	0.5	7.636500
42.591667	0.5	7.633350
42.600000	0.5	7.638150
42.608333	0.5	7.631300
42.616667	0.5	7.634350
42.625000	0.5	7.634850
42.633333	0.5	7.634950
42.641667	0.5	7.632600
42.650000	0.5	7.631350
42.658333	0.5	7.636800
42.666667	0.5	7.634150
42.675000	0.5	7.630300
42.683333	0.5	7.630900
42.691667	0.5	7.624100
42.700000	0.5	7.629650
42.708333	0.5	7.629950
42.716667	0.5	7.625450
42.725000	0.5	7.625300
42.733333	0.5	7.622950
42.741667	0.5	7.623350
42.750000	0.5	7.617850
42.758333	0.5	7.620200
42.766667	0.5	7.618150
42.775000	0.5	7.612300
42.783333	0.5	7.617550
42.791667	0.5	7.612600
42.800000	0.5	7.617500
42.808333	0.5	7.609400
42.816667	0.5	7.613700
42.825000	0.5	7.609100
42.833333	0.5	7.612150
42.841667	0.5	7.614850
42.850000	0.5	7.615700
42.858333	0.5	7.612950
42.866667	0.5	7.608500
42.875000	0.5	7.614500
42.883333	0.5	7.619200
42.891667	0.5	7.613700
42.900000	0.5	7.613350
42.908333	0.5	7.607250
42.916667	0.5	7.609600
42.925000	0.5	7.608100
42.933333	0.5	7.604750
42.941667	0.5	7.593900
42.950000	0.5	7.601900
42.958333	0.5	7.596750
42.966667	0.5	7.597750
42.975000	0.5	7.591900
42.983333	0.5	7.588450
42.991667	0.5	7.589800
43.000000	0.5	7.582950
43.008333	0.5	7.575250
43.016667	0.5	7.575050
43.025000	0.5	7.575300
43.033333	0.5	7.571350
43.041667	0.5	7.565000
43.050000	0.5	7.563800
43.058333	0.5	7.556250
43.066667	0.5	7.552600
43.075000	0.5	7.551700
43.083333	0.5	7.548100
43.091667	0.5	7.552750
43.100000	0.5	7.545700
43.108333	0.5	7.542750
43.116667	0.5	7.538200
43.125000	0.5	7.531650
43.133333	0.5	7.530500
43.141667	0.5	7.536100
43.150000	0.5	7.521550
43.158333	0.5	7.529550
43.166667	0.5	7.527050
43.175000	0.5	7.524200
43.183333	0.5	7.522700
43.191667	0.5	7.518800
43.200000	0.5	7.518000
43.208333	0.5	7.522800
43.216667	0.5	7.518950
43.225000	0.5	7.514800
43.233333	0.5	7.507750
43.241667	0.5	7.507100
43.250000	0.5	7.502450
43.258333	0.5	7.499750
43.266667	0.5	7.504050
43.275000	0.5	7.502300
43.283333	0.5	7.496750
43.291667	0.5	7.492400
43.300000	0.5	7.496750
43.308333	0.5	7.492900
43.316667	0.5	7.490300
43.325000	0.5	7.493800
43.333333	0.5	7.494350
43.341667	0.5	7.488050
43.350000	0.5	7.489500
43.358333	0.5	7.485550
43.366667	0.5	7.484700
43.375000	0.5	7.487050
43.383333	0.5	7.478750
43.391667	0.5	7.480250
43.400000	0.5	7.477200
43.408333	0.5	7.480000
43.416667	0.5	7.475050
43.425000	0.5	7.473350
43.433333	0.5	7.473750
43.441667	0.5	7.467200
43.450000	0.5	7.464750
43.458333	0.5	7.467800
43.466667	0.5	7.458200
43.475000	0.5	7.464300
43.483333	0.5	7.459650
43.491667	0.5	7.458450
43.500000	0.5	7.460250
43.508333	0.5	7.456200
43.516667	0.5	7.452100
43.525000	0.5	7.450000
43.533333	0.5	7.452150
43.541667	0.5	7.446350
43.550000	0.5	7.447550
43.558333	0.5	7.451300
43.566667	0.5	7.441000
43.575000	0.5	7.441400
43.583333	0.5	7.443700
43.591667	0.5	7.444400
43.600000	0.5	7.438200
43.608333	0.5	7.432400
43.616667	0.5	7.440950
43.625000	0.5	7.432250
43.633333	0.5	7.427400
43.641667	0.5	7.430950
43.650000	0.5	7.433300
43.658333	0.5	7.429950
43.666667	0.5	7.426100
43.675000	0.5	7.430050
43.683333	0.5	7.425300
43.691667	0.5	7.422600
43.700000	0.5	7.419450
43.708333	0.5	7.417700
43.716667	0.5	7.420350
43.725000	0.5	7.407850
43.733333	0.5	7.410550
43.741667	0.5	7.413400
43.750000	0.5	7.411150
43.758333	0.5	7.406700
43.766667	0.5	7.407700
43.775000	0.5	7.402800
43.783333	0.5	7.403550
43.791667	0.5	7.399050
43.800000	0.5	7.405500
43.808333	0.5	7.400750
43.816667	0.5	7.392900
43.825000	0.5	7.397200
43.833333	0.5	7.392500
43.841667	0.5	7.392000
43.850000	0.5	7.392600
43.858333	0.5	7.394400
43.866667	0.5	7.385800
43.875000	0.5	7.387250
43.883333	0.5	7.392450
43.891667	0.5	7.385950
43.900000	0.5	7.386000
43.908333	0.5	7.378950
43.916667	0.5	7.382800
43.925000	0.5	7.375600
43.933333	0.5	7.376650
43.941667	0.5	7.374900
43.950000	0.5	7.369200
43.958333	0.5	7.368650
43.966667	0.5	7.368850
43.975000	0.5	7.371650
43.983333	0.5	7.370850
43.991667	0.5	7.365800
44.000000	0.5	7.363950
44.008333	0.5	7.353550
44.016667	0.5	7.355550
44.025000	0.5	7.360650
44.033333	0.5	7.355050
44.041667	0.5	7.350650
44.050000	0.5	7.348500
44.058333	0.5	7.345500
44.066667	0.5	7.352500
44.075000	0.5	7.342300
44.083333	0.5	7.344250
44.091667	0.5	7.342300
44.100000	0.5	7.341750
44.108333	0.5	7.334550
44.116667	0.5	7.338150
44.125000	0.5	7.338800
44.133333	0.5	7.329100
44.141667	0.5	7.331250
44.150000	0.5	7.329450
44.158333	0.5	7.327250
44.166667	0.5	7.323500
44.175000	0.5	7.320650
44.183333	0.5	7.319750
44.191667	0.5	7.318100
44.200000	0.5	7.319200
44.208333	0.5	7.311600
44.216667	0.5	7.318350
44.225000	0.5	7.318800
44.233333	0.5	7.317700
44.241667	0.5	7.315850
44.250000	0.5	7.314300
44.258333	0.5	7.309650
44.266667	0.5	7.314150
44.275000	0.5	7.305400
44.283333	0.5	7.302050
44.291667	0.5	7.306150
44.300000	0.5	7.303550
44.308333	0.5	7.299200
44.316667	0.5	7.300600
44.325000	0.5	7.301400
44.333333	0.5	7.297350
44.341667	0.5	7.301100
44.350000	0.5	7.297700
44.358333	0.5	7.296250
44.366667	0.5	7.287500
44.375000	0.5	7.293650
44.383333	0.5	7.291300
44.391667	0.5	7.288100
44.400000	0.5	7.288100
44.408333	0.5	7.286350
44.416667	0.5	7.285950
44.425000	0.5	7.285400
44.433333	0.5	7.282800
44.441667	0.5	7.281900
44.450000	0.5	7.280000
44.458333	0.5	7.275450
44.466667	0.5	7.279850
44.475000	0.5	7.277300
44.483333	0.5	7.278450
44.491667	0.5	7.274000
44.500000	0.5	7.275400
44.508333	0.5	7.269750
44.516667	0.5	7.267850
44.525000	0.5	7.271350
44.533333	0.5	7.266700
44.541667	0.5	7.270200
44.550000	0.5	7.265200
44.558333	0.5	7.259200
44.566667	0.5	7.259450
44.575000	0.5	7.260850
44.583333	0.5	7.262000
44.591667	0.5	7.257750
44.600000	0.5	7.259750
44.608333	0.5	7.255300
44.616667	0.5	7.256400
44.625000	0.5	7.257350
44.633333	0.5	7.259100
44.641667	0.5	7.253300
44.650000	0.5	7.251550
44.658333	0.5	7.249500
44.666667	0.5	7.250700
44.675000	0.5	7.245800
44.683333	0.5	7.246800
44.691667	0.5	7.241500
44.700000	0.5	7.241500
44.708333	0.5	7.242150
44.716667	0.5	7.240600
44.725000	0.5	7.237450
44.733333	0.5	7.236100
44.741667	0.5	7.238750
44.750000	0.5	7.232200
44.758333	0.5	7.228800
44.766667	0.5	7.229950
44.775000	0.5	7.233200
44.783333	0.5	7.231150
44.791667	0.5	7.228350
44.800000	0.5	7.228400
44.808333	0.5	7.230450
44.816667	0.5	7.229950
44.825000	0.5	7.230200
44.833333	0.5	7.226000
44.841667	0.5	7.221650
44.850000	0.5	7.220850
44.858333	0.5	7.221650
44.866667	0.5	7.215900
44.875000	0.5	7.219650
44.883333	0.5	7.223400
44.891667	0.5	7.224000
44.900000	0.5	7.219400
44.908333	0.5	7.221100
44.916667	0.5	7.220500
44.925000	0.5	7.218150
44.933333	0.5	7.221450
44.941667	0.5	7.218750
44.950000	0.5	7.218000
44.958333	0.5	7.217150
44.966667	0.5	7.212500
44.975000	0.5	7.211750
44.983333	0.5	7.218250
44.991667	0.5	7.213800
45.000000	0.5	7.210500
45.008333	0.5	7.211050
45.016667	0.5	7.212100
45.025000	0.5	7.209550
45.033333	0.5	7.208200
45.041667	0.5	7.208050
45.050000	0.5	7.205800
45.058333	0.5	7.203950
45.066667	0.5	7.202300
45.075000	0.5	7.205000
45.083333	0.5	7.204400
45.091667	0.5	7.204400
45.100000	0.5	7.199050
45.108333	0.5	7.204900
45.116667	0.5	7.193850
45.125000	0.5	7.198600
45.133333	0.5	7.196350
45.141667	0.5	7.186850
45.150000	0.5	7.193800
45.158333	0.5	7.187350
45.166667	0.5	7.194200
45.175000	0.5	7.189600
45.183333	0.5	7.191500
45.191667	0.5	7.187750
45.200000	0.5	7.191200
45.208333	0.5	7.180550
45.216667	0.5	7.187050
45.225000	0.5	7.187050
45.233333	0.5	7.182900
45.241667	0.5	7.179150
45.250000	0.5	7.184100
45.258333	0.5	7.173850
45.266667	0.5	7.175950
45.275000	0.5	7.177700
45.283333	0.5	7.179050
45.291667	0.5	7.174900
45.300000	0.5	7.172550
45.308333	0.5	7.167000
45.316667	0.5	7.162200
45.325000	0.5	7.163400
45.333333	0.5	7.168800
45.341667	0.5	7.168150
45.350000	0.5	7.171350
45.358333	0.5	7.167950
45.366667	0.5	7.169700
45.375000	0.5	7.168350
45.383333	0.5	7.166200
45.391667	0.5	7.162100
45.400000	0.5	7.155350
45.408333	0.5	7.158250
45.416667	0.5	7.163650
45.425000	0.5	7.164000
45.433333	0.5	7.156400
45.441667	0.5	7.159950
45.450000	0.5	7.166100
45.458333	0.5	7.160150
45.466667	0.5	7.160850
45.475000	0.5	7.158950
45.483333	0.5	7.159750
45.491667	0.5	7.160400
45.500000	0.5	7.165700
45.508333	0.5	7.164300
45.516667	0.5	7.161000
45.525000	0.5	7.164350
45.533333	0.5	7.164950
45.541667	0.5	7.164700
45.550000	0.5	7.152800
45.558333	0.5	7.161500
45.566667	0.5	7.167750
45.575000	0.5	7.163400
45.583333	0.5	7.162450
45.591667	0.5	7.165100
45.600000	0.5	7.163200
45.608333	0.5	7.159950
45.616667	0.5	7.159200
45.625000	0.5	7.156450
45.633333	0.5	7.162700
45.641667	0.5	7.153950
45.650000	0.5	7.154650
45.658333	0.5	7.156150
45.666667	0.5	7.150400
45.675000	0.5	7.148900
45.683333	0.5	7.149600
45.691667	0.5	7.153300
45.700000	0.5	7.148400
45.708333	0.5	7.146500
45.716667	0.5	7.146100
45.725000	0.5	7.144450
45.733333	0.5	7.139350
45.741667	0.5	7.139400
45.750000	0.5	7.143100
45.758333	0.5	7.143650
45.766667	0.5	7.141100
45.775000	0.5	7.136900
45.783333	0.5	7.138600
45.791667	0.5	7.140600
45.800000	0.5	7.140350
45.808333	0.5	7.134250
45.816667	0.5	7.136400
45.825000	0.5	7.133850
45.833333	0.5	7.129800
45.841667	0.5	7.128550
45.850000	0.5	7.126750
45.858333	0.5	7.132850
45.866667	0.5	7.127150
45.875000	0.5	7.128050
45.883333	0.5	7.125900
45.891667	0.5	7.124500
45.900000	0.5	7.114700
45.908333	0.5	7.117750
45.916667	0.5	7.123700
45.925000	0.5	7.120200
45.933333	0.5	7.117050
45.941667	0.5	7.111750
45.950000	0.5	7.110900
45.958333	0.5	7.116800
45.966667	0.5	7.110250
45.975000	0.5	7.111450
45.983333	0.5	7.112350
45.991667	0.5	7.113500
46.000000	0.5	7.110900
46.008333	0.5	7.100850
46.016667	0.5	7.099500
46.025000	0.5	7.099100
46.033333	0.5	7.099400
46.041667	0.5	7.103950
46.050000	0.5	7.102150
46.058333	0.5	7.088200
46.066667	0.5	7.095600
46.075000	0.5	7.093450
46.083333	0.5	7.099450
46.091667	0.5	7.093450
46.100000	0.5	7.086550
46.108333	0.5	7.091800
46.116667	0.5	7.095450
46.125000	0.5	7.089500
46.133333	0.5	7.091600
46.141667	0.5	7.089550
46.150000	0.5	7.084900
46.158333	0.5	7.082250
46.166667	0.5	7.082300
46.175000	0.5	7.084050
46.183333	0.5	7.085950
46.191667	0.5	7.074200
46.200000	0.5	7.079400
46.208333	0.5	7.077650
46.216667	0.5	7.075650
46.225000	0.5	7.079450
46.233333	0.5	7.079600
46.241667	0.5	7.068950
46.250000	0.5	7.074550
46.258333	0.5	7.071050
46.266667	0.5	7.072300
46.275000	0.5	7.075900
46.283333	0.5	7.073150
46.291667	0.5	7.071000
46.300000	0.5	7.078550
46.308333	0.5	7.071550
46.316667	0.5	7.069150
46.325000	0.5	7.073250
46.333333	0.5	7.069050
46.341667	0.5	7.069800
46.350000	0.5	7.069750
46.358333	0.5	7.068800
46.366667	0.5	7.069950
46.375000	0.5	7.064550
46.383333	0.5	7.073850
46.391667	0.5	7.068550
46.400000	0.5	7.069450
46.408333	0.5	7.065300
46.416667	0.5	7.068300
46.425000	0.5	7.066050
46.433333	0.5	7.061050
46.441667	0.5	7.066200
46.450000	0.5	7.063450
46.458333	0.5	7.063600
46.466667	0.5	7.060050
46.475000	0.5	7.058300
46.483333	0.5	7.061050
46.491667	0.5	7.054500
46.500000	0.5	7.061250
46.508333	0.5	7.055800
46.516667	0.5	7.057000
46.525000	0.5	7.060850
46.533333	0.5	7.060650
46.541667	0.5	7.059400
46.550000	0.5	7.054700
46.558333	0.5	7.055050
46.566667	0.5	7.056550
46.575000	0.5	7.060000
46.583333	0.5	7.052400
46.591667	0.5	7.048600
46.600000	0.5	7.048650
46.608333	0.5	7.053350
46.616667	0.5	7.051150
46.625000	0.5	7.057200
46.633333	0.5	7.048950
46.641667	0.5	7.047600
46.650000	0.5	7.044900
46.658333	0.5	7.044900
46.666667	0.5	7.043900
46.675000	0.5	7.043450
46.683333	0.5	7.044900
46.691667	0.5	7.043700
46.700000	0.5	7.039000
46.708333	0.5	7.043250
46.716667	0.5	7.036700
46.725000	0.5	7.041400
46.733333	0.5	7.043450
46.741667	0.5	7.042000
46.750000	0.5	7.033750
46.758333	0.5	7.034000
46.766667	0.5	7.036600
46.775000	0.5	7.038700
46.783333	0.5	7.036800
46.791667	0.5	7.034300
46.800000	0.5	7.031700
46.808333	0.5	7.030650
46.816667	0.5	7.030950
46.825000	0.5	7.034200
46.833333	0.5	7.032000
46.841667	0.5	7.033300
46.850000	0.5	7.032500
46.858333	0.5	7.031800
46.866667	0.5	7.029350
46.875000	0.5	7.030400
46.883333	0.5	7.028650
46.891667	0.5	7.024900
46.900000	0.5	7.029100
46.908333	0.5	7.035350
46.916667	0.5	7.027100
46.925000	0.5	7.026050
46.933333	0.5	7.029450
46.941667	0.5	7.025100
46.950000	0.5	7.029900
46.958333	0.5	7.022500
46.966667	0.5	7.030500
46.975000	0.5	7.025500
46.983333	0.5	7.029150
46.991667	0.5	7.033000
47.000000	0.5	7.028400
47.008333	0.5	7.032150
47.016667	0.5	7.028250
47.025000	0.5	7.027100
47.033333	0.5	7.030400
47.041667	0.5	7.033900
47.050000	0.5	7.029800
47.058333	0.5	7.020200
47.066667	0.5	7.028000
47.075000	0.5	7.027100
47.083333	0.5	7.029550
47.091667	0.5	7.027150
47.100000	0.5	7.027400
47.108333	0.5	7.023550
47.116667	0.5	7.029800
47.125000	0.5	7.025400
47.133333	0.5	7.028450
47.141667	0.5	7.021850
47.150000	0.5	7.024600
47.158333	0.5	7.024950
47.166667	0.5	7.020050
47.175000	0.5	7.021500
47.183333	0.5	7.018950
47.191667	0.5	7.020900
47.200000	0.5	7.022300
47.208333	0.5	7.013650
47.216667	0.5	7.012750
47.225000	0.5	7.013950
47.233333	0.5	7.012350
47.241667	0.5	7.013450
47.250000	0.5	7.012950
47.258333	0.5	7.011850
47.266667	0.5	7.009250
47.275000	0.5	7.010750
47.283333	0.5	7.009600
47.291667	0.5	7.007150
47.300000	0.5	7.006800
47.308333	0.5	7.008900
47.316667	0.5	7.009350
47.325000	0.5	7.008950
47.333333	0.5	7.011200
47.341667	0.5	7.013000
47.350000	0.5	7.009250
47.358333	0.5	7.016100
47.366667	0.5	7.007400
47.375000	0.5	7.010250
47.383333	0.5	7.010100
47.391667	0.5	7.015650
47.400000	0.5	7.015250
47.408333	0.5	7.016250
47.416667	0.5	7.017200
47.425000	0.5	7.021000
47.433333	0.5	7.013000
47.441667	0.5	7.016550
47.450000	0.5	7.013800
47.458333	0.5	7.017400
47.466667	0.5	7.014750
47.475000	0.5	7.016050
47.483333	0.5	7.013300
47.491667	0.5	7.016100
47.500000	0.5	7.019600
47.508333	0.5	7.020750
47.516667	0.5	7.020100
47.525000	0.5	7.019100
47.533333	0.5	7.015000
47.541667	0.5	7.017500
47.550000	0.5	7.012400
47.558333	0.5	7.019700
47.566667	0.5	7.017750
47.575000	0.5	7.009550
47.583333	0.5	7.021350
47.591667	0.5	7.015600
47.600000	0.5	7.017850
47.608333	0.5	7.015550
47.616667	0.5	7.015450
47.625000	0.5	7.017250
47.633333	0.5	7.005200
47.641667	0.5	7.010050
47.650000	0.5	7.008250
47.658333	0.5	7.005850
47.666667	0.5	7.005750
47.675000	0.5	7.006250
47.683333	0.5	7.001250
47.691667	0.5	7.003500
47.700000	0.5	7.006600
47.708333	0.5	6.998750
47.716667	0.5	7.004300
47.725000	0.5	6.995200
47.733333	0.5	7.002350
47.741667	0.5	7.006550
47.750000	0.5	7.000750
47.758333	0.5	7.000050
47.766667	0.5	6.996500
47.775000	0.5	6.995900
47.783333	0.5	6.997800
47.791667	0.5	6.994000
47.800000	0.5	6.996150
47.808333	0.5	6.991350
47.816667	0.5	6.994700
47.825000	0.5	6.991650
47.833333	0.5	6.995300
47.841667	0.5	6.992500
47.850000	0.5	6.989900
47.858333	0.5	6.994200
47.866667	0.5	6.995800
47.875000	0.5	6.993950
47.883333	0.5	6.993850
47.891667	0.5	6.993200
47.900000	0.5	6.995050
47.908333	0.5	6.996800
47.916667	0.5	6.992700
47.925000	0.5	6.999300
47.933333	0.5	6.990850
47.941667	0.5	6.988250
47.950000	0.5	6.994550
47.958333	0.5	6.995650
47.966667	0.5	6.994600
47.975000	0.5	7.000950
47.983333	0.5	6.992200
47.991667	0.5	6.997600
48.000000	0.5	6.994650
48.008333	0.5	6.993200
48.016667	0.5	6.990750
48.025000	0.5	6.987300
48.033333	0.5	6.983400
48.041667	0.5	6.992600
48.050000	0.5	6.992350
48.058333	0.5	6.995600
48.066667	0.5	6.993450
48.075000	0.5	6.990450
48.083333	0.5	6.994650
48.091667	0.5	6.989300
48.100000	0.5	6.988400
48.108333	0.5	6.993350
48.116667	0.5	6.989900
48.125000	0.5	6.991900
48.133333	0.5	6.988650
48.141667	0.5	6.989400
48.150000	0.5	6.994400
48.158333	0.5	6.994350
48.166667	0.5	6.988500
48.175000	0.5	6.991850
48.183333	0.5	6.985050
48.191667	0.5	6.986750
48.200000	0.5	6.984650
48.208333	0.5	6.990000
48.216667	0.5	6.992200
48.225000	0.5	6.989450
48.233333	0.5	6.988100
48.241667	0.5	6.991300
48.250000	0.5	6.990900
48.258333	0.5	6.992100
48.266667	0.5	6.982600
48.275000	0.5	6.995850
48.283333	0.5	6.984500
48.291667	0.5	6.984950
48.300000	0.5	6.986150
48.308333	0.5	6.990050
48.316667	0.5	6.978650
48.325000	0.5	6.990950
48.333333	0.5	6.991150
48.341667	0.5	6.987050
48.350000	0.5	6.987100
48.358333	0.5	6.981700
48.366667	0.5	6.980350
48.375000	0.5	6.982750
48.383333	0.5	6.982150
48.391667	0.5	6.984600
48.400000	0.5	6.980900
48.408333	0.5	6.980650
48.416667	0.5	6.987400
48.425000	0.5	6.989500
48.433333	0.5	6.985100
48.441667	0.5	6.989850
48.450000	0.5	6.986150
48.458333	0.5	6.987350
48.466667	0.5	6.989000
48.475000	0.5	6.987300
48.483333	0.5	6.986750
48.491667	0.5	6.988750
48.500000	0.5	6.990550
48.508333	0.5	6.980200
48.516667	0.5	6.989700
48.525000	0.5	6.991500
48.533333	0.5	6.988150
48.541667	0.5	6.989250
48.550000	0.5	6.991650
48.558333	0.5	6.995050
48.566667	0.5	6.981300
48.575000	0.5	6.993000
48.583333	0.5	6.994350
48.591667	0.5	6.988900
48.600000	0.5	6.991700
48.608333	0.5	6.996100
48.616667	0.5	6.991200
48.625000	0.5	6.994600
48.633333	0.5	6.995550
48.641667	0.5	6.993750
48.650000	0.5	7.000700
48.658333	0.5	6.997400
48.666667	0.5	6.996250
48.675000	0.5	6.996250
48.683333	0.5	6.997300
48.691667	0.5	6.993700
48.700000	0.5	6.998000
48.708333	0.5	6.992000
48.716667	0.5	6.998300
48.725000	0.5	6.997050
48.733333	0.5	6.996350
48.741667	0.5	6.993700
48.750000	0.5	6.989400
48.758333	0.5	6.995450
48.766667	0.5	6.993400
48.775000	0.5	6.994000
48.783333	0.5	6.992750
48.791667	0.5	6.993350
48.800000	0.5	6.992350
48.808333	0.5	6.991050
48.816667	0.5	6.988450
48.825000	0.5	6.985650
48.833333	0.5	6.992650
48.841667	0.5	7.000350
48.850000	0.5	6.997750
48.858333	0.5	6.993850
48.866667	0.5	6.995550
48.875000	0.5	6.992400
48.883333	0.5	6.994100
48.891667	0.5	6.993950
48.900000	0.5	6.993850
48.908333	0.5	6.990300
48.916667	0.5	6.994650
48.925000	0.5	6.997300
48.933333	0.5	6.995650
48.941667	0.5	6.993000
48.950000	0.5	7.001500
48.958333	0.5	6.998850
48.966667	0.5	6.996650
48.975000	0.5	6.995550
48.983333	0.5	6.994850
48.991667	0.5	6.991700
49.000000	0.5	6.994050
49.008333	0.5	6.997050
49.016667	0.5	6.998950
49.025000	0.5	7.002200
49.033333	0.5	7.003000
49.041667	0.5	6.999950
49.050000	0.5	6.995550
49.058333	0.5	7.002150
49.066667	0.5	6.998050
49.075000	0.5	6.999650
49.083333	0.5	6.998750
49.091667	0.5	7.000750
49.100000	0.5	6.997200
49.108333	0.5	7.000400
49.116667	0.5	7.001200
49.125000	0.5	6.995200
49.133333	0.5	7.001400
49.141667	0.5	6.998800
49.150000	0.5	6.997900
49.158333	0.5	6.993150
49.166667	0.5	6.995300
49.175000	0.5	7.000050
49.183333	0.5	6.999300
49.191667	0.5	6.999400
49.200000	0.5	7.000350
49.208333	0.5	6.999600
49.216667	0.5	6.999050
49.225000	0.5	7.001600
49.233333	0.5	7.001000
49.241667	0.5	7.000250
49.250000	0.5	7.002350
49.258333	0.5	6.999850
49.266667	0.5	6.999600
49.275000	0.5	7.003450
49.283333	0.5	7.001250
49.291667	0.5	7.000000
49.300000	0.5	7.001300
49.308333	0.5	7.003950
49.316667	0.5	7.003750
49.325000	0.5	7.005700
49.333333	0.5	7.009550
49.341667	0.5	7.007400
49.350000	0.5	7.008700
49.358333	0.5	7.006700
49.366667	0.5	7.009850
49.375000	0.5	7.008050
49.383333	0.5	7.004800
49.391667	0.5	7.007000
49.400000	0.5	7.009800
49.408333	0.5	7.006900
49.416667	0.5	7.013350
49.425000	0.5	7.010800
49.433333	0.5	7.011600
49.441667	0.5	7.013400
49.450000	0.5	7.013450
49.458333	0.5	7.015350
49.466667	0.5	7.009200
49.475000	0.5	7.004900
49.483333	0.5	7.008200
49.491667	0.5	7.012950
49.500000	0.5	7.015800
49.508333	0.5	7.016600
49.516667	0.5	7.017000
49.525000	0.5	7.014150
49.533333	0.5	7.016650
49.541667	0.5	7.013550
49.550000	0.5	7.015350
49.558333	0.5	7.014450
49.566667	0.5	7.019900
49.575000	0.5	7.015900
49.583333	0.5	7.014800
49.591667	0.5	7.017650
49.600000	0.5	7.021500
49.608333	0.5	7.021400
49.616667	0.5	7.020100
49.625000	0.5	7.024250
49.633333	0.5	7.025200
49.641667	0.5	7.022550
49.650000	0.5	7.013850
49.658333	0.5	7.017350
49.666667	0.5	7.019450
49.675000	0.5	7.022800
49.683333	0.5	7.026600
49.691667	0.5	7.029100
49.700000	0.5	7.033550
49.708333	0.5	7.028100
49.716667	0.5	7.032000
49.725000	0.5	7.039300
49.733333	0.5	7.032300
49.741667	0.5	7.038300
49.750000	0.5	7.035850
49.758333	0.5	7.039150
49.766667	0.5	7.043250
49.775000	0.5	7.044700
49.783333	0.5	7.056800
49.791667	0.5	7.057250
49.800000	0.5	7.060650
49.808333	0.5	7.063100
49.816667	0.5	7.065700
49.825000	0.5	7.072550
49.833333	0.5	7.069350
49.841667	0.5	7.069900
49.850000	0.5	7.071700
49.858333	0.5	7.077000
49.866667	0.5	7.087600
49.875000	0.5	7.079750
49.883333	0.5	7.084600
49.891667	0.5	7.093200
49.900000	0.5	7.091050
49.908333	0.5	7.090350
49.916667	0.5	7.087400
49.925000	0.5	7.087250
49.933333	0.5	7.091300
49.941667	0.5	7.090650
49.950000	0.5	7.095050
49.958333	0.5	7.091400
49.966667	0.5	7.089500
49.975000	0.5	7.088850
49.983333	0.5	7.092950
49.991667	0.5	7.089600
50.000000	0.5	7.092650
50.008333	0.5	7.088200
50.016667	0.5	7.084350
50.025000	0.5	7.079050
50.033333	0.5	7.078950
50.041667	0.5	7.079050
50.050000	0.5	7.073300
50.058333	0.5	7.078500
50.066667	0.5	7.079150
50.075000	0.5	7.072700
50.083333	0.5	7.077900
50.091667	0.5	7.076900
50.100000	0.5	7.070600
50.108333	0.5	7.069800
50.116667	0.5	7.065900
50.125000	0.5	7.072000
50.133333	0.5	7.067850
50.141667	0.5	7.064250
50.150000	0.5	7.067400
50.158333	0.5	7.070200
50.166667	0.5	7.067850
50.175000	0.5	7.067350
50.183333	0.5	7.065300
50.191667	0.5	7.064250
50.200000	0.5	7.065950
50.208333	0.5	7.070600
50.216667	0.5	7.069600
50.225000	0.5	7.066800
50.233333	0.5	7.062300
50.241667	0.5	7.062000
50.250000	0.5	7.070150
50.258333	0.5	7.064100
50.266667	0.5	7.068350
50.275000	0.5	7.067150
50.283333	0.5	7.066650
50.291667	0.5	7.065350
50.300000	0.5	7.058850
50.308333	0.5	7.064900
50.316667	0.5	7.061150
50.325000	0.5	7.061400
50.333333	0.5	7.057450
50.341667	0.5	7.060550
50.350000	0.5	7.063850
50.358333	0.5	7.056300
50.366667	0.5	7.065150
50.375000	0.5	7.059750
50.383333	0.5	7.059500
50.391667	0.5	7.062250
50.400000	0.5	7.060250
50.408333	0.5	7.062700
50.416667	0.5	7.058250
50.425000	0.5	7.067200
50.433333	0.5	7.064300
50.441667	0.5	7.062150
50.450000	0.5	7.053150
50.458333	0.5	7.061550
50.466667	0.5	7.063100
50.475000	0.5	7.063150
50.483333	0.5	7.061200
50.491667	0.5	7.060900
50.500000	0.5	7.065750
50.508333	0.5	7.062500
50.516667	0.5	7.071450
50.525000	0.5	7.067400
50.533333	0.5	7.062450
50.541667	0.5	7.065850
50.550000	0.5	7.075100
50.558333	0.5	7.070350
50.566667	0.5	7.073900
50.575000	0.5	7.074650
50.583333	0.5	7.074100
50.591667	0.5	7.077800
50.600000	0.5	7.076650
50.608333	0.5	7.079000
50.616667	0.5	7.078250
50.625000	0.5	7.080800
50.633333	0.5	7.079950
50.641667	0.5	7.078900
50.650000	0.5	7.083200
50.658333	0.5	7.083950
50.666667	0.5	7.082850
50.675000	0.5	7.082850
50.683333	0.5	7.078000
50.691667	0.5	7.082200
50.700000	0.5	7.082200
50.708333	0.5	7.083150
50.716667	0.5	7.078400
50.725000	0.5	7.087650
50.733333	0.5	7.085700
50.741667	0.5	7.082900
50.750000	0.5	7.093400
50.758333	0.5	7.094250
50.766667	0.5	7.093850
50.775000	0.5	7.087550
50.783333	0.5	7.093250
50.791667	0.5	7.085550
50.800000	0.5	7.088250
50.808333	0.5	7.090950
50.816667	0.5	7.087050
50.825000	0.5	7.086150
50.833333	0.5	7.092850
50.841667	0.5	7.090200
50.850000	0.5	7.093900
50.858333	0.5	7.091400
50.866667	0.5	7.089400
50.875000	0.5	7.092400
50.883333	0.5	7.093100
50.891667	0.5	7.095850
50.900000	0.5	7.094100
50.908333	0.5	7.095850
50.916667	0.5	7.093850
50.925000	0.5	7.094300
50.933333	0.5	7.098600
50.941667	0.5	7.098250
50.950000	0.5	7.100450
50.958333	0.5	7.097100
50.966667	0.5	7.094850
50.975000	0.5	7.101450
50.983333	0.5	7.100750
50.991667	0.5	7.097850
51.000000	0.5	7.097100
51.008333	0.5	7.098200
51.016667	0.5	7.101100
51.025000	0.5	7.099750
51.033333	0.5	7.098600
51.041667	0.5	7.103200
51.050000	0.5	7.098850
51.058333	0.5	7.098650
51.066667	0.5	7.103850
51.075000	0.5	7.103650
51.083333	0.5	7.102350
51.091667	0.5	7.102500
51.100000	0.5	7.102000
51.108333	0.5	7.107300
51.116667	0.5	7.108650
51.125000	0.5	7.108650
51.133333	0.5	7.109500
51.141667	0.5	7.114050
51.150000	0.5	7.108300
51.158333	0.5	7.112050
51.166667	0.5	7.115900
51.175000	0.5	7.107600
51.183333	0.5	7.108200
51.191667	0.5	7.111800
51.200000	0.5	7.113050
51.208333	0.5	7.105150
51.216667	0.5	7.113250
51.225000	0.5	7.110500
51.233333	0.5	7.116100
51.241667	0.5	7.114000
51.250000	0.5	7.112650
51.258333	0.5	7.117400
51.266667	0.5	7.112900
51.275000	0.5	7.115550
51.283333	0.5	7.114150
51.291667	0.5	7.109700
51.300000	0.5	7.111250
51.308333	0.5	7.115150
51.316667	0.5	7.121200
51.325000	0.5	7.120300
51.333333	0.5	7.118250
51.341667	0.5	7.124800
51.350000	0.5	7.119550
51.358333	0.5	7.118500
51.366667	0.5	7.120600
51.375000	0.5	7.120150
51.383333	0.5	7.121450
51.391667	0.5	7.115500
51.400000	0.5	7.115550
51.408333	0.5	7.116350
51.416667	0.5	7.120350
51.425000	0.5	7.118000
51.433333	0.5	7.128950
51.441667	0.5	7.122450
51.450000	0.5	7.118800
51.458333	0.5	7.118200
51.466667	0.5	7.120050
51.475000	0.5	7.124150
51.483333	0.5	7.125400
51.491667	0.5	7.122700
51.500000	0.5	7.122000
51.508333	0.5	7.127550
51.516667	0.5	7.122700
51.525000	0.5	7.124650
51.533333	0.5	7.125650
51.541667	0.5	7.123000
51.550000	0.5	7.128300
51.558333	0.5	7.125750
51.566667	0.5	7.128000
51.575000	0.5	7.125200
51.583333	0.5	7.124600
51.591667	0.5	7.126300
51.600000	0.5	7.129550
51.608333	0.5	7.135350
51.616667	0.5	7.136500
51.625000	0.5	7.139100
51.633333	0.5	7.136750
51.641667	0.5	7.134350
51.650000	0.5	7.140250
51.658333	0.5	7.136250
51.666667	0.5	7.138600
51.675000	0.5	7.141700
51.683333	0.5	7.145150
51.691667	0.5	7.147200
51.700000	0.5	7.144550
51.708333	0.5	7.150950
51.716667	0.5	7.149100
51.725000	0.5	7.153900
51.733333	0.5	7.153150
51.741667	0.5	7.153200
51.750000	0.5	7.153200
51.758333	0.5	7.160800
51.766667	0.5	7.157300
51.775000	0.5	7.158050
51.783333	0.5	7.162400
51.791667	0.5	7.160250
51.800000	0.5	7.163300
51.808333	0.5	7.162150
51.816667	0.5	7.161350
51.825000	0.5	7.159500
51.833333	0.5	7.166250
51.841667	0.5	7.168650
51.850000	0.5	7.168300
51.858333	0.5	7.165950
51.866667	0.5	7.165150
51.875000	0.5	7.161700
51.883333	0.5	7.166800
51.891667	0.5	7.165700
51.900000	0.5	7.161100
51.908333	0.5	7.162150
51.916667	0.5	7.165700
51.925000	0.5	7.165000
51.933333	0.5	7.162550
51.941667	0.5	7.162500
51.950000	0.5	7.159650
51.958333	0.5	7.165000
51.966667	0.5	7.159350
51.975000	0.5	7.161900
51.983333	0.5	7.158250
51.991667	0.5	7.161800
52.000000	0.5	7.160050
52.008333	0.5	7.160300
52.016667	0.5	7.159250
52.025000	0.5	7.159800
52.033333	0.5	7.156950
52.041667	0.5	7.159850
52.050000	0.5	7.161200
52.058333	0.5	7.160300
52.066667	0.5	7.152700
52.075000	0.5	7.156000
52.083333	0.5	7.158400
52.091667	0.5	7.160900
52.100000	0.5	7.158450
52.108333	0.5	7.163900
52.116667	0.5	7.156400
52.125000	0.5	7.159750
52.133333	0.5	7.164300
52.141667	0.5	7.158550
52.150000	0.5	7.156450
52.158333	0.5	7.159350
52.166667	0.5	7.156700
52.175000	0.5	7.164550
52.183333	0.5	7.165000
52.191667	0.5	7.165200
52.200000	0.5	7.162600
52.208333	0.5	7.163800
52.216667	0.5	7.167550
52.225000	0.5	7.168750
52.233333	0.5	7.173950
52.241667	0.5	7.169850
52.250000	0.5	7.167300
52.258333	0.5	7.168200
52.266667	0.5	7.171800
52.275000	0.5	7.173600
52.283333	0.5	7.174300
52.291667	0.5	7.182400
52.300000	0.5	7.184050
52.308333	0.5	7.183300
52.316667	0.5	7.186850
52.325000	0.5	7.185400
52.333333	0.5	7.182950
52.341667	0.5	7.194050
52.350000	0.5	7.180550
52.358333	0.5	7.185950
52.366667	0.5	7.200600
52.375000	0.5	7.193950
52.383333	0.5	7.201700
52.391667	0.5	7.198700
52.400000	0.5	7.200400
52.408333	0.5	7.197750
52.416667	0.5	7.204950
52.425000	0.5	7.203850
52.433333	0.5	7.200600
52.441667	0.5	7.196500
52.450000	0.5	7.205950
52.458333	0.5	7.200550
52.466667	0.5	7.197850
52.475000	0.5	7.201450
52.483333	0.5	7.197400
52.491667	0.5	7.200450
52.500000	0.5	7.202000
52.508333	0.5	7.201550
52.516667	0.5	7.199250
52.525000	0.5	7.204000
52.533333	0.5	7.207700
52.541667	0.5	7.195550
52.550000	0.5	7.204350
52.558333	0.5	7.197500
52.566667	0.5	7.199900
52.575000	0.5	7.204650
52.583333	0.5	7.201650
52.591667	0.5	7.208200
52.600000	0.5	7.205050
52.608333	0.5	7.205300
52.616667	0.5	7.201100
52.625000	0.5	7.203050
52.633333	0.5	7.203550
52.641667	0.5	7.211700
52.650000	0.5	7.214050
52.658333	0.5	7.218850
52.666667	0.5	7.212850
52.675000	0.5	7.214500
52.683333	0.5	7.213750
52.691667	0.5	7.214700
52.700000	0.5	7.216950
52.708333	0.5	7.214350
52.716667	0.5	7.217550
52.725000	0.5	7.220800
52.733333	0.5	7.217050
52.741667	0.5	7.218250
52.750000	0.5	7.220850
52.758333	0.5	7.217450
52.766667	0.5	7.218250
52.775000	0.5	7.217800
52.783333	0.5	7.218150
52.791667	0.5	7.215500
52.800000	0.5	7.216050
52.808333	0.5	7.208000
52.816667	0.5	7.215800
52.825000	0.5	7.214900
52.833333	0.5	7.218250
52.841667	0.5	7.216000
52.850000	0.5	7.215600
52.858333	0.5	7.212650
52.866667	0.5	7.217100
52.875000	0.5	7.214050
52.883333	0.5	7.212650
52.891667	0.5	7.211700
52.900000	0.5	7.212650
52.908333	0.5	7.213600
52.916667	0.5	7.215700
52.925000	0.5	7.209800
52.933333	0.5	7.220450
52.941667	0.5	7.219100
52.950000	0.5	7.226800
52.958333	0.5	7.228200
52.966667	0.5	7.231000
52.975000	0.5	7.228850
52.983333	0.5	7.234700
52.991667	0.5	7.238150
53.000000	0.5	7.238500
53.008333	0.5	7.240600
53.016667	0.5	7.244650
53.025000	0.5	7.254150
53.033333	0.5	7.256400
53.041667	0.5	7.253100
53.050000	0.5	7.265350
53.058333	0.5	7.272150
53.066667	0.5	7.278550
53.075000	0.5	7.282550
53.083333	0.5	7.289700
53.091667	0.5	7.298950
53.100000	0.5	7.300650
53.108333	0.5	7.309400
53.116667	0.5	7.319250
53.125000	0.5	7.326050
53.133333	0.5	7.332650
53.141667	0.5	7.346900
53.150000	0.5	7.351300
53.158333	0.5	7.359900
53.166667	0.5	7.366250
53.175000	0.5	7.375750
53.183333	0.5	7.386650
53.191667	0.5	7.402150
53.200000	0.5	7.404100
53.208333	0.5	7.414500
53.216667	0.5	7.427750
53.225000	0.5	7.434150
53.233333	0.5	7.450400
53.241667	0.5	7.451450
53.250000	0.5	7.465850
53.258333	0.5	7.470850
53.266667	0.5	7.479550
53.275000	0.5	7.489250
53.283333	0.5	7.497850
53.291667	0.5	7.503750
53.300000	0.5	7.512550
53.308333	0.5	7.516450
53.316667	0.5	7.521550
53.325000	0.5	7.526750
53.333333	0.5	7.532200
53.341667	0.5	7.538700
53.350000	0.5	7.537050
53.358333	0.5	7.536750
53.366667	0.5	7.547400
53.375000	0.5	7.542250
53.383333	0.5	7.538050
53.391667	0.5	7.534600
53.400000	0.5	7.540850
53.408333	0.5	7.535500
53.416667	0.5	7.529900
53.425000	0.5	7.526200
53.433333	0.5	7.527550
53.441667	0.5	7.521600
53.450000	0.5	7.515650
53.458333	0.5	7.514100
53.466667	0.5	7.507250
53.475000	0.5	7.499350
53.483333	0.5	7.489900
53.491667	0.5	7.478050
53.500000	0.5	7.471000
53.508333	0.5	7.470550
53.516667	0.5	7.459500
53.525000	0.5	7.453350
53.533333	0.5	7.443250
53.541667	0.5	7.430750
53.550000	0.5	7.427550
53.558333	0.5	7.422950
53.566667	0.5	7.414500
53.575000	0.5	7.403050
53.583333	0.5	7.399150
53.591667	0.5	7.392500
53.600000	0.5	7.386150
53.608333	0.5	7.380250
53.616667	0.5	7.379200
53.625000	0.5	7.368250
53.633333	0.5	7.367600
53.641667	0.5	7.360600
53.650000	0.5	7.357000
53.658333	0.5	7.353650
53.666667	0.5	7.349800
53.675000	0.5	7.347500
53.683333	0.5	7.344450
53.691667	0.5	7.337350
53.700000	0.5	7.336050
53.708333	0.5	7.335400
53.716667	0.5	7.333450
53.725000	0.5	7.336700
53.733333	0.5	7.325600
53.741667	0.5	7.326300
53.750000	0.5	7.323600
53.758333	0.5	7.327500
53.766667	0.5	7.318400
53.775000	0.5	7.314200
53.783333	0.5	7.323600
53.791667	0.5	7.317800
53.800000	0.5	7.320000
53.808333	0.5	7.313550
53.816667	0.5	7.318750
53.825000	0.5	7.306000
53.833333	0.5	7.308250
53.841667	0.5	7.311950
53.850000	0.5	7.309000
53.858333	0.5	7.300450
53.866667	0.5	7.312800
53.875000	0.5	7.303200
53.883333	0.5	7.303150
53.891667	0.5	7.302700
53.900000	0.5	7.306850
53.908333	0.5	7.306550
53.916667	0.5	7.307750
53.925000	0.5	7.309100
53.933333	0.5	7.308350
53.941667	0.5	7.308150
53.950000	0.5	7.305600
53.958333	0.5	7.315550
53.966667	0.5	7.304300
53.975000	0.5	7.305450
53.983333	0.5	7.309500
53.991667	0.5	7.311600
54.000000	0.5	7.309650
54.008333	0.5	7.312400
54.016667	0.5	7.314850
54.025000	0.5	7.316550
54.033333	0.5	7.311250
54.041667	0.5	7.317600
54.050000	0.5	7.313050
54.058333	0.5	7.320450
54.066667	0.5	7.318000
54.075000	0.5	7.326850
54.083333	0.5	7.330500
54.091667	0.5	7.336300
54.100000	0.5	7.351200
54.108333	0.5	7.363950
54.116667	0.5	7.372350
54.125000	0.5	7.382550
54.133333	0.5	7.405800
54.141667	0.5	7.439850
54.150000	0.5	7.469050
54.158333	0.5	7.494100
54.166667	0.5	7.484700
54.175000	0.5	7.470450
54.183333	0.5	7.458850
54.191667	0.5	7.439200
54.200000	0.5	7.427150
54.208333	0.5	7.413900
54.216667	0.5	7.407550
54.225000	0.5	7.401500
54.233333	0.5	7.388550
54.241667	0.5	7.391150
54.250000	0.5	7.380800
54.258333	0.5	7.382900
54.266667	0.5	7.371050
54.275000	0.5	7.369450
54.283333	0.5	7.371600
54.291667	0.5	7.371650
54.300000	0.5	7.366950
54.308333	0.5	7.364400
54.316667	0.5	7.360150
54.325000	0.5	7.360650
54.333333	0.5	7.355650
54.341667	0.5	7.357400
54.350000	0.5	7.357400
54.358333	0.5	7.351850
54.366667	0.5	7.349850
54.375000	0.5	7.348250
54.383333	0.5	7.352850
54.391667	0.5	7.348400
54.400000	0.5	7.350250
54.408333	0.5	7.346200
54.416667	0.5	7.339000
54.425000	0.5	7.340950
54.433333	0.5	7.340000
54.441667	0.5	7.339000
54.450000	0.5	7.340100
54.458333	0.5	7.334950
54.466667	0.5	7.337800
54.475000	0.5	7.334300
54.483333	0.5	7.334400
54.491667	0.5	7.339100
54.500000	0.5	7.334750
54.508333	0.5	7.338750
54.516667	0.5	7.336550
54.525000	0.5	7.328950
54.533333	0.5	7.329200
54.541667	0.5	7.330250
54.550000	0.5	7.327700
54.558333	0.5	7.324400
54.566667	0.5	7.331500
54.575000	0.5	7.327350
54.583333	0.5	7.330850
54.591667	0.5	7.325900
54.600000	0.5	7.321850
54.608333	0.5	7.326500
54.616667	0.5	7.328400
54.625000	0.5	7.328600
54.633333	0.5	7.322350
54.641667	0.5	7.327400
54.650000	0.5	7.324600
54.658333	0.5	7.326300
54.666667	0.5	7.324250
54.675000	0.5	7.320850
54.683333	0.5	7.325200
54.691667	0.5	7.327750
54.700000	0.5	7.323950
54.708333	0.5	7.322350
54.716667	0.5	7.322200
54.725000	0.5	7.323450
54.733333	0.5	7.327200
54.741667	0.5	7.320400
54.750000	0.5	7.321700
54.758333	0.5	7.323350
54.766667	0.5	7.321300
54.775000	0.5	7.317950
54.783333	0.5	7.316700
54.791667	0.5	7.318150
54.800000	0.5	7.321150
54.808333	0.5	7.317100
54.816667	0.5	7.315850
54.825000	0.5	7.314450
54.833333	0.5	7.311900
54.841667	0.5	7.314050
54.850000	0.5	7.314600
54.858333	0.5	7.315350
54.866667	0.5	7.314900
54.875000	0.5	7.321150
54.883333	0.5	7.317000
54.891667	0.5	7.316700
54.900000	0.5	7.315450
54.908333	0.5	7.320850
54.916667	0.5	7.318950
54.925000	0.5	7.315550
54.933333	0.5	7.315300
54.941667	0.5	7.320400
54.950000	0.5	7.318800
54.958333	0.5	7.317050
54.966667	0.5	7.320100
54.975000	0.5	7.322350
54.983333	0.5	7.318050
54.991667	0.5	7.317350
55.000000	0.5	7.319750
55.008333	0.5	7.315000
55.016667	0.5	7.319950
55.025000	0.5	7.320000
55.033333	0.5	7.315450
55.041667	0.5	7.317650
55.050000	0.5	7.318950
55.058333	0.5	7.317300
55.066667	0.5	7.321900
55.075000	0.5	7.318200
55.083333	0.5	7.314100
55.091667	0.5	7.316050
55.100000	0.5	7.313550
55.108333	0.5	7.314100
55.116667	0.5	7.315950
55.125000	0.5	7.320650
55.133333	0.5	7.317950
55.141667	0.5	7.317400
55.150000	0.5	7.316900
55.158333	0.5	7.323900
55.166667	0.5	7.321000
55.175000	0.5	7.326050
55.183333	0.5	7.320150
55.191667	0.5	7.324000
55.200000	0.5	7.317550
55.208333	0.5	7.317850
55.216667	0.5	7.322300
55.225000	0.5	7.320600
55.233333	0.5	7.324800
55.241667	0.5	7.322150
55.250000	0.5	7.319900
55.258333	0.5	7.318100
55.266667	0.5	7.320500
55.275000	0.5	7.323900
55.283333	0.5	7.322050
55.291667	0.5	7.318150
55.300000	0.5	7.317600
55.308333	0.5	7.322800
55.316667	0.5	7.323350
55.325000	0.5	7.325150
55.333333	0.5	7.326300
55.341667	0.5	7.326100
55.350000	0.5	7.324050
55.358333	0.5	7.326350
55.366667	0.5	7.321400
55.375000	0.5	7.322650
55.383333	0.5	7.324700
55.391667	0.5	7.323600
55.400000	0.5	7.320900
55.408333	0.5	7.325500
55.416667	0.5	7.320850
55.425000	0.5	7.324050
55.433333	0.5	7.326050
55.441667	0.5	7.327700
55.450000	0.5	7.330750
55.458333	0.5	7.327050
55.466667	0.5	7.322850
55.475000	0.5	7.323800
55.483333	0.5	7.325750
55.491667	0.5	7.326650
55.500000	0.5	7.324450
55.508333	0.5	7.319950
55.516667	0.5	7.320300
55.525000	0.5	7.323000
55.533333	0.5	7.328350
55.541667	0.5	7.323300
55.550000	0.5	7.324700
55.558333	0.5	7.323650
55.566667	0.5	7.317700
55.575000	0.5	7.317950
55.583333	0.5	7.322150
55.591667	0.5	7.326800
55.600000	0.5	7.322000
55.608333	0.5	7.318200
55.616667	0.5	7.322350
55.625000	0.5	7.319300
55.633333	0.5	7.323700
55.641667	0.5	7.326450
55.650000	0.5	7.322350
55.658333	0.5	7.324950
55.666667	0.5	7.325050
55.675000	0.5	7.323900
55.683333	0.5	7.323300
55.691667	0.5	7.323650
55.700000	0.5	7.319250
55.708333	0.5	7.320950
55.716667	0.5	7.322950
55.725000	0.5	7.321700
55.733333	0.5	7.324450
55.741667	0.5	7.319500
55.750000	0.5	7.321600
55.758333	0.5	7.321300
55.766667	0.5	7.320300
55.775000	0.5	7.321700
55.783333	0.5	7.322000
55.791667	0.5	7.320900
55.800000	0.5	7.321800
55.808333	0.5	7.321900
55.816667	0.5	7.322450
55.825000	0.5	7.326900
55.833333	0.5	7.328400
55.841667	0.5	7.323600
55.850000	0.5	7.323000
55.858333	0.5	7.322750
55.866667	0.5	7.326000
55.875000	0.5	7.327650
55.883333	0.5	7.326250
55.891667	0.5	7.324550
55.900000	0.5	7.324200
55.908333	0.5	7.327050
55.916667	0.5	7.327700
55.925000	0.5	7.328450
55.933333	0.5	7.326950
55.941667	0.5	7.333850
55.950000	0.5	7.333500
55.958333	0.5	7.332150
55.966667	0.5	7.334850
55.975000	0.5	7.341750
55.983333	0.5	7.341850
55.991667	0.5	7.334500
56.000000	0.5	7.337550
56.008333	0.5	7.342450
56.016667	0.5	7.347900
56.025000	0.5	7.349650
56.033333	0.5	7.350050
56.041667	0.5	7.352800
56.050000	0.5	7.355700
56.058333	0.5	7.353050
56.066667	0.5	7.363000
56.075000	0.5	7.358600
56.083333	0.5	7.356000
56.091667	0.5	7.360050
56.100000	0.5	7.356600
56.108333	0.5	7.365250
56.116667	0.5	7.370300
56.125000	0.5	7.371050
56.133333	0.5	7.372750
56.141667	0.5	7.380300
56.150000	0.5	7.382650
56.158333	0.5	7.388800
56.166667	0.5	7.382950
56.175000	0.5	7.387700
56.183333	0.5	7.389750
56.191667	0.5	7.397700
56.200000	0.5	7.394500
56.208333	0.5	7.399200
56.216667	0.5	7.397200
56.225000	0.5	7.399150
56.233333	0.5	7.402300
56.241667	0.5	7.401350
56.250000	0.5	7.408250
56.258333	0.5	7.410100
56.266667	0.5	7.411750
56.275000	0.5	7.407300
56.283333	0.5	7.417400
56.291667	0.5	7.416300
56.300000	0.5	7.417150
56.308333	0.5	7.422400
56.316667	0.5	7.418500
56.325000	0.5	7.420000
56.333333	0.5	7.426750
56.341667	0.5	7.420850
56.350000	0.5	7.422450
56.358333	0.5	7.419050
56.366667	0.5	7.419650
56.375000	0.5	7.421350
56.383333	0.5	7.426750
56.391667	0.5	7.420750
56.400000	0.5	7.422050
56.408333	0.5	7.422050
56.416667	0.5	7.421200
56.425000	0.5	7.423300
56.433333	0.5	7.422550
56.441667	0.5	7.422800
56.450000	0.5	7.411950
56.458333	0.5	7.413800
56.466667	0.5	7.415950
56.475000	0.5	7.414350
56.483333	0.5	7.410200
56.491667	0.5	7.407750
56.500000	0.5	7.404000
56.508333	0.5	7.411350
56.516667	0.5	7.408650
56.525000	0.5	7.404600
56.533333	0.5	7.406300
56.541667	0.5	7.403600
56.550000	0.5	7.400900
56.558333	0.5	7.401000
56.566667	0.5	7.398300
56.575000	0.5	7.397800
56.583333	0.5	7.392050
56.591667	0.5	7.392450
56.600000	0.5	7.389100
56.608333	0.5	7.388100
56.616667	0.5	7.389100
56.625000	0.5	7.391350
56.633333	0.5	7.387850
56.641667	0.5	7.388100
56.650000	0.5	7.385450
56.658333	0.5	7.386450
56.666667	0.5	7.386750
56.675000	0.5	7.388800
56.683333	0.5	7.381800
56.691667	0.5	7.378250
56.700000	0.5	7.375650
56.708333	0.5	7.382750
56.716667	0.5	7.378350
56.725000	0.5	7.378350
56.733333	0.5	7.372700
56.741667	0.5	7.375400
56.750000	0.5	7.378900
56.758333	0.5	7.369900
56.766667	0.5	7.368300
56.775000	0.5	7.375400
56.783333	0.5	7.376150
56.791667	0.5	7.371800
56.800000	0.5	7.371900
56.808333	0.5	7.375850
56.816667	0.5	7.372850
56.825000	0.5	7.375150
56.833333	0.5	7.374600
56.841667	0.5	7.376350
56.850000	0.5	7.370650
56.858333	0.5	7.372800
56.866667	0.5	7.374500
56.875000	0.5	7.378700
56.883333	0.5	7.373850
56.891667	0.5	7.373750
56.900000	0.5	7.372550
56.908333	0.5	7.379650
56.916667	0.5	7.371700
56.925000	0.5	7.378150
56.933333	0.5	7.371850
56.941667	0.5	7.377000
56.950000	0.5	7.373000
56.958333	0.5	7.378500
56.966667	0.5	7.371650
56.975000	0.5	7.374750
56.983333	0.5	7.378550
56.991667	0.5	7.374100
57.000000	0.5	7.379650
57.008333	0.5	7.376000
57.016667	0.5	7.376600
57.025000	0.5	7.371550
57.033333	0.5	7.378800
57.041667	0.5	7.374750
57.050000	0.5	7.378700
57.058333	0.5	7.373500
57.066667	0.5	7.373000
57.075000	0.5	7.376300
57.083333	0.5	7.377100
57.091667	0.5	7.381800
57.100000	0.5	7.377800
57.108333	0.5	7.382950
57.116667	0.5	7.379050
57.125000	0.5	7.374500
57.133333	0.5	7.381100
57.141667	0.5	7.380500
57.150000	0.5	7.384750
57.158333	0.5	7.388000
57.166667	0.5	7.392150
57.175000	0.5	7.385350
57.183333	0.5	7.388950
57.191667	0.5	7.387000
57.200000	0.5	7.388100
57.208333	0.5	7.388700
57.216667	0.5	7.385850
57.225000	0.5	7.384400
57.233333	0.5	7.386400
57.241667	0.5	7.389300
57.250000	0.5	7.389300
57.258333	0.5	7.388200
57.266667	0.5	7.388600
57.275000	0.5	7.396600
57.283333	0.5	7.392250
57.291667	0.5	7.396250
57.300000	0.5	7.395550
57.308333	0.5	7.390550
57.316667	0.5	7.394000
57.325000	0.5	7.386900
57.333333	0.5	7.394050
57.341667	0.5	7.393750
57.350000	0.5	7.395850
57.358333	0.5	7.403000
57.366667	0.5	7.404400
57.375000	0.5	7.397950
57.383333	0.5	7.403200
57.391667	0.5	7.405100
57.400000	0.5	7.405800
57.408333	0.5	7.410750
57.416667	0.5	7.405800
57.425000	0.5	7.413250
57.433333	0.5	7.411150
57.441667	0.5	7.421700
57.450000	0.5	7.420850
57.458333	0.5	7.424150
57.466667	0.5	7.424350
57.475000	0.5	7.425750
57.483333	0.5	7.425200
57.491667	0.5	7.429000
57.500000	0.5	7.432850
57.508333	0.5	7.430800
57.516667	0.5	7.435500
57.525000	0.5	7.434900
57.533333	0.5	7.433650
57.541667	0.5	7.444100
57.550000	0.5	7.445200
57.558333	0.5	7.446850
57.566667	0.5	7.445750
57.575000	0.5	7.444100
57.583333	0.5	7.447000
57.591667	0.5	7.447500
57.600000	0.5	7.446350
57.608333	0.5	7.438100
57.616667	0.5	7.443300
57.625000	0.5	7.443250
57.633333	0.5	7.443800
57.641667	0.5	7.444400
57.650000	0.5	7.449000
57.658333	0.5	7.449700
57.666667	0.5	7.447950
57.675000	0.5	7.446800
57.683333	0.5	7.443300
57.691667	0.5	7.439800
57.700000	0.5	7.451150
57.708333	0.5	7.448450
57.716667	0.5	7.462250
57.725000	0.5	7.441400
57.733333	0.5	7.440450
57.741667	0.5	7.442400
57.750000	0.5	7.435250
57.758333	0.5	7.435400
57.766667	0.5	7.431700
57.775000	0.5	7.434800
57.783333	0.5	7.429600
57.791667	0.5	7.431750
57.800000	0.5	7.426650
57.808333	0.5	7.430250
57.816667	0.5	7.420500
57.825000	0.5	7.420300
57.833333	0.5	7.420550
57.841667	0.5	7.414700
57.850000	0.5	7.414600
57.858333	0.5	7.414400
57.866667	0.5	7.408200
57.875000	0.5	7.405550
57.883333	0.5	7.406100
57.891667	0.5	7.399200
57.900000	0.5	7.398300
57.908333	0.5	7.394950
57.916667	0.5	7.396900
57.925000	0.5	7.390450
57.933333	0.5	7.395250
57.941667	0.5	7.394800
57.950000	0.5	7.385050
57.958333	0.5	7.379900
57.966667	0.5	7.381800
57.975000	0.5	7.372900
57.983333	0.5	7.369000
57.991667	0.5	7.374200
58.000000	0.5	7.364700
58.008333	0.5	7.361000
58.016667	0.5	7.362200
58.025000	0.5	7.359550
58.033333	0.5	7.353900
58.041667	0.5	7.363250
58.050000	0.5	7.349750
58.058333	0.5	7.356000
58.066667	0.5	7.341450
58.075000	0.5	7.338200
58.083333	0.5	7.334550
58.091667	0.5	7.336150
58.100000	0.5	7.325600
58.108333	0.5	7.328500
58.116667	0.5	7.327400
58.125000	0.5	7.328850
58.133333	0.5	7.322200
58.141667	0.5	7.307500
58.150000	0.5	7.307050
58.158333	0.5	7.307000
58.166667	0.5	7.305100
58.175000	0.5	7.300100
58.183333	0.5	7.305900
58.191667	0.5	7.294250
58.200000	0.5	7.291000
58.208333	0.5	7.291200
58.216667	0.5	7.295300
58.225000	0.5	7.288350
58.233333	0.5	7.284500
58.241667	0.5	7.284200
58.250000	0.5	7.282550
58.258333	0.5	7.279700
58.266667	0.5	7.279300
58.275000	0.5	7.271600
58.283333	0.5	7.268750
58.291667	0.5	7.268000
58.300000	0.5	7.272150
58.308333	0.5	7.269950
58.316667	0.5	7.268300
58.325000	0.5	7.264900
58.333333	0.5	7.261150
58.341667	0.5	7.267700
58.350000	0.5	7.256350
58.358333	0.5	7.260050
58.366667	0.5	7.254500
58.375000	0.5	7.251200
58.383333	0.5	7.254300
58.391667	0.5	7.252850
58.400000	0.5	7.254100
58.408333	0.5	7.251550
58.416667	0.5	7.251650
58.425000	0.5	7.262400
58.433333	0.5	7.255700
58.441667	0.5	7.256850
58.450000	0.5	7.255500
58.458333	0.5	7.257350
58.466667	0.5	7.263650
58.475000	0.5	7.263800
58.483333	0.5	7.262700
58.491667	0.5	7.262900
58.500000	0.5	7.265800
58.508333	0.5	7.272800
58.516667	0.5	7.271100
58.525000	0.5	7.269900
58.533333	0.5	7.278650
58.541667	0.5	7.272800
58.550000	0.5	7.267900
58.558333	0.5	7.283250
58.566667	0.5	7.287600
58.575000	0.5	7.293050
58.583333	0.5	7.301750
58.591667	0.5	7.306750
58.600000	0.5	7.310650
58.608333	0.5	7.309550
58.616667	0.5	7.323050
58.625000	0.5	7.331000
58.633333	0.5	7.343750
58.641667	0.5	7.343550
58.650000	0.5	7.358650
58.658333	0.5	7.365950
58.666667	0.5	7.374950
58.675000	0.5	7.380300
58.683333	0.5	7.395300
58.691667	0.5	7.407050
58.700000	0.5	7.413050
58.708333	0.5	7.435850
58.716667	0.5	7.437500
58.725000	0.5	7.445750
58.733333	0.5	7.463650
58.741667	0.5	7.470800
58.750000	0.5	7.475900
58.758333	0.5	7.488400
58.766667	0.5	7.490650
58.775000	0.5	7.506100
58.783333	0.5	7.510700
58.791667	0.5	7.522600
58.800000	0.5	7.521450
58.808333	0.5	7.540000
58.816667	0.5	7.535050
58.825000	0.5	7.543700
58.833333	0.5	7.549000
58.841667	0.5	7.549700
58.850000	0.5	7.555350
58.858333	0.5	7.563350
58.866667	0.5	7.560550
58.875000	0.5	7.565000
58.883333	0.5	7.571850
58.891667	0.5	7.577450
58.900000	0.5	7.580800
58.908333	0.5	7.584050
58.916667	0.5	7.588650
58.925000	0.5	7.583050
58.933333	0.5	7.592250
58.941667	0.5	7.589150
58.950000	0.5	7.591700
58.958333	0.5	7.591150
58.966667	0.5	7.596650
58.975000	0.5	7.601550
58.983333	0.5	7.601600
58.991667	0.5	7.601550
59.000000	0.5	7.603500
59.008333	0.5	7.596150
59.016667	0.5	7.594950
59.025000	0.5	7.596300
59.033333	0.5	7.599850
59.041667	0.5	7.599050
59.050000	0.5	7.590000
59.058333	0.5	7.589500
59.066667	0.5	7.599700
59.075000	0.5	7.599850
59.083333	0.5	7.595600
59.091667	0.5	7.593150
59.100000	0.5	7.595300
59.108333	0.5	7.596150
59.116667	0.5	7.596850
59.125000	0.5	7.593700
59.133333	0.5	7.598800
59.141667	0.5	7.591800
59.150000	0.5	7.603200
59.158333	0.5	7.585500
59.166667	0.5	7.587200
59.175000	0.5	7.590550
59.183333	0.5	7.585800
59.191667	0.5	7.580950
59.200000	0.5	7.581450
59.208333	0.5	7.584250
59.216667	0.5	7.586500
59.225000	0.5	7.579000
59.233333	0.5	7.581700
59.241667	0.5	7.578200
59.250000	0.5	7.575450
59.258333	0.5	7.576550
59.266667	0.5	7.578450
59.275000	0.5	7.565300
59.283333	0.5	7.573350
59.291667	0.5	7.565150
59.300000	0.5	7.565650
59.308333	0.5	7.557700
59.316667	0.5	7.563800
59.325000	0.5	7.565400
59.333333	0.5	7.569300
59.341667	0.5	7.565250
59.350000	0.5	7.576100
59.358333	0.5	7.581750
59.366667	0.5	7.581350
59.375000	0.5	7.593700
59.383333	0.5	7.601800
59.391667	0.5	7.592650
59.400000	0.5	7.597750
59.408333	0.5	7.587700
59.416667	0.5	7.582200
59.425000	0.5	7.578750
59.433333	0.5	7.583450
59.441667	0.5	7.575900
59.450000	0.5	7.571600
59.458333	0.5	7.576450
59.466667	0.5	7.571250
59.475000	0.5	7.564450
59.483333	0.5	7.560050
59.491667	0.5	7.555550
59.500000	0.5	7.556450
59.508333	0.5	7.557200
59.516667	0.5	7.558850
59.525000	0.5	7.554800
59.533333	0.5	7.550400
59.541667	0.5	7.562950
59.550000	0.5	7.548950
59.558333	0.5	7.560100
59.566667	0.5	7.546200
59.575000	0.5	7.554450
59.583333	0.5	7.556800
59.591667	0.5	7.547800
59.600000	0.5	7.560300
59.608333	0.5	7.556450
59.616667	0.5	7.553150
59.625000	0.5	7.551200
59.633333	0.5	7.554100
59.641667	0.5	7.552050
59.650000	0.5	7.542550
59.658333	0.5	7.532350
59.666667	0.5	7.532900
59.675000	0.5	7.528350
59.683333	0.5	7.524450
59.691667	0.5	7.532850
59.700000	0.5	7.529950
59.708333	0.5	7.520650
59.716667	0.5	7.517450
59.725000	0.5	7.513350
59.733333	0.5	7.502200
59.741667	0.5	7.505800
59.750000	0.5	7.501350
59.758333	0.5	7.501500
59.766667	0.5	7.513150
59.775000	0.5	7.510300
59.783333	0.5	7.519750
59.791667	0.5	7.508750
59.800000	0.5	7.518350
59.808333	0.5	7.517200
59.816667	0.5	7.514500
59.825000	0.5	7.508200
59.833333	0.5	7.503350
59.841667	0.5	7.501250
59.850000	0.5	7.511300
59.858333	0.5	7.507100
59.866667	0.5	7.510850
59.875000	0.5	7.517950
59.883333	0.5	7.521800
59.891667	0.5	7.524100
59.900000	0.5	7.522600
59.908333	0.5	7.527050
59.916667	0.5	7.516900
59.925000	0.5	7.516300
59.933333	0.5	7.521900
59.941667	0.5	7.515550
59.950000	0.5	7.520900
59.958333	0.5	7.525200
59.966667	0.5	7.526550
59.975000	0.5	7.515050
59.983333	0.5	7.530500
59.991667	0.5	7.525600
60.000000	0.5	7.533850
