URL	chrom://arspawyn4ahlab1/ChromeleonLocal/Instrument Data/ICS3000/2025_Feb 11.seq/626.smp/ED_1.channel/ED_1.chm
Channel	ED_1

Injection Information:
Data Vault	ChromeleonLocal
Sequence	2025_Feb 11
Name	12-A1 Alex
Number	8
Position	RA8
Comment	
Processing Method	Quantitative
Instrument Method	Neutral Oligosaccharides V ICS 3000
Type	Unknown
Status	Finished
Inject Time	2/12/2025 2:14:05 AM -05:00
Volume (µl)	25.0000
Dilution Factor	1.0000
Weight	1.0000

Chromatogram Data Information:
Time Min. (min)	0.000000
Time Max. (min)	120.000000
Data Points	14401
Detector	EDet1
Generating Data System	Chromeleon 7.3.0.60919
Exporting Data System	Chromeleon 7.3.0.0
Operator	Instrument Controller
Signal Quantity	
Signal Unit	nC
Signal Min.	-0.256550
Signal Max.	75.959701
Channel	ED_1
Driver Name	DC-3000
Channel Type	Evaluation
Min. Step (s)	0.5
Max. Step (s)	0.5
Average Step (s)	0.5

Signal Parameter Information:
Signal Info	

Chromatogram Data:
Time (min)	Step (s)	Value (nC)
0.000000	n.a.	0.021600
0.008333	0.5	0.020800
0.016667	0.5	0.008700
0.025000	0.5	-0.002250
0.033333	0.5	-0.008450
0.041667	0.5	-0.013000
0.050000	0.5	-0.015300
0.058333	0.5	-0.017000
0.066667	0.5	-0.018050
0.075000	0.5	-0.016200
0.083333	0.5	-0.016800
0.091667	0.5	-0.017450
0.100000	0.5	-0.012250
0.108333	0.5	-0.018650
0.116667	0.5	-0.026600
0.125000	0.5	-0.033050
0.133333	0.5	-0.035800
0.141667	0.5	-0.038800
0.150000	0.5	-0.038900
0.158333	0.5	-0.039000
0.166667	0.5	-0.036750
0.175000	0.5	-0.033750
0.183333	0.5	-0.034250
0.191667	0.5	-0.033050
0.200000	0.5	-0.030150
0.208333	0.5	-0.038550
0.216667	0.5	-0.047050
0.225000	0.5	-0.048850
0.233333	0.5	-0.050400
0.241667	0.5	-0.050450
0.250000	0.5	-0.053150
0.258333	0.5	-0.051000
0.266667	0.5	-0.051000
0.275000	0.5	-0.049100
0.283333	0.5	-0.052000
0.291667	0.5	-0.045900
0.300000	0.5	-0.048900
0.308333	0.5	-0.057600
0.316667	0.5	-0.065250
0.325000	0.5	-0.068600
0.333333	0.5	-0.066150
0.341667	0.5	-0.067550
0.350000	0.5	-0.067400
0.358333	0.5	-0.066800
0.366667	0.5	-0.064300
0.375000	0.5	-0.065750
0.383333	0.5	-0.063150
0.391667	0.5	-0.063250
0.400000	0.5	-0.071500
0.408333	0.5	-0.079150
0.416667	0.5	-0.082050
0.425000	0.5	-0.084450
0.433333	0.5	-0.084900
0.441667	0.5	-0.084450
0.450000	0.5	-0.085600
0.458333	0.5	-0.084500
0.466667	0.5	-0.083650
0.475000	0.5	-0.084500
0.483333	0.5	-0.078550
0.491667	0.5	-0.082250
0.500000	0.5	-0.091900
0.508333	0.5	-0.097600
0.516667	0.5	-0.098900
0.525000	0.5	-0.100850
0.533333	0.5	-0.099800
0.541667	0.5	-0.099350
0.550000	0.5	-0.100000
0.558333	0.5	-0.096750
0.566667	0.5	-0.096800
0.575000	0.5	-0.095100
0.583333	0.5	-0.093500
0.591667	0.5	-0.102150
0.600000	0.5	-0.109150
0.608333	0.5	-0.113650
0.616667	0.5	-0.115600
0.625000	0.5	-0.115100
0.633333	0.5	-0.115750
0.641667	0.5	-0.117800
0.650000	0.5	-0.115800
0.658333	0.5	-0.111650
0.666667	0.5	-0.112950
0.675000	0.5	-0.108500
0.683333	0.5	-0.113100
0.691667	0.5	-0.122900
0.700000	0.5	-0.125550
0.708333	0.5	-0.127650
0.716667	0.5	-0.130450
0.725000	0.5	-0.132150
0.733333	0.5	-0.131200
0.741667	0.5	-0.128000
0.750000	0.5	-0.127500
0.758333	0.5	-0.129000
0.766667	0.5	-0.124500
0.775000	0.5	-0.123600
0.783333	0.5	-0.132200
0.791667	0.5	-0.139500
0.800000	0.5	-0.143050
0.808333	0.5	-0.144300
0.816667	0.5	-0.144300
0.825000	0.5	-0.145500
0.833333	0.5	-0.143500
0.841667	0.5	-0.143150
0.850000	0.5	-0.142500
0.858333	0.5	-0.144000
0.866667	0.5	-0.139150
0.875000	0.5	-0.143200
0.883333	0.5	-0.153550
0.891667	0.5	-0.158150
0.900000	0.5	-0.159800
0.908333	0.5	-0.161950
0.916667	0.5	-0.161950
0.925000	0.5	-0.163050
0.933333	0.5	-0.161250
0.941667	0.5	-0.157550
0.950000	0.5	-0.158750
0.958333	0.5	-0.155500
0.966667	0.5	-0.154100
0.975000	0.5	-0.161500
0.983333	0.5	-0.169550
0.991667	0.5	-0.173250
1.000000	0.5	-0.175100
1.008333	0.5	-0.173750
1.016667	0.5	-0.174200
1.025000	0.5	-0.174150
1.033333	0.5	-0.173150
1.041667	0.5	-0.169500
1.050000	0.5	-0.169500
1.058333	0.5	-0.163600
1.066667	0.5	-0.169450
1.075000	0.5	-0.178200
1.083333	0.5	-0.181950
1.091667	0.5	-0.183550
1.100000	0.5	-0.183950
1.108333	0.5	-0.185050
1.116667	0.5	-0.183200
1.125000	0.5	-0.183450
1.133333	0.5	-0.181650
1.141667	0.5	-0.181950
1.150000	0.5	-0.178100
1.158333	0.5	-0.178200
1.166667	0.5	-0.186600
1.175000	0.5	-0.194350
1.183333	0.5	-0.196250
1.191667	0.5	-0.198750
1.200000	0.5	-0.196950
1.208333	0.5	-0.199600
1.216667	0.5	-0.197450
1.225000	0.5	-0.195700
1.233333	0.5	-0.195300
1.241667	0.5	-0.195050
1.250000	0.5	-0.190700
1.258333	0.5	-0.195850
1.266667	0.5	-0.204500
1.275000	0.5	-0.207150
1.283333	0.5	-0.209150
1.291667	0.5	-0.209900
1.300000	0.5	-0.211100
1.308333	0.5	-0.211850
1.316667	0.5	-0.210200
1.325000	0.5	-0.208650
1.333333	0.5	-0.209850
1.341667	0.5	-0.205750
1.350000	0.5	-0.204400
1.358333	0.5	-0.211050
1.366667	0.5	-0.218200
1.375000	0.5	-0.221100
1.383333	0.5	-0.224150
1.391667	0.5	-0.223650
1.400000	0.5	-0.224550
1.408333	0.5	-0.223650
1.416667	0.5	-0.223650
1.425000	0.5	-0.221200
1.433333	0.5	-0.221200
1.441667	0.5	-0.214300
1.450000	0.5	-0.221450
1.458333	0.5	-0.231950
1.466667	0.5	-0.235500
1.475000	0.5	-0.237600
1.483333	0.5	-0.239100
1.491667	0.5	-0.238600
1.500000	0.5	-0.239100
1.508333	0.5	-0.237150
1.516667	0.5	-0.236000
1.525000	0.5	-0.233600
1.533333	0.5	-0.231600
1.541667	0.5	-0.232900
1.550000	0.5	-0.242250
1.558333	0.5	-0.249500
1.566667	0.5	-0.251700
1.575000	0.5	-0.252300
1.583333	0.5	-0.253750
1.591667	0.5	-0.253800
1.600000	0.5	-0.250200
1.608333	0.5	-0.252600
1.616667	0.5	-0.248400
1.625000	0.5	-0.249650
1.633333	0.5	-0.244750
1.641667	0.5	-0.247200
1.650000	0.5	-0.256550
1.658333	0.5	-0.253900
1.666667	0.5	-0.244950
1.675000	0.5	-0.215300
1.683333	0.5	-0.141100
1.691667	0.5	0.015650
1.700000	0.5	0.275850
1.708333	0.5	0.604100
1.716667	0.5	0.981400
1.725000	0.5	1.432600
1.733333	0.5	1.953400
1.741667	0.5	2.521850
1.750000	0.5	3.107350
1.758333	0.5	3.691050
1.766667	0.5	4.229050
1.775000	0.5	4.692050
1.783333	0.5	5.064650
1.791667	0.5	5.324150
1.800000	0.5	5.488100
1.808333	0.5	5.558200
1.816667	0.5	5.548400
1.825000	0.5	5.467350
1.833333	0.5	5.303350
1.841667	0.5	5.056650
1.850000	0.5	4.731750
1.858333	0.5	4.351500
1.866667	0.5	3.983450
1.875000	0.5	3.629800
1.883333	0.5	3.292750
1.891667	0.5	3.013950
1.900000	0.5	2.795550
1.908333	0.5	2.631300
1.916667	0.5	2.518050
1.925000	0.5	2.431650
1.933333	0.5	2.364450
1.941667	0.5	2.345700
1.950000	0.5	2.408250
1.958333	0.5	2.604450
1.966667	0.5	2.970400
1.975000	0.5	3.536000
1.983333	0.5	4.323250
1.991667	0.5	5.363750
2.000000	0.5	6.610550
2.008333	0.5	7.903200
2.016667	0.5	9.041700
2.025000	0.5	9.857600
2.033333	0.5	10.304050
2.041667	0.5	10.407850
2.050000	0.5	10.223200
2.058333	0.5	9.827350
2.066667	0.5	9.283050
2.075000	0.5	8.656300
2.083333	0.5	7.985900
2.091667	0.5	7.295150
2.100000	0.5	6.593000
2.108333	0.5	5.903600
2.116667	0.5	5.252200
2.125000	0.5	4.673550
2.133333	0.5	4.192650
2.141667	0.5	3.813850
2.150000	0.5	3.515950
2.158333	0.5	3.288850
2.166667	0.5	3.118750
2.175000	0.5	2.989150
2.183333	0.5	2.891800
2.191667	0.5	2.817600
2.200000	0.5	2.757650
2.208333	0.5	2.708500
2.216667	0.5	2.654050
2.225000	0.5	2.593750
2.233333	0.5	2.534150
2.241667	0.5	2.466300
2.250000	0.5	2.395700
2.258333	0.5	2.318900
2.266667	0.5	2.235450
2.275000	0.5	2.149800
2.283333	0.5	2.058550
2.291667	0.5	1.966700
2.300000	0.5	1.877150
2.308333	0.5	1.786400
2.316667	0.5	1.688900
2.325000	0.5	1.592200
2.333333	0.5	1.503300
2.341667	0.5	1.422150
2.350000	0.5	1.360450
2.358333	0.5	1.321550
2.366667	0.5	1.306000
2.375000	0.5	1.311700
2.383333	0.5	1.330300
2.391667	0.5	1.353550
2.400000	0.5	1.370850
2.408333	0.5	1.374350
2.416667	0.5	1.368700
2.425000	0.5	1.359650
2.433333	0.5	1.343750
2.441667	0.5	1.329300
2.450000	0.5	1.311550
2.458333	0.5	1.295600
2.466667	0.5	1.279550
2.475000	0.5	1.262850
2.483333	0.5	1.247200
2.491667	0.5	1.225750
2.500000	0.5	1.200250
2.508333	0.5	1.169950
2.516667	0.5	1.138000
2.525000	0.5	1.113350
2.533333	0.5	1.091950
2.541667	0.5	1.075850
2.550000	0.5	1.060350
2.558333	0.5	1.048900
2.566667	0.5	1.040850
2.575000	0.5	1.030400
2.583333	0.5	1.020800
2.591667	0.5	1.009300
2.600000	0.5	0.987300
2.608333	0.5	0.958750
2.616667	0.5	0.934000
2.625000	0.5	0.907950
2.633333	0.5	0.897100
2.641667	0.5	0.898000
2.650000	0.5	0.912350
2.658333	0.5	0.936450
2.666667	0.5	0.958150
2.675000	0.5	0.974800
2.683333	0.5	0.988950
2.691667	0.5	0.997150
2.700000	0.5	0.997200
2.708333	0.5	0.997300
2.716667	0.5	1.004750
2.725000	0.5	1.021550
2.733333	0.5	1.050400
2.741667	0.5	1.093100
2.750000	0.5	1.141100
2.758333	0.5	1.190400
2.766667	0.5	1.235600
2.775000	0.5	1.267150
2.783333	0.5	1.287550
2.791667	0.5	1.287750
2.800000	0.5	1.275000
2.808333	0.5	1.259950
2.816667	0.5	1.247750
2.825000	0.5	1.236800
2.833333	0.5	1.229650
2.841667	0.5	1.221000
2.850000	0.5	1.213900
2.858333	0.5	1.201550
2.866667	0.5	1.184000
2.875000	0.5	1.169150
2.883333	0.5	1.149200
2.891667	0.5	1.126100
2.900000	0.5	1.103650
2.908333	0.5	1.087850
2.916667	0.5	1.071150
2.925000	0.5	1.059300
2.933333	0.5	1.053400
2.941667	0.5	1.049450
2.950000	0.5	1.057450
2.958333	0.5	1.079400
2.966667	0.5	1.112850
2.975000	0.5	1.161600
2.983333	0.5	1.211600
2.991667	0.5	1.267750
3.000000	0.5	1.330650
3.008333	0.5	1.401150
3.016667	0.5	1.471550
3.025000	0.5	1.540150
3.033333	0.5	1.604850
3.041667	0.5	1.659500
3.050000	0.5	1.701650
3.058333	0.5	1.727200
3.066667	0.5	1.744700
3.075000	0.5	1.745750
3.083333	0.5	1.731200
3.091667	0.5	1.705850
3.100000	0.5	1.678600
3.108333	0.5	1.652550
3.116667	0.5	1.642200
3.125000	0.5	1.652050
3.133333	0.5	1.682400
3.141667	0.5	1.730100
3.150000	0.5	1.787800
3.158333	0.5	1.847850
3.166667	0.5	1.909300
3.175000	0.5	1.962400
3.183333	0.5	2.008450
3.191667	0.5	2.048600
3.200000	0.5	2.087250
3.208333	0.5	2.117450
3.216667	0.5	2.140950
3.225000	0.5	2.162150
3.233333	0.5	2.177400
3.241667	0.5	2.187300
3.250000	0.5	2.190800
3.258333	0.5	2.198400
3.266667	0.5	2.192750
3.275000	0.5	2.181100
3.283333	0.5	2.169000
3.291667	0.5	2.155950
3.300000	0.5	2.141950
3.308333	0.5	2.127550
3.316667	0.5	2.112600
3.325000	0.5	2.099250
3.333333	0.5	2.088000
3.341667	0.5	2.076750
3.350000	0.5	2.068350
3.358333	0.5	2.062600
3.366667	0.5	2.051450
3.375000	0.5	2.040950
3.383333	0.5	2.034350
3.391667	0.5	2.031550
3.400000	0.5	2.031100
3.408333	0.5	2.034000
3.416667	0.5	2.035500
3.425000	0.5	2.038300
3.433333	0.5	2.041600
3.441667	0.5	2.044650
3.450000	0.5	2.051450
3.458333	0.5	2.047900
3.466667	0.5	2.038800
3.475000	0.5	2.029950
3.483333	0.5	2.017600
3.491667	0.5	2.004300
3.500000	0.5	1.989400
3.508333	0.5	1.961850
3.516667	0.5	1.932500
3.525000	0.5	1.899500
3.533333	0.5	1.859900
3.541667	0.5	1.817650
3.550000	0.5	1.774950
3.558333	0.5	1.725400
3.566667	0.5	1.676550
3.575000	0.5	1.635650
3.583333	0.5	1.600900
3.591667	0.5	1.573250
3.600000	0.5	1.554450
3.608333	0.5	1.541450
3.616667	0.5	1.534150
3.625000	0.5	1.533650
3.633333	0.5	1.534700
3.641667	0.5	1.539250
3.650000	0.5	1.542300
3.658333	0.5	1.541400
3.666667	0.5	1.539950
3.675000	0.5	1.545000
3.683333	0.5	1.549000
3.691667	0.5	1.552350
3.700000	0.5	1.557450
3.708333	0.5	1.563000
3.716667	0.5	1.567550
3.725000	0.5	1.572800
3.733333	0.5	1.578650
3.741667	0.5	1.588200
3.750000	0.5	1.587000
3.758333	0.5	1.587450
3.766667	0.5	1.589850
3.775000	0.5	1.592050
3.783333	0.5	1.595050
3.791667	0.5	1.597350
3.800000	0.5	1.599300
3.808333	0.5	1.603500
3.816667	0.5	1.605600
3.825000	0.5	1.604800
3.833333	0.5	1.608600
3.841667	0.5	1.607050
3.850000	0.5	1.601500
3.858333	0.5	1.602000
3.866667	0.5	1.599700
3.875000	0.5	1.598950
3.883333	0.5	1.599800
3.891667	0.5	1.602050
3.900000	0.5	1.605600
3.908333	0.5	1.611850
3.916667	0.5	1.612000
3.925000	0.5	1.615750
3.933333	0.5	1.621200
3.941667	0.5	1.612900
3.950000	0.5	1.604450
3.958333	0.5	1.598350
3.966667	0.5	1.591550
3.975000	0.5	1.585350
3.983333	0.5	1.574250
3.991667	0.5	1.566100
4.000000	0.5	1.554450
4.008333	0.5	1.545350
4.016667	0.5	1.534500
4.025000	0.5	1.530100
4.033333	0.5	1.517450
4.041667	0.5	1.501400
4.050000	0.5	1.489250
4.058333	0.5	1.481800
4.066667	0.5	1.474800
4.075000	0.5	1.470900
4.083333	0.5	1.466150
4.091667	0.5	1.465050
4.100000	0.5	1.463050
4.108333	0.5	1.458800
4.116667	0.5	1.459050
4.125000	0.5	1.456150
4.133333	0.5	1.444150
4.141667	0.5	1.434100
4.150000	0.5	1.426350
4.158333	0.5	1.419700
4.166667	0.5	1.414700
4.175000	0.5	1.410600
4.183333	0.5	1.407200
4.191667	0.5	1.407100
4.200000	0.5	1.406100
4.208333	0.5	1.402550
4.216667	0.5	1.407000
4.225000	0.5	1.401700
4.233333	0.5	1.393300
4.241667	0.5	1.386650
4.250000	0.5	1.383100
4.258333	0.5	1.379700
4.266667	0.5	1.379300
4.275000	0.5	1.377550
4.283333	0.5	1.376450
4.291667	0.5	1.375400
4.300000	0.5	1.371850
4.308333	0.5	1.365800
4.316667	0.5	1.363700
4.325000	0.5	1.344200
4.333333	0.5	1.328350
4.341667	0.5	1.317950
4.350000	0.5	1.305100
4.358333	0.5	1.293300
4.366667	0.5	1.284500
4.375000	0.5	1.272200
4.383333	0.5	1.265050
4.391667	0.5	1.256450
4.400000	0.5	1.245950
4.408333	0.5	1.238300
4.416667	0.5	1.224900
4.425000	0.5	1.205550
4.433333	0.5	1.190950
4.441667	0.5	1.178950
4.450000	0.5	1.169650
4.458333	0.5	1.163050
4.466667	0.5	1.159750
4.475000	0.5	1.157650
4.483333	0.5	1.159700
4.491667	0.5	1.161550
4.500000	0.5	1.167850
4.508333	0.5	1.171700
4.516667	0.5	1.168600
4.525000	0.5	1.166300
4.533333	0.5	1.162200
4.541667	0.5	1.161000
4.550000	0.5	1.159900
4.558333	0.5	1.158200
4.566667	0.5	1.157650
4.575000	0.5	1.157000
4.583333	0.5	1.155650
4.591667	0.5	1.148700
4.600000	0.5	1.147600
4.608333	0.5	1.137900
4.616667	0.5	1.126850
4.625000	0.5	1.115400
4.633333	0.5	1.109150
4.641667	0.5	1.102250
4.650000	0.5	1.099150
4.658333	0.5	1.093950
4.666667	0.5	1.087750
4.675000	0.5	1.086550
4.683333	0.5	1.084050
4.691667	0.5	1.083050
4.700000	0.5	1.083750
4.708333	0.5	1.077050
4.716667	0.5	1.071250
4.725000	0.5	1.068250
4.733333	0.5	1.068600
4.741667	0.5	1.068150
4.750000	0.5	1.072900
4.758333	0.5	1.074650
4.766667	0.5	1.078300
4.775000	0.5	1.083250
4.783333	0.5	1.083400
4.791667	0.5	1.086100
4.800000	0.5	1.082000
4.808333	0.5	1.071350
4.816667	0.5	1.063100
4.825000	0.5	1.058750
4.833333	0.5	1.051300
4.841667	0.5	1.046950
4.850000	0.5	1.044300
4.858333	0.5	1.037500
4.866667	0.5	1.031700
4.875000	0.5	1.026050
4.883333	0.5	1.023050
4.891667	0.5	1.018450
4.900000	0.5	1.009150
4.908333	0.5	0.999600
4.916667	0.5	0.996550
4.925000	0.5	0.993600
4.933333	0.5	0.992550
4.941667	0.5	0.990500
4.950000	0.5	0.992850
4.958333	0.5	0.993950
4.966667	0.5	0.993900
4.975000	0.5	0.994400
4.983333	0.5	0.998800
4.991667	0.5	0.989500
5.000000	0.5	0.980550
5.008333	0.5	0.973200
5.016667	0.5	0.966000
5.025000	0.5	0.960450
5.033333	0.5	0.953350
5.041667	0.5	0.947550
5.050000	0.5	0.941850
5.058333	0.5	0.934700
5.066667	0.5	0.927050
5.075000	0.5	0.920350
5.083333	0.5	0.910150
5.091667	0.5	0.895100
5.100000	0.5	0.881100
5.108333	0.5	0.870050
5.116667	0.5	0.862200
5.125000	0.5	0.852500
5.133333	0.5	0.844950
5.141667	0.5	0.842350
5.150000	0.5	0.840850
5.158333	0.5	0.838350
5.166667	0.5	0.835200
5.175000	0.5	0.836600
5.183333	0.5	0.829000
5.191667	0.5	0.820100
5.200000	0.5	0.812800
5.208333	0.5	0.810650
5.216667	0.5	0.810550
5.225000	0.5	0.808250
5.233333	0.5	0.807500
5.241667	0.5	0.808850
5.250000	0.5	0.809300
5.258333	0.5	0.807450
5.266667	0.5	0.808150
5.275000	0.5	0.807450
5.283333	0.5	0.800700
5.291667	0.5	0.791450
5.300000	0.5	0.786400
5.308333	0.5	0.783000
5.316667	0.5	0.781650
5.325000	0.5	0.779950
5.333333	0.5	0.778700
5.341667	0.5	0.776400
5.350000	0.5	0.775300
5.358333	0.5	0.775300
5.366667	0.5	0.777950
5.375000	0.5	0.774450
5.383333	0.5	0.765050
5.391667	0.5	0.760150
5.400000	0.5	0.758800
5.408333	0.5	0.756100
5.416667	0.5	0.755800
5.425000	0.5	0.756050
5.433333	0.5	0.754050
5.441667	0.5	0.758850
5.450000	0.5	0.756800
5.458333	0.5	0.759750
5.466667	0.5	0.761250
5.475000	0.5	0.753650
5.483333	0.5	0.748950
5.491667	0.5	0.746400
5.500000	0.5	0.742050
5.508333	0.5	0.742500
5.516667	0.5	0.743850
5.525000	0.5	0.744800
5.533333	0.5	0.745100
5.541667	0.5	0.747150
5.550000	0.5	0.745550
5.558333	0.5	0.751150
5.566667	0.5	0.744450
5.575000	0.5	0.738700
5.583333	0.5	0.733650
5.591667	0.5	0.731650
5.600000	0.5	0.729400
5.608333	0.5	0.729600
5.616667	0.5	0.732600
5.625000	0.5	0.731000
5.633333	0.5	0.734750
5.641667	0.5	0.736100
5.650000	0.5	0.738350
5.658333	0.5	0.739050
5.666667	0.5	0.731400
5.675000	0.5	0.725300
5.683333	0.5	0.724800
5.691667	0.5	0.720750
5.700000	0.5	0.718000
5.708333	0.5	0.717650
5.716667	0.5	0.717400
5.725000	0.5	0.717000
5.733333	0.5	0.719350
5.741667	0.5	0.717400
5.750000	0.5	0.720150
5.758333	0.5	0.711250
5.766667	0.5	0.703200
5.775000	0.5	0.697350
5.783333	0.5	0.693400
5.791667	0.5	0.691100
5.800000	0.5	0.686050
5.808333	0.5	0.685400
5.816667	0.5	0.686750
5.825000	0.5	0.685500
5.833333	0.5	0.687450
5.841667	0.5	0.691100
5.850000	0.5	0.690900
5.858333	0.5	0.682250
5.866667	0.5	0.677200
5.875000	0.5	0.675000
5.883333	0.5	0.675250
5.891667	0.5	0.674100
5.900000	0.5	0.674950
5.908333	0.5	0.677150
5.916667	0.5	0.681300
5.925000	0.5	0.683950
5.933333	0.5	0.686750
5.941667	0.5	0.693700
5.950000	0.5	0.690700
5.958333	0.5	0.683800
5.966667	0.5	0.677850
5.975000	0.5	0.677200
5.983333	0.5	0.677650
5.991667	0.5	0.676200
6.000000	0.5	0.676850
6.008333	0.5	0.678400
6.016667	0.5	0.680300
6.025000	0.5	0.678250
6.033333	0.5	0.680650
6.041667	0.5	0.680450
6.050000	0.5	0.671450
6.058333	0.5	0.665350
6.066667	0.5	0.661450
6.075000	0.5	0.660500
6.083333	0.5	0.657350
6.091667	0.5	0.654700
6.100000	0.5	0.655750
6.108333	0.5	0.659050
6.116667	0.5	0.658550
6.125000	0.5	0.658550
6.133333	0.5	0.662950
6.141667	0.5	0.657100
6.150000	0.5	0.650450
6.158333	0.5	0.645800
6.166667	0.5	0.646850
6.175000	0.5	0.644850
6.183333	0.5	0.645400
6.191667	0.5	0.644700
6.200000	0.5	0.646600
6.208333	0.5	0.649300
6.216667	0.5	0.649850
6.225000	0.5	0.656600
6.233333	0.5	0.656950
6.241667	0.5	0.652750
6.250000	0.5	0.646050
6.258333	0.5	0.646800
6.266667	0.5	0.646300
6.275000	0.5	0.647650
6.283333	0.5	0.651250
6.291667	0.5	0.655550
6.300000	0.5	0.657900
6.308333	0.5	0.665350
6.316667	0.5	0.667250
6.325000	0.5	0.672750
6.333333	0.5	0.670150
6.341667	0.5	0.667900
6.350000	0.5	0.663350
6.358333	0.5	0.665400
6.366667	0.5	0.662900
6.375000	0.5	0.665550
6.383333	0.5	0.666300
6.391667	0.5	0.667100
6.400000	0.5	0.667050
6.408333	0.5	0.665050
6.416667	0.5	0.669150
6.425000	0.5	0.665600
6.433333	0.5	0.658100
6.441667	0.5	0.651750
6.450000	0.5	0.647800
6.458333	0.5	0.645950
6.466667	0.5	0.642800
6.475000	0.5	0.642200
6.483333	0.5	0.641100
6.491667	0.5	0.641850
6.500000	0.5	0.643000
6.508333	0.5	0.642300
6.516667	0.5	0.646650
6.525000	0.5	0.640200
6.533333	0.5	0.631400
6.541667	0.5	0.625050
6.550000	0.5	0.623050
6.558333	0.5	0.622900
6.566667	0.5	0.622250
6.575000	0.5	0.620750
6.583333	0.5	0.623550
6.591667	0.5	0.627750
6.600000	0.5	0.625350
6.608333	0.5	0.631650
6.616667	0.5	0.628400
6.625000	0.5	0.620150
6.633333	0.5	0.617900
6.641667	0.5	0.612950
6.650000	0.5	0.612700
6.658333	0.5	0.612050
6.666667	0.5	0.613300
6.675000	0.5	0.614600
6.683333	0.5	0.621500
6.691667	0.5	0.621450
6.700000	0.5	0.622650
6.708333	0.5	0.628250
6.716667	0.5	0.624800
6.725000	0.5	0.619150
6.733333	0.5	0.615200
6.741667	0.5	0.614950
6.750000	0.5	0.617450
6.758333	0.5	0.616250
6.766667	0.5	0.622600
6.775000	0.5	0.627850
6.783333	0.5	0.633500
6.791667	0.5	0.635350
6.800000	0.5	0.641550
6.808333	0.5	0.643950
6.816667	0.5	0.639750
6.825000	0.5	0.635750
6.833333	0.5	0.637800
6.841667	0.5	0.641000
6.850000	0.5	0.644900
6.858333	0.5	0.646900
6.866667	0.5	0.653600
6.875000	0.5	0.661150
6.883333	0.5	0.669150
6.891667	0.5	0.674750
6.900000	0.5	0.685100
6.908333	0.5	0.684850
6.916667	0.5	0.682000
6.925000	0.5	0.685050
6.933333	0.5	0.689350
6.941667	0.5	0.695450
6.950000	0.5	0.699000
6.958333	0.5	0.706100
6.966667	0.5	0.712200
6.975000	0.5	0.720350
6.983333	0.5	0.724450
6.991667	0.5	0.731200
7.000000	0.5	0.732250
7.008333	0.5	0.728100
7.016667	0.5	0.722300
7.025000	0.5	0.721650
7.033333	0.5	0.719700
7.041667	0.5	0.719550
7.050000	0.5	0.719150
7.058333	0.5	0.719900
7.066667	0.5	0.720800
7.075000	0.5	0.721600
7.083333	0.5	0.718000
7.091667	0.5	0.720800
7.100000	0.5	0.711000
7.108333	0.5	0.703600
7.116667	0.5	0.697350
7.125000	0.5	0.692450
7.133333	0.5	0.692950
7.141667	0.5	0.688800
7.150000	0.5	0.687500
7.158333	0.5	0.686450
7.166667	0.5	0.686800
7.175000	0.5	0.684350
7.183333	0.5	0.688150
7.191667	0.5	0.686100
7.200000	0.5	0.678050
7.208333	0.5	0.667950
7.216667	0.5	0.664700
7.225000	0.5	0.660000
7.233333	0.5	0.660050
7.241667	0.5	0.658350
7.250000	0.5	0.658000
7.258333	0.5	0.655650
7.266667	0.5	0.657100
7.275000	0.5	0.659500
7.283333	0.5	0.659050
7.291667	0.5	0.651100
7.300000	0.5	0.642650
7.308333	0.5	0.637850
7.316667	0.5	0.634750
7.325000	0.5	0.634200
7.333333	0.5	0.632850
7.341667	0.5	0.632250
7.350000	0.5	0.631350
7.358333	0.5	0.632900
7.366667	0.5	0.630250
7.375000	0.5	0.635800
7.383333	0.5	0.633750
7.391667	0.5	0.626200
7.400000	0.5	0.622050
7.408333	0.5	0.619100
7.416667	0.5	0.617400
7.425000	0.5	0.618600
7.433333	0.5	0.619500
7.441667	0.5	0.622600
7.450000	0.5	0.623300
7.458333	0.5	0.628350
7.466667	0.5	0.627450
7.475000	0.5	0.632950
7.483333	0.5	0.629000
7.491667	0.5	0.623950
7.500000	0.5	0.621600
7.508333	0.5	0.619200
7.516667	0.5	0.623950
7.525000	0.5	0.626350
7.533333	0.5	0.627350
7.541667	0.5	0.631500
7.550000	0.5	0.637100
7.558333	0.5	0.639650
7.566667	0.5	0.649000
7.575000	0.5	0.649850
7.583333	0.5	0.644000
7.591667	0.5	0.642950
7.600000	0.5	0.645350
7.608333	0.5	0.648250
7.616667	0.5	0.649850
7.625000	0.5	0.653950
7.633333	0.5	0.658100
7.641667	0.5	0.668200
7.650000	0.5	0.670750
7.658333	0.5	0.676550
7.666667	0.5	0.684150
7.675000	0.5	0.682800
7.683333	0.5	0.680250
7.691667	0.5	0.683250
7.700000	0.5	0.682000
7.708333	0.5	0.688700
7.716667	0.5	0.692600
7.725000	0.5	0.699050
7.733333	0.5	0.705650
7.741667	0.5	0.713300
7.750000	0.5	0.716950
7.758333	0.5	0.726850
7.766667	0.5	0.729800
7.775000	0.5	0.728200
7.783333	0.5	0.727500
7.791667	0.5	0.732750
7.800000	0.5	0.734800
7.808333	0.5	0.739800
7.816667	0.5	0.747150
7.825000	0.5	0.752450
7.833333	0.5	0.757550
7.841667	0.5	0.765700
7.850000	0.5	0.773000
7.858333	0.5	0.782400
7.866667	0.5	0.783000
7.875000	0.5	0.781500
7.883333	0.5	0.784050
7.891667	0.5	0.789200
7.900000	0.5	0.794750
7.908333	0.5	0.802850
7.916667	0.5	0.810550
7.925000	0.5	0.821350
7.933333	0.5	0.831450
7.941667	0.5	0.835900
7.950000	0.5	0.849550
7.958333	0.5	0.855250
7.966667	0.5	0.857750
7.975000	0.5	0.860900
7.983333	0.5	0.868250
7.991667	0.5	0.878300
8.000000	0.5	0.888550
8.008333	0.5	0.900350
8.016667	0.5	0.913050
8.025000	0.5	0.928850
8.033333	0.5	0.940950
8.041667	0.5	0.957650
8.050000	0.5	0.974900
8.058333	0.5	0.981200
8.066667	0.5	0.989750
8.075000	0.5	0.999300
8.083333	0.5	1.011000
8.091667	0.5	1.024800
8.100000	0.5	1.038500
8.108333	0.5	1.053250
8.116667	0.5	1.068350
8.125000	0.5	1.082200
8.133333	0.5	1.094850
8.141667	0.5	1.109700
8.150000	0.5	1.118850
8.158333	0.5	1.122050
8.166667	0.5	1.121950
8.175000	0.5	1.127250
8.183333	0.5	1.134900
8.191667	0.5	1.138300
8.200000	0.5	1.143600
8.208333	0.5	1.150650
8.216667	0.5	1.157650
8.225000	0.5	1.161650
8.233333	0.5	1.162650
8.241667	0.5	1.166700
8.250000	0.5	1.161450
8.258333	0.5	1.154200
8.266667	0.5	1.151950
8.275000	0.5	1.149200
8.283333	0.5	1.149450
8.291667	0.5	1.148850
8.300000	0.5	1.151000
8.308333	0.5	1.152700
8.316667	0.5	1.155300
8.325000	0.5	1.156350
8.333333	0.5	1.162200
8.341667	0.5	1.161800
8.350000	0.5	1.154650
8.358333	0.5	1.153100
8.366667	0.5	1.155950
8.375000	0.5	1.158350
8.383333	0.5	1.159250
8.391667	0.5	1.162500
8.400000	0.5	1.168950
8.408333	0.5	1.176450
8.416667	0.5	1.181850
8.425000	0.5	1.189750
8.433333	0.5	1.200300
8.441667	0.5	1.200000
8.450000	0.5	1.197100
8.458333	0.5	1.201050
8.466667	0.5	1.206100
8.475000	0.5	1.210400
8.483333	0.5	1.218200
8.491667	0.5	1.224600
8.500000	0.5	1.235100
8.508333	0.5	1.244300
8.516667	0.5	1.249050
8.525000	0.5	1.260800
8.533333	0.5	1.264600
8.541667	0.5	1.265400
8.550000	0.5	1.266400
8.558333	0.5	1.271200
8.566667	0.5	1.277400
8.575000	0.5	1.284100
8.583333	0.5	1.292700
8.591667	0.5	1.301200
8.600000	0.5	1.310250
8.608333	0.5	1.318000
8.616667	0.5	1.328400
8.625000	0.5	1.338350
8.633333	0.5	1.338750
8.641667	0.5	1.338500
8.650000	0.5	1.343200
8.658333	0.5	1.348550
8.666667	0.5	1.357250
8.675000	0.5	1.362000
8.683333	0.5	1.370600
8.691667	0.5	1.379800
8.700000	0.5	1.391500
8.708333	0.5	1.397950
8.716667	0.5	1.406100
8.725000	0.5	1.413900
8.733333	0.5	1.414800
8.741667	0.5	1.416650
8.750000	0.5	1.423400
8.758333	0.5	1.429100
8.766667	0.5	1.436650
8.775000	0.5	1.447000
8.783333	0.5	1.457950
8.791667	0.5	1.468450
8.800000	0.5	1.479900
8.808333	0.5	1.490950
8.816667	0.5	1.506100
8.825000	0.5	1.515000
8.833333	0.5	1.520550
8.841667	0.5	1.531200
8.850000	0.5	1.548800
8.858333	0.5	1.566600
8.866667	0.5	1.585750
8.875000	0.5	1.607800
8.883333	0.5	1.635800
8.891667	0.5	1.663700
8.900000	0.5	1.691400
8.908333	0.5	1.729500
8.916667	0.5	1.760650
8.925000	0.5	1.791350
8.933333	0.5	1.830950
8.941667	0.5	1.871050
8.950000	0.5	1.915950
8.958333	0.5	1.964800
8.966667	0.5	2.017650
8.975000	0.5	2.074800
8.983333	0.5	2.132250
8.991667	0.5	2.191500
9.000000	0.5	2.254350
9.008333	0.5	2.318900
9.016667	0.5	2.374150
9.025000	0.5	2.427950
9.033333	0.5	2.483900
9.041667	0.5	2.542250
9.050000	0.5	2.598050
9.058333	0.5	2.649650
9.066667	0.5	2.699650
9.075000	0.5	2.747750
9.083333	0.5	2.789150
9.091667	0.5	2.823450
9.100000	0.5	2.854100
9.108333	0.5	2.873650
9.116667	0.5	2.882100
9.125000	0.5	2.885900
9.133333	0.5	2.887500
9.141667	0.5	2.881600
9.150000	0.5	2.873600
9.158333	0.5	2.858850
9.166667	0.5	2.841450
9.175000	0.5	2.822000
9.183333	0.5	2.797550
9.191667	0.5	2.764200
9.200000	0.5	2.739300
9.208333	0.5	2.700250
9.216667	0.5	2.660400
9.225000	0.5	2.624050
9.233333	0.5	2.589950
9.241667	0.5	2.552550
9.250000	0.5	2.520500
9.258333	0.5	2.487750
9.266667	0.5	2.459500
9.275000	0.5	2.432550
9.283333	0.5	2.400650
9.291667	0.5	2.378850
9.300000	0.5	2.351450
9.308333	0.5	2.318700
9.316667	0.5	2.290250
9.325000	0.5	2.269550
9.333333	0.5	2.248150
9.341667	0.5	2.230050
9.350000	0.5	2.215300
9.358333	0.5	2.198900
9.366667	0.5	2.189200
9.375000	0.5	2.179650
9.383333	0.5	2.169900
9.391667	0.5	2.166200
9.400000	0.5	2.154000
9.408333	0.5	2.142900
9.416667	0.5	2.134800
9.425000	0.5	2.131950
9.433333	0.5	2.128550
9.441667	0.5	2.129000
9.450000	0.5	2.129450
9.458333	0.5	2.135950
9.466667	0.5	2.139400
9.475000	0.5	2.140650
9.483333	0.5	2.149050
9.491667	0.5	2.150150
9.500000	0.5	2.146850
9.508333	0.5	2.146800
9.516667	0.5	2.149700
9.525000	0.5	2.154950
9.533333	0.5	2.159800
9.541667	0.5	2.165400
9.550000	0.5	2.173400
9.558333	0.5	2.181650
9.566667	0.5	2.187000
9.575000	0.5	2.195950
9.583333	0.5	2.206100
9.591667	0.5	2.205600
9.600000	0.5	2.206100
9.608333	0.5	2.209950
9.616667	0.5	2.213800
9.625000	0.5	2.222050
9.633333	0.5	2.224850
9.641667	0.5	2.234550
9.650000	0.5	2.241600
9.658333	0.5	2.253450
9.666667	0.5	2.258150
9.675000	0.5	2.273150
9.683333	0.5	2.278100
9.691667	0.5	2.275350
9.700000	0.5	2.275850
9.708333	0.5	2.285150
9.716667	0.5	2.290700
9.725000	0.5	2.299150
9.733333	0.5	2.307450
9.741667	0.5	2.315150
9.750000	0.5	2.328900
9.758333	0.5	2.335950
9.766667	0.5	2.344150
9.775000	0.5	2.354600
9.783333	0.5	2.358100
9.791667	0.5	2.359200
9.800000	0.5	2.364700
9.808333	0.5	2.376150
9.816667	0.5	2.383250
9.825000	0.5	2.392400
9.833333	0.5	2.402200
9.841667	0.5	2.415650
9.850000	0.5	2.428550
9.858333	0.5	2.440550
9.866667	0.5	2.453000
9.875000	0.5	2.461300
9.883333	0.5	2.465450
9.891667	0.5	2.472750
9.900000	0.5	2.483200
9.908333	0.5	2.494150
9.916667	0.5	2.503150
9.925000	0.5	2.518900
9.933333	0.5	2.530650
9.941667	0.5	2.545800
9.950000	0.5	2.560000
9.958333	0.5	2.569900
9.966667	0.5	2.585400
9.975000	0.5	2.591350
9.983333	0.5	2.596400
9.991667	0.5	2.605100
10.000000	0.5	2.614250
10.008333	0.5	2.625550
10.016667	0.5	2.637850
10.025000	0.5	2.650100
10.033333	0.5	2.661700
10.041667	0.5	2.673250
10.050000	0.5	2.682050
10.058333	0.5	2.697800
10.066667	0.5	2.702350
10.075000	0.5	2.703200
10.083333	0.5	2.706150
10.091667	0.5	2.709300
10.100000	0.5	2.715100
10.108333	0.5	2.718350
10.116667	0.5	2.722050
10.125000	0.5	2.724400
10.133333	0.5	2.729650
10.141667	0.5	2.730300
10.150000	0.5	2.729700
10.158333	0.5	2.732100
10.166667	0.5	2.724050
10.175000	0.5	2.716150
10.183333	0.5	2.712250
10.191667	0.5	2.709750
10.200000	0.5	2.706150
10.208333	0.5	2.705900
10.216667	0.5	2.705750
10.225000	0.5	2.710800
10.233333	0.5	2.713950
10.241667	0.5	2.714250
10.250000	0.5	2.720800
10.258333	0.5	2.723800
10.266667	0.5	2.721750
10.275000	0.5	2.722800
10.283333	0.5	2.729150
10.291667	0.5	2.733550
10.300000	0.5	2.741500
10.308333	0.5	2.750850
10.316667	0.5	2.758750
10.325000	0.5	2.773150
10.333333	0.5	2.781750
10.341667	0.5	2.793800
10.350000	0.5	2.804450
10.358333	0.5	2.811450
10.366667	0.5	2.815550
10.375000	0.5	2.822600
10.383333	0.5	2.831800
10.391667	0.5	2.842600
10.400000	0.5	2.852650
10.408333	0.5	2.864450
10.416667	0.5	2.879800
10.425000	0.5	2.894800
10.433333	0.5	2.905800
10.441667	0.5	2.920700
10.450000	0.5	2.931700
10.458333	0.5	2.940650
10.466667	0.5	2.949550
10.475000	0.5	2.962400
10.483333	0.5	2.978100
10.491667	0.5	2.990800
10.500000	0.5	3.005300
10.508333	0.5	3.018800
10.516667	0.5	3.033450
10.525000	0.5	3.046650
10.533333	0.5	3.059500
10.541667	0.5	3.072700
10.550000	0.5	3.077300
10.558333	0.5	3.075600
10.566667	0.5	3.079000
10.575000	0.5	3.079100
10.583333	0.5	3.079700
10.591667	0.5	3.078450
10.600000	0.5	3.075750
10.608333	0.5	3.072500
10.616667	0.5	3.072050
10.625000	0.5	3.064800
10.633333	0.5	3.060750
10.641667	0.5	3.052650
10.650000	0.5	3.036950
10.658333	0.5	3.026000
10.666667	0.5	3.015800
10.675000	0.5	3.008550
10.683333	0.5	3.004700
10.691667	0.5	2.998200
10.700000	0.5	2.991750
10.708333	0.5	2.989400
10.716667	0.5	2.988950
10.725000	0.5	2.988700
10.733333	0.5	2.987600
10.741667	0.5	2.979350
10.750000	0.5	2.974650
10.758333	0.5	2.974650
10.766667	0.5	2.973500
10.775000	0.5	2.972400
10.783333	0.5	2.974400
10.791667	0.5	2.978600
10.800000	0.5	2.985800
10.808333	0.5	2.993500
10.816667	0.5	2.997900
10.825000	0.5	3.008750
10.833333	0.5	3.016700
10.841667	0.5	3.018050
10.850000	0.5	3.022400
10.858333	0.5	3.031600
10.866667	0.5	3.040950
10.875000	0.5	3.050300
10.883333	0.5	3.063950
10.891667	0.5	3.077100
10.900000	0.5	3.087100
10.908333	0.5	3.092950
10.916667	0.5	3.097400
10.925000	0.5	3.103450
10.933333	0.5	3.099900
10.941667	0.5	3.093050
10.950000	0.5	3.088150
10.958333	0.5	3.081300
10.966667	0.5	3.076750
10.975000	0.5	3.066950
10.983333	0.5	3.062550
10.991667	0.5	3.056950
11.000000	0.5	3.051450
11.008333	0.5	3.046500
11.016667	0.5	3.044900
11.025000	0.5	3.040850
11.033333	0.5	3.032250
11.041667	0.5	3.022650
11.050000	0.5	3.019450
11.058333	0.5	3.014900
11.066667	0.5	3.012100
11.075000	0.5	3.010700
11.083333	0.5	3.011200
11.091667	0.5	3.012150
11.100000	0.5	3.011600
11.108333	0.5	3.013500
11.116667	0.5	3.014000
11.125000	0.5	3.007950
11.133333	0.5	3.004450
11.141667	0.5	3.000900
11.150000	0.5	2.996800
11.158333	0.5	2.996950
11.166667	0.5	2.996700
11.175000	0.5	2.998000
11.183333	0.5	2.999750
11.191667	0.5	2.999350
11.200000	0.5	2.998500
11.208333	0.5	3.001100
11.216667	0.5	2.997400
11.225000	0.5	2.991050
11.233333	0.5	2.986850
11.241667	0.5	2.983450
11.250000	0.5	2.982300
11.258333	0.5	2.980050
11.266667	0.5	2.980650
11.275000	0.5	2.979550
11.283333	0.5	2.982050
11.291667	0.5	2.977700
11.300000	0.5	2.978750
11.308333	0.5	2.980450
11.316667	0.5	2.975750
11.325000	0.5	2.967100
11.333333	0.5	2.962750
11.341667	0.5	2.959700
11.350000	0.5	2.961200
11.358333	0.5	2.958050
11.366667	0.5	2.963600
11.375000	0.5	2.970200
11.383333	0.5	2.975450
11.391667	0.5	2.985250
11.400000	0.5	3.003000
11.408333	0.5	3.021150
11.416667	0.5	3.044100
11.425000	0.5	3.074250
11.433333	0.5	3.113200
11.441667	0.5	3.155350
11.450000	0.5	3.207800
11.458333	0.5	3.262250
11.466667	0.5	3.317800
11.475000	0.5	3.374450
11.483333	0.5	3.426300
11.491667	0.5	3.479050
11.500000	0.5	3.532500
11.508333	0.5	3.572550
11.516667	0.5	3.608750
11.525000	0.5	3.642200
11.533333	0.5	3.672450
11.541667	0.5	3.694900
11.550000	0.5	3.715700
11.558333	0.5	3.736550
11.566667	0.5	3.756150
11.575000	0.5	3.774650
11.583333	0.5	3.788250
11.591667	0.5	3.806950
11.600000	0.5	3.819850
11.608333	0.5	3.827800
11.616667	0.5	3.835950
11.625000	0.5	3.847200
11.633333	0.5	3.856550
11.641667	0.5	3.867250
11.650000	0.5	3.880600
11.658333	0.5	3.894550
11.666667	0.5	3.904750
11.675000	0.5	3.914550
11.683333	0.5	3.924350
11.691667	0.5	3.937950
11.700000	0.5	3.943850
11.708333	0.5	3.950000
11.716667	0.5	3.956850
11.725000	0.5	3.966400
11.733333	0.5	3.976350
11.741667	0.5	3.987700
11.750000	0.5	3.999100
11.758333	0.5	4.010450
11.766667	0.5	4.025000
11.775000	0.5	4.038950
11.783333	0.5	4.051200
11.791667	0.5	4.065550
11.800000	0.5	4.076500
11.808333	0.5	4.087900
11.816667	0.5	4.101050
11.825000	0.5	4.118900
11.833333	0.5	4.133550
11.841667	0.5	4.149700
11.850000	0.5	4.169650
11.858333	0.5	4.191550
11.866667	0.5	4.212400
11.875000	0.5	4.226650
11.883333	0.5	4.249650
11.891667	0.5	4.265650
11.900000	0.5	4.283200
11.908333	0.5	4.304300
11.916667	0.5	4.322550
11.925000	0.5	4.344900
11.933333	0.5	4.369700
11.941667	0.5	4.395650
11.950000	0.5	4.420600
11.958333	0.5	4.447200
11.966667	0.5	4.477100
11.975000	0.5	4.507550
11.983333	0.5	4.538600
11.991667	0.5	4.565750
12.000000	0.5	4.597500
12.008333	0.5	4.632300
12.016667	0.5	4.668850
12.025000	0.5	4.709500
12.033333	0.5	4.752900
12.041667	0.5	4.798750
12.050000	0.5	4.849250
12.058333	0.5	4.899050
12.066667	0.5	4.954900
12.075000	0.5	5.015250
12.083333	0.5	5.071150
12.091667	0.5	5.128300
12.100000	0.5	5.192950
12.108333	0.5	5.261100
12.116667	0.5	5.331500
12.125000	0.5	5.405550
12.133333	0.5	5.479450
12.141667	0.5	5.556250
12.150000	0.5	5.633350
12.158333	0.5	5.707100
12.166667	0.5	5.784000
12.175000	0.5	5.859550
12.183333	0.5	5.928800
12.191667	0.5	5.997100
12.200000	0.5	6.064500
12.208333	0.5	6.131400
12.216667	0.5	6.194500
12.225000	0.5	6.255300
12.233333	0.5	6.312050
12.241667	0.5	6.365400
12.250000	0.5	6.416200
12.258333	0.5	6.459200
12.266667	0.5	6.504100
12.275000	0.5	6.537950
12.283333	0.5	6.568000
12.291667	0.5	6.596100
12.300000	0.5	6.622000
12.308333	0.5	6.644050
12.316667	0.5	6.661000
12.325000	0.5	6.679300
12.333333	0.5	6.693200
12.341667	0.5	6.704050
12.350000	0.5	6.714500
12.358333	0.5	6.724150
12.366667	0.5	6.729650
12.375000	0.5	6.729850
12.383333	0.5	6.725800
12.391667	0.5	6.723300
12.400000	0.5	6.721250
12.408333	0.5	6.722650
12.416667	0.5	6.717600
12.425000	0.5	6.716200
12.433333	0.5	6.711900
12.441667	0.5	6.710950
12.450000	0.5	6.704500
12.458333	0.5	6.703050
12.466667	0.5	6.696800
12.475000	0.5	6.690400
12.483333	0.5	6.682200
12.491667	0.5	6.677550
12.500000	0.5	6.671200
12.508333	0.5	6.664700
12.516667	0.5	6.659600
12.525000	0.5	6.655150
12.533333	0.5	6.650700
12.541667	0.5	6.643500
12.550000	0.5	6.639500
12.558333	0.5	6.635850
12.566667	0.5	6.627850
12.575000	0.5	6.617150
12.583333	0.5	6.609850
12.591667	0.5	6.603000
12.600000	0.5	6.592750
12.608333	0.5	6.587650
12.616667	0.5	6.574950
12.625000	0.5	6.567250
12.633333	0.5	6.560750
12.641667	0.5	6.546300
12.650000	0.5	6.538750
12.658333	0.5	6.526350
12.666667	0.5	6.512600
12.675000	0.5	6.500050
12.683333	0.5	6.490450
12.691667	0.5	6.481150
12.700000	0.5	6.473450
12.708333	0.5	6.467700
12.716667	0.5	6.464500
12.725000	0.5	6.463050
12.733333	0.5	6.462900
12.741667	0.5	6.465750
12.750000	0.5	6.471150
12.758333	0.5	6.476650
12.766667	0.5	6.479450
12.775000	0.5	6.488700
12.783333	0.5	6.497100
12.791667	0.5	6.509550
12.800000	0.5	6.518200
12.808333	0.5	6.533000
12.816667	0.5	6.546000
12.825000	0.5	6.563850
12.833333	0.5	6.576500
12.841667	0.5	6.597050
12.850000	0.5	6.612000
12.858333	0.5	6.630850
12.866667	0.5	6.648250
12.875000	0.5	6.665100
12.883333	0.5	6.686800
12.891667	0.5	6.706100
12.900000	0.5	6.731500
12.908333	0.5	6.751600
12.916667	0.5	6.775900
12.925000	0.5	6.798800
12.933333	0.5	6.821900
12.941667	0.5	6.848550
12.950000	0.5	6.874000
12.958333	0.5	6.894550
12.966667	0.5	6.921650
12.975000	0.5	6.946800
12.983333	0.5	6.971700
12.991667	0.5	6.999350
13.000000	0.5	7.025700
13.008333	0.5	7.053150
13.016667	0.5	7.082600
13.025000	0.5	7.111700
13.033333	0.5	7.140000
13.041667	0.5	7.168650
13.050000	0.5	7.196000
13.058333	0.5	7.224500
13.066667	0.5	7.249300
13.075000	0.5	7.274700
13.083333	0.5	7.302100
13.091667	0.5	7.330700
13.100000	0.5	7.357900
13.108333	0.5	7.384200
13.116667	0.5	7.409950
13.125000	0.5	7.437650
13.133333	0.5	7.467250
13.141667	0.5	7.493550
13.150000	0.5	7.515950
13.158333	0.5	7.539700
13.166667	0.5	7.562950
13.175000	0.5	7.588300
13.183333	0.5	7.612000
13.191667	0.5	7.633750
13.200000	0.5	7.661450
13.208333	0.5	7.685000
13.216667	0.5	7.704800
13.225000	0.5	7.734000
13.233333	0.5	7.758250
13.241667	0.5	7.781150
13.250000	0.5	7.800950
13.258333	0.5	7.824750
13.266667	0.5	7.847300
13.275000	0.5	7.868650
13.283333	0.5	7.891100
13.291667	0.5	7.913350
13.300000	0.5	7.940400
13.308333	0.5	7.964450
13.316667	0.5	7.986200
13.325000	0.5	8.013500
13.333333	0.5	8.039850
13.341667	0.5	8.064500
13.350000	0.5	8.090200
13.358333	0.5	8.116150
13.366667	0.5	8.142950
13.375000	0.5	8.170000
13.383333	0.5	8.195500
13.391667	0.5	8.225100
13.400000	0.5	8.256200
13.408333	0.5	8.280750
13.416667	0.5	8.317100
13.425000	0.5	8.348750
13.433333	0.5	8.378900
13.441667	0.5	8.404700
13.450000	0.5	8.437250
13.458333	0.5	8.466000
13.466667	0.5	8.494000
13.475000	0.5	8.520900
13.483333	0.5	8.548850
13.491667	0.5	8.578150
13.500000	0.5	8.605600
13.508333	0.5	8.630400
13.516667	0.5	8.658950
13.525000	0.5	8.686700
13.533333	0.5	8.706950
13.541667	0.5	8.730100
13.550000	0.5	8.752650
13.558333	0.5	8.772400
13.566667	0.5	8.793450
13.575000	0.5	8.813050
13.583333	0.5	8.830600
13.591667	0.5	8.852500
13.600000	0.5	8.866950
13.608333	0.5	8.894250
13.616667	0.5	8.913650
13.625000	0.5	8.932350
13.633333	0.5	8.951550
13.641667	0.5	8.969450
13.650000	0.5	8.990800
13.658333	0.5	9.011450
13.666667	0.5	9.030850
13.675000	0.5	9.053850
13.683333	0.5	9.076550
13.691667	0.5	9.101650
13.700000	0.5	9.123750
13.708333	0.5	9.153350
13.716667	0.5	9.179850
13.725000	0.5	9.205900
13.733333	0.5	9.230500
13.741667	0.5	9.258850
13.750000	0.5	9.289450
13.758333	0.5	9.318350
13.766667	0.5	9.346300
13.775000	0.5	9.378000
13.783333	0.5	9.413950
13.791667	0.5	9.438500
13.800000	0.5	9.480950
13.808333	0.5	9.513900
13.816667	0.5	9.548950
13.825000	0.5	9.579300
13.833333	0.5	9.613750
13.841667	0.5	9.650150
13.850000	0.5	9.685150
13.858333	0.5	9.718000
13.866667	0.5	9.752000
13.875000	0.5	9.791800
13.883333	0.5	9.827150
13.891667	0.5	9.860950
13.900000	0.5	9.902350
13.908333	0.5	9.942700
13.916667	0.5	9.972400
13.925000	0.5	10.010950
13.933333	0.5	10.048250
13.941667	0.5	10.078850
13.950000	0.5	10.116700
13.958333	0.5	10.150200
13.966667	0.5	10.185850
13.975000	0.5	10.226850
13.983333	0.5	10.252200
13.991667	0.5	10.296600
14.000000	0.5	10.334950
14.008333	0.5	10.372900
14.016667	0.5	10.407200
14.025000	0.5	10.442300
14.033333	0.5	10.479300
14.041667	0.5	10.509900
14.050000	0.5	10.542750
14.058333	0.5	10.575150
14.066667	0.5	10.606450
14.075000	0.5	10.640050
14.083333	0.5	10.670950
14.091667	0.5	10.707900
14.100000	0.5	10.745250
14.108333	0.5	10.769950
14.116667	0.5	10.800250
14.125000	0.5	10.831550
14.133333	0.5	10.857950
14.141667	0.5	10.884850
14.150000	0.5	10.908150
14.158333	0.5	10.934450
14.166667	0.5	10.960050
14.175000	0.5	10.983050
14.183333	0.5	11.017050
14.191667	0.5	11.047700
14.200000	0.5	11.074600
14.208333	0.5	11.100350
14.216667	0.5	11.126800
14.225000	0.5	11.150800
14.233333	0.5	11.175950
14.241667	0.5	11.203950
14.250000	0.5	11.225800
14.258333	0.5	11.253250
14.266667	0.5	11.279850
14.275000	0.5	11.304800
14.283333	0.5	11.343250
14.291667	0.5	11.377350
14.300000	0.5	11.403850
14.308333	0.5	11.434700
14.316667	0.5	11.463400
14.325000	0.5	11.492700
14.333333	0.5	11.521750
14.341667	0.5	11.551350
14.350000	0.5	11.578400
14.358333	0.5	11.615700
14.366667	0.5	11.641050
14.375000	0.5	11.680800
14.383333	0.5	11.717350
14.391667	0.5	11.753650
14.400000	0.5	11.786600
14.408333	0.5	11.820650
14.416667	0.5	11.853000
14.425000	0.5	11.884650
14.433333	0.5	11.918250
14.441667	0.5	11.947700
14.450000	0.5	11.985650
14.458333	0.5	12.019800
14.466667	0.5	12.048850
14.475000	0.5	12.092200
14.483333	0.5	12.130850
14.491667	0.5	12.164800
14.500000	0.5	12.201300
14.508333	0.5	12.233600
14.516667	0.5	12.267350
14.525000	0.5	12.300600
14.533333	0.5	12.331700
14.541667	0.5	12.358500
14.550000	0.5	12.399250
14.558333	0.5	12.422250
14.566667	0.5	12.465750
14.575000	0.5	12.501750
14.583333	0.5	12.536400
14.591667	0.5	12.568300
14.600000	0.5	12.599750
14.608333	0.5	12.631550
14.616667	0.5	12.661100
14.625000	0.5	12.689500
14.633333	0.5	12.715950
14.641667	0.5	12.745950
14.650000	0.5	12.776150
14.658333	0.5	12.798150
14.666667	0.5	12.838150
14.675000	0.5	12.873800
14.683333	0.5	12.896300
14.691667	0.5	12.923550
14.700000	0.5	12.950500
14.708333	0.5	12.976200
14.716667	0.5	13.002050
14.725000	0.5	13.025700
14.733333	0.5	13.049300
14.741667	0.5	13.080350
14.750000	0.5	13.095000
14.758333	0.5	13.130150
14.766667	0.5	13.167750
14.775000	0.5	13.201450
14.783333	0.5	13.229050
14.791667	0.5	13.259650
14.800000	0.5	13.289000
14.808333	0.5	13.317500
14.816667	0.5	13.343100
14.825000	0.5	13.368750
14.833333	0.5	13.403850
14.841667	0.5	13.437900
14.850000	0.5	13.468850
14.858333	0.5	13.513200
14.866667	0.5	13.557050
14.875000	0.5	13.588350
14.883333	0.5	13.628800
14.891667	0.5	13.664300
14.900000	0.5	13.701550
14.908333	0.5	13.737600
14.916667	0.5	13.772400
14.925000	0.5	13.810950
14.933333	0.5	13.855500
14.941667	0.5	13.881900
14.950000	0.5	13.931700
14.958333	0.5	13.977650
14.966667	0.5	14.017350
14.975000	0.5	14.050350
14.983333	0.5	14.086600
14.991667	0.5	14.116900
15.000000	0.5	14.144550
15.008333	0.5	14.165800
15.016667	0.5	14.182050
15.025000	0.5	14.200750
15.033333	0.5	14.216750
15.041667	0.5	14.221800
15.050000	0.5	14.242700
15.058333	0.5	14.256700
15.066667	0.5	14.255850
15.075000	0.5	14.252900
15.083333	0.5	14.246600
15.091667	0.5	14.237600
15.100000	0.5	14.223600
15.108333	0.5	14.210800
15.116667	0.5	14.198600
15.125000	0.5	14.192000
15.133333	0.5	14.167500
15.141667	0.5	14.170300
15.150000	0.5	14.169550
15.158333	0.5	14.169050
15.166667	0.5	14.160950
15.175000	0.5	14.160850
15.183333	0.5	14.161450
15.191667	0.5	14.165700
15.200000	0.5	14.168550
15.208333	0.5	14.178900
15.216667	0.5	14.198250
15.225000	0.5	14.217900
15.233333	0.5	14.236950
15.241667	0.5	14.281050
15.250000	0.5	14.323300
15.258333	0.5	14.360950
15.266667	0.5	14.407950
15.275000	0.5	14.454800
15.283333	0.5	14.506600
15.291667	0.5	14.561700
15.300000	0.5	14.615350
15.308333	0.5	14.677350
15.316667	0.5	14.749550
15.325000	0.5	14.811950
15.333333	0.5	14.892000
15.341667	0.5	14.978900
15.350000	0.5	15.061150
15.358333	0.5	15.138600
15.366667	0.5	15.217950
15.375000	0.5	15.297800
15.383333	0.5	15.376100
15.391667	0.5	15.448650
15.400000	0.5	15.524050
15.408333	0.5	15.605600
15.416667	0.5	15.678400
15.425000	0.5	15.745650
15.433333	0.5	15.831350
15.441667	0.5	15.912500
15.450000	0.5	15.980150
15.458333	0.5	16.047550
15.466667	0.5	16.112350
15.475000	0.5	16.169250
15.483333	0.5	16.225950
15.491667	0.5	16.281200
15.500000	0.5	16.332250
15.508333	0.5	16.387650
15.516667	0.5	16.426850
15.525000	0.5	16.488000
15.533333	0.5	16.543250
15.541667	0.5	16.596000
15.550000	0.5	16.640350
15.558333	0.5	16.685200
15.566667	0.5	16.722700
15.575000	0.5	16.760000
15.583333	0.5	16.791950
15.591667	0.5	16.824300
15.600000	0.5	16.859800
15.608333	0.5	16.892800
15.616667	0.5	16.922350
15.625000	0.5	16.965500
15.633333	0.5	17.010450
15.641667	0.5	17.036750
15.650000	0.5	17.065650
15.658333	0.5	17.092400
15.666667	0.5	17.117500
15.675000	0.5	17.143900
15.683333	0.5	17.161950
15.691667	0.5	17.179600
15.700000	0.5	17.212950
15.708333	0.5	17.227000
15.716667	0.5	17.262800
15.725000	0.5	17.301450
15.733333	0.5	17.330500
15.741667	0.5	17.353250
15.750000	0.5	17.378900
15.758333	0.5	17.407050
15.766667	0.5	17.429200
15.775000	0.5	17.449450
15.783333	0.5	17.478500
15.791667	0.5	17.512100
15.800000	0.5	17.546500
15.808333	0.5	17.584300
15.816667	0.5	17.649400
15.825000	0.5	17.716750
15.833333	0.5	17.782100
15.841667	0.5	17.854600
15.850000	0.5	17.938750
15.858333	0.5	18.030550
15.866667	0.5	18.136600
15.875000	0.5	18.256250
15.883333	0.5	18.388000
15.891667	0.5	18.538450
15.900000	0.5	18.686950
15.908333	0.5	18.880000
15.916667	0.5	19.082300
15.925000	0.5	19.291350
15.933333	0.5	19.498000
15.941667	0.5	19.713000
15.950000	0.5	19.929450
15.958333	0.5	20.138600
15.966667	0.5	20.334900
15.975000	0.5	20.515600
15.983333	0.5	20.696300
15.991667	0.5	20.848900
16.000000	0.5	20.970550
16.008333	0.5	21.092450
16.016667	0.5	21.176750
16.025000	0.5	21.211850
16.033333	0.5	21.211350
16.041667	0.5	21.175100
16.050000	0.5	21.106250
16.058333	0.5	20.999600
16.066667	0.5	20.863550
16.075000	0.5	20.703450
16.083333	0.5	20.529550
16.091667	0.5	20.318500
16.100000	0.5	20.127500
16.108333	0.5	19.927250
16.116667	0.5	19.712800
16.125000	0.5	19.487950
16.133333	0.5	19.268200
16.141667	0.5	19.053150
16.150000	0.5	18.844250
16.158333	0.5	18.645100
16.166667	0.5	18.457500
16.175000	0.5	18.286400
16.183333	0.5	18.125100
16.191667	0.5	17.977400
16.200000	0.5	17.864800
16.208333	0.5	17.759250
16.216667	0.5	17.657200
16.225000	0.5	17.574050
16.233333	0.5	17.503900
16.241667	0.5	17.446100
16.250000	0.5	17.401400
16.258333	0.5	17.372700
16.266667	0.5	17.355400
16.275000	0.5	17.360100
16.283333	0.5	17.363100
16.291667	0.5	17.401550
16.300000	0.5	17.446750
16.308333	0.5	17.502700
16.316667	0.5	17.565900
16.325000	0.5	17.648000
16.333333	0.5	17.739900
16.341667	0.5	17.845850
16.350000	0.5	17.962400
16.358333	0.5	18.083950
16.366667	0.5	18.230100
16.375000	0.5	18.378850
16.383333	0.5	18.535900
16.391667	0.5	18.722550
16.400000	0.5	18.910300
16.408333	0.5	19.091500
16.416667	0.5	19.279900
16.425000	0.5	19.470400
16.433333	0.5	19.654900
16.441667	0.5	19.835500
16.450000	0.5	20.008750
16.458333	0.5	20.169950
16.466667	0.5	20.339350
16.475000	0.5	20.470900
16.483333	0.5	20.624650
16.491667	0.5	20.764050
16.500000	0.5	20.883650
16.508333	0.5	20.980900
16.516667	0.5	21.069350
16.525000	0.5	21.143150
16.533333	0.5	21.200300
16.541667	0.5	21.238050
16.550000	0.5	21.265400
16.558333	0.5	21.294600
16.566667	0.5	21.304550
16.575000	0.5	21.306350
16.583333	0.5	21.327000
16.591667	0.5	21.342150
16.600000	0.5	21.334400
16.608333	0.5	21.330100
16.616667	0.5	21.320450
16.625000	0.5	21.313350
16.633333	0.5	21.309250
16.641667	0.5	21.303400
16.650000	0.5	21.316300
16.658333	0.5	21.352450
16.666667	0.5	21.380800
16.675000	0.5	21.463050
16.683333	0.5	21.567150
16.691667	0.5	21.694950
16.700000	0.5	21.847500
16.708333	0.5	22.040150
16.716667	0.5	22.283250
16.725000	0.5	22.578700
16.733333	0.5	22.937600
16.741667	0.5	23.365850
16.750000	0.5	23.893600
16.758333	0.5	24.523450
16.766667	0.5	25.261500
16.775000	0.5	26.175300
16.783333	0.5	27.253700
16.791667	0.5	28.492800
16.800000	0.5	29.934400
16.808333	0.5	31.589650
16.816667	0.5	33.464950
16.825000	0.5	35.559701
16.833333	0.5	37.864851
16.841667	0.5	40.372201
16.850000	0.5	43.081851
16.858333	0.5	45.884001
16.866667	0.5	48.882851
16.875000	0.5	51.972901
16.883333	0.5	55.046701
16.891667	0.5	55.077351
16.900000	0.5	61.092401
16.908333	0.5	63.854001
16.916667	0.5	66.428201
16.925000	0.5	68.740801
16.933333	0.5	70.735301
16.941667	0.5	72.471201
16.950000	0.5	73.835951
16.958333	0.5	74.828401
16.966667	0.5	75.578701
16.975000	0.5	75.959701
16.983333	0.5	75.920101
16.991667	0.5	75.540501
17.000000	0.5	74.826651
17.008333	0.5	73.809801
17.016667	0.5	72.513601
17.025000	0.5	70.948601
17.033333	0.5	69.211751
17.041667	0.5	67.348101
17.050000	0.5	65.268751
17.058333	0.5	63.181151
17.066667	0.5	61.013901
17.075000	0.5	58.762251
17.083333	0.5	56.450201
17.091667	0.5	54.140001
17.100000	0.5	51.855601
17.108333	0.5	49.608601
17.116667	0.5	47.412701
17.125000	0.5	45.286501
17.133333	0.5	43.275251
17.141667	0.5	41.342301
17.150000	0.5	39.504151
17.158333	0.5	37.800051
17.166667	0.5	36.185351
17.175000	0.5	34.646201
17.183333	0.5	33.208050
17.191667	0.5	31.873150
17.200000	0.5	30.636000
17.208333	0.5	29.493350
17.216667	0.5	28.435500
17.225000	0.5	27.477350
17.233333	0.5	26.607650
17.241667	0.5	25.793350
17.250000	0.5	25.070450
17.258333	0.5	24.407900
17.266667	0.5	23.796500
17.275000	0.5	23.236800
17.283333	0.5	22.727800
17.291667	0.5	22.269200
17.300000	0.5	21.850400
17.308333	0.5	21.468700
17.316667	0.5	21.127500
17.325000	0.5	20.823850
17.333333	0.5	20.549700
17.341667	0.5	20.302850
17.350000	0.5	20.090300
17.358333	0.5	19.902550
17.366667	0.5	19.726400
17.375000	0.5	19.580900
17.383333	0.5	19.453250
17.391667	0.5	19.346150
17.400000	0.5	19.258000
17.408333	0.5	19.192050
17.416667	0.5	19.144300
17.425000	0.5	19.122250
17.433333	0.5	19.101700
17.441667	0.5	19.119850
17.450000	0.5	19.151500
17.458333	0.5	19.193950
17.466667	0.5	19.248700
17.475000	0.5	19.318050
17.483333	0.5	19.397500
17.491667	0.5	19.487000
17.500000	0.5	19.581800
17.508333	0.5	19.683250
17.516667	0.5	19.799650
17.525000	0.5	19.912650
17.533333	0.5	20.028650
17.541667	0.5	20.165100
17.550000	0.5	20.298050
17.558333	0.5	20.417050
17.566667	0.5	20.533400
17.575000	0.5	20.645400
17.583333	0.5	20.749550
17.591667	0.5	20.845650
17.600000	0.5	20.933800
17.608333	0.5	21.020000
17.616667	0.5	21.099600
17.625000	0.5	21.155500
17.633333	0.5	21.232550
17.641667	0.5	21.304200
17.650000	0.5	21.362800
17.658333	0.5	21.404400
17.666667	0.5	21.441850
17.675000	0.5	21.474250
17.683333	0.5	21.500350
17.691667	0.5	21.513300
17.700000	0.5	21.523100
17.708333	0.5	21.538600
17.716667	0.5	21.544300
17.725000	0.5	21.546200
17.733333	0.5	21.569200
17.741667	0.5	21.586700
17.750000	0.5	21.585100
17.758333	0.5	21.582350
17.766667	0.5	21.574600
17.775000	0.5	21.563350
17.783333	0.5	21.545800
17.791667	0.5	21.527750
17.800000	0.5	21.509550
17.808333	0.5	21.495400
17.816667	0.5	21.458250
17.825000	0.5	21.450700
17.833333	0.5	21.442700
17.841667	0.5	21.424200
17.850000	0.5	21.396800
17.858333	0.5	21.367150
17.866667	0.5	21.338350
17.875000	0.5	21.301400
17.883333	0.5	21.264850
17.891667	0.5	21.221900
17.900000	0.5	21.191600
17.908333	0.5	21.153650
17.916667	0.5	21.110000
17.925000	0.5	21.097200
17.933333	0.5	21.076300
17.941667	0.5	21.042850
17.950000	0.5	21.009000
17.958333	0.5	20.973300
17.966667	0.5	20.937350
17.975000	0.5	20.895150
17.983333	0.5	20.851550
17.991667	0.5	20.812050
18.000000	0.5	20.779350
18.008333	0.5	20.724350
18.016667	0.5	20.697500
18.025000	0.5	20.662950
18.033333	0.5	20.613850
18.041667	0.5	20.547450
18.050000	0.5	20.474300
18.058333	0.5	20.387200
18.066667	0.5	20.288750
18.075000	0.5	20.170150
18.083333	0.5	20.030800
18.091667	0.5	19.888850
18.100000	0.5	19.715900
18.108333	0.5	19.527450
18.116667	0.5	19.345350
18.125000	0.5	19.147950
18.133333	0.5	18.925650
18.141667	0.5	18.702600
18.150000	0.5	18.480200
18.158333	0.5	18.263850
18.166667	0.5	18.058000
18.175000	0.5	17.864900
18.183333	0.5	17.698350
18.191667	0.5	17.562100
18.200000	0.5	17.436000
18.208333	0.5	17.354300
18.216667	0.5	17.292350
18.225000	0.5	17.243500
18.233333	0.5	17.210650
18.241667	0.5	17.194950
18.250000	0.5	17.193700
18.258333	0.5	17.206700
18.266667	0.5	17.224450
18.275000	0.5	17.248850
18.283333	0.5	17.281450
18.291667	0.5	17.315200
18.300000	0.5	17.346650
18.308333	0.5	17.392900
18.316667	0.5	17.426350
18.325000	0.5	17.439600
18.333333	0.5	17.444100
18.341667	0.5	17.437750
18.350000	0.5	17.408150
18.358333	0.5	17.361050
18.366667	0.5	17.291600
18.375000	0.5	17.200200
18.383333	0.5	17.096050
18.391667	0.5	16.954050
18.400000	0.5	16.818550
18.408333	0.5	16.659950
18.416667	0.5	16.479750
18.425000	0.5	16.286450
18.433333	0.5	16.085700
18.441667	0.5	15.881850
18.450000	0.5	15.686700
18.458333	0.5	15.497000
18.466667	0.5	15.318000
18.475000	0.5	15.165850
18.483333	0.5	15.021250
18.491667	0.5	14.904700
18.500000	0.5	14.814700
18.508333	0.5	14.743800
18.516667	0.5	14.678700
18.525000	0.5	14.641200
18.533333	0.5	14.616350
18.541667	0.5	14.607300
18.550000	0.5	14.610700
18.558333	0.5	14.624900
18.566667	0.5	14.652050
18.575000	0.5	14.684900
18.583333	0.5	14.722250
18.591667	0.5	14.778050
18.600000	0.5	14.836100
18.608333	0.5	14.896100
18.616667	0.5	14.955700
18.625000	0.5	15.020250
18.633333	0.5	15.088100
18.641667	0.5	15.153750
18.650000	0.5	15.222000
18.658333	0.5	15.289500
18.666667	0.5	15.366300
18.675000	0.5	15.438800
18.683333	0.5	15.513200
18.691667	0.5	15.602300
18.700000	0.5	15.686300
18.708333	0.5	15.761600
18.716667	0.5	15.838900
18.725000	0.5	15.917350
18.733333	0.5	15.992400
18.741667	0.5	16.070000
18.750000	0.5	16.142550
18.758333	0.5	16.219450
18.766667	0.5	16.300550
18.775000	0.5	16.365450
18.783333	0.5	16.455150
18.791667	0.5	16.539850
18.800000	0.5	16.619750
18.808333	0.5	16.695400
18.816667	0.5	16.768200
18.825000	0.5	16.848850
18.833333	0.5	16.919100
18.841667	0.5	16.985200
18.850000	0.5	17.048100
18.858333	0.5	17.124200
18.866667	0.5	17.187000
18.875000	0.5	17.253450
18.883333	0.5	17.330750
18.891667	0.5	17.402700
18.900000	0.5	17.464150
18.908333	0.5	17.525850
18.916667	0.5	17.580600
18.925000	0.5	17.632200
18.933333	0.5	17.679750
18.941667	0.5	17.719800
18.950000	0.5	17.763100
18.958333	0.5	17.811600
18.966667	0.5	17.834550
18.975000	0.5	17.882200
18.983333	0.5	17.927000
18.991667	0.5	17.962300
19.000000	0.5	17.986300
19.008333	0.5	18.006950
19.016667	0.5	18.026400
19.025000	0.5	18.040850
19.033333	0.5	18.047000
19.041667	0.5	18.050800
19.050000	0.5	18.061100
19.058333	0.5	18.062700
19.066667	0.5	18.058800
19.075000	0.5	18.076200
19.083333	0.5	18.084350
19.091667	0.5	18.077900
19.100000	0.5	18.075800
19.108333	0.5	18.067700
19.116667	0.5	18.054700
19.125000	0.5	18.040700
19.133333	0.5	18.022450
19.141667	0.5	18.010750
19.150000	0.5	18.006200
19.158333	0.5	17.979950
19.166667	0.5	17.982050
19.175000	0.5	17.981750
19.183333	0.5	17.977100
19.191667	0.5	17.962200
19.200000	0.5	17.947500
19.208333	0.5	17.933050
19.216667	0.5	17.919100
19.225000	0.5	17.897350
19.233333	0.5	17.874850
19.241667	0.5	17.861050
19.250000	0.5	17.841750
19.258333	0.5	17.821750
19.266667	0.5	17.816500
19.275000	0.5	17.806600
19.283333	0.5	17.784050
19.291667	0.5	17.763000
19.300000	0.5	17.741000
19.308333	0.5	17.711050
19.316667	0.5	17.682250
19.325000	0.5	17.649800
19.333333	0.5	17.616200
19.341667	0.5	17.583850
19.350000	0.5	17.534100
19.358333	0.5	17.494500
19.366667	0.5	17.441850
19.375000	0.5	17.355350
19.383333	0.5	17.222950
19.391667	0.5	17.041850
19.400000	0.5	16.804000
19.408333	0.5	16.500700
19.416667	0.5	16.157600
19.425000	0.5	15.811250
19.433333	0.5	15.518200
19.441667	0.5	15.303850
19.450000	0.5	15.216550
19.458333	0.5	15.276100
19.466667	0.5	15.478950
19.475000	0.5	15.810000
19.483333	0.5	16.271850
19.491667	0.5	16.834850
19.500000	0.5	17.467450
19.508333	0.5	18.137300
19.516667	0.5	18.814850
19.525000	0.5	19.477400
19.533333	0.5	20.105500
19.541667	0.5	20.671050
19.550000	0.5	21.194100
19.558333	0.5	21.646200
19.566667	0.5	22.028000
19.575000	0.5	22.344400
19.583333	0.5	22.601600
19.591667	0.5	22.796700
19.600000	0.5	22.942950
19.608333	0.5	23.037000
19.616667	0.5	23.095800
19.625000	0.5	23.120100
19.633333	0.5	23.112050
19.641667	0.5	23.085300
19.650000	0.5	23.041450
19.658333	0.5	22.979200
19.666667	0.5	22.893950
19.675000	0.5	22.805150
19.683333	0.5	22.703200
19.691667	0.5	22.601350
19.700000	0.5	22.487500
19.708333	0.5	22.371200
19.716667	0.5	22.256500
19.725000	0.5	22.146450
19.733333	0.5	22.020950
19.741667	0.5	21.915150
19.750000	0.5	21.806650
19.758333	0.5	21.692600
19.766667	0.5	21.582800
19.775000	0.5	21.472500
19.783333	0.5	21.367300
19.791667	0.5	21.264500
19.800000	0.5	21.165350
19.808333	0.5	21.065700
19.816667	0.5	20.983400
19.825000	0.5	20.895500
19.833333	0.5	20.814550
19.841667	0.5	20.747850
19.850000	0.5	20.681000
19.858333	0.5	20.618550
19.866667	0.5	20.564650
19.875000	0.5	20.518500
19.883333	0.5	20.476200
19.891667	0.5	20.439450
19.900000	0.5	20.405600
19.908333	0.5	20.379500
19.916667	0.5	20.364250
19.925000	0.5	20.336700
19.933333	0.5	20.337800
19.941667	0.5	20.341650
19.950000	0.5	20.346600
19.958333	0.5	20.356650
19.966667	0.5	20.374350
19.975000	0.5	20.405150
19.983333	0.5	20.434500
19.991667	0.5	20.475550
20.000000	0.5	20.522150
20.008333	0.5	20.587400
20.016667	0.5	20.654600
20.025000	0.5	20.732300
20.033333	0.5	20.822950
20.041667	0.5	20.917650
20.050000	0.5	20.992400
20.058333	0.5	21.053550
20.066667	0.5	21.085550
20.075000	0.5	21.066750
20.083333	0.5	20.978350
20.091667	0.5	20.811200
20.100000	0.5	20.546600
20.108333	0.5	20.192800
20.116667	0.5	19.738050
20.125000	0.5	19.226550
20.133333	0.5	18.656750
20.141667	0.5	18.033450
20.150000	0.5	17.390750
20.158333	0.5	16.755850
20.166667	0.5	16.152150
20.175000	0.5	15.598550
20.183333	0.5	15.094250
20.191667	0.5	14.657550
20.200000	0.5	14.290900
20.208333	0.5	13.987550
20.216667	0.5	13.751250
20.225000	0.5	13.574600
20.233333	0.5	13.443550
20.241667	0.5	13.348950
20.250000	0.5	13.294550
20.258333	0.5	13.263950
20.266667	0.5	13.252900
20.275000	0.5	13.258350
20.283333	0.5	13.271500
20.291667	0.5	13.298750
20.300000	0.5	13.337400
20.308333	0.5	13.365250
20.316667	0.5	13.417600
20.325000	0.5	13.461400
20.333333	0.5	13.506200
20.341667	0.5	13.536550
20.350000	0.5	13.550500
20.358333	0.5	13.532300
20.366667	0.5	13.477400
20.375000	0.5	13.390650
20.383333	0.5	13.291300
20.391667	0.5	13.202400
20.400000	0.5	13.129750
20.408333	0.5	13.086000
20.416667	0.5	13.099050
20.425000	0.5	13.142150
20.433333	0.5	13.217300
20.441667	0.5	13.323350
20.450000	0.5	13.446950
20.458333	0.5	13.576400
20.466667	0.5	13.707100
20.475000	0.5	13.826300
20.483333	0.5	13.941050
20.491667	0.5	14.045150
20.500000	0.5	14.128850
20.508333	0.5	14.225250
20.516667	0.5	14.302000
20.525000	0.5	14.365950
20.533333	0.5	14.415800
20.541667	0.5	14.459100
20.550000	0.5	14.495100
20.558333	0.5	14.519000
20.566667	0.5	14.536150
20.575000	0.5	14.543250
20.583333	0.5	14.553400
20.591667	0.5	14.554750
20.600000	0.5	14.554150
20.608333	0.5	14.555750
20.616667	0.5	14.555450
20.625000	0.5	14.542300
20.633333	0.5	14.535550
20.641667	0.5	14.521750
20.650000	0.5	14.505200
20.658333	0.5	14.487150
20.666667	0.5	14.466250
20.675000	0.5	14.452650
20.683333	0.5	14.434700
20.691667	0.5	14.409800
20.700000	0.5	14.407850
20.708333	0.5	14.395150
20.716667	0.5	14.379250
20.725000	0.5	14.362850
20.733333	0.5	14.345300
20.741667	0.5	14.333150
20.750000	0.5	14.320300
20.758333	0.5	14.306400
20.766667	0.5	14.289150
20.775000	0.5	14.281500
20.783333	0.5	14.273250
20.791667	0.5	14.266700
20.800000	0.5	14.271500
20.808333	0.5	14.272500
20.816667	0.5	14.270100
20.825000	0.5	14.269900
20.833333	0.5	14.271300
20.841667	0.5	14.274350
20.850000	0.5	14.280100
20.858333	0.5	14.278650
20.866667	0.5	14.287150
20.875000	0.5	14.302300
20.883333	0.5	14.299850
20.891667	0.5	14.324150
20.900000	0.5	14.342850
20.908333	0.5	14.356450
20.916667	0.5	14.371300
20.925000	0.5	14.387650
20.933333	0.5	14.408700
20.941667	0.5	14.425050
20.950000	0.5	14.441300
20.958333	0.5	14.460850
20.966667	0.5	14.482600
20.975000	0.5	14.505000
20.983333	0.5	14.523050
20.991667	0.5	14.557850
21.000000	0.5	14.585100
21.008333	0.5	14.604850
21.016667	0.5	14.633100
21.025000	0.5	14.658900
21.033333	0.5	14.683950
21.041667	0.5	14.703000
21.050000	0.5	14.720600
21.058333	0.5	14.745600
21.066667	0.5	14.772050
21.075000	0.5	14.787200
21.083333	0.5	14.818400
21.091667	0.5	14.851500
21.100000	0.5	14.878050
21.108333	0.5	14.897200
21.116667	0.5	14.918200
21.125000	0.5	14.934650
21.133333	0.5	14.951850
21.141667	0.5	14.967500
21.150000	0.5	14.983050
21.158333	0.5	15.004150
21.166667	0.5	15.019650
21.175000	0.5	15.031150
21.183333	0.5	15.057100
21.191667	0.5	15.078750
21.200000	0.5	15.082850
21.208333	0.5	15.098800
21.216667	0.5	15.108050
21.225000	0.5	15.115800
21.233333	0.5	15.128400
21.241667	0.5	15.130300
21.250000	0.5	15.139250
21.258333	0.5	15.148600
21.266667	0.5	15.143450
21.275000	0.5	15.161750
21.283333	0.5	15.175750
21.291667	0.5	15.184000
21.300000	0.5	15.186300
21.308333	0.5	15.191900
21.316667	0.5	15.197100
21.325000	0.5	15.195600
21.333333	0.5	15.195250
21.341667	0.5	15.191750
21.350000	0.5	15.193950
21.358333	0.5	15.195400
21.366667	0.5	15.192150
21.375000	0.5	15.205450
21.383333	0.5	15.217600
21.391667	0.5	15.207450
21.400000	0.5	15.210150
21.408333	0.5	15.207450
21.416667	0.5	15.207900
21.425000	0.5	15.204800
21.433333	0.5	15.198100
21.441667	0.5	15.196950
21.450000	0.5	15.201600
21.458333	0.5	15.182450
21.466667	0.5	15.193900
21.475000	0.5	15.201400
21.483333	0.5	15.201050
21.491667	0.5	15.200800
21.500000	0.5	15.200300
21.508333	0.5	15.202350
21.516667	0.5	15.196800
21.525000	0.5	15.195150
21.533333	0.5	15.187750
21.541667	0.5	15.195100
21.550000	0.5	15.192550
21.558333	0.5	15.190800
21.566667	0.5	15.203900
21.575000	0.5	15.214650
21.583333	0.5	15.214200
21.591667	0.5	15.218550
21.600000	0.5	15.216200
21.608333	0.5	15.217950
21.616667	0.5	15.218750
21.625000	0.5	15.212600
21.633333	0.5	15.214300
21.641667	0.5	15.226050
21.650000	0.5	15.215950
21.658333	0.5	15.228300
21.666667	0.5	15.244250
21.675000	0.5	15.246100
21.683333	0.5	15.248750
21.691667	0.5	15.253200
21.700000	0.5	15.256250
21.708333	0.5	15.257900
21.716667	0.5	15.258400
21.725000	0.5	15.256750
21.733333	0.5	15.263250
21.741667	0.5	15.261350
21.750000	0.5	15.264000
21.758333	0.5	15.280150
21.766667	0.5	15.294050
21.775000	0.5	15.291300
21.783333	0.5	15.300200
21.791667	0.5	15.301400
21.800000	0.5	15.307450
21.808333	0.5	15.304400
21.816667	0.5	15.306100
21.825000	0.5	15.310400
21.833333	0.5	15.322400
21.841667	0.5	15.314000
21.850000	0.5	15.329300
21.858333	0.5	15.348200
21.866667	0.5	15.358600
21.875000	0.5	15.361950
21.883333	0.5	15.370250
21.891667	0.5	15.377400
21.900000	0.5	15.381350
21.908333	0.5	15.386450
21.916667	0.5	15.387750
21.925000	0.5	15.394600
21.933333	0.5	15.403250
21.941667	0.5	15.408650
21.950000	0.5	15.428050
21.958333	0.5	15.444650
21.966667	0.5	15.446200
21.975000	0.5	15.454800
21.983333	0.5	15.461850
21.991667	0.5	15.465400
22.000000	0.5	15.469750
22.008333	0.5	15.465850
22.016667	0.5	15.471550
22.025000	0.5	15.482450
22.033333	0.5	15.475000
22.041667	0.5	15.488700
22.050000	0.5	15.502350
22.058333	0.5	15.509250
22.066667	0.5	15.508700
22.075000	0.5	15.509700
22.083333	0.5	15.505500
22.091667	0.5	15.500850
22.100000	0.5	15.495800
22.108333	0.5	15.487550
22.116667	0.5	15.484550
22.125000	0.5	15.468150
22.133333	0.5	15.457950
22.141667	0.5	15.460850
22.150000	0.5	15.457000
22.158333	0.5	15.441100
22.166667	0.5	15.430250
22.175000	0.5	15.410400
22.183333	0.5	15.393250
22.191667	0.5	15.372100
22.200000	0.5	15.349500
22.208333	0.5	15.332400
22.216667	0.5	15.317000
22.225000	0.5	15.286400
22.233333	0.5	15.278800
22.241667	0.5	15.271650
22.250000	0.5	15.261800
22.258333	0.5	15.240550
22.266667	0.5	15.226200
22.275000	0.5	15.215000
22.283333	0.5	15.200950
22.291667	0.5	15.187450
22.300000	0.5	15.176800
22.308333	0.5	15.170400
22.316667	0.5	15.163200
22.325000	0.5	15.158950
22.333333	0.5	15.171950
22.341667	0.5	15.183750
22.350000	0.5	15.185900
22.358333	0.5	15.191100
22.366667	0.5	15.201150
22.375000	0.5	15.215150
22.383333	0.5	15.225600
22.391667	0.5	15.234600
22.400000	0.5	15.243050
22.408333	0.5	15.267550
22.416667	0.5	15.272700
22.425000	0.5	15.305550
22.433333	0.5	15.336650
22.441667	0.5	15.362350
22.450000	0.5	15.381000
22.458333	0.5	15.408400
22.466667	0.5	15.429550
22.475000	0.5	15.453050
22.483333	0.5	15.472250
22.491667	0.5	15.493350
22.500000	0.5	15.517200
22.508333	0.5	15.536900
22.516667	0.5	15.557950
22.525000	0.5	15.586600
22.533333	0.5	15.615250
22.541667	0.5	15.629250
22.550000	0.5	15.645450
22.558333	0.5	15.660700
22.566667	0.5	15.670250
22.575000	0.5	15.677850
22.583333	0.5	15.678900
22.591667	0.5	15.687600
22.600000	0.5	15.696350
22.608333	0.5	15.684800
22.616667	0.5	15.704450
22.625000	0.5	15.715400
22.633333	0.5	15.719050
22.641667	0.5	15.718050
22.650000	0.5	15.718600
22.658333	0.5	15.710850
22.666667	0.5	15.705400
22.675000	0.5	15.700500
22.683333	0.5	15.689750
22.691667	0.5	15.688150
22.700000	0.5	15.683350
22.708333	0.5	15.673250
22.716667	0.5	15.682050
22.725000	0.5	15.686750
22.733333	0.5	15.676150
22.741667	0.5	15.674250
22.750000	0.5	15.669150
22.758333	0.5	15.661900
22.766667	0.5	15.654600
22.775000	0.5	15.643800
22.783333	0.5	15.638700
22.791667	0.5	15.638400
22.800000	0.5	15.618400
22.808333	0.5	15.627350
22.816667	0.5	15.632150
22.825000	0.5	15.631400
22.833333	0.5	15.626400
22.841667	0.5	15.620500
22.850000	0.5	15.614900
22.858333	0.5	15.610250
22.866667	0.5	15.598800
22.875000	0.5	15.586150
22.883333	0.5	15.580400
22.891667	0.5	15.571200
22.900000	0.5	15.565800
22.908333	0.5	15.574800
22.916667	0.5	15.573900
22.925000	0.5	15.562250
22.933333	0.5	15.560650
22.941667	0.5	15.552600
22.950000	0.5	15.542500
22.958333	0.5	15.533250
22.966667	0.5	15.519250
22.975000	0.5	15.515250
22.983333	0.5	15.507700
22.991667	0.5	15.486100
23.000000	0.5	15.492800
23.008333	0.5	15.492750
23.016667	0.5	15.490950
23.025000	0.5	15.476600
23.033333	0.5	15.469100
23.041667	0.5	15.460250
23.050000	0.5	15.450400
23.058333	0.5	15.433300
23.066667	0.5	15.417400
23.075000	0.5	15.408800
23.083333	0.5	15.393650
23.091667	0.5	15.379350
23.100000	0.5	15.377800
23.108333	0.5	15.378150
23.116667	0.5	15.362750
23.125000	0.5	15.355750
23.133333	0.5	15.342900
23.141667	0.5	15.326600
23.150000	0.5	15.317100
23.158333	0.5	15.297050
23.166667	0.5	15.282250
23.175000	0.5	15.275250
23.183333	0.5	15.252050
23.191667	0.5	15.251200
23.200000	0.5	15.248550
23.208333	0.5	15.241800
23.216667	0.5	15.231600
23.225000	0.5	15.218750
23.233333	0.5	15.207500
23.241667	0.5	15.193650
23.250000	0.5	15.180150
23.258333	0.5	15.163850
23.266667	0.5	15.150300
23.275000	0.5	15.133000
23.283333	0.5	15.113600
23.291667	0.5	15.094350
23.300000	0.5	15.036200
23.308333	0.5	14.857100
23.316667	0.5	14.540900
23.325000	0.5	14.125750
23.333333	0.5	13.700550
23.341667	0.5	13.297300
23.350000	0.5	12.948550
23.358333	0.5	12.707750
23.366667	0.5	12.564200
23.375000	0.5	12.474250
23.383333	0.5	12.432250
23.391667	0.5	12.401300
23.400000	0.5	12.372500
23.408333	0.5	12.350400
23.416667	0.5	12.326350
23.425000	0.5	12.308350
23.433333	0.5	12.292750
23.441667	0.5	12.279300
23.450000	0.5	12.271500
23.458333	0.5	12.263900
23.466667	0.5	12.262200
23.475000	0.5	12.258100
23.483333	0.5	12.268300
23.491667	0.5	12.276150
23.500000	0.5	12.278400
23.508333	0.5	12.285250
23.516667	0.5	12.295600
23.525000	0.5	12.304350
23.533333	0.5	12.314150
23.541667	0.5	12.324000
23.550000	0.5	12.335200
23.558333	0.5	12.353050
23.566667	0.5	12.356050
23.575000	0.5	12.383100
23.583333	0.5	12.403950
23.591667	0.5	12.417950
23.600000	0.5	12.432450
23.608333	0.5	12.446350
23.616667	0.5	12.458300
23.625000	0.5	12.467750
23.633333	0.5	12.480950
23.641667	0.5	12.489250
23.650000	0.5	12.499300
23.658333	0.5	12.505950
23.666667	0.5	12.515650
23.675000	0.5	12.533300
23.683333	0.5	12.544750
23.691667	0.5	12.546650
23.700000	0.5	12.552300
23.708333	0.5	12.557850
23.716667	0.5	12.561150
23.725000	0.5	12.560250
23.733333	0.5	12.562950
23.741667	0.5	12.562700
23.750000	0.5	12.565200
23.758333	0.5	12.553550
23.766667	0.5	12.564750
23.775000	0.5	12.568550
23.783333	0.5	12.572050
23.791667	0.5	12.572050
23.800000	0.5	12.570350
23.808333	0.5	12.565950
23.816667	0.5	12.560900
23.825000	0.5	12.558450
23.833333	0.5	12.553150
23.841667	0.5	12.552200
23.850000	0.5	12.547650
23.858333	0.5	12.545000
23.866667	0.5	12.550350
23.875000	0.5	12.549150
23.883333	0.5	12.545900
23.891667	0.5	12.542850
23.900000	0.5	12.541950
23.908333	0.5	12.539000
23.916667	0.5	12.531100
23.925000	0.5	12.524600
23.933333	0.5	12.521100
23.941667	0.5	12.515850
23.950000	0.5	12.500100
23.958333	0.5	12.502450
23.966667	0.5	12.495850
23.975000	0.5	12.489150
23.983333	0.5	12.470550
23.991667	0.5	12.454100
24.000000	0.5	12.435950
24.008333	0.5	12.415900
24.016667	0.5	12.395050
24.025000	0.5	12.365550
24.033333	0.5	12.338500
24.041667	0.5	12.312200
24.050000	0.5	12.280550
24.058333	0.5	12.258500
24.066667	0.5	12.232850
24.075000	0.5	12.193650
24.083333	0.5	12.168850
24.091667	0.5	12.139150
24.100000	0.5	12.111550
24.108333	0.5	12.081250
24.116667	0.5	12.055750
24.125000	0.5	12.031450
24.133333	0.5	12.016150
24.141667	0.5	11.988500
24.150000	0.5	11.978100
24.158333	0.5	11.966250
24.166667	0.5	11.952200
24.175000	0.5	11.940150
24.183333	0.5	11.927500
24.191667	0.5	11.919750
24.200000	0.5	11.906150
24.208333	0.5	11.900100
24.216667	0.5	11.891200
24.225000	0.5	11.884800
24.233333	0.5	11.875300
24.241667	0.5	11.871800
24.250000	0.5	11.873350
24.258333	0.5	11.870800
24.266667	0.5	11.867450
24.275000	0.5	11.864150
24.283333	0.5	11.859550
24.291667	0.5	11.854550
24.300000	0.5	11.853300
24.308333	0.5	11.846950
24.316667	0.5	11.848300
24.325000	0.5	11.849750
24.333333	0.5	11.842100
24.341667	0.5	11.850950
24.350000	0.5	11.854550
24.358333	0.5	11.858850
24.366667	0.5	11.860650
24.375000	0.5	11.859350
24.383333	0.5	11.862150
24.391667	0.5	11.867100
24.400000	0.5	11.870400
24.408333	0.5	11.872400
24.416667	0.5	11.880100
24.425000	0.5	11.882750
24.433333	0.5	11.893900
24.441667	0.5	11.905450
24.450000	0.5	11.916150
24.458333	0.5	11.918100
24.466667	0.5	11.924800
24.475000	0.5	11.930850
24.483333	0.5	11.936200
24.491667	0.5	11.940750
24.500000	0.5	11.945100
24.508333	0.5	11.949200
24.516667	0.5	11.952050
24.525000	0.5	11.944400
24.533333	0.5	11.955650
24.541667	0.5	11.958600
24.550000	0.5	11.956250
24.558333	0.5	11.952450
24.566667	0.5	11.948700
24.575000	0.5	11.941700
24.583333	0.5	11.932050
24.591667	0.5	11.919350
24.600000	0.5	11.907250
24.608333	0.5	11.897000
24.616667	0.5	11.881350
24.625000	0.5	11.871250
24.633333	0.5	11.858850
24.641667	0.5	11.843100
24.650000	0.5	11.825200
24.658333	0.5	11.806700
24.666667	0.5	11.785400
24.675000	0.5	11.769400
24.683333	0.5	11.750950
24.691667	0.5	11.728150
24.700000	0.5	11.712650
24.708333	0.5	11.690200
24.716667	0.5	11.665400
24.725000	0.5	11.652900
24.733333	0.5	11.638750
24.741667	0.5	11.620250
24.750000	0.5	11.601650
24.758333	0.5	11.584050
24.766667	0.5	11.565100
24.775000	0.5	11.548350
24.783333	0.5	11.531850
24.791667	0.5	11.514050
24.800000	0.5	11.497750
24.808333	0.5	11.480000
24.816667	0.5	11.467950
24.825000	0.5	11.459700
24.833333	0.5	11.447900
24.841667	0.5	11.434100
24.850000	0.5	11.419750
24.858333	0.5	11.407850
24.866667	0.5	11.393250
24.875000	0.5	11.380950
24.883333	0.5	11.363900
24.891667	0.5	11.350050
24.900000	0.5	11.341650
24.908333	0.5	11.321600
24.916667	0.5	11.317150
24.925000	0.5	11.306500
24.933333	0.5	11.293350
24.941667	0.5	11.278900
24.950000	0.5	11.263650
24.958333	0.5	11.248750
24.966667	0.5	11.233000
24.975000	0.5	11.219200
24.983333	0.5	11.204800
24.991667	0.5	11.196200
25.000000	0.5	11.178450
25.008333	0.5	11.164800
25.016667	0.5	11.156850
25.025000	0.5	11.144300
25.033333	0.5	11.125800
25.041667	0.5	11.112400
25.050000	0.5	11.097350
25.058333	0.5	11.081700
25.066667	0.5	11.066050
25.075000	0.5	11.050950
25.083333	0.5	11.037300
25.091667	0.5	11.025550
25.100000	0.5	11.002850
25.108333	0.5	10.996450
25.116667	0.5	10.980550
25.125000	0.5	10.971200
25.133333	0.5	10.951900
25.141667	0.5	10.938500
25.150000	0.5	10.921900
25.158333	0.5	10.908150
25.166667	0.5	10.895400
25.175000	0.5	10.881950
25.183333	0.5	10.872950
25.191667	0.5	10.858600
25.200000	0.5	10.848650
25.208333	0.5	10.844900
25.216667	0.5	10.834750
25.225000	0.5	10.826700
25.233333	0.5	10.817450
25.241667	0.5	10.813900
25.250000	0.5	10.807600
25.258333	0.5	10.805150
25.266667	0.5	10.798150
25.275000	0.5	10.794550
25.283333	0.5	10.794500
25.291667	0.5	10.793500
25.300000	0.5	10.796400
25.308333	0.5	10.805400
25.316667	0.5	10.808450
25.325000	0.5	10.811200
25.333333	0.5	10.815350
25.341667	0.5	10.822700
25.350000	0.5	10.829250
25.358333	0.5	10.840100
25.366667	0.5	10.849700
25.375000	0.5	10.854750
25.383333	0.5	10.866450
25.391667	0.5	10.878550
25.400000	0.5	10.897400
25.408333	0.5	10.913400
25.416667	0.5	10.924700
25.425000	0.5	10.940700
25.433333	0.5	10.958100
25.441667	0.5	10.972800
25.450000	0.5	10.990100
25.458333	0.5	11.005350
25.466667	0.5	11.026250
25.475000	0.5	11.045950
25.483333	0.5	11.056400
25.491667	0.5	11.083650
25.500000	0.5	11.106250
25.508333	0.5	11.125850
25.516667	0.5	11.149000
25.525000	0.5	11.166950
25.533333	0.5	11.188550
25.541667	0.5	11.208950
25.550000	0.5	11.225900
25.558333	0.5	11.246350
25.566667	0.5	11.265450
25.575000	0.5	11.287650
25.583333	0.5	11.304000
25.591667	0.5	11.327650
25.600000	0.5	11.349400
25.608333	0.5	11.358100
25.616667	0.5	11.375600
25.625000	0.5	11.388750
25.633333	0.5	11.401600
25.641667	0.5	11.412600
25.650000	0.5	11.421950
25.658333	0.5	11.435750
25.666667	0.5	11.443700
25.675000	0.5	11.444800
25.683333	0.5	11.458200
25.691667	0.5	11.464050
25.700000	0.5	11.468950
25.708333	0.5	11.470700
25.716667	0.5	11.475400
25.725000	0.5	11.474850
25.733333	0.5	11.472050
25.741667	0.5	11.470200
25.750000	0.5	11.465550
25.758333	0.5	11.463550
25.766667	0.5	11.457650
25.775000	0.5	11.457250
25.783333	0.5	11.463350
25.791667	0.5	11.461200
25.800000	0.5	11.456000
25.808333	0.5	11.452850
25.816667	0.5	11.451050
25.825000	0.5	11.451100
25.833333	0.5	11.444300
25.841667	0.5	11.442100
25.850000	0.5	11.442550
25.858333	0.5	11.443850
25.866667	0.5	11.436600
25.875000	0.5	11.444550
25.883333	0.5	11.447350
25.891667	0.5	11.450850
25.900000	0.5	11.450800
25.908333	0.5	11.453500
25.916667	0.5	11.455500
25.925000	0.5	11.453500
25.933333	0.5	11.457900
25.941667	0.5	11.452500
25.950000	0.5	11.458000
25.958333	0.5	11.455400
25.966667	0.5	11.455500
25.975000	0.5	11.460950
25.983333	0.5	11.462250
25.991667	0.5	11.462350
26.000000	0.5	11.460200
26.008333	0.5	11.461600
26.016667	0.5	11.458900
26.025000	0.5	11.452900
26.033333	0.5	11.447900
26.041667	0.5	11.441350
26.050000	0.5	11.444000
26.058333	0.5	11.431700
26.066667	0.5	11.432400
26.075000	0.5	11.428450
26.083333	0.5	11.423800
26.091667	0.5	11.416500
26.100000	0.5	11.412100
26.108333	0.5	11.402750
26.116667	0.5	11.395350
26.125000	0.5	11.389400
26.133333	0.5	11.381550
26.141667	0.5	11.375300
26.150000	0.5	11.368000
26.158333	0.5	11.362100
26.166667	0.5	11.364550
26.175000	0.5	11.358600
26.183333	0.5	11.352500
26.191667	0.5	11.348400
26.200000	0.5	11.347500
26.208333	0.5	11.343000
26.216667	0.5	11.339900
26.225000	0.5	11.335300
26.233333	0.5	11.337900
26.241667	0.5	11.338300
26.250000	0.5	11.326450
26.258333	0.5	11.337250
26.266667	0.5	11.339800
26.275000	0.5	11.338450
26.283333	0.5	11.345750
26.291667	0.5	11.345600
26.300000	0.5	11.345900
26.308333	0.5	11.347100
26.316667	0.5	11.348750
26.325000	0.5	11.351900
26.333333	0.5	11.352500
26.341667	0.5	11.352100
26.350000	0.5	11.355900
26.358333	0.5	11.361350
26.366667	0.5	11.368250
26.375000	0.5	11.366000
26.383333	0.5	11.367050
26.391667	0.5	11.367450
26.400000	0.5	11.368550
26.408333	0.5	11.367600
26.416667	0.5	11.363050
26.425000	0.5	11.360700
26.433333	0.5	11.360950
26.441667	0.5	11.353500
26.450000	0.5	11.360850
26.458333	0.5	11.363300
26.466667	0.5	11.362250
26.475000	0.5	11.356250
26.483333	0.5	11.353650
26.491667	0.5	11.350450
26.500000	0.5	11.345950
26.508333	0.5	11.343850
26.516667	0.5	11.337550
26.525000	0.5	11.334900
26.533333	0.5	11.328350
26.541667	0.5	11.325300
26.550000	0.5	11.327900
26.558333	0.5	11.324200
26.566667	0.5	11.316500
26.575000	0.5	11.317100
26.583333	0.5	11.307750
26.591667	0.5	11.309250
26.600000	0.5	11.302550
26.608333	0.5	11.296950
26.616667	0.5	11.293950
26.625000	0.5	11.292650
26.633333	0.5	11.282650
26.641667	0.5	11.288600
26.650000	0.5	11.290050
26.658333	0.5	11.290150
26.666667	0.5	11.290550
26.675000	0.5	11.289600
26.683333	0.5	11.291850
26.691667	0.5	11.293050
26.700000	0.5	11.300750
26.708333	0.5	11.301650
26.716667	0.5	11.306400
26.725000	0.5	11.310650
26.733333	0.5	11.318200
26.741667	0.5	11.328250
26.750000	0.5	11.341100
26.758333	0.5	11.348700
26.766667	0.5	11.363000
26.775000	0.5	11.374700
26.783333	0.5	11.392050
26.791667	0.5	11.406150
26.800000	0.5	11.422300
26.808333	0.5	11.440750
26.816667	0.5	11.463200
26.825000	0.5	11.477550
26.833333	0.5	11.514100
26.841667	0.5	11.540400
26.850000	0.5	11.567100
26.858333	0.5	11.597550
26.866667	0.5	11.626550
26.875000	0.5	11.661300
26.883333	0.5	11.694450
26.891667	0.5	11.734450
26.900000	0.5	11.770750
26.908333	0.5	11.809750
26.916667	0.5	11.844650
26.925000	0.5	11.890000
26.933333	0.5	11.936900
26.941667	0.5	11.981500
26.950000	0.5	12.023200
26.958333	0.5	12.067700
26.966667	0.5	12.111400
26.975000	0.5	12.157350
26.983333	0.5	12.197350
26.991667	0.5	12.244500
27.000000	0.5	12.286850
27.008333	0.5	12.333350
27.016667	0.5	12.368250
27.025000	0.5	12.415550
27.033333	0.5	12.456050
27.041667	0.5	12.494500
27.050000	0.5	12.531050
27.058333	0.5	12.569050
27.066667	0.5	12.602450
27.075000	0.5	12.630100
27.083333	0.5	12.660850
27.091667	0.5	12.687950
27.100000	0.5	12.713600
27.108333	0.5	12.731900
27.116667	0.5	12.761100
27.125000	0.5	12.785800
27.133333	0.5	12.806550
27.141667	0.5	12.819350
27.150000	0.5	12.833050
27.158333	0.5	12.847000
27.166667	0.5	12.856500
27.175000	0.5	12.866450
27.183333	0.5	12.869850
27.191667	0.5	12.877300
27.200000	0.5	12.882950
27.208333	0.5	12.880100
27.216667	0.5	12.888150
27.225000	0.5	12.889250
27.233333	0.5	12.885150
27.241667	0.5	12.882150
27.250000	0.5	12.873700
27.258333	0.5	12.868100
27.266667	0.5	12.859750
27.275000	0.5	12.848900
27.283333	0.5	12.832500
27.291667	0.5	12.823600
27.300000	0.5	12.803050
27.308333	0.5	12.791750
27.316667	0.5	12.782650
27.325000	0.5	12.761550
27.333333	0.5	12.740600
27.341667	0.5	12.719350
27.350000	0.5	12.697750
27.358333	0.5	12.673750
27.366667	0.5	12.648200
27.375000	0.5	12.620500
27.383333	0.5	12.596000
27.391667	0.5	12.571000
27.400000	0.5	12.538300
27.408333	0.5	12.516600
27.416667	0.5	12.491400
27.425000	0.5	12.460600
27.433333	0.5	12.430100
27.441667	0.5	12.397650
27.450000	0.5	12.364300
27.458333	0.5	12.330900
27.466667	0.5	12.296950
27.475000	0.5	12.261650
27.483333	0.5	12.226750
27.491667	0.5	12.189150
27.500000	0.5	12.159850
27.508333	0.5	12.128650
27.516667	0.5	12.097700
27.525000	0.5	12.056550
27.533333	0.5	12.019300
27.541667	0.5	11.985800
27.550000	0.5	11.943700
27.558333	0.5	11.905800
27.566667	0.5	11.868950
27.575000	0.5	11.833000
27.583333	0.5	11.798700
27.591667	0.5	11.750800
27.600000	0.5	11.723350
27.608333	0.5	11.692050
27.616667	0.5	11.651850
27.625000	0.5	11.616150
27.633333	0.5	11.579950
27.641667	0.5	11.544650
27.650000	0.5	11.508200
27.658333	0.5	11.474550
27.666667	0.5	11.439200
27.675000	0.5	11.407200
27.683333	0.5	11.371450
27.691667	0.5	11.345550
27.700000	0.5	11.320100
27.708333	0.5	11.295250
27.716667	0.5	11.265350
27.725000	0.5	11.242050
27.733333	0.5	11.215800
27.741667	0.5	11.191750
27.750000	0.5	11.172650
27.758333	0.5	11.150200
27.766667	0.5	11.131350
27.775000	0.5	11.118300
27.783333	0.5	11.097150
27.791667	0.5	11.088550
27.800000	0.5	11.080850
27.808333	0.5	11.067500
27.816667	0.5	11.059850
27.825000	0.5	11.050450
27.833333	0.5	11.043200
27.841667	0.5	11.034450
27.850000	0.5	11.032100
27.858333	0.5	11.025550
27.866667	0.5	11.021250
27.875000	0.5	11.016750
27.883333	0.5	11.018350
27.891667	0.5	11.021100
27.900000	0.5	11.024050
27.908333	0.5	11.020100
27.916667	0.5	11.024600
27.925000	0.5	11.030050
27.933333	0.5	11.029500
27.941667	0.5	11.031050
27.950000	0.5	11.029300
27.958333	0.5	11.032250
27.966667	0.5	11.043600
27.975000	0.5	11.039450
27.983333	0.5	11.054000
27.991667	0.5	11.060400
28.000000	0.5	11.063250
28.008333	0.5	11.069950
28.016667	0.5	11.077850
28.025000	0.5	11.083250
28.033333	0.5	11.084900
28.041667	0.5	11.093400
28.050000	0.5	11.097750
28.058333	0.5	11.100350
28.066667	0.5	11.104300
28.075000	0.5	11.113100
28.083333	0.5	11.128800
28.091667	0.5	11.136100
28.100000	0.5	11.143250
28.108333	0.5	11.146750
28.116667	0.5	11.158150
28.125000	0.5	11.167250
28.133333	0.5	11.177250
28.141667	0.5	11.185600
28.150000	0.5	11.196200
28.158333	0.5	11.206000
28.166667	0.5	11.215100
28.175000	0.5	11.236700
28.183333	0.5	11.249750
28.191667	0.5	11.266050
28.200000	0.5	11.281750
28.208333	0.5	11.298250
28.216667	0.5	11.314450
28.225000	0.5	11.335600
28.233333	0.5	11.352150
28.241667	0.5	11.376450
28.250000	0.5	11.398400
28.258333	0.5	11.417000
28.266667	0.5	11.447100
28.275000	0.5	11.475700
28.283333	0.5	11.505550
28.291667	0.5	11.530900
28.300000	0.5	11.560250
28.308333	0.5	11.593500
28.316667	0.5	11.624150
28.325000	0.5	11.656600
28.333333	0.5	11.688550
28.341667	0.5	11.724600
28.350000	0.5	11.759850
28.358333	0.5	11.791300
28.366667	0.5	11.834000
28.375000	0.5	11.878450
28.383333	0.5	11.913550
28.391667	0.5	11.954700
28.400000	0.5	11.996950
28.408333	0.5	12.035050
28.416667	0.5	12.072000
28.425000	0.5	12.112300
28.433333	0.5	12.154300
28.441667	0.5	12.197250
28.450000	0.5	12.230600
28.458333	0.5	12.276400
28.466667	0.5	12.322950
28.475000	0.5	12.360350
28.483333	0.5	12.400300
28.491667	0.5	12.436350
28.500000	0.5	12.478500
28.508333	0.5	12.513700
28.516667	0.5	12.547000
28.525000	0.5	12.577550
28.533333	0.5	12.608500
28.541667	0.5	12.641000
28.550000	0.5	12.665850
28.558333	0.5	12.700900
28.566667	0.5	12.726850
28.575000	0.5	12.751150
28.583333	0.5	12.774650
28.591667	0.5	12.789450
28.600000	0.5	12.806550
28.608333	0.5	12.819500
28.616667	0.5	12.832550
28.625000	0.5	12.841600
28.633333	0.5	12.851550
28.641667	0.5	12.853300
28.650000	0.5	12.860750
28.658333	0.5	12.863200
28.666667	0.5	12.865100
28.675000	0.5	12.865700
28.683333	0.5	12.862350
28.691667	0.5	12.853650
28.700000	0.5	12.846550
28.708333	0.5	12.837500
28.716667	0.5	12.826050
28.725000	0.5	12.816100
28.733333	0.5	12.807850
28.741667	0.5	12.787500
28.750000	0.5	12.785400
28.758333	0.5	12.778150
28.766667	0.5	12.764550
28.775000	0.5	12.755050
28.783333	0.5	12.742000
28.791667	0.5	12.730800
28.800000	0.5	12.718750
28.808333	0.5	12.710850
28.816667	0.5	12.701050
28.825000	0.5	12.692550
28.833333	0.5	12.677850
28.841667	0.5	12.680450
28.850000	0.5	12.678650
28.858333	0.5	12.678900
28.866667	0.5	12.664750
28.875000	0.5	12.653750
28.883333	0.5	12.650150
28.891667	0.5	12.644800
28.900000	0.5	12.633250
28.908333	0.5	12.624050
28.916667	0.5	12.612850
28.925000	0.5	12.606250
28.933333	0.5	12.588450
28.941667	0.5	12.582250
28.950000	0.5	12.579250
28.958333	0.5	12.562500
28.966667	0.5	12.546500
28.975000	0.5	12.531500
28.983333	0.5	12.514800
28.991667	0.5	12.490500
29.000000	0.5	12.471900
29.008333	0.5	12.458650
29.016667	0.5	12.438250
29.025000	0.5	12.409950
29.033333	0.5	12.391250
29.041667	0.5	12.376350
29.050000	0.5	12.362800
29.058333	0.5	12.337950
29.066667	0.5	12.321050
29.075000	0.5	12.300350
29.083333	0.5	12.279050
29.091667	0.5	12.258500
29.100000	0.5	12.246150
29.108333	0.5	12.228300
29.116667	0.5	12.221800
29.125000	0.5	12.203300
29.133333	0.5	12.197100
29.141667	0.5	12.197850
29.150000	0.5	12.195100
29.158333	0.5	12.198150
29.166667	0.5	12.197450
29.175000	0.5	12.202350
29.183333	0.5	12.212400
29.191667	0.5	12.222700
29.200000	0.5	12.231550
29.208333	0.5	12.249250
29.216667	0.5	12.261800
29.225000	0.5	12.282950
29.233333	0.5	12.312550
29.241667	0.5	12.340800
29.250000	0.5	12.363650
29.258333	0.5	12.385800
29.266667	0.5	12.415750
29.275000	0.5	12.438600
29.283333	0.5	12.468400
29.291667	0.5	12.490950
29.300000	0.5	12.517450
29.308333	0.5	12.546350
29.316667	0.5	12.567400
29.325000	0.5	12.600300
29.333333	0.5	12.626000
29.341667	0.5	12.650400
29.350000	0.5	12.674250
29.358333	0.5	12.694250
29.366667	0.5	12.713650
29.375000	0.5	12.731850
29.383333	0.5	12.746900
29.391667	0.5	12.757500
29.400000	0.5	12.777000
29.408333	0.5	12.785750
29.416667	0.5	12.802150
29.425000	0.5	12.820800
29.433333	0.5	12.837750
29.441667	0.5	12.846950
29.450000	0.5	12.859800
29.458333	0.5	12.868500
29.466667	0.5	12.875100
29.475000	0.5	12.890050
29.483333	0.5	12.898000
29.491667	0.5	12.905150
29.500000	0.5	12.916100
29.508333	0.5	12.922250
29.516667	0.5	12.940300
29.525000	0.5	12.959750
29.533333	0.5	12.975600
29.541667	0.5	12.989750
29.550000	0.5	13.007600
29.558333	0.5	13.023950
29.566667	0.5	13.038550
29.575000	0.5	13.057550
29.583333	0.5	13.068250
29.591667	0.5	13.089200
29.600000	0.5	13.101850
29.608333	0.5	13.123600
29.616667	0.5	13.147000
29.625000	0.5	13.161250
29.633333	0.5	13.179500
29.641667	0.5	13.191550
29.650000	0.5	13.205000
29.658333	0.5	13.219550
29.666667	0.5	13.235050
29.675000	0.5	13.241650
29.683333	0.5	13.248300
29.691667	0.5	13.265000
29.700000	0.5	13.265500
29.708333	0.5	13.284150
29.716667	0.5	13.289350
29.725000	0.5	13.292200
29.733333	0.5	13.294900
29.741667	0.5	13.298700
29.750000	0.5	13.295950
29.758333	0.5	13.296150
29.766667	0.5	13.289050
29.775000	0.5	13.284750
29.783333	0.5	13.276300
29.791667	0.5	13.270900
29.800000	0.5	13.273350
29.808333	0.5	13.274000
29.816667	0.5	13.266750
29.825000	0.5	13.252500
29.833333	0.5	13.245500
29.841667	0.5	13.240900
29.850000	0.5	13.231750
29.858333	0.5	13.224400
29.866667	0.5	13.223350
29.875000	0.5	13.206450
29.883333	0.5	13.204600
29.891667	0.5	13.192400
29.900000	0.5	13.195900
29.908333	0.5	13.192850
29.916667	0.5	13.177300
29.925000	0.5	13.178350
29.933333	0.5	13.169700
29.941667	0.5	13.164850
29.950000	0.5	13.160050
29.958333	0.5	13.156150
29.966667	0.5	13.152750
29.975000	0.5	13.146300
29.983333	0.5	13.140550
29.991667	0.5	13.143050
30.000000	0.5	13.140500
30.008333	0.5	13.141550
30.016667	0.5	13.136550
30.025000	0.5	13.130900
30.033333	0.5	13.131400
30.041667	0.5	13.135000
30.050000	0.5	13.123500
30.058333	0.5	13.119900
30.066667	0.5	13.107600
30.075000	0.5	13.105100
30.083333	0.5	13.093750
30.091667	0.5	13.095850
30.100000	0.5	13.094100
30.108333	0.5	13.084050
30.116667	0.5	13.075400
30.125000	0.5	13.069750
30.133333	0.5	13.058100
30.141667	0.5	13.052800
30.150000	0.5	13.042100
30.158333	0.5	13.030650
30.166667	0.5	13.025850
30.175000	0.5	13.007650
30.183333	0.5	13.004550
30.191667	0.5	13.001350
30.200000	0.5	12.998300
30.208333	0.5	12.988050
30.216667	0.5	12.981900
30.225000	0.5	12.977150
30.233333	0.5	12.973300
30.241667	0.5	12.979600
30.250000	0.5	12.979400
30.258333	0.5	12.985150
30.266667	0.5	12.991500
30.275000	0.5	12.998750
30.283333	0.5	13.012800
30.291667	0.5	13.037250
30.300000	0.5	13.055000
30.308333	0.5	13.077750
30.316667	0.5	13.099100
30.325000	0.5	13.124300
30.333333	0.5	13.149150
30.341667	0.5	13.177400
30.350000	0.5	13.203900
30.358333	0.5	13.234450
30.366667	0.5	13.249950
30.375000	0.5	13.281450
30.383333	0.5	13.307200
30.391667	0.5	13.332700
30.400000	0.5	13.347900
30.408333	0.5	13.361600
30.416667	0.5	13.375000
30.425000	0.5	13.370200
30.433333	0.5	13.366000
30.441667	0.5	13.359650
30.450000	0.5	13.348350
30.458333	0.5	13.336950
30.466667	0.5	13.312800
30.475000	0.5	13.298900
30.483333	0.5	13.271750
30.491667	0.5	13.248050
30.500000	0.5	13.215350
30.508333	0.5	13.184150
30.516667	0.5	13.142600
30.525000	0.5	13.102400
30.533333	0.5	13.060700
30.541667	0.5	13.021000
30.550000	0.5	12.977750
30.558333	0.5	12.921650
30.566667	0.5	12.876300
30.575000	0.5	12.840300
30.583333	0.5	12.793000
30.591667	0.5	12.740850
30.600000	0.5	12.689150
30.608333	0.5	12.644800
30.616667	0.5	12.594300
30.625000	0.5	12.542500
30.633333	0.5	12.493050
30.641667	0.5	12.446000
30.650000	0.5	12.409450
30.658333	0.5	12.360700
30.666667	0.5	12.323850
30.675000	0.5	12.291100
30.683333	0.5	12.259800
30.691667	0.5	12.241250
30.700000	0.5	12.213200
30.708333	0.5	12.187850
30.716667	0.5	12.176100
30.725000	0.5	12.163300
30.733333	0.5	12.160650
30.741667	0.5	12.164100
30.750000	0.5	12.168250
30.758333	0.5	12.177950
30.766667	0.5	12.199050
30.775000	0.5	12.219600
30.783333	0.5	12.227850
30.791667	0.5	12.252150
30.800000	0.5	12.265350
30.808333	0.5	12.273100
30.816667	0.5	12.282950
30.825000	0.5	12.289550
30.833333	0.5	12.291750
30.841667	0.5	12.289950
30.850000	0.5	12.267100
30.858333	0.5	12.262700
30.866667	0.5	12.241100
30.875000	0.5	12.208300
30.883333	0.5	12.163800
30.891667	0.5	12.124350
30.900000	0.5	12.072050
30.908333	0.5	12.017150
30.916667	0.5	11.955400
30.925000	0.5	11.888900
30.933333	0.5	11.817000
30.941667	0.5	11.746150
30.950000	0.5	11.682050
30.958333	0.5	11.619800
30.966667	0.5	11.549100
30.975000	0.5	11.478050
30.983333	0.5	11.411700
30.991667	0.5	11.343800
31.000000	0.5	11.277600
31.008333	0.5	11.220800
31.016667	0.5	11.169900
31.025000	0.5	11.103850
31.033333	0.5	11.053500
31.041667	0.5	11.001850
31.050000	0.5	10.960100
31.058333	0.5	10.921100
31.066667	0.5	10.873900
31.075000	0.5	10.834150
31.083333	0.5	10.793050
31.091667	0.5	10.754150
31.100000	0.5	10.712150
31.108333	0.5	10.682250
31.116667	0.5	10.650700
31.125000	0.5	10.624500
31.133333	0.5	10.595650
31.141667	0.5	10.576150
31.150000	0.5	10.550200
31.158333	0.5	10.528800
31.166667	0.5	10.509550
31.175000	0.5	10.491350
31.183333	0.5	10.474400
31.191667	0.5	10.459200
31.200000	0.5	10.443900
31.208333	0.5	10.435800
31.216667	0.5	10.422200
31.225000	0.5	10.412250
31.233333	0.5	10.406300
31.241667	0.5	10.402200
31.250000	0.5	10.404800
31.258333	0.5	10.398900
31.266667	0.5	10.399300
31.275000	0.5	10.398350
31.283333	0.5	10.403550
31.291667	0.5	10.408900
31.300000	0.5	10.407800
31.308333	0.5	10.406900
31.316667	0.5	10.424300
31.325000	0.5	10.418200
31.333333	0.5	10.434850
31.341667	0.5	10.443700
31.350000	0.5	10.452500
31.358333	0.5	10.467050
31.366667	0.5	10.478650
31.375000	0.5	10.492650
31.383333	0.5	10.500650
31.391667	0.5	10.520900
31.400000	0.5	10.532650
31.408333	0.5	10.548050
31.416667	0.5	10.563750
31.425000	0.5	10.581300
31.433333	0.5	10.602800
31.441667	0.5	10.618800
31.450000	0.5	10.644900
31.458333	0.5	10.663800
31.466667	0.5	10.686500
31.475000	0.5	10.710400
31.483333	0.5	10.733600
31.491667	0.5	10.754700
31.500000	0.5	10.787000
31.508333	0.5	10.812150
31.516667	0.5	10.835750
31.525000	0.5	10.866400
31.533333	0.5	10.897600
31.541667	0.5	10.938000
31.550000	0.5	10.967800
31.558333	0.5	11.005400
31.566667	0.5	11.037150
31.575000	0.5	11.071950
31.583333	0.5	11.113350
31.591667	0.5	11.150950
31.600000	0.5	11.196250
31.608333	0.5	11.241700
31.616667	0.5	11.277400
31.625000	0.5	11.330550
31.633333	0.5	11.388350
31.641667	0.5	11.433850
31.650000	0.5	11.490600
31.658333	0.5	11.544750
31.666667	0.5	11.600850
31.675000	0.5	11.663450
31.683333	0.5	11.725250
31.691667	0.5	11.791100
31.700000	0.5	11.859500
31.708333	0.5	11.923400
31.716667	0.5	11.999800
31.725000	0.5	12.079750
31.733333	0.5	12.154900
31.741667	0.5	12.231800
31.750000	0.5	12.315950
31.758333	0.5	12.390950
31.766667	0.5	12.471500
31.775000	0.5	12.553750
31.783333	0.5	12.630700
31.791667	0.5	12.707750
31.800000	0.5	12.780800
31.808333	0.5	12.845000
31.816667	0.5	12.924750
31.825000	0.5	12.985250
31.833333	0.5	13.049450
31.841667	0.5	13.111050
31.850000	0.5	13.168750
31.858333	0.5	13.220650
31.866667	0.5	13.272950
31.875000	0.5	13.320100
31.883333	0.5	13.364500
31.891667	0.5	13.410650
31.900000	0.5	13.448600
31.908333	0.5	13.497000
31.916667	0.5	13.546450
31.925000	0.5	13.588350
31.933333	0.5	13.633800
31.941667	0.5	13.677300
31.950000	0.5	13.719500
31.958333	0.5	13.765150
31.966667	0.5	13.814500
31.975000	0.5	13.857350
31.983333	0.5	13.909800
31.991667	0.5	13.954350
32.000000	0.5	13.998150
32.008333	0.5	14.063200
32.016667	0.5	14.116900
32.025000	0.5	14.171700
32.033333	0.5	14.218950
32.041667	0.5	14.269250
32.050000	0.5	14.317800
32.058333	0.5	14.365300
32.066667	0.5	14.412250
32.075000	0.5	14.456600
32.083333	0.5	14.501100
32.091667	0.5	14.529350
32.100000	0.5	14.570100
32.108333	0.5	14.613700
32.116667	0.5	14.650350
32.125000	0.5	14.673600
32.133333	0.5	14.693000
32.141667	0.5	14.714850
32.150000	0.5	14.727550
32.158333	0.5	14.730700
32.166667	0.5	14.740050
32.175000	0.5	14.733600
32.183333	0.5	14.730150
32.191667	0.5	14.721500
32.200000	0.5	14.711850
32.208333	0.5	14.708800
32.216667	0.5	14.685250
32.225000	0.5	14.666750
32.233333	0.5	14.644850
32.241667	0.5	14.620150
32.250000	0.5	14.595250
32.258333	0.5	14.577950
32.266667	0.5	14.550200
32.275000	0.5	14.532900
32.283333	0.5	14.509250
32.291667	0.5	14.506050
32.300000	0.5	14.501450
32.308333	0.5	14.500750
32.316667	0.5	14.502500
32.325000	0.5	14.501150
32.333333	0.5	14.501750
32.341667	0.5	14.505750
32.350000	0.5	14.522950
32.358333	0.5	14.528200
32.366667	0.5	14.544250
32.375000	0.5	14.565000
32.383333	0.5	14.581200
32.391667	0.5	14.616500
32.400000	0.5	14.648150
32.408333	0.5	14.679300
32.416667	0.5	14.707150
32.425000	0.5	14.740900
32.433333	0.5	14.771250
32.441667	0.5	14.807200
32.450000	0.5	14.841550
32.458333	0.5	14.885650
32.466667	0.5	14.921100
32.475000	0.5	14.948800
32.483333	0.5	15.001400
32.491667	0.5	15.054800
32.500000	0.5	15.106100
32.508333	0.5	15.150700
32.516667	0.5	15.200450
32.525000	0.5	15.245500
32.533333	0.5	15.293050
32.541667	0.5	15.341450
32.550000	0.5	15.390950
32.558333	0.5	15.442700
32.566667	0.5	15.493300
32.575000	0.5	15.538450
32.583333	0.5	15.603700
32.591667	0.5	15.664050
32.600000	0.5	15.711400
32.608333	0.5	15.760400
32.616667	0.5	15.815200
32.625000	0.5	15.858750
32.633333	0.5	15.913600
32.641667	0.5	15.945500
32.650000	0.5	15.972350
32.658333	0.5	15.918700
32.666667	0.5	15.669650
32.675000	0.5	15.287250
32.683333	0.5	14.890850
32.691667	0.5	14.577200
32.700000	0.5	14.363700
32.708333	0.5	14.223400
32.716667	0.5	14.134900
32.725000	0.5	14.064950
32.733333	0.5	14.009050
32.741667	0.5	13.953500
32.750000	0.5	13.899850
32.758333	0.5	13.849600
32.766667	0.5	13.800300
32.775000	0.5	13.765000
32.783333	0.5	13.725850
32.791667	0.5	13.671600
32.800000	0.5	13.625100
32.808333	0.5	13.574000
32.816667	0.5	13.518500
32.825000	0.5	13.472900
32.833333	0.5	13.421200
32.841667	0.5	13.367250
32.850000	0.5	13.322750
32.858333	0.5	13.266400
32.866667	0.5	13.225350
32.875000	0.5	13.184650
32.883333	0.5	13.153750
32.891667	0.5	13.109350
32.900000	0.5	13.074350
32.908333	0.5	13.042550
32.916667	0.5	13.010500
32.925000	0.5	12.975150
32.933333	0.5	12.946250
32.941667	0.5	12.922600
32.950000	0.5	12.901350
32.958333	0.5	12.890750
32.966667	0.5	12.891750
32.975000	0.5	12.902400
32.983333	0.5	12.934600
32.991667	0.5	12.988900
33.000000	0.5	13.081300
33.008333	0.5	13.222300
33.016667	0.5	13.429500
33.025000	0.5	13.691850
33.033333	0.5	14.020600
33.041667	0.5	14.411850
33.050000	0.5	14.837700
33.058333	0.5	15.300350
33.066667	0.5	15.774750
33.075000	0.5	16.244000
33.083333	0.5	16.699550
33.091667	0.5	17.115300
33.100000	0.5	17.497650
33.108333	0.5	17.829650
33.116667	0.5	18.120900
33.125000	0.5	18.349000
33.133333	0.5	18.521050
33.141667	0.5	18.642550
33.150000	0.5	18.707650
33.158333	0.5	18.711300
33.166667	0.5	18.660400
33.175000	0.5	18.548300
33.183333	0.5	18.379550
33.191667	0.5	18.156250
33.200000	0.5	17.891450
33.208333	0.5	17.578100
33.216667	0.5	17.234050
33.225000	0.5	16.846950
33.233333	0.5	16.447150
33.241667	0.5	16.021100
33.250000	0.5	15.607300
33.258333	0.5	15.195050
33.266667	0.5	14.799250
33.275000	0.5	14.430000
33.283333	0.5	14.089150
33.291667	0.5	13.801450
33.300000	0.5	13.549400
33.308333	0.5	13.339050
33.316667	0.5	13.179200
33.325000	0.5	13.049450
33.333333	0.5	12.959650
33.341667	0.5	12.885800
33.350000	0.5	12.829800
33.358333	0.5	12.792350
33.366667	0.5	12.764900
33.375000	0.5	12.745800
33.383333	0.5	12.731050
33.391667	0.5	12.717200
33.400000	0.5	12.714200
33.408333	0.5	12.704050
33.416667	0.5	12.703050
33.425000	0.5	12.698400
33.433333	0.5	12.681750
33.441667	0.5	12.688950
33.450000	0.5	12.688850
33.458333	0.5	12.686200
33.466667	0.5	12.689400
33.475000	0.5	12.683600
33.483333	0.5	12.676300
33.491667	0.5	12.680050
33.500000	0.5	12.681850
33.508333	0.5	12.679050
33.516667	0.5	12.681650
33.525000	0.5	12.688550
33.533333	0.5	12.688400
33.541667	0.5	12.688700
33.550000	0.5	12.719700
33.558333	0.5	12.731400
33.566667	0.5	12.742500
33.575000	0.5	12.763100
33.583333	0.5	12.770200
33.591667	0.5	12.791850
33.600000	0.5	12.815850
33.608333	0.5	12.832700
33.616667	0.5	12.860100
33.625000	0.5	12.873100
33.633333	0.5	12.900250
33.641667	0.5	12.923050
33.650000	0.5	12.948500
33.658333	0.5	12.965350
33.666667	0.5	12.987550
33.675000	0.5	13.011650
33.683333	0.5	13.040150
33.691667	0.5	13.063500
33.700000	0.5	13.091250
33.708333	0.5	13.125750
33.716667	0.5	13.164950
33.725000	0.5	13.206550
33.733333	0.5	13.264250
33.741667	0.5	13.315600
33.750000	0.5	13.377000
33.758333	0.5	13.433400
33.766667	0.5	13.498000
33.775000	0.5	13.563750
33.783333	0.5	13.627100
33.791667	0.5	13.691750
33.800000	0.5	13.756350
33.808333	0.5	13.821500
33.816667	0.5	13.876500
33.825000	0.5	13.947450
33.833333	0.5	14.002000
33.841667	0.5	14.050450
33.850000	0.5	14.101200
33.858333	0.5	14.144250
33.866667	0.5	14.180000
33.875000	0.5	14.216750
33.883333	0.5	14.245400
33.891667	0.5	14.267600
33.900000	0.5	14.292500
33.908333	0.5	14.319250
33.916667	0.5	14.339400
33.925000	0.5	14.372000
33.933333	0.5	14.402350
33.941667	0.5	14.434050
33.950000	0.5	14.477800
33.958333	0.5	14.531350
33.966667	0.5	14.595700
33.975000	0.5	14.665000
33.983333	0.5	14.754050
33.991667	0.5	14.847350
34.000000	0.5	14.952800
34.008333	0.5	15.048000
34.016667	0.5	15.144600
34.025000	0.5	15.224800
34.033333	0.5	15.285400
34.041667	0.5	15.310500
34.050000	0.5	15.284350
34.058333	0.5	15.213000
34.066667	0.5	15.088500
34.075000	0.5	14.926750
34.083333	0.5	14.741150
34.091667	0.5	14.557450
34.100000	0.5	14.393150
34.108333	0.5	14.253250
34.116667	0.5	14.148050
34.125000	0.5	14.081500
34.133333	0.5	14.038450
34.141667	0.5	14.029850
34.150000	0.5	14.039000
34.158333	0.5	14.070000
34.166667	0.5	14.122250
34.175000	0.5	14.173450
34.183333	0.5	14.233450
34.191667	0.5	14.298700
34.200000	0.5	14.361850
34.208333	0.5	14.430450
34.216667	0.5	14.494450
34.225000	0.5	14.548300
34.233333	0.5	14.605050
34.241667	0.5	14.648350
34.250000	0.5	14.684550
34.258333	0.5	14.718550
34.266667	0.5	14.747750
34.275000	0.5	14.770900
34.283333	0.5	14.768250
34.291667	0.5	14.764900
34.300000	0.5	14.754100
34.308333	0.5	14.742450
34.316667	0.5	14.704950
34.325000	0.5	14.666950
34.333333	0.5	14.620550
34.341667	0.5	14.561600
34.350000	0.5	14.494350
34.358333	0.5	14.418000
34.366667	0.5	14.335250
34.375000	0.5	14.249500
34.383333	0.5	14.155000
34.391667	0.5	14.046400
34.400000	0.5	13.948750
34.408333	0.5	13.837850
34.416667	0.5	13.728450
34.425000	0.5	13.610800
34.433333	0.5	13.501500
34.441667	0.5	13.381150
34.450000	0.5	13.271200
34.458333	0.5	13.165100
34.466667	0.5	13.058350
34.475000	0.5	12.967400
34.483333	0.5	12.887050
34.491667	0.5	12.807150
34.500000	0.5	12.751400
34.508333	0.5	12.702100
34.516667	0.5	12.660700
34.525000	0.5	12.632350
34.533333	0.5	12.606600
34.541667	0.5	12.590300
34.550000	0.5	12.584000
34.558333	0.5	12.583650
34.566667	0.5	12.582200
34.575000	0.5	12.592700
34.583333	0.5	12.602450
34.591667	0.5	12.626450
34.600000	0.5	12.651050
34.608333	0.5	12.674100
34.616667	0.5	12.695650
34.625000	0.5	12.720950
34.633333	0.5	12.748700
34.641667	0.5	12.764400
34.650000	0.5	12.794500
34.658333	0.5	12.815150
34.666667	0.5	12.840500
34.675000	0.5	12.863200
34.683333	0.5	12.876450
34.691667	0.5	12.903350
34.700000	0.5	12.916950
34.708333	0.5	12.929600
34.716667	0.5	12.943500
34.725000	0.5	12.949550
34.733333	0.5	12.949700
34.741667	0.5	12.959000
34.750000	0.5	12.957150
34.758333	0.5	12.949100
34.766667	0.5	12.952750
34.775000	0.5	12.941600
34.783333	0.5	12.936450
34.791667	0.5	12.934200
34.800000	0.5	12.923800
34.808333	0.5	12.908950
34.816667	0.5	12.897700
34.825000	0.5	12.888300
34.833333	0.5	12.866600
34.841667	0.5	12.853350
34.850000	0.5	12.844800
34.858333	0.5	12.833050
34.866667	0.5	12.819150
34.875000	0.5	12.807350
34.883333	0.5	12.807300
34.891667	0.5	12.792950
34.900000	0.5	12.781300
34.908333	0.5	12.773400
34.916667	0.5	12.766800
34.925000	0.5	12.756800
34.933333	0.5	12.754900
34.941667	0.5	12.746400
34.950000	0.5	12.737350
34.958333	0.5	12.735100
34.966667	0.5	12.724450
34.975000	0.5	12.725600
34.983333	0.5	12.737200
34.991667	0.5	12.719600
35.000000	0.5	12.722300
35.008333	0.5	12.718100
35.016667	0.5	12.718250
35.025000	0.5	12.714750
35.033333	0.5	12.718350
35.041667	0.5	12.728350
35.050000	0.5	12.740650
35.058333	0.5	12.750050
35.066667	0.5	12.760550
35.075000	0.5	12.783200
35.083333	0.5	12.810900
35.091667	0.5	12.825250
35.100000	0.5	12.851500
35.108333	0.5	12.872200
35.116667	0.5	12.896600
35.125000	0.5	12.916550
35.133333	0.5	12.931900
35.141667	0.5	12.946950
35.150000	0.5	12.952900
35.158333	0.5	12.956200
35.166667	0.5	12.966850
35.175000	0.5	12.962600
35.183333	0.5	12.949950
35.191667	0.5	12.934050
35.200000	0.5	12.910350
35.208333	0.5	12.883850
35.216667	0.5	12.851250
35.225000	0.5	12.814000
35.233333	0.5	12.778400
35.241667	0.5	12.741100
35.250000	0.5	12.697150
35.258333	0.5	12.656500
35.266667	0.5	12.620250
35.275000	0.5	12.580450
35.283333	0.5	12.534750
35.291667	0.5	12.494750
35.300000	0.5	12.450400
35.308333	0.5	12.402000
35.316667	0.5	12.357300
35.325000	0.5	12.298900
35.333333	0.5	12.239450
35.341667	0.5	12.181700
35.350000	0.5	12.115350
35.358333	0.5	12.051500
35.366667	0.5	11.979800
35.375000	0.5	11.907300
35.383333	0.5	11.823700
35.391667	0.5	11.746600
35.400000	0.5	11.664200
35.408333	0.5	11.588250
35.416667	0.5	11.511700
35.425000	0.5	11.434950
35.433333	0.5	11.367650
35.441667	0.5	11.304650
35.450000	0.5	11.249200
35.458333	0.5	11.203950
35.466667	0.5	11.163650
35.475000	0.5	11.130900
35.483333	0.5	11.101200
35.491667	0.5	11.087000
35.500000	0.5	11.070500
35.508333	0.5	11.057050
35.516667	0.5	11.060550
35.525000	0.5	11.057950
35.533333	0.5	11.060500
35.541667	0.5	11.059600
35.550000	0.5	11.071350
35.558333	0.5	11.090700
35.566667	0.5	11.102150
35.575000	0.5	11.107900
35.583333	0.5	11.125650
35.591667	0.5	11.134800
35.600000	0.5	11.146550
35.608333	0.5	11.161550
35.616667	0.5	11.171300
35.625000	0.5	11.185850
35.633333	0.5	11.197300
35.641667	0.5	11.206050
35.650000	0.5	11.220400
35.658333	0.5	11.235050
35.666667	0.5	11.238650
35.675000	0.5	11.244000
35.683333	0.5	11.246800
35.691667	0.5	11.252950
35.700000	0.5	11.254200
35.708333	0.5	11.256100
35.716667	0.5	11.252600
35.725000	0.5	11.249700
35.733333	0.5	11.240850
35.741667	0.5	11.235650
35.750000	0.5	11.243100
35.758333	0.5	11.231650
35.766667	0.5	11.217300
35.775000	0.5	11.209600
35.783333	0.5	11.196400
35.791667	0.5	11.189950
35.800000	0.5	11.177200
35.808333	0.5	11.171900
35.816667	0.5	11.161200
35.825000	0.5	11.164550
35.833333	0.5	11.149150
35.841667	0.5	11.152850
35.850000	0.5	11.153300
35.858333	0.5	11.153250
35.866667	0.5	11.157050
35.875000	0.5	11.165000
35.883333	0.5	11.170650
35.891667	0.5	11.182300
35.900000	0.5	11.191350
35.908333	0.5	11.201550
35.916667	0.5	11.213850
35.925000	0.5	11.215600
35.933333	0.5	11.229550
35.941667	0.5	11.237100
35.950000	0.5	11.240950
35.958333	0.5	11.233450
35.966667	0.5	11.231050
35.975000	0.5	11.214050
35.983333	0.5	11.199300
35.991667	0.5	11.169800
36.000000	0.5	11.139650
36.008333	0.5	11.108600
36.016667	0.5	11.077350
36.025000	0.5	11.032000
36.033333	0.5	10.996500
36.041667	0.5	10.955400
36.050000	0.5	10.912300
36.058333	0.5	10.870700
36.066667	0.5	10.829700
36.075000	0.5	10.791400
36.083333	0.5	10.756650
36.091667	0.5	10.727550
36.100000	0.5	10.692250
36.108333	0.5	10.675050
36.116667	0.5	10.641550
36.125000	0.5	10.632550
36.133333	0.5	10.619600
36.141667	0.5	10.616250
36.150000	0.5	10.602900
36.158333	0.5	10.597400
36.166667	0.5	10.597850
36.175000	0.5	10.601700
36.183333	0.5	10.609000
36.191667	0.5	10.624000
36.200000	0.5	10.637450
36.208333	0.5	10.658600
36.216667	0.5	10.680550
36.225000	0.5	10.708100
36.233333	0.5	10.745600
36.241667	0.5	10.780450
36.250000	0.5	10.815400
36.258333	0.5	10.854600
36.266667	0.5	10.905000
36.275000	0.5	10.944100
36.283333	0.5	10.996400
36.291667	0.5	11.044450
36.300000	0.5	11.096300
36.308333	0.5	11.144300
36.316667	0.5	11.204450
36.325000	0.5	11.256950
36.333333	0.5	11.304000
36.341667	0.5	11.351800
36.350000	0.5	11.393650
36.358333	0.5	11.435550
36.366667	0.5	11.472450
36.375000	0.5	11.499950
36.383333	0.5	11.532050
36.391667	0.5	11.548100
36.400000	0.5	11.564650
36.408333	0.5	11.578200
36.416667	0.5	11.589650
36.425000	0.5	11.598800
36.433333	0.5	11.605100
36.441667	0.5	11.605450
36.450000	0.5	11.601800
36.458333	0.5	11.599500
36.466667	0.5	11.591250
36.475000	0.5	11.581400
36.483333	0.5	11.566250
36.491667	0.5	11.559950
36.500000	0.5	11.538250
36.508333	0.5	11.529850
36.516667	0.5	11.515850
36.525000	0.5	11.504350
36.533333	0.5	11.487150
36.541667	0.5	11.462600
36.550000	0.5	11.449000
36.558333	0.5	11.429900
36.566667	0.5	11.412100
36.575000	0.5	11.393550
36.583333	0.5	11.373050
36.591667	0.5	11.356350
36.600000	0.5	11.338300
36.608333	0.5	11.325600
36.616667	0.5	11.312400
36.625000	0.5	11.288650
36.633333	0.5	11.279900
36.641667	0.5	11.260200
36.650000	0.5	11.241100
36.658333	0.5	11.231200
36.666667	0.5	11.215400
36.675000	0.5	11.203600
36.683333	0.5	11.186150
36.691667	0.5	11.170150
36.700000	0.5	11.162700
36.708333	0.5	11.150800
36.716667	0.5	11.143500
36.725000	0.5	11.129100
36.733333	0.5	11.116100
36.741667	0.5	11.109100
36.750000	0.5	11.098200
36.758333	0.5	11.094850
36.766667	0.5	11.079500
36.775000	0.5	11.072900
36.783333	0.5	11.064750
36.791667	0.5	11.054750
36.800000	0.5	11.058750
36.808333	0.5	11.050800
36.816667	0.5	11.048600
36.825000	0.5	11.043750
36.833333	0.5	11.037850
36.841667	0.5	11.040500
36.850000	0.5	11.040800
36.858333	0.5	11.038950
36.866667	0.5	11.037700
36.875000	0.5	11.045950
36.883333	0.5	11.043750
36.891667	0.5	11.057900
36.900000	0.5	11.069250
36.908333	0.5	11.093250
36.916667	0.5	11.118750
36.925000	0.5	11.147500
36.933333	0.5	11.183950
36.941667	0.5	11.241450
36.950000	0.5	11.298200
36.958333	0.5	11.370950
36.966667	0.5	11.464100
36.975000	0.5	11.555450
36.983333	0.5	11.670500
36.991667	0.5	11.798650
37.000000	0.5	11.933850
37.008333	0.5	12.077000
37.016667	0.5	12.228200
37.025000	0.5	12.381450
37.033333	0.5	12.539400
37.041667	0.5	12.693500
37.050000	0.5	12.839300
37.058333	0.5	12.976800
37.066667	0.5	13.110150
37.075000	0.5	13.222600
37.083333	0.5	13.328300
37.091667	0.5	13.423400
37.100000	0.5	13.494900
37.108333	0.5	13.545050
37.116667	0.5	13.575250
37.125000	0.5	13.592600
37.133333	0.5	13.583400
37.141667	0.5	13.553550
37.150000	0.5	13.515150
37.158333	0.5	13.446850
37.166667	0.5	13.375900
37.175000	0.5	13.288250
37.183333	0.5	13.195750
37.191667	0.5	13.089050
37.200000	0.5	12.975300
37.208333	0.5	12.868600
37.216667	0.5	12.752400
37.225000	0.5	12.644800
37.233333	0.5	12.549650
37.241667	0.5	12.467450
37.250000	0.5	12.395550
37.258333	0.5	12.346400
37.266667	0.5	12.302150
37.275000	0.5	12.286050
37.283333	0.5	12.277450
37.291667	0.5	12.286900
37.300000	0.5	12.306250
37.308333	0.5	12.338300
37.316667	0.5	12.375550
37.325000	0.5	12.420550
37.333333	0.5	12.476050
37.341667	0.5	12.529550
37.350000	0.5	12.594350
37.358333	0.5	12.656200
37.366667	0.5	12.721300
37.375000	0.5	12.790550
37.383333	0.5	12.858600
37.391667	0.5	12.927250
37.400000	0.5	12.994800
37.408333	0.5	13.064350
37.416667	0.5	13.130200
37.425000	0.5	13.194750
37.433333	0.5	13.257350
37.441667	0.5	13.312850
37.450000	0.5	13.373550
37.458333	0.5	13.420200
37.466667	0.5	13.471300
37.475000	0.5	13.513050
37.483333	0.5	13.547500
37.491667	0.5	13.576100
37.500000	0.5	13.604600
37.508333	0.5	13.620850
37.516667	0.5	13.629450
37.525000	0.5	13.633650
37.533333	0.5	13.626700
37.541667	0.5	13.617850
37.550000	0.5	13.597450
37.558333	0.5	13.570900
37.566667	0.5	13.537900
37.575000	0.5	13.496800
37.583333	0.5	13.445350
37.591667	0.5	13.387350
37.600000	0.5	13.318150
37.608333	0.5	13.241150
37.616667	0.5	13.165750
37.625000	0.5	13.079550
37.633333	0.5	12.987900
37.641667	0.5	12.887500
37.650000	0.5	12.781700
37.658333	0.5	12.679450
37.666667	0.5	12.570200
37.675000	0.5	12.462400
37.683333	0.5	12.346400
37.691667	0.5	12.232850
37.700000	0.5	12.115350
37.708333	0.5	12.004500
37.716667	0.5	11.903950
37.725000	0.5	11.804250
37.733333	0.5	11.712750
37.741667	0.5	11.631900
37.750000	0.5	11.558400
37.758333	0.5	11.497000
37.766667	0.5	11.447400
37.775000	0.5	11.401500
37.783333	0.5	11.363600
37.791667	0.5	11.346600
37.800000	0.5	11.326350
37.808333	0.5	11.316100
37.816667	0.5	11.314400
37.825000	0.5	11.312250
37.833333	0.5	11.326550
37.841667	0.5	11.338050
37.850000	0.5	11.363200
37.858333	0.5	11.393300
37.866667	0.5	11.429500
37.875000	0.5	11.470500
37.883333	0.5	11.519800
37.891667	0.5	11.581150
37.900000	0.5	11.654000
37.908333	0.5	11.729800
37.916667	0.5	11.819150
37.925000	0.5	11.928550
37.933333	0.5	12.048450
37.941667	0.5	12.182150
37.950000	0.5	12.331350
37.958333	0.5	12.484900
37.966667	0.5	12.652450
37.975000	0.5	12.832250
37.983333	0.5	13.015500
37.991667	0.5	13.204600
38.000000	0.5	13.392900
38.008333	0.5	13.581300
38.016667	0.5	13.759500
38.025000	0.5	13.939600
38.033333	0.5	14.101900
38.041667	0.5	14.269100
38.050000	0.5	14.413600
38.058333	0.5	14.547150
38.066667	0.5	14.669200
38.075000	0.5	14.777300
38.083333	0.5	14.863250
38.091667	0.5	14.929300
38.100000	0.5	14.983150
38.108333	0.5	15.017300
38.116667	0.5	15.027650
38.125000	0.5	15.024900
38.133333	0.5	15.000550
38.141667	0.5	14.967450
38.150000	0.5	14.914400
38.158333	0.5	14.851750
38.166667	0.5	14.767500
38.175000	0.5	14.675550
38.183333	0.5	14.574150
38.191667	0.5	14.469100
38.200000	0.5	14.363950
38.208333	0.5	14.246850
38.216667	0.5	14.135300
38.225000	0.5	14.013300
38.233333	0.5	13.912900
38.241667	0.5	13.801100
38.250000	0.5	13.692900
38.258333	0.5	13.584200
38.266667	0.5	13.487250
38.275000	0.5	13.381500
38.283333	0.5	13.291450
38.291667	0.5	13.200400
38.300000	0.5	13.112650
38.308333	0.5	13.033600
38.316667	0.5	12.954650
38.325000	0.5	12.877100
38.333333	0.5	12.811400
38.341667	0.5	12.746400
38.350000	0.5	12.681600
38.358333	0.5	12.619700
38.366667	0.5	12.558950
38.375000	0.5	12.506800
38.383333	0.5	12.458600
38.391667	0.5	12.404000
38.400000	0.5	12.354650
38.408333	0.5	12.318550
38.416667	0.5	12.279350
38.425000	0.5	12.245100
38.433333	0.5	12.214750
38.441667	0.5	12.183800
38.450000	0.5	12.157500
38.458333	0.5	12.133100
38.466667	0.5	12.119650
38.475000	0.5	12.102400
38.483333	0.5	12.094400
38.491667	0.5	12.082650
38.500000	0.5	12.085400
38.508333	0.5	12.093950
38.516667	0.5	12.104750
38.525000	0.5	12.127550
38.533333	0.5	12.147800
38.541667	0.5	12.171250
38.550000	0.5	12.198900
38.558333	0.5	12.223150
38.566667	0.5	12.252200
38.575000	0.5	12.284600
38.583333	0.5	12.316600
38.591667	0.5	12.345100
38.600000	0.5	12.373800
38.608333	0.5	12.396650
38.616667	0.5	12.410700
38.625000	0.5	12.430300
38.633333	0.5	12.444200
38.641667	0.5	12.448600
38.650000	0.5	12.450550
38.658333	0.5	12.448100
38.666667	0.5	12.433250
38.675000	0.5	12.417300
38.683333	0.5	12.401450
38.691667	0.5	12.373950
38.700000	0.5	12.336900
38.708333	0.5	12.307100
38.716667	0.5	12.276900
38.725000	0.5	12.229850
38.733333	0.5	12.181400
38.741667	0.5	12.137650
38.750000	0.5	12.088900
38.758333	0.5	12.044250
38.766667	0.5	11.997900
38.775000	0.5	11.950650
38.783333	0.5	11.908950
38.791667	0.5	11.868700
38.800000	0.5	11.834900
38.808333	0.5	11.807950
38.816667	0.5	11.782300
38.825000	0.5	11.759150
38.833333	0.5	11.736500
38.841667	0.5	11.714750
38.850000	0.5	11.701850
38.858333	0.5	11.686700
38.866667	0.5	11.673050
38.875000	0.5	11.656900
38.883333	0.5	11.644600
38.891667	0.5	11.636650
38.900000	0.5	11.627200
38.908333	0.5	11.618450
38.916667	0.5	11.612250
38.925000	0.5	11.603700
38.933333	0.5	11.593750
38.941667	0.5	11.580500
38.950000	0.5	11.570800
38.958333	0.5	11.566400
38.966667	0.5	11.554200
38.975000	0.5	11.546200
38.983333	0.5	11.545950
38.991667	0.5	11.538500
39.000000	0.5	11.538050
39.008333	0.5	11.543200
39.016667	0.5	11.542500
39.025000	0.5	11.541250
39.033333	0.5	11.541350
39.041667	0.5	11.547300
39.050000	0.5	11.552900
39.058333	0.5	11.557100
39.066667	0.5	11.566050
39.075000	0.5	11.580850
39.083333	0.5	11.592600
39.091667	0.5	11.607050
39.100000	0.5	11.628350
39.108333	0.5	11.646700
39.116667	0.5	11.665350
39.125000	0.5	11.679500
39.133333	0.5	11.698550
39.141667	0.5	11.715900
39.150000	0.5	11.738800
39.158333	0.5	11.762800
39.166667	0.5	11.784950
39.175000	0.5	11.802950
39.183333	0.5	11.825750
39.191667	0.5	11.856150
39.200000	0.5	11.876350
39.208333	0.5	11.894550
39.216667	0.5	11.909500
39.225000	0.5	11.931400
39.233333	0.5	11.946450
39.241667	0.5	11.962350
39.250000	0.5	11.974300
39.258333	0.5	11.989450
39.266667	0.5	11.999750
39.275000	0.5	12.009200
39.283333	0.5	12.011350
39.291667	0.5	12.021100
39.300000	0.5	12.029650
39.308333	0.5	12.035450
39.316667	0.5	12.038600
39.325000	0.5	12.041600
39.333333	0.5	12.042700
39.341667	0.5	12.045300
39.350000	0.5	12.044500
39.358333	0.5	12.049450
39.366667	0.5	12.050300
39.375000	0.5	12.040050
39.383333	0.5	12.049450
39.391667	0.5	12.054000
39.400000	0.5	12.055350
39.408333	0.5	12.055150
39.416667	0.5	12.054850
39.425000	0.5	12.060700
39.433333	0.5	12.062400
39.441667	0.5	12.054000
39.450000	0.5	12.053150
39.458333	0.5	12.051100
39.466667	0.5	12.048100
39.475000	0.5	12.034100
39.483333	0.5	12.025850
39.491667	0.5	12.016500
39.500000	0.5	12.000950
39.508333	0.5	11.981000
39.516667	0.5	11.961100
39.525000	0.5	11.935700
39.533333	0.5	11.907100
39.541667	0.5	11.882150
39.550000	0.5	11.854550
39.558333	0.5	11.824300
39.566667	0.5	11.788650
39.575000	0.5	11.762900
39.583333	0.5	11.738400
39.591667	0.5	11.708250
39.600000	0.5	11.682300
39.608333	0.5	11.650300
39.616667	0.5	11.617950
39.625000	0.5	11.595250
39.633333	0.5	11.572700
39.641667	0.5	11.548600
39.650000	0.5	11.530200
39.658333	0.5	11.510750
39.666667	0.5	11.488750
39.675000	0.5	11.475750
39.683333	0.5	11.462900
39.691667	0.5	11.451750
39.700000	0.5	11.437350
39.708333	0.5	11.417900
39.716667	0.5	11.405500
39.725000	0.5	11.393000
39.733333	0.5	11.379400
39.741667	0.5	11.365300
39.750000	0.5	11.356950
39.758333	0.5	11.343800
39.766667	0.5	11.336600
39.775000	0.5	11.329800
39.783333	0.5	11.323350
39.791667	0.5	11.312400
39.800000	0.5	11.301950
39.808333	0.5	11.298950
39.816667	0.5	11.295750
39.825000	0.5	11.289600
39.833333	0.5	11.285350
39.841667	0.5	11.286600
39.850000	0.5	11.281850
39.858333	0.5	11.279300
39.866667	0.5	11.287750
39.875000	0.5	11.295000
39.883333	0.5	11.294400
39.891667	0.5	11.294700
39.900000	0.5	11.300950
39.908333	0.5	11.300150
39.916667	0.5	11.304650
39.925000	0.5	11.307000
39.933333	0.5	11.320100
39.941667	0.5	11.326700
39.950000	0.5	11.335750
39.958333	0.5	11.348650
39.966667	0.5	11.369050
39.975000	0.5	11.380200
39.983333	0.5	11.402800
39.991667	0.5	11.436750
40.000000	0.5	11.475300
40.008333	0.5	11.514550
40.016667	0.5	11.574650
40.025000	0.5	11.639900
40.033333	0.5	11.710850
40.041667	0.5	11.786900
40.050000	0.5	11.877900
40.058333	0.5	11.982900
40.066667	0.5	12.092300
40.075000	0.5	12.199250
40.083333	0.5	12.318800
40.091667	0.5	12.439200
40.100000	0.5	12.562550
40.108333	0.5	12.681150
40.116667	0.5	12.796250
40.125000	0.5	12.923750
40.133333	0.5	13.041500
40.141667	0.5	13.149750
40.150000	0.5	13.260700
40.158333	0.5	13.366800
40.166667	0.5	13.457150
40.175000	0.5	13.552000
40.183333	0.5	13.641100
40.191667	0.5	13.712900
40.200000	0.5	13.785300
40.208333	0.5	13.846300
40.216667	0.5	13.891950
40.225000	0.5	13.935150
40.233333	0.5	13.973100
40.241667	0.5	13.995050
40.250000	0.5	14.014850
40.258333	0.5	14.027900
40.266667	0.5	14.024700
40.275000	0.5	14.015300
40.283333	0.5	13.998800
40.291667	0.5	13.980300
40.300000	0.5	13.944000
40.308333	0.5	13.901350
40.316667	0.5	13.851800
40.325000	0.5	13.796500
40.333333	0.5	13.731400
40.341667	0.5	13.673100
40.350000	0.5	13.588450
40.358333	0.5	13.505950
40.366667	0.5	13.418850
40.375000	0.5	13.321900
40.383333	0.5	13.220800
40.391667	0.5	13.120050
40.400000	0.5	13.012550
40.408333	0.5	12.903150
40.416667	0.5	12.797400
40.425000	0.5	12.694200
40.433333	0.5	12.589200
40.441667	0.5	12.496100
40.450000	0.5	12.402700
40.458333	0.5	12.312550
40.466667	0.5	12.224150
40.475000	0.5	12.152550
40.483333	0.5	12.081550
40.491667	0.5	12.019800
40.500000	0.5	11.965250
40.508333	0.5	11.916350
40.516667	0.5	11.883650
40.525000	0.5	11.851250
40.533333	0.5	11.831550
40.541667	0.5	11.817100
40.550000	0.5	11.795150
40.558333	0.5	11.786350
40.566667	0.5	11.766000
40.575000	0.5	11.753950
40.583333	0.5	11.739250
40.591667	0.5	11.729250
40.600000	0.5	11.706650
40.608333	0.5	11.685550
40.616667	0.5	11.660900
40.625000	0.5	11.631800
40.633333	0.5	11.599750
40.641667	0.5	11.570200
40.650000	0.5	11.525900
40.658333	0.5	11.485450
40.666667	0.5	11.440950
40.675000	0.5	11.393500
40.683333	0.5	11.339600
40.691667	0.5	11.290300
40.700000	0.5	11.238900
40.708333	0.5	11.191050
40.716667	0.5	11.138500
40.725000	0.5	11.101500
40.733333	0.5	11.056100
40.741667	0.5	11.015950
40.750000	0.5	10.979150
40.758333	0.5	10.944200
40.766667	0.5	10.919150
40.775000	0.5	10.887850
40.783333	0.5	10.868800
40.791667	0.5	10.855850
40.800000	0.5	10.835150
40.808333	0.5	10.826000
40.816667	0.5	10.823400
40.825000	0.5	10.822250
40.833333	0.5	10.833750
40.841667	0.5	10.836750
40.850000	0.5	10.843100
40.858333	0.5	10.848650
40.866667	0.5	10.863700
40.875000	0.5	10.881050
40.883333	0.5	10.903600
40.891667	0.5	10.922300
40.900000	0.5	10.949700
40.908333	0.5	10.964750
40.916667	0.5	10.985600
40.925000	0.5	11.010350
40.933333	0.5	11.039100
40.941667	0.5	11.061900
40.950000	0.5	11.085300
40.958333	0.5	11.102650
40.966667	0.5	11.130900
40.975000	0.5	11.156800
40.983333	0.5	11.185000
40.991667	0.5	11.221650
41.000000	0.5	11.251550
41.008333	0.5	11.294500
41.016667	0.5	11.345200
41.025000	0.5	11.405850
41.033333	0.5	11.472550
41.041667	0.5	11.550450
41.050000	0.5	11.643250
41.058333	0.5	11.745850
41.066667	0.5	11.871200
41.075000	0.5	12.003750
41.083333	0.5	12.151750
41.091667	0.5	12.310900
41.100000	0.5	12.482450
41.108333	0.5	12.662350
41.116667	0.5	12.849450
41.125000	0.5	13.037900
41.133333	0.5	13.221200
41.141667	0.5	13.408600
41.150000	0.5	13.588400
41.158333	0.5	13.765700
41.166667	0.5	13.931050
41.175000	0.5	14.094400
41.183333	0.5	14.238700
41.191667	0.5	14.370350
41.200000	0.5	14.496300
41.208333	0.5	14.617150
41.216667	0.5	14.713250
41.225000	0.5	14.793950
41.233333	0.5	14.863950
41.241667	0.5	14.912750
41.250000	0.5	14.955050
41.258333	0.5	14.978850
41.266667	0.5	14.986450
41.275000	0.5	14.976850
41.283333	0.5	14.964200
41.291667	0.5	14.936600
41.300000	0.5	14.892700
41.308333	0.5	14.835000
41.316667	0.5	14.772200
41.325000	0.5	14.691150
41.333333	0.5	14.602850
41.341667	0.5	14.506200
41.350000	0.5	14.403050
41.358333	0.5	14.293450
41.366667	0.5	14.181650
41.375000	0.5	14.062950
41.383333	0.5	13.945450
41.391667	0.5	13.831150
41.400000	0.5	13.715800
41.408333	0.5	13.600750
41.416667	0.5	13.485100
41.425000	0.5	13.379450
41.433333	0.5	13.275800
41.441667	0.5	13.177900
41.450000	0.5	13.091350
41.458333	0.5	13.012250
41.466667	0.5	12.938750
41.475000	0.5	12.885500
41.483333	0.5	12.831850
41.491667	0.5	12.791300
41.500000	0.5	12.757600
41.508333	0.5	12.724850
41.516667	0.5	12.701350
41.525000	0.5	12.683050
41.533333	0.5	12.669600
41.541667	0.5	12.658150
41.550000	0.5	12.660450
41.558333	0.5	12.653400
41.566667	0.5	12.659600
41.575000	0.5	12.656150
41.583333	0.5	12.659950
41.591667	0.5	12.664450
41.600000	0.5	12.672750
41.608333	0.5	12.673700
41.616667	0.5	12.676200
41.625000	0.5	12.671750
41.633333	0.5	12.665800
41.641667	0.5	12.661100
41.650000	0.5	12.647950
41.658333	0.5	12.632100
41.666667	0.5	12.622000
41.675000	0.5	12.599900
41.683333	0.5	12.584050
41.691667	0.5	12.559650
41.700000	0.5	12.526650
41.708333	0.5	12.496800
41.716667	0.5	12.462450
41.725000	0.5	12.420000
41.733333	0.5	12.381050
41.741667	0.5	12.327450
41.750000	0.5	12.274550
41.758333	0.5	12.233050
41.766667	0.5	12.175750
41.775000	0.5	12.126700
41.783333	0.5	12.078850
41.791667	0.5	12.020800
41.800000	0.5	11.971350
41.808333	0.5	11.911100
41.816667	0.5	11.855000
41.825000	0.5	11.803400
41.833333	0.5	11.760350
41.841667	0.5	11.708800
41.850000	0.5	11.660600
41.858333	0.5	11.622450
41.866667	0.5	11.579550
41.875000	0.5	11.539400
41.883333	0.5	11.505750
41.891667	0.5	11.470700
41.900000	0.5	11.439900
41.908333	0.5	11.408850
41.916667	0.5	11.372850
41.925000	0.5	11.347400
41.933333	0.5	11.311100
41.941667	0.5	11.286650
41.950000	0.5	11.254300
41.958333	0.5	11.225800
41.966667	0.5	11.192500
41.975000	0.5	11.168850
41.983333	0.5	11.136700
41.991667	0.5	11.100300
42.000000	0.5	11.067200
42.008333	0.5	11.038350
42.016667	0.5	10.995050
42.025000	0.5	10.953350
42.033333	0.5	10.922250
42.041667	0.5	10.883350
42.050000	0.5	10.846250
42.058333	0.5	10.802650
42.066667	0.5	10.770200
42.075000	0.5	10.735000
42.083333	0.5	10.696300
42.091667	0.5	10.657300
42.100000	0.5	10.615500
42.108333	0.5	10.579150
42.116667	0.5	10.535550
42.125000	0.5	10.498700
42.133333	0.5	10.461700
42.141667	0.5	10.426600
42.150000	0.5	10.387350
42.158333	0.5	10.349900
42.166667	0.5	10.326150
42.175000	0.5	10.291350
42.183333	0.5	10.247700
42.191667	0.5	10.217200
42.200000	0.5	10.182750
42.208333	0.5	10.163600
42.216667	0.5	10.126700
42.225000	0.5	10.101750
42.233333	0.5	10.073800
42.241667	0.5	10.056250
42.250000	0.5	10.026700
42.258333	0.5	10.013250
42.266667	0.5	9.997100
42.275000	0.5	9.976150
42.283333	0.5	9.954500
42.291667	0.5	9.940650
42.300000	0.5	9.923100
42.308333	0.5	9.912650
42.316667	0.5	9.891500
42.325000	0.5	9.883100
42.333333	0.5	9.872850
42.341667	0.5	9.864050
42.350000	0.5	9.850800
42.358333	0.5	9.855800
42.366667	0.5	9.846600
42.375000	0.5	9.842250
42.383333	0.5	9.839600
42.391667	0.5	9.832050
42.400000	0.5	9.830250
42.408333	0.5	9.833300
42.416667	0.5	9.832550
42.425000	0.5	9.834700
42.433333	0.5	9.837200
42.441667	0.5	9.837400
42.450000	0.5	9.846000
42.458333	0.5	9.854800
42.466667	0.5	9.859300
42.475000	0.5	9.873400
42.483333	0.5	9.877400
42.491667	0.5	9.890450
42.500000	0.5	9.902400
42.508333	0.5	9.910550
42.516667	0.5	9.928250
42.525000	0.5	9.940400
42.533333	0.5	9.957450
42.541667	0.5	9.967300
42.550000	0.5	9.996250
42.558333	0.5	10.015300
42.566667	0.5	10.030750
42.575000	0.5	10.047850
42.583333	0.5	10.065750
42.591667	0.5	10.087250
42.600000	0.5	10.110500
42.608333	0.5	10.132050
42.616667	0.5	10.149350
42.625000	0.5	10.177700
42.633333	0.5	10.202750
42.641667	0.5	10.231700
42.650000	0.5	10.256100
42.658333	0.5	10.287550
42.666667	0.5	10.313550
42.675000	0.5	10.349850
42.683333	0.5	10.373450
42.691667	0.5	10.404100
42.700000	0.5	10.429750
42.708333	0.5	10.468200
42.716667	0.5	10.495950
42.725000	0.5	10.525850
42.733333	0.5	10.567500
42.741667	0.5	10.618000
42.750000	0.5	10.659350
42.758333	0.5	10.705600
42.766667	0.5	10.753800
42.775000	0.5	10.814150
42.783333	0.5	10.874450
42.791667	0.5	10.942500
42.800000	0.5	11.030900
42.808333	0.5	11.118350
42.816667	0.5	11.218350
42.825000	0.5	11.328000
42.833333	0.5	11.441450
42.841667	0.5	11.560000
42.850000	0.5	11.689000
42.858333	0.5	11.816050
42.866667	0.5	11.961200
42.875000	0.5	12.106450
42.883333	0.5	12.253250
42.891667	0.5	12.404850
42.900000	0.5	12.558850
42.908333	0.5	12.717450
42.916667	0.5	12.859350
42.925000	0.5	13.004050
42.933333	0.5	13.145750
42.941667	0.5	13.289200
42.950000	0.5	13.418950
42.958333	0.5	13.543200
42.966667	0.5	13.663700
42.975000	0.5	13.774150
42.983333	0.5	13.878250
42.991667	0.5	13.971350
43.000000	0.5	14.061300
43.008333	0.5	14.139950
43.016667	0.5	14.198600
43.025000	0.5	14.259900
43.033333	0.5	14.312950
43.041667	0.5	14.351900
43.050000	0.5	14.388800
43.058333	0.5	14.410750
43.066667	0.5	14.425500
43.075000	0.5	14.426450
43.083333	0.5	14.422350
43.091667	0.5	14.412000
43.100000	0.5	14.398050
43.108333	0.5	14.358350
43.116667	0.5	14.331300
43.125000	0.5	14.285700
43.133333	0.5	14.240350
43.141667	0.5	14.185650
43.150000	0.5	14.109750
43.158333	0.5	14.030500
43.166667	0.5	13.955550
43.175000	0.5	13.864400
43.183333	0.5	13.764050
43.191667	0.5	13.669450
43.200000	0.5	13.559950
43.208333	0.5	13.446950
43.216667	0.5	13.333800
43.225000	0.5	13.212850
43.233333	0.5	13.097350
43.241667	0.5	12.969500
43.250000	0.5	12.836350
43.258333	0.5	12.714350
43.266667	0.5	12.589450
43.275000	0.5	12.465050
43.283333	0.5	12.334800
43.291667	0.5	12.213800
43.300000	0.5	12.095850
43.308333	0.5	11.980150
43.316667	0.5	11.874350
43.325000	0.5	11.775250
43.333333	0.5	11.681600
43.341667	0.5	11.596300
43.350000	0.5	11.518000
43.358333	0.5	11.443350
43.366667	0.5	11.390450
43.375000	0.5	11.339650
43.383333	0.5	11.301800
43.391667	0.5	11.261750
43.400000	0.5	11.236700
43.408333	0.5	11.226400
43.416667	0.5	11.222150
43.425000	0.5	11.207800
43.433333	0.5	11.209150
43.441667	0.5	11.206650
43.450000	0.5	11.210350
43.458333	0.5	11.210800
43.466667	0.5	11.217850
43.475000	0.5	11.224850
43.483333	0.5	11.235800
43.491667	0.5	11.241750
43.500000	0.5	11.248350
43.508333	0.5	11.264250
43.516667	0.5	11.281400
43.525000	0.5	11.283000
43.533333	0.5	11.285200
43.541667	0.5	11.298500
43.550000	0.5	11.311800
43.558333	0.5	11.314550
43.566667	0.5	11.320950
43.575000	0.5	11.331650
43.583333	0.5	11.337750
43.591667	0.5	11.341100
43.600000	0.5	11.354100
43.608333	0.5	11.360750
43.616667	0.5	11.360800
43.625000	0.5	11.367650
43.633333	0.5	11.366300
43.641667	0.5	11.365750
43.650000	0.5	11.366050
43.658333	0.5	11.359650
43.666667	0.5	11.363050
43.675000	0.5	11.356550
43.683333	0.5	11.350650
43.691667	0.5	11.340200
43.700000	0.5	11.335500
43.708333	0.5	11.331200
43.716667	0.5	11.323550
43.725000	0.5	11.315050
43.733333	0.5	11.305200
43.741667	0.5	11.291050
43.750000	0.5	11.278050
43.758333	0.5	11.263150
43.766667	0.5	11.257300
43.775000	0.5	11.243250
43.783333	0.5	11.226350
43.791667	0.5	11.219150
43.800000	0.5	11.218550
43.808333	0.5	11.204800
43.816667	0.5	11.191700
43.825000	0.5	11.184850
43.833333	0.5	11.172750
43.841667	0.5	11.167400
43.850000	0.5	11.157250
43.858333	0.5	11.149150
43.866667	0.5	11.147850
43.875000	0.5	11.138000
43.883333	0.5	11.136850
43.891667	0.5	11.131150
43.900000	0.5	11.125800
43.908333	0.5	11.114350
43.916667	0.5	11.109850
43.925000	0.5	11.101500
43.933333	0.5	11.095100
43.941667	0.5	11.086000
43.950000	0.5	11.077200
43.958333	0.5	11.066350
43.966667	0.5	11.058500
43.975000	0.5	11.048050
43.983333	0.5	11.043950
43.991667	0.5	11.041000
44.000000	0.5	11.028400
44.008333	0.5	11.024400
44.016667	0.5	11.016200
44.025000	0.5	11.014600
44.033333	0.5	11.010450
44.041667	0.5	11.003350
44.050000	0.5	11.002400
44.058333	0.5	11.007450
44.066667	0.5	11.005300
44.075000	0.5	11.006650
44.083333	0.5	11.013400
44.091667	0.5	11.019150
44.100000	0.5	11.029200
44.108333	0.5	11.043450
44.116667	0.5	11.048750
44.125000	0.5	11.057850
44.133333	0.5	11.062050
44.141667	0.5	11.074850
44.150000	0.5	11.083700
44.158333	0.5	11.105850
44.166667	0.5	11.113550
44.175000	0.5	11.132850
44.183333	0.5	11.156750
44.191667	0.5	11.169150
44.200000	0.5	11.189200
44.208333	0.5	11.210500
44.216667	0.5	11.245450
44.225000	0.5	11.275850
44.233333	0.5	11.316400
44.241667	0.5	11.359500
44.250000	0.5	11.407700
44.258333	0.5	11.470050
44.266667	0.5	11.532450
44.275000	0.5	11.610850
44.283333	0.5	11.700850
44.291667	0.5	11.791850
44.300000	0.5	11.906650
44.308333	0.5	12.008500
44.316667	0.5	12.136350
44.325000	0.5	12.262050
44.333333	0.5	12.396350
44.341667	0.5	12.535450
44.350000	0.5	12.687950
44.358333	0.5	12.816650
44.366667	0.5	12.975150
44.375000	0.5	13.124950
44.383333	0.5	13.276700
44.391667	0.5	13.416350
44.400000	0.5	13.559950
44.408333	0.5	13.701450
44.416667	0.5	13.840650
44.425000	0.5	13.963500
44.433333	0.5	14.089700
44.441667	0.5	14.207050
44.450000	0.5	14.314000
44.458333	0.5	14.409400
44.466667	0.5	14.509150
44.475000	0.5	14.593250
44.483333	0.5	14.662450
44.491667	0.5	14.713400
44.500000	0.5	14.766250
44.508333	0.5	14.807200
44.516667	0.5	14.825200
44.525000	0.5	14.836050
44.533333	0.5	14.832550
44.541667	0.5	14.820000
44.550000	0.5	14.798850
44.558333	0.5	14.755200
44.566667	0.5	14.710100
44.575000	0.5	14.639200
44.583333	0.5	14.564300
44.591667	0.5	14.461400
44.600000	0.5	14.348300
44.608333	0.5	14.231500
44.616667	0.5	14.100400
44.625000	0.5	13.947900
44.633333	0.5	13.793850
44.641667	0.5	13.630850
44.650000	0.5	13.470600
44.658333	0.5	13.290450
44.666667	0.5	13.109150
44.675000	0.5	12.920450
44.683333	0.5	12.737900
44.691667	0.5	12.556400
44.700000	0.5	12.368800
44.708333	0.5	12.197900
44.716667	0.5	12.022700
44.725000	0.5	11.868100
44.733333	0.5	11.718350
44.741667	0.5	11.574350
44.750000	0.5	11.444150
44.758333	0.5	11.330300
44.766667	0.5	11.218400
44.775000	0.5	11.120850
44.783333	0.5	11.035550
44.791667	0.5	10.960050
44.800000	0.5	10.885600
44.808333	0.5	10.832850
44.816667	0.5	10.777550
44.825000	0.5	10.739800
44.833333	0.5	10.704500
44.841667	0.5	10.665550
44.850000	0.5	10.651250
44.858333	0.5	10.623050
44.866667	0.5	10.602100
44.875000	0.5	10.576050
44.883333	0.5	10.566650
44.891667	0.5	10.551550
44.900000	0.5	10.532400
44.908333	0.5	10.520400
44.916667	0.5	10.499150
44.925000	0.5	10.483800
44.933333	0.5	10.467750
44.941667	0.5	10.454150
44.950000	0.5	10.434600
44.958333	0.5	10.415800
44.966667	0.5	10.393700
44.975000	0.5	10.363950
44.983333	0.5	10.343800
44.991667	0.5	10.316700
45.000000	0.5	10.286400
45.008333	0.5	10.250400
45.016667	0.5	10.224100
45.025000	0.5	10.200400
45.033333	0.5	10.166950
45.041667	0.5	10.137050
45.050000	0.5	10.113850
45.058333	0.5	10.085800
45.066667	0.5	10.057100
45.075000	0.5	10.033250
45.083333	0.5	10.007900
45.091667	0.5	9.979400
45.100000	0.5	9.964750
45.108333	0.5	9.953600
45.116667	0.5	9.931150
45.125000	0.5	9.915700
45.133333	0.5	9.909550
45.141667	0.5	9.890750
45.150000	0.5	9.882800
45.158333	0.5	9.874200
45.166667	0.5	9.872450
45.175000	0.5	9.860950
45.183333	0.5	9.859450
45.191667	0.5	9.859550
45.200000	0.5	9.858000
45.208333	0.5	9.861350
45.216667	0.5	9.861000
45.225000	0.5	9.866100
45.233333	0.5	9.864950
45.241667	0.5	9.873700
45.250000	0.5	9.886650
45.258333	0.5	9.884400
45.266667	0.5	9.896500
45.275000	0.5	9.901800
45.283333	0.5	9.918800
45.291667	0.5	9.927850
45.300000	0.5	9.943300
45.308333	0.5	9.955450
45.316667	0.5	9.967250
45.325000	0.5	9.985300
45.333333	0.5	10.013550
45.341667	0.5	10.036800
45.350000	0.5	10.067350
45.358333	0.5	10.097900
45.366667	0.5	10.136550
45.375000	0.5	10.186650
45.383333	0.5	10.247350
45.391667	0.5	10.322350
45.400000	0.5	10.416450
45.408333	0.5	10.522500
45.416667	0.5	10.636850
45.425000	0.5	10.783800
45.433333	0.5	10.940400
45.441667	0.5	11.102650
45.450000	0.5	11.268550
45.458333	0.5	11.440250
45.466667	0.5	11.614050
45.475000	0.5	11.790150
45.483333	0.5	11.957900
45.491667	0.5	12.127850
45.500000	0.5	12.295200
45.508333	0.5	12.455550
45.516667	0.5	12.614200
45.525000	0.5	12.774650
45.533333	0.5	12.917700
45.541667	0.5	13.056450
45.550000	0.5	13.190000
45.558333	0.5	13.312250
45.566667	0.5	13.419050
45.575000	0.5	13.524700
45.583333	0.5	13.619000
45.591667	0.5	13.710450
45.600000	0.5	13.783250
45.608333	0.5	13.847850
45.616667	0.5	13.911300
45.625000	0.5	13.957700
45.633333	0.5	13.981700
45.641667	0.5	14.005650
45.650000	0.5	14.019800
45.658333	0.5	14.023250
45.666667	0.5	14.011400
45.675000	0.5	13.996750
45.683333	0.5	13.973500
45.691667	0.5	13.944700
45.700000	0.5	13.889000
45.708333	0.5	13.844200
45.716667	0.5	13.779200
45.725000	0.5	13.708500
45.733333	0.5	13.626700
45.741667	0.5	13.535100
45.750000	0.5	13.436550
45.758333	0.5	13.326150
45.766667	0.5	13.210100
45.775000	0.5	13.087150
45.783333	0.5	12.962050
45.791667	0.5	12.829100
45.800000	0.5	12.687550
45.808333	0.5	12.541400
45.816667	0.5	12.402300
45.825000	0.5	12.242650
45.833333	0.5	12.085100
45.841667	0.5	11.927350
45.850000	0.5	11.772250
45.858333	0.5	11.613050
45.866667	0.5	11.465350
45.875000	0.5	11.318100
45.883333	0.5	11.185050
45.891667	0.5	11.047100
45.900000	0.5	10.933600
45.908333	0.5	10.830750
45.916667	0.5	10.731650
45.925000	0.5	10.644850
45.933333	0.5	10.570750
45.941667	0.5	10.519500
45.950000	0.5	10.471850
45.958333	0.5	10.439250
45.966667	0.5	10.425650
45.975000	0.5	10.414600
45.983333	0.5	10.410000
45.991667	0.5	10.409050
46.000000	0.5	10.424050
46.008333	0.5	10.450950
46.016667	0.5	10.469500
46.025000	0.5	10.505150
46.033333	0.5	10.528950
46.041667	0.5	10.568450
46.050000	0.5	10.598350
46.058333	0.5	10.643800
46.066667	0.5	10.687600
46.075000	0.5	10.728650
46.083333	0.5	10.776400
46.091667	0.5	10.832050
46.100000	0.5	10.887550
46.108333	0.5	10.939300
46.116667	0.5	10.992800
46.125000	0.5	11.058700
46.133333	0.5	11.118500
46.141667	0.5	11.175400
46.150000	0.5	11.231500
46.158333	0.5	11.286650
46.166667	0.5	11.343650
46.175000	0.5	11.402300
46.183333	0.5	11.461050
46.191667	0.5	11.517800
46.200000	0.5	11.570600
46.208333	0.5	11.617500
46.216667	0.5	11.674850
46.225000	0.5	11.709850
46.233333	0.5	11.750550
46.241667	0.5	11.785100
46.250000	0.5	11.818500
46.258333	0.5	11.844600
46.266667	0.5	11.872650
46.275000	0.5	11.884300
46.283333	0.5	11.906900
46.291667	0.5	11.923300
46.300000	0.5	11.922500
46.308333	0.5	11.928950
46.316667	0.5	11.922250
46.325000	0.5	11.921950
46.333333	0.5	11.906550
46.341667	0.5	11.897550
46.350000	0.5	11.873550
46.358333	0.5	11.857400
46.366667	0.5	11.824650
46.375000	0.5	11.801950
46.383333	0.5	11.781900
46.391667	0.5	11.753400
46.400000	0.5	11.722250
46.408333	0.5	11.688550
46.416667	0.5	11.656500
46.425000	0.5	11.621750
46.433333	0.5	11.587150
46.441667	0.5	11.553200
46.450000	0.5	11.512250
46.458333	0.5	11.484100
46.466667	0.5	11.446400
46.475000	0.5	11.408100
46.483333	0.5	11.376500
46.491667	0.5	11.336100
46.500000	0.5	11.302900
46.508333	0.5	11.260200
46.516667	0.5	11.225350
46.525000	0.5	11.182150
46.533333	0.5	11.138350
46.541667	0.5	11.107950
46.550000	0.5	11.071250
46.558333	0.5	11.036150
46.566667	0.5	10.996600
46.575000	0.5	10.969700
46.583333	0.5	10.937750
46.591667	0.5	10.904350
46.600000	0.5	10.878200
46.608333	0.5	10.848000
46.616667	0.5	10.819450
46.625000	0.5	10.791600
46.633333	0.5	10.766750
46.641667	0.5	10.743550
46.650000	0.5	10.724400
46.658333	0.5	10.710600
46.666667	0.5	10.694900
46.675000	0.5	10.687450
46.683333	0.5	10.672800
46.691667	0.5	10.664550
46.700000	0.5	10.655700
46.708333	0.5	10.643300
46.716667	0.5	10.638900
46.725000	0.5	10.637700
46.733333	0.5	10.630350
46.741667	0.5	10.629450
46.750000	0.5	10.628350
46.758333	0.5	10.639850
46.766667	0.5	10.648050
46.775000	0.5	10.660350
46.783333	0.5	10.669600
46.791667	0.5	10.684650
46.800000	0.5	10.705150
46.808333	0.5	10.717300
46.816667	0.5	10.742350
46.825000	0.5	10.760100
46.833333	0.5	10.786550
46.841667	0.5	10.811450
46.850000	0.5	10.833150
46.858333	0.5	10.864500
46.866667	0.5	10.888000
46.875000	0.5	10.918350
46.883333	0.5	10.950100
46.891667	0.5	10.968400
46.900000	0.5	10.992950
46.908333	0.5	11.013150
46.916667	0.5	11.034750
46.925000	0.5	11.040750
46.933333	0.5	11.061150
46.941667	0.5	11.062400
46.950000	0.5	11.073950
46.958333	0.5	11.075650
46.966667	0.5	11.077700
46.975000	0.5	11.068350
46.983333	0.5	11.068700
46.991667	0.5	11.057200
47.000000	0.5	11.045800
47.008333	0.5	11.039500
47.016667	0.5	11.026000
47.025000	0.5	11.012250
47.033333	0.5	11.017350
47.041667	0.5	11.006300
47.050000	0.5	11.020850
47.058333	0.5	11.047950
47.066667	0.5	11.070000
47.075000	0.5	11.113550
47.083333	0.5	11.174900
47.091667	0.5	11.247950
47.100000	0.5	11.337250
47.108333	0.5	11.454700
47.116667	0.5	11.587350
47.125000	0.5	11.740700
47.133333	0.5	11.899900
47.141667	0.5	12.075950
47.150000	0.5	12.271950
47.158333	0.5	12.476250
47.166667	0.5	12.675600
47.175000	0.5	12.884000
47.183333	0.5	13.076450
47.191667	0.5	13.273500
47.200000	0.5	13.471950
47.208333	0.5	13.644700
47.216667	0.5	13.819000
47.225000	0.5	13.983450
47.233333	0.5	14.122950
47.241667	0.5	14.271400
47.250000	0.5	14.398950
47.258333	0.5	14.512100
47.266667	0.5	14.614150
47.275000	0.5	14.709250
47.283333	0.5	14.787200
47.291667	0.5	14.853200
47.300000	0.5	14.895550
47.308333	0.5	14.937950
47.316667	0.5	14.967800
47.325000	0.5	14.979200
47.333333	0.5	14.984500
47.341667	0.5	14.985800
47.350000	0.5	14.959200
47.358333	0.5	14.920250
47.366667	0.5	14.865150
47.375000	0.5	14.809600
47.383333	0.5	14.724200
47.391667	0.5	14.638050
47.400000	0.5	14.525000
47.408333	0.5	14.416600
47.416667	0.5	14.282150
47.425000	0.5	14.143650
47.433333	0.5	13.996550
47.441667	0.5	13.841000
47.450000	0.5	13.670200
47.458333	0.5	13.499650
47.466667	0.5	13.311300
47.475000	0.5	13.122050
47.483333	0.5	12.941750
47.491667	0.5	12.757650
47.500000	0.5	12.576300
47.508333	0.5	12.409050
47.516667	0.5	12.244050
47.525000	0.5	12.096450
47.533333	0.5	11.960100
47.541667	0.5	11.844900
47.550000	0.5	11.726650
47.558333	0.5	11.615350
47.566667	0.5	11.529100
47.575000	0.5	11.442750
47.583333	0.5	11.383200
47.591667	0.5	11.328900
47.600000	0.5	11.288250
47.608333	0.5	11.250600
47.616667	0.5	11.219000
47.625000	0.5	11.208400
47.633333	0.5	11.209400
47.641667	0.5	11.217800
47.650000	0.5	11.227600
47.658333	0.5	11.256000
47.666667	0.5	11.304950
47.675000	0.5	11.348000
47.683333	0.5	11.406400
47.691667	0.5	11.470650
47.700000	0.5	11.559250
47.708333	0.5	11.631200
47.716667	0.5	11.719750
47.725000	0.5	11.811300
47.733333	0.5	11.917500
47.741667	0.5	12.026700
47.750000	0.5	12.139600
47.758333	0.5	12.265650
47.766667	0.5	12.383750
47.775000	0.5	12.509800
47.783333	0.5	12.632900
47.791667	0.5	12.757400
47.800000	0.5	12.881750
47.808333	0.5	12.989900
47.816667	0.5	13.105350
47.825000	0.5	13.209950
47.833333	0.5	13.301400
47.841667	0.5	13.387700
47.850000	0.5	13.471050
47.858333	0.5	13.545450
47.866667	0.5	13.610200
47.875000	0.5	13.661350
47.883333	0.5	13.701150
47.891667	0.5	13.742950
47.900000	0.5	13.766350
47.908333	0.5	13.786700
47.916667	0.5	13.800650
47.925000	0.5	13.807950
47.933333	0.5	13.799350
47.941667	0.5	13.785700
47.950000	0.5	13.766300
47.958333	0.5	13.737950
47.966667	0.5	13.705050
47.975000	0.5	13.659800
47.983333	0.5	13.610550
47.991667	0.5	13.561550
48.000000	0.5	13.485200
48.008333	0.5	13.424150
48.016667	0.5	13.355150
48.025000	0.5	13.262050
48.033333	0.5	13.173500
48.041667	0.5	13.072700
48.050000	0.5	12.972750
48.058333	0.5	12.858200
48.066667	0.5	12.738350
48.075000	0.5	12.617050
48.083333	0.5	12.494550
48.091667	0.5	12.357650
48.100000	0.5	12.223400
48.108333	0.5	12.079800
48.116667	0.5	11.931700
48.125000	0.5	11.773900
48.133333	0.5	11.618350
48.141667	0.5	11.451300
48.150000	0.5	11.282650
48.158333	0.5	11.118500
48.166667	0.5	10.949200
48.175000	0.5	10.788050
48.183333	0.5	10.620600
48.191667	0.5	10.458950
48.200000	0.5	10.316650
48.208333	0.5	10.167400
48.216667	0.5	10.032750
48.225000	0.5	9.898650
48.233333	0.5	9.776950
48.241667	0.5	9.659250
48.250000	0.5	9.552000
48.258333	0.5	9.452300
48.266667	0.5	9.353250
48.275000	0.5	9.273950
48.283333	0.5	9.190650
48.291667	0.5	9.114100
48.300000	0.5	9.048450
48.308333	0.5	8.979700
48.316667	0.5	8.914750
48.325000	0.5	8.862700
48.333333	0.5	8.816550
48.341667	0.5	8.766000
48.350000	0.5	8.722000
48.358333	0.5	8.680500
48.366667	0.5	8.649150
48.375000	0.5	8.619900
48.383333	0.5	8.598350
48.391667	0.5	8.585600
48.400000	0.5	8.565450
48.408333	0.5	8.556250
48.416667	0.5	8.550100
48.425000	0.5	8.550600
48.433333	0.5	8.554550
48.441667	0.5	8.569900
48.450000	0.5	8.585600
48.458333	0.5	8.619300
48.466667	0.5	8.632000
48.475000	0.5	8.673300
48.483333	0.5	8.712500
48.491667	0.5	8.756300
48.500000	0.5	8.795850
48.508333	0.5	8.851650
48.516667	0.5	8.911400
48.525000	0.5	8.975050
48.533333	0.5	9.044850
48.541667	0.5	9.110050
48.550000	0.5	9.186200
48.558333	0.5	9.275800
48.566667	0.5	9.355550
48.575000	0.5	9.433800
48.583333	0.5	9.516350
48.591667	0.5	9.612950
48.600000	0.5	9.695500
48.608333	0.5	9.785350
48.616667	0.5	9.882350
48.625000	0.5	9.972600
48.633333	0.5	10.059950
48.641667	0.5	10.148000
48.650000	0.5	10.236400
48.658333	0.5	10.316150
48.666667	0.5	10.403150
48.675000	0.5	10.480850
48.683333	0.5	10.555600
48.691667	0.5	10.619550
48.700000	0.5	10.688850
48.708333	0.5	10.745950
48.716667	0.5	10.790850
48.725000	0.5	10.841800
48.733333	0.5	10.880000
48.741667	0.5	10.906700
48.750000	0.5	10.923600
48.758333	0.5	10.952450
48.766667	0.5	10.970350
48.775000	0.5	10.998750
48.783333	0.5	11.007950
48.791667	0.5	11.028850
48.800000	0.5	11.040300
48.808333	0.5	11.057550
48.816667	0.5	11.086800
48.825000	0.5	11.128000
48.833333	0.5	11.163050
48.841667	0.5	11.219600
48.850000	0.5	11.298000
48.858333	0.5	11.395750
48.866667	0.5	11.516050
48.875000	0.5	11.660450
48.883333	0.5	11.843550
48.891667	0.5	12.034950
48.900000	0.5	12.267200
48.908333	0.5	12.537900
48.916667	0.5	12.835900
48.925000	0.5	13.150350
48.933333	0.5	13.496200
48.941667	0.5	13.868300
48.950000	0.5	14.266750
48.958333	0.5	14.665000
48.966667	0.5	15.084400
48.975000	0.5	15.508850
48.983333	0.5	15.918700
48.991667	0.5	16.330800
49.000000	0.5	16.730550
49.008333	0.5	17.117050
49.016667	0.5	17.482750
49.025000	0.5	17.824100
49.033333	0.5	18.156950
49.041667	0.5	18.471850
49.050000	0.5	18.744950
49.058333	0.5	19.026100
49.066667	0.5	19.270000
49.075000	0.5	19.497000
49.083333	0.5	19.706000
49.091667	0.5	19.906150
49.100000	0.5	20.091000
49.108333	0.5	20.267050
49.116667	0.5	20.416800
49.125000	0.5	20.565200
49.133333	0.5	20.692000
49.141667	0.5	20.820100
49.150000	0.5	20.909950
49.158333	0.5	20.999500
49.166667	0.5	21.061200
49.175000	0.5	21.104000
49.183333	0.5	21.120150
49.191667	0.5	21.129200
49.200000	0.5	21.094000
49.208333	0.5	21.050300
49.216667	0.5	20.969950
49.225000	0.5	20.854300
49.233333	0.5	20.713700
49.241667	0.5	20.535750
49.250000	0.5	20.353000
49.258333	0.5	20.119800
49.266667	0.5	19.867200
49.275000	0.5	19.576250
49.283333	0.5	19.267850
49.291667	0.5	18.933550
49.300000	0.5	18.591950
49.308333	0.5	18.226000
49.316667	0.5	17.848550
49.325000	0.5	17.466350
49.333333	0.5	17.077650
49.341667	0.5	16.674800
49.350000	0.5	16.287400
49.358333	0.5	15.896600
49.366667	0.5	15.510700
49.375000	0.5	15.130650
49.383333	0.5	14.764200
49.391667	0.5	14.419300
49.400000	0.5	14.091150
49.408333	0.5	13.797900
49.416667	0.5	13.520850
49.425000	0.5	13.279150
49.433333	0.5	13.071150
49.441667	0.5	12.907300
49.450000	0.5	12.755550
49.458333	0.5	12.653600
49.466667	0.5	12.579400
49.475000	0.5	12.554550
49.483333	0.5	12.551450
49.491667	0.5	12.592700
49.500000	0.5	12.658950
49.508333	0.5	12.750150
49.516667	0.5	12.868200
49.525000	0.5	13.007450
49.533333	0.5	13.143500
49.541667	0.5	13.309500
49.550000	0.5	13.474250
49.558333	0.5	13.638300
49.566667	0.5	13.800950
49.575000	0.5	13.963500
49.583333	0.5	14.117450
49.591667	0.5	14.264050
49.600000	0.5	14.409400
49.608333	0.5	14.530800
49.616667	0.5	14.647150
49.625000	0.5	14.753050
49.633333	0.5	14.840050
49.641667	0.5	14.924600
49.650000	0.5	14.989900
49.658333	0.5	15.039950
49.666667	0.5	15.068700
49.675000	0.5	15.081250
49.683333	0.5	15.077550
49.691667	0.5	15.046900
49.700000	0.5	14.993850
49.708333	0.5	14.919150
49.716667	0.5	14.827050
49.725000	0.5	14.719650
49.733333	0.5	14.604450
49.741667	0.5	14.472300
49.750000	0.5	14.344000
49.758333	0.5	14.211850
49.766667	0.5	14.095150
49.775000	0.5	13.999800
49.783333	0.5	13.927000
49.791667	0.5	13.867700
49.800000	0.5	13.832100
49.808333	0.5	13.814600
49.816667	0.5	13.811000
49.825000	0.5	13.833500
49.833333	0.5	13.851550
49.841667	0.5	13.885750
49.850000	0.5	13.922650
49.858333	0.5	13.965900
49.866667	0.5	14.005900
49.875000	0.5	14.048550
49.883333	0.5	14.087750
49.891667	0.5	14.128550
49.900000	0.5	14.155700
49.908333	0.5	14.186450
49.916667	0.5	14.203950
49.925000	0.5	14.218250
49.933333	0.5	14.231450
49.941667	0.5	14.240100
49.950000	0.5	14.228650
49.958333	0.5	14.217250
49.966667	0.5	14.199900
49.975000	0.5	14.174350
49.983333	0.5	14.145950
49.991667	0.5	14.108000
50.000000	0.5	14.062200
50.008333	0.5	14.011050
50.016667	0.5	13.957300
50.025000	0.5	13.894000
50.033333	0.5	13.826700
50.041667	0.5	13.739850
50.050000	0.5	13.657650
50.058333	0.5	13.567000
50.066667	0.5	13.471300
50.075000	0.5	13.380400
50.083333	0.5	13.276700
50.091667	0.5	13.177050
50.100000	0.5	13.064450
50.108333	0.5	12.954900
50.116667	0.5	12.842450
50.125000	0.5	12.733150
50.133333	0.5	12.610350
50.141667	0.5	12.489400
50.150000	0.5	12.362400
50.158333	0.5	12.243050
50.166667	0.5	12.118800
50.175000	0.5	11.999750
50.183333	0.5	11.880000
50.191667	0.5	11.879000
50.200000	0.5	11.660750
50.208333	0.5	11.553400
50.216667	0.5	11.461800
50.225000	0.5	11.371150
50.233333	0.5	11.290450
50.241667	0.5	11.206900
50.250000	0.5	11.133800
50.258333	0.5	11.054800
50.266667	0.5	10.990500
50.275000	0.5	10.921850
50.283333	0.5	10.861950
50.291667	0.5	10.807250
50.300000	0.5	10.750300
50.308333	0.5	10.700950
50.316667	0.5	10.653150
50.325000	0.5	10.610600
50.333333	0.5	10.572300
50.341667	0.5	10.519550
50.350000	0.5	10.484600
50.358333	0.5	10.450500
50.366667	0.5	10.418550
50.375000	0.5	10.387800
50.383333	0.5	10.373750
50.391667	0.5	10.346500
50.400000	0.5	10.329700
50.408333	0.5	10.309150
50.416667	0.5	10.300750
50.425000	0.5	10.284800
50.433333	0.5	10.277600
50.441667	0.5	10.272500
50.450000	0.5	10.274250
50.458333	0.5	10.268100
50.466667	0.5	10.265500
50.475000	0.5	10.264500
50.483333	0.5	10.267350
50.491667	0.5	10.271500
50.500000	0.5	10.281350
50.508333	0.5	10.282200
50.516667	0.5	10.284600
50.525000	0.5	10.287400
50.533333	0.5	10.292750
50.541667	0.5	10.302850
50.550000	0.5	10.300450
50.558333	0.5	10.306400
50.566667	0.5	10.304800
50.575000	0.5	10.309900
50.583333	0.5	10.312300
50.591667	0.5	10.320050
50.600000	0.5	10.328300
50.608333	0.5	10.344650
50.616667	0.5	10.352850
50.625000	0.5	10.370950
50.633333	0.5	10.395000
50.641667	0.5	10.407400
50.650000	0.5	10.427750
50.658333	0.5	10.448250
50.666667	0.5	10.477000
50.675000	0.5	10.515250
50.683333	0.5	10.543050
50.691667	0.5	10.587950
50.700000	0.5	10.635950
50.708333	0.5	10.678700
50.716667	0.5	10.731450
50.725000	0.5	10.785000
50.733333	0.5	10.849400
50.741667	0.5	10.912350
50.750000	0.5	10.964700
50.758333	0.5	11.028800
50.766667	0.5	11.099850
50.775000	0.5	11.161750
50.783333	0.5	11.236050
50.791667	0.5	11.298550
50.800000	0.5	11.366250
50.808333	0.5	11.421650
50.816667	0.5	11.482500
50.825000	0.5	11.540950
50.833333	0.5	11.589650
50.841667	0.5	11.638300
50.850000	0.5	11.683500
50.858333	0.5	11.719350
50.866667	0.5	11.749650
50.875000	0.5	11.773900
50.883333	0.5	11.804150
50.891667	0.5	11.824100
50.900000	0.5	11.830900
50.908333	0.5	11.834700
50.916667	0.5	11.839600
50.925000	0.5	11.828850
50.933333	0.5	11.817050
50.941667	0.5	11.802350
50.950000	0.5	11.782950
50.958333	0.5	11.753250
50.966667	0.5	11.721450
50.975000	0.5	11.683800
50.983333	0.5	11.637700
50.991667	0.5	11.596750
51.000000	0.5	11.547100
51.008333	0.5	11.496350
51.016667	0.5	11.434850
51.025000	0.5	11.378850
51.033333	0.5	11.310550
51.041667	0.5	11.252100
51.050000	0.5	11.196000
51.058333	0.5	11.126650
51.066667	0.5	11.069800
51.075000	0.5	11.014500
51.083333	0.5	10.952200
51.091667	0.5	10.901100
51.100000	0.5	10.859850
51.108333	0.5	10.794100
51.116667	0.5	10.749700
51.125000	0.5	10.708400
51.133333	0.5	10.665550
51.141667	0.5	10.631350
51.150000	0.5	10.608850
51.158333	0.5	10.616800
51.166667	0.5	10.688450
51.175000	0.5	10.895950
51.183333	0.5	11.217350
51.191667	0.5	11.544200
51.200000	0.5	11.690900
51.208333	0.5	11.628150
51.216667	0.5	11.450050
51.225000	0.5	11.280500
51.233333	0.5	11.144250
51.241667	0.5	11.041550
51.250000	0.5	10.944450
51.258333	0.5	10.823550
51.266667	0.5	10.696150
51.275000	0.5	10.538300
51.283333	0.5	10.371900
51.291667	0.5	10.250550
51.300000	0.5	10.185050
51.308333	0.5	10.148700
51.316667	0.5	10.115800
51.325000	0.5	10.091500
51.333333	0.5	10.062750
51.341667	0.5	10.043350
51.350000	0.5	10.030400
51.358333	0.5	10.007450
51.366667	0.5	9.988250
51.375000	0.5	9.974500
51.383333	0.5	9.950100
51.391667	0.5	9.935500
51.400000	0.5	9.920650
51.408333	0.5	9.903400
51.416667	0.5	9.888300
51.425000	0.5	9.866500
51.433333	0.5	9.860300
51.441667	0.5	9.846700
51.450000	0.5	9.839700
51.458333	0.5	9.829700
51.466667	0.5	9.828500
51.475000	0.5	9.825050
51.483333	0.5	9.812250
51.491667	0.5	9.805100
51.500000	0.5	9.805700
51.508333	0.5	9.800850
51.516667	0.5	9.803450
51.525000	0.5	9.807900
51.533333	0.5	9.814050
51.541667	0.5	9.816900
51.550000	0.5	9.816300
51.558333	0.5	9.828100
51.566667	0.5	9.829900
51.575000	0.5	9.840650
51.583333	0.5	9.844500
51.591667	0.5	9.855050
51.600000	0.5	9.875050
51.608333	0.5	9.882350
51.616667	0.5	9.898250
51.625000	0.5	9.918800
51.633333	0.5	9.932700
51.641667	0.5	9.951900
51.650000	0.5	9.974800
51.658333	0.5	10.001700
51.666667	0.5	10.027650
51.675000	0.5	10.058650
51.683333	0.5	10.088050
51.691667	0.5	10.122350
51.700000	0.5	10.163350
51.708333	0.5	10.210800
51.716667	0.5	10.254700
51.725000	0.5	10.306750
51.733333	0.5	10.363500
51.741667	0.5	10.434900
51.750000	0.5	10.499600
51.758333	0.5	10.568400
51.766667	0.5	10.643700
51.775000	0.5	10.732900
51.783333	0.5	10.811550
51.791667	0.5	10.899100
51.800000	0.5	10.984450
51.808333	0.5	11.077550
51.816667	0.5	11.164850
51.825000	0.5	11.261800
51.833333	0.5	11.346850
51.841667	0.5	11.431300
51.850000	0.5	11.518900
51.858333	0.5	11.596250
51.866667	0.5	11.674300
51.875000	0.5	11.743700
51.883333	0.5	11.812300
51.891667	0.5	11.866500
51.900000	0.5	11.925000
51.908333	0.5	11.968650
51.916667	0.5	12.015500
51.925000	0.5	12.054550
51.933333	0.5	12.081500
51.941667	0.5	12.104400
51.950000	0.5	12.125900
51.958333	0.5	12.137350
51.966667	0.5	12.147900
51.975000	0.5	12.155550
51.983333	0.5	12.160300
51.991667	0.5	12.166850
52.000000	0.5	12.174700
52.008333	0.5	12.178400
52.016667	0.5	12.197400
52.025000	0.5	12.203800
52.033333	0.5	12.231200
52.041667	0.5	12.251850
52.050000	0.5	12.276400
52.058333	0.5	12.307400
52.066667	0.5	12.348200
52.075000	0.5	12.376650
52.083333	0.5	12.420700
52.091667	0.5	12.465100
52.100000	0.5	12.497000
52.108333	0.5	12.535250
52.116667	0.5	12.564500
52.125000	0.5	12.598450
52.133333	0.5	12.628600
52.141667	0.5	12.660550
52.150000	0.5	12.684600
52.158333	0.5	12.694400
52.166667	0.5	12.705450
52.175000	0.5	12.714500
52.183333	0.5	12.719250
52.191667	0.5	12.714400
52.200000	0.5	12.713000
52.208333	0.5	12.703150
52.216667	0.5	12.685250
52.225000	0.5	12.667450
52.233333	0.5	12.642650
52.241667	0.5	12.608600
52.250000	0.5	12.573650
52.258333	0.5	12.534250
52.266667	0.5	12.493900
52.275000	0.5	12.442300
52.283333	0.5	12.392100
52.291667	0.5	12.341600
52.300000	0.5	12.285850
52.308333	0.5	12.224050
52.316667	0.5	12.168850
52.325000	0.5	12.099500
52.333333	0.5	12.040850
52.341667	0.5	11.963650
52.350000	0.5	11.904900
52.358333	0.5	11.841150
52.366667	0.5	11.773850
52.375000	0.5	11.704750
52.383333	0.5	11.642200
52.391667	0.5	11.581100
52.400000	0.5	11.517350
52.408333	0.5	11.456950
52.416667	0.5	11.413550
52.425000	0.5	11.344600
52.433333	0.5	11.298400
52.441667	0.5	11.237650
52.450000	0.5	11.176650
52.458333	0.5	11.133500
52.466667	0.5	11.090800
52.475000	0.5	11.036150
52.483333	0.5	10.994050
52.491667	0.5	10.947450
52.500000	0.5	10.898250
52.508333	0.5	10.856800
52.516667	0.5	10.812350
52.525000	0.5	10.774550
52.533333	0.5	10.731500
52.541667	0.5	10.696100
52.550000	0.5	10.653050
52.558333	0.5	10.618800
52.566667	0.5	10.598450
52.575000	0.5	10.557000
52.583333	0.5	10.537450
52.591667	0.5	10.509400
52.600000	0.5	10.488550
52.608333	0.5	10.482650
52.616667	0.5	10.458550
52.625000	0.5	10.435700
52.633333	0.5	10.410450
52.641667	0.5	10.408000
52.650000	0.5	10.375600
52.658333	0.5	10.347000
52.666667	0.5	10.315800
52.675000	0.5	10.278950
52.683333	0.5	10.246100
52.691667	0.5	10.213100
52.700000	0.5	10.194250
52.708333	0.5	10.199350
52.716667	0.5	10.210100
52.725000	0.5	10.249000
52.733333	0.5	10.298050
52.741667	0.5	10.346400
52.750000	0.5	10.391850
52.758333	0.5	10.431650
52.766667	0.5	10.465450
52.775000	0.5	10.514700
52.783333	0.5	10.548300
52.791667	0.5	10.577200
52.800000	0.5	10.607300
52.808333	0.5	10.638450
52.816667	0.5	10.637350
52.825000	0.5	10.640650
52.833333	0.5	10.632350
52.841667	0.5	10.612050
52.850000	0.5	10.588650
52.858333	0.5	10.557800
52.866667	0.5	10.525450
52.875000	0.5	10.496950
52.883333	0.5	10.466150
52.891667	0.5	10.441250
52.900000	0.5	10.418600
52.908333	0.5	10.406800
52.916667	0.5	10.381800
52.925000	0.5	10.373000
52.933333	0.5	10.362250
52.941667	0.5	10.363050
52.950000	0.5	10.355950
52.958333	0.5	10.362200
52.966667	0.5	10.378950
52.975000	0.5	10.380100
52.983333	0.5	10.388100
52.991667	0.5	10.405150
53.000000	0.5	10.429050
53.008333	0.5	10.438950
53.016667	0.5	10.460600
53.025000	0.5	10.480450
53.033333	0.5	10.509050
53.041667	0.5	10.536500
53.050000	0.5	10.548650
53.058333	0.5	10.576200
53.066667	0.5	10.599800
53.075000	0.5	10.642900
53.083333	0.5	10.659250
53.091667	0.5	10.694250
53.100000	0.5	10.717400
53.108333	0.5	10.744250
53.116667	0.5	10.774200
53.125000	0.5	10.802400
53.133333	0.5	10.836800
53.141667	0.5	10.862700
53.150000	0.5	10.887350
53.158333	0.5	10.914850
53.166667	0.5	10.944750
53.175000	0.5	10.956550
53.183333	0.5	10.984550
53.191667	0.5	11.009600
53.200000	0.5	11.026100
53.208333	0.5	11.048050
53.216667	0.5	11.059750
53.225000	0.5	11.073800
53.233333	0.5	11.082900
53.241667	0.5	11.098700
53.250000	0.5	11.112500
53.258333	0.5	11.123500
53.266667	0.5	11.136100
53.275000	0.5	11.132550
53.283333	0.5	11.144850
53.291667	0.5	11.142150
53.300000	0.5	11.140350
53.308333	0.5	11.145850
53.316667	0.5	11.144150
53.325000	0.5	11.150600
53.333333	0.5	11.142800
53.341667	0.5	11.146600
53.350000	0.5	11.137700
53.358333	0.5	11.143800
53.366667	0.5	11.139850
53.375000	0.5	11.140500
53.383333	0.5	11.142600
53.391667	0.5	11.142200
53.400000	0.5	11.134100
53.408333	0.5	11.134500
53.416667	0.5	11.130050
53.425000	0.5	11.132250
53.433333	0.5	11.131350
53.441667	0.5	11.146100
53.450000	0.5	11.136750
53.458333	0.5	11.140250
53.466667	0.5	11.141000
53.475000	0.5	11.135550
53.483333	0.5	11.141800
53.491667	0.5	11.152500
53.500000	0.5	11.145000
53.508333	0.5	11.147200
53.516667	0.5	11.147900
53.525000	0.5	11.148050
53.533333	0.5	11.157000
53.541667	0.5	11.149000
53.550000	0.5	11.153950
53.558333	0.5	11.144200
53.566667	0.5	11.148250
53.575000	0.5	11.157700
53.583333	0.5	11.163450
53.591667	0.5	11.157100
53.600000	0.5	11.152800
53.608333	0.5	11.145400
53.616667	0.5	11.143200
53.625000	0.5	11.136100
53.633333	0.5	11.142150
53.641667	0.5	11.141450
53.650000	0.5	11.140650
53.658333	0.5	11.142000
53.666667	0.5	11.131000
53.675000	0.5	11.125250
53.683333	0.5	11.119300
53.691667	0.5	11.113350
53.700000	0.5	11.109950
53.708333	0.5	11.112650
53.716667	0.5	11.091800
53.725000	0.5	11.088550
53.733333	0.5	11.082050
53.741667	0.5	11.078600
53.750000	0.5	11.075300
53.758333	0.5	11.061850
53.766667	0.5	11.061600
53.775000	0.5	11.057300
53.783333	0.5	11.048300
53.791667	0.5	11.042700
53.800000	0.5	11.032300
53.808333	0.5	11.020900
53.816667	0.5	11.015600
53.825000	0.5	10.998800
53.833333	0.5	11.005750
53.841667	0.5	10.989200
53.850000	0.5	10.978200
53.858333	0.5	10.967500
53.866667	0.5	10.958700
53.875000	0.5	10.950000
53.883333	0.5	10.936250
53.891667	0.5	10.932450
53.900000	0.5	10.923100
53.908333	0.5	10.912050
53.916667	0.5	10.904600
53.925000	0.5	10.896250
53.933333	0.5	10.890500
53.941667	0.5	10.873700
53.950000	0.5	10.870300
53.958333	0.5	10.865200
53.966667	0.5	10.863500
53.975000	0.5	10.841550
53.983333	0.5	10.837300
53.991667	0.5	10.824700
54.000000	0.5	10.826150
54.008333	0.5	10.809550
54.016667	0.5	10.803850
54.025000	0.5	10.796450
54.033333	0.5	10.788550
54.041667	0.5	10.783650
54.050000	0.5	10.788950
54.058333	0.5	10.766950
54.066667	0.5	10.755200
54.075000	0.5	10.748200
54.083333	0.5	10.742150
54.091667	0.5	10.735250
54.100000	0.5	10.729450
54.108333	0.5	10.712300
54.116667	0.5	10.699150
54.125000	0.5	10.697600
54.133333	0.5	10.679500
54.141667	0.5	10.670350
54.150000	0.5	10.661000
54.158333	0.5	10.642100
54.166667	0.5	10.633100
54.175000	0.5	10.616750
54.183333	0.5	10.599250
54.191667	0.5	10.582950
54.200000	0.5	10.582200
54.208333	0.5	10.550550
54.216667	0.5	10.548550
54.225000	0.5	10.517000
54.233333	0.5	10.508100
54.241667	0.5	10.489350
54.250000	0.5	10.469050
54.258333	0.5	10.448950
54.266667	0.5	10.430900
54.275000	0.5	10.414800
54.283333	0.5	10.399450
54.291667	0.5	10.391800
54.300000	0.5	10.368400
54.308333	0.5	10.349450
54.316667	0.5	10.337250
54.325000	0.5	10.319450
54.333333	0.5	10.316200
54.341667	0.5	10.292600
54.350000	0.5	10.294100
54.358333	0.5	10.273900
54.366667	0.5	10.257750
54.375000	0.5	10.258300
54.383333	0.5	10.249950
54.391667	0.5	10.241450
54.400000	0.5	10.233950
54.408333	0.5	10.231900
54.416667	0.5	10.224600
54.425000	0.5	10.223500
54.433333	0.5	10.222700
54.441667	0.5	10.231150
54.450000	0.5	10.224100
54.458333	0.5	10.223500
54.466667	0.5	10.218150
54.475000	0.5	10.236700
54.483333	0.5	10.237400
54.491667	0.5	10.249300
54.500000	0.5	10.268650
54.508333	0.5	10.274850
54.516667	0.5	10.292950
54.525000	0.5	10.321900
54.533333	0.5	10.348250
54.541667	0.5	10.383350
54.550000	0.5	10.416400
54.558333	0.5	10.458750
54.566667	0.5	10.508050
54.575000	0.5	10.559400
54.583333	0.5	10.626300
54.591667	0.5	10.685300
54.600000	0.5	10.768050
54.608333	0.5	10.848750
54.616667	0.5	10.920500
54.625000	0.5	11.014500
54.633333	0.5	11.093800
54.641667	0.5	11.191000
54.650000	0.5	11.282700
54.658333	0.5	11.377750
54.666667	0.5	11.475800
54.675000	0.5	11.563900
54.683333	0.5	11.668400
54.691667	0.5	11.765900
54.700000	0.5	11.862500
54.708333	0.5	11.971750
54.716667	0.5	12.061900
54.725000	0.5	12.161150
54.733333	0.5	12.256350
54.741667	0.5	12.363900
54.750000	0.5	12.448450
54.758333	0.5	12.532900
54.766667	0.5	12.632000
54.775000	0.5	12.703250
54.783333	0.5	12.790000
54.791667	0.5	12.865800
54.800000	0.5	12.939700
54.808333	0.5	13.015850
54.816667	0.5	13.080300
54.825000	0.5	13.151200
54.833333	0.5	13.209400
54.841667	0.5	13.263250
54.850000	0.5	13.319000
54.858333	0.5	13.376000
54.866667	0.5	13.428950
54.875000	0.5	13.476300
54.883333	0.5	13.510000
54.891667	0.5	13.572800
54.900000	0.5	13.586950
54.908333	0.5	13.620450
54.916667	0.5	13.649800
54.925000	0.5	13.671550
54.933333	0.5	13.712100
54.941667	0.5	13.707400
54.950000	0.5	13.718250
54.958333	0.5	13.729500
54.966667	0.5	13.725050
54.975000	0.5	13.725050
54.983333	0.5	13.717950
54.991667	0.5	13.701100
55.000000	0.5	13.692650
55.008333	0.5	13.680250
55.016667	0.5	13.646900
55.025000	0.5	13.616750
55.033333	0.5	13.581400
55.041667	0.5	13.537800
55.050000	0.5	13.491100
55.058333	0.5	13.437400
55.066667	0.5	13.396900
55.075000	0.5	13.318950
55.083333	0.5	13.258550
55.091667	0.5	13.189350
55.100000	0.5	13.118350
55.108333	0.5	13.038900
55.116667	0.5	12.943850
55.125000	0.5	12.849300
55.133333	0.5	12.737650
55.141667	0.5	12.633550
55.150000	0.5	12.521750
55.158333	0.5	12.396700
55.166667	0.5	12.281850
55.175000	0.5	12.178600
55.183333	0.5	12.035250
55.191667	0.5	11.915550
55.200000	0.5	11.794400
55.208333	0.5	11.700600
55.216667	0.5	11.574450
55.225000	0.5	11.471900
55.233333	0.5	11.379550
55.241667	0.5	11.297350
55.250000	0.5	11.222950
55.258333	0.5	11.165650
55.266667	0.5	11.130050
55.275000	0.5	11.076550
55.283333	0.5	11.053750
55.291667	0.5	11.050300
55.300000	0.5	11.033050
55.308333	0.5	11.046150
55.316667	0.5	11.042050
55.325000	0.5	11.061300
55.333333	0.5	11.075850
55.341667	0.5	11.101550
55.350000	0.5	11.126900
55.358333	0.5	11.156200
55.366667	0.5	11.194800
55.375000	0.5	11.227750
55.383333	0.5	11.270550
55.391667	0.5	11.305850
55.400000	0.5	11.339100
55.408333	0.5	11.372950
55.416667	0.5	11.417450
55.425000	0.5	11.441050
55.433333	0.5	11.474400
55.441667	0.5	11.497450
55.450000	0.5	11.526900
55.458333	0.5	11.548650
55.466667	0.5	11.580100
55.475000	0.5	11.576050
55.483333	0.5	11.599800
55.491667	0.5	11.606100
55.500000	0.5	11.609900
55.508333	0.5	11.617100
55.516667	0.5	11.614400
55.525000	0.5	11.619650
55.533333	0.5	11.600500
55.541667	0.5	11.595900
55.550000	0.5	11.583300
55.558333	0.5	11.570300
55.566667	0.5	11.552400
55.575000	0.5	11.528950
55.583333	0.5	11.498250
55.591667	0.5	11.473400
55.600000	0.5	11.442750
55.608333	0.5	11.412850
55.616667	0.5	11.381550
55.625000	0.5	11.340300
55.633333	0.5	11.303100
55.641667	0.5	11.270850
55.650000	0.5	11.247500
55.658333	0.5	11.198250
55.666667	0.5	11.156900
55.675000	0.5	11.137600
55.683333	0.5	11.105800
55.691667	0.5	11.062650
55.700000	0.5	11.029850
55.708333	0.5	11.003950
55.716667	0.5	10.976950
55.725000	0.5	10.945400
55.733333	0.5	10.924900
55.741667	0.5	10.906100
55.750000	0.5	10.883750
55.758333	0.5	10.869100
55.766667	0.5	10.847700
55.775000	0.5	10.849200
55.783333	0.5	10.841300
55.791667	0.5	10.830100
55.800000	0.5	10.822550
55.808333	0.5	10.822350
55.816667	0.5	10.815200
55.825000	0.5	10.812750
55.833333	0.5	10.809400
55.841667	0.5	10.813250
55.850000	0.5	10.825350
55.858333	0.5	10.816550
55.866667	0.5	10.823250
55.875000	0.5	10.828650
55.883333	0.5	10.837750
55.891667	0.5	10.862850
55.900000	0.5	10.844250
55.908333	0.5	10.847100
55.916667	0.5	10.856800
55.925000	0.5	10.864250
55.933333	0.5	10.872500
55.941667	0.5	10.877550
55.950000	0.5	10.888100
55.958333	0.5	10.898350
55.966667	0.5	10.914650
55.975000	0.5	10.921800
55.983333	0.5	10.938550
55.991667	0.5	10.951300
56.000000	0.5	10.961750
56.008333	0.5	10.981900
56.016667	0.5	10.990000
56.025000	0.5	11.005650
56.033333	0.5	11.009900
56.041667	0.5	11.033850
56.050000	0.5	11.044450
56.058333	0.5	11.057700
56.066667	0.5	11.082850
56.075000	0.5	11.082400
56.083333	0.5	11.094800
56.091667	0.5	11.104600
56.100000	0.5	11.123800
56.108333	0.5	11.120750
56.116667	0.5	11.125050
56.125000	0.5	11.129050
56.133333	0.5	11.136250
56.141667	0.5	11.133850
56.150000	0.5	11.132900
56.158333	0.5	11.141300
56.166667	0.5	11.133800
56.175000	0.5	11.133850
56.183333	0.5	11.125450
56.191667	0.5	11.110800
56.200000	0.5	11.105250
56.208333	0.5	11.100700
56.216667	0.5	11.074750
56.225000	0.5	11.064750
56.233333	0.5	11.042700
56.241667	0.5	11.027650
56.250000	0.5	11.006800
56.258333	0.5	10.987850
56.266667	0.5	10.971600
56.275000	0.5	10.944600
56.283333	0.5	10.924250
56.291667	0.5	10.899000
56.300000	0.5	10.874300
56.308333	0.5	10.855850
56.316667	0.5	10.832650
56.325000	0.5	10.807650
56.333333	0.5	10.780450
56.341667	0.5	10.762350
56.350000	0.5	10.745650
56.358333	0.5	10.730200
56.366667	0.5	10.694500
56.375000	0.5	10.679050
56.383333	0.5	10.661850
56.391667	0.5	10.640850
56.400000	0.5	10.623900
56.408333	0.5	10.613050
56.416667	0.5	10.610100
56.425000	0.5	10.584200
56.433333	0.5	10.574700
56.441667	0.5	10.568900
56.450000	0.5	10.557450
56.458333	0.5	10.555400
56.466667	0.5	10.549050
56.475000	0.5	10.533700
56.483333	0.5	10.526750
56.491667	0.5	10.521550
56.500000	0.5	10.508750
56.508333	0.5	10.502850
56.516667	0.5	10.496750
56.525000	0.5	10.481100
56.533333	0.5	10.485650
56.541667	0.5	10.475300
56.550000	0.5	10.473500
56.558333	0.5	10.455350
56.566667	0.5	10.444000
56.575000	0.5	10.437700
56.583333	0.5	10.428100
56.591667	0.5	10.409900
56.600000	0.5	10.400800
56.608333	0.5	10.387150
56.616667	0.5	10.372600
56.625000	0.5	10.362200
56.633333	0.5	10.352250
56.641667	0.5	10.344050
56.650000	0.5	10.326550
56.658333	0.5	10.312800
56.666667	0.5	10.305300
56.675000	0.5	10.289400
56.683333	0.5	10.284300
56.691667	0.5	10.283600
56.700000	0.5	10.267950
56.708333	0.5	10.275950
56.716667	0.5	10.266050
56.725000	0.5	10.269200
56.733333	0.5	10.281600
56.741667	0.5	10.292850
56.750000	0.5	10.310700
56.758333	0.5	10.336000
56.766667	0.5	10.365400
56.775000	0.5	10.411250
56.783333	0.5	10.453500
56.791667	0.5	10.508900
56.800000	0.5	10.578100
56.808333	0.5	10.645200
56.816667	0.5	10.721750
56.825000	0.5	10.813300
56.833333	0.5	10.893250
56.841667	0.5	10.978750
56.850000	0.5	11.070550
56.858333	0.5	11.158250
56.866667	0.5	11.252650
56.875000	0.5	11.344750
56.883333	0.5	11.431200
56.891667	0.5	11.521900
56.900000	0.5	11.619750
56.908333	0.5	11.702550
56.916667	0.5	11.796050
56.925000	0.5	11.895700
56.933333	0.5	11.986950
56.941667	0.5	12.070500
56.950000	0.5	12.153900
56.958333	0.5	12.235950
56.966667	0.5	12.313350
56.975000	0.5	12.393300
56.983333	0.5	12.463550
56.991667	0.5	12.533950
57.000000	0.5	12.592950
57.008333	0.5	12.655350
57.016667	0.5	12.709800
57.025000	0.5	12.761600
57.033333	0.5	12.797100
57.041667	0.5	12.842800
57.050000	0.5	12.874850
57.058333	0.5	12.904450
57.066667	0.5	12.925700
57.075000	0.5	12.939850
57.083333	0.5	12.959300
57.091667	0.5	12.968800
57.100000	0.5	12.967500
57.108333	0.5	12.983750
57.116667	0.5	12.979450
57.125000	0.5	12.975400
57.133333	0.5	12.967950
57.141667	0.5	12.969200
57.150000	0.5	12.954350
57.158333	0.5	12.949150
57.166667	0.5	12.949350
57.175000	0.5	12.939150
57.183333	0.5	12.940400
57.191667	0.5	12.944900
57.200000	0.5	12.947250
57.208333	0.5	12.958050
57.216667	0.5	12.975700
57.225000	0.5	12.992850
57.233333	0.5	13.029800
57.241667	0.5	13.066250
57.250000	0.5	13.102100
57.258333	0.5	13.152550
57.266667	0.5	13.202550
57.275000	0.5	13.259200
57.283333	0.5	13.332250
57.291667	0.5	13.391700
57.300000	0.5	13.464250
57.308333	0.5	13.531250
57.316667	0.5	13.598700
57.325000	0.5	13.655900
57.333333	0.5	13.716450
57.341667	0.5	13.772750
57.350000	0.5	13.828600
57.358333	0.5	13.868750
57.366667	0.5	13.917900
57.375000	0.5	13.936850
57.383333	0.5	13.971750
57.391667	0.5	13.987250
57.400000	0.5	14.004650
57.408333	0.5	14.012050
57.416667	0.5	14.003800
57.425000	0.5	13.993300
57.433333	0.5	13.978700
57.441667	0.5	13.962100
57.450000	0.5	13.931650
57.458333	0.5	13.890250
57.466667	0.5	13.840750
57.475000	0.5	13.791050
57.483333	0.5	13.730950
57.491667	0.5	13.662650
57.500000	0.5	13.590850
57.508333	0.5	13.510050
57.516667	0.5	13.431100
57.525000	0.5	13.340850
57.533333	0.5	13.243150
57.541667	0.5	13.144000
57.550000	0.5	13.029950
57.558333	0.5	12.913050
57.566667	0.5	12.817850
57.575000	0.5	12.698400
57.583333	0.5	12.577300
57.591667	0.5	12.468300
57.600000	0.5	12.354250
57.608333	0.5	12.234900
57.616667	0.5	12.126200
57.625000	0.5	12.011650
57.633333	0.5	11.901650
57.641667	0.5	11.802950
57.650000	0.5	11.709450
57.658333	0.5	11.613000
57.666667	0.5	11.527600
57.675000	0.5	11.436900
57.683333	0.5	11.366600
57.691667	0.5	11.296850
57.700000	0.5	11.218800
57.708333	0.5	11.159750
57.716667	0.5	11.104900
57.725000	0.5	11.047850
57.733333	0.5	10.990350
57.741667	0.5	10.941000
57.750000	0.5	10.890650
57.758333	0.5	10.847100
57.766667	0.5	10.799800
57.775000	0.5	10.752900
57.783333	0.5	10.722100
57.791667	0.5	10.677600
57.800000	0.5	10.643150
57.808333	0.5	10.604000
57.816667	0.5	10.565000
57.825000	0.5	10.524950
57.833333	0.5	10.486650
57.841667	0.5	10.452250
57.850000	0.5	10.410300
57.858333	0.5	10.377950
57.866667	0.5	10.338400
57.875000	0.5	10.305300
57.883333	0.5	10.275200
57.891667	0.5	10.244350
57.900000	0.5	10.205900
57.908333	0.5	10.179600
57.916667	0.5	10.151400
57.925000	0.5	10.121400
57.933333	0.5	10.096550
57.941667	0.5	10.071500
57.950000	0.5	10.042250
57.958333	0.5	10.018700
57.966667	0.5	9.991150
57.975000	0.5	9.976100
57.983333	0.5	9.951850
57.991667	0.5	9.931500
58.000000	0.5	9.904550
58.008333	0.5	9.895450
58.016667	0.5	9.873600
58.025000	0.5	9.860550
58.033333	0.5	9.834900
58.041667	0.5	9.835900
58.050000	0.5	9.823650
58.058333	0.5	9.804100
58.066667	0.5	9.794900
58.075000	0.5	9.789100
58.083333	0.5	9.777350
58.091667	0.5	9.772450
58.100000	0.5	9.761500
58.108333	0.5	9.745700
58.116667	0.5	9.733450
58.125000	0.5	9.731850
58.133333	0.5	9.726850
58.141667	0.5	9.712500
58.150000	0.5	9.718800
58.158333	0.5	9.711600
58.166667	0.5	9.716850
58.175000	0.5	9.729400
58.183333	0.5	9.731350
58.191667	0.5	9.744250
58.200000	0.5	9.749950
58.208333	0.5	9.774200
58.216667	0.5	9.801950
58.225000	0.5	9.831900
58.233333	0.5	9.850300
58.241667	0.5	9.882800
58.250000	0.5	9.915500
58.258333	0.5	9.945250
58.266667	0.5	9.979050
58.275000	0.5	10.008250
58.283333	0.5	10.037050
58.291667	0.5	10.062750
58.300000	0.5	10.085450
58.308333	0.5	10.112700
58.316667	0.5	10.138700
58.325000	0.5	10.162450
58.333333	0.5	10.176400
58.341667	0.5	10.196500
58.350000	0.5	10.204900
58.358333	0.5	10.228550
58.366667	0.5	10.235400
58.375000	0.5	10.241600
58.383333	0.5	10.251850
58.391667	0.5	10.254600
58.400000	0.5	10.258600
58.408333	0.5	10.255900
58.416667	0.5	10.245850
58.425000	0.5	10.245050
58.433333	0.5	10.242950
58.441667	0.5	10.242150
58.450000	0.5	10.230950
58.458333	0.5	10.224000
58.466667	0.5	10.218850
58.475000	0.5	10.209400
58.483333	0.5	10.192950
58.491667	0.5	10.190300
58.500000	0.5	10.176200
58.508333	0.5	10.163800
58.516667	0.5	10.135550
58.525000	0.5	10.125500
58.533333	0.5	10.113900
58.541667	0.5	10.097550
58.550000	0.5	10.084450
58.558333	0.5	10.082800
58.566667	0.5	10.058400
58.575000	0.5	10.048000
58.583333	0.5	10.031050
58.591667	0.5	10.023750
58.600000	0.5	10.002850
58.608333	0.5	9.987850
58.616667	0.5	9.965250
58.625000	0.5	9.958050
58.633333	0.5	9.947900
58.641667	0.5	9.935950
58.650000	0.5	9.931600
58.658333	0.5	9.926200
58.666667	0.5	9.915750
58.675000	0.5	9.921750
58.683333	0.5	9.910400
58.691667	0.5	9.910150
58.700000	0.5	9.924450
58.708333	0.5	9.925800
58.716667	0.5	9.953350
58.725000	0.5	9.968900
58.733333	0.5	9.995100
58.741667	0.5	10.031800
58.750000	0.5	10.083800
58.758333	0.5	10.134150
58.766667	0.5	10.196150
58.775000	0.5	10.268650
58.783333	0.5	10.359500
58.791667	0.5	10.450350
58.800000	0.5	10.559200
58.808333	0.5	10.666500
58.816667	0.5	10.769950
58.825000	0.5	10.864050
58.833333	0.5	10.992050
58.841667	0.5	11.106400
58.850000	0.5	11.201750
58.858333	0.5	11.304550
58.866667	0.5	11.393350
58.875000	0.5	11.495800
58.883333	0.5	11.594150
58.891667	0.5	11.682850
58.900000	0.5	11.772500
58.908333	0.5	11.856050
58.916667	0.5	11.938550
58.925000	0.5	12.028600
58.933333	0.5	12.103500
58.941667	0.5	12.191400
58.950000	0.5	12.257500
58.958333	0.5	12.322450
58.966667	0.5	12.388600
58.975000	0.5	12.447250
58.983333	0.5	12.507750
58.991667	0.5	12.565300
59.000000	0.5	12.591400
59.008333	0.5	12.647100
59.016667	0.5	12.680400
59.025000	0.5	12.713450
59.033333	0.5	12.737350
59.041667	0.5	12.751400
59.050000	0.5	12.777200
59.058333	0.5	12.771650
59.066667	0.5	12.788050
59.075000	0.5	12.771950
59.083333	0.5	12.771750
59.091667	0.5	12.747800
59.100000	0.5	12.731650
59.108333	0.5	12.718200
59.116667	0.5	12.697800
59.125000	0.5	12.670350
59.133333	0.5	12.637850
59.141667	0.5	12.609050
59.150000	0.5	12.572600
59.158333	0.5	12.523250
59.166667	0.5	12.469250
59.175000	0.5	12.426650
59.183333	0.5	12.367600
59.191667	0.5	12.328700
59.200000	0.5	12.269000
59.208333	0.5	12.221800
59.216667	0.5	12.176450
59.225000	0.5	12.117700
59.233333	0.5	12.065550
59.241667	0.5	12.006450
59.250000	0.5	11.951950
59.258333	0.5	11.897950
59.266667	0.5	11.845500
59.275000	0.5	11.795900
59.283333	0.5	11.753550
59.291667	0.5	11.709150
59.300000	0.5	11.670800
59.308333	0.5	11.640450
59.316667	0.5	11.617150
59.325000	0.5	11.598800
59.333333	0.5	11.584250
59.341667	0.5	11.584900
59.350000	0.5	11.603900
59.358333	0.5	11.617750
59.366667	0.5	11.655350
59.375000	0.5	11.686100
59.383333	0.5	11.734400
59.391667	0.5	11.799800
59.400000	0.5	11.860150
59.408333	0.5	11.958650
59.416667	0.5	12.042850
59.425000	0.5	12.121300
59.433333	0.5	12.209750
59.441667	0.5	12.291700
59.450000	0.5	12.397950
59.458333	0.5	12.490700
59.466667	0.5	12.583100
59.475000	0.5	12.686650
59.483333	0.5	12.762050
59.491667	0.5	12.865350
59.500000	0.5	12.934050
59.508333	0.5	13.004450
59.516667	0.5	13.078250
59.525000	0.5	13.139600
59.533333	0.5	13.215300
59.541667	0.5	13.253250
59.550000	0.5	13.286000
59.558333	0.5	13.321350
59.566667	0.5	13.356700
59.575000	0.5	13.387150
59.583333	0.5	13.394250
59.591667	0.5	13.402350
59.600000	0.5	13.402600
59.608333	0.5	13.401900
59.616667	0.5	13.388200
59.625000	0.5	13.359450
59.633333	0.5	13.356050
59.641667	0.5	13.283900
59.650000	0.5	13.244900
59.658333	0.5	13.191650
59.666667	0.5	13.131250
59.675000	0.5	13.068450
59.683333	0.5	12.992600
59.691667	0.5	12.918950
59.700000	0.5	12.839850
59.708333	0.5	12.749600
59.716667	0.5	12.666200
59.725000	0.5	12.561300
59.733333	0.5	12.468900
59.741667	0.5	12.359300
59.750000	0.5	12.261350
59.758333	0.5	12.165450
59.766667	0.5	12.062500
59.775000	0.5	11.971400
59.783333	0.5	11.885350
59.791667	0.5	11.789150
59.800000	0.5	11.710100
59.808333	0.5	11.635500
59.816667	0.5	11.555100
59.825000	0.5	11.484500
59.833333	0.5	11.406800
59.841667	0.5	11.360450
59.850000	0.5	11.295350
59.858333	0.5	11.249200
59.866667	0.5	11.187650
59.875000	0.5	11.153500
59.883333	0.5	11.110650
59.891667	0.5	11.082050
59.900000	0.5	11.048900
59.908333	0.5	11.012950
59.916667	0.5	10.981900
59.925000	0.5	10.950600
59.933333	0.5	10.925600
59.941667	0.5	10.892900
59.950000	0.5	10.874750
59.958333	0.5	10.851850
59.966667	0.5	10.822600
59.975000	0.5	10.812600
59.983333	0.5	10.790500
59.991667	0.5	10.756450
60.000000	0.5	10.740450
60.008333	0.5	10.724300
60.016667	0.5	10.708100
60.025000	0.5	10.676450
60.033333	0.5	10.650550
60.041667	0.5	10.635250
60.050000	0.5	10.611650
60.058333	0.5	10.589500
60.066667	0.5	10.563550
60.075000	0.5	10.551350
60.083333	0.5	10.536250
60.091667	0.5	10.519300
60.100000	0.5	10.491700
60.108333	0.5	10.474900
60.116667	0.5	10.469500
60.125000	0.5	10.449450
60.133333	0.5	10.426900
60.141667	0.5	10.405500
60.150000	0.5	10.390500
60.158333	0.5	10.381200
60.166667	0.5	10.364700
60.175000	0.5	10.341150
60.183333	0.5	10.337950
60.191667	0.5	10.323950
60.200000	0.5	10.311850
60.208333	0.5	10.293250
60.216667	0.5	10.285800
60.225000	0.5	10.269900
60.233333	0.5	10.275300
60.241667	0.5	10.258650
60.250000	0.5	10.240000
60.258333	0.5	10.229650
60.266667	0.5	10.219000
60.275000	0.5	10.207750
60.283333	0.5	10.208200
60.291667	0.5	10.197100
60.300000	0.5	10.192500
60.308333	0.5	10.193650
60.316667	0.5	10.184350
60.325000	0.5	10.160150
60.333333	0.5	10.155300
60.341667	0.5	10.141100
60.350000	0.5	10.137850
60.358333	0.5	10.128200
60.366667	0.5	10.127600
60.375000	0.5	10.119400
60.383333	0.5	10.136850
60.391667	0.5	10.115600
60.400000	0.5	10.113900
60.408333	0.5	10.104900
60.416667	0.5	10.104750
60.425000	0.5	10.098600
60.433333	0.5	10.116000
60.441667	0.5	10.112600
60.450000	0.5	10.121850
60.458333	0.5	10.120700
60.466667	0.5	10.146850
60.475000	0.5	10.170800
60.483333	0.5	10.196850
60.491667	0.5	10.218350
60.500000	0.5	10.255450
60.508333	0.5	10.285050
60.516667	0.5	10.331050
60.525000	0.5	10.387550
60.533333	0.5	10.460550
60.541667	0.5	10.525350
60.550000	0.5	10.592150
60.558333	0.5	10.675850
60.566667	0.5	10.783150
60.575000	0.5	10.868550
60.583333	0.5	10.964250
60.591667	0.5	11.062750
60.600000	0.5	11.165450
60.608333	0.5	11.262150
60.616667	0.5	11.353500
60.625000	0.5	11.447400
60.633333	0.5	11.543400
60.641667	0.5	11.620700
60.650000	0.5	11.701150
60.658333	0.5	11.788050
60.666667	0.5	11.866650
60.675000	0.5	11.948800
60.683333	0.5	12.028600
60.691667	0.5	12.094100
60.700000	0.5	12.167300
60.708333	0.5	12.243900
60.716667	0.5	12.308800
60.725000	0.5	12.370550
60.733333	0.5	12.435200
60.741667	0.5	12.488700
60.750000	0.5	12.566100
60.758333	0.5	12.592950
60.766667	0.5	12.631600
60.775000	0.5	12.680600
60.783333	0.5	12.707900
60.791667	0.5	12.731450
60.800000	0.5	12.747400
60.808333	0.5	12.774350
60.816667	0.5	12.763150
60.825000	0.5	12.774300
60.833333	0.5	12.760000
60.841667	0.5	12.752500
60.850000	0.5	12.739850
60.858333	0.5	12.724650
60.866667	0.5	12.683500
60.875000	0.5	12.650700
60.883333	0.5	12.608600
60.891667	0.5	12.571350
60.900000	0.5	12.509850
60.908333	0.5	12.461350
60.916667	0.5	12.409450
60.925000	0.5	12.350000
60.933333	0.5	12.281950
60.941667	0.5	12.225150
60.950000	0.5	12.146150
60.958333	0.5	12.084000
60.966667	0.5	12.011950
60.975000	0.5	11.938800
60.983333	0.5	11.880000
60.991667	0.5	11.799350
61.000000	0.5	11.728400
61.008333	0.5	11.668350
61.016667	0.5	11.599000
61.025000	0.5	11.529600
61.033333	0.5	11.479350
61.041667	0.5	11.420900
61.050000	0.5	11.369900
61.058333	0.5	11.329000
61.066667	0.5	11.274300
61.075000	0.5	11.233500
61.083333	0.5	11.201500
61.091667	0.5	11.168500
61.100000	0.5	11.147200
61.108333	0.5	11.131550
61.116667	0.5	11.115850
61.125000	0.5	11.114800
61.133333	0.5	11.116050
61.141667	0.5	11.123200
61.150000	0.5	11.124400
61.158333	0.5	11.146800
61.166667	0.5	11.167000
61.175000	0.5	11.184250
61.183333	0.5	11.210400
61.191667	0.5	11.240850
61.200000	0.5	11.275250
61.208333	0.5	11.311200
61.216667	0.5	11.359100
61.225000	0.5	11.402950
61.233333	0.5	11.460600
61.241667	0.5	11.504000
61.250000	0.5	11.564400
61.258333	0.5	11.619750
61.266667	0.5	11.683950
61.275000	0.5	11.754200
61.283333	0.5	11.818000
61.291667	0.5	11.885800
61.300000	0.5	11.958800
61.308333	0.5	12.060950
61.316667	0.5	12.109100
61.325000	0.5	12.186600
61.333333	0.5	12.271150
61.341667	0.5	12.340500
61.350000	0.5	12.410350
61.358333	0.5	12.488600
61.366667	0.5	12.564750
61.375000	0.5	12.627650
61.383333	0.5	12.676200
61.391667	0.5	12.739000
61.400000	0.5	12.790600
61.408333	0.5	12.826350
61.416667	0.5	12.858200
61.425000	0.5	12.890650
61.433333	0.5	12.930750
61.441667	0.5	12.915650
61.450000	0.5	12.922850
61.458333	0.5	12.922600
61.466667	0.5	12.896250
61.475000	0.5	12.870850
61.483333	0.5	12.834500
61.491667	0.5	12.774700
61.500000	0.5	12.726450
61.508333	0.5	12.628450
61.516667	0.5	12.551250
61.525000	0.5	12.466100
61.533333	0.5	12.343550
61.541667	0.5	12.221150
61.550000	0.5	12.104200
61.558333	0.5	11.973500
61.566667	0.5	11.832700
61.575000	0.5	11.685700
61.583333	0.5	11.535350
61.591667	0.5	11.384300
61.600000	0.5	11.237850
61.608333	0.5	11.086100
61.616667	0.5	10.927050
61.625000	0.5	10.779350
61.633333	0.5	10.624550
61.641667	0.5	10.493050
61.650000	0.5	10.348000
61.658333	0.5	10.214350
61.666667	0.5	10.099250
61.675000	0.5	9.979050
61.683333	0.5	9.859100
61.691667	0.5	9.757550
61.700000	0.5	9.659150
61.708333	0.5	9.572400
61.716667	0.5	9.492250
61.725000	0.5	9.418400
61.733333	0.5	9.353750
61.741667	0.5	9.281000
61.750000	0.5	9.228450
61.758333	0.5	9.184700
61.766667	0.5	9.126600
61.775000	0.5	9.102900
61.783333	0.5	9.056850
61.791667	0.5	9.020850
61.800000	0.5	8.997850
61.808333	0.5	8.981400
61.816667	0.5	8.963000
61.825000	0.5	8.941150
61.833333	0.5	8.929100
61.841667	0.5	8.918300
61.850000	0.5	8.922100
61.858333	0.5	8.907900
61.866667	0.5	8.905150
61.875000	0.5	8.911450
61.883333	0.5	8.912250
61.891667	0.5	8.922650
61.900000	0.5	8.924900
61.908333	0.5	8.943950
61.916667	0.5	8.950750
61.925000	0.5	8.971700
61.933333	0.5	8.997350
61.941667	0.5	9.035100
61.950000	0.5	9.058100
61.958333	0.5	9.095500
61.966667	0.5	9.135550
61.975000	0.5	9.178150
61.983333	0.5	9.226550
61.991667	0.5	9.284750
62.000000	0.5	9.340750
62.008333	0.5	9.412800
62.016667	0.5	9.490250
62.025000	0.5	9.565350
62.033333	0.5	9.652900
62.041667	0.5	9.757000
62.050000	0.5	9.856400
62.058333	0.5	9.958250
62.066667	0.5	10.062700
62.075000	0.5	10.166650
62.083333	0.5	10.251650
62.091667	0.5	10.341050
62.100000	0.5	10.406300
62.108333	0.5	10.455000
62.116667	0.5	10.511150
62.125000	0.5	10.523850
62.133333	0.5	10.532400
62.141667	0.5	10.539300
62.150000	0.5	10.550500
62.158333	0.5	10.551450
62.166667	0.5	10.561450
62.175000	0.5	10.573050
62.183333	0.5	10.587600
62.191667	0.5	10.595300
62.200000	0.5	10.605750
62.208333	0.5	10.606350
62.216667	0.5	10.602400
62.225000	0.5	10.587400
62.233333	0.5	10.603500
62.241667	0.5	10.582450
62.250000	0.5	10.566150
62.258333	0.5	10.549100
62.266667	0.5	10.549750
62.275000	0.5	10.522800
62.283333	0.5	10.519650
62.291667	0.5	10.508450
62.300000	0.5	10.494050
62.308333	0.5	10.507750
62.316667	0.5	10.484400
62.325000	0.5	10.494700
62.333333	0.5	10.479450
62.341667	0.5	10.496550
62.350000	0.5	10.485200
62.358333	0.5	10.486500
62.366667	0.5	10.488750
62.375000	0.5	10.498650
62.383333	0.5	10.492950
62.391667	0.5	10.496450
62.400000	0.5	10.486500
62.408333	0.5	10.504950
62.416667	0.5	10.493550
62.425000	0.5	10.491650
62.433333	0.5	10.498900
62.441667	0.5	10.498950
62.450000	0.5	10.520000
62.458333	0.5	10.510350
62.466667	0.5	10.524350
62.475000	0.5	10.536650
62.483333	0.5	10.547050
62.491667	0.5	10.556350
62.500000	0.5	10.559600
62.508333	0.5	10.573950
62.516667	0.5	10.586200
62.525000	0.5	10.598100
62.533333	0.5	10.614750
62.541667	0.5	10.630500
62.550000	0.5	10.649150
62.558333	0.5	10.673150
62.566667	0.5	10.680400
62.575000	0.5	10.691700
62.583333	0.5	10.695800
62.591667	0.5	10.717350
62.600000	0.5	10.740400
62.608333	0.5	10.737900
62.616667	0.5	10.759100
62.625000	0.5	10.786250
62.633333	0.5	10.794700
62.641667	0.5	10.799400
62.650000	0.5	10.799200
62.658333	0.5	10.830150
62.666667	0.5	10.835350
62.675000	0.5	10.848300
62.683333	0.5	10.846200
62.691667	0.5	10.862100
62.700000	0.5	10.871350
62.708333	0.5	10.880900
62.716667	0.5	10.893200
62.725000	0.5	10.904250
62.733333	0.5	10.919900
62.741667	0.5	10.928050
62.750000	0.5	10.946800
62.758333	0.5	10.940850
62.766667	0.5	10.960600
62.775000	0.5	10.968350
62.783333	0.5	10.971750
62.791667	0.5	10.980800
62.800000	0.5	10.997450
62.808333	0.5	11.002350
62.816667	0.5	11.007650
62.825000	0.5	11.014300
62.833333	0.5	11.016150
62.841667	0.5	11.031250
62.850000	0.5	11.044950
62.858333	0.5	11.042600
62.866667	0.5	11.056150
62.875000	0.5	11.062800
62.883333	0.5	11.069650
62.891667	0.5	11.096500
62.900000	0.5	11.087850
62.908333	0.5	11.079300
62.916667	0.5	11.104950
62.925000	0.5	11.099050
62.933333	0.5	11.119550
62.941667	0.5	11.127950
62.950000	0.5	11.139500
62.958333	0.5	11.140000
62.966667	0.5	11.154200
62.975000	0.5	11.160350
62.983333	0.5	11.167150
62.991667	0.5	11.164550
63.000000	0.5	11.173200
63.008333	0.5	11.182400
63.016667	0.5	11.190150
63.025000	0.5	11.193550
63.033333	0.5	11.208650
63.041667	0.5	11.210100
63.050000	0.5	11.203600
63.058333	0.5	11.219750
63.066667	0.5	11.210400
63.075000	0.5	11.208900
63.083333	0.5	11.209900
63.091667	0.5	11.219300
63.100000	0.5	11.201700
63.108333	0.5	11.202550
63.116667	0.5	11.201800
63.125000	0.5	11.211500
63.133333	0.5	11.201450
63.141667	0.5	11.199050
63.150000	0.5	11.193650
63.158333	0.5	11.189600
63.166667	0.5	11.187250
63.175000	0.5	11.177600
63.183333	0.5	11.177600
63.191667	0.5	11.153400
63.200000	0.5	11.155450
63.208333	0.5	11.146850
63.216667	0.5	11.156950
63.225000	0.5	11.132550
63.233333	0.5	11.123950
63.241667	0.5	11.107000
63.250000	0.5	11.109650
63.258333	0.5	11.093100
63.266667	0.5	11.096200
63.275000	0.5	11.084750
63.283333	0.5	11.083250
63.291667	0.5	11.071400
63.300000	0.5	11.056850
63.308333	0.5	11.044050
63.316667	0.5	11.042750
63.325000	0.5	11.021200
63.333333	0.5	11.026800
63.341667	0.5	11.021750
63.350000	0.5	11.017000
63.358333	0.5	11.007950
63.366667	0.5	11.014300
63.375000	0.5	11.003750
63.383333	0.5	10.986750
63.391667	0.5	10.995150
63.400000	0.5	10.995100
63.408333	0.5	10.985650
63.416667	0.5	11.011000
63.425000	0.5	10.974050
63.433333	0.5	10.975400
63.441667	0.5	10.968400
63.450000	0.5	10.970000
63.458333	0.5	10.970000
63.466667	0.5	10.960450
63.475000	0.5	10.954500
63.483333	0.5	10.958950
63.491667	0.5	10.961000
63.500000	0.5	10.943200
63.508333	0.5	10.938800
63.516667	0.5	10.931350
63.525000	0.5	10.937250
63.533333	0.5	10.935800
63.541667	0.5	10.934600
63.550000	0.5	10.922500
63.558333	0.5	10.917950
63.566667	0.5	10.927050
63.575000	0.5	10.910500
63.583333	0.5	10.904850
63.591667	0.5	10.899850
63.600000	0.5	10.898300
63.608333	0.5	10.910850
63.616667	0.5	10.893900
63.625000	0.5	10.885500
63.633333	0.5	10.880250
63.641667	0.5	10.876000
63.650000	0.5	10.864400
63.658333	0.5	10.857500
63.666667	0.5	10.853950
63.675000	0.5	10.852750
63.683333	0.5	10.853550
63.691667	0.5	10.847550
63.700000	0.5	10.847600
63.708333	0.5	10.845250
63.716667	0.5	10.846850
63.725000	0.5	10.864350
63.733333	0.5	10.853250
63.741667	0.5	10.868850
63.750000	0.5	10.870000
63.758333	0.5	10.880450
63.766667	0.5	10.892000
63.775000	0.5	10.894350
63.783333	0.5	10.912850
63.791667	0.5	10.932800
63.800000	0.5	10.959050
63.808333	0.5	10.987200
63.816667	0.5	11.038150
63.825000	0.5	11.057850
63.833333	0.5	11.115550
63.841667	0.5	11.165900
63.850000	0.5	11.208250
63.858333	0.5	11.271550
63.866667	0.5	11.334000
63.875000	0.5	11.395250
63.883333	0.5	11.468750
63.891667	0.5	11.550300
63.900000	0.5	11.647950
63.908333	0.5	11.731500
63.916667	0.5	11.828250
63.925000	0.5	11.913850
63.933333	0.5	12.027050
63.941667	0.5	12.135150
63.950000	0.5	12.238600
63.958333	0.5	12.364000
63.966667	0.5	12.466600
63.975000	0.5	12.600150
63.983333	0.5	12.724650
63.991667	0.5	12.853000
64.000000	0.5	12.983900
64.008333	0.5	13.112850
64.016667	0.5	13.247250
64.025000	0.5	13.387350
64.033333	0.5	13.525200
64.041667	0.5	13.661850
64.050000	0.5	13.790400
64.058333	0.5	13.930200
64.066667	0.5	14.054250
64.075000	0.5	14.171650
64.083333	0.5	14.300800
64.091667	0.5	14.414050
64.100000	0.5	14.526650
64.108333	0.5	14.634900
64.116667	0.5	14.722500
64.125000	0.5	14.812100
64.133333	0.5	14.874700
64.141667	0.5	14.948200
64.150000	0.5	14.989350
64.158333	0.5	15.036200
64.166667	0.5	15.081000
64.175000	0.5	15.096800
64.183333	0.5	15.102600
64.191667	0.5	15.110100
64.200000	0.5	15.091050
64.208333	0.5	15.060850
64.216667	0.5	15.015250
64.225000	0.5	14.950450
64.233333	0.5	14.894900
64.241667	0.5	14.808250
64.250000	0.5	14.715750
64.258333	0.5	14.628650
64.266667	0.5	14.503700
64.275000	0.5	14.368300
64.283333	0.5	14.246100
64.291667	0.5	14.115550
64.300000	0.5	13.956150
64.308333	0.5	13.808450
64.316667	0.5	13.643400
64.325000	0.5	13.479450
64.333333	0.5	13.317100
64.341667	0.5	13.161000
64.350000	0.5	12.978650
64.358333	0.5	12.814350
64.366667	0.5	12.658850
64.375000	0.5	12.510150
64.383333	0.5	12.366450
64.391667	0.5	12.229850
64.400000	0.5	12.096300
64.408333	0.5	11.954350
64.416667	0.5	11.742750
64.425000	0.5	11.482900
64.433333	0.5	11.189750
64.441667	0.5	10.910150
64.450000	0.5	10.695850
64.458333	0.5	10.511000
64.466667	0.5	10.370900
64.475000	0.5	10.262500
64.483333	0.5	10.157500
64.491667	0.5	10.081250
64.500000	0.5	10.015100
64.508333	0.5	9.951000
64.516667	0.5	9.893300
64.525000	0.5	9.841000
64.533333	0.5	9.798200
64.541667	0.5	9.744150
64.550000	0.5	9.723650
64.558333	0.5	9.672150
64.566667	0.5	9.629550
64.575000	0.5	9.580250
64.583333	0.5	9.544450
64.591667	0.5	9.494950
64.600000	0.5	9.457400
64.608333	0.5	9.408300
64.616667	0.5	9.363800
64.625000	0.5	9.324450
64.633333	0.5	9.283450
64.641667	0.5	9.254950
64.650000	0.5	9.220750
64.658333	0.5	9.189150
64.666667	0.5	9.159200
64.675000	0.5	9.130100
64.683333	0.5	9.110400
64.691667	0.5	9.108500
64.700000	0.5	9.078150
64.708333	0.5	9.059000
64.716667	0.5	9.032950
64.725000	0.5	9.017950
64.733333	0.5	8.993950
64.741667	0.5	8.973900
64.750000	0.5	8.951350
64.758333	0.5	8.936150
64.766667	0.5	8.914650
64.775000	0.5	8.902250
64.783333	0.5	8.882250
64.791667	0.5	8.861900
64.800000	0.5	8.837100
64.808333	0.5	8.825350
64.816667	0.5	8.805000
64.825000	0.5	8.791950
64.833333	0.5	8.770150
64.841667	0.5	8.751850
64.850000	0.5	8.743150
64.858333	0.5	8.729650
64.866667	0.5	8.713450
64.875000	0.5	8.716400
64.883333	0.5	8.708600
64.891667	0.5	8.694700
64.900000	0.5	8.683250
64.908333	0.5	8.670000
64.916667	0.5	8.676100
64.925000	0.5	8.652800
64.933333	0.5	8.657900
64.941667	0.5	8.648850
64.950000	0.5	8.627300
64.958333	0.5	8.630000
64.966667	0.5	8.626250
64.975000	0.5	8.636550
64.983333	0.5	8.613100
64.991667	0.5	8.609700
65.000000	0.5	8.606400
65.008333	0.5	8.589600
65.016667	0.5	8.580550
65.025000	0.5	8.581200
65.033333	0.5	8.567150
65.041667	0.5	8.562100
65.050000	0.5	8.558950
65.058333	0.5	8.551900
65.066667	0.5	8.541750
65.075000	0.5	8.540450
65.083333	0.5	8.532150
65.091667	0.5	8.518650
65.100000	0.5	8.521350
65.108333	0.5	8.519250
65.116667	0.5	8.509050
65.125000	0.5	8.496550
65.133333	0.5	8.487950
65.141667	0.5	8.491050
65.150000	0.5	8.478950
65.158333	0.5	8.470250
65.166667	0.5	8.465450
65.175000	0.5	8.467800
65.183333	0.5	8.455350
65.191667	0.5	8.442550
65.200000	0.5	8.438750
65.208333	0.5	8.442000
65.216667	0.5	8.432550
65.225000	0.5	8.419600
65.233333	0.5	8.415850
65.241667	0.5	8.408400
65.250000	0.5	8.402750
65.258333	0.5	8.399050
65.266667	0.5	8.398100
65.275000	0.5	8.393200
65.283333	0.5	8.379800
65.291667	0.5	8.373300
65.300000	0.5	8.379150
65.308333	0.5	8.365300
65.316667	0.5	8.363200
65.325000	0.5	8.364850
65.333333	0.5	8.363500
65.341667	0.5	8.354400
65.350000	0.5	8.348650
65.358333	0.5	8.349700
65.366667	0.5	8.363550
65.375000	0.5	8.335100
65.383333	0.5	8.327950
65.391667	0.5	8.329650
65.400000	0.5	8.331400
65.408333	0.5	8.342750
65.416667	0.5	8.324400
65.425000	0.5	8.311550
65.433333	0.5	8.322050
65.441667	0.5	8.319850
65.450000	0.5	8.314100
65.458333	0.5	8.306450
65.466667	0.5	8.310250
65.475000	0.5	8.308100
65.483333	0.5	8.312200
65.491667	0.5	8.294200
65.500000	0.5	8.295150
65.508333	0.5	8.291750
65.516667	0.5	8.285100
65.525000	0.5	8.279250
65.533333	0.5	8.275700
65.541667	0.5	8.301550
65.550000	0.5	8.263550
65.558333	0.5	8.274850
65.566667	0.5	8.262950
65.575000	0.5	8.265000
65.583333	0.5	8.258450
65.591667	0.5	8.262450
65.600000	0.5	8.248200
65.608333	0.5	8.241950
65.616667	0.5	8.257900
65.625000	0.5	8.242400
65.633333	0.5	8.249600
65.641667	0.5	8.243100
65.650000	0.5	8.240950
65.658333	0.5	8.229450
65.666667	0.5	8.231650
65.675000	0.5	8.224950
65.683333	0.5	8.232600
65.691667	0.5	8.223150
65.700000	0.5	8.228100
65.708333	0.5	8.223050
65.716667	0.5	8.228300
65.725000	0.5	8.225500
65.733333	0.5	8.222750
65.741667	0.5	8.227550
65.750000	0.5	8.220950
65.758333	0.5	8.225750
65.766667	0.5	8.229850
65.775000	0.5	8.228950
65.783333	0.5	8.239950
65.791667	0.5	8.249100
65.800000	0.5	8.249350
65.808333	0.5	8.255050
65.816667	0.5	8.246850
65.825000	0.5	8.251500
65.833333	0.5	8.271250
65.841667	0.5	8.262900
65.850000	0.5	8.266650
65.858333	0.5	8.261850
65.866667	0.5	8.279950
65.875000	0.5	8.280700
65.883333	0.5	8.286600
65.891667	0.5	8.278450
65.900000	0.5	8.286250
65.908333	0.5	8.293400
65.916667	0.5	8.290250
65.925000	0.5	8.293450
65.933333	0.5	8.301300
65.941667	0.5	8.303700
65.950000	0.5	8.303850
65.958333	0.5	8.312200
65.966667	0.5	8.317100
65.975000	0.5	8.317500
65.983333	0.5	8.331700
65.991667	0.5	8.326150
66.000000	0.5	8.340950
66.008333	0.5	8.330900
66.016667	0.5	8.344500
66.025000	0.5	8.348000
66.033333	0.5	8.345350
66.041667	0.5	8.349500
66.050000	0.5	8.344200
66.058333	0.5	8.350800
66.066667	0.5	8.360300
66.075000	0.5	8.363300
66.083333	0.5	8.354800
66.091667	0.5	8.361150
66.100000	0.5	8.362700
66.108333	0.5	8.360350
66.116667	0.5	8.363650
66.125000	0.5	8.363800
66.133333	0.5	8.362350
66.141667	0.5	8.371700
66.150000	0.5	8.360100
66.158333	0.5	8.363600
66.166667	0.5	8.364350
66.175000	0.5	8.366450
66.183333	0.5	8.361600
66.191667	0.5	8.371700
66.200000	0.5	8.372000
66.208333	0.5	8.364150
66.216667	0.5	8.372200
66.225000	0.5	8.371100
66.233333	0.5	8.363950
66.241667	0.5	8.356650
66.250000	0.5	8.367800
66.258333	0.5	8.344650
66.266667	0.5	8.353650
66.275000	0.5	8.348450
66.283333	0.5	8.344450
66.291667	0.5	8.339300
66.300000	0.5	8.352100
66.308333	0.5	8.344800
66.316667	0.5	8.345700
66.325000	0.5	8.346050
66.333333	0.5	8.347950
66.341667	0.5	8.331900
66.350000	0.5	8.346100
66.358333	0.5	8.341400
66.366667	0.5	8.340250
66.375000	0.5	8.336550
66.383333	0.5	8.352000
66.391667	0.5	8.347400
66.400000	0.5	8.358550
66.408333	0.5	8.362350
66.416667	0.5	8.369300
66.425000	0.5	8.367950
66.433333	0.5	8.364050
66.441667	0.5	8.377500
66.450000	0.5	8.380350
66.458333	0.5	8.399850
66.466667	0.5	8.397450
66.475000	0.5	8.414550
66.483333	0.5	8.421950
66.491667	0.5	8.433350
66.500000	0.5	8.456200
66.508333	0.5	8.461850
66.516667	0.5	8.481050
66.525000	0.5	8.504600
66.533333	0.5	8.521450
66.541667	0.5	8.538950
66.550000	0.5	8.567600
66.558333	0.5	8.595550
66.566667	0.5	8.623500
66.575000	0.5	8.665550
66.583333	0.5	8.688250
66.591667	0.5	8.726050
66.600000	0.5	8.770050
66.608333	0.5	8.798800
66.616667	0.5	8.843750
66.625000	0.5	8.902100
66.633333	0.5	8.939200
66.641667	0.5	8.992650
66.650000	0.5	9.033900
66.658333	0.5	9.090950
66.666667	0.5	9.147900
66.675000	0.5	9.199700
66.683333	0.5	9.250400
66.691667	0.5	9.298350
66.700000	0.5	9.368550
66.708333	0.5	9.417050
66.716667	0.5	9.470700
66.725000	0.5	9.522000
66.733333	0.5	9.574150
66.741667	0.5	9.632250
66.750000	0.5	9.665700
66.758333	0.5	9.720900
66.766667	0.5	9.781600
66.775000	0.5	9.817350
66.783333	0.5	9.853650
66.791667	0.5	9.884550
66.800000	0.5	9.925100
66.808333	0.5	9.966050
66.816667	0.5	9.987050
66.825000	0.5	10.024650
66.833333	0.5	10.046300
66.841667	0.5	10.046500
66.850000	0.5	10.087350
66.858333	0.5	10.106800
66.866667	0.5	10.111450
66.875000	0.5	10.124500
66.883333	0.5	10.128950
66.891667	0.5	10.136800
66.900000	0.5	10.133200
66.908333	0.5	10.135200
66.916667	0.5	10.124850
66.925000	0.5	10.114000
66.933333	0.5	10.111900
66.941667	0.5	10.101950
66.950000	0.5	10.087000
66.958333	0.5	10.070250
66.966667	0.5	10.047000
66.975000	0.5	10.030450
66.983333	0.5	10.014100
66.991667	0.5	9.974200
67.000000	0.5	9.954250
67.008333	0.5	9.931200
67.016667	0.5	9.898500
67.025000	0.5	9.860300
67.033333	0.5	9.828650
67.041667	0.5	9.796650
67.050000	0.5	9.770200
67.058333	0.5	9.724400
67.066667	0.5	9.693000
67.075000	0.5	9.661650
67.083333	0.5	9.626200
67.091667	0.5	9.580850
67.100000	0.5	9.553100
67.108333	0.5	9.507800
67.116667	0.5	9.478200
67.125000	0.5	9.432650
67.133333	0.5	9.426850
67.141667	0.5	9.366000
67.150000	0.5	9.326850
67.158333	0.5	9.296400
67.166667	0.5	9.262250
67.175000	0.5	9.234400
67.183333	0.5	9.203300
67.191667	0.5	9.170500
67.200000	0.5	9.147500
67.208333	0.5	9.125950
67.216667	0.5	9.094950
67.225000	0.5	9.078950
67.233333	0.5	9.053800
67.241667	0.5	9.034100
67.250000	0.5	9.013200
67.258333	0.5	8.998700
67.266667	0.5	8.976350
67.275000	0.5	8.970500
67.283333	0.5	8.949950
67.291667	0.5	8.946300
67.300000	0.5	8.940850
67.308333	0.5	8.915850
67.316667	0.5	8.906400
67.325000	0.5	8.899800
67.333333	0.5	8.899050
67.341667	0.5	8.900400
67.350000	0.5	8.892550
67.358333	0.5	8.885900
67.366667	0.5	8.890100
67.375000	0.5	8.895150
67.383333	0.5	8.890650
67.391667	0.5	8.898350
67.400000	0.5	8.888950
67.408333	0.5	8.901400
67.416667	0.5	8.887800
67.425000	0.5	8.893450
67.433333	0.5	8.902400
67.441667	0.5	8.902650
67.450000	0.5	8.905550
67.458333	0.5	8.913350
67.466667	0.5	8.916550
67.475000	0.5	8.919300
67.483333	0.5	8.920800
67.491667	0.5	8.931550
67.500000	0.5	8.939300
67.508333	0.5	8.938600
67.516667	0.5	8.947200
67.525000	0.5	8.967050
67.533333	0.5	8.955900
67.541667	0.5	8.987750
67.550000	0.5	8.967400
67.558333	0.5	8.969450
67.566667	0.5	8.974750
67.575000	0.5	8.979500
67.583333	0.5	8.980600
67.591667	0.5	8.993700
67.600000	0.5	8.977850
67.608333	0.5	8.980300
67.616667	0.5	8.987200
67.625000	0.5	8.984550
67.633333	0.5	9.002200
67.641667	0.5	9.014800
67.650000	0.5	9.009850
67.658333	0.5	9.007000
67.666667	0.5	9.013300
67.675000	0.5	9.019850
67.683333	0.5	9.019900
67.691667	0.5	9.021150
67.700000	0.5	9.044250
67.708333	0.5	9.023700
67.716667	0.5	9.036900
67.725000	0.5	9.052400
67.733333	0.5	9.060000
67.741667	0.5	9.070950
67.750000	0.5	9.087700
67.758333	0.5	9.098950
67.766667	0.5	9.112650
67.775000	0.5	9.133650
67.783333	0.5	9.155100
67.791667	0.5	9.157800
67.800000	0.5	9.182400
67.808333	0.5	9.204000
67.816667	0.5	9.221950
67.825000	0.5	9.242350
67.833333	0.5	9.259850
67.841667	0.5	9.289800
67.850000	0.5	9.317600
67.858333	0.5	9.328600
67.866667	0.5	9.349450
67.875000	0.5	9.376550
67.883333	0.5	9.393250
67.891667	0.5	9.414450
67.900000	0.5	9.440600
67.908333	0.5	9.476000
67.916667	0.5	9.496250
67.925000	0.5	9.513550
67.933333	0.5	9.536950
67.941667	0.5	9.559050
67.950000	0.5	9.572250
67.958333	0.5	9.603300
67.966667	0.5	9.602600
67.975000	0.5	9.618400
67.983333	0.5	9.627750
67.991667	0.5	9.639650
68.000000	0.5	9.648100
68.008333	0.5	9.652800
68.016667	0.5	9.660000
68.025000	0.5	9.669250
68.033333	0.5	9.688350
68.041667	0.5	9.668500
68.050000	0.5	9.666100
68.058333	0.5	9.659750
68.066667	0.5	9.646750
68.075000	0.5	9.638750
68.083333	0.5	9.630300
68.091667	0.5	9.623400
68.100000	0.5	9.600150
68.108333	0.5	9.588450
68.116667	0.5	9.563800
68.125000	0.5	9.544950
68.133333	0.5	9.532850
68.141667	0.5	9.501100
68.150000	0.5	9.473450
68.158333	0.5	9.441700
68.166667	0.5	9.415100
68.175000	0.5	9.381700
68.183333	0.5	9.352550
68.191667	0.5	9.315600
68.200000	0.5	9.279800
68.208333	0.5	9.244700
68.216667	0.5	9.206100
68.225000	0.5	9.189750
68.233333	0.5	9.147000
68.241667	0.5	9.114000
68.250000	0.5	9.072400
68.258333	0.5	9.047150
68.266667	0.5	9.012450
68.275000	0.5	8.988350
68.283333	0.5	8.948800
68.291667	0.5	8.927900
68.300000	0.5	8.902750
68.308333	0.5	8.874950
68.316667	0.5	8.868600
68.325000	0.5	8.858000
68.333333	0.5	8.839550
68.341667	0.5	8.823900
68.350000	0.5	8.817550
68.358333	0.5	8.808300
68.366667	0.5	8.801300
68.375000	0.5	8.803550
68.383333	0.5	8.802450
68.391667	0.5	8.814850
68.400000	0.5	8.801950
68.408333	0.5	8.810200
68.416667	0.5	8.832600
68.425000	0.5	8.846350
68.433333	0.5	8.857450
68.441667	0.5	8.860850
68.450000	0.5	8.882050
68.458333	0.5	8.893250
68.466667	0.5	8.905250
68.475000	0.5	8.921150
68.483333	0.5	8.925300
68.491667	0.5	8.952700
68.500000	0.5	8.978400
68.508333	0.5	8.998500
68.516667	0.5	9.019250
68.525000	0.5	9.026250
68.533333	0.5	9.049050
68.541667	0.5	9.082550
68.550000	0.5	9.107600
68.558333	0.5	9.139050
68.566667	0.5	9.175300
68.575000	0.5	9.187650
68.583333	0.5	9.228700
68.591667	0.5	9.263200
68.600000	0.5	9.309750
68.608333	0.5	9.339150
68.616667	0.5	9.397650
68.625000	0.5	9.442500
68.633333	0.5	9.488800
68.641667	0.5	9.539950
68.650000	0.5	9.596100
68.658333	0.5	9.656750
68.666667	0.5	9.709400
68.675000	0.5	9.773500
68.683333	0.5	9.822650
68.691667	0.5	9.884600
68.700000	0.5	9.952500
68.708333	0.5	10.011500
68.716667	0.5	10.083950
68.725000	0.5	10.124100
68.733333	0.5	10.187500
68.741667	0.5	10.244500
68.750000	0.5	10.289800
68.758333	0.5	10.339700
68.766667	0.5	10.377200
68.775000	0.5	10.432200
68.783333	0.5	10.470850
68.791667	0.5	10.516100
68.800000	0.5	10.557800
68.808333	0.5	10.583850
68.816667	0.5	10.609050
68.825000	0.5	10.633050
68.833333	0.5	10.678200
68.841667	0.5	10.664250
68.850000	0.5	10.680550
68.858333	0.5	10.692250
68.866667	0.5	10.699500
68.875000	0.5	10.695750
68.883333	0.5	10.704250
68.891667	0.5	10.689100
68.900000	0.5	10.678050
68.908333	0.5	10.663100
68.916667	0.5	10.653300
68.925000	0.5	10.618300
68.933333	0.5	10.595550
68.941667	0.5	10.552750
68.950000	0.5	10.529000
68.958333	0.5	10.467700
68.966667	0.5	10.413600
68.975000	0.5	10.363550
68.983333	0.5	10.322400
68.991667	0.5	10.279100
69.000000	0.5	10.223700
69.008333	0.5	10.171500
69.016667	0.5	10.124550
69.025000	0.5	10.083300
69.033333	0.5	10.032450
69.041667	0.5	9.982400
69.050000	0.5	9.931900
69.058333	0.5	9.897200
69.066667	0.5	9.872200
69.075000	0.5	9.826850
69.083333	0.5	9.802700
69.091667	0.5	9.787100
69.100000	0.5	9.760850
69.108333	0.5	9.753950
69.116667	0.5	9.719200
69.125000	0.5	9.720400
69.133333	0.5	9.706400
69.141667	0.5	9.700500
69.150000	0.5	9.695100
69.158333	0.5	9.691700
69.166667	0.5	9.675900
69.175000	0.5	9.685600
69.183333	0.5	9.675700
69.191667	0.5	9.675150
69.200000	0.5	9.669800
69.208333	0.5	9.682250
69.216667	0.5	9.681400
69.225000	0.5	9.688750
69.233333	0.5	9.695550
69.241667	0.5	9.690800
69.250000	0.5	9.693250
69.258333	0.5	9.697950
69.266667	0.5	9.715250
69.275000	0.5	9.710650
69.283333	0.5	9.727150
69.291667	0.5	9.737650
69.300000	0.5	9.737500
69.308333	0.5	9.747250
69.316667	0.5	9.756600
69.325000	0.5	9.762700
69.333333	0.5	9.767850
69.341667	0.5	9.781300
69.350000	0.5	9.792750
69.358333	0.5	9.788800
69.366667	0.5	9.796250
69.375000	0.5	9.799600
69.383333	0.5	9.814350
69.391667	0.5	9.811850
69.400000	0.5	9.830100
69.408333	0.5	9.828350
69.416667	0.5	9.821050
69.425000	0.5	9.849950
69.433333	0.5	9.843400
69.441667	0.5	9.843000
69.450000	0.5	9.843250
69.458333	0.5	9.842400
69.466667	0.5	9.841100
69.475000	0.5	9.852950
69.483333	0.5	9.855100
69.491667	0.5	9.860200
69.500000	0.5	9.860050
69.508333	0.5	9.859700
69.516667	0.5	9.850350
69.525000	0.5	9.861100
69.533333	0.5	9.863950
69.541667	0.5	9.857900
69.550000	0.5	9.863800
69.558333	0.5	9.869650
69.566667	0.5	9.866200
69.575000	0.5	9.882150
69.583333	0.5	9.884500
69.591667	0.5	9.880800
69.600000	0.5	9.878450
69.608333	0.5	9.889250
69.616667	0.5	9.894150
69.625000	0.5	9.893700
69.633333	0.5	9.903750
69.641667	0.5	9.909300
69.650000	0.5	9.907750
69.658333	0.5	9.924950
69.666667	0.5	9.928850
69.675000	0.5	9.945650
69.683333	0.5	9.949950
69.691667	0.5	9.963250
69.700000	0.5	9.964800
69.708333	0.5	9.977100
69.716667	0.5	10.003050
69.725000	0.5	10.013700
69.733333	0.5	10.029050
69.741667	0.5	10.053900
69.750000	0.5	10.061250
69.758333	0.5	10.088550
69.766667	0.5	10.092400
69.775000	0.5	10.108550
69.783333	0.5	10.144300
69.791667	0.5	10.166850
69.800000	0.5	10.201200
69.808333	0.5	10.226500
69.816667	0.5	10.243350
69.825000	0.5	10.271850
69.833333	0.5	10.313000
69.841667	0.5	10.333300
69.850000	0.5	10.356500
69.858333	0.5	10.381650
69.866667	0.5	10.415600
69.875000	0.5	10.431400
69.883333	0.5	10.458250
69.891667	0.5	10.483000
69.900000	0.5	10.505450
69.908333	0.5	10.520850
69.916667	0.5	10.544050
69.925000	0.5	10.567350
69.933333	0.5	10.580800
69.941667	0.5	10.611050
69.950000	0.5	10.621900
69.958333	0.5	10.631950
69.966667	0.5	10.647300
69.975000	0.5	10.662800
69.983333	0.5	10.660250
69.991667	0.5	10.658700
70.000000	0.5	10.660300
70.008333	0.5	10.665950
70.016667	0.5	10.668850
70.025000	0.5	10.673400
70.033333	0.5	10.663150
70.041667	0.5	10.657400
70.050000	0.5	10.652100
70.058333	0.5	10.648450
70.066667	0.5	10.642650
70.075000	0.5	10.626700
70.083333	0.5	10.614400
70.091667	0.5	10.608900
70.100000	0.5	10.590900
70.108333	0.5	10.585050
70.116667	0.5	10.560900
70.125000	0.5	10.548650
70.133333	0.5	10.532800
70.141667	0.5	10.526600
70.150000	0.5	10.529600
70.158333	0.5	10.511850
70.166667	0.5	10.504900
70.175000	0.5	10.498850
70.183333	0.5	10.474500
70.191667	0.5	10.471100
70.200000	0.5	10.477850
70.208333	0.5	10.475100
70.216667	0.5	10.465650
70.225000	0.5	10.480200
70.233333	0.5	10.488100
70.241667	0.5	10.493450
70.250000	0.5	10.497850
70.258333	0.5	10.510800
70.266667	0.5	10.531200
70.275000	0.5	10.551450
70.283333	0.5	10.583150
70.291667	0.5	10.605450
70.300000	0.5	10.639450
70.308333	0.5	10.669900
70.316667	0.5	10.715400
70.325000	0.5	10.744500
70.333333	0.5	10.780000
70.341667	0.5	10.837550
70.350000	0.5	10.873000
70.358333	0.5	10.924150
70.366667	0.5	10.977200
70.375000	0.5	11.023750
70.383333	0.5	11.094650
70.391667	0.5	11.119000
70.400000	0.5	11.170500
70.408333	0.5	11.214350
70.416667	0.5	11.257950
70.425000	0.5	11.315500
70.433333	0.5	11.358250
70.441667	0.5	11.396850
70.450000	0.5	11.439900
70.458333	0.5	11.469400
70.466667	0.5	11.517400
70.475000	0.5	11.553150
70.483333	0.5	11.582300
70.491667	0.5	11.607600
70.500000	0.5	11.632700
70.508333	0.5	11.653300
70.516667	0.5	11.681300
70.525000	0.5	11.690550
70.533333	0.5	11.714250
70.541667	0.5	11.714850
70.550000	0.5	11.715250
70.558333	0.5	11.729550
70.566667	0.5	11.734500
70.575000	0.5	11.727150
70.583333	0.5	11.729350
70.591667	0.5	11.724700
70.600000	0.5	11.714250
70.608333	0.5	11.704750
70.616667	0.5	11.692300
70.625000	0.5	11.669150
70.633333	0.5	11.646350
70.641667	0.5	11.629950
70.650000	0.5	11.600650
70.658333	0.5	11.578600
70.666667	0.5	11.550650
70.675000	0.5	11.516750
70.683333	0.5	11.481300
70.691667	0.5	11.447500
70.700000	0.5	11.424800
70.708333	0.5	11.385850
70.716667	0.5	11.358400
70.725000	0.5	11.356300
70.733333	0.5	11.278500
70.741667	0.5	11.236450
70.750000	0.5	11.205400
70.758333	0.5	11.171700
70.766667	0.5	11.138700
70.775000	0.5	11.099000
70.783333	0.5	11.073000
70.791667	0.5	11.028300
70.800000	0.5	11.006300
70.808333	0.5	10.981200
70.816667	0.5	10.959100
70.825000	0.5	10.930050
70.833333	0.5	10.906000
70.841667	0.5	10.887500
70.850000	0.5	10.868850
70.858333	0.5	10.855150
70.866667	0.5	10.838250
70.875000	0.5	10.817000
70.883333	0.5	10.818900
70.891667	0.5	10.804150
70.900000	0.5	10.799250
70.908333	0.5	10.798000
70.916667	0.5	10.796800
70.925000	0.5	10.788050
70.933333	0.5	10.780900
70.941667	0.5	10.777400
70.950000	0.5	10.784500
70.958333	0.5	10.773550
70.966667	0.5	10.788750
70.975000	0.5	10.790000
70.983333	0.5	10.782350
70.991667	0.5	10.786150
71.000000	0.5	10.792900
71.008333	0.5	10.800650
71.016667	0.5	10.795850
71.025000	0.5	10.808550
71.033333	0.5	10.812700
71.041667	0.5	10.807850
71.050000	0.5	10.814700
71.058333	0.5	10.817750
71.066667	0.5	10.821750
71.075000	0.5	10.831800
71.083333	0.5	10.834800
71.091667	0.5	10.840000
71.100000	0.5	10.842300
71.108333	0.5	10.842400
71.116667	0.5	10.847400
71.125000	0.5	10.853150
71.133333	0.5	10.846000
71.141667	0.5	10.851800
71.150000	0.5	10.859800
71.158333	0.5	10.864950
71.166667	0.5	10.865200
71.175000	0.5	10.859550
71.183333	0.5	10.868400
71.191667	0.5	10.868500
71.200000	0.5	10.878400
71.208333	0.5	10.883800
71.216667	0.5	10.886400
71.225000	0.5	10.884450
71.233333	0.5	10.887350
71.241667	0.5	10.895950
71.250000	0.5	10.899300
71.258333	0.5	10.896500
71.266667	0.5	10.902050
71.275000	0.5	10.895100
71.283333	0.5	10.905600
71.291667	0.5	10.906500
71.300000	0.5	10.916250
71.308333	0.5	10.910050
71.316667	0.5	10.917850
71.325000	0.5	10.913750
71.333333	0.5	10.919500
71.341667	0.5	10.934850
71.350000	0.5	10.921700
71.358333	0.5	10.931100
71.366667	0.5	10.935300
71.375000	0.5	10.941450
71.383333	0.5	10.958650
71.391667	0.5	10.954900
71.400000	0.5	10.961500
71.408333	0.5	10.949400
71.416667	0.5	10.954450
71.425000	0.5	10.966750
71.433333	0.5	10.972150
71.441667	0.5	10.977650
71.450000	0.5	10.983800
71.458333	0.5	10.992500
71.466667	0.5	10.992850
71.475000	0.5	10.999750
71.483333	0.5	11.000900
71.491667	0.5	11.011500
71.500000	0.5	11.011250
71.508333	0.5	11.010450
71.516667	0.5	11.018850
71.525000	0.5	11.025800
71.533333	0.5	11.025400
71.541667	0.5	11.031200
71.550000	0.5	11.033000
71.558333	0.5	11.043300
71.566667	0.5	11.059000
71.575000	0.5	11.058200
71.583333	0.5	11.091650
71.591667	0.5	11.070000
71.600000	0.5	11.073050
71.608333	0.5	11.084400
71.616667	0.5	11.096200
71.625000	0.5	11.099950
71.633333	0.5	11.108200
71.641667	0.5	11.114650
71.650000	0.5	11.118250
71.658333	0.5	11.125250
71.666667	0.5	11.130200
71.675000	0.5	11.139550
71.683333	0.5	11.143000
71.691667	0.5	11.147950
71.700000	0.5	11.160000
71.708333	0.5	11.154300
71.716667	0.5	11.161700
71.725000	0.5	11.165350
71.733333	0.5	11.164750
71.741667	0.5	11.168450
71.750000	0.5	11.172400
71.758333	0.5	11.165900
71.766667	0.5	11.170700
71.775000	0.5	11.164600
71.783333	0.5	11.158050
71.791667	0.5	11.158400
71.800000	0.5	11.165900
71.808333	0.5	11.159250
71.816667	0.5	11.153750
71.825000	0.5	11.142450
71.833333	0.5	11.143350
71.841667	0.5	11.151150
71.850000	0.5	11.136700
71.858333	0.5	11.130600
71.866667	0.5	11.131100
71.875000	0.5	11.144500
71.883333	0.5	11.135900
71.891667	0.5	11.138000
71.900000	0.5	11.136350
71.908333	0.5	11.137750
71.916667	0.5	11.142250
71.925000	0.5	11.150100
71.933333	0.5	11.159700
71.941667	0.5	11.169350
71.950000	0.5	11.191250
71.958333	0.5	11.197850
71.966667	0.5	11.217200
71.975000	0.5	11.239450
71.983333	0.5	11.248250
71.991667	0.5	11.279300
72.000000	0.5	11.297750
72.008333	0.5	11.325450
72.016667	0.5	11.341350
72.025000	0.5	11.367650
72.033333	0.5	11.392500
72.041667	0.5	11.416000
72.050000	0.5	11.449250
72.058333	0.5	11.475400
72.066667	0.5	11.499950
72.075000	0.5	11.521800
72.083333	0.5	11.547000
72.091667	0.5	11.570850
72.100000	0.5	11.592800
72.108333	0.5	11.623250
72.116667	0.5	11.637650
72.125000	0.5	11.654650
72.133333	0.5	11.671100
72.141667	0.5	11.694550
72.150000	0.5	11.704400
72.158333	0.5	11.712200
72.166667	0.5	11.712500
72.175000	0.5	11.727800
72.183333	0.5	11.731050
72.191667	0.5	11.730350
72.200000	0.5	11.731900
72.208333	0.5	11.722650
72.216667	0.5	11.717400
72.225000	0.5	11.717400
72.233333	0.5	11.705700
72.241667	0.5	11.707450
72.250000	0.5	11.685900
72.258333	0.5	11.672950
72.266667	0.5	11.664300
72.275000	0.5	11.640600
72.283333	0.5	11.629700
72.291667	0.5	11.617650
72.300000	0.5	11.580550
72.308333	0.5	11.552950
72.316667	0.5	11.522450
72.325000	0.5	11.504250
72.333333	0.5	11.469700
72.341667	0.5	11.445200
72.350000	0.5	11.417800
72.358333	0.5	11.381700
72.366667	0.5	11.353950
72.375000	0.5	11.314850
72.383333	0.5	11.281050
72.391667	0.5	11.251200
72.400000	0.5	11.216850
72.408333	0.5	11.177000
72.416667	0.5	11.161150
72.425000	0.5	11.125600
72.433333	0.5	11.094900
72.441667	0.5	11.069100
72.450000	0.5	11.043150
72.458333	0.5	11.021650
72.466667	0.5	10.986250
72.475000	0.5	10.970200
72.483333	0.5	10.944750
72.491667	0.5	10.928050
72.500000	0.5	10.920350
72.508333	0.5	10.901650
72.516667	0.5	10.892750
72.525000	0.5	10.873650
72.533333	0.5	10.872500
72.541667	0.5	10.863150
72.550000	0.5	10.854800
72.558333	0.5	10.847450
72.566667	0.5	10.839550
72.575000	0.5	10.855050
72.583333	0.5	10.826400
72.591667	0.5	10.820000
72.600000	0.5	10.830850
72.608333	0.5	10.812200
72.616667	0.5	10.810550
72.625000	0.5	10.816800
72.633333	0.5	10.817800
72.641667	0.5	10.822050
72.650000	0.5	10.814050
72.658333	0.5	10.813100
72.666667	0.5	10.818900
72.675000	0.5	10.805150
72.683333	0.5	10.812200
72.691667	0.5	10.808200
72.700000	0.5	10.816450
72.708333	0.5	10.819250
72.716667	0.5	10.827250
72.725000	0.5	10.827050
72.733333	0.5	10.841050
72.741667	0.5	10.837650
72.750000	0.5	10.835300
72.758333	0.5	10.831750
72.766667	0.5	10.842250
72.775000	0.5	10.847550
72.783333	0.5	10.860100
72.791667	0.5	10.858100
72.800000	0.5	10.866750
72.808333	0.5	10.873900
72.816667	0.5	10.879850
72.825000	0.5	10.891100
72.833333	0.5	10.909750
72.841667	0.5	10.908550
72.850000	0.5	10.921000
72.858333	0.5	10.923400
72.866667	0.5	10.937600
72.875000	0.5	10.946350
72.883333	0.5	10.953750
72.891667	0.5	10.964100
72.900000	0.5	10.975350
72.908333	0.5	10.976350
72.916667	0.5	10.995900
72.925000	0.5	10.995650
72.933333	0.5	11.004400
72.941667	0.5	11.019950
72.950000	0.5	11.032650
72.958333	0.5	11.037900
72.966667	0.5	11.040150
72.975000	0.5	11.036250
72.983333	0.5	11.042450
72.991667	0.5	11.066550
73.000000	0.5	11.046750
73.008333	0.5	11.060800
73.016667	0.5	11.063800
73.025000	0.5	11.059300
73.033333	0.5	11.069400
73.041667	0.5	11.068900
73.050000	0.5	11.078450
73.058333	0.5	11.086200
73.066667	0.5	11.086850
73.075000	0.5	11.099450
73.083333	0.5	11.112250
73.091667	0.5	11.111000
73.100000	0.5	11.117300
73.108333	0.5	11.138450
73.116667	0.5	11.165000
73.125000	0.5	11.171900
73.133333	0.5	11.190600
73.141667	0.5	11.214300
73.150000	0.5	11.226250
73.158333	0.5	11.257500
73.166667	0.5	11.290150
73.175000	0.5	11.319050
73.183333	0.5	11.356000
73.191667	0.5	11.379600
73.200000	0.5	11.416900
73.208333	0.5	11.464600
73.216667	0.5	11.507900
73.225000	0.5	11.544300
73.233333	0.5	11.578350
73.241667	0.5	11.628550
73.250000	0.5	11.673300
73.258333	0.5	11.708900
73.266667	0.5	11.758500
73.275000	0.5	11.805400
73.283333	0.5	11.844500
73.291667	0.5	11.877550
73.300000	0.5	11.921950
73.308333	0.5	11.957200
73.316667	0.5	11.991700
73.325000	0.5	12.025300
73.333333	0.5	12.047400
73.341667	0.5	12.082450
73.350000	0.5	12.101250
73.358333	0.5	12.133400
73.366667	0.5	12.165950
73.375000	0.5	12.175700
73.383333	0.5	12.203750
73.391667	0.5	12.231450
73.400000	0.5	12.251400
73.408333	0.5	12.271650
73.416667	0.5	12.298450
73.425000	0.5	12.313750
73.433333	0.5	12.339650
73.441667	0.5	12.380700
73.450000	0.5	12.396750
73.458333	0.5	12.422800
73.466667	0.5	12.451500
73.475000	0.5	12.484400
73.483333	0.5	12.520500
73.491667	0.5	12.572400
73.500000	0.5	12.613450
73.508333	0.5	12.637750
73.516667	0.5	12.677450
73.525000	0.5	12.707850
73.533333	0.5	12.751500
73.541667	0.5	12.787250
73.550000	0.5	12.822250
73.558333	0.5	12.868450
73.566667	0.5	12.903750
73.575000	0.5	12.930850
73.583333	0.5	12.969400
73.591667	0.5	12.990950
73.600000	0.5	13.030400
73.608333	0.5	13.039050
73.616667	0.5	13.057350
73.625000	0.5	13.078250
73.633333	0.5	13.111600
73.641667	0.5	13.107550
73.650000	0.5	13.106500
73.658333	0.5	13.116500
73.666667	0.5	13.117750
73.675000	0.5	13.117150
73.683333	0.5	13.120500
73.691667	0.5	13.100150
73.700000	0.5	13.089550
73.708333	0.5	13.080200
73.716667	0.5	13.058750
73.725000	0.5	13.029600
73.733333	0.5	13.019550
73.741667	0.5	12.960850
73.750000	0.5	12.915950
73.758333	0.5	12.877950
73.766667	0.5	12.833150
73.775000	0.5	12.776600
73.783333	0.5	12.723950
73.791667	0.5	12.662850
73.800000	0.5	12.589050
73.808333	0.5	12.523950
73.816667	0.5	12.453600
73.825000	0.5	12.373450
73.833333	0.5	12.290650
73.841667	0.5	12.211650
73.850000	0.5	12.126950
73.858333	0.5	12.037400
73.866667	0.5	11.965350
73.875000	0.5	11.871050
73.883333	0.5	11.791450
73.891667	0.5	11.713250
73.900000	0.5	11.624600
73.908333	0.5	11.543800
73.916667	0.5	11.452150
73.925000	0.5	11.388500
73.933333	0.5	11.319950
73.941667	0.5	11.238750
73.950000	0.5	11.178100
73.958333	0.5	11.111000
73.966667	0.5	11.054250
73.975000	0.5	11.022600
73.983333	0.5	10.951750
73.991667	0.5	10.909850
74.000000	0.5	10.861850
74.008333	0.5	10.821300
74.016667	0.5	10.777600
74.025000	0.5	10.740350
74.033333	0.5	10.714750
74.041667	0.5	10.685950
74.050000	0.5	10.663900
74.058333	0.5	10.641600
74.066667	0.5	10.625050
74.075000	0.5	10.605800
74.083333	0.5	10.578600
74.091667	0.5	10.564000
74.100000	0.5	10.550800
74.108333	0.5	10.532950
74.116667	0.5	10.509900
74.125000	0.5	10.510500
74.133333	0.5	10.484300
74.141667	0.5	10.470050
74.150000	0.5	10.445300
74.158333	0.5	10.474300
74.166667	0.5	10.434650
74.175000	0.5	10.420550
74.183333	0.5	10.404900
74.191667	0.5	10.398950
74.200000	0.5	10.388300
74.208333	0.5	10.363650
74.216667	0.5	10.365100
74.225000	0.5	10.337050
74.233333	0.5	10.318650
74.241667	0.5	10.310300
74.250000	0.5	10.304250
74.258333	0.5	10.296100
74.266667	0.5	10.280100
74.275000	0.5	10.261400
74.283333	0.5	10.249200
74.291667	0.5	10.232300
74.300000	0.5	10.248100
74.308333	0.5	10.214050
74.316667	0.5	10.190250
74.325000	0.5	10.177250
74.333333	0.5	10.166350
74.341667	0.5	10.160950
74.350000	0.5	10.144650
74.358333	0.5	10.138450
74.366667	0.5	10.124950
74.375000	0.5	10.113200
74.383333	0.5	10.112800
74.391667	0.5	10.085950
74.400000	0.5	10.078850
74.408333	0.5	10.072900
74.416667	0.5	10.064200
74.425000	0.5	10.062700
74.433333	0.5	10.047600
74.441667	0.5	10.043050
74.450000	0.5	10.034600
74.458333	0.5	10.031700
74.466667	0.5	10.014450
74.475000	0.5	10.015700
74.483333	0.5	10.009550
74.491667	0.5	9.998900
74.500000	0.5	9.997350
74.508333	0.5	9.988200
74.516667	0.5	9.979450
74.525000	0.5	9.977400
74.533333	0.5	9.970150
74.541667	0.5	9.970750
74.550000	0.5	9.963950
74.558333	0.5	9.953950
74.566667	0.5	9.959350
74.575000	0.5	9.959800
74.583333	0.5	9.957250
74.591667	0.5	9.958250
74.600000	0.5	9.950000
74.608333	0.5	9.956150
74.616667	0.5	9.957000
74.625000	0.5	9.958200
74.633333	0.5	9.971050
74.641667	0.5	9.967950
74.650000	0.5	9.977550
74.658333	0.5	9.984800
74.666667	0.5	9.998400
74.675000	0.5	10.006100
74.683333	0.5	10.024700
74.691667	0.5	10.035650
74.700000	0.5	10.051550
74.708333	0.5	10.072950
74.716667	0.5	10.097900
74.725000	0.5	10.129900
74.733333	0.5	10.169100
74.741667	0.5	10.185250
74.750000	0.5	10.224950
74.758333	0.5	10.256900
74.766667	0.5	10.304300
74.775000	0.5	10.340650
74.783333	0.5	10.380650
74.791667	0.5	10.433050
74.800000	0.5	10.476850
74.808333	0.5	10.525850
74.816667	0.5	10.567650
74.825000	0.5	10.634550
74.833333	0.5	10.693750
74.841667	0.5	10.756450
74.850000	0.5	10.819200
74.858333	0.5	10.867950
74.866667	0.5	10.931550
74.875000	0.5	10.992550
74.883333	0.5	11.065200
74.891667	0.5	11.126850
74.900000	0.5	11.189400
74.908333	0.5	11.258600
74.916667	0.5	11.330350
74.925000	0.5	11.393600
74.933333	0.5	11.466000
74.941667	0.5	11.528700
74.950000	0.5	11.591400
74.958333	0.5	11.654600
74.966667	0.5	11.719950
74.975000	0.5	11.784150
74.983333	0.5	11.841100
74.991667	0.5	11.897500
75.000000	0.5	11.952050
75.008333	0.5	12.001200
75.016667	0.5	12.055500
75.025000	0.5	12.102950
75.033333	0.5	12.142450
75.041667	0.5	12.193550
75.050000	0.5	12.225100
75.058333	0.5	12.261400
75.066667	0.5	12.283200
75.075000	0.5	12.313250
75.083333	0.5	12.340550
75.091667	0.5	12.354000
75.100000	0.5	12.369050
75.108333	0.5	12.393900
75.116667	0.5	12.397350
75.125000	0.5	12.413000
75.133333	0.5	12.414500
75.141667	0.5	12.420750
75.150000	0.5	12.410650
75.158333	0.5	12.404600
75.166667	0.5	12.392000
75.175000	0.5	12.379800
75.183333	0.5	12.349600
75.191667	0.5	12.323950
75.200000	0.5	12.304250
75.208333	0.5	12.275850
75.216667	0.5	12.236750
75.225000	0.5	12.204500
75.233333	0.5	12.147900
75.241667	0.5	12.100400
75.250000	0.5	12.048050
75.258333	0.5	11.990100
75.266667	0.5	11.920100
75.275000	0.5	11.859850
75.283333	0.5	11.793300
75.291667	0.5	11.729600
75.300000	0.5	11.649050
75.308333	0.5	11.577050
75.316667	0.5	11.495900
75.325000	0.5	11.418750
75.333333	0.5	11.340150
75.341667	0.5	11.263800
75.350000	0.5	11.190500
75.358333	0.5	11.094100
75.366667	0.5	11.010050
75.375000	0.5	10.946250
75.383333	0.5	10.882150
75.391667	0.5	10.797050
75.400000	0.5	10.739550
75.408333	0.5	10.675950
75.416667	0.5	10.623050
75.425000	0.5	10.555450
75.433333	0.5	10.508850
75.441667	0.5	10.459200
75.450000	0.5	10.421200
75.458333	0.5	10.359700
75.466667	0.5	10.316400
75.475000	0.5	10.272350
75.483333	0.5	10.238400
75.491667	0.5	10.214200
75.500000	0.5	10.189900
75.508333	0.5	10.160900
75.516667	0.5	10.149600
75.525000	0.5	10.114450
75.533333	0.5	10.094400
75.541667	0.5	10.081000
75.550000	0.5	10.069800
75.558333	0.5	10.047100
75.566667	0.5	10.028400
75.575000	0.5	10.021100
75.583333	0.5	10.003450
75.591667	0.5	9.996450
75.600000	0.5	9.978850
75.608333	0.5	9.972100
75.616667	0.5	9.958850
75.625000	0.5	9.949400
75.633333	0.5	9.942100
75.641667	0.5	9.935800
75.650000	0.5	9.923250
75.658333	0.5	9.914500
75.666667	0.5	9.905150
75.675000	0.5	9.891600
75.683333	0.5	9.877950
75.691667	0.5	9.875650
75.700000	0.5	9.864700
75.708333	0.5	9.858350
75.716667	0.5	9.845900
75.725000	0.5	9.839400
75.733333	0.5	9.829000
75.741667	0.5	9.821300
75.750000	0.5	9.802650
75.758333	0.5	9.797250
75.766667	0.5	9.793850
75.775000	0.5	9.782650
75.783333	0.5	9.795200
75.791667	0.5	9.781750
75.800000	0.5	9.768400
75.808333	0.5	9.761650
75.816667	0.5	9.755000
75.825000	0.5	9.750150
75.833333	0.5	9.764250
75.841667	0.5	9.735450
75.850000	0.5	9.727900
75.858333	0.5	9.732550
75.866667	0.5	9.726300
75.875000	0.5	9.711900
75.883333	0.5	9.712000
75.891667	0.5	9.720850
75.900000	0.5	9.719700
75.908333	0.5	9.717050
75.916667	0.5	9.711600
75.925000	0.5	9.702700
75.933333	0.5	9.702300
75.941667	0.5	9.700950
75.950000	0.5	9.711000
75.958333	0.5	9.689100
75.966667	0.5	9.698700
75.975000	0.5	9.702150
75.983333	0.5	9.713800
75.991667	0.5	9.701400
76.000000	0.5	9.703050
76.008333	0.5	9.702600
76.016667	0.5	9.700950
76.025000	0.5	9.708600
76.033333	0.5	9.708150
76.041667	0.5	9.706950
76.050000	0.5	9.708350
76.058333	0.5	9.711650
76.066667	0.5	9.714250
76.075000	0.5	9.721550
76.083333	0.5	9.730900
76.091667	0.5	9.720150
76.100000	0.5	9.733750
76.108333	0.5	9.744500
76.116667	0.5	9.747900
76.125000	0.5	9.761500
76.133333	0.5	9.776600
76.141667	0.5	9.779750
76.150000	0.5	9.800250
76.158333	0.5	9.809500
76.166667	0.5	9.832900
76.175000	0.5	9.856200
76.183333	0.5	9.880000
76.191667	0.5	9.904800
76.200000	0.5	9.924150
76.208333	0.5	9.961250
76.216667	0.5	10.000850
76.225000	0.5	10.034500
76.233333	0.5	10.082600
76.241667	0.5	10.126800
76.250000	0.5	10.172800
76.258333	0.5	10.228900
76.266667	0.5	10.296400
76.275000	0.5	10.348750
76.283333	0.5	10.422550
76.291667	0.5	10.494650
76.300000	0.5	10.566300
76.308333	0.5	10.646900
76.316667	0.5	10.725700
76.325000	0.5	10.807100
76.333333	0.5	10.891250
76.341667	0.5	10.981650
76.350000	0.5	11.061300
76.358333	0.5	11.161900
76.366667	0.5	11.251750
76.375000	0.5	11.339250
76.383333	0.5	11.419150
76.391667	0.5	11.509350
76.400000	0.5	11.583500
76.408333	0.5	11.678200
76.416667	0.5	11.754250
76.425000	0.5	11.828050
76.433333	0.5	11.886000
76.441667	0.5	11.953450
76.450000	0.5	12.004850
76.458333	0.5	12.069000
76.466667	0.5	12.117750
76.475000	0.5	12.153850
76.483333	0.5	12.197450
76.491667	0.5	12.239900
76.500000	0.5	12.264200
76.508333	0.5	12.310600
76.516667	0.5	12.305400
76.525000	0.5	12.325600
76.533333	0.5	12.341250
76.541667	0.5	12.372950
76.550000	0.5	12.347600
76.558333	0.5	12.352950
76.566667	0.5	12.345900
76.575000	0.5	12.347450
76.583333	0.5	12.319850
76.591667	0.5	12.302250
76.600000	0.5	12.268650
76.608333	0.5	12.236100
76.616667	0.5	12.193900
76.625000	0.5	12.171550
76.633333	0.5	12.121350
76.641667	0.5	12.064450
76.650000	0.5	12.028550
76.658333	0.5	11.979450
76.666667	0.5	11.901850
76.675000	0.5	11.837250
76.683333	0.5	11.767250
76.691667	0.5	11.694550
76.700000	0.5	11.630750
76.708333	0.5	11.548350
76.716667	0.5	11.476000
76.725000	0.5	11.403100
76.733333	0.5	11.310200
76.741667	0.5	11.232750
76.750000	0.5	11.157000
76.758333	0.5	11.087300
76.766667	0.5	11.003200
76.775000	0.5	10.919650
76.783333	0.5	10.850100
76.791667	0.5	10.774300
76.800000	0.5	10.709500
76.808333	0.5	10.656750
76.816667	0.5	10.561050
76.825000	0.5	10.519100
76.833333	0.5	10.453300
76.841667	0.5	10.400150
76.850000	0.5	10.353000
76.858333	0.5	10.332050
76.866667	0.5	10.264500
76.875000	0.5	10.230500
76.883333	0.5	10.189900
76.891667	0.5	10.155400
76.900000	0.5	10.122450
76.908333	0.5	10.078000
76.916667	0.5	10.055950
76.925000	0.5	10.027400
76.933333	0.5	10.006150
76.941667	0.5	9.982050
76.950000	0.5	9.957850
76.958333	0.5	9.943500
76.966667	0.5	9.923500
76.975000	0.5	9.905450
76.983333	0.5	9.893800
76.991667	0.5	9.876300
77.000000	0.5	9.862550
77.008333	0.5	9.849300
77.016667	0.5	9.843450
77.025000	0.5	9.831100
77.033333	0.5	9.810400
77.041667	0.5	9.807400
77.050000	0.5	9.794050
77.058333	0.5	9.789900
77.066667	0.5	9.772150
77.075000	0.5	9.763400
77.083333	0.5	9.753550
77.091667	0.5	9.759750
77.100000	0.5	9.741900
77.108333	0.5	9.737850
77.116667	0.5	9.717600
77.125000	0.5	9.725150
77.133333	0.5	9.719150
77.141667	0.5	9.724300
77.150000	0.5	9.723600
77.158333	0.5	9.715550
77.166667	0.5	9.716000
77.175000	0.5	9.713650
77.183333	0.5	9.706650
77.191667	0.5	9.708150
77.200000	0.5	9.712300
77.208333	0.5	9.718200
77.216667	0.5	9.714450
77.225000	0.5	9.727450
77.233333	0.5	9.724500
77.241667	0.5	9.728250
77.250000	0.5	9.733900
77.258333	0.5	9.740500
77.266667	0.5	9.745600
77.275000	0.5	9.737200
77.283333	0.5	9.751500
77.291667	0.5	9.759400
77.300000	0.5	9.763300
77.308333	0.5	9.764300
77.316667	0.5	9.785800
77.325000	0.5	9.791400
77.333333	0.5	9.785950
77.341667	0.5	9.809150
77.350000	0.5	9.808300
77.358333	0.5	9.817250
77.366667	0.5	9.825100
77.375000	0.5	9.839000
77.383333	0.5	9.848700
77.391667	0.5	9.857650
77.400000	0.5	9.863500
77.408333	0.5	9.882550
77.416667	0.5	9.897750
77.425000	0.5	9.916400
77.433333	0.5	9.921050
77.441667	0.5	9.943100
77.450000	0.5	9.959650
77.458333	0.5	9.977550
77.466667	0.5	9.996850
77.475000	0.5	10.018900
77.483333	0.5	10.041450
77.491667	0.5	10.073100
77.500000	0.5	10.098700
77.508333	0.5	10.131650
77.516667	0.5	10.168650
77.525000	0.5	10.201050
77.533333	0.5	10.230650
77.541667	0.5	10.257600
77.550000	0.5	10.300650
77.558333	0.5	10.337850
77.566667	0.5	10.390700
77.575000	0.5	10.440950
77.583333	0.5	10.492200
77.591667	0.5	10.566500
77.600000	0.5	10.593000
77.608333	0.5	10.644650
77.616667	0.5	10.702250
77.625000	0.5	10.770400
77.633333	0.5	10.835550
77.641667	0.5	10.907000
77.650000	0.5	10.989600
77.658333	0.5	11.045050
77.666667	0.5	11.121750
77.675000	0.5	11.187500
77.683333	0.5	11.261950
77.691667	0.5	11.347350
77.700000	0.5	11.406200
77.708333	0.5	11.478800
77.716667	0.5	11.549300
77.725000	0.5	11.622150
77.733333	0.5	11.693200
77.741667	0.5	11.777500
77.750000	0.5	11.815850
77.758333	0.5	11.879000
77.766667	0.5	11.939450
77.775000	0.5	11.993150
77.783333	0.5	12.042100
77.791667	0.5	12.088500
77.800000	0.5	12.131400
77.808333	0.5	12.167900
77.816667	0.5	12.191850
77.825000	0.5	12.227150
77.833333	0.5	12.246900
77.841667	0.5	12.273400
77.850000	0.5	12.290650
77.858333	0.5	12.290200
77.866667	0.5	12.304300
77.875000	0.5	12.312350
77.883333	0.5	12.308000
77.891667	0.5	12.306600
77.900000	0.5	12.289400
77.908333	0.5	12.265250
77.916667	0.5	12.263750
77.925000	0.5	12.229000
77.933333	0.5	12.192650
77.941667	0.5	12.151750
77.950000	0.5	12.128000
77.958333	0.5	12.067450
77.966667	0.5	12.029750
77.975000	0.5	11.977950
77.983333	0.5	11.930450
77.991667	0.5	11.862300
78.000000	0.5	11.800750
78.008333	0.5	11.732500
78.016667	0.5	11.652750
78.025000	0.5	11.578500
78.033333	0.5	11.501100
78.041667	0.5	11.419550
78.050000	0.5	11.333200
78.058333	0.5	11.259300
78.066667	0.5	11.160050
78.075000	0.5	11.072450
78.083333	0.5	10.988750
78.091667	0.5	10.882100
78.100000	0.5	10.783850
78.108333	0.5	10.697700
78.116667	0.5	10.590400
78.125000	0.5	10.508600
78.133333	0.5	10.410400
78.141667	0.5	10.327050
78.150000	0.5	10.222150
78.158333	0.5	10.139450
78.166667	0.5	10.054650
78.175000	0.5	9.972000
78.183333	0.5	9.903750
78.191667	0.5	9.807150
78.200000	0.5	9.739900
78.208333	0.5	9.660750
78.216667	0.5	9.598050
78.225000	0.5	9.534400
78.233333	0.5	9.455500
78.241667	0.5	9.402300
78.250000	0.5	9.347650
78.258333	0.5	9.297050
78.266667	0.5	9.249150
78.275000	0.5	9.199500
78.283333	0.5	9.157200
78.291667	0.5	9.107350
78.300000	0.5	9.076550
78.308333	0.5	9.028600
78.316667	0.5	8.989300
78.325000	0.5	8.959900
78.333333	0.5	8.934200
78.341667	0.5	8.902550
78.350000	0.5	8.877450
78.358333	0.5	8.856700
78.366667	0.5	8.830200
78.375000	0.5	8.802650
78.383333	0.5	8.793700
78.391667	0.5	8.765950
78.400000	0.5	8.743950
78.408333	0.5	8.726200
78.416667	0.5	8.703100
78.425000	0.5	8.711450
78.433333	0.5	8.703300
78.441667	0.5	8.690500
78.450000	0.5	8.685950
78.458333	0.5	8.681850
78.466667	0.5	8.673950
78.475000	0.5	8.666900
78.483333	0.5	8.667300
78.491667	0.5	8.670800
78.500000	0.5	8.669550
78.508333	0.5	8.666650
78.516667	0.5	8.666450
78.525000	0.5	8.671800
78.533333	0.5	8.674700
78.541667	0.5	8.685550
78.550000	0.5	8.692550
78.558333	0.5	8.703600
78.566667	0.5	8.715800
78.575000	0.5	8.726500
78.583333	0.5	8.737950
78.591667	0.5	8.758050
78.600000	0.5	8.772050
78.608333	0.5	8.779350
78.616667	0.5	8.794650
78.625000	0.5	8.810700
78.633333	0.5	8.841350
78.641667	0.5	8.858850
78.650000	0.5	8.871950
78.658333	0.5	8.887250
78.666667	0.5	8.900850
78.675000	0.5	8.925000
78.683333	0.5	8.940650
78.691667	0.5	8.961600
78.700000	0.5	8.977750
78.708333	0.5	9.004450
78.716667	0.5	9.023700
78.725000	0.5	9.038350
78.733333	0.5	9.066800
78.741667	0.5	9.078000
78.750000	0.5	9.097950
78.758333	0.5	9.128500
78.766667	0.5	9.137150
78.775000	0.5	9.160850
78.783333	0.5	9.180000
78.791667	0.5	9.203400
78.800000	0.5	9.216450
78.808333	0.5	9.249950
78.816667	0.5	9.261050
78.825000	0.5	9.291200
78.833333	0.5	9.308450
78.841667	0.5	9.337700
78.850000	0.5	9.369250
78.858333	0.5	9.400350
78.866667	0.5	9.423850
78.875000	0.5	9.470000
78.883333	0.5	9.502200
78.891667	0.5	9.534750
78.900000	0.5	9.598200
78.908333	0.5	9.627550
78.916667	0.5	9.677300
78.925000	0.5	9.727800
78.933333	0.5	9.780400
78.941667	0.5	9.844100
78.950000	0.5	9.914200
78.958333	0.5	9.986400
78.966667	0.5	10.073850
78.975000	0.5	10.129750
78.983333	0.5	10.210950
78.991667	0.5	10.301050
79.000000	0.5	10.397350
79.008333	0.5	10.484850
79.016667	0.5	10.575950
79.025000	0.5	10.671400
79.033333	0.5	10.761450
79.041667	0.5	10.861250
79.050000	0.5	10.954850
79.058333	0.5	11.049150
79.066667	0.5	11.134600
79.075000	0.5	11.230400
79.083333	0.5	11.310950
79.091667	0.5	11.394200
79.100000	0.5	11.468800
79.108333	0.5	11.536450
79.116667	0.5	11.612850
79.125000	0.5	11.678450
79.133333	0.5	11.732600
79.141667	0.5	11.793300
79.150000	0.5	11.842950
79.158333	0.5	11.884600
79.166667	0.5	11.912250
79.175000	0.5	11.948150
79.183333	0.5	11.969200
79.191667	0.5	11.993800
79.200000	0.5	12.028600
79.208333	0.5	12.022400
79.216667	0.5	12.023350
79.225000	0.5	12.016950
79.233333	0.5	12.013550
79.241667	0.5	11.999550
79.250000	0.5	11.980550
79.258333	0.5	11.955650
79.266667	0.5	11.935150
79.275000	0.5	11.894650
79.283333	0.5	11.848150
79.291667	0.5	11.811250
79.300000	0.5	11.758750
79.308333	0.5	11.710150
79.316667	0.5	11.647850
79.325000	0.5	11.581450
79.333333	0.5	11.521650
79.341667	0.5	11.459450
79.350000	0.5	11.383400
79.358333	0.5	11.309350
79.366667	0.5	11.231150
79.375000	0.5	11.168400
79.383333	0.5	11.084900
79.391667	0.5	10.995550
79.400000	0.5	10.927050
79.408333	0.5	10.858850
79.416667	0.5	10.781900
79.425000	0.5	10.714050
79.433333	0.5	10.662100
79.441667	0.5	10.577200
79.450000	0.5	10.525950
79.458333	0.5	10.463550
79.466667	0.5	10.400350
79.475000	0.5	10.359300
79.483333	0.5	10.304600
79.491667	0.5	10.268000
79.500000	0.5	10.231750
79.508333	0.5	10.182950
79.516667	0.5	10.154450
79.525000	0.5	10.118200
79.533333	0.5	10.104950
79.541667	0.5	10.064400
79.550000	0.5	10.037250
79.558333	0.5	10.035200
79.566667	0.5	9.996850
79.575000	0.5	9.978100
79.583333	0.5	9.954300
79.591667	0.5	9.933200
79.600000	0.5	9.934600
79.608333	0.5	9.910000
79.616667	0.5	9.901650
79.625000	0.5	9.883250
79.633333	0.5	9.890200
79.641667	0.5	9.872600
79.650000	0.5	9.848250
79.658333	0.5	9.844050
79.666667	0.5	9.828850
79.675000	0.5	9.822100
79.683333	0.5	9.809050
79.691667	0.5	9.800900
79.700000	0.5	9.789100
79.708333	0.5	9.778550
79.716667	0.5	9.773050
79.725000	0.5	9.758450
79.733333	0.5	9.748700
79.741667	0.5	9.732800
79.750000	0.5	9.724900
79.758333	0.5	9.718100
79.766667	0.5	9.712050
79.775000	0.5	9.702550
79.783333	0.5	9.684750
79.791667	0.5	9.667650
79.800000	0.5	9.660200
79.808333	0.5	9.653050
79.816667	0.5	9.637250
79.825000	0.5	9.628950
79.833333	0.5	9.634500
79.841667	0.5	9.616750
79.850000	0.5	9.606900
79.858333	0.5	9.596550
79.866667	0.5	9.586650
79.875000	0.5	9.577400
79.883333	0.5	9.564350
79.891667	0.5	9.552250
79.900000	0.5	9.544050
79.908333	0.5	9.536000
79.916667	0.5	9.525600
79.925000	0.5	9.525850
79.933333	0.5	9.519600
79.941667	0.5	9.493100
79.950000	0.5	9.486100
79.958333	0.5	9.476000
79.966667	0.5	9.462300
79.975000	0.5	9.442750
79.983333	0.5	9.440800
79.991667	0.5	9.430300
80.000000	0.5	9.414700
80.008333	0.5	9.410550
80.016667	0.5	9.392550
80.025000	0.5	9.388950
80.033333	0.5	9.377000
80.041667	0.5	9.369400
80.050000	0.5	9.354900
80.058333	0.5	9.354950
80.066667	0.5	9.337300
80.075000	0.5	9.344000
80.083333	0.5	9.335650
80.091667	0.5	9.336700
80.100000	0.5	9.337650
80.108333	0.5	9.346550
80.116667	0.5	9.352100
80.125000	0.5	9.357000
80.133333	0.5	9.358850
80.141667	0.5	9.380150
80.150000	0.5	9.385750
80.158333	0.5	9.418800
80.166667	0.5	9.430750
80.175000	0.5	9.455250
80.183333	0.5	9.484000
80.191667	0.5	9.515500
80.200000	0.5	9.560900
80.208333	0.5	9.602700
80.216667	0.5	9.644800
80.225000	0.5	9.701750
80.233333	0.5	9.748300
80.241667	0.5	9.809350
80.250000	0.5	9.865400
80.258333	0.5	9.931700
80.266667	0.5	10.001800
80.275000	0.5	10.056800
80.283333	0.5	10.129600
80.291667	0.5	10.212050
80.300000	0.5	10.275600
80.308333	0.5	10.343950
80.316667	0.5	10.421400
80.325000	0.5	10.494750
80.333333	0.5	10.561350
80.341667	0.5	10.636300
80.350000	0.5	10.699550
80.358333	0.5	10.766900
80.366667	0.5	10.838250
80.375000	0.5	10.885950
80.383333	0.5	10.947950
80.391667	0.5	10.995100
80.400000	0.5	11.038300
80.408333	0.5	11.102900
80.416667	0.5	11.119550
80.425000	0.5	11.168200
80.433333	0.5	11.191350
80.441667	0.5	11.218400
80.450000	0.5	11.245900
80.458333	0.5	11.261150
80.466667	0.5	11.277900
80.475000	0.5	11.284450
80.483333	0.5	11.289500
80.491667	0.5	11.296000
80.500000	0.5	11.286900
80.508333	0.5	11.281550
80.516667	0.5	11.260500
80.525000	0.5	11.230150
80.533333	0.5	11.213800
80.541667	0.5	11.198200
80.550000	0.5	11.142250
80.558333	0.5	11.111650
80.566667	0.5	11.075400
80.575000	0.5	11.047100
80.583333	0.5	10.985250
80.591667	0.5	10.943550
80.600000	0.5	10.899450
80.608333	0.5	10.831550
80.616667	0.5	10.784650
80.625000	0.5	10.723500
80.633333	0.5	10.673650
80.641667	0.5	10.603750
80.650000	0.5	10.550500
80.658333	0.5	10.488400
80.666667	0.5	10.437900
80.675000	0.5	10.371400
80.683333	0.5	10.326950
80.691667	0.5	10.250600
80.700000	0.5	10.220100
80.708333	0.5	10.166350
80.716667	0.5	10.115550
80.725000	0.5	10.071250
80.733333	0.5	10.025150
80.741667	0.5	9.983250
80.750000	0.5	9.944650
80.758333	0.5	9.907650
80.766667	0.5	9.876350
80.775000	0.5	9.843800
80.783333	0.5	9.811950
80.791667	0.5	9.792950
80.800000	0.5	9.772450
80.808333	0.5	9.747750
80.816667	0.5	9.718350
80.825000	0.5	9.703150
80.833333	0.5	9.687550
80.841667	0.5	9.666900
80.850000	0.5	9.657100
80.858333	0.5	9.627000
80.866667	0.5	9.630500
80.875000	0.5	9.604200
80.883333	0.5	9.606650
80.891667	0.5	9.586250
80.900000	0.5	9.573250
80.908333	0.5	9.572100
80.916667	0.5	9.546400
80.925000	0.5	9.539200
80.933333	0.5	9.523150
80.941667	0.5	9.520400
80.950000	0.5	9.509500
80.958333	0.5	9.515100
80.966667	0.5	9.498150
80.975000	0.5	9.488900
80.983333	0.5	9.475950
80.991667	0.5	9.475900
81.000000	0.5	9.448750
81.008333	0.5	9.442950
81.016667	0.5	9.426850
81.025000	0.5	9.414900
81.033333	0.5	9.404850
81.041667	0.5	9.403100
81.050000	0.5	9.393850
81.058333	0.5	9.392300
81.066667	0.5	9.380400
81.075000	0.5	9.367600
81.083333	0.5	9.367950
81.091667	0.5	9.346050
81.100000	0.5	9.343150
81.108333	0.5	9.336400
81.116667	0.5	9.339150
81.125000	0.5	9.334450
81.133333	0.5	9.335300
81.141667	0.5	9.321300
81.150000	0.5	9.324950
81.158333	0.5	9.329750
81.166667	0.5	9.322350
81.175000	0.5	9.310450
81.183333	0.5	9.318150
81.191667	0.5	9.319200
81.200000	0.5	9.310800
81.208333	0.5	9.316850
81.216667	0.5	9.312800
81.225000	0.5	9.319800
81.233333	0.5	9.318800
81.241667	0.5	9.308900
81.250000	0.5	9.320150
81.258333	0.5	9.330150
81.266667	0.5	9.316450
81.275000	0.5	9.328400
81.283333	0.5	9.318250
81.291667	0.5	9.347050
81.300000	0.5	9.349800
81.308333	0.5	9.360450
81.316667	0.5	9.367150
81.325000	0.5	9.379400
81.333333	0.5	9.392500
81.341667	0.5	9.415450
81.350000	0.5	9.436350
81.358333	0.5	9.463900
81.366667	0.5	9.501850
81.375000	0.5	9.522650
81.383333	0.5	9.545350
81.391667	0.5	9.586800
81.400000	0.5	9.625400
81.408333	0.5	9.654550
81.416667	0.5	9.699950
81.425000	0.5	9.758350
81.433333	0.5	9.812350
81.441667	0.5	9.865450
81.450000	0.5	9.922400
81.458333	0.5	9.975450
81.466667	0.5	10.048950
81.475000	0.5	10.110950
81.483333	0.5	10.179650
81.491667	0.5	10.250500
81.500000	0.5	10.312300
81.508333	0.5	10.374150
81.516667	0.5	10.446600
81.525000	0.5	10.517250
81.533333	0.5	10.581250
81.541667	0.5	10.648600
81.550000	0.5	10.711350
81.558333	0.5	10.762600
81.566667	0.5	10.835150
81.575000	0.5	10.885450
81.583333	0.5	10.939750
81.591667	0.5	10.973600
81.600000	0.5	11.033250
81.608333	0.5	11.068350
81.616667	0.5	11.103500
81.625000	0.5	11.146200
81.633333	0.5	11.177350
81.641667	0.5	11.203850
81.650000	0.5	11.229000
81.658333	0.5	11.246350
81.666667	0.5	11.265800
81.675000	0.5	11.264400
81.683333	0.5	11.273100
81.691667	0.5	11.275900
81.700000	0.5	11.266050
81.708333	0.5	11.264900
81.716667	0.5	11.249400
81.725000	0.5	11.238750
81.733333	0.5	11.221800
81.741667	0.5	11.207400
81.750000	0.5	11.180750
81.758333	0.5	11.147100
81.766667	0.5	11.122600
81.775000	0.5	11.085350
81.783333	0.5	11.053200
81.791667	0.5	11.016100
81.800000	0.5	10.973850
81.808333	0.5	10.929200
81.816667	0.5	10.880450
81.825000	0.5	10.842850
81.833333	0.5	10.805700
81.841667	0.5	10.732650
81.850000	0.5	10.687500
81.858333	0.5	10.640950
81.866667	0.5	10.605950
81.875000	0.5	10.544700
81.883333	0.5	10.489550
81.891667	0.5	10.448950
81.900000	0.5	10.405000
81.908333	0.5	10.353150
81.916667	0.5	10.304150
81.925000	0.5	10.255900
81.933333	0.5	10.215800
81.941667	0.5	10.192050
81.950000	0.5	10.136700
81.958333	0.5	10.101400
81.966667	0.5	10.062850
81.975000	0.5	10.025700
81.983333	0.5	9.989900
81.991667	0.5	9.973800
82.000000	0.5	9.931750
82.008333	0.5	9.906100
82.016667	0.5	9.884100
82.025000	0.5	9.858300
82.033333	0.5	9.831800
82.041667	0.5	9.825500
82.050000	0.5	9.796400
82.058333	0.5	9.781500
82.066667	0.5	9.768000
82.075000	0.5	9.747400
82.083333	0.5	9.731800
82.091667	0.5	9.720150
82.100000	0.5	9.708200
82.108333	0.5	9.709750
82.116667	0.5	9.691500
82.125000	0.5	9.700550
82.133333	0.5	9.669050
82.141667	0.5	9.666600
82.150000	0.5	9.655600
82.158333	0.5	9.645000
82.166667	0.5	9.646050
82.175000	0.5	9.636650
82.183333	0.5	9.628750
82.191667	0.5	9.621050
82.200000	0.5	9.626100
82.208333	0.5	9.616200
82.216667	0.5	9.607400
82.225000	0.5	9.616350
82.233333	0.5	9.608000
82.241667	0.5	9.604300
82.250000	0.5	9.599400
82.258333	0.5	9.593850
82.266667	0.5	9.593650
82.275000	0.5	9.592500
82.283333	0.5	9.578100
82.291667	0.5	9.580600
82.300000	0.5	9.590500
82.308333	0.5	9.590750
82.316667	0.5	9.586850
82.325000	0.5	9.586950
82.333333	0.5	9.585500
82.341667	0.5	9.580000
82.350000	0.5	9.587400
82.358333	0.5	9.577250
82.366667	0.5	9.580050
82.375000	0.5	9.589800
82.383333	0.5	9.580650
82.391667	0.5	9.597150
82.400000	0.5	9.596600
82.408333	0.5	9.592950
82.416667	0.5	9.603650
82.425000	0.5	9.601400
82.433333	0.5	9.613500
82.441667	0.5	9.619050
82.450000	0.5	9.625450
82.458333	0.5	9.633700
82.466667	0.5	9.638200
82.475000	0.5	9.664700
82.483333	0.5	9.676400
82.491667	0.5	9.689600
82.500000	0.5	9.718550
82.508333	0.5	9.719750
82.516667	0.5	9.744200
82.525000	0.5	9.772350
82.533333	0.5	9.802200
82.541667	0.5	9.824050
82.550000	0.5	9.862850
82.558333	0.5	9.903750
82.566667	0.5	9.940050
82.575000	0.5	9.978600
82.583333	0.5	10.025150
82.591667	0.5	10.077650
82.600000	0.5	10.124950
82.608333	0.5	10.179300
82.616667	0.5	10.240350
82.625000	0.5	10.293100
82.633333	0.5	10.353300
82.641667	0.5	10.409250
82.650000	0.5	10.472900
82.658333	0.5	10.539550
82.666667	0.5	10.593650
82.675000	0.5	10.652450
82.683333	0.5	10.723150
82.691667	0.5	10.771100
82.700000	0.5	10.828900
82.708333	0.5	10.919050
82.716667	0.5	10.939100
82.725000	0.5	10.988700
82.733333	0.5	11.027700
82.741667	0.5	11.086350
82.750000	0.5	11.117950
82.758333	0.5	11.171400
82.766667	0.5	11.196050
82.775000	0.5	11.227100
82.783333	0.5	11.251300
82.791667	0.5	11.300500
82.800000	0.5	11.304900
82.808333	0.5	11.332550
82.816667	0.5	11.330350
82.825000	0.5	11.348000
82.833333	0.5	11.347950
82.841667	0.5	11.351400
82.850000	0.5	11.347100
82.858333	0.5	11.340050
82.866667	0.5	11.337350
82.875000	0.5	11.338450
82.883333	0.5	11.329800
82.891667	0.5	11.290200
82.900000	0.5	11.264850
82.908333	0.5	11.245050
82.916667	0.5	11.232100
82.925000	0.5	11.196900
82.933333	0.5	11.174150
82.941667	0.5	11.129300
82.950000	0.5	11.095250
82.958333	0.5	11.054600
82.966667	0.5	11.035900
82.975000	0.5	10.987000
82.983333	0.5	10.950050
82.991667	0.5	10.912350
83.000000	0.5	10.863750
83.008333	0.5	10.827450
83.016667	0.5	10.790650
83.025000	0.5	10.734750
83.033333	0.5	10.699350
83.041667	0.5	10.660250
83.050000	0.5	10.606700
83.058333	0.5	10.572150
83.066667	0.5	10.532150
83.075000	0.5	10.491300
83.083333	0.5	10.446850
83.091667	0.5	10.419050
83.100000	0.5	10.373550
83.108333	0.5	10.333200
83.116667	0.5	10.297700
83.125000	0.5	10.261950
83.133333	0.5	10.216550
83.141667	0.5	10.200500
83.150000	0.5	10.160150
83.158333	0.5	10.130450
83.166667	0.5	10.108050
83.175000	0.5	10.076050
83.183333	0.5	10.042800
83.191667	0.5	10.019200
83.200000	0.5	9.987250
83.208333	0.5	9.962600
83.216667	0.5	9.935950
83.225000	0.5	9.914650
83.233333	0.5	9.905550
83.241667	0.5	9.883300
83.250000	0.5	9.871800
83.258333	0.5	9.838300
83.266667	0.5	9.833950
83.275000	0.5	9.819550
83.283333	0.5	9.793650
83.291667	0.5	9.789100
83.300000	0.5	9.765100
83.308333	0.5	9.748050
83.316667	0.5	9.730900
83.325000	0.5	9.721500
83.333333	0.5	9.713600
83.341667	0.5	9.694150
83.350000	0.5	9.692450
83.358333	0.5	9.678650
83.366667	0.5	9.665700
83.375000	0.5	9.667250
83.383333	0.5	9.665800
83.391667	0.5	9.654400
83.400000	0.5	9.631000
83.408333	0.5	9.626700
83.416667	0.5	9.614150
83.425000	0.5	9.609600
83.433333	0.5	9.587300
83.441667	0.5	9.601850
83.450000	0.5	9.587350
83.458333	0.5	9.579150
83.466667	0.5	9.580300
83.475000	0.5	9.578900
83.483333	0.5	9.576800
83.491667	0.5	9.576550
83.500000	0.5	9.549850
83.508333	0.5	9.564050
83.516667	0.5	9.549500
83.525000	0.5	9.541050
83.533333	0.5	9.538800
83.541667	0.5	9.541900
83.550000	0.5	9.550600
83.558333	0.5	9.541600
83.566667	0.5	9.542850
83.575000	0.5	9.553800
83.583333	0.5	9.560450
83.591667	0.5	9.562900
83.600000	0.5	9.577550
83.608333	0.5	9.584550
83.616667	0.5	9.595750
83.625000	0.5	9.601550
83.633333	0.5	9.608900
83.641667	0.5	9.641950
83.650000	0.5	9.657950
83.658333	0.5	9.675800
83.666667	0.5	9.693900
83.675000	0.5	9.723600
83.683333	0.5	9.757850
83.691667	0.5	9.778750
83.700000	0.5	9.829350
83.708333	0.5	9.857400
83.716667	0.5	9.889650
83.725000	0.5	9.938000
83.733333	0.5	9.976200
83.741667	0.5	10.035700
83.750000	0.5	10.068000
83.758333	0.5	10.116200
83.766667	0.5	10.161850
83.775000	0.5	10.194950
83.783333	0.5	10.256300
83.791667	0.5	10.303450
83.800000	0.5	10.351450
83.808333	0.5	10.396900
83.816667	0.5	10.439250
83.825000	0.5	10.480650
83.833333	0.5	10.518200
83.841667	0.5	10.563600
83.850000	0.5	10.588300
83.858333	0.5	10.616800
83.866667	0.5	10.640950
83.875000	0.5	10.670300
83.883333	0.5	10.703150
83.891667	0.5	10.711550
83.900000	0.5	10.720650
83.908333	0.5	10.731850
83.916667	0.5	10.730800
83.925000	0.5	10.732900
83.933333	0.5	10.735950
83.941667	0.5	10.721750
83.950000	0.5	10.715800
83.958333	0.5	10.708450
83.966667	0.5	10.687450
83.975000	0.5	10.670650
83.983333	0.5	10.659800
83.991667	0.5	10.624150
84.000000	0.5	10.604000
84.008333	0.5	10.562350
84.016667	0.5	10.554000
84.025000	0.5	10.509050
84.033333	0.5	10.488600
84.041667	0.5	10.459600
84.050000	0.5	10.409650
84.058333	0.5	10.384450
84.066667	0.5	10.338150
84.075000	0.5	10.297000
84.083333	0.5	10.249900
84.091667	0.5	10.216350
84.100000	0.5	10.174650
84.108333	0.5	10.135800
84.116667	0.5	10.107500
84.125000	0.5	10.062450
84.133333	0.5	10.020550
84.141667	0.5	9.981250
84.150000	0.5	9.944200
84.158333	0.5	9.904500
84.166667	0.5	9.879950
84.175000	0.5	9.822900
84.183333	0.5	9.790900
84.191667	0.5	9.749400
84.200000	0.5	9.709850
84.208333	0.5	9.676100
84.216667	0.5	9.638900
84.225000	0.5	9.599850
84.233333	0.5	9.566650
84.241667	0.5	9.526100
84.250000	0.5	9.497350
84.258333	0.5	9.462150
84.266667	0.5	9.431950
84.275000	0.5	9.397450
84.283333	0.5	9.361900
84.291667	0.5	9.334900
84.300000	0.5	9.306650
84.308333	0.5	9.286200
84.316667	0.5	9.256500
84.325000	0.5	9.237200
84.333333	0.5	9.211200
84.341667	0.5	9.191800
84.350000	0.5	9.163300
84.358333	0.5	9.142300
84.366667	0.5	9.125650
84.375000	0.5	9.102950
84.383333	0.5	9.089200
84.391667	0.5	9.071050
84.400000	0.5	9.059550
84.408333	0.5	9.058700
84.416667	0.5	9.048650
84.425000	0.5	9.029200
84.433333	0.5	9.018150
84.441667	0.5	9.019300
84.450000	0.5	9.024550
84.458333	0.5	9.010750
84.466667	0.5	9.010550
84.475000	0.5	9.005300
84.483333	0.5	9.006450
84.491667	0.5	8.991750
84.500000	0.5	8.999600
84.508333	0.5	9.005650
84.516667	0.5	9.005950
84.525000	0.5	9.018150
84.533333	0.5	9.016700
84.541667	0.5	9.030100
84.550000	0.5	9.034900
84.558333	0.5	9.037150
84.566667	0.5	9.044300
84.575000	0.5	9.055700
84.583333	0.5	9.069700
84.591667	0.5	9.078900
84.600000	0.5	9.093300
84.608333	0.5	9.100750
84.616667	0.5	9.116450
84.625000	0.5	9.135150
84.633333	0.5	9.158100
84.641667	0.5	9.166850
84.650000	0.5	9.185150
84.658333	0.5	9.211800
84.666667	0.5	9.230900
84.675000	0.5	9.248500
84.683333	0.5	9.277850
84.691667	0.5	9.305050
84.700000	0.5	9.330900
84.708333	0.5	9.358350
84.716667	0.5	9.383800
84.725000	0.5	9.421200
84.733333	0.5	9.451800
84.741667	0.5	9.493300
84.750000	0.5	9.539750
84.758333	0.5	9.573700
84.766667	0.5	9.618350
84.775000	0.5	9.659900
84.783333	0.5	9.705000
84.791667	0.5	9.762300
84.800000	0.5	9.828100
84.808333	0.5	9.865950
84.816667	0.5	9.929750
84.825000	0.5	9.981300
84.833333	0.5	10.023250
84.841667	0.5	10.079750
84.850000	0.5	10.134100
84.858333	0.5	10.198450
84.866667	0.5	10.241750
84.875000	0.5	10.293050
84.883333	0.5	10.334700
84.891667	0.5	10.387950
84.900000	0.5	10.426250
84.908333	0.5	10.471750
84.916667	0.5	10.507200
84.925000	0.5	10.560250
84.933333	0.5	10.582100
84.941667	0.5	10.619150
84.950000	0.5	10.640800
84.958333	0.5	10.660950
84.966667	0.5	10.685350
84.975000	0.5	10.697050
84.983333	0.5	10.715100
84.991667	0.5	10.729300
85.000000	0.5	10.733200
85.008333	0.5	10.738550
85.016667	0.5	10.739650
85.025000	0.5	10.741650
85.033333	0.5	10.725400
85.041667	0.5	10.718200
85.050000	0.5	10.703800
85.058333	0.5	10.691400
85.066667	0.5	10.671200
85.075000	0.5	10.660100
85.083333	0.5	10.637450
85.091667	0.5	10.611350
85.100000	0.5	10.593950
85.108333	0.5	10.559750
85.116667	0.5	10.530950
85.125000	0.5	10.512800
85.133333	0.5	10.486050
85.141667	0.5	10.458900
85.150000	0.5	10.450900
85.158333	0.5	10.401800
85.166667	0.5	10.385150
85.175000	0.5	10.360750
85.183333	0.5	10.330050
85.191667	0.5	10.301600
85.200000	0.5	10.268100
85.208333	0.5	10.254800
85.216667	0.5	10.224850
85.225000	0.5	10.197750
85.233333	0.5	10.175450
85.241667	0.5	10.156850
85.250000	0.5	10.132800
85.258333	0.5	10.110850
85.266667	0.5	10.096700
85.275000	0.5	10.068600
85.283333	0.5	10.054950
85.291667	0.5	10.023750
85.300000	0.5	9.999750
85.308333	0.5	9.959050
85.316667	0.5	9.932000
85.325000	0.5	9.910000
85.333333	0.5	9.881150
85.341667	0.5	9.858100
85.350000	0.5	9.843000
85.358333	0.5	9.816400
85.366667	0.5	9.797550
85.375000	0.5	9.776100
85.383333	0.5	9.761300
85.391667	0.5	9.726800
85.400000	0.5	9.695850
85.408333	0.5	9.676900
85.416667	0.5	9.671500
85.425000	0.5	9.638050
85.433333	0.5	9.615050
85.441667	0.5	9.611100
85.450000	0.5	9.595800
85.458333	0.5	9.571300
85.466667	0.5	9.559650
85.475000	0.5	9.550900
85.483333	0.5	9.529550
85.491667	0.5	9.524200
85.500000	0.5	9.494600
85.508333	0.5	9.484600
85.516667	0.5	9.474850
85.525000	0.5	9.482950
85.533333	0.5	9.472650
85.541667	0.5	9.451400
85.550000	0.5	9.452700
85.558333	0.5	9.470800
85.566667	0.5	9.478600
85.575000	0.5	9.447750
85.583333	0.5	9.449100
85.591667	0.5	9.435550
85.600000	0.5	9.456000
85.608333	0.5	9.483500
85.616667	0.5	9.450700
85.625000	0.5	9.474000
85.633333	0.5	9.482650
85.641667	0.5	9.476100
85.650000	0.5	9.485500
85.658333	0.5	9.498950
85.666667	0.5	9.496850
85.675000	0.5	9.521200
85.683333	0.5	9.537500
85.691667	0.5	9.557750
85.700000	0.5	9.558000
85.708333	0.5	9.570600
85.716667	0.5	9.585650
85.725000	0.5	9.597500
85.733333	0.5	9.619900
85.741667	0.5	9.651900
85.750000	0.5	9.664250
85.758333	0.5	9.693800
85.766667	0.5	9.722500
85.775000	0.5	9.746250
85.783333	0.5	9.780100
85.791667	0.5	9.816950
85.800000	0.5	9.853600
85.808333	0.5	9.876900
85.816667	0.5	9.907950
85.825000	0.5	9.933700
85.833333	0.5	9.986450
85.841667	0.5	10.031850
85.850000	0.5	10.070600
85.858333	0.5	10.099150
85.866667	0.5	10.151550
85.875000	0.5	10.191850
85.883333	0.5	10.238250
85.891667	0.5	10.274950
85.900000	0.5	10.307150
85.908333	0.5	10.341650
85.916667	0.5	10.389050
85.925000	0.5	10.415300
85.933333	0.5	10.467050
85.941667	0.5	10.475750
85.950000	0.5	10.509850
85.958333	0.5	10.538100
85.966667	0.5	10.566100
85.975000	0.5	10.589450
85.983333	0.5	10.594200
85.991667	0.5	10.604500
86.000000	0.5	10.616200
86.008333	0.5	10.629800
86.016667	0.5	10.640750
86.025000	0.5	10.635800
86.033333	0.5	10.647150
86.041667	0.5	10.626550
86.050000	0.5	10.625950
86.058333	0.5	10.627800
86.066667	0.5	10.606350
86.075000	0.5	10.599900
86.083333	0.5	10.578750
86.091667	0.5	10.563250
86.100000	0.5	10.555100
86.108333	0.5	10.527150
86.116667	0.5	10.498600
86.125000	0.5	10.494850
86.133333	0.5	10.470350
86.141667	0.5	10.446050
86.150000	0.5	10.407200
86.158333	0.5	10.385150
86.166667	0.5	10.355800
86.175000	0.5	10.338250
86.183333	0.5	10.321150
86.191667	0.5	10.285250
86.200000	0.5	10.254850
86.208333	0.5	10.240550
86.216667	0.5	10.215050
86.225000	0.5	10.204500
86.233333	0.5	10.165700
86.241667	0.5	10.145650
86.250000	0.5	10.154000
86.258333	0.5	10.107650
86.266667	0.5	10.089050
86.275000	0.5	10.064250
86.283333	0.5	10.049350
86.291667	0.5	10.031100
86.300000	0.5	9.995150
86.308333	0.5	9.975900
86.316667	0.5	9.956950
86.325000	0.5	9.939850
86.333333	0.5	9.915450
86.341667	0.5	9.896750
86.350000	0.5	9.900300
86.358333	0.5	9.865700
86.366667	0.5	9.834400
86.375000	0.5	9.811450
86.383333	0.5	9.798700
86.391667	0.5	9.794650
86.400000	0.5	9.745800
86.408333	0.5	9.732250
86.416667	0.5	9.712750
86.425000	0.5	9.689700
86.433333	0.5	9.667150
86.441667	0.5	9.647850
86.450000	0.5	9.620250
86.458333	0.5	9.602500
86.466667	0.5	9.583950
86.475000	0.5	9.571550
86.483333	0.5	9.546350
86.491667	0.5	9.547550
86.500000	0.5	9.520300
86.508333	0.5	9.496450
86.516667	0.5	9.481100
86.525000	0.5	9.472150
86.533333	0.5	9.449400
86.541667	0.5	9.439200
86.550000	0.5	9.434000
86.558333	0.5	9.426250
86.566667	0.5	9.412900
86.575000	0.5	9.417550
86.583333	0.5	9.410250
86.591667	0.5	9.409300
86.600000	0.5	9.409650
86.608333	0.5	9.407650
86.616667	0.5	9.419000
86.625000	0.5	9.409850
86.633333	0.5	9.416600
86.641667	0.5	9.416550
86.650000	0.5	9.420900
86.658333	0.5	9.433900
86.666667	0.5	9.438600
86.675000	0.5	9.458700
86.683333	0.5	9.466200
86.691667	0.5	9.487600
86.700000	0.5	9.517550
86.708333	0.5	9.533050
86.716667	0.5	9.552350
86.725000	0.5	9.568800
86.733333	0.5	9.593400
86.741667	0.5	9.611650
86.750000	0.5	9.653450
86.758333	0.5	9.689050
86.766667	0.5	9.714850
86.775000	0.5	9.762100
86.783333	0.5	9.795500
86.791667	0.5	9.839200
86.800000	0.5	9.885400
86.808333	0.5	9.937150
86.816667	0.5	9.970250
86.825000	0.5	10.017100
86.833333	0.5	10.068700
86.841667	0.5	10.133150
86.850000	0.5	10.176350
86.858333	0.5	10.237350
86.866667	0.5	10.280200
86.875000	0.5	10.343350
86.883333	0.5	10.391350
86.891667	0.5	10.455500
86.900000	0.5	10.503400
86.908333	0.5	10.557850
86.916667	0.5	10.603600
86.925000	0.5	10.645350
86.933333	0.5	10.690150
86.941667	0.5	10.741600
86.950000	0.5	10.777000
86.958333	0.5	10.830350
86.966667	0.5	10.860350
86.975000	0.5	10.898300
86.983333	0.5	10.935000
86.991667	0.5	10.968650
87.000000	0.5	10.993100
87.008333	0.5	11.023350
87.016667	0.5	11.027900
87.025000	0.5	11.048550
87.033333	0.5	11.055400
87.041667	0.5	11.078950
87.050000	0.5	11.067350
87.058333	0.5	11.085350
87.066667	0.5	11.084050
87.075000	0.5	11.078950
87.083333	0.5	11.085250
87.091667	0.5	11.088500
87.100000	0.5	11.070600
87.108333	0.5	11.061950
87.116667	0.5	11.056250
87.125000	0.5	11.049450
87.133333	0.5	11.037300
87.141667	0.5	11.010700
87.150000	0.5	11.006700
87.158333	0.5	10.980100
87.166667	0.5	10.977100
87.175000	0.5	10.953800
87.183333	0.5	10.938150
87.191667	0.5	10.938100
87.200000	0.5	10.921900
87.208333	0.5	10.896950
87.216667	0.5	10.892500
87.225000	0.5	10.870450
87.233333	0.5	10.844650
87.241667	0.5	10.861550
87.250000	0.5	10.833350
87.258333	0.5	10.823500
87.266667	0.5	10.811550
87.275000	0.5	10.799300
87.283333	0.5	10.793700
87.291667	0.5	10.796550
87.300000	0.5	10.773400
87.308333	0.5	10.744500
87.316667	0.5	10.740150
87.325000	0.5	10.729550
87.333333	0.5	10.718850
87.341667	0.5	10.702450
87.350000	0.5	10.692400
87.358333	0.5	10.669050
87.366667	0.5	10.643150
87.375000	0.5	10.627000
87.383333	0.5	10.612400
87.391667	0.5	10.600550
87.400000	0.5	10.585950
87.408333	0.5	10.547050
87.416667	0.5	10.529550
87.425000	0.5	10.506400
87.433333	0.5	10.490200
87.441667	0.5	10.480650
87.450000	0.5	10.456400
87.458333	0.5	10.414250
87.466667	0.5	10.393450
87.475000	0.5	10.375650
87.483333	0.5	10.349550
87.491667	0.5	10.335800
87.500000	0.5	10.303950
87.508333	0.5	10.281200
87.516667	0.5	10.266400
87.525000	0.5	10.243650
87.533333	0.5	10.211100
87.541667	0.5	10.182600
87.550000	0.5	10.175000
87.558333	0.5	10.150500
87.566667	0.5	10.138450
87.575000	0.5	10.104750
87.583333	0.5	10.100350
87.591667	0.5	10.060500
87.600000	0.5	10.057700
87.608333	0.5	10.036400
87.616667	0.5	10.008150
87.625000	0.5	10.004450
87.633333	0.5	9.988500
87.641667	0.5	9.991350
87.650000	0.5	9.956000
87.658333	0.5	9.953400
87.666667	0.5	9.947500
87.675000	0.5	9.945500
87.683333	0.5	9.921700
87.691667	0.5	9.917700
87.700000	0.5	9.921800
87.708333	0.5	9.918500
87.716667	0.5	9.920100
87.725000	0.5	9.901950
87.733333	0.5	9.918800
87.741667	0.5	9.915150
87.750000	0.5	9.917800
87.758333	0.5	9.945300
87.766667	0.5	9.949400
87.775000	0.5	9.949700
87.783333	0.5	9.967950
87.791667	0.5	9.992350
87.800000	0.5	10.000400
87.808333	0.5	10.014450
87.816667	0.5	10.039050
87.825000	0.5	10.055200
87.833333	0.5	10.069500
87.841667	0.5	10.088800
87.850000	0.5	10.101450
87.858333	0.5	10.137950
87.866667	0.5	10.154700
87.875000	0.5	10.157000
87.883333	0.5	10.184500
87.891667	0.5	10.198200
87.900000	0.5	10.206150
87.908333	0.5	10.228450
87.916667	0.5	10.242400
87.925000	0.5	10.246750
87.933333	0.5	10.247550
87.941667	0.5	10.261000
87.950000	0.5	10.266750
87.958333	0.5	10.267150
87.966667	0.5	10.268050
87.975000	0.5	10.272650
87.983333	0.5	10.256000
87.991667	0.5	10.250100
88.000000	0.5	10.241200
88.008333	0.5	10.233550
88.016667	0.5	10.208700
88.025000	0.5	10.190500
88.033333	0.5	10.173650
88.041667	0.5	10.162050
88.050000	0.5	10.135250
88.058333	0.5	10.115300
88.066667	0.5	10.092000
88.075000	0.5	10.087500
88.083333	0.5	10.042350
88.091667	0.5	10.013800
88.100000	0.5	9.991000
88.108333	0.5	9.969000
88.116667	0.5	9.940650
88.125000	0.5	9.921000
88.133333	0.5	9.884350
88.141667	0.5	9.875250
88.150000	0.5	9.848250
88.158333	0.5	9.810100
88.166667	0.5	9.803500
88.175000	0.5	9.781150
88.183333	0.5	9.767300
88.191667	0.5	9.743350
88.200000	0.5	9.726850
88.208333	0.5	9.705850
88.216667	0.5	9.706300
88.225000	0.5	9.680600
88.233333	0.5	9.671550
88.241667	0.5	9.660300
88.250000	0.5	9.641250
88.258333	0.5	9.637250
88.266667	0.5	9.618750
88.275000	0.5	9.606500
88.283333	0.5	9.605100
88.291667	0.5	9.594850
88.300000	0.5	9.589100
88.308333	0.5	9.584100
88.316667	0.5	9.573550
88.325000	0.5	9.564750
88.333333	0.5	9.559250
88.341667	0.5	9.555550
88.350000	0.5	9.541400
88.358333	0.5	9.522450
88.366667	0.5	9.522750
88.375000	0.5	9.504050
88.383333	0.5	9.519800
88.391667	0.5	9.500700
88.400000	0.5	9.488500
88.408333	0.5	9.475550
88.416667	0.5	9.465100
88.425000	0.5	9.472000
88.433333	0.5	9.446150
88.441667	0.5	9.440000
88.450000	0.5	9.431950
88.458333	0.5	9.416500
88.466667	0.5	9.405600
88.475000	0.5	9.394150
88.483333	0.5	9.388700
88.491667	0.5	9.374300
88.500000	0.5	9.362350
88.508333	0.5	9.355050
88.516667	0.5	9.357100
88.525000	0.5	9.343950
88.533333	0.5	9.333900
88.541667	0.5	9.333100
88.550000	0.5	9.340450
88.558333	0.5	9.329200
88.566667	0.5	9.313850
88.575000	0.5	9.309000
88.583333	0.5	9.316000
88.591667	0.5	9.332400
88.600000	0.5	9.310450
88.608333	0.5	9.313850
88.616667	0.5	9.317850
88.625000	0.5	9.330400
88.633333	0.5	9.330250
88.641667	0.5	9.345150
88.650000	0.5	9.348050
88.658333	0.5	9.356350
88.666667	0.5	9.365350
88.675000	0.5	9.384350
88.683333	0.5	9.389650
88.691667	0.5	9.410000
88.700000	0.5	9.426200
88.708333	0.5	9.444850
88.716667	0.5	9.475150
88.725000	0.5	9.501150
88.733333	0.5	9.523100
88.741667	0.5	9.552900
88.750000	0.5	9.581750
88.758333	0.5	9.608900
88.766667	0.5	9.636300
88.775000	0.5	9.654600
88.783333	0.5	9.689800
88.791667	0.5	9.718750
88.800000	0.5	9.751550
88.808333	0.5	9.778800
88.816667	0.5	9.825750
88.825000	0.5	9.842950
88.833333	0.5	9.873300
88.841667	0.5	9.895000
88.850000	0.5	9.923300
88.858333	0.5	9.948450
88.866667	0.5	9.972800
88.875000	0.5	9.993300
88.883333	0.5	10.014950
88.891667	0.5	10.025250
88.900000	0.5	10.036850
88.908333	0.5	10.059600
88.916667	0.5	10.077050
88.925000	0.5	10.078250
88.933333	0.5	10.079800
88.941667	0.5	10.091750
88.950000	0.5	10.080400
88.958333	0.5	10.078300
88.966667	0.5	10.075300
88.975000	0.5	10.076500
88.983333	0.5	10.070700
88.991667	0.5	10.050150
89.000000	0.5	10.048150
89.008333	0.5	10.034550
89.016667	0.5	10.025650
89.025000	0.5	9.999900
89.033333	0.5	9.988800
89.041667	0.5	9.974000
89.050000	0.5	9.970950
89.058333	0.5	9.941250
89.066667	0.5	9.927050
89.075000	0.5	9.898300
89.083333	0.5	9.891000
89.091667	0.5	9.880650
89.100000	0.5	9.877900
89.108333	0.5	9.860650
89.116667	0.5	9.836550
89.125000	0.5	9.832300
89.133333	0.5	9.818400
89.141667	0.5	9.816650
89.150000	0.5	9.801250
89.158333	0.5	9.806350
89.166667	0.5	9.794750
89.175000	0.5	9.807850
89.183333	0.5	9.804000
89.191667	0.5	9.794900
89.200000	0.5	9.802300
89.208333	0.5	9.805050
89.216667	0.5	9.814550
89.225000	0.5	9.819800
89.233333	0.5	9.826950
89.241667	0.5	9.834450
89.250000	0.5	9.840300
89.258333	0.5	9.846900
89.266667	0.5	9.860200
89.275000	0.5	9.878900
89.283333	0.5	9.904550
89.291667	0.5	9.906600
89.300000	0.5	9.916100
89.308333	0.5	9.937400
89.316667	0.5	9.963150
89.325000	0.5	9.966050
89.333333	0.5	9.986100
89.341667	0.5	9.997850
89.350000	0.5	10.002450
89.358333	0.5	10.017200
89.366667	0.5	10.034050
89.375000	0.5	10.043900
89.383333	0.5	10.054800
89.391667	0.5	10.071150
89.400000	0.5	10.100750
89.408333	0.5	10.108300
89.416667	0.5	10.099400
89.425000	0.5	10.127850
89.433333	0.5	10.140850
89.441667	0.5	10.155650
89.450000	0.5	10.177850
89.458333	0.5	10.178800
89.466667	0.5	10.197900
89.475000	0.5	10.214700
89.483333	0.5	10.220650
89.491667	0.5	10.235900
89.500000	0.5	10.242550
89.508333	0.5	10.253200
89.516667	0.5	10.266300
89.525000	0.5	10.279350
89.533333	0.5	10.297500
89.541667	0.5	10.304550
89.550000	0.5	10.321050
89.558333	0.5	10.339550
89.566667	0.5	10.348150
89.575000	0.5	10.376300
89.583333	0.5	10.397950
89.591667	0.5	10.398400
89.600000	0.5	10.404950
89.608333	0.5	10.415000
89.616667	0.5	10.435850
89.625000	0.5	10.464050
89.633333	0.5	10.479700
89.641667	0.5	10.502050
89.650000	0.5	10.520700
89.658333	0.5	10.542500
89.666667	0.5	10.543050
89.675000	0.5	10.583600
89.683333	0.5	10.590400
89.691667	0.5	10.609000
89.700000	0.5	10.631500
89.708333	0.5	10.647150
89.716667	0.5	10.664950
89.725000	0.5	10.675600
89.733333	0.5	10.698150
89.741667	0.5	10.707900
89.750000	0.5	10.726650
89.758333	0.5	10.731950
89.766667	0.5	10.736750
89.775000	0.5	10.765700
89.783333	0.5	10.773850
89.791667	0.5	10.788950
89.800000	0.5	10.786500
89.808333	0.5	10.801800
89.816667	0.5	10.788950
89.825000	0.5	10.806950
89.833333	0.5	10.799200
89.841667	0.5	10.779000
89.850000	0.5	10.775000
89.858333	0.5	10.776800
89.866667	0.5	10.773900
89.875000	0.5	10.766900
89.883333	0.5	10.740900
89.891667	0.5	10.710100
89.900000	0.5	10.694450
89.908333	0.5	10.662200
89.916667	0.5	10.639350
89.925000	0.5	10.611150
89.933333	0.5	10.576450
89.941667	0.5	10.568450
89.950000	0.5	10.519200
89.958333	0.5	10.489600
89.966667	0.5	10.462900
89.975000	0.5	10.424400
89.983333	0.5	10.397050
89.991667	0.5	10.352000
90.000000	0.5	10.314450
90.008333	0.5	10.277700
90.016667	0.5	10.249050
90.025000	0.5	10.210700
90.033333	0.5	10.176600
90.041667	0.5	10.145150
90.050000	0.5	10.108350
90.058333	0.5	10.068750
90.066667	0.5	10.046150
90.075000	0.5	10.004300
90.083333	0.5	9.975200
90.091667	0.5	9.948100
90.100000	0.5	9.918550
90.108333	0.5	9.906850
90.116667	0.5	9.867550
90.125000	0.5	9.858550
90.133333	0.5	9.817550
90.141667	0.5	9.797050
90.150000	0.5	9.782300
90.158333	0.5	9.774800
90.166667	0.5	9.744350
90.175000	0.5	9.738350
90.183333	0.5	9.704300
90.191667	0.5	9.688000
90.200000	0.5	9.680150
90.208333	0.5	9.665550
90.216667	0.5	9.635050
90.225000	0.5	9.628500
90.233333	0.5	9.610850
90.241667	0.5	9.595400
90.250000	0.5	9.580950
90.258333	0.5	9.566650
90.266667	0.5	9.548350
90.275000	0.5	9.527100
90.283333	0.5	9.514200
90.291667	0.5	9.500400
90.300000	0.5	9.475850
90.308333	0.5	9.473450
90.316667	0.5	9.445000
90.325000	0.5	9.426750
90.333333	0.5	9.414400
90.341667	0.5	9.397200
90.350000	0.5	9.391050
90.358333	0.5	9.362500
90.366667	0.5	9.349100
90.375000	0.5	9.333800
90.383333	0.5	9.315700
90.391667	0.5	9.308700
90.400000	0.5	9.284100
90.408333	0.5	9.259500
90.416667	0.5	9.249550
90.425000	0.5	9.243050
90.433333	0.5	9.229650
90.441667	0.5	9.219800
90.450000	0.5	9.202550
90.458333	0.5	9.197600
90.466667	0.5	9.188700
90.475000	0.5	9.166150
90.483333	0.5	9.166900
90.491667	0.5	9.158200
90.500000	0.5	9.145000
90.508333	0.5	9.138950
90.516667	0.5	9.127100
90.525000	0.5	9.126250
90.533333	0.5	9.123600
90.541667	0.5	9.123400
90.550000	0.5	9.108150
90.558333	0.5	9.100950
90.566667	0.5	9.109650
90.575000	0.5	9.103150
90.583333	0.5	9.092550
90.591667	0.5	9.093300
90.600000	0.5	9.087200
90.608333	0.5	9.073350
90.616667	0.5	9.083200
90.625000	0.5	9.079200
90.633333	0.5	9.069850
90.641667	0.5	9.066800
90.650000	0.5	9.050400
90.658333	0.5	9.032250
90.666667	0.5	9.035900
90.675000	0.5	9.013550
90.683333	0.5	8.983050
90.691667	0.5	8.964600
90.700000	0.5	8.959950
90.708333	0.5	8.927050
90.716667	0.5	8.908950
90.725000	0.5	8.888200
90.733333	0.5	8.861950
90.741667	0.5	8.821500
90.750000	0.5	8.792700
90.758333	0.5	8.768550
90.766667	0.5	8.740400
90.775000	0.5	8.696050
90.783333	0.5	8.664950
90.791667	0.5	8.622050
90.800000	0.5	8.594950
90.808333	0.5	8.559500
90.816667	0.5	8.519850
90.825000	0.5	8.494100
90.833333	0.5	8.455400
90.841667	0.5	8.425850
90.850000	0.5	8.376850
90.858333	0.5	8.337350
90.866667	0.5	8.315600
90.875000	0.5	8.285850
90.883333	0.5	8.248200
90.891667	0.5	8.216400
90.900000	0.5	8.184250
90.908333	0.5	8.170400
90.916667	0.5	8.137900
90.925000	0.5	8.120100
90.933333	0.5	8.088050
90.941667	0.5	8.067150
90.950000	0.5	8.040400
90.958333	0.5	8.021750
90.966667	0.5	8.016650
90.975000	0.5	8.000100
90.983333	0.5	7.972300
90.991667	0.5	7.964950
91.000000	0.5	7.950900
91.008333	0.5	7.949250
91.016667	0.5	7.951800
91.025000	0.5	7.934150
91.033333	0.5	7.933550
91.041667	0.5	7.934550
91.050000	0.5	7.931850
91.058333	0.5	7.925150
91.066667	0.5	7.936450
91.075000	0.5	7.927650
91.083333	0.5	7.947950
91.091667	0.5	7.950050
91.100000	0.5	7.952700
91.108333	0.5	7.940600
91.116667	0.5	7.959050
91.125000	0.5	7.968750
91.133333	0.5	7.979900
91.141667	0.5	7.978150
91.150000	0.5	7.983250
91.158333	0.5	7.998200
91.166667	0.5	8.009250
91.175000	0.5	8.020500
91.183333	0.5	8.035050
91.191667	0.5	8.052050
91.200000	0.5	8.073000
91.208333	0.5	8.089150
91.216667	0.5	8.104900
91.225000	0.5	8.107900
91.233333	0.5	8.130800
91.241667	0.5	8.143900
91.250000	0.5	8.150200
91.258333	0.5	8.174650
91.266667	0.5	8.200900
91.275000	0.5	8.220800
91.283333	0.5	8.244000
91.291667	0.5	8.251750
91.300000	0.5	8.282000
91.308333	0.5	8.310450
91.316667	0.5	8.322800
91.325000	0.5	8.347050
91.333333	0.5	8.373000
91.341667	0.5	8.407250
91.350000	0.5	8.428800
91.358333	0.5	8.467600
91.366667	0.5	8.500750
91.375000	0.5	8.530600
91.383333	0.5	8.561950
91.391667	0.5	8.591150
91.400000	0.5	8.644750
91.408333	0.5	8.677100
91.416667	0.5	8.713250
91.425000	0.5	8.757350
91.433333	0.5	8.804950
91.441667	0.5	8.845200
91.450000	0.5	8.882450
91.458333	0.5	8.931350
91.466667	0.5	8.985950
91.475000	0.5	9.031350
91.483333	0.5	9.076350
91.491667	0.5	9.124200
91.500000	0.5	9.166400
91.508333	0.5	9.212950
91.516667	0.5	9.258300
91.525000	0.5	9.305650
91.533333	0.5	9.348250
91.541667	0.5	9.396750
91.550000	0.5	9.434650
91.558333	0.5	9.481000
91.566667	0.5	9.518500
91.575000	0.5	9.552700
91.583333	0.5	9.590250
91.591667	0.5	9.602650
91.600000	0.5	9.652650
91.608333	0.5	9.665950
91.616667	0.5	9.700500
91.625000	0.5	9.716700
91.633333	0.5	9.740800
91.641667	0.5	9.764650
91.650000	0.5	9.781100
91.658333	0.5	9.806800
91.666667	0.5	9.811100
91.675000	0.5	9.822750
91.683333	0.5	9.841350
91.691667	0.5	9.849300
91.700000	0.5	9.852000
91.708333	0.5	9.872900
91.716667	0.5	9.877000
91.725000	0.5	9.881050
91.733333	0.5	9.893250
91.741667	0.5	9.905100
91.750000	0.5	9.917500
91.758333	0.5	9.917450
91.766667	0.5	9.918300
91.775000	0.5	9.925650
91.783333	0.5	9.939000
91.791667	0.5	9.938350
91.800000	0.5	9.942100
91.808333	0.5	9.947800
91.816667	0.5	9.954750
91.825000	0.5	9.968750
91.833333	0.5	9.980400
91.841667	0.5	9.991800
91.850000	0.5	10.009150
91.858333	0.5	10.028800
91.866667	0.5	10.034700
91.875000	0.5	10.055500
91.883333	0.5	10.062950
91.891667	0.5	10.089050
91.900000	0.5	10.109050
91.908333	0.5	10.118050
91.916667	0.5	10.130600
91.925000	0.5	10.149850
91.933333	0.5	10.173350
91.941667	0.5	10.192650
91.950000	0.5	10.225300
91.958333	0.5	10.237700
91.966667	0.5	10.261350
91.975000	0.5	10.280400
91.983333	0.5	10.296750
91.991667	0.5	10.323850
92.000000	0.5	10.354400
92.008333	0.5	10.373050
92.016667	0.5	10.400150
92.025000	0.5	10.413750
92.033333	0.5	10.423700
92.041667	0.5	10.452150
92.050000	0.5	10.483200
92.058333	0.5	10.494200
92.066667	0.5	10.515500
92.075000	0.5	10.529150
92.083333	0.5	10.538750
92.091667	0.5	10.561700
92.100000	0.5	10.574850
92.108333	0.5	10.601750
92.116667	0.5	10.621500
92.125000	0.5	10.628150
92.133333	0.5	10.656800
92.141667	0.5	10.663600
92.150000	0.5	10.672850
92.158333	0.5	10.684750
92.166667	0.5	10.710500
92.175000	0.5	10.734350
92.183333	0.5	10.732800
92.191667	0.5	10.743900
92.200000	0.5	10.759100
92.208333	0.5	10.781000
92.216667	0.5	10.808950
92.225000	0.5	10.807850
92.233333	0.5	10.826150
92.241667	0.5	10.845950
92.250000	0.5	10.854250
92.258333	0.5	10.876950
92.266667	0.5	10.894500
92.275000	0.5	10.900350
92.283333	0.5	10.925150
92.291667	0.5	10.939850
92.300000	0.5	10.963050
92.308333	0.5	10.973950
92.316667	0.5	10.988850
92.325000	0.5	11.012400
92.333333	0.5	11.022400
92.341667	0.5	11.039300
92.350000	0.5	11.053150
92.358333	0.5	11.065050
92.366667	0.5	11.089100
92.375000	0.5	11.084250
92.383333	0.5	11.097500
92.391667	0.5	11.108300
92.400000	0.5	11.111650
92.408333	0.5	11.125800
92.416667	0.5	11.138050
92.425000	0.5	11.145750
92.433333	0.5	11.138500
92.441667	0.5	11.139150
92.450000	0.5	11.148950
92.458333	0.5	11.142400
92.466667	0.5	11.139400
92.475000	0.5	11.133650
92.483333	0.5	11.131100
92.491667	0.5	11.116950
92.500000	0.5	11.105300
92.508333	0.5	11.101700
92.516667	0.5	11.087300
92.525000	0.5	11.064200
92.533333	0.5	11.044300
92.541667	0.5	11.045950
92.550000	0.5	11.022100
92.558333	0.5	11.002150
92.566667	0.5	10.969850
92.575000	0.5	10.957200
92.583333	0.5	10.933050
92.591667	0.5	10.921050
92.600000	0.5	10.891100
92.608333	0.5	10.871550
92.616667	0.5	10.846800
92.625000	0.5	10.814100
92.633333	0.5	10.794350
92.641667	0.5	10.773750
92.650000	0.5	10.749800
92.658333	0.5	10.720350
92.666667	0.5	10.692700
92.675000	0.5	10.675150
92.683333	0.5	10.656150
92.691667	0.5	10.629900
92.700000	0.5	10.613250
92.708333	0.5	10.604750
92.716667	0.5	10.563100
92.725000	0.5	10.552850
92.733333	0.5	10.527650
92.741667	0.5	10.515500
92.750000	0.5	10.486700
92.758333	0.5	10.470050
92.766667	0.5	10.471800
92.775000	0.5	10.439600
92.783333	0.5	10.437450
92.791667	0.5	10.422950
92.800000	0.5	10.404250
92.808333	0.5	10.390200
92.816667	0.5	10.376850
92.825000	0.5	10.370800
92.833333	0.5	10.361400
92.841667	0.5	10.361050
92.850000	0.5	10.356000
92.858333	0.5	10.342100
92.866667	0.5	10.333450
92.875000	0.5	10.331200
92.883333	0.5	10.327550
92.891667	0.5	10.322500
92.900000	0.5	10.321500
92.908333	0.5	10.313350
92.916667	0.5	10.317200
92.925000	0.5	10.323800
92.933333	0.5	10.327150
92.941667	0.5	10.327600
92.950000	0.5	10.332850
92.958333	0.5	10.332900
92.966667	0.5	10.331050
92.975000	0.5	10.341000
92.983333	0.5	10.347400
92.991667	0.5	10.342250
93.000000	0.5	10.349050
93.008333	0.5	10.366100
93.016667	0.5	10.369450
93.025000	0.5	10.383600
93.033333	0.5	10.395650
93.041667	0.5	10.392200
93.050000	0.5	10.419100
93.058333	0.5	10.426050
93.066667	0.5	10.437700
93.075000	0.5	10.452650
93.083333	0.5	10.470600
93.091667	0.5	10.487750
93.100000	0.5	10.498300
93.108333	0.5	10.511600
93.116667	0.5	10.528200
93.125000	0.5	10.552550
93.133333	0.5	10.556450
93.141667	0.5	10.586300
93.150000	0.5	10.591750
93.158333	0.5	10.599350
93.166667	0.5	10.613250
93.175000	0.5	10.618450
93.183333	0.5	10.640150
93.191667	0.5	10.652150
93.200000	0.5	10.647650
93.208333	0.5	10.669450
93.216667	0.5	10.660450
93.225000	0.5	10.678950
93.233333	0.5	10.685950
93.241667	0.5	10.681000
93.250000	0.5	10.682850
93.258333	0.5	10.679800
93.266667	0.5	10.663600
93.275000	0.5	10.668250
93.283333	0.5	10.650750
93.291667	0.5	10.634850
93.300000	0.5	10.627750
93.308333	0.5	10.616850
93.316667	0.5	10.599950
93.325000	0.5	10.584800
93.333333	0.5	10.566200
93.341667	0.5	10.542400
93.350000	0.5	10.517650
93.358333	0.5	10.491150
93.366667	0.5	10.458400
93.375000	0.5	10.451350
93.383333	0.5	10.411850
93.391667	0.5	10.382100
93.400000	0.5	10.351200
93.408333	0.5	10.338600
93.416667	0.5	10.308300
93.425000	0.5	10.270000
93.433333	0.5	10.244250
93.441667	0.5	10.214400
93.450000	0.5	10.184100
93.458333	0.5	10.161950
93.466667	0.5	10.142800
93.475000	0.5	10.100450
93.483333	0.5	10.082950
93.491667	0.5	10.049100
93.500000	0.5	10.031750
93.508333	0.5	10.005800
93.516667	0.5	9.980250
93.525000	0.5	9.954700
93.533333	0.5	9.938100
93.541667	0.5	9.906000
93.550000	0.5	9.892250
93.558333	0.5	9.867650
93.566667	0.5	9.837600
93.575000	0.5	9.832250
93.583333	0.5	9.803000
93.591667	0.5	9.782050
93.600000	0.5	9.769250
93.608333	0.5	9.757400
93.616667	0.5	9.740300
93.625000	0.5	9.723750
93.633333	0.5	9.699950
93.641667	0.5	9.698150
93.650000	0.5	9.684150
93.658333	0.5	9.684650
93.666667	0.5	9.661950
93.675000	0.5	9.658900
93.683333	0.5	9.644850
93.691667	0.5	9.636500
93.700000	0.5	9.642700
93.708333	0.5	9.642100
93.716667	0.5	9.633750
93.725000	0.5	9.629850
93.733333	0.5	9.623100
93.741667	0.5	9.624650
93.750000	0.5	9.620150
93.758333	0.5	9.628800
93.766667	0.5	9.633350
93.775000	0.5	9.641050
93.783333	0.5	9.641300
93.791667	0.5	9.649800
93.800000	0.5	9.662450
93.808333	0.5	9.669850
93.816667	0.5	9.686150
93.825000	0.5	9.704400
93.833333	0.5	9.709750
93.841667	0.5	9.729200
93.850000	0.5	9.740300
93.858333	0.5	9.745100
93.866667	0.5	9.780500
93.875000	0.5	9.808800
93.883333	0.5	9.831600
93.891667	0.5	9.847750
93.900000	0.5	9.873800
93.908333	0.5	9.894350
93.916667	0.5	9.920750
93.925000	0.5	9.962200
93.933333	0.5	9.985750
93.941667	0.5	10.021600
93.950000	0.5	10.051300
93.958333	0.5	10.076250
93.966667	0.5	10.099200
93.975000	0.5	10.136050
93.983333	0.5	10.167800
93.991667	0.5	10.195400
94.000000	0.5	10.233600
94.008333	0.5	10.243450
94.016667	0.5	10.279150
94.025000	0.5	10.305100
94.033333	0.5	10.338300
94.041667	0.5	10.357150
94.050000	0.5	10.382500
94.058333	0.5	10.391450
94.066667	0.5	10.418950
94.075000	0.5	10.446850
94.083333	0.5	10.460050
94.091667	0.5	10.474700
94.100000	0.5	10.482200
94.108333	0.5	10.510300
94.116667	0.5	10.522400
94.125000	0.5	10.529150
94.133333	0.5	10.551400
94.141667	0.5	10.553900
94.150000	0.5	10.562000
94.158333	0.5	10.558350
94.166667	0.5	10.574750
94.175000	0.5	10.583700
94.183333	0.5	10.584650
94.191667	0.5	10.576300
94.200000	0.5	10.591700
94.208333	0.5	10.585750
94.216667	0.5	10.589850
94.225000	0.5	10.610000
94.233333	0.5	10.592500
94.241667	0.5	10.582600
94.250000	0.5	10.569950
94.258333	0.5	10.571100
94.266667	0.5	10.575550
94.275000	0.5	10.569850
94.283333	0.5	10.560800
94.291667	0.5	10.558250
94.300000	0.5	10.553550
94.308333	0.5	10.544900
94.316667	0.5	10.552850
94.325000	0.5	10.526900
94.333333	0.5	10.527250
94.341667	0.5	10.526050
94.350000	0.5	10.506550
94.358333	0.5	10.513400
94.366667	0.5	10.511700
94.375000	0.5	10.502450
94.383333	0.5	10.484400
94.391667	0.5	10.489400
94.400000	0.5	10.475100
94.408333	0.5	10.464650
94.416667	0.5	10.475650
94.425000	0.5	10.452900
94.433333	0.5	10.452300
94.441667	0.5	10.449000
94.450000	0.5	10.428250
94.458333	0.5	10.433850
94.466667	0.5	10.433800
94.475000	0.5	10.434100
94.483333	0.5	10.432400
94.491667	0.5	10.419050
94.500000	0.5	10.415750
94.508333	0.5	10.419650
94.516667	0.5	10.395000
94.525000	0.5	10.408300
94.533333	0.5	10.410100
94.541667	0.5	10.379200
94.550000	0.5	10.396650
94.558333	0.5	10.389650
94.566667	0.5	10.393650
94.575000	0.5	10.381150
94.583333	0.5	10.373900
94.591667	0.5	10.371100
94.600000	0.5	10.366400
94.608333	0.5	10.359000
94.616667	0.5	10.369400
94.625000	0.5	10.368300
94.633333	0.5	10.363950
94.641667	0.5	10.369400
94.650000	0.5	10.364900
94.658333	0.5	10.365600
94.666667	0.5	10.373500
94.675000	0.5	10.367450
94.683333	0.5	10.364950
94.691667	0.5	10.373400
94.700000	0.5	10.380650
94.708333	0.5	10.366950
94.716667	0.5	10.387000
94.725000	0.5	10.391500
94.733333	0.5	10.382200
94.741667	0.5	10.394200
94.750000	0.5	10.392650
94.758333	0.5	10.400450
94.766667	0.5	10.403950
94.775000	0.5	10.391900
94.783333	0.5	10.398300
94.791667	0.5	10.406500
94.800000	0.5	10.414000
94.808333	0.5	10.407800
94.816667	0.5	10.406550
94.825000	0.5	10.395950
94.833333	0.5	10.393800
94.841667	0.5	10.399000
94.850000	0.5	10.393450
94.858333	0.5	10.399800
94.866667	0.5	10.398900
94.875000	0.5	10.386950
94.883333	0.5	10.398150
94.891667	0.5	10.397150
94.900000	0.5	10.402850
94.908333	0.5	10.406000
94.916667	0.5	10.413900
94.925000	0.5	10.406300
94.933333	0.5	10.417500
94.941667	0.5	10.427800
94.950000	0.5	10.431750
94.958333	0.5	10.434300
94.966667	0.5	10.448500
94.975000	0.5	10.460750
94.983333	0.5	10.476800
94.991667	0.5	10.483450
95.000000	0.5	10.494650
95.008333	0.5	10.514300
95.016667	0.5	10.539950
95.025000	0.5	10.543750
95.033333	0.5	10.577100
95.041667	0.5	10.584250
95.050000	0.5	10.604200
95.058333	0.5	10.645900
95.066667	0.5	10.668100
95.075000	0.5	10.689000
95.083333	0.5	10.718450
95.091667	0.5	10.744400
95.100000	0.5	10.765600
95.108333	0.5	10.798700
95.116667	0.5	10.821000
95.125000	0.5	10.851800
95.133333	0.5	10.890000
95.141667	0.5	10.925750
95.150000	0.5	10.951250
95.158333	0.5	10.990150
95.166667	0.5	11.018800
95.175000	0.5	11.061800
95.183333	0.5	11.082600
95.191667	0.5	11.115700
95.200000	0.5	11.150450
95.208333	0.5	11.172650
95.216667	0.5	11.206750
95.225000	0.5	11.245800
95.233333	0.5	11.280950
95.241667	0.5	11.318000
95.250000	0.5	11.346300
95.258333	0.5	11.374150
95.266667	0.5	11.409700
95.275000	0.5	11.432550
95.283333	0.5	11.452400
95.291667	0.5	11.504050
95.300000	0.5	11.517300
95.308333	0.5	11.546700
95.316667	0.5	11.576650
95.325000	0.5	11.596350
95.333333	0.5	11.633300
95.341667	0.5	11.657700
95.350000	0.5	11.684250
95.358333	0.5	11.704300
95.366667	0.5	11.718950
95.375000	0.5	11.736350
95.383333	0.5	11.765200
95.391667	0.5	11.764950
95.400000	0.5	11.783950
95.408333	0.5	11.804900
95.416667	0.5	11.817800
95.425000	0.5	11.836650
95.433333	0.5	11.835800
95.441667	0.5	11.856250
95.450000	0.5	11.858500
95.458333	0.5	11.865500
95.466667	0.5	11.872050
95.475000	0.5	11.866650
95.483333	0.5	11.875050
95.491667	0.5	11.877100
95.500000	0.5	11.868500
95.508333	0.5	11.880600
95.516667	0.5	11.870050
95.525000	0.5	11.868350
95.533333	0.5	11.856950
95.541667	0.5	11.859850
95.550000	0.5	11.866400
95.558333	0.5	11.839750
95.566667	0.5	11.828100
95.575000	0.5	11.818300
95.583333	0.5	11.806550
95.591667	0.5	11.801750
95.600000	0.5	11.771500
95.608333	0.5	11.758300
95.616667	0.5	11.749350
95.625000	0.5	11.715450
95.633333	0.5	11.703350
95.641667	0.5	11.695250
95.650000	0.5	11.660900
95.658333	0.5	11.638200
95.666667	0.5	11.610750
95.675000	0.5	11.587600
95.683333	0.5	11.566650
95.691667	0.5	11.541750
95.700000	0.5	11.516550
95.708333	0.5	11.502100
95.716667	0.5	11.475800
95.725000	0.5	11.450400
95.733333	0.5	11.427300
95.741667	0.5	11.412950
95.750000	0.5	11.388700
95.758333	0.5	11.366850
95.766667	0.5	11.343750
95.775000	0.5	11.328800
95.783333	0.5	11.299200
95.791667	0.5	11.282850
95.800000	0.5	11.269950
95.808333	0.5	11.250300
95.816667	0.5	11.234600
95.825000	0.5	11.213050
95.833333	0.5	11.195700
95.841667	0.5	11.186250
95.850000	0.5	11.168050
95.858333	0.5	11.152250
95.866667	0.5	11.139150
95.875000	0.5	11.128600
95.883333	0.5	11.118300
95.891667	0.5	11.102150
95.900000	0.5	11.096950
95.908333	0.5	11.100450
95.916667	0.5	11.087850
95.925000	0.5	11.070050
95.933333	0.5	11.061600
95.941667	0.5	11.068250
95.950000	0.5	11.059300
95.958333	0.5	11.048350
95.966667	0.5	11.053050
95.975000	0.5	11.043900
95.983333	0.5	11.037250
95.991667	0.5	11.035100
96.000000	0.5	11.031250
96.008333	0.5	11.025600
96.016667	0.5	11.023750
96.025000	0.5	11.030750
96.033333	0.5	11.017100
96.041667	0.5	11.034600
96.050000	0.5	11.024700
96.058333	0.5	11.023250
96.066667	0.5	11.037550
96.075000	0.5	11.030100
96.083333	0.5	11.041750
96.091667	0.5	11.047100
96.100000	0.5	11.043500
96.108333	0.5	11.032200
96.116667	0.5	11.046900
96.125000	0.5	11.055900
96.133333	0.5	11.050850
96.141667	0.5	11.052750
96.150000	0.5	11.057350
96.158333	0.5	11.061600
96.166667	0.5	11.061050
96.175000	0.5	11.061750
96.183333	0.5	11.073050
96.191667	0.5	11.078350
96.200000	0.5	11.078500
96.208333	0.5	11.086400
96.216667	0.5	11.078000
96.225000	0.5	11.084850
96.233333	0.5	11.096950
96.241667	0.5	11.093200
96.250000	0.5	11.098000
96.258333	0.5	11.095800
96.266667	0.5	11.092750
96.275000	0.5	11.097600
96.283333	0.5	11.113850
96.291667	0.5	11.107300
96.300000	0.5	11.108550
96.308333	0.5	11.126150
96.316667	0.5	11.110550
96.325000	0.5	11.117400
96.333333	0.5	11.104900
96.341667	0.5	11.116150
96.350000	0.5	11.118800
96.358333	0.5	11.111300
96.366667	0.5	11.111250
96.375000	0.5	11.113700
96.383333	0.5	11.109050
96.391667	0.5	11.120450
96.400000	0.5	11.116950
96.408333	0.5	11.106450
96.416667	0.5	11.101750
96.425000	0.5	11.100550
96.433333	0.5	11.098100
96.441667	0.5	11.102850
96.450000	0.5	11.095900
96.458333	0.5	11.103800
96.466667	0.5	11.109450
96.475000	0.5	11.092000
96.483333	0.5	11.102400
96.491667	0.5	11.100750
96.500000	0.5	11.087700
96.508333	0.5	11.090150
96.516667	0.5	11.085050
96.525000	0.5	11.089400
96.533333	0.5	11.091350
96.541667	0.5	11.092550
96.550000	0.5	11.094450
96.558333	0.5	11.089450
96.566667	0.5	11.104500
96.575000	0.5	11.102250
96.583333	0.5	11.111950
96.591667	0.5	11.113500
96.600000	0.5	11.115300
96.608333	0.5	11.119850
96.616667	0.5	11.120300
96.625000	0.5	11.124900
96.633333	0.5	11.122400
96.641667	0.5	11.113800
96.650000	0.5	11.132850
96.658333	0.5	11.125250
96.666667	0.5	11.120100
96.675000	0.5	11.121850
96.683333	0.5	11.127300
96.691667	0.5	11.123450
96.700000	0.5	11.122400
96.708333	0.5	11.125850
96.716667	0.5	11.121650
96.725000	0.5	11.128400
96.733333	0.5	11.134250
96.741667	0.5	11.120600
96.750000	0.5	11.125600
96.758333	0.5	11.131550
96.766667	0.5	11.123050
96.775000	0.5	11.128100
96.783333	0.5	11.138150
96.791667	0.5	11.128600
96.800000	0.5	11.128700
96.808333	0.5	11.114550
96.816667	0.5	11.114400
96.825000	0.5	11.122000
96.833333	0.5	11.103250
96.841667	0.5	11.095300
96.850000	0.5	11.105550
96.858333	0.5	11.101900
96.866667	0.5	11.102400
96.875000	0.5	11.084550
96.883333	0.5	11.078400
96.891667	0.5	11.071050
96.900000	0.5	11.079450
96.908333	0.5	11.067500
96.916667	0.5	11.056950
96.925000	0.5	11.048600
96.933333	0.5	11.042950
96.941667	0.5	11.026450
96.950000	0.5	11.024250
96.958333	0.5	11.011500
96.966667	0.5	11.002250
96.975000	0.5	10.983250
96.983333	0.5	10.973550
96.991667	0.5	10.969000
97.000000	0.5	10.949050
97.008333	0.5	10.936450
97.016667	0.5	10.920450
97.025000	0.5	10.903950
97.033333	0.5	10.887400
97.041667	0.5	10.879200
97.050000	0.5	10.864100
97.058333	0.5	10.842000
97.066667	0.5	10.829450
97.075000	0.5	10.807250
97.083333	0.5	10.783050
97.091667	0.5	10.764100
97.100000	0.5	10.747850
97.108333	0.5	10.732000
97.116667	0.5	10.702150
97.125000	0.5	10.679100
97.133333	0.5	10.665500
97.141667	0.5	10.645550
97.150000	0.5	10.614100
97.158333	0.5	10.601200
97.166667	0.5	10.584100
97.175000	0.5	10.550650
97.183333	0.5	10.534300
97.191667	0.5	10.520350
97.200000	0.5	10.494650
97.208333	0.5	10.475500
97.216667	0.5	10.459550
97.225000	0.5	10.431400
97.233333	0.5	10.416450
97.241667	0.5	10.404450
97.250000	0.5	10.389950
97.258333	0.5	10.359050
97.266667	0.5	10.343050
97.275000	0.5	10.323400
97.283333	0.5	10.321900
97.291667	0.5	10.302850
97.300000	0.5	10.269150
97.308333	0.5	10.250400
97.316667	0.5	10.229350
97.325000	0.5	10.221800
97.333333	0.5	10.209550
97.341667	0.5	10.191150
97.350000	0.5	10.175200
97.358333	0.5	10.141750
97.366667	0.5	10.135300
97.375000	0.5	10.124850
97.383333	0.5	10.110050
97.391667	0.5	10.091300
97.400000	0.5	10.075300
97.408333	0.5	10.065450
97.416667	0.5	10.058850
97.425000	0.5	10.040600
97.433333	0.5	10.018350
97.441667	0.5	10.018800
97.450000	0.5	9.997250
97.458333	0.5	9.981600
97.466667	0.5	9.971500
97.475000	0.5	9.963650
97.483333	0.5	9.944500
97.491667	0.5	9.934800
97.500000	0.5	9.926500
97.508333	0.5	9.903850
97.516667	0.5	9.914650
97.525000	0.5	9.900300
97.533333	0.5	9.886050
97.541667	0.5	9.872500
97.550000	0.5	9.869250
97.558333	0.5	9.845800
97.566667	0.5	9.828800
97.575000	0.5	9.829050
97.583333	0.5	9.810150
97.591667	0.5	9.802450
97.600000	0.5	9.773850
97.608333	0.5	9.775900
97.616667	0.5	9.756100
97.625000	0.5	9.737900
97.633333	0.5	9.736300
97.641667	0.5	9.731500
97.650000	0.5	9.712000
97.658333	0.5	9.691200
97.666667	0.5	9.683150
97.675000	0.5	9.679650
97.683333	0.5	9.649900
97.691667	0.5	9.639050
97.700000	0.5	9.625650
97.708333	0.5	9.619950
97.716667	0.5	9.618150
97.725000	0.5	9.584800
97.733333	0.5	9.577400
97.741667	0.5	9.569100
97.750000	0.5	9.551900
97.758333	0.5	9.552650
97.766667	0.5	9.547450
97.775000	0.5	9.543600
97.783333	0.5	9.520700
97.791667	0.5	9.504050
97.800000	0.5	9.495500
97.808333	0.5	9.505550
97.816667	0.5	9.492600
97.825000	0.5	9.485900
97.833333	0.5	9.483650
97.841667	0.5	9.478200
97.850000	0.5	9.473200
97.858333	0.5	9.470700
97.866667	0.5	9.473600
97.875000	0.5	9.466750
97.883333	0.5	9.473550
97.891667	0.5	9.469950
97.900000	0.5	9.479750
97.908333	0.5	9.475600
97.916667	0.5	9.488600
97.925000	0.5	9.488900
97.933333	0.5	9.499950
97.941667	0.5	9.507500
97.950000	0.5	9.503300
97.958333	0.5	9.511150
97.966667	0.5	9.520850
97.975000	0.5	9.529000
97.983333	0.5	9.537450
97.991667	0.5	9.554500
98.000000	0.5	9.563000
98.008333	0.5	9.569950
98.016667	0.5	9.575600
98.025000	0.5	9.588950
98.033333	0.5	9.599250
98.041667	0.5	9.614100
98.050000	0.5	9.619600
98.058333	0.5	9.632250
98.066667	0.5	9.642300
98.075000	0.5	9.658300
98.083333	0.5	9.671700
98.091667	0.5	9.678200
98.100000	0.5	9.706600
98.108333	0.5	9.707200
98.116667	0.5	9.718600
98.125000	0.5	9.725600
98.133333	0.5	9.740700
98.141667	0.5	9.746750
98.150000	0.5	9.765500
98.158333	0.5	9.774950
98.166667	0.5	9.796450
98.175000	0.5	9.807250
98.183333	0.5	9.816200
98.191667	0.5	9.830100
98.200000	0.5	9.837700
98.208333	0.5	9.847650
98.216667	0.5	9.853700
98.225000	0.5	9.857650
98.233333	0.5	9.872650
98.241667	0.5	9.874300
98.250000	0.5	9.878300
98.258333	0.5	9.893000
98.266667	0.5	9.881450
98.275000	0.5	9.894400
98.283333	0.5	9.896350
98.291667	0.5	9.904000
98.300000	0.5	9.904450
98.308333	0.5	9.904050
98.316667	0.5	9.894400
98.325000	0.5	9.906450
98.333333	0.5	9.903100
98.341667	0.5	9.904750
98.350000	0.5	9.897600
98.358333	0.5	9.889650
98.366667	0.5	9.898950
98.375000	0.5	9.880550
98.383333	0.5	9.882850
98.391667	0.5	9.885250
98.400000	0.5	9.863850
98.408333	0.5	9.859250
98.416667	0.5	9.861850
98.425000	0.5	9.850350
98.433333	0.5	9.854700
98.441667	0.5	9.842400
98.450000	0.5	9.835450
98.458333	0.5	9.820000
98.466667	0.5	9.812000
98.475000	0.5	9.815300
98.483333	0.5	9.806450
98.491667	0.5	9.797900
98.500000	0.5	9.793700
98.508333	0.5	9.789750
98.516667	0.5	9.780550
98.525000	0.5	9.772750
98.533333	0.5	9.768200
98.541667	0.5	9.761400
98.550000	0.5	9.760450
98.558333	0.5	9.757650
98.566667	0.5	9.749950
98.575000	0.5	9.747650
98.583333	0.5	9.739900
98.591667	0.5	9.738000
98.600000	0.5	9.739950
98.608333	0.5	9.737050
98.616667	0.5	9.728350
98.625000	0.5	9.724900
98.633333	0.5	9.717950
98.641667	0.5	9.725000
98.650000	0.5	9.719350
98.658333	0.5	9.720750
98.666667	0.5	9.719300
98.675000	0.5	9.714500
98.683333	0.5	9.714850
98.691667	0.5	9.720250
98.700000	0.5	9.720600
98.708333	0.5	9.721050
98.716667	0.5	9.728950
98.725000	0.5	9.717600
98.733333	0.5	9.725750
98.741667	0.5	9.716100
98.750000	0.5	9.716350
98.758333	0.5	9.732250
98.766667	0.5	9.742000
98.775000	0.5	9.749350
98.783333	0.5	9.739300
98.791667	0.5	9.743650
98.800000	0.5	9.748150
98.808333	0.5	9.742250
98.816667	0.5	9.753750
98.825000	0.5	9.741300
98.833333	0.5	9.752050
98.841667	0.5	9.752950
98.850000	0.5	9.761600
98.858333	0.5	9.771150
98.866667	0.5	9.775950
98.875000	0.5	9.778650
98.883333	0.5	9.786150
98.891667	0.5	9.776550
98.900000	0.5	9.782350
98.908333	0.5	9.784000
98.916667	0.5	9.785000
98.925000	0.5	9.788450
98.933333	0.5	9.793800
98.941667	0.5	9.796300
98.950000	0.5	9.796700
98.958333	0.5	9.801600
98.966667	0.5	9.810500
98.975000	0.5	9.811700
98.983333	0.5	9.807750
98.991667	0.5	9.803050
99.000000	0.5	9.802700
99.008333	0.5	9.815400
99.016667	0.5	9.796650
99.025000	0.5	9.808650
99.033333	0.5	9.811600
99.041667	0.5	9.792850
99.050000	0.5	9.795950
99.058333	0.5	9.804950
99.066667	0.5	9.792300
99.075000	0.5	9.791900
99.083333	0.5	9.798000
99.091667	0.5	9.781100
99.100000	0.5	9.785350
99.108333	0.5	9.775950
99.116667	0.5	9.778300
99.125000	0.5	9.774750
99.133333	0.5	9.772050
99.141667	0.5	9.760800
99.150000	0.5	9.766800
99.158333	0.5	9.767450
99.166667	0.5	9.775600
99.175000	0.5	9.768850
99.183333	0.5	9.756600
99.191667	0.5	9.763400
99.200000	0.5	9.773100
99.208333	0.5	9.768400
99.216667	0.5	9.766400
99.225000	0.5	9.768450
99.233333	0.5	9.766750
99.241667	0.5	9.771750
99.250000	0.5	9.766150
99.258333	0.5	9.767100
99.266667	0.5	9.783200
99.275000	0.5	9.771850
99.283333	0.5	9.780000
99.291667	0.5	9.777850
99.300000	0.5	9.785650
99.308333	0.5	9.792050
99.316667	0.5	9.796900
99.325000	0.5	9.799200
99.333333	0.5	9.808500
99.341667	0.5	9.811900
99.350000	0.5	9.830300
99.358333	0.5	9.831200
99.366667	0.5	9.832900
99.375000	0.5	9.833400
99.383333	0.5	9.844050
99.391667	0.5	9.862150
99.400000	0.5	9.870100
99.408333	0.5	9.880800
99.416667	0.5	9.884900
99.425000	0.5	9.901100
99.433333	0.5	9.903600
99.441667	0.5	9.916500
99.450000	0.5	9.914050
99.458333	0.5	9.938850
99.466667	0.5	9.940950
99.475000	0.5	9.948350
99.483333	0.5	9.963600
99.491667	0.5	9.974000
99.500000	0.5	9.992500
99.508333	0.5	9.989100
99.516667	0.5	10.007050
99.525000	0.5	10.010100
99.533333	0.5	10.031050
99.541667	0.5	10.034500
99.550000	0.5	10.040850
99.558333	0.5	10.048550
99.566667	0.5	10.056850
99.575000	0.5	10.072950
99.583333	0.5	10.077650
99.591667	0.5	10.077400
99.600000	0.5	10.079950
99.608333	0.5	10.093300
99.616667	0.5	10.092850
99.625000	0.5	10.092650
99.633333	0.5	10.090850
99.641667	0.5	10.100250
99.650000	0.5	10.095700
99.658333	0.5	10.096650
99.666667	0.5	10.086550
99.675000	0.5	10.089850
99.683333	0.5	10.087500
99.691667	0.5	10.061700
99.700000	0.5	10.070250
99.708333	0.5	10.055250
99.716667	0.5	10.073700
99.725000	0.5	10.060150
99.733333	0.5	10.033300
99.741667	0.5	10.036550
99.750000	0.5	10.020050
99.758333	0.5	10.008700
99.766667	0.5	10.001350
99.775000	0.5	9.992950
99.783333	0.5	9.968850
99.791667	0.5	9.962850
99.800000	0.5	9.940350
99.808333	0.5	9.941700
99.816667	0.5	9.921400
99.825000	0.5	9.924700
99.833333	0.5	9.889350
99.841667	0.5	9.886150
99.850000	0.5	9.862300
99.858333	0.5	9.853350
99.866667	0.5	9.846100
99.875000	0.5	9.831550
99.883333	0.5	9.821700
99.891667	0.5	9.801550
99.900000	0.5	9.791800
99.908333	0.5	9.774050
99.916667	0.5	9.764650
99.925000	0.5	9.742050
99.933333	0.5	9.731150
99.941667	0.5	9.726250
99.950000	0.5	9.719050
99.958333	0.5	9.709450
99.966667	0.5	9.699150
99.975000	0.5	9.686100
99.983333	0.5	9.670050
99.991667	0.5	9.669250
100.000000	0.5	9.665000
100.008333	0.5	9.651200
100.016667	0.5	9.648350
100.025000	0.5	9.648000
100.033333	0.5	9.642700
100.041667	0.5	9.630000
100.050000	0.5	9.630850
100.058333	0.5	9.640000
100.066667	0.5	9.621350
100.075000	0.5	9.616200
100.083333	0.5	9.600650
100.091667	0.5	9.621250
100.100000	0.5	9.617500
100.108333	0.5	9.610150
100.116667	0.5	9.620800
100.125000	0.5	9.613150
100.133333	0.5	9.617750
100.141667	0.5	9.617700
100.150000	0.5	9.618400
100.158333	0.5	9.611650
100.166667	0.5	9.613150
100.175000	0.5	9.623600
100.183333	0.5	9.631000
100.191667	0.5	9.628150
100.200000	0.5	9.633550
100.208333	0.5	9.635000
100.216667	0.5	9.643100
100.225000	0.5	9.636150
100.233333	0.5	9.651750
100.241667	0.5	9.646450
100.250000	0.5	9.650600
100.258333	0.5	9.651350
100.266667	0.5	9.658600
100.275000	0.5	9.665750
100.283333	0.5	9.651350
100.291667	0.5	9.654650
100.300000	0.5	9.664050
100.308333	0.5	9.667250
100.316667	0.5	9.661400
100.325000	0.5	9.666800
100.333333	0.5	9.651200
100.341667	0.5	9.653250
100.350000	0.5	9.650850
100.358333	0.5	9.645400
100.366667	0.5	9.648100
100.375000	0.5	9.643250
100.383333	0.5	9.640200
100.391667	0.5	9.639450
100.400000	0.5	9.637900
100.408333	0.5	9.624650
100.416667	0.5	9.626250
100.425000	0.5	9.621350
100.433333	0.5	9.617250
100.441667	0.5	9.622000
100.450000	0.5	9.607650
100.458333	0.5	9.600600
100.466667	0.5	9.610500
100.475000	0.5	9.592400
100.483333	0.5	9.601100
100.491667	0.5	9.593750
100.500000	0.5	9.591600
100.508333	0.5	9.562150
100.516667	0.5	9.566900
100.525000	0.5	9.570700
100.533333	0.5	9.567450
100.541667	0.5	9.569300
100.550000	0.5	9.550950
100.558333	0.5	9.551800
100.566667	0.5	9.548750
100.575000	0.5	9.537000
100.583333	0.5	9.540650
100.591667	0.5	9.534000
100.600000	0.5	9.536400
100.608333	0.5	9.535050
100.616667	0.5	9.523400
100.625000	0.5	9.529700
100.633333	0.5	9.523950
100.641667	0.5	9.517450
100.650000	0.5	9.516800
100.658333	0.5	9.512100
100.666667	0.5	9.510100
100.675000	0.5	9.522300
100.683333	0.5	9.501150
100.691667	0.5	9.507550
100.700000	0.5	9.511900
100.708333	0.5	9.499350
100.716667	0.5	9.505550
100.725000	0.5	9.498900
100.733333	0.5	9.510900
100.741667	0.5	9.500600
100.750000	0.5	9.479100
100.758333	0.5	9.500050
100.766667	0.5	9.492950
100.775000	0.5	9.495700
100.783333	0.5	9.486600
100.791667	0.5	9.484000
100.800000	0.5	9.485500
100.808333	0.5	9.484100
100.816667	0.5	9.480250
100.825000	0.5	9.476750
100.833333	0.5	9.482050
100.841667	0.5	9.475800
100.850000	0.5	9.472750
100.858333	0.5	9.462750
100.866667	0.5	9.455600
100.875000	0.5	9.471950
100.883333	0.5	9.470050
100.891667	0.5	9.467700
100.900000	0.5	9.453800
100.908333	0.5	9.454450
100.916667	0.5	9.451650
100.925000	0.5	9.442950
100.933333	0.5	9.435150
100.941667	0.5	9.434200
100.950000	0.5	9.415750
100.958333	0.5	9.424900
100.966667	0.5	9.406550
100.975000	0.5	9.408000
100.983333	0.5	9.400150
100.991667	0.5	9.386000
101.000000	0.5	9.379050
101.008333	0.5	9.363400
101.016667	0.5	9.367700
101.025000	0.5	9.348800
101.033333	0.5	9.348100
101.041667	0.5	9.337850
101.050000	0.5	9.330150
101.058333	0.5	9.329200
101.066667	0.5	9.316150
101.075000	0.5	9.307400
101.083333	0.5	9.303150
101.091667	0.5	9.285650
101.100000	0.5	9.283950
101.108333	0.5	9.257300
101.116667	0.5	9.259350
101.125000	0.5	9.246100
101.133333	0.5	9.243500
101.141667	0.5	9.232800
101.150000	0.5	9.229950
101.158333	0.5	9.225950
101.166667	0.5	9.218450
101.175000	0.5	9.216300
101.183333	0.5	9.204900
101.191667	0.5	9.209750
101.200000	0.5	9.205850
101.208333	0.5	9.204150
101.216667	0.5	9.199700
101.225000	0.5	9.191350
101.233333	0.5	9.194150
101.241667	0.5	9.198500
101.250000	0.5	9.202750
101.258333	0.5	9.199550
101.266667	0.5	9.186650
101.275000	0.5	9.192100
101.283333	0.5	9.193150
101.291667	0.5	9.194150
101.300000	0.5	9.191600
101.308333	0.5	9.196550
101.316667	0.5	9.202300
101.325000	0.5	9.205700
101.333333	0.5	9.214850
101.341667	0.5	9.218700
101.350000	0.5	9.219850
101.358333	0.5	9.211350
101.366667	0.5	9.223900
101.375000	0.5	9.230900
101.383333	0.5	9.239050
101.391667	0.5	9.249300
101.400000	0.5	9.250300
101.408333	0.5	9.262350
101.416667	0.5	9.269900
101.425000	0.5	9.282950
101.433333	0.5	9.293400
101.441667	0.5	9.293150
101.450000	0.5	9.303800
101.458333	0.5	9.307150
101.466667	0.5	9.312500
101.475000	0.5	9.315400
101.483333	0.5	9.330200
101.491667	0.5	9.327800
101.500000	0.5	9.332750
101.508333	0.5	9.360450
101.516667	0.5	9.363950
101.525000	0.5	9.362200
101.533333	0.5	9.373200
101.541667	0.5	9.376550
101.550000	0.5	9.384700
101.558333	0.5	9.398550
101.566667	0.5	9.395500
101.575000	0.5	9.410200
101.583333	0.5	9.414700
101.591667	0.5	9.417550
101.600000	0.5	9.424000
101.608333	0.5	9.421450
101.616667	0.5	9.437600
101.625000	0.5	9.444700
101.633333	0.5	9.443400
101.641667	0.5	9.468250
101.650000	0.5	9.458600
101.658333	0.5	9.472200
101.666667	0.5	9.468650
101.675000	0.5	9.475900
101.683333	0.5	9.489950
101.691667	0.5	9.496150
101.700000	0.5	9.498250
101.708333	0.5	9.500100
101.716667	0.5	9.506850
101.725000	0.5	9.523100
101.733333	0.5	9.524750
101.741667	0.5	9.525850
101.750000	0.5	9.534350
101.758333	0.5	9.547800
101.766667	0.5	9.543900
101.775000	0.5	9.549950
101.783333	0.5	9.565750
101.791667	0.5	9.556300
101.800000	0.5	9.570350
101.808333	0.5	9.576000
101.816667	0.5	9.572200
101.825000	0.5	9.592750
101.833333	0.5	9.595950
101.841667	0.5	9.593950
101.850000	0.5	9.609050
101.858333	0.5	9.624700
101.866667	0.5	9.629550
101.875000	0.5	9.642900
101.883333	0.5	9.648850
101.891667	0.5	9.664850
101.900000	0.5	9.654300
101.908333	0.5	9.663550
101.916667	0.5	9.688650
101.925000	0.5	9.695550
101.933333	0.5	9.700850
101.941667	0.5	9.713800
101.950000	0.5	9.720500
101.958333	0.5	9.726250
101.966667	0.5	9.742250
101.975000	0.5	9.748250
101.983333	0.5	9.764150
101.991667	0.5	9.779100
102.000000	0.5	9.772250
102.008333	0.5	9.787250
102.016667	0.5	9.797200
102.025000	0.5	9.809450
102.033333	0.5	9.817350
102.041667	0.5	9.831100
102.050000	0.5	9.833450
102.058333	0.5	9.835500
102.066667	0.5	9.845000
102.075000	0.5	9.860550
102.083333	0.5	9.857450
102.091667	0.5	9.880250
102.100000	0.5	9.872650
102.108333	0.5	9.876200
102.116667	0.5	9.889850
102.125000	0.5	9.884650
102.133333	0.5	9.889400
102.141667	0.5	9.895850
102.150000	0.5	9.907750
102.158333	0.5	9.911500
102.166667	0.5	9.916450
102.175000	0.5	9.916800
102.183333	0.5	9.917900
102.191667	0.5	9.924250
102.200000	0.5	9.922900
102.208333	0.5	9.933900
102.216667	0.5	9.929150
102.225000	0.5	9.940950
102.233333	0.5	9.940750
102.241667	0.5	9.940600
102.250000	0.5	9.941450
102.258333	0.5	9.941450
102.266667	0.5	9.950600
102.275000	0.5	9.953950
102.283333	0.5	9.968050
102.291667	0.5	9.964550
102.300000	0.5	9.958900
102.308333	0.5	9.959550
102.316667	0.5	9.967600
102.325000	0.5	9.973200
102.333333	0.5	9.990750
102.341667	0.5	9.986600
102.350000	0.5	9.991200
102.358333	0.5	9.981350
102.366667	0.5	9.993650
102.375000	0.5	9.990300
102.383333	0.5	9.998000
102.391667	0.5	9.997850
102.400000	0.5	10.015350
102.408333	0.5	10.010800
102.416667	0.5	10.027500
102.425000	0.5	10.030600
102.433333	0.5	10.014750
102.441667	0.5	10.018250
102.450000	0.5	10.031900
102.458333	0.5	10.017950
102.466667	0.5	10.012250
102.475000	0.5	10.028000
102.483333	0.5	10.012600
102.491667	0.5	10.026050
102.500000	0.5	10.025750
102.508333	0.5	10.032050
102.516667	0.5	10.023250
102.525000	0.5	10.008450
102.533333	0.5	10.016400
102.541667	0.5	10.005850
102.550000	0.5	9.998300
102.558333	0.5	10.008800
102.566667	0.5	9.996950
102.575000	0.5	9.996750
102.583333	0.5	9.995800
102.591667	0.5	9.991550
102.600000	0.5	9.982600
102.608333	0.5	9.978800
102.616667	0.5	9.984850
102.625000	0.5	9.985450
102.633333	0.5	9.971950
102.641667	0.5	9.967950
102.650000	0.5	9.956900
102.658333	0.5	9.959750
102.666667	0.5	9.952950
102.675000	0.5	9.937600
102.683333	0.5	9.933450
102.691667	0.5	9.923000
102.700000	0.5	9.920900
102.708333	0.5	9.921600
102.716667	0.5	9.903500
102.725000	0.5	9.890800
102.733333	0.5	9.883900
102.741667	0.5	9.870150
102.750000	0.5	9.871850
102.758333	0.5	9.874150
102.766667	0.5	9.846850
102.775000	0.5	9.847700
102.783333	0.5	9.843800
102.791667	0.5	9.838200
102.800000	0.5	9.822400
102.808333	0.5	9.821150
102.816667	0.5	9.808100
102.825000	0.5	9.816400
102.833333	0.5	9.810050
102.841667	0.5	9.795100
102.850000	0.5	9.790250
102.858333	0.5	9.787200
102.866667	0.5	9.788450
102.875000	0.5	9.785900
102.883333	0.5	9.784600
102.891667	0.5	9.772250
102.900000	0.5	9.774600
102.908333	0.5	9.761550
102.916667	0.5	9.748000
102.925000	0.5	9.748900
102.933333	0.5	9.749350
102.941667	0.5	9.753850
102.950000	0.5	9.754650
102.958333	0.5	9.746250
102.966667	0.5	9.741650
102.975000	0.5	9.734650
102.983333	0.5	9.733900
102.991667	0.5	9.742450
103.000000	0.5	9.735350
103.008333	0.5	9.733250
103.016667	0.5	9.736200
103.025000	0.5	9.732800
103.033333	0.5	9.739950
103.041667	0.5	9.740800
103.050000	0.5	9.733350
103.058333	0.5	9.731950
103.066667	0.5	9.723800
103.075000	0.5	9.727850
103.083333	0.5	9.721200
103.091667	0.5	9.717150
103.100000	0.5	9.723700
103.108333	0.5	9.727900
103.116667	0.5	9.729800
103.125000	0.5	9.727900
103.133333	0.5	9.718850
103.141667	0.5	9.726000
103.150000	0.5	9.713950
103.158333	0.5	9.719050
103.166667	0.5	9.717800
103.175000	0.5	9.712300
103.183333	0.5	9.715150
103.191667	0.5	9.708350
103.200000	0.5	9.711750
103.208333	0.5	9.712450
103.216667	0.5	9.708000
103.225000	0.5	9.703300
103.233333	0.5	9.695600
103.241667	0.5	9.704150
103.250000	0.5	9.703700
103.258333	0.5	9.694850
103.266667	0.5	9.673450
103.275000	0.5	9.680750
103.283333	0.5	9.682200
103.291667	0.5	9.679400
103.300000	0.5	9.671600
103.308333	0.5	9.666750
103.316667	0.5	9.666850
103.325000	0.5	9.664700
103.333333	0.5	9.660150
103.341667	0.5	9.649150
103.350000	0.5	9.651600
103.358333	0.5	9.648950
103.366667	0.5	9.657950
103.375000	0.5	9.638000
103.383333	0.5	9.635600
103.391667	0.5	9.619450
103.400000	0.5	9.623350
103.408333	0.5	9.622600
103.416667	0.5	9.618050
103.425000	0.5	9.615250
103.433333	0.5	9.617150
103.441667	0.5	9.606650
103.450000	0.5	9.620450
103.458333	0.5	9.596750
103.466667	0.5	9.605200
103.475000	0.5	9.604900
103.483333	0.5	9.598850
103.491667	0.5	9.597300
103.500000	0.5	9.593000
103.508333	0.5	9.602850
103.516667	0.5	9.583600
103.525000	0.5	9.586000
103.533333	0.5	9.589250
103.541667	0.5	9.575900
103.550000	0.5	9.579900
103.558333	0.5	9.589950
103.566667	0.5	9.574150
103.575000	0.5	9.572100
103.583333	0.5	9.582200
103.591667	0.5	9.579050
103.600000	0.5	9.586700
103.608333	0.5	9.578550
103.616667	0.5	9.574850
103.625000	0.5	9.577950
103.633333	0.5	9.579550
103.641667	0.5	9.589600
103.650000	0.5	9.574800
103.658333	0.5	9.579600
103.666667	0.5	9.575700
103.675000	0.5	9.572450
103.683333	0.5	9.563150
103.691667	0.5	9.566150
103.700000	0.5	9.564800
103.708333	0.5	9.569350
103.716667	0.5	9.564650
103.725000	0.5	9.556800
103.733333	0.5	9.554700
103.741667	0.5	9.550300
103.750000	0.5	9.548000
103.758333	0.5	9.544550
103.766667	0.5	9.547350
103.775000	0.5	9.532250
103.783333	0.5	9.552850
103.791667	0.5	9.527950
103.800000	0.5	9.520100
103.808333	0.5	9.531650
103.816667	0.5	9.516150
103.825000	0.5	9.513600
103.833333	0.5	9.509750
103.841667	0.5	9.509450
103.850000	0.5	9.496400
103.858333	0.5	9.489900
103.866667	0.5	9.483650
103.875000	0.5	9.485400
103.883333	0.5	9.481350
103.891667	0.5	9.479250
103.900000	0.5	9.465850
103.908333	0.5	9.472700
103.916667	0.5	9.458250
103.925000	0.5	9.458000
103.933333	0.5	9.465500
103.941667	0.5	9.453950
103.950000	0.5	9.445700
103.958333	0.5	9.441500
103.966667	0.5	9.438250
103.975000	0.5	9.433900
103.983333	0.5	9.421300
103.991667	0.5	9.424550
104.000000	0.5	9.418600
104.008333	0.5	9.414600
104.016667	0.5	9.414250
104.025000	0.5	9.418350
104.033333	0.5	9.413150
104.041667	0.5	9.404250
104.050000	0.5	9.401500
104.058333	0.5	9.415100
104.066667	0.5	9.399050
104.075000	0.5	9.400550
104.083333	0.5	9.398750
104.091667	0.5	9.393250
104.100000	0.5	9.389550
104.108333	0.5	9.395950
104.116667	0.5	9.396050
104.125000	0.5	9.400000
104.133333	0.5	9.392900
104.141667	0.5	9.398400
104.150000	0.5	9.403850
104.158333	0.5	9.394800
104.166667	0.5	9.396400
104.175000	0.5	9.379700
104.183333	0.5	9.385900
104.191667	0.5	9.387300
104.200000	0.5	9.394500
104.208333	0.5	9.385250
104.216667	0.5	9.379950
104.225000	0.5	9.374150
104.233333	0.5	9.377600
104.241667	0.5	9.392100
104.250000	0.5	9.394100
104.258333	0.5	9.387450
104.266667	0.5	9.378150
104.275000	0.5	9.384350
104.283333	0.5	9.384300
104.291667	0.5	9.369100
104.300000	0.5	9.388900
104.308333	0.5	9.382100
104.316667	0.5	9.382900
104.325000	0.5	9.381300
104.333333	0.5	9.385100
104.341667	0.5	9.392450
104.350000	0.5	9.379000
104.358333	0.5	9.386750
104.366667	0.5	9.374750
104.375000	0.5	9.372600
104.383333	0.5	9.376200
104.391667	0.5	9.380400
104.400000	0.5	9.379900
104.408333	0.5	9.373800
104.416667	0.5	9.379050
104.425000	0.5	9.385700
104.433333	0.5	9.371950
104.441667	0.5	9.376500
104.450000	0.5	9.369500
104.458333	0.5	9.361900
104.466667	0.5	9.368400
104.475000	0.5	9.366500
104.483333	0.5	9.371750
104.491667	0.5	9.370700
104.500000	0.5	9.371300
104.508333	0.5	9.377850
104.516667	0.5	9.364750
104.525000	0.5	9.366300
104.533333	0.5	9.358600
104.541667	0.5	9.362400
104.550000	0.5	9.363600
104.558333	0.5	9.364000
104.566667	0.5	9.344500
104.575000	0.5	9.352400
104.583333	0.5	9.352300
104.591667	0.5	9.368000
104.600000	0.5	9.354550
104.608333	0.5	9.351500
104.616667	0.5	9.350400
104.625000	0.5	9.347350
104.633333	0.5	9.350800
104.641667	0.5	9.348250
104.650000	0.5	9.348900
104.658333	0.5	9.350800
104.666667	0.5	9.348000
104.675000	0.5	9.350700
104.683333	0.5	9.349050
104.691667	0.5	9.365000
104.700000	0.5	9.351050
104.708333	0.5	9.372400
104.716667	0.5	9.360350
104.725000	0.5	9.368150
104.733333	0.5	9.366700
104.741667	0.5	9.376650
104.750000	0.5	9.370200
104.758333	0.5	9.373650
104.766667	0.5	9.380000
104.775000	0.5	9.377500
104.783333	0.5	9.370850
104.791667	0.5	9.382150
104.800000	0.5	9.381150
104.808333	0.5	9.382550
104.816667	0.5	9.380500
104.825000	0.5	9.374850
104.833333	0.5	9.373550
104.841667	0.5	9.377250
104.850000	0.5	9.371300
104.858333	0.5	9.372700
104.866667	0.5	9.373500
104.875000	0.5	9.366550
104.883333	0.5	9.372300
104.891667	0.5	9.374200
104.900000	0.5	9.368200
104.908333	0.5	9.366650
104.916667	0.5	9.361700
104.925000	0.5	9.371100
104.933333	0.5	9.360450
104.941667	0.5	9.350300
104.950000	0.5	9.347600
104.958333	0.5	9.343700
104.966667	0.5	9.344400
104.975000	0.5	9.352750
104.983333	0.5	9.334450
104.991667	0.5	9.346850
105.000000	0.5	9.336750
105.008333	0.5	9.330700
105.016667	0.5	9.315250
105.025000	0.5	9.317000
105.033333	0.5	9.299700
105.041667	0.5	9.309350
105.050000	0.5	9.299250
105.058333	0.5	9.292200
105.066667	0.5	9.290200
105.075000	0.5	9.297800
105.083333	0.5	9.287850
105.091667	0.5	9.288400
105.100000	0.5	9.283600
105.108333	0.5	9.282650
105.116667	0.5	9.276000
105.125000	0.5	9.274100
105.133333	0.5	9.267600
105.141667	0.5	9.262000
105.150000	0.5	9.262200
105.158333	0.5	9.252800
105.166667	0.5	9.243000
105.175000	0.5	9.253800
105.183333	0.5	9.253550
105.191667	0.5	9.245650
105.200000	0.5	9.240450
105.208333	0.5	9.236750
105.216667	0.5	9.232300
105.225000	0.5	9.220900
105.233333	0.5	9.224900
105.241667	0.5	9.223400
105.250000	0.5	9.216200
105.258333	0.5	9.205250
105.266667	0.5	9.210600
105.275000	0.5	9.208950
105.283333	0.5	9.188300
105.291667	0.5	9.194150
105.300000	0.5	9.180200
105.308333	0.5	9.180050
105.316667	0.5	9.170200
105.325000	0.5	9.165900
105.333333	0.5	9.172950
105.341667	0.5	9.161350
105.350000	0.5	9.161300
105.358333	0.5	9.149250
105.366667	0.5	9.163050
105.375000	0.5	9.149350
105.383333	0.5	9.128850
105.391667	0.5	9.127900
105.400000	0.5	9.132350
105.408333	0.5	9.114900
105.416667	0.5	9.122600
105.425000	0.5	9.107950
105.433333	0.5	9.101400
105.441667	0.5	9.102200
105.450000	0.5	9.098550
105.458333	0.5	9.096750
105.466667	0.5	9.085400
105.475000	0.5	9.080400
105.483333	0.5	9.082650
105.491667	0.5	9.080200
105.500000	0.5	9.073400
105.508333	0.5	9.074350
105.516667	0.5	9.077500
105.525000	0.5	9.063850
105.533333	0.5	9.079400
105.541667	0.5	9.063750
105.550000	0.5	9.060600
105.558333	0.5	9.056300
105.566667	0.5	9.057250
105.575000	0.5	9.058850
105.583333	0.5	9.056300
105.591667	0.5	9.065500
105.600000	0.5	9.067550
105.608333	0.5	9.051150
105.616667	0.5	9.055000
105.625000	0.5	9.062800
105.633333	0.5	9.050400
105.641667	0.5	9.039500
105.650000	0.5	9.054650
105.658333	0.5	9.065000
105.666667	0.5	9.066700
105.675000	0.5	9.069100
105.683333	0.5	9.053450
105.691667	0.5	9.060500
105.700000	0.5	9.062550
105.708333	0.5	9.065150
105.716667	0.5	9.066600
105.725000	0.5	9.066700
105.733333	0.5	9.075600
105.741667	0.5	9.081300
105.750000	0.5	9.078000
105.758333	0.5	9.087850
105.766667	0.5	9.073000
105.775000	0.5	9.087000
105.783333	0.5	9.083550
105.791667	0.5	9.091750
105.800000	0.5	9.090200
105.808333	0.5	9.082900
105.816667	0.5	9.088050
105.825000	0.5	9.095200
105.833333	0.5	9.096700
105.841667	0.5	9.114850
105.850000	0.5	9.109050
105.858333	0.5	9.106550
105.866667	0.5	9.104250
105.875000	0.5	9.110350
105.883333	0.5	9.104900
105.891667	0.5	9.109250
105.900000	0.5	9.102000
105.908333	0.5	9.102700
105.916667	0.5	9.100000
105.925000	0.5	9.104750
105.933333	0.5	9.116100
105.941667	0.5	9.103700
105.950000	0.5	9.107500
105.958333	0.5	9.104550
105.966667	0.5	9.102650
105.975000	0.5	9.105950
105.983333	0.5	9.111500
105.991667	0.5	9.101850
106.000000	0.5	9.111750
106.008333	0.5	9.104900
106.016667	0.5	9.102000
106.025000	0.5	9.121250
106.033333	0.5	9.105200
106.041667	0.5	9.115450
106.050000	0.5	9.113800
106.058333	0.5	9.115500
106.066667	0.5	9.109850
106.075000	0.5	9.115300
106.083333	0.5	9.112200
106.091667	0.5	9.114600
106.100000	0.5	9.123650
106.108333	0.5	9.114350
106.116667	0.5	9.124000
106.125000	0.5	9.118100
106.133333	0.5	9.122750
106.141667	0.5	9.111500
106.150000	0.5	9.114600
106.158333	0.5	9.127850
106.166667	0.5	9.123900
106.175000	0.5	9.106550
106.183333	0.5	9.119950
106.191667	0.5	9.112650
106.200000	0.5	9.114600
106.208333	0.5	9.134450
106.216667	0.5	9.121750
106.225000	0.5	9.124100
106.233333	0.5	9.128450
106.241667	0.5	9.134650
106.250000	0.5	9.124150
106.258333	0.5	9.132700
106.266667	0.5	9.136400
106.275000	0.5	9.138700
106.283333	0.5	9.136150
106.291667	0.5	9.128250
106.300000	0.5	9.138750
106.308333	0.5	9.138650
106.316667	0.5	9.126800
106.325000	0.5	9.148250
106.333333	0.5	9.134150
106.341667	0.5	9.146900
106.350000	0.5	9.131000
106.358333	0.5	9.126350
106.366667	0.5	9.126200
106.375000	0.5	9.119750
106.383333	0.5	9.119900
106.391667	0.5	9.117050
106.400000	0.5	9.126050
106.408333	0.5	9.111150
106.416667	0.5	9.114250
106.425000	0.5	9.107800
106.433333	0.5	9.106150
106.441667	0.5	9.105000
106.450000	0.5	9.102700
106.458333	0.5	9.100600
106.466667	0.5	9.107400
106.475000	0.5	9.095200
106.483333	0.5	9.099200
106.491667	0.5	9.100950
106.500000	0.5	9.098100
106.508333	0.5	9.100950
106.516667	0.5	9.103850
106.525000	0.5	9.098950
106.533333	0.5	9.089150
106.541667	0.5	9.090500
106.550000	0.5	9.081550
106.558333	0.5	9.085650
106.566667	0.5	9.090400
106.575000	0.5	9.094750
106.583333	0.5	9.084050
106.591667	0.5	9.092900
106.600000	0.5	9.098600
106.608333	0.5	9.098400
106.616667	0.5	9.098000
106.625000	0.5	9.093900
106.633333	0.5	9.092950
106.641667	0.5	9.094350
106.650000	0.5	9.092100
106.658333	0.5	9.092700
106.666667	0.5	9.093650
106.675000	0.5	9.091700
106.683333	0.5	9.097150
106.691667	0.5	9.099200
106.700000	0.5	9.097000
106.708333	0.5	9.106450
106.716667	0.5	9.093800
106.725000	0.5	9.097850
106.733333	0.5	9.098300
106.741667	0.5	9.103200
106.750000	0.5	9.103500
106.758333	0.5	9.101550
106.766667	0.5	9.109000
106.775000	0.5	9.106000
106.783333	0.5	9.105250
106.791667	0.5	9.114050
106.800000	0.5	9.118950
106.808333	0.5	9.110850
106.816667	0.5	9.106850
106.825000	0.5	9.113350
106.833333	0.5	9.106850
106.841667	0.5	9.114250
106.850000	0.5	9.106950
106.858333	0.5	9.108200
106.866667	0.5	9.111500
106.875000	0.5	9.104400
106.883333	0.5	9.101800
106.891667	0.5	9.111900
106.900000	0.5	9.120900
106.908333	0.5	9.111600
106.916667	0.5	9.125350
106.925000	0.5	9.117950
106.933333	0.5	9.132500
106.941667	0.5	9.122800
106.950000	0.5	9.116900
106.958333	0.5	9.120050
106.966667	0.5	9.125600
106.975000	0.5	9.132850
106.983333	0.5	9.124300
106.991667	0.5	9.129500
107.000000	0.5	9.135600
107.008333	0.5	9.138050
107.016667	0.5	9.138150
107.025000	0.5	9.146100
107.033333	0.5	9.140500
107.041667	0.5	9.158200
107.050000	0.5	9.161950
107.058333	0.5	9.157550
107.066667	0.5	9.164050
107.075000	0.5	9.161400
107.083333	0.5	9.175600
107.091667	0.5	9.177500
107.100000	0.5	9.172700
107.108333	0.5	9.185450
107.116667	0.5	9.192800
107.125000	0.5	9.185000
107.133333	0.5	9.190450
107.141667	0.5	9.197000
107.150000	0.5	9.200500
107.158333	0.5	9.209200
107.166667	0.5	9.203900
107.175000	0.5	9.215150
107.183333	0.5	9.225100
107.191667	0.5	9.226400
107.200000	0.5	9.234950
107.208333	0.5	9.242000
107.216667	0.5	9.253800
107.225000	0.5	9.254950
107.233333	0.5	9.277800
107.241667	0.5	9.268600
107.250000	0.5	9.273900
107.258333	0.5	9.289100
107.266667	0.5	9.285350
107.275000	0.5	9.296050
107.283333	0.5	9.299350
107.291667	0.5	9.309400
107.300000	0.5	9.305950
107.308333	0.5	9.305700
107.316667	0.5	9.324000
107.325000	0.5	9.325050
107.333333	0.5	9.329400
107.341667	0.5	9.332800
107.350000	0.5	9.342450
107.358333	0.5	9.341850
107.366667	0.5	9.361350
107.375000	0.5	9.360100
107.383333	0.5	9.368700
107.391667	0.5	9.380300
107.400000	0.5	9.385550
107.408333	0.5	9.386050
107.416667	0.5	9.394550
107.425000	0.5	9.391100
107.433333	0.5	9.411150
107.441667	0.5	9.419200
107.450000	0.5	9.418000
107.458333	0.5	9.412150
107.466667	0.5	9.435950
107.475000	0.5	9.423500
107.483333	0.5	9.437500
107.491667	0.5	9.447150
107.500000	0.5	9.445850
107.508333	0.5	9.453700
107.516667	0.5	9.449300
107.525000	0.5	9.449250
107.533333	0.5	9.459600
107.541667	0.5	9.474800
107.550000	0.5	9.461650
107.558333	0.5	9.471050
107.566667	0.5	9.481400
107.575000	0.5	9.480650
107.583333	0.5	9.483350
107.591667	0.5	9.486500
107.600000	0.5	9.499350
107.608333	0.5	9.482200
107.616667	0.5	9.488600
107.625000	0.5	9.487150
107.633333	0.5	9.488050
107.641667	0.5	9.494400
107.650000	0.5	9.495150
107.658333	0.5	9.491950
107.666667	0.5	9.504200
107.675000	0.5	9.504350
107.683333	0.5	9.498000
107.691667	0.5	9.498100
107.700000	0.5	9.492050
107.708333	0.5	9.496750
107.716667	0.5	9.489000
107.725000	0.5	9.498800
107.733333	0.5	9.483750
107.741667	0.5	9.490350
107.750000	0.5	9.486900
107.758333	0.5	9.491850
107.766667	0.5	9.486950
107.775000	0.5	9.475950
107.783333	0.5	9.475700
107.791667	0.5	9.466950
107.800000	0.5	9.466400
107.808333	0.5	9.459700
107.816667	0.5	9.457150
107.825000	0.5	9.453050
107.833333	0.5	9.444600
107.841667	0.5	9.439050
107.850000	0.5	9.435500
107.858333	0.5	9.425550
107.866667	0.5	9.425100
107.875000	0.5	9.421100
107.883333	0.5	9.421700
107.891667	0.5	9.412650
107.900000	0.5	9.406900
107.908333	0.5	9.401750
107.916667	0.5	9.402100
107.925000	0.5	9.394550
107.933333	0.5	9.392800
107.941667	0.5	9.390200
107.950000	0.5	9.384000
107.958333	0.5	9.391150
107.966667	0.5	9.384350
107.975000	0.5	9.384100
107.983333	0.5	9.382750
107.991667	0.5	9.378650
108.000000	0.5	9.389100
108.008333	0.5	9.380850
108.016667	0.5	9.383400
108.025000	0.5	9.380550
108.033333	0.5	9.381450
108.041667	0.5	9.378900
108.050000	0.5	9.383000
108.058333	0.5	9.380600
108.066667	0.5	9.383000
108.075000	0.5	9.381350
108.083333	0.5	9.381350
108.091667	0.5	9.390750
108.100000	0.5	9.394750
108.108333	0.5	9.401250
108.116667	0.5	9.396550
108.125000	0.5	9.389750
108.133333	0.5	9.390650
108.141667	0.5	9.408200
108.150000	0.5	9.403950
108.158333	0.5	9.413700
108.166667	0.5	9.408050
108.175000	0.5	9.420000
108.183333	0.5	9.418400
108.191667	0.5	9.424200
108.200000	0.5	9.426100
108.208333	0.5	9.430100
108.216667	0.5	9.438900
108.225000	0.5	9.438200
108.233333	0.5	9.436450
108.241667	0.5	9.451800
108.250000	0.5	9.458350
108.258333	0.5	9.468850
108.266667	0.5	9.441600
108.275000	0.5	9.453550
108.283333	0.5	9.464150
108.291667	0.5	9.453000
108.300000	0.5	9.453400
108.308333	0.5	9.441750
108.316667	0.5	9.455450
108.325000	0.5	9.459350
108.333333	0.5	9.463500
108.341667	0.5	9.468200
108.350000	0.5	9.457500
108.358333	0.5	9.455800
108.366667	0.5	9.461450
108.375000	0.5	9.457000
108.383333	0.5	9.461550
108.391667	0.5	9.462700
108.400000	0.5	9.453700
108.408333	0.5	9.451100
108.416667	0.5	9.446600
108.425000	0.5	9.458350
108.433333	0.5	9.450000
108.441667	0.5	9.448250
108.450000	0.5	9.433200
108.458333	0.5	9.442650
108.466667	0.5	9.434450
108.475000	0.5	9.436150
108.483333	0.5	9.429950
108.491667	0.5	9.429300
108.500000	0.5	9.419800
108.508333	0.5	9.428800
108.516667	0.5	9.417450
108.525000	0.5	9.422750
108.533333	0.5	9.424850
108.541667	0.5	9.420700
108.550000	0.5	9.415150
108.558333	0.5	9.409850
108.566667	0.5	9.414200
108.575000	0.5	9.408950
108.583333	0.5	9.421600
108.591667	0.5	9.419450
108.600000	0.5	9.422600
108.608333	0.5	9.412000
108.616667	0.5	9.407300
108.625000	0.5	9.405900
108.633333	0.5	9.403000
108.641667	0.5	9.409600
108.650000	0.5	9.408050
108.658333	0.5	9.396700
108.666667	0.5	9.401850
108.675000	0.5	9.393100
108.683333	0.5	9.390600
108.691667	0.5	9.393900
108.700000	0.5	9.400900
108.708333	0.5	9.388300
108.716667	0.5	9.390850
108.725000	0.5	9.383050
108.733333	0.5	9.388050
108.741667	0.5	9.379500
108.750000	0.5	9.375100
108.758333	0.5	9.379050
108.766667	0.5	9.367550
108.775000	0.5	9.377450
108.783333	0.5	9.360050
108.791667	0.5	9.362850
108.800000	0.5	9.349450
108.808333	0.5	9.353550
108.816667	0.5	9.351300
108.825000	0.5	9.347750
108.833333	0.5	9.345650
108.841667	0.5	9.332250
108.850000	0.5	9.339100
108.858333	0.5	9.336750
108.866667	0.5	9.328850
108.875000	0.5	9.323000
108.883333	0.5	9.314800
108.891667	0.5	9.325000
108.900000	0.5	9.318450
108.908333	0.5	9.322250
108.916667	0.5	9.324500
108.925000	0.5	9.307500
108.933333	0.5	9.303200
108.941667	0.5	9.313950
108.950000	0.5	9.308900
108.958333	0.5	9.312700
108.966667	0.5	9.302350
108.975000	0.5	9.309250
108.983333	0.5	9.315150
108.991667	0.5	9.315550
109.000000	0.5	9.315250
109.008333	0.5	9.324950
109.016667	0.5	9.319800
109.025000	0.5	9.304300
109.033333	0.5	9.315600
109.041667	0.5	9.315150
109.050000	0.5	9.322150
109.058333	0.5	9.313300
109.066667	0.5	9.321950
109.075000	0.5	9.327050
109.083333	0.5	9.314150
109.091667	0.5	9.325500
109.100000	0.5	9.326450
109.108333	0.5	9.325450
109.116667	0.5	9.316000
109.125000	0.5	9.332100
109.133333	0.5	9.327800
109.141667	0.5	9.326100
109.150000	0.5	9.325750
109.158333	0.5	9.326850
109.166667	0.5	9.339600
109.175000	0.5	9.335950
109.183333	0.5	9.337050
109.191667	0.5	9.335600
109.200000	0.5	9.334900
109.208333	0.5	9.327500
109.216667	0.5	9.330100
109.225000	0.5	9.339350
109.233333	0.5	9.335850
109.241667	0.5	9.326650
109.250000	0.5	9.338050
109.258333	0.5	9.336600
109.266667	0.5	9.341800
109.275000	0.5	9.346450
109.283333	0.5	9.341950
109.291667	0.5	9.346800
109.300000	0.5	9.359900
109.308333	0.5	9.354750
109.316667	0.5	9.351750
109.325000	0.5	9.370650
109.333333	0.5	9.371900
109.341667	0.5	9.370350
109.350000	0.5	9.377550
109.358333	0.5	9.377000
109.366667	0.5	9.376950
109.375000	0.5	9.380150
109.383333	0.5	9.388550
109.391667	0.5	9.396250
109.400000	0.5	9.398350
109.408333	0.5	9.410500
109.416667	0.5	9.395250
109.425000	0.5	9.397850
109.433333	0.5	9.409450
109.441667	0.5	9.397200
109.450000	0.5	9.414350
109.458333	0.5	9.411250
109.466667	0.5	9.420750
109.475000	0.5	9.430000
109.483333	0.5	9.433450
109.491667	0.5	9.429000
109.500000	0.5	9.437300
109.508333	0.5	9.433550
109.516667	0.5	9.442600
109.525000	0.5	9.456500
109.533333	0.5	9.467500
109.541667	0.5	9.473300
109.550000	0.5	9.459250
109.558333	0.5	9.485950
109.566667	0.5	9.489150
109.575000	0.5	9.490700
109.583333	0.5	9.480150
109.591667	0.5	9.484950
109.600000	0.5	9.485200
109.608333	0.5	9.487000
109.616667	0.5	9.491350
109.625000	0.5	9.489200
109.633333	0.5	9.500300
109.641667	0.5	9.502050
109.650000	0.5	9.506800
109.658333	0.5	9.499550
109.666667	0.5	9.513050
109.675000	0.5	9.510500
109.683333	0.5	9.517300
109.691667	0.5	9.516350
109.700000	0.5	9.516900
109.708333	0.5	9.520700
109.716667	0.5	9.519600
109.725000	0.5	9.522850
109.733333	0.5	9.524100
109.741667	0.5	9.525850
109.750000	0.5	9.526900
109.758333	0.5	9.520300
109.766667	0.5	9.528800
109.775000	0.5	9.524450
109.783333	0.5	9.527250
109.791667	0.5	9.520150
109.800000	0.5	9.531550
109.808333	0.5	9.535800
109.816667	0.5	9.535100
109.825000	0.5	9.526750
109.833333	0.5	9.524150
109.841667	0.5	9.525200
109.850000	0.5	9.526250
109.858333	0.5	9.530850
109.866667	0.5	9.529950
109.875000	0.5	9.534850
109.883333	0.5	9.536300
109.891667	0.5	9.531050
109.900000	0.5	9.528650
109.908333	0.5	9.530250
109.916667	0.5	9.537150
109.925000	0.5	9.533450
109.933333	0.5	9.534200
109.941667	0.5	9.529950
109.950000	0.5	9.533600
109.958333	0.5	9.528700
109.966667	0.5	9.539150
109.975000	0.5	9.534250
109.983333	0.5	9.545550
109.991667	0.5	9.537350
110.000000	0.5	9.531300
110.008333	0.5	9.522900
110.016667	0.5	9.523750
110.025000	0.5	9.524350
110.033333	0.5	9.527550
110.041667	0.5	9.520850
110.050000	0.5	9.525300
110.058333	0.5	9.516200
110.066667	0.5	9.518600
110.075000	0.5	9.533700
110.083333	0.5	9.530450
110.091667	0.5	9.526300
110.100000	0.5	9.516050
110.108333	0.5	9.519950
110.116667	0.5	9.525250
110.125000	0.5	9.513450
110.133333	0.5	9.503350
110.141667	0.5	9.516300
110.150000	0.5	9.509700
110.158333	0.5	9.513350
110.166667	0.5	9.504000
110.175000	0.5	9.507400
110.183333	0.5	9.498250
110.191667	0.5	9.496450
110.200000	0.5	9.494050
110.208333	0.5	9.484600
110.216667	0.5	9.478950
110.225000	0.5	9.479150
110.233333	0.5	9.476700
110.241667	0.5	9.473450
110.250000	0.5	9.472650
110.258333	0.5	9.466600
110.266667	0.5	9.474300
110.275000	0.5	9.458450
110.283333	0.5	9.462050
110.291667	0.5	9.454800
110.300000	0.5	9.463850
110.308333	0.5	9.445400
110.316667	0.5	9.448900
110.325000	0.5	9.449150
110.333333	0.5	9.429900
110.341667	0.5	9.438650
110.350000	0.5	9.441400
110.358333	0.5	9.432300
110.366667	0.5	9.433000
110.375000	0.5	9.425200
110.383333	0.5	9.421850
110.391667	0.5	9.418450
110.400000	0.5	9.418000
110.408333	0.5	9.414650
110.416667	0.5	9.414500
110.425000	0.5	9.400350
110.433333	0.5	9.399000
110.441667	0.5	9.401250
110.450000	0.5	9.389250
110.458333	0.5	9.401550
110.466667	0.5	9.388600
110.475000	0.5	9.384450
110.483333	0.5	9.370400
110.491667	0.5	9.360450
110.500000	0.5	9.358850
110.508333	0.5	9.353500
110.516667	0.5	9.349450
110.525000	0.5	9.347250
110.533333	0.5	9.341250
110.541667	0.5	9.339550
110.550000	0.5	9.326100
110.558333	0.5	9.323950
110.566667	0.5	9.322300
110.575000	0.5	9.316450
110.583333	0.5	9.324000
110.591667	0.5	9.313800
110.600000	0.5	9.310200
110.608333	0.5	9.314500
110.616667	0.5	9.297000
110.625000	0.5	9.292000
110.633333	0.5	9.292650
110.641667	0.5	9.291150
110.650000	0.5	9.283450
110.658333	0.5	9.278500
110.666667	0.5	9.273650
110.675000	0.5	9.261000
110.683333	0.5	9.273900
110.691667	0.5	9.261050
110.700000	0.5	9.259250
110.708333	0.5	9.252450
110.716667	0.5	9.250700
110.725000	0.5	9.248150
110.733333	0.5	9.251500
110.741667	0.5	9.244600
110.750000	0.5	9.244450
110.758333	0.5	9.233600
110.766667	0.5	9.244700
110.775000	0.5	9.242900
110.783333	0.5	9.227950
110.791667	0.5	9.228850
110.800000	0.5	9.222250
110.808333	0.5	9.218450
110.816667	0.5	9.233850
110.825000	0.5	9.221850
110.833333	0.5	9.218300
110.841667	0.5	9.217000
110.850000	0.5	9.216500
110.858333	0.5	9.209800
110.866667	0.5	9.206550
110.875000	0.5	9.212150
110.883333	0.5	9.200900
110.891667	0.5	9.201150
110.900000	0.5	9.218500
110.908333	0.5	9.214350
110.916667	0.5	9.206000
110.925000	0.5	9.212900
110.933333	0.5	9.204100
110.941667	0.5	9.199550
110.950000	0.5	9.206250
110.958333	0.5	9.198200
110.966667	0.5	9.198900
110.975000	0.5	9.188850
110.983333	0.5	9.190900
110.991667	0.5	9.186350
111.000000	0.5	9.195150
111.008333	0.5	9.185900
111.016667	0.5	9.186600
111.025000	0.5	9.176600
111.033333	0.5	9.188950
111.041667	0.5	9.185900
111.050000	0.5	9.180850
111.058333	0.5	9.188700
111.066667	0.5	9.173800
111.075000	0.5	9.176900
111.083333	0.5	9.164050
111.091667	0.5	9.163800
111.100000	0.5	9.163150
111.108333	0.5	9.169900
111.116667	0.5	9.166950
111.125000	0.5	9.166700
111.133333	0.5	9.155700
111.141667	0.5	9.165650
111.150000	0.5	9.160100
111.158333	0.5	9.162150
111.166667	0.5	9.163950
111.175000	0.5	9.161250
111.183333	0.5	9.170950
111.191667	0.5	9.170100
111.200000	0.5	9.161350
111.208333	0.5	9.160200
111.216667	0.5	9.163400
111.225000	0.5	9.171850
111.233333	0.5	9.165800
111.241667	0.5	9.168900
111.250000	0.5	9.176000
111.258333	0.5	9.167300
111.266667	0.5	9.167150
111.275000	0.5	9.166800
111.283333	0.5	9.174300
111.291667	0.5	9.172500
111.300000	0.5	9.170800
111.308333	0.5	9.187450
111.316667	0.5	9.177500
111.325000	0.5	9.174100
111.333333	0.5	9.173650
111.341667	0.5	9.176750
111.350000	0.5	9.171300
111.358333	0.5	9.175500
111.366667	0.5	9.178650
111.375000	0.5	9.176700
111.383333	0.5	9.179050
111.391667	0.5	9.176200
111.400000	0.5	9.179300
111.408333	0.5	9.183700
111.416667	0.5	9.169000
111.425000	0.5	9.172950
111.433333	0.5	9.171700
111.441667	0.5	9.169800
111.450000	0.5	9.179950
111.458333	0.5	9.168350
111.466667	0.5	9.170850
111.475000	0.5	9.162750
111.483333	0.5	9.176050
111.491667	0.5	9.167200
111.500000	0.5	9.170800
111.508333	0.5	9.179500
111.516667	0.5	9.176900
111.525000	0.5	9.178100
111.533333	0.5	9.169850
111.541667	0.5	9.172350
111.550000	0.5	9.185150
111.558333	0.5	9.172000
111.566667	0.5	9.181800
111.575000	0.5	9.168850
111.583333	0.5	9.184050
111.591667	0.5	9.185100
111.600000	0.5	9.193400
111.608333	0.5	9.182300
111.616667	0.5	9.195750
111.625000	0.5	9.191900
111.633333	0.5	9.187200
111.641667	0.5	9.190200
111.650000	0.5	9.182050
111.658333	0.5	9.193850
111.666667	0.5	9.188500
111.675000	0.5	9.196750
111.683333	0.5	9.193500
111.691667	0.5	9.197850
111.700000	0.5	9.201550
111.708333	0.5	9.202900
111.716667	0.5	9.204400
111.725000	0.5	9.202450
111.733333	0.5	9.213500
111.741667	0.5	9.209050
111.750000	0.5	9.205700
111.758333	0.5	9.204850
111.766667	0.5	9.211400
111.775000	0.5	9.212550
111.783333	0.5	9.208550
111.791667	0.5	9.205350
111.800000	0.5	9.205500
111.808333	0.5	9.221200
111.816667	0.5	9.213850
111.825000	0.5	9.208500
111.833333	0.5	9.214850
111.841667	0.5	9.207500
111.850000	0.5	9.222800
111.858333	0.5	9.222250
111.866667	0.5	9.228150
111.875000	0.5	9.214500
111.883333	0.5	9.241150
111.891667	0.5	9.212400
111.900000	0.5	9.217950
111.908333	0.5	9.225700
111.916667	0.5	9.230900
111.925000	0.5	9.217050
111.933333	0.5	9.214000
111.941667	0.5	9.224500
111.950000	0.5	9.232500
111.958333	0.5	9.225200
111.966667	0.5	9.231100
111.975000	0.5	9.232550
111.983333	0.5	9.226600
111.991667	0.5	9.235400
112.000000	0.5	9.241600
112.008333	0.5	9.243400
112.016667	0.5	9.248450
112.025000	0.5	9.251450
112.033333	0.5	9.242600
112.041667	0.5	9.260450
112.050000	0.5	9.254150
112.058333	0.5	9.258700
112.066667	0.5	9.271300
112.075000	0.5	9.258650
112.083333	0.5	9.264900
112.091667	0.5	9.279000
112.100000	0.5	9.268450
112.108333	0.5	9.265200
112.116667	0.5	9.269650
112.125000	0.5	9.269600
112.133333	0.5	9.280100
112.141667	0.5	9.271950
112.150000	0.5	9.273650
112.158333	0.5	9.280550
112.166667	0.5	9.274700
112.175000	0.5	9.273400
112.183333	0.5	9.289100
112.191667	0.5	9.280200
112.200000	0.5	9.290150
112.208333	0.5	9.292000
112.216667	0.5	9.295100
112.225000	0.5	9.290250
112.233333	0.5	9.289050
112.241667	0.5	9.298100
112.250000	0.5	9.296150
112.258333	0.5	9.293150
112.266667	0.5	9.298500
112.275000	0.5	9.300600
112.283333	0.5	9.304050
112.291667	0.5	9.303250
112.300000	0.5	9.306850
112.308333	0.5	9.300750
112.316667	0.5	9.306350
112.325000	0.5	9.304100
112.333333	0.5	9.311800
112.341667	0.5	9.310100
112.350000	0.5	9.308350
112.358333	0.5	9.312550
112.366667	0.5	9.319300
112.375000	0.5	9.327750
112.383333	0.5	9.323550
112.391667	0.5	9.316950
112.400000	0.5	9.326700
112.408333	0.5	9.318500
112.416667	0.5	9.325700
112.425000	0.5	9.318650
112.433333	0.5	9.318850
112.441667	0.5	9.324150
112.450000	0.5	9.331450
112.458333	0.5	9.323850
112.466667	0.5	9.326600
112.475000	0.5	9.317150
112.483333	0.5	9.324650
112.491667	0.5	9.326350
112.500000	0.5	9.331350
112.508333	0.5	9.330250
112.516667	0.5	9.330450
112.525000	0.5	9.328100
112.533333	0.5	9.327150
112.541667	0.5	9.337350
112.550000	0.5	9.338800
112.558333	0.5	9.333100
112.566667	0.5	9.341950
112.575000	0.5	9.334500
112.583333	0.5	9.335000
112.591667	0.5	9.336350
112.600000	0.5	9.345950
112.608333	0.5	9.337900
112.616667	0.5	9.339650
112.625000	0.5	9.349950
112.633333	0.5	9.333000
112.641667	0.5	9.347850
112.650000	0.5	9.346100
112.658333	0.5	9.332750
112.666667	0.5	9.350400
112.675000	0.5	9.367550
112.683333	0.5	9.348600
112.691667	0.5	9.352900
112.700000	0.5	9.348000
112.708333	0.5	9.348750
112.716667	0.5	9.353350
112.725000	0.5	9.364150
112.733333	0.5	9.365350
112.741667	0.5	9.369750
112.750000	0.5	9.362000
112.758333	0.5	9.365950
112.766667	0.5	9.374250
112.775000	0.5	9.354250
112.783333	0.5	9.369550
112.791667	0.5	9.366150
112.800000	0.5	9.355400
112.808333	0.5	9.363150
112.816667	0.5	9.359150
112.825000	0.5	9.359800
112.833333	0.5	9.356500
112.841667	0.5	9.378050
112.850000	0.5	9.368750
112.858333	0.5	9.369050
112.866667	0.5	9.367750
112.875000	0.5	9.366700
112.883333	0.5	9.374250
112.891667	0.5	9.374300
112.900000	0.5	9.366600
112.908333	0.5	9.387000
112.916667	0.5	9.387950
112.925000	0.5	9.386900
112.933333	0.5	9.385100
112.941667	0.5	9.374150
112.950000	0.5	9.388150
112.958333	0.5	9.386300
112.966667	0.5	9.380450
112.975000	0.5	9.389400
112.983333	0.5	9.396400
112.991667	0.5	9.394150
113.000000	0.5	9.397250
113.008333	0.5	9.409400
113.016667	0.5	9.406750
113.025000	0.5	9.396250
113.033333	0.5	9.412800
113.041667	0.5	9.394250
113.050000	0.5	9.397000
113.058333	0.5	9.405850
113.066667	0.5	9.409700
113.075000	0.5	9.412200
113.083333	0.5	9.410550
113.091667	0.5	9.418600
113.100000	0.5	9.417100
113.108333	0.5	9.415900
113.116667	0.5	9.411000
113.125000	0.5	9.422750
113.133333	0.5	9.420350
113.141667	0.5	9.411500
113.150000	0.5	9.413850
113.158333	0.5	9.422050
113.166667	0.5	9.428550
113.175000	0.5	9.420500
113.183333	0.5	9.429400
113.191667	0.5	9.413200
113.200000	0.5	9.408050
113.208333	0.5	9.416100
113.216667	0.5	9.417900
113.225000	0.5	9.419550
113.233333	0.5	9.418050
113.241667	0.5	9.418900
113.250000	0.5	9.422400
113.258333	0.5	9.424350
113.266667	0.5	9.427100
113.275000	0.5	9.427350
113.283333	0.5	9.425000
113.291667	0.5	9.432900
113.300000	0.5	9.422700
113.308333	0.5	9.430100
113.316667	0.5	9.430250
113.325000	0.5	9.424250
113.333333	0.5	9.423250
113.341667	0.5	9.435700
113.350000	0.5	9.434500
113.358333	0.5	9.416500
113.366667	0.5	9.434950
113.375000	0.5	9.426800
113.383333	0.5	9.438500
113.391667	0.5	9.422100
113.400000	0.5	9.427000
113.408333	0.5	9.435200
113.416667	0.5	9.444950
113.425000	0.5	9.416650
113.433333	0.5	9.430000
113.441667	0.5	9.426850
113.450000	0.5	9.421500
113.458333	0.5	9.419700
113.466667	0.5	9.421450
113.475000	0.5	9.422300
113.483333	0.5	9.430050
113.491667	0.5	9.427200
113.500000	0.5	9.421200
113.508333	0.5	9.411050
113.516667	0.5	9.404900
113.525000	0.5	9.419750
113.533333	0.5	9.413850
113.541667	0.5	9.399850
113.550000	0.5	9.404500
113.558333	0.5	9.396900
113.566667	0.5	9.400750
113.575000	0.5	9.388100
113.583333	0.5	9.385850
113.591667	0.5	9.388950
113.600000	0.5	9.385850
113.608333	0.5	9.396950
113.616667	0.5	9.385550
113.625000	0.5	9.384900
113.633333	0.5	9.386850
113.641667	0.5	9.375850
113.650000	0.5	9.368600
113.658333	0.5	9.371150
113.666667	0.5	9.401400
113.675000	0.5	9.368500
113.683333	0.5	9.375850
113.691667	0.5	9.382450
113.700000	0.5	9.379600
113.708333	0.5	9.375000
113.716667	0.5	9.373850
113.725000	0.5	9.379100
113.733333	0.5	9.378450
113.741667	0.5	9.360850
113.750000	0.5	9.365600
113.758333	0.5	9.363300
113.766667	0.5	9.378750
113.775000	0.5	9.361950
113.783333	0.5	9.368100
113.791667	0.5	9.359500
113.800000	0.5	9.366150
113.808333	0.5	9.357650
113.816667	0.5	9.362250
113.825000	0.5	9.345250
113.833333	0.5	9.358050
113.841667	0.5	9.348950
113.850000	0.5	9.353750
113.858333	0.5	9.337600
113.866667	0.5	9.346650
113.875000	0.5	9.348500
113.883333	0.5	9.342650
113.891667	0.5	9.347700
113.900000	0.5	9.344500
113.908333	0.5	9.349750
113.916667	0.5	9.351150
113.925000	0.5	9.342200
113.933333	0.5	9.348800
113.941667	0.5	9.339450
113.950000	0.5	9.334050
113.958333	0.5	9.343950
113.966667	0.5	9.335450
113.975000	0.5	9.340550
113.983333	0.5	9.345050
113.991667	0.5	9.341100
114.000000	0.5	9.335500
114.008333	0.5	9.343450
114.016667	0.5	9.337350
114.025000	0.5	9.341800
114.033333	0.5	9.336750
114.041667	0.5	9.336900
114.050000	0.5	9.330750
114.058333	0.5	9.321750
114.066667	0.5	9.326800
114.075000	0.5	9.319200
114.083333	0.5	9.321550
114.091667	0.5	9.313550
114.100000	0.5	9.314400
114.108333	0.5	9.316700
114.116667	0.5	9.301000
114.125000	0.5	9.314850
114.133333	0.5	9.295150
114.141667	0.5	9.291950
114.150000	0.5	9.288650
114.158333	0.5	9.280900
114.166667	0.5	9.288800
114.175000	0.5	9.307350
114.183333	0.5	9.279300
114.191667	0.5	9.271850
114.200000	0.5	9.259350
114.208333	0.5	9.263550
114.216667	0.5	9.268500
114.225000	0.5	9.254850
114.233333	0.5	9.264550
114.241667	0.5	9.266850
114.250000	0.5	9.245300
114.258333	0.5	9.241200
114.266667	0.5	9.244400
114.275000	0.5	9.237800
114.283333	0.5	9.232250
114.291667	0.5	9.228400
114.300000	0.5	9.238150
114.308333	0.5	9.229450
114.316667	0.5	9.221650
114.325000	0.5	9.221550
114.333333	0.5	9.215200
114.341667	0.5	9.220650
114.350000	0.5	9.215800
114.358333	0.5	9.200350
114.366667	0.5	9.194100
114.375000	0.5	9.189650
114.383333	0.5	9.177900
114.391667	0.5	9.170900
114.400000	0.5	9.181500
114.408333	0.5	9.187450
114.416667	0.5	9.178700
114.425000	0.5	9.169100
114.433333	0.5	9.163400
114.441667	0.5	9.157700
114.450000	0.5	9.167800
114.458333	0.5	9.156000
114.466667	0.5	9.161050
114.475000	0.5	9.149850
114.483333	0.5	9.146850
114.491667	0.5	9.140850
114.500000	0.5	9.142300
114.508333	0.5	9.143850
114.516667	0.5	9.137450
114.525000	0.5	9.127200
114.533333	0.5	9.121650
114.541667	0.5	9.126650
114.550000	0.5	9.121000
114.558333	0.5	9.123000
114.566667	0.5	9.116050
114.575000	0.5	9.109500
114.583333	0.5	9.109500
114.591667	0.5	9.108800
114.600000	0.5	9.105450
114.608333	0.5	9.113250
114.616667	0.5	9.104100
114.625000	0.5	9.097050
114.633333	0.5	9.094500
114.641667	0.5	9.092400
114.650000	0.5	9.088350
114.658333	0.5	9.090700
114.666667	0.5	9.091550
114.675000	0.5	9.088200
114.683333	0.5	9.087200
114.691667	0.5	9.079450
114.700000	0.5	9.074450
114.708333	0.5	9.079800
114.716667	0.5	9.084350
114.725000	0.5	9.066150
114.733333	0.5	9.068750
114.741667	0.5	9.067450
114.750000	0.5	9.066850
114.758333	0.5	9.065300
114.766667	0.5	9.060750
114.775000	0.5	9.061100
114.783333	0.5	9.049000
114.791667	0.5	9.045200
114.800000	0.5	9.048850
114.808333	0.5	9.046400
114.816667	0.5	9.036800
114.825000	0.5	9.043600
114.833333	0.5	9.037450
114.841667	0.5	9.031200
114.850000	0.5	9.031400
114.858333	0.5	9.029600
114.866667	0.5	9.031450
114.875000	0.5	9.024000
114.883333	0.5	9.015050
114.891667	0.5	9.028600
114.900000	0.5	9.018800
114.908333	0.5	9.020250
114.916667	0.5	9.017000
114.925000	0.5	9.018800
114.933333	0.5	9.013700
114.941667	0.5	9.015400
114.950000	0.5	9.013600
114.958333	0.5	9.012200
114.966667	0.5	9.013350
114.975000	0.5	9.006150
114.983333	0.5	9.001650
114.991667	0.5	8.997400
115.000000	0.5	8.993500
115.008333	0.5	8.990700
115.016667	0.5	8.986250
115.025000	0.5	8.983050
115.033333	0.5	8.985350
115.041667	0.5	8.984000
115.050000	0.5	8.983900
115.058333	0.5	8.989800
115.066667	0.5	8.980150
115.075000	0.5	8.983600
115.083333	0.5	8.980500
115.091667	0.5	8.976150
115.100000	0.5	8.977550
115.108333	0.5	8.974650
115.116667	0.5	8.973950
115.125000	0.5	8.964650
115.133333	0.5	8.975450
115.141667	0.5	8.961950
115.150000	0.5	8.961900
115.158333	0.5	8.968100
115.166667	0.5	8.945950
115.175000	0.5	8.942800
115.183333	0.5	8.939800
115.191667	0.5	8.944950
115.200000	0.5	8.946500
115.208333	0.5	8.936500
115.216667	0.5	8.939500
115.225000	0.5	8.940150
115.233333	0.5	8.947100
115.241667	0.5	8.978100
115.250000	0.5	8.935800
115.258333	0.5	8.932350
115.266667	0.5	8.928350
115.275000	0.5	8.918100
115.283333	0.5	8.916050
115.291667	0.5	8.921100
115.300000	0.5	8.913750
115.308333	0.5	8.923000
115.316667	0.5	8.923150
115.325000	0.5	8.916200
115.333333	0.5	8.907250
115.341667	0.5	8.914900
115.350000	0.5	8.908950
115.358333	0.5	8.915850
115.366667	0.5	8.901750
115.375000	0.5	8.906650
115.383333	0.5	8.908000
115.391667	0.5	8.912000
115.400000	0.5	8.907150
115.408333	0.5	8.902450
115.416667	0.5	8.907400
115.425000	0.5	8.908950
115.433333	0.5	8.912800
115.441667	0.5	8.898800
115.450000	0.5	8.912400
115.458333	0.5	8.907200
115.466667	0.5	8.914550
115.475000	0.5	8.899000
115.483333	0.5	8.912400
115.491667	0.5	8.903900
115.500000	0.5	8.915850
115.508333	0.5	8.909250
115.516667	0.5	8.916200
115.525000	0.5	8.906950
115.533333	0.5	8.907300
115.541667	0.5	8.909700
115.550000	0.5	8.906800
115.558333	0.5	8.908250
115.566667	0.5	8.898900
115.575000	0.5	8.908100
115.583333	0.5	8.913650
115.591667	0.5	8.908250
115.600000	0.5	8.910350
115.608333	0.5	8.906150
115.616667	0.5	8.905400
115.625000	0.5	8.905800
115.633333	0.5	8.918550
115.641667	0.5	8.909000
115.650000	0.5	8.916250
115.658333	0.5	8.910250
115.666667	0.5	8.909850
115.675000	0.5	8.914400
115.683333	0.5	8.901300
115.691667	0.5	8.911550
115.700000	0.5	8.912400
115.708333	0.5	8.901400
115.716667	0.5	8.908300
115.725000	0.5	8.908250
115.733333	0.5	8.896050
115.741667	0.5	8.900600
115.750000	0.5	8.905550
115.758333	0.5	8.910700
115.766667	0.5	8.911500
115.775000	0.5	8.914700
115.783333	0.5	8.904850
115.791667	0.5	8.917300
115.800000	0.5	8.913550
115.808333	0.5	8.914500
115.816667	0.5	8.910250
115.825000	0.5	8.898800
115.833333	0.5	8.902100
115.841667	0.5	8.905800
115.850000	0.5	8.913050
115.858333	0.5	8.906300
115.866667	0.5	8.906500
115.875000	0.5	8.907650
115.883333	0.5	8.904500
115.891667	0.5	8.910150
115.900000	0.5	8.901100
115.908333	0.5	8.899600
115.916667	0.5	8.896450
115.925000	0.5	8.899400
115.933333	0.5	8.894450
115.941667	0.5	8.891750
115.950000	0.5	8.884350
115.958333	0.5	8.884150
115.966667	0.5	8.882100
115.975000	0.5	8.884950
115.983333	0.5	8.893800
115.991667	0.5	8.876650
116.000000	0.5	8.892500
116.008333	0.5	8.884150
116.016667	0.5	8.872650
116.025000	0.5	8.886900
116.033333	0.5	8.885700
116.041667	0.5	8.872800
116.050000	0.5	8.871600
116.058333	0.5	8.885650
116.066667	0.5	8.873450
116.075000	0.5	8.878100
116.083333	0.5	8.873600
116.091667	0.5	8.868850
116.100000	0.5	8.871800
116.108333	0.5	8.852650
116.116667	0.5	8.865300
116.125000	0.5	8.855950
116.133333	0.5	8.858200
116.141667	0.5	8.848950
116.150000	0.5	8.853200
116.158333	0.5	8.849250
116.166667	0.5	8.848700
116.175000	0.5	8.840300
116.183333	0.5	8.836900
116.191667	0.5	8.837150
116.200000	0.5	8.835050
116.208333	0.5	8.829900
116.216667	0.5	8.824800
116.225000	0.5	8.830650
116.233333	0.5	8.828450
116.241667	0.5	8.827400
116.250000	0.5	8.831100
116.258333	0.5	8.825400
116.266667	0.5	8.820700
116.275000	0.5	8.815600
116.283333	0.5	8.818900
116.291667	0.5	8.810350
116.300000	0.5	8.819600
116.308333	0.5	8.808750
116.316667	0.5	8.819950
116.325000	0.5	8.814250
116.333333	0.5	8.798750
116.341667	0.5	8.801000
116.350000	0.5	8.819400
116.358333	0.5	8.816050
116.366667	0.5	8.807350
116.375000	0.5	8.811850
116.383333	0.5	8.810400
116.391667	0.5	8.800950
116.400000	0.5	8.802400
116.408333	0.5	8.801550
116.416667	0.5	8.813850
116.425000	0.5	8.792550
116.433333	0.5	8.799300
116.441667	0.5	8.794050
116.450000	0.5	8.801650
116.458333	0.5	8.807150
116.466667	0.5	8.799650
116.475000	0.5	8.792500
116.483333	0.5	8.791150
116.491667	0.5	8.800050
116.500000	0.5	8.792600
116.508333	0.5	8.786000
116.516667	0.5	8.778400
116.525000	0.5	8.779700
116.533333	0.5	8.776850
116.541667	0.5	8.768050
116.550000	0.5	8.773400
116.558333	0.5	8.774400
116.566667	0.5	8.772250
116.575000	0.5	8.768000
116.583333	0.5	8.772250
116.591667	0.5	8.773200
116.600000	0.5	8.765950
116.608333	0.5	8.769050
116.616667	0.5	8.758850
116.625000	0.5	8.766350
116.633333	0.5	8.766650
116.641667	0.5	8.758250
116.650000	0.5	8.758600
116.658333	0.5	8.751000
116.666667	0.5	8.757100
116.675000	0.5	8.753350
116.683333	0.5	8.747500
116.691667	0.5	8.735750
116.700000	0.5	8.742900
116.708333	0.5	8.743450
116.716667	0.5	8.741750
116.725000	0.5	8.737500
116.733333	0.5	8.738100
116.741667	0.5	8.740100
116.750000	0.5	8.736100
116.758333	0.5	8.741100
116.766667	0.5	8.740600
116.775000	0.5	8.734650
116.783333	0.5	8.737000
116.791667	0.5	8.737050
116.800000	0.5	8.741700
116.808333	0.5	8.740650
116.816667	0.5	8.745300
116.825000	0.5	8.737200
116.833333	0.5	8.740800
116.841667	0.5	8.747200
116.850000	0.5	8.758850
116.858333	0.5	8.736000
116.866667	0.5	8.745850
116.875000	0.5	8.752650
116.883333	0.5	8.742950
116.891667	0.5	8.734850
116.900000	0.5	8.752850
116.908333	0.5	8.736000
116.916667	0.5	8.749900
116.925000	0.5	8.751500
116.933333	0.5	8.745750
116.941667	0.5	8.748200
116.950000	0.5	8.746300
116.958333	0.5	8.750250
116.966667	0.5	8.748700
116.975000	0.5	8.749200
116.983333	0.5	8.749400
116.991667	0.5	8.757850
117.000000	0.5	8.752550
117.008333	0.5	8.749350
117.016667	0.5	8.754600
117.025000	0.5	8.771550
117.033333	0.5	8.768000
117.041667	0.5	8.762950
117.050000	0.5	8.755150
117.058333	0.5	8.754950
117.066667	0.5	8.759900
117.075000	0.5	8.747000
117.083333	0.5	8.747900
117.091667	0.5	8.761700
117.100000	0.5	8.740950
117.108333	0.5	8.743600
117.116667	0.5	8.747350
117.125000	0.5	8.744150
117.133333	0.5	8.743900
117.141667	0.5	8.733150
117.150000	0.5	8.732800
117.158333	0.5	8.742900
117.166667	0.5	8.745400
117.175000	0.5	8.740900
117.183333	0.5	8.734650
117.191667	0.5	8.739600
117.200000	0.5	8.732600
117.208333	0.5	8.735500
117.216667	0.5	8.737450
117.225000	0.5	8.730050
117.233333	0.5	8.746300
117.241667	0.5	8.728950
117.250000	0.5	8.723300
117.258333	0.5	8.716200
117.266667	0.5	8.745000
117.275000	0.5	8.726000
117.283333	0.5	8.724100
117.291667	0.5	8.730600
117.300000	0.5	8.727950
117.308333	0.5	8.732750
117.316667	0.5	8.736200
117.325000	0.5	8.729200
117.333333	0.5	8.738550
117.341667	0.5	8.726600
117.350000	0.5	8.740900
117.358333	0.5	8.732100
117.366667	0.5	8.730850
117.375000	0.5	8.720650
117.383333	0.5	8.718200
117.391667	0.5	8.733700
117.400000	0.5	8.720800
117.408333	0.5	8.717250
117.416667	0.5	8.726200
117.425000	0.5	8.721450
117.433333	0.5	8.729650
117.441667	0.5	8.737000
117.450000	0.5	8.731800
117.458333	0.5	8.729300
117.466667	0.5	8.737900
117.475000	0.5	8.739250
117.483333	0.5	8.732150
117.491667	0.5	8.745050
117.500000	0.5	8.753450
117.508333	0.5	8.752550
117.516667	0.5	8.744150
117.525000	0.5	8.752450
117.533333	0.5	8.759900
117.541667	0.5	8.760850
117.550000	0.5	8.771400
117.558333	0.5	8.771100
117.566667	0.5	8.777700
117.575000	0.5	8.786500
117.583333	0.5	8.805100
117.591667	0.5	8.808950
117.600000	0.5	8.807750
117.608333	0.5	8.838650
117.616667	0.5	8.833750
117.625000	0.5	8.854400
117.633333	0.5	8.867950
117.641667	0.5	8.876950
117.650000	0.5	8.891750
117.658333	0.5	8.909750
117.666667	0.5	8.927250
117.675000	0.5	8.943800
117.683333	0.5	8.959800
117.691667	0.5	8.975350
117.700000	0.5	8.985600
117.708333	0.5	9.015650
117.716667	0.5	9.036850
117.725000	0.5	9.059300
117.733333	0.5	9.075100
117.741667	0.5	9.100100
117.750000	0.5	9.117050
117.758333	0.5	9.155150
117.766667	0.5	9.178500
117.775000	0.5	9.208500
117.783333	0.5	9.232200
117.791667	0.5	9.275700
117.800000	0.5	9.302250
117.808333	0.5	9.341200
117.816667	0.5	9.377200
117.825000	0.5	9.401000
117.833333	0.5	9.437700
117.841667	0.5	9.474350
117.850000	0.5	9.521500
117.858333	0.5	9.546850
117.866667	0.5	9.602050
117.875000	0.5	9.643600
117.883333	0.5	9.685000
117.891667	0.5	9.723250
117.900000	0.5	9.775950
117.908333	0.5	9.823850
117.916667	0.5	9.870300
117.925000	0.5	9.921250
117.933333	0.5	9.968450
117.941667	0.5	10.033550
117.950000	0.5	10.088000
117.958333	0.5	10.149650
117.966667	0.5	10.208550
117.975000	0.5	10.276950
117.983333	0.5	10.343000
117.991667	0.5	10.429450
118.000000	0.5	10.495600
118.008333	0.5	10.580900
118.016667	0.5	10.645150
118.025000	0.5	10.727200
118.033333	0.5	10.801150
118.041667	0.5	10.876450
118.050000	0.5	10.972750
118.058333	0.5	11.071400
118.066667	0.5	11.158800
118.075000	0.5	11.262050
118.083333	0.5	11.358600
118.091667	0.5	11.462850
118.100000	0.5	11.568050
118.108333	0.5	11.672950
118.116667	0.5	11.783950
118.125000	0.5	11.876600
118.133333	0.5	11.982700
118.141667	0.5	12.086050
118.150000	0.5	12.190550
118.158333	0.5	12.290250
118.166667	0.5	12.391250
118.175000	0.5	12.482750
118.183333	0.5	12.567950
118.191667	0.5	12.648700
118.200000	0.5	12.729550
118.208333	0.5	12.807750
118.216667	0.5	12.883300
118.225000	0.5	12.939100
118.233333	0.5	13.001450
118.241667	0.5	13.072500
118.250000	0.5	13.137900
118.258333	0.5	13.191800
118.266667	0.5	13.247700
118.275000	0.5	13.296950
118.283333	0.5	13.342200
118.291667	0.5	13.373300
118.300000	0.5	13.400550
118.308333	0.5	13.422900
118.316667	0.5	13.453950
118.325000	0.5	13.474100
118.333333	0.5	13.474400
118.341667	0.5	13.472300
118.350000	0.5	13.463550
118.358333	0.5	13.445750
118.366667	0.5	13.417000
118.375000	0.5	13.374700
118.383333	0.5	13.337500
118.391667	0.5	13.261200
118.400000	0.5	13.192100
118.408333	0.5	13.107550
118.416667	0.5	13.004650
118.425000	0.5	12.907650
118.433333	0.5	12.808700
118.441667	0.5	12.695250
118.450000	0.5	12.577350
118.458333	0.5	12.459200
118.466667	0.5	12.349850
118.475000	0.5	12.227600
118.483333	0.5	12.125850
118.491667	0.5	12.024700
118.500000	0.5	11.916050
118.508333	0.5	11.818000
118.516667	0.5	11.730350
118.525000	0.5	11.661100
118.533333	0.5	11.581200
118.541667	0.5	11.508100
118.550000	0.5	11.445350
118.558333	0.5	11.389600
118.566667	0.5	11.342700
118.575000	0.5	11.287350
118.583333	0.5	11.262100
118.591667	0.5	11.226150
118.600000	0.5	11.181650
118.608333	0.5	11.155650
118.616667	0.5	11.136250
118.625000	0.5	11.095200
118.633333	0.5	11.068350
118.641667	0.5	11.034600
118.650000	0.5	11.003900
118.658333	0.5	10.968600
118.666667	0.5	10.953800
118.675000	0.5	10.915550
118.683333	0.5	10.875800
118.691667	0.5	10.849150
118.700000	0.5	10.824100
118.708333	0.5	10.804250
118.716667	0.5	10.783700
118.725000	0.5	10.763300
118.733333	0.5	10.749850
118.741667	0.5	10.730400
118.750000	0.5	10.721000
118.758333	0.5	10.694150
118.766667	0.5	10.688050
118.775000	0.5	10.673450
118.783333	0.5	10.664850
118.791667	0.5	10.652000
118.800000	0.5	10.617450
118.808333	0.5	10.622150
118.816667	0.5	10.614600
118.825000	0.5	10.611250
118.833333	0.5	10.604250
118.841667	0.5	10.590400
118.850000	0.5	10.587800
118.858333	0.5	10.587300
118.866667	0.5	10.587900
118.875000	0.5	10.577550
118.883333	0.5	10.569950
118.891667	0.5	10.571800
118.900000	0.5	10.555750
118.908333	0.5	10.550100
118.916667	0.5	10.555450
118.925000	0.5	10.545800
118.933333	0.5	10.548450
118.941667	0.5	10.546250
118.950000	0.5	10.530050
118.958333	0.5	10.538900
118.966667	0.5	10.530150
118.975000	0.5	10.546150
118.983333	0.5	10.536550
118.991667	0.5	10.535950
119.000000	0.5	10.523500
119.008333	0.5	10.533400
119.016667	0.5	10.527700
119.025000	0.5	10.539500
119.033333	0.5	10.535050
119.041667	0.5	10.526700
119.050000	0.5	10.539600
119.058333	0.5	10.523550
119.066667	0.5	10.544200
119.075000	0.5	10.533350
119.083333	0.5	10.526400
119.091667	0.5	10.540100
119.100000	0.5	10.525050
119.108333	0.5	10.532150
119.116667	0.5	10.523950
119.125000	0.5	10.526250
119.133333	0.5	10.517050
119.141667	0.5	10.523150
119.150000	0.5	10.532050
119.158333	0.5	10.535850
119.166667	0.5	10.524550
119.175000	0.5	10.529950
119.183333	0.5	10.542300
119.191667	0.5	10.544200
119.200000	0.5	10.553250
119.208333	0.5	10.535150
119.216667	0.5	10.536550
119.225000	0.5	10.562200
119.233333	0.5	10.550700
119.241667	0.5	10.554600
119.250000	0.5	10.540300
119.258333	0.5	10.547600
119.266667	0.5	10.543850
119.275000	0.5	10.535300
119.283333	0.5	10.538600
119.291667	0.5	10.545600
119.300000	0.5	10.530100
119.308333	0.5	10.540300
119.316667	0.5	10.527600
119.325000	0.5	10.526450
119.333333	0.5	10.535750
119.341667	0.5	10.520550
119.350000	0.5	10.520450
119.358333	0.5	10.518000
119.366667	0.5	10.514250
119.375000	0.5	10.507400
119.383333	0.5	10.492600
119.391667	0.5	10.476100
119.400000	0.5	10.472100
119.408333	0.5	10.462300
119.416667	0.5	10.454050
119.425000	0.5	10.433500
119.433333	0.5	10.418350
119.441667	0.5	10.395750
119.450000	0.5	10.364750
119.458333	0.5	10.338300
119.466667	0.5	10.323400
119.475000	0.5	10.300200
119.483333	0.5	10.303150
119.491667	0.5	10.261150
119.500000	0.5	10.256200
119.508333	0.5	10.242950
119.516667	0.5	10.218800
119.525000	0.5	10.213150
119.533333	0.5	10.211000
119.541667	0.5	10.195450
119.550000	0.5	10.186200
119.558333	0.5	10.183750
119.566667	0.5	10.162300
119.575000	0.5	10.163700
119.583333	0.5	10.175050
119.591667	0.5	10.165450
119.600000	0.5	10.167450
119.608333	0.5	10.157400
119.616667	0.5	10.161750
119.625000	0.5	10.162450
119.633333	0.5	10.158500
119.641667	0.5	10.155650
119.650000	0.5	10.167950
119.658333	0.5	10.177500
119.666667	0.5	10.161650
119.675000	0.5	10.177850
119.683333	0.5	10.188000
119.691667	0.5	10.198450
119.700000	0.5	10.193950
119.708333	0.5	10.206400
119.716667	0.5	10.202650
119.725000	0.5	10.219050
119.733333	0.5	10.223000
119.741667	0.5	10.233500
119.750000	0.5	10.241450
119.758333	0.5	10.256450
119.766667	0.5	10.265950
119.775000	0.5	10.262700
119.783333	0.5	10.284350
119.791667	0.5	10.266550
119.800000	0.5	10.278650
119.808333	0.5	10.273700
119.816667	0.5	10.281250
119.825000	0.5	10.296650
119.833333	0.5	10.296100
119.841667	0.5	10.309100
119.850000	0.5	10.307050
119.858333	0.5	10.309200
119.866667	0.5	10.320550
119.875000	0.5	10.311200
119.883333	0.5	10.301200
119.891667	0.5	10.299900
119.900000	0.5	10.287850
119.908333	0.5	10.282650
119.916667	0.5	10.278600
119.925000	0.5	10.250250
119.933333	0.5	10.242100
119.941667	0.5	10.239900
119.950000	0.5	10.225600
119.958333	0.5	10.223000
119.966667	0.5	10.197700
119.975000	0.5	10.207400
119.983333	0.5	10.196750
119.991667	0.5	10.191400
120.000000	0.5	10.189200
