URL	chrom://arspawyn4ahlab1/ChromeleonLocal/Instrument Data/ICS3000/2025_Feb 11.seq/319.smp/ED_1.channel/ED_1.chm
Channel	ED_1

Injection Information:
Data Vault	ChromeleonLocal
Sequence	2025_Feb 11
Name	15-A1 Alex
Number	9
Position	RB1
Comment	
Processing Method	Quantitative
Instrument Method	Neutral Oligosaccharides V ICS 3000
Type	Unknown
Status	Finished
Inject Time	2/12/2025 4:41:36 AM -05:00
Volume (µl)	25.0000
Dilution Factor	1.0000
Weight	1.0000

Chromatogram Data Information:
Time Min. (min)	0.000000
Time Max. (min)	120.000000
Data Points	14401
Detector	EDet1
Generating Data System	Chromeleon 7.3.0.60919
Exporting Data System	Chromeleon 7.3.0.0
Operator	Instrument Controller
Signal Quantity	
Signal Unit	nC
Signal Min.	-0.240050
Signal Max.	76.317751
Channel	ED_1
Driver Name	DC-3000
Channel Type	Evaluation
Min. Step (s)	0.5
Max. Step (s)	0.5
Average Step (s)	0.5

Signal Parameter Information:
Signal Info	

Chromatogram Data:
Time (min)	Step (s)	Value (nC)
0.000000	n.a.	0.025300
0.008333	0.5	0.021500
0.016667	0.5	0.021750
0.025000	0.5	0.015000
0.033333	0.5	0.003200
0.041667	0.5	-0.005950
0.050000	0.5	-0.009950
0.058333	0.5	-0.013600
0.066667	0.5	-0.014850
0.075000	0.5	-0.014850
0.083333	0.5	-0.012100
0.091667	0.5	-0.008950
0.100000	0.5	-0.010450
0.108333	0.5	-0.009650
0.116667	0.5	-0.007250
0.125000	0.5	-0.016950
0.133333	0.5	-0.025050
0.141667	0.5	-0.028950
0.150000	0.5	-0.030650
0.158333	0.5	-0.032300
0.166667	0.5	-0.032350
0.175000	0.5	-0.031350
0.183333	0.5	-0.027950
0.191667	0.5	-0.027300
0.200000	0.5	-0.026650
0.208333	0.5	-0.022350
0.216667	0.5	-0.025850
0.225000	0.5	-0.034100
0.233333	0.5	-0.040900
0.241667	0.5	-0.044800
0.250000	0.5	-0.045500
0.258333	0.5	-0.045450
0.266667	0.5	-0.043450
0.275000	0.5	-0.043400
0.283333	0.5	-0.039500
0.291667	0.5	-0.040150
0.300000	0.5	-0.037350
0.308333	0.5	-0.036450
0.316667	0.5	-0.044300
0.325000	0.5	-0.052200
0.333333	0.5	-0.055550
0.341667	0.5	-0.059250
0.350000	0.5	-0.060450
0.358333	0.5	-0.060050
0.366667	0.5	-0.060200
0.375000	0.5	-0.058450
0.383333	0.5	-0.054800
0.391667	0.5	-0.056900
0.400000	0.5	-0.050950
0.408333	0.5	-0.056500
0.416667	0.5	-0.065600
0.425000	0.5	-0.072750
0.433333	0.5	-0.073700
0.441667	0.5	-0.075100
0.450000	0.5	-0.075950
0.458333	0.5	-0.076550
0.466667	0.5	-0.074150
0.475000	0.5	-0.072600
0.483333	0.5	-0.071300
0.491667	0.5	-0.069950
0.500000	0.5	-0.067750
0.508333	0.5	-0.076150
0.516667	0.5	-0.083150
0.525000	0.5	-0.088750
0.533333	0.5	-0.090500
0.541667	0.5	-0.089950
0.550000	0.5	-0.090700
0.558333	0.5	-0.088100
0.566667	0.5	-0.088100
0.575000	0.5	-0.085900
0.583333	0.5	-0.085650
0.591667	0.5	-0.078900
0.600000	0.5	-0.084350
0.608333	0.5	-0.092600
0.616667	0.5	-0.098550
0.625000	0.5	-0.101700
0.633333	0.5	-0.102400
0.641667	0.5	-0.102850
0.650000	0.5	-0.102050
0.658333	0.5	-0.100650
0.666667	0.5	-0.098700
0.675000	0.5	-0.098350
0.683333	0.5	-0.094650
0.691667	0.5	-0.094350
0.700000	0.5	-0.100550
0.708333	0.5	-0.109400
0.716667	0.5	-0.112500
0.725000	0.5	-0.114000
0.733333	0.5	-0.115600
0.741667	0.5	-0.113750
0.750000	0.5	-0.114900
0.758333	0.5	-0.112200
0.766667	0.5	-0.110400
0.775000	0.5	-0.110600
0.783333	0.5	-0.106200
0.791667	0.5	-0.110550
0.800000	0.5	-0.119050
0.808333	0.5	-0.125450
0.816667	0.5	-0.128050
0.825000	0.5	-0.128350
0.833333	0.5	-0.128750
0.841667	0.5	-0.129000
0.850000	0.5	-0.126400
0.858333	0.5	-0.123200
0.866667	0.5	-0.123250
0.875000	0.5	-0.121750
0.883333	0.5	-0.119100
0.891667	0.5	-0.127000
0.900000	0.5	-0.136450
0.908333	0.5	-0.140500
0.916667	0.5	-0.142850
0.925000	0.5	-0.142950
0.933333	0.5	-0.141050
0.941667	0.5	-0.142050
0.950000	0.5	-0.138550
0.958333	0.5	-0.137550
0.966667	0.5	-0.139200
0.975000	0.5	-0.134850
0.983333	0.5	-0.137950
0.991667	0.5	-0.148650
1.000000	0.5	-0.154150
1.008333	0.5	-0.156500
1.016667	0.5	-0.158400
1.025000	0.5	-0.158450
1.033333	0.5	-0.157850
1.041667	0.5	-0.156700
1.050000	0.5	-0.153200
1.058333	0.5	-0.153050
1.066667	0.5	-0.152050
1.075000	0.5	-0.150650
1.083333	0.5	-0.158300
1.091667	0.5	-0.167550
1.100000	0.5	-0.170500
1.108333	0.5	-0.171600
1.116667	0.5	-0.172050
1.125000	0.5	-0.174350
1.133333	0.5	-0.172250
1.141667	0.5	-0.170250
1.150000	0.5	-0.168450
1.158333	0.5	-0.168550
1.166667	0.5	-0.164900
1.175000	0.5	-0.169550
1.183333	0.5	-0.177700
1.191667	0.5	-0.184050
1.200000	0.5	-0.184400
1.208333	0.5	-0.184950
1.216667	0.5	-0.186500
1.225000	0.5	-0.184800
1.233333	0.5	-0.184800
1.241667	0.5	-0.182200
1.250000	0.5	-0.182800
1.258333	0.5	-0.179100
1.266667	0.5	-0.177150
1.275000	0.5	-0.183500
1.283333	0.5	-0.190900
1.291667	0.5	-0.194450
1.300000	0.5	-0.196550
1.308333	0.5	-0.198400
1.316667	0.5	-0.198700
1.325000	0.5	-0.197100
1.333333	0.5	-0.193500
1.341667	0.5	-0.191200
1.350000	0.5	-0.192950
1.358333	0.5	-0.187050
1.366667	0.5	-0.193700
1.375000	0.5	-0.203650
1.383333	0.5	-0.208450
1.391667	0.5	-0.211950
1.400000	0.5	-0.213050
1.408333	0.5	-0.213450
1.416667	0.5	-0.213050
1.425000	0.5	-0.212350
1.433333	0.5	-0.211500
1.441667	0.5	-0.211800
1.450000	0.5	-0.208450
1.458333	0.5	-0.208700
1.466667	0.5	-0.216250
1.475000	0.5	-0.224050
1.483333	0.5	-0.228950
1.491667	0.5	-0.228200
1.500000	0.5	-0.229400
1.508333	0.5	-0.229650
1.516667	0.5	-0.228100
1.525000	0.5	-0.225400
1.533333	0.5	-0.223900
1.541667	0.5	-0.225000
1.550000	0.5	-0.217650
1.558333	0.5	-0.223100
1.566667	0.5	-0.232350
1.575000	0.5	-0.236300
1.583333	0.5	-0.238400
1.591667	0.5	-0.238700
1.600000	0.5	-0.240050
1.608333	0.5	-0.238200
1.616667	0.5	-0.234200
1.625000	0.5	-0.229800
1.633333	0.5	-0.228800
1.641667	0.5	-0.226900
1.650000	0.5	-0.224250
1.658333	0.5	-0.227000
1.666667	0.5	-0.218900
1.675000	0.5	-0.185700
1.683333	0.5	-0.104050
1.691667	0.5	0.073150
1.700000	0.5	0.353750
1.708333	0.5	0.704350
1.716667	0.5	1.116550
1.725000	0.5	1.603250
1.733333	0.5	2.160500
1.741667	0.5	2.768850
1.750000	0.5	3.382800
1.758333	0.5	3.974850
1.766667	0.5	4.516500
1.775000	0.5	4.977300
1.783333	0.5	5.335250
1.791667	0.5	5.579000
1.800000	0.5	5.717300
1.808333	0.5	5.758950
1.816667	0.5	5.722650
1.825000	0.5	5.604350
1.833333	0.5	5.428600
1.841667	0.5	5.161650
1.850000	0.5	4.801100
1.858333	0.5	4.392850
1.866667	0.5	4.019350
1.875000	0.5	3.645250
1.883333	0.5	3.298850
1.891667	0.5	3.011600
1.900000	0.5	2.792200
1.908333	0.5	2.636500
1.916667	0.5	2.519650
1.925000	0.5	2.435750
1.933333	0.5	2.391550
1.941667	0.5	2.390800
1.950000	0.5	2.475150
1.958333	0.5	2.713000
1.966667	0.5	3.137600
1.975000	0.5	3.776200
1.983333	0.5	4.666500
1.991667	0.5	5.815000
2.000000	0.5	7.154700
2.008333	0.5	8.493350
2.016667	0.5	9.618450
2.025000	0.5	10.398350
2.033333	0.5	10.792900
2.041667	0.5	10.826850
2.050000	0.5	10.584700
2.058333	0.5	10.142050
2.066667	0.5	9.568300
2.075000	0.5	8.912500
2.083333	0.5	8.215800
2.091667	0.5	7.490150
2.100000	0.5	6.755350
2.108333	0.5	6.033250
2.116667	0.5	5.358900
2.125000	0.5	4.768150
2.133333	0.5	4.267400
2.141667	0.5	3.861100
2.150000	0.5	3.542900
2.158333	0.5	3.303500
2.166667	0.5	3.124300
2.175000	0.5	2.991300
2.183333	0.5	2.891350
2.191667	0.5	2.818300
2.200000	0.5	2.760800
2.208333	0.5	2.708300
2.216667	0.5	2.659050
2.225000	0.5	2.607800
2.233333	0.5	2.543150
2.241667	0.5	2.469900
2.250000	0.5	2.393350
2.258333	0.5	2.313150
2.266667	0.5	2.231850
2.275000	0.5	2.149250
2.283333	0.5	2.065750
2.291667	0.5	1.984100
2.300000	0.5	1.903200
2.308333	0.5	1.818600
2.316667	0.5	1.737650
2.325000	0.5	1.648100
2.333333	0.5	1.560250
2.341667	0.5	1.480250
2.350000	0.5	1.422250
2.358333	0.5	1.389050
2.366667	0.5	1.375300
2.375000	0.5	1.376250
2.383333	0.5	1.388650
2.391667	0.5	1.403100
2.400000	0.5	1.415200
2.408333	0.5	1.421250
2.416667	0.5	1.419900
2.425000	0.5	1.407800
2.433333	0.5	1.394900
2.441667	0.5	1.380450
2.450000	0.5	1.368900
2.458333	0.5	1.358650
2.466667	0.5	1.347350
2.475000	0.5	1.335400
2.483333	0.5	1.323150
2.491667	0.5	1.308400
2.500000	0.5	1.287900
2.508333	0.5	1.270200
2.516667	0.5	1.251150
2.525000	0.5	1.227850
2.533333	0.5	1.206250
2.541667	0.5	1.185050
2.550000	0.5	1.166650
2.558333	0.5	1.148400
2.566667	0.5	1.133100
2.575000	0.5	1.115700
2.583333	0.5	1.115350
2.591667	0.5	1.065400
2.600000	0.5	1.032550
2.608333	0.5	1.003550
2.616667	0.5	0.971850
2.625000	0.5	0.950750
2.633333	0.5	0.946350
2.641667	0.5	0.959400
2.650000	0.5	0.981150
2.658333	0.5	1.009600
2.666667	0.5	1.040450
2.675000	0.5	1.068600
2.683333	0.5	1.091800
2.691667	0.5	1.110000
2.700000	0.5	1.126800
2.708333	0.5	1.136500
2.716667	0.5	1.148150
2.725000	0.5	1.165450
2.733333	0.5	1.196900
2.741667	0.5	1.236500
2.750000	0.5	1.281250
2.758333	0.5	1.329000
2.766667	0.5	1.372750
2.775000	0.5	1.409850
2.783333	0.5	1.430850
2.791667	0.5	1.445350
2.800000	0.5	1.454100
2.808333	0.5	1.451850
2.816667	0.5	1.447350
2.825000	0.5	1.442100
2.833333	0.5	1.428850
2.841667	0.5	1.409800
2.850000	0.5	1.382450
2.858333	0.5	1.353400
2.866667	0.5	1.323450
2.875000	0.5	1.292600
2.883333	0.5	1.262850
2.891667	0.5	1.241500
2.900000	0.5	1.215500
2.908333	0.5	1.192100
2.916667	0.5	1.177500
2.925000	0.5	1.174800
2.933333	0.5	1.183400
2.941667	0.5	1.209850
2.950000	0.5	1.251350
2.958333	0.5	1.306800
2.966667	0.5	1.369050
2.975000	0.5	1.434850
2.983333	0.5	1.503700
2.991667	0.5	1.575700
3.000000	0.5	1.639850
3.008333	0.5	1.701700
3.016667	0.5	1.759450
3.025000	0.5	1.806950
3.033333	0.5	1.841450
3.041667	0.5	1.864050
3.050000	0.5	1.875550
3.058333	0.5	1.878050
3.066667	0.5	1.870500
3.075000	0.5	1.851850
3.083333	0.5	1.828600
3.091667	0.5	1.799400
3.100000	0.5	1.783500
3.108333	0.5	1.786300
3.116667	0.5	1.812200
3.125000	0.5	1.850900
3.133333	0.5	1.901650
3.141667	0.5	1.959000
3.150000	0.5	2.017950
3.158333	0.5	2.074400
3.166667	0.5	2.120650
3.175000	0.5	2.165300
3.183333	0.5	2.201750
3.191667	0.5	2.224350
3.200000	0.5	2.240900
3.208333	0.5	2.253950
3.216667	0.5	2.266600
3.225000	0.5	2.272300
3.233333	0.5	2.274550
3.241667	0.5	2.276050
3.250000	0.5	2.274500
3.258333	0.5	2.270250
3.266667	0.5	2.260700
3.275000	0.5	2.253000
3.283333	0.5	2.237050
3.291667	0.5	2.213650
3.300000	0.5	2.196150
3.308333	0.5	2.182300
3.316667	0.5	2.167650
3.325000	0.5	2.157750
3.333333	0.5	2.148600
3.341667	0.5	2.146150
3.350000	0.5	2.144900
3.358333	0.5	2.142900
3.366667	0.5	2.144150
3.375000	0.5	2.146600
3.383333	0.5	2.144250
3.391667	0.5	2.139400
3.400000	0.5	2.141600
3.408333	0.5	2.142450
3.416667	0.5	2.143200
3.425000	0.5	2.145800
3.433333	0.5	2.148900
3.441667	0.5	2.152450
3.450000	0.5	2.150750
3.458333	0.5	2.145800
3.466667	0.5	2.138600
3.475000	0.5	2.119800
3.483333	0.5	2.093600
3.491667	0.5	2.063900
3.500000	0.5	2.030000
3.508333	0.5	1.991800
3.516667	0.5	1.949950
3.525000	0.5	1.907850
3.533333	0.5	1.862900
3.541667	0.5	1.823300
3.550000	0.5	1.781450
3.558333	0.5	1.750100
3.566667	0.5	1.720050
3.575000	0.5	1.689950
3.583333	0.5	1.667800
3.591667	0.5	1.654050
3.600000	0.5	1.645200
3.608333	0.5	1.643350
3.616667	0.5	1.645350
3.625000	0.5	1.649750
3.633333	0.5	1.656500
3.641667	0.5	1.662000
3.650000	0.5	1.668850
3.658333	0.5	1.676300
3.666667	0.5	1.677200
3.675000	0.5	1.672700
3.683333	0.5	1.673050
3.691667	0.5	1.675800
3.700000	0.5	1.676800
3.708333	0.5	1.680750
3.716667	0.5	1.686100
3.725000	0.5	1.695350
3.733333	0.5	1.702950
3.741667	0.5	1.708900
3.750000	0.5	1.720300
3.758333	0.5	1.726050
3.766667	0.5	1.725800
3.775000	0.5	1.726250
3.783333	0.5	1.728700
3.791667	0.5	1.733100
3.800000	0.5	1.734350
3.808333	0.5	1.736200
3.816667	0.5	1.740400
3.825000	0.5	1.744400
3.833333	0.5	1.745350
3.841667	0.5	1.747350
3.850000	0.5	1.753650
3.858333	0.5	1.746850
3.866667	0.5	1.740500
3.875000	0.5	1.740350
3.883333	0.5	1.740300
3.891667	0.5	1.741200
3.900000	0.5	1.743400
3.908333	0.5	1.747400
3.916667	0.5	1.749750
3.925000	0.5	1.751450
3.933333	0.5	1.749500
3.941667	0.5	1.751150
3.950000	0.5	1.746800
3.958333	0.5	1.735800
3.966667	0.5	1.719400
3.975000	0.5	1.710200
3.983333	0.5	1.697200
3.991667	0.5	1.685300
4.000000	0.5	1.674500
4.008333	0.5	1.665750
4.016667	0.5	1.659500
4.025000	0.5	1.654000
4.033333	0.5	1.648200
4.041667	0.5	1.646600
4.050000	0.5	1.635550
4.058333	0.5	1.623000
4.066667	0.5	1.616750
4.075000	0.5	1.611900
4.083333	0.5	1.604100
4.091667	0.5	1.600550
4.100000	0.5	1.596250
4.108333	0.5	1.593750
4.116667	0.5	1.591650
4.125000	0.5	1.586850
4.133333	0.5	1.587100
4.141667	0.5	1.581100
4.150000	0.5	1.569550
4.158333	0.5	1.560450
4.166667	0.5	1.554450
4.175000	0.5	1.550350
4.183333	0.5	1.546950
4.191667	0.5	1.544650
4.200000	0.5	1.544100
4.208333	0.5	1.546850
4.216667	0.5	1.545150
4.225000	0.5	1.545900
4.233333	0.5	1.548200
4.241667	0.5	1.541700
4.250000	0.5	1.531350
4.258333	0.5	1.527300
4.266667	0.5	1.521950
4.275000	0.5	1.518150
4.283333	0.5	1.511350
4.291667	0.5	1.504450
4.300000	0.5	1.500900
4.308333	0.5	1.496150
4.316667	0.5	1.484750
4.325000	0.5	1.479600
4.333333	0.5	1.466500
4.341667	0.5	1.449500
4.350000	0.5	1.433700
4.358333	0.5	1.421000
4.366667	0.5	1.410500
4.375000	0.5	1.398250
4.383333	0.5	1.387850
4.391667	0.5	1.378950
4.400000	0.5	1.371550
4.408333	0.5	1.359750
4.416667	0.5	1.347550
4.425000	0.5	1.341650
4.433333	0.5	1.326500
4.441667	0.5	1.311150
4.450000	0.5	1.304250
4.458333	0.5	1.299750
4.466667	0.5	1.298050
4.475000	0.5	1.299850
4.483333	0.5	1.304000
4.491667	0.5	1.309400
4.500000	0.5	1.314700
4.508333	0.5	1.316350
4.516667	0.5	1.320850
4.525000	0.5	1.319200
4.533333	0.5	1.312500
4.541667	0.5	1.304850
4.550000	0.5	1.300950
4.558333	0.5	1.298950
4.566667	0.5	1.294650
4.575000	0.5	1.289650
4.583333	0.5	1.284850
4.591667	0.5	1.284700
4.600000	0.5	1.280750
4.608333	0.5	1.274000
4.616667	0.5	1.271250
4.625000	0.5	1.259700
4.633333	0.5	1.247500
4.641667	0.5	1.240250
4.650000	0.5	1.232600
4.658333	0.5	1.228400
4.666667	0.5	1.222950
4.675000	0.5	1.221050
4.683333	0.5	1.223350
4.691667	0.5	1.221800
4.700000	0.5	1.221500
4.708333	0.5	1.226200
4.716667	0.5	1.222850
4.725000	0.5	1.218250
4.733333	0.5	1.213600
4.741667	0.5	1.214750
4.750000	0.5	1.216550
4.758333	0.5	1.219850
4.766667	0.5	1.222400
4.775000	0.5	1.227950
4.783333	0.5	1.236500
4.791667	0.5	1.237150
4.800000	0.5	1.238950
4.808333	0.5	1.239450
4.816667	0.5	1.232750
4.825000	0.5	1.221800
4.833333	0.5	1.215150
4.841667	0.5	1.208900
4.850000	0.5	1.199650
4.858333	0.5	1.194300
4.866667	0.5	1.189450
4.875000	0.5	1.186550
4.883333	0.5	1.184850
4.891667	0.5	1.177300
4.900000	0.5	1.179400
4.908333	0.5	1.172800
4.916667	0.5	1.164450
4.925000	0.5	1.156200
4.933333	0.5	1.154700
4.941667	0.5	1.153350
4.950000	0.5	1.153650
4.958333	0.5	1.155150
4.966667	0.5	1.154900
4.975000	0.5	1.157900
4.983333	0.5	1.156350
4.991667	0.5	1.155900
5.000000	0.5	1.154800
5.008333	0.5	1.146100
5.016667	0.5	1.135200
5.025000	0.5	1.126550
5.033333	0.5	1.118450
5.041667	0.5	1.109850
5.050000	0.5	1.103200
5.058333	0.5	1.095300
5.066667	0.5	1.087450
5.075000	0.5	1.081100
5.083333	0.5	1.073100
5.091667	0.5	1.069900
5.100000	0.5	1.059550
5.108333	0.5	1.044450
5.116667	0.5	1.031050
5.125000	0.5	1.024700
5.133333	0.5	1.018750
5.141667	0.5	1.013150
5.150000	0.5	1.009050
5.158333	0.5	1.007250
5.166667	0.5	1.006650
5.175000	0.5	1.007250
5.183333	0.5	1.005250
5.191667	0.5	1.006900
5.200000	0.5	1.000050
5.208333	0.5	0.992900
5.216667	0.5	0.988300
5.225000	0.5	0.984850
5.233333	0.5	0.983650
5.241667	0.5	0.985450
5.250000	0.5	0.984350
5.258333	0.5	0.987950
5.266667	0.5	0.991350
5.275000	0.5	0.988750
5.283333	0.5	0.989550
5.291667	0.5	0.989000
5.300000	0.5	0.980250
5.308333	0.5	0.973800
5.316667	0.5	0.969550
5.325000	0.5	0.966200
5.333333	0.5	0.964550
5.341667	0.5	0.962000
5.350000	0.5	0.962250
5.358333	0.5	0.965000
5.366667	0.5	0.964800
5.375000	0.5	0.962550
5.383333	0.5	0.966250
5.391667	0.5	0.958850
5.400000	0.5	0.949150
5.408333	0.5	0.945900
5.416667	0.5	0.943250
5.425000	0.5	0.942450
5.433333	0.5	0.942000
5.441667	0.5	0.942600
5.450000	0.5	0.948500
5.458333	0.5	0.947550
5.466667	0.5	0.947150
5.475000	0.5	0.950850
5.483333	0.5	0.947800
5.491667	0.5	0.940100
5.500000	0.5	0.934800
5.508333	0.5	0.933550
5.516667	0.5	0.932350
5.525000	0.5	0.932450
5.533333	0.5	0.932400
5.541667	0.5	0.934500
5.550000	0.5	0.936200
5.558333	0.5	0.936250
5.566667	0.5	0.937200
5.575000	0.5	0.939250
5.583333	0.5	0.932300
5.591667	0.5	0.925300
5.600000	0.5	0.921850
5.608333	0.5	0.920600
5.616667	0.5	0.919300
5.625000	0.5	0.918600
5.633333	0.5	0.918850
5.641667	0.5	0.923450
5.650000	0.5	0.924650
5.658333	0.5	0.924500
5.666667	0.5	0.929150
5.675000	0.5	0.924350
5.683333	0.5	0.917400
5.691667	0.5	0.910150
5.700000	0.5	0.909600
5.708333	0.5	0.906350
5.716667	0.5	0.906650
5.725000	0.5	0.903500
5.733333	0.5	0.904900
5.741667	0.5	0.905000
5.750000	0.5	0.905350
5.758333	0.5	0.905250
5.766667	0.5	0.905400
5.775000	0.5	0.897350
5.783333	0.5	0.890150
5.791667	0.5	0.885500
5.800000	0.5	0.881500
5.808333	0.5	0.880150
5.816667	0.5	0.878000
5.825000	0.5	0.878950
5.833333	0.5	0.883700
5.841667	0.5	0.884300
5.850000	0.5	0.883150
5.858333	0.5	0.889700
5.866667	0.5	0.886300
5.875000	0.5	0.879400
5.883333	0.5	0.875750
5.891667	0.5	0.875800
5.900000	0.5	0.875500
5.908333	0.5	0.877900
5.916667	0.5	0.878750
5.925000	0.5	0.883000
5.933333	0.5	0.887600
5.941667	0.5	0.892600
5.950000	0.5	0.893550
5.958333	0.5	0.897450
5.966667	0.5	0.893400
5.975000	0.5	0.886600
5.983333	0.5	0.883200
5.991667	0.5	0.881700
6.000000	0.5	0.881200
6.008333	0.5	0.879750
6.016667	0.5	0.879950
6.025000	0.5	0.880650
6.033333	0.5	0.883200
6.041667	0.5	0.882250
6.050000	0.5	0.884450
6.058333	0.5	0.881850
6.066667	0.5	0.875400
6.075000	0.5	0.866350
6.083333	0.5	0.864850
6.091667	0.5	0.861900
6.100000	0.5	0.861150
6.108333	0.5	0.860500
6.116667	0.5	0.861600
6.125000	0.5	0.865400
6.133333	0.5	0.865150
6.141667	0.5	0.864900
6.150000	0.5	0.868300
6.158333	0.5	0.860750
6.166667	0.5	0.852900
6.175000	0.5	0.850100
6.183333	0.5	0.848200
6.191667	0.5	0.847800
6.200000	0.5	0.848050
6.208333	0.5	0.850200
6.216667	0.5	0.854450
6.225000	0.5	0.859450
6.233333	0.5	0.858300
6.241667	0.5	0.864500
6.250000	0.5	0.865150
6.258333	0.5	0.858400
6.266667	0.5	0.855050
6.275000	0.5	0.855650
6.283333	0.5	0.856750
6.291667	0.5	0.857850
6.300000	0.5	0.862800
6.308333	0.5	0.866750
6.316667	0.5	0.872800
6.325000	0.5	0.873400
6.333333	0.5	0.877350
6.341667	0.5	0.883400
6.350000	0.5	0.877800
6.358333	0.5	0.871350
6.366667	0.5	0.869600
6.375000	0.5	0.868600
6.383333	0.5	0.867900
6.391667	0.5	0.868050
6.400000	0.5	0.868300
6.408333	0.5	0.869400
6.416667	0.5	0.872400
6.425000	0.5	0.870450
6.433333	0.5	0.872050
6.441667	0.5	0.867050
6.450000	0.5	0.858700
6.458333	0.5	0.850150
6.466667	0.5	0.850200
6.475000	0.5	0.846300
6.483333	0.5	0.845800
6.491667	0.5	0.844100
6.500000	0.5	0.846050
6.508333	0.5	0.847900
6.516667	0.5	0.847000
6.525000	0.5	0.849400
6.533333	0.5	0.849050
6.541667	0.5	0.841950
6.550000	0.5	0.834400
6.558333	0.5	0.831700
6.566667	0.5	0.831350
6.575000	0.5	0.829800
6.583333	0.5	0.829550
6.591667	0.5	0.830650
6.600000	0.5	0.831850
6.608333	0.5	0.833550
6.616667	0.5	0.834100
6.625000	0.5	0.840350
6.633333	0.5	0.839450
6.641667	0.5	0.833700
6.650000	0.5	0.825550
6.658333	0.5	0.825600
6.666667	0.5	0.827050
6.675000	0.5	0.826150
6.683333	0.5	0.829950
6.691667	0.5	0.831450
6.700000	0.5	0.835650
6.708333	0.5	0.837200
6.716667	0.5	0.843400
6.725000	0.5	0.845250
6.733333	0.5	0.840650
6.741667	0.5	0.835550
6.750000	0.5	0.835300
6.758333	0.5	0.836800
6.766667	0.5	0.836550
6.775000	0.5	0.840250
6.783333	0.5	0.842000
6.791667	0.5	0.847550
6.800000	0.5	0.850300
6.808333	0.5	0.852650
6.816667	0.5	0.860650
6.825000	0.5	0.861250
6.833333	0.5	0.857100
6.841667	0.5	0.855250
6.850000	0.5	0.857450
6.858333	0.5	0.860600
6.866667	0.5	0.861850
6.875000	0.5	0.866000
6.883333	0.5	0.872700
6.891667	0.5	0.880000
6.900000	0.5	0.885750
6.908333	0.5	0.892200
6.916667	0.5	0.900050
6.925000	0.5	0.898900
6.933333	0.5	0.896500
6.941667	0.5	0.900050
6.950000	0.5	0.902150
6.958333	0.5	0.905150
6.966667	0.5	0.911300
6.975000	0.5	0.918050
6.983333	0.5	0.921650
6.991667	0.5	0.929150
7.000000	0.5	0.928800
7.008333	0.5	0.937500
7.016667	0.5	0.937500
7.025000	0.5	0.930500
7.033333	0.5	0.926050
7.041667	0.5	0.924500
7.050000	0.5	0.923700
7.058333	0.5	0.921900
7.066667	0.5	0.919550
7.075000	0.5	0.919000
7.083333	0.5	0.922700
7.091667	0.5	0.919700
7.100000	0.5	0.919950
7.108333	0.5	0.919600
7.116667	0.5	0.911850
7.125000	0.5	0.901050
7.133333	0.5	0.897850
7.141667	0.5	0.892750
7.150000	0.5	0.889250
7.158333	0.5	0.889050
7.166667	0.5	0.886550
7.175000	0.5	0.889700
7.183333	0.5	0.889150
7.191667	0.5	0.886400
7.200000	0.5	0.890000
7.208333	0.5	0.882550
7.216667	0.5	0.876150
7.225000	0.5	0.869700
7.233333	0.5	0.867950
7.241667	0.5	0.863900
7.250000	0.5	0.862350
7.258333	0.5	0.859850
7.266667	0.5	0.859400
7.275000	0.5	0.860800
7.283333	0.5	0.859100
7.291667	0.5	0.861300
7.300000	0.5	0.861150
7.308333	0.5	0.853200
7.316667	0.5	0.844000
7.325000	0.5	0.839650
7.333333	0.5	0.838300
7.341667	0.5	0.834350
7.350000	0.5	0.832750
7.358333	0.5	0.833650
7.366667	0.5	0.836350
7.375000	0.5	0.836400
7.383333	0.5	0.835400
7.391667	0.5	0.838800
7.400000	0.5	0.835500
7.408333	0.5	0.825500
7.416667	0.5	0.820450
7.425000	0.5	0.818550
7.433333	0.5	0.818700
7.441667	0.5	0.817600
7.450000	0.5	0.819050
7.458333	0.5	0.824050
7.466667	0.5	0.827600
7.475000	0.5	0.829100
7.483333	0.5	0.831850
7.491667	0.5	0.835500
7.500000	0.5	0.832400
7.508333	0.5	0.826900
7.516667	0.5	0.826650
7.525000	0.5	0.827950
7.533333	0.5	0.830550
7.541667	0.5	0.833450
7.550000	0.5	0.838100
7.558333	0.5	0.844100
7.566667	0.5	0.852200
7.575000	0.5	0.852350
7.583333	0.5	0.863800
7.591667	0.5	0.862950
7.600000	0.5	0.859800
7.608333	0.5	0.858100
7.616667	0.5	0.858750
7.625000	0.5	0.863000
7.633333	0.5	0.867350
7.641667	0.5	0.873050
7.650000	0.5	0.878850
7.658333	0.5	0.888050
7.666667	0.5	0.891500
7.675000	0.5	0.899350
7.683333	0.5	0.905500
7.691667	0.5	0.902250
7.700000	0.5	0.900550
7.708333	0.5	0.903200
7.716667	0.5	0.905800
7.725000	0.5	0.910500
7.733333	0.5	0.916150
7.741667	0.5	0.920300
7.750000	0.5	0.929400
7.758333	0.5	0.935300
7.766667	0.5	0.939250
7.775000	0.5	0.948500
7.783333	0.5	0.950650
7.791667	0.5	0.950800
7.800000	0.5	0.947850
7.808333	0.5	0.950950
7.816667	0.5	0.956550
7.825000	0.5	0.960900
7.833333	0.5	0.965250
7.841667	0.5	0.972950
7.850000	0.5	0.980450
7.858333	0.5	0.987000
7.866667	0.5	0.994650
7.875000	0.5	1.000650
7.883333	0.5	1.000650
7.891667	0.5	0.999300
7.900000	0.5	1.003600
7.908333	0.5	1.008000
7.916667	0.5	1.015100
7.925000	0.5	1.022150
7.933333	0.5	1.030200
7.941667	0.5	1.042700
7.950000	0.5	1.050450
7.958333	0.5	1.059700
7.966667	0.5	1.074550
7.975000	0.5	1.078100
7.983333	0.5	1.080500
7.991667	0.5	1.085150
8.000000	0.5	1.093000
8.008333	0.5	1.101300
8.016667	0.5	1.112150
8.025000	0.5	1.125700
8.033333	0.5	1.140450
8.041667	0.5	1.154650
8.050000	0.5	1.167600
8.058333	0.5	1.184150
8.066667	0.5	1.201250
8.075000	0.5	1.206750
8.083333	0.5	1.215050
8.091667	0.5	1.228550
8.100000	0.5	1.239500
8.108333	0.5	1.254450
8.116667	0.5	1.270500
8.125000	0.5	1.284300
8.133333	0.5	1.301500
8.141667	0.5	1.317800
8.150000	0.5	1.328850
8.158333	0.5	1.345450
8.166667	0.5	1.352550
8.175000	0.5	1.354350
8.183333	0.5	1.358300
8.191667	0.5	1.365050
8.200000	0.5	1.372150
8.208333	0.5	1.376550
8.216667	0.5	1.384100
8.225000	0.5	1.390450
8.233333	0.5	1.397000
8.241667	0.5	1.397850
8.250000	0.5	1.404200
8.258333	0.5	1.405600
8.266667	0.5	1.399900
8.275000	0.5	1.393350
8.283333	0.5	1.389400
8.291667	0.5	1.387450
8.300000	0.5	1.386300
8.308333	0.5	1.386500
8.316667	0.5	1.387650
8.325000	0.5	1.392200
8.333333	0.5	1.392750
8.341667	0.5	1.393900
8.350000	0.5	1.399550
8.358333	0.5	1.396650
8.366667	0.5	1.394650
8.375000	0.5	1.388550
8.383333	0.5	1.392200
8.391667	0.5	1.392800
8.400000	0.5	1.397550
8.408333	0.5	1.401100
8.416667	0.5	1.408750
8.425000	0.5	1.418500
8.433333	0.5	1.423800
8.441667	0.5	1.430900
8.450000	0.5	1.438850
8.458333	0.5	1.439700
8.466667	0.5	1.440850
8.475000	0.5	1.442250
8.483333	0.5	1.446350
8.491667	0.5	1.452900
8.500000	0.5	1.459550
8.508333	0.5	1.469500
8.516667	0.5	1.481000
8.525000	0.5	1.486750
8.533333	0.5	1.494700
8.541667	0.5	1.503750
8.550000	0.5	1.507600
8.558333	0.5	1.507500
8.566667	0.5	1.509500
8.575000	0.5	1.515300
8.583333	0.5	1.518200
8.591667	0.5	1.526150
8.600000	0.5	1.535700
8.608333	0.5	1.546200
8.616667	0.5	1.556800
8.625000	0.5	1.566700
8.633333	0.5	1.574450
8.641667	0.5	1.581050
8.650000	0.5	1.584200
8.658333	0.5	1.582050
8.666667	0.5	1.588150
8.675000	0.5	1.592400
8.683333	0.5	1.600950
8.691667	0.5	1.606050
8.700000	0.5	1.616050
8.708333	0.5	1.625600
8.716667	0.5	1.634050
8.725000	0.5	1.640250
8.733333	0.5	1.652000
8.741667	0.5	1.655350
8.750000	0.5	1.656100
8.758333	0.5	1.658000
8.766667	0.5	1.665100
8.775000	0.5	1.672800
8.783333	0.5	1.680300
8.791667	0.5	1.688200
8.800000	0.5	1.699300
8.808333	0.5	1.713450
8.816667	0.5	1.720900
8.825000	0.5	1.735100
8.833333	0.5	1.746700
8.841667	0.5	1.752200
8.850000	0.5	1.758600
8.858333	0.5	1.770300
8.866667	0.5	1.784850
8.875000	0.5	1.800500
8.883333	0.5	1.817950
8.891667	0.5	1.840800
8.900000	0.5	1.866100
8.908333	0.5	1.893150
8.916667	0.5	1.920450
8.925000	0.5	1.949400
8.933333	0.5	1.981000
8.941667	0.5	2.007750
8.950000	0.5	2.038900
8.958333	0.5	2.077400
8.966667	0.5	2.117800
8.975000	0.5	2.164200
8.983333	0.5	2.214550
8.991667	0.5	2.265850
9.000000	0.5	2.323550
9.008333	0.5	2.376200
9.016667	0.5	2.433100
9.025000	0.5	2.491200
9.033333	0.5	2.543550
9.041667	0.5	2.593300
9.050000	0.5	2.648100
9.058333	0.5	2.704350
9.066667	0.5	2.758450
9.075000	0.5	2.808450
9.083333	0.5	2.859050
9.091667	0.5	2.906350
9.100000	0.5	2.950650
9.108333	0.5	2.984100
9.116667	0.5	3.018700
9.125000	0.5	3.039250
9.133333	0.5	3.049050
9.141667	0.5	3.057750
9.150000	0.5	3.063700
9.158333	0.5	3.061550
9.166667	0.5	3.056250
9.175000	0.5	3.048850
9.183333	0.5	3.036450
9.191667	0.5	3.021200
9.200000	0.5	2.998700
9.208333	0.5	2.976850
9.216667	0.5	2.954500
9.225000	0.5	2.917900
9.233333	0.5	2.882150
9.241667	0.5	2.850700
9.250000	0.5	2.818750
9.258333	0.5	2.788000
9.266667	0.5	2.760150
9.275000	0.5	2.728200
9.283333	0.5	2.697650
9.291667	0.5	2.673300
9.300000	0.5	2.648300
9.308333	0.5	2.627300
9.316667	0.5	2.598350
9.325000	0.5	2.572650
9.333333	0.5	2.547950
9.341667	0.5	2.523250
9.350000	0.5	2.501700
9.358333	0.5	2.484750
9.366667	0.5	2.468700
9.375000	0.5	2.457400
9.383333	0.5	2.445350
9.391667	0.5	2.436050
9.400000	0.5	2.427950
9.408333	0.5	2.422850
9.416667	0.5	2.407400
9.425000	0.5	2.399200
9.433333	0.5	2.395100
9.441667	0.5	2.388450
9.450000	0.5	2.386150
9.458333	0.5	2.385250
9.466667	0.5	2.387350
9.475000	0.5	2.392600
9.483333	0.5	2.394800
9.491667	0.5	2.401300
9.500000	0.5	2.406000
9.508333	0.5	2.405850
9.516667	0.5	2.404650
9.525000	0.5	2.404950
9.533333	0.5	2.409950
9.541667	0.5	2.414650
9.550000	0.5	2.419900
9.558333	0.5	2.428900
9.566667	0.5	2.435750
9.575000	0.5	2.443950
9.583333	0.5	2.452200
9.591667	0.5	2.460050
9.600000	0.5	2.468100
9.608333	0.5	2.470600
9.616667	0.5	2.471300
9.625000	0.5	2.474600
9.633333	0.5	2.480400
9.641667	0.5	2.487850
9.650000	0.5	2.494100
9.658333	0.5	2.503600
9.666667	0.5	2.512750
9.675000	0.5	2.523450
9.683333	0.5	2.526000
9.691667	0.5	2.540600
9.700000	0.5	2.543800
9.708333	0.5	2.543600
9.716667	0.5	2.547150
9.725000	0.5	2.555150
9.733333	0.5	2.560250
9.741667	0.5	2.569400
9.750000	0.5	2.575550
9.758333	0.5	2.585200
9.766667	0.5	2.596300
9.775000	0.5	2.602150
9.783333	0.5	2.612400
9.791667	0.5	2.624700
9.800000	0.5	2.626950
9.808333	0.5	2.631450
9.816667	0.5	2.637350
9.825000	0.5	2.643400
9.833333	0.5	2.652450
9.841667	0.5	2.662900
9.850000	0.5	2.675100
9.858333	0.5	2.687350
9.866667	0.5	2.700900
9.875000	0.5	2.708550
9.883333	0.5	2.725200
9.891667	0.5	2.731200
9.900000	0.5	2.734400
9.908333	0.5	2.741400
9.916667	0.5	2.751400
9.925000	0.5	2.762100
9.933333	0.5	2.774500
9.941667	0.5	2.786050
9.950000	0.5	2.798050
9.958333	0.5	2.815000
9.966667	0.5	2.826300
9.975000	0.5	2.837650
9.983333	0.5	2.852950
9.991667	0.5	2.858750
10.000000	0.5	2.862350
10.008333	0.5	2.872250
10.016667	0.5	2.883250
10.025000	0.5	2.892250
10.033333	0.5	2.902350
10.041667	0.5	2.913900
10.050000	0.5	2.926900
10.058333	0.5	2.935250
10.066667	0.5	2.946300
10.075000	0.5	2.958950
10.083333	0.5	2.960700
10.091667	0.5	2.961850
10.100000	0.5	2.962500
10.108333	0.5	2.967550
10.116667	0.5	2.966550
10.125000	0.5	2.970100
10.133333	0.5	2.969800
10.141667	0.5	2.973250
10.150000	0.5	2.979300
10.158333	0.5	2.975400
10.166667	0.5	2.975300
10.175000	0.5	2.976100
10.183333	0.5	2.969950
10.191667	0.5	2.962750
10.200000	0.5	2.960350
10.208333	0.5	2.960900
10.216667	0.5	2.960600
10.225000	0.5	2.962050
10.233333	0.5	2.965150
10.241667	0.5	2.969650
10.250000	0.5	2.976550
10.258333	0.5	2.980950
10.266667	0.5	2.992650
10.275000	0.5	2.993750
10.283333	0.5	2.994550
10.291667	0.5	2.998100
10.300000	0.5	3.005850
10.308333	0.5	3.014950
10.316667	0.5	3.020650
10.325000	0.5	3.030800
10.333333	0.5	3.044950
10.341667	0.5	3.054600
10.350000	0.5	3.065200
10.358333	0.5	3.078400
10.366667	0.5	3.088000
10.375000	0.5	3.092800
10.383333	0.5	3.099400
10.391667	0.5	3.107550
10.400000	0.5	3.121250
10.408333	0.5	3.131300
10.416667	0.5	3.139200
10.425000	0.5	3.153600
10.433333	0.5	3.166900
10.441667	0.5	3.180300
10.450000	0.5	3.193100
10.458333	0.5	3.209850
10.466667	0.5	3.218300
10.475000	0.5	3.226850
10.483333	0.5	3.235850
10.491667	0.5	3.253000
10.500000	0.5	3.263900
10.508333	0.5	3.278050
10.516667	0.5	3.295350
10.525000	0.5	3.308950
10.533333	0.5	3.324050
10.541667	0.5	3.336050
10.550000	0.5	3.349050
10.558333	0.5	3.361400
10.566667	0.5	3.364000
10.575000	0.5	3.366200
10.583333	0.5	3.363900
10.591667	0.5	3.365600
10.600000	0.5	3.365850
10.608333	0.5	3.361100
10.616667	0.5	3.362300
10.625000	0.5	3.355000
10.633333	0.5	3.348100
10.641667	0.5	3.342750
10.650000	0.5	3.338250
10.658333	0.5	3.327250
10.666667	0.5	3.312000
10.675000	0.5	3.298200
10.683333	0.5	3.293100
10.691667	0.5	3.281750
10.700000	0.5	3.272900
10.708333	0.5	3.267500
10.716667	0.5	3.264550
10.725000	0.5	3.259400
10.733333	0.5	3.256500
10.741667	0.5	3.253300
10.750000	0.5	3.254500
10.758333	0.5	3.247950
10.766667	0.5	3.241800
10.775000	0.5	3.237700
10.783333	0.5	3.238550
10.791667	0.5	3.241050
10.800000	0.5	3.241300
10.808333	0.5	3.246900
10.816667	0.5	3.249400
10.825000	0.5	3.260450
10.833333	0.5	3.262600
10.841667	0.5	3.275500
10.850000	0.5	3.280500
10.858333	0.5	3.282300
10.866667	0.5	3.289800
10.875000	0.5	3.295600
10.883333	0.5	3.315650
10.891667	0.5	3.318100
10.900000	0.5	3.324050
10.908333	0.5	3.335250
10.916667	0.5	3.345850
10.925000	0.5	3.349200
10.933333	0.5	3.355050
10.941667	0.5	3.359400
10.950000	0.5	3.354250
10.958333	0.5	3.346300
10.966667	0.5	3.341800
10.975000	0.5	3.336050
10.983333	0.5	3.326550
10.991667	0.5	3.320250
11.000000	0.5	3.315200
11.008333	0.5	3.310750
11.016667	0.5	3.308800
11.025000	0.5	3.301150
11.033333	0.5	3.301650
11.041667	0.5	3.295150
11.050000	0.5	3.285000
11.058333	0.5	3.278450
11.066667	0.5	3.275200
11.075000	0.5	3.273450
11.083333	0.5	3.272200
11.091667	0.5	3.272050
11.100000	0.5	3.271150
11.108333	0.5	3.275150
11.116667	0.5	3.271950
11.125000	0.5	3.274000
11.133333	0.5	3.275050
11.141667	0.5	3.271100
11.150000	0.5	3.265400
11.158333	0.5	3.264900
11.166667	0.5	3.260350
11.175000	0.5	3.260600
11.183333	0.5	3.262700
11.191667	0.5	3.260900
11.200000	0.5	3.262600
11.208333	0.5	3.263350
11.216667	0.5	3.263150
11.225000	0.5	3.264650
11.233333	0.5	3.263250
11.241667	0.5	3.255500
11.250000	0.5	3.248300
11.258333	0.5	3.246450
11.266667	0.5	3.245200
11.275000	0.5	3.242250
11.283333	0.5	3.242800
11.291667	0.5	3.242100
11.300000	0.5	3.244450
11.308333	0.5	3.241750
11.316667	0.5	3.242550
11.325000	0.5	3.241300
11.333333	0.5	3.235800
11.341667	0.5	3.231650
11.350000	0.5	3.230550
11.358333	0.5	3.228100
11.366667	0.5	3.228900
11.375000	0.5	3.234200
11.383333	0.5	3.240000
11.391667	0.5	3.253400
11.400000	0.5	3.266850
11.408333	0.5	3.290150
11.416667	0.5	3.319750
11.425000	0.5	3.350200
11.433333	0.5	3.380500
11.441667	0.5	3.420450
11.450000	0.5	3.468350
11.458333	0.5	3.519050
11.466667	0.5	3.572700
11.475000	0.5	3.625300
11.483333	0.5	3.677050
11.491667	0.5	3.732150
11.500000	0.5	3.782650
11.508333	0.5	3.827500
11.516667	0.5	3.870150
11.525000	0.5	3.902650
11.533333	0.5	3.930300
11.541667	0.5	3.955950
11.550000	0.5	3.980850
11.558333	0.5	4.002050
11.566667	0.5	4.019400
11.575000	0.5	4.040800
11.583333	0.5	4.055550
11.591667	0.5	4.071850
11.600000	0.5	4.087800
11.608333	0.5	4.101900
11.616667	0.5	4.116900
11.625000	0.5	4.123350
11.633333	0.5	4.133350
11.641667	0.5	4.142350
11.650000	0.5	4.152000
11.658333	0.5	4.163150
11.666667	0.5	4.174800
11.675000	0.5	4.186500
11.683333	0.5	4.197800
11.691667	0.5	4.210950
11.700000	0.5	4.219900
11.708333	0.5	4.232300
11.716667	0.5	4.238700
11.725000	0.5	4.246750
11.733333	0.5	4.253750
11.741667	0.5	4.265550
11.750000	0.5	4.275550
11.758333	0.5	4.284750
11.766667	0.5	4.298400
11.775000	0.5	4.310350
11.783333	0.5	4.326450
11.791667	0.5	4.340750
11.800000	0.5	4.358050
11.808333	0.5	4.370700
11.816667	0.5	4.380250
11.825000	0.5	4.387900
11.833333	0.5	4.405750
11.841667	0.5	4.420400
11.850000	0.5	4.438200
11.858333	0.5	4.451700
11.866667	0.5	4.471250
11.875000	0.5	4.492150
11.883333	0.5	4.510400
11.891667	0.5	4.529150
11.900000	0.5	4.552000
11.908333	0.5	4.562700
11.916667	0.5	4.579300
11.925000	0.5	4.599400
11.933333	0.5	4.619000
11.941667	0.5	4.638850
11.950000	0.5	4.657100
11.958333	0.5	4.680000
11.966667	0.5	4.701950
11.975000	0.5	4.729650
11.983333	0.5	4.751100
11.991667	0.5	4.777300
12.000000	0.5	4.802000
12.008333	0.5	4.822900
12.016667	0.5	4.844000
12.025000	0.5	4.873200
12.033333	0.5	4.903350
12.041667	0.5	4.933850
12.050000	0.5	4.966000
12.058333	0.5	5.003700
12.066667	0.5	5.042650
12.075000	0.5	5.085800
12.083333	0.5	5.126000
12.091667	0.5	5.175950
12.100000	0.5	5.223900
12.108333	0.5	5.270950
12.116667	0.5	5.321800
12.125000	0.5	5.381650
12.133333	0.5	5.443100
12.141667	0.5	5.508800
12.150000	0.5	5.575400
12.158333	0.5	5.650750
12.166667	0.5	5.727350
12.175000	0.5	5.799550
12.183333	0.5	5.879250
12.191667	0.5	5.959200
12.200000	0.5	6.034100
12.208333	0.5	6.110050
12.216667	0.5	6.186750
12.225000	0.5	6.265550
12.233333	0.5	6.337200
12.241667	0.5	6.413850
12.250000	0.5	6.484800
12.258333	0.5	6.554750
12.266667	0.5	6.617750
12.275000	0.5	6.678650
12.283333	0.5	6.737300
12.291667	0.5	6.787250
12.300000	0.5	6.834400
12.308333	0.5	6.876050
12.316667	0.5	6.912200
12.325000	0.5	6.946900
12.333333	0.5	6.981750
12.341667	0.5	7.010600
12.350000	0.5	7.035400
12.358333	0.5	7.057200
12.366667	0.5	7.074100
12.375000	0.5	7.086050
12.383333	0.5	7.100300
12.391667	0.5	7.103950
12.400000	0.5	7.104100
12.408333	0.5	7.112650
12.416667	0.5	7.111250
12.425000	0.5	7.112650
12.433333	0.5	7.112600
12.441667	0.5	7.109200
12.450000	0.5	7.107650
12.458333	0.5	7.100600
12.466667	0.5	7.094700
12.475000	0.5	7.093100
12.483333	0.5	7.084400
12.491667	0.5	7.072550
12.500000	0.5	7.064850
12.508333	0.5	7.055850
12.516667	0.5	7.044700
12.525000	0.5	7.032550
12.533333	0.5	7.023850
12.541667	0.5	7.015200
12.550000	0.5	7.006100
12.558333	0.5	6.993200
12.566667	0.5	6.981750
12.575000	0.5	6.968100
12.583333	0.5	6.952450
12.591667	0.5	6.935650
12.600000	0.5	6.920800
12.608333	0.5	6.900600
12.616667	0.5	6.888100
12.625000	0.5	6.868400
12.633333	0.5	6.851800
12.641667	0.5	6.833600
12.650000	0.5	6.816800
12.658333	0.5	6.797150
12.666667	0.5	6.781050
12.675000	0.5	6.765800
12.683333	0.5	6.746200
12.691667	0.5	6.732250
12.700000	0.5	6.719000
12.708333	0.5	6.708600
12.716667	0.5	6.700700
12.725000	0.5	6.694900
12.733333	0.5	6.693150
12.741667	0.5	6.691750
12.750000	0.5	6.690150
12.758333	0.5	6.694550
12.766667	0.5	6.698250
12.775000	0.5	6.705400
12.783333	0.5	6.709250
12.791667	0.5	6.718400
12.800000	0.5	6.728450
12.808333	0.5	6.739500
12.816667	0.5	6.751750
12.825000	0.5	6.763600
12.833333	0.5	6.776450
12.841667	0.5	6.793700
12.850000	0.5	6.808250
12.858333	0.5	6.825750
12.866667	0.5	6.842750
12.875000	0.5	6.856100
12.883333	0.5	6.875700
12.891667	0.5	6.892600
12.900000	0.5	6.911600
12.908333	0.5	6.931200
12.916667	0.5	6.953900
12.925000	0.5	6.975550
12.933333	0.5	6.996750
12.941667	0.5	7.019200
12.950000	0.5	7.047300
12.958333	0.5	7.067800
12.966667	0.5	7.092250
12.975000	0.5	7.113500
12.983333	0.5	7.136650
12.991667	0.5	7.159900
13.000000	0.5	7.187500
13.008333	0.5	7.213700
13.016667	0.5	7.239850
13.025000	0.5	7.263850
13.033333	0.5	7.292750
13.041667	0.5	7.316000
13.050000	0.5	7.348400
13.058333	0.5	7.375450
13.066667	0.5	7.399550
13.075000	0.5	7.427700
13.083333	0.5	7.452400
13.091667	0.5	7.483100
13.100000	0.5	7.509100
13.108333	0.5	7.538600
13.116667	0.5	7.563000
13.125000	0.5	7.592400
13.133333	0.5	7.618050
13.141667	0.5	7.647950
13.150000	0.5	7.677700
13.158333	0.5	7.701750
13.166667	0.5	7.724500
13.175000	0.5	7.749950
13.183333	0.5	7.774950
13.191667	0.5	7.800600
13.200000	0.5	7.823500
13.208333	0.5	7.846250
13.216667	0.5	7.869550
13.225000	0.5	7.895700
13.233333	0.5	7.916250
13.241667	0.5	7.944350
13.250000	0.5	7.967650
13.258333	0.5	7.990300
13.266667	0.5	8.009250
13.275000	0.5	8.031900
13.283333	0.5	8.053550
13.291667	0.5	8.077550
13.300000	0.5	8.098450
13.308333	0.5	8.120600
13.316667	0.5	8.145150
13.325000	0.5	8.167800
13.333333	0.5	8.194200
13.341667	0.5	8.220950
13.350000	0.5	8.243650
13.358333	0.5	8.263400
13.366667	0.5	8.291700
13.375000	0.5	8.318200
13.383333	0.5	8.345750
13.391667	0.5	8.370650
13.400000	0.5	8.398750
13.408333	0.5	8.428400
13.416667	0.5	8.456200
13.425000	0.5	8.482250
13.433333	0.5	8.518300
13.441667	0.5	8.548150
13.450000	0.5	8.582250
13.458333	0.5	8.608250
13.466667	0.5	8.639250
13.475000	0.5	8.668400
13.483333	0.5	8.701550
13.491667	0.5	8.731050
13.500000	0.5	8.759300
13.508333	0.5	8.789150
13.516667	0.5	8.817100
13.525000	0.5	8.847450
13.533333	0.5	8.877650
13.541667	0.5	8.904200
13.550000	0.5	8.927100
13.558333	0.5	8.951550
13.566667	0.5	8.975500
13.575000	0.5	8.997050
13.583333	0.5	9.017400
13.591667	0.5	9.039300
13.600000	0.5	9.062300
13.608333	0.5	9.086200
13.616667	0.5	9.099350
13.625000	0.5	9.126750
13.633333	0.5	9.148950
13.641667	0.5	9.168700
13.650000	0.5	9.186500
13.658333	0.5	9.203000
13.666667	0.5	9.223300
13.675000	0.5	9.245000
13.683333	0.5	9.265750
13.691667	0.5	9.286350
13.700000	0.5	9.311600
13.708333	0.5	9.328650
13.716667	0.5	9.354950
13.725000	0.5	9.382500
13.733333	0.5	9.404500
13.741667	0.5	9.428800
13.750000	0.5	9.453300
13.758333	0.5	9.477300
13.766667	0.5	9.505750
13.775000	0.5	9.533000
13.783333	0.5	9.560000
13.791667	0.5	9.592450
13.800000	0.5	9.625000
13.808333	0.5	9.651850
13.816667	0.5	9.687900
13.825000	0.5	9.721900
13.833333	0.5	9.756950
13.841667	0.5	9.790250
13.850000	0.5	9.823600
13.858333	0.5	9.857050
13.866667	0.5	9.888000
13.875000	0.5	9.923950
13.883333	0.5	9.956950
13.891667	0.5	9.993000
13.900000	0.5	10.025850
13.908333	0.5	10.059750
13.916667	0.5	10.099800
13.925000	0.5	10.138750
13.933333	0.5	10.171450
13.941667	0.5	10.204200
13.950000	0.5	10.239050
13.958333	0.5	10.273350
13.966667	0.5	10.306600
13.975000	0.5	10.337800
13.983333	0.5	10.372550
13.991667	0.5	10.407850
14.000000	0.5	10.434100
14.008333	0.5	10.477750
14.016667	0.5	10.514050
14.025000	0.5	10.548200
14.033333	0.5	10.582000
14.041667	0.5	10.616900
14.050000	0.5	10.647300
14.058333	0.5	10.679550
14.066667	0.5	10.710250
14.075000	0.5	10.744450
14.083333	0.5	10.774400
14.091667	0.5	10.803600
14.100000	0.5	10.837000
14.108333	0.5	10.876600
14.116667	0.5	10.906700
14.125000	0.5	10.937400
14.133333	0.5	10.966850
14.141667	0.5	10.994950
14.150000	0.5	11.025300
14.158333	0.5	11.052750
14.166667	0.5	11.078450
14.175000	0.5	11.106500
14.183333	0.5	11.135450
14.191667	0.5	11.153900
14.200000	0.5	11.190450
14.208333	0.5	11.221150
14.216667	0.5	11.247900
14.225000	0.5	11.274850
14.233333	0.5	11.299000
14.241667	0.5	11.324500
14.250000	0.5	11.350750
14.258333	0.5	11.376100
14.266667	0.5	11.398400
14.275000	0.5	11.427750
14.283333	0.5	11.453550
14.291667	0.5	11.481200
14.300000	0.5	11.516150
14.308333	0.5	11.549000
14.316667	0.5	11.569200
14.325000	0.5	11.602400
14.333333	0.5	11.629400
14.341667	0.5	11.658150
14.350000	0.5	11.689800
14.358333	0.5	11.713650
14.366667	0.5	11.745050
14.375000	0.5	11.777850
14.383333	0.5	11.800700
14.391667	0.5	11.842150
14.400000	0.5	11.880100
14.408333	0.5	11.919650
14.416667	0.5	11.949250
14.425000	0.5	11.981600
14.433333	0.5	12.013400
14.441667	0.5	12.047250
14.450000	0.5	12.082200
14.458333	0.5	12.115350
14.466667	0.5	12.149450
14.475000	0.5	12.183100
14.483333	0.5	12.215650
14.491667	0.5	12.259450
14.500000	0.5	12.299850
14.508333	0.5	12.330300
14.516667	0.5	12.367950
14.525000	0.5	12.402000
14.533333	0.5	12.435300
14.541667	0.5	12.468150
14.550000	0.5	12.499350
14.558333	0.5	12.531250
14.566667	0.5	12.571900
14.575000	0.5	12.594050
14.583333	0.5	12.636250
14.591667	0.5	12.675900
14.600000	0.5	12.712800
14.608333	0.5	12.745600
14.616667	0.5	12.779850
14.625000	0.5	12.810800
14.633333	0.5	12.844300
14.641667	0.5	12.875600
14.650000	0.5	12.907350
14.658333	0.5	12.939350
14.666667	0.5	12.969950
14.675000	0.5	13.001200
14.683333	0.5	13.042550
14.691667	0.5	13.078500
14.700000	0.5	13.107300
14.708333	0.5	13.139100
14.716667	0.5	13.168000
14.725000	0.5	13.198350
14.733333	0.5	13.227150
14.741667	0.5	13.253550
14.750000	0.5	13.280300
14.758333	0.5	13.315400
14.766667	0.5	13.330050
14.775000	0.5	13.373100
14.783333	0.5	13.405500
14.791667	0.5	13.438450
14.800000	0.5	13.468200
14.808333	0.5	13.494000
14.816667	0.5	13.523200
14.825000	0.5	13.555750
14.833333	0.5	13.583250
14.841667	0.5	13.610900
14.850000	0.5	13.643300
14.858333	0.5	13.673850
14.866667	0.5	13.707350
14.875000	0.5	13.752150
14.883333	0.5	13.791050
14.891667	0.5	13.822600
14.900000	0.5	13.856600
14.908333	0.5	13.895750
14.916667	0.5	13.935700
14.925000	0.5	13.971150
14.933333	0.5	14.004450
14.941667	0.5	14.045950
14.950000	0.5	14.089600
14.958333	0.5	14.114750
14.966667	0.5	14.161500
14.975000	0.5	14.209050
14.983333	0.5	14.248200
14.991667	0.5	14.281600
15.000000	0.5	14.316050
15.008333	0.5	14.347550
15.016667	0.5	14.371800
15.025000	0.5	14.394250
15.033333	0.5	14.414400
15.041667	0.5	14.432500
15.050000	0.5	14.445050
15.058333	0.5	14.456150
15.066667	0.5	14.475650
15.075000	0.5	14.484650
15.083333	0.5	14.478500
15.091667	0.5	14.474300
15.100000	0.5	14.466750
15.108333	0.5	14.460750
15.116667	0.5	14.447700
15.125000	0.5	14.430550
15.133333	0.5	14.418650
15.141667	0.5	14.406150
15.150000	0.5	14.384700
15.158333	0.5	14.383250
15.166667	0.5	14.382550
15.175000	0.5	14.379350
15.183333	0.5	14.369000
15.191667	0.5	14.364500
15.200000	0.5	14.365700
15.208333	0.5	14.367750
15.216667	0.5	14.371500
15.225000	0.5	14.379950
15.233333	0.5	14.397500
15.241667	0.5	14.412600
15.250000	0.5	14.439450
15.258333	0.5	14.483000
15.266667	0.5	14.521600
15.275000	0.5	14.562050
15.283333	0.5	14.602450
15.291667	0.5	14.653000
15.300000	0.5	14.708650
15.308333	0.5	14.763450
15.316667	0.5	14.819050
15.325000	0.5	14.888450
15.333333	0.5	14.959800
15.341667	0.5	15.023000
15.350000	0.5	15.107250
15.358333	0.5	15.194100
15.366667	0.5	15.277800
15.375000	0.5	15.359050
15.383333	0.5	15.441000
15.391667	0.5	15.522450
15.400000	0.5	15.606400
15.408333	0.5	15.687200
15.416667	0.5	15.765850
15.425000	0.5	15.850100
15.433333	0.5	15.926050
15.441667	0.5	16.003450
15.450000	0.5	16.092450
15.458333	0.5	16.176500
15.466667	0.5	16.248250
15.475000	0.5	16.321300
15.483333	0.5	16.393500
15.491667	0.5	16.454850
15.500000	0.5	16.518100
15.508333	0.5	16.574050
15.516667	0.5	16.630800
15.525000	0.5	16.699750
15.533333	0.5	16.735550
15.541667	0.5	16.802700
15.550000	0.5	16.868150
15.558333	0.5	16.918700
15.566667	0.5	16.968150
15.575000	0.5	17.015650
15.583333	0.5	17.058700
15.591667	0.5	17.097300
15.600000	0.5	17.142800
15.608333	0.5	17.179500
15.616667	0.5	17.216850
15.625000	0.5	17.250600
15.633333	0.5	17.287250
15.641667	0.5	17.335850
15.650000	0.5	17.383950
15.658333	0.5	17.413150
15.666667	0.5	17.449950
15.675000	0.5	17.479550
15.683333	0.5	17.510150
15.691667	0.5	17.536550
15.700000	0.5	17.562200
15.708333	0.5	17.587750
15.716667	0.5	17.622650
15.725000	0.5	17.631700
15.733333	0.5	17.674450
15.741667	0.5	17.717750
15.750000	0.5	17.747050
15.758333	0.5	17.770650
15.766667	0.5	17.796300
15.775000	0.5	17.818500
15.783333	0.5	17.840600
15.791667	0.5	17.865900
15.800000	0.5	17.885050
15.808333	0.5	17.908650
15.816667	0.5	17.925450
15.825000	0.5	17.954850
15.833333	0.5	17.997950
15.841667	0.5	18.038700
15.850000	0.5	18.065250
15.858333	0.5	18.095750
15.866667	0.5	18.132800
15.875000	0.5	18.170950
15.883333	0.5	18.213800
15.891667	0.5	18.258250
15.900000	0.5	18.316650
15.908333	0.5	18.382550
15.916667	0.5	18.442450
15.925000	0.5	18.543900
15.933333	0.5	18.655900
15.941667	0.5	18.768650
15.950000	0.5	18.892550
15.958333	0.5	19.028400
15.966667	0.5	19.175050
15.975000	0.5	19.335500
15.983333	0.5	19.502650
15.991667	0.5	19.676450
16.000000	0.5	19.860250
16.008333	0.5	20.033900
16.016667	0.5	20.219950
16.025000	0.5	20.418150
16.033333	0.5	20.598100
16.041667	0.5	20.748400
16.050000	0.5	20.880850
16.058333	0.5	20.988150
16.066667	0.5	21.065900
16.075000	0.5	21.112550
16.083333	0.5	21.120350
16.091667	0.5	21.106350
16.100000	0.5	21.064000
16.108333	0.5	20.966850
16.116667	0.5	20.884350
16.125000	0.5	20.772900
16.133333	0.5	20.627850
16.141667	0.5	20.459800
16.150000	0.5	20.279800
16.158333	0.5	20.086700
16.166667	0.5	19.889900
16.175000	0.5	19.690700
16.183333	0.5	19.494600
16.191667	0.5	19.309050
16.200000	0.5	19.121950
16.208333	0.5	18.958750
16.216667	0.5	18.815100
16.225000	0.5	18.681850
16.233333	0.5	18.550400
16.241667	0.5	18.435100
16.250000	0.5	18.335850
16.258333	0.5	18.252900
16.266667	0.5	18.184200
16.275000	0.5	18.129300
16.283333	0.5	18.087800
16.291667	0.5	18.075000
16.300000	0.5	18.056000
16.308333	0.5	18.078600
16.316667	0.5	18.109850
16.325000	0.5	18.151250
16.333333	0.5	18.204300
16.341667	0.5	18.267750
16.350000	0.5	18.345250
16.358333	0.5	18.436900
16.366667	0.5	18.538350
16.375000	0.5	18.650750
16.383333	0.5	18.779600
16.391667	0.5	18.907350
16.400000	0.5	19.060900
16.408333	0.5	19.233850
16.416667	0.5	19.407850
16.425000	0.5	19.583900
16.433333	0.5	19.770750
16.441667	0.5	19.961350
16.450000	0.5	20.151200
16.458333	0.5	20.346700
16.466667	0.5	20.535950
16.475000	0.5	20.722700
16.483333	0.5	20.919500
16.491667	0.5	21.080000
16.500000	0.5	21.271450
16.508333	0.5	21.448800
16.516667	0.5	21.596700
16.525000	0.5	21.731300
16.533333	0.5	21.844450
16.541667	0.5	21.938750
16.550000	0.5	22.012650
16.558333	0.5	22.073550
16.566667	0.5	22.116550
16.575000	0.5	22.141800
16.583333	0.5	22.149950
16.591667	0.5	22.159050
16.600000	0.5	22.176700
16.608333	0.5	22.184100
16.616667	0.5	22.165200
16.625000	0.5	22.150500
16.633333	0.5	22.137900
16.641667	0.5	22.123950
16.650000	0.5	22.116000
16.658333	0.5	22.119100
16.666667	0.5	22.124900
16.675000	0.5	22.148300
16.683333	0.5	22.167800
16.691667	0.5	22.245900
16.700000	0.5	22.341450
16.708333	0.5	22.456400
16.716667	0.5	22.596850
16.725000	0.5	22.772650
16.733333	0.5	22.994000
16.741667	0.5	23.263850
16.750000	0.5	23.602000
16.758333	0.5	24.008300
16.766667	0.5	24.502550
16.775000	0.5	25.089600
16.783333	0.5	25.816350
16.791667	0.5	26.704700
16.800000	0.5	27.750850
16.808333	0.5	28.954050
16.816667	0.5	30.350000
16.825000	0.5	31.926700
16.833333	0.5	33.692251
16.841667	0.5	35.634751
16.850000	0.5	37.740951
16.858333	0.5	40.033351
16.866667	0.5	42.500601
16.875000	0.5	45.066451
16.883333	0.5	47.865251
16.891667	0.5	50.778601
16.900000	0.5	53.753751
16.908333	0.5	56.740751
16.916667	0.5	59.679501
16.925000	0.5	62.510451
16.933333	0.5	65.170351
16.941667	0.5	67.623451
16.950000	0.5	69.806601
16.958333	0.5	71.727251
16.966667	0.5	73.277301
16.975000	0.5	74.538201
16.983333	0.5	75.520701
16.991667	0.5	76.129551
17.000000	0.5	76.317751
17.008333	0.5	76.157051
17.016667	0.5	75.654851
17.025000	0.5	74.837451
17.033333	0.5	73.733901
17.041667	0.5	72.357301
17.050000	0.5	70.777501
17.058333	0.5	69.029951
17.066667	0.5	67.046151
17.075000	0.5	65.052701
17.083333	0.5	62.956101
17.091667	0.5	60.741201
17.100000	0.5	58.474851
17.108333	0.5	56.188001
17.116667	0.5	53.910851
17.125000	0.5	51.658101
17.133333	0.5	49.467351
17.141667	0.5	47.325951
17.150000	0.5	45.267951
17.158333	0.5	43.276001
17.166667	0.5	41.411551
17.175000	0.5	39.656501
17.183333	0.5	37.981651
17.191667	0.5	36.379751
17.200000	0.5	34.878851
17.208333	0.5	33.481700
17.216667	0.5	32.176950
17.225000	0.5	30.971450
17.233333	0.5	29.858900
17.241667	0.5	28.831550
17.250000	0.5	27.894000
17.258333	0.5	27.019650
17.266667	0.5	26.236800
17.275000	0.5	25.516050
17.283333	0.5	24.844500
17.291667	0.5	24.232250
17.300000	0.5	23.671850
17.308333	0.5	23.160200
17.316667	0.5	22.691600
17.325000	0.5	22.269100
17.333333	0.5	21.882050
17.341667	0.5	21.535750
17.350000	0.5	21.209900
17.358333	0.5	20.928000
17.366667	0.5	20.676400
17.375000	0.5	20.443450
17.383333	0.5	20.229200
17.391667	0.5	20.040700
17.400000	0.5	19.874950
17.408333	0.5	19.730800
17.416667	0.5	19.608750
17.425000	0.5	19.504550
17.433333	0.5	19.424500
17.441667	0.5	19.363750
17.450000	0.5	19.308900
17.458333	0.5	19.294500
17.466667	0.5	19.291500
17.475000	0.5	19.301450
17.483333	0.5	19.325900
17.491667	0.5	19.361600
17.500000	0.5	19.410500
17.508333	0.5	19.471650
17.516667	0.5	19.544350
17.525000	0.5	19.625950
17.533333	0.5	19.712700
17.541667	0.5	19.795400
17.550000	0.5	19.897900
17.558333	0.5	20.012350
17.566667	0.5	20.129150
17.575000	0.5	20.227700
17.583333	0.5	20.331500
17.591667	0.5	20.427150
17.600000	0.5	20.521750
17.608333	0.5	20.610800
17.616667	0.5	20.689500
17.625000	0.5	20.767400
17.633333	0.5	20.840850
17.641667	0.5	20.890650
17.650000	0.5	20.966550
17.658333	0.5	21.028750
17.666667	0.5	21.078050
17.675000	0.5	21.122200
17.683333	0.5	21.152650
17.691667	0.5	21.179500
17.700000	0.5	21.199250
17.708333	0.5	21.208850
17.716667	0.5	21.220650
17.725000	0.5	21.232000
17.733333	0.5	21.220300
17.741667	0.5	21.231200
17.750000	0.5	21.245000
17.758333	0.5	21.254100
17.766667	0.5	21.241750
17.775000	0.5	21.228000
17.783333	0.5	21.217800
17.791667	0.5	21.202200
17.800000	0.5	21.184400
17.808333	0.5	21.154300
17.816667	0.5	21.132300
17.825000	0.5	21.113250
17.833333	0.5	21.070100
17.841667	0.5	21.057750
17.850000	0.5	21.040950
17.858333	0.5	21.012450
17.866667	0.5	20.981150
17.875000	0.5	20.948000
17.883333	0.5	20.910550
17.891667	0.5	20.870600
17.900000	0.5	20.828150
17.908333	0.5	20.787250
17.916667	0.5	20.753100
17.925000	0.5	20.702300
17.933333	0.5	20.674950
17.941667	0.5	20.653850
17.950000	0.5	20.630650
17.958333	0.5	20.589400
17.966667	0.5	20.552900
17.975000	0.5	20.520650
17.983333	0.5	20.483450
17.991667	0.5	20.447150
18.000000	0.5	20.406500
18.008333	0.5	20.371400
18.016667	0.5	20.342900
18.025000	0.5	20.286450
18.033333	0.5	20.265200
18.041667	0.5	20.236200
18.050000	0.5	20.187200
18.058333	0.5	20.136550
18.066667	0.5	20.074350
18.075000	0.5	19.998500
18.083333	0.5	19.910800
18.091667	0.5	19.810550
18.100000	0.5	19.697250
18.108333	0.5	19.573250
18.116667	0.5	19.417200
18.125000	0.5	19.264100
18.133333	0.5	19.100200
18.141667	0.5	18.919050
18.150000	0.5	18.713150
18.158333	0.5	18.497800
18.166667	0.5	18.285650
18.175000	0.5	18.073900
18.183333	0.5	17.869500
18.191667	0.5	17.691900
18.200000	0.5	17.499800
18.208333	0.5	17.351150
18.216667	0.5	17.210600
18.225000	0.5	17.113400
18.233333	0.5	17.032950
18.241667	0.5	16.966550
18.250000	0.5	16.918800
18.258333	0.5	16.891400
18.266667	0.5	16.881000
18.275000	0.5	16.873900
18.283333	0.5	16.889300
18.291667	0.5	16.909300
18.300000	0.5	16.936300
18.308333	0.5	16.957600
18.316667	0.5	16.995150
18.325000	0.5	17.037650
18.333333	0.5	17.074500
18.341667	0.5	17.093700
18.350000	0.5	17.104150
18.358333	0.5	17.105950
18.366667	0.5	17.094300
18.375000	0.5	17.064450
18.383333	0.5	17.011550
18.391667	0.5	16.944450
18.400000	0.5	16.857950
18.408333	0.5	16.738650
18.416667	0.5	16.625750
18.425000	0.5	16.483250
18.433333	0.5	16.317150
18.441667	0.5	16.142750
18.450000	0.5	15.951000
18.458333	0.5	15.760400
18.466667	0.5	15.561200
18.475000	0.5	15.372350
18.483333	0.5	15.193600
18.491667	0.5	15.029200
18.500000	0.5	14.869750
18.508333	0.5	14.746150
18.516667	0.5	14.641150
18.525000	0.5	14.550000
18.533333	0.5	14.474250
18.541667	0.5	14.415800
18.550000	0.5	14.377200
18.558333	0.5	14.354900
18.566667	0.5	14.348850
18.575000	0.5	14.348600
18.583333	0.5	14.365600
18.591667	0.5	14.389350
18.600000	0.5	14.413900
18.608333	0.5	14.462450
18.616667	0.5	14.513950
18.625000	0.5	14.560500
18.633333	0.5	14.620750
18.641667	0.5	14.677900
18.650000	0.5	14.736900
18.658333	0.5	14.798650
18.666667	0.5	14.865750
18.675000	0.5	14.928550
18.683333	0.5	14.999600
18.691667	0.5	15.058550
18.700000	0.5	15.138550
18.708333	0.5	15.214300
18.716667	0.5	15.293300
18.725000	0.5	15.362550
18.733333	0.5	15.435850
18.741667	0.5	15.508400
18.750000	0.5	15.580650
18.758333	0.5	15.651450
18.766667	0.5	15.723950
18.775000	0.5	15.794200
18.783333	0.5	15.872150
18.791667	0.5	15.934800
18.800000	0.5	16.018000
18.808333	0.5	16.099300
18.816667	0.5	16.170350
18.825000	0.5	16.245450
18.833333	0.5	16.313800
18.841667	0.5	16.380850
18.850000	0.5	16.448050
18.858333	0.5	16.510200
18.866667	0.5	16.573300
18.875000	0.5	16.645150
18.883333	0.5	16.700500
18.891667	0.5	16.768650
18.900000	0.5	16.840450
18.908333	0.5	16.909450
18.916667	0.5	16.964950
18.925000	0.5	17.021200
18.933333	0.5	17.077300
18.941667	0.5	17.129850
18.950000	0.5	17.177550
18.958333	0.5	17.221750
18.966667	0.5	17.264800
18.975000	0.5	17.309550
18.983333	0.5	17.338100
18.991667	0.5	17.389700
19.000000	0.5	17.430550
19.008333	0.5	17.460050
19.016667	0.5	17.492150
19.025000	0.5	17.516100
19.033333	0.5	17.536300
19.041667	0.5	17.554600
19.050000	0.5	17.570450
19.058333	0.5	17.578200
19.066667	0.5	17.593250
19.075000	0.5	17.586950
19.083333	0.5	17.599300
19.091667	0.5	17.618100
19.100000	0.5	17.628000
19.108333	0.5	17.624000
19.116667	0.5	17.622250
19.125000	0.5	17.619350
19.133333	0.5	17.613750
19.141667	0.5	17.604050
19.150000	0.5	17.595400
19.158333	0.5	17.583150
19.166667	0.5	17.577800
19.175000	0.5	17.556750
19.183333	0.5	17.564550
19.191667	0.5	17.563900
19.200000	0.5	17.552100
19.208333	0.5	17.543600
19.216667	0.5	17.531150
19.225000	0.5	17.518750
19.233333	0.5	17.518550
19.241667	0.5	17.489650
19.250000	0.5	17.476100
19.258333	0.5	17.461950
19.266667	0.5	17.434400
19.275000	0.5	17.428400
19.283333	0.5	17.424950
19.291667	0.5	17.416950
19.300000	0.5	17.397200
19.308333	0.5	17.377100
19.316667	0.5	17.353300
19.325000	0.5	17.333000
19.333333	0.5	17.313100
19.341667	0.5	17.288150
19.350000	0.5	17.260400
19.358333	0.5	17.238100
19.366667	0.5	17.202850
19.375000	0.5	17.186900
19.383333	0.5	17.167750
19.391667	0.5	17.126400
19.400000	0.5	17.076450
19.408333	0.5	17.009150
19.416667	0.5	16.913850
19.425000	0.5	16.778950
19.433333	0.5	16.587950
19.441667	0.5	16.348300
19.450000	0.5	16.058950
19.458333	0.5	15.722350
19.466667	0.5	15.408750
19.475000	0.5	15.133100
19.483333	0.5	14.929900
19.491667	0.5	14.835700
19.500000	0.5	14.882750
19.508333	0.5	15.073050
19.516667	0.5	15.406700
19.525000	0.5	15.866900
19.533333	0.5	16.428000
19.541667	0.5	17.069300
19.550000	0.5	17.750800
19.558333	0.5	18.439550
19.566667	0.5	19.132200
19.575000	0.5	19.788650
19.583333	0.5	20.397750
19.591667	0.5	20.955050
19.600000	0.5	21.448900
19.608333	0.5	21.872900
19.616667	0.5	22.230450
19.625000	0.5	22.523050
19.633333	0.5	22.756200
19.641667	0.5	22.935800
19.650000	0.5	23.058050
19.658333	0.5	23.154800
19.666667	0.5	23.206900
19.675000	0.5	23.229500
19.683333	0.5	23.219550
19.691667	0.5	23.193000
19.700000	0.5	23.138750
19.708333	0.5	23.073250
19.716667	0.5	22.998250
19.725000	0.5	22.909800
19.733333	0.5	22.815450
19.741667	0.5	22.718600
19.750000	0.5	22.608500
19.758333	0.5	22.512450
19.766667	0.5	22.408250
19.775000	0.5	22.293850
19.783333	0.5	22.187650
19.791667	0.5	22.077600
19.800000	0.5	21.968350
19.808333	0.5	21.859850
19.816667	0.5	21.749750
19.825000	0.5	21.651050
19.833333	0.5	21.561100
19.841667	0.5	21.463250
19.850000	0.5	21.386750
19.858333	0.5	21.314350
19.866667	0.5	21.243150
19.875000	0.5	21.175100
19.883333	0.5	21.112300
19.891667	0.5	21.056150
19.900000	0.5	20.999850
19.908333	0.5	20.945400
19.916667	0.5	20.901200
19.925000	0.5	20.854900
19.933333	0.5	20.820250
19.941667	0.5	20.784750
19.950000	0.5	20.770000
19.958333	0.5	20.756400
19.966667	0.5	20.742300
19.975000	0.5	20.739100
19.983333	0.5	20.742400
19.991667	0.5	20.752550
20.000000	0.5	20.771950
20.008333	0.5	20.801750
20.016667	0.5	20.836150
20.025000	0.5	20.890900
20.033333	0.5	20.943150
20.041667	0.5	21.021550
20.050000	0.5	21.113600
20.058333	0.5	21.208450
20.066667	0.5	21.306000
20.075000	0.5	21.412350
20.083333	0.5	21.510550
20.091667	0.5	21.588550
20.100000	0.5	21.642450
20.108333	0.5	21.644150
20.116667	0.5	21.570750
20.125000	0.5	21.425050
20.133333	0.5	21.163900
20.141667	0.5	20.820700
20.150000	0.5	20.377050
20.158333	0.5	19.831300
20.166667	0.5	19.225950
20.175000	0.5	18.567900
20.183333	0.5	17.887400
20.191667	0.5	17.207450
20.200000	0.5	16.548550
20.208333	0.5	15.935300
20.216667	0.5	15.379300
20.225000	0.5	14.879250
20.233333	0.5	14.454450
20.241667	0.5	14.102350
20.250000	0.5	13.811150
20.258333	0.5	13.574100
20.266667	0.5	13.399450
20.275000	0.5	13.270650
20.283333	0.5	13.179250
20.291667	0.5	13.124200
20.300000	0.5	13.089850
20.308333	0.5	13.079150
20.316667	0.5	13.085600
20.325000	0.5	13.096500
20.333333	0.5	13.131300
20.341667	0.5	13.161250
20.350000	0.5	13.196150
20.358333	0.5	13.232300
20.366667	0.5	13.273050
20.375000	0.5	13.311100
20.383333	0.5	13.347050
20.391667	0.5	13.366500
20.400000	0.5	13.369250
20.408333	0.5	13.336700
20.416667	0.5	13.256150
20.425000	0.5	13.173850
20.433333	0.5	13.086550
20.441667	0.5	13.010100
20.450000	0.5	12.954850
20.458333	0.5	12.939600
20.466667	0.5	12.956700
20.475000	0.5	13.013300
20.483333	0.5	13.103300
20.491667	0.5	13.214400
20.500000	0.5	13.339800
20.508333	0.5	13.467350
20.516667	0.5	13.587650
20.525000	0.5	13.716500
20.533333	0.5	13.827600
20.541667	0.5	13.925550
20.550000	0.5	14.014800
20.558333	0.5	14.090950
20.566667	0.5	14.157650
20.575000	0.5	14.213150
20.583333	0.5	14.249550
20.591667	0.5	14.286450
20.600000	0.5	14.316300
20.608333	0.5	14.325950
20.616667	0.5	14.349800
20.625000	0.5	14.362650
20.633333	0.5	14.372200
20.641667	0.5	14.369950
20.650000	0.5	14.365450
20.658333	0.5	14.361000
20.666667	0.5	14.353600
20.675000	0.5	14.348400
20.683333	0.5	14.335600
20.691667	0.5	14.322950
20.700000	0.5	14.314800
20.708333	0.5	14.298600
20.716667	0.5	14.298500
20.725000	0.5	14.292050
20.733333	0.5	14.276800
20.741667	0.5	14.267150
20.750000	0.5	14.253550
20.758333	0.5	14.239400
20.766667	0.5	14.223600
20.775000	0.5	14.210350
20.783333	0.5	14.199400
20.791667	0.5	14.192250
20.800000	0.5	14.172600
20.808333	0.5	14.174900
20.816667	0.5	14.172850
20.825000	0.5	14.169200
20.833333	0.5	14.164850
20.841667	0.5	14.154700
20.850000	0.5	14.154650
20.858333	0.5	14.150900
20.866667	0.5	14.147600
20.875000	0.5	14.148350
20.883333	0.5	14.147150
20.891667	0.5	14.152400
20.900000	0.5	14.155400
20.908333	0.5	14.171150
20.916667	0.5	14.181500
20.925000	0.5	14.190800
20.933333	0.5	14.199700
20.941667	0.5	14.214850
20.950000	0.5	14.224900
20.958333	0.5	14.235700
20.966667	0.5	14.249650
20.975000	0.5	14.266450
20.983333	0.5	14.283500
20.991667	0.5	14.292450
21.000000	0.5	14.318350
21.008333	0.5	14.342850
21.016667	0.5	14.365200
21.025000	0.5	14.387550
21.033333	0.5	14.405700
21.041667	0.5	14.425800
21.050000	0.5	14.447000
21.058333	0.5	14.466600
21.066667	0.5	14.486300
21.075000	0.5	14.506650
21.083333	0.5	14.527200
21.091667	0.5	14.548200
21.100000	0.5	14.581900
21.108333	0.5	14.611950
21.116667	0.5	14.627100
21.125000	0.5	14.652650
21.133333	0.5	14.671050
21.141667	0.5	14.695050
21.150000	0.5	14.712050
21.158333	0.5	14.735200
21.166667	0.5	14.748650
21.175000	0.5	14.770900
21.183333	0.5	14.777550
21.191667	0.5	14.802400
21.200000	0.5	14.825300
21.208333	0.5	14.846350
21.216667	0.5	14.859350
21.225000	0.5	14.874500
21.233333	0.5	14.889150
21.241667	0.5	14.899700
21.250000	0.5	14.911800
21.258333	0.5	14.918750
21.266667	0.5	14.925850
21.275000	0.5	14.936300
21.283333	0.5	14.942050
21.291667	0.5	14.958500
21.300000	0.5	14.974650
21.308333	0.5	14.981800
21.316667	0.5	14.982350
21.325000	0.5	14.988050
21.333333	0.5	14.991300
21.341667	0.5	14.992250
21.350000	0.5	14.998100
21.358333	0.5	14.995150
21.366667	0.5	15.001200
21.375000	0.5	14.990200
21.383333	0.5	15.003200
21.391667	0.5	15.007200
21.400000	0.5	15.014250
21.408333	0.5	15.014150
21.416667	0.5	15.012450
21.425000	0.5	15.009750
21.433333	0.5	15.006400
21.441667	0.5	15.007850
21.450000	0.5	15.007300
21.458333	0.5	15.006450
21.466667	0.5	15.002450
21.475000	0.5	14.996100
21.483333	0.5	15.006750
21.491667	0.5	15.013050
21.500000	0.5	15.007400
21.508333	0.5	15.006450
21.516667	0.5	15.009550
21.525000	0.5	15.006100
21.533333	0.5	15.002950
21.541667	0.5	15.000700
21.550000	0.5	14.997850
21.558333	0.5	15.002600
21.566667	0.5	14.990150
21.575000	0.5	15.000150
21.583333	0.5	15.009350
21.591667	0.5	15.013750
21.600000	0.5	15.013150
21.608333	0.5	15.015400
21.616667	0.5	15.013250
21.625000	0.5	15.014450
21.633333	0.5	15.013300
21.641667	0.5	15.013700
21.650000	0.5	15.013250
21.658333	0.5	15.013200
21.666667	0.5	15.011200
21.675000	0.5	15.021900
21.683333	0.5	15.032400
21.691667	0.5	15.028900
21.700000	0.5	15.035500
21.708333	0.5	15.038300
21.716667	0.5	15.038650
21.725000	0.5	15.037950
21.733333	0.5	15.039550
21.741667	0.5	15.041400
21.750000	0.5	15.046700
21.758333	0.5	15.035800
21.766667	0.5	15.047950
21.775000	0.5	15.062300
21.783333	0.5	15.069100
21.791667	0.5	15.073650
21.800000	0.5	15.076800
21.808333	0.5	15.077850
21.816667	0.5	15.080450
21.825000	0.5	15.087500
21.833333	0.5	15.089950
21.841667	0.5	15.093150
21.850000	0.5	15.098100
21.858333	0.5	15.093700
21.866667	0.5	15.114400
21.875000	0.5	15.128200
21.883333	0.5	15.130600
21.891667	0.5	15.140550
21.900000	0.5	15.145400
21.908333	0.5	15.150800
21.916667	0.5	15.155800
21.925000	0.5	15.159550
21.933333	0.5	15.167850
21.941667	0.5	15.172750
21.950000	0.5	15.170000
21.958333	0.5	15.183650
21.966667	0.5	15.197550
21.975000	0.5	15.212300
21.983333	0.5	15.218600
21.991667	0.5	15.221700
22.000000	0.5	15.224000
22.008333	0.5	15.230250
22.016667	0.5	15.235700
22.025000	0.5	15.234950
22.033333	0.5	15.238800
22.041667	0.5	15.241800
22.050000	0.5	15.243550
22.058333	0.5	15.258250
22.066667	0.5	15.267500
22.075000	0.5	15.272250
22.083333	0.5	15.274500
22.091667	0.5	15.273350
22.100000	0.5	15.270900
22.108333	0.5	15.263200
22.116667	0.5	15.257850
22.125000	0.5	15.250800
22.133333	0.5	15.247700
22.141667	0.5	15.223650
22.150000	0.5	15.227300
22.158333	0.5	15.224750
22.166667	0.5	15.214550
22.175000	0.5	15.203300
22.183333	0.5	15.186400
22.191667	0.5	15.169150
22.200000	0.5	15.151550
22.208333	0.5	15.133400
22.216667	0.5	15.112600
22.225000	0.5	15.095000
22.233333	0.5	15.075000
22.241667	0.5	15.054700
22.250000	0.5	15.048050
22.258333	0.5	15.039300
22.266667	0.5	15.018200
22.275000	0.5	15.005350
22.283333	0.5	14.997300
22.291667	0.5	14.982750
22.300000	0.5	14.973250
22.308333	0.5	14.959300
22.316667	0.5	14.952500
22.325000	0.5	14.953650
22.333333	0.5	14.936850
22.341667	0.5	14.946750
22.350000	0.5	14.956350
22.358333	0.5	14.966000
22.366667	0.5	14.974050
22.375000	0.5	14.980050
22.383333	0.5	14.987600
22.391667	0.5	14.999950
22.400000	0.5	15.014550
22.408333	0.5	15.027850
22.416667	0.5	15.043750
22.425000	0.5	15.055600
22.433333	0.5	15.074750
22.441667	0.5	15.107800
22.450000	0.5	15.137800
22.458333	0.5	15.158150
22.466667	0.5	15.183350
22.475000	0.5	15.202600
22.483333	0.5	15.227700
22.491667	0.5	15.243750
22.500000	0.5	15.264600
22.508333	0.5	15.287350
22.516667	0.5	15.310450
22.525000	0.5	15.316350
22.533333	0.5	15.346750
22.541667	0.5	15.372200
22.550000	0.5	15.391600
22.558333	0.5	15.405500
22.566667	0.5	15.415350
22.575000	0.5	15.425400
22.583333	0.5	15.433050
22.591667	0.5	15.437750
22.600000	0.5	15.441600
22.608333	0.5	15.445400
22.616667	0.5	15.443800
22.625000	0.5	15.440850
22.633333	0.5	15.451450
22.641667	0.5	15.464050
22.650000	0.5	15.454950
22.658333	0.5	15.451700
22.666667	0.5	15.447100
22.675000	0.5	15.443150
22.683333	0.5	15.433400
22.691667	0.5	15.430600
22.700000	0.5	15.422800
22.708333	0.5	15.421300
22.716667	0.5	15.398250
22.725000	0.5	15.402550
22.733333	0.5	15.403600
22.741667	0.5	15.403450
22.750000	0.5	15.396300
22.758333	0.5	15.389300
22.766667	0.5	15.380550
22.775000	0.5	15.371050
22.783333	0.5	15.365800
22.791667	0.5	15.354950
22.800000	0.5	15.348150
22.808333	0.5	15.336800
22.816667	0.5	15.324250
22.825000	0.5	15.333950
22.833333	0.5	15.333100
22.841667	0.5	15.327400
22.850000	0.5	15.320600
22.858333	0.5	15.313300
22.866667	0.5	15.302250
22.875000	0.5	15.296450
22.883333	0.5	15.282750
22.891667	0.5	15.276900
22.900000	0.5	15.269500
22.908333	0.5	15.251200
22.916667	0.5	15.253900
22.925000	0.5	15.259150
22.933333	0.5	15.254100
22.941667	0.5	15.247050
22.950000	0.5	15.239600
22.958333	0.5	15.228600
22.966667	0.5	15.221150
22.975000	0.5	15.215450
22.983333	0.5	15.204050
22.991667	0.5	15.195050
23.000000	0.5	15.186550
23.008333	0.5	15.176600
23.016667	0.5	15.182900
23.025000	0.5	15.182300
23.033333	0.5	15.174500
23.041667	0.5	15.169400
23.050000	0.5	15.161500
23.058333	0.5	15.154950
23.066667	0.5	15.146250
23.075000	0.5	15.135350
23.083333	0.5	15.129650
23.091667	0.5	15.126150
23.100000	0.5	15.102850
23.108333	0.5	15.109650
23.116667	0.5	15.111100
23.125000	0.5	15.106800
23.133333	0.5	15.100350
23.141667	0.5	15.092700
23.150000	0.5	15.083800
23.158333	0.5	15.075600
23.166667	0.5	15.066550
23.175000	0.5	15.055050
23.183333	0.5	15.045350
23.191667	0.5	15.038800
23.200000	0.5	15.029100
23.208333	0.5	15.032950
23.216667	0.5	15.029600
23.225000	0.5	15.024700
23.233333	0.5	15.013500
23.241667	0.5	15.002450
23.250000	0.5	14.991300
23.258333	0.5	14.977150
23.266667	0.5	14.962600
23.275000	0.5	14.946000
23.283333	0.5	14.932650
23.291667	0.5	14.896650
23.300000	0.5	14.844900
23.308333	0.5	14.701200
23.316667	0.5	14.407300
23.325000	0.5	14.026500
23.333333	0.5	13.613100
23.341667	0.5	13.219400
23.350000	0.5	12.885250
23.358333	0.5	12.642800
23.366667	0.5	12.499000
23.375000	0.5	12.413600
23.383333	0.5	12.358200
23.391667	0.5	12.323200
23.400000	0.5	12.302950
23.408333	0.5	12.282000
23.416667	0.5	12.256200
23.425000	0.5	12.236050
23.433333	0.5	12.220150
23.441667	0.5	12.200750
23.450000	0.5	12.184850
23.458333	0.5	12.171500
23.466667	0.5	12.163400
23.475000	0.5	12.158600
23.483333	0.5	12.145650
23.491667	0.5	12.144950
23.500000	0.5	12.150750
23.508333	0.5	12.150700
23.516667	0.5	12.151400
23.525000	0.5	12.154050
23.533333	0.5	12.156150
23.541667	0.5	12.160500
23.550000	0.5	12.170550
23.558333	0.5	12.177700
23.566667	0.5	12.186350
23.575000	0.5	12.195150
23.583333	0.5	12.207650
23.591667	0.5	12.227650
23.600000	0.5	12.246650
23.608333	0.5	12.256700
23.616667	0.5	12.270400
23.625000	0.5	12.286800
23.633333	0.5	12.302100
23.641667	0.5	12.317150
23.650000	0.5	12.329250
23.658333	0.5	12.345600
23.666667	0.5	12.360250
23.675000	0.5	12.369600
23.683333	0.5	12.389050
23.691667	0.5	12.400400
23.700000	0.5	12.410100
23.708333	0.5	12.421950
23.716667	0.5	12.428300
23.725000	0.5	12.433150
23.733333	0.5	12.438650
23.741667	0.5	12.439900
23.750000	0.5	12.444750
23.758333	0.5	12.448300
23.766667	0.5	12.442800
23.775000	0.5	12.443550
23.783333	0.5	12.455350
23.791667	0.5	12.457800
23.800000	0.5	12.456800
23.808333	0.5	12.453950
23.816667	0.5	12.452250
23.825000	0.5	12.447750
23.833333	0.5	12.448450
23.841667	0.5	12.443800
23.850000	0.5	12.438450
23.858333	0.5	12.438200
23.866667	0.5	12.425400
23.875000	0.5	12.431250
23.883333	0.5	12.428850
23.891667	0.5	12.427050
23.900000	0.5	12.424400
23.908333	0.5	12.420700
23.916667	0.5	12.414900
23.925000	0.5	12.404650
23.933333	0.5	12.400100
23.941667	0.5	12.391450
23.950000	0.5	12.383700
23.958333	0.5	12.371800
23.966667	0.5	12.361500
23.975000	0.5	12.359000
23.983333	0.5	12.346650
23.991667	0.5	12.328500
24.000000	0.5	12.308950
24.008333	0.5	12.290200
24.016667	0.5	12.267400
24.025000	0.5	12.244200
24.033333	0.5	12.220350
24.041667	0.5	12.190500
24.050000	0.5	12.169250
24.058333	0.5	12.132400
24.066667	0.5	12.114750
24.075000	0.5	12.086000
24.083333	0.5	12.061350
24.091667	0.5	12.032000
24.100000	0.5	12.008750
24.108333	0.5	11.986800
24.116667	0.5	11.965850
24.125000	0.5	11.942900
24.133333	0.5	11.924450
24.141667	0.5	11.908050
24.150000	0.5	11.891650
24.158333	0.5	11.882650
24.166667	0.5	11.877400
24.175000	0.5	11.874100
24.183333	0.5	11.861550
24.191667	0.5	11.852900
24.200000	0.5	11.848550
24.208333	0.5	11.842850
24.216667	0.5	11.837750
24.225000	0.5	11.828100
24.233333	0.5	11.819150
24.241667	0.5	11.818750
24.250000	0.5	11.806850
24.258333	0.5	11.808000
24.266667	0.5	11.806150
24.275000	0.5	11.800650
24.283333	0.5	11.795500
24.291667	0.5	11.784950
24.300000	0.5	11.777700
24.308333	0.5	11.771600
24.316667	0.5	11.764350
24.325000	0.5	11.759550
24.333333	0.5	11.752950
24.341667	0.5	11.747950
24.350000	0.5	11.745550
24.358333	0.5	11.754350
24.366667	0.5	11.750900
24.375000	0.5	11.747850
24.383333	0.5	11.751600
24.391667	0.5	11.752550
24.400000	0.5	11.751350
24.408333	0.5	11.753050
24.416667	0.5	11.755800
24.425000	0.5	11.758550
24.433333	0.5	11.765150
24.441667	0.5	11.760500
24.450000	0.5	11.776550
24.458333	0.5	11.782900
24.466667	0.5	11.791600
24.475000	0.5	11.798050
24.483333	0.5	11.799700
24.491667	0.5	11.804300
24.500000	0.5	11.804950
24.508333	0.5	11.810950
24.516667	0.5	11.809900
24.525000	0.5	11.813000
24.533333	0.5	11.809150
24.541667	0.5	11.812050
24.550000	0.5	11.814350
24.558333	0.5	11.814750
24.566667	0.5	11.808250
24.575000	0.5	11.800600
24.583333	0.5	11.792050
24.591667	0.5	11.782600
24.600000	0.5	11.768950
24.608333	0.5	11.754400
24.616667	0.5	11.746650
24.625000	0.5	11.734350
24.633333	0.5	11.713350
24.641667	0.5	11.702300
24.650000	0.5	11.690700
24.658333	0.5	11.674050
24.666667	0.5	11.657500
24.675000	0.5	11.638150
24.683333	0.5	11.621900
24.691667	0.5	11.603300
24.700000	0.5	11.587400
24.708333	0.5	11.568700
24.716667	0.5	11.551600
24.725000	0.5	11.536000
24.733333	0.5	11.518550
24.741667	0.5	11.508650
24.750000	0.5	11.498350
24.758333	0.5	11.478000
24.766667	0.5	11.465950
24.775000	0.5	11.454500
24.783333	0.5	11.441900
24.791667	0.5	11.429000
24.800000	0.5	11.415250
24.808333	0.5	11.405950
24.816667	0.5	11.397600
24.825000	0.5	11.380450
24.833333	0.5	11.378500
24.841667	0.5	11.375400
24.850000	0.5	11.365000
24.858333	0.5	11.360650
24.866667	0.5	11.353450
24.875000	0.5	11.343300
24.883333	0.5	11.334850
24.891667	0.5	11.328700
24.900000	0.5	11.322550
24.908333	0.5	11.313200
24.916667	0.5	11.305550
24.925000	0.5	11.295850
24.933333	0.5	11.291950
24.941667	0.5	11.286300
24.950000	0.5	11.270400
24.958333	0.5	11.261600
24.966667	0.5	11.248000
24.975000	0.5	11.238950
24.983333	0.5	11.222200
24.991667	0.5	11.209200
25.000000	0.5	11.195150
25.008333	0.5	11.182850
25.016667	0.5	11.165000
25.025000	0.5	11.161750
25.033333	0.5	11.150150
25.041667	0.5	11.133600
25.050000	0.5	11.121300
25.058333	0.5	11.102550
25.066667	0.5	11.086600
25.075000	0.5	11.072500
25.083333	0.5	11.055300
25.091667	0.5	11.037900
25.100000	0.5	11.026700
25.108333	0.5	11.004450
25.116667	0.5	10.989500
25.125000	0.5	10.978200
25.133333	0.5	10.963300
25.141667	0.5	10.946250
25.150000	0.5	10.930650
25.158333	0.5	10.913800
25.166667	0.5	10.897950
25.175000	0.5	10.883150
25.183333	0.5	10.868200
25.191667	0.5	10.854450
25.200000	0.5	10.842250
25.208333	0.5	10.827300
25.216667	0.5	10.817000
25.225000	0.5	10.811600
25.233333	0.5	10.799600
25.241667	0.5	10.792450
25.250000	0.5	10.779400
25.258333	0.5	10.771000
25.266667	0.5	10.765200
25.275000	0.5	10.760950
25.283333	0.5	10.754350
25.291667	0.5	10.751900
25.300000	0.5	10.745800
25.308333	0.5	10.747550
25.316667	0.5	10.750050
25.325000	0.5	10.754550
25.333333	0.5	10.755650
25.341667	0.5	10.755750
25.350000	0.5	10.761350
25.358333	0.5	10.767450
25.366667	0.5	10.774900
25.375000	0.5	10.783850
25.383333	0.5	10.785450
25.391667	0.5	10.799850
25.400000	0.5	10.801000
25.408333	0.5	10.821350
25.416667	0.5	10.833800
25.425000	0.5	10.845650
25.433333	0.5	10.857050
25.441667	0.5	10.870200
25.450000	0.5	10.885250
25.458333	0.5	10.899350
25.466667	0.5	10.913550
25.475000	0.5	10.926250
25.483333	0.5	10.944300
25.491667	0.5	10.958900
25.500000	0.5	10.977900
25.508333	0.5	11.000800
25.516667	0.5	11.022650
25.525000	0.5	11.038350
25.533333	0.5	11.058500
25.541667	0.5	11.074550
25.550000	0.5	11.094700
25.558333	0.5	11.117950
25.566667	0.5	11.135350
25.575000	0.5	11.153600
25.583333	0.5	11.179400
25.591667	0.5	11.192550
25.600000	0.5	11.222050
25.608333	0.5	11.244650
25.616667	0.5	11.263650
25.625000	0.5	11.284500
25.633333	0.5	11.303450
25.641667	0.5	11.321100
25.650000	0.5	11.340050
25.658333	0.5	11.356500
25.666667	0.5	11.369750
25.675000	0.5	11.385750
25.683333	0.5	11.392750
25.691667	0.5	11.410100
25.700000	0.5	11.422650
25.708333	0.5	11.436800
25.716667	0.5	11.446400
25.725000	0.5	11.448800
25.733333	0.5	11.451600
25.741667	0.5	11.455850
25.750000	0.5	11.459700
25.758333	0.5	11.458500
25.766667	0.5	11.458450
25.775000	0.5	11.460000
25.783333	0.5	11.454500
25.791667	0.5	11.459100
25.800000	0.5	11.460150
25.808333	0.5	11.457300
25.816667	0.5	11.454000
25.825000	0.5	11.453000
25.833333	0.5	11.446550
25.841667	0.5	11.442600
25.850000	0.5	11.441500
25.858333	0.5	11.437400
25.866667	0.5	11.435850
25.875000	0.5	11.432950
25.883333	0.5	11.435800
25.891667	0.5	11.443600
25.900000	0.5	11.444350
25.908333	0.5	11.443300
25.916667	0.5	11.445000
25.925000	0.5	11.445950
25.933333	0.5	11.447350
25.941667	0.5	11.452700
25.950000	0.5	11.449450
25.958333	0.5	11.452650
25.966667	0.5	11.460800
25.975000	0.5	11.451250
25.983333	0.5	11.461000
25.991667	0.5	11.467250
26.000000	0.5	11.465200
26.008333	0.5	11.465900
26.016667	0.5	11.467950
26.025000	0.5	11.467550
26.033333	0.5	11.464800
26.041667	0.5	11.465000
26.050000	0.5	11.460900
26.058333	0.5	11.459350
26.066667	0.5	11.449850
26.075000	0.5	11.446600
26.083333	0.5	11.447900
26.091667	0.5	11.443250
26.100000	0.5	11.438900
26.108333	0.5	11.432100
26.116667	0.5	11.425300
26.125000	0.5	11.421000
26.133333	0.5	11.410850
26.141667	0.5	11.402750
26.150000	0.5	11.393450
26.158333	0.5	11.388100
26.166667	0.5	11.374200
26.175000	0.5	11.373250
26.183333	0.5	11.369500
26.191667	0.5	11.360200
26.200000	0.5	11.353600
26.208333	0.5	11.347900
26.216667	0.5	11.337750
26.225000	0.5	11.329850
26.233333	0.5	11.324750
26.241667	0.5	11.317100
26.250000	0.5	11.312850
26.258333	0.5	11.304400
26.266667	0.5	11.304650
26.275000	0.5	11.303950
26.283333	0.5	11.305400
26.291667	0.5	11.298700
26.300000	0.5	11.299100
26.308333	0.5	11.295100
26.316667	0.5	11.290350
26.325000	0.5	11.293100
26.333333	0.5	11.292750
26.341667	0.5	11.289900
26.350000	0.5	11.292300
26.358333	0.5	11.285800
26.366667	0.5	11.295400
26.375000	0.5	11.294250
26.383333	0.5	11.295500
26.391667	0.5	11.292950
26.400000	0.5	11.294600
26.408333	0.5	11.294600
26.416667	0.5	11.291700
26.425000	0.5	11.296600
26.433333	0.5	11.290550
26.441667	0.5	11.289750
26.450000	0.5	11.283750
26.458333	0.5	11.286650
26.466667	0.5	11.289450
26.475000	0.5	11.290000
26.483333	0.5	11.283750
26.491667	0.5	11.284250
26.500000	0.5	11.282250
26.508333	0.5	11.278450
26.516667	0.5	11.275250
26.525000	0.5	11.270250
26.533333	0.5	11.268250
26.541667	0.5	11.268050
26.550000	0.5	11.256500
26.558333	0.5	11.258450
26.566667	0.5	11.261250
26.575000	0.5	11.255950
26.583333	0.5	11.255300
26.591667	0.5	11.254250
26.600000	0.5	11.253300
26.608333	0.5	11.250900
26.616667	0.5	11.245850
26.625000	0.5	11.243600
26.633333	0.5	11.243400
26.641667	0.5	11.238000
26.650000	0.5	11.239450
26.658333	0.5	11.244450
26.666667	0.5	11.245650
26.675000	0.5	11.240500
26.683333	0.5	11.242200
26.691667	0.5	11.235700
26.700000	0.5	11.232550
26.708333	0.5	11.235600
26.716667	0.5	11.232850
26.725000	0.5	11.230900
26.733333	0.5	11.234100
26.741667	0.5	11.227850
26.750000	0.5	11.235000
26.758333	0.5	11.241750
26.766667	0.5	11.241800
26.775000	0.5	11.243600
26.783333	0.5	11.252100
26.791667	0.5	11.254700
26.800000	0.5	11.261750
26.808333	0.5	11.272900
26.816667	0.5	11.282000
26.825000	0.5	11.296300
26.833333	0.5	11.302250
26.841667	0.5	11.321050
26.850000	0.5	11.337000
26.858333	0.5	11.361500
26.866667	0.5	11.381250
26.875000	0.5	11.404400
26.883333	0.5	11.429400
26.891667	0.5	11.453350
26.900000	0.5	11.480150
26.908333	0.5	11.515350
26.916667	0.5	11.542000
26.925000	0.5	11.578700
26.933333	0.5	11.613550
26.941667	0.5	11.660650
26.950000	0.5	11.701100
26.958333	0.5	11.736350
26.966667	0.5	11.782100
26.975000	0.5	11.825100
26.983333	0.5	11.868500
26.991667	0.5	11.913750
27.000000	0.5	11.959550
27.008333	0.5	12.004650
27.016667	0.5	12.055850
27.025000	0.5	12.099600
27.033333	0.5	12.157250
27.041667	0.5	12.205150
27.050000	0.5	12.255450
27.058333	0.5	12.303550
27.066667	0.5	12.345850
27.075000	0.5	12.397950
27.083333	0.5	12.443900
27.091667	0.5	12.483900
27.100000	0.5	12.525950
27.108333	0.5	12.565950
27.116667	0.5	12.606900
27.125000	0.5	12.638400
27.133333	0.5	12.682150
27.141667	0.5	12.718850
27.150000	0.5	12.752400
27.158333	0.5	12.778950
27.166667	0.5	12.805550
27.175000	0.5	12.829500
27.183333	0.5	12.855900
27.191667	0.5	12.876050
27.200000	0.5	12.895450
27.208333	0.5	12.912300
27.216667	0.5	12.921150
27.225000	0.5	12.937250
27.233333	0.5	12.949000
27.241667	0.5	12.959750
27.250000	0.5	12.965850
27.258333	0.5	12.969200
27.266667	0.5	12.966300
27.275000	0.5	12.964750
27.283333	0.5	12.964500
27.291667	0.5	12.960600
27.300000	0.5	12.957750
27.308333	0.5	12.949600
27.316667	0.5	12.937400
27.325000	0.5	12.933700
27.333333	0.5	12.924300
27.341667	0.5	12.907000
27.350000	0.5	12.890100
27.358333	0.5	12.871400
27.366667	0.5	12.852300
27.375000	0.5	12.834200
27.383333	0.5	12.812250
27.391667	0.5	12.791500
27.400000	0.5	12.771650
27.408333	0.5	12.739650
27.416667	0.5	12.715950
27.425000	0.5	12.695600
27.433333	0.5	12.668400
27.441667	0.5	12.637900
27.450000	0.5	12.609200
27.458333	0.5	12.574600
27.466667	0.5	12.549300
27.475000	0.5	12.517550
27.483333	0.5	12.479550
27.491667	0.5	12.447950
27.500000	0.5	12.417050
27.508333	0.5	12.375150
27.516667	0.5	12.347500
27.525000	0.5	12.314800
27.533333	0.5	12.273850
27.541667	0.5	12.234600
27.550000	0.5	12.199600
27.558333	0.5	12.162250
27.566667	0.5	12.120900
27.575000	0.5	12.081200
27.583333	0.5	12.039550
27.591667	0.5	12.001250
27.600000	0.5	11.957950
27.608333	0.5	11.922300
27.616667	0.5	11.883100
27.625000	0.5	11.848350
27.633333	0.5	11.806550
27.641667	0.5	11.761100
27.650000	0.5	11.722000
27.658333	0.5	11.679650
27.666667	0.5	11.642350
27.675000	0.5	11.601800
27.683333	0.5	11.560800
27.691667	0.5	11.527350
27.700000	0.5	11.489100
27.708333	0.5	11.458100
27.716667	0.5	11.424450
27.725000	0.5	11.387600
27.733333	0.5	11.357450
27.741667	0.5	11.325750
27.750000	0.5	11.295450
27.758333	0.5	11.267100
27.766667	0.5	11.239850
27.775000	0.5	11.213050
27.783333	0.5	11.192350
27.791667	0.5	11.166050
27.800000	0.5	11.148100
27.808333	0.5	11.132150
27.816667	0.5	11.120300
27.825000	0.5	11.103750
27.833333	0.5	11.089850
27.841667	0.5	11.077050
27.850000	0.5	11.064600
27.858333	0.5	11.060600
27.866667	0.5	11.050500
27.875000	0.5	11.044350
27.883333	0.5	11.038450
27.891667	0.5	11.032250
27.900000	0.5	11.037400
27.908333	0.5	11.037400
27.916667	0.5	11.036950
27.925000	0.5	11.037500
27.933333	0.5	11.040150
27.941667	0.5	11.037350
27.950000	0.5	11.044500
27.958333	0.5	11.047600
27.966667	0.5	11.049550
27.975000	0.5	11.053700
27.983333	0.5	11.052850
27.991667	0.5	11.060750
28.000000	0.5	11.071700
28.008333	0.5	11.080300
28.016667	0.5	11.086150
28.025000	0.5	11.089350
28.033333	0.5	11.097000
28.041667	0.5	11.106550
28.050000	0.5	11.113150
28.058333	0.5	11.116200
28.066667	0.5	11.127750
28.075000	0.5	11.134500
28.083333	0.5	11.142950
28.091667	0.5	11.160300
28.100000	0.5	11.169950
28.108333	0.5	11.183850
28.116667	0.5	11.193800
28.125000	0.5	11.208450
28.133333	0.5	11.219700
28.141667	0.5	11.231500
28.150000	0.5	11.248650
28.158333	0.5	11.259500
28.166667	0.5	11.280850
28.175000	0.5	11.293050
28.183333	0.5	11.321100
28.191667	0.5	11.347850
28.200000	0.5	11.367450
28.208333	0.5	11.389650
28.216667	0.5	11.411300
28.225000	0.5	11.434450
28.233333	0.5	11.462050
28.241667	0.5	11.489100
28.250000	0.5	11.519250
28.258333	0.5	11.544750
28.266667	0.5	11.581750
28.275000	0.5	11.611750
28.283333	0.5	11.647200
28.291667	0.5	11.683600
28.300000	0.5	11.718900
28.308333	0.5	11.754050
28.316667	0.5	11.791650
28.325000	0.5	11.830450
28.333333	0.5	11.875400
28.341667	0.5	11.912250
28.350000	0.5	11.952950
28.358333	0.5	11.993450
28.366667	0.5	12.033000
28.375000	0.5	12.080650
28.383333	0.5	12.130000
28.391667	0.5	12.173600
28.400000	0.5	12.214200
28.408333	0.5	12.257500
28.416667	0.5	12.301700
28.425000	0.5	12.343600
28.433333	0.5	12.385150
28.441667	0.5	12.428900
28.450000	0.5	12.467150
28.458333	0.5	12.512750
28.466667	0.5	12.549450
28.475000	0.5	12.594850
28.483333	0.5	12.634850
28.491667	0.5	12.672600
28.500000	0.5	12.708300
28.508333	0.5	12.740400
28.516667	0.5	12.776650
28.525000	0.5	12.805650
28.533333	0.5	12.834700
28.541667	0.5	12.863100
28.550000	0.5	12.890850
28.558333	0.5	12.911500
28.566667	0.5	12.936400
28.575000	0.5	12.958450
28.583333	0.5	12.980700
28.591667	0.5	12.995650
28.600000	0.5	13.008100
28.608333	0.5	13.017800
28.616667	0.5	13.025000
28.625000	0.5	13.032500
28.633333	0.5	13.037150
28.641667	0.5	13.035700
28.650000	0.5	13.036250
28.658333	0.5	13.028750
28.666667	0.5	13.032650
28.675000	0.5	13.031950
28.683333	0.5	13.019650
28.691667	0.5	13.007400
28.700000	0.5	12.992550
28.708333	0.5	12.976050
28.716667	0.5	12.957500
28.725000	0.5	12.937900
28.733333	0.5	12.922600
28.741667	0.5	12.904450
28.750000	0.5	12.873900
28.758333	0.5	12.859150
28.766667	0.5	12.846800
28.775000	0.5	12.828050
28.783333	0.5	12.808100
28.791667	0.5	12.786300
28.800000	0.5	12.765150
28.808333	0.5	12.748550
28.816667	0.5	12.732750
28.825000	0.5	12.719100
28.833333	0.5	12.702450
28.841667	0.5	12.693350
28.850000	0.5	12.678450
28.858333	0.5	12.675350
28.866667	0.5	12.668050
28.875000	0.5	12.654950
28.883333	0.5	12.649200
28.891667	0.5	12.638000
28.900000	0.5	12.628400
28.908333	0.5	12.617400
28.916667	0.5	12.609950
28.925000	0.5	12.596450
28.933333	0.5	12.593850
28.941667	0.5	12.573100
28.950000	0.5	12.566550
28.958333	0.5	12.563450
28.966667	0.5	12.551900
28.975000	0.5	12.540650
28.983333	0.5	12.521650
28.991667	0.5	12.506350
29.000000	0.5	12.486350
29.008333	0.5	12.472900
29.016667	0.5	12.450750
29.025000	0.5	12.432900
29.033333	0.5	12.415900
29.041667	0.5	12.388300
29.050000	0.5	12.377550
29.058333	0.5	12.357850
29.066667	0.5	12.338750
29.075000	0.5	12.319900
29.083333	0.5	12.298200
29.091667	0.5	12.280800
29.100000	0.5	12.260950
29.108333	0.5	12.243700
29.116667	0.5	12.228400
29.125000	0.5	12.218700
29.133333	0.5	12.200700
29.141667	0.5	12.196750
29.150000	0.5	12.192750
29.158333	0.5	12.192800
29.166667	0.5	12.188850
29.175000	0.5	12.186600
29.183333	0.5	12.191800
29.191667	0.5	12.199700
29.200000	0.5	12.211200
29.208333	0.5	12.216150
29.216667	0.5	12.230550
29.225000	0.5	12.246200
29.233333	0.5	12.263800
29.241667	0.5	12.292550
29.250000	0.5	12.314250
29.258333	0.5	12.338400
29.266667	0.5	12.360250
29.275000	0.5	12.381800
29.283333	0.5	12.407000
29.291667	0.5	12.429550
29.300000	0.5	12.454900
29.308333	0.5	12.475400
29.316667	0.5	12.502900
29.325000	0.5	12.521800
29.333333	0.5	12.545650
29.341667	0.5	12.575950
29.350000	0.5	12.597450
29.358333	0.5	12.617600
29.366667	0.5	12.633450
29.375000	0.5	12.652400
29.383333	0.5	12.668550
29.391667	0.5	12.678750
29.400000	0.5	12.696650
29.408333	0.5	12.706500
29.416667	0.5	12.720350
29.425000	0.5	12.723900
29.433333	0.5	12.741050
29.441667	0.5	12.753800
29.450000	0.5	12.767700
29.458333	0.5	12.773050
29.466667	0.5	12.786650
29.475000	0.5	12.794600
29.483333	0.5	12.798800
29.491667	0.5	12.810100
29.500000	0.5	12.820400
29.508333	0.5	12.828500
29.516667	0.5	12.832000
29.525000	0.5	12.850200
29.533333	0.5	12.866400
29.541667	0.5	12.884200
29.550000	0.5	12.895650
29.558333	0.5	12.911850
29.566667	0.5	12.923600
29.575000	0.5	12.938800
29.583333	0.5	12.953100
29.591667	0.5	12.970700
29.600000	0.5	12.989400
29.608333	0.5	13.006200
29.616667	0.5	13.021400
29.625000	0.5	13.041250
29.633333	0.5	13.069950
29.641667	0.5	13.085800
29.650000	0.5	13.104250
29.658333	0.5	13.120800
29.666667	0.5	13.138050
29.675000	0.5	13.158000
29.683333	0.5	13.171000
29.691667	0.5	13.181950
29.700000	0.5	13.199550
29.708333	0.5	13.205350
29.716667	0.5	13.223650
29.725000	0.5	13.235500
29.733333	0.5	13.249500
29.741667	0.5	13.254800
29.750000	0.5	13.258800
29.758333	0.5	13.268750
29.766667	0.5	13.268750
29.775000	0.5	13.275850
29.783333	0.5	13.274450
29.791667	0.5	13.278300
29.800000	0.5	13.276700
29.808333	0.5	13.272500
29.816667	0.5	13.279550
29.825000	0.5	13.281550
29.833333	0.5	13.277300
29.841667	0.5	13.274200
29.850000	0.5	13.269800
29.858333	0.5	13.265650
29.866667	0.5	13.262100
29.875000	0.5	13.254900
29.883333	0.5	13.246700
29.891667	0.5	13.244400
29.900000	0.5	13.235300
29.908333	0.5	13.237100
29.916667	0.5	13.237250
29.925000	0.5	13.235300
29.933333	0.5	13.230450
29.941667	0.5	13.226950
29.950000	0.5	13.221050
29.958333	0.5	13.219300
29.966667	0.5	13.209800
29.975000	0.5	13.206000
29.983333	0.5	13.206200
29.991667	0.5	13.201150
30.000000	0.5	13.194050
30.008333	0.5	13.197650
30.016667	0.5	13.194300
30.025000	0.5	13.186900
30.033333	0.5	13.183800
30.041667	0.5	13.181250
30.050000	0.5	13.176900
30.058333	0.5	13.169350
30.066667	0.5	13.159750
30.075000	0.5	13.154500
30.083333	0.5	13.143900
30.091667	0.5	13.133750
30.100000	0.5	13.127950
30.108333	0.5	13.121900
30.116667	0.5	13.117750
30.125000	0.5	13.105250
30.133333	0.5	13.097500
30.141667	0.5	13.084850
30.150000	0.5	13.071750
30.158333	0.5	13.061750
30.166667	0.5	13.045550
30.175000	0.5	13.033300
30.183333	0.5	13.022700
30.191667	0.5	13.005700
30.200000	0.5	13.002950
30.208333	0.5	12.993100
30.216667	0.5	12.982650
30.225000	0.5	12.978250
30.233333	0.5	12.965750
30.241667	0.5	12.964950
30.250000	0.5	12.957000
30.258333	0.5	12.959400
30.266667	0.5	12.955000
30.275000	0.5	12.962150
30.283333	0.5	12.962750
30.291667	0.5	12.976600
30.300000	0.5	12.993400
30.308333	0.5	13.011350
30.316667	0.5	13.028250
30.325000	0.5	13.047250
30.333333	0.5	13.063000
30.341667	0.5	13.081850
30.350000	0.5	13.107600
30.358333	0.5	13.123450
30.366667	0.5	13.148850
30.375000	0.5	13.169450
30.383333	0.5	13.182050
30.391667	0.5	13.210350
30.400000	0.5	13.227900
30.408333	0.5	13.239150
30.416667	0.5	13.249400
30.425000	0.5	13.254000
30.433333	0.5	13.254000
30.441667	0.5	13.254050
30.450000	0.5	13.241350
30.458333	0.5	13.227800
30.466667	0.5	13.215400
30.475000	0.5	13.191000
30.483333	0.5	13.170050
30.491667	0.5	13.145850
30.500000	0.5	13.123200
30.508333	0.5	13.087900
30.516667	0.5	13.052050
30.525000	0.5	13.023800
30.533333	0.5	12.975550
30.541667	0.5	12.936500
30.550000	0.5	12.895500
30.558333	0.5	12.856200
30.566667	0.5	12.812800
30.575000	0.5	12.761000
30.583333	0.5	12.726200
30.591667	0.5	12.683750
30.600000	0.5	12.633850
30.608333	0.5	12.585900
30.616667	0.5	12.541600
30.625000	0.5	12.491950
30.633333	0.5	12.446650
30.641667	0.5	12.399200
30.650000	0.5	12.354700
30.658333	0.5	12.317400
30.666667	0.5	12.270900
30.675000	0.5	12.239300
30.683333	0.5	12.213300
30.691667	0.5	12.184350
30.700000	0.5	12.154000
30.708333	0.5	12.129200
30.716667	0.5	12.111700
30.725000	0.5	12.095450
30.733333	0.5	12.084650
30.741667	0.5	12.081300
30.750000	0.5	12.080550
30.758333	0.5	12.085600
30.766667	0.5	12.089300
30.775000	0.5	12.099550
30.783333	0.5	12.116350
30.791667	0.5	12.133200
30.800000	0.5	12.147200
30.808333	0.5	12.161700
30.816667	0.5	12.172900
30.825000	0.5	12.179500
30.833333	0.5	12.176950
30.841667	0.5	12.175800
30.850000	0.5	12.171550
30.858333	0.5	12.152300
30.866667	0.5	12.141300
30.875000	0.5	12.118650
30.883333	0.5	12.090650
30.891667	0.5	12.050900
30.900000	0.5	12.005850
30.908333	0.5	11.957400
30.916667	0.5	11.897200
30.925000	0.5	11.831900
30.933333	0.5	11.766300
30.941667	0.5	11.700750
30.950000	0.5	11.635650
30.958333	0.5	11.558650
30.966667	0.5	11.497600
30.975000	0.5	11.428750
30.983333	0.5	11.355850
30.991667	0.5	11.287950
31.000000	0.5	11.225250
31.008333	0.5	11.162900
31.016667	0.5	11.103400
31.025000	0.5	11.047750
31.033333	0.5	10.989700
31.041667	0.5	10.939700
31.050000	0.5	10.893600
31.058333	0.5	10.845750
31.066667	0.5	10.806900
31.075000	0.5	10.769000
31.083333	0.5	10.731700
31.091667	0.5	10.689400
31.100000	0.5	10.653000
31.108333	0.5	10.619900
31.116667	0.5	10.592550
31.125000	0.5	10.562600
31.133333	0.5	10.533200
31.141667	0.5	10.511000
31.150000	0.5	10.489200
31.158333	0.5	10.469500
31.166667	0.5	10.449400
31.175000	0.5	10.433900
31.183333	0.5	10.412200
31.191667	0.5	10.404000
31.200000	0.5	10.393000
31.208333	0.5	10.376450
31.216667	0.5	10.371000
31.225000	0.5	10.362450
31.233333	0.5	10.359000
31.241667	0.5	10.351100
31.250000	0.5	10.349200
31.258333	0.5	10.352900
31.266667	0.5	10.348600
31.275000	0.5	10.343450
31.283333	0.5	10.340850
31.291667	0.5	10.347400
31.300000	0.5	10.351800
31.308333	0.5	10.354950
31.316667	0.5	10.363000
31.325000	0.5	10.365550
31.333333	0.5	10.372350
31.341667	0.5	10.379400
31.350000	0.5	10.393000
31.358333	0.5	10.403100
31.366667	0.5	10.410850
31.375000	0.5	10.423700
31.383333	0.5	10.434950
31.391667	0.5	10.448050
31.400000	0.5	10.461000
31.408333	0.5	10.478550
31.416667	0.5	10.487350
31.425000	0.5	10.505200
31.433333	0.5	10.524300
31.441667	0.5	10.544800
31.450000	0.5	10.564000
31.458333	0.5	10.583050
31.466667	0.5	10.601300
31.475000	0.5	10.623100
31.483333	0.5	10.650650
31.491667	0.5	10.668550
31.500000	0.5	10.693400
31.508333	0.5	10.717300
31.516667	0.5	10.744150
31.525000	0.5	10.769500
31.533333	0.5	10.793400
31.541667	0.5	10.831700
31.550000	0.5	10.862200
31.558333	0.5	10.895550
31.566667	0.5	10.928300
31.575000	0.5	10.965550
31.583333	0.5	10.998950
31.591667	0.5	11.040300
31.600000	0.5	11.075750
31.608333	0.5	11.120200
31.616667	0.5	11.156800
31.625000	0.5	11.200700
31.633333	0.5	11.249900
31.641667	0.5	11.302800
31.650000	0.5	11.357250
31.658333	0.5	11.406300
31.666667	0.5	11.465650
31.675000	0.5	11.523450
31.683333	0.5	11.580850
31.691667	0.5	11.643100
31.700000	0.5	11.710100
31.708333	0.5	11.774050
31.716667	0.5	11.847600
31.725000	0.5	11.915650
31.733333	0.5	11.996300
31.741667	0.5	12.074450
31.750000	0.5	12.152750
31.758333	0.5	12.231050
31.766667	0.5	12.308650
31.775000	0.5	12.380650
31.783333	0.5	12.459500
31.791667	0.5	12.535650
31.800000	0.5	12.606200
31.808333	0.5	12.680200
31.816667	0.5	12.741300
31.825000	0.5	12.812850
31.833333	0.5	12.879200
31.841667	0.5	12.947600
31.850000	0.5	13.007250
31.858333	0.5	13.065950
31.866667	0.5	13.123350
31.875000	0.5	13.177750
31.883333	0.5	13.234150
31.891667	0.5	13.289150
31.900000	0.5	13.340600
31.908333	0.5	13.395450
31.916667	0.5	13.441400
31.925000	0.5	13.507050
31.933333	0.5	13.566100
31.941667	0.5	13.622350
31.950000	0.5	13.679700
31.958333	0.5	13.737500
31.966667	0.5	13.797900
31.975000	0.5	13.854250
31.983333	0.5	13.914150
31.991667	0.5	13.970050
32.000000	0.5	14.033200
32.008333	0.5	14.085550
32.016667	0.5	14.146300
32.025000	0.5	14.207450
32.033333	0.5	14.268350
32.041667	0.5	14.319100
32.050000	0.5	14.381500
32.058333	0.5	14.432650
32.066667	0.5	14.479550
32.075000	0.5	14.525300
32.083333	0.5	14.556900
32.091667	0.5	14.595900
32.100000	0.5	14.631150
32.108333	0.5	14.656550
32.116667	0.5	14.688650
32.125000	0.5	14.715600
32.133333	0.5	14.729750
32.141667	0.5	14.735600
32.150000	0.5	14.739250
32.158333	0.5	14.738150
32.166667	0.5	14.727150
32.175000	0.5	14.716050
32.183333	0.5	14.696150
32.191667	0.5	14.677500
32.200000	0.5	14.643900
32.208333	0.5	14.621450
32.216667	0.5	14.596750
32.225000	0.5	14.572800
32.233333	0.5	14.542250
32.241667	0.5	14.502750
32.250000	0.5	14.475000
32.258333	0.5	14.446550
32.266667	0.5	14.421650
32.275000	0.5	14.390400
32.283333	0.5	14.378000
32.291667	0.5	14.370550
32.300000	0.5	14.354200
32.308333	0.5	14.357950
32.316667	0.5	14.364750
32.325000	0.5	14.368850
32.333333	0.5	14.384850
32.341667	0.5	14.396650
32.350000	0.5	14.408400
32.358333	0.5	14.424550
32.366667	0.5	14.440650
32.375000	0.5	14.468750
32.383333	0.5	14.491650
32.391667	0.5	14.508850
32.400000	0.5	14.547200
32.408333	0.5	14.589400
32.416667	0.5	14.622300
32.425000	0.5	14.658400
32.433333	0.5	14.699350
32.441667	0.5	14.732950
32.450000	0.5	14.766550
32.458333	0.5	14.807650
32.466667	0.5	14.845150
32.475000	0.5	14.889950
32.483333	0.5	14.933900
32.491667	0.5	14.966550
32.500000	0.5	15.023500
32.508333	0.5	15.079300
32.516667	0.5	15.125650
32.525000	0.5	15.171900
32.533333	0.5	15.215000
32.541667	0.5	15.264650
32.550000	0.5	15.307500
32.558333	0.5	15.354600
32.566667	0.5	15.394600
32.575000	0.5	15.444700
32.583333	0.5	15.481150
32.591667	0.5	15.527750
32.600000	0.5	15.552700
32.608333	0.5	15.495750
32.616667	0.5	15.265850
32.625000	0.5	14.937650
32.633333	0.5	14.615500
32.641667	0.5	14.372800
32.650000	0.5	14.214950
32.658333	0.5	14.115400
32.666667	0.5	14.047350
32.675000	0.5	14.007350
32.683333	0.5	13.955750
32.691667	0.5	13.926850
32.700000	0.5	13.894050
32.708333	0.5	13.858250
32.716667	0.5	13.818650
32.725000	0.5	13.776350
32.733333	0.5	13.739700
32.741667	0.5	13.693750
32.750000	0.5	13.650400
32.758333	0.5	13.599350
32.766667	0.5	13.553500
32.775000	0.5	13.504600
32.783333	0.5	13.464750
32.791667	0.5	13.420700
32.800000	0.5	13.380950
32.808333	0.5	13.334400
32.816667	0.5	13.287100
32.825000	0.5	13.237750
32.833333	0.5	13.194100
32.841667	0.5	13.153700
32.850000	0.5	13.110750
32.858333	0.5	13.070400
32.866667	0.5	13.035000
32.875000	0.5	12.998950
32.883333	0.5	12.974400
32.891667	0.5	12.946300
32.900000	0.5	12.915450
32.908333	0.5	12.889250
32.916667	0.5	12.864950
32.925000	0.5	12.841250
32.933333	0.5	12.817100
32.941667	0.5	12.800400
32.950000	0.5	12.797600
32.958333	0.5	12.806050
32.966667	0.5	12.825450
32.975000	0.5	12.877150
32.983333	0.5	12.966600
32.991667	0.5	13.104350
33.000000	0.5	13.297100
33.008333	0.5	13.566600
33.016667	0.5	13.906950
33.025000	0.5	14.317200
33.033333	0.5	14.783300
33.041667	0.5	15.291500
33.050000	0.5	15.812350
33.058333	0.5	16.341350
33.066667	0.5	16.844900
33.075000	0.5	17.332600
33.083333	0.5	17.768600
33.091667	0.5	18.163000
33.100000	0.5	18.503250
33.108333	0.5	18.783600
33.116667	0.5	19.000000
33.125000	0.5	19.158750
33.133333	0.5	19.248950
33.141667	0.5	19.276250
33.150000	0.5	19.248250
33.158333	0.5	19.148100
33.166667	0.5	18.995650
33.175000	0.5	18.783500
33.183333	0.5	18.513450
33.191667	0.5	18.183800
33.200000	0.5	17.808900
33.208333	0.5	17.396300
33.216667	0.5	16.948200
33.225000	0.5	16.481050
33.233333	0.5	16.005000
33.241667	0.5	15.530900
33.250000	0.5	15.079350
33.258333	0.5	14.653900
33.266667	0.5	14.265350
33.275000	0.5	13.930850
33.283333	0.5	13.638800
33.291667	0.5	13.398600
33.300000	0.5	13.195600
33.308333	0.5	13.044050
33.316667	0.5	12.929200
33.325000	0.5	12.844550
33.333333	0.5	12.782500
33.341667	0.5	12.737600
33.350000	0.5	12.704400
33.358333	0.5	12.685500
33.366667	0.5	12.668800
33.375000	0.5	12.659800
33.383333	0.5	12.648800
33.391667	0.5	12.643900
33.400000	0.5	12.638150
33.408333	0.5	12.632750
33.416667	0.5	12.630600
33.425000	0.5	12.616300
33.433333	0.5	12.617100
33.441667	0.5	12.615250
33.450000	0.5	12.604100
33.458333	0.5	12.608100
33.466667	0.5	12.610250
33.475000	0.5	12.608500
33.483333	0.5	12.611600
33.491667	0.5	12.613800
33.500000	0.5	12.615100
33.508333	0.5	12.617250
33.516667	0.5	12.627500
33.525000	0.5	12.632200
33.533333	0.5	12.647300
33.541667	0.5	12.655750
33.550000	0.5	12.676400
33.558333	0.5	12.699950
33.566667	0.5	12.724800
33.575000	0.5	12.746650
33.583333	0.5	12.766250
33.591667	0.5	12.790750
33.600000	0.5	12.809600
33.608333	0.5	12.833600
33.616667	0.5	12.858700
33.625000	0.5	12.882400
33.633333	0.5	12.907200
33.641667	0.5	12.931150
33.650000	0.5	12.960100
33.658333	0.5	12.990700
33.666667	0.5	13.012450
33.675000	0.5	13.041700
33.683333	0.5	13.075300
33.691667	0.5	13.111400
33.700000	0.5	13.148200
33.708333	0.5	13.194850
33.716667	0.5	13.237600
33.725000	0.5	13.294800
33.733333	0.5	13.343850
33.741667	0.5	13.404000
33.750000	0.5	13.471850
33.758333	0.5	13.541600
33.766667	0.5	13.606600
33.775000	0.5	13.679150
33.783333	0.5	13.744250
33.791667	0.5	13.812950
33.800000	0.5	13.870500
33.808333	0.5	13.931100
33.816667	0.5	13.991450
33.825000	0.5	14.047900
33.833333	0.5	14.095650
33.841667	0.5	14.145150
33.850000	0.5	14.189550
33.858333	0.5	14.225150
33.866667	0.5	14.254850
33.875000	0.5	14.286100
33.883333	0.5	14.310900
33.891667	0.5	14.339300
33.900000	0.5	14.361350
33.908333	0.5	14.392100
33.916667	0.5	14.422600
33.925000	0.5	14.460800
33.933333	0.5	14.510750
33.941667	0.5	14.571000
33.950000	0.5	14.640100
33.958333	0.5	14.725650
33.966667	0.5	14.818200
33.975000	0.5	14.935200
33.983333	0.5	15.044950
33.991667	0.5	15.167050
34.000000	0.5	15.283450
34.008333	0.5	15.386650
34.016667	0.5	15.472550
34.025000	0.5	15.520800
34.033333	0.5	15.529950
34.041667	0.5	15.475800
34.050000	0.5	15.371650
34.058333	0.5	15.205450
34.066667	0.5	15.003900
34.075000	0.5	14.786250
34.083333	0.5	14.576650
34.091667	0.5	14.393050
34.100000	0.5	14.250450
34.108333	0.5	14.149500
34.116667	0.5	14.084150
34.125000	0.5	14.053850
34.133333	0.5	14.057450
34.141667	0.5	14.081750
34.150000	0.5	14.118800
34.158333	0.5	14.170100
34.166667	0.5	14.235350
34.175000	0.5	14.293700
34.183333	0.5	14.361200
34.191667	0.5	14.428850
34.200000	0.5	14.495800
34.208333	0.5	14.563400
34.216667	0.5	14.613800
34.225000	0.5	14.667250
34.233333	0.5	14.716000
34.241667	0.5	14.750450
34.250000	0.5	14.779250
34.258333	0.5	14.794600
34.266667	0.5	14.805600
34.275000	0.5	14.805100
34.283333	0.5	14.795300
34.291667	0.5	14.778700
34.300000	0.5	14.748800
34.308333	0.5	14.704300
34.316667	0.5	14.658300
34.325000	0.5	14.598500
34.333333	0.5	14.533700
34.341667	0.5	14.462000
34.350000	0.5	14.373450
34.358333	0.5	14.274600
34.366667	0.5	14.175750
34.375000	0.5	14.070800
34.383333	0.5	13.958800
34.391667	0.5	13.843400
34.400000	0.5	13.730650
34.408333	0.5	13.609750
34.416667	0.5	13.495600
34.425000	0.5	13.380250
34.433333	0.5	13.266600
34.441667	0.5	13.157150
34.450000	0.5	13.057650
34.458333	0.5	12.960350
34.466667	0.5	12.881400
34.475000	0.5	12.805600
34.483333	0.5	12.740850
34.491667	0.5	12.697350
34.500000	0.5	12.655150
34.508333	0.5	12.630450
34.516667	0.5	12.615600
34.525000	0.5	12.604700
34.533333	0.5	12.604800
34.541667	0.5	12.607750
34.550000	0.5	12.606500
34.558333	0.5	12.620250
34.566667	0.5	12.637400
34.575000	0.5	12.655650
34.583333	0.5	12.681600
34.591667	0.5	12.703150
34.600000	0.5	12.717500
34.608333	0.5	12.749700
34.616667	0.5	12.774250
34.625000	0.5	12.797050
34.633333	0.5	12.819800
34.641667	0.5	12.838700
34.650000	0.5	12.862600
34.658333	0.5	12.877600
34.666667	0.5	12.894050
34.675000	0.5	12.906950
34.683333	0.5	12.923150
34.691667	0.5	12.929300
34.700000	0.5	12.941100
34.708333	0.5	12.950450
34.716667	0.5	12.957250
34.725000	0.5	12.955200
34.733333	0.5	12.953900
34.741667	0.5	12.949800
34.750000	0.5	12.943300
34.758333	0.5	12.936250
34.766667	0.5	12.925350
34.775000	0.5	12.918150
34.783333	0.5	12.905750
34.791667	0.5	12.891850
34.800000	0.5	12.887050
34.808333	0.5	12.876300
34.816667	0.5	12.861600
34.825000	0.5	12.844600
34.833333	0.5	12.830400
34.841667	0.5	12.814400
34.850000	0.5	12.801150
34.858333	0.5	12.786500
34.866667	0.5	12.772750
34.875000	0.5	12.762500
34.883333	0.5	12.745900
34.891667	0.5	12.737650
34.900000	0.5	12.736950
34.908333	0.5	12.729100
34.916667	0.5	12.715050
34.925000	0.5	12.709800
34.933333	0.5	12.706150
34.941667	0.5	12.695900
34.950000	0.5	12.692950
34.958333	0.5	12.685900
34.966667	0.5	12.683450
34.975000	0.5	12.686500
34.983333	0.5	12.670250
34.991667	0.5	12.678350
35.000000	0.5	12.677800
35.008333	0.5	12.675900
35.016667	0.5	12.676050
35.025000	0.5	12.675500
35.033333	0.5	12.680750
35.041667	0.5	12.684950
35.050000	0.5	12.697950
35.058333	0.5	12.706150
35.066667	0.5	12.731500
35.075000	0.5	12.745500
35.083333	0.5	12.769000
35.091667	0.5	12.796650
35.100000	0.5	12.821350
35.108333	0.5	12.842450
35.116667	0.5	12.868400
35.125000	0.5	12.883250
35.133333	0.5	12.893400
35.141667	0.5	12.904900
35.150000	0.5	12.906750
35.158333	0.5	12.906400
35.166667	0.5	12.903750
35.175000	0.5	12.892200
35.183333	0.5	12.876800
35.191667	0.5	12.851650
35.200000	0.5	12.821600
35.208333	0.5	12.788550
35.216667	0.5	12.747000
35.225000	0.5	12.705500
35.233333	0.5	12.662450
35.241667	0.5	12.614450
35.250000	0.5	12.570000
35.258333	0.5	12.528550
35.266667	0.5	12.476500
35.275000	0.5	12.432450
35.283333	0.5	12.390350
35.291667	0.5	12.345250
35.300000	0.5	12.295550
35.308333	0.5	12.239950
35.316667	0.5	12.186850
35.325000	0.5	12.123500
35.333333	0.5	12.063400
35.341667	0.5	11.994950
35.350000	0.5	11.922950
35.358333	0.5	11.850550
35.366667	0.5	11.777000
35.375000	0.5	11.698400
35.383333	0.5	11.621350
35.391667	0.5	11.541200
35.400000	0.5	11.466700
35.408333	0.5	11.389850
35.416667	0.5	11.317100
35.425000	0.5	11.251950
35.433333	0.5	11.193750
35.441667	0.5	11.140900
35.450000	0.5	11.094600
35.458333	0.5	11.051250
35.466667	0.5	11.021050
35.475000	0.5	11.002050
35.483333	0.5	10.986400
35.491667	0.5	10.974100
35.500000	0.5	10.972850
35.508333	0.5	10.964850
35.516667	0.5	10.966350
35.525000	0.5	10.969000
35.533333	0.5	10.984750
35.541667	0.5	10.996300
35.550000	0.5	11.007200
35.558333	0.5	11.014550
35.566667	0.5	11.030500
35.575000	0.5	11.047850
35.583333	0.5	11.067200
35.591667	0.5	11.078500
35.600000	0.5	11.093000
35.608333	0.5	11.108850
35.616667	0.5	11.121700
35.625000	0.5	11.136750
35.633333	0.5	11.148500
35.641667	0.5	11.153850
35.650000	0.5	11.162550
35.658333	0.5	11.169500
35.666667	0.5	11.179850
35.675000	0.5	11.179400
35.683333	0.5	11.179800
35.691667	0.5	11.183250
35.700000	0.5	11.178750
35.708333	0.5	11.175300
35.716667	0.5	11.172950
35.725000	0.5	11.165400
35.733333	0.5	11.157000
35.741667	0.5	11.148550
35.750000	0.5	11.139700
35.758333	0.5	11.130850
35.766667	0.5	11.130700
35.775000	0.5	11.121650
35.783333	0.5	11.111650
35.791667	0.5	11.105850
35.800000	0.5	11.098650
35.808333	0.5	11.096050
35.816667	0.5	11.086250
35.825000	0.5	11.089950
35.833333	0.5	11.089700
35.841667	0.5	11.089300
35.850000	0.5	11.097950
35.858333	0.5	11.107750
35.866667	0.5	11.117650
35.875000	0.5	11.128450
35.883333	0.5	11.128550
35.891667	0.5	11.147800
35.900000	0.5	11.157400
35.908333	0.5	11.167350
35.916667	0.5	11.171050
35.925000	0.5	11.172950
35.933333	0.5	11.169850
35.941667	0.5	11.156650
35.950000	0.5	11.157050
35.958333	0.5	11.140350
35.966667	0.5	11.115250
35.975000	0.5	11.083800
35.983333	0.5	11.049350
35.991667	0.5	11.013500
36.000000	0.5	10.970150
36.008333	0.5	10.927000
36.016667	0.5	10.878050
36.025000	0.5	10.840400
36.033333	0.5	10.790900
36.041667	0.5	10.749900
36.050000	0.5	10.710500
36.058333	0.5	10.672900
36.066667	0.5	10.629050
36.075000	0.5	10.603200
36.083333	0.5	10.567450
36.091667	0.5	10.541300
36.100000	0.5	10.521650
36.108333	0.5	10.497400
36.116667	0.5	10.487300
36.125000	0.5	10.482050
36.133333	0.5	10.468150
36.141667	0.5	10.475250
36.150000	0.5	10.479200
36.158333	0.5	10.480550
36.166667	0.5	10.488700
36.175000	0.5	10.504100
36.183333	0.5	10.521050
36.191667	0.5	10.539100
36.200000	0.5	10.563300
36.208333	0.5	10.594600
36.216667	0.5	10.628050
36.225000	0.5	10.665900
36.233333	0.5	10.703500
36.241667	0.5	10.753800
36.250000	0.5	10.798100
36.258333	0.5	10.849550
36.266667	0.5	10.900250
36.275000	0.5	10.954900
36.283333	0.5	11.007400
36.291667	0.5	11.065000
36.300000	0.5	11.115950
36.308333	0.5	11.169950
36.316667	0.5	11.223700
36.325000	0.5	11.266300
36.333333	0.5	11.315100
36.341667	0.5	11.356550
36.350000	0.5	11.392000
36.358333	0.5	11.422400
36.366667	0.5	11.445450
36.375000	0.5	11.471200
36.383333	0.5	11.485950
36.391667	0.5	11.495150
36.400000	0.5	11.507100
36.408333	0.5	11.513200
36.416667	0.5	11.512850
36.425000	0.5	11.513600
36.433333	0.5	11.517300
36.441667	0.5	11.506850
36.450000	0.5	11.501850
36.458333	0.5	11.488650
36.466667	0.5	11.480050
36.475000	0.5	11.466850
36.483333	0.5	11.446750
36.491667	0.5	11.430750
36.500000	0.5	11.418650
36.508333	0.5	11.407800
36.516667	0.5	11.381350
36.525000	0.5	11.362900
36.533333	0.5	11.345850
36.541667	0.5	11.322550
36.550000	0.5	11.310000
36.558333	0.5	11.283350
36.566667	0.5	11.268800
36.575000	0.5	11.245100
36.583333	0.5	11.223700
36.591667	0.5	11.202700
36.600000	0.5	11.188000
36.608333	0.5	11.161050
36.616667	0.5	11.149500
36.625000	0.5	11.133750
36.633333	0.5	11.122700
36.641667	0.5	11.104350
36.650000	0.5	11.088100
36.658333	0.5	11.071500
36.666667	0.5	11.058200
36.675000	0.5	11.039750
36.683333	0.5	11.028600
36.691667	0.5	11.014250
36.700000	0.5	11.004750
36.708333	0.5	10.988150
36.716667	0.5	10.979000
36.725000	0.5	10.968700
36.733333	0.5	10.955850
36.741667	0.5	10.949050
36.750000	0.5	10.940100
36.758333	0.5	10.930100
36.766667	0.5	10.921200
36.775000	0.5	10.915050
36.783333	0.5	10.906300
36.791667	0.5	10.906150
36.800000	0.5	10.895100
36.808333	0.5	10.894300
36.816667	0.5	10.890700
36.825000	0.5	10.887550
36.833333	0.5	10.889750
36.841667	0.5	10.893650
36.850000	0.5	10.896100
36.858333	0.5	10.899400
36.866667	0.5	10.906450
36.875000	0.5	10.916000
36.883333	0.5	10.930650
36.891667	0.5	10.953700
36.900000	0.5	10.981050
36.908333	0.5	11.025100
36.916667	0.5	11.079350
36.925000	0.5	11.145500
36.933333	0.5	11.216450
36.941667	0.5	11.307200
36.950000	0.5	11.415950
36.958333	0.5	11.527600
36.966667	0.5	11.658350
36.975000	0.5	11.798100
36.983333	0.5	11.954950
36.991667	0.5	12.108450
37.000000	0.5	12.275300
37.008333	0.5	12.444300
37.016667	0.5	12.606550
37.025000	0.5	12.762700
37.033333	0.5	12.922700
37.041667	0.5	13.067800
37.050000	0.5	13.205350
37.058333	0.5	13.313200
37.066667	0.5	13.414500
37.075000	0.5	13.501050
37.083333	0.5	13.560900
37.091667	0.5	13.599500
37.100000	0.5	13.631150
37.108333	0.5	13.628050
37.116667	0.5	13.608000
37.125000	0.5	13.569200
37.133333	0.5	13.510250
37.141667	0.5	13.434500
37.150000	0.5	13.345950
37.158333	0.5	13.245500
37.166667	0.5	13.127700
37.175000	0.5	13.017450
37.183333	0.5	12.886850
37.191667	0.5	12.776500
37.200000	0.5	12.658750
37.208333	0.5	12.561850
37.216667	0.5	12.458400
37.225000	0.5	12.376850
37.233333	0.5	12.309200
37.241667	0.5	12.257750
37.250000	0.5	12.224950
37.258333	0.5	12.206550
37.266667	0.5	12.207250
37.275000	0.5	12.221600
37.283333	0.5	12.241000
37.291667	0.5	12.279350
37.300000	0.5	12.319950
37.308333	0.5	12.372050
37.316667	0.5	12.421550
37.325000	0.5	12.473900
37.333333	0.5	12.539500
37.341667	0.5	12.605750
37.350000	0.5	12.664550
37.358333	0.5	12.737300
37.366667	0.5	12.809600
37.375000	0.5	12.872550
37.383333	0.5	12.941950
37.391667	0.5	13.007950
37.400000	0.5	13.078550
37.408333	0.5	13.150950
37.416667	0.5	13.208600
37.425000	0.5	13.276550
37.433333	0.5	13.330450
37.441667	0.5	13.377750
37.450000	0.5	13.422350
37.458333	0.5	13.471150
37.466667	0.5	13.507600
37.475000	0.5	13.532550
37.483333	0.5	13.559650
37.491667	0.5	13.578300
37.500000	0.5	13.589600
37.508333	0.5	13.590300
37.516667	0.5	13.593200
37.525000	0.5	13.577300
37.533333	0.5	13.553150
37.541667	0.5	13.526800
37.550000	0.5	13.486100
37.558333	0.5	13.443300
37.566667	0.5	13.390700
37.575000	0.5	13.332950
37.583333	0.5	13.269650
37.591667	0.5	13.192600
37.600000	0.5	13.106150
37.608333	0.5	13.019600
37.616667	0.5	12.931050
37.625000	0.5	12.826550
37.633333	0.5	12.721000
37.641667	0.5	12.604900
37.650000	0.5	12.496700
37.658333	0.5	12.375850
37.666667	0.5	12.261100
37.675000	0.5	12.154650
37.683333	0.5	12.035300
37.691667	0.5	11.929050
37.700000	0.5	11.818700
37.708333	0.5	11.717350
37.716667	0.5	11.624000
37.725000	0.5	11.547900
37.733333	0.5	11.473000
37.741667	0.5	11.411300
37.750000	0.5	11.366200
37.758333	0.5	11.317350
37.766667	0.5	11.292200
37.775000	0.5	11.276300
37.783333	0.5	11.259150
37.791667	0.5	11.252450
37.800000	0.5	11.248000
37.808333	0.5	11.258550
37.816667	0.5	11.271200
37.825000	0.5	11.284450
37.833333	0.5	11.311250
37.841667	0.5	11.341950
37.850000	0.5	11.375550
37.858333	0.5	11.418650
37.866667	0.5	11.469300
37.875000	0.5	11.530200
37.883333	0.5	11.601650
37.891667	0.5	11.683300
37.900000	0.5	11.777600
37.908333	0.5	11.879650
37.916667	0.5	12.003150
37.925000	0.5	12.128500
37.933333	0.5	12.277750
37.941667	0.5	12.442950
37.950000	0.5	12.608150
37.958333	0.5	12.800650
37.966667	0.5	12.995400
37.975000	0.5	13.195350
37.983333	0.5	13.393250
37.991667	0.5	13.599400
38.000000	0.5	13.795650
38.008333	0.5	13.985900
38.016667	0.5	14.166700
38.025000	0.5	14.338550
38.033333	0.5	14.503250
38.041667	0.5	14.646700
38.050000	0.5	14.778350
38.058333	0.5	14.894250
38.066667	0.5	14.989800
38.075000	0.5	15.061950
38.083333	0.5	15.119400
38.091667	0.5	15.156750
38.100000	0.5	15.168350
38.108333	0.5	15.164750
38.116667	0.5	15.149700
38.125000	0.5	15.106700
38.133333	0.5	15.054750
38.141667	0.5	14.986000
38.150000	0.5	14.904000
38.158333	0.5	14.814000
38.166667	0.5	14.712450
38.175000	0.5	14.605200
38.183333	0.5	14.488700
38.191667	0.5	14.369250
38.200000	0.5	14.249550
38.208333	0.5	14.130000
38.216667	0.5	14.006600
38.225000	0.5	13.891150
38.233333	0.5	13.773750
38.241667	0.5	13.658800
38.250000	0.5	13.555750
38.258333	0.5	13.444750
38.266667	0.5	13.340850
38.275000	0.5	13.237500
38.283333	0.5	13.139550
38.291667	0.5	13.044150
38.300000	0.5	12.949500
38.308333	0.5	12.872200
38.316667	0.5	12.783950
38.325000	0.5	12.712200
38.333333	0.5	12.634750
38.341667	0.5	12.567050
38.350000	0.5	12.507900
38.358333	0.5	12.447150
38.366667	0.5	12.386100
38.375000	0.5	12.339500
38.383333	0.5	12.289250
38.391667	0.5	12.247700
38.400000	0.5	12.204500
38.408333	0.5	12.163250
38.416667	0.5	12.135100
38.425000	0.5	12.103800
38.433333	0.5	12.075650
38.441667	0.5	12.059250
38.450000	0.5	12.043350
38.458333	0.5	12.030800
38.466667	0.5	12.024700
38.475000	0.5	12.017750
38.483333	0.5	12.023400
38.491667	0.5	12.030400
38.500000	0.5	12.051550
38.508333	0.5	12.065900
38.516667	0.5	12.098450
38.525000	0.5	12.117700
38.533333	0.5	12.148750
38.541667	0.5	12.178250
38.550000	0.5	12.207700
38.558333	0.5	12.238250
38.566667	0.5	12.268950
38.575000	0.5	12.296700
38.583333	0.5	12.311950
38.591667	0.5	12.331650
38.600000	0.5	12.351500
38.608333	0.5	12.360100
38.616667	0.5	12.371550
38.625000	0.5	12.374200
38.633333	0.5	12.367750
38.641667	0.5	12.366950
38.650000	0.5	12.352300
38.658333	0.5	12.330400
38.666667	0.5	12.304400
38.675000	0.5	12.281350
38.683333	0.5	12.245850
38.691667	0.5	12.205350
38.700000	0.5	12.168050
38.708333	0.5	12.124150
38.716667	0.5	12.079700
38.725000	0.5	12.037550
38.733333	0.5	11.994300
38.741667	0.5	11.948000
38.750000	0.5	11.904450
38.758333	0.5	11.861450
38.766667	0.5	11.823100
38.775000	0.5	11.789850
38.783333	0.5	11.756950
38.791667	0.5	11.724100
38.800000	0.5	11.699450
38.808333	0.5	11.674900
38.816667	0.5	11.656750
38.825000	0.5	11.640450
38.833333	0.5	11.631600
38.841667	0.5	11.611100
38.850000	0.5	11.595900
38.858333	0.5	11.590900
38.866667	0.5	11.569500
38.875000	0.5	11.561100
38.883333	0.5	11.548050
38.891667	0.5	11.535750
38.900000	0.5	11.523700
38.908333	0.5	11.512400
38.916667	0.5	11.501150
38.925000	0.5	11.497950
38.933333	0.5	11.490500
38.941667	0.5	11.484700
38.950000	0.5	11.474800
38.958333	0.5	11.475150
38.966667	0.5	11.465750
38.975000	0.5	11.457150
38.983333	0.5	11.454300
38.991667	0.5	11.452900
39.000000	0.5	11.458050
39.008333	0.5	11.455500
39.016667	0.5	11.467500
39.025000	0.5	11.469300
39.033333	0.5	11.475050
39.041667	0.5	11.483750
39.050000	0.5	11.492050
39.058333	0.5	11.504550
39.066667	0.5	11.517000
39.075000	0.5	11.528850
39.083333	0.5	11.544750
39.091667	0.5	11.556600
39.100000	0.5	11.571650
39.108333	0.5	11.595750
39.116667	0.5	11.619700
39.125000	0.5	11.638050
39.133333	0.5	11.656250
39.141667	0.5	11.674150
39.150000	0.5	11.693000
39.158333	0.5	11.709700
39.166667	0.5	11.732550
39.175000	0.5	11.749050
39.183333	0.5	11.772250
39.191667	0.5	11.785550
39.200000	0.5	11.802350
39.208333	0.5	11.822850
39.216667	0.5	11.831700
39.225000	0.5	11.845250
39.233333	0.5	11.853550
39.241667	0.5	11.860450
39.250000	0.5	11.868700
39.258333	0.5	11.878700
39.266667	0.5	11.885350
39.275000	0.5	11.889350
39.283333	0.5	11.895150
39.291667	0.5	11.893350
39.300000	0.5	11.894750
39.308333	0.5	11.896500
39.316667	0.5	11.903500
39.325000	0.5	11.900750
39.333333	0.5	11.901950
39.341667	0.5	11.906850
39.350000	0.5	11.905300
39.358333	0.5	11.908900
39.366667	0.5	11.910300
39.375000	0.5	11.909200
39.383333	0.5	11.909250
39.391667	0.5	11.905450
39.400000	0.5	11.910550
39.408333	0.5	11.914150
39.416667	0.5	11.914950
39.425000	0.5	11.918400
39.433333	0.5	11.911700
39.441667	0.5	11.911050
39.450000	0.5	11.899800
39.458333	0.5	11.895900
39.466667	0.5	11.882750
39.475000	0.5	11.873750
39.483333	0.5	11.855150
39.491667	0.5	11.842400
39.500000	0.5	11.824300
39.508333	0.5	11.803350
39.516667	0.5	11.778850
39.525000	0.5	11.755550
39.533333	0.5	11.727950
39.541667	0.5	11.699650
39.550000	0.5	11.667400
39.558333	0.5	11.638150
39.566667	0.5	11.605700
39.575000	0.5	11.572200
39.583333	0.5	11.543500
39.591667	0.5	11.521050
39.600000	0.5	11.495850
39.608333	0.5	11.466700
39.616667	0.5	11.440200
39.625000	0.5	11.421700
39.633333	0.5	11.400950
39.641667	0.5	11.378850
39.650000	0.5	11.358900
39.658333	0.5	11.342850
39.666667	0.5	11.331850
39.675000	0.5	11.308050
39.683333	0.5	11.296100
39.691667	0.5	11.284850
39.700000	0.5	11.273100
39.708333	0.5	11.262350
39.716667	0.5	11.246100
39.725000	0.5	11.237250
39.733333	0.5	11.225600
39.741667	0.5	11.211400
39.750000	0.5	11.203200
39.758333	0.5	11.191950
39.766667	0.5	11.188700
39.775000	0.5	11.175800
39.783333	0.5	11.173450
39.791667	0.5	11.166500
39.800000	0.5	11.160950
39.808333	0.5	11.155250
39.816667	0.5	11.146600
39.825000	0.5	11.144400
39.833333	0.5	11.140150
39.841667	0.5	11.138200
39.850000	0.5	11.131800
39.858333	0.5	11.134750
39.866667	0.5	11.132250
39.875000	0.5	11.138350
39.883333	0.5	11.141600
39.891667	0.5	11.144700
39.900000	0.5	11.141650
39.908333	0.5	11.140350
39.916667	0.5	11.145350
39.925000	0.5	11.152500
39.933333	0.5	11.149150
39.941667	0.5	11.158750
39.950000	0.5	11.160350
39.958333	0.5	11.170400
39.966667	0.5	11.178350
39.975000	0.5	11.194150
39.983333	0.5	11.212500
39.991667	0.5	11.230950
40.000000	0.5	11.256200
40.008333	0.5	11.294200
40.016667	0.5	11.333700
40.025000	0.5	11.377800
40.033333	0.5	11.445850
40.041667	0.5	11.515050
40.050000	0.5	11.585700
40.058333	0.5	11.673250
40.066667	0.5	11.765600
40.075000	0.5	11.868900
40.083333	0.5	11.975150
40.091667	0.5	12.090900
40.100000	0.5	12.209150
40.108333	0.5	12.326600
40.116667	0.5	12.450600
40.125000	0.5	12.571600
40.133333	0.5	12.692850
40.141667	0.5	12.813000
40.150000	0.5	12.928600
40.158333	0.5	13.034050
40.166667	0.5	13.147800
40.175000	0.5	13.249000
40.183333	0.5	13.348450
40.191667	0.5	13.437150
40.200000	0.5	13.522050
40.208333	0.5	13.595950
40.216667	0.5	13.661950
40.225000	0.5	13.716400
40.233333	0.5	13.769500
40.241667	0.5	13.812850
40.250000	0.5	13.841750
40.258333	0.5	13.871400
40.266667	0.5	13.888100
40.275000	0.5	13.895600
40.283333	0.5	13.896250
40.291667	0.5	13.889950
40.300000	0.5	13.869050
40.308333	0.5	13.836800
40.316667	0.5	13.800850
40.325000	0.5	13.757750
40.333333	0.5	13.704000
40.341667	0.5	13.646650
40.350000	0.5	13.578850
40.358333	0.5	13.515150
40.366667	0.5	13.432450
40.375000	0.5	13.348800
40.383333	0.5	13.264500
40.391667	0.5	13.162650
40.400000	0.5	13.064700
40.408333	0.5	12.957700
40.416667	0.5	12.850150
40.425000	0.5	12.741200
40.433333	0.5	12.640900
40.441667	0.5	12.529500
40.450000	0.5	12.433950
40.458333	0.5	12.338000
40.466667	0.5	12.247350
40.475000	0.5	12.154300
40.483333	0.5	12.071950
40.491667	0.5	11.999000
40.500000	0.5	11.928300
40.508333	0.5	11.869900
40.516667	0.5	11.818200
40.525000	0.5	11.784900
40.533333	0.5	11.747900
40.541667	0.5	11.723250
40.550000	0.5	11.708950
40.558333	0.5	11.694800
40.566667	0.5	11.677400
40.575000	0.5	11.663750
40.583333	0.5	11.653500
40.591667	0.5	11.644500
40.600000	0.5	11.633250
40.608333	0.5	11.614600
40.616667	0.5	11.596550
40.625000	0.5	11.577350
40.633333	0.5	11.550500
40.641667	0.5	11.526900
40.650000	0.5	11.495100
40.658333	0.5	11.461600
40.666667	0.5	11.417900
40.675000	0.5	11.368300
40.683333	0.5	11.326000
40.691667	0.5	11.278200
40.700000	0.5	11.224850
40.708333	0.5	11.170950
40.716667	0.5	11.110950
40.725000	0.5	11.065100
40.733333	0.5	11.009800
40.741667	0.5	10.966750
40.750000	0.5	10.920400
40.758333	0.5	10.880200
40.766667	0.5	10.841500
40.775000	0.5	10.802750
40.783333	0.5	10.765850
40.791667	0.5	10.739400
40.800000	0.5	10.717450
40.808333	0.5	10.704550
40.816667	0.5	10.691100
40.825000	0.5	10.681150
40.833333	0.5	10.674700
40.841667	0.5	10.679900
40.850000	0.5	10.687600
40.858333	0.5	10.697850
40.866667	0.5	10.700050
40.875000	0.5	10.711200
40.883333	0.5	10.731700
40.891667	0.5	10.748650
40.900000	0.5	10.764650
40.908333	0.5	10.790000
40.916667	0.5	10.813100
40.925000	0.5	10.837250
40.933333	0.5	10.868850
40.941667	0.5	10.894650
40.950000	0.5	10.919250
40.958333	0.5	10.947250
40.966667	0.5	10.975350
40.975000	0.5	10.997100
40.983333	0.5	11.024950
40.991667	0.5	11.046350
41.000000	0.5	11.076300
41.008333	0.5	11.114450
41.016667	0.5	11.140300
41.025000	0.5	11.187000
41.033333	0.5	11.243700
41.041667	0.5	11.292500
41.050000	0.5	11.355700
41.058333	0.5	11.431100
41.066667	0.5	11.529200
41.075000	0.5	11.629500
41.083333	0.5	11.748400
41.091667	0.5	11.879800
41.100000	0.5	12.040750
41.108333	0.5	12.204950
41.116667	0.5	12.372800
41.125000	0.5	12.567450
41.133333	0.5	12.755800
41.141667	0.5	12.949750
41.150000	0.5	13.147650
41.158333	0.5	13.344900
41.166667	0.5	13.536600
41.175000	0.5	13.722650
41.183333	0.5	13.901700
41.191667	0.5	14.069700
41.200000	0.5	14.232050
41.208333	0.5	14.369750
41.216667	0.5	14.508750
41.225000	0.5	14.635850
41.233333	0.5	14.744250
41.241667	0.5	14.837400
41.250000	0.5	14.918350
41.258333	0.5	14.979300
41.266667	0.5	15.031700
41.275000	0.5	15.070150
41.283333	0.5	15.085500
41.291667	0.5	15.099500
41.300000	0.5	15.091550
41.308333	0.5	15.068500
41.316667	0.5	15.046250
41.325000	0.5	14.993600
41.333333	0.5	14.934050
41.341667	0.5	14.864800
41.350000	0.5	14.781800
41.358333	0.5	14.691100
41.366667	0.5	14.591500
41.375000	0.5	14.479800
41.383333	0.5	14.369500
41.391667	0.5	14.251800
41.400000	0.5	14.135350
41.408333	0.5	14.007900
41.416667	0.5	13.887400
41.425000	0.5	13.766000
41.433333	0.5	13.643300
41.441667	0.5	13.527350
41.450000	0.5	13.413050
41.458333	0.5	13.305250
41.466667	0.5	13.210950
41.475000	0.5	13.122550
41.483333	0.5	13.041000
41.491667	0.5	12.977700
41.500000	0.5	12.912700
41.508333	0.5	12.870150
41.516667	0.5	12.832500
41.525000	0.5	12.797050
41.533333	0.5	12.767050
41.541667	0.5	12.742700
41.550000	0.5	12.727600
41.558333	0.5	12.714750
41.566667	0.5	12.706150
41.575000	0.5	12.701900
41.583333	0.5	12.708350
41.591667	0.5	12.707250
41.600000	0.5	12.715250
41.608333	0.5	12.720550
41.616667	0.5	12.732100
41.625000	0.5	12.730950
41.633333	0.5	12.731400
41.641667	0.5	12.737900
41.650000	0.5	12.737550
41.658333	0.5	12.732800
41.666667	0.5	12.724800
41.675000	0.5	12.716150
41.683333	0.5	12.705450
41.691667	0.5	12.688000
41.700000	0.5	12.673700
41.708333	0.5	12.655800
41.716667	0.5	12.625850
41.725000	0.5	12.590400
41.733333	0.5	12.557400
41.741667	0.5	12.513800
41.750000	0.5	12.477750
41.758333	0.5	12.424500
41.766667	0.5	12.376800
41.775000	0.5	12.328400
41.783333	0.5	12.270250
41.791667	0.5	12.218000
41.800000	0.5	12.159600
41.808333	0.5	12.105900
41.816667	0.5	12.043000
41.825000	0.5	11.986200
41.833333	0.5	11.926000
41.841667	0.5	11.869450
41.850000	0.5	11.814200
41.858333	0.5	11.757550
41.866667	0.5	11.709400
41.875000	0.5	11.656500
41.883333	0.5	11.615550
41.891667	0.5	11.571850
41.900000	0.5	11.537200
41.908333	0.5	11.498600
41.916667	0.5	11.456150
41.925000	0.5	11.427650
41.933333	0.5	11.391750
41.941667	0.5	11.357750
41.950000	0.5	11.323800
41.958333	0.5	11.291450
41.966667	0.5	11.264000
41.975000	0.5	11.226750
41.983333	0.5	11.196550
41.991667	0.5	11.165400
42.000000	0.5	11.135950
42.008333	0.5	11.092650
42.016667	0.5	11.061600
42.025000	0.5	11.023100
42.033333	0.5	10.985950
42.041667	0.5	10.947600
42.050000	0.5	10.908500
42.058333	0.5	10.865150
42.066667	0.5	10.830400
42.075000	0.5	10.784500
42.083333	0.5	10.746650
42.091667	0.5	10.706000
42.100000	0.5	10.669350
42.108333	0.5	10.624700
42.116667	0.5	10.575350
42.125000	0.5	10.538100
42.133333	0.5	10.491600
42.141667	0.5	10.445600
42.150000	0.5	10.401450
42.158333	0.5	10.369400
42.166667	0.5	10.319250
42.175000	0.5	10.284950
42.183333	0.5	10.239250
42.191667	0.5	10.209100
42.200000	0.5	10.170500
42.208333	0.5	10.139100
42.216667	0.5	10.103000
42.225000	0.5	10.065650
42.233333	0.5	10.033900
42.241667	0.5	10.010800
42.250000	0.5	9.977750
42.258333	0.5	9.954450
42.266667	0.5	9.929050
42.275000	0.5	9.911850
42.283333	0.5	9.893200
42.291667	0.5	9.869950
42.300000	0.5	9.849950
42.308333	0.5	9.833700
42.316667	0.5	9.816100
42.325000	0.5	9.803500
42.333333	0.5	9.795300
42.341667	0.5	9.779650
42.350000	0.5	9.770350
42.358333	0.5	9.761050
42.366667	0.5	9.758650
42.375000	0.5	9.751150
42.383333	0.5	9.747850
42.391667	0.5	9.740500
42.400000	0.5	9.731600
42.408333	0.5	9.732550
42.416667	0.5	9.732800
42.425000	0.5	9.731150
42.433333	0.5	9.727650
42.441667	0.5	9.729450
42.450000	0.5	9.730900
42.458333	0.5	9.736850
42.466667	0.5	9.743250
42.475000	0.5	9.754150
42.483333	0.5	9.759400
42.491667	0.5	9.765650
42.500000	0.5	9.778650
42.508333	0.5	9.785150
42.516667	0.5	9.803000
42.525000	0.5	9.816100
42.533333	0.5	9.825650
42.541667	0.5	9.846650
42.550000	0.5	9.866500
42.558333	0.5	9.885250
42.566667	0.5	9.908000
42.575000	0.5	9.929250
42.583333	0.5	9.948750
42.591667	0.5	9.972600
42.600000	0.5	9.994150
42.608333	0.5	10.017050
42.616667	0.5	10.042300
42.625000	0.5	10.068550
42.633333	0.5	10.095350
42.641667	0.5	10.123250
42.650000	0.5	10.145900
42.658333	0.5	10.177400
42.666667	0.5	10.208550
42.675000	0.5	10.239050
42.683333	0.5	10.269100
42.691667	0.5	10.302750
42.700000	0.5	10.334800
42.708333	0.5	10.364400
42.716667	0.5	10.394700
42.725000	0.5	10.426050
42.733333	0.5	10.463250
42.741667	0.5	10.490900
42.750000	0.5	10.530750
42.758333	0.5	10.570400
42.766667	0.5	10.617600
42.775000	0.5	10.651800
42.783333	0.5	10.686700
42.791667	0.5	10.732150
42.800000	0.5	10.776150
42.808333	0.5	10.821650
42.816667	0.5	10.875200
42.825000	0.5	10.932150
42.833333	0.5	10.999950
42.841667	0.5	11.063150
42.850000	0.5	11.152750
42.858333	0.5	11.241150
42.866667	0.5	11.339150
42.875000	0.5	11.448050
42.883333	0.5	11.557150
42.891667	0.5	11.674150
42.900000	0.5	11.785650
42.908333	0.5	11.910250
42.916667	0.5	12.033700
42.925000	0.5	12.174500
42.933333	0.5	12.305550
42.941667	0.5	12.448700
42.950000	0.5	12.596950
42.958333	0.5	12.745900
42.966667	0.5	12.888450
42.975000	0.5	13.028550
42.983333	0.5	13.169500
42.991667	0.5	13.303950
43.000000	0.5	13.434000
43.008333	0.5	13.557450
43.016667	0.5	13.680350
43.025000	0.5	13.783200
43.033333	0.5	13.881250
43.041667	0.5	13.980400
43.050000	0.5	14.063800
43.058333	0.5	14.141500
43.066667	0.5	14.206850
43.075000	0.5	14.264650
43.083333	0.5	14.315600
43.091667	0.5	14.355750
43.100000	0.5	14.385250
43.108333	0.5	14.402000
43.116667	0.5	14.418600
43.125000	0.5	14.421350
43.133333	0.5	14.418550
43.141667	0.5	14.407450
43.150000	0.5	14.381000
43.158333	0.5	14.353750
43.166667	0.5	14.316850
43.175000	0.5	14.266800
43.183333	0.5	14.209650
43.191667	0.5	14.154200
43.200000	0.5	14.084200
43.208333	0.5	13.992750
43.216667	0.5	13.911200
43.225000	0.5	13.814900
43.233333	0.5	13.722350
43.241667	0.5	13.622350
43.250000	0.5	13.511300
43.258333	0.5	13.393250
43.266667	0.5	13.279550
43.275000	0.5	13.162550
43.283333	0.5	13.036250
43.291667	0.5	12.918750
43.300000	0.5	12.792700
43.308333	0.5	12.673200
43.316667	0.5	12.554350
43.325000	0.5	12.442550
43.333333	0.5	12.322450
43.341667	0.5	12.209000
43.350000	0.5	12.098150
43.358333	0.5	11.997100
43.366667	0.5	11.892400
43.375000	0.5	11.802900
43.383333	0.5	11.711650
43.391667	0.5	11.636200
43.400000	0.5	11.565250
43.408333	0.5	11.502550
43.416667	0.5	11.452200
43.425000	0.5	11.418950
43.433333	0.5	11.389350
43.441667	0.5	11.361950
43.450000	0.5	11.342400
43.458333	0.5	11.329800
43.466667	0.5	11.319350
43.475000	0.5	11.309450
43.483333	0.5	11.304400
43.491667	0.5	11.298500
43.500000	0.5	11.305850
43.508333	0.5	11.307550
43.516667	0.5	11.316950
43.525000	0.5	11.322150
43.533333	0.5	11.331150
43.541667	0.5	11.337300
43.550000	0.5	11.337500
43.558333	0.5	11.339000
43.566667	0.5	11.339050
43.575000	0.5	11.346150
43.583333	0.5	11.347450
43.591667	0.5	11.350300
43.600000	0.5	11.348600
43.608333	0.5	11.345900
43.616667	0.5	11.349850
43.625000	0.5	11.354850
43.633333	0.5	11.351300
43.641667	0.5	11.351800
43.650000	0.5	11.355950
43.658333	0.5	11.348050
43.666667	0.5	11.339450
43.675000	0.5	11.335500
43.683333	0.5	11.331650
43.691667	0.5	11.330100
43.700000	0.5	11.317600
43.708333	0.5	11.319300
43.716667	0.5	11.313200
43.725000	0.5	11.310000
43.733333	0.5	11.295250
43.741667	0.5	11.283700
43.750000	0.5	11.273650
43.758333	0.5	11.258550
43.766667	0.5	11.247150
43.775000	0.5	11.230550
43.783333	0.5	11.222600
43.791667	0.5	11.209900
43.800000	0.5	11.190800
43.808333	0.5	11.182400
43.816667	0.5	11.176000
43.825000	0.5	11.162200
43.833333	0.5	11.151250
43.841667	0.5	11.137750
43.850000	0.5	11.123750
43.858333	0.5	11.122650
43.866667	0.5	11.108350
43.875000	0.5	11.102550
43.883333	0.5	11.098700
43.891667	0.5	11.090950
43.900000	0.5	11.089900
43.908333	0.5	11.087750
43.916667	0.5	11.087950
43.925000	0.5	11.080950
43.933333	0.5	11.079350
43.941667	0.5	11.076650
43.950000	0.5	11.073550
43.958333	0.5	11.070500
43.966667	0.5	11.066350
43.975000	0.5	11.067150
43.983333	0.5	11.057700
43.991667	0.5	11.048200
44.000000	0.5	11.053250
44.008333	0.5	11.041250
44.016667	0.5	11.037050
44.025000	0.5	11.030250
44.033333	0.5	11.022450
44.041667	0.5	11.018200
44.050000	0.5	11.013800
44.058333	0.5	11.004400
44.066667	0.5	11.000750
44.075000	0.5	10.996300
44.083333	0.5	10.988250
44.091667	0.5	10.988800
44.100000	0.5	10.993050
44.108333	0.5	10.994550
44.116667	0.5	11.000000
44.125000	0.5	10.999000
44.133333	0.5	11.004750
44.141667	0.5	11.009600
44.150000	0.5	11.016650
44.158333	0.5	11.021000
44.166667	0.5	11.026600
44.175000	0.5	11.033950
44.183333	0.5	11.042900
44.191667	0.5	11.053600
44.200000	0.5	11.063100
44.208333	0.5	11.072650
44.216667	0.5	11.085100
44.225000	0.5	11.095850
44.233333	0.5	11.104300
44.241667	0.5	11.116050
44.250000	0.5	11.136400
44.258333	0.5	11.156800
44.266667	0.5	11.176200
44.275000	0.5	11.208500
44.283333	0.5	11.235000
44.291667	0.5	11.279200
44.300000	0.5	11.316250
44.308333	0.5	11.378800
44.316667	0.5	11.434700
44.325000	0.5	11.509550
44.333333	0.5	11.604050
44.341667	0.5	11.688250
44.350000	0.5	11.786450
44.358333	0.5	11.907350
44.366667	0.5	12.034400
44.375000	0.5	12.163200
44.383333	0.5	12.312500
44.391667	0.5	12.462250
44.400000	0.5	12.612000
44.408333	0.5	12.772650
44.416667	0.5	12.937000
44.425000	0.5	13.098100
44.433333	0.5	13.266450
44.441667	0.5	13.422800
44.450000	0.5	13.582150
44.458333	0.5	13.735150
44.466667	0.5	13.883600
44.475000	0.5	14.026600
44.483333	0.5	14.164350
44.491667	0.5	14.296950
44.500000	0.5	14.416000
44.508333	0.5	14.528500
44.516667	0.5	14.627250
44.525000	0.5	14.711950
44.533333	0.5	14.789350
44.541667	0.5	14.854400
44.550000	0.5	14.907550
44.558333	0.5	14.946300
44.566667	0.5	14.965350
44.575000	0.5	14.985900
44.583333	0.5	14.976800
44.591667	0.5	14.957450
44.600000	0.5	14.927000
44.608333	0.5	14.876250
44.616667	0.5	14.806900
44.625000	0.5	14.731950
44.633333	0.5	14.641400
44.641667	0.5	14.531550
44.650000	0.5	14.415550
44.658333	0.5	14.278750
44.666667	0.5	14.147050
44.675000	0.5	13.992600
44.683333	0.5	13.815800
44.691667	0.5	13.647650
44.700000	0.5	13.456600
44.708333	0.5	13.270250
44.716667	0.5	13.077650
44.725000	0.5	12.889450
44.733333	0.5	12.693550
44.741667	0.5	12.503300
44.750000	0.5	12.320050
44.758333	0.5	12.135600
44.766667	0.5	11.970750
44.775000	0.5	11.814800
44.783333	0.5	11.657800
44.791667	0.5	11.519550
44.800000	0.5	11.382200
44.808333	0.5	11.267500
44.816667	0.5	11.157650
44.825000	0.5	11.056950
44.833333	0.5	10.972350
44.841667	0.5	10.900050
44.850000	0.5	10.826450
44.858333	0.5	10.781100
44.866667	0.5	10.732250
44.875000	0.5	10.690300
44.883333	0.5	10.653400
44.891667	0.5	10.610700
44.900000	0.5	10.582700
44.908333	0.5	10.556050
44.916667	0.5	10.534150
44.925000	0.5	10.513700
44.933333	0.5	10.497250
44.941667	0.5	10.478500
44.950000	0.5	10.459400
44.958333	0.5	10.443000
44.966667	0.5	10.422400
44.975000	0.5	10.398050
44.983333	0.5	10.377950
44.991667	0.5	10.351150
45.000000	0.5	10.326700
45.008333	0.5	10.299050
45.016667	0.5	10.269400
45.025000	0.5	10.236050
45.033333	0.5	10.212050
45.041667	0.5	10.174400
45.050000	0.5	10.150450
45.058333	0.5	10.119800
45.066667	0.5	10.091350
45.075000	0.5	10.059300
45.083333	0.5	10.031950
45.091667	0.5	10.006000
45.100000	0.5	9.981450
45.108333	0.5	9.956150
45.116667	0.5	9.945150
45.125000	0.5	9.920450
45.133333	0.5	9.901650
45.141667	0.5	9.890650
45.150000	0.5	9.881750
45.158333	0.5	9.870850
45.166667	0.5	9.865400
45.175000	0.5	9.855650
45.183333	0.5	9.851900
45.191667	0.5	9.851600
45.200000	0.5	9.850250
45.208333	0.5	9.850850
45.216667	0.5	9.851150
45.225000	0.5	9.863700
45.233333	0.5	9.862800
45.241667	0.5	9.868000
45.250000	0.5	9.876600
45.258333	0.5	9.885550
45.266667	0.5	9.894650
45.275000	0.5	9.905550
45.283333	0.5	9.904300
45.291667	0.5	9.915850
45.300000	0.5	9.920300
45.308333	0.5	9.925400
45.316667	0.5	9.940450
45.325000	0.5	9.945650
45.333333	0.5	9.946450
45.341667	0.5	9.958300
45.350000	0.5	9.975050
45.358333	0.5	9.974150
45.366667	0.5	9.986850
45.375000	0.5	9.991550
45.383333	0.5	10.000900
45.391667	0.5	10.009800
45.400000	0.5	10.020300
45.408333	0.5	10.039950
45.416667	0.5	10.056700
45.425000	0.5	10.083550
45.433333	0.5	10.120850
45.441667	0.5	10.173350
45.450000	0.5	10.227100
45.458333	0.5	10.300250
45.466667	0.5	10.397150
45.475000	0.5	10.501650
45.483333	0.5	10.624900
45.491667	0.5	10.769700
45.500000	0.5	10.925750
45.508333	0.5	11.074000
45.516667	0.5	11.236850
45.525000	0.5	11.404000
45.533333	0.5	11.573350
45.541667	0.5	11.741000
45.550000	0.5	11.903650
45.558333	0.5	12.072050
45.566667	0.5	12.231800
45.575000	0.5	12.397350
45.583333	0.5	12.550600
45.591667	0.5	12.697550
45.600000	0.5	12.843550
45.608333	0.5	12.971700
45.616667	0.5	13.094750
45.625000	0.5	13.215350
45.633333	0.5	13.328250
45.641667	0.5	13.423950
45.650000	0.5	13.515300
45.658333	0.5	13.600850
45.666667	0.5	13.676400
45.675000	0.5	13.736550
45.683333	0.5	13.786150
45.691667	0.5	13.831250
45.700000	0.5	13.865400
45.708333	0.5	13.879950
45.716667	0.5	13.889600
45.725000	0.5	13.894600
45.733333	0.5	13.893200
45.741667	0.5	13.869050
45.750000	0.5	13.842200
45.758333	0.5	13.802600
45.766667	0.5	13.758500
45.775000	0.5	13.698650
45.783333	0.5	13.634850
45.791667	0.5	13.558900
45.800000	0.5	13.480500
45.808333	0.5	13.388900
45.816667	0.5	13.298600
45.825000	0.5	13.200000
45.833333	0.5	13.086550
45.841667	0.5	12.975300
45.850000	0.5	12.844250
45.858333	0.5	12.720450
45.866667	0.5	12.583950
45.875000	0.5	12.439650
45.883333	0.5	12.301300
45.891667	0.5	12.154400
45.900000	0.5	12.008750
45.908333	0.5	11.860300
45.916667	0.5	11.718350
45.925000	0.5	11.579250
45.933333	0.5	11.439300
45.941667	0.5	11.305550
45.950000	0.5	11.180400
45.958333	0.5	11.058700
45.966667	0.5	10.942550
45.975000	0.5	10.847350
45.983333	0.5	10.759700
45.991667	0.5	10.689650
46.000000	0.5	10.630200
46.008333	0.5	10.590150
46.016667	0.5	10.557200
46.025000	0.5	10.541100
46.033333	0.5	10.534100
46.041667	0.5	10.528500
46.050000	0.5	10.542800
46.058333	0.5	10.565150
46.066667	0.5	10.588200
46.075000	0.5	10.610800
46.083333	0.5	10.646400
46.091667	0.5	10.689150
46.100000	0.5	10.724550
46.108333	0.5	10.777250
46.116667	0.5	10.821700
46.125000	0.5	10.868700
46.133333	0.5	10.923350
46.141667	0.5	10.975050
46.150000	0.5	11.022750
46.158333	0.5	11.082750
46.166667	0.5	11.137200
46.175000	0.5	11.192950
46.183333	0.5	11.247200
46.191667	0.5	11.303200
46.200000	0.5	11.360850
46.208333	0.5	11.422900
46.216667	0.5	11.481250
46.225000	0.5	11.531550
46.233333	0.5	11.585500
46.241667	0.5	11.636850
46.250000	0.5	11.688650
46.258333	0.5	11.727250
46.266667	0.5	11.766900
46.275000	0.5	11.804850
46.283333	0.5	11.842950
46.291667	0.5	11.871500
46.300000	0.5	11.899900
46.308333	0.5	11.924450
46.316667	0.5	11.941700
46.325000	0.5	11.956550
46.333333	0.5	11.968150
46.341667	0.5	11.975350
46.350000	0.5	11.972750
46.358333	0.5	11.971150
46.366667	0.5	11.960550
46.375000	0.5	11.949150
46.383333	0.5	11.929750
46.391667	0.5	11.915750
46.400000	0.5	11.898900
46.408333	0.5	11.871550
46.416667	0.5	11.847100
46.425000	0.5	11.813350
46.433333	0.5	11.777900
46.441667	0.5	11.742250
46.450000	0.5	11.705200
46.458333	0.5	11.664400
46.466667	0.5	11.627650
46.475000	0.5	11.593550
46.483333	0.5	11.541700
46.491667	0.5	11.514500
46.500000	0.5	11.474200
46.508333	0.5	11.429650
46.516667	0.5	11.389250
46.525000	0.5	11.345500
46.533333	0.5	11.305700
46.541667	0.5	11.266400
46.550000	0.5	11.218000
46.558333	0.5	11.182200
46.566667	0.5	11.137500
46.575000	0.5	11.098600
46.583333	0.5	11.066600
46.591667	0.5	11.022200
46.600000	0.5	10.988000
46.608333	0.5	10.950950
46.616667	0.5	10.919950
46.625000	0.5	10.877750
46.633333	0.5	10.847950
46.641667	0.5	10.816700
46.650000	0.5	10.784700
46.658333	0.5	10.761250
46.666667	0.5	10.728800
46.675000	0.5	10.708250
46.683333	0.5	10.688050
46.691667	0.5	10.677300
46.700000	0.5	10.655350
46.708333	0.5	10.632150
46.716667	0.5	10.617900
46.725000	0.5	10.601300
46.733333	0.5	10.591250
46.741667	0.5	10.576950
46.750000	0.5	10.562750
46.758333	0.5	10.565700
46.766667	0.5	10.550900
46.775000	0.5	10.551200
46.783333	0.5	10.545150
46.791667	0.5	10.542600
46.800000	0.5	10.545650
46.808333	0.5	10.550850
46.816667	0.5	10.554050
46.825000	0.5	10.559450
46.833333	0.5	10.574050
46.841667	0.5	10.584800
46.850000	0.5	10.590950
46.858333	0.5	10.618500
46.866667	0.5	10.637050
46.875000	0.5	10.663850
46.883333	0.5	10.687550
46.891667	0.5	10.717600
46.900000	0.5	10.738100
46.908333	0.5	10.768000
46.916667	0.5	10.797000
46.925000	0.5	10.824700
46.933333	0.5	10.853550
46.941667	0.5	10.886650
46.950000	0.5	10.910650
46.958333	0.5	10.935200
46.966667	0.5	10.962300
46.975000	0.5	10.985250
46.983333	0.5	11.004150
46.991667	0.5	11.019050
47.000000	0.5	11.030850
47.008333	0.5	11.039900
47.016667	0.5	11.042900
47.025000	0.5	11.042150
47.033333	0.5	11.040250
47.041667	0.5	11.038200
47.050000	0.5	11.027800
47.058333	0.5	11.019500
47.066667	0.5	11.017450
47.075000	0.5	11.007950
47.083333	0.5	11.002800
47.091667	0.5	10.994300
47.100000	0.5	10.995650
47.108333	0.5	11.007000
47.116667	0.5	11.024850
47.125000	0.5	11.052950
47.133333	0.5	11.100000
47.141667	0.5	11.160700
47.150000	0.5	11.235100
47.158333	0.5	11.338400
47.166667	0.5	11.459400
47.175000	0.5	11.599850
47.183333	0.5	11.755200
47.191667	0.5	11.936100
47.200000	0.5	12.121900
47.208333	0.5	12.331450
47.216667	0.5	12.539350
47.225000	0.5	12.745300
47.233333	0.5	12.965950
47.241667	0.5	13.175400
47.250000	0.5	13.381150
47.258333	0.5	13.588150
47.266667	0.5	13.776100
47.275000	0.5	13.954250
47.283333	0.5	14.120000
47.291667	0.5	14.274150
47.300000	0.5	14.419650
47.308333	0.5	14.542800
47.316667	0.5	14.660550
47.325000	0.5	14.761400
47.333333	0.5	14.852750
47.341667	0.5	14.927550
47.350000	0.5	14.996750
47.358333	0.5	15.045300
47.366667	0.5	15.082500
47.375000	0.5	15.114600
47.383333	0.5	15.116900
47.391667	0.5	15.116000
47.400000	0.5	15.093650
47.408333	0.5	15.065950
47.416667	0.5	15.022000
47.425000	0.5	14.959850
47.433333	0.5	14.890250
47.441667	0.5	14.805400
47.450000	0.5	14.708150
47.458333	0.5	14.603650
47.466667	0.5	14.475000
47.475000	0.5	14.334700
47.483333	0.5	14.187700
47.491667	0.5	14.021200
47.500000	0.5	13.843050
47.508333	0.5	13.665250
47.516667	0.5	13.474400
47.525000	0.5	13.286400
47.533333	0.5	13.091700
47.541667	0.5	12.904300
47.550000	0.5	12.717900
47.558333	0.5	12.545550
47.566667	0.5	12.371100
47.575000	0.5	12.207100
47.583333	0.5	12.055950
47.591667	0.5	11.913600
47.600000	0.5	11.786600
47.608333	0.5	11.676350
47.616667	0.5	11.581700
47.625000	0.5	11.498900
47.633333	0.5	11.423350
47.641667	0.5	11.363900
47.650000	0.5	11.316700
47.658333	0.5	11.272150
47.666667	0.5	11.243200
47.675000	0.5	11.223950
47.683333	0.5	11.211350
47.691667	0.5	11.211550
47.700000	0.5	11.211650
47.708333	0.5	11.234800
47.716667	0.5	11.264300
47.725000	0.5	11.307300
47.733333	0.5	11.355950
47.741667	0.5	11.420600
47.750000	0.5	11.491450
47.758333	0.5	11.563700
47.766667	0.5	11.643000
47.775000	0.5	11.730250
47.783333	0.5	11.820500
47.791667	0.5	11.911000
47.800000	0.5	12.006500
47.808333	0.5	12.114800
47.816667	0.5	12.230050
47.825000	0.5	12.347400
47.833333	0.5	12.478000
47.841667	0.5	12.601200
47.850000	0.5	12.720850
47.858333	0.5	12.843350
47.866667	0.5	12.955050
47.875000	0.5	13.065700
47.883333	0.5	13.170850
47.891667	0.5	13.270350
47.900000	0.5	13.363500
47.908333	0.5	13.447600
47.916667	0.5	13.520450
47.925000	0.5	13.593800
47.933333	0.5	13.650700
47.941667	0.5	13.698100
47.950000	0.5	13.736200
47.958333	0.5	13.771350
47.966667	0.5	13.797600
47.975000	0.5	13.810400
47.983333	0.5	13.811250
47.991667	0.5	13.808050
48.000000	0.5	13.796750
48.008333	0.5	13.776500
48.016667	0.5	13.743950
48.025000	0.5	13.707600
48.033333	0.5	13.667250
48.041667	0.5	13.616450
48.050000	0.5	13.552150
48.058333	0.5	13.475150
48.066667	0.5	13.402950
48.075000	0.5	13.303300
48.083333	0.5	13.201800
48.091667	0.5	13.096400
48.100000	0.5	12.979650
48.108333	0.5	12.853150
48.116667	0.5	12.721950
48.125000	0.5	12.570550
48.133333	0.5	12.421150
48.141667	0.5	12.253000
48.150000	0.5	12.081650
48.158333	0.5	11.908800
48.166667	0.5	11.717800
48.175000	0.5	11.526350
48.183333	0.5	11.329600
48.191667	0.5	11.138400
48.200000	0.5	10.938650
48.208333	0.5	10.743950
48.216667	0.5	10.556800
48.225000	0.5	10.374300
48.233333	0.5	10.197800
48.241667	0.5	10.032600
48.250000	0.5	9.878600
48.258333	0.5	9.724250
48.266667	0.5	9.597200
48.275000	0.5	9.470650
48.283333	0.5	9.364650
48.291667	0.5	9.268500
48.300000	0.5	9.170850
48.308333	0.5	9.098100
48.316667	0.5	9.016450
48.325000	0.5	8.956200
48.333333	0.5	8.887300
48.341667	0.5	8.826150
48.350000	0.5	8.781250
48.358333	0.5	8.738800
48.366667	0.5	8.696450
48.375000	0.5	8.659950
48.383333	0.5	8.628500
48.391667	0.5	8.608350
48.400000	0.5	8.584300
48.408333	0.5	8.572850
48.416667	0.5	8.557850
48.425000	0.5	8.554600
48.433333	0.5	8.552300
48.441667	0.5	8.557450
48.450000	0.5	8.572400
48.458333	0.5	8.590700
48.466667	0.5	8.608400
48.475000	0.5	8.640700
48.483333	0.5	8.675400
48.491667	0.5	8.713800
48.500000	0.5	8.762950
48.508333	0.5	8.816500
48.516667	0.5	8.871150
48.525000	0.5	8.923050
48.533333	0.5	8.996350
48.541667	0.5	9.066350
48.550000	0.5	9.144350
48.558333	0.5	9.234300
48.566667	0.5	9.323300
48.575000	0.5	9.413100
48.583333	0.5	9.503200
48.591667	0.5	9.603700
48.600000	0.5	9.704100
48.608333	0.5	9.809400
48.616667	0.5	9.907450
48.625000	0.5	10.018250
48.633333	0.5	10.129300
48.641667	0.5	10.235400
48.650000	0.5	10.342450
48.658333	0.5	10.447500
48.666667	0.5	10.550850
48.675000	0.5	10.648200
48.683333	0.5	10.745350
48.691667	0.5	10.838400
48.700000	0.5	10.923450
48.708333	0.5	10.998800
48.716667	0.5	11.073150
48.725000	0.5	11.143500
48.733333	0.5	11.195950
48.741667	0.5	11.245050
48.750000	0.5	11.283350
48.758333	0.5	11.313350
48.766667	0.5	11.335000
48.775000	0.5	11.347200
48.783333	0.5	11.366850
48.791667	0.5	11.354400
48.800000	0.5	11.349350
48.808333	0.5	11.338300
48.816667	0.5	11.326150
48.825000	0.5	11.300800
48.833333	0.5	11.286300
48.841667	0.5	11.283750
48.850000	0.5	11.281850
48.858333	0.5	11.284750
48.866667	0.5	11.306600
48.875000	0.5	11.337650
48.883333	0.5	11.395950
48.891667	0.5	11.471900
48.900000	0.5	11.572700
48.908333	0.5	11.702700
48.916667	0.5	11.863700
48.925000	0.5	12.061700
48.933333	0.5	12.290500
48.941667	0.5	12.555300
48.950000	0.5	12.854400
48.958333	0.5	13.189600
48.966667	0.5	13.562800
48.975000	0.5	13.949000
48.983333	0.5	14.376800
48.991667	0.5	14.820950
49.000000	0.5	15.274400
49.008333	0.5	15.749150
49.016667	0.5	16.227900
49.025000	0.5	16.693250
49.033333	0.5	17.157000
49.041667	0.5	17.608500
49.050000	0.5	18.041900
49.058333	0.5	18.462850
49.066667	0.5	18.849650
49.075000	0.5	19.230600
49.083333	0.5	19.576300
49.091667	0.5	19.893400
49.100000	0.5	20.196800
49.108333	0.5	20.482000
49.116667	0.5	20.740450
49.125000	0.5	20.985500
49.133333	0.5	21.209100
49.141667	0.5	21.414600
49.150000	0.5	21.600250
49.158333	0.5	21.779700
49.166667	0.5	21.940100
49.175000	0.5	22.082550
49.183333	0.5	22.198550
49.191667	0.5	22.300300
49.200000	0.5	22.394500
49.208333	0.5	22.453550
49.216667	0.5	22.497450
49.225000	0.5	22.525800
49.233333	0.5	22.515000
49.241667	0.5	22.484900
49.250000	0.5	22.420950
49.258333	0.5	22.322550
49.266667	0.5	22.208500
49.275000	0.5	22.046300
49.283333	0.5	21.845950
49.291667	0.5	21.622650
49.300000	0.5	21.373550
49.308333	0.5	21.081650
49.316667	0.5	20.767550
49.325000	0.5	20.424850
49.333333	0.5	20.061050
49.341667	0.5	19.679300
49.350000	0.5	19.272000
49.358333	0.5	18.854800
49.366667	0.5	18.421850
49.375000	0.5	17.979100
49.383333	0.5	17.527650
49.391667	0.5	17.069850
49.400000	0.5	16.622600
49.408333	0.5	16.182600
49.416667	0.5	15.755650
49.425000	0.5	15.345550
49.433333	0.5	14.950950
49.441667	0.5	14.571800
49.450000	0.5	14.226750
49.458333	0.5	13.918550
49.466667	0.5	13.619150
49.475000	0.5	13.369550
49.483333	0.5	13.150150
49.491667	0.5	12.971650
49.500000	0.5	12.836900
49.508333	0.5	12.738100
49.516667	0.5	12.679350
49.525000	0.5	12.663650
49.533333	0.5	12.689250
49.541667	0.5	12.745350
49.550000	0.5	12.828500
49.558333	0.5	12.951250
49.566667	0.5	13.085250
49.575000	0.5	13.242200
49.583333	0.5	13.409550
49.591667	0.5	13.586950
49.600000	0.5	13.758800
49.608333	0.5	13.933650
49.616667	0.5	14.102150
49.625000	0.5	14.264350
49.633333	0.5	14.426600
49.641667	0.5	14.563050
49.650000	0.5	14.700250
49.658333	0.5	14.829200
49.666667	0.5	14.935800
49.675000	0.5	15.036700
49.683333	0.5	15.127950
49.691667	0.5	15.194700
49.700000	0.5	15.246000
49.708333	0.5	15.284950
49.716667	0.5	15.304500
49.725000	0.5	15.297850
49.733333	0.5	15.275600
49.741667	0.5	15.229900
49.750000	0.5	15.170850
49.758333	0.5	15.082150
49.766667	0.5	14.966850
49.775000	0.5	14.836800
49.783333	0.5	14.694050
49.791667	0.5	14.545300
49.800000	0.5	14.398850
49.808333	0.5	14.257300
49.816667	0.5	14.135450
49.825000	0.5	14.036250
49.833333	0.5	13.951000
49.841667	0.5	13.895500
49.850000	0.5	13.858350
49.858333	0.5	13.847550
49.866667	0.5	13.843900
49.875000	0.5	13.866900
49.883333	0.5	13.884200
49.891667	0.5	13.918600
49.900000	0.5	13.964100
49.908333	0.5	14.000250
49.916667	0.5	14.045750
49.925000	0.5	14.090450
49.933333	0.5	14.123500
49.941667	0.5	14.160900
49.950000	0.5	14.196900
49.958333	0.5	14.218550
49.966667	0.5	14.239300
49.975000	0.5	14.254200
49.983333	0.5	14.264950
49.991667	0.5	14.264800
50.000000	0.5	14.260300
50.008333	0.5	14.252750
50.016667	0.5	14.231800
50.025000	0.5	14.194800
50.033333	0.5	14.173850
50.041667	0.5	14.130450
50.050000	0.5	14.078800
50.058333	0.5	14.022450
50.066667	0.5	13.961600
50.075000	0.5	13.896550
50.083333	0.5	13.812200
50.091667	0.5	13.739900
50.100000	0.5	13.644300
50.108333	0.5	13.552400
50.116667	0.5	13.459650
50.125000	0.5	13.361450
50.133333	0.5	13.258550
50.141667	0.5	13.154000
50.150000	0.5	13.043000
50.158333	0.5	12.935600
50.166667	0.5	12.810150
50.175000	0.5	12.689600
50.183333	0.5	12.563750
50.191667	0.5	12.437500
50.200000	0.5	12.310850
50.208333	0.5	12.185900
50.216667	0.5	12.058200
50.225000	0.5	11.932950
50.233333	0.5	11.818550
50.241667	0.5	11.703750
50.250000	0.5	11.602900
50.258333	0.5	11.500800
50.266667	0.5	11.409800
50.275000	0.5	11.321750
50.283333	0.5	11.247950
50.291667	0.5	11.169700
50.300000	0.5	11.106750
50.308333	0.5	11.045850
50.316667	0.5	10.982650
50.325000	0.5	10.929550
50.333333	0.5	10.873950
50.341667	0.5	10.823250
50.350000	0.5	10.777700
50.358333	0.5	10.729300
50.366667	0.5	10.681500
50.375000	0.5	10.638000
50.383333	0.5	10.591950
50.391667	0.5	10.556800
50.400000	0.5	10.529800
50.408333	0.5	10.485100
50.416667	0.5	10.463750
50.425000	0.5	10.445150
50.433333	0.5	10.422150
50.441667	0.5	10.392300
50.450000	0.5	10.375050
50.458333	0.5	10.354750
50.466667	0.5	10.341550
50.475000	0.5	10.334250
50.483333	0.5	10.328700
50.491667	0.5	10.324950
50.500000	0.5	10.316600
50.508333	0.5	10.311650
50.516667	0.5	10.308400
50.525000	0.5	10.312700
50.533333	0.5	10.308400
50.541667	0.5	10.309550
50.550000	0.5	10.310400
50.558333	0.5	10.311100
50.566667	0.5	10.310850
50.575000	0.5	10.306650
50.583333	0.5	10.312550
50.591667	0.5	10.315450
50.600000	0.5	10.312950
50.608333	0.5	10.317900
50.616667	0.5	10.326150
50.625000	0.5	10.329800
50.633333	0.5	10.341300
50.641667	0.5	10.356000
50.650000	0.5	10.360000
50.658333	0.5	10.376050
50.666667	0.5	10.387700
50.675000	0.5	10.404100
50.683333	0.5	10.426600
50.691667	0.5	10.446550
50.700000	0.5	10.472300
50.708333	0.5	10.508850
50.716667	0.5	10.549500
50.725000	0.5	10.578450
50.733333	0.5	10.622250
50.741667	0.5	10.668750
50.750000	0.5	10.718400
50.758333	0.5	10.766050
50.766667	0.5	10.828500
50.775000	0.5	10.882750
50.783333	0.5	10.938200
50.791667	0.5	11.002650
50.800000	0.5	11.065800
50.808333	0.5	11.134800
50.816667	0.5	11.200500
50.825000	0.5	11.258950
50.833333	0.5	11.330450
50.841667	0.5	11.385450
50.850000	0.5	11.446800
50.858333	0.5	11.507900
50.866667	0.5	11.556300
50.875000	0.5	11.604050
50.883333	0.5	11.645500
50.891667	0.5	11.694300
50.900000	0.5	11.726500
50.908333	0.5	11.760300
50.916667	0.5	11.779100
50.925000	0.5	11.792300
50.933333	0.5	11.802150
50.941667	0.5	11.810700
50.950000	0.5	11.816750
50.958333	0.5	11.808450
50.966667	0.5	11.797250
50.975000	0.5	11.780000
50.983333	0.5	11.751350
50.991667	0.5	11.730800
51.000000	0.5	11.707850
51.008333	0.5	11.666100
51.016667	0.5	11.624550
51.025000	0.5	11.578650
51.033333	0.5	11.531950
51.041667	0.5	11.475350
51.050000	0.5	11.428650
51.058333	0.5	11.374900
51.066667	0.5	11.319250
51.075000	0.5	11.265700
51.083333	0.5	11.222600
51.091667	0.5	11.210100
51.100000	0.5	11.275250
51.108333	0.5	11.471750
51.116667	0.5	11.792900
51.125000	0.5	12.099450
51.133333	0.5	12.195650
51.141667	0.5	12.072000
51.150000	0.5	11.851250
51.158333	0.5	11.647650
51.166667	0.5	11.502350
51.175000	0.5	11.371450
51.183333	0.5	11.249150
51.191667	0.5	11.112200
51.200000	0.5	10.938650
51.208333	0.5	10.743600
51.216667	0.5	10.575750
51.225000	0.5	10.480250
51.233333	0.5	10.432600
51.241667	0.5	10.387900
51.250000	0.5	10.370550
51.258333	0.5	10.347100
51.266667	0.5	10.329450
51.275000	0.5	10.314500
51.283333	0.5	10.301400
51.291667	0.5	10.291650
51.300000	0.5	10.264950
51.308333	0.5	10.254250
51.316667	0.5	10.246350
51.325000	0.5	10.229600
51.333333	0.5	10.213150
51.341667	0.5	10.196850
51.350000	0.5	10.192150
51.358333	0.5	10.173900
51.366667	0.5	10.161300
51.375000	0.5	10.145200
51.383333	0.5	10.127000
51.391667	0.5	10.119200
51.400000	0.5	10.095850
51.408333	0.5	10.077300
51.416667	0.5	10.069850
51.425000	0.5	10.049600
51.433333	0.5	10.038150
51.441667	0.5	10.021950
51.450000	0.5	10.002650
51.458333	0.5	9.992450
51.466667	0.5	9.982450
51.475000	0.5	9.978550
51.483333	0.5	9.969200
51.491667	0.5	9.956400
51.500000	0.5	9.957950
51.508333	0.5	9.944550
51.516667	0.5	9.936450
51.525000	0.5	9.933650
51.533333	0.5	9.935400
51.541667	0.5	9.928200
51.550000	0.5	9.932500
51.558333	0.5	9.926950
51.566667	0.5	9.934200
51.575000	0.5	9.932150
51.583333	0.5	9.937600
51.591667	0.5	9.947350
51.600000	0.5	9.944900
51.608333	0.5	9.954250
51.616667	0.5	9.965900
51.625000	0.5	9.974850
51.633333	0.5	9.985250
51.641667	0.5	9.998400
51.650000	0.5	10.017600
51.658333	0.5	10.027800
51.666667	0.5	10.048250
51.675000	0.5	10.071200
51.683333	0.5	10.080150
51.691667	0.5	10.108000
51.700000	0.5	10.130800
51.708333	0.5	10.154400
51.716667	0.5	10.182300
51.725000	0.5	10.217750
51.733333	0.5	10.254450
51.741667	0.5	10.299600
51.750000	0.5	10.339500
51.758333	0.5	10.392600
51.766667	0.5	10.451700
51.775000	0.5	10.516750
51.783333	0.5	10.577450
51.791667	0.5	10.646250
51.800000	0.5	10.721600
51.808333	0.5	10.803500
51.816667	0.5	10.897650
51.825000	0.5	11.000450
51.833333	0.5	11.075500
51.841667	0.5	11.169400
51.850000	0.5	11.255650
51.858333	0.5	11.361100
51.866667	0.5	11.459700
51.875000	0.5	11.550000
51.883333	0.5	11.644150
51.891667	0.5	11.732700
51.900000	0.5	11.816500
51.908333	0.5	11.900900
51.916667	0.5	11.976950
51.925000	0.5	12.045650
51.933333	0.5	12.113000
51.941667	0.5	12.162850
51.950000	0.5	12.217750
51.958333	0.5	12.266350
51.966667	0.5	12.309200
51.975000	0.5	12.336300
51.983333	0.5	12.361450
51.991667	0.5	12.382300
52.000000	0.5	12.386250
52.008333	0.5	12.395450
52.016667	0.5	12.400000
52.025000	0.5	12.396700
52.033333	0.5	12.395750
52.041667	0.5	12.388450
52.050000	0.5	12.386550
52.058333	0.5	12.390100
52.066667	0.5	12.391800
52.075000	0.5	12.402950
52.083333	0.5	12.417400
52.091667	0.5	12.441350
52.100000	0.5	12.461650
52.108333	0.5	12.488400
52.116667	0.5	12.517150
52.125000	0.5	12.551800
52.133333	0.5	12.583600
52.141667	0.5	12.633350
52.150000	0.5	12.669000
52.158333	0.5	12.701100
52.166667	0.5	12.735850
52.175000	0.5	12.769150
52.183333	0.5	12.796600
52.191667	0.5	12.817400
52.200000	0.5	12.848850
52.208333	0.5	12.869300
52.216667	0.5	12.870600
52.225000	0.5	12.877300
52.233333	0.5	12.887800
52.241667	0.5	12.881600
52.250000	0.5	12.880900
52.258333	0.5	12.868200
52.266667	0.5	12.848550
52.275000	0.5	12.825550
52.283333	0.5	12.797300
52.291667	0.5	12.767300
52.300000	0.5	12.728350
52.308333	0.5	12.688200
52.316667	0.5	12.648700
52.325000	0.5	12.600400
52.333333	0.5	12.543950
52.341667	0.5	12.494100
52.350000	0.5	12.443500
52.358333	0.5	12.377850
52.366667	0.5	12.311250
52.375000	0.5	12.245650
52.383333	0.5	12.179600
52.391667	0.5	12.114050
52.400000	0.5	12.050150
52.408333	0.5	11.981000
52.416667	0.5	11.918400
52.425000	0.5	11.858150
52.433333	0.5	11.792900
52.441667	0.5	11.734600
52.450000	0.5	11.668100
52.458333	0.5	11.604300
52.466667	0.5	11.544600
52.475000	0.5	11.485250
52.483333	0.5	11.433650
52.491667	0.5	11.386150
52.500000	0.5	11.329250
52.508333	0.5	11.275200
52.516667	0.5	11.224050
52.525000	0.5	11.183900
52.533333	0.5	11.183300
52.541667	0.5	11.084050
52.550000	0.5	11.042950
52.558333	0.5	10.993700
52.566667	0.5	10.953900
52.575000	0.5	10.908050
52.583333	0.5	10.874600
52.591667	0.5	10.834900
52.600000	0.5	10.802950
52.608333	0.5	10.772850
52.616667	0.5	10.750650
52.625000	0.5	10.731050
52.633333	0.5	10.715850
52.641667	0.5	10.685350
52.650000	0.5	10.669350
52.658333	0.5	10.657700
52.666667	0.5	10.639550
52.675000	0.5	10.627050
52.683333	0.5	10.605950
52.691667	0.5	10.586600
52.700000	0.5	10.559250
52.708333	0.5	10.530150
52.716667	0.5	10.497600
52.725000	0.5	10.468150
52.733333	0.5	10.442850
52.741667	0.5	10.425650
52.750000	0.5	10.436250
52.758333	0.5	10.478500
52.766667	0.5	10.537000
52.775000	0.5	10.592400
52.783333	0.5	10.641550
52.791667	0.5	10.685700
52.800000	0.5	10.729350
52.808333	0.5	10.765750
52.816667	0.5	10.808350
52.825000	0.5	10.839950
52.833333	0.5	10.864250
52.841667	0.5	10.895900
52.850000	0.5	10.897950
52.858333	0.5	10.901800
52.866667	0.5	10.899550
52.875000	0.5	10.879800
52.883333	0.5	10.851550
52.891667	0.5	10.818450
52.900000	0.5	10.781650
52.908333	0.5	10.744550
52.916667	0.5	10.718400
52.925000	0.5	10.683650
52.933333	0.5	10.659450
52.941667	0.5	10.638200
52.950000	0.5	10.625800
52.958333	0.5	10.609400
52.966667	0.5	10.594900
52.975000	0.5	10.593150
52.983333	0.5	10.593250
52.991667	0.5	10.589700
53.000000	0.5	10.596650
53.008333	0.5	10.608950
53.016667	0.5	10.610500
53.025000	0.5	10.628900
53.033333	0.5	10.646550
53.041667	0.5	10.661500
53.050000	0.5	10.675750
53.058333	0.5	10.700600
53.066667	0.5	10.722000
53.075000	0.5	10.743150
53.083333	0.5	10.770800
53.091667	0.5	10.798150
53.100000	0.5	10.828100
53.108333	0.5	10.856900
53.116667	0.5	10.885850
53.125000	0.5	10.903000
53.133333	0.5	10.935700
53.141667	0.5	10.964900
53.150000	0.5	10.992400
53.158333	0.5	11.020850
53.166667	0.5	11.044700
53.175000	0.5	11.075650
53.183333	0.5	11.099150
53.191667	0.5	11.122800
53.200000	0.5	11.149800
53.208333	0.5	11.172000
53.216667	0.5	11.191400
53.225000	0.5	11.215000
53.233333	0.5	11.235600
53.241667	0.5	11.251350
53.250000	0.5	11.269700
53.258333	0.5	11.281050
53.266667	0.5	11.302050
53.275000	0.5	11.313250
53.283333	0.5	11.320050
53.291667	0.5	11.340950
53.300000	0.5	11.342050
53.308333	0.5	11.342850
53.316667	0.5	11.352100
53.325000	0.5	11.356550
53.333333	0.5	11.356550
53.341667	0.5	11.357250
53.350000	0.5	11.370800
53.358333	0.5	11.361450
53.366667	0.5	11.354300
53.375000	0.5	11.360450
53.383333	0.5	11.365000
53.391667	0.5	11.360400
53.400000	0.5	11.365500
53.408333	0.5	11.359250
53.416667	0.5	11.359400
53.425000	0.5	11.370250
53.433333	0.5	11.359400
53.441667	0.5	11.359750
53.450000	0.5	11.368950
53.458333	0.5	11.361700
53.466667	0.5	11.360350
53.475000	0.5	11.363250
53.483333	0.5	11.368450
53.491667	0.5	11.375550
53.500000	0.5	11.365700
53.508333	0.5	11.376700
53.516667	0.5	11.380150
53.525000	0.5	11.371350
53.533333	0.5	11.380850
53.541667	0.5	11.383600
53.550000	0.5	11.380400
53.558333	0.5	11.382000
53.566667	0.5	11.391650
53.575000	0.5	11.383850
53.583333	0.5	11.393800
53.591667	0.5	11.390300
53.600000	0.5	11.394000
53.608333	0.5	11.401150
53.616667	0.5	11.400700
53.625000	0.5	11.384000
53.633333	0.5	11.388350
53.641667	0.5	11.387300
53.650000	0.5	11.387650
53.658333	0.5	11.382100
53.666667	0.5	11.372950
53.675000	0.5	11.372600
53.683333	0.5	11.376000
53.691667	0.5	11.367500
53.700000	0.5	11.359250
53.708333	0.5	11.358700
53.716667	0.5	11.352400
53.725000	0.5	11.343300
53.733333	0.5	11.343100
53.741667	0.5	11.327450
53.750000	0.5	11.325850
53.758333	0.5	11.312600
53.766667	0.5	11.317650
53.775000	0.5	11.303300
53.783333	0.5	11.294500
53.791667	0.5	11.290000
53.800000	0.5	11.278450
53.808333	0.5	11.272200
53.816667	0.5	11.258600
53.825000	0.5	11.252850
53.833333	0.5	11.248450
53.841667	0.5	11.231200
53.850000	0.5	11.239300
53.858333	0.5	11.219800
53.866667	0.5	11.209450
53.875000	0.5	11.211850
53.883333	0.5	11.196900
53.891667	0.5	11.182150
53.900000	0.5	11.166150
53.908333	0.5	11.161350
53.916667	0.5	11.158600
53.925000	0.5	11.147650
53.933333	0.5	11.131350
53.941667	0.5	11.125600
53.950000	0.5	11.114200
53.958333	0.5	11.107900
53.966667	0.5	11.107500
53.975000	0.5	11.092450
53.983333	0.5	11.081500
53.991667	0.5	11.079200
54.000000	0.5	11.074700
54.008333	0.5	11.064950
54.016667	0.5	11.055150
54.025000	0.5	11.055800
54.033333	0.5	11.037650
54.041667	0.5	11.033350
54.050000	0.5	11.024900
54.058333	0.5	11.023300
54.066667	0.5	11.022650
54.075000	0.5	11.004150
54.083333	0.5	11.001400
54.091667	0.5	10.985950
54.100000	0.5	10.980500
54.108333	0.5	10.969200
54.116667	0.5	10.963750
54.125000	0.5	10.952650
54.133333	0.5	10.937200
54.141667	0.5	10.929900
54.150000	0.5	10.913550
54.158333	0.5	10.903450
54.166667	0.5	10.886350
54.175000	0.5	10.877750
54.183333	0.5	10.862000
54.191667	0.5	10.845550
54.200000	0.5	10.821500
54.208333	0.5	10.800800
54.216667	0.5	10.784300
54.225000	0.5	10.768150
54.233333	0.5	10.761700
54.241667	0.5	10.729500
54.250000	0.5	10.717900
54.258333	0.5	10.696350
54.266667	0.5	10.676350
54.275000	0.5	10.655700
54.283333	0.5	10.637550
54.291667	0.5	10.622550
54.300000	0.5	10.595750
54.308333	0.5	10.583300
54.316667	0.5	10.560150
54.325000	0.5	10.544500
54.333333	0.5	10.520100
54.341667	0.5	10.503900
54.350000	0.5	10.499350
54.358333	0.5	10.486750
54.366667	0.5	10.469650
54.375000	0.5	10.452850
54.383333	0.5	10.448450
54.391667	0.5	10.443150
54.400000	0.5	10.423300
54.408333	0.5	10.416850
54.416667	0.5	10.419400
54.425000	0.5	10.411000
54.433333	0.5	10.404900
54.441667	0.5	10.403800
54.450000	0.5	10.400100
54.458333	0.5	10.395300
54.466667	0.5	10.388550
54.475000	0.5	10.393950
54.483333	0.5	10.398500
54.491667	0.5	10.393150
54.500000	0.5	10.403400
54.508333	0.5	10.404150
54.516667	0.5	10.421600
54.525000	0.5	10.426350
54.533333	0.5	10.445250
54.541667	0.5	10.472350
54.550000	0.5	10.490400
54.558333	0.5	10.511450
54.566667	0.5	10.548450
54.575000	0.5	10.585200
54.583333	0.5	10.636500
54.591667	0.5	10.686400
54.600000	0.5	10.739800
54.608333	0.5	10.798100
54.616667	0.5	10.869050
54.625000	0.5	10.943800
54.633333	0.5	11.024550
54.641667	0.5	11.111000
54.650000	0.5	11.201150
54.658333	0.5	11.289950
54.666667	0.5	11.373950
54.675000	0.5	11.460050
54.683333	0.5	11.559300
54.691667	0.5	11.653500
54.700000	0.5	11.751800
54.708333	0.5	11.847650
54.716667	0.5	11.938550
54.725000	0.5	12.043750
54.733333	0.5	12.134650
54.741667	0.5	12.232700
54.750000	0.5	12.321250
54.758333	0.5	12.419950
54.766667	0.5	12.513650
54.775000	0.5	12.602150
54.783333	0.5	12.694200
54.791667	0.5	12.783350
54.800000	0.5	12.859050
54.808333	0.5	12.937750
54.816667	0.5	13.008050
54.825000	0.5	13.081350
54.833333	0.5	13.152050
54.841667	0.5	13.224850
54.850000	0.5	13.275300
54.858333	0.5	13.344150
54.866667	0.5	13.396700
54.875000	0.5	13.450500
54.883333	0.5	13.504800
54.891667	0.5	13.545900
54.900000	0.5	13.592300
54.908333	0.5	13.629450
54.916667	0.5	13.662850
54.925000	0.5	13.695100
54.933333	0.5	13.733550
54.941667	0.5	13.752450
54.950000	0.5	13.771600
54.958333	0.5	13.792050
54.966667	0.5	13.806250
54.975000	0.5	13.811400
54.983333	0.5	13.819600
54.991667	0.5	13.823000
55.000000	0.5	13.811500
55.008333	0.5	13.798750
55.016667	0.5	13.778550
55.025000	0.5	13.757450
55.033333	0.5	13.738200
55.041667	0.5	13.706650
55.050000	0.5	13.664450
55.058333	0.5	13.632800
55.066667	0.5	13.581400
55.075000	0.5	13.530400
55.083333	0.5	13.476300
55.091667	0.5	13.407100
55.100000	0.5	13.343050
55.108333	0.5	13.258250
55.116667	0.5	13.177500
55.125000	0.5	13.087850
55.133333	0.5	12.987550
55.141667	0.5	12.882050
55.150000	0.5	12.769200
55.158333	0.5	12.651150
55.166667	0.5	12.522900
55.175000	0.5	12.393600
55.183333	0.5	12.254100
55.191667	0.5	12.121500
55.200000	0.5	11.986050
55.208333	0.5	11.852900
55.216667	0.5	11.729050
55.225000	0.5	11.594050
55.233333	0.5	11.484300
55.241667	0.5	11.368950
55.250000	0.5	11.265400
55.258333	0.5	11.180600
55.266667	0.5	11.097700
55.275000	0.5	11.027150
55.283333	0.5	10.973250
55.291667	0.5	10.921350
55.300000	0.5	10.900950
55.308333	0.5	10.870000
55.316667	0.5	10.857900
55.325000	0.5	10.856850
55.333333	0.5	10.850600
55.341667	0.5	10.869250
55.350000	0.5	10.881900
55.358333	0.5	10.900500
55.366667	0.5	10.924550
55.375000	0.5	10.964050
55.383333	0.5	10.987250
55.391667	0.5	11.015500
55.400000	0.5	11.056050
55.408333	0.5	11.092800
55.416667	0.5	11.125800
55.425000	0.5	11.162950
55.433333	0.5	11.197800
55.441667	0.5	11.227850
55.450000	0.5	11.261800
55.458333	0.5	11.286900
55.466667	0.5	11.316700
55.475000	0.5	11.340450
55.483333	0.5	11.361400
55.491667	0.5	11.382650
55.500000	0.5	11.400950
55.508333	0.5	11.413850
55.516667	0.5	11.428450
55.525000	0.5	11.432400
55.533333	0.5	11.445250
55.541667	0.5	11.442200
55.550000	0.5	11.445400
55.558333	0.5	11.435200
55.566667	0.5	11.429500
55.575000	0.5	11.422800
55.583333	0.5	11.406800
55.591667	0.5	11.398200
55.600000	0.5	11.382500
55.608333	0.5	11.367500
55.616667	0.5	11.341800
55.625000	0.5	11.313150
55.633333	0.5	11.283250
55.641667	0.5	11.259050
55.650000	0.5	11.232750
55.658333	0.5	11.205950
55.666667	0.5	11.176700
55.675000	0.5	11.146050
55.683333	0.5	11.122400
55.691667	0.5	11.095700
55.700000	0.5	11.065150
55.708333	0.5	11.042700
55.716667	0.5	11.010050
55.725000	0.5	10.998450
55.733333	0.5	10.972700
55.741667	0.5	10.958000
55.750000	0.5	10.948750
55.758333	0.5	10.931300
55.766667	0.5	10.920200
55.775000	0.5	10.911750
55.783333	0.5	10.900700
55.791667	0.5	10.893800
55.800000	0.5	10.898350
55.808333	0.5	10.891500
55.816667	0.5	10.885950
55.825000	0.5	10.887100
55.833333	0.5	10.894850
55.841667	0.5	10.893950
55.850000	0.5	10.894250
55.858333	0.5	10.902850
55.866667	0.5	10.903800
55.875000	0.5	10.912300
55.883333	0.5	10.925300
55.891667	0.5	10.928050
55.900000	0.5	10.930300
55.908333	0.5	10.938700
55.916667	0.5	10.949750
55.925000	0.5	10.954300
55.933333	0.5	10.959600
55.941667	0.5	10.970650
55.950000	0.5	10.983300
55.958333	0.5	10.996800
55.966667	0.5	10.996300
55.975000	0.5	11.018700
55.983333	0.5	11.025400
55.991667	0.5	11.041400
56.000000	0.5	11.054450
56.008333	0.5	11.071700
56.016667	0.5	11.080250
56.025000	0.5	11.095050
56.033333	0.5	11.101800
56.041667	0.5	11.121750
56.050000	0.5	11.129700
56.058333	0.5	11.148500
56.066667	0.5	11.159850
56.075000	0.5	11.182050
56.083333	0.5	11.195100
56.091667	0.5	11.205600
56.100000	0.5	11.217150
56.108333	0.5	11.233150
56.116667	0.5	11.242050
56.125000	0.5	11.249600
56.133333	0.5	11.255150
56.141667	0.5	11.259500
56.150000	0.5	11.268450
56.158333	0.5	11.265500
56.166667	0.5	11.271600
56.175000	0.5	11.278400
56.183333	0.5	11.280500
56.191667	0.5	11.262000
56.200000	0.5	11.260950
56.208333	0.5	11.248100
56.216667	0.5	11.232300
56.225000	0.5	11.224750
56.233333	0.5	11.217100
56.241667	0.5	11.193750
56.250000	0.5	11.178150
56.258333	0.5	11.159650
56.266667	0.5	11.144400
56.275000	0.5	11.127650
56.283333	0.5	11.103300
56.291667	0.5	11.087750
56.300000	0.5	11.059750
56.308333	0.5	11.036650
56.316667	0.5	11.012800
56.325000	0.5	10.985200
56.333333	0.5	10.970150
56.341667	0.5	10.949000
56.350000	0.5	10.927750
56.358333	0.5	10.907300
56.366667	0.5	10.891050
56.375000	0.5	10.869000
56.383333	0.5	10.848300
56.391667	0.5	10.839350
56.400000	0.5	10.820900
56.408333	0.5	10.801050
56.416667	0.5	10.781850
56.425000	0.5	10.768550
56.433333	0.5	10.759000
56.441667	0.5	10.740700
56.450000	0.5	10.728600
56.458333	0.5	10.719150
56.466667	0.5	10.714900
56.475000	0.5	10.695550
56.483333	0.5	10.690150
56.491667	0.5	10.682000
56.500000	0.5	10.672500
56.508333	0.5	10.659450
56.516667	0.5	10.659600
56.525000	0.5	10.644750
56.533333	0.5	10.629050
56.541667	0.5	10.621250
56.550000	0.5	10.618500
56.558333	0.5	10.603750
56.566667	0.5	10.589600
56.575000	0.5	10.578450
56.583333	0.5	10.570850
56.591667	0.5	10.554600
56.600000	0.5	10.542850
56.608333	0.5	10.527800
56.616667	0.5	10.512450
56.625000	0.5	10.500550
56.633333	0.5	10.475350
56.641667	0.5	10.467050
56.650000	0.5	10.452150
56.658333	0.5	10.446350
56.666667	0.5	10.435500
56.675000	0.5	10.417800
56.683333	0.5	10.403500
56.691667	0.5	10.393000
56.700000	0.5	10.382000
56.708333	0.5	10.368150
56.716667	0.5	10.380050
56.725000	0.5	10.361550
56.733333	0.5	10.349200
56.741667	0.5	10.356900
56.750000	0.5	10.355900
56.758333	0.5	10.373950
56.766667	0.5	10.376800
56.775000	0.5	10.405400
56.783333	0.5	10.430750
56.791667	0.5	10.457700
56.800000	0.5	10.497550
56.808333	0.5	10.542950
56.816667	0.5	10.603000
56.825000	0.5	10.663550
56.833333	0.5	10.743650
56.841667	0.5	10.821700
56.850000	0.5	10.901150
56.858333	0.5	10.990150
56.866667	0.5	11.077100
56.875000	0.5	11.169150
56.883333	0.5	11.265300
56.891667	0.5	11.350900
56.900000	0.5	11.434850
56.908333	0.5	11.520600
56.916667	0.5	11.604200
56.925000	0.5	11.700450
56.933333	0.5	11.784500
56.941667	0.5	11.871100
56.950000	0.5	11.953600
56.958333	0.5	12.044500
56.966667	0.5	12.124850
56.975000	0.5	12.206100
56.983333	0.5	12.289450
56.991667	0.5	12.364450
57.000000	0.5	12.439400
57.008333	0.5	12.515900
57.016667	0.5	12.578050
57.025000	0.5	12.632200
57.033333	0.5	12.706150
57.041667	0.5	12.743450
57.050000	0.5	12.795050
57.058333	0.5	12.835750
57.066667	0.5	12.867050
57.075000	0.5	12.900750
57.083333	0.5	12.927800
57.091667	0.5	12.952750
57.100000	0.5	12.970150
57.108333	0.5	12.985050
57.116667	0.5	12.998700
57.125000	0.5	12.996350
57.133333	0.5	12.998750
57.141667	0.5	13.008550
57.150000	0.5	13.002150
57.158333	0.5	12.999400
57.166667	0.5	12.998700
57.175000	0.5	12.989250
57.183333	0.5	12.978800
57.191667	0.5	12.980400
57.200000	0.5	12.966550
57.208333	0.5	12.967550
57.216667	0.5	12.972350
57.225000	0.5	12.979350
57.233333	0.5	12.989250
57.241667	0.5	13.001850
57.250000	0.5	13.026950
57.258333	0.5	13.051100
57.266667	0.5	13.086300
57.275000	0.5	13.132000
57.283333	0.5	13.169950
57.291667	0.5	13.231400
57.300000	0.5	13.288750
57.308333	0.5	13.341450
57.316667	0.5	13.425900
57.325000	0.5	13.489450
57.333333	0.5	13.560150
57.341667	0.5	13.635850
57.350000	0.5	13.692200
57.358333	0.5	13.752150
57.366667	0.5	13.813150
57.375000	0.5	13.871100
57.383333	0.5	13.926100
57.391667	0.5	13.966650
57.400000	0.5	13.999600
57.408333	0.5	14.028300
57.416667	0.5	14.060200
57.425000	0.5	14.080400
57.433333	0.5	14.081850
57.441667	0.5	14.076950
57.450000	0.5	14.072200
57.458333	0.5	14.069300
57.466667	0.5	14.028300
57.475000	0.5	14.001050
57.483333	0.5	13.958750
57.491667	0.5	13.914150
57.500000	0.5	13.861050
57.508333	0.5	13.798800
57.516667	0.5	13.730350
57.525000	0.5	13.656600
57.533333	0.5	13.572100
57.541667	0.5	13.492550
57.550000	0.5	13.387600
57.558333	0.5	13.292550
57.566667	0.5	13.180250
57.575000	0.5	13.067850
57.583333	0.5	12.956650
57.591667	0.5	12.843750
57.600000	0.5	12.727450
57.608333	0.5	12.614600
57.616667	0.5	12.497550
57.625000	0.5	12.375250
57.633333	0.5	12.267850
57.641667	0.5	12.151150
57.650000	0.5	12.042150
57.658333	0.5	11.942200
57.666667	0.5	11.845950
57.675000	0.5	11.742250
57.683333	0.5	11.658050
57.691667	0.5	11.564200
57.700000	0.5	11.491000
57.708333	0.5	11.425100
57.716667	0.5	11.348500
57.725000	0.5	11.282350
57.733333	0.5	11.223700
57.741667	0.5	11.165450
57.750000	0.5	11.118450
57.758333	0.5	11.052700
57.766667	0.5	11.004350
57.775000	0.5	10.967400
57.783333	0.5	10.922000
57.791667	0.5	10.875050
57.800000	0.5	10.834400
57.808333	0.5	10.794850
57.816667	0.5	10.758750
57.825000	0.5	10.718450
57.833333	0.5	10.678400
57.841667	0.5	10.640300
57.850000	0.5	10.600300
57.858333	0.5	10.563900
57.866667	0.5	10.531900
57.875000	0.5	10.497650
57.883333	0.5	10.461200
57.891667	0.5	10.432500
57.900000	0.5	10.397050
57.908333	0.5	10.355950
57.916667	0.5	10.325750
57.925000	0.5	10.293950
57.933333	0.5	10.266850
57.941667	0.5	10.234900
57.950000	0.5	10.199350
57.958333	0.5	10.165000
57.966667	0.5	10.147100
57.975000	0.5	10.113500
57.983333	0.5	10.093150
57.991667	0.5	10.083850
58.000000	0.5	10.044650
58.008333	0.5	10.024900
58.016667	0.5	10.004450
58.025000	0.5	9.983950
58.033333	0.5	9.964850
58.041667	0.5	9.945700
58.050000	0.5	9.936200
58.058333	0.5	9.917600
58.066667	0.5	9.906850
58.075000	0.5	9.891350
58.083333	0.5	9.891400
58.091667	0.5	9.873450
58.100000	0.5	9.865900
58.108333	0.5	9.849650
58.116667	0.5	9.849000
58.125000	0.5	9.836400
58.133333	0.5	9.824300
58.141667	0.5	9.815100
58.150000	0.5	9.806250
58.158333	0.5	9.801200
58.166667	0.5	9.796850
58.175000	0.5	9.790800
58.183333	0.5	9.790550
58.191667	0.5	9.795500
58.200000	0.5	9.802900
58.208333	0.5	9.802250
58.216667	0.5	9.824200
58.225000	0.5	9.822900
58.233333	0.5	9.848000
58.241667	0.5	9.872850
58.250000	0.5	9.899150
58.258333	0.5	9.923300
58.266667	0.5	9.953000
58.275000	0.5	9.983650
58.283333	0.5	10.006300
58.291667	0.5	10.044150
58.300000	0.5	10.077000
58.308333	0.5	10.102100
58.316667	0.5	10.124000
58.325000	0.5	10.156000
58.333333	0.5	10.172400
58.341667	0.5	10.196550
58.350000	0.5	10.214250
58.358333	0.5	10.229300
58.366667	0.5	10.250150
58.375000	0.5	10.267500
58.383333	0.5	10.285750
58.391667	0.5	10.286900
58.400000	0.5	10.288650
58.408333	0.5	10.300950
58.416667	0.5	10.294650
58.425000	0.5	10.296550
58.433333	0.5	10.301600
58.441667	0.5	10.299400
58.450000	0.5	10.302800
58.458333	0.5	10.291900
58.466667	0.5	10.285550
58.475000	0.5	10.287250
58.483333	0.5	10.276300
58.491667	0.5	10.264700
58.500000	0.5	10.258350
58.508333	0.5	10.254400
58.516667	0.5	10.237400
58.525000	0.5	10.217750
58.533333	0.5	10.209650
58.541667	0.5	10.204050
58.550000	0.5	10.181200
58.558333	0.5	10.173750
58.566667	0.5	10.150950
58.575000	0.5	10.147750
58.583333	0.5	10.129350
58.591667	0.5	10.106050
58.600000	0.5	10.095300
58.608333	0.5	10.081600
58.616667	0.5	10.064350
58.625000	0.5	10.058000
58.633333	0.5	10.034100
58.641667	0.5	10.015550
58.650000	0.5	10.010400
58.658333	0.5	10.004100
58.666667	0.5	9.992800
58.675000	0.5	9.982850
58.683333	0.5	9.967650
58.691667	0.5	9.974750
58.700000	0.5	9.969150
58.708333	0.5	9.961850
58.716667	0.5	9.963750
58.725000	0.5	9.966650
58.733333	0.5	9.987500
58.741667	0.5	9.999550
58.750000	0.5	10.016100
58.758333	0.5	10.047200
58.766667	0.5	10.079450
58.775000	0.5	10.119000
58.783333	0.5	10.179550
58.791667	0.5	10.238600
58.800000	0.5	10.313700
58.808333	0.5	10.394550
58.816667	0.5	10.484850
58.825000	0.5	10.581100
58.833333	0.5	10.691450
58.841667	0.5	10.792850
58.850000	0.5	10.911850
58.858333	0.5	11.025150
58.866667	0.5	11.139500
58.875000	0.5	11.240200
58.883333	0.5	11.349500
58.891667	0.5	11.446900
58.900000	0.5	11.535650
58.908333	0.5	11.635700
58.916667	0.5	11.720100
58.925000	0.5	11.804450
58.933333	0.5	11.888400
58.941667	0.5	11.975300
58.950000	0.5	12.049950
58.958333	0.5	12.123050
58.966667	0.5	12.204950
58.975000	0.5	12.284300
58.983333	0.5	12.353450
58.991667	0.5	12.409000
59.000000	0.5	12.479850
59.008333	0.5	12.529050
59.016667	0.5	12.586350
59.025000	0.5	12.635400
59.033333	0.5	12.677800
59.041667	0.5	12.713550
59.050000	0.5	12.750450
59.058333	0.5	12.780100
59.066667	0.5	12.810100
59.075000	0.5	12.817750
59.083333	0.5	12.831800
59.091667	0.5	12.836550
59.100000	0.5	12.837700
59.108333	0.5	12.825350
59.116667	0.5	12.822100
59.125000	0.5	12.812850
59.133333	0.5	12.791900
59.141667	0.5	12.781450
59.150000	0.5	12.738250
59.158333	0.5	12.706850
59.166667	0.5	12.677700
59.175000	0.5	12.636300
59.183333	0.5	12.600000
59.191667	0.5	12.549950
59.200000	0.5	12.499900
59.208333	0.5	12.454300
59.216667	0.5	12.399800
59.225000	0.5	12.345750
59.233333	0.5	12.294150
59.241667	0.5	12.246300
59.250000	0.5	12.191000
59.258333	0.5	12.128600
59.266667	0.5	12.052350
59.275000	0.5	12.012150
59.283333	0.5	11.952050
59.291667	0.5	11.898500
59.300000	0.5	11.840700
59.308333	0.5	11.790750
59.316667	0.5	11.726850
59.325000	0.5	11.691600
59.333333	0.5	11.652800
59.341667	0.5	11.615250
59.350000	0.5	11.589200
59.358333	0.5	11.571450
59.366667	0.5	11.569750
59.375000	0.5	11.576300
59.383333	0.5	11.583450
59.391667	0.5	11.612200
59.400000	0.5	11.638800
59.408333	0.5	11.681650
59.416667	0.5	11.740600
59.425000	0.5	11.804150
59.433333	0.5	11.880450
59.441667	0.5	11.955800
59.450000	0.5	12.032200
59.458333	0.5	12.125450
59.466667	0.5	12.215050
59.475000	0.5	12.310800
59.483333	0.5	12.397850
59.491667	0.5	12.494300
59.500000	0.5	12.588650
59.508333	0.5	12.678350
59.516667	0.5	12.764400
59.525000	0.5	12.857000
59.533333	0.5	12.933850
59.541667	0.5	13.006150
59.550000	0.5	13.072400
59.558333	0.5	13.140500
59.566667	0.5	13.197950
59.575000	0.5	13.249400
59.583333	0.5	13.296850
59.591667	0.5	13.323050
59.600000	0.5	13.347500
59.608333	0.5	13.376600
59.616667	0.5	13.397000
59.625000	0.5	13.396900
59.633333	0.5	13.397250
59.641667	0.5	13.386100
59.650000	0.5	13.362150
59.658333	0.5	13.344450
59.666667	0.5	13.301100
59.675000	0.5	13.269000
59.683333	0.5	13.212050
59.691667	0.5	13.155350
59.700000	0.5	13.105450
59.708333	0.5	13.025650
59.716667	0.5	12.954050
59.725000	0.5	12.868950
59.733333	0.5	12.789350
59.741667	0.5	12.710200
59.750000	0.5	12.598800
59.758333	0.5	12.509150
59.766667	0.5	12.396000
59.775000	0.5	12.295350
59.783333	0.5	12.198900
59.791667	0.5	12.101950
59.800000	0.5	12.006800
59.808333	0.5	11.909850
59.816667	0.5	11.822950
59.825000	0.5	11.736250
59.833333	0.5	11.645500
59.841667	0.5	11.576450
59.850000	0.5	11.499100
59.858333	0.5	11.430200
59.866667	0.5	11.367400
59.875000	0.5	11.299850
59.883333	0.5	11.254750
59.891667	0.5	11.201250
59.900000	0.5	11.159100
59.908333	0.5	11.115100
59.916667	0.5	11.082650
59.925000	0.5	11.048150
59.933333	0.5	11.015550
59.941667	0.5	10.981650
59.950000	0.5	10.953950
59.958333	0.5	10.934050
59.966667	0.5	10.904550
59.975000	0.5	10.881200
59.983333	0.5	10.870700
59.991667	0.5	10.834050
60.000000	0.5	10.817700
60.008333	0.5	10.796900
60.016667	0.5	10.784400
60.025000	0.5	10.755500
60.033333	0.5	10.725700
60.041667	0.5	10.713600
60.050000	0.5	10.689300
60.058333	0.5	10.675850
60.066667	0.5	10.646700
60.075000	0.5	10.632650
60.083333	0.5	10.613900
60.091667	0.5	10.594350
60.100000	0.5	10.578750
60.108333	0.5	10.566650
60.116667	0.5	10.539700
60.125000	0.5	10.522700
60.133333	0.5	10.511650
60.141667	0.5	10.492100
60.150000	0.5	10.477200
60.158333	0.5	10.464200
60.166667	0.5	10.448100
60.175000	0.5	10.428850
60.183333	0.5	10.410050
60.191667	0.5	10.404600
60.200000	0.5	10.395550
60.208333	0.5	10.389700
60.216667	0.5	10.368700
60.225000	0.5	10.362100
60.233333	0.5	10.352850
60.241667	0.5	10.336050
60.250000	0.5	10.328500
60.258333	0.5	10.317250
60.266667	0.5	10.302800
60.275000	0.5	10.296850
60.283333	0.5	10.293700
60.291667	0.5	10.286200
60.300000	0.5	10.280400
60.308333	0.5	10.268700
60.316667	0.5	10.267100
60.325000	0.5	10.254600
60.333333	0.5	10.242950
60.341667	0.5	10.238250
60.350000	0.5	10.231950
60.358333	0.5	10.225600
60.366667	0.5	10.211700
60.375000	0.5	10.210150
60.383333	0.5	10.200550
60.391667	0.5	10.199200
60.400000	0.5	10.190400
60.408333	0.5	10.175600
60.416667	0.5	10.177550
60.425000	0.5	10.167800
60.433333	0.5	10.171650
60.441667	0.5	10.161550
60.450000	0.5	10.158900
60.458333	0.5	10.166000
60.466667	0.5	10.152750
60.475000	0.5	10.156550
60.483333	0.5	10.161600
60.491667	0.5	10.172500
60.500000	0.5	10.180300
60.508333	0.5	10.201050
60.516667	0.5	10.211850
60.525000	0.5	10.232650
60.533333	0.5	10.257050
60.541667	0.5	10.292650
60.550000	0.5	10.328000
60.558333	0.5	10.375100
60.566667	0.5	10.433800
60.575000	0.5	10.513250
60.583333	0.5	10.584650
60.591667	0.5	10.652050
60.600000	0.5	10.752500
60.608333	0.5	10.837750
60.616667	0.5	10.932200
60.625000	0.5	11.030550
60.633333	0.5	11.132600
60.641667	0.5	11.226800
60.650000	0.5	11.328400
60.658333	0.5	11.419600
60.666667	0.5	11.521500
60.675000	0.5	11.610650
60.683333	0.5	11.698200
60.691667	0.5	11.775150
60.700000	0.5	11.854600
60.708333	0.5	11.932650
60.716667	0.5	12.002300
60.725000	0.5	12.077400
60.733333	0.5	12.154250
60.741667	0.5	12.215050
60.750000	0.5	12.282150
60.758333	0.5	12.339850
60.766667	0.5	12.399950
60.775000	0.5	12.457900
60.783333	0.5	12.506150
60.791667	0.5	12.558050
60.800000	0.5	12.587850
60.808333	0.5	12.633700
60.816667	0.5	12.662700
60.825000	0.5	12.697050
60.833333	0.5	12.717900
60.841667	0.5	12.733700
60.850000	0.5	12.741350
60.858333	0.5	12.747250
60.866667	0.5	12.747250
60.875000	0.5	12.738550
60.883333	0.5	12.727750
60.891667	0.5	12.713400
60.900000	0.5	12.688550
60.908333	0.5	12.663100
60.916667	0.5	12.623400
60.925000	0.5	12.581900
60.933333	0.5	12.545200
60.941667	0.5	12.492250
60.950000	0.5	12.444300
60.958333	0.5	12.398250
60.966667	0.5	12.337400
60.975000	0.5	12.278850
60.983333	0.5	12.200200
60.991667	0.5	12.132600
61.000000	0.5	12.065200
61.008333	0.5	11.990600
61.016667	0.5	11.918650
61.025000	0.5	11.844200
61.033333	0.5	11.774850
61.041667	0.5	11.713450
61.050000	0.5	11.636700
61.058333	0.5	11.564300
61.066667	0.5	11.494600
61.075000	0.5	11.436850
61.083333	0.5	11.375800
61.091667	0.5	11.318500
61.100000	0.5	11.265500
61.108333	0.5	11.215300
61.116667	0.5	11.182200
61.125000	0.5	11.138250
61.133333	0.5	11.113600
61.141667	0.5	11.089800
61.150000	0.5	11.078700
61.158333	0.5	11.061050
61.166667	0.5	11.054950
61.175000	0.5	11.055050
61.183333	0.5	11.047300
61.191667	0.5	11.059500
61.200000	0.5	11.099300
61.208333	0.5	11.096350
61.216667	0.5	11.130300
61.225000	0.5	11.145800
61.233333	0.5	11.180750
61.241667	0.5	11.219650
61.250000	0.5	11.250450
61.258333	0.5	11.301800
61.266667	0.5	11.342700
61.275000	0.5	11.401950
61.283333	0.5	11.460800
61.291667	0.5	11.512100
61.300000	0.5	11.579600
61.308333	0.5	11.637700
61.316667	0.5	11.712600
61.325000	0.5	11.791000
61.333333	0.5	11.852600
61.341667	0.5	11.942550
61.350000	0.5	12.013750
61.358333	0.5	12.093500
61.366667	0.5	12.173850
61.375000	0.5	12.256800
61.383333	0.5	12.324150
61.391667	0.5	12.406200
61.400000	0.5	12.465800
61.408333	0.5	12.541800
61.416667	0.5	12.606450
61.425000	0.5	12.670850
61.433333	0.5	12.729500
61.441667	0.5	12.784350
61.450000	0.5	12.824050
61.458333	0.5	12.856250
61.466667	0.5	12.886300
61.475000	0.5	12.910800
61.483333	0.5	12.908000
61.491667	0.5	12.912250
61.500000	0.5	12.915450
61.508333	0.5	12.876950
61.516667	0.5	12.855000
61.525000	0.5	12.811600
61.533333	0.5	12.778400
61.541667	0.5	12.700050
61.550000	0.5	12.623150
61.558333	0.5	12.526300
61.566667	0.5	12.427750
61.575000	0.5	12.339800
61.583333	0.5	12.204100
61.591667	0.5	12.080700
61.600000	0.5	11.948000
61.608333	0.5	11.800350
61.616667	0.5	11.655250
61.625000	0.5	11.518650
61.633333	0.5	11.365550
61.641667	0.5	11.204300
61.650000	0.5	11.054400
61.658333	0.5	10.900950
61.666667	0.5	10.760750
61.675000	0.5	10.610550
61.683333	0.5	10.467350
61.691667	0.5	10.327500
61.700000	0.5	10.201650
61.708333	0.5	10.082950
61.716667	0.5	9.964850
61.725000	0.5	9.864750
61.733333	0.5	9.765800
61.741667	0.5	9.674150
61.750000	0.5	9.578150
61.758333	0.5	9.503600
61.766667	0.5	9.424100
61.775000	0.5	9.369000
61.783333	0.5	9.306050
61.791667	0.5	9.244100
61.800000	0.5	9.201000
61.808333	0.5	9.158500
61.816667	0.5	9.126000
61.825000	0.5	9.086600
61.833333	0.5	9.059400
61.841667	0.5	9.038550
61.850000	0.5	9.010900
61.858333	0.5	8.984300
61.866667	0.5	8.969000
61.875000	0.5	8.955000
61.883333	0.5	8.953300
61.891667	0.5	8.943100
61.900000	0.5	8.936100
61.908333	0.5	8.948600
61.916667	0.5	8.943250
61.925000	0.5	8.953950
61.933333	0.5	8.946000
61.941667	0.5	8.954800
61.950000	0.5	8.967500
61.958333	0.5	8.984600
61.966667	0.5	9.005700
61.975000	0.5	9.018800
61.983333	0.5	9.035450
61.991667	0.5	9.087250
62.000000	0.5	9.096850
62.008333	0.5	9.132400
62.016667	0.5	9.195750
62.025000	0.5	9.224700
62.033333	0.5	9.277250
62.041667	0.5	9.336700
62.050000	0.5	9.396650
62.058333	0.5	9.477150
62.066667	0.5	9.551600
62.075000	0.5	9.630350
62.083333	0.5	9.725150
62.091667	0.5	9.827150
62.100000	0.5	9.925200
62.108333	0.5	10.050900
62.116667	0.5	10.150750
62.125000	0.5	10.251550
62.133333	0.5	10.341600
62.141667	0.5	10.417850
62.150000	0.5	10.489000
62.158333	0.5	10.523850
62.166667	0.5	10.558600
62.175000	0.5	10.578750
62.183333	0.5	10.594300
62.191667	0.5	10.603950
62.200000	0.5	10.623000
62.208333	0.5	10.641600
62.216667	0.5	10.644150
62.225000	0.5	10.675150
62.233333	0.5	10.678950
62.241667	0.5	10.688000
62.250000	0.5	10.695400
62.258333	0.5	10.703300
62.266667	0.5	10.719550
62.275000	0.5	10.712750
62.283333	0.5	10.696900
62.291667	0.5	10.691900
62.300000	0.5	10.685700
62.308333	0.5	10.683950
62.316667	0.5	10.672750
62.325000	0.5	10.670500
62.333333	0.5	10.658450
62.341667	0.5	10.646650
62.350000	0.5	10.643900
62.358333	0.5	10.647900
62.366667	0.5	10.649700
62.375000	0.5	10.643500
62.383333	0.5	10.651250
62.391667	0.5	10.654450
62.400000	0.5	10.656450
62.408333	0.5	10.654650
62.416667	0.5	10.669850
62.425000	0.5	10.691200
62.433333	0.5	10.684100
62.441667	0.5	10.691700
62.450000	0.5	10.709500
62.458333	0.5	10.725750
62.466667	0.5	10.736500
62.475000	0.5	10.757700
62.483333	0.5	10.764700
62.491667	0.5	10.785650
62.500000	0.5	10.808050
62.508333	0.5	10.814650
62.516667	0.5	10.832250
62.525000	0.5	10.842650
62.533333	0.5	10.859100
62.541667	0.5	10.876550
62.550000	0.5	10.878100
62.558333	0.5	10.889200
62.566667	0.5	10.925950
62.575000	0.5	10.909900
62.583333	0.5	10.908550
62.591667	0.5	10.914800
62.600000	0.5	10.908450
62.608333	0.5	10.912100
62.616667	0.5	10.924550
62.625000	0.5	10.924250
62.633333	0.5	10.934550
62.641667	0.5	10.936400
62.650000	0.5	10.944000
62.658333	0.5	10.946100
62.666667	0.5	10.962700
62.675000	0.5	10.969700
62.683333	0.5	10.980600
62.691667	0.5	10.989850
62.700000	0.5	11.006500
62.708333	0.5	11.011950
62.716667	0.5	11.020500
62.725000	0.5	11.030350
62.733333	0.5	11.035650
62.741667	0.5	11.048600
62.750000	0.5	11.058850
62.758333	0.5	11.083100
62.766667	0.5	11.080700
62.775000	0.5	11.095900
62.783333	0.5	11.102700
62.791667	0.5	11.112350
62.800000	0.5	11.113300
62.808333	0.5	11.123650
62.816667	0.5	11.134350
62.825000	0.5	11.148100
62.833333	0.5	11.153600
62.841667	0.5	11.167550
62.850000	0.5	11.171700
62.858333	0.5	11.177300
62.866667	0.5	11.190950
62.875000	0.5	11.196450
62.883333	0.5	11.201300
62.891667	0.5	11.216650
62.900000	0.5	11.229050
62.908333	0.5	11.222700
62.916667	0.5	11.234400
62.925000	0.5	11.243350
62.933333	0.5	11.247950
62.941667	0.5	11.255650
62.950000	0.5	11.265950
62.958333	0.5	11.276450
62.966667	0.5	11.291150
62.975000	0.5	11.289850
62.983333	0.5	11.302600
62.991667	0.5	11.299700
63.000000	0.5	11.307050
63.008333	0.5	11.318750
63.016667	0.5	11.323850
63.025000	0.5	11.330200
63.033333	0.5	11.342850
63.041667	0.5	11.341400
63.050000	0.5	11.356200
63.058333	0.5	11.350600
63.066667	0.5	11.349250
63.075000	0.5	11.359600
63.083333	0.5	11.364150
63.091667	0.5	11.357350
63.100000	0.5	11.362750
63.108333	0.5	11.363750
63.116667	0.5	11.371450
63.125000	0.5	11.361900
63.133333	0.5	11.364800
63.141667	0.5	11.365250
63.150000	0.5	11.360050
63.158333	0.5	11.352650
63.166667	0.5	11.345500
63.175000	0.5	11.347050
63.183333	0.5	11.338600
63.191667	0.5	11.327100
63.200000	0.5	11.328900
63.208333	0.5	11.317700
63.216667	0.5	11.326100
63.225000	0.5	11.314950
63.233333	0.5	11.303100
63.241667	0.5	11.296400
63.250000	0.5	11.298600
63.258333	0.5	11.282050
63.266667	0.5	11.280550
63.275000	0.5	11.271250
63.283333	0.5	11.263750
63.291667	0.5	11.246400
63.300000	0.5	11.242350
63.308333	0.5	11.222000
63.316667	0.5	11.217300
63.325000	0.5	11.210750
63.333333	0.5	11.193900
63.341667	0.5	11.191300
63.350000	0.5	11.184850
63.358333	0.5	11.178050
63.366667	0.5	11.171900
63.375000	0.5	11.162750
63.383333	0.5	11.149550
63.391667	0.5	11.142600
63.400000	0.5	11.134850
63.408333	0.5	11.137000
63.416667	0.5	11.126950
63.425000	0.5	11.133700
63.433333	0.5	11.118150
63.441667	0.5	11.110650
63.450000	0.5	11.109700
63.458333	0.5	11.103900
63.466667	0.5	11.098650
63.475000	0.5	11.089100
63.483333	0.5	11.073900
63.491667	0.5	11.077650
63.500000	0.5	11.068100
63.508333	0.5	11.065400
63.516667	0.5	11.063300
63.525000	0.5	11.055000
63.533333	0.5	11.056450
63.541667	0.5	11.055450
63.550000	0.5	11.041000
63.558333	0.5	11.037600
63.566667	0.5	11.027600
63.575000	0.5	11.018050
63.583333	0.5	11.023450
63.591667	0.5	11.018650
63.600000	0.5	11.011750
63.608333	0.5	11.003350
63.616667	0.5	10.994500
63.625000	0.5	10.985050
63.633333	0.5	10.983950
63.641667	0.5	10.989800
63.650000	0.5	10.969950
63.658333	0.5	10.979350
63.666667	0.5	10.963900
63.675000	0.5	10.959800
63.683333	0.5	10.966200
63.691667	0.5	10.957350
63.700000	0.5	10.951800
63.708333	0.5	10.952450
63.716667	0.5	10.941600
63.725000	0.5	10.940550
63.733333	0.5	10.941450
63.741667	0.5	10.952450
63.750000	0.5	10.928750
63.758333	0.5	10.924650
63.766667	0.5	10.931300
63.775000	0.5	10.930750
63.783333	0.5	10.929950
63.791667	0.5	10.937950
63.800000	0.5	10.925150
63.808333	0.5	10.934200
63.816667	0.5	10.937050
63.825000	0.5	10.952550
63.833333	0.5	10.959900
63.841667	0.5	10.966400
63.850000	0.5	10.987000
63.858333	0.5	10.998950
63.866667	0.5	11.022100
63.875000	0.5	11.049650
63.883333	0.5	11.084500
63.891667	0.5	11.123500
63.900000	0.5	11.155950
63.908333	0.5	11.206050
63.916667	0.5	11.266700
63.925000	0.5	11.330300
63.933333	0.5	11.388850
63.941667	0.5	11.458000
63.950000	0.5	11.548550
63.958333	0.5	11.617850
63.966667	0.5	11.711250
63.975000	0.5	11.804000
63.983333	0.5	11.904400
63.991667	0.5	12.009950
64.000000	0.5	12.124350
64.008333	0.5	12.239950
64.016667	0.5	12.370000
64.025000	0.5	12.492450
64.033333	0.5	12.619150
64.041667	0.5	12.754050
64.050000	0.5	12.901450
64.058333	0.5	13.031500
64.066667	0.5	13.180650
64.075000	0.5	13.342400
64.083333	0.5	13.481600
64.091667	0.5	13.635650
64.100000	0.5	13.793950
64.108333	0.5	13.941500
64.116667	0.5	14.093250
64.125000	0.5	14.249850
64.133333	0.5	14.395050
64.141667	0.5	14.545050
64.150000	0.5	14.700500
64.158333	0.5	14.840150
64.166667	0.5	14.983550
64.175000	0.5	15.109250
64.183333	0.5	15.226650
64.191667	0.5	15.348150
64.200000	0.5	15.448150
64.208333	0.5	15.547050
64.216667	0.5	15.633900
64.225000	0.5	15.699700
64.233333	0.5	15.763000
64.241667	0.5	15.813350
64.250000	0.5	15.872050
64.258333	0.5	15.869850
64.266667	0.5	15.882700
64.275000	0.5	15.882250
64.283333	0.5	15.874100
64.291667	0.5	15.825000
64.300000	0.5	15.793300
64.308333	0.5	15.733650
64.316667	0.5	15.650600
64.325000	0.5	15.567500
64.333333	0.5	15.451050
64.341667	0.5	15.335600
64.350000	0.5	15.197450
64.358333	0.5	15.056000
64.366667	0.5	14.899850
64.375000	0.5	14.728850
64.383333	0.5	14.553650
64.391667	0.5	14.369900
64.400000	0.5	14.180750
64.408333	0.5	13.986200
64.416667	0.5	13.789750
64.425000	0.5	13.594950
64.433333	0.5	13.402950
64.441667	0.5	13.214200
64.450000	0.5	13.026600
64.458333	0.5	12.853200
64.466667	0.5	12.684700
64.475000	0.5	12.542600
64.483333	0.5	12.405550
64.491667	0.5	12.266350
64.500000	0.5	12.149500
64.508333	0.5	12.041950
64.516667	0.5	11.951600
64.525000	0.5	11.860000
64.533333	0.5	11.745300
64.541667	0.5	11.592150
64.550000	0.5	11.371100
64.558333	0.5	11.114550
64.566667	0.5	10.867550
64.575000	0.5	10.655600
64.583333	0.5	10.485100
64.591667	0.5	10.346650
64.600000	0.5	10.229300
64.608333	0.5	10.141700
64.616667	0.5	10.073500
64.625000	0.5	10.003150
64.633333	0.5	9.931200
64.641667	0.5	9.877850
64.650000	0.5	9.824650
64.658333	0.5	9.779300
64.666667	0.5	9.755250
64.675000	0.5	9.717200
64.683333	0.5	9.684950
64.691667	0.5	9.660300
64.700000	0.5	9.612850
64.708333	0.5	9.573650
64.716667	0.5	9.524850
64.725000	0.5	9.485850
64.733333	0.5	9.430800
64.741667	0.5	9.390050
64.750000	0.5	9.354450
64.758333	0.5	9.303950
64.766667	0.5	9.275600
64.775000	0.5	9.258450
64.783333	0.5	9.215250
64.791667	0.5	9.186900
64.800000	0.5	9.156200
64.808333	0.5	9.147850
64.816667	0.5	9.115450
64.825000	0.5	9.088550
64.833333	0.5	9.067550
64.841667	0.5	9.048250
64.850000	0.5	9.031250
64.858333	0.5	9.017900
64.866667	0.5	8.990750
64.875000	0.5	8.974050
64.883333	0.5	8.946600
64.891667	0.5	8.932850
64.900000	0.5	8.915850
64.908333	0.5	8.897600
64.916667	0.5	8.885300
64.925000	0.5	8.868500
64.933333	0.5	8.850500
64.941667	0.5	8.832900
64.950000	0.5	8.812950
64.958333	0.5	8.798800
64.966667	0.5	8.791550
64.975000	0.5	8.776950
64.983333	0.5	8.769350
64.991667	0.5	8.757450
65.000000	0.5	8.746600
65.008333	0.5	8.738650
65.016667	0.5	8.728500
65.025000	0.5	8.715050
65.033333	0.5	8.714700
65.041667	0.5	8.701250
65.050000	0.5	8.693400
65.058333	0.5	8.692900
65.066667	0.5	8.675700
65.075000	0.5	8.677850
65.083333	0.5	8.671650
65.091667	0.5	8.666100
65.100000	0.5	8.652850
65.108333	0.5	8.643000
65.116667	0.5	8.646850
65.125000	0.5	8.639400
65.133333	0.5	8.629600
65.141667	0.5	8.619400
65.150000	0.5	8.615350
65.158333	0.5	8.605400
65.166667	0.5	8.607900
65.175000	0.5	8.592550
65.183333	0.5	8.592050
65.191667	0.5	8.578250
65.200000	0.5	8.575100
65.208333	0.5	8.566450
65.216667	0.5	8.559200
65.225000	0.5	8.556100
65.233333	0.5	8.551300
65.241667	0.5	8.546000
65.250000	0.5	8.529050
65.258333	0.5	8.541700
65.266667	0.5	8.521450
65.275000	0.5	8.515200
65.283333	0.5	8.513600
65.291667	0.5	8.511250
65.300000	0.5	8.505650
65.308333	0.5	8.496750
65.316667	0.5	8.513250
65.325000	0.5	8.490800
65.333333	0.5	8.490050
65.341667	0.5	8.494100
65.350000	0.5	8.482150
65.358333	0.5	8.483550
65.366667	0.5	8.479500
65.375000	0.5	8.471650
65.383333	0.5	8.468650
65.391667	0.5	8.466750
65.400000	0.5	8.459800
65.408333	0.5	8.461000
65.416667	0.5	8.448100
65.425000	0.5	8.446500
65.433333	0.5	8.445250
65.441667	0.5	8.453950
65.450000	0.5	8.446900
65.458333	0.5	8.430250
65.466667	0.5	8.425600
65.475000	0.5	8.430150
65.483333	0.5	8.416000
65.491667	0.5	8.421200
65.500000	0.5	8.413300
65.508333	0.5	8.406250
65.516667	0.5	8.399050
65.525000	0.5	8.384600
65.533333	0.5	8.389700
65.541667	0.5	8.384100
65.550000	0.5	8.382950
65.558333	0.5	8.374400
65.566667	0.5	8.366550
65.575000	0.5	8.358650
65.583333	0.5	8.357400
65.591667	0.5	8.352750
65.600000	0.5	8.357100
65.608333	0.5	8.358600
65.616667	0.5	8.337300
65.625000	0.5	8.336800
65.633333	0.5	8.330900
65.641667	0.5	8.351800
65.650000	0.5	8.317950
65.658333	0.5	8.319450
65.666667	0.5	8.309200
65.675000	0.5	8.304700
65.683333	0.5	8.301800
65.691667	0.5	8.303700
65.700000	0.5	8.303300
65.708333	0.5	8.304500
65.716667	0.5	8.291200
65.725000	0.5	8.293750
65.733333	0.5	8.296150
65.741667	0.5	8.300850
65.750000	0.5	8.299600
65.758333	0.5	8.291050
65.766667	0.5	8.288800
65.775000	0.5	8.285200
65.783333	0.5	8.287450
65.791667	0.5	8.289300
65.800000	0.5	8.290000
65.808333	0.5	8.287500
65.816667	0.5	8.292450
65.825000	0.5	8.290550
65.833333	0.5	8.292150
65.841667	0.5	8.293850
65.850000	0.5	8.305000
65.858333	0.5	8.301250
65.866667	0.5	8.298200
65.875000	0.5	8.298850
65.883333	0.5	8.299250
65.891667	0.5	8.305700
65.900000	0.5	8.303400
65.908333	0.5	8.307450
65.916667	0.5	8.313450
65.925000	0.5	8.316000
65.933333	0.5	8.321550
65.941667	0.5	8.325250
65.950000	0.5	8.331250
65.958333	0.5	8.332950
65.966667	0.5	8.339900
65.975000	0.5	8.343600
65.983333	0.5	8.345900
65.991667	0.5	8.348700
66.000000	0.5	8.348950
66.008333	0.5	8.355250
66.016667	0.5	8.349800
66.025000	0.5	8.360750
66.033333	0.5	8.372950
66.041667	0.5	8.369700
66.050000	0.5	8.370250
66.058333	0.5	8.374400
66.066667	0.5	8.370450
66.075000	0.5	8.380150
66.083333	0.5	8.383000
66.091667	0.5	8.386800
66.100000	0.5	8.393500
66.108333	0.5	8.392250
66.116667	0.5	8.387850
66.125000	0.5	8.401000
66.133333	0.5	8.391400
66.141667	0.5	8.404550
66.150000	0.5	8.399300
66.158333	0.5	8.399600
66.166667	0.5	8.403650
66.175000	0.5	8.399800
66.183333	0.5	8.409900
66.191667	0.5	8.401200
66.200000	0.5	8.395200
66.208333	0.5	8.391650
66.216667	0.5	8.397850
66.225000	0.5	8.393550
66.233333	0.5	8.386500
66.241667	0.5	8.394400
66.250000	0.5	8.389700
66.258333	0.5	8.383600
66.266667	0.5	8.389650
66.275000	0.5	8.387400
66.283333	0.5	8.387850
66.291667	0.5	8.384250
66.300000	0.5	8.374200
66.308333	0.5	8.368450
66.316667	0.5	8.384200
66.325000	0.5	8.376900
66.333333	0.5	8.379600
66.341667	0.5	8.383000
66.350000	0.5	8.375250
66.358333	0.5	8.379900
66.366667	0.5	8.377450
66.375000	0.5	8.373150
66.383333	0.5	8.384900
66.391667	0.5	8.379300
66.400000	0.5	8.378250
66.408333	0.5	8.385600
66.416667	0.5	8.375600
66.425000	0.5	8.389400
66.433333	0.5	8.385350
66.441667	0.5	8.386750
66.450000	0.5	8.403650
66.458333	0.5	8.402700
66.466667	0.5	8.411150
66.475000	0.5	8.417400
66.483333	0.5	8.424850
66.491667	0.5	8.440500
66.500000	0.5	8.450400
66.508333	0.5	8.472100
66.516667	0.5	8.497550
66.525000	0.5	8.490200
66.533333	0.5	8.503900
66.541667	0.5	8.543600
66.550000	0.5	8.552950
66.558333	0.5	8.568400
66.566667	0.5	8.593050
66.575000	0.5	8.623450
66.583333	0.5	8.661950
66.591667	0.5	8.690600
66.600000	0.5	8.728100
66.608333	0.5	8.772500
66.616667	0.5	8.791850
66.625000	0.5	8.834350
66.633333	0.5	8.879550
66.641667	0.5	8.926200
66.650000	0.5	8.977550
66.658333	0.5	9.015650
66.666667	0.5	9.071350
66.675000	0.5	9.127350
66.683333	0.5	9.176250
66.691667	0.5	9.226050
66.700000	0.5	9.274900
66.708333	0.5	9.332150
66.716667	0.5	9.387900
66.725000	0.5	9.445950
66.733333	0.5	9.491900
66.741667	0.5	9.528150
66.750000	0.5	9.588800
66.758333	0.5	9.638500
66.766667	0.5	9.682600
66.775000	0.5	9.728150
66.783333	0.5	9.760850
66.791667	0.5	9.797400
66.800000	0.5	9.842000
66.808333	0.5	9.874300
66.816667	0.5	9.895900
66.825000	0.5	9.925650
66.833333	0.5	9.950650
66.841667	0.5	9.967150
66.850000	0.5	9.991300
66.858333	0.5	10.003600
66.866667	0.5	10.019750
66.875000	0.5	10.026300
66.883333	0.5	10.036400
66.891667	0.5	10.049200
66.900000	0.5	10.069650
66.908333	0.5	10.044250
66.916667	0.5	10.037300
66.925000	0.5	10.021900
66.933333	0.5	10.034050
66.941667	0.5	10.018250
66.950000	0.5	9.994450
66.958333	0.5	9.979450
66.966667	0.5	9.972700
66.975000	0.5	9.941300
66.983333	0.5	9.923250
66.991667	0.5	9.897450
67.000000	0.5	9.878800
67.008333	0.5	9.847200
67.016667	0.5	9.802100
67.025000	0.5	9.776300
67.033333	0.5	9.745450
67.041667	0.5	9.715350
67.050000	0.5	9.683700
67.058333	0.5	9.640650
67.066667	0.5	9.610600
67.075000	0.5	9.566350
67.083333	0.5	9.535550
67.091667	0.5	9.512650
67.100000	0.5	9.471650
67.108333	0.5	9.434150
67.116667	0.5	9.402350
67.125000	0.5	9.364000
67.133333	0.5	9.326150
67.141667	0.5	9.314650
67.150000	0.5	9.268700
67.158333	0.5	9.255400
67.166667	0.5	9.210650
67.175000	0.5	9.187500
67.183333	0.5	9.174250
67.191667	0.5	9.146200
67.200000	0.5	9.119400
67.208333	0.5	9.095750
67.216667	0.5	9.070550
67.225000	0.5	9.054000
67.233333	0.5	9.047350
67.241667	0.5	9.024150
67.250000	0.5	9.033800
67.258333	0.5	8.997600
67.266667	0.5	8.987850
67.275000	0.5	8.980850
67.283333	0.5	8.983500
67.291667	0.5	8.966000
67.300000	0.5	8.963400
67.308333	0.5	8.955800
67.316667	0.5	8.956900
67.325000	0.5	8.955050
67.333333	0.5	8.953100
67.341667	0.5	8.955800
67.350000	0.5	8.946050
67.358333	0.5	8.954300
67.366667	0.5	8.955050
67.375000	0.5	8.970200
67.383333	0.5	8.976400
67.391667	0.5	8.984000
67.400000	0.5	8.981200
67.408333	0.5	8.979950
67.416667	0.5	8.979700
67.425000	0.5	8.985800
67.433333	0.5	8.994050
67.441667	0.5	9.002950
67.450000	0.5	9.011400
67.458333	0.5	9.008250
67.466667	0.5	9.026050
67.475000	0.5	9.031400
67.483333	0.5	9.039400
67.491667	0.5	9.043250
67.500000	0.5	9.046900
67.508333	0.5	9.053350
67.516667	0.5	9.043600
67.525000	0.5	9.058300
67.533333	0.5	9.063100
67.541667	0.5	9.060700
67.550000	0.5	9.067950
67.558333	0.5	9.072450
67.566667	0.5	9.080600
67.575000	0.5	9.078400
67.583333	0.5	9.082300
67.591667	0.5	9.093350
67.600000	0.5	9.094250
67.608333	0.5	9.091700
67.616667	0.5	9.100300
67.625000	0.5	9.098950
67.633333	0.5	9.102350
67.641667	0.5	9.112650
67.650000	0.5	9.123750
67.658333	0.5	9.115850
67.666667	0.5	9.112000
67.675000	0.5	9.118300
67.683333	0.5	9.126550
67.691667	0.5	9.135350
67.700000	0.5	9.135300
67.708333	0.5	9.142100
67.716667	0.5	9.153250
67.725000	0.5	9.165250
67.733333	0.5	9.175600
67.741667	0.5	9.177750
67.750000	0.5	9.187600
67.758333	0.5	9.214450
67.766667	0.5	9.217000
67.775000	0.5	9.236950
67.783333	0.5	9.252250
67.791667	0.5	9.270650
67.800000	0.5	9.280250
67.808333	0.5	9.299850
67.816667	0.5	9.322100
67.825000	0.5	9.345650
67.833333	0.5	9.386700
67.841667	0.5	9.379950
67.850000	0.5	9.415350
67.858333	0.5	9.441750
67.866667	0.5	9.460250
67.875000	0.5	9.476500
67.883333	0.5	9.503450
67.891667	0.5	9.521350
67.900000	0.5	9.545800
67.908333	0.5	9.569550
67.916667	0.5	9.582250
67.925000	0.5	9.614050
67.933333	0.5	9.624400
67.941667	0.5	9.648750
67.950000	0.5	9.662800
67.958333	0.5	9.681100
67.966667	0.5	9.686400
67.975000	0.5	9.706600
67.983333	0.5	9.708400
67.991667	0.5	9.716600
68.000000	0.5	9.723000
68.008333	0.5	9.735150
68.016667	0.5	9.733350
68.025000	0.5	9.739600
68.033333	0.5	9.734650
68.041667	0.5	9.734750
68.050000	0.5	9.729800
68.058333	0.5	9.735900
68.066667	0.5	9.709950
68.075000	0.5	9.701550
68.083333	0.5	9.689150
68.091667	0.5	9.681400
68.100000	0.5	9.660300
68.108333	0.5	9.651000
68.116667	0.5	9.631200
68.125000	0.5	9.609850
68.133333	0.5	9.582750
68.141667	0.5	9.570300
68.150000	0.5	9.535650
68.158333	0.5	9.519700
68.166667	0.5	9.490000
68.175000	0.5	9.462550
68.183333	0.5	9.439250
68.191667	0.5	9.405850
68.200000	0.5	9.373250
68.208333	0.5	9.342500
68.216667	0.5	9.311950
68.225000	0.5	9.279150
68.233333	0.5	9.246050
68.241667	0.5	9.229250
68.250000	0.5	9.192200
68.258333	0.5	9.160100
68.266667	0.5	9.123600
68.275000	0.5	9.090250
68.283333	0.5	9.061200
68.291667	0.5	9.035050
68.300000	0.5	9.006750
68.308333	0.5	8.975600
68.316667	0.5	8.961100
68.325000	0.5	8.916700
68.333333	0.5	8.908300
68.341667	0.5	8.864850
68.350000	0.5	8.853000
68.358333	0.5	8.834150
68.366667	0.5	8.811400
68.375000	0.5	8.791500
68.383333	0.5	8.776450
68.391667	0.5	8.775200
68.400000	0.5	8.758100
68.408333	0.5	8.763450
68.416667	0.5	8.753500
68.425000	0.5	8.758300
68.433333	0.5	8.761150
68.441667	0.5	8.770550
68.450000	0.5	8.784800
68.458333	0.5	8.788200
68.466667	0.5	8.809650
68.475000	0.5	8.824000
68.483333	0.5	8.836050
68.491667	0.5	8.855650
68.500000	0.5	8.886150
68.508333	0.5	8.911900
68.516667	0.5	8.931650
68.525000	0.5	8.973750
68.533333	0.5	9.005050
68.541667	0.5	9.019500
68.550000	0.5	9.073250
68.558333	0.5	9.102300
68.566667	0.5	9.141400
68.575000	0.5	9.179050
68.583333	0.5	9.227850
68.591667	0.5	9.262900
68.600000	0.5	9.312600
68.608333	0.5	9.366750
68.616667	0.5	9.410800
68.625000	0.5	9.486550
68.633333	0.5	9.532500
68.641667	0.5	9.581500
68.650000	0.5	9.646200
68.658333	0.5	9.702050
68.666667	0.5	9.764600
68.675000	0.5	9.829600
68.683333	0.5	9.890100
68.691667	0.5	9.950800
68.700000	0.5	10.007500
68.708333	0.5	10.067500
68.716667	0.5	10.122450
68.725000	0.5	10.177250
68.733333	0.5	10.227300
68.741667	0.5	10.282700
68.750000	0.5	10.326100
68.758333	0.5	10.375250
68.766667	0.5	10.404300
68.775000	0.5	10.444600
68.783333	0.5	10.476400
68.791667	0.5	10.505400
68.800000	0.5	10.533700
68.808333	0.5	10.557450
68.816667	0.5	10.570950
68.825000	0.5	10.601350
68.833333	0.5	10.599750
68.841667	0.5	10.632450
68.850000	0.5	10.623250
68.858333	0.5	10.627500
68.866667	0.5	10.631350
68.875000	0.5	10.631600
68.883333	0.5	10.618400
68.891667	0.5	10.598800
68.900000	0.5	10.604500
68.908333	0.5	10.598500
68.916667	0.5	10.583800
68.925000	0.5	10.558150
68.933333	0.5	10.520700
68.941667	0.5	10.517950
68.950000	0.5	10.484900
68.958333	0.5	10.451300
68.966667	0.5	10.419400
68.975000	0.5	10.379500
68.983333	0.5	10.352950
68.991667	0.5	10.322300
69.000000	0.5	10.292700
69.008333	0.5	10.264800
69.016667	0.5	10.234000
69.025000	0.5	10.202500
69.033333	0.5	10.169700
69.041667	0.5	10.134800
69.050000	0.5	10.119200
69.058333	0.5	10.101300
69.066667	0.5	10.075000
69.075000	0.5	10.059400
69.083333	0.5	10.016050
69.091667	0.5	9.997250
69.100000	0.5	9.969000
69.108333	0.5	9.953250
69.116667	0.5	9.935550
69.125000	0.5	9.913850
69.133333	0.5	9.895550
69.141667	0.5	9.876100
69.150000	0.5	9.842700
69.158333	0.5	9.822650
69.166667	0.5	9.798550
69.175000	0.5	9.776050
69.183333	0.5	9.775850
69.191667	0.5	9.736250
69.200000	0.5	9.716850
69.208333	0.5	9.701050
69.216667	0.5	9.698350
69.225000	0.5	9.697600
69.233333	0.5	9.669850
69.241667	0.5	9.676300
69.250000	0.5	9.676100
69.258333	0.5	9.682650
69.266667	0.5	9.681300
69.275000	0.5	9.684950
69.283333	0.5	9.690200
69.291667	0.5	9.690500
69.300000	0.5	9.693350
69.308333	0.5	9.705700
69.316667	0.5	9.702200
69.325000	0.5	9.705650
69.333333	0.5	9.727050
69.341667	0.5	9.718100
69.350000	0.5	9.745650
69.358333	0.5	9.731650
69.366667	0.5	9.746200
69.375000	0.5	9.747700
69.383333	0.5	9.758850
69.391667	0.5	9.765200
69.400000	0.5	9.772500
69.408333	0.5	9.778250
69.416667	0.5	9.776050
69.425000	0.5	9.780200
69.433333	0.5	9.794700
69.441667	0.5	9.817850
69.450000	0.5	9.796650
69.458333	0.5	9.803550
69.466667	0.5	9.807950
69.475000	0.5	9.807100
69.483333	0.5	9.817250
69.491667	0.5	9.826450
69.500000	0.5	9.822550
69.508333	0.5	9.832050
69.516667	0.5	9.834750
69.525000	0.5	9.834600
69.533333	0.5	9.834200
69.541667	0.5	9.842250
69.550000	0.5	9.851650
69.558333	0.5	9.850900
69.566667	0.5	9.854500
69.575000	0.5	9.855700
69.583333	0.5	9.863850
69.591667	0.5	9.869050
69.600000	0.5	9.880250
69.608333	0.5	9.880800
69.616667	0.5	9.883850
69.625000	0.5	9.884550
69.633333	0.5	9.901250
69.641667	0.5	9.913400
69.650000	0.5	9.914900
69.658333	0.5	9.915150
69.666667	0.5	9.931750
69.675000	0.5	9.931350
69.683333	0.5	9.947450
69.691667	0.5	9.961050
69.700000	0.5	9.968500
69.708333	0.5	9.993300
69.716667	0.5	10.010950
69.725000	0.5	10.016700
69.733333	0.5	10.028400
69.741667	0.5	10.052700
69.750000	0.5	10.064850
69.758333	0.5	10.084050
69.766667	0.5	10.117550
69.775000	0.5	10.134150
69.783333	0.5	10.164250
69.791667	0.5	10.179900
69.800000	0.5	10.205550
69.808333	0.5	10.229000
69.816667	0.5	10.256800
69.825000	0.5	10.286350
69.833333	0.5	10.302850
69.841667	0.5	10.343300
69.850000	0.5	10.359150
69.858333	0.5	10.388950
69.866667	0.5	10.422550
69.875000	0.5	10.448850
69.883333	0.5	10.460750
69.891667	0.5	10.498350
69.900000	0.5	10.517450
69.908333	0.5	10.536150
69.916667	0.5	10.554650
69.925000	0.5	10.565800
69.933333	0.5	10.584250
69.941667	0.5	10.603100
69.950000	0.5	10.610350
69.958333	0.5	10.623350
69.966667	0.5	10.648000
69.975000	0.5	10.651350
69.983333	0.5	10.647950
69.991667	0.5	10.664000
70.000000	0.5	10.656650
70.008333	0.5	10.661900
70.016667	0.5	10.659500
70.025000	0.5	10.664400
70.033333	0.5	10.652650
70.041667	0.5	10.655600
70.050000	0.5	10.650250
70.058333	0.5	10.643100
70.066667	0.5	10.636450
70.075000	0.5	10.633550
70.083333	0.5	10.617550
70.091667	0.5	10.608750
70.100000	0.5	10.603100
70.108333	0.5	10.591800
70.116667	0.5	10.572950
70.125000	0.5	10.563600
70.133333	0.5	10.550700
70.141667	0.5	10.541150
70.150000	0.5	10.525550
70.158333	0.5	10.525000
70.166667	0.5	10.527450
70.175000	0.5	10.505450
70.183333	0.5	10.495750
70.191667	0.5	10.501150
70.200000	0.5	10.486250
70.208333	0.5	10.494600
70.216667	0.5	10.493550
70.225000	0.5	10.506750
70.233333	0.5	10.502900
70.241667	0.5	10.520850
70.250000	0.5	10.536250
70.258333	0.5	10.545950
70.266667	0.5	10.565150
70.275000	0.5	10.585150
70.283333	0.5	10.613850
70.291667	0.5	10.649600
70.300000	0.5	10.682900
70.308333	0.5	10.713500
70.316667	0.5	10.753800
70.325000	0.5	10.795800
70.333333	0.5	10.829150
70.341667	0.5	10.886050
70.350000	0.5	10.941300
70.358333	0.5	10.981850
70.366667	0.5	11.023250
70.375000	0.5	11.072500
70.383333	0.5	11.132100
70.391667	0.5	11.187150
70.400000	0.5	11.235750
70.408333	0.5	11.278800
70.416667	0.5	11.325900
70.425000	0.5	11.379850
70.433333	0.5	11.427200
70.441667	0.5	11.466350
70.450000	0.5	11.512250
70.458333	0.5	11.551000
70.466667	0.5	11.593050
70.475000	0.5	11.618350
70.483333	0.5	11.665500
70.491667	0.5	11.687200
70.500000	0.5	11.711700
70.508333	0.5	11.755550
70.516667	0.5	11.759750
70.525000	0.5	11.777850
70.533333	0.5	11.785950
70.541667	0.5	11.808850
70.550000	0.5	11.821400
70.558333	0.5	11.810550
70.566667	0.5	11.823200
70.575000	0.5	11.816000
70.583333	0.5	11.812950
70.591667	0.5	11.811350
70.600000	0.5	11.806200
70.608333	0.5	11.793850
70.616667	0.5	11.782550
70.625000	0.5	11.765550
70.633333	0.5	11.747100
70.641667	0.5	11.723150
70.650000	0.5	11.717250
70.658333	0.5	11.681750
70.666667	0.5	11.655150
70.675000	0.5	11.620550
70.683333	0.5	11.589550
70.691667	0.5	11.564800
70.700000	0.5	11.520700
70.708333	0.5	11.489300
70.716667	0.5	11.454100
70.725000	0.5	11.416000
70.733333	0.5	11.394950
70.741667	0.5	11.358700
70.750000	0.5	11.312000
70.758333	0.5	11.287800
70.766667	0.5	11.249000
70.775000	0.5	11.224250
70.783333	0.5	11.184550
70.791667	0.5	11.169350
70.800000	0.5	11.125900
70.808333	0.5	11.094800
70.816667	0.5	11.082950
70.825000	0.5	11.058000
70.833333	0.5	11.044450
70.841667	0.5	11.022600
70.850000	0.5	11.018150
70.858333	0.5	11.000550
70.866667	0.5	10.983900
70.875000	0.5	10.972450
70.883333	0.5	10.960900
70.891667	0.5	10.957300
70.900000	0.5	10.949300
70.908333	0.5	10.938550
70.916667	0.5	10.944300
70.925000	0.5	10.944150
70.933333	0.5	10.946850
70.941667	0.5	10.941200
70.950000	0.5	10.946350
70.958333	0.5	10.956600
70.966667	0.5	10.944800
70.975000	0.5	10.950050
70.983333	0.5	10.951750
70.991667	0.5	10.962650
71.000000	0.5	10.968350
71.008333	0.5	10.973450
71.016667	0.5	10.984250
71.025000	0.5	10.987050
71.033333	0.5	10.985950
71.041667	0.5	10.995400
71.050000	0.5	10.991150
71.058333	0.5	10.998850
71.066667	0.5	11.003300
71.075000	0.5	11.004350
71.083333	0.5	11.013050
71.091667	0.5	11.021100
71.100000	0.5	11.022300
71.108333	0.5	11.035200
71.116667	0.5	11.040950
71.125000	0.5	11.034150
71.133333	0.5	11.049200
71.141667	0.5	11.055400
71.150000	0.5	11.057250
71.158333	0.5	11.063000
71.166667	0.5	11.068150
71.175000	0.5	11.077800
71.183333	0.5	11.072450
71.191667	0.5	11.075850
71.200000	0.5	11.085350
71.208333	0.5	11.086550
71.216667	0.5	11.106350
71.225000	0.5	11.096400
71.233333	0.5	11.091850
71.241667	0.5	11.107450
71.250000	0.5	11.110800
71.258333	0.5	11.112150
71.266667	0.5	11.122400
71.275000	0.5	11.111500
71.283333	0.5	11.123350
71.291667	0.5	11.132350
71.300000	0.5	11.139150
71.308333	0.5	11.149300
71.316667	0.5	11.154150
71.325000	0.5	11.153050
71.333333	0.5	11.161550
71.341667	0.5	11.158600
71.350000	0.5	11.163150
71.358333	0.5	11.164700
71.366667	0.5	11.167600
71.375000	0.5	11.169600
71.383333	0.5	11.176850
71.391667	0.5	11.182350
71.400000	0.5	11.185150
71.408333	0.5	11.186300
71.416667	0.5	11.183050
71.425000	0.5	11.190750
71.433333	0.5	11.191450
71.441667	0.5	11.209400
71.450000	0.5	11.201100
71.458333	0.5	11.207450
71.466667	0.5	11.213400
71.475000	0.5	11.223400
71.483333	0.5	11.223350
71.491667	0.5	11.227300
71.500000	0.5	11.240150
71.508333	0.5	11.242950
71.516667	0.5	11.245850
71.525000	0.5	11.251500
71.533333	0.5	11.249850
71.541667	0.5	11.258250
71.550000	0.5	11.263400
71.558333	0.5	11.276850
71.566667	0.5	11.272150
71.575000	0.5	11.282850
71.583333	0.5	11.286550
71.591667	0.5	11.297650
71.600000	0.5	11.306250
71.608333	0.5	11.300550
71.616667	0.5	11.314700
71.625000	0.5	11.308700
71.633333	0.5	11.320750
71.641667	0.5	11.321250
71.650000	0.5	11.331550
71.658333	0.5	11.334900
71.666667	0.5	11.339700
71.675000	0.5	11.339800
71.683333	0.5	11.346350
71.691667	0.5	11.345750
71.700000	0.5	11.355300
71.708333	0.5	11.350550
71.716667	0.5	11.354800
71.725000	0.5	11.360000
71.733333	0.5	11.357700
71.741667	0.5	11.355250
71.750000	0.5	11.354750
71.758333	0.5	11.345300
71.766667	0.5	11.358350
71.775000	0.5	11.357450
71.783333	0.5	11.353450
71.791667	0.5	11.351400
71.800000	0.5	11.345300
71.808333	0.5	11.342000
71.816667	0.5	11.347100
71.825000	0.5	11.331450
71.833333	0.5	11.331300
71.841667	0.5	11.332950
71.850000	0.5	11.337750
71.858333	0.5	11.324400
71.866667	0.5	11.318250
71.875000	0.5	11.339600
71.883333	0.5	11.328800
71.891667	0.5	11.328700
71.900000	0.5	11.325500
71.908333	0.5	11.328700
71.916667	0.5	11.328900
71.925000	0.5	11.335000
71.933333	0.5	11.337550
71.941667	0.5	11.354050
71.950000	0.5	11.369900
71.958333	0.5	11.381050
71.966667	0.5	11.404700
71.975000	0.5	11.420900
71.983333	0.5	11.428300
71.991667	0.5	11.444300
72.000000	0.5	11.456950
72.008333	0.5	11.486900
72.016667	0.5	11.510400
72.025000	0.5	11.538200
72.033333	0.5	11.555250
72.041667	0.5	11.583850
72.050000	0.5	11.597200
72.058333	0.5	11.632050
72.066667	0.5	11.661550
72.075000	0.5	11.686750
72.083333	0.5	11.701400
72.091667	0.5	11.723450
72.100000	0.5	11.748450
72.108333	0.5	11.767650
72.116667	0.5	11.789000
72.125000	0.5	11.799450
72.133333	0.5	11.821350
72.141667	0.5	11.835450
72.150000	0.5	11.845200
72.158333	0.5	11.850000
72.166667	0.5	11.868800
72.175000	0.5	11.869250
72.183333	0.5	11.879750
72.191667	0.5	11.872550
72.200000	0.5	11.876450
72.208333	0.5	11.869400
72.216667	0.5	11.880250
72.225000	0.5	11.868200
72.233333	0.5	11.852350
72.241667	0.5	11.841700
72.250000	0.5	11.827850
72.258333	0.5	11.820600
72.266667	0.5	11.796100
72.275000	0.5	11.773550
72.283333	0.5	11.758750
72.291667	0.5	11.734050
72.300000	0.5	11.711100
72.308333	0.5	11.686400
72.316667	0.5	11.654150
72.325000	0.5	11.638600
72.333333	0.5	11.605450
72.341667	0.5	11.569150
72.350000	0.5	11.541600
72.358333	0.5	11.503000
72.366667	0.5	11.481050
72.375000	0.5	11.447550
72.383333	0.5	11.413600
72.391667	0.5	11.372200
72.400000	0.5	11.338450
72.408333	0.5	11.310400
72.416667	0.5	11.286350
72.425000	0.5	11.246450
72.433333	0.5	11.223550
72.441667	0.5	11.195800
72.450000	0.5	11.176200
72.458333	0.5	11.161050
72.466667	0.5	11.128950
72.475000	0.5	11.108600
72.483333	0.5	11.082300
72.491667	0.5	11.060200
72.500000	0.5	11.052550
72.508333	0.5	11.036950
72.516667	0.5	11.019000
72.525000	0.5	11.003500
72.533333	0.5	10.993850
72.541667	0.5	10.991800
72.550000	0.5	10.979800
72.558333	0.5	10.968950
72.566667	0.5	10.961450
72.575000	0.5	10.958650
72.583333	0.5	10.946700
72.591667	0.5	10.935850
72.600000	0.5	10.927450
72.608333	0.5	10.928000
72.616667	0.5	10.916800
72.625000	0.5	10.930000
72.633333	0.5	10.922050
72.641667	0.5	10.916650
72.650000	0.5	10.909450
72.658333	0.5	10.909600
72.666667	0.5	10.889500
72.675000	0.5	10.892200
72.683333	0.5	10.891700
72.691667	0.5	10.884000
72.700000	0.5	10.888800
72.708333	0.5	10.872700
72.716667	0.5	10.878700
72.725000	0.5	10.878650
72.733333	0.5	10.883900
72.741667	0.5	10.879550
72.750000	0.5	10.886900
72.758333	0.5	10.877500
72.766667	0.5	10.871900
72.775000	0.5	10.877800
72.783333	0.5	10.884550
72.791667	0.5	10.884050
72.800000	0.5	10.886850
72.808333	0.5	10.893850
72.816667	0.5	10.916400
72.825000	0.5	10.902750
72.833333	0.5	10.915900
72.841667	0.5	10.925000
72.850000	0.5	10.928550
72.858333	0.5	10.938850
72.866667	0.5	10.939800
72.875000	0.5	10.949550
72.883333	0.5	10.962650
72.891667	0.5	10.957050
72.900000	0.5	10.967700
72.908333	0.5	10.973200
72.916667	0.5	10.980400
72.925000	0.5	10.999650
72.933333	0.5	11.011550
72.941667	0.5	11.021850
72.950000	0.5	11.030050
72.958333	0.5	11.041550
72.966667	0.5	11.046100
72.975000	0.5	11.034350
72.983333	0.5	11.046250
72.991667	0.5	11.057750
73.000000	0.5	11.057800
73.008333	0.5	11.060450
73.016667	0.5	11.079900
73.025000	0.5	11.096050
73.033333	0.5	11.102300
73.041667	0.5	11.095700
73.050000	0.5	11.121700
73.058333	0.5	11.112950
73.066667	0.5	11.125750
73.075000	0.5	11.145700
73.083333	0.5	11.152900
73.091667	0.5	11.157000
73.100000	0.5	11.181150
73.108333	0.5	11.192250
73.116667	0.5	11.207700
73.125000	0.5	11.231750
73.133333	0.5	11.258900
73.141667	0.5	11.270650
73.150000	0.5	11.304950
73.158333	0.5	11.330050
73.166667	0.5	11.360050
73.175000	0.5	11.382250
73.183333	0.5	11.420750
73.191667	0.5	11.449000
73.200000	0.5	11.481600
73.208333	0.5	11.522700
73.216667	0.5	11.560300
73.225000	0.5	11.605000
73.233333	0.5	11.672900
73.241667	0.5	11.684400
73.250000	0.5	11.733850
73.258333	0.5	11.765300
73.266667	0.5	11.805850
73.275000	0.5	11.850400
73.283333	0.5	11.891350
73.291667	0.5	11.933000
73.300000	0.5	11.961200
73.308333	0.5	12.002250
73.316667	0.5	12.048600
73.325000	0.5	12.072350
73.333333	0.5	12.107800
73.341667	0.5	12.134950
73.350000	0.5	12.165850
73.358333	0.5	12.185200
73.366667	0.5	12.210650
73.375000	0.5	12.230350
73.383333	0.5	12.252200
73.391667	0.5	12.271950
73.400000	0.5	12.293100
73.408333	0.5	12.313850
73.416667	0.5	12.346300
73.425000	0.5	12.350800
73.433333	0.5	12.379650
73.441667	0.5	12.421450
73.450000	0.5	12.435400
73.458333	0.5	12.460000
73.466667	0.5	12.485700
73.475000	0.5	12.523450
73.483333	0.5	12.559850
73.491667	0.5	12.583450
73.500000	0.5	12.639300
73.508333	0.5	12.679700
73.516667	0.5	12.718950
73.525000	0.5	12.759200
73.533333	0.5	12.797200
73.541667	0.5	12.847100
73.550000	0.5	12.884450
73.558333	0.5	12.913050
73.566667	0.5	12.957250
73.575000	0.5	12.993650
73.583333	0.5	13.016100
73.591667	0.5	13.052250
73.600000	0.5	13.075250
73.608333	0.5	13.096700
73.616667	0.5	13.119800
73.625000	0.5	13.144200
73.633333	0.5	13.166400
73.641667	0.5	13.181300
73.650000	0.5	13.163950
73.658333	0.5	13.170700
73.666667	0.5	13.184350
73.675000	0.5	13.188200
73.683333	0.5	13.171100
73.691667	0.5	13.173950
73.700000	0.5	13.159000
73.708333	0.5	13.142050
73.716667	0.5	13.123250
73.725000	0.5	13.093400
73.733333	0.5	13.058100
73.741667	0.5	13.023500
73.750000	0.5	12.989350
73.758333	0.5	12.942350
73.766667	0.5	12.891800
73.775000	0.5	12.849150
73.783333	0.5	12.793150
73.791667	0.5	12.738300
73.800000	0.5	12.667350
73.808333	0.5	12.610400
73.816667	0.5	12.532750
73.825000	0.5	12.454550
73.833333	0.5	12.391400
73.841667	0.5	12.303800
73.850000	0.5	12.232900
73.858333	0.5	12.145050
73.866667	0.5	12.070000
73.875000	0.5	11.977500
73.883333	0.5	11.917500
73.891667	0.5	11.832250
73.900000	0.5	11.752700
73.908333	0.5	11.677150
73.916667	0.5	11.591950
73.925000	0.5	11.511850
73.933333	0.5	11.441350
73.941667	0.5	11.385500
73.950000	0.5	11.317100
73.958333	0.5	11.258050
73.966667	0.5	11.202700
73.975000	0.5	11.146800
73.983333	0.5	11.109150
73.991667	0.5	11.076250
74.000000	0.5	11.013500
74.008333	0.5	10.978800
74.016667	0.5	10.949150
74.025000	0.5	10.916400
74.033333	0.5	10.883500
74.041667	0.5	10.854050
74.050000	0.5	10.832850
74.058333	0.5	10.820850
74.066667	0.5	10.793150
74.075000	0.5	10.777900
74.083333	0.5	10.762350
74.091667	0.5	10.751200
74.100000	0.5	10.731450
74.108333	0.5	10.718650
74.116667	0.5	10.705500
74.125000	0.5	10.700650
74.133333	0.5	10.683850
74.141667	0.5	10.669550
74.150000	0.5	10.660400
74.158333	0.5	10.652800
74.166667	0.5	10.644500
74.175000	0.5	10.630850
74.183333	0.5	10.618650
74.191667	0.5	10.615150
74.200000	0.5	10.588600
74.208333	0.5	10.582650
74.216667	0.5	10.563050
74.225000	0.5	10.546350
74.233333	0.5	10.533100
74.241667	0.5	10.548600
74.250000	0.5	10.506400
74.258333	0.5	10.492250
74.266667	0.5	10.478500
74.275000	0.5	10.466800
74.283333	0.5	10.449950
74.291667	0.5	10.438300
74.300000	0.5	10.430450
74.308333	0.5	10.411700
74.316667	0.5	10.403400
74.325000	0.5	10.409000
74.333333	0.5	10.378150
74.341667	0.5	10.359250
74.350000	0.5	10.348750
74.358333	0.5	10.337400
74.366667	0.5	10.329750
74.375000	0.5	10.327900
74.383333	0.5	10.308350
74.391667	0.5	10.303050
74.400000	0.5	10.283650
74.408333	0.5	10.267900
74.416667	0.5	10.257950
74.425000	0.5	10.253750
74.433333	0.5	10.240150
74.441667	0.5	10.225000
74.450000	0.5	10.211450
74.458333	0.5	10.203350
74.466667	0.5	10.199050
74.475000	0.5	10.202050
74.483333	0.5	10.169950
74.491667	0.5	10.164850
74.500000	0.5	10.157850
74.508333	0.5	10.147050
74.516667	0.5	10.129950
74.525000	0.5	10.129200
74.533333	0.5	10.117450
74.541667	0.5	10.111850
74.550000	0.5	10.106400
74.558333	0.5	10.102850
74.566667	0.5	10.105150
74.575000	0.5	10.095450
74.583333	0.5	10.083700
74.591667	0.5	10.087800
74.600000	0.5	10.087400
74.608333	0.5	10.078300
74.616667	0.5	10.085200
74.625000	0.5	10.078800
74.633333	0.5	10.101550
74.641667	0.5	10.089550
74.650000	0.5	10.107750
74.658333	0.5	10.113850
74.666667	0.5	10.110350
74.675000	0.5	10.124550
74.683333	0.5	10.138000
74.691667	0.5	10.152700
74.700000	0.5	10.174350
74.708333	0.5	10.199150
74.716667	0.5	10.222250
74.725000	0.5	10.249550
74.733333	0.5	10.274200
74.741667	0.5	10.308700
74.750000	0.5	10.345650
74.758333	0.5	10.380600
74.766667	0.5	10.420950
74.775000	0.5	10.460700
74.783333	0.5	10.504400
74.791667	0.5	10.551400
74.800000	0.5	10.600800
74.808333	0.5	10.649800
74.816667	0.5	10.697200
74.825000	0.5	10.752100
74.833333	0.5	10.800200
74.841667	0.5	10.867600
74.850000	0.5	10.930700
74.858333	0.5	10.993150
74.866667	0.5	11.054450
74.875000	0.5	11.111900
74.883333	0.5	11.175150
74.891667	0.5	11.231400
74.900000	0.5	11.306800
74.908333	0.5	11.373600
74.916667	0.5	11.433850
74.925000	0.5	11.495550
74.933333	0.5	11.563100
74.941667	0.5	11.630950
74.950000	0.5	11.695850
74.958333	0.5	11.768150
74.966667	0.5	11.823750
74.975000	0.5	11.883550
74.983333	0.5	11.943750
74.991667	0.5	11.997550
75.000000	0.5	12.049400
75.008333	0.5	12.100750
75.016667	0.5	12.149450
75.025000	0.5	12.200850
75.033333	0.5	12.248600
75.041667	0.5	12.290050
75.050000	0.5	12.327350
75.058333	0.5	12.360650
75.066667	0.5	12.385550
75.075000	0.5	12.411400
75.083333	0.5	12.442850
75.091667	0.5	12.457000
75.100000	0.5	12.469650
75.108333	0.5	12.486800
75.116667	0.5	12.487400
75.125000	0.5	12.495100
75.133333	0.5	12.491000
75.141667	0.5	12.497050
75.150000	0.5	12.482500
75.158333	0.5	12.492250
75.166667	0.5	12.447200
75.175000	0.5	12.436650
75.183333	0.5	12.406200
75.191667	0.5	12.381550
75.200000	0.5	12.346150
75.208333	0.5	12.304550
75.216667	0.5	12.259600
75.225000	0.5	12.221250
75.233333	0.5	12.168100
75.241667	0.5	12.116550
75.250000	0.5	12.051800
75.258333	0.5	12.007800
75.266667	0.5	11.929350
75.275000	0.5	11.860950
75.283333	0.5	11.790300
75.291667	0.5	11.709800
75.300000	0.5	11.635700
75.308333	0.5	11.557350
75.316667	0.5	11.476850
75.325000	0.5	11.413800
75.333333	0.5	11.313650
75.341667	0.5	11.240450
75.350000	0.5	11.158650
75.358333	0.5	11.091800
75.366667	0.5	11.013100
75.375000	0.5	10.938950
75.383333	0.5	10.867700
75.391667	0.5	10.804150
75.400000	0.5	10.734200
75.408333	0.5	10.674850
75.416667	0.5	10.617600
75.425000	0.5	10.563900
75.433333	0.5	10.519400
75.441667	0.5	10.472200
75.450000	0.5	10.432850
75.458333	0.5	10.391550
75.466667	0.5	10.352700
75.475000	0.5	10.325350
75.483333	0.5	10.284000
75.491667	0.5	10.269100
75.500000	0.5	10.239650
75.508333	0.5	10.222350
75.516667	0.5	10.197300
75.525000	0.5	10.181800
75.533333	0.5	10.166900
75.541667	0.5	10.145000
75.550000	0.5	10.129700
75.558333	0.5	10.117900
75.566667	0.5	10.099950
75.575000	0.5	10.096300
75.583333	0.5	10.085700
75.591667	0.5	10.064250
75.600000	0.5	10.056300
75.608333	0.5	10.075100
75.616667	0.5	10.039350
75.625000	0.5	10.024800
75.633333	0.5	10.014050
75.641667	0.5	10.030350
75.650000	0.5	10.000100
75.658333	0.5	9.984950
75.666667	0.5	9.986050
75.675000	0.5	9.967950
75.683333	0.5	9.958400
75.691667	0.5	9.940800
75.700000	0.5	9.937500
75.708333	0.5	9.935800
75.716667	0.5	9.920600
75.725000	0.5	9.911300
75.733333	0.5	9.908350
75.741667	0.5	9.892600
75.750000	0.5	9.906600
75.758333	0.5	9.872350
75.766667	0.5	9.868800
75.775000	0.5	9.859600
75.783333	0.5	9.856750
75.791667	0.5	9.846250
75.800000	0.5	9.842450
75.808333	0.5	9.853100
75.816667	0.5	9.826550
75.825000	0.5	9.828650
75.833333	0.5	9.824950
75.841667	0.5	9.812500
75.850000	0.5	9.805850
75.858333	0.5	9.796350
75.866667	0.5	9.799900
75.875000	0.5	9.792850
75.883333	0.5	9.791600
75.891667	0.5	9.786800
75.900000	0.5	9.798500
75.908333	0.5	9.791300
75.916667	0.5	9.784450
75.925000	0.5	9.783050
75.933333	0.5	9.778450
75.941667	0.5	9.778900
75.950000	0.5	9.786850
75.958333	0.5	9.768500
75.966667	0.5	9.777250
75.975000	0.5	9.780600
75.983333	0.5	9.770750
75.991667	0.5	9.789550
76.000000	0.5	9.785450
76.008333	0.5	9.785900
76.016667	0.5	9.786850
76.025000	0.5	9.784650
76.033333	0.5	9.792350
76.041667	0.5	9.784600
76.050000	0.5	9.787500
76.058333	0.5	9.793000
76.066667	0.5	9.800700
76.075000	0.5	9.802150
76.083333	0.5	9.803750
76.091667	0.5	9.817650
76.100000	0.5	9.837950
76.108333	0.5	9.834400
76.116667	0.5	9.834950
76.125000	0.5	9.847700
76.133333	0.5	9.875250
76.141667	0.5	9.862200
76.150000	0.5	9.880300
76.158333	0.5	9.894700
76.166667	0.5	9.919350
76.175000	0.5	9.935450
76.183333	0.5	9.950200
76.191667	0.5	9.983950
76.200000	0.5	10.019550
76.208333	0.5	10.045000
76.216667	0.5	10.077300
76.225000	0.5	10.120200
76.233333	0.5	10.161100
76.241667	0.5	10.204500
76.250000	0.5	10.251100
76.258333	0.5	10.309250
76.266667	0.5	10.370250
76.275000	0.5	10.432650
76.283333	0.5	10.490900
76.291667	0.5	10.567250
76.300000	0.5	10.639900
76.308333	0.5	10.712200
76.316667	0.5	10.803300
76.325000	0.5	10.885700
76.333333	0.5	10.972350
76.341667	0.5	11.053700
76.350000	0.5	11.143400
76.358333	0.5	11.228650
76.366667	0.5	11.308700
76.375000	0.5	11.402950
76.383333	0.5	11.491150
76.391667	0.5	11.586400
76.400000	0.5	11.648000
76.408333	0.5	11.721550
76.416667	0.5	11.802100
76.425000	0.5	11.867200
76.433333	0.5	11.937650
76.441667	0.5	11.992600
76.450000	0.5	12.050550
76.458333	0.5	12.104050
76.466667	0.5	12.159350
76.475000	0.5	12.196700
76.483333	0.5	12.226700
76.491667	0.5	12.256600
76.500000	0.5	12.283900
76.508333	0.5	12.297200
76.516667	0.5	12.331500
76.525000	0.5	12.338900
76.533333	0.5	12.339450
76.541667	0.5	12.355250
76.550000	0.5	12.348050
76.558333	0.5	12.341100
76.566667	0.5	12.342100
76.575000	0.5	12.322900
76.583333	0.5	12.306350
76.591667	0.5	12.287000
76.600000	0.5	12.251350
76.608333	0.5	12.214000
76.616667	0.5	12.176350
76.625000	0.5	12.144600
76.633333	0.5	12.087300
76.641667	0.5	12.035900
76.650000	0.5	11.977900
76.658333	0.5	11.918700
76.666667	0.5	11.873850
76.675000	0.5	11.801400
76.683333	0.5	11.733900
76.691667	0.5	11.657900
76.700000	0.5	11.586350
76.708333	0.5	11.508200
76.716667	0.5	11.426000
76.725000	0.5	11.353550
76.733333	0.5	11.290550
76.741667	0.5	11.187700
76.750000	0.5	11.126400
76.758333	0.5	11.072800
76.766667	0.5	10.982950
76.775000	0.5	10.908000
76.783333	0.5	10.835300
76.791667	0.5	10.761250
76.800000	0.5	10.701350
76.808333	0.5	10.631650
76.816667	0.5	10.577350
76.825000	0.5	10.518950
76.833333	0.5	10.473350
76.841667	0.5	10.420900
76.850000	0.5	10.376300
76.858333	0.5	10.339200
76.866667	0.5	10.294900
76.875000	0.5	10.262200
76.883333	0.5	10.222600
76.891667	0.5	10.199500
76.900000	0.5	10.172750
76.908333	0.5	10.138300
76.916667	0.5	10.119800
76.925000	0.5	10.098750
76.933333	0.5	10.073150
76.941667	0.5	10.049600
76.950000	0.5	10.039200
76.958333	0.5	10.017250
76.966667	0.5	10.001050
76.975000	0.5	9.995800
76.983333	0.5	9.972600
76.991667	0.5	9.962050
77.000000	0.5	9.944450
77.008333	0.5	9.933950
77.016667	0.5	9.921150
77.025000	0.5	9.908000
77.033333	0.5	9.893900
77.041667	0.5	9.880600
77.050000	0.5	9.879200
77.058333	0.5	9.861550
77.066667	0.5	9.860350
77.075000	0.5	9.848650
77.083333	0.5	9.835850
77.091667	0.5	9.826000
77.100000	0.5	9.818200
77.108333	0.5	9.811200
77.116667	0.5	9.801900
77.125000	0.5	9.797850
77.133333	0.5	9.789800
77.141667	0.5	9.788250
77.150000	0.5	9.789850
77.158333	0.5	9.800700
77.166667	0.5	9.780600
77.175000	0.5	9.770250
77.183333	0.5	9.770050
77.191667	0.5	9.772450
77.200000	0.5	9.771450
77.208333	0.5	9.778350
77.216667	0.5	9.779600
77.225000	0.5	9.784050
77.233333	0.5	9.790000
77.241667	0.5	9.789400
77.250000	0.5	9.793650
77.258333	0.5	9.800650
77.266667	0.5	9.803300
77.275000	0.5	9.800400
77.283333	0.5	9.813200
77.291667	0.5	9.820750
77.300000	0.5	9.820600
77.308333	0.5	9.821350
77.316667	0.5	9.826700
77.325000	0.5	9.823050
77.333333	0.5	9.847650
77.341667	0.5	9.863600
77.350000	0.5	9.867050
77.358333	0.5	9.872350
77.366667	0.5	9.881800
77.375000	0.5	9.889500
77.383333	0.5	9.904900
77.391667	0.5	9.908250
77.400000	0.5	9.917350
77.408333	0.5	9.943950
77.416667	0.5	9.948250
77.425000	0.5	9.964750
77.433333	0.5	9.984100
77.441667	0.5	10.007700
77.450000	0.5	10.015300
77.458333	0.5	10.045550
77.466667	0.5	10.068850
77.475000	0.5	10.106300
77.483333	0.5	10.109550
77.491667	0.5	10.145100
77.500000	0.5	10.182200
77.508333	0.5	10.198700
77.516667	0.5	10.235750
77.525000	0.5	10.266100
77.533333	0.5	10.309300
77.541667	0.5	10.350300
77.550000	0.5	10.390900
77.558333	0.5	10.439300
77.566667	0.5	10.504200
77.575000	0.5	10.545200
77.583333	0.5	10.601750
77.591667	0.5	10.659200
77.600000	0.5	10.723400
77.608333	0.5	10.781900
77.616667	0.5	10.865150
77.625000	0.5	10.935100
77.633333	0.5	11.008800
77.641667	0.5	11.082750
77.650000	0.5	11.164600
77.658333	0.5	11.234800
77.666667	0.5	11.322450
77.675000	0.5	11.406950
77.683333	0.5	11.485750
77.691667	0.5	11.563750
77.700000	0.5	11.641550
77.708333	0.5	11.726850
77.716667	0.5	11.802900
77.725000	0.5	11.874300
77.733333	0.5	11.951550
77.741667	0.5	12.011400
77.750000	0.5	12.073050
77.758333	0.5	12.144850
77.766667	0.5	12.195500
77.775000	0.5	12.259750
77.783333	0.5	12.307800
77.791667	0.5	12.353900
77.800000	0.5	12.384150
77.808333	0.5	12.427000
77.816667	0.5	12.460500
77.825000	0.5	12.485650
77.833333	0.5	12.509250
77.841667	0.5	12.532300
77.850000	0.5	12.553650
77.858333	0.5	12.560350
77.866667	0.5	12.565350
77.875000	0.5	12.561950
77.883333	0.5	12.561950
77.891667	0.5	12.552000
77.900000	0.5	12.539200
77.908333	0.5	12.532100
77.916667	0.5	12.516000
77.925000	0.5	12.479900
77.933333	0.5	12.450400
77.941667	0.5	12.443050
77.950000	0.5	12.380750
77.958333	0.5	12.334000
77.966667	0.5	12.277900
77.975000	0.5	12.223100
77.983333	0.5	12.172350
77.991667	0.5	12.116650
78.000000	0.5	12.050550
78.008333	0.5	11.987700
78.016667	0.5	11.915050
78.025000	0.5	11.837450
78.033333	0.5	11.776750
78.041667	0.5	11.668750
78.050000	0.5	11.590200
78.058333	0.5	11.498600
78.066667	0.5	11.412400
78.075000	0.5	11.322300
78.083333	0.5	11.234950
78.091667	0.5	11.143200
78.100000	0.5	11.052700
78.108333	0.5	10.960000
78.116667	0.5	10.871350
78.125000	0.5	10.758400
78.133333	0.5	10.674850
78.141667	0.5	10.582450
78.150000	0.5	10.497800
78.158333	0.5	10.408600
78.166667	0.5	10.320800
78.175000	0.5	10.242950
78.183333	0.5	10.161500
78.191667	0.5	10.076550
78.200000	0.5	10.008850
78.208333	0.5	9.929850
78.216667	0.5	9.869050
78.225000	0.5	9.798300
78.233333	0.5	9.727250
78.241667	0.5	9.678500
78.250000	0.5	9.607900
78.258333	0.5	9.544250
78.266667	0.5	9.484150
78.275000	0.5	9.429700
78.283333	0.5	9.386700
78.291667	0.5	9.333150
78.300000	0.5	9.280300
78.308333	0.5	9.230600
78.316667	0.5	9.183550
78.325000	0.5	9.139000
78.333333	0.5	9.103800
78.341667	0.5	9.056350
78.350000	0.5	9.019900
78.358333	0.5	8.993850
78.366667	0.5	8.960250
78.375000	0.5	8.921450
78.383333	0.5	8.896600
78.391667	0.5	8.862700
78.400000	0.5	8.835550
78.408333	0.5	8.818350
78.416667	0.5	8.791100
78.425000	0.5	8.758550
78.433333	0.5	8.739950
78.441667	0.5	8.726700
78.450000	0.5	8.710450
78.458333	0.5	8.693000
78.466667	0.5	8.663500
78.475000	0.5	8.663350
78.483333	0.5	8.651850
78.491667	0.5	8.641650
78.500000	0.5	8.644900
78.508333	0.5	8.630100
78.516667	0.5	8.634050
78.525000	0.5	8.646750
78.533333	0.5	8.633600
78.541667	0.5	8.628400
78.550000	0.5	8.632100
78.558333	0.5	8.636850
78.566667	0.5	8.635400
78.575000	0.5	8.650950
78.583333	0.5	8.661900
78.591667	0.5	8.670750
78.600000	0.5	8.675100
78.608333	0.5	8.688000
78.616667	0.5	8.696950
78.625000	0.5	8.702850
78.633333	0.5	8.733100
78.641667	0.5	8.736050
78.650000	0.5	8.751350
78.658333	0.5	8.772450
78.666667	0.5	8.792550
78.675000	0.5	8.805100
78.683333	0.5	8.822450
78.691667	0.5	8.833350
78.700000	0.5	8.856050
78.708333	0.5	8.871100
78.716667	0.5	8.901900
78.725000	0.5	8.917700
78.733333	0.5	8.942800
78.741667	0.5	8.958550
78.750000	0.5	8.989150
78.758333	0.5	8.998750
78.766667	0.5	9.036750
78.775000	0.5	9.046100
78.783333	0.5	9.063250
78.791667	0.5	9.089950
78.800000	0.5	9.115000
78.808333	0.5	9.136750
78.816667	0.5	9.166350
78.825000	0.5	9.186300
78.833333	0.5	9.221050
78.841667	0.5	9.271650
78.850000	0.5	9.278300
78.858333	0.5	9.312400
78.866667	0.5	9.345950
78.875000	0.5	9.391500
78.883333	0.5	9.428400
78.891667	0.5	9.479100
78.900000	0.5	9.531600
78.908333	0.5	9.572450
78.916667	0.5	9.623450
78.925000	0.5	9.678350
78.933333	0.5	9.746000
78.941667	0.5	9.808650
78.950000	0.5	9.874450
78.958333	0.5	9.962000
78.966667	0.5	10.030700
78.975000	0.5	10.119650
78.983333	0.5	10.215350
78.991667	0.5	10.291200
79.000000	0.5	10.380800
79.008333	0.5	10.471200
79.016667	0.5	10.578600
79.025000	0.5	10.673850
79.033333	0.5	10.760050
79.041667	0.5	10.874500
79.050000	0.5	10.946850
79.058333	0.5	11.050100
79.066667	0.5	11.135200
79.075000	0.5	11.234800
79.083333	0.5	11.323700
79.091667	0.5	11.396000
79.100000	0.5	11.478650
79.108333	0.5	11.553400
79.116667	0.5	11.615250
79.125000	0.5	11.684200
79.133333	0.5	11.740250
79.141667	0.5	11.790000
79.150000	0.5	11.831850
79.158333	0.5	11.876350
79.166667	0.5	11.917500
79.175000	0.5	11.948100
79.183333	0.5	11.970450
79.191667	0.5	11.976600
79.200000	0.5	11.988200
79.208333	0.5	11.993000
79.216667	0.5	11.998550
79.225000	0.5	11.988500
79.233333	0.5	11.977000
79.241667	0.5	11.962550
79.250000	0.5	11.934800
79.258333	0.5	11.904300
79.266667	0.5	11.861350
79.275000	0.5	11.829150
79.283333	0.5	11.786450
79.291667	0.5	11.730300
79.300000	0.5	11.671200
79.308333	0.5	11.609050
79.316667	0.5	11.544600
79.325000	0.5	11.484200
79.333333	0.5	11.418600
79.341667	0.5	11.356650
79.350000	0.5	11.290500
79.358333	0.5	11.217200
79.366667	0.5	11.142450
79.375000	0.5	11.076000
79.383333	0.5	10.997350
79.391667	0.5	10.923900
79.400000	0.5	10.855700
79.408333	0.5	10.789200
79.416667	0.5	10.722500
79.425000	0.5	10.652450
79.433333	0.5	10.596400
79.441667	0.5	10.545700
79.450000	0.5	10.495500
79.458333	0.5	10.444550
79.466667	0.5	10.394150
79.475000	0.5	10.348400
79.483333	0.5	10.300100
79.491667	0.5	10.269600
79.500000	0.5	10.225650
79.508333	0.5	10.208350
79.516667	0.5	10.165450
79.525000	0.5	10.136950
79.533333	0.5	10.124750
79.541667	0.5	10.096150
79.550000	0.5	10.071500
79.558333	0.5	10.058850
79.566667	0.5	10.044600
79.575000	0.5	10.025750
79.583333	0.5	10.002500
79.591667	0.5	9.998450
79.600000	0.5	9.984550
79.608333	0.5	9.968300
79.616667	0.5	9.958300
79.625000	0.5	9.949200
79.633333	0.5	9.944250
79.641667	0.5	9.931450
79.650000	0.5	9.917700
79.658333	0.5	9.915250
79.666667	0.5	9.902100
79.675000	0.5	9.890850
79.683333	0.5	9.879700
79.691667	0.5	9.866850
79.700000	0.5	9.854100
79.708333	0.5	9.845550
79.716667	0.5	9.841250
79.725000	0.5	9.831650
79.733333	0.5	9.821250
79.741667	0.5	9.819800
79.750000	0.5	9.791500
79.758333	0.5	9.785900
79.766667	0.5	9.777100
79.775000	0.5	9.760500
79.783333	0.5	9.757500
79.791667	0.5	9.740650
79.800000	0.5	9.731650
79.808333	0.5	9.725050
79.816667	0.5	9.731400
79.825000	0.5	9.719550
79.833333	0.5	9.702950
79.841667	0.5	9.706900
79.850000	0.5	9.684250
79.858333	0.5	9.674750
79.866667	0.5	9.672500
79.875000	0.5	9.656350
79.883333	0.5	9.646100
79.891667	0.5	9.638600
79.900000	0.5	9.624750
79.908333	0.5	9.612850
79.916667	0.5	9.601600
79.925000	0.5	9.598450
79.933333	0.5	9.596050
79.941667	0.5	9.583600
79.950000	0.5	9.567450
79.958333	0.5	9.563050
79.966667	0.5	9.554150
79.975000	0.5	9.545100
79.983333	0.5	9.542800
79.991667	0.5	9.528300
80.000000	0.5	9.524300
80.008333	0.5	9.504950
80.016667	0.5	9.497650
80.025000	0.5	9.493150
80.033333	0.5	9.483650
80.041667	0.5	9.469100
80.050000	0.5	9.466700
80.058333	0.5	9.459150
80.066667	0.5	9.458250
80.075000	0.5	9.450000
80.083333	0.5	9.457600
80.091667	0.5	9.448350
80.100000	0.5	9.457650
80.108333	0.5	9.467600
80.116667	0.5	9.459250
80.125000	0.5	9.473600
80.133333	0.5	9.480550
80.141667	0.5	9.502500
80.150000	0.5	9.513200
80.158333	0.5	9.540300
80.166667	0.5	9.559750
80.175000	0.5	9.590050
80.183333	0.5	9.630100
80.191667	0.5	9.662150
80.200000	0.5	9.700100
80.208333	0.5	9.750950
80.216667	0.5	9.801350
80.225000	0.5	9.853400
80.233333	0.5	9.914200
80.241667	0.5	9.970700
80.250000	0.5	10.035000
80.258333	0.5	10.101850
80.266667	0.5	10.159500
80.275000	0.5	10.229150
80.283333	0.5	10.302800
80.291667	0.5	10.378250
80.300000	0.5	10.445150
80.308333	0.5	10.509250
80.316667	0.5	10.572400
80.325000	0.5	10.647400
80.333333	0.5	10.696850
80.341667	0.5	10.761400
80.350000	0.5	10.828200
80.358333	0.5	10.882600
80.366667	0.5	10.944600
80.375000	0.5	10.984900
80.383333	0.5	11.047000
80.391667	0.5	11.075850
80.400000	0.5	11.124350
80.408333	0.5	11.165950
80.416667	0.5	11.187150
80.425000	0.5	11.217650
80.433333	0.5	11.245350
80.441667	0.5	11.254450
80.450000	0.5	11.275900
80.458333	0.5	11.276850
80.466667	0.5	11.281800
80.475000	0.5	11.278450
80.483333	0.5	11.283600
80.491667	0.5	11.279650
80.500000	0.5	11.261850
80.508333	0.5	11.240900
80.516667	0.5	11.218400
80.525000	0.5	11.185900
80.533333	0.5	11.164100
80.541667	0.5	11.126050
80.550000	0.5	11.091000
80.558333	0.5	11.054850
80.566667	0.5	11.004200
80.575000	0.5	10.961700
80.583333	0.5	10.914400
80.591667	0.5	10.866050
80.600000	0.5	10.824600
80.608333	0.5	10.764500
80.616667	0.5	10.702200
80.625000	0.5	10.655450
80.633333	0.5	10.589750
80.641667	0.5	10.542300
80.650000	0.5	10.498750
80.658333	0.5	10.421700
80.666667	0.5	10.369950
80.675000	0.5	10.322200
80.683333	0.5	10.274200
80.691667	0.5	10.224250
80.700000	0.5	10.177500
80.708333	0.5	10.136550
80.716667	0.5	10.099550
80.725000	0.5	10.044500
80.733333	0.5	10.013200
80.741667	0.5	9.972600
80.750000	0.5	9.953300
80.758333	0.5	9.919350
80.766667	0.5	9.881500
80.775000	0.5	9.863500
80.783333	0.5	9.834900
80.791667	0.5	9.822250
80.800000	0.5	9.793500
80.808333	0.5	9.788250
80.816667	0.5	9.753350
80.825000	0.5	9.746850
80.833333	0.5	9.728600
80.841667	0.5	9.717900
80.850000	0.5	9.706600
80.858333	0.5	9.693550
80.866667	0.5	9.668600
80.875000	0.5	9.661100
80.883333	0.5	9.647400
80.891667	0.5	9.646750
80.900000	0.5	9.648000
80.908333	0.5	9.641300
80.916667	0.5	9.625050
80.925000	0.5	9.614600
80.933333	0.5	9.616850
80.941667	0.5	9.597150
80.950000	0.5	9.582800
80.958333	0.5	9.578150
80.966667	0.5	9.574550
80.975000	0.5	9.567050
80.983333	0.5	9.553750
80.991667	0.5	9.539900
81.000000	0.5	9.540450
81.008333	0.5	9.536950
81.016667	0.5	9.519450
81.025000	0.5	9.508450
81.033333	0.5	9.509850
81.041667	0.5	9.500050
81.050000	0.5	9.483800
81.058333	0.5	9.479850
81.066667	0.5	9.470350
81.075000	0.5	9.472350
81.083333	0.5	9.463450
81.091667	0.5	9.461600
81.100000	0.5	9.451250
81.108333	0.5	9.443700
81.116667	0.5	9.439050
81.125000	0.5	9.427250
81.133333	0.5	9.424850
81.141667	0.5	9.423900
81.150000	0.5	9.419800
81.158333	0.5	9.414200
81.166667	0.5	9.419300
81.175000	0.5	9.413500
81.183333	0.5	9.403900
81.191667	0.5	9.407000
81.200000	0.5	9.408750
81.208333	0.5	9.410200
81.216667	0.5	9.404550
81.225000	0.5	9.398750
81.233333	0.5	9.404700
81.241667	0.5	9.415350
81.250000	0.5	9.396350
81.258333	0.5	9.416850
81.266667	0.5	9.406650
81.275000	0.5	9.406950
81.283333	0.5	9.422300
81.291667	0.5	9.432550
81.300000	0.5	9.445400
81.308333	0.5	9.457100
81.316667	0.5	9.459700
81.325000	0.5	9.492350
81.333333	0.5	9.510350
81.341667	0.5	9.517050
81.350000	0.5	9.544200
81.358333	0.5	9.573600
81.366667	0.5	9.608050
81.375000	0.5	9.622950
81.383333	0.5	9.667700
81.391667	0.5	9.706600
81.400000	0.5	9.749250
81.408333	0.5	9.787600
81.416667	0.5	9.833800
81.425000	0.5	9.891950
81.433333	0.5	9.944200
81.441667	0.5	9.996250
81.450000	0.5	10.056000
81.458333	0.5	10.129850
81.466667	0.5	10.187950
81.475000	0.5	10.252350
81.483333	0.5	10.320250
81.491667	0.5	10.391400
81.500000	0.5	10.453750
81.508333	0.5	10.506900
81.516667	0.5	10.587200
81.525000	0.5	10.646000
81.533333	0.5	10.719450
81.541667	0.5	10.786300
81.550000	0.5	10.833850
81.558333	0.5	10.893000
81.566667	0.5	10.933900
81.575000	0.5	11.000700
81.583333	0.5	11.052350
81.591667	0.5	11.082100
81.600000	0.5	11.134300
81.608333	0.5	11.155250
81.616667	0.5	11.203950
81.625000	0.5	11.230850
81.633333	0.5	11.242300
81.641667	0.5	11.267050
81.650000	0.5	11.290300
81.658333	0.5	11.296350
81.666667	0.5	11.332650
81.675000	0.5	11.302650
81.683333	0.5	11.302850
81.691667	0.5	11.292000
81.700000	0.5	11.279250
81.708333	0.5	11.264950
81.716667	0.5	11.243250
81.725000	0.5	11.217800
81.733333	0.5	11.207200
81.741667	0.5	11.172100
81.750000	0.5	11.141500
81.758333	0.5	11.098400
81.766667	0.5	11.056450
81.775000	0.5	11.020450
81.783333	0.5	10.983600
81.791667	0.5	10.936400
81.800000	0.5	10.897700
81.808333	0.5	10.848150
81.816667	0.5	10.802050
81.825000	0.5	10.757350
81.833333	0.5	10.708650
81.841667	0.5	10.653700
81.850000	0.5	10.609550
81.858333	0.5	10.560900
81.866667	0.5	10.512700
81.875000	0.5	10.461450
81.883333	0.5	10.416550
81.891667	0.5	10.367350
81.900000	0.5	10.317150
81.908333	0.5	10.279500
81.916667	0.5	10.235150
81.925000	0.5	10.197050
81.933333	0.5	10.166550
81.941667	0.5	10.120400
81.950000	0.5	10.085750
81.958333	0.5	10.063100
81.966667	0.5	10.025400
81.975000	0.5	10.000150
81.983333	0.5	9.976250
81.991667	0.5	9.944000
82.000000	0.5	9.922800
82.008333	0.5	9.907800
82.016667	0.5	9.881700
82.025000	0.5	9.861150
82.033333	0.5	9.850550
82.041667	0.5	9.827800
82.050000	0.5	9.811050
82.058333	0.5	9.791700
82.066667	0.5	9.787300
82.075000	0.5	9.772300
82.083333	0.5	9.757600
82.091667	0.5	9.749400
82.100000	0.5	9.741650
82.108333	0.5	9.728650
82.116667	0.5	9.718950
82.125000	0.5	9.713050
82.133333	0.5	9.717600
82.141667	0.5	9.702550
82.150000	0.5	9.688750
82.158333	0.5	9.683950
82.166667	0.5	9.679200
82.175000	0.5	9.675900
82.183333	0.5	9.672600
82.191667	0.5	9.672850
82.200000	0.5	9.683400
82.208333	0.5	9.663300
82.216667	0.5	9.660150
82.225000	0.5	9.653650
82.233333	0.5	9.654150
82.241667	0.5	9.649250
82.250000	0.5	9.652000
82.258333	0.5	9.653650
82.266667	0.5	9.652900
82.275000	0.5	9.657600
82.283333	0.5	9.641700
82.291667	0.5	9.646050
82.300000	0.5	9.654850
82.308333	0.5	9.643550
82.316667	0.5	9.651600
82.325000	0.5	9.649050
82.333333	0.5	9.650250
82.341667	0.5	9.660550
82.350000	0.5	9.665100
82.358333	0.5	9.664100
82.366667	0.5	9.659950
82.375000	0.5	9.665550
82.383333	0.5	9.665200
82.391667	0.5	9.666850
82.400000	0.5	9.672050
82.408333	0.5	9.681000
82.416667	0.5	9.691100
82.425000	0.5	9.689750
82.433333	0.5	9.696500
82.441667	0.5	9.708400
82.450000	0.5	9.721250
82.458333	0.5	9.743550
82.466667	0.5	9.745650
82.475000	0.5	9.763500
82.483333	0.5	9.767700
82.491667	0.5	9.785300
82.500000	0.5	9.810150
82.508333	0.5	9.836200
82.516667	0.5	9.864000
82.525000	0.5	9.893250
82.533333	0.5	9.922650
82.541667	0.5	9.963400
82.550000	0.5	9.998850
82.558333	0.5	10.037000
82.566667	0.5	10.072350
82.575000	0.5	10.126450
82.583333	0.5	10.163950
82.591667	0.5	10.217950
82.600000	0.5	10.273450
82.608333	0.5	10.324700
82.616667	0.5	10.377450
82.625000	0.5	10.436150
82.633333	0.5	10.490950
82.641667	0.5	10.549050
82.650000	0.5	10.617550
82.658333	0.5	10.681350
82.666667	0.5	10.735950
82.675000	0.5	10.795250
82.683333	0.5	10.841000
82.691667	0.5	10.893100
82.700000	0.5	10.946650
82.708333	0.5	11.005200
82.716667	0.5	11.044850
82.725000	0.5	11.089300
82.733333	0.5	11.138450
82.741667	0.5	11.169850
82.750000	0.5	11.212700
82.758333	0.5	11.245150
82.766667	0.5	11.273550
82.775000	0.5	11.301050
82.783333	0.5	11.315100
82.791667	0.5	11.333900
82.800000	0.5	11.360850
82.808333	0.5	11.359450
82.816667	0.5	11.368150
82.825000	0.5	11.368450
82.833333	0.5	11.376950
82.841667	0.5	11.366950
82.850000	0.5	11.364700
82.858333	0.5	11.353250
82.866667	0.5	11.345300
82.875000	0.5	11.326000
82.883333	0.5	11.317900
82.891667	0.5	11.290750
82.900000	0.5	11.269250
82.908333	0.5	11.245550
82.916667	0.5	11.235450
82.925000	0.5	11.188050
82.933333	0.5	11.160700
82.941667	0.5	11.119450
82.950000	0.5	11.086200
82.958333	0.5	11.057350
82.966667	0.5	11.024550
82.975000	0.5	10.989200
82.983333	0.5	10.944300
82.991667	0.5	10.910800
83.000000	0.5	10.871250
83.008333	0.5	10.829400
83.016667	0.5	10.786950
83.025000	0.5	10.747600
83.033333	0.5	10.703550
83.041667	0.5	10.668300
83.050000	0.5	10.629100
83.058333	0.5	10.585900
83.066667	0.5	10.551800
83.075000	0.5	10.511250
83.083333	0.5	10.475000
83.091667	0.5	10.438450
83.100000	0.5	10.400500
83.108333	0.5	10.376650
83.116667	0.5	10.328750
83.125000	0.5	10.298200
83.133333	0.5	10.268650
83.141667	0.5	10.236900
83.150000	0.5	10.200350
83.158333	0.5	10.177850
83.166667	0.5	10.148100
83.175000	0.5	10.124200
83.183333	0.5	10.096050
83.191667	0.5	10.070850
83.200000	0.5	10.050700
83.208333	0.5	10.022950
83.216667	0.5	10.001350
83.225000	0.5	9.984150
83.233333	0.5	9.956450
83.241667	0.5	9.936450
83.250000	0.5	9.923400
83.258333	0.5	9.898650
83.266667	0.5	9.891750
83.275000	0.5	9.878250
83.283333	0.5	9.857950
83.291667	0.5	9.839100
83.300000	0.5	9.829150
83.308333	0.5	9.838200
83.316667	0.5	9.793650
83.325000	0.5	9.792400
83.333333	0.5	9.775200
83.341667	0.5	9.764100
83.350000	0.5	9.748100
83.358333	0.5	9.735850
83.366667	0.5	9.728900
83.375000	0.5	9.725550
83.383333	0.5	9.715900
83.391667	0.5	9.705950
83.400000	0.5	9.688900
83.408333	0.5	9.680400
83.416667	0.5	9.671550
83.425000	0.5	9.664350
83.433333	0.5	9.655300
83.441667	0.5	9.661850
83.450000	0.5	9.645950
83.458333	0.5	9.648250
83.466667	0.5	9.642350
83.475000	0.5	9.638000
83.483333	0.5	9.634950
83.491667	0.5	9.640450
83.500000	0.5	9.623600
83.508333	0.5	9.625600
83.516667	0.5	9.613800
83.525000	0.5	9.619950
83.533333	0.5	9.616900
83.541667	0.5	9.628250
83.550000	0.5	9.630900
83.558333	0.5	9.630850
83.566667	0.5	9.633700
83.575000	0.5	9.633400
83.583333	0.5	9.650150
83.591667	0.5	9.643650
83.600000	0.5	9.663550
83.608333	0.5	9.662800
83.616667	0.5	9.675100
83.625000	0.5	9.701400
83.633333	0.5	9.708650
83.641667	0.5	9.723750
83.650000	0.5	9.750400
83.658333	0.5	9.773700
83.666667	0.5	9.798350
83.675000	0.5	9.836450
83.683333	0.5	9.847750
83.691667	0.5	9.881900
83.700000	0.5	9.920950
83.708333	0.5	9.951650
83.716667	0.5	9.985900
83.725000	0.5	10.027200
83.733333	0.5	10.070050
83.741667	0.5	10.091100
83.750000	0.5	10.152000
83.758333	0.5	10.197100
83.766667	0.5	10.245850
83.775000	0.5	10.279100
83.783333	0.5	10.333600
83.791667	0.5	10.371800
83.800000	0.5	10.419800
83.808333	0.5	10.441400
83.816667	0.5	10.487000
83.825000	0.5	10.522850
83.833333	0.5	10.548700
83.841667	0.5	10.586250
83.850000	0.5	10.622050
83.858333	0.5	10.653950
83.866667	0.5	10.664550
83.875000	0.5	10.693250
83.883333	0.5	10.709150
83.891667	0.5	10.720300
83.900000	0.5	10.724450
83.908333	0.5	10.748750
83.916667	0.5	10.739300
83.925000	0.5	10.742700
83.933333	0.5	10.743150
83.941667	0.5	10.742550
83.950000	0.5	10.733850
83.958333	0.5	10.725400
83.966667	0.5	10.702700
83.975000	0.5	10.685400
83.983333	0.5	10.669300
83.991667	0.5	10.647700
84.000000	0.5	10.632700
84.008333	0.5	10.609550
84.016667	0.5	10.574050
84.025000	0.5	10.546200
84.033333	0.5	10.516550
84.041667	0.5	10.488550
84.050000	0.5	10.468100
84.058333	0.5	10.442550
84.066667	0.5	10.398450
84.075000	0.5	10.359850
84.083333	0.5	10.335050
84.091667	0.5	10.291200
84.100000	0.5	10.253700
84.108333	0.5	10.223300
84.116667	0.5	10.201600
84.125000	0.5	10.149100
84.133333	0.5	10.116100
84.141667	0.5	10.077850
84.150000	0.5	10.040450
84.158333	0.5	10.006450
84.166667	0.5	9.971350
84.175000	0.5	9.939400
84.183333	0.5	9.902900
84.191667	0.5	9.859400
84.200000	0.5	9.823600
84.208333	0.5	9.793700
84.216667	0.5	9.749200
84.225000	0.5	9.717850
84.233333	0.5	9.690100
84.241667	0.5	9.654150
84.250000	0.5	9.611450
84.258333	0.5	9.587050
84.266667	0.5	9.550750
84.275000	0.5	9.520350
84.283333	0.5	9.494750
84.291667	0.5	9.488500
84.300000	0.5	9.425750
84.308333	0.5	9.395700
84.316667	0.5	9.373300
84.325000	0.5	9.356150
84.333333	0.5	9.322650
84.341667	0.5	9.301950
84.350000	0.5	9.277750
84.358333	0.5	9.266900
84.366667	0.5	9.246650
84.375000	0.5	9.217600
84.383333	0.5	9.202600
84.391667	0.5	9.199750
84.400000	0.5	9.166950
84.408333	0.5	9.166300
84.416667	0.5	9.142250
84.425000	0.5	9.136350
84.433333	0.5	9.123850
84.441667	0.5	9.121100
84.450000	0.5	9.115400
84.458333	0.5	9.103500
84.466667	0.5	9.105950
84.475000	0.5	9.096050
84.483333	0.5	9.093550
84.491667	0.5	9.093200
84.500000	0.5	9.091300
84.508333	0.5	9.090600
84.516667	0.5	9.094900
84.525000	0.5	9.102200
84.533333	0.5	9.110750
84.541667	0.5	9.105050
84.550000	0.5	9.113300
84.558333	0.5	9.114900
84.566667	0.5	9.121750
84.575000	0.5	9.135850
84.583333	0.5	9.127950
84.591667	0.5	9.156550
84.600000	0.5	9.160350
84.608333	0.5	9.161350
84.616667	0.5	9.186100
84.625000	0.5	9.191650
84.633333	0.5	9.200950
84.641667	0.5	9.224750
84.650000	0.5	9.238800
84.658333	0.5	9.257750
84.666667	0.5	9.283850
84.675000	0.5	9.297950
84.683333	0.5	9.316700
84.691667	0.5	9.338200
84.700000	0.5	9.371150
84.708333	0.5	9.394500
84.716667	0.5	9.429650
84.725000	0.5	9.446950
84.733333	0.5	9.483650
84.741667	0.5	9.510550
84.750000	0.5	9.541750
84.758333	0.5	9.589700
84.766667	0.5	9.617000
84.775000	0.5	9.674950
84.783333	0.5	9.707750
84.791667	0.5	9.748000
84.800000	0.5	9.795950
84.808333	0.5	9.841650
84.816667	0.5	9.893650
84.825000	0.5	9.937800
84.833333	0.5	9.988750
84.841667	0.5	10.043450
84.850000	0.5	10.087000
84.858333	0.5	10.136750
84.866667	0.5	10.199050
84.875000	0.5	10.241200
84.883333	0.5	10.284650
84.891667	0.5	10.336850
84.900000	0.5	10.378000
84.908333	0.5	10.418850
84.916667	0.5	10.458350
84.925000	0.5	10.490000
84.933333	0.5	10.525850
84.941667	0.5	10.564550
84.950000	0.5	10.594650
84.958333	0.5	10.628200
84.966667	0.5	10.648300
84.975000	0.5	10.663650
84.983333	0.5	10.685300
84.991667	0.5	10.679400
85.000000	0.5	10.685850
85.008333	0.5	10.697500
85.016667	0.5	10.702650
85.025000	0.5	10.695700
85.033333	0.5	10.700250
85.041667	0.5	10.692650
85.050000	0.5	10.691050
85.058333	0.5	10.681400
85.066667	0.5	10.677500
85.075000	0.5	10.656700
85.083333	0.5	10.640450
85.091667	0.5	10.639450
85.100000	0.5	10.608950
85.108333	0.5	10.611050
85.116667	0.5	10.571200
85.125000	0.5	10.555700
85.133333	0.5	10.523200
85.141667	0.5	10.513150
85.150000	0.5	10.480300
85.158333	0.5	10.471200
85.166667	0.5	10.450900
85.175000	0.5	10.418550
85.183333	0.5	10.407050
85.191667	0.5	10.392100
85.200000	0.5	10.356300
85.208333	0.5	10.341900
85.216667	0.5	10.303600
85.225000	0.5	10.283300
85.233333	0.5	10.274950
85.241667	0.5	10.252000
85.250000	0.5	10.241700
85.258333	0.5	10.205500
85.266667	0.5	10.173750
85.275000	0.5	10.167350
85.283333	0.5	10.142350
85.291667	0.5	10.129900
85.300000	0.5	10.099400
85.308333	0.5	10.096900
85.316667	0.5	10.051200
85.325000	0.5	10.034050
85.333333	0.5	10.017700
85.341667	0.5	9.987650
85.350000	0.5	9.958550
85.358333	0.5	9.934700
85.366667	0.5	9.912900
85.375000	0.5	9.899400
85.383333	0.5	9.873250
85.391667	0.5	9.850250
85.400000	0.5	9.821700
85.408333	0.5	9.798400
85.416667	0.5	9.771350
85.425000	0.5	9.758200
85.433333	0.5	9.732450
85.441667	0.5	9.719300
85.450000	0.5	9.700300
85.458333	0.5	9.682850
85.466667	0.5	9.668650
85.475000	0.5	9.647650
85.483333	0.5	9.633400
85.491667	0.5	9.619200
85.500000	0.5	9.594900
85.508333	0.5	9.585350
85.516667	0.5	9.570900
85.525000	0.5	9.551050
85.533333	0.5	9.550800
85.541667	0.5	9.541000
85.550000	0.5	9.524100
85.558333	0.5	9.525900
85.566667	0.5	9.519000
85.575000	0.5	9.521400
85.583333	0.5	9.525650
85.591667	0.5	9.498800
85.600000	0.5	9.512350
85.608333	0.5	9.489450
85.616667	0.5	9.507450
85.625000	0.5	9.511400
85.633333	0.5	9.506350
85.641667	0.5	9.515650
85.650000	0.5	9.510400
85.658333	0.5	9.543950
85.666667	0.5	9.521200
85.675000	0.5	9.548800
85.683333	0.5	9.538200
85.691667	0.5	9.551450
85.700000	0.5	9.561350
85.708333	0.5	9.593500
85.716667	0.5	9.587700
85.725000	0.5	9.602100
85.733333	0.5	9.627550
85.741667	0.5	9.633250
85.750000	0.5	9.649800
85.758333	0.5	9.674750
85.766667	0.5	9.697600
85.775000	0.5	9.731300
85.783333	0.5	9.740550
85.791667	0.5	9.778200
85.800000	0.5	9.805050
85.808333	0.5	9.845100
85.816667	0.5	9.856600
85.825000	0.5	9.901800
85.833333	0.5	9.901900
85.841667	0.5	9.954900
85.850000	0.5	9.997050
85.858333	0.5	10.050000
85.866667	0.5	10.083900
85.875000	0.5	10.121850
85.883333	0.5	10.175400
85.891667	0.5	10.206650
85.900000	0.5	10.256250
85.908333	0.5	10.285350
85.916667	0.5	10.312750
85.925000	0.5	10.370400
85.933333	0.5	10.402350
85.941667	0.5	10.439300
85.950000	0.5	10.480800
85.958333	0.5	10.511300
85.966667	0.5	10.544050
85.975000	0.5	10.582950
85.983333	0.5	10.596700
85.991667	0.5	10.616200
86.000000	0.5	10.628000
86.008333	0.5	10.647300
86.016667	0.5	10.654550
86.025000	0.5	10.671450
86.033333	0.5	10.690450
86.041667	0.5	10.687800
86.050000	0.5	10.691450
86.058333	0.5	10.706850
86.066667	0.5	10.708600
86.075000	0.5	10.691150
86.083333	0.5	10.694550
86.091667	0.5	10.689850
86.100000	0.5	10.648900
86.108333	0.5	10.637950
86.116667	0.5	10.636300
86.125000	0.5	10.609350
86.133333	0.5	10.583600
86.141667	0.5	10.583250
86.150000	0.5	10.550050
86.158333	0.5	10.543700
86.166667	0.5	10.511000
86.175000	0.5	10.490700
86.183333	0.5	10.475750
86.191667	0.5	10.450750
86.200000	0.5	10.427050
86.208333	0.5	10.403000
86.216667	0.5	10.383650
86.225000	0.5	10.363400
86.233333	0.5	10.353000
86.241667	0.5	10.339100
86.250000	0.5	10.317500
86.258333	0.5	10.303200
86.266667	0.5	10.286100
86.275000	0.5	10.263300
86.283333	0.5	10.253700
86.291667	0.5	10.247000
86.300000	0.5	10.221250
86.308333	0.5	10.208100
86.316667	0.5	10.194600
86.325000	0.5	10.188250
86.333333	0.5	10.174450
86.341667	0.5	10.158250
86.350000	0.5	10.147000
86.358333	0.5	10.125250
86.366667	0.5	10.120550
86.375000	0.5	10.112750
86.383333	0.5	10.091750
86.391667	0.5	10.074600
86.400000	0.5	10.044150
86.408333	0.5	10.039100
86.416667	0.5	10.022900
86.425000	0.5	10.004900
86.433333	0.5	9.992750
86.441667	0.5	9.977700
86.450000	0.5	9.960600
86.458333	0.5	9.940600
86.466667	0.5	9.932400
86.475000	0.5	9.905100
86.483333	0.5	9.875200
86.491667	0.5	9.874950
86.500000	0.5	9.867550
86.508333	0.5	9.835000
86.516667	0.5	9.817100
86.525000	0.5	9.817050
86.533333	0.5	9.801050
86.541667	0.5	9.792000
86.550000	0.5	9.766450
86.558333	0.5	9.759300
86.566667	0.5	9.752550
86.575000	0.5	9.749500
86.583333	0.5	9.741600
86.591667	0.5	9.721650
86.600000	0.5	9.719250
86.608333	0.5	9.730000
86.616667	0.5	9.721900
86.625000	0.5	9.709550
86.633333	0.5	9.714250
86.641667	0.5	9.705300
86.650000	0.5	9.710150
86.658333	0.5	9.715000
86.666667	0.5	9.697000
86.675000	0.5	9.716500
86.683333	0.5	9.717450
86.691667	0.5	9.736050
86.700000	0.5	9.737750
86.708333	0.5	9.740600
86.716667	0.5	9.751150
86.725000	0.5	9.765700
86.733333	0.5	9.776950
86.741667	0.5	9.804200
86.750000	0.5	9.810450
86.758333	0.5	9.818400
86.766667	0.5	9.834050
86.775000	0.5	9.881000
86.783333	0.5	9.898600
86.791667	0.5	9.916150
86.800000	0.5	9.949100
86.808333	0.5	9.983250
86.816667	0.5	10.021800
86.825000	0.5	10.071700
86.833333	0.5	10.086400
86.841667	0.5	10.131350
86.850000	0.5	10.165750
86.858333	0.5	10.207650
86.866667	0.5	10.253300
86.875000	0.5	10.308850
86.883333	0.5	10.342700
86.891667	0.5	10.401250
86.900000	0.5	10.437850
86.908333	0.5	10.488900
86.916667	0.5	10.541350
86.925000	0.5	10.597900
86.933333	0.5	10.637350
86.941667	0.5	10.684800
86.950000	0.5	10.726050
86.958333	0.5	10.763100
86.966667	0.5	10.797500
86.975000	0.5	10.837750
86.983333	0.5	10.887350
86.991667	0.5	10.916300
87.000000	0.5	10.957450
87.008333	0.5	10.974050
87.016667	0.5	10.998150
87.025000	0.5	11.028850
87.033333	0.5	11.050300
87.041667	0.5	11.068250
87.050000	0.5	11.077000
87.058333	0.5	11.091100
87.066667	0.5	11.090950
87.075000	0.5	11.124100
87.083333	0.5	11.126600
87.091667	0.5	11.111150
87.100000	0.5	11.111600
87.108333	0.5	11.122250
87.116667	0.5	11.109400
87.125000	0.5	11.110750
87.133333	0.5	11.104300
87.141667	0.5	11.088200
87.150000	0.5	11.081850
87.158333	0.5	11.068750
87.166667	0.5	11.052500
87.175000	0.5	11.040300
87.183333	0.5	11.033300
87.191667	0.5	11.023500
87.200000	0.5	11.005900
87.208333	0.5	10.994250
87.216667	0.5	10.976550
87.225000	0.5	10.967000
87.233333	0.5	10.945850
87.241667	0.5	10.931950
87.250000	0.5	10.920000
87.258333	0.5	10.902950
87.266667	0.5	10.885000
87.275000	0.5	10.884650
87.283333	0.5	10.864350
87.291667	0.5	10.845350
87.300000	0.5	10.835700
87.308333	0.5	10.833950
87.316667	0.5	10.812750
87.325000	0.5	10.808750
87.333333	0.5	10.795250
87.341667	0.5	10.777900
87.350000	0.5	10.785950
87.358333	0.5	10.759400
87.366667	0.5	10.739700
87.375000	0.5	10.726700
87.383333	0.5	10.723000
87.391667	0.5	10.718600
87.400000	0.5	10.706400
87.408333	0.5	10.690750
87.416667	0.5	10.669250
87.425000	0.5	10.650550
87.433333	0.5	10.634550
87.441667	0.5	10.633400
87.450000	0.5	10.601200
87.458333	0.5	10.576400
87.466667	0.5	10.551250
87.475000	0.5	10.534600
87.483333	0.5	10.510500
87.491667	0.5	10.490150
87.500000	0.5	10.485450
87.508333	0.5	10.453000
87.516667	0.5	10.430000
87.525000	0.5	10.420050
87.533333	0.5	10.376900
87.541667	0.5	10.357700
87.550000	0.5	10.334350
87.558333	0.5	10.321800
87.566667	0.5	10.288450
87.575000	0.5	10.272250
87.583333	0.5	10.247950
87.591667	0.5	10.234550
87.600000	0.5	10.216500
87.608333	0.5	10.191150
87.616667	0.5	10.169050
87.625000	0.5	10.149500
87.633333	0.5	10.132550
87.641667	0.5	10.117700
87.650000	0.5	10.100250
87.658333	0.5	10.091500
87.666667	0.5	10.071200
87.675000	0.5	10.066050
87.683333	0.5	10.055400
87.691667	0.5	10.047900
87.700000	0.5	10.027600
87.708333	0.5	10.027400
87.716667	0.5	10.018550
87.725000	0.5	10.012200
87.733333	0.5	10.005250
87.741667	0.5	10.008300
87.750000	0.5	9.997100
87.758333	0.5	10.000700
87.766667	0.5	9.998900
87.775000	0.5	10.006800
87.783333	0.5	10.021850
87.791667	0.5	10.020250
87.800000	0.5	10.023900
87.808333	0.5	10.031900
87.816667	0.5	10.047150
87.825000	0.5	10.058200
87.833333	0.5	10.070600
87.841667	0.5	10.074500
87.850000	0.5	10.105950
87.858333	0.5	10.116300
87.866667	0.5	10.130500
87.875000	0.5	10.142550
87.883333	0.5	10.160750
87.891667	0.5	10.190850
87.900000	0.5	10.208200
87.908333	0.5	10.215750
87.916667	0.5	10.227850
87.925000	0.5	10.241900
87.933333	0.5	10.254350
87.941667	0.5	10.274250
87.950000	0.5	10.278900
87.958333	0.5	10.299450
87.966667	0.5	10.300800
87.975000	0.5	10.301050
87.983333	0.5	10.310450
87.991667	0.5	10.303000
88.000000	0.5	10.306550
88.008333	0.5	10.305750
88.016667	0.5	10.295650
88.025000	0.5	10.293950
88.033333	0.5	10.298650
88.041667	0.5	10.271600
88.050000	0.5	10.258950
88.058333	0.5	10.239700
88.066667	0.5	10.227700
88.075000	0.5	10.215650
88.083333	0.5	10.197400
88.091667	0.5	10.171550
88.100000	0.5	10.146300
88.108333	0.5	10.122550
88.116667	0.5	10.099700
88.125000	0.5	10.077700
88.133333	0.5	10.045750
88.141667	0.5	10.042600
88.150000	0.5	10.001350
88.158333	0.5	9.978200
88.166667	0.5	9.960800
88.175000	0.5	9.923400
88.183333	0.5	9.905700
88.191667	0.5	9.889750
88.200000	0.5	9.863100
88.208333	0.5	9.844550
88.216667	0.5	9.832000
88.225000	0.5	9.808800
88.233333	0.5	9.793300
88.241667	0.5	9.771150
88.250000	0.5	9.773450
88.258333	0.5	9.751050
88.266667	0.5	9.736350
88.275000	0.5	9.730650
88.283333	0.5	9.705500
88.291667	0.5	9.704150
88.300000	0.5	9.704350
88.308333	0.5	9.688650
88.316667	0.5	9.686750
88.325000	0.5	9.669800
88.333333	0.5	9.677500
88.341667	0.5	9.660200
88.350000	0.5	9.652450
88.358333	0.5	9.650000
88.366667	0.5	9.649950
88.375000	0.5	9.629250
88.383333	0.5	9.624800
88.391667	0.5	9.609950
88.400000	0.5	9.615500
88.408333	0.5	9.624700
88.416667	0.5	9.603400
88.425000	0.5	9.604200
88.433333	0.5	9.587900
88.441667	0.5	9.591600
88.450000	0.5	9.577000
88.458333	0.5	9.555700
88.466667	0.5	9.556150
88.475000	0.5	9.549800
88.483333	0.5	9.535300
88.491667	0.5	9.526900
88.500000	0.5	9.513850
88.508333	0.5	9.497400
88.516667	0.5	9.498450
88.525000	0.5	9.491550
88.533333	0.5	9.489300
88.541667	0.5	9.476550
88.550000	0.5	9.464750
88.558333	0.5	9.465550
88.566667	0.5	9.455650
88.575000	0.5	9.439900
88.583333	0.5	9.429650
88.591667	0.5	9.428600
88.600000	0.5	9.427700
88.608333	0.5	9.421000
88.616667	0.5	9.415650
88.625000	0.5	9.428750
88.633333	0.5	9.433500
88.641667	0.5	9.428200
88.650000	0.5	9.433400
88.658333	0.5	9.421600
88.666667	0.5	9.432950
88.675000	0.5	9.434250
88.683333	0.5	9.445200
88.691667	0.5	9.464950
88.700000	0.5	9.485350
88.708333	0.5	9.475300
88.716667	0.5	9.492200
88.725000	0.5	9.514550
88.733333	0.5	9.527800
88.741667	0.5	9.549750
88.750000	0.5	9.564550
88.758333	0.5	9.580400
88.766667	0.5	9.595050
88.775000	0.5	9.625900
88.783333	0.5	9.646950
88.791667	0.5	9.673950
88.800000	0.5	9.699300
88.808333	0.5	9.722550
88.816667	0.5	9.755900
88.825000	0.5	9.776250
88.833333	0.5	9.816750
88.841667	0.5	9.834700
88.850000	0.5	9.851700
88.858333	0.5	9.888350
88.866667	0.5	9.906800
88.875000	0.5	9.945750
88.883333	0.5	9.964200
88.891667	0.5	9.989000
88.900000	0.5	10.010350
88.908333	0.5	10.030250
88.916667	0.5	10.048100
88.925000	0.5	10.073850
88.933333	0.5	10.083250
88.941667	0.5	10.101550
88.950000	0.5	10.107650
88.958333	0.5	10.106100
88.966667	0.5	10.115850
88.975000	0.5	10.125950
88.983333	0.5	10.119000
88.991667	0.5	10.125050
89.000000	0.5	10.112200
89.008333	0.5	10.119650
89.016667	0.5	10.118600
89.025000	0.5	10.122500
89.033333	0.5	10.096550
89.041667	0.5	10.078100
89.050000	0.5	10.055350
89.058333	0.5	10.060700
89.066667	0.5	10.041000
89.075000	0.5	10.019950
89.083333	0.5	10.012550
89.091667	0.5	9.996450
89.100000	0.5	9.985850
89.108333	0.5	9.971350
89.116667	0.5	9.957400
89.125000	0.5	9.937400
89.133333	0.5	9.930950
89.141667	0.5	9.917150
89.150000	0.5	9.907100
89.158333	0.5	9.876150
89.166667	0.5	9.880950
89.175000	0.5	9.886550
89.183333	0.5	9.875600
89.191667	0.5	9.872200
89.200000	0.5	9.869500
89.208333	0.5	9.869850
89.216667	0.5	9.856100
89.225000	0.5	9.865250
89.233333	0.5	9.867800
89.241667	0.5	9.872000
89.250000	0.5	9.874350
89.258333	0.5	9.885650
89.266667	0.5	9.897750
89.275000	0.5	9.900400
89.283333	0.5	9.919250
89.291667	0.5	9.926350
89.300000	0.5	9.945950
89.308333	0.5	9.961200
89.316667	0.5	9.973950
89.325000	0.5	9.989300
89.333333	0.5	10.021750
89.341667	0.5	10.024900
89.350000	0.5	10.042600
89.358333	0.5	10.049550
89.366667	0.5	10.067400
89.375000	0.5	10.087500
89.383333	0.5	10.088500
89.391667	0.5	10.109900
89.400000	0.5	10.131600
89.408333	0.5	10.147300
89.416667	0.5	10.171350
89.425000	0.5	10.177750
89.433333	0.5	10.198600
89.441667	0.5	10.209800
89.450000	0.5	10.228900
89.458333	0.5	10.228600
89.466667	0.5	10.261300
89.475000	0.5	10.278700
89.483333	0.5	10.289850
89.491667	0.5	10.310200
89.500000	0.5	10.325450
89.508333	0.5	10.348100
89.516667	0.5	10.355700
89.525000	0.5	10.371100
89.533333	0.5	10.379500
89.541667	0.5	10.390600
89.550000	0.5	10.417450
89.558333	0.5	10.432850
89.566667	0.5	10.448000
89.575000	0.5	10.467500
89.583333	0.5	10.477000
89.591667	0.5	10.493000
89.600000	0.5	10.511550
89.608333	0.5	10.521650
89.616667	0.5	10.532950
89.625000	0.5	10.544250
89.633333	0.5	10.557800
89.641667	0.5	10.584050
89.650000	0.5	10.600900
89.658333	0.5	10.612850
89.666667	0.5	10.621400
89.675000	0.5	10.654150
89.683333	0.5	10.677950
89.691667	0.5	10.673600
89.700000	0.5	10.686300
89.708333	0.5	10.710000
89.716667	0.5	10.736850
89.725000	0.5	10.758300
89.733333	0.5	10.765750
89.741667	0.5	10.772300
89.750000	0.5	10.796600
89.758333	0.5	10.802800
89.766667	0.5	10.821000
89.775000	0.5	10.839900
89.783333	0.5	10.844450
89.791667	0.5	10.864600
89.800000	0.5	10.873700
89.808333	0.5	10.870600
89.816667	0.5	10.887300
89.825000	0.5	10.904850
89.833333	0.5	10.894550
89.841667	0.5	10.905250
89.850000	0.5	10.890400
89.858333	0.5	10.896900
89.866667	0.5	10.906700
89.875000	0.5	10.894350
89.883333	0.5	10.885450
89.891667	0.5	10.866950
89.900000	0.5	10.881500
89.908333	0.5	10.847150
89.916667	0.5	10.831500
89.925000	0.5	10.810800
89.933333	0.5	10.791450
89.941667	0.5	10.766600
89.950000	0.5	10.740500
89.958333	0.5	10.715850
89.966667	0.5	10.686150
89.975000	0.5	10.655650
89.983333	0.5	10.624700
89.991667	0.5	10.600900
90.000000	0.5	10.557700
90.008333	0.5	10.533000
90.016667	0.5	10.495600
90.025000	0.5	10.449750
90.033333	0.5	10.421150
90.041667	0.5	10.382400
90.050000	0.5	10.349900
90.058333	0.5	10.307300
90.066667	0.5	10.279850
90.075000	0.5	10.257350
90.083333	0.5	10.206950
90.091667	0.5	10.168850
90.100000	0.5	10.137650
90.108333	0.5	10.121450
90.116667	0.5	10.069400
90.125000	0.5	10.042800
90.133333	0.5	10.031550
90.141667	0.5	10.003950
90.150000	0.5	9.966950
90.158333	0.5	9.940350
90.166667	0.5	9.925250
90.175000	0.5	9.897750
90.183333	0.5	9.870300
90.191667	0.5	9.870950
90.200000	0.5	9.838650
90.208333	0.5	9.828450
90.216667	0.5	9.812100
90.225000	0.5	9.788000
90.233333	0.5	9.775250
90.241667	0.5	9.744250
90.250000	0.5	9.745800
90.258333	0.5	9.734500
90.266667	0.5	9.712400
90.275000	0.5	9.690850
90.283333	0.5	9.685200
90.291667	0.5	9.672550
90.300000	0.5	9.660200
90.308333	0.5	9.643100
90.316667	0.5	9.634400
90.325000	0.5	9.630750
90.333333	0.5	9.603600
90.341667	0.5	9.574000
90.350000	0.5	9.580100
90.358333	0.5	9.560850
90.366667	0.5	9.541500
90.375000	0.5	9.531900
90.383333	0.5	9.519250
90.391667	0.5	9.498250
90.400000	0.5	9.479250
90.408333	0.5	9.469900
90.416667	0.5	9.437850
90.425000	0.5	9.424450
90.433333	0.5	9.418650
90.441667	0.5	9.393450
90.450000	0.5	9.386850
90.458333	0.5	9.363600
90.466667	0.5	9.354950
90.475000	0.5	9.336850
90.483333	0.5	9.319250
90.491667	0.5	9.320550
90.500000	0.5	9.303150
90.508333	0.5	9.290750
90.516667	0.5	9.277600
90.525000	0.5	9.260450
90.533333	0.5	9.268850
90.541667	0.5	9.248450
90.550000	0.5	9.238550
90.558333	0.5	9.238200
90.566667	0.5	9.225950
90.575000	0.5	9.223650
90.583333	0.5	9.208300
90.591667	0.5	9.214950
90.600000	0.5	9.202550
90.608333	0.5	9.190950
90.616667	0.5	9.190400
90.625000	0.5	9.176150
90.633333	0.5	9.173900
90.641667	0.5	9.170050
90.650000	0.5	9.161600
90.658333	0.5	9.165200
90.666667	0.5	9.149800
90.675000	0.5	9.136500
90.683333	0.5	9.127150
90.691667	0.5	9.108050
90.700000	0.5	9.096350
90.708333	0.5	9.083450
90.716667	0.5	9.072550
90.725000	0.5	9.063750
90.733333	0.5	9.034800
90.741667	0.5	9.015050
90.750000	0.5	8.987550
90.758333	0.5	8.984650
90.766667	0.5	8.953300
90.775000	0.5	8.923400
90.783333	0.5	8.894550
90.791667	0.5	8.860050
90.800000	0.5	8.844500
90.808333	0.5	8.809100
90.816667	0.5	8.775800
90.825000	0.5	8.741200
90.833333	0.5	8.715950
90.841667	0.5	8.678650
90.850000	0.5	8.643100
90.858333	0.5	8.611400
90.866667	0.5	8.580300
90.875000	0.5	8.537650
90.883333	0.5	8.516500
90.891667	0.5	8.469150
90.900000	0.5	8.436400
90.908333	0.5	8.411900
90.916667	0.5	8.384000
90.925000	0.5	8.345150
90.933333	0.5	8.313200
90.941667	0.5	8.284650
90.950000	0.5	8.258600
90.958333	0.5	8.228300
90.966667	0.5	8.208900
90.975000	0.5	8.175500
90.983333	0.5	8.152250
90.991667	0.5	8.144250
91.000000	0.5	8.120450
91.008333	0.5	8.090250
91.016667	0.5	8.079250
91.025000	0.5	8.070850
91.033333	0.5	8.059600
91.041667	0.5	8.036750
91.050000	0.5	8.031750
91.058333	0.5	8.012600
91.066667	0.5	8.007300
91.075000	0.5	8.008650
91.083333	0.5	7.997750
91.091667	0.5	8.008700
91.100000	0.5	8.002250
91.108333	0.5	7.995250
91.116667	0.5	8.000450
91.125000	0.5	7.996750
91.133333	0.5	8.021550
91.141667	0.5	8.004250
91.150000	0.5	8.008700
91.158333	0.5	8.014500
91.166667	0.5	8.029450
91.175000	0.5	8.027000
91.183333	0.5	8.038600
91.191667	0.5	8.046850
91.200000	0.5	8.058850
91.208333	0.5	8.064350
91.216667	0.5	8.075150
91.225000	0.5	8.083300
91.233333	0.5	8.096200
91.241667	0.5	8.112100
91.250000	0.5	8.118350
91.258333	0.5	8.140150
91.266667	0.5	8.153550
91.275000	0.5	8.173950
91.283333	0.5	8.183300
91.291667	0.5	8.199200
91.300000	0.5	8.213650
91.308333	0.5	8.238550
91.316667	0.5	8.242550
91.325000	0.5	8.259450
91.333333	0.5	8.281650
91.341667	0.5	8.301950
91.350000	0.5	8.342050
91.358333	0.5	8.349500
91.366667	0.5	8.378750
91.375000	0.5	8.404350
91.383333	0.5	8.424650
91.391667	0.5	8.464100
91.400000	0.5	8.483450
91.408333	0.5	8.508650
91.416667	0.5	8.552150
91.425000	0.5	8.577650
91.433333	0.5	8.617000
91.441667	0.5	8.636700
91.450000	0.5	8.673000
91.458333	0.5	8.719900
91.466667	0.5	8.750550
91.475000	0.5	8.790400
91.483333	0.5	8.838850
91.491667	0.5	8.874450
91.500000	0.5	8.915450
91.508333	0.5	8.953650
91.516667	0.5	9.002150
91.525000	0.5	9.051350
91.533333	0.5	9.086550
91.541667	0.5	9.138750
91.550000	0.5	9.182200
91.558333	0.5	9.219300
91.566667	0.5	9.255850
91.575000	0.5	9.304600
91.583333	0.5	9.346400
91.591667	0.5	9.390000
91.600000	0.5	9.426900
91.608333	0.5	9.475100
91.616667	0.5	9.505100
91.625000	0.5	9.528100
91.633333	0.5	9.563400
91.641667	0.5	9.589200
91.650000	0.5	9.629650
91.658333	0.5	9.651400
91.666667	0.5	9.686050
91.675000	0.5	9.720400
91.683333	0.5	9.726850
91.691667	0.5	9.760650
91.700000	0.5	9.782800
91.708333	0.5	9.788950
91.716667	0.5	9.809150
91.725000	0.5	9.829000
91.733333	0.5	9.832550
91.741667	0.5	9.845050
91.750000	0.5	9.860150
91.758333	0.5	9.867050
91.766667	0.5	9.880850
91.775000	0.5	9.888250
91.783333	0.5	9.896050
91.791667	0.5	9.905950
91.800000	0.5	9.918000
91.808333	0.5	9.925800
91.816667	0.5	9.934900
91.825000	0.5	9.933150
91.833333	0.5	9.940650
91.841667	0.5	9.943450
91.850000	0.5	9.957050
91.858333	0.5	9.967800
91.866667	0.5	9.981300
91.875000	0.5	9.989900
91.883333	0.5	10.000400
91.891667	0.5	10.014450
91.900000	0.5	10.026350
91.908333	0.5	10.045800
91.916667	0.5	10.067250
91.925000	0.5	10.075450
91.933333	0.5	10.088400
91.941667	0.5	10.115850
91.950000	0.5	10.127250
91.958333	0.5	10.143500
91.966667	0.5	10.158600
91.975000	0.5	10.176200
91.983333	0.5	10.204050
91.991667	0.5	10.243850
92.000000	0.5	10.248100
92.008333	0.5	10.266600
92.016667	0.5	10.291650
92.025000	0.5	10.302200
92.033333	0.5	10.339400
92.041667	0.5	10.352600
92.050000	0.5	10.380300
92.058333	0.5	10.399950
92.066667	0.5	10.425050
92.075000	0.5	10.453950
92.083333	0.5	10.472650
92.091667	0.5	10.490750
92.100000	0.5	10.508950
92.108333	0.5	10.531200
92.116667	0.5	10.551800
92.125000	0.5	10.571450
92.133333	0.5	10.595850
92.141667	0.5	10.613250
92.150000	0.5	10.628950
92.158333	0.5	10.649150
92.166667	0.5	10.664050
92.175000	0.5	10.687200
92.183333	0.5	10.701800
92.191667	0.5	10.720000
92.200000	0.5	10.741550
92.208333	0.5	10.756900
92.216667	0.5	10.761600
92.225000	0.5	10.783100
92.233333	0.5	10.797950
92.241667	0.5	10.808100
92.250000	0.5	10.821050
92.258333	0.5	10.839650
92.266667	0.5	10.867350
92.275000	0.5	10.870200
92.283333	0.5	10.889250
92.291667	0.5	10.905250
92.300000	0.5	10.922350
92.308333	0.5	10.939900
92.316667	0.5	10.955800
92.325000	0.5	10.972850
92.333333	0.5	10.984350
92.341667	0.5	11.004400
92.350000	0.5	11.022950
92.358333	0.5	11.037150
92.366667	0.5	11.056850
92.375000	0.5	11.078500
92.383333	0.5	11.088100
92.391667	0.5	11.117950
92.400000	0.5	11.131050
92.408333	0.5	11.134450
92.416667	0.5	11.149150
92.425000	0.5	11.173650
92.433333	0.5	11.171450
92.441667	0.5	11.178050
92.450000	0.5	11.196250
92.458333	0.5	11.204800
92.466667	0.5	11.199800
92.475000	0.5	11.216000
92.483333	0.5	11.211650
92.491667	0.5	11.217050
92.500000	0.5	11.209600
92.508333	0.5	11.211850
92.516667	0.5	11.202850
92.525000	0.5	11.210000
92.533333	0.5	11.184500
92.541667	0.5	11.183450
92.550000	0.5	11.179450
92.558333	0.5	11.166000
92.566667	0.5	11.145900
92.575000	0.5	11.138450
92.583333	0.5	11.111800
92.591667	0.5	11.099150
92.600000	0.5	11.080000
92.608333	0.5	11.056600
92.616667	0.5	11.038000
92.625000	0.5	11.018050
92.633333	0.5	10.998350
92.641667	0.5	10.971900
92.650000	0.5	10.945900
92.658333	0.5	10.923550
92.666667	0.5	10.897900
92.675000	0.5	10.875150
92.683333	0.5	10.848850
92.691667	0.5	10.817950
92.700000	0.5	10.793600
92.708333	0.5	10.771550
92.716667	0.5	10.747000
92.725000	0.5	10.719100
92.733333	0.5	10.699750
92.741667	0.5	10.685900
92.750000	0.5	10.662850
92.758333	0.5	10.633400
92.766667	0.5	10.617450
92.775000	0.5	10.603450
92.783333	0.5	10.576850
92.791667	0.5	10.569900
92.800000	0.5	10.548100
92.808333	0.5	10.536050
92.816667	0.5	10.512550
92.825000	0.5	10.498850
92.833333	0.5	10.483550
92.841667	0.5	10.481850
92.850000	0.5	10.458550
92.858333	0.5	10.444700
92.866667	0.5	10.447400
92.875000	0.5	10.437750
92.883333	0.5	10.437100
92.891667	0.5	10.428750
92.900000	0.5	10.414050
92.908333	0.5	10.403250
92.916667	0.5	10.404700
92.925000	0.5	10.404150
92.933333	0.5	10.410050
92.941667	0.5	10.396600
92.950000	0.5	10.399500
92.958333	0.5	10.395000
92.966667	0.5	10.387200
92.975000	0.5	10.387800
92.983333	0.5	10.396150
92.991667	0.5	10.392450
93.000000	0.5	10.398350
93.008333	0.5	10.398350
93.016667	0.5	10.399050
93.025000	0.5	10.409400
93.033333	0.5	10.410800
93.041667	0.5	10.419750
93.050000	0.5	10.417400
93.058333	0.5	10.427700
93.066667	0.5	10.438950
93.075000	0.5	10.434350
93.083333	0.5	10.443150
93.091667	0.5	10.462700
93.100000	0.5	10.467550
93.108333	0.5	10.477800
93.116667	0.5	10.484200
93.125000	0.5	10.499450
93.133333	0.5	10.519600
93.141667	0.5	10.524800
93.150000	0.5	10.536150
93.158333	0.5	10.555000
93.166667	0.5	10.574350
93.175000	0.5	10.572100
93.183333	0.5	10.590000
93.191667	0.5	10.598550
93.200000	0.5	10.612200
93.208333	0.5	10.622850
93.216667	0.5	10.627550
93.225000	0.5	10.645050
93.233333	0.5	10.646050
93.241667	0.5	10.652450
93.250000	0.5	10.670300
93.258333	0.5	10.679800
93.266667	0.5	10.684550
93.275000	0.5	10.684850
93.283333	0.5	10.693250
93.291667	0.5	10.700300
93.300000	0.5	10.699950
93.308333	0.5	10.707400
93.316667	0.5	10.709000
93.325000	0.5	10.709550
93.333333	0.5	10.701850
93.341667	0.5	10.697300
93.350000	0.5	10.690750
93.358333	0.5	10.686300
93.366667	0.5	10.673650
93.375000	0.5	10.661250
93.383333	0.5	10.655650
93.391667	0.5	10.640450
93.400000	0.5	10.627000
93.408333	0.5	10.606450
93.416667	0.5	10.607550
93.425000	0.5	10.584150
93.433333	0.5	10.566450
93.441667	0.5	10.555700
93.450000	0.5	10.527400
93.458333	0.5	10.515400
93.466667	0.5	10.499250
93.475000	0.5	10.478000
93.483333	0.5	10.466550
93.491667	0.5	10.444150
93.500000	0.5	10.424850
93.508333	0.5	10.410350
93.516667	0.5	10.394250
93.525000	0.5	10.390350
93.533333	0.5	10.361500
93.541667	0.5	10.343800
93.550000	0.5	10.321900
93.558333	0.5	10.312100
93.566667	0.5	10.299550
93.575000	0.5	10.284000
93.583333	0.5	10.277600
93.591667	0.5	10.255750
93.600000	0.5	10.250000
93.608333	0.5	10.246100
93.616667	0.5	10.240900
93.625000	0.5	10.230100
93.633333	0.5	10.230300
93.641667	0.5	10.210700
93.650000	0.5	10.214450
93.658333	0.5	10.202400
93.666667	0.5	10.196400
93.675000	0.5	10.196750
93.683333	0.5	10.200150
93.691667	0.5	10.195100
93.700000	0.5	10.204950
93.708333	0.5	10.205800
93.716667	0.5	10.213800
93.725000	0.5	10.214650
93.733333	0.5	10.219650
93.741667	0.5	10.225250
93.750000	0.5	10.234000
93.758333	0.5	10.237300
93.766667	0.5	10.246100
93.775000	0.5	10.260700
93.783333	0.5	10.279600
93.791667	0.5	10.273850
93.800000	0.5	10.305650
93.808333	0.5	10.318400
93.816667	0.5	10.329450
93.825000	0.5	10.341700
93.833333	0.5	10.354450
93.841667	0.5	10.392000
93.850000	0.5	10.410500
93.858333	0.5	10.433150
93.866667	0.5	10.452200
93.875000	0.5	10.480450
93.883333	0.5	10.496750
93.891667	0.5	10.525600
93.900000	0.5	10.550350
93.908333	0.5	10.588850
93.916667	0.5	10.619000
93.925000	0.5	10.638950
93.933333	0.5	10.665300
93.941667	0.5	10.688600
93.950000	0.5	10.729600
93.958333	0.5	10.756500
93.966667	0.5	10.795000
93.975000	0.5	10.808800
93.983333	0.5	10.839750
93.991667	0.5	10.874900
94.000000	0.5	10.900600
94.008333	0.5	10.926900
94.016667	0.5	10.950750
94.025000	0.5	10.979000
94.033333	0.5	11.006800
94.041667	0.5	11.031100
94.050000	0.5	11.049450
94.058333	0.5	11.082800
94.066667	0.5	11.104300
94.075000	0.5	11.116900
94.083333	0.5	11.132050
94.091667	0.5	11.151100
94.100000	0.5	11.174900
94.108333	0.5	11.193500
94.116667	0.5	11.188400
94.125000	0.5	11.203000
94.133333	0.5	11.207700
94.141667	0.5	11.208550
94.150000	0.5	11.206450
94.158333	0.5	11.221750
94.166667	0.5	11.214900
94.175000	0.5	11.208650
94.183333	0.5	11.211050
94.191667	0.5	11.208150
94.200000	0.5	11.203100
94.208333	0.5	11.194500
94.216667	0.5	11.187700
94.225000	0.5	11.182100
94.233333	0.5	11.166050
94.241667	0.5	11.153600
94.250000	0.5	11.149150
94.258333	0.5	11.126900
94.266667	0.5	11.105000
94.275000	0.5	11.101750
94.283333	0.5	11.077550
94.291667	0.5	11.061500
94.300000	0.5	11.047050
94.308333	0.5	11.041850
94.316667	0.5	11.005950
94.325000	0.5	10.989550
94.333333	0.5	10.967950
94.341667	0.5	10.947100
94.350000	0.5	10.932150
94.358333	0.5	10.910850
94.366667	0.5	10.903750
94.375000	0.5	10.872650
94.383333	0.5	10.860900
94.391667	0.5	10.844750
94.400000	0.5	10.829800
94.408333	0.5	10.811000
94.416667	0.5	10.793200
94.425000	0.5	10.780050
94.433333	0.5	10.757800
94.441667	0.5	10.739950
94.450000	0.5	10.737250
94.458333	0.5	10.704800
94.466667	0.5	10.694250
94.475000	0.5	10.680250
94.483333	0.5	10.665250
94.491667	0.5	10.657050
94.500000	0.5	10.650050
94.508333	0.5	10.636000
94.516667	0.5	10.619600
94.525000	0.5	10.611150
94.533333	0.5	10.599500
94.541667	0.5	10.581250
94.550000	0.5	10.581350
94.558333	0.5	10.576650
94.566667	0.5	10.574150
94.575000	0.5	10.561000
94.583333	0.5	10.551300
94.591667	0.5	10.549700
94.600000	0.5	10.539500
94.608333	0.5	10.536450
94.616667	0.5	10.532500
94.625000	0.5	10.517900
94.633333	0.5	10.507700
94.641667	0.5	10.509350
94.650000	0.5	10.504300
94.658333	0.5	10.514650
94.666667	0.5	10.501900
94.675000	0.5	10.503400
94.683333	0.5	10.507900
94.691667	0.5	10.501200
94.700000	0.5	10.494350
94.708333	0.5	10.504800
94.716667	0.5	10.502000
94.725000	0.5	10.502950
94.733333	0.5	10.507250
94.741667	0.5	10.498550
94.750000	0.5	10.500900
94.758333	0.5	10.513050
94.766667	0.5	10.514800
94.775000	0.5	10.514450
94.783333	0.5	10.523350
94.791667	0.5	10.519100
94.800000	0.5	10.533950
94.808333	0.5	10.535200
94.816667	0.5	10.535800
94.825000	0.5	10.536650
94.833333	0.5	10.540100
94.841667	0.5	10.545650
94.850000	0.5	10.544150
94.858333	0.5	10.555550
94.866667	0.5	10.558150
94.875000	0.5	10.550050
94.883333	0.5	10.556650
94.891667	0.5	10.568400
94.900000	0.5	10.568050
94.908333	0.5	10.573000
94.916667	0.5	10.569650
94.925000	0.5	10.573500
94.933333	0.5	10.597550
94.941667	0.5	10.587450
94.950000	0.5	10.600850
94.958333	0.5	10.620400
94.966667	0.5	10.621400
94.975000	0.5	10.631000
94.983333	0.5	10.640800
94.991667	0.5	10.653650
95.000000	0.5	10.669850
95.008333	0.5	10.673250
95.016667	0.5	10.693550
95.025000	0.5	10.705150
95.033333	0.5	10.722000
95.041667	0.5	10.744650
95.050000	0.5	10.766650
95.058333	0.5	10.799200
95.066667	0.5	10.809500
95.075000	0.5	10.838650
95.083333	0.5	10.859050
95.091667	0.5	10.881600
95.100000	0.5	10.921250
95.108333	0.5	10.944050
95.116667	0.5	10.975650
95.125000	0.5	10.999450
95.133333	0.5	11.036200
95.141667	0.5	11.072350
95.150000	0.5	11.106600
95.158333	0.5	11.150800
95.166667	0.5	11.176400
95.175000	0.5	11.213150
95.183333	0.5	11.254650
95.191667	0.5	11.288450
95.200000	0.5	11.323550
95.208333	0.5	11.356150
95.216667	0.5	11.405750
95.225000	0.5	11.443500
95.233333	0.5	11.465950
95.241667	0.5	11.516650
95.250000	0.5	11.553150
95.258333	0.5	11.583950
95.266667	0.5	11.614400
95.275000	0.5	11.659150
95.283333	0.5	11.684250
95.291667	0.5	11.721400
95.300000	0.5	11.766850
95.308333	0.5	11.812650
95.316667	0.5	11.826650
95.325000	0.5	11.856400
95.333333	0.5	11.891750
95.341667	0.5	11.920100
95.350000	0.5	11.946450
95.358333	0.5	11.979000
95.366667	0.5	12.003650
95.375000	0.5	12.031300
95.383333	0.5	12.050850
95.391667	0.5	12.075000
95.400000	0.5	12.096600
95.408333	0.5	12.118350
95.416667	0.5	12.142750
95.425000	0.5	12.155700
95.433333	0.5	12.183200
95.441667	0.5	12.194200
95.450000	0.5	12.212800
95.458333	0.5	12.219250
95.466667	0.5	12.230100
95.475000	0.5	12.230300
95.483333	0.5	12.243100
95.491667	0.5	12.254950
95.500000	0.5	12.255100
95.508333	0.5	12.255500
95.516667	0.5	12.250000
95.525000	0.5	12.259750
95.533333	0.5	12.253450
95.541667	0.5	12.247050
95.550000	0.5	12.233300
95.558333	0.5	12.229500
95.566667	0.5	12.224750
95.575000	0.5	12.208100
95.583333	0.5	12.189950
95.591667	0.5	12.175150
95.600000	0.5	12.157650
95.608333	0.5	12.154150
95.616667	0.5	12.126350
95.625000	0.5	12.115150
95.633333	0.5	12.086700
95.641667	0.5	12.063350
95.650000	0.5	12.045700
95.658333	0.5	12.016700
95.666667	0.5	12.005750
95.675000	0.5	11.981950
95.683333	0.5	11.939900
95.691667	0.5	11.929900
95.700000	0.5	11.902500
95.708333	0.5	11.864350
95.716667	0.5	11.827600
95.725000	0.5	11.805900
95.733333	0.5	11.775950
95.741667	0.5	11.749850
95.750000	0.5	11.718000
95.758333	0.5	11.697050
95.766667	0.5	11.670450
95.775000	0.5	11.648400
95.783333	0.5	11.627000
95.791667	0.5	11.593650
95.800000	0.5	11.559750
95.808333	0.5	11.546100
95.816667	0.5	11.521250
95.825000	0.5	11.508550
95.833333	0.5	11.485500
95.841667	0.5	11.469000
95.850000	0.5	11.429850
95.858333	0.5	11.408950
95.866667	0.5	11.398550
95.875000	0.5	11.379200
95.883333	0.5	11.360100
95.891667	0.5	11.336650
95.900000	0.5	11.322400
95.908333	0.5	11.319750
95.916667	0.5	11.298350
95.925000	0.5	11.287650
95.933333	0.5	11.277600
95.941667	0.5	11.271400
95.950000	0.5	11.262800
95.958333	0.5	11.250150
95.966667	0.5	11.240650
95.975000	0.5	11.243150
95.983333	0.5	11.233950
95.991667	0.5	11.218250
96.000000	0.5	11.217400
96.008333	0.5	11.207650
96.016667	0.5	11.205250
96.025000	0.5	11.214800
96.033333	0.5	11.203450
96.041667	0.5	11.215100
96.050000	0.5	11.205450
96.058333	0.5	11.199100
96.066667	0.5	11.190950
96.075000	0.5	11.200900
96.083333	0.5	11.185300
96.091667	0.5	11.193350
96.100000	0.5	11.184150
96.108333	0.5	11.189100
96.116667	0.5	11.186350
96.125000	0.5	11.192450
96.133333	0.5	11.189700
96.141667	0.5	11.187400
96.150000	0.5	11.188000
96.158333	0.5	11.199100
96.166667	0.5	11.195900
96.175000	0.5	11.204100
96.183333	0.5	11.204250
96.191667	0.5	11.213050
96.200000	0.5	11.223150
96.208333	0.5	11.221350
96.216667	0.5	11.223850
96.225000	0.5	11.228950
96.233333	0.5	11.236900
96.241667	0.5	11.242100
96.250000	0.5	11.243350
96.258333	0.5	11.250050
96.266667	0.5	11.262850
96.275000	0.5	11.256050
96.283333	0.5	11.264100
96.291667	0.5	11.268400
96.300000	0.5	11.274000
96.308333	0.5	11.275600
96.316667	0.5	11.284100
96.325000	0.5	11.279750
96.333333	0.5	11.287450
96.341667	0.5	11.283650
96.350000	0.5	11.291400
96.358333	0.5	11.292950
96.366667	0.5	11.295750
96.375000	0.5	11.298800
96.383333	0.5	11.314500
96.391667	0.5	11.306400
96.400000	0.5	11.311800
96.408333	0.5	11.318650
96.416667	0.5	11.312150
96.425000	0.5	11.312800
96.433333	0.5	11.323800
96.441667	0.5	11.318950
96.450000	0.5	11.322900
96.458333	0.5	11.323650
96.466667	0.5	11.323850
96.475000	0.5	11.338500
96.483333	0.5	11.343550
96.491667	0.5	11.334350
96.500000	0.5	11.344600
96.508333	0.5	11.343750
96.516667	0.5	11.343000
96.525000	0.5	11.350550
96.533333	0.5	11.347100
96.541667	0.5	11.348500
96.550000	0.5	11.357800
96.558333	0.5	11.356850
96.566667	0.5	11.362700
96.575000	0.5	11.375900
96.583333	0.5	11.381600
96.591667	0.5	11.379050
96.600000	0.5	11.379650
96.608333	0.5	11.379550
96.616667	0.5	11.382750
96.625000	0.5	11.394800
96.633333	0.5	11.395300
96.641667	0.5	11.388650
96.650000	0.5	11.387150
96.658333	0.5	11.382350
96.666667	0.5	11.396050
96.675000	0.5	11.393950
96.683333	0.5	11.403450
96.691667	0.5	11.390250
96.700000	0.5	11.388900
96.708333	0.5	11.395300
96.716667	0.5	11.396150
96.725000	0.5	11.401600
96.733333	0.5	11.395700
96.741667	0.5	11.395650
96.750000	0.5	11.382750
96.758333	0.5	11.387300
96.766667	0.5	11.382800
96.775000	0.5	11.382800
96.783333	0.5	11.373750
96.791667	0.5	11.390000
96.800000	0.5	11.377650
96.808333	0.5	11.370100
96.816667	0.5	11.372450
96.825000	0.5	11.370400
96.833333	0.5	11.360400
96.841667	0.5	11.351750
96.850000	0.5	11.352350
96.858333	0.5	11.347450
96.866667	0.5	11.335400
96.875000	0.5	11.338000
96.883333	0.5	11.330800
96.891667	0.5	11.314850
96.900000	0.5	11.305100
96.908333	0.5	11.310550
96.916667	0.5	11.296650
96.925000	0.5	11.293950
96.933333	0.5	11.275900
96.941667	0.5	11.266550
96.950000	0.5	11.258050
96.958333	0.5	11.246900
96.966667	0.5	11.238700
96.975000	0.5	11.218650
96.983333	0.5	11.207200
96.991667	0.5	11.183700
97.000000	0.5	11.180300
97.008333	0.5	11.174300
97.016667	0.5	11.144150
97.025000	0.5	11.136800
97.033333	0.5	11.113850
97.041667	0.5	11.102800
97.050000	0.5	11.077450
97.058333	0.5	11.064550
97.066667	0.5	11.053100
97.075000	0.5	11.030000
97.083333	0.5	11.008550
97.091667	0.5	10.991050
97.100000	0.5	10.971100
97.108333	0.5	10.946550
97.116667	0.5	10.927250
97.125000	0.5	10.893200
97.133333	0.5	10.878050
97.141667	0.5	10.857300
97.150000	0.5	10.843050
97.158333	0.5	10.817000
97.166667	0.5	10.798900
97.175000	0.5	10.781800
97.183333	0.5	10.743350
97.191667	0.5	10.725900
97.200000	0.5	10.698750
97.208333	0.5	10.679050
97.216667	0.5	10.659500
97.225000	0.5	10.640050
97.233333	0.5	10.615350
97.241667	0.5	10.594800
97.250000	0.5	10.570050
97.258333	0.5	10.541600
97.266667	0.5	10.521150
97.275000	0.5	10.508800
97.283333	0.5	10.479600
97.291667	0.5	10.465500
97.300000	0.5	10.437700
97.308333	0.5	10.420100
97.316667	0.5	10.407700
97.325000	0.5	10.383350
97.333333	0.5	10.367050
97.341667	0.5	10.344950
97.350000	0.5	10.334150
97.358333	0.5	10.309800
97.366667	0.5	10.296250
97.375000	0.5	10.269400
97.383333	0.5	10.262050
97.391667	0.5	10.244700
97.400000	0.5	10.222000
97.408333	0.5	10.205400
97.416667	0.5	10.203650
97.425000	0.5	10.172550
97.433333	0.5	10.163950
97.441667	0.5	10.160000
97.450000	0.5	10.131100
97.458333	0.5	10.118200
97.466667	0.5	10.102550
97.475000	0.5	10.087200
97.483333	0.5	10.078200
97.491667	0.5	10.067750
97.500000	0.5	10.050950
97.508333	0.5	10.041900
97.516667	0.5	10.031300
97.525000	0.5	10.022800
97.533333	0.5	10.009550
97.541667	0.5	9.998650
97.550000	0.5	9.992600
97.558333	0.5	9.986550
97.566667	0.5	9.971250
97.575000	0.5	9.956500
97.583333	0.5	9.937000
97.591667	0.5	9.925700
97.600000	0.5	9.911700
97.608333	0.5	9.907200
97.616667	0.5	9.885350
97.625000	0.5	9.881050
97.633333	0.5	9.862050
97.641667	0.5	9.853650
97.650000	0.5	9.848150
97.658333	0.5	9.819450
97.666667	0.5	9.805150
97.675000	0.5	9.797050
97.683333	0.5	9.791300
97.691667	0.5	9.767200
97.700000	0.5	9.761950
97.708333	0.5	9.746000
97.716667	0.5	9.725400
97.725000	0.5	9.730550
97.733333	0.5	9.695650
97.741667	0.5	9.692550
97.750000	0.5	9.692450
97.758333	0.5	9.662700
97.766667	0.5	9.647700
97.775000	0.5	9.631800
97.783333	0.5	9.614000
97.791667	0.5	9.610800
97.800000	0.5	9.606850
97.808333	0.5	9.593950
97.816667	0.5	9.577850
97.825000	0.5	9.579050
97.833333	0.5	9.573950
97.841667	0.5	9.570150
97.850000	0.5	9.567950
97.858333	0.5	9.561000
97.866667	0.5	9.559300
97.875000	0.5	9.553150
97.883333	0.5	9.556450
97.891667	0.5	9.560000
97.900000	0.5	9.558750
97.908333	0.5	9.557800
97.916667	0.5	9.558750
97.925000	0.5	9.563950
97.933333	0.5	9.570100
97.941667	0.5	9.574300
97.950000	0.5	9.580000
97.958333	0.5	9.583800
97.966667	0.5	9.589100
97.975000	0.5	9.591100
97.983333	0.5	9.603200
97.991667	0.5	9.608200
98.000000	0.5	9.630850
98.008333	0.5	9.626300
98.016667	0.5	9.643900
98.025000	0.5	9.650850
98.033333	0.5	9.671750
98.041667	0.5	9.679950
98.050000	0.5	9.693850
98.058333	0.5	9.706150
98.066667	0.5	9.702500
98.075000	0.5	9.725350
98.083333	0.5	9.728450
98.091667	0.5	9.742500
98.100000	0.5	9.755300
98.108333	0.5	9.764400
98.116667	0.5	9.776500
98.125000	0.5	9.795700
98.133333	0.5	9.791900
98.141667	0.5	9.806450
98.150000	0.5	9.819850
98.158333	0.5	9.838350
98.166667	0.5	9.841100
98.175000	0.5	9.860450
98.183333	0.5	9.853150
98.191667	0.5	9.873550
98.200000	0.5	9.891950
98.208333	0.5	9.881850
98.216667	0.5	9.884550
98.225000	0.5	9.896100
98.233333	0.5	9.904550
98.241667	0.5	9.924000
98.250000	0.5	9.924550
98.258333	0.5	9.930600
98.266667	0.5	9.928700
98.275000	0.5	9.929350
98.283333	0.5	9.938250
98.291667	0.5	9.945500
98.300000	0.5	9.948900
98.308333	0.5	9.949650
98.316667	0.5	9.952800
98.325000	0.5	9.961450
98.333333	0.5	9.974850
98.341667	0.5	9.959550
98.350000	0.5	9.965200
98.358333	0.5	9.963900
98.366667	0.5	9.962850
98.375000	0.5	9.948200
98.383333	0.5	9.945050
98.391667	0.5	9.951350
98.400000	0.5	9.951350
98.408333	0.5	9.948950
98.416667	0.5	9.939900
98.425000	0.5	9.949750
98.433333	0.5	9.935100
98.441667	0.5	9.915950
98.450000	0.5	9.919850
98.458333	0.5	9.905950
98.466667	0.5	9.914900
98.475000	0.5	9.885600
98.483333	0.5	9.887550
98.491667	0.5	9.886500
98.500000	0.5	9.872750
98.508333	0.5	9.867750
98.516667	0.5	9.867750
98.525000	0.5	9.849100
98.533333	0.5	9.835000
98.541667	0.5	9.849700
98.550000	0.5	9.835100
98.558333	0.5	9.824800
98.566667	0.5	9.840650
98.575000	0.5	9.819750
98.583333	0.5	9.811050
98.591667	0.5	9.805500
98.600000	0.5	9.806000
98.608333	0.5	9.800850
98.616667	0.5	9.789150
98.625000	0.5	9.800000
98.633333	0.5	9.792200
98.641667	0.5	9.796050
98.650000	0.5	9.787550
98.658333	0.5	9.781050
98.666667	0.5	9.791450
98.675000	0.5	9.776250
98.683333	0.5	9.773200
98.691667	0.5	9.778200
98.700000	0.5	9.780300
98.708333	0.5	9.777850
98.716667	0.5	9.769750
98.725000	0.5	9.768700
98.733333	0.5	9.777600
98.741667	0.5	9.762250
98.750000	0.5	9.765100
98.758333	0.5	9.765150
98.766667	0.5	9.763100
98.775000	0.5	9.776200
98.783333	0.5	9.775150
98.791667	0.5	9.794600
98.800000	0.5	9.785450
98.808333	0.5	9.785750
98.816667	0.5	9.783600
98.825000	0.5	9.785900
98.833333	0.5	9.792450
98.841667	0.5	9.803100
98.850000	0.5	9.800050
98.858333	0.5	9.800000
98.866667	0.5	9.807950
98.875000	0.5	9.811350
98.883333	0.5	9.809250
98.891667	0.5	9.823600
98.900000	0.5	9.824450
98.908333	0.5	9.827050
98.916667	0.5	9.838150
98.925000	0.5	9.837300
98.933333	0.5	9.838250
98.941667	0.5	9.850000
98.950000	0.5	9.842350
98.958333	0.5	9.833200
98.966667	0.5	9.850250
98.975000	0.5	9.846450
98.983333	0.5	9.845000
98.991667	0.5	9.861300
99.000000	0.5	9.842550
99.008333	0.5	9.857950
99.016667	0.5	9.850300
99.025000	0.5	9.869500
99.033333	0.5	9.853650
99.041667	0.5	9.843000
99.050000	0.5	9.852750
99.058333	0.5	9.854900
99.066667	0.5	9.845050
99.075000	0.5	9.842150
99.083333	0.5	9.840950
99.091667	0.5	9.842800
99.100000	0.5	9.853250
99.108333	0.5	9.839100
99.116667	0.5	9.833700
99.125000	0.5	9.842500
99.133333	0.5	9.835950
99.141667	0.5	9.829200
99.150000	0.5	9.848650
99.158333	0.5	9.827800
99.166667	0.5	9.822550
99.175000	0.5	9.830050
99.183333	0.5	9.831700
99.191667	0.5	9.829300
99.200000	0.5	9.832150
99.208333	0.5	9.826750
99.216667	0.5	9.823350
99.225000	0.5	9.830000
99.233333	0.5	9.841550
99.241667	0.5	9.822950
99.250000	0.5	9.822750
99.258333	0.5	9.825400
99.266667	0.5	9.833800
99.275000	0.5	9.838600
99.283333	0.5	9.834600
99.291667	0.5	9.843100
99.300000	0.5	9.851600
99.308333	0.5	9.848000
99.316667	0.5	9.859050
99.325000	0.5	9.857650
99.333333	0.5	9.872050
99.341667	0.5	9.872950
99.350000	0.5	9.881300
99.358333	0.5	9.884350
99.366667	0.5	9.891400
99.375000	0.5	9.891800
99.383333	0.5	9.900650
99.391667	0.5	9.911950
99.400000	0.5	9.915500
99.408333	0.5	9.928000
99.416667	0.5	9.931750
99.425000	0.5	9.949600
99.433333	0.5	9.960950
99.441667	0.5	9.962950
99.450000	0.5	9.983750
99.458333	0.5	9.994100
99.466667	0.5	10.010650
99.475000	0.5	10.013650
99.483333	0.5	10.027850
99.491667	0.5	10.035350
99.500000	0.5	10.050150
99.508333	0.5	10.055200
99.516667	0.5	10.069900
99.525000	0.5	10.076150
99.533333	0.5	10.088950
99.541667	0.5	10.100750
99.550000	0.5	10.126900
99.558333	0.5	10.117900
99.566667	0.5	10.138050
99.575000	0.5	10.137550
99.583333	0.5	10.156250
99.591667	0.5	10.166600
99.600000	0.5	10.170250
99.608333	0.5	10.173950
99.616667	0.5	10.191550
99.625000	0.5	10.176250
99.633333	0.5	10.187700
99.641667	0.5	10.199900
99.650000	0.5	10.198200
99.658333	0.5	10.203600
99.666667	0.5	10.200000
99.675000	0.5	10.193750
99.683333	0.5	10.186850
99.691667	0.5	10.192750
99.700000	0.5	10.202200
99.708333	0.5	10.185750
99.716667	0.5	10.179750
99.725000	0.5	10.178450
99.733333	0.5	10.177650
99.741667	0.5	10.173900
99.750000	0.5	10.171650
99.758333	0.5	10.162700
99.766667	0.5	10.156450
99.775000	0.5	10.140650
99.783333	0.5	10.132450
99.791667	0.5	10.136800
99.800000	0.5	10.111850
99.808333	0.5	10.107350
99.816667	0.5	10.089050
99.825000	0.5	10.080300
99.833333	0.5	10.070350
99.841667	0.5	10.063900
99.850000	0.5	10.056650
99.858333	0.5	10.032300
99.866667	0.5	10.020550
99.875000	0.5	10.008200
99.883333	0.5	9.999150
99.891667	0.5	9.985600
99.900000	0.5	9.972900
99.908333	0.5	9.953300
99.916667	0.5	9.953600
99.925000	0.5	9.924650
99.933333	0.5	9.911500
99.941667	0.5	9.895500
99.950000	0.5	9.881950
99.958333	0.5	9.876400
99.966667	0.5	9.847750
99.975000	0.5	9.845450
99.983333	0.5	9.836300
99.991667	0.5	9.824100
100.000000	0.5	9.810000
100.008333	0.5	9.803900
100.016667	0.5	9.800950
100.025000	0.5	9.803450
100.033333	0.5	9.769950
100.041667	0.5	9.762500
100.050000	0.5	9.775450
100.058333	0.5	9.748550
100.066667	0.5	9.742400
100.075000	0.5	9.723850
100.083333	0.5	9.721900
100.091667	0.5	9.725450
100.100000	0.5	9.714300
100.108333	0.5	9.713650
100.116667	0.5	9.710250
100.125000	0.5	9.716850
100.133333	0.5	9.715000
100.141667	0.5	9.712200
100.150000	0.5	9.710950
100.158333	0.5	9.720750
100.166667	0.5	9.703300
100.175000	0.5	9.709500
100.183333	0.5	9.720050
100.191667	0.5	9.719850
100.200000	0.5	9.715500
100.208333	0.5	9.722350
100.216667	0.5	9.727750
100.225000	0.5	9.719450
100.233333	0.5	9.717850
100.241667	0.5	9.730350
100.250000	0.5	9.723250
100.258333	0.5	9.725300
100.266667	0.5	9.726500
100.275000	0.5	9.727250
100.283333	0.5	9.726400
100.291667	0.5	9.730900
100.300000	0.5	9.732150
100.308333	0.5	9.737750
100.316667	0.5	9.734800
100.325000	0.5	9.732700
100.333333	0.5	9.737700
100.341667	0.5	9.727300
100.350000	0.5	9.728500
100.358333	0.5	9.729500
100.366667	0.5	9.732900
100.375000	0.5	9.727450
100.383333	0.5	9.721550
100.391667	0.5	9.718150
100.400000	0.5	9.719200
100.408333	0.5	9.723150
100.416667	0.5	9.722350
100.425000	0.5	9.712500
100.433333	0.5	9.701150
100.441667	0.5	9.705050
100.450000	0.5	9.709850
100.458333	0.5	9.681750
100.466667	0.5	9.687350
100.475000	0.5	9.682500
100.483333	0.5	9.693300
100.491667	0.5	9.675250
100.500000	0.5	9.663400
100.508333	0.5	9.660000
100.516667	0.5	9.658150
100.525000	0.5	9.659700
100.533333	0.5	9.654950
100.541667	0.5	9.653450
100.550000	0.5	9.657450
100.558333	0.5	9.625000
100.566667	0.5	9.630700
100.575000	0.5	9.640450
100.583333	0.5	9.633750
100.591667	0.5	9.631950
100.600000	0.5	9.620300
100.608333	0.5	9.614500
100.616667	0.5	9.616650
100.625000	0.5	9.607300
100.633333	0.5	9.609250
100.641667	0.5	9.593250
100.650000	0.5	9.600150
100.658333	0.5	9.591900
100.666667	0.5	9.600750
100.675000	0.5	9.598150
100.683333	0.5	9.591150
100.691667	0.5	9.599500
100.700000	0.5	9.598300
100.708333	0.5	9.608850
100.716667	0.5	9.597200
100.725000	0.5	9.588750
100.733333	0.5	9.590300
100.741667	0.5	9.585850
100.750000	0.5	9.584400
100.758333	0.5	9.578750
100.766667	0.5	9.578700
100.775000	0.5	9.571200
100.783333	0.5	9.585600
100.791667	0.5	9.579300
100.800000	0.5	9.597150
100.808333	0.5	9.590350
100.816667	0.5	9.569450
100.825000	0.5	9.586300
100.833333	0.5	9.577000
100.841667	0.5	9.566850
100.850000	0.5	9.560650
100.858333	0.5	9.573850
100.866667	0.5	9.561700
100.875000	0.5	9.567550
100.883333	0.5	9.557700
100.891667	0.5	9.554350
100.900000	0.5	9.558150
100.908333	0.5	9.552300
100.916667	0.5	9.547700
100.925000	0.5	9.543300
100.933333	0.5	9.537600
100.941667	0.5	9.531650
100.950000	0.5	9.522250
100.958333	0.5	9.521950
100.966667	0.5	9.514800
100.975000	0.5	9.516650
100.983333	0.5	9.490000
100.991667	0.5	9.498300
101.000000	0.5	9.500450
101.008333	0.5	9.503950
101.016667	0.5	9.479700
101.025000	0.5	9.468700
101.033333	0.5	9.479350
101.041667	0.5	9.453350
101.050000	0.5	9.464700
101.058333	0.5	9.441200
101.066667	0.5	9.444500
101.075000	0.5	9.433550
101.083333	0.5	9.424950
101.091667	0.5	9.424300
101.100000	0.5	9.410200
101.108333	0.5	9.408150
101.116667	0.5	9.400650
101.125000	0.5	9.387950
101.133333	0.5	9.385200
101.141667	0.5	9.387700
101.150000	0.5	9.380100
101.158333	0.5	9.369650
101.166667	0.5	9.367200
101.175000	0.5	9.355900
101.183333	0.5	9.353650
101.191667	0.5	9.361200
101.200000	0.5	9.340850
101.208333	0.5	9.350950
101.216667	0.5	9.337100
101.225000	0.5	9.345000
101.233333	0.5	9.327900
101.241667	0.5	9.332450
101.250000	0.5	9.335800
101.258333	0.5	9.344100
101.266667	0.5	9.330950
101.275000	0.5	9.335150
101.283333	0.5	9.330950
101.291667	0.5	9.326650
101.300000	0.5	9.326700
101.308333	0.5	9.319500
101.316667	0.5	9.331750
101.325000	0.5	9.337600
101.333333	0.5	9.333650
101.341667	0.5	9.335000
101.350000	0.5	9.331400
101.358333	0.5	9.336950
101.366667	0.5	9.347800
101.375000	0.5	9.364700
101.383333	0.5	9.354500
101.391667	0.5	9.370450
101.400000	0.5	9.368300
101.408333	0.5	9.379200
101.416667	0.5	9.371650
101.425000	0.5	9.369100
101.433333	0.5	9.386150
101.441667	0.5	9.387300
101.450000	0.5	9.383500
101.458333	0.5	9.394500
101.466667	0.5	9.392050
101.475000	0.5	9.403750
101.483333	0.5	9.414900
101.491667	0.5	9.417600
101.500000	0.5	9.430100
101.508333	0.5	9.421700
101.516667	0.5	9.434300
101.525000	0.5	9.434500
101.533333	0.5	9.434750
101.541667	0.5	9.446750
101.550000	0.5	9.445100
101.558333	0.5	9.460450
101.566667	0.5	9.468350
101.575000	0.5	9.455300
101.583333	0.5	9.466450
101.591667	0.5	9.474200
101.600000	0.5	9.483050
101.608333	0.5	9.492850
101.616667	0.5	9.499900
101.625000	0.5	9.509400
101.633333	0.5	9.507900
101.641667	0.5	9.507150
101.650000	0.5	9.515700
101.658333	0.5	9.513550
101.666667	0.5	9.515100
101.675000	0.5	9.533450
101.683333	0.5	9.545750
101.691667	0.5	9.546200
101.700000	0.5	9.546300
101.708333	0.5	9.538300
101.716667	0.5	9.539200
101.725000	0.5	9.555950
101.733333	0.5	9.559850
101.741667	0.5	9.557350
101.750000	0.5	9.585900
101.758333	0.5	9.582650
101.766667	0.5	9.589750
101.775000	0.5	9.570700
101.783333	0.5	9.595750
101.791667	0.5	9.578300
101.800000	0.5	9.602000
101.808333	0.5	9.606200
101.816667	0.5	9.615900
101.825000	0.5	9.609150
101.833333	0.5	9.623500
101.841667	0.5	9.641900
101.850000	0.5	9.634450
101.858333	0.5	9.635800
101.866667	0.5	9.635600
101.875000	0.5	9.660850
101.883333	0.5	9.662850
101.891667	0.5	9.668850
101.900000	0.5	9.680100
101.908333	0.5	9.692700
101.916667	0.5	9.708800
101.925000	0.5	9.703100
101.933333	0.5	9.722300
101.941667	0.5	9.737350
101.950000	0.5	9.734050
101.958333	0.5	9.753050
101.966667	0.5	9.765600
101.975000	0.5	9.770050
101.983333	0.5	9.773300
101.991667	0.5	9.785000
102.000000	0.5	9.802250
102.008333	0.5	9.809400
102.016667	0.5	9.813000
102.025000	0.5	9.836300
102.033333	0.5	9.834500
102.041667	0.5	9.837000
102.050000	0.5	9.861200
102.058333	0.5	9.859050
102.066667	0.5	9.865250
102.075000	0.5	9.873750
102.083333	0.5	9.889250
102.091667	0.5	9.892850
102.100000	0.5	9.902950
102.108333	0.5	9.904750
102.116667	0.5	9.912300
102.125000	0.5	9.920650
102.133333	0.5	9.932500
102.141667	0.5	9.929750
102.150000	0.5	9.962800
102.158333	0.5	9.957050
102.166667	0.5	9.957750
102.175000	0.5	9.967100
102.183333	0.5	9.968300
102.191667	0.5	9.966350
102.200000	0.5	9.963050
102.208333	0.5	9.975650
102.216667	0.5	9.977150
102.225000	0.5	9.996450
102.233333	0.5	9.996550
102.241667	0.5	10.005100
102.250000	0.5	10.014000
102.258333	0.5	10.016950
102.266667	0.5	10.019600
102.275000	0.5	10.016550
102.283333	0.5	10.040050
102.291667	0.5	10.047300
102.300000	0.5	10.036100
102.308333	0.5	10.041450
102.316667	0.5	10.047600
102.325000	0.5	10.060300
102.333333	0.5	10.065600
102.341667	0.5	10.051300
102.350000	0.5	10.063800
102.358333	0.5	10.076400
102.366667	0.5	10.082950
102.375000	0.5	10.076400
102.383333	0.5	10.084250
102.391667	0.5	10.099600
102.400000	0.5	10.093800
102.408333	0.5	10.096900
102.416667	0.5	10.094150
102.425000	0.5	10.092500
102.433333	0.5	10.101050
102.441667	0.5	10.107950
102.450000	0.5	10.101400
102.458333	0.5	10.109550
102.466667	0.5	10.107650
102.475000	0.5	10.102350
102.483333	0.5	10.102500
102.491667	0.5	10.114500
102.500000	0.5	10.098200
102.508333	0.5	10.101500
102.516667	0.5	10.097800
102.525000	0.5	10.096450
102.533333	0.5	10.108350
102.541667	0.5	10.104150
102.550000	0.5	10.098550
102.558333	0.5	10.100200
102.566667	0.5	10.097700
102.575000	0.5	10.103950
102.583333	0.5	10.084000
102.591667	0.5	10.089700
102.600000	0.5	10.086500
102.608333	0.5	10.086100
102.616667	0.5	10.071600
102.625000	0.5	10.077450
102.633333	0.5	10.075150
102.641667	0.5	10.056300
102.650000	0.5	10.058600
102.658333	0.5	10.050200
102.666667	0.5	10.046750
102.675000	0.5	10.048000
102.683333	0.5	10.045650
102.691667	0.5	10.036200
102.700000	0.5	10.024100
102.708333	0.5	10.015100
102.716667	0.5	10.014250
102.725000	0.5	10.002650
102.733333	0.5	9.998300
102.741667	0.5	10.007300
102.750000	0.5	9.999850
102.758333	0.5	9.983900
102.766667	0.5	9.982650
102.775000	0.5	9.963900
102.783333	0.5	9.956550
102.791667	0.5	9.946900
102.800000	0.5	9.941450
102.808333	0.5	9.941400
102.816667	0.5	9.919250
102.825000	0.5	9.919050
102.833333	0.5	9.908700
102.841667	0.5	9.896950
102.850000	0.5	9.902350
102.858333	0.5	9.886550
102.866667	0.5	9.881900
102.875000	0.5	9.876100
102.883333	0.5	9.872200
102.891667	0.5	9.861300
102.900000	0.5	9.861250
102.908333	0.5	9.855850
102.916667	0.5	9.846000
102.925000	0.5	9.844200
102.933333	0.5	9.846850
102.941667	0.5	9.843700
102.950000	0.5	9.834050
102.958333	0.5	9.838600
102.966667	0.5	9.827500
102.975000	0.5	9.828950
102.983333	0.5	9.826850
102.991667	0.5	9.824800
103.000000	0.5	9.828000
103.008333	0.5	9.814350
103.016667	0.5	9.817300
103.025000	0.5	9.825600
103.033333	0.5	9.821850
103.041667	0.5	9.832850
103.050000	0.5	9.823700
103.058333	0.5	9.824150
103.066667	0.5	9.817400
103.075000	0.5	9.825050
103.083333	0.5	9.832250
103.091667	0.5	9.814750
103.100000	0.5	9.811800
103.108333	0.5	9.814900
103.116667	0.5	9.804350
103.125000	0.5	9.812050
103.133333	0.5	9.816050
103.141667	0.5	9.825400
103.150000	0.5	9.807100
103.158333	0.5	9.813200
103.166667	0.5	9.808050
103.175000	0.5	9.812300
103.183333	0.5	9.805200
103.191667	0.5	9.809750
103.200000	0.5	9.809900
103.208333	0.5	9.806100
103.216667	0.5	9.811850
103.225000	0.5	9.802850
103.233333	0.5	9.793850
103.241667	0.5	9.788550
103.250000	0.5	9.789700
103.258333	0.5	9.786900
103.266667	0.5	9.792050
103.275000	0.5	9.786550
103.283333	0.5	9.786950
103.291667	0.5	9.770550
103.300000	0.5	9.768300
103.308333	0.5	9.778150
103.316667	0.5	9.775750
103.325000	0.5	9.762550
103.333333	0.5	9.751150
103.341667	0.5	9.752700
103.350000	0.5	9.743600
103.358333	0.5	9.743400
103.366667	0.5	9.739700
103.375000	0.5	9.725450
103.383333	0.5	9.724650
103.391667	0.5	9.724600
103.400000	0.5	9.716550
103.408333	0.5	9.720300
103.416667	0.5	9.711750
103.425000	0.5	9.703250
103.433333	0.5	9.695150
103.441667	0.5	9.699500
103.450000	0.5	9.696250
103.458333	0.5	9.688850
103.466667	0.5	9.697550
103.475000	0.5	9.675600
103.483333	0.5	9.681750
103.491667	0.5	9.678250
103.500000	0.5	9.687650
103.508333	0.5	9.676450
103.516667	0.5	9.675800
103.525000	0.5	9.676000
103.533333	0.5	9.675500
103.541667	0.5	9.664600
103.550000	0.5	9.660400
103.558333	0.5	9.659450
103.566667	0.5	9.659550
103.575000	0.5	9.647200
103.583333	0.5	9.664550
103.591667	0.5	9.658250
103.600000	0.5	9.651800
103.608333	0.5	9.657350
103.616667	0.5	9.649350
103.625000	0.5	9.649200
103.633333	0.5	9.667200
103.641667	0.5	9.656650
103.650000	0.5	9.651350
103.658333	0.5	9.650150
103.666667	0.5	9.649550
103.675000	0.5	9.669050
103.683333	0.5	9.644550
103.691667	0.5	9.650650
103.700000	0.5	9.663650
103.708333	0.5	9.652850
103.716667	0.5	9.649800
103.725000	0.5	9.649000
103.733333	0.5	9.659450
103.741667	0.5	9.657250
103.750000	0.5	9.653350
103.758333	0.5	9.660650
103.766667	0.5	9.658100
103.775000	0.5	9.646650
103.783333	0.5	9.656550
103.791667	0.5	9.657400
103.800000	0.5	9.650050
103.808333	0.5	9.641200
103.816667	0.5	9.639350
103.825000	0.5	9.652950
103.833333	0.5	9.629600
103.841667	0.5	9.634250
103.850000	0.5	9.633350
103.858333	0.5	9.623500
103.866667	0.5	9.619250
103.875000	0.5	9.604050
103.883333	0.5	9.614000
103.891667	0.5	9.612550
103.900000	0.5	9.595250
103.908333	0.5	9.593000
103.916667	0.5	9.585550
103.925000	0.5	9.575600
103.933333	0.5	9.572150
103.941667	0.5	9.566700
103.950000	0.5	9.566050
103.958333	0.5	9.563150
103.966667	0.5	9.554250
103.975000	0.5	9.552450
103.983333	0.5	9.550950
103.991667	0.5	9.530900
104.000000	0.5	9.518850
104.008333	0.5	9.515650
104.016667	0.5	9.519150
104.025000	0.5	9.501650
104.033333	0.5	9.501050
104.041667	0.5	9.497250
104.050000	0.5	9.511750
104.058333	0.5	9.497350
104.066667	0.5	9.493550
104.075000	0.5	9.501700
104.083333	0.5	9.496450
104.091667	0.5	9.494900
104.100000	0.5	9.488250
104.108333	0.5	9.480950
104.116667	0.5	9.481650
104.125000	0.5	9.481550
104.133333	0.5	9.473750
104.141667	0.5	9.480400
104.150000	0.5	9.489000
104.158333	0.5	9.482250
104.166667	0.5	9.484850
104.175000	0.5	9.484150
104.183333	0.5	9.487650
104.191667	0.5	9.494550
104.200000	0.5	9.489400
104.208333	0.5	9.490450
104.216667	0.5	9.501250
104.225000	0.5	9.484350
104.233333	0.5	9.498000
104.241667	0.5	9.483650
104.250000	0.5	9.492550
104.258333	0.5	9.488300
104.266667	0.5	9.497600
104.275000	0.5	9.489800
104.283333	0.5	9.490050
104.291667	0.5	9.491000
104.300000	0.5	9.486700
104.308333	0.5	9.488250
104.316667	0.5	9.491700
104.325000	0.5	9.500450
104.333333	0.5	9.493600
104.341667	0.5	9.498350
104.350000	0.5	9.485600
104.358333	0.5	9.486850
104.366667	0.5	9.475600
104.375000	0.5	9.477800
104.383333	0.5	9.472250
104.391667	0.5	9.482700
104.400000	0.5	9.476650
104.408333	0.5	9.473000
104.416667	0.5	9.476300
104.425000	0.5	9.477400
104.433333	0.5	9.467950
104.441667	0.5	9.473050
104.450000	0.5	9.455500
104.458333	0.5	9.480450
104.466667	0.5	9.471450
104.475000	0.5	9.472400
104.483333	0.5	9.459050
104.491667	0.5	9.462850
104.500000	0.5	9.461850
104.508333	0.5	9.454400
104.516667	0.5	9.444800
104.525000	0.5	9.457950
104.533333	0.5	9.446300
104.541667	0.5	9.455700
104.550000	0.5	9.443700
104.558333	0.5	9.445300
104.566667	0.5	9.438500
104.575000	0.5	9.444000
104.583333	0.5	9.442100
104.591667	0.5	9.445900
104.600000	0.5	9.445100
104.608333	0.5	9.433850
104.616667	0.5	9.455700
104.625000	0.5	9.457100
104.633333	0.5	9.440150
104.641667	0.5	9.458600
104.650000	0.5	9.455400
104.658333	0.5	9.451250
104.666667	0.5	9.465950
104.675000	0.5	9.448400
104.683333	0.5	9.442900
104.691667	0.5	9.446850
104.700000	0.5	9.440100
104.708333	0.5	9.460450
104.716667	0.5	9.452050
104.725000	0.5	9.463300
104.733333	0.5	9.461700
104.741667	0.5	9.451250
104.750000	0.5	9.463650
104.758333	0.5	9.457300
104.766667	0.5	9.467700
104.775000	0.5	9.462300
104.783333	0.5	9.464050
104.791667	0.5	9.465700
104.800000	0.5	9.469050
104.808333	0.5	9.459100
104.816667	0.5	9.478450
104.825000	0.5	9.478600
104.833333	0.5	9.480100
104.841667	0.5	9.466750
104.850000	0.5	9.472250
104.858333	0.5	9.487550
104.866667	0.5	9.474900
104.875000	0.5	9.491100
104.883333	0.5	9.481350
104.891667	0.5	9.480400
104.900000	0.5	9.476850
104.908333	0.5	9.477350
104.916667	0.5	9.473350
104.925000	0.5	9.471450
104.933333	0.5	9.467450
104.941667	0.5	9.471400
104.950000	0.5	9.465800
104.958333	0.5	9.463400
104.966667	0.5	9.472450
104.975000	0.5	9.473500
104.983333	0.5	9.466800
104.991667	0.5	9.470200
105.000000	0.5	9.468200
105.008333	0.5	9.460350
105.016667	0.5	9.470850
105.025000	0.5	9.459550
105.033333	0.5	9.462050
105.041667	0.5	9.459400
105.050000	0.5	9.459500
105.058333	0.5	9.450900
105.066667	0.5	9.458550
105.075000	0.5	9.454700
105.083333	0.5	9.440500
105.091667	0.5	9.449650
105.100000	0.5	9.448200
105.108333	0.5	9.460250
105.116667	0.5	9.441450
105.125000	0.5	9.443700
105.133333	0.5	9.426750
105.141667	0.5	9.429100
105.150000	0.5	9.430350
105.158333	0.5	9.426000
105.166667	0.5	9.422650
105.175000	0.5	9.422750
105.183333	0.5	9.421400
105.191667	0.5	9.416400
105.200000	0.5	9.411400
105.208333	0.5	9.403350
105.216667	0.5	9.410850
105.225000	0.5	9.391000
105.233333	0.5	9.402600
105.241667	0.5	9.398000
105.250000	0.5	9.386700
105.258333	0.5	9.383500
105.266667	0.5	9.366250
105.275000	0.5	9.370200
105.283333	0.5	9.363100
105.291667	0.5	9.348600
105.300000	0.5	9.346600
105.308333	0.5	9.346600
105.316667	0.5	9.343700
105.325000	0.5	9.356950
105.333333	0.5	9.327100
105.341667	0.5	9.335500
105.350000	0.5	9.329850
105.358333	0.5	9.321550
105.366667	0.5	9.313450
105.375000	0.5	9.315300
105.383333	0.5	9.320400
105.391667	0.5	9.302900
105.400000	0.5	9.290150
105.408333	0.5	9.311600
105.416667	0.5	9.299900
105.425000	0.5	9.290000
105.433333	0.5	9.281100
105.441667	0.5	9.293400
105.450000	0.5	9.286900
105.458333	0.5	9.278600
105.466667	0.5	9.268050
105.475000	0.5	9.261250
105.483333	0.5	9.256300
105.491667	0.5	9.254850
105.500000	0.5	9.247200
105.508333	0.5	9.241500
105.516667	0.5	9.240650
105.525000	0.5	9.237150
105.533333	0.5	9.238700
105.541667	0.5	9.237050
105.550000	0.5	9.233600
105.558333	0.5	9.226850
105.566667	0.5	9.229700
105.575000	0.5	9.230550
105.583333	0.5	9.221850
105.591667	0.5	9.213650
105.600000	0.5	9.217700
105.608333	0.5	9.217200
105.616667	0.5	9.213400
105.625000	0.5	9.218050
105.633333	0.5	9.221700
105.641667	0.5	9.209150
105.650000	0.5	9.208050
105.658333	0.5	9.207850
105.666667	0.5	9.224450
105.675000	0.5	9.217550
105.683333	0.5	9.211300
105.691667	0.5	9.207250
105.700000	0.5	9.211700
105.708333	0.5	9.223200
105.716667	0.5	9.222050
105.725000	0.5	9.214450
105.733333	0.5	9.219000
105.741667	0.5	9.219800
105.750000	0.5	9.224100
105.758333	0.5	9.246700
105.766667	0.5	9.240750
105.775000	0.5	9.239400
105.783333	0.5	9.246350
105.791667	0.5	9.257300
105.800000	0.5	9.258500
105.808333	0.5	9.257650
105.816667	0.5	9.262050
105.825000	0.5	9.267750
105.833333	0.5	9.273000
105.841667	0.5	9.269850
105.850000	0.5	9.274150
105.858333	0.5	9.286350
105.866667	0.5	9.280350
105.875000	0.5	9.290550
105.883333	0.5	9.290250
105.891667	0.5	9.293250
105.900000	0.5	9.286050
105.908333	0.5	9.299150
105.916667	0.5	9.294650
105.925000	0.5	9.306300
105.933333	0.5	9.302300
105.941667	0.5	9.304600
105.950000	0.5	9.318550
105.958333	0.5	9.321150
105.966667	0.5	9.317650
105.975000	0.5	9.326800
105.983333	0.5	9.318850
105.991667	0.5	9.323700
106.000000	0.5	9.319750
106.008333	0.5	9.318150
106.016667	0.5	9.318250
106.025000	0.5	9.327700
106.033333	0.5	9.321550
106.041667	0.5	9.323200
106.050000	0.5	9.327850
106.058333	0.5	9.327400
106.066667	0.5	9.333300
106.075000	0.5	9.331200
106.083333	0.5	9.324500
106.091667	0.5	9.335900
106.100000	0.5	9.332350
106.108333	0.5	9.327900
106.116667	0.5	9.337000
106.125000	0.5	9.336600
106.133333	0.5	9.339500
106.141667	0.5	9.339200
106.150000	0.5	9.341700
106.158333	0.5	9.351900
106.166667	0.5	9.345700
106.175000	0.5	9.349600
106.183333	0.5	9.345200
106.191667	0.5	9.347400
106.200000	0.5	9.345150
106.208333	0.5	9.354250
106.216667	0.5	9.357200
106.225000	0.5	9.346900
106.233333	0.5	9.363650
106.241667	0.5	9.352750
106.250000	0.5	9.356400
106.258333	0.5	9.342700
106.266667	0.5	9.350950
106.275000	0.5	9.364000
106.283333	0.5	9.357150
106.291667	0.5	9.361100
106.300000	0.5	9.356650
106.308333	0.5	9.365550
106.316667	0.5	9.356250
106.325000	0.5	9.363350
106.333333	0.5	9.360650
106.341667	0.5	9.355050
106.350000	0.5	9.372250
106.358333	0.5	9.350750
106.366667	0.5	9.350600
106.375000	0.5	9.353350
106.383333	0.5	9.357200
106.391667	0.5	9.351100
106.400000	0.5	9.347450
106.408333	0.5	9.361650
106.416667	0.5	9.348750
106.425000	0.5	9.348200
106.433333	0.5	9.353600
106.441667	0.5	9.343250
106.450000	0.5	9.352350
106.458333	0.5	9.339900
106.466667	0.5	9.338100
106.475000	0.5	9.345500
106.483333	0.5	9.340700
106.491667	0.5	9.350050
106.500000	0.5	9.336700
106.508333	0.5	9.332350
106.516667	0.5	9.330550
106.525000	0.5	9.335650
106.533333	0.5	9.321050
106.541667	0.5	9.327450
106.550000	0.5	9.333500
106.558333	0.5	9.332000
106.566667	0.5	9.328850
106.575000	0.5	9.336900
106.583333	0.5	9.328350
106.591667	0.5	9.325000
106.600000	0.5	9.340200
106.608333	0.5	9.322600
106.616667	0.5	9.318900
106.625000	0.5	9.324400
106.633333	0.5	9.320900
106.641667	0.5	9.321100
106.650000	0.5	9.328550
106.658333	0.5	9.325000
106.666667	0.5	9.328750
106.675000	0.5	9.323700
106.683333	0.5	9.334800
106.691667	0.5	9.327450
106.700000	0.5	9.328550
106.708333	0.5	9.313600
106.716667	0.5	9.325300
106.725000	0.5	9.335500
106.733333	0.5	9.338650
106.741667	0.5	9.322250
106.750000	0.5	9.324200
106.758333	0.5	9.318300
106.766667	0.5	9.316350
106.775000	0.5	9.342450
106.783333	0.5	9.343550
106.791667	0.5	9.334800
106.800000	0.5	9.329350
106.808333	0.5	9.342200
106.816667	0.5	9.342900
106.825000	0.5	9.329000
106.833333	0.5	9.340600
106.841667	0.5	9.341000
106.850000	0.5	9.334700
106.858333	0.5	9.340450
106.866667	0.5	9.346850
106.875000	0.5	9.335600
106.883333	0.5	9.338200
106.891667	0.5	9.343900
106.900000	0.5	9.334700
106.908333	0.5	9.344600
106.916667	0.5	9.331000
106.925000	0.5	9.339700
106.933333	0.5	9.332800
106.941667	0.5	9.354600
106.950000	0.5	9.345850
106.958333	0.5	9.349750
106.966667	0.5	9.347300
106.975000	0.5	9.347450
106.983333	0.5	9.347350
106.991667	0.5	9.343200
107.000000	0.5	9.349750
107.008333	0.5	9.351450
107.016667	0.5	9.358750
107.025000	0.5	9.357750
107.033333	0.5	9.357350
107.041667	0.5	9.366300
107.050000	0.5	9.369200
107.058333	0.5	9.375850
107.066667	0.5	9.363200
107.075000	0.5	9.377600
107.083333	0.5	9.383450
107.091667	0.5	9.381300
107.100000	0.5	9.383700
107.108333	0.5	9.385400
107.116667	0.5	9.393900
107.125000	0.5	9.416150
107.133333	0.5	9.413700
107.141667	0.5	9.412850
107.150000	0.5	9.411800
107.158333	0.5	9.423400
107.166667	0.5	9.426700
107.175000	0.5	9.443400
107.183333	0.5	9.451950
107.191667	0.5	9.449800
107.200000	0.5	9.465900
107.208333	0.5	9.470150
107.216667	0.5	9.468250
107.225000	0.5	9.484800
107.233333	0.5	9.493600
107.241667	0.5	9.495450
107.250000	0.5	9.489800
107.258333	0.5	9.500250
107.266667	0.5	9.513900
107.275000	0.5	9.510050
107.283333	0.5	9.523900
107.291667	0.5	9.519250
107.300000	0.5	9.541750
107.308333	0.5	9.541850
107.316667	0.5	9.551250
107.325000	0.5	9.563150
107.333333	0.5	9.570600
107.341667	0.5	9.586000
107.350000	0.5	9.595100
107.358333	0.5	9.593600
107.366667	0.5	9.602450
107.375000	0.5	9.608250
107.383333	0.5	9.613950
107.391667	0.5	9.623050
107.400000	0.5	9.621750
107.408333	0.5	9.633600
107.416667	0.5	9.644750
107.425000	0.5	9.645000
107.433333	0.5	9.651550
107.441667	0.5	9.661650
107.450000	0.5	9.677850
107.458333	0.5	9.672200
107.466667	0.5	9.675500
107.475000	0.5	9.688550
107.483333	0.5	9.691100
107.491667	0.5	9.688250
107.500000	0.5	9.707700
107.508333	0.5	9.717850
107.516667	0.5	9.717350
107.525000	0.5	9.722150
107.533333	0.5	9.731800
107.541667	0.5	9.725550
107.550000	0.5	9.732700
107.558333	0.5	9.741200
107.566667	0.5	9.746600
107.575000	0.5	9.747650
107.583333	0.5	9.746850
107.591667	0.5	9.745050
107.600000	0.5	9.740300
107.608333	0.5	9.762100
107.616667	0.5	9.760600
107.625000	0.5	9.765050
107.633333	0.5	9.763050
107.641667	0.5	9.764700
107.650000	0.5	9.761300
107.658333	0.5	9.765750
107.666667	0.5	9.764950
107.675000	0.5	9.763800
107.683333	0.5	9.767250
107.691667	0.5	9.771000
107.700000	0.5	9.764700
107.708333	0.5	9.763100
107.716667	0.5	9.751900
107.725000	0.5	9.753000
107.733333	0.5	9.749250
107.741667	0.5	9.743900
107.750000	0.5	9.747300
107.758333	0.5	9.738800
107.766667	0.5	9.739400
107.775000	0.5	9.738300
107.783333	0.5	9.730000
107.791667	0.5	9.731250
107.800000	0.5	9.738800
107.808333	0.5	9.731050
107.816667	0.5	9.724100
107.825000	0.5	9.723350
107.833333	0.5	9.704050
107.841667	0.5	9.700900
107.850000	0.5	9.709050
107.858333	0.5	9.698400
107.866667	0.5	9.687850
107.875000	0.5	9.679850
107.883333	0.5	9.685750
107.891667	0.5	9.673750
107.900000	0.5	9.671900
107.908333	0.5	9.670350
107.916667	0.5	9.665900
107.925000	0.5	9.654100
107.933333	0.5	9.655950
107.941667	0.5	9.646450
107.950000	0.5	9.641900
107.958333	0.5	9.639350
107.966667	0.5	9.639000
107.975000	0.5	9.641350
107.983333	0.5	9.637900
107.991667	0.5	9.626200
108.000000	0.5	9.620050
108.008333	0.5	9.622150
108.016667	0.5	9.629950
108.025000	0.5	9.625650
108.033333	0.5	9.616800
108.041667	0.5	9.621050
108.050000	0.5	9.610250
108.058333	0.5	9.616550
108.066667	0.5	9.611550
108.075000	0.5	9.623050
108.083333	0.5	9.624600
108.091667	0.5	9.615950
108.100000	0.5	9.619000
108.108333	0.5	9.616000
108.116667	0.5	9.617550
108.125000	0.5	9.614900
108.133333	0.5	9.623900
108.141667	0.5	9.620600
108.150000	0.5	9.612900
108.158333	0.5	9.635800
108.166667	0.5	9.616050
108.175000	0.5	9.630950
108.183333	0.5	9.618050
108.191667	0.5	9.630950
108.200000	0.5	9.620200
108.208333	0.5	9.632150
108.216667	0.5	9.642200
108.225000	0.5	9.626350
108.233333	0.5	9.637800
108.241667	0.5	9.640700
108.250000	0.5	9.652700
108.258333	0.5	9.662650
108.266667	0.5	9.652750
108.275000	0.5	9.625150
108.283333	0.5	9.650700
108.291667	0.5	9.662150
108.300000	0.5	9.649200
108.308333	0.5	9.646800
108.316667	0.5	9.648650
108.325000	0.5	9.644000
108.333333	0.5	9.649700
108.341667	0.5	9.658800
108.350000	0.5	9.656400
108.358333	0.5	9.657200
108.366667	0.5	9.651950
108.375000	0.5	9.653300
108.383333	0.5	9.644750
108.391667	0.5	9.644800
108.400000	0.5	9.639850
108.408333	0.5	9.641100
108.416667	0.5	9.643000
108.425000	0.5	9.635500
108.433333	0.5	9.633650
108.441667	0.5	9.631500
108.450000	0.5	9.635150
108.458333	0.5	9.636300
108.466667	0.5	9.626850
108.475000	0.5	9.625650
108.483333	0.5	9.626250
108.491667	0.5	9.621350
108.500000	0.5	9.608250
108.508333	0.5	9.616450
108.516667	0.5	9.626800
108.525000	0.5	9.610950
108.533333	0.5	9.606300
108.541667	0.5	9.594500
108.550000	0.5	9.590050
108.558333	0.5	9.588050
108.566667	0.5	9.587300
108.575000	0.5	9.595800
108.583333	0.5	9.579600
108.591667	0.5	9.581450
108.600000	0.5	9.580400
108.608333	0.5	9.558000
108.616667	0.5	9.569550
108.625000	0.5	9.568100
108.633333	0.5	9.549750
108.641667	0.5	9.546450
108.650000	0.5	9.552000
108.658333	0.5	9.542050
108.666667	0.5	9.550300
108.675000	0.5	9.527700
108.683333	0.5	9.524800
108.691667	0.5	9.512600
108.700000	0.5	9.505150
108.708333	0.5	9.509800
108.716667	0.5	9.494150
108.725000	0.5	9.505200
108.733333	0.5	9.493550
108.741667	0.5	9.489950
108.750000	0.5	9.487300
108.758333	0.5	9.486850
108.766667	0.5	9.474000
108.775000	0.5	9.467050
108.783333	0.5	9.479550
108.791667	0.5	9.460450
108.800000	0.5	9.488200
108.808333	0.5	9.466050
108.816667	0.5	9.468500
108.825000	0.5	9.485150
108.833333	0.5	9.459350
108.841667	0.5	9.455350
108.850000	0.5	9.460300
108.858333	0.5	9.463750
108.866667	0.5	9.463600
108.875000	0.5	9.451600
108.883333	0.5	9.463450
108.891667	0.5	9.467600
108.900000	0.5	9.445900
108.908333	0.5	9.450000
108.916667	0.5	9.452850
108.925000	0.5	9.453350
108.933333	0.5	9.445950
108.941667	0.5	9.444050
108.950000	0.5	9.447750
108.958333	0.5	9.444650
108.966667	0.5	9.445200
108.975000	0.5	9.448450
108.983333	0.5	9.445550
108.991667	0.5	9.458350
109.000000	0.5	9.436100
109.008333	0.5	9.434100
109.016667	0.5	9.441350
109.025000	0.5	9.439450
109.033333	0.5	9.448850
109.041667	0.5	9.451100
109.050000	0.5	9.444900
109.058333	0.5	9.429700
109.066667	0.5	9.433950
109.075000	0.5	9.421850
109.083333	0.5	9.429100
109.091667	0.5	9.424650
109.100000	0.5	9.436200
109.108333	0.5	9.429850
109.116667	0.5	9.437850
109.125000	0.5	9.421150
109.133333	0.5	9.423800
109.141667	0.5	9.421500
109.150000	0.5	9.440450
109.158333	0.5	9.434200
109.166667	0.5	9.423350
109.175000	0.5	9.432400
109.183333	0.5	9.432850
109.191667	0.5	9.422100
109.200000	0.5	9.434000
109.208333	0.5	9.440700
109.216667	0.5	9.431350
109.225000	0.5	9.423350
109.233333	0.5	9.432900
109.241667	0.5	9.437600
109.250000	0.5	9.432650
109.258333	0.5	9.445350
109.266667	0.5	9.439150
109.275000	0.5	9.440450
109.283333	0.5	9.460450
109.291667	0.5	9.439300
109.300000	0.5	9.453700
109.308333	0.5	9.453300
109.316667	0.5	9.461300
109.325000	0.5	9.457200
109.333333	0.5	9.467550
109.341667	0.5	9.471200
109.350000	0.5	9.476350
109.358333	0.5	9.476400
109.366667	0.5	9.479600
109.375000	0.5	9.481250
109.383333	0.5	9.491250
109.391667	0.5	9.492900
109.400000	0.5	9.496250
109.408333	0.5	9.500400
109.416667	0.5	9.503950
109.425000	0.5	9.510000
109.433333	0.5	9.517650
109.441667	0.5	9.518550
109.450000	0.5	9.548200
109.458333	0.5	9.528150
109.466667	0.5	9.529150
109.475000	0.5	9.540400
109.483333	0.5	9.533500
109.491667	0.5	9.541000
109.500000	0.5	9.541300
109.508333	0.5	9.554350
109.516667	0.5	9.558850
109.525000	0.5	9.556150
109.533333	0.5	9.570650
109.541667	0.5	9.557250
109.550000	0.5	9.556250
109.558333	0.5	9.558850
109.566667	0.5	9.571400
109.575000	0.5	9.581000
109.583333	0.5	9.576600
109.591667	0.5	9.584250
109.600000	0.5	9.583700
109.608333	0.5	9.586400
109.616667	0.5	9.595750
109.625000	0.5	9.590150
109.633333	0.5	9.601800
109.641667	0.5	9.599900
109.650000	0.5	9.605350
109.658333	0.5	9.608850
109.666667	0.5	9.611750
109.675000	0.5	9.607150
109.683333	0.5	9.610450
109.691667	0.5	9.621050
109.700000	0.5	9.626400
109.708333	0.5	9.618050
109.716667	0.5	9.628250
109.725000	0.5	9.631850
109.733333	0.5	9.632600
109.741667	0.5	9.637150
109.750000	0.5	9.635600
109.758333	0.5	9.628750
109.766667	0.5	9.629350
109.775000	0.5	9.632500
109.783333	0.5	9.636600
109.791667	0.5	9.636600
109.800000	0.5	9.645400
109.808333	0.5	9.630700
109.816667	0.5	9.639050
109.825000	0.5	9.634800
109.833333	0.5	9.643700
109.841667	0.5	9.641150
109.850000	0.5	9.635950
109.858333	0.5	9.637350
109.866667	0.5	9.626500
109.875000	0.5	9.644550
109.883333	0.5	9.638050
109.891667	0.5	9.645700
109.900000	0.5	9.640450
109.908333	0.5	9.633850
109.916667	0.5	9.637900
109.925000	0.5	9.624850
109.933333	0.5	9.635600
109.941667	0.5	9.632100
109.950000	0.5	9.633400
109.958333	0.5	9.621550
109.966667	0.5	9.623500
109.975000	0.5	9.642900
109.983333	0.5	9.623200
109.991667	0.5	9.625300
110.000000	0.5	9.636200
110.008333	0.5	9.620800
110.016667	0.5	9.620600
110.025000	0.5	9.620750
110.033333	0.5	9.615150
110.041667	0.5	9.624550
110.050000	0.5	9.616800
110.058333	0.5	9.618200
110.066667	0.5	9.617950
110.075000	0.5	9.621450
110.083333	0.5	9.617500
110.091667	0.5	9.610400
110.100000	0.5	9.621050
110.108333	0.5	9.616800
110.116667	0.5	9.609000
110.125000	0.5	9.614550
110.133333	0.5	9.595950
110.141667	0.5	9.602400
110.150000	0.5	9.600500
110.158333	0.5	9.603750
110.166667	0.5	9.603150
110.175000	0.5	9.605950
110.183333	0.5	9.599000
110.191667	0.5	9.586950
110.200000	0.5	9.583250
110.208333	0.5	9.590600
110.216667	0.5	9.583050
110.225000	0.5	9.580550
110.233333	0.5	9.576450
110.241667	0.5	9.575050
110.250000	0.5	9.573350
110.258333	0.5	9.584650
110.266667	0.5	9.580500
110.275000	0.5	9.569400
110.283333	0.5	9.562050
110.291667	0.5	9.560900
110.300000	0.5	9.565100
110.308333	0.5	9.554050
110.316667	0.5	9.550550
110.325000	0.5	9.544000
110.333333	0.5	9.550650
110.341667	0.5	9.542550
110.350000	0.5	9.527050
110.358333	0.5	9.528800
110.366667	0.5	9.530900
110.375000	0.5	9.521900
110.383333	0.5	9.522950
110.391667	0.5	9.526150
110.400000	0.5	9.520450
110.408333	0.5	9.506550
110.416667	0.5	9.508950
110.425000	0.5	9.504900
110.433333	0.5	9.493900
110.441667	0.5	9.496050
110.450000	0.5	9.501250
110.458333	0.5	9.490400
110.466667	0.5	9.486850
110.475000	0.5	9.480400
110.483333	0.5	9.479300
110.491667	0.5	9.478000
110.500000	0.5	9.467550
110.508333	0.5	9.462000
110.516667	0.5	9.458650
110.525000	0.5	9.462250
110.533333	0.5	9.451150
110.541667	0.5	9.450300
110.550000	0.5	9.443100
110.558333	0.5	9.437550
110.566667	0.5	9.436350
110.575000	0.5	9.434850
110.583333	0.5	9.426700
110.591667	0.5	9.424900
110.600000	0.5	9.417450
110.608333	0.5	9.414700
110.616667	0.5	9.408550
110.625000	0.5	9.405550
110.633333	0.5	9.403200
110.641667	0.5	9.403200
110.650000	0.5	9.389550
110.658333	0.5	9.389300
110.666667	0.5	9.385800
110.675000	0.5	9.388450
110.683333	0.5	9.369100
110.691667	0.5	9.369050
110.700000	0.5	9.364800
110.708333	0.5	9.359650
110.716667	0.5	9.340500
110.725000	0.5	9.350350
110.733333	0.5	9.347950
110.741667	0.5	9.350300
110.750000	0.5	9.347650
110.758333	0.5	9.338800
110.766667	0.5	9.344200
110.775000	0.5	9.330000
110.783333	0.5	9.329800
110.791667	0.5	9.326300
110.800000	0.5	9.332900
110.808333	0.5	9.322750
110.816667	0.5	9.329100
110.825000	0.5	9.315550
110.833333	0.5	9.302900
110.841667	0.5	9.308300
110.850000	0.5	9.303200
110.858333	0.5	9.298650
110.866667	0.5	9.287700
110.875000	0.5	9.292300
110.883333	0.5	9.287900
110.891667	0.5	9.298150
110.900000	0.5	9.284250
110.908333	0.5	9.281900
110.916667	0.5	9.279900
110.925000	0.5	9.272700
110.933333	0.5	9.275200
110.941667	0.5	9.285050
110.950000	0.5	9.264050
110.958333	0.5	9.266300
110.966667	0.5	9.264600
110.975000	0.5	9.278650
110.983333	0.5	9.292350
110.991667	0.5	9.265300
111.000000	0.5	9.263400
111.008333	0.5	9.268850
111.016667	0.5	9.255100
111.025000	0.5	9.268050
111.033333	0.5	9.270000
111.041667	0.5	9.253150
111.050000	0.5	9.248400
111.058333	0.5	9.243650
111.066667	0.5	9.260850
111.075000	0.5	9.251850
111.083333	0.5	9.246800
111.091667	0.5	9.252850
111.100000	0.5	9.258550
111.108333	0.5	9.239550
111.116667	0.5	9.262050
111.125000	0.5	9.254300
111.133333	0.5	9.241800
111.141667	0.5	9.249100
111.150000	0.5	9.242200
111.158333	0.5	9.242250
111.166667	0.5	9.239500
111.175000	0.5	9.246800
111.183333	0.5	9.239100
111.191667	0.5	9.232650
111.200000	0.5	9.235600
111.208333	0.5	9.250500
111.216667	0.5	9.239600
111.225000	0.5	9.252550
111.233333	0.5	9.244750
111.241667	0.5	9.249050
111.250000	0.5	9.245500
111.258333	0.5	9.245650
111.266667	0.5	9.242950
111.275000	0.5	9.243000
111.283333	0.5	9.237750
111.291667	0.5	9.242850
111.300000	0.5	9.232400
111.308333	0.5	9.239050
111.316667	0.5	9.233000
111.325000	0.5	9.239750
111.333333	0.5	9.237050
111.341667	0.5	9.240600
111.350000	0.5	9.232200
111.358333	0.5	9.249150
111.366667	0.5	9.243050
111.375000	0.5	9.242350
111.383333	0.5	9.236050
111.391667	0.5	9.237200
111.400000	0.5	9.237500
111.408333	0.5	9.241650
111.416667	0.5	9.234900
111.425000	0.5	9.239500
111.433333	0.5	9.230150
111.441667	0.5	9.239250
111.450000	0.5	9.240100
111.458333	0.5	9.232300
111.466667	0.5	9.234200
111.475000	0.5	9.240200
111.483333	0.5	9.242200
111.491667	0.5	9.238050
111.500000	0.5	9.238950
111.508333	0.5	9.250900
111.516667	0.5	9.244950
111.525000	0.5	9.241950
111.533333	0.5	9.237800
111.541667	0.5	9.244200
111.550000	0.5	9.241700
111.558333	0.5	9.237400
111.566667	0.5	9.238850
111.575000	0.5	9.249950
111.583333	0.5	9.261200
111.591667	0.5	9.249400
111.600000	0.5	9.263350
111.608333	0.5	9.261250
111.616667	0.5	9.255650
111.625000	0.5	9.261850
111.633333	0.5	9.266200
111.641667	0.5	9.257200
111.650000	0.5	9.268050
111.658333	0.5	9.282100
111.666667	0.5	9.262900
111.675000	0.5	9.271900
111.683333	0.5	9.268450
111.691667	0.5	9.270750
111.700000	0.5	9.277750
111.708333	0.5	9.278250
111.716667	0.5	9.281850
111.725000	0.5	9.282300
111.733333	0.5	9.290800
111.741667	0.5	9.290150
111.750000	0.5	9.285650
111.758333	0.5	9.284550
111.766667	0.5	9.288800
111.775000	0.5	9.299350
111.783333	0.5	9.288550
111.791667	0.5	9.290550
111.800000	0.5	9.297700
111.808333	0.5	9.298350
111.816667	0.5	9.299800
111.825000	0.5	9.290450
111.833333	0.5	9.296500
111.841667	0.5	9.288250
111.850000	0.5	9.283550
111.858333	0.5	9.286800
111.866667	0.5	9.286050
111.875000	0.5	9.287650
111.883333	0.5	9.293600
111.891667	0.5	9.288600
111.900000	0.5	9.291250
111.908333	0.5	9.298900
111.916667	0.5	9.291250
111.925000	0.5	9.294700
111.933333	0.5	9.300500
111.941667	0.5	9.302450
111.950000	0.5	9.298050
111.958333	0.5	9.294550
111.966667	0.5	9.307500
111.975000	0.5	9.306300
111.983333	0.5	9.304850
111.991667	0.5	9.318150
112.000000	0.5	9.319650
112.008333	0.5	9.315800
112.016667	0.5	9.318250
112.025000	0.5	9.321550
112.033333	0.5	9.320000
112.041667	0.5	9.314350
112.050000	0.5	9.322150
112.058333	0.5	9.327850
112.066667	0.5	9.323200
112.075000	0.5	9.333150
112.083333	0.5	9.343250
112.091667	0.5	9.342000
112.100000	0.5	9.344950
112.108333	0.5	9.346700
112.116667	0.5	9.349550
112.125000	0.5	9.351800
112.133333	0.5	9.353700
112.141667	0.5	9.350750
112.150000	0.5	9.351050
112.158333	0.5	9.355950
112.166667	0.5	9.349500
112.175000	0.5	9.358850
112.183333	0.5	9.367950
112.191667	0.5	9.360650
112.200000	0.5	9.371650
112.208333	0.5	9.377900
112.216667	0.5	9.376250
112.225000	0.5	9.375050
112.233333	0.5	9.366050
112.241667	0.5	9.374000
112.250000	0.5	9.376000
112.258333	0.5	9.376350
112.266667	0.5	9.379750
112.275000	0.5	9.382500
112.283333	0.5	9.384500
112.291667	0.5	9.384350
112.300000	0.5	9.389600
112.308333	0.5	9.383150
112.316667	0.5	9.379000
112.325000	0.5	9.395900
112.333333	0.5	9.393650
112.341667	0.5	9.388450
112.350000	0.5	9.387750
112.358333	0.5	9.401950
112.366667	0.5	9.408700
112.375000	0.5	9.399500
112.383333	0.5	9.406300
112.391667	0.5	9.407100
112.400000	0.5	9.404250
112.408333	0.5	9.408100
112.416667	0.5	9.403700
112.425000	0.5	9.411250
112.433333	0.5	9.402550
112.441667	0.5	9.414400
112.450000	0.5	9.412950
112.458333	0.5	9.418300
112.466667	0.5	9.421300
112.475000	0.5	9.414350
112.483333	0.5	9.425900
112.491667	0.5	9.422350
112.500000	0.5	9.426900
112.508333	0.5	9.431200
112.516667	0.5	9.430350
112.525000	0.5	9.435650
112.533333	0.5	9.420400
112.541667	0.5	9.421150
112.550000	0.5	9.423150
112.558333	0.5	9.428300
112.566667	0.5	9.425750
112.575000	0.5	9.432400
112.583333	0.5	9.436150
112.591667	0.5	9.425900
112.600000	0.5	9.444000
112.608333	0.5	9.432800
112.616667	0.5	9.434650
112.625000	0.5	9.436250
112.633333	0.5	9.434250
112.641667	0.5	9.429950
112.650000	0.5	9.423150
112.658333	0.5	9.436500
112.666667	0.5	9.432400
112.675000	0.5	9.427350
112.683333	0.5	9.435050
112.691667	0.5	9.427600
112.700000	0.5	9.429250
112.708333	0.5	9.423100
112.716667	0.5	9.426900
112.725000	0.5	9.438300
112.733333	0.5	9.424550
112.741667	0.5	9.434950
112.750000	0.5	9.439550
112.758333	0.5	9.440700
112.766667	0.5	9.433950
112.775000	0.5	9.437800
112.783333	0.5	9.444950
112.791667	0.5	9.438300
112.800000	0.5	9.443850
112.808333	0.5	9.437400
112.816667	0.5	9.445350
112.825000	0.5	9.442800
112.833333	0.5	9.446050
112.841667	0.5	9.442850
112.850000	0.5	9.445300
112.858333	0.5	9.439400
112.866667	0.5	9.441900
112.875000	0.5	9.450400
112.883333	0.5	9.452600
112.891667	0.5	9.457300
112.900000	0.5	9.478700
112.908333	0.5	9.469250
112.916667	0.5	9.482950
112.925000	0.5	9.474650
112.933333	0.5	9.473300
112.941667	0.5	9.488400
112.950000	0.5	9.474200
112.958333	0.5	9.483400
112.966667	0.5	9.493500
112.975000	0.5	9.486950
112.983333	0.5	9.489350
112.991667	0.5	9.492900
113.000000	0.5	9.510900
113.008333	0.5	9.492450
113.016667	0.5	9.499100
113.025000	0.5	9.499950
113.033333	0.5	9.513400
113.041667	0.5	9.510200
113.050000	0.5	9.515650
113.058333	0.5	9.524700
113.066667	0.5	9.509350
113.075000	0.5	9.526850
113.083333	0.5	9.528350
113.091667	0.5	9.522500
113.100000	0.5	9.537750
113.108333	0.5	9.528150
113.116667	0.5	9.525300
113.125000	0.5	9.532600
113.133333	0.5	9.526900
113.141667	0.5	9.528500
113.150000	0.5	9.533400
113.158333	0.5	9.532200
113.166667	0.5	9.546200
113.175000	0.5	9.535950
113.183333	0.5	9.538400
113.191667	0.5	9.537500
113.200000	0.5	9.541950
113.208333	0.5	9.535400
113.216667	0.5	9.544650
113.225000	0.5	9.548650
113.233333	0.5	9.553650
113.241667	0.5	9.546950
113.250000	0.5	9.552400
113.258333	0.5	9.546750
113.266667	0.5	9.553700
113.275000	0.5	9.549250
113.283333	0.5	9.552750
113.291667	0.5	9.543200
113.300000	0.5	9.557900
113.308333	0.5	9.552300
113.316667	0.5	9.552350
113.325000	0.5	9.559350
113.333333	0.5	9.547400
113.341667	0.5	9.554000
113.350000	0.5	9.546450
113.358333	0.5	9.549900
113.366667	0.5	9.545650
113.375000	0.5	9.539700
113.383333	0.5	9.535050
113.391667	0.5	9.531050
113.400000	0.5	9.537300
113.408333	0.5	9.536000
113.416667	0.5	9.528400
113.425000	0.5	9.524600
113.433333	0.5	9.521850
113.441667	0.5	9.517900
113.450000	0.5	9.527300
113.458333	0.5	9.517350
113.466667	0.5	9.511550
113.475000	0.5	9.514000
113.483333	0.5	9.520700
113.491667	0.5	9.507650
113.500000	0.5	9.507000
113.508333	0.5	9.511250
113.516667	0.5	9.502850
113.525000	0.5	9.520450
113.533333	0.5	9.510850
113.541667	0.5	9.505550
113.550000	0.5	9.495550
113.558333	0.5	9.500500
113.566667	0.5	9.498550
113.575000	0.5	9.494950
113.583333	0.5	9.502100
113.591667	0.5	9.509200
113.600000	0.5	9.491850
113.608333	0.5	9.495100
113.616667	0.5	9.494350
113.625000	0.5	9.506850
113.633333	0.5	9.502800
113.641667	0.5	9.488300
113.650000	0.5	9.494300
113.658333	0.5	9.493800
113.666667	0.5	9.491450
113.675000	0.5	9.492450
113.683333	0.5	9.482550
113.691667	0.5	9.472400
113.700000	0.5	9.478700
113.708333	0.5	9.473300
113.716667	0.5	9.466700
113.725000	0.5	9.464750
113.733333	0.5	9.458450
113.741667	0.5	9.469050
113.750000	0.5	9.456400
113.758333	0.5	9.462850
113.766667	0.5	9.452650
113.775000	0.5	9.456650
113.783333	0.5	9.444000
113.791667	0.5	9.437750
113.800000	0.5	9.436600
113.808333	0.5	9.434250
113.816667	0.5	9.424050
113.825000	0.5	9.440050
113.833333	0.5	9.437650
113.841667	0.5	9.419400
113.850000	0.5	9.441550
113.858333	0.5	9.425200
113.866667	0.5	9.427800
113.875000	0.5	9.427400
113.883333	0.5	9.420100
113.891667	0.5	9.429300
113.900000	0.5	9.418000
113.908333	0.5	9.429250
113.916667	0.5	9.416300
113.925000	0.5	9.408450
113.933333	0.5	9.412100
113.941667	0.5	9.410600
113.950000	0.5	9.407350
113.958333	0.5	9.396600
113.966667	0.5	9.403150
113.975000	0.5	9.399350
113.983333	0.5	9.398600
113.991667	0.5	9.403050
114.000000	0.5	9.396400
114.008333	0.5	9.401000
114.016667	0.5	9.383100
114.025000	0.5	9.399000
114.033333	0.5	9.398400
114.041667	0.5	9.384950
114.050000	0.5	9.384950
114.058333	0.5	9.385300
114.066667	0.5	9.382400
114.075000	0.5	9.368650
114.083333	0.5	9.379650
114.091667	0.5	9.376100
114.100000	0.5	9.372300
114.108333	0.5	9.376200
114.116667	0.5	9.371400
114.125000	0.5	9.364850
114.133333	0.5	9.365150
114.141667	0.5	9.364950
114.150000	0.5	9.368700
114.158333	0.5	9.360800
114.166667	0.5	9.359950
114.175000	0.5	9.356800
114.183333	0.5	9.362850
114.191667	0.5	9.362100
114.200000	0.5	9.344400
114.208333	0.5	9.344950
114.216667	0.5	9.340600
114.225000	0.5	9.344800
114.233333	0.5	9.348200
114.241667	0.5	9.341000
114.250000	0.5	9.331350
114.258333	0.5	9.349700
114.266667	0.5	9.334050
114.275000	0.5	9.329150
114.283333	0.5	9.342700
114.291667	0.5	9.328400
114.300000	0.5	9.329250
114.308333	0.5	9.326450
114.316667	0.5	9.314650
114.325000	0.5	9.321150
114.333333	0.5	9.308950
114.341667	0.5	9.300800
114.350000	0.5	9.316300
114.358333	0.5	9.300700
114.366667	0.5	9.302200
114.375000	0.5	9.291350
114.383333	0.5	9.299450
114.391667	0.5	9.294800
114.400000	0.5	9.291950
114.408333	0.5	9.281950
114.416667	0.5	9.287600
114.425000	0.5	9.291850
114.433333	0.5	9.271950
114.441667	0.5	9.267250
114.450000	0.5	9.269550
114.458333	0.5	9.260450
114.466667	0.5	9.257200
114.475000	0.5	9.261550
114.483333	0.5	9.253900
114.491667	0.5	9.255550
114.500000	0.5	9.250250
114.508333	0.5	9.253250
114.516667	0.5	9.245000
114.525000	0.5	9.246300
114.533333	0.5	9.244250
114.541667	0.5	9.243250
114.550000	0.5	9.247700
114.558333	0.5	9.247300
114.566667	0.5	9.244150
114.575000	0.5	9.244150
114.583333	0.5	9.244550
114.591667	0.5	9.242950
114.600000	0.5	9.243350
114.608333	0.5	9.232850
114.616667	0.5	9.226950
114.625000	0.5	9.227700
114.633333	0.5	9.233400
114.641667	0.5	9.233600
114.650000	0.5	9.230300
114.658333	0.5	9.233900
114.666667	0.5	9.232800
114.675000	0.5	9.239300
114.683333	0.5	9.221900
114.691667	0.5	9.226950
114.700000	0.5	9.227200
114.708333	0.5	9.221450
114.716667	0.5	9.214750
114.725000	0.5	9.213700
114.733333	0.5	9.207150
114.741667	0.5	9.209450
114.750000	0.5	9.204300
114.758333	0.5	9.213400
114.766667	0.5	9.208600
114.775000	0.5	9.210600
114.783333	0.5	9.199700
114.791667	0.5	9.207750
114.800000	0.5	9.201700
114.808333	0.5	9.198200
114.816667	0.5	9.200450
114.825000	0.5	9.204000
114.833333	0.5	9.196850
114.841667	0.5	9.207950
114.850000	0.5	9.206400
114.858333	0.5	9.206650
114.866667	0.5	9.190100
114.875000	0.5	9.198900
114.883333	0.5	9.199600
114.891667	0.5	9.202000
114.900000	0.5	9.188550
114.908333	0.5	9.196700
114.916667	0.5	9.177750
114.925000	0.5	9.177200
114.933333	0.5	9.171750
114.941667	0.5	9.185500
114.950000	0.5	9.181600
114.958333	0.5	9.171750
114.966667	0.5	9.166600
114.975000	0.5	9.168000
114.983333	0.5	9.166850
114.991667	0.5	9.164350
115.000000	0.5	9.157900
115.008333	0.5	9.156650
115.016667	0.5	9.138550
115.025000	0.5	9.148350
115.033333	0.5	9.138150
115.041667	0.5	9.148800
115.050000	0.5	9.140750
115.058333	0.5	9.139500
115.066667	0.5	9.141350
115.075000	0.5	9.142150
115.083333	0.5	9.133800
115.091667	0.5	9.136650
115.100000	0.5	9.133700
115.108333	0.5	9.119650
115.116667	0.5	9.123800
115.125000	0.5	9.119500
115.133333	0.5	9.120750
115.141667	0.5	9.112800
115.150000	0.5	9.109950
115.158333	0.5	9.112950
115.166667	0.5	9.102250
115.175000	0.5	9.090500
115.183333	0.5	9.093000
115.191667	0.5	9.084700
115.200000	0.5	9.091800
115.208333	0.5	9.080800
115.216667	0.5	9.100400
115.225000	0.5	9.095150
115.233333	0.5	9.091300
115.241667	0.5	9.094950
115.250000	0.5	9.094750
115.258333	0.5	9.087750
115.266667	0.5	9.092200
115.275000	0.5	9.073950
115.283333	0.5	9.072800
115.291667	0.5	9.084700
115.300000	0.5	9.066300
115.308333	0.5	9.070650
115.316667	0.5	9.056800
115.325000	0.5	9.070550
115.333333	0.5	9.074850
115.341667	0.5	9.065150
115.350000	0.5	9.055100
115.358333	0.5	9.055050
115.366667	0.5	9.061750
115.375000	0.5	9.056650
115.383333	0.5	9.054250
115.391667	0.5	9.056200
115.400000	0.5	9.052300
115.408333	0.5	9.050250
115.416667	0.5	9.050000
115.425000	0.5	9.052800
115.433333	0.5	9.051400
115.441667	0.5	9.047500
115.450000	0.5	9.056450
115.458333	0.5	9.045500
115.466667	0.5	9.055750
115.475000	0.5	9.053250
115.483333	0.5	9.045500
115.491667	0.5	9.049550
115.500000	0.5	9.045750
115.508333	0.5	9.036350
115.516667	0.5	9.040400
115.525000	0.5	9.041700
115.533333	0.5	9.046750
115.541667	0.5	9.035650
115.550000	0.5	9.057100
115.558333	0.5	9.058100
115.566667	0.5	9.056350
115.575000	0.5	9.047500
115.583333	0.5	9.046900
115.591667	0.5	9.039950
115.600000	0.5	9.056900
115.608333	0.5	9.052950
115.616667	0.5	9.056550
115.625000	0.5	9.058300
115.633333	0.5	9.049900
115.641667	0.5	9.048350
115.650000	0.5	9.063600
115.658333	0.5	9.043900
115.666667	0.5	9.061000
115.675000	0.5	9.060650
115.683333	0.5	9.042950
115.691667	0.5	9.054900
115.700000	0.5	9.040850
115.708333	0.5	9.051100
115.716667	0.5	9.042400
115.725000	0.5	9.050450
115.733333	0.5	9.040450
115.741667	0.5	9.039350
115.750000	0.5	9.037800
115.758333	0.5	9.044300
115.766667	0.5	9.035100
115.775000	0.5	9.047100
115.783333	0.5	9.043000
115.791667	0.5	9.051150
115.800000	0.5	9.044550
115.808333	0.5	9.046800
115.816667	0.5	9.031400
115.825000	0.5	9.038700
115.833333	0.5	9.052450
115.841667	0.5	9.038100
115.850000	0.5	9.043750
115.858333	0.5	9.038850
115.866667	0.5	9.044950
115.875000	0.5	9.046050
115.883333	0.5	9.051400
115.891667	0.5	9.043150
115.900000	0.5	9.048600
115.908333	0.5	9.041950
115.916667	0.5	9.048600
115.925000	0.5	9.035400
115.933333	0.5	9.022200
115.941667	0.5	9.027000
115.950000	0.5	9.039600
115.958333	0.5	9.020300
115.966667	0.5	9.029250
115.975000	0.5	9.034400
115.983333	0.5	9.021100
115.991667	0.5	9.027000
116.000000	0.5	9.024750
116.008333	0.5	9.024350
116.016667	0.5	9.022500
116.025000	0.5	9.011300
116.033333	0.5	9.012750
116.041667	0.5	9.009900
116.050000	0.5	9.009250
116.058333	0.5	9.014900
116.066667	0.5	9.019250
116.075000	0.5	9.004150
116.083333	0.5	9.007700
116.091667	0.5	9.007800
116.100000	0.5	8.996300
116.108333	0.5	8.996050
116.116667	0.5	9.000000
116.125000	0.5	8.974550
116.133333	0.5	8.997050
116.141667	0.5	8.983200
116.150000	0.5	8.999050
116.158333	0.5	8.985300
116.166667	0.5	8.982950
116.175000	0.5	8.981600
116.183333	0.5	8.968850
116.191667	0.5	8.972900
116.200000	0.5	8.968700
116.208333	0.5	8.970850
116.216667	0.5	8.965550
116.225000	0.5	8.960150
116.233333	0.5	8.960900
116.241667	0.5	8.958250
116.250000	0.5	8.945650
116.258333	0.5	8.960400
116.266667	0.5	8.940800
116.275000	0.5	8.939950
116.283333	0.5	8.947850
116.291667	0.5	8.940050
116.300000	0.5	8.935700
116.308333	0.5	8.944450
116.316667	0.5	8.925400
116.325000	0.5	8.944400
116.333333	0.5	8.935100
116.341667	0.5	8.924800
116.350000	0.5	8.935150
116.358333	0.5	8.925950
116.366667	0.5	8.922750
116.375000	0.5	8.931350
116.383333	0.5	8.913200
116.391667	0.5	8.912650
116.400000	0.5	8.920200
116.408333	0.5	8.898650
116.416667	0.5	8.900100
116.425000	0.5	8.902600
116.433333	0.5	8.901450
116.441667	0.5	8.909050
116.450000	0.5	8.894200
116.458333	0.5	8.907650
116.466667	0.5	8.895750
116.475000	0.5	8.899300
116.483333	0.5	8.903800
116.491667	0.5	8.897500
116.500000	0.5	8.884750
116.508333	0.5	8.891600
116.516667	0.5	8.888650
116.525000	0.5	8.892600
116.533333	0.5	8.888350
116.541667	0.5	8.890750
116.550000	0.5	8.891550
116.558333	0.5	8.893050
116.566667	0.5	8.884850
116.575000	0.5	8.883850
116.583333	0.5	8.873550
116.591667	0.5	8.880850
116.600000	0.5	8.866850
116.608333	0.5	8.879050
116.616667	0.5	8.873900
116.625000	0.5	8.875700
116.633333	0.5	8.859950
116.641667	0.5	8.856800
116.650000	0.5	8.860950
116.658333	0.5	8.844900
116.666667	0.5	8.840800
116.675000	0.5	8.848250
116.683333	0.5	8.840900
116.691667	0.5	8.831200
116.700000	0.5	8.835850
116.708333	0.5	8.829700
116.716667	0.5	8.845250
116.725000	0.5	8.833700
116.733333	0.5	8.832000
116.741667	0.5	8.833000
116.750000	0.5	8.826550
116.758333	0.5	8.830000
116.766667	0.5	8.826700
116.775000	0.5	8.828500
116.783333	0.5	8.830100
116.791667	0.5	8.827350
116.800000	0.5	8.829350
116.808333	0.5	8.822250
116.816667	0.5	8.812350
116.825000	0.5	8.806950
116.833333	0.5	8.818150
116.841667	0.5	8.822200
116.850000	0.5	8.802500
116.858333	0.5	8.802700
116.866667	0.5	8.803800
116.875000	0.5	8.802300
116.883333	0.5	8.797950
116.891667	0.5	8.805650
116.900000	0.5	8.801850
116.908333	0.5	8.793500
116.916667	0.5	8.795600
116.925000	0.5	8.788300
116.933333	0.5	8.798200
116.941667	0.5	8.793850
116.950000	0.5	8.783950
116.958333	0.5	8.794850
116.966667	0.5	8.789600
116.975000	0.5	8.783450
116.983333	0.5	8.778700
116.991667	0.5	8.789700
117.000000	0.5	8.778250
117.008333	0.5	8.768750
117.016667	0.5	8.777350
117.025000	0.5	8.760150
117.033333	0.5	8.762300
117.041667	0.5	8.767350
117.050000	0.5	8.765600
117.058333	0.5	8.757900
117.066667	0.5	8.765600
117.075000	0.5	8.756650
117.083333	0.5	8.760400
117.091667	0.5	8.763800
117.100000	0.5	8.772050
117.108333	0.5	8.765450
117.116667	0.5	8.768800
117.125000	0.5	8.756350
117.133333	0.5	8.758000
117.141667	0.5	8.758900
117.150000	0.5	8.764900
117.158333	0.5	8.759750
117.166667	0.5	8.766600
117.175000	0.5	8.762550
117.183333	0.5	8.762000
117.191667	0.5	8.762400
117.200000	0.5	8.767250
117.208333	0.5	8.759600
117.216667	0.5	8.760350
117.225000	0.5	8.764250
117.233333	0.5	8.766150
117.241667	0.5	8.761250
117.250000	0.5	8.766250
117.258333	0.5	8.760300
117.266667	0.5	8.750350
117.275000	0.5	8.756300
117.283333	0.5	8.751200
117.291667	0.5	8.743550
117.300000	0.5	8.749050
117.308333	0.5	8.737250
117.316667	0.5	8.744750
117.325000	0.5	8.749750
117.333333	0.5	8.748100
117.341667	0.5	8.744650
117.350000	0.5	8.751650
117.358333	0.5	8.752600
117.366667	0.5	8.733450
117.375000	0.5	8.745800
117.383333	0.5	8.744500
117.391667	0.5	8.746200
117.400000	0.5	8.744150
117.408333	0.5	8.735450
117.416667	0.5	8.745000
117.425000	0.5	8.748450
117.433333	0.5	8.743300
117.441667	0.5	8.745950
117.450000	0.5	8.745600
117.458333	0.5	8.746600
117.466667	0.5	8.741550
117.475000	0.5	8.747550
117.483333	0.5	8.760450
117.491667	0.5	8.758300
117.500000	0.5	8.759200
117.508333	0.5	8.755750
117.516667	0.5	8.767600
117.525000	0.5	8.769650
117.533333	0.5	8.771450
117.541667	0.5	8.781650
117.550000	0.5	8.787000
117.558333	0.5	8.791150
117.566667	0.5	8.820300
117.575000	0.5	8.811350
117.583333	0.5	8.823950
117.591667	0.5	8.820950
117.600000	0.5	8.836250
117.608333	0.5	8.855100
117.616667	0.5	8.857350
117.625000	0.5	8.874200
117.633333	0.5	8.894300
117.641667	0.5	8.907950
117.650000	0.5	8.909900
117.658333	0.5	8.943750
117.666667	0.5	8.950650
117.675000	0.5	8.962450
117.683333	0.5	8.987400
117.691667	0.5	9.006350
117.700000	0.5	9.017050
117.708333	0.5	9.052450
117.716667	0.5	9.060750
117.725000	0.5	9.080600
117.733333	0.5	9.110500
117.741667	0.5	9.130800
117.750000	0.5	9.154100
117.758333	0.5	9.187700
117.766667	0.5	9.218800
117.775000	0.5	9.245600
117.783333	0.5	9.276900
117.791667	0.5	9.298000
117.800000	0.5	9.332350
117.808333	0.5	9.357600
117.816667	0.5	9.391900
117.825000	0.5	9.440800
117.833333	0.5	9.473450
117.841667	0.5	9.503250
117.850000	0.5	9.536050
117.858333	0.5	9.572000
117.866667	0.5	9.621250
117.875000	0.5	9.664500
117.883333	0.5	9.715450
117.891667	0.5	9.751250
117.900000	0.5	9.798350
117.908333	0.5	9.840500
117.916667	0.5	9.906000
117.925000	0.5	9.962850
117.933333	0.5	10.024900
117.941667	0.5	10.064150
117.950000	0.5	10.128400
117.958333	0.5	10.184850
117.966667	0.5	10.244950
117.975000	0.5	10.321050
117.983333	0.5	10.385300
117.991667	0.5	10.460850
118.000000	0.5	10.534750
118.008333	0.5	10.627200
118.016667	0.5	10.704550
118.025000	0.5	10.791000
118.033333	0.5	10.875400
118.041667	0.5	10.960050
118.050000	0.5	11.065600
118.058333	0.5	11.165000
118.066667	0.5	11.258650
118.075000	0.5	11.361250
118.083333	0.5	11.477300
118.091667	0.5	11.584800
118.100000	0.5	11.700100
118.108333	0.5	11.829600
118.116667	0.5	11.922500
118.125000	0.5	12.037800
118.133333	0.5	12.147650
118.141667	0.5	12.260900
118.150000	0.5	12.385050
118.158333	0.5	12.482400
118.166667	0.5	12.583650
118.175000	0.5	12.675900
118.183333	0.5	12.779300
118.191667	0.5	12.869950
118.200000	0.5	12.955700
118.208333	0.5	13.026500
118.216667	0.5	13.111400
118.225000	0.5	13.174150
118.233333	0.5	13.229900
118.241667	0.5	13.293500
118.250000	0.5	13.351350
118.258333	0.5	13.391100
118.266667	0.5	13.447700
118.275000	0.5	13.476150
118.283333	0.5	13.517050
118.291667	0.5	13.538950
118.300000	0.5	13.563350
118.308333	0.5	13.561900
118.316667	0.5	13.572200
118.325000	0.5	13.562450
118.333333	0.5	13.538050
118.341667	0.5	13.512200
118.350000	0.5	13.479800
118.358333	0.5	13.432200
118.366667	0.5	13.377650
118.375000	0.5	13.308500
118.383333	0.5	13.206400
118.391667	0.5	13.122600
118.400000	0.5	13.010700
118.408333	0.5	12.900850
118.416667	0.5	12.790700
118.425000	0.5	12.657300
118.433333	0.5	12.529650
118.441667	0.5	12.412750
118.450000	0.5	12.270150
118.458333	0.5	12.155900
118.466667	0.5	12.043300
118.475000	0.5	11.923850
118.483333	0.5	11.815900
118.491667	0.5	11.721250
118.500000	0.5	11.618850
118.508333	0.5	11.547850
118.516667	0.5	11.457000
118.525000	0.5	11.385100
118.533333	0.5	11.323300
118.541667	0.5	11.267950
118.550000	0.5	11.202400
118.558333	0.5	11.155500
118.566667	0.5	11.115050
118.575000	0.5	11.062450
118.583333	0.5	11.039750
118.591667	0.5	11.009250
118.600000	0.5	10.982750
118.608333	0.5	10.943900
118.616667	0.5	10.929900
118.625000	0.5	10.901650
118.633333	0.5	10.889850
118.641667	0.5	10.864200
118.650000	0.5	10.838450
118.658333	0.5	10.818750
118.666667	0.5	10.825600
118.675000	0.5	10.786550
118.683333	0.5	10.756650
118.691667	0.5	10.733950
118.700000	0.5	10.728250
118.708333	0.5	10.702000
118.716667	0.5	10.692450
118.725000	0.5	10.682000
118.733333	0.5	10.673600
118.741667	0.5	10.658250
118.750000	0.5	10.648350
118.758333	0.5	10.633650
118.766667	0.5	10.631500
118.775000	0.5	10.622750
118.783333	0.5	10.625900
118.791667	0.5	10.612550
118.800000	0.5	10.595100
118.808333	0.5	10.585250
118.816667	0.5	10.603400
118.825000	0.5	10.578800
118.833333	0.5	10.586600
118.841667	0.5	10.577350
118.850000	0.5	10.575250
118.858333	0.5	10.577200
118.866667	0.5	10.580100
118.875000	0.5	10.579100
118.883333	0.5	10.569350
118.891667	0.5	10.569750
118.900000	0.5	10.572550
118.908333	0.5	10.572000
118.916667	0.5	10.570200
118.925000	0.5	10.561900
118.933333	0.5	10.565100
118.941667	0.5	10.556200
118.950000	0.5	10.555950
118.958333	0.5	10.547800
118.966667	0.5	10.551450
118.975000	0.5	10.542900
118.983333	0.5	10.560450
118.991667	0.5	10.556500
119.000000	0.5	10.560400
119.008333	0.5	10.558700
119.016667	0.5	10.576350
119.025000	0.5	10.564100
119.033333	0.5	10.562000
119.041667	0.5	10.572500
119.050000	0.5	10.561450
119.058333	0.5	10.559000
119.066667	0.5	10.555000
119.075000	0.5	10.568500
119.083333	0.5	10.566300
119.091667	0.5	10.569700
119.100000	0.5	10.568550
119.108333	0.5	10.564350
119.116667	0.5	10.585950
119.125000	0.5	10.580800
119.133333	0.5	10.580900
119.141667	0.5	10.588000
119.150000	0.5	10.593100
119.158333	0.5	10.598300
119.166667	0.5	10.604700
119.175000	0.5	10.600650
119.183333	0.5	10.615900
119.191667	0.5	10.611650
119.200000	0.5	10.615150
119.208333	0.5	10.625950
119.216667	0.5	10.639400
119.225000	0.5	10.625850
119.233333	0.5	10.616300
119.241667	0.5	10.613550
119.250000	0.5	10.618650
119.258333	0.5	10.612300
119.266667	0.5	10.611350
119.275000	0.5	10.618500
119.283333	0.5	10.623250
119.291667	0.5	10.611300
119.300000	0.5	10.617800
119.308333	0.5	10.614350
119.316667	0.5	10.620800
119.325000	0.5	10.627300
119.333333	0.5	10.624400
119.341667	0.5	10.630650
119.350000	0.5	10.625950
119.358333	0.5	10.627100
119.366667	0.5	10.629400
119.375000	0.5	10.620300
119.383333	0.5	10.614750
119.391667	0.5	10.599900
119.400000	0.5	10.600900
119.408333	0.5	10.574200
119.416667	0.5	10.549550
119.425000	0.5	10.536650
119.433333	0.5	10.518850
119.441667	0.5	10.504550
119.450000	0.5	10.490000
119.458333	0.5	10.462300
119.466667	0.5	10.441650
119.475000	0.5	10.423100
119.483333	0.5	10.405200
119.491667	0.5	10.390650
119.500000	0.5	10.368050
119.508333	0.5	10.341850
119.516667	0.5	10.338200
119.525000	0.5	10.313450
119.533333	0.5	10.317300
119.541667	0.5	10.302550
119.550000	0.5	10.293000
119.558333	0.5	10.297700
119.566667	0.5	10.290800
119.575000	0.5	10.300000
119.583333	0.5	10.282800
119.591667	0.5	10.279500
119.600000	0.5	10.283600
119.608333	0.5	10.282950
119.616667	0.5	10.292900
119.625000	0.5	10.285350
119.633333	0.5	10.285150
119.641667	0.5	10.282050
119.650000	0.5	10.296800
119.658333	0.5	10.283750
119.666667	0.5	10.286150
119.675000	0.5	10.299400
119.683333	0.5	10.302500
119.691667	0.5	10.311950
119.700000	0.5	10.324400
119.708333	0.5	10.327550
119.716667	0.5	10.338200
119.725000	0.5	10.345250
119.733333	0.5	10.359750
119.741667	0.5	10.356800
119.750000	0.5	10.361600
119.758333	0.5	10.380250
119.766667	0.5	10.396600
119.775000	0.5	10.398750
119.783333	0.5	10.403800
119.791667	0.5	10.417250
119.800000	0.5	10.413850
119.808333	0.5	10.429900
119.816667	0.5	10.439000
119.825000	0.5	10.441400
119.833333	0.5	10.451300
119.841667	0.5	10.455800
119.850000	0.5	10.443800
119.858333	0.5	10.462400
119.866667	0.5	10.451550
119.875000	0.5	10.449650
119.883333	0.5	10.444950
119.891667	0.5	10.439900
119.900000	0.5	10.426750
119.908333	0.5	10.403500
119.916667	0.5	10.407200
119.925000	0.5	10.383450
119.933333	0.5	10.378100
119.941667	0.5	10.371800
119.950000	0.5	10.363300
119.958333	0.5	10.361800
119.966667	0.5	10.359550
119.975000	0.5	10.352400
119.983333	0.5	10.339800
119.991667	0.5	10.339250
120.000000	0.5	10.341250
