URL	chrom://arspawyn4ahlab1/ChromeleonLocal/Instrument Data/ICS3000/2025_Feb 11.seq/538.smp/ED_1.channel/ED_1.chm
Channel	ED_1

Injection Information:
Data Vault	ChromeleonLocal
Sequence	2025_Feb 11
Name	4-A1 Alex
Number	7
Position	RA7
Comment	
Processing Method	Quantitative
Instrument Method	Neutral Oligosaccharides V ICS 3000
Type	Unknown
Status	Finished
Inject Time	2/11/2025 11:46:36 PM -05:00
Volume (µl)	25.0000
Dilution Factor	1.0000
Weight	1.0000

Chromatogram Data Information:
Time Min. (min)	0.000000
Time Max. (min)	120.000000
Data Points	14401
Detector	EDet1
Generating Data System	Chromeleon 7.3.0.60919
Exporting Data System	Chromeleon 7.3.0.0
Operator	Instrument Controller
Signal Quantity	
Signal Unit	nC
Signal Min.	-0.309400
Signal Max.	93.678401
Channel	ED_1
Driver Name	DC-3000
Channel Type	Evaluation
Min. Step (s)	0.5
Max. Step (s)	0.5
Average Step (s)	0.5

Signal Parameter Information:
Signal Info	

Chromatogram Data:
Time (min)	Step (s)	Value (nC)
0.000000	n.a.	0.008500
0.008333	0.5	0.003000
0.016667	0.5	-0.000950
0.025000	0.5	-0.004800
0.033333	0.5	-0.007450
0.041667	0.5	-0.009100
0.050000	0.5	-0.007900
0.058333	0.5	-0.004050
0.066667	0.5	-0.013650
0.075000	0.5	-0.022650
0.083333	0.5	-0.025150
0.091667	0.5	-0.030850
0.100000	0.5	-0.032750
0.108333	0.5	-0.032050
0.116667	0.5	-0.031700
0.125000	0.5	-0.029100
0.133333	0.5	-0.026850
0.141667	0.5	-0.028550
0.150000	0.5	-0.025400
0.158333	0.5	-0.027950
0.166667	0.5	-0.039650
0.175000	0.5	-0.043400
0.183333	0.5	-0.046200
0.191667	0.5	-0.049150
0.200000	0.5	-0.049650
0.208333	0.5	-0.048050
0.216667	0.5	-0.046050
0.225000	0.5	-0.044600
0.233333	0.5	-0.045750
0.241667	0.5	-0.043700
0.250000	0.5	-0.041600
0.258333	0.5	-0.048800
0.266667	0.5	-0.056300
0.275000	0.5	-0.060100
0.283333	0.5	-0.061700
0.291667	0.5	-0.062750
0.300000	0.5	-0.065550
0.308333	0.5	-0.063850
0.316667	0.5	-0.063300
0.325000	0.5	-0.059700
0.333333	0.5	-0.060750
0.341667	0.5	-0.055350
0.350000	0.5	-0.058100
0.358333	0.5	-0.068700
0.366667	0.5	-0.076400
0.375000	0.5	-0.078050
0.383333	0.5	-0.081400
0.391667	0.5	-0.082350
0.400000	0.5	-0.080750
0.408333	0.5	-0.083750
0.416667	0.5	-0.080850
0.425000	0.5	-0.079900
0.433333	0.5	-0.079550
0.441667	0.5	-0.078250
0.450000	0.5	-0.085700
0.458333	0.5	-0.094250
0.466667	0.5	-0.097550
0.475000	0.5	-0.101750
0.483333	0.5	-0.102800
0.491667	0.5	-0.103150
0.500000	0.5	-0.103300
0.508333	0.5	-0.100050
0.516667	0.5	-0.099350
0.525000	0.5	-0.100450
0.533333	0.5	-0.097750
0.541667	0.5	-0.101300
0.550000	0.5	-0.110300
0.558333	0.5	-0.117150
0.566667	0.5	-0.121250
0.575000	0.5	-0.123250
0.583333	0.5	-0.123800
0.591667	0.5	-0.123500
0.600000	0.5	-0.121450
0.608333	0.5	-0.120650
0.616667	0.5	-0.120450
0.625000	0.5	-0.118400
0.633333	0.5	-0.116000
0.641667	0.5	-0.125700
0.650000	0.5	-0.134400
0.658333	0.5	-0.136900
0.666667	0.5	-0.139750
0.675000	0.5	-0.141150
0.683333	0.5	-0.142300
0.691667	0.5	-0.141950
0.700000	0.5	-0.138750
0.708333	0.5	-0.137300
0.716667	0.5	-0.139350
0.725000	0.5	-0.134500
0.733333	0.5	-0.137600
0.741667	0.5	-0.145300
0.750000	0.5	-0.152550
0.758333	0.5	-0.157850
0.766667	0.5	-0.159650
0.775000	0.5	-0.160400
0.783333	0.5	-0.160400
0.791667	0.5	-0.159800
0.800000	0.5	-0.155550
0.808333	0.5	-0.155000
0.816667	0.5	-0.154600
0.825000	0.5	-0.151600
0.833333	0.5	-0.158650
0.841667	0.5	-0.166400
0.850000	0.5	-0.172050
0.858333	0.5	-0.174650
0.866667	0.5	-0.174850
0.875000	0.5	-0.176350
0.883333	0.5	-0.174050
0.891667	0.5	-0.172550
0.900000	0.5	-0.174000
0.908333	0.5	-0.172000
0.916667	0.5	-0.169650
0.925000	0.5	-0.172850
0.933333	0.5	-0.180650
0.941667	0.5	-0.188650
0.950000	0.5	-0.189950
0.958333	0.5	-0.193050
0.966667	0.5	-0.192750
0.975000	0.5	-0.191650
0.983333	0.5	-0.190850
0.991667	0.5	-0.190600
1.000000	0.5	-0.190000
1.008333	0.5	-0.189150
1.016667	0.5	-0.184650
1.025000	0.5	-0.194550
1.033333	0.5	-0.204650
1.041667	0.5	-0.206600
1.050000	0.5	-0.208350
1.058333	0.5	-0.211650
1.066667	0.5	-0.210300
1.075000	0.5	-0.209550
1.083333	0.5	-0.205400
1.091667	0.5	-0.206200
1.100000	0.5	-0.208600
1.108333	0.5	-0.203100
1.116667	0.5	-0.207650
1.125000	0.5	-0.218550
1.133333	0.5	-0.224550
1.141667	0.5	-0.223500
1.150000	0.5	-0.227550
1.158333	0.5	-0.227250
1.166667	0.5	-0.227200
1.175000	0.5	-0.228000
1.183333	0.5	-0.226100
1.191667	0.5	-0.227200
1.200000	0.5	-0.225450
1.208333	0.5	-0.223300
1.216667	0.5	-0.228550
1.225000	0.5	-0.238800
1.233333	0.5	-0.242950
1.241667	0.5	-0.243450
1.250000	0.5	-0.247300
1.258333	0.5	-0.246700
1.266667	0.5	-0.243300
1.275000	0.5	-0.243350
1.283333	0.5	-0.243350
1.291667	0.5	-0.245800
1.300000	0.5	-0.240650
1.308333	0.5	-0.246950
1.316667	0.5	-0.254700
1.325000	0.5	-0.262050
1.333333	0.5	-0.261800
1.341667	0.5	-0.266000
1.350000	0.5	-0.264450
1.358333	0.5	-0.266050
1.366667	0.5	-0.265850
1.375000	0.5	-0.264550
1.383333	0.5	-0.264700
1.391667	0.5	-0.263100
1.400000	0.5	-0.261550
1.408333	0.5	-0.268450
1.416667	0.5	-0.277500
1.425000	0.5	-0.281350
1.433333	0.5	-0.282600
1.441667	0.5	-0.285100
1.450000	0.5	-0.285350
1.458333	0.5	-0.285100
1.466667	0.5	-0.281150
1.475000	0.5	-0.281500
1.483333	0.5	-0.281500
1.491667	0.5	-0.276450
1.500000	0.5	-0.279050
1.508333	0.5	-0.289050
1.516667	0.5	-0.296250
1.525000	0.5	-0.300050
1.533333	0.5	-0.299850
1.541667	0.5	-0.300450
1.550000	0.5	-0.300850
1.558333	0.5	-0.297550
1.566667	0.5	-0.293300
1.575000	0.5	-0.292850
1.583333	0.5	-0.291150
1.591667	0.5	-0.288800
1.600000	0.5	-0.297450
1.608333	0.5	-0.304950
1.616667	0.5	-0.305550
1.625000	0.5	-0.308500
1.633333	0.5	-0.309400
1.641667	0.5	-0.308750
1.650000	0.5	-0.306200
1.658333	0.5	-0.299200
1.666667	0.5	-0.280000
1.675000	0.5	-0.237100
1.683333	0.5	-0.126900
1.691667	0.5	0.076450
1.700000	0.5	0.369650
1.708333	0.5	0.703600
1.716667	0.5	1.092250
1.725000	0.5	1.559400
1.733333	0.5	2.107100
1.741667	0.5	2.701700
1.750000	0.5	3.314200
1.758333	0.5	3.911800
1.766667	0.5	4.482900
1.775000	0.5	5.029800
1.783333	0.5	5.504200
1.791667	0.5	5.781600
1.800000	0.5	5.868700
1.808333	0.5	5.864950
1.816667	0.5	5.814200
1.825000	0.5	5.738650
1.833333	0.5	5.640550
1.841667	0.5	5.484800
1.850000	0.5	5.219400
1.858333	0.5	4.856100
1.866667	0.5	4.462000
1.875000	0.5	4.090450
1.883333	0.5	3.706950
1.891667	0.5	3.381650
1.900000	0.5	3.134250
1.908333	0.5	2.957150
1.916667	0.5	2.823500
1.925000	0.5	2.721150
1.933333	0.5	2.654450
1.941667	0.5	2.651750
1.950000	0.5	2.758850
1.958333	0.5	3.024900
1.966667	0.5	3.481400
1.975000	0.5	4.151250
1.983333	0.5	5.066600
1.991667	0.5	6.266750
2.000000	0.5	7.678800
2.008333	0.5	9.082450
2.016667	0.5	10.227800
2.025000	0.5	10.965900
2.033333	0.5	11.278950
2.041667	0.5	11.232350
2.050000	0.5	10.918400
2.058333	0.5	10.413250
2.066667	0.5	9.797450
2.075000	0.5	9.100650
2.083333	0.5	8.350650
2.091667	0.5	7.562800
2.100000	0.5	6.767050
2.108333	0.5	5.994350
2.116667	0.5	5.317750
2.125000	0.5	4.754350
2.133333	0.5	4.312150
2.141667	0.5	3.958150
2.150000	0.5	3.677200
2.158333	0.5	3.460250
2.166667	0.5	3.296700
2.175000	0.5	3.168050
2.183333	0.5	3.075500
2.191667	0.5	3.014600
2.200000	0.5	2.973000
2.208333	0.5	2.936950
2.216667	0.5	2.899350
2.225000	0.5	2.854350
2.233333	0.5	2.803750
2.241667	0.5	2.744600
2.250000	0.5	2.679950
2.258333	0.5	2.609950
2.266667	0.5	2.527150
2.275000	0.5	2.427550
2.283333	0.5	2.318400
2.291667	0.5	2.204100
2.300000	0.5	2.082350
2.308333	0.5	1.954450
2.316667	0.5	1.821600
2.325000	0.5	1.690350
2.333333	0.5	1.566100
2.341667	0.5	1.458100
2.350000	0.5	1.379550
2.358333	0.5	1.329350
2.366667	0.5	1.296650
2.375000	0.5	1.277000
2.383333	0.5	1.267200
2.391667	0.5	1.258450
2.400000	0.5	1.250000
2.408333	0.5	1.238100
2.416667	0.5	1.220550
2.425000	0.5	1.203150
2.433333	0.5	1.184750
2.441667	0.5	1.165600
2.450000	0.5	1.150550
2.458333	0.5	1.130650
2.466667	0.5	1.103050
2.475000	0.5	1.069900
2.483333	0.5	1.032250
2.491667	0.5	0.985700
2.500000	0.5	0.935100
2.508333	0.5	0.882750
2.516667	0.5	0.831550
2.525000	0.5	0.784150
2.533333	0.5	0.739050
2.541667	0.5	0.701100
2.550000	0.5	0.670950
2.558333	0.5	0.642800
2.566667	0.5	0.620100
2.575000	0.5	0.605450
2.583333	0.5	0.596900
2.591667	0.5	0.591600
2.600000	0.5	0.590150
2.608333	0.5	0.599250
2.616667	0.5	0.611650
2.625000	0.5	0.631600
2.633333	0.5	0.657900
2.641667	0.5	0.694950
2.650000	0.5	0.730550
2.658333	0.5	0.762650
2.666667	0.5	0.792300
2.675000	0.5	0.813150
2.683333	0.5	0.825700
2.691667	0.5	0.829950
2.700000	0.5	0.828950
2.708333	0.5	0.827300
2.716667	0.5	0.830700
2.725000	0.5	0.843500
2.733333	0.5	0.864450
2.741667	0.5	0.898250
2.750000	0.5	0.930100
2.758333	0.5	0.956750
2.766667	0.5	0.976400
2.775000	0.5	0.977700
2.783333	0.5	0.962850
2.791667	0.5	0.928550
2.800000	0.5	0.883850
2.808333	0.5	0.831250
2.816667	0.5	0.780050
2.825000	0.5	0.731650
2.833333	0.5	0.694400
2.841667	0.5	0.656900
2.850000	0.5	0.618600
2.858333	0.5	0.587150
2.866667	0.5	0.559100
2.875000	0.5	0.538650
2.883333	0.5	0.520300
2.891667	0.5	0.505900
2.900000	0.5	0.499000
2.908333	0.5	0.501700
2.916667	0.5	0.507450
2.925000	0.5	0.518400
2.933333	0.5	0.534600
2.941667	0.5	0.549950
2.950000	0.5	0.564300
2.958333	0.5	0.582600
2.966667	0.5	0.603650
2.975000	0.5	0.624400
2.983333	0.5	0.645200
2.991667	0.5	0.664100
3.000000	0.5	0.684200
3.008333	0.5	0.703900
3.016667	0.5	0.723300
3.025000	0.5	0.744050
3.033333	0.5	0.758450
3.041667	0.5	0.768400
3.050000	0.5	0.777050
3.058333	0.5	0.787050
3.066667	0.5	0.795750
3.075000	0.5	0.798900
3.083333	0.5	0.798750
3.091667	0.5	0.800800
3.100000	0.5	0.799550
3.108333	0.5	0.797350
3.116667	0.5	0.802700
3.125000	0.5	0.816150
3.133333	0.5	0.829400
3.141667	0.5	0.849700
3.150000	0.5	0.876600
3.158333	0.5	0.905300
3.166667	0.5	0.939900
3.175000	0.5	0.980800
3.183333	0.5	1.025000
3.191667	0.5	1.084650
3.200000	0.5	1.152550
3.208333	0.5	1.226600
3.216667	0.5	1.310200
3.225000	0.5	1.382850
3.233333	0.5	1.453000
3.241667	0.5	1.514900
3.250000	0.5	1.570200
3.258333	0.5	1.605800
3.266667	0.5	1.625150
3.275000	0.5	1.619550
3.283333	0.5	1.593700
3.291667	0.5	1.548300
3.300000	0.5	1.492550
3.308333	0.5	1.447100
3.316667	0.5	1.417300
3.325000	0.5	1.403550
3.333333	0.5	1.408150
3.341667	0.5	1.435100
3.350000	0.5	1.469450
3.358333	0.5	1.513750
3.366667	0.5	1.559150
3.375000	0.5	1.603950
3.383333	0.5	1.646850
3.391667	0.5	1.687350
3.400000	0.5	1.722550
3.408333	0.5	1.757850
3.416667	0.5	1.778950
3.425000	0.5	1.792050
3.433333	0.5	1.802200
3.441667	0.5	1.811850
3.450000	0.5	1.817100
3.458333	0.5	1.819100
3.466667	0.5	1.818900
3.475000	0.5	1.818150
3.483333	0.5	1.813250
3.491667	0.5	1.804350
3.500000	0.5	1.796550
3.508333	0.5	1.787100
3.516667	0.5	1.769800
3.525000	0.5	1.754100
3.533333	0.5	1.742200
3.541667	0.5	1.731000
3.550000	0.5	1.719950
3.558333	0.5	1.713100
3.566667	0.5	1.706500
3.575000	0.5	1.702450
3.583333	0.5	1.698500
3.591667	0.5	1.697500
3.600000	0.5	1.697800
3.608333	0.5	1.694500
3.616667	0.5	1.688500
3.625000	0.5	1.684500
3.633333	0.5	1.685000
3.641667	0.5	1.685700
3.650000	0.5	1.685150
3.658333	0.5	1.685950
3.666667	0.5	1.685250
3.675000	0.5	1.683700
3.683333	0.5	1.677850
3.691667	0.5	1.672800
3.700000	0.5	1.662350
3.708333	0.5	1.642050
3.716667	0.5	1.620750
3.725000	0.5	1.599200
3.733333	0.5	1.574300
3.741667	0.5	1.546500
3.750000	0.5	1.517450
3.758333	0.5	1.483900
3.766667	0.5	1.452950
3.775000	0.5	1.417000
3.783333	0.5	1.381350
3.791667	0.5	1.348450
3.800000	0.5	1.310150
3.808333	0.5	1.271000
3.816667	0.5	1.240150
3.825000	0.5	1.213500
3.833333	0.5	1.192200
3.841667	0.5	1.175850
3.850000	0.5	1.161800
3.858333	0.5	1.153900
3.866667	0.5	1.150450
3.875000	0.5	1.143500
3.883333	0.5	1.142950
3.891667	0.5	1.140200
3.900000	0.5	1.130850
3.908333	0.5	1.122900
3.916667	0.5	1.116400
3.925000	0.5	1.113750
3.933333	0.5	1.111250
3.941667	0.5	1.108350
3.950000	0.5	1.108100
3.958333	0.5	1.108900
3.966667	0.5	1.106100
3.975000	0.5	1.103300
3.983333	0.5	1.102500
3.991667	0.5	1.095700
4.000000	0.5	1.085900
4.008333	0.5	1.081250
4.016667	0.5	1.075600
4.025000	0.5	1.073200
4.033333	0.5	1.070750
4.041667	0.5	1.072700
4.050000	0.5	1.071900
4.058333	0.5	1.074400
4.066667	0.5	1.073700
4.075000	0.5	1.075900
4.083333	0.5	1.074700
4.091667	0.5	1.066600
4.100000	0.5	1.060050
4.108333	0.5	1.056650
4.116667	0.5	1.052850
4.125000	0.5	1.049500
4.133333	0.5	1.046250
4.141667	0.5	1.044050
4.150000	0.5	1.040950
4.158333	0.5	1.036950
4.166667	0.5	1.033150
4.175000	0.5	1.028000
4.183333	0.5	1.016900
4.191667	0.5	1.000300
4.200000	0.5	0.989300
4.208333	0.5	0.979100
4.216667	0.5	0.969000
4.225000	0.5	0.959200
4.233333	0.5	0.951600
4.241667	0.5	0.944450
4.250000	0.5	0.939300
4.258333	0.5	0.930750
4.266667	0.5	0.928400
4.275000	0.5	0.920800
4.283333	0.5	0.909450
4.291667	0.5	0.895700
4.300000	0.5	0.889700
4.308333	0.5	0.882300
4.316667	0.5	0.875900
4.325000	0.5	0.871300
4.333333	0.5	0.866100
4.341667	0.5	0.863750
4.350000	0.5	0.858250
4.358333	0.5	0.854050
4.366667	0.5	0.853400
4.375000	0.5	0.845450
4.383333	0.5	0.835750
4.391667	0.5	0.828750
4.400000	0.5	0.825000
4.408333	0.5	0.824700
4.416667	0.5	0.825000
4.425000	0.5	0.825550
4.433333	0.5	0.827700
4.441667	0.5	0.831300
4.450000	0.5	0.832400
4.458333	0.5	0.837400
4.466667	0.5	0.838450
4.475000	0.5	0.830300
4.483333	0.5	0.824350
4.491667	0.5	0.822800
4.500000	0.5	0.818500
4.508333	0.5	0.814800
4.516667	0.5	0.812300
4.525000	0.5	0.804200
4.533333	0.5	0.799300
4.541667	0.5	0.795200
4.550000	0.5	0.789150
4.558333	0.5	0.787250
4.566667	0.5	0.773150
4.575000	0.5	0.759000
4.583333	0.5	0.748450
4.591667	0.5	0.739550
4.600000	0.5	0.731700
4.608333	0.5	0.722500
4.616667	0.5	0.717300
4.625000	0.5	0.711550
4.633333	0.5	0.707500
4.641667	0.5	0.701600
4.650000	0.5	0.702250
4.658333	0.5	0.698600
4.666667	0.5	0.691500
4.675000	0.5	0.686650
4.683333	0.5	0.686750
4.691667	0.5	0.687800
4.700000	0.5	0.692500
4.708333	0.5	0.697450
4.716667	0.5	0.702350
4.725000	0.5	0.705250
4.733333	0.5	0.707800
4.741667	0.5	0.710700
4.750000	0.5	0.713250
4.758333	0.5	0.708000
4.766667	0.5	0.698100
4.775000	0.5	0.691650
4.783333	0.5	0.685100
4.791667	0.5	0.676900
4.800000	0.5	0.672250
4.808333	0.5	0.665300
4.816667	0.5	0.657150
4.825000	0.5	0.649550
4.833333	0.5	0.640450
4.841667	0.5	0.638950
4.850000	0.5	0.629350
4.858333	0.5	0.615600
4.866667	0.5	0.604150
4.875000	0.5	0.595700
4.883333	0.5	0.590300
4.891667	0.5	0.586000
4.900000	0.5	0.582000
4.908333	0.5	0.579000
4.916667	0.5	0.578750
4.925000	0.5	0.575700
4.933333	0.5	0.574550
4.941667	0.5	0.574600
4.950000	0.5	0.567200
4.958333	0.5	0.555450
4.966667	0.5	0.549650
4.975000	0.5	0.541800
4.983333	0.5	0.536000
4.991667	0.5	0.530250
5.000000	0.5	0.524000
5.008333	0.5	0.515950
5.016667	0.5	0.509850
5.025000	0.5	0.499450
5.033333	0.5	0.495400
5.041667	0.5	0.483000
5.050000	0.5	0.465550
5.058333	0.5	0.450800
5.066667	0.5	0.441850
5.075000	0.5	0.430600
5.083333	0.5	0.422100
5.091667	0.5	0.415250
5.100000	0.5	0.408600
5.108333	0.5	0.404050
5.116667	0.5	0.398800
5.125000	0.5	0.396050
5.133333	0.5	0.395500
5.141667	0.5	0.387800
5.150000	0.5	0.375600
5.158333	0.5	0.369850
5.166667	0.5	0.365650
5.175000	0.5	0.363200
5.183333	0.5	0.359900
5.191667	0.5	0.357750
5.200000	0.5	0.357100
5.208333	0.5	0.357600
5.216667	0.5	0.353650
5.225000	0.5	0.356400
5.233333	0.5	0.351850
5.241667	0.5	0.344900
5.250000	0.5	0.337150
5.258333	0.5	0.332050
5.266667	0.5	0.329050
5.275000	0.5	0.326550
5.283333	0.5	0.324650
5.291667	0.5	0.321500
5.300000	0.5	0.321600
5.308333	0.5	0.319900
5.316667	0.5	0.318850
5.325000	0.5	0.320150
5.333333	0.5	0.312500
5.341667	0.5	0.301450
5.350000	0.5	0.295950
5.358333	0.5	0.292850
5.366667	0.5	0.290950
5.375000	0.5	0.288900
5.383333	0.5	0.287800
5.391667	0.5	0.287500
5.400000	0.5	0.289150
5.408333	0.5	0.285000
5.416667	0.5	0.288450
5.425000	0.5	0.284200
5.433333	0.5	0.276700
5.441667	0.5	0.269600
5.450000	0.5	0.264350
5.458333	0.5	0.261450
5.466667	0.5	0.259200
5.475000	0.5	0.257650
5.483333	0.5	0.256750
5.491667	0.5	0.257150
5.500000	0.5	0.255300
5.508333	0.5	0.256350
5.516667	0.5	0.256100
5.525000	0.5	0.248450
5.533333	0.5	0.239450
5.541667	0.5	0.234600
5.550000	0.5	0.230200
5.558333	0.5	0.226400
5.566667	0.5	0.226050
5.575000	0.5	0.225200
5.583333	0.5	0.225600
5.591667	0.5	0.225050
5.600000	0.5	0.221950
5.608333	0.5	0.226050
5.616667	0.5	0.223700
5.625000	0.5	0.215000
5.633333	0.5	0.209300
5.641667	0.5	0.206700
5.650000	0.5	0.205500
5.658333	0.5	0.204800
5.666667	0.5	0.207300
5.675000	0.5	0.208650
5.683333	0.5	0.211550
5.691667	0.5	0.211600
5.700000	0.5	0.212600
5.708333	0.5	0.217600
5.716667	0.5	0.211850
5.725000	0.5	0.203700
5.733333	0.5	0.200750
5.741667	0.5	0.199350
5.750000	0.5	0.196500
5.758333	0.5	0.194650
5.766667	0.5	0.193600
5.775000	0.5	0.192100
5.783333	0.5	0.192750
5.791667	0.5	0.191100
5.800000	0.5	0.194200
5.808333	0.5	0.190850
5.816667	0.5	0.183200
5.825000	0.5	0.177100
5.833333	0.5	0.174100
5.841667	0.5	0.172400
5.850000	0.5	0.171450
5.858333	0.5	0.169900
5.866667	0.5	0.169100
5.875000	0.5	0.170650
5.883333	0.5	0.172300
5.891667	0.5	0.174950
5.900000	0.5	0.178500
5.908333	0.5	0.171350
5.916667	0.5	0.163900
5.925000	0.5	0.161600
5.933333	0.5	0.159200
5.941667	0.5	0.157700
5.950000	0.5	0.156650
5.958333	0.5	0.158250
5.966667	0.5	0.160950
5.975000	0.5	0.160200
5.983333	0.5	0.158600
5.991667	0.5	0.163600
6.000000	0.5	0.161200
6.008333	0.5	0.152850
6.016667	0.5	0.147500
6.025000	0.5	0.144650
6.033333	0.5	0.143600
6.041667	0.5	0.142300
6.050000	0.5	0.145300
6.058333	0.5	0.145300
6.066667	0.5	0.146500
6.075000	0.5	0.146800
6.083333	0.5	0.151100
6.091667	0.5	0.154300
6.100000	0.5	0.149500
6.108333	0.5	0.142700
6.116667	0.5	0.140400
6.125000	0.5	0.138450
6.133333	0.5	0.138300
6.141667	0.5	0.139100
6.150000	0.5	0.138650
6.158333	0.5	0.140550
6.166667	0.5	0.142700
6.175000	0.5	0.143150
6.183333	0.5	0.148150
6.191667	0.5	0.144650
6.200000	0.5	0.136400
6.208333	0.5	0.131500
6.216667	0.5	0.129500
6.225000	0.5	0.129100
6.233333	0.5	0.128000
6.241667	0.5	0.130750
6.250000	0.5	0.129250
6.258333	0.5	0.132500
6.266667	0.5	0.134550
6.275000	0.5	0.136050
6.283333	0.5	0.140850
6.291667	0.5	0.138550
6.300000	0.5	0.131150
6.308333	0.5	0.129850
6.316667	0.5	0.129550
6.325000	0.5	0.132200
6.333333	0.5	0.135050
6.341667	0.5	0.137500
6.350000	0.5	0.139500
6.358333	0.5	0.142400
6.366667	0.5	0.145200
6.375000	0.5	0.151250
6.383333	0.5	0.148600
6.391667	0.5	0.139850
6.400000	0.5	0.134750
6.408333	0.5	0.132600
6.416667	0.5	0.131650
6.425000	0.5	0.130300
6.433333	0.5	0.130600
6.441667	0.5	0.131000
6.450000	0.5	0.130550
6.458333	0.5	0.131850
6.466667	0.5	0.132500
6.475000	0.5	0.136000
6.483333	0.5	0.126600
6.491667	0.5	0.119500
6.500000	0.5	0.116500
6.508333	0.5	0.114800
6.516667	0.5	0.113500
6.525000	0.5	0.111800
6.533333	0.5	0.112900
6.541667	0.5	0.114200
6.550000	0.5	0.114000
6.558333	0.5	0.114400
6.566667	0.5	0.119450
6.575000	0.5	0.114600
6.583333	0.5	0.108650
6.591667	0.5	0.103700
6.600000	0.5	0.103050
6.608333	0.5	0.102200
6.616667	0.5	0.103950
6.625000	0.5	0.105600
6.633333	0.5	0.108200
6.641667	0.5	0.109550
6.650000	0.5	0.113550
6.658333	0.5	0.121250
6.666667	0.5	0.124150
6.675000	0.5	0.118900
6.683333	0.5	0.113550
6.691667	0.5	0.115650
6.700000	0.5	0.118250
6.708333	0.5	0.121400
6.716667	0.5	0.125750
6.725000	0.5	0.129550
6.733333	0.5	0.133500
6.741667	0.5	0.139600
6.750000	0.5	0.144000
6.758333	0.5	0.155800
6.766667	0.5	0.156200
6.775000	0.5	0.156300
6.783333	0.5	0.161150
6.791667	0.5	0.165350
6.800000	0.5	0.171650
6.808333	0.5	0.178150
6.816667	0.5	0.187950
6.825000	0.5	0.194300
6.833333	0.5	0.204600
6.841667	0.5	0.211000
6.850000	0.5	0.221600
6.858333	0.5	0.230400
6.866667	0.5	0.229250
6.875000	0.5	0.228400
6.883333	0.5	0.230850
6.891667	0.5	0.233900
6.900000	0.5	0.235200
6.908333	0.5	0.239500
6.916667	0.5	0.242650
6.925000	0.5	0.245650
6.933333	0.5	0.246700
6.941667	0.5	0.246900
6.950000	0.5	0.250850
6.958333	0.5	0.246300
6.966667	0.5	0.238100
6.975000	0.5	0.230400
6.983333	0.5	0.226650
6.991667	0.5	0.223950
7.000000	0.5	0.221850
7.008333	0.5	0.217500
7.016667	0.5	0.214700
7.025000	0.5	0.212900
7.033333	0.5	0.210800
7.041667	0.5	0.210000
7.050000	0.5	0.209250
7.058333	0.5	0.199300
7.066667	0.5	0.190350
7.075000	0.5	0.183750
7.083333	0.5	0.179650
7.091667	0.5	0.178000
7.100000	0.5	0.175950
7.108333	0.5	0.174650
7.116667	0.5	0.173450
7.125000	0.5	0.174300
7.133333	0.5	0.170400
7.141667	0.5	0.174900
7.150000	0.5	0.170900
7.158333	0.5	0.161150
7.166667	0.5	0.152800
7.175000	0.5	0.149950
7.183333	0.5	0.146050
7.191667	0.5	0.141350
7.200000	0.5	0.140900
7.208333	0.5	0.138250
7.216667	0.5	0.136200
7.225000	0.5	0.133350
7.233333	0.5	0.132650
7.241667	0.5	0.132300
7.250000	0.5	0.124850
7.258333	0.5	0.115300
7.266667	0.5	0.110300
7.275000	0.5	0.105500
7.283333	0.5	0.102700
7.291667	0.5	0.102350
7.300000	0.5	0.101050
7.308333	0.5	0.097500
7.316667	0.5	0.096450
7.325000	0.5	0.095350
7.333333	0.5	0.100900
7.341667	0.5	0.095750
7.350000	0.5	0.086700
7.358333	0.5	0.080050
7.366667	0.5	0.078250
7.375000	0.5	0.078300
7.383333	0.5	0.078800
7.391667	0.5	0.080600
7.400000	0.5	0.083750
7.408333	0.5	0.087850
7.416667	0.5	0.090750
7.425000	0.5	0.097200
7.433333	0.5	0.101450
7.441667	0.5	0.098600
7.450000	0.5	0.095400
7.458333	0.5	0.096450
7.466667	0.5	0.098200
7.475000	0.5	0.102800
7.483333	0.5	0.107450
7.491667	0.5	0.111450
7.500000	0.5	0.114750
7.508333	0.5	0.119250
7.516667	0.5	0.124100
7.525000	0.5	0.131050
7.533333	0.5	0.129150
7.541667	0.5	0.126200
7.550000	0.5	0.124300
7.558333	0.5	0.125100
7.566667	0.5	0.128350
7.575000	0.5	0.130500
7.583333	0.5	0.133450
7.591667	0.5	0.135950
7.600000	0.5	0.139600
7.608333	0.5	0.142100
7.616667	0.5	0.146750
7.625000	0.5	0.152450
7.633333	0.5	0.147850
7.641667	0.5	0.146300
7.650000	0.5	0.146200
7.658333	0.5	0.150400
7.666667	0.5	0.153950
7.675000	0.5	0.156750
7.683333	0.5	0.161350
7.691667	0.5	0.166250
7.700000	0.5	0.172550
7.708333	0.5	0.179000
7.716667	0.5	0.191650
7.725000	0.5	0.191150
7.733333	0.5	0.189000
7.741667	0.5	0.192350
7.750000	0.5	0.198500
7.758333	0.5	0.203150
7.766667	0.5	0.210700
7.775000	0.5	0.218200
7.783333	0.5	0.225950
7.791667	0.5	0.236650
7.800000	0.5	0.244100
7.808333	0.5	0.257450
7.816667	0.5	0.268350
7.825000	0.5	0.271850
7.833333	0.5	0.275500
7.841667	0.5	0.284900
7.850000	0.5	0.294600
7.858333	0.5	0.306150
7.866667	0.5	0.319150
7.875000	0.5	0.332650
7.883333	0.5	0.347250
7.891667	0.5	0.362900
7.900000	0.5	0.376300
7.908333	0.5	0.394900
7.916667	0.5	0.403150
7.925000	0.5	0.409750
7.933333	0.5	0.418750
7.941667	0.5	0.431750
7.950000	0.5	0.442950
7.958333	0.5	0.454150
7.966667	0.5	0.467700
7.975000	0.5	0.478550
7.983333	0.5	0.489600
7.991667	0.5	0.499150
8.000000	0.5	0.511100
8.008333	0.5	0.519500
8.016667	0.5	0.521000
8.025000	0.5	0.520700
8.033333	0.5	0.522650
8.041667	0.5	0.526400
8.050000	0.5	0.528800
8.058333	0.5	0.532500
8.066667	0.5	0.534750
8.075000	0.5	0.537700
8.083333	0.5	0.541150
8.091667	0.5	0.543050
8.100000	0.5	0.548000
8.108333	0.5	0.544700
8.116667	0.5	0.538300
8.125000	0.5	0.533750
8.133333	0.5	0.533350
8.141667	0.5	0.532250
8.150000	0.5	0.532400
8.158333	0.5	0.535000
8.166667	0.5	0.533900
8.175000	0.5	0.538950
8.183333	0.5	0.543100
8.191667	0.5	0.547900
8.200000	0.5	0.552450
8.208333	0.5	0.548200
8.216667	0.5	0.544700
8.225000	0.5	0.545350
8.233333	0.5	0.549250
8.241667	0.5	0.552650
8.250000	0.5	0.559350
8.258333	0.5	0.564700
8.266667	0.5	0.569600
8.275000	0.5	0.577450
8.283333	0.5	0.582300
8.291667	0.5	0.591550
8.300000	0.5	0.594550
8.308333	0.5	0.592700
8.316667	0.5	0.593850
8.325000	0.5	0.598750
8.333333	0.5	0.604450
8.341667	0.5	0.612050
8.350000	0.5	0.620250
8.358333	0.5	0.628000
8.366667	0.5	0.638650
8.375000	0.5	0.645500
8.383333	0.5	0.653900
8.391667	0.5	0.663900
8.400000	0.5	0.664600
8.408333	0.5	0.665800
8.416667	0.5	0.672950
8.425000	0.5	0.681350
8.433333	0.5	0.689550
8.441667	0.5	0.700200
8.450000	0.5	0.710500
8.458333	0.5	0.724350
8.466667	0.5	0.739400
8.475000	0.5	0.757750
8.483333	0.5	0.781300
8.491667	0.5	0.804150
8.500000	0.5	0.829150
8.508333	0.5	0.865400
8.516667	0.5	0.916400
8.525000	0.5	0.988950
8.533333	0.5	1.081250
8.541667	0.5	1.203350
8.550000	0.5	1.355500
8.558333	0.5	1.551250
8.566667	0.5	1.792600
8.575000	0.5	2.091300
8.583333	0.5	2.445750
8.591667	0.5	2.851100
8.600000	0.5	3.315900
8.608333	0.5	3.841500
8.616667	0.5	4.406750
8.625000	0.5	4.998850
8.633333	0.5	5.602150
8.641667	0.5	6.195500
8.650000	0.5	6.757400
8.658333	0.5	7.275850
8.666667	0.5	7.736750
8.675000	0.5	8.139550
8.683333	0.5	8.466800
8.691667	0.5	8.723550
8.700000	0.5	8.925650
8.708333	0.5	9.076550
8.716667	0.5	9.176150
8.725000	0.5	9.235850
8.733333	0.5	9.259250
8.741667	0.5	9.251650
8.750000	0.5	9.224300
8.758333	0.5	9.173300
8.766667	0.5	9.116500
8.775000	0.5	9.040700
8.783333	0.5	8.948650
8.791667	0.5	8.846750
8.800000	0.5	8.742950
8.808333	0.5	8.634150
8.816667	0.5	8.523000
8.825000	0.5	8.410850
8.833333	0.5	8.294500
8.841667	0.5	8.178250
8.850000	0.5	8.061700
8.858333	0.5	7.939050
8.866667	0.5	7.821250
8.875000	0.5	7.695800
8.883333	0.5	7.565500
8.891667	0.5	7.433850
8.900000	0.5	7.306100
8.908333	0.5	7.180850
8.916667	0.5	7.054850
8.925000	0.5	6.927700
8.933333	0.5	6.801100
8.941667	0.5	6.675700
8.950000	0.5	6.546900
8.958333	0.5	6.423200
8.966667	0.5	6.292300
8.975000	0.5	6.155250
8.983333	0.5	6.014450
8.991667	0.5	5.873600
9.000000	0.5	5.732850
9.008333	0.5	5.589600
9.016667	0.5	5.443100
9.025000	0.5	5.294650
9.033333	0.5	5.146550
9.041667	0.5	4.995550
9.050000	0.5	4.839300
9.058333	0.5	4.686450
9.066667	0.5	4.523100
9.075000	0.5	4.357600
9.083333	0.5	4.193200
9.091667	0.5	4.032450
9.100000	0.5	3.879250
9.108333	0.5	3.731500
9.116667	0.5	3.585550
9.125000	0.5	3.449200
9.133333	0.5	3.318700
9.141667	0.5	3.196050
9.150000	0.5	3.086850
9.158333	0.5	2.981400
9.166667	0.5	2.877850
9.175000	0.5	2.782700
9.183333	0.5	2.697150
9.191667	0.5	2.624650
9.200000	0.5	2.555000
9.208333	0.5	2.498100
9.216667	0.5	2.449450
9.225000	0.5	2.403350
9.233333	0.5	2.365300
9.241667	0.5	2.329550
9.250000	0.5	2.302050
9.258333	0.5	2.272900
9.266667	0.5	2.243250
9.275000	0.5	2.220350
9.283333	0.5	2.200300
9.291667	0.5	2.185850
9.300000	0.5	2.173000
9.308333	0.5	2.165450
9.316667	0.5	2.155350
9.325000	0.5	2.149500
9.333333	0.5	2.143300
9.341667	0.5	2.139900
9.350000	0.5	2.133350
9.358333	0.5	2.119150
9.366667	0.5	2.110550
9.375000	0.5	2.103000
9.383333	0.5	2.098700
9.391667	0.5	2.094450
9.400000	0.5	2.090700
9.408333	0.5	2.088950
9.416667	0.5	2.086750
9.425000	0.5	2.085600
9.433333	0.5	2.082650
9.441667	0.5	2.082350
9.450000	0.5	2.074900
9.458333	0.5	2.065600
9.466667	0.5	2.058650
9.475000	0.5	2.057200
9.483333	0.5	2.050350
9.491667	0.5	2.050200
9.500000	0.5	2.049950
9.508333	0.5	2.048200
9.516667	0.5	2.050250
9.525000	0.5	2.047100
9.533333	0.5	2.047950
9.541667	0.5	2.048500
9.550000	0.5	2.041100
9.558333	0.5	2.035300
9.566667	0.5	2.032250
9.575000	0.5	2.031250
9.583333	0.5	2.033600
9.591667	0.5	2.034550
9.600000	0.5	2.037450
9.608333	0.5	2.040050
9.616667	0.5	2.044800
9.625000	0.5	2.047950
9.633333	0.5	2.058450
9.641667	0.5	2.057700
9.650000	0.5	2.056450
9.658333	0.5	2.060150
9.666667	0.5	2.064950
9.675000	0.5	2.072550
9.683333	0.5	2.079850
9.691667	0.5	2.090300
9.700000	0.5	2.099000
9.708333	0.5	2.108100
9.716667	0.5	2.119300
9.725000	0.5	2.133150
9.733333	0.5	2.144550
9.741667	0.5	2.149550
9.750000	0.5	2.154100
9.758333	0.5	2.164000
9.766667	0.5	2.173000
9.775000	0.5	2.184850
9.783333	0.5	2.197200
9.791667	0.5	2.208800
9.800000	0.5	2.222700
9.808333	0.5	2.235700
9.816667	0.5	2.246300
9.825000	0.5	2.260350
9.833333	0.5	2.269900
9.841667	0.5	2.274700
9.850000	0.5	2.280900
9.858333	0.5	2.289550
9.866667	0.5	2.299500
9.875000	0.5	2.312450
9.883333	0.5	2.324900
9.891667	0.5	2.335500
9.900000	0.5	2.349650
9.908333	0.5	2.360150
9.916667	0.5	2.371100
9.925000	0.5	2.382100
9.933333	0.5	2.389100
9.941667	0.5	2.393050
9.950000	0.5	2.401450
9.958333	0.5	2.411500
9.966667	0.5	2.418950
9.975000	0.5	2.429950
9.983333	0.5	2.440900
9.991667	0.5	2.452800
10.000000	0.5	2.462500
10.008333	0.5	2.471200
10.016667	0.5	2.487000
10.025000	0.5	2.493600
10.033333	0.5	2.495450
10.041667	0.5	2.502000
10.050000	0.5	2.510800
10.058333	0.5	2.521300
10.066667	0.5	2.530450
10.075000	0.5	2.542500
10.083333	0.5	2.553000
10.091667	0.5	2.565550
10.100000	0.5	2.574350
10.108333	0.5	2.585600
10.116667	0.5	2.594200
10.125000	0.5	2.599700
10.133333	0.5	2.601700
10.141667	0.5	2.611650
10.150000	0.5	2.618350
10.158333	0.5	2.625400
10.166667	0.5	2.633500
10.175000	0.5	2.641700
10.183333	0.5	2.651200
10.191667	0.5	2.657250
10.200000	0.5	2.661300
10.208333	0.5	2.669850
10.216667	0.5	2.669300
10.225000	0.5	2.665100
10.233333	0.5	2.664300
10.241667	0.5	2.665300
10.250000	0.5	2.667650
10.258333	0.5	2.668650
10.266667	0.5	2.672500
10.275000	0.5	2.676650
10.283333	0.5	2.680700
10.291667	0.5	2.685550
10.300000	0.5	2.691900
10.308333	0.5	2.697550
10.316667	0.5	2.698150
10.325000	0.5	2.699650
10.333333	0.5	2.707300
10.341667	0.5	2.713300
10.350000	0.5	2.723050
10.358333	0.5	2.732050
10.366667	0.5	2.744250
10.375000	0.5	2.755600
10.383333	0.5	2.767350
10.391667	0.5	2.780150
10.400000	0.5	2.794100
10.408333	0.5	2.801100
10.416667	0.5	2.806050
10.425000	0.5	2.813200
10.433333	0.5	2.820650
10.441667	0.5	2.828700
10.450000	0.5	2.836500
10.458333	0.5	2.843200
10.466667	0.5	2.849200
10.475000	0.5	2.854450
10.483333	0.5	2.856200
10.491667	0.5	2.861000
10.500000	0.5	2.860000
10.508333	0.5	2.854100
10.516667	0.5	2.847800
10.525000	0.5	2.841100
10.533333	0.5	2.836650
10.541667	0.5	2.831450
10.550000	0.5	2.825000
10.558333	0.5	2.818850
10.566667	0.5	2.816300
10.575000	0.5	2.810700
10.583333	0.5	2.805100
10.591667	0.5	2.803550
10.600000	0.5	2.795300
10.608333	0.5	2.785400
10.616667	0.5	2.778600
10.625000	0.5	2.772600
10.633333	0.5	2.770100
10.641667	0.5	2.766650
10.650000	0.5	2.766350
10.658333	0.5	2.766550
10.666667	0.5	2.766550
10.675000	0.5	2.769750
10.683333	0.5	2.770850
10.691667	0.5	2.773900
10.700000	0.5	2.772100
10.708333	0.5	2.768050
10.716667	0.5	2.770600
10.725000	0.5	2.774000
10.733333	0.5	2.781700
10.741667	0.5	2.786850
10.750000	0.5	2.795500
10.758333	0.5	2.803250
10.766667	0.5	2.813200
10.775000	0.5	2.822450
10.783333	0.5	2.835050
10.791667	0.5	2.842350
10.800000	0.5	2.846500
10.808333	0.5	2.854650
10.816667	0.5	2.863600
10.825000	0.5	2.871250
10.833333	0.5	2.880600
10.841667	0.5	2.887700
10.850000	0.5	2.895150
10.858333	0.5	2.901650
10.866667	0.5	2.906000
10.875000	0.5	2.912100
10.883333	0.5	2.914100
10.891667	0.5	2.908550
10.900000	0.5	2.904800
10.908333	0.5	2.900050
10.916667	0.5	2.897250
10.925000	0.5	2.892750
10.933333	0.5	2.889250
10.941667	0.5	2.884650
10.950000	0.5	2.881550
10.958333	0.5	2.877400
10.966667	0.5	2.873100
10.975000	0.5	2.871900
10.983333	0.5	2.863950
10.991667	0.5	2.852400
11.000000	0.5	2.848200
11.008333	0.5	2.844450
11.016667	0.5	2.837400
11.025000	0.5	2.834850
11.033333	0.5	2.833400
11.041667	0.5	2.831100
11.050000	0.5	2.830650
11.058333	0.5	2.831000
11.066667	0.5	2.828400
11.075000	0.5	2.824500
11.083333	0.5	2.819100
11.091667	0.5	2.814650
11.100000	0.5	2.810400
11.108333	0.5	2.807500
11.116667	0.5	2.805100
11.125000	0.5	2.802850
11.133333	0.5	2.803450
11.141667	0.5	2.800450
11.150000	0.5	2.802150
11.158333	0.5	2.800250
11.166667	0.5	2.802550
11.175000	0.5	2.797650
11.183333	0.5	2.792450
11.191667	0.5	2.788850
11.200000	0.5	2.784800
11.208333	0.5	2.783650
11.216667	0.5	2.782150
11.225000	0.5	2.782400
11.233333	0.5	2.781700
11.241667	0.5	2.782700
11.250000	0.5	2.781700
11.258333	0.5	2.781400
11.266667	0.5	2.783750
11.275000	0.5	2.777350
11.283333	0.5	2.771250
11.291667	0.5	2.768850
11.300000	0.5	2.766950
11.308333	0.5	2.767350
11.316667	0.5	2.769700
11.325000	0.5	2.770950
11.333333	0.5	2.777200
11.341667	0.5	2.784400
11.350000	0.5	2.795300
11.358333	0.5	2.816350
11.366667	0.5	2.837150
11.375000	0.5	2.870200
11.383333	0.5	2.918550
11.391667	0.5	2.984550
11.400000	0.5	3.062900
11.408333	0.5	3.154950
11.416667	0.5	3.257850
11.425000	0.5	3.364850
11.433333	0.5	3.477400
11.441667	0.5	3.587350
11.450000	0.5	3.693600
11.458333	0.5	3.789350
11.466667	0.5	3.866550
11.475000	0.5	3.929350
11.483333	0.5	3.982550
11.491667	0.5	4.027450
11.500000	0.5	4.061850
11.508333	0.5	4.088550
11.516667	0.5	4.113800
11.525000	0.5	4.134650
11.533333	0.5	4.155750
11.541667	0.5	4.173600
11.550000	0.5	4.196350
11.558333	0.5	4.213050
11.566667	0.5	4.225550
11.575000	0.5	4.238400
11.583333	0.5	4.257150
11.591667	0.5	4.272000
11.600000	0.5	4.291800
11.608333	0.5	4.310550
11.616667	0.5	4.331000
11.625000	0.5	4.350600
11.633333	0.5	4.373300
11.641667	0.5	4.397750
11.650000	0.5	4.421550
11.658333	0.5	4.443500
11.666667	0.5	4.464550
11.675000	0.5	4.491500
11.683333	0.5	4.523550
11.691667	0.5	4.555200
11.700000	0.5	4.589350
11.708333	0.5	4.630200
11.716667	0.5	4.670050
11.725000	0.5	4.717500
11.733333	0.5	4.765900
11.741667	0.5	4.824000
11.750000	0.5	4.880250
11.758333	0.5	4.938500
11.766667	0.5	5.000350
11.775000	0.5	5.074200
11.783333	0.5	5.149400
11.791667	0.5	5.228650
11.800000	0.5	5.312850
11.808333	0.5	5.398850
11.816667	0.5	5.490100
11.825000	0.5	5.582450
11.833333	0.5	5.676950
11.841667	0.5	5.772950
11.850000	0.5	5.864200
11.858333	0.5	5.956650
11.866667	0.5	6.046950
11.875000	0.5	6.138750
11.883333	0.5	6.226150
11.891667	0.5	6.313300
11.900000	0.5	6.398150
11.908333	0.5	6.476750
11.916667	0.5	6.554550
11.925000	0.5	6.626350
11.933333	0.5	6.699800
11.941667	0.5	6.763800
11.950000	0.5	6.822600
11.958333	0.5	6.878550
11.966667	0.5	6.934550
11.975000	0.5	6.986400
11.983333	0.5	7.034650
11.991667	0.5	7.082500
12.000000	0.5	7.127350
12.008333	0.5	7.169050
12.016667	0.5	7.210850
12.025000	0.5	7.247550
12.033333	0.5	7.287550
12.041667	0.5	7.318350
12.050000	0.5	7.348350
12.058333	0.5	7.375850
12.066667	0.5	7.404200
12.075000	0.5	7.429950
12.083333	0.5	7.459050
12.091667	0.5	7.481800
12.100000	0.5	7.506300
12.108333	0.5	7.535150
12.116667	0.5	7.550100
12.125000	0.5	7.572900
12.133333	0.5	7.591750
12.141667	0.5	7.608950
12.150000	0.5	7.619900
12.158333	0.5	7.635750
12.166667	0.5	7.649000
12.175000	0.5	7.660300
12.183333	0.5	7.673250
12.191667	0.5	7.684900
12.200000	0.5	7.695950
12.208333	0.5	7.706000
12.216667	0.5	7.714800
12.225000	0.5	7.727200
12.233333	0.5	7.734350
12.241667	0.5	7.738850
12.250000	0.5	7.744800
12.258333	0.5	7.750150
12.266667	0.5	7.756800
12.275000	0.5	7.762300
12.283333	0.5	7.771750
12.291667	0.5	7.776000
12.300000	0.5	7.785200
12.308333	0.5	7.787100
12.316667	0.5	7.797350
12.325000	0.5	7.808400
12.333333	0.5	7.812400
12.341667	0.5	7.818400
12.350000	0.5	7.824600
12.358333	0.5	7.835150
12.366667	0.5	7.844100
12.375000	0.5	7.854450
12.383333	0.5	7.862000
12.391667	0.5	7.875250
12.400000	0.5	7.890050
12.408333	0.5	7.901050
12.416667	0.5	7.918250
12.425000	0.5	7.935200
12.433333	0.5	7.949750
12.441667	0.5	7.967050
12.450000	0.5	7.985350
12.458333	0.5	8.004250
12.466667	0.5	8.025350
12.475000	0.5	8.049000
12.483333	0.5	8.070000
12.491667	0.5	8.095750
12.500000	0.5	8.118350
12.508333	0.5	8.145100
12.516667	0.5	8.173800
12.525000	0.5	8.200500
12.533333	0.5	8.226050
12.541667	0.5	8.252800
12.550000	0.5	8.278900
12.558333	0.5	8.305600
12.566667	0.5	8.332150
12.575000	0.5	8.355900
12.583333	0.5	8.380250
12.591667	0.5	8.407000
12.600000	0.5	8.424300
12.608333	0.5	8.453650
12.616667	0.5	8.475700
12.625000	0.5	8.494000
12.633333	0.5	8.511550
12.641667	0.5	8.528300
12.650000	0.5	8.542550
12.658333	0.5	8.554400
12.666667	0.5	8.569450
12.675000	0.5	8.577900
12.683333	0.5	8.592050
12.691667	0.5	8.596850
12.700000	0.5	8.612250
12.708333	0.5	8.630600
12.716667	0.5	8.647150
12.725000	0.5	8.659050
12.733333	0.5	8.677350
12.741667	0.5	8.695550
12.750000	0.5	8.716400
12.758333	0.5	8.736850
12.766667	0.5	8.759650
12.775000	0.5	8.786350
12.783333	0.5	8.815700
12.791667	0.5	8.839200
12.800000	0.5	8.875150
12.808333	0.5	8.909850
12.816667	0.5	8.940450
12.825000	0.5	8.973450
12.833333	0.5	9.008800
12.841667	0.5	9.045650
12.850000	0.5	9.082150
12.858333	0.5	9.118750
12.866667	0.5	9.156000
12.875000	0.5	9.197150
12.883333	0.5	9.232350
12.891667	0.5	9.276700
12.900000	0.5	9.323400
12.908333	0.5	9.365050
12.916667	0.5	9.405000
12.925000	0.5	9.445800
12.933333	0.5	9.486800
12.941667	0.5	9.528950
12.950000	0.5	9.571050
12.958333	0.5	9.612900
12.966667	0.5	9.656450
12.975000	0.5	9.701150
12.983333	0.5	9.739450
12.991667	0.5	9.789550
13.000000	0.5	9.837150
13.008333	0.5	9.879000
13.016667	0.5	9.924800
13.025000	0.5	9.967300
13.033333	0.5	10.009600
13.041667	0.5	10.051150
13.050000	0.5	10.094050
13.058333	0.5	10.137750
13.066667	0.5	10.181600
13.075000	0.5	10.219000
13.083333	0.5	10.265750
13.091667	0.5	10.314400
13.100000	0.5	10.359100
13.108333	0.5	10.397550
13.116667	0.5	10.438450
13.125000	0.5	10.477150
13.133333	0.5	10.517800
13.141667	0.5	10.553800
13.150000	0.5	10.593400
13.158333	0.5	10.629250
13.166667	0.5	10.669650
13.175000	0.5	10.700450
13.183333	0.5	10.743600
13.191667	0.5	10.781800
13.200000	0.5	10.815450
13.208333	0.5	10.848650
13.216667	0.5	10.878450
13.225000	0.5	10.913400
13.233333	0.5	10.939100
13.241667	0.5	10.967700
13.250000	0.5	10.996300
13.258333	0.5	11.024600
13.266667	0.5	11.047300
13.275000	0.5	11.077550
13.283333	0.5	11.108200
13.291667	0.5	11.136750
13.300000	0.5	11.158650
13.308333	0.5	11.182250
13.316667	0.5	11.203750
13.325000	0.5	11.225050
13.333333	0.5	11.243650
13.341667	0.5	11.261950
13.350000	0.5	11.283850
13.358333	0.5	11.305200
13.366667	0.5	11.318050
13.375000	0.5	11.345200
13.383333	0.5	11.366050
13.391667	0.5	11.382000
13.400000	0.5	11.402300
13.408333	0.5	11.417800
13.416667	0.5	11.438750
13.425000	0.5	11.454200
13.433333	0.5	11.473500
13.441667	0.5	11.490500
13.450000	0.5	11.513650
13.458333	0.5	11.526450
13.466667	0.5	11.555700
13.475000	0.5	11.586200
13.483333	0.5	11.614100
13.491667	0.5	11.637900
13.500000	0.5	11.667050
13.508333	0.5	11.697550
13.516667	0.5	11.727750
13.525000	0.5	11.759450
13.533333	0.5	11.792700
13.541667	0.5	11.827800
13.550000	0.5	11.868250
13.558333	0.5	11.905350
13.566667	0.5	11.956100
13.575000	0.5	12.007600
13.583333	0.5	12.049800
13.591667	0.5	12.100950
13.600000	0.5	12.148450
13.608333	0.5	12.201900
13.616667	0.5	12.254200
13.625000	0.5	12.311450
13.633333	0.5	12.363400
13.641667	0.5	12.425550
13.650000	0.5	12.478000
13.658333	0.5	12.543350
13.666667	0.5	12.610300
13.675000	0.5	12.680800
13.683333	0.5	12.742250
13.691667	0.5	12.807400
13.700000	0.5	12.869050
13.708333	0.5	12.934750
13.716667	0.5	12.997900
13.725000	0.5	13.059750
13.733333	0.5	13.117200
13.741667	0.5	13.187300
13.750000	0.5	13.239200
13.758333	0.5	13.313750
13.766667	0.5	13.383900
13.775000	0.5	13.441150
13.783333	0.5	13.503900
13.791667	0.5	13.562600
13.800000	0.5	13.618500
13.808333	0.5	13.675000
13.816667	0.5	13.731800
13.825000	0.5	13.785100
13.833333	0.5	13.841500
13.841667	0.5	13.884850
13.850000	0.5	13.944250
13.858333	0.5	14.006300
13.866667	0.5	14.064700
13.875000	0.5	14.116400
13.883333	0.5	14.166450
13.891667	0.5	14.216850
13.900000	0.5	14.264850
13.908333	0.5	14.312600
13.916667	0.5	14.357050
13.925000	0.5	14.401000
13.933333	0.5	14.452050
13.941667	0.5	14.490150
13.950000	0.5	14.545750
13.958333	0.5	14.600450
13.966667	0.5	14.644550
13.975000	0.5	14.690700
13.983333	0.5	14.734200
13.991667	0.5	14.777900
14.000000	0.5	14.817700
14.008333	0.5	14.854550
14.016667	0.5	14.893450
14.025000	0.5	14.937450
14.033333	0.5	14.968350
14.041667	0.5	15.015800
14.050000	0.5	15.067350
14.058333	0.5	15.115200
14.066667	0.5	15.151350
14.075000	0.5	15.190100
14.083333	0.5	15.227300
14.091667	0.5	15.266600
14.100000	0.5	15.304000
14.108333	0.5	15.340400
14.116667	0.5	15.380250
14.125000	0.5	15.420300
14.133333	0.5	15.451000
14.141667	0.5	15.506350
14.150000	0.5	15.558050
14.158333	0.5	15.600350
14.166667	0.5	15.642700
14.175000	0.5	15.688600
14.183333	0.5	15.730150
14.191667	0.5	15.769850
14.200000	0.5	15.809600
14.208333	0.5	15.848850
14.216667	0.5	15.899150
14.225000	0.5	15.928900
14.233333	0.5	15.984450
14.241667	0.5	16.041400
14.250000	0.5	16.094400
14.258333	0.5	16.141200
14.266667	0.5	16.186850
14.275000	0.5	16.232450
14.283333	0.5	16.274300
14.291667	0.5	16.322550
14.300000	0.5	16.365750
14.308333	0.5	16.408650
14.316667	0.5	16.456850
14.325000	0.5	16.493800
14.333333	0.5	16.554300
14.341667	0.5	16.611050
14.350000	0.5	16.659550
14.358333	0.5	16.707250
14.366667	0.5	16.753100
14.375000	0.5	16.798600
14.383333	0.5	16.841250
14.391667	0.5	16.882200
14.400000	0.5	16.918700
14.408333	0.5	16.969000
14.416667	0.5	16.998750
14.425000	0.5	17.048750
14.433333	0.5	17.106050
14.441667	0.5	17.156600
14.450000	0.5	17.197900
14.458333	0.5	17.236800
14.466667	0.5	17.274500
14.475000	0.5	17.309250
14.483333	0.5	17.343050
14.491667	0.5	17.378250
14.500000	0.5	17.408400
14.508333	0.5	17.445250
14.516667	0.5	17.466550
14.525000	0.5	17.467300
14.533333	0.5	17.561300
14.541667	0.5	17.587200
14.550000	0.5	17.622300
14.558333	0.5	17.652250
14.566667	0.5	17.679900
14.575000	0.5	17.707750
14.583333	0.5	17.738300
14.591667	0.5	17.761100
14.600000	0.5	17.793550
14.608333	0.5	17.807850
14.616667	0.5	17.846400
14.625000	0.5	17.891800
14.633333	0.5	17.930150
14.641667	0.5	17.961650
14.650000	0.5	17.992550
14.658333	0.5	18.024550
14.666667	0.5	18.055250
14.675000	0.5	18.085700
14.683333	0.5	18.119600
14.691667	0.5	18.151400
14.700000	0.5	18.191450
14.708333	0.5	18.217750
14.716667	0.5	18.274050
14.725000	0.5	18.328600
14.733333	0.5	18.369200
14.741667	0.5	18.411200
14.750000	0.5	18.450900
14.758333	0.5	18.494400
14.766667	0.5	18.539050
14.775000	0.5	18.585150
14.783333	0.5	18.625400
14.791667	0.5	18.674900
14.800000	0.5	18.705150
14.808333	0.5	18.759500
14.816667	0.5	18.820250
14.825000	0.5	18.877850
14.833333	0.5	18.920900
14.841667	0.5	18.963150
14.850000	0.5	19.005200
14.858333	0.5	19.043600
14.866667	0.5	19.079850
14.875000	0.5	19.113800
14.883333	0.5	19.148450
14.891667	0.5	19.178900
14.900000	0.5	19.193700
14.908333	0.5	19.238250
14.916667	0.5	19.276650
14.925000	0.5	19.295450
14.933333	0.5	19.312600
14.941667	0.5	19.325000
14.950000	0.5	19.337500
14.958333	0.5	19.339750
14.966667	0.5	19.341150
14.975000	0.5	19.341550
14.983333	0.5	19.350950
14.991667	0.5	19.342350
15.000000	0.5	19.354750
15.008333	0.5	19.376450
15.016667	0.5	19.385450
15.025000	0.5	19.388950
15.033333	0.5	19.397800
15.041667	0.5	19.400450
15.050000	0.5	19.409300
15.058333	0.5	19.422050
15.066667	0.5	19.433900
15.075000	0.5	19.447600
15.083333	0.5	19.471200
15.091667	0.5	19.482150
15.100000	0.5	19.526950
15.108333	0.5	19.574650
15.116667	0.5	19.610700
15.125000	0.5	19.651100
15.133333	0.5	19.689500
15.141667	0.5	19.735950
15.150000	0.5	19.781900
15.158333	0.5	19.830600
15.166667	0.5	19.876900
15.175000	0.5	19.947850
15.183333	0.5	19.995350
15.191667	0.5	20.074850
15.200000	0.5	20.165700
15.208333	0.5	20.258250
15.216667	0.5	20.351250
15.225000	0.5	20.452800
15.233333	0.5	20.566900
15.241667	0.5	20.698450
15.250000	0.5	20.851450
15.258333	0.5	21.022250
15.266667	0.5	21.223350
15.275000	0.5	21.460900
15.283333	0.5	21.717150
15.291667	0.5	22.047750
15.300000	0.5	22.420400
15.308333	0.5	22.817900
15.316667	0.5	23.259500
15.325000	0.5	23.737750
15.333333	0.5	24.253550
15.341667	0.5	24.793100
15.350000	0.5	25.355650
15.358333	0.5	25.931950
15.366667	0.5	26.534800
15.375000	0.5	27.096400
15.383333	0.5	27.676450
15.391667	0.5	28.241850
15.400000	0.5	28.747250
15.408333	0.5	29.170250
15.416667	0.5	29.517050
15.425000	0.5	29.767750
15.433333	0.5	29.916100
15.441667	0.5	29.959700
15.450000	0.5	29.904950
15.458333	0.5	29.751550
15.466667	0.5	29.528050
15.475000	0.5	29.213200
15.483333	0.5	28.888450
15.491667	0.5	28.528100
15.500000	0.5	28.114450
15.508333	0.5	27.698200
15.516667	0.5	27.290200
15.525000	0.5	26.892350
15.533333	0.5	26.517700
15.541667	0.5	26.174600
15.550000	0.5	25.861550
15.558333	0.5	25.591750
15.566667	0.5	25.327950
15.575000	0.5	25.132100
15.583333	0.5	24.976700
15.591667	0.5	24.837000
15.600000	0.5	24.708950
15.608333	0.5	24.605500
15.616667	0.5	24.519250
15.625000	0.5	24.445350
15.633333	0.5	24.388800
15.641667	0.5	24.342200
15.650000	0.5	24.311350
15.658333	0.5	24.287250
15.666667	0.5	24.260600
15.675000	0.5	24.277000
15.683333	0.5	24.292000
15.691667	0.5	24.292250
15.700000	0.5	24.297250
15.708333	0.5	24.303150
15.716667	0.5	24.312200
15.725000	0.5	24.318000
15.733333	0.5	24.320900
15.741667	0.5	24.327000
15.750000	0.5	24.346850
15.758333	0.5	24.338150
15.766667	0.5	24.366900
15.775000	0.5	24.398350
15.783333	0.5	24.424950
15.791667	0.5	24.431950
15.800000	0.5	24.443600
15.808333	0.5	24.439650
15.816667	0.5	24.433750
15.825000	0.5	24.424050
15.833333	0.5	24.397750
15.841667	0.5	24.373600
15.850000	0.5	24.334900
15.858333	0.5	24.267950
15.866667	0.5	24.225150
15.875000	0.5	24.163950
15.883333	0.5	24.065700
15.891667	0.5	23.948800
15.900000	0.5	23.809750
15.908333	0.5	23.659750
15.916667	0.5	23.489800
15.925000	0.5	23.307300
15.933333	0.5	23.112150
15.941667	0.5	22.919100
15.950000	0.5	22.699500
15.958333	0.5	22.505550
15.966667	0.5	22.316300
15.975000	0.5	22.120250
15.983333	0.5	21.914450
15.991667	0.5	21.720650
16.000000	0.5	21.535700
16.008333	0.5	21.358900
16.016667	0.5	21.195950
16.025000	0.5	21.044000
16.033333	0.5	20.910850
16.041667	0.5	20.791900
16.050000	0.5	20.683300
16.058333	0.5	20.612450
16.066667	0.5	20.549950
16.075000	0.5	20.494650
16.083333	0.5	20.455500
16.091667	0.5	20.431200
16.100000	0.5	20.423050
16.108333	0.5	20.429850
16.116667	0.5	20.448300
16.125000	0.5	20.477950
16.133333	0.5	20.543000
16.141667	0.5	20.591450
16.150000	0.5	20.687200
16.158333	0.5	20.798650
16.166667	0.5	20.917500
16.175000	0.5	21.045500
16.183333	0.5	21.188500
16.191667	0.5	21.344750
16.200000	0.5	21.511450
16.208333	0.5	21.693650
16.216667	0.5	21.888700
16.225000	0.5	22.095550
16.233333	0.5	22.316100
16.241667	0.5	22.535900
16.250000	0.5	22.793350
16.258333	0.5	23.054950
16.266667	0.5	23.306700
16.275000	0.5	23.568200
16.283333	0.5	23.830300
16.291667	0.5	24.089550
16.300000	0.5	24.345300
16.308333	0.5	24.591600
16.316667	0.5	24.829150
16.325000	0.5	25.067950
16.333333	0.5	25.266100
16.341667	0.5	25.484200
16.350000	0.5	25.690100
16.358333	0.5	25.873050
16.366667	0.5	26.018550
16.375000	0.5	26.149500
16.383333	0.5	26.250900
16.391667	0.5	26.329950
16.400000	0.5	26.385500
16.408333	0.5	26.422300
16.416667	0.5	26.450800
16.425000	0.5	26.467300
16.433333	0.5	26.458850
16.441667	0.5	26.485250
16.450000	0.5	26.499100
16.458333	0.5	26.483850
16.466667	0.5	26.473600
16.475000	0.5	26.464000
16.483333	0.5	26.456800
16.491667	0.5	26.459700
16.500000	0.5	26.469050
16.508333	0.5	26.502900
16.516667	0.5	26.573950
16.525000	0.5	26.638750
16.533333	0.5	26.777400
16.541667	0.5	26.965750
16.550000	0.5	27.196050
16.558333	0.5	27.473000
16.566667	0.5	27.828100
16.575000	0.5	28.262750
16.583333	0.5	28.798100
16.591667	0.5	29.462550
16.600000	0.5	30.263700
16.608333	0.5	31.237100
16.616667	0.5	32.414300
16.625000	0.5	33.798651
16.633333	0.5	35.506501
16.641667	0.5	37.500501
16.650000	0.5	39.782451
16.658333	0.5	42.382701
16.666667	0.5	45.291051
16.675000	0.5	48.478401
16.683333	0.5	51.904401
16.691667	0.5	55.526751
16.700000	0.5	59.289251
16.708333	0.5	63.184451
16.716667	0.5	66.997151
16.725000	0.5	70.870301
16.733333	0.5	74.662551
16.741667	0.5	78.254701
16.750000	0.5	81.547051
16.758333	0.5	84.533301
16.766667	0.5	87.140551
16.775000	0.5	89.336351
16.783333	0.5	91.106551
16.791667	0.5	92.409451
16.800000	0.5	93.275851
16.808333	0.5	93.678401
16.816667	0.5	93.588101
16.825000	0.5	93.213651
16.833333	0.5	92.414501
16.841667	0.5	91.150951
16.850000	0.5	89.519001
16.858333	0.5	87.560751
16.866667	0.5	85.314651
16.875000	0.5	82.814851
16.883333	0.5	80.114401
16.891667	0.5	77.247301
16.900000	0.5	74.330151
16.908333	0.5	71.248051
16.916667	0.5	68.221301
16.925000	0.5	65.200001
16.933333	0.5	62.161301
16.941667	0.5	59.139101
16.950000	0.5	56.190301
16.958333	0.5	53.342151
16.966667	0.5	50.605551
16.975000	0.5	47.993201
16.983333	0.5	45.530051
16.991667	0.5	43.228101
17.000000	0.5	41.070551
17.008333	0.5	39.055501
17.016667	0.5	37.219551
17.025000	0.5	35.515451
17.033333	0.5	33.921401
17.041667	0.5	32.463650
17.050000	0.5	31.138150
17.058333	0.5	29.930250
17.066667	0.5	28.834100
17.075000	0.5	27.841450
17.083333	0.5	26.949300
17.091667	0.5	26.156350
17.100000	0.5	25.424200
17.108333	0.5	24.788600
17.116667	0.5	24.214250
17.125000	0.5	23.696500
17.133333	0.5	23.230650
17.141667	0.5	22.811700
17.150000	0.5	22.443600
17.158333	0.5	22.117450
17.166667	0.5	21.828750
17.175000	0.5	21.578350
17.183333	0.5	21.367600
17.191667	0.5	21.183400
17.200000	0.5	21.034550
17.208333	0.5	20.922300
17.216667	0.5	20.832350
17.225000	0.5	20.757050
17.233333	0.5	20.711000
17.241667	0.5	20.690250
17.250000	0.5	20.694800
17.258333	0.5	20.719050
17.266667	0.5	20.762750
17.275000	0.5	20.832300
17.283333	0.5	20.919500
17.291667	0.5	21.008650
17.300000	0.5	21.140850
17.308333	0.5	21.287000
17.316667	0.5	21.439800
17.325000	0.5	21.597300
17.333333	0.5	21.767600
17.341667	0.5	21.940000
17.350000	0.5	22.114900
17.358333	0.5	22.286300
17.366667	0.5	22.455250
17.375000	0.5	22.635450
17.383333	0.5	22.803750
17.391667	0.5	22.961300
17.400000	0.5	23.143100
17.408333	0.5	23.310900
17.416667	0.5	23.446550
17.425000	0.5	23.574950
17.433333	0.5	23.688450
17.441667	0.5	23.794350
17.450000	0.5	23.886050
17.458333	0.5	23.960400
17.466667	0.5	24.028950
17.475000	0.5	24.094350
17.483333	0.5	24.121800
17.491667	0.5	24.178200
17.500000	0.5	24.230750
17.508333	0.5	24.264050
17.516667	0.5	24.282600
17.525000	0.5	24.294100
17.533333	0.5	24.300900
17.541667	0.5	24.300450
17.550000	0.5	24.296700
17.558333	0.5	24.283150
17.566667	0.5	24.277800
17.575000	0.5	24.262300
17.583333	0.5	24.236600
17.591667	0.5	24.242500
17.600000	0.5	24.242800
17.608333	0.5	24.221550
17.616667	0.5	24.201250
17.625000	0.5	24.170700
17.633333	0.5	24.140750
17.641667	0.5	24.105400
17.650000	0.5	24.060800
17.658333	0.5	24.018450
17.666667	0.5	23.987800
17.675000	0.5	23.926000
17.683333	0.5	23.892650
17.691667	0.5	23.864100
17.700000	0.5	23.823250
17.708333	0.5	23.766850
17.716667	0.5	23.709600
17.725000	0.5	23.652500
17.733333	0.5	23.587650
17.741667	0.5	23.519550
17.750000	0.5	23.450000
17.758333	0.5	23.384300
17.766667	0.5	23.310750
17.775000	0.5	23.229500
17.783333	0.5	23.181550
17.791667	0.5	23.120350
17.800000	0.5	23.044050
17.808333	0.5	22.964050
17.816667	0.5	22.879200
17.825000	0.5	22.785250
17.833333	0.5	22.688500
17.841667	0.5	22.580650
17.850000	0.5	22.463250
17.858333	0.5	22.352400
17.866667	0.5	22.195900
17.875000	0.5	22.063100
17.883333	0.5	21.907650
17.891667	0.5	21.729000
17.900000	0.5	21.518200
17.908333	0.5	21.295450
17.916667	0.5	21.045700
17.925000	0.5	20.781950
17.933333	0.5	20.508450
17.941667	0.5	20.221250
17.950000	0.5	19.939200
17.958333	0.5	19.661650
17.966667	0.5	19.388850
17.975000	0.5	19.156000
17.983333	0.5	18.942450
17.991667	0.5	18.735900
18.000000	0.5	18.567300
18.008333	0.5	18.425250
18.016667	0.5	18.307200
18.025000	0.5	18.214050
18.033333	0.5	18.147600
18.041667	0.5	18.102200
18.050000	0.5	18.082300
18.058333	0.5	18.060500
18.066667	0.5	18.077200
18.075000	0.5	18.100900
18.083333	0.5	18.123550
18.091667	0.5	18.143400
18.100000	0.5	18.164200
18.108333	0.5	18.181600
18.116667	0.5	18.183400
18.125000	0.5	18.174650
18.133333	0.5	18.150850
18.141667	0.5	18.108900
18.150000	0.5	18.046100
18.158333	0.5	17.954700
18.166667	0.5	17.851200
18.175000	0.5	17.717800
18.183333	0.5	17.545900
18.191667	0.5	17.347350
18.200000	0.5	17.130750
18.208333	0.5	16.900650
18.216667	0.5	16.661300
18.225000	0.5	16.415150
18.233333	0.5	16.185000
18.241667	0.5	15.963300
18.250000	0.5	15.752700
18.258333	0.5	15.577650
18.266667	0.5	15.429800
18.275000	0.5	15.293250
18.283333	0.5	15.183700
18.291667	0.5	15.095450
18.300000	0.5	15.032350
18.308333	0.5	14.986350
18.316667	0.5	14.959350
18.325000	0.5	14.947300
18.333333	0.5	14.955150
18.341667	0.5	14.967900
18.350000	0.5	14.991100
18.358333	0.5	15.030750
18.366667	0.5	15.079550
18.375000	0.5	15.118750
18.383333	0.5	15.168050
18.391667	0.5	15.217750
18.400000	0.5	15.273300
18.408333	0.5	15.333050
18.416667	0.5	15.390950
18.425000	0.5	15.448150
18.433333	0.5	15.518150
18.441667	0.5	15.570550
18.450000	0.5	15.646000
18.458333	0.5	15.720150
18.466667	0.5	15.789850
18.475000	0.5	15.857450
18.483333	0.5	15.928100
18.491667	0.5	15.999400
18.500000	0.5	16.067500
18.508333	0.5	16.135600
18.516667	0.5	16.202500
18.525000	0.5	16.274500
18.533333	0.5	16.341950
18.541667	0.5	16.410700
18.550000	0.5	16.495250
18.558333	0.5	16.577550
18.566667	0.5	16.651500
18.575000	0.5	16.726500
18.583333	0.5	16.803200
18.591667	0.5	16.874250
18.600000	0.5	16.945950
18.608333	0.5	17.016800
18.616667	0.5	17.086800
18.625000	0.5	17.165100
18.633333	0.5	17.222400
18.641667	0.5	17.306900
18.650000	0.5	17.388400
18.658333	0.5	17.466700
18.666667	0.5	17.533400
18.675000	0.5	17.601300
18.683333	0.5	17.669450
18.691667	0.5	17.729000
18.700000	0.5	17.788850
18.708333	0.5	17.844200
18.716667	0.5	17.907850
18.725000	0.5	17.962600
18.733333	0.5	18.008150
18.741667	0.5	18.072500
18.750000	0.5	18.133000
18.758333	0.5	18.176850
18.766667	0.5	18.219250
18.775000	0.5	18.258250
18.783333	0.5	18.288800
18.791667	0.5	18.316050
18.800000	0.5	18.336650
18.808333	0.5	18.355900
18.816667	0.5	18.386600
18.825000	0.5	18.381000
18.833333	0.5	18.405750
18.841667	0.5	18.429450
18.850000	0.5	18.442300
18.858333	0.5	18.443000
18.866667	0.5	18.446400
18.875000	0.5	18.445550
18.883333	0.5	18.437000
18.891667	0.5	18.423850
18.900000	0.5	18.414950
18.908333	0.5	18.404850
18.916667	0.5	18.388650
18.925000	0.5	18.370450
18.933333	0.5	18.372100
18.941667	0.5	18.371500
18.950000	0.5	18.347300
18.958333	0.5	18.334100
18.966667	0.5	18.313100
18.975000	0.5	18.289250
18.983333	0.5	18.268350
18.991667	0.5	18.238600
19.000000	0.5	18.211050
19.008333	0.5	18.192550
19.016667	0.5	18.150100
19.025000	0.5	18.131750
19.033333	0.5	18.110950
19.041667	0.5	18.083000
19.050000	0.5	18.043900
19.058333	0.5	17.997800
19.066667	0.5	17.940700
19.075000	0.5	17.870350
19.083333	0.5	17.762950
19.091667	0.5	17.620100
19.100000	0.5	17.419850
19.108333	0.5	17.167300
19.116667	0.5	16.894850
19.125000	0.5	16.672550
19.133333	0.5	16.531350
19.141667	0.5	16.492750
19.150000	0.5	16.587650
19.158333	0.5	16.820000
19.166667	0.5	17.184750
19.175000	0.5	17.676750
19.183333	0.5	18.284300
19.191667	0.5	18.960450
19.200000	0.5	19.682000
19.208333	0.5	20.384550
19.216667	0.5	21.052250
19.225000	0.5	21.638500
19.233333	0.5	22.137100
19.241667	0.5	22.538100
19.250000	0.5	22.850400
19.258333	0.5	23.072150
19.266667	0.5	23.214750
19.275000	0.5	23.285200
19.283333	0.5	23.299300
19.291667	0.5	23.267000
19.300000	0.5	23.189600
19.308333	0.5	23.081350
19.316667	0.5	22.953400
19.325000	0.5	22.802700
19.333333	0.5	22.628000
19.341667	0.5	22.448750
19.350000	0.5	22.255950
19.358333	0.5	22.058450
19.366667	0.5	21.856850
19.375000	0.5	21.652750
19.383333	0.5	21.448900
19.391667	0.5	21.250150
19.400000	0.5	21.040550
19.408333	0.5	20.852150
19.416667	0.5	20.661050
19.425000	0.5	20.467000
19.433333	0.5	20.276750
19.441667	0.5	20.087600
19.450000	0.5	19.909600
19.458333	0.5	19.735350
19.466667	0.5	19.561400
19.475000	0.5	19.392650
19.483333	0.5	19.235200
19.491667	0.5	19.082300
19.500000	0.5	18.935550
19.508333	0.5	18.802200
19.516667	0.5	18.667550
19.525000	0.5	18.536250
19.533333	0.5	18.412600
19.541667	0.5	18.291350
19.550000	0.5	18.177050
19.558333	0.5	18.072900
19.566667	0.5	17.962850
19.575000	0.5	17.868600
19.583333	0.5	17.786800
19.591667	0.5	17.698150
19.600000	0.5	17.636750
19.608333	0.5	17.576650
19.616667	0.5	17.520500
19.625000	0.5	17.472700
19.633333	0.5	17.427900
19.641667	0.5	17.391150
19.650000	0.5	17.360950
19.658333	0.5	17.329550
19.666667	0.5	17.310800
19.675000	0.5	17.294750
19.683333	0.5	17.287750
19.691667	0.5	17.282150
19.700000	0.5	17.294800
19.708333	0.5	17.311550
19.716667	0.5	17.321950
19.725000	0.5	17.341200
19.733333	0.5	17.361800
19.741667	0.5	17.380100
19.750000	0.5	17.395150
19.758333	0.5	17.396650
19.766667	0.5	17.379150
19.775000	0.5	17.335900
19.783333	0.5	17.224200
19.791667	0.5	17.073400
19.800000	0.5	16.846700
19.808333	0.5	16.540900
19.816667	0.5	16.167700
19.825000	0.5	15.745700
19.833333	0.5	15.295650
19.841667	0.5	14.836450
19.850000	0.5	14.380400
19.858333	0.5	13.955850
19.866667	0.5	13.568200
19.875000	0.5	13.224250
19.883333	0.5	12.942450
19.891667	0.5	12.721400
19.900000	0.5	12.552500
19.908333	0.5	12.426000
19.916667	0.5	12.355000
19.925000	0.5	12.311750
19.933333	0.5	12.290850
19.941667	0.5	12.285700
19.950000	0.5	12.289850
19.958333	0.5	12.295250
19.966667	0.5	12.310800
19.975000	0.5	12.318950
19.983333	0.5	12.335150
19.991667	0.5	12.353300
20.000000	0.5	12.369250
20.008333	0.5	12.385800
20.016667	0.5	12.405650
20.025000	0.5	12.425350
20.033333	0.5	12.453350
20.041667	0.5	12.477950
20.050000	0.5	12.499350
20.058333	0.5	12.528450
20.066667	0.5	12.538100
20.075000	0.5	12.548400
20.083333	0.5	12.553950
20.091667	0.5	12.568800
20.100000	0.5	12.574650
20.108333	0.5	12.601950
20.116667	0.5	12.646200
20.125000	0.5	12.707350
20.133333	0.5	12.780050
20.141667	0.5	12.857500
20.150000	0.5	12.935300
20.158333	0.5	13.016850
20.166667	0.5	13.083650
20.175000	0.5	13.164250
20.183333	0.5	13.238700
20.191667	0.5	13.305200
20.200000	0.5	13.370350
20.208333	0.5	13.434150
20.216667	0.5	13.496000
20.225000	0.5	13.552700
20.233333	0.5	13.601350
20.241667	0.5	13.644250
20.250000	0.5	13.686500
20.258333	0.5	13.716850
20.266667	0.5	13.736450
20.275000	0.5	13.756950
20.283333	0.5	13.763550
20.291667	0.5	13.756200
20.300000	0.5	13.743800
20.308333	0.5	13.721900
20.316667	0.5	13.695050
20.325000	0.5	13.664750
20.333333	0.5	13.628600
20.341667	0.5	13.595300
20.350000	0.5	13.572350
20.358333	0.5	13.535250
20.366667	0.5	13.514850
20.375000	0.5	13.491750
20.383333	0.5	13.472350
20.391667	0.5	13.449200
20.400000	0.5	13.425100
20.408333	0.5	13.410900
20.416667	0.5	13.395250
20.425000	0.5	13.384900
20.433333	0.5	13.375150
20.441667	0.5	13.369850
20.450000	0.5	13.364900
20.458333	0.5	13.365850
20.466667	0.5	13.377850
20.475000	0.5	13.392550
20.483333	0.5	13.395200
20.491667	0.5	13.412800
20.500000	0.5	13.424200
20.508333	0.5	13.438900
20.516667	0.5	13.459200
20.525000	0.5	13.471300
20.533333	0.5	13.496000
20.541667	0.5	13.524400
20.550000	0.5	13.540600
20.558333	0.5	13.577700
20.566667	0.5	13.612250
20.575000	0.5	13.644150
20.583333	0.5	13.677400
20.591667	0.5	13.713800
20.600000	0.5	13.747400
20.608333	0.5	13.780750
20.616667	0.5	13.813150
20.625000	0.5	13.847750
20.633333	0.5	13.886700
20.641667	0.5	13.920250
20.650000	0.5	13.952550
20.658333	0.5	14.001450
20.666667	0.5	14.043550
20.675000	0.5	14.076350
20.683333	0.5	14.112100
20.691667	0.5	14.146500
20.700000	0.5	14.175700
20.708333	0.5	14.211500
20.716667	0.5	14.238900
20.725000	0.5	14.267450
20.733333	0.5	14.298650
20.741667	0.5	14.317300
20.750000	0.5	14.353700
20.758333	0.5	14.385350
20.766667	0.5	14.412900
20.775000	0.5	14.431800
20.783333	0.5	14.457550
20.791667	0.5	14.472800
20.800000	0.5	14.489800
20.808333	0.5	14.499550
20.816667	0.5	14.517350
20.825000	0.5	14.533900
20.833333	0.5	14.542350
20.841667	0.5	14.554500
20.850000	0.5	14.572650
20.858333	0.5	14.593300
20.866667	0.5	14.597800
20.875000	0.5	14.610150
20.883333	0.5	14.616550
20.891667	0.5	14.622700
20.900000	0.5	14.626350
20.908333	0.5	14.632700
20.916667	0.5	14.635000
20.925000	0.5	14.641550
20.933333	0.5	14.637550
20.941667	0.5	14.653200
20.950000	0.5	14.668600
20.958333	0.5	14.675650
20.966667	0.5	14.676000
20.975000	0.5	14.681850
20.983333	0.5	14.686150
20.991667	0.5	14.688950
21.000000	0.5	14.688900
21.008333	0.5	14.684900
21.016667	0.5	14.695600
21.025000	0.5	14.696250
21.033333	0.5	14.698100
21.041667	0.5	14.712200
21.050000	0.5	14.725000
21.058333	0.5	14.729350
21.066667	0.5	14.734100
21.075000	0.5	14.737700
21.083333	0.5	14.742150
21.091667	0.5	14.746050
21.100000	0.5	14.744100
21.108333	0.5	14.745500
21.116667	0.5	14.755800
21.125000	0.5	14.747600
21.133333	0.5	14.764900
21.141667	0.5	14.778550
21.150000	0.5	14.783450
21.158333	0.5	14.789850
21.166667	0.5	14.794900
21.175000	0.5	14.798850
21.183333	0.5	14.800500
21.191667	0.5	14.801900
21.200000	0.5	14.801800
21.208333	0.5	14.810800
21.216667	0.5	14.805950
21.225000	0.5	14.808250
21.233333	0.5	14.825400
21.241667	0.5	14.837100
21.250000	0.5	14.835250
21.258333	0.5	14.841750
21.266667	0.5	14.840850
21.275000	0.5	14.846400
21.283333	0.5	14.845550
21.291667	0.5	14.838850
21.300000	0.5	14.841900
21.308333	0.5	14.848450
21.316667	0.5	14.840350
21.325000	0.5	14.850200
21.333333	0.5	14.861650
21.341667	0.5	14.867150
21.350000	0.5	14.866950
21.358333	0.5	14.869750
21.366667	0.5	14.871900
21.375000	0.5	14.869650
21.383333	0.5	14.863850
21.391667	0.5	14.861200
21.400000	0.5	14.863400
21.408333	0.5	14.862600
21.416667	0.5	14.858350
21.425000	0.5	14.868900
21.433333	0.5	14.882950
21.441667	0.5	14.880750
21.450000	0.5	14.881950
21.458333	0.5	14.883750
21.466667	0.5	14.881050
21.475000	0.5	14.882550
21.483333	0.5	14.873750
21.491667	0.5	14.868100
21.500000	0.5	14.876400
21.508333	0.5	14.861850
21.516667	0.5	14.873650
21.525000	0.5	14.888950
21.533333	0.5	14.891350
21.541667	0.5	14.888000
21.550000	0.5	14.890350
21.558333	0.5	14.890800
21.566667	0.5	14.887600
21.575000	0.5	14.886450
21.583333	0.5	14.881000
21.591667	0.5	14.884000
21.600000	0.5	14.883950
21.608333	0.5	14.885700
21.616667	0.5	14.895750
21.625000	0.5	14.907000
21.633333	0.5	14.903650
21.641667	0.5	14.909550
21.650000	0.5	14.912000
21.658333	0.5	14.908050
21.666667	0.5	14.909200
21.675000	0.5	14.903550
21.683333	0.5	14.907800
21.691667	0.5	14.913150
21.700000	0.5	14.907850
21.708333	0.5	14.923350
21.716667	0.5	14.938200
21.725000	0.5	14.948250
21.733333	0.5	14.948000
21.741667	0.5	14.955100
21.750000	0.5	14.960850
21.758333	0.5	14.966850
21.766667	0.5	14.969000
21.775000	0.5	14.966700
21.783333	0.5	14.973800
21.791667	0.5	14.977050
21.800000	0.5	14.983250
21.808333	0.5	15.001300
21.816667	0.5	15.017750
21.825000	0.5	15.023850
21.833333	0.5	15.032850
21.841667	0.5	15.036800
21.850000	0.5	15.045650
21.858333	0.5	15.049450
21.866667	0.5	15.052150
21.875000	0.5	15.058300
21.883333	0.5	15.069800
21.891667	0.5	15.062650
21.900000	0.5	15.081900
21.908333	0.5	15.097350
21.916667	0.5	15.107100
21.925000	0.5	15.110750
21.933333	0.5	15.118250
21.941667	0.5	15.123400
21.950000	0.5	15.122800
21.958333	0.5	15.117250
21.966667	0.5	15.111450
21.975000	0.5	15.117650
21.983333	0.5	15.107850
21.991667	0.5	15.103350
22.000000	0.5	15.112050
22.008333	0.5	15.118700
22.016667	0.5	15.113650
22.025000	0.5	15.107850
22.033333	0.5	15.096750
22.041667	0.5	15.084500
22.050000	0.5	15.075450
22.058333	0.5	15.067550
22.066667	0.5	15.052850
22.075000	0.5	15.050050
22.083333	0.5	15.032700
22.091667	0.5	15.033050
22.100000	0.5	15.036500
22.108333	0.5	15.037350
22.116667	0.5	15.028100
22.125000	0.5	15.020250
22.133333	0.5	15.018850
22.141667	0.5	15.014500
22.150000	0.5	15.010150
22.158333	0.5	15.007200
22.166667	0.5	15.016650
22.175000	0.5	15.013950
22.183333	0.5	15.018650
22.191667	0.5	15.035250
22.200000	0.5	15.055500
22.208333	0.5	15.063450
22.216667	0.5	15.079700
22.225000	0.5	15.092750
22.233333	0.5	15.102000
22.241667	0.5	15.120000
22.250000	0.5	15.134950
22.258333	0.5	15.150850
22.266667	0.5	15.179550
22.275000	0.5	15.185800
22.283333	0.5	15.220700
22.291667	0.5	15.253150
22.300000	0.5	15.279950
22.308333	0.5	15.306550
22.316667	0.5	15.333000
22.325000	0.5	15.361200
22.333333	0.5	15.381400
22.341667	0.5	15.403500
22.350000	0.5	15.422850
22.358333	0.5	15.447900
22.366667	0.5	15.465250
22.375000	0.5	15.489850
22.383333	0.5	15.517200
22.391667	0.5	15.546650
22.400000	0.5	15.560300
22.408333	0.5	15.579750
22.416667	0.5	15.591300
22.425000	0.5	15.601900
22.433333	0.5	15.611600
22.441667	0.5	15.613500
22.450000	0.5	15.615850
22.458333	0.5	15.627150
22.466667	0.5	15.617400
22.475000	0.5	15.631150
22.483333	0.5	15.644500
22.491667	0.5	15.645850
22.500000	0.5	15.644750
22.508333	0.5	15.636100
22.516667	0.5	15.629950
22.525000	0.5	15.624450
22.533333	0.5	15.607950
22.541667	0.5	15.597200
22.550000	0.5	15.588000
22.558333	0.5	15.571350
22.566667	0.5	15.559950
22.575000	0.5	15.558700
22.583333	0.5	15.556400
22.591667	0.5	15.542300
22.600000	0.5	15.532300
22.608333	0.5	15.514450
22.616667	0.5	15.498200
22.625000	0.5	15.479400
22.633333	0.5	15.461150
22.641667	0.5	15.448450
22.650000	0.5	15.436950
22.658333	0.5	15.410450
22.666667	0.5	15.405950
22.675000	0.5	15.400800
22.683333	0.5	15.391400
22.691667	0.5	15.378600
22.700000	0.5	15.359900
22.708333	0.5	15.345150
22.716667	0.5	15.330400
22.725000	0.5	15.309550
22.733333	0.5	15.292550
22.741667	0.5	15.281850
22.750000	0.5	15.262200
22.758333	0.5	15.249400
22.766667	0.5	15.247900
22.775000	0.5	15.244750
22.783333	0.5	15.229450
22.791667	0.5	15.219850
22.800000	0.5	15.203950
22.808333	0.5	15.189100
22.816667	0.5	15.175200
22.825000	0.5	15.160400
22.833333	0.5	15.145800
22.841667	0.5	15.144200
22.850000	0.5	15.120550
22.858333	0.5	15.117950
22.866667	0.5	15.119600
22.875000	0.5	15.115750
22.883333	0.5	15.101250
22.891667	0.5	15.094800
22.900000	0.5	15.091500
22.908333	0.5	15.077800
22.916667	0.5	15.068150
22.925000	0.5	15.058200
22.933333	0.5	15.054900
22.941667	0.5	15.045400
22.950000	0.5	15.042450
22.958333	0.5	15.048050
22.966667	0.5	15.058100
22.975000	0.5	15.050700
22.983333	0.5	15.055100
22.991667	0.5	15.049100
23.000000	0.5	15.047350
23.008333	0.5	15.042100
23.016667	0.5	15.043250
23.025000	0.5	15.038650
23.033333	0.5	15.050650
23.041667	0.5	15.044400
23.050000	0.5	15.061350
23.058333	0.5	15.077500
23.066667	0.5	15.084100
23.075000	0.5	15.088950
23.083333	0.5	15.099500
23.091667	0.5	15.103450
23.100000	0.5	15.108650
23.108333	0.5	15.112650
23.116667	0.5	15.113800
23.125000	0.5	15.121950
23.133333	0.5	15.128000
23.141667	0.5	15.132800
23.150000	0.5	15.151050
23.158333	0.5	15.159850
23.166667	0.5	15.148050
23.175000	0.5	15.091850
23.183333	0.5	14.928800
23.191667	0.5	14.624850
23.200000	0.5	14.231500
23.208333	0.5	13.817300
23.216667	0.5	13.420250
23.225000	0.5	13.080200
23.233333	0.5	12.827750
23.241667	0.5	12.701550
23.250000	0.5	12.643150
23.258333	0.5	12.624200
23.266667	0.5	12.629100
23.275000	0.5	12.637950
23.283333	0.5	12.653550
23.291667	0.5	12.670450
23.300000	0.5	12.688950
23.308333	0.5	12.709900
23.316667	0.5	12.735950
23.325000	0.5	12.758300
23.333333	0.5	12.788600
23.341667	0.5	12.822950
23.350000	0.5	12.862800
23.358333	0.5	12.893350
23.366667	0.5	12.927350
23.375000	0.5	12.961200
23.383333	0.5	12.995650
23.391667	0.5	13.026400
23.400000	0.5	13.061550
23.408333	0.5	13.094500
23.416667	0.5	13.132800
23.425000	0.5	13.156400
23.433333	0.5	13.195850
23.441667	0.5	13.232950
23.450000	0.5	13.265650
23.458333	0.5	13.292050
23.466667	0.5	13.318400
23.475000	0.5	13.339000
23.483333	0.5	13.359900
23.491667	0.5	13.373100
23.500000	0.5	13.383900
23.508333	0.5	13.397350
23.516667	0.5	13.404000
23.525000	0.5	13.404350
23.533333	0.5	13.414550
23.541667	0.5	13.418300
23.550000	0.5	13.409250
23.558333	0.5	13.397550
23.566667	0.5	13.380350
23.575000	0.5	13.359450
23.583333	0.5	13.331100
23.591667	0.5	13.297800
23.600000	0.5	13.266050
23.608333	0.5	13.231950
23.616667	0.5	13.182150
23.625000	0.5	13.148400
23.633333	0.5	13.110850
23.641667	0.5	13.067200
23.650000	0.5	13.011850
23.658333	0.5	12.961900
23.666667	0.5	12.911550
23.675000	0.5	12.859800
23.683333	0.5	12.808850
23.691667	0.5	12.754950
23.700000	0.5	12.707900
23.708333	0.5	12.662650
23.716667	0.5	12.612550
23.725000	0.5	12.573900
23.733333	0.5	12.534850
23.741667	0.5	12.495400
23.750000	0.5	12.459250
23.758333	0.5	12.422000
23.766667	0.5	12.383450
23.775000	0.5	12.358800
23.783333	0.5	12.333650
23.791667	0.5	12.290550
23.800000	0.5	12.264550
23.808333	0.5	12.230150
23.816667	0.5	12.211600
23.825000	0.5	12.198100
23.833333	0.5	12.175700
23.841667	0.5	12.153900
23.850000	0.5	12.135650
23.858333	0.5	12.113200
23.866667	0.5	12.095150
23.875000	0.5	12.076550
23.883333	0.5	12.055550
23.891667	0.5	12.040450
23.900000	0.5	12.027650
23.908333	0.5	12.013100
23.916667	0.5	12.007150
23.925000	0.5	11.997750
23.933333	0.5	11.990100
23.941667	0.5	11.979700
23.950000	0.5	11.972550
23.958333	0.5	11.962800
23.966667	0.5	11.954200
23.975000	0.5	11.945550
23.983333	0.5	11.940950
23.991667	0.5	11.941250
24.000000	0.5	11.927100
24.008333	0.5	11.931250
24.016667	0.5	11.936150
24.025000	0.5	11.935100
24.033333	0.5	11.931050
24.041667	0.5	11.928800
24.050000	0.5	11.930350
24.058333	0.5	11.923900
24.066667	0.5	11.926000
24.075000	0.5	11.924500
24.083333	0.5	11.925650
24.091667	0.5	11.926700
24.100000	0.5	11.925600
24.108333	0.5	11.939000
24.116667	0.5	11.946850
24.125000	0.5	11.946850
24.133333	0.5	11.953050
24.141667	0.5	11.958150
24.150000	0.5	11.964250
24.158333	0.5	11.972600
24.166667	0.5	11.977000
24.175000	0.5	11.986900
24.183333	0.5	11.998900
24.191667	0.5	12.003750
24.200000	0.5	12.018200
24.208333	0.5	12.034350
24.216667	0.5	12.045350
24.225000	0.5	12.055700
24.233333	0.5	12.068000
24.241667	0.5	12.073450
24.250000	0.5	12.081300
24.258333	0.5	12.084400
24.266667	0.5	12.090400
24.275000	0.5	12.097600
24.283333	0.5	12.100850
24.291667	0.5	12.105500
24.300000	0.5	12.115950
24.308333	0.5	12.117050
24.316667	0.5	12.114300
24.325000	0.5	12.108300
24.333333	0.5	12.104800
24.341667	0.5	12.094700
24.350000	0.5	12.091500
24.358333	0.5	12.075700
24.366667	0.5	12.067650
24.375000	0.5	12.058000
24.383333	0.5	12.034000
24.391667	0.5	12.024100
24.400000	0.5	12.009000
24.408333	0.5	11.985100
24.416667	0.5	11.964550
24.425000	0.5	11.937450
24.433333	0.5	11.907500
24.441667	0.5	11.878350
24.450000	0.5	11.848750
24.458333	0.5	11.812350
24.466667	0.5	11.781100
24.475000	0.5	11.745350
24.483333	0.5	11.708650
24.491667	0.5	11.676450
24.500000	0.5	11.641750
24.508333	0.5	11.603550
24.516667	0.5	11.562200
24.525000	0.5	11.525950
24.533333	0.5	11.487450
24.541667	0.5	11.445300
24.550000	0.5	11.401450
24.558333	0.5	11.366350
24.566667	0.5	11.333850
24.575000	0.5	11.291800
24.583333	0.5	11.262550
24.591667	0.5	11.230000
24.600000	0.5	11.199900
24.608333	0.5	11.166600
24.616667	0.5	11.134650
24.625000	0.5	11.106800
24.633333	0.5	11.079700
24.641667	0.5	11.050000
24.650000	0.5	11.022900
24.658333	0.5	11.002150
24.666667	0.5	10.981400
24.675000	0.5	10.960750
24.683333	0.5	10.945650
24.691667	0.5	10.932000
24.700000	0.5	10.915100
24.708333	0.5	10.904400
24.716667	0.5	10.884600
24.725000	0.5	10.876700
24.733333	0.5	10.867800
24.741667	0.5	10.854350
24.750000	0.5	10.849900
24.758333	0.5	10.843250
24.766667	0.5	10.835900
24.775000	0.5	10.841350
24.783333	0.5	10.846700
24.791667	0.5	10.845700
24.800000	0.5	10.849600
24.808333	0.5	10.856150
24.816667	0.5	10.867550
24.825000	0.5	10.879450
24.833333	0.5	10.892250
24.841667	0.5	10.908750
24.850000	0.5	10.929550
24.858333	0.5	10.951150
24.866667	0.5	10.978150
24.875000	0.5	11.015750
24.883333	0.5	11.049700
24.891667	0.5	11.086150
24.900000	0.5	11.124650
24.908333	0.5	11.168400
24.916667	0.5	11.213400
24.925000	0.5	11.259100
24.933333	0.5	11.305150
24.941667	0.5	11.358900
24.950000	0.5	11.415100
24.958333	0.5	11.463250
24.966667	0.5	11.521400
24.975000	0.5	11.576000
24.983333	0.5	11.633150
24.991667	0.5	11.678500
25.000000	0.5	11.735750
25.008333	0.5	11.784250
25.016667	0.5	11.827650
25.025000	0.5	11.871150
25.033333	0.5	11.911700
25.041667	0.5	11.948500
25.050000	0.5	11.979000
25.058333	0.5	12.008800
25.066667	0.5	12.035600
25.075000	0.5	12.059700
25.083333	0.5	12.067950
25.091667	0.5	12.078450
25.100000	0.5	12.082600
25.108333	0.5	12.082450
25.116667	0.5	12.077250
25.125000	0.5	12.062350
25.133333	0.5	12.045400
25.141667	0.5	12.032000
25.150000	0.5	12.008950
25.158333	0.5	11.986600
25.166667	0.5	11.962650
25.175000	0.5	11.932200
25.183333	0.5	11.899300
25.191667	0.5	11.863450
25.200000	0.5	11.829200
25.208333	0.5	11.791000
25.216667	0.5	11.747650
25.225000	0.5	11.714550
25.233333	0.5	11.678350
25.241667	0.5	11.639200
25.250000	0.5	11.608950
25.258333	0.5	11.574950
25.266667	0.5	11.545100
25.275000	0.5	11.509300
25.283333	0.5	11.486850
25.291667	0.5	11.455050
25.300000	0.5	11.432150
25.308333	0.5	11.405500
25.316667	0.5	11.385400
25.325000	0.5	11.368250
25.333333	0.5	11.352450
25.341667	0.5	11.335250
25.350000	0.5	11.333600
25.358333	0.5	11.326150
25.366667	0.5	11.320350
25.375000	0.5	11.317150
25.383333	0.5	11.311700
25.391667	0.5	11.312250
25.400000	0.5	11.312800
25.408333	0.5	11.315950
25.416667	0.5	11.318450
25.425000	0.5	11.333100
25.433333	0.5	11.338700
25.441667	0.5	11.345950
25.450000	0.5	11.367050
25.458333	0.5	11.384450
25.466667	0.5	11.395500
25.475000	0.5	11.412450
25.483333	0.5	11.422150
25.491667	0.5	11.439350
25.500000	0.5	11.443500
25.508333	0.5	11.457550
25.516667	0.5	11.468950
25.525000	0.5	11.480600
25.533333	0.5	11.488100
25.541667	0.5	11.502650
25.550000	0.5	11.513350
25.558333	0.5	11.522100
25.566667	0.5	11.522200
25.575000	0.5	11.525550
25.583333	0.5	11.527950
25.591667	0.5	11.525150
25.600000	0.5	11.516600
25.608333	0.5	11.512850
25.616667	0.5	11.508850
25.625000	0.5	11.502700
25.633333	0.5	11.492050
25.641667	0.5	11.486650
25.650000	0.5	11.476950
25.658333	0.5	11.463200
25.666667	0.5	11.450100
25.675000	0.5	11.436900
25.683333	0.5	11.420400
25.691667	0.5	11.404900
25.700000	0.5	11.391650
25.708333	0.5	11.370550
25.716667	0.5	11.358250
25.725000	0.5	11.340650
25.733333	0.5	11.327150
25.741667	0.5	11.316750
25.750000	0.5	11.301750
25.758333	0.5	11.285300
25.766667	0.5	11.270400
25.775000	0.5	11.257650
25.783333	0.5	11.244550
25.791667	0.5	11.227450
25.800000	0.5	11.214700
25.808333	0.5	11.205050
25.816667	0.5	11.193350
25.825000	0.5	11.183400
25.833333	0.5	11.182500
25.841667	0.5	11.177450
25.850000	0.5	11.166850
25.858333	0.5	11.162000
25.866667	0.5	11.153650
25.875000	0.5	11.150500
25.883333	0.5	11.146500
25.891667	0.5	11.140200
25.900000	0.5	11.142050
25.908333	0.5	11.138600
25.916667	0.5	11.130750
25.925000	0.5	11.142800
25.933333	0.5	11.147050
25.941667	0.5	11.150600
25.950000	0.5	11.150500
25.958333	0.5	11.150800
25.966667	0.5	11.163300
25.975000	0.5	11.156850
25.983333	0.5	11.152600
25.991667	0.5	11.159700
26.000000	0.5	11.162350
26.008333	0.5	11.165250
26.016667	0.5	11.170400
26.025000	0.5	11.178650
26.033333	0.5	11.181000
26.041667	0.5	11.180500
26.050000	0.5	11.188750
26.058333	0.5	11.189150
26.066667	0.5	11.186050
26.075000	0.5	11.192850
26.083333	0.5	11.184500
26.091667	0.5	11.188900
26.100000	0.5	11.188950
26.108333	0.5	11.185950
26.116667	0.5	11.187650
26.125000	0.5	11.193050
26.133333	0.5	11.194100
26.141667	0.5	11.189900
26.150000	0.5	11.187750
26.158333	0.5	11.194200
26.166667	0.5	11.191450
26.175000	0.5	11.194000
26.183333	0.5	11.182950
26.191667	0.5	11.189050
26.200000	0.5	11.196700
26.208333	0.5	11.193550
26.216667	0.5	11.206500
26.225000	0.5	11.213900
26.233333	0.5	11.220050
26.241667	0.5	11.235950
26.250000	0.5	11.242000
26.258333	0.5	11.248650
26.266667	0.5	11.258800
26.275000	0.5	11.270800
26.283333	0.5	11.280950
26.291667	0.5	11.302350
26.300000	0.5	11.307650
26.308333	0.5	11.332550
26.316667	0.5	11.354650
26.325000	0.5	11.375700
26.333333	0.5	11.400450
26.341667	0.5	11.412550
26.350000	0.5	11.436800
26.358333	0.5	11.464300
26.366667	0.5	11.480450
26.375000	0.5	11.505400
26.383333	0.5	11.531100
26.391667	0.5	11.556650
26.400000	0.5	11.582850
26.408333	0.5	11.611600
26.416667	0.5	11.646050
26.425000	0.5	11.666700
26.433333	0.5	11.695300
26.441667	0.5	11.727200
26.450000	0.5	11.751150
26.458333	0.5	11.771900
26.466667	0.5	11.800150
26.475000	0.5	11.826150
26.483333	0.5	11.853600
26.491667	0.5	11.876600
26.500000	0.5	11.907000
26.508333	0.5	11.939600
26.516667	0.5	11.961150
26.525000	0.5	11.979000
26.533333	0.5	12.007400
26.541667	0.5	12.031550
26.550000	0.5	12.047200
26.558333	0.5	12.070600
26.566667	0.5	12.087450
26.575000	0.5	12.107800
26.583333	0.5	12.121500
26.591667	0.5	12.133750
26.600000	0.5	12.158500
26.608333	0.5	12.170700
26.616667	0.5	12.183500
26.625000	0.5	12.196250
26.633333	0.5	12.206350
26.641667	0.5	12.216750
26.650000	0.5	12.228100
26.658333	0.5	12.231100
26.666667	0.5	12.235100
26.675000	0.5	12.245050
26.683333	0.5	12.244350
26.691667	0.5	12.255950
26.700000	0.5	12.264150
26.708333	0.5	12.267400
26.716667	0.5	12.268250
26.725000	0.5	12.266950
26.733333	0.5	12.265600
26.741667	0.5	12.266800
26.750000	0.5	12.267200
26.758333	0.5	12.264200
26.766667	0.5	12.256100
26.775000	0.5	12.257700
26.783333	0.5	12.254300
26.791667	0.5	12.252950
26.800000	0.5	12.254450
26.808333	0.5	12.246900
26.816667	0.5	12.242250
26.825000	0.5	12.235400
26.833333	0.5	12.228300
26.841667	0.5	12.217950
26.850000	0.5	12.206450
26.858333	0.5	12.199150
26.866667	0.5	12.195250
26.875000	0.5	12.179450
26.883333	0.5	12.174050
26.891667	0.5	12.162100
26.900000	0.5	12.151450
26.908333	0.5	12.139800
26.916667	0.5	12.123400
26.925000	0.5	12.109000
26.933333	0.5	12.090000
26.941667	0.5	12.077250
26.950000	0.5	12.056850
26.958333	0.5	12.037450
26.966667	0.5	12.015200
26.975000	0.5	11.991300
26.983333	0.5	11.975700
26.991667	0.5	11.959000
27.000000	0.5	11.929150
27.008333	0.5	11.908150
27.016667	0.5	11.872850
27.025000	0.5	11.842650
27.033333	0.5	11.813900
27.041667	0.5	11.785000
27.050000	0.5	11.756800
27.058333	0.5	11.722400
27.066667	0.5	11.681800
27.075000	0.5	11.658150
27.083333	0.5	11.627000
27.091667	0.5	11.593100
27.100000	0.5	11.550750
27.108333	0.5	11.521200
27.116667	0.5	11.476500
27.125000	0.5	11.443450
27.133333	0.5	11.401250
27.141667	0.5	11.368550
27.150000	0.5	11.329350
27.158333	0.5	11.293750
27.166667	0.5	11.257650
27.175000	0.5	11.229750
27.183333	0.5	11.202600
27.191667	0.5	11.169350
27.200000	0.5	11.137200
27.208333	0.5	11.105750
27.216667	0.5	11.077250
27.225000	0.5	11.046800
27.233333	0.5	11.020900
27.241667	0.5	10.996350
27.250000	0.5	10.971950
27.258333	0.5	10.944750
27.266667	0.5	10.934200
27.275000	0.5	10.922000
27.283333	0.5	10.905850
27.291667	0.5	10.882400
27.300000	0.5	10.868600
27.308333	0.5	10.855000
27.316667	0.5	10.841350
27.325000	0.5	10.832650
27.333333	0.5	10.822000
27.341667	0.5	10.820800
27.350000	0.5	10.809000
27.358333	0.5	10.806800
27.366667	0.5	10.804050
27.375000	0.5	10.807150
27.383333	0.5	10.798650
27.391667	0.5	10.805550
27.400000	0.5	10.801250
27.408333	0.5	10.797950
27.416667	0.5	10.794000
27.425000	0.5	10.790450
27.433333	0.5	10.790000
27.441667	0.5	10.787850
27.450000	0.5	10.784250
27.458333	0.5	10.794450
27.466667	0.5	10.801150
27.475000	0.5	10.799950
27.483333	0.5	10.796500
27.491667	0.5	10.798100
27.500000	0.5	10.796250
27.508333	0.5	10.797050
27.516667	0.5	10.796800
27.525000	0.5	10.791300
27.533333	0.5	10.792850
27.541667	0.5	10.790900
27.550000	0.5	10.788200
27.558333	0.5	10.796200
27.566667	0.5	10.800350
27.575000	0.5	10.798150
27.583333	0.5	10.795950
27.591667	0.5	10.795350
27.600000	0.5	10.797250
27.608333	0.5	10.791600
27.616667	0.5	10.794700
27.625000	0.5	10.795100
27.633333	0.5	10.799350
27.641667	0.5	10.794600
27.650000	0.5	10.802800
27.658333	0.5	10.805500
27.666667	0.5	10.807750
27.675000	0.5	10.807050
27.683333	0.5	10.809500
27.691667	0.5	10.811700
27.700000	0.5	10.813200
27.708333	0.5	10.813100
27.716667	0.5	10.806600
27.725000	0.5	10.809100
27.733333	0.5	10.805750
27.741667	0.5	10.803750
27.750000	0.5	10.809700
27.758333	0.5	10.813150
27.766667	0.5	10.807100
27.775000	0.5	10.801850
27.783333	0.5	10.801950
27.791667	0.5	10.796100
27.800000	0.5	10.791450
27.808333	0.5	10.778450
27.816667	0.5	10.776950
27.825000	0.5	10.764550
27.833333	0.5	10.756000
27.841667	0.5	10.752600
27.850000	0.5	10.742750
27.858333	0.5	10.739450
27.866667	0.5	10.724400
27.875000	0.5	10.717900
27.883333	0.5	10.710950
27.891667	0.5	10.696450
27.900000	0.5	10.680200
27.908333	0.5	10.669700
27.916667	0.5	10.666250
27.925000	0.5	10.659000
27.933333	0.5	10.650500
27.941667	0.5	10.646450
27.950000	0.5	10.644650
27.958333	0.5	10.634550
27.966667	0.5	10.622150
27.975000	0.5	10.621850
27.983333	0.5	10.619500
27.991667	0.5	10.613700
28.000000	0.5	10.614000
28.008333	0.5	10.613150
28.016667	0.5	10.616000
28.025000	0.5	10.614400
28.033333	0.5	10.625800
28.041667	0.5	10.639950
28.050000	0.5	10.647450
28.058333	0.5	10.658500
28.066667	0.5	10.664950
28.075000	0.5	10.677650
28.083333	0.5	10.695800
28.091667	0.5	10.711350
28.100000	0.5	10.727000
28.108333	0.5	10.750050
28.116667	0.5	10.771900
28.125000	0.5	10.794450
28.133333	0.5	10.826350
28.141667	0.5	10.857350
28.150000	0.5	10.886950
28.158333	0.5	10.915950
28.166667	0.5	10.945600
28.175000	0.5	10.979200
28.183333	0.5	11.011100
28.191667	0.5	11.049000
28.200000	0.5	11.084050
28.208333	0.5	11.122250
28.216667	0.5	11.156200
28.225000	0.5	11.202750
28.233333	0.5	11.246400
28.241667	0.5	11.289450
28.250000	0.5	11.328850
28.258333	0.5	11.366200
28.266667	0.5	11.415750
28.275000	0.5	11.452850
28.283333	0.5	11.495600
28.291667	0.5	11.541300
28.300000	0.5	11.578100
28.308333	0.5	11.618050
28.316667	0.5	11.659850
28.325000	0.5	11.698850
28.333333	0.5	11.743600
28.341667	0.5	11.777200
28.350000	0.5	11.818650
28.358333	0.5	11.857050
28.366667	0.5	11.886900
28.375000	0.5	11.925150
28.383333	0.5	11.947400
28.391667	0.5	11.978700
28.400000	0.5	12.011650
28.408333	0.5	12.032750
28.416667	0.5	12.062150
28.425000	0.5	12.086700
28.433333	0.5	12.112650
28.441667	0.5	12.125350
28.450000	0.5	12.143900
28.458333	0.5	12.159200
28.466667	0.5	12.172850
28.475000	0.5	12.184550
28.483333	0.5	12.195300
28.491667	0.5	12.209500
28.500000	0.5	12.212800
28.508333	0.5	12.219700
28.516667	0.5	12.234750
28.525000	0.5	12.240700
28.533333	0.5	12.239000
28.541667	0.5	12.245250
28.550000	0.5	12.246300
28.558333	0.5	12.247450
28.566667	0.5	12.250550
28.575000	0.5	12.246850
28.583333	0.5	12.242200
28.591667	0.5	12.249100
28.600000	0.5	12.243150
28.608333	0.5	12.254750
28.616667	0.5	12.257150
28.625000	0.5	12.255850
28.633333	0.5	12.256350
28.641667	0.5	12.256000
28.650000	0.5	12.251750
28.658333	0.5	12.250150
28.666667	0.5	12.247900
28.675000	0.5	12.241850
28.683333	0.5	12.234200
28.691667	0.5	12.234050
28.700000	0.5	12.226550
28.708333	0.5	12.229300
28.716667	0.5	12.223250
28.725000	0.5	12.211750
28.733333	0.5	12.208450
28.741667	0.5	12.192300
28.750000	0.5	12.189150
28.758333	0.5	12.173600
28.766667	0.5	12.156800
28.775000	0.5	12.143200
28.783333	0.5	12.130950
28.791667	0.5	12.109450
28.800000	0.5	12.106950
28.808333	0.5	12.099800
28.816667	0.5	12.081950
28.825000	0.5	12.066500
28.833333	0.5	12.057000
28.841667	0.5	12.035500
28.850000	0.5	12.022750
28.858333	0.5	12.005800
28.866667	0.5	11.990150
28.875000	0.5	11.976250
28.883333	0.5	11.966600
28.891667	0.5	11.955150
28.900000	0.5	11.950750
28.908333	0.5	11.944900
28.916667	0.5	11.933450
28.925000	0.5	11.925400
28.933333	0.5	11.916400
28.941667	0.5	11.910600
28.950000	0.5	11.905950
28.958333	0.5	11.912450
28.966667	0.5	11.909050
28.975000	0.5	11.908550
28.983333	0.5	11.903100
28.991667	0.5	11.926250
29.000000	0.5	11.930450
29.008333	0.5	11.943000
29.016667	0.5	11.955000
29.025000	0.5	11.962850
29.033333	0.5	11.975500
29.041667	0.5	11.991950
29.050000	0.5	12.009700
29.058333	0.5	12.018350
29.066667	0.5	12.041500
29.075000	0.5	12.060800
29.083333	0.5	12.084650
29.091667	0.5	12.113000
29.100000	0.5	12.142500
29.108333	0.5	12.164900
29.116667	0.5	12.194500
29.125000	0.5	12.218650
29.133333	0.5	12.246050
29.141667	0.5	12.270950
29.150000	0.5	12.291400
29.158333	0.5	12.321650
29.166667	0.5	12.350450
29.175000	0.5	12.371550
29.183333	0.5	12.402850
29.191667	0.5	12.434400
29.200000	0.5	12.464250
29.208333	0.5	12.488500
29.216667	0.5	12.512800
29.225000	0.5	12.538500
29.233333	0.5	12.561600
29.241667	0.5	12.584050
29.250000	0.5	12.604450
29.258333	0.5	12.627150
29.266667	0.5	12.646000
29.275000	0.5	12.663600
29.283333	0.5	12.687150
29.291667	0.5	12.708600
29.300000	0.5	12.728000
29.308333	0.5	12.748400
29.316667	0.5	12.758350
29.325000	0.5	12.776500
29.333333	0.5	12.793200
29.341667	0.5	12.804200
29.350000	0.5	12.812600
29.358333	0.5	12.824800
29.366667	0.5	12.830700
29.375000	0.5	12.844400
29.383333	0.5	12.858700
29.391667	0.5	12.867900
29.400000	0.5	12.869100
29.408333	0.5	12.872350
29.416667	0.5	12.878050
29.425000	0.5	12.877900
29.433333	0.5	12.878300
29.441667	0.5	12.875300
29.450000	0.5	12.874050
29.458333	0.5	12.869500
29.466667	0.5	12.865750
29.475000	0.5	12.869900
29.483333	0.5	12.868650
29.491667	0.5	12.859600
29.500000	0.5	12.855200
29.508333	0.5	12.853350
29.516667	0.5	12.845750
29.525000	0.5	12.837400
29.533333	0.5	12.828700
29.541667	0.5	12.828100
29.550000	0.5	12.825000
29.558333	0.5	12.814300
29.566667	0.5	12.817100
29.575000	0.5	12.819950
29.583333	0.5	12.819700
29.591667	0.5	12.818800
29.600000	0.5	12.816550
29.608333	0.5	12.817150
29.616667	0.5	12.807650
29.625000	0.5	12.811750
29.633333	0.5	12.809800
29.641667	0.5	12.808000
29.650000	0.5	12.810750
29.658333	0.5	12.811600
29.666667	0.5	12.822250
29.675000	0.5	12.828450
29.683333	0.5	12.826800
29.691667	0.5	12.829300
29.700000	0.5	12.831600
29.708333	0.5	12.833700
29.716667	0.5	12.834450
29.725000	0.5	12.833400
29.733333	0.5	12.837750
29.741667	0.5	12.842050
29.750000	0.5	12.836050
29.758333	0.5	12.847400
29.766667	0.5	12.850150
29.775000	0.5	12.859000
29.783333	0.5	12.856600
29.791667	0.5	12.858100
29.800000	0.5	12.855300
29.808333	0.5	12.860700
29.816667	0.5	12.856250
29.825000	0.5	12.850250
29.833333	0.5	12.853200
29.841667	0.5	12.853350
29.850000	0.5	12.842750
29.858333	0.5	12.854650
29.866667	0.5	12.856900
29.875000	0.5	12.853050
29.883333	0.5	12.848650
29.891667	0.5	12.842950
29.900000	0.5	12.836250
29.908333	0.5	12.832500
29.916667	0.5	12.826400
29.925000	0.5	12.819500
29.933333	0.5	12.819200
29.941667	0.5	12.806550
29.950000	0.5	12.805750
29.958333	0.5	12.810400
29.966667	0.5	12.809950
29.975000	0.5	12.806000
29.983333	0.5	12.802000
29.991667	0.5	12.800500
30.000000	0.5	12.800900
30.008333	0.5	12.796500
30.016667	0.5	12.794200
30.025000	0.5	12.799200
30.033333	0.5	12.797500
30.041667	0.5	12.800300
30.050000	0.5	12.811700
30.058333	0.5	12.822450
30.066667	0.5	12.829200
30.075000	0.5	12.844850
30.083333	0.5	12.852100
30.091667	0.5	12.860800
30.100000	0.5	12.877900
30.108333	0.5	12.889850
30.116667	0.5	12.904350
30.125000	0.5	12.924150
30.133333	0.5	12.939250
30.141667	0.5	12.961950
30.150000	0.5	12.986800
30.158333	0.5	13.007800
30.166667	0.5	13.027800
30.175000	0.5	13.038750
30.183333	0.5	13.051850
30.191667	0.5	13.068850
30.200000	0.5	13.072650
30.208333	0.5	13.074100
30.216667	0.5	13.076100
30.225000	0.5	13.065200
30.233333	0.5	13.058400
30.241667	0.5	13.050350
30.250000	0.5	13.038550
30.258333	0.5	13.014650
30.266667	0.5	12.988900
30.275000	0.5	12.953150
30.283333	0.5	12.920400
30.291667	0.5	12.884200
30.300000	0.5	12.838300
30.308333	0.5	12.791800
30.316667	0.5	12.751300
30.325000	0.5	12.705050
30.333333	0.5	12.660950
30.341667	0.5	12.619500
30.350000	0.5	12.564750
30.358333	0.5	12.510400
30.366667	0.5	12.466700
30.375000	0.5	12.413800
30.383333	0.5	12.362500
30.391667	0.5	12.314100
30.400000	0.5	12.263100
30.408333	0.5	12.217000
30.416667	0.5	12.170850
30.425000	0.5	12.129050
30.433333	0.5	12.089200
30.441667	0.5	12.060500
30.450000	0.5	12.021200
30.458333	0.5	11.992850
30.466667	0.5	11.962400
30.475000	0.5	11.943300
30.483333	0.5	11.927200
30.491667	0.5	11.910750
30.500000	0.5	11.906250
30.508333	0.5	11.912500
30.516667	0.5	11.913350
30.525000	0.5	11.929100
30.533333	0.5	11.947000
30.541667	0.5	11.967800
30.550000	0.5	11.990200
30.558333	0.5	12.007450
30.566667	0.5	12.023750
30.575000	0.5	12.041300
30.583333	0.5	12.057150
30.591667	0.5	12.065400
30.600000	0.5	12.073600
30.608333	0.5	12.070350
30.616667	0.5	12.066300
30.625000	0.5	12.060000
30.633333	0.5	12.045550
30.641667	0.5	12.017900
30.650000	0.5	11.990850
30.658333	0.5	11.951500
30.666667	0.5	11.907650
30.675000	0.5	11.863150
30.683333	0.5	11.807900
30.691667	0.5	11.754900
30.700000	0.5	11.697850
30.708333	0.5	11.632250
30.716667	0.5	11.579600
30.725000	0.5	11.513750
30.733333	0.5	11.450000
30.741667	0.5	11.384100
30.750000	0.5	11.318000
30.758333	0.5	11.254250
30.766667	0.5	11.185850
30.775000	0.5	11.124300
30.783333	0.5	11.062550
30.791667	0.5	11.007050
30.800000	0.5	10.953400
30.808333	0.5	10.896850
30.816667	0.5	10.852050
30.825000	0.5	10.803600
30.833333	0.5	10.754500
30.841667	0.5	10.709350
30.850000	0.5	10.668950
30.858333	0.5	10.627300
30.866667	0.5	10.583300
30.875000	0.5	10.547300
30.883333	0.5	10.515150
30.891667	0.5	10.487050
30.900000	0.5	10.452900
30.908333	0.5	10.424650
30.916667	0.5	10.402500
30.925000	0.5	10.380900
30.933333	0.5	10.360600
30.941667	0.5	10.334950
30.950000	0.5	10.320250
30.958333	0.5	10.306350
30.966667	0.5	10.287100
30.975000	0.5	10.272750
30.983333	0.5	10.262600
30.991667	0.5	10.252600
31.000000	0.5	10.243400
31.008333	0.5	10.239900
31.016667	0.5	10.238100
31.025000	0.5	10.234300
31.033333	0.5	10.234100
31.041667	0.5	10.228300
31.050000	0.5	10.227250
31.058333	0.5	10.229950
31.066667	0.5	10.226100
31.075000	0.5	10.230900
31.083333	0.5	10.238900
31.091667	0.5	10.240400
31.100000	0.5	10.250250
31.108333	0.5	10.259800
31.116667	0.5	10.271400
31.125000	0.5	10.273800
31.133333	0.5	10.285400
31.141667	0.5	10.297500
31.150000	0.5	10.306000
31.158333	0.5	10.316850
31.166667	0.5	10.330600
31.175000	0.5	10.330750
31.183333	0.5	10.360250
31.191667	0.5	10.374650
31.200000	0.5	10.391700
31.208333	0.5	10.408000
31.216667	0.5	10.424850
31.225000	0.5	10.444100
31.233333	0.5	10.460600
31.241667	0.5	10.479100
31.250000	0.5	10.498650
31.258333	0.5	10.513050
31.266667	0.5	10.543000
31.275000	0.5	10.558350
31.283333	0.5	10.578000
31.291667	0.5	10.611200
31.300000	0.5	10.632700
31.308333	0.5	10.665200
31.316667	0.5	10.686850
31.325000	0.5	10.716000
31.333333	0.5	10.738800
31.341667	0.5	10.768450
31.350000	0.5	10.793900
31.358333	0.5	10.825050
31.366667	0.5	10.855400
31.375000	0.5	10.888350
31.383333	0.5	10.919950
31.391667	0.5	10.960000
31.400000	0.5	11.004500
31.408333	0.5	11.037650
31.416667	0.5	11.079950
31.425000	0.5	11.124500
31.433333	0.5	11.166150
31.441667	0.5	11.205050
31.450000	0.5	11.255250
31.458333	0.5	11.304200
31.466667	0.5	11.352800
31.475000	0.5	11.397900
31.483333	0.5	11.461650
31.491667	0.5	11.520500
31.500000	0.5	11.586950
31.508333	0.5	11.647200
31.516667	0.5	11.710600
31.525000	0.5	11.776100
31.533333	0.5	11.851700
31.541667	0.5	11.916650
31.550000	0.5	11.986400
31.558333	0.5	12.066150
31.566667	0.5	12.135600
31.575000	0.5	12.205900
31.583333	0.5	12.291000
31.591667	0.5	12.367200
31.600000	0.5	12.434250
31.608333	0.5	12.492050
31.616667	0.5	12.559500
31.625000	0.5	12.617550
31.633333	0.5	12.667200
31.641667	0.5	12.705450
31.650000	0.5	12.751600
31.658333	0.5	12.790300
31.666667	0.5	12.817500
31.675000	0.5	12.847600
31.683333	0.5	12.877950
31.691667	0.5	12.902750
31.700000	0.5	12.918750
31.708333	0.5	12.936000
31.716667	0.5	12.944250
31.725000	0.5	12.958150
31.733333	0.5	12.969350
31.741667	0.5	12.976800
31.750000	0.5	12.990650
31.758333	0.5	13.004600
31.766667	0.5	13.017250
31.775000	0.5	13.035550
31.783333	0.5	13.054300
31.791667	0.5	13.073450
31.800000	0.5	13.092200
31.808333	0.5	13.115550
31.816667	0.5	13.134050
31.825000	0.5	13.164550
31.833333	0.5	13.187200
31.841667	0.5	13.214750
31.850000	0.5	13.248500
31.858333	0.5	13.270400
31.866667	0.5	13.316250
31.875000	0.5	13.354200
31.883333	0.5	13.395950
31.891667	0.5	13.429900
31.900000	0.5	13.472600
31.908333	0.5	13.509100
31.916667	0.5	13.553150
31.925000	0.5	13.592800
31.933333	0.5	13.632100
31.941667	0.5	13.668600
31.950000	0.5	13.709100
31.958333	0.5	13.743350
31.966667	0.5	13.797600
31.975000	0.5	13.838550
31.983333	0.5	13.874050
31.991667	0.5	13.914900
32.000000	0.5	13.948500
32.008333	0.5	13.983300
32.016667	0.5	14.005350
32.025000	0.5	14.034800
32.033333	0.5	14.060900
32.041667	0.5	14.085850
32.050000	0.5	14.101750
32.058333	0.5	14.134800
32.066667	0.5	14.159500
32.075000	0.5	14.182700
32.083333	0.5	14.200000
32.091667	0.5	14.209350
32.100000	0.5	14.224300
32.108333	0.5	14.235750
32.116667	0.5	14.240100
32.125000	0.5	14.247500
32.133333	0.5	14.259350
32.141667	0.5	14.266300
32.150000	0.5	14.263400
32.158333	0.5	14.279950
32.166667	0.5	14.292150
32.175000	0.5	14.293750
32.183333	0.5	14.299000
32.191667	0.5	14.306700
32.200000	0.5	14.305750
32.208333	0.5	14.305350
32.216667	0.5	14.307450
32.225000	0.5	14.310450
32.233333	0.5	14.321000
32.241667	0.5	14.320700
32.250000	0.5	14.335850
32.258333	0.5	14.357200
32.266667	0.5	14.370300
32.275000	0.5	14.381350
32.283333	0.5	14.397350
32.291667	0.5	14.417100
32.300000	0.5	14.438300
32.308333	0.5	14.465800
32.316667	0.5	14.497750
32.325000	0.5	14.522200
32.333333	0.5	14.556950
32.341667	0.5	14.586000
32.350000	0.5	14.636750
32.358333	0.5	14.693900
32.366667	0.5	14.729100
32.375000	0.5	14.787100
32.383333	0.5	14.833300
32.391667	0.5	14.884000
32.400000	0.5	14.935200
32.408333	0.5	14.984600
32.416667	0.5	15.044550
32.425000	0.5	15.105900
32.433333	0.5	15.158400
32.441667	0.5	15.225950
32.450000	0.5	15.302000
32.458333	0.5	15.371050
32.466667	0.5	15.430400
32.475000	0.5	15.495050
32.483333	0.5	15.557750
32.491667	0.5	15.621250
32.500000	0.5	15.683350
32.508333	0.5	15.742400
32.516667	0.5	15.798500
32.525000	0.5	15.842400
32.533333	0.5	15.816300
32.541667	0.5	15.667800
32.550000	0.5	15.369450
32.558333	0.5	14.998350
32.566667	0.5	14.690000
32.575000	0.5	14.479300
32.583333	0.5	14.334150
32.591667	0.5	14.251350
32.600000	0.5	14.195400
32.608333	0.5	14.155850
32.616667	0.5	14.125600
32.625000	0.5	14.087300
32.633333	0.5	14.070400
32.641667	0.5	14.051800
32.650000	0.5	14.027050
32.658333	0.5	13.996150
32.666667	0.5	13.966750
32.675000	0.5	13.934550
32.683333	0.5	13.900800
32.691667	0.5	13.872700
32.700000	0.5	13.832250
32.708333	0.5	13.797000
32.716667	0.5	13.765450
32.725000	0.5	13.730050
32.733333	0.5	13.699700
32.741667	0.5	13.680550
32.750000	0.5	13.646950
32.758333	0.5	13.619150
32.766667	0.5	13.595800
32.775000	0.5	13.576650
32.783333	0.5	13.568600
32.791667	0.5	13.569600
32.800000	0.5	13.590000
32.808333	0.5	13.629550
32.816667	0.5	13.690450
32.825000	0.5	13.803200
32.833333	0.5	13.944300
32.841667	0.5	14.123050
32.850000	0.5	14.342350
32.858333	0.5	14.604400
32.866667	0.5	14.891500
32.875000	0.5	15.197150
32.883333	0.5	15.510150
32.891667	0.5	15.832450
32.900000	0.5	16.142550
32.908333	0.5	16.444350
32.916667	0.5	16.714400
32.925000	0.5	16.962650
32.933333	0.5	17.165650
32.941667	0.5	17.338850
32.950000	0.5	17.463750
32.958333	0.5	17.542200
32.966667	0.5	17.571200
32.975000	0.5	17.557200
32.983333	0.5	17.489900
32.991667	0.5	17.383200
33.000000	0.5	17.229500
33.008333	0.5	17.034000
33.016667	0.5	16.803150
33.025000	0.5	16.553000
33.033333	0.5	16.266050
33.041667	0.5	15.953950
33.050000	0.5	15.626300
33.058333	0.5	15.288550
33.066667	0.5	14.960100
33.075000	0.5	14.634600
33.083333	0.5	14.325550
33.091667	0.5	14.038050
33.100000	0.5	13.780750
33.108333	0.5	13.555450
33.116667	0.5	13.363350
33.125000	0.5	13.202000
33.133333	0.5	13.066700
33.141667	0.5	12.963850
33.150000	0.5	12.877950
33.158333	0.5	12.814800
33.166667	0.5	12.766650
33.175000	0.5	12.727850
33.183333	0.5	12.705900
33.191667	0.5	12.687600
33.200000	0.5	12.673300
33.208333	0.5	12.664750
33.216667	0.5	12.654700
33.225000	0.5	12.650750
33.233333	0.5	12.641850
33.241667	0.5	12.634350
33.250000	0.5	12.619850
33.258333	0.5	12.611050
33.266667	0.5	12.596950
33.275000	0.5	12.586600
33.283333	0.5	12.571450
33.291667	0.5	12.558900
33.300000	0.5	12.543550
33.308333	0.5	12.535550
33.316667	0.5	12.525450
33.325000	0.5	12.514800
33.333333	0.5	12.498100
33.341667	0.5	12.490250
33.350000	0.5	12.479500
33.358333	0.5	12.467900
33.366667	0.5	12.462950
33.375000	0.5	12.453550
33.383333	0.5	12.455800
33.391667	0.5	12.454050
33.400000	0.5	12.458600
33.408333	0.5	12.471200
33.416667	0.5	12.482400
33.425000	0.5	12.491900
33.433333	0.5	12.504600
33.441667	0.5	12.516750
33.450000	0.5	12.531050
33.458333	0.5	12.548300
33.466667	0.5	12.568250
33.475000	0.5	12.588650
33.483333	0.5	12.616850
33.491667	0.5	12.639750
33.500000	0.5	12.676700
33.508333	0.5	12.715600
33.516667	0.5	12.751900
33.525000	0.5	12.792200
33.533333	0.5	12.834450
33.541667	0.5	12.883250
33.550000	0.5	12.934900
33.558333	0.5	12.993100
33.566667	0.5	13.050550
33.575000	0.5	13.111100
33.583333	0.5	13.169500
33.591667	0.5	13.243600
33.600000	0.5	13.313200
33.608333	0.5	13.382150
33.616667	0.5	13.452150
33.625000	0.5	13.514250
33.633333	0.5	13.585950
33.641667	0.5	13.655950
33.650000	0.5	13.728850
33.658333	0.5	13.802200
33.666667	0.5	13.880750
33.675000	0.5	13.963300
33.683333	0.5	14.058300
33.691667	0.5	14.168650
33.700000	0.5	14.289500
33.708333	0.5	14.418500
33.716667	0.5	14.564300
33.725000	0.5	14.727350
33.733333	0.5	14.897950
33.741667	0.5	15.077950
33.750000	0.5	15.260850
33.758333	0.5	15.450250
33.766667	0.5	15.637300
33.775000	0.5	15.801950
33.783333	0.5	15.973000
33.791667	0.5	16.120400
33.800000	0.5	16.249900
33.808333	0.5	16.362100
33.816667	0.5	16.452150
33.825000	0.5	16.519050
33.833333	0.5	16.564000
33.841667	0.5	16.587600
33.850000	0.5	16.582700
33.858333	0.5	16.547450
33.866667	0.5	16.494000
33.875000	0.5	16.410900
33.883333	0.5	16.309800
33.891667	0.5	16.184700
33.900000	0.5	16.025550
33.908333	0.5	15.864650
33.916667	0.5	15.689900
33.925000	0.5	15.521500
33.933333	0.5	15.358200
33.941667	0.5	15.215400
33.950000	0.5	15.078300
33.958333	0.5	14.966500
33.966667	0.5	14.859050
33.975000	0.5	14.788750
33.983333	0.5	14.728650
33.991667	0.5	14.682200
34.000000	0.5	14.636600
34.008333	0.5	14.604550
34.016667	0.5	14.584750
34.025000	0.5	14.566250
34.033333	0.5	14.552050
34.041667	0.5	14.542500
34.050000	0.5	14.525550
34.058333	0.5	14.516050
34.066667	0.5	14.498250
34.075000	0.5	14.482850
34.083333	0.5	14.464750
34.091667	0.5	14.431650
34.100000	0.5	14.398250
34.108333	0.5	14.353600
34.116667	0.5	14.310850
34.125000	0.5	14.256300
34.133333	0.5	14.193200
34.141667	0.5	14.133250
34.150000	0.5	14.059600
34.158333	0.5	13.979200
34.166667	0.5	13.901050
34.175000	0.5	13.816950
34.183333	0.5	13.723900
34.191667	0.5	13.622700
34.200000	0.5	13.521250
34.208333	0.5	13.417450
34.216667	0.5	13.311900
34.225000	0.5	13.207650
34.233333	0.5	13.099850
34.241667	0.5	13.000350
34.250000	0.5	12.904550
34.258333	0.5	12.808300
34.266667	0.5	12.716650
34.275000	0.5	12.640950
34.283333	0.5	12.560350
34.291667	0.5	12.485150
34.300000	0.5	12.420300
34.308333	0.5	12.365050
34.316667	0.5	12.306000
34.325000	0.5	12.264650
34.333333	0.5	12.222350
34.341667	0.5	12.202050
34.350000	0.5	12.162300
34.358333	0.5	12.145250
34.366667	0.5	12.140750
34.375000	0.5	12.128100
34.383333	0.5	12.122250
34.391667	0.5	12.124950
34.400000	0.5	12.133000
34.408333	0.5	12.135350
34.416667	0.5	12.148000
34.425000	0.5	12.161650
34.433333	0.5	12.184050
34.441667	0.5	12.204250
34.450000	0.5	12.230700
34.458333	0.5	12.262850
34.466667	0.5	12.297450
34.475000	0.5	12.323950
34.483333	0.5	12.351050
34.491667	0.5	12.388250
34.500000	0.5	12.414950
34.508333	0.5	12.444700
34.516667	0.5	12.469500
34.525000	0.5	12.491650
34.533333	0.5	12.517650
34.541667	0.5	12.534150
34.550000	0.5	12.553050
34.558333	0.5	12.570050
34.566667	0.5	12.578300
34.575000	0.5	12.582950
34.583333	0.5	12.589400
34.591667	0.5	12.585050
34.600000	0.5	12.582350
34.608333	0.5	12.573900
34.616667	0.5	12.563350
34.625000	0.5	12.560850
34.633333	0.5	12.553300
34.641667	0.5	12.544300
34.650000	0.5	12.536350
34.658333	0.5	12.534750
34.666667	0.5	12.524100
34.675000	0.5	12.518650
34.683333	0.5	12.510050
34.691667	0.5	12.502600
34.700000	0.5	12.488450
34.708333	0.5	12.487500
34.716667	0.5	12.485900
34.725000	0.5	12.480450
34.733333	0.5	12.471950
34.741667	0.5	12.475750
34.750000	0.5	12.476050
34.758333	0.5	12.477300
34.766667	0.5	12.471250
34.775000	0.5	12.473650
34.783333	0.5	12.473150
34.791667	0.5	12.478500
34.800000	0.5	12.476500
34.808333	0.5	12.483600
34.816667	0.5	12.486900
34.825000	0.5	12.495550
34.833333	0.5	12.496700
34.841667	0.5	12.517300
34.850000	0.5	12.533700
34.858333	0.5	12.544350
34.866667	0.5	12.563800
34.875000	0.5	12.586900
34.883333	0.5	12.607100
34.891667	0.5	12.629650
34.900000	0.5	12.652700
34.908333	0.5	12.668300
34.916667	0.5	12.693250
34.925000	0.5	12.706800
34.933333	0.5	12.728550
34.941667	0.5	12.747050
34.950000	0.5	12.754000
34.958333	0.5	12.762950
34.966667	0.5	12.763450
34.975000	0.5	12.769050
34.983333	0.5	12.762300
34.991667	0.5	12.748850
35.000000	0.5	12.742600
35.008333	0.5	12.727250
35.016667	0.5	12.712600
35.025000	0.5	12.696350
35.033333	0.5	12.684000
35.041667	0.5	12.670100
35.050000	0.5	12.645900
35.058333	0.5	12.626400
35.066667	0.5	12.606750
35.075000	0.5	12.577800
35.083333	0.5	12.555150
35.091667	0.5	12.531200
35.100000	0.5	12.503100
35.108333	0.5	12.473400
35.116667	0.5	12.427100
35.125000	0.5	12.392900
35.133333	0.5	12.350500
35.141667	0.5	12.303850
35.150000	0.5	12.249550
35.158333	0.5	12.186700
35.166667	0.5	12.122250
35.175000	0.5	12.057200
35.183333	0.5	11.986600
35.191667	0.5	11.909500
35.200000	0.5	11.838100
35.208333	0.5	11.771200
35.216667	0.5	11.695000
35.225000	0.5	11.632450
35.233333	0.5	11.569200
35.241667	0.5	11.511350
35.250000	0.5	11.449350
35.258333	0.5	11.399650
35.266667	0.5	11.356450
35.275000	0.5	11.310000
35.283333	0.5	11.281100
35.291667	0.5	11.252450
35.300000	0.5	11.233600
35.308333	0.5	11.212950
35.316667	0.5	11.210550
35.325000	0.5	11.209450
35.333333	0.5	11.210600
35.341667	0.5	11.214400
35.350000	0.5	11.226400
35.358333	0.5	11.233800
35.366667	0.5	11.244200
35.375000	0.5	11.260900
35.383333	0.5	11.279850
35.391667	0.5	11.298850
35.400000	0.5	11.323550
35.408333	0.5	11.341750
35.416667	0.5	11.369600
35.425000	0.5	11.399750
35.433333	0.5	11.416250
35.441667	0.5	11.441650
35.450000	0.5	11.465950
35.458333	0.5	11.489350
35.466667	0.5	11.503850
35.475000	0.5	11.523900
35.483333	0.5	11.543600
35.491667	0.5	11.561650
35.500000	0.5	11.566900
35.508333	0.5	11.585600
35.516667	0.5	11.594450
35.525000	0.5	11.606550
35.533333	0.5	11.616700
35.541667	0.5	11.612350
35.550000	0.5	11.611000
35.558333	0.5	11.608400
35.566667	0.5	11.604250
35.575000	0.5	11.599300
35.583333	0.5	11.592950
35.591667	0.5	11.585500
35.600000	0.5	11.579050
35.608333	0.5	11.575550
35.616667	0.5	11.569200
35.625000	0.5	11.560900
35.633333	0.5	11.551250
35.641667	0.5	11.548600
35.650000	0.5	11.542500
35.658333	0.5	11.533100
35.666667	0.5	11.534100
35.675000	0.5	11.530100
35.683333	0.5	11.536800
35.691667	0.5	11.535400
35.700000	0.5	11.543800
35.708333	0.5	11.553600
35.716667	0.5	11.559850
35.725000	0.5	11.564450
35.733333	0.5	11.567100
35.741667	0.5	11.569450
35.750000	0.5	11.574200
35.758333	0.5	11.572850
35.766667	0.5	11.564350
35.775000	0.5	11.558850
35.783333	0.5	11.542650
35.791667	0.5	11.522900
35.800000	0.5	11.498250
35.808333	0.5	11.470650
35.816667	0.5	11.425950
35.825000	0.5	11.382150
35.833333	0.5	11.327150
35.841667	0.5	11.272950
35.850000	0.5	11.212900
35.858333	0.5	11.158200
35.866667	0.5	11.101750
35.875000	0.5	11.045400
35.883333	0.5	10.984050
35.891667	0.5	10.940750
35.900000	0.5	10.895100
35.908333	0.5	10.850850
35.916667	0.5	10.808050
35.925000	0.5	10.769150
35.933333	0.5	10.739000
35.941667	0.5	10.706100
35.950000	0.5	10.682850
35.958333	0.5	10.662150
35.966667	0.5	10.637300
35.975000	0.5	10.628950
35.983333	0.5	10.617250
35.991667	0.5	10.616350
36.000000	0.5	10.616700
36.008333	0.5	10.617250
36.016667	0.5	10.625750
36.025000	0.5	10.633400
36.033333	0.5	10.646150
36.041667	0.5	10.661300
36.050000	0.5	10.680650
36.058333	0.5	10.699600
36.066667	0.5	10.729600
36.075000	0.5	10.750600
36.083333	0.5	10.795100
36.091667	0.5	10.832600
36.100000	0.5	10.865950
36.108333	0.5	10.906700
36.116667	0.5	10.942000
36.125000	0.5	10.987450
36.133333	0.5	11.028050
36.141667	0.5	11.068850
36.150000	0.5	11.111000
36.158333	0.5	11.149400
36.166667	0.5	11.192250
36.175000	0.5	11.228050
36.183333	0.5	11.267200
36.191667	0.5	11.302050
36.200000	0.5	11.322150
36.208333	0.5	11.349350
36.216667	0.5	11.363400
36.225000	0.5	11.374350
36.233333	0.5	11.387700
36.241667	0.5	11.388100
36.250000	0.5	11.397200
36.258333	0.5	11.401450
36.266667	0.5	11.393500
36.275000	0.5	11.396850
36.283333	0.5	11.394800
36.291667	0.5	11.385850
36.300000	0.5	11.373250
36.308333	0.5	11.362050
36.316667	0.5	11.352450
36.325000	0.5	11.337500
36.333333	0.5	11.323900
36.341667	0.5	11.308750
36.350000	0.5	11.298100
36.358333	0.5	11.282150
36.366667	0.5	11.266450
36.375000	0.5	11.261700
36.383333	0.5	11.248950
36.391667	0.5	11.237550
36.400000	0.5	11.223800
36.408333	0.5	11.210500
36.416667	0.5	11.197400
36.425000	0.5	11.184600
36.433333	0.5	11.171250
36.441667	0.5	11.161100
36.450000	0.5	11.150650
36.458333	0.5	11.134150
36.466667	0.5	11.132450
36.475000	0.5	11.127000
36.483333	0.5	11.120150
36.491667	0.5	11.111250
36.500000	0.5	11.101750
36.508333	0.5	11.092650
36.516667	0.5	11.081250
36.525000	0.5	11.074900
36.533333	0.5	11.071450
36.541667	0.5	11.061050
36.550000	0.5	11.052700
36.558333	0.5	11.044300
36.566667	0.5	11.047300
36.575000	0.5	11.043100
36.583333	0.5	11.040150
36.591667	0.5	11.039600
36.600000	0.5	11.035200
36.608333	0.5	11.033800
36.616667	0.5	11.028150
36.625000	0.5	11.026700
36.633333	0.5	11.024800
36.641667	0.5	11.028250
36.650000	0.5	11.023500
36.658333	0.5	11.032600
36.666667	0.5	11.043750
36.675000	0.5	11.052650
36.683333	0.5	11.061700
36.691667	0.5	11.070250
36.700000	0.5	11.089250
36.708333	0.5	11.103850
36.716667	0.5	11.128100
36.725000	0.5	11.163100
36.733333	0.5	11.199850
36.741667	0.5	11.250900
36.750000	0.5	11.307400
36.758333	0.5	11.372150
36.766667	0.5	11.447850
36.775000	0.5	11.527900
36.783333	0.5	11.620300
36.791667	0.5	11.723400
36.800000	0.5	11.826650
36.808333	0.5	11.936950
36.816667	0.5	12.051550
36.825000	0.5	12.160850
36.833333	0.5	12.278600
36.841667	0.5	12.378900
36.850000	0.5	12.490100
36.858333	0.5	12.586650
36.866667	0.5	12.678550
36.875000	0.5	12.746000
36.883333	0.5	12.809750
36.891667	0.5	12.858450
36.900000	0.5	12.892500
36.908333	0.5	12.912550
36.916667	0.5	12.909850
36.925000	0.5	12.902200
36.933333	0.5	12.884950
36.941667	0.5	12.843850
36.950000	0.5	12.802700
36.958333	0.5	12.745750
36.966667	0.5	12.681150
36.975000	0.5	12.606350
36.983333	0.5	12.537100
36.991667	0.5	12.460600
37.000000	0.5	12.375700
37.008333	0.5	12.306400
37.016667	0.5	12.240000
37.025000	0.5	12.179350
37.033333	0.5	12.125000
37.041667	0.5	12.092650
37.050000	0.5	12.063800
37.058333	0.5	12.051650
37.066667	0.5	12.045300
37.075000	0.5	12.054000
37.083333	0.5	12.067900
37.091667	0.5	12.096750
37.100000	0.5	12.139050
37.108333	0.5	12.178450
37.116667	0.5	12.230250
37.125000	0.5	12.286250
37.133333	0.5	12.339050
37.141667	0.5	12.401900
37.150000	0.5	12.468750
37.158333	0.5	12.528300
37.166667	0.5	12.593800
37.175000	0.5	12.656300
37.183333	0.5	12.718050
37.191667	0.5	12.774350
37.200000	0.5	12.833200
37.208333	0.5	12.884350
37.216667	0.5	12.933650
37.225000	0.5	12.976650
37.233333	0.5	13.023550
37.241667	0.5	13.068600
37.250000	0.5	13.101350
37.258333	0.5	13.128650
37.266667	0.5	13.143400
37.275000	0.5	13.167000
37.283333	0.5	13.180100
37.291667	0.5	13.175300
37.300000	0.5	13.179150
37.308333	0.5	13.175400
37.316667	0.5	13.156400
37.325000	0.5	13.134650
37.333333	0.5	13.108000
37.341667	0.5	13.081300
37.350000	0.5	13.031250
37.358333	0.5	12.994600
37.366667	0.5	12.933500
37.375000	0.5	12.875600
37.383333	0.5	12.811950
37.391667	0.5	12.737200
37.400000	0.5	12.666500
37.408333	0.5	12.588800
37.416667	0.5	12.501200
37.425000	0.5	12.419600
37.433333	0.5	12.333950
37.441667	0.5	12.249050
37.450000	0.5	12.150950
37.458333	0.5	12.057700
37.466667	0.5	11.964100
37.475000	0.5	11.878400
37.483333	0.5	11.784200
37.491667	0.5	11.702150
37.500000	0.5	11.619000
37.508333	0.5	11.540300
37.516667	0.5	11.473300
37.525000	0.5	11.408700
37.533333	0.5	11.351450
37.541667	0.5	11.297850
37.550000	0.5	11.247550
37.558333	0.5	11.198750
37.566667	0.5	11.155100
37.575000	0.5	11.123450
37.583333	0.5	11.092000
37.591667	0.5	11.065150
37.600000	0.5	11.050000
37.608333	0.5	11.028850
37.616667	0.5	11.028250
37.625000	0.5	11.038050
37.633333	0.5	11.031900
37.641667	0.5	11.040900
37.650000	0.5	11.055950
37.658333	0.5	11.084800
37.666667	0.5	11.109100
37.675000	0.5	11.154550
37.683333	0.5	11.204250
37.691667	0.5	11.261750
37.700000	0.5	11.333950
37.708333	0.5	11.420500
37.716667	0.5	11.517450
37.725000	0.5	11.635950
37.733333	0.5	11.752250
37.741667	0.5	11.889800
37.750000	0.5	12.034500
37.758333	0.5	12.179850
37.766667	0.5	12.338650
37.775000	0.5	12.500600
37.783333	0.5	12.655500
37.791667	0.5	12.819350
37.800000	0.5	12.972150
37.808333	0.5	13.130600
37.816667	0.5	13.280750
37.825000	0.5	13.417800
37.833333	0.5	13.551000
37.841667	0.5	13.668950
37.850000	0.5	13.784150
37.858333	0.5	13.883800
37.866667	0.5	13.980550
37.875000	0.5	14.063950
37.883333	0.5	14.134500
37.891667	0.5	14.208000
37.900000	0.5	14.270750
37.908333	0.5	14.330500
37.916667	0.5	14.380000
37.925000	0.5	14.428150
37.933333	0.5	14.469000
37.941667	0.5	14.499150
37.950000	0.5	14.528050
37.958333	0.5	14.551550
37.966667	0.5	14.573750
37.975000	0.5	14.582300
37.983333	0.5	14.590650
37.991667	0.5	14.595750
38.000000	0.5	14.588800
38.008333	0.5	14.584700
38.016667	0.5	14.569950
38.025000	0.5	14.548150
38.033333	0.5	14.518850
38.041667	0.5	14.487700
38.050000	0.5	14.445500
38.058333	0.5	14.393300
38.066667	0.5	14.339700
38.075000	0.5	14.283100
38.083333	0.5	14.216150
38.091667	0.5	14.143100
38.100000	0.5	14.075800
38.108333	0.5	13.999650
38.116667	0.5	13.911400
38.125000	0.5	13.822450
38.133333	0.5	13.724050
38.141667	0.5	13.627050
38.150000	0.5	13.532050
38.158333	0.5	13.423200
38.166667	0.5	13.320150
38.175000	0.5	13.219750
38.183333	0.5	13.107700
38.191667	0.5	13.015050
38.200000	0.5	12.922300
38.208333	0.5	12.827450
38.216667	0.5	12.734400
38.225000	0.5	12.650350
38.233333	0.5	12.579450
38.241667	0.5	12.516450
38.250000	0.5	12.461000
38.258333	0.5	12.419550
38.266667	0.5	12.392250
38.275000	0.5	12.369000
38.283333	0.5	12.370000
38.291667	0.5	12.382250
38.300000	0.5	12.395600
38.308333	0.5	12.414450
38.316667	0.5	12.444150
38.325000	0.5	12.473300
38.333333	0.5	12.508600
38.341667	0.5	12.537750
38.350000	0.5	12.568650
38.358333	0.5	12.605750
38.366667	0.5	12.640400
38.375000	0.5	12.662050
38.383333	0.5	12.688400
38.391667	0.5	12.711150
38.400000	0.5	12.722350
38.408333	0.5	12.734400
38.416667	0.5	12.737300
38.425000	0.5	12.738950
38.433333	0.5	12.730400
38.441667	0.5	12.725500
38.450000	0.5	12.710550
38.458333	0.5	12.694550
38.466667	0.5	12.674150
38.475000	0.5	12.650150
38.483333	0.5	12.631300
38.491667	0.5	12.610500
38.500000	0.5	12.572950
38.508333	0.5	12.546500
38.516667	0.5	12.511700
38.525000	0.5	12.476400
38.533333	0.5	12.441050
38.541667	0.5	12.406200
38.550000	0.5	12.371000
38.558333	0.5	12.328750
38.566667	0.5	12.289200
38.575000	0.5	12.261850
38.583333	0.5	12.233200
38.591667	0.5	12.196350
38.600000	0.5	12.169050
38.608333	0.5	12.137750
38.616667	0.5	12.109950
38.625000	0.5	12.079150
38.633333	0.5	12.054250
38.641667	0.5	12.029400
38.650000	0.5	11.999450
38.658333	0.5	11.976400
38.666667	0.5	11.948000
38.675000	0.5	11.928900
38.683333	0.5	11.904100
38.691667	0.5	11.876250
38.700000	0.5	11.856300
38.708333	0.5	11.831500
38.716667	0.5	11.807700
38.725000	0.5	11.782550
38.733333	0.5	11.754400
38.741667	0.5	11.735400
38.750000	0.5	11.716650
38.758333	0.5	11.693550
38.766667	0.5	11.681250
38.775000	0.5	11.663200
38.783333	0.5	11.651850
38.791667	0.5	11.636700
38.800000	0.5	11.621100
38.808333	0.5	11.609850
38.816667	0.5	11.601300
38.825000	0.5	11.593350
38.833333	0.5	11.594400
38.841667	0.5	11.587300
38.850000	0.5	11.586600
38.858333	0.5	11.588700
38.866667	0.5	11.596150
38.875000	0.5	11.604650
38.883333	0.5	11.602950
38.891667	0.5	11.613300
38.900000	0.5	11.619200
38.908333	0.5	11.628600
38.916667	0.5	11.635150
38.925000	0.5	11.649700
38.933333	0.5	11.659300
38.941667	0.5	11.671850
38.950000	0.5	11.682050
38.958333	0.5	11.701750
38.966667	0.5	11.719700
38.975000	0.5	11.737700
38.983333	0.5	11.747450
38.991667	0.5	11.765300
39.000000	0.5	11.778500
39.008333	0.5	11.789450
39.016667	0.5	11.800450
39.025000	0.5	11.812800
39.033333	0.5	11.824400
39.041667	0.5	11.837050
39.050000	0.5	11.843500
39.058333	0.5	11.859650
39.066667	0.5	11.863550
39.075000	0.5	11.872600
39.083333	0.5	11.878850
39.091667	0.5	11.882150
39.100000	0.5	11.885150
39.108333	0.5	11.885950
39.116667	0.5	11.891800
39.125000	0.5	11.895750
39.133333	0.5	11.895000
39.141667	0.5	11.896250
39.150000	0.5	11.903650
39.158333	0.5	11.908250
39.166667	0.5	11.910100
39.175000	0.5	11.906750
39.183333	0.5	11.912400
39.191667	0.5	11.907900
39.200000	0.5	11.902650
39.208333	0.5	11.903500
39.216667	0.5	11.893350
39.225000	0.5	11.888550
39.233333	0.5	11.882200
39.241667	0.5	11.873450
39.250000	0.5	11.861800
39.258333	0.5	11.852200
39.266667	0.5	11.836400
39.275000	0.5	11.821900
39.283333	0.5	11.802800
39.291667	0.5	11.783250
39.300000	0.5	11.761700
39.308333	0.5	11.740350
39.316667	0.5	11.710100
39.325000	0.5	11.686500
39.333333	0.5	11.661700
39.341667	0.5	11.640850
39.350000	0.5	11.619200
39.358333	0.5	11.593150
39.366667	0.5	11.567150
39.375000	0.5	11.541800
39.383333	0.5	11.520350
39.391667	0.5	11.500000
39.400000	0.5	11.481700
39.408333	0.5	11.457400
39.416667	0.5	11.444350
39.425000	0.5	11.422700
39.433333	0.5	11.409000
39.441667	0.5	11.394350
39.450000	0.5	11.379400
39.458333	0.5	11.360200
39.466667	0.5	11.353100
39.475000	0.5	11.333100
39.483333	0.5	11.324250
39.491667	0.5	11.308750
39.500000	0.5	11.291950
39.508333	0.5	11.286550
39.516667	0.5	11.276600
39.525000	0.5	11.256250
39.533333	0.5	11.252500
39.541667	0.5	11.246100
39.550000	0.5	11.239650
39.558333	0.5	11.228350
39.566667	0.5	11.223350
39.575000	0.5	11.207400
39.583333	0.5	11.208050
39.591667	0.5	11.201550
39.600000	0.5	11.196500
39.608333	0.5	11.195400
39.616667	0.5	11.183450
39.625000	0.5	11.184700
39.633333	0.5	11.192200
39.641667	0.5	11.188400
39.650000	0.5	11.186550
39.658333	0.5	11.193450
39.666667	0.5	11.195650
39.675000	0.5	11.205250
39.683333	0.5	11.209400
39.691667	0.5	11.216750
39.700000	0.5	11.230800
39.708333	0.5	11.259450
39.716667	0.5	11.282850
39.725000	0.5	11.325550
39.733333	0.5	11.377650
39.741667	0.5	11.434500
39.750000	0.5	11.507350
39.758333	0.5	11.595850
39.766667	0.5	11.692650
39.775000	0.5	11.797250
39.783333	0.5	11.911400
39.791667	0.5	12.028700
39.800000	0.5	12.157450
39.808333	0.5	12.281300
39.816667	0.5	12.403950
39.825000	0.5	12.542900
39.833333	0.5	12.666450
39.841667	0.5	12.789500
39.850000	0.5	12.908900
39.858333	0.5	13.023400
39.866667	0.5	13.129950
39.875000	0.5	13.227850
39.883333	0.5	13.320800
39.891667	0.5	13.406850
39.900000	0.5	13.481400
39.908333	0.5	13.545700
39.916667	0.5	13.612100
39.925000	0.5	13.668350
39.933333	0.5	13.709100
39.941667	0.5	13.742350
39.950000	0.5	13.762150
39.958333	0.5	13.781750
39.966667	0.5	13.785050
39.975000	0.5	13.788950
39.983333	0.5	13.775200
39.991667	0.5	13.757700
40.000000	0.5	13.735400
40.008333	0.5	13.694800
40.016667	0.5	13.657550
40.025000	0.5	13.605250
40.033333	0.5	13.551450
40.041667	0.5	13.483000
40.050000	0.5	13.416000
40.058333	0.5	13.338600
40.066667	0.5	13.254000
40.075000	0.5	13.163200
40.083333	0.5	13.074000
40.091667	0.5	12.978450
40.100000	0.5	12.868950
40.108333	0.5	12.772700
40.116667	0.5	12.667650
40.125000	0.5	12.557600
40.133333	0.5	12.454150
40.141667	0.5	12.352050
40.150000	0.5	12.246500
40.158333	0.5	12.147900
40.166667	0.5	12.057600
40.175000	0.5	11.976650
40.183333	0.5	11.901550
40.191667	0.5	11.828050
40.200000	0.5	11.768250
40.208333	0.5	11.715650
40.216667	0.5	11.669350
40.225000	0.5	11.628350
40.233333	0.5	11.597250
40.241667	0.5	11.564050
40.250000	0.5	11.542850
40.258333	0.5	11.528750
40.266667	0.5	11.509900
40.275000	0.5	11.504300
40.283333	0.5	11.494450
40.291667	0.5	11.484350
40.300000	0.5	11.478250
40.308333	0.5	11.486650
40.316667	0.5	11.477350
40.325000	0.5	11.469300
40.333333	0.5	11.463200
40.341667	0.5	11.457900
40.350000	0.5	11.448350
40.358333	0.5	11.439750
40.366667	0.5	11.423100
40.375000	0.5	11.411350
40.383333	0.5	11.393000
40.391667	0.5	11.371100
40.400000	0.5	11.351850
40.408333	0.5	11.336100
40.416667	0.5	11.304550
40.425000	0.5	11.276350
40.433333	0.5	11.242750
40.441667	0.5	11.205150
40.450000	0.5	11.176200
40.458333	0.5	11.141100
40.466667	0.5	11.101800
40.475000	0.5	11.071750
40.483333	0.5	11.033600
40.491667	0.5	11.005150
40.500000	0.5	10.977400
40.508333	0.5	10.947350
40.516667	0.5	10.918250
40.525000	0.5	10.898050
40.533333	0.5	10.879800
40.541667	0.5	10.861200
40.550000	0.5	10.841900
40.558333	0.5	10.835600
40.566667	0.5	10.837350
40.575000	0.5	10.831100
40.583333	0.5	10.831900
40.591667	0.5	10.838350
40.600000	0.5	10.848000
40.608333	0.5	10.856850
40.616667	0.5	10.862650
40.625000	0.5	10.871500
40.633333	0.5	10.890850
40.641667	0.5	10.906050
40.650000	0.5	10.915950
40.658333	0.5	10.934900
40.666667	0.5	10.961200
40.675000	0.5	10.980950
40.683333	0.5	11.006150
40.691667	0.5	11.042300
40.700000	0.5	11.082800
40.708333	0.5	11.133100
40.716667	0.5	11.190400
40.725000	0.5	11.261900
40.733333	0.5	11.345500
40.741667	0.5	11.449050
40.750000	0.5	11.562250
40.758333	0.5	11.697150
40.766667	0.5	11.846500
40.775000	0.5	12.019500
40.783333	0.5	12.203100
40.791667	0.5	12.391300
40.800000	0.5	12.588800
40.808333	0.5	12.795800
40.816667	0.5	13.001150
40.825000	0.5	13.197300
40.833333	0.5	13.395600
40.841667	0.5	13.580600
40.850000	0.5	13.754550
40.858333	0.5	13.924000
40.866667	0.5	14.067250
40.875000	0.5	14.209650
40.883333	0.5	14.340650
40.891667	0.5	14.447550
40.900000	0.5	14.544450
40.908333	0.5	14.632350
40.916667	0.5	14.705350
40.925000	0.5	14.769150
40.933333	0.5	14.820250
40.941667	0.5	14.861650
40.950000	0.5	14.894650
40.958333	0.5	14.918000
40.966667	0.5	14.939200
40.975000	0.5	14.949850
40.983333	0.5	14.956950
40.991667	0.5	14.951200
41.000000	0.5	14.941600
41.008333	0.5	14.927450
41.016667	0.5	14.911950
41.025000	0.5	14.884100
41.033333	0.5	14.861350
41.041667	0.5	14.826250
41.050000	0.5	14.788150
41.058333	0.5	14.743000
41.066667	0.5	14.707150
41.075000	0.5	14.654500
41.083333	0.5	14.608400
41.091667	0.5	14.548300
41.100000	0.5	14.490750
41.108333	0.5	14.434600
41.116667	0.5	14.370250
41.125000	0.5	14.303950
41.133333	0.5	14.240750
41.141667	0.5	14.168050
41.150000	0.5	14.098200
41.158333	0.5	14.025100
41.166667	0.5	13.952800
41.175000	0.5	13.884150
41.183333	0.5	13.802150
41.191667	0.5	13.734250
41.200000	0.5	13.655200
41.208333	0.5	13.581200
41.216667	0.5	13.510100
41.225000	0.5	13.435300
41.233333	0.5	13.370900
41.241667	0.5	13.303900
41.250000	0.5	13.232750
41.258333	0.5	13.181150
41.266667	0.5	13.136500
41.275000	0.5	13.090850
41.283333	0.5	13.053400
41.291667	0.5	13.023100
41.300000	0.5	13.004550
41.308333	0.5	12.990950
41.316667	0.5	12.983550
41.325000	0.5	12.990200
41.333333	0.5	12.990200
41.341667	0.5	12.994700
41.350000	0.5	13.008650
41.358333	0.5	13.031500
41.366667	0.5	13.051400
41.375000	0.5	13.063150
41.383333	0.5	13.079000
41.391667	0.5	13.102400
41.400000	0.5	13.121550
41.408333	0.5	13.133050
41.416667	0.5	13.147050
41.425000	0.5	13.159650
41.433333	0.5	13.171800
41.441667	0.5	13.173200
41.450000	0.5	13.182800
41.458333	0.5	13.177750
41.466667	0.5	13.168400
41.475000	0.5	13.161500
41.483333	0.5	13.149000
41.491667	0.5	13.130600
41.500000	0.5	13.111700
41.508333	0.5	13.091800
41.516667	0.5	13.059700
41.525000	0.5	13.026350
41.533333	0.5	12.999100
41.541667	0.5	12.954150
41.550000	0.5	12.918950
41.558333	0.5	12.874650
41.566667	0.5	12.821500
41.575000	0.5	12.771100
41.583333	0.5	12.718450
41.591667	0.5	12.655400
41.600000	0.5	12.596700
41.608333	0.5	12.536550
41.616667	0.5	12.470900
41.625000	0.5	12.403500
41.633333	0.5	12.332900
41.641667	0.5	12.265700
41.650000	0.5	12.194900
41.658333	0.5	12.124750
41.666667	0.5	12.053100
41.675000	0.5	11.983300
41.683333	0.5	11.914700
41.691667	0.5	11.843700
41.700000	0.5	11.778800
41.708333	0.5	11.713150
41.716667	0.5	11.651950
41.725000	0.5	11.581400
41.733333	0.5	11.520300
41.741667	0.5	11.465550
41.750000	0.5	11.409250
41.758333	0.5	11.350550
41.766667	0.5	11.295850
41.775000	0.5	11.237800
41.783333	0.5	11.181450
41.791667	0.5	11.126700
41.800000	0.5	11.064600
41.808333	0.5	11.002750
41.816667	0.5	10.951300
41.825000	0.5	10.886550
41.833333	0.5	10.836700
41.841667	0.5	10.782200
41.850000	0.5	10.729700
41.858333	0.5	10.671000
41.866667	0.5	10.616200
41.875000	0.5	10.557050
41.883333	0.5	10.504250
41.891667	0.5	10.457800
41.900000	0.5	10.404850
41.908333	0.5	10.356900
41.916667	0.5	10.318000
41.925000	0.5	10.272650
41.933333	0.5	10.238350
41.941667	0.5	10.200650
41.950000	0.5	10.165050
41.958333	0.5	10.130800
41.966667	0.5	10.100250
41.975000	0.5	10.066900
41.983333	0.5	10.045150
41.991667	0.5	10.018700
42.000000	0.5	9.993100
42.008333	0.5	9.975900
42.016667	0.5	9.950950
42.025000	0.5	9.941450
42.033333	0.5	9.926350
42.041667	0.5	9.908550
42.050000	0.5	9.891600
42.058333	0.5	9.880600
42.066667	0.5	9.862150
42.075000	0.5	9.850700
42.083333	0.5	9.836650
42.091667	0.5	9.828350
42.100000	0.5	9.814500
42.108333	0.5	9.805550
42.116667	0.5	9.796500
42.125000	0.5	9.792950
42.133333	0.5	9.788600
42.141667	0.5	9.776450
42.150000	0.5	9.771550
42.158333	0.5	9.765150
42.166667	0.5	9.757950
42.175000	0.5	9.759700
42.183333	0.5	9.748300
42.191667	0.5	9.746900
42.200000	0.5	9.748050
42.208333	0.5	9.744050
42.216667	0.5	9.756200
42.225000	0.5	9.759500
42.233333	0.5	9.758350
42.241667	0.5	9.765700
42.250000	0.5	9.770650
42.258333	0.5	9.769650
42.266667	0.5	9.783850
42.275000	0.5	9.792950
42.283333	0.5	9.806300
42.291667	0.5	9.810150
42.300000	0.5	9.822200
42.308333	0.5	9.831250
42.316667	0.5	9.858000
42.325000	0.5	9.868050
42.333333	0.5	9.881300
42.341667	0.5	9.895350
42.350000	0.5	9.907450
42.358333	0.5	9.920600
42.366667	0.5	9.938400
42.375000	0.5	9.951300
42.383333	0.5	9.970150
42.391667	0.5	9.984450
42.400000	0.5	10.004500
42.408333	0.5	10.026250
42.416667	0.5	10.042750
42.425000	0.5	10.061900
42.433333	0.5	10.085300
42.441667	0.5	10.113950
42.450000	0.5	10.135050
42.458333	0.5	10.164800
42.466667	0.5	10.197900
42.475000	0.5	10.229000
42.483333	0.5	10.273950
42.491667	0.5	10.324200
42.500000	0.5	10.380900
42.508333	0.5	10.449950
42.516667	0.5	10.534150
42.525000	0.5	10.624800
42.533333	0.5	10.727800
42.541667	0.5	10.847350
42.550000	0.5	10.973600
42.558333	0.5	11.114600
42.566667	0.5	11.266150
42.575000	0.5	11.422950
42.583333	0.5	11.592000
42.591667	0.5	11.755050
42.600000	0.5	11.927400
42.608333	0.5	12.102500
42.616667	0.5	12.268150
42.625000	0.5	12.430150
42.633333	0.5	12.590550
42.641667	0.5	12.749350
42.650000	0.5	12.893250
42.658333	0.5	13.032500
42.666667	0.5	13.162600
42.675000	0.5	13.280900
42.683333	0.5	13.399800
42.691667	0.5	13.501750
42.700000	0.5	13.601950
42.708333	0.5	13.689950
42.716667	0.5	13.762950
42.725000	0.5	13.824500
42.733333	0.5	13.885550
42.741667	0.5	13.931400
42.750000	0.5	13.971900
42.758333	0.5	14.003000
42.766667	0.5	14.027800
42.775000	0.5	14.043100
42.783333	0.5	14.046150
42.791667	0.5	14.048850
42.800000	0.5	14.042100
42.808333	0.5	14.027900
42.816667	0.5	14.006700
42.825000	0.5	13.973300
42.833333	0.5	13.933350
42.841667	0.5	13.891200
42.850000	0.5	13.843300
42.858333	0.5	13.783050
42.866667	0.5	13.721200
42.875000	0.5	13.649850
42.883333	0.5	13.573600
42.891667	0.5	13.496250
42.900000	0.5	13.409850
42.908333	0.5	13.324300
42.916667	0.5	13.225200
42.925000	0.5	13.122950
42.933333	0.5	13.021000
42.941667	0.5	12.914650
42.950000	0.5	12.808950
42.958333	0.5	12.700700
42.966667	0.5	12.597950
42.975000	0.5	12.492350
42.983333	0.5	12.389350
42.991667	0.5	12.293950
43.000000	0.5	12.196800
43.008333	0.5	12.106600
43.016667	0.5	12.022850
43.025000	0.5	11.934550
43.033333	0.5	11.852350
43.041667	0.5	11.779200
43.050000	0.5	11.706150
43.058333	0.5	11.639050
43.066667	0.5	11.573050
43.075000	0.5	11.514750
43.083333	0.5	11.460150
43.091667	0.5	11.408450
43.100000	0.5	11.349750
43.108333	0.5	11.303400
43.116667	0.5	11.251600
43.125000	0.5	11.206150
43.133333	0.5	11.170200
43.141667	0.5	11.128200
43.150000	0.5	11.091300
43.158333	0.5	11.060050
43.166667	0.5	11.026500
43.175000	0.5	11.006050
43.183333	0.5	10.991900
43.191667	0.5	10.968250
43.200000	0.5	10.947050
43.208333	0.5	10.934250
43.216667	0.5	10.927750
43.225000	0.5	10.917200
43.233333	0.5	10.911350
43.241667	0.5	10.907450
43.250000	0.5	10.903800
43.258333	0.5	10.898450
43.266667	0.5	10.899100
43.275000	0.5	10.906950
43.283333	0.5	10.911800
43.291667	0.5	10.911900
43.300000	0.5	10.910300
43.308333	0.5	10.909700
43.316667	0.5	10.912550
43.325000	0.5	10.917100
43.333333	0.5	10.917800
43.341667	0.5	10.909800
43.350000	0.5	10.919300
43.358333	0.5	10.908900
43.366667	0.5	10.914000
43.375000	0.5	10.912800
43.383333	0.5	10.911500
43.391667	0.5	10.912500
43.400000	0.5	10.906200
43.408333	0.5	10.902550
43.416667	0.5	10.895850
43.425000	0.5	10.894550
43.433333	0.5	10.887950
43.441667	0.5	10.881650
43.450000	0.5	10.875250
43.458333	0.5	10.868550
43.466667	0.5	10.876950
43.475000	0.5	10.870900
43.483333	0.5	10.866650
43.491667	0.5	10.865400
43.500000	0.5	10.866700
43.508333	0.5	10.862250
43.516667	0.5	10.861950
43.525000	0.5	10.870100
43.533333	0.5	10.868050
43.541667	0.5	10.874950
43.550000	0.5	10.875250
43.558333	0.5	10.881300
43.566667	0.5	10.891850
43.575000	0.5	10.899350
43.583333	0.5	10.908300
43.591667	0.5	10.911200
43.600000	0.5	10.919050
43.608333	0.5	10.923600
43.616667	0.5	10.932450
43.625000	0.5	10.933800
43.633333	0.5	10.940550
43.641667	0.5	10.941400
43.650000	0.5	10.944450
43.658333	0.5	10.956450
43.666667	0.5	10.954350
43.675000	0.5	10.954200
43.683333	0.5	10.952700
43.691667	0.5	10.953850
43.700000	0.5	10.953750
43.708333	0.5	10.959900
43.716667	0.5	10.964700
43.725000	0.5	10.964900
43.733333	0.5	10.974350
43.741667	0.5	10.983150
43.750000	0.5	11.004100
43.758333	0.5	11.032850
43.766667	0.5	11.065800
43.775000	0.5	11.105200
43.783333	0.5	11.160950
43.791667	0.5	11.229000
43.800000	0.5	11.308800
43.808333	0.5	11.401750
43.816667	0.5	11.510600
43.825000	0.5	11.633150
43.833333	0.5	11.770700
43.841667	0.5	11.915250
43.850000	0.5	12.067150
43.858333	0.5	12.224600
43.866667	0.5	12.375200
43.875000	0.5	12.523050
43.883333	0.5	12.676200
43.891667	0.5	12.811850
43.900000	0.5	12.943850
43.908333	0.5	13.069000
43.916667	0.5	13.188450
43.925000	0.5	13.310350
43.933333	0.5	13.423650
43.941667	0.5	13.538700
43.950000	0.5	13.639700
43.958333	0.5	13.739900
43.966667	0.5	13.839650
43.975000	0.5	13.926350
43.983333	0.5	14.007450
43.991667	0.5	14.085000
44.000000	0.5	14.162050
44.008333	0.5	14.227800
44.016667	0.5	14.292800
44.025000	0.5	14.342250
44.033333	0.5	14.397900
44.041667	0.5	14.449550
44.050000	0.5	14.493250
44.058333	0.5	14.527950
44.066667	0.5	14.557150
44.075000	0.5	14.585950
44.083333	0.5	14.608700
44.091667	0.5	14.632800
44.100000	0.5	14.653150
44.108333	0.5	14.661750
44.116667	0.5	14.675000
44.125000	0.5	14.681550
44.133333	0.5	14.690350
44.141667	0.5	14.687950
44.150000	0.5	14.684200
44.158333	0.5	14.679750
44.166667	0.5	14.668350
44.175000	0.5	14.650850
44.183333	0.5	14.633400
44.191667	0.5	14.603900
44.200000	0.5	14.574800
44.208333	0.5	14.545450
44.216667	0.5	14.499200
44.225000	0.5	14.457600
44.233333	0.5	14.406600
44.241667	0.5	14.352650
44.250000	0.5	14.290350
44.258333	0.5	14.223050
44.266667	0.5	14.150750
44.275000	0.5	14.078400
44.283333	0.5	14.000050
44.291667	0.5	13.912500
44.300000	0.5	13.833650
44.308333	0.5	13.748900
44.316667	0.5	13.658700
44.325000	0.5	13.574500
44.333333	0.5	13.492350
44.341667	0.5	13.402050
44.350000	0.5	13.314650
44.358333	0.5	13.220350
44.366667	0.5	13.127850
44.375000	0.5	13.042000
44.383333	0.5	12.952850
44.391667	0.5	12.855600
44.400000	0.5	12.770250
44.408333	0.5	12.681700
44.416667	0.5	12.593600
44.425000	0.5	12.509450
44.433333	0.5	12.422100
44.441667	0.5	12.333900
44.450000	0.5	12.233750
44.458333	0.5	12.146350
44.466667	0.5	12.051350
44.475000	0.5	11.958050
44.483333	0.5	11.860900
44.491667	0.5	11.756500
44.500000	0.5	11.662650
44.508333	0.5	11.562500
44.516667	0.5	11.470550
44.525000	0.5	11.373500
44.533333	0.5	11.275450
44.541667	0.5	11.181300
44.550000	0.5	11.092300
44.558333	0.5	11.001450
44.566667	0.5	10.923150
44.575000	0.5	10.841850
44.583333	0.5	10.771600
44.591667	0.5	10.702050
44.600000	0.5	10.632150
44.608333	0.5	10.576850
44.616667	0.5	10.521050
44.625000	0.5	10.475450
44.633333	0.5	10.424100
44.641667	0.5	10.379100
44.650000	0.5	10.336850
44.658333	0.5	10.298050
44.666667	0.5	10.257000
44.675000	0.5	10.222200
44.683333	0.5	10.188700
44.691667	0.5	10.157800
44.700000	0.5	10.119650
44.708333	0.5	10.095000
44.716667	0.5	10.067300
44.725000	0.5	10.040000
44.733333	0.5	10.007200
44.741667	0.5	9.985200
44.750000	0.5	9.963250
44.758333	0.5	9.932350
44.766667	0.5	9.911150
44.775000	0.5	9.892100
44.783333	0.5	9.872100
44.791667	0.5	9.850800
44.800000	0.5	9.846600
44.808333	0.5	9.827250
44.816667	0.5	9.818600
44.825000	0.5	9.806350
44.833333	0.5	9.795050
44.841667	0.5	9.785400
44.850000	0.5	9.780700
44.858333	0.5	9.774950
44.866667	0.5	9.779450
44.875000	0.5	9.770150
44.883333	0.5	9.775500
44.891667	0.5	9.776550
44.900000	0.5	9.779450
44.908333	0.5	9.784100
44.916667	0.5	9.794700
44.925000	0.5	9.797650
44.933333	0.5	9.799050
44.941667	0.5	9.810100
44.950000	0.5	9.818950
44.958333	0.5	9.821600
44.966667	0.5	9.833950
44.975000	0.5	9.836400
44.983333	0.5	9.840700
44.991667	0.5	9.862100
45.000000	0.5	9.866750
45.008333	0.5	9.883950
45.016667	0.5	9.893450
45.025000	0.5	9.901400
45.033333	0.5	9.911750
45.041667	0.5	9.916800
45.050000	0.5	9.939350
45.058333	0.5	9.946200
45.066667	0.5	9.959450
45.075000	0.5	9.977050
45.083333	0.5	9.992050
45.091667	0.5	10.011750
45.100000	0.5	10.039000
45.108333	0.5	10.063400
45.116667	0.5	10.090200
45.125000	0.5	10.126400
45.133333	0.5	10.171650
45.141667	0.5	10.230050
45.150000	0.5	10.292950
45.158333	0.5	10.372000
45.166667	0.5	10.465550
45.175000	0.5	10.565450
45.183333	0.5	10.690150
45.191667	0.5	10.822900
45.200000	0.5	10.973600
45.208333	0.5	11.114050
45.216667	0.5	11.270300
45.225000	0.5	11.439100
45.233333	0.5	11.604950
45.241667	0.5	11.771350
45.250000	0.5	11.939850
45.258333	0.5	12.102600
45.266667	0.5	12.262050
45.275000	0.5	12.411400
45.283333	0.5	12.561700
45.291667	0.5	12.698500
45.300000	0.5	12.828950
45.308333	0.5	12.947350
45.316667	0.5	13.060200
45.325000	0.5	13.159200
45.333333	0.5	13.247000
45.341667	0.5	13.326450
45.350000	0.5	13.389050
45.358333	0.5	13.443100
45.366667	0.5	13.486000
45.375000	0.5	13.518400
45.383333	0.5	13.543900
45.391667	0.5	13.550900
45.400000	0.5	13.550250
45.408333	0.5	13.543350
45.416667	0.5	13.514600
45.425000	0.5	13.498950
45.433333	0.5	13.458600
45.441667	0.5	13.413050
45.450000	0.5	13.360550
45.458333	0.5	13.301500
45.466667	0.5	13.230450
45.475000	0.5	13.162750
45.483333	0.5	13.079950
45.491667	0.5	13.001650
45.500000	0.5	12.903500
45.508333	0.5	12.811700
45.516667	0.5	12.705100
45.525000	0.5	12.605800
45.533333	0.5	12.496300
45.541667	0.5	12.382500
45.550000	0.5	12.264200
45.558333	0.5	12.142050
45.566667	0.5	12.027150
45.575000	0.5	11.899050
45.583333	0.5	11.777900
45.591667	0.5	11.648000
45.600000	0.5	11.526700
45.608333	0.5	11.400500
45.616667	0.5	11.281700
45.625000	0.5	11.169150
45.633333	0.5	11.054500
45.641667	0.5	10.953650
45.650000	0.5	10.862200
45.658333	0.5	10.770450
45.666667	0.5	10.690350
45.675000	0.5	10.632400
45.683333	0.5	10.573950
45.691667	0.5	10.536200
45.700000	0.5	10.506100
45.708333	0.5	10.486950
45.716667	0.5	10.473800
45.725000	0.5	10.472900
45.733333	0.5	10.481400
45.741667	0.5	10.494300
45.750000	0.5	10.510300
45.758333	0.5	10.548550
45.766667	0.5	10.576850
45.775000	0.5	10.609450
45.783333	0.5	10.645300
45.791667	0.5	10.683300
45.800000	0.5	10.724000
45.808333	0.5	10.758200
45.816667	0.5	10.792500
45.825000	0.5	10.831650
45.833333	0.5	10.870950
45.841667	0.5	10.908400
45.850000	0.5	10.946450
45.858333	0.5	10.987000
45.866667	0.5	11.027100
45.875000	0.5	11.059950
45.883333	0.5	11.093450
45.891667	0.5	11.129300
45.900000	0.5	11.161550
45.908333	0.5	11.189000
45.916667	0.5	11.223750
45.925000	0.5	11.247250
45.933333	0.5	11.276050
45.941667	0.5	11.299700
45.950000	0.5	11.328650
45.958333	0.5	11.351500
45.966667	0.5	11.377050
45.975000	0.5	11.395350
45.983333	0.5	11.407150
45.991667	0.5	11.426000
46.000000	0.5	11.441800
46.008333	0.5	11.447500
46.016667	0.5	11.452750
46.025000	0.5	11.457700
46.033333	0.5	11.460700
46.041667	0.5	11.453500
46.050000	0.5	11.455450
46.058333	0.5	11.453800
46.066667	0.5	11.442550
46.075000	0.5	11.433600
46.083333	0.5	11.419950
46.091667	0.5	11.400900
46.100000	0.5	11.380100
46.108333	0.5	11.360400
46.116667	0.5	11.336000
46.125000	0.5	11.306600
46.133333	0.5	11.274250
46.141667	0.5	11.248850
46.150000	0.5	11.222950
46.158333	0.5	11.190200
46.166667	0.5	11.155550
46.175000	0.5	11.117050
46.183333	0.5	11.080350
46.191667	0.5	11.041000
46.200000	0.5	11.001050
46.208333	0.5	10.962750
46.216667	0.5	10.923200
46.225000	0.5	10.887900
46.233333	0.5	10.843100
46.241667	0.5	10.806450
46.250000	0.5	10.764850
46.258333	0.5	10.719950
46.266667	0.5	10.681150
46.275000	0.5	10.640150
46.283333	0.5	10.592100
46.291667	0.5	10.555300
46.300000	0.5	10.512500
46.308333	0.5	10.472450
46.316667	0.5	10.438050
46.325000	0.5	10.401200
46.333333	0.5	10.367550
46.341667	0.5	10.342900
46.350000	0.5	10.315100
46.358333	0.5	10.288750
46.366667	0.5	10.264800
46.375000	0.5	10.246200
46.383333	0.5	10.236650
46.391667	0.5	10.224250
46.400000	0.5	10.219100
46.408333	0.5	10.224900
46.416667	0.5	10.239250
46.425000	0.5	10.262700
46.433333	0.5	10.299400
46.441667	0.5	10.340350
46.450000	0.5	10.400150
46.458333	0.5	10.468500
46.466667	0.5	10.546100
46.475000	0.5	10.640100
46.483333	0.5	10.746350
46.491667	0.5	10.867400
46.500000	0.5	10.995450
46.508333	0.5	11.136250
46.516667	0.5	11.268950
46.525000	0.5	11.421900
46.533333	0.5	11.579650
46.541667	0.5	11.725150
46.550000	0.5	11.872900
46.558333	0.5	12.018850
46.566667	0.5	12.160950
46.575000	0.5	12.298250
46.583333	0.5	12.423050
46.591667	0.5	12.544900
46.600000	0.5	12.659750
46.608333	0.5	12.765750
46.616667	0.5	12.865350
46.625000	0.5	12.960800
46.633333	0.5	13.049100
46.641667	0.5	13.124800
46.650000	0.5	13.198950
46.658333	0.5	13.264000
46.666667	0.5	13.317400
46.675000	0.5	13.369600
46.683333	0.5	13.406300
46.691667	0.5	13.439950
46.700000	0.5	13.457900
46.708333	0.5	13.479300
46.716667	0.5	13.490700
46.725000	0.5	13.492200
46.733333	0.5	13.494600
46.741667	0.5	13.480850
46.750000	0.5	13.462150
46.758333	0.5	13.439800
46.766667	0.5	13.411250
46.775000	0.5	13.371600
46.783333	0.5	13.327350
46.791667	0.5	13.279950
46.800000	0.5	13.232750
46.808333	0.5	13.180450
46.816667	0.5	13.121250
46.825000	0.5	13.062200
46.833333	0.5	13.000450
46.841667	0.5	12.941800
46.850000	0.5	12.884200
46.858333	0.5	12.828400
46.866667	0.5	12.782900
46.875000	0.5	12.730750
46.883333	0.5	12.700700
46.891667	0.5	12.697700
46.900000	0.5	12.690400
46.908333	0.5	12.719300
46.916667	0.5	12.772550
46.925000	0.5	12.833200
46.933333	0.5	12.909150
46.941667	0.5	13.007950
46.950000	0.5	13.112000
46.958333	0.5	13.231700
46.966667	0.5	13.353000
46.975000	0.5	13.476450
46.983333	0.5	13.598450
46.991667	0.5	13.718450
47.000000	0.5	13.826450
47.008333	0.5	13.935400
47.016667	0.5	14.032550
47.025000	0.5	14.124500
47.033333	0.5	14.200100
47.041667	0.5	14.267350
47.050000	0.5	14.318400
47.058333	0.5	14.358400
47.066667	0.5	14.387600
47.075000	0.5	14.404250
47.083333	0.5	14.406950
47.091667	0.5	14.400750
47.100000	0.5	14.385350
47.108333	0.5	14.357450
47.116667	0.5	14.314500
47.125000	0.5	14.261350
47.133333	0.5	14.195400
47.141667	0.5	14.109300
47.150000	0.5	14.023600
47.158333	0.5	13.924250
47.166667	0.5	13.815500
47.175000	0.5	13.699450
47.183333	0.5	13.562500
47.191667	0.5	13.429100
47.200000	0.5	13.286350
47.208333	0.5	13.146150
47.216667	0.5	12.982700
47.225000	0.5	12.823750
47.233333	0.5	12.660400
47.241667	0.5	12.508550
47.250000	0.5	12.347650
47.258333	0.5	12.197500
47.266667	0.5	12.052850
47.275000	0.5	11.916500
47.283333	0.5	11.778350
47.291667	0.5	11.661800
47.300000	0.5	11.553700
47.308333	0.5	11.457200
47.316667	0.5	11.359450
47.325000	0.5	11.287500
47.333333	0.5	11.209550
47.341667	0.5	11.155400
47.350000	0.5	11.109700
47.358333	0.5	11.063650
47.366667	0.5	11.033750
47.375000	0.5	11.006050
47.383333	0.5	10.992050
47.391667	0.5	10.990350
47.400000	0.5	10.988950
47.408333	0.5	10.998750
47.416667	0.5	11.018250
47.425000	0.5	11.040750
47.433333	0.5	11.074350
47.441667	0.5	11.117250
47.450000	0.5	11.168950
47.458333	0.5	11.229450
47.466667	0.5	11.298150
47.475000	0.5	11.365450
47.483333	0.5	11.448200
47.491667	0.5	11.536050
47.500000	0.5	11.624700
47.508333	0.5	11.704550
47.516667	0.5	11.785300
47.525000	0.5	11.863150
47.533333	0.5	11.928000
47.541667	0.5	11.989200
47.550000	0.5	12.030950
47.558333	0.5	12.067400
47.566667	0.5	12.086100
47.575000	0.5	12.091950
47.583333	0.5	12.079950
47.591667	0.5	12.061500
47.600000	0.5	12.021050
47.608333	0.5	11.971200
47.616667	0.5	11.911650
47.625000	0.5	11.834350
47.633333	0.5	11.744600
47.641667	0.5	11.645250
47.650000	0.5	11.530600
47.658333	0.5	11.419750
47.666667	0.5	11.291700
47.675000	0.5	11.169350
47.683333	0.5	11.029100
47.691667	0.5	10.889500
47.700000	0.5	10.745650
47.708333	0.5	10.594350
47.716667	0.5	10.441750
47.725000	0.5	10.296500
47.733333	0.5	10.146250
47.741667	0.5	9.997950
47.750000	0.5	9.847600
47.758333	0.5	9.706200
47.766667	0.5	9.561950
47.775000	0.5	9.426250
47.783333	0.5	9.284550
47.791667	0.5	9.155200
47.800000	0.5	9.025950
47.808333	0.5	8.899350
47.816667	0.5	8.785500
47.825000	0.5	8.784350
47.833333	0.5	8.559000
47.841667	0.5	8.460850
47.850000	0.5	8.366650
47.858333	0.5	8.271200
47.866667	0.5	8.194150
47.875000	0.5	8.123600
47.883333	0.5	8.048000
47.891667	0.5	7.983800
47.900000	0.5	7.924600
47.908333	0.5	7.880900
47.916667	0.5	7.832700
47.925000	0.5	7.803400
47.933333	0.5	7.772500
47.941667	0.5	7.754700
47.950000	0.5	7.740700
47.958333	0.5	7.734850
47.966667	0.5	7.737150
47.975000	0.5	7.741750
47.983333	0.5	7.755350
47.991667	0.5	7.779150
48.000000	0.5	7.801800
48.008333	0.5	7.839850
48.016667	0.5	7.878700
48.025000	0.5	7.920400
48.033333	0.5	7.965950
48.041667	0.5	8.029850
48.050000	0.5	8.084450
48.058333	0.5	8.158050
48.066667	0.5	8.230650
48.075000	0.5	8.307850
48.083333	0.5	8.390300
48.091667	0.5	8.483250
48.100000	0.5	8.577800
48.108333	0.5	8.682900
48.116667	0.5	8.790500
48.125000	0.5	8.908250
48.133333	0.5	9.028800
48.141667	0.5	9.154100
48.150000	0.5	9.282900
48.158333	0.5	9.426350
48.166667	0.5	9.567450
48.175000	0.5	9.717350
48.183333	0.5	9.844750
48.191667	0.5	9.995800
48.200000	0.5	10.137150
48.208333	0.5	10.277150
48.216667	0.5	10.415250
48.225000	0.5	10.547600
48.233333	0.5	10.683400
48.241667	0.5	10.805100
48.250000	0.5	10.927850
48.258333	0.5	11.051400
48.266667	0.5	11.156650
48.275000	0.5	11.259100
48.283333	0.5	11.350250
48.291667	0.5	11.440450
48.300000	0.5	11.519350
48.308333	0.5	11.591750
48.316667	0.5	11.655250
48.325000	0.5	11.713900
48.333333	0.5	11.765950
48.341667	0.5	11.793150
48.350000	0.5	11.831650
48.358333	0.5	11.854800
48.366667	0.5	11.871700
48.375000	0.5	11.877400
48.383333	0.5	11.875950
48.391667	0.5	11.865400
48.400000	0.5	11.847450
48.408333	0.5	11.820200
48.416667	0.5	11.786850
48.425000	0.5	11.746050
48.433333	0.5	11.699750
48.441667	0.5	11.650100
48.450000	0.5	11.593900
48.458333	0.5	11.533750
48.466667	0.5	11.461350
48.475000	0.5	11.391750
48.483333	0.5	11.324100
48.491667	0.5	11.254250
48.500000	0.5	11.187500
48.508333	0.5	11.130050
48.516667	0.5	11.060800
48.525000	0.5	10.998350
48.533333	0.5	10.959650
48.541667	0.5	10.917250
48.550000	0.5	10.894100
48.558333	0.5	10.874700
48.566667	0.5	10.865300
48.575000	0.5	10.871900
48.583333	0.5	10.893100
48.591667	0.5	10.924850
48.600000	0.5	10.977750
48.608333	0.5	11.037150
48.616667	0.5	11.118250
48.625000	0.5	11.201900
48.633333	0.5	11.314050
48.641667	0.5	11.423750
48.650000	0.5	11.551200
48.658333	0.5	11.679950
48.666667	0.5	11.832150
48.675000	0.5	11.986800
48.683333	0.5	12.146700
48.691667	0.5	12.314400
48.700000	0.5	12.492700
48.708333	0.5	12.667600
48.716667	0.5	12.855000
48.725000	0.5	13.037250
48.733333	0.5	13.225200
48.741667	0.5	13.403350
48.750000	0.5	13.593050
48.758333	0.5	13.772100
48.766667	0.5	13.951850
48.775000	0.5	14.127100
48.783333	0.5	14.288950
48.791667	0.5	14.448500
48.800000	0.5	14.598400
48.808333	0.5	14.750600
48.816667	0.5	14.874400
48.825000	0.5	15.011850
48.833333	0.5	15.124400
48.841667	0.5	15.232850
48.850000	0.5	15.336400
48.858333	0.5	15.433500
48.866667	0.5	15.520400
48.875000	0.5	15.601100
48.883333	0.5	15.679000
48.891667	0.5	15.746300
48.900000	0.5	15.809450
48.908333	0.5	15.869000
48.916667	0.5	15.912250
48.925000	0.5	15.965050
48.933333	0.5	16.001750
48.941667	0.5	16.024300
48.950000	0.5	16.044450
48.958333	0.5	16.053050
48.966667	0.5	16.050350
48.975000	0.5	16.038900
48.983333	0.5	16.007950
48.991667	0.5	15.956950
49.000000	0.5	15.891550
49.008333	0.5	15.804300
49.016667	0.5	15.703500
49.025000	0.5	15.572800
49.033333	0.5	15.419950
49.041667	0.5	15.248750
49.050000	0.5	15.047500
49.058333	0.5	14.836350
49.066667	0.5	14.603550
49.075000	0.5	14.359100
49.083333	0.5	14.106500
49.091667	0.5	13.849150
49.100000	0.5	13.584900
49.108333	0.5	13.325250
49.116667	0.5	13.063500
49.125000	0.5	12.811900
49.133333	0.5	12.567900
49.141667	0.5	12.342850
49.150000	0.5	12.122850
49.158333	0.5	11.935550
49.166667	0.5	11.755450
49.175000	0.5	11.607450
49.183333	0.5	11.484100
49.191667	0.5	11.393300
49.200000	0.5	11.316150
49.208333	0.5	11.277450
49.216667	0.5	11.260800
49.225000	0.5	11.270600
49.233333	0.5	11.306000
49.241667	0.5	11.367800
49.250000	0.5	11.447400
49.258333	0.5	11.557250
49.266667	0.5	11.675450
49.275000	0.5	11.811800
49.283333	0.5	11.957750
49.291667	0.5	12.106750
49.300000	0.5	12.254750
49.308333	0.5	12.415100
49.316667	0.5	12.571800
49.325000	0.5	12.718950
49.333333	0.5	12.865000
49.341667	0.5	13.005600
49.350000	0.5	13.132350
49.358333	0.5	13.254600
49.366667	0.5	13.369950
49.375000	0.5	13.462850
49.383333	0.5	13.548600
49.391667	0.5	13.620450
49.400000	0.5	13.675600
49.408333	0.5	13.715150
49.416667	0.5	13.737950
49.425000	0.5	13.741050
49.433333	0.5	13.716700
49.441667	0.5	13.677800
49.450000	0.5	13.636200
49.458333	0.5	13.572800
49.466667	0.5	13.508300
49.475000	0.5	13.445200
49.483333	0.5	13.380200
49.491667	0.5	13.327400
49.500000	0.5	13.282500
49.508333	0.5	13.246550
49.516667	0.5	13.225700
49.525000	0.5	13.207700
49.533333	0.5	13.218850
49.541667	0.5	13.216800
49.550000	0.5	13.233850
49.558333	0.5	13.258350
49.566667	0.5	13.276050
49.575000	0.5	13.307600
49.583333	0.5	13.329500
49.591667	0.5	13.357150
49.600000	0.5	13.383850
49.608333	0.5	13.403000
49.616667	0.5	13.425100
49.625000	0.5	13.439000
49.633333	0.5	13.452300
49.641667	0.5	13.464400
49.650000	0.5	13.464650
49.658333	0.5	13.462350
49.666667	0.5	13.444750
49.675000	0.5	13.430250
49.683333	0.5	13.410550
49.691667	0.5	13.388900
49.700000	0.5	13.354850
49.708333	0.5	13.320700
49.716667	0.5	13.277350
49.725000	0.5	13.229150
49.733333	0.5	13.171700
49.741667	0.5	13.111200
49.750000	0.5	13.042650
49.758333	0.5	12.978450
49.766667	0.5	12.895750
49.775000	0.5	12.808600
49.783333	0.5	12.722200
49.791667	0.5	12.638950
49.800000	0.5	12.541200
49.808333	0.5	12.442400
49.816667	0.5	12.335200
49.825000	0.5	12.233600
49.833333	0.5	12.126200
49.841667	0.5	12.011100
49.850000	0.5	11.900950
49.858333	0.5	11.795350
49.866667	0.5	11.687750
49.875000	0.5	11.570900
49.883333	0.5	11.466000
49.891667	0.5	11.364600
49.900000	0.5	11.252950
49.908333	0.5	11.155350
49.916667	0.5	11.058700
49.925000	0.5	10.961100
49.933333	0.5	10.876300
49.941667	0.5	10.794750
49.950000	0.5	10.715600
49.958333	0.5	10.650550
49.966667	0.5	10.613400
49.975000	0.5	10.690100
49.983333	0.5	10.908750
49.991667	0.5	11.160450
50.000000	0.5	11.376950
50.008333	0.5	11.403100
50.016667	0.5	11.250000
50.025000	0.5	11.027350
50.033333	0.5	10.798800
50.041667	0.5	10.618400
50.050000	0.5	10.489550
50.058333	0.5	10.389500
50.066667	0.5	10.273350
50.075000	0.5	10.152700
50.083333	0.5	10.002900
50.091667	0.5	9.814000
50.100000	0.5	9.660750
50.108333	0.5	9.570350
50.116667	0.5	9.517350
50.125000	0.5	9.482900
50.133333	0.5	9.466350
50.141667	0.5	9.453050
50.150000	0.5	9.437700
50.158333	0.5	9.420600
50.166667	0.5	9.413450
50.175000	0.5	9.404800
50.183333	0.5	9.403900
50.191667	0.5	9.385400
50.200000	0.5	9.387250
50.208333	0.5	9.385700
50.216667	0.5	9.377800
50.225000	0.5	9.372400
50.233333	0.5	9.370850
50.241667	0.5	9.366650
50.250000	0.5	9.361250
50.258333	0.5	9.364650
50.266667	0.5	9.369200
50.275000	0.5	9.368750
50.283333	0.5	9.367600
50.291667	0.5	9.373000
50.300000	0.5	9.372300
50.308333	0.5	9.377550
50.316667	0.5	9.381600
50.325000	0.5	9.388550
50.333333	0.5	9.393500
50.341667	0.5	9.400850
50.350000	0.5	9.414800
50.358333	0.5	9.432500
50.366667	0.5	9.443550
50.375000	0.5	9.458600
50.383333	0.5	9.477700
50.391667	0.5	9.498800
50.400000	0.5	9.518500
50.408333	0.5	9.545550
50.416667	0.5	9.570900
50.425000	0.5	9.603350
50.433333	0.5	9.632950
50.441667	0.5	9.675150
50.450000	0.5	9.708950
50.458333	0.5	9.748900
50.466667	0.5	9.795550
50.475000	0.5	9.829000
50.483333	0.5	9.867050
50.491667	0.5	9.912700
50.500000	0.5	9.955700
50.508333	0.5	9.985500
50.516667	0.5	10.022700
50.525000	0.5	10.056800
50.533333	0.5	10.099100
50.541667	0.5	10.130450
50.550000	0.5	10.161250
50.558333	0.5	10.194550
50.566667	0.5	10.217850
50.575000	0.5	10.244450
50.583333	0.5	10.268850
50.591667	0.5	10.294850
50.600000	0.5	10.309700
50.608333	0.5	10.328500
50.616667	0.5	10.339450
50.625000	0.5	10.350950
50.633333	0.5	10.356450
50.641667	0.5	10.363000
50.650000	0.5	10.370650
50.658333	0.5	10.368200
50.666667	0.5	10.370350
50.675000	0.5	10.363450
50.683333	0.5	10.352200
50.691667	0.5	10.340050
50.700000	0.5	10.321550
50.708333	0.5	10.308700
50.716667	0.5	10.295900
50.725000	0.5	10.272850
50.733333	0.5	10.246100
50.741667	0.5	10.224750
50.750000	0.5	10.198600
50.758333	0.5	10.166850
50.766667	0.5	10.139500
50.775000	0.5	10.107050
50.783333	0.5	10.073600
50.791667	0.5	10.044600
50.800000	0.5	10.003750
50.808333	0.5	9.971700
50.816667	0.5	9.933250
50.825000	0.5	9.900550
50.833333	0.5	9.864200
50.841667	0.5	9.824450
50.850000	0.5	9.793550
50.858333	0.5	9.760100
50.866667	0.5	9.728300
50.875000	0.5	9.695650
50.883333	0.5	9.667900
50.891667	0.5	9.634100
50.900000	0.5	9.605150
50.908333	0.5	9.585350
50.916667	0.5	9.556300
50.925000	0.5	9.537600
50.933333	0.5	9.521900
50.941667	0.5	9.499450
50.950000	0.5	9.480450
50.958333	0.5	9.458700
50.966667	0.5	9.444250
50.975000	0.5	9.434350
50.983333	0.5	9.415250
50.991667	0.5	9.404400
51.000000	0.5	9.385550
51.008333	0.5	9.376650
51.016667	0.5	9.364500
51.025000	0.5	9.343500
51.033333	0.5	9.341900
51.041667	0.5	9.330000
51.050000	0.5	9.317250
51.058333	0.5	9.306500
51.066667	0.5	9.288900
51.075000	0.5	9.285950
51.083333	0.5	9.271300
51.091667	0.5	9.266250
51.100000	0.5	9.257000
51.108333	0.5	9.246850
51.116667	0.5	9.227150
51.125000	0.5	9.225750
51.133333	0.5	9.213200
51.141667	0.5	9.198400
51.150000	0.5	9.187550
51.158333	0.5	9.182000
51.166667	0.5	9.172250
51.175000	0.5	9.157250
51.183333	0.5	9.146850
51.191667	0.5	9.135400
51.200000	0.5	9.123650
51.208333	0.5	9.121450
51.216667	0.5	9.110400
51.225000	0.5	9.101050
51.233333	0.5	9.100200
51.241667	0.5	9.092100
51.250000	0.5	9.087050
51.258333	0.5	9.083550
51.266667	0.5	9.072950
51.275000	0.5	9.065300
51.283333	0.5	9.066550
51.291667	0.5	9.063300
51.300000	0.5	9.067200
51.308333	0.5	9.062900
51.316667	0.5	9.069050
51.325000	0.5	9.071650
51.333333	0.5	9.072700
51.341667	0.5	9.076950
51.350000	0.5	9.080600
51.358333	0.5	9.087750
51.366667	0.5	9.099050
51.375000	0.5	9.105400
51.383333	0.5	9.116200
51.391667	0.5	9.130850
51.400000	0.5	9.147250
51.408333	0.5	9.164600
51.416667	0.5	9.186550
51.425000	0.5	9.202950
51.433333	0.5	9.229250
51.441667	0.5	9.264850
51.450000	0.5	9.281000
51.458333	0.5	9.319900
51.466667	0.5	9.350800
51.475000	0.5	9.395850
51.483333	0.5	9.439650
51.491667	0.5	9.495750
51.500000	0.5	9.550200
51.508333	0.5	9.603450
51.516667	0.5	9.671550
51.525000	0.5	9.720050
51.533333	0.5	9.791650
51.541667	0.5	9.855550
51.550000	0.5	9.934000
51.558333	0.5	10.000450
51.566667	0.5	10.070450
51.575000	0.5	10.148550
51.583333	0.5	10.221000
51.591667	0.5	10.286150
51.600000	0.5	10.353200
51.608333	0.5	10.418300
51.616667	0.5	10.478700
51.625000	0.5	10.539150
51.633333	0.5	10.588850
51.641667	0.5	10.640550
51.650000	0.5	10.687700
51.658333	0.5	10.724550
51.666667	0.5	10.759850
51.675000	0.5	10.785600
51.683333	0.5	10.825700
51.691667	0.5	10.836000
51.700000	0.5	10.861700
51.708333	0.5	10.879400
51.716667	0.5	10.894600
51.725000	0.5	10.902650
51.733333	0.5	10.926600
51.741667	0.5	10.940850
51.750000	0.5	10.963450
51.758333	0.5	10.985600
51.766667	0.5	11.024050
51.775000	0.5	11.040350
51.783333	0.5	11.070500
51.791667	0.5	11.119650
51.800000	0.5	11.154700
51.808333	0.5	11.194500
51.816667	0.5	11.228750
51.825000	0.5	11.276350
51.833333	0.5	11.321100
51.841667	0.5	11.365000
51.850000	0.5	11.410950
51.858333	0.5	11.455450
51.866667	0.5	11.492400
51.875000	0.5	11.521850
51.883333	0.5	11.551450
51.891667	0.5	11.580050
51.900000	0.5	11.603800
51.908333	0.5	11.624050
51.916667	0.5	11.644050
51.925000	0.5	11.650450
51.933333	0.5	11.662200
51.941667	0.5	11.664550
51.950000	0.5	11.673750
51.958333	0.5	11.668050
51.966667	0.5	11.656150
51.975000	0.5	11.644350
51.983333	0.5	11.628650
51.991667	0.5	11.611350
52.000000	0.5	11.585050
52.008333	0.5	11.560400
52.016667	0.5	11.525700
52.025000	0.5	11.491200
52.033333	0.5	11.458750
52.041667	0.5	11.419200
52.050000	0.5	11.372750
52.058333	0.5	11.325300
52.066667	0.5	11.274500
52.075000	0.5	11.231450
52.083333	0.5	11.175900
52.091667	0.5	11.114700
52.100000	0.5	11.061350
52.108333	0.5	11.000850
52.116667	0.5	10.942400
52.125000	0.5	10.888650
52.133333	0.5	10.825700
52.141667	0.5	10.767300
52.150000	0.5	10.714300
52.158333	0.5	10.653200
52.166667	0.5	10.593800
52.175000	0.5	10.544550
52.183333	0.5	10.497550
52.191667	0.5	10.442650
52.200000	0.5	10.405800
52.208333	0.5	10.357450
52.216667	0.5	10.310800
52.225000	0.5	10.275900
52.233333	0.5	10.244900
52.241667	0.5	10.210400
52.250000	0.5	10.182250
52.258333	0.5	10.157900
52.266667	0.5	10.129800
52.275000	0.5	10.118150
52.283333	0.5	10.100950
52.291667	0.5	10.072700
52.300000	0.5	10.064950
52.308333	0.5	10.044650
52.316667	0.5	10.032150
52.325000	0.5	10.014600
52.333333	0.5	10.002500
52.341667	0.5	9.987700
52.350000	0.5	9.978000
52.358333	0.5	9.965650
52.366667	0.5	9.950600
52.375000	0.5	9.943400
52.383333	0.5	9.928800
52.391667	0.5	9.912500
52.400000	0.5	9.892500
52.408333	0.5	9.878800
52.416667	0.5	9.866500
52.425000	0.5	9.848300
52.433333	0.5	9.836950
52.441667	0.5	9.820950
52.450000	0.5	9.809150
52.458333	0.5	9.795000
52.466667	0.5	9.785800
52.475000	0.5	9.775450
52.483333	0.5	9.750250
52.491667	0.5	9.723450
52.500000	0.5	9.699900
52.508333	0.5	9.679600
52.516667	0.5	9.649250
52.525000	0.5	9.625650
52.533333	0.5	9.598850
52.541667	0.5	9.584850
52.550000	0.5	9.575000
52.558333	0.5	9.580950
52.566667	0.5	9.608300
52.575000	0.5	9.639050
52.583333	0.5	9.682800
52.591667	0.5	9.720600
52.600000	0.5	9.764700
52.608333	0.5	9.809900
52.616667	0.5	9.848100
52.625000	0.5	9.891050
52.633333	0.5	9.945100
52.641667	0.5	9.996300
52.650000	0.5	10.044800
52.658333	0.5	10.102850
52.666667	0.5	10.146250
52.675000	0.5	10.182950
52.683333	0.5	10.214950
52.691667	0.5	10.244300
52.700000	0.5	10.270500
52.708333	0.5	10.282250
52.716667	0.5	10.286950
52.725000	0.5	10.296800
52.733333	0.5	10.304200
52.741667	0.5	10.307250
52.750000	0.5	10.308850
52.758333	0.5	10.317450
52.766667	0.5	10.312650
52.775000	0.5	10.315750
52.783333	0.5	10.323800
52.791667	0.5	10.330350
52.800000	0.5	10.329700
52.808333	0.5	10.334350
52.816667	0.5	10.340100
52.825000	0.5	10.340700
52.833333	0.5	10.347850
52.841667	0.5	10.351350
52.850000	0.5	10.358300
52.858333	0.5	10.368450
52.866667	0.5	10.366650
52.875000	0.5	10.377600
52.883333	0.5	10.385150
52.891667	0.5	10.394850
52.900000	0.5	10.400200
52.908333	0.5	10.403950
52.916667	0.5	10.411600
52.925000	0.5	10.418950
52.933333	0.5	10.425550
52.941667	0.5	10.431950
52.950000	0.5	10.443300
52.958333	0.5	10.456000
52.966667	0.5	10.461200
52.975000	0.5	10.468900
52.983333	0.5	10.473550
52.991667	0.5	10.482400
53.000000	0.5	10.487650
53.008333	0.5	10.496850
53.016667	0.5	10.504400
53.025000	0.5	10.513050
53.033333	0.5	10.510450
53.041667	0.5	10.525550
53.050000	0.5	10.529300
53.058333	0.5	10.526500
53.066667	0.5	10.535600
53.075000	0.5	10.529200
53.083333	0.5	10.538900
53.091667	0.5	10.531300
53.100000	0.5	10.535000
53.108333	0.5	10.539100
53.116667	0.5	10.533050
53.125000	0.5	10.533150
53.133333	0.5	10.530550
53.141667	0.5	10.536150
53.150000	0.5	10.530700
53.158333	0.5	10.529050
53.166667	0.5	10.527300
53.175000	0.5	10.526100
53.183333	0.5	10.522650
53.191667	0.5	10.521400
53.200000	0.5	10.512750
53.208333	0.5	10.515000
53.216667	0.5	10.513450
53.225000	0.5	10.503300
53.233333	0.5	10.505250
53.241667	0.5	10.505000
53.250000	0.5	10.504700
53.258333	0.5	10.506300
53.266667	0.5	10.501300
53.275000	0.5	10.497250
53.283333	0.5	10.502000
53.291667	0.5	10.495050
53.300000	0.5	10.500300
53.308333	0.5	10.492700
53.316667	0.5	10.490650
53.325000	0.5	10.489500
53.333333	0.5	10.485550
53.341667	0.5	10.483250
53.350000	0.5	10.485600
53.358333	0.5	10.482150
53.366667	0.5	10.478450
53.375000	0.5	10.470700
53.383333	0.5	10.472150
53.391667	0.5	10.473600
53.400000	0.5	10.465050
53.408333	0.5	10.461100
53.416667	0.5	10.455050
53.425000	0.5	10.454500
53.433333	0.5	10.449450
53.441667	0.5	10.443700
53.450000	0.5	10.436700
53.458333	0.5	10.426650
53.466667	0.5	10.424050
53.475000	0.5	10.420100
53.483333	0.5	10.405600
53.491667	0.5	10.402100
53.500000	0.5	10.398950
53.508333	0.5	10.386200
53.516667	0.5	10.380150
53.525000	0.5	10.378900
53.533333	0.5	10.370000
53.541667	0.5	10.359650
53.550000	0.5	10.347000
53.558333	0.5	10.341700
53.566667	0.5	10.332350
53.575000	0.5	10.321850
53.583333	0.5	10.314450
53.591667	0.5	10.304250
53.600000	0.5	10.298600
53.608333	0.5	10.293400
53.616667	0.5	10.281900
53.625000	0.5	10.274100
53.633333	0.5	10.263150
53.641667	0.5	10.253900
53.650000	0.5	10.242350
53.658333	0.5	10.229200
53.666667	0.5	10.219800
53.675000	0.5	10.214100
53.683333	0.5	10.196700
53.691667	0.5	10.198250
53.700000	0.5	10.184600
53.708333	0.5	10.170600
53.716667	0.5	10.164900
53.725000	0.5	10.153250
53.733333	0.5	10.143950
53.741667	0.5	10.129700
53.750000	0.5	10.124200
53.758333	0.5	10.111350
53.766667	0.5	10.102850
53.775000	0.5	10.097900
53.783333	0.5	10.079850
53.791667	0.5	10.067850
53.800000	0.5	10.059200
53.808333	0.5	10.052400
53.816667	0.5	10.044900
53.825000	0.5	10.036300
53.833333	0.5	10.019550
53.841667	0.5	10.012450
53.850000	0.5	10.006350
53.858333	0.5	9.988900
53.866667	0.5	9.979950
53.875000	0.5	9.969650
53.883333	0.5	9.949350
53.891667	0.5	9.941750
53.900000	0.5	9.922550
53.908333	0.5	9.909050
53.916667	0.5	9.902700
53.925000	0.5	9.880900
53.933333	0.5	9.869050
53.941667	0.5	9.853900
53.950000	0.5	9.835700
53.958333	0.5	9.820650
53.966667	0.5	9.800300
53.975000	0.5	9.790250
53.983333	0.5	9.772300
53.991667	0.5	9.753450
54.000000	0.5	9.750900
54.008333	0.5	9.737950
54.016667	0.5	9.717800
54.025000	0.5	9.709500
54.033333	0.5	9.689050
54.041667	0.5	9.667700
54.050000	0.5	9.650000
54.058333	0.5	9.638200
54.066667	0.5	9.627850
54.075000	0.5	9.611750
54.083333	0.5	9.605950
54.091667	0.5	9.584250
54.100000	0.5	9.579750
54.108333	0.5	9.570200
54.116667	0.5	9.559250
54.125000	0.5	9.546450
54.133333	0.5	9.538550
54.141667	0.5	9.532350
54.150000	0.5	9.528000
54.158333	0.5	9.522200
54.166667	0.5	9.519800
54.175000	0.5	9.514300
54.183333	0.5	9.511550
54.191667	0.5	9.514750
54.200000	0.5	9.518750
54.208333	0.5	9.520450
54.216667	0.5	9.519750
54.225000	0.5	9.517850
54.233333	0.5	9.531100
54.241667	0.5	9.546500
54.250000	0.5	9.560500
54.258333	0.5	9.575200
54.266667	0.5	9.605500
54.275000	0.5	9.628100
54.283333	0.5	9.656550
54.291667	0.5	9.699200
54.300000	0.5	9.741000
54.308333	0.5	9.787950
54.316667	0.5	9.843150
54.325000	0.5	9.900650
54.333333	0.5	9.962950
54.341667	0.5	10.040250
54.350000	0.5	10.116650
54.358333	0.5	10.189250
54.366667	0.5	10.282450
54.375000	0.5	10.367750
54.383333	0.5	10.459750
54.391667	0.5	10.564250
54.400000	0.5	10.655450
54.408333	0.5	10.758100
54.416667	0.5	10.861800
54.425000	0.5	10.962250
54.433333	0.5	11.059350
54.441667	0.5	11.161300
54.450000	0.5	11.268050
54.458333	0.5	11.369900
54.466667	0.5	11.459250
54.475000	0.5	11.559850
54.483333	0.5	11.655450
54.491667	0.5	11.735500
54.500000	0.5	11.831350
54.508333	0.5	11.905450
54.516667	0.5	11.988300
54.525000	0.5	12.064400
54.533333	0.5	12.133450
54.541667	0.5	12.204950
54.550000	0.5	12.265350
54.558333	0.5	12.336250
54.566667	0.5	12.396750
54.575000	0.5	12.457150
54.583333	0.5	12.513450
54.591667	0.5	12.565650
54.600000	0.5	12.618050
54.608333	0.5	12.672150
54.616667	0.5	12.716850
54.625000	0.5	12.750900
54.633333	0.5	12.795050
54.641667	0.5	12.837350
54.650000	0.5	12.865950
54.658333	0.5	12.897300
54.666667	0.5	12.919850
54.675000	0.5	12.941350
54.683333	0.5	12.967850
54.691667	0.5	12.980950
54.700000	0.5	12.985750
54.708333	0.5	12.994600
54.716667	0.5	12.990950
54.725000	0.5	12.991750
54.733333	0.5	12.981650
54.741667	0.5	12.975600
54.750000	0.5	12.952600
54.758333	0.5	12.928350
54.766667	0.5	12.911300
54.775000	0.5	12.871250
54.783333	0.5	12.832050
54.791667	0.5	12.789150
54.800000	0.5	12.743750
54.808333	0.5	12.687700
54.816667	0.5	12.631450
54.825000	0.5	12.577150
54.833333	0.5	12.504550
54.841667	0.5	12.435300
54.850000	0.5	12.360600
54.858333	0.5	12.282500
54.866667	0.5	12.208100
54.875000	0.5	12.119350
54.883333	0.5	12.027000
54.891667	0.5	11.930850
54.900000	0.5	11.830400
54.908333	0.5	11.732700
54.916667	0.5	11.637450
54.925000	0.5	11.524600
54.933333	0.5	11.423150
54.941667	0.5	11.320550
54.950000	0.5	11.208750
54.958333	0.5	11.110850
54.966667	0.5	11.015900
54.975000	0.5	10.925800
54.983333	0.5	10.841050
54.991667	0.5	10.762100
55.000000	0.5	10.692600
55.008333	0.5	10.634000
55.016667	0.5	10.591550
55.025000	0.5	10.558700
55.033333	0.5	10.531300
55.041667	0.5	10.515200
55.050000	0.5	10.512400
55.058333	0.5	10.521950
55.066667	0.5	10.538000
55.075000	0.5	10.550050
55.083333	0.5	10.571650
55.091667	0.5	10.603800
55.100000	0.5	10.634100
55.108333	0.5	10.664150
55.116667	0.5	10.702600
55.125000	0.5	10.746650
55.133333	0.5	10.790200
55.141667	0.5	10.829750
55.150000	0.5	10.875450
55.158333	0.5	10.911000
55.166667	0.5	10.944200
55.175000	0.5	10.986400
55.183333	0.5	11.019900
55.191667	0.5	11.055050
55.200000	0.5	11.083800
55.208333	0.5	11.107100
55.216667	0.5	11.140200
55.225000	0.5	11.162950
55.233333	0.5	11.189550
55.241667	0.5	11.206250
55.250000	0.5	11.219100
55.258333	0.5	11.241450
55.266667	0.5	11.246950
55.275000	0.5	11.254800
55.283333	0.5	11.265600
55.291667	0.5	11.259350
55.300000	0.5	11.258050
55.308333	0.5	11.260550
55.316667	0.5	11.251050
55.325000	0.5	11.239900
55.333333	0.5	11.227250
55.341667	0.5	11.214700
55.350000	0.5	11.194350
55.358333	0.5	11.174900
55.366667	0.5	11.150700
55.375000	0.5	11.121600
55.383333	0.5	11.091500
55.391667	0.5	11.053050
55.400000	0.5	11.011550
55.408333	0.5	10.977250
55.416667	0.5	10.939800
55.425000	0.5	10.896650
55.433333	0.5	10.853450
55.441667	0.5	10.809350
55.450000	0.5	10.762650
55.458333	0.5	10.708400
55.466667	0.5	10.661250
55.475000	0.5	10.623500
55.483333	0.5	10.578850
55.491667	0.5	10.533600
55.500000	0.5	10.488400
55.508333	0.5	10.454450
55.516667	0.5	10.417050
55.525000	0.5	10.378600
55.533333	0.5	10.349800
55.541667	0.5	10.331150
55.550000	0.5	10.298150
55.558333	0.5	10.274400
55.566667	0.5	10.252100
55.575000	0.5	10.233700
55.583333	0.5	10.221850
55.591667	0.5	10.204900
55.600000	0.5	10.193550
55.608333	0.5	10.179600
55.616667	0.5	10.173800
55.625000	0.5	10.170400
55.633333	0.5	10.169950
55.641667	0.5	10.158650
55.650000	0.5	10.160850
55.658333	0.5	10.147200
55.666667	0.5	10.153550
55.675000	0.5	10.153850
55.683333	0.5	10.155100
55.691667	0.5	10.156400
55.700000	0.5	10.160700
55.708333	0.5	10.164550
55.716667	0.5	10.163450
55.725000	0.5	10.178600
55.733333	0.5	10.188100
55.741667	0.5	10.195800
55.750000	0.5	10.200250
55.758333	0.5	10.212700
55.766667	0.5	10.223350
55.775000	0.5	10.235900
55.783333	0.5	10.247000
55.791667	0.5	10.261600
55.800000	0.5	10.276500
55.808333	0.5	10.289550
55.816667	0.5	10.305700
55.825000	0.5	10.313200
55.833333	0.5	10.338400
55.841667	0.5	10.349350
55.850000	0.5	10.361400
55.858333	0.5	10.380700
55.866667	0.5	10.391300
55.875000	0.5	10.405500
55.883333	0.5	10.411150
55.891667	0.5	10.425500
55.900000	0.5	10.431950
55.908333	0.5	10.441300
55.916667	0.5	10.452700
55.925000	0.5	10.465050
55.933333	0.5	10.465250
55.941667	0.5	10.470900
55.950000	0.5	10.469650
55.958333	0.5	10.467100
55.966667	0.5	10.463700
55.975000	0.5	10.459200
55.983333	0.5	10.452850
55.991667	0.5	10.445600
56.000000	0.5	10.443200
56.008333	0.5	10.426800
56.016667	0.5	10.421600
56.025000	0.5	10.418850
56.033333	0.5	10.395700
56.041667	0.5	10.384150
56.050000	0.5	10.371000
56.058333	0.5	10.351150
56.066667	0.5	10.336150
56.075000	0.5	10.322400
56.083333	0.5	10.303700
56.091667	0.5	10.288700
56.100000	0.5	10.265250
56.108333	0.5	10.254900
56.116667	0.5	10.236950
56.125000	0.5	10.223450
56.133333	0.5	10.209750
56.141667	0.5	10.187950
56.150000	0.5	10.172500
56.158333	0.5	10.161550
56.166667	0.5	10.149950
56.175000	0.5	10.137100
56.183333	0.5	10.127800
56.191667	0.5	10.109300
56.200000	0.5	10.100250
56.208333	0.5	10.096200
56.216667	0.5	10.088500
56.225000	0.5	10.081200
56.233333	0.5	10.065950
56.241667	0.5	10.060300
56.250000	0.5	10.049900
56.258333	0.5	10.043500
56.266667	0.5	10.032300
56.275000	0.5	10.021950
56.283333	0.5	10.012200
56.291667	0.5	10.000800
56.300000	0.5	9.997600
56.308333	0.5	9.991650
56.316667	0.5	9.970750
56.325000	0.5	9.959900
56.333333	0.5	9.953200
56.341667	0.5	9.946600
56.350000	0.5	9.932900
56.358333	0.5	9.915950
56.366667	0.5	9.898500
56.375000	0.5	9.887450
56.383333	0.5	9.861300
56.391667	0.5	9.850300
56.400000	0.5	9.839100
56.408333	0.5	9.816650
56.416667	0.5	9.808650
56.425000	0.5	9.791850
56.433333	0.5	9.777800
56.441667	0.5	9.768300
56.450000	0.5	9.758900
56.458333	0.5	9.754850
56.466667	0.5	9.755750
56.475000	0.5	9.757150
56.483333	0.5	9.765150
56.491667	0.5	9.785900
56.500000	0.5	9.807150
56.508333	0.5	9.832100
56.516667	0.5	9.869100
56.525000	0.5	9.912250
56.533333	0.5	9.966950
56.541667	0.5	10.031000
56.550000	0.5	10.094000
56.558333	0.5	10.181900
56.566667	0.5	10.256400
56.575000	0.5	10.331350
56.583333	0.5	10.421400
56.591667	0.5	10.509550
56.600000	0.5	10.604050
56.608333	0.5	10.700250
56.616667	0.5	10.799100
56.625000	0.5	10.894250
56.633333	0.5	10.993650
56.641667	0.5	11.091400
56.650000	0.5	11.190800
56.658333	0.5	11.290800
56.666667	0.5	11.383000
56.675000	0.5	11.477350
56.683333	0.5	11.570450
56.691667	0.5	11.657300
56.700000	0.5	11.732550
56.708333	0.5	11.819900
56.716667	0.5	11.890900
56.725000	0.5	11.955100
56.733333	0.5	12.023350
56.741667	0.5	12.077750
56.750000	0.5	12.129250
56.758333	0.5	12.182550
56.766667	0.5	12.220700
56.775000	0.5	12.261700
56.783333	0.5	12.298300
56.791667	0.5	12.332200
56.800000	0.5	12.346400
56.808333	0.5	12.375200
56.816667	0.5	12.385400
56.825000	0.5	12.396150
56.833333	0.5	12.406650
56.841667	0.5	12.427450
56.850000	0.5	12.414700
56.858333	0.5	12.410400
56.866667	0.5	12.413300
56.875000	0.5	12.418350
56.883333	0.5	12.403950
56.891667	0.5	12.400400
56.900000	0.5	12.396500
56.908333	0.5	12.381900
56.916667	0.5	12.381950
56.925000	0.5	12.370950
56.933333	0.5	12.366950
56.941667	0.5	12.369650
56.950000	0.5	12.378600
56.958333	0.5	12.381950
56.966667	0.5	12.405150
56.975000	0.5	12.425200
56.983333	0.5	12.451600
56.991667	0.5	12.490550
57.000000	0.5	12.519100
57.008333	0.5	12.568400
57.016667	0.5	12.611100
57.025000	0.5	12.660100
57.033333	0.5	12.718000
57.041667	0.5	12.769350
57.050000	0.5	12.823650
57.058333	0.5	12.871600
57.066667	0.5	12.928900
57.075000	0.5	12.995400
57.083333	0.5	13.029300
57.091667	0.5	13.073000
57.100000	0.5	13.108450
57.108333	0.5	13.145100
57.116667	0.5	13.172250
57.125000	0.5	13.191950
57.133333	0.5	13.210700
57.141667	0.5	13.223700
57.150000	0.5	13.228450
57.158333	0.5	13.227000
57.166667	0.5	13.215950
57.175000	0.5	13.209650
57.183333	0.5	13.190800
57.191667	0.5	13.170650
57.200000	0.5	13.139100
57.208333	0.5	13.099750
57.216667	0.5	13.060700
57.225000	0.5	13.017200
57.233333	0.5	12.969950
57.241667	0.5	12.906500
57.250000	0.5	12.842950
57.258333	0.5	12.781400
57.266667	0.5	12.712400
57.275000	0.5	12.638850
57.283333	0.5	12.560900
57.291667	0.5	12.469500
57.300000	0.5	12.385600
57.308333	0.5	12.289450
57.316667	0.5	12.200800
57.325000	0.5	12.100300
57.333333	0.5	12.005100
57.341667	0.5	11.899400
57.350000	0.5	11.807650
57.358333	0.5	11.707300
57.366667	0.5	11.610250
57.375000	0.5	11.512150
57.383333	0.5	11.417400
57.391667	0.5	11.321400
57.400000	0.5	11.232350
57.408333	0.5	11.146650
57.416667	0.5	11.062000
57.425000	0.5	10.981300
57.433333	0.5	10.901950
57.441667	0.5	10.839850
57.450000	0.5	10.775700
57.458333	0.5	10.722100
57.466667	0.5	10.665850
57.475000	0.5	10.613650
57.483333	0.5	10.567450
57.491667	0.5	10.534600
57.500000	0.5	10.487550
57.508333	0.5	10.460400
57.516667	0.5	10.433350
57.525000	0.5	10.391800
57.533333	0.5	10.364250
57.541667	0.5	10.346100
57.550000	0.5	10.321100
57.558333	0.5	10.306100
57.566667	0.5	10.279500
57.575000	0.5	10.251700
57.583333	0.5	10.233150
57.591667	0.5	10.212250
57.600000	0.5	10.195350
57.608333	0.5	10.179200
57.616667	0.5	10.152750
57.625000	0.5	10.133400
57.633333	0.5	10.110500
57.641667	0.5	10.099150
57.650000	0.5	10.075650
57.658333	0.5	10.054800
57.666667	0.5	10.029500
57.675000	0.5	10.006650
57.683333	0.5	9.989800
57.691667	0.5	9.962300
57.700000	0.5	9.936450
57.708333	0.5	9.908500
57.716667	0.5	9.885200
57.725000	0.5	9.863200
57.733333	0.5	9.838000
57.741667	0.5	9.824750
57.750000	0.5	9.803800
57.758333	0.5	9.769750
57.766667	0.5	9.744500
57.775000	0.5	9.736300
57.783333	0.5	9.703700
57.791667	0.5	9.683450
57.800000	0.5	9.659150
57.808333	0.5	9.648000
57.816667	0.5	9.630450
57.825000	0.5	9.606950
57.833333	0.5	9.593400
57.841667	0.5	9.581100
57.850000	0.5	9.573250
57.858333	0.5	9.561600
57.866667	0.5	9.551950
57.875000	0.5	9.541700
57.883333	0.5	9.528550
57.891667	0.5	9.519650
57.900000	0.5	9.516800
57.908333	0.5	9.513500
57.916667	0.5	9.514050
57.925000	0.5	9.518400
57.933333	0.5	9.516400
57.941667	0.5	9.515550
57.950000	0.5	9.509350
57.958333	0.5	9.501250
57.966667	0.5	9.501650
57.975000	0.5	9.499200
57.983333	0.5	9.495750
57.991667	0.5	9.490450
58.000000	0.5	9.490600
58.008333	0.5	9.491550
58.016667	0.5	9.490150
58.025000	0.5	9.490300
58.033333	0.5	9.489100
58.041667	0.5	9.495100
58.050000	0.5	9.494700
58.058333	0.5	9.494200
58.066667	0.5	9.504900
58.075000	0.5	9.515500
58.083333	0.5	9.518750
58.091667	0.5	9.529150
58.100000	0.5	9.537550
58.108333	0.5	9.550450
58.116667	0.5	9.555450
58.125000	0.5	9.570800
58.133333	0.5	9.587950
58.141667	0.5	9.590800
58.150000	0.5	9.601050
58.158333	0.5	9.613900
58.166667	0.5	9.612650
58.175000	0.5	9.606500
58.183333	0.5	9.608200
58.191667	0.5	9.605850
58.200000	0.5	9.616200
58.208333	0.5	9.607500
58.216667	0.5	9.609300
58.225000	0.5	9.600600
58.233333	0.5	9.600850
58.241667	0.5	9.592700
58.250000	0.5	9.580850
58.258333	0.5	9.571900
58.266667	0.5	9.560950
58.275000	0.5	9.551700
58.283333	0.5	9.534000
58.291667	0.5	9.532000
58.300000	0.5	9.515900
58.308333	0.5	9.510200
58.316667	0.5	9.504500
58.325000	0.5	9.491050
58.333333	0.5	9.486550
58.341667	0.5	9.469600
58.350000	0.5	9.456100
58.358333	0.5	9.448350
58.366667	0.5	9.441800
58.375000	0.5	9.443950
58.383333	0.5	9.445300
58.391667	0.5	9.440500
58.400000	0.5	9.445350
58.408333	0.5	9.459400
58.416667	0.5	9.479050
58.425000	0.5	9.490650
58.433333	0.5	9.530850
58.441667	0.5	9.551250
58.450000	0.5	9.599000
58.458333	0.5	9.665950
58.466667	0.5	9.730900
58.475000	0.5	9.800850
58.483333	0.5	9.886200
58.491667	0.5	9.976950
58.500000	0.5	10.073150
58.508333	0.5	10.179600
58.516667	0.5	10.295150
58.525000	0.5	10.392100
58.533333	0.5	10.494500
58.541667	0.5	10.609050
58.550000	0.5	10.708750
58.558333	0.5	10.801900
58.566667	0.5	10.896150
58.575000	0.5	10.998400
58.583333	0.5	11.092550
58.591667	0.5	11.188900
58.600000	0.5	11.284550
58.608333	0.5	11.387050
58.616667	0.5	11.473850
58.625000	0.5	11.568650
58.633333	0.5	11.654350
58.641667	0.5	11.743100
58.650000	0.5	11.821350
58.658333	0.5	11.887450
58.666667	0.5	11.950950
58.675000	0.5	12.027250
58.683333	0.5	12.082800
58.691667	0.5	12.138650
58.700000	0.5	12.185200
58.708333	0.5	12.224550
58.716667	0.5	12.274000
58.725000	0.5	12.288650
58.733333	0.5	12.321900
58.741667	0.5	12.345050
58.750000	0.5	12.360850
58.758333	0.5	12.363400
58.766667	0.5	12.365000
58.775000	0.5	12.363150
58.783333	0.5	12.352700
58.791667	0.5	12.345650
58.800000	0.5	12.332600
58.808333	0.5	12.315750
58.816667	0.5	12.280200
58.825000	0.5	12.258700
58.833333	0.5	12.227000
58.841667	0.5	12.188050
58.850000	0.5	12.146200
58.858333	0.5	12.108800
58.866667	0.5	12.063400
58.875000	0.5	12.011550
58.883333	0.5	11.973550
58.891667	0.5	11.915050
58.900000	0.5	11.869400
58.908333	0.5	11.806700
58.916667	0.5	11.753250
58.925000	0.5	11.686500
58.933333	0.5	11.635650
58.941667	0.5	11.582850
58.950000	0.5	11.524100
58.958333	0.5	11.462350
58.966667	0.5	11.402750
58.975000	0.5	11.350700
58.983333	0.5	11.306800
58.991667	0.5	11.265950
59.000000	0.5	11.217350
59.008333	0.5	11.182350
59.016667	0.5	11.158850
59.025000	0.5	11.128550
59.033333	0.5	11.107900
59.041667	0.5	11.106800
59.050000	0.5	11.100000
59.058333	0.5	11.105450
59.066667	0.5	11.125350
59.075000	0.5	11.152700
59.083333	0.5	11.193250
59.091667	0.5	11.254100
59.100000	0.5	11.305000
59.108333	0.5	11.372850
59.116667	0.5	11.446450
59.125000	0.5	11.525850
59.133333	0.5	11.615450
59.141667	0.5	11.715200
59.150000	0.5	11.796150
59.158333	0.5	11.894000
59.166667	0.5	11.984650
59.175000	0.5	12.087650
59.183333	0.5	12.182950
59.191667	0.5	12.285750
59.200000	0.5	12.361800
59.208333	0.5	12.456100
59.216667	0.5	12.541650
59.225000	0.5	12.621500
59.233333	0.5	12.695550
59.241667	0.5	12.769550
59.250000	0.5	12.830900
59.258333	0.5	12.881650
59.266667	0.5	12.938100
59.275000	0.5	12.986600
59.283333	0.5	13.008100
59.291667	0.5	13.048350
59.300000	0.5	13.072350
59.308333	0.5	13.078500
59.316667	0.5	13.092050
59.325000	0.5	13.087700
59.333333	0.5	13.083450
59.341667	0.5	13.063400
59.350000	0.5	13.044150
59.358333	0.5	13.014150
59.366667	0.5	12.979250
59.375000	0.5	12.935800
59.383333	0.5	12.885850
59.391667	0.5	12.821600
59.400000	0.5	12.758650
59.408333	0.5	12.684350
59.416667	0.5	12.608050
59.425000	0.5	12.521650
59.433333	0.5	12.427250
59.441667	0.5	12.345650
59.450000	0.5	12.241100
59.458333	0.5	12.148400
59.466667	0.5	12.056300
59.475000	0.5	11.960400
59.483333	0.5	11.860200
59.491667	0.5	11.756250
59.500000	0.5	11.662650
59.508333	0.5	11.574900
59.516667	0.5	11.479550
59.525000	0.5	11.394600
59.533333	0.5	11.319400
59.541667	0.5	11.241200
59.550000	0.5	11.167650
59.558333	0.5	11.101300
59.566667	0.5	11.053950
59.575000	0.5	10.985850
59.583333	0.5	10.924650
59.591667	0.5	10.875650
59.600000	0.5	10.831750
59.608333	0.5	10.785400
59.616667	0.5	10.745850
59.625000	0.5	10.710950
59.633333	0.5	10.683250
59.641667	0.5	10.631600
59.650000	0.5	10.611250
59.658333	0.5	10.579350
59.666667	0.5	10.562050
59.675000	0.5	10.527900
59.683333	0.5	10.505800
59.691667	0.5	10.483550
59.700000	0.5	10.455400
59.708333	0.5	10.429800
59.716667	0.5	10.409350
59.725000	0.5	10.387950
59.733333	0.5	10.368850
59.741667	0.5	10.345250
59.750000	0.5	10.323400
59.758333	0.5	10.308600
59.766667	0.5	10.292450
59.775000	0.5	10.271800
59.783333	0.5	10.249950
59.791667	0.5	10.228050
59.800000	0.5	10.209800
59.808333	0.5	10.187700
59.816667	0.5	10.176600
59.825000	0.5	10.157900
59.833333	0.5	10.141350
59.841667	0.5	10.128400
59.850000	0.5	10.117100
59.858333	0.5	10.103950
59.866667	0.5	10.089150
59.875000	0.5	10.071500
59.883333	0.5	10.063800
59.891667	0.5	10.054000
59.900000	0.5	10.027900
59.908333	0.5	10.017750
59.916667	0.5	10.011850
59.925000	0.5	9.991650
59.933333	0.5	9.983050
59.941667	0.5	9.981050
59.950000	0.5	9.965150
59.958333	0.5	9.947350
59.966667	0.5	9.930250
59.975000	0.5	9.916050
59.983333	0.5	9.901550
59.991667	0.5	9.890950
60.000000	0.5	9.867600
60.008333	0.5	9.858100
60.016667	0.5	9.834250
60.025000	0.5	9.818250
60.033333	0.5	9.806500
60.041667	0.5	9.782450
60.050000	0.5	9.770650
60.058333	0.5	9.755550
60.066667	0.5	9.735450
60.075000	0.5	9.729200
60.083333	0.5	9.708100
60.091667	0.5	9.699750
60.100000	0.5	9.685000
60.108333	0.5	9.675500
60.116667	0.5	9.669450
60.125000	0.5	9.657400
60.133333	0.5	9.674400
60.141667	0.5	9.673550
60.150000	0.5	9.690600
60.158333	0.5	9.703000
60.166667	0.5	9.732300
60.175000	0.5	9.774250
60.183333	0.5	9.811250
60.191667	0.5	9.858450
60.200000	0.5	9.918300
60.208333	0.5	9.993700
60.216667	0.5	10.059600
60.225000	0.5	10.151200
60.233333	0.5	10.262450
60.241667	0.5	10.339150
60.250000	0.5	10.438650
60.258333	0.5	10.524400
60.266667	0.5	10.614550
60.275000	0.5	10.722800
60.283333	0.5	10.801550
60.291667	0.5	10.894550
60.300000	0.5	10.985900
60.308333	0.5	11.073800
60.316667	0.5	11.161400
60.325000	0.5	11.258950
60.333333	0.5	11.347350
60.341667	0.5	11.444350
60.350000	0.5	11.526250
60.358333	0.5	11.615900
60.366667	0.5	11.703800
60.375000	0.5	11.787150
60.383333	0.5	11.853750
60.391667	0.5	11.929950
60.400000	0.5	12.002850
60.408333	0.5	12.075500
60.416667	0.5	12.118200
60.425000	0.5	12.179700
60.433333	0.5	12.218800
60.441667	0.5	12.255000
60.450000	0.5	12.289900
60.458333	0.5	12.322700
60.466667	0.5	12.351500
60.475000	0.5	12.369750
60.483333	0.5	12.385950
60.491667	0.5	12.378450
60.500000	0.5	12.374250
60.508333	0.5	12.376950
60.516667	0.5	12.364000
60.525000	0.5	12.345850
60.533333	0.5	12.339200
60.541667	0.5	12.304200
60.550000	0.5	12.265100
60.558333	0.5	12.233000
60.566667	0.5	12.182550
60.575000	0.5	12.136350
60.583333	0.5	12.077100
60.591667	0.5	12.028050
60.600000	0.5	11.965450
60.608333	0.5	11.916900
60.616667	0.5	11.843350
60.625000	0.5	11.782450
60.633333	0.5	11.703400
60.641667	0.5	11.634350
60.650000	0.5	11.546150
60.658333	0.5	11.465150
60.666667	0.5	11.399350
60.675000	0.5	11.313350
60.683333	0.5	11.233550
60.691667	0.5	11.150450
60.700000	0.5	11.079250
60.708333	0.5	11.022100
60.716667	0.5	10.940200
60.725000	0.5	10.872900
60.733333	0.5	10.805450
60.741667	0.5	10.746500
60.750000	0.5	10.689150
60.758333	0.5	10.642700
60.766667	0.5	10.612000
60.775000	0.5	10.556000
60.783333	0.5	10.529100
60.791667	0.5	10.502400
60.800000	0.5	10.506900
60.808333	0.5	10.487300
60.816667	0.5	10.482800
60.825000	0.5	10.486950
60.833333	0.5	10.489150
60.841667	0.5	10.508950
60.850000	0.5	10.531000
60.858333	0.5	10.552050
60.866667	0.5	10.589200
60.875000	0.5	10.620100
60.883333	0.5	10.652050
60.891667	0.5	10.695900
60.900000	0.5	10.741250
60.908333	0.5	10.795850
60.916667	0.5	10.849750
60.925000	0.5	10.900350
60.933333	0.5	10.955300
60.941667	0.5	11.009550
60.950000	0.5	11.073750
60.958333	0.5	11.145600
60.966667	0.5	11.194000
60.975000	0.5	11.269200
60.983333	0.5	11.329650
60.991667	0.5	11.399400
61.000000	0.5	11.469550
61.008333	0.5	11.532200
61.016667	0.5	11.604700
61.025000	0.5	11.673100
61.033333	0.5	11.747900
61.041667	0.5	11.801000
61.050000	0.5	11.871250
61.058333	0.5	11.921700
61.066667	0.5	12.005900
61.075000	0.5	12.037350
61.083333	0.5	12.095200
61.091667	0.5	12.153450
61.100000	0.5	12.184900
61.108333	0.5	12.228400
61.116667	0.5	12.271150
61.125000	0.5	12.303600
61.133333	0.5	12.324700
61.141667	0.5	12.347150
61.150000	0.5	12.367650
61.158333	0.5	12.379350
61.166667	0.5	12.380250
61.175000	0.5	12.374750
61.183333	0.5	12.370500
61.191667	0.5	12.344950
61.200000	0.5	12.324650
61.208333	0.5	12.298450
61.216667	0.5	12.249550
61.225000	0.5	12.208350
61.233333	0.5	12.151550
61.241667	0.5	12.083200
61.250000	0.5	12.028850
61.258333	0.5	11.934800
61.266667	0.5	11.842700
61.275000	0.5	11.746400
61.283333	0.5	11.649400
61.291667	0.5	11.534150
61.300000	0.5	11.409700
61.308333	0.5	11.289450
61.316667	0.5	11.153750
61.325000	0.5	11.023050
61.333333	0.5	10.888600
61.341667	0.5	10.759500
61.350000	0.5	10.607400
61.358333	0.5	10.478200
61.366667	0.5	10.329600
61.375000	0.5	10.193450
61.383333	0.5	10.065750
61.391667	0.5	9.948750
61.400000	0.5	9.817600
61.408333	0.5	9.712400
61.416667	0.5	9.595350
61.425000	0.5	9.484950
61.433333	0.5	9.382550
61.441667	0.5	9.303800
61.450000	0.5	9.206050
61.458333	0.5	9.125600
61.466667	0.5	9.056950
61.475000	0.5	8.993750
61.483333	0.5	8.928850
61.491667	0.5	8.868900
61.500000	0.5	8.807250
61.508333	0.5	8.775450
61.516667	0.5	8.722750
61.525000	0.5	8.693700
61.533333	0.5	8.647600
61.541667	0.5	8.635400
61.550000	0.5	8.609050
61.558333	0.5	8.583900
61.566667	0.5	8.576200
61.575000	0.5	8.556900
61.583333	0.5	8.562000
61.591667	0.5	8.553850
61.600000	0.5	8.567700
61.608333	0.5	8.559400
61.616667	0.5	8.565650
61.625000	0.5	8.596000
61.633333	0.5	8.600250
61.641667	0.5	8.629800
61.650000	0.5	8.662600
61.658333	0.5	8.696750
61.666667	0.5	8.745900
61.675000	0.5	8.782450
61.683333	0.5	8.829500
61.691667	0.5	8.890600
61.700000	0.5	8.944550
61.708333	0.5	9.010350
61.716667	0.5	9.097600
61.725000	0.5	9.162900
61.733333	0.5	9.242000
61.741667	0.5	9.341600
61.750000	0.5	9.418550
61.758333	0.5	9.517700
61.766667	0.5	9.617250
61.775000	0.5	9.729700
61.783333	0.5	9.817350
61.791667	0.5	9.926700
61.800000	0.5	10.040200
61.808333	0.5	10.129950
61.816667	0.5	10.233800
61.825000	0.5	10.311050
61.833333	0.5	10.417650
61.841667	0.5	10.497150
61.850000	0.5	10.567050
61.858333	0.5	10.647750
61.866667	0.5	10.722850
61.875000	0.5	10.761900
61.883333	0.5	10.810800
61.891667	0.5	10.853850
61.900000	0.5	10.889750
61.908333	0.5	10.906400
61.916667	0.5	10.923600
61.925000	0.5	10.920200
61.933333	0.5	10.918900
61.941667	0.5	10.898100
61.950000	0.5	10.888700
61.958333	0.5	10.840200
61.966667	0.5	10.774650
61.975000	0.5	10.696000
61.983333	0.5	10.615050
61.991667	0.5	10.506300
62.000000	0.5	10.412100
62.008333	0.5	10.312500
62.016667	0.5	10.247200
62.025000	0.5	10.184250
62.033333	0.5	10.137700
62.041667	0.5	10.095850
62.050000	0.5	10.062050
62.058333	0.5	10.018750
62.066667	0.5	9.985150
62.075000	0.5	9.946450
62.083333	0.5	9.921400
62.091667	0.5	9.864500
62.100000	0.5	9.832650
62.108333	0.5	9.805300
62.116667	0.5	9.775100
62.125000	0.5	9.751800
62.133333	0.5	9.714500
62.141667	0.5	9.696350
62.150000	0.5	9.684600
62.158333	0.5	9.684650
62.166667	0.5	9.657800
62.175000	0.5	9.654600
62.183333	0.5	9.668150
62.191667	0.5	9.643600
62.200000	0.5	9.647650
62.208333	0.5	9.643250
62.216667	0.5	9.652600
62.225000	0.5	9.670450
62.233333	0.5	9.653550
62.241667	0.5	9.671350
62.250000	0.5	9.670600
62.258333	0.5	9.686850
62.266667	0.5	9.690850
62.275000	0.5	9.721600
62.283333	0.5	9.720750
62.291667	0.5	9.726700
62.300000	0.5	9.753950
62.308333	0.5	9.756450
62.316667	0.5	9.772150
62.325000	0.5	9.777500
62.333333	0.5	9.790700
62.341667	0.5	9.805650
62.350000	0.5	9.815050
62.358333	0.5	9.837000
62.366667	0.5	9.833600
62.375000	0.5	9.849950
62.383333	0.5	9.860300
62.391667	0.5	9.875150
62.400000	0.5	9.880350
62.408333	0.5	9.901550
62.416667	0.5	9.912100
62.425000	0.5	9.929050
62.433333	0.5	9.941800
62.441667	0.5	9.959500
62.450000	0.5	9.965900
62.458333	0.5	9.981100
62.466667	0.5	9.996500
62.475000	0.5	10.014200
62.483333	0.5	10.027950
62.491667	0.5	10.035500
62.500000	0.5	10.044400
62.508333	0.5	10.068350
62.516667	0.5	10.077350
62.525000	0.5	10.089350
62.533333	0.5	10.099100
62.541667	0.5	10.118150
62.550000	0.5	10.127000
62.558333	0.5	10.134500
62.566667	0.5	10.150650
62.575000	0.5	10.164400
62.583333	0.5	10.178050
62.591667	0.5	10.185550
62.600000	0.5	10.195200
62.608333	0.5	10.202150
62.616667	0.5	10.220950
62.625000	0.5	10.238750
62.633333	0.5	10.239300
62.641667	0.5	10.240150
62.650000	0.5	10.253450
62.658333	0.5	10.265250
62.666667	0.5	10.271650
62.675000	0.5	10.286000
62.683333	0.5	10.292100
62.691667	0.5	10.300900
62.700000	0.5	10.305350
62.708333	0.5	10.314250
62.716667	0.5	10.324050
62.725000	0.5	10.328300
62.733333	0.5	10.335650
62.741667	0.5	10.344050
62.750000	0.5	10.355050
62.758333	0.5	10.352950
62.766667	0.5	10.361900
62.775000	0.5	10.364700
62.783333	0.5	10.372700
62.791667	0.5	10.369200
62.800000	0.5	10.367850
62.808333	0.5	10.386700
62.816667	0.5	10.387850
62.825000	0.5	10.391000
62.833333	0.5	10.400900
62.841667	0.5	10.421600
62.850000	0.5	10.398300
62.858333	0.5	10.403450
62.866667	0.5	10.398350
62.875000	0.5	10.409500
62.883333	0.5	10.405050
62.891667	0.5	10.410000
62.900000	0.5	10.410150
62.908333	0.5	10.405600
62.916667	0.5	10.406800
62.925000	0.5	10.413050
62.933333	0.5	10.409850
62.941667	0.5	10.406100
62.950000	0.5	10.403950
62.958333	0.5	10.402300
62.966667	0.5	10.396700
62.975000	0.5	10.396700
62.983333	0.5	10.397850
62.991667	0.5	10.392300
63.000000	0.5	10.395450
63.008333	0.5	10.388250
63.016667	0.5	10.396050
63.025000	0.5	10.413950
63.033333	0.5	10.383000
63.041667	0.5	10.372900
63.050000	0.5	10.373650
63.058333	0.5	10.376700
63.066667	0.5	10.376000
63.075000	0.5	10.371100
63.083333	0.5	10.375050
63.091667	0.5	10.369250
63.100000	0.5	10.366800
63.108333	0.5	10.360750
63.116667	0.5	10.360950
63.125000	0.5	10.356800
63.133333	0.5	10.368050
63.141667	0.5	10.363050
63.150000	0.5	10.360950
63.158333	0.5	10.368300
63.166667	0.5	10.376050
63.175000	0.5	10.376050
63.183333	0.5	10.415700
63.191667	0.5	10.395700
63.200000	0.5	10.411850
63.208333	0.5	10.449800
63.216667	0.5	10.450350
63.225000	0.5	10.463750
63.233333	0.5	10.492400
63.241667	0.5	10.516150
63.250000	0.5	10.550700
63.258333	0.5	10.585900
63.266667	0.5	10.618250
63.275000	0.5	10.660350
63.283333	0.5	10.704250
63.291667	0.5	10.746200
63.300000	0.5	10.787850
63.308333	0.5	10.826400
63.316667	0.5	10.875850
63.325000	0.5	10.916150
63.333333	0.5	10.950150
63.341667	0.5	11.005250
63.350000	0.5	11.034700
63.358333	0.5	11.068000
63.366667	0.5	11.103750
63.375000	0.5	11.136200
63.383333	0.5	11.167150
63.391667	0.5	11.192600
63.400000	0.5	11.211100
63.408333	0.5	11.231200
63.416667	0.5	11.248900
63.425000	0.5	11.261600
63.433333	0.5	11.277350
63.441667	0.5	11.277400
63.450000	0.5	11.273850
63.458333	0.5	11.273150
63.466667	0.5	11.275400
63.475000	0.5	11.274700
63.483333	0.5	11.265250
63.491667	0.5	11.250550
63.500000	0.5	11.248500
63.508333	0.5	11.225750
63.516667	0.5	11.215600
63.525000	0.5	11.196500
63.533333	0.5	11.172600
63.541667	0.5	11.162650
63.550000	0.5	11.137950
63.558333	0.5	11.129250
63.566667	0.5	11.104250
63.575000	0.5	11.090350
63.583333	0.5	11.083750
63.591667	0.5	11.070700
63.600000	0.5	11.070000
63.608333	0.5	11.069300
63.616667	0.5	11.072650
63.625000	0.5	11.069900
63.633333	0.5	11.078050
63.641667	0.5	11.096250
63.650000	0.5	11.108050
63.658333	0.5	11.134200
63.666667	0.5	11.147300
63.675000	0.5	11.172150
63.683333	0.5	11.195550
63.691667	0.5	11.216150
63.700000	0.5	11.242550
63.708333	0.5	11.269350
63.716667	0.5	11.281100
63.725000	0.5	11.287600
63.733333	0.5	11.283150
63.741667	0.5	11.233100
63.750000	0.5	11.097800
63.758333	0.5	10.898300
63.766667	0.5	10.685650
63.775000	0.5	10.493100
63.783333	0.5	10.302950
63.791667	0.5	10.152900
63.800000	0.5	10.000750
63.808333	0.5	9.871850
63.816667	0.5	9.768000
63.825000	0.5	9.683800
63.833333	0.5	9.610300
63.841667	0.5	9.548600
63.850000	0.5	9.501850
63.858333	0.5	9.449950
63.866667	0.5	9.403900
63.875000	0.5	9.358550
63.883333	0.5	9.313200
63.891667	0.5	9.268800
63.900000	0.5	9.212600
63.908333	0.5	9.172800
63.916667	0.5	9.122800
63.925000	0.5	9.065000
63.933333	0.5	9.040100
63.941667	0.5	8.968350
63.950000	0.5	8.917100
63.958333	0.5	8.865050
63.966667	0.5	8.828600
63.975000	0.5	8.785600
63.983333	0.5	8.737050
63.991667	0.5	8.701400
64.000000	0.5	8.687500
64.008333	0.5	8.644950
64.016667	0.5	8.622650
64.025000	0.5	8.602950
64.033333	0.5	8.573250
64.041667	0.5	8.553850
64.050000	0.5	8.527600
64.058333	0.5	8.501700
64.066667	0.5	8.487150
64.075000	0.5	8.455450
64.083333	0.5	8.429150
64.091667	0.5	8.404200
64.100000	0.5	8.381900
64.108333	0.5	8.349150
64.116667	0.5	8.322200
64.125000	0.5	8.294650
64.133333	0.5	8.270750
64.141667	0.5	8.246700
64.150000	0.5	8.221150
64.158333	0.5	8.191750
64.166667	0.5	8.168200
64.175000	0.5	8.143850
64.183333	0.5	8.121050
64.191667	0.5	8.098200
64.200000	0.5	8.081350
64.208333	0.5	8.069050
64.216667	0.5	8.050400
64.225000	0.5	8.033850
64.233333	0.5	8.016150
64.241667	0.5	8.008950
64.250000	0.5	7.993250
64.258333	0.5	7.979350
64.266667	0.5	7.974950
64.275000	0.5	7.960200
64.283333	0.5	7.942100
64.291667	0.5	7.934500
64.300000	0.5	7.926250
64.308333	0.5	7.914500
64.316667	0.5	7.907900
64.325000	0.5	7.905350
64.333333	0.5	7.892600
64.341667	0.5	7.880400
64.350000	0.5	7.881950
64.358333	0.5	7.872650
64.366667	0.5	7.860100
64.375000	0.5	7.856300
64.383333	0.5	7.853850
64.391667	0.5	7.844550
64.400000	0.5	7.837500
64.408333	0.5	7.841050
64.416667	0.5	7.824100
64.425000	0.5	7.818750
64.433333	0.5	7.814800
64.441667	0.5	7.811650
64.450000	0.5	7.809200
64.458333	0.5	7.817600
64.466667	0.5	7.793850
64.475000	0.5	7.794000
64.483333	0.5	7.786250
64.491667	0.5	7.781100
64.500000	0.5	7.778300
64.508333	0.5	7.768400
64.516667	0.5	7.760200
64.525000	0.5	7.759950
64.533333	0.5	7.745500
64.541667	0.5	7.760500
64.550000	0.5	7.746850
64.558333	0.5	7.741850
64.566667	0.5	7.731600
64.575000	0.5	7.724400
64.583333	0.5	7.719400
64.591667	0.5	7.713500
64.600000	0.5	7.705900
64.608333	0.5	7.696400
64.616667	0.5	7.687350
64.625000	0.5	7.678900
64.633333	0.5	7.682350
64.641667	0.5	7.665700
64.650000	0.5	7.664450
64.658333	0.5	7.654250
64.666667	0.5	7.643750
64.675000	0.5	7.645850
64.683333	0.5	7.628750
64.691667	0.5	7.620300
64.700000	0.5	7.621050
64.708333	0.5	7.619750
64.716667	0.5	7.604600
64.725000	0.5	7.599000
64.733333	0.5	7.598200
64.741667	0.5	7.584050
64.750000	0.5	7.583100
64.758333	0.5	7.584200
64.766667	0.5	7.575000
64.775000	0.5	7.597100
64.783333	0.5	7.555600
64.791667	0.5	7.563700
64.800000	0.5	7.550850
64.808333	0.5	7.550900
64.816667	0.5	7.545850
64.825000	0.5	7.548800
64.833333	0.5	7.556400
64.841667	0.5	7.545700
64.850000	0.5	7.536200
64.858333	0.5	7.549300
64.866667	0.5	7.537000
64.875000	0.5	7.539350
64.883333	0.5	7.535450
64.891667	0.5	7.537400
64.900000	0.5	7.533800
64.908333	0.5	7.533950
64.916667	0.5	7.535200
64.925000	0.5	7.539200
64.933333	0.5	7.537300
64.941667	0.5	7.549050
64.950000	0.5	7.550250
64.958333	0.5	7.541200
64.966667	0.5	7.550700
64.975000	0.5	7.551500
64.983333	0.5	7.558450
64.991667	0.5	7.554650
65.000000	0.5	7.568900
65.008333	0.5	7.563600
65.016667	0.5	7.579500
65.025000	0.5	7.582750
65.033333	0.5	7.588100
65.041667	0.5	7.598200
65.050000	0.5	7.596850
65.058333	0.5	7.611250
65.066667	0.5	7.614900
65.075000	0.5	7.620950
65.083333	0.5	7.626850
65.091667	0.5	7.633700
65.100000	0.5	7.635850
65.108333	0.5	7.657150
65.116667	0.5	7.668550
65.125000	0.5	7.663850
65.133333	0.5	7.669300
65.141667	0.5	7.675550
65.150000	0.5	7.692550
65.158333	0.5	7.690800
65.166667	0.5	7.699650
65.175000	0.5	7.704650
65.183333	0.5	7.710150
65.191667	0.5	7.711500
65.200000	0.5	7.717750
65.208333	0.5	7.730550
65.216667	0.5	7.738100
65.225000	0.5	7.739000
65.233333	0.5	7.738550
65.241667	0.5	7.746900
65.250000	0.5	7.746850
65.258333	0.5	7.750750
65.266667	0.5	7.753100
65.275000	0.5	7.755900
65.283333	0.5	7.755050
65.291667	0.5	7.755200
65.300000	0.5	7.760250
65.308333	0.5	7.753700
65.316667	0.5	7.758900
65.325000	0.5	7.753250
65.333333	0.5	7.750900
65.341667	0.5	7.746650
65.350000	0.5	7.751000
65.358333	0.5	7.742800
65.366667	0.5	7.742000
65.375000	0.5	7.737400
65.383333	0.5	7.732550
65.391667	0.5	7.720850
65.400000	0.5	7.719750
65.408333	0.5	7.722900
65.416667	0.5	7.723600
65.425000	0.5	7.707400
65.433333	0.5	7.708750
65.441667	0.5	7.698450
65.450000	0.5	7.696450
65.458333	0.5	7.686700
65.466667	0.5	7.682300
65.475000	0.5	7.688200
65.483333	0.5	7.680850
65.491667	0.5	7.680650
65.500000	0.5	7.671600
65.508333	0.5	7.679350
65.516667	0.5	7.668200
65.525000	0.5	7.664250
65.533333	0.5	7.660500
65.541667	0.5	7.654750
65.550000	0.5	7.657350
65.558333	0.5	7.658400
65.566667	0.5	7.652200
65.575000	0.5	7.647850
65.583333	0.5	7.646150
65.591667	0.5	7.648950
65.600000	0.5	7.644450
65.608333	0.5	7.633250
65.616667	0.5	7.629950
65.625000	0.5	7.646650
65.633333	0.5	7.629700
65.641667	0.5	7.632400
65.650000	0.5	7.641850
65.658333	0.5	7.637300
65.666667	0.5	7.629050
65.675000	0.5	7.633700
65.683333	0.5	7.629350
65.691667	0.5	7.630200
65.700000	0.5	7.626500
65.708333	0.5	7.634700
65.716667	0.5	7.634650
65.725000	0.5	7.636500
65.733333	0.5	7.634800
65.741667	0.5	7.642550
65.750000	0.5	7.635150
65.758333	0.5	7.641600
65.766667	0.5	7.638250
65.775000	0.5	7.646150
65.783333	0.5	7.639000
65.791667	0.5	7.652350
65.800000	0.5	7.648750
65.808333	0.5	7.649350
65.816667	0.5	7.657850
65.825000	0.5	7.654600
65.833333	0.5	7.667900
65.841667	0.5	7.665950
65.850000	0.5	7.662150
65.858333	0.5	7.668700
65.866667	0.5	7.684200
65.875000	0.5	7.679650
65.883333	0.5	7.684400
65.891667	0.5	7.701000
65.900000	0.5	7.703050
65.908333	0.5	7.706750
65.916667	0.5	7.714500
65.925000	0.5	7.725500
65.933333	0.5	7.741400
65.941667	0.5	7.751700
65.950000	0.5	7.754800
65.958333	0.5	7.776450
65.966667	0.5	7.780200
65.975000	0.5	7.801200
65.983333	0.5	7.821400
65.991667	0.5	7.834850
66.000000	0.5	7.853700
66.008333	0.5	7.866700
66.016667	0.5	7.894300
66.025000	0.5	7.916200
66.033333	0.5	7.938450
66.041667	0.5	7.965300
66.050000	0.5	7.990700
66.058333	0.5	8.023050
66.066667	0.5	8.049700
66.075000	0.5	8.081650
66.083333	0.5	8.110150
66.091667	0.5	8.145500
66.100000	0.5	8.183150
66.108333	0.5	8.215200
66.116667	0.5	8.255650
66.125000	0.5	8.287200
66.133333	0.5	8.326500
66.141667	0.5	8.381050
66.150000	0.5	8.413800
66.158333	0.5	8.450250
66.166667	0.5	8.501200
66.175000	0.5	8.537400
66.183333	0.5	8.578100
66.191667	0.5	8.629650
66.200000	0.5	8.661750
66.208333	0.5	8.707000
66.216667	0.5	8.739150
66.225000	0.5	8.780450
66.233333	0.5	8.818100
66.241667	0.5	8.864600
66.250000	0.5	8.895100
66.258333	0.5	8.929550
66.266667	0.5	8.960550
66.275000	0.5	9.001550
66.283333	0.5	9.040950
66.291667	0.5	9.060350
66.300000	0.5	9.080950
66.308333	0.5	9.115200
66.316667	0.5	9.129900
66.325000	0.5	9.151450
66.333333	0.5	9.171050
66.341667	0.5	9.194850
66.350000	0.5	9.207900
66.358333	0.5	9.223500
66.366667	0.5	9.239400
66.375000	0.5	9.249050
66.383333	0.5	9.256900
66.391667	0.5	9.260850
66.400000	0.5	9.270350
66.408333	0.5	9.268600
66.416667	0.5	9.267200
66.425000	0.5	9.270450
66.433333	0.5	9.263850
66.441667	0.5	9.257950
66.450000	0.5	9.251350
66.458333	0.5	9.243850
66.466667	0.5	9.233650
66.475000	0.5	9.228800
66.483333	0.5	9.212850
66.491667	0.5	9.196550
66.500000	0.5	9.171800
66.508333	0.5	9.160950
66.516667	0.5	9.146350
66.525000	0.5	9.112750
66.533333	0.5	9.095400
66.541667	0.5	9.072350
66.550000	0.5	9.048400
66.558333	0.5	9.017100
66.566667	0.5	8.995450
66.575000	0.5	8.963500
66.583333	0.5	8.940200
66.591667	0.5	8.905800
66.600000	0.5	8.875050
66.608333	0.5	8.848150
66.616667	0.5	8.807750
66.625000	0.5	8.773100
66.633333	0.5	8.742000
66.641667	0.5	8.710950
66.650000	0.5	8.670700
66.658333	0.5	8.641750
66.666667	0.5	8.622500
66.675000	0.5	8.579450
66.683333	0.5	8.546100
66.691667	0.5	8.519650
66.700000	0.5	8.477250
66.708333	0.5	8.447700
66.716667	0.5	8.413150
66.725000	0.5	8.383700
66.733333	0.5	8.351600
66.741667	0.5	8.332550
66.750000	0.5	8.293700
66.758333	0.5	8.264350
66.766667	0.5	8.232300
66.775000	0.5	8.200400
66.783333	0.5	8.177850
66.791667	0.5	8.163100
66.800000	0.5	8.126200
66.808333	0.5	8.113100
66.816667	0.5	8.092050
66.825000	0.5	8.066400
66.833333	0.5	8.053350
66.841667	0.5	8.035000
66.850000	0.5	8.017800
66.858333	0.5	8.003900
66.866667	0.5	7.989150
66.875000	0.5	7.971950
66.883333	0.5	7.969400
66.891667	0.5	7.960350
66.900000	0.5	7.951900
66.908333	0.5	7.944650
66.916667	0.5	7.941750
66.925000	0.5	7.934700
66.933333	0.5	7.930150
66.941667	0.5	7.924750
66.950000	0.5	7.931250
66.958333	0.5	7.927450
66.966667	0.5	7.922850
66.975000	0.5	7.920700
66.983333	0.5	7.930000
66.991667	0.5	7.927250
67.000000	0.5	7.925350
67.008333	0.5	7.931300
67.016667	0.5	7.941150
67.025000	0.5	7.933300
67.033333	0.5	7.944550
67.041667	0.5	7.944850
67.050000	0.5	7.947650
67.058333	0.5	7.959400
67.066667	0.5	7.970450
67.075000	0.5	7.975050
67.083333	0.5	7.986400
67.091667	0.5	7.994600
67.100000	0.5	8.002950
67.108333	0.5	8.009050
67.116667	0.5	8.026650
67.125000	0.5	8.037600
67.133333	0.5	8.052400
67.141667	0.5	8.066450
67.150000	0.5	8.077500
67.158333	0.5	8.088200
67.166667	0.5	8.103250
67.175000	0.5	8.117750
67.183333	0.5	8.132500
67.191667	0.5	8.150150
67.200000	0.5	8.173100
67.208333	0.5	8.177000
67.216667	0.5	8.198800
67.225000	0.5	8.216050
67.233333	0.5	8.236750
67.241667	0.5	8.249000
67.250000	0.5	8.271650
67.258333	0.5	8.287400
67.266667	0.5	8.313000
67.275000	0.5	8.324000
67.283333	0.5	8.350000
67.291667	0.5	8.367550
67.300000	0.5	8.384900
67.308333	0.5	8.408050
67.316667	0.5	8.432400
67.325000	0.5	8.451050
67.333333	0.5	8.470550
67.341667	0.5	8.480150
67.350000	0.5	8.508000
67.358333	0.5	8.527900
67.366667	0.5	8.549150
67.375000	0.5	8.562250
67.383333	0.5	8.578150
67.391667	0.5	8.597850
67.400000	0.5	8.611400
67.408333	0.5	8.636600
67.416667	0.5	8.644500
67.425000	0.5	8.667200
67.433333	0.5	8.673250
67.441667	0.5	8.689350
67.450000	0.5	8.691750
67.458333	0.5	8.702750
67.466667	0.5	8.717450
67.475000	0.5	8.713400
67.483333	0.5	8.722950
67.491667	0.5	8.732750
67.500000	0.5	8.728900
67.508333	0.5	8.743600
67.516667	0.5	8.744950
67.525000	0.5	8.738100
67.533333	0.5	8.735400
67.541667	0.5	8.726850
67.550000	0.5	8.719150
67.558333	0.5	8.720500
67.566667	0.5	8.717200
67.575000	0.5	8.703950
67.583333	0.5	8.691850
67.591667	0.5	8.679250
67.600000	0.5	8.672750
67.608333	0.5	8.660100
67.616667	0.5	8.645200
67.625000	0.5	8.630950
67.633333	0.5	8.628050
67.641667	0.5	8.611950
67.650000	0.5	8.595150
67.658333	0.5	8.588500
67.666667	0.5	8.563150
67.675000	0.5	8.561300
67.683333	0.5	8.547400
67.691667	0.5	8.537200
67.700000	0.5	8.535050
67.708333	0.5	8.529850
67.716667	0.5	8.515250
67.725000	0.5	8.505800
67.733333	0.5	8.503450
67.741667	0.5	8.497050
67.750000	0.5	8.495750
67.758333	0.5	8.489850
67.766667	0.5	8.490900
67.775000	0.5	8.484200
67.783333	0.5	8.487050
67.791667	0.5	8.483550
67.800000	0.5	8.488350
67.808333	0.5	8.491450
67.816667	0.5	8.487950
67.825000	0.5	8.487050
67.833333	0.5	8.488100
67.841667	0.5	8.484650
67.850000	0.5	8.489200
67.858333	0.5	8.484500
67.866667	0.5	8.487200
67.875000	0.5	8.497050
67.883333	0.5	8.490650
67.891667	0.5	8.502300
67.900000	0.5	8.502650
67.908333	0.5	8.505950
67.916667	0.5	8.504600
67.925000	0.5	8.503100
67.933333	0.5	8.505400
67.941667	0.5	8.515300
67.950000	0.5	8.510900
67.958333	0.5	8.515850
67.966667	0.5	8.515000
67.975000	0.5	8.516650
67.983333	0.5	8.523250
67.991667	0.5	8.520150
68.000000	0.5	8.520550
68.008333	0.5	8.526000
68.016667	0.5	8.525850
68.025000	0.5	8.528000
68.033333	0.5	8.531750
68.041667	0.5	8.529750
68.050000	0.5	8.541300
68.058333	0.5	8.536600
68.066667	0.5	8.534150
68.075000	0.5	8.539200
68.083333	0.5	8.547300
68.091667	0.5	8.550650
68.100000	0.5	8.551750
68.108333	0.5	8.553050
68.116667	0.5	8.557100
68.125000	0.5	8.561600
68.133333	0.5	8.565450
68.141667	0.5	8.566050
68.150000	0.5	8.568200
68.158333	0.5	8.575550
68.166667	0.5	8.577100
68.175000	0.5	8.591400
68.183333	0.5	8.597550
68.191667	0.5	8.601750
68.200000	0.5	8.607750
68.208333	0.5	8.623150
68.216667	0.5	8.635650
68.225000	0.5	8.642750
68.233333	0.5	8.655350
68.241667	0.5	8.670300
68.250000	0.5	8.689650
68.258333	0.5	8.710550
68.266667	0.5	8.727500
68.275000	0.5	8.758100
68.283333	0.5	8.794750
68.291667	0.5	8.820300
68.300000	0.5	8.860650
68.308333	0.5	8.895100
68.316667	0.5	8.928500
68.325000	0.5	8.968700
68.333333	0.5	9.029050
68.341667	0.5	9.076000
68.350000	0.5	9.124400
68.358333	0.5	9.176300
68.366667	0.5	9.225350
68.375000	0.5	9.273900
68.383333	0.5	9.315600
68.391667	0.5	9.348650
68.400000	0.5	9.385750
68.408333	0.5	9.413800
68.416667	0.5	9.435100
68.425000	0.5	9.452250
68.433333	0.5	9.467800
68.441667	0.5	9.477300
68.450000	0.5	9.483350
68.458333	0.5	9.472800
68.466667	0.5	9.473850
68.475000	0.5	9.469350
68.483333	0.5	9.462000
68.491667	0.5	9.448450
68.500000	0.5	9.442000
68.508333	0.5	9.427200
68.516667	0.5	9.420550
68.525000	0.5	9.414700
68.533333	0.5	9.418500
68.541667	0.5	9.419800
68.550000	0.5	9.420700
68.558333	0.5	9.429450
68.566667	0.5	9.434300
68.575000	0.5	9.438050
68.583333	0.5	9.449700
68.591667	0.5	9.450450
68.600000	0.5	9.461050
68.608333	0.5	9.471350
68.616667	0.5	9.468600
68.625000	0.5	9.479250
68.633333	0.5	9.484200
68.641667	0.5	9.509350
68.650000	0.5	9.503200
68.658333	0.5	9.508150
68.666667	0.5	9.519800
68.675000	0.5	9.518700
68.683333	0.5	9.511750
68.691667	0.5	9.508050
68.700000	0.5	9.503650
68.708333	0.5	9.508250
68.716667	0.5	9.498550
68.725000	0.5	9.488100
68.733333	0.5	9.486700
68.741667	0.5	9.477550
68.750000	0.5	9.473800
68.758333	0.5	9.456350
68.766667	0.5	9.442750
68.775000	0.5	9.434900
68.783333	0.5	9.422800
68.791667	0.5	9.416450
68.800000	0.5	9.392700
68.808333	0.5	9.379300
68.816667	0.5	9.368750
68.825000	0.5	9.358550
68.833333	0.5	9.339150
68.841667	0.5	9.316600
68.850000	0.5	9.315400
68.858333	0.5	9.299400
68.866667	0.5	9.293300
68.875000	0.5	9.278150
68.883333	0.5	9.269000
68.891667	0.5	9.251650
68.900000	0.5	9.250450
68.908333	0.5	9.245850
68.916667	0.5	9.231600
68.925000	0.5	9.260650
68.933333	0.5	9.226600
68.941667	0.5	9.222050
68.950000	0.5	9.221850
68.958333	0.5	9.224300
68.966667	0.5	9.224850
68.975000	0.5	9.218250
68.983333	0.5	9.227950
68.991667	0.5	9.215450
69.000000	0.5	9.226000
69.008333	0.5	9.224450
69.016667	0.5	9.233000
69.025000	0.5	9.262500
69.033333	0.5	9.243300
69.041667	0.5	9.252400
69.050000	0.5	9.258400
69.058333	0.5	9.265100
69.066667	0.5	9.268850
69.075000	0.5	9.277000
69.083333	0.5	9.279900
69.091667	0.5	9.296150
69.100000	0.5	9.300900
69.108333	0.5	9.309750
69.116667	0.5	9.314700
69.125000	0.5	9.320650
69.133333	0.5	9.338300
69.141667	0.5	9.331450
69.150000	0.5	9.335700
69.158333	0.5	9.348200
69.166667	0.5	9.348250
69.175000	0.5	9.377000
69.183333	0.5	9.350750
69.191667	0.5	9.358050
69.200000	0.5	9.357650
69.208333	0.5	9.358400
69.216667	0.5	9.368600
69.225000	0.5	9.362700
69.233333	0.5	9.369450
69.241667	0.5	9.379600
69.250000	0.5	9.385950
69.258333	0.5	9.379800
69.266667	0.5	9.375600
69.275000	0.5	9.412700
69.283333	0.5	9.376850
69.291667	0.5	9.383200
69.300000	0.5	9.393200
69.308333	0.5	9.391850
69.316667	0.5	9.395250
69.325000	0.5	9.392100
69.333333	0.5	9.399850
69.341667	0.5	9.402900
69.350000	0.5	9.405000
69.358333	0.5	9.407350
69.366667	0.5	9.420100
69.375000	0.5	9.417850
69.383333	0.5	9.422850
69.391667	0.5	9.428100
69.400000	0.5	9.440450
69.408333	0.5	9.449100
69.416667	0.5	9.453300
69.425000	0.5	9.469150
69.433333	0.5	9.478450
69.441667	0.5	9.494450
69.450000	0.5	9.506050
69.458333	0.5	9.527600
69.466667	0.5	9.556100
69.475000	0.5	9.540600
69.483333	0.5	9.562100
69.491667	0.5	9.579600
69.500000	0.5	9.594550
69.508333	0.5	9.614250
69.516667	0.5	9.634900
69.525000	0.5	9.657350
69.533333	0.5	9.677300
69.541667	0.5	9.688350
69.550000	0.5	9.702150
69.558333	0.5	9.724000
69.566667	0.5	9.746700
69.575000	0.5	9.760200
69.583333	0.5	9.783450
69.591667	0.5	9.799350
69.600000	0.5	9.824250
69.608333	0.5	9.838550
69.616667	0.5	9.859950
69.625000	0.5	9.876200
69.633333	0.5	9.900850
69.641667	0.5	9.907700
69.650000	0.5	9.915700
69.658333	0.5	9.932900
69.666667	0.5	9.935800
69.675000	0.5	9.949750
69.683333	0.5	9.955150
69.691667	0.5	9.962300
69.700000	0.5	9.980550
69.708333	0.5	9.974050
69.716667	0.5	10.003050
69.725000	0.5	9.997850
69.733333	0.5	9.996500
69.741667	0.5	9.990350
69.750000	0.5	9.986400
69.758333	0.5	9.985000
69.766667	0.5	9.980400
69.775000	0.5	9.982800
69.783333	0.5	9.971250
69.791667	0.5	9.973750
69.800000	0.5	9.958250
69.808333	0.5	9.943900
69.816667	0.5	9.938800
69.825000	0.5	9.936600
69.833333	0.5	9.928900
69.841667	0.5	9.919350
69.850000	0.5	9.912300
69.858333	0.5	9.900900
69.866667	0.5	9.891850
69.875000	0.5	9.875300
69.883333	0.5	9.900500
69.891667	0.5	9.851000
69.900000	0.5	9.863600
69.908333	0.5	9.853100
69.916667	0.5	9.837350
69.925000	0.5	9.842250
69.933333	0.5	9.835800
69.941667	0.5	9.834500
69.950000	0.5	9.840250
69.958333	0.5	9.828500
69.966667	0.5	9.830600
69.975000	0.5	9.832650
69.983333	0.5	9.848700
69.991667	0.5	9.858450
70.000000	0.5	9.890650
70.008333	0.5	9.888100
70.016667	0.5	9.894450
70.025000	0.5	9.913700
70.033333	0.5	9.936400
70.041667	0.5	9.963250
70.050000	0.5	9.989050
70.058333	0.5	10.018750
70.066667	0.5	10.059450
70.075000	0.5	10.079900
70.083333	0.5	10.123650
70.091667	0.5	10.164250
70.100000	0.5	10.205650
70.108333	0.5	10.250900
70.116667	0.5	10.284250
70.125000	0.5	10.334500
70.133333	0.5	10.391250
70.141667	0.5	10.406550
70.150000	0.5	10.463600
70.158333	0.5	10.505250
70.166667	0.5	10.543750
70.175000	0.5	10.580750
70.183333	0.5	10.624500
70.191667	0.5	10.669050
70.200000	0.5	10.712300
70.208333	0.5	10.739250
70.216667	0.5	10.773700
70.225000	0.5	10.811450
70.233333	0.5	10.862000
70.241667	0.5	10.873200
70.250000	0.5	10.885450
70.258333	0.5	10.918300
70.266667	0.5	10.934300
70.275000	0.5	10.949550
70.283333	0.5	10.964600
70.291667	0.5	10.984050
70.300000	0.5	10.982650
70.308333	0.5	10.993350
70.316667	0.5	10.990300
70.325000	0.5	10.989550
70.333333	0.5	10.987700
70.341667	0.5	10.985450
70.350000	0.5	10.985400
70.358333	0.5	10.970050
70.366667	0.5	10.959950
70.375000	0.5	10.945750
70.383333	0.5	10.942350
70.391667	0.5	10.925550
70.400000	0.5	10.901800
70.408333	0.5	10.884200
70.416667	0.5	10.863550
70.425000	0.5	10.832200
70.433333	0.5	10.811950
70.441667	0.5	10.794300
70.450000	0.5	10.762650
70.458333	0.5	10.735050
70.466667	0.5	10.698400
70.475000	0.5	10.666950
70.483333	0.5	10.634550
70.491667	0.5	10.607800
70.500000	0.5	10.574400
70.508333	0.5	10.556800
70.516667	0.5	10.509450
70.525000	0.5	10.495550
70.533333	0.5	10.468800
70.541667	0.5	10.433950
70.550000	0.5	10.409550
70.558333	0.5	10.382850
70.566667	0.5	10.373450
70.575000	0.5	10.336500
70.583333	0.5	10.322750
70.591667	0.5	10.295600
70.600000	0.5	10.271950
70.608333	0.5	10.255000
70.616667	0.5	10.233550
70.625000	0.5	10.218750
70.633333	0.5	10.206100
70.641667	0.5	10.194650
70.650000	0.5	10.193300
70.658333	0.5	10.180600
70.666667	0.5	10.178650
70.675000	0.5	10.173000
70.683333	0.5	10.172050
70.691667	0.5	10.166250
70.700000	0.5	10.166450
70.708333	0.5	10.162500
70.716667	0.5	10.157850
70.725000	0.5	10.155150
70.733333	0.5	10.160850
70.741667	0.5	10.157250
70.750000	0.5	10.160550
70.758333	0.5	10.159300
70.766667	0.5	10.165250
70.775000	0.5	10.173050
70.783333	0.5	10.174800
70.791667	0.5	10.180750
70.800000	0.5	10.175000
70.808333	0.5	10.194850
70.816667	0.5	10.183700
70.825000	0.5	10.183800
70.833333	0.5	10.189350
70.841667	0.5	10.199650
70.850000	0.5	10.192850
70.858333	0.5	10.200600
70.866667	0.5	10.210700
70.875000	0.5	10.213800
70.883333	0.5	10.215200
70.891667	0.5	10.210750
70.900000	0.5	10.223000
70.908333	0.5	10.220050
70.916667	0.5	10.219950
70.925000	0.5	10.218300
70.933333	0.5	10.225650
70.941667	0.5	10.218350
70.950000	0.5	10.215700
70.958333	0.5	10.224950
70.966667	0.5	10.218600
70.975000	0.5	10.218600
70.983333	0.5	10.226500
70.991667	0.5	10.219300
71.000000	0.5	10.214650
71.008333	0.5	10.208900
71.016667	0.5	10.217600
71.025000	0.5	10.219600
71.033333	0.5	10.212550
71.041667	0.5	10.211700
71.050000	0.5	10.214150
71.058333	0.5	10.215300
71.066667	0.5	10.217100
71.075000	0.5	10.213800
71.083333	0.5	10.215500
71.091667	0.5	10.213400
71.100000	0.5	10.210350
71.108333	0.5	10.215950
71.116667	0.5	10.204750
71.125000	0.5	10.208850
71.133333	0.5	10.213800
71.141667	0.5	10.217250
71.150000	0.5	10.206400
71.158333	0.5	10.215700
71.166667	0.5	10.215500
71.175000	0.5	10.214750
71.183333	0.5	10.207800
71.191667	0.5	10.215300
71.200000	0.5	10.214100
71.208333	0.5	10.214100
71.216667	0.5	10.232050
71.225000	0.5	10.220400
71.233333	0.5	10.225650
71.241667	0.5	10.232100
71.250000	0.5	10.240500
71.258333	0.5	10.243950
71.266667	0.5	10.256350
71.275000	0.5	10.269100
71.283333	0.5	10.272800
71.291667	0.5	10.274200
71.300000	0.5	10.288900
71.308333	0.5	10.288000
71.316667	0.5	10.287650
71.325000	0.5	10.304550
71.333333	0.5	10.322250
71.341667	0.5	10.331050
71.350000	0.5	10.346750
71.358333	0.5	10.356950
71.366667	0.5	10.367200
71.375000	0.5	10.371400
71.383333	0.5	10.385250
71.391667	0.5	10.400150
71.400000	0.5	10.406900
71.408333	0.5	10.421300
71.416667	0.5	10.434650
71.425000	0.5	10.438800
71.433333	0.5	10.450550
71.441667	0.5	10.456300
71.450000	0.5	10.470500
71.458333	0.5	10.472450
71.466667	0.5	10.475550
71.475000	0.5	10.486050
71.483333	0.5	10.491450
71.491667	0.5	10.490650
71.500000	0.5	10.497650
71.508333	0.5	10.496750
71.516667	0.5	10.497200
71.525000	0.5	10.491600
71.533333	0.5	10.490500
71.541667	0.5	10.489900
71.550000	0.5	10.500650
71.558333	0.5	10.491200
71.566667	0.5	10.489750
71.575000	0.5	10.477800
71.583333	0.5	10.484050
71.591667	0.5	10.480100
71.600000	0.5	10.477900
71.608333	0.5	10.479600
71.616667	0.5	10.458250
71.625000	0.5	10.464250
71.633333	0.5	10.461150
71.641667	0.5	10.453750
71.650000	0.5	10.464650
71.658333	0.5	10.465800
71.666667	0.5	10.475450
71.675000	0.5	10.477550
71.683333	0.5	10.495400
71.691667	0.5	10.501100
71.700000	0.5	10.517900
71.708333	0.5	10.548100
71.716667	0.5	10.563100
71.725000	0.5	10.601250
71.733333	0.5	10.624150
71.741667	0.5	10.657700
71.750000	0.5	10.695000
71.758333	0.5	10.733750
71.766667	0.5	10.782200
71.775000	0.5	10.819350
71.783333	0.5	10.867250
71.791667	0.5	10.913950
71.800000	0.5	10.958350
71.808333	0.5	10.998450
71.816667	0.5	11.055100
71.825000	0.5	11.102650
71.833333	0.5	11.152900
71.841667	0.5	11.201600
71.850000	0.5	11.250250
71.858333	0.5	11.298800
71.866667	0.5	11.337150
71.875000	0.5	11.386650
71.883333	0.5	11.425650
71.891667	0.5	11.465450
71.900000	0.5	11.504500
71.908333	0.5	11.540650
71.916667	0.5	11.577450
71.925000	0.5	11.611100
71.933333	0.5	11.634700
71.941667	0.5	11.667800
71.950000	0.5	11.691300
71.958333	0.5	11.714950
71.966667	0.5	11.731950
71.975000	0.5	11.745600
71.983333	0.5	11.761800
71.991667	0.5	11.771550
72.000000	0.5	11.780300
72.008333	0.5	11.786300
72.016667	0.5	11.795500
72.025000	0.5	11.796900
72.033333	0.5	11.786300
72.041667	0.5	11.779650
72.050000	0.5	11.766500
72.058333	0.5	11.740400
72.066667	0.5	11.725550
72.075000	0.5	11.699850
72.083333	0.5	11.669650
72.091667	0.5	11.641000
72.100000	0.5	11.596700
72.108333	0.5	11.582900
72.116667	0.5	11.531900
72.125000	0.5	11.484150
72.133333	0.5	11.433550
72.141667	0.5	11.385700
72.150000	0.5	11.329900
72.158333	0.5	11.276550
72.166667	0.5	11.218950
72.175000	0.5	11.169050
72.183333	0.5	11.112700
72.191667	0.5	11.055250
72.200000	0.5	11.010050
72.208333	0.5	10.954400
72.216667	0.5	10.914400
72.225000	0.5	10.860300
72.233333	0.5	10.816550
72.241667	0.5	10.783800
72.250000	0.5	10.741900
72.258333	0.5	10.719850
72.266667	0.5	10.682750
72.275000	0.5	10.661700
72.283333	0.5	10.635750
72.291667	0.5	10.618900
72.300000	0.5	10.612250
72.308333	0.5	10.601150
72.316667	0.5	10.591700
72.325000	0.5	10.577650
72.333333	0.5	10.576650
72.341667	0.5	10.574500
72.350000	0.5	10.576050
72.358333	0.5	10.572350
72.366667	0.5	10.574000
72.375000	0.5	10.577450
72.383333	0.5	10.589000
72.391667	0.5	10.586700
72.400000	0.5	10.591300
72.408333	0.5	10.604500
72.416667	0.5	10.600950
72.425000	0.5	10.596700
72.433333	0.5	10.595250
72.441667	0.5	10.601950
72.450000	0.5	10.605800
72.458333	0.5	10.602350
72.466667	0.5	10.598700
72.475000	0.5	10.584350
72.483333	0.5	10.587950
72.491667	0.5	10.579350
72.500000	0.5	10.577750
72.508333	0.5	10.575700
72.516667	0.5	10.566250
72.525000	0.5	10.559250
72.533333	0.5	10.539050
72.541667	0.5	10.531000
72.550000	0.5	10.520000
72.558333	0.5	10.508650
72.566667	0.5	10.493700
72.575000	0.5	10.465450
72.583333	0.5	10.458950
72.591667	0.5	10.444350
72.600000	0.5	10.423700
72.608333	0.5	10.411450
72.616667	0.5	10.394800
72.625000	0.5	10.380300
72.633333	0.5	10.353600
72.641667	0.5	10.338300
72.650000	0.5	10.332450
72.658333	0.5	10.318400
72.666667	0.5	10.296500
72.675000	0.5	10.283400
72.683333	0.5	10.265750
72.691667	0.5	10.240500
72.700000	0.5	10.218950
72.708333	0.5	10.214650
72.716667	0.5	10.201100
72.725000	0.5	10.185200
72.733333	0.5	10.169650
72.741667	0.5	10.166000
72.750000	0.5	10.147700
72.758333	0.5	10.136850
72.766667	0.5	10.118550
72.775000	0.5	10.115250
72.783333	0.5	10.104600
72.791667	0.5	10.102800
72.800000	0.5	10.087500
72.808333	0.5	10.083750
72.816667	0.5	10.083300
72.825000	0.5	10.074900
72.833333	0.5	10.073600
72.841667	0.5	10.078350
72.850000	0.5	10.075450
72.858333	0.5	10.088900
72.866667	0.5	10.083500
72.875000	0.5	10.103100
72.883333	0.5	10.123950
72.891667	0.5	10.131350
72.900000	0.5	10.151800
72.908333	0.5	10.170450
72.916667	0.5	10.190350
72.925000	0.5	10.214700
72.933333	0.5	10.255750
72.941667	0.5	10.287850
72.950000	0.5	10.318300
72.958333	0.5	10.349850
72.966667	0.5	10.399300
72.975000	0.5	10.442900
72.983333	0.5	10.480650
72.991667	0.5	10.526750
73.000000	0.5	10.569600
73.008333	0.5	10.619000
73.016667	0.5	10.675100
73.025000	0.5	10.711800
73.033333	0.5	10.767850
73.041667	0.5	10.812800
73.050000	0.5	10.858350
73.058333	0.5	10.907350
73.066667	0.5	10.949950
73.075000	0.5	11.005400
73.083333	0.5	11.053400
73.091667	0.5	11.076300
73.100000	0.5	11.115450
73.108333	0.5	11.154950
73.116667	0.5	11.183550
73.125000	0.5	11.220450
73.133333	0.5	11.244850
73.141667	0.5	11.278100
73.150000	0.5	11.298650
73.158333	0.5	11.327400
73.166667	0.5	11.352300
73.175000	0.5	11.373800
73.183333	0.5	11.387700
73.191667	0.5	11.408750
73.200000	0.5	11.432900
73.208333	0.5	11.467200
73.216667	0.5	11.476500
73.225000	0.5	11.492850
73.233333	0.5	11.519950
73.241667	0.5	11.548050
73.250000	0.5	11.583400
73.258333	0.5	11.590050
73.266667	0.5	11.631900
73.275000	0.5	11.647550
73.283333	0.5	11.692550
73.291667	0.5	11.710750
73.300000	0.5	11.744450
73.308333	0.5	11.779900
73.316667	0.5	11.814750
73.325000	0.5	11.846650
73.333333	0.5	11.881750
73.341667	0.5	11.911300
73.350000	0.5	11.938600
73.358333	0.5	11.961450
73.366667	0.5	12.003050
73.375000	0.5	12.021600
73.383333	0.5	12.046350
73.391667	0.5	12.059600
73.400000	0.5	12.083300
73.408333	0.5	12.107100
73.416667	0.5	12.124100
73.425000	0.5	12.125200
73.433333	0.5	12.149650
73.441667	0.5	12.155150
73.450000	0.5	12.158800
73.458333	0.5	12.159450
73.466667	0.5	12.149400
73.475000	0.5	12.149350
73.483333	0.5	12.136500
73.491667	0.5	12.128650
73.500000	0.5	12.108900
73.508333	0.5	12.090850
73.516667	0.5	12.062000
73.525000	0.5	12.036800
73.533333	0.5	12.008600
73.541667	0.5	11.975050
73.550000	0.5	11.931550
73.558333	0.5	11.885200
73.566667	0.5	11.840300
73.575000	0.5	11.785200
73.583333	0.5	11.737800
73.591667	0.5	11.679250
73.600000	0.5	11.612900
73.608333	0.5	11.546750
73.616667	0.5	11.477550
73.625000	0.5	11.402650
73.633333	0.5	11.334500
73.641667	0.5	11.257550
73.650000	0.5	11.174500
73.658333	0.5	11.088750
73.666667	0.5	11.011600
73.675000	0.5	10.926700
73.683333	0.5	10.841400
73.691667	0.5	10.756050
73.700000	0.5	10.679600
73.708333	0.5	10.613750
73.716667	0.5	10.514100
73.725000	0.5	10.430400
73.733333	0.5	10.357450
73.741667	0.5	10.291050
73.750000	0.5	10.235450
73.758333	0.5	10.163000
73.766667	0.5	10.101800
73.775000	0.5	10.052000
73.783333	0.5	10.001650
73.791667	0.5	9.953800
73.800000	0.5	9.919450
73.808333	0.5	9.882400
73.816667	0.5	9.846550
73.825000	0.5	9.808300
73.833333	0.5	9.793450
73.841667	0.5	9.755650
73.850000	0.5	9.761550
73.858333	0.5	9.726300
73.866667	0.5	9.711300
73.875000	0.5	9.697150
73.883333	0.5	9.682900
73.891667	0.5	9.670650
73.900000	0.5	9.664850
73.908333	0.5	9.659250
73.916667	0.5	9.643400
73.925000	0.5	9.642100
73.933333	0.5	9.641750
73.941667	0.5	9.643550
73.950000	0.5	9.630000
73.958333	0.5	9.627550
73.966667	0.5	9.617750
73.975000	0.5	9.612200
73.983333	0.5	9.607050
73.991667	0.5	9.604200
74.000000	0.5	9.596100
74.008333	0.5	9.586050
74.016667	0.5	9.578850
74.025000	0.5	9.580700
74.033333	0.5	9.577650
74.041667	0.5	9.566250
74.050000	0.5	9.545750
74.058333	0.5	9.544100
74.066667	0.5	9.536700
74.075000	0.5	9.523900
74.083333	0.5	9.513950
74.091667	0.5	9.504900
74.100000	0.5	9.494450
74.108333	0.5	9.495700
74.116667	0.5	9.473100
74.125000	0.5	9.473150
74.133333	0.5	9.467600
74.141667	0.5	9.457900
74.150000	0.5	9.447600
74.158333	0.5	9.444450
74.166667	0.5	9.440100
74.175000	0.5	9.436550
74.183333	0.5	9.418400
74.191667	0.5	9.419550
74.200000	0.5	9.405700
74.208333	0.5	9.405750
74.216667	0.5	9.398100
74.225000	0.5	9.400050
74.233333	0.5	9.392400
74.241667	0.5	9.393350
74.250000	0.5	9.378000
74.258333	0.5	9.388900
74.266667	0.5	9.384800
74.275000	0.5	9.376200
74.283333	0.5	9.376350
74.291667	0.5	9.374100
74.300000	0.5	9.358350
74.308333	0.5	9.365700
74.316667	0.5	9.356650
74.325000	0.5	9.357650
74.333333	0.5	9.361700
74.341667	0.5	9.366850
74.350000	0.5	9.358450
74.358333	0.5	9.375000
74.366667	0.5	9.361050
74.375000	0.5	9.356850
74.383333	0.5	9.361150
74.391667	0.5	9.365950
74.400000	0.5	9.369150
74.408333	0.5	9.376650
74.416667	0.5	9.383200
74.425000	0.5	9.394850
74.433333	0.5	9.403850
74.441667	0.5	9.420250
74.450000	0.5	9.435850
74.458333	0.5	9.452250
74.466667	0.5	9.473250
74.475000	0.5	9.499300
74.483333	0.5	9.515500
74.491667	0.5	9.534400
74.500000	0.5	9.574200
74.508333	0.5	9.600950
74.516667	0.5	9.635150
74.525000	0.5	9.671450
74.533333	0.5	9.708700
74.541667	0.5	9.759550
74.550000	0.5	9.812750
74.558333	0.5	9.862500
74.566667	0.5	9.902950
74.575000	0.5	9.957200
74.583333	0.5	10.013150
74.591667	0.5	10.065900
74.600000	0.5	10.132750
74.608333	0.5	10.191400
74.616667	0.5	10.253800
74.625000	0.5	10.320550
74.633333	0.5	10.398600
74.641667	0.5	10.458000
74.650000	0.5	10.523250
74.658333	0.5	10.592450
74.666667	0.5	10.663750
74.675000	0.5	10.734200
74.683333	0.5	10.808450
74.691667	0.5	10.877300
74.700000	0.5	10.954300
74.708333	0.5	11.017550
74.716667	0.5	11.091600
74.725000	0.5	11.166350
74.733333	0.5	11.228950
74.741667	0.5	11.294000
74.750000	0.5	11.353400
74.758333	0.5	11.412650
74.766667	0.5	11.467500
74.775000	0.5	11.527000
74.783333	0.5	11.579650
74.791667	0.5	11.627750
74.800000	0.5	11.678300
74.808333	0.5	11.720750
74.816667	0.5	11.762150
74.825000	0.5	11.789150
74.833333	0.5	11.834600
74.841667	0.5	11.861400
74.850000	0.5	11.890900
74.858333	0.5	11.936500
74.866667	0.5	11.939500
74.875000	0.5	11.952300
74.883333	0.5	11.967850
74.891667	0.5	11.990050
74.900000	0.5	11.995800
74.908333	0.5	12.002100
74.916667	0.5	12.010150
74.925000	0.5	12.010400
74.933333	0.5	12.009400
74.941667	0.5	11.998750
74.950000	0.5	11.999150
74.958333	0.5	11.978950
74.966667	0.5	11.962400
74.975000	0.5	11.948650
74.983333	0.5	11.922300
74.991667	0.5	11.893450
75.000000	0.5	11.867700
75.008333	0.5	11.832100
75.016667	0.5	11.799650
75.025000	0.5	11.750650
75.033333	0.5	11.707100
75.041667	0.5	11.667450
75.050000	0.5	11.609150
75.058333	0.5	11.552800
75.066667	0.5	11.485900
75.075000	0.5	11.431100
75.083333	0.5	11.373550
75.091667	0.5	11.298550
75.100000	0.5	11.222350
75.108333	0.5	11.146500
75.116667	0.5	11.076800
75.125000	0.5	10.989350
75.133333	0.5	10.918950
75.141667	0.5	10.840000
75.150000	0.5	10.760000
75.158333	0.5	10.666700
75.166667	0.5	10.603500
75.175000	0.5	10.524650
75.183333	0.5	10.447300
75.191667	0.5	10.372400
75.200000	0.5	10.293700
75.208333	0.5	10.249050
75.216667	0.5	10.172550
75.225000	0.5	10.116100
75.233333	0.5	10.060400
75.241667	0.5	9.998650
75.250000	0.5	9.950500
75.258333	0.5	9.907350
75.266667	0.5	9.865400
75.275000	0.5	9.833700
75.283333	0.5	9.796500
75.291667	0.5	9.767150
75.300000	0.5	9.735300
75.308333	0.5	9.711650
75.316667	0.5	9.698600
75.325000	0.5	9.675750
75.333333	0.5	9.659800
75.341667	0.5	9.650200
75.350000	0.5	9.628400
75.358333	0.5	9.621200
75.366667	0.5	9.600350
75.375000	0.5	9.595800
75.383333	0.5	9.590550
75.391667	0.5	9.576500
75.400000	0.5	9.561150
75.408333	0.5	9.561700
75.416667	0.5	9.548700
75.425000	0.5	9.544500
75.433333	0.5	9.531950
75.441667	0.5	9.520000
75.450000	0.5	9.514850
75.458333	0.5	9.507250
75.466667	0.5	9.502700
75.475000	0.5	9.488800
75.483333	0.5	9.474550
75.491667	0.5	9.471750
75.500000	0.5	9.450500
75.508333	0.5	9.442550
75.516667	0.5	9.429500
75.525000	0.5	9.423500
75.533333	0.5	9.407300
75.541667	0.5	9.390650
75.550000	0.5	9.376700
75.558333	0.5	9.367150
75.566667	0.5	9.367750
75.575000	0.5	9.349350
75.583333	0.5	9.337800
75.591667	0.5	9.332750
75.600000	0.5	9.314700
75.608333	0.5	9.300550
75.616667	0.5	9.293250
75.625000	0.5	9.283100
75.633333	0.5	9.274100
75.641667	0.5	9.262400
75.650000	0.5	9.257950
75.658333	0.5	9.254500
75.666667	0.5	9.241850
75.675000	0.5	9.240850
75.683333	0.5	9.232950
75.691667	0.5	9.225200
75.700000	0.5	9.224450
75.708333	0.5	9.209550
75.716667	0.5	9.207650
75.725000	0.5	9.209850
75.733333	0.5	9.197950
75.741667	0.5	9.196500
75.750000	0.5	9.195800
75.758333	0.5	9.190150
75.766667	0.5	9.194000
75.775000	0.5	9.193850
75.783333	0.5	9.189050
75.791667	0.5	9.182200
75.800000	0.5	9.189050
75.808333	0.5	9.190300
75.816667	0.5	9.190250
75.825000	0.5	9.187500
75.833333	0.5	9.181850
75.841667	0.5	9.198600
75.850000	0.5	9.200850
75.858333	0.5	9.194350
75.866667	0.5	9.202350
75.875000	0.5	9.206400
75.883333	0.5	9.207100
75.891667	0.5	9.213000
75.900000	0.5	9.222150
75.908333	0.5	9.235950
75.916667	0.5	9.240000
75.925000	0.5	9.248050
75.933333	0.5	9.266000
75.941667	0.5	9.288150
75.950000	0.5	9.303800
75.958333	0.5	9.316850
75.966667	0.5	9.340250
75.975000	0.5	9.363400
75.983333	0.5	9.387850
75.991667	0.5	9.412500
76.000000	0.5	9.456400
76.008333	0.5	9.483750
76.016667	0.5	9.520450
76.025000	0.5	9.560450
76.033333	0.5	9.613800
76.041667	0.5	9.663500
76.050000	0.5	9.725800
76.058333	0.5	9.783400
76.066667	0.5	9.843650
76.075000	0.5	9.918800
76.083333	0.5	9.993000
76.091667	0.5	10.078200
76.100000	0.5	10.154600
76.108333	0.5	10.243450
76.116667	0.5	10.331950
76.125000	0.5	10.416400
76.133333	0.5	10.507900
76.141667	0.5	10.607450
76.150000	0.5	10.693250
76.158333	0.5	10.782050
76.166667	0.5	10.872750
76.175000	0.5	10.963050
76.183333	0.5	11.051450
76.191667	0.5	11.124500
76.200000	0.5	11.208900
76.208333	0.5	11.303350
76.216667	0.5	11.353000
76.225000	0.5	11.420650
76.233333	0.5	11.488950
76.241667	0.5	11.539950
76.250000	0.5	11.602650
76.258333	0.5	11.647900
76.266667	0.5	11.689800
76.275000	0.5	11.740600
76.283333	0.5	11.783150
76.291667	0.5	11.811800
76.300000	0.5	11.848400
76.308333	0.5	11.860800
76.316667	0.5	11.886150
76.325000	0.5	11.904500
76.333333	0.5	11.923000
76.341667	0.5	11.920950
76.350000	0.5	11.927900
76.358333	0.5	11.925750
76.366667	0.5	11.917050
76.375000	0.5	11.911800
76.383333	0.5	11.901600
76.391667	0.5	11.891000
76.400000	0.5	11.862850
76.408333	0.5	11.833500
76.416667	0.5	11.808700
76.425000	0.5	11.777650
76.433333	0.5	11.746300
76.441667	0.5	11.703150
76.450000	0.5	11.662550
76.458333	0.5	11.608800
76.466667	0.5	11.557250
76.475000	0.5	11.501950
76.483333	0.5	11.440900
76.491667	0.5	11.383750
76.500000	0.5	11.313150
76.508333	0.5	11.246450
76.516667	0.5	11.177100
76.525000	0.5	11.110100
76.533333	0.5	11.023150
76.541667	0.5	10.952700
76.550000	0.5	10.869450
76.558333	0.5	10.794750
76.566667	0.5	10.712450
76.575000	0.5	10.629050
76.583333	0.5	10.556850
76.591667	0.5	10.478150
76.600000	0.5	10.413500
76.608333	0.5	10.320350
76.616667	0.5	10.263800
76.625000	0.5	10.199550
76.633333	0.5	10.134900
76.641667	0.5	10.061850
76.650000	0.5	9.997700
76.658333	0.5	9.955950
76.666667	0.5	9.911100
76.675000	0.5	9.860200
76.683333	0.5	9.816550
76.691667	0.5	9.774850
76.700000	0.5	9.736150
76.708333	0.5	9.707150
76.716667	0.5	9.679000
76.725000	0.5	9.649300
76.733333	0.5	9.613950
76.741667	0.5	9.607250
76.750000	0.5	9.577750
76.758333	0.5	9.569800
76.766667	0.5	9.543000
76.775000	0.5	9.527100
76.783333	0.5	9.514650
76.791667	0.5	9.498900
76.800000	0.5	9.496250
76.808333	0.5	9.484500
76.816667	0.5	9.474850
76.825000	0.5	9.456000
76.833333	0.5	9.446750
76.841667	0.5	9.431050
76.850000	0.5	9.423300
76.858333	0.5	9.404050
76.866667	0.5	9.407950
76.875000	0.5	9.392150
76.883333	0.5	9.387350
76.891667	0.5	9.385400
76.900000	0.5	9.366350
76.908333	0.5	9.368050
76.916667	0.5	9.351750
76.925000	0.5	9.342600
76.933333	0.5	9.327650
76.941667	0.5	9.322000
76.950000	0.5	9.311300
76.958333	0.5	9.307900
76.966667	0.5	9.293350
76.975000	0.5	9.287500
76.983333	0.5	9.277300
76.991667	0.5	9.273700
77.000000	0.5	9.263600
77.008333	0.5	9.255850
77.016667	0.5	9.254800
77.025000	0.5	9.247450
77.033333	0.5	9.237350
77.041667	0.5	9.232300
77.050000	0.5	9.218100
77.058333	0.5	9.216400
77.066667	0.5	9.215950
77.075000	0.5	9.212250
77.083333	0.5	9.208500
77.091667	0.5	9.212250
77.100000	0.5	9.216150
77.108333	0.5	9.201950
77.116667	0.5	9.202650
77.125000	0.5	9.198200
77.133333	0.5	9.200450
77.141667	0.5	9.196350
77.150000	0.5	9.200100
77.158333	0.5	9.200450
77.166667	0.5	9.200600
77.175000	0.5	9.199350
77.183333	0.5	9.203850
77.191667	0.5	9.216300
77.200000	0.5	9.219150
77.208333	0.5	9.221300
77.216667	0.5	9.222250
77.225000	0.5	9.228300
77.233333	0.5	9.235150
77.241667	0.5	9.241500
77.250000	0.5	9.243800
77.258333	0.5	9.249400
77.266667	0.5	9.260500
77.275000	0.5	9.269650
77.283333	0.5	9.272200
77.291667	0.5	9.282650
77.300000	0.5	9.294700
77.308333	0.5	9.312950
77.316667	0.5	9.314650
77.325000	0.5	9.345550
77.333333	0.5	9.353500
77.341667	0.5	9.379000
77.350000	0.5	9.400650
77.358333	0.5	9.423000
77.366667	0.5	9.457000
77.375000	0.5	9.481000
77.383333	0.5	9.515250
77.391667	0.5	9.559150
77.400000	0.5	9.600550
77.408333	0.5	9.634100
77.416667	0.5	9.691000
77.425000	0.5	9.741900
77.433333	0.5	9.796600
77.441667	0.5	9.853500
77.450000	0.5	9.916200
77.458333	0.5	9.990900
77.466667	0.5	10.057250
77.475000	0.5	10.134800
77.483333	0.5	10.208350
77.491667	0.5	10.293850
77.500000	0.5	10.373850
77.508333	0.5	10.455900
77.516667	0.5	10.542750
77.525000	0.5	10.638350
77.533333	0.5	10.721700
77.541667	0.5	10.817800
77.550000	0.5	10.894100
77.558333	0.5	10.979000
77.566667	0.5	11.065550
77.575000	0.5	11.143650
77.583333	0.5	11.217350
77.591667	0.5	11.289250
77.600000	0.5	11.356450
77.608333	0.5	11.427350
77.616667	0.5	11.485000
77.625000	0.5	11.544700
77.633333	0.5	11.592700
77.641667	0.5	11.651400
77.650000	0.5	11.684900
77.658333	0.5	11.727150
77.666667	0.5	11.762800
77.675000	0.5	11.787450
77.683333	0.5	11.821350
77.691667	0.5	11.845750
77.700000	0.5	11.874000
77.708333	0.5	11.884550
77.716667	0.5	11.897950
77.725000	0.5	11.903800
77.733333	0.5	11.911450
77.741667	0.5	11.904150
77.750000	0.5	11.903400
77.758333	0.5	11.903300
77.766667	0.5	11.891250
77.775000	0.5	11.874000
77.783333	0.5	11.854150
77.791667	0.5	11.826950
77.800000	0.5	11.801350
77.808333	0.5	11.773450
77.816667	0.5	11.739500
77.825000	0.5	11.713100
77.833333	0.5	11.674700
77.841667	0.5	11.633350
77.850000	0.5	11.594000
77.858333	0.5	11.549950
77.866667	0.5	11.500200
77.875000	0.5	11.451750
77.883333	0.5	11.390400
77.891667	0.5	11.339100
77.900000	0.5	11.278800
77.908333	0.5	11.244900
77.916667	0.5	11.161900
77.925000	0.5	11.104400
77.933333	0.5	11.036000
77.941667	0.5	10.992250
77.950000	0.5	10.926650
77.958333	0.5	10.865400
77.966667	0.5	10.799800
77.975000	0.5	10.733950
77.983333	0.5	10.674900
77.991667	0.5	10.615850
78.000000	0.5	10.556850
78.008333	0.5	10.512650
78.016667	0.5	10.451450
78.025000	0.5	10.404600
78.033333	0.5	10.354500
78.041667	0.5	10.301100
78.050000	0.5	10.262600
78.058333	0.5	10.214900
78.066667	0.5	10.177850
78.075000	0.5	10.136750
78.083333	0.5	10.093600
78.091667	0.5	10.062800
78.100000	0.5	10.022200
78.108333	0.5	9.999850
78.116667	0.5	9.971250
78.125000	0.5	9.937700
78.133333	0.5	9.914750
78.141667	0.5	9.888700
78.150000	0.5	9.865900
78.158333	0.5	9.845750
78.166667	0.5	9.818250
78.175000	0.5	9.798250
78.183333	0.5	9.778750
78.191667	0.5	9.765150
78.200000	0.5	9.749300
78.208333	0.5	9.723150
78.216667	0.5	9.712850
78.225000	0.5	9.693650
78.233333	0.5	9.682950
78.241667	0.5	9.666250
78.250000	0.5	9.647350
78.258333	0.5	9.627450
78.266667	0.5	9.602800
78.275000	0.5	9.590750
78.283333	0.5	9.570400
78.291667	0.5	9.555050
78.300000	0.5	9.538700
78.308333	0.5	9.518750
78.316667	0.5	9.497800
78.325000	0.5	9.486250
78.333333	0.5	9.471500
78.341667	0.5	9.465700
78.350000	0.5	9.447550
78.358333	0.5	9.433950
78.366667	0.5	9.421450
78.375000	0.5	9.408500
78.383333	0.5	9.394250
78.391667	0.5	9.383000
78.400000	0.5	9.377550
78.408333	0.5	9.364000
78.416667	0.5	9.349350
78.425000	0.5	9.340400
78.433333	0.5	9.339250
78.441667	0.5	9.330400
78.450000	0.5	9.319100
78.458333	0.5	9.315350
78.466667	0.5	9.313800
78.475000	0.5	9.296000
78.483333	0.5	9.292800
78.491667	0.5	9.286600
78.500000	0.5	9.280650
78.508333	0.5	9.274750
78.516667	0.5	9.267450
78.525000	0.5	9.267350
78.533333	0.5	9.259750
78.541667	0.5	9.264400
78.550000	0.5	9.256400
78.558333	0.5	9.249000
78.566667	0.5	9.251950
78.575000	0.5	9.243650
78.583333	0.5	9.239200
78.591667	0.5	9.245550
78.600000	0.5	9.230450
78.608333	0.5	9.238100
78.616667	0.5	9.250900
78.625000	0.5	9.240600
78.633333	0.5	9.236900
78.641667	0.5	9.238200
78.650000	0.5	9.244850
78.658333	0.5	9.239100
78.666667	0.5	9.248350
78.675000	0.5	9.257600
78.683333	0.5	9.264900
78.691667	0.5	9.280850
78.700000	0.5	9.288200
78.708333	0.5	9.309600
78.716667	0.5	9.328000
78.725000	0.5	9.359500
78.733333	0.5	9.384800
78.741667	0.5	9.410700
78.750000	0.5	9.434650
78.758333	0.5	9.483450
78.766667	0.5	9.522650
78.775000	0.5	9.567650
78.783333	0.5	9.623000
78.791667	0.5	9.693100
78.800000	0.5	9.746150
78.808333	0.5	9.807550
78.816667	0.5	9.883250
78.825000	0.5	9.964750
78.833333	0.5	10.044600
78.841667	0.5	10.120050
78.850000	0.5	10.212450
78.858333	0.5	10.309700
78.866667	0.5	10.389850
78.875000	0.5	10.486050
78.883333	0.5	10.581200
78.891667	0.5	10.667550
78.900000	0.5	10.761850
78.908333	0.5	10.851850
78.916667	0.5	10.937600
78.925000	0.5	11.024850
78.933333	0.5	11.110700
78.941667	0.5	11.178250
78.950000	0.5	11.252150
78.958333	0.5	11.308250
78.966667	0.5	11.372100
78.975000	0.5	11.437550
78.983333	0.5	11.488700
78.991667	0.5	11.539050
79.000000	0.5	11.588850
79.008333	0.5	11.625200
79.016667	0.5	11.668500
79.025000	0.5	11.684950
79.033333	0.5	11.711800
79.041667	0.5	11.725850
79.050000	0.5	11.745250
79.058333	0.5	11.756550
79.066667	0.5	11.763050
79.075000	0.5	11.760800
79.083333	0.5	11.758900
79.091667	0.5	11.754150
79.100000	0.5	11.728950
79.108333	0.5	11.714900
79.116667	0.5	11.688600
79.125000	0.5	11.644550
79.133333	0.5	11.607700
79.141667	0.5	11.558150
79.150000	0.5	11.511450
79.158333	0.5	11.464950
79.166667	0.5	11.404000
79.175000	0.5	11.339350
79.183333	0.5	11.266850
79.191667	0.5	11.207450
79.200000	0.5	11.132100
79.208333	0.5	11.053150
79.216667	0.5	10.971900
79.225000	0.5	10.894950
79.233333	0.5	10.811900
79.241667	0.5	10.728600
79.250000	0.5	10.640900
79.258333	0.5	10.563300
79.266667	0.5	10.480300
79.275000	0.5	10.401050
79.283333	0.5	10.330000
79.291667	0.5	10.261250
79.300000	0.5	10.190300
79.308333	0.5	10.113100
79.316667	0.5	10.051900
79.325000	0.5	9.990050
79.333333	0.5	9.930100
79.341667	0.5	9.886450
79.350000	0.5	9.833050
79.358333	0.5	9.777550
79.366667	0.5	9.739650
79.375000	0.5	9.697400
79.383333	0.5	9.664750
79.391667	0.5	9.640050
79.400000	0.5	9.613600
79.408333	0.5	9.583450
79.416667	0.5	9.554750
79.425000	0.5	9.542250
79.433333	0.5	9.513900
79.441667	0.5	9.498400
79.450000	0.5	9.483250
79.458333	0.5	9.466100
79.466667	0.5	9.453300
79.475000	0.5	9.450300
79.483333	0.5	9.438300
79.491667	0.5	9.437000
79.500000	0.5	9.424450
79.508333	0.5	9.413350
79.516667	0.5	9.407650
79.525000	0.5	9.424400
79.533333	0.5	9.394750
79.541667	0.5	9.385100
79.550000	0.5	9.379700
79.558333	0.5	9.370650
79.566667	0.5	9.357050
79.575000	0.5	9.355500
79.583333	0.5	9.354200
79.591667	0.5	9.334400
79.600000	0.5	9.335950
79.608333	0.5	9.318150
79.616667	0.5	9.311400
79.625000	0.5	9.303500
79.633333	0.5	9.290000
79.641667	0.5	9.276950
79.650000	0.5	9.271200
79.658333	0.5	9.261050
79.666667	0.5	9.257650
79.675000	0.5	9.234550
79.683333	0.5	9.235550
79.691667	0.5	9.217950
79.700000	0.5	9.219450
79.708333	0.5	9.206300
79.716667	0.5	9.195750
79.725000	0.5	9.188500
79.733333	0.5	9.173950
79.741667	0.5	9.165900
79.750000	0.5	9.153650
79.758333	0.5	9.150000
79.766667	0.5	9.136700
79.775000	0.5	9.124900
79.783333	0.5	9.117500
79.791667	0.5	9.106100
79.800000	0.5	9.091250
79.808333	0.5	9.082350
79.816667	0.5	9.075200
79.825000	0.5	9.070150
79.833333	0.5	9.057100
79.841667	0.5	9.046150
79.850000	0.5	9.042050
79.858333	0.5	9.031550
79.866667	0.5	9.018450
79.875000	0.5	9.010300
79.883333	0.5	9.003250
79.891667	0.5	8.993750
79.900000	0.5	8.982050
79.908333	0.5	8.979850
79.916667	0.5	8.970850
79.925000	0.5	8.966200
79.933333	0.5	8.964100
79.941667	0.5	8.963600
79.950000	0.5	8.949750
79.958333	0.5	8.961200
79.966667	0.5	8.967850
79.975000	0.5	8.972550
79.983333	0.5	8.980400
79.991667	0.5	8.991350
80.000000	0.5	9.011750
80.008333	0.5	9.017100
80.016667	0.5	9.035600
80.025000	0.5	9.061050
80.033333	0.5	9.096550
80.041667	0.5	9.118500
80.050000	0.5	9.158600
80.058333	0.5	9.202100
80.066667	0.5	9.244650
80.075000	0.5	9.287800
80.083333	0.5	9.342050
80.091667	0.5	9.402050
80.100000	0.5	9.459850
80.108333	0.5	9.515950
80.116667	0.5	9.585650
80.125000	0.5	9.656250
80.133333	0.5	9.723400
80.141667	0.5	9.790600
80.150000	0.5	9.863250
80.158333	0.5	9.940700
80.166667	0.5	10.008250
80.175000	0.5	10.089000
80.183333	0.5	10.153350
80.191667	0.5	10.219050
80.200000	0.5	10.294250
80.208333	0.5	10.347450
80.216667	0.5	10.410100
80.225000	0.5	10.468550
80.233333	0.5	10.533550
80.241667	0.5	10.586650
80.250000	0.5	10.633350
80.258333	0.5	10.682900
80.266667	0.5	10.723000
80.275000	0.5	10.761900
80.283333	0.5	10.795250
80.291667	0.5	10.821750
80.300000	0.5	10.842350
80.308333	0.5	10.871100
80.316667	0.5	10.888050
80.325000	0.5	10.894750
80.333333	0.5	10.903150
80.341667	0.5	10.912450
80.350000	0.5	10.913500
80.358333	0.5	10.903100
80.366667	0.5	10.902450
80.375000	0.5	10.882000
80.383333	0.5	10.868350
80.391667	0.5	10.841300
80.400000	0.5	10.821100
80.408333	0.5	10.773000
80.416667	0.5	10.758950
80.425000	0.5	10.703200
80.433333	0.5	10.665500
80.441667	0.5	10.620400
80.450000	0.5	10.580300
80.458333	0.5	10.519450
80.466667	0.5	10.462850
80.475000	0.5	10.397500
80.483333	0.5	10.343450
80.491667	0.5	10.279200
80.500000	0.5	10.217550
80.508333	0.5	10.150900
80.516667	0.5	10.088650
80.525000	0.5	10.019450
80.533333	0.5	9.950050
80.541667	0.5	9.893900
80.550000	0.5	9.830550
80.558333	0.5	9.763850
80.566667	0.5	9.713350
80.575000	0.5	9.661400
80.583333	0.5	9.606700
80.591667	0.5	9.549050
80.600000	0.5	9.509850
80.608333	0.5	9.469950
80.616667	0.5	9.413150
80.625000	0.5	9.374250
80.633333	0.5	9.347150
80.641667	0.5	9.312350
80.650000	0.5	9.287650
80.658333	0.5	9.259350
80.666667	0.5	9.230600
80.675000	0.5	9.210550
80.683333	0.5	9.193050
80.691667	0.5	9.173000
80.700000	0.5	9.151000
80.708333	0.5	9.138700
80.716667	0.5	9.126350
80.725000	0.5	9.122300
80.733333	0.5	9.118950
80.741667	0.5	9.097350
80.750000	0.5	9.085650
80.758333	0.5	9.085950
80.766667	0.5	9.072400
80.775000	0.5	9.071000
80.783333	0.5	9.061850
80.791667	0.5	9.058150
80.800000	0.5	9.050750
80.808333	0.5	9.041550
80.816667	0.5	9.040000
80.825000	0.5	9.034600
80.833333	0.5	9.029300
80.841667	0.5	9.016450
80.850000	0.5	9.016850
80.858333	0.5	9.004750
80.866667	0.5	9.000350
80.875000	0.5	8.988750
80.883333	0.5	8.989400
80.891667	0.5	8.986300
80.900000	0.5	8.983000
80.908333	0.5	8.974150
80.916667	0.5	8.962800
80.925000	0.5	8.958800
80.933333	0.5	8.953300
80.941667	0.5	8.947750
80.950000	0.5	8.941350
80.958333	0.5	8.938250
80.966667	0.5	8.930000
80.975000	0.5	8.924100
80.983333	0.5	8.921450
80.991667	0.5	8.914450
81.000000	0.5	8.903950
81.008333	0.5	8.901600
81.016667	0.5	8.900600
81.025000	0.5	8.894650
81.033333	0.5	8.895850
81.041667	0.5	8.889050
81.050000	0.5	8.880850
81.058333	0.5	8.883200
81.066667	0.5	8.873500
81.075000	0.5	8.871100
81.083333	0.5	8.867950
81.091667	0.5	8.868050
81.100000	0.5	8.878250
81.108333	0.5	8.869100
81.116667	0.5	8.881350
81.125000	0.5	8.881250
81.133333	0.5	8.881950
81.141667	0.5	8.882000
81.150000	0.5	8.877600
81.158333	0.5	8.889350
81.166667	0.5	8.901950
81.175000	0.5	8.915400
81.183333	0.5	8.914150
81.191667	0.5	8.930900
81.200000	0.5	8.964050
81.208333	0.5	8.972950
81.216667	0.5	8.995750
81.225000	0.5	9.023200
81.233333	0.5	9.047650
81.241667	0.5	9.071950
81.250000	0.5	9.114000
81.258333	0.5	9.150750
81.266667	0.5	9.186550
81.275000	0.5	9.233500
81.283333	0.5	9.285150
81.291667	0.5	9.339600
81.300000	0.5	9.408600
81.308333	0.5	9.448100
81.316667	0.5	9.522650
81.325000	0.5	9.588750
81.333333	0.5	9.661450
81.341667	0.5	9.727400
81.350000	0.5	9.815700
81.358333	0.5	9.875850
81.366667	0.5	9.944900
81.375000	0.5	10.025350
81.383333	0.5	10.097000
81.391667	0.5	10.186050
81.400000	0.5	10.247350
81.408333	0.5	10.316800
81.416667	0.5	10.381650
81.425000	0.5	10.453000
81.433333	0.5	10.519000
81.441667	0.5	10.573350
81.450000	0.5	10.633950
81.458333	0.5	10.681650
81.466667	0.5	10.732100
81.475000	0.5	10.784150
81.483333	0.5	10.829800
81.491667	0.5	10.871000
81.500000	0.5	10.905000
81.508333	0.5	10.933350
81.516667	0.5	10.956000
81.525000	0.5	10.971500
81.533333	0.5	10.998200
81.541667	0.5	11.005400
81.550000	0.5	11.018800
81.558333	0.5	11.026950
81.566667	0.5	11.030400
81.575000	0.5	11.019750
81.583333	0.5	11.013150
81.591667	0.5	11.010700
81.600000	0.5	11.002300
81.608333	0.5	10.980700
81.616667	0.5	10.955450
81.625000	0.5	10.920700
81.633333	0.5	10.893050
81.641667	0.5	10.857950
81.650000	0.5	10.821700
81.658333	0.5	10.773300
81.666667	0.5	10.733200
81.675000	0.5	10.685800
81.683333	0.5	10.633650
81.691667	0.5	10.588200
81.700000	0.5	10.531900
81.708333	0.5	10.474300
81.716667	0.5	10.416200
81.725000	0.5	10.353800
81.733333	0.5	10.298950
81.741667	0.5	10.237850
81.750000	0.5	10.184800
81.758333	0.5	10.133650
81.766667	0.5	10.069900
81.775000	0.5	10.021450
81.783333	0.5	9.974900
81.791667	0.5	9.911000
81.800000	0.5	9.858300
81.808333	0.5	9.808300
81.816667	0.5	9.757100
81.825000	0.5	9.713500
81.833333	0.5	9.667450
81.841667	0.5	9.637200
81.850000	0.5	9.589200
81.858333	0.5	9.556400
81.866667	0.5	9.526100
81.875000	0.5	9.494650
81.883333	0.5	9.466150
81.891667	0.5	9.434600
81.900000	0.5	9.417850
81.908333	0.5	9.392000
81.916667	0.5	9.375700
81.925000	0.5	9.346900
81.933333	0.5	9.327550
81.941667	0.5	9.320350
81.950000	0.5	9.309350
81.958333	0.5	9.280850
81.966667	0.5	9.273800
81.975000	0.5	9.264600
81.983333	0.5	9.248800
81.991667	0.5	9.243350
82.000000	0.5	9.230350
82.008333	0.5	9.221000
82.016667	0.5	9.216600
82.025000	0.5	9.208900
82.033333	0.5	9.198300
82.041667	0.5	9.192750
82.050000	0.5	9.186700
82.058333	0.5	9.180550
82.066667	0.5	9.175350
82.075000	0.5	9.175100
82.083333	0.5	9.167700
82.091667	0.5	9.155750
82.100000	0.5	9.151300
82.108333	0.5	9.141400
82.116667	0.5	9.136250
82.125000	0.5	9.126600
82.133333	0.5	9.117950
82.141667	0.5	9.117950
82.150000	0.5	9.109700
82.158333	0.5	9.106150
82.166667	0.5	9.098100
82.175000	0.5	9.088450
82.183333	0.5	9.078050
82.191667	0.5	9.074750
82.200000	0.5	9.074100
82.208333	0.5	9.064800
82.216667	0.5	9.056800
82.225000	0.5	9.064300
82.233333	0.5	9.058000
82.241667	0.5	9.052550
82.250000	0.5	9.047100
82.258333	0.5	9.048700
82.266667	0.5	9.049000
82.275000	0.5	9.032650
82.283333	0.5	9.033850
82.291667	0.5	9.024400
82.300000	0.5	9.036000
82.308333	0.5	9.038350
82.316667	0.5	9.034400
82.325000	0.5	9.037400
82.333333	0.5	9.045300
82.341667	0.5	9.051400
82.350000	0.5	9.062000
82.358333	0.5	9.074850
82.366667	0.5	9.086900
82.375000	0.5	9.106350
82.383333	0.5	9.119700
82.391667	0.5	9.146850
82.400000	0.5	9.165900
82.408333	0.5	9.201050
82.416667	0.5	9.222600
82.425000	0.5	9.258600
82.433333	0.5	9.296950
82.441667	0.5	9.334800
82.450000	0.5	9.384450
82.458333	0.5	9.434650
82.466667	0.5	9.474900
82.475000	0.5	9.533250
82.483333	0.5	9.580600
82.491667	0.5	9.637200
82.500000	0.5	9.707400
82.508333	0.5	9.762500
82.516667	0.5	9.819850
82.525000	0.5	9.899550
82.533333	0.5	9.959400
82.541667	0.5	10.040700
82.550000	0.5	10.101900
82.558333	0.5	10.163700
82.566667	0.5	10.225600
82.575000	0.5	10.291050
82.583333	0.5	10.352950
82.591667	0.5	10.415800
82.600000	0.5	10.472850
82.608333	0.5	10.528500
82.616667	0.5	10.591650
82.625000	0.5	10.629050
82.633333	0.5	10.682650
82.641667	0.5	10.729650
82.650000	0.5	10.769550
82.658333	0.5	10.803950
82.666667	0.5	10.830550
82.675000	0.5	10.870350
82.683333	0.5	10.893450
82.691667	0.5	10.918100
82.700000	0.5	10.927750
82.708333	0.5	10.945950
82.716667	0.5	10.965150
82.725000	0.5	10.970650
82.733333	0.5	10.972100
82.741667	0.5	10.980250
82.750000	0.5	10.975000
82.758333	0.5	10.964800
82.766667	0.5	10.954800
82.775000	0.5	10.948050
82.783333	0.5	10.930450
82.791667	0.5	10.916650
82.800000	0.5	10.898050
82.808333	0.5	10.870100
82.816667	0.5	10.843300
82.825000	0.5	10.819400
82.833333	0.5	10.785000
82.841667	0.5	10.754400
82.850000	0.5	10.722850
82.858333	0.5	10.680500
82.866667	0.5	10.641900
82.875000	0.5	10.602350
82.883333	0.5	10.560750
82.891667	0.5	10.509250
82.900000	0.5	10.473150
82.908333	0.5	10.425700
82.916667	0.5	10.377900
82.925000	0.5	10.340600
82.933333	0.5	10.310100
82.941667	0.5	10.246800
82.950000	0.5	10.204650
82.958333	0.5	10.162400
82.966667	0.5	10.114900
82.975000	0.5	10.073300
82.983333	0.5	10.028350
82.991667	0.5	9.977100
83.000000	0.5	9.943800
83.008333	0.5	9.893450
83.016667	0.5	9.863500
83.025000	0.5	9.827500
83.033333	0.5	9.782900
83.041667	0.5	9.756200
83.050000	0.5	9.722800
83.058333	0.5	9.683200
83.066667	0.5	9.660800
83.075000	0.5	9.630400
83.083333	0.5	9.609950
83.091667	0.5	9.577750
83.100000	0.5	9.542350
83.108333	0.5	9.518850
83.116667	0.5	9.502900
83.125000	0.5	9.475750
83.133333	0.5	9.455100
83.141667	0.5	9.441150
83.150000	0.5	9.426950
83.158333	0.5	9.411900
83.166667	0.5	9.383700
83.175000	0.5	9.374000
83.183333	0.5	9.355900
83.191667	0.5	9.350100
83.200000	0.5	9.337950
83.208333	0.5	9.321700
83.216667	0.5	9.318900
83.225000	0.5	9.295750
83.233333	0.5	9.287300
83.241667	0.5	9.280350
83.250000	0.5	9.271800
83.258333	0.5	9.262600
83.266667	0.5	9.246350
83.275000	0.5	9.235850
83.283333	0.5	9.230000
83.291667	0.5	9.216200
83.300000	0.5	9.206650
83.308333	0.5	9.200400
83.316667	0.5	9.196500
83.325000	0.5	9.194900
83.333333	0.5	9.187600
83.341667	0.5	9.181650
83.350000	0.5	9.163050
83.358333	0.5	9.163250
83.366667	0.5	9.157900
83.375000	0.5	9.151700
83.383333	0.5	9.148500
83.391667	0.5	9.139700
83.400000	0.5	9.144000
83.408333	0.5	9.145700
83.416667	0.5	9.136750
83.425000	0.5	9.129950
83.433333	0.5	9.134800
83.441667	0.5	9.129650
83.450000	0.5	9.127000
83.458333	0.5	9.139600
83.466667	0.5	9.133550
83.475000	0.5	9.133100
83.483333	0.5	9.146700
83.491667	0.5	9.147550
83.500000	0.5	9.166550
83.508333	0.5	9.175150
83.516667	0.5	9.188950
83.525000	0.5	9.201050
83.533333	0.5	9.215400
83.541667	0.5	9.237800
83.550000	0.5	9.262300
83.558333	0.5	9.293850
83.566667	0.5	9.313200
83.575000	0.5	9.355100
83.583333	0.5	9.381800
83.591667	0.5	9.411450
83.600000	0.5	9.464600
83.608333	0.5	9.499400
83.616667	0.5	9.541700
83.625000	0.5	9.585250
83.633333	0.5	9.635350
83.641667	0.5	9.693700
83.650000	0.5	9.745700
83.658333	0.5	9.792500
83.666667	0.5	9.845250
83.675000	0.5	9.896450
83.683333	0.5	9.948350
83.691667	0.5	10.006000
83.700000	0.5	10.046950
83.708333	0.5	10.100600
83.716667	0.5	10.151500
83.725000	0.5	10.187100
83.733333	0.5	10.239050
83.741667	0.5	10.281350
83.750000	0.5	10.307350
83.758333	0.5	10.353350
83.766667	0.5	10.372400
83.775000	0.5	10.400550
83.783333	0.5	10.434950
83.791667	0.5	10.453300
83.800000	0.5	10.467700
83.808333	0.5	10.482550
83.816667	0.5	10.487850
83.825000	0.5	10.503850
83.833333	0.5	10.498750
83.841667	0.5	10.509250
83.850000	0.5	10.497200
83.858333	0.5	10.488850
83.866667	0.5	10.486050
83.875000	0.5	10.472500
83.883333	0.5	10.454450
83.891667	0.5	10.436750
83.900000	0.5	10.422700
83.908333	0.5	10.393400
83.916667	0.5	10.368500
83.925000	0.5	10.330700
83.933333	0.5	10.302050
83.941667	0.5	10.278250
83.950000	0.5	10.246400
83.958333	0.5	10.217950
83.966667	0.5	10.167300
83.975000	0.5	10.134200
83.983333	0.5	10.098000
83.991667	0.5	10.046950
84.000000	0.5	10.012750
84.008333	0.5	9.972750
84.016667	0.5	9.908400
84.025000	0.5	9.880300
84.033333	0.5	9.842150
84.041667	0.5	9.788450
84.050000	0.5	9.746950
84.058333	0.5	9.701800
84.066667	0.5	9.656300
84.075000	0.5	9.612300
84.083333	0.5	9.571900
84.091667	0.5	9.527200
84.100000	0.5	9.479300
84.108333	0.5	9.445950
84.116667	0.5	9.396800
84.125000	0.5	9.363100
84.133333	0.5	9.319500
84.141667	0.5	9.268450
84.150000	0.5	9.236400
84.158333	0.5	9.188300
84.166667	0.5	9.157700
84.175000	0.5	9.126250
84.183333	0.5	9.089550
84.191667	0.5	9.054750
84.200000	0.5	9.018350
84.208333	0.5	8.982350
84.216667	0.5	8.955850
84.225000	0.5	8.922500
84.233333	0.5	8.893900
84.241667	0.5	8.878800
84.250000	0.5	8.838700
84.258333	0.5	8.817850
84.266667	0.5	8.801850
84.275000	0.5	8.770600
84.283333	0.5	8.749950
84.291667	0.5	8.733450
84.300000	0.5	8.722100
84.308333	0.5	8.691450
84.316667	0.5	8.671050
84.325000	0.5	8.661250
84.333333	0.5	8.637350
84.341667	0.5	8.649450
84.350000	0.5	8.626650
84.358333	0.5	8.615500
84.366667	0.5	8.600350
84.375000	0.5	8.609200
84.383333	0.5	8.590000
84.391667	0.5	8.589950
84.400000	0.5	8.578450
84.408333	0.5	8.578600
84.416667	0.5	8.580450
84.425000	0.5	8.575150
84.433333	0.5	8.582800
84.441667	0.5	8.583900
84.450000	0.5	8.568350
84.458333	0.5	8.570600
84.466667	0.5	8.577650
84.475000	0.5	8.587050
84.483333	0.5	8.594750
84.491667	0.5	8.593050
84.500000	0.5	8.613000
84.508333	0.5	8.619650
84.516667	0.5	8.635700
84.525000	0.5	8.641350
84.533333	0.5	8.648550
84.541667	0.5	8.661150
84.550000	0.5	8.677800
84.558333	0.5	8.693900
84.566667	0.5	8.707000
84.575000	0.5	8.745100
84.583333	0.5	8.762400
84.591667	0.5	8.777650
84.600000	0.5	8.803250
84.608333	0.5	8.827000
84.616667	0.5	8.859250
84.625000	0.5	8.887200
84.633333	0.5	8.930350
84.641667	0.5	8.969200
84.650000	0.5	9.005250
84.658333	0.5	9.052050
84.666667	0.5	9.097100
84.675000	0.5	9.142100
84.683333	0.5	9.195600
84.691667	0.5	9.253850
84.700000	0.5	9.296200
84.708333	0.5	9.351900
84.716667	0.5	9.409100
84.725000	0.5	9.462700
84.733333	0.5	9.524800
84.741667	0.5	9.581200
84.750000	0.5	9.646700
84.758333	0.5	9.710450
84.766667	0.5	9.769700
84.775000	0.5	9.825950
84.783333	0.5	9.883550
84.791667	0.5	9.947550
84.800000	0.5	9.985450
84.808333	0.5	10.043550
84.816667	0.5	10.100050
84.825000	0.5	10.135650
84.833333	0.5	10.183600
84.841667	0.5	10.224950
84.850000	0.5	10.264550
84.858333	0.5	10.294050
84.866667	0.5	10.317050
84.875000	0.5	10.349250
84.883333	0.5	10.367500
84.891667	0.5	10.382200
84.900000	0.5	10.403800
84.908333	0.5	10.409050
84.916667	0.5	10.413350
84.925000	0.5	10.406050
84.933333	0.5	10.409000
84.941667	0.5	10.398150
84.950000	0.5	10.384150
84.958333	0.5	10.372900
84.966667	0.5	10.358150
84.975000	0.5	10.346200
84.983333	0.5	10.307450
84.991667	0.5	10.291000
85.000000	0.5	10.261050
85.008333	0.5	10.241950
85.016667	0.5	10.211600
85.025000	0.5	10.183550
85.033333	0.5	10.149950
85.041667	0.5	10.109550
85.050000	0.5	10.081200
85.058333	0.5	10.046950
85.066667	0.5	10.009400
85.075000	0.5	9.983400
85.083333	0.5	9.947200
85.091667	0.5	9.921500
85.100000	0.5	9.880750
85.108333	0.5	9.861450
85.116667	0.5	9.818650
85.125000	0.5	9.783900
85.133333	0.5	9.755850
85.141667	0.5	9.739150
85.150000	0.5	9.708750
85.158333	0.5	9.680650
85.166667	0.5	9.646200
85.175000	0.5	9.620550
85.183333	0.5	9.599850
85.191667	0.5	9.572650
85.200000	0.5	9.548350
85.208333	0.5	9.528350
85.216667	0.5	9.501650
85.225000	0.5	9.488000
85.233333	0.5	9.452200
85.241667	0.5	9.435850
85.250000	0.5	9.405000
85.258333	0.5	9.385050
85.266667	0.5	9.366650
85.275000	0.5	9.344700
85.283333	0.5	9.326700
85.291667	0.5	9.305750
85.300000	0.5	9.284250
85.308333	0.5	9.262400
85.316667	0.5	9.251050
85.325000	0.5	9.219300
85.333333	0.5	9.212200
85.341667	0.5	9.195650
85.350000	0.5	9.175250
85.358333	0.5	9.167250
85.366667	0.5	9.150600
85.375000	0.5	9.137550
85.383333	0.5	9.125700
85.391667	0.5	9.110350
85.400000	0.5	9.097100
85.408333	0.5	9.084450
85.416667	0.5	9.081150
85.425000	0.5	9.064500
85.433333	0.5	9.061050
85.441667	0.5	9.056950
85.450000	0.5	9.051950
85.458333	0.5	9.041700
85.466667	0.5	9.043700
85.475000	0.5	9.043200
85.483333	0.5	9.030750
85.491667	0.5	9.036950
85.500000	0.5	9.033950
85.508333	0.5	9.040400
85.516667	0.5	9.034750
85.525000	0.5	9.038600
85.533333	0.5	9.045350
85.541667	0.5	9.038950
85.550000	0.5	9.044750
85.558333	0.5	9.054850
85.566667	0.5	9.060150
85.575000	0.5	9.063950
85.583333	0.5	9.074250
85.591667	0.5	9.090400
85.600000	0.5	9.106000
85.608333	0.5	9.116300
85.616667	0.5	9.126450
85.625000	0.5	9.143000
85.633333	0.5	9.162350
85.641667	0.5	9.185650
85.650000	0.5	9.198650
85.658333	0.5	9.219350
85.666667	0.5	9.237550
85.675000	0.5	9.267550
85.683333	0.5	9.290300
85.691667	0.5	9.316550
85.700000	0.5	9.349600
85.708333	0.5	9.380400
85.716667	0.5	9.413250
85.725000	0.5	9.452300
85.733333	0.5	9.486600
85.741667	0.5	9.525850
85.750000	0.5	9.572650
85.758333	0.5	9.620150
85.766667	0.5	9.659950
85.775000	0.5	9.704200
85.783333	0.5	9.751350
85.791667	0.5	9.795600
85.800000	0.5	9.842450
85.808333	0.5	9.889500
85.816667	0.5	9.932650
85.825000	0.5	9.973950
85.833333	0.5	10.016450
85.841667	0.5	10.059750
85.850000	0.5	10.087650
85.858333	0.5	10.130400
85.866667	0.5	10.166950
85.875000	0.5	10.198350
85.883333	0.5	10.215700
85.891667	0.5	10.239950
85.900000	0.5	10.262850
85.908333	0.5	10.277300
85.916667	0.5	10.287150
85.925000	0.5	10.295600
85.933333	0.5	10.303550
85.941667	0.5	10.300500
85.950000	0.5	10.295600
85.958333	0.5	10.290250
85.966667	0.5	10.279550
85.975000	0.5	10.267250
85.983333	0.5	10.259050
85.991667	0.5	10.240250
86.000000	0.5	10.218500
86.008333	0.5	10.204000
86.016667	0.5	10.176350
86.025000	0.5	10.151700
86.033333	0.5	10.123600
86.041667	0.5	10.095350
86.050000	0.5	10.059950
86.058333	0.5	10.026450
86.066667	0.5	9.999950
86.075000	0.5	9.961200
86.083333	0.5	9.930950
86.091667	0.5	9.899450
86.100000	0.5	9.860500
86.108333	0.5	9.835150
86.116667	0.5	9.811000
86.125000	0.5	9.776250
86.133333	0.5	9.731500
86.141667	0.5	9.705050
86.150000	0.5	9.677200
86.158333	0.5	9.645950
86.166667	0.5	9.609200
86.175000	0.5	9.586900
86.183333	0.5	9.562200
86.191667	0.5	9.531350
86.200000	0.5	9.507950
86.208333	0.5	9.469700
86.216667	0.5	9.439200
86.225000	0.5	9.427400
86.233333	0.5	9.391100
86.241667	0.5	9.369600
86.250000	0.5	9.345800
86.258333	0.5	9.311400
86.266667	0.5	9.276500
86.275000	0.5	9.251200
86.283333	0.5	9.235050
86.291667	0.5	9.200400
86.300000	0.5	9.176000
86.308333	0.5	9.143350
86.316667	0.5	9.117900
86.325000	0.5	9.074850
86.333333	0.5	9.048200
86.341667	0.5	9.026000
86.350000	0.5	9.003000
86.358333	0.5	8.969550
86.366667	0.5	8.936600
86.375000	0.5	8.908400
86.383333	0.5	8.887750
86.391667	0.5	8.860600
86.400000	0.5	8.828900
86.408333	0.5	8.799700
86.416667	0.5	8.771900
86.425000	0.5	8.760050
86.433333	0.5	8.725800
86.441667	0.5	8.716800
86.450000	0.5	8.691650
86.458333	0.5	8.661700
86.466667	0.5	8.657700
86.475000	0.5	8.650550
86.483333	0.5	8.626850
86.491667	0.5	8.611900
86.500000	0.5	8.590900
86.508333	0.5	8.578850
86.516667	0.5	8.570350
86.525000	0.5	8.565350
86.533333	0.5	8.566650
86.541667	0.5	8.562050
86.550000	0.5	8.555550
86.558333	0.5	8.560600
86.566667	0.5	8.560250
86.575000	0.5	8.568800
86.583333	0.5	8.563400
86.591667	0.5	8.575000
86.600000	0.5	8.587100
86.608333	0.5	8.608850
86.616667	0.5	8.614550
86.625000	0.5	8.630500
86.633333	0.5	8.639450
86.641667	0.5	8.659900
86.650000	0.5	8.674600
86.658333	0.5	8.703600
86.666667	0.5	8.734350
86.675000	0.5	8.763600
86.683333	0.5	8.791750
86.691667	0.5	8.829000
86.700000	0.5	8.864800
86.708333	0.5	8.908750
86.716667	0.5	8.949100
86.725000	0.5	8.991400
86.733333	0.5	9.044050
86.741667	0.5	9.089750
86.750000	0.5	9.147250
86.758333	0.5	9.203200
86.766667	0.5	9.256950
86.775000	0.5	9.330050
86.783333	0.5	9.378000
86.791667	0.5	9.444900
86.800000	0.5	9.512200
86.808333	0.5	9.566000
86.816667	0.5	9.631200
86.825000	0.5	9.692450
86.833333	0.5	9.758450
86.841667	0.5	9.829950
86.850000	0.5	9.898500
86.858333	0.5	9.953850
86.866667	0.5	10.015200
86.875000	0.5	10.074900
86.883333	0.5	10.127550
86.891667	0.5	10.187950
86.900000	0.5	10.236000
86.908333	0.5	10.281500
86.916667	0.5	10.332350
86.925000	0.5	10.370950
86.933333	0.5	10.410450
86.941667	0.5	10.446700
86.950000	0.5	10.481000
86.958333	0.5	10.514450
86.966667	0.5	10.532800
86.975000	0.5	10.549400
86.983333	0.5	10.570500
86.991667	0.5	10.586650
87.000000	0.5	10.586700
87.008333	0.5	10.602350
87.016667	0.5	10.601950
87.025000	0.5	10.607200
87.033333	0.5	10.607100
87.041667	0.5	10.606150
87.050000	0.5	10.596800
87.058333	0.5	10.592100
87.066667	0.5	10.577450
87.075000	0.5	10.559950
87.083333	0.5	10.548750
87.091667	0.5	10.536250
87.100000	0.5	10.518400
87.108333	0.5	10.504700
87.116667	0.5	10.499250
87.125000	0.5	10.471350
87.133333	0.5	10.460750
87.141667	0.5	10.453400
87.150000	0.5	10.431550
87.158333	0.5	10.412500
87.166667	0.5	10.401650
87.175000	0.5	10.381650
87.183333	0.5	10.363200
87.191667	0.5	10.346250
87.200000	0.5	10.326400
87.208333	0.5	10.324200
87.216667	0.5	10.298050
87.225000	0.5	10.286700
87.233333	0.5	10.279150
87.241667	0.5	10.263050
87.250000	0.5	10.250850
87.258333	0.5	10.233800
87.266667	0.5	10.218300
87.275000	0.5	10.204100
87.283333	0.5	10.192950
87.291667	0.5	10.179000
87.300000	0.5	10.153850
87.308333	0.5	10.141850
87.316667	0.5	10.123200
87.325000	0.5	10.104450
87.333333	0.5	10.085400
87.341667	0.5	10.072350
87.350000	0.5	10.049700
87.358333	0.5	10.030700
87.366667	0.5	10.011800
87.375000	0.5	9.980800
87.383333	0.5	9.963450
87.391667	0.5	9.947950
87.400000	0.5	9.925800
87.408333	0.5	9.902300
87.416667	0.5	9.874200
87.425000	0.5	9.853150
87.433333	0.5	9.833500
87.441667	0.5	9.808900
87.450000	0.5	9.788200
87.458333	0.5	9.762500
87.466667	0.5	9.737450
87.475000	0.5	9.715800
87.483333	0.5	9.702500
87.491667	0.5	9.677050
87.500000	0.5	9.662250
87.508333	0.5	9.638500
87.516667	0.5	9.617100
87.525000	0.5	9.599550
87.533333	0.5	9.588950
87.541667	0.5	9.561600
87.550000	0.5	9.545750
87.558333	0.5	9.526650
87.566667	0.5	9.528150
87.575000	0.5	9.503050
87.583333	0.5	9.489500
87.591667	0.5	9.481150
87.600000	0.5	9.470250
87.608333	0.5	9.459000
87.616667	0.5	9.456100
87.625000	0.5	9.458900
87.633333	0.5	9.444900
87.641667	0.5	9.449550
87.650000	0.5	9.445300
87.658333	0.5	9.448900
87.666667	0.5	9.456150
87.675000	0.5	9.464700
87.683333	0.5	9.466400
87.691667	0.5	9.477900
87.700000	0.5	9.485800
87.708333	0.5	9.507300
87.716667	0.5	9.517200
87.725000	0.5	9.532350
87.733333	0.5	9.551250
87.741667	0.5	9.570550
87.750000	0.5	9.586900
87.758333	0.5	9.614850
87.766667	0.5	9.634250
87.775000	0.5	9.653950
87.783333	0.5	9.667050
87.791667	0.5	9.688950
87.800000	0.5	9.712200
87.808333	0.5	9.737850
87.816667	0.5	9.760900
87.825000	0.5	9.772150
87.833333	0.5	9.784350
87.841667	0.5	9.805750
87.850000	0.5	9.815600
87.858333	0.5	9.829450
87.866667	0.5	9.834400
87.875000	0.5	9.847350
87.883333	0.5	9.858150
87.891667	0.5	9.847700
87.900000	0.5	9.854750
87.908333	0.5	9.851250
87.916667	0.5	9.849200
87.925000	0.5	9.843850
87.933333	0.5	9.821200
87.941667	0.5	9.811300
87.950000	0.5	9.804350
87.958333	0.5	9.782300
87.966667	0.5	9.754850
87.975000	0.5	9.747050
87.983333	0.5	9.728250
87.991667	0.5	9.702100
88.000000	0.5	9.675850
88.008333	0.5	9.652900
88.016667	0.5	9.619200
88.025000	0.5	9.599100
88.033333	0.5	9.562700
88.041667	0.5	9.534950
88.050000	0.5	9.507700
88.058333	0.5	9.476500
88.066667	0.5	9.460400
88.075000	0.5	9.422700
88.083333	0.5	9.391750
88.091667	0.5	9.376900
88.100000	0.5	9.339750
88.108333	0.5	9.320950
88.116667	0.5	9.295300
88.125000	0.5	9.273900
88.133333	0.5	9.243550
88.141667	0.5	9.228500
88.150000	0.5	9.198900
88.158333	0.5	9.184900
88.166667	0.5	9.165950
88.175000	0.5	9.147500
88.183333	0.5	9.124550
88.191667	0.5	9.125550
88.200000	0.5	9.119500
88.208333	0.5	9.098800
88.216667	0.5	9.090500
88.225000	0.5	9.076100
88.233333	0.5	9.061900
88.241667	0.5	9.062650
88.250000	0.5	9.045250
88.258333	0.5	9.037950
88.266667	0.5	9.038500
88.275000	0.5	9.021100
88.283333	0.5	9.017550
88.291667	0.5	9.009500
88.300000	0.5	9.005800
88.308333	0.5	8.995350
88.316667	0.5	8.982450
88.325000	0.5	8.965650
88.333333	0.5	8.959750
88.341667	0.5	8.952800
88.350000	0.5	8.938500
88.358333	0.5	8.928350
88.366667	0.5	8.909550
88.375000	0.5	8.909800
88.383333	0.5	8.889950
88.391667	0.5	8.883450
88.400000	0.5	8.868050
88.408333	0.5	8.852200
88.416667	0.5	8.840400
88.425000	0.5	8.837550
88.433333	0.5	8.808400
88.441667	0.5	8.799750
88.450000	0.5	8.783150
88.458333	0.5	8.781700
88.466667	0.5	8.762650
88.475000	0.5	8.767750
88.483333	0.5	8.748750
88.491667	0.5	8.743850
88.500000	0.5	8.739550
88.508333	0.5	8.729550
88.516667	0.5	8.731650
88.525000	0.5	8.727100
88.533333	0.5	8.719250
88.541667	0.5	8.724800
88.550000	0.5	8.722950
88.558333	0.5	8.725950
88.566667	0.5	8.732850
88.575000	0.5	8.734250
88.583333	0.5	8.745050
88.591667	0.5	8.755550
88.600000	0.5	8.765150
88.608333	0.5	8.781550
88.616667	0.5	8.795400
88.625000	0.5	8.815350
88.633333	0.5	8.834700
88.641667	0.5	8.850050
88.650000	0.5	8.880400
88.658333	0.5	8.897700
88.666667	0.5	8.925550
88.675000	0.5	8.958900
88.683333	0.5	8.987200
88.691667	0.5	9.013250
88.700000	0.5	9.047000
88.708333	0.5	9.081200
88.716667	0.5	9.115100
88.725000	0.5	9.139200
88.733333	0.5	9.175500
88.741667	0.5	9.213350
88.750000	0.5	9.249050
88.758333	0.5	9.277800
88.766667	0.5	9.324800
88.775000	0.5	9.356300
88.783333	0.5	9.390150
88.791667	0.5	9.420450
88.800000	0.5	9.443100
88.808333	0.5	9.473750
88.816667	0.5	9.506100
88.825000	0.5	9.520150
88.833333	0.5	9.538050
88.841667	0.5	9.562850
88.850000	0.5	9.580450
88.858333	0.5	9.598200
88.866667	0.5	9.621400
88.875000	0.5	9.629050
88.883333	0.5	9.623950
88.891667	0.5	9.624500
88.900000	0.5	9.630050
88.908333	0.5	9.629950
88.916667	0.5	9.626450
88.925000	0.5	9.619550
88.933333	0.5	9.615100
88.941667	0.5	9.621550
88.950000	0.5	9.593300
88.958333	0.5	9.580350
88.966667	0.5	9.575350
88.975000	0.5	9.545950
88.983333	0.5	9.527750
88.991667	0.5	9.510000
89.000000	0.5	9.488250
89.008333	0.5	9.470900
89.016667	0.5	9.460650
89.025000	0.5	9.441950
89.033333	0.5	9.423750
89.041667	0.5	9.404050
89.050000	0.5	9.386400
89.058333	0.5	9.384150
89.066667	0.5	9.367900
89.075000	0.5	9.342500
89.083333	0.5	9.332100
89.091667	0.5	9.323100
89.100000	0.5	9.314900
89.108333	0.5	9.311400
89.116667	0.5	9.307450
89.125000	0.5	9.298900
89.133333	0.5	9.292600
89.141667	0.5	9.298400
89.150000	0.5	9.291050
89.158333	0.5	9.291350
89.166667	0.5	9.292000
89.175000	0.5	9.307200
89.183333	0.5	9.302150
89.191667	0.5	9.305800
89.200000	0.5	9.309500
89.208333	0.5	9.309300
89.216667	0.5	9.315750
89.225000	0.5	9.325950
89.233333	0.5	9.324200
89.241667	0.5	9.343450
89.250000	0.5	9.351800
89.258333	0.5	9.363250
89.266667	0.5	9.370400
89.275000	0.5	9.371950
89.283333	0.5	9.384350
89.291667	0.5	9.391750
89.300000	0.5	9.396500
89.308333	0.5	9.401150
89.316667	0.5	9.410500
89.325000	0.5	9.411750
89.333333	0.5	9.427200
89.341667	0.5	9.433350
89.350000	0.5	9.442350
89.358333	0.5	9.457350
89.366667	0.5	9.454350
89.375000	0.5	9.461300
89.383333	0.5	9.462850
89.391667	0.5	9.469950
89.400000	0.5	9.478050
89.408333	0.5	9.484900
89.416667	0.5	9.495700
89.425000	0.5	9.503400
89.433333	0.5	9.516900
89.441667	0.5	9.524550
89.450000	0.5	9.528300
89.458333	0.5	9.538950
89.466667	0.5	9.551750
89.475000	0.5	9.559200
89.483333	0.5	9.579550
89.491667	0.5	9.588600
89.500000	0.5	9.604850
89.508333	0.5	9.618800
89.516667	0.5	9.639050
89.525000	0.5	9.652650
89.533333	0.5	9.671400
89.541667	0.5	9.692800
89.550000	0.5	9.715050
89.558333	0.5	9.745500
89.566667	0.5	9.767600
89.575000	0.5	9.777650
89.583333	0.5	9.797450
89.591667	0.5	9.817100
89.600000	0.5	9.856950
89.608333	0.5	9.867400
89.616667	0.5	9.895050
89.625000	0.5	9.924150
89.633333	0.5	9.956850
89.641667	0.5	9.974800
89.650000	0.5	9.999450
89.658333	0.5	10.020350
89.666667	0.5	10.050150
89.675000	0.5	10.070900
89.683333	0.5	10.097700
89.691667	0.5	10.115050
89.700000	0.5	10.137800
89.708333	0.5	10.163550
89.716667	0.5	10.172650
89.725000	0.5	10.195800
89.733333	0.5	10.202400
89.741667	0.5	10.220500
89.750000	0.5	10.230000
89.758333	0.5	10.228950
89.766667	0.5	10.238000
89.775000	0.5	10.234950
89.783333	0.5	10.247550
89.791667	0.5	10.242200
89.800000	0.5	10.227900
89.808333	0.5	10.226850
89.816667	0.5	10.223850
89.825000	0.5	10.210100
89.833333	0.5	10.186550
89.841667	0.5	10.181600
89.850000	0.5	10.147250
89.858333	0.5	10.130850
89.866667	0.5	10.103600
89.875000	0.5	10.080200
89.883333	0.5	10.043650
89.891667	0.5	10.015950
89.900000	0.5	9.993350
89.908333	0.5	9.958550
89.916667	0.5	9.937100
89.925000	0.5	9.898050
89.933333	0.5	9.853450
89.941667	0.5	9.821250
89.950000	0.5	9.793250
89.958333	0.5	9.748150
89.966667	0.5	9.721050
89.975000	0.5	9.686250
89.983333	0.5	9.654650
89.991667	0.5	9.614100
90.000000	0.5	9.579000
90.008333	0.5	9.547200
90.016667	0.5	9.525950
90.025000	0.5	9.490800
90.033333	0.5	9.457150
90.041667	0.5	9.444400
90.050000	0.5	9.406550
90.058333	0.5	9.382100
90.066667	0.5	9.352750
90.075000	0.5	9.344200
90.083333	0.5	9.311950
90.091667	0.5	9.290950
90.100000	0.5	9.272350
90.108333	0.5	9.254950
90.116667	0.5	9.238650
90.125000	0.5	9.218300
90.133333	0.5	9.197650
90.141667	0.5	9.184550
90.150000	0.5	9.168350
90.158333	0.5	9.156350
90.166667	0.5	9.142800
90.175000	0.5	9.126050
90.183333	0.5	9.108000
90.191667	0.5	9.089400
90.200000	0.5	9.078000
90.208333	0.5	9.060500
90.216667	0.5	9.045250
90.225000	0.5	9.028400
90.233333	0.5	9.019050
90.241667	0.5	8.997600
90.250000	0.5	8.988350
90.258333	0.5	8.967750
90.266667	0.5	8.945250
90.275000	0.5	8.938650
90.283333	0.5	8.912950
90.291667	0.5	8.903300
90.300000	0.5	8.881150
90.308333	0.5	8.873750
90.316667	0.5	8.861100
90.325000	0.5	8.840200
90.333333	0.5	8.822850
90.341667	0.5	8.814250
90.350000	0.5	8.802050
90.358333	0.5	8.797050
90.366667	0.5	8.768200
90.375000	0.5	8.761800
90.383333	0.5	8.750700
90.391667	0.5	8.743650
90.400000	0.5	8.752050
90.408333	0.5	8.731550
90.416667	0.5	8.724750
90.425000	0.5	8.713950
90.433333	0.5	8.708400
90.441667	0.5	8.715250
90.450000	0.5	8.715650
90.458333	0.5	8.714800
90.466667	0.5	8.720550
90.475000	0.5	8.726050
90.483333	0.5	8.737850
90.491667	0.5	8.742100
90.500000	0.5	8.743950
90.508333	0.5	8.755700
90.516667	0.5	8.767750
90.525000	0.5	8.775550
90.533333	0.5	8.772550
90.541667	0.5	8.787950
90.550000	0.5	8.788400
90.558333	0.5	8.817000
90.566667	0.5	8.809500
90.575000	0.5	8.833150
90.583333	0.5	8.853400
90.591667	0.5	8.846500
90.600000	0.5	8.845550
90.608333	0.5	8.854950
90.616667	0.5	8.859100
90.625000	0.5	8.853550
90.633333	0.5	8.852400
90.641667	0.5	8.835400
90.650000	0.5	8.833650
90.658333	0.5	8.824450
90.666667	0.5	8.805250
90.675000	0.5	8.799950
90.683333	0.5	8.772300
90.691667	0.5	8.757750
90.700000	0.5	8.723650
90.708333	0.5	8.693600
90.716667	0.5	8.665650
90.725000	0.5	8.637150
90.733333	0.5	8.608800
90.741667	0.5	8.569750
90.750000	0.5	8.536450
90.758333	0.5	8.503050
90.766667	0.5	8.465900
90.775000	0.5	8.429750
90.783333	0.5	8.385900
90.791667	0.5	8.344900
90.800000	0.5	8.307750
90.808333	0.5	8.268950
90.816667	0.5	8.230650
90.825000	0.5	8.198950
90.833333	0.5	8.166150
90.841667	0.5	8.126800
90.850000	0.5	8.092450
90.858333	0.5	8.080550
90.866667	0.5	8.032750
90.875000	0.5	7.990250
90.883333	0.5	7.970350
90.891667	0.5	7.948100
90.900000	0.5	7.917050
90.908333	0.5	7.899350
90.916667	0.5	7.871850
90.925000	0.5	7.849850
90.933333	0.5	7.847600
90.941667	0.5	7.826000
90.950000	0.5	7.821100
90.958333	0.5	7.796550
90.966667	0.5	7.797450
90.975000	0.5	7.793250
90.983333	0.5	7.783900
90.991667	0.5	7.784900
91.000000	0.5	7.782500
91.008333	0.5	7.777600
91.016667	0.5	7.774400
91.025000	0.5	7.779950
91.033333	0.5	7.776900
91.041667	0.5	7.784550
91.050000	0.5	7.798900
91.058333	0.5	7.802250
91.066667	0.5	7.808400
91.075000	0.5	7.824750
91.083333	0.5	7.828900
91.091667	0.5	7.840900
91.100000	0.5	7.852150
91.108333	0.5	7.863150
91.116667	0.5	7.873450
91.125000	0.5	7.883600
91.133333	0.5	7.897150
91.141667	0.5	7.911150
91.150000	0.5	7.930650
91.158333	0.5	7.936600
91.166667	0.5	7.953350
91.175000	0.5	7.970650
91.183333	0.5	7.986750
91.191667	0.5	8.004550
91.200000	0.5	8.018100
91.208333	0.5	8.034900
91.216667	0.5	8.052750
91.225000	0.5	8.085800
91.233333	0.5	8.099950
91.241667	0.5	8.117200
91.250000	0.5	8.131350
91.258333	0.5	8.150300
91.266667	0.5	8.191800
91.275000	0.5	8.204000
91.283333	0.5	8.225250
91.291667	0.5	8.260450
91.300000	0.5	8.285050
91.308333	0.5	8.320800
91.316667	0.5	8.353550
91.325000	0.5	8.383450
91.333333	0.5	8.420500
91.341667	0.5	8.445200
91.350000	0.5	8.486050
91.358333	0.5	8.529700
91.366667	0.5	8.557300
91.375000	0.5	8.610550
91.383333	0.5	8.652100
91.391667	0.5	8.698550
91.400000	0.5	8.734500
91.408333	0.5	8.777850
91.416667	0.5	8.831750
91.425000	0.5	8.879450
91.433333	0.5	8.926450
91.441667	0.5	8.973850
91.450000	0.5	9.032000
91.458333	0.5	9.079750
91.466667	0.5	9.119500
91.475000	0.5	9.169050
91.483333	0.5	9.218650
91.491667	0.5	9.261350
91.500000	0.5	9.295500
91.508333	0.5	9.358550
91.516667	0.5	9.396500
91.525000	0.5	9.432550
91.533333	0.5	9.463750
91.541667	0.5	9.499300
91.550000	0.5	9.527600
91.558333	0.5	9.565750
91.566667	0.5	9.584000
91.575000	0.5	9.613700
91.583333	0.5	9.632850
91.591667	0.5	9.654750
91.600000	0.5	9.677750
91.608333	0.5	9.687400
91.616667	0.5	9.701150
91.625000	0.5	9.707950
91.633333	0.5	9.719100
91.641667	0.5	9.725600
91.650000	0.5	9.724500
91.658333	0.5	9.728450
91.666667	0.5	9.736300
91.675000	0.5	9.727250
91.683333	0.5	9.725500
91.691667	0.5	9.718750
91.700000	0.5	9.721450
91.708333	0.5	9.715300
91.716667	0.5	9.709050
91.725000	0.5	9.700700
91.733333	0.5	9.703100
91.741667	0.5	9.702200
91.750000	0.5	9.695650
91.758333	0.5	9.702850
91.766667	0.5	9.683400
91.775000	0.5	9.687350
91.783333	0.5	9.687500
91.791667	0.5	9.680750
91.800000	0.5	9.683200
91.808333	0.5	9.680400
91.816667	0.5	9.689200
91.825000	0.5	9.689750
91.833333	0.5	9.701100
91.841667	0.5	9.710950
91.850000	0.5	9.713700
91.858333	0.5	9.722200
91.866667	0.5	9.738650
91.875000	0.5	9.743150
91.883333	0.5	9.754600
91.891667	0.5	9.763850
91.900000	0.5	9.778700
91.908333	0.5	9.786700
91.916667	0.5	9.799300
91.925000	0.5	9.810600
91.933333	0.5	9.836900
91.941667	0.5	9.842750
91.950000	0.5	9.863800
91.958333	0.5	9.869950
91.966667	0.5	9.879450
91.975000	0.5	9.899850
91.983333	0.5	9.911100
91.991667	0.5	9.926350
92.000000	0.5	9.942900
92.008333	0.5	9.943700
92.016667	0.5	9.966900
92.025000	0.5	9.975600
92.033333	0.5	9.983000
92.041667	0.5	9.998700
92.050000	0.5	10.007600
92.058333	0.5	10.020600
92.066667	0.5	10.028450
92.075000	0.5	10.047600
92.083333	0.5	10.046500
92.091667	0.5	10.069950
92.100000	0.5	10.071950
92.108333	0.5	10.084150
92.116667	0.5	10.092450
92.125000	0.5	10.102200
92.133333	0.5	10.111650
92.141667	0.5	10.125650
92.150000	0.5	10.137600
92.158333	0.5	10.143500
92.166667	0.5	10.171200
92.175000	0.5	10.170900
92.183333	0.5	10.184350
92.191667	0.5	10.192750
92.200000	0.5	10.207250
92.208333	0.5	10.228300
92.216667	0.5	10.246900
92.225000	0.5	10.255750
92.233333	0.5	10.273400
92.241667	0.5	10.286700
92.250000	0.5	10.295650
92.258333	0.5	10.318300
92.266667	0.5	10.330450
92.275000	0.5	10.348850
92.283333	0.5	10.362800
92.291667	0.5	10.380800
92.300000	0.5	10.397850
92.308333	0.5	10.417800
92.316667	0.5	10.436750
92.325000	0.5	10.454050
92.333333	0.5	10.462600
92.341667	0.5	10.472400
92.350000	0.5	10.483400
92.358333	0.5	10.492750
92.366667	0.5	10.498450
92.375000	0.5	10.505650
92.383333	0.5	10.520650
92.391667	0.5	10.508200
92.400000	0.5	10.523000
92.408333	0.5	10.528750
92.416667	0.5	10.520400
92.425000	0.5	10.511900
92.433333	0.5	10.520800
92.441667	0.5	10.504600
92.450000	0.5	10.501350
92.458333	0.5	10.481000
92.466667	0.5	10.466100
92.475000	0.5	10.466450
92.483333	0.5	10.444450
92.491667	0.5	10.427950
92.500000	0.5	10.408700
92.508333	0.5	10.402600
92.516667	0.5	10.373300
92.525000	0.5	10.363800
92.533333	0.5	10.333900
92.541667	0.5	10.322450
92.550000	0.5	10.294450
92.558333	0.5	10.275600
92.566667	0.5	10.245550
92.575000	0.5	10.228750
92.583333	0.5	10.203500
92.591667	0.5	10.200350
92.600000	0.5	10.160300
92.608333	0.5	10.140300
92.616667	0.5	10.121600
92.625000	0.5	10.102100
92.633333	0.5	10.085850
92.641667	0.5	10.058850
92.650000	0.5	10.036700
92.658333	0.5	10.025000
92.666667	0.5	10.007250
92.675000	0.5	9.989300
92.683333	0.5	9.973700
92.691667	0.5	9.958250
92.700000	0.5	9.937050
92.708333	0.5	9.932900
92.716667	0.5	9.913950
92.725000	0.5	9.901800
92.733333	0.5	9.889600
92.741667	0.5	9.875400
92.750000	0.5	9.878950
92.758333	0.5	9.864100
92.766667	0.5	9.847150
92.775000	0.5	9.834800
92.783333	0.5	9.829100
92.791667	0.5	9.829500
92.800000	0.5	9.824650
92.808333	0.5	9.806800
92.816667	0.5	9.806650
92.825000	0.5	9.809300
92.833333	0.5	9.810250
92.841667	0.5	9.797300
92.850000	0.5	9.798150
92.858333	0.5	9.793150
92.866667	0.5	9.801150
92.875000	0.5	9.791800
92.883333	0.5	9.789650
92.891667	0.5	9.789350
92.900000	0.5	9.785050
92.908333	0.5	9.770300
92.916667	0.5	9.785050
92.925000	0.5	9.778300
92.933333	0.5	9.774400
92.941667	0.5	9.781700
92.950000	0.5	9.786100
92.958333	0.5	9.786150
92.966667	0.5	9.788550
92.975000	0.5	9.791900
92.983333	0.5	9.802900
92.991667	0.5	9.809200
93.000000	0.5	9.815850
93.008333	0.5	9.833700
93.016667	0.5	9.830550
93.025000	0.5	9.867250
93.033333	0.5	9.849750
93.041667	0.5	9.864850
93.050000	0.5	9.875800
93.058333	0.5	9.878550
93.066667	0.5	9.896800
93.075000	0.5	9.907000
93.083333	0.5	9.928650
93.091667	0.5	9.931550
93.100000	0.5	9.959300
93.108333	0.5	9.969200
93.116667	0.5	9.978400
93.125000	0.5	9.987950
93.133333	0.5	10.000150
93.141667	0.5	10.006700
93.150000	0.5	10.017600
93.158333	0.5	10.030450
93.166667	0.5	10.038300
93.175000	0.5	10.044900
93.183333	0.5	10.055800
93.191667	0.5	10.054450
93.200000	0.5	10.056700
93.208333	0.5	10.053400
93.216667	0.5	10.053250
93.225000	0.5	10.048400
93.233333	0.5	10.038600
93.241667	0.5	10.040850
93.250000	0.5	10.020350
93.258333	0.5	10.007350
93.266667	0.5	10.000950
93.275000	0.5	9.980150
93.283333	0.5	9.964850
93.291667	0.5	9.938500
93.300000	0.5	9.923100
93.308333	0.5	9.901400
93.316667	0.5	9.863450
93.325000	0.5	9.837850
93.333333	0.5	9.806100
93.341667	0.5	9.766850
93.350000	0.5	9.741950
93.358333	0.5	9.710150
93.366667	0.5	9.673900
93.375000	0.5	9.637400
93.383333	0.5	9.601100
93.391667	0.5	9.571700
93.400000	0.5	9.529350
93.408333	0.5	9.495150
93.416667	0.5	9.463600
93.425000	0.5	9.425450
93.433333	0.5	9.391650
93.441667	0.5	9.355450
93.450000	0.5	9.324850
93.458333	0.5	9.286750
93.466667	0.5	9.257150
93.475000	0.5	9.223850
93.483333	0.5	9.200250
93.491667	0.5	9.154250
93.500000	0.5	9.127800
93.508333	0.5	9.092350
93.516667	0.5	9.074150
93.525000	0.5	9.041650
93.533333	0.5	9.013650
93.541667	0.5	8.986350
93.550000	0.5	8.972700
93.558333	0.5	8.947700
93.566667	0.5	8.919850
93.575000	0.5	8.905300
93.583333	0.5	8.883900
93.591667	0.5	8.867900
93.600000	0.5	8.853250
93.608333	0.5	8.834900
93.616667	0.5	8.806200
93.625000	0.5	8.802250
93.633333	0.5	8.790650
93.641667	0.5	8.775750
93.650000	0.5	8.760100
93.658333	0.5	8.748900
93.666667	0.5	8.743000
93.675000	0.5	8.732400
93.683333	0.5	8.723000
93.691667	0.5	8.733050
93.700000	0.5	8.709550
93.708333	0.5	8.708800
93.716667	0.5	8.705450
93.725000	0.5	8.711050
93.733333	0.5	8.696800
93.741667	0.5	8.699300
93.750000	0.5	8.701750
93.758333	0.5	8.705200
93.766667	0.5	8.702650
93.775000	0.5	8.714100
93.783333	0.5	8.715900
93.791667	0.5	8.726550
93.800000	0.5	8.748500
93.808333	0.5	8.751650
93.816667	0.5	8.760650
93.825000	0.5	8.787450
93.833333	0.5	8.787800
93.841667	0.5	8.820350
93.850000	0.5	8.836350
93.858333	0.5	8.849200
93.866667	0.5	8.871350
93.875000	0.5	8.903450
93.883333	0.5	8.914900
93.891667	0.5	8.941800
93.900000	0.5	8.963200
93.908333	0.5	8.994100
93.916667	0.5	9.017100
93.925000	0.5	9.043700
93.933333	0.5	9.068800
93.941667	0.5	9.093200
93.950000	0.5	9.119050
93.958333	0.5	9.149650
93.966667	0.5	9.175550
93.975000	0.5	9.202650
93.983333	0.5	9.233650
93.991667	0.5	9.269500
94.000000	0.5	9.290400
94.008333	0.5	9.320200
94.016667	0.5	9.341100
94.025000	0.5	9.361350
94.033333	0.5	9.388600
94.041667	0.5	9.405150
94.050000	0.5	9.427300
94.058333	0.5	9.460550
94.066667	0.5	9.467550
94.075000	0.5	9.481850
94.083333	0.5	9.505350
94.091667	0.5	9.528700
94.100000	0.5	9.544750
94.108333	0.5	9.563900
94.116667	0.5	9.575750
94.125000	0.5	9.606150
94.133333	0.5	9.616050
94.141667	0.5	9.628200
94.150000	0.5	9.646550
94.158333	0.5	9.655650
94.166667	0.5	9.669550
94.175000	0.5	9.684350
94.183333	0.5	9.691150
94.191667	0.5	9.716000
94.200000	0.5	9.719100
94.208333	0.5	9.732700
94.216667	0.5	9.745300
94.225000	0.5	9.750900
94.233333	0.5	9.764850
94.241667	0.5	9.781200
94.250000	0.5	9.787000
94.258333	0.5	9.801450
94.266667	0.5	9.813900
94.275000	0.5	9.815850
94.283333	0.5	9.831000
94.291667	0.5	9.837900
94.300000	0.5	9.853750
94.308333	0.5	9.847900
94.316667	0.5	9.865850
94.325000	0.5	9.868650
94.333333	0.5	9.877700
94.341667	0.5	9.881800
94.350000	0.5	9.891750
94.358333	0.5	9.899650
94.366667	0.5	9.894900
94.375000	0.5	9.900350
94.383333	0.5	9.912500
94.391667	0.5	9.906000
94.400000	0.5	9.903100
94.408333	0.5	9.911550
94.416667	0.5	9.914400
94.425000	0.5	9.905200
94.433333	0.5	9.909950
94.441667	0.5	9.905950
94.450000	0.5	9.906450
94.458333	0.5	9.898750
94.466667	0.5	9.894950
94.475000	0.5	9.895850
94.483333	0.5	9.889150
94.491667	0.5	9.894150
94.500000	0.5	9.880900
94.508333	0.5	9.875350
94.516667	0.5	9.880050
94.525000	0.5	9.872200
94.533333	0.5	9.873000
94.541667	0.5	9.869400
94.550000	0.5	9.859100
94.558333	0.5	9.860450
94.566667	0.5	9.853500
94.575000	0.5	9.852850
94.583333	0.5	9.855850
94.591667	0.5	9.859000
94.600000	0.5	9.857300
94.608333	0.5	9.848400
94.616667	0.5	9.852400
94.625000	0.5	9.864600
94.633333	0.5	9.853800
94.641667	0.5	9.864300
94.650000	0.5	9.849550
94.658333	0.5	9.855650
94.666667	0.5	9.850300
94.675000	0.5	9.853950
94.683333	0.5	9.855550
94.691667	0.5	9.849950
94.700000	0.5	9.856150
94.708333	0.5	9.847650
94.716667	0.5	9.860500
94.725000	0.5	9.844400
94.733333	0.5	9.846500
94.741667	0.5	9.846900
94.750000	0.5	9.841500
94.758333	0.5	9.831400
94.766667	0.5	9.825150
94.775000	0.5	9.823050
94.783333	0.5	9.814500
94.791667	0.5	9.812500
94.800000	0.5	9.797800
94.808333	0.5	9.798550
94.816667	0.5	9.792450
94.825000	0.5	9.790300
94.833333	0.5	9.784500
94.841667	0.5	9.772450
94.850000	0.5	9.771800
94.858333	0.5	9.761900
94.866667	0.5	9.749900
94.875000	0.5	9.749100
94.883333	0.5	9.741250
94.891667	0.5	9.740650
94.900000	0.5	9.738650
94.908333	0.5	9.736800
94.916667	0.5	9.737350
94.925000	0.5	9.726700
94.933333	0.5	9.718450
94.941667	0.5	9.723300
94.950000	0.5	9.731000
94.958333	0.5	9.730850
94.966667	0.5	9.742050
94.975000	0.5	9.736250
94.983333	0.5	9.749550
94.991667	0.5	9.758700
95.000000	0.5	9.768750
95.008333	0.5	9.773400
95.016667	0.5	9.804800
95.025000	0.5	9.818550
95.033333	0.5	9.827150
95.041667	0.5	9.846700
95.050000	0.5	9.862700
95.058333	0.5	9.879550
95.066667	0.5	9.895850
95.075000	0.5	9.915300
95.083333	0.5	9.940350
95.091667	0.5	9.971600
95.100000	0.5	9.996350
95.108333	0.5	10.022550
95.116667	0.5	10.053950
95.125000	0.5	10.080000
95.133333	0.5	10.105650
95.141667	0.5	10.128400
95.150000	0.5	10.157450
95.158333	0.5	10.185450
95.166667	0.5	10.224200
95.175000	0.5	10.254600
95.183333	0.5	10.289600
95.191667	0.5	10.315850
95.200000	0.5	10.352100
95.208333	0.5	10.377700
95.216667	0.5	10.411800
95.225000	0.5	10.446050
95.233333	0.5	10.472350
95.241667	0.5	10.502800
95.250000	0.5	10.538850
95.258333	0.5	10.570800
95.266667	0.5	10.593250
95.275000	0.5	10.630650
95.283333	0.5	10.669100
95.291667	0.5	10.692900
95.300000	0.5	10.718750
95.308333	0.5	10.737800
95.316667	0.5	10.774900
95.325000	0.5	10.802450
95.333333	0.5	10.829200
95.341667	0.5	10.853150
95.350000	0.5	10.877900
95.358333	0.5	10.898300
95.366667	0.5	10.928450
95.375000	0.5	10.953650
95.383333	0.5	10.971800
95.391667	0.5	10.994450
95.400000	0.5	11.012750
95.408333	0.5	11.024600
95.416667	0.5	11.040450
95.425000	0.5	11.046000
95.433333	0.5	11.069050
95.441667	0.5	11.088900
95.450000	0.5	11.094400
95.458333	0.5	11.095700
95.466667	0.5	11.102850
95.475000	0.5	11.110950
95.483333	0.5	11.110450
95.491667	0.5	11.115150
95.500000	0.5	11.119250
95.508333	0.5	11.115950
95.516667	0.5	11.106900
95.525000	0.5	11.112000
95.533333	0.5	11.104550
95.541667	0.5	11.106850
95.550000	0.5	11.088350
95.558333	0.5	11.080700
95.566667	0.5	11.079900
95.575000	0.5	11.056500
95.583333	0.5	11.049150
95.591667	0.5	11.036700
95.600000	0.5	11.032500
95.608333	0.5	11.019900
95.616667	0.5	10.999050
95.625000	0.5	10.985450
95.633333	0.5	10.973500
95.641667	0.5	10.951200
95.650000	0.5	10.928100
95.658333	0.5	10.923550
95.666667	0.5	10.900450
95.675000	0.5	10.879750
95.683333	0.5	10.865100
95.691667	0.5	10.848250
95.700000	0.5	10.828650
95.708333	0.5	10.818250
95.716667	0.5	10.806650
95.725000	0.5	10.789150
95.733333	0.5	10.763600
95.741667	0.5	10.758500
95.750000	0.5	10.737000
95.758333	0.5	10.724500
95.766667	0.5	10.704600
95.775000	0.5	10.697600
95.783333	0.5	10.684600
95.791667	0.5	10.665300
95.800000	0.5	10.660050
95.808333	0.5	10.642850
95.816667	0.5	10.635200
95.825000	0.5	10.625500
95.833333	0.5	10.612450
95.841667	0.5	10.607050
95.850000	0.5	10.589550
95.858333	0.5	10.591550
95.866667	0.5	10.579100
95.875000	0.5	10.568800
95.883333	0.5	10.567500
95.891667	0.5	10.565250
95.900000	0.5	10.562400
95.908333	0.5	10.555100
95.916667	0.5	10.541500
95.925000	0.5	10.544500
95.933333	0.5	10.531050
95.941667	0.5	10.536000
95.950000	0.5	10.520700
95.958333	0.5	10.526300
95.966667	0.5	10.535050
95.975000	0.5	10.528050
95.983333	0.5	10.531300
95.991667	0.5	10.525550
96.000000	0.5	10.531250
96.008333	0.5	10.516350
96.016667	0.5	10.520050
96.025000	0.5	10.534500
96.033333	0.5	10.513800
96.041667	0.5	10.524950
96.050000	0.5	10.521900
96.058333	0.5	10.524700
96.066667	0.5	10.523200
96.075000	0.5	10.523950
96.083333	0.5	10.519250
96.091667	0.5	10.522750
96.100000	0.5	10.519300
96.108333	0.5	10.529200
96.116667	0.5	10.522250
96.125000	0.5	10.530050
96.133333	0.5	10.533500
96.141667	0.5	10.530500
96.150000	0.5	10.537650
96.158333	0.5	10.525050
96.166667	0.5	10.533050
96.175000	0.5	10.520650
96.183333	0.5	10.534050
96.191667	0.5	10.514450
96.200000	0.5	10.517900
96.208333	0.5	10.502350
96.216667	0.5	10.511950
96.225000	0.5	10.494350
96.233333	0.5	10.497550
96.241667	0.5	10.483100
96.250000	0.5	10.487050
96.258333	0.5	10.473950
96.266667	0.5	10.466500
96.275000	0.5	10.454550
96.283333	0.5	10.450400
96.291667	0.5	10.443100
96.300000	0.5	10.438250
96.308333	0.5	10.429300
96.316667	0.5	10.435750
96.325000	0.5	10.421950
96.333333	0.5	10.409900
96.341667	0.5	10.402250
96.350000	0.5	10.390200
96.358333	0.5	10.374000
96.366667	0.5	10.373350
96.375000	0.5	10.364800
96.383333	0.5	10.353850
96.391667	0.5	10.349350
96.400000	0.5	10.349000
96.408333	0.5	10.345400
96.416667	0.5	10.343650
96.425000	0.5	10.332950
96.433333	0.5	10.348900
96.441667	0.5	10.333650
96.450000	0.5	10.319050
96.458333	0.5	10.318200
96.466667	0.5	10.312250
96.475000	0.5	10.323300
96.483333	0.5	10.315450
96.491667	0.5	10.308850
96.500000	0.5	10.308100
96.508333	0.5	10.291550
96.516667	0.5	10.298450
96.525000	0.5	10.301450
96.533333	0.5	10.296100
96.541667	0.5	10.298500
96.550000	0.5	10.307950
96.558333	0.5	10.299500
96.566667	0.5	10.293550
96.575000	0.5	10.304550
96.583333	0.5	10.303500
96.591667	0.5	10.315100
96.600000	0.5	10.308850
96.608333	0.5	10.303450
96.616667	0.5	10.317850
96.625000	0.5	10.318700
96.633333	0.5	10.326700
96.641667	0.5	10.323200
96.650000	0.5	10.326400
96.658333	0.5	10.336000
96.666667	0.5	10.337650
96.675000	0.5	10.340050
96.683333	0.5	10.343700
96.691667	0.5	10.345950
96.700000	0.5	10.355050
96.708333	0.5	10.352150
96.716667	0.5	10.355600
96.725000	0.5	10.372950
96.733333	0.5	10.369500
96.741667	0.5	10.368800
96.750000	0.5	10.371700
96.758333	0.5	10.374000
96.766667	0.5	10.380200
96.775000	0.5	10.381750
96.783333	0.5	10.383050
96.791667	0.5	10.394350
96.800000	0.5	10.392850
96.808333	0.5	10.401000
96.816667	0.5	10.417650
96.825000	0.5	10.409950
96.833333	0.5	10.408600
96.841667	0.5	10.410600
96.850000	0.5	10.427450
96.858333	0.5	10.416500
96.866667	0.5	10.416650
96.875000	0.5	10.416350
96.883333	0.5	10.421500
96.891667	0.5	10.422450
96.900000	0.5	10.422600
96.908333	0.5	10.421750
96.916667	0.5	10.416500
96.925000	0.5	10.421300
96.933333	0.5	10.416400
96.941667	0.5	10.402050
96.950000	0.5	10.404150
96.958333	0.5	10.388850
96.966667	0.5	10.380150
96.975000	0.5	10.380700
96.983333	0.5	10.373700
96.991667	0.5	10.359650
97.000000	0.5	10.357650
97.008333	0.5	10.346000
97.016667	0.5	10.326950
97.025000	0.5	10.323400
97.033333	0.5	10.324150
97.041667	0.5	10.305950
97.050000	0.5	10.293600
97.058333	0.5	10.275750
97.066667	0.5	10.271550
97.075000	0.5	10.257550
97.083333	0.5	10.240900
97.091667	0.5	10.228800
97.100000	0.5	10.221500
97.108333	0.5	10.205450
97.116667	0.5	10.197550
97.125000	0.5	10.177500
97.133333	0.5	10.174050
97.141667	0.5	10.146200
97.150000	0.5	10.135800
97.158333	0.5	10.127450
97.166667	0.5	10.103600
97.175000	0.5	10.095650
97.183333	0.5	10.074150
97.191667	0.5	10.066600
97.200000	0.5	10.055350
97.208333	0.5	10.051400
97.216667	0.5	10.023350
97.225000	0.5	10.011200
97.233333	0.5	9.996200
97.241667	0.5	9.984500
97.250000	0.5	9.963000
97.258333	0.5	9.950400
97.266667	0.5	9.933450
97.275000	0.5	9.925300
97.283333	0.5	9.905200
97.291667	0.5	9.904000
97.300000	0.5	9.881100
97.308333	0.5	9.860150
97.316667	0.5	9.849350
97.325000	0.5	9.842900
97.333333	0.5	9.828750
97.341667	0.5	9.808550
97.350000	0.5	9.796650
97.358333	0.5	9.782000
97.366667	0.5	9.781500
97.375000	0.5	9.764450
97.383333	0.5	9.747850
97.391667	0.5	9.741600
97.400000	0.5	9.729100
97.408333	0.5	9.715400
97.416667	0.5	9.702350
97.425000	0.5	9.688500
97.433333	0.5	9.673050
97.441667	0.5	9.667850
97.450000	0.5	9.651550
97.458333	0.5	9.648050
97.466667	0.5	9.621450
97.475000	0.5	9.608300
97.483333	0.5	9.604100
97.491667	0.5	9.594450
97.500000	0.5	9.581700
97.508333	0.5	9.573300
97.516667	0.5	9.554550
97.525000	0.5	9.553550
97.533333	0.5	9.537700
97.541667	0.5	9.526600
97.550000	0.5	9.510750
97.558333	0.5	9.493300
97.566667	0.5	9.476300
97.575000	0.5	9.477850
97.583333	0.5	9.473300
97.591667	0.5	9.448100
97.600000	0.5	9.435850
97.608333	0.5	9.412050
97.616667	0.5	9.397900
97.625000	0.5	9.380650
97.633333	0.5	9.369600
97.641667	0.5	9.348450
97.650000	0.5	9.332850
97.658333	0.5	9.307100
97.666667	0.5	9.313900
97.675000	0.5	9.291400
97.683333	0.5	9.285450
97.691667	0.5	9.253900
97.700000	0.5	9.246850
97.708333	0.5	9.227700
97.716667	0.5	9.205750
97.725000	0.5	9.183800
97.733333	0.5	9.179250
97.741667	0.5	9.152650
97.750000	0.5	9.149200
97.758333	0.5	9.132250
97.766667	0.5	9.115200
97.775000	0.5	9.115200
97.783333	0.5	9.102700
97.791667	0.5	9.098050
97.800000	0.5	9.079850
97.808333	0.5	9.064650
97.816667	0.5	9.056850
97.825000	0.5	9.052850
97.833333	0.5	9.053050
97.841667	0.5	9.050350
97.850000	0.5	9.035700
97.858333	0.5	9.037300
97.866667	0.5	9.028500
97.875000	0.5	9.026900
97.883333	0.5	9.030150
97.891667	0.5	9.043750
97.900000	0.5	9.023950
97.908333	0.5	9.035000
97.916667	0.5	9.037100
97.925000	0.5	9.037500
97.933333	0.5	9.036250
97.941667	0.5	9.058400
97.950000	0.5	9.052900
97.958333	0.5	9.066300
97.966667	0.5	9.072750
97.975000	0.5	9.075050
97.983333	0.5	9.087650
97.991667	0.5	9.106050
98.000000	0.5	9.110650
98.008333	0.5	9.114600
98.016667	0.5	9.123900
98.025000	0.5	9.143150
98.033333	0.5	9.155600
98.041667	0.5	9.167500
98.050000	0.5	9.178750
98.058333	0.5	9.194400
98.066667	0.5	9.205600
98.075000	0.5	9.219350
98.083333	0.5	9.239200
98.091667	0.5	9.260150
98.100000	0.5	9.267100
98.108333	0.5	9.287900
98.116667	0.5	9.300000
98.125000	0.5	9.313950
98.133333	0.5	9.336250
98.141667	0.5	9.345500
98.150000	0.5	9.358800
98.158333	0.5	9.374000
98.166667	0.5	9.399550
98.175000	0.5	9.411800
98.183333	0.5	9.422650
98.191667	0.5	9.442900
98.200000	0.5	9.461900
98.208333	0.5	9.464250
98.216667	0.5	9.478150
98.225000	0.5	9.487450
98.233333	0.5	9.500500
98.241667	0.5	9.517150
98.250000	0.5	9.520300
98.258333	0.5	9.534500
98.266667	0.5	9.536200
98.275000	0.5	9.542200
98.283333	0.5	9.552600
98.291667	0.5	9.557450
98.300000	0.5	9.561250
98.308333	0.5	9.566850
98.316667	0.5	9.564000
98.325000	0.5	9.559650
98.333333	0.5	9.558600
98.341667	0.5	9.566100
98.350000	0.5	9.561450
98.358333	0.5	9.564950
98.366667	0.5	9.541550
98.375000	0.5	9.548650
98.383333	0.5	9.537600
98.391667	0.5	9.541500
98.400000	0.5	9.531850
98.408333	0.5	9.518100
98.416667	0.5	9.524150
98.425000	0.5	9.505600
98.433333	0.5	9.509000
98.441667	0.5	9.499400
98.450000	0.5	9.482550
98.458333	0.5	9.481900
98.466667	0.5	9.483450
98.475000	0.5	9.480700
98.483333	0.5	9.463950
98.491667	0.5	9.467050
98.500000	0.5	9.453900
98.508333	0.5	9.444450
98.516667	0.5	9.447750
98.525000	0.5	9.444300
98.533333	0.5	9.445650
98.541667	0.5	9.432750
98.550000	0.5	9.439750
98.558333	0.5	9.431000
98.566667	0.5	9.418600
98.575000	0.5	9.415100
98.583333	0.5	9.414100
98.591667	0.5	9.414650
98.600000	0.5	9.415900
98.608333	0.5	9.410350
98.616667	0.5	9.404250
98.625000	0.5	9.409300
98.633333	0.5	9.405850
98.641667	0.5	9.409400
98.650000	0.5	9.403500
98.658333	0.5	9.405150
98.666667	0.5	9.408100
98.675000	0.5	9.405300
98.683333	0.5	9.410900
98.691667	0.5	9.419800
98.700000	0.5	9.424600
98.708333	0.5	9.427150
98.716667	0.5	9.419050
98.725000	0.5	9.432350
98.733333	0.5	9.443700
98.741667	0.5	9.443450
98.750000	0.5	9.450050
98.758333	0.5	9.449250
98.766667	0.5	9.466500
98.775000	0.5	9.462300
98.783333	0.5	9.469450
98.791667	0.5	9.470250
98.800000	0.5	9.477700
98.808333	0.5	9.475550
98.816667	0.5	9.495400
98.825000	0.5	9.498700
98.833333	0.5	9.491100
98.841667	0.5	9.500300
98.850000	0.5	9.503800
98.858333	0.5	9.503750
98.866667	0.5	9.513150
98.875000	0.5	9.512500
98.883333	0.5	9.517900
98.891667	0.5	9.519650
98.900000	0.5	9.518900
98.908333	0.5	9.535800
98.916667	0.5	9.526500
98.925000	0.5	9.529500
98.933333	0.5	9.536850
98.941667	0.5	9.528350
98.950000	0.5	9.526500
98.958333	0.5	9.524600
98.966667	0.5	9.526700
98.975000	0.5	9.523150
98.983333	0.5	9.512050
98.991667	0.5	9.519100
99.000000	0.5	9.509000
99.008333	0.5	9.504750
99.016667	0.5	9.504800
99.025000	0.5	9.493900
99.033333	0.5	9.485000
99.041667	0.5	9.481750
99.050000	0.5	9.480200
99.058333	0.5	9.474950
99.066667	0.5	9.460700
99.075000	0.5	9.464750
99.083333	0.5	9.452650
99.091667	0.5	9.435700
99.100000	0.5	9.440700
99.108333	0.5	9.440600
99.116667	0.5	9.439200
99.125000	0.5	9.431500
99.133333	0.5	9.432350
99.141667	0.5	9.424250
99.150000	0.5	9.428500
99.158333	0.5	9.410200
99.166667	0.5	9.409400
99.175000	0.5	9.400200
99.183333	0.5	9.393900
99.191667	0.5	9.398650
99.200000	0.5	9.397350
99.208333	0.5	9.401600
99.216667	0.5	9.392500
99.225000	0.5	9.394950
99.233333	0.5	9.389100
99.241667	0.5	9.397100
99.250000	0.5	9.386550
99.258333	0.5	9.399250
99.266667	0.5	9.392900
99.275000	0.5	9.390750
99.283333	0.5	9.387050
99.291667	0.5	9.400250
99.300000	0.5	9.414850
99.308333	0.5	9.424550
99.316667	0.5	9.425050
99.325000	0.5	9.421050
99.333333	0.5	9.447050
99.341667	0.5	9.445000
99.350000	0.5	9.444550
99.358333	0.5	9.458100
99.366667	0.5	9.459500
99.375000	0.5	9.474800
99.383333	0.5	9.480650
99.391667	0.5	9.497550
99.400000	0.5	9.513650
99.408333	0.5	9.520700
99.416667	0.5	9.524950
99.425000	0.5	9.545900
99.433333	0.5	9.559650
99.441667	0.5	9.566300
99.450000	0.5	9.574450
99.458333	0.5	9.575900
99.466667	0.5	9.599600
99.475000	0.5	9.608900
99.483333	0.5	9.619250
99.491667	0.5	9.626400
99.500000	0.5	9.648650
99.508333	0.5	9.652750
99.516667	0.5	9.666300
99.525000	0.5	9.674100
99.533333	0.5	9.678950
99.541667	0.5	9.694150
99.550000	0.5	9.695600
99.558333	0.5	9.700750
99.566667	0.5	9.704950
99.575000	0.5	9.711950
99.583333	0.5	9.713600
99.591667	0.5	9.723250
99.600000	0.5	9.726950
99.608333	0.5	9.734650
99.616667	0.5	9.731100
99.625000	0.5	9.745550
99.633333	0.5	9.733500
99.641667	0.5	9.729800
99.650000	0.5	9.729350
99.658333	0.5	9.727000
99.666667	0.5	9.718550
99.675000	0.5	9.705900
99.683333	0.5	9.713950
99.691667	0.5	9.708550
99.700000	0.5	9.694500
99.708333	0.5	9.690650
99.716667	0.5	9.684750
99.725000	0.5	9.674100
99.733333	0.5	9.662550
99.741667	0.5	9.652100
99.750000	0.5	9.650600
99.758333	0.5	9.642350
99.766667	0.5	9.620350
99.775000	0.5	9.610600
99.783333	0.5	9.607650
99.791667	0.5	9.596750
99.800000	0.5	9.593950
99.808333	0.5	9.581450
99.816667	0.5	9.565200
99.825000	0.5	9.555650
99.833333	0.5	9.544950
99.841667	0.5	9.535950
99.850000	0.5	9.525350
99.858333	0.5	9.517700
99.866667	0.5	9.504250
99.875000	0.5	9.492550
99.883333	0.5	9.477400
99.891667	0.5	9.470200
99.900000	0.5	9.463800
99.908333	0.5	9.461500
99.916667	0.5	9.442700
99.925000	0.5	9.437850
99.933333	0.5	9.429100
99.941667	0.5	9.432400
99.950000	0.5	9.415650
99.958333	0.5	9.412250
99.966667	0.5	9.401950
99.975000	0.5	9.402650
99.983333	0.5	9.387050
99.991667	0.5	9.391050
100.000000	0.5	9.378050
100.008333	0.5	9.377750
100.016667	0.5	9.366000
100.025000	0.5	9.367000
100.033333	0.5	9.362700
100.041667	0.5	9.366700
100.050000	0.5	9.365450
100.058333	0.5	9.357950
100.066667	0.5	9.366650
100.075000	0.5	9.364600
100.083333	0.5	9.365200
100.091667	0.5	9.367900
100.100000	0.5	9.371950
100.108333	0.5	9.384000
100.116667	0.5	9.367350
100.125000	0.5	9.369950
100.133333	0.5	9.372700
100.141667	0.5	9.373500
100.150000	0.5	9.372150
100.158333	0.5	9.377950
100.166667	0.5	9.388500
100.175000	0.5	9.381750
100.183333	0.5	9.378750
100.191667	0.5	9.377900
100.200000	0.5	9.382900
100.208333	0.5	9.378350
100.216667	0.5	9.377500
100.225000	0.5	9.370250
100.233333	0.5	9.368050
100.241667	0.5	9.362000
100.250000	0.5	9.364850
100.258333	0.5	9.358150
100.266667	0.5	9.364400
100.275000	0.5	9.352900
100.283333	0.5	9.357750
100.291667	0.5	9.349850
100.300000	0.5	9.345900
100.308333	0.5	9.345150
100.316667	0.5	9.337800
100.325000	0.5	9.331050
100.333333	0.5	9.323950
100.341667	0.5	9.315950
100.350000	0.5	9.323600
100.358333	0.5	9.325200
100.366667	0.5	9.317100
100.375000	0.5	9.313950
100.383333	0.5	9.305650
100.391667	0.5	9.298450
100.400000	0.5	9.300650
100.408333	0.5	9.285500
100.416667	0.5	9.286300
100.425000	0.5	9.288750
100.433333	0.5	9.287500
100.441667	0.5	9.277200
100.450000	0.5	9.281050
100.458333	0.5	9.274350
100.466667	0.5	9.275900
100.475000	0.5	9.268850
100.483333	0.5	9.261750
100.491667	0.5	9.255450
100.500000	0.5	9.254500
100.508333	0.5	9.252150
100.516667	0.5	9.252400
100.525000	0.5	9.241250
100.533333	0.5	9.238450
100.541667	0.5	9.254300
100.550000	0.5	9.232650
100.558333	0.5	9.228800
100.566667	0.5	9.228400
100.575000	0.5	9.231600
100.583333	0.5	9.216850
100.591667	0.5	9.217750
100.600000	0.5	9.211200
100.608333	0.5	9.208950
100.616667	0.5	9.208450
100.625000	0.5	9.201250
100.633333	0.5	9.206000
100.641667	0.5	9.199200
100.650000	0.5	9.206300
100.658333	0.5	9.199050
100.666667	0.5	9.196400
100.675000	0.5	9.196700
100.683333	0.5	9.199900
100.691667	0.5	9.192200
100.700000	0.5	9.195900
100.708333	0.5	9.190400
100.716667	0.5	9.201650
100.725000	0.5	9.192850
100.733333	0.5	9.192900
100.741667	0.5	9.185150
100.750000	0.5	9.190850
100.758333	0.5	9.193600
100.766667	0.5	9.183400
100.775000	0.5	9.173550
100.783333	0.5	9.180300
100.791667	0.5	9.164200
100.800000	0.5	9.160750
100.808333	0.5	9.159500
100.816667	0.5	9.148100
100.825000	0.5	9.143500
100.833333	0.5	9.141050
100.841667	0.5	9.129900
100.850000	0.5	9.132850
100.858333	0.5	9.124850
100.866667	0.5	9.114650
100.875000	0.5	9.114700
100.883333	0.5	9.099800
100.891667	0.5	9.090700
100.900000	0.5	9.078200
100.908333	0.5	9.072500
100.916667	0.5	9.060650
100.925000	0.5	9.053050
100.933333	0.5	9.045750
100.941667	0.5	9.039700
100.950000	0.5	9.026700
100.958333	0.5	9.020600
100.966667	0.5	8.998350
100.975000	0.5	9.005950
100.983333	0.5	8.984900
100.991667	0.5	8.984600
101.000000	0.5	8.973350
101.008333	0.5	8.958200
101.016667	0.5	8.960400
101.025000	0.5	8.952950
101.033333	0.5	8.931300
101.041667	0.5	8.932050
101.050000	0.5	8.915350
101.058333	0.5	8.913000
101.066667	0.5	8.911050
101.075000	0.5	8.895900
101.083333	0.5	8.889800
101.091667	0.5	8.892850
101.100000	0.5	8.890800
101.108333	0.5	8.888250
101.116667	0.5	8.877100
101.125000	0.5	8.869750
101.133333	0.5	8.872350
101.141667	0.5	8.868300
101.150000	0.5	8.866450
101.158333	0.5	8.870500
101.166667	0.5	8.861050
101.175000	0.5	8.862250
101.183333	0.5	8.859500
101.191667	0.5	8.859350
101.200000	0.5	8.851300
101.208333	0.5	8.858750
101.216667	0.5	8.856700
101.225000	0.5	8.854150
101.233333	0.5	8.851350
101.241667	0.5	8.845300
101.250000	0.5	8.857000
101.258333	0.5	8.850550
101.266667	0.5	8.852850
101.275000	0.5	8.865250
101.283333	0.5	8.862750
101.291667	0.5	8.863900
101.300000	0.5	8.869400
101.308333	0.5	8.869200
101.316667	0.5	8.872200
101.325000	0.5	8.880050
101.333333	0.5	8.890500
101.341667	0.5	8.893700
101.350000	0.5	8.901800
101.358333	0.5	8.897550
101.366667	0.5	8.903300
101.375000	0.5	8.914650
101.383333	0.5	8.921000
101.391667	0.5	8.925100
101.400000	0.5	8.935750
101.408333	0.5	8.934250
101.416667	0.5	8.939050
101.425000	0.5	8.947900
101.433333	0.5	8.956250
101.441667	0.5	8.966500
101.450000	0.5	8.968700
101.458333	0.5	8.989850
101.466667	0.5	8.987250
101.475000	0.5	8.994650
101.483333	0.5	8.994350
101.491667	0.5	9.006350
101.500000	0.5	9.019950
101.508333	0.5	9.019950
101.516667	0.5	9.034500
101.525000	0.5	9.042850
101.533333	0.5	9.039800
101.541667	0.5	9.055100
101.550000	0.5	9.043450
101.558333	0.5	9.057450
101.566667	0.5	9.060050
101.575000	0.5	9.072000
101.583333	0.5	9.082900
101.591667	0.5	9.093700
101.600000	0.5	9.098650
101.608333	0.5	9.111750
101.616667	0.5	9.107500
101.625000	0.5	9.122250
101.633333	0.5	9.117200
101.641667	0.5	9.123150
101.650000	0.5	9.131500
101.658333	0.5	9.150650
101.666667	0.5	9.158150
101.675000	0.5	9.161600
101.683333	0.5	9.176300
101.691667	0.5	9.188650
101.700000	0.5	9.199600
101.708333	0.5	9.201350
101.716667	0.5	9.207600
101.725000	0.5	9.218750
101.733333	0.5	9.220250
101.741667	0.5	9.239550
101.750000	0.5	9.253300
101.758333	0.5	9.262100
101.766667	0.5	9.271700
101.775000	0.5	9.275200
101.783333	0.5	9.305350
101.791667	0.5	9.305400
101.800000	0.5	9.321150
101.808333	0.5	9.318500
101.816667	0.5	9.332050
101.825000	0.5	9.349350
101.833333	0.5	9.353250
101.841667	0.5	9.365700
101.850000	0.5	9.371200
101.858333	0.5	9.384300
101.866667	0.5	9.402800
101.875000	0.5	9.405650
101.883333	0.5	9.416000
101.891667	0.5	9.430050
101.900000	0.5	9.436450
101.908333	0.5	9.445950
101.916667	0.5	9.452550
101.925000	0.5	9.472000
101.933333	0.5	9.481200
101.941667	0.5	9.483250
101.950000	0.5	9.489700
101.958333	0.5	9.489650
101.966667	0.5	9.512050
101.975000	0.5	9.508750
101.983333	0.5	9.515650
101.991667	0.5	9.528800
102.000000	0.5	9.536150
102.008333	0.5	9.534750
102.016667	0.5	9.548800
102.025000	0.5	9.551250
102.033333	0.5	9.553800
102.041667	0.5	9.562250
102.050000	0.5	9.568150
102.058333	0.5	9.569900
102.066667	0.5	9.574900
102.075000	0.5	9.574650
102.083333	0.5	9.579500
102.091667	0.5	9.585050
102.100000	0.5	9.577700
102.108333	0.5	9.588500
102.116667	0.5	9.586350
102.125000	0.5	9.599250
102.133333	0.5	9.586450
102.141667	0.5	9.589550
102.150000	0.5	9.601850
102.158333	0.5	9.588100
102.166667	0.5	9.615200
102.175000	0.5	9.610050
102.183333	0.5	9.608800
102.191667	0.5	9.608650
102.200000	0.5	9.615700
102.208333	0.5	9.612300
102.216667	0.5	9.612000
102.225000	0.5	9.611800
102.233333	0.5	9.610850
102.241667	0.5	9.611600
102.250000	0.5	9.625500
102.258333	0.5	9.627650
102.266667	0.5	9.632100
102.275000	0.5	9.625600
102.283333	0.5	9.625750
102.291667	0.5	9.632050
102.300000	0.5	9.635000
102.308333	0.5	9.642800
102.316667	0.5	9.639500
102.325000	0.5	9.633350
102.333333	0.5	9.643150
102.341667	0.5	9.648150
102.350000	0.5	9.643150
102.358333	0.5	9.651450
102.366667	0.5	9.657250
102.375000	0.5	9.658400
102.383333	0.5	9.668150
102.391667	0.5	9.661250
102.400000	0.5	9.664300
102.408333	0.5	9.671150
102.416667	0.5	9.663250
102.425000	0.5	9.673000
102.433333	0.5	9.666200
102.441667	0.5	9.667800
102.450000	0.5	9.676600
102.458333	0.5	9.666950
102.466667	0.5	9.669050
102.475000	0.5	9.661750
102.483333	0.5	9.657000
102.491667	0.5	9.665950
102.500000	0.5	9.660200
102.508333	0.5	9.663350
102.516667	0.5	9.652550
102.525000	0.5	9.653700
102.533333	0.5	9.641550
102.541667	0.5	9.642300
102.550000	0.5	9.637200
102.558333	0.5	9.634600
102.566667	0.5	9.623350
102.575000	0.5	9.615600
102.583333	0.5	9.620100
102.591667	0.5	9.612800
102.600000	0.5	9.597800
102.608333	0.5	9.600250
102.616667	0.5	9.587450
102.625000	0.5	9.580950
102.633333	0.5	9.579150
102.641667	0.5	9.569050
102.650000	0.5	9.562350
102.658333	0.5	9.550500
102.666667	0.5	9.546550
102.675000	0.5	9.532050
102.683333	0.5	9.525000
102.691667	0.5	9.519800
102.700000	0.5	9.517150
102.708333	0.5	9.511300
102.716667	0.5	9.500100
102.725000	0.5	9.497400
102.733333	0.5	9.480150
102.741667	0.5	9.474200
102.750000	0.5	9.460450
102.758333	0.5	9.460500
102.766667	0.5	9.460400
102.775000	0.5	9.447150
102.783333	0.5	9.448750
102.791667	0.5	9.443750
102.800000	0.5	9.438750
102.808333	0.5	9.441400
102.816667	0.5	9.446200
102.825000	0.5	9.442200
102.833333	0.5	9.434500
102.841667	0.5	9.432450
102.850000	0.5	9.434550
102.858333	0.5	9.440750
102.866667	0.5	9.429300
102.875000	0.5	9.420600
102.883333	0.5	9.416250
102.891667	0.5	9.417950
102.900000	0.5	9.415850
102.908333	0.5	9.419550
102.916667	0.5	9.410650
102.925000	0.5	9.406300
102.933333	0.5	9.400250
102.941667	0.5	9.408850
102.950000	0.5	9.410750
102.958333	0.5	9.395400
102.966667	0.5	9.397600
102.975000	0.5	9.389250
102.983333	0.5	9.384900
102.991667	0.5	9.392700
103.000000	0.5	9.382300
103.008333	0.5	9.386600
103.016667	0.5	9.374900
103.025000	0.5	9.388950
103.033333	0.5	9.386150
103.041667	0.5	9.385100
103.050000	0.5	9.379950
103.058333	0.5	9.385450
103.066667	0.5	9.382050
103.075000	0.5	9.373700
103.083333	0.5	9.370250
103.091667	0.5	9.365350
103.100000	0.5	9.370000
103.108333	0.5	9.373100
103.116667	0.5	9.374250
103.125000	0.5	9.379800
103.133333	0.5	9.381850
103.141667	0.5	9.357450
103.150000	0.5	9.361200
103.158333	0.5	9.370950
103.166667	0.5	9.364900
103.175000	0.5	9.367550
103.183333	0.5	9.369100
103.191667	0.5	9.357500
103.200000	0.5	9.356150
103.208333	0.5	9.350600
103.216667	0.5	9.342550
103.225000	0.5	9.350150
103.233333	0.5	9.343450
103.241667	0.5	9.338000
103.250000	0.5	9.334350
103.258333	0.5	9.330100
103.266667	0.5	9.324950
103.275000	0.5	9.316800
103.283333	0.5	9.316900
103.291667	0.5	9.303250
103.300000	0.5	9.310900
103.308333	0.5	9.296250
103.316667	0.5	9.291550
103.325000	0.5	9.287350
103.333333	0.5	9.275500
103.341667	0.5	9.263800
103.350000	0.5	9.266850
103.358333	0.5	9.257800
103.366667	0.5	9.254850
103.375000	0.5	9.250450
103.383333	0.5	9.243800
103.391667	0.5	9.234500
103.400000	0.5	9.232650
103.408333	0.5	9.217900
103.416667	0.5	9.223100
103.425000	0.5	9.210750
103.433333	0.5	9.213750
103.441667	0.5	9.205150
103.450000	0.5	9.206650
103.458333	0.5	9.197750
103.466667	0.5	9.207200
103.475000	0.5	9.194150
103.483333	0.5	9.190950
103.491667	0.5	9.198050
103.500000	0.5	9.186400
103.508333	0.5	9.197500
103.516667	0.5	9.190650
103.525000	0.5	9.192050
103.533333	0.5	9.192550
103.541667	0.5	9.191350
103.550000	0.5	9.189350
103.558333	0.5	9.180450
103.566667	0.5	9.187150
103.575000	0.5	9.187550
103.583333	0.5	9.192200
103.591667	0.5	9.190900
103.600000	0.5	9.198150
103.608333	0.5	9.189650
103.616667	0.5	9.196200
103.625000	0.5	9.192950
103.633333	0.5	9.190900
103.641667	0.5	9.201200
103.650000	0.5	9.196700
103.658333	0.5	9.194850
103.666667	0.5	9.188250
103.675000	0.5	9.191850
103.683333	0.5	9.189000
103.691667	0.5	9.183850
103.700000	0.5	9.188450
103.708333	0.5	9.190650
103.716667	0.5	9.187100
103.725000	0.5	9.177000
103.733333	0.5	9.172450
103.741667	0.5	9.177050
103.750000	0.5	9.167650
103.758333	0.5	9.164050
103.766667	0.5	9.152050
103.775000	0.5	9.142350
103.783333	0.5	9.146400
103.791667	0.5	9.139250
103.800000	0.5	9.140150
103.808333	0.5	9.129600
103.816667	0.5	9.124450
103.825000	0.5	9.114550
103.833333	0.5	9.129900
103.841667	0.5	9.104450
103.850000	0.5	9.106550
103.858333	0.5	9.107200
103.866667	0.5	9.101450
103.875000	0.5	9.086250
103.883333	0.5	9.088900
103.891667	0.5	9.087500
103.900000	0.5	9.084100
103.908333	0.5	9.086300
103.916667	0.5	9.084900
103.925000	0.5	9.076300
103.933333	0.5	9.079350
103.941667	0.5	9.079800
103.950000	0.5	9.077600
103.958333	0.5	9.069900
103.966667	0.5	9.069900
103.975000	0.5	9.066700
103.983333	0.5	9.062400
103.991667	0.5	9.068100
104.000000	0.5	9.059300
104.008333	0.5	9.064250
104.016667	0.5	9.062800
104.025000	0.5	9.061100
104.033333	0.5	9.075450
104.041667	0.5	9.087050
104.050000	0.5	9.085850
104.058333	0.5	9.076250
104.066667	0.5	9.080950
104.075000	0.5	9.081950
104.083333	0.5	9.077500
104.091667	0.5	9.083300
104.100000	0.5	9.083750
104.108333	0.5	9.080850
104.116667	0.5	9.083800
104.125000	0.5	9.084050
104.133333	0.5	9.083450
104.141667	0.5	9.086400
104.150000	0.5	9.085050
104.158333	0.5	9.085500
104.166667	0.5	9.084100
104.175000	0.5	9.090950
104.183333	0.5	9.094600
104.191667	0.5	9.088150
104.200000	0.5	9.099050
104.208333	0.5	9.087800
104.216667	0.5	9.096800
104.225000	0.5	9.087400
104.233333	0.5	9.098000
104.241667	0.5	9.093550
104.250000	0.5	9.085750
104.258333	0.5	9.087550
104.266667	0.5	9.085250
104.275000	0.5	9.074450
104.283333	0.5	9.085450
104.291667	0.5	9.089950
104.300000	0.5	9.087700
104.308333	0.5	9.083450
104.316667	0.5	9.079100
104.325000	0.5	9.073650
104.333333	0.5	9.067900
104.341667	0.5	9.056300
104.350000	0.5	9.066150
104.358333	0.5	9.069650
104.366667	0.5	9.059950
104.375000	0.5	9.051300
104.383333	0.5	9.059400
104.391667	0.5	9.056350
104.400000	0.5	9.057750
104.408333	0.5	9.055400
104.416667	0.5	9.045450
104.425000	0.5	9.053700
104.433333	0.5	9.048250
104.441667	0.5	9.047400
104.450000	0.5	9.062150
104.458333	0.5	9.047550
104.466667	0.5	9.049750
104.475000	0.5	9.049700
104.483333	0.5	9.054700
104.491667	0.5	9.049700
104.500000	0.5	9.057200
104.508333	0.5	9.054900
104.516667	0.5	9.052300
104.525000	0.5	9.062600
104.533333	0.5	9.058650
104.541667	0.5	9.058900
104.550000	0.5	9.064600
104.558333	0.5	9.064550
104.566667	0.5	9.068500
104.575000	0.5	9.063200
104.583333	0.5	9.057750
104.591667	0.5	9.072450
104.600000	0.5	9.069900
104.608333	0.5	9.075350
104.616667	0.5	9.069200
104.625000	0.5	9.084350
104.633333	0.5	9.077550
104.641667	0.5	9.080650
104.650000	0.5	9.071800
104.658333	0.5	9.087150
104.666667	0.5	9.078850
104.675000	0.5	9.080050
104.683333	0.5	9.084250
104.691667	0.5	9.091350
104.700000	0.5	9.088200
104.708333	0.5	9.086400
104.716667	0.5	9.097700
104.725000	0.5	9.103550
104.733333	0.5	9.095600
104.741667	0.5	9.091350
104.750000	0.5	9.095550
104.758333	0.5	9.089700
104.766667	0.5	9.093850
104.775000	0.5	9.096650
104.783333	0.5	9.081550
104.791667	0.5	9.088900
104.800000	0.5	9.086850
104.808333	0.5	9.087200
104.816667	0.5	9.077250
104.825000	0.5	9.089250
104.833333	0.5	9.087750
104.841667	0.5	9.079600
104.850000	0.5	9.067300
104.858333	0.5	9.079550
104.866667	0.5	9.073100
104.875000	0.5	9.071700
104.883333	0.5	9.071300
104.891667	0.5	9.072100
104.900000	0.5	9.067750
104.908333	0.5	9.060300
104.916667	0.5	9.049200
104.925000	0.5	9.053850
104.933333	0.5	9.036100
104.941667	0.5	9.050500
104.950000	0.5	9.040650
104.958333	0.5	9.034350
104.966667	0.5	9.031600
104.975000	0.5	9.038150
104.983333	0.5	9.025800
104.991667	0.5	9.027800
105.000000	0.5	9.026800
105.008333	0.5	9.012250
105.016667	0.5	9.014400
105.025000	0.5	9.003800
105.033333	0.5	9.006050
105.041667	0.5	9.006950
105.050000	0.5	9.008850
105.058333	0.5	8.993300
105.066667	0.5	8.992450
105.075000	0.5	8.994400
105.083333	0.5	8.996700
105.091667	0.5	8.984850
105.100000	0.5	8.986550
105.108333	0.5	8.977150
105.116667	0.5	8.980700
105.125000	0.5	8.963950
105.133333	0.5	8.970250
105.141667	0.5	8.967950
105.150000	0.5	8.966750
105.158333	0.5	8.972700
105.166667	0.5	8.959850
105.175000	0.5	8.955050
105.183333	0.5	8.960300
105.191667	0.5	8.936200
105.200000	0.5	8.935950
105.208333	0.5	8.934050
105.216667	0.5	8.944500
105.225000	0.5	8.937400
105.233333	0.5	8.931450
105.241667	0.5	8.933200
105.250000	0.5	8.917350
105.258333	0.5	8.913700
105.266667	0.5	8.909900
105.275000	0.5	8.905100
105.283333	0.5	8.896050
105.291667	0.5	8.887050
105.300000	0.5	8.887050
105.308333	0.5	8.883750
105.316667	0.5	8.864650
105.325000	0.5	8.877200
105.333333	0.5	8.864650
105.341667	0.5	8.857550
105.350000	0.5	8.848300
105.358333	0.5	8.846550
105.366667	0.5	8.829050
105.375000	0.5	8.826200
105.383333	0.5	8.835100
105.391667	0.5	8.806600
105.400000	0.5	8.818100
105.408333	0.5	8.808200
105.416667	0.5	8.799150
105.425000	0.5	8.796700
105.433333	0.5	8.781400
105.441667	0.5	8.778500
105.450000	0.5	8.785500
105.458333	0.5	8.776750
105.466667	0.5	8.772000
105.475000	0.5	8.755550
105.483333	0.5	8.763050
105.491667	0.5	8.767350
105.500000	0.5	8.753700
105.508333	0.5	8.752050
105.516667	0.5	8.754900
105.525000	0.5	8.757300
105.533333	0.5	8.753300
105.541667	0.5	8.755050
105.550000	0.5	8.745050
105.558333	0.5	8.750800
105.566667	0.5	8.749900
105.575000	0.5	8.746000
105.583333	0.5	8.752600
105.591667	0.5	8.738150
105.600000	0.5	8.757450
105.608333	0.5	8.749450
105.616667	0.5	8.763050
105.625000	0.5	8.754000
105.633333	0.5	8.753950
105.641667	0.5	8.760600
105.650000	0.5	8.761250
105.658333	0.5	8.768300
105.666667	0.5	8.760000
105.675000	0.5	8.768250
105.683333	0.5	8.770750
105.691667	0.5	8.777200
105.700000	0.5	8.765550
105.708333	0.5	8.771950
105.716667	0.5	8.763750
105.725000	0.5	8.777350
105.733333	0.5	8.782600
105.741667	0.5	8.775550
105.750000	0.5	8.771800
105.758333	0.5	8.780000
105.766667	0.5	8.767800
105.775000	0.5	8.782800
105.783333	0.5	8.779600
105.791667	0.5	8.777450
105.800000	0.5	8.783700
105.808333	0.5	8.779050
105.816667	0.5	8.794850
105.825000	0.5	8.786450
105.833333	0.5	8.795650
105.841667	0.5	8.798450
105.850000	0.5	8.794500
105.858333	0.5	8.792050
105.866667	0.5	8.797250
105.875000	0.5	8.800550
105.883333	0.5	8.808450
105.891667	0.5	8.805250
105.900000	0.5	8.813800
105.908333	0.5	8.813850
105.916667	0.5	8.817300
105.925000	0.5	8.807700
105.933333	0.5	8.820300
105.941667	0.5	8.821000
105.950000	0.5	8.820000
105.958333	0.5	8.821700
105.966667	0.5	8.818750
105.975000	0.5	8.829200
105.983333	0.5	8.826450
105.991667	0.5	8.821800
106.000000	0.5	8.835750
106.008333	0.5	8.840700
106.016667	0.5	8.829550
106.025000	0.5	8.847050
106.033333	0.5	8.832350
106.041667	0.5	8.837400
106.050000	0.5	8.837900
106.058333	0.5	8.842350
106.066667	0.5	8.841300
106.075000	0.5	8.846950
106.083333	0.5	8.836800
106.091667	0.5	8.841050
106.100000	0.5	8.839350
106.108333	0.5	8.848450
106.116667	0.5	8.843900
106.125000	0.5	8.826350
106.133333	0.5	8.843700
106.141667	0.5	8.822350
106.150000	0.5	8.836700
106.158333	0.5	8.841250
106.166667	0.5	8.837900
106.175000	0.5	8.839400
106.183333	0.5	8.846150
106.191667	0.5	8.841150
106.200000	0.5	8.843150
106.208333	0.5	8.847000
106.216667	0.5	8.851400
106.225000	0.5	8.834150
106.233333	0.5	8.851050
106.241667	0.5	8.843150
106.250000	0.5	8.841200
106.258333	0.5	8.848150
106.266667	0.5	8.837200
106.275000	0.5	8.845700
106.283333	0.5	8.842200
106.291667	0.5	8.839450
106.300000	0.5	8.837750
106.308333	0.5	8.839700
106.316667	0.5	8.840100
106.325000	0.5	8.841100
106.333333	0.5	8.837950
106.341667	0.5	8.837350
106.350000	0.5	8.841950
106.358333	0.5	8.842400
106.366667	0.5	8.838650
106.375000	0.5	8.831150
106.383333	0.5	8.831350
106.391667	0.5	8.849600
106.400000	0.5	8.845450
106.408333	0.5	8.835400
106.416667	0.5	8.833400
106.425000	0.5	8.832400
106.433333	0.5	8.831350
106.441667	0.5	8.828650
106.450000	0.5	8.819900
106.458333	0.5	8.826000
106.466667	0.5	8.824450
106.475000	0.5	8.837050
106.483333	0.5	8.833700
106.491667	0.5	8.821450
106.500000	0.5	8.826350
106.508333	0.5	8.816550
106.516667	0.5	8.822600
106.525000	0.5	8.816300
106.533333	0.5	8.820300
106.541667	0.5	8.813750
106.550000	0.5	8.819100
106.558333	0.5	8.818750
106.566667	0.5	8.818200
106.575000	0.5	8.822400
106.583333	0.5	8.822450
106.591667	0.5	8.822800
106.600000	0.5	8.817500
106.608333	0.5	8.820350
106.616667	0.5	8.816850
106.625000	0.5	8.815150
106.633333	0.5	8.813050
106.641667	0.5	8.815850
106.650000	0.5	8.813950
106.658333	0.5	8.819800
106.666667	0.5	8.825400
106.675000	0.5	8.821600
106.683333	0.5	8.816300
106.691667	0.5	8.822850
106.700000	0.5	8.835350
106.708333	0.5	8.831400
106.716667	0.5	8.831050
106.725000	0.5	8.826950
106.733333	0.5	8.830050
106.741667	0.5	8.840750
106.750000	0.5	8.834400
106.758333	0.5	8.834800
106.766667	0.5	8.850800
106.775000	0.5	8.841500
106.783333	0.5	8.843250
106.791667	0.5	8.833900
106.800000	0.5	8.840600
106.808333	0.5	8.847850
106.816667	0.5	8.853700
106.825000	0.5	8.853600
106.833333	0.5	8.857800
106.841667	0.5	8.865850
106.850000	0.5	8.869250
106.858333	0.5	8.865000
106.866667	0.5	8.867400
106.875000	0.5	8.863000
106.883333	0.5	8.858150
106.891667	0.5	8.857300
106.900000	0.5	8.866950
106.908333	0.5	8.867700
106.916667	0.5	8.873500
106.925000	0.5	8.881250
106.933333	0.5	8.875150
106.941667	0.5	8.873450
106.950000	0.5	8.872450
106.958333	0.5	8.877900
106.966667	0.5	8.889850
106.975000	0.5	8.894050
106.983333	0.5	8.878850
106.991667	0.5	8.885100
107.000000	0.5	8.895250
107.008333	0.5	8.894100
107.016667	0.5	8.885500
107.025000	0.5	8.897950
107.033333	0.5	8.901950
107.041667	0.5	8.904050
107.050000	0.5	8.905350
107.058333	0.5	8.916450
107.066667	0.5	8.918500
107.075000	0.5	8.921900
107.083333	0.5	8.919600
107.091667	0.5	8.931350
107.100000	0.5	8.930750
107.108333	0.5	8.936850
107.116667	0.5	8.937700
107.125000	0.5	8.943500
107.133333	0.5	8.947450
107.141667	0.5	8.950500
107.150000	0.5	8.961500
107.158333	0.5	8.959250
107.166667	0.5	8.968550
107.175000	0.5	8.964250
107.183333	0.5	8.973900
107.191667	0.5	8.978650
107.200000	0.5	8.980100
107.208333	0.5	8.981850
107.216667	0.5	8.999400
107.225000	0.5	8.995950
107.233333	0.5	8.996450
107.241667	0.5	9.003300
107.250000	0.5	9.005500
107.258333	0.5	9.013650
107.266667	0.5	9.028550
107.275000	0.5	9.026650
107.283333	0.5	9.038900
107.291667	0.5	9.036200
107.300000	0.5	9.040500
107.308333	0.5	9.044300
107.316667	0.5	9.054050
107.325000	0.5	9.059350
107.333333	0.5	9.057800
107.341667	0.5	9.068350
107.350000	0.5	9.076650
107.358333	0.5	9.085200
107.366667	0.5	9.083950
107.375000	0.5	9.091650
107.383333	0.5	9.097200
107.391667	0.5	9.108450
107.400000	0.5	9.108300
107.408333	0.5	9.117300
107.416667	0.5	9.115850
107.425000	0.5	9.131600
107.433333	0.5	9.122500
107.441667	0.5	9.141050
107.450000	0.5	9.147250
107.458333	0.5	9.147650
107.466667	0.5	9.149500
107.475000	0.5	9.157100
107.483333	0.5	9.164650
107.491667	0.5	9.159350
107.500000	0.5	9.172800
107.508333	0.5	9.177550
107.516667	0.5	9.173150
107.525000	0.5	9.180250
107.533333	0.5	9.196300
107.541667	0.5	9.188650
107.550000	0.5	9.209600
107.558333	0.5	9.193350
107.566667	0.5	9.204000
107.575000	0.5	9.205250
107.583333	0.5	9.219100
107.591667	0.5	9.220300
107.600000	0.5	9.221650
107.608333	0.5	9.213750
107.616667	0.5	9.217450
107.625000	0.5	9.225100
107.633333	0.5	9.230350
107.641667	0.5	9.229200
107.650000	0.5	9.227450
107.658333	0.5	9.220700
107.666667	0.5	9.234700
107.675000	0.5	9.239250
107.683333	0.5	9.242900
107.691667	0.5	9.241100
107.700000	0.5	9.230300
107.708333	0.5	9.239900
107.716667	0.5	9.230950
107.725000	0.5	9.235850
107.733333	0.5	9.234750
107.741667	0.5	9.229200
107.750000	0.5	9.227250
107.758333	0.5	9.219700
107.766667	0.5	9.225750
107.775000	0.5	9.216500
107.783333	0.5	9.223600
107.791667	0.5	9.222200
107.800000	0.5	9.206450
107.808333	0.5	9.211800
107.816667	0.5	9.202700
107.825000	0.5	9.209150
107.833333	0.5	9.195750
107.841667	0.5	9.209050
107.850000	0.5	9.192850
107.858333	0.5	9.186750
107.866667	0.5	9.192700
107.875000	0.5	9.185000
107.883333	0.5	9.176050
107.891667	0.5	9.178450
107.900000	0.5	9.179300
107.908333	0.5	9.188700
107.916667	0.5	9.178150
107.925000	0.5	9.173350
107.933333	0.5	9.175050
107.941667	0.5	9.180100
107.950000	0.5	9.182200
107.958333	0.5	9.166800
107.966667	0.5	9.169950
107.975000	0.5	9.180900
107.983333	0.5	9.179250
107.991667	0.5	9.172400
108.000000	0.5	9.159500
108.008333	0.5	9.170000
108.016667	0.5	9.178700
108.025000	0.5	9.168400
108.033333	0.5	9.182700
108.041667	0.5	9.179800
108.050000	0.5	9.174100
108.058333	0.5	9.179400
108.066667	0.5	9.178900
108.075000	0.5	9.164950
108.083333	0.5	9.179550
108.091667	0.5	9.171850
108.100000	0.5	9.164250
108.108333	0.5	9.173700
108.116667	0.5	9.174150
108.125000	0.5	9.171750
108.133333	0.5	9.174350
108.141667	0.5	9.167450
108.150000	0.5	9.180150
108.158333	0.5	9.177100
108.166667	0.5	9.185450
108.175000	0.5	9.185950
108.183333	0.5	9.173300
108.191667	0.5	9.185400
108.200000	0.5	9.169150
108.208333	0.5	9.183950
108.216667	0.5	9.178950
108.225000	0.5	9.171850
108.233333	0.5	9.178800
108.241667	0.5	9.180000
108.250000	0.5	9.180450
108.258333	0.5	9.179300
108.266667	0.5	9.188900
108.275000	0.5	9.177250
108.283333	0.5	9.172100
108.291667	0.5	9.181250
108.300000	0.5	9.185050
108.308333	0.5	9.175350
108.316667	0.5	9.178150
108.325000	0.5	9.183950
108.333333	0.5	9.185900
108.341667	0.5	9.187100
108.350000	0.5	9.186650
108.358333	0.5	9.181800
108.366667	0.5	9.184600
108.375000	0.5	9.181850
108.383333	0.5	9.185300
108.391667	0.5	9.167250
108.400000	0.5	9.180600
108.408333	0.5	9.174000
108.416667	0.5	9.177100
108.425000	0.5	9.175350
108.433333	0.5	9.169800
108.441667	0.5	9.170200
108.450000	0.5	9.174350
108.458333	0.5	9.171600
108.466667	0.5	9.158200
108.475000	0.5	9.152250
108.483333	0.5	9.152850
108.491667	0.5	9.157050
108.500000	0.5	9.153800
108.508333	0.5	9.144550
108.516667	0.5	9.144050
108.525000	0.5	9.132300
108.533333	0.5	9.133000
108.541667	0.5	9.131300
108.550000	0.5	9.123900
108.558333	0.5	9.121350
108.566667	0.5	9.111150
108.575000	0.5	9.118750
108.583333	0.5	9.110650
108.591667	0.5	9.103300
108.600000	0.5	9.090150
108.608333	0.5	9.092450
108.616667	0.5	9.081650
108.625000	0.5	9.085900
108.633333	0.5	9.087050
108.641667	0.5	9.066500
108.650000	0.5	9.076000
108.658333	0.5	9.067450
108.666667	0.5	9.066200
108.675000	0.5	9.067400
108.683333	0.5	9.054900
108.691667	0.5	9.043950
108.700000	0.5	9.046000
108.708333	0.5	9.049650
108.716667	0.5	9.041000
108.725000	0.5	9.037750
108.733333	0.5	9.042750
108.741667	0.5	9.038400
108.750000	0.5	9.034850
108.758333	0.5	9.025900
108.766667	0.5	9.026650
108.775000	0.5	9.032500
108.783333	0.5	9.028450
108.791667	0.5	9.014100
108.800000	0.5	9.011850
108.808333	0.5	9.010300
108.816667	0.5	9.004950
108.825000	0.5	9.010400
108.833333	0.5	9.002750
108.841667	0.5	9.009200
108.850000	0.5	8.986800
108.858333	0.5	9.000550
108.866667	0.5	9.006150
108.875000	0.5	8.992450
108.883333	0.5	8.997750
108.891667	0.5	9.002900
108.900000	0.5	8.991150
108.908333	0.5	9.000550
108.916667	0.5	8.989500
108.925000	0.5	8.992550
108.933333	0.5	8.987850
108.941667	0.5	8.984350
108.950000	0.5	8.979700
108.958333	0.5	8.978100
108.966667	0.5	8.985050
108.975000	0.5	8.975000
108.983333	0.5	8.982600
108.991667	0.5	8.981150
109.000000	0.5	9.000950
109.008333	0.5	8.968950
109.016667	0.5	8.979550
109.025000	0.5	8.973350
109.033333	0.5	8.963500
109.041667	0.5	8.956050
109.050000	0.5	8.968450
109.058333	0.5	8.974200
109.066667	0.5	8.974750
109.075000	0.5	8.968100
109.083333	0.5	8.963500
109.091667	0.5	8.971700
109.100000	0.5	8.965550
109.108333	0.5	8.963400
109.116667	0.5	8.966700
109.125000	0.5	8.965550
109.133333	0.5	8.968250
109.141667	0.5	8.967950
109.150000	0.5	8.980000
109.158333	0.5	8.982550
109.166667	0.5	8.963400
109.175000	0.5	8.970600
109.183333	0.5	8.971250
109.191667	0.5	8.976650
109.200000	0.5	8.971650
109.208333	0.5	8.966750
109.216667	0.5	8.977000
109.225000	0.5	8.973850
109.233333	0.5	8.988850
109.241667	0.5	8.979000
109.250000	0.5	8.982150
109.258333	0.5	8.974100
109.266667	0.5	8.983850
109.275000	0.5	8.988100
109.283333	0.5	8.987200
109.291667	0.5	8.992800
109.300000	0.5	8.990100
109.308333	0.5	8.991700
109.316667	0.5	8.991100
109.325000	0.5	9.001250
109.333333	0.5	8.988600
109.341667	0.5	9.001150
109.350000	0.5	9.007350
109.358333	0.5	8.999600
109.366667	0.5	9.007900
109.375000	0.5	9.001100
109.383333	0.5	9.005600
109.391667	0.5	9.013350
109.400000	0.5	9.015100
109.408333	0.5	8.999800
109.416667	0.5	9.013400
109.425000	0.5	9.003900
109.433333	0.5	9.015100
109.441667	0.5	9.014100
109.450000	0.5	9.022250
109.458333	0.5	9.020050
109.466667	0.5	9.013550
109.475000	0.5	9.019850
109.483333	0.5	9.022000
109.491667	0.5	9.028150
109.500000	0.5	9.030850
109.508333	0.5	9.037300
109.516667	0.5	9.033950
109.525000	0.5	9.039750
109.533333	0.5	9.038750
109.541667	0.5	9.047100
109.550000	0.5	9.048450
109.558333	0.5	9.048050
109.566667	0.5	9.054450
109.575000	0.5	9.056900
109.583333	0.5	9.051100
109.591667	0.5	9.057600
109.600000	0.5	9.061000
109.608333	0.5	9.069100
109.616667	0.5	9.062100
109.625000	0.5	9.070500
109.633333	0.5	9.086650
109.641667	0.5	9.060500
109.650000	0.5	9.070850
109.658333	0.5	9.083600
109.666667	0.5	9.085400
109.675000	0.5	9.082800
109.683333	0.5	9.086000
109.691667	0.5	9.086300
109.700000	0.5	9.088750
109.708333	0.5	9.093950
109.716667	0.5	9.093050
109.725000	0.5	9.090100
109.733333	0.5	9.091750
109.741667	0.5	9.075000
109.750000	0.5	9.080650
109.758333	0.5	9.077800
109.766667	0.5	9.084850
109.775000	0.5	9.074500
109.783333	0.5	9.080950
109.791667	0.5	9.085000
109.800000	0.5	9.081500
109.808333	0.5	9.097400
109.816667	0.5	9.086700
109.825000	0.5	9.095700
109.833333	0.5	9.103850
109.841667	0.5	9.083050
109.850000	0.5	9.082300
109.858333	0.5	9.083150
109.866667	0.5	9.076450
109.875000	0.5	9.084400
109.883333	0.5	9.080600
109.891667	0.5	9.086850
109.900000	0.5	9.083950
109.908333	0.5	9.085900
109.916667	0.5	9.090100
109.925000	0.5	9.089550
109.933333	0.5	9.085450
109.941667	0.5	9.093450
109.950000	0.5	9.097650
109.958333	0.5	9.091800
109.966667	0.5	9.085700
109.975000	0.5	9.085650
109.983333	0.5	9.098600
109.991667	0.5	9.096400
110.000000	0.5	9.086900
110.008333	0.5	9.097700
110.016667	0.5	9.097500
110.025000	0.5	9.093950
110.033333	0.5	9.095150
110.041667	0.5	9.098700
110.050000	0.5	9.098800
110.058333	0.5	9.098200
110.066667	0.5	9.096800
110.075000	0.5	9.103300
110.083333	0.5	9.096900
110.091667	0.5	9.105550
110.100000	0.5	9.108200
110.108333	0.5	9.100200
110.116667	0.5	9.095700
110.125000	0.5	9.094900
110.133333	0.5	9.100250
110.141667	0.5	9.084650
110.150000	0.5	9.089550
110.158333	0.5	9.083150
110.166667	0.5	9.087300
110.175000	0.5	9.075650
110.183333	0.5	9.070300
110.191667	0.5	9.069700
110.200000	0.5	9.065100
110.208333	0.5	9.067250
110.216667	0.5	9.069450
110.225000	0.5	9.062100
110.233333	0.5	9.064450
110.241667	0.5	9.059750
110.250000	0.5	9.053850
110.258333	0.5	9.036350
110.266667	0.5	9.050350
110.275000	0.5	9.043600
110.283333	0.5	9.036300
110.291667	0.5	9.036700
110.300000	0.5	9.029900
110.308333	0.5	9.024150
110.316667	0.5	9.032450
110.325000	0.5	9.030550
110.333333	0.5	9.012500
110.341667	0.5	9.016600
110.350000	0.5	9.008450
110.358333	0.5	9.002550
110.366667	0.5	9.000850
110.375000	0.5	8.998200
110.383333	0.5	8.983950
110.391667	0.5	8.994250
110.400000	0.5	8.994950
110.408333	0.5	8.993100
110.416667	0.5	8.984900
110.425000	0.5	9.000750
110.433333	0.5	8.975450
110.441667	0.5	8.983700
110.450000	0.5	8.979150
110.458333	0.5	8.969900
110.466667	0.5	8.972350
110.475000	0.5	8.964700
110.483333	0.5	8.964950
110.491667	0.5	8.971550
110.500000	0.5	8.961200
110.508333	0.5	8.958250
110.516667	0.5	8.954400
110.525000	0.5	8.940900
110.533333	0.5	8.936900
110.541667	0.5	8.936000
110.550000	0.5	8.932350
110.558333	0.5	8.916500
110.566667	0.5	8.920700
110.575000	0.5	8.917350
110.583333	0.5	8.916800
110.591667	0.5	8.919650
110.600000	0.5	8.918000
110.608333	0.5	8.904450
110.616667	0.5	8.903500
110.625000	0.5	8.903000
110.633333	0.5	8.893200
110.641667	0.5	8.899100
110.650000	0.5	8.900650
110.658333	0.5	8.891850
110.666667	0.5	8.889450
110.675000	0.5	8.885250
110.683333	0.5	8.895750
110.691667	0.5	8.886600
110.700000	0.5	8.888450
110.708333	0.5	8.885250
110.716667	0.5	8.884800
110.725000	0.5	8.881700
110.733333	0.5	8.883250
110.741667	0.5	8.873750
110.750000	0.5	8.876800
110.758333	0.5	8.861650
110.766667	0.5	8.865450
110.775000	0.5	8.869400
110.783333	0.5	8.866800
110.791667	0.5	8.858000
110.800000	0.5	8.860800
110.808333	0.5	8.857300
110.816667	0.5	8.868550
110.825000	0.5	8.853250
110.833333	0.5	8.849650
110.841667	0.5	8.852000
110.850000	0.5	8.847650
110.858333	0.5	8.835850
110.866667	0.5	8.842450
110.875000	0.5	8.847150
110.883333	0.5	8.841900
110.891667	0.5	8.842850
110.900000	0.5	8.836200
110.908333	0.5	8.837050
110.916667	0.5	8.829200
110.925000	0.5	8.838800
110.933333	0.5	8.832700
110.941667	0.5	8.832350
110.950000	0.5	8.831550
110.958333	0.5	8.827750
110.966667	0.5	8.822100
110.975000	0.5	8.823250
110.983333	0.5	8.824650
110.991667	0.5	8.825850
111.000000	0.5	8.822100
111.008333	0.5	8.822400
111.016667	0.5	8.822850
111.025000	0.5	8.821050
111.033333	0.5	8.818950
111.041667	0.5	8.823650
111.050000	0.5	8.819000
111.058333	0.5	8.825800
111.066667	0.5	8.815700
111.075000	0.5	8.826850
111.083333	0.5	8.811600
111.091667	0.5	8.821750
111.100000	0.5	8.815050
111.108333	0.5	8.815450
111.116667	0.5	8.817850
111.125000	0.5	8.821850
111.133333	0.5	8.810100
111.141667	0.5	8.817800
111.150000	0.5	8.813350
111.158333	0.5	8.805000
111.166667	0.5	8.804700
111.175000	0.5	8.811000
111.183333	0.5	8.809800
111.191667	0.5	8.817350
111.200000	0.5	8.810500
111.208333	0.5	8.811050
111.216667	0.5	8.810900
111.225000	0.5	8.816400
111.233333	0.5	8.803600
111.241667	0.5	8.808700
111.250000	0.5	8.804200
111.258333	0.5	8.814850
111.266667	0.5	8.806850
111.275000	0.5	8.812150
111.283333	0.5	8.812250
111.291667	0.5	8.809150
111.300000	0.5	8.819700
111.308333	0.5	8.807650
111.316667	0.5	8.811100
111.325000	0.5	8.813400
111.333333	0.5	8.810800
111.341667	0.5	8.805150
111.350000	0.5	8.798850
111.358333	0.5	8.808700
111.366667	0.5	8.810700
111.375000	0.5	8.801050
111.383333	0.5	8.810050
111.391667	0.5	8.809950
111.400000	0.5	8.805800
111.408333	0.5	8.812950
111.416667	0.5	8.810050
111.425000	0.5	8.814650
111.433333	0.5	8.811100
111.441667	0.5	8.808650
111.450000	0.5	8.813850
111.458333	0.5	8.805800
111.466667	0.5	8.812050
111.475000	0.5	8.794100
111.483333	0.5	8.799850
111.491667	0.5	8.798850
111.500000	0.5	8.800500
111.508333	0.5	8.807150
111.516667	0.5	8.809000
111.525000	0.5	8.805800
111.533333	0.5	8.807050
111.541667	0.5	8.816950
111.550000	0.5	8.817150
111.558333	0.5	8.803950
111.566667	0.5	8.810900
111.575000	0.5	8.814100
111.583333	0.5	8.822650
111.591667	0.5	8.824600
111.600000	0.5	8.817950
111.608333	0.5	8.819950
111.616667	0.5	8.820800
111.625000	0.5	8.809950
111.633333	0.5	8.822800
111.641667	0.5	8.825700
111.650000	0.5	8.823750
111.658333	0.5	8.821650
111.666667	0.5	8.827050
111.675000	0.5	8.822050
111.683333	0.5	8.838400
111.691667	0.5	8.829000
111.700000	0.5	8.829600
111.708333	0.5	8.831800
111.716667	0.5	8.829750
111.725000	0.5	8.828050
111.733333	0.5	8.840450
111.741667	0.5	8.837900
111.750000	0.5	8.840800
111.758333	0.5	8.837650
111.766667	0.5	8.842550
111.775000	0.5	8.834050
111.783333	0.5	8.843700
111.791667	0.5	8.836650
111.800000	0.5	8.848900
111.808333	0.5	8.833950
111.816667	0.5	8.832900
111.825000	0.5	8.834100
111.833333	0.5	8.837800
111.841667	0.5	8.839100
111.850000	0.5	8.835250
111.858333	0.5	8.834050
111.866667	0.5	8.838900
111.875000	0.5	8.837150
111.883333	0.5	8.830850
111.891667	0.5	8.831200
111.900000	0.5	8.832450
111.908333	0.5	8.832150
111.916667	0.5	8.830950
111.925000	0.5	8.830750
111.933333	0.5	8.831300
111.941667	0.5	8.824100
111.950000	0.5	8.825300
111.958333	0.5	8.830450
111.966667	0.5	8.829250
111.975000	0.5	8.828450
111.983333	0.5	8.829250
111.991667	0.5	8.830050
112.000000	0.5	8.832350
112.008333	0.5	8.829300
112.016667	0.5	8.824700
112.025000	0.5	8.834950
112.033333	0.5	8.831200
112.041667	0.5	8.837550
112.050000	0.5	8.836450
112.058333	0.5	8.836150
112.066667	0.5	8.848800
112.075000	0.5	8.848000
112.083333	0.5	8.852850
112.091667	0.5	8.844300
112.100000	0.5	8.848300
112.108333	0.5	8.839600
112.116667	0.5	8.853350
112.125000	0.5	8.844650
112.133333	0.5	8.852500
112.141667	0.5	8.848250
112.150000	0.5	8.862950
112.158333	0.5	8.856850
112.166667	0.5	8.860200
112.175000	0.5	8.856600
112.183333	0.5	8.870300
112.191667	0.5	8.853000
112.200000	0.5	8.863600
112.208333	0.5	8.860300
112.216667	0.5	8.871600
112.225000	0.5	8.873550
112.233333	0.5	8.874200
112.241667	0.5	8.872150
112.250000	0.5	8.880650
112.258333	0.5	8.877050
112.266667	0.5	8.871400
112.275000	0.5	8.886700
112.283333	0.5	8.877550
112.291667	0.5	8.878600
112.300000	0.5	8.876150
112.308333	0.5	8.886700
112.316667	0.5	8.886550
112.325000	0.5	8.877150
112.333333	0.5	8.890000
112.341667	0.5	8.885900
112.350000	0.5	8.879700
112.358333	0.5	8.879750
112.366667	0.5	8.884750
112.375000	0.5	8.879750
112.383333	0.5	8.883850
112.391667	0.5	8.886650
112.400000	0.5	8.881950
112.408333	0.5	8.888950
112.416667	0.5	8.894300
112.425000	0.5	8.889200
112.433333	0.5	8.893100
112.441667	0.5	8.896250
112.450000	0.5	8.890100
112.458333	0.5	8.884150
112.466667	0.5	8.895250
112.475000	0.5	8.879600
112.483333	0.5	8.891200
112.491667	0.5	8.901000
112.500000	0.5	8.888350
112.508333	0.5	8.882400
112.516667	0.5	8.897400
112.525000	0.5	8.894350
112.533333	0.5	8.891000
112.541667	0.5	8.891100
112.550000	0.5	8.895300
112.558333	0.5	8.906950
112.566667	0.5	8.900000
112.575000	0.5	8.890250
112.583333	0.5	8.900000
112.591667	0.5	8.887350
112.600000	0.5	8.903100
112.608333	0.5	8.908250
112.616667	0.5	8.903700
112.625000	0.5	8.915550
112.633333	0.5	8.918100
112.641667	0.5	8.913350
112.650000	0.5	8.904450
112.658333	0.5	8.912150
112.666667	0.5	8.917650
112.675000	0.5	8.913650
112.683333	0.5	8.917200
112.691667	0.5	8.907450
112.700000	0.5	8.912800
112.708333	0.5	8.900150
112.716667	0.5	8.915350
112.725000	0.5	8.922000
112.733333	0.5	8.919550
112.741667	0.5	8.915500
112.750000	0.5	8.915400
112.758333	0.5	8.918800
112.766667	0.5	8.908250
112.775000	0.5	8.932250
112.783333	0.5	8.907300
112.791667	0.5	8.915550
112.800000	0.5	8.909300
112.808333	0.5	8.909300
112.816667	0.5	8.911150
112.825000	0.5	8.914800
112.833333	0.5	8.909150
112.841667	0.5	8.921050
112.850000	0.5	8.909200
112.858333	0.5	8.909300
112.866667	0.5	8.906500
112.875000	0.5	8.923400
112.883333	0.5	8.909350
112.891667	0.5	8.921800
112.900000	0.5	8.906200
112.908333	0.5	8.909850
112.916667	0.5	8.904100
112.925000	0.5	8.908600
112.933333	0.5	8.913900
112.941667	0.5	8.897700
112.950000	0.5	8.898000
112.958333	0.5	8.902350
112.966667	0.5	8.907000
112.975000	0.5	8.900700
112.983333	0.5	8.901700
112.991667	0.5	8.901750
113.000000	0.5	8.894900
113.008333	0.5	8.907850
113.016667	0.5	8.895350
113.025000	0.5	8.904400
113.033333	0.5	8.900750
113.041667	0.5	8.906100
113.050000	0.5	8.909050
113.058333	0.5	8.897450
113.066667	0.5	8.908350
113.075000	0.5	8.909150
113.083333	0.5	8.909150
113.091667	0.5	8.915400
113.100000	0.5	8.908800
113.108333	0.5	8.907750
113.116667	0.5	8.909200
113.125000	0.5	8.906200
113.133333	0.5	8.909600
113.141667	0.5	8.905450
113.150000	0.5	8.913200
113.158333	0.5	8.917100
113.166667	0.5	8.914400
113.175000	0.5	8.922850
113.183333	0.5	8.918850
113.191667	0.5	8.905800
113.200000	0.5	8.904450
113.208333	0.5	8.905700
113.216667	0.5	8.905050
113.225000	0.5	8.914050
113.233333	0.5	8.901200
113.241667	0.5	8.905400
113.250000	0.5	8.899550
113.258333	0.5	8.902250
113.266667	0.5	8.893250
113.275000	0.5	8.896000
113.283333	0.5	8.890950
113.291667	0.5	8.895100
113.300000	0.5	8.896200
113.308333	0.5	8.891150
113.316667	0.5	8.892900
113.325000	0.5	8.879300
113.333333	0.5	8.878900
113.341667	0.5	8.886700
113.350000	0.5	8.875300
113.358333	0.5	8.879900
113.366667	0.5	8.867950
113.375000	0.5	8.864400
113.383333	0.5	8.856400
113.391667	0.5	8.877800
113.400000	0.5	8.862900
113.408333	0.5	8.869200
113.416667	0.5	8.866650
113.425000	0.5	8.857500
113.433333	0.5	8.878950
113.441667	0.5	8.864400
113.450000	0.5	8.859950
113.458333	0.5	8.873150
113.466667	0.5	8.868900
113.475000	0.5	8.869550
113.483333	0.5	8.858850
113.491667	0.5	8.859500
113.500000	0.5	8.857400
113.508333	0.5	8.867450
113.516667	0.5	8.857400
113.525000	0.5	8.862350
113.533333	0.5	8.863950
113.541667	0.5	8.857400
113.550000	0.5	8.860950
113.558333	0.5	8.866900
113.566667	0.5	8.856900
113.575000	0.5	8.859700
113.583333	0.5	8.850250
113.591667	0.5	8.860000
113.600000	0.5	8.863850
113.608333	0.5	8.865600
113.616667	0.5	8.864500
113.625000	0.5	8.857700
113.633333	0.5	8.872050
113.641667	0.5	8.858700
113.650000	0.5	8.879400
113.658333	0.5	8.859750
113.666667	0.5	8.856050
113.675000	0.5	8.867200
113.683333	0.5	8.857100
113.691667	0.5	8.852250
113.700000	0.5	8.857150
113.708333	0.5	8.873950
113.716667	0.5	8.856950
113.725000	0.5	8.852450
113.733333	0.5	8.850200
113.741667	0.5	8.854350
113.750000	0.5	8.852500
113.758333	0.5	8.860250
113.766667	0.5	8.846850
113.775000	0.5	8.856200
113.783333	0.5	8.869850
113.791667	0.5	8.860250
113.800000	0.5	8.853950
113.808333	0.5	8.854700
113.816667	0.5	8.858950
113.825000	0.5	8.865950
113.833333	0.5	8.854600
113.841667	0.5	8.847950
113.850000	0.5	8.848100
113.858333	0.5	8.846750
113.866667	0.5	8.851000
113.875000	0.5	8.857250
113.883333	0.5	8.845400
113.891667	0.5	8.841000
113.900000	0.5	8.847100
113.908333	0.5	8.848750
113.916667	0.5	8.841750
113.925000	0.5	8.850050
113.933333	0.5	8.855200
113.941667	0.5	8.852850
113.950000	0.5	8.843850
113.958333	0.5	8.839500
113.966667	0.5	8.851950
113.975000	0.5	8.839450
113.983333	0.5	8.851500
113.991667	0.5	8.837150
114.000000	0.5	8.833100
114.008333	0.5	8.844400
114.016667	0.5	8.835400
114.025000	0.5	8.837800
114.033333	0.5	8.841900
114.041667	0.5	8.854150
114.050000	0.5	8.840750
114.058333	0.5	8.831550
114.066667	0.5	8.832750
114.075000	0.5	8.825300
114.083333	0.5	8.828600
114.091667	0.5	8.827750
114.100000	0.5	8.839150
114.108333	0.5	8.821600
114.116667	0.5	8.820350
114.125000	0.5	8.831950
114.133333	0.5	8.836250
114.141667	0.5	8.824350
114.150000	0.5	8.825150
114.158333	0.5	8.821000
114.166667	0.5	8.825450
114.175000	0.5	8.811550
114.183333	0.5	8.805200
114.191667	0.5	8.809200
114.200000	0.5	8.802850
114.208333	0.5	8.816750
114.216667	0.5	8.800450
114.225000	0.5	8.803900
114.233333	0.5	8.796800
114.241667	0.5	8.789900
114.250000	0.5	8.792500
114.258333	0.5	8.775300
114.266667	0.5	8.779550
114.275000	0.5	8.768700
114.283333	0.5	8.773700
114.291667	0.5	8.772900
114.300000	0.5	8.778000
114.308333	0.5	8.756400
114.316667	0.5	8.757050
114.325000	0.5	8.755750
114.333333	0.5	8.755350
114.341667	0.5	8.738400
114.350000	0.5	8.735950
114.358333	0.5	8.728200
114.366667	0.5	8.729950
114.375000	0.5	8.739750
114.383333	0.5	8.738750
114.391667	0.5	8.714300
114.400000	0.5	8.712700
114.408333	0.5	8.712050
114.416667	0.5	8.720050
114.425000	0.5	8.719800
114.433333	0.5	8.706800
114.441667	0.5	8.703450
114.450000	0.5	8.704350
114.458333	0.5	8.690600
114.466667	0.5	8.687650
114.475000	0.5	8.694950
114.483333	0.5	8.685500
114.491667	0.5	8.681200
114.500000	0.5	8.668250
114.508333	0.5	8.669500
114.516667	0.5	8.661500
114.525000	0.5	8.665800
114.533333	0.5	8.656400
114.541667	0.5	8.651250
114.550000	0.5	8.650350
114.558333	0.5	8.647550
114.566667	0.5	8.642100
114.575000	0.5	8.629950
114.583333	0.5	8.625400
114.591667	0.5	8.623900
114.600000	0.5	8.616800
114.608333	0.5	8.615250
114.616667	0.5	8.603100
114.625000	0.5	8.593300
114.633333	0.5	8.598350
114.641667	0.5	8.585250
114.650000	0.5	8.584550
114.658333	0.5	8.583200
114.666667	0.5	8.578650
114.675000	0.5	8.562050
114.683333	0.5	8.562450
114.691667	0.5	8.549150
114.700000	0.5	8.564800
114.708333	0.5	8.542350
114.716667	0.5	8.536750
114.725000	0.5	8.535400
114.733333	0.5	8.527800
114.741667	0.5	8.517850
114.750000	0.5	8.513850
114.758333	0.5	8.511700
114.766667	0.5	8.495750
114.775000	0.5	8.494950
114.783333	0.5	8.484850
114.791667	0.5	8.476550
114.800000	0.5	8.472750
114.808333	0.5	8.462200
114.816667	0.5	8.463200
114.825000	0.5	8.464800
114.833333	0.5	8.444050
114.841667	0.5	8.445000
114.850000	0.5	8.427650
114.858333	0.5	8.437400
114.866667	0.5	8.424050
114.875000	0.5	8.431550
114.883333	0.5	8.414550
114.891667	0.5	8.416250
114.900000	0.5	8.408200
114.908333	0.5	8.405900
114.916667	0.5	8.400600
114.925000	0.5	8.394350
114.933333	0.5	8.387500
114.941667	0.5	8.391000
114.950000	0.5	8.387950
114.958333	0.5	8.383350
114.966667	0.5	8.378700
114.975000	0.5	8.369350
114.983333	0.5	8.372350
114.991667	0.5	8.354100
115.000000	0.5	8.368650
115.008333	0.5	8.352100
115.016667	0.5	8.358050
115.025000	0.5	8.349000
115.033333	0.5	8.346750
115.041667	0.5	8.350500
115.050000	0.5	8.335050
115.058333	0.5	8.345000
115.066667	0.5	8.334750
115.075000	0.5	8.336450
115.083333	0.5	8.322150
115.091667	0.5	8.316700
115.100000	0.5	8.313650
115.108333	0.5	8.309950
115.116667	0.5	8.312800
115.125000	0.5	8.305750
115.133333	0.5	8.308800
115.141667	0.5	8.305700
115.150000	0.5	8.291450
115.158333	0.5	8.302100
115.166667	0.5	8.285450
115.175000	0.5	8.289200
115.183333	0.5	8.295800
115.191667	0.5	8.289950
115.200000	0.5	8.287900
115.208333	0.5	8.286750
115.216667	0.5	8.291950
115.225000	0.5	8.280200
115.233333	0.5	8.287700
115.241667	0.5	8.281050
115.250000	0.5	8.273250
115.258333	0.5	8.286500
115.266667	0.5	8.276200
115.275000	0.5	8.274500
115.283333	0.5	8.279300
115.291667	0.5	8.276250
115.300000	0.5	8.271950
115.308333	0.5	8.273150
115.316667	0.5	8.270100
115.325000	0.5	8.270750
115.333333	0.5	8.261400
115.341667	0.5	8.268900
115.350000	0.5	8.277600
115.358333	0.5	8.271900
115.366667	0.5	8.263650
115.375000	0.5	8.264050
115.383333	0.5	8.262650
115.391667	0.5	8.261800
115.400000	0.5	8.262700
115.408333	0.5	8.253700
115.416667	0.5	8.264550
115.425000	0.5	8.256150
115.433333	0.5	8.251300
115.441667	0.5	8.256600
115.450000	0.5	8.248600
115.458333	0.5	8.239800
115.466667	0.5	8.248150
115.475000	0.5	8.245450
115.483333	0.5	8.236100
115.491667	0.5	8.237100
115.500000	0.5	8.228450
115.508333	0.5	8.242950
115.516667	0.5	8.242500
115.525000	0.5	8.232000
115.533333	0.5	8.238350
115.541667	0.5	8.230100
115.550000	0.5	8.233500
115.558333	0.5	8.232900
115.566667	0.5	8.232650
115.575000	0.5	8.222250
115.583333	0.5	8.228200
115.591667	0.5	8.230000
115.600000	0.5	8.224650
115.608333	0.5	8.229350
115.616667	0.5	8.228000
115.625000	0.5	8.224100
115.633333	0.5	8.220450
115.641667	0.5	8.229000
115.650000	0.5	8.215400
115.658333	0.5	8.232150
115.666667	0.5	8.229750
115.675000	0.5	8.231350
115.683333	0.5	8.234400
115.691667	0.5	8.232000
115.700000	0.5	8.236700
115.708333	0.5	8.242500
115.716667	0.5	8.232550
115.725000	0.5	8.242400
115.733333	0.5	8.242050
115.741667	0.5	8.238350
115.750000	0.5	8.233250
115.758333	0.5	8.241950
115.766667	0.5	8.238850
115.775000	0.5	8.237200
115.783333	0.5	8.243900
115.791667	0.5	8.241050
115.800000	0.5	8.246050
115.808333	0.5	8.240800
115.816667	0.5	8.248700
115.825000	0.5	8.245350
115.833333	0.5	8.233650
115.841667	0.5	8.239550
115.850000	0.5	8.250200
115.858333	0.5	8.245900
115.866667	0.5	8.249350
115.875000	0.5	8.257700
115.883333	0.5	8.241400
115.891667	0.5	8.247700
115.900000	0.5	8.245850
115.908333	0.5	8.242100
115.916667	0.5	8.241000
115.925000	0.5	8.249450
115.933333	0.5	8.243200
115.941667	0.5	8.253350
115.950000	0.5	8.235050
115.958333	0.5	8.244950
115.966667	0.5	8.243000
115.975000	0.5	8.233800
115.983333	0.5	8.242200
115.991667	0.5	8.238050
116.000000	0.5	8.247400
116.008333	0.5	8.250050
116.016667	0.5	8.246250
116.025000	0.5	8.252550
116.033333	0.5	8.244050
116.041667	0.5	8.241800
116.050000	0.5	8.246350
116.058333	0.5	8.239550
116.066667	0.5	8.240500
116.075000	0.5	8.241950
116.083333	0.5	8.251100
116.091667	0.5	8.245850
116.100000	0.5	8.241550
116.108333	0.5	8.240200
116.116667	0.5	8.237750
116.125000	0.5	8.239600
116.133333	0.5	8.243450
116.141667	0.5	8.246200
116.150000	0.5	8.249300
116.158333	0.5	8.241950
116.166667	0.5	8.235400
116.175000	0.5	8.239600
116.183333	0.5	8.240450
116.191667	0.5	8.235250
116.200000	0.5	8.235750
116.208333	0.5	8.234750
116.216667	0.5	8.237400
116.225000	0.5	8.223000
116.233333	0.5	8.231750
116.241667	0.5	8.230500
116.250000	0.5	8.235650
116.258333	0.5	8.229550
116.266667	0.5	8.237200
116.275000	0.5	8.219400
116.283333	0.5	8.232750
116.291667	0.5	8.234600
116.300000	0.5	8.225150
116.308333	0.5	8.224550
116.316667	0.5	8.229300
116.325000	0.5	8.242250
116.333333	0.5	8.234100
116.341667	0.5	8.234950
116.350000	0.5	8.241100
116.358333	0.5	8.241350
116.366667	0.5	8.235500
116.375000	0.5	8.239800
116.383333	0.5	8.238100
116.391667	0.5	8.248150
116.400000	0.5	8.254250
116.408333	0.5	8.256100
116.416667	0.5	8.260050
116.425000	0.5	8.255500
116.433333	0.5	8.257000
116.441667	0.5	8.250600
116.450000	0.5	8.246700
116.458333	0.5	8.256450
116.466667	0.5	8.249100
116.475000	0.5	8.252900
116.483333	0.5	8.251950
116.491667	0.5	8.253750
116.500000	0.5	8.254500
116.508333	0.5	8.253600
116.516667	0.5	8.254800
116.525000	0.5	8.254300
116.533333	0.5	8.258300
116.541667	0.5	8.254650
116.550000	0.5	8.261550
116.558333	0.5	8.249900
116.566667	0.5	8.255550
116.575000	0.5	8.258350
116.583333	0.5	8.254750
116.591667	0.5	8.266550
116.600000	0.5	8.260000
116.608333	0.5	8.248700
116.616667	0.5	8.251150
116.625000	0.5	8.256550
116.633333	0.5	8.253100
116.641667	0.5	8.256150
116.650000	0.5	8.252900
116.658333	0.5	8.247200
116.666667	0.5	8.247300
116.675000	0.5	8.248000
116.683333	0.5	8.248550
116.691667	0.5	8.246200
116.700000	0.5	8.247350
116.708333	0.5	8.253450
116.716667	0.5	8.254250
116.725000	0.5	8.253800
116.733333	0.5	8.244300
116.741667	0.5	8.255650
116.750000	0.5	8.255350
116.758333	0.5	8.252550
116.766667	0.5	8.250000
116.775000	0.5	8.259150
116.783333	0.5	8.248800
116.791667	0.5	8.250650
116.800000	0.5	8.244850
116.808333	0.5	8.264150
116.816667	0.5	8.251350
116.825000	0.5	8.260000
116.833333	0.5	8.245900
116.841667	0.5	8.258850
116.850000	0.5	8.256000
116.858333	0.5	8.250750
116.866667	0.5	8.269350
116.875000	0.5	8.263350
116.883333	0.5	8.257050
116.891667	0.5	8.253200
116.900000	0.5	8.258550
116.908333	0.5	8.257150
116.916667	0.5	8.265950
116.925000	0.5	8.268150
116.933333	0.5	8.257450
116.941667	0.5	8.260350
116.950000	0.5	8.267200
116.958333	0.5	8.264400
116.966667	0.5	8.267800
116.975000	0.5	8.267100
116.983333	0.5	8.263850
116.991667	0.5	8.267300
117.000000	0.5	8.266900
117.008333	0.5	8.275200
117.016667	0.5	8.270550
117.025000	0.5	8.272300
117.033333	0.5	8.271450
117.041667	0.5	8.272550
117.050000	0.5	8.269850
117.058333	0.5	8.277300
117.066667	0.5	8.274900
117.075000	0.5	8.272100
117.083333	0.5	8.272050
117.091667	0.5	8.274250
117.100000	0.5	8.260500
117.108333	0.5	8.278300
117.116667	0.5	8.273400
117.125000	0.5	8.276200
117.133333	0.5	8.272500
117.141667	0.5	8.267350
117.150000	0.5	8.271900
117.158333	0.5	8.274500
117.166667	0.5	8.268500
117.175000	0.5	8.263750
117.183333	0.5	8.264950
117.191667	0.5	8.253300
117.200000	0.5	8.267750
117.208333	0.5	8.256350
117.216667	0.5	8.255600
117.225000	0.5	8.254800
117.233333	0.5	8.254500
117.241667	0.5	8.258600
117.250000	0.5	8.258450
117.258333	0.5	8.255900
117.266667	0.5	8.256200
117.275000	0.5	8.241900
117.283333	0.5	8.249550
117.291667	0.5	8.233000
117.300000	0.5	8.239800
117.308333	0.5	8.240200
117.316667	0.5	8.234900
117.325000	0.5	8.234700
117.333333	0.5	8.236350
117.341667	0.5	8.228100
117.350000	0.5	8.231600
117.358333	0.5	8.228600
117.366667	0.5	8.236850
117.375000	0.5	8.231350
117.383333	0.5	8.241750
117.391667	0.5	8.226100
117.400000	0.5	8.222100
117.408333	0.5	8.242750
117.416667	0.5	8.235350
117.425000	0.5	8.236500
117.433333	0.5	8.233150
117.441667	0.5	8.227100
117.450000	0.5	8.240000
117.458333	0.5	8.234850
117.466667	0.5	8.236100
117.475000	0.5	8.233500
117.483333	0.5	8.251600
117.491667	0.5	8.244750
117.500000	0.5	8.251450
117.508333	0.5	8.238050
117.516667	0.5	8.253400
117.525000	0.5	8.243950
117.533333	0.5	8.258800
117.541667	0.5	8.246550
117.550000	0.5	8.256700
117.558333	0.5	8.268200
117.566667	0.5	8.271400
117.575000	0.5	8.279100
117.583333	0.5	8.291850
117.591667	0.5	8.294350
117.600000	0.5	8.291650
117.608333	0.5	8.320200
117.616667	0.5	8.317800
117.625000	0.5	8.325350
117.633333	0.5	8.339650
117.641667	0.5	8.356550
117.650000	0.5	8.366600
117.658333	0.5	8.389050
117.666667	0.5	8.402350
117.675000	0.5	8.404550
117.683333	0.5	8.437550
117.691667	0.5	8.451350
117.700000	0.5	8.469900
117.708333	0.5	8.480250
117.716667	0.5	8.511550
117.725000	0.5	8.529700
117.733333	0.5	8.569450
117.741667	0.5	8.591850
117.750000	0.5	8.609650
117.758333	0.5	8.639400
117.766667	0.5	8.679800
117.775000	0.5	8.705250
117.783333	0.5	8.743700
117.791667	0.5	8.773800
117.800000	0.5	8.801650
117.808333	0.5	8.841600
117.816667	0.5	8.880600
117.825000	0.5	8.917100
117.833333	0.5	8.951150
117.841667	0.5	8.998300
117.850000	0.5	9.030400
117.858333	0.5	9.082600
117.866667	0.5	9.137050
117.875000	0.5	9.172900
117.883333	0.5	9.222150
117.891667	0.5	9.270150
117.900000	0.5	9.321200
117.908333	0.5	9.361150
117.916667	0.5	9.421950
117.925000	0.5	9.489250
117.933333	0.5	9.534300
117.941667	0.5	9.602350
117.950000	0.5	9.657050
117.958333	0.5	9.723400
117.966667	0.5	9.788350
117.975000	0.5	9.843900
117.983333	0.5	9.926350
117.991667	0.5	9.985200
118.000000	0.5	10.056250
118.008333	0.5	10.142900
118.016667	0.5	10.211900
118.025000	0.5	10.302600
118.033333	0.5	10.380150
118.041667	0.5	10.467400
118.050000	0.5	10.554750
118.058333	0.5	10.653700
118.066667	0.5	10.747550
118.075000	0.5	10.852050
118.083333	0.5	10.945200
118.091667	0.5	11.037000
118.100000	0.5	11.143250
118.108333	0.5	11.253550
118.116667	0.5	11.342650
118.125000	0.5	11.445950
118.133333	0.5	11.546600
118.141667	0.5	11.645900
118.150000	0.5	11.731850
118.158333	0.5	11.838800
118.166667	0.5	11.922850
118.175000	0.5	12.006500
118.183333	0.5	12.081600
118.191667	0.5	12.174150
118.200000	0.5	12.242000
118.208333	0.5	12.328700
118.216667	0.5	12.418500
118.225000	0.5	12.479300
118.233333	0.5	12.562400
118.241667	0.5	12.631350
118.250000	0.5	12.702150
118.258333	0.5	12.769900
118.266667	0.5	12.829900
118.275000	0.5	12.886750
118.283333	0.5	12.950800
118.291667	0.5	12.995750
118.300000	0.5	13.045350
118.308333	0.5	13.082950
118.316667	0.5	13.121700
118.325000	0.5	13.145300
118.333333	0.5	13.177250
118.341667	0.5	13.185200
118.350000	0.5	13.199850
118.358333	0.5	13.207250
118.366667	0.5	13.212200
118.375000	0.5	13.169200
118.383333	0.5	13.137950
118.391667	0.5	13.099950
118.400000	0.5	13.051550
118.408333	0.5	12.989750
118.416667	0.5	12.924800
118.425000	0.5	12.842250
118.433333	0.5	12.771000
118.441667	0.5	12.676700
118.450000	0.5	12.590800
118.458333	0.5	12.482750
118.466667	0.5	12.383950
118.475000	0.5	12.294550
118.483333	0.5	12.196200
118.491667	0.5	12.111050
118.500000	0.5	12.031750
118.508333	0.5	11.957450
118.516667	0.5	11.893400
118.525000	0.5	11.819350
118.533333	0.5	11.768250
118.541667	0.5	11.713250
118.550000	0.5	11.676350
118.558333	0.5	11.655350
118.566667	0.5	11.613500
118.575000	0.5	11.592250
118.583333	0.5	11.551950
118.591667	0.5	11.525400
118.600000	0.5	11.485950
118.608333	0.5	11.457150
118.616667	0.5	11.399950
118.625000	0.5	11.344850
118.633333	0.5	11.294800
118.641667	0.5	11.239250
118.650000	0.5	11.151400
118.658333	0.5	11.072100
118.666667	0.5	11.002950
118.675000	0.5	10.919950
118.683333	0.5	10.849900
118.691667	0.5	10.767350
118.700000	0.5	10.702100
118.708333	0.5	10.624400
118.716667	0.5	10.566350
118.725000	0.5	10.512600
118.733333	0.5	10.463200
118.741667	0.5	10.409750
118.750000	0.5	10.374100
118.758333	0.5	10.318700
118.766667	0.5	10.282700
118.775000	0.5	10.257200
118.783333	0.5	10.215300
118.791667	0.5	10.187300
118.800000	0.5	10.158150
118.808333	0.5	10.132550
118.816667	0.5	10.104000
118.825000	0.5	10.089450
118.833333	0.5	10.062550
118.841667	0.5	10.047950
118.850000	0.5	10.034600
118.858333	0.5	10.017400
118.866667	0.5	9.997300
118.875000	0.5	9.987900
118.883333	0.5	9.967050
118.891667	0.5	9.937500
118.900000	0.5	9.945050
118.908333	0.5	9.929750
118.916667	0.5	9.906900
118.925000	0.5	9.893400
118.933333	0.5	9.878850
118.941667	0.5	9.863600
118.950000	0.5	9.851550
118.958333	0.5	9.836600
118.966667	0.5	9.815900
118.975000	0.5	9.820200
118.983333	0.5	9.799050
118.991667	0.5	9.792100
119.000000	0.5	9.792850
119.008333	0.5	9.781500
119.016667	0.5	9.779150
119.025000	0.5	9.756400
119.033333	0.5	9.753150
119.041667	0.5	9.748050
119.050000	0.5	9.739450
119.058333	0.5	9.724850
119.066667	0.5	9.714250
119.075000	0.5	9.712900
119.083333	0.5	9.687150
119.091667	0.5	9.699700
119.100000	0.5	9.688500
119.108333	0.5	9.697700
119.116667	0.5	9.674700
119.125000	0.5	9.677950
119.133333	0.5	9.675900
119.141667	0.5	9.658400
119.150000	0.5	9.670150
119.158333	0.5	9.650750
119.166667	0.5	9.662100
119.175000	0.5	9.654900
119.183333	0.5	9.662850
119.191667	0.5	9.652000
119.200000	0.5	9.642500
119.208333	0.5	9.651600
119.216667	0.5	9.647950
119.225000	0.5	9.646700
119.233333	0.5	9.635350
119.241667	0.5	9.648900
119.250000	0.5	9.644950
119.258333	0.5	9.638600
119.266667	0.5	9.636650
119.275000	0.5	9.630800
119.283333	0.5	9.628750
119.291667	0.5	9.642400
119.300000	0.5	9.643700
119.308333	0.5	9.634450
119.316667	0.5	9.641150
119.325000	0.5	9.640150
119.333333	0.5	9.631400
119.341667	0.5	9.628000
119.350000	0.5	9.634850
119.358333	0.5	9.634200
119.366667	0.5	9.630300
119.375000	0.5	9.623550
119.383333	0.5	9.625900
119.391667	0.5	9.610450
119.400000	0.5	9.608650
119.408333	0.5	9.597450
119.416667	0.5	9.582400
119.425000	0.5	9.577200
119.433333	0.5	9.564800
119.441667	0.5	9.540950
119.450000	0.5	9.528800
119.458333	0.5	9.515300
119.466667	0.5	9.514850
119.475000	0.5	9.505600
119.483333	0.5	9.497750
119.491667	0.5	9.485150
119.500000	0.5	9.488400
119.508333	0.5	9.473000
119.516667	0.5	9.471300
119.525000	0.5	9.462800
119.533333	0.5	9.463450
119.541667	0.5	9.464000
119.550000	0.5	9.451700
119.558333	0.5	9.466650
119.566667	0.5	9.455750
119.575000	0.5	9.481000
119.583333	0.5	9.470250
119.591667	0.5	9.463300
119.600000	0.5	9.481650
119.608333	0.5	9.471850
119.616667	0.5	9.473350
119.625000	0.5	9.476100
119.633333	0.5	9.481500
119.641667	0.5	9.492250
119.650000	0.5	9.498750
119.658333	0.5	9.498000
119.666667	0.5	9.510100
119.675000	0.5	9.508400
119.683333	0.5	9.526550
119.691667	0.5	9.527000
119.700000	0.5	9.535200
119.708333	0.5	9.541850
119.716667	0.5	9.543600
119.725000	0.5	9.554850
119.733333	0.5	9.570300
119.741667	0.5	9.566400
119.750000	0.5	9.560700
119.758333	0.5	9.561800
119.766667	0.5	9.569850
119.775000	0.5	9.584900
119.783333	0.5	9.588800
119.791667	0.5	9.599000
119.800000	0.5	9.616900
119.808333	0.5	9.620700
119.816667	0.5	9.626500
119.825000	0.5	9.628050
119.833333	0.5	9.645050
119.841667	0.5	9.648350
119.850000	0.5	9.645550
119.858333	0.5	9.648350
119.866667	0.5	9.643100
119.875000	0.5	9.629500
119.883333	0.5	9.629900
119.891667	0.5	9.628350
119.900000	0.5	9.619950
119.908333	0.5	9.602850
119.916667	0.5	9.597750
119.925000	0.5	9.582300
119.933333	0.5	9.579750
119.941667	0.5	9.557350
119.950000	0.5	9.541250
119.958333	0.5	9.543700
119.966667	0.5	9.540050
119.975000	0.5	9.526650
119.983333	0.5	9.528200
119.991667	0.5	9.522250
120.000000	0.5	9.532900
