URL	chrom://arspawyn4ahlab1/ChromeleonLocal/Instrument Data/ICS3000/2025_Feb 11.seq/115.smp/ED_1.channel/ED_1.chm
Channel	ED_1

Injection Information:
Data Vault	ChromeleonLocal
Sequence	2025_Feb 11
Name	0-C Alex HO
Number	25
Position	RD1
Comment	
Processing Method	Quantitative
Instrument Method	Neutral Oligosaccharides V ICS 3000
Type	Unknown
Status	Finished
Inject Time	2/13/2025 3:46:51 PM -05:00
Volume (µl)	25.0000
Dilution Factor	1.0000
Weight	1.0000

Chromatogram Data Information:
Time Min. (min)	0.000000
Time Max. (min)	120.000000
Data Points	14401
Detector	EDet1
Generating Data System	Chromeleon 7.3.0.60919
Exporting Data System	Chromeleon 7.3.0.0
Operator	Instrument Controller
Signal Quantity	
Signal Unit	nC
Signal Min.	-0.024400
Signal Max.	51.579101
Channel	ED_1
Driver Name	DC-3000
Channel Type	Evaluation
Min. Step (s)	0.5
Max. Step (s)	0.5
Average Step (s)	0.5

Signal Parameter Information:
Signal Info	

Chromatogram Data:
Time (min)	Step (s)	Value (nC)
0.000000	n.a.	0.011600
0.008333	0.5	0.025450
0.016667	0.5	0.021350
0.025000	0.5	0.010350
0.033333	0.5	0.003200
0.041667	0.5	-0.002350
0.050000	0.5	-0.005550
0.058333	0.5	-0.005850
0.066667	0.5	-0.007600
0.075000	0.5	-0.006700
0.083333	0.5	-0.004200
0.091667	0.5	-0.002100
0.100000	0.5	0.000550
0.108333	0.5	0.003450
0.116667	0.5	-0.002250
0.125000	0.5	-0.010500
0.133333	0.5	-0.015100
0.141667	0.5	-0.016450
0.150000	0.5	-0.015850
0.158333	0.5	-0.017050
0.166667	0.5	-0.013850
0.175000	0.5	-0.008100
0.183333	0.5	-0.004100
0.191667	0.5	-0.004850
0.200000	0.5	0.002800
0.208333	0.5	0.000200
0.216667	0.5	-0.008150
0.225000	0.5	-0.014800
0.233333	0.5	-0.015350
0.241667	0.5	-0.016100
0.250000	0.5	-0.016350
0.258333	0.5	-0.015100
0.266667	0.5	-0.012050
0.275000	0.5	-0.009250
0.283333	0.5	-0.004950
0.291667	0.5	-0.002600
0.300000	0.5	0.003400
0.308333	0.5	-0.002250
0.316667	0.5	-0.011100
0.325000	0.5	-0.012300
0.333333	0.5	-0.013650
0.341667	0.5	-0.015000
0.350000	0.5	-0.012400
0.358333	0.5	-0.013050
0.366667	0.5	-0.009800
0.375000	0.5	-0.006450
0.383333	0.5	-0.005000
0.391667	0.5	0.001300
0.400000	0.5	-0.001650
0.408333	0.5	-0.008750
0.416667	0.5	-0.014700
0.425000	0.5	-0.015850
0.433333	0.5	-0.016900
0.441667	0.5	-0.017050
0.450000	0.5	-0.016150
0.458333	0.5	-0.013500
0.466667	0.5	-0.008900
0.475000	0.5	-0.007500
0.483333	0.5	-0.004100
0.491667	0.5	-0.000950
0.500000	0.5	-0.007000
0.508333	0.5	-0.012900
0.516667	0.5	-0.015350
0.525000	0.5	-0.016700
0.533333	0.5	-0.017650
0.541667	0.5	-0.017800
0.550000	0.5	-0.014600
0.558333	0.5	-0.010850
0.566667	0.5	-0.008900
0.575000	0.5	-0.007000
0.583333	0.5	0.000050
0.591667	0.5	-0.003000
0.600000	0.5	-0.011650
0.608333	0.5	-0.018500
0.616667	0.5	-0.019300
0.625000	0.5	-0.019850
0.633333	0.5	-0.019650
0.641667	0.5	-0.018700
0.650000	0.5	-0.018150
0.658333	0.5	-0.013550
0.666667	0.5	-0.010750
0.675000	0.5	-0.008250
0.683333	0.5	-0.004500
0.691667	0.5	-0.010350
0.700000	0.5	-0.017550
0.708333	0.5	-0.019950
0.716667	0.5	-0.020100
0.725000	0.5	-0.020200
0.733333	0.5	-0.020850
0.741667	0.5	-0.016700
0.750000	0.5	-0.014950
0.758333	0.5	-0.012700
0.766667	0.5	-0.010300
0.775000	0.5	-0.004150
0.783333	0.5	-0.007450
0.791667	0.5	-0.015550
0.800000	0.5	-0.021850
0.808333	0.5	-0.022500
0.816667	0.5	-0.023450
0.825000	0.5	-0.024000
0.833333	0.5	-0.023000
0.841667	0.5	-0.018300
0.850000	0.5	-0.014050
0.858333	0.5	-0.013550
0.866667	0.5	-0.009050
0.875000	0.5	-0.007100
0.883333	0.5	-0.012050
0.891667	0.5	-0.020850
0.900000	0.5	-0.023450
0.908333	0.5	-0.024400
0.916667	0.5	-0.023050
0.925000	0.5	-0.023650
0.933333	0.5	-0.022050
0.941667	0.5	-0.016750
0.950000	0.5	-0.011750
0.958333	0.5	-0.010700
0.966667	0.5	-0.006550
0.975000	0.5	-0.006600
0.983333	0.5	-0.013400
0.991667	0.5	-0.020700
1.000000	0.5	-0.021100
1.008333	0.5	-0.021850
1.016667	0.5	-0.022750
1.025000	0.5	-0.020950
1.033333	0.5	-0.019400
1.041667	0.5	-0.014350
1.050000	0.5	-0.013650
1.058333	0.5	-0.009750
1.066667	0.5	-0.006550
1.075000	0.5	-0.011000
1.083333	0.5	-0.017850
1.091667	0.5	-0.019850
1.100000	0.5	-0.021800
1.108333	0.5	-0.020950
1.116667	0.5	-0.020000
1.125000	0.5	-0.016100
1.133333	0.5	-0.011450
1.141667	0.5	-0.008300
1.150000	0.5	-0.004900
1.158333	0.5	0.000150
1.166667	0.5	-0.001550
1.175000	0.5	-0.008700
1.183333	0.5	-0.014150
1.191667	0.5	-0.016000
1.200000	0.5	-0.014600
1.208333	0.5	-0.013050
1.216667	0.5	-0.010900
1.225000	0.5	-0.008350
1.233333	0.5	-0.004250
1.241667	0.5	-0.000050
1.250000	0.5	0.003250
1.258333	0.5	0.008700
1.266667	0.5	0.003300
1.275000	0.5	-0.002400
1.283333	0.5	-0.004600
1.291667	0.5	-0.003350
1.300000	0.5	-0.004150
1.308333	0.5	-0.001900
1.316667	0.5	0.001200
1.325000	0.5	0.005550
1.333333	0.5	0.010250
1.341667	0.5	0.012100
1.350000	0.5	0.020200
1.358333	0.5	0.016900
1.366667	0.5	0.010500
1.375000	0.5	0.007600
1.383333	0.5	0.007300
1.391667	0.5	0.008500
1.400000	0.5	0.010300
1.408333	0.5	0.013650
1.416667	0.5	0.014900
1.425000	0.5	0.020100
1.433333	0.5	0.024300
1.441667	0.5	0.028250
1.450000	0.5	0.034750
1.458333	0.5	0.030600
1.466667	0.5	0.023800
1.475000	0.5	0.026400
1.483333	0.5	0.025250
1.491667	0.5	0.026150
1.500000	0.5	0.029500
1.508333	0.5	0.033050
1.516667	0.5	0.041150
1.525000	0.5	0.044500
1.533333	0.5	0.046750
1.541667	0.5	0.055650
1.550000	0.5	0.052800
1.558333	0.5	0.048750
1.566667	0.5	0.043000
1.575000	0.5	0.044900
1.583333	0.5	0.047700
1.591667	0.5	0.050500
1.600000	0.5	0.053750
1.608333	0.5	0.057500
1.616667	0.5	0.063600
1.625000	0.5	0.067100
1.633333	0.5	0.074250
1.641667	0.5	0.078900
1.650000	0.5	0.074950
1.658333	0.5	0.071400
1.666667	0.5	0.070700
1.675000	0.5	0.076750
1.683333	0.5	0.097750
1.691667	0.5	0.170050
1.700000	0.5	0.356200
1.708333	0.5	0.671200
1.716667	0.5	1.091050
1.725000	0.5	1.600200
1.733333	0.5	2.221200
1.741667	0.5	2.925350
1.750000	0.5	3.675150
1.758333	0.5	4.440600
1.766667	0.5	5.195950
1.775000	0.5	5.902300
1.783333	0.5	6.515250
1.791667	0.5	6.977650
1.800000	0.5	7.245250
1.808333	0.5	7.349250
1.816667	0.5	7.328400
1.825000	0.5	7.246900
1.833333	0.5	7.091200
1.841667	0.5	6.862550
1.850000	0.5	6.549800
1.858333	0.5	6.145500
1.866667	0.5	5.674450
1.875000	0.5	5.221450
1.883333	0.5	4.781600
1.891667	0.5	4.371200
1.900000	0.5	4.025100
1.908333	0.5	3.752350
1.916667	0.5	3.542900
1.925000	0.5	3.389750
1.933333	0.5	3.270250
1.941667	0.5	3.190400
1.950000	0.5	3.191850
1.958333	0.5	3.322150
1.966667	0.5	3.637050
1.975000	0.5	4.163950
1.983333	0.5	4.887700
1.991667	0.5	5.808450
2.000000	0.5	6.911650
2.008333	0.5	8.129550
2.016667	0.5	9.311750
2.025000	0.5	10.280200
2.033333	0.5	10.913050
2.041667	0.5	11.195650
2.050000	0.5	11.175600
2.058333	0.5	10.919050
2.066667	0.5	10.491200
2.075000	0.5	9.938800
2.083333	0.5	9.306350
2.091667	0.5	8.624450
2.100000	0.5	7.923450
2.108333	0.5	7.224600
2.116667	0.5	6.557250
2.125000	0.5	5.931050
2.133333	0.5	5.370350
2.141667	0.5	4.879100
2.150000	0.5	4.459550
2.158333	0.5	4.114400
2.166667	0.5	3.841350
2.175000	0.5	3.646150
2.183333	0.5	3.518350
2.191667	0.5	3.445850
2.200000	0.5	3.406950
2.208333	0.5	3.390300
2.216667	0.5	3.379050
2.225000	0.5	3.361500
2.233333	0.5	3.338900
2.241667	0.5	3.310700
2.250000	0.5	3.277050
2.258333	0.5	3.240050
2.266667	0.5	3.201300
2.275000	0.5	3.159050
2.283333	0.5	3.115900
2.291667	0.5	3.066750
2.300000	0.5	3.013100
2.308333	0.5	2.956150
2.316667	0.5	2.887900
2.325000	0.5	2.808850
2.333333	0.5	2.730050
2.341667	0.5	2.655150
2.350000	0.5	2.594000
2.358333	0.5	2.550800
2.366667	0.5	2.526150
2.375000	0.5	2.519600
2.383333	0.5	2.525200
2.391667	0.5	2.536000
2.400000	0.5	2.549850
2.408333	0.5	2.563650
2.416667	0.5	2.570950
2.425000	0.5	2.575400
2.433333	0.5	2.578100
2.441667	0.5	2.582650
2.450000	0.5	2.584400
2.458333	0.5	2.588000
2.466667	0.5	2.590550
2.475000	0.5	2.595100
2.483333	0.5	2.595300
2.491667	0.5	2.586550
2.500000	0.5	2.575300
2.508333	0.5	2.547100
2.516667	0.5	2.509000
2.525000	0.5	2.463800
2.533333	0.5	2.415450
2.541667	0.5	2.366300
2.550000	0.5	2.320150
2.558333	0.5	2.279250
2.566667	0.5	2.243300
2.575000	0.5	2.216000
2.583333	0.5	2.193450
2.591667	0.5	2.177250
2.600000	0.5	2.166300
2.608333	0.5	2.153150
2.616667	0.5	2.147900
2.625000	0.5	2.146950
2.633333	0.5	2.152900
2.641667	0.5	2.171150
2.650000	0.5	2.200550
2.658333	0.5	2.243150
2.666667	0.5	2.289750
2.675000	0.5	2.335650
2.683333	0.5	2.373050
2.691667	0.5	2.403800
2.700000	0.5	2.420250
2.708333	0.5	2.428500
2.716667	0.5	2.433100
2.725000	0.5	2.443400
2.733333	0.5	2.462750
2.741667	0.5	2.492800
2.750000	0.5	2.536550
2.758333	0.5	2.591350
2.766667	0.5	2.645600
2.775000	0.5	2.691350
2.783333	0.5	2.724900
2.791667	0.5	2.741550
2.800000	0.5	2.731200
2.808333	0.5	2.701850
2.816667	0.5	2.663000
2.825000	0.5	2.618150
2.833333	0.5	2.570350
2.841667	0.5	2.526250
2.850000	0.5	2.490400
2.858333	0.5	2.463950
2.866667	0.5	2.452450
2.875000	0.5	2.454000
2.883333	0.5	2.476600
2.891667	0.5	2.512500
2.900000	0.5	2.564400
2.908333	0.5	2.635500
2.916667	0.5	2.719400
2.925000	0.5	2.812150
2.933333	0.5	2.899150
2.941667	0.5	2.973700
2.950000	0.5	3.032400
2.958333	0.5	3.069350
2.966667	0.5	3.083850
2.975000	0.5	3.081700
2.983333	0.5	3.069500
2.991667	0.5	3.042400
3.000000	0.5	3.014550
3.008333	0.5	2.993800
3.016667	0.5	2.980000
3.025000	0.5	2.981950
3.033333	0.5	3.000250
3.041667	0.5	3.036950
3.050000	0.5	3.087350
3.058333	0.5	3.144650
3.066667	0.5	3.199900
3.075000	0.5	3.257100
3.083333	0.5	3.305100
3.091667	0.5	3.345950
3.100000	0.5	3.380000
3.108333	0.5	3.411500
3.116667	0.5	3.436550
3.125000	0.5	3.454700
3.133333	0.5	3.469650
3.141667	0.5	3.479400
3.150000	0.5	3.483900
3.158333	0.5	3.483050
3.166667	0.5	3.482250
3.175000	0.5	3.478000
3.183333	0.5	3.467850
3.191667	0.5	3.460550
3.200000	0.5	3.455200
3.208333	0.5	3.452150
3.216667	0.5	3.453650
3.225000	0.5	3.455850
3.233333	0.5	3.460450
3.241667	0.5	3.467500
3.250000	0.5	3.475200
3.258333	0.5	3.481500
3.266667	0.5	3.490600
3.275000	0.5	3.493250
3.283333	0.5	3.492000
3.291667	0.5	3.492000
3.300000	0.5	3.492150
3.308333	0.5	3.488400
3.316667	0.5	3.484050
3.325000	0.5	3.476200
3.333333	0.5	3.465300
3.341667	0.5	3.450550
3.350000	0.5	3.427850
3.358333	0.5	3.398050
3.366667	0.5	3.362800
3.375000	0.5	3.316650
3.383333	0.5	3.267100
3.391667	0.5	3.218400
3.400000	0.5	3.174600
3.408333	0.5	3.134400
3.416667	0.5	3.099100
3.425000	0.5	3.072800
3.433333	0.5	3.053300
3.441667	0.5	3.037850
3.450000	0.5	3.027000
3.458333	0.5	3.021300
3.466667	0.5	3.014550
3.475000	0.5	3.004500
3.483333	0.5	2.999800
3.491667	0.5	2.998700
3.500000	0.5	2.997950
3.508333	0.5	3.000150
3.516667	0.5	3.001300
3.525000	0.5	3.004800
3.533333	0.5	3.013500
3.541667	0.5	3.016750
3.550000	0.5	3.025900
3.558333	0.5	3.033800
3.566667	0.5	3.036750
3.575000	0.5	3.042700
3.583333	0.5	3.047100
3.591667	0.5	3.057300
3.600000	0.5	3.067600
3.608333	0.5	3.079100
3.616667	0.5	3.092150
3.625000	0.5	3.104350
3.633333	0.5	3.119350
3.641667	0.5	3.132600
3.650000	0.5	3.149200
3.658333	0.5	3.159900
3.666667	0.5	3.166700
3.675000	0.5	3.176650
3.683333	0.5	3.188800
3.691667	0.5	3.200650
3.700000	0.5	3.214250
3.708333	0.5	3.226700
3.716667	0.5	3.242000
3.725000	0.5	3.258500
3.733333	0.5	3.271350
3.741667	0.5	3.286250
3.750000	0.5	3.296850
3.758333	0.5	3.301550
3.766667	0.5	3.302900
3.775000	0.5	3.305850
3.783333	0.5	3.305600
3.791667	0.5	3.303200
3.800000	0.5	3.297550
3.808333	0.5	3.290250
3.816667	0.5	3.280850
3.825000	0.5	3.268650
3.833333	0.5	3.255300
3.841667	0.5	3.245150
3.850000	0.5	3.227400
3.858333	0.5	3.208850
3.866667	0.5	3.196750
3.875000	0.5	3.186300
3.883333	0.5	3.180650
3.891667	0.5	3.175650
3.900000	0.5	3.174250
3.908333	0.5	3.174850
3.916667	0.5	3.179900
3.925000	0.5	3.178850
3.933333	0.5	3.183600
3.941667	0.5	3.180400
3.950000	0.5	3.175500
3.958333	0.5	3.169900
3.966667	0.5	3.166000
3.975000	0.5	3.164200
3.983333	0.5	3.162800
3.991667	0.5	3.162650
4.000000	0.5	3.162950
4.008333	0.5	3.167250
4.016667	0.5	3.168050
4.025000	0.5	3.168400
4.033333	0.5	3.172650
4.041667	0.5	3.171200
4.050000	0.5	3.164650
4.058333	0.5	3.163650
4.066667	0.5	3.165050
4.075000	0.5	3.166250
4.083333	0.5	3.166100
4.091667	0.5	3.166600
4.100000	0.5	3.167800
4.108333	0.5	3.168550
4.116667	0.5	3.165750
4.125000	0.5	3.164750
4.133333	0.5	3.157750
4.141667	0.5	3.146600
4.150000	0.5	3.132700
4.158333	0.5	3.124800
4.166667	0.5	3.111950
4.175000	0.5	3.103000
4.183333	0.5	3.094950
4.191667	0.5	3.087350
4.200000	0.5	3.081300
4.208333	0.5	3.075800
4.216667	0.5	3.066000
4.225000	0.5	3.060500
4.233333	0.5	3.047700
4.241667	0.5	3.032550
4.250000	0.5	3.020050
4.258333	0.5	3.008650
4.266667	0.5	2.999300
4.275000	0.5	2.990950
4.283333	0.5	2.986850
4.291667	0.5	2.985750
4.300000	0.5	2.988550
4.308333	0.5	2.990500
4.316667	0.5	2.996500
4.325000	0.5	3.001350
4.333333	0.5	3.001500
4.341667	0.5	2.998900
4.350000	0.5	3.001500
4.358333	0.5	3.004050
4.366667	0.5	3.006100
4.375000	0.5	3.007050
4.383333	0.5	3.009750
4.391667	0.5	3.010900
4.400000	0.5	3.009200
4.408333	0.5	3.008000
4.416667	0.5	3.005550
4.425000	0.5	2.996200
4.433333	0.5	2.987100
4.441667	0.5	2.978350
4.450000	0.5	2.972100
4.458333	0.5	2.964050
4.466667	0.5	2.958850
4.475000	0.5	2.954250
4.483333	0.5	2.951200
4.491667	0.5	2.949100
4.500000	0.5	2.942550
4.508333	0.5	2.942250
4.516667	0.5	2.936300
4.525000	0.5	2.926550
4.533333	0.5	2.916800
4.541667	0.5	2.911950
4.550000	0.5	2.906300
4.558333	0.5	2.903850
4.566667	0.5	2.901350
4.575000	0.5	2.899550
4.583333	0.5	2.901150
4.591667	0.5	2.901900
4.600000	0.5	2.900600
4.608333	0.5	2.901650
4.616667	0.5	2.896050
4.625000	0.5	2.888950
4.633333	0.5	2.885300
4.641667	0.5	2.882800
4.650000	0.5	2.882300
4.658333	0.5	2.881500
4.666667	0.5	2.884250
4.675000	0.5	2.888900
4.683333	0.5	2.892000
4.691667	0.5	2.898150
4.700000	0.5	2.905900
4.708333	0.5	2.911500
4.716667	0.5	2.915350
4.725000	0.5	2.919200
4.733333	0.5	2.927150
4.741667	0.5	2.936200
4.750000	0.5	2.946200
4.758333	0.5	2.955800
4.766667	0.5	2.966300
4.775000	0.5	2.978400
4.783333	0.5	2.987900
4.791667	0.5	2.996550
4.800000	0.5	3.004950
4.808333	0.5	3.005350
4.816667	0.5	3.001550
4.825000	0.5	2.997550
4.833333	0.5	2.996000
4.841667	0.5	2.992000
4.850000	0.5	2.988400
4.858333	0.5	2.983800
4.866667	0.5	2.979900
4.875000	0.5	2.975450
4.883333	0.5	2.967850
4.891667	0.5	2.962250
4.900000	0.5	2.951800
4.908333	0.5	2.935850
4.916667	0.5	2.922100
4.925000	0.5	2.910300
4.933333	0.5	2.900250
4.941667	0.5	2.891350
4.950000	0.5	2.883600
4.958333	0.5	2.877050
4.966667	0.5	2.872850
4.975000	0.5	2.866350
4.983333	0.5	2.863100
4.991667	0.5	2.859600
5.000000	0.5	2.851200
5.008333	0.5	2.839000
5.016667	0.5	2.831500
5.025000	0.5	2.825200
5.033333	0.5	2.820600
5.041667	0.5	2.817650
5.050000	0.5	2.814950
5.058333	0.5	2.813150
5.066667	0.5	2.812900
5.075000	0.5	2.810400
5.083333	0.5	2.812500
5.091667	0.5	2.808250
5.100000	0.5	2.800750
5.108333	0.5	2.793500
5.116667	0.5	2.790350
5.125000	0.5	2.786800
5.133333	0.5	2.784300
5.141667	0.5	2.784150
5.150000	0.5	2.784200
5.158333	0.5	2.784700
5.166667	0.5	2.783800
5.175000	0.5	2.784350
5.183333	0.5	2.785700
5.191667	0.5	2.781050
5.200000	0.5	2.773650
5.208333	0.5	2.768400
5.216667	0.5	2.766100
5.225000	0.5	2.763400
5.233333	0.5	2.762650
5.241667	0.5	2.762050
5.250000	0.5	2.764050
5.258333	0.5	2.766050
5.266667	0.5	2.763650
5.275000	0.5	2.767000
5.283333	0.5	2.765800
5.291667	0.5	2.759100
5.300000	0.5	2.753050
5.308333	0.5	2.750400
5.316667	0.5	2.748250
5.325000	0.5	2.748050
5.333333	0.5	2.748250
5.341667	0.5	2.749350
5.350000	0.5	2.753600
5.358333	0.5	2.753050
5.366667	0.5	2.754000
5.375000	0.5	2.759000
5.383333	0.5	2.753200
5.391667	0.5	2.744450
5.400000	0.5	2.743550
5.408333	0.5	2.742500
5.416667	0.5	2.741000
5.425000	0.5	2.739750
5.433333	0.5	2.739100
5.441667	0.5	2.743750
5.450000	0.5	2.743500
5.458333	0.5	2.743000
5.466667	0.5	2.746350
5.475000	0.5	2.744300
5.483333	0.5	2.738100
5.491667	0.5	2.731900
5.500000	0.5	2.727050
5.508333	0.5	2.725600
5.516667	0.5	2.724100
5.525000	0.5	2.723800
5.533333	0.5	2.724700
5.541667	0.5	2.730050
5.550000	0.5	2.730300
5.558333	0.5	2.731750
5.566667	0.5	2.732250
5.575000	0.5	2.727550
5.583333	0.5	2.720350
5.591667	0.5	2.720000
5.600000	0.5	2.715700
5.608333	0.5	2.714900
5.616667	0.5	2.715350
5.625000	0.5	2.716550
5.633333	0.5	2.720300
5.641667	0.5	2.720900
5.650000	0.5	2.720400
5.658333	0.5	2.722000
5.666667	0.5	2.718850
5.675000	0.5	2.712500
5.683333	0.5	2.705200
5.691667	0.5	2.702200
5.700000	0.5	2.699600
5.708333	0.5	2.696550
5.716667	0.5	2.694650
5.725000	0.5	2.695250
5.733333	0.5	2.696400
5.741667	0.5	2.695400
5.750000	0.5	2.694850
5.758333	0.5	2.696150
5.766667	0.5	2.690400
5.775000	0.5	2.683850
5.783333	0.5	2.680100
5.791667	0.5	2.677850
5.800000	0.5	2.677150
5.808333	0.5	2.679200
5.816667	0.5	2.678900
5.825000	0.5	2.681950
5.833333	0.5	2.684450
5.841667	0.5	2.685150
5.850000	0.5	2.687350
5.858333	0.5	2.687200
5.866667	0.5	2.681650
5.875000	0.5	2.677400
5.883333	0.5	2.676450
5.891667	0.5	2.675650
5.900000	0.5	2.675950
5.908333	0.5	2.675700
5.916667	0.5	2.678050
5.925000	0.5	2.683750
5.933333	0.5	2.683900
5.941667	0.5	2.684950
5.950000	0.5	2.688600
5.958333	0.5	2.682200
5.966667	0.5	2.676550
5.975000	0.5	2.674500
5.983333	0.5	2.672550
5.991667	0.5	2.669550
6.000000	0.5	2.670650
6.008333	0.5	2.671400
6.016667	0.5	2.675000
6.025000	0.5	2.675900
6.033333	0.5	2.675300
6.041667	0.5	2.677900
6.050000	0.5	2.675650
6.058333	0.5	2.669300
6.066667	0.5	2.663800
6.075000	0.5	2.660350
6.083333	0.5	2.659100
6.091667	0.5	2.657900
6.100000	0.5	2.658300
6.108333	0.5	2.661600
6.116667	0.5	2.665300
6.125000	0.5	2.666450
6.133333	0.5	2.669950
6.141667	0.5	2.672350
6.150000	0.5	2.669150
6.158333	0.5	2.662300
6.166667	0.5	2.659800
6.175000	0.5	2.660450
6.183333	0.5	2.659750
6.191667	0.5	2.662150
6.200000	0.5	2.663200
6.208333	0.5	2.668300
6.216667	0.5	2.670900
6.225000	0.5	2.671850
6.233333	0.5	2.674250
6.241667	0.5	2.674400
6.250000	0.5	2.669000
6.258333	0.5	2.664750
6.266667	0.5	2.660350
6.275000	0.5	2.659700
6.283333	0.5	2.659550
6.291667	0.5	2.659200
6.300000	0.5	2.661900
6.308333	0.5	2.665300
6.316667	0.5	2.665950
6.325000	0.5	2.666550
6.333333	0.5	2.670700
6.341667	0.5	2.664800
6.350000	0.5	2.657200
6.358333	0.5	2.654100
6.366667	0.5	2.652350
6.375000	0.5	2.652550
6.383333	0.5	2.652750
6.391667	0.5	2.653200
6.400000	0.5	2.656050
6.408333	0.5	2.658400
6.416667	0.5	2.659700
6.425000	0.5	2.664050
6.433333	0.5	2.661900
6.441667	0.5	2.656000
6.450000	0.5	2.650450
6.458333	0.5	2.649900
6.466667	0.5	2.650450
6.475000	0.5	2.649950
6.483333	0.5	2.649850
6.491667	0.5	2.653150
6.500000	0.5	2.656800
6.508333	0.5	2.658350
6.516667	0.5	2.661150
6.525000	0.5	2.665100
6.533333	0.5	2.661200
6.541667	0.5	2.655600
6.550000	0.5	2.655500
6.558333	0.5	2.654450
6.566667	0.5	2.655350
6.575000	0.5	2.654850
6.583333	0.5	2.657500
6.591667	0.5	2.662250
6.600000	0.5	2.667000
6.608333	0.5	2.667900
6.616667	0.5	2.672700
6.625000	0.5	2.671000
6.633333	0.5	2.667850
6.641667	0.5	2.663100
6.650000	0.5	2.662600
6.658333	0.5	2.662950
6.666667	0.5	2.664250
6.675000	0.5	2.667400
6.683333	0.5	2.671500
6.691667	0.5	2.675650
6.700000	0.5	2.677650
6.708333	0.5	2.683300
6.716667	0.5	2.690250
6.725000	0.5	2.686000
6.733333	0.5	2.683050
6.741667	0.5	2.682200
6.750000	0.5	2.683100
6.758333	0.5	2.686250
6.766667	0.5	2.687900
6.775000	0.5	2.691550
6.783333	0.5	2.697750
6.791667	0.5	2.703200
6.800000	0.5	2.705000
6.808333	0.5	2.712800
6.816667	0.5	2.713500
6.825000	0.5	2.710600
6.833333	0.5	2.706750
6.841667	0.5	2.709050
6.850000	0.5	2.711550
6.858333	0.5	2.715200
6.866667	0.5	2.721000
6.875000	0.5	2.729600
6.883333	0.5	2.737550
6.891667	0.5	2.744100
6.900000	0.5	2.754550
6.908333	0.5	2.762500
6.916667	0.5	2.765950
6.925000	0.5	2.766050
6.933333	0.5	2.771000
6.941667	0.5	2.775450
6.950000	0.5	2.781850
6.958333	0.5	2.788600
6.966667	0.5	2.795000
6.975000	0.5	2.802350
6.983333	0.5	2.808150
6.991667	0.5	2.812650
7.000000	0.5	2.820900
7.008333	0.5	2.821000
7.016667	0.5	2.818400
7.025000	0.5	2.812750
7.033333	0.5	2.811300
7.041667	0.5	2.809500
7.050000	0.5	2.806950
7.058333	0.5	2.805900
7.066667	0.5	2.804250
7.075000	0.5	2.805900
7.083333	0.5	2.802950
7.091667	0.5	2.801150
7.100000	0.5	2.798900
7.108333	0.5	2.790150
7.116667	0.5	2.780550
7.125000	0.5	2.774600
7.133333	0.5	2.770050
7.141667	0.5	2.766750
7.150000	0.5	2.763850
7.158333	0.5	2.762300
7.166667	0.5	2.762900
7.175000	0.5	2.763050
7.183333	0.5	2.764000
7.191667	0.5	2.765650
7.200000	0.5	2.762450
7.208333	0.5	2.754000
7.216667	0.5	2.747550
7.225000	0.5	2.744500
7.233333	0.5	2.741950
7.241667	0.5	2.739050
7.250000	0.5	2.736650
7.258333	0.5	2.735700
7.266667	0.5	2.736350
7.275000	0.5	2.734850
7.283333	0.5	2.734100
7.291667	0.5	2.731150
7.300000	0.5	2.722950
7.308333	0.5	2.713650
7.316667	0.5	2.707750
7.325000	0.5	2.704250
7.333333	0.5	2.700400
7.341667	0.5	2.697700
7.350000	0.5	2.695550
7.358333	0.5	2.693850
7.366667	0.5	2.695500
7.375000	0.5	2.693550
7.383333	0.5	2.697700
7.391667	0.5	2.694000
7.400000	0.5	2.687800
7.408333	0.5	2.682650
7.416667	0.5	2.682900
7.425000	0.5	2.681100
7.433333	0.5	2.681100
7.441667	0.5	2.683050
7.450000	0.5	2.684550
7.458333	0.5	2.689650
7.466667	0.5	2.690950
7.475000	0.5	2.696000
7.483333	0.5	2.699950
7.491667	0.5	2.695800
7.500000	0.5	2.692250
7.508333	0.5	2.693650
7.516667	0.5	2.694300
7.525000	0.5	2.696100
7.533333	0.5	2.699800
7.541667	0.5	2.704850
7.550000	0.5	2.709950
7.558333	0.5	2.716750
7.566667	0.5	2.721650
7.575000	0.5	2.727000
7.583333	0.5	2.727700
7.591667	0.5	2.726250
7.600000	0.5	2.726450
7.608333	0.5	2.726900
7.616667	0.5	2.730750
7.625000	0.5	2.733650
7.633333	0.5	2.737700
7.641667	0.5	2.744350
7.650000	0.5	2.749900
7.658333	0.5	2.755100
7.666667	0.5	2.761800
7.675000	0.5	2.767600
7.683333	0.5	2.766750
7.691667	0.5	2.764450
7.700000	0.5	2.767300
7.708333	0.5	2.768650
7.716667	0.5	2.772700
7.725000	0.5	2.775950
7.733333	0.5	2.781850
7.741667	0.5	2.789400
7.750000	0.5	2.796100
7.758333	0.5	2.800350
7.766667	0.5	2.808650
7.775000	0.5	2.810300
7.783333	0.5	2.809800
7.791667	0.5	2.808350
7.800000	0.5	2.812550
7.808333	0.5	2.815300
7.816667	0.5	2.821150
7.825000	0.5	2.827750
7.833333	0.5	2.837250
7.841667	0.5	2.845600
7.850000	0.5	2.851650
7.858333	0.5	2.860300
7.866667	0.5	2.870250
7.875000	0.5	2.872350
7.883333	0.5	2.876100
7.891667	0.5	2.885800
7.900000	0.5	2.894500
7.908333	0.5	2.906650
7.916667	0.5	2.921350
7.925000	0.5	2.936650
7.933333	0.5	2.955100
7.941667	0.5	2.974000
7.950000	0.5	2.992100
7.958333	0.5	3.013350
7.966667	0.5	3.029100
7.975000	0.5	3.039650
7.983333	0.5	3.053000
7.991667	0.5	3.067200
8.000000	0.5	3.081200
8.008333	0.5	3.096800
8.016667	0.5	3.113100
8.025000	0.5	3.130050
8.033333	0.5	3.145400
8.041667	0.5	3.158850
8.050000	0.5	3.172850
8.058333	0.5	3.185600
8.066667	0.5	3.189800
8.075000	0.5	3.194450
8.083333	0.5	3.202950
8.091667	0.5	3.208550
8.100000	0.5	3.216650
8.108333	0.5	3.222350
8.116667	0.5	3.227400
8.125000	0.5	3.234250
8.133333	0.5	3.239150
8.141667	0.5	3.242300
8.150000	0.5	3.248150
8.158333	0.5	3.247250
8.166667	0.5	3.240850
8.175000	0.5	3.234850
8.183333	0.5	3.231900
8.191667	0.5	3.230200
8.200000	0.5	3.227800
8.208333	0.5	3.225200
8.216667	0.5	3.224400
8.225000	0.5	3.224600
8.233333	0.5	3.222900
8.241667	0.5	3.223450
8.250000	0.5	3.223750
8.258333	0.5	3.215100
8.266667	0.5	3.208400
8.275000	0.5	3.203950
8.283333	0.5	3.203150
8.291667	0.5	3.202750
8.300000	0.5	3.203900
8.308333	0.5	3.206800
8.316667	0.5	3.211850
8.325000	0.5	3.216550
8.333333	0.5	3.219100
8.341667	0.5	3.227750
8.350000	0.5	3.228800
8.358333	0.5	3.227700
8.366667	0.5	3.227950
8.375000	0.5	3.231100
8.383333	0.5	3.236300
8.391667	0.5	3.241350
8.400000	0.5	3.247350
8.408333	0.5	3.254200
8.416667	0.5	3.264450
8.425000	0.5	3.270000
8.433333	0.5	3.279050
8.441667	0.5	3.287100
8.450000	0.5	3.289450
8.458333	0.5	3.289050
8.466667	0.5	3.294750
8.475000	0.5	3.299150
8.483333	0.5	3.305250
8.491667	0.5	3.313350
8.500000	0.5	3.321650
8.508333	0.5	3.333950
8.516667	0.5	3.343850
8.525000	0.5	3.355250
8.533333	0.5	3.370550
8.541667	0.5	3.381800
8.550000	0.5	3.392350
8.558333	0.5	3.407450
8.566667	0.5	3.432050
8.575000	0.5	3.462300
8.583333	0.5	3.501850
8.591667	0.5	3.553800
8.600000	0.5	3.616000
8.608333	0.5	3.695750
8.616667	0.5	3.790800
8.625000	0.5	3.905300
8.633333	0.5	4.040150
8.641667	0.5	4.194450
8.650000	0.5	4.370650
8.658333	0.5	4.578800
8.666667	0.5	4.817400
8.675000	0.5	5.081950
8.683333	0.5	5.375450
8.691667	0.5	5.695600
8.700000	0.5	6.040550
8.708333	0.5	6.403200
8.716667	0.5	6.779650
8.725000	0.5	7.173600
8.733333	0.5	7.570700
8.741667	0.5	7.965550
8.750000	0.5	8.365250
8.758333	0.5	8.765550
8.766667	0.5	9.156900
8.775000	0.5	9.535100
8.783333	0.5	9.896650
8.791667	0.5	10.241450
8.800000	0.5	10.562550
8.808333	0.5	10.855450
8.816667	0.5	11.128050
8.825000	0.5	11.369550
8.833333	0.5	11.576300
8.841667	0.5	11.756450
8.850000	0.5	11.915600
8.858333	0.5	12.047250
8.866667	0.5	12.155600
8.875000	0.5	12.245500
8.883333	0.5	12.312850
8.891667	0.5	12.363550
8.900000	0.5	12.393300
8.908333	0.5	12.407000
8.916667	0.5	12.409750
8.925000	0.5	12.391750
8.933333	0.5	12.357400
8.941667	0.5	12.312600
8.950000	0.5	12.260500
8.958333	0.5	12.201500
8.966667	0.5	12.134100
8.975000	0.5	12.061600
8.983333	0.5	11.982050
8.991667	0.5	11.900150
9.000000	0.5	11.809800
9.008333	0.5	11.716300
9.016667	0.5	11.618450
9.025000	0.5	11.505250
9.033333	0.5	11.388750
9.041667	0.5	11.267100
9.050000	0.5	11.142250
9.058333	0.5	11.011550
9.066667	0.5	10.876500
9.075000	0.5	10.737600
9.083333	0.5	10.597600
9.091667	0.5	10.451350
9.100000	0.5	10.298750
9.108333	0.5	10.149700
9.116667	0.5	9.988750
9.125000	0.5	9.823650
9.133333	0.5	9.656550
9.141667	0.5	9.494350
9.150000	0.5	9.331550
9.158333	0.5	9.171550
9.166667	0.5	9.016550
9.175000	0.5	8.863650
9.183333	0.5	8.715250
9.191667	0.5	8.570600
9.200000	0.5	8.429800
9.208333	0.5	8.293100
9.216667	0.5	8.150300
9.225000	0.5	8.009850
9.233333	0.5	7.872200
9.241667	0.5	7.738900
9.250000	0.5	7.607900
9.258333	0.5	7.479450
9.266667	0.5	7.353400
9.275000	0.5	7.229000
9.283333	0.5	7.103850
9.291667	0.5	6.979000
9.300000	0.5	6.859400
9.308333	0.5	6.732200
9.316667	0.5	6.606050
9.325000	0.5	6.481850
9.333333	0.5	6.361800
9.341667	0.5	6.247850
9.350000	0.5	6.138000
9.358333	0.5	6.034700
9.366667	0.5	5.937400
9.375000	0.5	5.845850
9.383333	0.5	5.758900
9.391667	0.5	5.681100
9.400000	0.5	5.608050
9.408333	0.5	5.533300
9.416667	0.5	5.464150
9.425000	0.5	5.402050
9.433333	0.5	5.347150
9.441667	0.5	5.298250
9.450000	0.5	5.252950
9.458333	0.5	5.212200
9.466667	0.5	5.177100
9.475000	0.5	5.145800
9.483333	0.5	5.113950
9.491667	0.5	5.088450
9.500000	0.5	5.061050
9.508333	0.5	5.030400
9.516667	0.5	5.002400
9.525000	0.5	4.978850
9.533333	0.5	4.956400
9.541667	0.5	4.934600
9.550000	0.5	4.916800
9.558333	0.5	4.899600
9.566667	0.5	4.882750
9.575000	0.5	4.866900
9.583333	0.5	4.850600
9.591667	0.5	4.835300
9.600000	0.5	4.817150
9.608333	0.5	4.796250
9.616667	0.5	4.780900
9.625000	0.5	4.767550
9.633333	0.5	4.756050
9.641667	0.5	4.744700
9.650000	0.5	4.735900
9.658333	0.5	4.729850
9.666667	0.5	4.724200
9.675000	0.5	4.717000
9.683333	0.5	4.714950
9.691667	0.5	4.708400
9.700000	0.5	4.700000
9.708333	0.5	4.690950
9.716667	0.5	4.689800
9.725000	0.5	4.687850
9.733333	0.5	4.688600
9.741667	0.5	4.687800
9.750000	0.5	4.692150
9.758333	0.5	4.696650
9.766667	0.5	4.699500
9.775000	0.5	4.705150
9.783333	0.5	4.711200
9.791667	0.5	4.711100
9.800000	0.5	4.711000
9.808333	0.5	4.713150
9.816667	0.5	4.716000
9.825000	0.5	4.722550
9.833333	0.5	4.729000
9.841667	0.5	4.736000
9.850000	0.5	4.745950
9.858333	0.5	4.754600
9.866667	0.5	4.762800
9.875000	0.5	4.773250
9.883333	0.5	4.777950
9.891667	0.5	4.781850
9.900000	0.5	4.785750
9.908333	0.5	4.792400
9.916667	0.5	4.799350
9.925000	0.5	4.807150
9.933333	0.5	4.816650
9.941667	0.5	4.828500
9.950000	0.5	4.839750
9.958333	0.5	4.847800
9.966667	0.5	4.857650
9.975000	0.5	4.869150
9.983333	0.5	4.872650
9.991667	0.5	4.875750
10.000000	0.5	4.881650
10.008333	0.5	4.887250
10.016667	0.5	4.893900
10.025000	0.5	4.900600
10.033333	0.5	4.908200
10.041667	0.5	4.917450
10.050000	0.5	4.921950
10.058333	0.5	4.927900
10.066667	0.5	4.936200
10.075000	0.5	4.936750
10.083333	0.5	4.935950
10.091667	0.5	4.933300
10.100000	0.5	4.938800
10.108333	0.5	4.941350
10.116667	0.5	4.943650
10.125000	0.5	4.948200
10.133333	0.5	4.952300
10.141667	0.5	4.958800
10.150000	0.5	4.963600
10.158333	0.5	4.971800
10.166667	0.5	4.978050
10.175000	0.5	4.980850
10.183333	0.5	4.982100
10.191667	0.5	4.985850
10.200000	0.5	4.991800
10.208333	0.5	4.999700
10.216667	0.5	5.008900
10.225000	0.5	5.016450
10.233333	0.5	5.026800
10.241667	0.5	5.038000
10.250000	0.5	5.047300
10.258333	0.5	5.056650
10.266667	0.5	5.062850
10.275000	0.5	5.065750
10.283333	0.5	5.070850
10.291667	0.5	5.077200
10.300000	0.5	5.085800
10.308333	0.5	5.092500
10.316667	0.5	5.100250
10.325000	0.5	5.109750
10.333333	0.5	5.120700
10.341667	0.5	5.130250
10.350000	0.5	5.137100
10.358333	0.5	5.146950
10.366667	0.5	5.150050
10.375000	0.5	5.154550
10.383333	0.5	5.158750
10.391667	0.5	5.165200
10.400000	0.5	5.173700
10.408333	0.5	5.182650
10.416667	0.5	5.193100
10.425000	0.5	5.205500
10.433333	0.5	5.215250
10.441667	0.5	5.225100
10.450000	0.5	5.239550
10.458333	0.5	5.248950
10.466667	0.5	5.253950
10.475000	0.5	5.262150
10.483333	0.5	5.270250
10.491667	0.5	5.280850
10.500000	0.5	5.293200
10.508333	0.5	5.305250
10.516667	0.5	5.318100
10.525000	0.5	5.331150
10.533333	0.5	5.340550
10.541667	0.5	5.350000
10.550000	0.5	5.363000
10.558333	0.5	5.367950
10.566667	0.5	5.369100
10.575000	0.5	5.371650
10.583333	0.5	5.376400
10.591667	0.5	5.378400
10.600000	0.5	5.379500
10.608333	0.5	5.381250
10.616667	0.5	5.381050
10.625000	0.5	5.379250
10.633333	0.5	5.375450
10.641667	0.5	5.373350
10.650000	0.5	5.365150
10.658333	0.5	5.353800
10.666667	0.5	5.343450
10.675000	0.5	5.336900
10.683333	0.5	5.327650
10.691667	0.5	5.319750
10.700000	0.5	5.315150
10.708333	0.5	5.310500
10.716667	0.5	5.306700
10.725000	0.5	5.303350
10.733333	0.5	5.299550
10.741667	0.5	5.298150
10.750000	0.5	5.290150
10.758333	0.5	5.282600
10.766667	0.5	5.278600
10.775000	0.5	5.278250
10.783333	0.5	5.275850
10.791667	0.5	5.278050
10.800000	0.5	5.278700
10.808333	0.5	5.281700
10.816667	0.5	5.282800
10.825000	0.5	5.286800
10.833333	0.5	5.291600
10.841667	0.5	5.292500
10.850000	0.5	5.291250
10.858333	0.5	5.291600
10.866667	0.5	5.294350
10.875000	0.5	5.297850
10.883333	0.5	5.301850
10.891667	0.5	5.307600
10.900000	0.5	5.314550
10.908333	0.5	5.322050
10.916667	0.5	5.326700
10.925000	0.5	5.331350
10.933333	0.5	5.337950
10.941667	0.5	5.338400
10.950000	0.5	5.335800
10.958333	0.5	5.335100
10.966667	0.5	5.338900
10.975000	0.5	5.340850
10.983333	0.5	5.343800
10.991667	0.5	5.346800
11.000000	0.5	5.351150
11.008333	0.5	5.354350
11.016667	0.5	5.356350
11.025000	0.5	5.361050
11.033333	0.5	5.359900
11.041667	0.5	5.358250
11.050000	0.5	5.357550
11.058333	0.5	5.356700
11.066667	0.5	5.358200
11.075000	0.5	5.359550
11.083333	0.5	5.360800
11.091667	0.5	5.363450
11.100000	0.5	5.366150
11.108333	0.5	5.368300
11.116667	0.5	5.371100
11.125000	0.5	5.374000
11.133333	0.5	5.372150
11.141667	0.5	5.368350
11.150000	0.5	5.367050
11.158333	0.5	5.367550
11.166667	0.5	5.368050
11.175000	0.5	5.368050
11.183333	0.5	5.370550
11.191667	0.5	5.373050
11.200000	0.5	5.374250
11.208333	0.5	5.373850
11.216667	0.5	5.378600
11.225000	0.5	5.376050
11.233333	0.5	5.372150
11.241667	0.5	5.368100
11.250000	0.5	5.365850
11.258333	0.5	5.362700
11.266667	0.5	5.362200
11.275000	0.5	5.362650
11.283333	0.5	5.364250
11.291667	0.5	5.366000
11.300000	0.5	5.365650
11.308333	0.5	5.368550
11.316667	0.5	5.370600
11.325000	0.5	5.368100
11.333333	0.5	5.364800
11.341667	0.5	5.364300
11.350000	0.5	5.366150
11.358333	0.5	5.372850
11.366667	0.5	5.379100
11.375000	0.5	5.390500
11.383333	0.5	5.407250
11.391667	0.5	5.430950
11.400000	0.5	5.455200
11.408333	0.5	5.489600
11.416667	0.5	5.520750
11.425000	0.5	5.551500
11.433333	0.5	5.588850
11.441667	0.5	5.626100
11.450000	0.5	5.665850
11.458333	0.5	5.704700
11.466667	0.5	5.745150
11.475000	0.5	5.783850
11.483333	0.5	5.824800
11.491667	0.5	5.858500
11.500000	0.5	5.889100
11.508333	0.5	5.919750
11.516667	0.5	5.939100
11.525000	0.5	5.958350
11.533333	0.5	5.976050
11.541667	0.5	5.994500
11.550000	0.5	6.012350
11.558333	0.5	6.030100
11.566667	0.5	6.044750
11.575000	0.5	6.062950
11.583333	0.5	6.081800
11.591667	0.5	6.094150
11.600000	0.5	6.111550
11.608333	0.5	6.121650
11.616667	0.5	6.132050
11.625000	0.5	6.140100
11.633333	0.5	6.152450
11.641667	0.5	6.163150
11.650000	0.5	6.174650
11.658333	0.5	6.185000
11.666667	0.5	6.195850
11.675000	0.5	6.207650
11.683333	0.5	6.216850
11.691667	0.5	6.227850
11.700000	0.5	6.239000
11.708333	0.5	6.245400
11.716667	0.5	6.251300
11.725000	0.5	6.257350
11.733333	0.5	6.265350
11.741667	0.5	6.273550
11.750000	0.5	6.284000
11.758333	0.5	6.293350
11.766667	0.5	6.303950
11.775000	0.5	6.315350
11.783333	0.5	6.326750
11.791667	0.5	6.337900
11.800000	0.5	6.348950
11.808333	0.5	6.354550
11.816667	0.5	6.361800
11.825000	0.5	6.373350
11.833333	0.5	6.383050
11.841667	0.5	6.394850
11.850000	0.5	6.405450
11.858333	0.5	6.417650
11.866667	0.5	6.432350
11.875000	0.5	6.442600
11.883333	0.5	6.457600
11.891667	0.5	6.470850
11.900000	0.5	6.479200
11.908333	0.5	6.488800
11.916667	0.5	6.497750
11.925000	0.5	6.507750
11.933333	0.5	6.515900
11.941667	0.5	6.527850
11.950000	0.5	6.536900
11.958333	0.5	6.547400
11.966667	0.5	6.560850
11.975000	0.5	6.570850
11.983333	0.5	6.571000
11.991667	0.5	6.593850
12.000000	0.5	6.599800
12.008333	0.5	6.606450
12.016667	0.5	6.616200
12.025000	0.5	6.626450
12.033333	0.5	6.638300
12.041667	0.5	6.648900
12.050000	0.5	6.663700
12.058333	0.5	6.676500
12.066667	0.5	6.690900
12.075000	0.5	6.704850
12.083333	0.5	6.722000
12.091667	0.5	6.736100
12.100000	0.5	6.750400
12.108333	0.5	6.767100
12.116667	0.5	6.785100
12.125000	0.5	6.807250
12.133333	0.5	6.832600
12.141667	0.5	6.856250
12.150000	0.5	6.885100
12.158333	0.5	6.914950
12.166667	0.5	6.947800
12.175000	0.5	6.985350
12.183333	0.5	7.020000
12.191667	0.5	7.055100
12.200000	0.5	7.092600
12.208333	0.5	7.134000
12.216667	0.5	7.178750
12.225000	0.5	7.225400
12.233333	0.5	7.273250
12.241667	0.5	7.323600
12.250000	0.5	7.374750
12.258333	0.5	7.428000
12.266667	0.5	7.480600
12.275000	0.5	7.536050
12.283333	0.5	7.583750
12.291667	0.5	7.633250
12.300000	0.5	7.684700
12.308333	0.5	7.735400
12.316667	0.5	7.783200
12.325000	0.5	7.831500
12.333333	0.5	7.875600
12.341667	0.5	7.922000
12.350000	0.5	7.963150
12.358333	0.5	8.000200
12.366667	0.5	8.037050
12.375000	0.5	8.068350
12.383333	0.5	8.096150
12.391667	0.5	8.118300
12.400000	0.5	8.143900
12.408333	0.5	8.163500
12.416667	0.5	8.182150
12.425000	0.5	8.197700
12.433333	0.5	8.210400
12.441667	0.5	8.224500
12.450000	0.5	8.232950
12.458333	0.5	8.238150
12.466667	0.5	8.246650
12.475000	0.5	8.247000
12.483333	0.5	8.242550
12.491667	0.5	8.238300
12.500000	0.5	8.235000
12.508333	0.5	8.226600
12.516667	0.5	8.217350
12.525000	0.5	8.209150
12.533333	0.5	8.198100
12.541667	0.5	8.186800
12.550000	0.5	8.172500
12.558333	0.5	8.158550
12.566667	0.5	8.141400
12.575000	0.5	8.119200
12.583333	0.5	8.095350
12.591667	0.5	8.075050
12.600000	0.5	8.055900
12.608333	0.5	8.034250
12.616667	0.5	8.015200
12.625000	0.5	7.996250
12.633333	0.5	7.979300
12.641667	0.5	7.966350
12.650000	0.5	7.949250
12.658333	0.5	7.940500
12.666667	0.5	7.926600
12.675000	0.5	7.913750
12.683333	0.5	7.903700
12.691667	0.5	7.895400
12.700000	0.5	7.890200
12.708333	0.5	7.885300
12.716667	0.5	7.882400
12.725000	0.5	7.882000
12.733333	0.5	7.882900
12.741667	0.5	7.881800
12.750000	0.5	7.885200
12.758333	0.5	7.887400
12.766667	0.5	7.887250
12.775000	0.5	7.889000
12.783333	0.5	7.892150
12.791667	0.5	7.892800
12.800000	0.5	7.899650
12.808333	0.5	7.906450
12.816667	0.5	7.914200
12.825000	0.5	7.921250
12.833333	0.5	7.929550
12.841667	0.5	7.938600
12.850000	0.5	7.953300
12.858333	0.5	7.961000
12.866667	0.5	7.967000
12.875000	0.5	7.975750
12.883333	0.5	7.988100
12.891667	0.5	8.000950
12.900000	0.5	8.012200
12.908333	0.5	8.025150
12.916667	0.5	8.040300
12.925000	0.5	8.056100
12.933333	0.5	8.069150
12.941667	0.5	8.086450
12.950000	0.5	8.102450
12.958333	0.5	8.117700
12.966667	0.5	8.130450
12.975000	0.5	8.149100
12.983333	0.5	8.164900
12.991667	0.5	8.182050
13.000000	0.5	8.202400
13.008333	0.5	8.220150
13.016667	0.5	8.240800
13.025000	0.5	8.261300
13.033333	0.5	8.279150
13.041667	0.5	8.305050
13.050000	0.5	8.324850
13.058333	0.5	8.343600
13.066667	0.5	8.363050
13.075000	0.5	8.384750
13.083333	0.5	8.403600
13.091667	0.5	8.425900
13.100000	0.5	8.446000
13.108333	0.5	8.466400
13.116667	0.5	8.486250
13.125000	0.5	8.506450
13.133333	0.5	8.531250
13.141667	0.5	8.549800
13.150000	0.5	8.569150
13.158333	0.5	8.585900
13.166667	0.5	8.604850
13.175000	0.5	8.621950
13.183333	0.5	8.639150
13.191667	0.5	8.656800
13.200000	0.5	8.672750
13.208333	0.5	8.690150
13.216667	0.5	8.705850
13.225000	0.5	8.718400
13.233333	0.5	8.736400
13.241667	0.5	8.748350
13.250000	0.5	8.757600
13.258333	0.5	8.766850
13.266667	0.5	8.777700
13.275000	0.5	8.787100
13.283333	0.5	8.795050
13.291667	0.5	8.804350
13.300000	0.5	8.812750
13.308333	0.5	8.821250
13.316667	0.5	8.828600
13.325000	0.5	8.836300
13.333333	0.5	8.846350
13.341667	0.5	8.853150
13.350000	0.5	8.857750
13.358333	0.5	8.862500
13.366667	0.5	8.870000
13.375000	0.5	8.876700
13.383333	0.5	8.884400
13.391667	0.5	8.892050
13.400000	0.5	8.902900
13.408333	0.5	8.913800
13.416667	0.5	8.918850
13.425000	0.5	8.933900
13.433333	0.5	8.946500
13.441667	0.5	8.954850
13.450000	0.5	8.966000
13.458333	0.5	8.977400
13.466667	0.5	8.990400
13.475000	0.5	9.006000
13.483333	0.5	9.022200
13.491667	0.5	9.035200
13.500000	0.5	9.053200
13.508333	0.5	9.066700
13.516667	0.5	9.087800
13.525000	0.5	9.106800
13.533333	0.5	9.124550
13.541667	0.5	9.138700
13.550000	0.5	9.156150
13.558333	0.5	9.177050
13.566667	0.5	9.196200
13.575000	0.5	9.218000
13.583333	0.5	9.236400
13.591667	0.5	9.260250
13.600000	0.5	9.281350
13.608333	0.5	9.301250
13.616667	0.5	9.330600
13.625000	0.5	9.352850
13.633333	0.5	9.375150
13.641667	0.5	9.394300
13.650000	0.5	9.419450
13.658333	0.5	9.442400
13.666667	0.5	9.467750
13.675000	0.5	9.489550
13.683333	0.5	9.513000
13.691667	0.5	9.540850
13.700000	0.5	9.562750
13.708333	0.5	9.587100
13.716667	0.5	9.613050
13.725000	0.5	9.636250
13.733333	0.5	9.656150
13.741667	0.5	9.681150
13.750000	0.5	9.702900
13.758333	0.5	9.726500
13.766667	0.5	9.749500
13.775000	0.5	9.770350
13.783333	0.5	9.796050
13.791667	0.5	9.818050
13.800000	0.5	9.835500
13.808333	0.5	9.861550
13.816667	0.5	9.884250
13.825000	0.5	9.901650
13.833333	0.5	9.925300
13.841667	0.5	9.945000
13.850000	0.5	9.966250
13.858333	0.5	9.987900
13.866667	0.5	10.008250
13.875000	0.5	10.030350
13.883333	0.5	10.053800
13.891667	0.5	10.074200
13.900000	0.5	10.097700
13.908333	0.5	10.122700
13.916667	0.5	10.144200
13.925000	0.5	10.165250
13.933333	0.5	10.189500
13.941667	0.5	10.213650
13.950000	0.5	10.238700
13.958333	0.5	10.262900
13.966667	0.5	10.289150
13.975000	0.5	10.316000
13.983333	0.5	10.346250
13.991667	0.5	10.365650
14.000000	0.5	10.402750
14.008333	0.5	10.434400
14.016667	0.5	10.460550
14.025000	0.5	10.489600
14.033333	0.5	10.519600
14.041667	0.5	10.549800
14.050000	0.5	10.578600
14.058333	0.5	10.609150
14.066667	0.5	10.635700
14.075000	0.5	10.666150
14.083333	0.5	10.691850
14.091667	0.5	10.720800
14.100000	0.5	10.750350
14.108333	0.5	10.776800
14.116667	0.5	10.797600
14.125000	0.5	10.821050
14.133333	0.5	10.842200
14.141667	0.5	10.862450
14.150000	0.5	10.881600
14.158333	0.5	10.895450
14.166667	0.5	10.914500
14.175000	0.5	10.930250
14.183333	0.5	10.938800
14.191667	0.5	10.958700
14.200000	0.5	10.972650
14.208333	0.5	10.982650
14.216667	0.5	10.990200
14.225000	0.5	11.000650
14.233333	0.5	11.008600
14.241667	0.5	11.015700
14.250000	0.5	11.022500
14.258333	0.5	11.029400
14.266667	0.5	11.038300
14.275000	0.5	11.045700
14.283333	0.5	11.055500
14.291667	0.5	11.070500
14.300000	0.5	11.077150
14.308333	0.5	11.081600
14.316667	0.5	11.091500
14.325000	0.5	11.103350
14.333333	0.5	11.113200
14.341667	0.5	11.119900
14.350000	0.5	11.131150
14.358333	0.5	11.145150
14.366667	0.5	11.157700
14.375000	0.5	11.166950
14.383333	0.5	11.188450
14.391667	0.5	11.204350
14.400000	0.5	11.221400
14.408333	0.5	11.234350
14.416667	0.5	11.249750
14.425000	0.5	11.266800
14.433333	0.5	11.281850
14.441667	0.5	11.299650
14.450000	0.5	11.319350
14.458333	0.5	11.337050
14.466667	0.5	11.352850
14.475000	0.5	11.374250
14.483333	0.5	11.395950
14.491667	0.5	11.418750
14.500000	0.5	11.434650
14.508333	0.5	11.453650
14.516667	0.5	11.474700
14.525000	0.5	11.490550
14.533333	0.5	11.515600
14.541667	0.5	11.529900
14.550000	0.5	11.548650
14.558333	0.5	11.570050
14.566667	0.5	11.581050
14.575000	0.5	11.606300
14.583333	0.5	11.624400
14.591667	0.5	11.642450
14.600000	0.5	11.655900
14.608333	0.5	11.671600
14.616667	0.5	11.685950
14.625000	0.5	11.699600
14.633333	0.5	11.712400
14.641667	0.5	11.726650
14.650000	0.5	11.738550
14.658333	0.5	11.748150
14.666667	0.5	11.763700
14.675000	0.5	11.782400
14.683333	0.5	11.796800
14.691667	0.5	11.806250
14.700000	0.5	11.818400
14.708333	0.5	11.829800
14.716667	0.5	11.838150
14.725000	0.5	11.850350
14.733333	0.5	11.859400
14.741667	0.5	11.873300
14.750000	0.5	11.886750
14.758333	0.5	11.891400
14.766667	0.5	11.913900
14.775000	0.5	11.931100
14.783333	0.5	11.944300
14.791667	0.5	11.958700
14.800000	0.5	11.972500
14.808333	0.5	11.988500
14.816667	0.5	12.005800
14.825000	0.5	12.024150
14.833333	0.5	12.038550
14.841667	0.5	12.061000
14.850000	0.5	12.077350
14.858333	0.5	12.100600
14.866667	0.5	12.128650
14.875000	0.5	12.156500
14.883333	0.5	12.177950
14.891667	0.5	12.201700
14.900000	0.5	12.227650
14.908333	0.5	12.251800
14.916667	0.5	12.276800
14.925000	0.5	12.303400
14.933333	0.5	12.332300
14.941667	0.5	12.362000
14.950000	0.5	12.383850
14.958333	0.5	12.420300
14.966667	0.5	12.455900
14.975000	0.5	12.486000
14.983333	0.5	12.516250
14.991667	0.5	12.549000
15.000000	0.5	12.577300
15.008333	0.5	12.608300
15.016667	0.5	12.634400
15.025000	0.5	12.664900
15.033333	0.5	12.695400
15.041667	0.5	12.718350
15.050000	0.5	12.750750
15.058333	0.5	12.783100
15.066667	0.5	12.811750
15.075000	0.5	12.834450
15.083333	0.5	12.860450
15.091667	0.5	12.883800
15.100000	0.5	12.904700
15.108333	0.5	12.923150
15.116667	0.5	12.938900
15.125000	0.5	12.956200
15.133333	0.5	12.977250
15.141667	0.5	12.980400
15.150000	0.5	13.005850
15.158333	0.5	13.025400
15.166667	0.5	13.040700
15.175000	0.5	13.052600
15.183333	0.5	13.063600
15.191667	0.5	13.074850
15.200000	0.5	13.085550
15.208333	0.5	13.094800
15.216667	0.5	13.106400
15.225000	0.5	13.118750
15.233333	0.5	13.128500
15.241667	0.5	13.143300
15.250000	0.5	13.161550
15.258333	0.5	13.177200
15.266667	0.5	13.185800
15.275000	0.5	13.201150
15.283333	0.5	13.215650
15.291667	0.5	13.227400
15.300000	0.5	13.240800
15.308333	0.5	13.254400
15.316667	0.5	13.270750
15.325000	0.5	13.288650
15.333333	0.5	13.296900
15.341667	0.5	13.324600
15.350000	0.5	13.348450
15.358333	0.5	13.369300
15.366667	0.5	13.387550
15.375000	0.5	13.409850
15.383333	0.5	13.431050
15.391667	0.5	13.453650
15.400000	0.5	13.473450
15.408333	0.5	13.498250
15.416667	0.5	13.523700
15.425000	0.5	13.545800
15.433333	0.5	13.575450
15.441667	0.5	13.610500
15.450000	0.5	13.650750
15.458333	0.5	13.673800
15.466667	0.5	13.704750
15.475000	0.5	13.737300
15.483333	0.5	13.769400
15.491667	0.5	13.801950
15.500000	0.5	13.831100
15.508333	0.5	13.865500
15.516667	0.5	13.901900
15.525000	0.5	13.926800
15.533333	0.5	13.969800
15.541667	0.5	14.009400
15.550000	0.5	14.044850
15.558333	0.5	14.076700
15.566667	0.5	14.110250
15.575000	0.5	14.141100
15.583333	0.5	14.172900
15.591667	0.5	14.200200
15.600000	0.5	14.226800
15.608333	0.5	14.258950
15.616667	0.5	14.280800
15.625000	0.5	14.311100
15.633333	0.5	14.345800
15.641667	0.5	14.380200
15.650000	0.5	14.401500
15.658333	0.5	14.428300
15.666667	0.5	14.454050
15.675000	0.5	14.477250
15.683333	0.5	14.505650
15.691667	0.5	14.527750
15.700000	0.5	14.554250
15.708333	0.5	14.584350
15.716667	0.5	14.604000
15.725000	0.5	14.639950
15.733333	0.5	14.673300
15.741667	0.5	14.707450
15.750000	0.5	14.736850
15.758333	0.5	14.768100
15.766667	0.5	14.797850
15.775000	0.5	14.834450
15.783333	0.5	14.868000
15.791667	0.5	14.900350
15.800000	0.5	14.937250
15.808333	0.5	14.970950
15.816667	0.5	15.016600
15.825000	0.5	15.066550
15.833333	0.5	15.119050
15.841667	0.5	15.168900
15.850000	0.5	15.224200
15.858333	0.5	15.283550
15.866667	0.5	15.348600
15.875000	0.5	15.419850
15.883333	0.5	15.495550
15.891667	0.5	15.584650
15.900000	0.5	15.688450
15.908333	0.5	15.783350
15.916667	0.5	15.909150
15.925000	0.5	16.044150
15.933333	0.5	16.181850
15.941667	0.5	16.325750
15.950000	0.5	16.474950
15.958333	0.5	16.628100
15.966667	0.5	16.782300
15.975000	0.5	16.940600
15.983333	0.5	17.094550
15.991667	0.5	17.242500
16.000000	0.5	17.375250
16.008333	0.5	17.506900
16.016667	0.5	17.630750
16.025000	0.5	17.738000
16.033333	0.5	17.816150
16.041667	0.5	17.875000
16.050000	0.5	17.910250
16.058333	0.5	17.916450
16.066667	0.5	17.905200
16.075000	0.5	17.862550
16.083333	0.5	17.803100
16.091667	0.5	17.727400
16.100000	0.5	17.617250
16.108333	0.5	17.518200
16.116667	0.5	17.399550
16.125000	0.5	17.264300
16.133333	0.5	17.114750
16.141667	0.5	16.958800
16.150000	0.5	16.800550
16.158333	0.5	16.640850
16.166667	0.5	16.485700
16.175000	0.5	16.325550
16.183333	0.5	16.173650
16.191667	0.5	16.020250
16.200000	0.5	15.883950
16.208333	0.5	15.758950
16.216667	0.5	15.634800
16.225000	0.5	15.512700
16.233333	0.5	15.401750
16.241667	0.5	15.300250
16.250000	0.5	15.206800
16.258333	0.5	15.122950
16.266667	0.5	15.045100
16.275000	0.5	14.980900
16.283333	0.5	14.924450
16.291667	0.5	14.870750
16.300000	0.5	14.837850
16.308333	0.5	14.814650
16.316667	0.5	14.790450
16.325000	0.5	14.777750
16.333333	0.5	14.770950
16.341667	0.5	14.775200
16.350000	0.5	14.791100
16.358333	0.5	14.811350
16.366667	0.5	14.838550
16.375000	0.5	14.879900
16.383333	0.5	14.922550
16.391667	0.5	14.981000
16.400000	0.5	15.047050
16.408333	0.5	15.122150
16.416667	0.5	15.193450
16.425000	0.5	15.274800
16.433333	0.5	15.362100
16.441667	0.5	15.449050
16.450000	0.5	15.539050
16.458333	0.5	15.625950
16.466667	0.5	15.718650
16.475000	0.5	15.814350
16.483333	0.5	15.894250
16.491667	0.5	15.990100
16.500000	0.5	16.085850
16.508333	0.5	16.168900
16.516667	0.5	16.249700
16.525000	0.5	16.326150
16.533333	0.5	16.397850
16.541667	0.5	16.460700
16.550000	0.5	16.518300
16.558333	0.5	16.564250
16.566667	0.5	16.611850
16.575000	0.5	16.642850
16.583333	0.5	16.675150
16.591667	0.5	16.703050
16.600000	0.5	16.722250
16.608333	0.5	16.720750
16.616667	0.5	16.719000
16.625000	0.5	16.707750
16.633333	0.5	16.688500
16.641667	0.5	16.662000
16.650000	0.5	16.634200
16.658333	0.5	16.603100
16.666667	0.5	16.575400
16.675000	0.5	16.534100
16.683333	0.5	16.511700
16.691667	0.5	16.492850
16.700000	0.5	16.469100
16.708333	0.5	16.452200
16.716667	0.5	16.439500
16.725000	0.5	16.436600
16.733333	0.5	16.445850
16.741667	0.5	16.464400
16.750000	0.5	16.500850
16.758333	0.5	16.556400
16.766667	0.5	16.626100
16.775000	0.5	16.726500
16.783333	0.5	16.861300
16.791667	0.5	17.026800
16.800000	0.5	17.215300
16.808333	0.5	17.449750
16.816667	0.5	17.730850
16.825000	0.5	18.070300
16.833333	0.5	18.468850
16.841667	0.5	18.937900
16.850000	0.5	19.491750
16.858333	0.5	20.143450
16.866667	0.5	20.879550
16.875000	0.5	21.758350
16.883333	0.5	22.761750
16.891667	0.5	23.889900
16.900000	0.5	25.155950
16.908333	0.5	26.546550
16.916667	0.5	28.062450
16.925000	0.5	29.681250
16.933333	0.5	31.392900
16.941667	0.5	33.173700
16.950000	0.5	35.011051
16.958333	0.5	36.847551
16.966667	0.5	38.695251
16.975000	0.5	40.548351
16.983333	0.5	42.334351
16.991667	0.5	43.986951
17.000000	0.5	45.529551
17.008333	0.5	46.921901
17.016667	0.5	48.142651
17.025000	0.5	49.183451
17.033333	0.5	50.023451
17.041667	0.5	50.688001
17.050000	0.5	51.173701
17.058333	0.5	51.415901
17.066667	0.5	51.579101
17.075000	0.5	51.573601
17.083333	0.5	51.383101
17.091667	0.5	51.032851
17.100000	0.5	50.550101
17.108333	0.5	49.942051
17.116667	0.5	49.235151
17.125000	0.5	48.450151
17.133333	0.5	47.585301
17.141667	0.5	46.676251
17.150000	0.5	45.697751
17.158333	0.5	44.725551
17.166667	0.5	43.748851
17.175000	0.5	42.742551
17.183333	0.5	41.697401
17.191667	0.5	40.658301
17.200000	0.5	39.619901
17.208333	0.5	38.590801
17.216667	0.5	37.579601
17.225000	0.5	36.579251
17.233333	0.5	35.618601
17.241667	0.5	34.679001
17.250000	0.5	33.752951
17.258333	0.5	32.888850
17.266667	0.5	32.046750
17.275000	0.5	31.222600
17.283333	0.5	30.427300
17.291667	0.5	29.663150
17.300000	0.5	28.933450
17.308333	0.5	28.235300
17.316667	0.5	27.571700
17.325000	0.5	26.938100
17.333333	0.5	26.340800
17.341667	0.5	25.763000
17.350000	0.5	25.227000
17.358333	0.5	24.718250
17.366667	0.5	24.233050
17.375000	0.5	23.762550
17.383333	0.5	23.317150
17.391667	0.5	22.898800
17.400000	0.5	22.503550
17.408333	0.5	22.131250
17.416667	0.5	21.778850
17.425000	0.5	21.450400
17.433333	0.5	21.147600
17.441667	0.5	20.855600
17.450000	0.5	20.600600
17.458333	0.5	20.364650
17.466667	0.5	20.140600
17.475000	0.5	19.936350
17.483333	0.5	19.757450
17.491667	0.5	19.596300
17.500000	0.5	19.458600
17.508333	0.5	19.342100
17.516667	0.5	19.240000
17.525000	0.5	19.160850
17.533333	0.5	19.091800
17.541667	0.5	19.055950
17.550000	0.5	19.032700
17.558333	0.5	19.029850
17.566667	0.5	19.025250
17.575000	0.5	19.034800
17.583333	0.5	19.057650
17.591667	0.5	19.090150
17.600000	0.5	19.125500
17.608333	0.5	19.165350
17.616667	0.5	19.208250
17.625000	0.5	19.260850
17.633333	0.5	19.300500
17.641667	0.5	19.362750
17.650000	0.5	19.420800
17.658333	0.5	19.468900
17.666667	0.5	19.516550
17.675000	0.5	19.555850
17.683333	0.5	19.593650
17.691667	0.5	19.626150
17.700000	0.5	19.658250
17.708333	0.5	19.681400
17.716667	0.5	19.700400
17.725000	0.5	19.709650
17.733333	0.5	19.730900
17.741667	0.5	19.753250
17.750000	0.5	19.766000
17.758333	0.5	19.768150
17.766667	0.5	19.768900
17.775000	0.5	19.766600
17.783333	0.5	19.757900
17.791667	0.5	19.749250
17.800000	0.5	19.735050
17.808333	0.5	19.716800
17.816667	0.5	19.704500
17.825000	0.5	19.675400
17.833333	0.5	19.672850
17.841667	0.5	19.664550
17.850000	0.5	19.642950
17.858333	0.5	19.618450
17.866667	0.5	19.592650
17.875000	0.5	19.560700
17.883333	0.5	19.530500
17.891667	0.5	19.497400
17.900000	0.5	19.467500
17.908333	0.5	19.435600
17.916667	0.5	19.395650
17.925000	0.5	19.368050
17.933333	0.5	19.345500
17.941667	0.5	19.320700
17.950000	0.5	19.286000
17.958333	0.5	19.250250
17.966667	0.5	19.219300
17.975000	0.5	19.186550
17.983333	0.5	19.156900
17.991667	0.5	19.121400
18.000000	0.5	19.089600
18.008333	0.5	19.064850
18.016667	0.5	19.027200
18.025000	0.5	19.017200
18.033333	0.5	19.002350
18.041667	0.5	18.981550
18.050000	0.5	18.961300
18.058333	0.5	18.940000
18.066667	0.5	18.917100
18.075000	0.5	18.896250
18.083333	0.5	18.871300
18.091667	0.5	18.849400
18.100000	0.5	18.829600
18.108333	0.5	18.796850
18.116667	0.5	18.775800
18.125000	0.5	18.757700
18.133333	0.5	18.730700
18.141667	0.5	18.690400
18.150000	0.5	18.644400
18.158333	0.5	18.589050
18.166667	0.5	18.527450
18.175000	0.5	18.455700
18.183333	0.5	18.375350
18.191667	0.5	18.289000
18.200000	0.5	18.196050
18.208333	0.5	18.086050
18.216667	0.5	17.992550
18.225000	0.5	17.894050
18.233333	0.5	17.787550
18.241667	0.5	17.679400
18.250000	0.5	17.580850
18.258333	0.5	17.483000
18.266667	0.5	17.395900
18.275000	0.5	17.323000
18.283333	0.5	17.260050
18.291667	0.5	17.213450
18.300000	0.5	17.167400
18.308333	0.5	17.150850
18.316667	0.5	17.144850
18.325000	0.5	17.147250
18.333333	0.5	17.153750
18.341667	0.5	17.163500
18.350000	0.5	17.183200
18.358333	0.5	17.207150
18.366667	0.5	17.230150
18.375000	0.5	17.257000
18.383333	0.5	17.282750
18.391667	0.5	17.309900
18.400000	0.5	17.321700
18.408333	0.5	17.345400
18.416667	0.5	17.360400
18.425000	0.5	17.354500
18.433333	0.5	17.333950
18.441667	0.5	17.299050
18.450000	0.5	17.242250
18.458333	0.5	17.166300
18.466667	0.5	17.070000
18.475000	0.5	16.947500
18.483333	0.5	16.811900
18.491667	0.5	16.648100
18.500000	0.5	16.485800
18.508333	0.5	16.319100
18.516667	0.5	16.146750
18.525000	0.5	15.968100
18.533333	0.5	15.803250
18.541667	0.5	15.655650
18.550000	0.5	15.528700
18.558333	0.5	15.416400
18.566667	0.5	15.328400
18.575000	0.5	15.260650
18.583333	0.5	15.212550
18.591667	0.5	15.171000
18.600000	0.5	15.158800
18.608333	0.5	15.151250
18.616667	0.5	15.149700
18.625000	0.5	15.161650
18.633333	0.5	15.176250
18.641667	0.5	15.194800
18.650000	0.5	15.217850
18.658333	0.5	15.251250
18.666667	0.5	15.284950
18.675000	0.5	15.320500
18.683333	0.5	15.356500
18.691667	0.5	15.411400
18.700000	0.5	15.459500
18.708333	0.5	15.515850
18.716667	0.5	15.563150
18.725000	0.5	15.613900
18.733333	0.5	15.669050
18.741667	0.5	15.724850
18.750000	0.5	15.780550
18.758333	0.5	15.834600
18.766667	0.5	15.896350
18.775000	0.5	15.952300
18.783333	0.5	16.005950
18.791667	0.5	16.076050
18.800000	0.5	16.139200
18.808333	0.5	16.200050
18.816667	0.5	16.263600
18.825000	0.5	16.324700
18.833333	0.5	16.380700
18.841667	0.5	16.441850
18.850000	0.5	16.503850
18.858333	0.5	16.562650
18.866667	0.5	16.619900
18.875000	0.5	16.672300
18.883333	0.5	16.737300
18.891667	0.5	16.802800
18.900000	0.5	16.865350
18.908333	0.5	16.919850
18.916667	0.5	16.976700
18.925000	0.5	17.024750
18.933333	0.5	17.077250
18.941667	0.5	17.126900
18.950000	0.5	17.172200
18.958333	0.5	17.216600
18.966667	0.5	17.260450
18.975000	0.5	17.296900
18.983333	0.5	17.346350
18.991667	0.5	17.397750
19.000000	0.5	17.428700
19.008333	0.5	17.464300
19.016667	0.5	17.488700
19.025000	0.5	17.515350
19.033333	0.5	17.540650
19.041667	0.5	17.560400
19.050000	0.5	17.573600
19.058333	0.5	17.592600
19.066667	0.5	17.595750
19.075000	0.5	17.610050
19.083333	0.5	17.629500
19.091667	0.5	17.639850
19.100000	0.5	17.636250
19.108333	0.5	17.634500
19.116667	0.5	17.631250
19.125000	0.5	17.625450
19.133333	0.5	17.614350
19.141667	0.5	17.600400
19.150000	0.5	17.584800
19.158333	0.5	17.573750
19.166667	0.5	17.551800
19.175000	0.5	17.550650
19.183333	0.5	17.542650
19.191667	0.5	17.522700
19.200000	0.5	17.506250
19.208333	0.5	17.488650
19.216667	0.5	17.465050
19.225000	0.5	17.446150
19.233333	0.5	17.427100
19.241667	0.5	17.407850
19.250000	0.5	17.392250
19.258333	0.5	17.366300
19.266667	0.5	17.357650
19.275000	0.5	17.351450
19.283333	0.5	17.338500
19.291667	0.5	17.323400
19.300000	0.5	17.309850
19.308333	0.5	17.296850
19.316667	0.5	17.280250
19.325000	0.5	17.266550
19.333333	0.5	17.249900
19.341667	0.5	17.238900
19.350000	0.5	17.228150
19.358333	0.5	17.211700
19.366667	0.5	17.213350
19.375000	0.5	17.211450
19.383333	0.5	17.198750
19.391667	0.5	17.196750
19.400000	0.5	17.182350
19.408333	0.5	17.176200
19.416667	0.5	17.164600
19.425000	0.5	17.155300
19.433333	0.5	17.149700
19.441667	0.5	17.139400
19.450000	0.5	17.123950
19.458333	0.5	17.124200
19.466667	0.5	17.120950
19.475000	0.5	17.110150
19.483333	0.5	17.088900
19.491667	0.5	17.052450
19.500000	0.5	17.001950
19.508333	0.5	16.928300
19.516667	0.5	16.814000
19.525000	0.5	16.654850
19.533333	0.5	16.451000
19.541667	0.5	16.209600
19.550000	0.5	15.938200
19.558333	0.5	15.677350
19.566667	0.5	15.438800
19.575000	0.5	15.248650
19.583333	0.5	15.141350
19.591667	0.5	15.127650
19.600000	0.5	15.224150
19.608333	0.5	15.435200
19.616667	0.5	15.760800
19.625000	0.5	16.186300
19.633333	0.5	16.698200
19.641667	0.5	17.276350
19.650000	0.5	17.905900
19.658333	0.5	18.569700
19.666667	0.5	19.243750
19.675000	0.5	19.907000
19.683333	0.5	20.554250
19.691667	0.5	21.161600
19.700000	0.5	21.723050
19.708333	0.5	22.235850
19.716667	0.5	22.678200
19.725000	0.5	23.068900
19.733333	0.5	23.400400
19.741667	0.5	23.668800
19.750000	0.5	23.894500
19.758333	0.5	24.067800
19.766667	0.5	24.194500
19.775000	0.5	24.282300
19.783333	0.5	24.334800
19.791667	0.5	24.357250
19.800000	0.5	24.355950
19.808333	0.5	24.335200
19.816667	0.5	24.293550
19.825000	0.5	24.238650
19.833333	0.5	24.168150
19.841667	0.5	24.100100
19.850000	0.5	24.020800
19.858333	0.5	23.933350
19.866667	0.5	23.840650
19.875000	0.5	23.746250
19.883333	0.5	23.649200
19.891667	0.5	23.556300
19.900000	0.5	23.465200
19.908333	0.5	23.367350
19.916667	0.5	23.276050
19.925000	0.5	23.183500
19.933333	0.5	23.087500
19.941667	0.5	23.000550
19.950000	0.5	22.913750
19.958333	0.5	22.818500
19.966667	0.5	22.732650
19.975000	0.5	22.648450
19.983333	0.5	22.563300
19.991667	0.5	22.480850
20.000000	0.5	22.409700
20.008333	0.5	22.334450
20.016667	0.5	22.271250
20.025000	0.5	22.200850
20.033333	0.5	22.152100
20.041667	0.5	22.100350
20.050000	0.5	22.059600
20.058333	0.5	22.009400
20.066667	0.5	21.975200
20.075000	0.5	21.943200
20.083333	0.5	21.918050
20.091667	0.5	21.896350
20.100000	0.5	21.881750
20.108333	0.5	21.874450
20.116667	0.5	21.878400
20.125000	0.5	21.882250
20.133333	0.5	21.908900
20.141667	0.5	21.940300
20.150000	0.5	21.972050
20.158333	0.5	22.017000
20.166667	0.5	22.072000
20.175000	0.5	22.125050
20.183333	0.5	22.195850
20.191667	0.5	22.266050
20.200000	0.5	22.335950
20.208333	0.5	22.398050
20.216667	0.5	22.431450
20.225000	0.5	22.443850
20.233333	0.5	22.410950
20.241667	0.5	22.299950
20.250000	0.5	22.100050
20.258333	0.5	21.803950
20.266667	0.5	21.414650
20.275000	0.5	20.940300
20.283333	0.5	20.397800
20.291667	0.5	19.805800
20.300000	0.5	19.190100
20.308333	0.5	18.568650
20.316667	0.5	17.960200
20.325000	0.5	17.390450
20.333333	0.5	16.853550
20.341667	0.5	16.352950
20.350000	0.5	15.915050
20.358333	0.5	15.530400
20.366667	0.5	15.208800
20.375000	0.5	14.940350
20.383333	0.5	14.725950
20.391667	0.5	14.560150
20.400000	0.5	14.435600
20.408333	0.5	14.340300
20.416667	0.5	14.286300
20.425000	0.5	14.248650
20.433333	0.5	14.230800
20.441667	0.5	14.220750
20.450000	0.5	14.222650
20.458333	0.5	14.233500
20.466667	0.5	14.251050
20.475000	0.5	14.272700
20.483333	0.5	14.297300
20.491667	0.5	14.323750
20.500000	0.5	14.355800
20.508333	0.5	14.389700
20.516667	0.5	14.432400
20.525000	0.5	14.472650
20.533333	0.5	14.508750
20.541667	0.5	14.548950
20.550000	0.5	14.589800
20.558333	0.5	14.630050
20.566667	0.5	14.666550
20.575000	0.5	14.709050
20.583333	0.5	14.726150
20.591667	0.5	14.733100
20.600000	0.5	14.710300
20.608333	0.5	14.679950
20.616667	0.5	14.613300
20.625000	0.5	14.537900
20.633333	0.5	14.460950
20.641667	0.5	14.400000
20.650000	0.5	14.353850
20.658333	0.5	14.341150
20.666667	0.5	14.355650
20.675000	0.5	14.392100
20.683333	0.5	14.444750
20.691667	0.5	14.501650
20.700000	0.5	14.556250
20.708333	0.5	14.615100
20.716667	0.5	14.667900
20.725000	0.5	14.709900
20.733333	0.5	14.752550
20.741667	0.5	14.794600
20.750000	0.5	14.833950
20.758333	0.5	14.870800
20.766667	0.5	14.912500
20.775000	0.5	14.953150
20.783333	0.5	15.000500
20.791667	0.5	15.040250
20.800000	0.5	15.098400
20.808333	0.5	15.154000
20.816667	0.5	15.207000
20.825000	0.5	15.262550
20.833333	0.5	15.315300
20.841667	0.5	15.365400
20.850000	0.5	15.414250
20.858333	0.5	15.461550
20.866667	0.5	15.502450
20.875000	0.5	15.544450
20.883333	0.5	15.583750
20.891667	0.5	15.617050
20.900000	0.5	15.657550
20.908333	0.5	15.697400
20.916667	0.5	15.719850
20.925000	0.5	15.747300
20.933333	0.5	15.769500
20.941667	0.5	15.789300
20.950000	0.5	15.807150
20.958333	0.5	15.824350
20.966667	0.5	15.837600
20.975000	0.5	15.857700
20.983333	0.5	15.861250
20.991667	0.5	15.881100
21.000000	0.5	15.898150
21.008333	0.5	15.913550
21.016667	0.5	15.920150
21.025000	0.5	15.929600
21.033333	0.5	15.933500
21.041667	0.5	15.938300
21.050000	0.5	15.943500
21.058333	0.5	15.944150
21.066667	0.5	15.941350
21.075000	0.5	15.943900
21.083333	0.5	15.935950
21.091667	0.5	15.939650
21.100000	0.5	15.941800
21.108333	0.5	15.931650
21.116667	0.5	15.929350
21.125000	0.5	15.922750
21.133333	0.5	15.917050
21.141667	0.5	15.906000
21.150000	0.5	15.895650
21.158333	0.5	15.891000
21.166667	0.5	15.880000
21.175000	0.5	15.860200
21.183333	0.5	15.862450
21.191667	0.5	15.858850
21.200000	0.5	15.856100
21.208333	0.5	15.846800
21.216667	0.5	15.837250
21.225000	0.5	15.831850
21.233333	0.5	15.825000
21.241667	0.5	15.819700
21.250000	0.5	15.814400
21.258333	0.5	15.810250
21.266667	0.5	15.808300
21.275000	0.5	15.807000
21.283333	0.5	15.818850
21.291667	0.5	15.823050
21.300000	0.5	15.824900
21.308333	0.5	15.829150
21.316667	0.5	15.833300
21.325000	0.5	15.840000
21.333333	0.5	15.846550
21.341667	0.5	15.854200
21.350000	0.5	15.865250
21.358333	0.5	15.878750
21.366667	0.5	15.883000
21.375000	0.5	15.902600
21.383333	0.5	15.924050
21.391667	0.5	15.939050
21.400000	0.5	15.959800
21.408333	0.5	15.976300
21.416667	0.5	15.994300
21.425000	0.5	16.019000
21.433333	0.5	16.038400
21.441667	0.5	16.056050
21.450000	0.5	16.073950
21.458333	0.5	16.104000
21.466667	0.5	16.125650
21.475000	0.5	16.159600
21.483333	0.5	16.191650
21.491667	0.5	16.215200
21.500000	0.5	16.246600
21.508333	0.5	16.270650
21.516667	0.5	16.297550
21.525000	0.5	16.330850
21.533333	0.5	16.360550
21.541667	0.5	16.389750
21.550000	0.5	16.422850
21.558333	0.5	16.441500
21.566667	0.5	16.486700
21.575000	0.5	16.524250
21.583333	0.5	16.561800
21.591667	0.5	16.594950
21.600000	0.5	16.627400
21.608333	0.5	16.659850
21.616667	0.5	16.695150
21.625000	0.5	16.730450
21.633333	0.5	16.760050
21.641667	0.5	16.789100
21.650000	0.5	16.823000
21.658333	0.5	16.851700
21.666667	0.5	16.892050
21.675000	0.5	16.929700
21.683333	0.5	16.964950
21.691667	0.5	16.992250
21.700000	0.5	17.026200
21.708333	0.5	17.053500
21.716667	0.5	17.079700
21.725000	0.5	17.110750
21.733333	0.5	17.132500
21.741667	0.5	17.165050
21.750000	0.5	17.180900
21.758333	0.5	17.216850
21.766667	0.5	17.247550
21.775000	0.5	17.275800
21.783333	0.5	17.299900
21.791667	0.5	17.322750
21.800000	0.5	17.344700
21.808333	0.5	17.360350
21.816667	0.5	17.381050
21.825000	0.5	17.397950
21.833333	0.5	17.412400
21.841667	0.5	17.427550
21.850000	0.5	17.441100
21.858333	0.5	17.462850
21.866667	0.5	17.484250
21.875000	0.5	17.494950
21.883333	0.5	17.508000
21.891667	0.5	17.520050
21.900000	0.5	17.530400
21.908333	0.5	17.539050
21.916667	0.5	17.546700
21.925000	0.5	17.552650
21.933333	0.5	17.564950
21.941667	0.5	17.557150
21.950000	0.5	17.575950
21.958333	0.5	17.591700
21.966667	0.5	17.603550
21.975000	0.5	17.603950
21.983333	0.5	17.611950
21.991667	0.5	17.614550
22.000000	0.5	17.614250
22.008333	0.5	17.620950
22.016667	0.5	17.623900
22.025000	0.5	17.624550
22.033333	0.5	17.624950
22.041667	0.5	17.626250
22.050000	0.5	17.642800
22.058333	0.5	17.651400
22.066667	0.5	17.648900
22.075000	0.5	17.653000
22.083333	0.5	17.653050
22.091667	0.5	17.649750
22.100000	0.5	17.645200
22.108333	0.5	17.640600
22.116667	0.5	17.636750
22.125000	0.5	17.635150
22.133333	0.5	17.614400
22.141667	0.5	17.616250
22.150000	0.5	17.612400
22.158333	0.5	17.603600
22.166667	0.5	17.587050
22.175000	0.5	17.569700
22.183333	0.5	17.545750
22.191667	0.5	17.522500
22.200000	0.5	17.501650
22.208333	0.5	17.473200
22.216667	0.5	17.441850
22.225000	0.5	17.414350
22.233333	0.5	17.381500
22.241667	0.5	17.357250
22.250000	0.5	17.333150
22.258333	0.5	17.299350
22.266667	0.5	17.268250
22.275000	0.5	17.235700
22.283333	0.5	17.203550
22.291667	0.5	17.172650
22.300000	0.5	17.141050
22.308333	0.5	17.112850
22.316667	0.5	17.086100
22.325000	0.5	17.057050
22.333333	0.5	17.045050
22.341667	0.5	17.032800
22.350000	0.5	17.019850
22.358333	0.5	17.007850
22.366667	0.5	16.999200
22.375000	0.5	16.989200
22.383333	0.5	16.983300
22.391667	0.5	16.981700
22.400000	0.5	16.979300
22.408333	0.5	16.986000
22.416667	0.5	16.986000
22.425000	0.5	16.993950
22.433333	0.5	17.015950
22.441667	0.5	17.036600
22.450000	0.5	17.052600
22.458333	0.5	17.070250
22.466667	0.5	17.093850
22.475000	0.5	17.114600
22.483333	0.5	17.134850
22.491667	0.5	17.160800
22.500000	0.5	17.180550
22.508333	0.5	17.210850
22.516667	0.5	17.227600
22.525000	0.5	17.264900
22.533333	0.5	17.302750
22.541667	0.5	17.330600
22.550000	0.5	17.355700
22.558333	0.5	17.378800
22.566667	0.5	17.398900
22.575000	0.5	17.418850
22.583333	0.5	17.432900
22.591667	0.5	17.447600
22.600000	0.5	17.460850
22.608333	0.5	17.469550
22.616667	0.5	17.475350
22.625000	0.5	17.495750
22.633333	0.5	17.503250
22.641667	0.5	17.504600
22.650000	0.5	17.506100
22.658333	0.5	17.498550
22.666667	0.5	17.497200
22.675000	0.5	17.487400
22.683333	0.5	17.480450
22.691667	0.5	17.468650
22.700000	0.5	17.467400
22.708333	0.5	17.442550
22.716667	0.5	17.445600
22.725000	0.5	17.443100
22.733333	0.5	17.438400
22.741667	0.5	17.430800
22.750000	0.5	17.416100
22.758333	0.5	17.407950
22.766667	0.5	17.394350
22.775000	0.5	17.383700
22.783333	0.5	17.372550
22.791667	0.5	17.359800
22.800000	0.5	17.350700
22.808333	0.5	17.336150
22.816667	0.5	17.342050
22.825000	0.5	17.338550
22.833333	0.5	17.326150
22.841667	0.5	17.319350
22.850000	0.5	17.314900
22.858333	0.5	17.309650
22.866667	0.5	17.301250
22.875000	0.5	17.285250
22.883333	0.5	17.277400
22.891667	0.5	17.270300
22.900000	0.5	17.249400
22.908333	0.5	17.253100
22.916667	0.5	17.257450
22.925000	0.5	17.255400
22.933333	0.5	17.246350
22.941667	0.5	17.235950
22.950000	0.5	17.230450
22.958333	0.5	17.218700
22.966667	0.5	17.216450
22.975000	0.5	17.201200
22.983333	0.5	17.195600
22.991667	0.5	17.190400
23.000000	0.5	17.179600
23.008333	0.5	17.189000
23.016667	0.5	17.191950
23.025000	0.5	17.181950
23.033333	0.5	17.179050
23.041667	0.5	17.171700
23.050000	0.5	17.168000
23.058333	0.5	17.162650
23.066667	0.5	17.159750
23.075000	0.5	17.156100
23.083333	0.5	17.156700
23.091667	0.5	17.136850
23.100000	0.5	17.150400
23.108333	0.5	17.151750
23.116667	0.5	17.154400
23.125000	0.5	17.152450
23.133333	0.5	17.149950
23.141667	0.5	17.149500
23.150000	0.5	17.146650
23.158333	0.5	17.142500
23.166667	0.5	17.140050
23.175000	0.5	17.144200
23.183333	0.5	17.140550
23.191667	0.5	17.138200
23.200000	0.5	17.149900
23.208333	0.5	17.159200
23.216667	0.5	17.160550
23.225000	0.5	17.164050
23.233333	0.5	17.166750
23.241667	0.5	17.168050
23.250000	0.5	17.171950
23.258333	0.5	17.180000
23.266667	0.5	17.176050
23.275000	0.5	17.186600
23.283333	0.5	17.181800
23.291667	0.5	17.190850
23.300000	0.5	17.197800
23.308333	0.5	17.196700
23.316667	0.5	17.154650
23.325000	0.5	17.004350
23.333333	0.5	16.686900
23.341667	0.5	16.269500
23.350000	0.5	15.847000
23.358333	0.5	15.431750
23.366667	0.5	15.065800
23.375000	0.5	14.796300
23.383333	0.5	14.634450
23.391667	0.5	14.550900
23.400000	0.5	14.503700
23.408333	0.5	14.461500
23.416667	0.5	14.433900
23.425000	0.5	14.405200
23.433333	0.5	14.373550
23.441667	0.5	14.343300
23.450000	0.5	14.310200
23.458333	0.5	14.278550
23.466667	0.5	14.247450
23.475000	0.5	14.204600
23.483333	0.5	14.179350
23.491667	0.5	14.145900
23.500000	0.5	14.106650
23.508333	0.5	14.073750
23.516667	0.5	14.040350
23.525000	0.5	14.005050
23.533333	0.5	13.967600
23.541667	0.5	13.937050
23.550000	0.5	13.905850
23.558333	0.5	13.868700
23.566667	0.5	13.834750
23.575000	0.5	13.809900
23.583333	0.5	13.783550
23.591667	0.5	13.767000
23.600000	0.5	13.738000
23.608333	0.5	13.717050
23.616667	0.5	13.698650
23.625000	0.5	13.678050
23.633333	0.5	13.663750
23.641667	0.5	13.652100
23.650000	0.5	13.639700
23.658333	0.5	13.635450
23.666667	0.5	13.622150
23.675000	0.5	13.624950
23.683333	0.5	13.627150
23.691667	0.5	13.622300
23.700000	0.5	13.631150
23.708333	0.5	13.636800
23.716667	0.5	13.640350
23.725000	0.5	13.652350
23.733333	0.5	13.663500
23.741667	0.5	13.679600
23.750000	0.5	13.690450
23.758333	0.5	13.713100
23.766667	0.5	13.730350
23.775000	0.5	13.759400
23.783333	0.5	13.783300
23.791667	0.5	13.803250
23.800000	0.5	13.830950
23.808333	0.5	13.858200
23.816667	0.5	13.884900
23.825000	0.5	13.907850
23.833333	0.5	13.934750
23.841667	0.5	13.965550
23.850000	0.5	13.987450
23.858333	0.5	14.003750
23.866667	0.5	14.036250
23.875000	0.5	14.064450
23.883333	0.5	14.091650
23.891667	0.5	14.107100
23.900000	0.5	14.124750
23.908333	0.5	14.136100
23.916667	0.5	14.150750
23.925000	0.5	14.159050
23.933333	0.5	14.170050
23.941667	0.5	14.176250
23.950000	0.5	14.178050
23.958333	0.5	14.181400
23.966667	0.5	14.186100
23.975000	0.5	14.190550
23.983333	0.5	14.185800
23.991667	0.5	14.182750
24.000000	0.5	14.175100
24.008333	0.5	14.167750
24.016667	0.5	14.159450
24.025000	0.5	14.152300
24.033333	0.5	14.144200
24.041667	0.5	14.139850
24.050000	0.5	14.128100
24.058333	0.5	14.132700
24.066667	0.5	14.137350
24.075000	0.5	14.135800
24.083333	0.5	14.141350
24.091667	0.5	14.145050
24.100000	0.5	14.151450
24.108333	0.5	14.171450
24.116667	0.5	14.188100
24.125000	0.5	14.215400
24.133333	0.5	14.243600
24.141667	0.5	14.276050
24.150000	0.5	14.324050
24.158333	0.5	14.374550
24.166667	0.5	14.431100
24.175000	0.5	14.489050
24.183333	0.5	14.553350
24.191667	0.5	14.619650
24.200000	0.5	14.696050
24.208333	0.5	14.770100
24.216667	0.5	14.849250
24.225000	0.5	14.929350
24.233333	0.5	15.018500
24.241667	0.5	15.093000
24.250000	0.5	15.190300
24.258333	0.5	15.277600
24.266667	0.5	15.362500
24.275000	0.5	15.455050
24.283333	0.5	15.537750
24.291667	0.5	15.620150
24.300000	0.5	15.699700
24.308333	0.5	15.779200
24.316667	0.5	15.853350
24.325000	0.5	15.925000
24.333333	0.5	15.990750
24.341667	0.5	16.054800
24.350000	0.5	16.120650
24.358333	0.5	16.177150
24.366667	0.5	16.223600
24.375000	0.5	16.263000
24.383333	0.5	16.292100
24.391667	0.5	16.317400
24.400000	0.5	16.334250
24.408333	0.5	16.341300
24.416667	0.5	16.335600
24.425000	0.5	16.323250
24.433333	0.5	16.289150
24.441667	0.5	16.260500
24.450000	0.5	16.213700
24.458333	0.5	16.152850
24.466667	0.5	16.087050
24.475000	0.5	16.004850
24.483333	0.5	15.917500
24.491667	0.5	15.816800
24.500000	0.5	15.714150
24.508333	0.5	15.601600
24.516667	0.5	15.489850
24.525000	0.5	15.374550
24.533333	0.5	15.265800
24.541667	0.5	15.162400
24.550000	0.5	15.068950
24.558333	0.5	14.966300
24.566667	0.5	14.873950
24.575000	0.5	14.795600
24.583333	0.5	14.721250
24.591667	0.5	14.661450
24.600000	0.5	14.609700
24.608333	0.5	14.572250
24.616667	0.5	14.542150
24.625000	0.5	14.513750
24.633333	0.5	14.509750
24.641667	0.5	14.501550
24.650000	0.5	14.499600
24.658333	0.5	14.503100
24.666667	0.5	14.507050
24.675000	0.5	14.509950
24.683333	0.5	14.528350
24.691667	0.5	14.539600
24.700000	0.5	14.550400
24.708333	0.5	14.557800
24.716667	0.5	14.568150
24.725000	0.5	14.580800
24.733333	0.5	14.592050
24.741667	0.5	14.600000
24.750000	0.5	14.601050
24.758333	0.5	14.601000
24.766667	0.5	14.595800
24.775000	0.5	14.588150
24.783333	0.5	14.581450
24.791667	0.5	14.569550
24.800000	0.5	14.556500
24.808333	0.5	14.534550
24.816667	0.5	14.511100
24.825000	0.5	14.493400
24.833333	0.5	14.473050
24.841667	0.5	14.449850
24.850000	0.5	14.414200
24.858333	0.5	14.382100
24.866667	0.5	14.346950
24.875000	0.5	14.308050
24.883333	0.5	14.267950
24.891667	0.5	14.230050
24.900000	0.5	14.191250
24.908333	0.5	14.143600
24.916667	0.5	14.106350
24.925000	0.5	14.070950
24.933333	0.5	14.033700
24.941667	0.5	13.991300
24.950000	0.5	13.953950
24.958333	0.5	13.915900
24.966667	0.5	13.874000
24.975000	0.5	13.836800
24.983333	0.5	13.806300
24.991667	0.5	13.774250
25.000000	0.5	13.743750
25.008333	0.5	13.710150
25.016667	0.5	13.690300
25.025000	0.5	13.668650
25.033333	0.5	13.643200
25.041667	0.5	13.622550
25.050000	0.5	13.606150
25.058333	0.5	13.588700
25.066667	0.5	13.568700
25.075000	0.5	13.547850
25.083333	0.5	13.534450
25.091667	0.5	13.522350
25.100000	0.5	13.502500
25.108333	0.5	13.487650
25.116667	0.5	13.479150
25.125000	0.5	13.468050
25.133333	0.5	13.450800
25.141667	0.5	13.432700
25.150000	0.5	13.420050
25.158333	0.5	13.400250
25.166667	0.5	13.382350
25.175000	0.5	13.363200
25.183333	0.5	13.347850
25.191667	0.5	13.330800
25.200000	0.5	13.308300
25.208333	0.5	13.294150
25.216667	0.5	13.279850
25.225000	0.5	13.258850
25.233333	0.5	13.237600
25.241667	0.5	13.219500
25.250000	0.5	13.199050
25.258333	0.5	13.177350
25.266667	0.5	13.159300
25.275000	0.5	13.137050
25.283333	0.5	13.119650
25.291667	0.5	13.096050
25.300000	0.5	13.082250
25.308333	0.5	13.067450
25.316667	0.5	13.052400
25.325000	0.5	13.034050
25.333333	0.5	13.018450
25.341667	0.5	13.004350
25.350000	0.5	12.992750
25.358333	0.5	12.981850
25.366667	0.5	12.976000
25.375000	0.5	12.973650
25.383333	0.5	12.975000
25.391667	0.5	12.973750
25.400000	0.5	12.987650
25.408333	0.5	13.000050
25.416667	0.5	13.014850
25.425000	0.5	13.037700
25.433333	0.5	13.059200
25.441667	0.5	13.090750
25.450000	0.5	13.120750
25.458333	0.5	13.159850
25.466667	0.5	13.201750
25.475000	0.5	13.248400
25.483333	0.5	13.293750
25.491667	0.5	13.354600
25.500000	0.5	13.417150
25.508333	0.5	13.479250
25.516667	0.5	13.540400
25.525000	0.5	13.606350
25.533333	0.5	13.678900
25.541667	0.5	13.754150
25.550000	0.5	13.832100
25.558333	0.5	13.902750
25.566667	0.5	13.984900
25.575000	0.5	14.062150
25.583333	0.5	14.134700
25.591667	0.5	14.225800
25.600000	0.5	14.300550
25.608333	0.5	14.378250
25.616667	0.5	14.448200
25.625000	0.5	14.523550
25.633333	0.5	14.589650
25.641667	0.5	14.652950
25.650000	0.5	14.712450
25.658333	0.5	14.762400
25.666667	0.5	14.810050
25.675000	0.5	14.851300
25.683333	0.5	14.889750
25.691667	0.5	14.917500
25.700000	0.5	14.942050
25.708333	0.5	14.952000
25.716667	0.5	14.949350
25.725000	0.5	14.945650
25.733333	0.5	14.934500
25.741667	0.5	14.914450
25.750000	0.5	14.885600
25.758333	0.5	14.856250
25.766667	0.5	14.816000
25.775000	0.5	14.773550
25.783333	0.5	14.738500
25.791667	0.5	14.691100
25.800000	0.5	14.645300
25.808333	0.5	14.601450
25.816667	0.5	14.556000
25.825000	0.5	14.515200
25.833333	0.5	14.475500
25.841667	0.5	14.442400
25.850000	0.5	14.408800
25.858333	0.5	14.383500
25.866667	0.5	14.354950
25.875000	0.5	14.341650
25.883333	0.5	14.328400
25.891667	0.5	14.316250
25.900000	0.5	14.306900
25.908333	0.5	14.291700
25.916667	0.5	14.291200
25.925000	0.5	14.284100
25.933333	0.5	14.277750
25.941667	0.5	14.272600
25.950000	0.5	14.267100
25.958333	0.5	14.265900
25.966667	0.5	14.256700
25.975000	0.5	14.257350
25.983333	0.5	14.255100
25.991667	0.5	14.247550
26.000000	0.5	14.243050
26.008333	0.5	14.236800
26.016667	0.5	14.232150
26.025000	0.5	14.221250
26.033333	0.5	14.216500
26.041667	0.5	14.212500
26.050000	0.5	14.212500
26.058333	0.5	14.202900
26.066667	0.5	14.205400
26.075000	0.5	14.212900
26.083333	0.5	14.216350
26.091667	0.5	14.221500
26.100000	0.5	14.231250
26.108333	0.5	14.245050
26.116667	0.5	14.260300
26.125000	0.5	14.277250
26.133333	0.5	14.298400
26.141667	0.5	14.326800
26.150000	0.5	14.353200
26.158333	0.5	14.379450
26.166667	0.5	14.415150
26.175000	0.5	14.451050
26.183333	0.5	14.486050
26.191667	0.5	14.522050
26.200000	0.5	14.557300
26.208333	0.5	14.593400
26.216667	0.5	14.627600
26.225000	0.5	14.661850
26.233333	0.5	14.691900
26.241667	0.5	14.723800
26.250000	0.5	14.751100
26.258333	0.5	14.779750
26.266667	0.5	14.810100
26.275000	0.5	14.828300
26.283333	0.5	14.844450
26.291667	0.5	14.859350
26.300000	0.5	14.870700
26.308333	0.5	14.876800
26.316667	0.5	14.885250
26.325000	0.5	14.884600
26.333333	0.5	14.881350
26.341667	0.5	14.878600
26.350000	0.5	14.868350
26.358333	0.5	14.859750
26.366667	0.5	14.842700
26.375000	0.5	14.824950
26.383333	0.5	14.804300
26.391667	0.5	14.774950
26.400000	0.5	14.748100
26.408333	0.5	14.722150
26.416667	0.5	14.688700
26.425000	0.5	14.655500
26.433333	0.5	14.619050
26.441667	0.5	14.580700
26.450000	0.5	14.545000
26.458333	0.5	14.507700
26.466667	0.5	14.472350
26.475000	0.5	14.428050
26.483333	0.5	14.386200
26.491667	0.5	14.342650
26.500000	0.5	14.301100
26.508333	0.5	14.259500
26.516667	0.5	14.217250
26.525000	0.5	14.175000
26.533333	0.5	14.132700
26.541667	0.5	14.090300
26.550000	0.5	14.060000
26.558333	0.5	14.021250
26.566667	0.5	13.983200
26.575000	0.5	13.946100
26.583333	0.5	13.911750
26.591667	0.5	13.874250
26.600000	0.5	13.837850
26.608333	0.5	13.806900
26.616667	0.5	13.776450
26.625000	0.5	13.745050
26.633333	0.5	13.710900
26.641667	0.5	13.686700
26.650000	0.5	13.661150
26.658333	0.5	13.636800
26.666667	0.5	13.608050
26.675000	0.5	13.581750
26.683333	0.5	13.557000
26.691667	0.5	13.534900
26.700000	0.5	13.513700
26.708333	0.5	13.487950
26.716667	0.5	13.467750
26.725000	0.5	13.448600
26.733333	0.5	13.423050
26.741667	0.5	13.412600
26.750000	0.5	13.393300
26.758333	0.5	13.375700
26.766667	0.5	13.357150
26.775000	0.5	13.341900
26.783333	0.5	13.321750
26.791667	0.5	13.308050
26.800000	0.5	13.290500
26.808333	0.5	13.275750
26.816667	0.5	13.261650
26.825000	0.5	13.242650
26.833333	0.5	13.234100
26.841667	0.5	13.230200
26.850000	0.5	13.218300
26.858333	0.5	13.205550
26.866667	0.5	13.195050
26.875000	0.5	13.185900
26.883333	0.5	13.176200
26.891667	0.5	13.165750
26.900000	0.5	13.157450
26.908333	0.5	13.151350
26.916667	0.5	13.145200
26.925000	0.5	13.137450
26.933333	0.5	13.136250
26.941667	0.5	13.135400
26.950000	0.5	13.128650
26.958333	0.5	13.127900
26.966667	0.5	13.127050
26.975000	0.5	13.126450
26.983333	0.5	13.129050
26.991667	0.5	13.134050
27.000000	0.5	13.137600
27.008333	0.5	13.148600
27.016667	0.5	13.155300
27.025000	0.5	13.171650
27.033333	0.5	13.190500
27.041667	0.5	13.210200
27.050000	0.5	13.229200
27.058333	0.5	13.253150
27.066667	0.5	13.276250
27.075000	0.5	13.305650
27.083333	0.5	13.334900
27.091667	0.5	13.368550
27.100000	0.5	13.397600
27.108333	0.5	13.439900
27.116667	0.5	13.476000
27.125000	0.5	13.519950
27.133333	0.5	13.570000
27.141667	0.5	13.612300
27.150000	0.5	13.656650
27.158333	0.5	13.707700
27.166667	0.5	13.765050
27.175000	0.5	13.812100
27.183333	0.5	13.864650
27.191667	0.5	13.920000
27.200000	0.5	13.978350
27.208333	0.5	14.028950
27.216667	0.5	14.091150
27.225000	0.5	14.152900
27.233333	0.5	14.212500
27.241667	0.5	14.268500
27.250000	0.5	14.329400
27.258333	0.5	14.383950
27.266667	0.5	14.439550
27.275000	0.5	14.496000
27.283333	0.5	14.547450
27.291667	0.5	14.598750
27.300000	0.5	14.649900
27.308333	0.5	14.694200
27.316667	0.5	14.745700
27.325000	0.5	14.792000
27.333333	0.5	14.828550
27.341667	0.5	14.869100
27.350000	0.5	14.900700
27.358333	0.5	14.933450
27.366667	0.5	14.960250
27.375000	0.5	14.981100
27.383333	0.5	15.000250
27.391667	0.5	15.020000
27.400000	0.5	15.027400
27.408333	0.5	15.041750
27.416667	0.5	15.055300
27.425000	0.5	15.060600
27.433333	0.5	15.055300
27.441667	0.5	15.055350
27.450000	0.5	15.045100
27.458333	0.5	15.037800
27.466667	0.5	15.028700
27.475000	0.5	15.012550
27.483333	0.5	14.992750
27.491667	0.5	14.976800
27.500000	0.5	14.953900
27.508333	0.5	14.934400
27.516667	0.5	14.913050
27.525000	0.5	14.889300
27.533333	0.5	14.862200
27.541667	0.5	14.832550
27.550000	0.5	14.800200
27.558333	0.5	14.771800
27.566667	0.5	14.742000
27.575000	0.5	14.710800
27.583333	0.5	14.681150
27.591667	0.5	14.644050
27.600000	0.5	14.618650
27.608333	0.5	14.590450
27.616667	0.5	14.558700
27.625000	0.5	14.526900
27.633333	0.5	14.493750
27.641667	0.5	14.462500
27.650000	0.5	14.432150
27.658333	0.5	14.400300
27.666667	0.5	14.372600
27.675000	0.5	14.343250
27.683333	0.5	14.312400
27.691667	0.5	14.282250
27.700000	0.5	14.259200
27.708333	0.5	14.232300
27.716667	0.5	14.200900
27.725000	0.5	14.173300
27.733333	0.5	14.148000
27.741667	0.5	14.118650
27.750000	0.5	14.088450
27.758333	0.5	14.061000
27.766667	0.5	14.032900
27.775000	0.5	14.010250
27.783333	0.5	13.976700
27.791667	0.5	13.951650
27.800000	0.5	13.925950
27.808333	0.5	13.902850
27.816667	0.5	13.869050
27.825000	0.5	13.841600
27.833333	0.5	13.811750
27.841667	0.5	13.784400
27.850000	0.5	13.754800
27.858333	0.5	13.722400
27.866667	0.5	13.691050
27.875000	0.5	13.663650
27.883333	0.5	13.634100
27.891667	0.5	13.609250
27.900000	0.5	13.582850
27.908333	0.5	13.553200
27.916667	0.5	13.524600
27.925000	0.5	13.495500
27.933333	0.5	13.466300
27.941667	0.5	13.442500
27.950000	0.5	13.412500
27.958333	0.5	13.388250
27.966667	0.5	13.362650
27.975000	0.5	13.335850
27.983333	0.5	13.315300
27.991667	0.5	13.298850
28.000000	0.5	13.283250
28.008333	0.5	13.267900
28.016667	0.5	13.248650
28.025000	0.5	13.232050
28.033333	0.5	13.220600
28.041667	0.5	13.205400
28.050000	0.5	13.194650
28.058333	0.5	13.183500
28.066667	0.5	13.176850
28.075000	0.5	13.167350
28.083333	0.5	13.167400
28.091667	0.5	13.157550
28.100000	0.5	13.157300
28.108333	0.5	13.153350
28.116667	0.5	13.150600
28.125000	0.5	13.147800
28.133333	0.5	13.144350
28.141667	0.5	13.145950
28.150000	0.5	13.142250
28.158333	0.5	13.144750
28.166667	0.5	13.136950
28.175000	0.5	13.146150
28.183333	0.5	13.145750
28.191667	0.5	13.144500
28.200000	0.5	13.143950
28.208333	0.5	13.141750
28.216667	0.5	13.143150
28.225000	0.5	13.138750
28.233333	0.5	13.138250
28.241667	0.5	13.138950
28.250000	0.5	13.139950
28.258333	0.5	13.133500
28.266667	0.5	13.131050
28.275000	0.5	13.134100
28.283333	0.5	13.136900
28.291667	0.5	13.134400
28.300000	0.5	13.135250
28.308333	0.5	13.130100
28.316667	0.5	13.129900
28.325000	0.5	13.130200
28.333333	0.5	13.131350
28.341667	0.5	13.125600
28.350000	0.5	13.130300
28.358333	0.5	13.128200
28.366667	0.5	13.135500
28.375000	0.5	13.138950
28.383333	0.5	13.144600
28.391667	0.5	13.151500
28.400000	0.5	13.160300
28.408333	0.5	13.166050
28.416667	0.5	13.177700
28.425000	0.5	13.188000
28.433333	0.5	13.200650
28.441667	0.5	13.213300
28.450000	0.5	13.231700
28.458333	0.5	13.249200
28.466667	0.5	13.279700
28.475000	0.5	13.296000
28.483333	0.5	13.318350
28.491667	0.5	13.348200
28.500000	0.5	13.375100
28.508333	0.5	13.396800
28.516667	0.5	13.428900
28.525000	0.5	13.460850
28.533333	0.5	13.492150
28.541667	0.5	13.528550
28.550000	0.5	13.558800
28.558333	0.5	13.596900
28.566667	0.5	13.640150
28.575000	0.5	13.678850
28.583333	0.5	13.722350
28.591667	0.5	13.760650
28.600000	0.5	13.803200
28.608333	0.5	13.844950
28.616667	0.5	13.890850
28.625000	0.5	13.935050
28.633333	0.5	13.935500
28.641667	0.5	14.023050
28.650000	0.5	14.069300
28.658333	0.5	14.117950
28.666667	0.5	14.168000
28.675000	0.5	14.206850
28.683333	0.5	14.255800
28.691667	0.5	14.302650
28.700000	0.5	14.347100
28.708333	0.5	14.388100
28.716667	0.5	14.431900
28.725000	0.5	14.470200
28.733333	0.5	14.511300
28.741667	0.5	14.545100
28.750000	0.5	14.584150
28.758333	0.5	14.621000
28.766667	0.5	14.654150
28.775000	0.5	14.681100
28.783333	0.5	14.709000
28.791667	0.5	14.732850
28.800000	0.5	14.757250
28.808333	0.5	14.774200
28.816667	0.5	14.788700
28.825000	0.5	14.804000
28.833333	0.5	14.812450
28.841667	0.5	14.823100
28.850000	0.5	14.830150
28.858333	0.5	14.836600
28.866667	0.5	14.833400
28.875000	0.5	14.830900
28.883333	0.5	14.825950
28.891667	0.5	14.819800
28.900000	0.5	14.811450
28.908333	0.5	14.802600
28.916667	0.5	14.786500
28.925000	0.5	14.777100
28.933333	0.5	14.760300
28.941667	0.5	14.753550
28.950000	0.5	14.744150
28.958333	0.5	14.733150
28.966667	0.5	14.722100
28.975000	0.5	14.712950
28.983333	0.5	14.695100
28.991667	0.5	14.682000
29.000000	0.5	14.667250
29.008333	0.5	14.658000
29.016667	0.5	14.642550
29.025000	0.5	14.630050
29.033333	0.5	14.615250
29.041667	0.5	14.611050
29.050000	0.5	14.601550
29.058333	0.5	14.587800
29.066667	0.5	14.576800
29.075000	0.5	14.566450
29.083333	0.5	14.555850
29.091667	0.5	14.544300
29.100000	0.5	14.529850
29.108333	0.5	14.515200
29.116667	0.5	14.502300
29.125000	0.5	14.485800
29.133333	0.5	14.473800
29.141667	0.5	14.461850
29.150000	0.5	14.451450
29.158333	0.5	14.434050
29.166667	0.5	14.420950
29.175000	0.5	14.402300
29.183333	0.5	14.390500
29.191667	0.5	14.376850
29.200000	0.5	14.353800
29.208333	0.5	14.340000
29.216667	0.5	14.330250
29.225000	0.5	14.312650
29.233333	0.5	14.309000
29.241667	0.5	14.294100
29.250000	0.5	14.279700
29.258333	0.5	14.268150
29.266667	0.5	14.252800
29.275000	0.5	14.243900
29.283333	0.5	14.230000
29.291667	0.5	14.217650
29.300000	0.5	14.202300
29.308333	0.5	14.195550
29.316667	0.5	14.178000
29.325000	0.5	14.168450
29.333333	0.5	14.162900
29.341667	0.5	14.156050
29.350000	0.5	14.148300
29.358333	0.5	14.133600
29.366667	0.5	14.124100
29.375000	0.5	14.121100
29.383333	0.5	14.109250
29.391667	0.5	14.105150
29.400000	0.5	14.101100
29.408333	0.5	14.094450
29.416667	0.5	14.093700
29.425000	0.5	14.097800
29.433333	0.5	14.104200
29.441667	0.5	14.104250
29.450000	0.5	14.108300
29.458333	0.5	14.119050
29.466667	0.5	14.122800
29.475000	0.5	14.134450
29.483333	0.5	14.145500
29.491667	0.5	14.155600
29.500000	0.5	14.175650
29.508333	0.5	14.188250
29.516667	0.5	14.206850
29.525000	0.5	14.239900
29.533333	0.5	14.262050
29.541667	0.5	14.285150
29.550000	0.5	14.310800
29.558333	0.5	14.330450
29.566667	0.5	14.356150
29.575000	0.5	14.384000
29.583333	0.5	14.407350
29.591667	0.5	14.429400
29.600000	0.5	14.455800
29.608333	0.5	14.474400
29.616667	0.5	14.501900
29.625000	0.5	14.528450
29.633333	0.5	14.547500
29.641667	0.5	14.567950
29.650000	0.5	14.586750
29.658333	0.5	14.600300
29.666667	0.5	14.611250
29.675000	0.5	14.620900
29.683333	0.5	14.630750
29.691667	0.5	14.633150
29.700000	0.5	14.637800
29.708333	0.5	14.646150
29.716667	0.5	14.658300
29.725000	0.5	14.660700
29.733333	0.5	14.662400
29.741667	0.5	14.663850
29.750000	0.5	14.661400
29.758333	0.5	14.659950
29.766667	0.5	14.659250
29.775000	0.5	14.658850
29.783333	0.5	14.655150
29.791667	0.5	14.659100
29.800000	0.5	14.654000
29.808333	0.5	14.669600
29.816667	0.5	14.676200
29.825000	0.5	14.685600
29.833333	0.5	14.693550
29.841667	0.5	14.702100
29.850000	0.5	14.715900
29.858333	0.5	14.717050
29.866667	0.5	14.738050
29.875000	0.5	14.748550
29.883333	0.5	14.766850
29.891667	0.5	14.779650
29.900000	0.5	14.804750
29.908333	0.5	14.820100
29.916667	0.5	14.844450
29.925000	0.5	14.864100
29.933333	0.5	14.887600
29.941667	0.5	14.904850
29.950000	0.5	14.927750
29.958333	0.5	14.950150
29.966667	0.5	14.974000
29.975000	0.5	14.993700
29.983333	0.5	15.014000
29.991667	0.5	15.029650
30.000000	0.5	15.063050
30.008333	0.5	15.088000
30.016667	0.5	15.103950
30.025000	0.5	15.125150
30.033333	0.5	15.144200
30.041667	0.5	15.164350
30.050000	0.5	15.183950
30.058333	0.5	15.203250
30.066667	0.5	15.213050
30.075000	0.5	15.231950
30.083333	0.5	15.236600
30.091667	0.5	15.256300
30.100000	0.5	15.270900
30.108333	0.5	15.286900
30.116667	0.5	15.294050
30.125000	0.5	15.303050
30.133333	0.5	15.304700
30.141667	0.5	15.311500
30.150000	0.5	15.315700
30.158333	0.5	15.314400
30.166667	0.5	15.315450
30.175000	0.5	15.318700
30.183333	0.5	15.314650
30.191667	0.5	15.316050
30.200000	0.5	15.314800
30.208333	0.5	15.307000
30.216667	0.5	15.303900
30.225000	0.5	15.295200
30.233333	0.5	15.282700
30.241667	0.5	15.269950
30.250000	0.5	15.256500
30.258333	0.5	15.242600
30.266667	0.5	15.227250
30.275000	0.5	15.204600
30.283333	0.5	15.193850
30.291667	0.5	15.181700
30.300000	0.5	15.160750
30.308333	0.5	15.142600
30.316667	0.5	15.117250
30.325000	0.5	15.095950
30.333333	0.5	15.067950
30.341667	0.5	15.046350
30.350000	0.5	15.023200
30.358333	0.5	14.996750
30.366667	0.5	14.977100
30.375000	0.5	14.952650
30.383333	0.5	14.936750
30.391667	0.5	14.918000
30.400000	0.5	14.894650
30.408333	0.5	14.879650
30.416667	0.5	14.855600
30.425000	0.5	14.835000
30.433333	0.5	14.815450
30.441667	0.5	14.795000
30.450000	0.5	14.774850
30.458333	0.5	14.753450
30.466667	0.5	14.728550
30.475000	0.5	14.709700
30.483333	0.5	14.693900
30.491667	0.5	14.672100
30.500000	0.5	14.644900
30.508333	0.5	14.616600
30.516667	0.5	14.591150
30.525000	0.5	14.559300
30.533333	0.5	14.529050
30.541667	0.5	14.492600
30.550000	0.5	14.457100
30.558333	0.5	14.423350
30.566667	0.5	14.377550
30.575000	0.5	14.343850
30.583333	0.5	14.306100
30.591667	0.5	14.253900
30.600000	0.5	14.209700
30.608333	0.5	14.159800
30.616667	0.5	14.106500
30.625000	0.5	14.057150
30.633333	0.5	14.005800
30.641667	0.5	13.947850
30.650000	0.5	13.900900
30.658333	0.5	13.843500
30.666667	0.5	13.797250
30.675000	0.5	13.752550
30.683333	0.5	13.702100
30.691667	0.5	13.656800
30.700000	0.5	13.607500
30.708333	0.5	13.567350
30.716667	0.5	13.530650
30.725000	0.5	13.497500
30.733333	0.5	13.468750
30.741667	0.5	13.440600
30.750000	0.5	13.427450
30.758333	0.5	13.409000
30.766667	0.5	13.405350
30.775000	0.5	13.405050
30.783333	0.5	13.409400
30.791667	0.5	13.417000
30.800000	0.5	13.434000
30.808333	0.5	13.450100
30.816667	0.5	13.475850
30.825000	0.5	13.493800
30.833333	0.5	13.523650
30.841667	0.5	13.551900
30.850000	0.5	13.577300
30.858333	0.5	13.607750
30.866667	0.5	13.640000
30.875000	0.5	13.667050
30.883333	0.5	13.695000
30.891667	0.5	13.719900
30.900000	0.5	13.739400
30.908333	0.5	13.760400
30.916667	0.5	13.779250
30.925000	0.5	13.790500
30.933333	0.5	13.804200
30.941667	0.5	13.806500
30.950000	0.5	13.814100
30.958333	0.5	13.815300
30.966667	0.5	13.816700
30.975000	0.5	13.808100
30.983333	0.5	13.798600
30.991667	0.5	13.785150
31.000000	0.5	13.757750
31.008333	0.5	13.734750
31.016667	0.5	13.702550
31.025000	0.5	13.660400
31.033333	0.5	13.618550
31.041667	0.5	13.566850
31.050000	0.5	13.514200
31.058333	0.5	13.453800
31.066667	0.5	13.390600
31.075000	0.5	13.320550
31.083333	0.5	13.246950
31.091667	0.5	13.166500
31.100000	0.5	13.093450
31.108333	0.5	13.013250
31.116667	0.5	12.934950
31.125000	0.5	12.854650
31.133333	0.5	12.780000
31.141667	0.5	12.705900
31.150000	0.5	12.638200
31.158333	0.5	12.574050
31.166667	0.5	12.505350
31.175000	0.5	12.442700
31.183333	0.5	12.383250
31.191667	0.5	12.325500
31.200000	0.5	12.274450
31.208333	0.5	12.227950
31.216667	0.5	12.179400
31.225000	0.5	12.135150
31.233333	0.5	12.092400
31.241667	0.5	12.058700
31.250000	0.5	12.023450
31.258333	0.5	11.989500
31.266667	0.5	11.962600
31.275000	0.5	11.927150
31.283333	0.5	11.900100
31.291667	0.5	11.877650
31.300000	0.5	11.851100
31.308333	0.5	11.828300
31.316667	0.5	11.810900
31.325000	0.5	11.795750
31.333333	0.5	11.776400
31.341667	0.5	11.765900
31.350000	0.5	11.752500
31.358333	0.5	11.741250
31.366667	0.5	11.729300
31.375000	0.5	11.726300
31.383333	0.5	11.712650
31.391667	0.5	11.713200
31.400000	0.5	11.710950
31.408333	0.5	11.711300
31.416667	0.5	11.712100
31.425000	0.5	11.706100
31.433333	0.5	11.719150
31.441667	0.5	11.719250
31.450000	0.5	11.723000
31.458333	0.5	11.727100
31.466667	0.5	11.733800
31.475000	0.5	11.742250
31.483333	0.5	11.753000
31.491667	0.5	11.762100
31.500000	0.5	11.776250
31.508333	0.5	11.783450
31.516667	0.5	11.798300
31.525000	0.5	11.813400
31.533333	0.5	11.831700
31.541667	0.5	11.851600
31.550000	0.5	11.870900
31.558333	0.5	11.891100
31.566667	0.5	11.906500
31.575000	0.5	11.928950
31.583333	0.5	11.952550
31.591667	0.5	11.977750
31.600000	0.5	11.998250
31.608333	0.5	12.024000
31.616667	0.5	12.051750
31.625000	0.5	12.087600
31.633333	0.5	12.116800
31.641667	0.5	12.151250
31.650000	0.5	12.188100
31.658333	0.5	12.220050
31.666667	0.5	12.260350
31.675000	0.5	12.299800
31.683333	0.5	12.340000
31.691667	0.5	12.380500
31.700000	0.5	12.422600
31.708333	0.5	12.472350
31.716667	0.5	12.521050
31.725000	0.5	12.579600
31.733333	0.5	12.636800
31.741667	0.5	12.693000
31.750000	0.5	12.754150
31.758333	0.5	12.817800
31.766667	0.5	12.886300
31.775000	0.5	12.955350
31.783333	0.5	13.022350
31.791667	0.5	13.100350
31.800000	0.5	13.182550
31.808333	0.5	13.258300
31.816667	0.5	13.346300
31.825000	0.5	13.439550
31.833333	0.5	13.531350
31.841667	0.5	13.624750
31.850000	0.5	13.719150
31.858333	0.5	13.811400
31.866667	0.5	13.906700
31.875000	0.5	13.998750
31.883333	0.5	14.089100
31.891667	0.5	14.175900
31.900000	0.5	14.266350
31.908333	0.5	14.346100
31.916667	0.5	14.434650
31.925000	0.5	14.514550
31.933333	0.5	14.586650
31.941667	0.5	14.661800
31.950000	0.5	14.724500
31.958333	0.5	14.791250
31.966667	0.5	14.854600
31.975000	0.5	14.908350
31.983333	0.5	14.963950
31.991667	0.5	15.017550
32.000000	0.5	15.065150
32.008333	0.5	15.123400
32.016667	0.5	15.179300
32.025000	0.5	15.232450
32.033333	0.5	15.276150
32.041667	0.5	15.329350
32.050000	0.5	15.380850
32.058333	0.5	15.426000
32.066667	0.5	15.470850
32.075000	0.5	15.516550
32.083333	0.5	15.564450
32.091667	0.5	15.609400
32.100000	0.5	15.653400
32.108333	0.5	15.704650
32.116667	0.5	15.749700
32.125000	0.5	15.784250
32.133333	0.5	15.822950
32.141667	0.5	15.858950
32.150000	0.5	15.897650
32.158333	0.5	15.920250
32.166667	0.5	15.948050
32.175000	0.5	15.972100
32.183333	0.5	15.995400
32.191667	0.5	16.005400
32.200000	0.5	16.027800
32.208333	0.5	16.042800
32.216667	0.5	16.056150
32.225000	0.5	16.058900
32.233333	0.5	16.057200
32.241667	0.5	16.056450
32.250000	0.5	16.053950
32.258333	0.5	16.050700
32.266667	0.5	16.044500
32.275000	0.5	16.041150
32.283333	0.5	16.030400
32.291667	0.5	16.018850
32.300000	0.5	16.016950
32.308333	0.5	16.014750
32.316667	0.5	16.007000
32.325000	0.5	15.998800
32.333333	0.5	15.989650
32.341667	0.5	15.985550
32.350000	0.5	15.981250
32.358333	0.5	15.976350
32.366667	0.5	15.982900
32.375000	0.5	15.980700
32.383333	0.5	15.979000
32.391667	0.5	15.989850
32.400000	0.5	16.005250
32.408333	0.5	16.019550
32.416667	0.5	16.027400
32.425000	0.5	16.044350
32.433333	0.5	16.060800
32.441667	0.5	16.083400
32.450000	0.5	16.100950
32.458333	0.5	16.124050
32.466667	0.5	16.152300
32.475000	0.5	16.178450
32.483333	0.5	16.205450
32.491667	0.5	16.239000
32.500000	0.5	16.280050
32.508333	0.5	16.318250
32.516667	0.5	16.351550
32.525000	0.5	16.388800
32.533333	0.5	16.423800
32.541667	0.5	16.459200
32.550000	0.5	16.490950
32.558333	0.5	16.524750
32.566667	0.5	16.568950
32.575000	0.5	16.595250
32.583333	0.5	16.605900
32.591667	0.5	16.492450
32.600000	0.5	16.219650
32.608333	0.5	15.891950
32.616667	0.5	15.607200
32.625000	0.5	15.408150
32.633333	0.5	15.283900
32.641667	0.5	15.193850
32.650000	0.5	15.123650
32.658333	0.5	15.064450
32.666667	0.5	15.007150
32.675000	0.5	14.947050
32.683333	0.5	14.891650
32.691667	0.5	14.839300
32.700000	0.5	14.784950
32.708333	0.5	14.723250
32.716667	0.5	14.665750
32.725000	0.5	14.613250
32.733333	0.5	14.557450
32.741667	0.5	14.507200
32.750000	0.5	14.457700
32.758333	0.5	14.412400
32.766667	0.5	14.363950
32.775000	0.5	14.328450
32.783333	0.5	14.291950
32.791667	0.5	14.256400
32.800000	0.5	14.229300
32.808333	0.5	14.200500
32.816667	0.5	14.183850
32.825000	0.5	14.159950
32.833333	0.5	14.144800
32.841667	0.5	14.131300
32.850000	0.5	14.113300
32.858333	0.5	14.107300
32.866667	0.5	14.095700
32.875000	0.5	14.095000
32.883333	0.5	14.096550
32.891667	0.5	14.086550
32.900000	0.5	14.079850
32.908333	0.5	14.072450
32.916667	0.5	14.063750
32.925000	0.5	14.056000
32.933333	0.5	14.046950
32.941667	0.5	14.036250
32.950000	0.5	14.027200
32.958333	0.5	14.015700
32.966667	0.5	14.003550
32.975000	0.5	13.990800
32.983333	0.5	13.975800
32.991667	0.5	13.955650
33.000000	0.5	13.938850
33.008333	0.5	13.923450
33.016667	0.5	13.911050
33.025000	0.5	13.901900
33.033333	0.5	13.916400
33.041667	0.5	13.943200
33.050000	0.5	13.998050
33.058333	0.5	14.082250
33.066667	0.5	14.210450
33.075000	0.5	14.386900
33.083333	0.5	14.605600
33.091667	0.5	14.869300
33.100000	0.5	15.184950
33.108333	0.5	15.533100
33.116667	0.5	15.904650
33.125000	0.5	16.295550
33.133333	0.5	16.682750
33.141667	0.5	17.066350
33.150000	0.5	17.429600
33.158333	0.5	17.771250
33.166667	0.5	18.079450
33.175000	0.5	18.347900
33.183333	0.5	18.571500
33.191667	0.5	18.746550
33.200000	0.5	18.871750
33.208333	0.5	18.933200
33.216667	0.5	18.955900
33.225000	0.5	18.912750
33.233333	0.5	18.820800
33.241667	0.5	18.675050
33.250000	0.5	18.490050
33.258333	0.5	18.266150
33.266667	0.5	18.005450
33.275000	0.5	17.707500
33.283333	0.5	17.391750
33.291667	0.5	17.051450
33.300000	0.5	16.715150
33.308333	0.5	16.382450
33.316667	0.5	16.048900
33.325000	0.5	15.737600
33.333333	0.5	15.457750
33.341667	0.5	15.190600
33.350000	0.5	14.968700
33.358333	0.5	14.772000
33.366667	0.5	14.603550
33.375000	0.5	14.457250
33.383333	0.5	14.343700
33.391667	0.5	14.251950
33.400000	0.5	14.175800
33.408333	0.5	14.117600
33.416667	0.5	14.063500
33.425000	0.5	14.025200
33.433333	0.5	13.994150
33.441667	0.5	13.961250
33.450000	0.5	13.938500
33.458333	0.5	13.915800
33.466667	0.5	13.887300
33.475000	0.5	13.864350
33.483333	0.5	13.843700
33.491667	0.5	13.815900
33.500000	0.5	13.789950
33.508333	0.5	13.765750
33.516667	0.5	13.742600
33.525000	0.5	13.719050
33.533333	0.5	13.693450
33.541667	0.5	13.678650
33.550000	0.5	13.661100
33.558333	0.5	13.646600
33.566667	0.5	13.632250
33.575000	0.5	13.625350
33.583333	0.5	13.612200
33.591667	0.5	13.604650
33.600000	0.5	13.603200
33.608333	0.5	13.605600
33.616667	0.5	13.607250
33.625000	0.5	13.608000
33.633333	0.5	13.613900
33.641667	0.5	13.624800
33.650000	0.5	13.636400
33.658333	0.5	13.647950
33.666667	0.5	13.652900
33.675000	0.5	13.661600
33.683333	0.5	13.671500
33.691667	0.5	13.678550
33.700000	0.5	13.686750
33.708333	0.5	13.686400
33.716667	0.5	13.698450
33.725000	0.5	13.694700
33.733333	0.5	13.704100
33.741667	0.5	13.707550
33.750000	0.5	13.709000
33.758333	0.5	13.714450
33.766667	0.5	13.718250
33.775000	0.5	13.726600
33.783333	0.5	13.731850
33.791667	0.5	13.742800
33.800000	0.5	13.763800
33.808333	0.5	13.784750
33.816667	0.5	13.808050
33.825000	0.5	13.839550
33.833333	0.5	13.885050
33.841667	0.5	13.925250
33.850000	0.5	13.969750
33.858333	0.5	14.020450
33.866667	0.5	14.064350
33.875000	0.5	14.116850
33.883333	0.5	14.168750
33.891667	0.5	14.224950
33.900000	0.5	14.273100
33.908333	0.5	14.328050
33.916667	0.5	14.377400
33.925000	0.5	14.435400
33.933333	0.5	14.499000
33.941667	0.5	14.558000
33.950000	0.5	14.622250
33.958333	0.5	14.697750
33.966667	0.5	14.778150
33.975000	0.5	14.875700
33.983333	0.5	14.977000
33.991667	0.5	15.094050
34.000000	0.5	15.225600
34.008333	0.5	15.374850
34.016667	0.5	15.529250
34.025000	0.5	15.694750
34.033333	0.5	15.867900
34.041667	0.5	16.036250
34.050000	0.5	16.203900
34.058333	0.5	16.362800
34.066667	0.5	16.512200
34.075000	0.5	16.647350
34.083333	0.5	16.773600
34.091667	0.5	16.880750
34.100000	0.5	16.971400
34.108333	0.5	17.040250
34.116667	0.5	17.098450
34.125000	0.5	17.130750
34.133333	0.5	17.144900
34.141667	0.5	17.132900
34.150000	0.5	17.114600
34.158333	0.5	17.072050
34.166667	0.5	17.019900
34.175000	0.5	16.956750
34.183333	0.5	16.883100
34.191667	0.5	16.811450
34.200000	0.5	16.738300
34.208333	0.5	16.658300
34.216667	0.5	16.594150
34.225000	0.5	16.525600
34.233333	0.5	16.460350
34.241667	0.5	16.401750
34.250000	0.5	16.348300
34.258333	0.5	16.302350
34.266667	0.5	16.262250
34.275000	0.5	16.223250
34.283333	0.5	16.190600
34.291667	0.5	16.163000
34.300000	0.5	16.124600
34.308333	0.5	16.100100
34.316667	0.5	16.067250
34.325000	0.5	16.035150
34.333333	0.5	16.000150
34.341667	0.5	15.957250
34.350000	0.5	15.914400
34.358333	0.5	15.866400
34.366667	0.5	15.812250
34.375000	0.5	15.747850
34.383333	0.5	15.681050
34.391667	0.5	15.603650
34.400000	0.5	15.523700
34.408333	0.5	15.435800
34.416667	0.5	15.343100
34.425000	0.5	15.238850
34.433333	0.5	15.132350
34.441667	0.5	15.020300
34.450000	0.5	14.905900
34.458333	0.5	14.789600
34.466667	0.5	14.671750
34.475000	0.5	14.547850
34.483333	0.5	14.431800
34.491667	0.5	14.319700
34.500000	0.5	14.217050
34.508333	0.5	14.118350
34.516667	0.5	14.022300
34.525000	0.5	13.938200
34.533333	0.5	13.861850
34.541667	0.5	13.787850
34.550000	0.5	13.727350
34.558333	0.5	13.675650
34.566667	0.5	13.633550
34.575000	0.5	13.591550
34.583333	0.5	13.559200
34.591667	0.5	13.529000
34.600000	0.5	13.507100
34.608333	0.5	13.488650
34.616667	0.5	13.468400
34.625000	0.5	13.453850
34.633333	0.5	13.444750
34.641667	0.5	13.434550
34.650000	0.5	13.425700
34.658333	0.5	13.420400
34.666667	0.5	13.416550
34.675000	0.5	13.419300
34.683333	0.5	13.416100
34.691667	0.5	13.420200
34.700000	0.5	13.423300
34.708333	0.5	13.427150
34.716667	0.5	13.431950
34.725000	0.5	13.435400
34.733333	0.5	13.439350
34.741667	0.5	13.441850
34.750000	0.5	13.448000
34.758333	0.5	13.450900
34.766667	0.5	13.455450
34.775000	0.5	13.461350
34.783333	0.5	13.459450
34.791667	0.5	13.472650
34.800000	0.5	13.480400
34.808333	0.5	13.477400
34.816667	0.5	13.485750
34.825000	0.5	13.495250
34.833333	0.5	13.498550
34.841667	0.5	13.502900
34.850000	0.5	13.512200
34.858333	0.5	13.516800
34.866667	0.5	13.528350
34.875000	0.5	13.532650
34.883333	0.5	13.548100
34.891667	0.5	13.565100
34.900000	0.5	13.576300
34.908333	0.5	13.584850
34.916667	0.5	13.593900
34.925000	0.5	13.604800
34.933333	0.5	13.617850
34.941667	0.5	13.624450
34.950000	0.5	13.628350
34.958333	0.5	13.638300
34.966667	0.5	13.645000
34.975000	0.5	13.650100
34.983333	0.5	13.662200
34.991667	0.5	13.663800
35.000000	0.5	13.663150
35.008333	0.5	13.668200
35.016667	0.5	13.668250
35.025000	0.5	13.674250
35.033333	0.5	13.671900
35.041667	0.5	13.676800
35.050000	0.5	13.680700
35.058333	0.5	13.694200
35.066667	0.5	13.700950
35.075000	0.5	13.719600
35.083333	0.5	13.741600
35.091667	0.5	13.763950
35.100000	0.5	13.790850
35.108333	0.5	13.823250
35.116667	0.5	13.854150
35.125000	0.5	13.891850
35.133333	0.5	13.923800
35.141667	0.5	13.958000
35.150000	0.5	13.997100
35.158333	0.5	14.029450
35.166667	0.5	14.058500
35.175000	0.5	14.090950
35.183333	0.5	14.111300
35.191667	0.5	14.123250
35.200000	0.5	14.142500
35.208333	0.5	14.146500
35.216667	0.5	14.148550
35.225000	0.5	14.150450
35.233333	0.5	14.140150
35.241667	0.5	14.130050
35.250000	0.5	14.115300
35.258333	0.5	14.092450
35.266667	0.5	14.076400
35.275000	0.5	14.050200
35.283333	0.5	14.022000
35.291667	0.5	13.992500
35.300000	0.5	13.959400
35.308333	0.5	13.924850
35.316667	0.5	13.889600
35.325000	0.5	13.849200
35.333333	0.5	13.804500
35.341667	0.5	13.757250
35.350000	0.5	13.707750
35.358333	0.5	13.654700
35.366667	0.5	13.600250
35.375000	0.5	13.542200
35.383333	0.5	13.469900
35.391667	0.5	13.392450
35.400000	0.5	13.316700
35.408333	0.5	13.234750
35.416667	0.5	13.153750
35.425000	0.5	13.070600
35.433333	0.5	12.988050
35.441667	0.5	12.911100
35.450000	0.5	12.825900
35.458333	0.5	12.757750
35.466667	0.5	12.691200
35.475000	0.5	12.627400
35.483333	0.5	12.569050
35.491667	0.5	12.519550
35.500000	0.5	12.476650
35.508333	0.5	12.440500
35.516667	0.5	12.415150
35.525000	0.5	12.391300
35.533333	0.5	12.378200
35.541667	0.5	12.367500
35.550000	0.5	12.368550
35.558333	0.5	12.371050
35.566667	0.5	12.377850
35.575000	0.5	12.387650
35.583333	0.5	12.407200
35.591667	0.5	12.423450
35.600000	0.5	12.441800
35.608333	0.5	12.462150
35.616667	0.5	12.483200
35.625000	0.5	12.507050
35.633333	0.5	12.533750
35.641667	0.5	12.555700
35.650000	0.5	12.581150
35.658333	0.5	12.599350
35.666667	0.5	12.622200
35.675000	0.5	12.637450
35.683333	0.5	12.650700
35.691667	0.5	12.658300
35.700000	0.5	12.670700
35.708333	0.5	12.672900
35.716667	0.5	12.680200
35.725000	0.5	12.677250
35.733333	0.5	12.674150
35.741667	0.5	12.677900
35.750000	0.5	12.672750
35.758333	0.5	12.666800
35.766667	0.5	12.655300
35.775000	0.5	12.642350
35.783333	0.5	12.637200
35.791667	0.5	12.624600
35.800000	0.5	12.622300
35.808333	0.5	12.615050
35.816667	0.5	12.609900
35.825000	0.5	12.607500
35.833333	0.5	12.596450
35.841667	0.5	12.599500
35.850000	0.5	12.598700
35.858333	0.5	12.596350
35.866667	0.5	12.601150
35.875000	0.5	12.601700
35.883333	0.5	12.605400
35.891667	0.5	12.608650
35.900000	0.5	12.605700
35.908333	0.5	12.604650
35.916667	0.5	12.605500
35.925000	0.5	12.605750
35.933333	0.5	12.600500
35.941667	0.5	12.598300
35.950000	0.5	12.594050
35.958333	0.5	12.580300
35.966667	0.5	12.569600
35.975000	0.5	12.552500
35.983333	0.5	12.528100
35.991667	0.5	12.509500
36.000000	0.5	12.484800
36.008333	0.5	12.446050
36.016667	0.5	12.412050
36.025000	0.5	12.371150
36.033333	0.5	12.335950
36.041667	0.5	12.293250
36.050000	0.5	12.251400
36.058333	0.5	12.205250
36.066667	0.5	12.157700
36.075000	0.5	12.113200
36.083333	0.5	12.069450
36.091667	0.5	12.030550
36.100000	0.5	11.989850
36.108333	0.5	11.959450
36.116667	0.5	11.921200
36.125000	0.5	11.895550
36.133333	0.5	11.874100
36.141667	0.5	11.851500
36.150000	0.5	11.834650
36.158333	0.5	11.820700
36.166667	0.5	11.805350
36.175000	0.5	11.799550
36.183333	0.5	11.800300
36.191667	0.5	11.799350
36.200000	0.5	11.802750
36.208333	0.5	11.814100
36.216667	0.5	11.824450
36.225000	0.5	11.843500
36.233333	0.5	11.863150
36.241667	0.5	11.885900
36.250000	0.5	11.913350
36.258333	0.5	11.940150
36.266667	0.5	11.975150
36.275000	0.5	12.006300
36.283333	0.5	12.039750
36.291667	0.5	12.083450
36.300000	0.5	12.124050
36.308333	0.5	12.163550
36.316667	0.5	12.205900
36.325000	0.5	12.251200
36.333333	0.5	12.293050
36.341667	0.5	12.330250
36.350000	0.5	12.366700
36.358333	0.5	12.399200
36.366667	0.5	12.430650
36.375000	0.5	12.450050
36.383333	0.5	12.469600
36.391667	0.5	12.480650
36.400000	0.5	12.492450
36.408333	0.5	12.494700
36.416667	0.5	12.499250
36.425000	0.5	12.496850
36.433333	0.5	12.478800
36.441667	0.5	12.463950
36.450000	0.5	12.452550
36.458333	0.5	12.434150
36.466667	0.5	12.416350
36.475000	0.5	12.392800
36.483333	0.5	12.367000
36.491667	0.5	12.343250
36.500000	0.5	12.322850
36.508333	0.5	12.300400
36.516667	0.5	12.279100
36.525000	0.5	12.260150
36.533333	0.5	12.234050
36.541667	0.5	12.212100
36.550000	0.5	12.194950
36.558333	0.5	12.174150
36.566667	0.5	12.158650
36.575000	0.5	12.146250
36.583333	0.5	12.125250
36.591667	0.5	12.115450
36.600000	0.5	12.103800
36.608333	0.5	12.096450
36.616667	0.5	12.089550
36.625000	0.5	12.074650
36.633333	0.5	12.063000
36.641667	0.5	12.055050
36.650000	0.5	12.047750
36.658333	0.5	12.040550
36.666667	0.5	12.041100
36.675000	0.5	12.033800
36.683333	0.5	12.032950
36.691667	0.5	12.024550
36.700000	0.5	12.018000
36.708333	0.5	12.020050
36.716667	0.5	12.017150
36.725000	0.5	12.008700
36.733333	0.5	12.005250
36.741667	0.5	12.001200
36.750000	0.5	11.997750
36.758333	0.5	11.990750
36.766667	0.5	11.991050
36.775000	0.5	11.988400
36.783333	0.5	11.986400
36.791667	0.5	11.975700
36.800000	0.5	11.985350
36.808333	0.5	11.978700
36.816667	0.5	11.984200
36.825000	0.5	11.975000
36.833333	0.5	11.973950
36.841667	0.5	11.967950
36.850000	0.5	11.971600
36.858333	0.5	11.966400
36.866667	0.5	11.970550
36.875000	0.5	11.967450
36.883333	0.5	11.966000
36.891667	0.5	11.971950
36.900000	0.5	11.978450
36.908333	0.5	11.980150
36.916667	0.5	11.988700
36.925000	0.5	11.999100
36.933333	0.5	12.010750
36.941667	0.5	12.030950
36.950000	0.5	12.056600
36.958333	0.5	12.081100
36.966667	0.5	12.119500
36.975000	0.5	12.167600
36.983333	0.5	12.215050
36.991667	0.5	12.284350
37.000000	0.5	12.355800
37.008333	0.5	12.436300
37.016667	0.5	12.523900
37.025000	0.5	12.619550
37.033333	0.5	12.721750
37.041667	0.5	12.827300
37.050000	0.5	12.938400
37.058333	0.5	13.051650
37.066667	0.5	13.159550
37.075000	0.5	13.271150
37.083333	0.5	13.368750
37.091667	0.5	13.467500
37.100000	0.5	13.551350
37.108333	0.5	13.618150
37.116667	0.5	13.678100
37.125000	0.5	13.724900
37.133333	0.5	13.756250
37.141667	0.5	13.771050
37.150000	0.5	13.773900
37.158333	0.5	13.757750
37.166667	0.5	13.735700
37.175000	0.5	13.694350
37.183333	0.5	13.660550
37.191667	0.5	13.604450
37.200000	0.5	13.546250
37.208333	0.5	13.476400
37.216667	0.5	13.410300
37.225000	0.5	13.342450
37.233333	0.5	13.276050
37.241667	0.5	13.204400
37.250000	0.5	13.151850
37.258333	0.5	13.099150
37.266667	0.5	13.054250
37.275000	0.5	13.017300
37.283333	0.5	12.993600
37.291667	0.5	12.982750
37.300000	0.5	12.973200
37.308333	0.5	12.980650
37.316667	0.5	13.001000
37.325000	0.5	13.033000
37.333333	0.5	13.084550
37.341667	0.5	13.129500
37.350000	0.5	13.191250
37.358333	0.5	13.266600
37.366667	0.5	13.343150
37.375000	0.5	13.431300
37.383333	0.5	13.518950
37.391667	0.5	13.609850
37.400000	0.5	13.704150
37.408333	0.5	13.792500
37.416667	0.5	13.887450
37.425000	0.5	13.973300
37.433333	0.5	14.068100
37.441667	0.5	14.159600
37.450000	0.5	14.236700
37.458333	0.5	14.319200
37.466667	0.5	14.390750
37.475000	0.5	14.460650
37.483333	0.5	14.530700
37.491667	0.5	14.586700
37.500000	0.5	14.634500
37.508333	0.5	14.676500
37.516667	0.5	14.711550
37.525000	0.5	14.739800
37.533333	0.5	14.757550
37.541667	0.5	14.767700
37.550000	0.5	14.763200
37.558333	0.5	14.755200
37.566667	0.5	14.738300
37.575000	0.5	14.704350
37.583333	0.5	14.664600
37.591667	0.5	14.618000
37.600000	0.5	14.552350
37.608333	0.5	14.481800
37.616667	0.5	14.398450
37.625000	0.5	14.306100
37.633333	0.5	14.208150
37.641667	0.5	14.104000
37.650000	0.5	13.991650
37.658333	0.5	13.878350
37.666667	0.5	13.756400
37.675000	0.5	13.628600
37.683333	0.5	13.502950
37.691667	0.5	13.374550
37.700000	0.5	13.246000
37.708333	0.5	13.128200
37.716667	0.5	13.012450
37.725000	0.5	12.906200
37.733333	0.5	12.818250
37.741667	0.5	12.732400
37.750000	0.5	12.654100
37.758333	0.5	12.594000
37.766667	0.5	12.541550
37.775000	0.5	12.499250
37.783333	0.5	12.455950
37.791667	0.5	12.419600
37.800000	0.5	12.396550
37.808333	0.5	12.379150
37.816667	0.5	12.361150
37.825000	0.5	12.350100
37.833333	0.5	12.345300
37.841667	0.5	12.334850
37.850000	0.5	12.337500
37.858333	0.5	12.343850
37.866667	0.5	12.350950
37.875000	0.5	12.366950
37.883333	0.5	12.385350
37.891667	0.5	12.409750
37.900000	0.5	12.441550
37.908333	0.5	12.484200
37.916667	0.5	12.537200
37.925000	0.5	12.600450
37.933333	0.5	12.681800
37.941667	0.5	12.772850
37.950000	0.5	12.882750
37.958333	0.5	13.003800
37.966667	0.5	13.137400
37.975000	0.5	13.293200
37.983333	0.5	13.465400
37.991667	0.5	13.641400
38.000000	0.5	13.829550
38.008333	0.5	14.027200
38.016667	0.5	14.220500
38.025000	0.5	14.417900
38.033333	0.5	14.609650
38.041667	0.5	14.793600
38.050000	0.5	14.967350
38.058333	0.5	15.129450
38.066667	0.5	15.271200
38.075000	0.5	15.404350
38.083333	0.5	15.518550
38.091667	0.5	15.617000
38.100000	0.5	15.697900
38.108333	0.5	15.773250
38.116667	0.5	15.828250
38.125000	0.5	15.874250
38.133333	0.5	15.904000
38.141667	0.5	15.935100
38.150000	0.5	15.959150
38.158333	0.5	15.964350
38.166667	0.5	15.968750
38.175000	0.5	15.972050
38.183333	0.5	15.964800
38.191667	0.5	15.953950
38.200000	0.5	15.940650
38.208333	0.5	15.922500
38.216667	0.5	15.899100
38.225000	0.5	15.860700
38.233333	0.5	15.824050
38.241667	0.5	15.782800
38.250000	0.5	15.734900
38.258333	0.5	15.673850
38.266667	0.5	15.614750
38.275000	0.5	15.542450
38.283333	0.5	15.468850
38.291667	0.5	15.383400
38.300000	0.5	15.297450
38.308333	0.5	15.204950
38.316667	0.5	15.104500
38.325000	0.5	14.991050
38.333333	0.5	14.890300
38.341667	0.5	14.776500
38.350000	0.5	14.658750
38.358333	0.5	14.538450
38.366667	0.5	14.411750
38.375000	0.5	14.294700
38.383333	0.5	14.170150
38.391667	0.5	14.051250
38.400000	0.5	13.945000
38.408333	0.5	13.837700
38.416667	0.5	13.740200
38.425000	0.5	13.655450
38.433333	0.5	13.586450
38.441667	0.5	13.523700
38.450000	0.5	13.472350
38.458333	0.5	13.439850
38.466667	0.5	13.423550
38.475000	0.5	13.417300
38.483333	0.5	13.422100
38.491667	0.5	13.433950
38.500000	0.5	13.459200
38.508333	0.5	13.488600
38.516667	0.5	13.518450
38.525000	0.5	13.557000
38.533333	0.5	13.597850
38.541667	0.5	13.633700
38.550000	0.5	13.666700
38.558333	0.5	13.699750
38.566667	0.5	13.730750
38.575000	0.5	13.753500
38.583333	0.5	13.780550
38.591667	0.5	13.799800
38.600000	0.5	13.812950
38.608333	0.5	13.814950
38.616667	0.5	13.823750
38.625000	0.5	13.820600
38.633333	0.5	13.816750
38.641667	0.5	13.799900
38.650000	0.5	13.782900
38.658333	0.5	13.758200
38.666667	0.5	13.737200
38.675000	0.5	13.707200
38.683333	0.5	13.680800
38.691667	0.5	13.648700
38.700000	0.5	13.612900
38.708333	0.5	13.582350
38.716667	0.5	13.555650
38.725000	0.5	13.523300
38.733333	0.5	13.487550
38.741667	0.5	13.454150
38.750000	0.5	13.419950
38.758333	0.5	13.389450
38.766667	0.5	13.360550
38.775000	0.5	13.333250
38.783333	0.5	13.300250
38.791667	0.5	13.284500
38.800000	0.5	13.252850
38.808333	0.5	13.226250
38.816667	0.5	13.211400
38.825000	0.5	13.183600
38.833333	0.5	13.156800
38.841667	0.5	13.124300
38.850000	0.5	13.099300
38.858333	0.5	13.074650
38.866667	0.5	13.043250
38.875000	0.5	13.011750
38.883333	0.5	12.981300
38.891667	0.5	12.951450
38.900000	0.5	12.920350
38.908333	0.5	12.891350
38.916667	0.5	12.861650
38.925000	0.5	12.834000
38.933333	0.5	12.806350
38.941667	0.5	12.777700
38.950000	0.5	12.749900
38.958333	0.5	12.722700
38.966667	0.5	12.702350
38.975000	0.5	12.680750
38.983333	0.5	12.660100
38.991667	0.5	12.646850
39.000000	0.5	12.628600
39.008333	0.5	12.615500
39.016667	0.5	12.604750
39.025000	0.5	12.594350
39.033333	0.5	12.580100
39.041667	0.5	12.575450
39.050000	0.5	12.567900
39.058333	0.5	12.565150
39.066667	0.5	12.559350
39.075000	0.5	12.558750
39.083333	0.5	12.555050
39.091667	0.5	12.547700
39.100000	0.5	12.550200
39.108333	0.5	12.552000
39.116667	0.5	12.543600
39.125000	0.5	12.544250
39.133333	0.5	12.537250
39.141667	0.5	12.537600
39.150000	0.5	12.537100
39.158333	0.5	12.529100
39.166667	0.5	12.531900
39.175000	0.5	12.525750
39.183333	0.5	12.522000
39.191667	0.5	12.519350
39.200000	0.5	12.525500
39.208333	0.5	12.520500
39.216667	0.5	12.510850
39.225000	0.5	12.510000
39.233333	0.5	12.502750
39.241667	0.5	12.500350
39.250000	0.5	12.494700
39.258333	0.5	12.483650
39.266667	0.5	12.480250
39.275000	0.5	12.480150
39.283333	0.5	12.475250
39.291667	0.5	12.477500
39.300000	0.5	12.475900
39.308333	0.5	12.476300
39.316667	0.5	12.471150
39.325000	0.5	12.467850
39.333333	0.5	12.468700
39.341667	0.5	12.472950
39.350000	0.5	12.465550
39.358333	0.5	12.462250
39.366667	0.5	12.471550
39.375000	0.5	12.466000
39.383333	0.5	12.465300
39.391667	0.5	12.470000
39.400000	0.5	12.466800
39.408333	0.5	12.461500
39.416667	0.5	12.463050
39.425000	0.5	12.454850
39.433333	0.5	12.454150
39.441667	0.5	12.447400
39.450000	0.5	12.437450
39.458333	0.5	12.436200
39.466667	0.5	12.429450
39.475000	0.5	12.411450
39.483333	0.5	12.404450
39.491667	0.5	12.391950
39.500000	0.5	12.380700
39.508333	0.5	12.367900
39.516667	0.5	12.353300
39.525000	0.5	12.343800
39.533333	0.5	12.325650
39.541667	0.5	12.314600
39.550000	0.5	12.300950
39.558333	0.5	12.288650
39.566667	0.5	12.274700
39.575000	0.5	12.263600
39.583333	0.5	12.256850
39.591667	0.5	12.241250
39.600000	0.5	12.229500
39.608333	0.5	12.220350
39.616667	0.5	12.217800
39.625000	0.5	12.203150
39.633333	0.5	12.194500
39.641667	0.5	12.181950
39.650000	0.5	12.180350
39.658333	0.5	12.171700
39.666667	0.5	12.165850
39.675000	0.5	12.162100
39.683333	0.5	12.156600
39.691667	0.5	12.150950
39.700000	0.5	12.147700
39.708333	0.5	12.142350
39.716667	0.5	12.139900
39.725000	0.5	12.132900
39.733333	0.5	12.133100
39.741667	0.5	12.127250
39.750000	0.5	12.127100
39.758333	0.5	12.123750
39.766667	0.5	12.124900
39.775000	0.5	12.128350
39.783333	0.5	12.128900
39.791667	0.5	12.129250
39.800000	0.5	12.138350
39.808333	0.5	12.136000
39.816667	0.5	12.143500
39.825000	0.5	12.145200
39.833333	0.5	12.143350
39.841667	0.5	12.150850
39.850000	0.5	12.164600
39.858333	0.5	12.166150
39.866667	0.5	12.180800
39.875000	0.5	12.181650
39.883333	0.5	12.196050
39.891667	0.5	12.197650
39.900000	0.5	12.204300
39.908333	0.5	12.212750
39.916667	0.5	12.218550
39.925000	0.5	12.227750
39.933333	0.5	12.230200
39.941667	0.5	12.241250
39.950000	0.5	12.247800
39.958333	0.5	12.256600
39.966667	0.5	12.264350
39.975000	0.5	12.278200
39.983333	0.5	12.283200
39.991667	0.5	12.297900
40.000000	0.5	12.315100
40.008333	0.5	12.344050
40.016667	0.5	12.372700
40.025000	0.5	12.415100
40.033333	0.5	12.467900
40.041667	0.5	12.536700
40.050000	0.5	12.605600
40.058333	0.5	12.697300
40.066667	0.5	12.801000
40.075000	0.5	12.906050
40.083333	0.5	13.026700
40.091667	0.5	13.159350
40.100000	0.5	13.292100
40.108333	0.5	13.437550
40.116667	0.5	13.580800
40.125000	0.5	13.738600
40.133333	0.5	13.880400
40.141667	0.5	14.027400
40.150000	0.5	14.176000
40.158333	0.5	14.318800
40.166667	0.5	14.453850
40.175000	0.5	14.587000
40.183333	0.5	14.711600
40.191667	0.5	14.831900
40.200000	0.5	14.944100
40.208333	0.5	15.050200
40.216667	0.5	15.144800
40.225000	0.5	15.235000
40.233333	0.5	15.308250
40.241667	0.5	15.376900
40.250000	0.5	15.437350
40.258333	0.5	15.486600
40.266667	0.5	15.523500
40.275000	0.5	15.549250
40.283333	0.5	15.564600
40.291667	0.5	15.571400
40.300000	0.5	15.567800
40.308333	0.5	15.551250
40.316667	0.5	15.524350
40.325000	0.5	15.486150
40.333333	0.5	15.440600
40.341667	0.5	15.382550
40.350000	0.5	15.321550
40.358333	0.5	15.245650
40.366667	0.5	15.161100
40.375000	0.5	15.071250
40.383333	0.5	14.966450
40.391667	0.5	14.857650
40.400000	0.5	14.742500
40.408333	0.5	14.616500
40.416667	0.5	14.487550
40.425000	0.5	14.358950
40.433333	0.5	14.225250
40.441667	0.5	14.095000
40.450000	0.5	13.964500
40.458333	0.5	13.827200
40.466667	0.5	13.706100
40.475000	0.5	13.585050
40.483333	0.5	13.475100
40.491667	0.5	13.365100
40.500000	0.5	13.277750
40.508333	0.5	13.183550
40.516667	0.5	13.103550
40.525000	0.5	13.030500
40.533333	0.5	12.966550
40.541667	0.5	12.908050
40.550000	0.5	12.856550
40.558333	0.5	12.808300
40.566667	0.5	12.754750
40.575000	0.5	12.713650
40.583333	0.5	12.672000
40.591667	0.5	12.626100
40.600000	0.5	12.583650
40.608333	0.5	12.544650
40.616667	0.5	12.512000
40.625000	0.5	12.466600
40.633333	0.5	12.432800
40.641667	0.5	12.395300
40.650000	0.5	12.356000
40.658333	0.5	12.316000
40.666667	0.5	12.277650
40.675000	0.5	12.247100
40.683333	0.5	12.217250
40.691667	0.5	12.181650
40.700000	0.5	12.146700
40.708333	0.5	12.123850
40.716667	0.5	12.096900
40.725000	0.5	12.075150
40.733333	0.5	12.051700
40.741667	0.5	12.033450
40.750000	0.5	12.015150
40.758333	0.5	12.000850
40.766667	0.5	11.989700
40.775000	0.5	11.977250
40.783333	0.5	11.972300
40.791667	0.5	11.968850
40.800000	0.5	11.964300
40.808333	0.5	11.960800
40.816667	0.5	11.965850
40.825000	0.5	11.979700
40.833333	0.5	11.991500
40.841667	0.5	12.005600
40.850000	0.5	12.017450
40.858333	0.5	12.034650
40.866667	0.5	12.051950
40.875000	0.5	12.081050
40.883333	0.5	12.100350
40.891667	0.5	12.122550
40.900000	0.5	12.150700
40.908333	0.5	12.176450
40.916667	0.5	12.200900
40.925000	0.5	12.228050
40.933333	0.5	12.258200
40.941667	0.5	12.284950
40.950000	0.5	12.303850
40.958333	0.5	12.321500
40.966667	0.5	12.340500
40.975000	0.5	12.358050
40.983333	0.5	12.377900
40.991667	0.5	12.395900
41.000000	0.5	12.412250
41.008333	0.5	12.426600
41.016667	0.5	12.439550
41.025000	0.5	12.463000
41.033333	0.5	12.485200
41.041667	0.5	12.517400
41.050000	0.5	12.548000
41.058333	0.5	12.595350
41.066667	0.5	12.652500
41.075000	0.5	12.720600
41.083333	0.5	12.810350
41.091667	0.5	12.911350
41.100000	0.5	13.037000
41.108333	0.5	13.174350
41.116667	0.5	13.338500
41.125000	0.5	13.512200
41.133333	0.5	13.695600
41.141667	0.5	13.895850
41.150000	0.5	14.100050
41.158333	0.5	14.304600
41.166667	0.5	14.510300
41.175000	0.5	14.707800
41.183333	0.5	14.903050
41.191667	0.5	15.089950
41.200000	0.5	15.255650
41.208333	0.5	15.420650
41.216667	0.5	15.568750
41.225000	0.5	15.704200
41.233333	0.5	15.830000
41.241667	0.5	15.938050
41.250000	0.5	16.038850
41.258333	0.5	16.122500
41.266667	0.5	16.205250
41.275000	0.5	16.271100
41.283333	0.5	16.333550
41.291667	0.5	16.379350
41.300000	0.5	16.425000
41.308333	0.5	16.459400
41.316667	0.5	16.491500
41.325000	0.5	16.518000
41.333333	0.5	16.534850
41.341667	0.5	16.548150
41.350000	0.5	16.558800
41.358333	0.5	16.562300
41.366667	0.5	16.566250
41.375000	0.5	16.566950
41.383333	0.5	16.563100
41.391667	0.5	16.552900
41.400000	0.5	16.548100
41.408333	0.5	16.531950
41.416667	0.5	16.514800
41.425000	0.5	16.492150
41.433333	0.5	16.469550
41.441667	0.5	16.438550
41.450000	0.5	16.410450
41.458333	0.5	16.376100
41.466667	0.5	16.336350
41.475000	0.5	16.297900
41.483333	0.5	16.253250
41.491667	0.5	16.201550
41.500000	0.5	16.158650
41.508333	0.5	16.106900
41.516667	0.5	16.051200
41.525000	0.5	15.989150
41.533333	0.5	15.930100
41.541667	0.5	15.871200
41.550000	0.5	15.810950
41.558333	0.5	15.740550
41.566667	0.5	15.677450
41.575000	0.5	15.617300
41.583333	0.5	15.548700
41.591667	0.5	15.499950
41.600000	0.5	15.439800
41.608333	0.5	15.391600
41.616667	0.5	15.351650
41.625000	0.5	15.310950
41.633333	0.5	15.280200
41.641667	0.5	15.259500
41.650000	0.5	15.239050
41.658333	0.5	15.229850
41.666667	0.5	15.233750
41.675000	0.5	15.227400
41.683333	0.5	15.231900
41.691667	0.5	15.237950
41.700000	0.5	15.247750
41.708333	0.5	15.247550
41.716667	0.5	15.252550
41.725000	0.5	15.257300
41.733333	0.5	15.260150
41.741667	0.5	15.265650
41.750000	0.5	15.253150
41.758333	0.5	15.252150
41.766667	0.5	15.241500
41.775000	0.5	15.219250
41.783333	0.5	15.206150
41.791667	0.5	15.178250
41.800000	0.5	15.146400
41.808333	0.5	15.108700
41.816667	0.5	15.063550
41.825000	0.5	15.013100
41.833333	0.5	14.961700
41.841667	0.5	14.896750
41.850000	0.5	14.828000
41.858333	0.5	14.751100
41.866667	0.5	14.670950
41.875000	0.5	14.586600
41.883333	0.5	14.496100
41.891667	0.5	14.397900
41.900000	0.5	14.293800
41.908333	0.5	14.182550
41.916667	0.5	14.063950
41.925000	0.5	13.946250
41.933333	0.5	13.822900
41.941667	0.5	13.698300
41.950000	0.5	13.574200
41.958333	0.5	13.449050
41.966667	0.5	13.319900
41.975000	0.5	13.186200
41.983333	0.5	13.061950
41.991667	0.5	12.940200
42.000000	0.5	12.814100
42.008333	0.5	12.695150
42.016667	0.5	12.580300
42.025000	0.5	12.467400
42.033333	0.5	12.360250
42.041667	0.5	12.261900
42.050000	0.5	12.166550
42.058333	0.5	12.073950
42.066667	0.5	11.987100
42.075000	0.5	11.905050
42.083333	0.5	11.830800
42.091667	0.5	11.758450
42.100000	0.5	11.683100
42.108333	0.5	11.618600
42.116667	0.5	11.552150
42.125000	0.5	11.495150
42.133333	0.5	11.442750
42.141667	0.5	11.391300
42.150000	0.5	11.345100
42.158333	0.5	11.296250
42.166667	0.5	11.258550
42.175000	0.5	11.222250
42.183333	0.5	11.186600
42.191667	0.5	11.145600
42.200000	0.5	11.110100
42.208333	0.5	11.084850
42.216667	0.5	11.059600
42.225000	0.5	11.031650
42.233333	0.5	11.009850
42.241667	0.5	10.990300
42.250000	0.5	10.965550
42.258333	0.5	10.954950
42.266667	0.5	10.937350
42.275000	0.5	10.922500
42.283333	0.5	10.912150
42.291667	0.5	10.900850
42.300000	0.5	10.898400
42.308333	0.5	10.891600
42.316667	0.5	10.887950
42.325000	0.5	10.886450
42.333333	0.5	10.887100
42.341667	0.5	10.887850
42.350000	0.5	10.881600
42.358333	0.5	10.889950
42.366667	0.5	10.891150
42.375000	0.5	10.896100
42.383333	0.5	10.906000
42.391667	0.5	10.909650
42.400000	0.5	10.916600
42.408333	0.5	10.923350
42.416667	0.5	10.928700
42.425000	0.5	10.940650
42.433333	0.5	10.950200
42.441667	0.5	10.960600
42.450000	0.5	10.967650
42.458333	0.5	10.984800
42.466667	0.5	10.999000
42.475000	0.5	11.004350
42.483333	0.5	11.014050
42.491667	0.5	11.027200
42.500000	0.5	11.041050
42.508333	0.5	11.048200
42.516667	0.5	11.055700
42.525000	0.5	11.067500
42.533333	0.5	11.080450
42.541667	0.5	11.088950
42.550000	0.5	11.102250
42.558333	0.5	11.112700
42.566667	0.5	11.118350
42.575000	0.5	11.121150
42.583333	0.5	11.137900
42.591667	0.5	11.136700
42.600000	0.5	11.141550
42.608333	0.5	11.141900
42.616667	0.5	11.143650
42.625000	0.5	11.143150
42.633333	0.5	11.142450
42.641667	0.5	11.147600
42.650000	0.5	11.149300
42.658333	0.5	11.147400
42.666667	0.5	11.156050
42.675000	0.5	11.154950
42.683333	0.5	11.158050
42.691667	0.5	11.164950
42.700000	0.5	11.170500
42.708333	0.5	11.181150
42.716667	0.5	11.193200
42.725000	0.5	11.206500
42.733333	0.5	11.227500
42.741667	0.5	11.249300
42.750000	0.5	11.277200
42.758333	0.5	11.306200
42.766667	0.5	11.341600
42.775000	0.5	11.382650
42.783333	0.5	11.428050
42.791667	0.5	11.483600
42.800000	0.5	11.544550
42.808333	0.5	11.618700
42.816667	0.5	11.709600
42.825000	0.5	11.806300
42.833333	0.5	11.922550
42.841667	0.5	12.054700
42.850000	0.5	12.204750
42.858333	0.5	12.369200
42.866667	0.5	12.549400
42.875000	0.5	12.744450
42.883333	0.5	12.948950
42.891667	0.5	13.165850
42.900000	0.5	13.391950
42.908333	0.5	13.619150
42.916667	0.5	13.855800
42.925000	0.5	14.087050
42.933333	0.5	14.317150
42.941667	0.5	14.545100
42.950000	0.5	14.758750
42.958333	0.5	14.966500
42.966667	0.5	15.168050
42.975000	0.5	15.363700
42.983333	0.5	15.538300
42.991667	0.5	15.715850
43.000000	0.5	15.872450
43.008333	0.5	16.020550
43.016667	0.5	16.153850
43.025000	0.5	16.278500
43.033333	0.5	16.392550
43.041667	0.5	16.490750
43.050000	0.5	16.579400
43.058333	0.5	16.661150
43.066667	0.5	16.719600
43.075000	0.5	16.778100
43.083333	0.5	16.815850
43.091667	0.5	16.843850
43.100000	0.5	16.862200
43.108333	0.5	16.868650
43.116667	0.5	16.853500
43.125000	0.5	16.831600
43.133333	0.5	16.801250
43.141667	0.5	16.758050
43.150000	0.5	16.697600
43.158333	0.5	16.631600
43.166667	0.5	16.545700
43.175000	0.5	16.453900
43.183333	0.5	16.345250
43.191667	0.5	16.223100
43.200000	0.5	16.094200
43.208333	0.5	15.944050
43.216667	0.5	15.793150
43.225000	0.5	15.628150
43.233333	0.5	15.450750
43.241667	0.5	15.273900
43.250000	0.5	15.078050
43.258333	0.5	14.876750
43.266667	0.5	14.682800
43.275000	0.5	14.477500
43.283333	0.5	14.277950
43.291667	0.5	14.083100
43.300000	0.5	13.889900
43.308333	0.5	13.707400
43.316667	0.5	13.541200
43.325000	0.5	13.378550
43.333333	0.5	13.232600
43.341667	0.5	13.096500
43.350000	0.5	12.977700
43.358333	0.5	12.883350
43.366667	0.5	12.801600
43.375000	0.5	12.736450
43.383333	0.5	12.674000
43.391667	0.5	12.634550
43.400000	0.5	12.600300
43.408333	0.5	12.579200
43.416667	0.5	12.563900
43.425000	0.5	12.550400
43.433333	0.5	12.548750
43.441667	0.5	12.547950
43.450000	0.5	12.544650
43.458333	0.5	12.543750
43.466667	0.5	12.547400
43.475000	0.5	12.548100
43.483333	0.5	12.547750
43.491667	0.5	12.536550
43.500000	0.5	12.528350
43.508333	0.5	12.522950
43.516667	0.5	12.513650
43.525000	0.5	12.497400
43.533333	0.5	12.478900
43.541667	0.5	12.455350
43.550000	0.5	12.426500
43.558333	0.5	12.398100
43.566667	0.5	12.363450
43.575000	0.5	12.330400
43.583333	0.5	12.299100
43.591667	0.5	12.262150
43.600000	0.5	12.224750
43.608333	0.5	12.192050
43.616667	0.5	12.165450
43.625000	0.5	12.129650
43.633333	0.5	12.096050
43.641667	0.5	12.065200
43.650000	0.5	12.029250
43.658333	0.5	12.004250
43.666667	0.5	11.979300
43.675000	0.5	11.957150
43.683333	0.5	11.935400
43.691667	0.5	11.913900
43.700000	0.5	11.900900
43.708333	0.5	11.889500
43.716667	0.5	11.874800
43.725000	0.5	11.865750
43.733333	0.5	11.861150
43.741667	0.5	11.854700
43.750000	0.5	11.850800
43.758333	0.5	11.849400
43.766667	0.5	11.847850
43.775000	0.5	11.851750
43.783333	0.5	11.853650
43.791667	0.5	11.869850
43.800000	0.5	11.879250
43.808333	0.5	11.895750
43.816667	0.5	11.902250
43.825000	0.5	11.924300
43.833333	0.5	11.940800
43.841667	0.5	11.960250
43.850000	0.5	11.986100
43.858333	0.5	12.002850
43.866667	0.5	12.020200
43.875000	0.5	12.044850
43.883333	0.5	12.059200
43.891667	0.5	12.089700
43.900000	0.5	12.102100
43.908333	0.5	12.118100
43.916667	0.5	12.131400
43.925000	0.5	12.148600
43.933333	0.5	12.155300
43.941667	0.5	12.170950
43.950000	0.5	12.181850
43.958333	0.5	12.180250
43.966667	0.5	12.189450
43.975000	0.5	12.193300
43.983333	0.5	12.198350
43.991667	0.5	12.202050
44.000000	0.5	12.213250
44.008333	0.5	12.224150
44.016667	0.5	12.232500
44.025000	0.5	12.248600
44.033333	0.5	12.274550
44.041667	0.5	12.311450
44.050000	0.5	12.355750
44.058333	0.5	12.407100
44.066667	0.5	12.491450
44.075000	0.5	12.569150
44.083333	0.5	12.684000
44.091667	0.5	12.813400
44.100000	0.5	12.954700
44.108333	0.5	13.111350
44.116667	0.5	13.280150
44.125000	0.5	13.446300
44.133333	0.5	13.610500
44.141667	0.5	13.768400
44.150000	0.5	13.916200
44.158333	0.5	14.049000
44.166667	0.5	14.170100
44.175000	0.5	14.289100
44.183333	0.5	14.406900
44.191667	0.5	14.519100
44.200000	0.5	14.630350
44.208333	0.5	14.728350
44.216667	0.5	14.836400
44.225000	0.5	14.939400
44.233333	0.5	15.040050
44.241667	0.5	15.139750
44.250000	0.5	15.231850
44.258333	0.5	15.323450
44.266667	0.5	15.400600
44.275000	0.5	15.483850
44.283333	0.5	15.561300
44.291667	0.5	15.635300
44.300000	0.5	15.695150
44.308333	0.5	15.756450
44.316667	0.5	15.815350
44.325000	0.5	15.864600
44.333333	0.5	15.912500
44.341667	0.5	15.955600
44.350000	0.5	15.999250
44.358333	0.5	16.041600
44.366667	0.5	16.078450
44.375000	0.5	16.125600
44.383333	0.5	16.162300
44.391667	0.5	16.195000
44.400000	0.5	16.229200
44.408333	0.5	16.263600
44.416667	0.5	16.299200
44.425000	0.5	16.334900
44.433333	0.5	16.370950
44.441667	0.5	16.404650
44.450000	0.5	16.439200
44.458333	0.5	16.467050
44.466667	0.5	16.503400
44.475000	0.5	16.536750
44.483333	0.5	16.549950
44.491667	0.5	16.571950
44.500000	0.5	16.585850
44.508333	0.5	16.597200
44.516667	0.5	16.594050
44.525000	0.5	16.583650
44.533333	0.5	16.562150
44.541667	0.5	16.539550
44.550000	0.5	16.497200
44.558333	0.5	16.460200
44.566667	0.5	16.401900
44.575000	0.5	16.339850
44.583333	0.5	16.259250
44.591667	0.5	16.177850
44.600000	0.5	16.079700
44.608333	0.5	15.973500
44.616667	0.5	15.860000
44.625000	0.5	15.742750
44.633333	0.5	15.608500
44.641667	0.5	15.473000
44.650000	0.5	15.328950
44.658333	0.5	15.183450
44.666667	0.5	15.026950
44.675000	0.5	14.868700
44.683333	0.5	14.705500
44.691667	0.5	14.536600
44.700000	0.5	14.369250
44.708333	0.5	14.199000
44.716667	0.5	14.028750
44.725000	0.5	13.865500
44.733333	0.5	13.703450
44.741667	0.5	13.551700
44.750000	0.5	13.400500
44.758333	0.5	13.265200
44.766667	0.5	13.134150
44.775000	0.5	13.007950
44.783333	0.5	12.896500
44.791667	0.5	12.795050
44.800000	0.5	12.701250
44.808333	0.5	12.616800
44.816667	0.5	12.543350
44.825000	0.5	12.480500
44.833333	0.5	12.417650
44.841667	0.5	12.368450
44.850000	0.5	12.326900
44.858333	0.5	12.284050
44.866667	0.5	12.241050
44.875000	0.5	12.196950
44.883333	0.5	12.157500
44.891667	0.5	12.124750
44.900000	0.5	12.081350
44.908333	0.5	12.043450
44.916667	0.5	12.000050
44.925000	0.5	11.958900
44.933333	0.5	11.908400
44.941667	0.5	11.863850
44.950000	0.5	11.816450
44.958333	0.5	11.767900
44.966667	0.5	11.714800
44.975000	0.5	11.659400
44.983333	0.5	11.601700
44.991667	0.5	11.553550
45.000000	0.5	11.498300
45.008333	0.5	11.444650
45.016667	0.5	11.394650
45.025000	0.5	11.346400
45.033333	0.5	11.300000
45.041667	0.5	11.260500
45.050000	0.5	11.221850
45.058333	0.5	11.182000
45.066667	0.5	11.148050
45.075000	0.5	11.115100
45.083333	0.5	11.092100
45.091667	0.5	11.063200
45.100000	0.5	11.040600
45.108333	0.5	11.023350
45.116667	0.5	11.005450
45.125000	0.5	10.990000
45.133333	0.5	10.979500
45.141667	0.5	10.972300
45.150000	0.5	10.969850
45.158333	0.5	10.963350
45.166667	0.5	10.958050
45.175000	0.5	10.950700
45.183333	0.5	10.952450
45.191667	0.5	10.952400
45.200000	0.5	10.954650
45.208333	0.5	10.957600
45.216667	0.5	10.962850
45.225000	0.5	10.960300
45.233333	0.5	10.973850
45.241667	0.5	10.977450
45.250000	0.5	10.986400
45.258333	0.5	10.999450
45.266667	0.5	11.005350
45.275000	0.5	11.019100
45.283333	0.5	11.019150
45.291667	0.5	11.041300
45.300000	0.5	11.062600
45.308333	0.5	11.087050
45.316667	0.5	11.115150
45.325000	0.5	11.147000
45.333333	0.5	11.187900
45.341667	0.5	11.242300
45.350000	0.5	11.297800
45.358333	0.5	11.379350
45.366667	0.5	11.471850
45.375000	0.5	11.577950
45.383333	0.5	11.710100
45.391667	0.5	11.852400
45.400000	0.5	12.018250
45.408333	0.5	12.202000
45.416667	0.5	12.388700
45.425000	0.5	12.584500
45.433333	0.5	12.787950
45.441667	0.5	12.996900
45.450000	0.5	13.209950
45.458333	0.5	13.422450
45.466667	0.5	13.630950
45.475000	0.5	13.830550
45.483333	0.5	14.027650
45.491667	0.5	14.220800
45.500000	0.5	14.402900
45.508333	0.5	14.566450
45.516667	0.5	14.725950
45.525000	0.5	14.873050
45.533333	0.5	15.009900
45.541667	0.5	15.124550
45.550000	0.5	15.230650
45.558333	0.5	15.322550
45.566667	0.5	15.402250
45.575000	0.5	15.465750
45.583333	0.5	15.516750
45.591667	0.5	15.548850
45.600000	0.5	15.569300
45.608333	0.5	15.571750
45.616667	0.5	15.563950
45.625000	0.5	15.544150
45.633333	0.5	15.506550
45.641667	0.5	15.455750
45.650000	0.5	15.393100
45.658333	0.5	15.311000
45.666667	0.5	15.220400
45.675000	0.5	15.118250
45.683333	0.5	15.003700
45.691667	0.5	14.881750
45.700000	0.5	14.741650
45.708333	0.5	14.602200
45.716667	0.5	14.441750
45.725000	0.5	14.282300
45.733333	0.5	14.108100
45.741667	0.5	13.927900
45.750000	0.5	13.740000
45.758333	0.5	13.552350
45.766667	0.5	13.354250
45.775000	0.5	13.163250
45.783333	0.5	12.976200
45.791667	0.5	12.785100
45.800000	0.5	12.598950
45.808333	0.5	12.424150
45.816667	0.5	12.256150
45.825000	0.5	12.098650
45.833333	0.5	11.949150
45.841667	0.5	11.813600
45.850000	0.5	11.698100
45.858333	0.5	11.587500
45.866667	0.5	11.500350
45.875000	0.5	11.426750
45.883333	0.5	11.372950
45.891667	0.5	11.328550
45.900000	0.5	11.295100
45.908333	0.5	11.285800
45.916667	0.5	11.283800
45.925000	0.5	11.284850
45.933333	0.5	11.306150
45.941667	0.5	11.333900
45.950000	0.5	11.363600
45.958333	0.5	11.406800
45.966667	0.5	11.453100
45.975000	0.5	11.503550
45.983333	0.5	11.561500
45.991667	0.5	11.622250
46.000000	0.5	11.687500
46.008333	0.5	11.757900
46.016667	0.5	11.824350
46.025000	0.5	11.896650
46.033333	0.5	11.978100
46.041667	0.5	12.055850
46.050000	0.5	12.128200
46.058333	0.5	12.210350
46.066667	0.5	12.290700
46.075000	0.5	12.371850
46.083333	0.5	12.450650
46.091667	0.5	12.534200
46.100000	0.5	12.620700
46.108333	0.5	12.692800
46.116667	0.5	12.772950
46.125000	0.5	12.843950
46.133333	0.5	12.917100
46.141667	0.5	12.986800
46.150000	0.5	13.054750
46.158333	0.5	13.109300
46.166667	0.5	13.174200
46.175000	0.5	13.228250
46.183333	0.5	13.274200
46.191667	0.5	13.326750
46.200000	0.5	13.372150
46.208333	0.5	13.406250
46.216667	0.5	13.438750
46.225000	0.5	13.467300
46.233333	0.5	13.486700
46.241667	0.5	13.503000
46.250000	0.5	13.518250
46.258333	0.5	13.520200
46.266667	0.5	13.522750
46.275000	0.5	13.520450
46.283333	0.5	13.513850
46.291667	0.5	13.504200
46.300000	0.5	13.495100
46.308333	0.5	13.474850
46.316667	0.5	13.456650
46.325000	0.5	13.433750
46.333333	0.5	13.405900
46.341667	0.5	13.374900
46.350000	0.5	13.342150
46.358333	0.5	13.306700
46.366667	0.5	13.270050
46.375000	0.5	13.230750
46.383333	0.5	13.191200
46.391667	0.5	13.147950
46.400000	0.5	13.099350
46.408333	0.5	13.051400
46.416667	0.5	12.995150
46.425000	0.5	12.942550
46.433333	0.5	12.883450
46.441667	0.5	12.824050
46.450000	0.5	12.760800
46.458333	0.5	12.698950
46.466667	0.5	12.635050
46.475000	0.5	12.577100
46.483333	0.5	12.514750
46.491667	0.5	12.451600
46.500000	0.5	12.390200
46.508333	0.5	12.336050
46.516667	0.5	12.276950
46.525000	0.5	12.225750
46.533333	0.5	12.178600
46.541667	0.5	12.137800
46.550000	0.5	12.107250
46.558333	0.5	12.086100
46.566667	0.5	12.081200
46.575000	0.5	12.089550
46.583333	0.5	12.111650
46.591667	0.5	12.149950
46.600000	0.5	12.201850
46.608333	0.5	12.276550
46.616667	0.5	12.368000
46.625000	0.5	12.477750
46.633333	0.5	12.600900
46.641667	0.5	12.743300
46.650000	0.5	12.894500
46.658333	0.5	13.044850
46.666667	0.5	13.205400
46.675000	0.5	13.374850
46.683333	0.5	13.535650
46.691667	0.5	13.694950
46.700000	0.5	13.857850
46.708333	0.5	14.017900
46.716667	0.5	14.169700
46.725000	0.5	14.319250
46.733333	0.5	14.460900
46.741667	0.5	14.600950
46.750000	0.5	14.734000
46.758333	0.5	14.854750
46.766667	0.5	14.971000
46.775000	0.5	15.081350
46.783333	0.5	15.185200
46.791667	0.5	15.275050
46.800000	0.5	15.362600
46.808333	0.5	15.435900
46.816667	0.5	15.509750
46.825000	0.5	15.567300
46.833333	0.5	15.619050
46.841667	0.5	15.668300
46.850000	0.5	15.700450
46.858333	0.5	15.735050
46.866667	0.5	15.759150
46.875000	0.5	15.771000
46.883333	0.5	15.779050
46.891667	0.5	15.783300
46.900000	0.5	15.772900
46.908333	0.5	15.758800
46.916667	0.5	15.743550
46.925000	0.5	15.723350
46.933333	0.5	15.687200
46.941667	0.5	15.659700
46.950000	0.5	15.619950
46.958333	0.5	15.575150
46.966667	0.5	15.521700
46.975000	0.5	15.471200
46.983333	0.5	15.404800
46.991667	0.5	15.345450
47.000000	0.5	15.280600
47.008333	0.5	15.215850
47.016667	0.5	15.146850
47.025000	0.5	15.076950
47.033333	0.5	15.013900
47.041667	0.5	14.950450
47.050000	0.5	14.887450
47.058333	0.5	14.839050
47.066667	0.5	14.788900
47.075000	0.5	14.739400
47.083333	0.5	14.702150
47.091667	0.5	14.676600
47.100000	0.5	14.665850
47.108333	0.5	14.669800
47.116667	0.5	14.679250
47.125000	0.5	14.716150
47.133333	0.5	14.763300
47.141667	0.5	14.822650
47.150000	0.5	14.901150
47.158333	0.5	14.983100
47.166667	0.5	15.066100
47.175000	0.5	15.153150
47.183333	0.5	15.248050
47.191667	0.5	15.335950
47.200000	0.5	15.417100
47.208333	0.5	15.496600
47.216667	0.5	15.562450
47.225000	0.5	15.627600
47.233333	0.5	15.677800
47.241667	0.5	15.721200
47.250000	0.5	15.759450
47.258333	0.5	15.782450
47.266667	0.5	15.790050
47.275000	0.5	15.793800
47.283333	0.5	15.782800
47.291667	0.5	15.766400
47.300000	0.5	15.736700
47.308333	0.5	15.690000
47.316667	0.5	15.637450
47.325000	0.5	15.573350
47.333333	0.5	15.500350
47.341667	0.5	15.422450
47.350000	0.5	15.338550
47.358333	0.5	15.229300
47.366667	0.5	15.120250
47.375000	0.5	14.996900
47.383333	0.5	14.869200
47.391667	0.5	14.733700
47.400000	0.5	14.594850
47.408333	0.5	14.448400
47.416667	0.5	14.310800
47.425000	0.5	14.161850
47.433333	0.5	14.015550
47.441667	0.5	13.887550
47.450000	0.5	13.747800
47.458333	0.5	13.614400
47.466667	0.5	13.489600
47.475000	0.5	13.366850
47.483333	0.5	13.259250
47.491667	0.5	13.167900
47.500000	0.5	13.079750
47.508333	0.5	12.998950
47.516667	0.5	12.936900
47.525000	0.5	12.876400
47.533333	0.5	12.837950
47.541667	0.5	12.798550
47.550000	0.5	12.773800
47.558333	0.5	12.755550
47.566667	0.5	12.744600
47.575000	0.5	12.732600
47.583333	0.5	12.735150
47.591667	0.5	12.745850
47.600000	0.5	12.759350
47.608333	0.5	12.786700
47.616667	0.5	12.816800
47.625000	0.5	12.864000
47.633333	0.5	12.917100
47.641667	0.5	12.977600
47.650000	0.5	13.049400
47.658333	0.5	13.130350
47.666667	0.5	13.220600
47.675000	0.5	13.321650
47.683333	0.5	13.424650
47.691667	0.5	13.536600
47.700000	0.5	13.661750
47.708333	0.5	13.795850
47.716667	0.5	13.936800
47.725000	0.5	14.081400
47.733333	0.5	14.226950
47.741667	0.5	14.377750
47.750000	0.5	14.519700
47.758333	0.5	14.659200
47.766667	0.5	14.792850
47.775000	0.5	14.920400
47.783333	0.5	15.037400
47.791667	0.5	15.145600
47.800000	0.5	15.247750
47.808333	0.5	15.329050
47.816667	0.5	15.405400
47.825000	0.5	15.470650
47.833333	0.5	15.523350
47.841667	0.5	15.569900
47.850000	0.5	15.604700
47.858333	0.5	15.629700
47.866667	0.5	15.636900
47.875000	0.5	15.643400
47.883333	0.5	15.626250
47.891667	0.5	15.610700
47.900000	0.5	15.576500
47.908333	0.5	15.539700
47.916667	0.5	15.487500
47.925000	0.5	15.436450
47.933333	0.5	15.367100
47.941667	0.5	15.294550
47.950000	0.5	15.206450
47.958333	0.5	15.116900
47.966667	0.5	15.014700
47.975000	0.5	14.906850
47.983333	0.5	14.792750
47.991667	0.5	14.670750
48.000000	0.5	14.547500
48.008333	0.5	14.409750
48.016667	0.5	14.273250
48.025000	0.5	14.123050
48.033333	0.5	13.970700
48.041667	0.5	13.815300
48.050000	0.5	13.648000
48.058333	0.5	13.481600
48.066667	0.5	13.306700
48.075000	0.5	13.130000
48.083333	0.5	12.955950
48.091667	0.5	12.781200
48.100000	0.5	12.601100
48.108333	0.5	12.427150
48.116667	0.5	12.258700
48.125000	0.5	12.082100
48.133333	0.5	11.916100
48.141667	0.5	11.758750
48.150000	0.5	11.610000
48.158333	0.5	11.470700
48.166667	0.5	11.336000
48.175000	0.5	11.213450
48.183333	0.5	11.099150
48.191667	0.5	10.995300
48.200000	0.5	10.899000
48.208333	0.5	10.807500
48.216667	0.5	10.724050
48.225000	0.5	10.644300
48.233333	0.5	10.575450
48.241667	0.5	10.510900
48.250000	0.5	10.441400
48.258333	0.5	10.382600
48.266667	0.5	10.333750
48.275000	0.5	10.281650
48.283333	0.5	10.233650
48.291667	0.5	10.191800
48.300000	0.5	10.155950
48.308333	0.5	10.118750
48.316667	0.5	10.086850
48.325000	0.5	10.065700
48.333333	0.5	10.042350
48.341667	0.5	10.024500
48.350000	0.5	10.015050
48.358333	0.5	10.007000
48.366667	0.5	10.009500
48.375000	0.5	10.020900
48.383333	0.5	10.031100
48.391667	0.5	10.049200
48.400000	0.5	10.071650
48.408333	0.5	10.094750
48.416667	0.5	10.127050
48.425000	0.5	10.168300
48.433333	0.5	10.213800
48.441667	0.5	10.266300
48.450000	0.5	10.319750
48.458333	0.5	10.385100
48.466667	0.5	10.448950
48.475000	0.5	10.520150
48.483333	0.5	10.592050
48.491667	0.5	10.668300
48.500000	0.5	10.749500
48.508333	0.5	10.835150
48.516667	0.5	10.920950
48.525000	0.5	11.015200
48.533333	0.5	11.111250
48.541667	0.5	11.204950
48.550000	0.5	11.303550
48.558333	0.5	11.397400
48.566667	0.5	11.495900
48.575000	0.5	11.595150
48.583333	0.5	11.693550
48.591667	0.5	11.791050
48.600000	0.5	11.882100
48.608333	0.5	11.972150
48.616667	0.5	12.051750
48.625000	0.5	12.132750
48.633333	0.5	12.206500
48.641667	0.5	12.276150
48.650000	0.5	12.336000
48.658333	0.5	12.395450
48.666667	0.5	12.451050
48.675000	0.5	12.493350
48.683333	0.5	12.537250
48.691667	0.5	12.570650
48.700000	0.5	12.603550
48.708333	0.5	12.633100
48.716667	0.5	12.664100
48.725000	0.5	12.686400
48.733333	0.5	12.717450
48.741667	0.5	12.748350
48.750000	0.5	12.788850
48.758333	0.5	12.832150
48.766667	0.5	12.884250
48.775000	0.5	12.944850
48.783333	0.5	13.007450
48.791667	0.5	13.074500
48.800000	0.5	13.146900
48.808333	0.5	13.220250
48.816667	0.5	13.295150
48.825000	0.5	13.377050
48.833333	0.5	13.450850
48.841667	0.5	13.520700
48.850000	0.5	13.600950
48.858333	0.5	13.670550
48.866667	0.5	13.736100
48.875000	0.5	13.799000
48.883333	0.5	13.867100
48.891667	0.5	13.922900
48.900000	0.5	13.976500
48.908333	0.5	14.029100
48.916667	0.5	14.074250
48.925000	0.5	14.121250
48.933333	0.5	14.162500
48.941667	0.5	14.199050
48.950000	0.5	14.231050
48.958333	0.5	14.260700
48.966667	0.5	14.283400
48.975000	0.5	14.304350
48.983333	0.5	14.319350
48.991667	0.5	14.330850
49.000000	0.5	14.339400
49.008333	0.5	14.344300
49.016667	0.5	14.343500
49.025000	0.5	14.342600
49.033333	0.5	14.334150
49.041667	0.5	14.325350
49.050000	0.5	14.313700
49.058333	0.5	14.299150
49.066667	0.5	14.286700
49.075000	0.5	14.267250
49.083333	0.5	14.236150
49.091667	0.5	14.210800
49.100000	0.5	14.184750
49.108333	0.5	14.148650
49.116667	0.5	14.113850
49.125000	0.5	14.080500
49.133333	0.5	14.035250
49.141667	0.5	13.988750
49.150000	0.5	13.938650
49.158333	0.5	13.879850
49.166667	0.5	13.815800
49.175000	0.5	13.737050
49.183333	0.5	13.645750
49.191667	0.5	13.555750
49.200000	0.5	13.451750
49.208333	0.5	13.350400
49.216667	0.5	13.240450
49.225000	0.5	13.126100
49.233333	0.5	13.024450
49.241667	0.5	12.907200
49.250000	0.5	12.803100
49.258333	0.5	12.704050
49.266667	0.5	12.616450
49.275000	0.5	12.529800
49.283333	0.5	12.456900
49.291667	0.5	12.387700
49.300000	0.5	12.320000
49.308333	0.5	12.275900
49.316667	0.5	12.234400
49.325000	0.5	12.204250
49.333333	0.5	12.180200
49.341667	0.5	12.175900
49.350000	0.5	12.172350
49.358333	0.5	12.195900
49.366667	0.5	12.220950
49.375000	0.5	12.259650
49.383333	0.5	12.318950
49.391667	0.5	12.385300
49.400000	0.5	12.474150
49.408333	0.5	12.566400
49.416667	0.5	12.681950
49.425000	0.5	12.811400
49.433333	0.5	12.953750
49.441667	0.5	13.108750
49.450000	0.5	13.272900
49.458333	0.5	13.439550
49.466667	0.5	13.614150
49.475000	0.5	13.791250
49.483333	0.5	13.967450
49.491667	0.5	14.139900
49.500000	0.5	14.314900
49.508333	0.5	14.474850
49.516667	0.5	14.627200
49.525000	0.5	14.782950
49.533333	0.5	14.917150
49.541667	0.5	15.040150
49.550000	0.5	15.157550
49.558333	0.5	15.259350
49.566667	0.5	15.351050
49.575000	0.5	15.437050
49.583333	0.5	15.506400
49.591667	0.5	15.568750
49.600000	0.5	15.610450
49.608333	0.5	15.643350
49.616667	0.5	15.667500
49.625000	0.5	15.672600
49.633333	0.5	15.670800
49.641667	0.5	15.658050
49.650000	0.5	15.639500
49.658333	0.5	15.601300
49.666667	0.5	15.543150
49.675000	0.5	15.481950
49.683333	0.5	15.400000
49.691667	0.5	15.308100
49.700000	0.5	15.203200
49.708333	0.5	15.095750
49.716667	0.5	14.974100
49.725000	0.5	14.849700
49.733333	0.5	14.720950
49.741667	0.5	14.595050
49.750000	0.5	14.489100
49.758333	0.5	14.376500
49.766667	0.5	14.284150
49.775000	0.5	14.221050
49.783333	0.5	14.174450
49.791667	0.5	14.158750
49.800000	0.5	14.169050
49.808333	0.5	14.203200
49.816667	0.5	14.255700
49.825000	0.5	14.335700
49.833333	0.5	14.421550
49.841667	0.5	14.521650
49.850000	0.5	14.634550
49.858333	0.5	14.742850
49.866667	0.5	14.853100
49.875000	0.5	14.966400
49.883333	0.5	15.077950
49.891667	0.5	15.174400
49.900000	0.5	15.271950
49.908333	0.5	15.363000
49.916667	0.5	15.442200
49.925000	0.5	15.521750
49.933333	0.5	15.589700
49.941667	0.5	15.642650
49.950000	0.5	15.684900
49.958333	0.5	15.731450
49.966667	0.5	15.762200
49.975000	0.5	15.777800
49.983333	0.5	15.788200
49.991667	0.5	15.796600
50.000000	0.5	15.789750
50.008333	0.5	15.767200
50.016667	0.5	15.742050
50.025000	0.5	15.717350
50.033333	0.5	15.674800
50.041667	0.5	15.621800
50.050000	0.5	15.565850
50.058333	0.5	15.491650
50.066667	0.5	15.426800
50.075000	0.5	15.341050
50.083333	0.5	15.246950
50.091667	0.5	15.149100
50.100000	0.5	15.041950
50.108333	0.5	14.936950
50.116667	0.5	14.817900
50.125000	0.5	14.700050
50.133333	0.5	14.570700
50.141667	0.5	14.437750
50.150000	0.5	14.313150
50.158333	0.5	14.170500
50.166667	0.5	14.024500
50.175000	0.5	13.876800
50.183333	0.5	13.726050
50.191667	0.5	13.577750
50.200000	0.5	13.434800
50.208333	0.5	13.277000
50.216667	0.5	13.131400
50.225000	0.5	12.979950
50.233333	0.5	12.831000
50.241667	0.5	12.689250
50.250000	0.5	12.553150
50.258333	0.5	12.420050
50.266667	0.5	12.295250
50.275000	0.5	12.179550
50.283333	0.5	12.071000
50.291667	0.5	11.973600
50.300000	0.5	11.883550
50.308333	0.5	11.801050
50.316667	0.5	11.731650
50.325000	0.5	11.669500
50.333333	0.5	11.606750
50.341667	0.5	11.554450
50.350000	0.5	11.510050
50.358333	0.5	11.476900
50.366667	0.5	11.451200
50.375000	0.5	11.426500
50.383333	0.5	11.408400
50.391667	0.5	11.394050
50.400000	0.5	11.388950
50.408333	0.5	11.382850
50.416667	0.5	11.386800
50.425000	0.5	11.386050
50.433333	0.5	11.393450
50.441667	0.5	11.404250
50.450000	0.5	11.413050
50.458333	0.5	11.424550
50.466667	0.5	11.431950
50.475000	0.5	11.455250
50.483333	0.5	11.465350
50.491667	0.5	11.478350
50.500000	0.5	11.496500
50.508333	0.5	11.523350
50.516667	0.5	11.535500
50.525000	0.5	11.553200
50.533333	0.5	11.566050
50.541667	0.5	11.585700
50.550000	0.5	11.601000
50.558333	0.5	11.614900
50.566667	0.5	11.626400
50.575000	0.5	11.643500
50.583333	0.5	11.666050
50.591667	0.5	11.677700
50.600000	0.5	11.700200
50.608333	0.5	11.719200
50.616667	0.5	11.739600
50.625000	0.5	11.761500
50.633333	0.5	11.789850
50.641667	0.5	11.813650
50.650000	0.5	11.846700
50.658333	0.5	11.886200
50.666667	0.5	11.933300
50.675000	0.5	11.984250
50.683333	0.5	12.040250
50.691667	0.5	12.109000
50.700000	0.5	12.185750
50.708333	0.5	12.262350
50.716667	0.5	12.355500
50.725000	0.5	12.450150
50.733333	0.5	12.563550
50.741667	0.5	12.668250
50.750000	0.5	12.787250
50.758333	0.5	12.899300
50.766667	0.5	13.013050
50.775000	0.5	13.131500
50.783333	0.5	13.244350
50.791667	0.5	13.343500
50.800000	0.5	13.447750
50.808333	0.5	13.530050
50.816667	0.5	13.613750
50.825000	0.5	13.688550
50.833333	0.5	13.761750
50.841667	0.5	13.821200
50.850000	0.5	13.876050
50.858333	0.5	13.932250
50.866667	0.5	13.986450
50.875000	0.5	14.028350
50.883333	0.5	14.069900
50.891667	0.5	14.107250
50.900000	0.5	14.140100
50.908333	0.5	14.172250
50.916667	0.5	14.191800
50.925000	0.5	14.217500
50.933333	0.5	14.232950
50.941667	0.5	14.244350
50.950000	0.5	14.252000
50.958333	0.5	14.260550
50.966667	0.5	14.263000
50.975000	0.5	14.255600
50.983333	0.5	14.246150
50.991667	0.5	14.236950
51.000000	0.5	14.215800
51.008333	0.5	14.191000
51.016667	0.5	14.160800
51.025000	0.5	14.133950
51.033333	0.5	14.095400
51.041667	0.5	14.048350
51.050000	0.5	13.999700
51.058333	0.5	13.943800
51.066667	0.5	13.881250
51.075000	0.5	13.816550
51.083333	0.5	13.745450
51.091667	0.5	13.669200
51.100000	0.5	13.590400
51.108333	0.5	13.497250
51.116667	0.5	13.408950
51.125000	0.5	13.317400
51.133333	0.5	13.229250
51.141667	0.5	13.137750
51.150000	0.5	13.065000
51.158333	0.5	13.002400
51.166667	0.5	12.996800
51.175000	0.5	13.129600
51.183333	0.5	13.439050
51.191667	0.5	13.805900
51.200000	0.5	14.026850
51.208333	0.5	13.939350
51.216667	0.5	13.682200
51.225000	0.5	13.408800
51.233333	0.5	13.187650
51.241667	0.5	13.021750
51.250000	0.5	12.875100
51.258333	0.5	12.719050
51.266667	0.5	12.545750
51.275000	0.5	12.335400
51.283333	0.5	12.119000
51.291667	0.5	11.957500
51.300000	0.5	11.844650
51.308333	0.5	11.769250
51.316667	0.5	11.713350
51.325000	0.5	11.659000
51.333333	0.5	11.616400
51.341667	0.5	11.580100
51.350000	0.5	11.529950
51.358333	0.5	11.489450
51.366667	0.5	11.461600
51.375000	0.5	11.422200
51.383333	0.5	11.387100
51.391667	0.5	11.359400
51.400000	0.5	11.327050
51.408333	0.5	11.303900
51.416667	0.5	11.275150
51.425000	0.5	11.252500
51.433333	0.5	11.236300
51.441667	0.5	11.221250
51.450000	0.5	11.203300
51.458333	0.5	11.191300
51.466667	0.5	11.176850
51.475000	0.5	11.167850
51.483333	0.5	11.161350
51.491667	0.5	11.155850
51.500000	0.5	11.151000
51.508333	0.5	11.146200
51.516667	0.5	11.148950
51.525000	0.5	11.149650
51.533333	0.5	11.156700
51.541667	0.5	11.167050
51.550000	0.5	11.174400
51.558333	0.5	11.182750
51.566667	0.5	11.200400
51.575000	0.5	11.213300
51.583333	0.5	11.231100
51.591667	0.5	11.248100
51.600000	0.5	11.269200
51.608333	0.5	11.299250
51.616667	0.5	11.324100
51.625000	0.5	11.356650
51.633333	0.5	11.397250
51.641667	0.5	11.428550
51.650000	0.5	11.466950
51.658333	0.5	11.512800
51.666667	0.5	11.560800
51.675000	0.5	11.602100
51.683333	0.5	11.661550
51.691667	0.5	11.711850
51.700000	0.5	11.773550
51.708333	0.5	11.838500
51.716667	0.5	11.906600
51.725000	0.5	11.975700
51.733333	0.5	12.040950
51.741667	0.5	12.118900
51.750000	0.5	12.203050
51.758333	0.5	12.274450
51.766667	0.5	12.356950
51.775000	0.5	12.442150
51.783333	0.5	12.523050
51.791667	0.5	12.613400
51.800000	0.5	12.700750
51.808333	0.5	12.791100
51.816667	0.5	12.879950
51.825000	0.5	12.973100
51.833333	0.5	13.067150
51.841667	0.5	13.163250
51.850000	0.5	13.258950
51.858333	0.5	13.347650
51.866667	0.5	13.444150
51.875000	0.5	13.529200
51.883333	0.5	13.626050
51.891667	0.5	13.717200
51.900000	0.5	13.804150
51.908333	0.5	13.880900
51.916667	0.5	13.961100
51.925000	0.5	14.038700
51.933333	0.5	14.111100
51.941667	0.5	14.182250
51.950000	0.5	14.243950
51.958333	0.5	14.294950
51.966667	0.5	14.350950
51.975000	0.5	14.397800
51.983333	0.5	14.438700
51.991667	0.5	14.464200
52.000000	0.5	14.484950
52.008333	0.5	14.505200
52.016667	0.5	14.515500
52.025000	0.5	14.518300
52.033333	0.5	14.522700
52.041667	0.5	14.519950
52.050000	0.5	14.514550
52.058333	0.5	14.511800
52.066667	0.5	14.506100
52.075000	0.5	14.513600
52.083333	0.5	14.513100
52.091667	0.5	14.528050
52.100000	0.5	14.544850
52.108333	0.5	14.564600
52.116667	0.5	14.587550
52.125000	0.5	14.614700
52.133333	0.5	14.648150
52.141667	0.5	14.679100
52.150000	0.5	14.709500
52.158333	0.5	14.744450
52.166667	0.5	14.772750
52.175000	0.5	14.802650
52.183333	0.5	14.830850
52.191667	0.5	14.849650
52.200000	0.5	14.864300
52.208333	0.5	14.877500
52.216667	0.5	14.886950
52.225000	0.5	14.895200
52.233333	0.5	14.894100
52.241667	0.5	14.897300
52.250000	0.5	14.879100
52.258333	0.5	14.869050
52.266667	0.5	14.849300
52.275000	0.5	14.827750
52.283333	0.5	14.801700
52.291667	0.5	14.769550
52.300000	0.5	14.734900
52.308333	0.5	14.694750
52.316667	0.5	14.645400
52.325000	0.5	14.603300
52.333333	0.5	14.543050
52.341667	0.5	14.486650
52.350000	0.5	14.426400
52.358333	0.5	14.361550
52.366667	0.5	14.305550
52.375000	0.5	14.230800
52.383333	0.5	14.162750
52.391667	0.5	14.085700
52.400000	0.5	14.001850
52.408333	0.5	13.922300
52.416667	0.5	13.846550
52.425000	0.5	13.765100
52.433333	0.5	13.683950
52.441667	0.5	13.598250
52.450000	0.5	13.511300
52.458333	0.5	13.425900
52.466667	0.5	13.342600
52.475000	0.5	13.252300
52.483333	0.5	13.169100
52.491667	0.5	13.087150
52.500000	0.5	13.005950
52.508333	0.5	12.934800
52.516667	0.5	12.857750
52.525000	0.5	12.786350
52.533333	0.5	12.714900
52.541667	0.5	12.642150
52.550000	0.5	12.565050
52.558333	0.5	12.488300
52.566667	0.5	12.405750
52.575000	0.5	12.324650
52.583333	0.5	12.239100
52.591667	0.5	12.165650
52.600000	0.5	12.103700
52.608333	0.5	12.059750
52.616667	0.5	12.047250
52.625000	0.5	12.054900
52.633333	0.5	12.094550
52.641667	0.5	12.151250
52.650000	0.5	12.208000
52.658333	0.5	12.270650
52.666667	0.5	12.317350
52.675000	0.5	12.374100
52.683333	0.5	12.437650
52.691667	0.5	12.505400
52.700000	0.5	12.569000
52.708333	0.5	12.630500
52.716667	0.5	12.678900
52.725000	0.5	12.707950
52.733333	0.5	12.719500
52.741667	0.5	12.702200
52.750000	0.5	12.650100
52.758333	0.5	12.591800
52.766667	0.5	12.521250
52.775000	0.5	12.432650
52.783333	0.5	12.353700
52.791667	0.5	12.277550
52.800000	0.5	12.211550
52.808333	0.5	12.152150
52.816667	0.5	12.109550
52.825000	0.5	12.063000
52.833333	0.5	12.033250
52.841667	0.5	12.004100
52.850000	0.5	11.984350
52.858333	0.5	11.972100
52.866667	0.5	11.970000
52.875000	0.5	11.967250
52.883333	0.5	11.975200
52.891667	0.5	11.987700
52.900000	0.5	12.012250
52.908333	0.5	12.029250
52.916667	0.5	12.047750
52.925000	0.5	12.081850
52.933333	0.5	12.116850
52.941667	0.5	12.154400
52.950000	0.5	12.191250
52.958333	0.5	12.242000
52.966667	0.5	12.286150
52.975000	0.5	12.327550
52.983333	0.5	12.374000
52.991667	0.5	12.427350
53.000000	0.5	12.480950
53.008333	0.5	12.535250
53.016667	0.5	12.587050
53.025000	0.5	12.633450
53.033333	0.5	12.693400
53.041667	0.5	12.742000
53.050000	0.5	12.797750
53.058333	0.5	12.847550
53.066667	0.5	12.893950
53.075000	0.5	12.946350
53.083333	0.5	13.000950
53.091667	0.5	13.043350
53.100000	0.5	13.091650
53.108333	0.5	13.135850
53.116667	0.5	13.173100
53.125000	0.5	13.218000
53.133333	0.5	13.255950
53.141667	0.5	13.292450
53.150000	0.5	13.327400
53.158333	0.5	13.364500
53.166667	0.5	13.398450
53.175000	0.5	13.424150
53.183333	0.5	13.449100
53.191667	0.5	13.480850
53.200000	0.5	13.508900
53.208333	0.5	13.525850
53.216667	0.5	13.548650
53.225000	0.5	13.566650
53.233333	0.5	13.590000
53.241667	0.5	13.601350
53.250000	0.5	13.617400
53.258333	0.5	13.633800
53.266667	0.5	13.648850
53.275000	0.5	13.652150
53.283333	0.5	13.676300
53.291667	0.5	13.683000
53.300000	0.5	13.691050
53.308333	0.5	13.697200
53.316667	0.5	13.700800
53.325000	0.5	13.708850
53.333333	0.5	13.710550
53.341667	0.5	13.719400
53.350000	0.5	13.719800
53.358333	0.5	13.724800
53.366667	0.5	13.722450
53.375000	0.5	13.738600
53.383333	0.5	13.737450
53.391667	0.5	13.742100
53.400000	0.5	13.740550
53.408333	0.5	13.749100
53.416667	0.5	13.752500
53.425000	0.5	13.760500
53.433333	0.5	13.761700
53.441667	0.5	13.767800
53.450000	0.5	13.777300
53.458333	0.5	13.785750
53.466667	0.5	13.790950
53.475000	0.5	13.798700
53.483333	0.5	13.803600
53.491667	0.5	13.805800
53.500000	0.5	13.812600
53.508333	0.5	13.814650
53.516667	0.5	13.820300
53.525000	0.5	13.819750
53.533333	0.5	13.828100
53.541667	0.5	13.824400
53.550000	0.5	13.825800
53.558333	0.5	13.826400
53.566667	0.5	13.819250
53.575000	0.5	13.816650
53.583333	0.5	13.815000
53.591667	0.5	13.813300
53.600000	0.5	13.812050
53.608333	0.5	13.798150
53.616667	0.5	13.797500
53.625000	0.5	13.789200
53.633333	0.5	13.779750
53.641667	0.5	13.770300
53.650000	0.5	13.765400
53.658333	0.5	13.737900
53.666667	0.5	13.736700
53.675000	0.5	13.718750
53.683333	0.5	13.704750
53.691667	0.5	13.693100
53.700000	0.5	13.675850
53.708333	0.5	13.670350
53.716667	0.5	13.640750
53.725000	0.5	13.625050
53.733333	0.5	13.607050
53.741667	0.5	13.586800
53.750000	0.5	13.567400
53.758333	0.5	13.546550
53.766667	0.5	13.527800
53.775000	0.5	13.508800
53.783333	0.5	13.495950
53.791667	0.5	13.466200
53.800000	0.5	13.444600
53.808333	0.5	13.424400
53.816667	0.5	13.395000
53.825000	0.5	13.375600
53.833333	0.5	13.350100
53.841667	0.5	13.326450
53.850000	0.5	13.308700
53.858333	0.5	13.285650
53.866667	0.5	13.259750
53.875000	0.5	13.232400
53.883333	0.5	13.211200
53.891667	0.5	13.188850
53.900000	0.5	13.166500
53.908333	0.5	13.143900
53.916667	0.5	13.123150
53.925000	0.5	13.096500
53.933333	0.5	13.073550
53.941667	0.5	13.054650
53.950000	0.5	13.029500
53.958333	0.5	13.013000
53.966667	0.5	12.985000
53.975000	0.5	12.960150
53.983333	0.5	12.935350
53.991667	0.5	12.911800
54.000000	0.5	12.882850
54.008333	0.5	12.873850
54.016667	0.5	12.846300
54.025000	0.5	12.819850
54.033333	0.5	12.796400
54.041667	0.5	12.779350
54.050000	0.5	12.759900
54.058333	0.5	12.730400
54.066667	0.5	12.702550
54.075000	0.5	12.674700
54.083333	0.5	12.655050
54.091667	0.5	12.632650
54.100000	0.5	12.608250
54.108333	0.5	12.577900
54.116667	0.5	12.554700
54.125000	0.5	12.530200
54.133333	0.5	12.503400
54.141667	0.5	12.478300
54.150000	0.5	12.460450
54.158333	0.5	12.439550
54.166667	0.5	12.413150
54.175000	0.5	12.388350
54.183333	0.5	12.362050
54.191667	0.5	12.344300
54.200000	0.5	12.319550
54.208333	0.5	12.292100
54.216667	0.5	12.274350
54.225000	0.5	12.259000
54.233333	0.5	12.229250
54.241667	0.5	12.217250
54.250000	0.5	12.194100
54.258333	0.5	12.176100
54.266667	0.5	12.158050
54.275000	0.5	12.139300
54.283333	0.5	12.118000
54.291667	0.5	12.106550
54.300000	0.5	12.095950
54.308333	0.5	12.079600
54.316667	0.5	12.070100
54.325000	0.5	12.055500
54.333333	0.5	12.041750
54.341667	0.5	12.039850
54.350000	0.5	12.031200
54.358333	0.5	12.025450
54.366667	0.5	12.018100
54.375000	0.5	12.012800
54.383333	0.5	12.009250
54.391667	0.5	12.008050
54.400000	0.5	11.998600
54.408333	0.5	12.014600
54.416667	0.5	12.018600
54.425000	0.5	12.026400
54.433333	0.5	12.041150
54.441667	0.5	12.053850
54.450000	0.5	12.075100
54.458333	0.5	12.107050
54.466667	0.5	12.132750
54.475000	0.5	12.177200
54.483333	0.5	12.219200
54.491667	0.5	12.278250
54.500000	0.5	12.342350
54.508333	0.5	12.413650
54.516667	0.5	12.486950
54.525000	0.5	12.574950
54.533333	0.5	12.664300
54.541667	0.5	12.757100
54.550000	0.5	12.851500
54.558333	0.5	12.959500
54.566667	0.5	13.070700
54.575000	0.5	13.175400
54.583333	0.5	13.282100
54.591667	0.5	13.399850
54.600000	0.5	13.506900
54.608333	0.5	13.625350
54.616667	0.5	13.734300
54.625000	0.5	13.846900
54.633333	0.5	13.961750
54.641667	0.5	14.074550
54.650000	0.5	14.178800
54.658333	0.5	14.293100
54.666667	0.5	14.396000
54.675000	0.5	14.490500
54.683333	0.5	14.595550
54.691667	0.5	14.681800
54.700000	0.5	14.775850
54.708333	0.5	14.858450
54.716667	0.5	14.941600
54.725000	0.5	15.022550
54.733333	0.5	15.090750
54.741667	0.5	15.162400
54.750000	0.5	15.229250
54.758333	0.5	15.290000
54.766667	0.5	15.342950
54.775000	0.5	15.405300
54.783333	0.5	15.449500
54.791667	0.5	15.493700
54.800000	0.5	15.533550
54.808333	0.5	15.570650
54.816667	0.5	15.615300
54.825000	0.5	15.649950
54.833333	0.5	15.681000
54.841667	0.5	15.703200
54.850000	0.5	15.723700
54.858333	0.5	15.737350
54.866667	0.5	15.752200
54.875000	0.5	15.766800
54.883333	0.5	15.768050
54.891667	0.5	15.769100
54.900000	0.5	15.769900
54.908333	0.5	15.757450
54.916667	0.5	15.746950
54.925000	0.5	15.734850
54.933333	0.5	15.714550
54.941667	0.5	15.687100
54.950000	0.5	15.648850
54.958333	0.5	15.620200
54.966667	0.5	15.579500
54.975000	0.5	15.545850
54.983333	0.5	15.497450
54.991667	0.5	15.441750
55.000000	0.5	15.382150
55.008333	0.5	15.322400
55.016667	0.5	15.260100
55.025000	0.5	15.182500
55.033333	0.5	15.115750
55.041667	0.5	15.019850
55.050000	0.5	14.932600
55.058333	0.5	14.839750
55.066667	0.5	14.740800
55.075000	0.5	14.627150
55.083333	0.5	14.517000
55.091667	0.5	14.405600
55.100000	0.5	14.291450
55.108333	0.5	14.186500
55.116667	0.5	14.063250
55.125000	0.5	13.955650
55.133333	0.5	13.843950
55.141667	0.5	13.742600
55.150000	0.5	13.661150
55.158333	0.5	13.573200
55.166667	0.5	13.501300
55.175000	0.5	13.442150
55.183333	0.5	13.401500
55.191667	0.5	13.362150
55.200000	0.5	13.341400
55.208333	0.5	13.330050
55.216667	0.5	13.325450
55.225000	0.5	13.325100
55.233333	0.5	13.337800
55.241667	0.5	13.355500
55.250000	0.5	13.380300
55.258333	0.5	13.407950
55.266667	0.5	13.445000
55.275000	0.5	13.480400
55.283333	0.5	13.508500
55.291667	0.5	13.557400
55.300000	0.5	13.592350
55.308333	0.5	13.621800
55.316667	0.5	13.660550
55.325000	0.5	13.691700
55.333333	0.5	13.722800
55.341667	0.5	13.763900
55.350000	0.5	13.790950
55.358333	0.5	13.818950
55.366667	0.5	13.836600
55.375000	0.5	13.869850
55.383333	0.5	13.884050
55.391667	0.5	13.903700
55.400000	0.5	13.924200
55.408333	0.5	13.940000
55.416667	0.5	13.954750
55.425000	0.5	13.959700
55.433333	0.5	13.966300
55.441667	0.5	13.973500
55.450000	0.5	13.976400
55.458333	0.5	13.975750
55.466667	0.5	13.970150
55.475000	0.5	13.958650
55.483333	0.5	13.958950
55.491667	0.5	13.942700
55.500000	0.5	13.922000
55.508333	0.5	13.909050
55.516667	0.5	13.879950
55.525000	0.5	13.850500
55.533333	0.5	13.827250
55.541667	0.5	13.794450
55.550000	0.5	13.753450
55.558333	0.5	13.707350
55.566667	0.5	13.673450
55.575000	0.5	13.625700
55.583333	0.5	13.575750
55.591667	0.5	13.539150
55.600000	0.5	13.483450
55.608333	0.5	13.431850
55.616667	0.5	13.383050
55.625000	0.5	13.337800
55.633333	0.5	13.286650
55.641667	0.5	13.244750
55.650000	0.5	13.203050
55.658333	0.5	13.158550
55.666667	0.5	13.115650
55.675000	0.5	13.087100
55.683333	0.5	13.052000
55.691667	0.5	13.018000
55.700000	0.5	12.992650
55.708333	0.5	12.963850
55.716667	0.5	12.940100
55.725000	0.5	12.922350
55.733333	0.5	12.908100
55.741667	0.5	12.889050
55.750000	0.5	12.876950
55.758333	0.5	12.863400
55.766667	0.5	12.854400
55.775000	0.5	12.853150
55.783333	0.5	12.847550
55.791667	0.5	12.833700
55.800000	0.5	12.831950
55.808333	0.5	12.828000
55.816667	0.5	12.827600
55.825000	0.5	12.822750
55.833333	0.5	12.815050
55.841667	0.5	12.814800
55.850000	0.5	12.822000
55.858333	0.5	12.820450
55.866667	0.5	12.816500
55.875000	0.5	12.815550
55.883333	0.5	12.824600
55.891667	0.5	12.827900
55.900000	0.5	12.831150
55.908333	0.5	12.820750
55.916667	0.5	12.820550
55.925000	0.5	12.826000
55.933333	0.5	12.828350
55.941667	0.5	12.834100
55.950000	0.5	12.839000
55.958333	0.5	12.833000
55.966667	0.5	12.834200
55.975000	0.5	12.830400
55.983333	0.5	12.827950
55.991667	0.5	12.828050
56.000000	0.5	12.837150
56.008333	0.5	12.831500
56.016667	0.5	12.827900
56.025000	0.5	12.825850
56.033333	0.5	12.820400
56.041667	0.5	12.816000
56.050000	0.5	12.803100
56.058333	0.5	12.798600
56.066667	0.5	12.797800
56.075000	0.5	12.779250
56.083333	0.5	12.768350
56.091667	0.5	12.754050
56.100000	0.5	12.741450
56.108333	0.5	12.723600
56.116667	0.5	12.712750
56.125000	0.5	12.687000
56.133333	0.5	12.660100
56.141667	0.5	12.650550
56.150000	0.5	12.621200
56.158333	0.5	12.598550
56.166667	0.5	12.571200
56.175000	0.5	12.545750
56.183333	0.5	12.516950
56.191667	0.5	12.496650
56.200000	0.5	12.461750
56.208333	0.5	12.436450
56.216667	0.5	12.409550
56.225000	0.5	12.379450
56.233333	0.5	12.355750
56.241667	0.5	12.327550
56.250000	0.5	12.297650
56.258333	0.5	12.278550
56.266667	0.5	12.254050
56.275000	0.5	12.226450
56.283333	0.5	12.204150
56.291667	0.5	12.180550
56.300000	0.5	12.162050
56.308333	0.5	12.137750
56.316667	0.5	12.120350
56.325000	0.5	12.104000
56.333333	0.5	12.090150
56.341667	0.5	12.075950
56.350000	0.5	12.062050
56.358333	0.5	12.055700
56.366667	0.5	12.049450
56.375000	0.5	12.040300
56.383333	0.5	12.033400
56.391667	0.5	12.018250
56.400000	0.5	12.009900
56.408333	0.5	12.009550
56.416667	0.5	12.005400
56.425000	0.5	11.995700
56.433333	0.5	11.989300
56.441667	0.5	11.995500
56.450000	0.5	11.999450
56.458333	0.5	11.982700
56.466667	0.5	11.980550
56.475000	0.5	11.971500
56.483333	0.5	11.970100
56.491667	0.5	11.964650
56.500000	0.5	11.959700
56.508333	0.5	11.954800
56.516667	0.5	11.945900
56.525000	0.5	11.949400
56.533333	0.5	11.939750
56.541667	0.5	11.939450
56.550000	0.5	11.932350
56.558333	0.5	11.921400
56.566667	0.5	11.916600
56.575000	0.5	11.904000
56.583333	0.5	11.898450
56.591667	0.5	11.901850
56.600000	0.5	11.883550
56.608333	0.5	11.877500
56.616667	0.5	11.878350
56.625000	0.5	11.873750
56.633333	0.5	11.876100
56.641667	0.5	11.882000
56.650000	0.5	11.883800
56.658333	0.5	11.891400
56.666667	0.5	11.903750
56.675000	0.5	11.920550
56.683333	0.5	11.944900
56.691667	0.5	11.981850
56.700000	0.5	12.022250
56.708333	0.5	12.074000
56.716667	0.5	12.132700
56.725000	0.5	12.200000
56.733333	0.5	12.275600
56.741667	0.5	12.362650
56.750000	0.5	12.455950
56.758333	0.5	12.552850
56.766667	0.5	12.655300
56.775000	0.5	12.762350
56.783333	0.5	12.867850
56.791667	0.5	12.977400
56.800000	0.5	13.078050
56.808333	0.5	13.185300
56.816667	0.5	13.293150
56.825000	0.5	13.400000
56.833333	0.5	13.506350
56.841667	0.5	13.610600
56.850000	0.5	13.711550
56.858333	0.5	13.827150
56.866667	0.5	13.933750
56.875000	0.5	14.028200
56.883333	0.5	14.129500
56.891667	0.5	14.215900
56.900000	0.5	14.308950
56.908333	0.5	14.393850
56.916667	0.5	14.464100
56.925000	0.5	14.546400
56.933333	0.5	14.608450
56.941667	0.5	14.673550
56.950000	0.5	14.731100
56.958333	0.5	14.770800
56.966667	0.5	14.813550
56.975000	0.5	14.856600
56.983333	0.5	14.881850
56.991667	0.5	14.912100
57.000000	0.5	14.921350
57.008333	0.5	14.934700
57.016667	0.5	14.945800
57.025000	0.5	14.943250
57.033333	0.5	14.935550
57.041667	0.5	14.934400
57.050000	0.5	14.917250
57.058333	0.5	14.900600
57.066667	0.5	14.878500
57.075000	0.5	14.851450
57.083333	0.5	14.830600
57.091667	0.5	14.813000
57.100000	0.5	14.777650
57.108333	0.5	14.752900
57.116667	0.5	14.729500
57.125000	0.5	14.702800
57.133333	0.5	14.679500
57.141667	0.5	14.664150
57.150000	0.5	14.645400
57.158333	0.5	14.627000
57.166667	0.5	14.635500
57.175000	0.5	14.630400
57.183333	0.5	14.637800
57.191667	0.5	14.647200
57.200000	0.5	14.669150
57.208333	0.5	14.693650
57.216667	0.5	14.715400
57.225000	0.5	14.739450
57.233333	0.5	14.772050
57.241667	0.5	14.807600
57.250000	0.5	14.836300
57.258333	0.5	14.876100
57.266667	0.5	14.909250
57.275000	0.5	14.941100
57.283333	0.5	14.971600
57.291667	0.5	14.997000
57.300000	0.5	15.023750
57.308333	0.5	15.048000
57.316667	0.5	15.059500
57.325000	0.5	15.075200
57.333333	0.5	15.086200
57.341667	0.5	15.092600
57.350000	0.5	15.089800
57.358333	0.5	15.090850
57.366667	0.5	15.082150
57.375000	0.5	15.075550
57.383333	0.5	15.055650
57.391667	0.5	15.031950
57.400000	0.5	15.005550
57.408333	0.5	14.986600
57.416667	0.5	14.947250
57.425000	0.5	14.901850
57.433333	0.5	14.856850
57.441667	0.5	14.798750
57.450000	0.5	14.754200
57.458333	0.5	14.691350
57.466667	0.5	14.622000
57.475000	0.5	14.554350
57.483333	0.5	14.484200
57.491667	0.5	14.404300
57.500000	0.5	14.327400
57.508333	0.5	14.254900
57.516667	0.5	14.162550
57.525000	0.5	14.080750
57.533333	0.5	13.990900
57.541667	0.5	13.905800
57.550000	0.5	13.815900
57.558333	0.5	13.733450
57.566667	0.5	13.655100
57.575000	0.5	13.579600
57.583333	0.5	13.501300
57.591667	0.5	13.435250
57.600000	0.5	13.373300
57.608333	0.5	13.312050
57.616667	0.5	13.252700
57.625000	0.5	13.196650
57.633333	0.5	13.146100
57.641667	0.5	13.101650
57.650000	0.5	13.061350
57.658333	0.5	13.023750
57.666667	0.5	12.993100
57.675000	0.5	12.961800
57.683333	0.5	12.933050
57.691667	0.5	12.902800
57.700000	0.5	12.882100
57.708333	0.5	12.855850
57.716667	0.5	12.835500
57.725000	0.5	12.807500
57.733333	0.5	12.791550
57.741667	0.5	12.772400
57.750000	0.5	12.751750
57.758333	0.5	12.731100
57.766667	0.5	12.710100
57.775000	0.5	12.686300
57.783333	0.5	12.671000
57.791667	0.5	12.647250
57.800000	0.5	12.636550
57.808333	0.5	12.612450
57.816667	0.5	12.589600
57.825000	0.5	12.568150
57.833333	0.5	12.543350
57.841667	0.5	12.523900
57.850000	0.5	12.499450
57.858333	0.5	12.478300
57.866667	0.5	12.452200
57.875000	0.5	12.433950
57.883333	0.5	12.416650
57.891667	0.5	12.398800
57.900000	0.5	12.377000
57.908333	0.5	12.346200
57.916667	0.5	12.325650
57.925000	0.5	12.314350
57.933333	0.5	12.292400
57.941667	0.5	12.266300
57.950000	0.5	12.250100
57.958333	0.5	12.241850
57.966667	0.5	12.214350
57.975000	0.5	12.205450
57.983333	0.5	12.200750
57.991667	0.5	12.192800
58.000000	0.5	12.183200
58.008333	0.5	12.170850
58.016667	0.5	12.163050
58.025000	0.5	12.151500
58.033333	0.5	12.149850
58.041667	0.5	12.146000
58.050000	0.5	12.143150
58.058333	0.5	12.147800
58.066667	0.5	12.147400
58.075000	0.5	12.153100
58.083333	0.5	12.157600
58.091667	0.5	12.169350
58.100000	0.5	12.168450
58.108333	0.5	12.175800
58.116667	0.5	12.180550
58.125000	0.5	12.184600
58.133333	0.5	12.196950
58.141667	0.5	12.196850
58.150000	0.5	12.201200
58.158333	0.5	12.206800
58.166667	0.5	12.213550
58.175000	0.5	12.216000
58.183333	0.5	12.215550
58.191667	0.5	12.215800
58.200000	0.5	12.212750
58.208333	0.5	12.208250
58.216667	0.5	12.209750
58.225000	0.5	12.198000
58.233333	0.5	12.190300
58.241667	0.5	12.176200
58.250000	0.5	12.172000
58.258333	0.5	12.155300
58.266667	0.5	12.152500
58.275000	0.5	12.141200
58.283333	0.5	12.137400
58.291667	0.5	12.121750
58.300000	0.5	12.117150
58.308333	0.5	12.111450
58.316667	0.5	12.095500
58.325000	0.5	12.085750
58.333333	0.5	12.087450
58.341667	0.5	12.078400
58.350000	0.5	12.064400
58.358333	0.5	12.061550
58.366667	0.5	12.048700
58.375000	0.5	12.038500
58.383333	0.5	12.026700
58.391667	0.5	12.011850
58.400000	0.5	12.002200
58.408333	0.5	11.983400
58.416667	0.5	11.967150
58.425000	0.5	11.947450
58.433333	0.5	11.933350
58.441667	0.5	11.909150
58.450000	0.5	11.886300
58.458333	0.5	11.862000
58.466667	0.5	11.843350
58.475000	0.5	11.820850
58.483333	0.5	11.797700
58.491667	0.5	11.774100
58.500000	0.5	11.743350
58.508333	0.5	11.720600
58.516667	0.5	11.698750
58.525000	0.5	11.689000
58.533333	0.5	11.649450
58.541667	0.5	11.624200
58.550000	0.5	11.600750
58.558333	0.5	11.583950
58.566667	0.5	11.553000
58.575000	0.5	11.537400
58.583333	0.5	11.516450
58.591667	0.5	11.497600
58.600000	0.5	11.486200
58.608333	0.5	11.480800
58.616667	0.5	11.469400
58.625000	0.5	11.463450
58.633333	0.5	11.470650
58.641667	0.5	11.481650
58.650000	0.5	11.499750
58.658333	0.5	11.514900
58.666667	0.5	11.535400
58.675000	0.5	11.574000
58.683333	0.5	11.619850
58.691667	0.5	11.658900
58.700000	0.5	11.719850
58.708333	0.5	11.790700
58.716667	0.5	11.852400
58.725000	0.5	11.928400
58.733333	0.5	12.005250
58.741667	0.5	12.093100
58.750000	0.5	12.169650
58.758333	0.5	12.260450
58.766667	0.5	12.355450
58.775000	0.5	12.446800
58.783333	0.5	12.534050
58.791667	0.5	12.639450
58.800000	0.5	12.734300
58.808333	0.5	12.832300
58.816667	0.5	12.933900
58.825000	0.5	13.025700
58.833333	0.5	13.120800
58.841667	0.5	13.218350
58.850000	0.5	13.303850
58.858333	0.5	13.392650
58.866667	0.5	13.478850
58.875000	0.5	13.557950
58.883333	0.5	13.621950
58.891667	0.5	13.685800
58.900000	0.5	13.751050
58.908333	0.5	13.799250
58.916667	0.5	13.849300
58.925000	0.5	13.883450
58.933333	0.5	13.928700
58.941667	0.5	13.954350
58.950000	0.5	13.979000
58.958333	0.5	13.988000
58.966667	0.5	13.998450
58.975000	0.5	14.012450
58.983333	0.5	14.005300
58.991667	0.5	14.000450
59.000000	0.5	13.993850
59.008333	0.5	13.973750
59.016667	0.5	13.957100
59.025000	0.5	13.935150
59.033333	0.5	13.910100
59.041667	0.5	13.875150
59.050000	0.5	13.843500
59.058333	0.5	13.804500
59.066667	0.5	13.757250
59.075000	0.5	13.725450
59.083333	0.5	13.676300
59.091667	0.5	13.621700
59.100000	0.5	13.572100
59.108333	0.5	13.535600
59.116667	0.5	13.468450
59.125000	0.5	13.424750
59.133333	0.5	13.376450
59.141667	0.5	13.313300
59.150000	0.5	13.263400
59.158333	0.5	13.213250
59.166667	0.5	13.146300
59.175000	0.5	13.108850
59.183333	0.5	13.050150
59.191667	0.5	12.999200
59.200000	0.5	12.955400
59.208333	0.5	12.910200
59.216667	0.5	12.868900
59.225000	0.5	12.827000
59.233333	0.5	12.796600
59.241667	0.5	12.765800
59.250000	0.5	12.741650
59.258333	0.5	12.721150
59.266667	0.5	12.720450
59.275000	0.5	12.708100
59.283333	0.5	12.717750
59.291667	0.5	12.727800
59.300000	0.5	12.742700
59.308333	0.5	12.778350
59.316667	0.5	12.820350
59.325000	0.5	12.863200
59.333333	0.5	12.926650
59.341667	0.5	12.991050
59.350000	0.5	13.060200
59.358333	0.5	13.142350
59.366667	0.5	13.221450
59.375000	0.5	13.308600
59.383333	0.5	13.405000
59.391667	0.5	13.501300
59.400000	0.5	13.593700
59.408333	0.5	13.694450
59.416667	0.5	13.787850
59.425000	0.5	13.875600
59.433333	0.5	13.970900
59.441667	0.5	14.060050
59.450000	0.5	14.134700
59.458333	0.5	14.217150
59.466667	0.5	14.275500
59.475000	0.5	14.338100
59.483333	0.5	14.390100
59.491667	0.5	14.446650
59.500000	0.5	14.480700
59.508333	0.5	14.518350
59.516667	0.5	14.538600
59.525000	0.5	14.553300
59.533333	0.5	14.559750
59.541667	0.5	14.560100
59.550000	0.5	14.542150
59.558333	0.5	14.531250
59.566667	0.5	14.501200
59.575000	0.5	14.462750
59.583333	0.5	14.423950
59.591667	0.5	14.374200
59.600000	0.5	14.326600
59.608333	0.5	14.268600
59.616667	0.5	14.204750
59.625000	0.5	14.133350
59.633333	0.5	14.058100
59.641667	0.5	13.976450
59.650000	0.5	13.887750
59.658333	0.5	13.805400
59.666667	0.5	13.723700
59.675000	0.5	13.629050
59.683333	0.5	13.543050
59.691667	0.5	13.455800
59.700000	0.5	13.376350
59.708333	0.5	13.301300
59.716667	0.5	13.225550
59.725000	0.5	13.148650
59.733333	0.5	13.072750
59.741667	0.5	13.005150
59.750000	0.5	12.946750
59.758333	0.5	12.890800
59.766667	0.5	12.835650
59.775000	0.5	12.797250
59.783333	0.5	12.740950
59.791667	0.5	12.710350
59.800000	0.5	12.670100
59.808333	0.5	12.636050
59.816667	0.5	12.603150
59.825000	0.5	12.585750
59.833333	0.5	12.559900
59.841667	0.5	12.539800
59.850000	0.5	12.520450
59.858333	0.5	12.510550
59.866667	0.5	12.487300
59.875000	0.5	12.475300
59.883333	0.5	12.459800
59.891667	0.5	12.449550
59.900000	0.5	12.444500
59.908333	0.5	12.431300
59.916667	0.5	12.427600
59.925000	0.5	12.424050
59.933333	0.5	12.409000
59.941667	0.5	12.404200
59.950000	0.5	12.397300
59.958333	0.5	12.393300
59.966667	0.5	12.391900
59.975000	0.5	12.382150
59.983333	0.5	12.384750
59.991667	0.5	12.377950
60.000000	0.5	12.375700
60.008333	0.5	12.370700
60.016667	0.5	12.364350
60.025000	0.5	12.366100
60.033333	0.5	12.362600
60.041667	0.5	12.365650
60.050000	0.5	12.361350
60.058333	0.5	12.359100
60.066667	0.5	12.355050
60.075000	0.5	12.355450
60.083333	0.5	12.355500
60.091667	0.5	12.355650
60.100000	0.5	12.355300
60.108333	0.5	12.358250
60.116667	0.5	12.352250
60.125000	0.5	12.357150
60.133333	0.5	12.357900
60.141667	0.5	12.361650
60.150000	0.5	12.347500
60.158333	0.5	12.345450
60.166667	0.5	12.331900
60.175000	0.5	12.332900
60.183333	0.5	12.330450
60.191667	0.5	12.323950
60.200000	0.5	12.318800
60.208333	0.5	12.306250
60.216667	0.5	12.289000
60.225000	0.5	12.282500
60.233333	0.5	12.276850
60.241667	0.5	12.257750
60.250000	0.5	12.246400
60.258333	0.5	12.233950
60.266667	0.5	12.223250
60.275000	0.5	12.214400
60.283333	0.5	12.191250
60.291667	0.5	12.185700
60.300000	0.5	12.166200
60.308333	0.5	12.152900
60.316667	0.5	12.149150
60.325000	0.5	12.142450
60.333333	0.5	12.124300
60.341667	0.5	12.118500
60.350000	0.5	12.125900
60.358333	0.5	12.119150
60.366667	0.5	12.120100
60.375000	0.5	12.136300
60.383333	0.5	12.148050
60.391667	0.5	12.162900
60.400000	0.5	12.184500
60.408333	0.5	12.215850
60.416667	0.5	12.256550
60.425000	0.5	12.296250
60.433333	0.5	12.344100
60.441667	0.5	12.408050
60.450000	0.5	12.474400
60.458333	0.5	12.546000
60.466667	0.5	12.625200
60.475000	0.5	12.709100
60.483333	0.5	12.783650
60.491667	0.5	12.874800
60.500000	0.5	12.956750
60.508333	0.5	13.047200
60.516667	0.5	13.128600
60.525000	0.5	13.212350
60.533333	0.5	13.303700
60.541667	0.5	13.377650
60.550000	0.5	13.466350
60.558333	0.5	13.547350
60.566667	0.5	13.627350
60.575000	0.5	13.705300
60.583333	0.5	13.792250
60.591667	0.5	13.855900
60.600000	0.5	13.937800
60.608333	0.5	14.006350
60.616667	0.5	14.074900
60.625000	0.5	14.146350
60.633333	0.5	14.208350
60.641667	0.5	14.266450
60.650000	0.5	14.316150
60.658333	0.5	14.370500
60.666667	0.5	14.415200
60.675000	0.5	14.446700
60.683333	0.5	14.485150
60.691667	0.5	14.505850
60.700000	0.5	14.521650
60.708333	0.5	14.545900
60.716667	0.5	14.550700
60.725000	0.5	14.548900
60.733333	0.5	14.538600
60.741667	0.5	14.527050
60.750000	0.5	14.519300
60.758333	0.5	14.490550
60.766667	0.5	14.458300
60.775000	0.5	14.420550
60.783333	0.5	14.371450
60.791667	0.5	14.334950
60.800000	0.5	14.282850
60.808333	0.5	14.221900
60.816667	0.5	14.160350
60.825000	0.5	14.102200
60.833333	0.5	14.036200
60.841667	0.5	13.964100
60.850000	0.5	13.885050
60.858333	0.5	13.819150
60.866667	0.5	13.744400
60.875000	0.5	13.670050
60.883333	0.5	13.597850
60.891667	0.5	13.529050
60.900000	0.5	13.445350
60.908333	0.5	13.366650
60.916667	0.5	13.294500
60.925000	0.5	13.233250
60.933333	0.5	13.169450
60.941667	0.5	13.108250
60.950000	0.5	13.054000
60.958333	0.5	13.011500
60.966667	0.5	12.947700
60.975000	0.5	12.901950
60.983333	0.5	12.861000
60.991667	0.5	12.831950
61.000000	0.5	12.797950
61.008333	0.5	12.770300
61.016667	0.5	12.754200
61.025000	0.5	12.737200
61.033333	0.5	12.731800
61.041667	0.5	12.716850
61.050000	0.5	12.718550
61.058333	0.5	12.714500
61.066667	0.5	12.718750
61.075000	0.5	12.735000
61.083333	0.5	12.741050
61.091667	0.5	12.756150
61.100000	0.5	12.771800
61.108333	0.5	12.787750
61.116667	0.5	12.822250
61.125000	0.5	12.842750
61.133333	0.5	12.869950
61.141667	0.5	12.901400
61.150000	0.5	12.944250
61.158333	0.5	12.968150
61.166667	0.5	13.006200
61.175000	0.5	13.052250
61.183333	0.5	13.089550
61.191667	0.5	13.141150
61.200000	0.5	13.186050
61.208333	0.5	13.230600
61.216667	0.5	13.282600
61.225000	0.5	13.329800
61.233333	0.5	13.391050
61.241667	0.5	13.440000
61.250000	0.5	13.494750
61.258333	0.5	13.543250
61.266667	0.5	13.585450
61.275000	0.5	13.641750
61.283333	0.5	13.683450
61.291667	0.5	13.724050
61.300000	0.5	13.760650
61.308333	0.5	13.786900
61.316667	0.5	13.814700
61.325000	0.5	13.837650
61.333333	0.5	13.845450
61.341667	0.5	13.848500
61.350000	0.5	13.848650
61.358333	0.5	13.822750
61.366667	0.5	13.804250
61.375000	0.5	13.758150
61.383333	0.5	13.712950
61.391667	0.5	13.649600
61.400000	0.5	13.582150
61.408333	0.5	13.513200
61.416667	0.5	13.419750
61.425000	0.5	13.318350
61.433333	0.5	13.221800
61.441667	0.5	13.102100
61.450000	0.5	12.989250
61.458333	0.5	12.855650
61.466667	0.5	12.736850
61.475000	0.5	12.596600
61.483333	0.5	12.460150
61.491667	0.5	12.326400
61.500000	0.5	12.195250
61.508333	0.5	12.054950
61.516667	0.5	11.928650
61.525000	0.5	11.808850
61.533333	0.5	11.684800
61.541667	0.5	11.558250
61.550000	0.5	11.442750
61.558333	0.5	11.347150
61.566667	0.5	11.244650
61.575000	0.5	11.139450
61.583333	0.5	11.059200
61.591667	0.5	10.968350
61.600000	0.5	10.895450
61.608333	0.5	10.818850
61.616667	0.5	10.761700
61.625000	0.5	10.698050
61.633333	0.5	10.646250
61.641667	0.5	10.594350
61.650000	0.5	10.549650
61.658333	0.5	10.507000
61.666667	0.5	10.484350
61.675000	0.5	10.437000
61.683333	0.5	10.410050
61.691667	0.5	10.388900
61.700000	0.5	10.365250
61.708333	0.5	10.352450
61.716667	0.5	10.339350
61.725000	0.5	10.329650
61.733333	0.5	10.328750
61.741667	0.5	10.325550
61.750000	0.5	10.328450
61.758333	0.5	10.336400
61.766667	0.5	10.353350
61.775000	0.5	10.364950
61.783333	0.5	10.398000
61.791667	0.5	10.424800
61.800000	0.5	10.474300
61.808333	0.5	10.509450
61.816667	0.5	10.573200
61.825000	0.5	10.643950
61.833333	0.5	10.731300
61.841667	0.5	10.844600
61.850000	0.5	10.951000
61.858333	0.5	11.075350
61.866667	0.5	11.221050
61.875000	0.5	11.360800
61.883333	0.5	11.511700
61.891667	0.5	11.636150
61.900000	0.5	11.755750
61.908333	0.5	11.851300
61.916667	0.5	11.948000
61.925000	0.5	12.002400
61.933333	0.5	12.002900
61.941667	0.5	12.107800
61.950000	0.5	12.161650
61.958333	0.5	12.186450
61.966667	0.5	12.214950
61.975000	0.5	12.243550
61.983333	0.5	12.264950
61.991667	0.5	12.282800
62.000000	0.5	12.299950
62.008333	0.5	12.298700
62.016667	0.5	12.312200
62.025000	0.5	12.318750
62.033333	0.5	12.320000
62.041667	0.5	12.318950
62.050000	0.5	12.317300
62.058333	0.5	12.323700
62.066667	0.5	12.335750
62.075000	0.5	12.335150
62.083333	0.5	12.352250
62.091667	0.5	12.359000
62.100000	0.5	12.376500
62.108333	0.5	12.393700
62.116667	0.5	12.398850
62.125000	0.5	12.419400
62.133333	0.5	12.445750
62.141667	0.5	12.478850
62.150000	0.5	12.484950
62.158333	0.5	12.509350
62.166667	0.5	12.526150
62.175000	0.5	12.557150
62.183333	0.5	12.572350
62.191667	0.5	12.599600
62.200000	0.5	12.607850
62.208333	0.5	12.631100
62.216667	0.5	12.663350
62.225000	0.5	12.681400
62.233333	0.5	12.699450
62.241667	0.5	12.712350
62.250000	0.5	12.737050
62.258333	0.5	12.755400
62.266667	0.5	12.779950
62.275000	0.5	12.795850
62.283333	0.5	12.825350
62.291667	0.5	12.845650
62.300000	0.5	12.857450
62.308333	0.5	12.883550
62.316667	0.5	12.891300
62.325000	0.5	12.897100
62.333333	0.5	12.923650
62.341667	0.5	12.943400
62.350000	0.5	12.949200
62.358333	0.5	12.978300
62.366667	0.5	13.001100
62.375000	0.5	13.009000
62.383333	0.5	13.020550
62.391667	0.5	13.026300
62.400000	0.5	13.060550
62.408333	0.5	13.057100
62.416667	0.5	13.083550
62.425000	0.5	13.084050
62.433333	0.5	13.093850
62.441667	0.5	13.108050
62.450000	0.5	13.119350
62.458333	0.5	13.138550
62.466667	0.5	13.142950
62.475000	0.5	13.163750
62.483333	0.5	13.172000
62.491667	0.5	13.191000
62.500000	0.5	13.188450
62.508333	0.5	13.202250
62.516667	0.5	13.206700
62.525000	0.5	13.221200
62.533333	0.5	13.229250
62.541667	0.5	13.237800
62.550000	0.5	13.253100
62.558333	0.5	13.260600
62.566667	0.5	13.267600
62.575000	0.5	13.274800
62.583333	0.5	13.290750
62.591667	0.5	13.297800
62.600000	0.5	13.321950
62.608333	0.5	13.312000
62.616667	0.5	13.322700
62.625000	0.5	13.332650
62.633333	0.5	13.342150
62.641667	0.5	13.345800
62.650000	0.5	13.364500
62.658333	0.5	13.367300
62.666667	0.5	13.387200
62.675000	0.5	13.385950
62.683333	0.5	13.399400
62.691667	0.5	13.406850
62.700000	0.5	13.418700
62.708333	0.5	13.422150
62.716667	0.5	13.434250
62.725000	0.5	13.448100
62.733333	0.5	13.449600
62.741667	0.5	13.456550
62.750000	0.5	13.472350
62.758333	0.5	13.470750
62.766667	0.5	13.472150
62.775000	0.5	13.489550
62.783333	0.5	13.497800
62.791667	0.5	13.500300
62.800000	0.5	13.509900
62.808333	0.5	13.515750
62.816667	0.5	13.521800
62.825000	0.5	13.523550
62.833333	0.5	13.533350
62.841667	0.5	13.541700
62.850000	0.5	13.542850
62.858333	0.5	13.548900
62.866667	0.5	13.547600
62.875000	0.5	13.571050
62.883333	0.5	13.549450
62.891667	0.5	13.548400
62.900000	0.5	13.554800
62.908333	0.5	13.534550
62.916667	0.5	13.534000
62.925000	0.5	13.518100
62.933333	0.5	13.518200
62.941667	0.5	13.518800
62.950000	0.5	13.506200
62.958333	0.5	13.505150
62.966667	0.5	13.500700
62.975000	0.5	13.500150
62.983333	0.5	13.485250
62.991667	0.5	13.481250
63.000000	0.5	13.469650
63.008333	0.5	13.459100
63.016667	0.5	13.463050
63.025000	0.5	13.448100
63.033333	0.5	13.439350
63.041667	0.5	13.433450
63.050000	0.5	13.432150
63.058333	0.5	13.411450
63.066667	0.5	13.413600
63.075000	0.5	13.391150
63.083333	0.5	13.395250
63.091667	0.5	13.381400
63.100000	0.5	13.377300
63.108333	0.5	13.360500
63.116667	0.5	13.358050
63.125000	0.5	13.350650
63.133333	0.5	13.336050
63.141667	0.5	13.323400
63.150000	0.5	13.308900
63.158333	0.5	13.298700
63.166667	0.5	13.291550
63.175000	0.5	13.279400
63.183333	0.5	13.262850
63.191667	0.5	13.254200
63.200000	0.5	13.238950
63.208333	0.5	13.228600
63.216667	0.5	13.217600
63.225000	0.5	13.200750
63.233333	0.5	13.188050
63.241667	0.5	13.192500
63.250000	0.5	13.173250
63.258333	0.5	13.163250
63.266667	0.5	13.155800
63.275000	0.5	13.143400
63.283333	0.5	13.133200
63.291667	0.5	13.114400
63.300000	0.5	13.112350
63.308333	0.5	13.100250
63.316667	0.5	13.088950
63.325000	0.5	13.083400
63.333333	0.5	13.068400
63.341667	0.5	13.067750
63.350000	0.5	13.064650
63.358333	0.5	13.048900
63.366667	0.5	13.040950
63.375000	0.5	13.029000
63.383333	0.5	13.016300
63.391667	0.5	13.030100
63.400000	0.5	13.001750
63.408333	0.5	12.991650
63.416667	0.5	12.980750
63.425000	0.5	12.971100
63.433333	0.5	12.966450
63.441667	0.5	12.961200
63.450000	0.5	12.941750
63.458333	0.5	12.938750
63.466667	0.5	12.925750
63.475000	0.5	12.925050
63.483333	0.5	12.909000
63.491667	0.5	12.895300
63.500000	0.5	12.892350
63.508333	0.5	12.876450
63.516667	0.5	12.875500
63.525000	0.5	12.864300
63.533333	0.5	12.849000
63.541667	0.5	12.844100
63.550000	0.5	12.834900
63.558333	0.5	12.839650
63.566667	0.5	12.825650
63.575000	0.5	12.821000
63.583333	0.5	12.811700
63.591667	0.5	12.800700
63.600000	0.5	12.800500
63.608333	0.5	12.792300
63.616667	0.5	12.785750
63.625000	0.5	12.781150
63.633333	0.5	12.774500
63.641667	0.5	12.778500
63.650000	0.5	12.775350
63.658333	0.5	12.771550
63.666667	0.5	12.762650
63.675000	0.5	12.758600
63.683333	0.5	12.753300
63.691667	0.5	12.752900
63.700000	0.5	12.751100
63.708333	0.5	12.740450
63.716667	0.5	12.742350
63.725000	0.5	12.729950
63.733333	0.5	12.733600
63.741667	0.5	12.723200
63.750000	0.5	12.723150
63.758333	0.5	12.718900
63.766667	0.5	12.706600
63.775000	0.5	12.702250
63.783333	0.5	12.700900
63.791667	0.5	12.691800
63.800000	0.5	12.681350
63.808333	0.5	12.671150
63.816667	0.5	12.666250
63.825000	0.5	12.667150
63.833333	0.5	12.662850
63.841667	0.5	12.653050
63.850000	0.5	12.643050
63.858333	0.5	12.637550
63.866667	0.5	12.636950
63.875000	0.5	12.624450
63.883333	0.5	12.630850
63.891667	0.5	12.623150
63.900000	0.5	12.627100
63.908333	0.5	12.628150
63.916667	0.5	12.630200
63.925000	0.5	12.639650
63.933333	0.5	12.641800
63.941667	0.5	12.661300
63.950000	0.5	12.666750
63.958333	0.5	12.675150
63.966667	0.5	12.691000
63.975000	0.5	12.709250
63.983333	0.5	12.735950
63.991667	0.5	12.753900
64.000000	0.5	12.780550
64.008333	0.5	12.813700
64.016667	0.5	12.837550
64.025000	0.5	12.878000
64.033333	0.5	12.911250
64.041667	0.5	12.952650
64.050000	0.5	12.994950
64.058333	0.5	13.042900
64.066667	0.5	13.078050
64.075000	0.5	13.122350
64.083333	0.5	13.167800
64.091667	0.5	13.213350
64.100000	0.5	13.264600
64.108333	0.5	13.305250
64.116667	0.5	13.352850
64.125000	0.5	13.394850
64.133333	0.5	13.443800
64.141667	0.5	13.483300
64.150000	0.5	13.529200
64.158333	0.5	13.565000
64.166667	0.5	13.611850
64.175000	0.5	13.647250
64.183333	0.5	13.683250
64.191667	0.5	13.723400
64.200000	0.5	13.753650
64.208333	0.5	13.782150
64.216667	0.5	13.804900
64.225000	0.5	13.830250
64.233333	0.5	13.842900
64.241667	0.5	13.863500
64.250000	0.5	13.883600
64.258333	0.5	13.893800
64.266667	0.5	13.903200
64.275000	0.5	13.908650
64.283333	0.5	13.911550
64.291667	0.5	13.919250
64.300000	0.5	13.915150
64.308333	0.5	13.905100
64.316667	0.5	13.904700
64.325000	0.5	13.891650
64.333333	0.5	13.877100
64.341667	0.5	13.862500
64.350000	0.5	13.835300
64.358333	0.5	13.814900
64.366667	0.5	13.790650
64.375000	0.5	13.753550
64.383333	0.5	13.704700
64.391667	0.5	13.616300
64.400000	0.5	13.468300
64.408333	0.5	13.282600
64.416667	0.5	13.040800
64.425000	0.5	12.799850
64.433333	0.5	12.567000
64.441667	0.5	12.360850
64.450000	0.5	12.176800
64.458333	0.5	12.032250
64.466667	0.5	11.908050
64.475000	0.5	11.804250
64.483333	0.5	11.720900
64.491667	0.5	11.649550
64.500000	0.5	11.584000
64.508333	0.5	11.531050
64.516667	0.5	11.498450
64.525000	0.5	11.462150
64.533333	0.5	11.432100
64.541667	0.5	11.400500
64.550000	0.5	11.361250
64.558333	0.5	11.327700
64.566667	0.5	11.286300
64.575000	0.5	11.244000
64.583333	0.5	11.200300
64.591667	0.5	11.168550
64.600000	0.5	11.128200
64.608333	0.5	11.102150
64.616667	0.5	11.067850
64.625000	0.5	11.043600
64.633333	0.5	11.015750
64.641667	0.5	10.997750
64.650000	0.5	10.975950
64.658333	0.5	10.948850
64.666667	0.5	10.927900
64.675000	0.5	10.901900
64.683333	0.5	10.869850
64.691667	0.5	10.856900
64.700000	0.5	10.823900
64.708333	0.5	10.797750
64.716667	0.5	10.780700
64.725000	0.5	10.756050
64.733333	0.5	10.728250
64.741667	0.5	10.697400
64.750000	0.5	10.677850
64.758333	0.5	10.655100
64.766667	0.5	10.636300
64.775000	0.5	10.624250
64.783333	0.5	10.598050
64.791667	0.5	10.584750
64.800000	0.5	10.567800
64.808333	0.5	10.557050
64.816667	0.5	10.545650
64.825000	0.5	10.532850
64.833333	0.5	10.526900
64.841667	0.5	10.512500
64.850000	0.5	10.518300
64.858333	0.5	10.500800
64.866667	0.5	10.497700
64.875000	0.5	10.499400
64.883333	0.5	10.493150
64.891667	0.5	10.481900
64.900000	0.5	10.481600
64.908333	0.5	10.479550
64.916667	0.5	10.478800
64.925000	0.5	10.467550
64.933333	0.5	10.462700
64.941667	0.5	10.460050
64.950000	0.5	10.454250
64.958333	0.5	10.441600
64.966667	0.5	10.445650
64.975000	0.5	10.435300
64.983333	0.5	10.429900
64.991667	0.5	10.416200
65.000000	0.5	10.414200
65.008333	0.5	10.410500
65.016667	0.5	10.404100
65.025000	0.5	10.394750
65.033333	0.5	10.393550
65.041667	0.5	10.391950
65.050000	0.5	10.382300
65.058333	0.5	10.379050
65.066667	0.5	10.374100
65.075000	0.5	10.367300
65.083333	0.5	10.363900
65.091667	0.5	10.355550
65.100000	0.5	10.351800
65.108333	0.5	10.345950
65.116667	0.5	10.346050
65.125000	0.5	10.336700
65.133333	0.5	10.342400
65.141667	0.5	10.331500
65.150000	0.5	10.330650
65.158333	0.5	10.330700
65.166667	0.5	10.335000
65.175000	0.5	10.325500
65.183333	0.5	10.320950
65.191667	0.5	10.318400
65.200000	0.5	10.315400
65.208333	0.5	10.315650
65.216667	0.5	10.315300
65.225000	0.5	10.302000
65.233333	0.5	10.305750
65.241667	0.5	10.298950
65.250000	0.5	10.292450
65.258333	0.5	10.294200
65.266667	0.5	10.289850
65.275000	0.5	10.281050
65.283333	0.5	10.283650
65.291667	0.5	10.287000
65.300000	0.5	10.272700
65.308333	0.5	10.280350
65.316667	0.5	10.275200
65.325000	0.5	10.262950
65.333333	0.5	10.263100
65.341667	0.5	10.255500
65.350000	0.5	10.248950
65.358333	0.5	10.242850
65.366667	0.5	10.236250
65.375000	0.5	10.231700
65.383333	0.5	10.228100
65.391667	0.5	10.221200
65.400000	0.5	10.209250
65.408333	0.5	10.205300
65.416667	0.5	10.196750
65.425000	0.5	10.194550
65.433333	0.5	10.179150
65.441667	0.5	10.171200
65.450000	0.5	10.169900
65.458333	0.5	10.162350
65.466667	0.5	10.148650
65.475000	0.5	10.143600
65.483333	0.5	10.143200
65.491667	0.5	10.131450
65.500000	0.5	10.129800
65.508333	0.5	10.121250
65.516667	0.5	10.115400
65.525000	0.5	10.111350
65.533333	0.5	10.103450
65.541667	0.5	10.104850
65.550000	0.5	10.093050
65.558333	0.5	10.098850
65.566667	0.5	10.089550
65.575000	0.5	10.087600
65.583333	0.5	10.075300
65.591667	0.5	10.077100
65.600000	0.5	10.070000
65.608333	0.5	10.071950
65.616667	0.5	10.073900
65.625000	0.5	10.068400
65.633333	0.5	10.066000
65.641667	0.5	10.067850
65.650000	0.5	10.070150
65.658333	0.5	10.064650
65.666667	0.5	10.065000
65.675000	0.5	10.071450
65.683333	0.5	10.069500
65.691667	0.5	10.067750
65.700000	0.5	10.069200
65.708333	0.5	10.071250
65.716667	0.5	10.073750
65.725000	0.5	10.079100
65.733333	0.5	10.080150
65.741667	0.5	10.077250
65.750000	0.5	10.080050
65.758333	0.5	10.084650
65.766667	0.5	10.080900
65.775000	0.5	10.090850
65.783333	0.5	10.092550
65.791667	0.5	10.099350
65.800000	0.5	10.100750
65.808333	0.5	10.105600
65.816667	0.5	10.109800
65.825000	0.5	10.120400
65.833333	0.5	10.130450
65.841667	0.5	10.135150
65.850000	0.5	10.129800
65.858333	0.5	10.134350
65.866667	0.5	10.136300
65.875000	0.5	10.147950
65.883333	0.5	10.152200
65.891667	0.5	10.154200
65.900000	0.5	10.157850
65.908333	0.5	10.160150
65.916667	0.5	10.179500
65.925000	0.5	10.169900
65.933333	0.5	10.171250
65.941667	0.5	10.177050
65.950000	0.5	10.187100
65.958333	0.5	10.185750
65.966667	0.5	10.188150
65.975000	0.5	10.190550
65.983333	0.5	10.202350
65.991667	0.5	10.205600
66.000000	0.5	10.204650
66.008333	0.5	10.216100
66.016667	0.5	10.215700
66.025000	0.5	10.219450
66.033333	0.5	10.226050
66.041667	0.5	10.219250
66.050000	0.5	10.225550
66.058333	0.5	10.237250
66.066667	0.5	10.236750
66.075000	0.5	10.241200
66.083333	0.5	10.241900
66.091667	0.5	10.246600
66.100000	0.5	10.251150
66.108333	0.5	10.256150
66.116667	0.5	10.254950
66.125000	0.5	10.259550
66.133333	0.5	10.264300
66.141667	0.5	10.265750
66.150000	0.5	10.277850
66.158333	0.5	10.269400
66.166667	0.5	10.269000
66.175000	0.5	10.271000
66.183333	0.5	10.271000
66.191667	0.5	10.271050
66.200000	0.5	10.273800
66.208333	0.5	10.276700
66.216667	0.5	10.275550
66.225000	0.5	10.271550
66.233333	0.5	10.269200
66.241667	0.5	10.268150
66.250000	0.5	10.266700
66.258333	0.5	10.267850
66.266667	0.5	10.260700
66.275000	0.5	10.263700
66.283333	0.5	10.258700
66.291667	0.5	10.258650
66.300000	0.5	10.254700
66.308333	0.5	10.254850
66.316667	0.5	10.257100
66.325000	0.5	10.249400
66.333333	0.5	10.247050
66.341667	0.5	10.236700
66.350000	0.5	10.237350
66.358333	0.5	10.236750
66.366667	0.5	10.231100
66.375000	0.5	10.235750
66.383333	0.5	10.228200
66.391667	0.5	10.220450
66.400000	0.5	10.223450
66.408333	0.5	10.215200
66.416667	0.5	10.214100
66.425000	0.5	10.207150
66.433333	0.5	10.212700
66.441667	0.5	10.206200
66.450000	0.5	10.208000
66.458333	0.5	10.198150
66.466667	0.5	10.198700
66.475000	0.5	10.202600
66.483333	0.5	10.196600
66.491667	0.5	10.201000
66.500000	0.5	10.196650
66.508333	0.5	10.199650
66.516667	0.5	10.201750
66.525000	0.5	10.203200
66.533333	0.5	10.205200
66.541667	0.5	10.202650
66.550000	0.5	10.202350
66.558333	0.5	10.211800
66.566667	0.5	10.220750
66.575000	0.5	10.218500
66.583333	0.5	10.227500
66.591667	0.5	10.227800
66.600000	0.5	10.244750
66.608333	0.5	10.254150
66.616667	0.5	10.251250
66.625000	0.5	10.266600
66.633333	0.5	10.280500
66.641667	0.5	10.295600
66.650000	0.5	10.307550
66.658333	0.5	10.325450
66.666667	0.5	10.350850
66.675000	0.5	10.359800
66.683333	0.5	10.387050
66.691667	0.5	10.407950
66.700000	0.5	10.441850
66.708333	0.5	10.467600
66.716667	0.5	10.501000
66.725000	0.5	10.540600
66.733333	0.5	10.567900
66.741667	0.5	10.608950
66.750000	0.5	10.647000
66.758333	0.5	10.689700
66.766667	0.5	10.733550
66.775000	0.5	10.777750
66.783333	0.5	10.821950
66.791667	0.5	10.872700
66.800000	0.5	10.918850
66.808333	0.5	10.970900
66.816667	0.5	11.019400
66.825000	0.5	11.068300
66.833333	0.5	11.108350
66.841667	0.5	11.163900
66.850000	0.5	11.206250
66.858333	0.5	11.258750
66.866667	0.5	11.304350
66.875000	0.5	11.351250
66.883333	0.5	11.397300
66.891667	0.5	11.442400
66.900000	0.5	11.479650
66.908333	0.5	11.515800
66.916667	0.5	11.549950
66.925000	0.5	11.592050
66.933333	0.5	11.613850
66.941667	0.5	11.644900
66.950000	0.5	11.671000
66.958333	0.5	11.682650
66.966667	0.5	11.708400
66.975000	0.5	11.732550
66.983333	0.5	11.735200
66.991667	0.5	11.752050
67.000000	0.5	11.758150
67.008333	0.5	11.763650
67.016667	0.5	11.767900
67.025000	0.5	11.769750
67.033333	0.5	11.774400
67.041667	0.5	11.760650
67.050000	0.5	11.747750
67.058333	0.5	11.732450
67.066667	0.5	11.721550
67.075000	0.5	11.709500
67.083333	0.5	11.688900
67.091667	0.5	11.664450
67.100000	0.5	11.654350
67.108333	0.5	11.618800
67.116667	0.5	11.596800
67.125000	0.5	11.573800
67.133333	0.5	11.533750
67.141667	0.5	11.508450
67.150000	0.5	11.467800
67.158333	0.5	11.441350
67.166667	0.5	11.413050
67.175000	0.5	11.376750
67.183333	0.5	11.346450
67.191667	0.5	11.308550
67.200000	0.5	11.274400
67.208333	0.5	11.233400
67.216667	0.5	11.201100
67.225000	0.5	11.160900
67.233333	0.5	11.131050
67.241667	0.5	11.100700
67.250000	0.5	11.072050
67.258333	0.5	11.035700
67.266667	0.5	11.014600
67.275000	0.5	10.988850
67.283333	0.5	10.970850
67.291667	0.5	10.943500
67.300000	0.5	10.926850
67.308333	0.5	10.902100
67.316667	0.5	10.890500
67.325000	0.5	10.870750
67.333333	0.5	10.859850
67.341667	0.5	10.856850
67.350000	0.5	10.838400
67.358333	0.5	10.845450
67.366667	0.5	10.844050
67.375000	0.5	10.829550
67.383333	0.5	10.837050
67.391667	0.5	10.819800
67.400000	0.5	10.824100
67.408333	0.5	10.817500
67.416667	0.5	10.830450
67.425000	0.5	10.828750
67.433333	0.5	10.828950
67.441667	0.5	10.831850
67.450000	0.5	10.832300
67.458333	0.5	10.845600
67.466667	0.5	10.844650
67.475000	0.5	10.849800
67.483333	0.5	10.856250
67.491667	0.5	10.863550
67.500000	0.5	10.864600
67.508333	0.5	10.872550
67.516667	0.5	10.868650
67.525000	0.5	10.882000
67.533333	0.5	10.879150
67.541667	0.5	10.881800
67.550000	0.5	10.892550
67.558333	0.5	10.907250
67.566667	0.5	10.901300
67.575000	0.5	10.901550
67.583333	0.5	10.906450
67.591667	0.5	10.910300
67.600000	0.5	10.918100
67.608333	0.5	10.919750
67.616667	0.5	10.917300
67.625000	0.5	10.920500
67.633333	0.5	10.929000
67.641667	0.5	10.919050
67.650000	0.5	10.932600
67.658333	0.5	10.930100
67.666667	0.5	10.928800
67.675000	0.5	10.933800
67.683333	0.5	10.929500
67.691667	0.5	10.939300
67.700000	0.5	10.934900
67.708333	0.5	10.934300
67.716667	0.5	10.938450
67.725000	0.5	10.943850
67.733333	0.5	10.949600
67.741667	0.5	10.943050
67.750000	0.5	10.960950
67.758333	0.5	10.962400
67.766667	0.5	10.966900
67.775000	0.5	10.965950
67.783333	0.5	10.972250
67.791667	0.5	10.979200
67.800000	0.5	10.991500
67.808333	0.5	11.005250
67.816667	0.5	11.021750
67.825000	0.5	11.019350
67.833333	0.5	11.040900
67.841667	0.5	11.060900
67.850000	0.5	11.076900
67.858333	0.5	11.087800
67.866667	0.5	11.114600
67.875000	0.5	11.135950
67.883333	0.5	11.154300
67.891667	0.5	11.172850
67.900000	0.5	11.190350
67.908333	0.5	11.226700
67.916667	0.5	11.252200
67.925000	0.5	11.269950
67.933333	0.5	11.305850
67.941667	0.5	11.332750
67.950000	0.5	11.367350
67.958333	0.5	11.383900
67.966667	0.5	11.413400
67.975000	0.5	11.431900
67.983333	0.5	11.461450
67.991667	0.5	11.483800
68.000000	0.5	11.512250
68.008333	0.5	11.534500
68.016667	0.5	11.566150
68.025000	0.5	11.574350
68.033333	0.5	11.602650
68.041667	0.5	11.624150
68.050000	0.5	11.636750
68.058333	0.5	11.645550
68.066667	0.5	11.661300
68.075000	0.5	11.661400
68.083333	0.5	11.667800
68.091667	0.5	11.658700
68.100000	0.5	11.653150
68.108333	0.5	11.655700
68.116667	0.5	11.636850
68.125000	0.5	11.614700
68.133333	0.5	11.601700
68.141667	0.5	11.580400
68.150000	0.5	11.553150
68.158333	0.5	11.518800
68.166667	0.5	11.484100
68.175000	0.5	11.449500
68.183333	0.5	11.407750
68.191667	0.5	11.361450
68.200000	0.5	11.316700
68.208333	0.5	11.265650
68.216667	0.5	11.216350
68.225000	0.5	11.161250
68.233333	0.5	11.102700
68.241667	0.5	11.058100
68.250000	0.5	10.987200
68.258333	0.5	10.942950
68.266667	0.5	10.893900
68.275000	0.5	10.839900
68.283333	0.5	10.805550
68.291667	0.5	10.751300
68.300000	0.5	10.715100
68.308333	0.5	10.676950
68.316667	0.5	10.649000
68.325000	0.5	10.622900
68.333333	0.5	10.617300
68.341667	0.5	10.579700
68.350000	0.5	10.565650
68.358333	0.5	10.555350
68.366667	0.5	10.543450
68.375000	0.5	10.536900
68.383333	0.5	10.545500
68.391667	0.5	10.532300
68.400000	0.5	10.529550
68.408333	0.5	10.536350
68.416667	0.5	10.538550
68.425000	0.5	10.542550
68.433333	0.5	10.545950
68.441667	0.5	10.563350
68.450000	0.5	10.559450
68.458333	0.5	10.576950
68.466667	0.5	10.580400
68.475000	0.5	10.588700
68.483333	0.5	10.603350
68.491667	0.5	10.612450
68.500000	0.5	10.612550
68.508333	0.5	10.634950
68.516667	0.5	10.639200
68.525000	0.5	10.655650
68.533333	0.5	10.675850
68.541667	0.5	10.684900
68.550000	0.5	10.691800
68.558333	0.5	10.709400
68.566667	0.5	10.735200
68.575000	0.5	10.743150
68.583333	0.5	10.767350
68.591667	0.5	10.779100
68.600000	0.5	10.811000
68.608333	0.5	10.826350
68.616667	0.5	10.857750
68.625000	0.5	10.888550
68.633333	0.5	10.906700
68.641667	0.5	10.932950
68.650000	0.5	10.982450
68.658333	0.5	11.014900
68.666667	0.5	11.047300
68.675000	0.5	11.069350
68.683333	0.5	11.117750
68.691667	0.5	11.158600
68.700000	0.5	11.209650
68.708333	0.5	11.251800
68.716667	0.5	11.302600
68.725000	0.5	11.341500
68.733333	0.5	11.394650
68.741667	0.5	11.452200
68.750000	0.5	11.496900
68.758333	0.5	11.529450
68.766667	0.5	11.576250
68.775000	0.5	11.615850
68.783333	0.5	11.640250
68.791667	0.5	11.668300
68.800000	0.5	11.695900
68.808333	0.5	11.702750
68.816667	0.5	11.706750
68.825000	0.5	11.719000
68.833333	0.5	11.720200
68.841667	0.5	11.719600
68.850000	0.5	11.713300
68.858333	0.5	11.713450
68.866667	0.5	11.717500
68.875000	0.5	11.688050
68.883333	0.5	11.667050
68.891667	0.5	11.660600
68.900000	0.5	11.652250
68.908333	0.5	11.650350
68.916667	0.5	11.641000
68.925000	0.5	11.624200
68.933333	0.5	11.623200
68.941667	0.5	11.628600
68.950000	0.5	11.636200
68.958333	0.5	11.623600
68.966667	0.5	11.623800
68.975000	0.5	11.644000
68.983333	0.5	11.631350
68.991667	0.5	11.633300
69.000000	0.5	11.634300
69.008333	0.5	11.630550
69.016667	0.5	11.633150
69.025000	0.5	11.628400
69.033333	0.5	11.631350
69.041667	0.5	11.627250
69.050000	0.5	11.618350
69.058333	0.5	11.616550
69.066667	0.5	11.619500
69.075000	0.5	11.618150
69.083333	0.5	11.611300
69.091667	0.5	11.610700
69.100000	0.5	11.599750
69.108333	0.5	11.594700
69.116667	0.5	11.590950
69.125000	0.5	11.593700
69.133333	0.5	11.583800
69.141667	0.5	11.580650
69.150000	0.5	11.580250
69.158333	0.5	11.574250
69.166667	0.5	11.573750
69.175000	0.5	11.567150
69.183333	0.5	11.578450
69.191667	0.5	11.574900
69.200000	0.5	11.562850
69.208333	0.5	11.561050
69.216667	0.5	11.565950
69.225000	0.5	11.566000
69.233333	0.5	11.570000
69.241667	0.5	11.568350
69.250000	0.5	11.569750
69.258333	0.5	11.578300
69.266667	0.5	11.573100
69.275000	0.5	11.586300
69.283333	0.5	11.582050
69.291667	0.5	11.583500
69.300000	0.5	11.596650
69.308333	0.5	11.600750
69.316667	0.5	11.592300
69.325000	0.5	11.604450
69.333333	0.5	11.615300
69.341667	0.5	11.608550
69.350000	0.5	11.616350
69.358333	0.5	11.620300
69.366667	0.5	11.627350
69.375000	0.5	11.629300
69.383333	0.5	11.638000
69.391667	0.5	11.642450
69.400000	0.5	11.644400
69.408333	0.5	11.649700
69.416667	0.5	11.655100
69.425000	0.5	11.658700
69.433333	0.5	11.658350
69.441667	0.5	11.672800
69.450000	0.5	11.681800
69.458333	0.5	11.679400
69.466667	0.5	11.689550
69.475000	0.5	11.698550
69.483333	0.5	11.700450
69.491667	0.5	11.703100
69.500000	0.5	11.700600
69.508333	0.5	11.714400
69.516667	0.5	11.723150
69.525000	0.5	11.732550
69.533333	0.5	11.731250
69.541667	0.5	11.738550
69.550000	0.5	11.746850
69.558333	0.5	11.743150
69.566667	0.5	11.764200
69.575000	0.5	11.769000
69.583333	0.5	11.779300
69.591667	0.5	11.785100
69.600000	0.5	11.792400
69.608333	0.5	11.800950
69.616667	0.5	11.798250
69.625000	0.5	11.814300
69.633333	0.5	11.809100
69.641667	0.5	11.833200
69.650000	0.5	11.838850
69.658333	0.5	11.849400
69.666667	0.5	11.857500
69.675000	0.5	11.863950
69.683333	0.5	11.866350
69.691667	0.5	11.887800
69.700000	0.5	11.901650
69.708333	0.5	11.914700
69.716667	0.5	11.919650
69.725000	0.5	11.930600
69.733333	0.5	11.939400
69.741667	0.5	11.955850
69.750000	0.5	11.971150
69.758333	0.5	11.985150
69.766667	0.5	11.998800
69.775000	0.5	12.005500
69.783333	0.5	12.029100
69.791667	0.5	12.047950
69.800000	0.5	12.061400
69.808333	0.5	12.073500
69.816667	0.5	12.091950
69.825000	0.5	12.118600
69.833333	0.5	12.135100
69.841667	0.5	12.158150
69.850000	0.5	12.176100
69.858333	0.5	12.198950
69.866667	0.5	12.219100
69.875000	0.5	12.249950
69.883333	0.5	12.262400
69.891667	0.5	12.295650
69.900000	0.5	12.308100
69.908333	0.5	12.342900
69.916667	0.5	12.360050
69.925000	0.5	12.387750
69.933333	0.5	12.400200
69.941667	0.5	12.436550
69.950000	0.5	12.454550
69.958333	0.5	12.472700
69.966667	0.5	12.494750
69.975000	0.5	12.521850
69.983333	0.5	12.535050
69.991667	0.5	12.557000
70.000000	0.5	12.575350
70.008333	0.5	12.590850
70.016667	0.5	12.604450
70.025000	0.5	12.618900
70.033333	0.5	12.630000
70.041667	0.5	12.656250
70.050000	0.5	12.650700
70.058333	0.5	12.678750
70.066667	0.5	12.675500
70.075000	0.5	12.690700
70.083333	0.5	12.696300
70.091667	0.5	12.698450
70.100000	0.5	12.709400
70.108333	0.5	12.708850
70.116667	0.5	12.718750
70.125000	0.5	12.730900
70.133333	0.5	12.727000
70.141667	0.5	12.736050
70.150000	0.5	12.742900
70.158333	0.5	12.737200
70.166667	0.5	12.742650
70.175000	0.5	12.746800
70.183333	0.5	12.752200
70.191667	0.5	12.759450
70.200000	0.5	12.768650
70.208333	0.5	12.771100
70.216667	0.5	12.782200
70.225000	0.5	12.784100
70.233333	0.5	12.797300
70.241667	0.5	12.806450
70.250000	0.5	12.814750
70.258333	0.5	12.826100
70.266667	0.5	12.840600
70.275000	0.5	12.859750
70.283333	0.5	12.873600
70.291667	0.5	12.893900
70.300000	0.5	12.910800
70.308333	0.5	12.937300
70.316667	0.5	12.952700
70.325000	0.5	12.986550
70.333333	0.5	13.012850
70.341667	0.5	13.039200
70.350000	0.5	13.067400
70.358333	0.5	13.104400
70.366667	0.5	13.125700
70.375000	0.5	13.175550
70.383333	0.5	13.202250
70.391667	0.5	13.236700
70.400000	0.5	13.275150
70.408333	0.5	13.308150
70.416667	0.5	13.344350
70.425000	0.5	13.391450
70.433333	0.5	13.423950
70.441667	0.5	13.469550
70.450000	0.5	13.499900
70.458333	0.5	13.542000
70.466667	0.5	13.586100
70.475000	0.5	13.607700
70.483333	0.5	13.657450
70.491667	0.5	13.682800
70.500000	0.5	13.713150
70.508333	0.5	13.749700
70.516667	0.5	13.771900
70.525000	0.5	13.802050
70.533333	0.5	13.835350
70.541667	0.5	13.847050
70.550000	0.5	13.871050
70.558333	0.5	13.901200
70.566667	0.5	13.909250
70.575000	0.5	13.919900
70.583333	0.5	13.942550
70.591667	0.5	13.954800
70.600000	0.5	13.959650
70.608333	0.5	13.960150
70.616667	0.5	13.972850
70.625000	0.5	13.969150
70.633333	0.5	13.982550
70.641667	0.5	13.975950
70.650000	0.5	13.968300
70.658333	0.5	13.965050
70.666667	0.5	13.954700
70.675000	0.5	13.959250
70.683333	0.5	13.946700
70.691667	0.5	13.945600
70.700000	0.5	13.939700
70.708333	0.5	13.920350
70.716667	0.5	13.919600
70.725000	0.5	13.925750
70.733333	0.5	13.902650
70.741667	0.5	13.895100
70.750000	0.5	13.888400
70.758333	0.5	13.889300
70.766667	0.5	13.875200
70.775000	0.5	13.859100
70.783333	0.5	13.843600
70.791667	0.5	13.844000
70.800000	0.5	13.818700
70.808333	0.5	13.827650
70.816667	0.5	13.821700
70.825000	0.5	13.814150
70.833333	0.5	13.814200
70.841667	0.5	13.807750
70.850000	0.5	13.801450
70.858333	0.5	13.797050
70.866667	0.5	13.794850
70.875000	0.5	13.786600
70.883333	0.5	13.798050
70.891667	0.5	13.792800
70.900000	0.5	13.799800
70.908333	0.5	13.801550
70.916667	0.5	13.797250
70.925000	0.5	13.793500
70.933333	0.5	13.790900
70.941667	0.5	13.801400
70.950000	0.5	13.794850
70.958333	0.5	13.814300
70.966667	0.5	13.816100
70.975000	0.5	13.827100
70.983333	0.5	13.815900
70.991667	0.5	13.819100
71.000000	0.5	13.826400
71.008333	0.5	13.827550
71.016667	0.5	13.829550
71.025000	0.5	13.838250
71.033333	0.5	13.844000
71.041667	0.5	13.846150
71.050000	0.5	13.842300
71.058333	0.5	13.848550
71.066667	0.5	13.852000
71.075000	0.5	13.859400
71.083333	0.5	13.858350
71.091667	0.5	13.871500
71.100000	0.5	13.862850
71.108333	0.5	13.873000
71.116667	0.5	13.864200
71.125000	0.5	13.884600
71.133333	0.5	13.881350
71.141667	0.5	13.876800
71.150000	0.5	13.886800
71.158333	0.5	13.886650
71.166667	0.5	13.893600
71.175000	0.5	13.895600
71.183333	0.5	13.893350
71.191667	0.5	13.904250
71.200000	0.5	13.920650
71.208333	0.5	13.917350
71.216667	0.5	13.913550
71.225000	0.5	13.919150
71.233333	0.5	13.916650
71.241667	0.5	13.918600
71.250000	0.5	13.916950
71.258333	0.5	13.918400
71.266667	0.5	13.921700
71.275000	0.5	13.917000
71.283333	0.5	13.920700
71.291667	0.5	13.922900
71.300000	0.5	13.921150
71.308333	0.5	13.924450
71.316667	0.5	13.921850
71.325000	0.5	13.923200
71.333333	0.5	13.932200
71.341667	0.5	13.920850
71.350000	0.5	13.921550
71.358333	0.5	13.925750
71.366667	0.5	13.918150
71.375000	0.5	13.915850
71.383333	0.5	13.917050
71.391667	0.5	13.926300
71.400000	0.5	13.918250
71.408333	0.5	13.914750
71.416667	0.5	13.914700
71.425000	0.5	13.914600
71.433333	0.5	13.913250
71.441667	0.5	13.913150
71.450000	0.5	13.897200
71.458333	0.5	13.899450
71.466667	0.5	13.897500
71.475000	0.5	13.891400
71.483333	0.5	13.889200
71.491667	0.5	13.891350
71.500000	0.5	13.891000
71.508333	0.5	13.892500
71.516667	0.5	13.878750
71.525000	0.5	13.869700
71.533333	0.5	13.871900
71.541667	0.5	13.867050
71.550000	0.5	13.876450
71.558333	0.5	13.888900
71.566667	0.5	13.868350
71.575000	0.5	13.871650
71.583333	0.5	13.874700
71.591667	0.5	13.872700
71.600000	0.5	13.865450
71.608333	0.5	13.864750
71.616667	0.5	13.874900
71.625000	0.5	13.890350
71.633333	0.5	13.872400
71.641667	0.5	13.877750
71.650000	0.5	13.880150
71.658333	0.5	13.886050
71.666667	0.5	13.890800
71.675000	0.5	13.896750
71.683333	0.5	13.899050
71.691667	0.5	13.896900
71.700000	0.5	13.900100
71.708333	0.5	13.894900
71.716667	0.5	13.908200
71.725000	0.5	13.917250
71.733333	0.5	13.911950
71.741667	0.5	13.916300
71.750000	0.5	13.912000
71.758333	0.5	13.909150
71.766667	0.5	13.924050
71.775000	0.5	13.919250
71.783333	0.5	13.912900
71.791667	0.5	13.922550
71.800000	0.5	13.911000
71.808333	0.5	13.908750
71.816667	0.5	13.904900
71.825000	0.5	13.915200
71.833333	0.5	13.896300
71.841667	0.5	13.888650
71.850000	0.5	13.877050
71.858333	0.5	13.877850
71.866667	0.5	13.875650
71.875000	0.5	13.874050
71.883333	0.5	13.857750
71.891667	0.5	13.849050
71.900000	0.5	13.843850
71.908333	0.5	13.846600
71.916667	0.5	13.842850
71.925000	0.5	13.840100
71.933333	0.5	13.842650
71.941667	0.5	13.845100
71.950000	0.5	13.845700
71.958333	0.5	13.856700
71.966667	0.5	13.872750
71.975000	0.5	13.884200
71.983333	0.5	13.900050
71.991667	0.5	13.920450
72.000000	0.5	13.952000
72.008333	0.5	13.965000
72.016667	0.5	13.991200
72.025000	0.5	14.023800
72.033333	0.5	14.063350
72.041667	0.5	14.107650
72.050000	0.5	14.136150
72.058333	0.5	14.177950
72.066667	0.5	14.219950
72.075000	0.5	14.257350
72.083333	0.5	14.309550
72.091667	0.5	14.339950
72.100000	0.5	14.369850
72.108333	0.5	14.413850
72.116667	0.5	14.442000
72.125000	0.5	14.486750
72.133333	0.5	14.523450
72.141667	0.5	14.560400
72.150000	0.5	14.602350
72.158333	0.5	14.620200
72.166667	0.5	14.651700
72.175000	0.5	14.678500
72.183333	0.5	14.694400
72.191667	0.5	14.715300
72.200000	0.5	14.728750
72.208333	0.5	14.742800
72.216667	0.5	14.759900
72.225000	0.5	14.765300
72.233333	0.5	14.761700
72.241667	0.5	14.776050
72.250000	0.5	14.770050
72.258333	0.5	14.757200
72.266667	0.5	14.741850
72.275000	0.5	14.730000
72.283333	0.5	14.712650
72.291667	0.5	14.678150
72.300000	0.5	14.667550
72.308333	0.5	14.619000
72.316667	0.5	14.590200
72.325000	0.5	14.554900
72.333333	0.5	14.511700
72.341667	0.5	14.463550
72.350000	0.5	14.418750
72.358333	0.5	14.364300
72.366667	0.5	14.322700
72.375000	0.5	14.264350
72.383333	0.5	14.204750
72.391667	0.5	14.134700
72.400000	0.5	14.084300
72.408333	0.5	14.021900
72.416667	0.5	13.960700
72.425000	0.5	13.896050
72.433333	0.5	13.838150
72.441667	0.5	13.776200
72.450000	0.5	13.716350
72.458333	0.5	13.664750
72.466667	0.5	13.609100
72.475000	0.5	13.565000
72.483333	0.5	13.516800
72.491667	0.5	13.462450
72.500000	0.5	13.418100
72.508333	0.5	13.372350
72.516667	0.5	13.337650
72.525000	0.5	13.307850
72.533333	0.5	13.260850
72.541667	0.5	13.230100
72.550000	0.5	13.207950
72.558333	0.5	13.178400
72.566667	0.5	13.137850
72.575000	0.5	13.118150
72.583333	0.5	13.094050
72.591667	0.5	13.061150
72.600000	0.5	13.044750
72.608333	0.5	13.013200
72.616667	0.5	12.993850
72.625000	0.5	12.977600
72.633333	0.5	12.957550
72.641667	0.5	12.930800
72.650000	0.5	12.911650
72.658333	0.5	12.900550
72.666667	0.5	12.880350
72.675000	0.5	12.865050
72.683333	0.5	12.839800
72.691667	0.5	12.840600
72.700000	0.5	12.795850
72.708333	0.5	12.794350
72.716667	0.5	12.770950
72.725000	0.5	12.762150
72.733333	0.5	12.734700
72.741667	0.5	12.728350
72.750000	0.5	12.710700
72.758333	0.5	12.685050
72.766667	0.5	12.671750
72.775000	0.5	12.654600
72.783333	0.5	12.637900
72.791667	0.5	12.623250
72.800000	0.5	12.608400
72.808333	0.5	12.583250
72.816667	0.5	12.586650
72.825000	0.5	12.561400
72.833333	0.5	12.551200
72.841667	0.5	12.529450
72.850000	0.5	12.528200
72.858333	0.5	12.503650
72.866667	0.5	12.486700
72.875000	0.5	12.485600
72.883333	0.5	12.469250
72.891667	0.5	12.446750
72.900000	0.5	12.442800
72.908333	0.5	12.429400
72.916667	0.5	12.417650
72.925000	0.5	12.415450
72.933333	0.5	12.397150
72.941667	0.5	12.381300
72.950000	0.5	12.371000
72.958333	0.5	12.362800
72.966667	0.5	12.352850
72.975000	0.5	12.353450
72.983333	0.5	12.333350
72.991667	0.5	12.326000
73.000000	0.5	12.312400
73.008333	0.5	12.303400
73.016667	0.5	12.309200
73.025000	0.5	12.299300
73.033333	0.5	12.299250
73.041667	0.5	12.288700
73.050000	0.5	12.283650
73.058333	0.5	12.268350
73.066667	0.5	12.269900
73.075000	0.5	12.270800
73.083333	0.5	12.270250
73.091667	0.5	12.271100
73.100000	0.5	12.272200
73.108333	0.5	12.285650
73.116667	0.5	12.291150
73.125000	0.5	12.295400
73.133333	0.5	12.304150
73.141667	0.5	12.319000
73.150000	0.5	12.330750
73.158333	0.5	12.349850
73.166667	0.5	12.366550
73.175000	0.5	12.385900
73.183333	0.5	12.413400
73.191667	0.5	12.439500
73.200000	0.5	12.476850
73.208333	0.5	12.503300
73.216667	0.5	12.540600
73.225000	0.5	12.586100
73.233333	0.5	12.613250
73.241667	0.5	12.661350
73.250000	0.5	12.711600
73.258333	0.5	12.744350
73.266667	0.5	12.797000
73.275000	0.5	12.842250
73.283333	0.5	12.880450
73.291667	0.5	12.938650
73.300000	0.5	12.978350
73.308333	0.5	13.029650
73.316667	0.5	13.089900
73.325000	0.5	13.133350
73.333333	0.5	13.180900
73.341667	0.5	13.224600
73.350000	0.5	13.275900
73.358333	0.5	13.317950
73.366667	0.5	13.353400
73.375000	0.5	13.394350
73.383333	0.5	13.448450
73.391667	0.5	13.472650
73.400000	0.5	13.511550
73.408333	0.5	13.550250
73.416667	0.5	13.585900
73.425000	0.5	13.625550
73.433333	0.5	13.650800
73.441667	0.5	13.692500
73.450000	0.5	13.726650
73.458333	0.5	13.759250
73.466667	0.5	13.807400
73.475000	0.5	13.857100
73.483333	0.5	13.887100
73.491667	0.5	13.938250
73.500000	0.5	13.991750
73.508333	0.5	14.038950
73.516667	0.5	14.084100
73.525000	0.5	14.140800
73.533333	0.5	14.196950
73.541667	0.5	14.252950
73.550000	0.5	14.326350
73.558333	0.5	14.366150
73.566667	0.5	14.444100
73.575000	0.5	14.484150
73.583333	0.5	14.543500
73.591667	0.5	14.600200
73.600000	0.5	14.639200
73.608333	0.5	14.692750
73.616667	0.5	14.743850
73.625000	0.5	14.791600
73.633333	0.5	14.835500
73.641667	0.5	14.871550
73.650000	0.5	14.910150
73.658333	0.5	14.936050
73.666667	0.5	14.969100
73.675000	0.5	14.993800
73.683333	0.5	15.015200
73.691667	0.5	15.021300
73.700000	0.5	15.035600
73.708333	0.5	15.044600
73.716667	0.5	15.051800
73.725000	0.5	15.058350
73.733333	0.5	15.050750
73.741667	0.5	15.039700
73.750000	0.5	15.034300
73.758333	0.5	15.021200
73.766667	0.5	14.993550
73.775000	0.5	14.973000
73.783333	0.5	14.950900
73.791667	0.5	14.916200
73.800000	0.5	14.874950
73.808333	0.5	14.839450
73.816667	0.5	14.791050
73.825000	0.5	14.735350
73.833333	0.5	14.685700
73.841667	0.5	14.621000
73.850000	0.5	14.565700
73.858333	0.5	14.489850
73.866667	0.5	14.420750
73.875000	0.5	14.339800
73.883333	0.5	14.268200
73.891667	0.5	14.180750
73.900000	0.5	14.098200
73.908333	0.5	14.006000
73.916667	0.5	13.923550
73.925000	0.5	13.832350
73.933333	0.5	13.751100
73.941667	0.5	13.662400
73.950000	0.5	13.590300
73.958333	0.5	13.494400
73.966667	0.5	13.420100
73.975000	0.5	13.340850
73.983333	0.5	13.263750
73.991667	0.5	13.195250
74.000000	0.5	13.117500
74.008333	0.5	13.052300
74.016667	0.5	12.986550
74.025000	0.5	12.926700
74.033333	0.5	12.877550
74.041667	0.5	12.817700
74.050000	0.5	12.774300
74.058333	0.5	12.719850
74.066667	0.5	12.683500
74.075000	0.5	12.640200
74.083333	0.5	12.604050
74.091667	0.5	12.563700
74.100000	0.5	12.528950
74.108333	0.5	12.496900
74.116667	0.5	12.469050
74.125000	0.5	12.437850
74.133333	0.5	12.410000
74.141667	0.5	12.381300
74.150000	0.5	12.358500
74.158333	0.5	12.338400
74.166667	0.5	12.314800
74.175000	0.5	12.286750
74.183333	0.5	12.270500
74.191667	0.5	12.247750
74.200000	0.5	12.230250
74.208333	0.5	12.216800
74.216667	0.5	12.196000
74.225000	0.5	12.170850
74.233333	0.5	12.158550
74.241667	0.5	12.141500
74.250000	0.5	12.122500
74.258333	0.5	12.106200
74.266667	0.5	12.100100
74.275000	0.5	12.085850
74.283333	0.5	12.068700
74.291667	0.5	12.055300
74.300000	0.5	12.044400
74.308333	0.5	12.028850
74.316667	0.5	12.019850
74.325000	0.5	12.013450
74.333333	0.5	12.003350
74.341667	0.5	11.991450
74.350000	0.5	11.984100
74.358333	0.5	11.968050
74.366667	0.5	11.965350
74.375000	0.5	11.950400
74.383333	0.5	11.951500
74.391667	0.5	11.939750
74.400000	0.5	11.943800
74.408333	0.5	11.923550
74.416667	0.5	11.919250
74.425000	0.5	11.907300
74.433333	0.5	11.911300
74.441667	0.5	11.904500
74.450000	0.5	11.903100
74.458333	0.5	11.893900
74.466667	0.5	11.896700
74.475000	0.5	11.906600
74.483333	0.5	11.894600
74.491667	0.5	11.893950
74.500000	0.5	11.881400
74.508333	0.5	11.887100
74.516667	0.5	11.887200
74.525000	0.5	11.895950
74.533333	0.5	11.879800
74.541667	0.5	11.885750
74.550000	0.5	11.890100
74.558333	0.5	11.878350
74.566667	0.5	11.896900
74.575000	0.5	11.882800
74.583333	0.5	11.885750
74.591667	0.5	11.877300
74.600000	0.5	11.880150
74.608333	0.5	11.888250
74.616667	0.5	11.888600
74.625000	0.5	11.892750
74.633333	0.5	11.890500
74.641667	0.5	11.896300
74.650000	0.5	11.906650
74.658333	0.5	11.916400
74.666667	0.5	11.919550
74.675000	0.5	11.928150
74.683333	0.5	11.937200
74.691667	0.5	11.944250
74.700000	0.5	11.950250
74.708333	0.5	11.967700
74.716667	0.5	11.971750
74.725000	0.5	11.985000
74.733333	0.5	12.007450
74.741667	0.5	12.032700
74.750000	0.5	12.048150
74.758333	0.5	12.070850
74.766667	0.5	12.112050
74.775000	0.5	12.124250
74.783333	0.5	12.163350
74.791667	0.5	12.185700
74.800000	0.5	12.217700
74.808333	0.5	12.247400
74.816667	0.5	12.289200
74.825000	0.5	12.324850
74.833333	0.5	12.371500
74.841667	0.5	12.410600
74.850000	0.5	12.461950
74.858333	0.5	12.516900
74.866667	0.5	12.558250
74.875000	0.5	12.606650
74.883333	0.5	12.659350
74.891667	0.5	12.713350
74.900000	0.5	12.782550
74.908333	0.5	12.834950
74.916667	0.5	12.896150
74.925000	0.5	12.954800
74.933333	0.5	13.019250
74.941667	0.5	13.079450
74.950000	0.5	13.143800
74.958333	0.5	13.205450
74.966667	0.5	13.274050
74.975000	0.5	13.335950
74.983333	0.5	13.392900
74.991667	0.5	13.462700
75.000000	0.5	13.529000
75.008333	0.5	13.580750
75.016667	0.5	13.657500
75.025000	0.5	13.710850
75.033333	0.5	13.772250
75.041667	0.5	13.821850
75.050000	0.5	13.873200
75.058333	0.5	13.927800
75.066667	0.5	13.969850
75.075000	0.5	14.009050
75.083333	0.5	14.061350
75.091667	0.5	14.087200
75.100000	0.5	14.120900
75.108333	0.5	14.156000
75.116667	0.5	14.187550
75.125000	0.5	14.208500
75.133333	0.5	14.226800
75.141667	0.5	14.247550
75.150000	0.5	14.264850
75.158333	0.5	14.269050
75.166667	0.5	14.283900
75.175000	0.5	14.283500
75.183333	0.5	14.282800
75.191667	0.5	14.279550
75.200000	0.5	14.272350
75.208333	0.5	14.263350
75.216667	0.5	14.251700
75.225000	0.5	14.232650
75.233333	0.5	14.213650
75.241667	0.5	14.188150
75.250000	0.5	14.161250
75.258333	0.5	14.130700
75.266667	0.5	14.080500
75.275000	0.5	14.036150
75.283333	0.5	14.002750
75.291667	0.5	13.942650
75.300000	0.5	13.907200
75.308333	0.5	13.845200
75.316667	0.5	13.782250
75.325000	0.5	13.721300
75.333333	0.5	13.666000
75.341667	0.5	13.591650
75.350000	0.5	13.516300
75.358333	0.5	13.440750
75.366667	0.5	13.374000
75.375000	0.5	13.294600
75.383333	0.5	13.234850
75.391667	0.5	13.149950
75.400000	0.5	13.067550
75.408333	0.5	12.997200
75.416667	0.5	12.947350
75.425000	0.5	12.856000
75.433333	0.5	12.787000
75.441667	0.5	12.717250
75.450000	0.5	12.654750
75.458333	0.5	12.612600
75.466667	0.5	12.540750
75.475000	0.5	12.485500
75.483333	0.5	12.433900
75.491667	0.5	12.378800
75.500000	0.5	12.331850
75.508333	0.5	12.299550
75.516667	0.5	12.252150
75.525000	0.5	12.211300
75.533333	0.5	12.182100
75.541667	0.5	12.152050
75.550000	0.5	12.135250
75.558333	0.5	12.093800
75.566667	0.5	12.070000
75.575000	0.5	12.052000
75.583333	0.5	12.029350
75.591667	0.5	12.006050
75.600000	0.5	11.996500
75.608333	0.5	11.978900
75.616667	0.5	11.974350
75.625000	0.5	11.960600
75.633333	0.5	11.929650
75.641667	0.5	11.919850
75.650000	0.5	11.910600
75.658333	0.5	11.894550
75.666667	0.5	11.892050
75.675000	0.5	11.885250
75.683333	0.5	11.861400
75.691667	0.5	11.873300
75.700000	0.5	11.857600
75.708333	0.5	11.844350
75.716667	0.5	11.844200
75.725000	0.5	11.838200
75.733333	0.5	11.826200
75.741667	0.5	11.830800
75.750000	0.5	11.816000
75.758333	0.5	11.811000
75.766667	0.5	11.816000
75.775000	0.5	11.803050
75.783333	0.5	11.797500
75.791667	0.5	11.797850
75.800000	0.5	11.810400
75.808333	0.5	11.786600
75.816667	0.5	11.793200
75.825000	0.5	11.775350
75.833333	0.5	11.784200
75.841667	0.5	11.774100
75.850000	0.5	11.776800
75.858333	0.5	11.772050
75.866667	0.5	11.770450
75.875000	0.5	11.761250
75.883333	0.5	11.772800
75.891667	0.5	11.765800
75.900000	0.5	11.765250
75.908333	0.5	11.766300
75.916667	0.5	11.776650
75.925000	0.5	11.767550
75.933333	0.5	11.779100
75.941667	0.5	11.756000
75.950000	0.5	11.767350
75.958333	0.5	11.764750
75.966667	0.5	11.772650
75.975000	0.5	11.766650
75.983333	0.5	11.765100
75.991667	0.5	11.771050
76.000000	0.5	11.774400
76.008333	0.5	11.775150
76.016667	0.5	11.793750
76.025000	0.5	11.783300
76.033333	0.5	11.782100
76.041667	0.5	11.785100
76.050000	0.5	11.790800
76.058333	0.5	11.802500
76.066667	0.5	11.789650
76.075000	0.5	11.795400
76.083333	0.5	11.799950
76.091667	0.5	11.810900
76.100000	0.5	11.823800
76.108333	0.5	11.821950
76.116667	0.5	11.817950
76.125000	0.5	11.817650
76.133333	0.5	11.832350
76.141667	0.5	11.835300
76.150000	0.5	11.839450
76.158333	0.5	11.848250
76.166667	0.5	11.855300
76.175000	0.5	11.863150
76.183333	0.5	11.872100
76.191667	0.5	11.880500
76.200000	0.5	11.896400
76.208333	0.5	11.913100
76.216667	0.5	11.931250
76.225000	0.5	11.950150
76.233333	0.5	11.965750
76.241667	0.5	11.995450
76.250000	0.5	12.034650
76.258333	0.5	12.049050
76.266667	0.5	12.078100
76.275000	0.5	12.126250
76.283333	0.5	12.154300
76.291667	0.5	12.201700
76.300000	0.5	12.257200
76.308333	0.5	12.303450
76.316667	0.5	12.354400
76.325000	0.5	12.415650
76.333333	0.5	12.477550
76.341667	0.5	12.544300
76.350000	0.5	12.608500
76.358333	0.5	12.690200
76.366667	0.5	12.775300
76.375000	0.5	12.845900
76.383333	0.5	12.920700
76.391667	0.5	13.014900
76.400000	0.5	13.086250
76.408333	0.5	13.164500
76.416667	0.5	13.256500
76.425000	0.5	13.334400
76.433333	0.5	13.405750
76.441667	0.5	13.487100
76.450000	0.5	13.543750
76.458333	0.5	13.619900
76.466667	0.5	13.682150
76.475000	0.5	13.756600
76.483333	0.5	13.815300
76.491667	0.5	13.864000
76.500000	0.5	13.916750
76.508333	0.5	13.958300
76.516667	0.5	14.001250
76.525000	0.5	14.042550
76.533333	0.5	14.063800
76.541667	0.5	14.112200
76.550000	0.5	14.120100
76.558333	0.5	14.146000
76.566667	0.5	14.165500
76.575000	0.5	14.173250
76.583333	0.5	14.166050
76.591667	0.5	14.189150
76.600000	0.5	14.176150
76.608333	0.5	14.162000
76.616667	0.5	14.161850
76.625000	0.5	14.135450
76.633333	0.5	14.123000
76.641667	0.5	14.101100
76.650000	0.5	14.061700
76.658333	0.5	14.034750
76.666667	0.5	14.002300
76.675000	0.5	13.949900
76.683333	0.5	13.900750
76.691667	0.5	13.854300
76.700000	0.5	13.802800
76.708333	0.5	13.746300
76.716667	0.5	13.685750
76.725000	0.5	13.613450
76.733333	0.5	13.545250
76.741667	0.5	13.476250
76.750000	0.5	13.412950
76.758333	0.5	13.331600
76.766667	0.5	13.255950
76.775000	0.5	13.177500
76.783333	0.5	13.116250
76.791667	0.5	13.028750
76.800000	0.5	12.942950
76.808333	0.5	12.878450
76.816667	0.5	12.816150
76.825000	0.5	12.727400
76.833333	0.5	12.671500
76.841667	0.5	12.602850
76.850000	0.5	12.545450
76.858333	0.5	12.483550
76.866667	0.5	12.421500
76.875000	0.5	12.364500
76.883333	0.5	12.325500
76.891667	0.5	12.271850
76.900000	0.5	12.221950
76.908333	0.5	12.180250
76.916667	0.5	12.142250
76.925000	0.5	12.118850
76.933333	0.5	12.082600
76.941667	0.5	12.049700
76.950000	0.5	12.035900
76.958333	0.5	12.005400
76.966667	0.5	11.981700
76.975000	0.5	11.959550
76.983333	0.5	11.952050
76.991667	0.5	11.937150
77.000000	0.5	11.917850
77.008333	0.5	11.901600
77.016667	0.5	11.898800
77.025000	0.5	11.885450
77.033333	0.5	11.878650
77.041667	0.5	11.871050
77.050000	0.5	11.871900
77.058333	0.5	11.855550
77.066667	0.5	11.852350
77.075000	0.5	11.842150
77.083333	0.5	11.848150
77.091667	0.5	11.851600
77.100000	0.5	11.854500
77.108333	0.5	11.854150
77.116667	0.5	11.859250
77.125000	0.5	11.861200
77.133333	0.5	11.872900
77.141667	0.5	11.877800
77.150000	0.5	11.884900
77.158333	0.5	11.885650
77.166667	0.5	11.889500
77.175000	0.5	11.898000
77.183333	0.5	11.920100
77.191667	0.5	11.920900
77.200000	0.5	11.941950
77.208333	0.5	11.946250
77.216667	0.5	11.963000
77.225000	0.5	11.972100
77.233333	0.5	11.997200
77.241667	0.5	12.009800
77.250000	0.5	12.026450
77.258333	0.5	12.051900
77.266667	0.5	12.068500
77.275000	0.5	12.097150
77.283333	0.5	12.124150
77.291667	0.5	12.159600
77.300000	0.5	12.185400
77.308333	0.5	12.211600
77.316667	0.5	12.236700
77.325000	0.5	12.273800
77.333333	0.5	12.307450
77.341667	0.5	12.341000
77.350000	0.5	12.371700
77.358333	0.5	12.408300
77.366667	0.5	12.447950
77.375000	0.5	12.486950
77.383333	0.5	12.536100
77.391667	0.5	12.568450
77.400000	0.5	12.614900
77.408333	0.5	12.650450
77.416667	0.5	12.695900
77.425000	0.5	12.742400
77.433333	0.5	12.783600
77.441667	0.5	12.821400
77.450000	0.5	12.866200
77.458333	0.5	12.912700
77.466667	0.5	12.953700
77.475000	0.5	12.998000
77.483333	0.5	13.040350
77.491667	0.5	13.080800
77.500000	0.5	13.131550
77.508333	0.5	13.160800
77.516667	0.5	13.212400
77.525000	0.5	13.242500
77.533333	0.5	13.288450
77.541667	0.5	13.326400
77.550000	0.5	13.364550
77.558333	0.5	13.406300
77.566667	0.5	13.429350
77.575000	0.5	13.469200
77.583333	0.5	13.506300
77.591667	0.5	13.544650
77.600000	0.5	13.575800
77.608333	0.5	13.613700
77.616667	0.5	13.653150
77.625000	0.5	13.687950
77.633333	0.5	13.730400
77.641667	0.5	13.751250
77.650000	0.5	13.779800
77.658333	0.5	13.825550
77.666667	0.5	13.852950
77.675000	0.5	13.898600
77.683333	0.5	13.928450
77.691667	0.5	13.976250
77.700000	0.5	14.010900
77.708333	0.5	14.050050
77.716667	0.5	14.084350
77.725000	0.5	14.124250
77.733333	0.5	14.159900
77.741667	0.5	14.203850
77.750000	0.5	14.247900
77.758333	0.5	14.277050
77.766667	0.5	14.323400
77.775000	0.5	14.355400
77.783333	0.5	14.396650
77.791667	0.5	14.440400
77.800000	0.5	14.475650
77.808333	0.5	14.506900
77.816667	0.5	14.546200
77.825000	0.5	14.577950
77.833333	0.5	14.603400
77.841667	0.5	14.637500
77.850000	0.5	14.656600
77.858333	0.5	14.686400
77.866667	0.5	14.709150
77.875000	0.5	14.740800
77.883333	0.5	14.751900
77.891667	0.5	14.764250
77.900000	0.5	14.778500
77.908333	0.5	14.794200
77.916667	0.5	14.803450
77.925000	0.5	14.795150
77.933333	0.5	14.796650
77.941667	0.5	14.793350
77.950000	0.5	14.790550
77.958333	0.5	14.774350
77.966667	0.5	14.764500
77.975000	0.5	14.744300
77.983333	0.5	14.729250
77.991667	0.5	14.692000
78.000000	0.5	14.672100
78.008333	0.5	14.630950
78.016667	0.5	14.598450
78.025000	0.5	14.565650
78.033333	0.5	14.524000
78.041667	0.5	14.459100
78.050000	0.5	14.410050
78.058333	0.5	14.345600
78.066667	0.5	14.292300
78.075000	0.5	14.216300
78.083333	0.5	14.156550
78.091667	0.5	14.088750
78.100000	0.5	14.011850
78.108333	0.5	13.938900
78.116667	0.5	13.853350
78.125000	0.5	13.774550
78.133333	0.5	13.689150
78.141667	0.5	13.604700
78.150000	0.5	13.520750
78.158333	0.5	13.435250
78.166667	0.5	13.345600
78.175000	0.5	13.262250
78.183333	0.5	13.182950
78.191667	0.5	13.105950
78.200000	0.5	13.021850
78.208333	0.5	12.940700
78.216667	0.5	12.855250
78.225000	0.5	12.792400
78.233333	0.5	12.712700
78.241667	0.5	12.635700
78.250000	0.5	12.580000
78.258333	0.5	12.513400
78.266667	0.5	12.453500
78.275000	0.5	12.386800
78.283333	0.5	12.342700
78.291667	0.5	12.286650
78.300000	0.5	12.236100
78.308333	0.5	12.182000
78.316667	0.5	12.153000
78.325000	0.5	12.095750
78.333333	0.5	12.057000
78.341667	0.5	12.020800
78.350000	0.5	11.988150
78.358333	0.5	11.953550
78.366667	0.5	11.918300
78.375000	0.5	11.887800
78.383333	0.5	11.868450
78.391667	0.5	11.838800
78.400000	0.5	11.811400
78.408333	0.5	11.793100
78.416667	0.5	11.771250
78.425000	0.5	11.752650
78.433333	0.5	11.731350
78.441667	0.5	11.712250
78.450000	0.5	11.696850
78.458333	0.5	11.683600
78.466667	0.5	11.671650
78.475000	0.5	11.664750
78.483333	0.5	11.653750
78.491667	0.5	11.638550
78.500000	0.5	11.638550
78.508333	0.5	11.616400
78.516667	0.5	11.615800
78.525000	0.5	11.594850
78.533333	0.5	11.594450
78.541667	0.5	11.604400
78.550000	0.5	11.585950
78.558333	0.5	11.579950
78.566667	0.5	11.579200
78.575000	0.5	11.583900
78.583333	0.5	11.583750
78.591667	0.5	11.574700
78.600000	0.5	11.570150
78.608333	0.5	11.569550
78.616667	0.5	11.562900
78.625000	0.5	11.569000
78.633333	0.5	11.572000
78.641667	0.5	11.569250
78.650000	0.5	11.569350
78.658333	0.5	11.574250
78.666667	0.5	11.574500
78.675000	0.5	11.585550
78.683333	0.5	11.585250
78.691667	0.5	11.575200
78.700000	0.5	11.572450
78.708333	0.5	11.585700
78.716667	0.5	11.579750
78.725000	0.5	11.581400
78.733333	0.5	11.580000
78.741667	0.5	11.583800
78.750000	0.5	11.571150
78.758333	0.5	11.579250
78.766667	0.5	11.580650
78.775000	0.5	11.585050
78.783333	0.5	11.584650
78.791667	0.5	11.582650
78.800000	0.5	11.585650
78.808333	0.5	11.584200
78.816667	0.5	11.590350
78.825000	0.5	11.585850
78.833333	0.5	11.595100
78.841667	0.5	11.605700
78.850000	0.5	11.603750
78.858333	0.5	11.608000
78.866667	0.5	11.612300
78.875000	0.5	11.619300
78.883333	0.5	11.631050
78.891667	0.5	11.643900
78.900000	0.5	11.639750
78.908333	0.5	11.652700
78.916667	0.5	11.665800
78.925000	0.5	11.694150
78.933333	0.5	11.701800
78.941667	0.5	11.728250
78.950000	0.5	11.759650
78.958333	0.5	11.806500
78.966667	0.5	11.831950
78.975000	0.5	11.860300
78.983333	0.5	11.917550
78.991667	0.5	11.958400
79.000000	0.5	12.014050
79.008333	0.5	12.072300
79.016667	0.5	12.134000
79.025000	0.5	12.206350
79.033333	0.5	12.266100
79.041667	0.5	12.346850
79.050000	0.5	12.429900
79.058333	0.5	12.511700
79.066667	0.5	12.596150
79.075000	0.5	12.678200
79.083333	0.5	12.767050
79.091667	0.5	12.866800
79.100000	0.5	12.958300
79.108333	0.5	13.039650
79.116667	0.5	13.134750
79.125000	0.5	13.204200
79.133333	0.5	13.291600
79.141667	0.5	13.367250
79.150000	0.5	13.441750
79.158333	0.5	13.517050
79.166667	0.5	13.589050
79.175000	0.5	13.634650
79.183333	0.5	13.698750
79.191667	0.5	13.747800
79.200000	0.5	13.792350
79.208333	0.5	13.832800
79.216667	0.5	13.875650
79.225000	0.5	13.899950
79.233333	0.5	13.920250
79.241667	0.5	13.950050
79.250000	0.5	13.955950
79.258333	0.5	13.961000
79.266667	0.5	13.982300
79.275000	0.5	13.959350
79.283333	0.5	13.946950
79.291667	0.5	13.939200
79.300000	0.5	13.926050
79.308333	0.5	13.892450
79.316667	0.5	13.871700
79.325000	0.5	13.833950
79.333333	0.5	13.792350
79.341667	0.5	13.758300
79.350000	0.5	13.705850
79.358333	0.5	13.659050
79.366667	0.5	13.594300
79.375000	0.5	13.531600
79.383333	0.5	13.478400
79.391667	0.5	13.419100
79.400000	0.5	13.347100
79.408333	0.5	13.286000
79.416667	0.5	13.201500
79.425000	0.5	13.135750
79.433333	0.5	13.064600
79.441667	0.5	13.001950
79.450000	0.5	12.927400
79.458333	0.5	12.859400
79.466667	0.5	12.789450
79.475000	0.5	12.721750
79.483333	0.5	12.656450
79.491667	0.5	12.601250
79.500000	0.5	12.531250
79.508333	0.5	12.478050
79.516667	0.5	12.419200
79.525000	0.5	12.374550
79.533333	0.5	12.342450
79.541667	0.5	12.283300
79.550000	0.5	12.241350
79.558333	0.5	12.200500
79.566667	0.5	12.166400
79.575000	0.5	12.132550
79.583333	0.5	12.110550
79.591667	0.5	12.075550
79.600000	0.5	12.042000
79.608333	0.5	12.018300
79.616667	0.5	11.991450
79.625000	0.5	11.977200
79.633333	0.5	11.967750
79.641667	0.5	11.930200
79.650000	0.5	11.912200
79.658333	0.5	11.900950
79.666667	0.5	11.869850
79.675000	0.5	11.874150
79.683333	0.5	11.846200
79.691667	0.5	11.832900
79.700000	0.5	11.814900
79.708333	0.5	11.810300
79.716667	0.5	11.789100
79.725000	0.5	11.773100
79.733333	0.5	11.752950
79.741667	0.5	11.751800
79.750000	0.5	11.734250
79.758333	0.5	11.725050
79.766667	0.5	11.712450
79.775000	0.5	11.695950
79.783333	0.5	11.678050
79.791667	0.5	11.681750
79.800000	0.5	11.657450
79.808333	0.5	11.645350
79.816667	0.5	11.634200
79.825000	0.5	11.619250
79.833333	0.5	11.613150
79.841667	0.5	11.597550
79.850000	0.5	11.587900
79.858333	0.5	11.572400
79.866667	0.5	11.573200
79.875000	0.5	11.544300
79.883333	0.5	11.535700
79.891667	0.5	11.521500
79.900000	0.5	11.513300
79.908333	0.5	11.504950
79.916667	0.5	11.493500
79.925000	0.5	11.483950
79.933333	0.5	11.479300
79.941667	0.5	11.458200
79.950000	0.5	11.439350
79.958333	0.5	11.432150
79.966667	0.5	11.421250
79.975000	0.5	11.410600
79.983333	0.5	11.405350
79.991667	0.5	11.379550
80.000000	0.5	11.379750
80.008333	0.5	11.369350
80.016667	0.5	11.358500
80.025000	0.5	11.350300
80.033333	0.5	11.333900
80.041667	0.5	11.331400
80.050000	0.5	11.317950
80.058333	0.5	11.314750
80.066667	0.5	11.304700
80.075000	0.5	11.290650
80.083333	0.5	11.285450
80.091667	0.5	11.272100
80.100000	0.5	11.271000
80.108333	0.5	11.264100
80.116667	0.5	11.265350
80.125000	0.5	11.273650
80.133333	0.5	11.267100
80.141667	0.5	11.262400
80.150000	0.5	11.261600
80.158333	0.5	11.271600
80.166667	0.5	11.287750
80.175000	0.5	11.286250
80.183333	0.5	11.286250
80.191667	0.5	11.301000
80.200000	0.5	11.327600
80.208333	0.5	11.347150
80.216667	0.5	11.358250
80.225000	0.5	11.384100
80.233333	0.5	11.410200
80.241667	0.5	11.444150
80.250000	0.5	11.487350
80.258333	0.5	11.525350
80.266667	0.5	11.559400
80.275000	0.5	11.602600
80.283333	0.5	11.662850
80.291667	0.5	11.707400
80.300000	0.5	11.783850
80.308333	0.5	11.838900
80.316667	0.5	11.898200
80.325000	0.5	11.973500
80.333333	0.5	12.041750
80.341667	0.5	12.120700
80.350000	0.5	12.187600
80.358333	0.5	12.257050
80.366667	0.5	12.333750
80.375000	0.5	12.407800
80.383333	0.5	12.491550
80.391667	0.5	12.563300
80.400000	0.5	12.638700
80.408333	0.5	12.706950
80.416667	0.5	12.776950
80.425000	0.5	12.862700
80.433333	0.5	12.911600
80.441667	0.5	12.963800
80.450000	0.5	13.021000
80.458333	0.5	13.090900
80.466667	0.5	13.129400
80.475000	0.5	13.170450
80.483333	0.5	13.215700
80.491667	0.5	13.250300
80.500000	0.5	13.275750
80.508333	0.5	13.298800
80.516667	0.5	13.312200
80.525000	0.5	13.331500
80.533333	0.5	13.344750
80.541667	0.5	13.339750
80.550000	0.5	13.350850
80.558333	0.5	13.338250
80.566667	0.5	13.324350
80.575000	0.5	13.317100
80.583333	0.5	13.293450
80.591667	0.5	13.268700
80.600000	0.5	13.241400
80.608333	0.5	13.200750
80.616667	0.5	13.157150
80.625000	0.5	13.121250
80.633333	0.5	13.082850
80.641667	0.5	13.021500
80.650000	0.5	12.971450
80.658333	0.5	12.909300
80.666667	0.5	12.844850
80.675000	0.5	12.792950
80.683333	0.5	12.728600
80.691667	0.5	12.667700
80.700000	0.5	12.600800
80.708333	0.5	12.535150
80.716667	0.5	12.487550
80.725000	0.5	12.406600
80.733333	0.5	12.345650
80.741667	0.5	12.286900
80.750000	0.5	12.230950
80.758333	0.5	12.166400
80.766667	0.5	12.105750
80.775000	0.5	12.057200
80.783333	0.5	12.012150
80.791667	0.5	11.965850
80.800000	0.5	11.917700
80.808333	0.5	11.869250
80.816667	0.5	11.826650
80.825000	0.5	11.786150
80.833333	0.5	11.756350
80.841667	0.5	11.718500
80.850000	0.5	11.682900
80.858333	0.5	11.657100
80.866667	0.5	11.623800
80.875000	0.5	11.626250
80.883333	0.5	11.582150
80.891667	0.5	11.557900
80.900000	0.5	11.546750
80.908333	0.5	11.516000
80.916667	0.5	11.497550
80.925000	0.5	11.482750
80.933333	0.5	11.459750
80.941667	0.5	11.453200
80.950000	0.5	11.440150
80.958333	0.5	11.431500
80.966667	0.5	11.418350
80.975000	0.5	11.408100
80.983333	0.5	11.401800
80.991667	0.5	11.375450
81.000000	0.5	11.369450
81.008333	0.5	11.367150
81.016667	0.5	11.357500
81.025000	0.5	11.352550
81.033333	0.5	11.340950
81.041667	0.5	11.336500
81.050000	0.5	11.321800
81.058333	0.5	11.314250
81.066667	0.5	11.313300
81.075000	0.5	11.316450
81.083333	0.5	11.296350
81.091667	0.5	11.294450
81.100000	0.5	11.294050
81.108333	0.5	11.280550
81.116667	0.5	11.286300
81.125000	0.5	11.282900
81.133333	0.5	11.296550
81.141667	0.5	11.286850
81.150000	0.5	11.268150
81.158333	0.5	11.268950
81.166667	0.5	11.262550
81.175000	0.5	11.265900
81.183333	0.5	11.258550
81.191667	0.5	11.260450
81.200000	0.5	11.248400
81.208333	0.5	11.257600
81.216667	0.5	11.240850
81.225000	0.5	11.245850
81.233333	0.5	11.244100
81.241667	0.5	11.244250
81.250000	0.5	11.250600
81.258333	0.5	11.258650
81.266667	0.5	11.255200
81.275000	0.5	11.254000
81.283333	0.5	11.253600
81.291667	0.5	11.249950
81.300000	0.5	11.257550
81.308333	0.5	11.251650
81.316667	0.5	11.260800
81.325000	0.5	11.261550
81.333333	0.5	11.266400
81.341667	0.5	11.276850
81.350000	0.5	11.285050
81.358333	0.5	11.303950
81.366667	0.5	11.298750
81.375000	0.5	11.323600
81.383333	0.5	11.314250
81.391667	0.5	11.343950
81.400000	0.5	11.364600
81.408333	0.5	11.398900
81.416667	0.5	11.398000
81.425000	0.5	11.413250
81.433333	0.5	11.454550
81.441667	0.5	11.473650
81.450000	0.5	11.520300
81.458333	0.5	11.544950
81.466667	0.5	11.579750
81.475000	0.5	11.640050
81.483333	0.5	11.676100
81.491667	0.5	11.723100
81.500000	0.5	11.776050
81.508333	0.5	11.823100
81.516667	0.5	11.888050
81.525000	0.5	11.946850
81.533333	0.5	12.023100
81.541667	0.5	12.078000
81.550000	0.5	12.147550
81.558333	0.5	12.210600
81.566667	0.5	12.289900
81.575000	0.5	12.353350
81.583333	0.5	12.423000
81.591667	0.5	12.493200
81.600000	0.5	12.558100
81.608333	0.5	12.637050
81.616667	0.5	12.694200
81.625000	0.5	12.753050
81.633333	0.5	12.823150
81.641667	0.5	12.882050
81.650000	0.5	12.934200
81.658333	0.5	12.982450
81.666667	0.5	13.030250
81.675000	0.5	13.064300
81.683333	0.5	13.107400
81.691667	0.5	13.140550
81.700000	0.5	13.160650
81.708333	0.5	13.195250
81.716667	0.5	13.221400
81.725000	0.5	13.229850
81.733333	0.5	13.239150
81.741667	0.5	13.255950
81.750000	0.5	13.247900
81.758333	0.5	13.243050
81.766667	0.5	13.237100
81.775000	0.5	13.230500
81.783333	0.5	13.207450
81.791667	0.5	13.189550
81.800000	0.5	13.168750
81.808333	0.5	13.139300
81.816667	0.5	13.115400
81.825000	0.5	13.073200
81.833333	0.5	13.048700
81.841667	0.5	13.009500
81.850000	0.5	12.962650
81.858333	0.5	12.921550
81.866667	0.5	12.869250
81.875000	0.5	12.821850
81.883333	0.5	12.768350
81.891667	0.5	12.721100
81.900000	0.5	12.667850
81.908333	0.5	12.621600
81.916667	0.5	12.570050
81.925000	0.5	12.534700
81.933333	0.5	12.474750
81.941667	0.5	12.423950
81.950000	0.5	12.379300
81.958333	0.5	12.326950
81.966667	0.5	12.275200
81.975000	0.5	12.233900
81.983333	0.5	12.193350
81.991667	0.5	12.144700
82.000000	0.5	12.123950
82.008333	0.5	12.077950
82.016667	0.5	12.033750
82.025000	0.5	12.019150
82.033333	0.5	11.973000
82.041667	0.5	11.945150
82.050000	0.5	11.922000
82.058333	0.5	11.896000
82.066667	0.5	11.880100
82.075000	0.5	11.855550
82.083333	0.5	11.834450
82.091667	0.5	11.824550
82.100000	0.5	11.815000
82.108333	0.5	11.801900
82.116667	0.5	11.790900
82.125000	0.5	11.787450
82.133333	0.5	11.786900
82.141667	0.5	11.781750
82.150000	0.5	11.783450
82.158333	0.5	11.767150
82.166667	0.5	11.773100
82.175000	0.5	11.772150
82.183333	0.5	11.780250
82.191667	0.5	11.775300
82.200000	0.5	11.789900
82.208333	0.5	11.802900
82.216667	0.5	11.802800
82.225000	0.5	11.810500
82.233333	0.5	11.820050
82.241667	0.5	11.829200
82.250000	0.5	11.845900
82.258333	0.5	11.849550
82.266667	0.5	11.865400
82.275000	0.5	11.876350
82.283333	0.5	11.897350
82.291667	0.5	11.907050
82.300000	0.5	11.919050
82.308333	0.5	11.941300
82.316667	0.5	11.945800
82.325000	0.5	11.963550
82.333333	0.5	11.974600
82.341667	0.5	11.989400
82.350000	0.5	11.994450
82.358333	0.5	12.018050
82.366667	0.5	12.028150
82.375000	0.5	12.051700
82.383333	0.5	12.063050
82.391667	0.5	12.079850
82.400000	0.5	12.093900
82.408333	0.5	12.108000
82.416667	0.5	12.124250
82.425000	0.5	12.147250
82.433333	0.5	12.147100
82.441667	0.5	12.160300
82.450000	0.5	12.182400
82.458333	0.5	12.181750
82.466667	0.5	12.202300
82.475000	0.5	12.228250
82.483333	0.5	12.232600
82.491667	0.5	12.248750
82.500000	0.5	12.264950
82.508333	0.5	12.272150
82.516667	0.5	12.286050
82.525000	0.5	12.301500
82.533333	0.5	12.315250
82.541667	0.5	12.334700
82.550000	0.5	12.348150
82.558333	0.5	12.374950
82.566667	0.5	12.379850
82.575000	0.5	12.411200
82.583333	0.5	12.419550
82.591667	0.5	12.447700
82.600000	0.5	12.462750
82.608333	0.5	12.476000
82.616667	0.5	12.497650
82.625000	0.5	12.520850
82.633333	0.5	12.545650
82.641667	0.5	12.575500
82.650000	0.5	12.600000
82.658333	0.5	12.616100
82.666667	0.5	12.657900
82.675000	0.5	12.669200
82.683333	0.5	12.708250
82.691667	0.5	12.735250
82.700000	0.5	12.763800
82.708333	0.5	12.807600
82.716667	0.5	12.833150
82.725000	0.5	12.865650
82.733333	0.5	12.892350
82.741667	0.5	12.936450
82.750000	0.5	12.959050
82.758333	0.5	12.992750
82.766667	0.5	13.028000
82.775000	0.5	13.049650
82.783333	0.5	13.084100
82.791667	0.5	13.105500
82.800000	0.5	13.132500
82.808333	0.5	13.157250
82.816667	0.5	13.180600
82.825000	0.5	13.198150
82.833333	0.5	13.231150
82.841667	0.5	13.243800
82.850000	0.5	13.277600
82.858333	0.5	13.278100
82.866667	0.5	13.283850
82.875000	0.5	13.304400
82.883333	0.5	13.313250
82.891667	0.5	13.313350
82.900000	0.5	13.320800
82.908333	0.5	13.313850
82.916667	0.5	13.322250
82.925000	0.5	13.332450
82.933333	0.5	13.305550
82.941667	0.5	13.305550
82.950000	0.5	13.303000
82.958333	0.5	13.285050
82.966667	0.5	13.272800
82.975000	0.5	13.263450
82.983333	0.5	13.251450
82.991667	0.5	13.226800
83.000000	0.5	13.214500
83.008333	0.5	13.186350
83.016667	0.5	13.161000
83.025000	0.5	13.134750
83.033333	0.5	13.109150
83.041667	0.5	13.076750
83.050000	0.5	13.049300
83.058333	0.5	13.024100
83.066667	0.5	12.992800
83.075000	0.5	12.960000
83.083333	0.5	12.926700
83.091667	0.5	12.888750
83.100000	0.5	12.857000
83.108333	0.5	12.824000
83.116667	0.5	12.783950
83.125000	0.5	12.748900
83.133333	0.5	12.713850
83.141667	0.5	12.685550
83.150000	0.5	12.640100
83.158333	0.5	12.603950
83.166667	0.5	12.569550
83.175000	0.5	12.541750
83.183333	0.5	12.487050
83.191667	0.5	12.454650
83.200000	0.5	12.416750
83.208333	0.5	12.376450
83.216667	0.5	12.351400
83.225000	0.5	12.312500
83.233333	0.5	12.295250
83.241667	0.5	12.243600
83.250000	0.5	12.213650
83.258333	0.5	12.182500
83.266667	0.5	12.159050
83.275000	0.5	12.129950
83.283333	0.5	12.099700
83.291667	0.5	12.070850
83.300000	0.5	12.042250
83.308333	0.5	12.022900
83.316667	0.5	11.991000
83.325000	0.5	11.970900
83.333333	0.5	11.943950
83.341667	0.5	11.923450
83.350000	0.5	11.910500
83.358333	0.5	11.887150
83.366667	0.5	11.860850
83.375000	0.5	11.831750
83.383333	0.5	11.827650
83.391667	0.5	11.802650
83.400000	0.5	11.784350
83.408333	0.5	11.765400
83.416667	0.5	11.760850
83.425000	0.5	11.732650
83.433333	0.5	11.712650
83.441667	0.5	11.700600
83.450000	0.5	11.700700
83.458333	0.5	11.688300
83.466667	0.5	11.674950
83.475000	0.5	11.654950
83.483333	0.5	11.643650
83.491667	0.5	11.628350
83.500000	0.5	11.616200
83.508333	0.5	11.603650
83.516667	0.5	11.611500
83.525000	0.5	11.587350
83.533333	0.5	11.579600
83.541667	0.5	11.584000
83.550000	0.5	11.562950
83.558333	0.5	11.563400
83.566667	0.5	11.550150
83.575000	0.5	11.555450
83.583333	0.5	11.550100
83.591667	0.5	11.544150
83.600000	0.5	11.535350
83.608333	0.5	11.536450
83.616667	0.5	11.535250
83.625000	0.5	11.539700
83.633333	0.5	11.527300
83.641667	0.5	11.530700
83.650000	0.5	11.531800
83.658333	0.5	11.537900
83.666667	0.5	11.555850
83.675000	0.5	11.550800
83.683333	0.5	11.566100
83.691667	0.5	11.563500
83.700000	0.5	11.584550
83.708333	0.5	11.594250
83.716667	0.5	11.603050
83.725000	0.5	11.645150
83.733333	0.5	11.657150
83.741667	0.5	11.687500
83.750000	0.5	11.704600
83.758333	0.5	11.741550
83.766667	0.5	11.772900
83.775000	0.5	11.805300
83.783333	0.5	11.840500
83.791667	0.5	11.888150
83.800000	0.5	11.933250
83.808333	0.5	11.970100
83.816667	0.5	12.012450
83.825000	0.5	12.063450
83.833333	0.5	12.121450
83.841667	0.5	12.156550
83.850000	0.5	12.211500
83.858333	0.5	12.267600
83.866667	0.5	12.302150
83.875000	0.5	12.343800
83.883333	0.5	12.387400
83.891667	0.5	12.433300
83.900000	0.5	12.470150
83.908333	0.5	12.506700
83.916667	0.5	12.534800
83.925000	0.5	12.578350
83.933333	0.5	12.592800
83.941667	0.5	12.602000
83.950000	0.5	12.615800
83.958333	0.5	12.648400
83.966667	0.5	12.644500
83.975000	0.5	12.653800
83.983333	0.5	12.664750
83.991667	0.5	12.645850
84.000000	0.5	12.646650
84.008333	0.5	12.623850
84.016667	0.5	12.604050
84.025000	0.5	12.585300
84.033333	0.5	12.555600
84.041667	0.5	12.533300
84.050000	0.5	12.491600
84.058333	0.5	12.457550
84.066667	0.5	12.414700
84.075000	0.5	12.377250
84.083333	0.5	12.331450
84.091667	0.5	12.285150
84.100000	0.5	12.226950
84.108333	0.5	12.190100
84.116667	0.5	12.142450
84.125000	0.5	12.086250
84.133333	0.5	12.045750
84.141667	0.5	11.990600
84.150000	0.5	11.941150
84.158333	0.5	11.892600
84.166667	0.5	11.838650
84.175000	0.5	11.783200
84.183333	0.5	11.741300
84.191667	0.5	11.695000
84.200000	0.5	11.654250
84.208333	0.5	11.608300
84.216667	0.5	11.558050
84.225000	0.5	11.528150
84.233333	0.5	11.476200
84.241667	0.5	11.430800
84.250000	0.5	11.389750
84.258333	0.5	11.350400
84.266667	0.5	11.324200
84.275000	0.5	11.286400
84.283333	0.5	11.252950
84.291667	0.5	11.222450
84.300000	0.5	11.206550
84.308333	0.5	11.169650
84.316667	0.5	11.142050
84.325000	0.5	11.118400
84.333333	0.5	11.093100
84.341667	0.5	11.063650
84.350000	0.5	11.047800
84.358333	0.5	11.032000
84.366667	0.5	11.011450
84.375000	0.5	10.997600
84.383333	0.5	10.990100
84.391667	0.5	10.967200
84.400000	0.5	10.952500
84.408333	0.5	10.952400
84.416667	0.5	10.937050
84.425000	0.5	10.927950
84.433333	0.5	10.937450
84.441667	0.5	10.921700
84.450000	0.5	10.910150
84.458333	0.5	10.903050
84.466667	0.5	10.917150
84.475000	0.5	10.906450
84.483333	0.5	10.908400
84.491667	0.5	10.900450
84.500000	0.5	10.912750
84.508333	0.5	10.928150
84.516667	0.5	10.914900
84.525000	0.5	10.920450
84.533333	0.5	10.931450
84.541667	0.5	10.934050
84.550000	0.5	10.938650
84.558333	0.5	10.956750
84.566667	0.5	10.959350
84.575000	0.5	10.990450
84.583333	0.5	10.983750
84.591667	0.5	11.003750
84.600000	0.5	11.003500
84.608333	0.5	11.032000
84.616667	0.5	11.026700
84.625000	0.5	11.034150
84.633333	0.5	11.058500
84.641667	0.5	11.072900
84.650000	0.5	11.074850
84.658333	0.5	11.085550
84.666667	0.5	11.100550
84.675000	0.5	11.122850
84.683333	0.5	11.121100
84.691667	0.5	11.142600
84.700000	0.5	11.157200
84.708333	0.5	11.173800
84.716667	0.5	11.186750
84.725000	0.5	11.207100
84.733333	0.5	11.222750
84.741667	0.5	11.234900
84.750000	0.5	11.271350
84.758333	0.5	11.278650
84.766667	0.5	11.310800
84.775000	0.5	11.325700
84.783333	0.5	11.357250
84.791667	0.5	11.381600
84.800000	0.5	11.411750
84.808333	0.5	11.453450
84.816667	0.5	11.471800
84.825000	0.5	11.519450
84.833333	0.5	11.547650
84.841667	0.5	11.587950
84.850000	0.5	11.630150
84.858333	0.5	11.683850
84.866667	0.5	11.715600
84.875000	0.5	11.769850
84.883333	0.5	11.807600
84.891667	0.5	11.880700
84.900000	0.5	11.915450
84.908333	0.5	11.969400
84.916667	0.5	12.027100
84.925000	0.5	12.082900
84.933333	0.5	12.132600
84.941667	0.5	12.184900
84.950000	0.5	12.240950
84.958333	0.5	12.288550
84.966667	0.5	12.353650
84.975000	0.5	12.394250
84.983333	0.5	12.437300
84.991667	0.5	12.487350
85.000000	0.5	12.526500
85.008333	0.5	12.554500
85.016667	0.5	12.593400
85.025000	0.5	12.623150
85.033333	0.5	12.661050
85.041667	0.5	12.676900
85.050000	0.5	12.699500
85.058333	0.5	12.722000
85.066667	0.5	12.731500
85.075000	0.5	12.736050
85.083333	0.5	12.739150
85.091667	0.5	12.751400
85.100000	0.5	12.729050
85.108333	0.5	12.743900
85.116667	0.5	12.721150
85.125000	0.5	12.705650
85.133333	0.5	12.694850
85.141667	0.5	12.675950
85.150000	0.5	12.652800
85.158333	0.5	12.628600
85.166667	0.5	12.592500
85.175000	0.5	12.560400
85.183333	0.5	12.543350
85.191667	0.5	12.502400
85.200000	0.5	12.479850
85.208333	0.5	12.441850
85.216667	0.5	12.409050
85.225000	0.5	12.357150
85.233333	0.5	12.321650
85.241667	0.5	12.296500
85.250000	0.5	12.264600
85.258333	0.5	12.208700
85.266667	0.5	12.175000
85.275000	0.5	12.137850
85.283333	0.5	12.107100
85.291667	0.5	12.085050
85.300000	0.5	12.033700
85.308333	0.5	12.007400
85.316667	0.5	11.969700
85.325000	0.5	11.934350
85.333333	0.5	11.904500
85.341667	0.5	11.867100
85.350000	0.5	11.840150
85.358333	0.5	11.801650
85.366667	0.5	11.774050
85.375000	0.5	11.734300
85.383333	0.5	11.710000
85.391667	0.5	11.679350
85.400000	0.5	11.649050
85.408333	0.5	11.619250
85.416667	0.5	11.593900
85.425000	0.5	11.561800
85.433333	0.5	11.534550
85.441667	0.5	11.507000
85.450000	0.5	11.482450
85.458333	0.5	11.460600
85.466667	0.5	11.432250
85.475000	0.5	11.402750
85.483333	0.5	11.377600
85.491667	0.5	11.361350
85.500000	0.5	11.333650
85.508333	0.5	11.309900
85.516667	0.5	11.294800
85.525000	0.5	11.276200
85.533333	0.5	11.261100
85.541667	0.5	11.244750
85.550000	0.5	11.220550
85.558333	0.5	11.210000
85.566667	0.5	11.200850
85.575000	0.5	11.188700
85.583333	0.5	11.180550
85.591667	0.5	11.169600
85.600000	0.5	11.169700
85.608333	0.5	11.155350
85.616667	0.5	11.141750
85.625000	0.5	11.136850
85.633333	0.5	11.144650
85.641667	0.5	11.146750
85.650000	0.5	11.137600
85.658333	0.5	11.136250
85.666667	0.5	11.133250
85.675000	0.5	11.136600
85.683333	0.5	11.135000
85.691667	0.5	11.147900
85.700000	0.5	11.158050
85.708333	0.5	11.153000
85.716667	0.5	11.161700
85.725000	0.5	11.165900
85.733333	0.5	11.168650
85.741667	0.5	11.185250
85.750000	0.5	11.203300
85.758333	0.5	11.212000
85.766667	0.5	11.229150
85.775000	0.5	11.252000
85.783333	0.5	11.250300
85.791667	0.5	11.274400
85.800000	0.5	11.286750
85.808333	0.5	11.301350
85.816667	0.5	11.334300
85.825000	0.5	11.354750
85.833333	0.5	11.378450
85.841667	0.5	11.410200
85.850000	0.5	11.430950
85.858333	0.5	11.456000
85.866667	0.5	11.484800
85.875000	0.5	11.519150
85.883333	0.5	11.549550
85.891667	0.5	11.583350
85.900000	0.5	11.625600
85.908333	0.5	11.661000
85.916667	0.5	11.712500
85.925000	0.5	11.741200
85.933333	0.5	11.797450
85.941667	0.5	11.842000
85.950000	0.5	11.879050
85.958333	0.5	11.919250
85.966667	0.5	11.965800
85.975000	0.5	12.016100
85.983333	0.5	12.075000
85.991667	0.5	12.107900
86.000000	0.5	12.140100
86.008333	0.5	12.185200
86.016667	0.5	12.231350
86.025000	0.5	12.265200
86.033333	0.5	12.297150
86.041667	0.5	12.349900
86.050000	0.5	12.364950
86.058333	0.5	12.393200
86.066667	0.5	12.417050
86.075000	0.5	12.441000
86.083333	0.5	12.459100
86.091667	0.5	12.469150
86.100000	0.5	12.490000
86.108333	0.5	12.497500
86.116667	0.5	12.496350
86.125000	0.5	12.506150
86.133333	0.5	12.484500
86.141667	0.5	12.487550
86.150000	0.5	12.491350
86.158333	0.5	12.461450
86.166667	0.5	12.436750
86.175000	0.5	12.448750
86.183333	0.5	12.411150
86.191667	0.5	12.395300
86.200000	0.5	12.351050
86.208333	0.5	12.333750
86.216667	0.5	12.304850
86.225000	0.5	12.277250
86.233333	0.5	12.244400
86.241667	0.5	12.205150
86.250000	0.5	12.170900
86.258333	0.5	12.140200
86.266667	0.5	12.101350
86.275000	0.5	12.074350
86.283333	0.5	12.027550
86.291667	0.5	12.004700
86.300000	0.5	11.964000
86.308333	0.5	11.941300
86.316667	0.5	11.896700
86.325000	0.5	11.870000
86.333333	0.5	11.831500
86.341667	0.5	11.802600
86.350000	0.5	11.768000
86.358333	0.5	11.754200
86.366667	0.5	11.719200
86.375000	0.5	11.697150
86.383333	0.5	11.657200
86.391667	0.5	11.635600
86.400000	0.5	11.618950
86.408333	0.5	11.585800
86.416667	0.5	11.568400
86.425000	0.5	11.541600
86.433333	0.5	11.522950
86.441667	0.5	11.492250
86.450000	0.5	11.485350
86.458333	0.5	11.449850
86.466667	0.5	11.434650
86.475000	0.5	11.428400
86.483333	0.5	11.392800
86.491667	0.5	11.378700
86.500000	0.5	11.368350
86.508333	0.5	11.343450
86.516667	0.5	11.331500
86.525000	0.5	11.314850
86.533333	0.5	11.298700
86.541667	0.5	11.285200
86.550000	0.5	11.282900
86.558333	0.5	11.274050
86.566667	0.5	11.262700
86.575000	0.5	11.255050
86.583333	0.5	11.253700
86.591667	0.5	11.244450
86.600000	0.5	11.245850
86.608333	0.5	11.252200
86.616667	0.5	11.257300
86.625000	0.5	11.246050
86.633333	0.5	11.255750
86.641667	0.5	11.258900
86.650000	0.5	11.271850
86.658333	0.5	11.274500
86.666667	0.5	11.285300
86.675000	0.5	11.305750
86.683333	0.5	11.324200
86.691667	0.5	11.331100
86.700000	0.5	11.337450
86.708333	0.5	11.361950
86.716667	0.5	11.390050
86.725000	0.5	11.402750
86.733333	0.5	11.416650
86.741667	0.5	11.443800
86.750000	0.5	11.474400
86.758333	0.5	11.497950
86.766667	0.5	11.536150
86.775000	0.5	11.561400
86.783333	0.5	11.598750
86.791667	0.5	11.634650
86.800000	0.5	11.674650
86.808333	0.5	11.707150
86.816667	0.5	11.747200
86.825000	0.5	11.791450
86.833333	0.5	11.842750
86.841667	0.5	11.880950
86.850000	0.5	11.936050
86.858333	0.5	11.977200
86.866667	0.5	12.030850
86.875000	0.5	12.087750
86.883333	0.5	12.150500
86.891667	0.5	12.203250
86.900000	0.5	12.250800
86.908333	0.5	12.310150
86.916667	0.5	12.372900
86.925000	0.5	12.432250
86.933333	0.5	12.495550
86.941667	0.5	12.554450
86.950000	0.5	12.620750
86.958333	0.5	12.688600
86.966667	0.5	12.751950
86.975000	0.5	12.807050
86.983333	0.5	12.867200
86.991667	0.5	12.938200
87.000000	0.5	12.989050
87.008333	0.5	13.055450
87.016667	0.5	13.098350
87.025000	0.5	13.160200
87.033333	0.5	13.203750
87.041667	0.5	13.262950
87.050000	0.5	13.287500
87.058333	0.5	13.327800
87.066667	0.5	13.373600
87.075000	0.5	13.403100
87.083333	0.5	13.431600
87.091667	0.5	13.459450
87.100000	0.5	13.474500
87.108333	0.5	13.497800
87.116667	0.5	13.494500
87.125000	0.5	13.504050
87.133333	0.5	13.509200
87.141667	0.5	13.503150
87.150000	0.5	13.503500
87.158333	0.5	13.493350
87.166667	0.5	13.482550
87.175000	0.5	13.461700
87.183333	0.5	13.449850
87.191667	0.5	13.425450
87.200000	0.5	13.394000
87.208333	0.5	13.370550
87.216667	0.5	13.342050
87.225000	0.5	13.308900
87.233333	0.5	13.272700
87.241667	0.5	13.241250
87.250000	0.5	13.192350
87.258333	0.5	13.163000
87.266667	0.5	13.117400
87.275000	0.5	13.085400
87.283333	0.5	13.044750
87.291667	0.5	13.002700
87.300000	0.5	12.957550
87.308333	0.5	12.912150
87.316667	0.5	12.881300
87.325000	0.5	12.845550
87.333333	0.5	12.798100
87.341667	0.5	12.758950
87.350000	0.5	12.732000
87.358333	0.5	12.697200
87.366667	0.5	12.661200
87.375000	0.5	12.630200
87.383333	0.5	12.592250
87.391667	0.5	12.571800
87.400000	0.5	12.545650
87.408333	0.5	12.506550
87.416667	0.5	12.479200
87.425000	0.5	12.443700
87.433333	0.5	12.410200
87.441667	0.5	12.385500
87.450000	0.5	12.362000
87.458333	0.5	12.334250
87.466667	0.5	12.304200
87.475000	0.5	12.276650
87.483333	0.5	12.253650
87.491667	0.5	12.217350
87.500000	0.5	12.194150
87.508333	0.5	12.166250
87.516667	0.5	12.135300
87.525000	0.5	12.113900
87.533333	0.5	12.082750
87.541667	0.5	12.057050
87.550000	0.5	12.023200
87.558333	0.5	11.997650
87.566667	0.5	11.987900
87.575000	0.5	11.954350
87.583333	0.5	11.927850
87.591667	0.5	11.899150
87.600000	0.5	11.880400
87.608333	0.5	11.852400
87.616667	0.5	11.830000
87.625000	0.5	11.802600
87.633333	0.5	11.784450
87.641667	0.5	11.762550
87.650000	0.5	11.746150
87.658333	0.5	11.721700
87.666667	0.5	11.702650
87.675000	0.5	11.684950
87.683333	0.5	11.660550
87.691667	0.5	11.648900
87.700000	0.5	11.629550
87.708333	0.5	11.617950
87.716667	0.5	11.596400
87.725000	0.5	11.586400
87.733333	0.5	11.577500
87.741667	0.5	11.556400
87.750000	0.5	11.542500
87.758333	0.5	11.560650
87.766667	0.5	11.541600
87.775000	0.5	11.525350
87.783333	0.5	11.527300
87.791667	0.5	11.523550
87.800000	0.5	11.524900
87.808333	0.5	11.521750
87.816667	0.5	11.517750
87.825000	0.5	11.522400
87.833333	0.5	11.532050
87.841667	0.5	11.544850
87.850000	0.5	11.559550
87.858333	0.5	11.569600
87.866667	0.5	11.585550
87.875000	0.5	11.612750
87.883333	0.5	11.621950
87.891667	0.5	11.643200
87.900000	0.5	11.658800
87.908333	0.5	11.686700
87.916667	0.5	11.707900
87.925000	0.5	11.735750
87.933333	0.5	11.763900
87.941667	0.5	11.789150
87.950000	0.5	11.821750
87.958333	0.5	11.842850
87.966667	0.5	11.882250
87.975000	0.5	11.912250
87.983333	0.5	11.931050
87.991667	0.5	11.963400
88.000000	0.5	11.999600
88.008333	0.5	12.024250
88.016667	0.5	12.047050
88.025000	0.5	12.070100
88.033333	0.5	12.089700
88.041667	0.5	12.114650
88.050000	0.5	12.134100
88.058333	0.5	12.140150
88.066667	0.5	12.164550
88.075000	0.5	12.165350
88.083333	0.5	12.184900
88.091667	0.5	12.186400
88.100000	0.5	12.192500
88.108333	0.5	12.193850
88.116667	0.5	12.202600
88.125000	0.5	12.191000
88.133333	0.5	12.183750
88.141667	0.5	12.184500
88.150000	0.5	12.185800
88.158333	0.5	12.160750
88.166667	0.5	12.163750
88.175000	0.5	12.137400
88.183333	0.5	12.126150
88.191667	0.5	12.106500
88.200000	0.5	12.092150
88.208333	0.5	12.081600
88.216667	0.5	12.067500
88.225000	0.5	12.050750
88.233333	0.5	12.031250
88.241667	0.5	11.998000
88.250000	0.5	11.992200
88.258333	0.5	11.957950
88.266667	0.5	11.945650
88.275000	0.5	11.932900
88.283333	0.5	11.902450
88.291667	0.5	11.891900
88.300000	0.5	11.869650
88.308333	0.5	11.853150
88.316667	0.5	11.836150
88.325000	0.5	11.824850
88.333333	0.5	11.807150
88.341667	0.5	11.792250
88.350000	0.5	11.781150
88.358333	0.5	11.770150
88.366667	0.5	11.756200
88.375000	0.5	11.749450
88.383333	0.5	11.749250
88.391667	0.5	11.715700
88.400000	0.5	11.703850
88.408333	0.5	11.698950
88.416667	0.5	11.696800
88.425000	0.5	11.670400
88.433333	0.5	11.654650
88.441667	0.5	11.660800
88.450000	0.5	11.637600
88.458333	0.5	11.622400
88.466667	0.5	11.623900
88.475000	0.5	11.616750
88.483333	0.5	11.588750
88.491667	0.5	11.581450
88.500000	0.5	11.559600
88.508333	0.5	11.547250
88.516667	0.5	11.539300
88.525000	0.5	11.525850
88.533333	0.5	11.523600
88.541667	0.5	11.498150
88.550000	0.5	11.489050
88.558333	0.5	11.482050
88.566667	0.5	11.469250
88.575000	0.5	11.451850
88.583333	0.5	11.447650
88.591667	0.5	11.418150
88.600000	0.5	11.420550
88.608333	0.5	11.390550
88.616667	0.5	11.394300
88.625000	0.5	11.385500
88.633333	0.5	11.383950
88.641667	0.5	11.371800
88.650000	0.5	11.357400
88.658333	0.5	11.349450
88.666667	0.5	11.353200
88.675000	0.5	11.342200
88.683333	0.5	11.336650
88.691667	0.5	11.334650
88.700000	0.5	11.332150
88.708333	0.5	11.330550
88.716667	0.5	11.336650
88.725000	0.5	11.333550
88.733333	0.5	11.343850
88.741667	0.5	11.348050
88.750000	0.5	11.355650
88.758333	0.5	11.366650
88.766667	0.5	11.369050
88.775000	0.5	11.388550
88.783333	0.5	11.406150
88.791667	0.5	11.413900
88.800000	0.5	11.446450
88.808333	0.5	11.450850
88.816667	0.5	11.469350
88.825000	0.5	11.506900
88.833333	0.5	11.509500
88.841667	0.5	11.538850
88.850000	0.5	11.562000
88.858333	0.5	11.588850
88.866667	0.5	11.619600
88.875000	0.5	11.664400
88.883333	0.5	11.674250
88.891667	0.5	11.710650
88.900000	0.5	11.745200
88.908333	0.5	11.781000
88.916667	0.5	11.807100
88.925000	0.5	11.837150
88.933333	0.5	11.861900
88.941667	0.5	11.887350
88.950000	0.5	11.905300
88.958333	0.5	11.945500
88.966667	0.5	11.954450
88.975000	0.5	11.983200
88.983333	0.5	11.998200
88.991667	0.5	12.006950
89.000000	0.5	12.030650
89.008333	0.5	12.032200
89.016667	0.5	12.053750
89.025000	0.5	12.053150
89.033333	0.5	12.049100
89.041667	0.5	12.060350
89.050000	0.5	12.061150
89.058333	0.5	12.054550
89.066667	0.5	12.051550
89.075000	0.5	12.048100
89.083333	0.5	12.052950
89.091667	0.5	12.031700
89.100000	0.5	12.019250
89.108333	0.5	12.022150
89.116667	0.5	12.010700
89.125000	0.5	11.984100
89.133333	0.5	11.972400
89.141667	0.5	11.943900
89.150000	0.5	11.940550
89.158333	0.5	11.930700
89.166667	0.5	11.914900
89.175000	0.5	11.908100
89.183333	0.5	11.881300
89.191667	0.5	11.875200
89.200000	0.5	11.874100
89.208333	0.5	11.867850
89.216667	0.5	11.850050
89.225000	0.5	11.851900
89.233333	0.5	11.844000
89.241667	0.5	11.847200
89.250000	0.5	11.838000
89.258333	0.5	11.843250
89.266667	0.5	11.861500
89.275000	0.5	11.859900
89.283333	0.5	11.873650
89.291667	0.5	11.885300
89.300000	0.5	11.889600
89.308333	0.5	11.909850
89.316667	0.5	11.920100
89.325000	0.5	11.944250
89.333333	0.5	11.961650
89.341667	0.5	11.981000
89.350000	0.5	11.995250
89.358333	0.5	12.020200
89.366667	0.5	12.047600
89.375000	0.5	12.074250
89.383333	0.5	12.096050
89.391667	0.5	12.115300
89.400000	0.5	12.159800
89.408333	0.5	12.165000
89.416667	0.5	12.190200
89.425000	0.5	12.222650
89.433333	0.5	12.239900
89.441667	0.5	12.265250
89.450000	0.5	12.280750
89.458333	0.5	12.312250
89.466667	0.5	12.345000
89.475000	0.5	12.359250
89.483333	0.5	12.380800
89.491667	0.5	12.402900
89.500000	0.5	12.427500
89.508333	0.5	12.437650
89.516667	0.5	12.454350
89.525000	0.5	12.478750
89.533333	0.5	12.496400
89.541667	0.5	12.507600
89.550000	0.5	12.523000
89.558333	0.5	12.541750
89.566667	0.5	12.559950
89.575000	0.5	12.567350
89.583333	0.5	12.587100
89.591667	0.5	12.589250
89.600000	0.5	12.610950
89.608333	0.5	12.624200
89.616667	0.5	12.650950
89.625000	0.5	12.636450
89.633333	0.5	12.667450
89.641667	0.5	12.663850
89.650000	0.5	12.680450
89.658333	0.5	12.694350
89.666667	0.5	12.697700
89.675000	0.5	12.706900
89.683333	0.5	12.721350
89.691667	0.5	12.726550
89.700000	0.5	12.736200
89.708333	0.5	12.756450
89.716667	0.5	12.764100
89.725000	0.5	12.763500
89.733333	0.5	12.777750
89.741667	0.5	12.787250
89.750000	0.5	12.793550
89.758333	0.5	12.805650
89.766667	0.5	12.829150
89.775000	0.5	12.830250
89.783333	0.5	12.829700
89.791667	0.5	12.869100
89.800000	0.5	12.856800
89.808333	0.5	12.867850
89.816667	0.5	12.878250
89.825000	0.5	12.896700
89.833333	0.5	12.892050
89.841667	0.5	12.885850
89.850000	0.5	12.903000
89.858333	0.5	12.903100
89.866667	0.5	12.914400
89.875000	0.5	12.912400
89.883333	0.5	12.898150
89.891667	0.5	12.892600
89.900000	0.5	12.892200
89.908333	0.5	12.885750
89.916667	0.5	12.877450
89.925000	0.5	12.854500
89.933333	0.5	12.834850
89.941667	0.5	12.829050
89.950000	0.5	12.800250
89.958333	0.5	12.778500
89.966667	0.5	12.760350
89.975000	0.5	12.729000
89.983333	0.5	12.693800
89.991667	0.5	12.656500
90.000000	0.5	12.622400
90.008333	0.5	12.582050
90.016667	0.5	12.556750
90.025000	0.5	12.507300
90.033333	0.5	12.470150
90.041667	0.5	12.432000
90.050000	0.5	12.381800
90.058333	0.5	12.346900
90.066667	0.5	12.315350
90.075000	0.5	12.271600
90.083333	0.5	12.236400
90.091667	0.5	12.205950
90.100000	0.5	12.150200
90.108333	0.5	12.107600
90.116667	0.5	12.080700
90.125000	0.5	12.029000
90.133333	0.5	11.997600
90.141667	0.5	11.976700
90.150000	0.5	11.931000
90.158333	0.5	11.901700
90.166667	0.5	11.879450
90.175000	0.5	11.848050
90.183333	0.5	11.815700
90.191667	0.5	11.788250
90.200000	0.5	11.768400
90.208333	0.5	11.744600
90.216667	0.5	11.724450
90.225000	0.5	11.700450
90.233333	0.5	11.704950
90.241667	0.5	11.684500
90.250000	0.5	11.677250
90.258333	0.5	11.650400
90.266667	0.5	11.649500
90.275000	0.5	11.629450
90.283333	0.5	11.613250
90.291667	0.5	11.606350
90.300000	0.5	11.600450
90.308333	0.5	11.586850
90.316667	0.5	11.586900
90.325000	0.5	11.587150
90.333333	0.5	11.568900
90.341667	0.5	11.560600
90.350000	0.5	11.560700
90.358333	0.5	11.554650
90.366667	0.5	11.553850
90.375000	0.5	11.535650
90.383333	0.5	11.534900
90.391667	0.5	11.533950
90.400000	0.5	11.545150
90.408333	0.5	11.511750
90.416667	0.5	11.509000
90.425000	0.5	11.500750
90.433333	0.5	11.498900
90.441667	0.5	11.492600
90.450000	0.5	11.491000
90.458333	0.5	11.478500
90.466667	0.5	11.474200
90.475000	0.5	11.454150
90.483333	0.5	11.436950
90.491667	0.5	11.448550
90.500000	0.5	11.431950
90.508333	0.5	11.453650
90.516667	0.5	11.422300
90.525000	0.5	11.407650
90.533333	0.5	11.402600
90.541667	0.5	11.393100
90.550000	0.5	11.391350
90.558333	0.5	11.386150
90.566667	0.5	11.369600
90.575000	0.5	11.375800
90.583333	0.5	11.358100
90.591667	0.5	11.356500
90.600000	0.5	11.340900
90.608333	0.5	11.343350
90.616667	0.5	11.326900
90.625000	0.5	11.334050
90.633333	0.5	11.316300
90.641667	0.5	11.315050
90.650000	0.5	11.300000
90.658333	0.5	11.299450
90.666667	0.5	11.283400
90.675000	0.5	11.276250
90.683333	0.5	11.261100
90.691667	0.5	11.244850
90.700000	0.5	11.229250
90.708333	0.5	11.228350
90.716667	0.5	11.200100
90.725000	0.5	11.185300
90.733333	0.5	11.181250
90.741667	0.5	11.145250
90.750000	0.5	11.127450
90.758333	0.5	11.112450
90.766667	0.5	11.083550
90.775000	0.5	11.049100
90.783333	0.5	11.018800
90.791667	0.5	10.997150
90.800000	0.5	10.969300
90.808333	0.5	10.938850
90.816667	0.5	10.906800
90.825000	0.5	10.888250
90.833333	0.5	10.849500
90.841667	0.5	10.798550
90.850000	0.5	10.779950
90.858333	0.5	10.730700
90.866667	0.5	10.703850
90.875000	0.5	10.680450
90.883333	0.5	10.639300
90.891667	0.5	10.612200
90.900000	0.5	10.573800
90.908333	0.5	10.546700
90.916667	0.5	10.514100
90.925000	0.5	10.490900
90.933333	0.5	10.457800
90.941667	0.5	10.443050
90.950000	0.5	10.385900
90.958333	0.5	10.385750
90.966667	0.5	10.340750
90.975000	0.5	10.322500
90.983333	0.5	10.302650
90.991667	0.5	10.285650
91.000000	0.5	10.264950
91.008333	0.5	10.246950
91.016667	0.5	10.219900
91.025000	0.5	10.211350
91.033333	0.5	10.208700
91.041667	0.5	10.179900
91.050000	0.5	10.168650
91.058333	0.5	10.168800
91.066667	0.5	10.156300
91.075000	0.5	10.152500
91.083333	0.5	10.161500
91.091667	0.5	10.152750
91.100000	0.5	10.163300
91.108333	0.5	10.141950
91.116667	0.5	10.154600
91.125000	0.5	10.154300
91.133333	0.5	10.159350
91.141667	0.5	10.161950
91.150000	0.5	10.169200
91.158333	0.5	10.193000
91.166667	0.5	10.193200
91.175000	0.5	10.207400
91.183333	0.5	10.215000
91.191667	0.5	10.225550
91.200000	0.5	10.249850
91.208333	0.5	10.245900
91.216667	0.5	10.265450
91.225000	0.5	10.285100
91.233333	0.5	10.294550
91.241667	0.5	10.306000
91.250000	0.5	10.338900
91.258333	0.5	10.349900
91.266667	0.5	10.360550
91.275000	0.5	10.392100
91.283333	0.5	10.405600
91.291667	0.5	10.426150
91.300000	0.5	10.454550
91.308333	0.5	10.480850
91.316667	0.5	10.484250
91.325000	0.5	10.517450
91.333333	0.5	10.546450
91.341667	0.5	10.577550
91.350000	0.5	10.584650
91.358333	0.5	10.608550
91.366667	0.5	10.628450
91.375000	0.5	10.687800
91.383333	0.5	10.698500
91.391667	0.5	10.736800
91.400000	0.5	10.758200
91.408333	0.5	10.790650
91.416667	0.5	10.822850
91.425000	0.5	10.857900
91.433333	0.5	10.889900
91.441667	0.5	10.934850
91.450000	0.5	10.955850
91.458333	0.5	10.996200
91.466667	0.5	11.057200
91.475000	0.5	11.087450
91.483333	0.5	11.122350
91.491667	0.5	11.172100
91.500000	0.5	11.206350
91.508333	0.5	11.257750
91.516667	0.5	11.296700
91.525000	0.5	11.346200
91.533333	0.5	11.394300
91.541667	0.5	11.434000
91.550000	0.5	11.482050
91.558333	0.5	11.524000
91.566667	0.5	11.574950
91.575000	0.5	11.605450
91.583333	0.5	11.648900
91.591667	0.5	11.707900
91.600000	0.5	11.738000
91.608333	0.5	11.776100
91.616667	0.5	11.821350
91.625000	0.5	11.855800
91.633333	0.5	11.899800
91.641667	0.5	11.928550
91.650000	0.5	11.950900
91.658333	0.5	11.975900
91.666667	0.5	12.010000
91.675000	0.5	12.028850
91.683333	0.5	12.066850
91.691667	0.5	12.073200
91.700000	0.5	12.103800
91.708333	0.5	12.124800
91.716667	0.5	12.139550
91.725000	0.5	12.145800
91.733333	0.5	12.156750
91.741667	0.5	12.166400
91.750000	0.5	12.190900
91.758333	0.5	12.187900
91.766667	0.5	12.204350
91.775000	0.5	12.202850
91.783333	0.5	12.224500
91.791667	0.5	12.234450
91.800000	0.5	12.228300
91.808333	0.5	12.230850
91.816667	0.5	12.249250
91.825000	0.5	12.243200
91.833333	0.5	12.255500
91.841667	0.5	12.258900
91.850000	0.5	12.273400
91.858333	0.5	12.287350
91.866667	0.5	12.294200
91.875000	0.5	12.313200
91.883333	0.5	12.325150
91.891667	0.5	12.343900
91.900000	0.5	12.345000
91.908333	0.5	12.376250
91.916667	0.5	12.385800
91.925000	0.5	12.394800
91.933333	0.5	12.419150
91.941667	0.5	12.441800
91.950000	0.5	12.467750
91.958333	0.5	12.489100
91.966667	0.5	12.504650
91.975000	0.5	12.532100
91.983333	0.5	12.553900
91.991667	0.5	12.587450
92.000000	0.5	12.626250
92.008333	0.5	12.660800
92.016667	0.5	12.677700
92.025000	0.5	12.701200
92.033333	0.5	12.730700
92.041667	0.5	12.763550
92.050000	0.5	12.796550
92.058333	0.5	12.831750
92.066667	0.5	12.848750
92.075000	0.5	12.890150
92.083333	0.5	12.901400
92.091667	0.5	12.940450
92.100000	0.5	12.965300
92.108333	0.5	12.992800
92.116667	0.5	13.023200
92.125000	0.5	13.044000
92.133333	0.5	13.077000
92.141667	0.5	13.109350
92.150000	0.5	13.129900
92.158333	0.5	13.160700
92.166667	0.5	13.185200
92.175000	0.5	13.215100
92.183333	0.5	13.234300
92.191667	0.5	13.257950
92.200000	0.5	13.284250
92.208333	0.5	13.303700
92.216667	0.5	13.336050
92.225000	0.5	13.348750
92.233333	0.5	13.371700
92.241667	0.5	13.411300
92.250000	0.5	13.418550
92.258333	0.5	13.454000
92.266667	0.5	13.470200
92.275000	0.5	13.494250
92.283333	0.5	13.513750
92.291667	0.5	13.539550
92.300000	0.5	13.572150
92.308333	0.5	13.579950
92.316667	0.5	13.594500
92.325000	0.5	13.616900
92.333333	0.5	13.651700
92.341667	0.5	13.668800
92.350000	0.5	13.687050
92.358333	0.5	13.720000
92.366667	0.5	13.733550
92.375000	0.5	13.749350
92.383333	0.5	13.768100
92.391667	0.5	13.790800
92.400000	0.5	13.816400
92.408333	0.5	13.832000
92.416667	0.5	13.857350
92.425000	0.5	13.852950
92.433333	0.5	13.872800
92.441667	0.5	13.882950
92.450000	0.5	13.896700
92.458333	0.5	13.903450
92.466667	0.5	13.924100
92.475000	0.5	13.911650
92.483333	0.5	13.915750
92.491667	0.5	13.922700
92.500000	0.5	13.909750
92.508333	0.5	13.911250
92.516667	0.5	13.928850
92.525000	0.5	13.904550
92.533333	0.5	13.886950
92.541667	0.5	13.884650
92.550000	0.5	13.868550
92.558333	0.5	13.846700
92.566667	0.5	13.837650
92.575000	0.5	13.820950
92.583333	0.5	13.796400
92.591667	0.5	13.775000
92.600000	0.5	13.745300
92.608333	0.5	13.734950
92.616667	0.5	13.700600
92.625000	0.5	13.666850
92.633333	0.5	13.632500
92.641667	0.5	13.609150
92.650000	0.5	13.589650
92.658333	0.5	13.559400
92.666667	0.5	13.509700
92.675000	0.5	13.489350
92.683333	0.5	13.458550
92.691667	0.5	13.415800
92.700000	0.5	13.385700
92.708333	0.5	13.355700
92.716667	0.5	13.329750
92.725000	0.5	13.289850
92.733333	0.5	13.268400
92.741667	0.5	13.230600
92.750000	0.5	13.203650
92.758333	0.5	13.185050
92.766667	0.5	13.147950
92.775000	0.5	13.123550
92.783333	0.5	13.107000
92.791667	0.5	13.068500
92.800000	0.5	13.042550
92.808333	0.5	13.020050
92.816667	0.5	13.000700
92.825000	0.5	12.977550
92.833333	0.5	12.949400
92.841667	0.5	12.932650
92.850000	0.5	12.911850
92.858333	0.5	12.892400
92.866667	0.5	12.879750
92.875000	0.5	12.861400
92.883333	0.5	12.853200
92.891667	0.5	12.841250
92.900000	0.5	12.832150
92.908333	0.5	12.820800
92.916667	0.5	12.814100
92.925000	0.5	12.800500
92.933333	0.5	12.789550
92.941667	0.5	12.774500
92.950000	0.5	12.769350
92.958333	0.5	12.764600
92.966667	0.5	12.763850
92.975000	0.5	12.750700
92.983333	0.5	12.753900
92.991667	0.5	12.743500
93.000000	0.5	12.747200
93.008333	0.5	12.736450
93.016667	0.5	12.737100
93.025000	0.5	12.734450
93.033333	0.5	12.729700
93.041667	0.5	12.752400
93.050000	0.5	12.724350
93.058333	0.5	12.729250
93.066667	0.5	12.740750
93.075000	0.5	12.731300
93.083333	0.5	12.728900
93.091667	0.5	12.727850
93.100000	0.5	12.732200
93.108333	0.5	12.733750
93.116667	0.5	12.737650
93.125000	0.5	12.735650
93.133333	0.5	12.739400
93.141667	0.5	12.745400
93.150000	0.5	12.743300
93.158333	0.5	12.743850
93.166667	0.5	12.744200
93.175000	0.5	12.747550
93.183333	0.5	12.751350
93.191667	0.5	12.748750
93.200000	0.5	12.749300
93.208333	0.5	12.740200
93.216667	0.5	12.748300
93.225000	0.5	12.737100
93.233333	0.5	12.738900
93.241667	0.5	12.718550
93.250000	0.5	12.711000
93.258333	0.5	12.709700
93.266667	0.5	12.687200
93.275000	0.5	12.679650
93.283333	0.5	12.657950
93.291667	0.5	12.644750
93.300000	0.5	12.628300
93.308333	0.5	12.597100
93.316667	0.5	12.570400
93.325000	0.5	12.536800
93.333333	0.5	12.506450
93.341667	0.5	12.475350
93.350000	0.5	12.437400
93.358333	0.5	12.383850
93.366667	0.5	12.348200
93.375000	0.5	12.307900
93.383333	0.5	12.265950
93.391667	0.5	12.215250
93.400000	0.5	12.175250
93.408333	0.5	12.113450
93.416667	0.5	12.075950
93.425000	0.5	12.007150
93.433333	0.5	11.949900
93.441667	0.5	11.901350
93.450000	0.5	11.841900
93.458333	0.5	11.780800
93.466667	0.5	11.721550
93.475000	0.5	11.662250
93.483333	0.5	11.619250
93.491667	0.5	11.546650
93.500000	0.5	11.501100
93.508333	0.5	11.448050
93.516667	0.5	11.385300
93.525000	0.5	11.322150
93.533333	0.5	11.273600
93.541667	0.5	11.224200
93.550000	0.5	11.163100
93.558333	0.5	11.126500
93.566667	0.5	11.080500
93.575000	0.5	11.043300
93.583333	0.5	10.993200
93.591667	0.5	10.954800
93.600000	0.5	10.915300
93.608333	0.5	10.876650
93.616667	0.5	10.841000
93.625000	0.5	10.806200
93.633333	0.5	10.778650
93.641667	0.5	10.754900
93.650000	0.5	10.725250
93.658333	0.5	10.695550
93.666667	0.5	10.676350
93.675000	0.5	10.653400
93.683333	0.5	10.632950
93.691667	0.5	10.618400
93.700000	0.5	10.601100
93.708333	0.5	10.591300
93.716667	0.5	10.574050
93.725000	0.5	10.565900
93.733333	0.5	10.570050
93.741667	0.5	10.557400
93.750000	0.5	10.546750
93.758333	0.5	10.559850
93.766667	0.5	10.555200
93.775000	0.5	10.544850
93.783333	0.5	10.558900
93.791667	0.5	10.560750
93.800000	0.5	10.570850
93.808333	0.5	10.576800
93.816667	0.5	10.591100
93.825000	0.5	10.590700
93.833333	0.5	10.621800
93.841667	0.5	10.616000
93.850000	0.5	10.643350
93.858333	0.5	10.650450
93.866667	0.5	10.673850
93.875000	0.5	10.702000
93.883333	0.5	10.717100
93.891667	0.5	10.757350
93.900000	0.5	10.782700
93.908333	0.5	10.809400
93.916667	0.5	10.829500
93.925000	0.5	10.864350
93.933333	0.5	10.897400
93.941667	0.5	10.932150
93.950000	0.5	10.970350
93.958333	0.5	11.014200
93.966667	0.5	11.056550
93.975000	0.5	11.094900
93.983333	0.5	11.139500
93.991667	0.5	11.189450
94.000000	0.5	11.228050
94.008333	0.5	11.275650
94.016667	0.5	11.333400
94.025000	0.5	11.367400
94.033333	0.5	11.427400
94.041667	0.5	11.458900
94.050000	0.5	11.504250
94.058333	0.5	11.556300
94.066667	0.5	11.616000
94.075000	0.5	11.643800
94.083333	0.5	11.703300
94.091667	0.5	11.740000
94.100000	0.5	11.788250
94.108333	0.5	11.825450
94.116667	0.5	11.869450
94.125000	0.5	11.906950
94.133333	0.5	11.945500
94.141667	0.5	11.995700
94.150000	0.5	12.019300
94.158333	0.5	12.053300
94.166667	0.5	12.090150
94.175000	0.5	12.110150
94.183333	0.5	12.136950
94.191667	0.5	12.168850
94.200000	0.5	12.190700
94.208333	0.5	12.225900
94.216667	0.5	12.237450
94.225000	0.5	12.283200
94.233333	0.5	12.276150
94.241667	0.5	12.287200
94.250000	0.5	12.295950
94.258333	0.5	12.307050
94.266667	0.5	12.329450
94.275000	0.5	12.339850
94.283333	0.5	12.345300
94.291667	0.5	12.353600
94.300000	0.5	12.356500
94.308333	0.5	12.358600
94.316667	0.5	12.365100
94.325000	0.5	12.378850
94.333333	0.5	12.377700
94.341667	0.5	12.376200
94.350000	0.5	12.376050
94.358333	0.5	12.379900
94.366667	0.5	12.388750
94.375000	0.5	12.386350
94.383333	0.5	12.375250
94.391667	0.5	12.388050
94.400000	0.5	12.388100
94.408333	0.5	12.371750
94.416667	0.5	12.383700
94.425000	0.5	12.367650
94.433333	0.5	12.370900
94.441667	0.5	12.367800
94.450000	0.5	12.377200
94.458333	0.5	12.367050
94.466667	0.5	12.361750
94.475000	0.5	12.359800
94.483333	0.5	12.365400
94.491667	0.5	12.364200
94.500000	0.5	12.355750
94.508333	0.5	12.360000
94.516667	0.5	12.364500
94.525000	0.5	12.368400
94.533333	0.5	12.354550
94.541667	0.5	12.358500
94.550000	0.5	12.358300
94.558333	0.5	12.367600
94.566667	0.5	12.361800
94.575000	0.5	12.365550
94.583333	0.5	12.359650
94.591667	0.5	12.360100
94.600000	0.5	12.365250
94.608333	0.5	12.359050
94.616667	0.5	12.379300
94.625000	0.5	12.370400
94.633333	0.5	12.375250
94.641667	0.5	12.379450
94.650000	0.5	12.387650
94.658333	0.5	12.383200
94.666667	0.5	12.386050
94.675000	0.5	12.400800
94.683333	0.5	12.400600
94.691667	0.5	12.413350
94.700000	0.5	12.420250
94.708333	0.5	12.418900
94.716667	0.5	12.435150
94.725000	0.5	12.431250
94.733333	0.5	12.447050
94.741667	0.5	12.458150
94.750000	0.5	12.465800
94.758333	0.5	12.482700
94.766667	0.5	12.491000
94.775000	0.5	12.496750
94.783333	0.5	12.508500
94.791667	0.5	12.517300
94.800000	0.5	12.522050
94.808333	0.5	12.529300
94.816667	0.5	12.548200
94.825000	0.5	12.555750
94.833333	0.5	12.565000
94.841667	0.5	12.583600
94.850000	0.5	12.592300
94.858333	0.5	12.604400
94.866667	0.5	12.624700
94.875000	0.5	12.634150
94.883333	0.5	12.655300
94.891667	0.5	12.645500
94.900000	0.5	12.656150
94.908333	0.5	12.673550
94.916667	0.5	12.680650
94.925000	0.5	12.688450
94.933333	0.5	12.708000
94.941667	0.5	12.725750
94.950000	0.5	12.732850
94.958333	0.5	12.741200
94.966667	0.5	12.756450
94.975000	0.5	12.775300
94.983333	0.5	12.780450
94.991667	0.5	12.791850
95.000000	0.5	12.807850
95.008333	0.5	12.834950
95.016667	0.5	12.841700
95.025000	0.5	12.854650
95.033333	0.5	12.875850
95.041667	0.5	12.890850
95.050000	0.5	12.903300
95.058333	0.5	12.946750
95.066667	0.5	12.950200
95.075000	0.5	12.972150
95.083333	0.5	13.000200
95.091667	0.5	13.022150
95.100000	0.5	13.055900
95.108333	0.5	13.066500
95.116667	0.5	13.102550
95.125000	0.5	13.132100
95.133333	0.5	13.157500
95.141667	0.5	13.187600
95.150000	0.5	13.217100
95.158333	0.5	13.246950
95.166667	0.5	13.274950
95.175000	0.5	13.305350
95.183333	0.5	13.344800
95.191667	0.5	13.368850
95.200000	0.5	13.398950
95.208333	0.5	13.429850
95.216667	0.5	13.460100
95.225000	0.5	13.482600
95.233333	0.5	13.482950
95.241667	0.5	13.535850
95.250000	0.5	13.569850
95.258333	0.5	13.612100
95.266667	0.5	13.633800
95.275000	0.5	13.656950
95.283333	0.5	13.691800
95.291667	0.5	13.706800
95.300000	0.5	13.740750
95.308333	0.5	13.765150
95.316667	0.5	13.788200
95.325000	0.5	13.814450
95.333333	0.5	13.831500
95.341667	0.5	13.850850
95.350000	0.5	13.875650
95.358333	0.5	13.893300
95.366667	0.5	13.922200
95.375000	0.5	13.931200
95.383333	0.5	13.940250
95.391667	0.5	13.958050
95.400000	0.5	13.978650
95.408333	0.5	13.986950
95.416667	0.5	13.995350
95.425000	0.5	14.013150
95.433333	0.5	14.013700
95.441667	0.5	14.020000
95.450000	0.5	14.030550
95.458333	0.5	14.032350
95.466667	0.5	14.034500
95.475000	0.5	14.037850
95.483333	0.5	14.027600
95.491667	0.5	14.026300
95.500000	0.5	14.026550
95.508333	0.5	14.021850
95.516667	0.5	14.021350
95.525000	0.5	14.008050
95.533333	0.5	14.004500
95.541667	0.5	13.987450
95.550000	0.5	13.977500
95.558333	0.5	13.966550
95.566667	0.5	13.939000
95.575000	0.5	13.939450
95.583333	0.5	13.924250
95.591667	0.5	13.898150
95.600000	0.5	13.877000
95.608333	0.5	13.862600
95.616667	0.5	13.840000
95.625000	0.5	13.819450
95.633333	0.5	13.797350
95.641667	0.5	13.778300
95.650000	0.5	13.745400
95.658333	0.5	13.721350
95.666667	0.5	13.697700
95.675000	0.5	13.660150
95.683333	0.5	13.637100
95.691667	0.5	13.606450
95.700000	0.5	13.572350
95.708333	0.5	13.544150
95.716667	0.5	13.524200
95.725000	0.5	13.490550
95.733333	0.5	13.462050
95.741667	0.5	13.427600
95.750000	0.5	13.397000
95.758333	0.5	13.374350
95.766667	0.5	13.346650
95.775000	0.5	13.313800
95.783333	0.5	13.287600
95.791667	0.5	13.247850
95.800000	0.5	13.233400
95.808333	0.5	13.212500
95.816667	0.5	13.182500
95.825000	0.5	13.161300
95.833333	0.5	13.141500
95.841667	0.5	13.116200
95.850000	0.5	13.092250
95.858333	0.5	13.072350
95.866667	0.5	13.051800
95.875000	0.5	13.034850
95.883333	0.5	13.019000
95.891667	0.5	13.003800
95.900000	0.5	12.990450
95.908333	0.5	12.977300
95.916667	0.5	12.973400
95.925000	0.5	12.949550
95.933333	0.5	12.934350
95.941667	0.5	12.936950
95.950000	0.5	12.911900
95.958333	0.5	12.906500
95.966667	0.5	12.905250
95.975000	0.5	12.898950
95.983333	0.5	12.898250
95.991667	0.5	12.886300
96.000000	0.5	12.896450
96.008333	0.5	12.877000
96.016667	0.5	12.879500
96.025000	0.5	12.880800
96.033333	0.5	12.883350
96.041667	0.5	12.882800
96.050000	0.5	12.888450
96.058333	0.5	12.887200
96.066667	0.5	12.894400
96.075000	0.5	12.886700
96.083333	0.5	12.904200
96.091667	0.5	12.904100
96.100000	0.5	12.907150
96.108333	0.5	12.914000
96.116667	0.5	12.907100
96.125000	0.5	12.927550
96.133333	0.5	12.941750
96.141667	0.5	12.942150
96.150000	0.5	12.954850
96.158333	0.5	12.971850
96.166667	0.5	12.984750
96.175000	0.5	12.992800
96.183333	0.5	13.022400
96.191667	0.5	13.027300
96.200000	0.5	13.039300
96.208333	0.5	13.061200
96.216667	0.5	13.064300
96.225000	0.5	13.083000
96.233333	0.5	13.101000
96.241667	0.5	13.122250
96.250000	0.5	13.132900
96.258333	0.5	13.149750
96.266667	0.5	13.163700
96.275000	0.5	13.183300
96.283333	0.5	13.203200
96.291667	0.5	13.210150
96.300000	0.5	13.232000
96.308333	0.5	13.253100
96.316667	0.5	13.268550
96.325000	0.5	13.279450
96.333333	0.5	13.293850
96.341667	0.5	13.312350
96.350000	0.5	13.325400
96.358333	0.5	13.339950
96.366667	0.5	13.359650
96.375000	0.5	13.367300
96.383333	0.5	13.378650
96.391667	0.5	13.394050
96.400000	0.5	13.404100
96.408333	0.5	13.415200
96.416667	0.5	13.422650
96.425000	0.5	13.438700
96.433333	0.5	13.444800
96.441667	0.5	13.462400
96.450000	0.5	13.470450
96.458333	0.5	13.474400
96.466667	0.5	13.478600
96.475000	0.5	13.495300
96.483333	0.5	13.506300
96.491667	0.5	13.512650
96.500000	0.5	13.518450
96.508333	0.5	13.531600
96.516667	0.5	13.538800
96.525000	0.5	13.539450
96.533333	0.5	13.552800
96.541667	0.5	13.556200
96.550000	0.5	13.572200
96.558333	0.5	13.571700
96.566667	0.5	13.579200
96.575000	0.5	13.584150
96.583333	0.5	13.597800
96.591667	0.5	13.599050
96.600000	0.5	13.609500
96.608333	0.5	13.622100
96.616667	0.5	13.617200
96.625000	0.5	13.632200
96.633333	0.5	13.628750
96.641667	0.5	13.631950
96.650000	0.5	13.630250
96.658333	0.5	13.641350
96.666667	0.5	13.637200
96.675000	0.5	13.649250
96.683333	0.5	13.644000
96.691667	0.5	13.637500
96.700000	0.5	13.647350
96.708333	0.5	13.638750
96.716667	0.5	13.636650
96.725000	0.5	13.633800
96.733333	0.5	13.619250
96.741667	0.5	13.646150
96.750000	0.5	13.645550
96.758333	0.5	13.635950
96.766667	0.5	13.632600
96.775000	0.5	13.640900
96.783333	0.5	13.624300
96.791667	0.5	13.617150
96.800000	0.5	13.613000
96.808333	0.5	13.605750
96.816667	0.5	13.605200
96.825000	0.5	13.586500
96.833333	0.5	13.592350
96.841667	0.5	13.591600
96.850000	0.5	13.580500
96.858333	0.5	13.561650
96.866667	0.5	13.562150
96.875000	0.5	13.540600
96.883333	0.5	13.537300
96.891667	0.5	13.517150
96.900000	0.5	13.530000
96.908333	0.5	13.506850
96.916667	0.5	13.499750
96.925000	0.5	13.484850
96.933333	0.5	13.474150
96.941667	0.5	13.471150
96.950000	0.5	13.439200
96.958333	0.5	13.448850
96.966667	0.5	13.424500
96.975000	0.5	13.411050
96.983333	0.5	13.424600
96.991667	0.5	13.389950
97.000000	0.5	13.365950
97.008333	0.5	13.346000
97.016667	0.5	13.331000
97.025000	0.5	13.323200
97.033333	0.5	13.295650
97.041667	0.5	13.285700
97.050000	0.5	13.267050
97.058333	0.5	13.241950
97.066667	0.5	13.223200
97.075000	0.5	13.193050
97.083333	0.5	13.182800
97.091667	0.5	13.147450
97.100000	0.5	13.126600
97.108333	0.5	13.107000
97.116667	0.5	13.071950
97.125000	0.5	13.056550
97.133333	0.5	13.021100
97.141667	0.5	12.985800
97.150000	0.5	12.962550
97.158333	0.5	12.928000
97.166667	0.5	12.891000
97.175000	0.5	12.867000
97.183333	0.5	12.834500
97.191667	0.5	12.813100
97.200000	0.5	12.788450
97.208333	0.5	12.736350
97.216667	0.5	12.716200
97.225000	0.5	12.675150
97.233333	0.5	12.646800
97.241667	0.5	12.636550
97.250000	0.5	12.602900
97.258333	0.5	12.566850
97.266667	0.5	12.531650
97.275000	0.5	12.508150
97.283333	0.5	12.478250
97.291667	0.5	12.443450
97.300000	0.5	12.424850
97.308333	0.5	12.389650
97.316667	0.5	12.366250
97.325000	0.5	12.334650
97.333333	0.5	12.307400
97.341667	0.5	12.287000
97.350000	0.5	12.248600
97.358333	0.5	12.241700
97.366667	0.5	12.213950
97.375000	0.5	12.176250
97.383333	0.5	12.164300
97.391667	0.5	12.126500
97.400000	0.5	12.095700
97.408333	0.5	12.077400
97.416667	0.5	12.057950
97.425000	0.5	12.047950
97.433333	0.5	12.028650
97.441667	0.5	12.008300
97.450000	0.5	11.970200
97.458333	0.5	11.968500
97.466667	0.5	11.940950
97.475000	0.5	11.940500
97.483333	0.5	11.917400
97.491667	0.5	11.890050
97.500000	0.5	11.884750
97.508333	0.5	11.855950
97.516667	0.5	11.847250
97.525000	0.5	11.817300
97.533333	0.5	11.805050
97.541667	0.5	11.789200
97.550000	0.5	11.782050
97.558333	0.5	11.754650
97.566667	0.5	11.746550
97.575000	0.5	11.744050
97.583333	0.5	11.733250
97.591667	0.5	11.696750
97.600000	0.5	11.688350
97.608333	0.5	11.676500
97.616667	0.5	11.666450
97.625000	0.5	11.645400
97.633333	0.5	11.640550
97.641667	0.5	11.621000
97.650000	0.5	11.615700
97.658333	0.5	11.607100
97.666667	0.5	11.591350
97.675000	0.5	11.582150
97.683333	0.5	11.577000
97.691667	0.5	11.574750
97.700000	0.5	11.550050
97.708333	0.5	11.541650
97.716667	0.5	11.536900
97.725000	0.5	11.527000
97.733333	0.5	11.501900
97.741667	0.5	11.494600
97.750000	0.5	11.480300
97.758333	0.5	11.475650
97.766667	0.5	11.470800
97.775000	0.5	11.471600
97.783333	0.5	11.444850
97.791667	0.5	11.429850
97.800000	0.5	11.426900
97.808333	0.5	11.413150
97.816667	0.5	11.410900
97.825000	0.5	11.401500
97.833333	0.5	11.383600
97.841667	0.5	11.373650
97.850000	0.5	11.361800
97.858333	0.5	11.357050
97.866667	0.5	11.358300
97.875000	0.5	11.343300
97.883333	0.5	11.338600
97.891667	0.5	11.341350
97.900000	0.5	11.342050
97.908333	0.5	11.339400
97.916667	0.5	11.339500
97.925000	0.5	11.335450
97.933333	0.5	11.322300
97.941667	0.5	11.325800
97.950000	0.5	11.334050
97.958333	0.5	11.333700
97.966667	0.5	11.337600
97.975000	0.5	11.325700
97.983333	0.5	11.343050
97.991667	0.5	11.348950
98.000000	0.5	11.359850
98.008333	0.5	11.366450
98.016667	0.5	11.374800
98.025000	0.5	11.373900
98.033333	0.5	11.400450
98.041667	0.5	11.395750
98.050000	0.5	11.401250
98.058333	0.5	11.410400
98.066667	0.5	11.411750
98.075000	0.5	11.418600
98.083333	0.5	11.425250
98.091667	0.5	11.442850
98.100000	0.5	11.452600
98.108333	0.5	11.452700
98.116667	0.5	11.466700
98.125000	0.5	11.479200
98.133333	0.5	11.474450
98.141667	0.5	11.496000
98.150000	0.5	11.506050
98.158333	0.5	11.516650
98.166667	0.5	11.526250
98.175000	0.5	11.542250
98.183333	0.5	11.546100
98.191667	0.5	11.553250
98.200000	0.5	11.557950
98.208333	0.5	11.578500
98.216667	0.5	11.603350
98.225000	0.5	11.601250
98.233333	0.5	11.609250
98.241667	0.5	11.615750
98.250000	0.5	11.621500
98.258333	0.5	11.645500
98.266667	0.5	11.648300
98.275000	0.5	11.665950
98.283333	0.5	11.681850
98.291667	0.5	11.682200
98.300000	0.5	11.704550
98.308333	0.5	11.712600
98.316667	0.5	11.719700
98.325000	0.5	11.728550
98.333333	0.5	11.735200
98.341667	0.5	11.755650
98.350000	0.5	11.747100
98.358333	0.5	11.759650
98.366667	0.5	11.767000
98.375000	0.5	11.764750
98.383333	0.5	11.776250
98.391667	0.5	11.795650
98.400000	0.5	11.790200
98.408333	0.5	11.795500
98.416667	0.5	11.801800
98.425000	0.5	11.802000
98.433333	0.5	11.786050
98.441667	0.5	11.796800
98.450000	0.5	11.793600
98.458333	0.5	11.790000
98.466667	0.5	11.790950
98.475000	0.5	11.786750
98.483333	0.5	11.789200
98.491667	0.5	11.778200
98.500000	0.5	11.776400
98.508333	0.5	11.766350
98.516667	0.5	11.765950
98.525000	0.5	11.762850
98.533333	0.5	11.755850
98.541667	0.5	11.742950
98.550000	0.5	11.740300
98.558333	0.5	11.736850
98.566667	0.5	11.722900
98.575000	0.5	11.718750
98.583333	0.5	11.708300
98.591667	0.5	11.703600
98.600000	0.5	11.707400
98.608333	0.5	11.698200
98.616667	0.5	11.699400
98.625000	0.5	11.690200
98.633333	0.5	11.687300
98.641667	0.5	11.683450
98.650000	0.5	11.690600
98.658333	0.5	11.680600
98.666667	0.5	11.680450
98.675000	0.5	11.677450
98.683333	0.5	11.679400
98.691667	0.5	11.687500
98.700000	0.5	11.675250
98.708333	0.5	11.675900
98.716667	0.5	11.667950
98.725000	0.5	11.667700
98.733333	0.5	11.663050
98.741667	0.5	11.659200
98.750000	0.5	11.672800
98.758333	0.5	11.677000
98.766667	0.5	11.674050
98.775000	0.5	11.678750
98.783333	0.5	11.685000
98.791667	0.5	11.686750
98.800000	0.5	11.691700
98.808333	0.5	11.686900
98.816667	0.5	11.691250
98.825000	0.5	11.696200
98.833333	0.5	11.698800
98.841667	0.5	11.708050
98.850000	0.5	11.703200
98.858333	0.5	11.701850
98.866667	0.5	11.711900
98.875000	0.5	11.711650
98.883333	0.5	11.739600
98.891667	0.5	11.720500
98.900000	0.5	11.737900
98.908333	0.5	11.734550
98.916667	0.5	11.741350
98.925000	0.5	11.740650
98.933333	0.5	11.768800
98.941667	0.5	11.773050
98.950000	0.5	11.765300
98.958333	0.5	11.777950
98.966667	0.5	11.779700
98.975000	0.5	11.779950
98.983333	0.5	11.797050
98.991667	0.5	11.788550
99.000000	0.5	11.809050
99.008333	0.5	11.796250
99.016667	0.5	11.803450
99.025000	0.5	11.796400
99.033333	0.5	11.793650
99.041667	0.5	11.799200
99.050000	0.5	11.792950
99.058333	0.5	11.805050
99.066667	0.5	11.799100
99.075000	0.5	11.796500
99.083333	0.5	11.800250
99.091667	0.5	11.792250
99.100000	0.5	11.781550
99.108333	0.5	11.798500
99.116667	0.5	11.767650
99.125000	0.5	11.774650
99.133333	0.5	11.775950
99.141667	0.5	11.763250
99.150000	0.5	11.760050
99.158333	0.5	11.772350
99.166667	0.5	11.763000
99.175000	0.5	11.760700
99.183333	0.5	11.752650
99.191667	0.5	11.754100
99.200000	0.5	11.759000
99.208333	0.5	11.760500
99.216667	0.5	11.766750
99.225000	0.5	11.759600
99.233333	0.5	11.762000
99.241667	0.5	11.769300
99.250000	0.5	11.770200
99.258333	0.5	11.763650
99.266667	0.5	11.774400
99.275000	0.5	11.775900
99.283333	0.5	11.782950
99.291667	0.5	11.788850
99.300000	0.5	11.792150
99.308333	0.5	11.803500
99.316667	0.5	11.804650
99.325000	0.5	11.813400
99.333333	0.5	11.824000
99.341667	0.5	11.832750
99.350000	0.5	11.845400
99.358333	0.5	11.858300
99.366667	0.5	11.874100
99.375000	0.5	11.879500
99.383333	0.5	11.886450
99.391667	0.5	11.893600
99.400000	0.5	11.911650
99.408333	0.5	11.929050
99.416667	0.5	11.946000
99.425000	0.5	11.958700
99.433333	0.5	11.976450
99.441667	0.5	11.995250
99.450000	0.5	11.998200
99.458333	0.5	12.005250
99.466667	0.5	12.021350
99.475000	0.5	12.037750
99.483333	0.5	12.040650
99.491667	0.5	12.054300
99.500000	0.5	12.079500
99.508333	0.5	12.086500
99.516667	0.5	12.107900
99.525000	0.5	12.120750
99.533333	0.5	12.128700
99.541667	0.5	12.156600
99.550000	0.5	12.148700
99.558333	0.5	12.164350
99.566667	0.5	12.188600
99.575000	0.5	12.187350
99.583333	0.5	12.207550
99.591667	0.5	12.210850
99.600000	0.5	12.230600
99.608333	0.5	12.226800
99.616667	0.5	12.234450
99.625000	0.5	12.268750
99.633333	0.5	12.256750
99.641667	0.5	12.253250
99.650000	0.5	12.271900
99.658333	0.5	12.279350
99.666667	0.5	12.269850
99.675000	0.5	12.273800
99.683333	0.5	12.276850
99.691667	0.5	12.281350
99.700000	0.5	12.283900
99.708333	0.5	12.271600
99.716667	0.5	12.274300
99.725000	0.5	12.276850
99.733333	0.5	12.260700
99.741667	0.5	12.245950
99.750000	0.5	12.238050
99.758333	0.5	12.237350
99.766667	0.5	12.214800
99.775000	0.5	12.205400
99.783333	0.5	12.180050
99.791667	0.5	12.174750
99.800000	0.5	12.143750
99.808333	0.5	12.132250
99.816667	0.5	12.109500
99.825000	0.5	12.092500
99.833333	0.5	12.074350
99.841667	0.5	12.052450
99.850000	0.5	12.040450
99.858333	0.5	12.008750
99.866667	0.5	11.986750
99.875000	0.5	11.975150
99.883333	0.5	11.941600
99.891667	0.5	11.918600
99.900000	0.5	11.905600
99.908333	0.5	11.882400
99.916667	0.5	11.863850
99.925000	0.5	11.839100
99.933333	0.5	11.815500
99.941667	0.5	11.796100
99.950000	0.5	11.769150
99.958333	0.5	11.754000
99.966667	0.5	11.739200
99.975000	0.5	11.716900
99.983333	0.5	11.697850
99.991667	0.5	11.671500
100.000000	0.5	11.645050
100.008333	0.5	11.648900
100.016667	0.5	11.619700
100.025000	0.5	11.616300
100.033333	0.5	11.590650
100.041667	0.5	11.595900
100.050000	0.5	11.575850
100.058333	0.5	11.554800
100.066667	0.5	11.561200
100.075000	0.5	11.527150
100.083333	0.5	11.521100
100.091667	0.5	11.528850
100.100000	0.5	11.507800
100.108333	0.5	11.514000
100.116667	0.5	11.503250
100.125000	0.5	11.503250
100.133333	0.5	11.503950
100.141667	0.5	11.496400
100.150000	0.5	11.493300
100.158333	0.5	11.506250
100.166667	0.5	11.491450
100.175000	0.5	11.500300
100.183333	0.5	11.496200
100.191667	0.5	11.505650
100.200000	0.5	11.505150
100.208333	0.5	11.507550
100.216667	0.5	11.506650
100.225000	0.5	11.516300
100.233333	0.5	11.512250
100.241667	0.5	11.510500
100.250000	0.5	11.509100
100.258333	0.5	11.513200
100.266667	0.5	11.516500
100.275000	0.5	11.524100
100.283333	0.5	11.511850
100.291667	0.5	11.518700
100.300000	0.5	11.524900
100.308333	0.5	11.517050
100.316667	0.5	11.519400
100.325000	0.5	11.527950
100.333333	0.5	11.529700
100.341667	0.5	11.512500
100.350000	0.5	11.516950
100.358333	0.5	11.537750
100.366667	0.5	11.512950
100.375000	0.5	11.513050
100.383333	0.5	11.506750
100.391667	0.5	11.513200
100.400000	0.5	11.516300
100.408333	0.5	11.497800
100.416667	0.5	11.506450
100.425000	0.5	11.493550
100.433333	0.5	11.491750
100.441667	0.5	11.486000
100.450000	0.5	11.480000
100.458333	0.5	11.470500
100.466667	0.5	11.479200
100.475000	0.5	11.474300
100.483333	0.5	11.456300
100.491667	0.5	11.458050
100.500000	0.5	11.452200
100.508333	0.5	11.451600
100.516667	0.5	11.444150
100.525000	0.5	11.436950
100.533333	0.5	11.426950
100.541667	0.5	11.423400
100.550000	0.5	11.419800
100.558333	0.5	11.409500
100.566667	0.5	11.404450
100.575000	0.5	11.408600
100.583333	0.5	11.392900
100.591667	0.5	11.383450
100.600000	0.5	11.393300
100.608333	0.5	11.377500
100.616667	0.5	11.381800
100.625000	0.5	11.365400
100.633333	0.5	11.347400
100.641667	0.5	11.342850
100.650000	0.5	11.336200
100.658333	0.5	11.329050
100.666667	0.5	11.323450
100.675000	0.5	11.317600
100.683333	0.5	11.313000
100.691667	0.5	11.308050
100.700000	0.5	11.306600
100.708333	0.5	11.301400
100.716667	0.5	11.290000
100.725000	0.5	11.282300
100.733333	0.5	11.275350
100.741667	0.5	11.281050
100.750000	0.5	11.270200
100.758333	0.5	11.277800
100.766667	0.5	11.266700
100.775000	0.5	11.274400
100.783333	0.5	11.265700
100.791667	0.5	11.269450
100.800000	0.5	11.256150
100.808333	0.5	11.260150
100.816667	0.5	11.250900
100.825000	0.5	11.258750
100.833333	0.5	11.266200
100.841667	0.5	11.255000
100.850000	0.5	11.255250
100.858333	0.5	11.249750
100.866667	0.5	11.254550
100.875000	0.5	11.246650
100.883333	0.5	11.239550
100.891667	0.5	11.238150
100.900000	0.5	11.246100
100.908333	0.5	11.237450
100.916667	0.5	11.230850
100.925000	0.5	11.230750
100.933333	0.5	11.220200
100.941667	0.5	11.215200
100.950000	0.5	11.205050
100.958333	0.5	11.211650
100.966667	0.5	11.198150
100.975000	0.5	11.192450
100.983333	0.5	11.186300
100.991667	0.5	11.165550
101.000000	0.5	11.149700
101.008333	0.5	11.150950
101.016667	0.5	11.128700
101.025000	0.5	11.122200
101.033333	0.5	11.103200
101.041667	0.5	11.106900
101.050000	0.5	11.081700
101.058333	0.5	11.079500
101.066667	0.5	11.079950
101.075000	0.5	11.070950
101.083333	0.5	11.073300
101.091667	0.5	11.051350
101.100000	0.5	11.041000
101.108333	0.5	11.027000
101.116667	0.5	11.037850
101.125000	0.5	11.017450
101.133333	0.5	11.010800
101.141667	0.5	11.005150
101.150000	0.5	10.977000
101.158333	0.5	10.979850
101.166667	0.5	10.968550
101.175000	0.5	10.959800
101.183333	0.5	10.953150
101.191667	0.5	10.935950
101.200000	0.5	10.948600
101.208333	0.5	10.929350
101.216667	0.5	10.932250
101.225000	0.5	10.928650
101.233333	0.5	10.930350
101.241667	0.5	10.922500
101.250000	0.5	10.934250
101.258333	0.5	10.929450
101.266667	0.5	10.927450
101.275000	0.5	10.931700
101.283333	0.5	10.926800
101.291667	0.5	10.938550
101.300000	0.5	10.921250
101.308333	0.5	10.934600
101.316667	0.5	10.931400
101.325000	0.5	10.932200
101.333333	0.5	10.937100
101.341667	0.5	10.941150
101.350000	0.5	10.939300
101.358333	0.5	10.940600
101.366667	0.5	10.956750
101.375000	0.5	10.967400
101.383333	0.5	10.967800
101.391667	0.5	10.980200
101.400000	0.5	10.985250
101.408333	0.5	10.989000
101.416667	0.5	10.995000
101.425000	0.5	11.005500
101.433333	0.5	11.011100
101.441667	0.5	11.020650
101.450000	0.5	11.036550
101.458333	0.5	11.047500
101.466667	0.5	11.062050
101.475000	0.5	11.070600
101.483333	0.5	11.084100
101.491667	0.5	11.097650
101.500000	0.5	11.094850
101.508333	0.5	11.104500
101.516667	0.5	11.119350
101.525000	0.5	11.130950
101.533333	0.5	11.150100
101.541667	0.5	11.163700
101.550000	0.5	11.165750
101.558333	0.5	11.177750
101.566667	0.5	11.182700
101.575000	0.5	11.195950
101.583333	0.5	11.203400
101.591667	0.5	11.211200
101.600000	0.5	11.216250
101.608333	0.5	11.229800
101.616667	0.5	11.242950
101.625000	0.5	11.248750
101.633333	0.5	11.265700
101.641667	0.5	11.274000
101.650000	0.5	11.281750
101.658333	0.5	11.285300
101.666667	0.5	11.290150
101.675000	0.5	11.301400
101.683333	0.5	11.307900
101.691667	0.5	11.317650
101.700000	0.5	11.327450
101.708333	0.5	11.327750
101.716667	0.5	11.345350
101.725000	0.5	11.345200
101.733333	0.5	11.355950
101.741667	0.5	11.362750
101.750000	0.5	11.370400
101.758333	0.5	11.376650
101.766667	0.5	11.390950
101.775000	0.5	11.398450
101.783333	0.5	11.400850
101.791667	0.5	11.417100
101.800000	0.5	11.422900
101.808333	0.5	11.439600
101.816667	0.5	11.441600
101.825000	0.5	11.459500
101.833333	0.5	11.458150
101.841667	0.5	11.480300
101.850000	0.5	11.485150
101.858333	0.5	11.503250
101.866667	0.5	11.509800
101.875000	0.5	11.517550
101.883333	0.5	11.530300
101.891667	0.5	11.543250
101.900000	0.5	11.550350
101.908333	0.5	11.562850
101.916667	0.5	11.568150
101.925000	0.5	11.580300
101.933333	0.5	11.597150
101.941667	0.5	11.615050
101.950000	0.5	11.630900
101.958333	0.5	11.637000
101.966667	0.5	11.660350
101.975000	0.5	11.656300
101.983333	0.5	11.675800
101.991667	0.5	11.693050
102.000000	0.5	11.703600
102.008333	0.5	11.723850
102.016667	0.5	11.734100
102.025000	0.5	11.743950
102.033333	0.5	11.760050
102.041667	0.5	11.768500
102.050000	0.5	11.781800
102.058333	0.5	11.790300
102.066667	0.5	11.805400
102.075000	0.5	11.807300
102.083333	0.5	11.824750
102.091667	0.5	11.841500
102.100000	0.5	11.844600
102.108333	0.5	11.864750
102.116667	0.5	11.867100
102.125000	0.5	11.884800
102.133333	0.5	11.895200
102.141667	0.5	11.896250
102.150000	0.5	11.908600
102.158333	0.5	11.925350
102.166667	0.5	11.930300
102.175000	0.5	11.949300
102.183333	0.5	11.945850
102.191667	0.5	11.948450
102.200000	0.5	11.952300
102.208333	0.5	11.963700
102.216667	0.5	11.968100
102.225000	0.5	11.968400
102.233333	0.5	11.986750
102.241667	0.5	11.991150
102.250000	0.5	11.994050
102.258333	0.5	12.004650
102.266667	0.5	11.994850
102.275000	0.5	12.008150
102.283333	0.5	12.017400
102.291667	0.5	12.017250
102.300000	0.5	12.021400
102.308333	0.5	12.036450
102.316667	0.5	12.051200
102.325000	0.5	12.044450
102.333333	0.5	12.043400
102.341667	0.5	12.046750
102.350000	0.5	12.047050
102.358333	0.5	12.050000
102.366667	0.5	12.054700
102.375000	0.5	12.049900
102.383333	0.5	12.075350
102.391667	0.5	12.044650
102.400000	0.5	12.057600
102.408333	0.5	12.053750
102.416667	0.5	12.071800
102.425000	0.5	12.065250
102.433333	0.5	12.064600
102.441667	0.5	12.060100
102.450000	0.5	12.057650
102.458333	0.5	12.053350
102.466667	0.5	12.059150
102.475000	0.5	12.052200
102.483333	0.5	12.063800
102.491667	0.5	12.056600
102.500000	0.5	12.051700
102.508333	0.5	12.057750
102.516667	0.5	12.053750
102.525000	0.5	12.045400
102.533333	0.5	12.056600
102.541667	0.5	12.050200
102.550000	0.5	12.043500
102.558333	0.5	12.044650
102.566667	0.5	12.043900
102.575000	0.5	12.035200
102.583333	0.5	12.026650
102.591667	0.5	12.028950
102.600000	0.5	12.021400
102.608333	0.5	12.017950
102.616667	0.5	12.009750
102.625000	0.5	12.004250
102.633333	0.5	11.999750
102.641667	0.5	12.003800
102.650000	0.5	11.993050
102.658333	0.5	11.993100
102.666667	0.5	11.975750
102.675000	0.5	11.965650
102.683333	0.5	11.974150
102.691667	0.5	11.953600
102.700000	0.5	11.940450
102.708333	0.5	11.934100
102.716667	0.5	11.932200
102.725000	0.5	11.922750
102.733333	0.5	11.915000
102.741667	0.5	11.903150
102.750000	0.5	11.890850
102.758333	0.5	11.885150
102.766667	0.5	11.869150
102.775000	0.5	11.862350
102.783333	0.5	11.853550
102.791667	0.5	11.846050
102.800000	0.5	11.842200
102.808333	0.5	11.827450
102.816667	0.5	11.809200
102.825000	0.5	11.804300
102.833333	0.5	11.805700
102.841667	0.5	11.782500
102.850000	0.5	11.773000
102.858333	0.5	11.762200
102.866667	0.5	11.750000
102.875000	0.5	11.752350
102.883333	0.5	11.750000
102.891667	0.5	11.726050
102.900000	0.5	11.718200
102.908333	0.5	11.714500
102.916667	0.5	11.708000
102.925000	0.5	11.714150
102.933333	0.5	11.705650
102.941667	0.5	11.702800
102.950000	0.5	11.684200
102.958333	0.5	11.688750
102.966667	0.5	11.675350
102.975000	0.5	11.676200
102.983333	0.5	11.670050
102.991667	0.5	11.673400
103.000000	0.5	11.671450
103.008333	0.5	11.660650
103.016667	0.5	11.666800
103.025000	0.5	11.655400
103.033333	0.5	11.646100
103.041667	0.5	11.653550
103.050000	0.5	11.638050
103.058333	0.5	11.648550
103.066667	0.5	11.640450
103.075000	0.5	11.647650
103.083333	0.5	11.648950
103.091667	0.5	11.640950
103.100000	0.5	11.632450
103.108333	0.5	11.644000
103.116667	0.5	11.637350
103.125000	0.5	11.641600
103.133333	0.5	11.634800
103.141667	0.5	11.631650
103.150000	0.5	11.631950
103.158333	0.5	11.626750
103.166667	0.5	11.638050
103.175000	0.5	11.635950
103.183333	0.5	11.620600
103.191667	0.5	11.626900
103.200000	0.5	11.626750
103.208333	0.5	11.619400
103.216667	0.5	11.617100
103.225000	0.5	11.609000
103.233333	0.5	11.610050
103.241667	0.5	11.609800
103.250000	0.5	11.615050
103.258333	0.5	11.601600
103.266667	0.5	11.611450
103.275000	0.5	11.593150
103.283333	0.5	11.587400
103.291667	0.5	11.594500
103.300000	0.5	11.578000
103.308333	0.5	11.588050
103.316667	0.5	11.570000
103.325000	0.5	11.567950
103.333333	0.5	11.555100
103.341667	0.5	11.552150
103.350000	0.5	11.534650
103.358333	0.5	11.538400
103.366667	0.5	11.537100
103.375000	0.5	11.532850
103.383333	0.5	11.525900
103.391667	0.5	11.518700
103.400000	0.5	11.510400
103.408333	0.5	11.514700
103.416667	0.5	11.522800
103.425000	0.5	11.508150
103.433333	0.5	11.517250
103.441667	0.5	11.504000
103.450000	0.5	11.506050
103.458333	0.5	11.508850
103.466667	0.5	11.491700
103.475000	0.5	11.489300
103.483333	0.5	11.483000
103.491667	0.5	11.483600
103.500000	0.5	11.476450
103.508333	0.5	11.467350
103.516667	0.5	11.470150
103.525000	0.5	11.471700
103.533333	0.5	11.466750
103.541667	0.5	11.463600
103.550000	0.5	11.475150
103.558333	0.5	11.459950
103.566667	0.5	11.473400
103.575000	0.5	11.462550
103.583333	0.5	11.464650
103.591667	0.5	11.464350
103.600000	0.5	11.467500
103.608333	0.5	11.473800
103.616667	0.5	11.473100
103.625000	0.5	11.457600
103.633333	0.5	11.472600
103.641667	0.5	11.469350
103.650000	0.5	11.476150
103.658333	0.5	11.480450
103.666667	0.5	11.480600
103.675000	0.5	11.474700
103.683333	0.5	11.480350
103.691667	0.5	11.480900
103.700000	0.5	11.481700
103.708333	0.5	11.481650
103.716667	0.5	11.484750
103.725000	0.5	11.490750
103.733333	0.5	11.480800
103.741667	0.5	11.492200
103.750000	0.5	11.488500
103.758333	0.5	11.483900
103.766667	0.5	11.483300
103.775000	0.5	11.484400
103.783333	0.5	11.478250
103.791667	0.5	11.474300
103.800000	0.5	11.469150
103.808333	0.5	11.476050
103.816667	0.5	11.462850
103.825000	0.5	11.456800
103.833333	0.5	11.452850
103.841667	0.5	11.452350
103.850000	0.5	11.451600
103.858333	0.5	11.451200
103.866667	0.5	11.442250
103.875000	0.5	11.431650
103.883333	0.5	11.433950
103.891667	0.5	11.422550
103.900000	0.5	11.421550
103.908333	0.5	11.405800
103.916667	0.5	11.404200
103.925000	0.5	11.399750
103.933333	0.5	11.390850
103.941667	0.5	11.384650
103.950000	0.5	11.377400
103.958333	0.5	11.373050
103.966667	0.5	11.363200
103.975000	0.5	11.353600
103.983333	0.5	11.350850
103.991667	0.5	11.345700
104.000000	0.5	11.327850
104.008333	0.5	11.345100
104.016667	0.5	11.346850
104.025000	0.5	11.332400
104.033333	0.5	11.329850
104.041667	0.5	11.331500
104.050000	0.5	11.318500
104.058333	0.5	11.317700
104.066667	0.5	11.312800
104.075000	0.5	11.317000
104.083333	0.5	11.315750
104.091667	0.5	11.308950
104.100000	0.5	11.312100
104.108333	0.5	11.309450
104.116667	0.5	11.311750
104.125000	0.5	11.313600
104.133333	0.5	11.313700
104.141667	0.5	11.316800
104.150000	0.5	11.317100
104.158333	0.5	11.313950
104.166667	0.5	11.307750
104.175000	0.5	11.306250
104.183333	0.5	11.310650
104.191667	0.5	11.312750
104.200000	0.5	11.316350
104.208333	0.5	11.304750
104.216667	0.5	11.317350
104.225000	0.5	11.316550
104.233333	0.5	11.308050
104.241667	0.5	11.306800
104.250000	0.5	11.311450
104.258333	0.5	11.305600
104.266667	0.5	11.304400
104.275000	0.5	11.308450
104.283333	0.5	11.310300
104.291667	0.5	11.313850
104.300000	0.5	11.314850
104.308333	0.5	11.312850
104.316667	0.5	11.313900
104.325000	0.5	11.309350
104.333333	0.5	11.313600
104.341667	0.5	11.318500
104.350000	0.5	11.304700
104.358333	0.5	11.301200
104.366667	0.5	11.298150
104.375000	0.5	11.299950
104.383333	0.5	11.302950
104.391667	0.5	11.297800
104.400000	0.5	11.287800
104.408333	0.5	11.296200
104.416667	0.5	11.301750
104.425000	0.5	11.303550
104.433333	0.5	11.295700
104.441667	0.5	11.292200
104.450000	0.5	11.292250
104.458333	0.5	11.278700
104.466667	0.5	11.293100
104.475000	0.5	11.290350
104.483333	0.5	11.295950
104.491667	0.5	11.287050
104.500000	0.5	11.294550
104.508333	0.5	11.292250
104.516667	0.5	11.293600
104.525000	0.5	11.296350
104.533333	0.5	11.299850
104.541667	0.5	11.293800
104.550000	0.5	11.282800
104.558333	0.5	11.299550
104.566667	0.5	11.302850
104.575000	0.5	11.298350
104.583333	0.5	11.290150
104.591667	0.5	11.300700
104.600000	0.5	11.300600
104.608333	0.5	11.297500
104.616667	0.5	11.301250
104.625000	0.5	11.293900
104.633333	0.5	11.295000
104.641667	0.5	11.296800
104.650000	0.5	11.311900
104.658333	0.5	11.295000
104.666667	0.5	11.298750
104.675000	0.5	11.306650
104.683333	0.5	11.311250
104.691667	0.5	11.299600
104.700000	0.5	11.308050
104.708333	0.5	11.317850
104.716667	0.5	11.311850
104.725000	0.5	11.311850
104.733333	0.5	11.317800
104.741667	0.5	11.315100
104.750000	0.5	11.332550
104.758333	0.5	11.326850
104.766667	0.5	11.327750
104.775000	0.5	11.332600
104.783333	0.5	11.332100
104.791667	0.5	11.333450
104.800000	0.5	11.335500
104.808333	0.5	11.340400
104.816667	0.5	11.345200
104.825000	0.5	11.340150
104.833333	0.5	11.345450
104.841667	0.5	11.342500
104.850000	0.5	11.343050
104.858333	0.5	11.352700
104.866667	0.5	11.341100
104.875000	0.5	11.347400
104.883333	0.5	11.350200
104.891667	0.5	11.340750
104.900000	0.5	11.338000
104.908333	0.5	11.341400
104.916667	0.5	11.351550
104.925000	0.5	11.343750
104.933333	0.5	11.339300
104.941667	0.5	11.337700
104.950000	0.5	11.337000
104.958333	0.5	11.332100
104.966667	0.5	11.328100
104.975000	0.5	11.325900
104.983333	0.5	11.327250
104.991667	0.5	11.323900
105.000000	0.5	11.319600
105.008333	0.5	11.315050
105.016667	0.5	11.321850
105.025000	0.5	11.299350
105.033333	0.5	11.307800
105.041667	0.5	11.292750
105.050000	0.5	11.293600
105.058333	0.5	11.290850
105.066667	0.5	11.280350
105.075000	0.5	11.274750
105.083333	0.5	11.273400
105.091667	0.5	11.265550
105.100000	0.5	11.266800
105.108333	0.5	11.255450
105.116667	0.5	11.252000
105.125000	0.5	11.243300
105.133333	0.5	11.245500
105.141667	0.5	11.228150
105.150000	0.5	11.234900
105.158333	0.5	11.229700
105.166667	0.5	11.233400
105.175000	0.5	11.228200
105.183333	0.5	11.231600
105.191667	0.5	11.219250
105.200000	0.5	11.219250
105.208333	0.5	11.212100
105.216667	0.5	11.208350
105.225000	0.5	11.207050
105.233333	0.5	11.202800
105.241667	0.5	11.200400
105.250000	0.5	11.194800
105.258333	0.5	11.186250
105.266667	0.5	11.188000
105.275000	0.5	11.186300
105.283333	0.5	11.177500
105.291667	0.5	11.172400
105.300000	0.5	11.170150
105.308333	0.5	11.170950
105.316667	0.5	11.180400
105.325000	0.5	11.165500
105.333333	0.5	11.165100
105.341667	0.5	11.154250
105.350000	0.5	11.153550
105.358333	0.5	11.137350
105.366667	0.5	11.136100
105.375000	0.5	11.133500
105.383333	0.5	11.127550
105.391667	0.5	11.121100
105.400000	0.5	11.127100
105.408333	0.5	11.104150
105.416667	0.5	11.105000
105.425000	0.5	11.107800
105.433333	0.5	11.088500
105.441667	0.5	11.085450
105.450000	0.5	11.077400
105.458333	0.5	11.068000
105.466667	0.5	11.059550
105.475000	0.5	11.052200
105.483333	0.5	11.045600
105.491667	0.5	11.036400
105.500000	0.5	11.035750
105.508333	0.5	11.030650
105.516667	0.5	11.025650
105.525000	0.5	11.029200
105.533333	0.5	11.019900
105.541667	0.5	11.020350
105.550000	0.5	11.011250
105.558333	0.5	11.012100
105.566667	0.5	11.010200
105.575000	0.5	11.007050
105.583333	0.5	11.009400
105.591667	0.5	11.006000
105.600000	0.5	11.006050
105.608333	0.5	11.001900
105.616667	0.5	11.002750
105.625000	0.5	11.003950
105.633333	0.5	11.002400
105.641667	0.5	11.008200
105.650000	0.5	11.012650
105.658333	0.5	11.004050
105.666667	0.5	11.009300
105.675000	0.5	11.005200
105.683333	0.5	11.013150
105.691667	0.5	11.011750
105.700000	0.5	11.015250
105.708333	0.5	11.012600
105.716667	0.5	11.023350
105.725000	0.5	11.021250
105.733333	0.5	11.027500
105.741667	0.5	11.038800
105.750000	0.5	11.037850
105.758333	0.5	11.037900
105.766667	0.5	11.043700
105.775000	0.5	11.050300
105.783333	0.5	11.052700
105.791667	0.5	11.056700
105.800000	0.5	11.059050
105.808333	0.5	11.066300
105.816667	0.5	11.061200
105.825000	0.5	11.072150
105.833333	0.5	11.087850
105.841667	0.5	11.079150
105.850000	0.5	11.091700
105.858333	0.5	11.092900
105.866667	0.5	11.098100
105.875000	0.5	11.098650
105.883333	0.5	11.115900
105.891667	0.5	11.109750
105.900000	0.5	11.110100
105.908333	0.5	11.107350
105.916667	0.5	11.113000
105.925000	0.5	11.116300
105.933333	0.5	11.121850
105.941667	0.5	11.127750
105.950000	0.5	11.130100
105.958333	0.5	11.133550
105.966667	0.5	11.136050
105.975000	0.5	11.145800
105.983333	0.5	11.155500
105.991667	0.5	11.145000
106.000000	0.5	11.146350
106.008333	0.5	11.143500
106.016667	0.5	11.147950
106.025000	0.5	11.148750
106.033333	0.5	11.158950
106.041667	0.5	11.168150
106.050000	0.5	11.162300
106.058333	0.5	11.158250
106.066667	0.5	11.158800
106.075000	0.5	11.165200
106.083333	0.5	11.161850
106.091667	0.5	11.163450
106.100000	0.5	11.175300
106.108333	0.5	11.162500
106.116667	0.5	11.162600
106.125000	0.5	11.172850
106.133333	0.5	11.164250
106.141667	0.5	11.175350
106.150000	0.5	11.179500
106.158333	0.5	11.176900
106.166667	0.5	11.189550
106.175000	0.5	11.189050
106.183333	0.5	11.186850
106.191667	0.5	11.183450
106.200000	0.5	11.193050
106.208333	0.5	11.192400
106.216667	0.5	11.199500
106.225000	0.5	11.205750
106.233333	0.5	11.198900
106.241667	0.5	11.197300
106.250000	0.5	11.195850
106.258333	0.5	11.212200
106.266667	0.5	11.208550
106.275000	0.5	11.219300
106.283333	0.5	11.208950
106.291667	0.5	11.207450
106.300000	0.5	11.207100
106.308333	0.5	11.200550
106.316667	0.5	11.206700
106.325000	0.5	11.205000
106.333333	0.5	11.217400
106.341667	0.5	11.209350
106.350000	0.5	11.210900
106.358333	0.5	11.218600
106.366667	0.5	11.210800
106.375000	0.5	11.202950
106.383333	0.5	11.201150
106.391667	0.5	11.202400
106.400000	0.5	11.206050
106.408333	0.5	11.194550
106.416667	0.5	11.204800
106.425000	0.5	11.213400
106.433333	0.5	11.207850
106.441667	0.5	11.191250
106.450000	0.5	11.184600
106.458333	0.5	11.185600
106.466667	0.5	11.192400
106.475000	0.5	11.188650
106.483333	0.5	11.183850
106.491667	0.5	11.180700
106.500000	0.5	11.182300
106.508333	0.5	11.181600
106.516667	0.5	11.181750
106.525000	0.5	11.182050
106.533333	0.5	11.191950
106.541667	0.5	11.189000
106.550000	0.5	11.190800
106.558333	0.5	11.181250
106.566667	0.5	11.186000
106.575000	0.5	11.182900
106.583333	0.5	11.185900
106.591667	0.5	11.193200
106.600000	0.5	11.192650
106.608333	0.5	11.183900
106.616667	0.5	11.187400
106.625000	0.5	11.180800
106.633333	0.5	11.183800
106.641667	0.5	11.186400
106.650000	0.5	11.189950
106.658333	0.5	11.184200
106.666667	0.5	11.178500
106.675000	0.5	11.180850
106.683333	0.5	11.178100
106.691667	0.5	11.174500
106.700000	0.5	11.179900
106.708333	0.5	11.173250
106.716667	0.5	11.179900
106.725000	0.5	11.177250
106.733333	0.5	11.186350
106.741667	0.5	11.173350
106.750000	0.5	11.175400
106.758333	0.5	11.170000
106.766667	0.5	11.162350
106.775000	0.5	11.183650
106.783333	0.5	11.186550
106.791667	0.5	11.169650
106.800000	0.5	11.173500
106.808333	0.5	11.185700
106.816667	0.5	11.180150
106.825000	0.5	11.176000
106.833333	0.5	11.168550
106.841667	0.5	11.174500
106.850000	0.5	11.179200
106.858333	0.5	11.176850
106.866667	0.5	11.175200
106.875000	0.5	11.169300
106.883333	0.5	11.175150
106.891667	0.5	11.171450
106.900000	0.5	11.180400
106.908333	0.5	11.185950
106.916667	0.5	11.183300
106.925000	0.5	11.176150
106.933333	0.5	11.184100
106.941667	0.5	11.177600
106.950000	0.5	11.170250
106.958333	0.5	11.187650
106.966667	0.5	11.175100
106.975000	0.5	11.187300
106.983333	0.5	11.175300
106.991667	0.5	11.175600
107.000000	0.5	11.173200
107.008333	0.5	11.185350
107.016667	0.5	11.185350
107.025000	0.5	11.182950
107.033333	0.5	11.184900
107.041667	0.5	11.194350
107.050000	0.5	11.187450
107.058333	0.5	11.206250
107.066667	0.5	11.192350
107.075000	0.5	11.199900
107.083333	0.5	11.195100
107.091667	0.5	11.196500
107.100000	0.5	11.207500
107.108333	0.5	11.205200
107.116667	0.5	11.216000
107.125000	0.5	11.217750
107.133333	0.5	11.213250
107.141667	0.5	11.221050
107.150000	0.5	11.224250
107.158333	0.5	11.236800
107.166667	0.5	11.243050
107.175000	0.5	11.236050
107.183333	0.5	11.258350
107.191667	0.5	11.255850
107.200000	0.5	11.266200
107.208333	0.5	11.270100
107.216667	0.5	11.270350
107.225000	0.5	11.284500
107.233333	0.5	11.293850
107.241667	0.5	11.301650
107.250000	0.5	11.300450
107.258333	0.5	11.304650
107.266667	0.5	11.313100
107.275000	0.5	11.323900
107.283333	0.5	11.326450
107.291667	0.5	11.330850
107.300000	0.5	11.348400
107.308333	0.5	11.350800
107.316667	0.5	11.363300
107.325000	0.5	11.370900
107.333333	0.5	11.368400
107.341667	0.5	11.384050
107.350000	0.5	11.388700
107.358333	0.5	11.396250
107.366667	0.5	11.402550
107.375000	0.5	11.411600
107.383333	0.5	11.423250
107.391667	0.5	11.429850
107.400000	0.5	11.431800
107.408333	0.5	11.441300
107.416667	0.5	11.448750
107.425000	0.5	11.458650
107.433333	0.5	11.472300
107.441667	0.5	11.466850
107.450000	0.5	11.471250
107.458333	0.5	11.479600
107.466667	0.5	11.484300
107.475000	0.5	11.499000
107.483333	0.5	11.504400
107.491667	0.5	11.513950
107.500000	0.5	11.509100
107.508333	0.5	11.511950
107.516667	0.5	11.528500
107.525000	0.5	11.520850
107.533333	0.5	11.540550
107.541667	0.5	11.531250
107.550000	0.5	11.534150
107.558333	0.5	11.543600
107.566667	0.5	11.552400
107.575000	0.5	11.550350
107.583333	0.5	11.559250
107.591667	0.5	11.561900
107.600000	0.5	11.566550
107.608333	0.5	11.567800
107.616667	0.5	11.585350
107.625000	0.5	11.570150
107.633333	0.5	11.581000
107.641667	0.5	11.579550
107.650000	0.5	11.576700
107.658333	0.5	11.592800
107.666667	0.5	11.590300
107.675000	0.5	11.594700
107.683333	0.5	11.590300
107.691667	0.5	11.586950
107.700000	0.5	11.600150
107.708333	0.5	11.597000
107.716667	0.5	11.600200
107.725000	0.5	11.598100
107.733333	0.5	11.607400
107.741667	0.5	11.598500
107.750000	0.5	11.591900
107.758333	0.5	11.597100
107.766667	0.5	11.600800
107.775000	0.5	11.595950
107.783333	0.5	11.603450
107.791667	0.5	11.596800
107.800000	0.5	11.589050
107.808333	0.5	11.593150
107.816667	0.5	11.599250
107.825000	0.5	11.598550
107.833333	0.5	11.609650
107.841667	0.5	11.603300
107.850000	0.5	11.608300
107.858333	0.5	11.587600
107.866667	0.5	11.596800
107.875000	0.5	11.586900
107.883333	0.5	11.594800
107.891667	0.5	11.576750
107.900000	0.5	11.601200
107.908333	0.5	11.583650
107.916667	0.5	11.590300
107.925000	0.5	11.586400
107.933333	0.5	11.595000
107.941667	0.5	11.581900
107.950000	0.5	11.588700
107.958333	0.5	11.589450
107.966667	0.5	11.592300
107.975000	0.5	11.590400
107.983333	0.5	11.593850
107.991667	0.5	11.617750
108.000000	0.5	11.614650
108.008333	0.5	11.606300
108.016667	0.5	11.616700
108.025000	0.5	11.630850
108.033333	0.5	11.617750
108.041667	0.5	11.625650
108.050000	0.5	11.626550
108.058333	0.5	11.633050
108.066667	0.5	11.636800
108.075000	0.5	11.633600
108.083333	0.5	11.639050
108.091667	0.5	11.641900
108.100000	0.5	11.651700
108.108333	0.5	11.650350
108.116667	0.5	11.661450
108.125000	0.5	11.657050
108.133333	0.5	11.667750
108.141667	0.5	11.684350
108.150000	0.5	11.684350
108.158333	0.5	11.678700
108.166667	0.5	11.685900
108.175000	0.5	11.699250
108.183333	0.5	11.698300
108.191667	0.5	11.702650
108.200000	0.5	11.703950
108.208333	0.5	11.701800
108.216667	0.5	11.706050
108.225000	0.5	11.717800
108.233333	0.5	11.714400
108.241667	0.5	11.722200
108.250000	0.5	11.727300
108.258333	0.5	11.731350
108.266667	0.5	11.751500
108.275000	0.5	11.738050
108.283333	0.5	11.736700
108.291667	0.5	11.729550
108.300000	0.5	11.731700
108.308333	0.5	11.734950
108.316667	0.5	11.745400
108.325000	0.5	11.743750
108.333333	0.5	11.757750
108.341667	0.5	11.747800
108.350000	0.5	11.733350
108.358333	0.5	11.733150
108.366667	0.5	11.731050
108.375000	0.5	11.734900
108.383333	0.5	11.730900
108.391667	0.5	11.731850
108.400000	0.5	11.719800
108.408333	0.5	11.716250
108.416667	0.5	11.717900
108.425000	0.5	11.725750
108.433333	0.5	11.717550
108.441667	0.5	11.700350
108.450000	0.5	11.710900
108.458333	0.5	11.700450
108.466667	0.5	11.695250
108.475000	0.5	11.699500
108.483333	0.5	11.681300
108.491667	0.5	11.687400
108.500000	0.5	11.668700
108.508333	0.5	11.655700
108.516667	0.5	11.650100
108.525000	0.5	11.658200
108.533333	0.5	11.645900
108.541667	0.5	11.638350
108.550000	0.5	11.630100
108.558333	0.5	11.638400
108.566667	0.5	11.613800
108.575000	0.5	11.611150
108.583333	0.5	11.604000
108.591667	0.5	11.602950
108.600000	0.5	11.587200
108.608333	0.5	11.585650
108.616667	0.5	11.570300
108.625000	0.5	11.591550
108.633333	0.5	11.569750
108.641667	0.5	11.568000
108.650000	0.5	11.551450
108.658333	0.5	11.545950
108.666667	0.5	11.527700
108.675000	0.5	11.526200
108.683333	0.5	11.505900
108.691667	0.5	11.510650
108.700000	0.5	11.505400
108.708333	0.5	11.494550
108.716667	0.5	11.490350
108.725000	0.5	11.482300
108.733333	0.5	11.470350
108.741667	0.5	11.461950
108.750000	0.5	11.458750
108.758333	0.5	11.465700
108.766667	0.5	11.440050
108.775000	0.5	11.440450
108.783333	0.5	11.429200
108.791667	0.5	11.418000
108.800000	0.5	11.420650
108.808333	0.5	11.420700
108.816667	0.5	11.416850
108.825000	0.5	11.407100
108.833333	0.5	11.393600
108.841667	0.5	11.387550
108.850000	0.5	11.385150
108.858333	0.5	11.372500
108.866667	0.5	11.368850
108.875000	0.5	11.366800
108.883333	0.5	11.360950
108.891667	0.5	11.364950
108.900000	0.5	11.346750
108.908333	0.5	11.344200
108.916667	0.5	11.334650
108.925000	0.5	11.347600
108.933333	0.5	11.329100
108.941667	0.5	11.333500
108.950000	0.5	11.329900
108.958333	0.5	11.323550
108.966667	0.5	11.331000
108.975000	0.5	11.319850
108.983333	0.5	11.317850
108.991667	0.5	11.310900
109.000000	0.5	11.305850
109.008333	0.5	11.305650
109.016667	0.5	11.307400
109.025000	0.5	11.307350
109.033333	0.5	11.306750
109.041667	0.5	11.306350
109.050000	0.5	11.303050
109.058333	0.5	11.309900
109.066667	0.5	11.304250
109.075000	0.5	11.301550
109.083333	0.5	11.291550
109.091667	0.5	11.301450
109.100000	0.5	11.303550
109.108333	0.5	11.310500
109.116667	0.5	11.313300
109.125000	0.5	11.309200
109.133333	0.5	11.308650
109.141667	0.5	11.306400
109.150000	0.5	11.319000
109.158333	0.5	11.293800
109.166667	0.5	11.294700
109.175000	0.5	11.294150
109.183333	0.5	11.291900
109.191667	0.5	11.296500
109.200000	0.5	11.307550
109.208333	0.5	11.296150
109.216667	0.5	11.297900
109.225000	0.5	11.292450
109.233333	0.5	11.297800
109.241667	0.5	11.301650
109.250000	0.5	11.307100
109.258333	0.5	11.302550
109.266667	0.5	11.301800
109.275000	0.5	11.305900
109.283333	0.5	11.308250
109.291667	0.5	11.301900
109.300000	0.5	11.303650
109.308333	0.5	11.308700
109.316667	0.5	11.309650
109.325000	0.5	11.310550
109.333333	0.5	11.314650
109.341667	0.5	11.323450
109.350000	0.5	11.325050
109.358333	0.5	11.325400
109.366667	0.5	11.326050
109.375000	0.5	11.322600
109.383333	0.5	11.337950
109.391667	0.5	11.342100
109.400000	0.5	11.341650
109.408333	0.5	11.360600
109.416667	0.5	11.345850
109.425000	0.5	11.348750
109.433333	0.5	11.351350
109.441667	0.5	11.361900
109.450000	0.5	11.363650
109.458333	0.5	11.362850
109.466667	0.5	11.378750
109.475000	0.5	11.376850
109.483333	0.5	11.389700
109.491667	0.5	11.407450
109.500000	0.5	11.408500
109.508333	0.5	11.397750
109.516667	0.5	11.425900
109.525000	0.5	11.416150
109.533333	0.5	11.444050
109.541667	0.5	11.441650
109.550000	0.5	11.434650
109.558333	0.5	11.453000
109.566667	0.5	11.454750
109.575000	0.5	11.457550
109.583333	0.5	11.471850
109.591667	0.5	11.474700
109.600000	0.5	11.475150
109.608333	0.5	11.477300
109.616667	0.5	11.480250
109.625000	0.5	11.481450
109.633333	0.5	11.485000
109.641667	0.5	11.495300
109.650000	0.5	11.491000
109.658333	0.5	11.488150
109.666667	0.5	11.497900
109.675000	0.5	11.500450
109.683333	0.5	11.502550
109.691667	0.5	11.500750
109.700000	0.5	11.497800
109.708333	0.5	11.503450
109.716667	0.5	11.511650
109.725000	0.5	11.512200
109.733333	0.5	11.507900
109.741667	0.5	11.507450
109.750000	0.5	11.510700
109.758333	0.5	11.516250
109.766667	0.5	11.507850
109.775000	0.5	11.513800
109.783333	0.5	11.508100
109.791667	0.5	11.518450
109.800000	0.5	11.516200
109.808333	0.5	11.523350
109.816667	0.5	11.514950
109.825000	0.5	11.519600
109.833333	0.5	11.523100
109.841667	0.5	11.528300
109.850000	0.5	11.516700
109.858333	0.5	11.523600
109.866667	0.5	11.534650
109.875000	0.5	11.537700
109.883333	0.5	11.537000
109.891667	0.5	11.543150
109.900000	0.5	11.543300
109.908333	0.5	11.553200
109.916667	0.5	11.549150
109.925000	0.5	11.545450
109.933333	0.5	11.562250
109.941667	0.5	11.570950
109.950000	0.5	11.563350
109.958333	0.5	11.565000
109.966667	0.5	11.559450
109.975000	0.5	11.574500
109.983333	0.5	11.569050
109.991667	0.5	11.573400
110.000000	0.5	11.576400
110.008333	0.5	11.575850
110.016667	0.5	11.574950
110.025000	0.5	11.572350
110.033333	0.5	11.584400
110.041667	0.5	11.577950
110.050000	0.5	11.573300
110.058333	0.5	11.574850
110.066667	0.5	11.579900
110.075000	0.5	11.571150
110.083333	0.5	11.578350
110.091667	0.5	11.568000
110.100000	0.5	11.571950
110.108333	0.5	11.566150
110.116667	0.5	11.576350
110.125000	0.5	11.563150
110.133333	0.5	11.565800
110.141667	0.5	11.555900
110.150000	0.5	11.552350
110.158333	0.5	11.557200
110.166667	0.5	11.557400
110.175000	0.5	11.546950
110.183333	0.5	11.553850
110.191667	0.5	11.539400
110.200000	0.5	11.539650
110.208333	0.5	11.536650
110.216667	0.5	11.538300
110.225000	0.5	11.529250
110.233333	0.5	11.528450
110.241667	0.5	11.527100
110.250000	0.5	11.531600
110.258333	0.5	11.519550
110.266667	0.5	11.521050
110.275000	0.5	11.520400
110.283333	0.5	11.511250
110.291667	0.5	11.504850
110.300000	0.5	11.518250
110.308333	0.5	11.509850
110.316667	0.5	11.498050
110.325000	0.5	11.498100
110.333333	0.5	11.501100
110.341667	0.5	11.501350
110.350000	0.5	11.488550
110.358333	0.5	11.489250
110.366667	0.5	11.489500
110.375000	0.5	11.495300
110.383333	0.5	11.486500
110.391667	0.5	11.489950
110.400000	0.5	11.483950
110.408333	0.5	11.477700
110.416667	0.5	11.476050
110.425000	0.5	11.477450
110.433333	0.5	11.470200
110.441667	0.5	11.470650
110.450000	0.5	11.465700
110.458333	0.5	11.455700
110.466667	0.5	11.462200
110.475000	0.5	11.452450
110.483333	0.5	11.448100
110.491667	0.5	11.463050
110.500000	0.5	11.447100
110.508333	0.5	11.451200
110.516667	0.5	11.448600
110.525000	0.5	11.440900
110.533333	0.5	11.449150
110.541667	0.5	11.430350
110.550000	0.5	11.428350
110.558333	0.5	11.423500
110.566667	0.5	11.416200
110.575000	0.5	11.424050
110.583333	0.5	11.421900
110.591667	0.5	11.420650
110.600000	0.5	11.407100
110.608333	0.5	11.406150
110.616667	0.5	11.402600
110.625000	0.5	11.397000
110.633333	0.5	11.394350
110.641667	0.5	11.390200
110.650000	0.5	11.383650
110.658333	0.5	11.390350
110.666667	0.5	11.372450
110.675000	0.5	11.376850
110.683333	0.5	11.358950
110.691667	0.5	11.360250
110.700000	0.5	11.352550
110.708333	0.5	11.345550
110.716667	0.5	11.343450
110.725000	0.5	11.342900
110.733333	0.5	11.339000
110.741667	0.5	11.327550
110.750000	0.5	11.320550
110.758333	0.5	11.323300
110.766667	0.5	11.317100
110.775000	0.5	11.315350
110.783333	0.5	11.306250
110.791667	0.5	11.302700
110.800000	0.5	11.294850
110.808333	0.5	11.285250
110.816667	0.5	11.292900
110.825000	0.5	11.296600
110.833333	0.5	11.288450
110.841667	0.5	11.281950
110.850000	0.5	11.275800
110.858333	0.5	11.278550
110.866667	0.5	11.268800
110.875000	0.5	11.266250
110.883333	0.5	11.266650
110.891667	0.5	11.257650
110.900000	0.5	11.255350
110.908333	0.5	11.265450
110.916667	0.5	11.262900
110.925000	0.5	11.250300
110.933333	0.5	11.252250
110.941667	0.5	11.248950
110.950000	0.5	11.242450
110.958333	0.5	11.244200
110.966667	0.5	11.236050
110.975000	0.5	11.234350
110.983333	0.5	11.235450
110.991667	0.5	11.236200
111.000000	0.5	11.225450
111.008333	0.5	11.240450
111.016667	0.5	11.227450
111.025000	0.5	11.229550
111.033333	0.5	11.217250
111.041667	0.5	11.210750
111.050000	0.5	11.219150
111.058333	0.5	11.217850
111.066667	0.5	11.211550
111.075000	0.5	11.205400
111.083333	0.5	11.215750
111.091667	0.5	11.210650
111.100000	0.5	11.206900
111.108333	0.5	11.205600
111.116667	0.5	11.201050
111.125000	0.5	11.202550
111.133333	0.5	11.192100
111.141667	0.5	11.189250
111.150000	0.5	11.205750
111.158333	0.5	11.194500
111.166667	0.5	11.191350
111.175000	0.5	11.193400
111.183333	0.5	11.197500
111.191667	0.5	11.188450
111.200000	0.5	11.190650
111.208333	0.5	11.182100
111.216667	0.5	11.193150
111.225000	0.5	11.182400
111.233333	0.5	11.188900
111.241667	0.5	11.182300
111.250000	0.5	11.186700
111.258333	0.5	11.179600
111.266667	0.5	11.178000
111.275000	0.5	11.174700
111.283333	0.5	11.179250
111.291667	0.5	11.175600
111.300000	0.5	11.181700
111.308333	0.5	11.185750
111.316667	0.5	11.196150
111.325000	0.5	11.187400
111.333333	0.5	11.184700
111.341667	0.5	11.185500
111.350000	0.5	11.186550
111.358333	0.5	11.190550
111.366667	0.5	11.205650
111.375000	0.5	11.204500
111.383333	0.5	11.192850
111.391667	0.5	11.197500
111.400000	0.5	11.194200
111.408333	0.5	11.202150
111.416667	0.5	11.200200
111.425000	0.5	11.193800
111.433333	0.5	11.206450
111.441667	0.5	11.216300
111.450000	0.5	11.209450
111.458333	0.5	11.208050
111.466667	0.5	11.209050
111.475000	0.5	11.211550
111.483333	0.5	11.206950
111.491667	0.5	11.214750
111.500000	0.5	11.215450
111.508333	0.5	11.211900
111.516667	0.5	11.233000
111.525000	0.5	11.214950
111.533333	0.5	11.210950
111.541667	0.5	11.220750
111.550000	0.5	11.235050
111.558333	0.5	11.221100
111.566667	0.5	11.222450
111.575000	0.5	11.208150
111.583333	0.5	11.220500
111.591667	0.5	11.218300
111.600000	0.5	11.222500
111.608333	0.5	11.233000
111.616667	0.5	11.232350
111.625000	0.5	11.231400
111.633333	0.5	11.229200
111.641667	0.5	11.227650
111.650000	0.5	11.240850
111.658333	0.5	11.229450
111.666667	0.5	11.232600
111.675000	0.5	11.230050
111.683333	0.5	11.237850
111.691667	0.5	11.244700
111.700000	0.5	11.235200
111.708333	0.5	11.240900
111.716667	0.5	11.239250
111.725000	0.5	11.251550
111.733333	0.5	11.245850
111.741667	0.5	11.244950
111.750000	0.5	11.247650
111.758333	0.5	11.246300
111.766667	0.5	11.247900
111.775000	0.5	11.249650
111.783333	0.5	11.250050
111.791667	0.5	11.246450
111.800000	0.5	11.267000
111.808333	0.5	11.257950
111.816667	0.5	11.265600
111.825000	0.5	11.259650
111.833333	0.5	11.261500
111.841667	0.5	11.257800
111.850000	0.5	11.255800
111.858333	0.5	11.258300
111.866667	0.5	11.254700
111.875000	0.5	11.266900
111.883333	0.5	11.266750
111.891667	0.5	11.263600
111.900000	0.5	11.286700
111.908333	0.5	11.272700
111.916667	0.5	11.287150
111.925000	0.5	11.290450
111.933333	0.5	11.282700
111.941667	0.5	11.268750
111.950000	0.5	11.279700
111.958333	0.5	11.277950
111.966667	0.5	11.283400
111.975000	0.5	11.287950
111.983333	0.5	11.294900
111.991667	0.5	11.297600
112.000000	0.5	11.303950
112.008333	0.5	11.297650
112.016667	0.5	11.288000
112.025000	0.5	11.299500
112.033333	0.5	11.291950
112.041667	0.5	11.297100
112.050000	0.5	11.303500
112.058333	0.5	11.293800
112.066667	0.5	11.310200
112.075000	0.5	11.289950
112.083333	0.5	11.299750
112.091667	0.5	11.297750
112.100000	0.5	11.299550
112.108333	0.5	11.297150
112.116667	0.5	11.300550
112.125000	0.5	11.297400
112.133333	0.5	11.309900
112.141667	0.5	11.304400
112.150000	0.5	11.316900
112.158333	0.5	11.311900
112.166667	0.5	11.306950
112.175000	0.5	11.316800
112.183333	0.5	11.311300
112.191667	0.5	11.303650
112.200000	0.5	11.311500
112.208333	0.5	11.309100
112.216667	0.5	11.310300
112.225000	0.5	11.309150
112.233333	0.5	11.316250
112.241667	0.5	11.308600
112.250000	0.5	11.317300
112.258333	0.5	11.326400
112.266667	0.5	11.324700
112.275000	0.5	11.318550
112.283333	0.5	11.325600
112.291667	0.5	11.336600
112.300000	0.5	11.322950
112.308333	0.5	11.324100
112.316667	0.5	11.326100
112.325000	0.5	11.334000
112.333333	0.5	11.334500
112.341667	0.5	11.332500
112.350000	0.5	11.345400
112.358333	0.5	11.352600
112.366667	0.5	11.353500
112.375000	0.5	11.347550
112.383333	0.5	11.346600
112.391667	0.5	11.345400
112.400000	0.5	11.347150
112.408333	0.5	11.357000
112.416667	0.5	11.352900
112.425000	0.5	11.361100
112.433333	0.5	11.355850
112.441667	0.5	11.360350
112.450000	0.5	11.363500
112.458333	0.5	11.370700
112.466667	0.5	11.357500
112.475000	0.5	11.360600
112.483333	0.5	11.362000
112.491667	0.5	11.367800
112.500000	0.5	11.365750
112.508333	0.5	11.373250
112.516667	0.5	11.372000
112.525000	0.5	11.365450
112.533333	0.5	11.366250
112.541667	0.5	11.381650
112.550000	0.5	11.369350
112.558333	0.5	11.362600
112.566667	0.5	11.394500
112.575000	0.5	11.376250
112.583333	0.5	11.375550
112.591667	0.5	11.397950
112.600000	0.5	11.388050
112.608333	0.5	11.377450
112.616667	0.5	11.393350
112.625000	0.5	11.388000
112.633333	0.5	11.375600
112.641667	0.5	11.386100
112.650000	0.5	11.389150
112.658333	0.5	11.376750
112.666667	0.5	11.385950
112.675000	0.5	11.386000
112.683333	0.5	11.389100
112.691667	0.5	11.384450
112.700000	0.5	11.393600
112.708333	0.5	11.383650
112.716667	0.5	11.395100
112.725000	0.5	11.399900
112.733333	0.5	11.394250
112.741667	0.5	11.416250
112.750000	0.5	11.397250
112.758333	0.5	11.393750
112.766667	0.5	11.407750
112.775000	0.5	11.408350
112.783333	0.5	11.401700
112.791667	0.5	11.400850
112.800000	0.5	11.414750
112.808333	0.5	11.417850
112.816667	0.5	11.404600
112.825000	0.5	11.404900
112.833333	0.5	11.405150
112.841667	0.5	11.416500
112.850000	0.5	11.421800
112.858333	0.5	11.420300
112.866667	0.5	11.421300
112.875000	0.5	11.434100
112.883333	0.5	11.422350
112.891667	0.5	11.432850
112.900000	0.5	11.423600
112.908333	0.5	11.426350
112.916667	0.5	11.433100
112.925000	0.5	11.441450
112.933333	0.5	11.449700
112.941667	0.5	11.439950
112.950000	0.5	11.445000
112.958333	0.5	11.466600
112.966667	0.5	11.445900
112.975000	0.5	11.466650
112.983333	0.5	11.460050
112.991667	0.5	11.466250
113.000000	0.5	11.470550
113.008333	0.5	11.491450
113.016667	0.5	11.487850
113.025000	0.5	11.492400
113.033333	0.5	11.496550
113.041667	0.5	11.494750
113.050000	0.5	11.494450
113.058333	0.5	11.498600
113.066667	0.5	11.506450
113.075000	0.5	11.511250
113.083333	0.5	11.517150
113.091667	0.5	11.519700
113.100000	0.5	11.525700
113.108333	0.5	11.532150
113.116667	0.5	11.529850
113.125000	0.5	11.533200
113.133333	0.5	11.543850
113.141667	0.5	11.522050
113.150000	0.5	11.535650
113.158333	0.5	11.538200
113.166667	0.5	11.532150
113.175000	0.5	11.538750
113.183333	0.5	11.534500
113.191667	0.5	11.542700
113.200000	0.5	11.537450
113.208333	0.5	11.546950
113.216667	0.5	11.544650
113.225000	0.5	11.544550
113.233333	0.5	11.545950
113.241667	0.5	11.547900
113.250000	0.5	11.548650
113.258333	0.5	11.544200
113.266667	0.5	11.548350
113.275000	0.5	11.561150
113.283333	0.5	11.551400
113.291667	0.5	11.554250
113.300000	0.5	11.543650
113.308333	0.5	11.545400
113.316667	0.5	11.551450
113.325000	0.5	11.547750
113.333333	0.5	11.545250
113.341667	0.5	11.556050
113.350000	0.5	11.538750
113.358333	0.5	11.538500
113.366667	0.5	11.544700
113.375000	0.5	11.535200
113.383333	0.5	11.538000
113.391667	0.5	11.534700
113.400000	0.5	11.543350
113.408333	0.5	11.532300
113.416667	0.5	11.538000
113.425000	0.5	11.527850
113.433333	0.5	11.524450
113.441667	0.5	11.523250
113.450000	0.5	11.512300
113.458333	0.5	11.497250
113.466667	0.5	11.506150
113.475000	0.5	11.494350
113.483333	0.5	11.483750
113.491667	0.5	11.487550
113.500000	0.5	11.496950
113.508333	0.5	11.486150
113.516667	0.5	11.485400
113.525000	0.5	11.462400
113.533333	0.5	11.471700
113.541667	0.5	11.462050
113.550000	0.5	11.461250
113.558333	0.5	11.453550
113.566667	0.5	11.442000
113.575000	0.5	11.451850
113.583333	0.5	11.435950
113.591667	0.5	11.454100
113.600000	0.5	11.449600
113.608333	0.5	11.441200
113.616667	0.5	11.443250
113.625000	0.5	11.417400
113.633333	0.5	11.425300
113.641667	0.5	11.422700
113.650000	0.5	11.430700
113.658333	0.5	11.429450
113.666667	0.5	11.421300
113.675000	0.5	11.420000
113.683333	0.5	11.412100
113.691667	0.5	11.402400
113.700000	0.5	11.405800
113.708333	0.5	11.397250
113.716667	0.5	11.393700
113.725000	0.5	11.380100
113.733333	0.5	11.385600
113.741667	0.5	11.376950
113.750000	0.5	11.380300
113.758333	0.5	11.378450
113.766667	0.5	11.381900
113.775000	0.5	11.360550
113.783333	0.5	11.363400
113.791667	0.5	11.356200
113.800000	0.5	11.367250
113.808333	0.5	11.349000
113.816667	0.5	11.356400
113.825000	0.5	11.346450
113.833333	0.5	11.356450
113.841667	0.5	11.346800
113.850000	0.5	11.336550
113.858333	0.5	11.336500
113.866667	0.5	11.339500
113.875000	0.5	11.332750
113.883333	0.5	11.329300
113.891667	0.5	11.329600
113.900000	0.5	11.334350
113.908333	0.5	11.336750
113.916667	0.5	11.343000
113.925000	0.5	11.319450
113.933333	0.5	11.324450
113.941667	0.5	11.326400
113.950000	0.5	11.322950
113.958333	0.5	11.322350
113.966667	0.5	11.313250
113.975000	0.5	11.317500
113.983333	0.5	11.318350
113.991667	0.5	11.324150
114.000000	0.5	11.321450
114.008333	0.5	11.329600
114.016667	0.5	11.311700
114.025000	0.5	11.320500
114.033333	0.5	11.317100
114.041667	0.5	11.318100
114.050000	0.5	11.318250
114.058333	0.5	11.315150
114.066667	0.5	11.315400
114.075000	0.5	11.319400
114.083333	0.5	11.313750
114.091667	0.5	11.311850
114.100000	0.5	11.321150
114.108333	0.5	11.317000
114.116667	0.5	11.311100
114.125000	0.5	11.305550
114.133333	0.5	11.316500
114.141667	0.5	11.320250
114.150000	0.5	11.317200
114.158333	0.5	11.318850
114.166667	0.5	11.312700
114.175000	0.5	11.309800
114.183333	0.5	11.307800
114.191667	0.5	11.302950
114.200000	0.5	11.304750
114.208333	0.5	11.305550
114.216667	0.5	11.308950
114.225000	0.5	11.298050
114.233333	0.5	11.295950
114.241667	0.5	11.297050
114.250000	0.5	11.301200
114.258333	0.5	11.305100
114.266667	0.5	11.300650
114.275000	0.5	11.302550
114.283333	0.5	11.306450
114.291667	0.5	11.312900
114.300000	0.5	11.307650
114.308333	0.5	11.303250
114.316667	0.5	11.300800
114.325000	0.5	11.300550
114.333333	0.5	11.309200
114.341667	0.5	11.302850
114.350000	0.5	11.306100
114.358333	0.5	11.301200
114.366667	0.5	11.296500
114.375000	0.5	11.297400
114.383333	0.5	11.303700
114.391667	0.5	11.296800
114.400000	0.5	11.311750
114.408333	0.5	11.298450
114.416667	0.5	11.296950
114.425000	0.5	11.285150
114.433333	0.5	11.293500
114.441667	0.5	11.295950
114.450000	0.5	11.287700
114.458333	0.5	11.289250
114.466667	0.5	11.283400
114.475000	0.5	11.280050
114.483333	0.5	11.283800
114.491667	0.5	11.282900
114.500000	0.5	11.281000
114.508333	0.5	11.275150
114.516667	0.5	11.277350
114.525000	0.5	11.282450
114.533333	0.5	11.288200
114.541667	0.5	11.270950
114.550000	0.5	11.281050
114.558333	0.5	11.281800
114.566667	0.5	11.271400
114.575000	0.5	11.267950
114.583333	0.5	11.263650
114.591667	0.5	11.271900
114.600000	0.5	11.259250
114.608333	0.5	11.257800
114.616667	0.5	11.247550
114.625000	0.5	11.256100
114.633333	0.5	11.243550
114.641667	0.5	11.247400
114.650000	0.5	11.229900
114.658333	0.5	11.257500
114.666667	0.5	11.229400
114.675000	0.5	11.225500
114.683333	0.5	11.233250
114.691667	0.5	11.221950
114.700000	0.5	11.220750
114.708333	0.5	11.217350
114.716667	0.5	11.201750
114.725000	0.5	11.213000
114.733333	0.5	11.207200
114.741667	0.5	11.198500
114.750000	0.5	11.203900
114.758333	0.5	11.193150
114.766667	0.5	11.183850
114.775000	0.5	11.182150
114.783333	0.5	11.170150
114.791667	0.5	11.172850
114.800000	0.5	11.165000
114.808333	0.5	11.163500
114.816667	0.5	11.153300
114.825000	0.5	11.154400
114.833333	0.5	11.148500
114.841667	0.5	11.144450
114.850000	0.5	11.138800
114.858333	0.5	11.144950
114.866667	0.5	11.141550
114.875000	0.5	11.123150
114.883333	0.5	11.139200
114.891667	0.5	11.120050
114.900000	0.5	11.118750
114.908333	0.5	11.107750
114.916667	0.5	11.108200
114.925000	0.5	11.100000
114.933333	0.5	11.092800
114.941667	0.5	11.093700
114.950000	0.5	11.095700
114.958333	0.5	11.078000
114.966667	0.5	11.094600
114.975000	0.5	11.071700
114.983333	0.5	11.072300
114.991667	0.5	11.059850
115.000000	0.5	11.071150
115.008333	0.5	11.052000
115.016667	0.5	11.059000
115.025000	0.5	11.059900
115.033333	0.5	11.058650
115.041667	0.5	11.033700
115.050000	0.5	11.029950
115.058333	0.5	11.018700
115.066667	0.5	11.019850
115.075000	0.5	11.034800
115.083333	0.5	11.016950
115.091667	0.5	11.039600
115.100000	0.5	11.013800
115.108333	0.5	11.016500
115.116667	0.5	11.016050
115.125000	0.5	11.012950
115.133333	0.5	11.022850
115.141667	0.5	11.001750
115.150000	0.5	11.024350
115.158333	0.5	10.996200
115.166667	0.5	10.999250
115.175000	0.5	10.996300
115.183333	0.5	10.996400
115.191667	0.5	11.003400
115.200000	0.5	10.989750
115.208333	0.5	10.983850
115.216667	0.5	10.991700
115.225000	0.5	10.989950
115.233333	0.5	10.982150
115.241667	0.5	10.987050
115.250000	0.5	10.978250
115.258333	0.5	10.983100
115.266667	0.5	10.991400
115.275000	0.5	10.982000
115.283333	0.5	10.978450
115.291667	0.5	10.981350
115.300000	0.5	10.978200
115.308333	0.5	10.978850
115.316667	0.5	10.981550
115.325000	0.5	10.974900
115.333333	0.5	10.979500
115.341667	0.5	10.977100
115.350000	0.5	10.977600
115.358333	0.5	10.972800
115.366667	0.5	10.975800
115.375000	0.5	10.970400
115.383333	0.5	10.974900
115.391667	0.5	10.974950
115.400000	0.5	10.975850
115.408333	0.5	10.991350
115.416667	0.5	10.969700
115.425000	0.5	10.980350
115.433333	0.5	10.980400
115.441667	0.5	10.972600
115.450000	0.5	10.984000
115.458333	0.5	10.980350
115.466667	0.5	10.980100
115.475000	0.5	10.983550
115.483333	0.5	10.975300
115.491667	0.5	10.977650
115.500000	0.5	10.986400
115.508333	0.5	10.984050
115.516667	0.5	10.995400
115.525000	0.5	10.977200
115.533333	0.5	10.999600
115.541667	0.5	10.984950
115.550000	0.5	10.990050
115.558333	0.5	10.987750
115.566667	0.5	10.976250
115.575000	0.5	10.974950
115.583333	0.5	10.974750
115.591667	0.5	10.989550
115.600000	0.5	10.977700
115.608333	0.5	10.976100
115.616667	0.5	10.974800
115.625000	0.5	10.984150
115.633333	0.5	10.979750
115.641667	0.5	10.984900
115.650000	0.5	10.987600
115.658333	0.5	10.983150
115.666667	0.5	10.974300
115.675000	0.5	10.970450
115.683333	0.5	10.973900
115.691667	0.5	10.995600
115.700000	0.5	10.979850
115.708333	0.5	10.986850
115.716667	0.5	10.984200
115.725000	0.5	10.980000
115.733333	0.5	10.979600
115.741667	0.5	10.995200
115.750000	0.5	10.990000
115.758333	0.5	10.978100
115.766667	0.5	10.984700
115.775000	0.5	10.984250
115.783333	0.5	10.981650
115.791667	0.5	10.995600
115.800000	0.5	11.009300
115.808333	0.5	10.996950
115.816667	0.5	11.008850
115.825000	0.5	10.994250
115.833333	0.5	10.986500
115.841667	0.5	10.987850
115.850000	0.5	10.993550
115.858333	0.5	10.990450
115.866667	0.5	10.987950
115.875000	0.5	10.984800
115.883333	0.5	10.987100
115.891667	0.5	11.006550
115.900000	0.5	10.997950
115.908333	0.5	10.981950
115.916667	0.5	10.996250
115.925000	0.5	10.990300
115.933333	0.5	10.989000
115.941667	0.5	10.990850
115.950000	0.5	10.981800
115.958333	0.5	11.007600
115.966667	0.5	11.002200
115.975000	0.5	10.979250
115.983333	0.5	10.977450
115.991667	0.5	10.988600
116.000000	0.5	10.982250
116.008333	0.5	10.980950
116.016667	0.5	10.975750
116.025000	0.5	10.977550
116.033333	0.5	10.987300
116.041667	0.5	10.981750
116.050000	0.5	10.982150
116.058333	0.5	10.977150
116.066667	0.5	10.986900
116.075000	0.5	10.972350
116.083333	0.5	10.977250
116.091667	0.5	10.975550
116.100000	0.5	10.971100
116.108333	0.5	10.981950
116.116667	0.5	10.967900
116.125000	0.5	10.963800
116.133333	0.5	10.979150
116.141667	0.5	10.962750
116.150000	0.5	10.955600
116.158333	0.5	10.958500
116.166667	0.5	10.969800
116.175000	0.5	10.959700
116.183333	0.5	10.951600
116.191667	0.5	10.948600
116.200000	0.5	10.947350
116.208333	0.5	10.945850
116.216667	0.5	10.958100
116.225000	0.5	10.945600
116.233333	0.5	10.954250
116.241667	0.5	10.943750
116.250000	0.5	10.948150
116.258333	0.5	10.943300
116.266667	0.5	10.943350
116.275000	0.5	10.943350
116.283333	0.5	10.956850
116.291667	0.5	10.942950
116.300000	0.5	10.939800
116.308333	0.5	10.923600
116.316667	0.5	10.936650
116.325000	0.5	10.936000
116.333333	0.5	10.936350
116.341667	0.5	10.928350
116.350000	0.5	10.925250
116.358333	0.5	10.927850
116.366667	0.5	10.924600
116.375000	0.5	10.908400
116.383333	0.5	10.914100
116.391667	0.5	10.908900
116.400000	0.5	10.918400
116.408333	0.5	10.905650
116.416667	0.5	10.908000
116.425000	0.5	10.910300
116.433333	0.5	10.912850
116.441667	0.5	10.914300
116.450000	0.5	10.900950
116.458333	0.5	10.902250
116.466667	0.5	10.895550
116.475000	0.5	10.906350
116.483333	0.5	10.900200
116.491667	0.5	10.911750
116.500000	0.5	10.899750
116.508333	0.5	10.902950
116.516667	0.5	10.908950
116.525000	0.5	10.908750
116.533333	0.5	10.897700
116.541667	0.5	10.896000
116.550000	0.5	10.903250
116.558333	0.5	10.897050
116.566667	0.5	10.898700
116.575000	0.5	10.905100
116.583333	0.5	10.901150
116.591667	0.5	10.894000
116.600000	0.5	10.894050
116.608333	0.5	10.890400
116.616667	0.5	10.893900
116.625000	0.5	10.902400
116.633333	0.5	10.880000
116.641667	0.5	10.890200
116.650000	0.5	10.883950
116.658333	0.5	10.875650
116.666667	0.5	10.882850
116.675000	0.5	10.880650
116.683333	0.5	10.875150
116.691667	0.5	10.870600
116.700000	0.5	10.874700
116.708333	0.5	10.875950
116.716667	0.5	10.865300
116.725000	0.5	10.853800
116.733333	0.5	10.881800
116.741667	0.5	10.869400
116.750000	0.5	10.856500
116.758333	0.5	10.855150
116.766667	0.5	10.859850
116.775000	0.5	10.858350
116.783333	0.5	10.841950
116.791667	0.5	10.847900
116.800000	0.5	10.836850
116.808333	0.5	10.839600
116.816667	0.5	10.844550
116.825000	0.5	10.851200
116.833333	0.5	10.831350
116.841667	0.5	10.839850
116.850000	0.5	10.844400
116.858333	0.5	10.820550
116.866667	0.5	10.825850
116.875000	0.5	10.817850
116.883333	0.5	10.821100
116.891667	0.5	10.822600
116.900000	0.5	10.820050
116.908333	0.5	10.821950
116.916667	0.5	10.827750
116.925000	0.5	10.855300
116.933333	0.5	10.821300
116.941667	0.5	10.825500
116.950000	0.5	10.831150
116.958333	0.5	10.808450
116.966667	0.5	10.819600
116.975000	0.5	10.813800
116.983333	0.5	10.824050
116.991667	0.5	10.810450
117.000000	0.5	10.807450
117.008333	0.5	10.812250
117.016667	0.5	10.810050
117.025000	0.5	10.806400
117.033333	0.5	10.823050
117.041667	0.5	10.806900
117.050000	0.5	10.802050
117.058333	0.5	10.795750
117.066667	0.5	10.802300
117.075000	0.5	10.803450
117.083333	0.5	10.802450
117.091667	0.5	10.799750
117.100000	0.5	10.786450
117.108333	0.5	10.792550
117.116667	0.5	10.784500
117.125000	0.5	10.788450
117.133333	0.5	10.787850
117.141667	0.5	10.787550
117.150000	0.5	10.775150
117.158333	0.5	10.780300
117.166667	0.5	10.777050
117.175000	0.5	10.771050
117.183333	0.5	10.770650
117.191667	0.5	10.789350
117.200000	0.5	10.773550
117.208333	0.5	10.765400
117.216667	0.5	10.761950
117.225000	0.5	10.757900
117.233333	0.5	10.765300
117.241667	0.5	10.746750
117.250000	0.5	10.751350
117.258333	0.5	10.752250
117.266667	0.5	10.749600
117.275000	0.5	10.747150
117.283333	0.5	10.750350
117.291667	0.5	10.745600
117.300000	0.5	10.749350
117.308333	0.5	10.749400
117.316667	0.5	10.742000
117.325000	0.5	10.748600
117.333333	0.5	10.757550
117.341667	0.5	10.740700
117.350000	0.5	10.736550
117.358333	0.5	10.744100
117.366667	0.5	10.732300
117.375000	0.5	10.733950
117.383333	0.5	10.737950
117.391667	0.5	10.730650
117.400000	0.5	10.734750
117.408333	0.5	10.726300
117.416667	0.5	10.731950
117.425000	0.5	10.731750
117.433333	0.5	10.726300
117.441667	0.5	10.728400
117.450000	0.5	10.732050
117.458333	0.5	10.739950
117.466667	0.5	10.731650
117.475000	0.5	10.736600
117.483333	0.5	10.736500
117.491667	0.5	10.732100
117.500000	0.5	10.738900
117.508333	0.5	10.730550
117.516667	0.5	10.740350
117.525000	0.5	10.743900
117.533333	0.5	10.742250
117.541667	0.5	10.748800
117.550000	0.5	10.740150
117.558333	0.5	10.748050
117.566667	0.5	10.756100
117.575000	0.5	10.774200
117.583333	0.5	10.756350
117.591667	0.5	10.769950
117.600000	0.5	10.779550
117.608333	0.5	10.776000
117.616667	0.5	10.795650
117.625000	0.5	10.809050
117.633333	0.5	10.806500
117.641667	0.5	10.821750
117.650000	0.5	10.830900
117.658333	0.5	10.854650
117.666667	0.5	10.868800
117.675000	0.5	10.870850
117.683333	0.5	10.876200
117.691667	0.5	10.890100
117.700000	0.5	10.899250
117.708333	0.5	10.919750
117.716667	0.5	10.930800
117.725000	0.5	10.949650
117.733333	0.5	10.954150
117.741667	0.5	10.993800
117.750000	0.5	10.995800
117.758333	0.5	11.015150
117.766667	0.5	11.046650
117.775000	0.5	11.053300
117.783333	0.5	11.084350
117.791667	0.5	11.096750
117.800000	0.5	11.122900
117.808333	0.5	11.145150
117.816667	0.5	11.166200
117.825000	0.5	11.190150
117.833333	0.5	11.216500
117.841667	0.5	11.246200
117.850000	0.5	11.274350
117.858333	0.5	11.304500
117.866667	0.5	11.336000
117.875000	0.5	11.360250
117.883333	0.5	11.392400
117.891667	0.5	11.429700
117.900000	0.5	11.461450
117.908333	0.5	11.502200
117.916667	0.5	11.541850
117.925000	0.5	11.583100
117.933333	0.5	11.618800
117.941667	0.5	11.668850
117.950000	0.5	11.712650
117.958333	0.5	11.756050
117.966667	0.5	11.804850
117.975000	0.5	11.854500
117.983333	0.5	11.901950
117.991667	0.5	11.966050
118.000000	0.5	12.015700
118.008333	0.5	12.084700
118.016667	0.5	12.145100
118.025000	0.5	12.206800
118.033333	0.5	12.276200
118.041667	0.5	12.351950
118.050000	0.5	12.418450
118.058333	0.5	12.489300
118.066667	0.5	12.570900
118.075000	0.5	12.657000
118.083333	0.5	12.740600
118.091667	0.5	12.819100
118.100000	0.5	12.911550
118.108333	0.5	12.994850
118.116667	0.5	13.086950
118.125000	0.5	13.194000
118.133333	0.5	13.267350
118.141667	0.5	13.368900
118.150000	0.5	13.466850
118.158333	0.5	13.554300
118.166667	0.5	13.659700
118.175000	0.5	13.752850
118.183333	0.5	13.852150
118.191667	0.5	13.925350
118.200000	0.5	14.002700
118.208333	0.5	14.095350
118.216667	0.5	14.170350
118.225000	0.5	14.237250
118.233333	0.5	14.317350
118.241667	0.5	14.382000
118.250000	0.5	14.445800
118.258333	0.5	14.518000
118.266667	0.5	14.558200
118.275000	0.5	14.616900
118.283333	0.5	14.686500
118.291667	0.5	14.720300
118.300000	0.5	14.780200
118.308333	0.5	14.831400
118.316667	0.5	14.851450
118.325000	0.5	14.893100
118.333333	0.5	14.929950
118.341667	0.5	14.961800
118.350000	0.5	14.991400
118.358333	0.5	15.033200
118.366667	0.5	15.048850
118.375000	0.5	15.071550
118.383333	0.5	15.087600
118.391667	0.5	15.105550
118.400000	0.5	15.120000
118.408333	0.5	15.135800
118.416667	0.5	15.142700
118.425000	0.5	15.161900
118.433333	0.5	15.157650
118.441667	0.5	15.162050
118.450000	0.5	15.179700
118.458333	0.5	15.164400
118.466667	0.5	15.162600
118.475000	0.5	15.167300
118.483333	0.5	15.158850
118.491667	0.5	15.144900
118.500000	0.5	15.135100
118.508333	0.5	15.114700
118.516667	0.5	15.098500
118.525000	0.5	15.085700
118.533333	0.5	15.046250
118.541667	0.5	15.021200
118.550000	0.5	14.989000
118.558333	0.5	14.930400
118.566667	0.5	14.886500
118.575000	0.5	14.833700
118.583333	0.5	14.751700
118.591667	0.5	14.693050
118.600000	0.5	14.597000
118.608333	0.5	14.504600
118.616667	0.5	14.385900
118.625000	0.5	14.285250
118.633333	0.5	14.164900
118.641667	0.5	14.034700
118.650000	0.5	13.906050
118.658333	0.5	13.761600
118.666667	0.5	13.646450
118.675000	0.5	13.512350
118.683333	0.5	13.395000
118.691667	0.5	13.265700
118.700000	0.5	13.168500
118.708333	0.5	13.063900
118.716667	0.5	12.976900
118.725000	0.5	12.886500
118.733333	0.5	12.810400
118.741667	0.5	12.749150
118.750000	0.5	12.690200
118.758333	0.5	12.639550
118.766667	0.5	12.601850
118.775000	0.5	12.544800
118.783333	0.5	12.501050
118.791667	0.5	12.496450
118.800000	0.5	12.441500
118.808333	0.5	12.413650
118.816667	0.5	12.385750
118.825000	0.5	12.368450
118.833333	0.5	12.339700
118.841667	0.5	12.314100
118.850000	0.5	12.302600
118.858333	0.5	12.297450
118.866667	0.5	12.279200
118.875000	0.5	12.260450
118.883333	0.5	12.252300
118.891667	0.5	12.222650
118.900000	0.5	12.209400
118.908333	0.5	12.207250
118.916667	0.5	12.193550
118.925000	0.5	12.171150
118.933333	0.5	12.167000
118.941667	0.5	12.141600
118.950000	0.5	12.137950
118.958333	0.5	12.119600
118.966667	0.5	12.114450
118.975000	0.5	12.094100
118.983333	0.5	12.085400
118.991667	0.5	12.075400
119.000000	0.5	12.077900
119.008333	0.5	12.059500
119.016667	0.5	12.045750
119.025000	0.5	12.043600
119.033333	0.5	12.015250
119.041667	0.5	12.011200
119.050000	0.5	12.002550
119.058333	0.5	11.984650
119.066667	0.5	11.965900
119.075000	0.5	11.976700
119.083333	0.5	11.955400
119.091667	0.5	11.950300
119.100000	0.5	11.937150
119.108333	0.5	11.934950
119.116667	0.5	11.915100
119.125000	0.5	11.918900
119.133333	0.5	11.899100
119.141667	0.5	11.902300
119.150000	0.5	11.895050
119.158333	0.5	11.897650
119.166667	0.5	11.885800
119.175000	0.5	11.890350
119.183333	0.5	11.876650
119.191667	0.5	11.859000
119.200000	0.5	11.871550
119.208333	0.5	11.869400
119.216667	0.5	11.852850
119.225000	0.5	11.840950
119.233333	0.5	11.836500
119.241667	0.5	11.831000
119.250000	0.5	11.835550
119.258333	0.5	11.812750
119.266667	0.5	11.816550
119.275000	0.5	11.815150
119.283333	0.5	11.820250
119.291667	0.5	11.795800
119.300000	0.5	11.798150
119.308333	0.5	11.808500
119.316667	0.5	11.799400
119.325000	0.5	11.801250
119.333333	0.5	11.805100
119.341667	0.5	11.800350
119.350000	0.5	11.811100
119.358333	0.5	11.811000
119.366667	0.5	11.805600
119.375000	0.5	11.809150
119.383333	0.5	11.807400
119.391667	0.5	11.792100
119.400000	0.5	11.805050
119.408333	0.5	11.788000
119.416667	0.5	11.789000
119.425000	0.5	11.769000
119.433333	0.5	11.752650
119.441667	0.5	11.732650
119.450000	0.5	11.719600
119.458333	0.5	11.684450
119.466667	0.5	11.699200
119.475000	0.5	11.685850
119.483333	0.5	11.671600
119.491667	0.5	11.662300
119.500000	0.5	11.663500
119.508333	0.5	11.661000
119.516667	0.5	11.651300
119.525000	0.5	11.647550
119.533333	0.5	11.654700
119.541667	0.5	11.638950
119.550000	0.5	11.645400
119.558333	0.5	11.638750
119.566667	0.5	11.651750
119.575000	0.5	11.671350
119.583333	0.5	11.670100
119.591667	0.5	11.673100
119.600000	0.5	11.678750
119.608333	0.5	11.680700
119.616667	0.5	11.682050
119.625000	0.5	11.678450
119.633333	0.5	11.687350
119.641667	0.5	11.679250
119.650000	0.5	11.681050
119.658333	0.5	11.690900
119.666667	0.5	11.703150
119.675000	0.5	11.701900
119.683333	0.5	11.708050
119.691667	0.5	11.712550
119.700000	0.5	11.730650
119.708333	0.5	11.745200
119.716667	0.5	11.751300
119.725000	0.5	11.760650
119.733333	0.5	11.774900
119.741667	0.5	11.789200
119.750000	0.5	11.801450
119.758333	0.5	11.827600
119.766667	0.5	11.840750
119.775000	0.5	11.867350
119.783333	0.5	11.870750
119.791667	0.5	11.905200
119.800000	0.5	11.943200
119.808333	0.5	11.934450
119.816667	0.5	11.948450
119.825000	0.5	11.965750
119.833333	0.5	11.966100
119.841667	0.5	11.972300
119.850000	0.5	11.980600
119.858333	0.5	11.975500
119.866667	0.5	11.978000
119.875000	0.5	11.985100
119.883333	0.5	11.977550
119.891667	0.5	11.975400
119.900000	0.5	11.952100
119.908333	0.5	11.936650
119.916667	0.5	11.924950
119.925000	0.5	11.905600
119.933333	0.5	11.900700
119.941667	0.5	11.891300
119.950000	0.5	11.891000
119.958333	0.5	11.879600
119.966667	0.5	11.875250
119.975000	0.5	11.882800
119.983333	0.5	11.867100
119.991667	0.5	11.877350
120.000000	0.5	11.878000
