URL	chrom://arspawyn4ahlab1/ChromeleonLocal/Instrument Data/ICS3000/2025_Feb 11.seq/314.smp/ED_1.channel/ED_1.chm
Channel	ED_1

Injection Information:
Data Vault	ChromeleonLocal
Sequence	2025_Feb 11
Name	1-C1 Alex
Number	26
Position	RD2
Comment	
Processing Method	Quantitative
Instrument Method	Neutral Oligosaccharides V ICS 3000
Type	Unknown
Status	Finished
Inject Time	2/13/2025 6:14:20 PM -05:00
Volume (µl)	25.0000
Dilution Factor	1.0000
Weight	1.0000

Chromatogram Data Information:
Time Min. (min)	0.000000
Time Max. (min)	120.000000
Data Points	14401
Detector	EDet1
Generating Data System	Chromeleon 7.3.0.60919
Exporting Data System	Chromeleon 7.3.0.0
Operator	Instrument Controller
Signal Quantity	
Signal Unit	nC
Signal Min.	-0.187000
Signal Max.	62.841101
Channel	ED_1
Driver Name	DC-3000
Channel Type	Evaluation
Min. Step (s)	0.5
Max. Step (s)	0.5
Average Step (s)	0.5

Signal Parameter Information:
Signal Info	

Chromatogram Data:
Time (min)	Step (s)	Value (nC)
0.000000	n.a.	0.005500
0.008333	0.5	0.010150
0.016667	0.5	0.007200
0.025000	0.5	0.004500
0.033333	0.5	0.002250
0.041667	0.5	-0.000250
0.050000	0.5	0.002600
0.058333	0.5	0.001950
0.066667	0.5	-0.004650
0.075000	0.5	-0.012000
0.083333	0.5	-0.015950
0.091667	0.5	-0.019250
0.100000	0.5	-0.020700
0.108333	0.5	-0.021550
0.116667	0.5	-0.021050
0.125000	0.5	-0.020400
0.133333	0.5	-0.017900
0.141667	0.5	-0.016500
0.150000	0.5	-0.014000
0.158333	0.5	-0.019000
0.166667	0.5	-0.025950
0.175000	0.5	-0.031900
0.183333	0.5	-0.034250
0.191667	0.5	-0.037050
0.200000	0.5	-0.037200
0.208333	0.5	-0.036300
0.216667	0.5	-0.035850
0.225000	0.5	-0.035000
0.233333	0.5	-0.034500
0.241667	0.5	-0.030900
0.250000	0.5	-0.031050
0.258333	0.5	-0.036500
0.266667	0.5	-0.044700
0.275000	0.5	-0.047400
0.283333	0.5	-0.049500
0.291667	0.5	-0.050050
0.300000	0.5	-0.049650
0.308333	0.5	-0.049550
0.316667	0.5	-0.048500
0.325000	0.5	-0.047400
0.333333	0.5	-0.044650
0.341667	0.5	-0.041450
0.350000	0.5	-0.046850
0.358333	0.5	-0.054800
0.366667	0.5	-0.060950
0.375000	0.5	-0.062800
0.383333	0.5	-0.064450
0.391667	0.5	-0.065650
0.400000	0.5	-0.065400
0.408333	0.5	-0.064300
0.416667	0.5	-0.062200
0.425000	0.5	-0.061900
0.433333	0.5	-0.059500
0.441667	0.5	-0.061150
0.450000	0.5	-0.067850
0.458333	0.5	-0.074950
0.466667	0.5	-0.077050
0.475000	0.5	-0.078050
0.483333	0.5	-0.079450
0.491667	0.5	-0.079850
0.500000	0.5	-0.080450
0.508333	0.5	-0.077950
0.516667	0.5	-0.076750
0.525000	0.5	-0.075700
0.533333	0.5	-0.070450
0.541667	0.5	-0.075550
0.550000	0.5	-0.082400
0.558333	0.5	-0.089000
0.566667	0.5	-0.089600
0.575000	0.5	-0.093250
0.583333	0.5	-0.089850
0.591667	0.5	-0.090050
0.600000	0.5	-0.088000
0.608333	0.5	-0.085650
0.616667	0.5	-0.085800
0.625000	0.5	-0.082750
0.633333	0.5	-0.082950
0.641667	0.5	-0.090200
0.650000	0.5	-0.096750
0.658333	0.5	-0.099550
0.666667	0.5	-0.102300
0.675000	0.5	-0.103250
0.683333	0.5	-0.104150
0.691667	0.5	-0.101800
0.700000	0.5	-0.101700
0.708333	0.5	-0.099550
0.716667	0.5	-0.098900
0.725000	0.5	-0.093950
0.733333	0.5	-0.099550
0.741667	0.5	-0.106900
0.750000	0.5	-0.111450
0.758333	0.5	-0.112300
0.766667	0.5	-0.113550
0.775000	0.5	-0.113300
0.783333	0.5	-0.114100
0.791667	0.5	-0.111750
0.800000	0.5	-0.110850
0.808333	0.5	-0.110600
0.816667	0.5	-0.105850
0.825000	0.5	-0.104550
0.833333	0.5	-0.113000
0.841667	0.5	-0.117750
0.850000	0.5	-0.120700
0.858333	0.5	-0.121400
0.866667	0.5	-0.120800
0.875000	0.5	-0.120350
0.883333	0.5	-0.120150
0.891667	0.5	-0.118700
0.900000	0.5	-0.115450
0.908333	0.5	-0.114500
0.916667	0.5	-0.108000
0.925000	0.5	-0.114150
0.933333	0.5	-0.122250
0.941667	0.5	-0.126750
0.950000	0.5	-0.128350
0.958333	0.5	-0.127350
0.966667	0.5	-0.127300
0.975000	0.5	-0.126750
0.983333	0.5	-0.127300
0.991667	0.5	-0.126150
1.000000	0.5	-0.125400
1.008333	0.5	-0.120950
1.016667	0.5	-0.121250
1.025000	0.5	-0.127700
1.033333	0.5	-0.134500
1.041667	0.5	-0.137000
1.050000	0.5	-0.139300
1.058333	0.5	-0.140700
1.066667	0.5	-0.137950
1.075000	0.5	-0.140650
1.083333	0.5	-0.137500
1.091667	0.5	-0.134650
1.100000	0.5	-0.135950
1.108333	0.5	-0.131950
1.116667	0.5	-0.138100
1.125000	0.5	-0.147500
1.133333	0.5	-0.152050
1.141667	0.5	-0.153750
1.150000	0.5	-0.154450
1.158333	0.5	-0.155250
1.166667	0.5	-0.154550
1.175000	0.5	-0.154300
1.183333	0.5	-0.152300
1.191667	0.5	-0.150850
1.200000	0.5	-0.146600
1.208333	0.5	-0.148900
1.216667	0.5	-0.154350
1.225000	0.5	-0.160350
1.233333	0.5	-0.161950
1.241667	0.5	-0.163000
1.250000	0.5	-0.163700
1.258333	0.5	-0.163150
1.266667	0.5	-0.163300
1.275000	0.5	-0.160300
1.283333	0.5	-0.158900
1.291667	0.5	-0.156750
1.300000	0.5	-0.152450
1.308333	0.5	-0.157550
1.316667	0.5	-0.165300
1.325000	0.5	-0.169950
1.333333	0.5	-0.169750
1.341667	0.5	-0.170300
1.350000	0.5	-0.170450
1.358333	0.5	-0.168650
1.366667	0.5	-0.168450
1.375000	0.5	-0.165800
1.383333	0.5	-0.166850
1.391667	0.5	-0.161650
1.400000	0.5	-0.161450
1.408333	0.5	-0.168300
1.416667	0.5	-0.172200
1.425000	0.5	-0.174500
1.433333	0.5	-0.176350
1.441667	0.5	-0.176950
1.450000	0.5	-0.175400
1.458333	0.5	-0.174900
1.466667	0.5	-0.172850
1.475000	0.5	-0.170550
1.483333	0.5	-0.169800
1.491667	0.5	-0.165650
1.500000	0.5	-0.170650
1.508333	0.5	-0.177950
1.516667	0.5	-0.181800
1.525000	0.5	-0.182850
1.533333	0.5	-0.182700
1.541667	0.5	-0.181250
1.550000	0.5	-0.181600
1.558333	0.5	-0.180700
1.566667	0.5	-0.177750
1.575000	0.5	-0.178300
1.583333	0.5	-0.174050
1.591667	0.5	-0.172700
1.600000	0.5	-0.178350
1.608333	0.5	-0.184750
1.616667	0.5	-0.186550
1.625000	0.5	-0.185950
1.633333	0.5	-0.187000
1.641667	0.5	-0.185050
1.650000	0.5	-0.184550
1.658333	0.5	-0.181750
1.666667	0.5	-0.178700
1.675000	0.5	-0.172700
1.683333	0.5	-0.146500
1.691667	0.5	-0.063900
1.700000	0.5	0.140050
1.708333	0.5	0.464200
1.716667	0.5	0.855100
1.725000	0.5	1.302950
1.733333	0.5	1.821650
1.741667	0.5	2.395600
1.750000	0.5	2.996600
1.758333	0.5	3.607350
1.766667	0.5	4.215400
1.775000	0.5	4.810000
1.783333	0.5	5.358800
1.791667	0.5	5.768000
1.800000	0.5	5.981150
1.808333	0.5	6.041350
1.816667	0.5	6.018950
1.825000	0.5	5.959250
1.833333	0.5	5.886750
1.841667	0.5	5.794450
1.850000	0.5	5.652250
1.858333	0.5	5.393050
1.866667	0.5	5.032300
1.875000	0.5	4.628950
1.883333	0.5	4.212950
1.891667	0.5	3.785850
1.900000	0.5	3.419950
1.908333	0.5	3.126200
1.916667	0.5	2.899000
1.925000	0.5	2.727000
1.933333	0.5	2.603300
1.941667	0.5	2.540350
1.950000	0.5	2.578900
1.958333	0.5	2.771150
1.966667	0.5	3.158850
1.975000	0.5	3.711900
1.983333	0.5	4.411650
1.991667	0.5	5.283950
2.000000	0.5	6.334150
2.008333	0.5	7.479800
2.016667	0.5	8.552000
2.025000	0.5	9.395600
2.033333	0.5	9.924050
2.041667	0.5	10.137950
2.050000	0.5	10.076700
2.058333	0.5	9.804650
2.066667	0.5	9.377850
2.075000	0.5	8.842400
2.083333	0.5	8.241100
2.091667	0.5	7.604800
2.100000	0.5	6.950400
2.108333	0.5	6.298400
2.116667	0.5	5.667000
2.125000	0.5	5.088500
2.133333	0.5	4.570150
2.141667	0.5	4.131750
2.150000	0.5	3.768150
2.158333	0.5	3.479300
2.166667	0.5	3.245900
2.175000	0.5	3.051900
2.183333	0.5	2.889750
2.191667	0.5	2.753250
2.200000	0.5	2.633350
2.208333	0.5	2.525200
2.216667	0.5	2.427250
2.225000	0.5	2.339900
2.233333	0.5	2.259150
2.241667	0.5	2.186200
2.250000	0.5	2.119550
2.258333	0.5	2.061200
2.266667	0.5	1.999100
2.275000	0.5	1.937650
2.283333	0.5	1.876400
2.291667	0.5	1.811200
2.300000	0.5	1.741150
2.308333	0.5	1.663900
2.316667	0.5	1.580750
2.325000	0.5	1.497750
2.333333	0.5	1.419250
2.341667	0.5	1.356600
2.350000	0.5	1.314850
2.358333	0.5	1.286900
2.366667	0.5	1.269150
2.375000	0.5	1.265450
2.383333	0.5	1.268650
2.391667	0.5	1.278700
2.400000	0.5	1.289400
2.408333	0.5	1.295000
2.416667	0.5	1.297200
2.425000	0.5	1.297450
2.433333	0.5	1.294150
2.441667	0.5	1.289850
2.450000	0.5	1.285300
2.458333	0.5	1.276300
2.466667	0.5	1.263450
2.475000	0.5	1.249850
2.483333	0.5	1.232900
2.491667	0.5	1.211950
2.500000	0.5	1.191650
2.508333	0.5	1.166450
2.516667	0.5	1.140450
2.525000	0.5	1.115050
2.533333	0.5	1.088850
2.541667	0.5	1.066000
2.550000	0.5	1.042550
2.558333	0.5	1.017950
2.566667	0.5	0.999250
2.575000	0.5	0.986150
2.583333	0.5	0.976100
2.591667	0.5	0.972000
2.600000	0.5	0.970900
2.608333	0.5	0.970050
2.616667	0.5	0.974000
2.625000	0.5	0.981450
2.633333	0.5	0.996650
2.641667	0.5	1.024550
2.650000	0.5	1.054050
2.658333	0.5	1.085950
2.666667	0.5	1.116100
2.675000	0.5	1.139300
2.683333	0.5	1.153250
2.691667	0.5	1.158350
2.700000	0.5	1.153250
2.708333	0.5	1.142300
2.716667	0.5	1.130800
2.725000	0.5	1.124850
2.733333	0.5	1.125900
2.741667	0.5	1.136700
2.750000	0.5	1.149800
2.758333	0.5	1.169250
2.766667	0.5	1.191900
2.775000	0.5	1.211200
2.783333	0.5	1.221850
2.791667	0.5	1.222850
2.800000	0.5	1.211550
2.808333	0.5	1.194050
2.816667	0.5	1.175500
2.825000	0.5	1.159250
2.833333	0.5	1.152350
2.841667	0.5	1.150500
2.850000	0.5	1.149400
2.858333	0.5	1.159050
2.866667	0.5	1.175850
2.875000	0.5	1.195900
2.883333	0.5	1.219000
2.891667	0.5	1.241900
2.900000	0.5	1.264100
2.908333	0.5	1.286700
2.916667	0.5	1.304500
2.925000	0.5	1.321750
2.933333	0.5	1.333150
2.941667	0.5	1.339350
2.950000	0.5	1.340750
2.958333	0.5	1.344900
2.966667	0.5	1.344750
2.975000	0.5	1.346150
2.983333	0.5	1.342600
2.991667	0.5	1.341300
3.000000	0.5	1.340500
3.008333	0.5	1.339200
3.016667	0.5	1.342350
3.025000	0.5	1.350200
3.033333	0.5	1.355100
3.041667	0.5	1.367900
3.050000	0.5	1.393500
3.058333	0.5	1.432100
3.066667	0.5	1.483800
3.075000	0.5	1.551250
3.083333	0.5	1.635750
3.091667	0.5	1.730100
3.100000	0.5	1.829600
3.108333	0.5	1.925700
3.116667	0.5	2.017950
3.125000	0.5	2.089150
3.133333	0.5	2.141150
3.141667	0.5	2.175250
3.150000	0.5	2.189700
3.158333	0.5	2.181850
3.166667	0.5	2.148800
3.175000	0.5	2.095900
3.183333	0.5	2.039650
3.191667	0.5	1.994100
3.200000	0.5	1.971000
3.208333	0.5	1.967750
3.216667	0.5	1.985100
3.225000	0.5	2.010150
3.233333	0.5	2.040850
3.241667	0.5	2.079350
3.250000	0.5	2.120600
3.258333	0.5	2.160750
3.266667	0.5	2.200450
3.275000	0.5	2.235850
3.283333	0.5	2.269900
3.291667	0.5	2.297450
3.300000	0.5	2.320450
3.308333	0.5	2.341150
3.316667	0.5	2.351900
3.325000	0.5	2.357450
3.333333	0.5	2.361950
3.341667	0.5	2.358800
3.350000	0.5	2.356250
3.358333	0.5	2.352400
3.366667	0.5	2.347300
3.375000	0.5	2.340700
3.383333	0.5	2.336350
3.391667	0.5	2.330750
3.400000	0.5	2.327850
3.408333	0.5	2.324250
3.416667	0.5	2.314600
3.425000	0.5	2.307000
3.433333	0.5	2.300400
3.441667	0.5	2.300250
3.450000	0.5	2.299700
3.458333	0.5	2.300350
3.466667	0.5	2.302500
3.475000	0.5	2.306500
3.483333	0.5	2.311000
3.491667	0.5	2.316750
3.500000	0.5	2.324300
3.508333	0.5	2.325300
3.516667	0.5	2.323900
3.525000	0.5	2.322800
3.533333	0.5	2.322000
3.541667	0.5	2.321600
3.550000	0.5	2.320050
3.558333	0.5	2.315600
3.566667	0.5	2.310800
3.575000	0.5	2.301250
3.583333	0.5	2.290700
3.591667	0.5	2.278150
3.600000	0.5	2.262200
3.608333	0.5	2.237150
3.616667	0.5	2.209000
3.625000	0.5	2.179650
3.633333	0.5	2.148450
3.641667	0.5	2.116100
3.650000	0.5	2.086750
3.658333	0.5	2.054950
3.666667	0.5	2.027200
3.675000	0.5	2.002000
3.683333	0.5	1.982700
3.691667	0.5	1.970650
3.700000	0.5	1.960150
3.708333	0.5	1.949250
3.716667	0.5	1.945950
3.725000	0.5	1.947900
3.733333	0.5	1.952700
3.741667	0.5	1.960900
3.750000	0.5	1.967200
3.758333	0.5	1.976650
3.766667	0.5	1.982400
3.775000	0.5	1.986600
3.783333	0.5	1.990450
3.791667	0.5	1.990700
3.800000	0.5	1.986050
3.808333	0.5	1.978350
3.816667	0.5	1.973750
3.825000	0.5	1.969750
3.833333	0.5	1.966900
3.841667	0.5	1.967050
3.850000	0.5	1.964750
3.858333	0.5	1.966300
3.866667	0.5	1.968850
3.875000	0.5	1.971900
3.883333	0.5	1.976350
3.891667	0.5	1.979000
3.900000	0.5	1.976250
3.908333	0.5	1.976950
3.916667	0.5	1.980950
3.925000	0.5	1.985150
3.933333	0.5	1.988750
3.941667	0.5	1.992700
3.950000	0.5	1.996300
3.958333	0.5	1.999400
3.966667	0.5	2.002450
3.975000	0.5	2.007700
3.983333	0.5	2.007300
3.991667	0.5	2.002800
4.000000	0.5	1.996950
4.008333	0.5	1.992750
4.016667	0.5	1.989700
4.025000	0.5	1.986100
4.033333	0.5	1.983950
4.041667	0.5	1.980750
4.050000	0.5	1.975350
4.058333	0.5	1.972350
4.066667	0.5	1.968400
4.075000	0.5	1.966650
4.083333	0.5	1.955700
4.091667	0.5	1.945100
4.100000	0.5	1.936800
4.108333	0.5	1.926400
4.116667	0.5	1.920850
4.125000	0.5	1.914500
4.133333	0.5	1.908700
4.141667	0.5	1.904450
4.150000	0.5	1.901400
4.158333	0.5	1.897250
4.166667	0.5	1.893600
4.175000	0.5	1.888850
4.183333	0.5	1.878150
4.191667	0.5	1.867100
4.200000	0.5	1.860200
4.208333	0.5	1.853850
4.216667	0.5	1.849450
4.225000	0.5	1.844950
4.233333	0.5	1.842550
4.241667	0.5	1.836700
4.250000	0.5	1.836100
4.258333	0.5	1.836550
4.266667	0.5	1.839550
4.275000	0.5	1.836800
4.283333	0.5	1.831550
4.291667	0.5	1.828750
4.300000	0.5	1.827350
4.308333	0.5	1.829900
4.316667	0.5	1.830500
4.325000	0.5	1.832250
4.333333	0.5	1.834600
4.341667	0.5	1.836200
4.350000	0.5	1.838100
4.358333	0.5	1.839950
4.366667	0.5	1.836650
4.375000	0.5	1.829550
4.383333	0.5	1.819850
4.391667	0.5	1.813950
4.400000	0.5	1.806400
4.408333	0.5	1.797600
4.416667	0.5	1.791350
4.425000	0.5	1.782850
4.433333	0.5	1.776250
4.441667	0.5	1.768400
4.450000	0.5	1.761900
4.458333	0.5	1.757300
4.466667	0.5	1.744250
4.475000	0.5	1.728350
4.483333	0.5	1.717050
4.491667	0.5	1.705400
4.500000	0.5	1.696250
4.508333	0.5	1.688850
4.516667	0.5	1.684550
4.525000	0.5	1.685050
4.533333	0.5	1.685350
4.541667	0.5	1.688050
4.550000	0.5	1.693400
4.558333	0.5	1.696500
4.566667	0.5	1.695500
4.575000	0.5	1.693300
4.583333	0.5	1.695500
4.591667	0.5	1.698800
4.600000	0.5	1.700950
4.608333	0.5	1.704350
4.616667	0.5	1.706050
4.625000	0.5	1.708600
4.633333	0.5	1.711050
4.641667	0.5	1.714250
4.650000	0.5	1.720000
4.658333	0.5	1.716550
4.666667	0.5	1.714150
4.675000	0.5	1.712050
4.683333	0.5	1.713600
4.691667	0.5	1.718100
4.700000	0.5	1.723250
4.708333	0.5	1.725450
4.716667	0.5	1.728650
4.725000	0.5	1.734850
4.733333	0.5	1.736700
4.741667	0.5	1.744250
4.750000	0.5	1.744000
4.758333	0.5	1.737200
4.766667	0.5	1.731300
4.775000	0.5	1.726300
4.783333	0.5	1.720000
4.791667	0.5	1.714800
4.800000	0.5	1.706700
4.808333	0.5	1.700400
4.816667	0.5	1.694050
4.825000	0.5	1.686850
4.833333	0.5	1.678300
4.841667	0.5	1.675200
4.850000	0.5	1.663700
4.858333	0.5	1.649350
4.866667	0.5	1.639350
4.875000	0.5	1.633050
4.883333	0.5	1.627100
4.891667	0.5	1.620150
4.900000	0.5	1.615300
4.908333	0.5	1.608350
4.916667	0.5	1.605050
4.925000	0.5	1.601900
4.933333	0.5	1.599650
4.941667	0.5	1.595650
4.950000	0.5	1.586950
4.958333	0.5	1.578250
4.966667	0.5	1.573000
4.975000	0.5	1.567400
4.983333	0.5	1.564250
4.991667	0.5	1.562750
5.000000	0.5	1.560750
5.008333	0.5	1.558750
5.016667	0.5	1.557600
5.025000	0.5	1.556750
5.033333	0.5	1.558300
5.041667	0.5	1.549750
5.050000	0.5	1.540800
5.058333	0.5	1.535200
5.066667	0.5	1.529650
5.075000	0.5	1.526500
5.083333	0.5	1.521500
5.091667	0.5	1.519650
5.100000	0.5	1.516500
5.108333	0.5	1.515600
5.116667	0.5	1.510400
5.125000	0.5	1.509550
5.133333	0.5	1.506150
5.141667	0.5	1.496250
5.150000	0.5	1.486900
5.158333	0.5	1.480850
5.166667	0.5	1.477250
5.175000	0.5	1.472100
5.183333	0.5	1.471350
5.191667	0.5	1.466750
5.200000	0.5	1.465900
5.208333	0.5	1.463150
5.216667	0.5	1.462600
5.225000	0.5	1.462150
5.233333	0.5	1.455650
5.241667	0.5	1.447250
5.250000	0.5	1.440150
5.258333	0.5	1.436500
5.266667	0.5	1.432900
5.275000	0.5	1.431900
5.283333	0.5	1.430450
5.291667	0.5	1.429850
5.300000	0.5	1.429900
5.308333	0.5	1.428400
5.316667	0.5	1.428000
5.325000	0.5	1.426350
5.333333	0.5	1.418600
5.341667	0.5	1.410900
5.350000	0.5	1.408550
5.358333	0.5	1.406250
5.366667	0.5	1.405650
5.375000	0.5	1.404700
5.383333	0.5	1.403300
5.391667	0.5	1.403800
5.400000	0.5	1.405450
5.408333	0.5	1.406350
5.416667	0.5	1.411000
5.425000	0.5	1.404950
5.433333	0.5	1.396100
5.441667	0.5	1.394100
5.450000	0.5	1.392100
5.458333	0.5	1.391950
5.466667	0.5	1.392350
5.475000	0.5	1.392200
5.483333	0.5	1.392800
5.491667	0.5	1.394700
5.500000	0.5	1.392300
5.508333	0.5	1.397500
5.516667	0.5	1.395250
5.525000	0.5	1.388950
5.533333	0.5	1.383250
5.541667	0.5	1.381600
5.550000	0.5	1.381300
5.558333	0.5	1.380750
5.566667	0.5	1.380850
5.575000	0.5	1.381050
5.583333	0.5	1.382800
5.591667	0.5	1.386100
5.600000	0.5	1.390350
5.608333	0.5	1.394500
5.616667	0.5	1.392400
5.625000	0.5	1.387600
5.633333	0.5	1.385750
5.641667	0.5	1.386000
5.650000	0.5	1.384950
5.658333	0.5	1.386850
5.666667	0.5	1.388900
5.675000	0.5	1.389650
5.683333	0.5	1.390550
5.691667	0.5	1.389000
5.700000	0.5	1.393650
5.708333	0.5	1.391000
5.716667	0.5	1.384550
5.725000	0.5	1.377450
5.733333	0.5	1.372750
5.741667	0.5	1.369050
5.750000	0.5	1.366200
5.758333	0.5	1.363900
5.766667	0.5	1.364650
5.775000	0.5	1.365300
5.783333	0.5	1.364900
5.791667	0.5	1.363450
5.800000	0.5	1.364650
5.808333	0.5	1.358850
5.816667	0.5	1.351300
5.825000	0.5	1.346800
5.833333	0.5	1.343700
5.841667	0.5	1.342900
5.850000	0.5	1.341750
5.858333	0.5	1.342050
5.866667	0.5	1.342700
5.875000	0.5	1.345100
5.883333	0.5	1.345000
5.891667	0.5	1.348600
5.900000	0.5	1.346400
5.908333	0.5	1.341850
5.916667	0.5	1.337000
5.925000	0.5	1.335550
5.933333	0.5	1.334850
5.941667	0.5	1.335050
5.950000	0.5	1.335450
5.958333	0.5	1.337950
5.966667	0.5	1.341550
5.975000	0.5	1.341950
5.983333	0.5	1.345950
5.991667	0.5	1.349900
6.000000	0.5	1.344100
6.008333	0.5	1.338050
6.016667	0.5	1.335000
6.025000	0.5	1.333050
6.033333	0.5	1.332250
6.041667	0.5	1.330750
6.050000	0.5	1.330550
6.058333	0.5	1.331200
6.066667	0.5	1.332050
6.075000	0.5	1.332550
6.083333	0.5	1.336550
6.091667	0.5	1.333800
6.100000	0.5	1.327300
6.108333	0.5	1.322400
6.116667	0.5	1.318000
6.125000	0.5	1.317100
6.133333	0.5	1.315650
6.141667	0.5	1.316650
6.150000	0.5	1.316450
6.158333	0.5	1.318950
6.166667	0.5	1.319200
6.175000	0.5	1.323700
6.183333	0.5	1.326100
6.191667	0.5	1.322050
6.200000	0.5	1.316750
6.208333	0.5	1.315100
6.216667	0.5	1.315100
6.225000	0.5	1.317600
6.233333	0.5	1.318350
6.241667	0.5	1.320100
6.250000	0.5	1.321950
6.258333	0.5	1.324200
6.266667	0.5	1.327250
6.275000	0.5	1.333100
6.283333	0.5	1.332400
6.291667	0.5	1.327700
6.300000	0.5	1.325550
6.308333	0.5	1.326650
6.316667	0.5	1.327450
6.325000	0.5	1.327650
6.333333	0.5	1.329650
6.341667	0.5	1.331550
6.350000	0.5	1.334800
6.358333	0.5	1.336650
6.366667	0.5	1.341950
6.375000	0.5	1.346050
6.383333	0.5	1.342450
6.391667	0.5	1.335300
6.400000	0.5	1.332850
6.408333	0.5	1.332050
6.416667	0.5	1.331650
6.425000	0.5	1.332850
6.433333	0.5	1.332250
6.441667	0.5	1.334900
6.450000	0.5	1.335900
6.458333	0.5	1.335900
6.466667	0.5	1.339250
6.475000	0.5	1.337350
6.483333	0.5	1.330650
6.491667	0.5	1.324200
6.500000	0.5	1.322450
6.508333	0.5	1.322750
6.516667	0.5	1.322050
6.525000	0.5	1.324400
6.533333	0.5	1.324900
6.541667	0.5	1.327950
6.550000	0.5	1.329500
6.558333	0.5	1.330200
6.566667	0.5	1.334000
6.575000	0.5	1.328150
6.583333	0.5	1.322250
6.591667	0.5	1.320350
6.600000	0.5	1.319850
6.608333	0.5	1.320200
6.616667	0.5	1.321650
6.625000	0.5	1.322550
6.633333	0.5	1.323800
6.641667	0.5	1.328650
6.650000	0.5	1.329950
6.658333	0.5	1.335300
6.666667	0.5	1.335050
6.675000	0.5	1.332000
6.683333	0.5	1.330050
6.691667	0.5	1.330300
6.700000	0.5	1.333450
6.708333	0.5	1.336550
6.716667	0.5	1.341450
6.725000	0.5	1.345800
6.733333	0.5	1.353100
6.741667	0.5	1.359250
6.750000	0.5	1.368200
6.758333	0.5	1.376950
6.766667	0.5	1.378100
6.775000	0.5	1.376500
6.783333	0.5	1.381700
6.791667	0.5	1.388700
6.800000	0.5	1.396900
6.808333	0.5	1.405450
6.816667	0.5	1.414050
6.825000	0.5	1.423200
6.833333	0.5	1.434600
6.841667	0.5	1.442550
6.850000	0.5	1.454450
6.858333	0.5	1.459000
6.866667	0.5	1.459200
6.875000	0.5	1.461150
6.883333	0.5	1.466300
6.891667	0.5	1.470550
6.900000	0.5	1.472950
6.908333	0.5	1.477000
6.916667	0.5	1.478900
6.925000	0.5	1.481700
6.933333	0.5	1.482300
6.941667	0.5	1.484700
6.950000	0.5	1.486800
6.958333	0.5	1.481800
6.966667	0.5	1.473250
6.975000	0.5	1.467400
6.983333	0.5	1.462250
6.991667	0.5	1.457450
7.000000	0.5	1.454250
7.008333	0.5	1.448550
7.016667	0.5	1.445000
7.025000	0.5	1.442000
7.033333	0.5	1.437250
7.041667	0.5	1.437500
7.050000	0.5	1.433200
7.058333	0.5	1.422200
7.066667	0.5	1.413750
7.075000	0.5	1.408900
7.083333	0.5	1.405000
7.091667	0.5	1.401200
7.100000	0.5	1.398950
7.108333	0.5	1.397100
7.116667	0.5	1.394750
7.125000	0.5	1.392300
7.133333	0.5	1.393650
7.141667	0.5	1.394000
7.150000	0.5	1.387300
7.158333	0.5	1.377600
7.166667	0.5	1.371750
7.175000	0.5	1.366950
7.183333	0.5	1.361300
7.191667	0.5	1.357200
7.200000	0.5	1.353750
7.208333	0.5	1.351950
7.216667	0.5	1.351300
7.225000	0.5	1.346350
7.233333	0.5	1.348300
7.241667	0.5	1.342100
7.250000	0.5	1.332750
7.258333	0.5	1.325450
7.266667	0.5	1.322250
7.275000	0.5	1.320450
7.283333	0.5	1.319650
7.291667	0.5	1.320700
7.300000	0.5	1.320500
7.308333	0.5	1.322750
7.316667	0.5	1.325100
7.325000	0.5	1.329800
7.333333	0.5	1.334450
7.341667	0.5	1.331200
7.350000	0.5	1.327350
7.358333	0.5	1.327250
7.366667	0.5	1.328600
7.375000	0.5	1.331100
7.383333	0.5	1.332450
7.391667	0.5	1.334550
7.400000	0.5	1.338850
7.408333	0.5	1.341800
7.416667	0.5	1.344850
7.425000	0.5	1.352600
7.433333	0.5	1.353050
7.441667	0.5	1.348150
7.450000	0.5	1.343050
7.458333	0.5	1.342700
7.466667	0.5	1.341400
7.475000	0.5	1.343250
7.483333	0.5	1.345450
7.491667	0.5	1.348750
7.500000	0.5	1.351200
7.508333	0.5	1.353400
7.516667	0.5	1.357800
7.525000	0.5	1.358400
7.533333	0.5	1.354500
7.541667	0.5	1.350250
7.550000	0.5	1.350400
7.558333	0.5	1.350600
7.566667	0.5	1.351250
7.575000	0.5	1.355700
7.583333	0.5	1.358950
7.591667	0.5	1.362850
7.600000	0.5	1.367700
7.608333	0.5	1.370850
7.616667	0.5	1.378400
7.625000	0.5	1.380250
7.633333	0.5	1.377750
7.641667	0.5	1.379150
7.650000	0.5	1.381500
7.658333	0.5	1.386450
7.666667	0.5	1.391400
7.675000	0.5	1.399750
7.683333	0.5	1.408200
7.691667	0.5	1.418650
7.700000	0.5	1.429000
7.708333	0.5	1.442800
7.716667	0.5	1.452600
7.725000	0.5	1.461450
7.733333	0.5	1.466350
7.741667	0.5	1.477350
7.750000	0.5	1.489050
7.758333	0.5	1.501700
7.766667	0.5	1.513800
7.775000	0.5	1.527650
7.783333	0.5	1.543300
7.791667	0.5	1.557050
7.800000	0.5	1.570050
7.808333	0.5	1.584550
7.816667	0.5	1.593750
7.825000	0.5	1.598950
7.833333	0.5	1.606400
7.841667	0.5	1.616400
7.850000	0.5	1.627050
7.858333	0.5	1.637900
7.866667	0.5	1.648950
7.875000	0.5	1.661900
7.883333	0.5	1.673300
7.891667	0.5	1.684350
7.900000	0.5	1.698850
7.908333	0.5	1.710700
7.916667	0.5	1.715200
7.925000	0.5	1.718200
7.933333	0.5	1.725250
7.941667	0.5	1.730900
7.950000	0.5	1.739400
7.958333	0.5	1.745650
7.966667	0.5	1.751750
7.975000	0.5	1.757450
7.983333	0.5	1.763850
7.991667	0.5	1.765150
8.000000	0.5	1.773550
8.008333	0.5	1.770000
8.016667	0.5	1.764400
8.025000	0.5	1.759250
8.033333	0.5	1.756200
8.041667	0.5	1.753950
8.050000	0.5	1.751050
8.058333	0.5	1.749250
8.066667	0.5	1.746900
8.075000	0.5	1.744200
8.083333	0.5	1.742700
8.091667	0.5	1.743800
8.100000	0.5	1.744600
8.108333	0.5	1.736000
8.116667	0.5	1.729550
8.125000	0.5	1.727900
8.133333	0.5	1.726650
8.141667	0.5	1.727450
8.150000	0.5	1.729000
8.158333	0.5	1.730300
8.166667	0.5	1.733950
8.175000	0.5	1.737450
8.183333	0.5	1.741450
8.191667	0.5	1.750500
8.200000	0.5	1.750700
8.208333	0.5	1.749100
8.216667	0.5	1.748400
8.225000	0.5	1.752350
8.233333	0.5	1.756350
8.241667	0.5	1.761200
8.250000	0.5	1.767050
8.258333	0.5	1.774000
8.266667	0.5	1.782400
8.275000	0.5	1.788700
8.283333	0.5	1.797050
8.291667	0.5	1.806050
8.300000	0.5	1.806650
8.308333	0.5	1.805000
8.316667	0.5	1.810450
8.325000	0.5	1.814500
8.333333	0.5	1.822150
8.341667	0.5	1.830000
8.350000	0.5	1.839150
8.358333	0.5	1.849800
8.366667	0.5	1.864500
8.375000	0.5	1.877450
8.383333	0.5	1.895650
8.391667	0.5	1.910650
8.400000	0.5	1.925900
8.408333	0.5	1.948600
8.416667	0.5	1.979600
8.425000	0.5	2.019700
8.433333	0.5	2.066800
8.441667	0.5	2.125850
8.450000	0.5	2.197350
8.458333	0.5	2.283350
8.466667	0.5	2.381850
8.475000	0.5	2.497350
8.483333	0.5	2.630100
8.491667	0.5	2.776650
8.500000	0.5	2.941500
8.508333	0.5	3.135800
8.516667	0.5	3.352050
8.525000	0.5	3.594050
8.533333	0.5	3.860100
8.541667	0.5	4.150900
8.550000	0.5	4.465850
8.558333	0.5	4.802350
8.566667	0.5	5.157200
8.575000	0.5	5.532500
8.583333	0.5	5.914950
8.591667	0.5	6.303200
8.600000	0.5	6.700200
8.608333	0.5	7.100850
8.616667	0.5	7.495650
8.625000	0.5	7.876200
8.633333	0.5	8.239550
8.641667	0.5	8.576950
8.650000	0.5	8.889650
8.658333	0.5	9.170800
8.666667	0.5	9.422100
8.675000	0.5	9.637950
8.683333	0.5	9.815450
8.691667	0.5	9.958200
8.700000	0.5	10.076700
8.708333	0.5	10.166750
8.716667	0.5	10.230600
8.725000	0.5	10.272300
8.733333	0.5	10.291900
8.741667	0.5	10.293950
8.750000	0.5	10.280650
8.758333	0.5	10.251500
8.766667	0.5	10.214750
8.775000	0.5	10.158100
8.783333	0.5	10.089150
8.791667	0.5	10.011100
8.800000	0.5	9.928350
8.808333	0.5	9.840100
8.816667	0.5	9.746900
8.825000	0.5	9.651850
8.833333	0.5	9.552400
8.841667	0.5	9.450600
8.850000	0.5	9.345500
8.858333	0.5	9.242800
8.866667	0.5	9.133350
8.875000	0.5	9.017150
8.883333	0.5	8.899600
8.891667	0.5	8.786050
8.900000	0.5	8.671450
8.908333	0.5	8.555300
8.916667	0.5	8.441500
8.925000	0.5	8.328900
8.933333	0.5	8.217900
8.941667	0.5	8.107400
8.950000	0.5	7.994250
8.958333	0.5	7.887700
8.966667	0.5	7.772000
8.975000	0.5	7.650750
8.983333	0.5	7.530700
8.991667	0.5	7.410100
9.000000	0.5	7.288300
9.008333	0.5	7.166350
9.016667	0.5	7.042700
9.025000	0.5	6.917450
9.033333	0.5	6.789000
9.041667	0.5	6.655900
9.050000	0.5	6.524350
9.058333	0.5	6.386050
9.066667	0.5	6.240800
9.075000	0.5	6.091050
9.083333	0.5	5.943250
9.091667	0.5	5.796900
9.100000	0.5	5.651500
9.108333	0.5	5.508300
9.116667	0.5	5.369350
9.125000	0.5	5.234700
9.133333	0.5	5.103800
9.141667	0.5	4.978500
9.150000	0.5	4.863450
9.158333	0.5	4.744000
9.166667	0.5	4.628150
9.175000	0.5	4.520750
9.183333	0.5	4.422050
9.191667	0.5	4.328700
9.200000	0.5	4.242900
9.208333	0.5	4.163400
9.216667	0.5	4.090750
9.225000	0.5	4.025500
9.233333	0.5	3.961750
9.241667	0.5	3.906150
9.250000	0.5	3.855050
9.258333	0.5	3.799550
9.266667	0.5	3.748200
9.275000	0.5	3.703950
9.283333	0.5	3.663950
9.291667	0.5	3.629700
9.300000	0.5	3.597700
9.308333	0.5	3.568200
9.316667	0.5	3.544900
9.325000	0.5	3.523400
9.333333	0.5	3.502850
9.341667	0.5	3.488850
9.350000	0.5	3.469050
9.358333	0.5	3.447200
9.366667	0.5	3.431600
9.375000	0.5	3.416900
9.383333	0.5	3.407200
9.391667	0.5	3.397350
9.400000	0.5	3.389100
9.408333	0.5	3.382000
9.416667	0.5	3.377500
9.425000	0.5	3.369850
9.433333	0.5	3.369700
9.441667	0.5	3.364100
9.450000	0.5	3.354350
9.458333	0.5	3.343150
9.466667	0.5	3.335100
9.475000	0.5	3.327950
9.483333	0.5	3.323650
9.491667	0.5	3.316100
9.500000	0.5	3.312700
9.508333	0.5	3.308550
9.516667	0.5	3.303500
9.525000	0.5	3.299150
9.533333	0.5	3.295950
9.541667	0.5	3.286950
9.550000	0.5	3.274550
9.558333	0.5	3.264350
9.566667	0.5	3.255800
9.575000	0.5	3.248900
9.583333	0.5	3.246000
9.591667	0.5	3.241450
9.600000	0.5	3.237050
9.608333	0.5	3.236300
9.616667	0.5	3.230600
9.625000	0.5	3.231450
9.633333	0.5	3.232250
9.641667	0.5	3.227250
9.650000	0.5	3.221350
9.658333	0.5	3.220800
9.666667	0.5	3.220700
9.675000	0.5	3.223550
9.683333	0.5	3.226300
9.691667	0.5	3.231600
9.700000	0.5	3.238400
9.708333	0.5	3.243050
9.716667	0.5	3.250850
9.725000	0.5	3.262050
9.733333	0.5	3.265650
9.741667	0.5	3.266000
9.750000	0.5	3.268850
9.758333	0.5	3.276100
9.766667	0.5	3.280650
9.775000	0.5	3.289950
9.783333	0.5	3.296700
9.791667	0.5	3.306000
9.800000	0.5	3.317700
9.808333	0.5	3.324950
9.816667	0.5	3.335950
9.825000	0.5	3.343600
9.833333	0.5	3.347050
9.841667	0.5	3.350950
9.850000	0.5	3.357900
9.858333	0.5	3.363000
9.866667	0.5	3.371450
9.875000	0.5	3.381700
9.883333	0.5	3.388000
9.891667	0.5	3.396550
9.900000	0.5	3.406850
9.908333	0.5	3.415800
9.916667	0.5	3.429000
9.925000	0.5	3.433750
9.933333	0.5	3.435650
9.941667	0.5	3.442050
9.950000	0.5	3.447000
9.958333	0.5	3.454150
9.966667	0.5	3.462800
9.975000	0.5	3.471950
9.983333	0.5	3.480350
9.991667	0.5	3.492400
10.000000	0.5	3.500000
10.008333	0.5	3.510350
10.016667	0.5	3.518600
10.025000	0.5	3.521950
10.033333	0.5	3.526400
10.041667	0.5	3.532050
10.050000	0.5	3.538950
10.058333	0.5	3.546200
10.066667	0.5	3.553950
10.075000	0.5	3.560650
10.083333	0.5	3.569350
10.091667	0.5	3.576800
10.100000	0.5	3.583800
10.108333	0.5	3.594600
10.116667	0.5	3.597300
10.125000	0.5	3.595650
10.133333	0.5	3.599750
10.141667	0.5	3.600500
10.150000	0.5	3.601150
10.158333	0.5	3.602500
10.166667	0.5	3.604700
10.175000	0.5	3.607800
10.183333	0.5	3.607200
10.191667	0.5	3.610050
10.200000	0.5	3.613600
10.208333	0.5	3.614500
10.216667	0.5	3.612000
10.225000	0.5	3.609000
10.233333	0.5	3.608650
10.241667	0.5	3.609650
10.250000	0.5	3.614200
10.258333	0.5	3.618500
10.266667	0.5	3.623250
10.275000	0.5	3.628350
10.283333	0.5	3.639200
10.291667	0.5	3.645000
10.300000	0.5	3.659350
10.308333	0.5	3.663450
10.316667	0.5	3.667300
10.325000	0.5	3.674200
10.333333	0.5	3.684650
10.341667	0.5	3.694550
10.350000	0.5	3.703050
10.358333	0.5	3.718250
10.366667	0.5	3.728200
10.375000	0.5	3.742100
10.383333	0.5	3.754850
10.391667	0.5	3.768100
10.400000	0.5	3.779950
10.408333	0.5	3.788650
10.416667	0.5	3.794700
10.425000	0.5	3.804100
10.433333	0.5	3.814650
10.441667	0.5	3.824950
10.450000	0.5	3.835800
10.458333	0.5	3.844250
10.466667	0.5	3.855400
10.475000	0.5	3.865150
10.483333	0.5	3.871550
10.491667	0.5	3.879900
10.500000	0.5	3.882100
10.508333	0.5	3.881250
10.516667	0.5	3.882050
10.525000	0.5	3.880250
10.533333	0.5	3.879450
10.541667	0.5	3.879650
10.550000	0.5	3.877350
10.558333	0.5	3.875700
10.566667	0.5	3.872800
10.575000	0.5	3.870750
10.583333	0.5	3.868900
10.591667	0.5	3.865050
10.600000	0.5	3.854750
10.608333	0.5	3.844350
10.616667	0.5	3.838350
10.625000	0.5	3.833550
10.633333	0.5	3.826700
10.641667	0.5	3.821700
10.650000	0.5	3.818150
10.658333	0.5	3.814350
10.666667	0.5	3.813100
10.675000	0.5	3.813050
10.683333	0.5	3.812650
10.691667	0.5	3.809150
10.700000	0.5	3.802550
10.708333	0.5	3.797900
10.716667	0.5	3.796250
10.725000	0.5	3.795000
10.733333	0.5	3.796000
10.741667	0.5	3.798250
10.750000	0.5	3.800350
10.758333	0.5	3.802600
10.766667	0.5	3.805300
10.775000	0.5	3.811150
10.783333	0.5	3.814550
10.791667	0.5	3.812250
10.800000	0.5	3.809600
10.808333	0.5	3.813050
10.816667	0.5	3.815450
10.825000	0.5	3.820700
10.833333	0.5	3.824900
10.841667	0.5	3.829150
10.850000	0.5	3.835650
10.858333	0.5	3.840850
10.866667	0.5	3.846250
10.875000	0.5	3.853200
10.883333	0.5	3.852800
10.891667	0.5	3.852100
10.900000	0.5	3.853200
10.908333	0.5	3.856450
10.916667	0.5	3.858550
10.925000	0.5	3.861300
10.933333	0.5	3.865300
10.941667	0.5	3.867750
10.950000	0.5	3.871400
10.958333	0.5	3.874300
10.966667	0.5	3.877800
10.975000	0.5	3.880250
10.983333	0.5	3.878450
10.991667	0.5	3.874500
11.000000	0.5	3.876000
11.008333	0.5	3.876500
11.016667	0.5	3.879250
11.025000	0.5	3.881050
11.033333	0.5	3.881150
11.041667	0.5	3.884750
11.050000	0.5	3.886750
11.058333	0.5	3.888050
11.066667	0.5	3.891700
11.075000	0.5	3.889500
11.083333	0.5	3.885400
11.091667	0.5	3.883200
11.100000	0.5	3.882400
11.108333	0.5	3.880650
11.116667	0.5	3.880450
11.125000	0.5	3.882100
11.133333	0.5	3.883050
11.141667	0.5	3.884250
11.150000	0.5	3.884550
11.158333	0.5	3.887000
11.166667	0.5	3.885000
11.175000	0.5	3.878550
11.183333	0.5	3.875350
11.191667	0.5	3.871300
11.200000	0.5	3.870000
11.208333	0.5	3.869650
11.216667	0.5	3.868150
11.225000	0.5	3.866900
11.233333	0.5	3.866750
11.241667	0.5	3.868000
11.250000	0.5	3.868350
11.258333	0.5	3.869400
11.266667	0.5	3.865800
11.275000	0.5	3.859200
11.283333	0.5	3.857900
11.291667	0.5	3.855800
11.300000	0.5	3.852900
11.308333	0.5	3.853250
11.316667	0.5	3.852600
11.325000	0.5	3.853150
11.333333	0.5	3.854450
11.341667	0.5	3.856100
11.350000	0.5	3.860900
11.358333	0.5	3.864700
11.366667	0.5	3.866250
11.375000	0.5	3.867850
11.383333	0.5	3.880600
11.391667	0.5	3.896500
11.400000	0.5	3.921250
11.408333	0.5	3.952400
11.416667	0.5	3.992400
11.425000	0.5	4.039500
11.433333	0.5	4.089750
11.441667	0.5	4.142950
11.450000	0.5	4.202000
11.458333	0.5	4.257150
11.466667	0.5	4.311250
11.475000	0.5	4.364100
11.483333	0.5	4.415350
11.491667	0.5	4.462500
11.500000	0.5	4.508200
11.508333	0.5	4.544650
11.516667	0.5	4.576900
11.525000	0.5	4.607200
11.533333	0.5	4.629900
11.541667	0.5	4.654650
11.550000	0.5	4.677500
11.558333	0.5	4.691400
11.566667	0.5	4.705350
11.575000	0.5	4.720900
11.583333	0.5	4.736350
11.591667	0.5	4.752950
11.600000	0.5	4.767450
11.608333	0.5	4.782400
11.616667	0.5	4.797400
11.625000	0.5	4.812400
11.633333	0.5	4.826300
11.641667	0.5	4.843500
11.650000	0.5	4.855700
11.658333	0.5	4.863400
11.666667	0.5	4.874300
11.675000	0.5	4.885900
11.683333	0.5	4.896300
11.691667	0.5	4.907900
11.700000	0.5	4.923300
11.708333	0.5	4.935000
11.716667	0.5	4.948650
11.725000	0.5	4.964350
11.733333	0.5	4.979850
11.741667	0.5	4.994550
11.750000	0.5	5.003550
11.758333	0.5	5.014700
11.766667	0.5	5.029400
11.775000	0.5	5.045950
11.783333	0.5	5.061750
11.791667	0.5	5.077300
11.800000	0.5	5.092100
11.808333	0.5	5.111050
11.816667	0.5	5.129950
11.825000	0.5	5.147800
11.833333	0.5	5.170550
11.841667	0.5	5.190200
11.850000	0.5	5.207950
11.858333	0.5	5.227100
11.866667	0.5	5.250300
11.875000	0.5	5.273800
11.883333	0.5	5.298900
11.891667	0.5	5.328750
11.900000	0.5	5.358550
11.908333	0.5	5.392600
11.916667	0.5	5.424450
11.925000	0.5	5.460600
11.933333	0.5	5.499850
11.941667	0.5	5.535450
11.950000	0.5	5.573800
11.958333	0.5	5.613300
11.966667	0.5	5.658950
11.975000	0.5	5.706400
11.983333	0.5	5.754900
11.991667	0.5	5.803800
12.000000	0.5	5.858400
12.008333	0.5	5.911200
12.016667	0.5	5.965200
12.025000	0.5	6.020700
12.033333	0.5	6.073350
12.041667	0.5	6.124250
12.050000	0.5	6.176200
12.058333	0.5	6.227050
12.066667	0.5	6.280000
12.075000	0.5	6.330950
12.083333	0.5	6.379150
12.091667	0.5	6.427850
12.100000	0.5	6.476600
12.108333	0.5	6.518950
12.116667	0.5	6.560250
12.125000	0.5	6.600800
12.133333	0.5	6.636750
12.141667	0.5	6.666000
12.150000	0.5	6.696300
12.158333	0.5	6.726100
12.166667	0.5	6.748500
12.175000	0.5	6.773700
12.183333	0.5	6.792850
12.191667	0.5	6.814800
12.200000	0.5	6.831650
12.208333	0.5	6.845050
12.216667	0.5	6.858000
12.225000	0.5	6.866000
12.233333	0.5	6.870700
12.241667	0.5	6.873200
12.250000	0.5	6.874450
12.258333	0.5	6.876300
12.266667	0.5	6.874000
12.275000	0.5	6.872700
12.283333	0.5	6.871750
12.291667	0.5	6.867250
12.300000	0.5	6.863100
12.308333	0.5	6.857550
12.316667	0.5	6.853900
12.325000	0.5	6.844550
12.333333	0.5	6.832300
12.341667	0.5	6.822750
12.350000	0.5	6.813600
12.358333	0.5	6.804250
12.366667	0.5	6.796300
12.375000	0.5	6.788500
12.383333	0.5	6.779100
12.391667	0.5	6.775100
12.400000	0.5	6.768300
12.408333	0.5	6.764400
12.416667	0.5	6.760100
12.425000	0.5	6.753100
12.433333	0.5	6.745600
12.441667	0.5	6.741950
12.450000	0.5	6.739550
12.458333	0.5	6.736600
12.466667	0.5	6.738350
12.475000	0.5	6.739700
12.483333	0.5	6.740500
12.491667	0.5	6.741850
12.500000	0.5	6.748450
12.508333	0.5	6.749500
12.516667	0.5	6.751600
12.525000	0.5	6.751150
12.533333	0.5	6.753850
12.541667	0.5	6.756700
12.550000	0.5	6.758800
12.558333	0.5	6.760850
12.566667	0.5	6.762700
12.575000	0.5	6.766000
12.583333	0.5	6.766150
12.591667	0.5	6.766150
12.600000	0.5	6.769000
12.608333	0.5	6.767650
12.616667	0.5	6.767100
12.625000	0.5	6.765200
12.633333	0.5	6.765850
12.641667	0.5	6.766600
12.650000	0.5	6.771300
12.658333	0.5	6.775800
12.666667	0.5	6.781050
12.675000	0.5	6.785700
12.683333	0.5	6.797950
12.691667	0.5	6.804550
12.700000	0.5	6.816000
12.708333	0.5	6.826000
12.716667	0.5	6.834850
12.725000	0.5	6.846750
12.733333	0.5	6.859350
12.741667	0.5	6.873350
12.750000	0.5	6.885750
12.758333	0.5	6.903250
12.766667	0.5	6.917500
12.775000	0.5	6.934150
12.783333	0.5	6.947100
12.791667	0.5	6.968100
12.800000	0.5	6.984900
12.808333	0.5	6.998500
12.816667	0.5	7.013600
12.825000	0.5	7.029650
12.833333	0.5	7.047950
12.841667	0.5	7.065350
12.850000	0.5	7.084750
12.858333	0.5	7.101400
12.866667	0.5	7.122500
12.875000	0.5	7.141450
12.883333	0.5	7.160650
12.891667	0.5	7.183650
12.900000	0.5	7.204100
12.908333	0.5	7.222250
12.916667	0.5	7.241750
12.925000	0.5	7.261650
12.933333	0.5	7.282250
12.941667	0.5	7.301050
12.950000	0.5	7.323700
12.958333	0.5	7.346300
12.966667	0.5	7.367300
12.975000	0.5	7.389600
12.983333	0.5	7.415850
12.991667	0.5	7.436400
13.000000	0.5	7.457950
13.008333	0.5	7.476900
13.016667	0.5	7.499750
13.025000	0.5	7.519750
13.033333	0.5	7.538400
13.041667	0.5	7.561000
13.050000	0.5	7.585050
13.058333	0.5	7.605450
13.066667	0.5	7.623750
13.075000	0.5	7.642450
13.083333	0.5	7.661850
13.091667	0.5	7.680200
13.100000	0.5	7.693200
13.108333	0.5	7.710150
13.116667	0.5	7.724600
13.125000	0.5	7.740300
13.133333	0.5	7.754600
13.141667	0.5	7.767800
13.150000	0.5	7.783100
13.158333	0.5	7.795850
13.166667	0.5	7.807650
13.175000	0.5	7.822100
13.183333	0.5	7.834400
13.191667	0.5	7.845400
13.200000	0.5	7.856750
13.208333	0.5	7.866150
13.216667	0.5	7.876500
13.225000	0.5	7.886450
13.233333	0.5	7.897550
13.241667	0.5	7.906600
13.250000	0.5	7.918400
13.258333	0.5	7.930600
13.266667	0.5	7.941550
13.275000	0.5	7.957450
13.283333	0.5	7.970200
13.291667	0.5	7.980400
13.300000	0.5	7.993550
13.308333	0.5	8.006950
13.316667	0.5	8.021900
13.325000	0.5	8.035250
13.333333	0.5	8.051600
13.341667	0.5	8.067850
13.350000	0.5	8.085850
13.358333	0.5	8.097600
13.366667	0.5	8.120550
13.375000	0.5	8.141800
13.383333	0.5	8.159450
13.391667	0.5	8.175000
13.400000	0.5	8.195550
13.408333	0.5	8.213850
13.416667	0.5	8.234350
13.425000	0.5	8.255550
13.433333	0.5	8.274800
13.441667	0.5	8.296400
13.450000	0.5	8.317900
13.458333	0.5	8.336800
13.466667	0.5	8.360900
13.475000	0.5	8.382350
13.483333	0.5	8.401500
13.491667	0.5	8.422200
13.500000	0.5	8.442050
13.508333	0.5	8.463700
13.516667	0.5	8.482850
13.525000	0.5	8.501600
13.533333	0.5	8.520200
13.541667	0.5	8.541950
13.550000	0.5	8.558150
13.558333	0.5	8.585550
13.566667	0.5	8.605200
13.575000	0.5	8.627200
13.583333	0.5	8.645650
13.591667	0.5	8.665250
13.600000	0.5	8.687200
13.608333	0.5	8.707500
13.616667	0.5	8.728250
13.625000	0.5	8.753550
13.633333	0.5	8.775350
13.641667	0.5	8.799800
13.650000	0.5	8.822450
13.658333	0.5	8.851350
13.666667	0.5	8.876100
13.675000	0.5	8.900400
13.683333	0.5	8.925300
13.691667	0.5	8.953450
13.700000	0.5	8.980700
13.708333	0.5	9.009550
13.716667	0.5	9.037000
13.725000	0.5	9.068500
13.733333	0.5	9.099450
13.741667	0.5	9.127900
13.750000	0.5	9.160950
13.758333	0.5	9.194300
13.766667	0.5	9.227600
13.775000	0.5	9.257150
13.783333	0.5	9.288000
13.791667	0.5	9.319200
13.800000	0.5	9.349200
13.808333	0.5	9.382950
13.816667	0.5	9.416250
13.825000	0.5	9.448950
13.833333	0.5	9.480500
13.841667	0.5	9.511900
13.850000	0.5	9.552900
13.858333	0.5	9.588250
13.866667	0.5	9.618900
13.875000	0.5	9.653350
13.883333	0.5	9.688900
13.891667	0.5	9.723300
13.900000	0.5	9.757700
13.908333	0.5	9.790000
13.916667	0.5	9.824900
13.925000	0.5	9.859600
13.933333	0.5	9.889550
13.941667	0.5	9.928100
13.950000	0.5	9.964000
13.958333	0.5	9.995650
13.966667	0.5	10.027450
13.975000	0.5	10.058650
13.983333	0.5	10.089000
13.991667	0.5	10.119250
14.000000	0.5	10.147200
14.008333	0.5	10.174050
14.016667	0.5	10.201700
14.025000	0.5	10.229800
14.033333	0.5	10.249950
14.041667	0.5	10.280250
14.050000	0.5	10.303450
14.058333	0.5	10.325950
14.066667	0.5	10.344300
14.075000	0.5	10.363700
14.083333	0.5	10.380600
14.091667	0.5	10.399550
14.100000	0.5	10.416100
14.108333	0.5	10.431650
14.116667	0.5	10.448500
14.125000	0.5	10.455850
14.133333	0.5	10.476750
14.141667	0.5	10.493550
14.150000	0.5	10.510500
14.158333	0.5	10.524950
14.166667	0.5	10.536700
14.175000	0.5	10.551150
14.183333	0.5	10.560100
14.191667	0.5	10.575000
14.200000	0.5	10.588600
14.208333	0.5	10.602000
14.216667	0.5	10.617550
14.225000	0.5	10.628850
14.233333	0.5	10.649100
14.241667	0.5	10.669200
14.250000	0.5	10.687500
14.258333	0.5	10.703550
14.266667	0.5	10.720050
14.275000	0.5	10.739450
14.283333	0.5	10.755000
14.291667	0.5	10.772250
14.300000	0.5	10.792350
14.308333	0.5	10.817550
14.316667	0.5	10.831250
14.325000	0.5	10.857950
14.333333	0.5	10.883750
14.341667	0.5	10.907550
14.350000	0.5	10.929300
14.358333	0.5	10.929550
14.366667	0.5	10.972550
14.375000	0.5	10.997500
14.383333	0.5	11.019800
14.391667	0.5	11.041450
14.400000	0.5	11.063000
14.408333	0.5	11.089350
14.416667	0.5	11.107550
14.425000	0.5	11.140300
14.433333	0.5	11.167950
14.441667	0.5	11.188250
14.450000	0.5	11.210200
14.458333	0.5	11.233600
14.466667	0.5	11.256200
14.475000	0.5	11.279700
14.483333	0.5	11.301750
14.491667	0.5	11.321000
14.500000	0.5	11.342100
14.508333	0.5	11.355150
14.516667	0.5	11.379650
14.525000	0.5	11.405100
14.533333	0.5	11.423300
14.541667	0.5	11.440050
14.550000	0.5	11.453650
14.558333	0.5	11.469600
14.566667	0.5	11.482250
14.575000	0.5	11.496900
14.583333	0.5	11.507950
14.591667	0.5	11.521350
14.600000	0.5	11.534700
14.608333	0.5	11.545500
14.616667	0.5	11.565000
14.625000	0.5	11.582300
14.633333	0.5	11.595000
14.641667	0.5	11.604350
14.650000	0.5	11.617850
14.658333	0.5	11.631400
14.666667	0.5	11.643200
14.675000	0.5	11.658950
14.683333	0.5	11.671250
14.691667	0.5	11.686550
14.700000	0.5	11.697900
14.708333	0.5	11.717500
14.716667	0.5	11.741000
14.725000	0.5	11.763400
14.733333	0.5	11.780900
14.741667	0.5	11.801750
14.750000	0.5	11.817450
14.758333	0.5	11.839500
14.766667	0.5	11.862250
14.775000	0.5	11.882900
14.783333	0.5	11.908850
14.791667	0.5	11.931250
14.800000	0.5	11.951800
14.808333	0.5	11.989950
14.816667	0.5	12.019300
14.825000	0.5	12.045100
14.833333	0.5	12.071950
14.841667	0.5	12.102200
14.850000	0.5	12.130050
14.858333	0.5	12.158850
14.866667	0.5	12.188850
14.875000	0.5	12.217800
14.883333	0.5	12.250950
14.891667	0.5	12.274500
14.900000	0.5	12.313350
14.908333	0.5	12.350200
14.916667	0.5	12.382000
14.925000	0.5	12.414250
14.933333	0.5	12.444550
14.941667	0.5	12.473800
14.950000	0.5	12.502700
14.958333	0.5	12.531300
14.966667	0.5	12.557850
14.975000	0.5	12.585000
14.983333	0.5	12.608000
14.991667	0.5	12.629250
15.000000	0.5	12.661050
15.008333	0.5	12.686550
15.016667	0.5	12.707150
15.025000	0.5	12.725250
15.033333	0.5	12.743100
15.041667	0.5	12.761450
15.050000	0.5	12.774900
15.058333	0.5	12.787800
15.066667	0.5	12.800100
15.075000	0.5	12.818000
15.083333	0.5	12.823000
15.091667	0.5	12.843700
15.100000	0.5	12.862300
15.108333	0.5	12.880600
15.116667	0.5	12.891750
15.125000	0.5	12.906650
15.133333	0.5	12.917650
15.141667	0.5	12.928900
15.150000	0.5	12.943400
15.158333	0.5	12.958600
15.166667	0.5	12.973500
15.175000	0.5	12.991000
15.183333	0.5	13.001750
15.191667	0.5	13.030600
15.200000	0.5	13.053400
15.208333	0.5	13.068750
15.216667	0.5	13.088350
15.225000	0.5	13.110450
15.233333	0.5	13.132150
15.241667	0.5	13.150800
15.250000	0.5	13.171700
15.258333	0.5	13.190250
15.266667	0.5	13.217900
15.275000	0.5	13.232600
15.283333	0.5	13.265500
15.291667	0.5	13.297700
15.300000	0.5	13.331100
15.308333	0.5	13.355500
15.316667	0.5	13.385700
15.325000	0.5	13.411050
15.333333	0.5	13.440800
15.341667	0.5	13.469650
15.350000	0.5	13.498800
15.358333	0.5	13.531250
15.366667	0.5	13.567000
15.375000	0.5	13.598250
15.383333	0.5	13.644650
15.391667	0.5	13.687900
15.400000	0.5	13.726400
15.408333	0.5	13.769600
15.416667	0.5	13.814300
15.425000	0.5	13.860750
15.433333	0.5	13.911250
15.441667	0.5	13.961650
15.450000	0.5	14.018200
15.458333	0.5	14.084600
15.466667	0.5	14.145700
15.475000	0.5	14.233750
15.483333	0.5	14.332450
15.491667	0.5	14.439050
15.500000	0.5	14.554800
15.508333	0.5	14.688800
15.516667	0.5	14.836750
15.525000	0.5	15.004050
15.533333	0.5	15.193050
15.541667	0.5	15.400650
15.550000	0.5	15.627600
15.558333	0.5	15.878800
15.566667	0.5	16.138800
15.575000	0.5	16.436050
15.583333	0.5	16.744800
15.591667	0.5	17.050950
15.600000	0.5	17.357050
15.608333	0.5	17.662150
15.616667	0.5	17.950100
15.625000	0.5	18.219750
15.633333	0.5	18.456450
15.641667	0.5	18.661950
15.650000	0.5	18.838200
15.658333	0.5	18.950800
15.666667	0.5	19.049950
15.675000	0.5	19.108650
15.683333	0.5	19.121400
15.691667	0.5	19.086900
15.700000	0.5	19.016600
15.708333	0.5	18.919700
15.716667	0.5	18.798100
15.725000	0.5	18.656250
15.733333	0.5	18.495550
15.741667	0.5	18.328550
15.750000	0.5	18.153600
15.758333	0.5	17.967750
15.766667	0.5	17.806050
15.775000	0.5	17.641300
15.783333	0.5	17.469050
15.791667	0.5	17.302050
15.800000	0.5	17.145400
15.808333	0.5	16.998600
15.816667	0.5	16.864100
15.825000	0.5	16.740800
15.833333	0.5	16.633200
15.841667	0.5	16.546500
15.850000	0.5	16.457600
15.858333	0.5	16.402300
15.866667	0.5	16.357450
15.875000	0.5	16.318350
15.883333	0.5	16.281700
15.891667	0.5	16.249500
15.900000	0.5	16.221200
15.908333	0.5	16.193600
15.916667	0.5	16.163650
15.925000	0.5	16.130400
15.933333	0.5	16.091550
15.941667	0.5	16.048100
15.950000	0.5	15.991350
15.958333	0.5	15.939750
15.966667	0.5	15.874700
15.975000	0.5	15.793250
15.983333	0.5	15.699750
15.991667	0.5	15.595000
16.000000	0.5	15.486950
16.008333	0.5	15.366700
16.016667	0.5	15.238600
16.025000	0.5	15.108400
16.033333	0.5	14.982000
16.041667	0.5	14.842250
16.050000	0.5	14.717600
16.058333	0.5	14.593350
16.066667	0.5	14.467850
16.075000	0.5	14.342850
16.083333	0.5	14.222750
16.091667	0.5	14.112350
16.100000	0.5	14.003900
16.108333	0.5	13.905750
16.116667	0.5	13.816250
16.125000	0.5	13.737750
16.133333	0.5	13.668400
16.141667	0.5	13.603300
16.150000	0.5	13.558750
16.158333	0.5	13.516950
16.166667	0.5	13.480000
16.175000	0.5	13.453250
16.183333	0.5	13.436000
16.191667	0.5	13.426250
16.200000	0.5	13.428300
16.208333	0.5	13.436400
16.216667	0.5	13.456600
16.225000	0.5	13.484000
16.233333	0.5	13.515200
16.241667	0.5	13.565650
16.250000	0.5	13.621900
16.258333	0.5	13.683650
16.266667	0.5	13.753300
16.275000	0.5	13.830750
16.283333	0.5	13.917950
16.291667	0.5	14.010500
16.300000	0.5	14.112400
16.308333	0.5	14.216100
16.316667	0.5	14.329250
16.325000	0.5	14.449150
16.333333	0.5	14.570750
16.341667	0.5	14.708600
16.350000	0.5	14.845900
16.358333	0.5	14.981650
16.366667	0.5	15.122100
16.375000	0.5	15.259600
16.383333	0.5	15.394450
16.391667	0.5	15.528450
16.400000	0.5	15.653000
16.408333	0.5	15.773500
16.416667	0.5	15.894350
16.425000	0.5	15.989850
16.433333	0.5	16.095450
16.441667	0.5	16.188750
16.450000	0.5	16.268400
16.458333	0.5	16.328350
16.466667	0.5	16.377150
16.475000	0.5	16.413500
16.483333	0.5	16.435100
16.491667	0.5	16.446550
16.500000	0.5	16.447650
16.508333	0.5	16.448150
16.516667	0.5	16.435050
16.525000	0.5	16.414650
16.533333	0.5	16.408400
16.541667	0.5	16.398550
16.550000	0.5	16.374450
16.558333	0.5	16.356850
16.566667	0.5	16.342400
16.575000	0.5	16.331250
16.583333	0.5	16.326500
16.591667	0.5	16.333950
16.600000	0.5	16.349500
16.608333	0.5	16.390550
16.616667	0.5	16.430550
16.625000	0.5	16.515850
16.633333	0.5	16.628300
16.641667	0.5	16.769500
16.650000	0.5	16.944550
16.658333	0.5	17.169100
16.666667	0.5	17.446450
16.675000	0.5	17.789800
16.683333	0.5	18.213050
16.691667	0.5	18.730350
16.700000	0.5	19.362600
16.708333	0.5	20.122100
16.716667	0.5	21.030650
16.725000	0.5	22.143550
16.733333	0.5	23.446300
16.741667	0.5	24.948350
16.750000	0.5	26.671450
16.758333	0.5	28.605850
16.766667	0.5	30.739900
16.775000	0.5	33.056050
16.783333	0.5	35.522851
16.791667	0.5	38.096751
16.800000	0.5	40.775951
16.808333	0.5	43.422951
16.816667	0.5	46.126301
16.825000	0.5	48.777501
16.833333	0.5	51.314751
16.841667	0.5	53.666401
16.850000	0.5	55.812301
16.858333	0.5	57.704251
16.866667	0.5	59.314651
16.875000	0.5	60.637651
16.883333	0.5	61.653401
16.891667	0.5	62.352401
16.900000	0.5	62.755201
16.908333	0.5	62.841101
16.916667	0.5	62.735101
16.925000	0.5	62.354751
16.933333	0.5	61.672851
16.941667	0.5	60.769801
16.950000	0.5	59.664851
16.958333	0.5	58.396001
16.966667	0.5	56.982101
16.975000	0.5	55.458551
16.983333	0.5	53.842601
16.991667	0.5	52.196301
17.000000	0.5	50.467251
17.008333	0.5	48.787601
17.016667	0.5	47.109151
17.025000	0.5	45.424351
17.033333	0.5	43.746151
17.041667	0.5	42.110051
17.050000	0.5	40.524301
17.058333	0.5	38.995601
17.066667	0.5	37.529051
17.075000	0.5	36.138651
17.083333	0.5	34.828251
17.091667	0.5	33.586051
17.100000	0.5	32.418050
17.108333	0.5	31.338200
17.116667	0.5	30.320650
17.125000	0.5	29.343100
17.133333	0.5	28.438800
17.141667	0.5	27.594400
17.150000	0.5	26.807450
17.158333	0.5	26.074850
17.166667	0.5	25.391100
17.175000	0.5	24.756400
17.183333	0.5	24.171150
17.191667	0.5	23.617450
17.200000	0.5	23.116550
17.208333	0.5	22.642100
17.216667	0.5	22.196400
17.225000	0.5	21.776800
17.233333	0.5	21.382700
17.241667	0.5	21.016950
17.250000	0.5	20.675550
17.258333	0.5	20.360550
17.266667	0.5	20.062250
17.275000	0.5	19.788700
17.283333	0.5	19.531300
17.291667	0.5	19.303600
17.300000	0.5	19.096500
17.308333	0.5	18.905550
17.316667	0.5	18.729550
17.325000	0.5	18.572500
17.333333	0.5	18.435450
17.341667	0.5	18.320700
17.350000	0.5	18.222050
17.358333	0.5	18.142900
17.366667	0.5	18.081400
17.375000	0.5	18.048700
17.383333	0.5	18.020500
17.391667	0.5	18.028250
17.400000	0.5	18.048300
17.408333	0.5	18.082100
17.416667	0.5	18.123800
17.425000	0.5	18.185000
17.433333	0.5	18.253850
17.441667	0.5	18.329500
17.450000	0.5	18.416300
17.458333	0.5	18.507300
17.466667	0.5	18.603150
17.475000	0.5	18.697000
17.483333	0.5	18.792650
17.491667	0.5	18.909500
17.500000	0.5	19.016100
17.508333	0.5	19.113900
17.516667	0.5	19.206150
17.525000	0.5	19.290400
17.533333	0.5	19.367700
17.541667	0.5	19.439400
17.550000	0.5	19.503000
17.558333	0.5	19.558850
17.566667	0.5	19.620450
17.575000	0.5	19.651200
17.583333	0.5	19.704950
17.591667	0.5	19.756750
17.600000	0.5	19.794100
17.608333	0.5	19.820900
17.616667	0.5	19.842200
17.625000	0.5	19.861250
17.633333	0.5	19.872250
17.641667	0.5	19.886000
17.650000	0.5	19.890000
17.658333	0.5	19.892600
17.666667	0.5	19.894900
17.675000	0.5	19.893200
17.683333	0.5	19.907700
17.691667	0.5	19.914250
17.700000	0.5	19.904400
17.708333	0.5	19.897900
17.716667	0.5	19.883400
17.725000	0.5	19.868100
17.733333	0.5	19.846550
17.741667	0.5	19.825150
17.750000	0.5	19.800300
17.758333	0.5	19.778700
17.766667	0.5	19.736150
17.775000	0.5	19.718100
17.783333	0.5	19.704200
17.791667	0.5	19.671850
17.800000	0.5	19.637150
17.808333	0.5	19.599150
17.816667	0.5	19.559350
17.825000	0.5	19.518900
17.833333	0.5	19.469400
17.841667	0.5	19.426300
17.850000	0.5	19.381500
17.858333	0.5	19.333950
17.866667	0.5	19.292350
17.875000	0.5	19.264500
17.883333	0.5	19.232850
17.891667	0.5	19.188500
17.900000	0.5	19.150050
17.908333	0.5	19.106700
17.916667	0.5	19.066150
17.925000	0.5	19.020700
17.933333	0.5	18.976150
17.941667	0.5	18.923750
17.950000	0.5	18.884350
17.958333	0.5	18.809150
17.966667	0.5	18.767050
17.975000	0.5	18.705050
17.983333	0.5	18.636500
17.991667	0.5	18.545400
18.000000	0.5	18.442450
18.008333	0.5	18.326100
18.016667	0.5	18.194700
18.025000	0.5	18.049650
18.033333	0.5	17.892850
18.041667	0.5	17.726850
18.050000	0.5	17.549850
18.058333	0.5	17.371500
18.066667	0.5	17.208550
18.075000	0.5	17.041150
18.083333	0.5	16.871600
18.091667	0.5	16.721400
18.100000	0.5	16.581950
18.108333	0.5	16.461300
18.116667	0.5	16.361850
18.125000	0.5	16.278650
18.133333	0.5	16.208800
18.141667	0.5	16.171750
18.150000	0.5	16.127150
18.158333	0.5	16.119950
18.166667	0.5	16.120550
18.175000	0.5	16.129600
18.183333	0.5	16.142850
18.191667	0.5	16.166150
18.200000	0.5	16.189900
18.208333	0.5	16.209450
18.216667	0.5	16.227300
18.225000	0.5	16.241950
18.233333	0.5	16.253650
18.241667	0.5	16.249650
18.250000	0.5	16.239300
18.258333	0.5	16.221150
18.266667	0.5	16.184800
18.275000	0.5	16.114150
18.283333	0.5	16.029000
18.291667	0.5	15.918700
18.300000	0.5	15.792850
18.308333	0.5	15.650450
18.316667	0.5	15.490900
18.325000	0.5	15.326450
18.333333	0.5	15.163550
18.341667	0.5	14.990050
18.350000	0.5	14.844200
18.358333	0.5	14.700300
18.366667	0.5	14.565200
18.375000	0.5	14.443000
18.383333	0.5	14.339800
18.391667	0.5	14.251200
18.400000	0.5	14.176450
18.408333	0.5	14.125900
18.416667	0.5	14.086200
18.425000	0.5	14.066450
18.433333	0.5	14.050950
18.441667	0.5	14.054650
18.450000	0.5	14.067000
18.458333	0.5	14.092700
18.466667	0.5	14.116300
18.475000	0.5	14.153600
18.483333	0.5	14.187400
18.491667	0.5	14.227150
18.500000	0.5	14.276350
18.508333	0.5	14.323700
18.516667	0.5	14.374200
18.525000	0.5	14.432500
18.533333	0.5	14.476700
18.541667	0.5	14.546850
18.550000	0.5	14.610000
18.558333	0.5	14.670850
18.566667	0.5	14.731750
18.575000	0.5	14.792850
18.583333	0.5	14.852350
18.591667	0.5	14.914200
18.600000	0.5	14.973850
18.608333	0.5	15.039750
18.616667	0.5	15.099650
18.625000	0.5	15.159950
18.633333	0.5	15.222400
18.641667	0.5	15.295500
18.650000	0.5	15.365950
18.658333	0.5	15.426150
18.666667	0.5	15.491150
18.675000	0.5	15.554000
18.683333	0.5	15.615050
18.691667	0.5	15.677400
18.700000	0.5	15.736000
18.708333	0.5	15.796700
18.716667	0.5	15.864450
18.725000	0.5	15.917200
18.733333	0.5	15.988750
18.741667	0.5	16.056500
18.750000	0.5	16.123500
18.758333	0.5	16.184000
18.766667	0.5	16.243150
18.775000	0.5	16.304200
18.783333	0.5	16.358050
18.791667	0.5	16.411300
18.800000	0.5	16.465550
18.808333	0.5	16.525700
18.816667	0.5	16.574300
18.825000	0.5	16.626900
18.833333	0.5	16.692150
18.841667	0.5	16.750200
18.850000	0.5	16.794700
18.858333	0.5	16.843900
18.866667	0.5	16.885050
18.875000	0.5	16.927850
18.883333	0.5	16.965200
18.891667	0.5	17.004050
18.900000	0.5	17.036800
18.908333	0.5	17.073400
18.916667	0.5	17.092100
18.925000	0.5	17.133200
18.933333	0.5	17.167950
18.941667	0.5	17.194950
18.950000	0.5	17.213150
18.958333	0.5	17.232350
18.966667	0.5	17.248250
18.975000	0.5	17.263200
18.983333	0.5	17.269700
18.991667	0.5	17.279700
19.000000	0.5	17.286000
19.008333	0.5	17.290800
19.016667	0.5	17.296650
19.025000	0.5	17.314800
19.033333	0.5	17.326050
19.041667	0.5	17.331450
19.050000	0.5	17.337550
19.058333	0.5	17.340850
19.066667	0.5	17.341700
19.075000	0.5	17.342000
19.083333	0.5	17.340050
19.091667	0.5	17.338100
19.100000	0.5	17.341500
19.108333	0.5	17.329250
19.116667	0.5	17.338850
19.125000	0.5	17.347800
19.133333	0.5	17.348850
19.141667	0.5	17.340850
19.150000	0.5	17.338550
19.158333	0.5	17.330450
19.166667	0.5	17.320500
19.175000	0.5	17.305850
19.183333	0.5	17.289650
19.191667	0.5	17.273700
19.200000	0.5	17.248500
19.208333	0.5	17.219550
19.216667	0.5	17.189850
19.225000	0.5	17.137600
19.233333	0.5	17.042200
19.241667	0.5	16.900800
19.250000	0.5	16.708250
19.258333	0.5	16.482350
19.266667	0.5	16.264050
19.275000	0.5	16.121500
19.283333	0.5	16.071300
19.291667	0.5	16.142700
19.300000	0.5	16.312000
19.308333	0.5	16.618350
19.316667	0.5	17.045750
19.325000	0.5	17.607900
19.333333	0.5	18.295550
19.341667	0.5	19.077450
19.350000	0.5	19.903400
19.358333	0.5	20.734200
19.366667	0.5	21.531650
19.375000	0.5	22.267050
19.383333	0.5	22.915500
19.391667	0.5	23.466200
19.400000	0.5	23.927100
19.408333	0.5	24.294200
19.416667	0.5	24.561850
19.425000	0.5	24.743900
19.433333	0.5	24.854800
19.441667	0.5	24.905750
19.450000	0.5	24.896600
19.458333	0.5	24.843750
19.466667	0.5	24.754750
19.475000	0.5	24.636650
19.483333	0.5	24.495550
19.491667	0.5	24.328950
19.500000	0.5	24.159150
19.508333	0.5	23.973350
19.516667	0.5	23.775150
19.525000	0.5	23.575750
19.533333	0.5	23.364250
19.541667	0.5	23.156800
19.550000	0.5	22.948450
19.558333	0.5	22.734250
19.566667	0.5	22.524500
19.575000	0.5	22.322700
19.583333	0.5	22.115700
19.591667	0.5	21.921300
19.600000	0.5	21.729400
19.608333	0.5	21.540450
19.616667	0.5	21.347500
19.625000	0.5	21.163150
19.633333	0.5	20.982000
19.641667	0.5	20.809550
19.650000	0.5	20.637850
19.658333	0.5	20.470150
19.666667	0.5	20.313800
19.675000	0.5	20.158200
19.683333	0.5	20.006900
19.691667	0.5	19.871650
19.700000	0.5	19.739150
19.708333	0.5	19.611200
19.716667	0.5	19.489850
19.725000	0.5	19.378100
19.733333	0.5	19.269350
19.741667	0.5	19.168100
19.750000	0.5	19.072950
19.758333	0.5	18.979100
19.766667	0.5	18.895850
19.775000	0.5	18.810850
19.783333	0.5	18.736850
19.791667	0.5	18.672000
19.800000	0.5	18.608400
19.808333	0.5	18.541600
19.816667	0.5	18.483950
19.825000	0.5	18.435050
19.833333	0.5	18.383850
19.841667	0.5	18.341500
19.850000	0.5	18.304650
19.858333	0.5	18.275950
19.866667	0.5	18.256400
19.875000	0.5	18.229800
19.883333	0.5	18.227150
19.891667	0.5	18.229750
19.900000	0.5	18.232600
19.908333	0.5	18.240200
19.916667	0.5	18.255850
19.925000	0.5	18.278100
19.933333	0.5	18.297850
19.941667	0.5	18.320350
19.950000	0.5	18.344450
19.958333	0.5	18.367850
19.966667	0.5	18.369450
19.975000	0.5	18.357200
19.983333	0.5	18.303450
19.991667	0.5	18.200300
20.000000	0.5	18.016400
20.008333	0.5	17.750350
20.016667	0.5	17.413200
20.025000	0.5	17.010950
20.033333	0.5	16.566150
20.041667	0.5	16.095100
20.050000	0.5	15.613000
20.058333	0.5	15.145000
20.066667	0.5	14.694350
20.075000	0.5	14.291000
20.083333	0.5	13.928700
20.091667	0.5	13.608900
20.100000	0.5	13.340050
20.108333	0.5	13.128100
20.116667	0.5	12.967550
20.125000	0.5	12.850050
20.133333	0.5	12.772450
20.141667	0.5	12.719700
20.150000	0.5	12.696600
20.158333	0.5	12.679850
20.166667	0.5	12.682900
20.175000	0.5	12.690600
20.183333	0.5	12.705000
20.191667	0.5	12.716550
20.200000	0.5	12.728200
20.208333	0.5	12.742300
20.216667	0.5	12.754750
20.225000	0.5	12.769750
20.233333	0.5	12.781750
20.241667	0.5	12.799450
20.250000	0.5	12.819200
20.258333	0.5	12.831500
20.266667	0.5	12.864200
20.275000	0.5	12.895400
20.283333	0.5	12.925550
20.291667	0.5	12.959600
20.300000	0.5	12.990500
20.308333	0.5	13.023850
20.316667	0.5	13.047000
20.325000	0.5	13.063300
20.333333	0.5	13.067950
20.341667	0.5	13.066550
20.350000	0.5	13.061800
20.358333	0.5	13.067300
20.366667	0.5	13.085700
20.375000	0.5	13.121100
20.383333	0.5	13.169200
20.391667	0.5	13.238250
20.400000	0.5	13.317650
20.408333	0.5	13.403350
20.416667	0.5	13.487750
20.425000	0.5	13.563000
20.433333	0.5	13.629550
20.441667	0.5	13.692400
20.450000	0.5	13.735200
20.458333	0.5	13.793150
20.466667	0.5	13.850500
20.475000	0.5	13.898950
20.483333	0.5	13.950700
20.491667	0.5	14.003950
20.500000	0.5	14.059300
20.508333	0.5	14.114750
20.516667	0.5	14.167550
20.525000	0.5	14.223750
20.533333	0.5	14.278900
20.541667	0.5	14.328250
20.550000	0.5	14.382650
20.558333	0.5	14.439350
20.566667	0.5	14.488400
20.575000	0.5	14.529350
20.583333	0.5	14.562550
20.591667	0.5	14.590300
20.600000	0.5	14.613800
20.608333	0.5	14.633350
20.616667	0.5	14.643500
20.625000	0.5	14.653400
20.633333	0.5	14.660950
20.641667	0.5	14.656250
20.650000	0.5	14.665150
20.658333	0.5	14.666800
20.666667	0.5	14.660600
20.675000	0.5	14.653950
20.683333	0.5	14.642250
20.691667	0.5	14.629650
20.700000	0.5	14.616600
20.708333	0.5	14.603200
20.716667	0.5	14.588950
20.725000	0.5	14.578600
20.733333	0.5	14.560450
20.741667	0.5	14.557850
20.750000	0.5	14.551850
20.758333	0.5	14.545350
20.766667	0.5	14.536200
20.775000	0.5	14.531250
20.783333	0.5	14.525850
20.791667	0.5	14.522250
20.800000	0.5	14.517050
20.808333	0.5	14.512350
20.816667	0.5	14.514200
20.825000	0.5	14.518900
20.833333	0.5	14.515850
20.841667	0.5	14.530600
20.850000	0.5	14.542400
20.858333	0.5	14.552000
20.866667	0.5	14.563750
20.875000	0.5	14.575200
20.883333	0.5	14.590750
20.891667	0.5	14.604950
20.900000	0.5	14.621450
20.908333	0.5	14.637400
20.916667	0.5	14.660300
20.925000	0.5	14.680350
20.933333	0.5	14.704600
20.941667	0.5	14.737250
20.950000	0.5	14.770350
20.958333	0.5	14.796050
20.966667	0.5	14.822600
20.975000	0.5	14.850850
20.983333	0.5	14.880300
20.991667	0.5	14.910050
21.000000	0.5	14.939300
21.008333	0.5	14.970850
21.016667	0.5	15.007150
21.025000	0.5	15.033150
21.033333	0.5	15.075800
21.041667	0.5	15.113300
21.050000	0.5	15.145400
21.058333	0.5	15.180200
21.066667	0.5	15.214200
21.075000	0.5	15.249700
21.083333	0.5	15.278900
21.091667	0.5	15.308250
21.100000	0.5	15.336800
21.108333	0.5	15.369000
21.116667	0.5	15.391850
21.125000	0.5	15.424450
21.133333	0.5	15.462150
21.141667	0.5	15.498800
21.150000	0.5	15.523400
21.158333	0.5	15.548850
21.166667	0.5	15.573500
21.175000	0.5	15.595850
21.183333	0.5	15.617700
21.191667	0.5	15.637600
21.200000	0.5	15.657450
21.208333	0.5	15.678500
21.216667	0.5	15.691250
21.225000	0.5	15.717850
21.233333	0.5	15.742200
21.241667	0.5	15.759950
21.250000	0.5	15.772600
21.258333	0.5	15.787800
21.266667	0.5	15.801500
21.275000	0.5	15.812750
21.283333	0.5	15.818450
21.291667	0.5	15.824650
21.300000	0.5	15.840250
21.308333	0.5	15.838300
21.316667	0.5	15.849350
21.325000	0.5	15.863350
21.333333	0.5	15.879400
21.341667	0.5	15.880850
21.350000	0.5	15.888450
21.358333	0.5	15.892450
21.366667	0.5	15.896950
21.375000	0.5	15.898350
21.383333	0.5	15.898750
21.391667	0.5	15.901450
21.400000	0.5	15.904900
21.408333	0.5	15.896950
21.416667	0.5	15.911400
21.425000	0.5	15.923900
21.433333	0.5	15.927900
21.441667	0.5	15.928900
21.450000	0.5	15.932950
21.458333	0.5	15.934050
21.466667	0.5	15.933000
21.475000	0.5	15.933050
21.483333	0.5	15.933900
21.491667	0.5	15.936250
21.500000	0.5	15.933450
21.508333	0.5	15.936850
21.516667	0.5	15.950150
21.525000	0.5	15.961800
21.533333	0.5	15.964250
21.541667	0.5	15.968200
21.550000	0.5	15.966150
21.558333	0.5	15.969400
21.566667	0.5	15.973150
21.575000	0.5	15.971250
21.583333	0.5	15.977250
21.591667	0.5	15.985000
21.600000	0.5	15.976200
21.608333	0.5	15.993400
21.616667	0.5	16.004600
21.625000	0.5	16.013650
21.633333	0.5	16.016550
21.641667	0.5	16.022250
21.650000	0.5	16.027550
21.658333	0.5	16.031250
21.666667	0.5	16.032700
21.675000	0.5	16.035000
21.683333	0.5	16.043300
21.691667	0.5	16.041700
21.700000	0.5	16.049700
21.708333	0.5	16.065950
21.716667	0.5	16.080050
21.725000	0.5	16.087250
21.733333	0.5	16.095200
21.741667	0.5	16.099850
21.750000	0.5	16.103200
21.758333	0.5	16.109000
21.766667	0.5	16.113050
21.775000	0.5	16.115100
21.783333	0.5	16.129100
21.791667	0.5	16.124100
21.800000	0.5	16.144000
21.808333	0.5	16.159700
21.816667	0.5	16.164350
21.825000	0.5	16.171500
21.833333	0.5	16.184750
21.841667	0.5	16.189900
21.850000	0.5	16.192600
21.858333	0.5	16.199100
21.866667	0.5	16.198300
21.875000	0.5	16.211500
21.883333	0.5	16.207000
21.891667	0.5	16.218900
21.900000	0.5	16.237200
21.908333	0.5	16.246550
21.916667	0.5	16.247850
21.925000	0.5	16.252800
21.933333	0.5	16.252000
21.941667	0.5	16.253400
21.950000	0.5	16.251850
21.958333	0.5	16.246100
21.966667	0.5	16.244950
21.975000	0.5	16.248500
21.983333	0.5	16.231100
21.991667	0.5	16.239850
22.000000	0.5	16.241000
22.008333	0.5	16.235250
22.016667	0.5	16.226900
22.025000	0.5	16.217000
22.033333	0.5	16.203350
22.041667	0.5	16.188200
22.050000	0.5	16.173950
22.058333	0.5	16.152950
22.066667	0.5	16.137600
22.075000	0.5	16.111450
22.083333	0.5	16.096800
22.091667	0.5	16.090550
22.100000	0.5	16.079250
22.108333	0.5	16.057900
22.116667	0.5	16.037900
22.125000	0.5	16.018050
22.133333	0.5	15.994400
22.141667	0.5	15.977450
22.150000	0.5	15.952700
22.158333	0.5	15.933150
22.166667	0.5	15.920400
22.175000	0.5	15.897200
22.183333	0.5	15.894250
22.191667	0.5	15.888950
22.200000	0.5	15.879750
22.208333	0.5	15.868200
22.216667	0.5	15.863900
22.225000	0.5	15.855250
22.233333	0.5	15.851800
22.241667	0.5	15.843250
22.250000	0.5	15.838300
22.258333	0.5	15.842600
22.266667	0.5	15.838400
22.275000	0.5	15.848600
22.283333	0.5	15.863850
22.291667	0.5	15.882450
22.300000	0.5	15.887800
22.308333	0.5	15.900500
22.316667	0.5	15.913950
22.325000	0.5	15.927550
22.333333	0.5	15.943150
22.341667	0.5	15.956200
22.350000	0.5	15.977000
22.358333	0.5	15.996750
22.366667	0.5	16.008450
22.375000	0.5	16.039650
22.383333	0.5	16.069600
22.391667	0.5	16.097150
22.400000	0.5	16.120000
22.408333	0.5	16.141500
22.416667	0.5	16.165100
22.425000	0.5	16.184050
22.433333	0.5	16.200650
22.441667	0.5	16.216550
22.450000	0.5	16.242150
22.458333	0.5	16.247250
22.466667	0.5	16.271000
22.475000	0.5	16.294200
22.483333	0.5	16.315900
22.491667	0.5	16.326550
22.500000	0.5	16.335150
22.508333	0.5	16.341250
22.516667	0.5	16.346000
22.525000	0.5	16.348650
22.533333	0.5	16.347700
22.541667	0.5	16.350100
22.550000	0.5	16.350950
22.558333	0.5	16.339600
22.566667	0.5	16.349800
22.575000	0.5	16.354150
22.583333	0.5	16.354500
22.591667	0.5	16.349950
22.600000	0.5	16.344700
22.608333	0.5	16.336550
22.616667	0.5	16.330100
22.625000	0.5	16.318850
22.633333	0.5	16.307700
22.641667	0.5	16.308650
22.650000	0.5	16.289550
22.658333	0.5	16.284150
22.666667	0.5	16.287800
22.675000	0.5	16.287250
22.683333	0.5	16.281950
22.691667	0.5	16.273500
22.700000	0.5	16.264650
22.708333	0.5	16.255250
22.716667	0.5	16.241400
22.725000	0.5	16.231500
22.733333	0.5	16.221050
22.741667	0.5	16.222400
22.750000	0.5	16.201350
22.758333	0.5	16.206400
22.766667	0.5	16.210100
22.775000	0.5	16.205300
22.783333	0.5	16.197050
22.791667	0.5	16.193000
22.800000	0.5	16.185400
22.808333	0.5	16.177600
22.816667	0.5	16.169950
22.825000	0.5	16.161850
22.833333	0.5	16.162200
22.841667	0.5	16.150050
22.850000	0.5	16.149550
22.858333	0.5	16.152550
22.866667	0.5	16.159350
22.875000	0.5	16.154350
22.883333	0.5	16.154600
22.891667	0.5	16.149800
22.900000	0.5	16.146350
22.908333	0.5	16.142050
22.916667	0.5	16.134500
22.925000	0.5	16.129050
22.933333	0.5	16.132400
22.941667	0.5	16.121750
22.950000	0.5	16.131900
22.958333	0.5	16.139900
22.966667	0.5	16.141200
22.975000	0.5	16.137950
22.983333	0.5	16.138700
22.991667	0.5	16.137850
23.000000	0.5	16.134550
23.008333	0.5	16.130600
23.016667	0.5	16.126600
23.025000	0.5	16.126450
23.033333	0.5	16.120800
23.041667	0.5	16.125500
23.050000	0.5	16.137950
23.058333	0.5	16.141400
23.066667	0.5	16.139700
23.075000	0.5	16.141950
23.083333	0.5	16.141100
23.091667	0.5	16.140950
23.100000	0.5	16.134850
23.108333	0.5	16.136950
23.116667	0.5	16.134950
23.125000	0.5	16.132500
23.133333	0.5	16.121150
23.141667	0.5	16.136250
23.150000	0.5	16.142300
23.158333	0.5	16.141900
23.166667	0.5	16.143850
23.175000	0.5	16.139200
23.183333	0.5	16.135050
23.191667	0.5	16.131350
23.200000	0.5	16.124300
23.208333	0.5	16.116200
23.216667	0.5	16.108600
23.225000	0.5	16.069050
23.233333	0.5	15.971500
23.241667	0.5	15.746850
23.250000	0.5	15.369500
23.258333	0.5	14.914150
23.266667	0.5	14.454100
23.275000	0.5	14.019100
23.283333	0.5	13.660550
23.291667	0.5	13.418950
23.300000	0.5	13.274450
23.308333	0.5	13.191100
23.316667	0.5	13.139000
23.325000	0.5	13.096500
23.333333	0.5	13.075400
23.341667	0.5	13.049750
23.350000	0.5	13.024550
23.358333	0.5	13.004200
23.366667	0.5	12.984650
23.375000	0.5	12.967650
23.383333	0.5	12.955900
23.391667	0.5	12.943000
23.400000	0.5	12.933950
23.408333	0.5	12.934950
23.416667	0.5	12.924700
23.425000	0.5	12.929100
23.433333	0.5	12.941200
23.441667	0.5	12.948900
23.450000	0.5	12.958050
23.458333	0.5	12.971650
23.466667	0.5	12.984300
23.475000	0.5	12.997950
23.483333	0.5	13.014400
23.491667	0.5	13.031550
23.500000	0.5	13.054900
23.508333	0.5	13.075550
23.516667	0.5	13.095850
23.525000	0.5	13.128850
23.533333	0.5	13.158500
23.541667	0.5	13.185850
23.550000	0.5	13.210650
23.558333	0.5	13.236950
23.566667	0.5	13.261650
23.575000	0.5	13.287450
23.583333	0.5	13.313500
23.591667	0.5	13.336300
23.600000	0.5	13.368200
23.608333	0.5	13.389500
23.616667	0.5	13.425700
23.625000	0.5	13.464000
23.633333	0.5	13.501550
23.641667	0.5	13.539500
23.650000	0.5	13.577450
23.658333	0.5	13.622500
23.666667	0.5	13.671300
23.675000	0.5	13.724700
23.683333	0.5	13.779250
23.691667	0.5	13.840200
23.700000	0.5	13.912500
23.708333	0.5	13.983600
23.716667	0.5	14.074500
23.725000	0.5	14.167150
23.733333	0.5	14.261350
23.741667	0.5	14.361350
23.750000	0.5	14.466150
23.758333	0.5	14.573500
23.766667	0.5	14.679750
23.775000	0.5	14.789850
23.783333	0.5	14.900900
23.791667	0.5	15.011350
23.800000	0.5	15.115850
23.808333	0.5	15.226950
23.816667	0.5	15.332400
23.825000	0.5	15.430550
23.833333	0.5	15.514800
23.841667	0.5	15.591950
23.850000	0.5	15.660800
23.858333	0.5	15.713750
23.866667	0.5	15.760400
23.875000	0.5	15.794050
23.883333	0.5	15.812950
23.891667	0.5	15.820250
23.900000	0.5	15.814300
23.908333	0.5	15.806000
23.916667	0.5	15.781550
23.925000	0.5	15.739000
23.933333	0.5	15.687900
23.941667	0.5	15.627550
23.950000	0.5	15.558650
23.958333	0.5	15.479650
23.966667	0.5	15.391450
23.975000	0.5	15.301350
23.983333	0.5	15.209300
23.991667	0.5	15.103750
24.000000	0.5	15.004800
24.008333	0.5	14.902150
24.016667	0.5	14.799600
24.025000	0.5	14.687400
24.033333	0.5	14.576700
24.041667	0.5	14.467700
24.050000	0.5	14.356350
24.058333	0.5	14.249800
24.066667	0.5	14.144400
24.075000	0.5	14.040100
24.083333	0.5	13.938950
24.091667	0.5	13.837100
24.100000	0.5	13.752300
24.108333	0.5	13.668850
24.116667	0.5	13.583450
24.125000	0.5	13.498300
24.133333	0.5	13.423750
24.141667	0.5	13.348250
24.150000	0.5	13.281000
24.158333	0.5	13.215950
24.166667	0.5	13.157450
24.175000	0.5	13.108300
24.183333	0.5	13.059100
24.191667	0.5	13.020950
24.200000	0.5	12.990100
24.208333	0.5	12.966050
24.216667	0.5	12.934750
24.225000	0.5	12.913450
24.233333	0.5	12.893100
24.241667	0.5	12.878550
24.250000	0.5	12.869150
24.258333	0.5	12.860150
24.266667	0.5	12.860300
24.275000	0.5	12.859100
24.283333	0.5	12.862350
24.291667	0.5	12.873700
24.300000	0.5	12.891500
24.308333	0.5	12.901350
24.316667	0.5	12.915750
24.325000	0.5	12.931250
24.333333	0.5	12.950300
24.341667	0.5	12.962600
24.350000	0.5	12.982500
24.358333	0.5	13.001600
24.366667	0.5	13.023250
24.375000	0.5	13.041900
24.383333	0.5	13.068450
24.391667	0.5	13.093050
24.400000	0.5	13.118900
24.408333	0.5	13.138200
24.416667	0.5	13.160050
24.425000	0.5	13.176200
24.433333	0.5	13.192800
24.441667	0.5	13.206150
24.450000	0.5	13.212350
24.458333	0.5	13.225600
24.466667	0.5	13.239250
24.475000	0.5	13.242150
24.483333	0.5	13.256000
24.491667	0.5	13.262500
24.500000	0.5	13.264800
24.508333	0.5	13.259700
24.516667	0.5	13.257450
24.525000	0.5	13.247450
24.533333	0.5	13.240350
24.541667	0.5	13.227050
24.550000	0.5	13.211300
24.558333	0.5	13.197900
24.566667	0.5	13.175400
24.575000	0.5	13.153650
24.583333	0.5	13.134300
24.591667	0.5	13.108400
24.600000	0.5	13.076600
24.608333	0.5	13.045550
24.616667	0.5	13.011750
24.625000	0.5	12.978250
24.633333	0.5	12.938500
24.641667	0.5	12.898400
24.650000	0.5	12.859850
24.658333	0.5	12.821150
24.666667	0.5	12.772650
24.675000	0.5	12.737250
24.683333	0.5	12.696700
24.691667	0.5	12.651650
24.700000	0.5	12.605250
24.708333	0.5	12.562950
24.716667	0.5	12.516650
24.725000	0.5	12.475150
24.733333	0.5	12.432850
24.741667	0.5	12.390950
24.750000	0.5	12.349350
24.758333	0.5	12.306500
24.766667	0.5	12.273650
24.775000	0.5	12.246000
24.783333	0.5	12.212300
24.791667	0.5	12.176200
24.800000	0.5	12.145500
24.808333	0.5	12.116350
24.816667	0.5	12.090350
24.825000	0.5	12.065850
24.833333	0.5	12.038950
24.841667	0.5	12.016650
24.850000	0.5	11.996900
24.858333	0.5	11.971300
24.866667	0.5	11.962400
24.875000	0.5	11.941600
24.883333	0.5	11.921050
24.891667	0.5	11.905800
24.900000	0.5	11.886150
24.908333	0.5	11.872300
24.916667	0.5	11.858050
24.925000	0.5	11.841750
24.933333	0.5	11.830150
24.941667	0.5	11.819000
24.950000	0.5	11.805400
24.958333	0.5	11.802150
24.966667	0.5	11.792950
24.975000	0.5	11.786250
24.983333	0.5	11.775800
24.991667	0.5	11.772750
25.000000	0.5	11.767500
25.008333	0.5	11.765550
25.016667	0.5	11.765650
25.025000	0.5	11.765650
25.033333	0.5	11.770300
25.041667	0.5	11.778950
25.050000	0.5	11.788350
25.058333	0.5	11.807250
25.066667	0.5	11.818350
25.075000	0.5	11.836450
25.083333	0.5	11.862050
25.091667	0.5	11.889200
25.100000	0.5	11.917300
25.108333	0.5	11.950400
25.116667	0.5	11.986350
25.125000	0.5	12.023800
25.133333	0.5	12.069500
25.141667	0.5	12.113100
25.150000	0.5	12.162300
25.158333	0.5	12.220250
25.166667	0.5	12.272200
25.175000	0.5	12.330300
25.183333	0.5	12.382300
25.191667	0.5	12.443000
25.200000	0.5	12.497800
25.208333	0.5	12.554600
25.216667	0.5	12.610700
25.225000	0.5	12.667100
25.233333	0.5	12.724650
25.241667	0.5	12.777850
25.250000	0.5	12.833850
25.258333	0.5	12.884650
25.266667	0.5	12.930850
25.275000	0.5	12.975150
25.283333	0.5	13.017150
25.291667	0.5	13.050400
25.300000	0.5	13.085500
25.308333	0.5	13.111250
25.316667	0.5	13.132850
25.325000	0.5	13.155100
25.333333	0.5	13.161500
25.341667	0.5	13.177550
25.350000	0.5	13.186100
25.358333	0.5	13.186950
25.366667	0.5	13.185500
25.375000	0.5	13.180900
25.383333	0.5	13.168400
25.391667	0.5	13.155200
25.400000	0.5	13.138300
25.408333	0.5	13.116400
25.416667	0.5	13.094800
25.425000	0.5	13.073200
25.433333	0.5	13.047300
25.441667	0.5	13.030050
25.450000	0.5	13.009250
25.458333	0.5	12.981750
25.466667	0.5	12.957450
25.475000	0.5	12.932700
25.483333	0.5	12.910950
25.491667	0.5	12.888200
25.500000	0.5	12.862700
25.508333	0.5	12.843800
25.516667	0.5	12.827650
25.525000	0.5	12.805350
25.533333	0.5	12.792300
25.541667	0.5	12.782500
25.550000	0.5	12.771950
25.558333	0.5	12.756800
25.566667	0.5	12.746150
25.575000	0.5	12.733550
25.583333	0.5	12.722800
25.591667	0.5	12.713750
25.600000	0.5	12.705900
25.608333	0.5	12.703150
25.616667	0.5	12.700350
25.625000	0.5	12.693850
25.633333	0.5	12.703100
25.641667	0.5	12.709400
25.650000	0.5	12.714550
25.658333	0.5	12.722200
25.666667	0.5	12.731950
25.675000	0.5	12.750500
25.683333	0.5	12.770750
25.691667	0.5	12.789300
25.700000	0.5	12.814650
25.708333	0.5	12.844100
25.716667	0.5	12.871550
25.725000	0.5	12.907200
25.733333	0.5	12.946000
25.741667	0.5	12.984150
25.750000	0.5	13.018950
25.758333	0.5	13.056800
25.766667	0.5	13.095850
25.775000	0.5	13.127900
25.783333	0.5	13.160800
25.791667	0.5	13.192250
25.800000	0.5	13.222500
25.808333	0.5	13.247250
25.816667	0.5	13.265600
25.825000	0.5	13.293850
25.833333	0.5	13.312800
25.841667	0.5	13.328000
25.850000	0.5	13.335900
25.858333	0.5	13.340800
25.866667	0.5	13.341900
25.875000	0.5	13.344200
25.883333	0.5	13.339600
25.891667	0.5	13.333000
25.900000	0.5	13.324850
25.908333	0.5	13.307200
25.916667	0.5	13.299600
25.925000	0.5	13.285400
25.933333	0.5	13.266400
25.941667	0.5	13.245500
25.950000	0.5	13.218700
25.958333	0.5	13.193200
25.966667	0.5	13.161500
25.975000	0.5	13.124950
25.983333	0.5	13.094350
25.991667	0.5	13.064450
26.000000	0.5	13.029800
26.008333	0.5	12.993550
26.016667	0.5	12.966400
26.025000	0.5	12.935550
26.033333	0.5	12.898800
26.041667	0.5	12.864400
26.050000	0.5	12.829900
26.058333	0.5	12.795850
26.066667	0.5	12.763150
26.075000	0.5	12.732100
26.083333	0.5	12.699000
26.091667	0.5	12.673550
26.100000	0.5	12.643850
26.108333	0.5	12.623050
26.116667	0.5	12.604100
26.125000	0.5	12.583050
26.133333	0.5	12.563600
26.141667	0.5	12.546000
26.150000	0.5	12.532100
26.158333	0.5	12.516450
26.166667	0.5	12.501050
26.175000	0.5	12.492700
26.183333	0.5	12.485000
26.191667	0.5	12.478350
26.200000	0.5	12.465950
26.208333	0.5	12.468950
26.216667	0.5	12.466350
26.225000	0.5	12.460500
26.233333	0.5	12.461700
26.241667	0.5	12.456700
26.250000	0.5	12.454950
26.258333	0.5	12.451850
26.266667	0.5	12.446200
26.275000	0.5	12.440400
26.283333	0.5	12.438200
26.291667	0.5	12.429500
26.300000	0.5	12.430400
26.308333	0.5	12.427750
26.316667	0.5	12.425200
26.325000	0.5	12.414100
26.333333	0.5	12.406250
26.341667	0.5	12.395800
26.350000	0.5	12.387350
26.358333	0.5	12.373600
26.366667	0.5	12.364950
26.375000	0.5	12.351400
26.383333	0.5	12.340700
26.391667	0.5	12.324500
26.400000	0.5	12.319900
26.408333	0.5	12.313300
26.416667	0.5	12.301400
26.425000	0.5	12.289000
26.433333	0.5	12.274150
26.441667	0.5	12.265650
26.450000	0.5	12.252900
26.458333	0.5	12.239950
26.466667	0.5	12.228150
26.475000	0.5	12.221100
26.483333	0.5	12.206000
26.491667	0.5	12.205550
26.500000	0.5	12.202550
26.508333	0.5	12.202000
26.516667	0.5	12.199100
26.525000	0.5	12.195900
26.533333	0.5	12.194350
26.541667	0.5	12.194950
26.550000	0.5	12.197200
26.558333	0.5	12.200500
26.566667	0.5	12.211800
26.575000	0.5	12.219950
26.583333	0.5	12.227200
26.591667	0.5	12.246050
26.600000	0.5	12.265050
26.608333	0.5	12.279200
26.616667	0.5	12.293800
26.625000	0.5	12.315350
26.633333	0.5	12.333300
26.641667	0.5	12.354900
26.650000	0.5	12.375800
26.658333	0.5	12.395000
26.666667	0.5	12.425250
26.675000	0.5	12.446550
26.683333	0.5	12.482750
26.691667	0.5	12.513400
26.700000	0.5	12.547850
26.708333	0.5	12.574400
26.716667	0.5	12.608800
26.725000	0.5	12.643400
26.733333	0.5	12.674500
26.741667	0.5	12.706900
26.750000	0.5	12.742150
26.758333	0.5	12.777050
26.766667	0.5	12.813450
26.775000	0.5	12.848600
26.783333	0.5	12.893900
26.791667	0.5	12.933100
26.800000	0.5	12.966500
26.808333	0.5	13.006450
26.816667	0.5	13.039150
26.825000	0.5	13.073900
26.833333	0.5	13.109150
26.841667	0.5	13.142550
26.850000	0.5	13.174350
26.858333	0.5	13.210650
26.866667	0.5	13.232850
26.875000	0.5	13.264650
26.883333	0.5	13.296450
26.891667	0.5	13.326250
26.900000	0.5	13.352500
26.908333	0.5	13.376900
26.916667	0.5	13.398050
26.925000	0.5	13.416350
26.933333	0.5	13.435850
26.941667	0.5	13.449350
26.950000	0.5	13.469850
26.958333	0.5	13.481650
26.966667	0.5	13.491300
26.975000	0.5	13.510800
26.983333	0.5	13.523400
26.991667	0.5	13.527900
27.000000	0.5	13.533150
27.008333	0.5	13.540650
27.016667	0.5	13.546750
27.025000	0.5	13.546400
27.033333	0.5	13.545850
27.041667	0.5	13.543600
27.050000	0.5	13.542100
27.058333	0.5	13.533300
27.066667	0.5	13.531950
27.075000	0.5	13.528750
27.083333	0.5	13.523300
27.091667	0.5	13.507450
27.100000	0.5	13.494150
27.108333	0.5	13.480750
27.116667	0.5	13.465350
27.125000	0.5	13.443200
27.133333	0.5	13.424400
27.141667	0.5	13.399550
27.150000	0.5	13.378100
27.158333	0.5	13.349600
27.166667	0.5	13.327800
27.175000	0.5	13.300650
27.183333	0.5	13.264900
27.191667	0.5	13.230500
27.200000	0.5	13.192600
27.208333	0.5	13.155400
27.216667	0.5	13.110950
27.225000	0.5	13.073150
27.233333	0.5	13.026850
27.241667	0.5	12.985700
27.250000	0.5	12.940350
27.258333	0.5	12.899300
27.266667	0.5	12.855900
27.275000	0.5	12.808300
27.283333	0.5	12.759450
27.291667	0.5	12.713800
27.300000	0.5	12.665150
27.308333	0.5	12.616900
27.316667	0.5	12.571650
27.325000	0.5	12.524900
27.333333	0.5	12.478900
27.341667	0.5	12.436500
27.350000	0.5	12.392650
27.358333	0.5	12.352350
27.366667	0.5	12.314300
27.375000	0.5	12.273350
27.383333	0.5	12.235650
27.391667	0.5	12.196650
27.400000	0.5	12.154100
27.408333	0.5	12.118850
27.416667	0.5	12.082350
27.425000	0.5	12.053800
27.433333	0.5	12.021300
27.441667	0.5	11.991150
27.450000	0.5	11.968400
27.458333	0.5	11.945300
27.466667	0.5	11.916650
27.475000	0.5	11.892950
27.483333	0.5	11.872600
27.491667	0.5	11.848600
27.500000	0.5	11.832200
27.508333	0.5	11.811750
27.516667	0.5	11.790000
27.525000	0.5	11.782200
27.533333	0.5	11.761850
27.541667	0.5	11.743200
27.550000	0.5	11.739550
27.558333	0.5	11.731200
27.566667	0.5	11.720900
27.575000	0.5	11.711000
27.583333	0.5	11.700150
27.591667	0.5	11.692400
27.600000	0.5	11.686550
27.608333	0.5	11.675200
27.616667	0.5	11.670500
27.625000	0.5	11.665850
27.633333	0.5	11.657250
27.641667	0.5	11.654650
27.650000	0.5	11.657700
27.658333	0.5	11.657350
27.666667	0.5	11.653250
27.675000	0.5	11.653700
27.683333	0.5	11.652500
27.691667	0.5	11.648200
27.700000	0.5	11.647900
27.708333	0.5	11.646950
27.716667	0.5	11.643200
27.725000	0.5	11.648750
27.733333	0.5	11.645950
27.741667	0.5	11.654050
27.750000	0.5	11.657000
27.758333	0.5	11.658650
27.766667	0.5	11.658700
27.775000	0.5	11.662350
27.783333	0.5	11.663850
27.791667	0.5	11.665150
27.800000	0.5	11.664500
27.808333	0.5	11.663850
27.816667	0.5	11.669900
27.825000	0.5	11.662400
27.833333	0.5	11.671250
27.841667	0.5	11.675950
27.850000	0.5	11.677300
27.858333	0.5	11.676950
27.866667	0.5	11.674150
27.875000	0.5	11.675750
27.883333	0.5	11.669150
27.891667	0.5	11.664950
27.900000	0.5	11.664000
27.908333	0.5	11.659550
27.916667	0.5	11.654750
27.925000	0.5	11.646300
27.933333	0.5	11.646800
27.941667	0.5	11.638650
27.950000	0.5	11.633350
27.958333	0.5	11.625550
27.966667	0.5	11.618800
27.975000	0.5	11.610750
27.983333	0.5	11.597450
27.991667	0.5	11.584750
28.000000	0.5	11.577950
28.008333	0.5	11.571400
28.016667	0.5	11.555150
28.025000	0.5	11.552350
28.033333	0.5	11.546050
28.041667	0.5	11.540800
28.050000	0.5	11.532050
28.058333	0.5	11.519950
28.066667	0.5	11.515450
28.075000	0.5	11.506200
28.083333	0.5	11.497150
28.091667	0.5	11.495250
28.100000	0.5	11.493450
28.108333	0.5	11.489450
28.116667	0.5	11.492550
28.125000	0.5	11.491450
28.133333	0.5	11.495550
28.141667	0.5	11.495200
28.150000	0.5	11.499200
28.158333	0.5	11.505900
28.166667	0.5	11.512750
28.175000	0.5	11.520700
28.183333	0.5	11.529950
28.191667	0.5	11.542500
28.200000	0.5	11.557050
28.208333	0.5	11.566150
28.216667	0.5	11.587900
28.225000	0.5	11.609900
28.233333	0.5	11.631800
28.241667	0.5	11.650450
28.250000	0.5	11.675350
28.258333	0.5	11.700200
28.266667	0.5	11.727450
28.275000	0.5	11.756650
28.283333	0.5	11.781000
28.291667	0.5	11.813300
28.300000	0.5	11.846750
28.308333	0.5	11.881200
28.316667	0.5	11.917300
28.325000	0.5	11.956850
28.333333	0.5	11.991750
28.341667	0.5	12.034900
28.350000	0.5	12.078300
28.358333	0.5	12.115800
28.366667	0.5	12.157550
28.375000	0.5	12.198100
28.383333	0.5	12.246450
28.391667	0.5	12.284600
28.400000	0.5	12.321300
28.408333	0.5	12.373100
28.416667	0.5	12.420450
28.425000	0.5	12.465500
28.433333	0.5	12.509650
28.441667	0.5	12.549050
28.450000	0.5	12.593950
28.458333	0.5	12.639600
28.466667	0.5	12.678950
28.475000	0.5	12.713800
28.483333	0.5	12.754100
28.491667	0.5	12.786050
28.500000	0.5	12.822750
28.508333	0.5	12.863250
28.516667	0.5	12.898200
28.525000	0.5	12.929600
28.533333	0.5	12.951100
28.541667	0.5	12.979150
28.550000	0.5	13.005150
28.558333	0.5	13.023450
28.566667	0.5	13.040700
28.575000	0.5	13.058050
28.583333	0.5	13.074350
28.591667	0.5	13.084450
28.600000	0.5	13.099950
28.608333	0.5	13.110200
28.616667	0.5	13.119600
28.625000	0.5	13.124500
28.633333	0.5	13.123450
28.641667	0.5	13.124400
28.650000	0.5	13.120800
28.658333	0.5	13.118100
28.666667	0.5	13.110550
28.675000	0.5	13.106650
28.683333	0.5	13.099650
28.691667	0.5	13.091850
28.700000	0.5	13.086500
28.708333	0.5	13.081600
28.716667	0.5	13.072000
28.725000	0.5	13.062100
28.733333	0.5	13.052800
28.741667	0.5	13.045450
28.750000	0.5	13.032650
28.758333	0.5	13.018700
28.766667	0.5	13.009900
28.775000	0.5	13.003950
28.783333	0.5	12.989200
28.791667	0.5	12.983600
28.800000	0.5	12.979000
28.808333	0.5	12.972400
28.816667	0.5	12.961000
28.825000	0.5	12.948700
28.833333	0.5	12.936700
28.841667	0.5	12.926700
28.850000	0.5	12.914600
28.858333	0.5	12.903950
28.866667	0.5	12.890150
28.875000	0.5	12.883800
28.883333	0.5	12.869150
28.891667	0.5	12.868550
28.900000	0.5	12.860750
28.908333	0.5	12.847350
28.916667	0.5	12.836300
28.925000	0.5	12.831350
28.933333	0.5	12.815900
28.941667	0.5	12.807000
28.950000	0.5	12.793250
28.958333	0.5	12.784400
28.966667	0.5	12.774550
28.975000	0.5	12.762150
28.983333	0.5	12.761750
28.991667	0.5	12.749750
29.000000	0.5	12.748850
29.008333	0.5	12.736950
29.016667	0.5	12.732450
29.025000	0.5	12.726100
29.033333	0.5	12.720500
29.041667	0.5	12.712600
29.050000	0.5	12.702450
29.058333	0.5	12.704500
29.066667	0.5	12.702750
29.075000	0.5	12.701800
29.083333	0.5	12.710300
29.091667	0.5	12.712300
29.100000	0.5	12.711100
29.108333	0.5	12.718500
29.116667	0.5	12.718600
29.125000	0.5	12.718650
29.133333	0.5	12.722850
29.141667	0.5	12.725100
29.150000	0.5	12.731600
29.158333	0.5	12.736250
29.166667	0.5	12.733900
29.175000	0.5	12.750200
29.183333	0.5	12.754400
29.191667	0.5	12.759200
29.200000	0.5	12.759500
29.208333	0.5	12.765950
29.216667	0.5	12.769200
29.225000	0.5	12.770400
29.233333	0.5	12.771050
29.241667	0.5	12.767000
29.250000	0.5	12.771300
29.258333	0.5	12.769700
29.266667	0.5	12.761650
29.275000	0.5	12.774050
29.283333	0.5	12.773550
29.291667	0.5	12.778150
29.300000	0.5	12.778550
29.308333	0.5	12.779050
29.316667	0.5	12.780000
29.325000	0.5	12.783450
29.333333	0.5	12.782550
29.341667	0.5	12.786550
29.350000	0.5	12.790100
29.358333	0.5	12.792500
29.366667	0.5	12.810450
29.375000	0.5	12.817000
29.383333	0.5	12.839050
29.391667	0.5	12.842900
29.400000	0.5	12.856900
29.408333	0.5	12.871700
29.416667	0.5	12.889050
29.425000	0.5	12.901150
29.433333	0.5	12.917450
29.441667	0.5	12.941950
29.450000	0.5	12.970050
29.458333	0.5	12.984150
29.466667	0.5	13.016350
29.475000	0.5	13.046600
29.483333	0.5	13.068800
29.491667	0.5	13.097900
29.500000	0.5	13.118950
29.508333	0.5	13.143350
29.516667	0.5	13.168800
29.525000	0.5	13.195850
29.533333	0.5	13.217150
29.541667	0.5	13.246700
29.550000	0.5	13.267450
29.558333	0.5	13.292350
29.566667	0.5	13.322850
29.575000	0.5	13.349500
29.583333	0.5	13.372100
29.591667	0.5	13.391150
29.600000	0.5	13.411600
29.608333	0.5	13.431150
29.616667	0.5	13.453400
29.625000	0.5	13.465850
29.633333	0.5	13.482700
29.641667	0.5	13.501100
29.650000	0.5	13.511200
29.658333	0.5	13.530600
29.666667	0.5	13.549550
29.675000	0.5	13.557200
29.683333	0.5	13.572800
29.691667	0.5	13.583650
29.700000	0.5	13.590500
29.708333	0.5	13.601000
29.716667	0.5	13.604750
29.725000	0.5	13.608700
29.733333	0.5	13.617200
29.741667	0.5	13.615200
29.750000	0.5	13.624600
29.758333	0.5	13.632850
29.766667	0.5	13.639050
29.775000	0.5	13.640250
29.783333	0.5	13.640750
29.791667	0.5	13.636750
29.800000	0.5	13.634100
29.808333	0.5	13.631350
29.816667	0.5	13.628800
29.825000	0.5	13.622250
29.833333	0.5	13.619550
29.841667	0.5	13.610650
29.850000	0.5	13.610250
29.858333	0.5	13.614400
29.866667	0.5	13.601600
29.875000	0.5	13.595900
29.883333	0.5	13.584800
29.891667	0.5	13.578500
29.900000	0.5	13.565050
29.908333	0.5	13.549550
29.916667	0.5	13.540450
29.925000	0.5	13.529400
29.933333	0.5	13.513050
29.941667	0.5	13.508300
29.950000	0.5	13.503400
29.958333	0.5	13.488450
29.966667	0.5	13.475250
29.975000	0.5	13.457100
29.983333	0.5	13.444100
29.991667	0.5	13.426750
30.000000	0.5	13.414050
30.008333	0.5	13.395050
30.016667	0.5	13.381750
30.025000	0.5	13.361600
30.033333	0.5	13.345650
30.041667	0.5	13.339000
30.050000	0.5	13.329250
30.058333	0.5	13.314800
30.066667	0.5	13.301600
30.075000	0.5	13.283250
30.083333	0.5	13.269200
30.091667	0.5	13.254950
30.100000	0.5	13.234700
30.108333	0.5	13.222300
30.116667	0.5	13.208050
30.125000	0.5	13.195950
30.133333	0.5	13.187750
30.141667	0.5	13.179900
30.150000	0.5	13.167300
30.158333	0.5	13.156750
30.166667	0.5	13.143850
30.175000	0.5	13.131650
30.183333	0.5	13.120900
30.191667	0.5	13.107500
30.200000	0.5	13.096200
30.208333	0.5	13.083950
30.216667	0.5	13.071850
30.225000	0.5	13.063500
30.233333	0.5	13.060800
30.241667	0.5	13.055300
30.250000	0.5	13.046000
30.258333	0.5	13.042150
30.266667	0.5	13.029800
30.275000	0.5	13.021600
30.283333	0.5	13.004100
30.291667	0.5	12.990000
30.300000	0.5	12.978050
30.308333	0.5	12.964200
30.316667	0.5	12.947800
30.325000	0.5	12.932700
30.333333	0.5	12.917750
30.341667	0.5	12.896200
30.350000	0.5	12.868450
30.358333	0.5	12.839600
30.366667	0.5	12.812400
30.375000	0.5	12.777450
30.383333	0.5	12.738550
30.391667	0.5	12.698400
30.400000	0.5	12.658850
30.408333	0.5	12.609750
30.416667	0.5	12.561500
30.425000	0.5	12.514800
30.433333	0.5	12.475900
30.441667	0.5	12.421700
30.450000	0.5	12.369850
30.458333	0.5	12.315200
30.466667	0.5	12.262650
30.475000	0.5	12.206550
30.483333	0.5	12.156050
30.491667	0.5	12.106200
30.500000	0.5	12.062550
30.508333	0.5	12.017000
30.516667	0.5	11.978350
30.525000	0.5	11.947200
30.533333	0.5	11.918800
30.541667	0.5	11.892500
30.550000	0.5	11.872700
30.558333	0.5	11.854950
30.566667	0.5	11.845950
30.575000	0.5	11.841650
30.583333	0.5	11.841700
30.591667	0.5	11.852200
30.600000	0.5	11.872900
30.608333	0.5	11.888500
30.616667	0.5	11.920550
30.625000	0.5	11.951600
30.633333	0.5	11.983300
30.641667	0.5	12.016750
30.650000	0.5	12.049800
30.658333	0.5	12.085050
30.666667	0.5	12.109300
30.675000	0.5	12.134800
30.683333	0.5	12.152600
30.691667	0.5	12.170450
30.700000	0.5	12.175100
30.708333	0.5	12.181600
30.716667	0.5	12.184750
30.725000	0.5	12.178600
30.733333	0.5	12.160550
30.741667	0.5	12.141050
30.750000	0.5	12.110450
30.758333	0.5	12.078700
30.766667	0.5	12.037800
30.775000	0.5	11.986300
30.783333	0.5	11.935600
30.791667	0.5	11.878000
30.800000	0.5	11.814200
30.808333	0.5	11.758150
30.816667	0.5	11.692750
30.825000	0.5	11.615550
30.833333	0.5	11.538850
30.841667	0.5	11.467600
30.850000	0.5	11.392350
30.858333	0.5	11.312100
30.866667	0.5	11.233500
30.875000	0.5	11.157300
30.883333	0.5	11.082450
30.891667	0.5	11.007950
30.900000	0.5	10.946800
30.908333	0.5	10.879850
30.916667	0.5	10.818950
30.925000	0.5	10.757750
30.933333	0.5	10.696900
30.941667	0.5	10.638750
30.950000	0.5	10.580700
30.958333	0.5	10.533900
30.966667	0.5	10.485250
30.975000	0.5	10.440750
30.983333	0.5	10.398150
30.991667	0.5	10.356700
31.000000	0.5	10.324700
31.008333	0.5	10.324300
31.016667	0.5	10.254650
31.025000	0.5	10.227800
31.033333	0.5	10.196200
31.041667	0.5	10.170950
31.050000	0.5	10.150000
31.058333	0.5	10.122950
31.066667	0.5	10.102750
31.075000	0.5	10.092150
31.083333	0.5	10.070900
31.091667	0.5	10.058850
31.100000	0.5	10.045800
31.108333	0.5	10.035750
31.116667	0.5	10.021950
31.125000	0.5	10.016650
31.133333	0.5	10.008600
31.141667	0.5	10.006050
31.150000	0.5	10.000050
31.158333	0.5	9.993100
31.166667	0.5	9.999050
31.175000	0.5	9.996800
31.183333	0.5	10.001450
31.191667	0.5	10.003300
31.200000	0.5	10.011050
31.208333	0.5	10.012300
31.216667	0.5	10.015000
31.225000	0.5	10.022900
31.233333	0.5	10.023850
31.241667	0.5	10.033000
31.250000	0.5	10.037200
31.258333	0.5	10.051300
31.266667	0.5	10.059800
31.275000	0.5	10.067200
31.283333	0.5	10.084650
31.291667	0.5	10.094250
31.300000	0.5	10.108850
31.308333	0.5	10.117000
31.316667	0.5	10.134100
31.325000	0.5	10.148350
31.333333	0.5	10.164000
31.341667	0.5	10.180300
31.350000	0.5	10.194450
31.358333	0.5	10.214150
31.366667	0.5	10.235800
31.375000	0.5	10.254850
31.383333	0.5	10.280650
31.391667	0.5	10.301900
31.400000	0.5	10.324550
31.408333	0.5	10.349400
31.416667	0.5	10.378050
31.425000	0.5	10.404700
31.433333	0.5	10.431700
31.441667	0.5	10.463200
31.450000	0.5	10.497500
31.458333	0.5	10.531250
31.466667	0.5	10.562150
31.475000	0.5	10.599750
31.483333	0.5	10.643450
31.491667	0.5	10.681450
31.500000	0.5	10.728450
31.508333	0.5	10.773600
31.516667	0.5	10.820950
31.525000	0.5	10.869600
31.533333	0.5	10.922850
31.541667	0.5	10.976850
31.550000	0.5	11.033450
31.558333	0.5	11.099550
31.566667	0.5	11.159600
31.575000	0.5	11.233650
31.583333	0.5	11.298200
31.591667	0.5	11.377550
31.600000	0.5	11.454100
31.608333	0.5	11.536150
31.616667	0.5	11.616050
31.625000	0.5	11.699550
31.633333	0.5	11.788050
31.641667	0.5	11.875550
31.650000	0.5	11.966500
31.658333	0.5	12.057950
31.666667	0.5	12.154550
31.675000	0.5	12.247750
31.683333	0.5	12.340450
31.691667	0.5	12.433150
31.700000	0.5	12.511650
31.708333	0.5	12.597800
31.716667	0.5	12.675650
31.725000	0.5	12.753850
31.733333	0.5	12.817400
31.741667	0.5	12.879050
31.750000	0.5	12.940000
31.758333	0.5	12.990600
31.766667	0.5	13.048900
31.775000	0.5	13.088600
31.783333	0.5	13.129550
31.791667	0.5	13.164800
31.800000	0.5	13.191850
31.808333	0.5	13.216550
31.816667	0.5	13.245050
31.825000	0.5	13.261400
31.833333	0.5	13.279300
31.841667	0.5	13.306100
31.850000	0.5	13.316400
31.858333	0.5	13.339550
31.866667	0.5	13.365300
31.875000	0.5	13.391950
31.883333	0.5	13.409900
31.891667	0.5	13.434450
31.900000	0.5	13.462050
31.908333	0.5	13.485800
31.916667	0.5	13.512200
31.925000	0.5	13.534100
31.933333	0.5	13.566650
31.941667	0.5	13.593950
31.950000	0.5	13.624850
31.958333	0.5	13.668150
31.966667	0.5	13.708800
31.975000	0.5	13.737400
31.983333	0.5	13.779400
31.991667	0.5	13.811700
32.000000	0.5	13.844300
32.008333	0.5	13.887350
32.016667	0.5	13.912100
32.025000	0.5	13.951250
32.033333	0.5	13.984450
32.041667	0.5	14.010350
32.050000	0.5	14.047450
32.058333	0.5	14.081800
32.066667	0.5	14.107550
32.075000	0.5	14.137150
32.083333	0.5	14.160550
32.091667	0.5	14.181500
32.100000	0.5	14.201700
32.108333	0.5	14.214300
32.116667	0.5	14.222100
32.125000	0.5	14.234550
32.133333	0.5	14.242250
32.141667	0.5	14.248650
32.150000	0.5	14.259100
32.158333	0.5	14.272200
32.166667	0.5	14.273450
32.175000	0.5	14.271850
32.183333	0.5	14.273550
32.191667	0.5	14.270650
32.200000	0.5	14.268550
32.208333	0.5	14.256950
32.216667	0.5	14.253550
32.225000	0.5	14.253800
32.233333	0.5	14.246800
32.241667	0.5	14.245100
32.250000	0.5	14.247400
32.258333	0.5	14.256850
32.266667	0.5	14.255900
32.275000	0.5	14.248150
32.283333	0.5	14.247550
32.291667	0.5	14.251850
32.300000	0.5	14.255400
32.308333	0.5	14.254050
32.316667	0.5	14.268500
32.325000	0.5	14.279300
32.333333	0.5	14.285150
32.341667	0.5	14.310650
32.350000	0.5	14.330550
32.358333	0.5	14.347400
32.366667	0.5	14.362100
32.375000	0.5	14.384900
32.383333	0.5	14.410200
32.391667	0.5	14.435850
32.400000	0.5	14.456250
32.408333	0.5	14.483150
32.416667	0.5	14.520700
32.425000	0.5	14.538900
32.433333	0.5	14.586450
32.441667	0.5	14.620950
32.450000	0.5	14.662000
32.458333	0.5	14.693550
32.466667	0.5	14.731650
32.475000	0.5	14.759800
32.483333	0.5	14.798350
32.491667	0.5	14.833300
32.500000	0.5	14.871700
32.508333	0.5	14.909250
32.516667	0.5	14.940550
32.525000	0.5	14.969950
32.533333	0.5	15.022000
32.541667	0.5	15.065000
32.550000	0.5	15.103200
32.558333	0.5	15.141450
32.566667	0.5	15.166150
32.575000	0.5	15.135400
32.583333	0.5	14.947000
32.591667	0.5	14.618550
32.600000	0.5	14.260950
32.608333	0.5	13.972200
32.616667	0.5	13.767200
32.625000	0.5	13.648800
32.633333	0.5	13.572400
32.641667	0.5	13.519000
32.650000	0.5	13.468850
32.658333	0.5	13.427600
32.666667	0.5	13.390400
32.675000	0.5	13.356350
32.683333	0.5	13.315350
32.691667	0.5	13.273100
32.700000	0.5	13.239950
32.708333	0.5	13.207700
32.716667	0.5	13.166400
32.725000	0.5	13.135200
32.733333	0.5	13.103650
32.741667	0.5	13.062000
32.750000	0.5	13.028550
32.758333	0.5	12.987600
32.766667	0.5	12.947900
32.775000	0.5	12.919950
32.783333	0.5	12.880000
32.791667	0.5	12.844650
32.800000	0.5	12.815250
32.808333	0.5	12.786300
32.816667	0.5	12.757400
32.825000	0.5	12.734100
32.833333	0.5	12.709850
32.841667	0.5	12.684550
32.850000	0.5	12.663700
32.858333	0.5	12.641850
32.866667	0.5	12.625250
32.875000	0.5	12.608300
32.883333	0.5	12.591800
32.891667	0.5	12.588650
32.900000	0.5	12.590950
32.908333	0.5	12.603300
32.916667	0.5	12.636550
32.925000	0.5	12.693200
32.933333	0.5	12.778750
32.941667	0.5	12.898200
32.950000	0.5	13.059700
32.958333	0.5	13.257300
32.966667	0.5	13.483650
32.975000	0.5	13.745600
32.983333	0.5	14.029400
32.991667	0.5	14.321450
33.000000	0.5	14.610150
33.008333	0.5	14.902300
33.016667	0.5	15.173200
33.025000	0.5	15.411000
33.033333	0.5	15.621200
33.041667	0.5	15.800450
33.050000	0.5	15.938450
33.058333	0.5	16.029950
33.066667	0.5	16.079350
33.075000	0.5	16.078250
33.083333	0.5	16.044900
33.091667	0.5	15.966500
33.100000	0.5	15.847850
33.108333	0.5	15.698750
33.116667	0.5	15.514750
33.125000	0.5	15.296400
33.133333	0.5	15.056000
33.141667	0.5	14.797550
33.150000	0.5	14.532400
33.158333	0.5	14.253400
33.166667	0.5	13.983450
33.175000	0.5	13.720100
33.183333	0.5	13.468150
33.191667	0.5	13.237050
33.200000	0.5	13.034700
33.208333	0.5	12.856700
33.216667	0.5	12.707500
33.225000	0.5	12.573550
33.233333	0.5	12.468050
33.241667	0.5	12.382050
33.250000	0.5	12.313650
33.258333	0.5	12.260300
33.266667	0.5	12.224600
33.275000	0.5	12.192550
33.283333	0.5	12.174250
33.291667	0.5	12.155200
33.300000	0.5	12.145200
33.308333	0.5	12.135300
33.316667	0.5	12.118950
33.325000	0.5	12.111400
33.333333	0.5	12.096800
33.341667	0.5	12.085950
33.350000	0.5	12.079250
33.358333	0.5	12.062000
33.366667	0.5	12.048200
33.375000	0.5	12.033500
33.383333	0.5	12.014250
33.391667	0.5	12.003650
33.400000	0.5	12.011100
33.408333	0.5	11.975400
33.416667	0.5	11.956500
33.425000	0.5	11.943850
33.433333	0.5	11.928350
33.441667	0.5	11.919400
33.450000	0.5	11.904700
33.458333	0.5	11.897300
33.466667	0.5	11.885700
33.475000	0.5	11.881450
33.483333	0.5	11.876800
33.491667	0.5	11.884100
33.500000	0.5	11.886350
33.508333	0.5	11.890250
33.516667	0.5	11.892950
33.525000	0.5	11.899550
33.533333	0.5	11.905750
33.541667	0.5	11.916050
33.550000	0.5	11.922450
33.558333	0.5	11.930300
33.566667	0.5	11.946900
33.575000	0.5	11.948700
33.583333	0.5	11.965400
33.591667	0.5	11.976250
33.600000	0.5	11.979400
33.608333	0.5	11.992400
33.616667	0.5	12.004400
33.625000	0.5	12.013350
33.633333	0.5	12.012550
33.641667	0.5	12.029050
33.650000	0.5	12.034900
33.658333	0.5	12.050750
33.666667	0.5	12.060250
33.675000	0.5	12.078250
33.683333	0.5	12.101600
33.691667	0.5	12.131100
33.700000	0.5	12.154550
33.708333	0.5	12.181350
33.716667	0.5	12.212650
33.725000	0.5	12.245700
33.733333	0.5	12.280200
33.741667	0.5	12.313450
33.750000	0.5	12.358300
33.758333	0.5	12.397250
33.766667	0.5	12.429200
33.775000	0.5	12.471150
33.783333	0.5	12.521500
33.791667	0.5	12.563200
33.800000	0.5	12.606350
33.808333	0.5	12.652150
33.816667	0.5	12.715700
33.825000	0.5	12.775650
33.833333	0.5	12.842300
33.841667	0.5	12.913500
33.850000	0.5	13.002400
33.858333	0.5	13.099450
33.866667	0.5	13.196700
33.875000	0.5	13.318000
33.883333	0.5	13.440300
33.891667	0.5	13.565550
33.900000	0.5	13.694050
33.908333	0.5	13.825100
33.916667	0.5	13.950450
33.925000	0.5	14.072950
33.933333	0.5	14.179250
33.941667	0.5	14.284450
33.950000	0.5	14.377450
33.958333	0.5	14.452950
33.966667	0.5	14.520250
33.975000	0.5	14.576850
33.983333	0.5	14.618400
33.991667	0.5	14.637800
34.000000	0.5	14.642800
34.008333	0.5	14.634750
34.016667	0.5	14.606700
34.025000	0.5	14.564850
34.033333	0.5	14.508150
34.041667	0.5	14.446800
34.050000	0.5	14.370000
34.058333	0.5	14.288650
34.066667	0.5	14.216000
34.075000	0.5	14.134250
34.083333	0.5	14.062350
34.091667	0.5	13.995850
34.100000	0.5	13.935450
34.108333	0.5	13.884800
34.116667	0.5	13.843650
34.125000	0.5	13.804600
34.133333	0.5	13.776400
34.141667	0.5	13.760400
34.150000	0.5	13.733150
34.158333	0.5	13.716550
34.166667	0.5	13.704200
34.175000	0.5	13.691200
34.183333	0.5	13.671250
34.191667	0.5	13.659500
34.200000	0.5	13.638200
34.208333	0.5	13.615850
34.216667	0.5	13.591500
34.225000	0.5	13.559550
34.233333	0.5	13.522400
34.241667	0.5	13.479900
34.250000	0.5	13.436600
34.258333	0.5	13.391100
34.266667	0.5	13.329950
34.275000	0.5	13.261300
34.283333	0.5	13.189950
34.291667	0.5	13.114850
34.300000	0.5	13.028050
34.308333	0.5	12.939200
34.316667	0.5	12.850250
34.325000	0.5	12.753850
34.333333	0.5	12.655350
34.341667	0.5	12.555150
34.350000	0.5	12.456400
34.358333	0.5	12.355250
34.366667	0.5	12.258750
34.375000	0.5	12.158250
34.383333	0.5	12.062600
34.391667	0.5	11.971550
34.400000	0.5	11.891750
34.408333	0.5	11.812150
34.416667	0.5	11.743450
34.425000	0.5	11.684050
34.433333	0.5	11.632850
34.441667	0.5	11.587700
34.450000	0.5	11.553600
34.458333	0.5	11.525300
34.466667	0.5	11.501250
34.475000	0.5	11.487850
34.483333	0.5	11.472600
34.491667	0.5	11.468950
34.500000	0.5	11.464700
34.508333	0.5	11.465800
34.516667	0.5	11.470150
34.525000	0.5	11.482500
34.533333	0.5	11.491850
34.541667	0.5	11.517800
34.550000	0.5	11.529600
34.558333	0.5	11.548500
34.566667	0.5	11.572850
34.575000	0.5	11.587800
34.583333	0.5	11.613250
34.591667	0.5	11.632100
34.600000	0.5	11.655400
34.608333	0.5	11.670700
34.616667	0.5	11.691100
34.625000	0.5	11.706200
34.633333	0.5	11.720700
34.641667	0.5	11.735550
34.650000	0.5	11.752100
34.658333	0.5	11.755700
34.666667	0.5	11.762050
34.675000	0.5	11.766950
34.683333	0.5	11.769500
34.691667	0.5	11.770300
34.700000	0.5	11.770100
34.708333	0.5	11.773900
34.716667	0.5	11.768700
34.725000	0.5	11.762450
34.733333	0.5	11.770500
34.741667	0.5	11.767700
34.750000	0.5	11.772900
34.758333	0.5	11.768300
34.766667	0.5	11.766600
34.775000	0.5	11.770300
34.783333	0.5	11.770900
34.791667	0.5	11.771000
34.800000	0.5	11.774400
34.808333	0.5	11.779050
34.816667	0.5	11.781250
34.825000	0.5	11.783550
34.833333	0.5	11.795150
34.841667	0.5	11.800100
34.850000	0.5	11.801200
34.858333	0.5	11.805150
34.866667	0.5	11.804150
34.875000	0.5	11.811100
34.883333	0.5	11.813800
34.891667	0.5	11.812000
34.900000	0.5	11.814650
34.908333	0.5	11.811700
34.916667	0.5	11.809600
34.925000	0.5	11.817450
34.933333	0.5	11.815650
34.941667	0.5	11.812900
34.950000	0.5	11.809550
34.958333	0.5	11.811700
34.966667	0.5	11.806950
34.975000	0.5	11.803400
34.983333	0.5	11.810300
34.991667	0.5	11.806000
35.000000	0.5	11.819200
35.008333	0.5	11.833100
35.016667	0.5	11.839800
35.025000	0.5	11.861900
35.033333	0.5	11.883900
35.041667	0.5	11.901050
35.050000	0.5	11.925200
35.058333	0.5	11.949850
35.066667	0.5	11.974300
35.075000	0.5	11.997300
35.083333	0.5	12.015300
35.091667	0.5	12.037150
35.100000	0.5	12.052650
35.108333	0.5	12.067150
35.116667	0.5	12.074500
35.125000	0.5	12.079400
35.133333	0.5	12.087700
35.141667	0.5	12.077150
35.150000	0.5	12.067000
35.158333	0.5	12.055650
35.166667	0.5	12.044500
35.175000	0.5	12.024450
35.183333	0.5	12.001050
35.191667	0.5	11.980250
35.200000	0.5	11.954000
35.208333	0.5	11.926750
35.216667	0.5	11.902800
35.225000	0.5	11.875300
35.233333	0.5	11.843600
35.241667	0.5	11.812850
35.250000	0.5	11.776800
35.258333	0.5	11.741850
35.266667	0.5	11.701250
35.275000	0.5	11.657150
35.283333	0.5	11.605850
35.291667	0.5	11.554800
35.300000	0.5	11.496400
35.308333	0.5	11.437800
35.316667	0.5	11.370900
35.325000	0.5	11.304000
35.333333	0.5	11.235600
35.341667	0.5	11.158150
35.350000	0.5	11.092050
35.358333	0.5	11.018900
35.366667	0.5	10.950050
35.375000	0.5	10.884350
35.383333	0.5	10.826600
35.391667	0.5	10.771850
35.400000	0.5	10.732200
35.408333	0.5	10.690950
35.416667	0.5	10.649250
35.425000	0.5	10.618350
35.433333	0.5	10.596300
35.441667	0.5	10.581700
35.450000	0.5	10.566700
35.458333	0.5	10.565950
35.466667	0.5	10.563700
35.475000	0.5	10.570900
35.483333	0.5	10.576800
35.491667	0.5	10.586550
35.500000	0.5	10.605050
35.508333	0.5	10.623100
35.516667	0.5	10.639050
35.525000	0.5	10.656850
35.533333	0.5	10.677650
35.541667	0.5	10.699850
35.550000	0.5	10.716400
35.558333	0.5	10.731500
35.566667	0.5	10.751350
35.575000	0.5	10.771650
35.583333	0.5	10.784200
35.591667	0.5	10.794750
35.600000	0.5	10.807050
35.608333	0.5	10.813200
35.616667	0.5	10.821900
35.625000	0.5	10.822550
35.633333	0.5	10.823400
35.641667	0.5	10.821750
35.650000	0.5	10.814600
35.658333	0.5	10.811750
35.666667	0.5	10.804400
35.675000	0.5	10.795950
35.683333	0.5	10.789350
35.691667	0.5	10.775500
35.700000	0.5	10.769850
35.708333	0.5	10.754650
35.716667	0.5	10.745200
35.725000	0.5	10.734200
35.733333	0.5	10.728500
35.741667	0.5	10.720100
35.750000	0.5	10.721800
35.758333	0.5	10.711600
35.766667	0.5	10.713400
35.775000	0.5	10.721200
35.783333	0.5	10.713200
35.791667	0.5	10.729800
35.800000	0.5	10.730550
35.808333	0.5	10.738050
35.816667	0.5	10.748100
35.825000	0.5	10.756750
35.833333	0.5	10.765200
35.841667	0.5	10.774950
35.850000	0.5	10.783900
35.858333	0.5	10.793550
35.866667	0.5	10.794800
35.875000	0.5	10.794600
35.883333	0.5	10.792050
35.891667	0.5	10.787550
35.900000	0.5	10.777350
35.908333	0.5	10.754000
35.916667	0.5	10.730300
35.925000	0.5	10.701050
35.933333	0.5	10.664750
35.941667	0.5	10.627350
35.950000	0.5	10.581250
35.958333	0.5	10.539200
35.966667	0.5	10.486550
35.975000	0.5	10.440150
35.983333	0.5	10.390900
35.991667	0.5	10.342600
36.000000	0.5	10.290750
36.008333	0.5	10.244650
36.016667	0.5	10.201250
36.025000	0.5	10.155950
36.033333	0.5	10.118650
36.041667	0.5	10.090050
36.050000	0.5	10.055700
36.058333	0.5	10.039400
36.066667	0.5	10.002850
36.075000	0.5	9.990400
36.083333	0.5	9.979500
36.091667	0.5	9.968650
36.100000	0.5	9.964750
36.108333	0.5	9.961300
36.116667	0.5	9.963650
36.125000	0.5	9.973100
36.133333	0.5	9.980600
36.141667	0.5	9.990350
36.150000	0.5	10.014750
36.158333	0.5	10.029750
36.166667	0.5	10.052000
36.175000	0.5	10.085450
36.183333	0.5	10.114950
36.191667	0.5	10.141400
36.200000	0.5	10.182200
36.208333	0.5	10.217350
36.216667	0.5	10.253400
36.225000	0.5	10.294250
36.233333	0.5	10.335150
36.241667	0.5	10.372500
36.250000	0.5	10.415650
36.258333	0.5	10.447700
36.266667	0.5	10.491550
36.275000	0.5	10.530750
36.283333	0.5	10.563650
36.291667	0.5	10.587500
36.300000	0.5	10.614800
36.308333	0.5	10.632900
36.316667	0.5	10.644450
36.325000	0.5	10.655950
36.333333	0.5	10.664250
36.341667	0.5	10.671100
36.350000	0.5	10.666300
36.358333	0.5	10.658850
36.366667	0.5	10.658450
36.375000	0.5	10.641650
36.383333	0.5	10.631700
36.391667	0.5	10.616450
36.400000	0.5	10.598100
36.408333	0.5	10.579100
36.416667	0.5	10.559900
36.425000	0.5	10.543450
36.433333	0.5	10.519600
36.441667	0.5	10.504000
36.450000	0.5	10.480250
36.458333	0.5	10.469600
36.466667	0.5	10.446400
36.475000	0.5	10.432600
36.483333	0.5	10.415350
36.491667	0.5	10.400300
36.500000	0.5	10.384750
36.508333	0.5	10.373250
36.516667	0.5	10.358600
36.525000	0.5	10.347200
36.533333	0.5	10.335400
36.541667	0.5	10.328800
36.550000	0.5	10.318750
36.558333	0.5	10.312850
36.566667	0.5	10.309250
36.575000	0.5	10.296950
36.583333	0.5	10.292400
36.591667	0.5	10.286350
36.600000	0.5	10.280800
36.608333	0.5	10.280100
36.616667	0.5	10.274500
36.625000	0.5	10.268600
36.633333	0.5	10.267800
36.641667	0.5	10.257000
36.650000	0.5	10.257550
36.658333	0.5	10.263150
36.666667	0.5	10.255200
36.675000	0.5	10.250950
36.683333	0.5	10.249100
36.691667	0.5	10.243400
36.700000	0.5	10.242350
36.708333	0.5	10.235750
36.716667	0.5	10.234950
36.725000	0.5	10.230950
36.733333	0.5	10.228300
36.741667	0.5	10.220950
36.750000	0.5	10.223400
36.758333	0.5	10.221300
36.766667	0.5	10.217650
36.775000	0.5	10.216750
36.783333	0.5	10.212250
36.791667	0.5	10.211550
36.800000	0.5	10.213100
36.808333	0.5	10.209850
36.816667	0.5	10.205750
36.825000	0.5	10.206850
36.833333	0.5	10.212400
36.841667	0.5	10.219700
36.850000	0.5	10.228950
36.858333	0.5	10.237200
36.866667	0.5	10.254500
36.875000	0.5	10.273550
36.883333	0.5	10.296400
36.891667	0.5	10.322800
36.900000	0.5	10.357250
36.908333	0.5	10.393600
36.916667	0.5	10.439300
36.925000	0.5	10.488350
36.933333	0.5	10.548550
36.941667	0.5	10.614000
36.950000	0.5	10.685750
36.958333	0.5	10.756100
36.966667	0.5	10.829350
36.975000	0.5	10.907550
36.983333	0.5	10.984100
36.991667	0.5	11.054850
37.000000	0.5	11.121350
37.008333	0.5	11.188800
37.016667	0.5	11.249200
37.025000	0.5	11.299500
37.033333	0.5	11.344650
37.041667	0.5	11.376750
37.050000	0.5	11.402100
37.058333	0.5	11.412850
37.066667	0.5	11.417300
37.075000	0.5	11.414050
37.083333	0.5	11.402700
37.091667	0.5	11.375000
37.100000	0.5	11.343850
37.108333	0.5	11.312050
37.116667	0.5	11.276250
37.125000	0.5	11.237500
37.133333	0.5	11.199300
37.141667	0.5	11.162300
37.150000	0.5	11.124250
37.158333	0.5	11.081150
37.166667	0.5	11.049700
37.175000	0.5	11.026850
37.183333	0.5	10.999150
37.191667	0.5	10.983700
37.200000	0.5	10.973750
37.208333	0.5	10.963550
37.216667	0.5	10.964950
37.225000	0.5	10.977550
37.233333	0.5	10.997350
37.241667	0.5	11.025850
37.250000	0.5	11.053350
37.258333	0.5	11.097800
37.266667	0.5	11.147050
37.275000	0.5	11.204300
37.283333	0.5	11.263400
37.291667	0.5	11.326000
37.300000	0.5	11.395900
37.308333	0.5	11.473200
37.316667	0.5	11.544900
37.325000	0.5	11.619350
37.333333	0.5	11.695950
37.341667	0.5	11.767950
37.350000	0.5	11.837550
37.358333	0.5	11.914800
37.366667	0.5	11.983050
37.375000	0.5	12.056050
37.383333	0.5	12.109400
37.391667	0.5	12.169050
37.400000	0.5	12.224550
37.408333	0.5	12.267750
37.416667	0.5	12.320050
37.425000	0.5	12.354150
37.433333	0.5	12.385400
37.441667	0.5	12.405650
37.450000	0.5	12.414300
37.458333	0.5	12.424600
37.466667	0.5	12.428000
37.475000	0.5	12.420250
37.483333	0.5	12.410550
37.491667	0.5	12.384700
37.500000	0.5	12.356050
37.508333	0.5	12.314800
37.516667	0.5	12.272050
37.525000	0.5	12.219950
37.533333	0.5	12.153350
37.541667	0.5	12.081700
37.550000	0.5	12.003300
37.558333	0.5	11.916400
37.566667	0.5	11.827300
37.575000	0.5	11.725450
37.583333	0.5	11.627000
37.591667	0.5	11.522300
37.600000	0.5	11.416900
37.608333	0.5	11.314050
37.616667	0.5	11.206650
37.625000	0.5	11.104150
37.633333	0.5	11.006200
37.641667	0.5	10.911300
37.650000	0.5	10.819650
37.658333	0.5	10.739900
37.666667	0.5	10.672450
37.675000	0.5	10.607250
37.683333	0.5	10.558400
37.691667	0.5	10.516550
37.700000	0.5	10.476250
37.708333	0.5	10.449900
37.716667	0.5	10.426550
37.725000	0.5	10.412000
37.733333	0.5	10.403150
37.741667	0.5	10.398800
37.750000	0.5	10.393150
37.758333	0.5	10.396700
37.766667	0.5	10.405700
37.775000	0.5	10.425300
37.783333	0.5	10.436600
37.791667	0.5	10.457050
37.800000	0.5	10.487900
37.808333	0.5	10.518250
37.816667	0.5	10.565300
37.825000	0.5	10.610100
37.833333	0.5	10.660950
37.841667	0.5	10.726200
37.850000	0.5	10.796100
37.858333	0.5	10.886800
37.866667	0.5	10.973100
37.875000	0.5	11.076350
37.883333	0.5	11.184800
37.891667	0.5	11.314100
37.900000	0.5	11.445300
37.908333	0.5	11.579100
37.916667	0.5	11.714850
37.925000	0.5	11.866350
37.933333	0.5	12.009400
37.941667	0.5	12.159450
37.950000	0.5	12.295300
37.958333	0.5	12.427900
37.966667	0.5	12.558450
37.975000	0.5	12.676550
37.983333	0.5	12.790600
37.991667	0.5	12.892200
38.000000	0.5	12.984600
38.008333	0.5	13.065300
38.016667	0.5	13.121750
38.025000	0.5	13.184250
38.033333	0.5	13.231150
38.041667	0.5	13.269600
38.050000	0.5	13.296400
38.058333	0.5	13.320700
38.066667	0.5	13.342900
38.075000	0.5	13.353300
38.083333	0.5	13.360500
38.091667	0.5	13.368950
38.100000	0.5	13.363200
38.108333	0.5	13.353200
38.116667	0.5	13.346550
38.125000	0.5	13.332100
38.133333	0.5	13.311900
38.141667	0.5	13.295200
38.150000	0.5	13.269850
38.158333	0.5	13.239800
38.166667	0.5	13.206400
38.175000	0.5	13.164550
38.183333	0.5	13.126100
38.191667	0.5	13.077400
38.200000	0.5	13.021550
38.208333	0.5	12.963350
38.216667	0.5	12.900700
38.225000	0.5	12.833350
38.233333	0.5	12.761950
38.241667	0.5	12.679900
38.250000	0.5	12.600400
38.258333	0.5	12.521400
38.266667	0.5	12.436250
38.275000	0.5	12.341850
38.283333	0.5	12.257400
38.291667	0.5	12.169950
38.300000	0.5	12.085250
38.308333	0.5	11.985350
38.316667	0.5	11.894750
38.325000	0.5	11.805050
38.333333	0.5	11.718100
38.341667	0.5	11.642350
38.350000	0.5	11.569500
38.358333	0.5	11.495750
38.366667	0.5	11.431900
38.375000	0.5	11.379050
38.383333	0.5	11.335700
38.391667	0.5	11.303950
38.400000	0.5	11.277850
38.408333	0.5	11.268350
38.416667	0.5	11.257350
38.425000	0.5	11.263300
38.433333	0.5	11.270000
38.441667	0.5	11.291400
38.450000	0.5	11.314550
38.458333	0.5	11.347550
38.466667	0.5	11.374000
38.475000	0.5	11.410550
38.483333	0.5	11.445800
38.491667	0.5	11.475950
38.500000	0.5	11.510850
38.508333	0.5	11.539100
38.516667	0.5	11.568650
38.525000	0.5	11.588300
38.533333	0.5	11.597350
38.541667	0.5	11.611650
38.550000	0.5	11.622650
38.558333	0.5	11.618750
38.566667	0.5	11.620300
38.575000	0.5	11.611700
38.583333	0.5	11.603500
38.591667	0.5	11.585450
38.600000	0.5	11.569450
38.608333	0.5	11.534850
38.616667	0.5	11.513150
38.625000	0.5	11.483250
38.633333	0.5	11.456950
38.641667	0.5	11.419250
38.650000	0.5	11.392350
38.658333	0.5	11.363000
38.666667	0.5	11.329100
38.675000	0.5	11.297700
38.683333	0.5	11.264450
38.691667	0.5	11.232150
38.700000	0.5	11.204300
38.708333	0.5	11.173350
38.716667	0.5	11.144900
38.725000	0.5	11.117650
38.733333	0.5	11.096350
38.741667	0.5	11.068500
38.750000	0.5	11.045700
38.758333	0.5	11.020200
38.766667	0.5	10.996950
38.775000	0.5	10.970100
38.783333	0.5	10.945300
38.791667	0.5	10.919950
38.800000	0.5	10.895450
38.808333	0.5	10.869400
38.816667	0.5	10.846700
38.825000	0.5	10.824200
38.833333	0.5	10.795800
38.841667	0.5	10.771000
38.850000	0.5	10.745250
38.858333	0.5	10.732300
38.866667	0.5	10.705800
38.875000	0.5	10.685950
38.883333	0.5	10.666700
38.891667	0.5	10.645500
38.900000	0.5	10.630300
38.908333	0.5	10.617250
38.916667	0.5	10.602500
38.925000	0.5	10.596150
38.933333	0.5	10.581950
38.941667	0.5	10.567850
38.950000	0.5	10.567150
38.958333	0.5	10.565550
38.966667	0.5	10.558700
38.975000	0.5	10.556500
38.983333	0.5	10.559750
38.991667	0.5	10.551700
39.000000	0.5	10.546150
39.008333	0.5	10.549150
39.016667	0.5	10.548750
39.025000	0.5	10.553750
39.033333	0.5	10.544250
39.041667	0.5	10.551750
39.050000	0.5	10.554000
39.058333	0.5	10.560450
39.066667	0.5	10.546450
39.075000	0.5	10.544750
39.083333	0.5	10.545250
39.091667	0.5	10.540650
39.100000	0.5	10.540750
39.108333	0.5	10.536950
39.116667	0.5	10.534300
39.125000	0.5	10.530650
39.133333	0.5	10.523200
39.141667	0.5	10.523400
39.150000	0.5	10.522700
39.158333	0.5	10.515500
39.166667	0.5	10.515400
39.175000	0.5	10.506650
39.183333	0.5	10.504550
39.191667	0.5	10.492800
39.200000	0.5	10.485500
39.208333	0.5	10.476600
39.216667	0.5	10.475350
39.225000	0.5	10.466850
39.233333	0.5	10.463600
39.241667	0.5	10.462900
39.250000	0.5	10.459000
39.258333	0.5	10.455300
39.266667	0.5	10.450450
39.275000	0.5	10.446300
39.283333	0.5	10.439550
39.291667	0.5	10.429700
39.300000	0.5	10.430350
39.308333	0.5	10.427550
39.316667	0.5	10.424700
39.325000	0.5	10.424300
39.333333	0.5	10.424700
39.341667	0.5	10.422250
39.350000	0.5	10.407900
39.358333	0.5	10.405650
39.366667	0.5	10.398850
39.375000	0.5	10.390050
39.383333	0.5	10.385250
39.391667	0.5	10.381050
39.400000	0.5	10.376050
39.408333	0.5	10.364850
39.416667	0.5	10.360650
39.425000	0.5	10.350900
39.433333	0.5	10.335700
39.441667	0.5	10.332250
39.450000	0.5	10.317650
39.458333	0.5	10.313650
39.466667	0.5	10.295750
39.475000	0.5	10.288600
39.483333	0.5	10.273250
39.491667	0.5	10.265100
39.500000	0.5	10.254550
39.508333	0.5	10.256150
39.516667	0.5	10.232150
39.525000	0.5	10.229700
39.533333	0.5	10.218650
39.541667	0.5	10.216250
39.550000	0.5	10.214350
39.558333	0.5	10.195300
39.566667	0.5	10.188700
39.575000	0.5	10.180700
39.583333	0.5	10.167450
39.591667	0.5	10.164900
39.600000	0.5	10.159150
39.608333	0.5	10.154050
39.616667	0.5	10.148850
39.625000	0.5	10.146450
39.633333	0.5	10.139400
39.641667	0.5	10.136950
39.650000	0.5	10.133200
39.658333	0.5	10.126400
39.666667	0.5	10.123200
39.675000	0.5	10.123150
39.683333	0.5	10.118300
39.691667	0.5	10.122800
39.700000	0.5	10.125250
39.708333	0.5	10.121700
39.716667	0.5	10.132650
39.725000	0.5	10.133850
39.733333	0.5	10.140850
39.741667	0.5	10.142800
39.750000	0.5	10.146850
39.758333	0.5	10.150450
39.766667	0.5	10.162850
39.775000	0.5	10.164650
39.783333	0.5	10.168700
39.791667	0.5	10.181600
39.800000	0.5	10.190250
39.808333	0.5	10.193050
39.816667	0.5	10.203900
39.825000	0.5	10.214500
39.833333	0.5	10.224200
39.841667	0.5	10.230550
39.850000	0.5	10.239600
39.858333	0.5	10.251300
39.866667	0.5	10.267450
39.875000	0.5	10.277350
39.883333	0.5	10.295600
39.891667	0.5	10.317750
39.900000	0.5	10.342650
39.908333	0.5	10.382650
39.916667	0.5	10.430700
39.925000	0.5	10.485600
39.933333	0.5	10.551600
39.941667	0.5	10.635150
39.950000	0.5	10.725500
39.958333	0.5	10.823550
39.966667	0.5	10.944050
39.975000	0.5	11.062600
39.983333	0.5	11.184700
39.991667	0.5	11.320850
40.000000	0.5	11.454750
40.008333	0.5	11.590200
40.016667	0.5	11.725550
40.025000	0.5	11.860500
40.033333	0.5	11.989500
40.041667	0.5	12.117850
40.050000	0.5	12.244500
40.058333	0.5	12.362500
40.066667	0.5	12.472200
40.075000	0.5	12.580850
40.083333	0.5	12.674400
40.091667	0.5	12.767350
40.100000	0.5	12.848750
40.108333	0.5	12.925750
40.116667	0.5	12.987400
40.125000	0.5	13.040850
40.133333	0.5	13.084550
40.141667	0.5	13.118900
40.150000	0.5	13.146400
40.158333	0.5	13.168100
40.166667	0.5	13.177600
40.175000	0.5	13.175000
40.183333	0.5	13.164600
40.191667	0.5	13.146800
40.200000	0.5	13.117750
40.208333	0.5	13.087550
40.216667	0.5	13.046400
40.225000	0.5	12.990950
40.233333	0.5	12.929650
40.241667	0.5	12.861050
40.250000	0.5	12.787350
40.258333	0.5	12.699850
40.266667	0.5	12.609400
40.275000	0.5	12.511450
40.283333	0.5	12.412700
40.291667	0.5	12.306300
40.300000	0.5	12.196600
40.308333	0.5	12.081200
40.316667	0.5	11.964500
40.325000	0.5	11.843250
40.333333	0.5	11.722900
40.341667	0.5	11.611950
40.350000	0.5	11.497500
40.358333	0.5	11.389900
40.366667	0.5	11.286700
40.375000	0.5	11.192050
40.383333	0.5	11.106150
40.391667	0.5	11.037050
40.400000	0.5	10.964700
40.408333	0.5	10.898900
40.416667	0.5	10.851950
40.425000	0.5	10.800050
40.433333	0.5	10.757450
40.441667	0.5	10.728850
40.450000	0.5	10.692100
40.458333	0.5	10.661150
40.466667	0.5	10.638800
40.475000	0.5	10.610500
40.483333	0.5	10.594050
40.491667	0.5	10.574850
40.500000	0.5	10.547150
40.508333	0.5	10.531500
40.516667	0.5	10.509250
40.525000	0.5	10.477300
40.533333	0.5	10.452250
40.541667	0.5	10.426650
40.550000	0.5	10.405450
40.558333	0.5	10.375350
40.566667	0.5	10.348900
40.575000	0.5	10.321650
40.583333	0.5	10.294800
40.591667	0.5	10.264750
40.600000	0.5	10.233850
40.608333	0.5	10.207550
40.616667	0.5	10.176000
40.625000	0.5	10.151550
40.633333	0.5	10.126750
40.641667	0.5	10.099100
40.650000	0.5	10.084900
40.658333	0.5	10.070300
40.666667	0.5	10.051300
40.675000	0.5	10.044400
40.683333	0.5	10.033950
40.691667	0.5	10.021300
40.700000	0.5	10.016400
40.708333	0.5	10.013200
40.716667	0.5	10.017000
40.725000	0.5	10.021750
40.733333	0.5	10.019100
40.741667	0.5	10.031800
40.750000	0.5	10.048800
40.758333	0.5	10.060100
40.766667	0.5	10.081650
40.775000	0.5	10.100950
40.783333	0.5	10.119250
40.791667	0.5	10.139500
40.800000	0.5	10.160650
40.808333	0.5	10.180350
40.816667	0.5	10.200950
40.825000	0.5	10.223800
40.833333	0.5	10.242350
40.841667	0.5	10.262100
40.850000	0.5	10.288050
40.858333	0.5	10.305200
40.866667	0.5	10.331050
40.875000	0.5	10.350050
40.883333	0.5	10.372200
40.891667	0.5	10.399800
40.900000	0.5	10.430100
40.908333	0.5	10.469300
40.916667	0.5	10.509600
40.925000	0.5	10.563450
40.933333	0.5	10.629850
40.941667	0.5	10.708050
40.950000	0.5	10.798800
40.958333	0.5	10.908100
40.966667	0.5	11.025850
40.975000	0.5	11.159400
40.983333	0.5	11.305350
40.991667	0.5	11.468800
41.000000	0.5	11.630450
41.008333	0.5	11.801550
41.016667	0.5	11.978200
41.025000	0.5	12.154700
41.033333	0.5	12.323600
41.041667	0.5	12.494550
41.050000	0.5	12.649700
41.058333	0.5	12.811250
41.066667	0.5	12.948300
41.075000	0.5	13.073600
41.083333	0.5	13.196700
41.091667	0.5	13.305200
41.100000	0.5	13.400800
41.108333	0.5	13.488500
41.116667	0.5	13.565650
41.125000	0.5	13.626300
41.133333	0.5	13.682450
41.141667	0.5	13.727800
41.150000	0.5	13.772250
41.158333	0.5	13.806050
41.166667	0.5	13.840950
41.175000	0.5	13.851350
41.183333	0.5	13.866250
41.191667	0.5	13.876450
41.200000	0.5	13.880850
41.208333	0.5	13.883150
41.216667	0.5	13.886400
41.225000	0.5	13.886550
41.233333	0.5	13.876450
41.241667	0.5	13.869450
41.250000	0.5	13.864200
41.258333	0.5	13.856250
41.266667	0.5	13.832600
41.275000	0.5	13.819550
41.283333	0.5	13.797100
41.291667	0.5	13.779500
41.300000	0.5	13.749850
41.308333	0.5	13.723000
41.316667	0.5	13.697950
41.325000	0.5	13.663600
41.333333	0.5	13.632200
41.341667	0.5	13.595550
41.350000	0.5	13.561200
41.358333	0.5	13.517650
41.366667	0.5	13.472900
41.375000	0.5	13.434750
41.383333	0.5	13.386300
41.391667	0.5	13.339900
41.400000	0.5	13.292500
41.408333	0.5	13.237900
41.416667	0.5	13.196400
41.425000	0.5	13.145750
41.433333	0.5	13.102400
41.441667	0.5	13.054750
41.450000	0.5	13.008700
41.458333	0.5	12.966050
41.466667	0.5	12.927350
41.475000	0.5	12.893600
41.483333	0.5	12.854900
41.491667	0.5	12.825950
41.500000	0.5	12.804800
41.508333	0.5	12.789300
41.516667	0.5	12.773900
41.525000	0.5	12.766900
41.533333	0.5	12.764200
41.541667	0.5	12.759950
41.550000	0.5	12.769600
41.558333	0.5	12.775450
41.566667	0.5	12.787700
41.575000	0.5	12.793150
41.583333	0.5	12.807600
41.591667	0.5	12.820750
41.600000	0.5	12.834300
41.608333	0.5	12.847000
41.616667	0.5	12.853450
41.625000	0.5	12.861400
41.633333	0.5	12.872250
41.641667	0.5	12.870700
41.650000	0.5	12.871650
41.658333	0.5	12.866500
41.666667	0.5	12.850900
41.675000	0.5	12.843250
41.683333	0.5	12.827900
41.691667	0.5	12.808800
41.700000	0.5	12.779200
41.708333	0.5	12.748750
41.716667	0.5	12.714300
41.725000	0.5	12.680750
41.733333	0.5	12.631000
41.741667	0.5	12.583500
41.750000	0.5	12.525300
41.758333	0.5	12.461400
41.766667	0.5	12.399600
41.775000	0.5	12.325700
41.783333	0.5	12.253700
41.791667	0.5	12.173700
41.800000	0.5	12.090200
41.808333	0.5	12.004350
41.816667	0.5	11.913050
41.825000	0.5	11.822550
41.833333	0.5	11.728600
41.841667	0.5	11.626050
41.850000	0.5	11.525950
41.858333	0.5	11.424550
41.866667	0.5	11.320550
41.875000	0.5	11.218350
41.883333	0.5	11.119150
41.891667	0.5	11.019500
41.900000	0.5	10.923300
41.908333	0.5	10.823500
41.916667	0.5	10.727300
41.925000	0.5	10.640350
41.933333	0.5	10.550050
41.941667	0.5	10.454350
41.950000	0.5	10.369000
41.958333	0.5	10.282950
41.966667	0.5	10.199450
41.975000	0.5	10.121000
41.983333	0.5	10.052050
41.991667	0.5	9.967750
42.000000	0.5	9.901750
42.008333	0.5	9.826550
42.016667	0.5	9.765900
42.025000	0.5	9.699250
42.033333	0.5	9.641200
42.041667	0.5	9.584500
42.050000	0.5	9.524700
42.058333	0.5	9.474250
42.066667	0.5	9.422700
42.075000	0.5	9.378350
42.083333	0.5	9.335850
42.091667	0.5	9.299950
42.100000	0.5	9.258000
42.108333	0.5	9.226200
42.116667	0.5	9.200200
42.125000	0.5	9.169100
42.133333	0.5	9.142050
42.141667	0.5	9.117300
42.150000	0.5	9.099250
42.158333	0.5	9.082000
42.166667	0.5	9.064450
42.175000	0.5	9.042050
42.183333	0.5	9.029950
42.191667	0.5	9.018600
42.200000	0.5	9.013050
42.208333	0.5	9.005150
42.216667	0.5	8.998500
42.225000	0.5	8.990000
42.233333	0.5	8.986000
42.241667	0.5	8.985400
42.250000	0.5	8.975850
42.258333	0.5	8.975000
42.266667	0.5	8.972350
42.275000	0.5	8.970950
42.283333	0.5	8.974100
42.291667	0.5	8.975550
42.300000	0.5	8.977500
42.308333	0.5	8.981500
42.316667	0.5	8.987450
42.325000	0.5	8.989350
42.333333	0.5	8.992550
42.341667	0.5	9.002550
42.350000	0.5	9.013050
42.358333	0.5	9.023700
42.366667	0.5	9.019950
42.375000	0.5	9.031850
42.383333	0.5	9.044900
42.391667	0.5	9.049300
42.400000	0.5	9.062450
42.408333	0.5	9.070450
42.416667	0.5	9.080800
42.425000	0.5	9.085300
42.433333	0.5	9.102450
42.441667	0.5	9.117500
42.450000	0.5	9.120100
42.458333	0.5	9.130250
42.466667	0.5	9.139450
42.475000	0.5	9.145250
42.483333	0.5	9.157100
42.491667	0.5	9.160700
42.500000	0.5	9.175000
42.508333	0.5	9.177100
42.516667	0.5	9.179800
42.525000	0.5	9.184800
42.533333	0.5	9.189250
42.541667	0.5	9.191050
42.550000	0.5	9.198450
42.558333	0.5	9.199800
42.566667	0.5	9.209950
42.575000	0.5	9.212900
42.583333	0.5	9.220400
42.591667	0.5	9.232500
42.600000	0.5	9.237900
42.608333	0.5	9.253800
42.616667	0.5	9.272350
42.625000	0.5	9.281500
42.633333	0.5	9.293200
42.641667	0.5	9.315050
42.650000	0.5	9.342500
42.658333	0.5	9.365900
42.666667	0.5	9.390350
42.675000	0.5	9.424250
42.683333	0.5	9.459350
42.691667	0.5	9.506500
42.700000	0.5	9.560650
42.708333	0.5	9.609500
42.716667	0.5	9.670050
42.725000	0.5	9.737400
42.733333	0.5	9.821550
42.741667	0.5	9.914250
42.750000	0.5	10.014400
42.758333	0.5	10.143800
42.766667	0.5	10.280000
42.775000	0.5	10.423450
42.783333	0.5	10.590850
42.791667	0.5	10.770800
42.800000	0.5	10.955150
42.808333	0.5	11.148850
42.816667	0.5	11.352150
42.825000	0.5	11.548450
42.833333	0.5	11.752550
42.841667	0.5	11.953700
42.850000	0.5	12.142800
42.858333	0.5	12.321200
42.866667	0.5	12.495550
42.875000	0.5	12.664900
42.883333	0.5	12.826850
42.891667	0.5	12.986050
42.900000	0.5	13.124550
42.908333	0.5	13.248250
42.916667	0.5	13.366100
42.925000	0.5	13.474150
42.933333	0.5	13.569600
42.941667	0.5	13.655300
42.950000	0.5	13.728250
42.958333	0.5	13.792400
42.966667	0.5	13.840800
42.975000	0.5	13.884600
42.983333	0.5	13.909650
42.991667	0.5	13.927400
43.000000	0.5	13.936200
43.008333	0.5	13.930800
43.016667	0.5	13.917650
43.025000	0.5	13.899500
43.033333	0.5	13.865250
43.041667	0.5	13.822800
43.050000	0.5	13.769300
43.058333	0.5	13.703500
43.066667	0.5	13.628150
43.075000	0.5	13.547700
43.083333	0.5	13.458800
43.091667	0.5	13.357400
43.100000	0.5	13.245600
43.108333	0.5	13.125400
43.116667	0.5	12.991650
43.125000	0.5	12.857250
43.133333	0.5	12.709450
43.141667	0.5	12.561450
43.150000	0.5	12.401150
43.158333	0.5	12.243500
43.166667	0.5	12.084850
43.175000	0.5	11.913250
43.183333	0.5	11.750700
43.191667	0.5	11.594000
43.200000	0.5	11.426800
43.208333	0.5	11.271450
43.216667	0.5	11.121650
43.225000	0.5	10.988500
43.233333	0.5	10.860550
43.241667	0.5	10.747900
43.250000	0.5	10.643050
43.258333	0.5	10.547000
43.266667	0.5	10.470100
43.275000	0.5	10.401400
43.283333	0.5	10.348250
43.291667	0.5	10.286550
43.300000	0.5	10.250400
43.308333	0.5	10.218950
43.316667	0.5	10.192850
43.325000	0.5	10.181750
43.333333	0.5	10.177250
43.341667	0.5	10.171000
43.350000	0.5	10.163450
43.358333	0.5	10.174550
43.366667	0.5	10.174450
43.375000	0.5	10.182700
43.383333	0.5	10.187150
43.391667	0.5	10.191200
43.400000	0.5	10.197150
43.408333	0.5	10.203850
43.416667	0.5	10.205050
43.425000	0.5	10.201750
43.433333	0.5	10.205550
43.441667	0.5	10.197150
43.450000	0.5	10.195950
43.458333	0.5	10.187350
43.466667	0.5	10.179300
43.475000	0.5	10.162650
43.483333	0.5	10.150950
43.491667	0.5	10.125800
43.500000	0.5	10.113500
43.508333	0.5	10.097950
43.516667	0.5	10.073400
43.525000	0.5	10.052600
43.533333	0.5	10.030500
43.541667	0.5	10.006250
43.550000	0.5	9.994200
43.558333	0.5	9.981200
43.566667	0.5	9.954150
43.575000	0.5	9.934050
43.583333	0.5	9.912850
43.591667	0.5	9.900450
43.600000	0.5	9.883100
43.608333	0.5	9.871600
43.616667	0.5	9.855200
43.625000	0.5	9.841600
43.633333	0.5	9.842750
43.641667	0.5	9.831900
43.650000	0.5	9.825000
43.658333	0.5	9.823300
43.666667	0.5	9.817100
43.675000	0.5	9.823700
43.683333	0.5	9.821050
43.691667	0.5	9.821000
43.700000	0.5	9.826350
43.708333	0.5	9.826900
43.716667	0.5	9.840650
43.725000	0.5	9.854000
43.733333	0.5	9.861150
43.741667	0.5	9.882450
43.750000	0.5	9.899250
43.758333	0.5	9.915600
43.766667	0.5	9.926600
43.775000	0.5	9.950000
43.783333	0.5	9.964700
43.791667	0.5	9.988050
43.800000	0.5	10.012550
43.808333	0.5	10.023350
43.816667	0.5	10.041850
43.825000	0.5	10.054200
43.833333	0.5	10.074200
43.841667	0.5	10.089450
43.850000	0.5	10.111900
43.858333	0.5	10.121100
43.866667	0.5	10.128050
43.875000	0.5	10.139000
43.883333	0.5	10.153700
43.891667	0.5	10.160250
43.900000	0.5	10.174250
43.908333	0.5	10.182900
43.916667	0.5	10.204200
43.925000	0.5	10.214500
43.933333	0.5	10.241050
43.941667	0.5	10.272400
43.950000	0.5	10.312350
43.958333	0.5	10.356200
43.966667	0.5	10.410250
43.975000	0.5	10.473200
43.983333	0.5	10.555900
43.991667	0.5	10.649900
44.000000	0.5	10.755300
44.008333	0.5	10.882200
44.016667	0.5	11.008100
44.025000	0.5	11.135600
44.033333	0.5	11.265800
44.041667	0.5	11.385250
44.050000	0.5	11.511650
44.058333	0.5	11.626050
44.066667	0.5	11.729100
44.075000	0.5	11.835000
44.083333	0.5	11.939800
44.091667	0.5	12.037100
44.100000	0.5	12.142050
44.108333	0.5	12.238150
44.116667	0.5	12.328050
44.125000	0.5	12.425750
44.133333	0.5	12.513000
44.141667	0.5	12.594550
44.150000	0.5	12.682150
44.158333	0.5	12.760250
44.166667	0.5	12.833950
44.175000	0.5	12.894850
44.183333	0.5	12.958850
44.191667	0.5	13.025000
44.200000	0.5	13.085300
44.208333	0.5	13.117200
44.216667	0.5	13.170500
44.225000	0.5	13.207250
44.233333	0.5	13.246750
44.241667	0.5	13.275500
44.250000	0.5	13.307000
44.258333	0.5	13.328800
44.266667	0.5	13.349000
44.275000	0.5	13.370650
44.283333	0.5	13.392400
44.291667	0.5	13.415000
44.300000	0.5	13.438300
44.308333	0.5	13.459050
44.316667	0.5	13.474750
44.325000	0.5	13.497700
44.333333	0.5	13.517450
44.341667	0.5	13.533850
44.350000	0.5	13.552900
44.358333	0.5	13.570150
44.366667	0.5	13.588500
44.375000	0.5	13.608350
44.383333	0.5	13.620250
44.391667	0.5	13.634400
44.400000	0.5	13.644800
44.408333	0.5	13.651350
44.416667	0.5	13.657800
44.425000	0.5	13.654300
44.433333	0.5	13.645250
44.441667	0.5	13.633650
44.450000	0.5	13.619950
44.458333	0.5	13.584300
44.466667	0.5	13.555250
44.475000	0.5	13.516950
44.483333	0.5	13.474450
44.491667	0.5	13.431050
44.500000	0.5	13.375900
44.508333	0.5	13.318550
44.516667	0.5	13.257400
44.525000	0.5	13.194250
44.533333	0.5	13.116100
44.541667	0.5	13.039850
44.550000	0.5	12.953850
44.558333	0.5	12.870200
44.566667	0.5	12.781900
44.575000	0.5	12.694150
44.583333	0.5	12.598100
44.591667	0.5	12.500250
44.600000	0.5	12.396700
44.608333	0.5	12.296950
44.616667	0.5	12.192350
44.625000	0.5	12.083550
44.633333	0.5	11.967350
44.641667	0.5	11.856700
44.650000	0.5	11.743650
44.658333	0.5	11.634550
44.666667	0.5	11.518250
44.675000	0.5	11.406500
44.683333	0.5	11.298750
44.691667	0.5	11.189900
44.700000	0.5	11.082500
44.708333	0.5	10.984250
44.716667	0.5	10.885750
44.725000	0.5	10.786550
44.733333	0.5	10.690600
44.741667	0.5	10.600550
44.750000	0.5	10.520750
44.758333	0.5	10.445700
44.766667	0.5	10.371450
44.775000	0.5	10.302550
44.783333	0.5	10.230450
44.791667	0.5	10.175300
44.800000	0.5	10.117350
44.808333	0.5	10.063350
44.816667	0.5	10.009850
44.825000	0.5	9.953300
44.833333	0.5	9.895150
44.841667	0.5	9.842900
44.850000	0.5	9.788900
44.858333	0.5	9.735350
44.866667	0.5	9.680250
44.875000	0.5	9.635100
44.883333	0.5	9.570200
44.891667	0.5	9.523200
44.900000	0.5	9.466050
44.908333	0.5	9.416150
44.916667	0.5	9.359000
44.925000	0.5	9.314150
44.933333	0.5	9.258650
44.941667	0.5	9.212550
44.950000	0.5	9.166100
44.958333	0.5	9.119550
44.966667	0.5	9.086200
44.975000	0.5	9.057300
44.983333	0.5	9.017550
44.991667	0.5	8.990400
45.000000	0.5	8.960950
45.008333	0.5	8.938100
45.016667	0.5	8.911950
45.025000	0.5	8.894650
45.033333	0.5	8.886000
45.041667	0.5	8.877100
45.050000	0.5	8.868750
45.058333	0.5	8.857650
45.066667	0.5	8.853450
45.075000	0.5	8.848100
45.083333	0.5	8.848900
45.091667	0.5	8.857000
45.100000	0.5	8.855200
45.108333	0.5	8.865000
45.116667	0.5	8.866150
45.125000	0.5	8.890750
45.133333	0.5	8.887550
45.141667	0.5	8.888850
45.150000	0.5	8.899800
45.158333	0.5	8.911500
45.166667	0.5	8.921650
45.175000	0.5	8.934300
45.183333	0.5	8.959200
45.191667	0.5	8.960400
45.200000	0.5	8.984150
45.208333	0.5	8.987400
45.216667	0.5	9.008000
45.225000	0.5	9.030900
45.233333	0.5	9.051700
45.241667	0.5	9.063000
45.250000	0.5	9.090700
45.258333	0.5	9.113050
45.266667	0.5	9.129700
45.275000	0.5	9.157000
45.283333	0.5	9.188450
45.291667	0.5	9.216850
45.300000	0.5	9.254200
45.308333	0.5	9.297400
45.316667	0.5	9.348800
45.325000	0.5	9.411050
45.333333	0.5	9.478250
45.341667	0.5	9.557600
45.350000	0.5	9.662600
45.358333	0.5	9.769050
45.366667	0.5	9.898150
45.375000	0.5	10.035000
45.383333	0.5	10.188850
45.391667	0.5	10.347750
45.400000	0.5	10.518300
45.408333	0.5	10.689550
45.416667	0.5	10.864950
45.425000	0.5	11.036500
45.433333	0.5	11.215250
45.441667	0.5	11.390250
45.450000	0.5	11.558900
45.458333	0.5	11.710650
45.466667	0.5	11.867900
45.475000	0.5	12.010950
45.483333	0.5	12.140400
45.491667	0.5	12.259000
45.500000	0.5	12.367600
45.508333	0.5	12.475100
45.516667	0.5	12.550000
45.525000	0.5	12.621100
45.533333	0.5	12.678200
45.541667	0.5	12.719900
45.550000	0.5	12.753500
45.558333	0.5	12.776900
45.566667	0.5	12.783100
45.575000	0.5	12.783800
45.583333	0.5	12.767350
45.591667	0.5	12.745350
45.600000	0.5	12.705650
45.608333	0.5	12.670350
45.616667	0.5	12.609800
45.625000	0.5	12.549250
45.633333	0.5	12.483400
45.641667	0.5	12.408650
45.650000	0.5	12.326200
45.658333	0.5	12.236000
45.666667	0.5	12.142400
45.675000	0.5	12.039450
45.683333	0.5	11.935950
45.691667	0.5	11.826450
45.700000	0.5	11.710150
45.708333	0.5	11.586300
45.716667	0.5	11.460100
45.725000	0.5	11.339550
45.733333	0.5	11.214750
45.741667	0.5	11.089700
45.750000	0.5	10.966900
45.758333	0.5	10.841700
45.766667	0.5	10.718850
45.775000	0.5	10.597750
45.783333	0.5	10.481700
45.791667	0.5	10.368550
45.800000	0.5	10.265500
45.808333	0.5	10.169950
45.816667	0.5	10.086500
45.825000	0.5	10.006950
45.833333	0.5	9.947750
45.841667	0.5	9.895200
45.850000	0.5	9.860750
45.858333	0.5	9.834150
45.866667	0.5	9.830200
45.875000	0.5	9.828600
45.883333	0.5	9.839350
45.891667	0.5	9.865800
45.900000	0.5	9.903800
45.908333	0.5	9.940300
45.916667	0.5	9.988050
45.925000	0.5	10.046750
45.933333	0.5	10.106000
45.941667	0.5	10.171650
45.950000	0.5	10.247900
45.958333	0.5	10.319700
45.966667	0.5	10.387450
45.975000	0.5	10.460700
45.983333	0.5	10.532450
45.991667	0.5	10.607450
46.000000	0.5	10.670550
46.008333	0.5	10.738900
46.016667	0.5	10.802400
46.025000	0.5	10.864000
46.033333	0.5	10.921350
46.041667	0.5	10.986150
46.050000	0.5	11.042700
46.058333	0.5	11.096900
46.066667	0.5	11.139950
46.075000	0.5	11.189500
46.083333	0.5	11.232650
46.091667	0.5	11.267000
46.100000	0.5	11.297800
46.108333	0.5	11.334350
46.116667	0.5	11.352250
46.125000	0.5	11.377050
46.133333	0.5	11.396950
46.141667	0.5	11.413800
46.150000	0.5	11.427700
46.158333	0.5	11.432550
46.166667	0.5	11.439450
46.175000	0.5	11.435700
46.183333	0.5	11.442900
46.191667	0.5	11.426300
46.200000	0.5	11.410600
46.208333	0.5	11.404450
46.216667	0.5	11.386250
46.225000	0.5	11.357800
46.233333	0.5	11.346400
46.241667	0.5	11.315850
46.250000	0.5	11.290100
46.258333	0.5	11.254550
46.266667	0.5	11.217500
46.275000	0.5	11.179100
46.283333	0.5	11.139800
46.291667	0.5	11.091350
46.300000	0.5	11.051650
46.308333	0.5	10.999500
46.316667	0.5	10.948100
46.325000	0.5	10.902750
46.333333	0.5	10.845150
46.341667	0.5	10.788750
46.350000	0.5	10.725750
46.358333	0.5	10.671800
46.366667	0.5	10.608250
46.375000	0.5	10.542100
46.383333	0.5	10.480200
46.391667	0.5	10.418250
46.400000	0.5	10.352700
46.408333	0.5	10.296400
46.416667	0.5	10.219700
46.425000	0.5	10.159250
46.433333	0.5	10.093250
46.441667	0.5	10.036300
46.450000	0.5	9.976500
46.458333	0.5	9.918300
46.466667	0.5	9.867250
46.475000	0.5	9.815200
46.483333	0.5	9.769500
46.491667	0.5	9.740900
46.500000	0.5	9.709450
46.508333	0.5	9.689400
46.516667	0.5	9.672500
46.525000	0.5	9.673200
46.533333	0.5	9.685750
46.541667	0.5	9.702900
46.550000	0.5	9.738150
46.558333	0.5	9.793250
46.566667	0.5	9.856800
46.575000	0.5	9.941550
46.583333	0.5	10.049200
46.591667	0.5	10.160900
46.600000	0.5	10.290150
46.608333	0.5	10.423500
46.616667	0.5	10.583650
46.625000	0.5	10.735500
46.633333	0.5	10.902000
46.641667	0.5	11.063800
46.650000	0.5	11.228100
46.658333	0.5	11.389550
46.666667	0.5	11.543300
46.675000	0.5	11.695300
46.683333	0.5	11.845650
46.691667	0.5	11.976500
46.700000	0.5	12.118100
46.708333	0.5	12.248050
46.716667	0.5	12.372750
46.725000	0.5	12.478450
46.733333	0.5	12.583450
46.741667	0.5	12.687250
46.750000	0.5	12.775300
46.758333	0.5	12.854550
46.766667	0.5	12.927900
46.775000	0.5	12.998850
46.783333	0.5	13.051500
46.791667	0.5	13.106500
46.800000	0.5	13.152900
46.808333	0.5	13.187050
46.816667	0.5	13.210200
46.825000	0.5	13.237850
46.833333	0.5	13.249200
46.841667	0.5	13.262500
46.850000	0.5	13.260650
46.858333	0.5	13.252550
46.866667	0.5	13.245850
46.875000	0.5	13.221900
46.883333	0.5	13.200950
46.891667	0.5	13.168600
46.900000	0.5	13.134350
46.908333	0.5	13.099350
46.916667	0.5	13.056200
46.925000	0.5	13.008500
46.933333	0.5	12.961400
46.941667	0.5	12.897850
46.950000	0.5	12.837150
46.958333	0.5	12.780500
46.966667	0.5	12.709700
46.975000	0.5	12.644000
46.983333	0.5	12.579350
46.991667	0.5	12.505600
47.000000	0.5	12.441250
47.008333	0.5	12.378350
47.016667	0.5	12.319600
47.025000	0.5	12.257550
47.033333	0.5	12.212800
47.041667	0.5	12.171800
47.050000	0.5	12.129650
47.058333	0.5	12.106900
47.066667	0.5	12.100700
47.075000	0.5	12.106200
47.083333	0.5	12.123000
47.091667	0.5	12.156050
47.100000	0.5	12.194350
47.108333	0.5	12.246700
47.116667	0.5	12.315300
47.125000	0.5	12.393650
47.133333	0.5	12.469500
47.141667	0.5	12.551550
47.150000	0.5	12.640650
47.158333	0.5	12.723950
47.166667	0.5	12.805450
47.175000	0.5	12.878500
47.183333	0.5	12.944700
47.191667	0.5	13.016300
47.200000	0.5	13.076150
47.208333	0.5	13.135000
47.216667	0.5	13.167400
47.225000	0.5	13.205900
47.233333	0.5	13.232300
47.241667	0.5	13.248950
47.250000	0.5	13.251950
47.258333	0.5	13.246200
47.266667	0.5	13.231350
47.275000	0.5	13.204800
47.283333	0.5	13.170450
47.291667	0.5	13.124500
47.300000	0.5	13.071550
47.308333	0.5	13.002400
47.316667	0.5	12.922150
47.325000	0.5	12.842400
47.333333	0.5	12.748500
47.341667	0.5	12.648100
47.350000	0.5	12.539700
47.358333	0.5	12.423750
47.366667	0.5	12.306350
47.375000	0.5	12.177400
47.383333	0.5	12.061750
47.391667	0.5	11.931100
47.400000	0.5	11.800550
47.408333	0.5	11.673450
47.416667	0.5	11.547400
47.425000	0.5	11.422200
47.433333	0.5	11.305850
47.441667	0.5	11.200200
47.450000	0.5	11.098900
47.458333	0.5	11.004150
47.466667	0.5	10.924400
47.475000	0.5	10.853500
47.483333	0.5	10.786250
47.491667	0.5	10.729700
47.500000	0.5	10.683750
47.508333	0.5	10.645150
47.516667	0.5	10.613000
47.525000	0.5	10.593850
47.533333	0.5	10.566850
47.541667	0.5	10.553700
47.550000	0.5	10.551050
47.558333	0.5	10.548050
47.566667	0.5	10.552550
47.575000	0.5	10.565850
47.583333	0.5	10.587450
47.591667	0.5	10.613000
47.600000	0.5	10.646800
47.608333	0.5	10.696000
47.616667	0.5	10.756350
47.625000	0.5	10.820900
47.633333	0.5	10.893000
47.641667	0.5	10.981350
47.650000	0.5	11.077650
47.658333	0.5	11.079000
47.666667	0.5	11.304150
47.675000	0.5	11.431850
47.683333	0.5	11.565550
47.691667	0.5	11.693500
47.700000	0.5	11.825450
47.708333	0.5	11.957000
47.716667	0.5	12.085050
47.725000	0.5	12.200400
47.733333	0.5	12.311450
47.741667	0.5	12.412900
47.750000	0.5	12.512950
47.758333	0.5	12.598850
47.766667	0.5	12.674350
47.775000	0.5	12.737950
47.783333	0.5	12.783100
47.791667	0.5	12.820350
47.800000	0.5	12.854700
47.808333	0.5	12.859600
47.816667	0.5	12.860450
47.825000	0.5	12.850550
47.833333	0.5	12.822450
47.841667	0.5	12.774650
47.850000	0.5	12.726750
47.858333	0.5	12.658800
47.866667	0.5	12.583950
47.875000	0.5	12.486400
47.883333	0.5	12.382150
47.891667	0.5	12.260900
47.900000	0.5	12.124800
47.908333	0.5	11.980200
47.916667	0.5	11.825000
47.925000	0.5	11.655450
47.933333	0.5	11.485700
47.941667	0.5	11.296250
47.950000	0.5	11.099600
47.958333	0.5	10.906700
47.966667	0.5	10.710650
47.975000	0.5	10.497700
47.983333	0.5	10.280800
47.991667	0.5	10.076850
48.000000	0.5	9.865000
48.008333	0.5	9.660000
48.016667	0.5	9.465400
48.025000	0.5	9.271200
48.033333	0.5	9.086500
48.041667	0.5	8.908900
48.050000	0.5	8.751800
48.058333	0.5	8.594300
48.066667	0.5	8.451250
48.075000	0.5	8.323350
48.083333	0.5	8.202600
48.091667	0.5	8.092550
48.100000	0.5	7.995500
48.108333	0.5	7.910650
48.116667	0.5	7.832950
48.125000	0.5	7.772300
48.133333	0.5	7.711950
48.141667	0.5	7.673500
48.150000	0.5	7.629650
48.158333	0.5	7.594900
48.166667	0.5	7.569800
48.175000	0.5	7.545550
48.183333	0.5	7.533850
48.191667	0.5	7.527450
48.200000	0.5	7.518750
48.208333	0.5	7.522350
48.216667	0.5	7.530650
48.225000	0.5	7.548200
48.233333	0.5	7.565500
48.241667	0.5	7.592750
48.250000	0.5	7.622750
48.258333	0.5	7.660000
48.266667	0.5	7.697250
48.275000	0.5	7.754850
48.283333	0.5	7.805250
48.291667	0.5	7.867400
48.300000	0.5	7.944950
48.308333	0.5	8.019950
48.316667	0.5	8.109250
48.325000	0.5	8.202650
48.333333	0.5	8.302250
48.341667	0.5	8.413500
48.350000	0.5	8.525600
48.358333	0.5	8.646200
48.366667	0.5	8.773900
48.375000	0.5	8.911600
48.383333	0.5	9.051350
48.391667	0.5	9.194600
48.400000	0.5	9.343900
48.408333	0.5	9.501000
48.416667	0.5	9.649000
48.425000	0.5	9.810950
48.433333	0.5	9.961250
48.441667	0.5	10.118000
48.450000	0.5	10.268500
48.458333	0.5	10.419850
48.466667	0.5	10.565700
48.475000	0.5	10.713400
48.483333	0.5	10.847950
48.491667	0.5	10.972100
48.500000	0.5	11.087100
48.508333	0.5	11.196400
48.516667	0.5	11.293450
48.525000	0.5	11.376950
48.533333	0.5	11.448050
48.541667	0.5	11.514750
48.550000	0.5	11.558150
48.558333	0.5	11.594650
48.566667	0.5	11.617350
48.575000	0.5	11.625150
48.583333	0.5	11.619750
48.591667	0.5	11.600500
48.600000	0.5	11.576750
48.608333	0.5	11.538150
48.616667	0.5	11.488350
48.625000	0.5	11.439400
48.633333	0.5	11.379300
48.641667	0.5	11.320650
48.650000	0.5	11.247350
48.658333	0.5	11.180450
48.666667	0.5	11.118050
48.675000	0.5	11.053350
48.683333	0.5	11.009850
48.691667	0.5	10.957500
48.700000	0.5	10.914050
48.708333	0.5	10.883200
48.716667	0.5	10.862200
48.725000	0.5	10.854750
48.733333	0.5	10.857000
48.741667	0.5	10.867550
48.750000	0.5	10.880450
48.758333	0.5	10.908200
48.766667	0.5	10.943200
48.775000	0.5	10.975700
48.783333	0.5	11.023550
48.791667	0.5	11.064800
48.800000	0.5	11.114850
48.808333	0.5	11.157900
48.816667	0.5	11.209300
48.825000	0.5	11.269700
48.833333	0.5	11.317550
48.841667	0.5	11.368700
48.850000	0.5	11.415900
48.858333	0.5	11.466500
48.866667	0.5	11.518850
48.875000	0.5	11.565650
48.883333	0.5	11.605800
48.891667	0.5	11.653500
48.900000	0.5	11.692650
48.908333	0.5	11.735000
48.916667	0.5	11.761750
48.925000	0.5	11.793350
48.933333	0.5	11.821300
48.941667	0.5	11.842350
48.950000	0.5	11.865300
48.958333	0.5	11.881550
48.966667	0.5	11.893500
48.975000	0.5	11.903100
48.983333	0.5	11.906450
48.991667	0.5	11.902950
49.000000	0.5	11.905050
49.008333	0.5	11.903000
49.016667	0.5	11.890200
49.025000	0.5	11.882850
49.033333	0.5	11.867350
49.041667	0.5	11.851950
49.050000	0.5	11.828250
49.058333	0.5	11.813150
49.066667	0.5	11.780450
49.075000	0.5	11.745650
49.083333	0.5	11.714600
49.091667	0.5	11.682150
49.100000	0.5	11.634750
49.108333	0.5	11.588500
49.116667	0.5	11.542300
49.125000	0.5	11.481100
49.133333	0.5	11.415750
49.141667	0.5	11.341800
49.150000	0.5	11.257350
49.158333	0.5	11.173300
49.166667	0.5	11.082500
49.175000	0.5	10.989200
49.183333	0.5	10.889850
49.191667	0.5	10.785900
49.200000	0.5	10.686100
49.208333	0.5	10.586150
49.216667	0.5	10.497400
49.225000	0.5	10.405300
49.233333	0.5	10.326400
49.241667	0.5	10.253800
49.250000	0.5	10.191850
49.258333	0.5	10.132300
49.266667	0.5	10.087400
49.275000	0.5	10.056800
49.283333	0.5	10.026300
49.291667	0.5	10.016400
49.300000	0.5	10.011700
49.308333	0.5	10.021300
49.316667	0.5	10.043750
49.325000	0.5	10.076300
49.333333	0.5	10.124200
49.341667	0.5	10.182800
49.350000	0.5	10.249450
49.358333	0.5	10.334100
49.366667	0.5	10.430350
49.375000	0.5	10.546600
49.383333	0.5	10.658100
49.391667	0.5	10.794700
49.400000	0.5	10.929800
49.408333	0.5	11.072100
49.416667	0.5	11.223650
49.425000	0.5	11.379050
49.433333	0.5	11.530450
49.441667	0.5	11.677600
49.450000	0.5	11.831600
49.458333	0.5	11.977750
49.466667	0.5	12.115450
49.475000	0.5	12.250700
49.483333	0.5	12.375800
49.491667	0.5	12.493950
49.500000	0.5	12.605550
49.508333	0.5	12.708800
49.516667	0.5	12.802650
49.525000	0.5	12.877750
49.533333	0.5	12.952900
49.541667	0.5	13.008600
49.550000	0.5	13.056650
49.558333	0.5	13.091150
49.566667	0.5	13.109450
49.575000	0.5	13.115850
49.583333	0.5	13.107750
49.591667	0.5	13.088800
49.600000	0.5	13.053100
49.608333	0.5	12.998750
49.616667	0.5	12.930900
49.625000	0.5	12.864900
49.633333	0.5	12.794850
49.641667	0.5	12.722700
49.650000	0.5	12.664100
49.658333	0.5	12.609900
49.666667	0.5	12.568200
49.675000	0.5	12.546800
49.683333	0.5	12.551300
49.691667	0.5	12.558700
49.700000	0.5	12.581650
49.708333	0.5	12.616250
49.716667	0.5	12.668400
49.725000	0.5	12.720000
49.733333	0.5	12.786550
49.741667	0.5	12.845850
49.750000	0.5	12.904300
49.758333	0.5	12.970750
49.766667	0.5	13.033650
49.775000	0.5	13.083900
49.783333	0.5	13.135700
49.791667	0.5	13.183300
49.800000	0.5	13.223900
49.808333	0.5	13.263950
49.816667	0.5	13.292450
49.825000	0.5	13.309750
49.833333	0.5	13.322750
49.841667	0.5	13.330600
49.850000	0.5	13.327100
49.858333	0.5	13.320600
49.866667	0.5	13.313150
49.875000	0.5	13.289750
49.883333	0.5	13.259100
49.891667	0.5	13.225600
49.900000	0.5	13.184800
49.908333	0.5	13.131550
49.916667	0.5	13.083650
49.925000	0.5	13.017350
49.933333	0.5	12.946650
49.941667	0.5	12.873350
49.950000	0.5	12.791450
49.958333	0.5	12.703100
49.966667	0.5	12.615750
49.975000	0.5	12.514400
49.983333	0.5	12.412600
49.991667	0.5	12.307050
50.000000	0.5	12.199500
50.008333	0.5	12.084100
50.016667	0.5	11.973350
50.025000	0.5	11.861050
50.033333	0.5	11.739450
50.041667	0.5	11.621750
50.050000	0.5	11.502600
50.058333	0.5	11.381200
50.066667	0.5	11.265800
50.075000	0.5	11.150050
50.083333	0.5	11.031100
50.091667	0.5	10.913800
50.100000	0.5	10.808600
50.108333	0.5	10.692750
50.116667	0.5	10.584200
50.125000	0.5	10.478100
50.133333	0.5	10.371850
50.141667	0.5	10.280150
50.150000	0.5	10.181400
50.158333	0.5	10.092350
50.166667	0.5	10.017650
50.175000	0.5	9.925700
50.183333	0.5	9.848800
50.191667	0.5	9.774400
50.200000	0.5	9.706150
50.208333	0.5	9.634800
50.216667	0.5	9.578750
50.225000	0.5	9.518650
50.233333	0.5	9.463650
50.241667	0.5	9.421800
50.250000	0.5	9.385300
50.258333	0.5	9.354050
50.266667	0.5	9.319800
50.275000	0.5	9.288400
50.283333	0.5	9.264000
50.291667	0.5	9.254500
50.300000	0.5	9.239350
50.308333	0.5	9.234150
50.316667	0.5	9.218950
50.325000	0.5	9.218000
50.333333	0.5	9.220600
50.341667	0.5	9.221750
50.350000	0.5	9.231300
50.358333	0.5	9.236100
50.366667	0.5	9.239250
50.375000	0.5	9.258600
50.383333	0.5	9.274250
50.391667	0.5	9.285600
50.400000	0.5	9.302200
50.408333	0.5	9.308800
50.416667	0.5	9.332700
50.425000	0.5	9.349250
50.433333	0.5	9.367000
50.441667	0.5	9.385200
50.450000	0.5	9.407550
50.458333	0.5	9.429100
50.466667	0.5	9.446700
50.475000	0.5	9.471850
50.483333	0.5	9.493550
50.491667	0.5	9.522700
50.500000	0.5	9.553950
50.508333	0.5	9.579100
50.516667	0.5	9.609000
50.525000	0.5	9.649550
50.533333	0.5	9.678700
50.541667	0.5	9.729800
50.550000	0.5	9.774400
50.558333	0.5	9.832000
50.566667	0.5	9.891700
50.575000	0.5	9.964250
50.583333	0.5	10.039400
50.591667	0.5	10.136500
50.600000	0.5	10.268300
50.608333	0.5	10.536000
50.616667	0.5	10.982400
50.625000	0.5	11.492150
50.633333	0.5	11.885000
50.641667	0.5	12.079200
50.650000	0.5	12.071400
50.658333	0.5	11.946400
50.666667	0.5	11.784700
50.675000	0.5	11.634000
50.683333	0.5	11.538200
50.691667	0.5	11.469000
50.700000	0.5	11.392150
50.708333	0.5	11.280300
50.716667	0.5	11.123000
50.725000	0.5	10.955650
50.733333	0.5	10.861450
50.741667	0.5	10.807950
50.750000	0.5	10.802200
50.758333	0.5	10.807800
50.766667	0.5	10.815600
50.775000	0.5	10.832650
50.783333	0.5	10.842300
50.791667	0.5	10.852700
50.800000	0.5	10.856350
50.808333	0.5	10.861450
50.816667	0.5	10.863000
50.825000	0.5	10.868050
50.833333	0.5	10.866800
50.841667	0.5	10.861400
50.850000	0.5	10.856500
50.858333	0.5	10.840550
50.866667	0.5	10.825950
50.875000	0.5	10.816600
50.883333	0.5	10.793000
50.891667	0.5	10.772400
50.900000	0.5	10.754100
50.908333	0.5	10.725900
50.916667	0.5	10.702050
50.925000	0.5	10.674500
50.933333	0.5	10.639250
50.941667	0.5	10.609450
50.950000	0.5	10.570950
50.958333	0.5	10.532150
50.966667	0.5	10.495500
50.975000	0.5	10.460100
50.983333	0.5	10.419600
50.991667	0.5	10.380200
51.000000	0.5	10.337350
51.008333	0.5	10.293250
51.016667	0.5	10.255350
51.025000	0.5	10.212600
51.033333	0.5	10.175400
51.041667	0.5	10.138750
51.050000	0.5	10.093600
51.058333	0.5	10.060850
51.066667	0.5	10.023900
51.075000	0.5	9.988500
51.083333	0.5	9.965400
51.091667	0.5	9.922450
51.100000	0.5	9.894500
51.108333	0.5	9.867650
51.116667	0.5	9.841850
51.125000	0.5	9.814600
51.133333	0.5	9.789750
51.141667	0.5	9.764150
51.150000	0.5	9.731500
51.158333	0.5	9.708200
51.166667	0.5	9.681250
51.175000	0.5	9.656700
51.183333	0.5	9.627450
51.191667	0.5	9.602600
51.200000	0.5	9.574750
51.208333	0.5	9.551600
51.216667	0.5	9.524250
51.225000	0.5	9.492600
51.233333	0.5	9.463350
51.241667	0.5	9.431450
51.250000	0.5	9.405200
51.258333	0.5	9.376350
51.266667	0.5	9.346550
51.275000	0.5	9.317250
51.283333	0.5	9.291250
51.291667	0.5	9.270200
51.300000	0.5	9.234000
51.308333	0.5	9.213800
51.316667	0.5	9.198550
51.325000	0.5	9.175950
51.333333	0.5	9.150450
51.341667	0.5	9.134650
51.350000	0.5	9.115000
51.358333	0.5	9.099600
51.366667	0.5	9.087500
51.375000	0.5	9.071100
51.383333	0.5	9.064400
51.391667	0.5	9.059850
51.400000	0.5	9.050450
51.408333	0.5	9.048850
51.416667	0.5	9.038850
51.425000	0.5	9.044900
51.433333	0.5	9.037200
51.441667	0.5	9.043150
51.450000	0.5	9.044900
51.458333	0.5	9.047800
51.466667	0.5	9.059300
51.475000	0.5	9.061450
51.483333	0.5	9.081450
51.491667	0.5	9.093200
51.500000	0.5	9.105750
51.508333	0.5	9.116800
51.516667	0.5	9.130600
51.525000	0.5	9.149250
51.533333	0.5	9.169550
51.541667	0.5	9.196750
51.550000	0.5	9.223050
51.558333	0.5	9.245850
51.566667	0.5	9.282750
51.575000	0.5	9.320750
51.583333	0.5	9.350550
51.591667	0.5	9.392500
51.600000	0.5	9.436750
51.608333	0.5	9.484500
51.616667	0.5	9.539050
51.625000	0.5	9.589800
51.633333	0.5	9.658100
51.641667	0.5	9.724400
51.650000	0.5	9.794300
51.658333	0.5	9.864250
51.666667	0.5	9.943450
51.675000	0.5	10.028250
51.683333	0.5	10.115050
51.691667	0.5	10.204200
51.700000	0.5	10.297650
51.708333	0.5	10.390650
51.716667	0.5	10.487350
51.725000	0.5	10.578600
51.733333	0.5	10.681800
51.741667	0.5	10.773200
51.750000	0.5	10.863600
51.758333	0.5	10.954500
51.766667	0.5	11.049900
51.775000	0.5	11.138900
51.783333	0.5	11.211250
51.791667	0.5	11.295500
51.800000	0.5	11.365450
51.808333	0.5	11.429300
51.816667	0.5	11.493650
51.825000	0.5	11.556000
51.833333	0.5	11.612750
51.841667	0.5	11.654150
51.850000	0.5	11.703450
51.858333	0.5	11.739150
51.866667	0.5	11.774650
51.875000	0.5	11.801550
51.883333	0.5	11.829900
51.891667	0.5	11.857900
51.900000	0.5	11.883200
51.908333	0.5	11.897200
51.916667	0.5	11.908350
51.925000	0.5	11.927200
51.933333	0.5	11.950150
51.941667	0.5	11.979000
51.950000	0.5	12.000000
51.958333	0.5	12.029550
51.966667	0.5	12.059850
51.975000	0.5	12.093050
51.983333	0.5	12.130400
51.991667	0.5	12.167150
52.000000	0.5	12.199450
52.008333	0.5	12.230250
52.016667	0.5	12.256950
52.025000	0.5	12.289650
52.033333	0.5	12.316050
52.041667	0.5	12.338750
52.050000	0.5	12.349550
52.058333	0.5	12.370450
52.066667	0.5	12.399150
52.075000	0.5	12.387650
52.083333	0.5	12.392200
52.091667	0.5	12.382600
52.100000	0.5	12.378600
52.108333	0.5	12.369600
52.116667	0.5	12.346700
52.125000	0.5	12.327950
52.133333	0.5	12.301400
52.141667	0.5	12.273250
52.150000	0.5	12.240700
52.158333	0.5	12.200300
52.166667	0.5	12.160050
52.175000	0.5	12.115050
52.183333	0.5	12.072400
52.191667	0.5	12.020000
52.200000	0.5	11.964550
52.208333	0.5	11.915300
52.216667	0.5	11.859850
52.225000	0.5	11.799600
52.233333	0.5	11.739050
52.241667	0.5	11.679350
52.250000	0.5	11.626450
52.258333	0.5	11.566550
52.266667	0.5	11.505250
52.275000	0.5	11.438850
52.283333	0.5	11.380300
52.291667	0.5	11.322500
52.300000	0.5	11.258800
52.308333	0.5	11.192950
52.316667	0.5	11.137250
52.325000	0.5	11.077950
52.333333	0.5	11.006550
52.341667	0.5	10.951300
52.350000	0.5	10.890750
52.358333	0.5	10.825750
52.366667	0.5	10.770550
52.375000	0.5	10.706300
52.383333	0.5	10.648800
52.391667	0.5	10.593400
52.400000	0.5	10.525650
52.408333	0.5	10.473950
52.416667	0.5	10.418350
52.425000	0.5	10.371000
52.433333	0.5	10.313200
52.441667	0.5	10.270450
52.450000	0.5	10.218300
52.458333	0.5	10.179400
52.466667	0.5	10.135500
52.475000	0.5	10.088200
52.483333	0.5	10.039400
52.491667	0.5	9.990300
52.500000	0.5	9.937200
52.508333	0.5	9.894050
52.516667	0.5	9.843300
52.525000	0.5	9.804800
52.533333	0.5	9.784600
52.541667	0.5	9.772750
52.550000	0.5	9.789000
52.558333	0.5	9.826450
52.566667	0.5	9.871800
52.575000	0.5	9.924600
52.583333	0.5	9.988850
52.591667	0.5	10.026850
52.600000	0.5	10.080350
52.608333	0.5	10.137250
52.616667	0.5	10.195050
52.625000	0.5	10.258700
52.633333	0.5	10.316850
52.641667	0.5	10.364750
52.650000	0.5	10.405950
52.658333	0.5	10.419500
52.666667	0.5	10.413300
52.675000	0.5	10.395500
52.683333	0.5	10.363500
52.691667	0.5	10.299300
52.700000	0.5	10.244250
52.708333	0.5	10.182950
52.716667	0.5	10.131250
52.725000	0.5	10.079600
52.733333	0.5	10.030600
52.741667	0.5	9.999750
52.750000	0.5	9.963600
52.758333	0.5	9.932200
52.766667	0.5	9.925100
52.775000	0.5	9.897850
52.783333	0.5	9.890900
52.791667	0.5	9.883700
52.800000	0.5	9.886900
52.808333	0.5	9.891750
52.816667	0.5	9.900550
52.825000	0.5	9.920000
52.833333	0.5	9.953050
52.841667	0.5	9.972200
52.850000	0.5	10.016500
52.858333	0.5	10.024700
52.866667	0.5	10.060550
52.875000	0.5	10.089650
52.883333	0.5	10.130300
52.891667	0.5	10.181400
52.900000	0.5	10.215400
52.908333	0.5	10.260400
52.916667	0.5	10.303700
52.925000	0.5	10.354300
52.933333	0.5	10.409350
52.941667	0.5	10.449350
52.950000	0.5	10.506650
52.958333	0.5	10.548950
52.966667	0.5	10.599750
52.975000	0.5	10.653650
52.983333	0.5	10.701800
52.991667	0.5	10.745950
53.000000	0.5	10.793400
53.008333	0.5	10.840100
53.016667	0.5	10.899200
53.025000	0.5	10.934600
53.033333	0.5	10.970550
53.041667	0.5	11.022700
53.050000	0.5	11.053300
53.058333	0.5	11.090400
53.066667	0.5	11.120250
53.075000	0.5	11.151500
53.083333	0.5	11.186950
53.091667	0.5	11.216200
53.100000	0.5	11.246800
53.108333	0.5	11.270800
53.116667	0.5	11.298250
53.125000	0.5	11.320600
53.133333	0.5	11.339250
53.141667	0.5	11.358850
53.150000	0.5	11.372750
53.158333	0.5	11.387750
53.166667	0.5	11.400250
53.175000	0.5	11.421650
53.183333	0.5	11.434400
53.191667	0.5	11.439650
53.200000	0.5	11.443200
53.208333	0.5	11.452150
53.216667	0.5	11.455900
53.225000	0.5	11.460650
53.233333	0.5	11.477900
53.241667	0.5	11.475200
53.250000	0.5	11.480250
53.258333	0.5	11.482500
53.266667	0.5	11.477800
53.275000	0.5	11.488650
53.283333	0.5	11.483900
53.291667	0.5	11.487900
53.300000	0.5	11.483000
53.308333	0.5	11.497100
53.316667	0.5	11.493650
53.325000	0.5	11.500550
53.333333	0.5	11.491750
53.341667	0.5	11.494100
53.350000	0.5	11.498450
53.358333	0.5	11.500650
53.366667	0.5	11.494350
53.375000	0.5	11.495250
53.383333	0.5	11.496100
53.391667	0.5	11.499200
53.400000	0.5	11.502050
53.408333	0.5	11.512900
53.416667	0.5	11.503800
53.425000	0.5	11.499950
53.433333	0.5	11.500600
53.441667	0.5	11.489550
53.450000	0.5	11.491900
53.458333	0.5	11.491350
53.466667	0.5	11.484100
53.475000	0.5	11.485150
53.483333	0.5	11.481350
53.491667	0.5	11.483550
53.500000	0.5	11.470650
53.508333	0.5	11.462900
53.516667	0.5	11.460900
53.525000	0.5	11.455000
53.533333	0.5	11.444950
53.541667	0.5	11.427500
53.550000	0.5	11.417050
53.558333	0.5	11.420150
53.566667	0.5	11.409150
53.575000	0.5	11.397250
53.583333	0.5	11.383050
53.591667	0.5	11.366450
53.600000	0.5	11.351550
53.608333	0.5	11.341500
53.616667	0.5	11.326300
53.625000	0.5	11.310050
53.633333	0.5	11.294050
53.641667	0.5	11.278600
53.650000	0.5	11.264900
53.658333	0.5	11.244000
53.666667	0.5	11.224400
53.675000	0.5	11.206100
53.683333	0.5	11.197200
53.691667	0.5	11.168150
53.700000	0.5	11.155400
53.708333	0.5	11.133900
53.716667	0.5	11.118350
53.725000	0.5	11.088550
53.733333	0.5	11.076650
53.741667	0.5	11.053600
53.750000	0.5	11.035650
53.758333	0.5	11.009300
53.766667	0.5	10.987050
53.775000	0.5	10.968400
53.783333	0.5	10.943250
53.791667	0.5	10.925400
53.800000	0.5	10.908150
53.808333	0.5	10.878650
53.816667	0.5	10.858500
53.825000	0.5	10.836250
53.833333	0.5	10.817600
53.841667	0.5	10.803500
53.850000	0.5	10.785150
53.858333	0.5	10.762000
53.866667	0.5	10.743500
53.875000	0.5	10.718400
53.883333	0.5	10.702850
53.891667	0.5	10.687200
53.900000	0.5	10.661700
53.908333	0.5	10.641500
53.916667	0.5	10.631250
53.925000	0.5	10.603400
53.933333	0.5	10.584850
53.941667	0.5	10.571400
53.950000	0.5	10.547800
53.958333	0.5	10.537200
53.966667	0.5	10.510550
53.975000	0.5	10.492950
53.983333	0.5	10.467600
53.991667	0.5	10.453450
54.000000	0.5	10.446000
54.008333	0.5	10.413050
54.016667	0.5	10.392250
54.025000	0.5	10.371600
54.033333	0.5	10.351450
54.041667	0.5	10.330800
54.050000	0.5	10.314850
54.058333	0.5	10.294750
54.066667	0.5	10.266750
54.075000	0.5	10.252500
54.083333	0.5	10.233100
54.091667	0.5	10.216450
54.100000	0.5	10.190150
54.108333	0.5	10.168450
54.116667	0.5	10.158000
54.125000	0.5	10.132300
54.133333	0.5	10.107100
54.141667	0.5	10.094050
54.150000	0.5	10.073000
54.158333	0.5	10.052700
54.166667	0.5	10.032900
54.175000	0.5	10.014350
54.183333	0.5	9.996600
54.191667	0.5	9.986000
54.200000	0.5	9.972550
54.208333	0.5	9.952950
54.216667	0.5	9.936550
54.225000	0.5	9.914450
54.233333	0.5	9.900500
54.241667	0.5	9.892750
54.250000	0.5	9.877650
54.258333	0.5	9.870050
54.266667	0.5	9.853500
54.275000	0.5	9.849100
54.283333	0.5	9.841450
54.291667	0.5	9.835450
54.300000	0.5	9.827250
54.308333	0.5	9.820850
54.316667	0.5	9.816250
54.325000	0.5	9.814450
54.333333	0.5	9.814100
54.341667	0.5	9.802250
54.350000	0.5	9.812150
54.358333	0.5	9.816100
54.366667	0.5	9.823100
54.375000	0.5	9.835550
54.383333	0.5	9.855700
54.391667	0.5	9.866600
54.400000	0.5	9.885200
54.408333	0.5	9.916500
54.416667	0.5	9.946700
54.425000	0.5	9.989300
54.433333	0.5	10.031650
54.441667	0.5	10.097150
54.450000	0.5	10.154600
54.458333	0.5	10.219300
54.466667	0.5	10.293800
54.475000	0.5	10.368600
54.483333	0.5	10.457000
54.491667	0.5	10.544500
54.500000	0.5	10.642000
54.508333	0.5	10.736700
54.516667	0.5	10.840450
54.525000	0.5	10.940950
54.533333	0.5	11.056400
54.541667	0.5	11.165550
54.550000	0.5	11.281050
54.558333	0.5	11.390950
54.566667	0.5	11.509050
54.575000	0.5	11.635450
54.583333	0.5	11.732500
54.591667	0.5	11.838500
54.600000	0.5	11.952650
54.608333	0.5	12.053350
54.616667	0.5	12.152850
54.625000	0.5	12.248950
54.633333	0.5	12.344700
54.641667	0.5	12.440050
54.650000	0.5	12.525800
54.658333	0.5	12.607750
54.666667	0.5	12.686200
54.675000	0.5	12.765150
54.683333	0.5	12.830900
54.691667	0.5	12.892750
54.700000	0.5	12.956800
54.708333	0.5	13.015750
54.716667	0.5	13.073350
54.725000	0.5	13.119600
54.733333	0.5	13.165150
54.741667	0.5	13.210700
54.750000	0.5	13.247200
54.758333	0.5	13.292400
54.766667	0.5	13.312500
54.775000	0.5	13.349850
54.783333	0.5	13.378750
54.791667	0.5	13.390300
54.800000	0.5	13.408200
54.808333	0.5	13.418550
54.816667	0.5	13.423750
54.825000	0.5	13.430950
54.833333	0.5	13.429700
54.841667	0.5	13.419800
54.850000	0.5	13.409700
54.858333	0.5	13.391300
54.866667	0.5	13.367850
54.875000	0.5	13.340500
54.883333	0.5	13.311050
54.891667	0.5	13.278400
54.900000	0.5	13.233600
54.908333	0.5	13.209850
54.916667	0.5	13.144000
54.925000	0.5	13.091450
54.933333	0.5	13.029650
54.941667	0.5	12.968300
54.950000	0.5	12.905300
54.958333	0.5	12.830550
54.966667	0.5	12.753100
54.975000	0.5	12.680250
54.983333	0.5	12.604500
54.991667	0.5	12.505100
55.000000	0.5	12.422450
55.008333	0.5	12.327250
55.016667	0.5	12.235750
55.025000	0.5	12.126400
55.033333	0.5	12.035350
55.041667	0.5	11.934550
55.050000	0.5	11.828250
55.058333	0.5	11.731700
55.066667	0.5	11.633850
55.075000	0.5	11.534300
55.083333	0.5	11.445700
55.091667	0.5	11.359350
55.100000	0.5	11.288950
55.108333	0.5	11.221350
55.116667	0.5	11.163250
55.125000	0.5	11.125800
55.133333	0.5	11.084700
55.141667	0.5	11.056350
55.150000	0.5	11.040750
55.158333	0.5	11.031200
55.166667	0.5	11.035350
55.175000	0.5	11.037850
55.183333	0.5	11.047650
55.191667	0.5	11.070550
55.200000	0.5	11.085400
55.208333	0.5	11.116800
55.216667	0.5	11.147250
55.225000	0.5	11.174200
55.233333	0.5	11.209900
55.241667	0.5	11.235950
55.250000	0.5	11.267450
55.258333	0.5	11.295650
55.266667	0.5	11.326950
55.275000	0.5	11.363700
55.283333	0.5	11.373450
55.291667	0.5	11.408450
55.300000	0.5	11.427450
55.308333	0.5	11.449700
55.316667	0.5	11.471300
55.325000	0.5	11.503800
55.333333	0.5	11.516400
55.341667	0.5	11.531850
55.350000	0.5	11.542650
55.358333	0.5	11.551950
55.366667	0.5	11.560450
55.375000	0.5	11.571650
55.383333	0.5	11.583450
55.391667	0.5	11.579350
55.400000	0.5	11.576450
55.408333	0.5	11.584500
55.416667	0.5	11.579300
55.425000	0.5	11.578350
55.433333	0.5	11.571300
55.441667	0.5	11.558700
55.450000	0.5	11.547250
55.458333	0.5	11.536400
55.466667	0.5	11.517250
55.475000	0.5	11.501550
55.483333	0.5	11.474650
55.491667	0.5	11.451950
55.500000	0.5	11.423700
55.508333	0.5	11.382700
55.516667	0.5	11.353400
55.525000	0.5	11.313150
55.533333	0.5	11.278850
55.541667	0.5	11.241700
55.550000	0.5	11.202050
55.558333	0.5	11.150850
55.566667	0.5	11.116250
55.575000	0.5	11.070350
55.583333	0.5	11.030200
55.591667	0.5	10.987550
55.600000	0.5	10.947650
55.608333	0.5	10.903200
55.616667	0.5	10.865100
55.625000	0.5	10.830250
55.633333	0.5	10.802950
55.641667	0.5	10.769850
55.650000	0.5	10.734450
55.658333	0.5	10.702200
55.666667	0.5	10.683000
55.675000	0.5	10.662550
55.683333	0.5	10.649650
55.691667	0.5	10.621500
55.700000	0.5	10.606200
55.708333	0.5	10.592800
55.716667	0.5	10.574800
55.725000	0.5	10.562450
55.733333	0.5	10.558100
55.741667	0.5	10.552950
55.750000	0.5	10.540600
55.758333	0.5	10.531650
55.766667	0.5	10.529950
55.775000	0.5	10.521150
55.783333	0.5	10.511850
55.791667	0.5	10.509450
55.800000	0.5	10.510550
55.808333	0.5	10.513650
55.816667	0.5	10.503950
55.825000	0.5	10.511350
55.833333	0.5	10.494550
55.841667	0.5	10.496900
55.850000	0.5	10.495200
55.858333	0.5	10.493100
55.866667	0.5	10.498400
55.875000	0.5	10.493750
55.883333	0.5	10.485000
55.891667	0.5	10.481650
55.900000	0.5	10.478550
55.908333	0.5	10.479250
55.916667	0.5	10.479300
55.925000	0.5	10.484300
55.933333	0.5	10.467600
55.941667	0.5	10.474500
55.950000	0.5	10.462600
55.958333	0.5	10.461400
55.966667	0.5	10.453400
55.975000	0.5	10.447300
55.983333	0.5	10.435650
55.991667	0.5	10.433500
56.000000	0.5	10.421950
56.008333	0.5	10.420050
56.016667	0.5	10.412550
56.025000	0.5	10.391350
56.033333	0.5	10.380400
56.041667	0.5	10.361350
56.050000	0.5	10.347550
56.058333	0.5	10.325600
56.066667	0.5	10.315150
56.075000	0.5	10.294500
56.083333	0.5	10.275950
56.091667	0.5	10.248250
56.100000	0.5	10.240050
56.108333	0.5	10.208450
56.116667	0.5	10.192350
56.125000	0.5	10.161800
56.133333	0.5	10.136650
56.141667	0.5	10.110150
56.150000	0.5	10.087750
56.158333	0.5	10.066950
56.166667	0.5	10.035150
56.175000	0.5	10.015300
56.183333	0.5	9.979250
56.191667	0.5	9.961750
56.200000	0.5	9.936050
56.208333	0.5	9.925000
56.216667	0.5	9.889650
56.225000	0.5	9.863850
56.233333	0.5	9.843100
56.241667	0.5	9.828650
56.250000	0.5	9.815150
56.258333	0.5	9.791350
56.266667	0.5	9.776500
56.275000	0.5	9.765550
56.283333	0.5	9.748350
56.291667	0.5	9.745150
56.300000	0.5	9.725300
56.308333	0.5	9.730650
56.316667	0.5	9.713000
56.325000	0.5	9.710400
56.333333	0.5	9.708450
56.341667	0.5	9.698350
56.350000	0.5	9.695150
56.358333	0.5	9.703950
56.366667	0.5	9.693450
56.375000	0.5	9.686750
56.383333	0.5	9.691300
56.391667	0.5	9.692850
56.400000	0.5	9.690500
56.408333	0.5	9.693950
56.416667	0.5	9.688950
56.425000	0.5	9.694200
56.433333	0.5	9.681800
56.441667	0.5	9.694550
56.450000	0.5	9.678850
56.458333	0.5	9.679450
56.466667	0.5	9.671200
56.475000	0.5	9.673800
56.483333	0.5	9.661500
56.491667	0.5	9.670950
56.500000	0.5	9.658100
56.508333	0.5	9.652600
56.516667	0.5	9.643850
56.525000	0.5	9.636100
56.533333	0.5	9.628450
56.541667	0.5	9.623400
56.550000	0.5	9.622900
56.558333	0.5	9.619450
56.566667	0.5	9.619350
56.575000	0.5	9.630850
56.583333	0.5	9.629350
56.591667	0.5	9.639900
56.600000	0.5	9.661000
56.608333	0.5	9.671900
56.616667	0.5	9.705500
56.625000	0.5	9.735500
56.633333	0.5	9.782750
56.641667	0.5	9.829850
56.650000	0.5	9.894900
56.658333	0.5	9.966600
56.666667	0.5	10.043600
56.675000	0.5	10.125800
56.683333	0.5	10.210250
56.691667	0.5	10.309250
56.700000	0.5	10.393300
56.708333	0.5	10.495450
56.716667	0.5	10.591550
56.725000	0.5	10.693100
56.733333	0.5	10.806900
56.741667	0.5	10.912000
56.750000	0.5	11.018700
56.758333	0.5	11.125950
56.766667	0.5	11.229050
56.775000	0.5	11.343450
56.783333	0.5	11.450700
56.791667	0.5	11.551100
56.800000	0.5	11.655650
56.808333	0.5	11.758100
56.816667	0.5	11.838450
56.825000	0.5	11.930500
56.833333	0.5	12.011200
56.841667	0.5	12.089700
56.850000	0.5	12.161150
56.858333	0.5	12.229750
56.866667	0.5	12.285300
56.875000	0.5	12.332750
56.883333	0.5	12.380550
56.891667	0.5	12.427300
56.900000	0.5	12.462300
56.908333	0.5	12.478700
56.916667	0.5	12.500550
56.925000	0.5	12.516400
56.933333	0.5	12.530550
56.941667	0.5	12.532150
56.950000	0.5	12.529950
56.958333	0.5	12.532400
56.966667	0.5	12.521400
56.975000	0.5	12.506100
56.983333	0.5	12.492050
56.991667	0.5	12.472450
57.000000	0.5	12.449050
57.008333	0.5	12.427800
57.016667	0.5	12.399250
57.025000	0.5	12.374100
57.033333	0.5	12.350900
57.041667	0.5	12.321000
57.050000	0.5	12.296500
57.058333	0.5	12.285250
57.066667	0.5	12.257400
57.075000	0.5	12.235850
57.083333	0.5	12.226200
57.091667	0.5	12.215550
57.100000	0.5	12.211350
57.108333	0.5	12.208800
57.116667	0.5	12.217750
57.125000	0.5	12.226700
57.133333	0.5	12.250500
57.141667	0.5	12.259700
57.150000	0.5	12.277100
57.158333	0.5	12.302100
57.166667	0.5	12.330700
57.175000	0.5	12.353200
57.183333	0.5	12.381250
57.191667	0.5	12.407100
57.200000	0.5	12.427100
57.208333	0.5	12.456000
57.216667	0.5	12.482850
57.225000	0.5	12.498850
57.233333	0.5	12.509400
57.241667	0.5	12.524800
57.250000	0.5	12.533400
57.258333	0.5	12.544500
57.266667	0.5	12.540200
57.275000	0.5	12.541450
57.283333	0.5	12.534750
57.291667	0.5	12.527850
57.300000	0.5	12.510250
57.308333	0.5	12.488050
57.316667	0.5	12.476250
57.325000	0.5	12.445350
57.333333	0.5	12.422500
57.341667	0.5	12.378900
57.350000	0.5	12.344100
57.358333	0.5	12.302350
57.366667	0.5	12.260450
57.375000	0.5	12.205750
57.383333	0.5	12.149850
57.391667	0.5	12.104850
57.400000	0.5	12.031900
57.408333	0.5	11.975350
57.416667	0.5	11.901750
57.425000	0.5	11.831550
57.433333	0.5	11.769500
57.441667	0.5	11.690350
57.450000	0.5	11.620000
57.458333	0.5	11.536550
57.466667	0.5	11.462050
57.475000	0.5	11.377600
57.483333	0.5	11.308550
57.491667	0.5	11.234100
57.500000	0.5	11.165200
57.508333	0.5	11.091250
57.516667	0.5	11.020500
57.525000	0.5	10.955750
57.533333	0.5	10.895550
57.541667	0.5	10.854600
57.550000	0.5	10.784500
57.558333	0.5	10.734550
57.566667	0.5	10.686650
57.575000	0.5	10.645000
57.583333	0.5	10.599500
57.591667	0.5	10.560600
57.600000	0.5	10.525300
57.608333	0.5	10.498050
57.616667	0.5	10.464300
57.625000	0.5	10.438900
57.633333	0.5	10.416500
57.641667	0.5	10.388300
57.650000	0.5	10.369900
57.658333	0.5	10.343200
57.666667	0.5	10.325800
57.675000	0.5	10.306950
57.683333	0.5	10.284650
57.691667	0.5	10.265900
57.700000	0.5	10.250450
57.708333	0.5	10.235850
57.716667	0.5	10.213850
57.725000	0.5	10.202700
57.733333	0.5	10.187000
57.741667	0.5	10.176400
57.750000	0.5	10.157900
57.758333	0.5	10.141800
57.766667	0.5	10.128950
57.775000	0.5	10.108800
57.783333	0.5	10.100500
57.791667	0.5	10.085750
57.800000	0.5	10.069950
57.808333	0.5	10.058300
57.816667	0.5	10.048450
57.825000	0.5	10.047350
57.833333	0.5	10.030400
57.841667	0.5	10.022700
57.850000	0.5	10.015800
57.858333	0.5	10.008900
57.866667	0.5	10.010700
57.875000	0.5	9.993600
57.883333	0.5	9.988150
57.891667	0.5	9.983350
57.900000	0.5	9.984800
57.908333	0.5	9.979650
57.916667	0.5	9.981900
57.925000	0.5	9.986400
57.933333	0.5	9.983000
57.941667	0.5	9.978450
57.950000	0.5	9.987550
57.958333	0.5	9.979750
57.966667	0.5	9.979850
57.975000	0.5	9.972150
57.983333	0.5	9.977050
57.991667	0.5	9.985200
58.000000	0.5	9.969400
58.008333	0.5	9.960550
58.016667	0.5	9.954050
58.025000	0.5	9.948300
58.033333	0.5	9.934650
58.041667	0.5	9.924500
58.050000	0.5	9.918100
58.058333	0.5	9.904450
58.066667	0.5	9.893100
58.075000	0.5	9.886900
58.083333	0.5	9.872500
58.091667	0.5	9.868850
58.100000	0.5	9.861100
58.108333	0.5	9.862750
58.116667	0.5	9.858300
58.125000	0.5	9.849650
58.133333	0.5	9.859150
58.141667	0.5	9.855350
58.150000	0.5	9.866700
58.158333	0.5	9.860200
58.166667	0.5	9.869100
58.175000	0.5	9.873450
58.183333	0.5	9.870850
58.191667	0.5	9.876050
58.200000	0.5	9.876250
58.208333	0.5	9.885500
58.216667	0.5	9.874500
58.225000	0.5	9.879950
58.233333	0.5	9.868050
58.241667	0.5	9.860300
58.250000	0.5	9.852650
58.258333	0.5	9.834950
58.266667	0.5	9.832300
58.275000	0.5	9.809600
58.283333	0.5	9.796250
58.291667	0.5	9.778200
58.300000	0.5	9.760350
58.308333	0.5	9.744850
58.316667	0.5	9.721100
58.325000	0.5	9.697000
58.333333	0.5	9.673750
58.341667	0.5	9.645200
58.350000	0.5	9.630150
58.358333	0.5	9.596350
58.366667	0.5	9.571450
58.375000	0.5	9.539100
58.383333	0.5	9.503100
58.391667	0.5	9.481650
58.400000	0.5	9.447900
58.408333	0.5	9.416700
58.416667	0.5	9.383800
58.425000	0.5	9.350500
58.433333	0.5	9.320550
58.441667	0.5	9.284750
58.450000	0.5	9.268150
58.458333	0.5	9.225300
58.466667	0.5	9.196400
58.475000	0.5	9.171800
58.483333	0.5	9.139100
58.491667	0.5	9.120700
58.500000	0.5	9.100200
58.508333	0.5	9.067450
58.516667	0.5	9.060850
58.525000	0.5	9.028950
58.533333	0.5	9.015500
58.541667	0.5	9.017500
58.550000	0.5	9.008750
58.558333	0.5	9.008300
58.566667	0.5	9.002000
58.575000	0.5	9.019950
58.583333	0.5	9.040550
58.591667	0.5	9.083350
58.600000	0.5	9.095950
58.608333	0.5	9.139300
58.616667	0.5	9.184550
58.625000	0.5	9.237050
58.633333	0.5	9.287350
58.641667	0.5	9.355250
58.650000	0.5	9.425900
58.658333	0.5	9.517100
58.666667	0.5	9.586050
58.675000	0.5	9.670850
58.683333	0.5	9.754100
58.691667	0.5	9.854050
58.700000	0.5	9.951850
58.708333	0.5	10.059100
58.716667	0.5	10.158150
58.725000	0.5	10.256850
58.733333	0.5	10.356650
58.741667	0.5	10.462250
58.750000	0.5	10.565250
58.758333	0.5	10.649950
58.766667	0.5	10.749250
58.775000	0.5	10.824050
58.783333	0.5	10.904200
58.791667	0.5	10.982600
58.800000	0.5	11.052450
58.808333	0.5	11.104750
58.816667	0.5	11.173350
58.825000	0.5	11.222000
58.833333	0.5	11.266200
58.841667	0.5	11.316450
58.850000	0.5	11.344850
58.858333	0.5	11.376350
58.866667	0.5	11.401650
58.875000	0.5	11.427500
58.883333	0.5	11.422650
58.891667	0.5	11.442350
58.900000	0.5	11.439800
58.908333	0.5	11.433950
58.916667	0.5	11.436100
58.925000	0.5	11.432600
58.933333	0.5	11.417000
58.941667	0.5	11.393700
58.950000	0.5	11.375450
58.958333	0.5	11.356000
58.966667	0.5	11.330200
58.975000	0.5	11.314850
58.983333	0.5	11.280250
58.991667	0.5	11.244550
59.000000	0.5	11.219350
59.008333	0.5	11.179950
59.016667	0.5	11.144800
59.025000	0.5	11.096750
59.033333	0.5	11.059200
59.041667	0.5	11.021350
59.050000	0.5	10.977500
59.058333	0.5	10.944050
59.066667	0.5	10.909900
59.075000	0.5	10.864650
59.083333	0.5	10.814550
59.091667	0.5	10.770350
59.100000	0.5	10.729850
59.108333	0.5	10.696000
59.116667	0.5	10.665900
59.125000	0.5	10.627900
59.133333	0.5	10.602800
59.141667	0.5	10.574850
59.150000	0.5	10.550050
59.158333	0.5	10.526350
59.166667	0.5	10.515500
59.175000	0.5	10.507900
59.183333	0.5	10.497350
59.191667	0.5	10.499750
59.200000	0.5	10.509500
59.208333	0.5	10.527700
59.216667	0.5	10.541000
59.225000	0.5	10.580250
59.233333	0.5	10.622750
59.241667	0.5	10.663150
59.250000	0.5	10.717350
59.258333	0.5	10.775900
59.266667	0.5	10.842300
59.275000	0.5	10.916050
59.283333	0.5	10.986700
59.291667	0.5	11.068450
59.300000	0.5	11.157200
59.308333	0.5	11.228400
59.316667	0.5	11.316450
59.325000	0.5	11.400750
59.333333	0.5	11.485400
59.341667	0.5	11.566000
59.350000	0.5	11.640750
59.358333	0.5	11.710900
59.366667	0.5	11.770950
59.375000	0.5	11.842250
59.383333	0.5	11.904650
59.391667	0.5	11.949200
59.400000	0.5	11.994550
59.408333	0.5	12.023000
59.416667	0.5	12.057300
59.425000	0.5	12.079400
59.433333	0.5	12.100150
59.441667	0.5	12.109900
59.450000	0.5	12.113550
59.458333	0.5	12.108450
59.466667	0.5	12.096700
59.475000	0.5	12.073400
59.483333	0.5	12.052850
59.491667	0.5	12.017900
59.500000	0.5	11.981700
59.508333	0.5	11.938850
59.516667	0.5	11.885500
59.525000	0.5	11.839000
59.533333	0.5	11.765000
59.541667	0.5	11.710500
59.550000	0.5	11.644950
59.558333	0.5	11.564150
59.566667	0.5	11.489050
59.575000	0.5	11.419700
59.583333	0.5	11.330750
59.591667	0.5	11.256700
59.600000	0.5	11.171550
59.608333	0.5	11.105450
59.616667	0.5	11.017550
59.625000	0.5	10.941600
59.633333	0.5	10.871250
59.641667	0.5	10.794400
59.650000	0.5	10.727250
59.658333	0.5	10.667000
59.666667	0.5	10.606200
59.675000	0.5	10.547800
59.683333	0.5	10.490500
59.691667	0.5	10.445050
59.700000	0.5	10.392250
59.708333	0.5	10.361700
59.716667	0.5	10.316300
59.725000	0.5	10.277850
59.733333	0.5	10.247250
59.741667	0.5	10.223000
59.750000	0.5	10.204200
59.758333	0.5	10.178000
59.766667	0.5	10.154050
59.775000	0.5	10.153200
59.783333	0.5	10.126350
59.791667	0.5	10.112650
59.800000	0.5	10.098250
59.808333	0.5	10.082250
59.816667	0.5	10.078550
59.825000	0.5	10.059900
59.833333	0.5	10.055200
59.841667	0.5	10.052500
59.850000	0.5	10.043000
59.858333	0.5	10.029300
59.866667	0.5	10.035000
59.875000	0.5	10.020900
59.883333	0.5	10.018250
59.891667	0.5	10.014300
59.900000	0.5	10.003150
59.908333	0.5	9.993950
59.916667	0.5	9.994350
59.925000	0.5	9.983000
59.933333	0.5	9.989150
59.941667	0.5	9.975200
59.950000	0.5	9.982050
59.958333	0.5	9.982650
59.966667	0.5	9.965250
59.975000	0.5	9.972500
59.983333	0.5	9.962500
59.991667	0.5	9.953200
60.000000	0.5	9.955150
60.008333	0.5	9.948600
60.016667	0.5	9.943300
60.025000	0.5	9.934200
60.033333	0.5	9.932750
60.041667	0.5	9.929150
60.050000	0.5	9.923900
60.058333	0.5	9.923500
60.066667	0.5	9.907350
60.075000	0.5	9.896950
60.083333	0.5	9.884650
60.091667	0.5	9.886500
60.100000	0.5	9.862950
60.108333	0.5	9.866650
60.116667	0.5	9.843100
60.125000	0.5	9.830000
60.133333	0.5	9.823150
60.141667	0.5	9.808050
60.150000	0.5	9.785600
60.158333	0.5	9.785300
60.166667	0.5	9.760050
60.175000	0.5	9.746500
60.183333	0.5	9.733450
60.191667	0.5	9.709450
60.200000	0.5	9.698150
60.208333	0.5	9.677950
60.216667	0.5	9.675650
60.225000	0.5	9.680700
60.233333	0.5	9.656400
60.241667	0.5	9.650650
60.250000	0.5	9.639500
60.258333	0.5	9.639100
60.266667	0.5	9.648550
60.275000	0.5	9.650950
60.283333	0.5	9.667200
60.291667	0.5	9.680450
60.300000	0.5	9.696700
60.308333	0.5	9.730300
60.316667	0.5	9.766750
60.325000	0.5	9.811400
60.333333	0.5	9.860350
60.341667	0.5	9.923200
60.350000	0.5	9.978200
60.358333	0.5	10.043100
60.366667	0.5	10.111500
60.375000	0.5	10.190550
60.383333	0.5	10.261150
60.391667	0.5	10.346950
60.400000	0.5	10.430500
60.408333	0.5	10.511000
60.416667	0.5	10.589950
60.425000	0.5	10.667650
60.433333	0.5	10.752300
60.441667	0.5	10.845800
60.450000	0.5	10.926650
60.458333	0.5	11.014550
60.466667	0.5	11.093900
60.475000	0.5	11.185750
60.483333	0.5	11.263250
60.491667	0.5	11.346350
60.500000	0.5	11.426600
60.508333	0.5	11.506950
60.516667	0.5	11.577400
60.525000	0.5	11.635950
60.533333	0.5	11.691200
60.541667	0.5	11.752550
60.550000	0.5	11.804750
60.558333	0.5	11.854850
60.566667	0.5	11.883900
60.575000	0.5	11.926900
60.583333	0.5	11.956350
60.591667	0.5	11.968800
60.600000	0.5	11.988000
60.608333	0.5	11.993200
60.616667	0.5	11.999500
60.625000	0.5	11.988200
60.633333	0.5	11.978100
60.641667	0.5	11.965700
60.650000	0.5	11.931850
60.658333	0.5	11.905750
60.666667	0.5	11.876050
60.675000	0.5	11.826750
60.683333	0.5	11.794150
60.691667	0.5	11.735500
60.700000	0.5	11.676200
60.708333	0.5	11.628600
60.716667	0.5	11.543950
60.725000	0.5	11.471200
60.733333	0.5	11.397000
60.741667	0.5	11.317050
60.750000	0.5	11.235700
60.758333	0.5	11.159800
60.766667	0.5	11.071550
60.775000	0.5	10.980250
60.783333	0.5	10.898700
60.791667	0.5	10.802700
60.800000	0.5	10.713750
60.808333	0.5	10.633600
60.816667	0.5	10.553250
60.825000	0.5	10.457950
60.833333	0.5	10.387800
60.841667	0.5	10.302600
60.850000	0.5	10.231100
60.858333	0.5	10.162350
60.866667	0.5	10.102250
60.875000	0.5	10.047850
60.883333	0.5	10.004200
60.891667	0.5	9.966150
60.900000	0.5	9.926950
60.908333	0.5	9.893600
60.916667	0.5	9.870900
60.925000	0.5	9.853650
60.933333	0.5	9.838750
60.941667	0.5	9.840500
60.950000	0.5	9.844500
60.958333	0.5	9.851300
60.966667	0.5	9.867100
60.975000	0.5	9.871200
60.983333	0.5	9.903000
60.991667	0.5	9.924500
61.000000	0.5	9.963650
61.008333	0.5	9.994300
61.016667	0.5	10.024150
61.025000	0.5	10.065550
61.033333	0.5	10.114600
61.041667	0.5	10.161250
61.050000	0.5	10.208900
61.058333	0.5	10.261700
61.066667	0.5	10.317650
61.075000	0.5	10.384300
61.083333	0.5	10.435200
61.091667	0.5	10.494400
61.100000	0.5	10.561350
61.108333	0.5	10.618450
61.116667	0.5	10.685250
61.125000	0.5	10.745850
61.133333	0.5	10.825000
61.141667	0.5	10.876000
61.150000	0.5	10.947450
61.158333	0.5	11.012800
61.166667	0.5	11.073100
61.175000	0.5	11.133300
61.183333	0.5	11.194100
61.191667	0.5	11.240150
61.200000	0.5	11.300050
61.208333	0.5	11.334900
61.216667	0.5	11.374900
61.225000	0.5	11.423000
61.233333	0.5	11.445900
61.241667	0.5	11.473700
61.250000	0.5	11.507800
61.258333	0.5	11.503850
61.266667	0.5	11.514000
61.275000	0.5	11.506700
61.283333	0.5	11.501100
61.291667	0.5	11.457600
61.300000	0.5	11.438050
61.308333	0.5	11.395550
61.316667	0.5	11.350450
61.325000	0.5	11.276100
61.333333	0.5	11.205500
61.341667	0.5	11.134000
61.350000	0.5	11.042300
61.358333	0.5	10.950050
61.366667	0.5	10.839300
61.375000	0.5	10.725150
61.383333	0.5	10.614400
61.391667	0.5	10.489150
61.400000	0.5	10.360350
61.408333	0.5	10.221000
61.416667	0.5	10.087050
61.425000	0.5	9.967500
61.433333	0.5	9.861350
61.441667	0.5	9.710450
61.450000	0.5	9.582850
61.458333	0.5	9.464600
61.466667	0.5	9.340850
61.475000	0.5	9.229650
61.483333	0.5	9.122550
61.491667	0.5	9.028600
61.500000	0.5	8.928350
61.508333	0.5	8.838000
61.516667	0.5	8.757800
61.525000	0.5	8.684200
61.533333	0.5	8.615450
61.541667	0.5	8.553450
61.550000	0.5	8.496600
61.558333	0.5	8.443600
61.566667	0.5	8.415700
61.575000	0.5	8.359600
61.583333	0.5	8.319800
61.591667	0.5	8.288300
61.600000	0.5	8.249400
61.608333	0.5	8.224050
61.616667	0.5	8.204500
61.625000	0.5	8.187150
61.633333	0.5	8.172250
61.641667	0.5	8.160050
61.650000	0.5	8.151050
61.658333	0.5	8.160900
61.666667	0.5	8.142750
61.675000	0.5	8.141200
61.683333	0.5	8.148750
61.691667	0.5	8.161800
61.700000	0.5	8.162050
61.708333	0.5	8.177400
61.716667	0.5	8.192000
61.725000	0.5	8.218300
61.733333	0.5	8.237200
61.741667	0.5	8.256050
61.750000	0.5	8.277850
61.758333	0.5	8.318600
61.766667	0.5	8.344200
61.775000	0.5	8.383950
61.783333	0.5	8.418650
61.791667	0.5	8.454250
61.800000	0.5	8.507550
61.808333	0.5	8.550900
61.816667	0.5	8.613200
61.825000	0.5	8.662400
61.833333	0.5	8.713150
61.841667	0.5	8.782600
61.850000	0.5	8.845350
61.858333	0.5	8.901100
61.866667	0.5	8.978050
61.875000	0.5	9.048000
61.883333	0.5	9.116100
61.891667	0.5	9.195350
61.900000	0.5	9.260950
61.908333	0.5	9.333500
61.916667	0.5	9.403150
61.925000	0.5	9.472850
61.933333	0.5	9.557400
61.941667	0.5	9.606900
61.950000	0.5	9.669650
61.958333	0.5	9.750650
61.966667	0.5	9.794200
61.975000	0.5	9.844150
61.983333	0.5	9.879150
61.991667	0.5	9.926700
62.000000	0.5	9.956400
62.008333	0.5	9.974450
62.016667	0.5	10.000900
62.025000	0.5	10.006450
62.033333	0.5	10.016450
62.041667	0.5	10.016300
62.050000	0.5	10.024350
62.058333	0.5	10.032650
62.066667	0.5	10.027350
62.075000	0.5	10.026650
62.083333	0.5	10.036350
62.091667	0.5	10.043800
62.100000	0.5	10.032600
62.108333	0.5	10.026500
62.116667	0.5	10.019150
62.125000	0.5	10.021700
62.133333	0.5	10.012450
62.141667	0.5	10.011450
62.150000	0.5	10.002750
62.158333	0.5	10.009750
62.166667	0.5	10.007250
62.175000	0.5	10.007850
62.183333	0.5	10.009950
62.191667	0.5	10.019100
62.200000	0.5	10.027750
62.208333	0.5	10.041450
62.216667	0.5	10.062650
62.225000	0.5	10.062950
62.233333	0.5	10.071800
62.241667	0.5	10.089650
62.250000	0.5	10.109600
62.258333	0.5	10.114950
62.266667	0.5	10.123200
62.275000	0.5	10.154100
62.283333	0.5	10.178200
62.291667	0.5	10.185000
62.300000	0.5	10.203800
62.308333	0.5	10.220500
62.316667	0.5	10.254200
62.325000	0.5	10.263400
62.333333	0.5	10.273150
62.341667	0.5	10.287950
62.350000	0.5	10.304200
62.358333	0.5	10.327250
62.366667	0.5	10.341550
62.375000	0.5	10.367700
62.383333	0.5	10.377650
62.391667	0.5	10.393250
62.400000	0.5	10.411750
62.408333	0.5	10.422100
62.416667	0.5	10.436750
62.425000	0.5	10.454150
62.433333	0.5	10.474500
62.441667	0.5	10.475100
62.450000	0.5	10.498550
62.458333	0.5	10.511150
62.466667	0.5	10.521300
62.475000	0.5	10.532650
62.483333	0.5	10.545600
62.491667	0.5	10.564050
62.500000	0.5	10.572250
62.508333	0.5	10.579750
62.516667	0.5	10.582850
62.525000	0.5	10.584600
62.533333	0.5	10.581300
62.541667	0.5	10.587050
62.550000	0.5	10.596800
62.558333	0.5	10.591800
62.566667	0.5	10.600550
62.575000	0.5	10.596500
62.583333	0.5	10.594400
62.591667	0.5	10.602650
62.600000	0.5	10.607900
62.608333	0.5	10.622950
62.616667	0.5	10.625800
62.625000	0.5	10.625850
62.633333	0.5	10.623400
62.641667	0.5	10.640550
62.650000	0.5	10.654100
62.658333	0.5	10.652550
62.666667	0.5	10.661800
62.675000	0.5	10.670350
62.683333	0.5	10.667000
62.691667	0.5	10.679550
62.700000	0.5	10.698650
62.708333	0.5	10.692200
62.716667	0.5	10.707950
62.725000	0.5	10.697950
62.733333	0.5	10.700100
62.741667	0.5	10.709800
62.750000	0.5	10.711950
62.758333	0.5	10.720250
62.766667	0.5	10.747000
62.775000	0.5	10.729850
62.783333	0.5	10.729700
62.791667	0.5	10.734850
62.800000	0.5	10.738800
62.808333	0.5	10.736900
62.816667	0.5	10.738550
62.825000	0.5	10.739600
62.833333	0.5	10.742300
62.841667	0.5	10.740300
62.850000	0.5	10.737350
62.858333	0.5	10.743100
62.866667	0.5	10.744150
62.875000	0.5	10.746150
62.883333	0.5	10.740600
62.891667	0.5	10.751600
62.900000	0.5	10.741600
62.908333	0.5	10.731800
62.916667	0.5	10.728450
62.925000	0.5	10.724650
62.933333	0.5	10.728850
62.941667	0.5	10.715200
62.950000	0.5	10.707100
62.958333	0.5	10.706200
62.966667	0.5	10.699250
62.975000	0.5	10.691850
62.983333	0.5	10.689000
62.991667	0.5	10.681450
63.000000	0.5	10.668250
63.008333	0.5	10.660650
63.016667	0.5	10.665300
63.025000	0.5	10.648550
63.033333	0.5	10.640550
63.041667	0.5	10.644800
63.050000	0.5	10.624600
63.058333	0.5	10.625650
63.066667	0.5	10.618200
63.075000	0.5	10.608750
63.083333	0.5	10.609700
63.091667	0.5	10.596700
63.100000	0.5	10.595850
63.108333	0.5	10.586600
63.116667	0.5	10.575850
63.125000	0.5	10.569100
63.133333	0.5	10.562800
63.141667	0.5	10.551200
63.150000	0.5	10.556750
63.158333	0.5	10.557000
63.166667	0.5	10.541750
63.175000	0.5	10.533250
63.183333	0.5	10.525600
63.191667	0.5	10.526000
63.200000	0.5	10.520050
63.208333	0.5	10.509800
63.216667	0.5	10.512900
63.225000	0.5	10.505000
63.233333	0.5	10.507650
63.241667	0.5	10.493750
63.250000	0.5	10.483650
63.258333	0.5	10.484100
63.266667	0.5	10.469700
63.275000	0.5	10.466900
63.283333	0.5	10.474250
63.291667	0.5	10.462800
63.300000	0.5	10.448900
63.308333	0.5	10.439650
63.316667	0.5	10.438500
63.325000	0.5	10.439100
63.333333	0.5	10.424650
63.341667	0.5	10.437750
63.350000	0.5	10.405450
63.358333	0.5	10.399000
63.366667	0.5	10.394800
63.375000	0.5	10.395750
63.383333	0.5	10.392000
63.391667	0.5	10.392850
63.400000	0.5	10.372650
63.408333	0.5	10.356900
63.416667	0.5	10.357400
63.425000	0.5	10.376900
63.433333	0.5	10.350000
63.441667	0.5	10.357550
63.450000	0.5	10.348650
63.458333	0.5	10.365200
63.466667	0.5	10.357500
63.475000	0.5	10.364900
63.483333	0.5	10.371950
63.491667	0.5	10.378850
63.500000	0.5	10.390700
63.508333	0.5	10.421250
63.516667	0.5	10.437100
63.525000	0.5	10.442950
63.533333	0.5	10.458550
63.541667	0.5	10.472700
63.550000	0.5	10.502500
63.558333	0.5	10.523950
63.566667	0.5	10.558100
63.575000	0.5	10.590450
63.583333	0.5	10.615250
63.591667	0.5	10.637800
63.600000	0.5	10.682250
63.608333	0.5	10.717100
63.616667	0.5	10.751100
63.625000	0.5	10.777300
63.633333	0.5	10.812100
63.641667	0.5	10.846950
63.650000	0.5	10.879550
63.658333	0.5	10.917200
63.666667	0.5	10.940350
63.675000	0.5	10.979100
63.683333	0.5	10.993800
63.691667	0.5	11.014550
63.700000	0.5	11.043600
63.708333	0.5	11.056050
63.716667	0.5	11.073200
63.725000	0.5	11.090950
63.733333	0.5	11.099600
63.741667	0.5	11.112700
63.750000	0.5	11.116700
63.758333	0.5	11.123750
63.766667	0.5	11.130800
63.775000	0.5	11.122500
63.783333	0.5	11.115700
63.791667	0.5	11.120550
63.800000	0.5	11.109050
63.808333	0.5	11.088850
63.816667	0.5	11.086950
63.825000	0.5	11.077250
63.833333	0.5	11.063400
63.841667	0.5	11.045050
63.850000	0.5	11.046700
63.858333	0.5	11.016200
63.866667	0.5	10.998600
63.875000	0.5	10.977900
63.883333	0.5	10.960450
63.891667	0.5	10.934950
63.900000	0.5	10.921900
63.908333	0.5	10.903350
63.916667	0.5	10.876450
63.925000	0.5	10.846600
63.933333	0.5	10.822500
63.941667	0.5	10.795800
63.950000	0.5	10.748250
63.958333	0.5	10.668450
63.966667	0.5	10.574050
63.975000	0.5	10.453650
63.983333	0.5	10.327100
63.991667	0.5	10.186200
64.000000	0.5	10.064050
64.008333	0.5	9.955950
64.016667	0.5	9.855950
64.025000	0.5	9.765300
64.033333	0.5	9.698300
64.041667	0.5	9.620100
64.050000	0.5	9.582500
64.058333	0.5	9.531500
64.066667	0.5	9.490300
64.075000	0.5	9.459800
64.083333	0.5	9.434550
64.091667	0.5	9.387500
64.100000	0.5	9.368900
64.108333	0.5	9.318950
64.116667	0.5	9.293950
64.125000	0.5	9.252750
64.133333	0.5	9.208250
64.141667	0.5	9.168450
64.150000	0.5	9.123250
64.158333	0.5	9.073550
64.166667	0.5	9.029100
64.175000	0.5	8.982450
64.183333	0.5	8.944750
64.191667	0.5	8.915700
64.200000	0.5	8.879100
64.208333	0.5	8.846550
64.216667	0.5	8.818450
64.225000	0.5	8.805350
64.233333	0.5	8.784500
64.241667	0.5	8.759500
64.250000	0.5	8.763100
64.258333	0.5	8.725150
64.266667	0.5	8.700100
64.275000	0.5	8.683650
64.283333	0.5	8.659150
64.291667	0.5	8.636900
64.300000	0.5	8.614950
64.308333	0.5	8.614750
64.316667	0.5	8.575650
64.325000	0.5	8.555000
64.333333	0.5	8.531550
64.341667	0.5	8.536700
64.350000	0.5	8.490150
64.358333	0.5	8.465250
64.366667	0.5	8.448750
64.375000	0.5	8.426050
64.383333	0.5	8.404850
64.391667	0.5	8.392100
64.400000	0.5	8.379600
64.408333	0.5	8.359250
64.416667	0.5	8.348000
64.425000	0.5	8.340400
64.433333	0.5	8.328800
64.441667	0.5	8.308750
64.450000	0.5	8.296100
64.458333	0.5	8.287250
64.466667	0.5	8.260000
64.475000	0.5	8.253550
64.483333	0.5	8.234750
64.491667	0.5	8.225850
64.500000	0.5	8.219400
64.508333	0.5	8.207950
64.516667	0.5	8.194250
64.525000	0.5	8.200150
64.533333	0.5	8.170850
64.541667	0.5	8.157000
64.550000	0.5	8.147500
64.558333	0.5	8.135400
64.566667	0.5	8.126850
64.575000	0.5	8.117700
64.583333	0.5	8.104200
64.591667	0.5	8.098150
64.600000	0.5	8.091350
64.608333	0.5	8.079500
64.616667	0.5	8.064850
64.625000	0.5	8.064950
64.633333	0.5	8.048150
64.641667	0.5	8.050150
64.650000	0.5	8.040800
64.658333	0.5	8.035000
64.666667	0.5	8.024250
64.675000	0.5	8.041050
64.683333	0.5	8.011050
64.691667	0.5	8.009450
64.700000	0.5	8.006100
64.708333	0.5	7.991900
64.716667	0.5	7.985850
64.725000	0.5	7.992550
64.733333	0.5	7.976900
64.741667	0.5	7.970100
64.750000	0.5	7.972900
64.758333	0.5	7.968600
64.766667	0.5	7.960650
64.775000	0.5	7.951300
64.783333	0.5	7.947350
64.791667	0.5	7.947500
64.800000	0.5	7.942900
64.808333	0.5	7.930200
64.816667	0.5	7.939450
64.825000	0.5	7.929200
64.833333	0.5	7.912850
64.841667	0.5	7.912350
64.850000	0.5	7.907250
64.858333	0.5	7.902850
64.866667	0.5	7.900400
64.875000	0.5	7.903100
64.883333	0.5	7.895750
64.891667	0.5	7.885050
64.900000	0.5	7.879750
64.908333	0.5	7.876600
64.916667	0.5	7.887300
64.925000	0.5	7.865250
64.933333	0.5	7.856350
64.941667	0.5	7.857550
64.950000	0.5	7.860900
64.958333	0.5	7.852000
64.966667	0.5	7.847450
64.975000	0.5	7.849150
64.983333	0.5	7.834400
64.991667	0.5	7.845450
65.000000	0.5	7.829950
65.008333	0.5	7.834100
65.016667	0.5	7.826900
65.025000	0.5	7.826100
65.033333	0.5	7.821500
65.041667	0.5	7.819100
65.050000	0.5	7.819950
65.058333	0.5	7.809500
65.066667	0.5	7.806850
65.075000	0.5	7.809700
65.083333	0.5	7.817850
65.091667	0.5	7.807700
65.100000	0.5	7.802350
65.108333	0.5	7.806700
65.116667	0.5	7.804200
65.125000	0.5	7.796500
65.133333	0.5	7.804250
65.141667	0.5	7.809350
65.150000	0.5	7.806750
65.158333	0.5	7.801550
65.166667	0.5	7.808850
65.175000	0.5	7.808500
65.183333	0.5	7.811050
65.191667	0.5	7.815050
65.200000	0.5	7.818750
65.208333	0.5	7.817150
65.216667	0.5	7.817900
65.225000	0.5	7.824650
65.233333	0.5	7.826500
65.241667	0.5	7.834500
65.250000	0.5	7.835800
65.258333	0.5	7.834550
65.266667	0.5	7.840900
65.275000	0.5	7.848650
65.283333	0.5	7.847550
65.291667	0.5	7.854350
65.300000	0.5	7.847000
65.308333	0.5	7.857900
65.316667	0.5	7.863850
65.325000	0.5	7.861750
65.333333	0.5	7.866450
65.341667	0.5	7.873350
65.350000	0.5	7.880850
65.358333	0.5	7.882750
65.366667	0.5	7.890850
65.375000	0.5	7.886700
65.383333	0.5	7.888700
65.391667	0.5	7.891200
65.400000	0.5	7.889150
65.408333	0.5	7.887550
65.416667	0.5	7.891750
65.425000	0.5	7.902550
65.433333	0.5	7.899150
65.441667	0.5	7.901400
65.450000	0.5	7.904300
65.458333	0.5	7.914250
65.466667	0.5	7.899150
65.475000	0.5	7.897800
65.483333	0.5	7.905300
65.491667	0.5	7.899800
65.500000	0.5	7.907400
65.508333	0.5	7.904700
65.516667	0.5	7.895150
65.525000	0.5	7.897550
65.533333	0.5	7.898800
65.541667	0.5	7.899100
65.550000	0.5	7.910100
65.558333	0.5	7.908500
65.566667	0.5	7.900400
65.575000	0.5	7.902300
65.583333	0.5	7.908850
65.591667	0.5	7.903250
65.600000	0.5	7.900900
65.608333	0.5	7.904450
65.616667	0.5	7.905400
65.625000	0.5	7.900700
65.633333	0.5	7.904900
65.641667	0.5	7.904750
65.650000	0.5	7.906700
65.658333	0.5	7.903950
65.666667	0.5	7.898350
65.675000	0.5	7.901550
65.683333	0.5	7.913350
65.691667	0.5	7.905350
65.700000	0.5	7.903900
65.708333	0.5	7.904750
65.716667	0.5	7.909450
65.725000	0.5	7.908300
65.733333	0.5	7.911400
65.741667	0.5	7.909000
65.750000	0.5	7.909700
65.758333	0.5	7.919100
65.766667	0.5	7.919200
65.775000	0.5	7.916350
65.783333	0.5	7.918800
65.791667	0.5	7.920900
65.800000	0.5	7.926050
65.808333	0.5	7.922300
65.816667	0.5	7.922350
65.825000	0.5	7.921400
65.833333	0.5	7.919250
65.841667	0.5	7.927150
65.850000	0.5	7.923600
65.858333	0.5	7.936500
65.866667	0.5	7.926850
65.875000	0.5	7.937550
65.883333	0.5	7.922200
65.891667	0.5	7.930900
65.900000	0.5	7.928250
65.908333	0.5	7.919750
65.916667	0.5	7.932050
65.925000	0.5	7.930050
65.933333	0.5	7.926200
65.941667	0.5	7.927400
65.950000	0.5	7.920000
65.958333	0.5	7.922650
65.966667	0.5	7.930050
65.975000	0.5	7.932800
65.983333	0.5	7.939700
65.991667	0.5	7.926050
66.000000	0.5	7.922300
66.008333	0.5	7.933550
66.016667	0.5	7.923450
66.025000	0.5	7.923400
66.033333	0.5	7.923150
66.041667	0.5	7.929600
66.050000	0.5	7.918200
66.058333	0.5	7.920550
66.066667	0.5	7.927000
66.075000	0.5	7.935950
66.083333	0.5	7.924400
66.091667	0.5	7.923250
66.100000	0.5	7.941750
66.108333	0.5	7.924400
66.116667	0.5	7.926800
66.125000	0.5	7.925350
66.133333	0.5	7.928700
66.141667	0.5	7.931950
66.150000	0.5	7.935500
66.158333	0.5	7.958350
66.166667	0.5	7.936050
66.175000	0.5	7.942100
66.183333	0.5	7.939550
66.191667	0.5	7.938400
66.200000	0.5	7.947150
66.208333	0.5	7.948850
66.216667	0.5	7.952700
66.225000	0.5	7.970550
66.233333	0.5	7.952100
66.241667	0.5	7.955400
66.250000	0.5	7.981850
66.258333	0.5	7.961200
66.266667	0.5	7.972950
66.275000	0.5	7.972750
66.283333	0.5	7.980750
66.291667	0.5	7.988550
66.300000	0.5	7.989350
66.308333	0.5	7.991300
66.316667	0.5	8.007500
66.325000	0.5	8.016000
66.333333	0.5	8.012350
66.341667	0.5	8.031550
66.350000	0.5	8.043850
66.358333	0.5	8.052350
66.366667	0.5	8.056400
66.375000	0.5	8.066800
66.383333	0.5	8.082550
66.391667	0.5	8.108400
66.400000	0.5	8.118350
66.408333	0.5	8.136750
66.416667	0.5	8.157650
66.425000	0.5	8.179450
66.433333	0.5	8.201300
66.441667	0.5	8.226750
66.450000	0.5	8.246500
66.458333	0.5	8.276250
66.466667	0.5	8.303700
66.475000	0.5	8.333300
66.483333	0.5	8.359250
66.491667	0.5	8.398850
66.500000	0.5	8.444550
66.508333	0.5	8.468500
66.516667	0.5	8.506550
66.525000	0.5	8.545400
66.533333	0.5	8.591550
66.541667	0.5	8.634500
66.550000	0.5	8.668250
66.558333	0.5	8.702100
66.566667	0.5	8.748000
66.575000	0.5	8.807050
66.583333	0.5	8.833550
66.591667	0.5	8.876100
66.600000	0.5	8.932050
66.608333	0.5	8.960950
66.616667	0.5	8.999900
66.625000	0.5	9.038900
66.633333	0.5	9.073700
66.641667	0.5	9.112150
66.650000	0.5	9.146900
66.658333	0.5	9.175200
66.666667	0.5	9.234900
66.675000	0.5	9.247900
66.683333	0.5	9.281000
66.691667	0.5	9.320000
66.700000	0.5	9.334850
66.708333	0.5	9.360250
66.716667	0.5	9.386050
66.725000	0.5	9.395150
66.733333	0.5	9.419050
66.741667	0.5	9.432900
66.750000	0.5	9.453450
66.758333	0.5	9.458850
66.766667	0.5	9.469600
66.775000	0.5	9.468800
66.783333	0.5	9.474550
66.791667	0.5	9.474400
66.800000	0.5	9.478750
66.808333	0.5	9.481750
66.816667	0.5	9.463700
66.825000	0.5	9.465850
66.833333	0.5	9.462400
66.841667	0.5	9.459750
66.850000	0.5	9.446750
66.858333	0.5	9.423450
66.866667	0.5	9.415750
66.875000	0.5	9.398750
66.883333	0.5	9.378800
66.891667	0.5	9.361250
66.900000	0.5	9.332050
66.908333	0.5	9.317200
66.916667	0.5	9.293700
66.925000	0.5	9.269350
66.933333	0.5	9.246350
66.941667	0.5	9.223850
66.950000	0.5	9.200750
66.958333	0.5	9.177350
66.966667	0.5	9.138100
66.975000	0.5	9.108850
66.983333	0.5	9.095750
66.991667	0.5	9.053000
67.000000	0.5	9.017400
67.008333	0.5	8.995350
67.016667	0.5	8.979650
67.025000	0.5	8.940050
67.033333	0.5	8.911950
67.041667	0.5	8.876250
67.050000	0.5	8.852350
67.058333	0.5	8.822700
67.066667	0.5	8.804200
67.075000	0.5	8.776600
67.083333	0.5	8.747100
67.091667	0.5	8.732900
67.100000	0.5	8.698000
67.108333	0.5	8.674150
67.116667	0.5	8.651050
67.125000	0.5	8.628650
67.133333	0.5	8.610050
67.141667	0.5	8.591600
67.150000	0.5	8.578200
67.158333	0.5	8.560800
67.166667	0.5	8.542250
67.175000	0.5	8.530600
67.183333	0.5	8.516450
67.191667	0.5	8.502650
67.200000	0.5	8.484700
67.208333	0.5	8.489500
67.216667	0.5	8.475400
67.225000	0.5	8.460750
67.233333	0.5	8.453150
67.241667	0.5	8.452600
67.250000	0.5	8.444900
67.258333	0.5	8.438400
67.266667	0.5	8.440450
67.275000	0.5	8.431150
67.283333	0.5	8.435750
67.291667	0.5	8.437850
67.300000	0.5	8.430650
67.308333	0.5	8.431950
67.316667	0.5	8.440500
67.325000	0.5	8.433600
67.333333	0.5	8.438750
67.341667	0.5	8.439200
67.350000	0.5	8.442400
67.358333	0.5	8.455350
67.366667	0.5	8.452400
67.375000	0.5	8.465000
67.383333	0.5	8.463400
67.391667	0.5	8.473750
67.400000	0.5	8.470200
67.408333	0.5	8.479450
67.416667	0.5	8.488200
67.425000	0.5	8.490650
67.433333	0.5	8.500800
67.441667	0.5	8.508900
67.450000	0.5	8.509800
67.458333	0.5	8.524700
67.466667	0.5	8.524050
67.475000	0.5	8.532150
67.483333	0.5	8.552750
67.491667	0.5	8.548900
67.500000	0.5	8.560500
67.508333	0.5	8.567400
67.516667	0.5	8.578200
67.525000	0.5	8.581600
67.533333	0.5	8.594700
67.541667	0.5	8.610550
67.550000	0.5	8.613600
67.558333	0.5	8.616500
67.566667	0.5	8.625800
67.575000	0.5	8.636350
67.583333	0.5	8.648550
67.591667	0.5	8.663950
67.600000	0.5	8.672700
67.608333	0.5	8.675450
67.616667	0.5	8.688600
67.625000	0.5	8.708600
67.633333	0.5	8.727450
67.641667	0.5	8.728900
67.650000	0.5	8.739100
67.658333	0.5	8.749700
67.666667	0.5	8.762600
67.675000	0.5	8.779750
67.683333	0.5	8.792200
67.691667	0.5	8.804550
67.700000	0.5	8.821300
67.708333	0.5	8.836400
67.716667	0.5	8.843200
67.725000	0.5	8.861000
67.733333	0.5	8.856750
67.741667	0.5	8.873100
67.750000	0.5	8.886050
67.758333	0.5	8.890050
67.766667	0.5	8.895200
67.775000	0.5	8.914400
67.783333	0.5	8.903250
67.791667	0.5	8.900250
67.800000	0.5	8.895850
67.808333	0.5	8.884700
67.816667	0.5	8.887750
67.825000	0.5	8.867000
67.833333	0.5	8.869900
67.841667	0.5	8.836550
67.850000	0.5	8.826100
67.858333	0.5	8.802600
67.866667	0.5	8.782350
67.875000	0.5	8.762350
67.883333	0.5	8.738700
67.891667	0.5	8.718650
67.900000	0.5	8.688300
67.908333	0.5	8.663850
67.916667	0.5	8.640650
67.925000	0.5	8.623750
67.933333	0.5	8.591700
67.941667	0.5	8.577750
67.950000	0.5	8.563950
67.958333	0.5	8.543950
67.966667	0.5	8.521400
67.975000	0.5	8.508000
67.983333	0.5	8.499900
67.991667	0.5	8.496350
68.000000	0.5	8.471900
68.008333	0.5	8.464400
68.016667	0.5	8.453350
68.025000	0.5	8.459400
68.033333	0.5	8.450200
68.041667	0.5	8.449550
68.050000	0.5	8.457500
68.058333	0.5	8.475900
68.066667	0.5	8.456050
68.075000	0.5	8.470750
68.083333	0.5	8.478700
68.091667	0.5	8.492650
68.100000	0.5	8.493450
68.108333	0.5	8.498700
68.116667	0.5	8.513550
68.125000	0.5	8.515900
68.133333	0.5	8.522450
68.141667	0.5	8.528500
68.150000	0.5	8.544300
68.158333	0.5	8.549250
68.166667	0.5	8.558650
68.175000	0.5	8.586000
68.183333	0.5	8.581650
68.191667	0.5	8.595950
68.200000	0.5	8.607600
68.208333	0.5	8.613050
68.216667	0.5	8.602500
68.225000	0.5	8.616750
68.233333	0.5	8.597700
68.241667	0.5	8.581500
68.250000	0.5	8.582100
68.258333	0.5	8.571500
68.266667	0.5	8.584950
68.275000	0.5	8.592100
68.283333	0.5	8.579250
68.291667	0.5	8.582350
68.300000	0.5	8.586000
68.308333	0.5	8.596250
68.316667	0.5	8.592650
68.325000	0.5	8.604250
68.333333	0.5	8.615700
68.341667	0.5	8.619550
68.350000	0.5	8.630850
68.358333	0.5	8.638400
68.366667	0.5	8.650000
68.375000	0.5	8.664700
68.383333	0.5	8.677700
68.391667	0.5	8.672800
68.400000	0.5	8.692300
68.408333	0.5	8.702000
68.416667	0.5	8.714600
68.425000	0.5	8.728250
68.433333	0.5	8.736850
68.441667	0.5	8.753150
68.450000	0.5	8.767450
68.458333	0.5	8.785300
68.466667	0.5	8.801550
68.475000	0.5	8.809700
68.483333	0.5	8.827900
68.491667	0.5	8.844650
68.500000	0.5	8.857000
68.508333	0.5	8.878650
68.516667	0.5	8.896250
68.525000	0.5	8.922350
68.533333	0.5	8.944450
68.541667	0.5	8.968600
68.550000	0.5	8.985050
68.558333	0.5	9.014550
68.566667	0.5	9.045600
68.575000	0.5	9.068900
68.583333	0.5	9.099700
68.591667	0.5	9.133600
68.600000	0.5	9.163300
68.608333	0.5	9.201750
68.616667	0.5	9.241800
68.625000	0.5	9.264350
68.633333	0.5	9.297750
68.641667	0.5	9.345900
68.650000	0.5	9.375650
68.658333	0.5	9.417350
68.666667	0.5	9.448850
68.675000	0.5	9.478400
68.683333	0.5	9.520850
68.691667	0.5	9.550550
68.700000	0.5	9.588750
68.708333	0.5	9.626700
68.716667	0.5	9.652800
68.725000	0.5	9.683550
68.733333	0.5	9.714800
68.741667	0.5	9.736450
68.750000	0.5	9.762050
68.758333	0.5	9.786350
68.766667	0.5	9.805350
68.775000	0.5	9.824700
68.783333	0.5	9.838800
68.791667	0.5	9.864550
68.800000	0.5	9.871300
68.808333	0.5	9.878450
68.816667	0.5	9.904750
68.825000	0.5	9.891800
68.833333	0.5	9.900800
68.841667	0.5	9.899850
68.850000	0.5	9.908250
68.858333	0.5	9.905350
68.866667	0.5	9.906100
68.875000	0.5	9.896100
68.883333	0.5	9.904900
68.891667	0.5	9.886200
68.900000	0.5	9.880300
68.908333	0.5	9.878850
68.916667	0.5	9.860100
68.925000	0.5	9.857900
68.933333	0.5	9.843600
68.941667	0.5	9.831400
68.950000	0.5	9.825950
68.958333	0.5	9.807200
68.966667	0.5	9.814300
68.975000	0.5	9.789700
68.983333	0.5	9.774700
68.991667	0.5	9.762550
69.000000	0.5	9.754700
69.008333	0.5	9.738700
69.016667	0.5	9.726600
69.025000	0.5	9.723700
69.033333	0.5	9.707850
69.041667	0.5	9.700100
69.050000	0.5	9.685900
69.058333	0.5	9.674250
69.066667	0.5	9.671850
69.075000	0.5	9.658950
69.083333	0.5	9.666150
69.091667	0.5	9.643750
69.100000	0.5	9.646250
69.108333	0.5	9.651200
69.116667	0.5	9.644700
69.125000	0.5	9.646400
69.133333	0.5	9.640250
69.141667	0.5	9.633800
69.150000	0.5	9.642200
69.158333	0.5	9.643250
69.166667	0.5	9.644350
69.175000	0.5	9.654750
69.183333	0.5	9.651850
69.191667	0.5	9.658250
69.200000	0.5	9.665300
69.208333	0.5	9.668550
69.216667	0.5	9.671050
69.225000	0.5	9.682900
69.233333	0.5	9.685900
69.241667	0.5	9.702650
69.250000	0.5	9.714850
69.258333	0.5	9.712800
69.266667	0.5	9.722100
69.275000	0.5	9.727850
69.283333	0.5	9.739200
69.291667	0.5	9.751000
69.300000	0.5	9.751850
69.308333	0.5	9.761100
69.316667	0.5	9.774900
69.325000	0.5	9.779800
69.333333	0.5	9.794400
69.341667	0.5	9.801450
69.350000	0.5	9.804550
69.358333	0.5	9.831150
69.366667	0.5	9.822350
69.375000	0.5	9.836550
69.383333	0.5	9.847300
69.391667	0.5	9.854800
69.400000	0.5	9.855250
69.408333	0.5	9.867200
69.416667	0.5	9.878550
69.425000	0.5	9.887200
69.433333	0.5	9.895750
69.441667	0.5	9.906200
69.450000	0.5	9.913250
69.458333	0.5	9.922550
69.466667	0.5	9.937450
69.475000	0.5	9.945800
69.483333	0.5	9.953900
69.491667	0.5	9.966200
69.500000	0.5	9.969050
69.508333	0.5	9.979600
69.516667	0.5	9.988800
69.525000	0.5	9.998600
69.533333	0.5	10.020200
69.541667	0.5	10.032350
69.550000	0.5	10.047800
69.558333	0.5	10.050300
69.566667	0.5	10.077550
69.575000	0.5	10.084650
69.583333	0.5	10.097450
69.591667	0.5	10.103650
69.600000	0.5	10.128550
69.608333	0.5	10.149050
69.616667	0.5	10.161400
69.625000	0.5	10.179700
69.633333	0.5	10.185200
69.641667	0.5	10.203350
69.650000	0.5	10.233100
69.658333	0.5	10.235700
69.666667	0.5	10.258500
69.675000	0.5	10.276550
69.683333	0.5	10.289400
69.691667	0.5	10.318250
69.700000	0.5	10.336850
69.708333	0.5	10.352900
69.716667	0.5	10.376250
69.725000	0.5	10.393650
69.733333	0.5	10.416700
69.741667	0.5	10.428500
69.750000	0.5	10.463350
69.758333	0.5	10.476400
69.766667	0.5	10.494850
69.775000	0.5	10.519600
69.783333	0.5	10.548350
69.791667	0.5	10.567000
69.800000	0.5	10.587550
69.808333	0.5	10.611150
69.816667	0.5	10.633250
69.825000	0.5	10.656100
69.833333	0.5	10.675850
69.841667	0.5	10.705950
69.850000	0.5	10.710250
69.858333	0.5	10.729800
69.866667	0.5	10.753150
69.875000	0.5	10.766900
69.883333	0.5	10.788450
69.891667	0.5	10.804900
69.900000	0.5	10.829550
69.908333	0.5	10.836250
69.916667	0.5	10.857200
69.925000	0.5	10.862350
69.933333	0.5	10.896950
69.941667	0.5	10.897550
69.950000	0.5	10.920700
69.958333	0.5	10.917800
69.966667	0.5	10.946850
69.975000	0.5	10.942250
69.983333	0.5	10.957150
69.991667	0.5	10.964350
70.000000	0.5	10.978550
70.008333	0.5	10.975600
70.016667	0.5	10.990350
70.025000	0.5	10.994250
70.033333	0.5	11.002800
70.041667	0.5	11.013100
70.050000	0.5	11.029850
70.058333	0.5	11.031450
70.066667	0.5	11.040100
70.075000	0.5	11.038450
70.083333	0.5	11.054100
70.091667	0.5	11.059200
70.100000	0.5	11.066700
70.108333	0.5	11.073050
70.116667	0.5	11.075750
70.125000	0.5	11.084650
70.133333	0.5	11.090450
70.141667	0.5	11.110500
70.150000	0.5	11.103750
70.158333	0.5	11.113450
70.166667	0.5	11.138100
70.175000	0.5	11.130900
70.183333	0.5	11.145100
70.191667	0.5	11.150550
70.200000	0.5	11.155650
70.208333	0.5	11.168550
70.216667	0.5	11.186450
70.225000	0.5	11.191050
70.233333	0.5	11.202450
70.241667	0.5	11.217500
70.250000	0.5	11.238600
70.258333	0.5	11.240850
70.266667	0.5	11.250000
70.275000	0.5	11.282300
70.283333	0.5	11.300550
70.291667	0.5	11.304250
70.300000	0.5	11.318550
70.308333	0.5	11.333650
70.316667	0.5	11.359000
70.325000	0.5	11.376450
70.333333	0.5	11.409550
70.341667	0.5	11.409150
70.350000	0.5	11.445850
70.358333	0.5	11.444700
70.366667	0.5	11.464500
70.375000	0.5	11.483950
70.383333	0.5	11.502400
70.391667	0.5	11.520000
70.400000	0.5	11.538400
70.408333	0.5	11.558300
70.416667	0.5	11.586650
70.425000	0.5	11.590200
70.433333	0.5	11.602750
70.441667	0.5	11.622250
70.450000	0.5	11.635600
70.458333	0.5	11.654850
70.466667	0.5	11.671000
70.475000	0.5	11.678150
70.483333	0.5	11.693550
70.491667	0.5	11.698200
70.500000	0.5	11.702100
70.508333	0.5	11.706350
70.516667	0.5	11.720100
70.525000	0.5	11.718350
70.533333	0.5	11.723250
70.541667	0.5	11.727450
70.550000	0.5	11.721650
70.558333	0.5	11.727050
70.566667	0.5	11.725850
70.575000	0.5	11.722550
70.583333	0.5	11.721300
70.591667	0.5	11.712600
70.600000	0.5	11.704100
70.608333	0.5	11.702150
70.616667	0.5	11.691500
70.625000	0.5	11.687700
70.633333	0.5	11.686050
70.641667	0.5	11.668800
70.650000	0.5	11.661100
70.658333	0.5	11.650850
70.666667	0.5	11.637050
70.675000	0.5	11.628500
70.683333	0.5	11.628050
70.691667	0.5	11.608650
70.700000	0.5	11.590900
70.708333	0.5	11.584300
70.716667	0.5	11.576650
70.725000	0.5	11.572000
70.733333	0.5	11.548600
70.741667	0.5	11.535000
70.750000	0.5	11.520950
70.758333	0.5	11.509700
70.766667	0.5	11.499500
70.775000	0.5	11.487200
70.783333	0.5	11.481550
70.791667	0.5	11.464800
70.800000	0.5	11.456550
70.808333	0.5	11.450800
70.816667	0.5	11.435100
70.825000	0.5	11.435650
70.833333	0.5	11.421000
70.841667	0.5	11.415700
70.850000	0.5	11.406950
70.858333	0.5	11.404300
70.866667	0.5	11.397750
70.875000	0.5	11.380650
70.883333	0.5	11.377050
70.891667	0.5	11.373800
70.900000	0.5	11.383650
70.908333	0.5	11.360000
70.916667	0.5	11.356900
70.925000	0.5	11.351350
70.933333	0.5	11.341100
70.941667	0.5	11.340000
70.950000	0.5	11.342600
70.958333	0.5	11.330550
70.966667	0.5	11.339150
70.975000	0.5	11.330550
70.983333	0.5	11.308800
70.991667	0.5	11.312950
71.000000	0.5	11.299900
71.008333	0.5	11.304850
71.016667	0.5	11.316500
71.025000	0.5	11.285000
71.033333	0.5	11.293500
71.041667	0.5	11.281750
71.050000	0.5	11.277200
71.058333	0.5	11.268850
71.066667	0.5	11.265700
71.075000	0.5	11.255450
71.083333	0.5	11.247350
71.091667	0.5	11.241150
71.100000	0.5	11.252450
71.108333	0.5	11.228700
71.116667	0.5	11.223550
71.125000	0.5	11.210450
71.133333	0.5	11.211300
71.141667	0.5	11.203250
71.150000	0.5	11.199900
71.158333	0.5	11.194900
71.166667	0.5	11.192750
71.175000	0.5	11.171750
71.183333	0.5	11.163600
71.191667	0.5	11.158500
71.200000	0.5	11.154500
71.208333	0.5	11.142600
71.216667	0.5	11.132550
71.225000	0.5	11.134400
71.233333	0.5	11.116500
71.241667	0.5	11.110300
71.250000	0.5	11.100750
71.258333	0.5	11.094900
71.266667	0.5	11.084700
71.275000	0.5	11.075450
71.283333	0.5	11.087850
71.291667	0.5	11.058650
71.300000	0.5	11.050400
71.308333	0.5	11.048650
71.316667	0.5	11.037650
71.325000	0.5	11.033300
71.333333	0.5	11.018850
71.341667	0.5	11.021050
71.350000	0.5	11.011650
71.358333	0.5	11.000450
71.366667	0.5	11.002950
71.375000	0.5	11.011350
71.383333	0.5	10.995600
71.391667	0.5	10.987500
71.400000	0.5	10.988050
71.408333	0.5	10.987900
71.416667	0.5	11.000200
71.425000	0.5	10.993000
71.433333	0.5	10.996000
71.441667	0.5	11.002550
71.450000	0.5	11.014100
71.458333	0.5	11.019450
71.466667	0.5	11.039950
71.475000	0.5	11.036050
71.483333	0.5	11.054650
71.491667	0.5	11.069400
71.500000	0.5	11.068600
71.508333	0.5	11.087050
71.516667	0.5	11.107850
71.525000	0.5	11.132600
71.533333	0.5	11.151750
71.541667	0.5	11.181400
71.550000	0.5	11.197050
71.558333	0.5	11.215100
71.566667	0.5	11.241100
71.575000	0.5	11.263950
71.583333	0.5	11.287600
71.591667	0.5	11.313300
71.600000	0.5	11.332400
71.608333	0.5	11.353150
71.616667	0.5	11.376800
71.625000	0.5	11.398450
71.633333	0.5	11.425600
71.641667	0.5	11.432700
71.650000	0.5	11.457250
71.658333	0.5	11.468650
71.666667	0.5	11.487600
71.675000	0.5	11.496950
71.683333	0.5	11.512100
71.691667	0.5	11.514000
71.700000	0.5	11.522400
71.708333	0.5	11.528300
71.716667	0.5	11.521550
71.725000	0.5	11.523450
71.733333	0.5	11.535800
71.741667	0.5	11.514650
71.750000	0.5	11.513500
71.758333	0.5	11.500850
71.766667	0.5	11.485250
71.775000	0.5	11.482150
71.783333	0.5	11.464500
71.791667	0.5	11.448550
71.800000	0.5	11.437550
71.808333	0.5	11.433500
71.816667	0.5	11.407650
71.825000	0.5	11.407500
71.833333	0.5	11.397200
71.841667	0.5	11.385000
71.850000	0.5	11.381500
71.858333	0.5	11.396650
71.866667	0.5	11.403350
71.875000	0.5	11.419200
71.883333	0.5	11.446050
71.891667	0.5	11.474250
71.900000	0.5	11.520250
71.908333	0.5	11.579800
71.916667	0.5	11.614500
71.925000	0.5	11.661950
71.933333	0.5	11.716850
71.941667	0.5	11.788150
71.950000	0.5	11.842500
71.958333	0.5	11.902150
71.966667	0.5	11.972550
71.975000	0.5	12.041400
71.983333	0.5	12.102500
71.991667	0.5	12.162500
72.000000	0.5	12.227550
72.008333	0.5	12.291650
72.016667	0.5	12.336100
72.025000	0.5	12.390150
72.033333	0.5	12.436900
72.041667	0.5	12.483250
72.050000	0.5	12.532750
72.058333	0.5	12.564550
72.066667	0.5	12.598000
72.075000	0.5	12.638300
72.083333	0.5	12.662250
72.091667	0.5	12.688600
72.100000	0.5	12.708100
72.108333	0.5	12.733750
72.116667	0.5	12.728050
72.125000	0.5	12.732700
72.133333	0.5	12.737800
72.141667	0.5	12.729750
72.150000	0.5	12.736000
72.158333	0.5	12.723250
72.166667	0.5	12.706750
72.175000	0.5	12.680250
72.183333	0.5	12.654950
72.191667	0.5	12.635600
72.200000	0.5	12.607350
72.208333	0.5	12.569550
72.216667	0.5	12.525250
72.225000	0.5	12.484500
72.233333	0.5	12.434400
72.241667	0.5	12.381300
72.250000	0.5	12.324100
72.258333	0.5	12.258450
72.266667	0.5	12.181950
72.275000	0.5	12.114700
72.283333	0.5	12.039300
72.291667	0.5	11.977450
72.300000	0.5	11.885700
72.308333	0.5	11.808200
72.316667	0.5	11.719400
72.325000	0.5	11.637350
72.333333	0.5	11.545400
72.341667	0.5	11.469650
72.350000	0.5	11.388700
72.358333	0.5	11.319650
72.366667	0.5	11.235850
72.375000	0.5	11.170100
72.383333	0.5	11.090800
72.391667	0.5	11.015400
72.400000	0.5	10.952800
72.408333	0.5	10.882250
72.416667	0.5	10.829000
72.425000	0.5	10.776650
72.433333	0.5	10.731350
72.441667	0.5	10.681150
72.450000	0.5	10.639800
72.458333	0.5	10.607200
72.466667	0.5	10.571400
72.475000	0.5	10.548450
72.483333	0.5	10.514850
72.491667	0.5	10.506400
72.500000	0.5	10.472900
72.508333	0.5	10.452650
72.516667	0.5	10.435700
72.525000	0.5	10.413900
72.533333	0.5	10.404750
72.541667	0.5	10.381300
72.550000	0.5	10.370000
72.558333	0.5	10.352400
72.566667	0.5	10.343350
72.575000	0.5	10.333400
72.583333	0.5	10.313750
72.591667	0.5	10.307700
72.600000	0.5	10.293800
72.608333	0.5	10.286550
72.616667	0.5	10.271750
72.625000	0.5	10.259850
72.633333	0.5	10.245500
72.641667	0.5	10.235800
72.650000	0.5	10.223800
72.658333	0.5	10.199900
72.666667	0.5	10.191400
72.675000	0.5	10.183250
72.683333	0.5	10.173750
72.691667	0.5	10.152050
72.700000	0.5	10.134750
72.708333	0.5	10.129750
72.716667	0.5	10.116250
72.725000	0.5	10.102400
72.733333	0.5	10.096900
72.741667	0.5	10.084950
72.750000	0.5	10.067550
72.758333	0.5	10.068600
72.766667	0.5	10.044850
72.775000	0.5	10.049650
72.783333	0.5	10.047600
72.791667	0.5	10.031650
72.800000	0.5	10.013200
72.808333	0.5	10.003750
72.816667	0.5	10.008600
72.825000	0.5	9.992850
72.833333	0.5	9.989250
72.841667	0.5	9.992300
72.850000	0.5	9.980750
72.858333	0.5	9.982750
72.866667	0.5	9.976550
72.875000	0.5	9.982000
72.883333	0.5	9.974950
72.891667	0.5	9.973950
72.900000	0.5	9.973550
72.908333	0.5	9.970600
72.916667	0.5	9.962000
72.925000	0.5	9.969450
72.933333	0.5	9.986200
72.941667	0.5	9.982850
72.950000	0.5	9.989150
72.958333	0.5	9.982750
72.966667	0.5	9.980200
72.975000	0.5	9.988350
72.983333	0.5	9.997100
72.991667	0.5	10.024600
73.000000	0.5	10.008200
73.008333	0.5	10.019100
73.016667	0.5	10.027450
73.025000	0.5	10.039000
73.033333	0.5	10.067250
73.041667	0.5	10.075450
73.050000	0.5	10.096900
73.058333	0.5	10.113150
73.066667	0.5	10.137200
73.075000	0.5	10.154600
73.083333	0.5	10.184500
73.091667	0.5	10.208500
73.100000	0.5	10.234050
73.108333	0.5	10.263250
73.116667	0.5	10.310900
73.125000	0.5	10.340750
73.133333	0.5	10.379850
73.141667	0.5	10.413750
73.150000	0.5	10.453800
73.158333	0.5	10.500200
73.166667	0.5	10.549250
73.175000	0.5	10.590100
73.183333	0.5	10.633800
73.191667	0.5	10.686600
73.200000	0.5	10.721350
73.208333	0.5	10.771950
73.216667	0.5	10.833800
73.225000	0.5	10.862500
73.233333	0.5	10.907450
73.241667	0.5	10.945200
73.250000	0.5	10.989650
73.258333	0.5	11.036350
73.266667	0.5	11.070750
73.275000	0.5	11.107050
73.283333	0.5	11.137200
73.291667	0.5	11.171000
73.300000	0.5	11.198750
73.308333	0.5	11.227300
73.316667	0.5	11.255450
73.325000	0.5	11.283400
73.333333	0.5	11.307700
73.341667	0.5	11.329050
73.350000	0.5	11.356100
73.358333	0.5	11.377300
73.366667	0.5	11.401450
73.375000	0.5	11.410250
73.383333	0.5	11.449850
73.391667	0.5	11.459150
73.400000	0.5	11.488400
73.408333	0.5	11.519350
73.416667	0.5	11.536700
73.425000	0.5	11.560800
73.433333	0.5	11.594900
73.441667	0.5	11.625100
73.450000	0.5	11.647000
73.458333	0.5	11.685300
73.466667	0.5	11.711700
73.475000	0.5	11.740250
73.483333	0.5	11.771750
73.491667	0.5	11.791100
73.500000	0.5	11.819650
73.508333	0.5	11.849550
73.516667	0.5	11.876200
73.525000	0.5	11.907700
73.533333	0.5	11.938350
73.541667	0.5	11.944000
73.550000	0.5	11.971750
73.558333	0.5	11.984400
73.566667	0.5	11.998200
73.575000	0.5	12.021150
73.583333	0.5	12.021550
73.591667	0.5	12.033650
73.600000	0.5	12.039550
73.608333	0.5	12.041150
73.616667	0.5	12.048550
73.625000	0.5	12.041650
73.633333	0.5	12.032350
73.641667	0.5	12.028600
73.650000	0.5	12.017250
73.658333	0.5	12.007550
73.666667	0.5	11.984050
73.675000	0.5	11.968700
73.683333	0.5	11.939900
73.691667	0.5	11.912950
73.700000	0.5	11.890050
73.708333	0.5	11.859300
73.716667	0.5	11.812050
73.725000	0.5	11.771950
73.733333	0.5	11.728750
73.741667	0.5	11.686750
73.750000	0.5	11.636200
73.758333	0.5	11.579750
73.766667	0.5	11.521650
73.775000	0.5	11.457600
73.783333	0.5	11.398100
73.791667	0.5	11.333750
73.800000	0.5	11.260850
73.808333	0.5	11.191250
73.816667	0.5	11.122200
73.825000	0.5	11.054300
73.833333	0.5	10.983150
73.841667	0.5	10.899200
73.850000	0.5	10.820250
73.858333	0.5	10.750250
73.866667	0.5	10.671350
73.875000	0.5	10.602000
73.883333	0.5	10.529150
73.891667	0.5	10.472900
73.900000	0.5	10.388300
73.908333	0.5	10.332850
73.916667	0.5	10.280000
73.925000	0.5	10.217200
73.933333	0.5	10.191100
73.941667	0.5	10.120500
73.950000	0.5	10.073850
73.958333	0.5	10.033950
73.966667	0.5	9.999700
73.975000	0.5	9.967600
73.983333	0.5	9.936700
73.991667	0.5	9.908500
74.000000	0.5	9.880900
74.008333	0.5	9.867250
74.016667	0.5	9.849100
74.025000	0.5	9.834150
74.033333	0.5	9.825150
74.041667	0.5	9.802100
74.050000	0.5	9.794850
74.058333	0.5	9.779800
74.066667	0.5	9.779550
74.075000	0.5	9.763050
74.083333	0.5	9.755000
74.091667	0.5	9.743100
74.100000	0.5	9.748650
74.108333	0.5	9.739900
74.116667	0.5	9.732700
74.125000	0.5	9.719750
74.133333	0.5	9.712400
74.141667	0.5	9.714850
74.150000	0.5	9.712250
74.158333	0.5	9.701650
74.166667	0.5	9.692350
74.175000	0.5	9.684150
74.183333	0.5	9.682100
74.191667	0.5	9.667000
74.200000	0.5	9.670100
74.208333	0.5	9.658500
74.216667	0.5	9.647000
74.225000	0.5	9.645850
74.233333	0.5	9.649150
74.241667	0.5	9.643800
74.250000	0.5	9.641300
74.258333	0.5	9.627100
74.266667	0.5	9.621550
74.275000	0.5	9.635150
74.283333	0.5	9.608800
74.291667	0.5	9.613500
74.300000	0.5	9.603100
74.308333	0.5	9.614750
74.316667	0.5	9.615450
74.325000	0.5	9.611000
74.333333	0.5	9.603800
74.341667	0.5	9.607400
74.350000	0.5	9.616650
74.358333	0.5	9.595250
74.366667	0.5	9.602800
74.375000	0.5	9.594850
74.383333	0.5	9.592300
74.391667	0.5	9.597000
74.400000	0.5	9.598900
74.408333	0.5	9.606100
74.416667	0.5	9.599350
74.425000	0.5	9.600000
74.433333	0.5	9.598500
74.441667	0.5	9.598850
74.450000	0.5	9.593550
74.458333	0.5	9.601100
74.466667	0.5	9.594850
74.475000	0.5	9.603600
74.483333	0.5	9.599500
74.491667	0.5	9.601200
74.500000	0.5	9.599250
74.508333	0.5	9.597650
74.516667	0.5	9.604450
74.525000	0.5	9.606400
74.533333	0.5	9.600100
74.541667	0.5	9.614200
74.550000	0.5	9.606800
74.558333	0.5	9.617400
74.566667	0.5	9.622050
74.575000	0.5	9.620800
74.583333	0.5	9.631350
74.591667	0.5	9.646050
74.600000	0.5	9.656500
74.608333	0.5	9.656000
74.616667	0.5	9.671500
74.625000	0.5	9.682500
74.633333	0.5	9.702250
74.641667	0.5	9.712950
74.650000	0.5	9.729850
74.658333	0.5	9.751500
74.666667	0.5	9.774950
74.675000	0.5	9.794750
74.683333	0.5	9.827200
74.691667	0.5	9.856250
74.700000	0.5	9.882450
74.708333	0.5	9.913350
74.716667	0.5	9.955100
74.725000	0.5	9.987450
74.733333	0.5	10.031750
74.741667	0.5	10.063300
74.750000	0.5	10.104950
74.758333	0.5	10.150600
74.766667	0.5	10.206150
74.775000	0.5	10.245350
74.783333	0.5	10.296600
74.791667	0.5	10.348000
74.800000	0.5	10.398850
74.808333	0.5	10.456650
74.816667	0.5	10.510950
74.825000	0.5	10.565800
74.833333	0.5	10.620250
74.841667	0.5	10.683950
74.850000	0.5	10.738300
74.858333	0.5	10.794300
74.866667	0.5	10.851150
74.875000	0.5	10.906950
74.883333	0.5	10.958700
74.891667	0.5	11.016650
74.900000	0.5	11.069200
74.908333	0.5	11.123200
74.916667	0.5	11.178750
74.925000	0.5	11.219050
74.933333	0.5	11.267600
74.941667	0.5	11.318400
74.950000	0.5	11.359450
74.958333	0.5	11.404600
74.966667	0.5	11.446500
74.975000	0.5	11.480950
74.983333	0.5	11.522050
74.991667	0.5	11.547400
75.000000	0.5	11.574450
75.008333	0.5	11.608450
75.016667	0.5	11.631150
75.025000	0.5	11.652150
75.033333	0.5	11.672200
75.041667	0.5	11.694500
75.050000	0.5	11.706350
75.058333	0.5	11.722250
75.066667	0.5	11.738600
75.075000	0.5	11.741200
75.083333	0.5	11.743050
75.091667	0.5	11.747300
75.100000	0.5	11.743150
75.108333	0.5	11.737550
75.116667	0.5	11.734600
75.125000	0.5	11.714450
75.133333	0.5	11.701200
75.141667	0.5	11.686050
75.150000	0.5	11.668800
75.158333	0.5	11.644650
75.166667	0.5	11.610450
75.175000	0.5	11.580800
75.183333	0.5	11.548100
75.191667	0.5	11.514650
75.200000	0.5	11.476900
75.208333	0.5	11.433500
75.216667	0.5	11.385600
75.225000	0.5	11.332100
75.233333	0.5	11.299350
75.241667	0.5	11.228750
75.250000	0.5	11.174850
75.258333	0.5	11.116800
75.266667	0.5	11.056750
75.275000	0.5	10.994400
75.283333	0.5	10.933600
75.291667	0.5	10.865250
75.300000	0.5	10.800650
75.308333	0.5	10.727050
75.316667	0.5	10.657950
75.325000	0.5	10.605450
75.333333	0.5	10.528250
75.341667	0.5	10.470050
75.350000	0.5	10.413550
75.358333	0.5	10.352100
75.366667	0.5	10.295400
75.375000	0.5	10.258150
75.383333	0.5	10.188250
75.391667	0.5	10.138900
75.400000	0.5	10.102650
75.408333	0.5	10.079900
75.416667	0.5	10.021050
75.425000	0.5	9.984800
75.433333	0.5	9.952200
75.441667	0.5	9.928550
75.450000	0.5	9.900450
75.458333	0.5	9.877750
75.466667	0.5	9.859050
75.475000	0.5	9.835800
75.483333	0.5	9.820300
75.491667	0.5	9.795650
75.500000	0.5	9.779800
75.508333	0.5	9.762950
75.516667	0.5	9.751000
75.525000	0.5	9.741750
75.533333	0.5	9.725400
75.541667	0.5	9.718200
75.550000	0.5	9.711350
75.558333	0.5	9.700550
75.566667	0.5	9.681500
75.575000	0.5	9.677100
75.583333	0.5	9.667700
75.591667	0.5	9.660450
75.600000	0.5	9.641850
75.608333	0.5	9.634500
75.616667	0.5	9.629750
75.625000	0.5	9.622400
75.633333	0.5	9.615300
75.641667	0.5	9.610950
75.650000	0.5	9.592100
75.658333	0.5	9.591150
75.666667	0.5	9.578200
75.675000	0.5	9.572250
75.683333	0.5	9.559700
75.691667	0.5	9.552700
75.700000	0.5	9.543700
75.708333	0.5	9.535700
75.716667	0.5	9.525450
75.725000	0.5	9.528900
75.733333	0.5	9.525500
75.741667	0.5	9.516800
75.750000	0.5	9.509150
75.758333	0.5	9.505800
75.766667	0.5	9.500750
75.775000	0.5	9.502150
75.783333	0.5	9.493150
75.791667	0.5	9.480650
75.800000	0.5	9.484600
75.808333	0.5	9.474700
75.816667	0.5	9.468800
75.825000	0.5	9.473550
75.833333	0.5	9.477900
75.841667	0.5	9.476300
75.850000	0.5	9.475600
75.858333	0.5	9.470700
75.866667	0.5	9.465900
75.875000	0.5	9.467400
75.883333	0.5	9.466500
75.891667	0.5	9.468150
75.900000	0.5	9.466900
75.908333	0.5	9.459900
75.916667	0.5	9.459600
75.925000	0.5	9.466600
75.933333	0.5	9.471000
75.941667	0.5	9.468200
75.950000	0.5	9.468950
75.958333	0.5	9.465400
75.966667	0.5	9.471450
75.975000	0.5	9.467600
75.983333	0.5	9.471300
75.991667	0.5	9.475300
76.000000	0.5	9.480650
76.008333	0.5	9.488000
76.016667	0.5	9.488750
76.025000	0.5	9.494800
76.033333	0.5	9.501100
76.041667	0.5	9.501200
76.050000	0.5	9.515050
76.058333	0.5	9.510250
76.066667	0.5	9.520150
76.075000	0.5	9.522200
76.083333	0.5	9.529300
76.091667	0.5	9.543100
76.100000	0.5	9.551250
76.108333	0.5	9.563700
76.116667	0.5	9.582150
76.125000	0.5	9.602050
76.133333	0.5	9.620650
76.141667	0.5	9.642050
76.150000	0.5	9.665350
76.158333	0.5	9.690200
76.166667	0.5	9.719300
76.175000	0.5	9.752700
76.183333	0.5	9.786550
76.191667	0.5	9.827650
76.200000	0.5	9.860750
76.208333	0.5	9.915500
76.216667	0.5	9.959550
76.225000	0.5	10.027050
76.233333	0.5	10.065350
76.241667	0.5	10.126400
76.250000	0.5	10.204200
76.258333	0.5	10.251200
76.266667	0.5	10.322850
76.275000	0.5	10.393250
76.283333	0.5	10.466750
76.291667	0.5	10.552200
76.300000	0.5	10.618150
76.308333	0.5	10.689650
76.316667	0.5	10.771250
76.325000	0.5	10.840550
76.333333	0.5	10.906150
76.341667	0.5	10.974350
76.350000	0.5	11.046250
76.358333	0.5	11.101750
76.366667	0.5	11.171450
76.375000	0.5	11.241950
76.383333	0.5	11.277550
76.391667	0.5	11.327900
76.400000	0.5	11.387200
76.408333	0.5	11.428000
76.416667	0.5	11.460750
76.425000	0.5	11.499350
76.433333	0.5	11.525250
76.441667	0.5	11.564200
76.450000	0.5	11.587350
76.458333	0.5	11.608800
76.466667	0.5	11.636150
76.475000	0.5	11.642150
76.483333	0.5	11.650250
76.491667	0.5	11.659100
76.500000	0.5	11.667700
76.508333	0.5	11.669300
76.516667	0.5	11.660800
76.525000	0.5	11.661100
76.533333	0.5	11.639600
76.541667	0.5	11.627450
76.550000	0.5	11.625900
76.558333	0.5	11.595350
76.566667	0.5	11.566350
76.575000	0.5	11.535450
76.583333	0.5	11.519100
76.591667	0.5	11.470750
76.600000	0.5	11.423950
76.608333	0.5	11.383600
76.616667	0.5	11.341050
76.625000	0.5	11.291800
76.633333	0.5	11.237850
76.641667	0.5	11.182500
76.650000	0.5	11.122800
76.658333	0.5	11.060700
76.666667	0.5	11.000450
76.675000	0.5	10.936600
76.683333	0.5	10.871800
76.691667	0.5	10.806500
76.700000	0.5	10.749650
76.708333	0.5	10.668800
76.716667	0.5	10.615200
76.725000	0.5	10.544000
76.733333	0.5	10.477550
76.741667	0.5	10.410450
76.750000	0.5	10.352950
76.758333	0.5	10.293200
76.766667	0.5	10.233950
76.775000	0.5	10.182350
76.783333	0.5	10.129000
76.791667	0.5	10.084550
76.800000	0.5	10.045950
76.808333	0.5	9.994950
76.816667	0.5	9.951100
76.825000	0.5	9.918300
76.833333	0.5	9.885700
76.841667	0.5	9.849950
76.850000	0.5	9.825700
76.858333	0.5	9.796900
76.866667	0.5	9.780050
76.875000	0.5	9.745950
76.883333	0.5	9.745000
76.891667	0.5	9.722250
76.900000	0.5	9.689750
76.908333	0.5	9.681450
76.916667	0.5	9.672150
76.925000	0.5	9.655900
76.933333	0.5	9.654750
76.941667	0.5	9.629000
76.950000	0.5	9.623450
76.958333	0.5	9.619650
76.966667	0.5	9.605900
76.975000	0.5	9.595200
76.983333	0.5	9.593750
76.991667	0.5	9.591800
77.000000	0.5	9.578100
77.008333	0.5	9.576000
77.016667	0.5	9.578450
77.025000	0.5	9.574550
77.033333	0.5	9.579300
77.041667	0.5	9.563500
77.050000	0.5	9.571650
77.058333	0.5	9.573300
77.066667	0.5	9.573900
77.075000	0.5	9.570400
77.083333	0.5	9.580450
77.091667	0.5	9.575950
77.100000	0.5	9.576350
77.108333	0.5	9.584500
77.116667	0.5	9.590000
77.125000	0.5	9.592000
77.133333	0.5	9.598950
77.141667	0.5	9.613000
77.150000	0.5	9.617200
77.158333	0.5	9.623400
77.166667	0.5	9.633850
77.175000	0.5	9.649800
77.183333	0.5	9.659650
77.191667	0.5	9.672950
77.200000	0.5	9.686900
77.208333	0.5	9.709050
77.216667	0.5	9.721250
77.225000	0.5	9.737050
77.233333	0.5	9.751650
77.241667	0.5	9.779700
77.250000	0.5	9.797200
77.258333	0.5	9.821850
77.266667	0.5	9.841600
77.275000	0.5	9.879900
77.283333	0.5	9.895000
77.291667	0.5	9.927450
77.300000	0.5	9.950200
77.308333	0.5	9.984700
77.316667	0.5	10.006500
77.325000	0.5	10.034500
77.333333	0.5	10.057000
77.341667	0.5	10.098850
77.350000	0.5	10.135650
77.358333	0.5	10.170350
77.366667	0.5	10.198900
77.375000	0.5	10.235000
77.383333	0.5	10.268450
77.391667	0.5	10.303050
77.400000	0.5	10.340850
77.408333	0.5	10.375250
77.416667	0.5	10.403750
77.425000	0.5	10.449900
77.433333	0.5	10.484850
77.441667	0.5	10.509150
77.450000	0.5	10.546800
77.458333	0.5	10.577950
77.466667	0.5	10.625000
77.475000	0.5	10.642250
77.483333	0.5	10.676100
77.491667	0.5	10.718200
77.500000	0.5	10.734600
77.508333	0.5	10.770700
77.516667	0.5	10.804500
77.525000	0.5	10.844750
77.533333	0.5	10.867450
77.541667	0.5	10.896050
77.550000	0.5	10.934650
77.558333	0.5	10.966150
77.566667	0.5	10.995700
77.575000	0.5	11.025200
77.583333	0.5	11.052450
77.591667	0.5	11.091750
77.600000	0.5	11.124900
77.608333	0.5	11.153100
77.616667	0.5	11.204650
77.625000	0.5	11.236750
77.633333	0.5	11.262550
77.641667	0.5	11.300800
77.650000	0.5	11.340050
77.658333	0.5	11.374300
77.666667	0.5	11.423350
77.675000	0.5	11.442850
77.683333	0.5	11.481600
77.691667	0.5	11.525000
77.700000	0.5	11.560550
77.708333	0.5	11.597150
77.716667	0.5	11.628950
77.725000	0.5	11.667200
77.733333	0.5	11.697000
77.741667	0.5	11.725650
77.750000	0.5	11.764800
77.758333	0.5	11.786900
77.766667	0.5	11.808350
77.775000	0.5	11.836250
77.783333	0.5	11.854150
77.791667	0.5	11.886200
77.800000	0.5	11.887550
77.808333	0.5	11.921100
77.816667	0.5	11.913700
77.825000	0.5	11.924500
77.833333	0.5	11.929900
77.841667	0.5	11.933950
77.850000	0.5	11.946150
77.858333	0.5	11.922400
77.866667	0.5	11.923200
77.875000	0.5	11.912050
77.883333	0.5	11.902800
77.891667	0.5	11.880800
77.900000	0.5	11.866200
77.908333	0.5	11.846650
77.916667	0.5	11.824850
77.925000	0.5	11.800250
77.933333	0.5	11.771050
77.941667	0.5	11.745750
77.950000	0.5	11.702550
77.958333	0.5	11.670650
77.966667	0.5	11.625150
77.975000	0.5	11.599250
77.983333	0.5	11.538200
77.991667	0.5	11.498950
78.000000	0.5	11.442750
78.008333	0.5	11.397650
78.016667	0.5	11.335800
78.025000	0.5	11.284300
78.033333	0.5	11.222400
78.041667	0.5	11.173550
78.050000	0.5	11.108050
78.058333	0.5	11.044850
78.066667	0.5	10.976350
78.075000	0.5	10.935500
78.083333	0.5	10.854600
78.091667	0.5	10.793250
78.100000	0.5	10.743400
78.108333	0.5	10.683300
78.116667	0.5	10.609450
78.125000	0.5	10.551000
78.133333	0.5	10.507850
78.141667	0.5	10.445250
78.150000	0.5	10.386800
78.158333	0.5	10.333800
78.166667	0.5	10.281800
78.175000	0.5	10.232050
78.183333	0.5	10.190000
78.191667	0.5	10.168400
78.200000	0.5	10.108250
78.208333	0.5	10.063550
78.216667	0.5	10.033200
78.225000	0.5	9.994800
78.233333	0.5	9.956650
78.241667	0.5	9.944550
78.250000	0.5	9.898600
78.258333	0.5	9.871900
78.266667	0.5	9.874150
78.275000	0.5	9.824050
78.283333	0.5	9.806750
78.291667	0.5	9.771200
78.300000	0.5	9.753350
78.308333	0.5	9.728050
78.316667	0.5	9.710950
78.325000	0.5	9.683850
78.333333	0.5	9.666100
78.341667	0.5	9.651400
78.350000	0.5	9.634200
78.358333	0.5	9.615050
78.366667	0.5	9.607500
78.375000	0.5	9.576900
78.383333	0.5	9.570750
78.391667	0.5	9.558300
78.400000	0.5	9.543500
78.408333	0.5	9.532900
78.416667	0.5	9.523450
78.425000	0.5	9.510350
78.433333	0.5	9.498350
78.441667	0.5	9.488250
78.450000	0.5	9.489450
78.458333	0.5	9.472600
78.466667	0.5	9.466950
78.475000	0.5	9.454600
78.483333	0.5	9.466700
78.491667	0.5	9.446650
78.500000	0.5	9.436350
78.508333	0.5	9.438200
78.516667	0.5	9.433150
78.525000	0.5	9.420500
78.533333	0.5	9.414900
78.541667	0.5	9.427100
78.550000	0.5	9.410150
78.558333	0.5	9.404900
78.566667	0.5	9.403500
78.575000	0.5	9.392000
78.583333	0.5	9.413100
78.591667	0.5	9.394250
78.600000	0.5	9.394300
78.608333	0.5	9.396250
78.616667	0.5	9.400900
78.625000	0.5	9.390450
78.633333	0.5	9.389150
78.641667	0.5	9.387300
78.650000	0.5	9.385700
78.658333	0.5	9.385500
78.666667	0.5	9.384950
78.675000	0.5	9.382350
78.683333	0.5	9.384450
78.691667	0.5	9.373750
78.700000	0.5	9.379100
78.708333	0.5	9.374950
78.716667	0.5	9.378950
78.725000	0.5	9.380050
78.733333	0.5	9.381400
78.741667	0.5	9.379900
78.750000	0.5	9.384600
78.758333	0.5	9.378600
78.766667	0.5	9.383600
78.775000	0.5	9.398300
78.783333	0.5	9.386800
78.791667	0.5	9.391900
78.800000	0.5	9.405100
78.808333	0.5	9.423100
78.816667	0.5	9.425000
78.825000	0.5	9.443500
78.833333	0.5	9.461250
78.841667	0.5	9.475750
78.850000	0.5	9.512950
78.858333	0.5	9.514850
78.866667	0.5	9.554150
78.875000	0.5	9.584850
78.883333	0.5	9.637500
78.891667	0.5	9.659550
78.900000	0.5	9.711950
78.908333	0.5	9.765500
78.916667	0.5	9.816400
78.925000	0.5	9.866800
78.933333	0.5	9.930750
78.941667	0.5	10.004850
78.950000	0.5	10.079050
78.958333	0.5	10.142200
78.966667	0.5	10.227250
78.975000	0.5	10.300500
78.983333	0.5	10.388350
78.991667	0.5	10.480200
79.000000	0.5	10.557000
79.008333	0.5	10.635800
79.016667	0.5	10.729600
79.025000	0.5	10.795050
79.033333	0.5	10.877550
79.041667	0.5	10.950150
79.050000	0.5	11.018100
79.058333	0.5	11.083800
79.066667	0.5	11.150400
79.075000	0.5	11.211250
79.083333	0.5	11.287800
79.091667	0.5	11.329700
79.100000	0.5	11.365450
79.108333	0.5	11.415650
79.116667	0.5	11.451500
79.125000	0.5	11.487300
79.133333	0.5	11.508100
79.141667	0.5	11.534050
79.150000	0.5	11.568950
79.158333	0.5	11.580100
79.166667	0.5	11.584350
79.175000	0.5	11.592300
79.183333	0.5	11.606400
79.191667	0.5	11.594800
79.200000	0.5	11.577100
79.208333	0.5	11.563450
79.216667	0.5	11.547500
79.225000	0.5	11.539950
79.233333	0.5	11.487500
79.241667	0.5	11.462000
79.250000	0.5	11.422250
79.258333	0.5	11.387300
79.266667	0.5	11.341650
79.275000	0.5	11.286650
79.283333	0.5	11.247600
79.291667	0.5	11.191450
79.300000	0.5	11.127550
79.308333	0.5	11.063250
79.316667	0.5	11.001050
79.325000	0.5	10.936650
79.333333	0.5	10.873750
79.341667	0.5	10.821600
79.350000	0.5	10.738000
79.358333	0.5	10.669800
79.366667	0.5	10.613200
79.375000	0.5	10.549000
79.383333	0.5	10.483100
79.391667	0.5	10.423800
79.400000	0.5	10.363850
79.408333	0.5	10.305000
79.416667	0.5	10.248250
79.425000	0.5	10.196150
79.433333	0.5	10.148000
79.441667	0.5	10.110450
79.450000	0.5	10.057050
79.458333	0.5	10.021200
79.466667	0.5	9.990800
79.475000	0.5	9.966450
79.483333	0.5	9.927650
79.491667	0.5	9.899850
79.500000	0.5	9.874750
79.508333	0.5	9.847550
79.516667	0.5	9.824850
79.525000	0.5	9.823000
79.533333	0.5	9.783150
79.541667	0.5	9.767600
79.550000	0.5	9.752750
79.558333	0.5	9.738950
79.566667	0.5	9.727550
79.575000	0.5	9.714550
79.583333	0.5	9.700150
79.591667	0.5	9.683800
79.600000	0.5	9.672200
79.608333	0.5	9.663750
79.616667	0.5	9.652750
79.625000	0.5	9.631700
79.633333	0.5	9.620700
79.641667	0.5	9.624650
79.650000	0.5	9.594850
79.658333	0.5	9.579750
79.666667	0.5	9.567900
79.675000	0.5	9.562850
79.683333	0.5	9.555000
79.691667	0.5	9.526500
79.700000	0.5	9.513700
79.708333	0.5	9.497350
79.716667	0.5	9.489650
79.725000	0.5	9.466200
79.733333	0.5	9.474050
79.741667	0.5	9.434500
79.750000	0.5	9.416000
79.758333	0.5	9.409350
79.766667	0.5	9.388300
79.775000	0.5	9.379150
79.783333	0.5	9.357100
79.791667	0.5	9.349750
79.800000	0.5	9.343050
79.808333	0.5	9.309600
79.816667	0.5	9.305000
79.825000	0.5	9.278450
79.833333	0.5	9.279400
79.841667	0.5	9.250600
79.850000	0.5	9.238700
79.858333	0.5	9.220800
79.866667	0.5	9.202300
79.875000	0.5	9.208000
79.883333	0.5	9.175450
79.891667	0.5	9.169050
79.900000	0.5	9.159950
79.908333	0.5	9.137300
79.916667	0.5	9.141950
79.925000	0.5	9.115000
79.933333	0.5	9.106500
79.941667	0.5	9.097700
79.950000	0.5	9.097800
79.958333	0.5	9.068900
79.966667	0.5	9.059550
79.975000	0.5	9.052400
79.983333	0.5	9.041800
79.991667	0.5	9.031500
80.000000	0.5	9.042500
80.008333	0.5	9.025200
80.016667	0.5	9.018000
80.025000	0.5	9.013000
80.033333	0.5	9.022150
80.041667	0.5	9.010400
80.050000	0.5	9.014200
80.058333	0.5	9.021000
80.066667	0.5	9.016500
80.075000	0.5	9.038850
80.083333	0.5	9.038250
80.091667	0.5	9.042600
80.100000	0.5	9.053150
80.108333	0.5	9.080600
80.116667	0.5	9.093300
80.125000	0.5	9.115300
80.133333	0.5	9.147200
80.141667	0.5	9.181050
80.150000	0.5	9.226450
80.158333	0.5	9.256150
80.166667	0.5	9.290100
80.175000	0.5	9.348550
80.183333	0.5	9.397000
80.191667	0.5	9.455250
80.200000	0.5	9.502400
80.208333	0.5	9.572250
80.216667	0.5	9.647650
80.225000	0.5	9.697850
80.233333	0.5	9.767500
80.241667	0.5	9.858150
80.250000	0.5	9.910950
80.258333	0.5	9.987400
80.266667	0.5	10.055450
80.275000	0.5	10.125200
80.283333	0.5	10.197050
80.291667	0.5	10.269500
80.300000	0.5	10.338550
80.308333	0.5	10.403100
80.316667	0.5	10.457400
80.325000	0.5	10.526150
80.333333	0.5	10.578250
80.341667	0.5	10.628900
80.350000	0.5	10.693000
80.358333	0.5	10.717900
80.366667	0.5	10.761400
80.375000	0.5	10.803050
80.383333	0.5	10.842100
80.391667	0.5	10.859250
80.400000	0.5	10.894600
80.408333	0.5	10.901150
80.416667	0.5	10.920500
80.425000	0.5	10.936750
80.433333	0.5	10.936000
80.441667	0.5	10.932050
80.450000	0.5	10.928250
80.458333	0.5	10.936800
80.466667	0.5	10.908500
80.475000	0.5	10.901550
80.483333	0.5	10.870850
80.491667	0.5	10.875150
80.500000	0.5	10.820050
80.508333	0.5	10.789450
80.516667	0.5	10.758200
80.525000	0.5	10.720450
80.533333	0.5	10.688750
80.541667	0.5	10.634750
80.550000	0.5	10.581000
80.558333	0.5	10.549350
80.566667	0.5	10.478550
80.575000	0.5	10.421150
80.583333	0.5	10.364600
80.591667	0.5	10.327950
80.600000	0.5	10.255400
80.608333	0.5	10.193950
80.616667	0.5	10.140700
80.625000	0.5	10.091300
80.633333	0.5	10.020350
80.641667	0.5	9.964300
80.650000	0.5	9.911650
80.658333	0.5	9.855550
80.666667	0.5	9.810450
80.675000	0.5	9.750050
80.683333	0.5	9.697550
80.691667	0.5	9.664600
80.700000	0.5	9.608800
80.708333	0.5	9.573000
80.716667	0.5	9.541250
80.725000	0.5	9.514200
80.733333	0.5	9.471500
80.741667	0.5	9.442500
80.750000	0.5	9.418100
80.758333	0.5	9.385250
80.766667	0.5	9.358250
80.775000	0.5	9.347100
80.783333	0.5	9.316700
80.791667	0.5	9.293950
80.800000	0.5	9.286650
80.808333	0.5	9.276350
80.816667	0.5	9.258950
80.825000	0.5	9.240150
80.833333	0.5	9.226550
80.841667	0.5	9.221100
80.850000	0.5	9.199750
80.858333	0.5	9.182900
80.866667	0.5	9.183650
80.875000	0.5	9.176550
80.883333	0.5	9.155600
80.891667	0.5	9.141850
80.900000	0.5	9.138450
80.908333	0.5	9.136650
80.916667	0.5	9.124050
80.925000	0.5	9.113900
80.933333	0.5	9.105850
80.941667	0.5	9.099500
80.950000	0.5	9.088050
80.958333	0.5	9.087950
80.966667	0.5	9.070450
80.975000	0.5	9.068600
80.983333	0.5	9.060350
80.991667	0.5	9.052550
81.000000	0.5	9.049600
81.008333	0.5	9.044000
81.016667	0.5	9.041850
81.025000	0.5	9.034700
81.033333	0.5	9.025500
81.041667	0.5	9.018450
81.050000	0.5	9.024400
81.058333	0.5	9.016900
81.066667	0.5	9.003900
81.075000	0.5	9.011450
81.083333	0.5	9.000950
81.091667	0.5	9.002350
81.100000	0.5	9.003450
81.108333	0.5	8.994300
81.116667	0.5	8.994500
81.125000	0.5	8.986400
81.133333	0.5	8.997750
81.141667	0.5	8.988650
81.150000	0.5	8.986650
81.158333	0.5	8.983800
81.166667	0.5	9.000200
81.175000	0.5	8.993100
81.183333	0.5	8.992050
81.191667	0.5	9.016450
81.200000	0.5	9.000850
81.208333	0.5	9.011650
81.216667	0.5	9.022500
81.225000	0.5	9.011250
81.233333	0.5	9.024950
81.241667	0.5	9.032400
81.250000	0.5	9.048950
81.258333	0.5	9.046500
81.266667	0.5	9.057200
81.275000	0.5	9.072700
81.283333	0.5	9.092500
81.291667	0.5	9.102650
81.300000	0.5	9.118750
81.308333	0.5	9.145250
81.316667	0.5	9.162750
81.325000	0.5	9.189250
81.333333	0.5	9.221100
81.341667	0.5	9.259100
81.350000	0.5	9.282850
81.358333	0.5	9.324400
81.366667	0.5	9.349950
81.375000	0.5	9.409750
81.383333	0.5	9.454700
81.391667	0.5	9.506000
81.400000	0.5	9.555950
81.408333	0.5	9.608250
81.416667	0.5	9.676200
81.425000	0.5	9.732300
81.433333	0.5	9.789100
81.441667	0.5	9.855050
81.450000	0.5	9.923950
81.458333	0.5	9.989050
81.466667	0.5	10.053800
81.475000	0.5	10.129650
81.483333	0.5	10.185300
81.491667	0.5	10.250300
81.500000	0.5	10.311750
81.508333	0.5	10.375300
81.516667	0.5	10.432850
81.525000	0.5	10.497150
81.533333	0.5	10.537250
81.541667	0.5	10.593650
81.550000	0.5	10.643450
81.558333	0.5	10.675150
81.566667	0.5	10.713300
81.575000	0.5	10.757400
81.583333	0.5	10.788800
81.591667	0.5	10.812850
81.600000	0.5	10.829150
81.608333	0.5	10.850250
81.616667	0.5	10.864700
81.625000	0.5	10.882500
81.633333	0.5	10.886950
81.641667	0.5	10.895550
81.650000	0.5	10.893100
81.658333	0.5	10.895600
81.666667	0.5	10.880450
81.675000	0.5	10.879450
81.683333	0.5	10.862650
81.691667	0.5	10.853350
81.700000	0.5	10.829000
81.708333	0.5	10.799950
81.716667	0.5	10.782650
81.725000	0.5	10.754550
81.733333	0.5	10.732750
81.741667	0.5	10.692700
81.750000	0.5	10.658450
81.758333	0.5	10.625450
81.766667	0.5	10.593700
81.775000	0.5	10.573500
81.783333	0.5	10.515650
81.791667	0.5	10.479300
81.800000	0.5	10.440250
81.808333	0.5	10.412850
81.816667	0.5	10.367300
81.825000	0.5	10.340100
81.833333	0.5	10.325200
81.841667	0.5	10.261850
81.850000	0.5	10.233450
81.858333	0.5	10.218150
81.866667	0.5	10.173750
81.875000	0.5	10.152800
81.883333	0.5	10.118200
81.891667	0.5	10.094650
81.900000	0.5	10.074250
81.908333	0.5	10.071800
81.916667	0.5	10.036000
81.925000	0.5	10.012300
81.933333	0.5	10.019500
81.941667	0.5	9.986600
81.950000	0.5	9.990100
81.958333	0.5	9.976200
81.966667	0.5	9.971400
81.975000	0.5	9.951100
81.983333	0.5	9.950000
81.991667	0.5	9.945450
82.000000	0.5	9.941950
82.008333	0.5	9.945100
82.016667	0.5	9.931950
82.025000	0.5	9.932450
82.033333	0.5	9.932350
82.041667	0.5	9.925500
82.050000	0.5	9.936350
82.058333	0.5	9.939250
82.066667	0.5	9.936050
82.075000	0.5	9.940750
82.083333	0.5	9.936750
82.091667	0.5	9.935350
82.100000	0.5	9.937100
82.108333	0.5	9.941300
82.116667	0.5	9.944650
82.125000	0.5	9.947900
82.133333	0.5	9.955650
82.141667	0.5	9.953000
82.150000	0.5	9.961350
82.158333	0.5	9.962500
82.166667	0.5	9.963750
82.175000	0.5	9.959550
82.183333	0.5	9.962450
82.191667	0.5	9.965150
82.200000	0.5	9.970200
82.208333	0.5	9.965200
82.216667	0.5	9.975400
82.225000	0.5	9.976000
82.233333	0.5	9.969700
82.241667	0.5	9.984100
82.250000	0.5	9.987050
82.258333	0.5	9.985250
82.266667	0.5	9.982300
82.275000	0.5	9.977750
82.283333	0.5	9.984900
82.291667	0.5	9.982400
82.300000	0.5	9.987450
82.308333	0.5	9.976900
82.316667	0.5	9.982300
82.325000	0.5	9.972800
82.333333	0.5	9.983750
82.341667	0.5	9.980400
82.350000	0.5	9.980150
82.358333	0.5	9.978350
82.366667	0.5	9.975500
82.375000	0.5	9.978900
82.383333	0.5	9.970600
82.391667	0.5	9.975000
82.400000	0.5	9.970350
82.408333	0.5	9.993900
82.416667	0.5	9.983650
82.425000	0.5	9.980850
82.433333	0.5	9.986650
82.441667	0.5	9.996300
82.450000	0.5	9.989650
82.458333	0.5	9.996150
82.466667	0.5	9.997600
82.475000	0.5	10.011850
82.483333	0.5	10.014850
82.491667	0.5	10.016650
82.500000	0.5	10.024200
82.508333	0.5	10.040800
82.516667	0.5	10.045000
82.525000	0.5	10.060650
82.533333	0.5	10.071250
82.541667	0.5	10.090400
82.550000	0.5	10.104150
82.558333	0.5	10.129500
82.566667	0.5	10.152250
82.575000	0.5	10.166750
82.583333	0.5	10.203650
82.591667	0.5	10.237100
82.600000	0.5	10.258350
82.608333	0.5	10.301400
82.616667	0.5	10.326550
82.625000	0.5	10.380050
82.633333	0.5	10.403500
82.641667	0.5	10.441100
82.650000	0.5	10.475550
82.658333	0.5	10.512200
82.666667	0.5	10.549500
82.675000	0.5	10.597050
82.683333	0.5	10.617750
82.691667	0.5	10.662450
82.700000	0.5	10.691800
82.708333	0.5	10.723750
82.716667	0.5	10.757500
82.725000	0.5	10.790050
82.733333	0.5	10.823100
82.741667	0.5	10.836100
82.750000	0.5	10.862500
82.758333	0.5	10.876850
82.766667	0.5	10.904050
82.775000	0.5	10.918500
82.783333	0.5	10.942400
82.791667	0.5	10.944250
82.800000	0.5	10.954050
82.808333	0.5	10.961250
82.816667	0.5	10.961650
82.825000	0.5	10.967400
82.833333	0.5	10.958750
82.841667	0.5	10.953350
82.850000	0.5	10.956300
82.858333	0.5	10.930700
82.866667	0.5	10.921000
82.875000	0.5	10.907350
82.883333	0.5	10.897450
82.891667	0.5	10.872050
82.900000	0.5	10.854750
82.908333	0.5	10.825400
82.916667	0.5	10.798500
82.925000	0.5	10.777700
82.933333	0.5	10.748800
82.941667	0.5	10.710750
82.950000	0.5	10.679450
82.958333	0.5	10.639600
82.966667	0.5	10.604750
82.975000	0.5	10.574300
82.983333	0.5	10.534600
82.991667	0.5	10.499850
83.000000	0.5	10.466250
83.008333	0.5	10.431050
83.016667	0.5	10.388200
83.025000	0.5	10.353150
83.033333	0.5	10.310400
83.041667	0.5	10.268050
83.050000	0.5	10.237900
83.058333	0.5	10.202200
83.066667	0.5	10.171200
83.075000	0.5	10.122650
83.083333	0.5	10.086750
83.091667	0.5	10.053700
83.100000	0.5	10.023150
83.108333	0.5	10.002150
83.116667	0.5	9.961450
83.125000	0.5	9.927450
83.133333	0.5	9.910350
83.141667	0.5	9.875600
83.150000	0.5	9.838650
83.158333	0.5	9.808100
83.166667	0.5	9.786100
83.175000	0.5	9.777050
83.183333	0.5	9.740900
83.191667	0.5	9.706750
83.200000	0.5	9.699250
83.208333	0.5	9.670800
83.216667	0.5	9.652450
83.225000	0.5	9.627250
83.233333	0.5	9.609650
83.241667	0.5	9.589400
83.250000	0.5	9.581600
83.258333	0.5	9.566350
83.266667	0.5	9.536500
83.275000	0.5	9.542650
83.283333	0.5	9.514650
83.291667	0.5	9.494000
83.300000	0.5	9.486250
83.308333	0.5	9.482700
83.316667	0.5	9.454750
83.325000	0.5	9.451650
83.333333	0.5	9.438250
83.341667	0.5	9.422500
83.350000	0.5	9.412550
83.358333	0.5	9.395850
83.366667	0.5	9.392950
83.375000	0.5	9.387600
83.383333	0.5	9.363150
83.391667	0.5	9.359650
83.400000	0.5	9.369000
83.408333	0.5	9.345450
83.416667	0.5	9.332400
83.425000	0.5	9.339050
83.433333	0.5	9.327850
83.441667	0.5	9.317750
83.450000	0.5	9.322650
83.458333	0.5	9.296400
83.466667	0.5	9.298500
83.475000	0.5	9.282850
83.483333	0.5	9.277400
83.491667	0.5	9.277300
83.500000	0.5	9.278650
83.508333	0.5	9.269700
83.516667	0.5	9.274250
83.525000	0.5	9.269950
83.533333	0.5	9.265400
83.541667	0.5	9.268400
83.550000	0.5	9.269000
83.558333	0.5	9.266600
83.566667	0.5	9.285350
83.575000	0.5	9.282050
83.583333	0.5	9.294800
83.591667	0.5	9.312450
83.600000	0.5	9.321700
83.608333	0.5	9.342150
83.616667	0.5	9.347850
83.625000	0.5	9.363750
83.633333	0.5	9.391850
83.641667	0.5	9.416050
83.650000	0.5	9.450800
83.658333	0.5	9.475950
83.666667	0.5	9.504050
83.675000	0.5	9.556750
83.683333	0.5	9.585500
83.691667	0.5	9.624600
83.700000	0.5	9.668100
83.708333	0.5	9.712250
83.716667	0.5	9.758900
83.725000	0.5	9.811100
83.733333	0.5	9.852200
83.741667	0.5	9.901050
83.750000	0.5	9.953750
83.758333	0.5	10.005250
83.766667	0.5	10.047950
83.775000	0.5	10.093500
83.783333	0.5	10.135650
83.791667	0.5	10.179800
83.800000	0.5	10.220700
83.808333	0.5	10.249200
83.816667	0.5	10.285650
83.825000	0.5	10.318000
83.833333	0.5	10.346550
83.841667	0.5	10.381350
83.850000	0.5	10.390050
83.858333	0.5	10.404100
83.866667	0.5	10.423050
83.875000	0.5	10.428350
83.883333	0.5	10.427400
83.891667	0.5	10.432950
83.900000	0.5	10.418450
83.908333	0.5	10.419400
83.916667	0.5	10.397400
83.925000	0.5	10.382000
83.933333	0.5	10.357450
83.941667	0.5	10.326100
83.950000	0.5	10.311800
83.958333	0.5	10.273800
83.966667	0.5	10.242550
83.975000	0.5	10.202600
83.983333	0.5	10.163950
83.991667	0.5	10.121600
84.000000	0.5	10.063950
84.008333	0.5	10.013700
84.016667	0.5	9.960750
84.025000	0.5	9.911400
84.033333	0.5	9.857950
84.041667	0.5	9.800750
84.050000	0.5	9.741900
84.058333	0.5	9.700700
84.066667	0.5	9.635750
84.075000	0.5	9.595250
84.083333	0.5	9.542750
84.091667	0.5	9.478200
84.100000	0.5	9.432550
84.108333	0.5	9.394100
84.116667	0.5	9.332050
84.125000	0.5	9.294650
84.133333	0.5	9.241650
84.141667	0.5	9.194650
84.150000	0.5	9.173050
84.158333	0.5	9.110050
84.166667	0.5	9.061750
84.175000	0.5	9.030300
84.183333	0.5	8.992700
84.191667	0.5	8.963900
84.200000	0.5	8.926700
84.208333	0.5	8.891850
84.216667	0.5	8.863450
84.225000	0.5	8.828000
84.233333	0.5	8.806500
84.241667	0.5	8.776300
84.250000	0.5	8.758900
84.258333	0.5	8.725600
84.266667	0.5	8.704400
84.275000	0.5	8.677650
84.283333	0.5	8.668350
84.291667	0.5	8.652150
84.300000	0.5	8.635500
84.308333	0.5	8.617700
84.316667	0.5	8.599200
84.325000	0.5	8.591900
84.333333	0.5	8.589450
84.341667	0.5	8.566400
84.350000	0.5	8.563850
84.358333	0.5	8.560800
84.366667	0.5	8.550300
84.375000	0.5	8.544650
84.383333	0.5	8.536800
84.391667	0.5	8.534300
84.400000	0.5	8.544300
84.408333	0.5	8.529500
84.416667	0.5	8.538150
84.425000	0.5	8.541200
84.433333	0.5	8.537850
84.441667	0.5	8.549250
84.450000	0.5	8.555450
84.458333	0.5	8.558500
84.466667	0.5	8.557550
84.475000	0.5	8.568250
84.483333	0.5	8.570900
84.491667	0.5	8.584750
84.500000	0.5	8.589550
84.508333	0.5	8.599100
84.516667	0.5	8.617800
84.525000	0.5	8.622950
84.533333	0.5	8.635500
84.541667	0.5	8.652650
84.550000	0.5	8.664350
84.558333	0.5	8.680750
84.566667	0.5	8.687900
84.575000	0.5	8.702750
84.583333	0.5	8.710350
84.591667	0.5	8.736700
84.600000	0.5	8.754600
84.608333	0.5	8.765400
84.616667	0.5	8.782500
84.625000	0.5	8.797400
84.633333	0.5	8.821050
84.641667	0.5	8.850650
84.650000	0.5	8.884150
84.658333	0.5	8.892400
84.666667	0.5	8.918800
84.675000	0.5	8.945000
84.683333	0.5	8.967300
84.691667	0.5	8.997800
84.700000	0.5	9.034900
84.708333	0.5	9.056100
84.716667	0.5	9.099500
84.725000	0.5	9.143700
84.733333	0.5	9.174150
84.741667	0.5	9.221400
84.750000	0.5	9.265000
84.758333	0.5	9.316550
84.766667	0.5	9.359200
84.775000	0.5	9.405700
84.783333	0.5	9.445800
84.791667	0.5	9.512750
84.800000	0.5	9.553250
84.808333	0.5	9.605900
84.816667	0.5	9.669250
84.825000	0.5	9.718500
84.833333	0.5	9.777750
84.841667	0.5	9.839700
84.850000	0.5	9.881600
84.858333	0.5	9.935850
84.866667	0.5	9.988200
84.875000	0.5	10.036250
84.883333	0.5	10.070800
84.891667	0.5	10.119050
84.900000	0.5	10.152900
84.908333	0.5	10.199650
84.916667	0.5	10.222950
84.925000	0.5	10.257400
84.933333	0.5	10.279200
84.941667	0.5	10.307850
84.950000	0.5	10.333150
84.958333	0.5	10.350800
84.966667	0.5	10.368150
84.975000	0.5	10.377550
84.983333	0.5	10.380200
84.991667	0.5	10.386250
85.000000	0.5	10.390950
85.008333	0.5	10.376450
85.016667	0.5	10.381800
85.025000	0.5	10.361050
85.033333	0.5	10.350100
85.041667	0.5	10.341400
85.050000	0.5	10.330200
85.058333	0.5	10.307550
85.066667	0.5	10.287900
85.075000	0.5	10.254850
85.083333	0.5	10.224800
85.091667	0.5	10.208850
85.100000	0.5	10.175600
85.108333	0.5	10.155900
85.116667	0.5	10.110950
85.125000	0.5	10.084450
85.133333	0.5	10.065150
85.141667	0.5	10.019800
85.150000	0.5	9.986750
85.158333	0.5	9.950600
85.166667	0.5	9.930950
85.175000	0.5	9.890000
85.183333	0.5	9.863000
85.191667	0.5	9.818200
85.200000	0.5	9.788450
85.208333	0.5	9.770150
85.216667	0.5	9.727700
85.225000	0.5	9.696800
85.233333	0.5	9.672300
85.241667	0.5	9.639200
85.250000	0.5	9.607450
85.258333	0.5	9.566550
85.266667	0.5	9.541500
85.275000	0.5	9.498950
85.283333	0.5	9.480600
85.291667	0.5	9.448400
85.300000	0.5	9.421300
85.308333	0.5	9.386100
85.316667	0.5	9.360400
85.325000	0.5	9.333200
85.333333	0.5	9.301500
85.341667	0.5	9.278450
85.350000	0.5	9.242450
85.358333	0.5	9.226500
85.366667	0.5	9.188650
85.375000	0.5	9.169750
85.383333	0.5	9.134000
85.391667	0.5	9.111400
85.400000	0.5	9.090850
85.408333	0.5	9.070300
85.416667	0.5	9.044050
85.425000	0.5	9.015550
85.433333	0.5	9.002300
85.441667	0.5	8.983050
85.450000	0.5	8.963950
85.458333	0.5	8.952250
85.466667	0.5	8.935300
85.475000	0.5	8.916500
85.483333	0.5	8.904500
85.491667	0.5	8.893450
85.500000	0.5	8.881250
85.508333	0.5	8.878950
85.516667	0.5	8.884750
85.525000	0.5	8.855850
85.533333	0.5	8.856900
85.541667	0.5	8.850850
85.550000	0.5	8.849150
85.558333	0.5	8.842900
85.566667	0.5	8.848600
85.575000	0.5	8.841650
85.583333	0.5	8.837800
85.591667	0.5	8.851200
85.600000	0.5	8.864200
85.608333	0.5	8.858200
85.616667	0.5	8.873450
85.625000	0.5	8.872250
85.633333	0.5	8.877100
85.641667	0.5	8.894800
85.650000	0.5	8.895950
85.658333	0.5	8.912200
85.666667	0.5	8.918200
85.675000	0.5	8.939250
85.683333	0.5	8.949550
85.691667	0.5	8.960100
85.700000	0.5	8.984000
85.708333	0.5	9.002500
85.716667	0.5	9.031150
85.725000	0.5	9.046700
85.733333	0.5	9.071400
85.741667	0.5	9.093550
85.750000	0.5	9.116700
85.758333	0.5	9.147300
85.766667	0.5	9.177300
85.775000	0.5	9.216100
85.783333	0.5	9.250900
85.791667	0.5	9.280600
85.800000	0.5	9.322200
85.808333	0.5	9.356450
85.816667	0.5	9.406200
85.825000	0.5	9.439400
85.833333	0.5	9.478250
85.841667	0.5	9.527050
85.850000	0.5	9.568900
85.858333	0.5	9.616350
85.866667	0.5	9.668450
85.875000	0.5	9.704300
85.883333	0.5	9.750350
85.891667	0.5	9.789250
85.900000	0.5	9.837600
85.908333	0.5	9.871450
85.916667	0.5	9.915000
85.925000	0.5	9.940400
85.933333	0.5	9.989450
85.941667	0.5	10.005150
85.950000	0.5	10.051450
85.958333	0.5	10.078350
85.966667	0.5	10.097850
85.975000	0.5	10.124800
85.983333	0.5	10.155950
85.991667	0.5	10.164800
86.000000	0.5	10.176750
86.008333	0.5	10.181400
86.016667	0.5	10.198100
86.025000	0.5	10.199100
86.033333	0.5	10.206050
86.041667	0.5	10.191950
86.050000	0.5	10.187500
86.058333	0.5	10.181450
86.066667	0.5	10.156800
86.075000	0.5	10.146850
86.083333	0.5	10.141600
86.091667	0.5	10.107800
86.100000	0.5	10.094800
86.108333	0.5	10.074950
86.116667	0.5	10.041450
86.125000	0.5	10.015400
86.133333	0.5	9.981450
86.141667	0.5	9.950050
86.150000	0.5	9.927100
86.158333	0.5	9.892750
86.166667	0.5	9.864500
86.175000	0.5	9.829900
86.183333	0.5	9.796050
86.191667	0.5	9.761850
86.200000	0.5	9.731050
86.208333	0.5	9.711100
86.216667	0.5	9.677650
86.225000	0.5	9.642250
86.233333	0.5	9.609200
86.241667	0.5	9.579650
86.250000	0.5	9.542550
86.258333	0.5	9.520050
86.266667	0.5	9.478650
86.275000	0.5	9.454350
86.283333	0.5	9.426400
86.291667	0.5	9.407100
86.300000	0.5	9.365500
86.308333	0.5	9.334400
86.316667	0.5	9.319000
86.325000	0.5	9.288600
86.333333	0.5	9.257650
86.341667	0.5	9.247050
86.350000	0.5	9.206100
86.358333	0.5	9.199400
86.366667	0.5	9.153800
86.375000	0.5	9.132500
86.383333	0.5	9.102650
86.391667	0.5	9.085700
86.400000	0.5	9.061350
86.408333	0.5	9.044750
86.416667	0.5	9.037050
86.425000	0.5	9.003200
86.433333	0.5	8.977650
86.441667	0.5	8.959600
86.450000	0.5	8.943350
86.458333	0.5	8.924300
86.466667	0.5	8.911300
86.475000	0.5	8.898850
86.483333	0.5	8.874850
86.491667	0.5	8.868550
86.500000	0.5	8.856100
86.508333	0.5	8.836300
86.516667	0.5	8.825050
86.525000	0.5	8.820750
86.533333	0.5	8.823700
86.541667	0.5	8.815700
86.550000	0.5	8.801450
86.558333	0.5	8.812300
86.566667	0.5	8.808200
86.575000	0.5	8.797350
86.583333	0.5	8.807900
86.591667	0.5	8.819950
86.600000	0.5	8.820250
86.608333	0.5	8.823950
86.616667	0.5	8.845900
86.625000	0.5	8.860200
86.633333	0.5	8.869950
86.641667	0.5	8.888550
86.650000	0.5	8.906100
86.658333	0.5	8.932050
86.666667	0.5	8.941950
86.675000	0.5	8.971300
86.683333	0.5	9.003800
86.691667	0.5	9.028300
86.700000	0.5	9.050000
86.708333	0.5	9.079700
86.716667	0.5	9.111600
86.725000	0.5	9.158200
86.733333	0.5	9.192000
86.741667	0.5	9.228200
86.750000	0.5	9.281650
86.758333	0.5	9.335100
86.766667	0.5	9.373800
86.775000	0.5	9.415650
86.783333	0.5	9.482000
86.791667	0.5	9.526950
86.800000	0.5	9.590050
86.808333	0.5	9.643900
86.816667	0.5	9.703250
86.825000	0.5	9.765100
86.833333	0.5	9.837200
86.841667	0.5	9.897200
86.850000	0.5	9.962000
86.858333	0.5	10.027300
86.866667	0.5	10.094700
86.875000	0.5	10.170050
86.883333	0.5	10.231950
86.891667	0.5	10.299950
86.900000	0.5	10.375100
86.908333	0.5	10.431550
86.916667	0.5	10.506300
86.925000	0.5	10.563150
86.933333	0.5	10.624150
86.941667	0.5	10.696100
86.950000	0.5	10.745100
86.958333	0.5	10.799350
86.966667	0.5	10.841750
86.975000	0.5	10.896400
86.983333	0.5	10.944800
86.991667	0.5	10.989450
87.000000	0.5	11.029450
87.008333	0.5	11.058450
87.016667	0.5	11.088950
87.025000	0.5	11.111250
87.033333	0.5	11.136500
87.041667	0.5	11.152700
87.050000	0.5	11.173300
87.058333	0.5	11.183250
87.066667	0.5	11.180200
87.075000	0.5	11.199600
87.083333	0.5	11.182950
87.091667	0.5	11.168100
87.100000	0.5	11.166300
87.108333	0.5	11.157050
87.116667	0.5	11.140250
87.125000	0.5	11.118900
87.133333	0.5	11.114900
87.141667	0.5	11.087800
87.150000	0.5	11.056850
87.158333	0.5	11.035900
87.166667	0.5	11.013850
87.175000	0.5	10.979650
87.183333	0.5	10.952650
87.191667	0.5	10.928800
87.200000	0.5	10.897200
87.208333	0.5	10.860500
87.216667	0.5	10.834550
87.225000	0.5	10.819700
87.233333	0.5	10.770400
87.241667	0.5	10.748150
87.250000	0.5	10.716150
87.258333	0.5	10.686550
87.266667	0.5	10.656650
87.275000	0.5	10.626300
87.283333	0.5	10.593650
87.291667	0.5	10.568050
87.300000	0.5	10.545250
87.308333	0.5	10.513550
87.316667	0.5	10.495250
87.325000	0.5	10.461550
87.333333	0.5	10.438200
87.341667	0.5	10.408050
87.350000	0.5	10.379000
87.358333	0.5	10.350850
87.366667	0.5	10.320450
87.375000	0.5	10.298850
87.383333	0.5	10.262100
87.391667	0.5	10.238450
87.400000	0.5	10.213950
87.408333	0.5	10.190100
87.416667	0.5	10.150650
87.425000	0.5	10.116500
87.433333	0.5	10.097850
87.441667	0.5	10.070250
87.450000	0.5	10.033550
87.458333	0.5	10.003600
87.466667	0.5	9.982500
87.475000	0.5	9.954250
87.483333	0.5	9.921450
87.491667	0.5	9.891250
87.500000	0.5	9.894250
87.508333	0.5	9.823200
87.516667	0.5	9.794550
87.525000	0.5	9.767100
87.533333	0.5	9.740200
87.541667	0.5	9.711300
87.550000	0.5	9.691000
87.558333	0.5	9.666550
87.566667	0.5	9.623950
87.575000	0.5	9.603700
87.583333	0.5	9.577500
87.591667	0.5	9.563550
87.600000	0.5	9.537150
87.608333	0.5	9.517750
87.616667	0.5	9.500050
87.625000	0.5	9.481250
87.633333	0.5	9.458450
87.641667	0.5	9.442400
87.650000	0.5	9.428000
87.658333	0.5	9.417600
87.666667	0.5	9.405200
87.675000	0.5	9.399400
87.683333	0.5	9.380050
87.691667	0.5	9.365600
87.700000	0.5	9.357750
87.708333	0.5	9.355350
87.716667	0.5	9.350150
87.725000	0.5	9.353950
87.733333	0.5	9.347150
87.741667	0.5	9.352700
87.750000	0.5	9.347200
87.758333	0.5	9.344950
87.766667	0.5	9.357000
87.775000	0.5	9.364850
87.783333	0.5	9.373450
87.791667	0.5	9.385200
87.800000	0.5	9.401650
87.808333	0.5	9.422300
87.816667	0.5	9.428050
87.825000	0.5	9.452050
87.833333	0.5	9.464450
87.841667	0.5	9.485950
87.850000	0.5	9.532000
87.858333	0.5	9.530850
87.866667	0.5	9.564350
87.875000	0.5	9.574900
87.883333	0.5	9.604050
87.891667	0.5	9.632800
87.900000	0.5	9.653500
87.908333	0.5	9.688250
87.916667	0.5	9.692800
87.925000	0.5	9.711800
87.933333	0.5	9.739100
87.941667	0.5	9.757350
87.950000	0.5	9.777900
87.958333	0.5	9.781750
87.966667	0.5	9.797650
87.975000	0.5	9.810100
87.983333	0.5	9.828550
87.991667	0.5	9.830200
88.000000	0.5	9.849500
88.008333	0.5	9.836500
88.016667	0.5	9.843100
88.025000	0.5	9.844450
88.033333	0.5	9.832400
88.041667	0.5	9.830700
88.050000	0.5	9.824050
88.058333	0.5	9.811600
88.066667	0.5	9.807700
88.075000	0.5	9.799400
88.083333	0.5	9.787250
88.091667	0.5	9.778050
88.100000	0.5	9.769900
88.108333	0.5	9.751100
88.116667	0.5	9.720850
88.125000	0.5	9.713650
88.133333	0.5	9.699850
88.141667	0.5	9.675000
88.150000	0.5	9.656950
88.158333	0.5	9.650400
88.166667	0.5	9.621250
88.175000	0.5	9.609700
88.183333	0.5	9.595450
88.191667	0.5	9.583350
88.200000	0.5	9.554450
88.208333	0.5	9.534550
88.216667	0.5	9.524650
88.225000	0.5	9.516350
88.233333	0.5	9.497700
88.241667	0.5	9.481800
88.250000	0.5	9.473200
88.258333	0.5	9.466950
88.266667	0.5	9.454050
88.275000	0.5	9.438450
88.283333	0.5	9.430600
88.291667	0.5	9.416250
88.300000	0.5	9.411200
88.308333	0.5	9.404250
88.316667	0.5	9.383300
88.325000	0.5	9.378100
88.333333	0.5	9.382000
88.341667	0.5	9.385200
88.350000	0.5	9.355400
88.358333	0.5	9.344700
88.366667	0.5	9.331750
88.375000	0.5	9.327850
88.383333	0.5	9.319450
88.391667	0.5	9.299250
88.400000	0.5	9.285650
88.408333	0.5	9.274200
88.416667	0.5	9.253500
88.425000	0.5	9.253400
88.433333	0.5	9.253050
88.441667	0.5	9.231000
88.450000	0.5	9.216500
88.458333	0.5	9.204700
88.466667	0.5	9.192300
88.475000	0.5	9.186350
88.483333	0.5	9.162350
88.491667	0.5	9.159300
88.500000	0.5	9.146700
88.508333	0.5	9.132400
88.516667	0.5	9.122750
88.525000	0.5	9.117800
88.533333	0.5	9.099150
88.541667	0.5	9.096750
88.550000	0.5	9.113850
88.558333	0.5	9.076800
88.566667	0.5	9.072100
88.575000	0.5	9.066300
88.583333	0.5	9.057600
88.591667	0.5	9.058050
88.600000	0.5	9.047900
88.608333	0.5	9.048400
88.616667	0.5	9.037500
88.625000	0.5	9.038500
88.633333	0.5	9.046400
88.641667	0.5	9.058050
88.650000	0.5	9.062900
88.658333	0.5	9.058100
88.666667	0.5	9.068250
88.675000	0.5	9.080500
88.683333	0.5	9.089100
88.691667	0.5	9.110400
88.700000	0.5	9.104950
88.708333	0.5	9.130600
88.716667	0.5	9.139600
88.725000	0.5	9.163150
88.733333	0.5	9.188700
88.741667	0.5	9.209150
88.750000	0.5	9.241950
88.758333	0.5	9.254350
88.766667	0.5	9.274600
88.775000	0.5	9.301950
88.783333	0.5	9.338800
88.791667	0.5	9.357200
88.800000	0.5	9.393200
88.808333	0.5	9.413850
88.816667	0.5	9.449500
88.825000	0.5	9.473750
88.833333	0.5	9.514850
88.841667	0.5	9.532650
88.850000	0.5	9.560650
88.858333	0.5	9.586800
88.866667	0.5	9.627500
88.875000	0.5	9.627250
88.883333	0.5	9.658300
88.891667	0.5	9.672400
88.900000	0.5	9.704150
88.908333	0.5	9.718850
88.916667	0.5	9.730050
88.925000	0.5	9.746600
88.933333	0.5	9.755850
88.941667	0.5	9.761650
88.950000	0.5	9.773850
88.958333	0.5	9.780050
88.966667	0.5	9.780100
88.975000	0.5	9.775050
88.983333	0.5	9.776800
88.991667	0.5	9.763450
89.000000	0.5	9.761150
89.008333	0.5	9.764900
89.016667	0.5	9.743150
89.025000	0.5	9.729150
89.033333	0.5	9.730850
89.041667	0.5	9.726500
89.050000	0.5	9.703600
89.058333	0.5	9.691750
89.066667	0.5	9.669800
89.075000	0.5	9.663600
89.083333	0.5	9.637900
89.091667	0.5	9.628850
89.100000	0.5	9.614600
89.108333	0.5	9.597650
89.116667	0.5	9.597800
89.125000	0.5	9.584350
89.133333	0.5	9.580000
89.141667	0.5	9.563150
89.150000	0.5	9.554950
89.158333	0.5	9.549550
89.166667	0.5	9.549950
89.175000	0.5	9.551350
89.183333	0.5	9.554200
89.191667	0.5	9.551050
89.200000	0.5	9.551300
89.208333	0.5	9.568250
89.216667	0.5	9.565700
89.225000	0.5	9.579150
89.233333	0.5	9.604250
89.241667	0.5	9.600450
89.250000	0.5	9.610250
89.258333	0.5	9.633850
89.266667	0.5	9.647650
89.275000	0.5	9.666050
89.283333	0.5	9.681750
89.291667	0.5	9.707800
89.300000	0.5	9.726350
89.308333	0.5	9.744150
89.316667	0.5	9.761100
89.325000	0.5	9.784050
89.333333	0.5	9.804200
89.341667	0.5	9.826450
89.350000	0.5	9.853000
89.358333	0.5	9.874850
89.366667	0.5	9.898250
89.375000	0.5	9.916500
89.383333	0.5	9.946250
89.391667	0.5	9.954600
89.400000	0.5	9.978900
89.408333	0.5	10.002900
89.416667	0.5	10.026350
89.425000	0.5	10.040700
89.433333	0.5	10.056800
89.441667	0.5	10.082450
89.450000	0.5	10.094050
89.458333	0.5	10.113100
89.466667	0.5	10.128700
89.475000	0.5	10.149000
89.483333	0.5	10.163750
89.491667	0.5	10.188450
89.500000	0.5	10.203900
89.508333	0.5	10.218200
89.516667	0.5	10.233050
89.525000	0.5	10.245900
89.533333	0.5	10.283300
89.541667	0.5	10.275850
89.550000	0.5	10.294600
89.558333	0.5	10.317500
89.566667	0.5	10.319700
89.575000	0.5	10.347900
89.583333	0.5	10.369800
89.591667	0.5	10.370650
89.600000	0.5	10.388750
89.608333	0.5	10.400850
89.616667	0.5	10.417300
89.625000	0.5	10.435350
89.633333	0.5	10.438450
89.641667	0.5	10.472800
89.650000	0.5	10.479100
89.658333	0.5	10.495800
89.666667	0.5	10.515550
89.675000	0.5	10.526050
89.683333	0.5	10.548000
89.691667	0.5	10.562650
89.700000	0.5	10.574350
89.708333	0.5	10.589100
89.716667	0.5	10.612650
89.725000	0.5	10.625150
89.733333	0.5	10.646200
89.741667	0.5	10.640050
89.750000	0.5	10.648850
89.758333	0.5	10.663200
89.766667	0.5	10.668500
89.775000	0.5	10.687050
89.783333	0.5	10.681600
89.791667	0.5	10.691400
89.800000	0.5	10.700650
89.808333	0.5	10.697700
89.816667	0.5	10.705650
89.825000	0.5	10.706600
89.833333	0.5	10.682200
89.841667	0.5	10.691450
89.850000	0.5	10.669050
89.858333	0.5	10.653900
89.866667	0.5	10.648300
89.875000	0.5	10.631800
89.883333	0.5	10.615300
89.891667	0.5	10.595750
89.900000	0.5	10.563300
89.908333	0.5	10.541550
89.916667	0.5	10.520050
89.925000	0.5	10.487250
89.933333	0.5	10.459500
89.941667	0.5	10.431750
89.950000	0.5	10.382300
89.958333	0.5	10.349000
89.966667	0.5	10.338500
89.975000	0.5	10.287050
89.983333	0.5	10.243250
89.991667	0.5	10.199750
90.000000	0.5	10.173700
90.008333	0.5	10.128200
90.016667	0.5	10.092400
90.025000	0.5	10.062750
90.033333	0.5	10.011850
90.041667	0.5	9.978900
90.050000	0.5	9.945300
90.058333	0.5	9.900900
90.066667	0.5	9.873100
90.075000	0.5	9.833550
90.083333	0.5	9.800250
90.091667	0.5	9.776800
90.100000	0.5	9.744500
90.108333	0.5	9.723850
90.116667	0.5	9.685900
90.125000	0.5	9.665200
90.133333	0.5	9.636300
90.141667	0.5	9.624850
90.150000	0.5	9.609800
90.158333	0.5	9.578650
90.166667	0.5	9.566750
90.175000	0.5	9.551150
90.183333	0.5	9.522650
90.191667	0.5	9.512200
90.200000	0.5	9.513900
90.208333	0.5	9.493450
90.216667	0.5	9.471650
90.225000	0.5	9.462150
90.233333	0.5	9.438950
90.241667	0.5	9.435150
90.250000	0.5	9.426850
90.258333	0.5	9.407000
90.266667	0.5	9.386400
90.275000	0.5	9.368800
90.283333	0.5	9.376450
90.291667	0.5	9.355850
90.300000	0.5	9.346500
90.308333	0.5	9.318450
90.316667	0.5	9.307850
90.325000	0.5	9.296900
90.333333	0.5	9.307900
90.341667	0.5	9.267700
90.350000	0.5	9.260550
90.358333	0.5	9.253550
90.366667	0.5	9.224200
90.375000	0.5	9.235450
90.383333	0.5	9.205950
90.391667	0.5	9.201700
90.400000	0.5	9.183250
90.408333	0.5	9.182150
90.416667	0.5	9.159900
90.425000	0.5	9.146200
90.433333	0.5	9.149700
90.441667	0.5	9.125700
90.450000	0.5	9.118950
90.458333	0.5	9.117000
90.466667	0.5	9.103850
90.475000	0.5	9.095300
90.483333	0.5	9.084300
90.491667	0.5	9.070300
90.500000	0.5	9.060950
90.508333	0.5	9.053300
90.516667	0.5	9.045200
90.525000	0.5	9.044850
90.533333	0.5	9.023000
90.541667	0.5	9.022550
90.550000	0.5	9.026350
90.558333	0.5	9.013100
90.566667	0.5	9.005050
90.575000	0.5	8.993700
90.583333	0.5	9.009650
90.591667	0.5	8.975500
90.600000	0.5	8.973700
90.608333	0.5	8.953050
90.616667	0.5	8.955900
90.625000	0.5	8.934500
90.633333	0.5	8.917900
90.641667	0.5	8.903450
90.650000	0.5	8.902650
90.658333	0.5	8.881950
90.666667	0.5	8.855750
90.675000	0.5	8.847900
90.683333	0.5	8.821150
90.691667	0.5	8.796050
90.700000	0.5	8.774600
90.708333	0.5	8.746700
90.716667	0.5	8.726200
90.725000	0.5	8.682850
90.733333	0.5	8.652200
90.741667	0.5	8.632700
90.750000	0.5	8.600850
90.758333	0.5	8.549750
90.766667	0.5	8.531900
90.775000	0.5	8.484650
90.783333	0.5	8.450100
90.791667	0.5	8.403100
90.800000	0.5	8.369550
90.808333	0.5	8.345950
90.816667	0.5	8.303750
90.825000	0.5	8.266100
90.833333	0.5	8.241300
90.841667	0.5	8.207200
90.850000	0.5	8.182600
90.858333	0.5	8.124100
90.866667	0.5	8.107150
90.875000	0.5	8.070900
90.883333	0.5	8.050200
90.891667	0.5	8.021800
90.900000	0.5	8.004550
90.908333	0.5	7.977250
90.916667	0.5	7.947950
90.925000	0.5	7.929200
90.933333	0.5	7.907300
90.941667	0.5	7.893800
90.950000	0.5	7.875350
90.958333	0.5	7.884650
90.966667	0.5	7.851400
90.975000	0.5	7.846450
90.983333	0.5	7.827850
90.991667	0.5	7.818800
91.000000	0.5	7.820350
91.008333	0.5	7.808350
91.016667	0.5	7.806250
91.025000	0.5	7.810450
91.033333	0.5	7.813650
91.041667	0.5	7.806900
91.050000	0.5	7.809450
91.058333	0.5	7.822700
91.066667	0.5	7.818800
91.075000	0.5	7.818800
91.083333	0.5	7.837700
91.091667	0.5	7.828800
91.100000	0.5	7.850300
91.108333	0.5	7.863500
91.116667	0.5	7.887450
91.125000	0.5	7.893400
91.133333	0.5	7.902750
91.141667	0.5	7.921050
91.150000	0.5	7.947400
91.158333	0.5	7.951000
91.166667	0.5	7.967950
91.175000	0.5	7.998450
91.183333	0.5	8.001100
91.191667	0.5	8.023400
91.200000	0.5	8.057900
91.208333	0.5	8.060050
91.216667	0.5	8.095750
91.225000	0.5	8.099600
91.233333	0.5	8.143800
91.241667	0.5	8.155450
91.250000	0.5	8.197150
91.258333	0.5	8.200600
91.266667	0.5	8.225400
91.275000	0.5	8.256550
91.283333	0.5	8.276850
91.291667	0.5	8.306600
91.300000	0.5	8.331800
91.308333	0.5	8.373900
91.316667	0.5	8.390450
91.325000	0.5	8.438700
91.333333	0.5	8.453900
91.341667	0.5	8.490200
91.350000	0.5	8.527950
91.358333	0.5	8.563850
91.366667	0.5	8.591450
91.375000	0.5	8.628800
91.383333	0.5	8.681100
91.391667	0.5	8.704650
91.400000	0.5	8.744100
91.408333	0.5	8.794750
91.416667	0.5	8.844400
91.425000	0.5	8.874500
91.433333	0.5	8.934100
91.441667	0.5	8.977450
91.450000	0.5	9.038350
91.458333	0.5	9.062400
91.466667	0.5	9.121650
91.475000	0.5	9.164950
91.483333	0.5	9.217850
91.491667	0.5	9.270400
91.500000	0.5	9.310950
91.508333	0.5	9.369650
91.516667	0.5	9.419150
91.525000	0.5	9.460350
91.533333	0.5	9.507800
91.541667	0.5	9.556500
91.550000	0.5	9.598400
91.558333	0.5	9.646000
91.566667	0.5	9.678150
91.575000	0.5	9.722950
91.583333	0.5	9.751450
91.591667	0.5	9.787550
91.600000	0.5	9.833200
91.608333	0.5	9.873950
91.616667	0.5	9.877850
91.625000	0.5	9.905250
91.633333	0.5	9.931900
91.641667	0.5	9.944100
91.650000	0.5	9.977200
91.658333	0.5	10.001750
91.666667	0.5	10.008200
91.675000	0.5	10.027750
91.683333	0.5	10.025450
91.691667	0.5	10.041600
91.700000	0.5	10.053950
91.708333	0.5	10.058100
91.716667	0.5	10.079050
91.725000	0.5	10.079150
91.733333	0.5	10.079000
91.741667	0.5	10.081050
91.750000	0.5	10.107000
91.758333	0.5	10.092800
91.766667	0.5	10.099450
91.775000	0.5	10.124550
91.783333	0.5	10.111800
91.791667	0.5	10.129050
91.800000	0.5	10.127250
91.808333	0.5	10.142200
91.816667	0.5	10.143350
91.825000	0.5	10.159050
91.833333	0.5	10.169950
91.841667	0.5	10.180800
91.850000	0.5	10.194550
91.858333	0.5	10.218300
91.866667	0.5	10.225250
91.875000	0.5	10.243950
91.883333	0.5	10.265200
91.891667	0.5	10.275300
91.900000	0.5	10.297350
91.908333	0.5	10.305500
91.916667	0.5	10.346950
91.925000	0.5	10.368450
91.933333	0.5	10.391950
91.941667	0.5	10.418250
91.950000	0.5	10.441500
91.958333	0.5	10.467500
91.966667	0.5	10.485150
91.975000	0.5	10.520200
91.983333	0.5	10.534350
91.991667	0.5	10.563350
92.000000	0.5	10.598850
92.008333	0.5	10.623150
92.016667	0.5	10.650750
92.025000	0.5	10.688600
92.033333	0.5	10.719250
92.041667	0.5	10.748500
92.050000	0.5	10.751550
92.058333	0.5	10.787700
92.066667	0.5	10.817100
92.075000	0.5	10.849450
92.083333	0.5	10.875600
92.091667	0.5	10.894600
92.100000	0.5	10.935350
92.108333	0.5	10.964650
92.116667	0.5	10.990650
92.125000	0.5	10.999050
92.133333	0.5	11.036650
92.141667	0.5	11.055250
92.150000	0.5	11.078150
92.158333	0.5	11.115550
92.166667	0.5	11.120800
92.175000	0.5	11.152150
92.183333	0.5	11.198050
92.191667	0.5	11.204300
92.200000	0.5	11.218650
92.208333	0.5	11.247700
92.216667	0.5	11.273650
92.225000	0.5	11.295150
92.233333	0.5	11.322150
92.241667	0.5	11.338400
92.250000	0.5	11.374050
92.258333	0.5	11.388350
92.266667	0.5	11.408250
92.275000	0.5	11.431450
92.283333	0.5	11.456750
92.291667	0.5	11.483950
92.300000	0.5	11.509500
92.308333	0.5	11.534800
92.316667	0.5	11.544600
92.325000	0.5	11.567150
92.333333	0.5	11.580600
92.341667	0.5	11.599600
92.350000	0.5	11.630950
92.358333	0.5	11.639350
92.366667	0.5	11.662250
92.375000	0.5	11.676550
92.383333	0.5	11.692250
92.391667	0.5	11.702000
92.400000	0.5	11.711400
92.408333	0.5	11.702950
92.416667	0.5	11.728150
92.425000	0.5	11.720500
92.433333	0.5	11.713300
92.441667	0.5	11.719150
92.450000	0.5	11.721350
92.458333	0.5	11.710650
92.466667	0.5	11.709200
92.475000	0.5	11.690900
92.483333	0.5	11.698600
92.491667	0.5	11.669000
92.500000	0.5	11.659800
92.508333	0.5	11.647150
92.516667	0.5	11.617400
92.525000	0.5	11.601550
92.533333	0.5	11.569400
92.541667	0.5	11.546700
92.550000	0.5	11.516800
92.558333	0.5	11.498000
92.566667	0.5	11.464800
92.575000	0.5	11.440350
92.583333	0.5	11.413200
92.591667	0.5	11.380400
92.600000	0.5	11.352500
92.608333	0.5	11.315600
92.616667	0.5	11.283150
92.625000	0.5	11.247850
92.633333	0.5	11.217400
92.641667	0.5	11.184650
92.650000	0.5	11.147200
92.658333	0.5	11.117850
92.666667	0.5	11.099650
92.675000	0.5	11.047800
92.683333	0.5	11.030150
92.691667	0.5	10.986000
92.700000	0.5	10.959750
92.708333	0.5	10.944850
92.716667	0.5	10.903950
92.725000	0.5	10.876200
92.733333	0.5	10.847650
92.741667	0.5	10.819850
92.750000	0.5	10.789700
92.758333	0.5	10.774600
92.766667	0.5	10.744500
92.775000	0.5	10.740200
92.783333	0.5	10.708650
92.791667	0.5	10.692950
92.800000	0.5	10.674100
92.808333	0.5	10.657600
92.816667	0.5	10.630250
92.825000	0.5	10.621800
92.833333	0.5	10.586550
92.841667	0.5	10.584050
92.850000	0.5	10.566300
92.858333	0.5	10.560050
92.866667	0.5	10.548450
92.875000	0.5	10.537250
92.883333	0.5	10.541950
92.891667	0.5	10.519400
92.900000	0.5	10.537350
92.908333	0.5	10.508400
92.916667	0.5	10.500800
92.925000	0.5	10.509050
92.933333	0.5	10.498700
92.941667	0.5	10.496650
92.950000	0.5	10.480850
92.958333	0.5	10.479500
92.966667	0.5	10.492950
92.975000	0.5	10.479850
92.983333	0.5	10.495500
92.991667	0.5	10.481100
93.000000	0.5	10.494800
93.008333	0.5	10.492200
93.016667	0.5	10.493900
93.025000	0.5	10.498200
93.033333	0.5	10.500900
93.041667	0.5	10.500650
93.050000	0.5	10.503400
93.058333	0.5	10.514800
93.066667	0.5	10.513950
93.075000	0.5	10.528150
93.083333	0.5	10.532900
93.091667	0.5	10.532100
93.100000	0.5	10.547250
93.108333	0.5	10.547250
93.116667	0.5	10.551800
93.125000	0.5	10.563200
93.133333	0.5	10.562850
93.141667	0.5	10.557100
93.150000	0.5	10.556500
93.158333	0.5	10.560500
93.166667	0.5	10.563200
93.175000	0.5	10.555750
93.183333	0.5	10.550750
93.191667	0.5	10.547150
93.200000	0.5	10.537400
93.208333	0.5	10.529200
93.216667	0.5	10.513500
93.225000	0.5	10.489700
93.233333	0.5	10.480200
93.241667	0.5	10.453600
93.250000	0.5	10.450350
93.258333	0.5	10.399300
93.266667	0.5	10.381100
93.275000	0.5	10.349400
93.283333	0.5	10.314200
93.291667	0.5	10.282650
93.300000	0.5	10.235300
93.308333	0.5	10.191300
93.316667	0.5	10.141750
93.325000	0.5	10.098850
93.333333	0.5	10.051100
93.341667	0.5	10.003400
93.350000	0.5	9.946150
93.358333	0.5	9.902400
93.366667	0.5	9.846100
93.375000	0.5	9.796300
93.383333	0.5	9.751950
93.391667	0.5	9.684900
93.400000	0.5	9.619950
93.408333	0.5	9.567350
93.416667	0.5	9.503700
93.425000	0.5	9.444300
93.433333	0.5	9.390400
93.441667	0.5	9.342550
93.450000	0.5	9.288950
93.458333	0.5	9.223250
93.466667	0.5	9.168450
93.475000	0.5	9.131600
93.483333	0.5	9.070850
93.491667	0.5	9.020750
93.500000	0.5	8.971350
93.508333	0.5	8.919000
93.516667	0.5	8.885950
93.525000	0.5	8.830950
93.533333	0.5	8.801550
93.541667	0.5	8.746550
93.550000	0.5	8.718650
93.558333	0.5	8.691900
93.566667	0.5	8.656900
93.575000	0.5	8.622450
93.583333	0.5	8.579500
93.591667	0.5	8.559900
93.600000	0.5	8.539850
93.608333	0.5	8.497100
93.616667	0.5	8.484100
93.625000	0.5	8.473400
93.633333	0.5	8.444050
93.641667	0.5	8.436250
93.650000	0.5	8.416950
93.658333	0.5	8.400600
93.666667	0.5	8.403650
93.675000	0.5	8.385000
93.683333	0.5	8.378700
93.691667	0.5	8.363900
93.700000	0.5	8.378250
93.708333	0.5	8.357550
93.716667	0.5	8.365950
93.725000	0.5	8.351350
93.733333	0.5	8.351400
93.741667	0.5	8.350800
93.750000	0.5	8.365000
93.758333	0.5	8.364650
93.766667	0.5	8.372400
93.775000	0.5	8.395550
93.783333	0.5	8.392000
93.791667	0.5	8.415300
93.800000	0.5	8.423100
93.808333	0.5	8.444450
93.816667	0.5	8.453700
93.825000	0.5	8.478250
93.833333	0.5	8.490800
93.841667	0.5	8.529650
93.850000	0.5	8.546300
93.858333	0.5	8.587000
93.866667	0.5	8.614700
93.875000	0.5	8.634950
93.883333	0.5	8.681550
93.891667	0.5	8.702750
93.900000	0.5	8.739600
93.908333	0.5	8.783550
93.916667	0.5	8.821150
93.925000	0.5	8.857850
93.933333	0.5	8.920650
93.941667	0.5	8.946200
93.950000	0.5	8.994300
93.958333	0.5	9.053650
93.966667	0.5	9.082550
93.975000	0.5	9.127750
93.983333	0.5	9.167700
93.991667	0.5	9.231150
94.000000	0.5	9.273500
94.008333	0.5	9.320050
94.016667	0.5	9.350450
94.025000	0.5	9.402350
94.033333	0.5	9.456600
94.041667	0.5	9.490500
94.050000	0.5	9.538500
94.058333	0.5	9.572900
94.066667	0.5	9.613350
94.075000	0.5	9.663050
94.083333	0.5	9.697700
94.091667	0.5	9.743850
94.100000	0.5	9.768500
94.108333	0.5	9.796200
94.116667	0.5	9.830200
94.125000	0.5	9.867800
94.133333	0.5	9.904100
94.141667	0.5	9.932050
94.150000	0.5	9.949350
94.158333	0.5	9.981950
94.166667	0.5	10.004350
94.175000	0.5	10.035600
94.183333	0.5	10.037350
94.191667	0.5	10.061450
94.200000	0.5	10.080200
94.208333	0.5	10.105650
94.216667	0.5	10.121700
94.225000	0.5	10.134300
94.233333	0.5	10.160000
94.241667	0.5	10.164800
94.250000	0.5	10.181900
94.258333	0.5	10.181950
94.266667	0.5	10.199350
94.275000	0.5	10.204500
94.283333	0.5	10.204450
94.291667	0.5	10.210600
94.300000	0.5	10.222500
94.308333	0.5	10.225200
94.316667	0.5	10.236350
94.325000	0.5	10.230550
94.333333	0.5	10.244800
94.341667	0.5	10.251050
94.350000	0.5	10.262550
94.358333	0.5	10.260200
94.366667	0.5	10.251750
94.375000	0.5	10.247650
94.383333	0.5	10.249400
94.391667	0.5	10.254550
94.400000	0.5	10.257900
94.408333	0.5	10.256450
94.416667	0.5	10.251700
94.425000	0.5	10.261650
94.433333	0.5	10.251650
94.441667	0.5	10.258700
94.450000	0.5	10.250200
94.458333	0.5	10.259550
94.466667	0.5	10.259050
94.475000	0.5	10.252850
94.483333	0.5	10.244150
94.491667	0.5	10.246300
94.500000	0.5	10.248550
94.508333	0.5	10.247000
94.516667	0.5	10.248000
94.525000	0.5	10.243200
94.533333	0.5	10.238600
94.541667	0.5	10.239250
94.550000	0.5	10.235750
94.558333	0.5	10.244700
94.566667	0.5	10.243300
94.575000	0.5	10.248900
94.583333	0.5	10.241350
94.591667	0.5	10.256200
94.600000	0.5	10.244550
94.608333	0.5	10.246150
94.616667	0.5	10.246200
94.625000	0.5	10.259300
94.633333	0.5	10.269850
94.641667	0.5	10.258600
94.650000	0.5	10.265700
94.658333	0.5	10.268200
94.666667	0.5	10.271700
94.675000	0.5	10.280800
94.683333	0.5	10.286800
94.691667	0.5	10.285100
94.700000	0.5	10.290200
94.708333	0.5	10.295650
94.716667	0.5	10.304700
94.725000	0.5	10.309200
94.733333	0.5	10.329050
94.741667	0.5	10.332850
94.750000	0.5	10.331250
94.758333	0.5	10.340650
94.766667	0.5	10.351150
94.775000	0.5	10.345600
94.783333	0.5	10.362500
94.791667	0.5	10.364800
94.800000	0.5	10.367650
94.808333	0.5	10.389350
94.816667	0.5	10.376500
94.825000	0.5	10.396500
94.833333	0.5	10.390050
94.841667	0.5	10.387800
94.850000	0.5	10.409800
94.858333	0.5	10.403450
94.866667	0.5	10.420800
94.875000	0.5	10.414500
94.883333	0.5	10.411600
94.891667	0.5	10.425600
94.900000	0.5	10.435450
94.908333	0.5	10.434850
94.916667	0.5	10.441000
94.925000	0.5	10.451800
94.933333	0.5	10.472550
94.941667	0.5	10.470600
94.950000	0.5	10.485500
94.958333	0.5	10.485350
94.966667	0.5	10.500300
94.975000	0.5	10.519100
94.983333	0.5	10.536100
94.991667	0.5	10.540350
95.000000	0.5	10.553200
95.008333	0.5	10.565950
95.016667	0.5	10.586450
95.025000	0.5	10.598650
95.033333	0.5	10.627250
95.041667	0.5	10.640400
95.050000	0.5	10.660250
95.058333	0.5	10.678150
95.066667	0.5	10.702300
95.075000	0.5	10.728700
95.083333	0.5	10.753400
95.091667	0.5	10.772250
95.100000	0.5	10.795850
95.108333	0.5	10.825450
95.116667	0.5	10.845400
95.125000	0.5	10.871450
95.133333	0.5	10.900750
95.141667	0.5	10.921900
95.150000	0.5	10.953800
95.158333	0.5	10.986000
95.166667	0.5	11.017450
95.175000	0.5	11.041000
95.183333	0.5	11.067950
95.191667	0.5	11.102000
95.200000	0.5	11.135250
95.208333	0.5	11.160250
95.216667	0.5	11.173200
95.225000	0.5	11.206450
95.233333	0.5	11.243500
95.241667	0.5	11.263100
95.250000	0.5	11.293900
95.258333	0.5	11.323700
95.266667	0.5	11.346900
95.275000	0.5	11.362100
95.283333	0.5	11.390500
95.291667	0.5	11.412100
95.300000	0.5	11.436950
95.308333	0.5	11.454850
95.316667	0.5	11.481300
95.325000	0.5	11.499550
95.333333	0.5	11.513200
95.341667	0.5	11.520900
95.350000	0.5	11.560100
95.358333	0.5	11.556650
95.366667	0.5	11.569550
95.375000	0.5	11.590950
95.383333	0.5	11.596100
95.391667	0.5	11.611050
95.400000	0.5	11.622250
95.408333	0.5	11.635150
95.416667	0.5	11.641100
95.425000	0.5	11.638550
95.433333	0.5	11.651350
95.441667	0.5	11.652350
95.450000	0.5	11.659250
95.458333	0.5	11.654750
95.466667	0.5	11.670650
95.475000	0.5	11.662850
95.483333	0.5	11.652000
95.491667	0.5	11.647000
95.500000	0.5	11.651500
95.508333	0.5	11.654500
95.516667	0.5	11.635850
95.525000	0.5	11.635250
95.533333	0.5	11.619000
95.541667	0.5	11.607550
95.550000	0.5	11.603600
95.558333	0.5	11.587300
95.566667	0.5	11.568350
95.575000	0.5	11.561750
95.583333	0.5	11.541850
95.591667	0.5	11.528500
95.600000	0.5	11.515700
95.608333	0.5	11.486250
95.616667	0.5	11.475050
95.625000	0.5	11.444450
95.633333	0.5	11.434800
95.641667	0.5	11.415450
95.650000	0.5	11.386900
95.658333	0.5	11.370650
95.666667	0.5	11.346900
95.675000	0.5	11.312550
95.683333	0.5	11.302400
95.691667	0.5	11.289950
95.700000	0.5	11.260700
95.708333	0.5	11.220950
95.716667	0.5	11.204700
95.725000	0.5	11.183950
95.733333	0.5	11.152850
95.741667	0.5	11.142450
95.750000	0.5	11.118400
95.758333	0.5	11.085450
95.766667	0.5	11.056200
95.775000	0.5	11.041700
95.783333	0.5	11.034950
95.791667	0.5	11.004900
95.800000	0.5	10.984000
95.808333	0.5	10.974800
95.816667	0.5	10.959050
95.825000	0.5	10.926750
95.833333	0.5	10.935600
95.841667	0.5	10.914400
95.850000	0.5	10.916350
95.858333	0.5	10.899300
95.866667	0.5	10.879100
95.875000	0.5	10.876850
95.883333	0.5	10.857650
95.891667	0.5	10.854800
95.900000	0.5	10.854950
95.908333	0.5	10.835800
95.916667	0.5	10.844000
95.925000	0.5	10.841500
95.933333	0.5	10.838200
95.941667	0.5	10.834050
95.950000	0.5	10.839250
95.958333	0.5	10.834650
95.966667	0.5	10.837500
95.975000	0.5	10.846700
95.983333	0.5	10.845950
95.991667	0.5	10.851700
96.000000	0.5	10.856450
96.008333	0.5	10.870500
96.016667	0.5	10.858200
96.025000	0.5	10.873100
96.033333	0.5	10.886100
96.041667	0.5	10.891400
96.050000	0.5	10.896800
96.058333	0.5	10.916750
96.066667	0.5	10.919600
96.075000	0.5	10.934700
96.083333	0.5	10.940200
96.091667	0.5	10.971050
96.100000	0.5	10.967550
96.108333	0.5	10.974450
96.116667	0.5	10.989250
96.125000	0.5	11.013950
96.133333	0.5	11.025300
96.141667	0.5	11.048500
96.150000	0.5	11.061400
96.158333	0.5	11.070100
96.166667	0.5	11.085150
96.175000	0.5	11.091500
96.183333	0.5	11.120050
96.191667	0.5	11.140400
96.200000	0.5	11.154450
96.208333	0.5	11.166100
96.216667	0.5	11.187200
96.225000	0.5	11.200050
96.233333	0.5	11.205750
96.241667	0.5	11.229400
96.250000	0.5	11.236850
96.258333	0.5	11.258750
96.266667	0.5	11.266150
96.275000	0.5	11.286250
96.283333	0.5	11.299350
96.291667	0.5	11.305950
96.300000	0.5	11.318000
96.308333	0.5	11.322550
96.316667	0.5	11.351500
96.325000	0.5	11.355600
96.333333	0.5	11.372000
96.341667	0.5	11.365850
96.350000	0.5	11.383900
96.358333	0.5	11.397350
96.366667	0.5	11.406850
96.375000	0.5	11.415950
96.383333	0.5	11.423250
96.391667	0.5	11.441350
96.400000	0.5	11.440850
96.408333	0.5	11.460100
96.416667	0.5	11.461100
96.425000	0.5	11.464200
96.433333	0.5	11.467150
96.441667	0.5	11.480200
96.450000	0.5	11.479300
96.458333	0.5	11.479650
96.466667	0.5	11.495400
96.475000	0.5	11.499000
96.483333	0.5	11.503300
96.491667	0.5	11.499400
96.500000	0.5	11.511250
96.508333	0.5	11.511550
96.516667	0.5	11.516150
96.525000	0.5	11.517300
96.533333	0.5	11.514950
96.541667	0.5	11.520300
96.550000	0.5	11.534850
96.558333	0.5	11.534650
96.566667	0.5	11.539650
96.575000	0.5	11.537000
96.583333	0.5	11.543000
96.591667	0.5	11.539250
96.600000	0.5	11.538850
96.608333	0.5	11.545000
96.616667	0.5	11.537850
96.625000	0.5	11.535700
96.633333	0.5	11.539450
96.641667	0.5	11.542400
96.650000	0.5	11.534550
96.658333	0.5	11.528600
96.666667	0.5	11.511450
96.675000	0.5	11.517800
96.683333	0.5	11.518300
96.691667	0.5	11.519350
96.700000	0.5	11.513050
96.708333	0.5	11.500200
96.716667	0.5	11.491750
96.725000	0.5	11.497500
96.733333	0.5	11.478050
96.741667	0.5	11.478900
96.750000	0.5	11.473750
96.758333	0.5	11.484300
96.766667	0.5	11.466450
96.775000	0.5	11.450300
96.783333	0.5	11.446900
96.791667	0.5	11.446000
96.800000	0.5	11.427250
96.808333	0.5	11.422350
96.816667	0.5	11.418900
96.825000	0.5	11.409200
96.833333	0.5	11.408100
96.841667	0.5	11.393950
96.850000	0.5	11.388500
96.858333	0.5	11.362800
96.866667	0.5	11.350400
96.875000	0.5	11.348100
96.883333	0.5	11.329100
96.891667	0.5	11.320750
96.900000	0.5	11.306650
96.908333	0.5	11.298450
96.916667	0.5	11.278700
96.925000	0.5	11.270400
96.933333	0.5	11.245550
96.941667	0.5	11.237100
96.950000	0.5	11.225750
96.958333	0.5	11.204450
96.966667	0.5	11.189250
96.975000	0.5	11.164600
96.983333	0.5	11.153000
96.991667	0.5	11.121050
97.000000	0.5	11.107050
97.008333	0.5	11.096150
97.016667	0.5	11.061800
97.025000	0.5	11.038900
97.033333	0.5	11.014650
97.041667	0.5	11.001250
97.050000	0.5	10.964650
97.058333	0.5	10.945550
97.066667	0.5	10.912000
97.075000	0.5	10.894350
97.083333	0.5	10.869700
97.091667	0.5	10.836400
97.100000	0.5	10.811050
97.108333	0.5	10.777800
97.116667	0.5	10.755650
97.125000	0.5	10.733050
97.133333	0.5	10.698250
97.141667	0.5	10.674150
97.150000	0.5	10.646550
97.158333	0.5	10.613100
97.166667	0.5	10.588650
97.175000	0.5	10.555950
97.183333	0.5	10.534100
97.191667	0.5	10.494300
97.200000	0.5	10.471300
97.208333	0.5	10.436850
97.216667	0.5	10.423850
97.225000	0.5	10.400750
97.233333	0.5	10.378550
97.241667	0.5	10.350850
97.250000	0.5	10.315100
97.258333	0.5	10.297000
97.266667	0.5	10.262300
97.275000	0.5	10.243700
97.283333	0.5	10.220050
97.291667	0.5	10.192950
97.300000	0.5	10.180750
97.308333	0.5	10.152200
97.316667	0.5	10.129000
97.325000	0.5	10.102800
97.333333	0.5	10.081100
97.341667	0.5	10.074750
97.350000	0.5	10.036500
97.358333	0.5	10.016100
97.366667	0.5	10.000800
97.375000	0.5	9.976550
97.383333	0.5	9.964950
97.391667	0.5	9.952050
97.400000	0.5	9.934850
97.408333	0.5	9.906500
97.416667	0.5	9.902700
97.425000	0.5	9.884900
97.433333	0.5	9.859850
97.441667	0.5	9.849800
97.450000	0.5	9.832100
97.458333	0.5	9.808300
97.466667	0.5	9.804400
97.475000	0.5	9.772050
97.483333	0.5	9.758650
97.491667	0.5	9.752850
97.500000	0.5	9.720900
97.508333	0.5	9.713450
97.516667	0.5	9.692350
97.525000	0.5	9.681550
97.533333	0.5	9.679750
97.541667	0.5	9.644700
97.550000	0.5	9.629850
97.558333	0.5	9.620750
97.566667	0.5	9.609300
97.575000	0.5	9.603050
97.583333	0.5	9.582200
97.591667	0.5	9.573950
97.600000	0.5	9.551750
97.608333	0.5	9.551700
97.616667	0.5	9.525800
97.625000	0.5	9.508750
97.633333	0.5	9.489600
97.641667	0.5	9.480850
97.650000	0.5	9.462150
97.658333	0.5	9.454700
97.666667	0.5	9.431200
97.675000	0.5	9.430750
97.683333	0.5	9.409150
97.691667	0.5	9.393600
97.700000	0.5	9.382100
97.708333	0.5	9.354650
97.716667	0.5	9.344450
97.725000	0.5	9.332450
97.733333	0.5	9.319700
97.741667	0.5	9.309850
97.750000	0.5	9.303600
97.758333	0.5	9.283050
97.766667	0.5	9.278800
97.775000	0.5	9.259650
97.783333	0.5	9.254500
97.791667	0.5	9.235400
97.800000	0.5	9.234250
97.808333	0.5	9.216650
97.816667	0.5	9.210750
97.825000	0.5	9.205600
97.833333	0.5	9.200550
97.841667	0.5	9.185200
97.850000	0.5	9.191450
97.858333	0.5	9.173800
97.866667	0.5	9.178700
97.875000	0.5	9.177700
97.883333	0.5	9.186300
97.891667	0.5	9.162750
97.900000	0.5	9.178400
97.908333	0.5	9.188400
97.916667	0.5	9.167300
97.925000	0.5	9.175250
97.933333	0.5	9.174250
97.941667	0.5	9.183450
97.950000	0.5	9.176600
97.958333	0.5	9.185550
97.966667	0.5	9.205200
97.975000	0.5	9.203900
97.983333	0.5	9.217550
97.991667	0.5	9.219450
98.000000	0.5	9.234350
98.008333	0.5	9.241650
98.016667	0.5	9.254700
98.025000	0.5	9.257050
98.033333	0.5	9.270000
98.041667	0.5	9.273800
98.050000	0.5	9.293500
98.058333	0.5	9.291050
98.066667	0.5	9.318000
98.075000	0.5	9.334000
98.083333	0.5	9.340800
98.091667	0.5	9.346300
98.100000	0.5	9.369200
98.108333	0.5	9.380650
98.116667	0.5	9.396400
98.125000	0.5	9.404250
98.133333	0.5	9.432100
98.141667	0.5	9.437650
98.150000	0.5	9.454050
98.158333	0.5	9.472250
98.166667	0.5	9.494800
98.175000	0.5	9.486900
98.183333	0.5	9.509600
98.191667	0.5	9.533700
98.200000	0.5	9.548700
98.208333	0.5	9.544500
98.216667	0.5	9.554800
98.225000	0.5	9.583800
98.233333	0.5	9.587200
98.241667	0.5	9.591450
98.250000	0.5	9.605450
98.258333	0.5	9.621050
98.266667	0.5	9.637150
98.275000	0.5	9.653000
98.283333	0.5	9.654050
98.291667	0.5	9.680250
98.300000	0.5	9.668800
98.308333	0.5	9.682600
98.316667	0.5	9.690750
98.325000	0.5	9.703450
98.333333	0.5	9.711200
98.341667	0.5	9.711600
98.350000	0.5	9.704900
98.358333	0.5	9.714900
98.366667	0.5	9.730200
98.375000	0.5	9.708850
98.383333	0.5	9.715750
98.391667	0.5	9.703500
98.400000	0.5	9.714400
98.408333	0.5	9.704950
98.416667	0.5	9.703300
98.425000	0.5	9.712150
98.433333	0.5	9.708100
98.441667	0.5	9.702750
98.450000	0.5	9.687500
98.458333	0.5	9.694550
98.466667	0.5	9.695450
98.475000	0.5	9.682100
98.483333	0.5	9.677550
98.491667	0.5	9.676850
98.500000	0.5	9.659550
98.508333	0.5	9.669600
98.516667	0.5	9.667000
98.525000	0.5	9.648950
98.533333	0.5	9.651200
98.541667	0.5	9.642050
98.550000	0.5	9.629950
98.558333	0.5	9.632600
98.566667	0.5	9.627900
98.575000	0.5	9.618450
98.583333	0.5	9.603900
98.591667	0.5	9.615700
98.600000	0.5	9.618250
98.608333	0.5	9.596800
98.616667	0.5	9.610200
98.625000	0.5	9.590950
98.633333	0.5	9.590150
98.641667	0.5	9.592050
98.650000	0.5	9.592950
98.658333	0.5	9.586250
98.666667	0.5	9.595850
98.675000	0.5	9.586950
98.683333	0.5	9.587050
98.691667	0.5	9.591400
98.700000	0.5	9.589450
98.708333	0.5	9.591650
98.716667	0.5	9.592750
98.725000	0.5	9.590500
98.733333	0.5	9.596700
98.741667	0.5	9.587400
98.750000	0.5	9.584800
98.758333	0.5	9.585800
98.766667	0.5	9.583950
98.775000	0.5	9.598400
98.783333	0.5	9.591100
98.791667	0.5	9.610800
98.800000	0.5	9.599150
98.808333	0.5	9.604700
98.816667	0.5	9.597700
98.825000	0.5	9.607850
98.833333	0.5	9.618550
98.841667	0.5	9.605900
98.850000	0.5	9.621250
98.858333	0.5	9.611700
98.866667	0.5	9.612950
98.875000	0.5	9.608000
98.883333	0.5	9.617600
98.891667	0.5	9.630350
98.900000	0.5	9.624050
98.908333	0.5	9.632500
98.916667	0.5	9.630700
98.925000	0.5	9.636950
98.933333	0.5	9.634200
98.941667	0.5	9.635650
98.950000	0.5	9.647500
98.958333	0.5	9.643550
98.966667	0.5	9.647100
98.975000	0.5	9.650150
98.983333	0.5	9.647300
98.991667	0.5	9.647400
99.000000	0.5	9.659900
99.008333	0.5	9.673850
99.016667	0.5	9.653450
99.025000	0.5	9.660850
99.033333	0.5	9.653700
99.041667	0.5	9.659900
99.050000	0.5	9.648500
99.058333	0.5	9.655300
99.066667	0.5	9.660950
99.075000	0.5	9.657650
99.083333	0.5	9.656650
99.091667	0.5	9.658650
99.100000	0.5	9.674000
99.108333	0.5	9.652400
99.116667	0.5	9.653650
99.125000	0.5	9.660550
99.133333	0.5	9.656100
99.141667	0.5	9.641750
99.150000	0.5	9.651050
99.158333	0.5	9.649450
99.166667	0.5	9.659700
99.175000	0.5	9.656900
99.183333	0.5	9.664050
99.191667	0.5	9.664600
99.200000	0.5	9.664800
99.208333	0.5	9.665700
99.216667	0.5	9.658250
99.225000	0.5	9.666350
99.233333	0.5	9.672700
99.241667	0.5	9.669000
99.250000	0.5	9.682700
99.258333	0.5	9.680800
99.266667	0.5	9.687850
99.275000	0.5	9.703350
99.283333	0.5	9.707900
99.291667	0.5	9.710650
99.300000	0.5	9.718950
99.308333	0.5	9.722300
99.316667	0.5	9.739500
99.325000	0.5	9.744750
99.333333	0.5	9.764850
99.341667	0.5	9.770300
99.350000	0.5	9.774000
99.358333	0.5	9.788150
99.366667	0.5	9.800700
99.375000	0.5	9.822550
99.383333	0.5	9.836450
99.391667	0.5	9.836150
99.400000	0.5	9.853950
99.408333	0.5	9.889950
99.416667	0.5	9.902550
99.425000	0.5	9.911150
99.433333	0.5	9.928450
99.441667	0.5	9.953600
99.450000	0.5	9.970300
99.458333	0.5	9.975100
99.466667	0.5	9.987350
99.475000	0.5	10.010150
99.483333	0.5	10.042200
99.491667	0.5	10.046500
99.500000	0.5	10.063100
99.508333	0.5	10.089000
99.516667	0.5	10.113000
99.525000	0.5	10.126050
99.533333	0.5	10.142250
99.541667	0.5	10.152950
99.550000	0.5	10.162400
99.558333	0.5	10.170450
99.566667	0.5	10.196400
99.575000	0.5	10.211200
99.583333	0.5	10.223500
99.591667	0.5	10.248050
99.600000	0.5	10.238700
99.608333	0.5	10.251550
99.616667	0.5	10.258400
99.625000	0.5	10.272150
99.633333	0.5	10.259400
99.641667	0.5	10.277600
99.650000	0.5	10.271950
99.658333	0.5	10.276100
99.666667	0.5	10.274700
99.675000	0.5	10.275750
99.683333	0.5	10.282250
99.691667	0.5	10.292950
99.700000	0.5	10.278050
99.708333	0.5	10.257000
99.716667	0.5	10.248450
99.725000	0.5	10.233350
99.733333	0.5	10.230100
99.741667	0.5	10.217200
99.750000	0.5	10.193950
99.758333	0.5	10.192550
99.766667	0.5	10.174350
99.775000	0.5	10.146500
99.783333	0.5	10.138450
99.791667	0.5	10.113400
99.800000	0.5	10.093800
99.808333	0.5	10.089000
99.816667	0.5	10.053950
99.825000	0.5	10.048700
99.833333	0.5	10.026250
99.841667	0.5	9.996750
99.850000	0.5	9.973000
99.858333	0.5	9.965350
99.866667	0.5	9.948100
99.875000	0.5	9.905250
99.883333	0.5	9.891150
99.891667	0.5	9.857500
99.900000	0.5	9.835800
99.908333	0.5	9.824650
99.916667	0.5	9.790700
99.925000	0.5	9.774050
99.933333	0.5	9.752150
99.941667	0.5	9.728250
99.950000	0.5	9.714250
99.958333	0.5	9.698900
99.966667	0.5	9.675650
99.975000	0.5	9.655400
99.983333	0.5	9.645250
99.991667	0.5	9.616750
100.000000	0.5	9.598400
100.008333	0.5	9.592750
100.016667	0.5	9.568100
100.025000	0.5	9.561100
100.033333	0.5	9.552050
100.041667	0.5	9.536950
100.050000	0.5	9.529850
100.058333	0.5	9.510750
100.066667	0.5	9.512600
100.075000	0.5	9.509350
100.083333	0.5	9.502900
100.091667	0.5	9.487900
100.100000	0.5	9.481400
100.108333	0.5	9.486600
100.116667	0.5	9.473900
100.125000	0.5	9.476400
100.133333	0.5	9.470900
100.141667	0.5	9.476300
100.150000	0.5	9.484750
100.158333	0.5	9.481650
100.166667	0.5	9.487000
100.175000	0.5	9.501450
100.183333	0.5	9.487850
100.191667	0.5	9.488850
100.200000	0.5	9.497500
100.208333	0.5	9.514600
100.216667	0.5	9.510900
100.225000	0.5	9.507900
100.233333	0.5	9.514200
100.241667	0.5	9.518000
100.250000	0.5	9.518350
100.258333	0.5	9.540250
100.266667	0.5	9.526900
100.275000	0.5	9.540350
100.283333	0.5	9.538800
100.291667	0.5	9.532400
100.300000	0.5	9.543700
100.308333	0.5	9.538950
100.316667	0.5	9.538350
100.325000	0.5	9.533850
100.333333	0.5	9.540250
100.341667	0.5	9.556150
100.350000	0.5	9.541350
100.358333	0.5	9.532550
100.366667	0.5	9.536550
100.375000	0.5	9.531600
100.383333	0.5	9.546250
100.391667	0.5	9.529250
100.400000	0.5	9.522700
100.408333	0.5	9.529450
100.416667	0.5	9.512050
100.425000	0.5	9.503150
100.433333	0.5	9.506150
100.441667	0.5	9.515750
100.450000	0.5	9.489350
100.458333	0.5	9.493400
100.466667	0.5	9.480250
100.475000	0.5	9.475800
100.483333	0.5	9.467950
100.491667	0.5	9.463400
100.500000	0.5	9.458750
100.508333	0.5	9.451400
100.516667	0.5	9.444750
100.525000	0.5	9.428250
100.533333	0.5	9.437550
100.541667	0.5	9.443100
100.550000	0.5	9.427200
100.558333	0.5	9.403600
100.566667	0.5	9.409050
100.575000	0.5	9.405950
100.583333	0.5	9.383900
100.591667	0.5	9.382150
100.600000	0.5	9.382750
100.608333	0.5	9.375100
100.616667	0.5	9.369600
100.625000	0.5	9.364550
100.633333	0.5	9.350100
100.641667	0.5	9.343550
100.650000	0.5	9.346450
100.658333	0.5	9.341250
100.666667	0.5	9.328350
100.675000	0.5	9.315300
100.683333	0.5	9.316650
100.691667	0.5	9.309300
100.700000	0.5	9.317300
100.708333	0.5	9.306750
100.716667	0.5	9.309400
100.725000	0.5	9.309900
100.733333	0.5	9.294100
100.741667	0.5	9.298950
100.750000	0.5	9.288900
100.758333	0.5	9.295300
100.766667	0.5	9.281550
100.775000	0.5	9.278450
100.783333	0.5	9.275300
100.791667	0.5	9.278250
100.800000	0.5	9.266200
100.808333	0.5	9.265250
100.816667	0.5	9.269950
100.825000	0.5	9.265100
100.833333	0.5	9.263950
100.841667	0.5	9.259800
100.850000	0.5	9.251650
100.858333	0.5	9.252400
100.866667	0.5	9.242000
100.875000	0.5	9.240550
100.883333	0.5	9.234400
100.891667	0.5	9.237450
100.900000	0.5	9.241800
100.908333	0.5	9.221750
100.916667	0.5	9.208550
100.925000	0.5	9.199400
100.933333	0.5	9.191000
100.941667	0.5	9.182150
100.950000	0.5	9.184300
100.958333	0.5	9.174350
100.966667	0.5	9.151500
100.975000	0.5	9.148550
100.983333	0.5	9.157750
100.991667	0.5	9.124350
101.000000	0.5	9.122750
101.008333	0.5	9.114500
101.016667	0.5	9.090350
101.025000	0.5	9.078150
101.033333	0.5	9.069000
101.041667	0.5	9.062300
101.050000	0.5	9.039600
101.058333	0.5	9.034200
101.066667	0.5	9.029700
101.075000	0.5	9.021000
101.083333	0.5	9.000950
101.091667	0.5	9.009850
101.100000	0.5	8.983600
101.108333	0.5	8.980400
101.116667	0.5	8.971600
101.125000	0.5	8.969050
101.133333	0.5	8.954300
101.141667	0.5	8.942600
101.150000	0.5	8.928250
101.158333	0.5	8.924800
101.166667	0.5	8.920550
101.175000	0.5	8.921700
101.183333	0.5	8.911650
101.191667	0.5	8.914500
101.200000	0.5	8.896850
101.208333	0.5	8.891300
101.216667	0.5	8.900250
101.225000	0.5	8.884400
101.233333	0.5	8.887400
101.241667	0.5	8.879800
101.250000	0.5	8.876150
101.258333	0.5	8.891900
101.266667	0.5	8.873400
101.275000	0.5	8.875050
101.283333	0.5	8.882600
101.291667	0.5	8.884500
101.300000	0.5	8.892400
101.308333	0.5	8.895700
101.316667	0.5	8.885000
101.325000	0.5	8.912400
101.333333	0.5	8.908800
101.341667	0.5	8.916750
101.350000	0.5	8.916050
101.358333	0.5	8.932600
101.366667	0.5	8.926450
101.375000	0.5	8.955800
101.383333	0.5	8.939750
101.391667	0.5	8.959200
101.400000	0.5	8.987400
101.408333	0.5	8.958500
101.416667	0.5	8.978200
101.425000	0.5	8.989850
101.433333	0.5	9.004150
101.441667	0.5	9.005400
101.450000	0.5	9.026850
101.458333	0.5	9.038000
101.466667	0.5	9.047500
101.475000	0.5	9.052450
101.483333	0.5	9.057500
101.491667	0.5	9.080350
101.500000	0.5	9.095100
101.508333	0.5	9.100600
101.516667	0.5	9.099150
101.525000	0.5	9.111650
101.533333	0.5	9.121350
101.541667	0.5	9.126400
101.550000	0.5	9.132700
101.558333	0.5	9.150150
101.566667	0.5	9.162900
101.575000	0.5	9.165400
101.583333	0.5	9.186750
101.591667	0.5	9.191150
101.600000	0.5	9.197750
101.608333	0.5	9.209550
101.616667	0.5	9.219600
101.625000	0.5	9.237550
101.633333	0.5	9.247600
101.641667	0.5	9.250600
101.650000	0.5	9.268150
101.658333	0.5	9.271900
101.666667	0.5	9.274900
101.675000	0.5	9.290950
101.683333	0.5	9.303450
101.691667	0.5	9.307800
101.700000	0.5	9.321900
101.708333	0.5	9.330850
101.716667	0.5	9.335250
101.725000	0.5	9.361850
101.733333	0.5	9.354300
101.741667	0.5	9.379450
101.750000	0.5	9.385700
101.758333	0.5	9.402500
101.766667	0.5	9.401450
101.775000	0.5	9.414150
101.783333	0.5	9.432050
101.791667	0.5	9.432550
101.800000	0.5	9.445600
101.808333	0.5	9.454600
101.816667	0.5	9.470850
101.825000	0.5	9.479600
101.833333	0.5	9.493600
101.841667	0.5	9.494000
101.850000	0.5	9.521400
101.858333	0.5	9.541300
101.866667	0.5	9.542250
101.875000	0.5	9.560550
101.883333	0.5	9.565150
101.891667	0.5	9.568400
101.900000	0.5	9.581950
101.908333	0.5	9.594800
101.916667	0.5	9.613700
101.925000	0.5	9.620300
101.933333	0.5	9.633300
101.941667	0.5	9.663600
101.950000	0.5	9.663700
101.958333	0.5	9.669100
101.966667	0.5	9.681650
101.975000	0.5	9.696850
101.983333	0.5	9.710550
101.991667	0.5	9.723650
102.000000	0.5	9.743100
102.008333	0.5	9.744250
102.016667	0.5	9.755800
102.025000	0.5	9.775800
102.033333	0.5	9.790650
102.041667	0.5	9.793000
102.050000	0.5	9.814600
102.058333	0.5	9.819050
102.066667	0.5	9.823500
102.075000	0.5	9.842400
102.083333	0.5	9.860000
102.091667	0.5	9.854400
102.100000	0.5	9.861700
102.108333	0.5	9.872600
102.116667	0.5	9.894550
102.125000	0.5	9.890150
102.133333	0.5	9.892350
102.141667	0.5	9.901350
102.150000	0.5	9.914700
102.158333	0.5	9.924350
102.166667	0.5	9.925300
102.175000	0.5	9.946000
102.183333	0.5	9.937300
102.191667	0.5	9.949850
102.200000	0.5	9.955550
102.208333	0.5	9.978600
102.216667	0.5	9.965100
102.225000	0.5	9.962300
102.233333	0.5	9.972850
102.241667	0.5	9.968500
102.250000	0.5	9.984550
102.258333	0.5	9.984700
102.266667	0.5	10.001650
102.275000	0.5	10.004100
102.283333	0.5	9.996300
102.291667	0.5	10.002750
102.300000	0.5	10.002450
102.308333	0.5	10.004100
102.316667	0.5	10.000000
102.325000	0.5	10.008900
102.333333	0.5	10.004850
102.341667	0.5	10.006300
102.350000	0.5	10.012200
102.358333	0.5	10.013900
102.366667	0.5	10.015600
102.375000	0.5	10.038050
102.383333	0.5	10.021200
102.391667	0.5	10.036350
102.400000	0.5	10.037150
102.408333	0.5	10.011250
102.416667	0.5	10.017500
102.425000	0.5	10.016700
102.433333	0.5	10.014350
102.441667	0.5	10.022450
102.450000	0.5	10.011550
102.458333	0.5	10.009350
102.466667	0.5	10.018300
102.475000	0.5	10.017250
102.483333	0.5	10.010950
102.491667	0.5	10.008700
102.500000	0.5	9.998900
102.508333	0.5	10.003050
102.516667	0.5	10.007200
102.525000	0.5	10.002350
102.533333	0.5	9.995050
102.541667	0.5	9.997400
102.550000	0.5	9.991700
102.558333	0.5	9.994150
102.566667	0.5	9.978650
102.575000	0.5	9.980450
102.583333	0.5	9.980600
102.591667	0.5	9.962450
102.600000	0.5	9.964800
102.608333	0.5	9.956000
102.616667	0.5	9.953600
102.625000	0.5	9.958100
102.633333	0.5	9.936100
102.641667	0.5	9.936700
102.650000	0.5	9.926700
102.658333	0.5	9.921700
102.666667	0.5	9.910050
102.675000	0.5	9.923800
102.683333	0.5	9.890850
102.691667	0.5	9.886750
102.700000	0.5	9.878800
102.708333	0.5	9.869550
102.716667	0.5	9.869450
102.725000	0.5	9.850750
102.733333	0.5	9.848100
102.741667	0.5	9.830000
102.750000	0.5	9.820250
102.758333	0.5	9.815950
102.766667	0.5	9.811150
102.775000	0.5	9.794100
102.783333	0.5	9.789950
102.791667	0.5	9.776600
102.800000	0.5	9.766400
102.808333	0.5	9.759100
102.816667	0.5	9.751900
102.825000	0.5	9.760750
102.833333	0.5	9.735850
102.841667	0.5	9.736950
102.850000	0.5	9.729400
102.858333	0.5	9.711650
102.866667	0.5	9.713300
102.875000	0.5	9.706300
102.883333	0.5	9.695800
102.891667	0.5	9.704100
102.900000	0.5	9.684250
102.908333	0.5	9.688100
102.916667	0.5	9.680550
102.925000	0.5	9.676650
102.933333	0.5	9.663750
102.941667	0.5	9.670050
102.950000	0.5	9.665150
102.958333	0.5	9.653650
102.966667	0.5	9.657750
102.975000	0.5	9.641750
102.983333	0.5	9.646250
102.991667	0.5	9.645100
103.000000	0.5	9.641550
103.008333	0.5	9.631550
103.016667	0.5	9.640200
103.025000	0.5	9.636150
103.033333	0.5	9.628750
103.041667	0.5	9.614900
103.050000	0.5	9.642050
103.058333	0.5	9.619750
103.066667	0.5	9.608400
103.075000	0.5	9.611050
103.083333	0.5	9.610800
103.091667	0.5	9.616750
103.100000	0.5	9.601000
103.108333	0.5	9.604400
103.116667	0.5	9.618300
103.125000	0.5	9.598250
103.133333	0.5	9.582500
103.141667	0.5	9.595100
103.150000	0.5	9.589950
103.158333	0.5	9.584500
103.166667	0.5	9.590700
103.175000	0.5	9.577450
103.183333	0.5	9.578700
103.191667	0.5	9.572100
103.200000	0.5	9.565400
103.208333	0.5	9.567600
103.216667	0.5	9.571150
103.225000	0.5	9.570350
103.233333	0.5	9.561500
103.241667	0.5	9.557450
103.250000	0.5	9.554700
103.258333	0.5	9.558750
103.266667	0.5	9.542550
103.275000	0.5	9.538500
103.283333	0.5	9.526550
103.291667	0.5	9.532950
103.300000	0.5	9.525700
103.308333	0.5	9.528050
103.316667	0.5	9.511300
103.325000	0.5	9.509300
103.333333	0.5	9.505750
103.341667	0.5	9.498300
103.350000	0.5	9.498500
103.358333	0.5	9.497900
103.366667	0.5	9.479850
103.375000	0.5	9.481200
103.383333	0.5	9.482850
103.391667	0.5	9.487650
103.400000	0.5	9.470450
103.408333	0.5	9.477650
103.416667	0.5	9.461700
103.425000	0.5	9.465200
103.433333	0.5	9.448700
103.441667	0.5	9.450300
103.450000	0.5	9.442600
103.458333	0.5	9.442400
103.466667	0.5	9.430850
103.475000	0.5	9.440900
103.483333	0.5	9.432550
103.491667	0.5	9.434150
103.500000	0.5	9.437900
103.508333	0.5	9.421350
103.516667	0.5	9.434000
103.525000	0.5	9.428900
103.533333	0.5	9.428650
103.541667	0.5	9.423650
103.550000	0.5	9.427750
103.558333	0.5	9.418500
103.566667	0.5	9.431650
103.575000	0.5	9.432400
103.583333	0.5	9.426200
103.591667	0.5	9.430800
103.600000	0.5	9.431200
103.608333	0.5	9.422850
103.616667	0.5	9.436150
103.625000	0.5	9.438050
103.633333	0.5	9.436850
103.641667	0.5	9.448550
103.650000	0.5	9.450900
103.658333	0.5	9.447800
103.666667	0.5	9.446100
103.675000	0.5	9.451150
103.683333	0.5	9.441700
103.691667	0.5	9.442150
103.700000	0.5	9.449250
103.708333	0.5	9.454700
103.716667	0.5	9.455050
103.725000	0.5	9.459800
103.733333	0.5	9.448450
103.741667	0.5	9.450900
103.750000	0.5	9.452350
103.758333	0.5	9.457650
103.766667	0.5	9.447800
103.775000	0.5	9.450600
103.783333	0.5	9.454400
103.791667	0.5	9.450800
103.800000	0.5	9.451850
103.808333	0.5	9.443300
103.816667	0.5	9.439450
103.825000	0.5	9.434400
103.833333	0.5	9.432550
103.841667	0.5	9.424200
103.850000	0.5	9.426250
103.858333	0.5	9.420100
103.866667	0.5	9.414450
103.875000	0.5	9.413250
103.883333	0.5	9.410700
103.891667	0.5	9.390950
103.900000	0.5	9.399950
103.908333	0.5	9.390350
103.916667	0.5	9.386600
103.925000	0.5	9.383450
103.933333	0.5	9.381850
103.941667	0.5	9.365900
103.950000	0.5	9.359200
103.958333	0.5	9.362050
103.966667	0.5	9.365550
103.975000	0.5	9.355350
103.983333	0.5	9.348700
103.991667	0.5	9.342150
104.000000	0.5	9.338050
104.008333	0.5	9.336650
104.016667	0.5	9.326250
104.025000	0.5	9.329200
104.033333	0.5	9.323700
104.041667	0.5	9.321550
104.050000	0.5	9.313750
104.058333	0.5	9.320600
104.066667	0.5	9.308600
104.075000	0.5	9.311350
104.083333	0.5	9.306150
104.091667	0.5	9.302650
104.100000	0.5	9.304900
104.108333	0.5	9.292100
104.116667	0.5	9.298700
104.125000	0.5	9.299200
104.133333	0.5	9.299100
104.141667	0.5	9.299600
104.150000	0.5	9.302200
104.158333	0.5	9.303500
104.166667	0.5	9.304050
104.175000	0.5	9.291700
104.183333	0.5	9.308750
104.191667	0.5	9.292350
104.200000	0.5	9.323050
104.208333	0.5	9.301400
104.216667	0.5	9.301400
104.225000	0.5	9.290150
104.233333	0.5	9.299200
104.241667	0.5	9.298800
104.250000	0.5	9.309850
104.258333	0.5	9.299400
104.266667	0.5	9.306300
104.275000	0.5	9.303600
104.283333	0.5	9.296000
104.291667	0.5	9.312800
104.300000	0.5	9.296200
104.308333	0.5	9.309550
104.316667	0.5	9.296100
104.325000	0.5	9.297600
104.333333	0.5	9.300100
104.341667	0.5	9.295600
104.350000	0.5	9.299450
104.358333	0.5	9.297450
104.366667	0.5	9.285850
104.375000	0.5	9.291100
104.383333	0.5	9.288600
104.391667	0.5	9.282200
104.400000	0.5	9.284700
104.408333	0.5	9.286100
104.416667	0.5	9.284800
104.425000	0.5	9.281150
104.433333	0.5	9.278500
104.441667	0.5	9.287950
104.450000	0.5	9.278850
104.458333	0.5	9.279500
104.466667	0.5	9.284150
104.475000	0.5	9.269650
104.483333	0.5	9.262050
104.491667	0.5	9.268800
104.500000	0.5	9.269450
104.508333	0.5	9.268650
104.516667	0.5	9.263450
104.525000	0.5	9.263200
104.533333	0.5	9.262450
104.541667	0.5	9.273750
104.550000	0.5	9.284300
104.558333	0.5	9.268300
104.566667	0.5	9.261800
104.575000	0.5	9.252350
104.583333	0.5	9.257900
104.591667	0.5	9.273800
104.600000	0.5	9.257600
104.608333	0.5	9.271550
104.616667	0.5	9.261350
104.625000	0.5	9.262300
104.633333	0.5	9.263850
104.641667	0.5	9.287650
104.650000	0.5	9.260850
104.658333	0.5	9.271150
104.666667	0.5	9.274600
104.675000	0.5	9.270000
104.683333	0.5	9.272000
104.691667	0.5	9.276100
104.700000	0.5	9.271700
104.708333	0.5	9.277600
104.716667	0.5	9.281200
104.725000	0.5	9.282050
104.733333	0.5	9.290450
104.741667	0.5	9.290900
104.750000	0.5	9.288800
104.758333	0.5	9.297750
104.766667	0.5	9.287700
104.775000	0.5	9.291350
104.783333	0.5	9.292550
104.791667	0.5	9.298850
104.800000	0.5	9.300050
104.808333	0.5	9.297350
104.816667	0.5	9.300150
104.825000	0.5	9.299000
104.833333	0.5	9.302100
104.841667	0.5	9.292800
104.850000	0.5	9.310700
104.858333	0.5	9.311200
104.866667	0.5	9.312900
104.875000	0.5	9.314050
104.883333	0.5	9.301650
104.891667	0.5	9.302550
104.900000	0.5	9.301600
104.908333	0.5	9.286700
104.916667	0.5	9.298300
104.925000	0.5	9.303700
104.933333	0.5	9.294600
104.941667	0.5	9.278850
104.950000	0.5	9.295250
104.958333	0.5	9.285800
104.966667	0.5	9.276550
104.975000	0.5	9.276350
104.983333	0.5	9.269750
104.991667	0.5	9.264250
105.000000	0.5	9.265150
105.008333	0.5	9.260550
105.016667	0.5	9.261150
105.025000	0.5	9.261300
105.033333	0.5	9.256250
105.041667	0.5	9.247000
105.050000	0.5	9.255850
105.058333	0.5	9.239650
105.066667	0.5	9.241400
105.075000	0.5	9.233550
105.083333	0.5	9.236700
105.091667	0.5	9.226500
105.100000	0.5	9.223700
105.108333	0.5	9.217800
105.116667	0.5	9.220900
105.125000	0.5	9.213800
105.133333	0.5	9.211100
105.141667	0.5	9.202750
105.150000	0.5	9.200500
105.158333	0.5	9.195000
105.166667	0.5	9.188700
105.175000	0.5	9.196100
105.183333	0.5	9.171050
105.191667	0.5	9.179250
105.200000	0.5	9.161400
105.208333	0.5	9.164050
105.216667	0.5	9.171350
105.225000	0.5	9.156400
105.233333	0.5	9.161200
105.241667	0.5	9.145600
105.250000	0.5	9.133100
105.258333	0.5	9.142800
105.266667	0.5	9.111600
105.275000	0.5	9.119950
105.283333	0.5	9.135600
105.291667	0.5	9.111050
105.300000	0.5	9.097600
105.308333	0.5	9.098750
105.316667	0.5	9.095700
105.325000	0.5	9.076450
105.333333	0.5	9.078350
105.341667	0.5	9.066200
105.350000	0.5	9.049850
105.358333	0.5	9.039900
105.366667	0.5	9.032850
105.375000	0.5	9.020000
105.383333	0.5	9.029950
105.391667	0.5	9.006500
105.400000	0.5	9.003500
105.408333	0.5	9.001300
105.416667	0.5	8.982850
105.425000	0.5	8.987750
105.433333	0.5	8.974750
105.441667	0.5	8.962950
105.450000	0.5	8.955850
105.458333	0.5	8.948950
105.466667	0.5	8.949700
105.475000	0.5	8.944300
105.483333	0.5	8.941350
105.491667	0.5	8.934650
105.500000	0.5	8.925600
105.508333	0.5	8.916100
105.516667	0.5	8.913900
105.525000	0.5	8.913250
105.533333	0.5	8.903100
105.541667	0.5	8.902500
105.550000	0.5	8.910000
105.558333	0.5	8.902250
105.566667	0.5	8.902900
105.575000	0.5	8.894950
105.583333	0.5	8.891400
105.591667	0.5	8.907400
105.600000	0.5	8.889400
105.608333	0.5	8.896400
105.616667	0.5	8.892200
105.625000	0.5	8.905300
105.633333	0.5	8.896350
105.641667	0.5	8.907100
105.650000	0.5	8.899100
105.658333	0.5	8.898950
105.666667	0.5	8.919000
105.675000	0.5	8.908700
105.683333	0.5	8.910200
105.691667	0.5	8.918500
105.700000	0.5	8.922250
105.708333	0.5	8.922150
105.716667	0.5	8.919000
105.725000	0.5	8.931250
105.733333	0.5	8.924650
105.741667	0.5	8.925400
105.750000	0.5	8.936500
105.758333	0.5	8.939900
105.766667	0.5	8.947550
105.775000	0.5	8.943950
105.783333	0.5	8.955850
105.791667	0.5	8.955900
105.800000	0.5	8.948350
105.808333	0.5	8.950500
105.816667	0.5	8.955900
105.825000	0.5	8.964900
105.833333	0.5	8.967050
105.841667	0.5	8.961600
105.850000	0.5	8.981700
105.858333	0.5	8.965850
105.866667	0.5	8.971850
105.875000	0.5	8.978600
105.883333	0.5	8.974650
105.891667	0.5	8.989550
105.900000	0.5	8.982150
105.908333	0.5	8.983750
105.916667	0.5	8.986400
105.925000	0.5	8.997050
105.933333	0.5	8.991650
105.941667	0.5	9.000700
105.950000	0.5	9.000700
105.958333	0.5	9.003450
105.966667	0.5	9.011750
105.975000	0.5	9.012250
105.983333	0.5	9.007350
105.991667	0.5	9.009100
106.000000	0.5	9.026750
106.008333	0.5	9.026400
106.016667	0.5	9.032950
106.025000	0.5	9.026550
106.033333	0.5	9.038400
106.041667	0.5	9.035100
106.050000	0.5	9.041150
106.058333	0.5	9.037100
106.066667	0.5	9.050550
106.075000	0.5	9.047950
106.083333	0.5	9.058300
106.091667	0.5	9.054250
106.100000	0.5	9.062000
106.108333	0.5	9.069000
106.116667	0.5	9.065600
106.125000	0.5	9.074400
106.133333	0.5	9.076500
106.141667	0.5	9.077050
106.150000	0.5	9.085350
106.158333	0.5	9.085350
106.166667	0.5	9.084200
106.175000	0.5	9.095650
106.183333	0.5	9.092750
106.191667	0.5	9.100750
106.200000	0.5	9.096600
106.208333	0.5	9.095350
106.216667	0.5	9.111050
106.225000	0.5	9.094100
106.233333	0.5	9.110950
106.241667	0.5	9.104300
106.250000	0.5	9.105500
106.258333	0.5	9.122350
106.266667	0.5	9.123400
106.275000	0.5	9.120400
106.283333	0.5	9.122100
106.291667	0.5	9.116950
106.300000	0.5	9.114550
106.308333	0.5	9.115750
106.316667	0.5	9.112300
106.325000	0.5	9.119650
106.333333	0.5	9.115750
106.341667	0.5	9.119550
106.350000	0.5	9.118350
106.358333	0.5	9.111600
106.366667	0.5	9.112200
106.375000	0.5	9.112050
106.383333	0.5	9.114650
106.391667	0.5	9.112300
106.400000	0.5	9.120000
106.408333	0.5	9.102000
106.416667	0.5	9.109550
106.425000	0.5	9.113950
106.433333	0.5	9.108800
106.441667	0.5	9.100400
106.450000	0.5	9.103250
106.458333	0.5	9.114200
106.466667	0.5	9.105150
106.475000	0.5	9.100600
106.483333	0.5	9.105950
106.491667	0.5	9.105450
106.500000	0.5	9.103150
106.508333	0.5	9.098250
106.516667	0.5	9.103100
106.525000	0.5	9.095200
106.533333	0.5	9.104500
106.541667	0.5	9.097100
106.550000	0.5	9.102750
106.558333	0.5	9.095400
106.566667	0.5	9.103600
106.575000	0.5	9.110800
106.583333	0.5	9.118350
106.591667	0.5	9.103700
106.600000	0.5	9.109000
106.608333	0.5	9.108550
106.616667	0.5	9.101600
106.625000	0.5	9.104550
106.633333	0.5	9.104550
106.641667	0.5	9.112900
106.650000	0.5	9.122150
106.658333	0.5	9.124650
106.666667	0.5	9.104050
106.675000	0.5	9.113700
106.683333	0.5	9.112400
106.691667	0.5	9.114250
106.700000	0.5	9.110100
106.708333	0.5	9.110550
106.716667	0.5	9.111950
106.725000	0.5	9.098050
106.733333	0.5	9.109850
106.741667	0.5	9.110050
106.750000	0.5	9.115700
106.758333	0.5	9.107050
106.766667	0.5	9.104800
106.775000	0.5	9.107850
106.783333	0.5	9.099750
106.791667	0.5	9.104800
106.800000	0.5	9.090150
106.808333	0.5	9.098600
106.816667	0.5	9.093150
106.825000	0.5	9.091900
106.833333	0.5	9.097250
106.841667	0.5	9.102450
106.850000	0.5	9.100200
106.858333	0.5	9.083450
106.866667	0.5	9.085800
106.875000	0.5	9.108150
106.883333	0.5	9.076650
106.891667	0.5	9.097000
106.900000	0.5	9.077600
106.908333	0.5	9.082700
106.916667	0.5	9.098950
106.925000	0.5	9.085950
106.933333	0.5	9.095650
106.941667	0.5	9.094500
106.950000	0.5	9.081750
106.958333	0.5	9.086250
106.966667	0.5	9.092600
106.975000	0.5	9.078950
106.983333	0.5	9.084400
106.991667	0.5	9.087150
107.000000	0.5	9.073750
107.008333	0.5	9.078500
107.016667	0.5	9.086600
107.025000	0.5	9.098100
107.033333	0.5	9.110100
107.041667	0.5	9.101900
107.050000	0.5	9.112650
107.058333	0.5	9.100800
107.066667	0.5	9.106350
107.075000	0.5	9.115250
107.083333	0.5	9.127550
107.091667	0.5	9.114700
107.100000	0.5	9.123050
107.108333	0.5	9.122100
107.116667	0.5	9.122450
107.125000	0.5	9.126850
107.133333	0.5	9.138500
107.141667	0.5	9.140650
107.150000	0.5	9.151850
107.158333	0.5	9.147900
107.166667	0.5	9.148150
107.175000	0.5	9.149100
107.183333	0.5	9.165250
107.191667	0.5	9.165200
107.200000	0.5	9.172250
107.208333	0.5	9.179000
107.216667	0.5	9.180100
107.225000	0.5	9.185350
107.233333	0.5	9.191700
107.241667	0.5	9.205500
107.250000	0.5	9.206150
107.258333	0.5	9.212500
107.266667	0.5	9.202800
107.275000	0.5	9.230150
107.283333	0.5	9.237100
107.291667	0.5	9.234150
107.300000	0.5	9.239100
107.308333	0.5	9.238750
107.316667	0.5	9.257750
107.325000	0.5	9.268800
107.333333	0.5	9.273900
107.341667	0.5	9.275450
107.350000	0.5	9.277550
107.358333	0.5	9.286300
107.366667	0.5	9.292200
107.375000	0.5	9.297400
107.383333	0.5	9.306150
107.391667	0.5	9.306900
107.400000	0.5	9.317750
107.408333	0.5	9.332500
107.416667	0.5	9.332600
107.425000	0.5	9.349800
107.433333	0.5	9.352050
107.441667	0.5	9.352650
107.450000	0.5	9.369750
107.458333	0.5	9.372050
107.466667	0.5	9.370400
107.475000	0.5	9.375650
107.483333	0.5	9.390900
107.491667	0.5	9.389950
107.500000	0.5	9.393550
107.508333	0.5	9.413450
107.516667	0.5	9.412800
107.525000	0.5	9.426150
107.533333	0.5	9.414350
107.541667	0.5	9.421250
107.550000	0.5	9.433300
107.558333	0.5	9.424400
107.566667	0.5	9.438200
107.575000	0.5	9.448500
107.583333	0.5	9.447700
107.591667	0.5	9.451800
107.600000	0.5	9.456050
107.608333	0.5	9.461600
107.616667	0.5	9.464700
107.625000	0.5	9.466100
107.633333	0.5	9.463400
107.641667	0.5	9.472650
107.650000	0.5	9.467400
107.658333	0.5	9.465600
107.666667	0.5	9.459600
107.675000	0.5	9.460950
107.683333	0.5	9.455000
107.691667	0.5	9.450800
107.700000	0.5	9.457050
107.708333	0.5	9.453050
107.716667	0.5	9.452000
107.725000	0.5	9.447550
107.733333	0.5	9.440050
107.741667	0.5	9.438400
107.750000	0.5	9.441150
107.758333	0.5	9.422400
107.766667	0.5	9.437900
107.775000	0.5	9.428950
107.783333	0.5	9.421150
107.791667	0.5	9.414450
107.800000	0.5	9.421350
107.808333	0.5	9.415250
107.816667	0.5	9.411450
107.825000	0.5	9.412400
107.833333	0.5	9.428100
107.841667	0.5	9.426500
107.850000	0.5	9.397200
107.858333	0.5	9.413550
107.866667	0.5	9.403300
107.875000	0.5	9.406300
107.883333	0.5	9.398450
107.891667	0.5	9.405400
107.900000	0.5	9.396650
107.908333	0.5	9.400250
107.916667	0.5	9.399300
107.925000	0.5	9.411300
107.933333	0.5	9.401450
107.941667	0.5	9.404550
107.950000	0.5	9.406000
107.958333	0.5	9.402900
107.966667	0.5	9.411650
107.975000	0.5	9.407050
107.983333	0.5	9.403900
107.991667	0.5	9.407150
108.000000	0.5	9.414500
108.008333	0.5	9.414550
108.016667	0.5	9.415100
108.025000	0.5	9.423600
108.033333	0.5	9.417900
108.041667	0.5	9.420700
108.050000	0.5	9.430400
108.058333	0.5	9.440600
108.066667	0.5	9.427700
108.075000	0.5	9.424800
108.083333	0.5	9.431650
108.091667	0.5	9.438200
108.100000	0.5	9.440900
108.108333	0.5	9.450600
108.116667	0.5	9.441000
108.125000	0.5	9.456750
108.133333	0.5	9.452050
108.141667	0.5	9.449750
108.150000	0.5	9.455250
108.158333	0.5	9.478800
108.166667	0.5	9.454600
108.175000	0.5	9.481450
108.183333	0.5	9.484900
108.191667	0.5	9.475000
108.200000	0.5	9.475300
108.208333	0.5	9.488700
108.216667	0.5	9.481450
108.225000	0.5	9.499300
108.233333	0.5	9.483250
108.241667	0.5	9.485750
108.250000	0.5	9.489700
108.258333	0.5	9.495800
108.266667	0.5	9.490050
108.275000	0.5	9.494150
108.283333	0.5	9.497100
108.291667	0.5	9.501000
108.300000	0.5	9.503400
108.308333	0.5	9.494750
108.316667	0.5	9.494750
108.325000	0.5	9.518100
108.333333	0.5	9.491700
108.341667	0.5	9.497900
108.350000	0.5	9.485950
108.358333	0.5	9.493600
108.366667	0.5	9.491850
108.375000	0.5	9.478450
108.383333	0.5	9.487800
108.391667	0.5	9.469800
108.400000	0.5	9.469550
108.408333	0.5	9.466750
108.416667	0.5	9.456800
108.425000	0.5	9.450800
108.433333	0.5	9.448000
108.441667	0.5	9.437650
108.450000	0.5	9.435900
108.458333	0.5	9.442000
108.466667	0.5	9.426950
108.475000	0.5	9.409700
108.483333	0.5	9.410950
108.491667	0.5	9.397800
108.500000	0.5	9.387950
108.508333	0.5	9.381400
108.516667	0.5	9.389200
108.525000	0.5	9.372900
108.533333	0.5	9.374850
108.541667	0.5	9.372500
108.550000	0.5	9.356050
108.558333	0.5	9.352600
108.566667	0.5	9.344850
108.575000	0.5	9.325150
108.583333	0.5	9.313850
108.591667	0.5	9.317950
108.600000	0.5	9.312700
108.608333	0.5	9.292000
108.616667	0.5	9.288700
108.625000	0.5	9.277800
108.633333	0.5	9.274150
108.641667	0.5	9.258300
108.650000	0.5	9.249250
108.658333	0.5	9.262750
108.666667	0.5	9.234550
108.675000	0.5	9.244850
108.683333	0.5	9.222650
108.691667	0.5	9.216650
108.700000	0.5	9.206750
108.708333	0.5	9.195600
108.716667	0.5	9.187250
108.725000	0.5	9.187350
108.733333	0.5	9.192500
108.741667	0.5	9.183050
108.750000	0.5	9.172850
108.758333	0.5	9.161800
108.766667	0.5	9.159550
108.775000	0.5	9.144300
108.783333	0.5	9.135150
108.791667	0.5	9.137100
108.800000	0.5	9.122900
108.808333	0.5	9.115250
108.816667	0.5	9.114000
108.825000	0.5	9.099100
108.833333	0.5	9.099950
108.841667	0.5	9.088200
108.850000	0.5	9.091200
108.858333	0.5	9.076050
108.866667	0.5	9.074700
108.875000	0.5	9.075600
108.883333	0.5	9.069000
108.891667	0.5	9.052550
108.900000	0.5	9.050650
108.908333	0.5	9.052550
108.916667	0.5	9.051950
108.925000	0.5	9.045950
108.933333	0.5	9.031150
108.941667	0.5	9.036500
108.950000	0.5	9.044600
108.958333	0.5	9.032800
108.966667	0.5	9.030250
108.975000	0.5	9.039700
108.983333	0.5	9.024050
108.991667	0.5	9.019200
109.000000	0.5	9.023850
109.008333	0.5	9.024500
109.016667	0.5	9.020500
109.025000	0.5	9.015250
109.033333	0.5	9.012800
109.041667	0.5	9.017250
109.050000	0.5	9.016600
109.058333	0.5	9.004100
109.066667	0.5	9.004700
109.075000	0.5	8.997250
109.083333	0.5	8.997050
109.091667	0.5	8.996400
109.100000	0.5	8.988900
109.108333	0.5	8.982150
109.116667	0.5	8.990350
109.125000	0.5	8.986550
109.133333	0.5	8.977350
109.141667	0.5	8.972900
109.150000	0.5	8.976800
109.158333	0.5	8.976150
109.166667	0.5	8.965100
109.175000	0.5	8.961900
109.183333	0.5	8.967950
109.191667	0.5	8.966550
109.200000	0.5	8.976650
109.208333	0.5	8.965200
109.216667	0.5	8.961850
109.225000	0.5	8.959400
109.233333	0.5	8.959600
109.241667	0.5	8.958800
109.250000	0.5	8.968850
109.258333	0.5	8.961400
109.266667	0.5	8.964300
109.275000	0.5	8.965650
109.283333	0.5	8.981200
109.291667	0.5	8.968850
109.300000	0.5	8.974250
109.308333	0.5	8.986800
109.316667	0.5	8.978800
109.325000	0.5	8.984650
109.333333	0.5	8.982850
109.341667	0.5	8.985450
109.350000	0.5	8.997400
109.358333	0.5	8.999950
109.366667	0.5	9.004900
109.375000	0.5	9.010100
109.383333	0.5	9.021800
109.391667	0.5	9.018550
109.400000	0.5	9.025900
109.408333	0.5	9.034700
109.416667	0.5	9.031200
109.425000	0.5	9.036500
109.433333	0.5	9.040850
109.441667	0.5	9.053550
109.450000	0.5	9.051100
109.458333	0.5	9.045200
109.466667	0.5	9.062450
109.475000	0.5	9.063700
109.483333	0.5	9.067550
109.491667	0.5	9.064000
109.500000	0.5	9.072400
109.508333	0.5	9.074100
109.516667	0.5	9.078700
109.525000	0.5	9.092650
109.533333	0.5	9.095600
109.541667	0.5	9.082550
109.550000	0.5	9.097150
109.558333	0.5	9.115800
109.566667	0.5	9.115350
109.575000	0.5	9.110850
109.583333	0.5	9.120000
109.591667	0.5	9.110450
109.600000	0.5	9.122650
109.608333	0.5	9.116350
109.616667	0.5	9.132400
109.625000	0.5	9.133300
109.633333	0.5	9.136250
109.641667	0.5	9.138800
109.650000	0.5	9.137950
109.658333	0.5	9.139150
109.666667	0.5	9.154250
109.675000	0.5	9.141150
109.683333	0.5	9.159050
109.691667	0.5	9.166750
109.700000	0.5	9.168650
109.708333	0.5	9.191950
109.716667	0.5	9.174950
109.725000	0.5	9.194800
109.733333	0.5	9.195200
109.741667	0.5	9.203600
109.750000	0.5	9.201500
109.758333	0.5	9.212100
109.766667	0.5	9.202900
109.775000	0.5	9.221700
109.783333	0.5	9.229500
109.791667	0.5	9.229050
109.800000	0.5	9.243050
109.808333	0.5	9.242800
109.816667	0.5	9.244500
109.825000	0.5	9.250850
109.833333	0.5	9.261650
109.841667	0.5	9.258650
109.850000	0.5	9.262700
109.858333	0.5	9.259050
109.866667	0.5	9.270150
109.875000	0.5	9.276600
109.883333	0.5	9.281900
109.891667	0.5	9.275850
109.900000	0.5	9.282200
109.908333	0.5	9.294800
109.916667	0.5	9.287850
109.925000	0.5	9.285100
109.933333	0.5	9.290650
109.941667	0.5	9.291300
109.950000	0.5	9.305250
109.958333	0.5	9.298500
109.966667	0.5	9.297500
109.975000	0.5	9.293800
109.983333	0.5	9.301100
109.991667	0.5	9.301800
110.000000	0.5	9.300250
110.008333	0.5	9.305450
110.016667	0.5	9.311050
110.025000	0.5	9.297850
110.033333	0.5	9.305450
110.041667	0.5	9.312250
110.050000	0.5	9.308900
110.058333	0.5	9.324200
110.066667	0.5	9.303550
110.075000	0.5	9.304400
110.083333	0.5	9.307700
110.091667	0.5	9.316850
110.100000	0.5	9.307600
110.108333	0.5	9.307850
110.116667	0.5	9.310400
110.125000	0.5	9.304000
110.133333	0.5	9.305500
110.141667	0.5	9.310450
110.150000	0.5	9.306400
110.158333	0.5	9.302700
110.166667	0.5	9.305000
110.175000	0.5	9.297300
110.183333	0.5	9.305000
110.191667	0.5	9.297150
110.200000	0.5	9.284500
110.208333	0.5	9.297500
110.216667	0.5	9.287900
110.225000	0.5	9.288500
110.233333	0.5	9.287450
110.241667	0.5	9.280400
110.250000	0.5	9.284450
110.258333	0.5	9.280550
110.266667	0.5	9.275600
110.275000	0.5	9.265900
110.283333	0.5	9.264300
110.291667	0.5	9.276000
110.300000	0.5	9.262150
110.308333	0.5	9.268400
110.316667	0.5	9.259500
110.325000	0.5	9.255400
110.333333	0.5	9.253250
110.341667	0.5	9.250250
110.350000	0.5	9.266700
110.358333	0.5	9.252550
110.366667	0.5	9.241800
110.375000	0.5	9.246550
110.383333	0.5	9.244400
110.391667	0.5	9.230250
110.400000	0.5	9.235000
110.408333	0.5	9.221400
110.416667	0.5	9.221900
110.425000	0.5	9.217700
110.433333	0.5	9.209650
110.441667	0.5	9.206750
110.450000	0.5	9.205550
110.458333	0.5	9.204450
110.466667	0.5	9.205050
110.475000	0.5	9.187750
110.483333	0.5	9.201550
110.491667	0.5	9.186400
110.500000	0.5	9.183350
110.508333	0.5	9.177450
110.516667	0.5	9.170300
110.525000	0.5	9.166450
110.533333	0.5	9.165150
110.541667	0.5	9.156700
110.550000	0.5	9.149450
110.558333	0.5	9.146850
110.566667	0.5	9.142800
110.575000	0.5	9.142850
110.583333	0.5	9.141000
110.591667	0.5	9.131250
110.600000	0.5	9.123950
110.608333	0.5	9.130200
110.616667	0.5	9.129800
110.625000	0.5	9.129800
110.633333	0.5	9.126550
110.641667	0.5	9.112600
110.650000	0.5	9.100750
110.658333	0.5	9.106500
110.666667	0.5	9.108000
110.675000	0.5	9.101600
110.683333	0.5	9.094650
110.691667	0.5	9.098100
110.700000	0.5	9.091250
110.708333	0.5	9.093900
110.716667	0.5	9.083600
110.725000	0.5	9.082900
110.733333	0.5	9.093500
110.741667	0.5	9.080450
110.750000	0.5	9.069750
110.758333	0.5	9.066450
110.766667	0.5	9.083050
110.775000	0.5	9.069750
110.783333	0.5	9.058400
110.791667	0.5	9.053300
110.800000	0.5	9.066750
110.808333	0.5	9.063600
110.816667	0.5	9.054250
110.825000	0.5	9.055200
110.833333	0.5	9.050700
110.841667	0.5	9.041600
110.850000	0.5	9.048600
110.858333	0.5	9.044900
110.866667	0.5	9.034050
110.875000	0.5	9.037900
110.883333	0.5	9.035750
110.891667	0.5	9.034400
110.900000	0.5	9.023250
110.908333	0.5	9.016300
110.916667	0.5	9.018850
110.925000	0.5	9.014200
110.933333	0.5	9.016100
110.941667	0.5	9.012250
110.950000	0.5	9.012500
110.958333	0.5	9.006400
110.966667	0.5	9.010900
110.975000	0.5	8.989950
110.983333	0.5	9.008950
110.991667	0.5	9.001500
111.000000	0.5	8.998700
111.008333	0.5	9.000650
111.016667	0.5	8.995450
111.025000	0.5	8.994700
111.033333	0.5	8.997600
111.041667	0.5	8.991150
111.050000	0.5	8.998200
111.058333	0.5	9.007050
111.066667	0.5	9.004100
111.075000	0.5	8.989550
111.083333	0.5	8.994850
111.091667	0.5	8.993750
111.100000	0.5	8.988050
111.108333	0.5	8.993650
111.116667	0.5	8.992150
111.125000	0.5	8.985550
111.133333	0.5	8.998400
111.141667	0.5	8.990500
111.150000	0.5	8.992000
111.158333	0.5	8.994500
111.166667	0.5	8.993300
111.175000	0.5	8.987100
111.183333	0.5	8.989300
111.191667	0.5	8.984400
111.200000	0.5	8.982250
111.208333	0.5	8.977150
111.216667	0.5	9.000600
111.225000	0.5	8.984700
111.233333	0.5	8.991600
111.241667	0.5	8.991400
111.250000	0.5	8.992450
111.258333	0.5	9.004850
111.266667	0.5	8.982000
111.275000	0.5	8.986850
111.283333	0.5	9.009000
111.291667	0.5	9.007700
111.300000	0.5	8.992250
111.308333	0.5	8.994800
111.316667	0.5	8.997300
111.325000	0.5	8.991700
111.333333	0.5	8.998950
111.341667	0.5	9.007600
111.350000	0.5	9.002450
111.358333	0.5	8.999700
111.366667	0.5	9.009400
111.375000	0.5	9.009400
111.383333	0.5	9.006500
111.391667	0.5	9.007450
111.400000	0.5	9.005600
111.408333	0.5	9.014800
111.416667	0.5	9.001700
111.425000	0.5	9.022400
111.433333	0.5	9.008950
111.441667	0.5	9.008150
111.450000	0.5	9.024050
111.458333	0.5	9.023700
111.466667	0.5	9.025850
111.475000	0.5	9.040800
111.483333	0.5	9.030150
111.491667	0.5	9.039500
111.500000	0.5	9.027650
111.508333	0.5	9.024800
111.516667	0.5	9.025150
111.525000	0.5	9.028400
111.533333	0.5	9.035500
111.541667	0.5	9.026850
111.550000	0.5	9.040900
111.558333	0.5	9.041850
111.566667	0.5	9.041050
111.575000	0.5	9.038600
111.583333	0.5	9.047600
111.591667	0.5	9.046500
111.600000	0.5	9.044300
111.608333	0.5	9.038500
111.616667	0.5	9.050450
111.625000	0.5	9.053100
111.633333	0.5	9.051050
111.641667	0.5	9.057650
111.650000	0.5	9.060800
111.658333	0.5	9.059600
111.666667	0.5	9.068650
111.675000	0.5	9.056800
111.683333	0.5	9.061350
111.691667	0.5	9.061650
111.700000	0.5	9.061300
111.708333	0.5	9.070150
111.716667	0.5	9.071350
111.725000	0.5	9.077200
111.733333	0.5	9.074150
111.741667	0.5	9.084400
111.750000	0.5	9.077000
111.758333	0.5	9.070950
111.766667	0.5	9.086350
111.775000	0.5	9.077650
111.783333	0.5	9.086200
111.791667	0.5	9.091000
111.800000	0.5	9.090800
111.808333	0.5	9.086400
111.816667	0.5	9.102700
111.825000	0.5	9.102350
111.833333	0.5	9.097900
111.841667	0.5	9.106950
111.850000	0.5	9.102400
111.858333	0.5	9.104800
111.866667	0.5	9.110000
111.875000	0.5	9.118450
111.883333	0.5	9.117450
111.891667	0.5	9.124800
111.900000	0.5	9.119600
111.908333	0.5	9.126200
111.916667	0.5	9.131850
111.925000	0.5	9.136050
111.933333	0.5	9.125200
111.941667	0.5	9.142300
111.950000	0.5	9.126200
111.958333	0.5	9.157400
111.966667	0.5	9.147000
111.975000	0.5	9.162800
111.983333	0.5	9.139100
111.991667	0.5	9.143200
112.000000	0.5	9.155550
112.008333	0.5	9.151650
112.016667	0.5	9.150300
112.025000	0.5	9.155100
112.033333	0.5	9.155500
112.041667	0.5	9.170550
112.050000	0.5	9.153800
112.058333	0.5	9.162600
112.066667	0.5	9.154200
112.075000	0.5	9.162800
112.083333	0.5	9.162200
112.091667	0.5	9.162700
112.100000	0.5	9.159200
112.108333	0.5	9.166050
112.116667	0.5	9.170100
112.125000	0.5	9.172800
112.133333	0.5	9.165500
112.141667	0.5	9.176950
112.150000	0.5	9.170500
112.158333	0.5	9.176750
112.166667	0.5	9.183600
112.175000	0.5	9.174150
112.183333	0.5	9.174100
112.191667	0.5	9.174650
112.200000	0.5	9.204450
112.208333	0.5	9.190300
112.216667	0.5	9.211150
112.225000	0.5	9.195300
112.233333	0.5	9.192150
112.241667	0.5	9.191000
112.250000	0.5	9.200350
112.258333	0.5	9.201100
112.266667	0.5	9.216000
112.275000	0.5	9.217000
112.283333	0.5	9.215850
112.291667	0.5	9.211450
112.300000	0.5	9.220850
112.308333	0.5	9.228050
112.316667	0.5	9.227050
112.325000	0.5	9.230600
112.333333	0.5	9.239500
112.341667	0.5	9.238950
112.350000	0.5	9.243100
112.358333	0.5	9.226300
112.366667	0.5	9.232700
112.375000	0.5	9.230050
112.383333	0.5	9.225900
112.391667	0.5	9.240000
112.400000	0.5	9.243750
112.408333	0.5	9.244950
112.416667	0.5	9.226350
112.425000	0.5	9.239850
112.433333	0.5	9.254750
112.441667	0.5	9.252600
112.450000	0.5	9.251650
112.458333	0.5	9.244850
112.466667	0.5	9.247000
112.475000	0.5	9.246400
112.483333	0.5	9.254500
112.491667	0.5	9.254600
112.500000	0.5	9.252600
112.508333	0.5	9.248300
112.516667	0.5	9.257400
112.525000	0.5	9.249400
112.533333	0.5	9.255950
112.541667	0.5	9.250100
112.550000	0.5	9.255200
112.558333	0.5	9.267150
112.566667	0.5	9.263050
112.575000	0.5	9.271800
112.583333	0.5	9.263400
112.591667	0.5	9.284150
112.600000	0.5	9.258700
112.608333	0.5	9.271050
112.616667	0.5	9.295050
112.625000	0.5	9.268700
112.633333	0.5	9.274300
112.641667	0.5	9.276450
112.650000	0.5	9.274350
112.658333	0.5	9.277600
112.666667	0.5	9.274200
112.675000	0.5	9.277050
112.683333	0.5	9.282400
112.691667	0.5	9.285600
112.700000	0.5	9.295400
112.708333	0.5	9.286150
112.716667	0.5	9.288350
112.725000	0.5	9.294700
112.733333	0.5	9.295300
112.741667	0.5	9.304650
112.750000	0.5	9.296650
112.758333	0.5	9.302500
112.766667	0.5	9.302050
112.775000	0.5	9.305100
112.783333	0.5	9.298350
112.791667	0.5	9.316000
112.800000	0.5	9.312450
112.808333	0.5	9.318550
112.816667	0.5	9.324450
112.825000	0.5	9.315450
112.833333	0.5	9.325300
112.841667	0.5	9.323600
112.850000	0.5	9.331800
112.858333	0.5	9.331300
112.866667	0.5	9.338450
112.875000	0.5	9.328550
112.883333	0.5	9.333050
112.891667	0.5	9.334000
112.900000	0.5	9.343100
112.908333	0.5	9.351900
112.916667	0.5	9.355850
112.925000	0.5	9.351450
112.933333	0.5	9.355900
112.941667	0.5	9.364100
112.950000	0.5	9.368600
112.958333	0.5	9.381500
112.966667	0.5	9.371400
112.975000	0.5	9.375850
112.983333	0.5	9.395200
112.991667	0.5	9.393800
113.000000	0.5	9.406300
113.008333	0.5	9.399650
113.016667	0.5	9.406650
113.025000	0.5	9.409750
113.033333	0.5	9.421750
113.041667	0.5	9.412800
113.050000	0.5	9.430850
113.058333	0.5	9.434600
113.066667	0.5	9.433450
113.075000	0.5	9.431900
113.083333	0.5	9.429300
113.091667	0.5	9.442900
113.100000	0.5	9.442750
113.108333	0.5	9.436350
113.116667	0.5	9.444000
113.125000	0.5	9.456450
113.133333	0.5	9.461250
113.141667	0.5	9.460050
113.150000	0.5	9.474850
113.158333	0.5	9.463950
113.166667	0.5	9.472600
113.175000	0.5	9.467350
113.183333	0.5	9.464800
113.191667	0.5	9.470300
113.200000	0.5	9.474750
113.208333	0.5	9.477100
113.216667	0.5	9.472000
113.225000	0.5	9.494600
113.233333	0.5	9.469900
113.241667	0.5	9.481350
113.250000	0.5	9.476350
113.258333	0.5	9.481800
113.266667	0.5	9.475400
113.275000	0.5	9.489350
113.283333	0.5	9.482000
113.291667	0.5	9.488600
113.300000	0.5	9.484400
113.308333	0.5	9.486600
113.316667	0.5	9.480950
113.325000	0.5	9.485300
113.333333	0.5	9.489500
113.341667	0.5	9.483450
113.350000	0.5	9.480350
113.358333	0.5	9.481950
113.366667	0.5	9.474850
113.375000	0.5	9.471700
113.383333	0.5	9.479400
113.391667	0.5	9.468150
113.400000	0.5	9.463250
113.408333	0.5	9.455050
113.416667	0.5	9.475950
113.425000	0.5	9.453750
113.433333	0.5	9.456450
113.441667	0.5	9.446700
113.450000	0.5	9.450100
113.458333	0.5	9.443900
113.466667	0.5	9.434150
113.475000	0.5	9.457700
113.483333	0.5	9.432500
113.491667	0.5	9.442700
113.500000	0.5	9.432500
113.508333	0.5	9.425350
113.516667	0.5	9.421200
113.525000	0.5	9.412450
113.533333	0.5	9.416500
113.541667	0.5	9.409350
113.550000	0.5	9.399600
113.558333	0.5	9.401750
113.566667	0.5	9.401400
113.575000	0.5	9.401600
113.583333	0.5	9.394900
113.591667	0.5	9.390800
113.600000	0.5	9.377950
113.608333	0.5	9.378350
113.616667	0.5	9.371550
113.625000	0.5	9.360300
113.633333	0.5	9.363350
113.641667	0.5	9.365050
113.650000	0.5	9.362100
113.658333	0.5	9.356750
113.666667	0.5	9.354400
113.675000	0.5	9.352250
113.683333	0.5	9.350550
113.691667	0.5	9.336650
113.700000	0.5	9.345000
113.708333	0.5	9.329400
113.716667	0.5	9.331650
113.725000	0.5	9.332400
113.733333	0.5	9.328750
113.741667	0.5	9.332600
113.750000	0.5	9.329700
113.758333	0.5	9.319650
113.766667	0.5	9.308500
113.775000	0.5	9.318750
113.783333	0.5	9.318800
113.791667	0.5	9.305050
113.800000	0.5	9.299100
113.808333	0.5	9.301150
113.816667	0.5	9.299200
113.825000	0.5	9.293850
113.833333	0.5	9.303800
113.841667	0.5	9.297400
113.850000	0.5	9.295050
113.858333	0.5	9.293800
113.866667	0.5	9.292900
113.875000	0.5	9.288800
113.883333	0.5	9.290950
113.891667	0.5	9.283550
113.900000	0.5	9.275250
113.908333	0.5	9.269850
113.916667	0.5	9.291600
113.925000	0.5	9.278550
113.933333	0.5	9.268800
113.941667	0.5	9.264400
113.950000	0.5	9.256700
113.958333	0.5	9.267750
113.966667	0.5	9.271750
113.975000	0.5	9.254000
113.983333	0.5	9.257100
113.991667	0.5	9.253850
114.000000	0.5	9.249200
114.008333	0.5	9.251300
114.016667	0.5	9.245650
114.025000	0.5	9.255150
114.033333	0.5	9.238300
114.041667	0.5	9.248300
114.050000	0.5	9.246550
114.058333	0.5	9.244450
114.066667	0.5	9.243700
114.075000	0.5	9.248150
114.083333	0.5	9.241250
114.091667	0.5	9.237950
114.100000	0.5	9.240850
114.108333	0.5	9.233250
114.116667	0.5	9.237700
114.125000	0.5	9.247750
114.133333	0.5	9.234850
114.141667	0.5	9.240000
114.150000	0.5	9.246350
114.158333	0.5	9.235500
114.166667	0.5	9.237850
114.175000	0.5	9.243150
114.183333	0.5	9.244950
114.191667	0.5	9.237350
114.200000	0.5	9.235900
114.208333	0.5	9.233400
114.216667	0.5	9.240450
114.225000	0.5	9.222500
114.233333	0.5	9.240700
114.241667	0.5	9.237550
114.250000	0.5	9.231350
114.258333	0.5	9.231400
114.266667	0.5	9.230000
114.275000	0.5	9.227350
114.283333	0.5	9.226050
114.291667	0.5	9.220800
114.300000	0.5	9.235400
114.308333	0.5	9.233050
114.316667	0.5	9.218300
114.325000	0.5	9.230250
114.333333	0.5	9.220200
114.341667	0.5	9.222750
114.350000	0.5	9.226300
114.358333	0.5	9.217750
114.366667	0.5	9.228900
114.375000	0.5	9.214250
114.383333	0.5	9.218150
114.391667	0.5	9.208400
114.400000	0.5	9.217700
114.408333	0.5	9.208600
114.416667	0.5	9.225800
114.425000	0.5	9.209750
114.433333	0.5	9.209600
114.441667	0.5	9.209450
114.450000	0.5	9.205750
114.458333	0.5	9.205700
114.466667	0.5	9.199000
114.475000	0.5	9.196700
114.483333	0.5	9.189700
114.491667	0.5	9.186700
114.500000	0.5	9.190250
114.508333	0.5	9.188150
114.516667	0.5	9.182700
114.525000	0.5	9.179650
114.533333	0.5	9.168250
114.541667	0.5	9.177350
114.550000	0.5	9.159350
114.558333	0.5	9.169700
114.566667	0.5	9.157850
114.575000	0.5	9.154550
114.583333	0.5	9.158700
114.591667	0.5	9.154000
114.600000	0.5	9.151550
114.608333	0.5	9.147250
114.616667	0.5	9.135750
114.625000	0.5	9.134950
114.633333	0.5	9.129200
114.641667	0.5	9.120450
114.650000	0.5	9.111800
114.658333	0.5	9.118100
114.666667	0.5	9.117000
114.675000	0.5	9.105500
114.683333	0.5	9.104600
114.691667	0.5	9.090300
114.700000	0.5	9.097800
114.708333	0.5	9.085350
114.716667	0.5	9.079700
114.725000	0.5	9.075450
114.733333	0.5	9.076350
114.741667	0.5	9.066450
114.750000	0.5	9.063950
114.758333	0.5	9.059550
114.766667	0.5	9.050800
114.775000	0.5	9.044950
114.783333	0.5	9.043500
114.791667	0.5	9.038850
114.800000	0.5	9.034600
114.808333	0.5	9.031000
114.816667	0.5	9.020450
114.825000	0.5	9.018850
114.833333	0.5	9.017950
114.841667	0.5	8.997650
114.850000	0.5	9.001000
114.858333	0.5	8.994400
114.866667	0.5	8.991500
114.875000	0.5	8.990000
114.883333	0.5	8.990150
114.891667	0.5	8.971200
114.900000	0.5	8.965350
114.908333	0.5	8.969450
114.916667	0.5	8.962800
114.925000	0.5	8.962700
114.933333	0.5	8.941150
114.941667	0.5	8.950200
114.950000	0.5	8.946950
114.958333	0.5	8.939700
114.966667	0.5	8.927900
114.975000	0.5	8.930650
114.983333	0.5	8.928300
114.991667	0.5	8.930450
115.000000	0.5	8.920450
115.008333	0.5	8.912150
115.016667	0.5	8.909500
115.025000	0.5	8.903850
115.033333	0.5	8.903800
115.041667	0.5	8.913550
115.050000	0.5	8.896000
115.058333	0.5	8.900900
115.066667	0.5	8.902750
115.075000	0.5	8.900000
115.083333	0.5	8.893350
115.091667	0.5	8.884700
115.100000	0.5	8.895650
115.108333	0.5	8.892550
115.116667	0.5	8.893400
115.125000	0.5	8.893450
115.133333	0.5	8.891050
115.141667	0.5	8.890050
115.150000	0.5	8.884700
115.158333	0.5	8.882650
115.166667	0.5	8.893750
115.175000	0.5	8.882650
115.183333	0.5	8.881500
115.191667	0.5	8.881300
115.200000	0.5	8.884500
115.208333	0.5	8.877050
115.216667	0.5	8.879450
115.225000	0.5	8.881250
115.233333	0.5	8.879000
115.241667	0.5	8.877550
115.250000	0.5	8.879250
115.258333	0.5	8.876350
115.266667	0.5	8.879400
115.275000	0.5	8.877250
115.283333	0.5	8.878450
115.291667	0.5	8.873750
115.300000	0.5	8.874100
115.308333	0.5	8.869450
115.316667	0.5	8.869200
115.325000	0.5	8.876000
115.333333	0.5	8.869950
115.341667	0.5	8.861800
115.350000	0.5	8.864900
115.358333	0.5	8.866800
115.366667	0.5	8.861000
115.375000	0.5	8.867500
115.383333	0.5	8.858350
115.391667	0.5	8.856150
115.400000	0.5	8.851800
115.408333	0.5	8.858300
115.416667	0.5	8.856500
115.425000	0.5	8.844450
115.433333	0.5	8.847000
115.441667	0.5	8.847850
115.450000	0.5	8.848800
115.458333	0.5	8.840650
115.466667	0.5	8.848550
115.475000	0.5	8.846450
115.483333	0.5	8.845550
115.491667	0.5	8.849400
115.500000	0.5	8.835600
115.508333	0.5	8.840600
115.516667	0.5	8.838200
115.525000	0.5	8.840650
115.533333	0.5	8.834300
115.541667	0.5	8.842850
115.550000	0.5	8.834200
115.558333	0.5	8.837100
115.566667	0.5	8.832950
115.575000	0.5	8.832150
115.583333	0.5	8.844400
115.591667	0.5	8.833400
115.600000	0.5	8.829900
115.608333	0.5	8.839650
115.616667	0.5	8.831500
115.625000	0.5	8.833450
115.633333	0.5	8.829100
115.641667	0.5	8.838350
115.650000	0.5	8.836900
115.658333	0.5	8.833400
115.666667	0.5	8.829500
115.675000	0.5	8.825900
115.683333	0.5	8.828650
115.691667	0.5	8.823350
115.700000	0.5	8.818500
115.708333	0.5	8.830450
115.716667	0.5	8.818000
115.725000	0.5	8.832600
115.733333	0.5	8.819550
115.741667	0.5	8.823350
115.750000	0.5	8.823500
115.758333	0.5	8.809750
115.766667	0.5	8.827050
115.775000	0.5	8.821200
115.783333	0.5	8.808700
115.791667	0.5	8.808500
115.800000	0.5	8.812450
115.808333	0.5	8.807450
115.816667	0.5	8.805650
115.825000	0.5	8.817050
115.833333	0.5	8.823150
115.841667	0.5	8.804850
115.850000	0.5	8.821200
115.858333	0.5	8.792350
115.866667	0.5	8.808650
115.875000	0.5	8.797950
115.883333	0.5	8.797300
115.891667	0.5	8.800850
115.900000	0.5	8.801800
115.908333	0.5	8.788000
115.916667	0.5	8.789750
115.925000	0.5	8.790100
115.933333	0.5	8.798800
115.941667	0.5	8.787750
115.950000	0.5	8.789600
115.958333	0.5	8.782750
115.966667	0.5	8.785650
115.975000	0.5	8.777250
115.983333	0.5	8.792750
115.991667	0.5	8.786850
116.000000	0.5	8.781350
116.008333	0.5	8.780400
116.016667	0.5	8.784850
116.025000	0.5	8.784800
116.033333	0.5	8.768150
116.041667	0.5	8.759550
116.050000	0.5	8.768450
116.058333	0.5	8.752300
116.066667	0.5	8.760700
116.075000	0.5	8.756100
116.083333	0.5	8.756750
116.091667	0.5	8.735550
116.100000	0.5	8.754050
116.108333	0.5	8.756750
116.116667	0.5	8.751300
116.125000	0.5	8.746050
116.133333	0.5	8.741400
116.141667	0.5	8.744250
116.150000	0.5	8.737100
116.158333	0.5	8.730050
116.166667	0.5	8.730650
116.175000	0.5	8.729750
116.183333	0.5	8.724850
116.191667	0.5	8.735600
116.200000	0.5	8.725700
116.208333	0.5	8.730950
116.216667	0.5	8.722900
116.225000	0.5	8.722200
116.233333	0.5	8.723800
116.241667	0.5	8.728200
116.250000	0.5	8.728550
116.258333	0.5	8.726300
116.266667	0.5	8.724750
116.275000	0.5	8.720400
116.283333	0.5	8.719500
116.291667	0.5	8.714450
116.300000	0.5	8.709200
116.308333	0.5	8.718600
116.316667	0.5	8.710450
116.325000	0.5	8.711900
116.333333	0.5	8.707950
116.341667	0.5	8.706100
116.350000	0.5	8.702450
116.358333	0.5	8.711000
116.366667	0.5	8.696750
116.375000	0.5	8.697450
116.383333	0.5	8.708100
116.391667	0.5	8.694300
116.400000	0.5	8.696200
116.408333	0.5	8.684350
116.416667	0.5	8.705450
116.425000	0.5	8.683650
116.433333	0.5	8.687200
116.441667	0.5	8.683500
116.450000	0.5	8.677400
116.458333	0.5	8.682150
116.466667	0.5	8.679800
116.475000	0.5	8.672500
116.483333	0.5	8.678950
116.491667	0.5	8.687300
116.500000	0.5	8.678650
116.508333	0.5	8.671550
116.516667	0.5	8.675600
116.525000	0.5	8.671900
116.533333	0.5	8.666750
116.541667	0.5	8.669250
116.550000	0.5	8.669750
116.558333	0.5	8.665750
116.566667	0.5	8.664250
116.575000	0.5	8.669750
116.583333	0.5	8.665300
116.591667	0.5	8.662450
116.600000	0.5	8.654850
116.608333	0.5	8.647150
116.616667	0.5	8.653050
116.625000	0.5	8.649550
116.633333	0.5	8.650050
116.641667	0.5	8.648050
116.650000	0.5	8.642150
116.658333	0.5	8.639850
116.666667	0.5	8.642300
116.675000	0.5	8.647900
116.683333	0.5	8.637850
116.691667	0.5	8.633250
116.700000	0.5	8.646350
116.708333	0.5	8.644000
116.716667	0.5	8.640050
116.725000	0.5	8.633650
116.733333	0.5	8.629400
116.741667	0.5	8.638550
116.750000	0.5	8.631750
116.758333	0.5	8.635550
116.766667	0.5	8.643300
116.775000	0.5	8.632800
116.783333	0.5	8.634950
116.791667	0.5	8.639600
116.800000	0.5	8.627400
116.808333	0.5	8.625650
116.816667	0.5	8.629450
116.825000	0.5	8.613700
116.833333	0.5	8.631850
116.841667	0.5	8.626200
116.850000	0.5	8.632300
116.858333	0.5	8.615900
116.866667	0.5	8.614900
116.875000	0.5	8.633950
116.883333	0.5	8.626400
116.891667	0.5	8.615100
116.900000	0.5	8.620800
116.908333	0.5	8.624300
116.916667	0.5	8.621550
116.925000	0.5	8.614500
116.933333	0.5	8.612800
116.941667	0.5	8.620400
116.950000	0.5	8.614200
116.958333	0.5	8.604250
116.966667	0.5	8.610650
116.975000	0.5	8.608650
116.983333	0.5	8.607250
116.991667	0.5	8.602300
117.000000	0.5	8.596150
117.008333	0.5	8.589700
117.016667	0.5	8.587250
117.025000	0.5	8.594600
117.033333	0.5	8.592900
117.041667	0.5	8.580900
117.050000	0.5	8.580700
117.058333	0.5	8.583650
117.066667	0.5	8.576600
117.075000	0.5	8.576200
117.083333	0.5	8.578000
117.091667	0.5	8.576950
117.100000	0.5	8.579050
117.108333	0.5	8.582750
117.116667	0.5	8.566750
117.125000	0.5	8.565000
117.133333	0.5	8.560350
117.141667	0.5	8.554650
117.150000	0.5	8.572100
117.158333	0.5	8.560450
117.166667	0.5	8.557100
117.175000	0.5	8.562600
117.183333	0.5	8.568700
117.191667	0.5	8.568900
117.200000	0.5	8.549650
117.208333	0.5	8.548200
117.216667	0.5	8.551950
117.225000	0.5	8.541950
117.233333	0.5	8.533000
117.241667	0.5	8.545600
117.250000	0.5	8.543050
117.258333	0.5	8.545400
117.266667	0.5	8.545200
117.275000	0.5	8.531800
117.283333	0.5	8.540550
117.291667	0.5	8.533500
117.300000	0.5	8.524250
117.308333	0.5	8.518500
117.316667	0.5	8.520450
117.325000	0.5	8.517850
117.333333	0.5	8.518350
117.341667	0.5	8.508850
117.350000	0.5	8.513150
117.358333	0.5	8.524750
117.366667	0.5	8.525350
117.375000	0.5	8.509000
117.383333	0.5	8.506950
117.391667	0.5	8.505100
117.400000	0.5	8.515650
117.408333	0.5	8.504050
117.416667	0.5	8.505050
117.425000	0.5	8.510550
117.433333	0.5	8.500650
117.441667	0.5	8.506000
117.450000	0.5	8.511050
117.458333	0.5	8.522350
117.466667	0.5	8.511650
117.475000	0.5	8.509200
117.483333	0.5	8.506700
117.491667	0.5	8.502900
117.500000	0.5	8.497500
117.508333	0.5	8.516650
117.516667	0.5	8.507550
117.525000	0.5	8.518000
117.533333	0.5	8.521500
117.541667	0.5	8.513300
117.550000	0.5	8.535650
117.558333	0.5	8.538250
117.566667	0.5	8.541250
117.575000	0.5	8.546800
117.583333	0.5	8.547450
117.591667	0.5	8.557550
117.600000	0.5	8.567600
117.608333	0.5	8.579550
117.616667	0.5	8.588850
117.625000	0.5	8.597900
117.633333	0.5	8.612350
117.641667	0.5	8.620300
117.650000	0.5	8.635000
117.658333	0.5	8.651550
117.666667	0.5	8.649200
117.675000	0.5	8.674750
117.683333	0.5	8.684400
117.691667	0.5	8.696100
117.700000	0.5	8.714650
117.708333	0.5	8.731200
117.716667	0.5	8.738450
117.725000	0.5	8.765400
117.733333	0.5	8.786550
117.741667	0.5	8.803250
117.750000	0.5	8.817500
117.758333	0.5	8.842000
117.766667	0.5	8.862600
117.775000	0.5	8.892950
117.783333	0.5	8.908950
117.791667	0.5	8.931500
117.800000	0.5	8.957350
117.808333	0.5	8.982750
117.816667	0.5	9.003200
117.825000	0.5	9.036050
117.833333	0.5	9.054600
117.841667	0.5	9.097600
117.850000	0.5	9.134550
117.858333	0.5	9.158450
117.866667	0.5	9.208650
117.875000	0.5	9.240400
117.883333	0.5	9.263250
117.891667	0.5	9.314150
117.900000	0.5	9.344800
117.908333	0.5	9.399650
117.916667	0.5	9.425100
117.925000	0.5	9.480100
117.933333	0.5	9.534800
117.941667	0.5	9.573050
117.950000	0.5	9.631750
117.958333	0.5	9.666850
117.966667	0.5	9.749800
117.975000	0.5	9.785700
117.983333	0.5	9.838750
117.991667	0.5	9.907650
118.000000	0.5	9.973850
118.008333	0.5	10.034950
118.016667	0.5	10.106300
118.025000	0.5	10.174050
118.033333	0.5	10.247000
118.041667	0.5	10.320450
118.050000	0.5	10.390600
118.058333	0.5	10.468350
118.066667	0.5	10.552850
118.075000	0.5	10.629650
118.083333	0.5	10.720550
118.091667	0.5	10.790400
118.100000	0.5	10.878400
118.108333	0.5	10.970650
118.116667	0.5	11.060850
118.125000	0.5	11.148700
118.133333	0.5	11.231650
118.141667	0.5	11.322850
118.150000	0.5	11.406300
118.158333	0.5	11.486600
118.166667	0.5	11.569100
118.175000	0.5	11.657750
118.183333	0.5	11.748550
118.191667	0.5	11.828400
118.200000	0.5	11.898700
118.208333	0.5	11.982800
118.216667	0.5	12.043050
118.225000	0.5	12.127250
118.233333	0.5	12.187150
118.241667	0.5	12.260450
118.250000	0.5	12.324350
118.258333	0.5	12.370200
118.266667	0.5	12.441400
118.275000	0.5	12.494750
118.283333	0.5	12.549950
118.291667	0.5	12.602400
118.300000	0.5	12.644850
118.308333	0.5	12.690950
118.316667	0.5	12.731700
118.325000	0.5	12.779400
118.333333	0.5	12.796650
118.341667	0.5	12.839400
118.350000	0.5	12.863950
118.358333	0.5	12.892200
118.366667	0.5	12.916100
118.375000	0.5	12.932900
118.383333	0.5	12.949000
118.391667	0.5	12.956700
118.400000	0.5	12.974100
118.408333	0.5	12.984550
118.416667	0.5	12.992200
118.425000	0.5	12.994400
118.433333	0.5	13.001150
118.441667	0.5	13.012550
118.450000	0.5	12.995200
118.458333	0.5	12.996800
118.466667	0.5	12.994350
118.475000	0.5	12.990900
118.483333	0.5	12.959000
118.491667	0.5	12.936350
118.500000	0.5	12.913500
118.508333	0.5	12.883650
118.516667	0.5	12.858700
118.525000	0.5	12.810850
118.533333	0.5	12.767650
118.541667	0.5	12.723900
118.550000	0.5	12.661850
118.558333	0.5	12.598100
118.566667	0.5	12.526050
118.575000	0.5	12.447350
118.583333	0.5	12.377050
118.591667	0.5	12.273550
118.600000	0.5	12.173150
118.608333	0.5	12.074550
118.616667	0.5	11.971250
118.625000	0.5	11.836300
118.633333	0.5	11.733950
118.641667	0.5	11.620250
118.650000	0.5	11.515350
118.658333	0.5	11.381750
118.666667	0.5	11.273650
118.675000	0.5	11.174900
118.683333	0.5	11.066400
118.691667	0.5	10.952950
118.700000	0.5	10.882750
118.708333	0.5	10.803400
118.716667	0.5	10.723000
118.725000	0.5	10.646650
118.733333	0.5	10.599050
118.741667	0.5	10.538700
118.750000	0.5	10.502000
118.758333	0.5	10.449650
118.766667	0.5	10.406950
118.775000	0.5	10.360100
118.783333	0.5	10.334100
118.791667	0.5	10.297250
118.800000	0.5	10.273500
118.808333	0.5	10.237650
118.816667	0.5	10.213300
118.825000	0.5	10.201650
118.833333	0.5	10.182750
118.841667	0.5	10.172200
118.850000	0.5	10.148850
118.858333	0.5	10.126750
118.866667	0.5	10.133300
118.875000	0.5	10.087500
118.883333	0.5	10.088300
118.891667	0.5	10.072550
118.900000	0.5	10.071000
118.908333	0.5	10.048850
118.916667	0.5	10.032800
118.925000	0.5	10.018400
118.933333	0.5	10.004250
118.941667	0.5	9.999700
118.950000	0.5	9.979550
118.958333	0.5	9.971700
118.966667	0.5	9.960400
118.975000	0.5	9.943300
118.983333	0.5	9.938550
118.991667	0.5	9.927850
119.000000	0.5	9.905800
119.008333	0.5	9.903700
119.016667	0.5	9.894850
119.025000	0.5	9.872150
119.033333	0.5	9.860100
119.041667	0.5	9.863750
119.050000	0.5	9.850200
119.058333	0.5	9.824800
119.066667	0.5	9.817800
119.075000	0.5	9.807000
119.083333	0.5	9.797550
119.091667	0.5	9.774500
119.100000	0.5	9.775100
119.108333	0.5	9.772900
119.116667	0.5	9.752950
119.125000	0.5	9.739600
119.133333	0.5	9.730900
119.141667	0.5	9.733800
119.150000	0.5	9.709100
119.158333	0.5	9.701200
119.166667	0.5	9.699800
119.175000	0.5	9.690050
119.183333	0.5	9.674400
119.191667	0.5	9.666900
119.200000	0.5	9.658100
119.208333	0.5	9.646500
119.216667	0.5	9.627950
119.225000	0.5	9.613550
119.233333	0.5	9.602250
119.241667	0.5	9.600600
119.250000	0.5	9.587000
119.258333	0.5	9.584350
119.266667	0.5	9.576400
119.275000	0.5	9.574200
119.283333	0.5	9.573650
119.291667	0.5	9.568650
119.300000	0.5	9.572350
119.308333	0.5	9.565700
119.316667	0.5	9.559300
119.325000	0.5	9.559350
119.333333	0.5	9.562700
119.341667	0.5	9.562200
119.350000	0.5	9.565200
119.358333	0.5	9.570850
119.366667	0.5	9.559150
119.375000	0.5	9.556400
119.383333	0.5	9.559500
119.391667	0.5	9.561650
119.400000	0.5	9.545900
119.408333	0.5	9.549750
119.416667	0.5	9.521500
119.425000	0.5	9.508100
119.433333	0.5	9.483100
119.441667	0.5	9.484100
119.450000	0.5	9.470400
119.458333	0.5	9.456050
119.466667	0.5	9.461050
119.475000	0.5	9.437200
119.483333	0.5	9.443150
119.491667	0.5	9.432150
119.500000	0.5	9.421000
119.508333	0.5	9.423350
119.516667	0.5	9.416150
119.525000	0.5	9.417050
119.533333	0.5	9.420100
119.541667	0.5	9.423550
119.550000	0.5	9.433500
119.558333	0.5	9.441600
119.566667	0.5	9.447700
119.575000	0.5	9.445600
119.583333	0.5	9.453100
119.591667	0.5	9.462750
119.600000	0.5	9.469900
119.608333	0.5	9.464550
119.616667	0.5	9.479900
119.625000	0.5	9.467900
119.633333	0.5	9.474800
119.641667	0.5	9.465850
119.650000	0.5	9.477850
119.658333	0.5	9.486700
119.666667	0.5	9.484500
119.675000	0.5	9.490400
119.683333	0.5	9.495900
119.691667	0.5	9.520800
119.700000	0.5	9.525100
119.708333	0.5	9.545650
119.716667	0.5	9.550850
119.725000	0.5	9.576350
119.733333	0.5	9.572500
119.741667	0.5	9.591900
119.750000	0.5	9.632100
119.758333	0.5	9.635450
119.766667	0.5	9.647450
119.775000	0.5	9.680150
119.783333	0.5	9.683800
119.791667	0.5	9.704900
119.800000	0.5	9.719500
119.808333	0.5	9.748700
119.816667	0.5	9.756050
119.825000	0.5	9.769850
119.833333	0.5	9.770200
119.841667	0.5	9.778250
119.850000	0.5	9.778950
119.858333	0.5	9.774300
119.866667	0.5	9.788250
119.875000	0.5	9.762800
119.883333	0.5	9.764350
119.891667	0.5	9.732700
119.900000	0.5	9.726400
119.908333	0.5	9.714250
119.916667	0.5	9.702850
119.925000	0.5	9.690650
119.933333	0.5	9.678900
119.941667	0.5	9.678600
119.950000	0.5	9.666750
119.958333	0.5	9.652250
119.966667	0.5	9.656100
119.975000	0.5	9.661650
119.983333	0.5	9.644200
119.991667	0.5	9.646850
120.000000	0.5	9.651150
