URL	chrom://arspawyn4ahlab1/ChromeleonLocal/Instrument Data/ICS3000/2025_Feb 11.seq/327.smp/ED_1.channel/ED_1.chm
Channel	ED_1

Injection Information:
Data Vault	ChromeleonLocal
Sequence	2025_Feb 11
Name	12-C1 Alex
Number	28
Position	RD4
Comment	
Processing Method	Quantitative
Instrument Method	Neutral Oligosaccharides V ICS 3000
Type	Unknown
Status	Finished
Inject Time	2/13/2025 11:09:20 PM -05:00
Volume (µl)	25.0000
Dilution Factor	1.0000
Weight	1.0000

Chromatogram Data Information:
Time Min. (min)	0.000000
Time Max. (min)	120.000000
Data Points	14401
Detector	EDet1
Generating Data System	Chromeleon 7.3.0.60919
Exporting Data System	Chromeleon 7.3.0.0
Operator	Instrument Controller
Signal Quantity	
Signal Unit	nC
Signal Min.	-0.094700
Signal Max.	57.045301
Channel	ED_1
Driver Name	DC-3000
Channel Type	Evaluation
Min. Step (s)	0.5
Max. Step (s)	0.5
Average Step (s)	0.5

Signal Parameter Information:
Signal Info	

Chromatogram Data:
Time (min)	Step (s)	Value (nC)
0.000000	n.a.	0.017350
0.008333	0.5	0.010600
0.016667	0.5	0.002050
0.025000	0.5	-0.003000
0.033333	0.5	-0.006950
0.041667	0.5	-0.009050
0.050000	0.5	-0.009850
0.058333	0.5	-0.010000
0.066667	0.5	-0.007300
0.075000	0.5	-0.007250
0.083333	0.5	-0.006250
0.091667	0.5	-0.002850
0.100000	0.5	-0.008350
0.108333	0.5	-0.016700
0.116667	0.5	-0.021000
0.125000	0.5	-0.022500
0.133333	0.5	-0.023250
0.141667	0.5	-0.023800
0.150000	0.5	-0.022650
0.158333	0.5	-0.017300
0.166667	0.5	-0.013800
0.175000	0.5	-0.016650
0.183333	0.5	-0.010950
0.191667	0.5	-0.014200
0.200000	0.5	-0.021700
0.208333	0.5	-0.025850
0.216667	0.5	-0.029300
0.225000	0.5	-0.029900
0.233333	0.5	-0.030100
0.241667	0.5	-0.029400
0.250000	0.5	-0.027650
0.258333	0.5	-0.024900
0.266667	0.5	-0.025450
0.275000	0.5	-0.021450
0.283333	0.5	-0.018400
0.291667	0.5	-0.024000
0.300000	0.5	-0.032050
0.308333	0.5	-0.035350
0.316667	0.5	-0.037400
0.325000	0.5	-0.037950
0.333333	0.5	-0.038050
0.341667	0.5	-0.037350
0.350000	0.5	-0.034500
0.358333	0.5	-0.030800
0.366667	0.5	-0.031900
0.375000	0.5	-0.026750
0.383333	0.5	-0.028600
0.391667	0.5	-0.035550
0.400000	0.5	-0.043100
0.408333	0.5	-0.044800
0.416667	0.5	-0.047100
0.425000	0.5	-0.047000
0.433333	0.5	-0.047100
0.441667	0.5	-0.044250
0.450000	0.5	-0.039200
0.458333	0.5	-0.038600
0.466667	0.5	-0.035950
0.475000	0.5	-0.033850
0.483333	0.5	-0.039500
0.491667	0.5	-0.044500
0.500000	0.5	-0.049300
0.508333	0.5	-0.050750
0.516667	0.5	-0.050700
0.525000	0.5	-0.050700
0.533333	0.5	-0.048700
0.541667	0.5	-0.045000
0.550000	0.5	-0.042300
0.558333	0.5	-0.041100
0.566667	0.5	-0.036050
0.575000	0.5	-0.038150
0.583333	0.5	-0.044300
0.591667	0.5	-0.049200
0.600000	0.5	-0.050850
0.608333	0.5	-0.053000
0.616667	0.5	-0.051600
0.625000	0.5	-0.050100
0.633333	0.5	-0.047850
0.641667	0.5	-0.042700
0.650000	0.5	-0.041550
0.658333	0.5	-0.040500
0.666667	0.5	-0.037400
0.675000	0.5	-0.043950
0.683333	0.5	-0.050150
0.691667	0.5	-0.053900
0.700000	0.5	-0.054000
0.708333	0.5	-0.056550
0.716667	0.5	-0.056100
0.725000	0.5	-0.053850
0.733333	0.5	-0.051300
0.741667	0.5	-0.049050
0.750000	0.5	-0.048900
0.758333	0.5	-0.042950
0.766667	0.5	-0.046750
0.775000	0.5	-0.053850
0.783333	0.5	-0.059350
0.791667	0.5	-0.058550
0.800000	0.5	-0.062750
0.808333	0.5	-0.063850
0.816667	0.5	-0.062050
0.825000	0.5	-0.061450
0.833333	0.5	-0.056300
0.841667	0.5	-0.056000
0.850000	0.5	-0.054750
0.858333	0.5	-0.051700
0.866667	0.5	-0.058000
0.875000	0.5	-0.065250
0.883333	0.5	-0.069800
0.891667	0.5	-0.071900
0.900000	0.5	-0.071150
0.908333	0.5	-0.070300
0.916667	0.5	-0.069100
0.925000	0.5	-0.066250
0.933333	0.5	-0.063000
0.941667	0.5	-0.064500
0.950000	0.5	-0.059850
0.958333	0.5	-0.062650
0.966667	0.5	-0.069750
0.975000	0.5	-0.075600
0.983333	0.5	-0.075450
0.991667	0.5	-0.076250
1.000000	0.5	-0.076750
1.008333	0.5	-0.075300
1.016667	0.5	-0.074300
1.025000	0.5	-0.070600
1.033333	0.5	-0.070250
1.041667	0.5	-0.066800
1.050000	0.5	-0.064650
1.058333	0.5	-0.069700
1.066667	0.5	-0.075400
1.075000	0.5	-0.079500
1.083333	0.5	-0.080650
1.091667	0.5	-0.081800
1.100000	0.5	-0.080400
1.108333	0.5	-0.078700
1.116667	0.5	-0.076950
1.125000	0.5	-0.071750
1.133333	0.5	-0.071650
1.141667	0.5	-0.067800
1.150000	0.5	-0.070950
1.158333	0.5	-0.077850
1.166667	0.5	-0.083600
1.175000	0.5	-0.084750
1.183333	0.5	-0.086400
1.191667	0.5	-0.085950
1.200000	0.5	-0.085800
1.208333	0.5	-0.082650
1.216667	0.5	-0.079250
1.225000	0.5	-0.079350
1.233333	0.5	-0.076850
1.241667	0.5	-0.073550
1.250000	0.5	-0.078350
1.258333	0.5	-0.087450
1.266667	0.5	-0.089150
1.275000	0.5	-0.090900
1.283333	0.5	-0.092350
1.291667	0.5	-0.090900
1.300000	0.5	-0.088250
1.308333	0.5	-0.084700
1.316667	0.5	-0.082050
1.325000	0.5	-0.081850
1.333333	0.5	-0.075200
1.341667	0.5	-0.077100
1.350000	0.5	-0.085650
1.358333	0.5	-0.091400
1.366667	0.5	-0.093050
1.375000	0.5	-0.092200
1.383333	0.5	-0.092150
1.391667	0.5	-0.090050
1.400000	0.5	-0.087950
1.408333	0.5	-0.083100
1.416667	0.5	-0.080800
1.425000	0.5	-0.077800
1.433333	0.5	-0.074150
1.441667	0.5	-0.080850
1.450000	0.5	-0.088400
1.458333	0.5	-0.090150
1.466667	0.5	-0.091200
1.475000	0.5	-0.091750
1.483333	0.5	-0.091600
1.491667	0.5	-0.089800
1.500000	0.5	-0.085050
1.508333	0.5	-0.082250
1.516667	0.5	-0.081200
1.525000	0.5	-0.075400
1.533333	0.5	-0.078600
1.541667	0.5	-0.083150
1.550000	0.5	-0.091550
1.558333	0.5	-0.093350
1.566667	0.5	-0.092600
1.575000	0.5	-0.092550
1.583333	0.5	-0.091700
1.591667	0.5	-0.088400
1.600000	0.5	-0.084250
1.608333	0.5	-0.083900
1.616667	0.5	-0.080250
1.625000	0.5	-0.077700
1.633333	0.5	-0.085350
1.641667	0.5	-0.091450
1.650000	0.5	-0.093600
1.658333	0.5	-0.094700
1.666667	0.5	-0.093350
1.675000	0.5	-0.086750
1.683333	0.5	-0.054500
1.691667	0.5	0.057000
1.700000	0.5	0.296450
1.708333	0.5	0.651350
1.716667	0.5	1.082050
1.725000	0.5	1.573500
1.733333	0.5	2.131700
1.741667	0.5	2.736750
1.750000	0.5	3.373150
1.758333	0.5	4.022350
1.766667	0.5	4.684150
1.775000	0.5	5.318400
1.783333	0.5	5.881750
1.791667	0.5	6.262250
1.800000	0.5	6.434500
1.808333	0.5	6.468800
1.816667	0.5	6.444600
1.825000	0.5	6.374600
1.833333	0.5	6.289450
1.841667	0.5	6.188900
1.850000	0.5	6.039950
1.858333	0.5	5.780750
1.866667	0.5	5.406250
1.875000	0.5	4.986750
1.883333	0.5	4.561650
1.891667	0.5	4.120000
1.900000	0.5	3.738450
1.908333	0.5	3.442200
1.916667	0.5	3.214400
1.925000	0.5	3.044850
1.933333	0.5	2.940450
1.941667	0.5	2.912850
1.950000	0.5	3.010050
1.958333	0.5	3.296800
1.966667	0.5	3.798650
1.975000	0.5	4.459500
1.983333	0.5	5.230250
1.991667	0.5	6.099750
2.000000	0.5	7.055100
2.008333	0.5	8.022000
2.016667	0.5	8.861200
2.025000	0.5	9.459200
2.033333	0.5	9.769400
2.041667	0.5	9.795300
2.050000	0.5	9.586350
2.058333	0.5	9.200250
2.066667	0.5	8.701250
2.075000	0.5	8.137250
2.083333	0.5	7.538550
2.091667	0.5	6.925750
2.100000	0.5	6.318450
2.108333	0.5	5.714650
2.116667	0.5	5.136200
2.125000	0.5	4.603350
2.133333	0.5	4.132850
2.141667	0.5	3.737150
2.150000	0.5	3.418050
2.158333	0.5	3.177350
2.166667	0.5	3.013950
2.175000	0.5	2.908200
2.183333	0.5	2.837250
2.191667	0.5	2.782750
2.200000	0.5	2.728500
2.208333	0.5	2.654650
2.216667	0.5	2.564200
2.225000	0.5	2.461400
2.233333	0.5	2.350650
2.241667	0.5	2.241050
2.250000	0.5	2.140700
2.258333	0.5	2.052550
2.266667	0.5	1.975700
2.275000	0.5	1.902850
2.283333	0.5	1.833050
2.291667	0.5	1.764650
2.300000	0.5	1.690900
2.308333	0.5	1.607950
2.316667	0.5	1.520650
2.325000	0.5	1.436700
2.333333	0.5	1.361400
2.341667	0.5	1.299350
2.350000	0.5	1.257900
2.358333	0.5	1.235300
2.366667	0.5	1.229350
2.375000	0.5	1.235650
2.383333	0.5	1.250600
2.391667	0.5	1.272400
2.400000	0.5	1.288150
2.408333	0.5	1.296850
2.416667	0.5	1.299600
2.425000	0.5	1.295300
2.433333	0.5	1.295150
2.441667	0.5	1.273750
2.450000	0.5	1.260800
2.458333	0.5	1.247900
2.466667	0.5	1.236200
2.475000	0.5	1.225850
2.483333	0.5	1.221850
2.491667	0.5	1.218150
2.500000	0.5	1.214000
2.508333	0.5	1.203500
2.516667	0.5	1.187800
2.525000	0.5	1.167800
2.533333	0.5	1.143100
2.541667	0.5	1.119350
2.550000	0.5	1.095050
2.558333	0.5	1.075200
2.566667	0.5	1.058350
2.575000	0.5	1.040500
2.583333	0.5	1.024900
2.591667	0.5	1.003950
2.600000	0.5	0.980500
2.608333	0.5	0.960150
2.616667	0.5	0.942600
2.625000	0.5	0.931150
2.633333	0.5	0.926600
2.641667	0.5	0.934850
2.650000	0.5	0.955400
2.658333	0.5	0.981150
2.666667	0.5	1.007300
2.675000	0.5	1.030150
2.683333	0.5	1.048250
2.691667	0.5	1.058150
2.700000	0.5	1.068900
2.708333	0.5	1.083650
2.716667	0.5	1.101750
2.725000	0.5	1.129000
2.733333	0.5	1.168950
2.741667	0.5	1.219450
2.750000	0.5	1.276350
2.758333	0.5	1.331350
2.766667	0.5	1.376550
2.775000	0.5	1.403200
2.783333	0.5	1.404200
2.791667	0.5	1.380150
2.800000	0.5	1.338550
2.808333	0.5	1.286200
2.816667	0.5	1.230700
2.825000	0.5	1.178850
2.833333	0.5	1.136050
2.841667	0.5	1.104650
2.850000	0.5	1.083100
2.858333	0.5	1.066850
2.866667	0.5	1.064850
2.875000	0.5	1.064250
2.883333	0.5	1.067850
2.891667	0.5	1.078800
2.900000	0.5	1.097550
2.908333	0.5	1.117700
2.916667	0.5	1.141350
2.925000	0.5	1.166300
2.933333	0.5	1.192550
2.941667	0.5	1.219350
2.950000	0.5	1.246800
2.958333	0.5	1.276200
2.966667	0.5	1.306500
2.975000	0.5	1.335900
2.983333	0.5	1.366050
2.991667	0.5	1.398800
3.000000	0.5	1.433900
3.008333	0.5	1.469000
3.016667	0.5	1.503050
3.025000	0.5	1.532400
3.033333	0.5	1.556450
3.041667	0.5	1.574650
3.050000	0.5	1.582750
3.058333	0.5	1.586500
3.066667	0.5	1.577400
3.075000	0.5	1.563300
3.083333	0.5	1.544750
3.091667	0.5	1.530150
3.100000	0.5	1.516850
3.108333	0.5	1.509850
3.116667	0.5	1.511250
3.125000	0.5	1.524900
3.133333	0.5	1.553650
3.141667	0.5	1.593650
3.150000	0.5	1.649300
3.158333	0.5	1.720550
3.166667	0.5	1.802600
3.175000	0.5	1.897800
3.183333	0.5	2.002800
3.191667	0.5	2.113050
3.200000	0.5	2.218750
3.208333	0.5	2.315700
3.216667	0.5	2.399450
3.225000	0.5	2.467450
3.233333	0.5	2.518450
3.241667	0.5	2.547950
3.250000	0.5	2.551600
3.258333	0.5	2.516600
3.266667	0.5	2.436950
3.275000	0.5	2.329250
3.283333	0.5	2.230000
3.291667	0.5	2.163250
3.300000	0.5	2.130750
3.308333	0.5	2.130050
3.316667	0.5	2.149100
3.325000	0.5	2.181300
3.333333	0.5	2.217650
3.341667	0.5	2.257450
3.350000	0.5	2.294350
3.358333	0.5	2.324250
3.366667	0.5	2.351100
3.375000	0.5	2.378800
3.383333	0.5	2.404150
3.391667	0.5	2.426100
3.400000	0.5	2.444800
3.408333	0.5	2.462400
3.416667	0.5	2.477050
3.425000	0.5	2.486900
3.433333	0.5	2.492500
3.441667	0.5	2.498450
3.450000	0.5	2.496350
3.458333	0.5	2.488600
3.466667	0.5	2.479650
3.475000	0.5	2.471450
3.483333	0.5	2.465200
3.491667	0.5	2.457600
3.500000	0.5	2.451500
3.508333	0.5	2.446200
3.516667	0.5	2.441950
3.525000	0.5	2.436900
3.533333	0.5	2.435350
3.541667	0.5	2.432250
3.550000	0.5	2.424800
3.558333	0.5	2.418850
3.566667	0.5	2.415900
3.575000	0.5	2.415800
3.583333	0.5	2.418000
3.591667	0.5	2.421450
3.600000	0.5	2.426050
3.608333	0.5	2.430450
3.616667	0.5	2.435550
3.625000	0.5	2.438550
3.633333	0.5	2.443900
3.641667	0.5	2.443100
3.650000	0.5	2.438800
3.658333	0.5	2.433650
3.666667	0.5	2.429900
3.675000	0.5	2.424450
3.683333	0.5	2.417550
3.691667	0.5	2.409250
3.700000	0.5	2.400550
3.708333	0.5	2.387850
3.716667	0.5	2.368300
3.725000	0.5	2.349700
3.733333	0.5	2.328450
3.741667	0.5	2.298750
3.750000	0.5	2.267800
3.758333	0.5	2.239000
3.766667	0.5	2.212600
3.775000	0.5	2.189000
3.783333	0.5	2.168300
3.791667	0.5	2.152700
3.800000	0.5	2.143000
3.808333	0.5	2.133050
3.816667	0.5	2.126550
3.825000	0.5	2.127150
3.833333	0.5	2.123000
3.841667	0.5	2.117400
3.850000	0.5	2.113300
3.858333	0.5	2.115500
3.866667	0.5	2.114500
3.875000	0.5	2.115500
3.883333	0.5	2.116700
3.891667	0.5	2.118750
3.900000	0.5	2.122950
3.908333	0.5	2.124000
3.916667	0.5	2.127350
3.925000	0.5	2.128500
3.933333	0.5	2.125400
3.941667	0.5	2.120050
3.950000	0.5	2.119050
3.958333	0.5	2.117900
3.966667	0.5	2.117250
3.975000	0.5	2.117250
3.983333	0.5	2.119800
3.991667	0.5	2.122850
4.000000	0.5	2.124750
4.008333	0.5	2.128950
4.016667	0.5	2.133550
4.025000	0.5	2.132200
4.033333	0.5	2.127250
4.041667	0.5	2.127100
4.050000	0.5	2.129300
4.058333	0.5	2.131800
4.066667	0.5	2.135300
4.075000	0.5	2.138050
4.083333	0.5	2.142700
4.091667	0.5	2.145100
4.100000	0.5	2.146900
4.108333	0.5	2.150250
4.116667	0.5	2.148850
4.125000	0.5	2.141950
4.133333	0.5	2.132600
4.141667	0.5	2.126250
4.150000	0.5	2.117750
4.158333	0.5	2.111000
4.166667	0.5	2.104200
4.175000	0.5	2.096300
4.183333	0.5	2.090450
4.191667	0.5	2.082750
4.200000	0.5	2.074850
4.208333	0.5	2.067400
4.216667	0.5	2.054700
4.225000	0.5	2.040000
4.233333	0.5	2.029050
4.241667	0.5	2.020150
4.250000	0.5	2.013200
4.258333	0.5	2.006150
4.266667	0.5	2.001850
4.275000	0.5	1.999550
4.283333	0.5	1.997950
4.291667	0.5	1.992450
4.300000	0.5	1.988950
4.308333	0.5	1.983650
4.316667	0.5	1.971900
4.325000	0.5	1.960150
4.333333	0.5	1.953400
4.341667	0.5	1.947850
4.350000	0.5	1.942500
4.358333	0.5	1.939700
4.366667	0.5	1.938950
4.375000	0.5	1.939750
4.383333	0.5	1.940050
4.391667	0.5	1.941150
4.400000	0.5	1.945400
4.408333	0.5	1.942750
4.416667	0.5	1.938500
4.425000	0.5	1.937800
4.433333	0.5	1.940000
4.441667	0.5	1.942700
4.450000	0.5	1.945350
4.458333	0.5	1.946650
4.466667	0.5	1.951750
4.475000	0.5	1.953700
4.483333	0.5	1.952900
4.491667	0.5	1.954150
4.500000	0.5	1.949100
4.508333	0.5	1.938850
4.516667	0.5	1.926400
4.525000	0.5	1.918250
4.533333	0.5	1.908050
4.541667	0.5	1.899500
4.550000	0.5	1.890350
4.558333	0.5	1.883350
4.566667	0.5	1.876500
4.575000	0.5	1.869450
4.583333	0.5	1.862600
4.591667	0.5	1.857900
4.600000	0.5	1.847200
4.608333	0.5	1.833300
4.616667	0.5	1.826050
4.625000	0.5	1.822300
4.633333	0.5	1.820850
4.641667	0.5	1.826000
4.650000	0.5	1.832450
4.658333	0.5	1.842350
4.666667	0.5	1.853000
4.675000	0.5	1.861950
4.683333	0.5	1.874100
4.691667	0.5	1.880900
4.700000	0.5	1.881950
4.708333	0.5	1.881200
4.716667	0.5	1.883000
4.725000	0.5	1.885200
4.733333	0.5	1.886000
4.741667	0.5	1.885900
4.750000	0.5	1.885050
4.758333	0.5	1.883900
4.766667	0.5	1.880000
4.775000	0.5	1.874000
4.783333	0.5	1.870900
4.791667	0.5	1.857350
4.800000	0.5	1.842000
4.808333	0.5	1.830200
4.816667	0.5	1.821050
4.825000	0.5	1.809850
4.833333	0.5	1.800450
4.841667	0.5	1.791450
4.850000	0.5	1.784900
4.858333	0.5	1.779850
4.866667	0.5	1.772450
4.875000	0.5	1.768650
4.883333	0.5	1.763250
4.891667	0.5	1.750400
4.900000	0.5	1.738400
4.908333	0.5	1.729550
4.916667	0.5	1.722300
4.925000	0.5	1.716350
4.933333	0.5	1.710800
4.941667	0.5	1.705800
4.950000	0.5	1.702950
4.958333	0.5	1.697700
4.966667	0.5	1.692600
4.975000	0.5	1.689800
4.983333	0.5	1.679400
4.991667	0.5	1.666500
5.000000	0.5	1.657900
5.008333	0.5	1.650700
5.016667	0.5	1.645300
5.025000	0.5	1.640200
5.033333	0.5	1.638150
5.041667	0.5	1.637400
5.050000	0.5	1.638150
5.058333	0.5	1.633950
5.066667	0.5	1.634750
5.075000	0.5	1.634450
5.083333	0.5	1.625300
5.091667	0.5	1.618750
5.100000	0.5	1.617600
5.108333	0.5	1.612150
5.116667	0.5	1.610650
5.125000	0.5	1.610250
5.133333	0.5	1.610000
5.141667	0.5	1.610700
5.150000	0.5	1.610050
5.158333	0.5	1.608350
5.166667	0.5	1.610200
5.175000	0.5	1.602450
5.183333	0.5	1.592000
5.191667	0.5	1.584750
5.200000	0.5	1.580550
5.208333	0.5	1.576300
5.216667	0.5	1.574750
5.225000	0.5	1.572350
5.233333	0.5	1.571550
5.241667	0.5	1.572450
5.250000	0.5	1.570500
5.258333	0.5	1.572100
5.266667	0.5	1.568900
5.275000	0.5	1.560750
5.283333	0.5	1.552450
5.291667	0.5	1.548800
5.300000	0.5	1.546250
5.308333	0.5	1.544750
5.316667	0.5	1.544550
5.325000	0.5	1.544650
5.333333	0.5	1.545850
5.341667	0.5	1.546200
5.350000	0.5	1.545050
5.358333	0.5	1.546800
5.366667	0.5	1.539850
5.375000	0.5	1.530900
5.383333	0.5	1.524750
5.391667	0.5	1.523250
5.400000	0.5	1.519800
5.408333	0.5	1.517500
5.416667	0.5	1.517650
5.425000	0.5	1.516850
5.433333	0.5	1.518150
5.441667	0.5	1.517400
5.450000	0.5	1.520400
5.458333	0.5	1.519300
5.466667	0.5	1.512700
5.475000	0.5	1.505800
5.483333	0.5	1.502550
5.491667	0.5	1.501250
5.500000	0.5	1.500100
5.508333	0.5	1.500350
5.516667	0.5	1.501300
5.525000	0.5	1.503400
5.533333	0.5	1.504600
5.541667	0.5	1.503900
5.550000	0.5	1.507350
5.558333	0.5	1.502450
5.566667	0.5	1.494150
5.575000	0.5	1.492100
5.583333	0.5	1.489700
5.591667	0.5	1.489050
5.600000	0.5	1.488250
5.608333	0.5	1.489900
5.616667	0.5	1.492700
5.625000	0.5	1.496950
5.633333	0.5	1.497100
5.641667	0.5	1.503550
5.650000	0.5	1.502950
5.658333	0.5	1.498000
5.666667	0.5	1.493950
5.675000	0.5	1.494250
5.683333	0.5	1.495000
5.691667	0.5	1.496900
5.700000	0.5	1.500050
5.708333	0.5	1.503300
5.716667	0.5	1.508250
5.725000	0.5	1.511700
5.733333	0.5	1.512100
5.741667	0.5	1.517000
5.750000	0.5	1.512300
5.758333	0.5	1.504650
5.766667	0.5	1.499800
5.775000	0.5	1.496750
5.783333	0.5	1.494500
5.791667	0.5	1.493100
5.800000	0.5	1.491650
5.808333	0.5	1.493050
5.816667	0.5	1.494350
5.825000	0.5	1.491150
5.833333	0.5	1.492250
5.841667	0.5	1.488650
5.850000	0.5	1.481900
5.858333	0.5	1.473100
5.866667	0.5	1.471050
5.875000	0.5	1.469100
5.883333	0.5	1.466400
5.891667	0.5	1.464800
5.900000	0.5	1.468450
5.908333	0.5	1.469050
5.916667	0.5	1.468300
5.925000	0.5	1.469800
5.933333	0.5	1.471450
5.941667	0.5	1.466650
5.950000	0.5	1.458200
5.958333	0.5	1.454600
5.966667	0.5	1.452500
5.975000	0.5	1.453050
5.983333	0.5	1.452450
5.991667	0.5	1.452400
6.000000	0.5	1.456900
6.008333	0.5	1.461450
6.016667	0.5	1.460800
6.025000	0.5	1.465100
6.033333	0.5	1.463900
6.041667	0.5	1.459850
6.050000	0.5	1.455150
6.058333	0.5	1.455750
6.066667	0.5	1.456900
6.075000	0.5	1.458500
6.083333	0.5	1.460500
6.091667	0.5	1.463200
6.100000	0.5	1.468550
6.108333	0.5	1.470300
6.116667	0.5	1.474000
6.125000	0.5	1.477450
6.133333	0.5	1.472550
6.141667	0.5	1.466650
6.150000	0.5	1.463950
6.158333	0.5	1.463650
6.166667	0.5	1.463000
6.175000	0.5	1.462900
6.183333	0.5	1.464450
6.191667	0.5	1.467800
6.200000	0.5	1.469550
6.208333	0.5	1.470200
6.216667	0.5	1.474900
6.225000	0.5	1.474450
6.233333	0.5	1.468500
6.241667	0.5	1.462100
6.250000	0.5	1.461650
6.258333	0.5	1.462400
6.266667	0.5	1.461750
6.275000	0.5	1.462800
6.283333	0.5	1.466600
6.291667	0.5	1.470150
6.300000	0.5	1.473600
6.308333	0.5	1.475250
6.316667	0.5	1.479250
6.325000	0.5	1.474450
6.333333	0.5	1.467850
6.341667	0.5	1.467750
6.350000	0.5	1.466850
6.358333	0.5	1.467150
6.366667	0.5	1.468200
6.375000	0.5	1.470700
6.383333	0.5	1.474400
6.391667	0.5	1.478350
6.400000	0.5	1.479150
6.408333	0.5	1.485700
6.416667	0.5	1.486250
6.425000	0.5	1.482250
6.433333	0.5	1.478700
6.441667	0.5	1.478850
6.450000	0.5	1.479100
6.458333	0.5	1.481700
6.466667	0.5	1.484950
6.475000	0.5	1.488200
6.483333	0.5	1.491850
6.491667	0.5	1.494850
6.500000	0.5	1.498250
6.508333	0.5	1.503150
6.516667	0.5	1.497950
6.525000	0.5	1.492750
6.533333	0.5	1.491700
6.541667	0.5	1.491900
6.550000	0.5	1.491150
6.558333	0.5	1.492150
6.566667	0.5	1.493600
6.575000	0.5	1.496600
6.583333	0.5	1.498150
6.591667	0.5	1.500400
6.600000	0.5	1.506950
6.608333	0.5	1.507250
6.616667	0.5	1.503350
6.625000	0.5	1.498950
6.633333	0.5	1.498900
6.641667	0.5	1.498600
6.650000	0.5	1.499650
6.658333	0.5	1.502550
6.666667	0.5	1.505500
6.675000	0.5	1.509750
6.683333	0.5	1.512550
6.691667	0.5	1.515500
6.700000	0.5	1.518350
6.708333	0.5	1.513550
6.716667	0.5	1.507150
6.725000	0.5	1.504250
6.733333	0.5	1.503900
6.741667	0.5	1.502550
6.750000	0.5	1.504000
6.758333	0.5	1.505200
6.766667	0.5	1.510150
6.775000	0.5	1.513300
6.783333	0.5	1.514400
6.791667	0.5	1.519600
6.800000	0.5	1.518600
6.808333	0.5	1.514400
6.816667	0.5	1.509700
6.825000	0.5	1.510800
6.833333	0.5	1.510450
6.841667	0.5	1.511250
6.850000	0.5	1.514000
6.858333	0.5	1.516500
6.866667	0.5	1.521750
6.875000	0.5	1.525200
6.883333	0.5	1.528350
6.891667	0.5	1.532950
6.900000	0.5	1.529150
6.908333	0.5	1.523500
6.916667	0.5	1.521150
6.925000	0.5	1.519350
6.933333	0.5	1.519100
6.941667	0.5	1.520700
6.950000	0.5	1.521400
6.958333	0.5	1.525500
6.966667	0.5	1.527350
6.975000	0.5	1.527050
6.983333	0.5	1.532100
6.991667	0.5	1.531900
7.000000	0.5	1.525500
7.008333	0.5	1.520150
7.016667	0.5	1.518800
7.025000	0.5	1.518400
7.033333	0.5	1.519650
7.041667	0.5	1.521750
7.050000	0.5	1.524900
7.058333	0.5	1.529950
7.066667	0.5	1.532100
7.075000	0.5	1.537200
7.083333	0.5	1.541800
7.091667	0.5	1.537550
7.100000	0.5	1.533450
7.108333	0.5	1.532900
7.116667	0.5	1.532400
7.125000	0.5	1.532100
7.133333	0.5	1.533200
7.141667	0.5	1.535700
7.150000	0.5	1.541050
7.158333	0.5	1.540650
7.166667	0.5	1.539100
7.175000	0.5	1.542200
7.183333	0.5	1.539850
7.191667	0.5	1.531500
7.200000	0.5	1.523650
7.208333	0.5	1.519700
7.216667	0.5	1.517450
7.225000	0.5	1.514250
7.233333	0.5	1.511600
7.241667	0.5	1.509500
7.250000	0.5	1.512450
7.258333	0.5	1.509250
7.266667	0.5	1.509000
7.275000	0.5	1.508100
7.283333	0.5	1.500700
7.291667	0.5	1.490100
7.300000	0.5	1.485050
7.308333	0.5	1.481450
7.316667	0.5	1.478650
7.325000	0.5	1.477000
7.333333	0.5	1.476300
7.341667	0.5	1.479400
7.350000	0.5	1.480250
7.358333	0.5	1.480600
7.366667	0.5	1.484300
7.375000	0.5	1.482500
7.383333	0.5	1.478150
7.391667	0.5	1.473900
7.400000	0.5	1.474750
7.408333	0.5	1.477100
7.416667	0.5	1.480050
7.425000	0.5	1.483850
7.433333	0.5	1.489350
7.441667	0.5	1.496050
7.450000	0.5	1.499900
7.458333	0.5	1.505250
7.466667	0.5	1.511250
7.475000	0.5	1.511200
7.483333	0.5	1.507850
7.491667	0.5	1.507350
7.500000	0.5	1.510750
7.508333	0.5	1.515400
7.516667	0.5	1.517050
7.525000	0.5	1.521750
7.533333	0.5	1.526600
7.541667	0.5	1.531300
7.550000	0.5	1.535250
7.558333	0.5	1.543850
7.566667	0.5	1.544150
7.575000	0.5	1.540800
7.583333	0.5	1.540100
7.591667	0.5	1.541200
7.600000	0.5	1.544100
7.608333	0.5	1.546600
7.616667	0.5	1.551000
7.625000	0.5	1.554650
7.633333	0.5	1.562350
7.641667	0.5	1.566050
7.650000	0.5	1.573000
7.658333	0.5	1.579350
7.666667	0.5	1.577900
7.675000	0.5	1.577100
7.683333	0.5	1.579250
7.691667	0.5	1.583250
7.700000	0.5	1.588450
7.708333	0.5	1.596300
7.716667	0.5	1.604250
7.725000	0.5	1.615950
7.733333	0.5	1.628450
7.741667	0.5	1.635700
7.750000	0.5	1.649300
7.758333	0.5	1.658550
7.766667	0.5	1.662550
7.775000	0.5	1.670650
7.783333	0.5	1.680750
7.791667	0.5	1.694450
7.800000	0.5	1.708800
7.808333	0.5	1.723550
7.816667	0.5	1.738450
7.825000	0.5	1.757100
7.833333	0.5	1.773050
7.841667	0.5	1.788700
7.850000	0.5	1.806550
7.858333	0.5	1.813850
7.866667	0.5	1.819750
7.875000	0.5	1.832300
7.883333	0.5	1.843750
7.891667	0.5	1.857500
7.900000	0.5	1.867450
7.908333	0.5	1.879700
7.916667	0.5	1.896100
7.925000	0.5	1.909050
7.933333	0.5	1.919350
7.941667	0.5	1.932150
7.950000	0.5	1.939500
7.958333	0.5	1.939100
7.966667	0.5	1.942200
7.975000	0.5	1.944900
7.983333	0.5	1.949500
7.991667	0.5	1.955250
8.000000	0.5	1.959150
8.008333	0.5	1.964750
8.016667	0.5	1.969750
8.025000	0.5	1.972750
8.033333	0.5	1.974600
8.041667	0.5	1.978050
8.050000	0.5	1.973000
8.058333	0.5	1.965750
8.066667	0.5	1.963850
8.075000	0.5	1.959750
8.083333	0.5	1.959650
8.091667	0.5	1.959350
8.100000	0.5	1.960100
8.108333	0.5	1.960400
8.116667	0.5	1.962450
8.125000	0.5	1.963800
8.133333	0.5	1.969300
8.141667	0.5	1.968100
8.150000	0.5	1.962800
8.158333	0.5	1.958950
8.166667	0.5	1.959450
8.175000	0.5	1.960900
8.183333	0.5	1.964750
8.191667	0.5	1.967900
8.200000	0.5	1.973900
8.208333	0.5	1.980250
8.216667	0.5	1.983900
8.225000	0.5	1.991800
8.233333	0.5	1.997900
8.241667	0.5	1.996600
8.250000	0.5	1.994300
8.258333	0.5	1.995900
8.266667	0.5	2.001450
8.275000	0.5	2.003850
8.283333	0.5	2.008750
8.291667	0.5	2.014850
8.300000	0.5	2.022350
8.308333	0.5	2.029100
8.316667	0.5	2.034000
8.325000	0.5	2.043200
8.333333	0.5	2.045500
8.341667	0.5	2.044400
8.350000	0.5	2.043900
8.358333	0.5	2.046900
8.366667	0.5	2.052100
8.375000	0.5	2.058500
8.383333	0.5	2.063150
8.391667	0.5	2.070600
8.400000	0.5	2.078550
8.408333	0.5	2.084950
8.416667	0.5	2.091550
8.425000	0.5	2.100800
8.433333	0.5	2.099250
8.441667	0.5	2.097950
8.450000	0.5	2.100250
8.458333	0.5	2.105000
8.466667	0.5	2.110600
8.475000	0.5	2.116200
8.483333	0.5	2.121800
8.491667	0.5	2.130600
8.500000	0.5	2.138250
8.508333	0.5	2.144550
8.516667	0.5	2.154550
8.525000	0.5	2.159950
8.533333	0.5	2.159400
8.541667	0.5	2.160650
8.550000	0.5	2.166350
8.558333	0.5	2.171150
8.566667	0.5	2.178350
8.575000	0.5	2.185250
8.583333	0.5	2.194200
8.591667	0.5	2.204800
8.600000	0.5	2.211900
8.608333	0.5	2.223000
8.616667	0.5	2.232700
8.625000	0.5	2.234700
8.633333	0.5	2.236750
8.641667	0.5	2.243600
8.650000	0.5	2.251750
8.658333	0.5	2.260400
8.666667	0.5	2.269700
8.675000	0.5	2.280100
8.683333	0.5	2.291850
8.691667	0.5	2.304950
8.700000	0.5	2.314700
8.708333	0.5	2.329700
8.716667	0.5	2.335750
8.725000	0.5	2.340400
8.733333	0.5	2.345150
8.741667	0.5	2.355100
8.750000	0.5	2.365900
8.758333	0.5	2.377500
8.766667	0.5	2.387600
8.775000	0.5	2.399300
8.783333	0.5	2.412650
8.791667	0.5	2.424900
8.800000	0.5	2.439850
8.808333	0.5	2.453700
8.816667	0.5	2.459850
8.825000	0.5	2.464750
8.833333	0.5	2.474250
8.841667	0.5	2.485100
8.850000	0.5	2.495500
8.858333	0.5	2.507250
8.866667	0.5	2.518400
8.875000	0.5	2.530700
8.883333	0.5	2.541850
8.891667	0.5	2.554800
8.900000	0.5	2.569100
8.908333	0.5	2.576050
8.916667	0.5	2.579750
8.925000	0.5	2.585250
8.933333	0.5	2.592450
8.941667	0.5	2.599600
8.950000	0.5	2.608950
8.958333	0.5	2.617450
8.966667	0.5	2.627100
8.975000	0.5	2.638700
8.983333	0.5	2.646100
8.991667	0.5	2.653650
9.000000	0.5	2.663100
9.008333	0.5	2.663250
9.016667	0.5	2.661000
9.025000	0.5	2.664100
9.033333	0.5	2.666400
9.041667	0.5	2.669700
9.050000	0.5	2.673300
9.058333	0.5	2.678200
9.066667	0.5	2.681650
9.075000	0.5	2.686700
9.083333	0.5	2.688600
9.091667	0.5	2.696200
9.100000	0.5	2.693700
9.108333	0.5	2.689250
9.116667	0.5	2.685950
9.125000	0.5	2.683750
9.133333	0.5	2.685550
9.141667	0.5	2.687200
9.150000	0.5	2.689200
9.158333	0.5	2.691650
9.166667	0.5	2.697250
9.175000	0.5	2.700200
9.183333	0.5	2.704450
9.191667	0.5	2.710000
9.200000	0.5	2.707600
9.208333	0.5	2.705450
9.216667	0.5	2.709450
9.225000	0.5	2.710550
9.233333	0.5	2.714100
9.241667	0.5	2.719850
9.250000	0.5	2.726100
9.258333	0.5	2.735850
9.266667	0.5	2.744600
9.275000	0.5	2.749900
9.283333	0.5	2.758950
9.291667	0.5	2.763150
9.300000	0.5	2.763800
9.308333	0.5	2.765700
9.316667	0.5	2.771600
9.325000	0.5	2.777750
9.333333	0.5	2.783600
9.341667	0.5	2.793200
9.350000	0.5	2.800400
9.358333	0.5	2.810600
9.366667	0.5	2.819200
9.375000	0.5	2.827700
9.383333	0.5	2.837600
9.391667	0.5	2.838450
9.400000	0.5	2.841350
9.408333	0.5	2.846850
9.416667	0.5	2.852200
9.425000	0.5	2.860400
9.433333	0.5	2.868950
9.441667	0.5	2.875800
9.450000	0.5	2.885700
9.458333	0.5	2.896600
9.466667	0.5	2.904700
9.475000	0.5	2.917050
9.483333	0.5	2.922000
9.491667	0.5	2.922600
9.500000	0.5	2.927950
9.508333	0.5	2.934550
9.516667	0.5	2.941100
9.525000	0.5	2.950250
9.533333	0.5	2.958800
9.541667	0.5	2.966700
9.550000	0.5	2.975400
9.558333	0.5	2.983400
9.566667	0.5	2.994300
9.575000	0.5	3.003300
9.583333	0.5	3.005850
9.591667	0.5	3.009050
9.600000	0.5	3.012500
9.608333	0.5	3.019850
9.616667	0.5	3.027750
9.625000	0.5	3.034350
9.633333	0.5	3.042700
9.641667	0.5	3.051850
9.650000	0.5	3.061200
9.658333	0.5	3.069350
9.666667	0.5	3.082950
9.675000	0.5	3.086250
9.683333	0.5	3.090350
9.691667	0.5	3.092800
9.700000	0.5	3.100200
9.708333	0.5	3.107050
9.716667	0.5	3.114750
9.725000	0.5	3.123500
9.733333	0.5	3.133750
9.741667	0.5	3.145200
9.750000	0.5	3.154350
9.758333	0.5	3.164850
9.766667	0.5	3.174500
9.775000	0.5	3.176450
9.783333	0.5	3.180200
9.791667	0.5	3.185350
9.800000	0.5	3.193650
9.808333	0.5	3.201100
9.816667	0.5	3.212300
9.825000	0.5	3.219300
9.833333	0.5	3.229900
9.841667	0.5	3.239200
9.850000	0.5	3.248500
9.858333	0.5	3.261300
9.866667	0.5	3.266300
9.875000	0.5	3.266450
9.883333	0.5	3.269250
9.891667	0.5	3.277100
9.900000	0.5	3.283950
9.908333	0.5	3.292950
9.916667	0.5	3.301500
9.925000	0.5	3.309100
9.933333	0.5	3.319550
9.941667	0.5	3.327950
9.950000	0.5	3.338050
9.958333	0.5	3.349550
9.966667	0.5	3.351000
9.975000	0.5	3.353100
9.983333	0.5	3.359900
9.991667	0.5	3.364800
10.000000	0.5	3.373200
10.008333	0.5	3.381350
10.016667	0.5	3.390250
10.025000	0.5	3.402200
10.033333	0.5	3.410550
10.041667	0.5	3.419350
10.050000	0.5	3.430100
10.058333	0.5	3.435550
10.066667	0.5	3.439750
10.075000	0.5	3.442100
10.083333	0.5	3.449300
10.091667	0.5	3.456500
10.100000	0.5	3.463900
10.108333	0.5	3.471500
10.116667	0.5	3.480350
10.125000	0.5	3.488500
10.133333	0.5	3.495400
10.141667	0.5	3.503650
10.150000	0.5	3.510350
10.158333	0.5	3.512250
10.166667	0.5	3.511100
10.175000	0.5	3.513650
10.183333	0.5	3.516950
10.191667	0.5	3.520250
10.200000	0.5	3.523450
10.208333	0.5	3.525950
10.216667	0.5	3.528900
10.225000	0.5	3.534550
10.233333	0.5	3.533350
10.241667	0.5	3.540400
10.250000	0.5	3.538050
10.258333	0.5	3.530550
10.266667	0.5	3.529100
10.275000	0.5	3.528200
10.283333	0.5	3.528300
10.291667	0.5	3.527800
10.300000	0.5	3.530500
10.308333	0.5	3.534100
10.316667	0.5	3.536600
10.325000	0.5	3.538650
10.333333	0.5	3.545450
10.341667	0.5	3.550100
10.350000	0.5	3.550750
10.358333	0.5	3.550050
10.366667	0.5	3.554100
10.375000	0.5	3.558550
10.383333	0.5	3.563350
10.391667	0.5	3.571750
10.400000	0.5	3.581400
10.408333	0.5	3.592600
10.416667	0.5	3.605700
10.425000	0.5	3.612700
10.433333	0.5	3.624550
10.441667	0.5	3.630700
10.450000	0.5	3.634050
10.458333	0.5	3.638850
10.466667	0.5	3.648100
10.475000	0.5	3.655200
10.483333	0.5	3.663900
10.491667	0.5	3.674550
10.500000	0.5	3.685050
10.508333	0.5	3.694350
10.516667	0.5	3.701300
10.525000	0.5	3.709150
10.533333	0.5	3.718000
10.541667	0.5	3.716450
10.550000	0.5	3.715350
10.558333	0.5	3.715800
10.566667	0.5	3.715700
10.575000	0.5	3.718100
10.583333	0.5	3.718000
10.591667	0.5	3.717800
10.600000	0.5	3.719550
10.608333	0.5	3.720700
10.616667	0.5	3.717950
10.625000	0.5	3.722000
10.633333	0.5	3.719600
10.641667	0.5	3.713150
10.650000	0.5	3.707200
10.658333	0.5	3.704900
10.666667	0.5	3.702150
10.675000	0.5	3.703250
10.683333	0.5	3.701300
10.691667	0.5	3.705150
10.700000	0.5	3.706450
10.708333	0.5	3.708700
10.716667	0.5	3.710950
10.725000	0.5	3.714250
10.733333	0.5	3.711300
10.741667	0.5	3.706500
10.750000	0.5	3.706000
10.758333	0.5	3.707300
10.766667	0.5	3.710650
10.775000	0.5	3.712700
10.783333	0.5	3.714550
10.791667	0.5	3.719350
10.800000	0.5	3.725900
10.808333	0.5	3.728450
10.816667	0.5	3.734700
10.825000	0.5	3.736700
10.833333	0.5	3.733650
10.841667	0.5	3.732950
10.850000	0.5	3.736250
10.858333	0.5	3.739600
10.866667	0.5	3.743250
10.875000	0.5	3.747750
10.883333	0.5	3.751600
10.891667	0.5	3.760400
10.900000	0.5	3.765150
10.908333	0.5	3.769900
10.916667	0.5	3.774600
10.925000	0.5	3.772600
10.933333	0.5	3.772200
10.941667	0.5	3.775000
10.950000	0.5	3.776950
10.958333	0.5	3.780600
10.966667	0.5	3.784800
10.975000	0.5	3.788150
10.983333	0.5	3.793350
10.991667	0.5	3.795050
11.000000	0.5	3.798900
11.008333	0.5	3.806500
11.016667	0.5	3.804450
11.025000	0.5	3.804400
11.033333	0.5	3.802000
11.041667	0.5	3.803450
11.050000	0.5	3.804850
11.058333	0.5	3.807200
11.066667	0.5	3.807750
11.075000	0.5	3.811900
11.083333	0.5	3.816450
11.091667	0.5	3.818800
11.100000	0.5	3.823000
11.108333	0.5	3.825100
11.116667	0.5	3.823100
11.125000	0.5	3.817300
11.133333	0.5	3.817000
11.141667	0.5	3.816550
11.150000	0.5	3.817250
11.158333	0.5	3.818550
11.166667	0.5	3.819300
11.175000	0.5	3.819450
11.183333	0.5	3.822900
11.191667	0.5	3.822600
11.200000	0.5	3.827450
11.208333	0.5	3.822700
11.216667	0.5	3.817200
11.225000	0.5	3.811300
11.233333	0.5	3.811800
11.241667	0.5	3.812800
11.250000	0.5	3.809350
11.258333	0.5	3.808650
11.266667	0.5	3.808650
11.275000	0.5	3.811800
11.283333	0.5	3.810200
11.291667	0.5	3.809850
11.300000	0.5	3.811450
11.308333	0.5	3.804900
11.316667	0.5	3.799750
11.325000	0.5	3.795250
11.333333	0.5	3.793400
11.341667	0.5	3.793500
11.350000	0.5	3.792950
11.358333	0.5	3.791950
11.366667	0.5	3.794900
11.375000	0.5	3.795400
11.383333	0.5	3.798000
11.391667	0.5	3.802650
11.400000	0.5	3.804250
11.408333	0.5	3.807450
11.416667	0.5	3.813400
11.425000	0.5	3.824350
11.433333	0.5	3.843200
11.441667	0.5	3.863500
11.450000	0.5	3.888100
11.458333	0.5	3.911800
11.466667	0.5	3.938100
11.475000	0.5	3.962650
11.483333	0.5	3.988000
11.491667	0.5	4.015450
11.500000	0.5	4.033200
11.508333	0.5	4.053850
11.516667	0.5	4.074250
11.525000	0.5	4.096800
11.533333	0.5	4.116850
11.541667	0.5	4.135450
11.550000	0.5	4.154600
11.558333	0.5	4.173300
11.566667	0.5	4.191750
11.575000	0.5	4.208350
11.583333	0.5	4.228050
11.591667	0.5	4.239300
11.600000	0.5	4.247100
11.608333	0.5	4.257700
11.616667	0.5	4.269350
11.625000	0.5	4.280400
11.633333	0.5	4.292250
11.641667	0.5	4.304250
11.650000	0.5	4.314800
11.658333	0.5	4.326200
11.666667	0.5	4.335250
11.675000	0.5	4.346150
11.683333	0.5	4.357350
11.691667	0.5	4.362200
11.700000	0.5	4.363500
11.708333	0.5	4.370800
11.716667	0.5	4.377450
11.725000	0.5	4.382750
11.733333	0.5	4.392200
11.741667	0.5	4.398700
11.750000	0.5	4.408450
11.758333	0.5	4.417500
11.766667	0.5	4.425650
11.775000	0.5	4.438150
11.783333	0.5	4.445150
11.791667	0.5	4.450500
11.800000	0.5	4.456900
11.808333	0.5	4.466650
11.816667	0.5	4.476000
11.825000	0.5	4.484750
11.833333	0.5	4.496500
11.841667	0.5	4.509950
11.850000	0.5	4.524100
11.858333	0.5	4.536800
11.866667	0.5	4.550950
11.875000	0.5	4.565600
11.883333	0.5	4.576550
11.891667	0.5	4.585600
11.900000	0.5	4.596850
11.908333	0.5	4.611950
11.916667	0.5	4.626850
11.925000	0.5	4.645650
11.933333	0.5	4.664350
11.941667	0.5	4.680100
11.950000	0.5	4.700150
11.958333	0.5	4.723150
11.966667	0.5	4.744800
11.975000	0.5	4.761700
11.983333	0.5	4.780800
11.991667	0.5	4.797850
12.000000	0.5	4.819700
12.008333	0.5	4.843450
12.016667	0.5	4.868100
12.025000	0.5	4.889800
12.033333	0.5	4.913500
12.041667	0.5	4.940350
12.050000	0.5	4.964900
12.058333	0.5	4.987050
12.066667	0.5	5.012300
12.075000	0.5	5.032000
12.083333	0.5	5.050750
12.091667	0.5	5.067650
12.100000	0.5	5.089700
12.108333	0.5	5.108550
12.116667	0.5	5.128700
12.125000	0.5	5.147150
12.133333	0.5	5.163850
12.141667	0.5	5.181650
12.150000	0.5	5.195200
12.158333	0.5	5.212800
12.166667	0.5	5.221400
12.175000	0.5	5.228100
12.183333	0.5	5.233250
12.191667	0.5	5.239600
12.200000	0.5	5.242950
12.208333	0.5	5.248750
12.216667	0.5	5.251800
12.225000	0.5	5.256100
12.233333	0.5	5.257700
12.241667	0.5	5.261300
12.250000	0.5	5.261500
12.258333	0.5	5.260100
12.266667	0.5	5.254650
12.275000	0.5	5.247850
12.283333	0.5	5.240200
12.291667	0.5	5.233850
12.300000	0.5	5.230250
12.308333	0.5	5.225050
12.316667	0.5	5.220250
12.325000	0.5	5.216350
12.333333	0.5	5.210500
12.341667	0.5	5.205850
12.350000	0.5	5.204300
12.358333	0.5	5.197350
12.366667	0.5	5.187950
12.375000	0.5	5.180050
12.383333	0.5	5.175600
12.391667	0.5	5.171150
12.400000	0.5	5.167500
12.408333	0.5	5.165200
12.416667	0.5	5.164400
12.425000	0.5	5.165500
12.433333	0.5	5.164550
12.441667	0.5	5.166950
12.450000	0.5	5.169900
12.458333	0.5	5.168650
12.466667	0.5	5.166300
12.475000	0.5	5.169550
12.483333	0.5	5.174200
12.491667	0.5	5.179600
12.500000	0.5	5.187300
12.508333	0.5	5.195900
12.516667	0.5	5.205050
12.525000	0.5	5.214900
12.533333	0.5	5.227600
12.541667	0.5	5.242650
12.550000	0.5	5.250400
12.558333	0.5	5.257150
12.566667	0.5	5.265450
12.575000	0.5	5.274550
12.583333	0.5	5.283450
12.591667	0.5	5.290650
12.600000	0.5	5.296600
12.608333	0.5	5.302600
12.616667	0.5	5.309950
12.625000	0.5	5.312200
12.633333	0.5	5.316450
12.641667	0.5	5.317350
12.650000	0.5	5.312550
12.658333	0.5	5.307900
12.666667	0.5	5.303850
12.675000	0.5	5.298650
12.683333	0.5	5.297150
12.691667	0.5	5.292850
12.700000	0.5	5.290500
12.708333	0.5	5.290700
12.716667	0.5	5.289700
12.725000	0.5	5.293350
12.733333	0.5	5.293800
12.741667	0.5	5.293350
12.750000	0.5	5.290300
12.758333	0.5	5.288700
12.766667	0.5	5.291150
12.775000	0.5	5.294500
12.783333	0.5	5.297650
12.791667	0.5	5.301450
12.800000	0.5	5.307750
12.808333	0.5	5.313550
12.816667	0.5	5.318150
12.825000	0.5	5.324500
12.833333	0.5	5.332350
12.841667	0.5	5.337200
12.850000	0.5	5.339850
12.858333	0.5	5.345700
12.866667	0.5	5.352950
12.875000	0.5	5.360350
12.883333	0.5	5.367650
12.891667	0.5	5.378250
12.900000	0.5	5.387850
12.908333	0.5	5.397350
12.916667	0.5	5.405150
12.925000	0.5	5.418250
12.933333	0.5	5.424850
12.941667	0.5	5.431100
12.950000	0.5	5.436750
12.958333	0.5	5.445150
12.966667	0.5	5.455850
12.975000	0.5	5.466900
12.983333	0.5	5.478150
12.991667	0.5	5.490050
13.000000	0.5	5.501000
13.008333	0.5	5.510650
13.016667	0.5	5.522450
13.025000	0.5	5.535100
13.033333	0.5	5.541000
13.041667	0.5	5.547850
13.050000	0.5	5.558400
13.058333	0.5	5.568750
13.066667	0.5	5.577450
13.075000	0.5	5.586700
13.083333	0.5	5.596700
13.091667	0.5	5.607150
13.100000	0.5	5.617600
13.108333	0.5	5.626050
13.116667	0.5	5.637200
13.125000	0.5	5.643550
13.133333	0.5	5.647350
13.141667	0.5	5.652550
13.150000	0.5	5.657550
13.158333	0.5	5.663500
13.166667	0.5	5.669450
13.175000	0.5	5.676250
13.183333	0.5	5.679750
13.191667	0.5	5.688400
13.200000	0.5	5.692450
13.208333	0.5	5.697750
13.216667	0.5	5.704500
13.225000	0.5	5.705800
13.233333	0.5	5.707050
13.241667	0.5	5.710000
13.250000	0.5	5.714800
13.258333	0.5	5.718250
13.266667	0.5	5.720700
13.275000	0.5	5.726250
13.283333	0.5	5.731750
13.291667	0.5	5.739000
13.300000	0.5	5.744000
13.308333	0.5	5.753050
13.316667	0.5	5.756350
13.325000	0.5	5.759950
13.333333	0.5	5.763100
13.341667	0.5	5.769700
13.350000	0.5	5.777700
13.358333	0.5	5.785650
13.366667	0.5	5.796100
13.375000	0.5	5.805000
13.383333	0.5	5.818150
13.391667	0.5	5.828200
13.400000	0.5	5.840950
13.408333	0.5	5.855650
13.416667	0.5	5.864400
13.425000	0.5	5.873300
13.433333	0.5	5.885550
13.441667	0.5	5.899950
13.450000	0.5	5.913200
13.458333	0.5	5.928600
13.466667	0.5	5.944800
13.475000	0.5	5.960550
13.483333	0.5	5.975300
13.491667	0.5	5.990950
13.500000	0.5	6.007850
13.508333	0.5	6.020700
13.516667	0.5	6.034600
13.525000	0.5	6.046250
13.533333	0.5	6.060500
13.541667	0.5	6.075350
13.550000	0.5	6.090750
13.558333	0.5	6.104200
13.566667	0.5	6.119900
13.575000	0.5	6.134550
13.583333	0.5	6.147900
13.591667	0.5	6.161700
13.600000	0.5	6.177350
13.608333	0.5	6.185950
13.616667	0.5	6.196450
13.625000	0.5	6.204700
13.633333	0.5	6.217250
13.641667	0.5	6.228100
13.650000	0.5	6.238100
13.658333	0.5	6.249550
13.666667	0.5	6.262500
13.675000	0.5	6.271750
13.683333	0.5	6.279650
13.691667	0.5	6.293550
13.700000	0.5	6.299250
13.708333	0.5	6.305200
13.716667	0.5	6.311000
13.725000	0.5	6.320350
13.733333	0.5	6.328450
13.741667	0.5	6.336300
13.750000	0.5	6.344200
13.758333	0.5	6.353050
13.766667	0.5	6.363000
13.775000	0.5	6.369850
13.783333	0.5	6.381750
13.791667	0.5	6.393650
13.800000	0.5	6.401100
13.808333	0.5	6.407800
13.816667	0.5	6.418650
13.825000	0.5	6.432250
13.833333	0.5	6.444200
13.841667	0.5	6.458500
13.850000	0.5	6.474400
13.858333	0.5	6.490050
13.866667	0.5	6.509400
13.875000	0.5	6.525050
13.883333	0.5	6.546800
13.891667	0.5	6.565600
13.900000	0.5	6.579600
13.908333	0.5	6.597500
13.916667	0.5	6.616450
13.925000	0.5	6.635950
13.933333	0.5	6.656000
13.941667	0.5	6.674150
13.950000	0.5	6.694100
13.958333	0.5	6.713500
13.966667	0.5	6.730850
13.975000	0.5	6.747950
13.983333	0.5	6.768100
13.991667	0.5	6.779400
14.000000	0.5	6.791750
14.008333	0.5	6.802350
14.016667	0.5	6.813400
14.025000	0.5	6.821900
14.033333	0.5	6.833350
14.041667	0.5	6.842200
14.050000	0.5	6.849900
14.058333	0.5	6.855450
14.066667	0.5	6.860300
14.075000	0.5	6.866550
14.083333	0.5	6.868550
14.091667	0.5	6.868200
14.100000	0.5	6.866900
14.108333	0.5	6.866450
14.116667	0.5	6.867000
14.125000	0.5	6.867200
14.133333	0.5	6.868100
14.141667	0.5	6.868700
14.150000	0.5	6.868600
14.158333	0.5	6.868050
14.166667	0.5	6.867850
14.175000	0.5	6.869200
14.183333	0.5	6.869450
14.191667	0.5	6.868800
14.200000	0.5	6.870150
14.208333	0.5	6.871050
14.216667	0.5	6.874100
14.225000	0.5	6.877250
14.233333	0.5	6.879350
14.241667	0.5	6.886350
14.250000	0.5	6.893450
14.258333	0.5	6.897250
14.266667	0.5	6.907500
14.275000	0.5	6.913600
14.283333	0.5	6.919950
14.291667	0.5	6.925150
14.300000	0.5	6.932650
14.308333	0.5	6.942650
14.316667	0.5	6.952250
14.325000	0.5	6.963650
14.333333	0.5	6.972900
14.341667	0.5	6.984250
14.350000	0.5	6.995650
14.358333	0.5	7.005650
14.366667	0.5	7.020900
14.375000	0.5	7.032450
14.383333	0.5	7.039150
14.391667	0.5	7.050300
14.400000	0.5	7.060850
14.408333	0.5	7.070800
14.416667	0.5	7.080850
14.425000	0.5	7.091350
14.433333	0.5	7.104350
14.441667	0.5	7.114200
14.450000	0.5	7.123200
14.458333	0.5	7.137650
14.466667	0.5	7.145800
14.475000	0.5	7.151600
14.483333	0.5	7.157750
14.491667	0.5	7.165600
14.500000	0.5	7.174200
14.508333	0.5	7.183700
14.516667	0.5	7.193000
14.525000	0.5	7.196500
14.533333	0.5	7.203150
14.541667	0.5	7.211050
14.550000	0.5	7.217950
14.558333	0.5	7.227050
14.566667	0.5	7.228500
14.575000	0.5	7.233850
14.583333	0.5	7.237950
14.591667	0.5	7.242100
14.600000	0.5	7.245100
14.608333	0.5	7.250650
14.616667	0.5	7.258450
14.625000	0.5	7.264250
14.633333	0.5	7.269950
14.641667	0.5	7.274000
14.650000	0.5	7.283100
14.658333	0.5	7.289650
14.666667	0.5	7.295750
14.675000	0.5	7.298750
14.683333	0.5	7.306600
14.691667	0.5	7.314250
14.700000	0.5	7.320400
14.708333	0.5	7.327450
14.716667	0.5	7.336700
14.725000	0.5	7.347950
14.733333	0.5	7.356650
14.741667	0.5	7.368150
14.750000	0.5	7.377400
14.758333	0.5	7.385500
14.766667	0.5	7.392350
14.775000	0.5	7.402650
14.783333	0.5	7.412750
14.791667	0.5	7.423900
14.800000	0.5	7.433700
14.808333	0.5	7.447700
14.816667	0.5	7.459700
14.825000	0.5	7.473500
14.833333	0.5	7.484800
14.841667	0.5	7.500200
14.850000	0.5	7.513750
14.858333	0.5	7.525850
14.866667	0.5	7.534500
14.875000	0.5	7.546450
14.883333	0.5	7.561400
14.891667	0.5	7.575650
14.900000	0.5	7.587800
14.908333	0.5	7.601350
14.916667	0.5	7.617000
14.925000	0.5	7.630300
14.933333	0.5	7.640450
14.941667	0.5	7.654050
14.950000	0.5	7.661850
14.958333	0.5	7.669150
14.966667	0.5	7.681550
14.975000	0.5	7.685600
14.983333	0.5	7.692750
14.991667	0.5	7.699700
15.000000	0.5	7.704600
15.008333	0.5	7.708100
15.016667	0.5	7.711900
15.025000	0.5	7.712050
15.033333	0.5	7.717600
15.041667	0.5	7.718650
15.050000	0.5	7.718500
15.058333	0.5	7.718400
15.066667	0.5	7.720200
15.075000	0.5	7.719200
15.083333	0.5	7.723050
15.091667	0.5	7.723700
15.100000	0.5	7.726500
15.108333	0.5	7.733800
15.116667	0.5	7.739750
15.125000	0.5	7.743750
15.133333	0.5	7.752950
15.141667	0.5	7.762400
15.150000	0.5	7.772250
15.158333	0.5	7.783400
15.166667	0.5	7.798150
15.175000	0.5	7.816000
15.183333	0.5	7.835950
15.191667	0.5	7.858600
15.200000	0.5	7.885750
15.208333	0.5	7.914350
15.216667	0.5	7.942600
15.225000	0.5	7.982200
15.233333	0.5	8.020100
15.241667	0.5	8.061350
15.250000	0.5	8.103900
15.258333	0.5	8.152650
15.266667	0.5	8.205700
15.275000	0.5	8.265300
15.283333	0.5	8.331650
15.291667	0.5	8.401200
15.300000	0.5	8.477900
15.308333	0.5	8.557650
15.316667	0.5	8.638900
15.325000	0.5	8.731750
15.333333	0.5	8.824000
15.341667	0.5	8.916350
15.350000	0.5	9.014100
15.358333	0.5	9.111950
15.366667	0.5	9.205900
15.375000	0.5	9.300900
15.383333	0.5	9.388550
15.391667	0.5	9.469750
15.400000	0.5	9.544450
15.408333	0.5	9.603950
15.416667	0.5	9.661450
15.425000	0.5	9.708550
15.433333	0.5	9.741700
15.441667	0.5	9.759950
15.450000	0.5	9.769050
15.458333	0.5	9.766700
15.466667	0.5	9.759500
15.475000	0.5	9.741750
15.483333	0.5	9.719650
15.491667	0.5	9.691550
15.500000	0.5	9.661550
15.508333	0.5	9.625100
15.516667	0.5	9.596400
15.525000	0.5	9.563600
15.533333	0.5	9.530200
15.541667	0.5	9.495000
15.550000	0.5	9.467300
15.558333	0.5	9.437350
15.566667	0.5	9.411800
15.575000	0.5	9.388350
15.583333	0.5	9.368550
15.591667	0.5	9.353600
15.600000	0.5	9.336300
15.608333	0.5	9.328200
15.616667	0.5	9.321650
15.625000	0.5	9.314450
15.633333	0.5	9.308200
15.641667	0.5	9.304300
15.650000	0.5	9.303150
15.658333	0.5	9.301950
15.666667	0.5	9.300850
15.675000	0.5	9.301800
15.683333	0.5	9.303800
15.691667	0.5	9.308700
15.700000	0.5	9.309250
15.708333	0.5	9.317600
15.716667	0.5	9.322000
15.725000	0.5	9.323650
15.733333	0.5	9.327050
15.741667	0.5	9.330150
15.750000	0.5	9.334900
15.758333	0.5	9.337050
15.766667	0.5	9.342050
15.775000	0.5	9.346050
15.783333	0.5	9.351950
15.791667	0.5	9.354650
15.800000	0.5	9.359800
15.808333	0.5	9.365600
15.816667	0.5	9.367400
15.825000	0.5	9.369500
15.833333	0.5	9.375400
15.841667	0.5	9.376650
15.850000	0.5	9.376400
15.858333	0.5	9.381700
15.866667	0.5	9.378900
15.875000	0.5	9.379650
15.883333	0.5	9.378700
15.891667	0.5	9.371950
15.900000	0.5	9.365750
15.908333	0.5	9.351850
15.916667	0.5	9.332850
15.925000	0.5	9.310400
15.933333	0.5	9.284400
15.941667	0.5	9.255050
15.950000	0.5	9.220000
15.958333	0.5	9.180550
15.966667	0.5	9.141300
15.975000	0.5	9.095550
15.983333	0.5	9.050200
15.991667	0.5	9.010050
16.000000	0.5	8.961750
16.008333	0.5	8.913150
16.016667	0.5	8.864400
16.025000	0.5	8.819150
16.033333	0.5	8.774150
16.041667	0.5	8.732700
16.050000	0.5	8.695550
16.058333	0.5	8.656800
16.066667	0.5	8.623900
16.075000	0.5	8.595700
16.083333	0.5	8.568850
16.091667	0.5	8.546450
16.100000	0.5	8.523650
16.108333	0.5	8.504350
16.116667	0.5	8.489400
16.125000	0.5	8.476300
16.133333	0.5	8.468400
16.141667	0.5	8.464900
16.150000	0.5	8.463200
16.158333	0.5	8.464250
16.166667	0.5	8.469300
16.175000	0.5	8.473750
16.183333	0.5	8.488500
16.191667	0.5	8.500300
16.200000	0.5	8.516400
16.208333	0.5	8.531250
16.216667	0.5	8.553400
16.225000	0.5	8.580100
16.233333	0.5	8.605950
16.241667	0.5	8.639050
16.250000	0.5	8.670750
16.258333	0.5	8.710250
16.266667	0.5	8.748250
16.275000	0.5	8.791900
16.283333	0.5	8.841300
16.291667	0.5	8.889600
16.300000	0.5	8.938950
16.308333	0.5	8.995450
16.316667	0.5	9.053000
16.325000	0.5	9.113800
16.333333	0.5	9.176950
16.341667	0.5	9.242200
16.350000	0.5	9.307300
16.358333	0.5	9.375600
16.366667	0.5	9.440800
16.375000	0.5	9.514300
16.383333	0.5	9.580250
16.391667	0.5	9.646650
16.400000	0.5	9.705500
16.408333	0.5	9.763400
16.416667	0.5	9.816450
16.425000	0.5	9.863050
16.433333	0.5	9.907200
16.441667	0.5	9.939700
16.450000	0.5	9.966800
16.458333	0.5	9.987100
16.466667	0.5	9.998950
16.475000	0.5	10.009750
16.483333	0.5	10.011700
16.491667	0.5	10.005250
16.500000	0.5	10.000150
16.508333	0.5	9.988700
16.516667	0.5	9.977500
16.525000	0.5	9.964950
16.533333	0.5	9.952200
16.541667	0.5	9.942400
16.550000	0.5	9.938000
16.558333	0.5	9.931300
16.566667	0.5	9.941550
16.575000	0.5	9.957150
16.583333	0.5	9.983250
16.591667	0.5	10.019150
16.600000	0.5	10.073400
16.608333	0.5	10.143300
16.616667	0.5	10.246350
16.625000	0.5	10.380650
16.633333	0.5	10.553850
16.641667	0.5	10.782550
16.650000	0.5	11.085700
16.658333	0.5	11.478450
16.666667	0.5	11.999850
16.675000	0.5	12.663000
16.683333	0.5	13.503450
16.691667	0.5	14.554450
16.700000	0.5	15.832000
16.708333	0.5	17.348200
16.716667	0.5	19.106950
16.725000	0.5	21.109400
16.733333	0.5	23.332450
16.741667	0.5	25.767200
16.750000	0.5	28.346050
16.758333	0.5	31.084900
16.766667	0.5	33.936951
16.775000	0.5	36.830401
16.783333	0.5	39.683951
16.791667	0.5	42.462451
16.800000	0.5	45.099701
16.808333	0.5	47.545501
16.816667	0.5	49.761751
16.825000	0.5	51.699301
16.833333	0.5	53.350451
16.841667	0.5	54.716101
16.850000	0.5	55.707301
16.858333	0.5	56.479851
16.866667	0.5	56.931451
16.875000	0.5	57.045301
16.883333	0.5	56.867201
16.891667	0.5	56.411451
16.900000	0.5	55.711351
16.908333	0.5	54.788301
16.916667	0.5	53.682501
16.925000	0.5	52.425101
16.933333	0.5	51.047801
16.941667	0.5	49.542751
16.950000	0.5	48.021051
16.958333	0.5	46.473701
16.966667	0.5	44.883451
16.975000	0.5	43.261901
16.983333	0.5	41.656151
16.991667	0.5	40.083301
17.000000	0.5	38.558351
17.008333	0.5	37.090351
17.016667	0.5	35.683951
17.025000	0.5	34.358151
17.033333	0.5	33.114500
17.041667	0.5	31.937200
17.050000	0.5	30.859700
17.058333	0.5	29.850700
17.066667	0.5	28.897600
17.075000	0.5	28.017350
17.083333	0.5	27.200900
17.091667	0.5	26.452750
17.100000	0.5	25.760650
17.108333	0.5	25.126300
17.116667	0.5	24.542150
17.125000	0.5	24.006450
17.133333	0.5	23.504100
17.141667	0.5	23.057500
17.150000	0.5	22.632650
17.158333	0.5	22.237450
17.166667	0.5	21.863050
17.175000	0.5	21.509000
17.183333	0.5	21.180100
17.191667	0.5	20.872450
17.200000	0.5	20.583700
17.208333	0.5	20.306750
17.216667	0.5	20.046400
17.225000	0.5	19.805600
17.233333	0.5	19.572950
17.241667	0.5	19.364500
17.250000	0.5	19.164650
17.258333	0.5	18.974150
17.266667	0.5	18.793950
17.275000	0.5	18.635600
17.283333	0.5	18.487400
17.291667	0.5	18.357000
17.300000	0.5	18.243000
17.308333	0.5	18.142050
17.316667	0.5	18.063900
17.325000	0.5	17.994150
17.333333	0.5	17.953200
17.341667	0.5	17.933600
17.350000	0.5	17.926800
17.358333	0.5	17.934000
17.366667	0.5	17.956750
17.375000	0.5	17.999400
17.383333	0.5	18.054500
17.391667	0.5	18.124050
17.400000	0.5	18.208500
17.408333	0.5	18.299300
17.416667	0.5	18.407150
17.425000	0.5	18.513450
17.433333	0.5	18.643800
17.441667	0.5	18.779000
17.450000	0.5	18.907800
17.458333	0.5	19.036700
17.466667	0.5	19.163550
17.475000	0.5	19.286950
17.483333	0.5	19.406600
17.491667	0.5	19.521650
17.500000	0.5	19.625850
17.508333	0.5	19.734500
17.516667	0.5	19.816250
17.525000	0.5	19.914000
17.533333	0.5	20.008200
17.541667	0.5	20.092900
17.550000	0.5	20.158750
17.558333	0.5	20.219250
17.566667	0.5	20.270900
17.575000	0.5	20.315350
17.583333	0.5	20.353550
17.591667	0.5	20.382650
17.600000	0.5	20.406700
17.608333	0.5	20.431400
17.616667	0.5	20.442250
17.625000	0.5	20.473550
17.633333	0.5	20.495400
17.641667	0.5	20.501950
17.650000	0.5	20.509750
17.658333	0.5	20.513100
17.666667	0.5	20.507950
17.675000	0.5	20.499400
17.683333	0.5	20.490300
17.691667	0.5	20.481000
17.700000	0.5	20.468800
17.708333	0.5	20.439850
17.716667	0.5	20.431900
17.725000	0.5	20.424050
17.733333	0.5	20.409600
17.741667	0.5	20.380600
17.750000	0.5	20.350450
17.758333	0.5	20.317250
17.766667	0.5	20.279550
17.775000	0.5	20.242700
17.783333	0.5	20.196700
17.791667	0.5	20.151750
17.800000	0.5	20.108900
17.808333	0.5	20.057400
17.816667	0.5	20.024650
17.825000	0.5	19.990450
17.833333	0.5	19.939550
17.841667	0.5	19.889350
17.850000	0.5	19.836000
17.858333	0.5	19.778800
17.866667	0.5	19.720500
17.875000	0.5	19.660450
17.883333	0.5	19.595850
17.891667	0.5	19.533650
17.900000	0.5	19.454750
17.908333	0.5	19.385950
17.916667	0.5	19.314800
17.925000	0.5	19.230150
17.933333	0.5	19.123050
17.941667	0.5	19.002200
17.950000	0.5	18.868000
17.958333	0.5	18.712350
17.966667	0.5	18.547450
17.975000	0.5	18.358750
17.983333	0.5	18.155500
17.991667	0.5	17.938550
18.000000	0.5	17.711100
18.008333	0.5	17.493750
18.016667	0.5	17.278200
18.025000	0.5	17.054450
18.033333	0.5	16.850250
18.041667	0.5	16.663200
18.050000	0.5	16.497950
18.058333	0.5	16.353050
18.066667	0.5	16.233850
18.075000	0.5	16.142350
18.083333	0.5	16.078450
18.091667	0.5	16.020900
18.100000	0.5	16.001700
18.108333	0.5	15.999900
18.116667	0.5	16.012300
18.125000	0.5	16.028350
18.133333	0.5	16.055550
18.141667	0.5	16.088000
18.150000	0.5	16.125050
18.158333	0.5	16.170600
18.166667	0.5	16.211650
18.175000	0.5	16.248800
18.183333	0.5	16.280850
18.191667	0.5	16.301550
18.200000	0.5	16.325450
18.208333	0.5	16.335300
18.216667	0.5	16.319450
18.225000	0.5	16.290900
18.233333	0.5	16.237800
18.241667	0.5	16.165450
18.250000	0.5	16.072300
18.258333	0.5	15.960200
18.266667	0.5	15.827150
18.275000	0.5	15.689050
18.283333	0.5	15.527650
18.291667	0.5	15.378650
18.300000	0.5	15.223600
18.308333	0.5	15.071800
18.316667	0.5	14.919950
18.325000	0.5	14.782150
18.333333	0.5	14.659650
18.341667	0.5	14.550950
18.350000	0.5	14.460700
18.358333	0.5	14.389300
18.366667	0.5	14.334950
18.375000	0.5	14.295950
18.383333	0.5	14.270400
18.391667	0.5	14.270850
18.400000	0.5	14.276800
18.408333	0.5	14.283400
18.416667	0.5	14.305300
18.425000	0.5	14.331000
18.433333	0.5	14.358250
18.441667	0.5	14.392700
18.450000	0.5	14.431300
18.458333	0.5	14.469200
18.466667	0.5	14.515200
18.475000	0.5	14.551550
18.483333	0.5	14.610800
18.491667	0.5	14.660450
18.500000	0.5	14.716950
18.508333	0.5	14.767300
18.516667	0.5	14.820500
18.525000	0.5	14.871300
18.533333	0.5	14.921750
18.541667	0.5	14.976200
18.550000	0.5	15.030600
18.558333	0.5	15.087700
18.566667	0.5	15.144000
18.575000	0.5	15.200900
18.583333	0.5	15.268150
18.591667	0.5	15.336700
18.600000	0.5	15.393000
18.608333	0.5	15.458100
18.616667	0.5	15.520900
18.625000	0.5	15.585850
18.633333	0.5	15.649400
18.641667	0.5	15.713650
18.650000	0.5	15.779750
18.658333	0.5	15.848950
18.666667	0.5	15.908700
18.675000	0.5	15.983200
18.683333	0.5	16.059950
18.691667	0.5	16.132350
18.700000	0.5	16.202900
18.708333	0.5	16.273700
18.716667	0.5	16.342050
18.725000	0.5	16.413000
18.733333	0.5	16.480000
18.741667	0.5	16.546200
18.750000	0.5	16.615000
18.758333	0.5	16.678150
18.766667	0.5	16.743200
18.775000	0.5	16.820850
18.783333	0.5	16.892850
18.791667	0.5	16.954300
18.800000	0.5	17.018000
18.808333	0.5	17.075550
18.816667	0.5	17.133250
18.825000	0.5	17.186100
18.833333	0.5	17.238150
18.841667	0.5	17.287250
18.850000	0.5	17.339250
18.858333	0.5	17.369900
18.866667	0.5	17.420400
18.875000	0.5	17.472150
18.883333	0.5	17.514550
18.891667	0.5	17.550700
18.900000	0.5	17.581250
18.908333	0.5	17.609950
18.916667	0.5	17.636000
18.925000	0.5	17.659750
18.933333	0.5	17.679300
18.941667	0.5	17.698950
18.950000	0.5	17.717500
18.958333	0.5	17.727050
18.966667	0.5	17.759800
18.975000	0.5	17.780000
18.983333	0.5	17.790850
18.991667	0.5	17.802800
19.000000	0.5	17.810250
19.008333	0.5	17.815700
19.016667	0.5	17.820400
19.025000	0.5	17.822700
19.033333	0.5	17.822850
19.041667	0.5	17.829500
19.050000	0.5	17.813500
19.058333	0.5	17.821700
19.066667	0.5	17.826550
19.075000	0.5	17.824950
19.083333	0.5	17.824750
19.091667	0.5	17.804950
19.100000	0.5	17.788500
19.108333	0.5	17.766650
19.116667	0.5	17.735850
19.125000	0.5	17.697400
19.133333	0.5	17.636600
19.141667	0.5	17.548850
19.150000	0.5	17.416300
19.158333	0.5	17.245150
19.166667	0.5	17.036300
19.175000	0.5	16.835600
19.183333	0.5	16.730350
19.191667	0.5	16.750750
19.200000	0.5	16.912750
19.208333	0.5	17.206400
19.216667	0.5	17.630200
19.225000	0.5	18.161300
19.233333	0.5	18.800900
19.241667	0.5	19.518350
19.250000	0.5	20.302350
19.258333	0.5	21.102150
19.266667	0.5	21.882400
19.275000	0.5	22.607800
19.283333	0.5	23.253650
19.291667	0.5	23.805750
19.300000	0.5	24.253100
19.308333	0.5	24.598900
19.316667	0.5	24.853950
19.325000	0.5	25.014250
19.333333	0.5	25.099250
19.341667	0.5	25.116600
19.350000	0.5	25.081800
19.358333	0.5	25.000800
19.366667	0.5	24.871000
19.375000	0.5	24.712800
19.383333	0.5	24.528800
19.391667	0.5	24.326700
19.400000	0.5	24.112800
19.408333	0.5	23.884850
19.416667	0.5	23.646600
19.425000	0.5	23.409750
19.433333	0.5	23.160900
19.441667	0.5	22.921500
19.450000	0.5	22.676600
19.458333	0.5	22.432150
19.466667	0.5	22.186550
19.475000	0.5	21.939500
19.483333	0.5	21.701450
19.491667	0.5	21.465550
19.500000	0.5	21.236750
19.508333	0.5	21.010800
19.516667	0.5	20.791550
19.525000	0.5	20.576650
19.533333	0.5	20.370000
19.541667	0.5	20.173000
19.550000	0.5	19.980350
19.558333	0.5	19.783300
19.566667	0.5	19.598000
19.575000	0.5	19.422000
19.583333	0.5	19.247550
19.591667	0.5	19.078000
19.600000	0.5	18.918750
19.608333	0.5	18.766400
19.616667	0.5	18.624350
19.625000	0.5	18.474400
19.633333	0.5	18.348300
19.641667	0.5	18.227700
19.650000	0.5	18.107050
19.658333	0.5	17.991450
19.666667	0.5	17.880150
19.675000	0.5	17.779250
19.683333	0.5	17.680350
19.691667	0.5	17.588400
19.700000	0.5	17.502600
19.708333	0.5	17.425300
19.716667	0.5	17.350050
19.725000	0.5	17.284450
19.733333	0.5	17.230400
19.741667	0.5	17.187100
19.750000	0.5	17.138450
19.758333	0.5	17.097650
19.766667	0.5	17.063450
19.775000	0.5	17.033950
19.783333	0.5	17.010100
19.791667	0.5	16.989400
19.800000	0.5	16.973500
19.808333	0.5	16.968050
19.816667	0.5	16.954100
19.825000	0.5	16.962850
19.833333	0.5	16.977250
19.841667	0.5	16.987000
19.850000	0.5	17.008200
19.858333	0.5	17.027000
19.866667	0.5	17.049850
19.875000	0.5	17.076350
19.883333	0.5	17.107250
19.891667	0.5	17.135700
19.900000	0.5	17.161900
19.908333	0.5	17.178300
19.916667	0.5	17.181950
19.925000	0.5	17.166200
19.933333	0.5	17.108750
19.941667	0.5	16.985600
19.950000	0.5	16.796550
19.958333	0.5	16.537450
19.966667	0.5	16.218700
19.975000	0.5	15.853100
19.983333	0.5	15.457850
19.991667	0.5	15.065350
20.000000	0.5	14.684700
20.008333	0.5	14.317350
20.016667	0.5	13.997150
20.025000	0.5	13.712600
20.033333	0.5	13.459650
20.041667	0.5	13.248300
20.050000	0.5	13.082000
20.058333	0.5	12.952350
20.066667	0.5	12.856900
20.075000	0.5	12.790600
20.083333	0.5	12.749500
20.091667	0.5	12.726700
20.100000	0.5	12.710650
20.108333	0.5	12.711950
20.116667	0.5	12.725350
20.125000	0.5	12.743500
20.133333	0.5	12.763500
20.141667	0.5	12.792400
20.150000	0.5	12.820700
20.158333	0.5	12.852100
20.166667	0.5	12.887000
20.175000	0.5	12.921300
20.183333	0.5	12.960250
20.191667	0.5	12.994100
20.200000	0.5	13.025000
20.208333	0.5	13.070150
20.216667	0.5	13.111550
20.225000	0.5	13.154600
20.233333	0.5	13.193100
20.241667	0.5	13.233500
20.250000	0.5	13.272850
20.258333	0.5	13.311500
20.266667	0.5	13.349950
20.275000	0.5	13.377950
20.283333	0.5	13.402450
20.291667	0.5	13.413800
20.300000	0.5	13.420950
20.308333	0.5	13.433200
20.316667	0.5	13.450850
20.325000	0.5	13.476600
20.333333	0.5	13.530400
20.341667	0.5	13.613000
20.350000	0.5	13.728250
20.358333	0.5	13.871200
20.366667	0.5	14.025200
20.375000	0.5	14.183750
20.383333	0.5	14.330600
20.391667	0.5	14.447300
20.400000	0.5	14.559050
20.408333	0.5	14.647800
20.416667	0.5	14.717100
20.425000	0.5	14.772550
20.433333	0.5	14.821450
20.441667	0.5	14.858600
20.450000	0.5	14.888850
20.458333	0.5	14.915800
20.466667	0.5	14.933550
20.475000	0.5	14.948800
20.483333	0.5	14.956700
20.491667	0.5	14.963750
20.500000	0.5	14.978250
20.508333	0.5	14.982650
20.516667	0.5	14.974900
20.525000	0.5	14.967600
20.533333	0.5	14.960350
20.541667	0.5	14.948350
20.550000	0.5	14.935450
20.558333	0.5	14.922850
20.566667	0.5	14.906700
20.575000	0.5	14.893700
20.583333	0.5	14.866650
20.591667	0.5	14.862250
20.600000	0.5	14.855350
20.608333	0.5	14.842700
20.616667	0.5	14.832100
20.625000	0.5	14.820700
20.633333	0.5	14.808050
20.641667	0.5	14.799150
20.650000	0.5	14.792650
20.658333	0.5	14.785500
20.666667	0.5	14.786350
20.675000	0.5	14.780850
20.683333	0.5	14.786000
20.691667	0.5	14.795600
20.700000	0.5	14.803800
20.708333	0.5	14.812700
20.716667	0.5	14.822300
20.725000	0.5	14.835050
20.733333	0.5	14.850200
20.741667	0.5	14.868100
20.750000	0.5	14.884000
20.758333	0.5	14.905750
20.766667	0.5	14.933200
20.775000	0.5	14.951100
20.783333	0.5	14.984650
20.791667	0.5	15.017700
20.800000	0.5	15.051550
20.808333	0.5	15.085850
20.816667	0.5	15.120150
20.825000	0.5	15.157550
20.833333	0.5	15.192550
20.841667	0.5	15.234150
20.850000	0.5	15.270150
20.858333	0.5	15.311550
20.866667	0.5	15.349400
20.875000	0.5	15.393050
20.883333	0.5	15.443850
20.891667	0.5	15.492150
20.900000	0.5	15.530200
20.908333	0.5	15.576800
20.916667	0.5	15.617000
20.925000	0.5	15.661050
20.933333	0.5	15.701350
20.941667	0.5	15.740900
20.950000	0.5	15.779000
20.958333	0.5	15.822200
20.966667	0.5	15.850050
20.975000	0.5	15.893500
20.983333	0.5	15.935050
20.991667	0.5	15.968950
21.000000	0.5	16.001600
21.008333	0.5	16.028300
21.016667	0.5	16.055000
21.025000	0.5	16.079800
21.033333	0.5	16.100850
21.041667	0.5	16.123050
21.050000	0.5	16.139500
21.058333	0.5	16.150950
21.066667	0.5	16.167650
21.075000	0.5	16.191500
21.083333	0.5	16.206750
21.091667	0.5	16.211650
21.100000	0.5	16.221350
21.108333	0.5	16.225900
21.116667	0.5	16.228700
21.125000	0.5	16.228350
21.133333	0.5	16.229900
21.141667	0.5	16.225800
21.150000	0.5	16.228800
21.158333	0.5	16.216450
21.166667	0.5	16.225900
21.175000	0.5	16.230300
21.183333	0.5	16.230400
21.191667	0.5	16.225550
21.200000	0.5	16.218600
21.208333	0.5	16.218150
21.216667	0.5	16.214200
21.225000	0.5	16.209300
21.233333	0.5	16.205350
21.241667	0.5	16.203200
21.250000	0.5	16.196500
21.258333	0.5	16.196050
21.266667	0.5	16.207700
21.275000	0.5	16.215400
21.283333	0.5	16.212650
21.291667	0.5	16.214900
21.300000	0.5	16.216550
21.308333	0.5	16.219450
21.316667	0.5	16.220250
21.325000	0.5	16.225700
21.333333	0.5	16.227250
21.341667	0.5	16.235200
21.350000	0.5	16.228150
21.358333	0.5	16.243450
21.366667	0.5	16.256750
21.375000	0.5	16.267950
21.383333	0.5	16.275550
21.391667	0.5	16.282050
21.400000	0.5	16.286600
21.408333	0.5	16.292150
21.416667	0.5	16.294650
21.425000	0.5	16.301000
21.433333	0.5	16.309100
21.441667	0.5	16.309200
21.450000	0.5	16.316800
21.458333	0.5	16.334650
21.466667	0.5	16.348300
21.475000	0.5	16.350200
21.483333	0.5	16.358200
21.491667	0.5	16.362900
21.500000	0.5	16.365450
21.508333	0.5	16.369400
21.516667	0.5	16.371950
21.525000	0.5	16.370200
21.533333	0.5	16.379600
21.541667	0.5	16.367800
21.550000	0.5	16.378700
21.558333	0.5	16.389400
21.566667	0.5	16.394800
21.575000	0.5	16.397150
21.583333	0.5	16.398300
21.591667	0.5	16.396850
21.600000	0.5	16.398900
21.608333	0.5	16.393650
21.616667	0.5	16.391150
21.625000	0.5	16.391550
21.633333	0.5	16.382800
21.641667	0.5	16.383350
21.650000	0.5	16.396250
21.658333	0.5	16.400450
21.666667	0.5	16.398800
21.675000	0.5	16.395550
21.683333	0.5	16.394450
21.691667	0.5	16.390300
21.700000	0.5	16.392450
21.708333	0.5	16.389200
21.716667	0.5	16.383550
21.725000	0.5	16.384300
21.733333	0.5	16.370800
21.741667	0.5	16.385300
21.750000	0.5	16.389200
21.758333	0.5	16.391550
21.766667	0.5	16.392700
21.775000	0.5	16.392650
21.783333	0.5	16.390100
21.791667	0.5	16.385850
21.800000	0.5	16.387550
21.808333	0.5	16.386400
21.816667	0.5	16.388000
21.825000	0.5	16.380150
21.833333	0.5	16.385650
21.841667	0.5	16.398050
21.850000	0.5	16.407700
21.858333	0.5	16.407400
21.866667	0.5	16.410050
21.875000	0.5	16.408600
21.883333	0.5	16.409350
21.891667	0.5	16.412200
21.900000	0.5	16.410400
21.908333	0.5	16.408000
21.916667	0.5	16.411450
21.925000	0.5	16.401000
21.933333	0.5	16.409450
21.941667	0.5	16.417500
21.950000	0.5	16.417300
21.958333	0.5	16.413200
21.966667	0.5	16.410300
21.975000	0.5	16.401900
21.983333	0.5	16.397650
21.991667	0.5	16.391650
22.000000	0.5	16.379200
22.008333	0.5	16.368950
22.016667	0.5	16.353900
22.025000	0.5	16.345400
22.033333	0.5	16.345450
22.041667	0.5	16.342200
22.050000	0.5	16.324100
22.058333	0.5	16.312100
22.066667	0.5	16.296150
22.075000	0.5	16.282100
22.083333	0.5	16.266950
22.091667	0.5	16.252800
22.100000	0.5	16.237200
22.108333	0.5	16.223700
22.116667	0.5	16.202500
22.125000	0.5	16.203550
22.133333	0.5	16.201700
22.141667	0.5	16.191650
22.150000	0.5	16.186600
22.158333	0.5	16.183600
22.166667	0.5	16.176250
22.175000	0.5	16.171000
22.183333	0.5	16.168350
22.191667	0.5	16.163900
22.200000	0.5	16.167050
22.208333	0.5	16.164100
22.216667	0.5	16.171900
22.225000	0.5	16.190050
22.233333	0.5	16.210650
22.241667	0.5	16.221250
22.250000	0.5	16.235600
22.258333	0.5	16.249650
22.266667	0.5	16.265500
22.275000	0.5	16.284150
22.283333	0.5	16.301200
22.291667	0.5	16.323350
22.300000	0.5	16.349100
22.308333	0.5	16.363200
22.316667	0.5	16.401450
22.325000	0.5	16.435550
22.333333	0.5	16.465200
22.341667	0.5	16.495800
22.350000	0.5	16.522450
22.358333	0.5	16.549700
22.366667	0.5	16.580550
22.375000	0.5	16.608500
22.383333	0.5	16.634800
22.391667	0.5	16.666900
22.400000	0.5	16.689450
22.408333	0.5	16.716350
22.416667	0.5	16.755050
22.425000	0.5	16.788150
22.433333	0.5	16.812650
22.441667	0.5	16.834850
22.450000	0.5	16.857350
22.458333	0.5	16.876800
22.466667	0.5	16.892850
22.475000	0.5	16.906000
22.483333	0.5	16.918050
22.491667	0.5	16.934300
22.500000	0.5	16.933950
22.508333	0.5	16.951650
22.516667	0.5	16.972400
22.525000	0.5	16.983300
22.533333	0.5	16.991100
22.541667	0.5	16.994450
22.550000	0.5	16.998500
22.558333	0.5	17.000450
22.566667	0.5	17.003400
22.575000	0.5	17.001550
22.583333	0.5	17.002700
22.591667	0.5	16.998350
22.600000	0.5	17.000650
22.608333	0.5	17.012650
22.616667	0.5	17.020300
22.625000	0.5	17.019650
22.633333	0.5	17.017650
22.641667	0.5	17.016900
22.650000	0.5	17.018650
22.658333	0.5	17.017650
22.666667	0.5	17.013450
22.675000	0.5	17.007200
22.683333	0.5	17.011650
22.691667	0.5	16.998900
22.700000	0.5	17.011200
22.708333	0.5	17.016800
22.716667	0.5	17.019200
22.725000	0.5	17.017450
22.733333	0.5	17.014350
22.741667	0.5	17.014050
22.750000	0.5	17.009650
22.758333	0.5	17.003550
22.766667	0.5	16.998750
22.775000	0.5	16.994600
22.783333	0.5	16.986250
22.791667	0.5	16.986300
22.800000	0.5	16.992950
22.808333	0.5	16.998300
22.816667	0.5	16.989250
22.825000	0.5	16.986700
22.833333	0.5	16.979000
22.841667	0.5	16.973400
22.850000	0.5	16.969000
22.858333	0.5	16.964900
22.866667	0.5	16.956850
22.875000	0.5	16.953050
22.883333	0.5	16.936900
22.891667	0.5	16.944700
22.900000	0.5	16.951650
22.908333	0.5	16.950200
22.916667	0.5	16.944800
22.925000	0.5	16.940450
22.933333	0.5	16.936700
22.941667	0.5	16.930600
22.950000	0.5	16.924200
22.958333	0.5	16.918850
22.966667	0.5	16.916500
22.975000	0.5	16.908250
22.983333	0.5	16.908700
22.991667	0.5	16.917600
23.000000	0.5	16.924950
23.008333	0.5	16.921900
23.016667	0.5	16.921000
23.025000	0.5	16.921100
23.033333	0.5	16.918200
23.041667	0.5	16.916850
23.050000	0.5	16.913700
23.058333	0.5	16.913850
23.066667	0.5	16.916650
23.075000	0.5	16.908800
23.083333	0.5	16.921800
23.091667	0.5	16.927250
23.100000	0.5	16.934050
23.108333	0.5	16.934700
23.116667	0.5	16.932050
23.125000	0.5	16.930400
23.133333	0.5	16.927250
23.141667	0.5	16.922800
23.150000	0.5	16.915450
23.158333	0.5	16.911150
23.166667	0.5	16.895350
23.175000	0.5	16.870800
23.183333	0.5	16.803250
23.191667	0.5	16.609950
23.200000	0.5	16.265850
23.208333	0.5	15.853100
23.216667	0.5	15.425200
23.225000	0.5	15.017800
23.233333	0.5	14.662500
23.241667	0.5	14.404250
23.250000	0.5	14.240950
23.258333	0.5	14.156550
23.266667	0.5	14.104800
23.275000	0.5	14.084400
23.283333	0.5	14.075000
23.291667	0.5	14.064750
23.300000	0.5	14.056900
23.308333	0.5	14.053450
23.316667	0.5	14.057100
23.325000	0.5	14.058650
23.333333	0.5	14.065750
23.341667	0.5	14.074750
23.350000	0.5	14.092400
23.358333	0.5	14.104150
23.366667	0.5	14.132100
23.375000	0.5	14.166150
23.383333	0.5	14.202350
23.391667	0.5	14.234450
23.400000	0.5	14.273550
23.408333	0.5	14.319500
23.416667	0.5	14.370250
23.425000	0.5	14.423300
23.433333	0.5	14.486650
23.441667	0.5	14.553050
23.450000	0.5	14.624600
23.458333	0.5	14.698150
23.466667	0.5	14.789050
23.475000	0.5	14.881300
23.483333	0.5	14.976150
23.491667	0.5	15.080650
23.500000	0.5	15.187700
23.508333	0.5	15.298600
23.516667	0.5	15.415000
23.525000	0.5	15.535800
23.533333	0.5	15.658600
23.541667	0.5	15.783400
23.550000	0.5	15.903600
23.558333	0.5	16.036200
23.566667	0.5	16.175100
23.575000	0.5	16.305650
23.583333	0.5	16.431000
23.591667	0.5	16.558800
23.600000	0.5	16.677550
23.608333	0.5	16.792750
23.616667	0.5	16.902100
23.625000	0.5	17.005600
23.633333	0.5	17.093400
23.641667	0.5	17.180800
23.650000	0.5	17.247250
23.658333	0.5	17.321200
23.666667	0.5	17.373350
23.675000	0.5	17.410350
23.683333	0.5	17.435600
23.691667	0.5	17.441400
23.700000	0.5	17.432250
23.708333	0.5	17.409650
23.716667	0.5	17.366700
23.725000	0.5	17.313750
23.733333	0.5	17.244750
23.741667	0.5	17.157300
23.750000	0.5	17.063900
23.758333	0.5	16.960650
23.766667	0.5	16.842100
23.775000	0.5	16.704900
23.783333	0.5	16.561500
23.791667	0.5	16.409700
23.800000	0.5	16.251900
23.808333	0.5	16.093750
23.816667	0.5	15.930700
23.825000	0.5	15.769200
23.833333	0.5	15.604800
23.841667	0.5	15.438450
23.850000	0.5	15.288750
23.858333	0.5	15.138300
23.866667	0.5	14.983300
23.875000	0.5	14.838200
23.883333	0.5	14.697400
23.891667	0.5	14.566850
23.900000	0.5	14.437100
23.908333	0.5	14.316850
23.916667	0.5	14.207400
23.925000	0.5	14.107700
23.933333	0.5	14.007350
23.941667	0.5	13.922750
23.950000	0.5	13.849750
23.958333	0.5	13.780750
23.966667	0.5	13.710550
23.975000	0.5	13.647150
23.983333	0.5	13.593700
23.991667	0.5	13.546050
24.000000	0.5	13.505650
24.008333	0.5	13.463750
24.016667	0.5	13.431400
24.025000	0.5	13.402200
24.033333	0.5	13.372900
24.041667	0.5	13.358050
24.050000	0.5	13.339500
24.058333	0.5	13.323000
24.066667	0.5	13.309000
24.075000	0.5	13.293250
24.083333	0.5	13.282950
24.091667	0.5	13.270750
24.100000	0.5	13.262700
24.108333	0.5	13.257100
24.116667	0.5	13.250250
24.125000	0.5	13.240850
24.133333	0.5	13.240950
24.141667	0.5	13.244550
24.150000	0.5	13.251700
24.158333	0.5	13.250750
24.166667	0.5	13.257400
24.175000	0.5	13.258000
24.183333	0.5	13.263700
24.191667	0.5	13.270750
24.200000	0.5	13.279050
24.208333	0.5	13.286300
24.216667	0.5	13.297600
24.225000	0.5	13.300800
24.233333	0.5	13.317950
24.241667	0.5	13.332400
24.250000	0.5	13.344050
24.258333	0.5	13.355900
24.266667	0.5	13.369200
24.275000	0.5	13.381100
24.283333	0.5	13.392500
24.291667	0.5	13.404700
24.300000	0.5	13.412250
24.308333	0.5	13.429200
24.316667	0.5	13.428550
24.325000	0.5	13.443350
24.333333	0.5	13.455850
24.341667	0.5	13.464000
24.350000	0.5	13.466100
24.358333	0.5	13.468850
24.366667	0.5	13.469200
24.375000	0.5	13.463900
24.383333	0.5	13.458400
24.391667	0.5	13.451000
24.400000	0.5	13.440900
24.408333	0.5	13.428900
24.416667	0.5	13.411750
24.425000	0.5	13.398250
24.433333	0.5	13.382750
24.441667	0.5	13.356200
24.450000	0.5	13.325350
24.458333	0.5	13.292800
24.466667	0.5	13.259500
24.475000	0.5	13.220600
24.483333	0.5	13.179600
24.491667	0.5	13.137000
24.500000	0.5	13.092250
24.508333	0.5	13.035200
24.516667	0.5	12.986950
24.525000	0.5	12.935550
24.533333	0.5	12.885700
24.541667	0.5	12.826500
24.550000	0.5	12.769200
24.558333	0.5	12.709400
24.566667	0.5	12.652750
24.575000	0.5	12.593250
24.583333	0.5	12.534250
24.591667	0.5	12.481350
24.600000	0.5	12.421650
24.608333	0.5	12.363350
24.616667	0.5	12.318550
24.625000	0.5	12.267650
24.633333	0.5	12.217200
24.641667	0.5	12.168450
24.650000	0.5	12.123350
24.658333	0.5	12.080550
24.666667	0.5	12.039600
24.675000	0.5	12.000400
24.683333	0.5	11.962300
24.691667	0.5	11.930100
24.700000	0.5	11.892850
24.708333	0.5	11.864350
24.716667	0.5	11.838350
24.725000	0.5	11.813650
24.733333	0.5	11.786450
24.741667	0.5	11.765750
24.750000	0.5	11.745150
24.758333	0.5	11.724400
24.766667	0.5	11.709300
24.775000	0.5	11.692950
24.783333	0.5	11.682950
24.791667	0.5	11.673350
24.800000	0.5	11.660300
24.808333	0.5	11.660400
24.816667	0.5	11.658300
24.825000	0.5	11.658600
24.833333	0.5	11.659500
24.841667	0.5	11.661900
24.850000	0.5	11.666300
24.858333	0.5	11.675400
24.866667	0.5	11.685000
24.875000	0.5	11.698950
24.883333	0.5	11.717850
24.891667	0.5	11.733050
24.900000	0.5	11.762850
24.908333	0.5	11.792200
24.916667	0.5	11.820900
24.925000	0.5	11.856450
24.933333	0.5	11.891600
24.941667	0.5	11.932800
24.950000	0.5	11.975950
24.958333	0.5	12.022200
24.966667	0.5	12.070350
24.975000	0.5	12.122500
24.983333	0.5	12.177250
24.991667	0.5	12.235500
25.000000	0.5	12.300350
25.008333	0.5	12.367350
25.016667	0.5	12.433100
25.025000	0.5	12.501000
25.033333	0.5	12.572400
25.041667	0.5	12.644350
25.050000	0.5	12.720700
25.058333	0.5	12.797900
25.066667	0.5	12.872800
25.075000	0.5	12.953350
25.083333	0.5	13.026100
25.091667	0.5	13.108300
25.100000	0.5	13.188000
25.108333	0.5	13.266300
25.116667	0.5	13.338650
25.125000	0.5	13.414500
25.133333	0.5	13.484750
25.141667	0.5	13.551300
25.150000	0.5	13.613700
25.158333	0.5	13.673550
25.166667	0.5	13.726850
25.175000	0.5	13.780950
25.183333	0.5	13.821400
25.191667	0.5	13.868950
25.200000	0.5	13.905250
25.208333	0.5	13.928400
25.216667	0.5	13.947850
25.225000	0.5	13.962100
25.233333	0.5	13.968350
25.241667	0.5	13.969200
25.250000	0.5	13.967050
25.258333	0.5	13.953000
25.266667	0.5	13.937800
25.275000	0.5	13.913050
25.283333	0.5	13.892450
25.291667	0.5	13.864250
25.300000	0.5	13.831500
25.308333	0.5	13.790700
25.316667	0.5	13.750750
25.325000	0.5	13.706750
25.333333	0.5	13.665150
25.341667	0.5	13.620400
25.350000	0.5	13.577700
25.358333	0.5	13.529250
25.366667	0.5	13.488700
25.375000	0.5	13.443300
25.383333	0.5	13.404200
25.391667	0.5	13.367300
25.400000	0.5	13.329500
25.408333	0.5	13.292850
25.416667	0.5	13.259050
25.425000	0.5	13.232100
25.433333	0.5	13.207550
25.441667	0.5	13.183250
25.450000	0.5	13.167700
25.458333	0.5	13.156300
25.466667	0.5	13.144850
25.475000	0.5	13.149500
25.483333	0.5	13.160150
25.491667	0.5	13.174350
25.500000	0.5	13.187650
25.508333	0.5	13.215150
25.516667	0.5	13.242950
25.525000	0.5	13.280100
25.533333	0.5	13.317050
25.541667	0.5	13.363000
25.550000	0.5	13.413150
25.558333	0.5	13.468200
25.566667	0.5	13.520650
25.575000	0.5	13.588450
25.583333	0.5	13.652150
25.591667	0.5	13.714400
25.600000	0.5	13.773550
25.608333	0.5	13.837700
25.616667	0.5	13.895750
25.625000	0.5	13.955550
25.633333	0.5	14.010000
25.641667	0.5	14.066000
25.650000	0.5	14.120100
25.658333	0.5	14.159550
25.666667	0.5	14.211150
25.675000	0.5	14.259100
25.683333	0.5	14.302400
25.691667	0.5	14.334900
25.700000	0.5	14.363250
25.708333	0.5	14.386950
25.716667	0.5	14.408400
25.725000	0.5	14.425100
25.733333	0.5	14.435150
25.741667	0.5	14.442600
25.750000	0.5	14.444050
25.758333	0.5	14.437350
25.766667	0.5	14.432350
25.775000	0.5	14.424100
25.783333	0.5	14.401600
25.791667	0.5	14.380550
25.800000	0.5	14.353750
25.808333	0.5	14.319150
25.816667	0.5	14.279200
25.825000	0.5	14.239500
25.833333	0.5	14.192950
25.841667	0.5	14.148050
25.850000	0.5	14.092200
25.858333	0.5	14.043800
25.866667	0.5	13.989150
25.875000	0.5	13.931800
25.883333	0.5	13.874150
25.891667	0.5	13.809400
25.900000	0.5	13.749200
25.908333	0.5	13.684150
25.916667	0.5	13.620400
25.925000	0.5	13.558700
25.933333	0.5	13.498600
25.941667	0.5	13.440200
25.950000	0.5	13.378850
25.958333	0.5	13.330850
25.966667	0.5	13.279750
25.975000	0.5	13.228650
25.983333	0.5	13.174950
25.991667	0.5	13.133250
26.000000	0.5	13.088300
26.008333	0.5	13.048400
26.016667	0.5	13.014050
26.025000	0.5	12.981050
26.033333	0.5	12.955250
26.041667	0.5	12.921700
26.050000	0.5	12.902700
26.058333	0.5	12.886900
26.066667	0.5	12.871150
26.075000	0.5	12.852600
26.083333	0.5	12.840000
26.091667	0.5	12.826750
26.100000	0.5	12.818600
26.108333	0.5	12.807050
26.116667	0.5	12.800800
26.125000	0.5	12.794450
26.133333	0.5	12.792150
26.141667	0.5	12.782300
26.150000	0.5	12.782400
26.158333	0.5	12.784400
26.166667	0.5	12.775650
26.175000	0.5	12.773400
26.183333	0.5	12.770950
26.191667	0.5	12.766800
26.200000	0.5	12.765650
26.208333	0.5	12.758400
26.216667	0.5	12.754600
26.225000	0.5	12.752950
26.233333	0.5	12.745250
26.241667	0.5	12.750650
26.250000	0.5	12.751100
26.258333	0.5	12.753600
26.266667	0.5	12.750850
26.275000	0.5	12.749450
26.283333	0.5	12.746100
26.291667	0.5	12.749350
26.300000	0.5	12.748600
26.308333	0.5	12.755100
26.316667	0.5	12.758200
26.325000	0.5	12.759850
26.333333	0.5	12.765100
26.341667	0.5	12.776800
26.350000	0.5	12.793800
26.358333	0.5	12.798800
26.366667	0.5	12.808600
26.375000	0.5	12.820300
26.383333	0.5	12.837500
26.391667	0.5	12.848550
26.400000	0.5	12.865650
26.408333	0.5	12.881050
26.416667	0.5	12.902750
26.425000	0.5	12.919000
26.433333	0.5	12.941800
26.441667	0.5	12.969500
26.450000	0.5	12.995350
26.458333	0.5	13.019150
26.466667	0.5	13.043450
26.475000	0.5	13.067400
26.483333	0.5	13.096150
26.491667	0.5	13.123300
26.500000	0.5	13.149100
26.508333	0.5	13.175600
26.516667	0.5	13.204750
26.525000	0.5	13.233800
26.533333	0.5	13.266750
26.541667	0.5	13.297800
26.550000	0.5	13.324700
26.558333	0.5	13.354500
26.566667	0.5	13.380250
26.575000	0.5	13.409600
26.583333	0.5	13.435400
26.591667	0.5	13.460250
26.600000	0.5	13.486000
26.608333	0.5	13.514900
26.616667	0.5	13.533300
26.625000	0.5	13.561750
26.633333	0.5	13.588150
26.641667	0.5	13.612150
26.650000	0.5	13.630950
26.658333	0.5	13.646850
26.666667	0.5	13.664900
26.675000	0.5	13.683350
26.683333	0.5	13.699350
26.691667	0.5	13.715800
26.700000	0.5	13.730800
26.708333	0.5	13.742800
26.716667	0.5	13.753950
26.725000	0.5	13.773450
26.733333	0.5	13.783800
26.741667	0.5	13.793700
26.750000	0.5	13.800150
26.758333	0.5	13.807500
26.766667	0.5	13.815400
26.775000	0.5	13.823200
26.783333	0.5	13.826000
26.791667	0.5	13.832300
26.800000	0.5	13.838500
26.808333	0.5	13.838250
26.816667	0.5	13.846800
26.825000	0.5	13.854550
26.833333	0.5	13.856150
26.841667	0.5	13.855900
26.850000	0.5	13.855750
26.858333	0.5	13.853750
26.866667	0.5	13.855250
26.875000	0.5	13.855000
26.883333	0.5	13.851100
26.891667	0.5	13.847550
26.900000	0.5	13.847700
26.908333	0.5	13.839650
26.916667	0.5	13.841500
26.925000	0.5	13.839700
26.933333	0.5	13.833000
26.941667	0.5	13.822850
26.950000	0.5	13.814150
26.958333	0.5	13.804000
26.966667	0.5	13.790300
26.975000	0.5	13.776100
26.983333	0.5	13.757650
26.991667	0.5	13.746850
27.000000	0.5	13.725000
27.008333	0.5	13.710900
27.016667	0.5	13.690800
27.025000	0.5	13.672300
27.033333	0.5	13.643600
27.041667	0.5	13.621000
27.050000	0.5	13.589100
27.058333	0.5	13.557700
27.066667	0.5	13.527200
27.075000	0.5	13.494400
27.083333	0.5	13.457350
27.091667	0.5	13.418250
27.100000	0.5	13.378300
27.108333	0.5	13.349550
27.116667	0.5	13.308100
27.125000	0.5	13.265300
27.133333	0.5	13.223000
27.141667	0.5	13.176350
27.150000	0.5	13.130450
27.158333	0.5	13.084950
27.166667	0.5	13.040350
27.175000	0.5	12.991250
27.183333	0.5	12.946100
27.191667	0.5	12.896800
27.200000	0.5	12.856350
27.208333	0.5	12.811850
27.216667	0.5	12.768050
27.225000	0.5	12.722950
27.233333	0.5	12.683000
27.241667	0.5	12.637850
27.250000	0.5	12.596300
27.258333	0.5	12.556650
27.266667	0.5	12.515950
27.275000	0.5	12.483200
27.283333	0.5	12.446750
27.291667	0.5	12.412150
27.300000	0.5	12.384100
27.308333	0.5	12.360050
27.316667	0.5	12.326450
27.325000	0.5	12.298550
27.333333	0.5	12.272550
27.341667	0.5	12.248200
27.350000	0.5	12.225400
27.358333	0.5	12.204300
27.366667	0.5	12.186450
27.375000	0.5	12.171800
27.383333	0.5	12.148600
27.391667	0.5	12.136300
27.400000	0.5	12.129350
27.408333	0.5	12.122650
27.416667	0.5	12.108700
27.425000	0.5	12.100950
27.433333	0.5	12.096100
27.441667	0.5	12.089050
27.450000	0.5	12.081250
27.458333	0.5	12.078750
27.466667	0.5	12.079250
27.475000	0.5	12.072050
27.483333	0.5	12.070500
27.491667	0.5	12.077850
27.500000	0.5	12.079300
27.508333	0.5	12.075250
27.516667	0.5	12.077400
27.525000	0.5	12.075200
27.533333	0.5	12.073150
27.541667	0.5	12.073450
27.550000	0.5	12.075000
27.558333	0.5	12.074350
27.566667	0.5	12.078850
27.575000	0.5	12.072550
27.583333	0.5	12.080300
27.591667	0.5	12.084350
27.600000	0.5	12.088250
27.608333	0.5	12.084450
27.616667	0.5	12.088300
27.625000	0.5	12.091500
27.633333	0.5	12.093900
27.641667	0.5	12.093550
27.650000	0.5	12.093800
27.658333	0.5	12.097700
27.666667	0.5	12.097000
27.675000	0.5	12.100750
27.683333	0.5	12.108350
27.691667	0.5	12.115200
27.700000	0.5	12.115150
27.708333	0.5	12.120550
27.716667	0.5	12.120700
27.725000	0.5	12.121500
27.733333	0.5	12.122800
27.741667	0.5	12.122550
27.750000	0.5	12.119700
27.758333	0.5	12.125850
27.766667	0.5	12.120050
27.775000	0.5	12.127500
27.783333	0.5	12.130550
27.791667	0.5	12.132750
27.800000	0.5	12.124850
27.808333	0.5	12.127650
27.816667	0.5	12.124300
27.825000	0.5	12.116400
27.833333	0.5	12.110950
27.841667	0.5	12.106100
27.850000	0.5	12.098500
27.858333	0.5	12.093050
27.866667	0.5	12.084400
27.875000	0.5	12.078500
27.883333	0.5	12.068050
27.891667	0.5	12.058600
27.900000	0.5	12.045650
27.908333	0.5	12.032800
27.916667	0.5	12.020250
27.925000	0.5	12.008250
27.933333	0.5	11.990100
27.941667	0.5	11.975950
27.950000	0.5	11.960400
27.958333	0.5	11.941300
27.966667	0.5	11.932200
27.975000	0.5	11.919300
27.983333	0.5	11.902500
27.991667	0.5	11.890800
28.000000	0.5	11.876550
28.008333	0.5	11.856150
28.016667	0.5	11.842350
28.025000	0.5	11.821600
28.033333	0.5	11.808100
28.041667	0.5	11.791700
28.050000	0.5	11.778000
28.058333	0.5	11.763650
28.066667	0.5	11.753850
28.075000	0.5	11.743450
28.083333	0.5	11.732950
28.091667	0.5	11.723050
28.100000	0.5	11.710900
28.108333	0.5	11.702000
28.116667	0.5	11.690450
28.125000	0.5	11.685650
28.133333	0.5	11.679250
28.141667	0.5	11.675650
28.150000	0.5	11.665850
28.158333	0.5	11.673800
28.166667	0.5	11.671750
28.175000	0.5	11.670850
28.183333	0.5	11.675250
28.191667	0.5	11.680100
28.200000	0.5	11.683800
28.208333	0.5	11.688800
28.216667	0.5	11.697900
28.225000	0.5	11.705700
28.233333	0.5	11.715050
28.241667	0.5	11.725600
28.250000	0.5	11.741500
28.258333	0.5	11.756600
28.266667	0.5	11.778850
28.275000	0.5	11.794050
28.283333	0.5	11.812900
28.291667	0.5	11.832900
28.300000	0.5	11.852400
28.308333	0.5	11.879950
28.316667	0.5	11.904650
28.325000	0.5	11.927600
28.333333	0.5	11.955450
28.341667	0.5	11.978350
28.350000	0.5	12.013250
28.358333	0.5	12.043350
28.366667	0.5	12.076750
28.375000	0.5	12.108200
28.383333	0.5	12.142350
28.391667	0.5	12.172800
28.400000	0.5	12.202950
28.408333	0.5	12.238100
28.416667	0.5	12.266500
28.425000	0.5	12.305900
28.433333	0.5	12.341100
28.441667	0.5	12.372600
28.450000	0.5	12.414550
28.458333	0.5	12.449900
28.466667	0.5	12.481600
28.475000	0.5	12.520950
28.483333	0.5	12.554650
28.491667	0.5	12.584500
28.500000	0.5	12.615850
28.508333	0.5	12.647250
28.516667	0.5	12.675950
28.525000	0.5	12.710300
28.533333	0.5	12.732150
28.541667	0.5	12.764200
28.550000	0.5	12.799400
28.558333	0.5	12.829250
28.566667	0.5	12.854250
28.575000	0.5	12.881400
28.583333	0.5	12.903100
28.591667	0.5	12.930250
28.600000	0.5	12.946100
28.608333	0.5	12.967450
28.616667	0.5	12.986800
28.625000	0.5	13.006500
28.633333	0.5	13.025450
28.641667	0.5	13.051250
28.650000	0.5	13.067600
28.658333	0.5	13.083200
28.666667	0.5	13.093050
28.675000	0.5	13.108100
28.683333	0.5	13.121100
28.691667	0.5	13.129750
28.700000	0.5	13.139650
28.708333	0.5	13.150850
28.716667	0.5	13.157400
28.725000	0.5	13.160500
28.733333	0.5	13.173250
28.741667	0.5	13.186400
28.750000	0.5	13.195050
28.758333	0.5	13.198550
28.766667	0.5	13.204200
28.775000	0.5	13.211100
28.783333	0.5	13.216400
28.791667	0.5	13.213600
28.800000	0.5	13.220050
28.808333	0.5	13.222350
28.816667	0.5	13.224200
28.825000	0.5	13.227850
28.833333	0.5	13.234650
28.841667	0.5	13.241950
28.850000	0.5	13.248850
28.858333	0.5	13.250600
28.866667	0.5	13.255900
28.875000	0.5	13.259700
28.883333	0.5	13.267750
28.891667	0.5	13.275750
28.900000	0.5	13.289250
28.908333	0.5	13.301250
28.916667	0.5	13.297700
28.925000	0.5	13.316050
28.933333	0.5	13.333900
28.941667	0.5	13.350650
28.950000	0.5	13.363150
28.958333	0.5	13.374400
28.966667	0.5	13.391300
28.975000	0.5	13.401100
28.983333	0.5	13.420750
28.991667	0.5	13.435650
29.000000	0.5	13.449800
29.008333	0.5	13.464250
29.016667	0.5	13.479250
29.025000	0.5	13.502000
29.033333	0.5	13.516200
29.041667	0.5	13.530450
29.050000	0.5	13.542600
29.058333	0.5	13.555050
29.066667	0.5	13.560600
29.075000	0.5	13.565900
29.083333	0.5	13.574200
29.091667	0.5	13.573400
29.100000	0.5	13.581850
29.108333	0.5	13.571650
29.116667	0.5	13.573850
29.125000	0.5	13.574850
29.133333	0.5	13.569650
29.141667	0.5	13.553600
29.150000	0.5	13.541000
29.158333	0.5	13.531700
29.166667	0.5	13.516450
29.175000	0.5	13.501450
29.183333	0.5	13.481250
29.191667	0.5	13.464550
29.200000	0.5	13.444650
29.208333	0.5	13.422900
29.216667	0.5	13.414300
29.225000	0.5	13.400800
29.233333	0.5	13.377600
29.241667	0.5	13.360850
29.250000	0.5	13.346500
29.258333	0.5	13.330500
29.266667	0.5	13.315750
29.275000	0.5	13.301600
29.283333	0.5	13.293350
29.291667	0.5	13.286000
29.300000	0.5	13.272300
29.308333	0.5	13.275200
29.316667	0.5	13.274800
29.325000	0.5	13.277050
29.333333	0.5	13.274300
29.341667	0.5	13.281250
29.350000	0.5	13.286750
29.358333	0.5	13.292750
29.366667	0.5	13.300100
29.375000	0.5	13.309000
29.383333	0.5	13.326150
29.391667	0.5	13.335150
29.400000	0.5	13.349100
29.408333	0.5	13.371700
29.416667	0.5	13.393300
29.425000	0.5	13.414150
29.433333	0.5	13.434600
29.441667	0.5	13.462200
29.450000	0.5	13.478600
29.458333	0.5	13.501750
29.466667	0.5	13.524750
29.475000	0.5	13.548400
29.483333	0.5	13.574150
29.491667	0.5	13.599050
29.500000	0.5	13.619750
29.508333	0.5	13.649350
29.516667	0.5	13.677100
29.525000	0.5	13.700050
29.533333	0.5	13.717150
29.541667	0.5	13.736150
29.550000	0.5	13.752650
29.558333	0.5	13.764800
29.566667	0.5	13.784150
29.575000	0.5	13.797700
29.583333	0.5	13.808250
29.591667	0.5	13.815500
29.600000	0.5	13.835750
29.608333	0.5	13.848050
29.616667	0.5	13.855600
29.625000	0.5	13.861350
29.633333	0.5	13.868750
29.641667	0.5	13.874750
29.650000	0.5	13.878200
29.658333	0.5	13.887350
29.666667	0.5	13.888950
29.675000	0.5	13.896000
29.683333	0.5	13.892250
29.691667	0.5	13.901150
29.700000	0.5	13.912750
29.708333	0.5	13.911100
29.716667	0.5	13.916650
29.725000	0.5	13.913800
29.733333	0.5	13.915950
29.741667	0.5	13.918900
29.750000	0.5	13.918650
29.758333	0.5	13.918800
29.766667	0.5	13.919650
29.775000	0.5	13.917050
29.783333	0.5	13.922400
29.791667	0.5	13.918250
29.800000	0.5	13.926700
29.808333	0.5	13.922750
29.816667	0.5	13.924550
29.825000	0.5	13.920750
29.833333	0.5	13.916750
29.841667	0.5	13.916150
29.850000	0.5	13.910600
29.858333	0.5	13.904900
29.866667	0.5	13.907100
29.875000	0.5	13.898450
29.883333	0.5	13.894500
29.891667	0.5	13.895650
29.900000	0.5	13.890000
29.908333	0.5	13.884150
29.916667	0.5	13.887050
29.925000	0.5	13.873950
29.933333	0.5	13.870400
29.941667	0.5	13.862950
29.950000	0.5	13.851950
29.958333	0.5	13.845650
29.966667	0.5	13.831350
29.975000	0.5	13.826650
29.983333	0.5	13.825450
29.991667	0.5	13.819250
30.000000	0.5	13.813650
30.008333	0.5	13.804400
30.016667	0.5	13.794200
30.025000	0.5	13.783350
30.033333	0.5	13.772250
30.041667	0.5	13.759700
30.050000	0.5	13.751300
30.058333	0.5	13.749850
30.066667	0.5	13.724600
30.075000	0.5	13.718400
30.083333	0.5	13.716150
30.091667	0.5	13.710100
30.100000	0.5	13.700200
30.108333	0.5	13.687400
30.116667	0.5	13.676850
30.125000	0.5	13.665500
30.133333	0.5	13.652450
30.141667	0.5	13.643100
30.150000	0.5	13.631550
30.158333	0.5	13.616650
30.166667	0.5	13.611350
30.175000	0.5	13.601200
30.183333	0.5	13.596200
30.191667	0.5	13.585450
30.200000	0.5	13.577550
30.208333	0.5	13.558000
30.216667	0.5	13.546400
30.225000	0.5	13.536700
30.233333	0.5	13.520700
30.241667	0.5	13.504450
30.250000	0.5	13.495450
30.258333	0.5	13.468050
30.266667	0.5	13.459550
30.275000	0.5	13.446950
30.283333	0.5	13.424550
30.291667	0.5	13.399050
30.300000	0.5	13.378100
30.308333	0.5	13.350200
30.316667	0.5	13.315300
30.325000	0.5	13.282700
30.333333	0.5	13.242900
30.341667	0.5	13.206900
30.350000	0.5	13.163300
30.358333	0.5	13.122650
30.366667	0.5	13.084400
30.375000	0.5	13.038400
30.383333	0.5	12.992350
30.391667	0.5	12.944050
30.400000	0.5	12.897400
30.408333	0.5	12.847200
30.416667	0.5	12.793650
30.425000	0.5	12.747500
30.433333	0.5	12.702250
30.441667	0.5	12.660850
30.450000	0.5	12.614850
30.458333	0.5	12.585900
30.466667	0.5	12.552750
30.475000	0.5	12.521550
30.483333	0.5	12.493450
30.491667	0.5	12.473500
30.500000	0.5	12.451400
30.508333	0.5	12.440050
30.516667	0.5	12.433700
30.525000	0.5	12.427150
30.533333	0.5	12.439900
30.541667	0.5	12.444950
30.550000	0.5	12.463700
30.558333	0.5	12.487750
30.566667	0.5	12.515250
30.575000	0.5	12.541050
30.583333	0.5	12.574400
30.591667	0.5	12.601350
30.600000	0.5	12.626200
30.608333	0.5	12.653300
30.616667	0.5	12.676450
30.625000	0.5	12.694900
30.633333	0.5	12.705250
30.641667	0.5	12.705100
30.650000	0.5	12.707850
30.658333	0.5	12.706750
30.666667	0.5	12.691550
30.675000	0.5	12.667900
30.683333	0.5	12.637750
30.691667	0.5	12.604800
30.700000	0.5	12.559150
30.708333	0.5	12.509900
30.716667	0.5	12.458850
30.725000	0.5	12.395900
30.733333	0.5	12.335750
30.741667	0.5	12.266150
30.750000	0.5	12.198250
30.758333	0.5	12.121800
30.766667	0.5	12.055350
30.775000	0.5	11.979700
30.783333	0.5	11.893150
30.791667	0.5	11.815450
30.800000	0.5	11.738100
30.808333	0.5	11.665400
30.816667	0.5	11.580750
30.825000	0.5	11.515850
30.833333	0.5	11.439050
30.841667	0.5	11.382400
30.850000	0.5	11.318050
30.858333	0.5	11.258200
30.866667	0.5	11.195850
30.875000	0.5	11.142800
30.883333	0.5	11.084650
30.891667	0.5	11.038000
30.900000	0.5	10.982100
30.908333	0.5	10.940600
30.916667	0.5	10.899900
30.925000	0.5	10.862400
30.933333	0.5	10.824500
30.941667	0.5	10.790200
30.950000	0.5	10.764050
30.958333	0.5	10.729000
30.966667	0.5	10.705800
30.975000	0.5	10.673850
30.983333	0.5	10.655350
30.991667	0.5	10.637350
31.000000	0.5	10.612750
31.008333	0.5	10.595900
31.016667	0.5	10.585050
31.025000	0.5	10.567350
31.033333	0.5	10.558900
31.041667	0.5	10.552750
31.050000	0.5	10.552550
31.058333	0.5	10.537550
31.066667	0.5	10.530500
31.075000	0.5	10.531050
31.083333	0.5	10.527000
31.091667	0.5	10.525350
31.100000	0.5	10.524050
31.108333	0.5	10.525800
31.116667	0.5	10.524800
31.125000	0.5	10.537150
31.133333	0.5	10.537600
31.141667	0.5	10.542300
31.150000	0.5	10.550150
31.158333	0.5	10.556950
31.166667	0.5	10.560050
31.175000	0.5	10.563700
31.183333	0.5	10.573200
31.191667	0.5	10.584750
31.200000	0.5	10.600600
31.208333	0.5	10.609050
31.216667	0.5	10.610550
31.225000	0.5	10.624600
31.233333	0.5	10.639350
31.241667	0.5	10.665300
31.250000	0.5	10.671300
31.258333	0.5	10.685000
31.266667	0.5	10.701600
31.275000	0.5	10.712800
31.283333	0.5	10.725200
31.291667	0.5	10.744000
31.300000	0.5	10.762150
31.308333	0.5	10.773450
31.316667	0.5	10.800350
31.325000	0.5	10.823150
31.333333	0.5	10.847650
31.341667	0.5	10.864650
31.350000	0.5	10.886500
31.358333	0.5	10.907550
31.366667	0.5	10.935500
31.375000	0.5	10.956700
31.383333	0.5	10.984850
31.391667	0.5	11.014000
31.400000	0.5	11.044650
31.408333	0.5	11.071200
31.416667	0.5	11.109250
31.425000	0.5	11.145950
31.433333	0.5	11.181650
31.441667	0.5	11.222050
31.450000	0.5	11.259250
31.458333	0.5	11.300500
31.466667	0.5	11.342600
31.475000	0.5	11.385850
31.483333	0.5	11.435700
31.491667	0.5	11.488750
31.500000	0.5	11.539700
31.508333	0.5	11.596600
31.516667	0.5	11.661050
31.525000	0.5	11.726450
31.533333	0.5	11.793850
31.541667	0.5	11.863800
31.550000	0.5	11.935950
31.558333	0.5	12.009500
31.566667	0.5	12.093050
31.575000	0.5	12.178100
31.583333	0.5	12.255750
31.591667	0.5	12.350050
31.600000	0.5	12.436250
31.608333	0.5	12.536250
31.616667	0.5	12.634600
31.625000	0.5	12.728850
31.633333	0.5	12.824000
31.641667	0.5	12.923750
31.650000	0.5	13.021550
31.658333	0.5	13.111000
31.666667	0.5	13.193350
31.675000	0.5	13.276400
31.683333	0.5	13.358350
31.691667	0.5	13.433900
31.700000	0.5	13.497300
31.708333	0.5	13.565900
31.716667	0.5	13.626350
31.725000	0.5	13.674750
31.733333	0.5	13.719600
31.741667	0.5	13.759850
31.750000	0.5	13.793850
31.758333	0.5	13.819250
31.766667	0.5	13.842800
31.775000	0.5	13.859500
31.783333	0.5	13.887350
31.791667	0.5	13.897350
31.800000	0.5	13.908850
31.808333	0.5	13.931150
31.816667	0.5	13.950200
31.825000	0.5	13.950750
31.833333	0.5	13.961000
31.841667	0.5	13.975150
31.850000	0.5	13.989750
31.858333	0.5	14.000700
31.866667	0.5	14.014150
31.875000	0.5	14.033000
31.883333	0.5	14.048900
31.891667	0.5	14.068000
31.900000	0.5	14.090900
31.908333	0.5	14.114650
31.916667	0.5	14.136650
31.925000	0.5	14.164300
31.933333	0.5	14.185450
31.941667	0.5	14.212500
31.950000	0.5	14.240500
31.958333	0.5	14.273400
31.966667	0.5	14.295350
31.975000	0.5	14.325150
31.983333	0.5	14.350300
31.991667	0.5	14.390300
32.000000	0.5	14.432650
32.008333	0.5	14.451050
32.016667	0.5	14.482900
32.025000	0.5	14.518200
32.033333	0.5	14.535500
32.041667	0.5	14.564900
32.050000	0.5	14.587250
32.058333	0.5	14.609900
32.066667	0.5	14.627350
32.075000	0.5	14.646550
32.083333	0.5	14.663700
32.091667	0.5	14.687500
32.100000	0.5	14.702700
32.108333	0.5	14.711350
32.116667	0.5	14.721950
32.125000	0.5	14.728600
32.133333	0.5	14.738800
32.141667	0.5	14.741950
32.150000	0.5	14.741100
32.158333	0.5	14.747600
32.166667	0.5	14.751750
32.175000	0.5	14.741250
32.183333	0.5	14.750200
32.191667	0.5	14.750050
32.200000	0.5	14.749600
32.208333	0.5	14.744650
32.216667	0.5	14.740800
32.225000	0.5	14.737450
32.233333	0.5	14.735700
32.241667	0.5	14.726550
32.250000	0.5	14.725450
32.258333	0.5	14.722000
32.266667	0.5	14.721150
32.275000	0.5	14.714200
32.283333	0.5	14.719800
32.291667	0.5	14.725000
32.300000	0.5	14.730450
32.308333	0.5	14.730300
32.316667	0.5	14.734600
32.325000	0.5	14.738700
32.333333	0.5	14.734300
32.341667	0.5	14.739700
32.350000	0.5	14.744700
32.358333	0.5	14.759900
32.366667	0.5	14.761500
32.375000	0.5	14.774150
32.383333	0.5	14.799750
32.391667	0.5	14.818400
32.400000	0.5	14.835450
32.408333	0.5	14.852200
32.416667	0.5	14.870650
32.425000	0.5	14.895850
32.433333	0.5	14.920200
32.441667	0.5	14.940450
32.450000	0.5	14.974850
32.458333	0.5	15.003450
32.466667	0.5	15.034750
32.475000	0.5	15.075100
32.483333	0.5	15.113200
32.491667	0.5	15.151700
32.500000	0.5	15.195800
32.508333	0.5	15.233950
32.516667	0.5	15.275150
32.525000	0.5	15.317100
32.533333	0.5	15.364050
32.541667	0.5	15.400550
32.550000	0.5	15.444450
32.558333	0.5	15.481550
32.566667	0.5	15.530250
32.575000	0.5	15.584200
32.583333	0.5	15.631500
32.591667	0.5	15.671600
32.600000	0.5	15.715450
32.608333	0.5	15.756950
32.616667	0.5	15.798700
32.625000	0.5	15.834450
32.633333	0.5	15.861950
32.641667	0.5	15.889750
32.650000	0.5	15.871200
32.658333	0.5	15.715550
32.666667	0.5	15.390350
32.675000	0.5	15.018300
32.683333	0.5	14.680000
32.691667	0.5	14.431650
32.700000	0.5	14.268550
32.708333	0.5	14.163800
32.716667	0.5	14.081650
32.725000	0.5	14.013550
32.733333	0.5	13.954250
32.741667	0.5	13.897800
32.750000	0.5	13.836400
32.758333	0.5	13.791900
32.766667	0.5	13.741600
32.775000	0.5	13.704200
32.783333	0.5	13.651500
32.791667	0.5	13.603650
32.800000	0.5	13.562300
32.808333	0.5	13.525350
32.816667	0.5	13.488350
32.825000	0.5	13.454400
32.833333	0.5	13.416850
32.841667	0.5	13.393050
32.850000	0.5	13.369700
32.858333	0.5	13.356100
32.866667	0.5	13.346550
32.875000	0.5	13.336400
32.883333	0.5	13.349200
32.891667	0.5	13.377000
32.900000	0.5	13.425700
32.908333	0.5	13.504450
32.916667	0.5	13.621350
32.925000	0.5	13.774800
32.933333	0.5	13.976750
32.941667	0.5	14.213700
32.950000	0.5	14.490250
32.958333	0.5	14.800200
32.966667	0.5	15.115400
32.975000	0.5	15.437100
32.983333	0.5	15.759950
32.991667	0.5	16.060550
33.000000	0.5	16.331900
33.008333	0.5	16.576700
33.016667	0.5	16.783050
33.025000	0.5	16.946750
33.033333	0.5	17.062900
33.041667	0.5	17.136000
33.050000	0.5	17.164000
33.058333	0.5	17.146650
33.066667	0.5	17.073000
33.075000	0.5	16.960250
33.083333	0.5	16.811300
33.091667	0.5	16.620450
33.100000	0.5	16.397400
33.108333	0.5	16.145100
33.116667	0.5	15.875600
33.125000	0.5	15.596400
33.133333	0.5	15.293150
33.141667	0.5	15.000850
33.150000	0.5	14.712750
33.158333	0.5	14.426800
33.166667	0.5	14.157700
33.175000	0.5	13.906350
33.183333	0.5	13.680650
33.191667	0.5	13.488500
33.200000	0.5	13.318000
33.208333	0.5	13.182450
33.216667	0.5	13.073050
33.225000	0.5	12.982050
33.233333	0.5	12.914000
33.241667	0.5	12.868900
33.250000	0.5	12.831350
33.258333	0.5	12.795950
33.266667	0.5	12.776750
33.275000	0.5	12.759700
33.283333	0.5	12.745700
33.291667	0.5	12.731000
33.300000	0.5	12.722300
33.308333	0.5	12.713900
33.316667	0.5	12.708750
33.325000	0.5	12.691250
33.333333	0.5	12.687750
33.341667	0.5	12.681950
33.350000	0.5	12.666700
33.358333	0.5	12.655350
33.366667	0.5	12.642250
33.375000	0.5	12.625650
33.383333	0.5	12.612350
33.391667	0.5	12.598300
33.400000	0.5	12.579500
33.408333	0.5	12.570850
33.416667	0.5	12.552650
33.425000	0.5	12.540450
33.433333	0.5	12.536800
33.441667	0.5	12.525550
33.450000	0.5	12.513750
33.458333	0.5	12.506350
33.466667	0.5	12.496000
33.475000	0.5	12.490250
33.483333	0.5	12.485400
33.491667	0.5	12.479400
33.500000	0.5	12.476850
33.508333	0.5	12.479650
33.516667	0.5	12.472850
33.525000	0.5	12.479850
33.533333	0.5	12.483150
33.541667	0.5	12.487000
33.550000	0.5	12.488600
33.558333	0.5	12.494150
33.566667	0.5	12.498750
33.575000	0.5	12.504350
33.583333	0.5	12.505050
33.591667	0.5	12.511950
33.600000	0.5	12.519700
33.608333	0.5	12.528600
33.616667	0.5	12.539450
33.625000	0.5	12.557400
33.633333	0.5	12.575650
33.641667	0.5	12.595050
33.650000	0.5	12.614400
33.658333	0.5	12.639100
33.666667	0.5	12.668450
33.675000	0.5	12.698450
33.683333	0.5	12.734750
33.691667	0.5	12.772750
33.700000	0.5	12.812850
33.708333	0.5	12.852700
33.716667	0.5	12.903350
33.725000	0.5	12.947650
33.733333	0.5	12.997100
33.741667	0.5	13.045300
33.750000	0.5	13.098900
33.758333	0.5	13.150400
33.766667	0.5	13.206050
33.775000	0.5	13.267150
33.783333	0.5	13.336450
33.791667	0.5	13.409350
33.800000	0.5	13.486300
33.808333	0.5	13.578500
33.816667	0.5	13.679050
33.825000	0.5	13.788000
33.833333	0.5	13.907050
33.841667	0.5	14.026450
33.850000	0.5	14.153550
33.858333	0.5	14.283400
33.866667	0.5	14.411150
33.875000	0.5	14.539550
33.883333	0.5	14.655100
33.891667	0.5	14.771600
33.900000	0.5	14.868700
33.908333	0.5	14.971200
33.916667	0.5	15.055050
33.925000	0.5	15.116850
33.933333	0.5	15.177750
33.941667	0.5	15.219150
33.950000	0.5	15.249650
33.958333	0.5	15.265350
33.966667	0.5	15.264000
33.975000	0.5	15.249650
33.983333	0.5	15.218500
33.991667	0.5	15.168500
34.000000	0.5	15.110250
34.008333	0.5	15.039350
34.016667	0.5	14.958150
34.025000	0.5	14.861500
34.033333	0.5	14.768750
34.041667	0.5	14.675100
34.050000	0.5	14.590600
34.058333	0.5	14.511100
34.066667	0.5	14.440650
34.075000	0.5	14.388450
34.083333	0.5	14.341450
34.091667	0.5	14.300050
34.100000	0.5	14.274700
34.108333	0.5	14.255850
34.116667	0.5	14.236550
34.125000	0.5	14.228600
34.133333	0.5	14.215150
34.141667	0.5	14.211950
34.150000	0.5	14.206300
34.158333	0.5	14.201000
34.166667	0.5	14.187500
34.175000	0.5	14.182100
34.183333	0.5	14.167000
34.191667	0.5	14.149900
34.200000	0.5	14.135000
34.208333	0.5	14.108050
34.216667	0.5	14.071850
34.225000	0.5	14.039900
34.233333	0.5	13.992600
34.241667	0.5	13.945450
34.250000	0.5	13.892850
34.258333	0.5	13.824850
34.266667	0.5	13.762300
34.275000	0.5	13.687350
34.283333	0.5	13.611350
34.291667	0.5	13.528400
34.300000	0.5	13.444900
34.308333	0.5	13.354300
34.316667	0.5	13.259800
34.325000	0.5	13.162850
34.333333	0.5	13.064600
34.341667	0.5	12.961200
34.350000	0.5	12.858250
34.358333	0.5	12.764500
34.366667	0.5	12.670200
34.375000	0.5	12.576700
34.383333	0.5	12.494450
34.391667	0.5	12.425300
34.400000	0.5	12.351200
34.408333	0.5	12.283800
34.416667	0.5	12.233800
34.425000	0.5	12.182850
34.433333	0.5	12.139800
34.441667	0.5	12.108400
34.450000	0.5	12.077850
34.458333	0.5	12.062800
34.466667	0.5	12.053350
34.475000	0.5	12.041100
34.483333	0.5	12.047500
34.491667	0.5	12.047400
34.500000	0.5	12.052350
34.508333	0.5	12.060600
34.516667	0.5	12.079600
34.525000	0.5	12.090550
34.533333	0.5	12.114200
34.541667	0.5	12.136600
34.550000	0.5	12.155150
34.558333	0.5	12.178900
34.566667	0.5	12.204600
34.575000	0.5	12.231250
34.583333	0.5	12.259850
34.591667	0.5	12.282600
34.600000	0.5	12.305600
34.608333	0.5	12.330900
34.616667	0.5	12.355200
34.625000	0.5	12.363950
34.633333	0.5	12.377750
34.641667	0.5	12.386300
34.650000	0.5	12.397200
34.658333	0.5	12.401700
34.666667	0.5	12.403000
34.675000	0.5	12.404450
34.683333	0.5	12.404550
34.691667	0.5	12.401300
34.700000	0.5	12.396100
34.708333	0.5	12.390150
34.716667	0.5	12.382550
34.725000	0.5	12.377000
34.733333	0.5	12.368750
34.741667	0.5	12.365400
34.750000	0.5	12.360450
34.758333	0.5	12.361700
34.766667	0.5	12.355850
34.775000	0.5	12.356250
34.783333	0.5	12.354750
34.791667	0.5	12.350900
34.800000	0.5	12.355800
34.808333	0.5	12.351950
34.816667	0.5	12.351300
34.825000	0.5	12.354150
34.833333	0.5	12.353850
34.841667	0.5	12.352800
34.850000	0.5	12.352950
34.858333	0.5	12.349200
34.866667	0.5	12.356450
34.875000	0.5	12.356400
34.883333	0.5	12.354650
34.891667	0.5	12.357900
34.900000	0.5	12.354900
34.908333	0.5	12.357500
34.916667	0.5	12.360400
34.925000	0.5	12.356000
34.933333	0.5	12.358750
34.941667	0.5	12.361600
34.950000	0.5	12.363350
34.958333	0.5	12.377200
34.966667	0.5	12.382950
34.975000	0.5	12.393800
34.983333	0.5	12.409450
34.991667	0.5	12.428150
35.000000	0.5	12.447550
35.008333	0.5	12.471500
35.016667	0.5	12.500600
35.025000	0.5	12.521900
35.033333	0.5	12.547400
35.041667	0.5	12.575150
35.050000	0.5	12.599850
35.058333	0.5	12.623350
35.066667	0.5	12.649400
35.075000	0.5	12.665300
35.083333	0.5	12.685000
35.091667	0.5	12.690850
35.100000	0.5	12.696300
35.108333	0.5	12.701050
35.116667	0.5	12.699850
35.125000	0.5	12.693850
35.133333	0.5	12.697950
35.141667	0.5	12.684600
35.150000	0.5	12.675550
35.158333	0.5	12.667500
35.166667	0.5	12.657600
35.175000	0.5	12.640450
35.183333	0.5	12.626400
35.191667	0.5	12.614350
35.200000	0.5	12.597300
35.208333	0.5	12.580400
35.216667	0.5	12.566000
35.225000	0.5	12.545950
35.233333	0.5	12.530050
35.241667	0.5	12.508800
35.250000	0.5	12.483500
35.258333	0.5	12.456050
35.266667	0.5	12.421450
35.275000	0.5	12.378950
35.283333	0.5	12.344250
35.291667	0.5	12.291200
35.300000	0.5	12.236350
35.308333	0.5	12.181850
35.316667	0.5	12.123300
35.325000	0.5	12.060050
35.333333	0.5	11.997850
35.341667	0.5	11.930100
35.350000	0.5	11.869150
35.358333	0.5	11.812450
35.366667	0.5	11.748250
35.375000	0.5	11.692750
35.383333	0.5	11.638350
35.391667	0.5	11.592050
35.400000	0.5	11.544900
35.408333	0.5	11.508800
35.416667	0.5	11.483600
35.425000	0.5	11.456950
35.433333	0.5	11.427150
35.441667	0.5	11.416500
35.450000	0.5	11.401400
35.458333	0.5	11.392650
35.466667	0.5	11.386500
35.475000	0.5	11.388450
35.483333	0.5	11.388050
35.491667	0.5	11.385300
35.500000	0.5	11.383300
35.508333	0.5	11.385100
35.516667	0.5	11.390300
35.525000	0.5	11.392750
35.533333	0.5	11.397550
35.541667	0.5	11.406350
35.550000	0.5	11.406900
35.558333	0.5	11.408250
35.566667	0.5	11.413450
35.575000	0.5	11.412300
35.583333	0.5	11.405750
35.591667	0.5	11.405250
35.600000	0.5	11.410250
35.608333	0.5	11.402600
35.616667	0.5	11.395100
35.625000	0.5	11.382650
35.633333	0.5	11.380250
35.641667	0.5	11.374500
35.650000	0.5	11.361850
35.658333	0.5	11.345350
35.666667	0.5	11.332050
35.675000	0.5	11.324300
35.683333	0.5	11.306850
35.691667	0.5	11.296800
35.700000	0.5	11.280800
35.708333	0.5	11.267950
35.716667	0.5	11.259250
35.725000	0.5	11.250400
35.733333	0.5	11.250450
35.741667	0.5	11.244950
35.750000	0.5	11.239650
35.758333	0.5	11.244100
35.766667	0.5	11.243950
35.775000	0.5	11.250400
35.783333	0.5	11.257100
35.791667	0.5	11.268400
35.800000	0.5	11.283350
35.808333	0.5	11.297150
35.816667	0.5	11.309600
35.825000	0.5	11.330450
35.833333	0.5	11.352300
35.841667	0.5	11.372250
35.850000	0.5	11.391700
35.858333	0.5	11.409600
35.866667	0.5	11.419400
35.875000	0.5	11.431250
35.883333	0.5	11.435200
35.891667	0.5	11.439150
35.900000	0.5	11.437700
35.908333	0.5	11.426300
35.916667	0.5	11.415000
35.925000	0.5	11.392800
35.933333	0.5	11.364200
35.941667	0.5	11.331100
35.950000	0.5	11.293300
35.958333	0.5	11.249250
35.966667	0.5	11.200850
35.975000	0.5	11.157950
35.983333	0.5	11.101800
35.991667	0.5	11.060850
36.000000	0.5	11.018100
36.008333	0.5	10.967200
36.016667	0.5	10.928300
36.025000	0.5	10.892650
36.033333	0.5	10.858950
36.041667	0.5	10.821800
36.050000	0.5	10.790950
36.058333	0.5	10.769400
36.066667	0.5	10.754600
36.075000	0.5	10.736850
36.083333	0.5	10.730300
36.091667	0.5	10.724900
36.100000	0.5	10.722300
36.108333	0.5	10.728300
36.116667	0.5	10.742850
36.125000	0.5	10.751000
36.133333	0.5	10.765950
36.141667	0.5	10.786950
36.150000	0.5	10.811750
36.158333	0.5	10.835500
36.166667	0.5	10.860400
36.175000	0.5	10.889100
36.183333	0.5	10.924500
36.191667	0.5	10.956700
36.200000	0.5	10.995050
36.208333	0.5	11.033350
36.216667	0.5	11.069350
36.225000	0.5	11.101800
36.233333	0.5	11.130800
36.241667	0.5	11.167600
36.250000	0.5	11.195050
36.258333	0.5	11.225450
36.266667	0.5	11.251200
36.275000	0.5	11.267650
36.283333	0.5	11.289050
36.291667	0.5	11.305600
36.300000	0.5	11.312900
36.308333	0.5	11.319600
36.316667	0.5	11.326550
36.325000	0.5	11.323100
36.333333	0.5	11.320500
36.341667	0.5	11.317350
36.350000	0.5	11.305700
36.358333	0.5	11.290800
36.366667	0.5	11.277600
36.375000	0.5	11.260100
36.383333	0.5	11.247400
36.391667	0.5	11.222300
36.400000	0.5	11.210400
36.408333	0.5	11.190100
36.416667	0.5	11.172050
36.425000	0.5	11.150500
36.433333	0.5	11.123050
36.441667	0.5	11.106800
36.450000	0.5	11.077550
36.458333	0.5	11.058850
36.466667	0.5	11.038050
36.475000	0.5	11.015050
36.483333	0.5	11.000750
36.491667	0.5	10.983500
36.500000	0.5	10.968150
36.508333	0.5	10.946450
36.516667	0.5	10.929500
36.525000	0.5	10.922000
36.533333	0.5	10.910900
36.541667	0.5	10.894500
36.550000	0.5	10.884650
36.558333	0.5	10.869350
36.566667	0.5	10.867250
36.575000	0.5	10.856750
36.583333	0.5	10.847300
36.591667	0.5	10.850150
36.600000	0.5	10.839200
36.608333	0.5	10.834650
36.616667	0.5	10.828350
36.625000	0.5	10.827700
36.633333	0.5	10.820550
36.641667	0.5	10.815300
36.650000	0.5	10.812150
36.658333	0.5	10.807950
36.666667	0.5	10.800800
36.675000	0.5	10.802350
36.683333	0.5	10.796150
36.691667	0.5	10.796600
36.700000	0.5	10.795250
36.708333	0.5	10.788650
36.716667	0.5	10.788100
36.725000	0.5	10.783300
36.733333	0.5	10.781350
36.741667	0.5	10.779450
36.750000	0.5	10.775500
36.758333	0.5	10.769900
36.766667	0.5	10.768800
36.775000	0.5	10.766450
36.783333	0.5	10.765500
36.791667	0.5	10.765850
36.800000	0.5	10.763750
36.808333	0.5	10.760650
36.816667	0.5	10.763300
36.825000	0.5	10.766650
36.833333	0.5	10.772300
36.841667	0.5	10.779500
36.850000	0.5	10.798050
36.858333	0.5	10.815850
36.866667	0.5	10.835050
36.875000	0.5	10.865150
36.883333	0.5	10.899400
36.891667	0.5	10.939250
36.900000	0.5	10.985800
36.908333	0.5	11.034350
36.916667	0.5	11.091750
36.925000	0.5	11.156000
36.933333	0.5	11.221350
36.941667	0.5	11.290000
36.950000	0.5	11.364950
36.958333	0.5	11.442750
36.966667	0.5	11.505250
36.975000	0.5	11.578950
36.983333	0.5	11.640700
36.991667	0.5	11.699200
37.000000	0.5	11.756550
37.008333	0.5	11.800850
37.016667	0.5	11.834950
37.025000	0.5	11.863650
37.033333	0.5	11.885000
37.041667	0.5	11.895100
37.050000	0.5	11.897600
37.058333	0.5	11.888350
37.066667	0.5	11.871100
37.075000	0.5	11.849050
37.083333	0.5	11.821400
37.091667	0.5	11.783650
37.100000	0.5	11.741050
37.108333	0.5	11.701700
37.116667	0.5	11.658400
37.125000	0.5	11.621900
37.133333	0.5	11.573350
37.141667	0.5	11.535650
37.150000	0.5	11.505050
37.158333	0.5	11.471400
37.166667	0.5	11.450800
37.175000	0.5	11.437000
37.183333	0.5	11.422550
37.191667	0.5	11.422400
37.200000	0.5	11.425000
37.208333	0.5	11.439350
37.216667	0.5	11.458050
37.225000	0.5	11.485650
37.233333	0.5	11.529550
37.241667	0.5	11.580000
37.250000	0.5	11.631100
37.258333	0.5	11.700250
37.266667	0.5	11.765400
37.275000	0.5	11.838550
37.283333	0.5	11.911900
37.291667	0.5	11.988700
37.300000	0.5	12.068750
37.308333	0.5	12.154100
37.316667	0.5	12.239300
37.325000	0.5	12.322100
37.333333	0.5	12.401700
37.341667	0.5	12.477150
37.350000	0.5	12.551050
37.358333	0.5	12.626900
37.366667	0.5	12.699650
37.375000	0.5	12.756500
37.383333	0.5	12.817900
37.391667	0.5	12.868800
37.400000	0.5	12.919950
37.408333	0.5	12.954000
37.416667	0.5	12.994900
37.425000	0.5	13.015100
37.433333	0.5	13.037350
37.441667	0.5	13.050150
37.450000	0.5	13.057350
37.458333	0.5	13.060800
37.466667	0.5	13.048750
37.475000	0.5	13.029650
37.483333	0.5	13.002000
37.491667	0.5	12.966350
37.500000	0.5	12.927700
37.508333	0.5	12.871850
37.516667	0.5	12.815800
37.525000	0.5	12.752250
37.533333	0.5	12.677000
37.541667	0.5	12.594550
37.550000	0.5	12.516400
37.558333	0.5	12.429950
37.566667	0.5	12.333050
37.575000	0.5	12.228900
37.583333	0.5	12.129550
37.591667	0.5	12.019550
37.600000	0.5	11.915300
37.608333	0.5	11.804600
37.616667	0.5	11.702450
37.625000	0.5	11.597100
37.633333	0.5	11.502050
37.641667	0.5	11.411150
37.650000	0.5	11.327500
37.658333	0.5	11.252700
37.666667	0.5	11.174150
37.675000	0.5	11.110650
37.683333	0.5	11.052250
37.691667	0.5	11.008350
37.700000	0.5	10.961700
37.708333	0.5	10.929300
37.716667	0.5	10.901100
37.725000	0.5	10.884550
37.733333	0.5	10.872300
37.741667	0.5	10.871900
37.750000	0.5	10.872200
37.758333	0.5	10.886300
37.766667	0.5	10.896100
37.775000	0.5	10.929950
37.783333	0.5	10.960650
37.791667	0.5	11.002450
37.800000	0.5	11.059050
37.808333	0.5	11.122450
37.816667	0.5	11.200400
37.825000	0.5	11.287100
37.833333	0.5	11.391650
37.841667	0.5	11.510650
37.850000	0.5	11.632200
37.858333	0.5	11.768200
37.866667	0.5	11.917500
37.875000	0.5	12.069200
37.883333	0.5	12.227900
37.891667	0.5	12.388450
37.900000	0.5	12.553200
37.908333	0.5	12.714100
37.916667	0.5	12.872600
37.925000	0.5	13.018800
37.933333	0.5	13.172800
37.941667	0.5	13.303500
37.950000	0.5	13.427300
37.958333	0.5	13.541250
37.966667	0.5	13.635350
37.975000	0.5	13.732800
37.983333	0.5	13.810150
37.991667	0.5	13.879450
38.000000	0.5	13.929800
38.008333	0.5	13.982550
38.016667	0.5	14.013250
38.025000	0.5	14.046050
38.033333	0.5	14.067950
38.041667	0.5	14.082850
38.050000	0.5	14.086900
38.058333	0.5	14.096000
38.066667	0.5	14.093950
38.075000	0.5	14.090250
38.083333	0.5	14.082300
38.091667	0.5	14.069450
38.100000	0.5	14.056850
38.108333	0.5	14.037550
38.116667	0.5	14.015400
38.125000	0.5	13.995300
38.133333	0.5	13.965000
38.141667	0.5	13.931450
38.150000	0.5	13.894500
38.158333	0.5	13.847450
38.166667	0.5	13.812500
38.175000	0.5	13.756400
38.183333	0.5	13.701700
38.191667	0.5	13.644850
38.200000	0.5	13.582800
38.208333	0.5	13.517200
38.216667	0.5	13.449000
38.225000	0.5	13.370100
38.233333	0.5	13.295500
38.241667	0.5	13.215950
38.250000	0.5	13.126500
38.258333	0.5	13.043450
38.266667	0.5	12.958100
38.275000	0.5	12.872850
38.283333	0.5	12.779200
38.291667	0.5	12.693300
38.300000	0.5	12.609050
38.308333	0.5	12.522700
38.316667	0.5	12.445800
38.325000	0.5	12.364750
38.333333	0.5	12.289350
38.341667	0.5	12.217900
38.350000	0.5	12.148550
38.358333	0.5	12.083750
38.366667	0.5	12.032600
38.375000	0.5	11.981200
38.383333	0.5	11.949250
38.391667	0.5	11.913100
38.400000	0.5	11.883350
38.408333	0.5	11.879000
38.416667	0.5	11.869650
38.425000	0.5	11.878350
38.433333	0.5	11.882150
38.441667	0.5	11.902200
38.450000	0.5	11.935850
38.458333	0.5	11.967200
38.466667	0.5	12.001750
38.475000	0.5	12.042000
38.483333	0.5	12.083300
38.491667	0.5	12.120700
38.500000	0.5	12.161950
38.508333	0.5	12.200700
38.516667	0.5	12.235100
38.525000	0.5	12.262000
38.533333	0.5	12.291300
38.541667	0.5	12.310150
38.550000	0.5	12.333050
38.558333	0.5	12.336500
38.566667	0.5	12.345050
38.575000	0.5	12.343450
38.583333	0.5	12.341700
38.591667	0.5	12.332950
38.600000	0.5	12.321900
38.608333	0.5	12.296250
38.616667	0.5	12.281000
38.625000	0.5	12.248250
38.633333	0.5	12.225300
38.641667	0.5	12.185050
38.650000	0.5	12.155250
38.658333	0.5	12.123200
38.666667	0.5	12.084150
38.675000	0.5	12.045400
38.683333	0.5	12.013600
38.691667	0.5	11.975350
38.700000	0.5	11.944200
38.708333	0.5	11.910400
38.716667	0.5	11.886150
38.725000	0.5	11.846450
38.733333	0.5	11.817950
38.741667	0.5	11.796600
38.750000	0.5	11.761700
38.758333	0.5	11.736700
38.766667	0.5	11.711350
38.775000	0.5	11.687650
38.783333	0.5	11.661350
38.791667	0.5	11.637050
38.800000	0.5	11.612750
38.808333	0.5	11.589500
38.816667	0.5	11.559550
38.825000	0.5	11.538550
38.833333	0.5	11.509300
38.841667	0.5	11.484450
38.850000	0.5	11.453700
38.858333	0.5	11.431300
38.866667	0.5	11.410250
38.875000	0.5	11.389350
38.883333	0.5	11.362200
38.891667	0.5	11.343300
38.900000	0.5	11.334350
38.908333	0.5	11.310400
38.916667	0.5	11.290850
38.925000	0.5	11.272000
38.933333	0.5	11.258600
38.941667	0.5	11.243050
38.950000	0.5	11.229800
38.958333	0.5	11.217650
38.966667	0.5	11.208600
38.975000	0.5	11.199850
38.983333	0.5	11.196950
38.991667	0.5	11.184500
39.000000	0.5	11.181650
39.008333	0.5	11.176300
39.016667	0.5	11.163550
39.025000	0.5	11.159950
39.033333	0.5	11.150300
39.041667	0.5	11.148750
39.050000	0.5	11.141250
39.058333	0.5	11.134050
39.066667	0.5	11.134350
39.075000	0.5	11.128950
39.083333	0.5	11.122600
39.091667	0.5	11.122850
39.100000	0.5	11.117650
39.108333	0.5	11.107600
39.116667	0.5	11.104000
39.125000	0.5	11.096650
39.133333	0.5	11.094900
39.141667	0.5	11.085600
39.150000	0.5	11.084450
39.158333	0.5	11.076050
39.166667	0.5	11.073700
39.175000	0.5	11.065450
39.183333	0.5	11.054150
39.191667	0.5	11.052450
39.200000	0.5	11.039850
39.208333	0.5	11.028700
39.216667	0.5	11.025400
39.225000	0.5	11.014550
39.233333	0.5	11.005600
39.241667	0.5	11.001200
39.250000	0.5	11.002950
39.258333	0.5	10.987450
39.266667	0.5	10.981650
39.275000	0.5	10.982850
39.283333	0.5	10.985300
39.291667	0.5	10.978150
39.300000	0.5	10.971400
39.308333	0.5	10.966100
39.316667	0.5	10.958450
39.325000	0.5	10.958950
39.333333	0.5	10.967850
39.341667	0.5	10.959850
39.350000	0.5	10.962350
39.358333	0.5	10.961500
39.366667	0.5	10.957250
39.375000	0.5	10.965550
39.383333	0.5	10.956700
39.391667	0.5	10.959750
39.400000	0.5	10.950500
39.408333	0.5	10.948350
39.416667	0.5	10.943150
39.425000	0.5	10.937650
39.433333	0.5	10.933450
39.441667	0.5	10.922900
39.450000	0.5	10.913400
39.458333	0.5	10.905450
39.466667	0.5	10.897550
39.475000	0.5	10.892250
39.483333	0.5	10.871750
39.491667	0.5	10.864400
39.500000	0.5	10.856000
39.508333	0.5	10.843850
39.516667	0.5	10.832250
39.525000	0.5	10.824600
39.533333	0.5	10.813950
39.541667	0.5	10.804000
39.550000	0.5	10.795100
39.558333	0.5	10.790500
39.566667	0.5	10.781500
39.575000	0.5	10.777800
39.583333	0.5	10.766100
39.591667	0.5	10.759000
39.600000	0.5	10.756800
39.608333	0.5	10.745600
39.616667	0.5	10.741650
39.625000	0.5	10.738550
39.633333	0.5	10.736050
39.641667	0.5	10.736700
39.650000	0.5	10.728350
39.658333	0.5	10.731600
39.666667	0.5	10.731050
39.675000	0.5	10.731250
39.683333	0.5	10.728050
39.691667	0.5	10.725750
39.700000	0.5	10.727400
39.708333	0.5	10.727250
39.716667	0.5	10.728850
39.725000	0.5	10.736500
39.733333	0.5	10.736750
39.741667	0.5	10.735750
39.750000	0.5	10.745000
39.758333	0.5	10.750650
39.766667	0.5	10.754400
39.775000	0.5	10.760700
39.783333	0.5	10.762800
39.791667	0.5	10.766400
39.800000	0.5	10.773850
39.808333	0.5	10.781350
39.816667	0.5	10.789750
39.825000	0.5	10.795450
39.833333	0.5	10.809600
39.841667	0.5	10.822550
39.850000	0.5	10.836000
39.858333	0.5	10.850500
39.866667	0.5	10.868950
39.875000	0.5	10.897500
39.883333	0.5	10.933600
39.891667	0.5	10.970350
39.900000	0.5	11.024450
39.908333	0.5	11.096300
39.916667	0.5	11.175350
39.925000	0.5	11.266300
39.933333	0.5	11.366200
39.941667	0.5	11.486500
39.950000	0.5	11.611950
39.958333	0.5	11.753800
39.966667	0.5	11.890050
39.975000	0.5	12.024850
39.983333	0.5	12.169350
39.991667	0.5	12.317500
40.000000	0.5	12.459650
40.008333	0.5	12.604500
40.016667	0.5	12.743150
40.025000	0.5	12.873750
40.033333	0.5	13.008550
40.041667	0.5	13.133000
40.050000	0.5	13.237350
40.058333	0.5	13.343050
40.066667	0.5	13.443400
40.075000	0.5	13.532250
40.083333	0.5	13.615250
40.091667	0.5	13.674100
40.100000	0.5	13.747350
40.108333	0.5	13.787900
40.116667	0.5	13.831550
40.125000	0.5	13.862450
40.133333	0.5	13.898250
40.141667	0.5	13.904700
40.150000	0.5	13.915050
40.158333	0.5	13.911050
40.166667	0.5	13.889950
40.175000	0.5	13.868700
40.183333	0.5	13.842700
40.191667	0.5	13.799450
40.200000	0.5	13.754900
40.208333	0.5	13.698700
40.216667	0.5	13.644100
40.225000	0.5	13.568550
40.233333	0.5	13.499900
40.241667	0.5	13.408750
40.250000	0.5	13.321050
40.258333	0.5	13.227900
40.266667	0.5	13.120700
40.275000	0.5	13.016250
40.283333	0.5	12.908200
40.291667	0.5	12.792600
40.300000	0.5	12.673150
40.308333	0.5	12.556350
40.316667	0.5	12.436600
40.325000	0.5	12.333950
40.333333	0.5	12.220600
40.341667	0.5	12.113900
40.350000	0.5	12.009100
40.358333	0.5	11.915150
40.366667	0.5	11.830700
40.375000	0.5	11.755850
40.383333	0.5	11.682650
40.391667	0.5	11.620250
40.400000	0.5	11.569500
40.408333	0.5	11.522800
40.416667	0.5	11.480050
40.425000	0.5	11.456750
40.433333	0.5	11.427400
40.441667	0.5	11.397750
40.450000	0.5	11.381150
40.458333	0.5	11.359100
40.466667	0.5	11.342800
40.475000	0.5	11.328850
40.483333	0.5	11.307150
40.491667	0.5	11.295650
40.500000	0.5	11.277800
40.508333	0.5	11.255200
40.516667	0.5	11.240550
40.525000	0.5	11.220150
40.533333	0.5	11.199350
40.541667	0.5	11.165750
40.550000	0.5	11.140300
40.558333	0.5	11.106850
40.566667	0.5	11.074900
40.575000	0.5	11.046750
40.583333	0.5	11.008300
40.591667	0.5	10.977800
40.600000	0.5	10.942750
40.608333	0.5	10.912250
40.616667	0.5	10.888600
40.625000	0.5	10.858550
40.633333	0.5	10.829650
40.641667	0.5	10.805700
40.650000	0.5	10.775550
40.658333	0.5	10.754800
40.666667	0.5	10.741800
40.675000	0.5	10.722400
40.683333	0.5	10.713000
40.691667	0.5	10.710550
40.700000	0.5	10.701500
40.708333	0.5	10.702500
40.716667	0.5	10.700300
40.725000	0.5	10.704250
40.733333	0.5	10.715750
40.741667	0.5	10.725050
40.750000	0.5	10.740250
40.758333	0.5	10.747850
40.766667	0.5	10.765450
40.775000	0.5	10.784400
40.783333	0.5	10.801000
40.791667	0.5	10.818450
40.800000	0.5	10.833400
40.808333	0.5	10.859150
40.816667	0.5	10.880850
40.825000	0.5	10.894100
40.833333	0.5	10.922550
40.841667	0.5	10.940150
40.850000	0.5	10.959800
40.858333	0.5	10.992500
40.866667	0.5	11.010800
40.875000	0.5	11.039050
40.883333	0.5	11.083050
40.891667	0.5	11.117900
40.900000	0.5	11.167300
40.908333	0.5	11.225300
40.916667	0.5	11.299100
40.925000	0.5	11.379800
40.933333	0.5	11.489300
40.941667	0.5	11.609650
40.950000	0.5	11.745500
40.958333	0.5	11.893200
40.966667	0.5	12.058800
40.975000	0.5	12.234650
40.983333	0.5	12.409050
40.991667	0.5	12.586900
41.000000	0.5	12.779000
41.008333	0.5	12.965750
41.016667	0.5	13.146800
41.025000	0.5	13.315850
41.033333	0.5	13.482200
41.041667	0.5	13.629450
41.050000	0.5	13.773350
41.058333	0.5	13.896000
41.066667	0.5	14.012250
41.075000	0.5	14.106900
41.083333	0.5	14.201450
41.091667	0.5	14.272450
41.100000	0.5	14.335900
41.108333	0.5	14.394550
41.116667	0.5	14.437600
41.125000	0.5	14.475150
41.133333	0.5	14.503650
41.141667	0.5	14.515950
41.150000	0.5	14.531750
41.158333	0.5	14.549000
41.166667	0.5	14.540150
41.175000	0.5	14.542350
41.183333	0.5	14.531350
41.191667	0.5	14.522650
41.200000	0.5	14.511750
41.208333	0.5	14.505200
41.216667	0.5	14.481100
41.225000	0.5	14.465350
41.233333	0.5	14.442450
41.241667	0.5	14.418000
41.250000	0.5	14.400350
41.258333	0.5	14.367150
41.266667	0.5	14.346000
41.275000	0.5	14.309250
41.283333	0.5	14.279500
41.291667	0.5	14.247450
41.300000	0.5	14.218750
41.308333	0.5	14.176150
41.316667	0.5	14.142000
41.325000	0.5	14.104850
41.333333	0.5	14.059350
41.341667	0.5	14.018300
41.350000	0.5	13.975600
41.358333	0.5	13.939350
41.366667	0.5	13.890550
41.375000	0.5	13.840300
41.383333	0.5	13.798400
41.391667	0.5	13.757550
41.400000	0.5	13.711250
41.408333	0.5	13.668900
41.416667	0.5	13.623800
41.425000	0.5	13.583500
41.433333	0.5	13.535100
41.441667	0.5	13.500800
41.450000	0.5	13.467150
41.458333	0.5	13.438950
41.466667	0.5	13.403700
41.475000	0.5	13.387550
41.483333	0.5	13.364400
41.491667	0.5	13.350700
41.500000	0.5	13.342050
41.508333	0.5	13.334550
41.516667	0.5	13.328350
41.525000	0.5	13.333950
41.533333	0.5	13.343100
41.541667	0.5	13.350600
41.550000	0.5	13.364050
41.558333	0.5	13.381350
41.566667	0.5	13.394450
41.575000	0.5	13.419350
41.583333	0.5	13.433300
41.591667	0.5	13.448850
41.600000	0.5	13.465700
41.608333	0.5	13.478900
41.616667	0.5	13.489450
41.625000	0.5	13.495450
41.633333	0.5	13.508850
41.641667	0.5	13.507200
41.650000	0.5	13.506700
41.658333	0.5	13.503650
41.666667	0.5	13.500950
41.675000	0.5	13.490950
41.683333	0.5	13.471150
41.691667	0.5	13.452100
41.700000	0.5	13.425100
41.708333	0.5	13.396300
41.716667	0.5	13.364450
41.725000	0.5	13.321800
41.733333	0.5	13.276800
41.741667	0.5	13.236100
41.750000	0.5	13.184050
41.758333	0.5	13.118300
41.766667	0.5	13.060950
41.775000	0.5	12.989000
41.783333	0.5	12.921700
41.791667	0.5	12.841850
41.800000	0.5	12.752250
41.808333	0.5	12.669050
41.816667	0.5	12.576300
41.825000	0.5	12.482600
41.833333	0.5	12.387450
41.841667	0.5	12.290400
41.850000	0.5	12.182500
41.858333	0.5	12.084800
41.866667	0.5	11.984600
41.875000	0.5	11.881300
41.883333	0.5	11.782600
41.891667	0.5	11.673650
41.900000	0.5	11.573600
41.908333	0.5	11.473550
41.916667	0.5	11.380250
41.925000	0.5	11.282100
41.933333	0.5	11.188700
41.941667	0.5	11.104500
41.950000	0.5	11.017500
41.958333	0.5	10.939150
41.966667	0.5	10.862850
41.975000	0.5	10.776100
41.983333	0.5	10.701950
41.991667	0.5	10.633000
42.000000	0.5	10.560750
42.008333	0.5	10.492250
42.016667	0.5	10.428300
42.025000	0.5	10.367600
42.033333	0.5	10.312700
42.041667	0.5	10.251050
42.050000	0.5	10.202550
42.058333	0.5	10.159650
42.066667	0.5	10.120500
42.075000	0.5	10.063000
42.083333	0.5	10.018950
42.091667	0.5	9.981800
42.100000	0.5	9.940700
42.108333	0.5	9.919200
42.116667	0.5	9.883700
42.125000	0.5	9.859100
42.133333	0.5	9.836250
42.141667	0.5	9.809750
42.150000	0.5	9.793850
42.158333	0.5	9.768800
42.166667	0.5	9.756800
42.175000	0.5	9.745600
42.183333	0.5	9.732350
42.191667	0.5	9.716850
42.200000	0.5	9.706100
42.208333	0.5	9.693800
42.216667	0.5	9.687400
42.225000	0.5	9.683350
42.233333	0.5	9.675550
42.241667	0.5	9.676700
42.250000	0.5	9.668000
42.258333	0.5	9.664000
42.266667	0.5	9.662050
42.275000	0.5	9.659750
42.283333	0.5	9.655200
42.291667	0.5	9.660250
42.300000	0.5	9.660500
42.308333	0.5	9.652150
42.316667	0.5	9.653550
42.325000	0.5	9.658800
42.333333	0.5	9.659300
42.341667	0.5	9.661250
42.350000	0.5	9.661600
42.358333	0.5	9.668850
42.366667	0.5	9.672450
42.375000	0.5	9.675500
42.383333	0.5	9.683150
42.391667	0.5	9.687900
42.400000	0.5	9.689750
42.408333	0.5	9.696900
42.416667	0.5	9.708600
42.425000	0.5	9.720900
42.433333	0.5	9.727600
42.441667	0.5	9.728200
42.450000	0.5	9.732950
42.458333	0.5	9.737800
42.466667	0.5	9.751150
42.475000	0.5	9.754650
42.483333	0.5	9.761650
42.491667	0.5	9.762500
42.500000	0.5	9.759900
42.508333	0.5	9.771550
42.516667	0.5	9.777800
42.525000	0.5	9.774800
42.533333	0.5	9.780000
42.541667	0.5	9.781600
42.550000	0.5	9.788100
42.558333	0.5	9.782150
42.566667	0.5	9.789150
42.575000	0.5	9.792550
42.583333	0.5	9.799700
42.591667	0.5	9.801250
42.600000	0.5	9.813300
42.608333	0.5	9.818300
42.616667	0.5	9.834000
42.625000	0.5	9.848650
42.633333	0.5	9.870900
42.641667	0.5	9.897450
42.650000	0.5	9.915450
42.658333	0.5	9.942300
42.666667	0.5	9.970650
42.675000	0.5	10.013150
42.683333	0.5	10.053200
42.691667	0.5	10.103100
42.700000	0.5	10.164550
42.708333	0.5	10.223300
42.716667	0.5	10.291300
42.725000	0.5	10.380600
42.733333	0.5	10.488400
42.741667	0.5	10.590050
42.750000	0.5	10.727050
42.758333	0.5	10.869300
42.766667	0.5	11.025500
42.775000	0.5	11.196000
42.783333	0.5	11.375850
42.791667	0.5	11.571800
42.800000	0.5	11.771150
42.808333	0.5	11.973150
42.816667	0.5	12.174100
42.825000	0.5	12.371550
42.833333	0.5	12.561800
42.841667	0.5	12.754300
42.850000	0.5	12.926350
42.858333	0.5	13.103750
42.866667	0.5	13.264800
42.875000	0.5	13.418400
42.883333	0.5	13.565200
42.891667	0.5	13.698350
42.900000	0.5	13.819400
42.908333	0.5	13.932400
42.916667	0.5	14.031850
42.925000	0.5	14.127300
42.933333	0.5	14.198650
42.941667	0.5	14.266550
42.950000	0.5	14.325550
42.958333	0.5	14.372650
42.966667	0.5	14.415650
42.975000	0.5	14.431850
42.983333	0.5	14.453800
42.991667	0.5	14.458150
43.000000	0.5	14.454350
43.008333	0.5	14.446750
43.016667	0.5	14.427050
43.025000	0.5	14.401400
43.033333	0.5	14.363200
43.041667	0.5	14.319100
43.050000	0.5	14.260900
43.058333	0.5	14.198400
43.066667	0.5	14.127700
43.075000	0.5	14.055950
43.083333	0.5	13.957250
43.091667	0.5	13.865600
43.100000	0.5	13.755650
43.108333	0.5	13.646800
43.116667	0.5	13.530800
43.125000	0.5	13.400600
43.133333	0.5	13.268300
43.141667	0.5	13.124550
43.150000	0.5	12.978850
43.158333	0.5	12.828300
43.166667	0.5	12.669600
43.175000	0.5	12.513800
43.183333	0.5	12.358800
43.191667	0.5	12.202150
43.200000	0.5	12.056950
43.208333	0.5	11.915050
43.216667	0.5	11.775950
43.225000	0.5	11.648700
43.233333	0.5	11.516000
43.241667	0.5	11.404650
43.250000	0.5	11.297150
43.258333	0.5	11.201650
43.266667	0.5	11.118100
43.275000	0.5	11.045400
43.283333	0.5	10.987950
43.291667	0.5	10.928650
43.300000	0.5	10.882100
43.308333	0.5	10.852600
43.316667	0.5	10.820000
43.325000	0.5	10.795450
43.333333	0.5	10.779800
43.341667	0.5	10.771650
43.350000	0.5	10.761550
43.358333	0.5	10.753500
43.366667	0.5	10.756100
43.375000	0.5	10.761200
43.383333	0.5	10.755350
43.391667	0.5	10.759800
43.400000	0.5	10.763600
43.408333	0.5	10.763950
43.416667	0.5	10.772700
43.425000	0.5	10.764800
43.433333	0.5	10.764700
43.441667	0.5	10.762450
43.450000	0.5	10.757450
43.458333	0.5	10.743350
43.466667	0.5	10.740600
43.475000	0.5	10.731400
43.483333	0.5	10.713550
43.491667	0.5	10.706000
43.500000	0.5	10.691650
43.508333	0.5	10.674550
43.516667	0.5	10.660350
43.525000	0.5	10.640700
43.533333	0.5	10.618000
43.541667	0.5	10.608050
43.550000	0.5	10.586300
43.558333	0.5	10.566750
43.566667	0.5	10.554850
43.575000	0.5	10.538250
43.583333	0.5	10.521500
43.591667	0.5	10.503700
43.600000	0.5	10.490800
43.608333	0.5	10.472100
43.616667	0.5	10.461500
43.625000	0.5	10.454600
43.633333	0.5	10.441200
43.641667	0.5	10.427900
43.650000	0.5	10.418350
43.658333	0.5	10.417700
43.666667	0.5	10.406750
43.675000	0.5	10.402850
43.683333	0.5	10.407500
43.691667	0.5	10.410650
43.700000	0.5	10.412550
43.708333	0.5	10.417050
43.716667	0.5	10.424800
43.725000	0.5	10.435300
43.733333	0.5	10.444000
43.741667	0.5	10.457050
43.750000	0.5	10.468650
43.758333	0.5	10.484650
43.766667	0.5	10.501800
43.775000	0.5	10.519600
43.783333	0.5	10.538350
43.791667	0.5	10.554850
43.800000	0.5	10.567950
43.808333	0.5	10.591700
43.816667	0.5	10.604250
43.825000	0.5	10.620400
43.833333	0.5	10.637450
43.841667	0.5	10.651050
43.850000	0.5	10.660100
43.858333	0.5	10.675800
43.866667	0.5	10.681650
43.875000	0.5	10.693900
43.883333	0.5	10.714000
43.891667	0.5	10.721100
43.900000	0.5	10.740600
43.908333	0.5	10.751250
43.916667	0.5	10.778600
43.925000	0.5	10.800100
43.933333	0.5	10.829200
43.941667	0.5	10.876600
43.950000	0.5	10.934450
43.958333	0.5	10.992950
43.966667	0.5	11.074350
43.975000	0.5	11.167250
43.983333	0.5	11.277450
43.991667	0.5	11.390900
44.000000	0.5	11.516850
44.008333	0.5	11.640000
44.016667	0.5	11.763850
44.025000	0.5	11.878550
44.033333	0.5	11.994800
44.041667	0.5	12.104700
44.050000	0.5	12.212900
44.058333	0.5	12.324200
44.066667	0.5	12.432150
44.075000	0.5	12.530100
44.083333	0.5	12.637250
44.091667	0.5	12.738300
44.100000	0.5	12.839350
44.108333	0.5	12.939700
44.116667	0.5	13.035100
44.125000	0.5	13.123700
44.133333	0.5	13.210550
44.141667	0.5	13.287550
44.150000	0.5	13.364900
44.158333	0.5	13.438650
44.166667	0.5	13.506150
44.175000	0.5	13.559100
44.183333	0.5	13.614950
44.191667	0.5	13.662800
44.200000	0.5	13.713000
44.208333	0.5	13.746100
44.216667	0.5	13.783900
44.225000	0.5	13.810450
44.233333	0.5	13.840750
44.241667	0.5	13.865650
44.250000	0.5	13.889550
44.258333	0.5	13.909200
44.266667	0.5	13.933650
44.275000	0.5	13.945700
44.283333	0.5	13.966250
44.291667	0.5	13.985250
44.300000	0.5	14.007500
44.308333	0.5	14.027600
44.316667	0.5	14.044750
44.325000	0.5	14.067300
44.333333	0.5	14.093700
44.341667	0.5	14.107900
44.350000	0.5	14.133750
44.358333	0.5	14.159250
44.366667	0.5	14.179300
44.375000	0.5	14.196250
44.383333	0.5	14.217650
44.391667	0.5	14.235550
44.400000	0.5	14.242900
44.408333	0.5	14.252650
44.416667	0.5	14.260950
44.425000	0.5	14.259850
44.433333	0.5	14.259500
44.441667	0.5	14.247550
44.450000	0.5	14.230500
44.458333	0.5	14.217950
44.466667	0.5	14.193950
44.475000	0.5	14.170800
44.483333	0.5	14.132150
44.491667	0.5	14.088900
44.500000	0.5	14.040650
44.508333	0.5	13.994750
44.516667	0.5	13.942450
44.525000	0.5	13.887300
44.533333	0.5	13.817900
44.541667	0.5	13.758300
44.550000	0.5	13.690850
44.558333	0.5	13.623150
44.566667	0.5	13.530700
44.575000	0.5	13.447300
44.583333	0.5	13.364250
44.591667	0.5	13.265850
44.600000	0.5	13.171950
44.608333	0.5	13.075100
44.616667	0.5	12.972900
44.625000	0.5	12.866350
44.633333	0.5	12.756300
44.641667	0.5	12.648600
44.650000	0.5	12.544050
44.658333	0.5	12.426950
44.666667	0.5	12.313200
44.675000	0.5	12.203850
44.683333	0.5	12.088350
44.691667	0.5	11.977900
44.700000	0.5	11.866050
44.708333	0.5	11.763500
44.716667	0.5	11.655800
44.725000	0.5	11.552400
44.733333	0.5	11.458150
44.741667	0.5	11.370200
44.750000	0.5	11.279000
44.758333	0.5	11.199550
44.766667	0.5	11.117300
44.775000	0.5	11.042900
44.783333	0.5	10.970650
44.791667	0.5	10.911350
44.800000	0.5	10.837550
44.808333	0.5	10.772750
44.816667	0.5	10.715400
44.825000	0.5	10.655000
44.833333	0.5	10.606150
44.841667	0.5	10.544050
44.850000	0.5	10.484200
44.858333	0.5	10.419450
44.866667	0.5	10.360850
44.875000	0.5	10.294450
44.883333	0.5	10.238250
44.891667	0.5	10.174150
44.900000	0.5	10.113900
44.908333	0.5	10.063250
44.916667	0.5	10.002400
44.925000	0.5	9.953600
44.933333	0.5	9.902750
44.941667	0.5	9.857250
44.950000	0.5	9.805650
44.958333	0.5	9.762700
44.966667	0.5	9.720800
44.975000	0.5	9.683450
44.983333	0.5	9.654050
44.991667	0.5	9.623600
45.000000	0.5	9.596300
45.008333	0.5	9.578050
45.016667	0.5	9.555350
45.025000	0.5	9.543950
45.033333	0.5	9.524150
45.041667	0.5	9.515850
45.050000	0.5	9.512050
45.058333	0.5	9.503800
45.066667	0.5	9.496650
45.075000	0.5	9.498350
45.083333	0.5	9.500650
45.091667	0.5	9.502900
45.100000	0.5	9.506150
45.108333	0.5	9.511000
45.116667	0.5	9.523700
45.125000	0.5	9.531200
45.133333	0.5	9.546650
45.141667	0.5	9.556500
45.150000	0.5	9.574400
45.158333	0.5	9.584800
45.166667	0.5	9.597750
45.175000	0.5	9.615650
45.183333	0.5	9.627100
45.191667	0.5	9.652100
45.200000	0.5	9.672400
45.208333	0.5	9.693250
45.216667	0.5	9.709050
45.225000	0.5	9.735200
45.233333	0.5	9.758450
45.241667	0.5	9.780300
45.250000	0.5	9.808200
45.258333	0.5	9.840500
45.266667	0.5	9.871400
45.275000	0.5	9.904700
45.283333	0.5	9.944400
45.291667	0.5	9.997050
45.300000	0.5	10.047050
45.308333	0.5	10.106750
45.316667	0.5	10.182250
45.325000	0.5	10.267700
45.333333	0.5	10.362000
45.341667	0.5	10.474900
45.350000	0.5	10.602400
45.358333	0.5	10.733500
45.366667	0.5	10.885300
45.375000	0.5	11.042800
45.383333	0.5	11.207500
45.391667	0.5	11.373300
45.400000	0.5	11.546000
45.408333	0.5	11.717800
45.416667	0.5	11.896450
45.425000	0.5	12.059450
45.433333	0.5	12.235500
45.441667	0.5	12.391550
45.450000	0.5	12.547200
45.458333	0.5	12.683900
45.466667	0.5	12.818950
45.475000	0.5	12.934400
45.483333	0.5	13.042050
45.491667	0.5	13.134200
45.500000	0.5	13.224850
45.508333	0.5	13.289000
45.516667	0.5	13.348550
45.525000	0.5	13.392000
45.533333	0.5	13.420300
45.541667	0.5	13.437600
45.550000	0.5	13.447300
45.558333	0.5	13.438850
45.566667	0.5	13.425050
45.575000	0.5	13.395100
45.583333	0.5	13.365250
45.591667	0.5	13.314700
45.600000	0.5	13.255700
45.608333	0.5	13.200400
45.616667	0.5	13.123000
45.625000	0.5	13.046950
45.633333	0.5	12.956700
45.641667	0.5	12.861900
45.650000	0.5	12.763300
45.658333	0.5	12.662600
45.666667	0.5	12.559800
45.675000	0.5	12.444500
45.683333	0.5	12.322000
45.691667	0.5	12.206000
45.700000	0.5	12.080850
45.708333	0.5	11.960300
45.716667	0.5	11.830150
45.725000	0.5	11.698450
45.733333	0.5	11.570750
45.741667	0.5	11.446200
45.750000	0.5	11.319800
45.758333	0.5	11.195550
45.766667	0.5	11.078300
45.775000	0.5	10.961350
45.783333	0.5	10.857400
45.791667	0.5	10.763650
45.800000	0.5	10.674550
45.808333	0.5	10.592350
45.816667	0.5	10.519400
45.825000	0.5	10.459150
45.833333	0.5	10.420550
45.841667	0.5	10.392350
45.850000	0.5	10.369150
45.858333	0.5	10.366200
45.866667	0.5	10.371500
45.875000	0.5	10.380400
45.883333	0.5	10.406350
45.891667	0.5	10.443550
45.900000	0.5	10.486400
45.908333	0.5	10.538650
45.916667	0.5	10.590950
45.925000	0.5	10.656050
45.933333	0.5	10.720300
45.941667	0.5	10.786800
45.950000	0.5	10.850900
45.958333	0.5	10.915550
45.966667	0.5	10.989400
45.975000	0.5	11.057600
45.983333	0.5	11.136800
45.991667	0.5	11.206950
46.000000	0.5	11.272650
46.008333	0.5	11.341450
46.016667	0.5	11.404250
46.025000	0.5	11.471650
46.033333	0.5	11.527400
46.041667	0.5	11.580000
46.050000	0.5	11.639050
46.058333	0.5	11.688900
46.066667	0.5	11.733100
46.075000	0.5	11.781500
46.083333	0.5	11.818950
46.091667	0.5	11.860450
46.100000	0.5	11.885450
46.108333	0.5	11.911800
46.116667	0.5	11.936150
46.125000	0.5	11.958250
46.133333	0.5	11.972550
46.141667	0.5	11.986550
46.150000	0.5	11.996000
46.158333	0.5	11.998950
46.166667	0.5	12.005700
46.175000	0.5	11.999400
46.183333	0.5	11.995600
46.191667	0.5	11.992250
46.200000	0.5	11.976750
46.208333	0.5	11.967150
46.216667	0.5	11.951350
46.225000	0.5	11.927550
46.233333	0.5	11.902550
46.241667	0.5	11.884200
46.250000	0.5	11.859350
46.258333	0.5	11.830850
46.266667	0.5	11.802350
46.275000	0.5	11.776850
46.283333	0.5	11.753700
46.291667	0.5	11.722500
46.300000	0.5	11.693950
46.308333	0.5	11.660550
46.316667	0.5	11.637350
46.325000	0.5	11.599900
46.333333	0.5	11.566450
46.341667	0.5	11.543300
46.350000	0.5	11.513750
46.358333	0.5	11.484900
46.366667	0.5	11.459900
46.375000	0.5	11.437250
46.383333	0.5	11.410850
46.391667	0.5	11.391950
46.400000	0.5	11.366600
46.408333	0.5	11.346100
46.416667	0.5	11.330700
46.425000	0.5	11.318550
46.433333	0.5	11.297050
46.441667	0.5	11.294650
46.450000	0.5	11.282750
46.458333	0.5	11.287350
46.466667	0.5	11.294800
46.475000	0.5	11.307450
46.483333	0.5	11.318350
46.491667	0.5	11.345200
46.500000	0.5	11.376850
46.508333	0.5	11.414400
46.516667	0.5	11.469150
46.525000	0.5	11.542000
46.533333	0.5	11.610250
46.541667	0.5	11.698100
46.550000	0.5	11.788850
46.558333	0.5	11.887400
46.566667	0.5	12.001300
46.575000	0.5	12.103100
46.583333	0.5	12.214150
46.591667	0.5	12.313650
46.600000	0.5	12.414950
46.608333	0.5	12.522250
46.616667	0.5	12.614100
46.625000	0.5	12.709250
46.633333	0.5	12.802400
46.641667	0.5	12.895450
46.650000	0.5	12.992550
46.658333	0.5	13.088000
46.666667	0.5	13.178400
46.675000	0.5	13.264000
46.683333	0.5	13.349450
46.691667	0.5	13.428750
46.700000	0.5	13.508700
46.708333	0.5	13.580900
46.716667	0.5	13.647200
46.725000	0.5	13.715350
46.733333	0.5	13.767600
46.741667	0.5	13.825200
46.750000	0.5	13.870750
46.758333	0.5	13.916050
46.766667	0.5	13.946950
46.775000	0.5	13.974650
46.783333	0.5	13.994700
46.791667	0.5	14.007000
46.800000	0.5	14.015200
46.808333	0.5	14.012550
46.816667	0.5	14.013850
46.825000	0.5	14.000150
46.833333	0.5	13.985200
46.841667	0.5	13.966850
46.850000	0.5	13.938300
46.858333	0.5	13.909350
46.866667	0.5	13.872000
46.875000	0.5	13.827600
46.883333	0.5	13.783150
46.891667	0.5	13.730200
46.900000	0.5	13.681500
46.908333	0.5	13.624800
46.916667	0.5	13.560100
46.925000	0.5	13.496900
46.933333	0.5	13.430100
46.941667	0.5	13.367500
46.950000	0.5	13.300650
46.958333	0.5	13.226200
46.966667	0.5	13.164950
46.975000	0.5	13.100850
46.983333	0.5	13.039800
46.991667	0.5	12.985400
47.000000	0.5	12.942950
47.008333	0.5	12.902550
47.016667	0.5	12.871400
47.025000	0.5	12.856050
47.033333	0.5	12.850600
47.041667	0.5	12.862200
47.050000	0.5	12.887150
47.058333	0.5	12.921350
47.066667	0.5	12.964250
47.075000	0.5	13.025250
47.083333	0.5	13.096950
47.091667	0.5	13.177450
47.100000	0.5	13.259750
47.108333	0.5	13.351200
47.116667	0.5	13.443800
47.125000	0.5	13.531900
47.133333	0.5	13.612050
47.141667	0.5	13.689550
47.150000	0.5	13.764650
47.158333	0.5	13.827850
47.166667	0.5	13.885750
47.175000	0.5	13.931250
47.183333	0.5	13.963500
47.191667	0.5	13.988200
47.200000	0.5	14.006200
47.208333	0.5	14.011800
47.216667	0.5	14.002800
47.225000	0.5	13.983550
47.233333	0.5	13.952300
47.241667	0.5	13.904650
47.250000	0.5	13.851800
47.258333	0.5	13.778650
47.266667	0.5	13.695350
47.275000	0.5	13.600700
47.283333	0.5	13.499050
47.291667	0.5	13.384400
47.300000	0.5	13.257400
47.308333	0.5	13.123700
47.316667	0.5	12.988200
47.325000	0.5	12.843050
47.333333	0.5	12.687500
47.341667	0.5	12.528300
47.350000	0.5	12.369500
47.358333	0.5	12.204250
47.366667	0.5	12.044050
47.375000	0.5	11.882200
47.383333	0.5	11.730600
47.391667	0.5	11.580600
47.400000	0.5	11.445800
47.408333	0.5	11.304100
47.416667	0.5	11.183850
47.425000	0.5	11.064150
47.433333	0.5	10.961200
47.441667	0.5	10.860650
47.450000	0.5	10.777600
47.458333	0.5	10.703850
47.466667	0.5	10.639250
47.475000	0.5	10.598200
47.483333	0.5	10.557250
47.491667	0.5	10.525300
47.500000	0.5	10.494800
47.508333	0.5	10.478700
47.516667	0.5	10.473450
47.525000	0.5	10.472750
47.533333	0.5	10.480750
47.541667	0.5	10.497000
47.550000	0.5	10.525400
47.558333	0.5	10.564150
47.566667	0.5	10.614500
47.575000	0.5	10.669200
47.583333	0.5	10.739800
47.591667	0.5	10.831750
47.600000	0.5	10.930800
47.608333	0.5	11.048700
47.616667	0.5	11.181650
47.625000	0.5	11.318400
47.633333	0.5	11.477250
47.641667	0.5	11.631600
47.650000	0.5	11.796950
47.658333	0.5	11.952950
47.666667	0.5	12.119650
47.675000	0.5	12.270950
47.683333	0.5	12.419350
47.691667	0.5	12.564400
47.700000	0.5	12.696200
47.708333	0.5	12.817350
47.716667	0.5	12.929150
47.725000	0.5	13.026200
47.733333	0.5	13.115700
47.741667	0.5	13.187200
47.750000	0.5	13.250950
47.758333	0.5	13.304500
47.766667	0.5	13.331150
47.775000	0.5	13.354100
47.783333	0.5	13.363500
47.791667	0.5	13.352950
47.800000	0.5	13.342400
47.808333	0.5	13.313000
47.816667	0.5	13.261400
47.825000	0.5	13.208150
47.833333	0.5	13.136100
47.841667	0.5	13.055450
47.850000	0.5	12.954750
47.858333	0.5	12.848250
47.866667	0.5	12.715400
47.875000	0.5	12.579950
47.883333	0.5	12.433950
47.891667	0.5	12.274550
47.900000	0.5	12.107450
47.908333	0.5	11.937100
47.916667	0.5	11.737550
47.925000	0.5	11.542200
47.933333	0.5	11.337400
47.941667	0.5	11.130950
47.950000	0.5	10.916250
47.958333	0.5	10.714500
47.966667	0.5	10.496000
47.975000	0.5	10.294050
47.983333	0.5	10.084100
47.991667	0.5	9.886400
48.000000	0.5	9.693500
48.008333	0.5	9.504350
48.016667	0.5	9.324500
48.025000	0.5	9.156100
48.033333	0.5	9.000400
48.041667	0.5	8.852350
48.050000	0.5	8.722200
48.058333	0.5	8.599300
48.066667	0.5	8.492950
48.075000	0.5	8.394800
48.083333	0.5	8.311200
48.091667	0.5	8.227850
48.100000	0.5	8.157550
48.108333	0.5	8.099500
48.116667	0.5	8.047950
48.125000	0.5	8.008800
48.133333	0.5	7.968000
48.141667	0.5	7.935000
48.150000	0.5	7.911700
48.158333	0.5	7.902400
48.166667	0.5	7.883900
48.175000	0.5	7.875900
48.183333	0.5	7.875150
48.191667	0.5	7.878300
48.200000	0.5	7.883100
48.208333	0.5	7.894350
48.216667	0.5	7.918950
48.225000	0.5	7.926850
48.233333	0.5	7.962950
48.241667	0.5	7.997650
48.250000	0.5	8.032050
48.258333	0.5	8.075450
48.266667	0.5	8.128250
48.275000	0.5	8.188600
48.283333	0.5	8.249350
48.291667	0.5	8.331900
48.300000	0.5	8.388400
48.308333	0.5	8.475800
48.316667	0.5	8.567250
48.325000	0.5	8.662800
48.333333	0.5	8.777400
48.341667	0.5	8.873150
48.350000	0.5	8.993500
48.358333	0.5	9.118700
48.366667	0.5	9.241350
48.375000	0.5	9.376950
48.383333	0.5	9.514450
48.391667	0.5	9.658550
48.400000	0.5	9.808250
48.408333	0.5	9.954300
48.416667	0.5	10.104350
48.425000	0.5	10.245300
48.433333	0.5	10.394000
48.441667	0.5	10.540150
48.450000	0.5	10.681150
48.458333	0.5	10.821850
48.466667	0.5	10.954750
48.475000	0.5	11.082950
48.483333	0.5	11.207900
48.491667	0.5	11.316650
48.500000	0.5	11.428400
48.508333	0.5	11.527850
48.516667	0.5	11.612900
48.525000	0.5	11.687500
48.533333	0.5	11.755450
48.541667	0.5	11.807750
48.550000	0.5	11.849200
48.558333	0.5	11.882800
48.566667	0.5	11.904600
48.575000	0.5	11.907600
48.583333	0.5	11.898600
48.591667	0.5	11.880400
48.600000	0.5	11.859250
48.608333	0.5	11.822500
48.616667	0.5	11.791450
48.625000	0.5	11.752950
48.633333	0.5	11.709500
48.641667	0.5	11.665900
48.650000	0.5	11.625500
48.658333	0.5	11.589350
48.666667	0.5	11.561500
48.675000	0.5	11.537200
48.683333	0.5	11.517500
48.691667	0.5	11.508950
48.700000	0.5	11.504950
48.708333	0.5	11.514150
48.716667	0.5	11.528900
48.725000	0.5	11.546650
48.733333	0.5	11.580050
48.741667	0.5	11.623000
48.750000	0.5	11.657650
48.758333	0.5	11.704250
48.766667	0.5	11.757100
48.775000	0.5	11.815100
48.783333	0.5	11.873350
48.791667	0.5	11.931250
48.800000	0.5	12.000450
48.808333	0.5	12.067400
48.816667	0.5	12.140050
48.825000	0.5	12.214950
48.833333	0.5	12.279450
48.841667	0.5	12.360250
48.850000	0.5	12.442850
48.858333	0.5	12.524250
48.866667	0.5	12.597900
48.875000	0.5	12.670600
48.883333	0.5	12.766400
48.891667	0.5	12.844300
48.900000	0.5	12.937600
48.908333	0.5	13.010800
48.916667	0.5	13.093300
48.925000	0.5	13.170450
48.933333	0.5	13.251900
48.941667	0.5	13.333800
48.950000	0.5	13.410550
48.958333	0.5	13.491300
48.966667	0.5	13.559700
48.975000	0.5	13.633050
48.983333	0.5	13.709450
48.991667	0.5	13.765600
49.000000	0.5	13.827750
49.008333	0.5	13.882950
49.016667	0.5	13.936800
49.025000	0.5	13.986700
49.033333	0.5	14.025600
49.041667	0.5	14.062650
49.050000	0.5	14.099000
49.058333	0.5	14.131250
49.066667	0.5	14.139450
49.075000	0.5	14.161150
49.083333	0.5	14.151350
49.091667	0.5	14.153850
49.100000	0.5	14.127150
49.108333	0.5	14.096800
49.116667	0.5	14.055250
49.125000	0.5	13.984000
49.133333	0.5	13.900850
49.141667	0.5	13.806350
49.150000	0.5	13.690900
49.158333	0.5	13.545450
49.166667	0.5	13.388800
49.175000	0.5	13.213150
49.183333	0.5	13.036350
49.191667	0.5	12.851700
49.200000	0.5	12.664400
49.208333	0.5	12.474250
49.216667	0.5	12.286950
49.225000	0.5	12.110350
49.233333	0.5	11.949450
49.241667	0.5	11.797550
49.250000	0.5	11.666650
49.258333	0.5	11.550050
49.266667	0.5	11.446100
49.275000	0.5	11.374150
49.283333	0.5	11.320100
49.291667	0.5	11.289100
49.300000	0.5	11.279000
49.308333	0.5	11.289850
49.316667	0.5	11.318200
49.325000	0.5	11.373450
49.333333	0.5	11.444500
49.341667	0.5	11.532200
49.350000	0.5	11.635550
49.358333	0.5	11.748600
49.366667	0.5	11.877200
49.375000	0.5	12.015900
49.383333	0.5	12.142950
49.391667	0.5	12.283300
49.400000	0.5	12.427350
49.408333	0.5	12.575250
49.416667	0.5	12.707650
49.425000	0.5	12.846600
49.433333	0.5	12.976850
49.441667	0.5	13.114700
49.450000	0.5	13.225400
49.458333	0.5	13.346750
49.466667	0.5	13.447900
49.475000	0.5	13.543250
49.483333	0.5	13.629100
49.491667	0.5	13.697400
49.500000	0.5	13.760850
49.508333	0.5	13.799500
49.516667	0.5	13.830150
49.525000	0.5	13.846950
49.533333	0.5	13.844600
49.541667	0.5	13.816600
49.550000	0.5	13.794200
49.558333	0.5	13.746450
49.566667	0.5	13.699750
49.575000	0.5	13.649300
49.583333	0.5	13.604350
49.591667	0.5	13.571650
49.600000	0.5	13.529650
49.608333	0.5	13.500700
49.616667	0.5	13.488550
49.625000	0.5	13.493300
49.633333	0.5	13.498850
49.641667	0.5	13.517600
49.650000	0.5	13.558400
49.658333	0.5	13.580400
49.666667	0.5	13.617650
49.675000	0.5	13.651400
49.683333	0.5	13.709000
49.691667	0.5	13.745300
49.700000	0.5	13.785850
49.708333	0.5	13.818100
49.716667	0.5	13.864000
49.725000	0.5	13.892300
49.733333	0.5	13.906650
49.741667	0.5	13.938800
49.750000	0.5	13.949500
49.758333	0.5	13.953300
49.766667	0.5	13.952000
49.775000	0.5	13.950900
49.783333	0.5	13.936750
49.791667	0.5	13.925550
49.800000	0.5	13.893650
49.808333	0.5	13.865300
49.816667	0.5	13.822600
49.825000	0.5	13.788050
49.833333	0.5	13.736800
49.841667	0.5	13.676000
49.850000	0.5	13.615550
49.858333	0.5	13.547100
49.866667	0.5	13.477300
49.875000	0.5	13.390400
49.883333	0.5	13.304400
49.891667	0.5	13.206400
49.900000	0.5	13.107150
49.908333	0.5	13.005100
49.916667	0.5	12.898200
49.925000	0.5	12.789250
49.933333	0.5	12.680550
49.941667	0.5	12.557700
49.950000	0.5	12.450750
49.958333	0.5	12.325450
49.966667	0.5	12.204800
49.975000	0.5	12.099250
49.983333	0.5	11.983200
49.991667	0.5	11.871900
50.000000	0.5	11.773550
50.008333	0.5	11.658950
50.016667	0.5	11.567100
50.025000	0.5	11.461350
50.033333	0.5	11.362850
50.041667	0.5	11.273500
50.050000	0.5	11.192000
50.058333	0.5	11.101400
50.066667	0.5	11.039000
50.075000	0.5	10.933150
50.083333	0.5	10.858600
50.091667	0.5	10.783150
50.100000	0.5	10.725250
50.108333	0.5	10.657050
50.116667	0.5	10.589750
50.125000	0.5	10.532300
50.133333	0.5	10.474650
50.141667	0.5	10.418350
50.150000	0.5	10.360300
50.158333	0.5	10.307350
50.166667	0.5	10.261100
50.175000	0.5	10.218550
50.183333	0.5	10.181800
50.191667	0.5	10.135550
50.200000	0.5	10.102700
50.208333	0.5	10.066450
50.216667	0.5	10.045350
50.225000	0.5	10.016350
50.233333	0.5	9.991550
50.241667	0.5	9.969600
50.250000	0.5	9.964750
50.258333	0.5	9.948250
50.266667	0.5	9.939400
50.275000	0.5	9.932050
50.283333	0.5	9.932150
50.291667	0.5	9.940150
50.300000	0.5	9.940450
50.308333	0.5	9.946150
50.316667	0.5	9.946100
50.325000	0.5	9.961950
50.333333	0.5	9.980400
50.341667	0.5	9.984200
50.350000	0.5	10.006500
50.358333	0.5	10.019950
50.366667	0.5	10.040800
50.375000	0.5	10.058050
50.383333	0.5	10.078800
50.391667	0.5	10.111050
50.400000	0.5	10.130600
50.408333	0.5	10.158000
50.416667	0.5	10.189400
50.425000	0.5	10.220350
50.433333	0.5	10.263000
50.441667	0.5	10.312600
50.450000	0.5	10.360550
50.458333	0.5	10.407450
50.466667	0.5	10.471900
50.475000	0.5	10.545250
50.483333	0.5	10.604350
50.491667	0.5	10.685250
50.500000	0.5	10.768300
50.508333	0.5	10.856700
50.516667	0.5	10.943550
50.525000	0.5	11.034950
50.533333	0.5	11.122150
50.541667	0.5	11.210250
50.550000	0.5	11.284400
50.558333	0.5	11.369850
50.566667	0.5	11.452200
50.575000	0.5	11.515850
50.583333	0.5	11.582950
50.591667	0.5	11.642000
50.600000	0.5	11.704350
50.608333	0.5	11.755900
50.616667	0.5	11.826000
50.625000	0.5	11.939200
50.633333	0.5	12.179150
50.641667	0.5	12.605150
50.650000	0.5	13.113300
50.658333	0.5	13.504000
50.666667	0.5	13.580050
50.675000	0.5	13.420150
50.683333	0.5	13.180350
50.691667	0.5	12.947000
50.700000	0.5	12.776600
50.708333	0.5	12.654750
50.716667	0.5	12.529350
50.725000	0.5	12.393650
50.733333	0.5	12.219400
50.741667	0.5	12.017500
50.750000	0.5	11.834800
50.758333	0.5	11.701050
50.766667	0.5	11.634200
50.775000	0.5	11.584250
50.783333	0.5	11.542050
50.791667	0.5	11.516100
50.800000	0.5	11.486500
50.808333	0.5	11.436300
50.816667	0.5	11.422400
50.825000	0.5	11.378500
50.833333	0.5	11.342600
50.841667	0.5	11.313200
50.850000	0.5	11.271300
50.858333	0.5	11.230850
50.866667	0.5	11.199900
50.875000	0.5	11.153100
50.883333	0.5	11.108300
50.891667	0.5	11.075000
50.900000	0.5	11.031050
50.908333	0.5	10.990400
50.916667	0.5	10.950100
50.925000	0.5	10.919100
50.933333	0.5	10.877100
50.941667	0.5	10.835900
50.950000	0.5	10.790100
50.958333	0.5	10.756750
50.966667	0.5	10.723850
50.975000	0.5	10.692750
50.983333	0.5	10.656300
50.991667	0.5	10.624600
51.000000	0.5	10.594050
51.008333	0.5	10.565250
51.016667	0.5	10.541400
51.025000	0.5	10.512650
51.033333	0.5	10.485750
51.041667	0.5	10.464800
51.050000	0.5	10.434950
51.058333	0.5	10.410300
51.066667	0.5	10.391200
51.075000	0.5	10.367050
51.083333	0.5	10.328150
51.091667	0.5	10.304150
51.100000	0.5	10.291850
51.108333	0.5	10.258650
51.116667	0.5	10.230600
51.125000	0.5	10.207500
51.133333	0.5	10.175850
51.141667	0.5	10.150150
51.150000	0.5	10.122400
51.158333	0.5	10.101050
51.166667	0.5	10.067850
51.175000	0.5	10.035550
51.183333	0.5	10.014850
51.191667	0.5	9.982900
51.200000	0.5	9.955550
51.208333	0.5	9.929150
51.216667	0.5	9.890100
51.225000	0.5	9.871400
51.233333	0.5	9.848950
51.241667	0.5	9.823950
51.250000	0.5	9.803250
51.258333	0.5	9.784050
51.266667	0.5	9.755400
51.275000	0.5	9.737700
51.283333	0.5	9.721650
51.291667	0.5	9.706850
51.300000	0.5	9.692850
51.308333	0.5	9.678700
51.316667	0.5	9.671250
51.325000	0.5	9.663300
51.333333	0.5	9.657700
51.341667	0.5	9.655650
51.350000	0.5	9.665700
51.358333	0.5	9.661200
51.366667	0.5	9.651500
51.375000	0.5	9.656900
51.383333	0.5	9.661500
51.391667	0.5	9.666700
51.400000	0.5	9.677700
51.408333	0.5	9.688700
51.416667	0.5	9.699200
51.425000	0.5	9.718800
51.433333	0.5	9.744450
51.441667	0.5	9.767200
51.450000	0.5	9.784000
51.458333	0.5	9.817050
51.466667	0.5	9.857700
51.475000	0.5	9.883050
51.483333	0.5	9.919750
51.491667	0.5	9.972100
51.500000	0.5	10.015900
51.508333	0.5	10.071500
51.516667	0.5	10.132450
51.525000	0.5	10.197750
51.533333	0.5	10.267600
51.541667	0.5	10.340650
51.550000	0.5	10.428450
51.558333	0.5	10.508450
51.566667	0.5	10.595300
51.575000	0.5	10.684650
51.583333	0.5	10.778900
51.591667	0.5	10.876100
51.600000	0.5	10.974000
51.608333	0.5	11.071050
51.616667	0.5	11.167800
51.625000	0.5	11.266400
51.633333	0.5	11.363700
51.641667	0.5	11.457550
51.650000	0.5	11.540350
51.658333	0.5	11.628750
51.666667	0.5	11.713150
51.675000	0.5	11.789700
51.683333	0.5	11.863450
51.691667	0.5	11.933350
51.700000	0.5	12.002250
51.708333	0.5	12.052300
51.716667	0.5	12.111950
51.725000	0.5	12.163250
51.733333	0.5	12.200850
51.741667	0.5	12.242150
51.750000	0.5	12.277350
51.758333	0.5	12.303900
51.766667	0.5	12.332500
51.775000	0.5	12.353900
51.783333	0.5	12.368800
51.791667	0.5	12.385850
51.800000	0.5	12.408750
51.808333	0.5	12.428650
51.816667	0.5	12.450800
51.825000	0.5	12.481300
51.833333	0.5	12.517400
51.841667	0.5	12.547150
51.850000	0.5	12.575200
51.858333	0.5	12.620300
51.866667	0.5	12.665900
51.875000	0.5	12.713300
51.883333	0.5	12.754200
51.891667	0.5	12.804350
51.900000	0.5	12.849550
51.908333	0.5	12.893900
51.916667	0.5	12.936850
51.925000	0.5	12.981900
51.933333	0.5	13.015800
51.941667	0.5	13.049200
51.950000	0.5	13.084200
51.958333	0.5	13.103150
51.966667	0.5	13.125150
51.975000	0.5	13.137400
51.983333	0.5	13.143800
51.991667	0.5	13.144200
52.000000	0.5	13.152150
52.008333	0.5	13.139750
52.016667	0.5	13.125550
52.025000	0.5	13.111550
52.033333	0.5	13.088550
52.041667	0.5	13.060950
52.050000	0.5	13.022400
52.058333	0.5	12.987800
52.066667	0.5	12.945200
52.075000	0.5	12.906500
52.083333	0.5	12.859150
52.091667	0.5	12.805650
52.100000	0.5	12.755400
52.108333	0.5	12.687150
52.116667	0.5	12.629000
52.125000	0.5	12.567450
52.133333	0.5	12.498900
52.141667	0.5	12.437800
52.150000	0.5	12.368550
52.158333	0.5	12.300000
52.166667	0.5	12.240900
52.175000	0.5	12.171350
52.183333	0.5	12.105000
52.191667	0.5	12.034150
52.200000	0.5	11.976950
52.208333	0.5	11.904550
52.216667	0.5	11.837400
52.225000	0.5	11.781500
52.233333	0.5	11.716050
52.241667	0.5	11.663350
52.250000	0.5	11.597100
52.258333	0.5	11.541300
52.266667	0.5	11.491550
52.275000	0.5	11.438550
52.283333	0.5	11.384350
52.291667	0.5	11.337500
52.300000	0.5	11.288400
52.308333	0.5	11.241200
52.316667	0.5	11.195850
52.325000	0.5	11.156300
52.333333	0.5	11.107500
52.341667	0.5	11.066500
52.350000	0.5	11.027900
52.358333	0.5	10.987550
52.366667	0.5	10.952800
52.375000	0.5	10.927550
52.383333	0.5	10.927200
52.391667	0.5	10.869400
52.400000	0.5	10.848550
52.408333	0.5	10.822950
52.416667	0.5	10.800400
52.425000	0.5	10.782750
52.433333	0.5	10.763800
52.441667	0.5	10.760800
52.450000	0.5	10.770850
52.458333	0.5	10.789100
52.466667	0.5	10.834600
52.475000	0.5	10.897650
52.483333	0.5	10.980850
52.491667	0.5	11.059700
52.500000	0.5	11.135250
52.508333	0.5	11.197900
52.516667	0.5	11.249300
52.525000	0.5	11.299200
52.533333	0.5	11.329950
52.541667	0.5	11.368150
52.550000	0.5	11.399550
52.558333	0.5	11.422400
52.566667	0.5	11.430600
52.575000	0.5	11.417600
52.583333	0.5	11.377400
52.591667	0.5	11.328550
52.600000	0.5	11.246750
52.608333	0.5	11.161300
52.616667	0.5	11.075950
52.625000	0.5	10.997000
52.633333	0.5	10.920500
52.641667	0.5	10.856400
52.650000	0.5	10.802400
52.658333	0.5	10.758750
52.666667	0.5	10.722050
52.675000	0.5	10.693150
52.683333	0.5	10.676900
52.691667	0.5	10.666950
52.700000	0.5	10.654700
52.708333	0.5	10.657950
52.716667	0.5	10.659000
52.725000	0.5	10.664600
52.733333	0.5	10.676350
52.741667	0.5	10.701950
52.750000	0.5	10.714400
52.758333	0.5	10.736250
52.766667	0.5	10.770100
52.775000	0.5	10.795000
52.783333	0.5	10.824100
52.791667	0.5	10.858800
52.800000	0.5	10.886200
52.808333	0.5	10.921900
52.816667	0.5	10.965550
52.825000	0.5	10.998000
52.833333	0.5	11.039450
52.841667	0.5	11.079500
52.850000	0.5	11.121450
52.858333	0.5	11.161250
52.866667	0.5	11.203700
52.875000	0.5	11.245300
52.883333	0.5	11.287700
52.891667	0.5	11.344300
52.900000	0.5	11.371950
52.908333	0.5	11.414900
52.916667	0.5	11.449550
52.925000	0.5	11.485150
52.933333	0.5	11.525200
52.941667	0.5	11.554650
52.950000	0.5	11.587950
52.958333	0.5	11.621750
52.966667	0.5	11.655950
52.975000	0.5	11.684850
52.983333	0.5	11.715800
52.991667	0.5	11.743350
53.000000	0.5	11.771250
53.008333	0.5	11.789700
53.016667	0.5	11.813250
53.025000	0.5	11.835200
53.033333	0.5	11.860400
53.041667	0.5	11.868900
53.050000	0.5	11.895100
53.058333	0.5	11.903300
53.066667	0.5	11.920600
53.075000	0.5	11.931650
53.083333	0.5	11.948250
53.091667	0.5	11.951600
53.100000	0.5	11.966500
53.108333	0.5	11.968400
53.116667	0.5	11.980150
53.125000	0.5	11.980650
53.133333	0.5	11.994050
53.141667	0.5	11.992600
53.150000	0.5	11.996250
53.158333	0.5	12.005800
53.166667	0.5	12.006750
53.175000	0.5	12.003600
53.183333	0.5	12.002050
53.191667	0.5	12.003450
53.200000	0.5	12.000450
53.208333	0.5	11.996150
53.216667	0.5	11.999700
53.225000	0.5	11.995350
53.233333	0.5	11.998200
53.241667	0.5	11.998050
53.250000	0.5	11.984600
53.258333	0.5	11.986100
53.266667	0.5	11.973400
53.275000	0.5	11.977050
53.283333	0.5	11.972150
53.291667	0.5	11.970700
53.300000	0.5	11.964650
53.308333	0.5	11.962600
53.316667	0.5	11.954550
53.325000	0.5	11.955200
53.333333	0.5	11.945050
53.341667	0.5	11.941400
53.350000	0.5	11.939050
53.358333	0.5	11.931050
53.366667	0.5	11.928850
53.375000	0.5	11.925200
53.383333	0.5	11.919700
53.391667	0.5	11.916450
53.400000	0.5	11.922300
53.408333	0.5	11.912150
53.416667	0.5	11.906250
53.425000	0.5	11.901250
53.433333	0.5	11.897750
53.441667	0.5	11.888650
53.450000	0.5	11.882100
53.458333	0.5	11.873600
53.466667	0.5	11.867450
53.475000	0.5	11.863500
53.483333	0.5	11.850100
53.491667	0.5	11.844300
53.500000	0.5	11.833100
53.508333	0.5	11.824550
53.516667	0.5	11.817000
53.525000	0.5	11.805750
53.533333	0.5	11.792350
53.541667	0.5	11.780900
53.550000	0.5	11.768550
53.558333	0.5	11.755950
53.566667	0.5	11.745350
53.575000	0.5	11.726900
53.583333	0.5	11.709650
53.591667	0.5	11.696800
53.600000	0.5	11.677450
53.608333	0.5	11.665100
53.616667	0.5	11.653050
53.625000	0.5	11.634500
53.633333	0.5	11.634350
53.641667	0.5	11.612450
53.650000	0.5	11.600600
53.658333	0.5	11.582150
53.666667	0.5	11.567450
53.675000	0.5	11.545700
53.683333	0.5	11.533550
53.691667	0.5	11.516150
53.700000	0.5	11.489250
53.708333	0.5	11.472700
53.716667	0.5	11.453900
53.725000	0.5	11.441300
53.733333	0.5	11.415800
53.741667	0.5	11.403150
53.750000	0.5	11.391100
53.758333	0.5	11.368000
53.766667	0.5	11.364650
53.775000	0.5	11.342500
53.783333	0.5	11.327700
53.791667	0.5	11.311000
53.800000	0.5	11.290050
53.808333	0.5	11.270350
53.816667	0.5	11.253200
53.825000	0.5	11.234400
53.833333	0.5	11.223800
53.841667	0.5	11.211300
53.850000	0.5	11.188150
53.858333	0.5	11.174000
53.866667	0.5	11.161250
53.875000	0.5	11.146300
53.883333	0.5	11.143850
53.891667	0.5	11.121050
53.900000	0.5	11.105250
53.908333	0.5	11.084150
53.916667	0.5	11.063600
53.925000	0.5	11.047800
53.933333	0.5	11.030800
53.941667	0.5	11.020450
53.950000	0.5	10.996200
53.958333	0.5	10.981250
53.966667	0.5	10.967000
53.975000	0.5	10.945750
53.983333	0.5	10.960650
53.991667	0.5	10.920850
54.000000	0.5	10.904950
54.008333	0.5	10.889250
54.016667	0.5	10.867150
54.025000	0.5	10.854750
54.033333	0.5	10.834800
54.041667	0.5	10.814300
54.050000	0.5	10.794300
54.058333	0.5	10.776850
54.066667	0.5	10.758950
54.075000	0.5	10.742050
54.083333	0.5	10.725900
54.091667	0.5	10.708050
54.100000	0.5	10.690950
54.108333	0.5	10.676500
54.116667	0.5	10.661600
54.125000	0.5	10.662800
54.133333	0.5	10.635950
54.141667	0.5	10.628100
54.150000	0.5	10.601400
54.158333	0.5	10.593550
54.166667	0.5	10.579800
54.175000	0.5	10.576550
54.183333	0.5	10.560800
54.191667	0.5	10.554600
54.200000	0.5	10.547150
54.208333	0.5	10.540650
54.216667	0.5	10.544650
54.225000	0.5	10.532600
54.233333	0.5	10.527600
54.241667	0.5	10.522600
54.250000	0.5	10.526400
54.258333	0.5	10.529650
54.266667	0.5	10.529050
54.275000	0.5	10.538450
54.283333	0.5	10.550000
54.291667	0.5	10.561900
54.300000	0.5	10.570250
54.308333	0.5	10.595050
54.316667	0.5	10.620450
54.325000	0.5	10.648550
54.333333	0.5	10.687700
54.341667	0.5	10.722700
54.350000	0.5	10.770550
54.358333	0.5	10.822700
54.366667	0.5	10.883550
54.375000	0.5	10.945100
54.383333	0.5	11.018550
54.391667	0.5	11.097550
54.400000	0.5	11.178950
54.408333	0.5	11.271550
54.416667	0.5	11.378150
54.425000	0.5	11.465300
54.433333	0.5	11.558800
54.441667	0.5	11.666750
54.450000	0.5	11.771850
54.458333	0.5	11.895800
54.466667	0.5	12.005950
54.475000	0.5	12.121200
54.483333	0.5	12.245900
54.491667	0.5	12.357700
54.500000	0.5	12.472900
54.508333	0.5	12.589250
54.516667	0.5	12.704850
54.525000	0.5	12.796550
54.533333	0.5	12.901300
54.541667	0.5	13.001650
54.550000	0.5	13.097450
54.558333	0.5	13.185400
54.566667	0.5	13.270750
54.575000	0.5	13.353950
54.583333	0.5	13.433450
54.591667	0.5	13.505150
54.600000	0.5	13.586650
54.608333	0.5	13.655900
54.616667	0.5	13.715400
54.625000	0.5	13.777950
54.633333	0.5	13.837300
54.641667	0.5	13.884650
54.650000	0.5	13.932800
54.658333	0.5	13.982750
54.666667	0.5	14.027700
54.675000	0.5	14.067600
54.683333	0.5	14.111350
54.691667	0.5	14.140950
54.700000	0.5	14.174900
54.708333	0.5	14.198050
54.716667	0.5	14.219000
54.725000	0.5	14.232050
54.733333	0.5	14.244900
54.741667	0.5	14.257000
54.750000	0.5	14.260250
54.758333	0.5	14.257700
54.766667	0.5	14.254250
54.775000	0.5	14.237950
54.783333	0.5	14.224000
54.791667	0.5	14.203500
54.800000	0.5	14.176900
54.808333	0.5	14.143600
54.816667	0.5	14.102950
54.825000	0.5	14.063650
54.833333	0.5	14.020400
54.841667	0.5	13.961550
54.850000	0.5	13.906200
54.858333	0.5	13.840700
54.866667	0.5	13.777450
54.875000	0.5	13.701050
54.883333	0.5	13.629100
54.891667	0.5	13.549950
54.900000	0.5	13.476200
54.908333	0.5	13.383700
54.916667	0.5	13.296950
54.925000	0.5	13.206350
54.933333	0.5	13.108350
54.941667	0.5	13.011800
54.950000	0.5	12.913150
54.958333	0.5	12.812950
54.966667	0.5	12.714200
54.975000	0.5	12.609150
54.983333	0.5	12.511650
54.991667	0.5	12.413800
55.000000	0.5	12.311500
55.008333	0.5	12.216350
55.016667	0.5	12.122350
55.025000	0.5	12.039000
55.033333	0.5	11.978350
55.041667	0.5	11.900650
55.050000	0.5	11.846950
55.058333	0.5	11.800350
55.066667	0.5	11.756250
55.075000	0.5	11.732650
55.083333	0.5	11.715900
55.091667	0.5	11.704900
55.100000	0.5	11.700750
55.108333	0.5	11.698950
55.116667	0.5	11.706850
55.125000	0.5	11.721900
55.133333	0.5	11.734050
55.141667	0.5	11.751650
55.150000	0.5	11.776100
55.158333	0.5	11.802750
55.166667	0.5	11.824550
55.175000	0.5	11.847400
55.183333	0.5	11.865650
55.191667	0.5	11.885150
55.200000	0.5	11.901750
55.208333	0.5	11.925900
55.216667	0.5	11.949250
55.225000	0.5	11.970100
55.233333	0.5	11.980850
55.241667	0.5	12.001350
55.250000	0.5	12.018100
55.258333	0.5	12.036850
55.266667	0.5	12.042650
55.275000	0.5	12.057550
55.283333	0.5	12.061800
55.291667	0.5	12.068450
55.300000	0.5	12.075050
55.308333	0.5	12.081300
55.316667	0.5	12.088650
55.325000	0.5	12.086950
55.333333	0.5	12.090650
55.341667	0.5	12.086400
55.350000	0.5	12.080950
55.358333	0.5	12.071750
55.366667	0.5	12.076150
55.375000	0.5	12.069500
55.383333	0.5	12.049950
55.391667	0.5	12.039200
55.400000	0.5	12.014400
55.408333	0.5	11.996950
55.416667	0.5	11.969150
55.425000	0.5	11.946800
55.433333	0.5	11.917350
55.441667	0.5	11.890650
55.450000	0.5	11.854000
55.458333	0.5	11.820450
55.466667	0.5	11.785850
55.475000	0.5	11.750250
55.483333	0.5	11.715200
55.491667	0.5	11.685400
55.500000	0.5	11.631300
55.508333	0.5	11.591650
55.516667	0.5	11.555450
55.525000	0.5	11.518300
55.533333	0.5	11.475350
55.541667	0.5	11.445750
55.550000	0.5	11.413850
55.558333	0.5	11.392700
55.566667	0.5	11.370350
55.575000	0.5	11.336300
55.583333	0.5	11.308150
55.591667	0.5	11.287850
55.600000	0.5	11.265900
55.608333	0.5	11.256100
55.616667	0.5	11.243950
55.625000	0.5	11.232600
55.633333	0.5	11.218550
55.641667	0.5	11.212550
55.650000	0.5	11.212600
55.658333	0.5	11.213000
55.666667	0.5	11.214500
55.675000	0.5	11.213100
55.683333	0.5	11.213200
55.691667	0.5	11.213500
55.700000	0.5	11.211050
55.708333	0.5	11.215450
55.716667	0.5	11.229400
55.725000	0.5	11.225450
55.733333	0.5	11.232200
55.741667	0.5	11.237850
55.750000	0.5	11.252050
55.758333	0.5	11.256900
55.766667	0.5	11.273000
55.775000	0.5	11.272950
55.783333	0.5	11.282750
55.791667	0.5	11.290350
55.800000	0.5	11.294500
55.808333	0.5	11.308100
55.816667	0.5	11.314650
55.825000	0.5	11.330000
55.833333	0.5	11.337150
55.841667	0.5	11.343950
55.850000	0.5	11.350750
55.858333	0.5	11.356900
55.866667	0.5	11.357250
55.875000	0.5	11.368900
55.883333	0.5	11.374950
55.891667	0.5	11.373950
55.900000	0.5	11.392450
55.908333	0.5	11.385700
55.916667	0.5	11.379950
55.925000	0.5	11.378800
55.933333	0.5	11.370800
55.941667	0.5	11.367700
55.950000	0.5	11.362950
55.958333	0.5	11.354950
55.966667	0.5	11.345250
55.975000	0.5	11.329050
55.983333	0.5	11.313200
55.991667	0.5	11.293300
56.000000	0.5	11.278750
56.008333	0.5	11.256200
56.016667	0.5	11.239050
56.025000	0.5	11.222250
56.033333	0.5	11.192050
56.041667	0.5	11.172900
56.050000	0.5	11.146800
56.058333	0.5	11.117000
56.066667	0.5	11.097900
56.075000	0.5	11.056300
56.083333	0.5	11.027500
56.091667	0.5	10.997350
56.100000	0.5	10.962100
56.108333	0.5	10.932450
56.116667	0.5	10.902500
56.125000	0.5	10.865200
56.133333	0.5	10.836250
56.141667	0.5	10.816550
56.150000	0.5	10.781350
56.158333	0.5	10.751550
56.166667	0.5	10.727100
56.175000	0.5	10.693050
56.183333	0.5	10.677450
56.191667	0.5	10.645750
56.200000	0.5	10.625150
56.208333	0.5	10.604550
56.216667	0.5	10.580050
56.225000	0.5	10.559700
56.233333	0.5	10.547700
56.241667	0.5	10.535250
56.250000	0.5	10.519200
56.258333	0.5	10.506450
56.266667	0.5	10.487500
56.275000	0.5	10.479000
56.283333	0.5	10.465150
56.291667	0.5	10.457950
56.300000	0.5	10.447800
56.308333	0.5	10.444450
56.316667	0.5	10.433550
56.325000	0.5	10.427700
56.333333	0.5	10.426700
56.341667	0.5	10.413450
56.350000	0.5	10.402150
56.358333	0.5	10.394500
56.366667	0.5	10.385450
56.375000	0.5	10.382350
56.383333	0.5	10.373100
56.391667	0.5	10.363250
56.400000	0.5	10.357900
56.408333	0.5	10.348800
56.416667	0.5	10.332900
56.425000	0.5	10.348300
56.433333	0.5	10.335750
56.441667	0.5	10.324150
56.450000	0.5	10.318050
56.458333	0.5	10.317150
56.466667	0.5	10.309000
56.475000	0.5	10.312050
56.483333	0.5	10.317850
56.491667	0.5	10.323250
56.500000	0.5	10.329850
56.508333	0.5	10.341950
56.516667	0.5	10.364200
56.525000	0.5	10.395850
56.533333	0.5	10.425500
56.541667	0.5	10.462300
56.550000	0.5	10.513800
56.558333	0.5	10.568650
56.566667	0.5	10.635700
56.575000	0.5	10.706300
56.583333	0.5	10.788950
56.591667	0.5	10.867900
56.600000	0.5	10.962700
56.608333	0.5	11.049200
56.616667	0.5	11.145250
56.625000	0.5	11.240250
56.633333	0.5	11.339400
56.641667	0.5	11.446500
56.650000	0.5	11.553300
56.658333	0.5	11.658950
56.666667	0.5	11.775150
56.675000	0.5	11.886500
56.683333	0.5	11.990950
56.691667	0.5	12.099900
56.700000	0.5	12.206600
56.708333	0.5	12.302800
56.716667	0.5	12.407300
56.725000	0.5	12.488800
56.733333	0.5	12.565500
56.741667	0.5	12.647200
56.750000	0.5	12.716100
56.758333	0.5	12.780950
56.766667	0.5	12.850400
56.775000	0.5	12.895700
56.783333	0.5	12.943050
56.791667	0.5	12.988300
56.800000	0.5	13.019450
56.808333	0.5	13.056300
56.816667	0.5	13.079300
56.825000	0.5	13.102650
56.833333	0.5	13.108050
56.841667	0.5	13.120750
56.850000	0.5	13.123400
56.858333	0.5	13.130250
56.866667	0.5	13.124800
56.875000	0.5	13.115450
56.883333	0.5	13.104550
56.891667	0.5	13.086300
56.900000	0.5	13.072150
56.908333	0.5	13.055650
56.916667	0.5	13.035100
56.925000	0.5	13.013400
56.933333	0.5	12.988450
56.941667	0.5	12.969800
56.950000	0.5	12.947100
56.958333	0.5	12.939000
56.966667	0.5	12.910550
56.975000	0.5	12.898300
56.983333	0.5	12.885150
56.991667	0.5	12.880000
57.000000	0.5	12.874250
57.008333	0.5	12.869350
57.016667	0.5	12.876150
57.025000	0.5	12.888400
57.033333	0.5	12.895850
57.041667	0.5	12.915700
57.050000	0.5	12.927600
57.058333	0.5	12.952000
57.066667	0.5	12.970700
57.075000	0.5	12.997850
57.083333	0.5	13.021450
57.091667	0.5	13.044750
57.100000	0.5	13.066000
57.108333	0.5	13.083850
57.116667	0.5	13.101850
57.125000	0.5	13.129100
57.133333	0.5	13.137000
57.141667	0.5	13.147500
57.150000	0.5	13.150700
57.158333	0.5	13.153500
57.166667	0.5	13.169000
57.175000	0.5	13.145650
57.183333	0.5	13.137500
57.191667	0.5	13.129700
57.200000	0.5	13.110900
57.208333	0.5	13.092500
57.216667	0.5	13.069000
57.225000	0.5	13.044000
57.233333	0.5	13.016300
57.241667	0.5	12.985900
57.250000	0.5	12.947300
57.258333	0.5	12.904650
57.266667	0.5	12.860400
57.275000	0.5	12.817900
57.283333	0.5	12.761150
57.291667	0.5	12.720050
57.300000	0.5	12.660250
57.308333	0.5	12.600300
57.316667	0.5	12.532400
57.325000	0.5	12.467550
57.333333	0.5	12.395100
57.341667	0.5	12.327400
57.350000	0.5	12.248750
57.358333	0.5	12.169300
57.366667	0.5	12.091850
57.375000	0.5	12.014800
57.383333	0.5	11.936800
57.391667	0.5	11.862900
57.400000	0.5	11.783600
57.408333	0.5	11.695550
57.416667	0.5	11.617850
57.425000	0.5	11.550800
57.433333	0.5	11.468950
57.441667	0.5	11.396400
57.450000	0.5	11.331750
57.458333	0.5	11.266600
57.466667	0.5	11.199300
57.475000	0.5	11.146600
57.483333	0.5	11.092400
57.491667	0.5	11.048750
57.500000	0.5	10.994550
57.508333	0.5	10.953750
57.516667	0.5	10.906500
57.525000	0.5	10.859900
57.533333	0.5	10.828750
57.541667	0.5	10.793000
57.550000	0.5	10.767750
57.558333	0.5	10.734750
57.566667	0.5	10.714150
57.575000	0.5	10.697150
57.583333	0.5	10.653950
57.591667	0.5	10.616900
57.600000	0.5	10.585800
57.608333	0.5	10.547350
57.616667	0.5	10.512600
57.625000	0.5	10.476850
57.633333	0.5	10.444850
57.641667	0.5	10.392850
57.650000	0.5	10.350900
57.658333	0.5	10.301100
57.666667	0.5	10.268600
57.675000	0.5	10.243550
57.683333	0.5	10.191100
57.691667	0.5	10.154050
57.700000	0.5	10.128000
57.708333	0.5	10.112650
57.716667	0.5	10.099600
57.725000	0.5	10.079300
57.733333	0.5	10.067650
57.741667	0.5	10.067200
57.750000	0.5	10.059950
57.758333	0.5	10.064350
57.766667	0.5	10.062100
57.775000	0.5	10.075050
57.783333	0.5	10.071950
57.791667	0.5	10.089000
57.800000	0.5	10.084700
57.808333	0.5	10.088100
57.816667	0.5	10.092450
57.825000	0.5	10.103200
57.833333	0.5	10.109700
57.841667	0.5	10.120800
57.850000	0.5	10.120500
57.858333	0.5	10.142550
57.866667	0.5	10.146550
57.875000	0.5	10.152650
57.883333	0.5	10.158400
57.891667	0.5	10.170100
57.900000	0.5	10.182150
57.908333	0.5	10.193600
57.916667	0.5	10.202350
57.925000	0.5	10.214000
57.933333	0.5	10.226200
57.941667	0.5	10.237700
57.950000	0.5	10.257950
57.958333	0.5	10.265550
57.966667	0.5	10.280900
57.975000	0.5	10.290000
57.983333	0.5	10.301150
57.991667	0.5	10.319600
58.000000	0.5	10.330000
58.008333	0.5	10.355300
58.016667	0.5	10.348600
58.025000	0.5	10.366300
58.033333	0.5	10.376600
58.041667	0.5	10.386450
58.050000	0.5	10.391400
58.058333	0.5	10.417000
58.066667	0.5	10.411100
58.075000	0.5	10.415250
58.083333	0.5	10.417000
58.091667	0.5	10.425800
58.100000	0.5	10.428600
58.108333	0.5	10.424600
58.116667	0.5	10.430350
58.125000	0.5	10.424950
58.133333	0.5	10.425500
58.141667	0.5	10.436950
58.150000	0.5	10.429350
58.158333	0.5	10.422350
58.166667	0.5	10.406600
58.175000	0.5	10.398100
58.183333	0.5	10.386850
58.191667	0.5	10.374850
58.200000	0.5	10.357350
58.208333	0.5	10.348450
58.216667	0.5	10.347950
58.225000	0.5	10.321450
58.233333	0.5	10.299950
58.241667	0.5	10.296600
58.250000	0.5	10.281600
58.258333	0.5	10.260550
58.266667	0.5	10.245850
58.275000	0.5	10.223650
58.283333	0.5	10.220450
58.291667	0.5	10.191700
58.300000	0.5	10.171850
58.308333	0.5	10.154400
58.316667	0.5	10.140400
58.325000	0.5	10.127900
58.333333	0.5	10.098200
58.341667	0.5	10.086900
58.350000	0.5	10.064050
58.358333	0.5	10.041350
58.366667	0.5	10.043700
58.375000	0.5	10.014200
58.383333	0.5	9.993300
58.391667	0.5	9.992700
58.400000	0.5	9.981900
58.408333	0.5	9.970350
58.416667	0.5	9.954450
58.425000	0.5	9.946600
58.433333	0.5	9.945650
58.441667	0.5	9.947400
58.450000	0.5	9.945900
58.458333	0.5	9.953700
58.466667	0.5	9.975700
58.475000	0.5	9.994150
58.483333	0.5	10.013850
58.491667	0.5	10.057900
58.500000	0.5	10.099050
58.508333	0.5	10.160800
58.516667	0.5	10.219850
58.525000	0.5	10.291500
58.533333	0.5	10.376750
58.541667	0.5	10.467000
58.550000	0.5	10.550900
58.558333	0.5	10.656100
58.566667	0.5	10.753000
58.575000	0.5	10.851950
58.583333	0.5	10.953050
58.591667	0.5	11.055200
58.600000	0.5	11.160250
58.608333	0.5	11.268350
58.616667	0.5	11.370750
58.625000	0.5	11.482300
58.633333	0.5	11.590000
58.641667	0.5	11.693900
58.650000	0.5	11.802800
58.658333	0.5	11.911000
58.666667	0.5	12.015000
58.675000	0.5	12.116550
58.683333	0.5	12.227750
58.691667	0.5	12.308450
58.700000	0.5	12.397900
58.708333	0.5	12.493100
58.716667	0.5	12.558550
58.725000	0.5	12.639350
58.733333	0.5	12.704100
58.741667	0.5	12.754650
58.750000	0.5	12.814600
58.758333	0.5	12.861000
58.766667	0.5	12.902250
58.775000	0.5	12.932550
58.783333	0.5	12.961700
58.791667	0.5	12.984300
58.800000	0.5	12.992050
58.808333	0.5	13.004650
58.816667	0.5	13.012450
58.825000	0.5	13.013200
58.833333	0.5	13.006000
58.841667	0.5	12.994700
58.850000	0.5	12.989250
58.858333	0.5	12.963200
58.866667	0.5	12.933900
58.875000	0.5	12.904700
58.883333	0.5	12.885900
58.891667	0.5	12.844300
58.900000	0.5	12.805700
58.908333	0.5	12.775550
58.916667	0.5	12.730050
58.925000	0.5	12.680750
58.933333	0.5	12.628100
58.941667	0.5	12.582000
58.950000	0.5	12.524250
58.958333	0.5	12.477150
58.966667	0.5	12.426800
58.975000	0.5	12.376550
58.983333	0.5	12.319700
58.991667	0.5	12.265100
59.000000	0.5	12.208400
59.008333	0.5	12.166000
59.016667	0.5	12.107250
59.025000	0.5	12.057350
59.033333	0.5	12.012300
59.041667	0.5	11.961750
59.050000	0.5	11.931950
59.058333	0.5	11.883750
59.066667	0.5	11.857850
59.075000	0.5	11.829150
59.083333	0.5	11.797750
59.091667	0.5	11.786450
59.100000	0.5	11.773650
59.108333	0.5	11.774500
59.116667	0.5	11.779200
59.125000	0.5	11.785100
59.133333	0.5	11.809550
59.141667	0.5	11.828550
59.150000	0.5	11.850500
59.158333	0.5	11.897050
59.166667	0.5	11.940850
59.175000	0.5	11.990500
59.183333	0.5	12.050250
59.191667	0.5	12.101200
59.200000	0.5	12.173750
59.208333	0.5	12.236800
59.216667	0.5	12.292700
59.225000	0.5	12.361950
59.233333	0.5	12.424350
59.241667	0.5	12.494800
59.250000	0.5	12.553150
59.258333	0.5	12.606550
59.266667	0.5	12.668750
59.275000	0.5	12.710450
59.283333	0.5	12.754850
59.291667	0.5	12.790800
59.300000	0.5	12.840300
59.308333	0.5	12.860000
59.316667	0.5	12.887750
59.325000	0.5	12.906900
59.333333	0.5	12.923000
59.341667	0.5	12.917700
59.350000	0.5	12.923150
59.358333	0.5	12.918300
59.366667	0.5	12.910900
59.375000	0.5	12.894350
59.383333	0.5	12.887900
59.391667	0.5	12.857950
59.400000	0.5	12.821150
59.408333	0.5	12.779500
59.416667	0.5	12.742300
59.425000	0.5	12.697450
59.433333	0.5	12.641500
59.441667	0.5	12.587000
59.450000	0.5	12.526350
59.458333	0.5	12.460550
59.466667	0.5	12.391200
59.475000	0.5	12.318400
59.483333	0.5	12.245300
59.491667	0.5	12.174100
59.500000	0.5	12.100750
59.508333	0.5	12.010450
59.516667	0.5	11.931400
59.525000	0.5	11.848200
59.533333	0.5	11.767650
59.541667	0.5	11.689800
59.550000	0.5	11.611300
59.558333	0.5	11.539150
59.566667	0.5	11.457950
59.575000	0.5	11.386500
59.583333	0.5	11.327350
59.591667	0.5	11.263650
59.600000	0.5	11.201650
59.608333	0.5	11.146450
59.616667	0.5	11.097150
59.625000	0.5	11.048000
59.633333	0.5	10.996650
59.641667	0.5	10.957800
59.650000	0.5	10.918100
59.658333	0.5	10.879850
59.666667	0.5	10.853400
59.675000	0.5	10.825450
59.683333	0.5	10.795650
59.691667	0.5	10.772500
59.700000	0.5	10.752850
59.708333	0.5	10.733150
59.716667	0.5	10.711900
59.725000	0.5	10.691700
59.733333	0.5	10.675650
59.741667	0.5	10.667700
59.750000	0.5	10.639950
59.758333	0.5	10.630950
59.766667	0.5	10.621650
59.775000	0.5	10.607100
59.783333	0.5	10.593150
59.791667	0.5	10.585400
59.800000	0.5	10.565800
59.808333	0.5	10.560250
59.816667	0.5	10.543700
59.825000	0.5	10.531000
59.833333	0.5	10.519550
59.841667	0.5	10.505700
59.850000	0.5	10.495550
59.858333	0.5	10.482050
59.866667	0.5	10.476050
59.875000	0.5	10.469450
59.883333	0.5	10.463100
59.891667	0.5	10.454500
59.900000	0.5	10.434650
59.908333	0.5	10.425550
59.916667	0.5	10.416100
59.925000	0.5	10.402050
59.933333	0.5	10.393550
59.941667	0.5	10.382850
59.950000	0.5	10.375400
59.958333	0.5	10.364950
59.966667	0.5	10.344600
59.975000	0.5	10.328200
59.983333	0.5	10.313050
59.991667	0.5	10.291050
60.000000	0.5	10.269950
60.008333	0.5	10.244650
60.016667	0.5	10.228050
60.025000	0.5	10.193000
60.033333	0.5	10.162050
60.041667	0.5	10.130300
60.050000	0.5	10.098950
60.058333	0.5	10.059650
60.066667	0.5	10.027700
60.075000	0.5	9.992950
60.083333	0.5	9.957000
60.091667	0.5	9.929650
60.100000	0.5	9.893450
60.108333	0.5	9.867800
60.116667	0.5	9.841150
60.125000	0.5	9.820150
60.133333	0.5	9.803100
60.141667	0.5	9.788650
60.150000	0.5	9.775750
60.158333	0.5	9.769400
60.166667	0.5	9.766350
60.175000	0.5	9.770350
60.183333	0.5	9.776400
60.191667	0.5	9.794650
60.200000	0.5	9.817300
60.208333	0.5	9.840400
60.216667	0.5	9.873700
60.225000	0.5	9.920150
60.233333	0.5	9.968250
60.241667	0.5	10.030300
60.250000	0.5	10.101500
60.258333	0.5	10.177200
60.266667	0.5	10.254200
60.275000	0.5	10.341050
60.283333	0.5	10.426700
60.291667	0.5	10.524400
60.300000	0.5	10.610200
60.308333	0.5	10.707450
60.316667	0.5	10.802250
60.325000	0.5	10.898200
60.333333	0.5	10.985000
60.341667	0.5	11.080600
60.350000	0.5	11.176350
60.358333	0.5	11.271400
60.366667	0.5	11.366550
60.375000	0.5	11.464600
60.383333	0.5	11.557550
60.391667	0.5	11.656400
60.400000	0.5	11.758700
60.408333	0.5	11.841850
60.416667	0.5	11.933200
60.425000	0.5	12.021150
60.433333	0.5	12.097100
60.441667	0.5	12.174450
60.450000	0.5	12.250700
60.458333	0.5	12.312850
60.466667	0.5	12.371950
60.475000	0.5	12.427700
60.483333	0.5	12.478100
60.491667	0.5	12.513700
60.500000	0.5	12.550650
60.508333	0.5	12.579850
60.516667	0.5	12.605350
60.525000	0.5	12.621400
60.533333	0.5	12.631500
60.541667	0.5	12.636850
60.550000	0.5	12.639350
60.558333	0.5	12.630400
60.566667	0.5	12.612000
60.575000	0.5	12.591050
60.583333	0.5	12.563300
60.591667	0.5	12.533000
60.600000	0.5	12.499900
60.608333	0.5	12.454150
60.616667	0.5	12.404950
60.625000	0.5	12.353750
60.633333	0.5	12.292100
60.641667	0.5	12.233150
60.650000	0.5	12.162100
60.658333	0.5	12.094150
60.666667	0.5	12.018800
60.675000	0.5	11.929100
60.683333	0.5	11.850400
60.691667	0.5	11.761100
60.700000	0.5	11.666150
60.708333	0.5	11.582150
60.716667	0.5	11.482550
60.725000	0.5	11.389300
60.733333	0.5	11.288050
60.741667	0.5	11.198800
60.750000	0.5	11.107950
60.758333	0.5	11.018850
60.766667	0.5	10.919150
60.775000	0.5	10.834950
60.783333	0.5	10.741750
60.791667	0.5	10.665650
60.800000	0.5	10.596550
60.808333	0.5	10.522000
60.816667	0.5	10.450700
60.825000	0.5	10.397900
60.833333	0.5	10.349850
60.841667	0.5	10.301450
60.850000	0.5	10.267950
60.858333	0.5	10.237400
60.866667	0.5	10.215200
60.875000	0.5	10.195050
60.883333	0.5	10.185600
60.891667	0.5	10.185700
60.900000	0.5	10.197100
60.908333	0.5	10.207200
60.916667	0.5	10.231700
60.925000	0.5	10.247800
60.933333	0.5	10.280200
60.941667	0.5	10.308050
60.950000	0.5	10.344700
60.958333	0.5	10.391850
60.966667	0.5	10.433750
60.975000	0.5	10.488650
60.983333	0.5	10.536750
60.991667	0.5	10.598150
61.000000	0.5	10.660950
61.008333	0.5	10.715400
61.016667	0.5	10.794050
61.025000	0.5	10.861550
61.033333	0.5	10.928950
61.041667	0.5	10.994250
61.050000	0.5	11.086500
61.058333	0.5	11.147400
61.066667	0.5	11.220100
61.075000	0.5	11.296250
61.083333	0.5	11.371750
61.091667	0.5	11.444550
61.100000	0.5	11.506850
61.108333	0.5	11.571550
61.116667	0.5	11.631750
61.125000	0.5	11.703400
61.133333	0.5	11.760250
61.141667	0.5	11.808600
61.150000	0.5	11.862100
61.158333	0.5	11.912050
61.166667	0.5	11.958650
61.175000	0.5	11.986250
61.183333	0.5	12.019400
61.191667	0.5	12.049200
61.200000	0.5	12.075300
61.208333	0.5	12.088200
61.216667	0.5	12.101300
61.225000	0.5	12.108050
61.233333	0.5	12.115050
61.241667	0.5	12.106050
61.250000	0.5	12.091000
61.258333	0.5	12.068600
61.266667	0.5	12.044000
61.275000	0.5	12.018100
61.283333	0.5	11.987100
61.291667	0.5	11.935850
61.300000	0.5	11.889400
61.308333	0.5	11.846250
61.316667	0.5	11.785850
61.325000	0.5	11.712600
61.333333	0.5	11.649100
61.341667	0.5	11.577600
61.350000	0.5	11.493400
61.358333	0.5	11.418550
61.366667	0.5	11.332200
61.375000	0.5	11.251300
61.383333	0.5	11.170350
61.391667	0.5	11.077850
61.400000	0.5	11.001750
61.408333	0.5	10.920350
61.416667	0.5	10.834100
61.425000	0.5	10.757800
61.433333	0.5	10.668850
61.441667	0.5	10.589550
61.450000	0.5	10.517950
61.458333	0.5	10.442600
61.466667	0.5	10.378400
61.475000	0.5	10.309300
61.483333	0.5	10.251700
61.491667	0.5	10.185600
61.500000	0.5	10.132750
61.508333	0.5	10.079850
61.516667	0.5	10.019350
61.525000	0.5	9.976950
61.533333	0.5	9.927250
61.541667	0.5	9.905950
61.550000	0.5	9.858450
61.558333	0.5	9.826950
61.566667	0.5	9.805200
61.575000	0.5	9.771800
61.583333	0.5	9.745650
61.591667	0.5	9.737900
61.600000	0.5	9.708850
61.608333	0.5	9.702500
61.616667	0.5	9.688450
61.625000	0.5	9.679450
61.633333	0.5	9.678500
61.641667	0.5	9.676450
61.650000	0.5	9.679250
61.658333	0.5	9.692500
61.666667	0.5	9.703750
61.675000	0.5	9.717750
61.683333	0.5	9.732100
61.691667	0.5	9.748250
61.700000	0.5	9.772500
61.708333	0.5	9.804900
61.716667	0.5	9.833150
61.725000	0.5	9.868700
61.733333	0.5	9.903550
61.741667	0.5	9.949050
61.750000	0.5	9.988200
61.758333	0.5	10.044500
61.766667	0.5	10.104950
61.775000	0.5	10.152950
61.783333	0.5	10.229050
61.791667	0.5	10.284100
61.800000	0.5	10.361650
61.808333	0.5	10.430650
61.816667	0.5	10.516750
61.825000	0.5	10.578150
61.833333	0.5	10.664600
61.841667	0.5	10.741450
61.850000	0.5	10.820050
61.858333	0.5	10.893400
61.866667	0.5	10.963650
61.875000	0.5	11.038500
61.883333	0.5	11.113900
61.891667	0.5	11.175150
61.900000	0.5	11.223600
61.908333	0.5	11.274200
61.916667	0.5	11.320300
61.925000	0.5	11.349200
61.933333	0.5	11.380100
61.941667	0.5	11.399500
61.950000	0.5	11.405550
61.958333	0.5	11.402450
61.966667	0.5	11.385100
61.975000	0.5	11.366100
61.983333	0.5	11.347650
61.991667	0.5	11.297650
62.000000	0.5	11.248600
62.008333	0.5	11.184400
62.016667	0.5	11.120450
62.025000	0.5	11.064850
62.033333	0.5	10.991250
62.041667	0.5	10.925750
62.050000	0.5	10.866050
62.058333	0.5	10.810450
62.066667	0.5	10.756900
62.075000	0.5	10.712500
62.083333	0.5	10.672950
62.091667	0.5	10.626500
62.100000	0.5	10.596550
62.108333	0.5	10.529650
62.116667	0.5	10.481300
62.125000	0.5	10.446150
62.133333	0.5	10.396300
62.141667	0.5	10.366550
62.150000	0.5	10.364850
62.158333	0.5	10.336950
62.166667	0.5	10.333300
62.175000	0.5	10.327900
62.183333	0.5	10.321800
62.191667	0.5	10.321550
62.200000	0.5	10.322050
62.208333	0.5	10.322800
62.216667	0.5	10.323700
62.225000	0.5	10.324600
62.233333	0.5	10.324350
62.241667	0.5	10.323500
62.250000	0.5	10.331250
62.258333	0.5	10.333300
62.266667	0.5	10.340400
62.275000	0.5	10.337150
62.283333	0.5	10.334950
62.291667	0.5	10.338000
62.300000	0.5	10.331950
62.308333	0.5	10.335100
62.316667	0.5	10.336850
62.325000	0.5	10.341650
62.333333	0.5	10.357700
62.341667	0.5	10.359500
62.350000	0.5	10.373200
62.358333	0.5	10.382050
62.366667	0.5	10.389950
62.375000	0.5	10.405700
62.383333	0.5	10.419600
62.391667	0.5	10.430850
62.400000	0.5	10.446650
62.408333	0.5	10.460050
62.416667	0.5	10.478000
62.425000	0.5	10.485500
62.433333	0.5	10.510500
62.441667	0.5	10.528800
62.450000	0.5	10.535000
62.458333	0.5	10.551050
62.466667	0.5	10.567950
62.475000	0.5	10.575350
62.483333	0.5	10.603050
62.491667	0.5	10.609250
62.500000	0.5	10.633650
62.508333	0.5	10.642050
62.516667	0.5	10.661500
62.525000	0.5	10.668200
62.533333	0.5	10.684900
62.541667	0.5	10.701800
62.550000	0.5	10.727700
62.558333	0.5	10.725600
62.566667	0.5	10.743800
62.575000	0.5	10.765850
62.583333	0.5	10.775350
62.591667	0.5	10.784500
62.600000	0.5	10.794150
62.608333	0.5	10.805350
62.616667	0.5	10.821950
62.625000	0.5	10.834000
62.633333	0.5	10.848000
62.641667	0.5	10.847350
62.650000	0.5	10.869550
62.658333	0.5	10.883100
62.666667	0.5	10.885750
62.675000	0.5	10.896500
62.683333	0.5	10.908050
62.691667	0.5	10.928350
62.700000	0.5	10.928950
62.708333	0.5	10.938750
62.716667	0.5	10.942550
62.725000	0.5	10.957100
62.733333	0.5	10.954350
62.741667	0.5	10.966950
62.750000	0.5	10.976000
62.758333	0.5	10.979700
62.766667	0.5	10.985150
62.775000	0.5	10.989900
62.783333	0.5	10.989950
62.791667	0.5	10.986650
62.800000	0.5	10.994550
62.808333	0.5	10.996250
62.816667	0.5	10.999400
62.825000	0.5	11.000150
62.833333	0.5	11.000700
62.841667	0.5	11.008300
62.850000	0.5	11.007950
62.858333	0.5	11.011850
62.866667	0.5	11.011450
62.875000	0.5	11.015600
62.883333	0.5	11.020150
62.891667	0.5	11.011700
62.900000	0.5	11.019400
62.908333	0.5	11.020100
62.916667	0.5	11.022500
62.925000	0.5	11.021500
62.933333	0.5	11.018050
62.941667	0.5	11.018000
62.950000	0.5	11.019700
62.958333	0.5	11.029100
62.966667	0.5	11.013750
62.975000	0.5	11.010700
62.983333	0.5	11.007600
62.991667	0.5	11.033850
63.000000	0.5	11.013850
63.008333	0.5	11.006500
63.016667	0.5	11.003200
63.025000	0.5	10.999050
63.033333	0.5	10.994450
63.041667	0.5	10.988500
63.050000	0.5	10.976150
63.058333	0.5	10.981050
63.066667	0.5	10.973700
63.075000	0.5	10.975750
63.083333	0.5	10.970950
63.091667	0.5	10.967150
63.100000	0.5	10.960000
63.108333	0.5	10.955000
63.116667	0.5	10.946050
63.125000	0.5	10.940800
63.133333	0.5	10.960800
63.141667	0.5	10.940650
63.150000	0.5	10.934500
63.158333	0.5	10.928700
63.166667	0.5	10.918750
63.175000	0.5	10.918200
63.183333	0.5	10.912900
63.191667	0.5	10.908650
63.200000	0.5	10.909200
63.208333	0.5	10.908250
63.216667	0.5	10.907050
63.225000	0.5	10.907050
63.233333	0.5	10.910500
63.241667	0.5	10.905150
63.250000	0.5	10.907200
63.258333	0.5	10.912300
63.266667	0.5	10.927750
63.275000	0.5	10.925850
63.283333	0.5	10.935150
63.291667	0.5	10.952100
63.300000	0.5	10.972200
63.308333	0.5	10.989200
63.316667	0.5	11.011200
63.325000	0.5	11.036250
63.333333	0.5	11.061250
63.341667	0.5	11.088250
63.350000	0.5	11.118600
63.358333	0.5	11.154900
63.366667	0.5	11.188750
63.375000	0.5	11.219250
63.383333	0.5	11.257800
63.391667	0.5	11.298900
63.400000	0.5	11.330500
63.408333	0.5	11.361700
63.416667	0.5	11.408550
63.425000	0.5	11.433250
63.433333	0.5	11.459750
63.441667	0.5	11.483200
63.450000	0.5	11.517450
63.458333	0.5	11.545700
63.466667	0.5	11.559400
63.475000	0.5	11.583250
63.483333	0.5	11.604150
63.491667	0.5	11.615800
63.500000	0.5	11.620550
63.508333	0.5	11.631850
63.516667	0.5	11.634500
63.525000	0.5	11.644750
63.533333	0.5	11.642550
63.541667	0.5	11.636550
63.550000	0.5	11.633550
63.558333	0.5	11.632850
63.566667	0.5	11.616200
63.575000	0.5	11.604600
63.583333	0.5	11.598450
63.591667	0.5	11.585050
63.600000	0.5	11.572950
63.608333	0.5	11.559050
63.616667	0.5	11.540600
63.625000	0.5	11.527250
63.633333	0.5	11.509650
63.641667	0.5	11.492600
63.650000	0.5	11.480200
63.658333	0.5	11.466150
63.666667	0.5	11.451450
63.675000	0.5	11.438400
63.683333	0.5	11.426750
63.691667	0.5	11.407200
63.700000	0.5	11.393600
63.708333	0.5	11.366950
63.716667	0.5	11.310850
63.725000	0.5	11.221100
63.733333	0.5	11.093250
63.741667	0.5	10.955250
63.750000	0.5	10.811750
63.758333	0.5	10.679100
63.766667	0.5	10.544800
63.775000	0.5	10.423750
63.783333	0.5	10.315100
63.791667	0.5	10.229700
63.800000	0.5	10.152500
63.808333	0.5	10.088700
63.816667	0.5	10.026700
63.825000	0.5	9.992900
63.833333	0.5	9.947750
63.841667	0.5	9.908700
63.850000	0.5	9.871600
63.858333	0.5	9.827000
63.866667	0.5	9.783300
63.875000	0.5	9.734550
63.883333	0.5	9.701100
63.891667	0.5	9.649100
63.900000	0.5	9.612000
63.908333	0.5	9.559350
63.916667	0.5	9.505200
63.925000	0.5	9.461950
63.933333	0.5	9.426400
63.941667	0.5	9.399150
63.950000	0.5	9.380400
63.958333	0.5	9.343050
63.966667	0.5	9.327650
63.975000	0.5	9.293450
63.983333	0.5	9.280800
63.991667	0.5	9.265400
64.000000	0.5	9.247500
64.008333	0.5	9.230500
64.016667	0.5	9.202400
64.025000	0.5	9.186000
64.033333	0.5	9.163350
64.041667	0.5	9.139450
64.050000	0.5	9.115400
64.058333	0.5	9.102950
64.066667	0.5	9.076450
64.075000	0.5	9.053100
64.083333	0.5	9.039100
64.091667	0.5	9.014200
64.100000	0.5	8.997200
64.108333	0.5	8.970750
64.116667	0.5	8.953550
64.125000	0.5	8.930650
64.133333	0.5	8.912650
64.141667	0.5	8.899200
64.150000	0.5	8.876450
64.158333	0.5	8.861750
64.166667	0.5	8.844850
64.175000	0.5	8.829450
64.183333	0.5	8.808900
64.191667	0.5	8.800300
64.200000	0.5	8.787100
64.208333	0.5	8.766300
64.216667	0.5	8.755900
64.225000	0.5	8.736750
64.233333	0.5	8.719350
64.241667	0.5	8.715000
64.250000	0.5	8.703100
64.258333	0.5	8.686400
64.266667	0.5	8.671600
64.275000	0.5	8.655550
64.283333	0.5	8.652650
64.291667	0.5	8.634800
64.300000	0.5	8.616900
64.308333	0.5	8.607850
64.316667	0.5	8.593050
64.325000	0.5	8.585000
64.333333	0.5	8.574900
64.341667	0.5	8.561850
64.350000	0.5	8.552900
64.358333	0.5	8.535100
64.366667	0.5	8.532400
64.375000	0.5	8.531500
64.383333	0.5	8.519100
64.391667	0.5	8.507000
64.400000	0.5	8.495200
64.408333	0.5	8.484800
64.416667	0.5	8.491800
64.425000	0.5	8.470150
64.433333	0.5	8.474100
64.441667	0.5	8.458450
64.450000	0.5	8.452300
64.458333	0.5	8.448700
64.466667	0.5	8.441200
64.475000	0.5	8.439450
64.483333	0.5	8.426250
64.491667	0.5	8.420950
64.500000	0.5	8.411850
64.508333	0.5	8.410350
64.516667	0.5	8.407900
64.525000	0.5	8.398000
64.533333	0.5	8.387350
64.541667	0.5	8.387700
64.550000	0.5	8.382500
64.558333	0.5	8.375150
64.566667	0.5	8.374550
64.575000	0.5	8.371850
64.583333	0.5	8.358100
64.591667	0.5	8.351800
64.600000	0.5	8.346650
64.608333	0.5	8.341050
64.616667	0.5	8.342000
64.625000	0.5	8.336850
64.633333	0.5	8.324950
64.641667	0.5	8.321750
64.650000	0.5	8.313850
64.658333	0.5	8.308500
64.666667	0.5	8.311700
64.675000	0.5	8.295150
64.683333	0.5	8.289050
64.691667	0.5	8.285450
64.700000	0.5	8.281750
64.708333	0.5	8.289550
64.716667	0.5	8.280200
64.725000	0.5	8.275550
64.733333	0.5	8.272150
64.741667	0.5	8.264100
64.750000	0.5	8.263650
64.758333	0.5	8.260800
64.766667	0.5	8.248400
64.775000	0.5	8.258800
64.783333	0.5	8.243900
64.791667	0.5	8.246150
64.800000	0.5	8.246250
64.808333	0.5	8.239000
64.816667	0.5	8.235550
64.825000	0.5	8.233650
64.833333	0.5	8.235950
64.841667	0.5	8.227850
64.850000	0.5	8.231600
64.858333	0.5	8.230700
64.866667	0.5	8.228300
64.875000	0.5	8.225600
64.883333	0.5	8.220800
64.891667	0.5	8.227750
64.900000	0.5	8.222850
64.908333	0.5	8.228000
64.916667	0.5	8.222950
64.925000	0.5	8.226350
64.933333	0.5	8.218000
64.941667	0.5	8.225800
64.950000	0.5	8.223700
64.958333	0.5	8.221000
64.966667	0.5	8.222700
64.975000	0.5	8.221700
64.983333	0.5	8.218950
64.991667	0.5	8.221550
65.000000	0.5	8.221150
65.008333	0.5	8.215100
65.016667	0.5	8.217550
65.025000	0.5	8.225350
65.033333	0.5	8.217600
65.041667	0.5	8.221850
65.050000	0.5	8.222450
65.058333	0.5	8.230300
65.066667	0.5	8.229650
65.075000	0.5	8.236800
65.083333	0.5	8.239300
65.091667	0.5	8.231200
65.100000	0.5	8.233900
65.108333	0.5	8.235550
65.116667	0.5	8.243050
65.125000	0.5	8.244400
65.133333	0.5	8.248100
65.141667	0.5	8.257950
65.150000	0.5	8.254050
65.158333	0.5	8.256650
65.166667	0.5	8.258100
65.175000	0.5	8.258050
65.183333	0.5	8.266900
65.191667	0.5	8.275250
65.200000	0.5	8.275000
65.208333	0.5	8.271850
65.216667	0.5	8.282650
65.225000	0.5	8.286950
65.233333	0.5	8.292950
65.241667	0.5	8.306900
65.250000	0.5	8.303050
65.258333	0.5	8.305750
65.266667	0.5	8.311300
65.275000	0.5	8.303450
65.283333	0.5	8.320650
65.291667	0.5	8.321650
65.300000	0.5	8.325700
65.308333	0.5	8.333500
65.316667	0.5	8.332850
65.325000	0.5	8.338050
65.333333	0.5	8.347750
65.341667	0.5	8.347100
65.350000	0.5	8.347400
65.358333	0.5	8.357100
65.366667	0.5	8.358550
65.375000	0.5	8.358150
65.383333	0.5	8.378050
65.391667	0.5	8.370650
65.400000	0.5	8.365250
65.408333	0.5	8.369550
65.416667	0.5	8.369700
65.425000	0.5	8.371050
65.433333	0.5	8.383100
65.441667	0.5	8.377750
65.450000	0.5	8.382850
65.458333	0.5	8.367700
65.466667	0.5	8.374500
65.475000	0.5	8.370250
65.483333	0.5	8.369350
65.491667	0.5	8.366250
65.500000	0.5	8.376200
65.508333	0.5	8.359900
65.516667	0.5	8.375250
65.525000	0.5	8.367600
65.533333	0.5	8.368250
65.541667	0.5	8.363650
65.550000	0.5	8.353300
65.558333	0.5	8.356750
65.566667	0.5	8.353200
65.575000	0.5	8.363050
65.583333	0.5	8.349100
65.591667	0.5	8.350250
65.600000	0.5	8.346300
65.608333	0.5	8.347350
65.616667	0.5	8.356200
65.625000	0.5	8.352950
65.633333	0.5	8.349400
65.641667	0.5	8.342750
65.650000	0.5	8.343850
65.658333	0.5	8.339450
65.666667	0.5	8.339850
65.675000	0.5	8.347350
65.683333	0.5	8.331750
65.691667	0.5	8.334400
65.700000	0.5	8.335350
65.708333	0.5	8.333750
65.716667	0.5	8.332100
65.725000	0.5	8.333550
65.733333	0.5	8.344200
65.741667	0.5	8.322900
65.750000	0.5	8.339350
65.758333	0.5	8.324800
65.766667	0.5	8.327500
65.775000	0.5	8.332500
65.783333	0.5	8.331050
65.791667	0.5	8.329800
65.800000	0.5	8.319350
65.808333	0.5	8.328750
65.816667	0.5	8.329750
65.825000	0.5	8.339700
65.833333	0.5	8.332200
65.841667	0.5	8.336950
65.850000	0.5	8.333350
65.858333	0.5	8.332300
65.866667	0.5	8.335850
65.875000	0.5	8.342900
65.883333	0.5	8.334400
65.891667	0.5	8.340300
65.900000	0.5	8.348750
65.908333	0.5	8.355450
65.916667	0.5	8.357050
65.925000	0.5	8.352950
65.933333	0.5	8.358850
65.941667	0.5	8.348500
65.950000	0.5	8.356800
65.958333	0.5	8.362650
65.966667	0.5	8.367250
65.975000	0.5	8.367950
65.983333	0.5	8.379250
65.991667	0.5	8.365900
66.000000	0.5	8.369800
66.008333	0.5	8.376050
66.016667	0.5	8.383600
66.025000	0.5	8.383150
66.033333	0.5	8.390800
66.041667	0.5	8.382000
66.050000	0.5	8.391050
66.058333	0.5	8.392950
66.066667	0.5	8.399650
66.075000	0.5	8.407350
66.083333	0.5	8.406200
66.091667	0.5	8.413200
66.100000	0.5	8.426800
66.108333	0.5	8.422300
66.116667	0.5	8.435900
66.125000	0.5	8.433250
66.133333	0.5	8.443850
66.141667	0.5	8.444250
66.150000	0.5	8.461350
66.158333	0.5	8.470950
66.166667	0.5	8.469350
66.175000	0.5	8.476750
66.183333	0.5	8.485400
66.191667	0.5	8.498650
66.200000	0.5	8.509150
66.208333	0.5	8.515050
66.216667	0.5	8.535150
66.225000	0.5	8.552950
66.233333	0.5	8.565300
66.241667	0.5	8.573100
66.250000	0.5	8.601200
66.258333	0.5	8.611800
66.266667	0.5	8.633200
66.275000	0.5	8.668450
66.283333	0.5	8.680250
66.291667	0.5	8.709750
66.300000	0.5	8.722550
66.308333	0.5	8.745050
66.316667	0.5	8.770250
66.325000	0.5	8.807850
66.333333	0.5	8.829750
66.341667	0.5	8.881050
66.350000	0.5	8.914900
66.358333	0.5	8.948300
66.366667	0.5	8.990150
66.375000	0.5	9.019850
66.383333	0.5	9.057550
66.391667	0.5	9.103300
66.400000	0.5	9.140650
66.408333	0.5	9.181900
66.416667	0.5	9.237450
66.425000	0.5	9.283350
66.433333	0.5	9.319800
66.441667	0.5	9.361250
66.450000	0.5	9.400150
66.458333	0.5	9.434700
66.466667	0.5	9.484950
66.475000	0.5	9.523600
66.483333	0.5	9.554350
66.491667	0.5	9.604500
66.500000	0.5	9.645800
66.508333	0.5	9.679050
66.516667	0.5	9.704300
66.525000	0.5	9.747450
66.533333	0.5	9.795250
66.541667	0.5	9.817050
66.550000	0.5	9.844500
66.558333	0.5	9.870400
66.566667	0.5	9.894250
66.575000	0.5	9.916600
66.583333	0.5	9.939200
66.591667	0.5	9.950600
66.600000	0.5	9.976100
66.608333	0.5	9.981650
66.616667	0.5	9.998650
66.625000	0.5	10.006800
66.633333	0.5	10.017500
66.641667	0.5	10.022150
66.650000	0.5	10.028950
66.658333	0.5	10.032350
66.666667	0.5	10.032600
66.675000	0.5	10.037400
66.683333	0.5	10.033550
66.691667	0.5	10.024500
66.700000	0.5	10.024850
66.708333	0.5	10.011800
66.716667	0.5	10.006950
66.725000	0.5	10.000200
66.733333	0.5	9.980100
66.741667	0.5	9.964050
66.750000	0.5	9.958700
66.758333	0.5	9.927950
66.766667	0.5	9.907350
66.775000	0.5	9.892100
66.783333	0.5	9.869550
66.791667	0.5	9.841300
66.800000	0.5	9.820550
66.808333	0.5	9.796900
66.816667	0.5	9.768800
66.825000	0.5	9.746650
66.833333	0.5	9.718450
66.841667	0.5	9.691600
66.850000	0.5	9.650050
66.858333	0.5	9.624700
66.866667	0.5	9.596750
66.875000	0.5	9.567500
66.883333	0.5	9.533250
66.891667	0.5	9.493800
66.900000	0.5	9.469150
66.908333	0.5	9.435150
66.916667	0.5	9.397000
66.925000	0.5	9.363300
66.933333	0.5	9.334300
66.941667	0.5	9.308000
66.950000	0.5	9.264550
66.958333	0.5	9.238500
66.966667	0.5	9.211450
66.975000	0.5	9.181300
66.983333	0.5	9.145950
66.991667	0.5	9.122150
67.000000	0.5	9.106400
67.008333	0.5	9.072350
67.016667	0.5	9.065000
67.025000	0.5	9.021850
67.033333	0.5	8.999300
67.041667	0.5	8.976600
67.050000	0.5	8.960050
67.058333	0.5	8.948000
67.066667	0.5	8.920050
67.075000	0.5	8.915400
67.083333	0.5	8.896900
67.091667	0.5	8.880900
67.100000	0.5	8.868000
67.108333	0.5	8.867150
67.116667	0.5	8.847250
67.125000	0.5	8.835400
67.133333	0.5	8.829300
67.141667	0.5	8.821000
67.150000	0.5	8.827600
67.158333	0.5	8.820350
67.166667	0.5	8.811500
67.175000	0.5	8.815050
67.183333	0.5	8.805750
67.191667	0.5	8.811100
67.200000	0.5	8.811050
67.208333	0.5	8.819000
67.216667	0.5	8.819300
67.225000	0.5	8.816850
67.233333	0.5	8.825400
67.241667	0.5	8.831900
67.250000	0.5	8.832800
67.258333	0.5	8.848650
67.266667	0.5	8.842800
67.275000	0.5	8.860650
67.283333	0.5	8.861100
67.291667	0.5	8.882350
67.300000	0.5	8.893600
67.308333	0.5	8.903000
67.316667	0.5	8.920600
67.325000	0.5	8.924750
67.333333	0.5	8.938150
67.341667	0.5	8.956750
67.350000	0.5	8.994750
67.358333	0.5	8.997500
67.366667	0.5	9.013000
67.375000	0.5	9.038900
67.383333	0.5	9.054450
67.391667	0.5	9.065100
67.400000	0.5	9.078650
67.408333	0.5	9.101700
67.416667	0.5	9.125850
67.425000	0.5	9.154100
67.433333	0.5	9.184550
67.441667	0.5	9.196600
67.450000	0.5	9.213100
67.458333	0.5	9.238750
67.466667	0.5	9.264650
67.475000	0.5	9.300450
67.483333	0.5	9.315200
67.491667	0.5	9.335150
67.500000	0.5	9.351650
67.508333	0.5	9.375150
67.516667	0.5	9.400650
67.525000	0.5	9.423850
67.533333	0.5	9.458150
67.541667	0.5	9.468500
67.550000	0.5	9.481500
67.558333	0.5	9.503750
67.566667	0.5	9.526400
67.575000	0.5	9.547550
67.583333	0.5	9.563950
67.591667	0.5	9.576450
67.600000	0.5	9.585850
67.608333	0.5	9.607750
67.616667	0.5	9.636150
67.625000	0.5	9.628850
67.633333	0.5	9.645850
67.641667	0.5	9.651900
67.650000	0.5	9.651400
67.658333	0.5	9.651400
67.666667	0.5	9.657400
67.675000	0.5	9.653850
67.683333	0.5	9.645650
67.691667	0.5	9.637100
67.700000	0.5	9.632500
67.708333	0.5	9.619850
67.716667	0.5	9.605500
67.725000	0.5	9.587600
67.733333	0.5	9.569950
67.741667	0.5	9.539150
67.750000	0.5	9.516600
67.758333	0.5	9.486700
67.766667	0.5	9.464450
67.775000	0.5	9.440300
67.783333	0.5	9.414050
67.791667	0.5	9.384700
67.800000	0.5	9.349000
67.808333	0.5	9.312250
67.816667	0.5	9.303100
67.825000	0.5	9.272050
67.833333	0.5	9.242550
67.841667	0.5	9.220600
67.850000	0.5	9.189900
67.858333	0.5	9.170350
67.866667	0.5	9.136350
67.875000	0.5	9.110050
67.883333	0.5	9.097300
67.891667	0.5	9.072250
67.900000	0.5	9.064050
67.908333	0.5	9.048150
67.916667	0.5	9.039200
67.925000	0.5	9.028150
67.933333	0.5	9.014000
67.941667	0.5	9.000900
67.950000	0.5	8.987750
67.958333	0.5	8.964350
67.966667	0.5	8.967850
67.975000	0.5	8.950550
67.983333	0.5	8.946000
67.991667	0.5	8.933250
68.000000	0.5	8.925750
68.008333	0.5	8.942300
68.016667	0.5	8.918750
68.025000	0.5	8.944200
68.033333	0.5	8.942450
68.041667	0.5	8.943750
68.050000	0.5	8.944900
68.058333	0.5	8.954150
68.066667	0.5	8.955750
68.075000	0.5	8.962250
68.083333	0.5	8.965300
68.091667	0.5	8.980300
68.100000	0.5	8.986750
68.108333	0.5	9.002600
68.116667	0.5	9.000400
68.125000	0.5	9.007850
68.133333	0.5	9.019650
68.141667	0.5	9.019450
68.150000	0.5	9.026900
68.158333	0.5	9.045700
68.166667	0.5	9.047900
68.175000	0.5	9.065200
68.183333	0.5	9.061200
68.191667	0.5	9.077250
68.200000	0.5	9.087500
68.208333	0.5	9.086350
68.216667	0.5	9.106050
68.225000	0.5	9.107350
68.233333	0.5	9.116300
68.241667	0.5	9.122250
68.250000	0.5	9.129050
68.258333	0.5	9.151400
68.266667	0.5	9.152250
68.275000	0.5	9.153000
68.283333	0.5	9.167650
68.291667	0.5	9.180450
68.300000	0.5	9.182750
68.308333	0.5	9.199950
68.316667	0.5	9.194700
68.325000	0.5	9.216300
68.333333	0.5	9.215150
68.341667	0.5	9.225750
68.350000	0.5	9.236800
68.358333	0.5	9.260550
68.366667	0.5	9.250850
68.375000	0.5	9.263200
68.383333	0.5	9.272500
68.391667	0.5	9.288000
68.400000	0.5	9.293450
68.408333	0.5	9.317700
68.416667	0.5	9.319650
68.425000	0.5	9.333350
68.433333	0.5	9.357950
68.441667	0.5	9.364600
68.450000	0.5	9.385450
68.458333	0.5	9.396650
68.466667	0.5	9.413200
68.475000	0.5	9.428050
68.483333	0.5	9.449950
68.491667	0.5	9.478950
68.500000	0.5	9.495150
68.508333	0.5	9.530200
68.516667	0.5	9.547900
68.525000	0.5	9.592050
68.533333	0.5	9.617800
68.541667	0.5	9.640100
68.550000	0.5	9.681650
68.558333	0.5	9.709100
68.566667	0.5	9.745150
68.575000	0.5	9.778550
68.583333	0.5	9.816100
68.591667	0.5	9.856850
68.600000	0.5	9.894100
68.608333	0.5	9.934850
68.616667	0.5	9.971000
68.625000	0.5	10.013200
68.633333	0.5	10.045000
68.641667	0.5	10.086100
68.650000	0.5	10.129200
68.658333	0.5	10.152000
68.666667	0.5	10.199300
68.675000	0.5	10.224100
68.683333	0.5	10.260400
68.691667	0.5	10.281500
68.700000	0.5	10.304950
68.708333	0.5	10.344150
68.716667	0.5	10.354400
68.725000	0.5	10.375650
68.733333	0.5	10.394350
68.741667	0.5	10.413900
68.750000	0.5	10.426850
68.758333	0.5	10.447150
68.766667	0.5	10.469100
68.775000	0.5	10.461600
68.783333	0.5	10.481350
68.791667	0.5	10.484600
68.800000	0.5	10.495800
68.808333	0.5	10.485750
68.816667	0.5	10.491450
68.825000	0.5	10.489750
68.833333	0.5	10.491850
68.841667	0.5	10.485000
68.850000	0.5	10.487900
68.858333	0.5	10.496350
68.866667	0.5	10.470550
68.875000	0.5	10.471250
68.883333	0.5	10.476750
68.891667	0.5	10.453550
68.900000	0.5	10.451000
68.908333	0.5	10.432650
68.916667	0.5	10.418950
68.925000	0.5	10.410700
68.933333	0.5	10.399000
68.941667	0.5	10.383850
68.950000	0.5	10.378950
68.958333	0.5	10.363900
68.966667	0.5	10.352600
68.975000	0.5	10.334950
68.983333	0.5	10.320150
68.991667	0.5	10.317000
69.000000	0.5	10.302300
69.008333	0.5	10.292800
69.016667	0.5	10.283700
69.025000	0.5	10.275900
69.033333	0.5	10.275750
69.041667	0.5	10.253550
69.050000	0.5	10.247700
69.058333	0.5	10.244750
69.066667	0.5	10.242700
69.075000	0.5	10.243050
69.083333	0.5	10.242050
69.091667	0.5	10.247450
69.100000	0.5	10.242150
69.108333	0.5	10.236100
69.116667	0.5	10.238150
69.125000	0.5	10.248900
69.133333	0.5	10.242600
69.141667	0.5	10.253800
69.150000	0.5	10.254800
69.158333	0.5	10.257350
69.166667	0.5	10.271050
69.175000	0.5	10.284300
69.183333	0.5	10.281100
69.191667	0.5	10.299200
69.200000	0.5	10.304900
69.208333	0.5	10.310250
69.216667	0.5	10.318500
69.225000	0.5	10.328350
69.233333	0.5	10.342600
69.241667	0.5	10.358850
69.250000	0.5	10.377800
69.258333	0.5	10.391700
69.266667	0.5	10.401250
69.275000	0.5	10.405900
69.283333	0.5	10.421150
69.291667	0.5	10.439800
69.300000	0.5	10.450700
69.308333	0.5	10.452250
69.316667	0.5	10.473850
69.325000	0.5	10.490050
69.333333	0.5	10.489500
69.341667	0.5	10.507250
69.350000	0.5	10.529500
69.358333	0.5	10.537100
69.366667	0.5	10.548200
69.375000	0.5	10.558350
69.383333	0.5	10.574700
69.391667	0.5	10.581850
69.400000	0.5	10.592200
69.408333	0.5	10.608800
69.416667	0.5	10.622650
69.425000	0.5	10.632300
69.433333	0.5	10.649000
69.441667	0.5	10.663450
69.450000	0.5	10.680900
69.458333	0.5	10.692500
69.466667	0.5	10.707600
69.475000	0.5	10.723700
69.483333	0.5	10.734150
69.491667	0.5	10.748200
69.500000	0.5	10.769250
69.508333	0.5	10.784050
69.516667	0.5	10.784450
69.525000	0.5	10.802750
69.533333	0.5	10.826050
69.541667	0.5	10.843550
69.550000	0.5	10.868100
69.558333	0.5	10.871250
69.566667	0.5	10.891450
69.575000	0.5	10.909000
69.583333	0.5	10.925050
69.591667	0.5	10.944050
69.600000	0.5	10.962250
69.608333	0.5	10.980500
69.616667	0.5	11.004650
69.625000	0.5	11.024900
69.633333	0.5	11.048750
69.641667	0.5	11.057550
69.650000	0.5	11.081600
69.658333	0.5	11.109050
69.666667	0.5	11.113100
69.675000	0.5	11.137550
69.683333	0.5	11.158700
69.691667	0.5	11.170650
69.700000	0.5	11.198200
69.708333	0.5	11.221800
69.716667	0.5	11.236650
69.725000	0.5	11.248400
69.733333	0.5	11.283000
69.741667	0.5	11.293550
69.750000	0.5	11.326650
69.758333	0.5	11.327400
69.766667	0.5	11.347800
69.775000	0.5	11.360600
69.783333	0.5	11.374850
69.791667	0.5	11.393650
69.800000	0.5	11.406700
69.808333	0.5	11.424800
69.816667	0.5	11.434550
69.825000	0.5	11.462750
69.833333	0.5	11.468700
69.841667	0.5	11.489250
69.850000	0.5	11.492800
69.858333	0.5	11.500950
69.866667	0.5	11.518100
69.875000	0.5	11.527550
69.883333	0.5	11.529650
69.891667	0.5	11.547950
69.900000	0.5	11.555200
69.908333	0.5	11.553700
69.916667	0.5	11.566750
69.925000	0.5	11.566950
69.933333	0.5	11.575650
69.941667	0.5	11.580450
69.950000	0.5	11.592900
69.958333	0.5	11.589500
69.966667	0.5	11.594250
69.975000	0.5	11.597550
69.983333	0.5	11.610200
69.991667	0.5	11.619100
70.000000	0.5	11.610150
70.008333	0.5	11.615450
70.016667	0.5	11.614150
70.025000	0.5	11.616400
70.033333	0.5	11.625400
70.041667	0.5	11.630750
70.050000	0.5	11.624250
70.058333	0.5	11.628000
70.066667	0.5	11.632850
70.075000	0.5	11.639550
70.083333	0.5	11.635900
70.091667	0.5	11.645650
70.100000	0.5	11.647550
70.108333	0.5	11.643250
70.116667	0.5	11.654400
70.125000	0.5	11.654150
70.133333	0.5	11.658700
70.141667	0.5	11.658300
70.150000	0.5	11.661100
70.158333	0.5	11.668550
70.166667	0.5	11.669350
70.175000	0.5	11.672000
70.183333	0.5	11.680950
70.191667	0.5	11.679000
70.200000	0.5	11.682700
70.208333	0.5	11.691300
70.216667	0.5	11.697750
70.225000	0.5	11.705250
70.233333	0.5	11.709050
70.241667	0.5	11.716450
70.250000	0.5	11.722850
70.258333	0.5	11.733900
70.266667	0.5	11.742100
70.275000	0.5	11.762000
70.283333	0.5	11.771700
70.291667	0.5	11.793150
70.300000	0.5	11.802550
70.308333	0.5	11.839350
70.316667	0.5	11.843850
70.325000	0.5	11.865950
70.333333	0.5	11.880650
70.341667	0.5	11.900650
70.350000	0.5	11.921800
70.358333	0.5	11.939250
70.366667	0.5	11.961050
70.375000	0.5	11.984500
70.383333	0.5	12.007450
70.391667	0.5	12.026300
70.400000	0.5	12.047100
70.408333	0.5	12.057950
70.416667	0.5	12.078050
70.425000	0.5	12.104000
70.433333	0.5	12.118300
70.441667	0.5	12.124000
70.450000	0.5	12.142450
70.458333	0.5	12.151400
70.466667	0.5	12.169250
70.475000	0.5	12.177300
70.483333	0.5	12.192500
70.491667	0.5	12.192100
70.500000	0.5	12.203700
70.508333	0.5	12.207700
70.516667	0.5	12.211150
70.525000	0.5	12.213350
70.533333	0.5	12.204200
70.541667	0.5	12.211550
70.550000	0.5	12.197900
70.558333	0.5	12.194900
70.566667	0.5	12.188750
70.575000	0.5	12.190100
70.583333	0.5	12.166000
70.591667	0.5	12.161150
70.600000	0.5	12.153300
70.608333	0.5	12.142450
70.616667	0.5	12.142450
70.625000	0.5	12.112200
70.633333	0.5	12.100250
70.641667	0.5	12.085700
70.650000	0.5	12.059100
70.658333	0.5	12.042950
70.666667	0.5	12.025950
70.675000	0.5	12.021600
70.683333	0.5	11.989700
70.691667	0.5	11.979850
70.700000	0.5	11.958750
70.708333	0.5	11.949350
70.716667	0.5	11.922500
70.725000	0.5	11.896350
70.733333	0.5	11.873350
70.741667	0.5	11.859850
70.750000	0.5	11.836550
70.758333	0.5	11.818450
70.766667	0.5	11.792800
70.775000	0.5	11.769900
70.783333	0.5	11.763650
70.791667	0.5	11.735600
70.800000	0.5	11.731550
70.808333	0.5	11.702800
70.816667	0.5	11.693800
70.825000	0.5	11.669600
70.833333	0.5	11.649800
70.841667	0.5	11.647250
70.850000	0.5	11.620100
70.858333	0.5	11.620000
70.866667	0.5	11.605700
70.875000	0.5	11.598850
70.883333	0.5	11.584800
70.891667	0.5	11.576450
70.900000	0.5	11.559950
70.908333	0.5	11.553250
70.916667	0.5	11.548250
70.925000	0.5	11.542900
70.933333	0.5	11.535450
70.941667	0.5	11.524850
70.950000	0.5	11.529650
70.958333	0.5	11.527200
70.966667	0.5	11.512200
70.975000	0.5	11.521400
70.983333	0.5	11.514750
70.991667	0.5	11.513550
71.000000	0.5	11.503650
71.008333	0.5	11.505350
71.016667	0.5	11.507950
71.025000	0.5	11.500750
71.033333	0.5	11.489300
71.041667	0.5	11.486250
71.050000	0.5	11.478550
71.058333	0.5	11.476950
71.066667	0.5	11.472150
71.075000	0.5	11.462700
71.083333	0.5	11.461350
71.091667	0.5	11.456550
71.100000	0.5	11.458800
71.108333	0.5	11.435100
71.116667	0.5	11.434800
71.125000	0.5	11.429250
71.133333	0.5	11.415900
71.141667	0.5	11.403900
71.150000	0.5	11.399800
71.158333	0.5	11.384350
71.166667	0.5	11.379350
71.175000	0.5	11.376400
71.183333	0.5	11.381250
71.191667	0.5	11.378400
71.200000	0.5	11.348550
71.208333	0.5	11.338050
71.216667	0.5	11.318950
71.225000	0.5	11.315800
71.233333	0.5	11.311850
71.241667	0.5	11.297600
71.250000	0.5	11.294200
71.258333	0.5	11.283300
71.266667	0.5	11.292050
71.275000	0.5	11.279400
71.283333	0.5	11.280450
71.291667	0.5	11.272150
71.300000	0.5	11.263950
71.308333	0.5	11.264450
71.316667	0.5	11.279050
71.325000	0.5	11.274800
71.333333	0.5	11.273950
71.341667	0.5	11.283500
71.350000	0.5	11.291600
71.358333	0.5	11.296700
71.366667	0.5	11.316750
71.375000	0.5	11.322150
71.383333	0.5	11.333700
71.391667	0.5	11.348150
71.400000	0.5	11.373400
71.408333	0.5	11.392300
71.416667	0.5	11.420700
71.425000	0.5	11.448800
71.433333	0.5	11.476650
71.441667	0.5	11.515450
71.450000	0.5	11.541000
71.458333	0.5	11.583100
71.466667	0.5	11.621150
71.475000	0.5	11.659350
71.483333	0.5	11.711850
71.491667	0.5	11.736550
71.500000	0.5	11.790950
71.508333	0.5	11.828300
71.516667	0.5	11.878400
71.525000	0.5	11.918200
71.533333	0.5	11.961300
71.541667	0.5	12.006250
71.550000	0.5	12.041700
71.558333	0.5	12.094650
71.566667	0.5	12.129900
71.575000	0.5	12.153600
71.583333	0.5	12.210350
71.591667	0.5	12.222100
71.600000	0.5	12.247700
71.608333	0.5	12.275850
71.616667	0.5	12.286550
71.625000	0.5	12.307400
71.633333	0.5	12.326200
71.641667	0.5	12.329750
71.650000	0.5	12.331950
71.658333	0.5	12.335700
71.666667	0.5	12.337050
71.675000	0.5	12.330700
71.683333	0.5	12.303400
71.691667	0.5	12.293400
71.700000	0.5	12.275950
71.708333	0.5	12.257550
71.716667	0.5	12.229600
71.725000	0.5	12.197900
71.733333	0.5	12.166400
71.741667	0.5	12.143100
71.750000	0.5	12.100050
71.758333	0.5	12.070300
71.766667	0.5	12.036700
71.775000	0.5	11.999800
71.783333	0.5	11.972450
71.791667	0.5	11.950950
71.800000	0.5	11.939350
71.808333	0.5	11.911450
71.816667	0.5	11.889250
71.825000	0.5	11.876950
71.833333	0.5	11.879800
71.841667	0.5	11.882200
71.850000	0.5	11.910800
71.858333	0.5	11.928850
71.866667	0.5	11.955450
71.875000	0.5	11.987550
71.883333	0.5	12.029950
71.891667	0.5	12.075750
71.900000	0.5	12.132650
71.908333	0.5	12.184050
71.916667	0.5	12.240850
71.925000	0.5	12.300550
71.933333	0.5	12.371250
71.941667	0.5	12.436850
71.950000	0.5	12.499350
71.958333	0.5	12.551600
71.966667	0.5	12.616600
71.975000	0.5	12.670500
71.983333	0.5	12.724350
71.991667	0.5	12.771300
72.000000	0.5	12.828100
72.008333	0.5	12.871400
72.016667	0.5	12.907650
72.025000	0.5	12.952250
72.033333	0.5	12.986700
72.041667	0.5	13.015950
72.050000	0.5	13.043600
72.058333	0.5	13.072000
72.066667	0.5	13.090700
72.075000	0.5	13.105900
72.083333	0.5	13.124400
72.091667	0.5	13.128450
72.100000	0.5	13.138050
72.108333	0.5	13.139850
72.116667	0.5	13.141750
72.125000	0.5	13.139000
72.133333	0.5	13.127150
72.141667	0.5	13.111400
72.150000	0.5	13.089500
72.158333	0.5	13.067100
72.166667	0.5	13.046600
72.175000	0.5	13.020850
72.183333	0.5	12.984000
72.191667	0.5	12.946700
72.200000	0.5	12.898250
72.208333	0.5	12.856300
72.216667	0.5	12.803850
72.225000	0.5	12.743600
72.233333	0.5	12.691000
72.241667	0.5	12.617900
72.250000	0.5	12.554350
72.258333	0.5	12.488850
72.266667	0.5	12.414850
72.275000	0.5	12.337500
72.283333	0.5	12.260850
72.291667	0.5	12.176300
72.300000	0.5	12.096600
72.308333	0.5	12.011050
72.316667	0.5	11.932300
72.325000	0.5	11.857100
72.333333	0.5	11.768650
72.341667	0.5	11.696300
72.350000	0.5	11.623150
72.358333	0.5	11.536500
72.366667	0.5	11.477200
72.375000	0.5	11.415250
72.383333	0.5	11.349700
72.391667	0.5	11.281300
72.400000	0.5	11.233500
72.408333	0.5	11.186200
72.416667	0.5	11.149900
72.425000	0.5	11.115950
72.433333	0.5	11.078400
72.441667	0.5	11.045500
72.450000	0.5	11.022050
72.458333	0.5	10.994050
72.466667	0.5	10.980500
72.475000	0.5	10.961350
72.483333	0.5	10.951100
72.491667	0.5	10.938750
72.500000	0.5	10.923150
72.508333	0.5	10.917050
72.516667	0.5	10.906300
72.525000	0.5	10.899900
72.533333	0.5	10.890000
72.541667	0.5	10.885600
72.550000	0.5	10.875150
72.558333	0.5	10.874000
72.566667	0.5	10.867350
72.575000	0.5	10.861200
72.583333	0.5	10.856800
72.591667	0.5	10.837550
72.600000	0.5	10.837150
72.608333	0.5	10.831600
72.616667	0.5	10.828700
72.625000	0.5	10.821500
72.633333	0.5	10.810550
72.641667	0.5	10.805650
72.650000	0.5	10.788450
72.658333	0.5	10.778050
72.666667	0.5	10.767050
72.675000	0.5	10.759550
72.683333	0.5	10.759350
72.691667	0.5	10.745800
72.700000	0.5	10.740450
72.708333	0.5	10.725600
72.716667	0.5	10.716450
72.725000	0.5	10.706350
72.733333	0.5	10.697900
72.741667	0.5	10.692650
72.750000	0.5	10.684250
72.758333	0.5	10.678400
72.766667	0.5	10.667250
72.775000	0.5	10.663200
72.783333	0.5	10.650500
72.791667	0.5	10.643900
72.800000	0.5	10.636350
72.808333	0.5	10.631700
72.816667	0.5	10.629200
72.825000	0.5	10.619350
72.833333	0.5	10.618500
72.841667	0.5	10.616800
72.850000	0.5	10.607900
72.858333	0.5	10.606650
72.866667	0.5	10.612650
72.875000	0.5	10.596250
72.883333	0.5	10.601050
72.891667	0.5	10.593300
72.900000	0.5	10.598700
72.908333	0.5	10.591150
72.916667	0.5	10.598500
72.925000	0.5	10.587700
72.933333	0.5	10.592300
72.941667	0.5	10.595600
72.950000	0.5	10.601800
72.958333	0.5	10.597850
72.966667	0.5	10.603750
72.975000	0.5	10.619900
72.983333	0.5	10.624100
72.991667	0.5	10.624950
73.000000	0.5	10.646550
73.008333	0.5	10.639100
73.016667	0.5	10.655050
73.025000	0.5	10.668750
73.033333	0.5	10.691650
73.041667	0.5	10.708950
73.050000	0.5	10.722800
73.058333	0.5	10.750300
73.066667	0.5	10.777000
73.075000	0.5	10.795050
73.083333	0.5	10.826950
73.091667	0.5	10.854400
73.100000	0.5	10.893450
73.108333	0.5	10.935100
73.116667	0.5	10.964900
73.125000	0.5	11.008400
73.133333	0.5	11.043200
73.141667	0.5	11.080700
73.150000	0.5	11.114700
73.158333	0.5	11.159850
73.166667	0.5	11.204050
73.175000	0.5	11.253050
73.183333	0.5	11.282150
73.191667	0.5	11.331000
73.200000	0.5	11.371250
73.208333	0.5	11.403000
73.216667	0.5	11.444550
73.225000	0.5	11.470900
73.233333	0.5	11.496000
73.241667	0.5	11.522300
73.250000	0.5	11.560250
73.258333	0.5	11.587250
73.266667	0.5	11.607450
73.275000	0.5	11.626150
73.283333	0.5	11.652750
73.291667	0.5	11.658700
73.300000	0.5	11.685300
73.308333	0.5	11.689700
73.316667	0.5	11.704150
73.325000	0.5	11.726050
73.333333	0.5	11.729500
73.341667	0.5	11.741150
73.350000	0.5	11.755950
73.358333	0.5	11.760550
73.366667	0.5	11.763700
73.375000	0.5	11.784150
73.383333	0.5	11.797850
73.391667	0.5	11.812950
73.400000	0.5	11.823950
73.408333	0.5	11.843600
73.416667	0.5	11.868750
73.425000	0.5	11.883350
73.433333	0.5	11.917900
73.441667	0.5	11.937100
73.450000	0.5	11.965950
73.458333	0.5	11.982150
73.466667	0.5	12.017500
73.475000	0.5	12.051500
73.483333	0.5	12.081100
73.491667	0.5	12.097250
73.500000	0.5	12.123700
73.508333	0.5	12.155850
73.516667	0.5	12.197650
73.525000	0.5	12.212500
73.533333	0.5	12.245050
73.541667	0.5	12.271800
73.550000	0.5	12.286800
73.558333	0.5	12.316850
73.566667	0.5	12.342900
73.575000	0.5	12.357750
73.583333	0.5	12.366650
73.591667	0.5	12.389300
73.600000	0.5	12.387550
73.608333	0.5	12.398550
73.616667	0.5	12.399900
73.625000	0.5	12.410800
73.633333	0.5	12.403850
73.641667	0.5	12.406900
73.650000	0.5	12.387250
73.658333	0.5	12.383750
73.666667	0.5	12.362200
73.675000	0.5	12.333400
73.683333	0.5	12.321300
73.691667	0.5	12.290800
73.700000	0.5	12.273600
73.708333	0.5	12.231100
73.716667	0.5	12.209450
73.725000	0.5	12.161500
73.733333	0.5	12.123250
73.741667	0.5	12.074050
73.750000	0.5	12.027400
73.758333	0.5	11.970950
73.766667	0.5	11.925800
73.775000	0.5	11.865400
73.783333	0.5	11.801650
73.791667	0.5	11.743750
73.800000	0.5	11.672500
73.808333	0.5	11.598200
73.816667	0.5	11.548350
73.825000	0.5	11.470600
73.833333	0.5	11.403900
73.841667	0.5	11.319550
73.850000	0.5	11.271300
73.858333	0.5	11.187000
73.866667	0.5	11.127850
73.875000	0.5	11.060600
73.883333	0.5	11.009300
73.891667	0.5	10.928550
73.900000	0.5	10.872200
73.908333	0.5	10.828400
73.916667	0.5	10.760300
73.925000	0.5	10.733150
73.933333	0.5	10.684050
73.941667	0.5	10.632350
73.950000	0.5	10.602350
73.958333	0.5	10.579700
73.966667	0.5	10.537600
73.975000	0.5	10.515650
73.983333	0.5	10.489550
73.991667	0.5	10.471900
74.000000	0.5	10.450100
74.008333	0.5	10.440800
74.016667	0.5	10.421700
74.025000	0.5	10.407850
74.033333	0.5	10.396150
74.041667	0.5	10.396650
74.050000	0.5	10.383700
74.058333	0.5	10.374450
74.066667	0.5	10.374050
74.075000	0.5	10.386500
74.083333	0.5	10.354600
74.091667	0.5	10.346600
74.100000	0.5	10.350500
74.108333	0.5	10.339050
74.116667	0.5	10.348050
74.125000	0.5	10.333750
74.133333	0.5	10.317800
74.141667	0.5	10.317450
74.150000	0.5	10.322100
74.158333	0.5	10.312600
74.166667	0.5	10.300500
74.175000	0.5	10.288800
74.183333	0.5	10.288300
74.191667	0.5	10.283150
74.200000	0.5	10.269350
74.208333	0.5	10.259050
74.216667	0.5	10.245700
74.225000	0.5	10.237950
74.233333	0.5	10.235700
74.241667	0.5	10.240800
74.250000	0.5	10.238300
74.258333	0.5	10.214150
74.266667	0.5	10.217100
74.275000	0.5	10.211200
74.283333	0.5	10.188450
74.291667	0.5	10.198350
74.300000	0.5	10.181950
74.308333	0.5	10.167600
74.316667	0.5	10.168050
74.325000	0.5	10.166300
74.333333	0.5	10.152350
74.341667	0.5	10.148350
74.350000	0.5	10.148900
74.358333	0.5	10.142250
74.366667	0.5	10.126900
74.375000	0.5	10.135600
74.383333	0.5	10.119900
74.391667	0.5	10.125250
74.400000	0.5	10.118700
74.408333	0.5	10.123350
74.416667	0.5	10.119950
74.425000	0.5	10.109150
74.433333	0.5	10.106050
74.441667	0.5	10.100250
74.450000	0.5	10.098500
74.458333	0.5	10.104800
74.466667	0.5	10.095150
74.475000	0.5	10.093200
74.483333	0.5	10.083750
74.491667	0.5	10.089250
74.500000	0.5	10.089450
74.508333	0.5	10.093300
74.516667	0.5	10.081450
74.525000	0.5	10.096950
74.533333	0.5	10.097100
74.541667	0.5	10.093150
74.550000	0.5	10.106200
74.558333	0.5	10.104900
74.566667	0.5	10.112500
74.575000	0.5	10.116150
74.583333	0.5	10.114000
74.591667	0.5	10.123000
74.600000	0.5	10.133400
74.608333	0.5	10.149150
74.616667	0.5	10.168300
74.625000	0.5	10.184100
74.633333	0.5	10.205350
74.641667	0.5	10.233250
74.650000	0.5	10.250300
74.658333	0.5	10.286500
74.666667	0.5	10.306650
74.675000	0.5	10.337400
74.683333	0.5	10.371000
74.691667	0.5	10.403250
74.700000	0.5	10.444250
74.708333	0.5	10.482050
74.716667	0.5	10.532000
74.725000	0.5	10.585100
74.733333	0.5	10.624850
74.741667	0.5	10.667300
74.750000	0.5	10.725300
74.758333	0.5	10.777400
74.766667	0.5	10.828750
74.775000	0.5	10.882550
74.783333	0.5	10.934350
74.791667	0.5	10.997950
74.800000	0.5	11.046350
74.808333	0.5	11.102650
74.816667	0.5	11.163250
74.825000	0.5	11.231500
74.833333	0.5	11.287350
74.841667	0.5	11.337450
74.850000	0.5	11.400750
74.858333	0.5	11.457900
74.866667	0.5	11.497800
74.875000	0.5	11.557400
74.883333	0.5	11.596950
74.891667	0.5	11.655350
74.900000	0.5	11.705050
74.908333	0.5	11.748200
74.916667	0.5	11.788950
74.925000	0.5	11.833100
74.933333	0.5	11.880500
74.941667	0.5	11.911800
74.950000	0.5	11.945700
74.958333	0.5	11.978550
74.966667	0.5	12.011950
74.975000	0.5	12.040950
74.983333	0.5	12.065000
74.991667	0.5	12.105850
75.000000	0.5	12.124450
75.008333	0.5	12.148400
75.016667	0.5	12.163350
75.025000	0.5	12.177600
75.033333	0.5	12.190550
75.041667	0.5	12.199700
75.050000	0.5	12.210450
75.058333	0.5	12.234300
75.066667	0.5	12.221250
75.075000	0.5	12.229250
75.083333	0.5	12.226850
75.091667	0.5	12.226150
75.100000	0.5	12.209850
75.108333	0.5	12.201650
75.116667	0.5	12.189100
75.125000	0.5	12.177800
75.133333	0.5	12.166150
75.141667	0.5	12.149000
75.150000	0.5	12.105400
75.158333	0.5	12.088150
75.166667	0.5	12.048800
75.175000	0.5	12.027650
75.183333	0.5	11.975950
75.191667	0.5	11.938050
75.200000	0.5	11.902900
75.208333	0.5	11.860650
75.216667	0.5	11.806850
75.225000	0.5	11.750050
75.233333	0.5	11.697900
75.241667	0.5	11.641350
75.250000	0.5	11.577150
75.258333	0.5	11.523300
75.266667	0.5	11.455500
75.275000	0.5	11.394750
75.283333	0.5	11.323450
75.291667	0.5	11.263600
75.300000	0.5	11.201550
75.308333	0.5	11.131150
75.316667	0.5	11.075450
75.325000	0.5	11.011200
75.333333	0.5	10.947300
75.341667	0.5	10.876450
75.350000	0.5	10.827550
75.358333	0.5	10.772450
75.366667	0.5	10.720800
75.375000	0.5	10.672350
75.383333	0.5	10.625850
75.391667	0.5	10.583700
75.400000	0.5	10.547900
75.408333	0.5	10.499000
75.416667	0.5	10.478000
75.425000	0.5	10.433900
75.433333	0.5	10.411000
75.441667	0.5	10.395000
75.450000	0.5	10.363800
75.458333	0.5	10.352200
75.466667	0.5	10.319400
75.475000	0.5	10.304200
75.483333	0.5	10.298350
75.491667	0.5	10.278350
75.500000	0.5	10.272850
75.508333	0.5	10.257850
75.516667	0.5	10.249600
75.525000	0.5	10.236150
75.533333	0.5	10.227350
75.541667	0.5	10.218200
75.550000	0.5	10.209650
75.558333	0.5	10.193050
75.566667	0.5	10.184750
75.575000	0.5	10.178200
75.583333	0.5	10.170450
75.591667	0.5	10.165750
75.600000	0.5	10.162050
75.608333	0.5	10.146000
75.616667	0.5	10.147450
75.625000	0.5	10.134000
75.633333	0.5	10.119950
75.641667	0.5	10.115650
75.650000	0.5	10.112250
75.658333	0.5	10.102750
75.666667	0.5	10.093250
75.675000	0.5	10.086900
75.683333	0.5	10.081650
75.691667	0.5	10.075850
75.700000	0.5	10.060300
75.708333	0.5	10.047150
75.716667	0.5	10.047300
75.725000	0.5	10.044100
75.733333	0.5	10.026500
75.741667	0.5	10.024950
75.750000	0.5	10.020450
75.758333	0.5	10.011500
75.766667	0.5	10.005450
75.775000	0.5	10.002300
75.783333	0.5	9.988850
75.791667	0.5	9.988750
75.800000	0.5	9.989850
75.808333	0.5	9.982350
75.816667	0.5	9.964300
75.825000	0.5	9.969850
75.833333	0.5	9.955800
75.841667	0.5	9.955750
75.850000	0.5	9.953100
75.858333	0.5	9.941100
75.866667	0.5	9.947750
75.875000	0.5	9.939250
75.883333	0.5	9.934850
75.891667	0.5	9.933000
75.900000	0.5	9.940200
75.908333	0.5	9.927350
75.916667	0.5	9.937350
75.925000	0.5	9.928400
75.933333	0.5	9.935300
75.941667	0.5	9.931250
75.950000	0.5	9.928700
75.958333	0.5	9.935300
75.966667	0.5	9.937150
75.975000	0.5	9.940650
75.983333	0.5	9.947350
75.991667	0.5	9.943200
76.000000	0.5	9.950150
76.008333	0.5	9.953400
76.016667	0.5	9.957400
76.025000	0.5	9.973200
76.033333	0.5	9.971750
76.041667	0.5	9.966550
76.050000	0.5	9.972550
76.058333	0.5	9.993550
76.066667	0.5	9.997750
76.075000	0.5	10.013100
76.083333	0.5	10.027700
76.091667	0.5	10.032650
76.100000	0.5	10.055900
76.108333	0.5	10.073350
76.116667	0.5	10.089150
76.125000	0.5	10.109400
76.133333	0.5	10.136000
76.141667	0.5	10.158800
76.150000	0.5	10.190400
76.158333	0.5	10.233400
76.166667	0.5	10.264850
76.175000	0.5	10.305050
76.183333	0.5	10.356250
76.191667	0.5	10.405550
76.200000	0.5	10.465000
76.208333	0.5	10.510550
76.216667	0.5	10.563550
76.225000	0.5	10.638900
76.233333	0.5	10.696650
76.241667	0.5	10.772850
76.250000	0.5	10.849800
76.258333	0.5	10.925900
76.266667	0.5	10.997650
76.275000	0.5	11.071650
76.283333	0.5	11.147850
76.291667	0.5	11.228150
76.300000	0.5	11.296500
76.308333	0.5	11.374250
76.316667	0.5	11.438800
76.325000	0.5	11.519100
76.333333	0.5	11.582150
76.341667	0.5	11.646600
76.350000	0.5	11.703550
76.358333	0.5	11.762400
76.366667	0.5	11.811650
76.375000	0.5	11.858700
76.383333	0.5	11.904100
76.391667	0.5	11.941800
76.400000	0.5	11.975450
76.408333	0.5	12.015150
76.416667	0.5	12.052150
76.425000	0.5	12.077250
76.433333	0.5	12.097300
76.441667	0.5	12.120500
76.450000	0.5	12.133650
76.458333	0.5	12.148450
76.466667	0.5	12.155800
76.475000	0.5	12.161000
76.483333	0.5	12.165000
76.491667	0.5	12.164000
76.500000	0.5	12.155250
76.508333	0.5	12.144300
76.516667	0.5	12.130000
76.525000	0.5	12.116650
76.533333	0.5	12.108750
76.541667	0.5	12.081600
76.550000	0.5	12.052300
76.558333	0.5	12.026200
76.566667	0.5	11.992200
76.575000	0.5	11.966650
76.583333	0.5	11.912100
76.591667	0.5	11.868250
76.600000	0.5	11.828100
76.608333	0.5	11.780400
76.616667	0.5	11.738350
76.625000	0.5	11.683150
76.633333	0.5	11.629800
76.641667	0.5	11.566350
76.650000	0.5	11.505250
76.658333	0.5	11.439450
76.666667	0.5	11.374000
76.675000	0.5	11.307150
76.683333	0.5	11.242100
76.691667	0.5	11.176650
76.700000	0.5	11.108250
76.708333	0.5	11.040250
76.716667	0.5	10.978400
76.725000	0.5	10.911950
76.733333	0.5	10.850550
76.741667	0.5	10.789300
76.750000	0.5	10.728850
76.758333	0.5	10.679350
76.766667	0.5	10.621900
76.775000	0.5	10.559700
76.783333	0.5	10.514100
76.791667	0.5	10.469300
76.800000	0.5	10.422700
76.808333	0.5	10.389350
76.816667	0.5	10.357050
76.825000	0.5	10.324250
76.833333	0.5	10.295250
76.841667	0.5	10.264900
76.850000	0.5	10.238750
76.858333	0.5	10.207950
76.866667	0.5	10.196300
76.875000	0.5	10.175950
76.883333	0.5	10.149600
76.891667	0.5	10.141850
76.900000	0.5	10.119150
76.908333	0.5	10.106100
76.916667	0.5	10.097950
76.925000	0.5	10.092600
76.933333	0.5	10.072550
76.941667	0.5	10.068700
76.950000	0.5	10.051600
76.958333	0.5	10.043500
76.966667	0.5	10.053250
76.975000	0.5	10.017600
76.983333	0.5	10.017600
76.991667	0.5	10.006400
77.000000	0.5	10.007450
77.008333	0.5	9.997300
77.016667	0.5	9.992150
77.025000	0.5	9.982650
77.033333	0.5	9.969950
77.041667	0.5	9.968500
77.050000	0.5	9.964650
77.058333	0.5	9.947100
77.066667	0.5	9.954900
77.075000	0.5	9.948850
77.083333	0.5	9.939600
77.091667	0.5	9.943000
77.100000	0.5	9.927150
77.108333	0.5	9.933800
77.116667	0.5	9.927450
77.125000	0.5	9.921000
77.133333	0.5	9.921000
77.141667	0.5	9.919200
77.150000	0.5	9.915250
77.158333	0.5	9.916200
77.166667	0.5	9.918950
77.175000	0.5	9.922800
77.183333	0.5	9.919050
77.191667	0.5	9.925600
77.200000	0.5	9.935650
77.208333	0.5	9.930550
77.216667	0.5	9.933750
77.225000	0.5	9.947250
77.233333	0.5	9.942550
77.241667	0.5	9.948800
77.250000	0.5	9.955550
77.258333	0.5	9.976100
77.266667	0.5	9.964650
77.275000	0.5	9.978500
77.283333	0.5	10.000500
77.291667	0.5	10.002950
77.300000	0.5	10.010850
77.308333	0.5	10.018750
77.316667	0.5	10.037450
77.325000	0.5	10.048950
77.333333	0.5	10.050650
77.341667	0.5	10.063850
77.350000	0.5	10.074550
77.358333	0.5	10.086550
77.366667	0.5	10.102300
77.375000	0.5	10.116600
77.383333	0.5	10.123750
77.391667	0.5	10.128550
77.400000	0.5	10.147250
77.408333	0.5	10.165050
77.416667	0.5	10.168200
77.425000	0.5	10.187200
77.433333	0.5	10.189550
77.441667	0.5	10.204850
77.450000	0.5	10.218450
77.458333	0.5	10.228350
77.466667	0.5	10.239500
77.475000	0.5	10.253500
77.483333	0.5	10.278950
77.491667	0.5	10.297450
77.500000	0.5	10.309150
77.508333	0.5	10.319650
77.516667	0.5	10.330000
77.525000	0.5	10.356000
77.533333	0.5	10.371600
77.541667	0.5	10.399700
77.550000	0.5	10.417450
77.558333	0.5	10.438200
77.566667	0.5	10.464900
77.575000	0.5	10.486350
77.583333	0.5	10.518800
77.591667	0.5	10.546050
77.600000	0.5	10.576400
77.608333	0.5	10.605000
77.616667	0.5	10.635000
77.625000	0.5	10.685450
77.633333	0.5	10.702700
77.641667	0.5	10.747100
77.650000	0.5	10.775750
77.658333	0.5	10.818400
77.666667	0.5	10.865550
77.675000	0.5	10.897000
77.683333	0.5	10.939500
77.691667	0.5	10.986650
77.700000	0.5	11.019450
77.708333	0.5	11.044350
77.716667	0.5	11.092800
77.725000	0.5	11.117300
77.733333	0.5	11.154300
77.741667	0.5	11.198450
77.750000	0.5	11.231850
77.758333	0.5	11.261000
77.766667	0.5	11.283150
77.775000	0.5	11.312750
77.783333	0.5	11.337400
77.791667	0.5	11.351000
77.800000	0.5	11.370350
77.808333	0.5	11.392400
77.816667	0.5	11.404450
77.825000	0.5	11.416500
77.833333	0.5	11.431300
77.841667	0.5	11.433700
77.850000	0.5	11.423950
77.858333	0.5	11.436200
77.866667	0.5	11.435650
77.875000	0.5	11.428300
77.883333	0.5	11.417100
77.891667	0.5	11.399500
77.900000	0.5	11.390000
77.908333	0.5	11.371000
77.916667	0.5	11.361050
77.925000	0.5	11.343400
77.933333	0.5	11.318800
77.941667	0.5	11.292850
77.950000	0.5	11.267800
77.958333	0.5	11.247950
77.966667	0.5	11.214250
77.975000	0.5	11.192650
77.983333	0.5	11.159650
77.991667	0.5	11.121650
78.000000	0.5	11.084350
78.008333	0.5	11.039800
78.016667	0.5	11.002500
78.025000	0.5	10.967850
78.033333	0.5	10.933600
78.041667	0.5	10.893650
78.050000	0.5	10.848200
78.058333	0.5	10.815950
78.066667	0.5	10.773750
78.075000	0.5	10.727300
78.083333	0.5	10.692900
78.091667	0.5	10.664850
78.100000	0.5	10.621250
78.108333	0.5	10.580700
78.116667	0.5	10.550550
78.125000	0.5	10.527350
78.133333	0.5	10.483650
78.141667	0.5	10.454600
78.150000	0.5	10.432600
78.158333	0.5	10.393750
78.166667	0.5	10.380650
78.175000	0.5	10.368950
78.183333	0.5	10.329300
78.191667	0.5	10.308250
78.200000	0.5	10.294800
78.208333	0.5	10.276700
78.216667	0.5	10.267500
78.225000	0.5	10.257850
78.233333	0.5	10.238800
78.241667	0.5	10.225600
78.250000	0.5	10.212600
78.258333	0.5	10.199050
78.266667	0.5	10.184650
78.275000	0.5	10.173600
78.283333	0.5	10.167100
78.291667	0.5	10.152400
78.300000	0.5	10.143300
78.308333	0.5	10.141900
78.316667	0.5	10.128700
78.325000	0.5	10.121450
78.333333	0.5	10.119450
78.341667	0.5	10.100850
78.350000	0.5	10.104400
78.358333	0.5	10.091050
78.366667	0.5	10.075850
78.375000	0.5	10.072800
78.383333	0.5	10.063200
78.391667	0.5	10.052150
78.400000	0.5	10.039050
78.408333	0.5	10.029250
78.416667	0.5	10.019350
78.425000	0.5	10.028400
78.433333	0.5	10.008950
78.441667	0.5	10.005200
78.450000	0.5	9.994700
78.458333	0.5	9.997750
78.466667	0.5	9.978700
78.475000	0.5	9.971550
78.483333	0.5	9.982200
78.491667	0.5	9.976900
78.500000	0.5	9.959300
78.508333	0.5	9.957550
78.516667	0.5	9.947750
78.525000	0.5	9.945100
78.533333	0.5	9.940900
78.541667	0.5	9.940250
78.550000	0.5	9.934600
78.558333	0.5	9.929200
78.566667	0.5	9.937200
78.575000	0.5	9.929450
78.583333	0.5	9.926750
78.591667	0.5	9.917500
78.600000	0.5	9.919200
78.608333	0.5	9.910850
78.616667	0.5	9.910950
78.625000	0.5	9.909700
78.633333	0.5	9.903400
78.641667	0.5	9.911650
78.650000	0.5	9.904050
78.658333	0.5	9.901300
78.666667	0.5	9.899100
78.675000	0.5	9.903500
78.683333	0.5	9.891700
78.691667	0.5	9.888300
78.700000	0.5	9.892300
78.708333	0.5	9.883100
78.716667	0.5	9.884200
78.725000	0.5	9.887850
78.733333	0.5	9.894400
78.741667	0.5	9.891200
78.750000	0.5	9.895200
78.758333	0.5	9.897650
78.766667	0.5	9.909700
78.775000	0.5	9.922150
78.783333	0.5	9.919250
78.791667	0.5	9.928650
78.800000	0.5	9.954100
78.808333	0.5	9.971750
78.816667	0.5	9.987650
78.825000	0.5	10.007450
78.833333	0.5	10.033000
78.841667	0.5	10.064950
78.850000	0.5	10.097600
78.858333	0.5	10.133300
78.866667	0.5	10.170650
78.875000	0.5	10.223450
78.883333	0.5	10.285650
78.891667	0.5	10.330400
78.900000	0.5	10.398900
78.908333	0.5	10.462700
78.916667	0.5	10.525000
78.925000	0.5	10.602650
78.933333	0.5	10.682550
78.941667	0.5	10.755200
78.950000	0.5	10.835450
78.958333	0.5	10.926750
78.966667	0.5	11.000750
78.975000	0.5	11.084750
78.983333	0.5	11.164900
78.991667	0.5	11.240000
79.000000	0.5	11.325250
79.008333	0.5	11.393900
79.016667	0.5	11.469400
79.025000	0.5	11.541450
79.033333	0.5	11.617800
79.041667	0.5	11.674300
79.050000	0.5	11.726150
79.058333	0.5	11.781400
79.066667	0.5	11.836650
79.075000	0.5	11.889150
79.083333	0.5	11.924800
79.091667	0.5	11.957000
79.100000	0.5	11.995350
79.108333	0.5	12.023300
79.116667	0.5	12.054350
79.125000	0.5	12.072450
79.133333	0.5	12.087400
79.141667	0.5	12.097550
79.150000	0.5	12.113600
79.158333	0.5	12.111600
79.166667	0.5	12.124400
79.175000	0.5	12.097300
79.183333	0.5	12.104100
79.191667	0.5	12.082400
79.200000	0.5	12.059050
79.208333	0.5	12.040900
79.216667	0.5	12.014850
79.225000	0.5	11.982250
79.233333	0.5	11.950000
79.241667	0.5	11.918400
79.250000	0.5	11.860850
79.258333	0.5	11.812250
79.266667	0.5	11.767800
79.275000	0.5	11.704100
79.283333	0.5	11.666250
79.291667	0.5	11.593650
79.300000	0.5	11.527550
79.308333	0.5	11.467950
79.316667	0.5	11.403350
79.325000	0.5	11.343500
79.333333	0.5	11.268750
79.341667	0.5	11.215400
79.350000	0.5	11.134350
79.358333	0.5	11.070200
79.366667	0.5	11.010000
79.375000	0.5	10.953700
79.383333	0.5	10.884500
79.391667	0.5	10.824500
79.400000	0.5	10.771450
79.408333	0.5	10.716500
79.416667	0.5	10.664650
79.425000	0.5	10.621250
79.433333	0.5	10.577050
79.441667	0.5	10.544150
79.450000	0.5	10.502550
79.458333	0.5	10.468850
79.466667	0.5	10.442250
79.475000	0.5	10.409000
79.483333	0.5	10.381050
79.491667	0.5	10.354400
79.500000	0.5	10.337850
79.508333	0.5	10.320450
79.516667	0.5	10.305350
79.525000	0.5	10.283550
79.533333	0.5	10.264700
79.541667	0.5	10.251500
79.550000	0.5	10.238700
79.558333	0.5	10.229700
79.566667	0.5	10.211700
79.575000	0.5	10.200000
79.583333	0.5	10.189750
79.591667	0.5	10.183750
79.600000	0.5	10.172850
79.608333	0.5	10.162100
79.616667	0.5	10.146800
79.625000	0.5	10.129600
79.633333	0.5	10.113200
79.641667	0.5	10.097900
79.650000	0.5	10.082000
79.658333	0.5	10.069300
79.666667	0.5	10.055300
79.675000	0.5	10.052050
79.683333	0.5	10.022250
79.691667	0.5	10.016700
79.700000	0.5	10.007650
79.708333	0.5	9.985800
79.716667	0.5	9.970400
79.725000	0.5	9.945150
79.733333	0.5	9.944650
79.741667	0.5	9.914850
79.750000	0.5	9.898500
79.758333	0.5	9.885000
79.766667	0.5	9.867550
79.775000	0.5	9.844050
79.783333	0.5	9.830450
79.791667	0.5	9.824850
79.800000	0.5	9.814750
79.808333	0.5	9.782200
79.816667	0.5	9.758900
79.825000	0.5	9.753000
79.833333	0.5	9.737650
79.841667	0.5	9.723500
79.850000	0.5	9.715150
79.858333	0.5	9.692250
79.866667	0.5	9.686500
79.875000	0.5	9.659600
79.883333	0.5	9.653650
79.891667	0.5	9.633850
79.900000	0.5	9.626150
79.908333	0.5	9.621450
79.916667	0.5	9.605700
79.925000	0.5	9.589100
79.933333	0.5	9.589400
79.941667	0.5	9.572300
79.950000	0.5	9.563250
79.958333	0.5	9.553350
79.966667	0.5	9.541900
79.975000	0.5	9.538350
79.983333	0.5	9.536500
79.991667	0.5	9.533700
80.000000	0.5	9.525900
80.008333	0.5	9.522850
80.016667	0.5	9.520250
80.025000	0.5	9.522600
80.033333	0.5	9.530300
80.041667	0.5	9.532400
80.050000	0.5	9.537500
80.058333	0.5	9.558200
80.066667	0.5	9.565200
80.075000	0.5	9.589800
80.083333	0.5	9.614050
80.091667	0.5	9.634200
80.100000	0.5	9.665900
80.108333	0.5	9.694250
80.116667	0.5	9.728550
80.125000	0.5	9.773100
80.133333	0.5	9.819600
80.141667	0.5	9.862950
80.150000	0.5	9.914800
80.158333	0.5	9.967550
80.166667	0.5	10.026250
80.175000	0.5	10.091350
80.183333	0.5	10.158950
80.191667	0.5	10.230050
80.200000	0.5	10.299850
80.208333	0.5	10.380600
80.216667	0.5	10.438250
80.225000	0.5	10.512700
80.233333	0.5	10.592350
80.241667	0.5	10.660350
80.250000	0.5	10.729750
80.258333	0.5	10.796800
80.266667	0.5	10.870050
80.275000	0.5	10.929850
80.283333	0.5	10.993000
80.291667	0.5	11.049950
80.300000	0.5	11.109600
80.308333	0.5	11.154400
80.316667	0.5	11.209800
80.325000	0.5	11.238700
80.333333	0.5	11.285650
80.341667	0.5	11.327600
80.350000	0.5	11.350300
80.358333	0.5	11.392600
80.366667	0.5	11.408300
80.375000	0.5	11.427150
80.383333	0.5	11.445500
80.391667	0.5	11.455350
80.400000	0.5	11.470700
80.408333	0.5	11.476950
80.416667	0.5	11.463250
80.425000	0.5	11.464450
80.433333	0.5	11.450300
80.441667	0.5	11.432650
80.450000	0.5	11.421500
80.458333	0.5	11.408150
80.466667	0.5	11.373300
80.475000	0.5	11.345400
80.483333	0.5	11.308400
80.491667	0.5	11.291250
80.500000	0.5	11.232800
80.508333	0.5	11.190300
80.516667	0.5	11.145450
80.525000	0.5	11.099250
80.533333	0.5	11.049900
80.541667	0.5	10.991200
80.550000	0.5	10.935950
80.558333	0.5	10.899750
80.566667	0.5	10.823900
80.575000	0.5	10.765000
80.583333	0.5	10.700400
80.591667	0.5	10.646200
80.600000	0.5	10.592700
80.608333	0.5	10.532400
80.616667	0.5	10.473000
80.625000	0.5	10.421600
80.633333	0.5	10.360900
80.641667	0.5	10.308600
80.650000	0.5	10.258800
80.658333	0.5	10.216700
80.666667	0.5	10.163150
80.675000	0.5	10.120900
80.683333	0.5	10.086100
80.691667	0.5	10.041450
80.700000	0.5	10.014400
80.708333	0.5	9.973400
80.716667	0.5	9.944600
80.725000	0.5	9.921750
80.733333	0.5	9.889450
80.741667	0.5	9.863550
80.750000	0.5	9.854250
80.758333	0.5	9.830050
80.766667	0.5	9.817850
80.775000	0.5	9.800050
80.783333	0.5	9.772150
80.791667	0.5	9.760700
80.800000	0.5	9.745900
80.808333	0.5	9.739950
80.816667	0.5	9.725650
80.825000	0.5	9.720050
80.833333	0.5	9.707500
80.841667	0.5	9.701300
80.850000	0.5	9.707650
80.858333	0.5	9.686450
80.866667	0.5	9.671150
80.875000	0.5	9.676400
80.883333	0.5	9.665000
80.891667	0.5	9.655650
80.900000	0.5	9.646400
80.908333	0.5	9.645450
80.916667	0.5	9.629300
80.925000	0.5	9.632350
80.933333	0.5	9.617650
80.941667	0.5	9.610700
80.950000	0.5	9.605200
80.958333	0.5	9.604050
80.966667	0.5	9.599700
80.975000	0.5	9.593550
80.983333	0.5	9.585750
80.991667	0.5	9.581300
81.000000	0.5	9.574300
81.008333	0.5	9.560650
81.016667	0.5	9.564650
81.025000	0.5	9.553050
81.033333	0.5	9.557850
81.041667	0.5	9.556850
81.050000	0.5	9.543850
81.058333	0.5	9.543250
81.066667	0.5	9.541950
81.075000	0.5	9.536500
81.083333	0.5	9.536550
81.091667	0.5	9.534550
81.100000	0.5	9.538850
81.108333	0.5	9.537800
81.116667	0.5	9.525100
81.125000	0.5	9.536550
81.133333	0.5	9.534450
81.141667	0.5	9.526700
81.150000	0.5	9.536700
81.158333	0.5	9.534850
81.166667	0.5	9.532500
81.175000	0.5	9.533600
81.183333	0.5	9.549500
81.191667	0.5	9.550100
81.200000	0.5	9.552200
81.208333	0.5	9.556500
81.216667	0.5	9.569850
81.225000	0.5	9.584750
81.233333	0.5	9.585950
81.241667	0.5	9.597550
81.250000	0.5	9.609900
81.258333	0.5	9.626600
81.266667	0.5	9.636050
81.275000	0.5	9.658850
81.283333	0.5	9.676200
81.291667	0.5	9.695800
81.300000	0.5	9.725950
81.308333	0.5	9.756450
81.316667	0.5	9.795500
81.325000	0.5	9.831000
81.333333	0.5	9.867850
81.341667	0.5	9.909200
81.350000	0.5	9.955550
81.358333	0.5	10.008250
81.366667	0.5	10.058700
81.375000	0.5	10.105800
81.383333	0.5	10.167650
81.391667	0.5	10.234750
81.400000	0.5	10.293100
81.408333	0.5	10.356600
81.416667	0.5	10.423550
81.425000	0.5	10.489650
81.433333	0.5	10.558300
81.441667	0.5	10.635650
81.450000	0.5	10.705700
81.458333	0.5	10.768000
81.466667	0.5	10.823750
81.475000	0.5	10.898850
81.483333	0.5	10.961000
81.491667	0.5	11.018250
81.500000	0.5	11.074500
81.508333	0.5	11.132250
81.516667	0.5	11.183800
81.525000	0.5	11.236550
81.533333	0.5	11.289650
81.541667	0.5	11.328100
81.550000	0.5	11.370350
81.558333	0.5	11.407350
81.566667	0.5	11.430700
81.575000	0.5	11.457400
81.583333	0.5	11.486500
81.591667	0.5	11.507700
81.600000	0.5	11.524850
81.608333	0.5	11.534600
81.616667	0.5	11.543500
81.625000	0.5	11.546400
81.633333	0.5	11.546500
81.641667	0.5	11.545950
81.650000	0.5	11.532250
81.658333	0.5	11.531500
81.666667	0.5	11.507300
81.675000	0.5	11.496450
81.683333	0.5	11.474300
81.691667	0.5	11.440950
81.700000	0.5	11.406000
81.708333	0.5	11.379250
81.716667	0.5	11.344650
81.725000	0.5	11.314350
81.733333	0.5	11.262750
81.741667	0.5	11.224800
81.750000	0.5	11.164650
81.758333	0.5	11.126000
81.766667	0.5	11.076850
81.775000	0.5	11.025450
81.783333	0.5	10.970000
81.791667	0.5	10.912300
81.800000	0.5	10.871550
81.808333	0.5	10.802100
81.816667	0.5	10.752500
81.825000	0.5	10.691500
81.833333	0.5	10.650450
81.841667	0.5	10.596650
81.850000	0.5	10.549050
81.858333	0.5	10.493950
81.866667	0.5	10.451150
81.875000	0.5	10.402950
81.883333	0.5	10.360000
81.891667	0.5	10.309900
81.900000	0.5	10.279900
81.908333	0.5	10.248050
81.916667	0.5	10.200850
81.925000	0.5	10.158350
81.933333	0.5	10.140400
81.941667	0.5	10.106700
81.950000	0.5	10.079450
81.958333	0.5	10.053300
81.966667	0.5	10.024350
81.975000	0.5	10.014800
81.983333	0.5	9.991750
81.991667	0.5	9.974050
82.000000	0.5	9.963550
82.008333	0.5	9.945400
82.016667	0.5	9.924550
82.025000	0.5	9.917850
82.033333	0.5	9.903500
82.041667	0.5	9.889650
82.050000	0.5	9.877200
82.058333	0.5	9.857750
82.066667	0.5	9.854050
82.075000	0.5	9.848750
82.083333	0.5	9.835700
82.091667	0.5	9.819900
82.100000	0.5	9.818900
82.108333	0.5	9.818800
82.116667	0.5	9.799400
82.125000	0.5	9.797750
82.133333	0.5	9.780900
82.141667	0.5	9.786900
82.150000	0.5	9.772600
82.158333	0.5	9.768100
82.166667	0.5	9.761850
82.175000	0.5	9.755250
82.183333	0.5	9.753000
82.191667	0.5	9.747000
82.200000	0.5	9.745350
82.208333	0.5	9.738500
82.216667	0.5	9.732750
82.225000	0.5	9.723550
82.233333	0.5	9.724100
82.241667	0.5	9.718800
82.250000	0.5	9.714000
82.258333	0.5	9.710950
82.266667	0.5	9.698700
82.275000	0.5	9.697200
82.283333	0.5	9.698200
82.291667	0.5	9.699150
82.300000	0.5	9.690950
82.308333	0.5	9.691550
82.316667	0.5	9.694750
82.325000	0.5	9.686650
82.333333	0.5	9.686500
82.341667	0.5	9.683300
82.350000	0.5	9.684350
82.358333	0.5	9.685050
82.366667	0.5	9.688650
82.375000	0.5	9.688650
82.383333	0.5	9.699000
82.391667	0.5	9.709950
82.400000	0.5	9.718900
82.408333	0.5	9.720000
82.416667	0.5	9.731350
82.425000	0.5	9.741450
82.433333	0.5	9.757050
82.441667	0.5	9.786300
82.450000	0.5	9.803450
82.458333	0.5	9.820350
82.466667	0.5	9.852100
82.475000	0.5	9.901500
82.483333	0.5	9.931050
82.491667	0.5	9.961100
82.500000	0.5	10.003800
82.508333	0.5	10.046650
82.516667	0.5	10.090850
82.525000	0.5	10.136250
82.533333	0.5	10.194950
82.541667	0.5	10.249100
82.550000	0.5	10.294950
82.558333	0.5	10.356800
82.566667	0.5	10.417700
82.575000	0.5	10.481300
82.583333	0.5	10.545350
82.591667	0.5	10.605100
82.600000	0.5	10.671300
82.608333	0.5	10.739650
82.616667	0.5	10.789300
82.625000	0.5	10.853250
82.633333	0.5	10.918550
82.641667	0.5	10.975800
82.650000	0.5	11.024150
82.658333	0.5	11.084150
82.666667	0.5	11.129500
82.675000	0.5	11.173700
82.683333	0.5	11.215800
82.691667	0.5	11.271900
82.700000	0.5	11.297600
82.708333	0.5	11.326500
82.716667	0.5	11.374100
82.725000	0.5	11.398450
82.733333	0.5	11.422900
82.741667	0.5	11.441350
82.750000	0.5	11.469000
82.758333	0.5	11.478000
82.766667	0.5	11.505900
82.775000	0.5	11.513050
82.783333	0.5	11.511700
82.791667	0.5	11.511400
82.800000	0.5	11.512700
82.808333	0.5	11.523900
82.816667	0.5	11.515250
82.825000	0.5	11.500200
82.833333	0.5	11.494150
82.841667	0.5	11.475100
82.850000	0.5	11.468650
82.858333	0.5	11.443000
82.866667	0.5	11.410500
82.875000	0.5	11.397400
82.883333	0.5	11.370250
82.891667	0.5	11.334900
82.900000	0.5	11.318300
82.908333	0.5	11.277950
82.916667	0.5	11.236400
82.925000	0.5	11.212500
82.933333	0.5	11.169600
82.941667	0.5	11.125250
82.950000	0.5	11.100050
82.958333	0.5	11.055600
82.966667	0.5	11.020400
82.975000	0.5	10.980650
82.983333	0.5	10.938500
82.991667	0.5	10.894400
83.000000	0.5	10.853450
83.008333	0.5	10.822150
83.016667	0.5	10.780650
83.025000	0.5	10.743450
83.033333	0.5	10.690600
83.041667	0.5	10.665500
83.050000	0.5	10.626450
83.058333	0.5	10.588600
83.066667	0.5	10.552800
83.075000	0.5	10.523200
83.083333	0.5	10.493400
83.091667	0.5	10.456900
83.100000	0.5	10.423000
83.108333	0.5	10.386150
83.116667	0.5	10.364600
83.125000	0.5	10.331150
83.133333	0.5	10.307250
83.141667	0.5	10.284450
83.150000	0.5	10.254200
83.158333	0.5	10.233750
83.166667	0.5	10.210500
83.175000	0.5	10.192850
83.183333	0.5	10.171900
83.191667	0.5	10.146950
83.200000	0.5	10.118850
83.208333	0.5	10.106300
83.216667	0.5	10.092550
83.225000	0.5	10.071200
83.233333	0.5	10.065100
83.241667	0.5	10.047400
83.250000	0.5	10.029000
83.258333	0.5	10.013900
83.266667	0.5	10.000550
83.275000	0.5	9.985050
83.283333	0.5	9.973950
83.291667	0.5	9.951700
83.300000	0.5	9.945900
83.308333	0.5	9.940750
83.316667	0.5	9.924900
83.325000	0.5	9.921800
83.333333	0.5	9.907950
83.341667	0.5	9.892100
83.350000	0.5	9.877200
83.358333	0.5	9.877600
83.366667	0.5	9.869450
83.375000	0.5	9.853250
83.383333	0.5	9.850600
83.391667	0.5	9.834200
83.400000	0.5	9.842950
83.408333	0.5	9.830750
83.416667	0.5	9.817250
83.425000	0.5	9.819400
83.433333	0.5	9.811500
83.441667	0.5	9.799700
83.450000	0.5	9.805400
83.458333	0.5	9.803150
83.466667	0.5	9.791900
83.475000	0.5	9.788150
83.483333	0.5	9.790950
83.491667	0.5	9.774450
83.500000	0.5	9.783000
83.508333	0.5	9.780750
83.516667	0.5	9.786400
83.525000	0.5	9.785400
83.533333	0.5	9.788200
83.541667	0.5	9.791600
83.550000	0.5	9.802500
83.558333	0.5	9.812550
83.566667	0.5	9.819950
83.575000	0.5	9.836850
83.583333	0.5	9.845700
83.591667	0.5	9.857000
83.600000	0.5	9.887550
83.608333	0.5	9.900750
83.616667	0.5	9.932000
83.625000	0.5	9.955700
83.633333	0.5	9.995000
83.641667	0.5	10.025100
83.650000	0.5	10.058600
83.658333	0.5	10.100800
83.666667	0.5	10.135850
83.675000	0.5	10.178950
83.683333	0.5	10.226850
83.691667	0.5	10.272300
83.700000	0.5	10.316650
83.708333	0.5	10.375350
83.716667	0.5	10.427900
83.725000	0.5	10.472650
83.733333	0.5	10.533550
83.741667	0.5	10.591100
83.750000	0.5	10.627650
83.758333	0.5	10.676600
83.766667	0.5	10.727100
83.775000	0.5	10.773550
83.783333	0.5	10.819100
83.791667	0.5	10.865050
83.800000	0.5	10.894200
83.808333	0.5	10.937250
83.816667	0.5	10.962650
83.825000	0.5	10.992950
83.833333	0.5	11.019350
83.841667	0.5	11.047450
83.850000	0.5	11.065150
83.858333	0.5	11.083700
83.866667	0.5	11.108350
83.875000	0.5	11.124350
83.883333	0.5	11.124400
83.891667	0.5	11.126450
83.900000	0.5	11.147000
83.908333	0.5	11.137000
83.916667	0.5	11.129150
83.925000	0.5	11.118750
83.933333	0.5	11.105500
83.941667	0.5	11.104650
83.950000	0.5	11.087900
83.958333	0.5	11.072950
83.966667	0.5	11.063150
83.975000	0.5	11.037100
83.983333	0.5	11.015350
83.991667	0.5	10.999800
84.000000	0.5	10.979150
84.008333	0.5	10.949650
84.016667	0.5	10.926700
84.025000	0.5	10.903500
84.033333	0.5	10.867550
84.041667	0.5	10.843400
84.050000	0.5	10.812900
84.058333	0.5	10.786850
84.066667	0.5	10.754900
84.075000	0.5	10.720350
84.083333	0.5	10.699400
84.091667	0.5	10.679050
84.100000	0.5	10.651300
84.108333	0.5	10.618700
84.116667	0.5	10.586300
84.125000	0.5	10.560850
84.133333	0.5	10.531250
84.141667	0.5	10.512900
84.150000	0.5	10.490350
84.158333	0.5	10.453050
84.166667	0.5	10.430400
84.175000	0.5	10.405650
84.183333	0.5	10.386550
84.191667	0.5	10.368950
84.200000	0.5	10.343950
84.208333	0.5	10.323050
84.216667	0.5	10.291250
84.225000	0.5	10.262750
84.233333	0.5	10.239300
84.241667	0.5	10.222250
84.250000	0.5	10.208750
84.258333	0.5	10.181750
84.266667	0.5	10.174900
84.275000	0.5	10.151350
84.283333	0.5	10.129800
84.291667	0.5	10.121000
84.300000	0.5	10.099350
84.308333	0.5	10.078450
84.316667	0.5	10.058200
84.325000	0.5	10.045000
84.333333	0.5	10.029450
84.341667	0.5	10.022300
84.350000	0.5	10.011100
84.358333	0.5	9.992900
84.366667	0.5	9.977250
84.375000	0.5	9.960100
84.383333	0.5	9.953150
84.391667	0.5	9.956000
84.400000	0.5	9.934400
84.408333	0.5	9.933500
84.416667	0.5	9.925700
84.425000	0.5	9.909250
84.433333	0.5	9.896600
84.441667	0.5	9.893500
84.450000	0.5	9.884350
84.458333	0.5	9.889050
84.466667	0.5	9.880450
84.475000	0.5	9.874800
84.483333	0.5	9.869250
84.491667	0.5	9.863700
84.500000	0.5	9.852750
84.508333	0.5	9.848600
84.516667	0.5	9.842650
84.525000	0.5	9.837550
84.533333	0.5	9.848000
84.541667	0.5	9.844300
84.550000	0.5	9.840400
84.558333	0.5	9.832750
84.566667	0.5	9.831350
84.575000	0.5	9.834650
84.583333	0.5	9.838850
84.591667	0.5	9.832350
84.600000	0.5	9.834300
84.608333	0.5	9.835250
84.616667	0.5	9.842550
84.625000	0.5	9.844350
84.633333	0.5	9.844050
84.641667	0.5	9.859600
84.650000	0.5	9.864250
84.658333	0.5	9.879150
84.666667	0.5	9.888050
84.675000	0.5	9.901700
84.683333	0.5	9.915850
84.691667	0.5	9.937300
84.700000	0.5	9.955750
84.708333	0.5	9.990100
84.716667	0.5	10.024600
84.725000	0.5	10.037600
84.733333	0.5	10.075150
84.741667	0.5	10.108350
84.750000	0.5	10.140450
84.758333	0.5	10.178700
84.766667	0.5	10.225300
84.775000	0.5	10.274250
84.783333	0.5	10.303950
84.791667	0.5	10.350950
84.800000	0.5	10.401100
84.808333	0.5	10.446000
84.816667	0.5	10.481650
84.825000	0.5	10.528700
84.833333	0.5	10.574550
84.841667	0.5	10.621600
84.850000	0.5	10.661350
84.858333	0.5	10.709300
84.866667	0.5	10.742850
84.875000	0.5	10.777200
84.883333	0.5	10.808050
84.891667	0.5	10.847150
84.900000	0.5	10.873750
84.908333	0.5	10.899100
84.916667	0.5	10.925100
84.925000	0.5	10.943150
84.933333	0.5	10.953600
84.941667	0.5	10.970200
84.950000	0.5	10.983750
84.958333	0.5	10.998400
84.966667	0.5	11.012100
84.975000	0.5	11.006750
84.983333	0.5	11.014400
84.991667	0.5	11.002950
85.000000	0.5	11.002550
85.008333	0.5	10.981050
85.016667	0.5	10.975450
85.025000	0.5	10.951950
85.033333	0.5	10.951400
85.041667	0.5	10.920450
85.050000	0.5	10.905900
85.058333	0.5	10.894000
85.066667	0.5	10.865450
85.075000	0.5	10.846000
85.083333	0.5	10.820150
85.091667	0.5	10.804500
85.100000	0.5	10.770100
85.108333	0.5	10.734350
85.116667	0.5	10.710700
85.125000	0.5	10.681750
85.133333	0.5	10.662200
85.141667	0.5	10.629500
85.150000	0.5	10.612100
85.158333	0.5	10.584550
85.166667	0.5	10.567650
85.175000	0.5	10.525550
85.183333	0.5	10.507100
85.191667	0.5	10.481800
85.200000	0.5	10.451700
85.208333	0.5	10.423400
85.216667	0.5	10.404800
85.225000	0.5	10.374050
85.233333	0.5	10.349700
85.241667	0.5	10.323400
85.250000	0.5	10.296950
85.258333	0.5	10.271850
85.266667	0.5	10.241200
85.275000	0.5	10.226100
85.283333	0.5	10.193500
85.291667	0.5	10.167600
85.300000	0.5	10.132400
85.308333	0.5	10.104350
85.316667	0.5	10.078100
85.325000	0.5	10.051200
85.333333	0.5	10.027450
85.341667	0.5	9.996250
85.350000	0.5	9.964800
85.358333	0.5	9.939200
85.366667	0.5	9.910350
85.375000	0.5	9.878600
85.383333	0.5	9.851350
85.391667	0.5	9.826200
85.400000	0.5	9.802750
85.408333	0.5	9.768500
85.416667	0.5	9.736750
85.425000	0.5	9.714250
85.433333	0.5	9.699550
85.441667	0.5	9.674600
85.450000	0.5	9.646500
85.458333	0.5	9.620500
85.466667	0.5	9.598850
85.475000	0.5	9.579550
85.483333	0.5	9.555850
85.491667	0.5	9.546900
85.500000	0.5	9.521300
85.508333	0.5	9.509000
85.516667	0.5	9.488000
85.525000	0.5	9.477300
85.533333	0.5	9.462600
85.541667	0.5	9.451100
85.550000	0.5	9.441400
85.558333	0.5	9.442900
85.566667	0.5	9.423300
85.575000	0.5	9.411550
85.583333	0.5	9.408750
85.591667	0.5	9.413150
85.600000	0.5	9.395750
85.608333	0.5	9.397550
85.616667	0.5	9.402250
85.625000	0.5	9.399150
85.633333	0.5	9.413100
85.641667	0.5	9.402150
85.650000	0.5	9.414050
85.658333	0.5	9.408600
85.666667	0.5	9.424600
85.675000	0.5	9.433050
85.683333	0.5	9.433200
85.691667	0.5	9.456650
85.700000	0.5	9.468000
85.708333	0.5	9.486550
85.716667	0.5	9.500900
85.725000	0.5	9.528450
85.733333	0.5	9.546000
85.741667	0.5	9.570200
85.750000	0.5	9.597550
85.758333	0.5	9.624750
85.766667	0.5	9.658000
85.775000	0.5	9.681100
85.783333	0.5	9.719100
85.791667	0.5	9.758050
85.800000	0.5	9.802750
85.808333	0.5	9.853600
85.816667	0.5	9.888600
85.825000	0.5	9.931350
85.833333	0.5	9.978800
85.841667	0.5	10.021450
85.850000	0.5	10.070000
85.858333	0.5	10.125250
85.866667	0.5	10.171450
85.875000	0.5	10.214700
85.883333	0.5	10.258850
85.891667	0.5	10.298100
85.900000	0.5	10.344100
85.908333	0.5	10.379600
85.916667	0.5	10.425200
85.925000	0.5	10.453100
85.933333	0.5	10.489300
85.941667	0.5	10.508600
85.950000	0.5	10.537000
85.958333	0.5	10.565150
85.966667	0.5	10.590500
85.975000	0.5	10.614650
85.983333	0.5	10.620200
85.991667	0.5	10.637300
86.000000	0.5	10.636400
86.008333	0.5	10.642400
86.016667	0.5	10.651950
86.025000	0.5	10.636850
86.033333	0.5	10.638850
86.041667	0.5	10.630700
86.050000	0.5	10.620250
86.058333	0.5	10.601950
86.066667	0.5	10.589550
86.075000	0.5	10.572350
86.083333	0.5	10.545600
86.091667	0.5	10.521200
86.100000	0.5	10.500850
86.108333	0.5	10.471600
86.116667	0.5	10.447250
86.125000	0.5	10.415000
86.133333	0.5	10.385350
86.141667	0.5	10.347900
86.150000	0.5	10.312050
86.158333	0.5	10.279800
86.166667	0.5	10.246350
86.175000	0.5	10.216050
86.183333	0.5	10.178300
86.191667	0.5	10.148900
86.200000	0.5	10.115300
86.208333	0.5	10.085250
86.216667	0.5	10.054800
86.225000	0.5	10.029000
86.233333	0.5	9.993300
86.241667	0.5	9.963200
86.250000	0.5	9.923950
86.258333	0.5	9.905300
86.266667	0.5	9.872550
86.275000	0.5	9.842000
86.283333	0.5	9.813300
86.291667	0.5	9.789100
86.300000	0.5	9.757050
86.308333	0.5	9.730900
86.316667	0.5	9.694750
86.325000	0.5	9.670400
86.333333	0.5	9.641300
86.341667	0.5	9.614450
86.350000	0.5	9.586250
86.358333	0.5	9.554300
86.366667	0.5	9.535300
86.375000	0.5	9.507450
86.383333	0.5	9.476100
86.391667	0.5	9.459800
86.400000	0.5	9.437200
86.408333	0.5	9.412250
86.416667	0.5	9.390500
86.425000	0.5	9.370450
86.433333	0.5	9.348650
86.441667	0.5	9.327750
86.450000	0.5	9.307500
86.458333	0.5	9.293250
86.466667	0.5	9.281600
86.475000	0.5	9.266950
86.483333	0.5	9.242750
86.491667	0.5	9.233650
86.500000	0.5	9.224500
86.508333	0.5	9.221150
86.516667	0.5	9.224700
86.525000	0.5	9.209650
86.533333	0.5	9.202900
86.541667	0.5	9.200450
86.550000	0.5	9.203900
86.558333	0.5	9.198150
86.566667	0.5	9.201500
86.575000	0.5	9.214450
86.583333	0.5	9.223650
86.591667	0.5	9.232200
86.600000	0.5	9.236300
86.608333	0.5	9.247100
86.616667	0.5	9.264750
86.625000	0.5	9.275100
86.633333	0.5	9.308150
86.641667	0.5	9.339750
86.650000	0.5	9.356850
86.658333	0.5	9.371050
86.666667	0.5	9.400900
86.675000	0.5	9.429400
86.683333	0.5	9.475950
86.691667	0.5	9.508400
86.700000	0.5	9.547400
86.708333	0.5	9.582100
86.716667	0.5	9.614350
86.725000	0.5	9.669950
86.733333	0.5	9.707800
86.741667	0.5	9.766150
86.750000	0.5	9.823050
86.758333	0.5	9.874900
86.766667	0.5	9.930400
86.775000	0.5	9.986950
86.783333	0.5	10.054350
86.791667	0.5	10.114800
86.800000	0.5	10.172700
86.808333	0.5	10.244450
86.816667	0.5	10.312050
86.825000	0.5	10.381900
86.833333	0.5	10.447250
86.841667	0.5	10.526050
86.850000	0.5	10.597350
86.858333	0.5	10.676050
86.866667	0.5	10.750800
86.875000	0.5	10.830550
86.883333	0.5	10.888700
86.891667	0.5	10.961350
86.900000	0.5	11.031100
86.908333	0.5	11.105350
86.916667	0.5	11.164000
86.925000	0.5	11.226600
86.933333	0.5	11.284150
86.941667	0.5	11.342100
86.950000	0.5	11.392900
86.958333	0.5	11.441150
86.966667	0.5	11.487300
86.975000	0.5	11.516200
86.983333	0.5	11.555550
86.991667	0.5	11.595450
87.000000	0.5	11.625200
87.008333	0.5	11.654550
87.016667	0.5	11.667950
87.025000	0.5	11.679400
87.033333	0.5	11.692650
87.041667	0.5	11.702000
87.050000	0.5	11.719100
87.058333	0.5	11.714900
87.066667	0.5	11.724550
87.075000	0.5	11.708100
87.083333	0.5	11.707200
87.091667	0.5	11.705550
87.100000	0.5	11.692950
87.108333	0.5	11.672900
87.116667	0.5	11.658900
87.125000	0.5	11.627100
87.133333	0.5	11.610000
87.141667	0.5	11.595100
87.150000	0.5	11.570300
87.158333	0.5	11.544100
87.166667	0.5	11.513850
87.175000	0.5	11.486250
87.183333	0.5	11.464400
87.191667	0.5	11.428050
87.200000	0.5	11.410100
87.208333	0.5	11.378850
87.216667	0.5	11.357850
87.225000	0.5	11.330300
87.233333	0.5	11.299750
87.241667	0.5	11.271800
87.250000	0.5	11.240150
87.258333	0.5	11.213700
87.266667	0.5	11.197750
87.275000	0.5	11.165550
87.283333	0.5	11.146400
87.291667	0.5	11.117550
87.300000	0.5	11.092700
87.308333	0.5	11.066050
87.316667	0.5	11.046900
87.325000	0.5	11.014800
87.333333	0.5	10.990100
87.341667	0.5	10.951700
87.350000	0.5	10.937350
87.358333	0.5	10.908000
87.366667	0.5	10.886350
87.375000	0.5	10.862350
87.383333	0.5	10.824400
87.391667	0.5	10.805100
87.400000	0.5	10.770900
87.408333	0.5	10.736950
87.416667	0.5	10.705900
87.425000	0.5	10.676000
87.433333	0.5	10.651000
87.441667	0.5	10.612050
87.450000	0.5	10.580400
87.458333	0.5	10.565000
87.466667	0.5	10.526850
87.475000	0.5	10.496750
87.483333	0.5	10.465350
87.491667	0.5	10.423600
87.500000	0.5	10.411950
87.508333	0.5	10.362500
87.516667	0.5	10.339800
87.525000	0.5	10.312700
87.533333	0.5	10.281950
87.541667	0.5	10.258350
87.550000	0.5	10.235400
87.558333	0.5	10.194250
87.566667	0.5	10.171800
87.575000	0.5	10.151150
87.583333	0.5	10.123250
87.591667	0.5	10.101250
87.600000	0.5	10.085750
87.608333	0.5	10.063550
87.616667	0.5	10.044300
87.625000	0.5	10.017600
87.633333	0.5	10.006400
87.641667	0.5	9.994350
87.650000	0.5	9.987650
87.658333	0.5	9.974150
87.666667	0.5	9.957600
87.675000	0.5	9.955400
87.683333	0.5	9.946650
87.691667	0.5	9.940850
87.700000	0.5	9.935800
87.708333	0.5	9.945450
87.716667	0.5	9.935500
87.725000	0.5	9.944000
87.733333	0.5	9.948750
87.741667	0.5	9.953550
87.750000	0.5	9.963850
87.758333	0.5	9.971900
87.766667	0.5	9.984700
87.775000	0.5	9.990150
87.783333	0.5	10.014750
87.791667	0.5	10.024250
87.800000	0.5	10.052800
87.808333	0.5	10.066650
87.816667	0.5	10.082500
87.825000	0.5	10.105800
87.833333	0.5	10.123700
87.841667	0.5	10.147400
87.850000	0.5	10.178700
87.858333	0.5	10.195700
87.866667	0.5	10.219550
87.875000	0.5	10.229850
87.883333	0.5	10.251850
87.891667	0.5	10.265800
87.900000	0.5	10.287050
87.908333	0.5	10.315750
87.916667	0.5	10.322550
87.925000	0.5	10.349400
87.933333	0.5	10.351400
87.941667	0.5	10.362950
87.950000	0.5	10.373850
87.958333	0.5	10.382550
87.966667	0.5	10.378250
87.975000	0.5	10.387800
87.983333	0.5	10.375950
87.991667	0.5	10.380300
88.000000	0.5	10.375100
88.008333	0.5	10.371850
88.016667	0.5	10.364450
88.025000	0.5	10.357650
88.033333	0.5	10.342800
88.041667	0.5	10.323100
88.050000	0.5	10.319250
88.058333	0.5	10.294450
88.066667	0.5	10.280500
88.075000	0.5	10.258350
88.083333	0.5	10.247150
88.091667	0.5	10.220850
88.100000	0.5	10.206850
88.108333	0.5	10.195550
88.116667	0.5	10.177850
88.125000	0.5	10.163550
88.133333	0.5	10.132950
88.141667	0.5	10.116950
88.150000	0.5	10.095850
88.158333	0.5	10.075500
88.166667	0.5	10.060000
88.175000	0.5	10.039300
88.183333	0.5	10.040300
88.191667	0.5	10.036950
88.200000	0.5	10.012100
88.208333	0.5	10.009100
88.216667	0.5	9.991400
88.225000	0.5	9.980450
88.233333	0.5	9.971200
88.241667	0.5	9.962550
88.250000	0.5	9.954150
88.258333	0.5	9.957300
88.266667	0.5	9.940850
88.275000	0.5	9.936800
88.283333	0.5	9.931700
88.291667	0.5	9.923450
88.300000	0.5	9.909250
88.308333	0.5	9.900700
88.316667	0.5	9.894150
88.325000	0.5	9.881350
88.333333	0.5	9.881450
88.341667	0.5	9.872750
88.350000	0.5	9.856700
88.358333	0.5	9.861800
88.366667	0.5	9.842450
88.375000	0.5	9.834000
88.383333	0.5	9.817650
88.391667	0.5	9.812600
88.400000	0.5	9.795350
88.408333	0.5	9.791550
88.416667	0.5	9.781700
88.425000	0.5	9.756600
88.433333	0.5	9.751100
88.441667	0.5	9.731400
88.450000	0.5	9.721900
88.458333	0.5	9.708450
88.466667	0.5	9.696900
88.475000	0.5	9.675600
88.483333	0.5	9.665900
88.491667	0.5	9.649700
88.500000	0.5	9.639700
88.508333	0.5	9.647700
88.516667	0.5	9.631750
88.525000	0.5	9.619950
88.533333	0.5	9.605900
88.541667	0.5	9.597450
88.550000	0.5	9.598850
88.558333	0.5	9.588750
88.566667	0.5	9.578300
88.575000	0.5	9.578000
88.583333	0.5	9.575600
88.591667	0.5	9.575550
88.600000	0.5	9.579500
88.608333	0.5	9.575150
88.616667	0.5	9.580900
88.625000	0.5	9.582850
88.633333	0.5	9.600900
88.641667	0.5	9.611650
88.650000	0.5	9.621200
88.658333	0.5	9.630650
88.666667	0.5	9.648700
88.675000	0.5	9.671850
88.683333	0.5	9.693200
88.691667	0.5	9.712500
88.700000	0.5	9.730750
88.708333	0.5	9.752100
88.716667	0.5	9.774400
88.725000	0.5	9.808100
88.733333	0.5	9.836800
88.741667	0.5	9.854550
88.750000	0.5	9.904650
88.758333	0.5	9.929350
88.766667	0.5	9.954950
88.775000	0.5	9.996800
88.783333	0.5	10.026850
88.791667	0.5	10.056950
88.800000	0.5	10.091750
88.808333	0.5	10.123200
88.816667	0.5	10.145950
88.825000	0.5	10.183750
88.833333	0.5	10.203650
88.841667	0.5	10.223900
88.850000	0.5	10.243200
88.858333	0.5	10.265550
88.866667	0.5	10.288700
88.875000	0.5	10.298550
88.883333	0.5	10.321650
88.891667	0.5	10.332400
88.900000	0.5	10.333900
88.908333	0.5	10.347100
88.916667	0.5	10.346900
88.925000	0.5	10.350900
88.933333	0.5	10.353650
88.941667	0.5	10.351850
88.950000	0.5	10.340400
88.958333	0.5	10.343100
88.966667	0.5	10.325400
88.975000	0.5	10.310200
88.983333	0.5	10.307050
88.991667	0.5	10.288150
89.000000	0.5	10.273000
89.008333	0.5	10.261900
89.016667	0.5	10.236700
89.025000	0.5	10.221450
89.033333	0.5	10.195350
89.041667	0.5	10.181550
89.050000	0.5	10.166750
89.058333	0.5	10.149750
89.066667	0.5	10.124850
89.075000	0.5	10.110950
89.083333	0.5	10.104100
89.091667	0.5	10.077150
89.100000	0.5	10.074650
89.108333	0.5	10.059700
89.116667	0.5	10.055600
89.125000	0.5	10.054750
89.133333	0.5	10.042500
89.141667	0.5	10.054100
89.150000	0.5	10.047400
89.158333	0.5	10.042450
89.166667	0.5	10.050450
89.175000	0.5	10.061600
89.183333	0.5	10.075500
89.191667	0.5	10.078000
89.200000	0.5	10.089800
89.208333	0.5	10.104850
89.216667	0.5	10.120500
89.225000	0.5	10.129750
89.233333	0.5	10.149400
89.241667	0.5	10.178500
89.250000	0.5	10.184500
89.258333	0.5	10.216000
89.266667	0.5	10.225900
89.275000	0.5	10.245250
89.283333	0.5	10.277000
89.291667	0.5	10.295950
89.300000	0.5	10.326250
89.308333	0.5	10.338300
89.316667	0.5	10.374450
89.325000	0.5	10.386550
89.333333	0.5	10.422900
89.341667	0.5	10.435200
89.350000	0.5	10.463350
89.358333	0.5	10.490150
89.366667	0.5	10.506450
89.375000	0.5	10.521300
89.383333	0.5	10.551650
89.391667	0.5	10.565650
89.400000	0.5	10.587500
89.408333	0.5	10.617400
89.416667	0.5	10.634550
89.425000	0.5	10.650400
89.433333	0.5	10.682950
89.441667	0.5	10.690850
89.450000	0.5	10.712400
89.458333	0.5	10.742400
89.466667	0.5	10.754700
89.475000	0.5	10.774300
89.483333	0.5	10.794250
89.491667	0.5	10.813000
89.500000	0.5	10.831700
89.508333	0.5	10.848850
89.516667	0.5	10.876050
89.525000	0.5	10.901650
89.533333	0.5	10.910100
89.541667	0.5	10.926800
89.550000	0.5	10.946950
89.558333	0.5	10.968300
89.566667	0.5	10.986050
89.575000	0.5	11.018100
89.583333	0.5	11.020300
89.591667	0.5	11.050500
89.600000	0.5	11.072200
89.608333	0.5	11.094400
89.616667	0.5	11.106750
89.625000	0.5	11.131650
89.633333	0.5	11.142900
89.641667	0.5	11.161700
89.650000	0.5	11.184800
89.658333	0.5	11.209100
89.666667	0.5	11.229250
89.675000	0.5	11.238750
89.683333	0.5	11.257250
89.691667	0.5	11.262900
89.700000	0.5	11.277000
89.708333	0.5	11.303450
89.716667	0.5	11.317300
89.725000	0.5	11.334900
89.733333	0.5	11.338600
89.741667	0.5	11.341500
89.750000	0.5	11.348950
89.758333	0.5	11.349700
89.766667	0.5	11.358000
89.775000	0.5	11.347750
89.783333	0.5	11.348800
89.791667	0.5	11.347300
89.800000	0.5	11.330600
89.808333	0.5	11.317150
89.816667	0.5	11.300450
89.825000	0.5	11.284750
89.833333	0.5	11.277900
89.841667	0.5	11.247850
89.850000	0.5	11.222050
89.858333	0.5	11.201750
89.866667	0.5	11.165600
89.875000	0.5	11.130650
89.883333	0.5	11.092150
89.891667	0.5	11.047300
89.900000	0.5	11.020300
89.908333	0.5	10.971850
89.916667	0.5	10.934600
89.925000	0.5	10.883100
89.933333	0.5	10.840500
89.941667	0.5	10.793950
89.950000	0.5	10.750300
89.958333	0.5	10.694400
89.966667	0.5	10.640450
89.975000	0.5	10.596850
89.983333	0.5	10.545050
89.991667	0.5	10.491200
90.000000	0.5	10.457350
90.008333	0.5	10.405900
90.016667	0.5	10.355400
90.025000	0.5	10.299500
90.033333	0.5	10.259800
90.041667	0.5	10.226600
90.050000	0.5	10.174950
90.058333	0.5	10.136450
90.066667	0.5	10.097500
90.075000	0.5	10.067850
90.083333	0.5	10.028950
90.091667	0.5	9.989750
90.100000	0.5	9.958650
90.108333	0.5	9.925300
90.116667	0.5	9.893900
90.125000	0.5	9.870900
90.133333	0.5	9.843250
90.141667	0.5	9.809350
90.150000	0.5	9.776300
90.158333	0.5	9.749350
90.166667	0.5	9.728150
90.175000	0.5	9.697150
90.183333	0.5	9.680400
90.191667	0.5	9.650400
90.200000	0.5	9.637400
90.208333	0.5	9.607450
90.216667	0.5	9.592250
90.225000	0.5	9.561850
90.233333	0.5	9.537800
90.241667	0.5	9.517400
90.250000	0.5	9.499350
90.258333	0.5	9.473700
90.266667	0.5	9.455250
90.275000	0.5	9.430250
90.283333	0.5	9.418550
90.291667	0.5	9.396150
90.300000	0.5	9.371150
90.308333	0.5	9.349550
90.316667	0.5	9.324000
90.325000	0.5	9.306950
90.333333	0.5	9.284600
90.341667	0.5	9.282800
90.350000	0.5	9.253500
90.358333	0.5	9.243250
90.366667	0.5	9.220700
90.375000	0.5	9.207100
90.383333	0.5	9.184950
90.391667	0.5	9.174750
90.400000	0.5	9.156850
90.408333	0.5	9.135450
90.416667	0.5	9.134500
90.425000	0.5	9.123750
90.433333	0.5	9.107950
90.441667	0.5	9.102200
90.450000	0.5	9.101150
90.458333	0.5	9.096950
90.466667	0.5	9.092000
90.475000	0.5	9.085800
90.483333	0.5	9.089300
90.491667	0.5	9.083450
90.500000	0.5	9.080550
90.508333	0.5	9.078600
90.516667	0.5	9.076150
90.525000	0.5	9.077350
90.533333	0.5	9.077650
90.541667	0.5	9.083950
90.550000	0.5	9.080250
90.558333	0.5	9.086150
90.566667	0.5	9.085050
90.575000	0.5	9.081050
90.583333	0.5	9.076550
90.591667	0.5	9.068450
90.600000	0.5	9.075600
90.608333	0.5	9.069750
90.616667	0.5	9.060000
90.625000	0.5	9.047150
90.633333	0.5	9.042200
90.641667	0.5	9.034550
90.650000	0.5	9.018050
90.658333	0.5	9.003450
90.666667	0.5	8.986100
90.675000	0.5	8.974000
90.683333	0.5	8.947750
90.691667	0.5	8.919950
90.700000	0.5	8.906300
90.708333	0.5	8.874000
90.716667	0.5	8.865950
90.725000	0.5	8.825450
90.733333	0.5	8.795700
90.741667	0.5	8.758900
90.750000	0.5	8.738450
90.758333	0.5	8.707050
90.766667	0.5	8.672850
90.775000	0.5	8.646100
90.783333	0.5	8.611800
90.791667	0.5	8.572150
90.800000	0.5	8.559800
90.808333	0.5	8.522750
90.816667	0.5	8.485200
90.825000	0.5	8.461600
90.833333	0.5	8.439100
90.841667	0.5	8.409200
90.850000	0.5	8.386150
90.858333	0.5	8.357100
90.866667	0.5	8.345050
90.875000	0.5	8.327150
90.883333	0.5	8.298500
90.891667	0.5	8.289950
90.900000	0.5	8.274700
90.908333	0.5	8.259850
90.916667	0.5	8.240200
90.925000	0.5	8.222250
90.933333	0.5	8.215650
90.941667	0.5	8.219200
90.950000	0.5	8.196500
90.958333	0.5	8.196450
90.966667	0.5	8.204050
90.975000	0.5	8.191700
90.983333	0.5	8.194850
90.991667	0.5	8.204400
91.000000	0.5	8.210000
91.008333	0.5	8.199550
91.016667	0.5	8.211650
91.025000	0.5	8.221850
91.033333	0.5	8.213800
91.041667	0.5	8.227800
91.050000	0.5	8.240400
91.058333	0.5	8.250250
91.066667	0.5	8.269750
91.075000	0.5	8.270850
91.083333	0.5	8.290550
91.091667	0.5	8.301900
91.100000	0.5	8.316350
91.108333	0.5	8.327550
91.116667	0.5	8.340100
91.125000	0.5	8.362600
91.133333	0.5	8.387650
91.141667	0.5	8.408050
91.150000	0.5	8.424850
91.158333	0.5	8.439600
91.166667	0.5	8.461000
91.175000	0.5	8.486700
91.183333	0.5	8.505400
91.191667	0.5	8.526850
91.200000	0.5	8.556150
91.208333	0.5	8.555550
91.216667	0.5	8.600400
91.225000	0.5	8.619650
91.233333	0.5	8.645150
91.241667	0.5	8.681950
91.250000	0.5	8.697750
91.258333	0.5	8.715350
91.266667	0.5	8.746000
91.275000	0.5	8.785300
91.283333	0.5	8.818000
91.291667	0.5	8.841950
91.300000	0.5	8.884700
91.308333	0.5	8.916300
91.316667	0.5	8.948750
91.325000	0.5	8.986400
91.333333	0.5	9.042250
91.341667	0.5	9.065650
91.350000	0.5	9.102500
91.358333	0.5	9.145000
91.366667	0.5	9.190900
91.375000	0.5	9.252050
91.383333	0.5	9.291950
91.391667	0.5	9.342700
91.400000	0.5	9.388300
91.408333	0.5	9.443450
91.416667	0.5	9.490050
91.425000	0.5	9.552250
91.433333	0.5	9.594950
91.441667	0.5	9.648300
91.450000	0.5	9.699750
91.458333	0.5	9.751200
91.466667	0.5	9.807100
91.475000	0.5	9.864900
91.483333	0.5	9.903900
91.491667	0.5	9.952700
91.500000	0.5	10.004150
91.508333	0.5	10.054600
91.516667	0.5	10.087150
91.525000	0.5	10.132700
91.533333	0.5	10.178700
91.541667	0.5	10.215300
91.550000	0.5	10.256600
91.558333	0.5	10.274000
91.566667	0.5	10.310150
91.575000	0.5	10.334800
91.583333	0.5	10.371250
91.591667	0.5	10.382750
91.600000	0.5	10.401050
91.608333	0.5	10.423800
91.616667	0.5	10.451150
91.625000	0.5	10.456900
91.633333	0.5	10.477300
91.641667	0.5	10.483350
91.650000	0.5	10.490400
91.658333	0.5	10.496600
91.666667	0.5	10.499650
91.675000	0.5	10.513450
91.683333	0.5	10.518950
91.691667	0.5	10.520950
91.700000	0.5	10.520100
91.708333	0.5	10.517300
91.716667	0.5	10.529150
91.725000	0.5	10.529700
91.733333	0.5	10.529750
91.741667	0.5	10.526800
91.750000	0.5	10.533300
91.758333	0.5	10.539350
91.766667	0.5	10.542650
91.775000	0.5	10.548300
91.783333	0.5	10.564250
91.791667	0.5	10.567050
91.800000	0.5	10.582000
91.808333	0.5	10.587550
91.816667	0.5	10.601000
91.825000	0.5	10.619250
91.833333	0.5	10.633150
91.841667	0.5	10.643450
91.850000	0.5	10.664250
91.858333	0.5	10.679200
91.866667	0.5	10.704950
91.875000	0.5	10.720250
91.883333	0.5	10.743300
91.891667	0.5	10.767750
91.900000	0.5	10.789900
91.908333	0.5	10.805900
91.916667	0.5	10.841150
91.925000	0.5	10.855250
91.933333	0.5	10.878350
91.941667	0.5	10.914650
91.950000	0.5	10.950150
91.958333	0.5	10.975900
91.966667	0.5	11.009350
91.975000	0.5	11.042100
91.983333	0.5	11.056600
91.991667	0.5	11.101550
92.000000	0.5	11.112400
92.008333	0.5	11.156150
92.016667	0.5	11.173300
92.025000	0.5	11.208200
92.033333	0.5	11.238750
92.041667	0.5	11.270800
92.050000	0.5	11.291000
92.058333	0.5	11.325450
92.066667	0.5	11.349600
92.075000	0.5	11.378350
92.083333	0.5	11.421500
92.091667	0.5	11.441500
92.100000	0.5	11.455150
92.108333	0.5	11.493100
92.116667	0.5	11.513050
92.125000	0.5	11.533050
92.133333	0.5	11.567750
92.141667	0.5	11.594600
92.150000	0.5	11.622450
92.158333	0.5	11.646700
92.166667	0.5	11.683850
92.175000	0.5	11.701850
92.183333	0.5	11.737450
92.191667	0.5	11.755650
92.200000	0.5	11.779450
92.208333	0.5	11.815050
92.216667	0.5	11.843750
92.225000	0.5	11.875200
92.233333	0.5	11.899550
92.241667	0.5	11.913800
92.250000	0.5	11.962850
92.258333	0.5	11.981150
92.266667	0.5	12.012200
92.275000	0.5	12.035100
92.283333	0.5	12.068850
92.291667	0.5	12.086450
92.300000	0.5	12.139650
92.308333	0.5	12.142650
92.316667	0.5	12.167700
92.325000	0.5	12.190400
92.333333	0.5	12.214750
92.341667	0.5	12.236350
92.350000	0.5	12.247800
92.358333	0.5	12.268350
92.366667	0.5	12.282400
92.375000	0.5	12.300050
92.383333	0.5	12.315200
92.391667	0.5	12.326950
92.400000	0.5	12.341800
92.408333	0.5	12.341900
92.416667	0.5	12.349350
92.425000	0.5	12.361750
92.433333	0.5	12.376050
92.441667	0.5	12.363800
92.450000	0.5	12.366700
92.458333	0.5	12.358200
92.466667	0.5	12.355100
92.475000	0.5	12.359150
92.483333	0.5	12.352500
92.491667	0.5	12.347350
92.500000	0.5	12.329650
92.508333	0.5	12.331500
92.516667	0.5	12.314000
92.525000	0.5	12.298750
92.533333	0.5	12.280450
92.541667	0.5	12.277100
92.550000	0.5	12.257250
92.558333	0.5	12.238850
92.566667	0.5	12.223850
92.575000	0.5	12.199600
92.583333	0.5	12.182250
92.591667	0.5	12.171200
92.600000	0.5	12.140750
92.608333	0.5	12.106650
92.616667	0.5	12.095000
92.625000	0.5	12.077000
92.633333	0.5	12.058400
92.641667	0.5	12.045400
92.650000	0.5	12.022750
92.658333	0.5	11.985450
92.666667	0.5	11.974150
92.675000	0.5	11.945900
92.683333	0.5	11.912100
92.691667	0.5	11.884850
92.700000	0.5	11.869750
92.708333	0.5	11.847950
92.716667	0.5	11.836300
92.725000	0.5	11.805750
92.733333	0.5	11.778350
92.741667	0.5	11.766850
92.750000	0.5	11.739350
92.758333	0.5	11.716500
92.766667	0.5	11.696100
92.775000	0.5	11.678150
92.783333	0.5	11.663400
92.791667	0.5	11.634700
92.800000	0.5	11.616750
92.808333	0.5	11.602800
92.816667	0.5	11.577250
92.825000	0.5	11.558300
92.833333	0.5	11.545250
92.841667	0.5	11.522350
92.850000	0.5	11.505000
92.858333	0.5	11.484350
92.866667	0.5	11.467200
92.875000	0.5	11.458500
92.883333	0.5	11.431950
92.891667	0.5	11.426550
92.900000	0.5	11.403850
92.908333	0.5	11.392600
92.916667	0.5	11.373550
92.925000	0.5	11.363150
92.933333	0.5	11.360000
92.941667	0.5	11.338200
92.950000	0.5	11.322850
92.958333	0.5	11.315000
92.966667	0.5	11.305300
92.975000	0.5	11.291950
92.983333	0.5	11.288300
92.991667	0.5	11.277350
93.000000	0.5	11.279000
93.008333	0.5	11.276800
93.016667	0.5	11.264000
93.025000	0.5	11.266000
93.033333	0.5	11.265300
93.041667	0.5	11.252950
93.050000	0.5	11.257350
93.058333	0.5	11.256600
93.066667	0.5	11.249250
93.075000	0.5	11.245750
93.083333	0.5	11.244000
93.091667	0.5	11.250600
93.100000	0.5	11.257400
93.108333	0.5	11.249650
93.116667	0.5	11.248050
93.125000	0.5	11.235550
93.133333	0.5	11.234250
93.141667	0.5	11.230350
93.150000	0.5	11.220550
93.158333	0.5	11.211850
93.166667	0.5	11.211200
93.175000	0.5	11.195800
93.183333	0.5	11.177800
93.191667	0.5	11.168550
93.200000	0.5	11.142950
93.208333	0.5	11.132550
93.216667	0.5	11.112250
93.225000	0.5	11.081000
93.233333	0.5	11.052500
93.241667	0.5	11.018700
93.250000	0.5	10.988650
93.258333	0.5	10.948350
93.266667	0.5	10.920100
93.275000	0.5	10.888700
93.283333	0.5	10.840950
93.291667	0.5	10.798750
93.300000	0.5	10.749500
93.308333	0.5	10.702400
93.316667	0.5	10.654950
93.325000	0.5	10.606150
93.333333	0.5	10.551850
93.341667	0.5	10.501050
93.350000	0.5	10.449150
93.358333	0.5	10.398300
93.366667	0.5	10.345750
93.375000	0.5	10.283050
93.383333	0.5	10.234650
93.391667	0.5	10.179200
93.400000	0.5	10.117300
93.408333	0.5	10.074250
93.416667	0.5	10.020250
93.425000	0.5	9.961350
93.433333	0.5	9.903350
93.441667	0.5	9.851250
93.450000	0.5	9.797150
93.458333	0.5	9.754050
93.466667	0.5	9.707050
93.475000	0.5	9.656450
93.483333	0.5	9.611550
93.491667	0.5	9.564650
93.500000	0.5	9.521150
93.508333	0.5	9.478600
93.516667	0.5	9.443100
93.525000	0.5	9.403000
93.533333	0.5	9.364950
93.541667	0.5	9.325350
93.550000	0.5	9.294100
93.558333	0.5	9.267250
93.566667	0.5	9.236250
93.575000	0.5	9.207450
93.583333	0.5	9.183300
93.591667	0.5	9.158000
93.600000	0.5	9.129150
93.608333	0.5	9.115900
93.616667	0.5	9.089950
93.625000	0.5	9.085450
93.633333	0.5	9.058550
93.641667	0.5	9.044750
93.650000	0.5	9.033350
93.658333	0.5	9.021350
93.666667	0.5	9.016700
93.675000	0.5	9.003750
93.683333	0.5	8.997600
93.691667	0.5	8.993800
93.700000	0.5	8.988500
93.708333	0.5	8.988100
93.716667	0.5	8.991150
93.725000	0.5	8.986550
93.733333	0.5	8.991150
93.741667	0.5	9.000900
93.750000	0.5	9.010800
93.758333	0.5	9.024800
93.766667	0.5	9.028600
93.775000	0.5	9.047050
93.783333	0.5	9.054350
93.791667	0.5	9.069250
93.800000	0.5	9.090850
93.808333	0.5	9.119800
93.816667	0.5	9.135700
93.825000	0.5	9.159250
93.833333	0.5	9.190950
93.841667	0.5	9.217850
93.850000	0.5	9.239350
93.858333	0.5	9.283350
93.866667	0.5	9.310550
93.875000	0.5	9.354150
93.883333	0.5	9.398300
93.891667	0.5	9.425050
93.900000	0.5	9.465550
93.908333	0.5	9.499450
93.916667	0.5	9.555000
93.925000	0.5	9.581950
93.933333	0.5	9.627450
93.941667	0.5	9.660350
93.950000	0.5	9.705300
93.958333	0.5	9.744750
93.966667	0.5	9.794800
93.975000	0.5	9.822750
93.983333	0.5	9.861600
93.991667	0.5	9.904250
94.000000	0.5	9.936900
94.008333	0.5	9.974350
94.016667	0.5	10.007350
94.025000	0.5	10.039650
94.033333	0.5	10.084900
94.041667	0.5	10.110100
94.050000	0.5	10.148750
94.058333	0.5	10.175400
94.066667	0.5	10.214000
94.075000	0.5	10.238600
94.083333	0.5	10.268600
94.091667	0.5	10.293950
94.100000	0.5	10.318950
94.108333	0.5	10.339050
94.116667	0.5	10.361500
94.125000	0.5	10.389900
94.133333	0.5	10.410350
94.141667	0.5	10.424950
94.150000	0.5	10.456550
94.158333	0.5	10.471200
94.166667	0.5	10.495900
94.175000	0.5	10.509900
94.183333	0.5	10.534100
94.191667	0.5	10.547850
94.200000	0.5	10.558050
94.208333	0.5	10.567800
94.216667	0.5	10.590250
94.225000	0.5	10.605800
94.233333	0.5	10.610250
94.241667	0.5	10.623400
94.250000	0.5	10.636900
94.258333	0.5	10.645500
94.266667	0.5	10.654950
94.275000	0.5	10.671950
94.283333	0.5	10.687050
94.291667	0.5	10.691350
94.300000	0.5	10.698100
94.308333	0.5	10.707350
94.316667	0.5	10.711950
94.325000	0.5	10.717950
94.333333	0.5	10.731150
94.341667	0.5	10.740950
94.350000	0.5	10.750150
94.358333	0.5	10.746650
94.366667	0.5	10.755550
94.375000	0.5	10.758950
94.383333	0.5	10.768550
94.391667	0.5	10.772000
94.400000	0.5	10.773300
94.408333	0.5	10.762400
94.416667	0.5	10.771200
94.425000	0.5	10.771200
94.433333	0.5	10.778050
94.441667	0.5	10.783600
94.450000	0.5	10.780300
94.458333	0.5	10.773100
94.466667	0.5	10.780400
94.475000	0.5	10.772500
94.483333	0.5	10.779800
94.491667	0.5	10.776450
94.500000	0.5	10.773350
94.508333	0.5	10.778500
94.516667	0.5	10.774050
94.525000	0.5	10.774550
94.533333	0.5	10.771550
94.541667	0.5	10.780300
94.550000	0.5	10.774600
94.558333	0.5	10.771600
94.566667	0.5	10.776550
94.575000	0.5	10.780650
94.583333	0.5	10.771950
94.591667	0.5	10.785000
94.600000	0.5	10.790500
94.608333	0.5	10.801000
94.616667	0.5	10.787550
94.625000	0.5	10.798250
94.633333	0.5	10.811050
94.641667	0.5	10.797450
94.650000	0.5	10.816600
94.658333	0.5	10.821150
94.666667	0.5	10.815600
94.675000	0.5	10.824500
94.683333	0.5	10.816350
94.691667	0.5	10.825450
94.700000	0.5	10.837800
94.708333	0.5	10.839550
94.716667	0.5	10.842150
94.725000	0.5	10.842250
94.733333	0.5	10.841900
94.741667	0.5	10.831800
94.750000	0.5	10.838700
94.758333	0.5	10.840150
94.766667	0.5	10.841150
94.775000	0.5	10.850700
94.783333	0.5	10.843100
94.791667	0.5	10.839250
94.800000	0.5	10.848100
94.808333	0.5	10.840300
94.816667	0.5	10.848350
94.825000	0.5	10.839550
94.833333	0.5	10.846550
94.841667	0.5	10.841250
94.850000	0.5	10.831050
94.858333	0.5	10.844150
94.866667	0.5	10.840150
94.875000	0.5	10.846850
94.883333	0.5	10.850650
94.891667	0.5	10.848550
94.900000	0.5	10.848050
94.908333	0.5	10.858850
94.916667	0.5	10.857600
94.925000	0.5	10.872150
94.933333	0.5	10.879400
94.941667	0.5	10.902950
94.950000	0.5	10.911400
94.958333	0.5	10.914550
94.966667	0.5	10.930600
94.975000	0.5	10.949600
94.983333	0.5	10.973000
94.991667	0.5	10.985800
95.000000	0.5	11.001650
95.008333	0.5	11.032000
95.016667	0.5	11.058950
95.025000	0.5	11.079400
95.033333	0.5	11.096750
95.041667	0.5	11.120900
95.050000	0.5	11.154600
95.058333	0.5	11.176700
95.066667	0.5	11.207600
95.075000	0.5	11.242950
95.083333	0.5	11.263300
95.091667	0.5	11.303000
95.100000	0.5	11.328150
95.108333	0.5	11.365100
95.116667	0.5	11.398400
95.125000	0.5	11.435800
95.133333	0.5	11.465600
95.141667	0.5	11.488500
95.150000	0.5	11.526050
95.158333	0.5	11.557500
95.166667	0.5	11.579600
95.175000	0.5	11.628750
95.183333	0.5	11.661000
95.191667	0.5	11.691050
95.200000	0.5	11.724300
95.208333	0.5	11.754950
95.216667	0.5	11.791000
95.225000	0.5	11.816350
95.233333	0.5	11.856650
95.241667	0.5	11.886300
95.250000	0.5	11.912800
95.258333	0.5	11.945000
95.266667	0.5	11.971600
95.275000	0.5	11.999550
95.283333	0.5	12.026150
95.291667	0.5	12.048100
95.300000	0.5	12.080600
95.308333	0.5	12.105900
95.316667	0.5	12.129350
95.325000	0.5	12.159300
95.333333	0.5	12.167300
95.341667	0.5	12.192600
95.350000	0.5	12.211650
95.358333	0.5	12.234200
95.366667	0.5	12.243150
95.375000	0.5	12.256250
95.383333	0.5	12.286700
95.391667	0.5	12.298300
95.400000	0.5	12.305150
95.408333	0.5	12.314350
95.416667	0.5	12.319000
95.425000	0.5	12.326050
95.433333	0.5	12.328050
95.441667	0.5	12.340800
95.450000	0.5	12.332850
95.458333	0.5	12.338100
95.466667	0.5	12.342850
95.475000	0.5	12.340250
95.483333	0.5	12.345300
95.491667	0.5	12.339150
95.500000	0.5	12.338950
95.508333	0.5	12.328650
95.516667	0.5	12.313800
95.525000	0.5	12.302000
95.533333	0.5	12.289800
95.541667	0.5	12.281500
95.550000	0.5	12.274700
95.558333	0.5	12.256050
95.566667	0.5	12.229700
95.575000	0.5	12.208100
95.583333	0.5	12.201900
95.591667	0.5	12.178200
95.600000	0.5	12.163750
95.608333	0.5	12.142200
95.616667	0.5	12.111700
95.625000	0.5	12.088600
95.633333	0.5	12.066650
95.641667	0.5	12.043650
95.650000	0.5	12.027950
95.658333	0.5	12.004750
95.666667	0.5	11.986600
95.675000	0.5	11.962200
95.683333	0.5	11.940150
95.691667	0.5	11.917250
95.700000	0.5	11.891950
95.708333	0.5	11.870100
95.716667	0.5	11.846600
95.725000	0.5	11.818800
95.733333	0.5	11.802500
95.741667	0.5	11.780900
95.750000	0.5	11.762300
95.758333	0.5	11.741350
95.766667	0.5	11.720200
95.775000	0.5	11.706550
95.783333	0.5	11.688450
95.791667	0.5	11.673600
95.800000	0.5	11.663150
95.808333	0.5	11.644500
95.816667	0.5	11.631100
95.825000	0.5	11.627950
95.833333	0.5	11.605800
95.841667	0.5	11.597900
95.850000	0.5	11.592200
95.858333	0.5	11.571550
95.866667	0.5	11.574650
95.875000	0.5	11.564150
95.883333	0.5	11.560950
95.891667	0.5	11.546650
95.900000	0.5	11.555550
95.908333	0.5	11.548150
95.916667	0.5	11.539250
95.925000	0.5	11.538700
95.933333	0.5	11.539750
95.941667	0.5	11.536400
95.950000	0.5	11.536150
95.958333	0.5	11.531000
95.966667	0.5	11.545950
95.975000	0.5	11.540400
95.983333	0.5	11.541650
95.991667	0.5	11.537850
96.000000	0.5	11.549250
96.008333	0.5	11.550050
96.016667	0.5	11.558250
96.025000	0.5	11.563500
96.033333	0.5	11.570500
96.041667	0.5	11.577100
96.050000	0.5	11.584350
96.058333	0.5	11.588800
96.066667	0.5	11.597750
96.075000	0.5	11.600200
96.083333	0.5	11.608950
96.091667	0.5	11.622950
96.100000	0.5	11.632700
96.108333	0.5	11.632850
96.116667	0.5	11.659650
96.125000	0.5	11.654400
96.133333	0.5	11.670400
96.141667	0.5	11.674300
96.150000	0.5	11.694250
96.158333	0.5	11.703450
96.166667	0.5	11.704450
96.175000	0.5	11.717300
96.183333	0.5	11.726550
96.191667	0.5	11.733350
96.200000	0.5	11.740750
96.208333	0.5	11.747650
96.216667	0.5	11.755950
96.225000	0.5	11.761900
96.233333	0.5	11.767150
96.241667	0.5	11.760900
96.250000	0.5	11.767150
96.258333	0.5	11.781600
96.266667	0.5	11.786700
96.275000	0.5	11.784250
96.283333	0.5	11.793750
96.291667	0.5	11.791500
96.300000	0.5	11.794400
96.308333	0.5	11.808150
96.316667	0.5	11.809050
96.325000	0.5	11.803800
96.333333	0.5	11.806150
96.341667	0.5	11.815850
96.350000	0.5	11.810650
96.358333	0.5	11.811900
96.366667	0.5	11.816700
96.375000	0.5	11.817950
96.383333	0.5	11.814350
96.391667	0.5	11.825900
96.400000	0.5	11.816000
96.408333	0.5	11.826450
96.416667	0.5	11.822850
96.425000	0.5	11.820200
96.433333	0.5	11.823750
96.441667	0.5	11.826400
96.450000	0.5	11.839750
96.458333	0.5	11.833750
96.466667	0.5	11.831950
96.475000	0.5	11.836900
96.483333	0.5	11.840150
96.491667	0.5	11.838200
96.500000	0.5	11.846750
96.508333	0.5	11.832800
96.516667	0.5	11.841300
96.525000	0.5	11.842850
96.533333	0.5	11.843800
96.541667	0.5	11.860450
96.550000	0.5	11.850750
96.558333	0.5	11.861650
96.566667	0.5	11.849500
96.575000	0.5	11.843650
96.583333	0.5	11.853200
96.591667	0.5	11.850950
96.600000	0.5	11.851750
96.608333	0.5	11.859400
96.616667	0.5	11.850550
96.625000	0.5	11.847200
96.633333	0.5	11.853600
96.641667	0.5	11.848500
96.650000	0.5	11.844150
96.658333	0.5	11.849950
96.666667	0.5	11.839450
96.675000	0.5	11.830700
96.683333	0.5	11.839650
96.691667	0.5	11.830100
96.700000	0.5	11.832600
96.708333	0.5	11.830200
96.716667	0.5	11.821650
96.725000	0.5	11.814500
96.733333	0.5	11.807400
96.741667	0.5	11.810900
96.750000	0.5	11.814450
96.758333	0.5	11.802600
96.766667	0.5	11.808700
96.775000	0.5	11.783950
96.783333	0.5	11.799550
96.791667	0.5	11.780300
96.800000	0.5	11.764750
96.808333	0.5	11.769500
96.816667	0.5	11.749650
96.825000	0.5	11.751550
96.833333	0.5	11.741700
96.841667	0.5	11.734050
96.850000	0.5	11.723050
96.858333	0.5	11.712350
96.866667	0.5	11.698650
96.875000	0.5	11.689900
96.883333	0.5	11.682250
96.891667	0.5	11.662000
96.900000	0.5	11.650450
96.908333	0.5	11.634950
96.916667	0.5	11.627300
96.925000	0.5	11.616400
96.933333	0.5	11.603550
96.941667	0.5	11.584350
96.950000	0.5	11.575750
96.958333	0.5	11.554600
96.966667	0.5	11.532550
96.975000	0.5	11.516750
96.983333	0.5	11.489650
96.991667	0.5	11.467050
97.000000	0.5	11.456600
97.008333	0.5	11.430850
97.016667	0.5	11.399650
97.025000	0.5	11.388250
97.033333	0.5	11.372350
97.041667	0.5	11.343050
97.050000	0.5	11.323100
97.058333	0.5	11.297400
97.066667	0.5	11.277800
97.075000	0.5	11.256650
97.083333	0.5	11.221500
97.091667	0.5	11.210600
97.100000	0.5	11.172850
97.108333	0.5	11.144550
97.116667	0.5	11.135550
97.125000	0.5	11.110400
97.133333	0.5	11.076250
97.141667	0.5	11.065650
97.150000	0.5	11.033000
97.158333	0.5	11.003100
97.166667	0.5	10.990150
97.175000	0.5	10.965050
97.183333	0.5	10.938350
97.191667	0.5	10.920400
97.200000	0.5	10.907250
97.208333	0.5	10.881050
97.216667	0.5	10.845450
97.225000	0.5	10.833700
97.233333	0.5	10.807250
97.241667	0.5	10.792500
97.250000	0.5	10.768100
97.258333	0.5	10.752200
97.266667	0.5	10.727900
97.275000	0.5	10.705900
97.283333	0.5	10.693050
97.291667	0.5	10.678600
97.300000	0.5	10.650150
97.308333	0.5	10.630200
97.316667	0.5	10.617700
97.325000	0.5	10.591700
97.333333	0.5	10.578850
97.341667	0.5	10.560100
97.350000	0.5	10.551350
97.358333	0.5	10.528400
97.366667	0.5	10.518800
97.375000	0.5	10.501700
97.383333	0.5	10.494850
97.391667	0.5	10.474750
97.400000	0.5	10.460000
97.408333	0.5	10.446400
97.416667	0.5	10.434800
97.425000	0.5	10.429050
97.433333	0.5	10.415150
97.441667	0.5	10.406750
97.450000	0.5	10.397350
97.458333	0.5	10.384050
97.466667	0.5	10.370900
97.475000	0.5	10.362850
97.483333	0.5	10.354200
97.491667	0.5	10.333400
97.500000	0.5	10.332800
97.508333	0.5	10.321900
97.516667	0.5	10.308400
97.525000	0.5	10.297900
97.533333	0.5	10.277850
97.541667	0.5	10.271450
97.550000	0.5	10.249800
97.558333	0.5	10.240800
97.566667	0.5	10.231900
97.575000	0.5	10.212850
97.583333	0.5	10.190550
97.591667	0.5	10.185300
97.600000	0.5	10.170150
97.608333	0.5	10.151150
97.616667	0.5	10.133700
97.625000	0.5	10.123750
97.633333	0.5	10.102150
97.641667	0.5	10.077650
97.650000	0.5	10.059400
97.658333	0.5	10.039600
97.666667	0.5	10.022800
97.675000	0.5	9.999900
97.683333	0.5	9.978900
97.691667	0.5	9.963100
97.700000	0.5	9.945300
97.708333	0.5	9.926350
97.716667	0.5	9.901550
97.725000	0.5	9.875000
97.733333	0.5	9.859700
97.741667	0.5	9.849500
97.750000	0.5	9.824400
97.758333	0.5	9.815550
97.766667	0.5	9.796050
97.775000	0.5	9.779800
97.783333	0.5	9.775250
97.791667	0.5	9.756850
97.800000	0.5	9.749650
97.808333	0.5	9.735450
97.816667	0.5	9.732750
97.825000	0.5	9.712450
97.833333	0.5	9.720600
97.841667	0.5	9.698850
97.850000	0.5	9.697050
97.858333	0.5	9.704250
97.866667	0.5	9.696500
97.875000	0.5	9.701950
97.883333	0.5	9.706100
97.891667	0.5	9.699650
97.900000	0.5	9.701500
97.908333	0.5	9.720500
97.916667	0.5	9.708550
97.925000	0.5	9.717800
97.933333	0.5	9.723450
97.941667	0.5	9.736900
97.950000	0.5	9.747150
97.958333	0.5	9.756200
97.966667	0.5	9.764800
97.975000	0.5	9.781650
97.983333	0.5	9.794450
97.991667	0.5	9.797850
98.000000	0.5	9.816650
98.008333	0.5	9.835150
98.016667	0.5	9.851200
98.025000	0.5	9.861850
98.033333	0.5	9.876300
98.041667	0.5	9.886850
98.050000	0.5	9.908150
98.058333	0.5	9.923600
98.066667	0.5	9.944950
98.075000	0.5	9.962600
98.083333	0.5	9.975250
98.091667	0.5	9.994300
98.100000	0.5	10.017100
98.108333	0.5	10.031850
98.116667	0.5	10.040400
98.125000	0.5	10.054250
98.133333	0.5	10.069100
98.141667	0.5	10.088000
98.150000	0.5	10.103650
98.158333	0.5	10.117450
98.166667	0.5	10.149000
98.175000	0.5	10.160750
98.183333	0.5	10.174500
98.191667	0.5	10.190950
98.200000	0.5	10.197150
98.208333	0.5	10.214800
98.216667	0.5	10.228400
98.225000	0.5	10.240900
98.233333	0.5	10.246300
98.241667	0.5	10.266050
98.250000	0.5	10.268600
98.258333	0.5	10.276500
98.266667	0.5	10.286350
98.275000	0.5	10.290700
98.283333	0.5	10.294700
98.291667	0.5	10.288100
98.300000	0.5	10.289550
98.308333	0.5	10.298050
98.316667	0.5	10.298150
98.325000	0.5	10.292400
98.333333	0.5	10.286950
98.341667	0.5	10.282450
98.350000	0.5	10.273100
98.358333	0.5	10.275550
98.366667	0.5	10.261550
98.375000	0.5	10.258600
98.383333	0.5	10.253550
98.391667	0.5	10.244850
98.400000	0.5	10.236000
98.408333	0.5	10.223350
98.416667	0.5	10.217750
98.425000	0.5	10.208600
98.433333	0.5	10.197000
98.441667	0.5	10.183750
98.450000	0.5	10.166350
98.458333	0.5	10.170300
98.466667	0.5	10.147650
98.475000	0.5	10.141000
98.483333	0.5	10.134850
98.491667	0.5	10.117850
98.500000	0.5	10.110250
98.508333	0.5	10.097650
98.516667	0.5	10.090200
98.525000	0.5	10.079550
98.533333	0.5	10.074800
98.541667	0.5	10.058750
98.550000	0.5	10.054050
98.558333	0.5	10.060150
98.566667	0.5	10.042550
98.575000	0.5	10.036050
98.583333	0.5	10.033250
98.591667	0.5	10.023550
98.600000	0.5	10.025800
98.608333	0.5	10.006950
98.616667	0.5	10.007200
98.625000	0.5	10.010550
98.633333	0.5	9.999450
98.641667	0.5	9.995450
98.650000	0.5	9.995200
98.658333	0.5	10.003700
98.666667	0.5	9.995200
98.675000	0.5	9.993800
98.683333	0.5	9.996050
98.691667	0.5	10.000250
98.700000	0.5	9.991350
98.708333	0.5	9.998900
98.716667	0.5	9.985600
98.725000	0.5	9.997800
98.733333	0.5	9.991750
98.741667	0.5	10.015200
98.750000	0.5	10.006450
98.758333	0.5	10.007050
98.766667	0.5	10.013850
98.775000	0.5	10.018000
98.783333	0.5	10.018550
98.791667	0.5	10.022450
98.800000	0.5	10.037100
98.808333	0.5	10.038650
98.816667	0.5	10.038700
98.825000	0.5	10.047900
98.833333	0.5	10.045050
98.841667	0.5	10.055500
98.850000	0.5	10.052000
98.858333	0.5	10.057600
98.866667	0.5	10.066850
98.875000	0.5	10.071750
98.883333	0.5	10.074650
98.891667	0.5	10.070700
98.900000	0.5	10.072850
98.908333	0.5	10.072150
98.916667	0.5	10.079700
98.925000	0.5	10.076300
98.933333	0.5	10.076850
98.941667	0.5	10.079000
98.950000	0.5	10.080900
98.958333	0.5	10.068450
98.966667	0.5	10.070400
98.975000	0.5	10.075350
98.983333	0.5	10.067550
98.991667	0.5	10.059400
99.000000	0.5	10.058300
99.008333	0.5	10.059400
99.016667	0.5	10.056550
99.025000	0.5	10.054350
99.033333	0.5	10.050300
99.041667	0.5	10.043500
99.050000	0.5	10.041050
99.058333	0.5	10.036600
99.066667	0.5	10.031750
99.075000	0.5	10.033350
99.083333	0.5	10.028450
99.091667	0.5	10.019700
99.100000	0.5	10.025800
99.108333	0.5	10.022200
99.116667	0.5	10.014050
99.125000	0.5	10.014600
99.133333	0.5	10.018350
99.141667	0.5	10.018150
99.150000	0.5	10.020900
99.158333	0.5	10.014050
99.166667	0.5	10.023300
99.175000	0.5	10.023450
99.183333	0.5	10.023700
99.191667	0.5	10.027800
99.200000	0.5	10.038300
99.208333	0.5	10.036700
99.216667	0.5	10.048550
99.225000	0.5	10.068350
99.233333	0.5	10.067350
99.241667	0.5	10.075250
99.250000	0.5	10.088000
99.258333	0.5	10.096900
99.266667	0.5	10.106900
99.275000	0.5	10.118450
99.283333	0.5	10.133350
99.291667	0.5	10.143050
99.300000	0.5	10.158150
99.308333	0.5	10.173650
99.316667	0.5	10.187650
99.325000	0.5	10.212450
99.333333	0.5	10.223700
99.341667	0.5	10.242600
99.350000	0.5	10.268150
99.358333	0.5	10.282750
99.366667	0.5	10.301750
99.375000	0.5	10.319450
99.383333	0.5	10.338800
99.391667	0.5	10.357850
99.400000	0.5	10.378550
99.408333	0.5	10.405900
99.416667	0.5	10.423700
99.425000	0.5	10.445700
99.433333	0.5	10.478950
99.441667	0.5	10.488050
99.450000	0.5	10.512400
99.458333	0.5	10.532550
99.466667	0.5	10.562500
99.475000	0.5	10.586350
99.483333	0.5	10.612400
99.491667	0.5	10.645500
99.500000	0.5	10.661500
99.508333	0.5	10.673600
99.516667	0.5	10.689550
99.525000	0.5	10.721350
99.533333	0.5	10.736400
99.541667	0.5	10.755200
99.550000	0.5	10.767400
99.558333	0.5	10.787550
99.566667	0.5	10.797250
99.575000	0.5	10.811850
99.583333	0.5	10.828850
99.591667	0.5	10.830250
99.600000	0.5	10.845650
99.608333	0.5	10.852100
99.616667	0.5	10.862600
99.625000	0.5	10.868550
99.633333	0.5	10.868550
99.641667	0.5	10.865950
99.650000	0.5	10.865750
99.658333	0.5	10.868400
99.666667	0.5	10.862650
99.675000	0.5	10.860300
99.683333	0.5	10.860900
99.691667	0.5	10.854950
99.700000	0.5	10.848750
99.708333	0.5	10.837350
99.716667	0.5	10.829600
99.725000	0.5	10.818300
99.733333	0.5	10.812600
99.741667	0.5	10.794650
99.750000	0.5	10.789700
99.758333	0.5	10.773900
99.766667	0.5	10.756000
99.775000	0.5	10.741000
99.783333	0.5	10.717400
99.791667	0.5	10.696850
99.800000	0.5	10.692350
99.808333	0.5	10.665550
99.816667	0.5	10.655350
99.825000	0.5	10.628500
99.833333	0.5	10.603000
99.841667	0.5	10.583800
99.850000	0.5	10.561800
99.858333	0.5	10.533700
99.866667	0.5	10.517900
99.875000	0.5	10.495950
99.883333	0.5	10.481050
99.891667	0.5	10.457250
99.900000	0.5	10.439600
99.908333	0.5	10.421250
99.916667	0.5	10.405000
99.925000	0.5	10.369950
99.933333	0.5	10.355450
99.941667	0.5	10.329150
99.950000	0.5	10.309950
99.958333	0.5	10.297350
99.966667	0.5	10.282950
99.975000	0.5	10.254850
99.983333	0.5	10.245450
99.991667	0.5	10.233750
100.000000	0.5	10.214600
100.008333	0.5	10.200800
100.016667	0.5	10.185300
100.025000	0.5	10.175450
100.033333	0.5	10.157850
100.041667	0.5	10.152900
100.050000	0.5	10.143050
100.058333	0.5	10.137250
100.066667	0.5	10.126350
100.075000	0.5	10.120550
100.083333	0.5	10.118500
100.091667	0.5	10.113500
100.100000	0.5	10.104600
100.108333	0.5	10.093500
100.116667	0.5	10.095300
100.125000	0.5	10.092200
100.133333	0.5	10.088300
100.141667	0.5	10.085450
100.150000	0.5	10.083050
100.158333	0.5	10.077000
100.166667	0.5	10.073250
100.175000	0.5	10.077850
100.183333	0.5	10.083350
100.191667	0.5	10.074200
100.200000	0.5	10.074600
100.208333	0.5	10.067100
100.216667	0.5	10.065250
100.225000	0.5	10.063500
100.233333	0.5	10.059800
100.241667	0.5	10.057450
100.250000	0.5	10.051400
100.258333	0.5	10.047000
100.266667	0.5	10.037450
100.275000	0.5	10.035300
100.283333	0.5	10.037750
100.291667	0.5	10.025150
100.300000	0.5	10.011800
100.308333	0.5	10.007900
100.316667	0.5	10.002700
100.325000	0.5	10.002550
100.333333	0.5	9.988950
100.341667	0.5	9.982500
100.350000	0.5	9.974450
100.358333	0.5	9.970550
100.366667	0.5	9.967900
100.375000	0.5	9.965800
100.383333	0.5	9.952950
100.391667	0.5	9.958800
100.400000	0.5	9.949200
100.408333	0.5	9.936500
100.416667	0.5	9.934550
100.425000	0.5	9.931050
100.433333	0.5	9.927350
100.441667	0.5	9.926100
100.450000	0.5	9.913450
100.458333	0.5	9.910200
100.466667	0.5	9.908800
100.475000	0.5	9.905350
100.483333	0.5	9.907650
100.491667	0.5	9.904250
100.500000	0.5	9.896050
100.508333	0.5	9.893150
100.516667	0.5	9.889150
100.525000	0.5	9.880650
100.533333	0.5	9.881150
100.541667	0.5	9.887100
100.550000	0.5	9.871600
100.558333	0.5	9.876200
100.566667	0.5	9.861150
100.575000	0.5	9.872450
100.583333	0.5	9.866550
100.591667	0.5	9.853700
100.600000	0.5	9.850400
100.608333	0.5	9.850850
100.616667	0.5	9.853850
100.625000	0.5	9.849300
100.633333	0.5	9.846050
100.641667	0.5	9.837550
100.650000	0.5	9.846800
100.658333	0.5	9.840500
100.666667	0.5	9.839300
100.675000	0.5	9.831450
100.683333	0.5	9.827850
100.691667	0.5	9.833800
100.700000	0.5	9.823950
100.708333	0.5	9.821850
100.716667	0.5	9.814700
100.725000	0.5	9.824700
100.733333	0.5	9.825850
100.741667	0.5	9.808950
100.750000	0.5	9.820100
100.758333	0.5	9.815050
100.766667	0.5	9.820250
100.775000	0.5	9.816550
100.783333	0.5	9.800350
100.791667	0.5	9.801050
100.800000	0.5	9.797100
100.808333	0.5	9.795950
100.816667	0.5	9.787200
100.825000	0.5	9.783300
100.833333	0.5	9.775700
100.841667	0.5	9.771600
100.850000	0.5	9.774850
100.858333	0.5	9.769800
100.866667	0.5	9.755250
100.875000	0.5	9.750850
100.883333	0.5	9.740600
100.891667	0.5	9.739600
100.900000	0.5	9.734300
100.908333	0.5	9.714750
100.916667	0.5	9.706450
100.925000	0.5	9.712850
100.933333	0.5	9.700650
100.941667	0.5	9.693100
100.950000	0.5	9.671850
100.958333	0.5	9.663100
100.966667	0.5	9.654750
100.975000	0.5	9.653950
100.983333	0.5	9.643300
100.991667	0.5	9.635350
101.000000	0.5	9.617500
101.008333	0.5	9.610800
101.016667	0.5	9.599800
101.025000	0.5	9.592200
101.033333	0.5	9.586800
101.041667	0.5	9.578550
101.050000	0.5	9.563700
101.058333	0.5	9.556200
101.066667	0.5	9.546800
101.075000	0.5	9.544800
101.083333	0.5	9.535850
101.091667	0.5	9.526400
101.100000	0.5	9.520200
101.108333	0.5	9.512600
101.116667	0.5	9.503600
101.125000	0.5	9.494650
101.133333	0.5	9.497700
101.141667	0.5	9.489100
101.150000	0.5	9.482450
101.158333	0.5	9.475950
101.166667	0.5	9.468800
101.175000	0.5	9.469950
101.183333	0.5	9.471550
101.191667	0.5	9.463850
101.200000	0.5	9.453250
101.208333	0.5	9.463250
101.216667	0.5	9.456350
101.225000	0.5	9.455100
101.233333	0.5	9.456100
101.241667	0.5	9.459300
101.250000	0.5	9.460450
101.258333	0.5	9.466250
101.266667	0.5	9.458200
101.275000	0.5	9.460300
101.283333	0.5	9.469150
101.291667	0.5	9.473150
101.300000	0.5	9.476250
101.308333	0.5	9.484500
101.316667	0.5	9.505350
101.325000	0.5	9.512800
101.333333	0.5	9.515400
101.341667	0.5	9.521150
101.350000	0.5	9.526450
101.358333	0.5	9.531700
101.366667	0.5	9.548150
101.375000	0.5	9.564800
101.383333	0.5	9.562650
101.391667	0.5	9.571050
101.400000	0.5	9.586650
101.408333	0.5	9.592050
101.416667	0.5	9.597200
101.425000	0.5	9.608100
101.433333	0.5	9.611200
101.441667	0.5	9.616050
101.450000	0.5	9.626950
101.458333	0.5	9.630550
101.466667	0.5	9.632250
101.475000	0.5	9.650700
101.483333	0.5	9.644850
101.491667	0.5	9.649250
101.500000	0.5	9.660650
101.508333	0.5	9.677600
101.516667	0.5	9.677400
101.525000	0.5	9.676300
101.533333	0.5	9.687550
101.541667	0.5	9.685850
101.550000	0.5	9.690450
101.558333	0.5	9.701050
101.566667	0.5	9.703650
101.575000	0.5	9.711700
101.583333	0.5	9.713750
101.591667	0.5	9.723600
101.600000	0.5	9.737950
101.608333	0.5	9.738000
101.616667	0.5	9.739650
101.625000	0.5	9.741500
101.633333	0.5	9.751650
101.641667	0.5	9.760950
101.650000	0.5	9.761650
101.658333	0.5	9.774850
101.666667	0.5	9.782750
101.675000	0.5	9.788250
101.683333	0.5	9.790450
101.691667	0.5	9.805450
101.700000	0.5	9.810350
101.708333	0.5	9.833350
101.716667	0.5	9.839300
101.725000	0.5	9.835650
101.733333	0.5	9.856500
101.741667	0.5	9.866700
101.750000	0.5	9.869600
101.758333	0.5	9.881500
101.766667	0.5	9.899800
101.775000	0.5	9.898600
101.783333	0.5	9.919650
101.791667	0.5	9.932050
101.800000	0.5	9.933950
101.808333	0.5	9.951100
101.816667	0.5	9.960250
101.825000	0.5	9.977850
101.833333	0.5	9.987850
101.841667	0.5	9.998700
101.850000	0.5	10.008050
101.858333	0.5	10.017000
101.866667	0.5	10.027350
101.875000	0.5	10.033800
101.883333	0.5	10.053550
101.891667	0.5	10.061200
101.900000	0.5	10.070250
101.908333	0.5	10.081850
101.916667	0.5	10.087100
101.925000	0.5	10.091100
101.933333	0.5	10.100850
101.941667	0.5	10.112100
101.950000	0.5	10.119050
101.958333	0.5	10.129700
101.966667	0.5	10.146150
101.975000	0.5	10.139550
101.983333	0.5	10.156850
101.991667	0.5	10.162600
102.000000	0.5	10.181600
102.008333	0.5	10.179750
102.016667	0.5	10.183500
102.025000	0.5	10.188400
102.033333	0.5	10.188650
102.041667	0.5	10.206550
102.050000	0.5	10.213150
102.058333	0.5	10.209250
102.066667	0.5	10.212550
102.075000	0.5	10.222400
102.083333	0.5	10.220550
102.091667	0.5	10.226000
102.100000	0.5	10.235600
102.108333	0.5	10.240050
102.116667	0.5	10.240450
102.125000	0.5	10.243550
102.133333	0.5	10.247800
102.141667	0.5	10.254650
102.150000	0.5	10.259850
102.158333	0.5	10.259850
102.166667	0.5	10.267200
102.175000	0.5	10.269200
102.183333	0.5	10.279150
102.191667	0.5	10.283100
102.200000	0.5	10.285750
102.208333	0.5	10.290550
102.216667	0.5	10.297750
102.225000	0.5	10.306000
102.233333	0.5	10.311250
102.241667	0.5	10.311800
102.250000	0.5	10.322100
102.258333	0.5	10.321400
102.266667	0.5	10.337950
102.275000	0.5	10.330400
102.283333	0.5	10.348900
102.291667	0.5	10.361000
102.300000	0.5	10.364050
102.308333	0.5	10.372500
102.316667	0.5	10.374800
102.325000	0.5	10.385350
102.333333	0.5	10.385350
102.341667	0.5	10.397500
102.350000	0.5	10.406850
102.358333	0.5	10.410100
102.366667	0.5	10.413800
102.375000	0.5	10.427150
102.383333	0.5	10.430650
102.391667	0.5	10.438400
102.400000	0.5	10.442750
102.408333	0.5	10.451850
102.416667	0.5	10.450850
102.425000	0.5	10.462250
102.433333	0.5	10.462850
102.441667	0.5	10.460550
102.450000	0.5	10.465100
102.458333	0.5	10.466050
102.466667	0.5	10.464100
102.475000	0.5	10.473050
102.483333	0.5	10.477250
102.491667	0.5	10.482750
102.500000	0.5	10.481700
102.508333	0.5	10.484300
102.516667	0.5	10.476500
102.525000	0.5	10.477450
102.533333	0.5	10.479150
102.541667	0.5	10.479150
102.550000	0.5	10.474150
102.558333	0.5	10.463700
102.566667	0.5	10.468500
102.575000	0.5	10.466250
102.583333	0.5	10.458750
102.591667	0.5	10.456000
102.600000	0.5	10.458350
102.608333	0.5	10.446900
102.616667	0.5	10.438850
102.625000	0.5	10.437800
102.633333	0.5	10.427400
102.641667	0.5	10.417400
102.650000	0.5	10.419500
102.658333	0.5	10.409150
102.666667	0.5	10.400350
102.675000	0.5	10.402950
102.683333	0.5	10.384800
102.691667	0.5	10.380400
102.700000	0.5	10.373450
102.708333	0.5	10.366650
102.716667	0.5	10.355750
102.725000	0.5	10.347000
102.733333	0.5	10.344900
102.741667	0.5	10.335100
102.750000	0.5	10.321350
102.758333	0.5	10.309950
102.766667	0.5	10.303700
102.775000	0.5	10.303300
102.783333	0.5	10.288500
102.791667	0.5	10.284800
102.800000	0.5	10.273450
102.808333	0.5	10.264950
102.816667	0.5	10.255850
102.825000	0.5	10.249000
102.833333	0.5	10.243550
102.841667	0.5	10.230750
102.850000	0.5	10.220750
102.858333	0.5	10.232300
102.866667	0.5	10.226700
102.875000	0.5	10.216300
102.883333	0.5	10.207500
102.891667	0.5	10.205450
102.900000	0.5	10.203500
102.908333	0.5	10.199650
102.916667	0.5	10.197050
102.925000	0.5	10.199250
102.933333	0.5	10.192100
102.941667	0.5	10.186400
102.950000	0.5	10.188950
102.958333	0.5	10.189400
102.966667	0.5	10.186400
102.975000	0.5	10.182500
102.983333	0.5	10.187800
102.991667	0.5	10.192350
103.000000	0.5	10.182700
103.008333	0.5	10.192600
103.016667	0.5	10.188400
103.025000	0.5	10.183500
103.033333	0.5	10.183700
103.041667	0.5	10.189800
103.050000	0.5	10.183250
103.058333	0.5	10.180450
103.066667	0.5	10.181250
103.075000	0.5	10.181700
103.083333	0.5	10.185250
103.091667	0.5	10.181650
103.100000	0.5	10.179100
103.108333	0.5	10.173550
103.116667	0.5	10.176700
103.125000	0.5	10.176500
103.133333	0.5	10.169250
103.141667	0.5	10.167100
103.150000	0.5	10.158300
103.158333	0.5	10.149750
103.166667	0.5	10.145650
103.175000	0.5	10.143450
103.183333	0.5	10.146200
103.191667	0.5	10.124850
103.200000	0.5	10.128550
103.208333	0.5	10.121300
103.216667	0.5	10.109050
103.225000	0.5	10.105700
103.233333	0.5	10.102300
103.241667	0.5	10.095250
103.250000	0.5	10.083200
103.258333	0.5	10.080650
103.266667	0.5	10.075750
103.275000	0.5	10.076100
103.283333	0.5	10.059250
103.291667	0.5	10.061350
103.300000	0.5	10.060950
103.308333	0.5	10.051050
103.316667	0.5	10.049100
103.325000	0.5	10.036600
103.333333	0.5	10.034100
103.341667	0.5	10.040200
103.350000	0.5	10.023000
103.358333	0.5	10.023100
103.366667	0.5	10.016650
103.375000	0.5	10.017250
103.383333	0.5	10.017850
103.391667	0.5	10.018800
103.400000	0.5	10.012250
103.408333	0.5	10.013950
103.416667	0.5	10.018950
103.425000	0.5	10.010600
103.433333	0.5	10.015150
103.441667	0.5	10.012950
103.450000	0.5	10.009550
103.458333	0.5	10.018450
103.466667	0.5	10.004250
103.475000	0.5	10.006900
103.483333	0.5	10.005150
103.491667	0.5	10.004050
103.500000	0.5	10.003650
103.508333	0.5	10.005950
103.516667	0.5	10.008700
103.525000	0.5	10.013000
103.533333	0.5	10.014750
103.541667	0.5	10.011700
103.550000	0.5	10.024300
103.558333	0.5	10.018700
103.566667	0.5	10.021600
103.575000	0.5	10.022950
103.583333	0.5	10.020650
103.591667	0.5	10.028400
103.600000	0.5	10.029150
103.608333	0.5	10.025950
103.616667	0.5	10.028500
103.625000	0.5	10.032750
103.633333	0.5	10.030550
103.641667	0.5	10.030350
103.650000	0.5	10.038350
103.658333	0.5	10.036850
103.666667	0.5	10.030000
103.675000	0.5	10.028650
103.683333	0.5	10.031050
103.691667	0.5	10.024200
103.700000	0.5	10.029000
103.708333	0.5	10.017900
103.716667	0.5	10.023200
103.725000	0.5	10.016150
103.733333	0.5	10.014950
103.741667	0.5	10.013500
103.750000	0.5	10.010050
103.758333	0.5	10.005600
103.766667	0.5	9.999450
103.775000	0.5	9.992300
103.783333	0.5	9.992000
103.791667	0.5	9.984450
103.800000	0.5	9.977850
103.808333	0.5	9.978050
103.816667	0.5	9.968900
103.825000	0.5	9.962450
103.833333	0.5	9.957550
103.841667	0.5	9.946750
103.850000	0.5	9.944850
103.858333	0.5	9.937800
103.866667	0.5	9.930000
103.875000	0.5	9.924600
103.883333	0.5	9.930400
103.891667	0.5	9.915400
103.900000	0.5	9.909600
103.908333	0.5	9.909150
103.916667	0.5	9.898750
103.925000	0.5	9.899850
103.933333	0.5	9.897400
103.941667	0.5	9.889250
103.950000	0.5	9.880600
103.958333	0.5	9.885450
103.966667	0.5	9.876050
103.975000	0.5	9.868750
103.983333	0.5	9.873000
103.991667	0.5	9.862100
104.000000	0.5	9.857750
104.008333	0.5	9.855150
104.016667	0.5	9.858900
104.025000	0.5	9.855050
104.033333	0.5	9.853150
104.041667	0.5	9.853550
104.050000	0.5	9.848450
104.058333	0.5	9.847950
104.066667	0.5	9.846000
104.075000	0.5	9.845750
104.083333	0.5	9.840850
104.091667	0.5	9.843300
104.100000	0.5	9.840750
104.108333	0.5	9.839950
104.116667	0.5	9.841900
104.125000	0.5	9.846000
104.133333	0.5	9.834700
104.141667	0.5	9.841100
104.150000	0.5	9.840150
104.158333	0.5	9.844650
104.166667	0.5	9.838850
104.175000	0.5	9.836450
104.183333	0.5	9.835250
104.191667	0.5	9.836200
104.200000	0.5	9.840300
104.208333	0.5	9.832000
104.216667	0.5	9.838050
104.225000	0.5	9.839100
104.233333	0.5	9.827050
104.241667	0.5	9.831550
104.250000	0.5	9.830950
104.258333	0.5	9.824800
104.266667	0.5	9.826350
104.275000	0.5	9.830050
104.283333	0.5	9.828300
104.291667	0.5	9.821500
104.300000	0.5	9.823600
104.308333	0.5	9.818200
104.316667	0.5	9.820450
104.325000	0.5	9.813500
104.333333	0.5	9.812350
104.341667	0.5	9.809750
104.350000	0.5	9.803850
104.358333	0.5	9.803200
104.366667	0.5	9.807100
104.375000	0.5	9.801400
104.383333	0.5	9.803500
104.391667	0.5	9.802600
104.400000	0.5	9.807550
104.408333	0.5	9.801250
104.416667	0.5	9.797300
104.425000	0.5	9.801950
104.433333	0.5	9.802600
104.441667	0.5	9.798850
104.450000	0.5	9.796050
104.458333	0.5	9.800200
104.466667	0.5	9.809100
104.475000	0.5	9.807700
104.483333	0.5	9.801650
104.491667	0.5	9.801750
104.500000	0.5	9.804500
104.508333	0.5	9.807000
104.516667	0.5	9.806600
104.525000	0.5	9.806950
104.533333	0.5	9.812450
104.541667	0.5	9.812300
104.550000	0.5	9.821100
104.558333	0.5	9.818900
104.566667	0.5	9.818000
104.575000	0.5	9.819950
104.583333	0.5	9.826550
104.591667	0.5	9.823350
104.600000	0.5	9.818500
104.608333	0.5	9.826400
104.616667	0.5	9.824550
104.625000	0.5	9.824650
104.633333	0.5	9.828350
104.641667	0.5	9.832500
104.650000	0.5	9.831800
104.658333	0.5	9.842050
104.666667	0.5	9.840150
104.675000	0.5	9.846950
104.683333	0.5	9.841800
104.691667	0.5	9.848650
104.700000	0.5	9.853650
104.708333	0.5	9.852500
104.716667	0.5	9.855700
104.725000	0.5	9.845650
104.733333	0.5	9.852400
104.741667	0.5	9.853050
104.750000	0.5	9.854400
104.758333	0.5	9.846750
104.766667	0.5	9.848850
104.775000	0.5	9.850900
104.783333	0.5	9.846600
104.791667	0.5	9.849450
104.800000	0.5	9.846100
104.808333	0.5	9.839150
104.816667	0.5	9.839300
104.825000	0.5	9.836700
104.833333	0.5	9.843250
104.841667	0.5	9.836850
104.850000	0.5	9.828400
104.858333	0.5	9.826150
104.866667	0.5	9.828450
104.875000	0.5	9.830350
104.883333	0.5	9.828150
104.891667	0.5	9.830000
104.900000	0.5	9.823700
104.908333	0.5	9.806850
104.916667	0.5	9.812250
104.925000	0.5	9.810500
104.933333	0.5	9.814550
104.941667	0.5	9.812300
104.950000	0.5	9.805100
104.958333	0.5	9.809700
104.966667	0.5	9.811050
104.975000	0.5	9.801650
104.983333	0.5	9.802450
104.991667	0.5	9.798950
105.000000	0.5	9.793400
105.008333	0.5	9.799200
105.016667	0.5	9.796400
105.025000	0.5	9.791350
105.033333	0.5	9.798500
105.041667	0.5	9.787850
105.050000	0.5	9.789200
105.058333	0.5	9.789750
105.066667	0.5	9.789100
105.075000	0.5	9.788500
105.083333	0.5	9.792250
105.091667	0.5	9.784750
105.100000	0.5	9.786550
105.108333	0.5	9.779450
105.116667	0.5	9.790350
105.125000	0.5	9.777000
105.133333	0.5	9.779950
105.141667	0.5	9.776500
105.150000	0.5	9.782350
105.158333	0.5	9.780450
105.166667	0.5	9.773450
105.175000	0.5	9.772400
105.183333	0.5	9.764250
105.191667	0.5	9.766400
105.200000	0.5	9.760700
105.208333	0.5	9.754850
105.216667	0.5	9.756400
105.225000	0.5	9.750150
105.233333	0.5	9.754400
105.241667	0.5	9.740000
105.250000	0.5	9.743350
105.258333	0.5	9.747050
105.266667	0.5	9.739900
105.275000	0.5	9.748750
105.283333	0.5	9.744400
105.291667	0.5	9.753900
105.300000	0.5	9.735150
105.308333	0.5	9.731700
105.316667	0.5	9.726450
105.325000	0.5	9.720100
105.333333	0.5	9.720400
105.341667	0.5	9.713350
105.350000	0.5	9.715450
105.358333	0.5	9.717000
105.366667	0.5	9.709650
105.375000	0.5	9.699300
105.383333	0.5	9.695300
105.391667	0.5	9.692050
105.400000	0.5	9.691500
105.408333	0.5	9.682700
105.416667	0.5	9.681650
105.425000	0.5	9.678900
105.433333	0.5	9.681650
105.441667	0.5	9.671350
105.450000	0.5	9.671900
105.458333	0.5	9.668000
105.466667	0.5	9.675050
105.475000	0.5	9.666600
105.483333	0.5	9.664300
105.491667	0.5	9.663450
105.500000	0.5	9.660200
105.508333	0.5	9.660500
105.516667	0.5	9.662450
105.525000	0.5	9.656950
105.533333	0.5	9.664750
105.541667	0.5	9.668950
105.550000	0.5	9.664900
105.558333	0.5	9.667450
105.566667	0.5	9.668250
105.575000	0.5	9.664850
105.583333	0.5	9.672950
105.591667	0.5	9.668050
105.600000	0.5	9.673050
105.608333	0.5	9.670200
105.616667	0.5	9.676300
105.625000	0.5	9.687250
105.633333	0.5	9.680050
105.641667	0.5	9.683950
105.650000	0.5	9.689000
105.658333	0.5	9.688300
105.666667	0.5	9.688950
105.675000	0.5	9.692050
105.683333	0.5	9.688250
105.691667	0.5	9.695200
105.700000	0.5	9.695200
105.708333	0.5	9.693700
105.716667	0.5	9.690050
105.725000	0.5	9.704100
105.733333	0.5	9.694000
105.741667	0.5	9.701250
105.750000	0.5	9.696900
105.758333	0.5	9.693950
105.766667	0.5	9.693700
105.775000	0.5	9.689750
105.783333	0.5	9.691650
105.791667	0.5	9.697800
105.800000	0.5	9.699000
105.808333	0.5	9.694900
105.816667	0.5	9.697450
105.825000	0.5	9.686250
105.833333	0.5	9.690300
105.841667	0.5	9.697150
105.850000	0.5	9.692600
105.858333	0.5	9.691550
105.866667	0.5	9.697200
105.875000	0.5	9.689150
105.883333	0.5	9.696750
105.891667	0.5	9.691900
105.900000	0.5	9.685350
105.908333	0.5	9.687450
105.916667	0.5	9.694200
105.925000	0.5	9.694350
105.933333	0.5	9.693750
105.941667	0.5	9.694550
105.950000	0.5	9.699700
105.958333	0.5	9.699900
105.966667	0.5	9.706700
105.975000	0.5	9.698850
105.983333	0.5	9.699850
105.991667	0.5	9.700900
106.000000	0.5	9.709850
106.008333	0.5	9.698300
106.016667	0.5	9.716300
106.025000	0.5	9.724750
106.033333	0.5	9.718650
106.041667	0.5	9.726950
106.050000	0.5	9.714900
106.058333	0.5	9.708550
106.066667	0.5	9.707150
106.075000	0.5	9.704600
106.083333	0.5	9.710250
106.091667	0.5	9.711000
106.100000	0.5	9.709950
106.108333	0.5	9.721400
106.116667	0.5	9.721250
106.125000	0.5	9.723200
106.133333	0.5	9.712850
106.141667	0.5	9.718300
106.150000	0.5	9.723050
106.158333	0.5	9.725150
106.166667	0.5	9.721350
106.175000	0.5	9.723550
106.183333	0.5	9.728050
106.191667	0.5	9.724150
106.200000	0.5	9.729850
106.208333	0.5	9.732200
106.216667	0.5	9.732600
106.225000	0.5	9.735250
106.233333	0.5	9.732300
106.241667	0.5	9.733700
106.250000	0.5	9.730150
106.258333	0.5	9.732300
106.266667	0.5	9.733200
106.275000	0.5	9.732700
106.283333	0.5	9.738250
106.291667	0.5	9.729650
106.300000	0.5	9.728700
106.308333	0.5	9.734600
106.316667	0.5	9.738700
106.325000	0.5	9.735700
106.333333	0.5	9.735550
106.341667	0.5	9.735250
106.350000	0.5	9.736400
106.358333	0.5	9.734250
106.366667	0.5	9.729700
106.375000	0.5	9.732650
106.383333	0.5	9.729000
106.391667	0.5	9.733700
106.400000	0.5	9.738950
106.408333	0.5	9.734800
106.416667	0.5	9.732200
106.425000	0.5	9.725750
106.433333	0.5	9.721900
106.441667	0.5	9.718450
106.450000	0.5	9.723200
106.458333	0.5	9.723550
106.466667	0.5	9.720300
106.475000	0.5	9.720950
106.483333	0.5	9.722800
106.491667	0.5	9.716150
106.500000	0.5	9.720050
106.508333	0.5	9.720400
106.516667	0.5	9.724550
106.525000	0.5	9.714050
106.533333	0.5	9.717750
106.541667	0.5	9.723950
106.550000	0.5	9.718600
106.558333	0.5	9.723750
106.566667	0.5	9.727800
106.575000	0.5	9.721300
106.583333	0.5	9.724800
106.591667	0.5	9.721800
106.600000	0.5	9.727200
106.608333	0.5	9.727200
106.616667	0.5	9.725050
106.625000	0.5	9.731650
106.633333	0.5	9.726250
106.641667	0.5	9.730350
106.650000	0.5	9.729450
106.658333	0.5	9.735800
106.666667	0.5	9.729750
106.675000	0.5	9.729400
106.683333	0.5	9.736050
106.691667	0.5	9.737350
106.700000	0.5	9.727600
106.708333	0.5	9.735750
106.716667	0.5	9.733000
106.725000	0.5	9.736600
106.733333	0.5	9.738850
106.741667	0.5	9.736200
106.750000	0.5	9.735350
106.758333	0.5	9.733900
106.766667	0.5	9.737000
106.775000	0.5	9.735050
106.783333	0.5	9.729900
106.791667	0.5	9.730800
106.800000	0.5	9.737800
106.808333	0.5	9.729550
106.816667	0.5	9.725900
106.825000	0.5	9.721700
106.833333	0.5	9.724150
106.841667	0.5	9.718250
106.850000	0.5	9.715300
106.858333	0.5	9.712800
106.866667	0.5	9.714000
106.875000	0.5	9.715200
106.883333	0.5	9.708500
106.891667	0.5	9.704600
106.900000	0.5	9.699150
106.908333	0.5	9.699500
106.916667	0.5	9.699500
106.925000	0.5	9.691350
106.933333	0.5	9.692350
106.941667	0.5	9.695450
106.950000	0.5	9.694650
106.958333	0.5	9.688250
106.966667	0.5	9.692350
106.975000	0.5	9.693650
106.983333	0.5	9.701950
106.991667	0.5	9.697300
107.000000	0.5	9.682650
107.008333	0.5	9.690250
107.016667	0.5	9.693650
107.025000	0.5	9.696400
107.033333	0.5	9.694900
107.041667	0.5	9.693650
107.050000	0.5	9.699300
107.058333	0.5	9.696050
107.066667	0.5	9.708450
107.075000	0.5	9.710850
107.083333	0.5	9.703950
107.091667	0.5	9.711450
107.100000	0.5	9.707850
107.108333	0.5	9.719000
107.116667	0.5	9.721900
107.125000	0.5	9.724450
107.133333	0.5	9.728250
107.141667	0.5	9.734400
107.150000	0.5	9.729200
107.158333	0.5	9.734450
107.166667	0.5	9.744000
107.175000	0.5	9.748200
107.183333	0.5	9.746750
107.191667	0.5	9.752300
107.200000	0.5	9.755550
107.208333	0.5	9.751100
107.216667	0.5	9.767850
107.225000	0.5	9.770300
107.233333	0.5	9.777450
107.241667	0.5	9.778400
107.250000	0.5	9.783850
107.258333	0.5	9.788350
107.266667	0.5	9.791200
107.275000	0.5	9.794100
107.283333	0.5	9.802650
107.291667	0.5	9.802300
107.300000	0.5	9.808300
107.308333	0.5	9.816100
107.316667	0.5	9.816200
107.325000	0.5	9.820050
107.333333	0.5	9.829150
107.341667	0.5	9.831950
107.350000	0.5	9.839600
107.358333	0.5	9.842800
107.366667	0.5	9.847550
107.375000	0.5	9.854600
107.383333	0.5	9.856200
107.391667	0.5	9.862950
107.400000	0.5	9.874450
107.408333	0.5	9.876200
107.416667	0.5	9.881000
107.425000	0.5	9.891100
107.433333	0.5	9.888250
107.441667	0.5	9.901400
107.450000	0.5	9.908000
107.458333	0.5	9.905950
107.466667	0.5	9.911800
107.475000	0.5	9.922100
107.483333	0.5	9.925400
107.491667	0.5	9.927700
107.500000	0.5	9.934050
107.508333	0.5	9.932450
107.516667	0.5	9.936550
107.525000	0.5	9.943400
107.533333	0.5	9.942050
107.541667	0.5	9.953500
107.550000	0.5	9.954500
107.558333	0.5	9.964950
107.566667	0.5	9.961900
107.575000	0.5	9.961000
107.583333	0.5	9.973800
107.591667	0.5	9.973400
107.600000	0.5	9.973500
107.608333	0.5	9.965600
107.616667	0.5	9.969000
107.625000	0.5	9.974750
107.633333	0.5	9.975250
107.641667	0.5	9.976850
107.650000	0.5	9.977050
107.658333	0.5	9.970400
107.666667	0.5	9.972200
107.675000	0.5	9.975250
107.683333	0.5	9.971950
107.691667	0.5	9.978100
107.700000	0.5	9.968550
107.708333	0.5	9.969200
107.716667	0.5	9.968100
107.725000	0.5	9.970350
107.733333	0.5	9.967350
107.741667	0.5	9.967800
107.750000	0.5	9.963650
107.758333	0.5	9.954150
107.766667	0.5	9.960850
107.775000	0.5	9.961750
107.783333	0.5	9.950700
107.791667	0.5	9.953000
107.800000	0.5	9.946550
107.808333	0.5	9.943650
107.816667	0.5	9.948550
107.825000	0.5	9.947250
107.833333	0.5	9.949950
107.841667	0.5	9.950800
107.850000	0.5	9.941150
107.858333	0.5	9.942500
107.866667	0.5	9.943300
107.875000	0.5	9.939350
107.883333	0.5	9.941650
107.891667	0.5	9.942700
107.900000	0.5	9.943200
107.908333	0.5	9.936800
107.916667	0.5	9.939700
107.925000	0.5	9.942900
107.933333	0.5	9.943550
107.941667	0.5	9.942250
107.950000	0.5	9.942100
107.958333	0.5	9.942650
107.966667	0.5	9.950550
107.975000	0.5	9.951850
107.983333	0.5	9.953800
107.991667	0.5	9.953400
108.000000	0.5	9.955850
108.008333	0.5	9.958850
108.016667	0.5	9.964650
108.025000	0.5	9.963650
108.033333	0.5	9.974150
108.041667	0.5	9.974850
108.050000	0.5	9.975900
108.058333	0.5	9.987050
108.066667	0.5	9.985650
108.075000	0.5	9.988600
108.083333	0.5	9.992700
108.091667	0.5	9.991150
108.100000	0.5	9.999050
108.108333	0.5	10.001850
108.116667	0.5	10.003700
108.125000	0.5	10.016300
108.133333	0.5	10.010900
108.141667	0.5	10.013750
108.150000	0.5	10.016600
108.158333	0.5	10.017700
108.166667	0.5	10.017650
108.175000	0.5	10.020500
108.183333	0.5	10.022450
108.191667	0.5	10.028450
108.200000	0.5	10.021900
108.208333	0.5	10.028450
108.216667	0.5	10.032200
108.225000	0.5	10.030600
108.233333	0.5	10.038650
108.241667	0.5	10.028750
108.250000	0.5	10.031500
108.258333	0.5	10.035600
108.266667	0.5	10.030150
108.275000	0.5	10.030800
108.283333	0.5	10.028400
108.291667	0.5	10.028850
108.300000	0.5	10.026850
108.308333	0.5	10.024150
108.316667	0.5	10.020100
108.325000	0.5	10.021900
108.333333	0.5	10.021000
108.341667	0.5	10.016850
108.350000	0.5	10.008850
108.358333	0.5	10.004200
108.366667	0.5	10.002150
108.375000	0.5	9.995900
108.383333	0.5	9.988750
108.391667	0.5	9.988050
108.400000	0.5	9.985800
108.408333	0.5	9.976550
108.416667	0.5	9.975750
108.425000	0.5	9.965450
108.433333	0.5	9.956250
108.441667	0.5	9.947750
108.450000	0.5	9.939950
108.458333	0.5	9.951850
108.466667	0.5	9.939800
108.475000	0.5	9.926900
108.483333	0.5	9.928100
108.491667	0.5	9.913300
108.500000	0.5	9.914500
108.508333	0.5	9.900350
108.516667	0.5	9.896450
108.525000	0.5	9.890850
108.533333	0.5	9.889450
108.541667	0.5	9.873600
108.550000	0.5	9.869050
108.558333	0.5	9.855400
108.566667	0.5	9.857100
108.575000	0.5	9.854400
108.583333	0.5	9.837600
108.591667	0.5	9.836600
108.600000	0.5	9.827550
108.608333	0.5	9.819400
108.616667	0.5	9.809050
108.625000	0.5	9.803850
108.633333	0.5	9.786700
108.641667	0.5	9.779400
108.650000	0.5	9.767700
108.658333	0.5	9.761350
108.666667	0.5	9.756450
108.675000	0.5	9.750900
108.683333	0.5	9.739100
108.691667	0.5	9.737850
108.700000	0.5	9.723700
108.708333	0.5	9.708350
108.716667	0.5	9.700450
108.725000	0.5	9.698950
108.733333	0.5	9.683900
108.741667	0.5	9.681100
108.750000	0.5	9.675800
108.758333	0.5	9.665700
108.766667	0.5	9.666550
108.775000	0.5	9.648400
108.783333	0.5	9.638050
108.791667	0.5	9.634500
108.800000	0.5	9.636550
108.808333	0.5	9.630200
108.816667	0.5	9.625150
108.825000	0.5	9.619050
108.833333	0.5	9.626250
108.841667	0.5	9.615600
108.850000	0.5	9.616000
108.858333	0.5	9.606350
108.866667	0.5	9.606300
108.875000	0.5	9.600450
108.883333	0.5	9.600550
108.891667	0.5	9.600650
108.900000	0.5	9.592400
108.908333	0.5	9.591000
108.916667	0.5	9.582900
108.925000	0.5	9.577900
108.933333	0.5	9.572400
108.941667	0.5	9.579450
108.950000	0.5	9.568900
108.958333	0.5	9.567150
108.966667	0.5	9.563650
108.975000	0.5	9.563600
108.983333	0.5	9.554200
108.991667	0.5	9.565200
109.000000	0.5	9.560850
109.008333	0.5	9.557550
109.016667	0.5	9.560400
109.025000	0.5	9.556400
109.033333	0.5	9.549200
109.041667	0.5	9.549600
109.050000	0.5	9.543300
109.058333	0.5	9.540350
109.066667	0.5	9.538450
109.075000	0.5	9.538250
109.083333	0.5	9.545400
109.091667	0.5	9.544900
109.100000	0.5	9.539000
109.108333	0.5	9.532850
109.116667	0.5	9.540800
109.125000	0.5	9.540150
109.133333	0.5	9.536000
109.141667	0.5	9.538250
109.150000	0.5	9.535350
109.158333	0.5	9.540850
109.166667	0.5	9.538450
109.175000	0.5	9.544300
109.183333	0.5	9.536050
109.191667	0.5	9.543100
109.200000	0.5	9.546900
109.208333	0.5	9.547950
109.216667	0.5	9.550350
109.225000	0.5	9.557000
109.233333	0.5	9.559000
109.241667	0.5	9.558450
109.250000	0.5	9.557000
109.258333	0.5	9.560750
109.266667	0.5	9.568600
109.275000	0.5	9.559050
109.283333	0.5	9.567650
109.291667	0.5	9.572300
109.300000	0.5	9.572600
109.308333	0.5	9.570550
109.316667	0.5	9.577600
109.325000	0.5	9.581250
109.333333	0.5	9.580200
109.341667	0.5	9.582750
109.350000	0.5	9.582300
109.358333	0.5	9.594100
109.366667	0.5	9.591250
109.375000	0.5	9.597000
109.383333	0.5	9.603850
109.391667	0.5	9.609250
109.400000	0.5	9.616400
109.408333	0.5	9.611450
109.416667	0.5	9.617600
109.425000	0.5	9.628500
109.433333	0.5	9.621450
109.441667	0.5	9.622600
109.450000	0.5	9.629250
109.458333	0.5	9.637450
109.466667	0.5	9.644750
109.475000	0.5	9.646250
109.483333	0.5	9.654200
109.491667	0.5	9.665450
109.500000	0.5	9.662950
109.508333	0.5	9.669650
109.516667	0.5	9.674350
109.525000	0.5	9.670850
109.533333	0.5	9.678600
109.541667	0.5	9.687950
109.550000	0.5	9.697000
109.558333	0.5	9.694700
109.566667	0.5	9.703400
109.575000	0.5	9.713150
109.583333	0.5	9.714000
109.591667	0.5	9.720550
109.600000	0.5	9.729200
109.608333	0.5	9.731300
109.616667	0.5	9.736650
109.625000	0.5	9.748550
109.633333	0.5	9.743500
109.641667	0.5	9.751400
109.650000	0.5	9.758800
109.658333	0.5	9.763750
109.666667	0.5	9.757700
109.675000	0.5	9.773750
109.683333	0.5	9.779750
109.691667	0.5	9.784300
109.700000	0.5	9.785900
109.708333	0.5	9.787200
109.716667	0.5	9.793850
109.725000	0.5	9.795750
109.733333	0.5	9.800150
109.741667	0.5	9.804350
109.750000	0.5	9.806900
109.758333	0.5	9.808600
109.766667	0.5	9.815550
109.775000	0.5	9.819500
109.783333	0.5	9.828700
109.791667	0.5	9.826700
109.800000	0.5	9.828350
109.808333	0.5	9.827400
109.816667	0.5	9.834250
109.825000	0.5	9.835700
109.833333	0.5	9.849550
109.841667	0.5	9.864100
109.850000	0.5	9.864500
109.858333	0.5	9.866350
109.866667	0.5	9.862750
109.875000	0.5	9.872500
109.883333	0.5	9.869600
109.891667	0.5	9.868800
109.900000	0.5	9.874500
109.908333	0.5	9.874800
109.916667	0.5	9.872450
109.925000	0.5	9.873500
109.933333	0.5	9.872100
109.941667	0.5	9.876000
109.950000	0.5	9.876400
109.958333	0.5	9.874100
109.966667	0.5	9.874600
109.975000	0.5	9.876150
109.983333	0.5	9.875500
109.991667	0.5	9.874100
110.000000	0.5	9.880800
110.008333	0.5	9.881150
110.016667	0.5	9.875500
110.025000	0.5	9.881400
110.033333	0.5	9.885500
110.041667	0.5	9.878550
110.050000	0.5	9.872450
110.058333	0.5	9.873950
110.066667	0.5	9.877100
110.075000	0.5	9.881150
110.083333	0.5	9.874650
110.091667	0.5	9.871450
110.100000	0.5	9.879600
110.108333	0.5	9.873950
110.116667	0.5	9.866950
110.125000	0.5	9.864550
110.133333	0.5	9.863800
110.141667	0.5	9.864700
110.150000	0.5	9.861600
110.158333	0.5	9.859750
110.166667	0.5	9.860600
110.175000	0.5	9.859350
110.183333	0.5	9.855850
110.191667	0.5	9.861550
110.200000	0.5	9.851200
110.208333	0.5	9.852250
110.216667	0.5	9.849050
110.225000	0.5	9.849150
110.233333	0.5	9.848600
110.241667	0.5	9.844700
110.250000	0.5	9.836250
110.258333	0.5	9.838250
110.266667	0.5	9.838800
110.275000	0.5	9.835950
110.283333	0.5	9.835100
110.291667	0.5	9.830450
110.300000	0.5	9.834250
110.308333	0.5	9.826800
110.316667	0.5	9.824450
110.325000	0.5	9.828600
110.333333	0.5	9.824100
110.341667	0.5	9.819450
110.350000	0.5	9.822250
110.358333	0.5	9.815900
110.366667	0.5	9.811450
110.375000	0.5	9.812000
110.383333	0.5	9.808050
110.391667	0.5	9.810850
110.400000	0.5	9.803300
110.408333	0.5	9.797700
110.416667	0.5	9.806300
110.425000	0.5	9.801600
110.433333	0.5	9.787900
110.441667	0.5	9.788700
110.450000	0.5	9.794350
110.458333	0.5	9.787850
110.466667	0.5	9.788250
110.475000	0.5	9.782550
110.483333	0.5	9.777650
110.491667	0.5	9.768350
110.500000	0.5	9.767300
110.508333	0.5	9.776150
110.516667	0.5	9.765700
110.525000	0.5	9.764650
110.533333	0.5	9.762500
110.541667	0.5	9.755800
110.550000	0.5	9.754950
110.558333	0.5	9.758300
110.566667	0.5	9.741000
110.575000	0.5	9.744450
110.583333	0.5	9.739300
110.591667	0.5	9.735750
110.600000	0.5	9.732800
110.608333	0.5	9.727900
110.616667	0.5	9.727200
110.625000	0.5	9.724500
110.633333	0.5	9.720100
110.641667	0.5	9.717400
110.650000	0.5	9.712150
110.658333	0.5	9.706100
110.666667	0.5	9.704450
110.675000	0.5	9.698900
110.683333	0.5	9.697550
110.691667	0.5	9.686250
110.700000	0.5	9.685450
110.708333	0.5	9.683800
110.716667	0.5	9.683300
110.725000	0.5	9.682100
110.733333	0.5	9.679500
110.741667	0.5	9.676650
110.750000	0.5	9.669100
110.758333	0.5	9.669100
110.766667	0.5	9.670800
110.775000	0.5	9.662400
110.783333	0.5	9.658350
110.791667	0.5	9.658300
110.800000	0.5	9.660800
110.808333	0.5	9.657900
110.816667	0.5	9.656500
110.825000	0.5	9.656850
110.833333	0.5	9.653850
110.841667	0.5	9.643200
110.850000	0.5	9.651250
110.858333	0.5	9.649050
110.866667	0.5	9.642400
110.875000	0.5	9.648400
110.883333	0.5	9.639550
110.891667	0.5	9.641350
110.900000	0.5	9.641450
110.908333	0.5	9.638500
110.916667	0.5	9.639500
110.925000	0.5	9.644650
110.933333	0.5	9.639000
110.941667	0.5	9.642400
110.950000	0.5	9.650750
110.958333	0.5	9.640700
110.966667	0.5	9.635800
110.975000	0.5	9.647400
110.983333	0.5	9.651000
110.991667	0.5	9.654200
111.000000	0.5	9.640100
111.008333	0.5	9.643200
111.016667	0.5	9.649000
111.025000	0.5	9.639350
111.033333	0.5	9.646500
111.041667	0.5	9.646200
111.050000	0.5	9.647650
111.058333	0.5	9.652650
111.066667	0.5	9.646550
111.075000	0.5	9.643950
111.083333	0.5	9.654350
111.091667	0.5	9.649600
111.100000	0.5	9.648950
111.108333	0.5	9.647800
111.116667	0.5	9.650100
111.125000	0.5	9.650800
111.133333	0.5	9.646200
111.141667	0.5	9.652350
111.150000	0.5	9.656100
111.158333	0.5	9.654550
111.166667	0.5	9.659050
111.175000	0.5	9.661400
111.183333	0.5	9.659400
111.191667	0.5	9.657000
111.200000	0.5	9.670450
111.208333	0.5	9.653100
111.216667	0.5	9.659450
111.225000	0.5	9.663800
111.233333	0.5	9.663350
111.241667	0.5	9.665700
111.250000	0.5	9.665450
111.258333	0.5	9.662550
111.266667	0.5	9.667950
111.275000	0.5	9.668100
111.283333	0.5	9.670800
111.291667	0.5	9.672900
111.300000	0.5	9.664300
111.308333	0.5	9.678300
111.316667	0.5	9.685300
111.325000	0.5	9.683300
111.333333	0.5	9.679800
111.341667	0.5	9.681350
111.350000	0.5	9.686150
111.358333	0.5	9.682150
111.366667	0.5	9.696150
111.375000	0.5	9.690650
111.383333	0.5	9.694850
111.391667	0.5	9.696300
111.400000	0.5	9.703700
111.408333	0.5	9.705200
111.416667	0.5	9.711200
111.425000	0.5	9.710850
111.433333	0.5	9.709300
111.441667	0.5	9.712950
111.450000	0.5	9.706950
111.458333	0.5	9.713250
111.466667	0.5	9.720000
111.475000	0.5	9.717150
111.483333	0.5	9.721250
111.491667	0.5	9.721350
111.500000	0.5	9.722950
111.508333	0.5	9.724350
111.516667	0.5	9.715050
111.525000	0.5	9.716100
111.533333	0.5	9.726550
111.541667	0.5	9.720950
111.550000	0.5	9.728800
111.558333	0.5	9.728850
111.566667	0.5	9.731250
111.575000	0.5	9.735700
111.583333	0.5	9.736000
111.591667	0.5	9.734650
111.600000	0.5	9.733600
111.608333	0.5	9.739600
111.616667	0.5	9.735300
111.625000	0.5	9.736250
111.633333	0.5	9.740050
111.641667	0.5	9.733850
111.650000	0.5	9.734600
111.658333	0.5	9.747100
111.666667	0.5	9.747250
111.675000	0.5	9.750650
111.683333	0.5	9.749450
111.691667	0.5	9.755900
111.700000	0.5	9.759900
111.708333	0.5	9.758050
111.716667	0.5	9.767150
111.725000	0.5	9.768250
111.733333	0.5	9.768450
111.741667	0.5	9.774500
111.750000	0.5	9.769400
111.758333	0.5	9.777100
111.766667	0.5	9.779300
111.775000	0.5	9.783600
111.783333	0.5	9.790450
111.791667	0.5	9.781900
111.800000	0.5	9.785300
111.808333	0.5	9.791100
111.816667	0.5	9.791000
111.825000	0.5	9.793150
111.833333	0.5	9.795000
111.841667	0.5	9.799550
111.850000	0.5	9.790300
111.858333	0.5	9.792550
111.866667	0.5	9.802100
111.875000	0.5	9.799150
111.883333	0.5	9.802350
111.891667	0.5	9.793200
111.900000	0.5	9.792050
111.908333	0.5	9.796100
111.916667	0.5	9.795200
111.925000	0.5	9.802600
111.933333	0.5	9.795350
111.941667	0.5	9.801200
111.950000	0.5	9.810200
111.958333	0.5	9.810250
111.966667	0.5	9.802250
111.975000	0.5	9.808450
111.983333	0.5	9.810000
111.991667	0.5	9.812900
112.000000	0.5	9.817700
112.008333	0.5	9.819150
112.016667	0.5	9.823850
112.025000	0.5	9.808450
112.033333	0.5	9.826850
112.041667	0.5	9.827100
112.050000	0.5	9.835800
112.058333	0.5	9.823050
112.066667	0.5	9.824500
112.075000	0.5	9.829650
112.083333	0.5	9.833450
112.091667	0.5	9.834950
112.100000	0.5	9.844700
112.108333	0.5	9.833900
112.116667	0.5	9.847000
112.125000	0.5	9.840150
112.133333	0.5	9.843150
112.141667	0.5	9.848550
112.150000	0.5	9.847200
112.158333	0.5	9.851150
112.166667	0.5	9.856550
112.175000	0.5	9.848650
112.183333	0.5	9.854100
112.191667	0.5	9.855700
112.200000	0.5	9.852450
112.208333	0.5	9.856400
112.216667	0.5	9.854550
112.225000	0.5	9.863450
112.233333	0.5	9.871150
112.241667	0.5	9.868700
112.250000	0.5	9.861350
112.258333	0.5	9.866950
112.266667	0.5	9.867850
112.275000	0.5	9.860800
112.283333	0.5	9.868600
112.291667	0.5	9.861300
112.300000	0.5	9.862150
112.308333	0.5	9.865400
112.316667	0.5	9.863350
112.325000	0.5	9.869300
112.333333	0.5	9.871000
112.341667	0.5	9.878050
112.350000	0.5	9.877100
112.358333	0.5	9.874550
112.366667	0.5	9.877500
112.375000	0.5	9.880950
112.383333	0.5	9.882900
112.391667	0.5	9.886950
112.400000	0.5	9.882950
112.408333	0.5	9.888700
112.416667	0.5	9.884900
112.425000	0.5	9.895300
112.433333	0.5	9.890750
112.441667	0.5	9.892700
112.450000	0.5	9.902250
112.458333	0.5	9.892100
112.466667	0.5	9.890450
112.475000	0.5	9.904650
112.483333	0.5	9.906250
112.491667	0.5	9.905700
112.500000	0.5	9.900900
112.508333	0.5	9.905250
112.516667	0.5	9.902550
112.525000	0.5	9.906550
112.533333	0.5	9.906100
112.541667	0.5	9.916750
112.550000	0.5	9.912050
112.558333	0.5	9.921000
112.566667	0.5	9.916400
112.575000	0.5	9.917750
112.583333	0.5	9.913100
112.591667	0.5	9.919950
112.600000	0.5	9.915300
112.608333	0.5	9.924450
112.616667	0.5	9.923000
112.625000	0.5	9.924250
112.633333	0.5	9.923050
112.641667	0.5	9.929900
112.650000	0.5	9.938100
112.658333	0.5	9.928200
112.666667	0.5	9.932500
112.675000	0.5	9.940100
112.683333	0.5	9.937050
112.691667	0.5	9.935800
112.700000	0.5	9.936300
112.708333	0.5	9.934700
112.716667	0.5	9.935850
112.725000	0.5	9.945950
112.733333	0.5	9.946400
112.741667	0.5	9.945500
112.750000	0.5	9.944500
112.758333	0.5	9.956400
112.766667	0.5	9.953000
112.775000	0.5	9.946300
112.783333	0.5	9.955550
112.791667	0.5	9.945550
112.800000	0.5	9.960400
112.808333	0.5	9.956850
112.816667	0.5	9.962000
112.825000	0.5	9.964250
112.833333	0.5	9.977750
112.841667	0.5	9.981750
112.850000	0.5	9.984650
112.858333	0.5	9.988700
112.866667	0.5	9.988700
112.875000	0.5	9.998250
112.883333	0.5	10.001550
112.891667	0.5	10.003650
112.900000	0.5	10.014050
112.908333	0.5	10.005850
112.916667	0.5	10.028150
112.925000	0.5	10.021800
112.933333	0.5	10.031000
112.941667	0.5	10.028400
112.950000	0.5	10.034150
112.958333	0.5	10.046400
112.966667	0.5	10.041350
112.975000	0.5	10.041900
112.983333	0.5	10.048350
112.991667	0.5	10.043600
113.000000	0.5	10.055450
113.008333	0.5	10.056700
113.016667	0.5	10.062750
113.025000	0.5	10.068400
113.033333	0.5	10.068850
113.041667	0.5	10.066550
113.050000	0.5	10.065100
113.058333	0.5	10.070850
113.066667	0.5	10.066300
113.075000	0.5	10.072550
113.083333	0.5	10.066500
113.091667	0.5	10.076400
113.100000	0.5	10.076300
113.108333	0.5	10.071900
113.116667	0.5	10.083800
113.125000	0.5	10.080050
113.133333	0.5	10.087650
113.141667	0.5	10.084700
113.150000	0.5	10.087600
113.158333	0.5	10.103800
113.166667	0.5	10.085450
113.175000	0.5	10.088250
113.183333	0.5	10.093200
113.191667	0.5	10.091450
113.200000	0.5	10.088800
113.208333	0.5	10.095550
113.216667	0.5	10.095400
113.225000	0.5	10.091900
113.233333	0.5	10.094050
113.241667	0.5	10.093700
113.250000	0.5	10.096950
113.258333	0.5	10.100750
113.266667	0.5	10.095800
113.275000	0.5	10.090450
113.283333	0.5	10.093850
113.291667	0.5	10.095900
113.300000	0.5	10.081550
113.308333	0.5	10.089500
113.316667	0.5	10.087700
113.325000	0.5	10.085200
113.333333	0.5	10.087950
113.341667	0.5	10.071850
113.350000	0.5	10.077700
113.358333	0.5	10.073750
113.366667	0.5	10.065400
113.375000	0.5	10.076000
113.383333	0.5	10.064300
113.391667	0.5	10.058400
113.400000	0.5	10.061000
113.408333	0.5	10.057650
113.416667	0.5	10.051800
113.425000	0.5	10.040950
113.433333	0.5	10.030150
113.441667	0.5	10.027450
113.450000	0.5	10.022100
113.458333	0.5	10.032000
113.466667	0.5	10.022200
113.475000	0.5	10.015100
113.483333	0.5	10.015950
113.491667	0.5	10.006400
113.500000	0.5	10.005700
113.508333	0.5	10.005900
113.516667	0.5	10.004700
113.525000	0.5	9.994000
113.533333	0.5	10.002850
113.541667	0.5	9.991800
113.550000	0.5	9.990450
113.558333	0.5	9.983900
113.566667	0.5	9.987600
113.575000	0.5	9.989650
113.583333	0.5	9.981700
113.591667	0.5	9.973850
113.600000	0.5	9.971750
113.608333	0.5	9.973750
113.616667	0.5	9.968350
113.625000	0.5	9.957100
113.633333	0.5	9.960850
113.641667	0.5	9.968750
113.650000	0.5	9.952600
113.658333	0.5	9.948650
113.666667	0.5	9.952850
113.675000	0.5	9.941450
113.683333	0.5	9.939350
113.691667	0.5	9.938500
113.700000	0.5	9.937850
113.708333	0.5	9.938350
113.716667	0.5	9.931750
113.725000	0.5	9.937300
113.733333	0.5	9.924650
113.741667	0.5	9.915850
113.750000	0.5	9.925100
113.758333	0.5	9.911700
113.766667	0.5	9.905550
113.775000	0.5	9.915000
113.783333	0.5	9.903950
113.791667	0.5	9.906750
113.800000	0.5	9.906200
113.808333	0.5	9.896400
113.816667	0.5	9.902800
113.825000	0.5	9.904600
113.833333	0.5	9.896000
113.841667	0.5	9.898050
113.850000	0.5	9.890200
113.858333	0.5	9.880150
113.866667	0.5	9.886700
113.875000	0.5	9.883800
113.883333	0.5	9.882400
113.891667	0.5	9.883850
113.900000	0.5	9.892450
113.908333	0.5	9.890000
113.916667	0.5	9.882750
113.925000	0.5	9.888050
113.933333	0.5	9.892450
113.941667	0.5	9.889000
113.950000	0.5	9.884800
113.958333	0.5	9.885550
113.966667	0.5	9.876450
113.975000	0.5	9.883800
113.983333	0.5	9.870700
113.991667	0.5	9.877750
114.000000	0.5	9.877450
114.008333	0.5	9.870000
114.016667	0.5	9.877750
114.025000	0.5	9.872000
114.033333	0.5	9.872400
114.041667	0.5	9.868200
114.050000	0.5	9.868400
114.058333	0.5	9.870200
114.066667	0.5	9.863700
114.075000	0.5	9.866850
114.083333	0.5	9.864900
114.091667	0.5	9.863850
114.100000	0.5	9.864600
114.108333	0.5	9.859550
114.116667	0.5	9.861950
114.125000	0.5	9.854400
114.133333	0.5	9.853000
114.141667	0.5	9.862550
114.150000	0.5	9.864400
114.158333	0.5	9.868550
114.166667	0.5	9.859350
114.175000	0.5	9.856400
114.183333	0.5	9.850600
114.191667	0.5	9.850500
114.200000	0.5	9.853950
114.208333	0.5	9.843050
114.216667	0.5	9.841850
114.225000	0.5	9.848900
114.233333	0.5	9.849050
114.241667	0.5	9.844300
114.250000	0.5	9.852900
114.258333	0.5	9.850700
114.266667	0.5	9.838750
114.275000	0.5	9.842300
114.283333	0.5	9.845150
114.291667	0.5	9.841050
114.300000	0.5	9.840550
114.308333	0.5	9.846100
114.316667	0.5	9.835100
114.325000	0.5	9.833400
114.333333	0.5	9.831300
114.341667	0.5	9.827000
114.350000	0.5	9.823800
114.358333	0.5	9.821450
114.366667	0.5	9.828000
114.375000	0.5	9.821750
114.383333	0.5	9.811950
114.391667	0.5	9.819600
114.400000	0.5	9.822300
114.408333	0.5	9.809500
114.416667	0.5	9.812050
114.425000	0.5	9.808900
114.433333	0.5	9.809100
114.441667	0.5	9.806150
114.450000	0.5	9.799750
114.458333	0.5	9.798400
114.466667	0.5	9.795850
114.475000	0.5	9.795450
114.483333	0.5	9.792300
114.491667	0.5	9.789100
114.500000	0.5	9.788100
114.508333	0.5	9.791650
114.516667	0.5	9.777200
114.525000	0.5	9.778200
114.533333	0.5	9.774450
114.541667	0.5	9.770800
114.550000	0.5	9.778600
114.558333	0.5	9.758550
114.566667	0.5	9.766550
114.575000	0.5	9.751850
114.583333	0.5	9.750350
114.591667	0.5	9.747350
114.600000	0.5	9.743500
114.608333	0.5	9.737400
114.616667	0.5	9.736250
114.625000	0.5	9.732050
114.633333	0.5	9.731900
114.641667	0.5	9.731800
114.650000	0.5	9.722300
114.658333	0.5	9.716000
114.666667	0.5	9.715500
114.675000	0.5	9.711350
114.683333	0.5	9.706900
114.691667	0.5	9.705700
114.700000	0.5	9.692750
114.708333	0.5	9.696950
114.716667	0.5	9.688250
114.725000	0.5	9.687100
114.733333	0.5	9.675450
114.741667	0.5	9.676300
114.750000	0.5	9.665600
114.758333	0.5	9.678050
114.766667	0.5	9.651700
114.775000	0.5	9.647250
114.783333	0.5	9.650200
114.791667	0.5	9.646600
114.800000	0.5	9.643550
114.808333	0.5	9.642200
114.816667	0.5	9.638200
114.825000	0.5	9.624700
114.833333	0.5	9.627950
114.841667	0.5	9.627200
114.850000	0.5	9.620700
114.858333	0.5	9.612400
114.866667	0.5	9.605900
114.875000	0.5	9.599700
114.883333	0.5	9.597800
114.891667	0.5	9.601700
114.900000	0.5	9.594500
114.908333	0.5	9.594600
114.916667	0.5	9.603100
114.925000	0.5	9.584200
114.933333	0.5	9.578100
114.941667	0.5	9.571950
114.950000	0.5	9.565150
114.958333	0.5	9.556450
114.966667	0.5	9.557900
114.975000	0.5	9.543500
114.983333	0.5	9.545350
114.991667	0.5	9.540150
115.000000	0.5	9.543200
115.008333	0.5	9.536900
115.016667	0.5	9.541000
115.025000	0.5	9.531400
115.033333	0.5	9.529250
115.041667	0.5	9.529050
115.050000	0.5	9.528850
115.058333	0.5	9.512500
115.066667	0.5	9.511950
115.075000	0.5	9.509900
115.083333	0.5	9.516900
115.091667	0.5	9.515650
115.100000	0.5	9.511700
115.108333	0.5	9.514550
115.116667	0.5	9.513350
115.125000	0.5	9.504750
115.133333	0.5	9.490800
115.141667	0.5	9.489000
115.150000	0.5	9.486100
115.158333	0.5	9.484400
115.166667	0.5	9.476300
115.175000	0.5	9.479650
115.183333	0.5	9.485750
115.191667	0.5	9.475500
115.200000	0.5	9.469300
115.208333	0.5	9.472150
115.216667	0.5	9.470200
115.225000	0.5	9.465200
115.233333	0.5	9.466050
115.241667	0.5	9.466150
115.250000	0.5	9.462200
115.258333	0.5	9.462400
115.266667	0.5	9.456800
115.275000	0.5	9.457950
115.283333	0.5	9.463350
115.291667	0.5	9.458000
115.300000	0.5	9.451150
115.308333	0.5	9.450100
115.316667	0.5	9.442550
115.325000	0.5	9.433250
115.333333	0.5	9.442150
115.341667	0.5	9.429750
115.350000	0.5	9.439700
115.358333	0.5	9.424800
115.366667	0.5	9.426900
115.375000	0.5	9.415600
115.383333	0.5	9.419800
115.391667	0.5	9.405300
115.400000	0.5	9.395450
115.408333	0.5	9.388750
115.416667	0.5	9.392400
115.425000	0.5	9.393600
115.433333	0.5	9.382150
115.441667	0.5	9.385750
115.450000	0.5	9.370650
115.458333	0.5	9.372350
115.466667	0.5	9.379700
115.475000	0.5	9.369550
115.483333	0.5	9.378550
115.491667	0.5	9.355650
115.500000	0.5	9.355750
115.508333	0.5	9.353800
115.516667	0.5	9.352000
115.525000	0.5	9.356300
115.533333	0.5	9.358200
115.541667	0.5	9.349950
115.550000	0.5	9.342500
115.558333	0.5	9.349850
115.566667	0.5	9.334200
115.575000	0.5	9.347350
115.583333	0.5	9.349450
115.591667	0.5	9.340800
115.600000	0.5	9.337500
115.608333	0.5	9.337550
115.616667	0.5	9.344550
115.625000	0.5	9.349350
115.633333	0.5	9.338700
115.641667	0.5	9.322250
115.650000	0.5	9.328650
115.658333	0.5	9.323600
115.666667	0.5	9.322250
115.675000	0.5	9.325700
115.683333	0.5	9.328350
115.691667	0.5	9.323900
115.700000	0.5	9.319950
115.708333	0.5	9.310350
115.716667	0.5	9.309300
115.725000	0.5	9.309650
115.733333	0.5	9.306950
115.741667	0.5	9.310400
115.750000	0.5	9.301450
115.758333	0.5	9.287900
115.766667	0.5	9.299800
115.775000	0.5	9.295750
115.783333	0.5	9.295650
115.791667	0.5	9.288250
115.800000	0.5	9.284300
115.808333	0.5	9.283750
115.816667	0.5	9.285250
115.825000	0.5	9.287500
115.833333	0.5	9.278350
115.841667	0.5	9.286150
115.850000	0.5	9.282450
115.858333	0.5	9.283050
115.866667	0.5	9.272550
115.875000	0.5	9.276100
115.883333	0.5	9.278250
115.891667	0.5	9.264900
115.900000	0.5	9.278950
115.908333	0.5	9.271050
115.916667	0.5	9.271900
115.925000	0.5	9.260600
115.933333	0.5	9.262450
115.941667	0.5	9.265500
115.950000	0.5	9.268800
115.958333	0.5	9.264150
115.966667	0.5	9.252950
115.975000	0.5	9.253850
115.983333	0.5	9.264300
115.991667	0.5	9.245900
116.000000	0.5	9.248100
116.008333	0.5	9.252400
116.016667	0.5	9.242950
116.025000	0.5	9.250050
116.033333	0.5	9.244300
116.041667	0.5	9.246050
116.050000	0.5	9.247500
116.058333	0.5	9.245000
116.066667	0.5	9.247650
116.075000	0.5	9.236950
116.083333	0.5	9.229500
116.091667	0.5	9.235350
116.100000	0.5	9.230000
116.108333	0.5	9.230000
116.116667	0.5	9.236800
116.125000	0.5	9.210200
116.133333	0.5	9.217900
116.141667	0.5	9.214650
116.150000	0.5	9.226900
116.158333	0.5	9.225300
116.166667	0.5	9.217300
116.175000	0.5	9.219550
116.183333	0.5	9.212000
116.191667	0.5	9.221900
116.200000	0.5	9.217200
116.208333	0.5	9.215050
116.216667	0.5	9.216000
116.225000	0.5	9.209700
116.233333	0.5	9.217950
116.241667	0.5	9.208800
116.250000	0.5	9.214950
116.258333	0.5	9.203450
116.266667	0.5	9.208250
116.275000	0.5	9.199550
116.283333	0.5	9.209750
116.291667	0.5	9.205150
116.300000	0.5	9.203450
116.308333	0.5	9.208700
116.316667	0.5	9.196050
116.325000	0.5	9.204650
116.333333	0.5	9.197400
116.341667	0.5	9.197300
116.350000	0.5	9.193400
116.358333	0.5	9.187850
116.366667	0.5	9.190050
116.375000	0.5	9.195650
116.383333	0.5	9.186350
116.391667	0.5	9.192550
116.400000	0.5	9.186450
116.408333	0.5	9.186750
116.416667	0.5	9.184100
116.425000	0.5	9.179750
116.433333	0.5	9.175650
116.441667	0.5	9.186500
116.450000	0.5	9.179550
116.458333	0.5	9.180200
116.466667	0.5	9.180900
116.475000	0.5	9.183600
116.483333	0.5	9.179000
116.491667	0.5	9.175300
116.500000	0.5	9.175050
116.508333	0.5	9.173500
116.516667	0.5	9.178750
116.525000	0.5	9.170900
116.533333	0.5	9.171750
116.541667	0.5	9.172900
116.550000	0.5	9.180800
116.558333	0.5	9.171950
116.566667	0.5	9.177750
116.575000	0.5	9.167450
116.583333	0.5	9.173300
116.591667	0.5	9.163350
116.600000	0.5	9.169350
116.608333	0.5	9.157200
116.616667	0.5	9.163700
116.625000	0.5	9.162250
116.633333	0.5	9.150750
116.641667	0.5	9.160250
116.650000	0.5	9.150250
116.658333	0.5	9.164450
116.666667	0.5	9.161750
116.675000	0.5	9.159150
116.683333	0.5	9.145150
116.691667	0.5	9.150350
116.700000	0.5	9.155950
116.708333	0.5	9.147850
116.716667	0.5	9.151300
116.725000	0.5	9.150400
116.733333	0.5	9.159550
116.741667	0.5	9.140100
116.750000	0.5	9.142150
116.758333	0.5	9.143150
116.766667	0.5	9.144450
116.775000	0.5	9.156650
116.783333	0.5	9.145350
116.791667	0.5	9.148700
116.800000	0.5	9.145250
116.808333	0.5	9.153400
116.816667	0.5	9.141950
116.825000	0.5	9.145900
116.833333	0.5	9.148850
116.841667	0.5	9.146950
116.850000	0.5	9.142000
116.858333	0.5	9.149500
116.866667	0.5	9.143600
116.875000	0.5	9.144700
116.883333	0.5	9.132000
116.891667	0.5	9.134800
116.900000	0.5	9.135550
116.908333	0.5	9.134800
116.916667	0.5	9.130850
116.925000	0.5	9.133450
116.933333	0.5	9.131950
116.941667	0.5	9.128550
116.950000	0.5	9.133000
116.958333	0.5	9.129450
116.966667	0.5	9.130200
116.975000	0.5	9.126400
116.983333	0.5	9.127600
116.991667	0.5	9.125700
117.000000	0.5	9.122400
117.008333	0.5	9.120900
117.016667	0.5	9.124750
117.025000	0.5	9.122450
117.033333	0.5	9.120700
117.041667	0.5	9.121500
117.050000	0.5	9.121950
117.058333	0.5	9.133000
117.066667	0.5	9.116800
117.075000	0.5	9.123800
117.083333	0.5	9.118800
117.091667	0.5	9.110850
117.100000	0.5	9.113600
117.108333	0.5	9.120500
117.116667	0.5	9.116300
117.125000	0.5	9.122150
117.133333	0.5	9.120400
117.141667	0.5	9.120750
117.150000	0.5	9.106650
117.158333	0.5	9.106150
117.166667	0.5	9.106550
117.175000	0.5	9.107000
117.183333	0.5	9.107600
117.191667	0.5	9.106400
117.200000	0.5	9.106800
117.208333	0.5	9.118200
117.216667	0.5	9.101650
117.225000	0.5	9.105650
117.233333	0.5	9.091600
117.241667	0.5	9.103000
117.250000	0.5	9.091200
117.258333	0.5	9.094050
117.266667	0.5	9.089650
117.275000	0.5	9.090900
117.283333	0.5	9.089700
117.291667	0.5	9.094000
117.300000	0.5	9.087150
117.308333	0.5	9.098700
117.316667	0.5	9.094250
117.325000	0.5	9.087950
117.333333	0.5	9.092550
117.341667	0.5	9.093800
117.350000	0.5	9.087400
117.358333	0.5	9.089600
117.366667	0.5	9.083450
117.375000	0.5	9.089750
117.383333	0.5	9.089200
117.391667	0.5	9.100550
117.400000	0.5	9.090000
117.408333	0.5	9.081050
117.416667	0.5	9.096600
117.425000	0.5	9.090300
117.433333	0.5	9.088650
117.441667	0.5	9.098500
117.450000	0.5	9.100450
117.458333	0.5	9.094200
117.466667	0.5	9.094400
117.475000	0.5	9.103850
117.483333	0.5	9.092650
117.491667	0.5	9.109500
117.500000	0.5	9.113850
117.508333	0.5	9.124300
117.516667	0.5	9.122200
117.525000	0.5	9.114950
117.533333	0.5	9.131100
117.541667	0.5	9.136350
117.550000	0.5	9.136650
117.558333	0.5	9.142650
117.566667	0.5	9.157450
117.575000	0.5	9.165150
117.583333	0.5	9.167450
117.591667	0.5	9.179050
117.600000	0.5	9.192000
117.608333	0.5	9.203300
117.616667	0.5	9.204300
117.625000	0.5	9.217450
117.633333	0.5	9.224700
117.641667	0.5	9.250950
117.650000	0.5	9.251700
117.658333	0.5	9.267700
117.666667	0.5	9.286550
117.675000	0.5	9.304350
117.683333	0.5	9.324100
117.691667	0.5	9.332950
117.700000	0.5	9.354550
117.708333	0.5	9.372800
117.716667	0.5	9.401200
117.725000	0.5	9.416000
117.733333	0.5	9.413850
117.741667	0.5	9.440750
117.750000	0.5	9.470500
117.758333	0.5	9.502950
117.766667	0.5	9.523850
117.775000	0.5	9.536800
117.783333	0.5	9.560200
117.791667	0.5	9.589850
117.800000	0.5	9.616800
117.808333	0.5	9.640150
117.816667	0.5	9.665450
117.825000	0.5	9.710400
117.833333	0.5	9.731750
117.841667	0.5	9.763850
117.850000	0.5	9.800700
117.858333	0.5	9.832100
117.866667	0.5	9.860900
117.875000	0.5	9.906850
117.883333	0.5	9.940000
117.891667	0.5	9.978950
117.900000	0.5	10.013100
117.908333	0.5	10.059850
117.916667	0.5	10.112950
117.925000	0.5	10.156600
117.933333	0.5	10.195800
117.941667	0.5	10.260250
117.950000	0.5	10.323150
117.958333	0.5	10.367300
117.966667	0.5	10.431300
117.975000	0.5	10.481650
117.983333	0.5	10.540750
117.991667	0.5	10.611050
118.000000	0.5	10.681550
118.008333	0.5	10.748650
118.016667	0.5	10.811750
118.025000	0.5	10.888200
118.033333	0.5	10.952800
118.041667	0.5	11.035700
118.050000	0.5	11.121000
118.058333	0.5	11.188300
118.066667	0.5	11.276300
118.075000	0.5	11.364600
118.083333	0.5	11.437100
118.091667	0.5	11.520350
118.100000	0.5	11.600500
118.108333	0.5	11.681450
118.116667	0.5	11.767300
118.125000	0.5	11.850450
118.133333	0.5	11.936900
118.141667	0.5	12.021600
118.150000	0.5	12.109150
118.158333	0.5	12.184100
118.166667	0.5	12.255300
118.175000	0.5	12.335050
118.183333	0.5	12.417950
118.191667	0.5	12.489150
118.200000	0.5	12.565850
118.208333	0.5	12.649950
118.216667	0.5	12.712200
118.225000	0.5	12.770750
118.233333	0.5	12.845100
118.241667	0.5	12.913500
118.250000	0.5	12.986750
118.258333	0.5	13.037350
118.266667	0.5	13.107650
118.275000	0.5	13.158900
118.283333	0.5	13.222600
118.291667	0.5	13.275950
118.300000	0.5	13.327500
118.308333	0.5	13.375800
118.316667	0.5	13.410100
118.325000	0.5	13.448450
118.333333	0.5	13.486200
118.341667	0.5	13.514200
118.350000	0.5	13.538150
118.358333	0.5	13.563800
118.366667	0.5	13.588350
118.375000	0.5	13.608950
118.383333	0.5	13.629550
118.391667	0.5	13.635350
118.400000	0.5	13.659650
118.408333	0.5	13.659200
118.416667	0.5	13.662200
118.425000	0.5	13.662600
118.433333	0.5	13.658950
118.441667	0.5	13.655350
118.450000	0.5	13.655100
118.458333	0.5	13.636600
118.466667	0.5	13.617300
118.475000	0.5	13.606400
118.483333	0.5	13.586650
118.491667	0.5	13.561100
118.500000	0.5	13.540900
118.508333	0.5	13.506500
118.516667	0.5	13.482100
118.525000	0.5	13.448600
118.533333	0.5	13.397200
118.541667	0.5	13.363550
118.550000	0.5	13.310450
118.558333	0.5	13.259950
118.566667	0.5	13.196550
118.575000	0.5	13.138950
118.583333	0.5	13.079450
118.591667	0.5	12.996250
118.600000	0.5	12.934800
118.608333	0.5	12.853500
118.616667	0.5	12.768550
118.625000	0.5	12.680800
118.633333	0.5	12.601550
118.641667	0.5	12.502000
118.650000	0.5	12.416750
118.658333	0.5	12.318650
118.666667	0.5	12.226250
118.675000	0.5	12.138600
118.683333	0.5	12.044300
118.691667	0.5	11.968050
118.700000	0.5	11.885500
118.708333	0.5	11.797400
118.716667	0.5	11.735950
118.725000	0.5	11.666450
118.733333	0.5	11.597600
118.741667	0.5	11.539000
118.750000	0.5	11.486350
118.758333	0.5	11.426450
118.766667	0.5	11.378650
118.775000	0.5	11.342050
118.783333	0.5	11.310500
118.791667	0.5	11.274650
118.800000	0.5	11.251800
118.808333	0.5	11.210250
118.816667	0.5	11.187500
118.825000	0.5	11.166450
118.833333	0.5	11.139950
118.841667	0.5	11.120250
118.850000	0.5	11.099450
118.858333	0.5	11.085250
118.866667	0.5	11.066850
118.875000	0.5	11.054050
118.883333	0.5	11.024350
118.891667	0.5	11.017950
118.900000	0.5	11.004550
118.908333	0.5	10.983500
118.916667	0.5	10.965250
118.925000	0.5	10.951950
118.933333	0.5	10.934150
118.941667	0.5	10.926750
118.950000	0.5	10.907750
118.958333	0.5	10.889950
118.966667	0.5	10.884550
118.975000	0.5	10.873900
118.983333	0.5	10.873650
118.991667	0.5	10.838850
119.000000	0.5	10.825650
119.008333	0.5	10.812150
119.016667	0.5	10.799150
119.025000	0.5	10.794350
119.033333	0.5	10.766850
119.041667	0.5	10.755550
119.050000	0.5	10.733100
119.058333	0.5	10.723300
119.066667	0.5	10.692400
119.075000	0.5	10.688750
119.083333	0.5	10.672450
119.091667	0.5	10.653700
119.100000	0.5	10.643150
119.108333	0.5	10.636300
119.116667	0.5	10.618050
119.125000	0.5	10.605650
119.133333	0.5	10.586850
119.141667	0.5	10.577700
119.150000	0.5	10.558450
119.158333	0.5	10.560000
119.166667	0.5	10.548050
119.175000	0.5	10.544200
119.183333	0.5	10.526000
119.191667	0.5	10.520000
119.200000	0.5	10.498950
119.208333	0.5	10.494000
119.216667	0.5	10.483250
119.225000	0.5	10.473500
119.233333	0.5	10.457300
119.241667	0.5	10.438400
119.250000	0.5	10.434850
119.258333	0.5	10.427600
119.266667	0.5	10.421550
119.275000	0.5	10.421150
119.283333	0.5	10.416700
119.291667	0.5	10.412400
119.300000	0.5	10.409800
119.308333	0.5	10.406000
119.316667	0.5	10.403650
119.325000	0.5	10.409200
119.333333	0.5	10.411000
119.341667	0.5	10.400550
119.350000	0.5	10.409200
119.358333	0.5	10.396100
119.366667	0.5	10.389450
119.375000	0.5	10.384450
119.383333	0.5	10.386100
119.391667	0.5	10.363300
119.400000	0.5	10.355300
119.408333	0.5	10.332050
119.416667	0.5	10.317850
119.425000	0.5	10.289500
119.433333	0.5	10.284450
119.441667	0.5	10.246050
119.450000	0.5	10.236900
119.458333	0.5	10.224650
119.466667	0.5	10.203600
119.475000	0.5	10.201450
119.483333	0.5	10.184550
119.491667	0.5	10.154350
119.500000	0.5	10.155750
119.508333	0.5	10.153750
119.516667	0.5	10.142800
119.525000	0.5	10.135050
119.533333	0.5	10.132050
119.541667	0.5	10.125500
119.550000	0.5	10.131600
119.558333	0.5	10.124100
119.566667	0.5	10.129750
119.575000	0.5	10.130650
119.583333	0.5	10.143800
119.591667	0.5	10.136450
119.600000	0.5	10.145050
119.608333	0.5	10.142650
119.616667	0.5	10.144400
119.625000	0.5	10.141950
119.633333	0.5	10.148650
119.641667	0.5	10.153550
119.650000	0.5	10.150750
119.658333	0.5	10.167500
119.666667	0.5	10.168700
119.675000	0.5	10.177800
119.683333	0.5	10.193600
119.691667	0.5	10.212350
119.700000	0.5	10.224050
119.708333	0.5	10.232150
119.716667	0.5	10.255000
119.725000	0.5	10.259500
119.733333	0.5	10.283500
119.741667	0.5	10.294050
119.750000	0.5	10.306600
119.758333	0.5	10.318700
119.766667	0.5	10.339200
119.775000	0.5	10.347400
119.783333	0.5	10.364550
119.791667	0.5	10.376400
119.800000	0.5	10.385950
119.808333	0.5	10.406450
119.816667	0.5	10.418300
119.825000	0.5	10.425750
119.833333	0.5	10.423500
119.841667	0.5	10.433000
119.850000	0.5	10.438650
119.858333	0.5	10.427700
119.866667	0.5	10.417950
119.875000	0.5	10.401850
119.883333	0.5	10.405350
119.891667	0.5	10.385000
119.900000	0.5	10.371950
119.908333	0.5	10.363200
119.916667	0.5	10.346800
119.925000	0.5	10.335850
119.933333	0.5	10.321950
119.941667	0.5	10.314200
119.950000	0.5	10.311950
119.958333	0.5	10.309250
119.966667	0.5	10.300600
119.975000	0.5	10.302450
119.983333	0.5	10.295750
119.991667	0.5	10.298450
120.000000	0.5	10.291300
