URL	chrom://arspawyn4ahlab1/ChromeleonLocal/Instrument Data/ICS3000/2025_Feb 11.seq/701.smp/ED_1.channel/ED_1.chm
Channel	ED_1

Injection Information:
Data Vault	ChromeleonLocal
Sequence	2025_Feb 11
Name	15-C1 Alex
Number	29
Position	RD5
Comment	
Processing Method	Quantitative
Instrument Method	Neutral Oligosaccharides V ICS 3000
Type	Unknown
Status	Finished
Inject Time	2/14/2025 1:36:49 AM -05:00
Volume (µl)	25.0000
Dilution Factor	1.0000
Weight	1.0000

Chromatogram Data Information:
Time Min. (min)	0.000000
Time Max. (min)	120.000000
Data Points	14401
Detector	EDet1
Generating Data System	Chromeleon 7.3.0.60919
Exporting Data System	Chromeleon 7.3.0.0
Operator	Instrument Controller
Signal Quantity	
Signal Unit	nC
Signal Min.	-0.083000
Signal Max.	168.250953
Channel	ED_1
Driver Name	DC-3000
Channel Type	Evaluation
Min. Step (s)	0.5
Max. Step (s)	0.5
Average Step (s)	0.5

Signal Parameter Information:
Signal Info	

Chromatogram Data:
Time (min)	Step (s)	Value (nC)
0.000000	n.a.	0.019050
0.008333	0.5	0.018950
0.016667	0.5	0.020400
0.025000	0.5	0.016900
0.033333	0.5	0.008700
0.041667	0.5	-0.000850
0.050000	0.5	-0.005500
0.058333	0.5	-0.008550
0.066667	0.5	-0.009950
0.075000	0.5	-0.009350
0.083333	0.5	-0.009400
0.091667	0.5	-0.006300
0.100000	0.5	-0.006150
0.108333	0.5	-0.003200
0.116667	0.5	0.000450
0.125000	0.5	-0.006500
0.133333	0.5	-0.013050
0.141667	0.5	-0.017150
0.150000	0.5	-0.017850
0.158333	0.5	-0.019600
0.166667	0.5	-0.019000
0.175000	0.5	-0.017450
0.183333	0.5	-0.016400
0.191667	0.5	-0.014800
0.200000	0.5	-0.015400
0.208333	0.5	-0.009700
0.216667	0.5	-0.011150
0.225000	0.5	-0.017900
0.233333	0.5	-0.022450
0.241667	0.5	-0.024200
0.250000	0.5	-0.024200
0.258333	0.5	-0.024500
0.266667	0.5	-0.024750
0.275000	0.5	-0.024750
0.283333	0.5	-0.021300
0.291667	0.5	-0.021750
0.300000	0.5	-0.018850
0.308333	0.5	-0.015400
0.316667	0.5	-0.022150
0.325000	0.5	-0.031250
0.333333	0.5	-0.032150
0.341667	0.5	-0.033600
0.350000	0.5	-0.035450
0.358333	0.5	-0.033700
0.366667	0.5	-0.034650
0.375000	0.5	-0.034050
0.383333	0.5	-0.031800
0.391667	0.5	-0.031550
0.400000	0.5	-0.025450
0.408333	0.5	-0.029150
0.416667	0.5	-0.035600
0.425000	0.5	-0.041600
0.433333	0.5	-0.043050
0.441667	0.5	-0.044650
0.450000	0.5	-0.044850
0.458333	0.5	-0.044850
0.466667	0.5	-0.045150
0.475000	0.5	-0.042250
0.483333	0.5	-0.041150
0.491667	0.5	-0.038850
0.500000	0.5	-0.035650
0.508333	0.5	-0.040750
0.516667	0.5	-0.047300
0.525000	0.5	-0.051200
0.533333	0.5	-0.053650
0.541667	0.5	-0.053600
0.550000	0.5	-0.054300
0.558333	0.5	-0.053250
0.566667	0.5	-0.049050
0.575000	0.5	-0.046700
0.583333	0.5	-0.047250
0.591667	0.5	-0.041950
0.600000	0.5	-0.044900
0.608333	0.5	-0.052200
0.616667	0.5	-0.057800
0.625000	0.5	-0.059100
0.633333	0.5	-0.059250
0.641667	0.5	-0.060600
0.650000	0.5	-0.058000
0.658333	0.5	-0.057850
0.666667	0.5	-0.056200
0.675000	0.5	-0.055000
0.683333	0.5	-0.050250
0.691667	0.5	-0.046750
0.700000	0.5	-0.054150
0.708333	0.5	-0.059750
0.716667	0.5	-0.063600
0.725000	0.5	-0.064900
0.733333	0.5	-0.063600
0.741667	0.5	-0.063800
0.750000	0.5	-0.063350
0.758333	0.5	-0.062150
0.766667	0.5	-0.059650
0.775000	0.5	-0.057750
0.783333	0.5	-0.052200
0.791667	0.5	-0.054350
0.800000	0.5	-0.061850
0.808333	0.5	-0.065850
0.816667	0.5	-0.068700
0.825000	0.5	-0.068400
0.833333	0.5	-0.068400
0.841667	0.5	-0.066350
0.850000	0.5	-0.065650
0.858333	0.5	-0.062000
0.866667	0.5	-0.061100
0.875000	0.5	-0.057400
0.883333	0.5	-0.054100
0.891667	0.5	-0.060200
0.900000	0.5	-0.065650
0.908333	0.5	-0.068800
0.916667	0.5	-0.069000
0.925000	0.5	-0.069200
0.933333	0.5	-0.068350
0.941667	0.5	-0.067650
0.950000	0.5	-0.065900
0.958333	0.5	-0.063900
0.966667	0.5	-0.060550
0.975000	0.5	-0.056050
0.983333	0.5	-0.058600
0.991667	0.5	-0.064600
1.000000	0.5	-0.069850
1.008333	0.5	-0.070900
1.016667	0.5	-0.073350
1.025000	0.5	-0.071700
1.033333	0.5	-0.071300
1.041667	0.5	-0.070600
1.050000	0.5	-0.067800
1.058333	0.5	-0.066800
1.066667	0.5	-0.063900
1.075000	0.5	-0.060250
1.083333	0.5	-0.067100
1.091667	0.5	-0.074650
1.100000	0.5	-0.077000
1.108333	0.5	-0.077950
1.116667	0.5	-0.078800
1.125000	0.5	-0.079200
1.133333	0.5	-0.077750
1.141667	0.5	-0.074900
1.150000	0.5	-0.071650
1.158333	0.5	-0.070700
1.166667	0.5	-0.065350
1.175000	0.5	-0.066600
1.183333	0.5	-0.073400
1.191667	0.5	-0.078650
1.200000	0.5	-0.077450
1.208333	0.5	-0.079300
1.216667	0.5	-0.078050
1.225000	0.5	-0.076500
1.233333	0.5	-0.074800
1.241667	0.5	-0.071350
1.250000	0.5	-0.069750
1.258333	0.5	-0.063650
1.266667	0.5	-0.061650
1.275000	0.5	-0.068050
1.283333	0.5	-0.073200
1.291667	0.5	-0.075250
1.300000	0.5	-0.076000
1.308333	0.5	-0.076700
1.316667	0.5	-0.075100
1.325000	0.5	-0.073950
1.333333	0.5	-0.072350
1.341667	0.5	-0.070650
1.350000	0.5	-0.068650
1.358333	0.5	-0.061200
1.366667	0.5	-0.065000
1.375000	0.5	-0.071800
1.383333	0.5	-0.076300
1.391667	0.5	-0.076950
1.400000	0.5	-0.078550
1.408333	0.5	-0.080300
1.416667	0.5	-0.078500
1.425000	0.5	-0.076400
1.433333	0.5	-0.073850
1.441667	0.5	-0.072800
1.450000	0.5	-0.069800
1.458333	0.5	-0.067550
1.466667	0.5	-0.073550
1.475000	0.5	-0.080350
1.483333	0.5	-0.082050
1.491667	0.5	-0.083000
1.500000	0.5	-0.082900
1.508333	0.5	-0.080850
1.516667	0.5	-0.079550
1.525000	0.5	-0.075700
1.533333	0.5	-0.072700
1.541667	0.5	-0.072450
1.550000	0.5	-0.067550
1.558333	0.5	-0.069550
1.566667	0.5	-0.076000
1.575000	0.5	-0.081250
1.583333	0.5	-0.082300
1.591667	0.5	-0.081050
1.600000	0.5	-0.079700
1.608333	0.5	-0.077400
1.616667	0.5	-0.074600
1.625000	0.5	-0.070800
1.633333	0.5	-0.070000
1.641667	0.5	-0.063700
1.650000	0.5	-0.061550
1.658333	0.5	-0.065200
1.666667	0.5	-0.072450
1.675000	0.5	-0.067850
1.683333	0.5	-0.037550
1.691667	0.5	0.070600
1.700000	0.5	0.309850
1.708333	0.5	0.672550
1.716667	0.5	1.110950
1.725000	0.5	1.618450
1.733333	0.5	2.190800
1.741667	0.5	2.822400
1.750000	0.5	3.464500
1.758333	0.5	4.122250
1.766667	0.5	4.788950
1.775000	0.5	5.429500
1.783333	0.5	5.964300
1.791667	0.5	6.310950
1.800000	0.5	6.454500
1.808333	0.5	6.477400
1.816667	0.5	6.431750
1.825000	0.5	6.334800
1.833333	0.5	6.218350
1.841667	0.5	6.038100
1.850000	0.5	5.754900
1.858333	0.5	5.373700
1.866667	0.5	4.920100
1.875000	0.5	4.485700
1.883333	0.5	4.050550
1.891667	0.5	3.669800
1.900000	0.5	3.381700
1.908333	0.5	3.200800
1.916667	0.5	3.119150
1.925000	0.5	3.120100
1.933333	0.5	3.190250
1.941667	0.5	3.298750
1.950000	0.5	3.463000
1.958333	0.5	3.724250
1.966667	0.5	4.108400
1.975000	0.5	4.568250
1.983333	0.5	5.020900
1.991667	0.5	5.391400
2.000000	0.5	5.643400
2.008333	0.5	5.760250
2.016667	0.5	5.740750
2.025000	0.5	5.611400
2.033333	0.5	5.399100
2.041667	0.5	5.144200
2.050000	0.5	4.877350
2.058333	0.5	4.610450
2.066667	0.5	4.347300
2.075000	0.5	4.089300
2.083333	0.5	3.834950
2.091667	0.5	3.581450
2.100000	0.5	3.324000
2.108333	0.5	3.067500
2.116667	0.5	2.820050
2.125000	0.5	2.597700
2.133333	0.5	2.397850
2.141667	0.5	2.230200
2.150000	0.5	2.099100
2.158333	0.5	2.010150
2.166667	0.5	1.964300
2.175000	0.5	1.955250
2.183333	0.5	1.963000
2.191667	0.5	1.969900
2.200000	0.5	1.959800
2.208333	0.5	1.931550
2.216667	0.5	1.892350
2.225000	0.5	1.844750
2.233333	0.5	1.794050
2.241667	0.5	1.751300
2.250000	0.5	1.718600
2.258333	0.5	1.693400
2.266667	0.5	1.671350
2.275000	0.5	1.647800
2.283333	0.5	1.620750
2.291667	0.5	1.590450
2.300000	0.5	1.554050
2.308333	0.5	1.508900
2.316667	0.5	1.463500
2.325000	0.5	1.413900
2.333333	0.5	1.372100
2.341667	0.5	1.357700
2.350000	0.5	1.394600
2.358333	0.5	1.506250
2.366667	0.5	1.699000
2.375000	0.5	1.935200
2.383333	0.5	2.147500
2.391667	0.5	2.280150
2.400000	0.5	2.309000
2.408333	0.5	2.254350
2.416667	0.5	2.148850
2.425000	0.5	2.024100
2.433333	0.5	1.904850
2.441667	0.5	1.803350
2.450000	0.5	1.719950
2.458333	0.5	1.653050
2.466667	0.5	1.594800
2.475000	0.5	1.544350
2.483333	0.5	1.497350
2.491667	0.5	1.452050
2.500000	0.5	1.408150
2.508333	0.5	1.368800
2.516667	0.5	1.325850
2.525000	0.5	1.287900
2.533333	0.5	1.257200
2.541667	0.5	1.238650
2.550000	0.5	1.229300
2.558333	0.5	1.230200
2.566667	0.5	1.235550
2.575000	0.5	1.242250
2.583333	0.5	1.248000
2.591667	0.5	1.249150
2.600000	0.5	1.246250
2.608333	0.5	1.233950
2.616667	0.5	1.212300
2.625000	0.5	1.186300
2.633333	0.5	1.165550
2.641667	0.5	1.155350
2.650000	0.5	1.153250
2.658333	0.5	1.157700
2.666667	0.5	1.162750
2.675000	0.5	1.166500
2.683333	0.5	1.169250
2.691667	0.5	1.175050
2.700000	0.5	1.184950
2.708333	0.5	1.196450
2.716667	0.5	1.213300
2.725000	0.5	1.242550
2.733333	0.5	1.285200
2.741667	0.5	1.339050
2.750000	0.5	1.398650
2.758333	0.5	1.457750
2.766667	0.5	1.508500
2.775000	0.5	1.547750
2.783333	0.5	1.574400
2.791667	0.5	1.589350
2.800000	0.5	1.592400
2.808333	0.5	1.584100
2.816667	0.5	1.574750
2.825000	0.5	1.568000
2.833333	0.5	1.567300
2.841667	0.5	1.572300
2.850000	0.5	1.578200
2.858333	0.5	1.586900
2.866667	0.5	1.596750
2.875000	0.5	1.604950
2.883333	0.5	1.611100
2.891667	0.5	1.617600
2.900000	0.5	1.612700
2.908333	0.5	1.599450
2.916667	0.5	1.585450
2.925000	0.5	1.569700
2.933333	0.5	1.554300
2.941667	0.5	1.544550
2.950000	0.5	1.546100
2.958333	0.5	1.560400
2.966667	0.5	1.593000
2.975000	0.5	1.636300
2.983333	0.5	1.691750
2.991667	0.5	1.749000
3.000000	0.5	1.801650
3.008333	0.5	1.859750
3.016667	0.5	1.924550
3.025000	0.5	1.995200
3.033333	0.5	2.073400
3.041667	0.5	2.155450
3.050000	0.5	2.241600
3.058333	0.5	2.326100
3.066667	0.5	2.408350
3.075000	0.5	2.480850
3.083333	0.5	2.546050
3.091667	0.5	2.587800
3.100000	0.5	2.606700
3.108333	0.5	2.601450
3.116667	0.5	2.568650
3.125000	0.5	2.507850
3.133333	0.5	2.432650
3.141667	0.5	2.358900
3.150000	0.5	2.296600
3.158333	0.5	2.257800
3.166667	0.5	2.239650
3.175000	0.5	2.242800
3.183333	0.5	2.257350
3.191667	0.5	2.276800
3.200000	0.5	2.302250
3.208333	0.5	2.330100
3.216667	0.5	2.360050
3.225000	0.5	2.386050
3.233333	0.5	2.413100
3.241667	0.5	2.434450
3.250000	0.5	2.454400
3.258333	0.5	2.470850
3.266667	0.5	2.483850
3.275000	0.5	2.495050
3.283333	0.5	2.497500
3.291667	0.5	2.495500
3.300000	0.5	2.494650
3.308333	0.5	2.493250
3.316667	0.5	2.493300
3.325000	0.5	2.493450
3.333333	0.5	2.495500
3.341667	0.5	2.498000
3.350000	0.5	2.503250
3.358333	0.5	2.507750
3.366667	0.5	2.517300
3.375000	0.5	2.522750
3.383333	0.5	2.523850
3.391667	0.5	2.525750
3.400000	0.5	2.531650
3.408333	0.5	2.537050
3.416667	0.5	2.542050
3.425000	0.5	2.549050
3.433333	0.5	2.556450
3.441667	0.5	2.564600
3.450000	0.5	2.570600
3.458333	0.5	2.577100
3.466667	0.5	2.584700
3.475000	0.5	2.584550
3.483333	0.5	2.581100
3.491667	0.5	2.578850
3.500000	0.5	2.576100
3.508333	0.5	2.572650
3.516667	0.5	2.568250
3.525000	0.5	2.562200
3.533333	0.5	2.553400
3.541667	0.5	2.540900
3.550000	0.5	2.524150
3.558333	0.5	2.505850
3.566667	0.5	2.480700
3.575000	0.5	2.445350
3.583333	0.5	2.406850
3.591667	0.5	2.370050
3.600000	0.5	2.332150
3.608333	0.5	2.297450
3.616667	0.5	2.266850
3.625000	0.5	2.241650
3.633333	0.5	2.224200
3.641667	0.5	2.215450
3.650000	0.5	2.211800
3.658333	0.5	2.216000
3.666667	0.5	2.220500
3.675000	0.5	2.222450
3.683333	0.5	2.230700
3.691667	0.5	2.243500
3.700000	0.5	2.258550
3.708333	0.5	2.274400
3.716667	0.5	2.290850
3.725000	0.5	2.307800
3.733333	0.5	2.324050
3.741667	0.5	2.338150
3.750000	0.5	2.355350
3.758333	0.5	2.367550
3.766667	0.5	2.371650
3.775000	0.5	2.377350
3.783333	0.5	2.381550
3.791667	0.5	2.386200
3.800000	0.5	2.390700
3.808333	0.5	2.394000
3.816667	0.5	2.398650
3.825000	0.5	2.403800
3.833333	0.5	2.408900
3.841667	0.5	2.415050
3.850000	0.5	2.421000
3.858333	0.5	2.423100
3.866667	0.5	2.422150
3.875000	0.5	2.424650
3.883333	0.5	2.428850
3.891667	0.5	2.434200
3.900000	0.5	2.439500
3.908333	0.5	2.443350
3.916667	0.5	2.451050
3.925000	0.5	2.455800
3.933333	0.5	2.458800
3.941667	0.5	2.464950
3.950000	0.5	2.464350
3.958333	0.5	2.459000
3.966667	0.5	2.453750
3.975000	0.5	2.451500
3.983333	0.5	2.448900
3.991667	0.5	2.446950
4.000000	0.5	2.445500
4.008333	0.5	2.440950
4.016667	0.5	2.437650
4.025000	0.5	2.432600
4.033333	0.5	2.427550
4.041667	0.5	2.423200
4.050000	0.5	2.410950
4.058333	0.5	2.397100
4.066667	0.5	2.385500
4.075000	0.5	2.376100
4.083333	0.5	2.368150
4.091667	0.5	2.360400
4.100000	0.5	2.356200
4.108333	0.5	2.350500
4.116667	0.5	2.348600
4.125000	0.5	2.346000
4.133333	0.5	2.348900
4.141667	0.5	2.343100
4.150000	0.5	2.334700
4.158333	0.5	2.325850
4.166667	0.5	2.319950
4.175000	0.5	2.313650
4.183333	0.5	2.308450
4.191667	0.5	2.302150
4.200000	0.5	2.295150
4.208333	0.5	2.288100
4.216667	0.5	2.283300
4.225000	0.5	2.278650
4.233333	0.5	2.276750
4.241667	0.5	2.266300
4.250000	0.5	2.257700
4.258333	0.5	2.253150
4.266667	0.5	2.251400
4.275000	0.5	2.251700
4.283333	0.5	2.255050
4.291667	0.5	2.257900
4.300000	0.5	2.262500
4.308333	0.5	2.270150
4.316667	0.5	2.274400
4.325000	0.5	2.282000
4.333333	0.5	2.283750
4.341667	0.5	2.279700
4.350000	0.5	2.274800
4.358333	0.5	2.272000
4.366667	0.5	2.267750
4.375000	0.5	2.264000
4.383333	0.5	2.259300
4.391667	0.5	2.253250
4.400000	0.5	2.248750
4.408333	0.5	2.242450
4.416667	0.5	2.237600
4.425000	0.5	2.235500
4.433333	0.5	2.224200
4.441667	0.5	2.212150
4.450000	0.5	2.204400
4.458333	0.5	2.195650
4.466667	0.5	2.188800
4.475000	0.5	2.180950
4.483333	0.5	2.171100
4.491667	0.5	2.161600
4.500000	0.5	2.151100
4.508333	0.5	2.139950
4.516667	0.5	2.137800
4.525000	0.5	2.126600
4.533333	0.5	2.115600
4.541667	0.5	2.109100
4.550000	0.5	2.105500
4.558333	0.5	2.104700
4.566667	0.5	2.105250
4.575000	0.5	2.106850
4.583333	0.5	2.109650
4.591667	0.5	2.110300
4.600000	0.5	2.112450
4.608333	0.5	2.116450
4.616667	0.5	2.116250
4.625000	0.5	2.113050
4.633333	0.5	2.108950
4.641667	0.5	2.109900
4.650000	0.5	2.110950
4.658333	0.5	2.114700
4.666667	0.5	2.121700
4.675000	0.5	2.128650
4.683333	0.5	2.136600
4.691667	0.5	2.148950
4.700000	0.5	2.160950
4.708333	0.5	2.175000
4.716667	0.5	2.181300
4.725000	0.5	2.184400
4.733333	0.5	2.187550
4.741667	0.5	2.191550
4.750000	0.5	2.192650
4.758333	0.5	2.194300
4.766667	0.5	2.193600
4.775000	0.5	2.191850
4.783333	0.5	2.190100
4.791667	0.5	2.185350
4.800000	0.5	2.185300
4.808333	0.5	2.177100
4.816667	0.5	2.162300
4.825000	0.5	2.148000
4.833333	0.5	2.138450
4.841667	0.5	2.127100
4.850000	0.5	2.119850
4.858333	0.5	2.112850
4.866667	0.5	2.106650
4.875000	0.5	2.099500
4.883333	0.5	2.094700
4.891667	0.5	2.090050
4.900000	0.5	2.088150
4.908333	0.5	2.080400
4.916667	0.5	2.071000
4.925000	0.5	2.063500
4.933333	0.5	2.058450
4.941667	0.5	2.054550
4.950000	0.5	2.050400
4.958333	0.5	2.050200
4.966667	0.5	2.048300
4.975000	0.5	2.049200
4.983333	0.5	2.049700
4.991667	0.5	2.050950
5.000000	0.5	2.055000
5.008333	0.5	2.047950
5.016667	0.5	2.040800
5.025000	0.5	2.039400
5.033333	0.5	2.036950
5.041667	0.5	2.036050
5.050000	0.5	2.037050
5.058333	0.5	2.037100
5.066667	0.5	2.038350
5.075000	0.5	2.040700
5.083333	0.5	2.042300
5.091667	0.5	2.046400
5.100000	0.5	2.043800
5.108333	0.5	2.038000
5.116667	0.5	2.034850
5.125000	0.5	2.035350
5.133333	0.5	2.035750
5.141667	0.5	2.037500
5.150000	0.5	2.037350
5.158333	0.5	2.039900
5.166667	0.5	2.043800
5.175000	0.5	2.046800
5.183333	0.5	2.051100
5.191667	0.5	2.056250
5.200000	0.5	2.052150
5.208333	0.5	2.047550
5.216667	0.5	2.047400
5.225000	0.5	2.047000
5.233333	0.5	2.047450
5.241667	0.5	2.048700
5.250000	0.5	2.051000
5.258333	0.5	2.053300
5.266667	0.5	2.055000
5.275000	0.5	2.055250
5.283333	0.5	2.060800
5.291667	0.5	2.056950
5.300000	0.5	2.051700
5.308333	0.5	2.046800
5.316667	0.5	2.047050
5.325000	0.5	2.046600
5.333333	0.5	2.045400
5.341667	0.5	2.047750
5.350000	0.5	2.048500
5.358333	0.5	2.050450
5.366667	0.5	2.053500
5.375000	0.5	2.059350
5.383333	0.5	2.061900
5.391667	0.5	2.057200
5.400000	0.5	2.053150
5.408333	0.5	2.053750
5.416667	0.5	2.055300
5.425000	0.5	2.055300
5.433333	0.5	2.057100
5.441667	0.5	2.061300
5.450000	0.5	2.064750
5.458333	0.5	2.069000
5.466667	0.5	2.071900
5.475000	0.5	2.079750
5.483333	0.5	2.078850
5.491667	0.5	2.074800
5.500000	0.5	2.072150
5.508333	0.5	2.072450
5.516667	0.5	2.073900
5.525000	0.5	2.078150
5.533333	0.5	2.083650
5.541667	0.5	2.085350
5.550000	0.5	2.089900
5.558333	0.5	2.093650
5.566667	0.5	2.102050
5.575000	0.5	2.106250
5.583333	0.5	2.105450
5.591667	0.5	2.103650
5.600000	0.5	2.107100
5.608333	0.5	2.110900
5.616667	0.5	2.114350
5.625000	0.5	2.118100
5.633333	0.5	2.123550
5.641667	0.5	2.129300
5.650000	0.5	2.134500
5.658333	0.5	2.140100
5.666667	0.5	2.147000
5.675000	0.5	2.145150
5.683333	0.5	2.143250
5.691667	0.5	2.140850
5.700000	0.5	2.141300
5.708333	0.5	2.144100
5.716667	0.5	2.146150
5.725000	0.5	2.148450
5.733333	0.5	2.153450
5.741667	0.5	2.157400
5.750000	0.5	2.160850
5.758333	0.5	2.165950
5.766667	0.5	2.169650
5.775000	0.5	2.165300
5.783333	0.5	2.161400
5.791667	0.5	2.163100
5.800000	0.5	2.165350
5.808333	0.5	2.168000
5.816667	0.5	2.171600
5.825000	0.5	2.175400
5.833333	0.5	2.180150
5.841667	0.5	2.185950
5.850000	0.5	2.191000
5.858333	0.5	2.198800
5.866667	0.5	2.200300
5.875000	0.5	2.199650
5.883333	0.5	2.200300
5.891667	0.5	2.203400
5.900000	0.5	2.207850
5.908333	0.5	2.214550
5.916667	0.5	2.221800
5.925000	0.5	2.227300
5.933333	0.5	2.236450
5.941667	0.5	2.242850
5.950000	0.5	2.251550
5.958333	0.5	2.258500
5.966667	0.5	2.258200
5.975000	0.5	2.258600
5.983333	0.5	2.262100
5.991667	0.5	2.266150
6.000000	0.5	2.271600
6.008333	0.5	2.275600
6.016667	0.5	2.281300
6.025000	0.5	2.286300
6.033333	0.5	2.294050
6.041667	0.5	2.297800
6.050000	0.5	2.305550
6.058333	0.5	2.306950
6.066667	0.5	2.304500
6.075000	0.5	2.304550
6.083333	0.5	2.306750
6.091667	0.5	2.310500
6.100000	0.5	2.315400
6.108333	0.5	2.321100
6.116667	0.5	2.325900
6.125000	0.5	2.331400
6.133333	0.5	2.337250
6.141667	0.5	2.344950
6.150000	0.5	2.352550
6.158333	0.5	2.352200
6.166667	0.5	2.349950
6.175000	0.5	2.354300
6.183333	0.5	2.357450
6.191667	0.5	2.362100
6.200000	0.5	2.367550
6.208333	0.5	2.370700
6.216667	0.5	2.375750
6.225000	0.5	2.381950
6.233333	0.5	2.387050
6.241667	0.5	2.393550
6.250000	0.5	2.392800
6.258333	0.5	2.389550
6.266667	0.5	2.388850
6.275000	0.5	2.390200
6.283333	0.5	2.391550
6.291667	0.5	2.394250
6.300000	0.5	2.398550
6.308333	0.5	2.403550
6.316667	0.5	2.408750
6.325000	0.5	2.413600
6.333333	0.5	2.421350
6.341667	0.5	2.426900
6.350000	0.5	2.427200
6.358333	0.5	2.426750
6.366667	0.5	2.428950
6.375000	0.5	2.432800
6.383333	0.5	2.436600
6.391667	0.5	2.443000
6.400000	0.5	2.448500
6.408333	0.5	2.453300
6.416667	0.5	2.458700
6.425000	0.5	2.465400
6.433333	0.5	2.473900
6.441667	0.5	2.474450
6.450000	0.5	2.471250
6.458333	0.5	2.472750
6.466667	0.5	2.476700
6.475000	0.5	2.481900
6.483333	0.5	2.486200
6.491667	0.5	2.492900
6.500000	0.5	2.498500
6.508333	0.5	2.504350
6.516667	0.5	2.510500
6.525000	0.5	2.520100
6.533333	0.5	2.526500
6.541667	0.5	2.525200
6.550000	0.5	2.525200
6.558333	0.5	2.530250
6.566667	0.5	2.533400
6.575000	0.5	2.538200
6.583333	0.5	2.543050
6.591667	0.5	2.549600
6.600000	0.5	2.556750
6.608333	0.5	2.561200
6.616667	0.5	2.568200
6.625000	0.5	2.576300
6.633333	0.5	2.576750
6.641667	0.5	2.576100
6.650000	0.5	2.576650
6.658333	0.5	2.579950
6.666667	0.5	2.583600
6.675000	0.5	2.588900
6.683333	0.5	2.594250
6.691667	0.5	2.599550
6.700000	0.5	2.606600
6.708333	0.5	2.611700
6.716667	0.5	2.621600
6.725000	0.5	2.626350
6.733333	0.5	2.626150
6.741667	0.5	2.627000
6.750000	0.5	2.630350
6.758333	0.5	2.633600
6.766667	0.5	2.639500
6.775000	0.5	2.646100
6.783333	0.5	2.653900
6.791667	0.5	2.661550
6.800000	0.5	2.669100
6.808333	0.5	2.676650
6.816667	0.5	2.687950
6.825000	0.5	2.688800
6.833333	0.5	2.689100
6.841667	0.5	2.692450
6.850000	0.5	2.699100
6.858333	0.5	2.705250
6.866667	0.5	2.708800
6.875000	0.5	2.716350
6.883333	0.5	2.724200
6.891667	0.5	2.729400
6.900000	0.5	2.735950
6.908333	0.5	2.744700
6.916667	0.5	2.749450
6.925000	0.5	2.750250
6.933333	0.5	2.748450
6.941667	0.5	2.750200
6.950000	0.5	2.752800
6.958333	0.5	2.756100
6.966667	0.5	2.759000
6.975000	0.5	2.765050
6.983333	0.5	2.768900
6.991667	0.5	2.774100
7.000000	0.5	2.779800
7.008333	0.5	2.790500
7.016667	0.5	2.791550
7.025000	0.5	2.791250
7.033333	0.5	2.793700
7.041667	0.5	2.800650
7.050000	0.5	2.808500
7.058333	0.5	2.815550
7.066667	0.5	2.825900
7.075000	0.5	2.832800
7.083333	0.5	2.843950
7.091667	0.5	2.854500
7.100000	0.5	2.867500
7.108333	0.5	2.877150
7.116667	0.5	2.880800
7.125000	0.5	2.883300
7.133333	0.5	2.890800
7.141667	0.5	2.894300
7.150000	0.5	2.901300
7.158333	0.5	2.906950
7.166667	0.5	2.911900
7.175000	0.5	2.916250
7.183333	0.5	2.918100
7.191667	0.5	2.918950
7.200000	0.5	2.920600
7.208333	0.5	2.913650
7.216667	0.5	2.903650
7.225000	0.5	2.895000
7.233333	0.5	2.887650
7.241667	0.5	2.880250
7.250000	0.5	2.875450
7.258333	0.5	2.871050
7.266667	0.5	2.866750
7.275000	0.5	2.864900
7.283333	0.5	2.863650
7.291667	0.5	2.866900
7.300000	0.5	2.868850
7.308333	0.5	2.867300
7.316667	0.5	2.865800
7.325000	0.5	2.872350
7.333333	0.5	2.880100
7.341667	0.5	2.890100
7.350000	0.5	2.899350
7.358333	0.5	2.909650
7.366667	0.5	2.921100
7.375000	0.5	2.935850
7.383333	0.5	2.954300
7.391667	0.5	2.972650
7.400000	0.5	2.983250
7.408333	0.5	2.995600
7.416667	0.5	3.007900
7.425000	0.5	3.022750
7.433333	0.5	3.037000
7.441667	0.5	3.052050
7.450000	0.5	3.068050
7.458333	0.5	3.083000
7.466667	0.5	3.098400
7.475000	0.5	3.112850
7.483333	0.5	3.131350
7.491667	0.5	3.145050
7.500000	0.5	3.156150
7.508333	0.5	3.167550
7.516667	0.5	3.182850
7.525000	0.5	3.200400
7.533333	0.5	3.218650
7.541667	0.5	3.235600
7.550000	0.5	3.253700
7.558333	0.5	3.271500
7.566667	0.5	3.288750
7.575000	0.5	3.302600
7.583333	0.5	3.319850
7.591667	0.5	3.328950
7.600000	0.5	3.335800
7.608333	0.5	3.345600
7.616667	0.5	3.355700
7.625000	0.5	3.365450
7.633333	0.5	3.375050
7.641667	0.5	3.386300
7.650000	0.5	3.397300
7.658333	0.5	3.409950
7.666667	0.5	3.419800
7.675000	0.5	3.436000
7.683333	0.5	3.446650
7.691667	0.5	3.453900
7.700000	0.5	3.459300
7.708333	0.5	3.470900
7.716667	0.5	3.482550
7.725000	0.5	3.494800
7.733333	0.5	3.509400
7.741667	0.5	3.523950
7.750000	0.5	3.540400
7.758333	0.5	3.555850
7.766667	0.5	3.570050
7.775000	0.5	3.590850
7.783333	0.5	3.603350
7.791667	0.5	3.612650
7.800000	0.5	3.625600
7.808333	0.5	3.640750
7.816667	0.5	3.657050
7.825000	0.5	3.672650
7.833333	0.5	3.689900
7.841667	0.5	3.703650
7.850000	0.5	3.719550
7.858333	0.5	3.735000
7.866667	0.5	3.752800
7.875000	0.5	3.766050
7.883333	0.5	3.773650
7.891667	0.5	3.781350
7.900000	0.5	3.790750
7.908333	0.5	3.802050
7.916667	0.5	3.813300
7.925000	0.5	3.821650
7.933333	0.5	3.834450
7.941667	0.5	3.848300
7.950000	0.5	3.857700
7.958333	0.5	3.870400
7.966667	0.5	3.885350
7.975000	0.5	3.894650
7.983333	0.5	3.904100
7.991667	0.5	3.914150
8.000000	0.5	3.926100
8.008333	0.5	3.940400
8.016667	0.5	3.956150
8.025000	0.5	3.971950
8.033333	0.5	3.986200
8.041667	0.5	4.004700
8.050000	0.5	4.022450
8.058333	0.5	4.043050
8.066667	0.5	4.058700
8.075000	0.5	4.073050
8.083333	0.5	4.085700
8.091667	0.5	4.102450
8.100000	0.5	4.118100
8.108333	0.5	4.135700
8.116667	0.5	4.153800
8.125000	0.5	4.172150
8.133333	0.5	4.192400
8.141667	0.5	4.211600
8.150000	0.5	4.231950
8.158333	0.5	4.251650
8.166667	0.5	4.267850
8.175000	0.5	4.279700
8.183333	0.5	4.296300
8.191667	0.5	4.313750
8.200000	0.5	4.330000
8.208333	0.5	4.350800
8.216667	0.5	4.369400
8.225000	0.5	4.390600
8.233333	0.5	4.410800
8.241667	0.5	4.429450
8.250000	0.5	4.450450
8.258333	0.5	4.470400
8.266667	0.5	4.485800
8.275000	0.5	4.501200
8.283333	0.5	4.518100
8.291667	0.5	4.536600
8.300000	0.5	4.555100
8.308333	0.5	4.574900
8.316667	0.5	4.595200
8.325000	0.5	4.615600
8.333333	0.5	4.637850
8.341667	0.5	4.659900
8.350000	0.5	4.681400
8.358333	0.5	4.697900
8.366667	0.5	4.712300
8.375000	0.5	4.729700
8.383333	0.5	4.748650
8.391667	0.5	4.768250
8.400000	0.5	4.789650
8.408333	0.5	4.810800
8.416667	0.5	4.830050
8.425000	0.5	4.852000
8.433333	0.5	4.875650
8.441667	0.5	4.898450
8.450000	0.5	4.921350
8.458333	0.5	4.939550
8.466667	0.5	4.958650
8.475000	0.5	4.980900
8.483333	0.5	5.005800
8.491667	0.5	5.029600
8.500000	0.5	5.056700
8.508333	0.5	5.084200
8.516667	0.5	5.113400
8.525000	0.5	5.143000
8.533333	0.5	5.173600
8.541667	0.5	5.207150
8.550000	0.5	5.235750
8.558333	0.5	5.263800
8.566667	0.5	5.296250
8.575000	0.5	5.331600
8.583333	0.5	5.364350
8.591667	0.5	5.402700
8.600000	0.5	5.444950
8.608333	0.5	5.483750
8.616667	0.5	5.526950
8.625000	0.5	5.570750
8.633333	0.5	5.617950
8.641667	0.5	5.663600
8.650000	0.5	5.707100
8.658333	0.5	5.750750
8.666667	0.5	5.798800
8.675000	0.5	5.846750
8.683333	0.5	5.898400
8.691667	0.5	5.951000
8.700000	0.5	6.001350
8.708333	0.5	6.056250
8.716667	0.5	6.108700
8.725000	0.5	6.163800
8.733333	0.5	6.219500
8.741667	0.5	6.268450
8.750000	0.5	6.317600
8.758333	0.5	6.367250
8.766667	0.5	6.418850
8.775000	0.5	6.469050
8.783333	0.5	6.518600
8.791667	0.5	6.568250
8.800000	0.5	6.614800
8.808333	0.5	6.661750
8.816667	0.5	6.708150
8.825000	0.5	6.754150
8.833333	0.5	6.798250
8.841667	0.5	6.835350
8.850000	0.5	6.871600
8.858333	0.5	6.908150
8.866667	0.5	6.942850
8.875000	0.5	6.977650
8.883333	0.5	7.011100
8.891667	0.5	7.041300
8.900000	0.5	7.069400
8.908333	0.5	7.096400
8.916667	0.5	7.119750
8.925000	0.5	7.145400
8.933333	0.5	7.162500
8.941667	0.5	7.172500
8.950000	0.5	7.183600
8.958333	0.5	7.194150
8.966667	0.5	7.201400
8.975000	0.5	7.206300
8.983333	0.5	7.209400
8.991667	0.5	7.210600
9.000000	0.5	7.208850
9.008333	0.5	7.204800
9.016667	0.5	7.199650
9.025000	0.5	7.189650
9.033333	0.5	7.173500
9.041667	0.5	7.155300
9.050000	0.5	7.138000
9.058333	0.5	7.117500
9.066667	0.5	7.098200
9.075000	0.5	7.078700
9.083333	0.5	7.056500
9.091667	0.5	7.036550
9.100000	0.5	7.018350
9.108333	0.5	6.999900
9.116667	0.5	6.985300
9.125000	0.5	6.967300
9.133333	0.5	6.950700
9.141667	0.5	6.936550
9.150000	0.5	6.928050
9.158333	0.5	6.922600
9.166667	0.5	6.921450
9.175000	0.5	6.922350
9.183333	0.5	6.927600
9.191667	0.5	6.935800
9.200000	0.5	6.948800
9.208333	0.5	6.962600
9.216667	0.5	6.980050
9.225000	0.5	6.996850
9.233333	0.5	7.015200
9.241667	0.5	7.035450
9.250000	0.5	7.060250
9.258333	0.5	7.086400
9.266667	0.5	7.111850
9.275000	0.5	7.141500
9.283333	0.5	7.171700
9.291667	0.5	7.202600
9.300000	0.5	7.231900
9.308333	0.5	7.263250
9.316667	0.5	7.292050
9.325000	0.5	7.316050
9.333333	0.5	7.344700
9.341667	0.5	7.371150
9.350000	0.5	7.399450
9.358333	0.5	7.426800
9.366667	0.5	7.454200
9.375000	0.5	7.483550
9.383333	0.5	7.511950
9.391667	0.5	7.541450
9.400000	0.5	7.569400
9.408333	0.5	7.597800
9.416667	0.5	7.623050
9.425000	0.5	7.647700
9.433333	0.5	7.675250
9.441667	0.5	7.702550
9.450000	0.5	7.731450
9.458333	0.5	7.758750
9.466667	0.5	7.785600
9.475000	0.5	7.814500
9.483333	0.5	7.839500
9.491667	0.5	7.864900
9.500000	0.5	7.892850
9.508333	0.5	7.915500
9.516667	0.5	7.937350
9.525000	0.5	7.957100
9.533333	0.5	7.976550
9.541667	0.5	7.993750
9.550000	0.5	8.014050
9.558333	0.5	8.033750
9.566667	0.5	8.051050
9.575000	0.5	8.069550
9.583333	0.5	8.087000
9.591667	0.5	8.106500
9.600000	0.5	8.126150
9.608333	0.5	8.143300
9.616667	0.5	8.161400
9.625000	0.5	8.179800
9.633333	0.5	8.199850
9.641667	0.5	8.222100
9.650000	0.5	8.247250
9.658333	0.5	8.270850
9.666667	0.5	8.296950
9.675000	0.5	8.326300
9.683333	0.5	8.355550
9.691667	0.5	8.390400
9.700000	0.5	8.421000
9.708333	0.5	8.453000
9.716667	0.5	8.484850
9.725000	0.5	8.518450
9.733333	0.5	8.554350
9.741667	0.5	8.593350
9.750000	0.5	8.630450
9.758333	0.5	8.669250
9.766667	0.5	8.709550
9.775000	0.5	8.749000
9.783333	0.5	8.789650
9.791667	0.5	8.831150
9.800000	0.5	8.870150
9.808333	0.5	8.908300
9.816667	0.5	8.948550
9.825000	0.5	8.988700
9.833333	0.5	9.030200
9.841667	0.5	9.069300
9.850000	0.5	9.108800
9.858333	0.5	9.150350
9.866667	0.5	9.191300
9.875000	0.5	9.229950
9.883333	0.5	9.273150
9.891667	0.5	9.313150
9.900000	0.5	9.349750
9.908333	0.5	9.384600
9.916667	0.5	9.422400
9.925000	0.5	9.457650
9.933333	0.5	9.496150
9.941667	0.5	9.532900
9.950000	0.5	9.569400
9.958333	0.5	9.605000
9.966667	0.5	9.641500
9.975000	0.5	9.677300
9.983333	0.5	9.715150
9.991667	0.5	9.749000
10.000000	0.5	9.781550
10.008333	0.5	9.817950
10.016667	0.5	9.852200
10.025000	0.5	9.885850
10.033333	0.5	9.921400
10.041667	0.5	9.956850
10.050000	0.5	9.990150
10.058333	0.5	10.027600
10.066667	0.5	10.059000
10.075000	0.5	10.096950
10.083333	0.5	10.128750
10.091667	0.5	10.158900
10.100000	0.5	10.186800
10.108333	0.5	10.212550
10.116667	0.5	10.237400
10.125000	0.5	10.257450
10.133333	0.5	10.276850
10.141667	0.5	10.292400
10.150000	0.5	10.304450
10.158333	0.5	10.313550
10.166667	0.5	10.319150
10.175000	0.5	10.327850
10.183333	0.5	10.328050
10.191667	0.5	10.327000
10.200000	0.5	10.327500
10.208333	0.5	10.328800
10.216667	0.5	10.330900
10.225000	0.5	10.336800
10.233333	0.5	10.342550
10.241667	0.5	10.353550
10.250000	0.5	10.367350
10.258333	0.5	10.382800
10.266667	0.5	10.406450
10.275000	0.5	10.430200
10.283333	0.5	10.456700
10.291667	0.5	10.484950
10.300000	0.5	10.516800
10.308333	0.5	10.550850
10.316667	0.5	10.588350
10.325000	0.5	10.627950
10.333333	0.5	10.667250
10.341667	0.5	10.709050
10.350000	0.5	10.753200
10.358333	0.5	10.797800
10.366667	0.5	10.845700
10.375000	0.5	10.887800
10.383333	0.5	10.931550
10.391667	0.5	10.974950
10.400000	0.5	11.017300
10.408333	0.5	11.061600
10.416667	0.5	11.106450
10.425000	0.5	11.151400
10.433333	0.5	11.194450
10.441667	0.5	11.242250
10.450000	0.5	11.282700
10.458333	0.5	11.333450
10.466667	0.5	11.376200
10.475000	0.5	11.416300
10.483333	0.5	11.453800
10.491667	0.5	11.488050
10.500000	0.5	11.516600
10.508333	0.5	11.537850
10.516667	0.5	11.552400
10.525000	0.5	11.558000
10.533333	0.5	11.554500
10.541667	0.5	11.539750
10.550000	0.5	11.512150
10.558333	0.5	11.479250
10.566667	0.5	11.435750
10.575000	0.5	11.378400
10.583333	0.5	11.313150
10.591667	0.5	11.245350
10.600000	0.5	11.173350
10.608333	0.5	11.096800
10.616667	0.5	11.021950
10.625000	0.5	10.946000
10.633333	0.5	10.875100
10.641667	0.5	10.800450
10.650000	0.5	10.736600
10.658333	0.5	10.673000
10.666667	0.5	10.610000
10.675000	0.5	10.549650
10.683333	0.5	10.494150
10.691667	0.5	10.443900
10.700000	0.5	10.398750
10.708333	0.5	10.359700
10.716667	0.5	10.325550
10.725000	0.5	10.297900
10.733333	0.5	10.275800
10.741667	0.5	10.259150
10.750000	0.5	10.251550
10.758333	0.5	10.246400
10.766667	0.5	10.245100
10.775000	0.5	10.251850
10.783333	0.5	10.263050
10.791667	0.5	10.283000
10.800000	0.5	10.308050
10.808333	0.5	10.338400
10.816667	0.5	10.371750
10.825000	0.5	10.411950
10.833333	0.5	10.450150
10.841667	0.5	10.497600
10.850000	0.5	10.541350
10.858333	0.5	10.582700
10.866667	0.5	10.621800
10.875000	0.5	10.655000
10.883333	0.5	10.683900
10.891667	0.5	10.708550
10.900000	0.5	10.724150
10.908333	0.5	10.734400
10.916667	0.5	10.738300
10.925000	0.5	10.737150
10.933333	0.5	10.727450
10.941667	0.5	10.720550
10.950000	0.5	10.703500
10.958333	0.5	10.683550
10.966667	0.5	10.662200
10.975000	0.5	10.637000
10.983333	0.5	10.616200
10.991667	0.5	10.592900
11.000000	0.5	10.570250
11.008333	0.5	10.549900
11.016667	0.5	10.530400
11.025000	0.5	10.510100
11.033333	0.5	10.501300
11.041667	0.5	10.499700
11.050000	0.5	10.515250
11.058333	0.5	10.555050
11.066667	0.5	10.630350
11.075000	0.5	10.739850
11.083333	0.5	10.878100
11.091667	0.5	11.028850
11.100000	0.5	11.172150
11.108333	0.5	11.300450
11.116667	0.5	11.406700
11.125000	0.5	11.492750
11.133333	0.5	11.565550
11.141667	0.5	11.625550
11.150000	0.5	11.680050
11.158333	0.5	11.737400
11.166667	0.5	11.792900
11.175000	0.5	11.855500
11.183333	0.5	11.921700
11.191667	0.5	11.995750
11.200000	0.5	12.075100
11.208333	0.5	12.164300
11.216667	0.5	12.259750
11.225000	0.5	12.372000
11.233333	0.5	12.490450
11.241667	0.5	12.615700
11.250000	0.5	12.751350
11.258333	0.5	12.898150
11.266667	0.5	13.056100
11.275000	0.5	13.225650
11.283333	0.5	13.417650
11.291667	0.5	13.628950
11.300000	0.5	13.873650
11.308333	0.5	14.162400
11.316667	0.5	14.508050
11.325000	0.5	14.926950
11.333333	0.5	15.418450
11.341667	0.5	15.991300
11.350000	0.5	16.644550
11.358333	0.5	17.372650
11.366667	0.5	18.159150
11.375000	0.5	18.987550
11.383333	0.5	19.834750
11.391667	0.5	20.682300
11.400000	0.5	21.511100
11.408333	0.5	22.281200
11.416667	0.5	23.018000
11.425000	0.5	23.691950
11.433333	0.5	24.297400
11.441667	0.5	24.840150
11.450000	0.5	25.331100
11.458333	0.5	25.774400
11.466667	0.5	26.177850
11.475000	0.5	26.549750
11.483333	0.5	26.897450
11.491667	0.5	27.229400
11.500000	0.5	27.545300
11.508333	0.5	27.842700
11.516667	0.5	28.160350
11.525000	0.5	28.460650
11.533333	0.5	28.737950
11.541667	0.5	29.017400
11.550000	0.5	29.284900
11.558333	0.5	29.547500
11.566667	0.5	29.803500
11.575000	0.5	30.052300
11.583333	0.5	30.291850
11.591667	0.5	30.532750
11.600000	0.5	30.735750
11.608333	0.5	30.963600
11.616667	0.5	31.182550
11.625000	0.5	31.385500
11.633333	0.5	31.571850
11.641667	0.5	31.757800
11.650000	0.5	31.939750
11.658333	0.5	32.122350
11.666667	0.5	32.314150
11.675000	0.5	32.510750
11.683333	0.5	32.718100
11.691667	0.5	32.934250
11.700000	0.5	33.153600
11.708333	0.5	33.412400
11.716667	0.5	33.671251
11.725000	0.5	33.915701
11.733333	0.5	34.167001
11.741667	0.5	34.419901
11.750000	0.5	34.673451
11.758333	0.5	34.925301
11.766667	0.5	35.176651
11.775000	0.5	35.423451
11.783333	0.5	35.678301
11.791667	0.5	35.899101
11.800000	0.5	36.157151
11.808333	0.5	36.415151
11.816667	0.5	36.659001
11.825000	0.5	36.887151
11.833333	0.5	37.107551
11.841667	0.5	37.320501
11.850000	0.5	37.530101
11.858333	0.5	37.737551
11.866667	0.5	37.939301
11.875000	0.5	38.139901
11.883333	0.5	38.338151
11.891667	0.5	38.532701
11.900000	0.5	38.762301
11.908333	0.5	38.986001
11.916667	0.5	39.188501
11.925000	0.5	39.388851
11.933333	0.5	39.589601
11.941667	0.5	39.789051
11.950000	0.5	39.986401
11.958333	0.5	40.181951
11.966667	0.5	40.376751
11.975000	0.5	40.579551
11.983333	0.5	40.747551
11.991667	0.5	40.964351
12.000000	0.5	41.185751
12.008333	0.5	41.392301
12.016667	0.5	41.581801
12.025000	0.5	41.769301
12.033333	0.5	41.951251
12.041667	0.5	42.129551
12.050000	0.5	42.311801
12.058333	0.5	42.480951
12.066667	0.5	42.657251
12.075000	0.5	42.823001
12.083333	0.5	42.987551
12.091667	0.5	43.191251
12.100000	0.5	43.387851
12.108333	0.5	43.556851
12.116667	0.5	43.721351
12.125000	0.5	43.884951
12.133333	0.5	44.041101
12.141667	0.5	44.194451
12.150000	0.5	44.349851
12.158333	0.5	44.493201
12.166667	0.5	44.657901
12.175000	0.5	44.769751
12.183333	0.5	44.945651
12.191667	0.5	45.120851
12.200000	0.5	45.283951
12.208333	0.5	45.428751
12.216667	0.5	45.571551
12.225000	0.5	45.705951
12.233333	0.5	45.840051
12.241667	0.5	45.976401
12.250000	0.5	46.103551
12.258333	0.5	46.238301
12.266667	0.5	46.361501
12.275000	0.5	46.482601
12.283333	0.5	46.655451
12.291667	0.5	46.817801
12.300000	0.5	46.946501
12.308333	0.5	47.075501
12.316667	0.5	47.200851
12.325000	0.5	47.322201
12.333333	0.5	47.439751
12.341667	0.5	47.546001
12.350000	0.5	47.653951
12.358333	0.5	47.788901
12.366667	0.5	47.863901
12.375000	0.5	48.010051
12.383333	0.5	48.158301
12.391667	0.5	48.287751
12.400000	0.5	48.399601
12.408333	0.5	48.503551
12.416667	0.5	48.603701
12.425000	0.5	48.697301
12.433333	0.5	48.795951
12.441667	0.5	48.889901
12.450000	0.5	48.985501
12.458333	0.5	49.076251
12.466667	0.5	49.173501
12.475000	0.5	49.318801
12.483333	0.5	49.458751
12.491667	0.5	49.565801
12.500000	0.5	49.675251
12.508333	0.5	49.786551
12.516667	0.5	49.900301
12.525000	0.5	50.015201
12.533333	0.5	50.136901
12.541667	0.5	50.249051
12.550000	0.5	50.387151
12.558333	0.5	50.474001
12.566667	0.5	50.640151
12.575000	0.5	50.807201
12.583333	0.5	50.963001
12.591667	0.5	51.100901
12.600000	0.5	51.236051
12.608333	0.5	51.361951
12.616667	0.5	51.480051
12.625000	0.5	51.598801
12.633333	0.5	51.714601
12.641667	0.5	51.831451
12.650000	0.5	51.933801
12.658333	0.5	52.041551
12.666667	0.5	52.201401
12.675000	0.5	52.352501
12.683333	0.5	52.457901
12.691667	0.5	52.568551
12.700000	0.5	52.673301
12.708333	0.5	52.778001
12.716667	0.5	52.880551
12.725000	0.5	52.984201
12.733333	0.5	53.085701
12.741667	0.5	53.205401
12.750000	0.5	53.270201
12.758333	0.5	53.423201
12.766667	0.5	53.577701
12.775000	0.5	53.721451
12.783333	0.5	53.848201
12.791667	0.5	53.972151
12.800000	0.5	54.097451
12.808333	0.5	54.217051
12.816667	0.5	54.342301
12.825000	0.5	54.462851
12.833333	0.5	54.601451
12.841667	0.5	54.720501
12.850000	0.5	54.858801
12.858333	0.5	55.053251
12.866667	0.5	55.243351
12.875000	0.5	55.392651
12.883333	0.5	55.548351
12.891667	0.5	55.696101
12.900000	0.5	55.844451
12.908333	0.5	55.997201
12.916667	0.5	56.136801
12.925000	0.5	56.290851
12.933333	0.5	56.466301
12.941667	0.5	56.579051
12.950000	0.5	56.790151
12.958333	0.5	57.001051
12.966667	0.5	57.191551
12.975000	0.5	57.366601
12.983333	0.5	57.544101
12.991667	0.5	57.718651
13.000000	0.5	57.888051
13.008333	0.5	58.062201
13.016667	0.5	58.227701
13.025000	0.5	58.412451
13.033333	0.5	58.570751
13.041667	0.5	58.751651
13.050000	0.5	58.989801
13.058333	0.5	59.222351
13.066667	0.5	59.409801
13.075000	0.5	59.593851
13.083333	0.5	59.767501
13.091667	0.5	59.940601
13.100000	0.5	60.105751
13.108333	0.5	60.259101
13.116667	0.5	60.405751
13.125000	0.5	60.594001
13.133333	0.5	60.696601
13.141667	0.5	60.898601
13.150000	0.5	61.099051
13.158333	0.5	61.263551
13.166667	0.5	61.412051
13.175000	0.5	61.552851
13.183333	0.5	61.683851
13.191667	0.5	61.809051
13.200000	0.5	61.934651
13.208333	0.5	62.047301
13.216667	0.5	62.170501
13.225000	0.5	62.267251
13.233333	0.5	62.384551
13.241667	0.5	62.560301
13.250000	0.5	62.729851
13.258333	0.5	62.847451
13.266667	0.5	62.971551
13.275000	0.5	63.083801
13.283333	0.5	63.196151
13.291667	0.5	63.304651
13.300000	0.5	63.399151
13.308333	0.5	63.503751
13.316667	0.5	63.643651
13.325000	0.5	63.708351
13.333333	0.5	63.881501
13.341667	0.5	64.052751
13.350000	0.5	64.195901
13.358333	0.5	64.319501
13.366667	0.5	64.437701
13.375000	0.5	64.552901
13.383333	0.5	64.663401
13.391667	0.5	64.772801
13.400000	0.5	64.881651
13.408333	0.5	64.987801
13.416667	0.5	65.077351
13.425000	0.5	65.187601
13.433333	0.5	65.355551
13.441667	0.5	65.512751
13.450000	0.5	65.609151
13.458333	0.5	65.705601
13.466667	0.5	65.795801
13.475000	0.5	65.877601
13.483333	0.5	65.950401
13.491667	0.5	66.013051
13.500000	0.5	66.061901
13.508333	0.5	66.124651
13.516667	0.5	66.109351
13.525000	0.5	66.195851
13.533333	0.5	66.271001
13.541667	0.5	66.309851
13.550000	0.5	66.320951
13.558333	0.5	66.316751
13.566667	0.5	66.298301
13.575000	0.5	66.267951
13.583333	0.5	66.239751
13.591667	0.5	66.200701
13.600000	0.5	66.175201
13.608333	0.5	66.120801
13.616667	0.5	66.096301
13.625000	0.5	66.130001
13.633333	0.5	66.164301
13.641667	0.5	66.153701
13.650000	0.5	66.158251
13.658333	0.5	66.166751
13.666667	0.5	66.197301
13.675000	0.5	66.237851
13.683333	0.5	66.302301
13.691667	0.5	66.370001
13.700000	0.5	66.485751
13.708333	0.5	66.557651
13.716667	0.5	66.758251
13.725000	0.5	66.975301
13.733333	0.5	67.188801
13.741667	0.5	67.413851
13.750000	0.5	67.651801
13.758333	0.5	67.909951
13.766667	0.5	68.181351
13.775000	0.5	68.480001
13.783333	0.5	68.782151
13.791667	0.5	69.127651
13.800000	0.5	69.446101
13.808333	0.5	69.815701
13.816667	0.5	70.262051
13.825000	0.5	70.699001
13.833333	0.5	71.098251
13.841667	0.5	71.502201
13.850000	0.5	71.901501
13.858333	0.5	72.302051
13.866667	0.5	72.695851
13.875000	0.5	73.062801
13.883333	0.5	73.432801
13.891667	0.5	73.827351
13.900000	0.5	74.125451
13.908333	0.5	74.537601
13.916667	0.5	74.932301
13.925000	0.5	75.284201
13.933333	0.5	75.602001
13.941667	0.5	75.899701
13.950000	0.5	76.179801
13.958333	0.5	76.432251
13.966667	0.5	76.677001
13.975000	0.5	76.900501
13.983333	0.5	77.134901
13.991667	0.5	77.315051
14.000000	0.5	77.530701
14.008333	0.5	77.808001
14.016667	0.5	78.065951
14.025000	0.5	78.255301
14.033333	0.5	78.441601
14.041667	0.5	78.612951
14.050000	0.5	78.785801
14.058333	0.5	78.953851
14.066667	0.5	79.126301
14.075000	0.5	79.267051
14.083333	0.5	79.459001
14.091667	0.5	79.549851
14.100000	0.5	79.789051
14.108333	0.5	80.023901
14.116667	0.5	80.223001
14.125000	0.5	80.407401
14.133333	0.5	80.590201
14.141667	0.5	80.765101
14.150000	0.5	80.928651
14.158333	0.5	81.095751
14.166667	0.5	81.263101
14.175000	0.5	81.450101
14.183333	0.5	81.583051
14.191667	0.5	81.781251
14.200000	0.5	82.051801
14.208333	0.5	82.305201
14.216667	0.5	82.488751
14.225000	0.5	82.683401
14.233333	0.5	82.863501
14.241667	0.5	83.038301
14.250000	0.5	83.214751
14.258333	0.5	83.369901
14.266667	0.5	83.537651
14.275000	0.5	83.736401
14.283333	0.5	83.838201
14.291667	0.5	84.089901
14.300000	0.5	84.329201
14.308333	0.5	84.525701
14.316667	0.5	84.695251
14.325000	0.5	84.852251
14.333333	0.5	85.001851
14.341667	0.5	85.130901
14.350000	0.5	85.260701
14.358333	0.5	85.383251
14.366667	0.5	85.519001
14.375000	0.5	85.600951
14.383333	0.5	85.749851
14.391667	0.5	85.963251
14.400000	0.5	86.168601
14.408333	0.5	86.294101
14.416667	0.5	86.426051
14.425000	0.5	86.549951
14.433333	0.5	86.677951
14.441667	0.5	86.810751
14.450000	0.5	86.941001
14.458333	0.5	87.067851
14.466667	0.5	87.218551
14.475000	0.5	87.278301
14.483333	0.5	87.506851
14.491667	0.5	87.728851
14.500000	0.5	87.917651
14.508333	0.5	88.074601
14.516667	0.5	88.229501
14.525000	0.5	88.382651
14.533333	0.5	88.528301
14.541667	0.5	88.677851
14.550000	0.5	88.809701
14.558333	0.5	88.977501
14.566667	0.5	89.083201
14.575000	0.5	89.256201
14.583333	0.5	89.502501
14.591667	0.5	89.742901
14.600000	0.5	89.907501
14.608333	0.5	90.070051
14.616667	0.5	90.222201
14.625000	0.5	90.372901
14.633333	0.5	90.520651
14.641667	0.5	90.669901
14.650000	0.5	90.800301
14.658333	0.5	90.972101
14.666667	0.5	91.043051
14.675000	0.5	91.281651
14.683333	0.5	91.512901
14.691667	0.5	91.692351
14.700000	0.5	91.854401
14.708333	0.5	92.022101
14.716667	0.5	92.179851
14.725000	0.5	92.334751
14.733333	0.5	92.509801
14.741667	0.5	92.661551
14.750000	0.5	92.865401
14.758333	0.5	92.999501
14.766667	0.5	93.223751
14.775000	0.5	93.535701
14.783333	0.5	93.849201
14.791667	0.5	94.106051
14.800000	0.5	94.375801
14.808333	0.5	94.651051
14.816667	0.5	94.939501
14.825000	0.5	95.239501
14.833333	0.5	95.546051
14.841667	0.5	95.873701
14.850000	0.5	96.267401
14.858333	0.5	96.574351
14.866667	0.5	97.078951
14.875000	0.5	97.590651
14.883333	0.5	98.062251
14.891667	0.5	98.546301
14.900000	0.5	99.039801
14.908333	0.5	99.537251
14.916667	0.5	100.044901
14.925000	0.5	100.579851
14.933333	0.5	101.107852
14.941667	0.5	101.678002
14.950000	0.5	102.182252
14.958333	0.5	102.778752
14.966667	0.5	103.459202
14.975000	0.5	104.122552
14.983333	0.5	104.701802
14.991667	0.5	105.275952
15.000000	0.5	105.821302
15.008333	0.5	106.349452
15.016667	0.5	106.844602
15.025000	0.5	107.291052
15.033333	0.5	107.700402
15.041667	0.5	108.139802
15.050000	0.5	108.415552
15.058333	0.5	108.842052
15.066667	0.5	109.205202
15.075000	0.5	109.464402
15.083333	0.5	109.641802
15.091667	0.5	109.754902
15.100000	0.5	109.815102
15.108333	0.5	109.810052
15.116667	0.5	109.754452
15.125000	0.5	109.663802
15.133333	0.5	109.551302
15.141667	0.5	109.336752
15.150000	0.5	109.192052
15.158333	0.5	109.097052
15.166667	0.5	108.965702
15.175000	0.5	108.731602
15.183333	0.5	108.492952
15.191667	0.5	108.251952
15.200000	0.5	108.015252
15.208333	0.5	107.790102
15.216667	0.5	107.573202
15.225000	0.5	107.357752
15.233333	0.5	107.200352
15.241667	0.5	106.967902
15.250000	0.5	106.948902
15.258333	0.5	106.943102
15.266667	0.5	106.922752
15.275000	0.5	106.898302
15.283333	0.5	106.895202
15.291667	0.5	106.923552
15.300000	0.5	106.959102
15.308333	0.5	107.030502
15.316667	0.5	107.116452
15.325000	0.5	107.274302
15.333333	0.5	107.367302
15.341667	0.5	107.589252
15.350000	0.5	107.908102
15.358333	0.5	108.225052
15.366667	0.5	108.473052
15.375000	0.5	108.750552
15.383333	0.5	109.020602
15.391667	0.5	109.298152
15.400000	0.5	109.600502
15.408333	0.5	109.901952
15.416667	0.5	110.186352
15.425000	0.5	110.496202
15.433333	0.5	110.719152
15.441667	0.5	111.143002
15.450000	0.5	111.560102
15.458333	0.5	111.925302
15.466667	0.5	112.262202
15.475000	0.5	112.596252
15.483333	0.5	112.925202
15.491667	0.5	113.236802
15.500000	0.5	113.558502
15.508333	0.5	113.852302
15.516667	0.5	114.215502
15.525000	0.5	114.461902
15.533333	0.5	114.841602
15.541667	0.5	115.298102
15.550000	0.5	115.731752
15.558333	0.5	116.089502
15.566667	0.5	116.441602
15.575000	0.5	116.768952
15.583333	0.5	117.100402
15.591667	0.5	117.438452
15.600000	0.5	117.773202
15.608333	0.5	118.076152
15.616667	0.5	118.433602
15.625000	0.5	118.669052
15.633333	0.5	119.114302
15.641667	0.5	119.544402
15.650000	0.5	119.898152
15.658333	0.5	120.230052
15.666667	0.5	120.561002
15.675000	0.5	120.886452
15.683333	0.5	121.184402
15.691667	0.5	121.486152
15.700000	0.5	121.757452
15.708333	0.5	122.091252
15.716667	0.5	122.296452
15.725000	0.5	122.638852
15.733333	0.5	123.051452
15.741667	0.5	123.440602
15.750000	0.5	123.747602
15.758333	0.5	124.022502
15.766667	0.5	124.274752
15.775000	0.5	124.516802
15.783333	0.5	124.737102
15.791667	0.5	124.939552
15.800000	0.5	125.115702
15.808333	0.5	125.338102
15.816667	0.5	125.420152
15.825000	0.5	125.704902
15.833333	0.5	125.955552
15.841667	0.5	126.095952
15.850000	0.5	126.191652
15.858333	0.5	126.270202
15.866667	0.5	126.305552
15.875000	0.5	126.305952
15.883333	0.5	126.279602
15.891667	0.5	126.214152
15.900000	0.5	126.161952
15.908333	0.5	125.977352
15.916667	0.5	125.910302
15.925000	0.5	125.894002
15.933333	0.5	125.833352
15.941667	0.5	125.654002
15.950000	0.5	125.452002
15.958333	0.5	125.215052
15.966667	0.5	124.949852
15.975000	0.5	124.659052
15.983333	0.5	124.324802
15.991667	0.5	123.999202
16.000000	0.5	123.679952
16.008333	0.5	123.236902
16.016667	0.5	122.973652
16.025000	0.5	122.654102
16.033333	0.5	122.209652
16.041667	0.5	121.685902
16.050000	0.5	121.088752
16.058333	0.5	120.414352
16.066667	0.5	119.649352
16.075000	0.5	118.798952
16.083333	0.5	117.852352
16.091667	0.5	116.846302
16.100000	0.5	115.655652
16.108333	0.5	114.520702
16.116667	0.5	113.373552
16.125000	0.5	112.150402
16.133333	0.5	110.788602
16.141667	0.5	109.395602
16.150000	0.5	107.976852
16.158333	0.5	106.541252
16.166667	0.5	105.123002
16.175000	0.5	103.703402
16.183333	0.5	102.302802
16.191667	0.5	100.936902
16.200000	0.5	99.552651
16.208333	0.5	98.365701
16.216667	0.5	97.218701
16.225000	0.5	96.059251
16.233333	0.5	94.941251
16.241667	0.5	93.884251
16.250000	0.5	92.888101
16.258333	0.5	91.973401
16.266667	0.5	91.133651
16.275000	0.5	90.365951
16.283333	0.5	89.727501
16.291667	0.5	89.091101
16.300000	0.5	88.634301
16.308333	0.5	88.298901
16.316667	0.5	88.032951
16.325000	0.5	87.792651
16.333333	0.5	87.640651
16.341667	0.5	87.560001
16.350000	0.5	87.557251
16.358333	0.5	87.635351
16.366667	0.5	87.792801
16.375000	0.5	88.001951
16.383333	0.5	88.311601
16.391667	0.5	88.626151
16.400000	0.5	89.147551
16.408333	0.5	89.726101
16.416667	0.5	90.324501
16.425000	0.5	90.979901
16.433333	0.5	91.685701
16.441667	0.5	92.443451
16.450000	0.5	93.250851
16.458333	0.5	94.115751
16.466667	0.5	94.996451
16.475000	0.5	95.990451
16.483333	0.5	96.906451
16.491667	0.5	97.988601
16.500000	0.5	99.156301
16.508333	0.5	100.329051
16.516667	0.5	101.477302
16.525000	0.5	102.631752
16.533333	0.5	103.774952
16.541667	0.5	104.911052
16.550000	0.5	106.012802
16.558333	0.5	107.065502
16.566667	0.5	108.063302
16.575000	0.5	109.013352
16.583333	0.5	109.789602
16.591667	0.5	110.651952
16.600000	0.5	111.388102
16.608333	0.5	111.924052
16.616667	0.5	112.339952
16.625000	0.5	112.622202
16.633333	0.5	112.795752
16.641667	0.5	112.843702
16.650000	0.5	112.793452
16.658333	0.5	112.657152
16.666667	0.5	112.488752
16.675000	0.5	112.149052
16.683333	0.5	111.910652
16.691667	0.5	111.690552
16.700000	0.5	111.424402
16.708333	0.5	111.080202
16.716667	0.5	110.754002
16.725000	0.5	110.444152
16.733333	0.5	110.198202
16.741667	0.5	110.034152
16.750000	0.5	109.958652
16.758333	0.5	110.011052
16.766667	0.5	110.251852
16.775000	0.5	110.582902
16.783333	0.5	111.290102
16.791667	0.5	112.197752
16.800000	0.5	113.250952
16.808333	0.5	114.527802
16.816667	0.5	116.039102
16.825000	0.5	117.785752
16.833333	0.5	119.728952
16.841667	0.5	121.862202
16.850000	0.5	124.133302
16.858333	0.5	126.539602
16.866667	0.5	128.855602
16.875000	0.5	131.362052
16.883333	0.5	133.936902
16.891667	0.5	136.500302
16.900000	0.5	139.380852
16.908333	0.5	141.924102
16.916667	0.5	144.479702
16.925000	0.5	147.075202
16.933333	0.5	149.680652
16.941667	0.5	152.234552
16.950000	0.5	154.778752
16.958333	0.5	157.224502
16.966667	0.5	159.433202
16.975000	0.5	161.691352
16.983333	0.5	163.695002
16.991667	0.5	165.325052
17.000000	0.5	166.616352
17.008333	0.5	167.543802
17.016667	0.5	168.093853
17.025000	0.5	168.250953
17.033333	0.5	167.976703
17.041667	0.5	167.349902
17.050000	0.5	166.454302
17.058333	0.5	165.035252
17.066667	0.5	163.491852
17.075000	0.5	161.689202
17.083333	0.5	159.571952
17.091667	0.5	157.117702
17.100000	0.5	154.444252
17.108333	0.5	151.580802
17.116667	0.5	148.569302
17.125000	0.5	145.460952
17.133333	0.5	142.266452
17.141667	0.5	139.069802
17.150000	0.5	135.854952
17.158333	0.5	132.620452
17.166667	0.5	129.535352
17.175000	0.5	126.478952
17.183333	0.5	123.424902
17.191667	0.5	120.428052
17.200000	0.5	117.515452
17.208333	0.5	114.692402
17.216667	0.5	111.965952
17.225000	0.5	109.326352
17.233333	0.5	106.800302
17.241667	0.5	104.394852
17.250000	0.5	102.046402
17.258333	0.5	99.828401
17.266667	0.5	97.692701
17.275000	0.5	95.616351
17.283333	0.5	93.590751
17.291667	0.5	91.622851
17.300000	0.5	89.717151
17.308333	0.5	87.861651
17.316667	0.5	86.053751
17.325000	0.5	84.294601
17.333333	0.5	82.571951
17.341667	0.5	80.884601
17.350000	0.5	79.236751
17.358333	0.5	77.619151
17.366667	0.5	76.029851
17.375000	0.5	74.435801
17.383333	0.5	72.868151
17.391667	0.5	71.321901
17.400000	0.5	69.807601
17.408333	0.5	68.316351
17.416667	0.5	66.858351
17.425000	0.5	65.422201
17.433333	0.5	64.032701
17.441667	0.5	62.666251
17.450000	0.5	61.366851
17.458333	0.5	60.106951
17.466667	0.5	58.889751
17.475000	0.5	57.715751
17.483333	0.5	56.598401
17.491667	0.5	55.541551
17.500000	0.5	54.552501
17.508333	0.5	53.621851
17.516667	0.5	52.769551
17.525000	0.5	51.989751
17.533333	0.5	51.277601
17.541667	0.5	50.634801
17.550000	0.5	49.891451
17.558333	0.5	49.413351
17.566667	0.5	48.974651
17.575000	0.5	48.594301
17.583333	0.5	48.265251
17.591667	0.5	47.991501
17.600000	0.5	47.767501
17.608333	0.5	47.578601
17.616667	0.5	47.422701
17.625000	0.5	47.307901
17.633333	0.5	47.184001
17.641667	0.5	47.126951
17.650000	0.5	47.084001
17.658333	0.5	47.042101
17.666667	0.5	46.996001
17.675000	0.5	46.973001
17.683333	0.5	46.913301
17.691667	0.5	46.869851
17.700000	0.5	46.819301
17.708333	0.5	46.762651
17.716667	0.5	46.702301
17.725000	0.5	46.637301
17.733333	0.5	46.557251
17.741667	0.5	46.504451
17.750000	0.5	46.438901
17.758333	0.5	46.344351
17.766667	0.5	46.239701
17.775000	0.5	46.120351
17.783333	0.5	45.994001
17.791667	0.5	45.857651
17.800000	0.5	45.704501
17.808333	0.5	45.543701
17.816667	0.5	45.385201
17.825000	0.5	45.183851
17.833333	0.5	45.015501
17.841667	0.5	44.839651
17.850000	0.5	44.651751
17.858333	0.5	44.433351
17.866667	0.5	44.208051
17.875000	0.5	43.971451
17.883333	0.5	43.727151
17.891667	0.5	43.473801
17.900000	0.5	43.209801
17.908333	0.5	42.950401
17.916667	0.5	42.679201
17.925000	0.5	42.397001
17.933333	0.5	42.145101
17.941667	0.5	41.888801
17.950000	0.5	41.607951
17.958333	0.5	41.327351
17.966667	0.5	41.042701
17.975000	0.5	40.755751
17.983333	0.5	40.472551
17.991667	0.5	40.184101
18.000000	0.5	39.909251
18.008333	0.5	39.654151
18.016667	0.5	39.375501
18.025000	0.5	39.143101
18.033333	0.5	38.918751
18.041667	0.5	38.696551
18.050000	0.5	38.464301
18.058333	0.5	38.240351
18.066667	0.5	38.020651
18.075000	0.5	37.799551
18.083333	0.5	37.592651
18.091667	0.5	37.366051
18.100000	0.5	37.136951
18.108333	0.5	36.899351
18.116667	0.5	36.631701
18.125000	0.5	36.362751
18.133333	0.5	36.040101
18.141667	0.5	35.637701
18.150000	0.5	35.172751
18.158333	0.5	34.636751
18.166667	0.5	34.030801
18.175000	0.5	33.367050
18.183333	0.5	32.667600
18.191667	0.5	31.953350
18.200000	0.5	31.259400
18.208333	0.5	30.580200
18.216667	0.5	29.984700
18.225000	0.5	29.457800
18.233333	0.5	28.997950
18.241667	0.5	28.607600
18.250000	0.5	28.300350
18.258333	0.5	28.063400
18.266667	0.5	27.899750
18.275000	0.5	27.798100
18.283333	0.5	27.753450
18.291667	0.5	27.757950
18.300000	0.5	27.808900
18.308333	0.5	27.898250
18.316667	0.5	28.036550
18.325000	0.5	28.193450
18.333333	0.5	28.366200
18.341667	0.5	28.556900
18.350000	0.5	28.753100
18.358333	0.5	28.945600
18.366667	0.5	29.124600
18.375000	0.5	29.279350
18.383333	0.5	29.392450
18.391667	0.5	29.455100
18.400000	0.5	29.423350
18.408333	0.5	29.338700
18.416667	0.5	29.153000
18.425000	0.5	28.870150
18.433333	0.5	28.486800
18.441667	0.5	28.028200
18.450000	0.5	27.520600
18.458333	0.5	26.982500
18.466667	0.5	26.440650
18.475000	0.5	25.915350
18.483333	0.5	25.415450
18.491667	0.5	24.961950
18.500000	0.5	24.555550
18.508333	0.5	24.214900
18.516667	0.5	23.925250
18.525000	0.5	23.679350
18.533333	0.5	23.481750
18.541667	0.5	23.341900
18.550000	0.5	23.236600
18.558333	0.5	23.169850
18.566667	0.5	23.135850
18.575000	0.5	23.122700
18.583333	0.5	23.138050
18.591667	0.5	23.145600
18.600000	0.5	23.189250
18.608333	0.5	23.232250
18.616667	0.5	23.272500
18.625000	0.5	23.313300
18.633333	0.5	23.355850
18.641667	0.5	23.400100
18.650000	0.5	23.432300
18.658333	0.5	23.470700
18.666667	0.5	23.499800
18.675000	0.5	23.540950
18.683333	0.5	23.567450
18.691667	0.5	23.605750
18.700000	0.5	23.651600
18.708333	0.5	23.692900
18.716667	0.5	23.728350
18.725000	0.5	23.770150
18.733333	0.5	23.809650
18.741667	0.5	23.856000
18.750000	0.5	23.905850
18.758333	0.5	23.967900
18.766667	0.5	24.029100
18.775000	0.5	24.099100
18.783333	0.5	24.167700
18.791667	0.5	24.258450
18.800000	0.5	24.357350
18.808333	0.5	24.464250
18.816667	0.5	24.572400
18.825000	0.5	24.685850
18.833333	0.5	24.801900
18.841667	0.5	24.927000
18.850000	0.5	25.058750
18.858333	0.5	25.197600
18.866667	0.5	25.347050
18.875000	0.5	25.498800
18.883333	0.5	25.650550
18.891667	0.5	25.838250
18.900000	0.5	26.025450
18.908333	0.5	26.207500
18.916667	0.5	26.395650
18.925000	0.5	26.582750
18.933333	0.5	26.785050
18.941667	0.5	26.982050
18.950000	0.5	27.179250
18.958333	0.5	27.380050
18.966667	0.5	27.606400
18.975000	0.5	27.792050
18.983333	0.5	28.021050
18.991667	0.5	28.249300
19.000000	0.5	28.474050
19.008333	0.5	28.686250
19.016667	0.5	28.891900
19.025000	0.5	29.101400
19.033333	0.5	29.291400
19.041667	0.5	29.491550
19.050000	0.5	29.666450
19.058333	0.5	29.852200
19.066667	0.5	30.010750
19.075000	0.5	30.166450
19.083333	0.5	30.326650
19.091667	0.5	30.473500
19.100000	0.5	30.587350
19.108333	0.5	30.696450
19.116667	0.5	30.785300
19.125000	0.5	30.863850
19.133333	0.5	30.926250
19.141667	0.5	30.973450
19.150000	0.5	31.008000
19.158333	0.5	31.042600
19.166667	0.5	31.045000
19.175000	0.5	31.068050
19.183333	0.5	31.082700
19.191667	0.5	31.081450
19.200000	0.5	31.070650
19.208333	0.5	31.051350
19.216667	0.5	31.026350
19.225000	0.5	30.992300
19.233333	0.5	30.954900
19.241667	0.5	30.901950
19.250000	0.5	30.845400
19.258333	0.5	30.775650
19.266667	0.5	30.704600
19.275000	0.5	30.632200
19.283333	0.5	30.547650
19.291667	0.5	30.436150
19.300000	0.5	30.316400
19.308333	0.5	30.180500
19.316667	0.5	30.030300
19.325000	0.5	29.870550
19.333333	0.5	29.701650
19.341667	0.5	29.521900
19.350000	0.5	29.330950
19.358333	0.5	29.112450
19.366667	0.5	28.910750
19.375000	0.5	28.674350
19.383333	0.5	28.392350
19.391667	0.5	28.044050
19.400000	0.5	27.595200
19.408333	0.5	27.017700
19.416667	0.5	26.296900
19.425000	0.5	25.453450
19.433333	0.5	24.531150
19.441667	0.5	23.594800
19.450000	0.5	22.707350
19.458333	0.5	21.980450
19.466667	0.5	21.480150
19.475000	0.5	21.238600
19.483333	0.5	21.272250
19.491667	0.5	21.589100
19.500000	0.5	22.181350
19.508333	0.5	23.042750
19.516667	0.5	24.146400
19.525000	0.5	25.461950
19.533333	0.5	26.948850
19.541667	0.5	28.553500
19.550000	0.5	30.222500
19.558333	0.5	31.941400
19.566667	0.5	33.648151
19.575000	0.5	35.296951
19.583333	0.5	36.860801
19.591667	0.5	38.310501
19.600000	0.5	39.617101
19.608333	0.5	40.756801
19.616667	0.5	41.733151
19.625000	0.5	42.536201
19.633333	0.5	43.187251
19.641667	0.5	43.679101
19.650000	0.5	44.037901
19.658333	0.5	44.279751
19.666667	0.5	44.400401
19.675000	0.5	44.428151
19.683333	0.5	44.365651
19.691667	0.5	44.237351
19.700000	0.5	44.053651
19.708333	0.5	43.817101
19.716667	0.5	43.540901
19.725000	0.5	43.234201
19.733333	0.5	42.907501
19.741667	0.5	42.545701
19.750000	0.5	42.185201
19.758333	0.5	41.812201
19.766667	0.5	41.409451
19.775000	0.5	41.012401
19.783333	0.5	40.601851
19.791667	0.5	40.201801
19.800000	0.5	39.801801
19.808333	0.5	39.403751
19.816667	0.5	39.016151
19.825000	0.5	38.642251
19.833333	0.5	38.267601
19.841667	0.5	37.901851
19.850000	0.5	37.544501
19.858333	0.5	37.186051
19.866667	0.5	36.822301
19.875000	0.5	36.458951
19.883333	0.5	36.099901
19.891667	0.5	35.748201
19.900000	0.5	35.398701
19.908333	0.5	35.066351
19.916667	0.5	34.730201
19.925000	0.5	34.413151
19.933333	0.5	34.095351
19.941667	0.5	33.796501
19.950000	0.5	33.504500
19.958333	0.5	33.221900
19.966667	0.5	32.945200
19.975000	0.5	32.665200
19.983333	0.5	32.401050
19.991667	0.5	32.151400
20.000000	0.5	31.903150
20.008333	0.5	31.666500
20.016667	0.5	31.446600
20.025000	0.5	31.221900
20.033333	0.5	31.020350
20.041667	0.5	30.838850
20.050000	0.5	30.657950
20.058333	0.5	30.477250
20.066667	0.5	30.309250
20.075000	0.5	30.150550
20.083333	0.5	30.008900
20.091667	0.5	29.863650
20.100000	0.5	29.744150
20.108333	0.5	29.626200
20.116667	0.5	29.522800
20.125000	0.5	29.422450
20.133333	0.5	29.353350
20.141667	0.5	29.287600
20.150000	0.5	29.231700
20.158333	0.5	29.184200
20.166667	0.5	29.139550
20.175000	0.5	29.110050
20.183333	0.5	29.092700
20.191667	0.5	29.075250
20.200000	0.5	29.060050
20.208333	0.5	29.045100
20.216667	0.5	29.000250
20.225000	0.5	28.936000
20.233333	0.5	28.829050
20.241667	0.5	28.640500
20.250000	0.5	28.350300
20.258333	0.5	27.961450
20.266667	0.5	27.490700
20.275000	0.5	26.959100
20.283333	0.5	26.378500
20.291667	0.5	25.741250
20.300000	0.5	25.046950
20.308333	0.5	24.282950
20.316667	0.5	23.448100
20.325000	0.5	22.611300
20.333333	0.5	21.755750
20.341667	0.5	20.927900
20.350000	0.5	20.151800
20.358333	0.5	19.457600
20.366667	0.5	18.846050
20.375000	0.5	18.321600
20.383333	0.5	17.893100
20.391667	0.5	17.545700
20.400000	0.5	17.283850
20.408333	0.5	17.075000
20.416667	0.5	16.927500
20.425000	0.5	16.825600
20.433333	0.5	16.752650
20.441667	0.5	16.701950
20.450000	0.5	16.663700
20.458333	0.5	16.643950
20.466667	0.5	16.630250
20.475000	0.5	16.627900
20.483333	0.5	16.630200
20.491667	0.5	16.633050
20.500000	0.5	16.655200
20.508333	0.5	16.657150
20.516667	0.5	16.689550
20.525000	0.5	16.715950
20.533333	0.5	16.741650
20.541667	0.5	16.762650
20.550000	0.5	16.791050
20.558333	0.5	16.817200
20.566667	0.5	16.846550
20.575000	0.5	16.879200
20.583333	0.5	16.909400
20.591667	0.5	16.943400
20.600000	0.5	16.973650
20.608333	0.5	17.007400
20.616667	0.5	17.060650
20.625000	0.5	17.110100
20.633333	0.5	17.139900
20.641667	0.5	17.145250
20.650000	0.5	17.124600
20.658333	0.5	17.070800
20.666667	0.5	17.033350
20.675000	0.5	17.025550
20.683333	0.5	17.088950
20.691667	0.5	17.255050
20.700000	0.5	17.533300
20.708333	0.5	17.952650
20.716667	0.5	18.466450
20.725000	0.5	19.037550
20.733333	0.5	19.631950
20.741667	0.5	20.208650
20.750000	0.5	20.734750
20.758333	0.5	21.205350
20.766667	0.5	21.607650
20.775000	0.5	21.942850
20.783333	0.5	22.216200
20.791667	0.5	22.434150
20.800000	0.5	22.608250
20.808333	0.5	22.764500
20.816667	0.5	22.898250
20.825000	0.5	22.999450
20.833333	0.5	23.096300
20.841667	0.5	23.182050
20.850000	0.5	23.258100
20.858333	0.5	23.337800
20.866667	0.5	23.405600
20.875000	0.5	23.477650
20.883333	0.5	23.548050
20.891667	0.5	23.603550
20.900000	0.5	23.675900
20.908333	0.5	23.743900
20.916667	0.5	23.795250
20.925000	0.5	23.843650
20.933333	0.5	23.884200
20.941667	0.5	23.930650
20.950000	0.5	23.968800
20.958333	0.5	24.008150
20.966667	0.5	24.042300
20.975000	0.5	24.078400
20.983333	0.5	24.096050
20.991667	0.5	24.130000
21.000000	0.5	24.164400
21.008333	0.5	24.196300
21.016667	0.5	24.217000
21.025000	0.5	24.250550
21.033333	0.5	24.269500
21.041667	0.5	24.300700
21.050000	0.5	24.324500
21.058333	0.5	24.364600
21.066667	0.5	24.398600
21.075000	0.5	24.439850
21.083333	0.5	24.472400
21.091667	0.5	24.526700
21.100000	0.5	24.577650
21.108333	0.5	24.623100
21.116667	0.5	24.671800
21.125000	0.5	24.730100
21.133333	0.5	24.785900
21.141667	0.5	24.842950
21.150000	0.5	24.906850
21.158333	0.5	24.971850
21.166667	0.5	25.046000
21.175000	0.5	25.114300
21.183333	0.5	25.197000
21.191667	0.5	25.287900
21.200000	0.5	25.370550
21.208333	0.5	25.456800
21.216667	0.5	25.544300
21.225000	0.5	25.632450
21.233333	0.5	25.724950
21.241667	0.5	25.816500
21.250000	0.5	25.910450
21.258333	0.5	26.009500
21.266667	0.5	26.107350
21.275000	0.5	26.201000
21.283333	0.5	26.308550
21.291667	0.5	26.417750
21.300000	0.5	26.516750
21.308333	0.5	26.614400
21.316667	0.5	26.714550
21.325000	0.5	26.812150
21.333333	0.5	26.906200
21.341667	0.5	27.000800
21.350000	0.5	27.093650
21.358333	0.5	27.194150
21.366667	0.5	27.279500
21.375000	0.5	27.363500
21.383333	0.5	27.470200
21.391667	0.5	27.549200
21.400000	0.5	27.628050
21.408333	0.5	27.703250
21.416667	0.5	27.769200
21.425000	0.5	27.839100
21.433333	0.5	27.900350
21.441667	0.5	27.959250
21.450000	0.5	27.959800
21.458333	0.5	28.072700
21.466667	0.5	28.112550
21.475000	0.5	28.165700
21.483333	0.5	28.206500
21.491667	0.5	28.238600
21.500000	0.5	28.267050
21.508333	0.5	28.291100
21.516667	0.5	28.307050
21.525000	0.5	28.323550
21.533333	0.5	28.332100
21.541667	0.5	28.333700
21.550000	0.5	28.337600
21.558333	0.5	28.325700
21.566667	0.5	28.311550
21.575000	0.5	28.310500
21.583333	0.5	28.298250
21.591667	0.5	28.275000
21.600000	0.5	28.245700
21.608333	0.5	28.214750
21.616667	0.5	28.185750
21.625000	0.5	28.145350
21.633333	0.5	28.107300
21.641667	0.5	28.066950
21.650000	0.5	28.035550
21.658333	0.5	27.982600
21.666667	0.5	27.954500
21.675000	0.5	27.919750
21.683333	0.5	27.876650
21.691667	0.5	27.826300
21.700000	0.5	27.787000
21.708333	0.5	27.742550
21.716667	0.5	27.694900
21.725000	0.5	27.645800
21.733333	0.5	27.602100
21.741667	0.5	27.568300
21.750000	0.5	27.522050
21.758333	0.5	27.489800
21.766667	0.5	27.465250
21.775000	0.5	27.429550
21.783333	0.5	27.395900
21.791667	0.5	27.356150
21.800000	0.5	27.322450
21.808333	0.5	27.292000
21.816667	0.5	27.267850
21.825000	0.5	27.233900
21.833333	0.5	27.205750
21.841667	0.5	27.181500
21.850000	0.5	27.144000
21.858333	0.5	27.141900
21.866667	0.5	27.124150
21.875000	0.5	27.109950
21.883333	0.5	27.086350
21.891667	0.5	27.067450
21.900000	0.5	27.044800
21.908333	0.5	27.027450
21.916667	0.5	27.005800
21.925000	0.5	26.988950
21.933333	0.5	26.981750
21.941667	0.5	26.950550
21.950000	0.5	26.941750
21.958333	0.5	26.938350
21.966667	0.5	26.929250
21.975000	0.5	26.906300
21.983333	0.5	26.891500
21.991667	0.5	26.868500
22.000000	0.5	26.837700
22.008333	0.5	26.812350
22.016667	0.5	26.774450
22.025000	0.5	26.744050
22.033333	0.5	26.713150
22.041667	0.5	26.653250
22.050000	0.5	26.617900
22.058333	0.5	26.570900
22.066667	0.5	26.506350
22.075000	0.5	26.427000
22.083333	0.5	26.340650
22.091667	0.5	26.242200
22.100000	0.5	26.139400
22.108333	0.5	26.018200
22.116667	0.5	25.886900
22.125000	0.5	25.745300
22.133333	0.5	25.578250
22.141667	0.5	25.417600
22.150000	0.5	25.250650
22.158333	0.5	25.074100
22.166667	0.5	24.867750
22.175000	0.5	24.657500
22.183333	0.5	24.444450
22.191667	0.5	24.224750
22.200000	0.5	24.007950
22.208333	0.5	23.787050
22.216667	0.5	23.577350
22.225000	0.5	23.377400
22.233333	0.5	23.172250
22.241667	0.5	23.001900
22.250000	0.5	22.837750
22.258333	0.5	22.678700
22.266667	0.5	22.536950
22.275000	0.5	22.408550
22.283333	0.5	22.289450
22.291667	0.5	22.193650
22.300000	0.5	22.110150
22.308333	0.5	22.041050
22.316667	0.5	22.003050
22.325000	0.5	21.967900
22.333333	0.5	21.960500
22.341667	0.5	21.970100
22.350000	0.5	22.000100
22.358333	0.5	22.034600
22.366667	0.5	22.088650
22.375000	0.5	22.161700
22.383333	0.5	22.247800
22.391667	0.5	22.351050
22.400000	0.5	22.476700
22.408333	0.5	22.612750
22.416667	0.5	22.773250
22.425000	0.5	22.931300
22.433333	0.5	23.128200
22.441667	0.5	23.328000
22.450000	0.5	23.536400
22.458333	0.5	23.755900
22.466667	0.5	23.985250
22.475000	0.5	24.221350
22.483333	0.5	24.455800
22.491667	0.5	24.694400
22.500000	0.5	24.925450
22.508333	0.5	25.160400
22.516667	0.5	25.369800
22.525000	0.5	25.584650
22.533333	0.5	25.795600
22.541667	0.5	25.975400
22.550000	0.5	26.136150
22.558333	0.5	26.279500
22.566667	0.5	26.409000
22.575000	0.5	26.511800
22.583333	0.5	26.599900
22.591667	0.5	26.663300
22.600000	0.5	26.714200
22.608333	0.5	26.752800
22.616667	0.5	26.759150
22.625000	0.5	26.780600
22.633333	0.5	26.780200
22.641667	0.5	26.763700
22.650000	0.5	26.736300
22.658333	0.5	26.707750
22.666667	0.5	26.666850
22.675000	0.5	26.621850
22.683333	0.5	26.576950
22.691667	0.5	26.525950
22.700000	0.5	26.478600
22.708333	0.5	26.421150
22.716667	0.5	26.380150
22.725000	0.5	26.336750
22.733333	0.5	26.292750
22.741667	0.5	26.232600
22.750000	0.5	26.179450
22.758333	0.5	26.131750
22.766667	0.5	26.081900
22.775000	0.5	26.031600
22.783333	0.5	25.987100
22.791667	0.5	25.939800
22.800000	0.5	25.893400
22.808333	0.5	25.837550
22.816667	0.5	25.811750
22.825000	0.5	25.774600
22.833333	0.5	25.730600
22.841667	0.5	25.681350
22.850000	0.5	25.635900
22.858333	0.5	25.588950
22.866667	0.5	25.548650
22.875000	0.5	25.498700
22.883333	0.5	25.458150
22.891667	0.5	25.414200
22.900000	0.5	25.354050
22.908333	0.5	25.319050
22.916667	0.5	25.285250
22.925000	0.5	25.248500
22.933333	0.5	25.198450
22.941667	0.5	25.156550
22.950000	0.5	25.113950
22.958333	0.5	25.070300
22.966667	0.5	25.022850
22.975000	0.5	24.977450
22.983333	0.5	24.939000
22.991667	0.5	24.908450
23.000000	0.5	24.861250
23.008333	0.5	24.842150
23.016667	0.5	24.828050
23.025000	0.5	24.800000
23.033333	0.5	24.775150
23.041667	0.5	24.759450
23.050000	0.5	24.748750
23.058333	0.5	24.736500
23.066667	0.5	24.739950
23.075000	0.5	24.736600
23.083333	0.5	24.756350
23.091667	0.5	24.764100
23.100000	0.5	24.788600
23.108333	0.5	24.833500
23.116667	0.5	24.877650
23.125000	0.5	24.920250
23.133333	0.5	24.966650
23.141667	0.5	25.022550
23.150000	0.5	25.076300
23.158333	0.5	25.134950
23.166667	0.5	25.199950
23.175000	0.5	25.274150
23.183333	0.5	25.354950
23.191667	0.5	25.420850
23.200000	0.5	25.513650
23.208333	0.5	25.605300
23.216667	0.5	25.685250
23.225000	0.5	25.771450
23.233333	0.5	25.854200
23.241667	0.5	25.941250
23.250000	0.5	26.025750
23.258333	0.5	26.107500
23.266667	0.5	26.182550
23.275000	0.5	26.259100
23.283333	0.5	26.304250
23.291667	0.5	26.337100
23.300000	0.5	26.295950
23.308333	0.5	26.107450
23.316667	0.5	25.586450
23.325000	0.5	24.665150
23.333333	0.5	23.632000
23.341667	0.5	22.664050
23.350000	0.5	21.780300
23.358333	0.5	21.013650
23.366667	0.5	20.385200
23.375000	0.5	19.901500
23.383333	0.5	19.561800
23.391667	0.5	19.358550
23.400000	0.5	19.239450
23.408333	0.5	19.143950
23.416667	0.5	19.051050
23.425000	0.5	18.960000
23.433333	0.5	18.870850
23.441667	0.5	18.781600
23.450000	0.5	18.684550
23.458333	0.5	18.596300
23.466667	0.5	18.506050
23.475000	0.5	18.426100
23.483333	0.5	18.347250
23.491667	0.5	18.272250
23.500000	0.5	18.204500
23.508333	0.5	18.128200
23.516667	0.5	18.070450
23.525000	0.5	18.006250
23.533333	0.5	17.969000
23.541667	0.5	17.924800
23.550000	0.5	17.890700
23.558333	0.5	17.867900
23.566667	0.5	17.857800
23.575000	0.5	17.848750
23.583333	0.5	17.862850
23.591667	0.5	17.882400
23.600000	0.5	17.903750
23.608333	0.5	17.932750
23.616667	0.5	17.978350
23.625000	0.5	18.030550
23.633333	0.5	18.079750
23.641667	0.5	18.138800
23.650000	0.5	18.204150
23.658333	0.5	18.285500
23.666667	0.5	18.355150
23.675000	0.5	18.445050
23.683333	0.5	18.529850
23.691667	0.5	18.616750
23.700000	0.5	18.696350
23.708333	0.5	18.788250
23.716667	0.5	18.872650
23.725000	0.5	18.960800
23.733333	0.5	19.041000
23.741667	0.5	19.120650
23.750000	0.5	19.189950
23.758333	0.5	19.266500
23.766667	0.5	19.329850
23.775000	0.5	19.397150
23.783333	0.5	19.460050
23.791667	0.5	19.507450
23.800000	0.5	19.549400
23.808333	0.5	19.590400
23.816667	0.5	19.619350
23.825000	0.5	19.644750
23.833333	0.5	19.660200
23.841667	0.5	19.675000
23.850000	0.5	19.684200
23.858333	0.5	19.677600
23.866667	0.5	19.679100
23.875000	0.5	19.671950
23.883333	0.5	19.660650
23.891667	0.5	19.635950
23.900000	0.5	19.602450
23.908333	0.5	19.563500
23.916667	0.5	19.519900
23.925000	0.5	19.471100
23.933333	0.5	19.415300
23.941667	0.5	19.354500
23.950000	0.5	19.287250
23.958333	0.5	19.211900
23.966667	0.5	19.151100
23.975000	0.5	19.072950
23.983333	0.5	18.989500
23.991667	0.5	18.905700
24.000000	0.5	18.818950
24.008333	0.5	18.734750
24.016667	0.5	18.650150
24.025000	0.5	18.560400
24.033333	0.5	18.473700
24.041667	0.5	18.398000
24.050000	0.5	18.319300
24.058333	0.5	18.259250
24.066667	0.5	18.190750
24.075000	0.5	18.132500
24.083333	0.5	18.076600
24.091667	0.5	18.031450
24.100000	0.5	18.000950
24.108333	0.5	17.970350
24.116667	0.5	17.958300
24.125000	0.5	17.958600
24.133333	0.5	17.965150
24.141667	0.5	17.997600
24.150000	0.5	18.036500
24.158333	0.5	18.107300
24.166667	0.5	18.190500
24.175000	0.5	18.289500
24.183333	0.5	18.413800
24.191667	0.5	18.564600
24.200000	0.5	18.736800
24.208333	0.5	18.937050
24.216667	0.5	19.164750
24.225000	0.5	19.416900
24.233333	0.5	19.707000
24.241667	0.5	20.010300
24.250000	0.5	20.358750
24.258333	0.5	20.724050
24.266667	0.5	21.108050
24.275000	0.5	21.523250
24.283333	0.5	21.948600
24.291667	0.5	22.382550
24.300000	0.5	22.816900
24.308333	0.5	23.248100
24.316667	0.5	23.653450
24.325000	0.5	24.047650
24.333333	0.5	24.407900
24.341667	0.5	24.730250
24.350000	0.5	25.020300
24.358333	0.5	25.249250
24.366667	0.5	25.417200
24.375000	0.5	25.533750
24.383333	0.5	25.587850
24.391667	0.5	25.584700
24.400000	0.5	25.511450
24.408333	0.5	25.378550
24.416667	0.5	25.203150
24.425000	0.5	24.971250
24.433333	0.5	24.692250
24.441667	0.5	24.391350
24.450000	0.5	24.058400
24.458333	0.5	23.700800
24.466667	0.5	23.320900
24.475000	0.5	22.936550
24.483333	0.5	22.554650
24.491667	0.5	22.179250
24.500000	0.5	21.812600
24.508333	0.5	21.467350
24.516667	0.5	21.142450
24.525000	0.5	20.837900
24.533333	0.5	20.554600
24.541667	0.5	20.301400
24.550000	0.5	20.076000
24.558333	0.5	19.865800
24.566667	0.5	19.673050
24.575000	0.5	19.504300
24.583333	0.5	19.358450
24.591667	0.5	19.232350
24.600000	0.5	19.113750
24.608333	0.5	19.017350
24.616667	0.5	18.931900
24.625000	0.5	18.854150
24.633333	0.5	18.791200
24.641667	0.5	18.726950
24.650000	0.5	18.669500
24.658333	0.5	18.614450
24.666667	0.5	18.553050
24.675000	0.5	18.499450
24.683333	0.5	18.440000
24.691667	0.5	18.381800
24.700000	0.5	18.314550
24.708333	0.5	18.253800
24.716667	0.5	18.184000
24.725000	0.5	18.105000
24.733333	0.5	18.032700
24.741667	0.5	17.946900
24.750000	0.5	17.856900
24.758333	0.5	17.755600
24.766667	0.5	17.648500
24.775000	0.5	17.534750
24.783333	0.5	17.416500
24.791667	0.5	17.292800
24.800000	0.5	17.162100
24.808333	0.5	17.027900
24.816667	0.5	16.888850
24.825000	0.5	16.747950
24.833333	0.5	16.612300
24.841667	0.5	16.474100
24.850000	0.5	16.328250
24.858333	0.5	16.185900
24.866667	0.5	16.048350
24.875000	0.5	15.902550
24.883333	0.5	15.771700
24.891667	0.5	15.646050
24.900000	0.5	15.520350
24.908333	0.5	15.398600
24.916667	0.5	15.278950
24.925000	0.5	15.171800
24.933333	0.5	15.072100
24.941667	0.5	14.971650
24.950000	0.5	14.874150
24.958333	0.5	14.776000
24.966667	0.5	14.692600
24.975000	0.5	14.610300
24.983333	0.5	14.531550
24.991667	0.5	14.455750
25.000000	0.5	14.391650
25.008333	0.5	14.330900
25.016667	0.5	14.273250
25.025000	0.5	14.221250
25.033333	0.5	14.170800
25.041667	0.5	14.125650
25.050000	0.5	14.087800
25.058333	0.5	14.053750
25.066667	0.5	14.021450
25.075000	0.5	13.996000
25.083333	0.5	13.981050
25.091667	0.5	13.965200
25.100000	0.5	13.960100
25.108333	0.5	13.959550
25.116667	0.5	13.973450
25.125000	0.5	13.988300
25.133333	0.5	14.015800
25.141667	0.5	14.040400
25.150000	0.5	14.080050
25.158333	0.5	14.130800
25.166667	0.5	14.182700
25.175000	0.5	14.250250
25.183333	0.5	14.320650
25.191667	0.5	14.401000
25.200000	0.5	14.491600
25.208333	0.5	14.592300
25.216667	0.5	14.706050
25.225000	0.5	14.816450
25.233333	0.5	14.945000
25.241667	0.5	15.076900
25.250000	0.5	15.224200
25.258333	0.5	15.380900
25.266667	0.5	15.550350
25.275000	0.5	15.722800
25.283333	0.5	15.914700
25.291667	0.5	16.114450
25.300000	0.5	16.322700
25.308333	0.5	16.566400
25.316667	0.5	16.815100
25.325000	0.5	17.085500
25.333333	0.5	17.380250
25.341667	0.5	17.694600
25.350000	0.5	18.037800
25.358333	0.5	18.408950
25.366667	0.5	18.800000
25.375000	0.5	19.219000
25.383333	0.5	19.670650
25.391667	0.5	20.139400
25.400000	0.5	20.634300
25.408333	0.5	21.151500
25.416667	0.5	21.673150
25.425000	0.5	22.205050
25.433333	0.5	22.739950
25.441667	0.5	23.264950
25.450000	0.5	23.770950
25.458333	0.5	24.250500
25.466667	0.5	24.707050
25.475000	0.5	25.118950
25.483333	0.5	25.480450
25.491667	0.5	25.801500
25.500000	0.5	26.075200
25.508333	0.5	26.295550
25.516667	0.5	26.447800
25.525000	0.5	26.547200
25.533333	0.5	26.587000
25.541667	0.5	26.575100
25.550000	0.5	26.504200
25.558333	0.5	26.370650
25.566667	0.5	26.183350
25.575000	0.5	25.945750
25.583333	0.5	25.651850
25.591667	0.5	25.313850
25.600000	0.5	24.918000
25.608333	0.5	24.482950
25.616667	0.5	24.011850
25.625000	0.5	23.525900
25.633333	0.5	23.034850
25.641667	0.5	22.556950
25.650000	0.5	22.096050
25.658333	0.5	21.675000
25.666667	0.5	21.300850
25.675000	0.5	20.961650
25.683333	0.5	20.666200
25.691667	0.5	20.433050
25.700000	0.5	20.238050
25.708333	0.5	20.082500
25.716667	0.5	19.973300
25.725000	0.5	19.897600
25.733333	0.5	19.853700
25.741667	0.5	19.840250
25.750000	0.5	19.847650
25.758333	0.5	19.878650
25.766667	0.5	19.935350
25.775000	0.5	20.001750
25.783333	0.5	20.082750
25.791667	0.5	20.185850
25.800000	0.5	20.295950
25.808333	0.5	20.413900
25.816667	0.5	20.544200
25.825000	0.5	20.684650
25.833333	0.5	20.834000
25.841667	0.5	21.000100
25.850000	0.5	21.171550
25.858333	0.5	21.358650
25.866667	0.5	21.550950
25.875000	0.5	21.762400
25.883333	0.5	21.986850
25.891667	0.5	22.217600
25.900000	0.5	22.467050
25.908333	0.5	22.727200
25.916667	0.5	23.003000
25.925000	0.5	23.292950
25.933333	0.5	23.598100
25.941667	0.5	23.904200
25.950000	0.5	24.230350
25.958333	0.5	24.567250
25.966667	0.5	24.904200
25.975000	0.5	25.261250
25.983333	0.5	25.627200
25.991667	0.5	25.990700
26.000000	0.5	26.356850
26.008333	0.5	26.731300
26.016667	0.5	27.101600
26.025000	0.5	27.469300
26.033333	0.5	27.826600
26.041667	0.5	28.174350
26.050000	0.5	28.515000
26.058333	0.5	28.836600
26.066667	0.5	29.143600
26.075000	0.5	29.440450
26.083333	0.5	29.711550
26.091667	0.5	29.957950
26.100000	0.5	30.188300
26.108333	0.5	30.390650
26.116667	0.5	30.568850
26.125000	0.5	30.717850
26.133333	0.5	30.841550
26.141667	0.5	30.937700
26.150000	0.5	31.001900
26.158333	0.5	31.036400
26.166667	0.5	31.055650
26.175000	0.5	31.042900
26.183333	0.5	30.991000
26.191667	0.5	30.911250
26.200000	0.5	30.810000
26.208333	0.5	30.679400
26.216667	0.5	30.521350
26.225000	0.5	30.340400
26.233333	0.5	30.135700
26.241667	0.5	29.904950
26.250000	0.5	29.657500
26.258333	0.5	29.386400
26.266667	0.5	29.097450
26.275000	0.5	28.791500
26.283333	0.5	28.458800
26.291667	0.5	28.105400
26.300000	0.5	27.742200
26.308333	0.5	27.364350
26.316667	0.5	26.976250
26.325000	0.5	26.579900
26.333333	0.5	26.178900
26.341667	0.5	25.774050
26.350000	0.5	25.365400
26.358333	0.5	24.971100
26.366667	0.5	24.573200
26.375000	0.5	24.183050
26.383333	0.5	23.795750
26.391667	0.5	23.425900
26.400000	0.5	23.076400
26.408333	0.5	22.737800
26.416667	0.5	22.426950
26.425000	0.5	22.134900
26.433333	0.5	21.857800
26.441667	0.5	21.606450
26.450000	0.5	21.372600
26.458333	0.5	21.165850
26.466667	0.5	20.975500
26.475000	0.5	20.786000
26.483333	0.5	20.620400
26.491667	0.5	20.474150
26.500000	0.5	20.330250
26.508333	0.5	20.204050
26.516667	0.5	20.089050
26.525000	0.5	19.979500
26.533333	0.5	19.891800
26.541667	0.5	19.792600
26.550000	0.5	19.713450
26.558333	0.5	19.636150
26.566667	0.5	19.561350
26.575000	0.5	19.489400
26.583333	0.5	19.423400
26.591667	0.5	19.362250
26.600000	0.5	19.297050
26.608333	0.5	19.244150
26.616667	0.5	19.183800
26.625000	0.5	19.135000
26.633333	0.5	19.085050
26.641667	0.5	19.032400
26.650000	0.5	18.992300
26.658333	0.5	18.949500
26.666667	0.5	18.902450
26.675000	0.5	18.859900
26.683333	0.5	18.816400
26.691667	0.5	18.773850
26.700000	0.5	18.729150
26.708333	0.5	18.687150
26.716667	0.5	18.648650
26.725000	0.5	18.607500
26.733333	0.5	18.564600
26.741667	0.5	18.528250
26.750000	0.5	18.487750
26.758333	0.5	18.452100
26.766667	0.5	18.410700
26.775000	0.5	18.371750
26.783333	0.5	18.332050
26.791667	0.5	18.290300
26.800000	0.5	18.244700
26.808333	0.5	18.202600
26.816667	0.5	18.163750
26.825000	0.5	18.121850
26.833333	0.5	18.077450
26.841667	0.5	18.038900
26.850000	0.5	17.992400
26.858333	0.5	17.950500
26.866667	0.5	17.897800
26.875000	0.5	17.855300
26.883333	0.5	17.803450
26.891667	0.5	17.755950
26.900000	0.5	17.701500
26.908333	0.5	17.647400
26.916667	0.5	17.602650
26.925000	0.5	17.540250
26.933333	0.5	17.492250
26.941667	0.5	17.444250
26.950000	0.5	17.386850
26.958333	0.5	17.324250
26.966667	0.5	17.266400
26.975000	0.5	17.210350
26.983333	0.5	17.150500
26.991667	0.5	17.092400
27.000000	0.5	17.031050
27.008333	0.5	16.978950
27.016667	0.5	16.922050
27.025000	0.5	16.863600
27.033333	0.5	16.823350
27.041667	0.5	16.772500
27.050000	0.5	16.718500
27.058333	0.5	16.674350
27.066667	0.5	16.627350
27.075000	0.5	16.585700
27.083333	0.5	16.540150
27.091667	0.5	16.502400
27.100000	0.5	16.468100
27.108333	0.5	16.441350
27.116667	0.5	16.405150
27.125000	0.5	16.389500
27.133333	0.5	16.370550
27.141667	0.5	16.347200
27.150000	0.5	16.326250
27.158333	0.5	16.305950
27.166667	0.5	16.296100
27.175000	0.5	16.276400
27.183333	0.5	16.270650
27.191667	0.5	16.252350
27.200000	0.5	16.242000
27.208333	0.5	16.227450
27.216667	0.5	16.209850
27.225000	0.5	16.205150
27.233333	0.5	16.184300
27.241667	0.5	16.164850
27.250000	0.5	16.133700
27.258333	0.5	16.115200
27.266667	0.5	16.082750
27.275000	0.5	16.050500
27.283333	0.5	16.011850
27.291667	0.5	15.971950
27.300000	0.5	15.932550
27.308333	0.5	15.885350
27.316667	0.5	15.843800
27.325000	0.5	15.799600
27.333333	0.5	15.747850
27.341667	0.5	15.691600
27.350000	0.5	15.631150
27.358333	0.5	15.571550
27.366667	0.5	15.516800
27.375000	0.5	15.452700
27.383333	0.5	15.395250
27.391667	0.5	15.333500
27.400000	0.5	15.275850
27.408333	0.5	15.211400
27.416667	0.5	15.155850
27.425000	0.5	15.099300
27.433333	0.5	15.040500
27.441667	0.5	14.984500
27.450000	0.5	14.922200
27.458333	0.5	14.867500
27.466667	0.5	14.814700
27.475000	0.5	14.762200
27.483333	0.5	14.713500
27.491667	0.5	14.663250
27.500000	0.5	14.615550
27.508333	0.5	14.578100
27.516667	0.5	14.539200
27.525000	0.5	14.501500
27.533333	0.5	14.462500
27.541667	0.5	14.428600
27.550000	0.5	14.397600
27.558333	0.5	14.367450
27.566667	0.5	14.336600
27.575000	0.5	14.313350
27.583333	0.5	14.285050
27.591667	0.5	14.261650
27.600000	0.5	14.244800
27.608333	0.5	14.231550
27.616667	0.5	14.215950
27.625000	0.5	14.202300
27.633333	0.5	14.184850
27.641667	0.5	14.178500
27.650000	0.5	14.169350
27.658333	0.5	14.161000
27.666667	0.5	14.156200
27.675000	0.5	14.151550
27.683333	0.5	14.153400
27.691667	0.5	14.150100
27.700000	0.5	14.156400
27.708333	0.5	14.162050
27.716667	0.5	14.167100
27.725000	0.5	14.174700
27.733333	0.5	14.181450
27.741667	0.5	14.197550
27.750000	0.5	14.205900
27.758333	0.5	14.223550
27.766667	0.5	14.234250
27.775000	0.5	14.252450
27.783333	0.5	14.274700
27.791667	0.5	14.293750
27.800000	0.5	14.324550
27.808333	0.5	14.350800
27.816667	0.5	14.373650
27.825000	0.5	14.397100
27.833333	0.5	14.427650
27.841667	0.5	14.452950
27.850000	0.5	14.476400
27.858333	0.5	14.497000
27.866667	0.5	14.521650
27.875000	0.5	14.547550
27.883333	0.5	14.560550
27.891667	0.5	14.589450
27.900000	0.5	14.612400
27.908333	0.5	14.630750
27.916667	0.5	14.643050
27.925000	0.5	14.655050
27.933333	0.5	14.659200
27.941667	0.5	14.662900
27.950000	0.5	14.663050
27.958333	0.5	14.651850
27.966667	0.5	14.642700
27.975000	0.5	14.631600
27.983333	0.5	14.606800
27.991667	0.5	14.593250
28.000000	0.5	14.566550
28.008333	0.5	14.533550
28.016667	0.5	14.489500
28.025000	0.5	14.446150
28.033333	0.5	14.396750
28.041667	0.5	14.346100
28.050000	0.5	14.284900
28.058333	0.5	14.222350
28.066667	0.5	14.155250
28.075000	0.5	14.090800
28.083333	0.5	14.028750
28.091667	0.5	13.965350
28.100000	0.5	13.892850
28.108333	0.5	13.818600
28.116667	0.5	13.750200
28.125000	0.5	13.676300
28.133333	0.5	13.605100
28.141667	0.5	13.529850
28.150000	0.5	13.459250
28.158333	0.5	13.392700
28.166667	0.5	13.327050
28.175000	0.5	13.259600
28.183333	0.5	13.203350
28.191667	0.5	13.145500
28.200000	0.5	13.082750
28.208333	0.5	13.023350
28.216667	0.5	12.975300
28.225000	0.5	12.922150
28.233333	0.5	12.876200
28.241667	0.5	12.828500
28.250000	0.5	12.787200
28.258333	0.5	12.751650
28.266667	0.5	12.708100
28.275000	0.5	12.676450
28.283333	0.5	12.652250
28.291667	0.5	12.625200
28.300000	0.5	12.605950
28.308333	0.5	12.583450
28.316667	0.5	12.565750
28.325000	0.5	12.547350
28.333333	0.5	12.543050
28.341667	0.5	12.534200
28.350000	0.5	12.531500
28.358333	0.5	12.528750
28.366667	0.5	12.521700
28.375000	0.5	12.536250
28.383333	0.5	12.544000
28.391667	0.5	12.558550
28.400000	0.5	12.576700
28.408333	0.5	12.595350
28.416667	0.5	12.614000
28.425000	0.5	12.638950
28.433333	0.5	12.668000
28.441667	0.5	12.701400
28.450000	0.5	12.744950
28.458333	0.5	12.782500
28.466667	0.5	12.828850
28.475000	0.5	12.878050
28.483333	0.5	12.926700
28.491667	0.5	12.981550
28.500000	0.5	13.040850
28.508333	0.5	13.105150
28.516667	0.5	13.167850
28.525000	0.5	13.228950
28.533333	0.5	13.306500
28.541667	0.5	13.372300
28.550000	0.5	13.443700
28.558333	0.5	13.518500
28.566667	0.5	13.608450
28.575000	0.5	13.679850
28.583333	0.5	13.761450
28.591667	0.5	13.839450
28.600000	0.5	13.917850
28.608333	0.5	13.996750
28.616667	0.5	14.071450
28.625000	0.5	14.144350
28.633333	0.5	14.219350
28.641667	0.5	14.296300
28.650000	0.5	14.356850
28.658333	0.5	14.428500
28.666667	0.5	14.491300
28.675000	0.5	14.554200
28.683333	0.5	14.604650
28.691667	0.5	14.656550
28.700000	0.5	14.696100
28.708333	0.5	14.743650
28.716667	0.5	14.774050
28.725000	0.5	14.794950
28.733333	0.5	14.824750
28.741667	0.5	14.844800
28.750000	0.5	14.854950
28.758333	0.5	14.876300
28.766667	0.5	14.891400
28.775000	0.5	14.896250
28.783333	0.5	14.892700
28.791667	0.5	14.886950
28.800000	0.5	14.880150
28.808333	0.5	14.871300
28.816667	0.5	14.856000
28.825000	0.5	14.845650
28.833333	0.5	14.833450
28.841667	0.5	14.810850
28.850000	0.5	14.794100
28.858333	0.5	14.789100
28.866667	0.5	14.774000
28.875000	0.5	14.752750
28.883333	0.5	14.735150
28.891667	0.5	14.718300
28.900000	0.5	14.706700
28.908333	0.5	14.689500
28.916667	0.5	14.678050
28.925000	0.5	14.669450
28.933333	0.5	14.660050
28.941667	0.5	14.650000
28.950000	0.5	14.651600
28.958333	0.5	14.652850
28.966667	0.5	14.654000
28.975000	0.5	14.655850
28.983333	0.5	14.653500
28.991667	0.5	14.662450
29.000000	0.5	14.671250
29.008333	0.5	14.683850
29.016667	0.5	14.693800
29.025000	0.5	14.716500
29.033333	0.5	14.722600
29.041667	0.5	14.742600
29.050000	0.5	14.765000
29.058333	0.5	14.786000
29.066667	0.5	14.805550
29.075000	0.5	14.824850
29.083333	0.5	14.848800
29.091667	0.5	14.865250
29.100000	0.5	14.885900
29.108333	0.5	14.901150
29.116667	0.5	14.920250
29.125000	0.5	14.932850
29.133333	0.5	14.937750
29.141667	0.5	14.951100
29.150000	0.5	14.956550
29.158333	0.5	14.959050
29.166667	0.5	14.951400
29.175000	0.5	14.939600
29.183333	0.5	14.926750
29.191667	0.5	14.906200
29.200000	0.5	14.875900
29.208333	0.5	14.843350
29.216667	0.5	14.808350
29.225000	0.5	14.768400
29.233333	0.5	14.735650
29.241667	0.5	14.694500
29.250000	0.5	14.652950
29.258333	0.5	14.609200
29.266667	0.5	14.571500
29.275000	0.5	14.527600
29.283333	0.5	14.482950
29.291667	0.5	14.450100
29.300000	0.5	14.413550
29.308333	0.5	14.378100
29.316667	0.5	14.354850
29.325000	0.5	14.321200
29.333333	0.5	14.299850
29.341667	0.5	14.276700
29.350000	0.5	14.256700
29.358333	0.5	14.233000
29.366667	0.5	14.216400
29.375000	0.5	14.199000
29.383333	0.5	14.184100
29.391667	0.5	14.168100
29.400000	0.5	14.157100
29.408333	0.5	14.147050
29.416667	0.5	14.132250
29.425000	0.5	14.128600
29.433333	0.5	14.122900
29.441667	0.5	14.115850
29.450000	0.5	14.112000
29.458333	0.5	14.107850
29.466667	0.5	14.098350
29.475000	0.5	14.107500
29.483333	0.5	14.112250
29.491667	0.5	14.107900
29.500000	0.5	14.122250
29.508333	0.5	14.129450
29.516667	0.5	14.144050
29.525000	0.5	14.167800
29.533333	0.5	14.193600
29.541667	0.5	14.217200
29.550000	0.5	14.250300
29.558333	0.5	14.286750
29.566667	0.5	14.319600
29.575000	0.5	14.351950
29.583333	0.5	14.393000
29.591667	0.5	14.441550
29.600000	0.5	14.478300
29.608333	0.5	14.519100
29.616667	0.5	14.566150
29.625000	0.5	14.612450
29.633333	0.5	14.661400
29.641667	0.5	14.702800
29.650000	0.5	14.742300
29.658333	0.5	14.778400
29.666667	0.5	14.813750
29.675000	0.5	14.848600
29.683333	0.5	14.887300
29.691667	0.5	14.919100
29.700000	0.5	14.951050
29.708333	0.5	14.980250
29.716667	0.5	15.024300
29.725000	0.5	15.048400
29.733333	0.5	15.084100
29.741667	0.5	15.113900
29.750000	0.5	15.142800
29.758333	0.5	15.171700
29.766667	0.5	15.195650
29.775000	0.5	15.223200
29.783333	0.5	15.249300
29.791667	0.5	15.278550
29.800000	0.5	15.304600
29.808333	0.5	15.334100
29.816667	0.5	15.365200
29.825000	0.5	15.391700
29.833333	0.5	15.414500
29.841667	0.5	15.443800
29.850000	0.5	15.465350
29.858333	0.5	15.489500
29.866667	0.5	15.513200
29.875000	0.5	15.529600
29.883333	0.5	15.555300
29.891667	0.5	15.576050
29.900000	0.5	15.583650
29.908333	0.5	15.611100
29.916667	0.5	15.627100
29.925000	0.5	15.647200
29.933333	0.5	15.663850
29.941667	0.5	15.679650
29.950000	0.5	15.687250
29.958333	0.5	15.704500
29.966667	0.5	15.711100
29.975000	0.5	15.720300
29.983333	0.5	15.737900
29.991667	0.5	15.742200
30.000000	0.5	15.753050
30.008333	0.5	15.765150
30.016667	0.5	15.771650
30.025000	0.5	15.782700
30.033333	0.5	15.780600
30.041667	0.5	15.787800
30.050000	0.5	15.790950
30.058333	0.5	15.788900
30.066667	0.5	15.788450
30.075000	0.5	15.792700
30.083333	0.5	15.795150
30.091667	0.5	15.788500
30.100000	0.5	15.788150
30.108333	0.5	15.787700
30.116667	0.5	15.781050
30.125000	0.5	15.765900
30.133333	0.5	15.756700
30.141667	0.5	15.745400
30.150000	0.5	15.726050
30.158333	0.5	15.706400
30.166667	0.5	15.682950
30.175000	0.5	15.658150
30.183333	0.5	15.625550
30.191667	0.5	15.604600
30.200000	0.5	15.568750
30.208333	0.5	15.529150
30.216667	0.5	15.485650
30.225000	0.5	15.435800
30.233333	0.5	15.391600
30.241667	0.5	15.342900
30.250000	0.5	15.285950
30.258333	0.5	15.230800
30.266667	0.5	15.171200
30.275000	0.5	15.116700
30.283333	0.5	15.057650
30.291667	0.5	15.006850
30.300000	0.5	14.955000
30.308333	0.5	14.895400
30.316667	0.5	14.841600
30.325000	0.5	14.781450
30.333333	0.5	14.728200
30.341667	0.5	14.669450
30.350000	0.5	14.620950
30.358333	0.5	14.567600
30.366667	0.5	14.523550
30.375000	0.5	14.471500
30.383333	0.5	14.428000
30.391667	0.5	14.381450
30.400000	0.5	14.344100
30.408333	0.5	14.287000
30.416667	0.5	14.245950
30.425000	0.5	14.192350
30.433333	0.5	14.143000
30.441667	0.5	14.095600
30.450000	0.5	14.039600
30.458333	0.5	13.989850
30.466667	0.5	13.931050
30.475000	0.5	13.870100
30.483333	0.5	13.815150
30.491667	0.5	13.757900
30.500000	0.5	13.689100
30.508333	0.5	13.616650
30.516667	0.5	13.543000
30.525000	0.5	13.463100
30.533333	0.5	13.388100
30.541667	0.5	13.312150
30.550000	0.5	13.227650
30.558333	0.5	13.157200
30.566667	0.5	13.080150
30.575000	0.5	13.008350
30.583333	0.5	12.946700
30.591667	0.5	12.877200
30.600000	0.5	12.815150
30.608333	0.5	12.759350
30.616667	0.5	12.707000
30.625000	0.5	12.656400
30.633333	0.5	12.616200
30.641667	0.5	12.577200
30.650000	0.5	12.550050
30.658333	0.5	12.526100
30.666667	0.5	12.516550
30.675000	0.5	12.514550
30.683333	0.5	12.517250
30.691667	0.5	12.527750
30.700000	0.5	12.540600
30.708333	0.5	12.560150
30.716667	0.5	12.578050
30.725000	0.5	12.611100
30.733333	0.5	12.637050
30.741667	0.5	12.664050
30.750000	0.5	12.689450
30.758333	0.5	12.701950
30.766667	0.5	12.721000
30.775000	0.5	12.726250
30.783333	0.5	12.725050
30.791667	0.5	12.703050
30.800000	0.5	12.673200
30.808333	0.5	12.620600
30.816667	0.5	12.569150
30.825000	0.5	12.502450
30.833333	0.5	12.421150
30.841667	0.5	12.344050
30.850000	0.5	12.250050
30.858333	0.5	12.149600
30.866667	0.5	12.060250
30.875000	0.5	11.963250
30.883333	0.5	11.865800
30.891667	0.5	11.764250
30.900000	0.5	11.670650
30.908333	0.5	11.585000
30.916667	0.5	11.497350
30.925000	0.5	11.412950
30.933333	0.5	11.338250
30.941667	0.5	11.273200
30.950000	0.5	11.201100
30.958333	0.5	11.140750
30.966667	0.5	11.089050
30.975000	0.5	11.037900
30.983333	0.5	10.985600
30.991667	0.5	10.935900
31.000000	0.5	10.892900
31.008333	0.5	10.849600
31.016667	0.5	10.808300
31.025000	0.5	10.777600
31.033333	0.5	10.743600
31.041667	0.5	10.712400
31.050000	0.5	10.686150
31.058333	0.5	10.662150
31.066667	0.5	10.638950
31.075000	0.5	10.611750
31.083333	0.5	10.592350
31.091667	0.5	10.574150
31.100000	0.5	10.555450
31.108333	0.5	10.541600
31.116667	0.5	10.532900
31.125000	0.5	10.522050
31.133333	0.5	10.511950
31.141667	0.5	10.503100
31.150000	0.5	10.503350
31.158333	0.5	10.492550
31.166667	0.5	10.486800
31.175000	0.5	10.481600
31.183333	0.5	10.479850
31.191667	0.5	10.477750
31.200000	0.5	10.475750
31.208333	0.5	10.476850
31.216667	0.5	10.479500
31.225000	0.5	10.480300
31.233333	0.5	10.483100
31.241667	0.5	10.486250
31.250000	0.5	10.494650
31.258333	0.5	10.499450
31.266667	0.5	10.505850
31.275000	0.5	10.511500
31.283333	0.5	10.516450
31.291667	0.5	10.524850
31.300000	0.5	10.536100
31.308333	0.5	10.541450
31.316667	0.5	10.553300
31.325000	0.5	10.569950
31.333333	0.5	10.576750
31.341667	0.5	10.587000
31.350000	0.5	10.601850
31.358333	0.5	10.613100
31.366667	0.5	10.629050
31.375000	0.5	10.642850
31.383333	0.5	10.659100
31.391667	0.5	10.677650
31.400000	0.5	10.685900
31.408333	0.5	10.704350
31.416667	0.5	10.728200
31.425000	0.5	10.744550
31.433333	0.5	10.764500
31.441667	0.5	10.791450
31.450000	0.5	10.811500
31.458333	0.5	10.835200
31.466667	0.5	10.865750
31.475000	0.5	10.890200
31.483333	0.5	10.922050
31.491667	0.5	10.945950
31.500000	0.5	10.973550
31.508333	0.5	11.010500
31.516667	0.5	11.045750
31.525000	0.5	11.079700
31.533333	0.5	11.124400
31.541667	0.5	11.166600
31.550000	0.5	11.215550
31.558333	0.5	11.258750
31.566667	0.5	11.310650
31.575000	0.5	11.361650
31.583333	0.5	11.416900
31.591667	0.5	11.477400
31.600000	0.5	11.539100
31.608333	0.5	11.611850
31.616667	0.5	11.682000
31.625000	0.5	11.755550
31.633333	0.5	11.836050
31.641667	0.5	11.929750
31.650000	0.5	12.020300
31.658333	0.5	12.118250
31.666667	0.5	12.224550
31.675000	0.5	12.330400
31.683333	0.5	12.443600
31.691667	0.5	12.558800
31.700000	0.5	12.688500
31.708333	0.5	12.815300
31.716667	0.5	12.942850
31.725000	0.5	13.074900
31.733333	0.5	13.205950
31.741667	0.5	13.337400
31.750000	0.5	13.464050
31.758333	0.5	13.586500
31.766667	0.5	13.695500
31.775000	0.5	13.801300
31.783333	0.5	13.904800
31.791667	0.5	13.990600
31.800000	0.5	14.073450
31.808333	0.5	14.143950
31.816667	0.5	14.207950
31.825000	0.5	14.268000
31.833333	0.5	14.317200
31.841667	0.5	14.354400
31.850000	0.5	14.380550
31.858333	0.5	14.407550
31.866667	0.5	14.431750
31.875000	0.5	14.446850
31.883333	0.5	14.459250
31.891667	0.5	14.466300
31.900000	0.5	14.480100
31.908333	0.5	14.483450
31.916667	0.5	14.496300
31.925000	0.5	14.510250
31.933333	0.5	14.528500
31.941667	0.5	14.536600
31.950000	0.5	14.553550
31.958333	0.5	14.574150
31.966667	0.5	14.596800
31.975000	0.5	14.619450
31.983333	0.5	14.643050
31.991667	0.5	14.669100
32.000000	0.5	14.707100
32.008333	0.5	14.743300
32.016667	0.5	14.783400
32.025000	0.5	14.825400
32.033333	0.5	14.865000
32.041667	0.5	14.913400
32.050000	0.5	14.960200
32.058333	0.5	15.006800
32.066667	0.5	15.056700
32.075000	0.5	15.104250
32.083333	0.5	15.155200
32.091667	0.5	15.207900
32.100000	0.5	15.255200
32.108333	0.5	15.306450
32.116667	0.5	15.351900
32.125000	0.5	15.398800
32.133333	0.5	15.434400
32.141667	0.5	15.472250
32.150000	0.5	15.515650
32.158333	0.5	15.544700
32.166667	0.5	15.571950
32.175000	0.5	15.588500
32.183333	0.5	15.613900
32.191667	0.5	15.620700
32.200000	0.5	15.628600
32.208333	0.5	15.641900
32.216667	0.5	15.642000
32.225000	0.5	15.640900
32.233333	0.5	15.638950
32.241667	0.5	15.626700
32.250000	0.5	15.615350
32.258333	0.5	15.602000
32.266667	0.5	15.583450
32.275000	0.5	15.562850
32.283333	0.5	15.544650
32.291667	0.5	15.519550
32.300000	0.5	15.507000
32.308333	0.5	15.486550
32.316667	0.5	15.469450
32.325000	0.5	15.443650
32.333333	0.5	15.424500
32.341667	0.5	15.401700
32.350000	0.5	15.387450
32.358333	0.5	15.361600
32.366667	0.5	15.350150
32.375000	0.5	15.338550
32.383333	0.5	15.328200
32.391667	0.5	15.318100
32.400000	0.5	15.312100
32.408333	0.5	15.313650
32.416667	0.5	15.314150
32.425000	0.5	15.307900
32.433333	0.5	15.320500
32.441667	0.5	15.325950
32.450000	0.5	15.324850
32.458333	0.5	15.335700
32.466667	0.5	15.347600
32.475000	0.5	15.361750
32.483333	0.5	15.364000
32.491667	0.5	15.389500
32.500000	0.5	15.412200
32.508333	0.5	15.433800
32.516667	0.5	15.452950
32.525000	0.5	15.475150
32.533333	0.5	15.496950
32.541667	0.5	15.515750
32.550000	0.5	15.541550
32.558333	0.5	15.565350
32.566667	0.5	15.593550
32.575000	0.5	15.621550
32.583333	0.5	15.644900
32.591667	0.5	15.681450
32.600000	0.5	15.721350
32.608333	0.5	15.758550
32.616667	0.5	15.788100
32.625000	0.5	15.789350
32.633333	0.5	15.679000
32.641667	0.5	15.437250
32.650000	0.5	15.149850
32.658333	0.5	14.891650
32.666667	0.5	14.710250
32.675000	0.5	14.577250
32.683333	0.5	14.499500
32.691667	0.5	14.444650
32.700000	0.5	14.395750
32.708333	0.5	14.347200
32.716667	0.5	14.311900
32.725000	0.5	14.273900
32.733333	0.5	14.233750
32.741667	0.5	14.199450
32.750000	0.5	14.162700
32.758333	0.5	14.136700
32.766667	0.5	14.110800
32.775000	0.5	14.087150
32.783333	0.5	14.066150
32.791667	0.5	14.050200
32.800000	0.5	14.029450
32.808333	0.5	14.013550
32.816667	0.5	13.996050
32.825000	0.5	13.981050
32.833333	0.5	13.965550
32.841667	0.5	13.950200
32.850000	0.5	13.935900
32.858333	0.5	13.926650
32.866667	0.5	13.911000
32.875000	0.5	13.904800
32.883333	0.5	13.892450
32.891667	0.5	13.883950
32.900000	0.5	13.867250
32.908333	0.5	13.855550
32.916667	0.5	13.841000
32.925000	0.5	13.826900
32.933333	0.5	13.804450
32.941667	0.5	13.785250
32.950000	0.5	13.768650
32.958333	0.5	13.747450
32.966667	0.5	13.727400
32.975000	0.5	13.706450
32.983333	0.5	13.681100
32.991667	0.5	13.648800
33.000000	0.5	13.615400
33.008333	0.5	13.583150
33.016667	0.5	13.550250
33.025000	0.5	13.511700
33.033333	0.5	13.474500
33.041667	0.5	13.431800
33.050000	0.5	13.390700
33.058333	0.5	13.344750
33.066667	0.5	13.300950
33.075000	0.5	13.267350
33.083333	0.5	13.216700
33.091667	0.5	13.175050
33.100000	0.5	13.124750
33.108333	0.5	13.082850
33.116667	0.5	13.041650
33.125000	0.5	13.003250
33.133333	0.5	12.963200
33.141667	0.5	12.930150
33.150000	0.5	12.898500
33.158333	0.5	12.870150
33.166667	0.5	12.844950
33.175000	0.5	12.823950
33.183333	0.5	12.800750
33.191667	0.5	12.785100
33.200000	0.5	12.771400
33.208333	0.5	12.751000
33.216667	0.5	12.743200
33.225000	0.5	12.726600
33.233333	0.5	12.707000
33.241667	0.5	12.701900
33.250000	0.5	12.688300
33.258333	0.5	12.692850
33.266667	0.5	12.685050
33.275000	0.5	12.675850
33.283333	0.5	12.665700
33.291667	0.5	12.659550
33.300000	0.5	12.650900
33.308333	0.5	12.644150
33.316667	0.5	12.633550
33.325000	0.5	12.620050
33.333333	0.5	12.609150
33.341667	0.5	12.598750
33.350000	0.5	12.587200
33.358333	0.5	12.583050
33.366667	0.5	12.577200
33.375000	0.5	12.566550
33.383333	0.5	12.554000
33.391667	0.5	12.543200
33.400000	0.5	12.529550
33.408333	0.5	12.519550
33.416667	0.5	12.502750
33.425000	0.5	12.489100
33.433333	0.5	12.485250
33.441667	0.5	12.471650
33.450000	0.5	12.464450
33.458333	0.5	12.455800
33.466667	0.5	12.447300
33.475000	0.5	12.434950
33.483333	0.5	12.429550
33.491667	0.5	12.419450
33.500000	0.5	12.411450
33.508333	0.5	12.407300
33.516667	0.5	12.394450
33.525000	0.5	12.393800
33.533333	0.5	12.389150
33.541667	0.5	12.386150
33.550000	0.5	12.389900
33.558333	0.5	12.392750
33.566667	0.5	12.394300
33.575000	0.5	12.396100
33.583333	0.5	12.398900
33.591667	0.5	12.406800
33.600000	0.5	12.412150
33.608333	0.5	12.417400
33.616667	0.5	12.425550
33.625000	0.5	12.425850
33.633333	0.5	12.435100
33.641667	0.5	12.442800
33.650000	0.5	12.450750
33.658333	0.5	12.454650
33.666667	0.5	12.462050
33.675000	0.5	12.464550
33.683333	0.5	12.463600
33.691667	0.5	12.471450
33.700000	0.5	12.472100
33.708333	0.5	12.466350
33.716667	0.5	12.467700
33.725000	0.5	12.469900
33.733333	0.5	12.466900
33.741667	0.5	12.470450
33.750000	0.5	12.468400
33.758333	0.5	12.470050
33.766667	0.5	12.467650
33.775000	0.5	12.468500
33.783333	0.5	12.465300
33.791667	0.5	12.461450
33.800000	0.5	12.463400
33.808333	0.5	12.465950
33.816667	0.5	12.476100
33.825000	0.5	12.470200
33.833333	0.5	12.482450
33.841667	0.5	12.490300
33.850000	0.5	12.500850
33.858333	0.5	12.506650
33.866667	0.5	12.513750
33.875000	0.5	12.525150
33.883333	0.5	12.538900
33.891667	0.5	12.558450
33.900000	0.5	12.582650
33.908333	0.5	12.621150
33.916667	0.5	12.662800
33.925000	0.5	12.720300
33.933333	0.5	12.786000
33.941667	0.5	12.865950
33.950000	0.5	12.960550
33.958333	0.5	13.064550
33.966667	0.5	13.183550
33.975000	0.5	13.307050
33.983333	0.5	13.448250
33.991667	0.5	13.592150
34.000000	0.5	13.744500
34.008333	0.5	13.903000
34.016667	0.5	14.059600
34.025000	0.5	14.228100
34.033333	0.5	14.388850
34.041667	0.5	14.550750
34.050000	0.5	14.703150
34.058333	0.5	14.854650
34.066667	0.5	15.005900
34.075000	0.5	15.148100
34.083333	0.5	15.269100
34.091667	0.5	15.390600
34.100000	0.5	15.496000
34.108333	0.5	15.588800
34.116667	0.5	15.673650
34.125000	0.5	15.742150
34.133333	0.5	15.794450
34.141667	0.5	15.831400
34.150000	0.5	15.852550
34.158333	0.5	15.859050
34.166667	0.5	15.856850
34.175000	0.5	15.825200
34.183333	0.5	15.782950
34.191667	0.5	15.732300
34.200000	0.5	15.660600
34.208333	0.5	15.571200
34.216667	0.5	15.473100
34.225000	0.5	15.355900
34.233333	0.5	15.226200
34.241667	0.5	15.088300
34.250000	0.5	14.941750
34.258333	0.5	14.782950
34.266667	0.5	14.622800
34.275000	0.5	14.465800
34.283333	0.5	14.305900
34.291667	0.5	14.151100
34.300000	0.5	14.003200
34.308333	0.5	13.865850
34.316667	0.5	13.740600
34.325000	0.5	13.618200
34.333333	0.5	13.497200
34.341667	0.5	13.387350
34.350000	0.5	13.280700
34.358333	0.5	13.176400
34.366667	0.5	13.075650
34.375000	0.5	12.982350
34.383333	0.5	12.889650
34.391667	0.5	12.796400
34.400000	0.5	12.702400
34.408333	0.5	12.616750
34.416667	0.5	12.529650
34.425000	0.5	12.438400
34.433333	0.5	12.362050
34.441667	0.5	12.278050
34.450000	0.5	12.204900
34.458333	0.5	12.129350
34.466667	0.5	12.063500
34.475000	0.5	12.001150
34.483333	0.5	11.953600
34.491667	0.5	11.907950
34.500000	0.5	11.865300
34.508333	0.5	11.838600
34.516667	0.5	11.812700
34.525000	0.5	11.788200
34.533333	0.5	11.774400
34.541667	0.5	11.769650
34.550000	0.5	11.761650
34.558333	0.5	11.765000
34.566667	0.5	11.772000
34.575000	0.5	11.784050
34.583333	0.5	11.795500
34.591667	0.5	11.819400
34.600000	0.5	11.848800
34.608333	0.5	11.878900
34.616667	0.5	11.910150
34.625000	0.5	11.945350
34.633333	0.5	11.987350
34.641667	0.5	12.029350
34.650000	0.5	12.077650
34.658333	0.5	12.115950
34.666667	0.5	12.157650
34.675000	0.5	12.204550
34.683333	0.5	12.245650
34.691667	0.5	12.287950
34.700000	0.5	12.330600
34.708333	0.5	12.364900
34.716667	0.5	12.397250
34.725000	0.5	12.421900
34.733333	0.5	12.439000
34.741667	0.5	12.456000
34.750000	0.5	12.455600
34.758333	0.5	12.462400
34.766667	0.5	12.454750
34.775000	0.5	12.448750
34.783333	0.5	12.433650
34.791667	0.5	12.413350
34.800000	0.5	12.400600
34.808333	0.5	12.376200
34.816667	0.5	12.356250
34.825000	0.5	12.333250
34.833333	0.5	12.308600
34.841667	0.5	12.285900
34.850000	0.5	12.265900
34.858333	0.5	12.247700
34.866667	0.5	12.231100
34.875000	0.5	12.218300
34.883333	0.5	12.212300
34.891667	0.5	12.204200
34.900000	0.5	12.201000
34.908333	0.5	12.193250
34.916667	0.5	12.198950
34.925000	0.5	12.194800
34.933333	0.5	12.195950
34.941667	0.5	12.199750
34.950000	0.5	12.208700
34.958333	0.5	12.214400
34.966667	0.5	12.221350
34.975000	0.5	12.227300
34.983333	0.5	12.241300
34.991667	0.5	12.255100
35.000000	0.5	12.258900
35.008333	0.5	12.269750
35.016667	0.5	12.280450
35.025000	0.5	12.291500
35.033333	0.5	12.295500
35.041667	0.5	12.308050
35.050000	0.5	12.320050
35.058333	0.5	12.326750
35.066667	0.5	12.334950
35.075000	0.5	12.345800
35.083333	0.5	12.357300
35.091667	0.5	12.364500
35.100000	0.5	12.379550
35.108333	0.5	12.388000
35.116667	0.5	12.395800
35.125000	0.5	12.410800
35.133333	0.5	12.421950
35.141667	0.5	12.432050
35.150000	0.5	12.447900
35.158333	0.5	12.461350
35.166667	0.5	12.471200
35.175000	0.5	12.487250
35.183333	0.5	12.497200
35.191667	0.5	12.519200
35.200000	0.5	12.522100
35.208333	0.5	12.543150
35.216667	0.5	12.549950
35.225000	0.5	12.560750
35.233333	0.5	12.570850
35.241667	0.5	12.571200
35.250000	0.5	12.575750
35.258333	0.5	12.577900
35.266667	0.5	12.571850
35.275000	0.5	12.570850
35.283333	0.5	12.565750
35.291667	0.5	12.550950
35.300000	0.5	12.537350
35.308333	0.5	12.510400
35.316667	0.5	12.482200
35.325000	0.5	12.458100
35.333333	0.5	12.423950
35.341667	0.5	12.388100
35.350000	0.5	12.343100
35.358333	0.5	12.293250
35.366667	0.5	12.254150
35.375000	0.5	12.203900
35.383333	0.5	12.145350
35.391667	0.5	12.088250
35.400000	0.5	12.026350
35.408333	0.5	11.962300
35.416667	0.5	11.903450
35.425000	0.5	11.845200
35.433333	0.5	11.780150
35.441667	0.5	11.725850
35.450000	0.5	11.668950
35.458333	0.5	11.618250
35.466667	0.5	11.576750
35.475000	0.5	11.531350
35.483333	0.5	11.486000
35.491667	0.5	11.452800
35.500000	0.5	11.413850
35.508333	0.5	11.382300
35.516667	0.5	11.356900
35.525000	0.5	11.333050
35.533333	0.5	11.317550
35.541667	0.5	11.301100
35.550000	0.5	11.284800
35.558333	0.5	11.276750
35.566667	0.5	11.269400
35.575000	0.5	11.264900
35.583333	0.5	11.258500
35.591667	0.5	11.256400
35.600000	0.5	11.256400
35.608333	0.5	11.255800
35.616667	0.5	11.261800
35.625000	0.5	11.264150
35.633333	0.5	11.257650
35.641667	0.5	11.270050
35.650000	0.5	11.272250
35.658333	0.5	11.279950
35.666667	0.5	11.288000
35.675000	0.5	11.287950
35.683333	0.5	11.290750
35.691667	0.5	11.296950
35.700000	0.5	11.294800
35.708333	0.5	11.290350
35.716667	0.5	11.293950
35.725000	0.5	11.287900
35.733333	0.5	11.283450
35.741667	0.5	11.281650
35.750000	0.5	11.273600
35.758333	0.5	11.263650
35.766667	0.5	11.249250
35.775000	0.5	11.242250
35.783333	0.5	11.232100
35.791667	0.5	11.211650
35.800000	0.5	11.200950
35.808333	0.5	11.187250
35.816667	0.5	11.179050
35.825000	0.5	11.170000
35.833333	0.5	11.157500
35.841667	0.5	11.151150
35.850000	0.5	11.150350
35.858333	0.5	11.146700
35.866667	0.5	11.145700
35.875000	0.5	11.143800
35.883333	0.5	11.150550
35.891667	0.5	11.153200
35.900000	0.5	11.160550
35.908333	0.5	11.176300
35.916667	0.5	11.182450
35.925000	0.5	11.194900
35.933333	0.5	11.205900
35.941667	0.5	11.220100
35.950000	0.5	11.232250
35.958333	0.5	11.247200
35.966667	0.5	11.246400
35.975000	0.5	11.240650
35.983333	0.5	11.248200
35.991667	0.5	11.246800
36.000000	0.5	11.239300
36.008333	0.5	11.225700
36.016667	0.5	11.212350
36.025000	0.5	11.198400
36.033333	0.5	11.182000
36.041667	0.5	11.162200
36.050000	0.5	11.146200
36.058333	0.5	11.122600
36.066667	0.5	11.099400
36.075000	0.5	11.066800
36.083333	0.5	11.050250
36.091667	0.5	11.034600
36.100000	0.5	11.006100
36.108333	0.5	10.993300
36.116667	0.5	10.978050
36.125000	0.5	10.960250
36.133333	0.5	10.953900
36.141667	0.5	10.948000
36.150000	0.5	10.945900
36.158333	0.5	10.943300
36.166667	0.5	10.938700
36.175000	0.5	10.944000
36.183333	0.5	10.954200
36.191667	0.5	10.960600
36.200000	0.5	10.974100
36.208333	0.5	10.986550
36.216667	0.5	11.001800
36.225000	0.5	11.019650
36.233333	0.5	11.045750
36.241667	0.5	11.066450
36.250000	0.5	11.090050
36.258333	0.5	11.107700
36.266667	0.5	11.138650
36.275000	0.5	11.156150
36.283333	0.5	11.181850
36.291667	0.5	11.198750
36.300000	0.5	11.219900
36.308333	0.5	11.243650
36.316667	0.5	11.256550
36.325000	0.5	11.274350
36.333333	0.5	11.282550
36.341667	0.5	11.291650
36.350000	0.5	11.300750
36.358333	0.5	11.299850
36.366667	0.5	11.302150
36.375000	0.5	11.304800
36.383333	0.5	11.297350
36.391667	0.5	11.287450
36.400000	0.5	11.280350
36.408333	0.5	11.270300
36.416667	0.5	11.255800
36.425000	0.5	11.246550
36.433333	0.5	11.235900
36.441667	0.5	11.221250
36.450000	0.5	11.201600
36.458333	0.5	11.185550
36.466667	0.5	11.169700
36.475000	0.5	11.145750
36.483333	0.5	11.123900
36.491667	0.5	11.105900
36.500000	0.5	11.086150
36.508333	0.5	11.063500
36.516667	0.5	11.041400
36.525000	0.5	11.024150
36.533333	0.5	11.000750
36.541667	0.5	10.975950
36.550000	0.5	10.950050
36.558333	0.5	10.928600
36.566667	0.5	10.910250
36.575000	0.5	10.884550
36.583333	0.5	10.864650
36.591667	0.5	10.844900
36.600000	0.5	10.823050
36.608333	0.5	10.801900
36.616667	0.5	10.783750
36.625000	0.5	10.765550
36.633333	0.5	10.751600
36.641667	0.5	10.732500
36.650000	0.5	10.719700
36.658333	0.5	10.702500
36.666667	0.5	10.688400
36.675000	0.5	10.679250
36.683333	0.5	10.663850
36.691667	0.5	10.656850
36.700000	0.5	10.641200
36.708333	0.5	10.641450
36.716667	0.5	10.631750
36.725000	0.5	10.625700
36.733333	0.5	10.613050
36.741667	0.5	10.607600
36.750000	0.5	10.597450
36.758333	0.5	10.591000
36.766667	0.5	10.591000
36.775000	0.5	10.584650
36.783333	0.5	10.580350
36.791667	0.5	10.581000
36.800000	0.5	10.576350
36.808333	0.5	10.573000
36.816667	0.5	10.575800
36.825000	0.5	10.570050
36.833333	0.5	10.568400
36.841667	0.5	10.565350
36.850000	0.5	10.558600
36.858333	0.5	10.556350
36.866667	0.5	10.558900
36.875000	0.5	10.554450
36.883333	0.5	10.549350
36.891667	0.5	10.547200
36.900000	0.5	10.545450
36.908333	0.5	10.541600
36.916667	0.5	10.544250
36.925000	0.5	10.532150
36.933333	0.5	10.530400
36.941667	0.5	10.532700
36.950000	0.5	10.530450
36.958333	0.5	10.533400
36.966667	0.5	10.525650
36.975000	0.5	10.527700
36.983333	0.5	10.527200
36.991667	0.5	10.531400
37.000000	0.5	10.536000
37.008333	0.5	10.541200
37.016667	0.5	10.541900
37.025000	0.5	10.554000
37.033333	0.5	10.561200
37.041667	0.5	10.572250
37.050000	0.5	10.579450
37.058333	0.5	10.594150
37.066667	0.5	10.610850
37.075000	0.5	10.627750
37.083333	0.5	10.637400
37.091667	0.5	10.660400
37.100000	0.5	10.682500
37.108333	0.5	10.702950
37.116667	0.5	10.717250
37.125000	0.5	10.744350
37.133333	0.5	10.765300
37.141667	0.5	10.783700
37.150000	0.5	10.805750
37.158333	0.5	10.820850
37.166667	0.5	10.850100
37.175000	0.5	10.866000
37.183333	0.5	10.887200
37.191667	0.5	10.909350
37.200000	0.5	10.930950
37.208333	0.5	10.954250
37.216667	0.5	10.971900
37.225000	0.5	10.993100
37.233333	0.5	11.012950
37.241667	0.5	11.034650
37.250000	0.5	11.053300
37.258333	0.5	11.078150
37.266667	0.5	11.100600
37.275000	0.5	11.124200
37.283333	0.5	11.149500
37.291667	0.5	11.179100
37.300000	0.5	11.204650
37.308333	0.5	11.224550
37.316667	0.5	11.254750
37.325000	0.5	11.281350
37.333333	0.5	11.307400
37.341667	0.5	11.326900
37.350000	0.5	11.357650
37.358333	0.5	11.380350
37.366667	0.5	11.403100
37.375000	0.5	11.424450
37.383333	0.5	11.454300
37.391667	0.5	11.476200
37.400000	0.5	11.491250
37.408333	0.5	11.513500
37.416667	0.5	11.531100
37.425000	0.5	11.549150
37.433333	0.5	11.563450
37.441667	0.5	11.576850
37.450000	0.5	11.596700
37.458333	0.5	11.616250
37.466667	0.5	11.629000
37.475000	0.5	11.655800
37.483333	0.5	11.681900
37.491667	0.5	11.698550
37.500000	0.5	11.723850
37.508333	0.5	11.752050
37.516667	0.5	11.779500
37.525000	0.5	11.795250
37.533333	0.5	11.826400
37.541667	0.5	11.845400
37.550000	0.5	11.859200
37.558333	0.5	11.873900
37.566667	0.5	11.892850
37.575000	0.5	11.900500
37.583333	0.5	11.908250
37.591667	0.5	11.903100
37.600000	0.5	11.890050
37.608333	0.5	11.877100
37.616667	0.5	11.859600
37.625000	0.5	11.828700
37.633333	0.5	11.793700
37.641667	0.5	11.756450
37.650000	0.5	11.715300
37.658333	0.5	11.660150
37.666667	0.5	11.605500
37.675000	0.5	11.550900
37.683333	0.5	11.479900
37.691667	0.5	11.407400
37.700000	0.5	11.339900
37.708333	0.5	11.266250
37.716667	0.5	11.191450
37.725000	0.5	11.122850
37.733333	0.5	11.048750
37.741667	0.5	10.991100
37.750000	0.5	10.930650
37.758333	0.5	10.865200
37.766667	0.5	10.821100
37.775000	0.5	10.777500
37.783333	0.5	10.734800
37.791667	0.5	10.701200
37.800000	0.5	10.667250
37.808333	0.5	10.635500
37.816667	0.5	10.621900
37.825000	0.5	10.603700
37.833333	0.5	10.602200
37.841667	0.5	10.590350
37.850000	0.5	10.587300
37.858333	0.5	10.598300
37.866667	0.5	10.603350
37.875000	0.5	10.620500
37.883333	0.5	10.636850
37.891667	0.5	10.655200
37.900000	0.5	10.675050
37.908333	0.5	10.708650
37.916667	0.5	10.742050
37.925000	0.5	10.778600
37.933333	0.5	10.817300
37.941667	0.5	10.864400
37.950000	0.5	10.916950
37.958333	0.5	10.966900
37.966667	0.5	11.026300
37.975000	0.5	11.082250
37.983333	0.5	11.152150
37.991667	0.5	11.221800
38.000000	0.5	11.295950
38.008333	0.5	11.383550
38.016667	0.5	11.466050
38.025000	0.5	11.557000
38.033333	0.5	11.662600
38.041667	0.5	11.766700
38.050000	0.5	11.878000
38.058333	0.5	11.995050
38.066667	0.5	12.114650
38.075000	0.5	12.228800
38.083333	0.5	12.359000
38.091667	0.5	12.473250
38.100000	0.5	12.474600
38.108333	0.5	12.718600
38.116667	0.5	12.820400
38.125000	0.5	12.932750
38.133333	0.5	13.033700
38.141667	0.5	13.129850
38.150000	0.5	13.229850
38.158333	0.5	13.318650
38.166667	0.5	13.397500
38.175000	0.5	13.485850
38.183333	0.5	13.559000
38.191667	0.5	13.639650
38.200000	0.5	13.694900
38.208333	0.5	13.764150
38.216667	0.5	13.811050
38.225000	0.5	13.868750
38.233333	0.5	13.904200
38.241667	0.5	13.948250
38.250000	0.5	13.965000
38.258333	0.5	13.993800
38.266667	0.5	13.996150
38.275000	0.5	13.993350
38.283333	0.5	13.993800
38.291667	0.5	13.973800
38.300000	0.5	13.953750
38.308333	0.5	13.927400
38.316667	0.5	13.888950
38.325000	0.5	13.836800
38.333333	0.5	13.786800
38.341667	0.5	13.725250
38.350000	0.5	13.652300
38.358333	0.5	13.581000
38.366667	0.5	13.493950
38.375000	0.5	13.408000
38.383333	0.5	13.316300
38.391667	0.5	13.223300
38.400000	0.5	13.131150
38.408333	0.5	13.024350
38.416667	0.5	12.927950
38.425000	0.5	12.818800
38.433333	0.5	12.730000
38.441667	0.5	12.621200
38.450000	0.5	12.524850
38.458333	0.5	12.421500
38.466667	0.5	12.326400
38.475000	0.5	12.234600
38.483333	0.5	12.151750
38.491667	0.5	12.080000
38.500000	0.5	12.008550
38.508333	0.5	11.953900
38.516667	0.5	11.912000
38.525000	0.5	11.879700
38.533333	0.5	11.867400
38.541667	0.5	11.864100
38.550000	0.5	11.867700
38.558333	0.5	11.885100
38.566667	0.5	11.915000
38.575000	0.5	11.953950
38.583333	0.5	11.995050
38.591667	0.5	12.040600
38.600000	0.5	12.092650
38.608333	0.5	12.145750
38.616667	0.5	12.192150
38.625000	0.5	12.239500
38.633333	0.5	12.286800
38.641667	0.5	12.328700
38.650000	0.5	12.364000
38.658333	0.5	12.390150
38.666667	0.5	12.418200
38.675000	0.5	12.440400
38.683333	0.5	12.451200
38.691667	0.5	12.459100
38.700000	0.5	12.469400
38.708333	0.5	12.460750
38.716667	0.5	12.455850
38.725000	0.5	12.446400
38.733333	0.5	12.416350
38.741667	0.5	12.398100
38.750000	0.5	12.366950
38.758333	0.5	12.330950
38.766667	0.5	12.297800
38.775000	0.5	12.261300
38.783333	0.5	12.225400
38.791667	0.5	12.184700
38.800000	0.5	12.148700
38.808333	0.5	12.106550
38.816667	0.5	12.071900
38.825000	0.5	12.041000
38.833333	0.5	12.010250
38.841667	0.5	11.969500
38.850000	0.5	11.941250
38.858333	0.5	11.913750
38.866667	0.5	11.883500
38.875000	0.5	11.862350
38.883333	0.5	11.834300
38.891667	0.5	11.814300
38.900000	0.5	11.791650
38.908333	0.5	11.772800
38.916667	0.5	11.752600
38.925000	0.5	11.721300
38.933333	0.5	11.697200
38.941667	0.5	11.675950
38.950000	0.5	11.647300
38.958333	0.5	11.623650
38.966667	0.5	11.595450
38.975000	0.5	11.570150
38.983333	0.5	11.546000
38.991667	0.5	11.517500
39.000000	0.5	11.491600
39.008333	0.5	11.471700
39.016667	0.5	11.447050
39.025000	0.5	11.422000
39.033333	0.5	11.407100
39.041667	0.5	11.379100
39.050000	0.5	11.364450
39.058333	0.5	11.342750
39.066667	0.5	11.327050
39.075000	0.5	11.319050
39.083333	0.5	11.306200
39.091667	0.5	11.296950
39.100000	0.5	11.289200
39.108333	0.5	11.282200
39.116667	0.5	11.281650
39.125000	0.5	11.277200
39.133333	0.5	11.274650
39.141667	0.5	11.274400
39.150000	0.5	11.276750
39.158333	0.5	11.278250
39.166667	0.5	11.276550
39.175000	0.5	11.278400
39.183333	0.5	11.285700
39.191667	0.5	11.288200
39.200000	0.5	11.296650
39.208333	0.5	11.294100
39.216667	0.5	11.303400
39.225000	0.5	11.299600
39.233333	0.5	11.295050
39.241667	0.5	11.303650
39.250000	0.5	11.303250
39.258333	0.5	11.294400
39.266667	0.5	11.295550
39.275000	0.5	11.299250
39.283333	0.5	11.291900
39.291667	0.5	11.281200
39.300000	0.5	11.282600
39.308333	0.5	11.275650
39.316667	0.5	11.268750
39.325000	0.5	11.257100
39.333333	0.5	11.244750
39.341667	0.5	11.238450
39.350000	0.5	11.226150
39.358333	0.5	11.211950
39.366667	0.5	11.199000
39.375000	0.5	11.190500
39.383333	0.5	11.171500
39.391667	0.5	11.161150
39.400000	0.5	11.145500
39.408333	0.5	11.130400
39.416667	0.5	11.112200
39.425000	0.5	11.093500
39.433333	0.5	11.075950
39.441667	0.5	11.058100
39.450000	0.5	11.037350
39.458333	0.5	11.022250
39.466667	0.5	11.012100
39.475000	0.5	10.987200
39.483333	0.5	10.971500
39.491667	0.5	10.958300
39.500000	0.5	10.947500
39.508333	0.5	10.927450
39.516667	0.5	10.911450
39.525000	0.5	10.899150
39.533333	0.5	10.887750
39.541667	0.5	10.874800
39.550000	0.5	10.860250
39.558333	0.5	10.855950
39.566667	0.5	10.853200
39.575000	0.5	10.839150
39.583333	0.5	10.826850
39.591667	0.5	10.824600
39.600000	0.5	10.816050
39.608333	0.5	10.810900
39.616667	0.5	10.807250
39.625000	0.5	10.804800
39.633333	0.5	10.804700
39.641667	0.5	10.797700
39.650000	0.5	10.788850
39.658333	0.5	10.784950
39.666667	0.5	10.783100
39.675000	0.5	10.772600
39.683333	0.5	10.778750
39.691667	0.5	10.766100
39.700000	0.5	10.758400
39.708333	0.5	10.750100
39.716667	0.5	10.746150
39.725000	0.5	10.738000
39.733333	0.5	10.728700
39.741667	0.5	10.718450
39.750000	0.5	10.711600
39.758333	0.5	10.709850
39.766667	0.5	10.699000
39.775000	0.5	10.689550
39.783333	0.5	10.688250
39.791667	0.5	10.678250
39.800000	0.5	10.672550
39.808333	0.5	10.660100
39.816667	0.5	10.653800
39.825000	0.5	10.658300
39.833333	0.5	10.646700
39.841667	0.5	10.646000
39.850000	0.5	10.652050
39.858333	0.5	10.643850
39.866667	0.5	10.643250
39.875000	0.5	10.653250
39.883333	0.5	10.655700
39.891667	0.5	10.653500
39.900000	0.5	10.661500
39.908333	0.5	10.669450
39.916667	0.5	10.679100
39.925000	0.5	10.685350
39.933333	0.5	10.696000
39.941667	0.5	10.715250
39.950000	0.5	10.723000
39.958333	0.5	10.732700
39.966667	0.5	10.755300
39.975000	0.5	10.769600
39.983333	0.5	10.788200
39.991667	0.5	10.806800
40.000000	0.5	10.813000
40.008333	0.5	10.825700
40.016667	0.5	10.846400
40.025000	0.5	10.853850
40.033333	0.5	10.866950
40.041667	0.5	10.883850
40.050000	0.5	10.895300
40.058333	0.5	10.909950
40.066667	0.5	10.924050
40.075000	0.5	10.930800
40.083333	0.5	10.942300
40.091667	0.5	10.958900
40.100000	0.5	10.970800
40.108333	0.5	10.985600
40.116667	0.5	11.008150
40.125000	0.5	11.023500
40.133333	0.5	11.053600
40.141667	0.5	11.086600
40.150000	0.5	11.117500
40.158333	0.5	11.166950
40.166667	0.5	11.213750
40.175000	0.5	11.267250
40.183333	0.5	11.318950
40.191667	0.5	11.383900
40.200000	0.5	11.443550
40.208333	0.5	11.528100
40.216667	0.5	11.597750
40.225000	0.5	11.669300
40.233333	0.5	11.749900
40.241667	0.5	11.823550
40.250000	0.5	11.895650
40.258333	0.5	11.981800
40.266667	0.5	12.052550
40.275000	0.5	12.121700
40.283333	0.5	12.195750
40.291667	0.5	12.251850
40.300000	0.5	12.297650
40.308333	0.5	12.349800
40.316667	0.5	12.391500
40.325000	0.5	12.435000
40.333333	0.5	12.454600
40.341667	0.5	12.468650
40.350000	0.5	12.484500
40.358333	0.5	12.488800
40.366667	0.5	12.479750
40.375000	0.5	12.465250
40.383333	0.5	12.438150
40.391667	0.5	12.414600
40.400000	0.5	12.367000
40.408333	0.5	12.317000
40.416667	0.5	12.264950
40.425000	0.5	12.207050
40.433333	0.5	12.142450
40.441667	0.5	12.074650
40.450000	0.5	12.007550
40.458333	0.5	11.924100
40.466667	0.5	11.849100
40.475000	0.5	11.771500
40.483333	0.5	11.684800
40.491667	0.5	11.603900
40.500000	0.5	11.529100
40.508333	0.5	11.445650
40.516667	0.5	11.372200
40.525000	0.5	11.302500
40.533333	0.5	11.244150
40.541667	0.5	11.181350
40.550000	0.5	11.130300
40.558333	0.5	11.076950
40.566667	0.5	11.041450
40.575000	0.5	11.002200
40.583333	0.5	10.977300
40.591667	0.5	10.953700
40.600000	0.5	10.935850
40.608333	0.5	10.918650
40.616667	0.5	10.903700
40.625000	0.5	10.899850
40.633333	0.5	10.878750
40.641667	0.5	10.882500
40.650000	0.5	10.868600
40.658333	0.5	10.865050
40.666667	0.5	10.869550
40.675000	0.5	10.858100
40.683333	0.5	10.847400
40.691667	0.5	10.841300
40.700000	0.5	10.828750
40.708333	0.5	10.820050
40.716667	0.5	10.809550
40.725000	0.5	10.793250
40.733333	0.5	10.774150
40.741667	0.5	10.761800
40.750000	0.5	10.744750
40.758333	0.5	10.714000
40.766667	0.5	10.698350
40.775000	0.5	10.678150
40.783333	0.5	10.646500
40.791667	0.5	10.625400
40.800000	0.5	10.603000
40.808333	0.5	10.579250
40.816667	0.5	10.550550
40.825000	0.5	10.531250
40.833333	0.5	10.513850
40.841667	0.5	10.491950
40.850000	0.5	10.472900
40.858333	0.5	10.447350
40.866667	0.5	10.435350
40.875000	0.5	10.415200
40.883333	0.5	10.399050
40.891667	0.5	10.390400
40.900000	0.5	10.388150
40.908333	0.5	10.386050
40.916667	0.5	10.375850
40.925000	0.5	10.369900
40.933333	0.5	10.373750
40.941667	0.5	10.375750
40.950000	0.5	10.383200
40.958333	0.5	10.385200
40.966667	0.5	10.400000
40.975000	0.5	10.406700
40.983333	0.5	10.422800
40.991667	0.5	10.431000
41.000000	0.5	10.453050
41.008333	0.5	10.467950
41.016667	0.5	10.490200
41.025000	0.5	10.513100
41.033333	0.5	10.544250
41.041667	0.5	10.557100
41.050000	0.5	10.589500
41.058333	0.5	10.620900
41.066667	0.5	10.649150
41.075000	0.5	10.682400
41.083333	0.5	10.721400
41.091667	0.5	10.759650
41.100000	0.5	10.798300
41.108333	0.5	10.847200
41.116667	0.5	10.904300
41.125000	0.5	10.958550
41.133333	0.5	11.033800
41.141667	0.5	11.103700
41.150000	0.5	11.193600
41.158333	0.5	11.284400
41.166667	0.5	11.397200
41.175000	0.5	11.524400
41.183333	0.5	11.640850
41.191667	0.5	11.779200
41.200000	0.5	11.924250
41.208333	0.5	12.064200
41.216667	0.5	12.207550
41.225000	0.5	12.348900
41.233333	0.5	12.473750
41.241667	0.5	12.593450
41.250000	0.5	12.722100
41.258333	0.5	12.836850
41.266667	0.5	12.936900
41.275000	0.5	13.036150
41.283333	0.5	13.140100
41.291667	0.5	13.228350
41.300000	0.5	13.310050
41.308333	0.5	13.400300
41.316667	0.5	13.486700
41.325000	0.5	13.561500
41.333333	0.5	13.619350
41.341667	0.5	13.691000
41.350000	0.5	13.749200
41.358333	0.5	13.800200
41.366667	0.5	13.848600
41.375000	0.5	13.895300
41.383333	0.5	13.952900
41.391667	0.5	13.963950
41.400000	0.5	13.999600
41.408333	0.5	14.013250
41.416667	0.5	14.031400
41.425000	0.5	14.043050
41.433333	0.5	14.055250
41.441667	0.5	14.063900
41.450000	0.5	14.066600
41.458333	0.5	14.065350
41.466667	0.5	14.070150
41.475000	0.5	14.071450
41.483333	0.5	14.064600
41.491667	0.5	14.062200
41.500000	0.5	14.062100
41.508333	0.5	14.055550
41.516667	0.5	14.044250
41.525000	0.5	14.034750
41.533333	0.5	14.021050
41.541667	0.5	14.010250
41.550000	0.5	14.006550
41.558333	0.5	13.990300
41.566667	0.5	13.985100
41.575000	0.5	13.975000
41.583333	0.5	13.947400
41.591667	0.5	13.934200
41.600000	0.5	13.916850
41.608333	0.5	13.900700
41.616667	0.5	13.871400
41.625000	0.5	13.846200
41.633333	0.5	13.826600
41.641667	0.5	13.805150
41.650000	0.5	13.783400
41.658333	0.5	13.766400
41.666667	0.5	13.750150
41.675000	0.5	13.747100
41.683333	0.5	13.733450
41.691667	0.5	13.724450
41.700000	0.5	13.720850
41.708333	0.5	13.720950
41.716667	0.5	13.716000
41.725000	0.5	13.712850
41.733333	0.5	13.719800
41.741667	0.5	13.730050
41.750000	0.5	13.738600
41.758333	0.5	13.741450
41.766667	0.5	13.744150
41.775000	0.5	13.749550
41.783333	0.5	13.747200
41.791667	0.5	13.751750
41.800000	0.5	13.749900
41.808333	0.5	13.742000
41.816667	0.5	13.742750
41.825000	0.5	13.730800
41.833333	0.5	13.717400
41.841667	0.5	13.704700
41.850000	0.5	13.683300
41.858333	0.5	13.663500
41.866667	0.5	13.634850
41.875000	0.5	13.602950
41.883333	0.5	13.576100
41.891667	0.5	13.538450
41.900000	0.5	13.491100
41.908333	0.5	13.451800
41.916667	0.5	13.408400
41.925000	0.5	13.349850
41.933333	0.5	13.301700
41.941667	0.5	13.245750
41.950000	0.5	13.186800
41.958333	0.5	13.122900
41.966667	0.5	13.058350
41.975000	0.5	12.987350
41.983333	0.5	12.916500
41.991667	0.5	12.846450
42.000000	0.5	12.763950
42.008333	0.5	12.686700
42.016667	0.5	12.600800
42.025000	0.5	12.517050
42.033333	0.5	12.434950
42.041667	0.5	12.343000
42.050000	0.5	12.255300
42.058333	0.5	12.161600
42.066667	0.5	12.075450
42.075000	0.5	11.987100
42.083333	0.5	11.896750
42.091667	0.5	11.805900
42.100000	0.5	11.704500
42.108333	0.5	11.620950
42.116667	0.5	11.526300
42.125000	0.5	11.442050
42.133333	0.5	11.345650
42.141667	0.5	11.259750
42.150000	0.5	11.168500
42.158333	0.5	11.094950
42.166667	0.5	11.013750
42.175000	0.5	10.938000
42.183333	0.5	10.854650
42.191667	0.5	10.782350
42.200000	0.5	10.713800
42.208333	0.5	10.639900
42.216667	0.5	10.578100
42.225000	0.5	10.511150
42.233333	0.5	10.461600
42.241667	0.5	10.402600
42.250000	0.5	10.360650
42.258333	0.5	10.307500
42.266667	0.5	10.268400
42.275000	0.5	10.231000
42.283333	0.5	10.191600
42.291667	0.5	10.156450
42.300000	0.5	10.124500
42.308333	0.5	10.090900
42.316667	0.5	10.070300
42.325000	0.5	10.041450
42.333333	0.5	10.017800
42.341667	0.5	9.995300
42.350000	0.5	9.977050
42.358333	0.5	9.957350
42.366667	0.5	9.949950
42.375000	0.5	9.938450
42.383333	0.5	9.919100
42.391667	0.5	9.913800
42.400000	0.5	9.898600
42.408333	0.5	9.885700
42.416667	0.5	9.876000
42.425000	0.5	9.865950
42.433333	0.5	9.853400
42.441667	0.5	9.841550
42.450000	0.5	9.832750
42.458333	0.5	9.830250
42.466667	0.5	9.826050
42.475000	0.5	9.815400
42.483333	0.5	9.803450
42.491667	0.5	9.795350
42.500000	0.5	9.795400
42.508333	0.5	9.782150
42.516667	0.5	9.769100
42.525000	0.5	9.772250
42.533333	0.5	9.762950
42.541667	0.5	9.757000
42.550000	0.5	9.748650
42.558333	0.5	9.750250
42.566667	0.5	9.744450
42.575000	0.5	9.744500
42.583333	0.5	9.742050
42.591667	0.5	9.733600
42.600000	0.5	9.741250
42.608333	0.5	9.736050
42.616667	0.5	9.737650
42.625000	0.5	9.736450
42.633333	0.5	9.745200
42.641667	0.5	9.745900
42.650000	0.5	9.748050
42.658333	0.5	9.752900
42.666667	0.5	9.750650
42.675000	0.5	9.753400
42.683333	0.5	9.750550
42.691667	0.5	9.759050
42.700000	0.5	9.759350
42.708333	0.5	9.756900
42.716667	0.5	9.745600
42.725000	0.5	9.748900
42.733333	0.5	9.748550
42.741667	0.5	9.736600
42.750000	0.5	9.736950
42.758333	0.5	9.727150
42.766667	0.5	9.721500
42.775000	0.5	9.708650
42.783333	0.5	9.704900
42.791667	0.5	9.690700
42.800000	0.5	9.689200
42.808333	0.5	9.680350
42.816667	0.5	9.683450
42.825000	0.5	9.682500
42.833333	0.5	9.662100
42.841667	0.5	9.677100
42.850000	0.5	9.683750
42.858333	0.5	9.687800
42.866667	0.5	9.703400
42.875000	0.5	9.703100
42.883333	0.5	9.721550
42.891667	0.5	9.735600
42.900000	0.5	9.753800
42.908333	0.5	9.774600
42.916667	0.5	9.806350
42.925000	0.5	9.834350
42.933333	0.5	9.877450
42.941667	0.5	9.905800
42.950000	0.5	9.958700
42.958333	0.5	10.014200
42.966667	0.5	10.085950
42.975000	0.5	10.158850
42.983333	0.5	10.234000
42.991667	0.5	10.332200
43.000000	0.5	10.426950
43.008333	0.5	10.541100
43.016667	0.5	10.662250
43.025000	0.5	10.780800
43.033333	0.5	10.910100
43.041667	0.5	11.037850
43.050000	0.5	11.168650
43.058333	0.5	11.301450
43.066667	0.5	11.437800
43.075000	0.5	11.565750
43.083333	0.5	11.688800
43.091667	0.5	11.797550
43.100000	0.5	11.922400
43.108333	0.5	12.031650
43.116667	0.5	12.133400
43.125000	0.5	12.241900
43.133333	0.5	12.324550
43.141667	0.5	12.409000
43.150000	0.5	12.484200
43.158333	0.5	12.545550
43.166667	0.5	12.601350
43.175000	0.5	12.656150
43.183333	0.5	12.688250
43.191667	0.5	12.714950
43.200000	0.5	12.736750
43.208333	0.5	12.749750
43.216667	0.5	12.744150
43.225000	0.5	12.740800
43.233333	0.5	12.726100
43.241667	0.5	12.692600
43.250000	0.5	12.658000
43.258333	0.5	12.612900
43.266667	0.5	12.548800
43.275000	0.5	12.494600
43.283333	0.5	12.429250
43.291667	0.5	12.354200
43.300000	0.5	12.265500
43.308333	0.5	12.180650
43.316667	0.5	12.082000
43.325000	0.5	11.989750
43.333333	0.5	11.876150
43.341667	0.5	11.772600
43.350000	0.5	11.659650
43.358333	0.5	11.543250
43.366667	0.5	11.423850
43.375000	0.5	11.317350
43.383333	0.5	11.193850
43.391667	0.5	11.088450
43.400000	0.5	10.996950
43.408333	0.5	10.897500
43.416667	0.5	10.815250
43.425000	0.5	10.738000
43.433333	0.5	10.671550
43.441667	0.5	10.612500
43.450000	0.5	10.559900
43.458333	0.5	10.515150
43.466667	0.5	10.474350
43.475000	0.5	10.446250
43.483333	0.5	10.418650
43.491667	0.5	10.404100
43.500000	0.5	10.383850
43.508333	0.5	10.372550
43.516667	0.5	10.371250
43.525000	0.5	10.371200
43.533333	0.5	10.367800
43.541667	0.5	10.366450
43.550000	0.5	10.372250
43.558333	0.5	10.373950
43.566667	0.5	10.377900
43.575000	0.5	10.378850
43.583333	0.5	10.385600
43.591667	0.5	10.392800
43.600000	0.5	10.388600
43.608333	0.5	10.396200
43.616667	0.5	10.384400
43.625000	0.5	10.378950
43.633333	0.5	10.373600
43.641667	0.5	10.359950
43.650000	0.5	10.349200
43.658333	0.5	10.332600
43.666667	0.5	10.314200
43.675000	0.5	10.293100
43.683333	0.5	10.268000
43.691667	0.5	10.245750
43.700000	0.5	10.224150
43.708333	0.5	10.190200
43.716667	0.5	10.167400
43.725000	0.5	10.142500
43.733333	0.5	10.107550
43.741667	0.5	10.086750
43.750000	0.5	10.055600
43.758333	0.5	10.036900
43.766667	0.5	10.010400
43.775000	0.5	9.985750
43.783333	0.5	9.972750
43.791667	0.5	9.954300
43.800000	0.5	9.944700
43.808333	0.5	9.928950
43.816667	0.5	9.928100
43.825000	0.5	9.924000
43.833333	0.5	9.923700
43.841667	0.5	9.930850
43.850000	0.5	9.946400
43.858333	0.5	9.957950
43.866667	0.5	9.961750
43.875000	0.5	9.991500
43.883333	0.5	10.004800
43.891667	0.5	10.036550
43.900000	0.5	10.063900
43.908333	0.5	10.085800
43.916667	0.5	10.111750
43.925000	0.5	10.148500
43.933333	0.5	10.171350
43.941667	0.5	10.204600
43.950000	0.5	10.236800
43.958333	0.5	10.264400
43.966667	0.5	10.292300
43.975000	0.5	10.322450
43.983333	0.5	10.344800
43.991667	0.5	10.376750
44.000000	0.5	10.400650
44.008333	0.5	10.424000
44.016667	0.5	10.460300
44.025000	0.5	10.471700
44.033333	0.5	10.491500
44.041667	0.5	10.510350
44.050000	0.5	10.529300
44.058333	0.5	10.549050
44.066667	0.5	10.571650
44.075000	0.5	10.599500
44.083333	0.5	10.625550
44.091667	0.5	10.669150
44.100000	0.5	10.708700
44.108333	0.5	10.754850
44.116667	0.5	10.824850
44.125000	0.5	10.905650
44.133333	0.5	11.008450
44.141667	0.5	11.123800
44.150000	0.5	11.247750
44.158333	0.5	11.390000
44.166667	0.5	11.549150
44.175000	0.5	11.704500
44.183333	0.5	11.860900
44.191667	0.5	12.008950
44.200000	0.5	12.127900
44.208333	0.5	12.241750
44.216667	0.5	12.333950
44.225000	0.5	12.424800
44.233333	0.5	12.508450
44.241667	0.5	12.591450
44.250000	0.5	12.677100
44.258333	0.5	12.761750
44.266667	0.5	12.848850
44.275000	0.5	12.929600
44.283333	0.5	13.017850
44.291667	0.5	13.108250
44.300000	0.5	13.193950
44.308333	0.5	13.268750
44.316667	0.5	13.339250
44.325000	0.5	13.408750
44.333333	0.5	13.476900
44.341667	0.5	13.531300
44.350000	0.5	13.576700
44.358333	0.5	13.629050
44.366667	0.5	13.655850
44.375000	0.5	13.695400
44.383333	0.5	13.723200
44.391667	0.5	13.741250
44.400000	0.5	13.744400
44.408333	0.5	13.753500
44.416667	0.5	13.757050
44.425000	0.5	13.757800
44.433333	0.5	13.745500
44.441667	0.5	13.733700
44.450000	0.5	13.726950
44.458333	0.5	13.700450
44.466667	0.5	13.681600
44.475000	0.5	13.664950
44.483333	0.5	13.639850
44.491667	0.5	13.609550
44.500000	0.5	13.585550
44.508333	0.5	13.558950
44.516667	0.5	13.534000
44.525000	0.5	13.517650
44.533333	0.5	13.498800
44.541667	0.5	13.472400
44.550000	0.5	13.463650
44.558333	0.5	13.438250
44.566667	0.5	13.429850
44.575000	0.5	13.419750
44.583333	0.5	13.405800
44.591667	0.5	13.398450
44.600000	0.5	13.392700
44.608333	0.5	13.381850
44.616667	0.5	13.359500
44.625000	0.5	13.352500
44.633333	0.5	13.344100
44.641667	0.5	13.336050
44.650000	0.5	13.319950
44.658333	0.5	13.301400
44.666667	0.5	13.286100
44.675000	0.5	13.258450
44.683333	0.5	13.234400
44.691667	0.5	13.195450
44.700000	0.5	13.167000
44.708333	0.5	13.132800
44.716667	0.5	13.089900
44.725000	0.5	13.032000
44.733333	0.5	12.982450
44.741667	0.5	12.915250
44.750000	0.5	12.844500
44.758333	0.5	12.775300
44.766667	0.5	12.700650
44.775000	0.5	12.620650
44.783333	0.5	12.546750
44.791667	0.5	12.440000
44.800000	0.5	12.350100
44.808333	0.5	12.248800
44.816667	0.5	12.147850
44.825000	0.5	12.047000
44.833333	0.5	11.937950
44.841667	0.5	11.833800
44.850000	0.5	11.726850
44.858333	0.5	11.619300
44.866667	0.5	11.523700
44.875000	0.5	11.416150
44.883333	0.5	11.316550
44.891667	0.5	11.224650
44.900000	0.5	11.152300
44.908333	0.5	11.065650
44.916667	0.5	11.003400
44.925000	0.5	10.934550
44.933333	0.5	10.877750
44.941667	0.5	10.816450
44.950000	0.5	10.776900
44.958333	0.5	10.728150
44.966667	0.5	10.683700
44.975000	0.5	10.643500
44.983333	0.5	10.597100
44.991667	0.5	10.560000
45.000000	0.5	10.521800
45.008333	0.5	10.480900
45.016667	0.5	10.438600
45.025000	0.5	10.393500
45.033333	0.5	10.351800
45.041667	0.5	10.297100
45.050000	0.5	10.252650
45.058333	0.5	10.194550
45.066667	0.5	10.137600
45.075000	0.5	10.088050
45.083333	0.5	10.029550
45.091667	0.5	9.969050
45.100000	0.5	9.917600
45.108333	0.5	9.858300
45.116667	0.5	9.803300
45.125000	0.5	9.753550
45.133333	0.5	9.702500
45.141667	0.5	9.654200
45.150000	0.5	9.608350
45.158333	0.5	9.573500
45.166667	0.5	9.527600
45.175000	0.5	9.492450
45.183333	0.5	9.456950
45.191667	0.5	9.438700
45.200000	0.5	9.408700
45.208333	0.5	9.394500
45.216667	0.5	9.363650
45.225000	0.5	9.353950
45.233333	0.5	9.344550
45.241667	0.5	9.331150
45.250000	0.5	9.332950
45.258333	0.5	9.318750
45.266667	0.5	9.320750
45.275000	0.5	9.310900
45.283333	0.5	9.317650
45.291667	0.5	9.320650
45.300000	0.5	9.325750
45.308333	0.5	9.336250
45.316667	0.5	9.344850
45.325000	0.5	9.348550
45.333333	0.5	9.370850
45.341667	0.5	9.378200
45.350000	0.5	9.391500
45.358333	0.5	9.402950
45.366667	0.5	9.421500
45.375000	0.5	9.435700
45.383333	0.5	9.463200
45.391667	0.5	9.479400
45.400000	0.5	9.499900
45.408333	0.5	9.524900
45.416667	0.5	9.544050
45.425000	0.5	9.582950
45.433333	0.5	9.602500
45.441667	0.5	9.626750
45.450000	0.5	9.655600
45.458333	0.5	9.680500
45.466667	0.5	9.717350
45.475000	0.5	9.737900
45.483333	0.5	9.771200
45.491667	0.5	9.799750
45.500000	0.5	9.831000
45.508333	0.5	9.863700
45.516667	0.5	9.904850
45.525000	0.5	9.942900
45.533333	0.5	9.989400
45.541667	0.5	10.046600
45.550000	0.5	10.093500
45.558333	0.5	10.156250
45.566667	0.5	10.230950
45.575000	0.5	10.297250
45.583333	0.5	10.382150
45.591667	0.5	10.461750
45.600000	0.5	10.560400
45.608333	0.5	10.648750
45.616667	0.5	10.735700
45.625000	0.5	10.829000
45.633333	0.5	10.922400
45.641667	0.5	11.002200
45.650000	0.5	11.084800
45.658333	0.5	11.169450
45.666667	0.5	11.241900
45.675000	0.5	11.314200
45.683333	0.5	11.385800
45.691667	0.5	11.440000
45.700000	0.5	11.499400
45.708333	0.5	11.541350
45.716667	0.5	11.585650
45.725000	0.5	11.607350
45.733333	0.5	11.630250
45.741667	0.5	11.636350
45.750000	0.5	11.643250
45.758333	0.5	11.627550
45.766667	0.5	11.607900
45.775000	0.5	11.577100
45.783333	0.5	11.548750
45.791667	0.5	11.496000
45.800000	0.5	11.444750
45.808333	0.5	11.373550
45.816667	0.5	11.298600
45.825000	0.5	11.212850
45.833333	0.5	11.125150
45.841667	0.5	11.022350
45.850000	0.5	10.919750
45.858333	0.5	10.813850
45.866667	0.5	10.703350
45.875000	0.5	10.593350
45.883333	0.5	10.478500
45.891667	0.5	10.368200
45.900000	0.5	10.252350
45.908333	0.5	10.157500
45.916667	0.5	10.053450
45.925000	0.5	9.957000
45.933333	0.5	9.874850
45.941667	0.5	9.791950
45.950000	0.5	9.719800
45.958333	0.5	9.666350
45.966667	0.5	9.617400
45.975000	0.5	9.581100
45.983333	0.5	9.555850
45.991667	0.5	9.535900
46.000000	0.5	9.540750
46.008333	0.5	9.544800
46.016667	0.5	9.559600
46.025000	0.5	9.589250
46.033333	0.5	9.616900
46.041667	0.5	9.654000
46.050000	0.5	9.703450
46.058333	0.5	9.748350
46.066667	0.5	9.813450
46.075000	0.5	9.879000
46.083333	0.5	9.945700
46.091667	0.5	10.020600
46.100000	0.5	10.094750
46.108333	0.5	10.176950
46.116667	0.5	10.259650
46.125000	0.5	10.342150
46.133333	0.5	10.429150
46.141667	0.5	10.513100
46.150000	0.5	10.598250
46.158333	0.5	10.685900
46.166667	0.5	10.773550
46.175000	0.5	10.855250
46.183333	0.5	10.933950
46.191667	0.5	11.020350
46.200000	0.5	11.097550
46.208333	0.5	11.169500
46.216667	0.5	11.239950
46.225000	0.5	11.308700
46.233333	0.5	11.365550
46.241667	0.5	11.429950
46.250000	0.5	11.484350
46.258333	0.5	11.530350
46.266667	0.5	11.574750
46.275000	0.5	11.614050
46.283333	0.5	11.643850
46.291667	0.5	11.684250
46.300000	0.5	11.704950
46.308333	0.5	11.728400
46.316667	0.5	11.749800
46.325000	0.5	11.762050
46.333333	0.5	11.774850
46.341667	0.5	11.778750
46.350000	0.5	11.785250
46.358333	0.5	11.780350
46.366667	0.5	11.783550
46.375000	0.5	11.773800
46.383333	0.5	11.773450
46.391667	0.5	11.771750
46.400000	0.5	11.758700
46.408333	0.5	11.751450
46.416667	0.5	11.740900
46.425000	0.5	11.725750
46.433333	0.5	11.713200
46.441667	0.5	11.698350
46.450000	0.5	11.682900
46.458333	0.5	11.662800
46.466667	0.5	11.646900
46.475000	0.5	11.628100
46.483333	0.5	11.607400
46.491667	0.5	11.592800
46.500000	0.5	11.568750
46.508333	0.5	11.555550
46.516667	0.5	11.532250
46.525000	0.5	11.508500
46.533333	0.5	11.487250
46.541667	0.5	11.463900
46.550000	0.5	11.439050
46.558333	0.5	11.419300
46.566667	0.5	11.397150
46.575000	0.5	11.382350
46.583333	0.5	11.363450
46.591667	0.5	11.346150
46.600000	0.5	11.332450
46.608333	0.5	11.320500
46.616667	0.5	11.313450
46.625000	0.5	11.308850
46.633333	0.5	11.315550
46.641667	0.5	11.321650
46.650000	0.5	11.331300
46.658333	0.5	11.355400
46.666667	0.5	11.388350
46.675000	0.5	11.434550
46.683333	0.5	11.490050
46.691667	0.5	11.551000
46.700000	0.5	11.633300
46.708333	0.5	11.722500
46.716667	0.5	11.820800
46.725000	0.5	11.923400
46.733333	0.5	12.038100
46.741667	0.5	12.156850
46.750000	0.5	12.265750
46.758333	0.5	12.370350
46.766667	0.5	12.467100
46.775000	0.5	12.551150
46.783333	0.5	12.633500
46.791667	0.5	12.706400
46.800000	0.5	12.773300
46.808333	0.5	12.839500
46.816667	0.5	12.909750
46.825000	0.5	12.972800
46.833333	0.5	13.040400
46.841667	0.5	13.105700
46.850000	0.5	13.179550
46.858333	0.5	13.240250
46.866667	0.5	13.310450
46.875000	0.5	13.378600
46.883333	0.5	13.438400
46.891667	0.5	13.496650
46.900000	0.5	13.555450
46.908333	0.5	13.605200
46.916667	0.5	13.653200
46.925000	0.5	13.692650
46.933333	0.5	13.726900
46.941667	0.5	13.764250
46.950000	0.5	13.782400
46.958333	0.5	13.816400
46.966667	0.5	13.827150
46.975000	0.5	13.838650
46.983333	0.5	13.838200
46.991667	0.5	13.834650
47.000000	0.5	13.823600
47.008333	0.5	13.815050
47.016667	0.5	13.792800
47.025000	0.5	13.771900
47.033333	0.5	13.741500
47.041667	0.5	13.704050
47.050000	0.5	13.665300
47.058333	0.5	13.623350
47.066667	0.5	13.582950
47.075000	0.5	13.526850
47.083333	0.5	13.470700
47.091667	0.5	13.404050
47.100000	0.5	13.343600
47.108333	0.5	13.278800
47.116667	0.5	13.208400
47.125000	0.5	13.142900
47.133333	0.5	13.073250
47.141667	0.5	13.001100
47.150000	0.5	12.936050
47.158333	0.5	12.856800
47.166667	0.5	12.782850
47.175000	0.5	12.697450
47.183333	0.5	12.607150
47.191667	0.5	12.515150
47.200000	0.5	12.427550
47.208333	0.5	12.330100
47.216667	0.5	12.240600
47.225000	0.5	12.152550
47.233333	0.5	12.066400
47.241667	0.5	11.980300
47.250000	0.5	11.921000
47.258333	0.5	11.867700
47.266667	0.5	11.827800
47.275000	0.5	11.789250
47.283333	0.5	11.769550
47.291667	0.5	11.756600
47.300000	0.5	11.758850
47.308333	0.5	11.749000
47.316667	0.5	11.759550
47.325000	0.5	11.772750
47.333333	0.5	11.782250
47.341667	0.5	11.790650
47.350000	0.5	11.805400
47.358333	0.5	11.815400
47.366667	0.5	11.811700
47.375000	0.5	11.813550
47.383333	0.5	11.805550
47.391667	0.5	11.790800
47.400000	0.5	11.772550
47.408333	0.5	11.742650
47.416667	0.5	11.711850
47.425000	0.5	11.672900
47.433333	0.5	11.619750
47.441667	0.5	11.571900
47.450000	0.5	11.509250
47.458333	0.5	11.451000
47.466667	0.5	11.379050
47.475000	0.5	11.309050
47.483333	0.5	11.230150
47.491667	0.5	11.149800
47.500000	0.5	11.068550
47.508333	0.5	10.987250
47.516667	0.5	10.904350
47.525000	0.5	10.832950
47.533333	0.5	10.754250
47.541667	0.5	10.687600
47.550000	0.5	10.616750
47.558333	0.5	10.545450
47.566667	0.5	10.478850
47.575000	0.5	10.421450
47.583333	0.5	10.364250
47.591667	0.5	10.315000
47.600000	0.5	10.262150
47.608333	0.5	10.223500
47.616667	0.5	10.184300
47.625000	0.5	10.142250
47.633333	0.5	10.124450
47.641667	0.5	10.091650
47.650000	0.5	10.072650
47.658333	0.5	10.049900
47.666667	0.5	10.033550
47.675000	0.5	10.017300
47.683333	0.5	10.011900
47.691667	0.5	10.006050
47.700000	0.5	10.000700
47.708333	0.5	10.000750
47.716667	0.5	9.996150
47.725000	0.5	10.008350
47.733333	0.5	10.011500
47.741667	0.5	10.019050
47.750000	0.5	10.026500
47.758333	0.5	10.042400
47.766667	0.5	10.055600
47.775000	0.5	10.070950
47.783333	0.5	10.090350
47.791667	0.5	10.112150
47.800000	0.5	10.141400
47.808333	0.5	10.167650
47.816667	0.5	10.200700
47.825000	0.5	10.244500
47.833333	0.5	10.275500
47.841667	0.5	10.319350
47.850000	0.5	10.377700
47.858333	0.5	10.431600
47.866667	0.5	10.491550
47.875000	0.5	10.553100
47.883333	0.5	10.621350
47.891667	0.5	10.694750
47.900000	0.5	10.761300
47.908333	0.5	10.835200
47.916667	0.5	10.912100
47.925000	0.5	10.976950
47.933333	0.5	11.050300
47.941667	0.5	11.119750
47.950000	0.5	11.176400
47.958333	0.5	11.240350
47.966667	0.5	11.293400
47.975000	0.5	11.343800
47.983333	0.5	11.383300
47.991667	0.5	11.424800
48.000000	0.5	11.447600
48.008333	0.5	11.464300
48.016667	0.5	11.478000
48.025000	0.5	11.476700
48.033333	0.5	11.469000
48.041667	0.5	11.449250
48.050000	0.5	11.426450
48.058333	0.5	11.386150
48.066667	0.5	11.338750
48.075000	0.5	11.278900
48.083333	0.5	11.211450
48.091667	0.5	11.132450
48.100000	0.5	11.049850
48.108333	0.5	10.953850
48.116667	0.5	10.840800
48.125000	0.5	10.733350
48.133333	0.5	10.609950
48.141667	0.5	10.483300
48.150000	0.5	10.356000
48.158333	0.5	10.215450
48.166667	0.5	10.083950
48.175000	0.5	9.950550
48.183333	0.5	9.810800
48.191667	0.5	9.678400
48.200000	0.5	9.551150
48.208333	0.5	9.432850
48.216667	0.5	9.312600
48.225000	0.5	9.195850
48.233333	0.5	9.092450
48.241667	0.5	8.990400
48.250000	0.5	8.890950
48.258333	0.5	8.804650
48.266667	0.5	8.718950
48.275000	0.5	8.642950
48.283333	0.5	8.561950
48.291667	0.5	8.492700
48.300000	0.5	8.417550
48.308333	0.5	8.361100
48.316667	0.5	8.294500
48.325000	0.5	8.248550
48.333333	0.5	8.185150
48.341667	0.5	8.149850
48.350000	0.5	8.101700
48.358333	0.5	8.072300
48.366667	0.5	8.043850
48.375000	0.5	8.014950
48.383333	0.5	7.999600
48.391667	0.5	7.980350
48.400000	0.5	7.977500
48.408333	0.5	7.970500
48.416667	0.5	7.959500
48.425000	0.5	7.971950
48.433333	0.5	7.972700
48.441667	0.5	7.985100
48.450000	0.5	8.004050
48.458333	0.5	8.031000
48.466667	0.5	8.061900
48.475000	0.5	8.098450
48.483333	0.5	8.138350
48.491667	0.5	8.191700
48.500000	0.5	8.244700
48.508333	0.5	8.299100
48.516667	0.5	8.370200
48.525000	0.5	8.443500
48.533333	0.5	8.534550
48.541667	0.5	8.625150
48.550000	0.5	8.725100
48.558333	0.5	8.822300
48.566667	0.5	8.940850
48.575000	0.5	9.059500
48.583333	0.5	9.190150
48.591667	0.5	9.313750
48.600000	0.5	9.446000
48.608333	0.5	9.578650
48.616667	0.5	9.724650
48.625000	0.5	9.872700
48.633333	0.5	10.010750
48.641667	0.5	10.154150
48.650000	0.5	10.302650
48.658333	0.5	10.442700
48.666667	0.5	10.579150
48.675000	0.5	10.719350
48.683333	0.5	10.848550
48.691667	0.5	10.977050
48.700000	0.5	11.088200
48.708333	0.5	11.203350
48.716667	0.5	11.301100
48.725000	0.5	11.399800
48.733333	0.5	11.479950
48.741667	0.5	11.555650
48.750000	0.5	11.620200
48.758333	0.5	11.673400
48.766667	0.5	11.720650
48.775000	0.5	11.755850
48.783333	0.5	11.775250
48.791667	0.5	11.788650
48.800000	0.5	11.791650
48.808333	0.5	11.797350
48.816667	0.5	11.791650
48.825000	0.5	11.783300
48.833333	0.5	11.772750
48.841667	0.5	11.764850
48.850000	0.5	11.740050
48.858333	0.5	11.748950
48.866667	0.5	11.739150
48.875000	0.5	11.749250
48.883333	0.5	11.750200
48.891667	0.5	11.765350
48.900000	0.5	11.772100
48.908333	0.5	11.791050
48.916667	0.5	11.814900
48.925000	0.5	11.835700
48.933333	0.5	11.865150
48.941667	0.5	11.892400
48.950000	0.5	11.928550
48.958333	0.5	11.963200
48.966667	0.5	12.015150
48.975000	0.5	12.070100
48.983333	0.5	12.126200
48.991667	0.5	12.200950
49.000000	0.5	12.273200
49.008333	0.5	12.358250
49.016667	0.5	12.443150
49.025000	0.5	12.542750
49.033333	0.5	12.640700
49.041667	0.5	12.755550
49.050000	0.5	12.878150
49.058333	0.5	13.014200
49.066667	0.5	13.154100
49.075000	0.5	13.302450
49.083333	0.5	13.450950
49.091667	0.5	13.608000
49.100000	0.5	13.765250
49.108333	0.5	13.931100
49.116667	0.5	14.096700
49.125000	0.5	14.276500
49.133333	0.5	14.443200
49.141667	0.5	14.613300
49.150000	0.5	14.793550
49.158333	0.5	14.969150
49.166667	0.5	15.146400
49.175000	0.5	15.318950
49.183333	0.5	15.494150
49.191667	0.5	15.668900
49.200000	0.5	15.847950
49.208333	0.5	16.020650
49.216667	0.5	16.196100
49.225000	0.5	16.370300
49.233333	0.5	16.541650
49.241667	0.5	16.725050
49.250000	0.5	16.896700
49.258333	0.5	17.081200
49.266667	0.5	17.238600
49.275000	0.5	17.381900
49.283333	0.5	17.516900
49.291667	0.5	17.645800
49.300000	0.5	17.739150
49.308333	0.5	17.810750
49.316667	0.5	17.842750
49.325000	0.5	17.840850
49.333333	0.5	17.792100
49.341667	0.5	17.699650
49.350000	0.5	17.565800
49.358333	0.5	17.372550
49.366667	0.5	17.143350
49.375000	0.5	16.869700
49.383333	0.5	16.558800
49.391667	0.5	16.221100
49.400000	0.5	15.862050
49.408333	0.5	15.479400
49.416667	0.5	15.092150
49.425000	0.5	14.697000
49.433333	0.5	14.319200
49.441667	0.5	13.950200
49.450000	0.5	13.591150
49.458333	0.5	13.266850
49.466667	0.5	12.949500
49.475000	0.5	12.665350
49.483333	0.5	12.400000
49.491667	0.5	12.177050
49.500000	0.5	11.987500
49.508333	0.5	11.828200
49.516667	0.5	11.681750
49.525000	0.5	11.579500
49.533333	0.5	11.488850
49.541667	0.5	11.424950
49.550000	0.5	11.390000
49.558333	0.5	11.370700
49.566667	0.5	11.361950
49.575000	0.5	11.368800
49.583333	0.5	11.384450
49.591667	0.5	11.411950
49.600000	0.5	11.450950
49.608333	0.5	11.482650
49.616667	0.5	11.531050
49.625000	0.5	11.579800
49.633333	0.5	11.665850
49.641667	0.5	11.680550
49.650000	0.5	11.724800
49.658333	0.5	11.772850
49.666667	0.5	11.810100
49.675000	0.5	11.842200
49.683333	0.5	11.874650
49.691667	0.5	11.906050
49.700000	0.5	11.923250
49.708333	0.5	11.938050
49.716667	0.5	11.950600
49.725000	0.5	11.955750
49.733333	0.5	11.953900
49.741667	0.5	11.944200
49.750000	0.5	11.925300
49.758333	0.5	11.913500
49.766667	0.5	11.885650
49.775000	0.5	11.858700
49.783333	0.5	11.835100
49.791667	0.5	11.809200
49.800000	0.5	11.780400
49.808333	0.5	11.752850
49.816667	0.5	11.735950
49.825000	0.5	11.723250
49.833333	0.5	11.710250
49.841667	0.5	11.705950
49.850000	0.5	11.707300
49.858333	0.5	11.719450
49.866667	0.5	11.727650
49.875000	0.5	11.749550
49.883333	0.5	11.774050
49.891667	0.5	11.803200
49.900000	0.5	11.835300
49.908333	0.5	11.859950
49.916667	0.5	11.911200
49.925000	0.5	11.943900
49.933333	0.5	11.982350
49.941667	0.5	12.012550
49.950000	0.5	12.051500
49.958333	0.5	12.084900
49.966667	0.5	12.116050
49.975000	0.5	12.136750
49.983333	0.5	12.149800
49.991667	0.5	12.168650
50.000000	0.5	12.179200
50.008333	0.5	12.180350
50.016667	0.5	12.168300
50.025000	0.5	12.167550
50.033333	0.5	12.149450
50.041667	0.5	12.128250
50.050000	0.5	12.111950
50.058333	0.5	12.077550
50.066667	0.5	12.038150
50.075000	0.5	11.996250
50.083333	0.5	11.953550
50.091667	0.5	11.898800
50.100000	0.5	11.847950
50.108333	0.5	11.784750
50.116667	0.5	11.721300
50.125000	0.5	11.652750
50.133333	0.5	11.579450
50.141667	0.5	11.503200
50.150000	0.5	11.427550
50.158333	0.5	11.333350
50.166667	0.5	11.244200
50.175000	0.5	11.162600
50.183333	0.5	11.074200
50.191667	0.5	10.988650
50.200000	0.5	10.907300
50.208333	0.5	10.826750
50.216667	0.5	10.747000
50.225000	0.5	10.678700
50.233333	0.5	10.599800
50.241667	0.5	10.529750
50.250000	0.5	10.470550
50.258333	0.5	10.388850
50.266667	0.5	10.334050
50.275000	0.5	10.270150
50.283333	0.5	10.216250
50.291667	0.5	10.156600
50.300000	0.5	10.098050
50.308333	0.5	10.049900
50.316667	0.5	9.995700
50.325000	0.5	9.948400
50.333333	0.5	9.906300
50.341667	0.5	9.856750
50.350000	0.5	9.815000
50.358333	0.5	9.768050
50.366667	0.5	9.736800
50.375000	0.5	9.704900
50.383333	0.5	9.670100
50.391667	0.5	9.643300
50.400000	0.5	9.617050
50.408333	0.5	9.593350
50.416667	0.5	9.577800
50.425000	0.5	9.544900
50.433333	0.5	9.528800
50.441667	0.5	9.517100
50.450000	0.5	9.496850
50.458333	0.5	9.490650
50.466667	0.5	9.482550
50.475000	0.5	9.477450
50.483333	0.5	9.478300
50.491667	0.5	9.474900
50.500000	0.5	9.470700
50.508333	0.5	9.479800
50.516667	0.5	9.486800
50.525000	0.5	9.491850
50.533333	0.5	9.512200
50.541667	0.5	9.524450
50.550000	0.5	9.531450
50.558333	0.5	9.558000
50.566667	0.5	9.581850
50.575000	0.5	9.607800
50.583333	0.5	9.644650
50.591667	0.5	9.677500
50.600000	0.5	9.726300
50.608333	0.5	9.779800
50.616667	0.5	9.834600
50.625000	0.5	9.904100
50.633333	0.5	9.979700
50.641667	0.5	10.054500
50.650000	0.5	10.141000
50.658333	0.5	10.232400
50.666667	0.5	10.335150
50.675000	0.5	10.437700
50.683333	0.5	10.547700
50.691667	0.5	10.663550
50.700000	0.5	10.777650
50.708333	0.5	10.893400
50.716667	0.5	10.999050
50.725000	0.5	11.105150
50.733333	0.5	11.201950
50.741667	0.5	11.295300
50.750000	0.5	11.377100
50.758333	0.5	11.449500
50.766667	0.5	11.519700
50.775000	0.5	11.574100
50.783333	0.5	11.624250
50.791667	0.5	11.681400
50.800000	0.5	11.726950
50.808333	0.5	11.772400
50.816667	0.5	11.819100
50.825000	0.5	11.852650
50.833333	0.5	11.890600
50.841667	0.5	11.915600
50.850000	0.5	11.947250
50.858333	0.5	11.967200
50.866667	0.5	11.998700
50.875000	0.5	12.012950
50.883333	0.5	12.030450
50.891667	0.5	12.044100
50.900000	0.5	12.055000
50.908333	0.5	12.049150
50.916667	0.5	12.051150
50.925000	0.5	12.046700
50.933333	0.5	12.043250
50.941667	0.5	12.044750
50.950000	0.5	12.024200
50.958333	0.5	12.010850
50.966667	0.5	11.993900
50.975000	0.5	11.969800
50.983333	0.5	11.953950
50.991667	0.5	11.938900
51.000000	0.5	11.934600
51.008333	0.5	11.988050
51.016667	0.5	12.227450
51.025000	0.5	12.638100
51.033333	0.5	13.051100
51.041667	0.5	13.197400
51.050000	0.5	13.013950
51.058333	0.5	12.690750
51.066667	0.5	12.374100
51.075000	0.5	12.138150
51.083333	0.5	11.953000
51.091667	0.5	11.784050
51.100000	0.5	11.596150
51.108333	0.5	11.392400
51.116667	0.5	11.145250
51.125000	0.5	10.929900
51.133333	0.5	10.778600
51.141667	0.5	10.689750
51.150000	0.5	10.633350
51.158333	0.5	10.598600
51.166667	0.5	10.558700
51.175000	0.5	10.531050
51.183333	0.5	10.502250
51.191667	0.5	10.483300
51.200000	0.5	10.467750
51.208333	0.5	10.440450
51.216667	0.5	10.421200
51.225000	0.5	10.398550
51.233333	0.5	10.385300
51.241667	0.5	10.363050
51.250000	0.5	10.343050
51.258333	0.5	10.325500
51.266667	0.5	10.311550
51.275000	0.5	10.293600
51.283333	0.5	10.276100
51.291667	0.5	10.252800
51.300000	0.5	10.233400
51.308333	0.5	10.212300
51.316667	0.5	10.193700
51.325000	0.5	10.168950
51.333333	0.5	10.148950
51.341667	0.5	10.121700
51.350000	0.5	10.107300
51.358333	0.5	10.084700
51.366667	0.5	10.065150
51.375000	0.5	10.038700
51.383333	0.5	10.013350
51.391667	0.5	9.995500
51.400000	0.5	9.962400
51.408333	0.5	9.936850
51.416667	0.5	9.912750
51.425000	0.5	9.889850
51.433333	0.5	9.864500
51.441667	0.5	9.847150
51.450000	0.5	9.823050
51.458333	0.5	9.802700
51.466667	0.5	9.781150
51.475000	0.5	9.761350
51.483333	0.5	9.733700
51.491667	0.5	9.720750
51.500000	0.5	9.700400
51.508333	0.5	9.694600
51.516667	0.5	9.679150
51.525000	0.5	9.667500
51.533333	0.5	9.656900
51.541667	0.5	9.651550
51.550000	0.5	9.638800
51.558333	0.5	9.638400
51.566667	0.5	9.629350
51.575000	0.5	9.635400
51.583333	0.5	9.639200
51.591667	0.5	9.625650
51.600000	0.5	9.637300
51.608333	0.5	9.646550
51.616667	0.5	9.656900
51.625000	0.5	9.657800
51.633333	0.5	9.667650
51.641667	0.5	9.683400
51.650000	0.5	9.697050
51.658333	0.5	9.714650
51.666667	0.5	9.728550
51.675000	0.5	9.756600
51.683333	0.5	9.767300
51.691667	0.5	9.795450
51.700000	0.5	9.824500
51.708333	0.5	9.857700
51.716667	0.5	9.891550
51.725000	0.5	9.927100
51.733333	0.5	9.966850
51.741667	0.5	10.010850
51.750000	0.5	10.056250
51.758333	0.5	10.101750
51.766667	0.5	10.148250
51.775000	0.5	10.199250
51.783333	0.5	10.254350
51.791667	0.5	10.307950
51.800000	0.5	10.364100
51.808333	0.5	10.421300
51.816667	0.5	10.474600
51.825000	0.5	10.530800
51.833333	0.5	10.583300
51.841667	0.5	10.645150
51.850000	0.5	10.697150
51.858333	0.5	10.743500
51.866667	0.5	10.793700
51.875000	0.5	10.844250
51.883333	0.5	10.891800
51.891667	0.5	10.934800
51.900000	0.5	10.984150
51.908333	0.5	11.017000
51.916667	0.5	11.058200
51.925000	0.5	11.092900
51.933333	0.5	11.117800
51.941667	0.5	11.165500
51.950000	0.5	11.188750
51.958333	0.5	11.225050
51.966667	0.5	11.249500
51.975000	0.5	11.277100
51.983333	0.5	11.312750
51.991667	0.5	11.333350
52.000000	0.5	11.364850
52.008333	0.5	11.389800
52.016667	0.5	11.411150
52.025000	0.5	11.444450
52.033333	0.5	11.476600
52.041667	0.5	11.497000
52.050000	0.5	11.526200
52.058333	0.5	11.554850
52.066667	0.5	11.587000
52.075000	0.5	11.621200
52.083333	0.5	11.653700
52.091667	0.5	11.680800
52.100000	0.5	11.716200
52.108333	0.5	11.732850
52.116667	0.5	11.766400
52.125000	0.5	11.784350
52.133333	0.5	11.812300
52.141667	0.5	11.828500
52.150000	0.5	11.842950
52.158333	0.5	11.857950
52.166667	0.5	11.859250
52.175000	0.5	11.861800
52.183333	0.5	11.867300
52.191667	0.5	11.862300
52.200000	0.5	11.851700
52.208333	0.5	11.837900
52.216667	0.5	11.818500
52.225000	0.5	11.805750
52.233333	0.5	11.779350
52.241667	0.5	11.743600
52.250000	0.5	11.712100
52.258333	0.5	11.672350
52.266667	0.5	11.631150
52.275000	0.5	11.587600
52.283333	0.5	11.543250
52.291667	0.5	11.490500
52.300000	0.5	11.444400
52.308333	0.5	11.397100
52.316667	0.5	11.351650
52.325000	0.5	11.304550
52.333333	0.5	11.260100
52.341667	0.5	11.212750
52.350000	0.5	11.174600
52.358333	0.5	11.131450
52.366667	0.5	11.093650
52.375000	0.5	11.062300
52.383333	0.5	11.026500
52.391667	0.5	11.000300
52.400000	0.5	10.970100
52.408333	0.5	10.956000
52.416667	0.5	10.939850
52.425000	0.5	10.928700
52.433333	0.5	10.904600
52.441667	0.5	10.898750
52.450000	0.5	10.883800
52.458333	0.5	10.876550
52.466667	0.5	10.862750
52.475000	0.5	10.853400
52.483333	0.5	10.852150
52.491667	0.5	10.838000
52.500000	0.5	10.825800
52.508333	0.5	10.810450
52.516667	0.5	10.798850
52.525000	0.5	10.788000
52.533333	0.5	10.784000
52.541667	0.5	10.777600
52.550000	0.5	10.762400
52.558333	0.5	10.755100
52.566667	0.5	10.752400
52.575000	0.5	10.744450
52.583333	0.5	10.749750
52.591667	0.5	10.747600
52.600000	0.5	10.746750
52.608333	0.5	10.759950
52.616667	0.5	10.760150
52.625000	0.5	10.773800
52.633333	0.5	10.801150
52.641667	0.5	10.852450
52.650000	0.5	10.910050
52.658333	0.5	11.009700
52.666667	0.5	11.117850
52.675000	0.5	11.230150
52.683333	0.5	11.321000
52.691667	0.5	11.409700
52.700000	0.5	11.464350
52.708333	0.5	11.514850
52.716667	0.5	11.554700
52.725000	0.5	11.585200
52.733333	0.5	11.601300
52.741667	0.5	11.599500
52.750000	0.5	11.551300
52.758333	0.5	11.487900
52.766667	0.5	11.378050
52.775000	0.5	11.278150
52.783333	0.5	11.160300
52.791667	0.5	11.046400
52.800000	0.5	10.949450
52.808333	0.5	10.865850
52.816667	0.5	10.792550
52.825000	0.5	10.740800
52.833333	0.5	10.693600
52.841667	0.5	10.655000
52.850000	0.5	10.636500
52.858333	0.5	10.615550
52.866667	0.5	10.613800
52.875000	0.5	10.609450
52.883333	0.5	10.605500
52.891667	0.5	10.608250
52.900000	0.5	10.617150
52.908333	0.5	10.633050
52.916667	0.5	10.642550
52.925000	0.5	10.661100
52.933333	0.5	10.675400
52.941667	0.5	10.691300
52.950000	0.5	10.717050
52.958333	0.5	10.732450
52.966667	0.5	10.754000
52.975000	0.5	10.785000
52.983333	0.5	10.808550
52.991667	0.5	10.831150
53.000000	0.5	10.858200
53.008333	0.5	10.884500
53.016667	0.5	10.911300
53.025000	0.5	10.943600
53.033333	0.5	10.965150
53.041667	0.5	10.998600
53.050000	0.5	11.030850
53.058333	0.5	11.064300
53.066667	0.5	11.089650
53.075000	0.5	11.117300
53.083333	0.5	11.146550
53.091667	0.5	11.179400
53.100000	0.5	11.202200
53.108333	0.5	11.230100
53.116667	0.5	11.261650
53.125000	0.5	11.292050
53.133333	0.5	11.313300
53.141667	0.5	11.338150
53.150000	0.5	11.364800
53.158333	0.5	11.403900
53.166667	0.5	11.421400
53.175000	0.5	11.449750
53.183333	0.5	11.469400
53.191667	0.5	11.488800
53.200000	0.5	11.516400
53.208333	0.5	11.529750
53.216667	0.5	11.549700
53.225000	0.5	11.569000
53.233333	0.5	11.584500
53.241667	0.5	11.594250
53.250000	0.5	11.620600
53.258333	0.5	11.623500
53.266667	0.5	11.643250
53.275000	0.5	11.646700
53.283333	0.5	11.663250
53.291667	0.5	11.671100
53.300000	0.5	11.679600
53.308333	0.5	11.678650
53.316667	0.5	11.686650
53.325000	0.5	11.693950
53.333333	0.5	11.700350
53.341667	0.5	11.707600
53.350000	0.5	11.714300
53.358333	0.5	11.717300
53.366667	0.5	11.723400
53.375000	0.5	11.734700
53.383333	0.5	11.729800
53.391667	0.5	11.738050
53.400000	0.5	11.738800
53.408333	0.5	11.742150
53.416667	0.5	11.747950
53.425000	0.5	11.755100
53.433333	0.5	11.759400
53.441667	0.5	11.769600
53.450000	0.5	11.773100
53.458333	0.5	11.781950
53.466667	0.5	11.780750
53.475000	0.5	11.790600
53.483333	0.5	11.793950
53.491667	0.5	11.800700
53.500000	0.5	11.805900
53.508333	0.5	11.817850
53.516667	0.5	11.816650
53.525000	0.5	11.820300
53.533333	0.5	11.812850
53.541667	0.5	11.819150
53.550000	0.5	11.820200
53.558333	0.5	11.818550
53.566667	0.5	11.823750
53.575000	0.5	11.827050
53.583333	0.5	11.814950
53.591667	0.5	11.817150
53.600000	0.5	11.819500
53.608333	0.5	11.821400
53.616667	0.5	11.816450
53.625000	0.5	11.812300
53.633333	0.5	11.812900
53.641667	0.5	11.798250
53.650000	0.5	11.798850
53.658333	0.5	11.792850
53.666667	0.5	11.785200
53.675000	0.5	11.778800
53.683333	0.5	11.771100
53.691667	0.5	11.763250
53.700000	0.5	11.751900
53.708333	0.5	11.744050
53.716667	0.5	11.737550
53.725000	0.5	11.730800
53.733333	0.5	11.721050
53.741667	0.5	11.704600
53.750000	0.5	11.698550
53.758333	0.5	11.685200
53.766667	0.5	11.673800
53.775000	0.5	11.661700
53.783333	0.5	11.649450
53.791667	0.5	11.630000
53.800000	0.5	11.628200
53.808333	0.5	11.609650
53.816667	0.5	11.594350
53.825000	0.5	11.587150
53.833333	0.5	11.568700
53.841667	0.5	11.557200
53.850000	0.5	11.539750
53.858333	0.5	11.526550
53.866667	0.5	11.520550
53.875000	0.5	11.494600
53.883333	0.5	11.480350
53.891667	0.5	11.465750
53.900000	0.5	11.450200
53.908333	0.5	11.435850
53.916667	0.5	11.416250
53.925000	0.5	11.400350
53.933333	0.5	11.388950
53.941667	0.5	11.368300
53.950000	0.5	11.350050
53.958333	0.5	11.335750
53.966667	0.5	11.319600
53.975000	0.5	11.302150
53.983333	0.5	11.294200
53.991667	0.5	11.274000
54.000000	0.5	11.261350
54.008333	0.5	11.258850
54.016667	0.5	11.229900
54.025000	0.5	11.214050
54.033333	0.5	11.201300
54.041667	0.5	11.184800
54.050000	0.5	11.172400
54.058333	0.5	11.157400
54.066667	0.5	11.147950
54.075000	0.5	11.130200
54.083333	0.5	11.117400
54.091667	0.5	11.105750
54.100000	0.5	11.091600
54.108333	0.5	11.073100
54.116667	0.5	11.057150
54.125000	0.5	11.044300
54.133333	0.5	11.024000
54.141667	0.5	11.012400
54.150000	0.5	10.995000
54.158333	0.5	10.980350
54.166667	0.5	10.967950
54.175000	0.5	10.942250
54.183333	0.5	10.930600
54.191667	0.5	10.905250
54.200000	0.5	10.891000
54.208333	0.5	10.876650
54.216667	0.5	10.855300
54.225000	0.5	10.839550
54.233333	0.5	10.822100
54.241667	0.5	10.803000
54.250000	0.5	10.788200
54.258333	0.5	10.763300
54.266667	0.5	10.740600
54.275000	0.5	10.722800
54.283333	0.5	10.708250
54.291667	0.5	10.695050
54.300000	0.5	10.682450
54.308333	0.5	10.658750
54.316667	0.5	10.642300
54.325000	0.5	10.625800
54.333333	0.5	10.612600
54.341667	0.5	10.592750
54.350000	0.5	10.584700
54.358333	0.5	10.566650
54.366667	0.5	10.564600
54.375000	0.5	10.538000
54.383333	0.5	10.525500
54.391667	0.5	10.511700
54.400000	0.5	10.497300
54.408333	0.5	10.492450
54.416667	0.5	10.484450
54.425000	0.5	10.471400
54.433333	0.5	10.465450
54.441667	0.5	10.456050
54.450000	0.5	10.447150
54.458333	0.5	10.437700
54.466667	0.5	10.434000
54.475000	0.5	10.431000
54.483333	0.5	10.427250
54.491667	0.5	10.419150
54.500000	0.5	10.420550
54.508333	0.5	10.418250
54.516667	0.5	10.408950
54.525000	0.5	10.416550
54.533333	0.5	10.409850
54.541667	0.5	10.408100
54.550000	0.5	10.404950
54.558333	0.5	10.415900
54.566667	0.5	10.414850
54.575000	0.5	10.420350
54.583333	0.5	10.433750
54.591667	0.5	10.439100
54.600000	0.5	10.450550
54.608333	0.5	10.474900
54.616667	0.5	10.481300
54.625000	0.5	10.509600
54.633333	0.5	10.531150
54.641667	0.5	10.563600
54.650000	0.5	10.580400
54.658333	0.5	10.609250
54.666667	0.5	10.652750
54.675000	0.5	10.685000
54.683333	0.5	10.736050
54.691667	0.5	10.784000
54.700000	0.5	10.833900
54.708333	0.5	10.887650
54.716667	0.5	10.956750
54.725000	0.5	11.014100
54.733333	0.5	11.075350
54.741667	0.5	11.143700
54.750000	0.5	11.144400
54.758333	0.5	11.280500
54.766667	0.5	11.339400
54.775000	0.5	11.402450
54.783333	0.5	11.475750
54.791667	0.5	11.539650
54.800000	0.5	11.603450
54.808333	0.5	11.659200
54.816667	0.5	11.726300
54.825000	0.5	11.782250
54.833333	0.5	11.845150
54.841667	0.5	11.897250
54.850000	0.5	11.955350
54.858333	0.5	11.999200
54.866667	0.5	12.047600
54.875000	0.5	12.095000
54.883333	0.5	12.127800
54.891667	0.5	12.172050
54.900000	0.5	12.208050
54.908333	0.5	12.236800
54.916667	0.5	12.264850
54.925000	0.5	12.288450
54.933333	0.5	12.310650
54.941667	0.5	12.329350
54.950000	0.5	12.349400
54.958333	0.5	12.357500
54.966667	0.5	12.364250
54.975000	0.5	12.364550
54.983333	0.5	12.378400
54.991667	0.5	12.359600
55.000000	0.5	12.352150
55.008333	0.5	12.341600
55.016667	0.5	12.331300
55.025000	0.5	12.303100
55.033333	0.5	12.282550
55.041667	0.5	12.256600
55.050000	0.5	12.213800
55.058333	0.5	12.181400
55.066667	0.5	12.139100
55.075000	0.5	12.087800
55.083333	0.5	12.039500
55.091667	0.5	11.981000
55.100000	0.5	11.927950
55.108333	0.5	11.855950
55.116667	0.5	11.797750
55.125000	0.5	11.715150
55.133333	0.5	11.648450
55.141667	0.5	11.568350
55.150000	0.5	11.511250
55.158333	0.5	11.419300
55.166667	0.5	11.346350
55.175000	0.5	11.274900
55.183333	0.5	11.202600
55.191667	0.5	11.143100
55.200000	0.5	11.088850
55.208333	0.5	11.039750
55.216667	0.5	10.991500
55.225000	0.5	10.949600
55.233333	0.5	10.921550
55.241667	0.5	10.900350
55.250000	0.5	10.890700
55.258333	0.5	10.892000
55.266667	0.5	10.892200
55.275000	0.5	10.896950
55.283333	0.5	10.917200
55.291667	0.5	10.938350
55.300000	0.5	10.968950
55.308333	0.5	10.999950
55.316667	0.5	11.037900
55.325000	0.5	11.090800
55.333333	0.5	11.126650
55.341667	0.5	11.173600
55.350000	0.5	11.215800
55.358333	0.5	11.271800
55.366667	0.5	11.309400
55.375000	0.5	11.365950
55.383333	0.5	11.407850
55.391667	0.5	11.450750
55.400000	0.5	11.489200
55.408333	0.5	11.527050
55.416667	0.5	11.563400
55.425000	0.5	11.595850
55.433333	0.5	11.624450
55.441667	0.5	11.664550
55.450000	0.5	11.690750
55.458333	0.5	11.712650
55.466667	0.5	11.734300
55.475000	0.5	11.753600
55.483333	0.5	11.782850
55.491667	0.5	11.783800
55.500000	0.5	11.803650
55.508333	0.5	11.812250
55.516667	0.5	11.814950
55.525000	0.5	11.823100
55.533333	0.5	11.831200
55.541667	0.5	11.829150
55.550000	0.5	11.831200
55.558333	0.5	11.816950
55.566667	0.5	11.815000
55.575000	0.5	11.801550
55.583333	0.5	11.792150
55.591667	0.5	11.767200
55.600000	0.5	11.757150
55.608333	0.5	11.729150
55.616667	0.5	11.699750
55.625000	0.5	11.672050
55.633333	0.5	11.632200
55.641667	0.5	11.595750
55.650000	0.5	11.556250
55.658333	0.5	11.512250
55.666667	0.5	11.472500
55.675000	0.5	11.426100
55.683333	0.5	11.380400
55.691667	0.5	11.337950
55.700000	0.5	11.289250
55.708333	0.5	11.235450
55.716667	0.5	11.188950
55.725000	0.5	11.141900
55.733333	0.5	11.097950
55.741667	0.5	11.059750
55.750000	0.5	11.025150
55.758333	0.5	10.985800
55.766667	0.5	10.953800
55.775000	0.5	10.926100
55.783333	0.5	10.896450
55.791667	0.5	10.871850
55.800000	0.5	10.843000
55.808333	0.5	10.828400
55.816667	0.5	10.810100
55.825000	0.5	10.798550
55.833333	0.5	10.786050
55.841667	0.5	10.776850
55.850000	0.5	10.760000
55.858333	0.5	10.756950
55.866667	0.5	10.757700
55.875000	0.5	10.750800
55.883333	0.5	10.740750
55.891667	0.5	10.744950
55.900000	0.5	10.737750
55.908333	0.5	10.737850
55.916667	0.5	10.733550
55.925000	0.5	10.733100
55.933333	0.5	10.731250
55.941667	0.5	10.736700
55.950000	0.5	10.732100
55.958333	0.5	10.737450
55.966667	0.5	10.737850
55.975000	0.5	10.744850
55.983333	0.5	10.745500
55.991667	0.5	10.758100
56.000000	0.5	10.747450
56.008333	0.5	10.750350
56.016667	0.5	10.759200
56.025000	0.5	10.758700
56.033333	0.5	10.752000
56.041667	0.5	10.754500
56.050000	0.5	10.754700
56.058333	0.5	10.755100
56.066667	0.5	10.745800
56.075000	0.5	10.747100
56.083333	0.5	10.738950
56.091667	0.5	10.734300
56.100000	0.5	10.731350
56.108333	0.5	10.720950
56.116667	0.5	10.712200
56.125000	0.5	10.698150
56.133333	0.5	10.690000
56.141667	0.5	10.672150
56.150000	0.5	10.676500
56.158333	0.5	10.649150
56.166667	0.5	10.633100
56.175000	0.5	10.614000
56.183333	0.5	10.594900
56.191667	0.5	10.569900
56.200000	0.5	10.551750
56.208333	0.5	10.531500
56.216667	0.5	10.507350
56.225000	0.5	10.477500
56.233333	0.5	10.451900
56.241667	0.5	10.424450
56.250000	0.5	10.399950
56.258333	0.5	10.373150
56.266667	0.5	10.344350
56.275000	0.5	10.319950
56.283333	0.5	10.289150
56.291667	0.5	10.255900
56.300000	0.5	10.229250
56.308333	0.5	10.201700
56.316667	0.5	10.181100
56.325000	0.5	10.149500
56.333333	0.5	10.128550
56.341667	0.5	10.096500
56.350000	0.5	10.081300
56.358333	0.5	10.067250
56.366667	0.5	10.034300
56.375000	0.5	10.012950
56.383333	0.5	9.997550
56.391667	0.5	9.980050
56.400000	0.5	9.970200
56.408333	0.5	9.942000
56.416667	0.5	9.929400
56.425000	0.5	9.929650
56.433333	0.5	9.916000
56.441667	0.5	9.909000
56.450000	0.5	9.905550
56.458333	0.5	9.905000
56.466667	0.5	9.891600
56.475000	0.5	9.890700
56.483333	0.5	9.887350
56.491667	0.5	9.887700
56.500000	0.5	9.883450
56.508333	0.5	9.889900
56.516667	0.5	9.892250
56.525000	0.5	9.900350
56.533333	0.5	9.897150
56.541667	0.5	9.904800
56.550000	0.5	9.917100
56.558333	0.5	9.911900
56.566667	0.5	9.914700
56.575000	0.5	9.918800
56.583333	0.5	9.919100
56.591667	0.5	9.922300
56.600000	0.5	9.928700
56.608333	0.5	9.927300
56.616667	0.5	9.924800
56.625000	0.5	9.926100
56.633333	0.5	9.934400
56.641667	0.5	9.934350
56.650000	0.5	9.936550
56.658333	0.5	9.939550
56.666667	0.5	9.930200
56.675000	0.5	9.931350
56.683333	0.5	9.928850
56.691667	0.5	9.920250
56.700000	0.5	9.922350
56.708333	0.5	9.917050
56.716667	0.5	9.908650
56.725000	0.5	9.927800
56.733333	0.5	9.906800
56.741667	0.5	9.902350
56.750000	0.5	9.904400
56.758333	0.5	9.895600
56.766667	0.5	9.891100
56.775000	0.5	9.894250
56.783333	0.5	9.893700
56.791667	0.5	9.891250
56.800000	0.5	9.897950
56.808333	0.5	9.905900
56.816667	0.5	9.908750
56.825000	0.5	9.927200
56.833333	0.5	9.929800
56.841667	0.5	9.963700
56.850000	0.5	9.971700
56.858333	0.5	9.995900
56.866667	0.5	10.025800
56.875000	0.5	10.064500
56.883333	0.5	10.096350
56.891667	0.5	10.148150
56.900000	0.5	10.206400
56.908333	0.5	10.251750
56.916667	0.5	10.314250
56.925000	0.5	10.378900
56.933333	0.5	10.438400
56.941667	0.5	10.501100
56.950000	0.5	10.564300
56.958333	0.5	10.630600
56.966667	0.5	10.700000
56.975000	0.5	10.756900
56.983333	0.5	10.817600
56.991667	0.5	10.875950
57.000000	0.5	10.939700
57.008333	0.5	11.004000
57.016667	0.5	11.051150
57.025000	0.5	11.100150
57.033333	0.5	11.145850
57.041667	0.5	11.198700
57.050000	0.5	11.234250
57.058333	0.5	11.278950
57.066667	0.5	11.323850
57.075000	0.5	11.349500
57.083333	0.5	11.381000
57.091667	0.5	11.412850
57.100000	0.5	11.436200
57.108333	0.5	11.464100
57.116667	0.5	11.481250
57.125000	0.5	11.505300
57.133333	0.5	11.521550
57.141667	0.5	11.515200
57.150000	0.5	11.526800
57.158333	0.5	11.531100
57.166667	0.5	11.530300
57.175000	0.5	11.533150
57.183333	0.5	11.524150
57.191667	0.5	11.522500
57.200000	0.5	11.522500
57.208333	0.5	11.507450
57.216667	0.5	11.495950
57.225000	0.5	11.489300
57.233333	0.5	11.477450
57.241667	0.5	11.471900
57.250000	0.5	11.464000
57.258333	0.5	11.463600
57.266667	0.5	11.459300
57.275000	0.5	11.458950
57.283333	0.5	11.462200
57.291667	0.5	11.466650
57.300000	0.5	11.476150
57.308333	0.5	11.485250
57.316667	0.5	11.503600
57.325000	0.5	11.514800
57.333333	0.5	11.531250
57.341667	0.5	11.561250
57.350000	0.5	11.564550
57.358333	0.5	11.590150
57.366667	0.5	11.608300
57.375000	0.5	11.632200
57.383333	0.5	11.647850
57.391667	0.5	11.665050
57.400000	0.5	11.685650
57.408333	0.5	11.698900
57.416667	0.5	11.712750
57.425000	0.5	11.722750
57.433333	0.5	11.723650
57.441667	0.5	11.736600
57.450000	0.5	11.741650
57.458333	0.5	11.742950
57.466667	0.5	11.748100
57.475000	0.5	11.729500
57.483333	0.5	11.726400
57.491667	0.5	11.717500
57.500000	0.5	11.695700
57.508333	0.5	11.672300
57.516667	0.5	11.644050
57.525000	0.5	11.619950
57.533333	0.5	11.586550
57.541667	0.5	11.557250
57.550000	0.5	11.497350
57.558333	0.5	11.451950
57.566667	0.5	11.404650
57.575000	0.5	11.345450
57.583333	0.5	11.284200
57.591667	0.5	11.229250
57.600000	0.5	11.171850
57.608333	0.5	11.110150
57.616667	0.5	11.050450
57.625000	0.5	10.990500
57.633333	0.5	10.932150
57.641667	0.5	10.878600
57.650000	0.5	10.815750
57.658333	0.5	10.762000
57.666667	0.5	10.726700
57.675000	0.5	10.682050
57.683333	0.5	10.643450
57.691667	0.5	10.613650
57.700000	0.5	10.581200
57.708333	0.5	10.559800
57.716667	0.5	10.536000
57.725000	0.5	10.513900
57.733333	0.5	10.495800
57.741667	0.5	10.496200
57.750000	0.5	10.460150
57.758333	0.5	10.437450
57.766667	0.5	10.408050
57.775000	0.5	10.383750
57.783333	0.5	10.353400
57.791667	0.5	10.314200
57.800000	0.5	10.276100
57.808333	0.5	10.225450
57.816667	0.5	10.179150
57.825000	0.5	10.130900
57.833333	0.5	10.080800
57.841667	0.5	10.036550
57.850000	0.5	9.988450
57.858333	0.5	9.951950
57.866667	0.5	9.902350
57.875000	0.5	9.879700
57.883333	0.5	9.858550
57.891667	0.5	9.835050
57.900000	0.5	9.812600
57.908333	0.5	9.812550
57.916667	0.5	9.791300
57.925000	0.5	9.786500
57.933333	0.5	9.780550
57.941667	0.5	9.774350
57.950000	0.5	9.764350
57.958333	0.5	9.761450
57.966667	0.5	9.759750
57.975000	0.5	9.754350
57.983333	0.5	9.754000
57.991667	0.5	9.756750
58.000000	0.5	9.751850
58.008333	0.5	9.735850
58.016667	0.5	9.734600
58.025000	0.5	9.726700
58.033333	0.5	9.729150
58.041667	0.5	9.717750
58.050000	0.5	9.721900
58.058333	0.5	9.716850
58.066667	0.5	9.716850
58.075000	0.5	9.713000
58.083333	0.5	9.710100
58.091667	0.5	9.698150
58.100000	0.5	9.720350
58.108333	0.5	9.707800
58.116667	0.5	9.719000
58.125000	0.5	9.719550
58.133333	0.5	9.716050
58.141667	0.5	9.738450
58.150000	0.5	9.731000
58.158333	0.5	9.739350
58.166667	0.5	9.752550
58.175000	0.5	9.754850
58.183333	0.5	9.763900
58.191667	0.5	9.772750
58.200000	0.5	9.785100
58.208333	0.5	9.796750
58.216667	0.5	9.805650
58.225000	0.5	9.814700
58.233333	0.5	9.827250
58.241667	0.5	9.838450
58.250000	0.5	9.862750
58.258333	0.5	9.856900
58.266667	0.5	9.870000
58.275000	0.5	9.883200
58.283333	0.5	9.892400
58.291667	0.5	9.898650
58.300000	0.5	9.904000
58.308333	0.5	9.904350
58.316667	0.5	9.912250
58.325000	0.5	9.922850
58.333333	0.5	9.920550
58.341667	0.5	9.928700
58.350000	0.5	9.930450
58.358333	0.5	9.930200
58.366667	0.5	9.929500
58.375000	0.5	9.933550
58.383333	0.5	9.931800
58.391667	0.5	9.923550
58.400000	0.5	9.918500
58.408333	0.5	9.919100
58.416667	0.5	9.913800
58.425000	0.5	9.912800
58.433333	0.5	9.896800
58.441667	0.5	9.891000
58.450000	0.5	9.888850
58.458333	0.5	9.882100
58.466667	0.5	9.868100
58.475000	0.5	9.856650
58.483333	0.5	9.849700
58.491667	0.5	9.844400
58.500000	0.5	9.822550
58.508333	0.5	9.813900
58.516667	0.5	9.803050
58.525000	0.5	9.789200
58.533333	0.5	9.782100
58.541667	0.5	9.775050
58.550000	0.5	9.754950
58.558333	0.5	9.748500
58.566667	0.5	9.729250
58.575000	0.5	9.721650
58.583333	0.5	9.724000
58.591667	0.5	9.695750
58.600000	0.5	9.698700
58.608333	0.5	9.678450
58.616667	0.5	9.665550
58.625000	0.5	9.656850
58.633333	0.5	9.644100
58.641667	0.5	9.634150
58.650000	0.5	9.631800
58.658333	0.5	9.628350
58.666667	0.5	9.612400
58.675000	0.5	9.613200
58.683333	0.5	9.591200
58.691667	0.5	9.593600
58.700000	0.5	9.589550
58.708333	0.5	9.577200
58.716667	0.5	9.563550
58.725000	0.5	9.574800
58.733333	0.5	9.569800
58.741667	0.5	9.574800
58.750000	0.5	9.577150
58.758333	0.5	9.581550
58.766667	0.5	9.586950
58.775000	0.5	9.598850
58.783333	0.5	9.612950
58.791667	0.5	9.623600
58.800000	0.5	9.638550
58.808333	0.5	9.657500
58.816667	0.5	9.690500
58.825000	0.5	9.715550
58.833333	0.5	9.752600
58.841667	0.5	9.788500
58.850000	0.5	9.849100
58.858333	0.5	9.887100
58.866667	0.5	9.947850
58.875000	0.5	10.011950
58.883333	0.5	10.077800
58.891667	0.5	10.147300
58.900000	0.5	10.222700
58.908333	0.5	10.302850
58.916667	0.5	10.385800
58.925000	0.5	10.465900
58.933333	0.5	10.557350
58.941667	0.5	10.624750
58.950000	0.5	10.700750
58.958333	0.5	10.782400
58.966667	0.5	10.861900
58.975000	0.5	10.936950
58.983333	0.5	11.009400
58.991667	0.5	11.079050
59.000000	0.5	11.153800
59.008333	0.5	11.209000
59.016667	0.5	11.272250
59.025000	0.5	11.326100
59.033333	0.5	11.396600
59.041667	0.5	11.436650
59.050000	0.5	11.498250
59.058333	0.5	11.532150
59.066667	0.5	11.570650
59.075000	0.5	11.605200
59.083333	0.5	11.650300
59.091667	0.5	11.676750
59.100000	0.5	11.696350
59.108333	0.5	11.728000
59.116667	0.5	11.731550
59.125000	0.5	11.758100
59.133333	0.5	11.764250
59.141667	0.5	11.773700
59.150000	0.5	11.772700
59.158333	0.5	11.764950
59.166667	0.5	11.758500
59.175000	0.5	11.753000
59.183333	0.5	11.747650
59.191667	0.5	11.724950
59.200000	0.5	11.705700
59.208333	0.5	11.685700
59.216667	0.5	11.666650
59.225000	0.5	11.632800
59.233333	0.5	11.610800
59.241667	0.5	11.575350
59.250000	0.5	11.550150
59.258333	0.5	11.512000
59.266667	0.5	11.475600
59.275000	0.5	11.431600
59.283333	0.5	11.393350
59.291667	0.5	11.353000
59.300000	0.5	11.317700
59.308333	0.5	11.258950
59.316667	0.5	11.215500
59.325000	0.5	11.180150
59.333333	0.5	11.130700
59.341667	0.5	11.081350
59.350000	0.5	11.036000
59.358333	0.5	10.992900
59.366667	0.5	10.947600
59.375000	0.5	10.919500
59.383333	0.5	10.873400
59.391667	0.5	10.843600
59.400000	0.5	10.809600
59.408333	0.5	10.771600
59.416667	0.5	10.745800
59.425000	0.5	10.726150
59.433333	0.5	10.699400
59.441667	0.5	10.691750
59.450000	0.5	10.672800
59.458333	0.5	10.677900
59.466667	0.5	10.660150
59.475000	0.5	10.669750
59.483333	0.5	10.670250
59.491667	0.5	10.670450
59.500000	0.5	10.682500
59.508333	0.5	10.701600
59.516667	0.5	10.710250
59.525000	0.5	10.730300
59.533333	0.5	10.741150
59.541667	0.5	10.755450
59.550000	0.5	10.778400
59.558333	0.5	10.800900
59.566667	0.5	10.820050
59.575000	0.5	10.830600
59.583333	0.5	10.868000
59.591667	0.5	10.863000
59.600000	0.5	10.878100
59.608333	0.5	10.897150
59.616667	0.5	10.897800
59.625000	0.5	10.903750
59.633333	0.5	10.906200
59.641667	0.5	10.911900
59.650000	0.5	10.902800
59.658333	0.5	10.902350
59.666667	0.5	10.878900
59.675000	0.5	10.874050
59.683333	0.5	10.862700
59.691667	0.5	10.839050
59.700000	0.5	10.840650
59.708333	0.5	10.803550
59.716667	0.5	10.781300
59.725000	0.5	10.756550
59.733333	0.5	10.738850
59.741667	0.5	10.710250
59.750000	0.5	10.676700
59.758333	0.5	10.650800
59.766667	0.5	10.627500
59.775000	0.5	10.612100
59.783333	0.5	10.573500
59.791667	0.5	10.548300
59.800000	0.5	10.519850
59.808333	0.5	10.497550
59.816667	0.5	10.479250
59.825000	0.5	10.457350
59.833333	0.5	10.425600
59.841667	0.5	10.412400
59.850000	0.5	10.401850
59.858333	0.5	10.382350
59.866667	0.5	10.363450
59.875000	0.5	10.351150
59.883333	0.5	10.334300
59.891667	0.5	10.324250
59.900000	0.5	10.311850
59.908333	0.5	10.311050
59.916667	0.5	10.288000
59.925000	0.5	10.268000
59.933333	0.5	10.262850
59.941667	0.5	10.247500
59.950000	0.5	10.234100
59.958333	0.5	10.220250
59.966667	0.5	10.206900
59.975000	0.5	10.195850
59.983333	0.5	10.191800
59.991667	0.5	10.175000
60.000000	0.5	10.166850
60.008333	0.5	10.155400
60.016667	0.5	10.137350
60.025000	0.5	10.122150
60.033333	0.5	10.106050
60.041667	0.5	10.098450
60.050000	0.5	10.082350
60.058333	0.5	10.072600
60.066667	0.5	10.060600
60.075000	0.5	10.041600
60.083333	0.5	10.036950
60.091667	0.5	10.023950
60.100000	0.5	10.011800
60.108333	0.5	9.994850
60.116667	0.5	9.985350
60.125000	0.5	9.969700
60.133333	0.5	9.950500
60.141667	0.5	9.942050
60.150000	0.5	9.935050
60.158333	0.5	9.918350
60.166667	0.5	9.903000
60.175000	0.5	9.892500
60.183333	0.5	9.873350
60.191667	0.5	9.863050
60.200000	0.5	9.843650
60.208333	0.5	9.818850
60.216667	0.5	9.800050
60.225000	0.5	9.768850
60.233333	0.5	9.748550
60.241667	0.5	9.723050
60.250000	0.5	9.690950
60.258333	0.5	9.659300
60.266667	0.5	9.628950
60.275000	0.5	9.603400
60.283333	0.5	9.571400
60.291667	0.5	9.537050
60.300000	0.5	9.518200
60.308333	0.5	9.481950
60.316667	0.5	9.459550
60.325000	0.5	9.435900
60.333333	0.5	9.416800
60.341667	0.5	9.394150
60.350000	0.5	9.372700
60.358333	0.5	9.354050
60.366667	0.5	9.351800
60.375000	0.5	9.329200
60.383333	0.5	9.322050
60.391667	0.5	9.313050
60.400000	0.5	9.299650
60.408333	0.5	9.295750
60.416667	0.5	9.284850
60.425000	0.5	9.285150
60.433333	0.5	9.283050
60.441667	0.5	9.281350
60.450000	0.5	9.279850
60.458333	0.5	9.283200
60.466667	0.5	9.288100
60.475000	0.5	9.299850
60.483333	0.5	9.319050
60.491667	0.5	9.315700
60.500000	0.5	9.336100
60.508333	0.5	9.348500
60.516667	0.5	9.383750
60.525000	0.5	9.392800
60.533333	0.5	9.418300
60.541667	0.5	9.455500
60.550000	0.5	9.494550
60.558333	0.5	9.532600
60.566667	0.5	9.573950
60.575000	0.5	9.621900
60.583333	0.5	9.676550
60.591667	0.5	9.729400
60.600000	0.5	9.785450
60.608333	0.5	9.856900
60.616667	0.5	9.907350
60.625000	0.5	9.978700
60.633333	0.5	10.046050
60.641667	0.5	10.118450
60.650000	0.5	10.192250
60.658333	0.5	10.260650
60.666667	0.5	10.315550
60.675000	0.5	10.382300
60.683333	0.5	10.462350
60.691667	0.5	10.513700
60.700000	0.5	10.570450
60.708333	0.5	10.635900
60.716667	0.5	10.687100
60.725000	0.5	10.735850
60.733333	0.5	10.792850
60.741667	0.5	10.832450
60.750000	0.5	10.876150
60.758333	0.5	10.926300
60.766667	0.5	10.960000
60.775000	0.5	10.992900
60.783333	0.5	11.031300
60.791667	0.5	11.052000
60.800000	0.5	11.071000
60.808333	0.5	11.097250
60.816667	0.5	11.110900
60.825000	0.5	11.128700
60.833333	0.5	11.144950
60.841667	0.5	11.130900
60.850000	0.5	11.135100
60.858333	0.5	11.134000
60.866667	0.5	11.126350
60.875000	0.5	11.109500
60.883333	0.5	11.084950
60.891667	0.5	11.063350
60.900000	0.5	11.044800
60.908333	0.5	11.007850
60.916667	0.5	10.974400
60.925000	0.5	10.937800
60.933333	0.5	10.879700
60.941667	0.5	10.836150
60.950000	0.5	10.792950
60.958333	0.5	10.753400
60.966667	0.5	10.689300
60.975000	0.5	10.629500
60.983333	0.5	10.568150
60.991667	0.5	10.508850
61.000000	0.5	10.459050
61.008333	0.5	10.389850
61.016667	0.5	10.333500
61.025000	0.5	10.286700
61.033333	0.5	10.239000
61.041667	0.5	10.188400
61.050000	0.5	10.137200
61.058333	0.5	10.083900
61.066667	0.5	10.050650
61.075000	0.5	10.009750
61.083333	0.5	9.994800
61.091667	0.5	9.945150
61.100000	0.5	9.929450
61.108333	0.5	9.926850
61.116667	0.5	9.903400
61.125000	0.5	9.888700
61.133333	0.5	9.882050
61.141667	0.5	9.879000
61.150000	0.5	9.877750
61.158333	0.5	9.898100
61.166667	0.5	9.892550
61.175000	0.5	9.894000
61.183333	0.5	9.913450
61.191667	0.5	9.929050
61.200000	0.5	9.949050
61.208333	0.5	9.967800
61.216667	0.5	9.985750
61.225000	0.5	10.010350
61.233333	0.5	10.035350
61.241667	0.5	10.067850
61.250000	0.5	10.089400
61.258333	0.5	10.111800
61.266667	0.5	10.145650
61.275000	0.5	10.177050
61.283333	0.5	10.201700
61.291667	0.5	10.234500
61.300000	0.5	10.273950
61.308333	0.5	10.306450
61.316667	0.5	10.335400
61.325000	0.5	10.379600
61.333333	0.5	10.415650
61.341667	0.5	10.446850
61.350000	0.5	10.479450
61.358333	0.5	10.518100
61.366667	0.5	10.550300
61.375000	0.5	10.595350
61.383333	0.5	10.624750
61.391667	0.5	10.669950
61.400000	0.5	10.690600
61.408333	0.5	10.724850
61.416667	0.5	10.743300
61.425000	0.5	10.776550
61.433333	0.5	10.803100
61.441667	0.5	10.833750
61.450000	0.5	10.868600
61.458333	0.5	10.864650
61.466667	0.5	10.886700
61.475000	0.5	10.880850
61.483333	0.5	10.896100
61.491667	0.5	10.896000
61.500000	0.5	10.891100
61.508333	0.5	10.887650
61.516667	0.5	10.882200
61.525000	0.5	10.880150
61.533333	0.5	10.848100
61.541667	0.5	10.826850
61.550000	0.5	10.800800
61.558333	0.5	10.773350
61.566667	0.5	10.762150
61.575000	0.5	10.700700
61.583333	0.5	10.662150
61.591667	0.5	10.619500
61.600000	0.5	10.581350
61.608333	0.5	10.525050
61.616667	0.5	10.495350
61.625000	0.5	10.443500
61.633333	0.5	10.400300
61.641667	0.5	10.340400
61.650000	0.5	10.295800
61.658333	0.5	10.247250
61.666667	0.5	10.192250
61.675000	0.5	10.146800
61.683333	0.5	10.105600
61.691667	0.5	10.071200
61.700000	0.5	10.013750
61.708333	0.5	9.968150
61.716667	0.5	9.934850
61.725000	0.5	9.890500
61.733333	0.5	9.848900
61.741667	0.5	9.819600
61.750000	0.5	9.779550
61.758333	0.5	9.750900
61.766667	0.5	9.733150
61.775000	0.5	9.703050
61.783333	0.5	9.667600
61.791667	0.5	9.631800
61.800000	0.5	9.607900
61.808333	0.5	9.601500
61.816667	0.5	9.572500
61.825000	0.5	9.550050
61.833333	0.5	9.530550
61.841667	0.5	9.522250
61.850000	0.5	9.520000
61.858333	0.5	9.501050
61.866667	0.5	9.490400
61.875000	0.5	9.487300
61.883333	0.5	9.491950
61.891667	0.5	9.480600
61.900000	0.5	9.491700
61.908333	0.5	9.482850
61.916667	0.5	9.497500
61.925000	0.5	9.490150
61.933333	0.5	9.506950
61.941667	0.5	9.512100
61.950000	0.5	9.530250
61.958333	0.5	9.544650
61.966667	0.5	9.561450
61.975000	0.5	9.583350
61.983333	0.5	9.601350
61.991667	0.5	9.617350
62.000000	0.5	9.646450
62.008333	0.5	9.674250
62.016667	0.5	9.685300
62.025000	0.5	9.712750
62.033333	0.5	9.739600
62.041667	0.5	9.759800
62.050000	0.5	9.787650
62.058333	0.5	9.827800
62.066667	0.5	9.831550
62.075000	0.5	9.868700
62.083333	0.5	9.875600
62.091667	0.5	9.914150
62.100000	0.5	9.922050
62.108333	0.5	9.937750
62.116667	0.5	9.962850
62.125000	0.5	9.990250
62.133333	0.5	9.988150
62.141667	0.5	10.003550
62.150000	0.5	10.009650
62.158333	0.5	10.031050
62.166667	0.5	10.023900
62.175000	0.5	10.033600
62.183333	0.5	10.037550
62.191667	0.5	10.054350
62.200000	0.5	10.046100
62.208333	0.5	10.047200
62.216667	0.5	10.050850
62.225000	0.5	10.060500
62.233333	0.5	10.058800
62.241667	0.5	10.070900
62.250000	0.5	10.082000
62.258333	0.5	10.083550
62.266667	0.5	10.097000
62.275000	0.5	10.100950
62.283333	0.5	10.119100
62.291667	0.5	10.123650
62.300000	0.5	10.137550
62.308333	0.5	10.145350
62.316667	0.5	10.173450
62.325000	0.5	10.190800
62.333333	0.5	10.203750
62.341667	0.5	10.204550
62.350000	0.5	10.219500
62.358333	0.5	10.247650
62.366667	0.5	10.251800
62.375000	0.5	10.272300
62.383333	0.5	10.288750
62.391667	0.5	10.295800
62.400000	0.5	10.305650
62.408333	0.5	10.330150
62.416667	0.5	10.329900
62.425000	0.5	10.336400
62.433333	0.5	10.349000
62.441667	0.5	10.358250
62.450000	0.5	10.375750
62.458333	0.5	10.378550
62.466667	0.5	10.392500
62.475000	0.5	10.404450
62.483333	0.5	10.419950
62.491667	0.5	10.435800
62.500000	0.5	10.445150
62.508333	0.5	10.458050
62.516667	0.5	10.471800
62.525000	0.5	10.490450
62.533333	0.5	10.511200
62.541667	0.5	10.523650
62.550000	0.5	10.541700
62.558333	0.5	10.561850
62.566667	0.5	10.585150
62.575000	0.5	10.600100
62.583333	0.5	10.616100
62.591667	0.5	10.637600
62.600000	0.5	10.651150
62.608333	0.5	10.667150
62.616667	0.5	10.688150
62.625000	0.5	10.707200
62.633333	0.5	10.721850
62.641667	0.5	10.741700
62.650000	0.5	10.756250
62.658333	0.5	10.779450
62.666667	0.5	10.792150
62.675000	0.5	10.810000
62.683333	0.5	10.825500
62.691667	0.5	10.845650
62.700000	0.5	10.863750
62.708333	0.5	10.882050
62.716667	0.5	10.891050
62.725000	0.5	10.905450
62.733333	0.5	10.919850
62.741667	0.5	10.938500
62.750000	0.5	10.952500
62.758333	0.5	10.958250
62.766667	0.5	10.976650
62.775000	0.5	10.987000
62.783333	0.5	10.997450
62.791667	0.5	11.017050
62.800000	0.5	11.028950
62.808333	0.5	11.038400
62.816667	0.5	11.042750
62.825000	0.5	11.059850
62.833333	0.5	11.068750
62.841667	0.5	11.085550
62.850000	0.5	11.086550
62.858333	0.5	11.099300
62.866667	0.5	11.107800
62.875000	0.5	11.115050
62.883333	0.5	11.133650
62.891667	0.5	11.134500
62.900000	0.5	11.149500
62.908333	0.5	11.152800
62.916667	0.5	11.168500
62.925000	0.5	11.170550
62.933333	0.5	11.178350
62.941667	0.5	11.185000
62.950000	0.5	11.198150
62.958333	0.5	11.201150
62.966667	0.5	11.203000
62.975000	0.5	11.210700
62.983333	0.5	11.209350
62.991667	0.5	11.205500
63.000000	0.5	11.213350
63.008333	0.5	11.210150
63.016667	0.5	11.212100
63.025000	0.5	11.208850
63.033333	0.5	11.198050
63.041667	0.5	11.190300
63.050000	0.5	11.195500
63.058333	0.5	11.191800
63.066667	0.5	11.180200
63.075000	0.5	11.186550
63.083333	0.5	11.176250
63.091667	0.5	11.168700
63.100000	0.5	11.166000
63.108333	0.5	11.167600
63.116667	0.5	11.161500
63.125000	0.5	11.158050
63.133333	0.5	11.154000
63.141667	0.5	11.142300
63.150000	0.5	11.153800
63.158333	0.5	11.141000
63.166667	0.5	11.142550
63.175000	0.5	11.129800
63.183333	0.5	11.131800
63.191667	0.5	11.114000
63.200000	0.5	11.112050
63.208333	0.5	11.093650
63.216667	0.5	11.102400
63.225000	0.5	11.091000
63.233333	0.5	11.077400
63.241667	0.5	11.079950
63.250000	0.5	11.078500
63.258333	0.5	11.061350
63.266667	0.5	11.049100
63.275000	0.5	11.035650
63.283333	0.5	11.039250
63.291667	0.5	11.020500
63.300000	0.5	11.014050
63.308333	0.5	11.004000
63.316667	0.5	11.003900
63.325000	0.5	10.983900
63.333333	0.5	10.981000
63.341667	0.5	10.980400
63.350000	0.5	10.958400
63.358333	0.5	10.951200
63.366667	0.5	10.951250
63.375000	0.5	10.936500
63.383333	0.5	10.922250
63.391667	0.5	10.919650
63.400000	0.5	10.907050
63.408333	0.5	10.908300
63.416667	0.5	10.899850
63.425000	0.5	10.899250
63.433333	0.5	10.886500
63.441667	0.5	10.883150
63.450000	0.5	10.864450
63.458333	0.5	10.868100
63.466667	0.5	10.861000
63.475000	0.5	10.862250
63.483333	0.5	10.845250
63.491667	0.5	10.839300
63.500000	0.5	10.842100
63.508333	0.5	10.837750
63.516667	0.5	10.827350
63.525000	0.5	10.821650
63.533333	0.5	10.819950
63.541667	0.5	10.804300
63.550000	0.5	10.813400
63.558333	0.5	10.806450
63.566667	0.5	10.790000
63.575000	0.5	10.776200
63.583333	0.5	10.778900
63.591667	0.5	10.772300
63.600000	0.5	10.763700
63.608333	0.5	10.762300
63.616667	0.5	10.754100
63.625000	0.5	10.743900
63.633333	0.5	10.738700
63.641667	0.5	10.724050
63.650000	0.5	10.712200
63.658333	0.5	10.722050
63.666667	0.5	10.699700
63.675000	0.5	10.688250
63.683333	0.5	10.687900
63.691667	0.5	10.685700
63.700000	0.5	10.688500
63.708333	0.5	10.671800
63.716667	0.5	10.665900
63.725000	0.5	10.664800
63.733333	0.5	10.662200
63.741667	0.5	10.655050
63.750000	0.5	10.670450
63.758333	0.5	10.658150
63.766667	0.5	10.666550
63.775000	0.5	10.680300
63.783333	0.5	10.686650
63.791667	0.5	10.692250
63.800000	0.5	10.699000
63.808333	0.5	10.706950
63.816667	0.5	10.715800
63.825000	0.5	10.727650
63.833333	0.5	10.742100
63.841667	0.5	10.750800
63.850000	0.5	10.761500
63.858333	0.5	10.778950
63.866667	0.5	10.808900
63.875000	0.5	10.815950
63.883333	0.5	10.832900
63.891667	0.5	10.847850
63.900000	0.5	10.859100
63.908333	0.5	10.887150
63.916667	0.5	10.901650
63.925000	0.5	10.935800
63.933333	0.5	10.929550
63.941667	0.5	10.946500
63.950000	0.5	10.962400
63.958333	0.5	10.984900
63.966667	0.5	11.009600
63.975000	0.5	11.006350
63.983333	0.5	11.021050
63.991667	0.5	11.040300
64.000000	0.5	11.047250
64.008333	0.5	11.061300
64.016667	0.5	11.072950
64.025000	0.5	11.084700
64.033333	0.5	11.092850
64.041667	0.5	11.107000
64.050000	0.5	11.121100
64.058333	0.5	11.134450
64.066667	0.5	11.144150
64.075000	0.5	11.157050
64.083333	0.5	11.176350
64.091667	0.5	11.169450
64.100000	0.5	11.190200
64.108333	0.5	11.197650
64.116667	0.5	11.200150
64.125000	0.5	11.206850
64.133333	0.5	11.215050
64.141667	0.5	11.208100
64.150000	0.5	11.216600
64.158333	0.5	11.221200
64.166667	0.5	11.217150
64.175000	0.5	11.215350
64.183333	0.5	11.220100
64.191667	0.5	11.204100
64.200000	0.5	11.197900
64.208333	0.5	11.176800
64.216667	0.5	11.162500
64.225000	0.5	11.137800
64.233333	0.5	11.121850
64.241667	0.5	11.097100
64.250000	0.5	11.066850
64.258333	0.5	11.037650
64.266667	0.5	11.003550
64.275000	0.5	10.977650
64.283333	0.5	10.933450
64.291667	0.5	10.902450
64.300000	0.5	10.870250
64.308333	0.5	10.841350
64.316667	0.5	10.817700
64.325000	0.5	10.770950
64.333333	0.5	10.743600
64.341667	0.5	10.712700
64.350000	0.5	10.682800
64.358333	0.5	10.642450
64.366667	0.5	10.575150
64.375000	0.5	10.470000
64.383333	0.5	10.333950
64.391667	0.5	10.202000
64.400000	0.5	10.073150
64.408333	0.5	9.977200
64.416667	0.5	9.893300
64.425000	0.5	9.821150
64.433333	0.5	9.784850
64.441667	0.5	9.731050
64.450000	0.5	9.689800
64.458333	0.5	9.651700
64.466667	0.5	9.619650
64.475000	0.5	9.575350
64.483333	0.5	9.553950
64.491667	0.5	9.516850
64.500000	0.5	9.492000
64.508333	0.5	9.463400
64.516667	0.5	9.422600
64.525000	0.5	9.368000
64.533333	0.5	9.331950
64.541667	0.5	9.281650
64.550000	0.5	9.251850
64.558333	0.5	9.195500
64.566667	0.5	9.157750
64.575000	0.5	9.125100
64.583333	0.5	9.081550
64.591667	0.5	9.046850
64.600000	0.5	9.013250
64.608333	0.5	9.000200
64.616667	0.5	8.964500
64.625000	0.5	8.946800
64.633333	0.5	8.915700
64.641667	0.5	8.893400
64.650000	0.5	8.875250
64.658333	0.5	8.875300
64.666667	0.5	8.832400
64.675000	0.5	8.812350
64.683333	0.5	8.797200
64.691667	0.5	8.771850
64.700000	0.5	8.742700
64.708333	0.5	8.721850
64.716667	0.5	8.709050
64.725000	0.5	8.677150
64.733333	0.5	8.651750
64.741667	0.5	8.632950
64.750000	0.5	8.620950
64.758333	0.5	8.600850
64.766667	0.5	8.592700
64.775000	0.5	8.570150
64.783333	0.5	8.556700
64.791667	0.5	8.546600
64.800000	0.5	8.532500
64.808333	0.5	8.521200
64.816667	0.5	8.503750
64.825000	0.5	8.510300
64.833333	0.5	8.498100
64.841667	0.5	8.484150
64.850000	0.5	8.489500
64.858333	0.5	8.467500
64.866667	0.5	8.459700
64.875000	0.5	8.456250
64.883333	0.5	8.463850
64.891667	0.5	8.440700
64.900000	0.5	8.442500
64.908333	0.5	8.423500
64.916667	0.5	8.418850
64.925000	0.5	8.409800
64.933333	0.5	8.414550
64.941667	0.5	8.388800
64.950000	0.5	8.384750
64.958333	0.5	8.377400
64.966667	0.5	8.382900
64.975000	0.5	8.364750
64.983333	0.5	8.351750
64.991667	0.5	8.346600
65.000000	0.5	8.336550
65.008333	0.5	8.335900
65.016667	0.5	8.317700
65.025000	0.5	8.316650
65.033333	0.5	8.325750
65.041667	0.5	8.309550
65.050000	0.5	8.316750
65.058333	0.5	8.295750
65.066667	0.5	8.290300
65.075000	0.5	8.302650
65.083333	0.5	8.288150
65.091667	0.5	8.272750
65.100000	0.5	8.273200
65.108333	0.5	8.271250
65.116667	0.5	8.266950
65.125000	0.5	8.263100
65.133333	0.5	8.264050
65.141667	0.5	8.255700
65.150000	0.5	8.255500
65.158333	0.5	8.249850
65.166667	0.5	8.248450
65.175000	0.5	8.257050
65.183333	0.5	8.243550
65.191667	0.5	8.238800
65.200000	0.5	8.237150
65.208333	0.5	8.235200
65.216667	0.5	8.246050
65.225000	0.5	8.227050
65.233333	0.5	8.223400
65.241667	0.5	8.228850
65.250000	0.5	8.221050
65.258333	0.5	8.229750
65.266667	0.5	8.221800
65.275000	0.5	8.215000
65.283333	0.5	8.216350
65.291667	0.5	8.216000
65.300000	0.5	8.201000
65.308333	0.5	8.200800
65.316667	0.5	8.206300
65.325000	0.5	8.202000
65.333333	0.5	8.196250
65.341667	0.5	8.188100
65.350000	0.5	8.190400
65.358333	0.5	8.193750
65.366667	0.5	8.185650
65.375000	0.5	8.187900
65.383333	0.5	8.186500
65.391667	0.5	8.182950
65.400000	0.5	8.181250
65.408333	0.5	8.182700
65.416667	0.5	8.177600
65.425000	0.5	8.177000
65.433333	0.5	8.170100
65.441667	0.5	8.176100
65.450000	0.5	8.179500
65.458333	0.5	8.176000
65.466667	0.5	8.177700
65.475000	0.5	8.175200
65.483333	0.5	8.181800
65.491667	0.5	8.171100
65.500000	0.5	8.171800
65.508333	0.5	8.172600
65.516667	0.5	8.172050
65.525000	0.5	8.185600
65.533333	0.5	8.174750
65.541667	0.5	8.175100
65.550000	0.5	8.181700
65.558333	0.5	8.186450
65.566667	0.5	8.179700
65.575000	0.5	8.188550
65.583333	0.5	8.183600
65.591667	0.5	8.188250
65.600000	0.5	8.185400
65.608333	0.5	8.187000
65.616667	0.5	8.190500
65.625000	0.5	8.194350
65.633333	0.5	8.188450
65.641667	0.5	8.187800
65.650000	0.5	8.201200
65.658333	0.5	8.199950
65.666667	0.5	8.203950
65.675000	0.5	8.200050
65.683333	0.5	8.211400
65.691667	0.5	8.207750
65.700000	0.5	8.214850
65.708333	0.5	8.212900
65.716667	0.5	8.223700
65.725000	0.5	8.220600
65.733333	0.5	8.229600
65.741667	0.5	8.244850
65.750000	0.5	8.237450
65.758333	0.5	8.239700
65.766667	0.5	8.251900
65.775000	0.5	8.248050
65.783333	0.5	8.254950
65.791667	0.5	8.253800
65.800000	0.5	8.264600
65.808333	0.5	8.262350
65.816667	0.5	8.263250
65.825000	0.5	8.267200
65.833333	0.5	8.279100
65.841667	0.5	8.295750
65.850000	0.5	8.284050
65.858333	0.5	8.287250
65.866667	0.5	8.294850
65.875000	0.5	8.301800
65.883333	0.5	8.312550
65.891667	0.5	8.305100
65.900000	0.5	8.310400
65.908333	0.5	8.310900
65.916667	0.5	8.322150
65.925000	0.5	8.316150
65.933333	0.5	8.324850
65.941667	0.5	8.318050
65.950000	0.5	8.322150
65.958333	0.5	8.325900
65.966667	0.5	8.331600
65.975000	0.5	8.333800
65.983333	0.5	8.327300
65.991667	0.5	8.329300
66.000000	0.5	8.345050
66.008333	0.5	8.339250
66.016667	0.5	8.334350
66.025000	0.5	8.330550
66.033333	0.5	8.343700
66.041667	0.5	8.339850
66.050000	0.5	8.334450
66.058333	0.5	8.336800
66.066667	0.5	8.337050
66.075000	0.5	8.331100
66.083333	0.5	8.324150
66.091667	0.5	8.335900
66.100000	0.5	8.314250
66.108333	0.5	8.327350
66.116667	0.5	8.314950
66.125000	0.5	8.318150
66.133333	0.5	8.305550
66.141667	0.5	8.301100
66.150000	0.5	8.307200
66.158333	0.5	8.304900
66.166667	0.5	8.293700
66.175000	0.5	8.305100
66.183333	0.5	8.283100
66.191667	0.5	8.282450
66.200000	0.5	8.290100
66.208333	0.5	8.279250
66.216667	0.5	8.277800
66.225000	0.5	8.277700
66.233333	0.5	8.268900
66.241667	0.5	8.274000
66.250000	0.5	8.260200
66.258333	0.5	8.257800
66.266667	0.5	8.273700
66.275000	0.5	8.248800
66.283333	0.5	8.261900
66.291667	0.5	8.249800
66.300000	0.5	8.254650
66.308333	0.5	8.250550
66.316667	0.5	8.247000
66.325000	0.5	8.243050
66.333333	0.5	8.246850
66.341667	0.5	8.244000
66.350000	0.5	8.246800
66.358333	0.5	8.248800
66.366667	0.5	8.239850
66.375000	0.5	8.242000
66.383333	0.5	8.247950
66.391667	0.5	8.246650
66.400000	0.5	8.243700
66.408333	0.5	8.247650
66.416667	0.5	8.244250
66.425000	0.5	8.252150
66.433333	0.5	8.259250
66.441667	0.5	8.252850
66.450000	0.5	8.261350
66.458333	0.5	8.261600
66.466667	0.5	8.267250
66.475000	0.5	8.265150
66.483333	0.5	8.270950
66.491667	0.5	8.276100
66.500000	0.5	8.285850
66.508333	0.5	8.283350
66.516667	0.5	8.291650
66.525000	0.5	8.300400
66.533333	0.5	8.311100
66.541667	0.5	8.319150
66.550000	0.5	8.326950
66.558333	0.5	8.336700
66.566667	0.5	8.344050
66.575000	0.5	8.358100
66.583333	0.5	8.364350
66.591667	0.5	8.390100
66.600000	0.5	8.400350
66.608333	0.5	8.414050
66.616667	0.5	8.424250
66.625000	0.5	8.442850
66.633333	0.5	8.455900
66.641667	0.5	8.474600
66.650000	0.5	8.485350
66.658333	0.5	8.511450
66.666667	0.5	8.526400
66.675000	0.5	8.547000
66.683333	0.5	8.561950
66.691667	0.5	8.582900
66.700000	0.5	8.608650
66.708333	0.5	8.623300
66.716667	0.5	8.645100
66.725000	0.5	8.670100
66.733333	0.5	8.684350
66.741667	0.5	8.704350
66.750000	0.5	8.722800
66.758333	0.5	8.747900
66.766667	0.5	8.767750
66.775000	0.5	8.781600
66.783333	0.5	8.801450
66.791667	0.5	8.828400
66.800000	0.5	8.839550
66.808333	0.5	8.850500
66.816667	0.5	8.866050
66.825000	0.5	8.880550
66.833333	0.5	8.899300
66.841667	0.5	8.914250
66.850000	0.5	8.917500
66.858333	0.5	8.931500
66.866667	0.5	8.934100
66.875000	0.5	8.943300
66.883333	0.5	8.949950
66.891667	0.5	8.954750
66.900000	0.5	8.958850
66.908333	0.5	8.966400
66.916667	0.5	8.960300
66.925000	0.5	8.962200
66.933333	0.5	8.966700
66.941667	0.5	8.965950
66.950000	0.5	8.950900
66.958333	0.5	8.957750
66.966667	0.5	8.949700
66.975000	0.5	8.950350
66.983333	0.5	8.940900
66.991667	0.5	8.937000
67.000000	0.5	8.932300
67.008333	0.5	8.919800
67.016667	0.5	8.904050
67.025000	0.5	8.902650
67.033333	0.5	8.887350
67.041667	0.5	8.875900
67.050000	0.5	8.869200
67.058333	0.5	8.849050
67.066667	0.5	8.841350
67.075000	0.5	8.831350
67.083333	0.5	8.822650
67.091667	0.5	8.804950
67.100000	0.5	8.794500
67.108333	0.5	8.782050
67.116667	0.5	8.771050
67.125000	0.5	8.761400
67.133333	0.5	8.754050
67.141667	0.5	8.742450
67.150000	0.5	8.731100
67.158333	0.5	8.723750
67.166667	0.5	8.720300
67.175000	0.5	8.708550
67.183333	0.5	8.704000
67.191667	0.5	8.693100
67.200000	0.5	8.689200
67.208333	0.5	8.676800
67.216667	0.5	8.680300
67.225000	0.5	8.681850
67.233333	0.5	8.669300
67.241667	0.5	8.668850
67.250000	0.5	8.673950
67.258333	0.5	8.668500
67.266667	0.5	8.669400
67.275000	0.5	8.674250
67.283333	0.5	8.668000
67.291667	0.5	8.669350
67.300000	0.5	8.665250
67.308333	0.5	8.678600
67.316667	0.5	8.672750
67.325000	0.5	8.686300
67.333333	0.5	8.690100
67.341667	0.5	8.695600
67.350000	0.5	8.685150
67.358333	0.5	8.695600
67.366667	0.5	8.696650
67.375000	0.5	8.704300
67.383333	0.5	8.709450
67.391667	0.5	8.717550
67.400000	0.5	8.723000
67.408333	0.5	8.739600
67.416667	0.5	8.737700
67.425000	0.5	8.753550
67.433333	0.5	8.765050
67.441667	0.5	8.765050
67.450000	0.5	8.789600
67.458333	0.5	8.786250
67.466667	0.5	8.794300
67.475000	0.5	8.803350
67.483333	0.5	8.809400
67.491667	0.5	8.820150
67.500000	0.5	8.824700
67.508333	0.5	8.831250
67.516667	0.5	8.847350
67.525000	0.5	8.848800
67.533333	0.5	8.872100
67.541667	0.5	8.879400
67.550000	0.5	8.867800
67.558333	0.5	8.893850
67.566667	0.5	8.895450
67.575000	0.5	8.893600
67.583333	0.5	8.915900
67.591667	0.5	8.916850
67.600000	0.5	8.921100
67.608333	0.5	8.925750
67.616667	0.5	8.949750
67.625000	0.5	8.940050
67.633333	0.5	8.950200
67.641667	0.5	8.956600
67.650000	0.5	8.962400
67.658333	0.5	8.972600
67.666667	0.5	8.971900
67.675000	0.5	8.967800
67.683333	0.5	8.987350
67.691667	0.5	8.990500
67.700000	0.5	8.985250
67.708333	0.5	9.006850
67.716667	0.5	9.001900
67.725000	0.5	9.017800
67.733333	0.5	9.014150
67.741667	0.5	9.029150
67.750000	0.5	9.039350
67.758333	0.5	9.036600
67.766667	0.5	9.042150
67.775000	0.5	9.048000
67.783333	0.5	9.066050
67.791667	0.5	9.067950
67.800000	0.5	9.077100
67.808333	0.5	9.089250
67.816667	0.5	9.092150
67.825000	0.5	9.107550
67.833333	0.5	9.105550
67.841667	0.5	9.119550
67.850000	0.5	9.153600
67.858333	0.5	9.148250
67.866667	0.5	9.160950
67.875000	0.5	9.153250
67.883333	0.5	9.177100
67.891667	0.5	9.179850
67.900000	0.5	9.183750
67.908333	0.5	9.188350
67.916667	0.5	9.221050
67.925000	0.5	9.220350
67.933333	0.5	9.220400
67.941667	0.5	9.228850
67.950000	0.5	9.243950
67.958333	0.5	9.242350
67.966667	0.5	9.254850
67.975000	0.5	9.248250
67.983333	0.5	9.261950
67.991667	0.5	9.255600
68.000000	0.5	9.272250
68.008333	0.5	9.261500
68.016667	0.5	9.258150
68.025000	0.5	9.263100
68.033333	0.5	9.264900
68.041667	0.5	9.262050
68.050000	0.5	9.259500
68.058333	0.5	9.241700
68.066667	0.5	9.230900
68.075000	0.5	9.220750
68.083333	0.5	9.210900
68.091667	0.5	9.191650
68.100000	0.5	9.172700
68.108333	0.5	9.165400
68.116667	0.5	9.151700
68.125000	0.5	9.123400
68.133333	0.5	9.095100
68.141667	0.5	9.074800
68.150000	0.5	9.054900
68.158333	0.5	9.024150
68.166667	0.5	8.995850
68.175000	0.5	8.966450
68.183333	0.5	8.911450
68.191667	0.5	8.899750
68.200000	0.5	8.853350
68.208333	0.5	8.823400
68.216667	0.5	8.777550
68.225000	0.5	8.737500
68.233333	0.5	8.710950
68.241667	0.5	8.671400
68.250000	0.5	8.625300
68.258333	0.5	8.596850
68.266667	0.5	8.553300
68.275000	0.5	8.530450
68.283333	0.5	8.497150
68.291667	0.5	8.477150
68.300000	0.5	8.448900
68.308333	0.5	8.435150
68.316667	0.5	8.424800
68.325000	0.5	8.419650
68.333333	0.5	8.404450
68.341667	0.5	8.403300
68.350000	0.5	8.406450
68.358333	0.5	8.411450
68.366667	0.5	8.407300
68.375000	0.5	8.411850
68.383333	0.5	8.419350
68.391667	0.5	8.416300
68.400000	0.5	8.422650
68.408333	0.5	8.448400
68.416667	0.5	8.455100
68.425000	0.5	8.470100
68.433333	0.5	8.477000
68.441667	0.5	8.492550
68.450000	0.5	8.496900
68.458333	0.5	8.510350
68.466667	0.5	8.520600
68.475000	0.5	8.529100
68.483333	0.5	8.546050
68.491667	0.5	8.554700
68.500000	0.5	8.573900
68.508333	0.5	8.584050
68.516667	0.5	8.597900
68.525000	0.5	8.614600
68.533333	0.5	8.626800
68.541667	0.5	8.642450
68.550000	0.5	8.658450
68.558333	0.5	8.676350
68.566667	0.5	8.716950
68.575000	0.5	8.712600
68.583333	0.5	8.747950
68.591667	0.5	8.771300
68.600000	0.5	8.792400
68.608333	0.5	8.815650
68.616667	0.5	8.846200
68.625000	0.5	8.870950
68.633333	0.5	8.895850
68.641667	0.5	8.931900
68.650000	0.5	8.948300
68.658333	0.5	8.973650
68.666667	0.5	8.992450
68.675000	0.5	9.011450
68.683333	0.5	9.048300
68.691667	0.5	9.065700
68.700000	0.5	9.071900
68.708333	0.5	9.092150
68.716667	0.5	9.106050
68.725000	0.5	9.110000
68.733333	0.5	9.117250
68.741667	0.5	9.134500
68.750000	0.5	9.129400
68.758333	0.5	9.144800
68.766667	0.5	9.153900
68.775000	0.5	9.177250
68.783333	0.5	9.172250
68.791667	0.5	9.189100
68.800000	0.5	9.212350
68.808333	0.5	9.219400
68.816667	0.5	9.232350
68.825000	0.5	9.255150
68.833333	0.5	9.257050
68.841667	0.5	9.272650
68.850000	0.5	9.287150
68.858333	0.5	9.298200
68.866667	0.5	9.311100
68.875000	0.5	9.324800
68.883333	0.5	9.330350
68.891667	0.5	9.354950
68.900000	0.5	9.350800
68.908333	0.5	9.366550
68.916667	0.5	9.374700
68.925000	0.5	9.366400
68.933333	0.5	9.383850
68.941667	0.5	9.390350
68.950000	0.5	9.386500
68.958333	0.5	9.403550
68.966667	0.5	9.399350
68.975000	0.5	9.393300
68.983333	0.5	9.405950
68.991667	0.5	9.401250
69.000000	0.5	9.413100
69.008333	0.5	9.418900
69.016667	0.5	9.404450
69.025000	0.5	9.408400
69.033333	0.5	9.393900
69.041667	0.5	9.405900
69.050000	0.5	9.398650
69.058333	0.5	9.413750
69.066667	0.5	9.403600
69.075000	0.5	9.401300
69.083333	0.5	9.405550
69.091667	0.5	9.405100
69.100000	0.5	9.403500
69.108333	0.5	9.403600
69.116667	0.5	9.398950
69.125000	0.5	9.402700
69.133333	0.5	9.393400
69.141667	0.5	9.396800
69.150000	0.5	9.400450
69.158333	0.5	9.396400
69.166667	0.5	9.402600
69.175000	0.5	9.421000
69.183333	0.5	9.417150
69.191667	0.5	9.409650
69.200000	0.5	9.416550
69.208333	0.5	9.424850
69.216667	0.5	9.425950
69.225000	0.5	9.418400
69.233333	0.5	9.426550
69.241667	0.5	9.427100
69.250000	0.5	9.420050
69.258333	0.5	9.428700
69.266667	0.5	9.436700
69.275000	0.5	9.455100
69.283333	0.5	9.439350
69.291667	0.5	9.461150
69.300000	0.5	9.454650
69.308333	0.5	9.474000
69.316667	0.5	9.470050
69.325000	0.5	9.461350
69.333333	0.5	9.478800
69.341667	0.5	9.489550
69.350000	0.5	9.495950
69.358333	0.5	9.498100
69.366667	0.5	9.505650
69.375000	0.5	9.513350
69.383333	0.5	9.514350
69.391667	0.5	9.524450
69.400000	0.5	9.527600
69.408333	0.5	9.532650
69.416667	0.5	9.548100
69.425000	0.5	9.543700
69.433333	0.5	9.547800
69.441667	0.5	9.566100
69.450000	0.5	9.564750
69.458333	0.5	9.576050
69.466667	0.5	9.589750
69.475000	0.5	9.603300
69.483333	0.5	9.597200
69.491667	0.5	9.606550
69.500000	0.5	9.611950
69.508333	0.5	9.620350
69.516667	0.5	9.624250
69.525000	0.5	9.625650
69.533333	0.5	9.625800
69.541667	0.5	9.644050
69.550000	0.5	9.651900
69.558333	0.5	9.669250
69.566667	0.5	9.674250
69.575000	0.5	9.686350
69.583333	0.5	9.684950
69.591667	0.5	9.692200
69.600000	0.5	9.706350
69.608333	0.5	9.715500
69.616667	0.5	9.720200
69.625000	0.5	9.731800
69.633333	0.5	9.731450
69.641667	0.5	9.743700
69.650000	0.5	9.753650
69.658333	0.5	9.761050
69.666667	0.5	9.768400
69.675000	0.5	9.780250
69.683333	0.5	9.784500
69.691667	0.5	9.800850
69.700000	0.5	9.805900
69.708333	0.5	9.810800
69.716667	0.5	9.823950
69.725000	0.5	9.833250
69.733333	0.5	9.841250
69.741667	0.5	9.849600
69.750000	0.5	9.864550
69.758333	0.5	9.875150
69.766667	0.5	9.887700
69.775000	0.5	9.891300
69.783333	0.5	9.901250
69.791667	0.5	9.910300
69.800000	0.5	9.918550
69.808333	0.5	9.931100
69.816667	0.5	9.941600
69.825000	0.5	9.958700
69.833333	0.5	9.962400
69.841667	0.5	9.977000
69.850000	0.5	9.990500
69.858333	0.5	9.996900
69.866667	0.5	10.017950
69.875000	0.5	10.031250
69.883333	0.5	10.042000
69.891667	0.5	10.059550
69.900000	0.5	10.081500
69.908333	0.5	10.083100
69.916667	0.5	10.105650
69.925000	0.5	10.108500
69.933333	0.5	10.125650
69.941667	0.5	10.142600
69.950000	0.5	10.154850
69.958333	0.5	10.164300
69.966667	0.5	10.183250
69.975000	0.5	10.191500
69.983333	0.5	10.210450
69.991667	0.5	10.216750
70.000000	0.5	10.238550
70.008333	0.5	10.246600
70.016667	0.5	10.252950
70.025000	0.5	10.256950
70.033333	0.5	10.274850
70.041667	0.5	10.303700
70.050000	0.5	10.301400
70.058333	0.5	10.319500
70.066667	0.5	10.325200
70.075000	0.5	10.332850
70.083333	0.5	10.357600
70.091667	0.5	10.358950
70.100000	0.5	10.369200
70.108333	0.5	10.386100
70.116667	0.5	10.401800
70.125000	0.5	10.404350
70.133333	0.5	10.422050
70.141667	0.5	10.439850
70.150000	0.5	10.445350
70.158333	0.5	10.459300
70.166667	0.5	10.466250
70.175000	0.5	10.482000
70.183333	0.5	10.496050
70.191667	0.5	10.503400
70.200000	0.5	10.516200
70.208333	0.5	10.535000
70.216667	0.5	10.551600
70.225000	0.5	10.557050
70.233333	0.5	10.583450
70.241667	0.5	10.588350
70.250000	0.5	10.614050
70.258333	0.5	10.625150
70.266667	0.5	10.635850
70.275000	0.5	10.665800
70.283333	0.5	10.680050
70.291667	0.5	10.696300
70.300000	0.5	10.713650
70.308333	0.5	10.745250
70.316667	0.5	10.760200
70.325000	0.5	10.779750
70.333333	0.5	10.810900
70.341667	0.5	10.838150
70.350000	0.5	10.845950
70.358333	0.5	10.874800
70.366667	0.5	10.908550
70.375000	0.5	10.921050
70.383333	0.5	10.945750
70.391667	0.5	10.959850
70.400000	0.5	11.006800
70.408333	0.5	11.022250
70.416667	0.5	11.054450
70.425000	0.5	11.071450
70.433333	0.5	11.092300
70.441667	0.5	11.122400
70.450000	0.5	11.156650
70.458333	0.5	11.173900
70.466667	0.5	11.196300
70.475000	0.5	11.223850
70.483333	0.5	11.247800
70.491667	0.5	11.258600
70.500000	0.5	11.285100
70.508333	0.5	11.318300
70.516667	0.5	11.342800
70.525000	0.5	11.366050
70.533333	0.5	11.380300
70.541667	0.5	11.389700
70.550000	0.5	11.409450
70.558333	0.5	11.439400
70.566667	0.5	11.455800
70.575000	0.5	11.449100
70.583333	0.5	11.474100
70.591667	0.5	11.487900
70.600000	0.5	11.495200
70.608333	0.5	11.499550
70.616667	0.5	11.516050
70.625000	0.5	11.526100
70.633333	0.5	11.522950
70.641667	0.5	11.533100
70.650000	0.5	11.530600
70.658333	0.5	11.531150
70.666667	0.5	11.536600
70.675000	0.5	11.535150
70.683333	0.5	11.539050
70.691667	0.5	11.536200
70.700000	0.5	11.546650
70.708333	0.5	11.541500
70.716667	0.5	11.541400
70.725000	0.5	11.537950
70.733333	0.5	11.538650
70.741667	0.5	11.526400
70.750000	0.5	11.528200
70.758333	0.5	11.518250
70.766667	0.5	11.524950
70.775000	0.5	11.515850
70.783333	0.5	11.513550
70.791667	0.5	11.508700
70.800000	0.5	11.503500
70.808333	0.5	11.505000
70.816667	0.5	11.510350
70.825000	0.5	11.506450
70.833333	0.5	11.500800
70.841667	0.5	11.502250
70.850000	0.5	11.501650
70.858333	0.5	11.498050
70.866667	0.5	11.511250
70.875000	0.5	11.495450
70.883333	0.5	11.501000
70.891667	0.5	11.501900
70.900000	0.5	11.502900
70.908333	0.5	11.506750
70.916667	0.5	11.511050
70.925000	0.5	11.514800
70.933333	0.5	11.517200
70.941667	0.5	11.516000
70.950000	0.5	11.519400
70.958333	0.5	11.524550
70.966667	0.5	11.521800
70.975000	0.5	11.528700
70.983333	0.5	11.534350
70.991667	0.5	11.547900
71.000000	0.5	11.536800
71.008333	0.5	11.540550
71.016667	0.5	11.539600
71.025000	0.5	11.549700
71.033333	0.5	11.548400
71.041667	0.5	11.550550
71.050000	0.5	11.564900
71.058333	0.5	11.559150
71.066667	0.5	11.563200
71.075000	0.5	11.560750
71.083333	0.5	11.561650
71.091667	0.5	11.567550
71.100000	0.5	11.571700
71.108333	0.5	11.580400
71.116667	0.5	11.566750
71.125000	0.5	11.569200
71.133333	0.5	11.572300
71.141667	0.5	11.579900
71.150000	0.5	11.580150
71.158333	0.5	11.582700
71.166667	0.5	11.581550
71.175000	0.5	11.585500
71.183333	0.5	11.581100
71.191667	0.5	11.574000
71.200000	0.5	11.579450
71.208333	0.5	11.579800
71.216667	0.5	11.573200
71.225000	0.5	11.571050
71.233333	0.5	11.567800
71.241667	0.5	11.577650
71.250000	0.5	11.572900
71.258333	0.5	11.578000
71.266667	0.5	11.563550
71.275000	0.5	11.567750
71.283333	0.5	11.570350
71.291667	0.5	11.570000
71.300000	0.5	11.569200
71.308333	0.5	11.556250
71.316667	0.5	11.562650
71.325000	0.5	11.552450
71.333333	0.5	11.542200
71.341667	0.5	11.557150
71.350000	0.5	11.538550
71.358333	0.5	11.538800
71.366667	0.5	11.536850
71.375000	0.5	11.520300
71.383333	0.5	11.524600
71.391667	0.5	11.521950
71.400000	0.5	11.521950
71.408333	0.5	11.516150
71.416667	0.5	11.524100
71.425000	0.5	11.512150
71.433333	0.5	11.512400
71.441667	0.5	11.500850
71.450000	0.5	11.497250
71.458333	0.5	11.498450
71.466667	0.5	11.492250
71.475000	0.5	11.491800
71.483333	0.5	11.485550
71.491667	0.5	11.489700
71.500000	0.5	11.487450
71.508333	0.5	11.470000
71.516667	0.5	11.479600
71.525000	0.5	11.476750
71.533333	0.5	11.475050
71.541667	0.5	11.464250
71.550000	0.5	11.467900
71.558333	0.5	11.472000
71.566667	0.5	11.473050
71.575000	0.5	11.469350
71.583333	0.5	11.460850
71.591667	0.5	11.470550
71.600000	0.5	11.468350
71.608333	0.5	11.471750
71.616667	0.5	11.457850
71.625000	0.5	11.466150
71.633333	0.5	11.468150
71.641667	0.5	11.464000
71.650000	0.5	11.466050
71.658333	0.5	11.453550
71.666667	0.5	11.452250
71.675000	0.5	11.453650
71.683333	0.5	11.460250
71.691667	0.5	11.447250
71.700000	0.5	11.457950
71.708333	0.5	11.445000
71.716667	0.5	11.449850
71.725000	0.5	11.447850
71.733333	0.5	11.446300
71.741667	0.5	11.439100
71.750000	0.5	11.440200
71.758333	0.5	11.423200
71.766667	0.5	11.418350
71.775000	0.5	11.413400
71.783333	0.5	11.404050
71.791667	0.5	11.392950
71.800000	0.5	11.388000
71.808333	0.5	11.370650
71.816667	0.5	11.368600
71.825000	0.5	11.348600
71.833333	0.5	11.350450
71.841667	0.5	11.341100
71.850000	0.5	11.326850
71.858333	0.5	11.311750
71.866667	0.5	11.302700
71.875000	0.5	11.289850
71.883333	0.5	11.286500
71.891667	0.5	11.262350
71.900000	0.5	11.254700
71.908333	0.5	11.244450
71.916667	0.5	11.235350
71.925000	0.5	11.218400
71.933333	0.5	11.213200
71.941667	0.5	11.213750
71.950000	0.5	11.207950
71.958333	0.5	11.204650
71.966667	0.5	11.213050
71.975000	0.5	11.207300
71.983333	0.5	11.224650
71.991667	0.5	11.226500
72.000000	0.5	11.235800
72.008333	0.5	11.252350
72.016667	0.5	11.262050
72.025000	0.5	11.281550
72.033333	0.5	11.306000
72.041667	0.5	11.323550
72.050000	0.5	11.353450
72.058333	0.5	11.369500
72.066667	0.5	11.400500
72.075000	0.5	11.429350
72.083333	0.5	11.469650
72.091667	0.5	11.483600
72.100000	0.5	11.518350
72.108333	0.5	11.551600
72.116667	0.5	11.584150
72.125000	0.5	11.601900
72.133333	0.5	11.641000
72.141667	0.5	11.658850
72.150000	0.5	11.688350
72.158333	0.5	11.712650
72.166667	0.5	11.726500
72.175000	0.5	11.752250
72.183333	0.5	11.763050
72.191667	0.5	11.775800
72.200000	0.5	11.786700
72.208333	0.5	11.789900
72.216667	0.5	11.799250
72.225000	0.5	11.794800
72.233333	0.5	11.790700
72.241667	0.5	11.790550
72.250000	0.5	11.781700
72.258333	0.5	11.769200
72.266667	0.5	11.755900
72.275000	0.5	11.735600
72.283333	0.5	11.717350
72.291667	0.5	11.685050
72.300000	0.5	11.652800
72.308333	0.5	11.625650
72.316667	0.5	11.592800
72.325000	0.5	11.545150
72.333333	0.5	11.507200
72.341667	0.5	11.466600
72.350000	0.5	11.418650
72.358333	0.5	11.376250
72.366667	0.5	11.327850
72.375000	0.5	11.280600
72.383333	0.5	11.228100
72.391667	0.5	11.182100
72.400000	0.5	11.142350
72.408333	0.5	11.086550
72.416667	0.5	11.039600
72.425000	0.5	10.990850
72.433333	0.5	10.950500
72.441667	0.5	10.909850
72.450000	0.5	10.870250
72.458333	0.5	10.830950
72.466667	0.5	10.793200
72.475000	0.5	10.758500
72.483333	0.5	10.724650
72.491667	0.5	10.700300
72.500000	0.5	10.662000
72.508333	0.5	10.636850
72.516667	0.5	10.607800
72.525000	0.5	10.585550
72.533333	0.5	10.569400
72.541667	0.5	10.548800
72.550000	0.5	10.534700
72.558333	0.5	10.513300
72.566667	0.5	10.494950
72.575000	0.5	10.473600
72.583333	0.5	10.460450
72.591667	0.5	10.440850
72.600000	0.5	10.432250
72.608333	0.5	10.419000
72.616667	0.5	10.392950
72.625000	0.5	10.389250
72.633333	0.5	10.383700
72.641667	0.5	10.370000
72.650000	0.5	10.353050
72.658333	0.5	10.344800
72.666667	0.5	10.330900
72.675000	0.5	10.319550
72.683333	0.5	10.311550
72.691667	0.5	10.298250
72.700000	0.5	10.276500
72.708333	0.5	10.271550
72.716667	0.5	10.256200
72.725000	0.5	10.254600
72.733333	0.5	10.243450
72.741667	0.5	10.230200
72.750000	0.5	10.210250
72.758333	0.5	10.205800
72.766667	0.5	10.197600
72.775000	0.5	10.181800
72.783333	0.5	10.173850
72.791667	0.5	10.160900
72.800000	0.5	10.153650
72.808333	0.5	10.143600
72.816667	0.5	10.133350
72.825000	0.5	10.128150
72.833333	0.5	10.117200
72.841667	0.5	10.109850
72.850000	0.5	10.096100
72.858333	0.5	10.094300
72.866667	0.5	10.080000
72.875000	0.5	10.075000
72.883333	0.5	10.066450
72.891667	0.5	10.061550
72.900000	0.5	10.052500
72.908333	0.5	10.041750
72.916667	0.5	10.036850
72.925000	0.5	10.032650
72.933333	0.5	10.025750
72.941667	0.5	10.019800
72.950000	0.5	10.010550
72.958333	0.5	10.011400
72.966667	0.5	9.997350
72.975000	0.5	9.990200
72.983333	0.5	9.989700
72.991667	0.5	9.980550
73.000000	0.5	9.978350
73.008333	0.5	9.968950
73.016667	0.5	9.971500
73.025000	0.5	9.964700
73.033333	0.5	9.958300
73.041667	0.5	9.956650
73.050000	0.5	9.958900
73.058333	0.5	9.949750
73.066667	0.5	9.945100
73.075000	0.5	9.939400
73.083333	0.5	9.933650
73.091667	0.5	9.939250
73.100000	0.5	9.941200
73.108333	0.5	9.938050
73.116667	0.5	9.937200
73.125000	0.5	9.938600
73.133333	0.5	9.945200
73.141667	0.5	9.940300
73.150000	0.5	9.957200
73.158333	0.5	9.965700
73.166667	0.5	9.966500
73.175000	0.5	9.975600
73.183333	0.5	9.981550
73.191667	0.5	9.997300
73.200000	0.5	9.998750
73.208333	0.5	10.018450
73.216667	0.5	10.047450
73.225000	0.5	10.052750
73.233333	0.5	10.061200
73.241667	0.5	10.078950
73.250000	0.5	10.098900
73.258333	0.5	10.114350
73.266667	0.5	10.129900
73.275000	0.5	10.143400
73.283333	0.5	10.163900
73.291667	0.5	10.194000
73.300000	0.5	10.216550
73.308333	0.5	10.242250
73.316667	0.5	10.253200
73.325000	0.5	10.275100
73.333333	0.5	10.301200
73.341667	0.5	10.314000
73.350000	0.5	10.339350
73.358333	0.5	10.356650
73.366667	0.5	10.368200
73.375000	0.5	10.396200
73.383333	0.5	10.407100
73.391667	0.5	10.430500
73.400000	0.5	10.449900
73.408333	0.5	10.458900
73.416667	0.5	10.475250
73.425000	0.5	10.500050
73.433333	0.5	10.526400
73.441667	0.5	10.540100
73.450000	0.5	10.551800
73.458333	0.5	10.572250
73.466667	0.5	10.592750
73.475000	0.5	10.607900
73.483333	0.5	10.634650
73.491667	0.5	10.661750
73.500000	0.5	10.687850
73.508333	0.5	10.714600
73.516667	0.5	10.736850
73.525000	0.5	10.770000
73.533333	0.5	10.804050
73.541667	0.5	10.838450
73.550000	0.5	10.868600
73.558333	0.5	10.903950
73.566667	0.5	10.952700
73.575000	0.5	10.985750
73.583333	0.5	11.021700
73.591667	0.5	11.064400
73.600000	0.5	11.117350
73.608333	0.5	11.155850
73.616667	0.5	11.185050
73.625000	0.5	11.228700
73.633333	0.5	11.271550
73.641667	0.5	11.308050
73.650000	0.5	11.340800
73.658333	0.5	11.380950
73.666667	0.5	11.405550
73.675000	0.5	11.433750
73.683333	0.5	11.463350
73.691667	0.5	11.494550
73.700000	0.5	11.495100
73.708333	0.5	11.528700
73.716667	0.5	11.536650
73.725000	0.5	11.544150
73.733333	0.5	11.547900
73.741667	0.5	11.555200
73.750000	0.5	11.554050
73.758333	0.5	11.554700
73.766667	0.5	11.556350
73.775000	0.5	11.540850
73.783333	0.5	11.542300
73.791667	0.5	11.512450
73.800000	0.5	11.488200
73.808333	0.5	11.475350
73.816667	0.5	11.447600
73.825000	0.5	11.422650
73.833333	0.5	11.380450
73.841667	0.5	11.354350
73.850000	0.5	11.310100
73.858333	0.5	11.275300
73.866667	0.5	11.241250
73.875000	0.5	11.192150
73.883333	0.5	11.164500
73.891667	0.5	11.101300
73.900000	0.5	11.060800
73.908333	0.5	10.998500
73.916667	0.5	10.965350
73.925000	0.5	10.911850
73.933333	0.5	10.858150
73.941667	0.5	10.805650
73.950000	0.5	10.757250
73.958333	0.5	10.713500
73.966667	0.5	10.668850
73.975000	0.5	10.628750
73.983333	0.5	10.588100
73.991667	0.5	10.548100
74.000000	0.5	10.502600
74.008333	0.5	10.458900
74.016667	0.5	10.426400
74.025000	0.5	10.395150
74.033333	0.5	10.357600
74.041667	0.5	10.324700
74.050000	0.5	10.303950
74.058333	0.5	10.276100
74.066667	0.5	10.246450
74.075000	0.5	10.225200
74.083333	0.5	10.207850
74.091667	0.5	10.183900
74.100000	0.5	10.163300
74.108333	0.5	10.145450
74.116667	0.5	10.128600
74.125000	0.5	10.106250
74.133333	0.5	10.096650
74.141667	0.5	10.079450
74.150000	0.5	10.068500
74.158333	0.5	10.059850
74.166667	0.5	10.049350
74.175000	0.5	10.041150
74.183333	0.5	10.017050
74.191667	0.5	10.018100
74.200000	0.5	10.003550
74.208333	0.5	9.988700
74.216667	0.5	9.982700
74.225000	0.5	9.970500
74.233333	0.5	9.959800
74.241667	0.5	9.950650
74.250000	0.5	9.941250
74.258333	0.5	9.933350
74.266667	0.5	9.929200
74.275000	0.5	9.919200
74.283333	0.5	9.911050
74.291667	0.5	9.908600
74.300000	0.5	9.887750
74.308333	0.5	9.881800
74.316667	0.5	9.870100
74.325000	0.5	9.868450
74.333333	0.5	9.858250
74.341667	0.5	9.843700
74.350000	0.5	9.845650
74.358333	0.5	9.846200
74.366667	0.5	9.834000
74.375000	0.5	9.826650
74.383333	0.5	9.815350
74.391667	0.5	9.812200
74.400000	0.5	9.805250
74.408333	0.5	9.799800
74.416667	0.5	9.788800
74.425000	0.5	9.785450
74.433333	0.5	9.788800
74.441667	0.5	9.791100
74.450000	0.5	9.781450
74.458333	0.5	9.779050
74.466667	0.5	9.780350
74.475000	0.5	9.761050
74.483333	0.5	9.767800
74.491667	0.5	9.760300
74.500000	0.5	9.761100
74.508333	0.5	9.740900
74.516667	0.5	9.743850
74.525000	0.5	9.737000
74.533333	0.5	9.728050
74.541667	0.5	9.727250
74.550000	0.5	9.734550
74.558333	0.5	9.722400
74.566667	0.5	9.727250
74.575000	0.5	9.726500
74.583333	0.5	9.717400
74.591667	0.5	9.709550
74.600000	0.5	9.711050
74.608333	0.5	9.699950
74.616667	0.5	9.712550
74.625000	0.5	9.709750
74.633333	0.5	9.704900
74.641667	0.5	9.698300
74.650000	0.5	9.709600
74.658333	0.5	9.692600
74.666667	0.5	9.704100
74.675000	0.5	9.707050
74.683333	0.5	9.696450
74.691667	0.5	9.705850
74.700000	0.5	9.712150
74.708333	0.5	9.701750
74.716667	0.5	9.712500
74.725000	0.5	9.713700
74.733333	0.5	9.718600
74.741667	0.5	9.729200
74.750000	0.5	9.728250
74.758333	0.5	9.727050
74.766667	0.5	9.750000
74.775000	0.5	9.749150
74.783333	0.5	9.762750
74.791667	0.5	9.767950
74.800000	0.5	9.779700
74.808333	0.5	9.795200
74.816667	0.5	9.803750
74.825000	0.5	9.823400
74.833333	0.5	9.839450
74.841667	0.5	9.856350
74.850000	0.5	9.879650
74.858333	0.5	9.889850
74.866667	0.5	9.911700
74.875000	0.5	9.928250
74.883333	0.5	9.951250
74.891667	0.5	9.974250
74.900000	0.5	9.990650
74.908333	0.5	10.014950
74.916667	0.5	10.039750
74.925000	0.5	10.071700
74.933333	0.5	10.099800
74.941667	0.5	10.112100
74.950000	0.5	10.145500
74.958333	0.5	10.172300
74.966667	0.5	10.205950
74.975000	0.5	10.232800
74.983333	0.5	10.273300
74.991667	0.5	10.299700
75.000000	0.5	10.332150
75.008333	0.5	10.363100
75.016667	0.5	10.399200
75.025000	0.5	10.430850
75.033333	0.5	10.470050
75.041667	0.5	10.500650
75.050000	0.5	10.541750
75.058333	0.5	10.582600
75.066667	0.5	10.610800
75.075000	0.5	10.645650
75.083333	0.5	10.666500
75.091667	0.5	10.701550
75.100000	0.5	10.737650
75.108333	0.5	10.761400
75.116667	0.5	10.786650
75.125000	0.5	10.814100
75.133333	0.5	10.833250
75.141667	0.5	10.849600
75.150000	0.5	10.871300
75.158333	0.5	10.892200
75.166667	0.5	10.891000
75.175000	0.5	10.904300
75.183333	0.5	10.916350
75.191667	0.5	10.921500
75.200000	0.5	10.914000
75.208333	0.5	10.917700
75.216667	0.5	10.915150
75.225000	0.5	10.898350
75.233333	0.5	10.892300
75.241667	0.5	10.876500
75.250000	0.5	10.861750
75.258333	0.5	10.832950
75.266667	0.5	10.810150
75.275000	0.5	10.785850
75.283333	0.5	10.759750
75.291667	0.5	10.727650
75.300000	0.5	10.687100
75.308333	0.5	10.654050
75.316667	0.5	10.617200
75.325000	0.5	10.585300
75.333333	0.5	10.541000
75.341667	0.5	10.492550
75.350000	0.5	10.450350
75.358333	0.5	10.401900
75.366667	0.5	10.361850
75.375000	0.5	10.315100
75.383333	0.5	10.273500
75.391667	0.5	10.227250
75.400000	0.5	10.192950
75.408333	0.5	10.152100
75.416667	0.5	10.117850
75.425000	0.5	10.090550
75.433333	0.5	10.042700
75.441667	0.5	9.998100
75.450000	0.5	9.964400
75.458333	0.5	9.937000
75.466667	0.5	9.905000
75.475000	0.5	9.882550
75.483333	0.5	9.851350
75.491667	0.5	9.828900
75.500000	0.5	9.816800
75.508333	0.5	9.790600
75.516667	0.5	9.774700
75.525000	0.5	9.742150
75.533333	0.5	9.744550
75.541667	0.5	9.735200
75.550000	0.5	9.716600
75.558333	0.5	9.701150
75.566667	0.5	9.695300
75.575000	0.5	9.681400
75.583333	0.5	9.672550
75.591667	0.5	9.676600
75.600000	0.5	9.654650
75.608333	0.5	9.651400
75.616667	0.5	9.644200
75.625000	0.5	9.641450
75.633333	0.5	9.634400
75.641667	0.5	9.630700
75.650000	0.5	9.620000
75.658333	0.5	9.618850
75.666667	0.5	9.613400
75.675000	0.5	9.611950
75.683333	0.5	9.621650
75.691667	0.5	9.615150
75.700000	0.5	9.612450
75.708333	0.5	9.603900
75.716667	0.5	9.603150
75.725000	0.5	9.598900
75.733333	0.5	9.596750
75.741667	0.5	9.595550
75.750000	0.5	9.582850
75.758333	0.5	9.585100
75.766667	0.5	9.576000
75.775000	0.5	9.573450
75.783333	0.5	9.581650
75.791667	0.5	9.577400
75.800000	0.5	9.579850
75.808333	0.5	9.571050
75.816667	0.5	9.579600
75.825000	0.5	9.584750
75.833333	0.5	9.580850
75.841667	0.5	9.582450
75.850000	0.5	9.578550
75.858333	0.5	9.576050
75.866667	0.5	9.578300
75.875000	0.5	9.579800
75.883333	0.5	9.573250
75.891667	0.5	9.578400
75.900000	0.5	9.581150
75.908333	0.5	9.579000
75.916667	0.5	9.585150
75.925000	0.5	9.573650
75.933333	0.5	9.584450
75.941667	0.5	9.584750
75.950000	0.5	9.575750
75.958333	0.5	9.589150
75.966667	0.5	9.576150
75.975000	0.5	9.587000
75.983333	0.5	9.585400
75.991667	0.5	9.587450
76.000000	0.5	9.585350
76.008333	0.5	9.592450
76.016667	0.5	9.582850
76.025000	0.5	9.586350
76.033333	0.5	9.588600
76.041667	0.5	9.582600
76.050000	0.5	9.592450
76.058333	0.5	9.591500
76.066667	0.5	9.592200
76.075000	0.5	9.593000
76.083333	0.5	9.596800
76.091667	0.5	9.596650
76.100000	0.5	9.603050
76.108333	0.5	9.607300
76.116667	0.5	9.605050
76.125000	0.5	9.613650
76.133333	0.5	9.615550
76.141667	0.5	9.615000
76.150000	0.5	9.615550
76.158333	0.5	9.619300
76.166667	0.5	9.625150
76.175000	0.5	9.624650
76.183333	0.5	9.635100
76.191667	0.5	9.634650
76.200000	0.5	9.640050
76.208333	0.5	9.651300
76.216667	0.5	9.656600
76.225000	0.5	9.663050
76.233333	0.5	9.678900
76.241667	0.5	9.683750
76.250000	0.5	9.689700
76.258333	0.5	9.700200
76.266667	0.5	9.710100
76.275000	0.5	9.729950
76.283333	0.5	9.743150
76.291667	0.5	9.762900
76.300000	0.5	9.778250
76.308333	0.5	9.802900
76.316667	0.5	9.818200
76.325000	0.5	9.840900
76.333333	0.5	9.863600
76.341667	0.5	9.890950
76.350000	0.5	9.917200
76.358333	0.5	9.947000
76.366667	0.5	9.981850
76.375000	0.5	10.012550
76.383333	0.5	10.053600
76.391667	0.5	10.095950
76.400000	0.5	10.129750
76.408333	0.5	10.172400
76.416667	0.5	10.216750
76.425000	0.5	10.261650
76.433333	0.5	10.295750
76.441667	0.5	10.339250
76.450000	0.5	10.391450
76.458333	0.5	10.432800
76.466667	0.5	10.478150
76.475000	0.5	10.521500
76.483333	0.5	10.563100
76.491667	0.5	10.585950
76.500000	0.5	10.629800
76.508333	0.5	10.669100
76.516667	0.5	10.701650
76.525000	0.5	10.720000
76.533333	0.5	10.746900
76.541667	0.5	10.782700
76.550000	0.5	10.799300
76.558333	0.5	10.829300
76.566667	0.5	10.838250
76.575000	0.5	10.847350
76.583333	0.5	10.866500
76.591667	0.5	10.874950
76.600000	0.5	10.864450
76.608333	0.5	10.875850
76.616667	0.5	10.874900
76.625000	0.5	10.867500
76.633333	0.5	10.853400
76.641667	0.5	10.841900
76.650000	0.5	10.834050
76.658333	0.5	10.822250
76.666667	0.5	10.794100
76.675000	0.5	10.771900
76.683333	0.5	10.744800
76.691667	0.5	10.711650
76.700000	0.5	10.678450
76.708333	0.5	10.649900
76.716667	0.5	10.613200
76.725000	0.5	10.580300
76.733333	0.5	10.531900
76.741667	0.5	10.497250
76.750000	0.5	10.457400
76.758333	0.5	10.419350
76.766667	0.5	10.368650
76.775000	0.5	10.330700
76.783333	0.5	10.287050
76.791667	0.5	10.243050
76.800000	0.5	10.207950
76.808333	0.5	10.158800
76.816667	0.5	10.117350
76.825000	0.5	10.081650
76.833333	0.5	10.038050
76.841667	0.5	10.019550
76.850000	0.5	9.988350
76.858333	0.5	9.944850
76.866667	0.5	9.928800
76.875000	0.5	9.895750
76.883333	0.5	9.864000
76.891667	0.5	9.842900
76.900000	0.5	9.811200
76.908333	0.5	9.795400
76.916667	0.5	9.779100
76.925000	0.5	9.748350
76.933333	0.5	9.748150
76.941667	0.5	9.723050
76.950000	0.5	9.708950
76.958333	0.5	9.695800
76.966667	0.5	9.689150
76.975000	0.5	9.680850
76.983333	0.5	9.672100
76.991667	0.5	9.663900
77.000000	0.5	9.658950
77.008333	0.5	9.648600
77.016667	0.5	9.638750
77.025000	0.5	9.637000
77.033333	0.5	9.635750
77.041667	0.5	9.634500
77.050000	0.5	9.630950
77.058333	0.5	9.623300
77.066667	0.5	9.627250
77.075000	0.5	9.617100
77.083333	0.5	9.621300
77.091667	0.5	9.622350
77.100000	0.5	9.619750
77.108333	0.5	9.621600
77.116667	0.5	9.628850
77.125000	0.5	9.629600
77.133333	0.5	9.634850
77.141667	0.5	9.645700
77.150000	0.5	9.633950
77.158333	0.5	9.640350
77.166667	0.5	9.649750
77.175000	0.5	9.656000
77.183333	0.5	9.660000
77.191667	0.5	9.664700
77.200000	0.5	9.675550
77.208333	0.5	9.685650
77.216667	0.5	9.694550
77.225000	0.5	9.709200
77.233333	0.5	9.720700
77.241667	0.5	9.734150
77.250000	0.5	9.746750
77.258333	0.5	9.766400
77.266667	0.5	9.776100
77.275000	0.5	9.792750
77.283333	0.5	9.802100
77.291667	0.5	9.815600
77.300000	0.5	9.834150
77.308333	0.5	9.855250
77.316667	0.5	9.877400
77.325000	0.5	9.907350
77.333333	0.5	9.927000
77.341667	0.5	9.942650
77.350000	0.5	9.963600
77.358333	0.5	10.008950
77.366667	0.5	10.017550
77.375000	0.5	10.048350
77.383333	0.5	10.082750
77.391667	0.5	10.110600
77.400000	0.5	10.135700
77.408333	0.5	10.173650
77.416667	0.5	10.205800
77.425000	0.5	10.241800
77.433333	0.5	10.273500
77.441667	0.5	10.316550
77.450000	0.5	10.346350
77.458333	0.5	10.375650
77.466667	0.5	10.410600
77.475000	0.5	10.446100
77.483333	0.5	10.486700
77.491667	0.5	10.525000
77.500000	0.5	10.557350
77.508333	0.5	10.592900
77.516667	0.5	10.629450
77.525000	0.5	10.678950
77.533333	0.5	10.710500
77.541667	0.5	10.742100
77.550000	0.5	10.768450
77.558333	0.5	10.798750
77.566667	0.5	10.836050
77.575000	0.5	10.866400
77.583333	0.5	10.913650
77.591667	0.5	10.940150
77.600000	0.5	10.982150
77.608333	0.5	11.018750
77.616667	0.5	11.054650
77.625000	0.5	11.078050
77.633333	0.5	11.103150
77.641667	0.5	11.121150
77.650000	0.5	11.157800
77.658333	0.5	11.182550
77.666667	0.5	11.215150
77.675000	0.5	11.251900
77.683333	0.5	11.281750
77.691667	0.5	11.292350
77.700000	0.5	11.317150
77.708333	0.5	11.344850
77.716667	0.5	11.362750
77.725000	0.5	11.396350
77.733333	0.5	11.417750
77.741667	0.5	11.439150
77.750000	0.5	11.460400
77.758333	0.5	11.478850
77.766667	0.5	11.498850
77.775000	0.5	11.522050
77.783333	0.5	11.541300
77.791667	0.5	11.561950
77.800000	0.5	11.585300
77.808333	0.5	11.598900
77.816667	0.5	11.614700
77.825000	0.5	11.626200
77.833333	0.5	11.633950
77.841667	0.5	11.645800
77.850000	0.5	11.658050
77.858333	0.5	11.675700
77.866667	0.5	11.686350
77.875000	0.5	11.687500
77.883333	0.5	11.684750
77.891667	0.5	11.691650
77.900000	0.5	11.699550
77.908333	0.5	11.703800
77.916667	0.5	11.697300
77.925000	0.5	11.693900
77.933333	0.5	11.680300
77.941667	0.5	11.677150
77.950000	0.5	11.660150
77.958333	0.5	11.646500
77.966667	0.5	11.638000
77.975000	0.5	11.621050
77.983333	0.5	11.595400
77.991667	0.5	11.573500
78.000000	0.5	11.544850
78.008333	0.5	11.514450
78.016667	0.5	11.479300
78.025000	0.5	11.459800
78.033333	0.5	11.413950
78.041667	0.5	11.387500
78.050000	0.5	11.340950
78.058333	0.5	11.301350
78.066667	0.5	11.258950
78.075000	0.5	11.216200
78.083333	0.5	11.168850
78.091667	0.5	11.118250
78.100000	0.5	11.070050
78.108333	0.5	11.018550
78.116667	0.5	10.966500
78.125000	0.5	10.914500
78.133333	0.5	10.862250
78.141667	0.5	10.805300
78.150000	0.5	10.751050
78.158333	0.5	10.694550
78.166667	0.5	10.647850
78.175000	0.5	10.591100
78.183333	0.5	10.537950
78.191667	0.5	10.486600
78.200000	0.5	10.435800
78.208333	0.5	10.386800
78.216667	0.5	10.334150
78.225000	0.5	10.283200
78.233333	0.5	10.238350
78.241667	0.5	10.193150
78.250000	0.5	10.148700
78.258333	0.5	10.105500
78.266667	0.5	10.070800
78.275000	0.5	10.031300
78.283333	0.5	9.991700
78.291667	0.5	9.960700
78.300000	0.5	9.922950
78.308333	0.5	9.889700
78.316667	0.5	9.856650
78.325000	0.5	9.826200
78.333333	0.5	9.799150
78.341667	0.5	9.773250
78.350000	0.5	9.749300
78.358333	0.5	9.725250
78.366667	0.5	9.703750
78.375000	0.5	9.686200
78.383333	0.5	9.665500
78.391667	0.5	9.641350
78.400000	0.5	9.622450
78.408333	0.5	9.615950
78.416667	0.5	9.597000
78.425000	0.5	9.573150
78.433333	0.5	9.559000
78.441667	0.5	9.555600
78.450000	0.5	9.538700
78.458333	0.5	9.528600
78.466667	0.5	9.520650
78.475000	0.5	9.513750
78.483333	0.5	9.507650
78.491667	0.5	9.497000
78.500000	0.5	9.484200
78.508333	0.5	9.485600
78.516667	0.5	9.482250
78.525000	0.5	9.471450
78.533333	0.5	9.467500
78.541667	0.5	9.458650
78.550000	0.5	9.457450
78.558333	0.5	9.450200
78.566667	0.5	9.453850
78.575000	0.5	9.458900
78.583333	0.5	9.466200
78.591667	0.5	9.461500
78.600000	0.5	9.465650
78.608333	0.5	9.452100
78.616667	0.5	9.460400
78.625000	0.5	9.459050
78.633333	0.5	9.460750
78.641667	0.5	9.455750
78.650000	0.5	9.459400
78.658333	0.5	9.462300
78.666667	0.5	9.454700
78.675000	0.5	9.452400
78.683333	0.5	9.463000
78.691667	0.5	9.461550
78.700000	0.5	9.466350
78.708333	0.5	9.468800
78.716667	0.5	9.460750
78.725000	0.5	9.461250
78.733333	0.5	9.468400
78.741667	0.5	9.466250
78.750000	0.5	9.465300
78.758333	0.5	9.464550
78.766667	0.5	9.469500
78.775000	0.5	9.461600
78.783333	0.5	9.467900
78.791667	0.5	9.465750
78.800000	0.5	9.460100
78.808333	0.5	9.473300
78.816667	0.5	9.474600
78.825000	0.5	9.474400
78.833333	0.5	9.478950
78.841667	0.5	9.477900
78.850000	0.5	9.487550
78.858333	0.5	9.490050
78.866667	0.5	9.500800
78.875000	0.5	9.498600
78.883333	0.5	9.491550
78.891667	0.5	9.498800
78.900000	0.5	9.497050
78.908333	0.5	9.501450
78.916667	0.5	9.508850
78.925000	0.5	9.521850
78.933333	0.5	9.527550
78.941667	0.5	9.537950
78.950000	0.5	9.548800
78.958333	0.5	9.563550
78.966667	0.5	9.595750
78.975000	0.5	9.618200
78.983333	0.5	9.627050
78.991667	0.5	9.643400
79.000000	0.5	9.669850
79.008333	0.5	9.695350
79.016667	0.5	9.721650
79.025000	0.5	9.747800
79.033333	0.5	9.778050
79.041667	0.5	9.812800
79.050000	0.5	9.865200
79.058333	0.5	9.896150
79.066667	0.5	9.931800
79.075000	0.5	9.979700
79.083333	0.5	10.025550
79.091667	0.5	10.072900
79.100000	0.5	10.130700
79.108333	0.5	10.180300
79.116667	0.5	10.218100
79.125000	0.5	10.268350
79.133333	0.5	10.318750
79.141667	0.5	10.367700
79.150000	0.5	10.402800
79.158333	0.5	10.442450
79.166667	0.5	10.487850
79.175000	0.5	10.511800
79.183333	0.5	10.555700
79.191667	0.5	10.582200
79.200000	0.5	10.617300
79.208333	0.5	10.641400
79.216667	0.5	10.685300
79.225000	0.5	10.696950
79.233333	0.5	10.702100
79.241667	0.5	10.720550
79.250000	0.5	10.725650
79.258333	0.5	10.729650
79.266667	0.5	10.725550
79.275000	0.5	10.726350
79.283333	0.5	10.715100
79.291667	0.5	10.707900
79.300000	0.5	10.703300
79.308333	0.5	10.682050
79.316667	0.5	10.657600
79.325000	0.5	10.633050
79.333333	0.5	10.612300
79.341667	0.5	10.586950
79.350000	0.5	10.553950
79.358333	0.5	10.522250
79.366667	0.5	10.490000
79.375000	0.5	10.453650
79.383333	0.5	10.404600
79.391667	0.5	10.375150
79.400000	0.5	10.333650
79.408333	0.5	10.298950
79.416667	0.5	10.270950
79.425000	0.5	10.230100
79.433333	0.5	10.201400
79.441667	0.5	10.167350
79.450000	0.5	10.133400
79.458333	0.5	10.097000
79.466667	0.5	10.067550
79.475000	0.5	10.029650
79.483333	0.5	10.006250
79.491667	0.5	9.966250
79.500000	0.5	9.945850
79.508333	0.5	9.922800
79.516667	0.5	9.897950
79.525000	0.5	9.866750
79.533333	0.5	9.857200
79.541667	0.5	9.836000
79.550000	0.5	9.822100
79.558333	0.5	9.809750
79.566667	0.5	9.807350
79.575000	0.5	9.796350
79.583333	0.5	9.762750
79.591667	0.5	9.756150
79.600000	0.5	9.749100
79.608333	0.5	9.741050
79.616667	0.5	9.747750
79.625000	0.5	9.729250
79.633333	0.5	9.731200
79.641667	0.5	9.720200
79.650000	0.5	9.712600
79.658333	0.5	9.719000
79.666667	0.5	9.702200
79.675000	0.5	9.698550
79.683333	0.5	9.692800
79.691667	0.5	9.690000
79.700000	0.5	9.680050
79.708333	0.5	9.674000
79.716667	0.5	9.676350
79.725000	0.5	9.673950
79.733333	0.5	9.665750
79.741667	0.5	9.664300
79.750000	0.5	9.653100
79.758333	0.5	9.653100
79.766667	0.5	9.646300
79.775000	0.5	9.648450
79.783333	0.5	9.647000
79.791667	0.5	9.649100
79.800000	0.5	9.627900
79.808333	0.5	9.626950
79.816667	0.5	9.612600
79.825000	0.5	9.597650
79.833333	0.5	9.592450
79.841667	0.5	9.583550
79.850000	0.5	9.573300
79.858333	0.5	9.563950
79.866667	0.5	9.549700
79.875000	0.5	9.539550
79.883333	0.5	9.524900
79.891667	0.5	9.518600
79.900000	0.5	9.520400
79.908333	0.5	9.498900
79.916667	0.5	9.497700
79.925000	0.5	9.486950
79.933333	0.5	9.473150
79.941667	0.5	9.461750
79.950000	0.5	9.450350
79.958333	0.5	9.434250
79.966667	0.5	9.424450
79.975000	0.5	9.415800
79.983333	0.5	9.409450
79.991667	0.5	9.401450
80.000000	0.5	9.385300
80.008333	0.5	9.372600
80.016667	0.5	9.370500
80.025000	0.5	9.358550
80.033333	0.5	9.343200
80.041667	0.5	9.344150
80.050000	0.5	9.319750
80.058333	0.5	9.311300
80.066667	0.5	9.306600
80.075000	0.5	9.304050
80.083333	0.5	9.286750
80.091667	0.5	9.282100
80.100000	0.5	9.276400
80.108333	0.5	9.273600
80.116667	0.5	9.264650
80.125000	0.5	9.259500
80.133333	0.5	9.251650
80.141667	0.5	9.258300
80.150000	0.5	9.250900
80.158333	0.5	9.243900
80.166667	0.5	9.255150
80.175000	0.5	9.256850
80.183333	0.5	9.257750
80.191667	0.5	9.263650
80.200000	0.5	9.274600
80.208333	0.5	9.283950
80.216667	0.5	9.289900
80.225000	0.5	9.298950
80.233333	0.5	9.313800
80.241667	0.5	9.330400
80.250000	0.5	9.346150
80.258333	0.5	9.376050
80.266667	0.5	9.386900
80.275000	0.5	9.419450
80.283333	0.5	9.448100
80.291667	0.5	9.479350
80.300000	0.5	9.510800
80.308333	0.5	9.544000
80.316667	0.5	9.580900
80.325000	0.5	9.619700
80.333333	0.5	9.657250
80.341667	0.5	9.692800
80.350000	0.5	9.732700
80.358333	0.5	9.783300
80.366667	0.5	9.819700
80.375000	0.5	9.853150
80.383333	0.5	9.898700
80.391667	0.5	9.938300
80.400000	0.5	9.976000
80.408333	0.5	10.014900
80.416667	0.5	10.054650
80.425000	0.5	10.090300
80.433333	0.5	10.114200
80.441667	0.5	10.145950
80.450000	0.5	10.170250
80.458333	0.5	10.191850
80.466667	0.5	10.212550
80.475000	0.5	10.236350
80.483333	0.5	10.244250
80.491667	0.5	10.258600
80.500000	0.5	10.271400
80.508333	0.5	10.267000
80.516667	0.5	10.269850
80.525000	0.5	10.268950
80.533333	0.5	10.259350
80.541667	0.5	10.249600
80.550000	0.5	10.248300
80.558333	0.5	10.225650
80.566667	0.5	10.204400
80.575000	0.5	10.183050
80.583333	0.5	10.163500
80.591667	0.5	10.138750
80.600000	0.5	10.109450
80.608333	0.5	10.085200
80.616667	0.5	10.051650
80.625000	0.5	10.020500
80.633333	0.5	9.986350
80.641667	0.5	9.953950
80.650000	0.5	9.914100
80.658333	0.5	9.883000
80.666667	0.5	9.853400
80.675000	0.5	9.824300
80.683333	0.5	9.789150
80.691667	0.5	9.759900
80.700000	0.5	9.723250
80.708333	0.5	9.690200
80.716667	0.5	9.662550
80.725000	0.5	9.641250
80.733333	0.5	9.618950
80.741667	0.5	9.582700
80.750000	0.5	9.561250
80.758333	0.5	9.537650
80.766667	0.5	9.524200
80.775000	0.5	9.503800
80.783333	0.5	9.484500
80.791667	0.5	9.458400
80.800000	0.5	9.451300
80.808333	0.5	9.432400
80.816667	0.5	9.423050
80.825000	0.5	9.401400
80.833333	0.5	9.392350
80.841667	0.5	9.389500
80.850000	0.5	9.375550
80.858333	0.5	9.377600
80.866667	0.5	9.355650
80.875000	0.5	9.352900
80.883333	0.5	9.334500
80.891667	0.5	9.335150
80.900000	0.5	9.327550
80.908333	0.5	9.333200
80.916667	0.5	9.318200
80.925000	0.5	9.313350
80.933333	0.5	9.312800
80.941667	0.5	9.300900
80.950000	0.5	9.299350
80.958333	0.5	9.287150
80.966667	0.5	9.305600
80.975000	0.5	9.287750
80.983333	0.5	9.289650
80.991667	0.5	9.271250
81.000000	0.5	9.271850
81.008333	0.5	9.269200
81.016667	0.5	9.260850
81.025000	0.5	9.265500
81.033333	0.5	9.259100
81.041667	0.5	9.259700
81.050000	0.5	9.261050
81.058333	0.5	9.251100
81.066667	0.5	9.248150
81.075000	0.5	9.247500
81.083333	0.5	9.245500
81.091667	0.5	9.243300
81.100000	0.5	9.233550
81.108333	0.5	9.235950
81.116667	0.5	9.222700
81.125000	0.5	9.228950
81.133333	0.5	9.229550
81.141667	0.5	9.229650
81.150000	0.5	9.222600
81.158333	0.5	9.222650
81.166667	0.5	9.220700
81.175000	0.5	9.221950
81.183333	0.5	9.223950
81.191667	0.5	9.228300
81.200000	0.5	9.219150
81.208333	0.5	9.223800
81.216667	0.5	9.210850
81.225000	0.5	9.214500
81.233333	0.5	9.228450
81.241667	0.5	9.224900
81.250000	0.5	9.230100
81.258333	0.5	9.227100
81.266667	0.5	9.227850
81.275000	0.5	9.225250
81.283333	0.5	9.224900
81.291667	0.5	9.232950
81.300000	0.5	9.231900
81.308333	0.5	9.245700
81.316667	0.5	9.235150
81.325000	0.5	9.245500
81.333333	0.5	9.246900
81.341667	0.5	9.250900
81.350000	0.5	9.258900
81.358333	0.5	9.268950
81.366667	0.5	9.274000
81.375000	0.5	9.275800
81.383333	0.5	9.297650
81.391667	0.5	9.301350
81.400000	0.5	9.318050
81.408333	0.5	9.321650
81.416667	0.5	9.349050
81.425000	0.5	9.357800
81.433333	0.5	9.382000
81.441667	0.5	9.387600
81.450000	0.5	9.413600
81.458333	0.5	9.436250
81.466667	0.5	9.456350
81.475000	0.5	9.485500
81.483333	0.5	9.516350
81.491667	0.5	9.545100
81.500000	0.5	9.571500
81.508333	0.5	9.602000
81.516667	0.5	9.627350
81.525000	0.5	9.661050
81.533333	0.5	9.702600
81.541667	0.5	9.748000
81.550000	0.5	9.778200
81.558333	0.5	9.810050
81.566667	0.5	9.841700
81.575000	0.5	9.883100
81.583333	0.5	9.922450
81.591667	0.5	9.949050
81.600000	0.5	9.984250
81.608333	0.5	10.020100
81.616667	0.5	10.045600
81.625000	0.5	10.080750
81.633333	0.5	10.099700
81.641667	0.5	10.131800
81.650000	0.5	10.153850
81.658333	0.5	10.178850
81.666667	0.5	10.190950
81.675000	0.5	10.206900
81.683333	0.5	10.211500
81.691667	0.5	10.234950
81.700000	0.5	10.244350
81.708333	0.5	10.247450
81.716667	0.5	10.249000
81.725000	0.5	10.244750
81.733333	0.5	10.247850
81.741667	0.5	10.250650
81.750000	0.5	10.244000
81.758333	0.5	10.230250
81.766667	0.5	10.218200
81.775000	0.5	10.202150
81.783333	0.5	10.190500
81.791667	0.5	10.171200
81.800000	0.5	10.156650
81.808333	0.5	10.130800
81.816667	0.5	10.106650
81.825000	0.5	10.085550
81.833333	0.5	10.060950
81.841667	0.5	10.031150
81.850000	0.5	10.005800
81.858333	0.5	9.975450
81.866667	0.5	9.952100
81.875000	0.5	9.922350
81.883333	0.5	9.894000
81.891667	0.5	9.865450
81.900000	0.5	9.840850
81.908333	0.5	9.805500
81.916667	0.5	9.779300
81.925000	0.5	9.760500
81.933333	0.5	9.723300
81.941667	0.5	9.701400
81.950000	0.5	9.668700
81.958333	0.5	9.646200
81.966667	0.5	9.623400
81.975000	0.5	9.610000
81.983333	0.5	9.586000
81.991667	0.5	9.556800
82.000000	0.5	9.554700
82.008333	0.5	9.530850
82.016667	0.5	9.511650
82.025000	0.5	9.494850
82.033333	0.5	9.484900
82.041667	0.5	9.470000
82.050000	0.5	9.465350
82.058333	0.5	9.447650
82.066667	0.5	9.432450
82.075000	0.5	9.422150
82.083333	0.5	9.407200
82.091667	0.5	9.398500
82.100000	0.5	9.390850
82.108333	0.5	9.379950
82.116667	0.5	9.379100
82.125000	0.5	9.375750
82.133333	0.5	9.364600
82.141667	0.5	9.368800
82.150000	0.5	9.357800
82.158333	0.5	9.348100
82.166667	0.5	9.340800
82.175000	0.5	9.337200
82.183333	0.5	9.342650
82.191667	0.5	9.328350
82.200000	0.5	9.328500
82.208333	0.5	9.319900
82.216667	0.5	9.320100
82.225000	0.5	9.318150
82.233333	0.5	9.319450
82.241667	0.5	9.313050
82.250000	0.5	9.310400
82.258333	0.5	9.304700
82.266667	0.5	9.301600
82.275000	0.5	9.305300
82.283333	0.5	9.306850
82.291667	0.5	9.302750
82.300000	0.5	9.307900
82.308333	0.5	9.305900
82.316667	0.5	9.307000
82.325000	0.5	9.304550
82.333333	0.5	9.312250
82.341667	0.5	9.300250
82.350000	0.5	9.306200
82.358333	0.5	9.308300
82.366667	0.5	9.306600
82.375000	0.5	9.308900
82.383333	0.5	9.310600
82.391667	0.5	9.314200
82.400000	0.5	9.318400
82.408333	0.5	9.322900
82.416667	0.5	9.324550
82.425000	0.5	9.327000
82.433333	0.5	9.330100
82.441667	0.5	9.337150
82.450000	0.5	9.336750
82.458333	0.5	9.333900
82.466667	0.5	9.353050
82.475000	0.5	9.345400
82.483333	0.5	9.350850
82.491667	0.5	9.370800
82.500000	0.5	9.373600
82.508333	0.5	9.384500
82.516667	0.5	9.396200
82.525000	0.5	9.410050
82.533333	0.5	9.422150
82.541667	0.5	9.439450
82.550000	0.5	9.458000
82.558333	0.5	9.465150
82.566667	0.5	9.481450
82.575000	0.5	9.506150
82.583333	0.5	9.530100
82.591667	0.5	9.560950
82.600000	0.5	9.583100
82.608333	0.5	9.605850
82.616667	0.5	9.634850
82.625000	0.5	9.663850
82.633333	0.5	9.687800
82.641667	0.5	9.720150
82.650000	0.5	9.752800
82.658333	0.5	9.786150
82.666667	0.5	9.815700
82.675000	0.5	9.855350
82.683333	0.5	9.898900
82.691667	0.5	9.939150
82.700000	0.5	9.968650
82.708333	0.5	10.006800
82.716667	0.5	10.044900
82.725000	0.5	10.083900
82.733333	0.5	10.118750
82.741667	0.5	10.152800
82.750000	0.5	10.186500
82.758333	0.5	10.220450
82.766667	0.5	10.247750
82.775000	0.5	10.283250
82.783333	0.5	10.318150
82.791667	0.5	10.347050
82.800000	0.5	10.365600
82.808333	0.5	10.386200
82.816667	0.5	10.401150
82.825000	0.5	10.428250
82.833333	0.5	10.436900
82.841667	0.5	10.454550
82.850000	0.5	10.463000
82.858333	0.5	10.462250
82.866667	0.5	10.471350
82.875000	0.5	10.478900
82.883333	0.5	10.474100
82.891667	0.5	10.472500
82.900000	0.5	10.463750
82.908333	0.5	10.455350
82.916667	0.5	10.445400
82.925000	0.5	10.441200
82.933333	0.5	10.420050
82.941667	0.5	10.401000
82.950000	0.5	10.389200
82.958333	0.5	10.370900
82.966667	0.5	10.351200
82.975000	0.5	10.331150
82.983333	0.5	10.313050
82.991667	0.5	10.283950
83.000000	0.5	10.261450
83.008333	0.5	10.238900
83.016667	0.5	10.212300
83.025000	0.5	10.189500
83.033333	0.5	10.162700
83.041667	0.5	10.142650
83.050000	0.5	10.118750
83.058333	0.5	10.093450
83.066667	0.5	10.077350
83.075000	0.5	10.047650
83.083333	0.5	10.028550
83.091667	0.5	10.003500
83.100000	0.5	9.989850
83.108333	0.5	9.958400
83.116667	0.5	9.947350
83.125000	0.5	9.924150
83.133333	0.5	9.904050
83.141667	0.5	9.884250
83.150000	0.5	9.870450
83.158333	0.5	9.855850
83.166667	0.5	9.841100
83.175000	0.5	9.825350
83.183333	0.5	9.806950
83.191667	0.5	9.792700
83.200000	0.5	9.785650
83.208333	0.5	9.768450
83.216667	0.5	9.750250
83.225000	0.5	9.738200
83.233333	0.5	9.725550
83.241667	0.5	9.713050
83.250000	0.5	9.708350
83.258333	0.5	9.692350
83.266667	0.5	9.682550
83.275000	0.5	9.678550
83.283333	0.5	9.666300
83.291667	0.5	9.650250
83.300000	0.5	9.644450
83.308333	0.5	9.644000
83.316667	0.5	9.622750
83.325000	0.5	9.617750
83.333333	0.5	9.610700
83.341667	0.5	9.593300
83.350000	0.5	9.598750
83.358333	0.5	9.588950
83.366667	0.5	9.575550
83.375000	0.5	9.571850
83.383333	0.5	9.562450
83.391667	0.5	9.568050
83.400000	0.5	9.546200
83.408333	0.5	9.540700
83.416667	0.5	9.532250
83.425000	0.5	9.528400
83.433333	0.5	9.522300
83.441667	0.5	9.512900
83.450000	0.5	9.506250
83.458333	0.5	9.503050
83.466667	0.5	9.500000
83.475000	0.5	9.489550
83.483333	0.5	9.489100
83.491667	0.5	9.477600
83.500000	0.5	9.473550
83.508333	0.5	9.467700
83.516667	0.5	9.464850
83.525000	0.5	9.456250
83.533333	0.5	9.452200
83.541667	0.5	9.443700
83.550000	0.5	9.443700
83.558333	0.5	9.437300
83.566667	0.5	9.425850
83.575000	0.5	9.412850
83.583333	0.5	9.415000
83.591667	0.5	9.408650
83.600000	0.5	9.416550
83.608333	0.5	9.414850
83.616667	0.5	9.416050
83.625000	0.5	9.400250
83.633333	0.5	9.403400
83.641667	0.5	9.409350
83.650000	0.5	9.410600
83.658333	0.5	9.413550
83.666667	0.5	9.420500
83.675000	0.5	9.417600
83.683333	0.5	9.430900
83.691667	0.5	9.432650
83.700000	0.5	9.437600
83.708333	0.5	9.444950
83.716667	0.5	9.457650
83.725000	0.5	9.463250
83.733333	0.5	9.485800
83.741667	0.5	9.501500
83.750000	0.5	9.516650
83.758333	0.5	9.527100
83.766667	0.5	9.551000
83.775000	0.5	9.570400
83.783333	0.5	9.584850
83.791667	0.5	9.606100
83.800000	0.5	9.629200
83.808333	0.5	9.647050
83.816667	0.5	9.673450
83.825000	0.5	9.698350
83.833333	0.5	9.725950
83.841667	0.5	9.747100
83.850000	0.5	9.771200
83.858333	0.5	9.798250
83.866667	0.5	9.822150
83.875000	0.5	9.844050
83.883333	0.5	9.867950
83.891667	0.5	9.882950
83.900000	0.5	9.910650
83.908333	0.5	9.930100
83.916667	0.5	9.945650
83.925000	0.5	9.959050
83.933333	0.5	9.978500
83.941667	0.5	9.989250
83.950000	0.5	9.996200
83.958333	0.5	10.007150
83.966667	0.5	10.015100
83.975000	0.5	10.026850
83.983333	0.5	10.023250
83.991667	0.5	10.019950
84.000000	0.5	10.020500
84.008333	0.5	10.016550
84.016667	0.5	10.012050
84.025000	0.5	10.003000
84.033333	0.5	9.996300
84.041667	0.5	9.990200
84.050000	0.5	9.978700
84.058333	0.5	9.968700
84.066667	0.5	9.955400
84.075000	0.5	9.940100
84.083333	0.5	9.922650
84.091667	0.5	9.912950
84.100000	0.5	9.902950
84.108333	0.5	9.882250
84.116667	0.5	9.867350
84.125000	0.5	9.853750
84.133333	0.5	9.833400
84.141667	0.5	9.825300
84.150000	0.5	9.804200
84.158333	0.5	9.790150
84.166667	0.5	9.773300
84.175000	0.5	9.752150
84.183333	0.5	9.738350
84.191667	0.5	9.732100
84.200000	0.5	9.716350
84.208333	0.5	9.699600
84.216667	0.5	9.691450
84.225000	0.5	9.679800
84.233333	0.5	9.665400
84.241667	0.5	9.653400
84.250000	0.5	9.641800
84.258333	0.5	9.633450
84.266667	0.5	9.630150
84.275000	0.5	9.611600
84.283333	0.5	9.609100
84.291667	0.5	9.600300
84.300000	0.5	9.582550
84.308333	0.5	9.578450
84.316667	0.5	9.575450
84.325000	0.5	9.567100
84.333333	0.5	9.559250
84.341667	0.5	9.552150
84.350000	0.5	9.549000
84.358333	0.5	9.540400
84.366667	0.5	9.532050
84.375000	0.5	9.526750
84.383333	0.5	9.522500
84.391667	0.5	9.515600
84.400000	0.5	9.514250
84.408333	0.5	9.511900
84.416667	0.5	9.512800
84.425000	0.5	9.511450
84.433333	0.5	9.506450
84.441667	0.5	9.495100
84.450000	0.5	9.504800
84.458333	0.5	9.499500
84.466667	0.5	9.495350
84.475000	0.5	9.494050
84.483333	0.5	9.493500
84.491667	0.5	9.487800
84.500000	0.5	9.492250
84.508333	0.5	9.497500
84.516667	0.5	9.483700
84.525000	0.5	9.490300
84.533333	0.5	9.485950
84.541667	0.5	9.484250
84.550000	0.5	9.488900
84.558333	0.5	9.489150
84.566667	0.5	9.484650
84.575000	0.5	9.484950
84.583333	0.5	9.477300
84.591667	0.5	9.488300
84.600000	0.5	9.488450
84.608333	0.5	9.490350
84.616667	0.5	9.481750
84.625000	0.5	9.483150
84.633333	0.5	9.479550
84.641667	0.5	9.480350
84.650000	0.5	9.480400
84.658333	0.5	9.482300
84.666667	0.5	9.474450
84.675000	0.5	9.487200
84.683333	0.5	9.482700
84.691667	0.5	9.475650
84.700000	0.5	9.481550
84.708333	0.5	9.477650
84.716667	0.5	9.482300
84.725000	0.5	9.479000
84.733333	0.5	9.487000
84.741667	0.5	9.483950
84.750000	0.5	9.493650
84.758333	0.5	9.495950
84.766667	0.5	9.507500
84.775000	0.5	9.515950
84.783333	0.5	9.514250
84.791667	0.5	9.534200
84.800000	0.5	9.536500
84.808333	0.5	9.546700
84.816667	0.5	9.557900
84.825000	0.5	9.577100
84.833333	0.5	9.589550
84.841667	0.5	9.603450
84.850000	0.5	9.618450
84.858333	0.5	9.648100
84.866667	0.5	9.660050
84.875000	0.5	9.679350
84.883333	0.5	9.696750
84.891667	0.5	9.722000
84.900000	0.5	9.744750
84.908333	0.5	9.768650
84.916667	0.5	9.790150
84.925000	0.5	9.806100
84.933333	0.5	9.834150
84.941667	0.5	9.859400
84.950000	0.5	9.875050
84.958333	0.5	9.893250
84.966667	0.5	9.904400
84.975000	0.5	9.927450
84.983333	0.5	9.948800
84.991667	0.5	9.962300
85.000000	0.5	9.976200
85.008333	0.5	9.987600
85.016667	0.5	10.005000
85.025000	0.5	10.012900
85.033333	0.5	10.025350
85.041667	0.5	10.025700
85.050000	0.5	10.027900
85.058333	0.5	10.037800
85.066667	0.5	10.042100
85.075000	0.5	10.033750
85.083333	0.5	10.034100
85.091667	0.5	10.042150
85.100000	0.5	10.029250
85.108333	0.5	10.019450
85.116667	0.5	10.009750
85.125000	0.5	10.010900
85.133333	0.5	10.008200
85.141667	0.5	9.992050
85.150000	0.5	9.974900
85.158333	0.5	9.970850
85.166667	0.5	9.960650
85.175000	0.5	9.955450
85.183333	0.5	9.929000
85.191667	0.5	9.922700
85.200000	0.5	9.904050
85.208333	0.5	9.898500
85.216667	0.5	9.879600
85.225000	0.5	9.861850
85.233333	0.5	9.849700
85.241667	0.5	9.841650
85.250000	0.5	9.831100
85.258333	0.5	9.811900
85.266667	0.5	9.801200
85.275000	0.5	9.784500
85.283333	0.5	9.775450
85.291667	0.5	9.759100
85.300000	0.5	9.738800
85.308333	0.5	9.730900
85.316667	0.5	9.722350
85.325000	0.5	9.700650
85.333333	0.5	9.683850
85.341667	0.5	9.664950
85.350000	0.5	9.654250
85.358333	0.5	9.633350
85.366667	0.5	9.626350
85.375000	0.5	9.612300
85.383333	0.5	9.591550
85.391667	0.5	9.585450
85.400000	0.5	9.561200
85.408333	0.5	9.545700
85.416667	0.5	9.528100
85.425000	0.5	9.508950
85.433333	0.5	9.494850
85.441667	0.5	9.475500
85.450000	0.5	9.458650
85.458333	0.5	9.436500
85.466667	0.5	9.421700
85.475000	0.5	9.412900
85.483333	0.5	9.390300
85.491667	0.5	9.379600
85.500000	0.5	9.362200
85.508333	0.5	9.350400
85.516667	0.5	9.330250
85.525000	0.5	9.310750
85.533333	0.5	9.299050
85.541667	0.5	9.273900
85.550000	0.5	9.270400
85.558333	0.5	9.248700
85.566667	0.5	9.242550
85.575000	0.5	9.227650
85.583333	0.5	9.212750
85.591667	0.5	9.200500
85.600000	0.5	9.186800
85.608333	0.5	9.181000
85.616667	0.5	9.160250
85.625000	0.5	9.148200
85.633333	0.5	9.139200
85.641667	0.5	9.128500
85.650000	0.5	9.121850
85.658333	0.5	9.119550
85.666667	0.5	9.107150
85.675000	0.5	9.101150
85.683333	0.5	9.100050
85.691667	0.5	9.097550
85.700000	0.5	9.095300
85.708333	0.5	9.092900
85.716667	0.5	9.094950
85.725000	0.5	9.078850
85.733333	0.5	9.078250
85.741667	0.5	9.080350
85.750000	0.5	9.083650
85.758333	0.5	9.085050
85.766667	0.5	9.083300
85.775000	0.5	9.094050
85.783333	0.5	9.097400
85.791667	0.5	9.104500
85.800000	0.5	9.113200
85.808333	0.5	9.126250
85.816667	0.5	9.132050
85.825000	0.5	9.140200
85.833333	0.5	9.154350
85.841667	0.5	9.174400
85.850000	0.5	9.192150
85.858333	0.5	9.203500
85.866667	0.5	9.221450
85.875000	0.5	9.248350
85.883333	0.5	9.263750
85.891667	0.5	9.290550
85.900000	0.5	9.300400
85.908333	0.5	9.327400
85.916667	0.5	9.350600
85.925000	0.5	9.369500
85.933333	0.5	9.400650
85.941667	0.5	9.430300
85.950000	0.5	9.459700
85.958333	0.5	9.470400
85.966667	0.5	9.502600
85.975000	0.5	9.532850
85.983333	0.5	9.563900
85.991667	0.5	9.579000
86.000000	0.5	9.598550
86.008333	0.5	9.625550
86.016667	0.5	9.639900
86.025000	0.5	9.655950
86.033333	0.5	9.686550
86.041667	0.5	9.692650
86.050000	0.5	9.708850
86.058333	0.5	9.720500
86.066667	0.5	9.729550
86.075000	0.5	9.746800
86.083333	0.5	9.753350
86.091667	0.5	9.754500
86.100000	0.5	9.757650
86.108333	0.5	9.754150
86.116667	0.5	9.755400
86.125000	0.5	9.754100
86.133333	0.5	9.757050
86.141667	0.5	9.749150
86.150000	0.5	9.739550
86.158333	0.5	9.723250
86.166667	0.5	9.721750
86.175000	0.5	9.714950
86.183333	0.5	9.699300
86.191667	0.5	9.690300
86.200000	0.5	9.674400
86.208333	0.5	9.666800
86.216667	0.5	9.649400
86.225000	0.5	9.635000
86.233333	0.5	9.635800
86.241667	0.5	9.610250
86.250000	0.5	9.598300
86.258333	0.5	9.580250
86.266667	0.5	9.561050
86.275000	0.5	9.554700
86.283333	0.5	9.540700
86.291667	0.5	9.523750
86.300000	0.5	9.511750
86.308333	0.5	9.500550
86.316667	0.5	9.476450
86.325000	0.5	9.467200
86.333333	0.5	9.452800
86.341667	0.5	9.450600
86.350000	0.5	9.440750
86.358333	0.5	9.416100
86.366667	0.5	9.400850
86.375000	0.5	9.391700
86.383333	0.5	9.379900
86.391667	0.5	9.362900
86.400000	0.5	9.345200
86.408333	0.5	9.331000
86.416667	0.5	9.322050
86.425000	0.5	9.304600
86.433333	0.5	9.292300
86.441667	0.5	9.273900
86.450000	0.5	9.268100
86.458333	0.5	9.243600
86.466667	0.5	9.244600
86.475000	0.5	9.240100
86.483333	0.5	9.213250
86.491667	0.5	9.215350
86.500000	0.5	9.191800
86.508333	0.5	9.185600
86.516667	0.5	9.176900
86.525000	0.5	9.171200
86.533333	0.5	9.147450
86.541667	0.5	9.149950
86.550000	0.5	9.128300
86.558333	0.5	9.132100
86.566667	0.5	9.121700
86.575000	0.5	9.117400
86.583333	0.5	9.125800
86.591667	0.5	9.126150
86.600000	0.5	9.106600
86.608333	0.5	9.117050
86.616667	0.5	9.124100
86.625000	0.5	9.123900
86.633333	0.5	9.121750
86.641667	0.5	9.132750
86.650000	0.5	9.138100
86.658333	0.5	9.144800
86.666667	0.5	9.153950
86.675000	0.5	9.156650
86.683333	0.5	9.186450
86.691667	0.5	9.190100
86.700000	0.5	9.209400
86.708333	0.5	9.226700
86.716667	0.5	9.240250
86.725000	0.5	9.260850
86.733333	0.5	9.279200
86.741667	0.5	9.313350
86.750000	0.5	9.331500
86.758333	0.5	9.356900
86.766667	0.5	9.383150
86.775000	0.5	9.413600
86.783333	0.5	9.442300
86.791667	0.5	9.477700
86.800000	0.5	9.510950
86.808333	0.5	9.549550
86.816667	0.5	9.586700
86.825000	0.5	9.618900
86.833333	0.5	9.661950
86.841667	0.5	9.708050
86.850000	0.5	9.748350
86.858333	0.5	9.794950
86.866667	0.5	9.837000
86.875000	0.5	9.882800
86.883333	0.5	9.929250
86.891667	0.5	9.981800
86.900000	0.5	10.027550
86.908333	0.5	10.079750
86.916667	0.5	10.138600
86.925000	0.5	10.187450
86.933333	0.5	10.238000
86.941667	0.5	10.285900
86.950000	0.5	10.330100
86.958333	0.5	10.383700
86.966667	0.5	10.444900
86.975000	0.5	10.491800
86.983333	0.5	10.537050
86.991667	0.5	10.583400
87.000000	0.5	10.633300
87.008333	0.5	10.667550
87.016667	0.5	10.707600
87.025000	0.5	10.748350
87.033333	0.5	10.778550
87.041667	0.5	10.814500
87.050000	0.5	10.842800
87.058333	0.5	10.879700
87.066667	0.5	10.897750
87.075000	0.5	10.917850
87.083333	0.5	10.938900
87.091667	0.5	10.953050
87.100000	0.5	10.962700
87.108333	0.5	10.975450
87.116667	0.5	10.978400
87.125000	0.5	10.984900
87.133333	0.5	10.984450
87.141667	0.5	10.993950
87.150000	0.5	10.981300
87.158333	0.5	10.986800
87.166667	0.5	10.972350
87.175000	0.5	10.970750
87.183333	0.5	10.958500
87.191667	0.5	10.945400
87.200000	0.5	10.933200
87.208333	0.5	10.923300
87.216667	0.5	10.904250
87.225000	0.5	10.891000
87.233333	0.5	10.876250
87.241667	0.5	10.852150
87.250000	0.5	10.836000
87.258333	0.5	10.811400
87.266667	0.5	10.791700
87.275000	0.5	10.778950
87.283333	0.5	10.748700
87.291667	0.5	10.734150
87.300000	0.5	10.708900
87.308333	0.5	10.686300
87.316667	0.5	10.662850
87.325000	0.5	10.643450
87.333333	0.5	10.618150
87.341667	0.5	10.599350
87.350000	0.5	10.570550
87.358333	0.5	10.548500
87.366667	0.5	10.522050
87.375000	0.5	10.500950
87.383333	0.5	10.477650
87.391667	0.5	10.457650
87.400000	0.5	10.431200
87.408333	0.5	10.411750
87.416667	0.5	10.382150
87.425000	0.5	10.356850
87.433333	0.5	10.332400
87.441667	0.5	10.308350
87.450000	0.5	10.281450
87.458333	0.5	10.258050
87.466667	0.5	10.232300
87.475000	0.5	10.212100
87.483333	0.5	10.182150
87.491667	0.5	10.158650
87.500000	0.5	10.130200
87.508333	0.5	10.106300
87.516667	0.5	10.090150
87.525000	0.5	10.066800
87.533333	0.5	10.029950
87.541667	0.5	10.019300
87.550000	0.5	9.988700
87.558333	0.5	9.960150
87.566667	0.5	9.944950
87.575000	0.5	9.907850
87.583333	0.5	9.884700
87.591667	0.5	9.870000
87.600000	0.5	9.844750
87.608333	0.5	9.830950
87.616667	0.5	9.804650
87.625000	0.5	9.788400
87.633333	0.5	9.766150
87.641667	0.5	9.748900
87.650000	0.5	9.720950
87.658333	0.5	9.705850
87.666667	0.5	9.687850
87.675000	0.5	9.680950
87.683333	0.5	9.666550
87.691667	0.5	9.647600
87.700000	0.5	9.636650
87.708333	0.5	9.617550
87.716667	0.5	9.606800
87.725000	0.5	9.597600
87.733333	0.5	9.573300
87.741667	0.5	9.571700
87.750000	0.5	9.563550
87.758333	0.5	9.557750
87.766667	0.5	9.553400
87.775000	0.5	9.547950
87.783333	0.5	9.536550
87.791667	0.5	9.544500
87.800000	0.5	9.529650
87.808333	0.5	9.527550
87.816667	0.5	9.530850
87.825000	0.5	9.534700
87.833333	0.5	9.532000
87.841667	0.5	9.530500
87.850000	0.5	9.544350
87.858333	0.5	9.543600
87.866667	0.5	9.547800
87.875000	0.5	9.556000
87.883333	0.5	9.567350
87.891667	0.5	9.570750
87.900000	0.5	9.582400
87.908333	0.5	9.587500
87.916667	0.5	9.605650
87.925000	0.5	9.620100
87.933333	0.5	9.621400
87.941667	0.5	9.636600
87.950000	0.5	9.654750
87.958333	0.5	9.657500
87.966667	0.5	9.662650
87.975000	0.5	9.686500
87.983333	0.5	9.689150
87.991667	0.5	9.695800
88.000000	0.5	9.705750
88.008333	0.5	9.720100
88.016667	0.5	9.724450
88.025000	0.5	9.733150
88.033333	0.5	9.733650
88.041667	0.5	9.735300
88.050000	0.5	9.735450
88.058333	0.5	9.750450
88.066667	0.5	9.750600
88.075000	0.5	9.749850
88.083333	0.5	9.750350
88.091667	0.5	9.751100
88.100000	0.5	9.752450
88.108333	0.5	9.746800
88.116667	0.5	9.748650
88.125000	0.5	9.743700
88.133333	0.5	9.736750
88.141667	0.5	9.739200
88.150000	0.5	9.728600
88.158333	0.5	9.719050
88.166667	0.5	9.719600
88.175000	0.5	9.712000
88.183333	0.5	9.706750
88.191667	0.5	9.705350
88.200000	0.5	9.696900
88.208333	0.5	9.690950
88.216667	0.5	9.688450
88.225000	0.5	9.676250
88.233333	0.5	9.677150
88.241667	0.5	9.674800
88.250000	0.5	9.673650
88.258333	0.5	9.668800
88.266667	0.5	9.661200
88.275000	0.5	9.660950
88.283333	0.5	9.655550
88.291667	0.5	9.652200
88.300000	0.5	9.645400
88.308333	0.5	9.645500
88.316667	0.5	9.641200
88.325000	0.5	9.635900
88.333333	0.5	9.637800
88.341667	0.5	9.638550
88.350000	0.5	9.639600
88.358333	0.5	9.629600
88.366667	0.5	9.624150
88.375000	0.5	9.616500
88.383333	0.5	9.616250
88.391667	0.5	9.613750
88.400000	0.5	9.612000
88.408333	0.5	9.600900
88.416667	0.5	9.592150
88.425000	0.5	9.597900
88.433333	0.5	9.585650
88.441667	0.5	9.579100
88.450000	0.5	9.572200
88.458333	0.5	9.559100
88.466667	0.5	9.563250
88.475000	0.5	9.551600
88.483333	0.5	9.550400
88.491667	0.5	9.533550
88.500000	0.5	9.529200
88.508333	0.5	9.525600
88.516667	0.5	9.517350
88.525000	0.5	9.499350
88.533333	0.5	9.495000
88.541667	0.5	9.489550
88.550000	0.5	9.487400
88.558333	0.5	9.471200
88.566667	0.5	9.467100
88.575000	0.5	9.455500
88.583333	0.5	9.455800
88.591667	0.5	9.450150
88.600000	0.5	9.440750
88.608333	0.5	9.440300
88.616667	0.5	9.431750
88.625000	0.5	9.431150
88.633333	0.5	9.432500
88.641667	0.5	9.421000
88.650000	0.5	9.415750
88.658333	0.5	9.418550
88.666667	0.5	9.408300
88.675000	0.5	9.413850
88.683333	0.5	9.414650
88.691667	0.5	9.413300
88.700000	0.5	9.410850
88.708333	0.5	9.419050
88.716667	0.5	9.419350
88.725000	0.5	9.422350
88.733333	0.5	9.436750
88.741667	0.5	9.435700
88.750000	0.5	9.445000
88.758333	0.5	9.450500
88.766667	0.5	9.456200
88.775000	0.5	9.474050
88.783333	0.5	9.476800
88.791667	0.5	9.484450
88.800000	0.5	9.492950
88.808333	0.5	9.512400
88.816667	0.5	9.525900
88.825000	0.5	9.539450
88.833333	0.5	9.548350
88.841667	0.5	9.566450
88.850000	0.5	9.593900
88.858333	0.5	9.607250
88.866667	0.5	9.621100
88.875000	0.5	9.628000
88.883333	0.5	9.650500
88.891667	0.5	9.654350
88.900000	0.5	9.684750
88.908333	0.5	9.679450
88.916667	0.5	9.710450
88.925000	0.5	9.718200
88.933333	0.5	9.730600
88.941667	0.5	9.744400
88.950000	0.5	9.752300
88.958333	0.5	9.752250
88.966667	0.5	9.771900
88.975000	0.5	9.770500
88.983333	0.5	9.779400
88.991667	0.5	9.785550
89.000000	0.5	9.798800
89.008333	0.5	9.790950
89.016667	0.5	9.787700
89.025000	0.5	9.789550
89.033333	0.5	9.788800
89.041667	0.5	9.780500
89.050000	0.5	9.773300
89.058333	0.5	9.778250
89.066667	0.5	9.770350
89.075000	0.5	9.767950
89.083333	0.5	9.762200
89.091667	0.5	9.752850
89.100000	0.5	9.750850
89.108333	0.5	9.738250
89.116667	0.5	9.729600
89.125000	0.5	9.725750
89.133333	0.5	9.721950
89.141667	0.5	9.712400
89.150000	0.5	9.706050
89.158333	0.5	9.699300
89.166667	0.5	9.697600
89.175000	0.5	9.700900
89.183333	0.5	9.692150
89.191667	0.5	9.694700
89.200000	0.5	9.696250
89.208333	0.5	9.698400
89.216667	0.5	9.701250
89.225000	0.5	9.704300
89.233333	0.5	9.711000
89.241667	0.5	9.713350
89.250000	0.5	9.726650
89.258333	0.5	9.735650
89.266667	0.5	9.743050
89.275000	0.5	9.757350
89.283333	0.5	9.765650
89.291667	0.5	9.774400
89.300000	0.5	9.799550
89.308333	0.5	9.807250
89.316667	0.5	9.819700
89.325000	0.5	9.846800
89.333333	0.5	9.863200
89.341667	0.5	9.885050
89.350000	0.5	9.897600
89.358333	0.5	9.924150
89.366667	0.5	9.941650
89.375000	0.5	9.961100
89.383333	0.5	9.991850
89.391667	0.5	10.011800
89.400000	0.5	10.040900
89.408333	0.5	10.060300
89.416667	0.5	10.090500
89.425000	0.5	10.111100
89.433333	0.5	10.134950
89.441667	0.5	10.160700
89.450000	0.5	10.193100
89.458333	0.5	10.203550
89.466667	0.5	10.239650
89.475000	0.5	10.267000
89.483333	0.5	10.291200
89.491667	0.5	10.308350
89.500000	0.5	10.338400
89.508333	0.5	10.354350
89.516667	0.5	10.388850
89.525000	0.5	10.417000
89.533333	0.5	10.432050
89.541667	0.5	10.453250
89.550000	0.5	10.479900
89.558333	0.5	10.499000
89.566667	0.5	10.516950
89.575000	0.5	10.549450
89.583333	0.5	10.564850
89.591667	0.5	10.587800
89.600000	0.5	10.606400
89.608333	0.5	10.625650
89.616667	0.5	10.644200
89.625000	0.5	10.662550
89.633333	0.5	10.674650
89.641667	0.5	10.685350
89.650000	0.5	10.712800
89.658333	0.5	10.725850
89.666667	0.5	10.740050
89.675000	0.5	10.747600
89.683333	0.5	10.767650
89.691667	0.5	10.770150
89.700000	0.5	10.788400
89.708333	0.5	10.796250
89.716667	0.5	10.812800
89.725000	0.5	10.819000
89.733333	0.5	10.822950
89.741667	0.5	10.840650
89.750000	0.5	10.835900
89.758333	0.5	10.848600
89.766667	0.5	10.852600
89.775000	0.5	10.849350
89.783333	0.5	10.856850
89.791667	0.5	10.861250
89.800000	0.5	10.854850
89.808333	0.5	10.858900
89.816667	0.5	10.851200
89.825000	0.5	10.847900
89.833333	0.5	10.848550
89.841667	0.5	10.831350
89.850000	0.5	10.832050
89.858333	0.5	10.813600
89.866667	0.5	10.808350
89.875000	0.5	10.800550
89.883333	0.5	10.776400
89.891667	0.5	10.763700
89.900000	0.5	10.749250
89.908333	0.5	10.734250
89.916667	0.5	10.705250
89.925000	0.5	10.689350
89.933333	0.5	10.664100
89.941667	0.5	10.637750
89.950000	0.5	10.607750
89.958333	0.5	10.586400
89.966667	0.5	10.562750
89.975000	0.5	10.536900
89.983333	0.5	10.502200
89.991667	0.5	10.460500
90.000000	0.5	10.426550
90.008333	0.5	10.396550
90.016667	0.5	10.362300
90.025000	0.5	10.332750
90.033333	0.5	10.292150
90.041667	0.5	10.264000
90.050000	0.5	10.236350
90.058333	0.5	10.194850
90.066667	0.5	10.160650
90.075000	0.5	10.135600
90.083333	0.5	10.089350
90.091667	0.5	10.065000
90.100000	0.5	10.025200
90.108333	0.5	10.000650
90.116667	0.5	9.968300
90.125000	0.5	9.934300
90.133333	0.5	9.914000
90.141667	0.5	9.881900
90.150000	0.5	9.862800
90.158333	0.5	9.841450
90.166667	0.5	9.816450
90.175000	0.5	9.797400
90.183333	0.5	9.771550
90.191667	0.5	9.749950
90.200000	0.5	9.728450
90.208333	0.5	9.708150
90.216667	0.5	9.687650
90.225000	0.5	9.674200
90.233333	0.5	9.651400
90.241667	0.5	9.640250
90.250000	0.5	9.621600
90.258333	0.5	9.607900
90.266667	0.5	9.592550
90.275000	0.5	9.573200
90.283333	0.5	9.572950
90.291667	0.5	9.556150
90.300000	0.5	9.547700
90.308333	0.5	9.522850
90.316667	0.5	9.520200
90.325000	0.5	9.501400
90.333333	0.5	9.487600
90.341667	0.5	9.476250
90.350000	0.5	9.471150
90.358333	0.5	9.454050
90.366667	0.5	9.434000
90.375000	0.5	9.424450
90.383333	0.5	9.414150
90.391667	0.5	9.401150
90.400000	0.5	9.394050
90.408333	0.5	9.387100
90.416667	0.5	9.367500
90.425000	0.5	9.358000
90.433333	0.5	9.346650
90.441667	0.5	9.341000
90.450000	0.5	9.341700
90.458333	0.5	9.326800
90.466667	0.5	9.304700
90.475000	0.5	9.308300
90.483333	0.5	9.288700
90.491667	0.5	9.281500
90.500000	0.5	9.269650
90.508333	0.5	9.263800
90.516667	0.5	9.249600
90.525000	0.5	9.239000
90.533333	0.5	9.241350
90.541667	0.5	9.228350
90.550000	0.5	9.223200
90.558333	0.5	9.205100
90.566667	0.5	9.197300
90.575000	0.5	9.183650
90.583333	0.5	9.168550
90.591667	0.5	9.168150
90.600000	0.5	9.160150
90.608333	0.5	9.149900
90.616667	0.5	9.141150
90.625000	0.5	9.124300
90.633333	0.5	9.116900
90.641667	0.5	9.099950
90.650000	0.5	9.083600
90.658333	0.5	9.071050
90.666667	0.5	9.051950
90.675000	0.5	9.035000
90.683333	0.5	9.022900
90.691667	0.5	8.998100
90.700000	0.5	8.977400
90.708333	0.5	8.954400
90.716667	0.5	8.928050
90.725000	0.5	8.906450
90.733333	0.5	8.886100
90.741667	0.5	8.856200
90.750000	0.5	8.834150
90.758333	0.5	8.808600
90.766667	0.5	8.776250
90.775000	0.5	8.746700
90.783333	0.5	8.711150
90.791667	0.5	8.682250
90.800000	0.5	8.641750
90.808333	0.5	8.613000
90.816667	0.5	8.582350
90.825000	0.5	8.552950
90.833333	0.5	8.528350
90.841667	0.5	8.489850
90.850000	0.5	8.456400
90.858333	0.5	8.428550
90.866667	0.5	8.399150
90.875000	0.5	8.361900
90.883333	0.5	8.339350
90.891667	0.5	8.311650
90.900000	0.5	8.286450
90.908333	0.5	8.251600
90.916667	0.5	8.229050
90.925000	0.5	8.207550
90.933333	0.5	8.180700
90.941667	0.5	8.162800
90.950000	0.5	8.147800
90.958333	0.5	8.116800
90.966667	0.5	8.092900
90.975000	0.5	8.081450
90.983333	0.5	8.064950
90.991667	0.5	8.054150
91.000000	0.5	8.041050
91.008333	0.5	8.036250
91.016667	0.5	8.016850
91.025000	0.5	8.017350
91.033333	0.5	8.008650
91.041667	0.5	8.004300
91.050000	0.5	7.996300
91.058333	0.5	7.987200
91.066667	0.5	7.991150
91.075000	0.5	7.987900
91.083333	0.5	7.986700
91.091667	0.5	7.984750
91.100000	0.5	7.989600
91.108333	0.5	7.994350
91.116667	0.5	8.004100
91.125000	0.5	8.002300
91.133333	0.5	8.008950
91.141667	0.5	8.012400
91.150000	0.5	8.016150
91.158333	0.5	8.024550
91.166667	0.5	8.030950
91.175000	0.5	8.039900
91.183333	0.5	8.048750
91.191667	0.5	8.063050
91.200000	0.5	8.083600
91.208333	0.5	8.086800
91.216667	0.5	8.103250
91.225000	0.5	8.121000
91.233333	0.5	8.127350
91.241667	0.5	8.144450
91.250000	0.5	8.163350
91.258333	0.5	8.175050
91.266667	0.5	8.192750
91.275000	0.5	8.211950
91.283333	0.5	8.216250
91.291667	0.5	8.244700
91.300000	0.5	8.257850
91.308333	0.5	8.285650
91.316667	0.5	8.299700
91.325000	0.5	8.319400
91.333333	0.5	8.347350
91.341667	0.5	8.368400
91.350000	0.5	8.387800
91.358333	0.5	8.405450
91.366667	0.5	8.430000
91.375000	0.5	8.454250
91.383333	0.5	8.481000
91.391667	0.5	8.507600
91.400000	0.5	8.534700
91.408333	0.5	8.561850
91.416667	0.5	8.591450
91.425000	0.5	8.618250
91.433333	0.5	8.656550
91.441667	0.5	8.682650
91.450000	0.5	8.713050
91.458333	0.5	8.752450
91.466667	0.5	8.781100
91.475000	0.5	8.819700
91.483333	0.5	8.858350
91.491667	0.5	8.894750
91.500000	0.5	8.932450
91.508333	0.5	8.964850
91.516667	0.5	9.003700
91.525000	0.5	9.037750
91.533333	0.5	9.069450
91.541667	0.5	9.104500
91.550000	0.5	9.146100
91.558333	0.5	9.176650
91.566667	0.5	9.220050
91.575000	0.5	9.244500
91.583333	0.5	9.289450
91.591667	0.5	9.327550
91.600000	0.5	9.355650
91.608333	0.5	9.387750
91.616667	0.5	9.417850
91.625000	0.5	9.450600
91.633333	0.5	9.475550
91.641667	0.5	9.499300
91.650000	0.5	9.532150
91.658333	0.5	9.553550
91.666667	0.5	9.587000
91.675000	0.5	9.596850
91.683333	0.5	9.625600
91.691667	0.5	9.645750
91.700000	0.5	9.666750
91.708333	0.5	9.683500
91.716667	0.5	9.698750
91.725000	0.5	9.721300
91.733333	0.5	9.736450
91.741667	0.5	9.741700
91.750000	0.5	9.760250
91.758333	0.5	9.778400
91.766667	0.5	9.787100
91.775000	0.5	9.799600
91.783333	0.5	9.812700
91.791667	0.5	9.829350
91.800000	0.5	9.840600
91.808333	0.5	9.861750
91.816667	0.5	9.864200
91.825000	0.5	9.887450
91.833333	0.5	9.894900
91.841667	0.5	9.910700
91.850000	0.5	9.926000
91.858333	0.5	9.945200
91.866667	0.5	9.957700
91.875000	0.5	9.970250
91.883333	0.5	10.000850
91.891667	0.5	10.006750
91.900000	0.5	10.028650
91.908333	0.5	10.049400
91.916667	0.5	10.059600
91.925000	0.5	10.087450
91.933333	0.5	10.116400
91.941667	0.5	10.131550
91.950000	0.5	10.162400
91.958333	0.5	10.180600
91.966667	0.5	10.210950
91.975000	0.5	10.232300
91.983333	0.5	10.261300
91.991667	0.5	10.297050
92.000000	0.5	10.316050
92.008333	0.5	10.344650
92.016667	0.5	10.368750
92.025000	0.5	10.403350
92.033333	0.5	10.434200
92.041667	0.5	10.459600
92.050000	0.5	10.491650
92.058333	0.5	10.514200
92.066667	0.5	10.538400
92.075000	0.5	10.577050
92.083333	0.5	10.608950
92.091667	0.5	10.630200
92.100000	0.5	10.666200
92.108333	0.5	10.694950
92.116667	0.5	10.717400
92.125000	0.5	10.750400
92.133333	0.5	10.778300
92.141667	0.5	10.803450
92.150000	0.5	10.821250
92.158333	0.5	10.855600
92.166667	0.5	10.887150
92.175000	0.5	10.902750
92.183333	0.5	10.936550
92.191667	0.5	10.964500
92.200000	0.5	10.981650
92.208333	0.5	11.015800
92.216667	0.5	11.042300
92.225000	0.5	11.060450
92.233333	0.5	11.094150
92.241667	0.5	11.117150
92.250000	0.5	11.134000
92.258333	0.5	11.160300
92.266667	0.5	11.179700
92.275000	0.5	11.207650
92.283333	0.5	11.239400
92.291667	0.5	11.262950
92.300000	0.5	11.276050
92.308333	0.5	11.303450
92.316667	0.5	11.321750
92.325000	0.5	11.343200
92.333333	0.5	11.380500
92.341667	0.5	11.388750
92.350000	0.5	11.424850
92.358333	0.5	11.441300
92.366667	0.5	11.465750
92.375000	0.5	11.483750
92.383333	0.5	11.501750
92.391667	0.5	11.518150
92.400000	0.5	11.542050
92.408333	0.5	11.560000
92.416667	0.5	11.575100
92.425000	0.5	11.589250
92.433333	0.5	11.605700
92.441667	0.5	11.619300
92.450000	0.5	11.640950
92.458333	0.5	11.653200
92.466667	0.5	11.664500
92.475000	0.5	11.668800
92.483333	0.5	11.676700
92.491667	0.5	11.688250
92.500000	0.5	11.684200
92.508333	0.5	11.694100
92.516667	0.5	11.697400
92.525000	0.5	11.712750
92.533333	0.5	11.712950
92.541667	0.5	11.717750
92.550000	0.5	11.708900
92.558333	0.5	11.705300
92.566667	0.5	11.695050
92.575000	0.5	11.700400
92.583333	0.5	11.684200
92.591667	0.5	11.674150
92.600000	0.5	11.663850
92.608333	0.5	11.662900
92.616667	0.5	11.645000
92.625000	0.5	11.645800
92.633333	0.5	11.629300
92.641667	0.5	11.619650
92.650000	0.5	11.599250
92.658333	0.5	11.585650
92.666667	0.5	11.561700
92.675000	0.5	11.556500
92.683333	0.5	11.531650
92.691667	0.5	11.516000
92.700000	0.5	11.503400
92.708333	0.5	11.478750
92.716667	0.5	11.463950
92.725000	0.5	11.432300
92.733333	0.5	11.416150
92.741667	0.5	11.404500
92.750000	0.5	11.389000
92.758333	0.5	11.357500
92.766667	0.5	11.340450
92.775000	0.5	11.322550
92.783333	0.5	11.293650
92.791667	0.5	11.269400
92.800000	0.5	11.258450
92.808333	0.5	11.235550
92.816667	0.5	11.211450
92.825000	0.5	11.192950
92.833333	0.5	11.181600
92.841667	0.5	11.154900
92.850000	0.5	11.129950
92.858333	0.5	11.111350
92.866667	0.5	11.090000
92.875000	0.5	11.073000
92.883333	0.5	11.058750
92.891667	0.5	11.031700
92.900000	0.5	11.014150
92.908333	0.5	10.996650
92.916667	0.5	10.979500
92.925000	0.5	10.975700
92.933333	0.5	10.951250
92.941667	0.5	10.936900
92.950000	0.5	10.919250
92.958333	0.5	10.898350
92.966667	0.5	10.890950
92.975000	0.5	10.869100
92.983333	0.5	10.861750
92.991667	0.5	10.846300
93.000000	0.5	10.835400
93.008333	0.5	10.825000
93.016667	0.5	10.811300
93.025000	0.5	10.803750
93.033333	0.5	10.794300
93.041667	0.5	10.785550
93.050000	0.5	10.774900
93.058333	0.5	10.765350
93.066667	0.5	10.760850
93.075000	0.5	10.752300
93.083333	0.5	10.735050
93.091667	0.5	10.734400
93.100000	0.5	10.737600
93.108333	0.5	10.716600
93.116667	0.5	10.717500
93.125000	0.5	10.718150
93.133333	0.5	10.711150
93.141667	0.5	10.709500
93.150000	0.5	10.700350
93.158333	0.5	10.701400
93.166667	0.5	10.686950
93.175000	0.5	10.685150
93.183333	0.5	10.676900
93.191667	0.5	10.669450
93.200000	0.5	10.660900
93.208333	0.5	10.653050
93.216667	0.5	10.648750
93.225000	0.5	10.636750
93.233333	0.5	10.626050
93.241667	0.5	10.607150
93.250000	0.5	10.599700
93.258333	0.5	10.574000
93.266667	0.5	10.571150
93.275000	0.5	10.540950
93.283333	0.5	10.527700
93.291667	0.5	10.504800
93.300000	0.5	10.483100
93.308333	0.5	10.451750
93.316667	0.5	10.437350
93.325000	0.5	10.402250
93.333333	0.5	10.369700
93.341667	0.5	10.338650
93.350000	0.5	10.306400
93.358333	0.5	10.272050
93.366667	0.5	10.234850
93.375000	0.5	10.192500
93.383333	0.5	10.158400
93.391667	0.5	10.100100
93.400000	0.5	10.075150
93.408333	0.5	10.019250
93.416667	0.5	9.986300
93.425000	0.5	9.932400
93.433333	0.5	9.886100
93.441667	0.5	9.842550
93.450000	0.5	9.788550
93.458333	0.5	9.742150
93.466667	0.5	9.682900
93.475000	0.5	9.637200
93.483333	0.5	9.587600
93.491667	0.5	9.556450
93.500000	0.5	9.498950
93.508333	0.5	9.453300
93.516667	0.5	9.404550
93.525000	0.5	9.359550
93.533333	0.5	9.316300
93.541667	0.5	9.262250
93.550000	0.5	9.224300
93.558333	0.5	9.169650
93.566667	0.5	9.138800
93.575000	0.5	9.083650
93.583333	0.5	9.049750
93.591667	0.5	9.016600
93.600000	0.5	8.982250
93.608333	0.5	8.945600
93.616667	0.5	8.908150
93.625000	0.5	8.873700
93.633333	0.5	8.847300
93.641667	0.5	8.823250
93.650000	0.5	8.788400
93.658333	0.5	8.755300
93.666667	0.5	8.729300
93.675000	0.5	8.715400
93.683333	0.5	8.699400
93.691667	0.5	8.666400
93.700000	0.5	8.660100
93.708333	0.5	8.641700
93.716667	0.5	8.634300
93.725000	0.5	8.611250
93.733333	0.5	8.604400
93.741667	0.5	8.586500
93.750000	0.5	8.577950
93.758333	0.5	8.574050
93.766667	0.5	8.564750
93.775000	0.5	8.566150
93.783333	0.5	8.567450
93.791667	0.5	8.564050
93.800000	0.5	8.561000
93.808333	0.5	8.568050
93.816667	0.5	8.564850
93.825000	0.5	8.572650
93.833333	0.5	8.584000
93.841667	0.5	8.595550
93.850000	0.5	8.599050
93.858333	0.5	8.616950
93.866667	0.5	8.628900
93.875000	0.5	8.645650
93.883333	0.5	8.658650
93.891667	0.5	8.675850
93.900000	0.5	8.696450
93.908333	0.5	8.715050
93.916667	0.5	8.751150
93.925000	0.5	8.768150
93.933333	0.5	8.791850
93.941667	0.5	8.821600
93.950000	0.5	8.845600
93.958333	0.5	8.878350
93.966667	0.5	8.906100
93.975000	0.5	8.943550
93.983333	0.5	8.978100
93.991667	0.5	9.009500
94.000000	0.5	9.040600
94.008333	0.5	9.078450
94.016667	0.5	9.116750
94.025000	0.5	9.168400
94.033333	0.5	9.199700
94.041667	0.5	9.233450
94.050000	0.5	9.267400
94.058333	0.5	9.307250
94.066667	0.5	9.356300
94.075000	0.5	9.389950
94.083333	0.5	9.425000
94.091667	0.5	9.458400
94.100000	0.5	9.506650
94.108333	0.5	9.537100
94.116667	0.5	9.579850
94.125000	0.5	9.610900
94.133333	0.5	9.648850
94.141667	0.5	9.692000
94.150000	0.5	9.730150
94.158333	0.5	9.758500
94.166667	0.5	9.790850
94.175000	0.5	9.824250
94.183333	0.5	9.857050
94.191667	0.5	9.894850
94.200000	0.5	9.925800
94.208333	0.5	9.947600
94.216667	0.5	9.975500
94.225000	0.5	10.005600
94.233333	0.5	10.036450
94.241667	0.5	10.056650
94.250000	0.5	10.077800
94.258333	0.5	10.104650
94.266667	0.5	10.128750
94.275000	0.5	10.158350
94.283333	0.5	10.170750
94.291667	0.5	10.185600
94.300000	0.5	10.210150
94.308333	0.5	10.220600
94.316667	0.5	10.239400
94.325000	0.5	10.251450
94.333333	0.5	10.265500
94.341667	0.5	10.283800
94.350000	0.5	10.294750
94.358333	0.5	10.305400
94.366667	0.5	10.320300
94.375000	0.5	10.328300
94.383333	0.5	10.348500
94.391667	0.5	10.350400
94.400000	0.5	10.351700
94.408333	0.5	10.357950
94.416667	0.5	10.369950
94.425000	0.5	10.366250
94.433333	0.5	10.374100
94.441667	0.5	10.380900
94.450000	0.5	10.381600
94.458333	0.5	10.387500
94.466667	0.5	10.393950
94.475000	0.5	10.395500
94.483333	0.5	10.396650
94.491667	0.5	10.404400
94.500000	0.5	10.400950
94.508333	0.5	10.407950
94.516667	0.5	10.413400
94.525000	0.5	10.414950
94.533333	0.5	10.424600
94.541667	0.5	10.414550
94.550000	0.5	10.417550
94.558333	0.5	10.424600
94.566667	0.5	10.417600
94.575000	0.5	10.431950
94.583333	0.5	10.418650
94.591667	0.5	10.422300
94.600000	0.5	10.425200
94.608333	0.5	10.429050
94.616667	0.5	10.436100
94.625000	0.5	10.431550
94.633333	0.5	10.430200
94.641667	0.5	10.435100
94.650000	0.5	10.437200
94.658333	0.5	10.445550
94.666667	0.5	10.448900
94.675000	0.5	10.445250
94.683333	0.5	10.448550
94.691667	0.5	10.455700
94.700000	0.5	10.449800
94.708333	0.5	10.456500
94.716667	0.5	10.463900
94.725000	0.5	10.465400
94.733333	0.5	10.463250
94.741667	0.5	10.468550
94.750000	0.5	10.471950
94.758333	0.5	10.486350
94.766667	0.5	10.477250
94.775000	0.5	10.479000
94.783333	0.5	10.481300
94.791667	0.5	10.487750
94.800000	0.5	10.486100
94.808333	0.5	10.490550
94.816667	0.5	10.495200
94.825000	0.5	10.496250
94.833333	0.5	10.501700
94.841667	0.5	10.524650
94.850000	0.5	10.509500
94.858333	0.5	10.514300
94.866667	0.5	10.514050
94.875000	0.5	10.526050
94.883333	0.5	10.525500
94.891667	0.5	10.526900
94.900000	0.5	10.534450
94.908333	0.5	10.538800
94.916667	0.5	10.555000
94.925000	0.5	10.553400
94.933333	0.5	10.564600
94.941667	0.5	10.571450
94.950000	0.5	10.582400
94.958333	0.5	10.594400
94.966667	0.5	10.605850
94.975000	0.5	10.612100
94.983333	0.5	10.628500
94.991667	0.5	10.640450
95.000000	0.5	10.657850
95.008333	0.5	10.679650
95.016667	0.5	10.688300
95.025000	0.5	10.708450
95.033333	0.5	10.731950
95.041667	0.5	10.747650
95.050000	0.5	10.771400
95.058333	0.5	10.798250
95.066667	0.5	10.818150
95.075000	0.5	10.843950
95.083333	0.5	10.869750
95.091667	0.5	10.896300
95.100000	0.5	10.916650
95.108333	0.5	10.946650
95.116667	0.5	10.978800
95.125000	0.5	11.010000
95.133333	0.5	11.033950
95.141667	0.5	11.065750
95.150000	0.5	11.100250
95.158333	0.5	11.131200
95.166667	0.5	11.163250
95.175000	0.5	11.196600
95.183333	0.5	11.228350
95.191667	0.5	11.259200
95.200000	0.5	11.299100
95.208333	0.5	11.335050
95.216667	0.5	11.364850
95.225000	0.5	11.405050
95.233333	0.5	11.438500
95.241667	0.5	11.472500
95.250000	0.5	11.498800
95.258333	0.5	11.531750
95.266667	0.5	11.567700
95.275000	0.5	11.601250
95.283333	0.5	11.637400
95.291667	0.5	11.664000
95.300000	0.5	11.699600
95.308333	0.5	11.717100
95.316667	0.5	11.752800
95.325000	0.5	11.780500
95.333333	0.5	11.802950
95.341667	0.5	11.831800
95.350000	0.5	11.864550
95.358333	0.5	11.874450
95.366667	0.5	11.908250
95.375000	0.5	11.928250
95.383333	0.5	11.934750
95.391667	0.5	11.966450
95.400000	0.5	11.980950
95.408333	0.5	11.997700
95.416667	0.5	12.017550
95.425000	0.5	12.032550
95.433333	0.5	12.042800
95.441667	0.5	12.056050
95.450000	0.5	12.064900
95.458333	0.5	12.079300
95.466667	0.5	12.076700
95.475000	0.5	12.083500
95.483333	0.5	12.091600
95.491667	0.5	12.092250
95.500000	0.5	12.093000
95.508333	0.5	12.099900
95.516667	0.5	12.086950
95.525000	0.5	12.091800
95.533333	0.5	12.080350
95.541667	0.5	12.078750
95.550000	0.5	12.078800
95.558333	0.5	12.066600
95.566667	0.5	12.049550
95.575000	0.5	12.030900
95.583333	0.5	12.029200
95.591667	0.5	12.007450
95.600000	0.5	11.994800
95.608333	0.5	11.982450
95.616667	0.5	11.958700
95.625000	0.5	11.938700
95.633333	0.5	11.918600
95.641667	0.5	11.899150
95.650000	0.5	11.877250
95.658333	0.5	11.849050
95.666667	0.5	11.831200
95.675000	0.5	11.806750
95.683333	0.5	11.776550
95.691667	0.5	11.751600
95.700000	0.5	11.731350
95.708333	0.5	11.706950
95.716667	0.5	11.685900
95.725000	0.5	11.647150
95.733333	0.5	11.627400
95.741667	0.5	11.594350
95.750000	0.5	11.573700
95.758333	0.5	11.544300
95.766667	0.5	11.517800
95.775000	0.5	11.492300
95.783333	0.5	11.463750
95.791667	0.5	11.445000
95.800000	0.5	11.417700
95.808333	0.5	11.398400
95.816667	0.5	11.357300
95.825000	0.5	11.346300
95.833333	0.5	11.327950
95.841667	0.5	11.305550
95.850000	0.5	11.277650
95.858333	0.5	11.267000
95.866667	0.5	11.245200
95.875000	0.5	11.225600
95.883333	0.5	11.209550
95.891667	0.5	11.196200
95.900000	0.5	11.184800
95.908333	0.5	11.164600
95.916667	0.5	11.154800
95.925000	0.5	11.141250
95.933333	0.5	11.137650
95.941667	0.5	11.128800
95.950000	0.5	11.112700
95.958333	0.5	11.102700
95.966667	0.5	11.097950
95.975000	0.5	11.086200
95.983333	0.5	11.080300
95.991667	0.5	11.084300
96.000000	0.5	11.075200
96.008333	0.5	11.058100
96.016667	0.5	11.071800
96.025000	0.5	11.068600
96.033333	0.5	11.068600
96.041667	0.5	11.064700
96.050000	0.5	11.068300
96.058333	0.5	11.069400
96.066667	0.5	11.068700
96.075000	0.5	11.076850
96.083333	0.5	11.081500
96.091667	0.5	11.083100
96.100000	0.5	11.081300
96.108333	0.5	11.095900
96.116667	0.5	11.085850
96.125000	0.5	11.095200
96.133333	0.5	11.107450
96.141667	0.5	11.107950
96.150000	0.5	11.113900
96.158333	0.5	11.125850
96.166667	0.5	11.125950
96.175000	0.5	11.147000
96.183333	0.5	11.152600
96.191667	0.5	11.160550
96.200000	0.5	11.170500
96.208333	0.5	11.178700
96.216667	0.5	11.181750
96.225000	0.5	11.196300
96.233333	0.5	11.212500
96.241667	0.5	11.215650
96.250000	0.5	11.225800
96.258333	0.5	11.237150
96.266667	0.5	11.239450
96.275000	0.5	11.260650
96.283333	0.5	11.272700
96.291667	0.5	11.283800
96.300000	0.5	11.297850
96.308333	0.5	11.299700
96.316667	0.5	11.311650
96.325000	0.5	11.322450
96.333333	0.5	11.339150
96.341667	0.5	11.349900
96.350000	0.5	11.368150
96.358333	0.5	11.363950
96.366667	0.5	11.377050
96.375000	0.5	11.395200
96.383333	0.5	11.403200
96.391667	0.5	11.419600
96.400000	0.5	11.424750
96.408333	0.5	11.428900
96.416667	0.5	11.450850
96.425000	0.5	11.452250
96.433333	0.5	11.462200
96.441667	0.5	11.481700
96.450000	0.5	11.495800
96.458333	0.5	11.492200
96.466667	0.5	11.511900
96.475000	0.5	11.527950
96.483333	0.5	11.527800
96.491667	0.5	11.540150
96.500000	0.5	11.564550
96.508333	0.5	11.569850
96.516667	0.5	11.578000
96.525000	0.5	11.587200
96.533333	0.5	11.601600
96.541667	0.5	11.606800
96.550000	0.5	11.616900
96.558333	0.5	11.637300
96.566667	0.5	11.648250
96.575000	0.5	11.655100
96.583333	0.5	11.665950
96.591667	0.5	11.659150
96.600000	0.5	11.677950
96.608333	0.5	11.703200
96.616667	0.5	11.687700
96.625000	0.5	11.703150
96.633333	0.5	11.707250
96.641667	0.5	11.704750
96.650000	0.5	11.708850
96.658333	0.5	11.716250
96.666667	0.5	11.714050
96.675000	0.5	11.720450
96.683333	0.5	11.726750
96.691667	0.5	11.734900
96.700000	0.5	11.736750
96.708333	0.5	11.732850
96.716667	0.5	11.729050
96.725000	0.5	11.729300
96.733333	0.5	11.727650
96.741667	0.5	11.724200
96.750000	0.5	11.728450
96.758333	0.5	11.719850
96.766667	0.5	11.720200
96.775000	0.5	11.717450
96.783333	0.5	11.711800
96.791667	0.5	11.706800
96.800000	0.5	11.689300
96.808333	0.5	11.695400
96.816667	0.5	11.687250
96.825000	0.5	11.675250
96.833333	0.5	11.674100
96.841667	0.5	11.662750
96.850000	0.5	11.656150
96.858333	0.5	11.649850
96.866667	0.5	11.641800
96.875000	0.5	11.632950
96.883333	0.5	11.619300
96.891667	0.5	11.607700
96.900000	0.5	11.595950
96.908333	0.5	11.578350
96.916667	0.5	11.561100
96.925000	0.5	11.551150
96.933333	0.5	11.541950
96.941667	0.5	11.520450
96.950000	0.5	11.514950
96.958333	0.5	11.485700
96.966667	0.5	11.474350
96.975000	0.5	11.452650
96.983333	0.5	11.442400
96.991667	0.5	11.415400
97.000000	0.5	11.406350
97.008333	0.5	11.376000
97.016667	0.5	11.357750
97.025000	0.5	11.330600
97.033333	0.5	11.308500
97.041667	0.5	11.288800
97.050000	0.5	11.273600
97.058333	0.5	11.244500
97.066667	0.5	11.221850
97.075000	0.5	11.198900
97.083333	0.5	11.167900
97.091667	0.5	11.145500
97.100000	0.5	11.120050
97.108333	0.5	11.093100
97.116667	0.5	11.059550
97.125000	0.5	11.037400
97.133333	0.5	11.012500
97.141667	0.5	10.982200
97.150000	0.5	10.958350
97.158333	0.5	10.930200
97.166667	0.5	10.899650
97.175000	0.5	10.867650
97.183333	0.5	10.842850
97.191667	0.5	10.819550
97.200000	0.5	10.789400
97.208333	0.5	10.755300
97.216667	0.5	10.728200
97.225000	0.5	10.703800
97.233333	0.5	10.677900
97.241667	0.5	10.653950
97.250000	0.5	10.634750
97.258333	0.5	10.608950
97.266667	0.5	10.572500
97.275000	0.5	10.548850
97.283333	0.5	10.528350
97.291667	0.5	10.499850
97.300000	0.5	10.475600
97.308333	0.5	10.460200
97.316667	0.5	10.427850
97.325000	0.5	10.408100
97.333333	0.5	10.388650
97.341667	0.5	10.368050
97.350000	0.5	10.342250
97.358333	0.5	10.316900
97.366667	0.5	10.295950
97.375000	0.5	10.278100
97.383333	0.5	10.264550
97.391667	0.5	10.239600
97.400000	0.5	10.215650
97.408333	0.5	10.199200
97.416667	0.5	10.183350
97.425000	0.5	10.166450
97.433333	0.5	10.150300
97.441667	0.5	10.135000
97.450000	0.5	10.113550
97.458333	0.5	10.088300
97.466667	0.5	10.083250
97.475000	0.5	10.063000
97.483333	0.5	10.046950
97.491667	0.5	10.024300
97.500000	0.5	10.013300
97.508333	0.5	9.997950
97.516667	0.5	9.982600
97.525000	0.5	9.968900
97.533333	0.5	9.952200
97.541667	0.5	9.935300
97.550000	0.5	9.925450
97.558333	0.5	9.904500
97.566667	0.5	9.893850
97.575000	0.5	9.878050
97.583333	0.5	9.865650
97.591667	0.5	9.850050
97.600000	0.5	9.833600
97.608333	0.5	9.825000
97.616667	0.5	9.812250
97.625000	0.5	9.791250
97.633333	0.5	9.772950
97.641667	0.5	9.761600
97.650000	0.5	9.747300
97.658333	0.5	9.732350
97.666667	0.5	9.711700
97.675000	0.5	9.697300
97.683333	0.5	9.681700
97.691667	0.5	9.677050
97.700000	0.5	9.650800
97.708333	0.5	9.645700
97.716667	0.5	9.633250
97.725000	0.5	9.617950
97.733333	0.5	9.602200
97.741667	0.5	9.580650
97.750000	0.5	9.572800
97.758333	0.5	9.563550
97.766667	0.5	9.544150
97.775000	0.5	9.534750
97.783333	0.5	9.526200
97.791667	0.5	9.510200
97.800000	0.5	9.507100
97.808333	0.5	9.496250
97.816667	0.5	9.487400
97.825000	0.5	9.477550
97.833333	0.5	9.468500
97.841667	0.5	9.460800
97.850000	0.5	9.450900
97.858333	0.5	9.450900
97.866667	0.5	9.442800
97.875000	0.5	9.443150
97.883333	0.5	9.441800
97.891667	0.5	9.432700
97.900000	0.5	9.431000
97.908333	0.5	9.431400
97.916667	0.5	9.429500
97.925000	0.5	9.432350
97.933333	0.5	9.437700
97.941667	0.5	9.447000
97.950000	0.5	9.446200
97.958333	0.5	9.450800
97.966667	0.5	9.454050
97.975000	0.5	9.459200
97.983333	0.5	9.463900
97.991667	0.5	9.472200
98.000000	0.5	9.480300
98.008333	0.5	9.483750
98.016667	0.5	9.496150
98.025000	0.5	9.503000
98.033333	0.5	9.515350
98.041667	0.5	9.525150
98.050000	0.5	9.531450
98.058333	0.5	9.542000
98.066667	0.5	9.555350
98.075000	0.5	9.563800
98.083333	0.5	9.566950
98.091667	0.5	9.585600
98.100000	0.5	9.598800
98.108333	0.5	9.606450
98.116667	0.5	9.622000
98.125000	0.5	9.634900
98.133333	0.5	9.648500
98.141667	0.5	9.658750
98.150000	0.5	9.666750
98.158333	0.5	9.679000
98.166667	0.5	9.685750
98.175000	0.5	9.690850
98.183333	0.5	9.711200
98.191667	0.5	9.726800
98.200000	0.5	9.735200
98.208333	0.5	9.744900
98.216667	0.5	9.758900
98.225000	0.5	9.767600
98.233333	0.5	9.781000
98.241667	0.5	9.783300
98.250000	0.5	9.793450
98.258333	0.5	9.809400
98.266667	0.5	9.811000
98.275000	0.5	9.815900
98.283333	0.5	9.827800
98.291667	0.5	9.832700
98.300000	0.5	9.839050
98.308333	0.5	9.837400
98.316667	0.5	9.844050
98.325000	0.5	9.844700
98.333333	0.5	9.845400
98.341667	0.5	9.844850
98.350000	0.5	9.851250
98.358333	0.5	9.842050
98.366667	0.5	9.843100
98.375000	0.5	9.844950
98.383333	0.5	9.838650
98.391667	0.5	9.835600
98.400000	0.5	9.831750
98.408333	0.5	9.830050
98.416667	0.5	9.820000
98.425000	0.5	9.821050
98.433333	0.5	9.810600
98.441667	0.5	9.804000
98.450000	0.5	9.797850
98.458333	0.5	9.797200
98.466667	0.5	9.784450
98.475000	0.5	9.785350
98.483333	0.5	9.781650
98.491667	0.5	9.770100
98.500000	0.5	9.759850
98.508333	0.5	9.756150
98.516667	0.5	9.753850
98.525000	0.5	9.748550
98.533333	0.5	9.736150
98.541667	0.5	9.730800
98.550000	0.5	9.728650
98.558333	0.5	9.718850
98.566667	0.5	9.712150
98.575000	0.5	9.710400
98.583333	0.5	9.705900
98.591667	0.5	9.706400
98.600000	0.5	9.701350
98.608333	0.5	9.691450
98.616667	0.5	9.689500
98.625000	0.5	9.686200
98.633333	0.5	9.683500
98.641667	0.5	9.679000
98.650000	0.5	9.678600
98.658333	0.5	9.669400
98.666667	0.5	9.674100
98.675000	0.5	9.666100
98.683333	0.5	9.664850
98.691667	0.5	9.664950
98.700000	0.5	9.663100
98.708333	0.5	9.664200
98.716667	0.5	9.671650
98.725000	0.5	9.669650
98.733333	0.5	9.666600
98.741667	0.5	9.663700
98.750000	0.5	9.656300
98.758333	0.5	9.659100
98.766667	0.5	9.667550
98.775000	0.5	9.670200
98.783333	0.5	9.662150
98.791667	0.5	9.667400
98.800000	0.5	9.660250
98.808333	0.5	9.663750
98.816667	0.5	9.661750
98.825000	0.5	9.660100
98.833333	0.5	9.665300
98.841667	0.5	9.669000
98.850000	0.5	9.660350
98.858333	0.5	9.666150
98.866667	0.5	9.669600
98.875000	0.5	9.670800
98.883333	0.5	9.671050
98.891667	0.5	9.669350
98.900000	0.5	9.668200
98.908333	0.5	9.669600
98.916667	0.5	9.673550
98.925000	0.5	9.674550
98.933333	0.5	9.679200
98.941667	0.5	9.677700
98.950000	0.5	9.680450
98.958333	0.5	9.684700
98.966667	0.5	9.687000
98.975000	0.5	9.690300
98.983333	0.5	9.690300
98.991667	0.5	9.689200
99.000000	0.5	9.690600
99.008333	0.5	9.693200
99.016667	0.5	9.693650
99.025000	0.5	9.695450
99.033333	0.5	9.687200
99.041667	0.5	9.691300
99.050000	0.5	9.698500
99.058333	0.5	9.696400
99.066667	0.5	9.700900
99.075000	0.5	9.704000
99.083333	0.5	9.700000
99.091667	0.5	9.700650
99.100000	0.5	9.696650
99.108333	0.5	9.699600
99.116667	0.5	9.702550
99.125000	0.5	9.694400
99.133333	0.5	9.691350
99.141667	0.5	9.694800
99.150000	0.5	9.698200
99.158333	0.5	9.701400
99.166667	0.5	9.696750
99.175000	0.5	9.702600
99.183333	0.5	9.702550
99.191667	0.5	9.704050
99.200000	0.5	9.707650
99.208333	0.5	9.709450
99.216667	0.5	9.705300
99.225000	0.5	9.710900
99.233333	0.5	9.717450
99.241667	0.5	9.716850
99.250000	0.5	9.728700
99.258333	0.5	9.738450
99.266667	0.5	9.742500
99.275000	0.5	9.751250
99.283333	0.5	9.753850
99.291667	0.5	9.770600
99.300000	0.5	9.778600
99.308333	0.5	9.784400
99.316667	0.5	9.803400
99.325000	0.5	9.813400
99.333333	0.5	9.829500
99.341667	0.5	9.837350
99.350000	0.5	9.857500
99.358333	0.5	9.862450
99.366667	0.5	9.883650
99.375000	0.5	9.906000
99.383333	0.5	9.908950
99.391667	0.5	9.926950
99.400000	0.5	9.951000
99.408333	0.5	9.973200
99.416667	0.5	9.985450
99.425000	0.5	10.005550
99.433333	0.5	10.022500
99.441667	0.5	10.048800
99.450000	0.5	10.062300
99.458333	0.5	10.082150
99.466667	0.5	10.113850
99.475000	0.5	10.127900
99.483333	0.5	10.139300
99.491667	0.5	10.163700
99.500000	0.5	10.192150
99.508333	0.5	10.212350
99.516667	0.5	10.230200
99.525000	0.5	10.254950
99.533333	0.5	10.272950
99.541667	0.5	10.299550
99.550000	0.5	10.316000
99.558333	0.5	10.332800
99.566667	0.5	10.352700
99.575000	0.5	10.372650
99.583333	0.5	10.392300
99.591667	0.5	10.403800
99.600000	0.5	10.419850
99.608333	0.5	10.439550
99.616667	0.5	10.453150
99.625000	0.5	10.467550
99.633333	0.5	10.476100
99.641667	0.5	10.482300
99.650000	0.5	10.499700
99.658333	0.5	10.502600
99.666667	0.5	10.513450
99.675000	0.5	10.517300
99.683333	0.5	10.520150
99.691667	0.5	10.522900
99.700000	0.5	10.530100
99.708333	0.5	10.526900
99.716667	0.5	10.529200
99.725000	0.5	10.528050
99.733333	0.5	10.522400
99.741667	0.5	10.520750
99.750000	0.5	10.505500
99.758333	0.5	10.504850
99.766667	0.5	10.496350
99.775000	0.5	10.495450
99.783333	0.5	10.478100
99.791667	0.5	10.468700
99.800000	0.5	10.461650
99.808333	0.5	10.441950
99.816667	0.5	10.430000
99.825000	0.5	10.416500
99.833333	0.5	10.399950
99.841667	0.5	10.380600
99.850000	0.5	10.375600
99.858333	0.5	10.352250
99.866667	0.5	10.331900
99.875000	0.5	10.312650
99.883333	0.5	10.293700
99.891667	0.5	10.277500
99.900000	0.5	10.254850
99.908333	0.5	10.240550
99.916667	0.5	10.221800
99.925000	0.5	10.192750
99.933333	0.5	10.182600
99.941667	0.5	10.156900
99.950000	0.5	10.146000
99.958333	0.5	10.120150
99.966667	0.5	10.105150
99.975000	0.5	10.086350
99.983333	0.5	10.058100
99.991667	0.5	10.041900
100.000000	0.5	10.013400
100.008333	0.5	9.999950
100.016667	0.5	9.982300
100.025000	0.5	9.955750
100.033333	0.5	9.939300
100.041667	0.5	9.928350
100.050000	0.5	9.912900
100.058333	0.5	9.894750
100.066667	0.5	9.879750
100.075000	0.5	9.863600
100.083333	0.5	9.853600
100.091667	0.5	9.836700
100.100000	0.5	9.823950
100.108333	0.5	9.813600
100.116667	0.5	9.799700
100.125000	0.5	9.782950
100.133333	0.5	9.774000
100.141667	0.5	9.764900
100.150000	0.5	9.750100
100.158333	0.5	9.749050
100.166667	0.5	9.739800
100.175000	0.5	9.721450
100.183333	0.5	9.718400
100.191667	0.5	9.715400
100.200000	0.5	9.711100
100.208333	0.5	9.705700
100.216667	0.5	9.700400
100.225000	0.5	9.690150
100.233333	0.5	9.688050
100.241667	0.5	9.685550
100.250000	0.5	9.673050
100.258333	0.5	9.674000
100.266667	0.5	9.678150
100.275000	0.5	9.672950
100.283333	0.5	9.668650
100.291667	0.5	9.667400
100.300000	0.5	9.671150
100.308333	0.5	9.666900
100.316667	0.5	9.662600
100.325000	0.5	9.665950
100.333333	0.5	9.658800
100.341667	0.5	9.657800
100.350000	0.5	9.650350
100.358333	0.5	9.653000
100.366667	0.5	9.649250
100.375000	0.5	9.651950
100.383333	0.5	9.647300
100.391667	0.5	9.655300
100.400000	0.5	9.652900
100.408333	0.5	9.648800
100.416667	0.5	9.647700
100.425000	0.5	9.644900
100.433333	0.5	9.634750
100.441667	0.5	9.639950
100.450000	0.5	9.634700
100.458333	0.5	9.646650
100.466667	0.5	9.631800
100.475000	0.5	9.632750
100.483333	0.5	9.632450
100.491667	0.5	9.640050
100.500000	0.5	9.617050
100.508333	0.5	9.635350
100.516667	0.5	9.630050
100.525000	0.5	9.631600
100.533333	0.5	9.623300
100.541667	0.5	9.622800
100.550000	0.5	9.621700
100.558333	0.5	9.628850
100.566667	0.5	9.627200
100.575000	0.5	9.616100
100.583333	0.5	9.625600
100.591667	0.5	9.618000
100.600000	0.5	9.616650
100.608333	0.5	9.616400
100.616667	0.5	9.615050
100.625000	0.5	9.614300
100.633333	0.5	9.616250
100.641667	0.5	9.610550
100.650000	0.5	9.612250
100.658333	0.5	9.617200
100.666667	0.5	9.613100
100.675000	0.5	9.606150
100.683333	0.5	9.614400
100.691667	0.5	9.609200
100.700000	0.5	9.607800
100.708333	0.5	9.596150
100.716667	0.5	9.602200
100.725000	0.5	9.593550
100.733333	0.5	9.591050
100.741667	0.5	9.585250
100.750000	0.5	9.592500
100.758333	0.5	9.582800
100.766667	0.5	9.579650
100.775000	0.5	9.576700
100.783333	0.5	9.574100
100.791667	0.5	9.570000
100.800000	0.5	9.561000
100.808333	0.5	9.562150
100.816667	0.5	9.555100
100.825000	0.5	9.561250
100.833333	0.5	9.551600
100.841667	0.5	9.543550
100.850000	0.5	9.539100
100.858333	0.5	9.532700
100.866667	0.5	9.525400
100.875000	0.5	9.525600
100.883333	0.5	9.517900
100.891667	0.5	9.511700
100.900000	0.5	9.506150
100.908333	0.5	9.501250
100.916667	0.5	9.486550
100.925000	0.5	9.488700
100.933333	0.5	9.491400
100.941667	0.5	9.470650
100.950000	0.5	9.459050
100.958333	0.5	9.450800
100.966667	0.5	9.449100
100.975000	0.5	9.437600
100.983333	0.5	9.430850
100.991667	0.5	9.427600
101.000000	0.5	9.413450
101.008333	0.5	9.402250
101.016667	0.5	9.395350
101.025000	0.5	9.393900
101.033333	0.5	9.386450
101.041667	0.5	9.375400
101.050000	0.5	9.367450
101.058333	0.5	9.356100
101.066667	0.5	9.349450
101.075000	0.5	9.341250
101.083333	0.5	9.333550
101.091667	0.5	9.329500
101.100000	0.5	9.314450
101.108333	0.5	9.305750
101.116667	0.5	9.295900
101.125000	0.5	9.291550
101.133333	0.5	9.286200
101.141667	0.5	9.278900
101.150000	0.5	9.269350
101.158333	0.5	9.267150
101.166667	0.5	9.253100
101.175000	0.5	9.244700
101.183333	0.5	9.230400
101.191667	0.5	9.230800
101.200000	0.5	9.224250
101.208333	0.5	9.218950
101.216667	0.5	9.209250
101.225000	0.5	9.199300
101.233333	0.5	9.196050
101.241667	0.5	9.192200
101.250000	0.5	9.181200
101.258333	0.5	9.180000
101.266667	0.5	9.178100
101.275000	0.5	9.174000
101.283333	0.5	9.169550
101.291667	0.5	9.177300
101.300000	0.5	9.164700
101.308333	0.5	9.157600
101.316667	0.5	9.163150
101.325000	0.5	9.163800
101.333333	0.5	9.158800
101.341667	0.5	9.163400
101.350000	0.5	9.157950
101.358333	0.5	9.161650
101.366667	0.5	9.159900
101.375000	0.5	9.165350
101.383333	0.5	9.164850
101.391667	0.5	9.169900
101.400000	0.5	9.170500
101.408333	0.5	9.174600
101.416667	0.5	9.179400
101.425000	0.5	9.184050
101.433333	0.5	9.181750
101.441667	0.5	9.186150
101.450000	0.5	9.195150
101.458333	0.5	9.202550
101.466667	0.5	9.201050
101.475000	0.5	9.211550
101.483333	0.5	9.214000
101.491667	0.5	9.215600
101.500000	0.5	9.223900
101.508333	0.5	9.235000
101.516667	0.5	9.241800
101.525000	0.5	9.245600
101.533333	0.5	9.254100
101.541667	0.5	9.260000
101.550000	0.5	9.263900
101.558333	0.5	9.273050
101.566667	0.5	9.281600
101.575000	0.5	9.280050
101.583333	0.5	9.291250
101.591667	0.5	9.296650
101.600000	0.5	9.303000
101.608333	0.5	9.307950
101.616667	0.5	9.325650
101.625000	0.5	9.343150
101.633333	0.5	9.332300
101.641667	0.5	9.365050
101.650000	0.5	9.367950
101.658333	0.5	9.364800
101.666667	0.5	9.373900
101.675000	0.5	9.391000
101.683333	0.5	9.394250
101.691667	0.5	9.403600
101.700000	0.5	9.413900
101.708333	0.5	9.426750
101.716667	0.5	9.431300
101.725000	0.5	9.449550
101.733333	0.5	9.457400
101.741667	0.5	9.465000
101.750000	0.5	9.472200
101.758333	0.5	9.485700
101.766667	0.5	9.495850
101.775000	0.5	9.497100
101.783333	0.5	9.512300
101.791667	0.5	9.512950
101.800000	0.5	9.526900
101.808333	0.5	9.538650
101.816667	0.5	9.545300
101.825000	0.5	9.552450
101.833333	0.5	9.564250
101.841667	0.5	9.574050
101.850000	0.5	9.584400
101.858333	0.5	9.586100
101.866667	0.5	9.602200
101.875000	0.5	9.606150
101.883333	0.5	9.621850
101.891667	0.5	9.635000
101.900000	0.5	9.640500
101.908333	0.5	9.645250
101.916667	0.5	9.659350
101.925000	0.5	9.670350
101.933333	0.5	9.682250
101.941667	0.5	9.689550
101.950000	0.5	9.696350
101.958333	0.5	9.705600
101.966667	0.5	9.719650
101.975000	0.5	9.723200
101.983333	0.5	9.725400
101.991667	0.5	9.734850
102.000000	0.5	9.750750
102.008333	0.5	9.752850
102.016667	0.5	9.762150
102.025000	0.5	9.779450
102.033333	0.5	9.786200
102.041667	0.5	9.790950
102.050000	0.5	9.796900
102.058333	0.5	9.811800
102.066667	0.5	9.821000
102.075000	0.5	9.830000
102.083333	0.5	9.841100
102.091667	0.5	9.847150
102.100000	0.5	9.845500
102.108333	0.5	9.870550
102.116667	0.5	9.865250
102.125000	0.5	9.881150
102.133333	0.5	9.888400
102.141667	0.5	9.893850
102.150000	0.5	9.906500
102.158333	0.5	9.916100
102.166667	0.5	9.920800
102.175000	0.5	9.927200
102.183333	0.5	9.942550
102.191667	0.5	9.935400
102.200000	0.5	9.945350
102.208333	0.5	9.964700
102.216667	0.5	9.965850
102.225000	0.5	9.973900
102.233333	0.5	9.974750
102.241667	0.5	9.987350
102.250000	0.5	9.994400
102.258333	0.5	9.998800
102.266667	0.5	10.005600
102.275000	0.5	10.013800
102.283333	0.5	10.013350
102.291667	0.5	10.016950
102.300000	0.5	10.030600
102.308333	0.5	10.029850
102.316667	0.5	10.039550
102.325000	0.5	10.048300
102.333333	0.5	10.046900
102.341667	0.5	10.058150
102.350000	0.5	10.062800
102.358333	0.5	10.072050
102.366667	0.5	10.070200
102.375000	0.5	10.073700
102.383333	0.5	10.079000
102.391667	0.5	10.085600
102.400000	0.5	10.093700
102.408333	0.5	10.092250
102.416667	0.5	10.097950
102.425000	0.5	10.106400
102.433333	0.5	10.109850
102.441667	0.5	10.113050
102.450000	0.5	10.114550
102.458333	0.5	10.117250
102.466667	0.5	10.118900
102.475000	0.5	10.119900
102.483333	0.5	10.127000
102.491667	0.5	10.127650
102.500000	0.5	10.130200
102.508333	0.5	10.138150
102.516667	0.5	10.142550
102.525000	0.5	10.135300
102.533333	0.5	10.134450
102.541667	0.5	10.137550
102.550000	0.5	10.130800
102.558333	0.5	10.131950
102.566667	0.5	10.138100
102.575000	0.5	10.129050
102.583333	0.5	10.133950
102.591667	0.5	10.127050
102.600000	0.5	10.123650
102.608333	0.5	10.137000
102.616667	0.5	10.128300
102.625000	0.5	10.120950
102.633333	0.5	10.110950
102.641667	0.5	10.113500
102.650000	0.5	10.107500
102.658333	0.5	10.097450
102.666667	0.5	10.098700
102.675000	0.5	10.090150
102.683333	0.5	10.081850
102.691667	0.5	10.083950
102.700000	0.5	10.069450
102.708333	0.5	10.068800
102.716667	0.5	10.069150
102.725000	0.5	10.047100
102.733333	0.5	10.045900
102.741667	0.5	10.043000
102.750000	0.5	10.047800
102.758333	0.5	10.033800
102.766667	0.5	10.021100
102.775000	0.5	10.017650
102.783333	0.5	10.017950
102.791667	0.5	10.009950
102.800000	0.5	9.995000
102.808333	0.5	9.991300
102.816667	0.5	9.978450
102.825000	0.5	9.983700
102.833333	0.5	9.966700
102.841667	0.5	9.955150
102.850000	0.5	9.955050
102.858333	0.5	9.957250
102.866667	0.5	9.937200
102.875000	0.5	9.921150
102.883333	0.5	9.934600
102.891667	0.5	9.922650
102.900000	0.5	9.910550
102.908333	0.5	9.909600
102.916667	0.5	9.902350
102.925000	0.5	9.898700
102.933333	0.5	9.888600
102.941667	0.5	9.884500
102.950000	0.5	9.881750
102.958333	0.5	9.869800
102.966667	0.5	9.863050
102.975000	0.5	9.856550
102.983333	0.5	9.862400
102.991667	0.5	9.856200
103.000000	0.5	9.848000
103.008333	0.5	9.847600
103.016667	0.5	9.847350
103.025000	0.5	9.836050
103.033333	0.5	9.840500
103.041667	0.5	9.831000
103.050000	0.5	9.829700
103.058333	0.5	9.837550
103.066667	0.5	9.831650
103.075000	0.5	9.825400
103.083333	0.5	9.819550
103.091667	0.5	9.822950
103.100000	0.5	9.822350
103.108333	0.5	9.811200
103.116667	0.5	9.817150
103.125000	0.5	9.807500
103.133333	0.5	9.814150
103.141667	0.5	9.806200
103.150000	0.5	9.806700
103.158333	0.5	9.812250
103.166667	0.5	9.805000
103.175000	0.5	9.807450
103.183333	0.5	9.801550
103.191667	0.5	9.799400
103.200000	0.5	9.795150
103.208333	0.5	9.793100
103.216667	0.5	9.796050
103.225000	0.5	9.796050
103.233333	0.5	9.791350
103.241667	0.5	9.787650
103.250000	0.5	9.780200
103.258333	0.5	9.786500
103.266667	0.5	9.785750
103.275000	0.5	9.778600
103.283333	0.5	9.776500
103.291667	0.5	9.775050
103.300000	0.5	9.758550
103.308333	0.5	9.761950
103.316667	0.5	9.764750
103.325000	0.5	9.756400
103.333333	0.5	9.741400
103.341667	0.5	9.739800
103.350000	0.5	9.739450
103.358333	0.5	9.741250
103.366667	0.5	9.732450
103.375000	0.5	9.740650
103.383333	0.5	9.720450
103.391667	0.5	9.709900
103.400000	0.5	9.714600
103.408333	0.5	9.721200
103.416667	0.5	9.707300
103.425000	0.5	9.711100
103.433333	0.5	9.700100
103.441667	0.5	9.689250
103.450000	0.5	9.697750
103.458333	0.5	9.693500
103.466667	0.5	9.694250
103.475000	0.5	9.692950
103.483333	0.5	9.696500
103.491667	0.5	9.699550
103.500000	0.5	9.690900
103.508333	0.5	9.694200
103.516667	0.5	9.692100
103.525000	0.5	9.689500
103.533333	0.5	9.683050
103.541667	0.5	9.695200
103.550000	0.5	9.700050
103.558333	0.5	9.693500
103.566667	0.5	9.689850
103.575000	0.5	9.683500
103.583333	0.5	9.693600
103.591667	0.5	9.690000
103.600000	0.5	9.698250
103.608333	0.5	9.700000
103.616667	0.5	9.695850
103.625000	0.5	9.700100
103.633333	0.5	9.706950
103.641667	0.5	9.709400
103.650000	0.5	9.708050
103.658333	0.5	9.705600
103.666667	0.5	9.706200
103.675000	0.5	9.710400
103.683333	0.5	9.709600
103.691667	0.5	9.710850
103.700000	0.5	9.717350
103.708333	0.5	9.718750
103.716667	0.5	9.718500
103.725000	0.5	9.716200
103.733333	0.5	9.718650
103.741667	0.5	9.717550
103.750000	0.5	9.712050
103.758333	0.5	9.710800
103.766667	0.5	9.701750
103.775000	0.5	9.710100
103.783333	0.5	9.704100
103.791667	0.5	9.695900
103.800000	0.5	9.693300
103.808333	0.5	9.700950
103.816667	0.5	9.697650
103.825000	0.5	9.686400
103.833333	0.5	9.685800
103.841667	0.5	9.676550
103.850000	0.5	9.677150
103.858333	0.5	9.675500
103.866667	0.5	9.667250
103.875000	0.5	9.678250
103.883333	0.5	9.652350
103.891667	0.5	9.647750
103.900000	0.5	9.652000
103.908333	0.5	9.643500
103.916667	0.5	9.633700
103.925000	0.5	9.632950
103.933333	0.5	9.629550
103.941667	0.5	9.628050
103.950000	0.5	9.626800
103.958333	0.5	9.623300
103.966667	0.5	9.620400
103.975000	0.5	9.618050
103.983333	0.5	9.607950
103.991667	0.5	9.602500
104.000000	0.5	9.598100
104.008333	0.5	9.601500
104.016667	0.5	9.602950
104.025000	0.5	9.600850
104.033333	0.5	9.587900
104.041667	0.5	9.577500
104.050000	0.5	9.582500
104.058333	0.5	9.580850
104.066667	0.5	9.573650
104.075000	0.5	9.566850
104.083333	0.5	9.564550
104.091667	0.5	9.555200
104.100000	0.5	9.555800
104.108333	0.5	9.550150
104.116667	0.5	9.547250
104.125000	0.5	9.551050
104.133333	0.5	9.542100
104.141667	0.5	9.545350
104.150000	0.5	9.536750
104.158333	0.5	9.537200
104.166667	0.5	9.525150
104.175000	0.5	9.522200
104.183333	0.5	9.512400
104.191667	0.5	9.509450
104.200000	0.5	9.510150
104.208333	0.5	9.509350
104.216667	0.5	9.502950
104.225000	0.5	9.503250
104.233333	0.5	9.496300
104.241667	0.5	9.492900
104.250000	0.5	9.485100
104.258333	0.5	9.481950
104.266667	0.5	9.483850
104.275000	0.5	9.480150
104.283333	0.5	9.490350
104.291667	0.5	9.476500
104.300000	0.5	9.474100
104.308333	0.5	9.471000
104.316667	0.5	9.472350
104.325000	0.5	9.478550
104.333333	0.5	9.476150
104.341667	0.5	9.468400
104.350000	0.5	9.461800
104.358333	0.5	9.462950
104.366667	0.5	9.467850
104.375000	0.5	9.463650
104.383333	0.5	9.462300
104.391667	0.5	9.464700
104.400000	0.5	9.461700
104.408333	0.5	9.465800
104.416667	0.5	9.467750
104.425000	0.5	9.459050
104.433333	0.5	9.465450
104.441667	0.5	9.466750
104.450000	0.5	9.456100
104.458333	0.5	9.466100
104.466667	0.5	9.471000
104.475000	0.5	9.457750
104.483333	0.5	9.468800
104.491667	0.5	9.463400
104.500000	0.5	9.463000
104.508333	0.5	9.464350
104.516667	0.5	9.457900
104.525000	0.5	9.462500
104.533333	0.5	9.464950
104.541667	0.5	9.457700
104.550000	0.5	9.457600
104.558333	0.5	9.459100
104.566667	0.5	9.453450
104.575000	0.5	9.450900
104.583333	0.5	9.454550
104.591667	0.5	9.451750
104.600000	0.5	9.455900
104.608333	0.5	9.452950
104.616667	0.5	9.447300
104.625000	0.5	9.447100
104.633333	0.5	9.449050
104.641667	0.5	9.445250
104.650000	0.5	9.437750
104.658333	0.5	9.437600
104.666667	0.5	9.430400
104.675000	0.5	9.443550
104.683333	0.5	9.432150
104.691667	0.5	9.439800
104.700000	0.5	9.439900
104.708333	0.5	9.453650
104.716667	0.5	9.433800
104.725000	0.5	9.449700
104.733333	0.5	9.439500
104.741667	0.5	9.442250
104.750000	0.5	9.447350
104.758333	0.5	9.430950
104.766667	0.5	9.440500
104.775000	0.5	9.441300
104.783333	0.5	9.445900
104.791667	0.5	9.433100
104.800000	0.5	9.431100
104.808333	0.5	9.443600
104.816667	0.5	9.444250
104.825000	0.5	9.447950
104.833333	0.5	9.436650
104.841667	0.5	9.447700
104.850000	0.5	9.447550
104.858333	0.5	9.453500
104.866667	0.5	9.447250
104.875000	0.5	9.444500
104.883333	0.5	9.446350
104.891667	0.5	9.437600
104.900000	0.5	9.443100
104.908333	0.5	9.439700
104.916667	0.5	9.438150
104.925000	0.5	9.440100
104.933333	0.5	9.449000
104.941667	0.5	9.431650
104.950000	0.5	9.438100
104.958333	0.5	9.427250
104.966667	0.5	9.430650
104.975000	0.5	9.435600
104.983333	0.5	9.435500
104.991667	0.5	9.424950
105.000000	0.5	9.435850
105.008333	0.5	9.430050
105.016667	0.5	9.424300
105.025000	0.5	9.421850
105.033333	0.5	9.412200
105.041667	0.5	9.417100
105.050000	0.5	9.412200
105.058333	0.5	9.416400
105.066667	0.5	9.399200
105.075000	0.5	9.416000
105.083333	0.5	9.404650
105.091667	0.5	9.411250
105.100000	0.5	9.403600
105.108333	0.5	9.396400
105.116667	0.5	9.391650
105.125000	0.5	9.393350
105.133333	0.5	9.399500
105.141667	0.5	9.391750
105.150000	0.5	9.389350
105.158333	0.5	9.388200
105.166667	0.5	9.381600
105.175000	0.5	9.394200
105.183333	0.5	9.387050
105.191667	0.5	9.383000
105.200000	0.5	9.381050
105.208333	0.5	9.374600
105.216667	0.5	9.366200
105.225000	0.5	9.362450
105.233333	0.5	9.378700
105.241667	0.5	9.362900
105.250000	0.5	9.373900
105.258333	0.5	9.368450
105.266667	0.5	9.357350
105.275000	0.5	9.367050
105.283333	0.5	9.389650
105.291667	0.5	9.360750
105.300000	0.5	9.371050
105.308333	0.5	9.353800
105.316667	0.5	9.360750
105.325000	0.5	9.363500
105.333333	0.5	9.341750
105.341667	0.5	9.351200
105.350000	0.5	9.342350
105.358333	0.5	9.334450
105.366667	0.5	9.335650
105.375000	0.5	9.336400
105.383333	0.5	9.331600
105.391667	0.5	9.339800
105.400000	0.5	9.326150
105.408333	0.5	9.320550
105.416667	0.5	9.328300
105.425000	0.5	9.320150
105.433333	0.5	9.309000
105.441667	0.5	9.326700
105.450000	0.5	9.325350
105.458333	0.5	9.316200
105.466667	0.5	9.316950
105.475000	0.5	9.307500
105.483333	0.5	9.306300
105.491667	0.5	9.301850
105.500000	0.5	9.313350
105.508333	0.5	9.310900
105.516667	0.5	9.306350
105.525000	0.5	9.306250
105.533333	0.5	9.303800
105.541667	0.5	9.307600
105.550000	0.5	9.307750
105.558333	0.5	9.300650
105.566667	0.5	9.299100
105.575000	0.5	9.300700
105.583333	0.5	9.307300
105.591667	0.5	9.305800
105.600000	0.5	9.303850
105.608333	0.5	9.312950
105.616667	0.5	9.309700
105.625000	0.5	9.311950
105.633333	0.5	9.304550
105.641667	0.5	9.305950
105.650000	0.5	9.308050
105.658333	0.5	9.307400
105.666667	0.5	9.313300
105.675000	0.5	9.309150
105.683333	0.5	9.311350
105.691667	0.5	9.312250
105.700000	0.5	9.309200
105.708333	0.5	9.306750
105.716667	0.5	9.314650
105.725000	0.5	9.310750
105.733333	0.5	9.305400
105.741667	0.5	9.314550
105.750000	0.5	9.315150
105.758333	0.5	9.307900
105.766667	0.5	9.314100
105.775000	0.5	9.315050
105.783333	0.5	9.321500
105.791667	0.5	9.305250
105.800000	0.5	9.313150
105.808333	0.5	9.311800
105.816667	0.5	9.306300
105.825000	0.5	9.311800
105.833333	0.5	9.324250
105.841667	0.5	9.312150
105.850000	0.5	9.317250
105.858333	0.5	9.316050
105.866667	0.5	9.315050
105.875000	0.5	9.312150
105.883333	0.5	9.317850
105.891667	0.5	9.312550
105.900000	0.5	9.311750
105.908333	0.5	9.311150
105.916667	0.5	9.317700
105.925000	0.5	9.325850
105.933333	0.5	9.322650
105.941667	0.5	9.328350
105.950000	0.5	9.308900
105.958333	0.5	9.314950
105.966667	0.5	9.310650
105.975000	0.5	9.302450
105.983333	0.5	9.317950
105.991667	0.5	9.313350
106.000000	0.5	9.312000
106.008333	0.5	9.317050
106.016667	0.5	9.314150
106.025000	0.5	9.310700
106.033333	0.5	9.312150
106.041667	0.5	9.311000
106.050000	0.5	9.308850
106.058333	0.5	9.304200
106.066667	0.5	9.299700
106.075000	0.5	9.305750
106.083333	0.5	9.305300
106.091667	0.5	9.303550
106.100000	0.5	9.308900
106.108333	0.5	9.299450
106.116667	0.5	9.298450
106.125000	0.5	9.294150
106.133333	0.5	9.292000
106.141667	0.5	9.297700
106.150000	0.5	9.296800
106.158333	0.5	9.291450
106.166667	0.5	9.291950
106.175000	0.5	9.292600
106.183333	0.5	9.291950
106.191667	0.5	9.287700
106.200000	0.5	9.283950
106.208333	0.5	9.283500
106.216667	0.5	9.288550
106.225000	0.5	9.288950
106.233333	0.5	9.294500
106.241667	0.5	9.283450
106.250000	0.5	9.283250
106.258333	0.5	9.280000
106.266667	0.5	9.292100
106.275000	0.5	9.285650
106.283333	0.5	9.296800
106.291667	0.5	9.300250
106.300000	0.5	9.293300
106.308333	0.5	9.295500
106.316667	0.5	9.291900
106.325000	0.5	9.293800
106.333333	0.5	9.288750
106.341667	0.5	9.283800
106.350000	0.5	9.287600
106.358333	0.5	9.278750
106.366667	0.5	9.298700
106.375000	0.5	9.281200
106.383333	0.5	9.296350
106.391667	0.5	9.299200
106.400000	0.5	9.289800
106.408333	0.5	9.288000
106.416667	0.5	9.287300
106.425000	0.5	9.286550
106.433333	0.5	9.283600
106.441667	0.5	9.283100
106.450000	0.5	9.280050
106.458333	0.5	9.272550
106.466667	0.5	9.271000
106.475000	0.5	9.272400
106.483333	0.5	9.282250
106.491667	0.5	9.279100
106.500000	0.5	9.269550
106.508333	0.5	9.283000
106.516667	0.5	9.267750
106.525000	0.5	9.281100
106.533333	0.5	9.272050
106.541667	0.5	9.267400
106.550000	0.5	9.272850
106.558333	0.5	9.269700
106.566667	0.5	9.262400
106.575000	0.5	9.263050
106.583333	0.5	9.263100
106.591667	0.5	9.260400
106.600000	0.5	9.258850
106.608333	0.5	9.258650
106.616667	0.5	9.256700
106.625000	0.5	9.261950
106.633333	0.5	9.258300
106.641667	0.5	9.251600
106.650000	0.5	9.249550
106.658333	0.5	9.251700
106.666667	0.5	9.251850
106.675000	0.5	9.244600
106.683333	0.5	9.243250
106.691667	0.5	9.236350
106.700000	0.5	9.239350
106.708333	0.5	9.236250
106.716667	0.5	9.240900
106.725000	0.5	9.240400
106.733333	0.5	9.235200
106.741667	0.5	9.239200
106.750000	0.5	9.227550
106.758333	0.5	9.224300
106.766667	0.5	9.226000
106.775000	0.5	9.223600
106.783333	0.5	9.220250
106.791667	0.5	9.220000
106.800000	0.5	9.220000
106.808333	0.5	9.215000
106.816667	0.5	9.215750
106.825000	0.5	9.213200
106.833333	0.5	9.209950
106.841667	0.5	9.201800
106.850000	0.5	9.208700
106.858333	0.5	9.205500
106.866667	0.5	9.208900
106.875000	0.5	9.202150
106.883333	0.5	9.201200
106.891667	0.5	9.194750
106.900000	0.5	9.198500
106.908333	0.5	9.200950
106.916667	0.5	9.190500
106.925000	0.5	9.196100
106.933333	0.5	9.194200
106.941667	0.5	9.196200
106.950000	0.5	9.191300
106.958333	0.5	9.189400
106.966667	0.5	9.187550
106.975000	0.5	9.184050
106.983333	0.5	9.184700
106.991667	0.5	9.186300
107.000000	0.5	9.191000
107.008333	0.5	9.184200
107.016667	0.5	9.181300
107.025000	0.5	9.174350
107.033333	0.5	9.179650
107.041667	0.5	9.180200
107.050000	0.5	9.184500
107.058333	0.5	9.178300
107.066667	0.5	9.176300
107.075000	0.5	9.178050
107.083333	0.5	9.174000
107.091667	0.5	9.172750
107.100000	0.5	9.170100
107.108333	0.5	9.170700
107.116667	0.5	9.173900
107.125000	0.5	9.178500
107.133333	0.5	9.175300
107.141667	0.5	9.176150
107.150000	0.5	9.177250
107.158333	0.5	9.180100
107.166667	0.5	9.171700
107.175000	0.5	9.177900
107.183333	0.5	9.181050
107.191667	0.5	9.178000
107.200000	0.5	9.178800
107.208333	0.5	9.185800
107.216667	0.5	9.187800
107.225000	0.5	9.188000
107.233333	0.5	9.187950
107.241667	0.5	9.196700
107.250000	0.5	9.187700
107.258333	0.5	9.192400
107.266667	0.5	9.195700
107.275000	0.5	9.207900
107.283333	0.5	9.196350
107.291667	0.5	9.206250
107.300000	0.5	9.209850
107.308333	0.5	9.209500
107.316667	0.5	9.208000
107.325000	0.5	9.221800
107.333333	0.5	9.221350
107.341667	0.5	9.228500
107.350000	0.5	9.223650
107.358333	0.5	9.235950
107.366667	0.5	9.233600
107.375000	0.5	9.233600
107.383333	0.5	9.249350
107.391667	0.5	9.243450
107.400000	0.5	9.255250
107.408333	0.5	9.252850
107.416667	0.5	9.249400
107.425000	0.5	9.254550
107.433333	0.5	9.264050
107.441667	0.5	9.261550
107.450000	0.5	9.272550
107.458333	0.5	9.279200
107.466667	0.5	9.280450
107.475000	0.5	9.296200
107.483333	0.5	9.293950
107.491667	0.5	9.303950
107.500000	0.5	9.304250
107.508333	0.5	9.293800
107.516667	0.5	9.299600
107.525000	0.5	9.317800
107.533333	0.5	9.305400
107.541667	0.5	9.308150
107.550000	0.5	9.317900
107.558333	0.5	9.316050
107.566667	0.5	9.332200
107.575000	0.5	9.325000
107.583333	0.5	9.326400
107.591667	0.5	9.334150
107.600000	0.5	9.334700
107.608333	0.5	9.329850
107.616667	0.5	9.347300
107.625000	0.5	9.336800
107.633333	0.5	9.334000
107.641667	0.5	9.342750
107.650000	0.5	9.352350
107.658333	0.5	9.351150
107.666667	0.5	9.351250
107.675000	0.5	9.352150
107.683333	0.5	9.353900
107.691667	0.5	9.355100
107.700000	0.5	9.364800
107.708333	0.5	9.354550
107.716667	0.5	9.360600
107.725000	0.5	9.365100
107.733333	0.5	9.360300
107.741667	0.5	9.372000
107.750000	0.5	9.373200
107.758333	0.5	9.383450
107.766667	0.5	9.369700
107.775000	0.5	9.381700
107.783333	0.5	9.391450
107.791667	0.5	9.378050
107.800000	0.5	9.369250
107.808333	0.5	9.365000
107.816667	0.5	9.379250
107.825000	0.5	9.369750
107.833333	0.5	9.367350
107.841667	0.5	9.371800
107.850000	0.5	9.377750
107.858333	0.5	9.373850
107.866667	0.5	9.382150
107.875000	0.5	9.374450
107.883333	0.5	9.378900
107.891667	0.5	9.384550
107.900000	0.5	9.381550
107.908333	0.5	9.381150
107.916667	0.5	9.381500
107.925000	0.5	9.396500
107.933333	0.5	9.394150
107.941667	0.5	9.381350
107.950000	0.5	9.388700
107.958333	0.5	9.398300
107.966667	0.5	9.387700
107.975000	0.5	9.414350
107.983333	0.5	9.404250
107.991667	0.5	9.403250
108.000000	0.5	9.403300
108.008333	0.5	9.410000
108.016667	0.5	9.408250
108.025000	0.5	9.408500
108.033333	0.5	9.405150
108.041667	0.5	9.437700
108.050000	0.5	9.435900
108.058333	0.5	9.446250
108.066667	0.5	9.446650
108.075000	0.5	9.447650
108.083333	0.5	9.445400
108.091667	0.5	9.460200
108.100000	0.5	9.464600
108.108333	0.5	9.456250
108.116667	0.5	9.464400
108.125000	0.5	9.480800
108.133333	0.5	9.497200
108.141667	0.5	9.500500
108.150000	0.5	9.494450
108.158333	0.5	9.505050
108.166667	0.5	9.513050
108.175000	0.5	9.512400
108.183333	0.5	9.528850
108.191667	0.5	9.521900
108.200000	0.5	9.522250
108.208333	0.5	9.529950
108.216667	0.5	9.545000
108.225000	0.5	9.531650
108.233333	0.5	9.541800
108.241667	0.5	9.556300
108.250000	0.5	9.545600
108.258333	0.5	9.550400
108.266667	0.5	9.550400
108.275000	0.5	9.561300
108.283333	0.5	9.561950
108.291667	0.5	9.565250
108.300000	0.5	9.561300
108.308333	0.5	9.558600
108.316667	0.5	9.560850
108.325000	0.5	9.558800
108.333333	0.5	9.542850
108.341667	0.5	9.543400
108.350000	0.5	9.548250
108.358333	0.5	9.539350
108.366667	0.5	9.548750
108.375000	0.5	9.543750
108.383333	0.5	9.545900
108.391667	0.5	9.531200
108.400000	0.5	9.521100
108.408333	0.5	9.526750
108.416667	0.5	9.521300
108.425000	0.5	9.510750
108.433333	0.5	9.509300
108.441667	0.5	9.494200
108.450000	0.5	9.495450
108.458333	0.5	9.493950
108.466667	0.5	9.493800
108.475000	0.5	9.482500
108.483333	0.5	9.475700
108.491667	0.5	9.474900
108.500000	0.5	9.464850
108.508333	0.5	9.465400
108.516667	0.5	9.457250
108.525000	0.5	9.453400
108.533333	0.5	9.449000
108.541667	0.5	9.442200
108.550000	0.5	9.440700
108.558333	0.5	9.431800
108.566667	0.5	9.427000
108.575000	0.5	9.418950
108.583333	0.5	9.422800
108.591667	0.5	9.417450
108.600000	0.5	9.408000
108.608333	0.5	9.401050
108.616667	0.5	9.402900
108.625000	0.5	9.394750
108.633333	0.5	9.381450
108.641667	0.5	9.377500
108.650000	0.5	9.367650
108.658333	0.5	9.365000
108.666667	0.5	9.360050
108.675000	0.5	9.355650
108.683333	0.5	9.346250
108.691667	0.5	9.348600
108.700000	0.5	9.331500
108.708333	0.5	9.327650
108.716667	0.5	9.321400
108.725000	0.5	9.312800
108.733333	0.5	9.305400
108.741667	0.5	9.302600
108.750000	0.5	9.288950
108.758333	0.5	9.291700
108.766667	0.5	9.275800
108.775000	0.5	9.279400
108.783333	0.5	9.269700
108.791667	0.5	9.248000
108.800000	0.5	9.251300
108.808333	0.5	9.248500
108.816667	0.5	9.231300
108.825000	0.5	9.222100
108.833333	0.5	9.221050
108.841667	0.5	9.213800
108.850000	0.5	9.208200
108.858333	0.5	9.213600
108.866667	0.5	9.208350
108.875000	0.5	9.203950
108.883333	0.5	9.200150
108.891667	0.5	9.190300
108.900000	0.5	9.183700
108.908333	0.5	9.175950
108.916667	0.5	9.176750
108.925000	0.5	9.162250
108.933333	0.5	9.170300
108.941667	0.5	9.171500
108.950000	0.5	9.159000
108.958333	0.5	9.149800
108.966667	0.5	9.168300
108.975000	0.5	9.160850
108.983333	0.5	9.153700
108.991667	0.5	9.153000
109.000000	0.5	9.152700
109.008333	0.5	9.147200
109.016667	0.5	9.138000
109.025000	0.5	9.130850
109.033333	0.5	9.125050
109.041667	0.5	9.133100
109.050000	0.5	9.126000
109.058333	0.5	9.136300
109.066667	0.5	9.132150
109.075000	0.5	9.126500
109.083333	0.5	9.118100
109.091667	0.5	9.126600
109.100000	0.5	9.125000
109.108333	0.5	9.126100
109.116667	0.5	9.128100
109.125000	0.5	9.118200
109.133333	0.5	9.132700
109.141667	0.5	9.125100
109.150000	0.5	9.126800
109.158333	0.5	9.123100
109.166667	0.5	9.132700
109.175000	0.5	9.117300
109.183333	0.5	9.118000
109.191667	0.5	9.127850
109.200000	0.5	9.128700
109.208333	0.5	9.122450
109.216667	0.5	9.126350
109.225000	0.5	9.132850
109.233333	0.5	9.124600
109.241667	0.5	9.124150
109.250000	0.5	9.129050
109.258333	0.5	9.133300
109.266667	0.5	9.137050
109.275000	0.5	9.130750
109.283333	0.5	9.139700
109.291667	0.5	9.139550
109.300000	0.5	9.136950
109.308333	0.5	9.142000
109.316667	0.5	9.138350
109.325000	0.5	9.143850
109.333333	0.5	9.147950
109.341667	0.5	9.146700
109.350000	0.5	9.152950
109.358333	0.5	9.153850
109.366667	0.5	9.151300
109.375000	0.5	9.162100
109.383333	0.5	9.167450
109.391667	0.5	9.164050
109.400000	0.5	9.174300
109.408333	0.5	9.179300
109.416667	0.5	9.178350
109.425000	0.5	9.176400
109.433333	0.5	9.181650
109.441667	0.5	9.190650
109.450000	0.5	9.196350
109.458333	0.5	9.202050
109.466667	0.5	9.194600
109.475000	0.5	9.210150
109.483333	0.5	9.218750
109.491667	0.5	9.218150
109.500000	0.5	9.220650
109.508333	0.5	9.219750
109.516667	0.5	9.233350
109.525000	0.5	9.240500
109.533333	0.5	9.245400
109.541667	0.5	9.248900
109.550000	0.5	9.246950
109.558333	0.5	9.256850
109.566667	0.5	9.260100
109.575000	0.5	9.276750
109.583333	0.5	9.277250
109.591667	0.5	9.272400
109.600000	0.5	9.282700
109.608333	0.5	9.281350
109.616667	0.5	9.294900
109.625000	0.5	9.293250
109.633333	0.5	9.298450
109.641667	0.5	9.301000
109.650000	0.5	9.317950
109.658333	0.5	9.305900
109.666667	0.5	9.319550
109.675000	0.5	9.313600
109.683333	0.5	9.323000
109.691667	0.5	9.337100
109.700000	0.5	9.327350
109.708333	0.5	9.339450
109.716667	0.5	9.335050
109.725000	0.5	9.348450
109.733333	0.5	9.344550
109.741667	0.5	9.348900
109.750000	0.5	9.357650
109.758333	0.5	9.358450
109.766667	0.5	9.360400
109.775000	0.5	9.361950
109.783333	0.5	9.367800
109.791667	0.5	9.362900
109.800000	0.5	9.365350
109.808333	0.5	9.380800
109.816667	0.5	9.376950
109.825000	0.5	9.381500
109.833333	0.5	9.383900
109.841667	0.5	9.391950
109.850000	0.5	9.391050
109.858333	0.5	9.395600
109.866667	0.5	9.403850
109.875000	0.5	9.403750
109.883333	0.5	9.415200
109.891667	0.5	9.411150
109.900000	0.5	9.414400
109.908333	0.5	9.422100
109.916667	0.5	9.423100
109.925000	0.5	9.425850
109.933333	0.5	9.421350
109.941667	0.5	9.431050
109.950000	0.5	9.436900
109.958333	0.5	9.436250
109.966667	0.5	9.443150
109.975000	0.5	9.447350
109.983333	0.5	9.445800
109.991667	0.5	9.444900
110.000000	0.5	9.447900
110.008333	0.5	9.454450
110.016667	0.5	9.458000
110.025000	0.5	9.450450
110.033333	0.5	9.456150
110.041667	0.5	9.459600
110.050000	0.5	9.458950
110.058333	0.5	9.463400
110.066667	0.5	9.466550
110.075000	0.5	9.462400
110.083333	0.5	9.462050
110.091667	0.5	9.467300
110.100000	0.5	9.466400
110.108333	0.5	9.466000
110.116667	0.5	9.468200
110.125000	0.5	9.468800
110.133333	0.5	9.464450
110.141667	0.5	9.471100
110.150000	0.5	9.473350
110.158333	0.5	9.474250
110.166667	0.5	9.467400
110.175000	0.5	9.477350
110.183333	0.5	9.464350
110.191667	0.5	9.463350
110.200000	0.5	9.468950
110.208333	0.5	9.470200
110.216667	0.5	9.471600
110.225000	0.5	9.466550
110.233333	0.5	9.466400
110.241667	0.5	9.472550
110.250000	0.5	9.470300
110.258333	0.5	9.477300
110.266667	0.5	9.475350
110.275000	0.5	9.480450
110.283333	0.5	9.479600
110.291667	0.5	9.482300
110.300000	0.5	9.480950
110.308333	0.5	9.481600
110.316667	0.5	9.481000
110.325000	0.5	9.473350
110.333333	0.5	9.479600
110.341667	0.5	9.485600
110.350000	0.5	9.495400
110.358333	0.5	9.489900
110.366667	0.5	9.480750
110.375000	0.5	9.481100
110.383333	0.5	9.493200
110.391667	0.5	9.496150
110.400000	0.5	9.487300
110.408333	0.5	9.492300
110.416667	0.5	9.489750
110.425000	0.5	9.483900
110.433333	0.5	9.491600
110.441667	0.5	9.485650
110.450000	0.5	9.482200
110.458333	0.5	9.486900
110.466667	0.5	9.487500
110.475000	0.5	9.472000
110.483333	0.5	9.471650
110.491667	0.5	9.468750
110.500000	0.5	9.463550
110.508333	0.5	9.460550
110.516667	0.5	9.455700
110.525000	0.5	9.454650
110.533333	0.5	9.456250
110.541667	0.5	9.452450
110.550000	0.5	9.447750
110.558333	0.5	9.450750
110.566667	0.5	9.442500
110.575000	0.5	9.441350
110.583333	0.5	9.437000
110.591667	0.5	9.435950
110.600000	0.5	9.435850
110.608333	0.5	9.427500
110.616667	0.5	9.425700
110.625000	0.5	9.421450
110.633333	0.5	9.418850
110.641667	0.5	9.416050
110.650000	0.5	9.418550
110.658333	0.5	9.409700
110.666667	0.5	9.415450
110.675000	0.5	9.422450
110.683333	0.5	9.402300
110.691667	0.5	9.403150
110.700000	0.5	9.395500
110.708333	0.5	9.394750
110.716667	0.5	9.401400
110.725000	0.5	9.394000
110.733333	0.5	9.383500
110.741667	0.5	9.382700
110.750000	0.5	9.385900
110.758333	0.5	9.386650
110.766667	0.5	9.365500
110.775000	0.5	9.374600
110.783333	0.5	9.370450
110.791667	0.5	9.384100
110.800000	0.5	9.364500
110.808333	0.5	9.369450
110.816667	0.5	9.361750
110.825000	0.5	9.361500
110.833333	0.5	9.368100
110.841667	0.5	9.366850
110.850000	0.5	9.348450
110.858333	0.5	9.351650
110.866667	0.5	9.335400
110.875000	0.5	9.331350
110.883333	0.5	9.345650
110.891667	0.5	9.349450
110.900000	0.5	9.344900
110.908333	0.5	9.335450
110.916667	0.5	9.326850
110.925000	0.5	9.331200
110.933333	0.5	9.318950
110.941667	0.5	9.334600
110.950000	0.5	9.326850
110.958333	0.5	9.334200
110.966667	0.5	9.324750
110.975000	0.5	9.319400
110.983333	0.5	9.315300
110.991667	0.5	9.319050
111.000000	0.5	9.307550
111.008333	0.5	9.306750
111.016667	0.5	9.304100
111.025000	0.5	9.313300
111.033333	0.5	9.310600
111.041667	0.5	9.314100
111.050000	0.5	9.302200
111.058333	0.5	9.310150
111.066667	0.5	9.308950
111.075000	0.5	9.308750
111.083333	0.5	9.319350
111.091667	0.5	9.308900
111.100000	0.5	9.320150
111.108333	0.5	9.314200
111.116667	0.5	9.308050
111.125000	0.5	9.307400
111.133333	0.5	9.302350
111.141667	0.5	9.299600
111.150000	0.5	9.305200
111.158333	0.5	9.297100
111.166667	0.5	9.301950
111.175000	0.5	9.308250
111.183333	0.5	9.300550
111.191667	0.5	9.307550
111.200000	0.5	9.296900
111.208333	0.5	9.306500
111.216667	0.5	9.309350
111.225000	0.5	9.309600
111.233333	0.5	9.306900
111.241667	0.5	9.313000
111.250000	0.5	9.299650
111.258333	0.5	9.311850
111.266667	0.5	9.312950
111.275000	0.5	9.313800
111.283333	0.5	9.310900
111.291667	0.5	9.311850
111.300000	0.5	9.313550
111.308333	0.5	9.315350
111.316667	0.5	9.321250
111.325000	0.5	9.326300
111.333333	0.5	9.312750
111.341667	0.5	9.326550
111.350000	0.5	9.317800
111.358333	0.5	9.327700
111.366667	0.5	9.314100
111.375000	0.5	9.316100
111.383333	0.5	9.330750
111.391667	0.5	9.326500
111.400000	0.5	9.331100
111.408333	0.5	9.326250
111.416667	0.5	9.325250
111.425000	0.5	9.327950
111.433333	0.5	9.323450
111.441667	0.5	9.334400
111.450000	0.5	9.330050
111.458333	0.5	9.337850
111.466667	0.5	9.338950
111.475000	0.5	9.336750
111.483333	0.5	9.334650
111.491667	0.5	9.340200
111.500000	0.5	9.339900
111.508333	0.5	9.336850
111.516667	0.5	9.333100
111.525000	0.5	9.337150
111.533333	0.5	9.344750
111.541667	0.5	9.335650
111.550000	0.5	9.341200
111.558333	0.5	9.342050
111.566667	0.5	9.344000
111.575000	0.5	9.346850
111.583333	0.5	9.342450
111.591667	0.5	9.348050
111.600000	0.5	9.338800
111.608333	0.5	9.354750
111.616667	0.5	9.355850
111.625000	0.5	9.356850
111.633333	0.5	9.356600
111.641667	0.5	9.356100
111.650000	0.5	9.358550
111.658333	0.5	9.360250
111.666667	0.5	9.366750
111.675000	0.5	9.363800
111.683333	0.5	9.365750
111.691667	0.5	9.365800
111.700000	0.5	9.367300
111.708333	0.5	9.381050
111.716667	0.5	9.382900
111.725000	0.5	9.384200
111.733333	0.5	9.387450
111.741667	0.5	9.382900
111.750000	0.5	9.392000
111.758333	0.5	9.390550
111.766667	0.5	9.391350
111.775000	0.5	9.396650
111.783333	0.5	9.403150
111.791667	0.5	9.400400
111.800000	0.5	9.396900
111.808333	0.5	9.401550
111.816667	0.5	9.400850
111.825000	0.5	9.404350
111.833333	0.5	9.399900
111.841667	0.5	9.405600
111.850000	0.5	9.405100
111.858333	0.5	9.401600
111.866667	0.5	9.403350
111.875000	0.5	9.405150
111.883333	0.5	9.411550
111.891667	0.5	9.413600
111.900000	0.5	9.400800
111.908333	0.5	9.421000
111.916667	0.5	9.413350
111.925000	0.5	9.415400
111.933333	0.5	9.419650
111.941667	0.5	9.418250
111.950000	0.5	9.419200
111.958333	0.5	9.426850
111.966667	0.5	9.430300
111.975000	0.5	9.432850
111.983333	0.5	9.429000
111.991667	0.5	9.438700
112.000000	0.5	9.435350
112.008333	0.5	9.428350
112.016667	0.5	9.443950
112.025000	0.5	9.433300
112.033333	0.5	9.435150
112.041667	0.5	9.447750
112.050000	0.5	9.447250
112.058333	0.5	9.458800
112.066667	0.5	9.452600
112.075000	0.5	9.449550
112.083333	0.5	9.471350
112.091667	0.5	9.471050
112.100000	0.5	9.472750
112.108333	0.5	9.467000
112.116667	0.5	9.477750
112.125000	0.5	9.479350
112.133333	0.5	9.482500
112.141667	0.5	9.480250
112.150000	0.5	9.490050
112.158333	0.5	9.487650
112.166667	0.5	9.489500
112.175000	0.5	9.504100
112.183333	0.5	9.496000
112.191667	0.5	9.489650
112.200000	0.5	9.492650
112.208333	0.5	9.499200
112.216667	0.5	9.487800
112.225000	0.5	9.499450
112.233333	0.5	9.489100
112.241667	0.5	9.492300
112.250000	0.5	9.496550
112.258333	0.5	9.499150
112.266667	0.5	9.505050
112.275000	0.5	9.505950
112.283333	0.5	9.494750
112.291667	0.5	9.501100
112.300000	0.5	9.494050
112.308333	0.5	9.507000
112.316667	0.5	9.497250
112.325000	0.5	9.507150
112.333333	0.5	9.510000
112.341667	0.5	9.513900
112.350000	0.5	9.504450
112.358333	0.5	9.515000
112.366667	0.5	9.511750
112.375000	0.5	9.516000
112.383333	0.5	9.516200
112.391667	0.5	9.525700
112.400000	0.5	9.521650
112.408333	0.5	9.518300
112.416667	0.5	9.529550
112.425000	0.5	9.534850
112.433333	0.5	9.529450
112.441667	0.5	9.526900
112.450000	0.5	9.545500
112.458333	0.5	9.548050
112.466667	0.5	9.538700
112.475000	0.5	9.549750
112.483333	0.5	9.543100
112.491667	0.5	9.550400
112.500000	0.5	9.546700
112.508333	0.5	9.541500
112.516667	0.5	9.551950
112.525000	0.5	9.544950
112.533333	0.5	9.564050
112.541667	0.5	9.566100
112.550000	0.5	9.564200
112.558333	0.5	9.560150
112.566667	0.5	9.563900
112.575000	0.5	9.562300
112.583333	0.5	9.567700
112.591667	0.5	9.558650
112.600000	0.5	9.570300
112.608333	0.5	9.562300
112.616667	0.5	9.567400
112.625000	0.5	9.564750
112.633333	0.5	9.578850
112.641667	0.5	9.567000
112.650000	0.5	9.588050
112.658333	0.5	9.578400
112.666667	0.5	9.589100
112.675000	0.5	9.584950
112.683333	0.5	9.583950
112.691667	0.5	9.579600
112.700000	0.5	9.583900
112.708333	0.5	9.592500
112.716667	0.5	9.596200
112.725000	0.5	9.579850
112.733333	0.5	9.583500
112.741667	0.5	9.587550
112.750000	0.5	9.597750
112.758333	0.5	9.582900
112.766667	0.5	9.593650
112.775000	0.5	9.601200
112.783333	0.5	9.590350
112.791667	0.5	9.603500
112.800000	0.5	9.606950
112.808333	0.5	9.600450
112.816667	0.5	9.606550
112.825000	0.5	9.626900
112.833333	0.5	9.620450
112.841667	0.5	9.617600
112.850000	0.5	9.631500
112.858333	0.5	9.619250
112.866667	0.5	9.628450
112.875000	0.5	9.625050
112.883333	0.5	9.628000
112.891667	0.5	9.640750
112.900000	0.5	9.650750
112.908333	0.5	9.639500
112.916667	0.5	9.651050
112.925000	0.5	9.645650
112.933333	0.5	9.661500
112.941667	0.5	9.652500
112.950000	0.5	9.668850
112.958333	0.5	9.661950
112.966667	0.5	9.675250
112.975000	0.5	9.672350
112.983333	0.5	9.665100
112.991667	0.5	9.678050
113.000000	0.5	9.683950
113.008333	0.5	9.682100
113.016667	0.5	9.696700
113.025000	0.5	9.707450
113.033333	0.5	9.706350
113.041667	0.5	9.714400
113.050000	0.5	9.701900
113.058333	0.5	9.724450
113.066667	0.5	9.723000
113.075000	0.5	9.736050
113.083333	0.5	9.734300
113.091667	0.5	9.731150
113.100000	0.5	9.733150
113.108333	0.5	9.744100
113.116667	0.5	9.748650
113.125000	0.5	9.747650
113.133333	0.5	9.765650
113.141667	0.5	9.769900
113.150000	0.5	9.765100
113.158333	0.5	9.787250
113.166667	0.5	9.787500
113.175000	0.5	9.770650
113.183333	0.5	9.774950
113.191667	0.5	9.776250
113.200000	0.5	9.775200
113.208333	0.5	9.785100
113.216667	0.5	9.784800
113.225000	0.5	9.779350
113.233333	0.5	9.794350
113.241667	0.5	9.783250
113.250000	0.5	9.784950
113.258333	0.5	9.793600
113.266667	0.5	9.781200
113.275000	0.5	9.792850
113.283333	0.5	9.792700
113.291667	0.5	9.803200
113.300000	0.5	9.787800
113.308333	0.5	9.789100
113.316667	0.5	9.777300
113.325000	0.5	9.789600
113.333333	0.5	9.790000
113.341667	0.5	9.778600
113.350000	0.5	9.769600
113.358333	0.5	9.768500
113.366667	0.5	9.765900
113.375000	0.5	9.766050
113.383333	0.5	9.754050
113.391667	0.5	9.756550
113.400000	0.5	9.751350
113.408333	0.5	9.755250
113.416667	0.5	9.750650
113.425000	0.5	9.747250
113.433333	0.5	9.748100
113.441667	0.5	9.754100
113.450000	0.5	9.742450
113.458333	0.5	9.748950
113.466667	0.5	9.725550
113.475000	0.5	9.732550
113.483333	0.5	9.730900
113.491667	0.5	9.727450
113.500000	0.5	9.718350
113.508333	0.5	9.727600
113.516667	0.5	9.705100
113.525000	0.5	9.702350
113.533333	0.5	9.701500
113.541667	0.5	9.701300
113.550000	0.5	9.689950
113.558333	0.5	9.708400
113.566667	0.5	9.701550
113.575000	0.5	9.681150
113.583333	0.5	9.672400
113.591667	0.5	9.684300
113.600000	0.5	9.676800
113.608333	0.5	9.670450
113.616667	0.5	9.666100
113.625000	0.5	9.661750
113.633333	0.5	9.653200
113.641667	0.5	9.649050
113.650000	0.5	9.646750
113.658333	0.5	9.646350
113.666667	0.5	9.638800
113.675000	0.5	9.632900
113.683333	0.5	9.633800
113.691667	0.5	9.627600
113.700000	0.5	9.619300
113.708333	0.5	9.617050
113.716667	0.5	9.617850
113.725000	0.5	9.608250
113.733333	0.5	9.612550
113.741667	0.5	9.606100
113.750000	0.5	9.607000
113.758333	0.5	9.598550
113.766667	0.5	9.600900
113.775000	0.5	9.602700
113.783333	0.5	9.588100
113.791667	0.5	9.584800
113.800000	0.5	9.582350
113.808333	0.5	9.583600
113.816667	0.5	9.582650
113.825000	0.5	9.590600
113.833333	0.5	9.586000
113.841667	0.5	9.568900
113.850000	0.5	9.562800
113.858333	0.5	9.567300
113.866667	0.5	9.570500
113.875000	0.5	9.563500
113.883333	0.5	9.573400
113.891667	0.5	9.570350
113.900000	0.5	9.566350
113.908333	0.5	9.550250
113.916667	0.5	9.551750
113.925000	0.5	9.551200
113.933333	0.5	9.553200
113.941667	0.5	9.548550
113.950000	0.5	9.542450
113.958333	0.5	9.540350
113.966667	0.5	9.548950
113.975000	0.5	9.535400
113.983333	0.5	9.547350
113.991667	0.5	9.544950
114.000000	0.5	9.535450
114.008333	0.5	9.543550
114.016667	0.5	9.543350
114.025000	0.5	9.541000
114.033333	0.5	9.539900
114.041667	0.5	9.539400
114.050000	0.5	9.538750
114.058333	0.5	9.547100
114.066667	0.5	9.543150
114.075000	0.5	9.540750
114.083333	0.5	9.541500
114.091667	0.5	9.542000
114.100000	0.5	9.540050
114.108333	0.5	9.540750
114.116667	0.5	9.535200
114.125000	0.5	9.542700
114.133333	0.5	9.548200
114.141667	0.5	9.546200
114.150000	0.5	9.546650
114.158333	0.5	9.553550
114.166667	0.5	9.547050
114.175000	0.5	9.547400
114.183333	0.5	9.558700
114.191667	0.5	9.550850
114.200000	0.5	9.548550
114.208333	0.5	9.547450
114.216667	0.5	9.547700
114.225000	0.5	9.544850
114.233333	0.5	9.552100
114.241667	0.5	9.554900
114.250000	0.5	9.554650
114.258333	0.5	9.561650
114.266667	0.5	9.551200
114.275000	0.5	9.549600
114.283333	0.5	9.558750
114.291667	0.5	9.558800
114.300000	0.5	9.554650
114.308333	0.5	9.561300
114.316667	0.5	9.560450
114.325000	0.5	9.543450
114.333333	0.5	9.554250
114.341667	0.5	9.546350
114.350000	0.5	9.551250
114.358333	0.5	9.544700
114.366667	0.5	9.547400
114.375000	0.5	9.546500
114.383333	0.5	9.555500
114.391667	0.5	9.545400
114.400000	0.5	9.542150
114.408333	0.5	9.539350
114.416667	0.5	9.549950
114.425000	0.5	9.531100
114.433333	0.5	9.530200
114.441667	0.5	9.549400
114.450000	0.5	9.539000
114.458333	0.5	9.537450
114.466667	0.5	9.530900
114.475000	0.5	9.540150
114.483333	0.5	9.540750
114.491667	0.5	9.538000
114.500000	0.5	9.528750
114.508333	0.5	9.532250
114.516667	0.5	9.541700
114.525000	0.5	9.538050
114.533333	0.5	9.533650
114.541667	0.5	9.530450
114.550000	0.5	9.532250
114.558333	0.5	9.533950
114.566667	0.5	9.544600
114.575000	0.5	9.532800
114.583333	0.5	9.530150
114.591667	0.5	9.522800
114.600000	0.5	9.518050
114.608333	0.5	9.517600
114.616667	0.5	9.539550
114.625000	0.5	9.540200
114.633333	0.5	9.512950
114.641667	0.5	9.513000
114.650000	0.5	9.523400
114.658333	0.5	9.516350
114.666667	0.5	9.512450
114.675000	0.5	9.506200
114.683333	0.5	9.508500
114.691667	0.5	9.503500
114.700000	0.5	9.500600
114.708333	0.5	9.503350
114.716667	0.5	9.499050
114.725000	0.5	9.488950
114.733333	0.5	9.487750
114.741667	0.5	9.491600
114.750000	0.5	9.485700
114.758333	0.5	9.480050
114.766667	0.5	9.484350
114.775000	0.5	9.472600
114.783333	0.5	9.466950
114.791667	0.5	9.456500
114.800000	0.5	9.461400
114.808333	0.5	9.458950
114.816667	0.5	9.442250
114.825000	0.5	9.453700
114.833333	0.5	9.444900
114.841667	0.5	9.454700
114.850000	0.5	9.437000
114.858333	0.5	9.433250
114.866667	0.5	9.436000
114.875000	0.5	9.433300
114.883333	0.5	9.422950
114.891667	0.5	9.426850
114.900000	0.5	9.414500
114.908333	0.5	9.416000
114.916667	0.5	9.421350
114.925000	0.5	9.423300
114.933333	0.5	9.396950
114.941667	0.5	9.399150
114.950000	0.5	9.403600
114.958333	0.5	9.401750
114.966667	0.5	9.392100
114.975000	0.5	9.375850
114.983333	0.5	9.387250
114.991667	0.5	9.388100
115.000000	0.5	9.389800
115.008333	0.5	9.382350
115.016667	0.5	9.372650
115.025000	0.5	9.368300
115.033333	0.5	9.357600
115.041667	0.5	9.360600
115.050000	0.5	9.379250
115.058333	0.5	9.359150
115.066667	0.5	9.362300
115.075000	0.5	9.367850
115.083333	0.5	9.357000
115.091667	0.5	9.350850
115.100000	0.5	9.362950
115.108333	0.5	9.345050
115.116667	0.5	9.351000
115.125000	0.5	9.348550
115.133333	0.5	9.338550
115.141667	0.5	9.340400
115.150000	0.5	9.331350
115.158333	0.5	9.339500
115.166667	0.5	9.325450
115.175000	0.5	9.321500
115.183333	0.5	9.328150
115.191667	0.5	9.319750
115.200000	0.5	9.338300
115.208333	0.5	9.328950
115.216667	0.5	9.319800
115.225000	0.5	9.324500
115.233333	0.5	9.317850
115.241667	0.5	9.313650
115.250000	0.5	9.313600
115.258333	0.5	9.308450
115.266667	0.5	9.319000
115.275000	0.5	9.304150
115.283333	0.5	9.309800
115.291667	0.5	9.310800
115.300000	0.5	9.308400
115.308333	0.5	9.303200
115.316667	0.5	9.311150
115.325000	0.5	9.304550
115.333333	0.5	9.307200
115.341667	0.5	9.296400
115.350000	0.5	9.303900
115.358333	0.5	9.297100
115.366667	0.5	9.288700
115.375000	0.5	9.289550
115.383333	0.5	9.291550
115.391667	0.5	9.287100
115.400000	0.5	9.283200
115.408333	0.5	9.280900
115.416667	0.5	9.289650
115.425000	0.5	9.290900
115.433333	0.5	9.283600
115.441667	0.5	9.279400
115.450000	0.5	9.284650
115.458333	0.5	9.275400
115.466667	0.5	9.272500
115.475000	0.5	9.279050
115.483333	0.5	9.279400
115.491667	0.5	9.268450
115.500000	0.5	9.271400
115.508333	0.5	9.264500
115.516667	0.5	9.258400
115.525000	0.5	9.258750
115.533333	0.5	9.259900
115.541667	0.5	9.253750
115.550000	0.5	9.262750
115.558333	0.5	9.254950
115.566667	0.5	9.252400
115.575000	0.5	9.252200
115.583333	0.5	9.247550
115.591667	0.5	9.239350
115.600000	0.5	9.251500
115.608333	0.5	9.241700
115.616667	0.5	9.234800
115.625000	0.5	9.236000
115.633333	0.5	9.236650
115.641667	0.5	9.231200
115.650000	0.5	9.230550
115.658333	0.5	9.231700
115.666667	0.5	9.231300
115.675000	0.5	9.227050
115.683333	0.5	9.226150
115.691667	0.5	9.219000
115.700000	0.5	9.217600
115.708333	0.5	9.217300
115.716667	0.5	9.218550
115.725000	0.5	9.217750
115.733333	0.5	9.216600
115.741667	0.5	9.208800
115.750000	0.5	9.213300
115.758333	0.5	9.207500
115.766667	0.5	9.216450
115.775000	0.5	9.202950
115.783333	0.5	9.206000
115.791667	0.5	9.198550
115.800000	0.5	9.210350
115.808333	0.5	9.203250
115.816667	0.5	9.199850
115.825000	0.5	9.195150
115.833333	0.5	9.199150
115.841667	0.5	9.197150
115.850000	0.5	9.197100
115.858333	0.5	9.194900
115.866667	0.5	9.188900
115.875000	0.5	9.196650
115.883333	0.5	9.189650
115.891667	0.5	9.190450
115.900000	0.5	9.186500
115.908333	0.5	9.182950
115.916667	0.5	9.180250
115.925000	0.5	9.170850
115.933333	0.5	9.180150
115.941667	0.5	9.172950
115.950000	0.5	9.193850
115.958333	0.5	9.176550
115.966667	0.5	9.173350
115.975000	0.5	9.168800
115.983333	0.5	9.172750
115.991667	0.5	9.172500
116.000000	0.5	9.162650
116.008333	0.5	9.167100
116.016667	0.5	9.170750
116.025000	0.5	9.153650
116.033333	0.5	9.146600
116.041667	0.5	9.160200
116.050000	0.5	9.162950
116.058333	0.5	9.158850
116.066667	0.5	9.157800
116.075000	0.5	9.154050
116.083333	0.5	9.152250
116.091667	0.5	9.144850
116.100000	0.5	9.147150
116.108333	0.5	9.143100
116.116667	0.5	9.149850
116.125000	0.5	9.145300
116.133333	0.5	9.137800
116.141667	0.5	9.139900
116.150000	0.5	9.129200
116.158333	0.5	9.131100
116.166667	0.5	9.125500
116.175000	0.5	9.133750
116.183333	0.5	9.134950
116.191667	0.5	9.137900
116.200000	0.5	9.125450
116.208333	0.5	9.119250
116.216667	0.5	9.127650
116.225000	0.5	9.121650
116.233333	0.5	9.114000
116.241667	0.5	9.106850
116.250000	0.5	9.106700
116.258333	0.5	9.111900
116.266667	0.5	9.112300
116.275000	0.5	9.109200
116.283333	0.5	9.102250
116.291667	0.5	9.102900
116.300000	0.5	9.098950
116.308333	0.5	9.097500
116.316667	0.5	9.099000
116.325000	0.5	9.086400
116.333333	0.5	9.080050
116.341667	0.5	9.084000
116.350000	0.5	9.079650
116.358333	0.5	9.080550
116.366667	0.5	9.079450
116.375000	0.5	9.078000
116.383333	0.5	9.075900
116.391667	0.5	9.061500
116.400000	0.5	9.071700
116.408333	0.5	9.076200
116.416667	0.5	9.069250
116.425000	0.5	9.063300
116.433333	0.5	9.072100
116.441667	0.5	9.057000
116.450000	0.5	9.058900
116.458333	0.5	9.059800
116.466667	0.5	9.051500
116.475000	0.5	9.050250
116.483333	0.5	9.051150
116.491667	0.5	9.040150
116.500000	0.5	9.045800
116.508333	0.5	9.042000
116.516667	0.5	9.047800
116.525000	0.5	9.036450
116.533333	0.5	9.043950
116.541667	0.5	9.032300
116.550000	0.5	9.027450
116.558333	0.5	9.022750
116.566667	0.5	9.020550
116.575000	0.5	9.023050
116.583333	0.5	9.012550
116.591667	0.5	9.023950
116.600000	0.5	9.025400
116.608333	0.5	9.008000
116.616667	0.5	9.005100
116.625000	0.5	9.003750
116.633333	0.5	8.993450
116.641667	0.5	8.992350
116.650000	0.5	8.992000
116.658333	0.5	8.986000
116.666667	0.5	8.976700
116.675000	0.5	8.978350
116.683333	0.5	8.978650
116.691667	0.5	8.972050
116.700000	0.5	8.958050
116.708333	0.5	8.963600
116.716667	0.5	8.961050
116.725000	0.5	8.952150
116.733333	0.5	8.944850
116.741667	0.5	8.952000
116.750000	0.5	8.952250
116.758333	0.5	8.949400
116.766667	0.5	8.952300
116.775000	0.5	8.948200
116.783333	0.5	8.941400
116.791667	0.5	8.934950
116.800000	0.5	8.934300
116.808333	0.5	8.929250
116.816667	0.5	8.927450
116.825000	0.5	8.922500
116.833333	0.5	8.920350
116.841667	0.5	8.925750
116.850000	0.5	8.926300
116.858333	0.5	8.919500
116.866667	0.5	8.924900
116.875000	0.5	8.924100
116.883333	0.5	8.925850
116.891667	0.5	8.917500
116.900000	0.5	8.920550
116.908333	0.5	8.912950
116.916667	0.5	8.924750
116.925000	0.5	8.907650
116.933333	0.5	8.908300
116.941667	0.5	8.913400
116.950000	0.5	8.911200
116.958333	0.5	8.903850
116.966667	0.5	8.911200
116.975000	0.5	8.908550
116.983333	0.5	8.900000
116.991667	0.5	8.897300
117.000000	0.5	8.889800
117.008333	0.5	8.883050
117.016667	0.5	8.898000
117.025000	0.5	8.884950
117.033333	0.5	8.891700
117.041667	0.5	8.887250
117.050000	0.5	8.889950
117.058333	0.5	8.888650
117.066667	0.5	8.873800
117.075000	0.5	8.880100
117.083333	0.5	8.876200
117.091667	0.5	8.883900
117.100000	0.5	8.869600
117.108333	0.5	8.872450
117.116667	0.5	8.866850
117.125000	0.5	8.874650
117.133333	0.5	8.870550
117.141667	0.5	8.866550
117.150000	0.5	8.853450
117.158333	0.5	8.851350
117.166667	0.5	8.859250
117.175000	0.5	8.849750
117.183333	0.5	8.842950
117.191667	0.5	8.850350
117.200000	0.5	8.841300
117.208333	0.5	8.837750
117.216667	0.5	8.833950
117.225000	0.5	8.850300
117.233333	0.5	8.832050
117.241667	0.5	8.833950
117.250000	0.5	8.831500
117.258333	0.5	8.833700
117.266667	0.5	8.833450
117.275000	0.5	8.833100
117.283333	0.5	8.838500
117.291667	0.5	8.829100
117.300000	0.5	8.825750
117.308333	0.5	8.827800
117.316667	0.5	8.829550
117.325000	0.5	8.834400
117.333333	0.5	8.822300
117.341667	0.5	8.819300
117.350000	0.5	8.824350
117.358333	0.5	8.820650
117.366667	0.5	8.821600
117.375000	0.5	8.821650
117.383333	0.5	8.827600
117.391667	0.5	8.830650
117.400000	0.5	8.819600
117.408333	0.5	8.817600
117.416667	0.5	8.819400
117.425000	0.5	8.811350
117.433333	0.5	8.818300
117.441667	0.5	8.809600
117.450000	0.5	8.826050
117.458333	0.5	8.819400
117.466667	0.5	8.810300
117.475000	0.5	8.807700
117.483333	0.5	8.810300
117.491667	0.5	8.822150
117.500000	0.5	8.820150
117.508333	0.5	8.831450
117.516667	0.5	8.816100
117.525000	0.5	8.836500
117.533333	0.5	8.836750
117.541667	0.5	8.831900
117.550000	0.5	8.848450
117.558333	0.5	8.860800
117.566667	0.5	8.847550
117.575000	0.5	8.851600
117.583333	0.5	8.868950
117.591667	0.5	8.887100
117.600000	0.5	8.875150
117.608333	0.5	8.889400
117.616667	0.5	8.897400
117.625000	0.5	8.909600
117.633333	0.5	8.925150
117.641667	0.5	8.935150
117.650000	0.5	8.947750
117.658333	0.5	8.957950
117.666667	0.5	8.980800
117.675000	0.5	8.999750
117.683333	0.5	9.002600
117.691667	0.5	9.022000
117.700000	0.5	9.047900
117.708333	0.5	9.056150
117.716667	0.5	9.076500
117.725000	0.5	9.091150
117.733333	0.5	9.103100
117.741667	0.5	9.123650
117.750000	0.5	9.148650
117.758333	0.5	9.162150
117.766667	0.5	9.184950
117.775000	0.5	9.221100
117.783333	0.5	9.236250
117.791667	0.5	9.266350
117.800000	0.5	9.289400
117.808333	0.5	9.325950
117.816667	0.5	9.349050
117.825000	0.5	9.374150
117.833333	0.5	9.406900
117.841667	0.5	9.438500
117.850000	0.5	9.468150
117.858333	0.5	9.508750
117.866667	0.5	9.546800
117.875000	0.5	9.573650
117.883333	0.5	9.617050
117.891667	0.5	9.656950
117.900000	0.5	9.700600
117.908333	0.5	9.755650
117.916667	0.5	9.797850
117.925000	0.5	9.837850
117.933333	0.5	9.897850
117.941667	0.5	9.933450
117.950000	0.5	9.991600
117.958333	0.5	10.041350
117.966667	0.5	10.102700
117.975000	0.5	10.161450
117.983333	0.5	10.220300
117.991667	0.5	10.285950
118.000000	0.5	10.361450
118.008333	0.5	10.425300
118.016667	0.5	10.493150
118.025000	0.5	10.561450
118.033333	0.5	10.631500
118.041667	0.5	10.713100
118.050000	0.5	10.797000
118.058333	0.5	10.880400
118.066667	0.5	10.954150
118.075000	0.5	11.036600
118.083333	0.5	11.140750
118.091667	0.5	11.231550
118.100000	0.5	11.304200
118.108333	0.5	11.400000
118.116667	0.5	11.489600
118.125000	0.5	11.586700
118.133333	0.5	11.677550
118.141667	0.5	11.767650
118.150000	0.5	11.852350
118.158333	0.5	11.947200
118.166667	0.5	12.025150
118.175000	0.5	12.112300
118.183333	0.5	12.184700
118.191667	0.5	12.269350
118.200000	0.5	12.335200
118.208333	0.5	12.404750
118.216667	0.5	12.480350
118.225000	0.5	12.549350
118.233333	0.5	12.608200
118.241667	0.5	12.662550
118.250000	0.5	12.723550
118.258333	0.5	12.779800
118.266667	0.5	12.836000
118.275000	0.5	12.883150
118.283333	0.5	12.926450
118.291667	0.5	12.965650
118.300000	0.5	13.005800
118.308333	0.5	13.045100
118.316667	0.5	13.078450
118.325000	0.5	13.115750
118.333333	0.5	13.128100
118.341667	0.5	13.157100
118.350000	0.5	13.173200
118.358333	0.5	13.182150
118.366667	0.5	13.188250
118.375000	0.5	13.197700
118.383333	0.5	13.194200
118.391667	0.5	13.183200
118.400000	0.5	13.179400
118.408333	0.5	13.160350
118.416667	0.5	13.134500
118.425000	0.5	13.111950
118.433333	0.5	13.084050
118.441667	0.5	13.048050
118.450000	0.5	13.000400
118.458333	0.5	12.949500
118.466667	0.5	12.900750
118.475000	0.5	12.842150
118.483333	0.5	12.773600
118.491667	0.5	12.695350
118.500000	0.5	12.617900
118.508333	0.5	12.538400
118.516667	0.5	12.436900
118.525000	0.5	12.348150
118.533333	0.5	12.242900
118.541667	0.5	12.133900
118.550000	0.5	12.037050
118.558333	0.5	11.944750
118.566667	0.5	11.832000
118.575000	0.5	11.711650
118.583333	0.5	11.615650
118.591667	0.5	11.521550
118.600000	0.5	11.433850
118.608333	0.5	11.343250
118.616667	0.5	11.260950
118.625000	0.5	11.179800
118.633333	0.5	11.102300
118.641667	0.5	11.033350
118.650000	0.5	10.972800
118.658333	0.5	10.914450
118.666667	0.5	10.863000
118.675000	0.5	10.812800
118.683333	0.5	10.761700
118.691667	0.5	10.727100
118.700000	0.5	10.686500
118.708333	0.5	10.653000
118.716667	0.5	10.616200
118.725000	0.5	10.589600
118.733333	0.5	10.556150
118.741667	0.5	10.536200
118.750000	0.5	10.519150
118.758333	0.5	10.496800
118.766667	0.5	10.483950
118.775000	0.5	10.476350
118.783333	0.5	10.454150
118.791667	0.5	10.443950
118.800000	0.5	10.424350
118.808333	0.5	10.422400
118.816667	0.5	10.406650
118.825000	0.5	10.396350
118.833333	0.5	10.394700
118.841667	0.5	10.376250
118.850000	0.5	10.378150
118.858333	0.5	10.377450
118.866667	0.5	10.379300
118.875000	0.5	10.375050
118.883333	0.5	10.362400
118.891667	0.5	10.359750
118.900000	0.5	10.356700
118.908333	0.5	10.353800
118.916667	0.5	10.347800
118.925000	0.5	10.337500
118.933333	0.5	10.334500
118.941667	0.5	10.333450
118.950000	0.5	10.335250
118.958333	0.5	10.324300
118.966667	0.5	10.317800
118.975000	0.5	10.312350
118.983333	0.5	10.301350
118.991667	0.5	10.292400
119.000000	0.5	10.295400
119.008333	0.5	10.286200
119.016667	0.5	10.272550
119.025000	0.5	10.272550
119.033333	0.5	10.256300
119.041667	0.5	10.253850
119.050000	0.5	10.239300
119.058333	0.5	10.236300
119.066667	0.5	10.226200
119.075000	0.5	10.219650
119.083333	0.5	10.201650
119.091667	0.5	10.194950
119.100000	0.5	10.193200
119.108333	0.5	10.178600
119.116667	0.5	10.185100
119.125000	0.5	10.165350
119.133333	0.5	10.168600
119.141667	0.5	10.156100
119.150000	0.5	10.143400
119.158333	0.5	10.135500
119.166667	0.5	10.155200
119.175000	0.5	10.132700
119.183333	0.5	10.126800
119.191667	0.5	10.123450
119.200000	0.5	10.111700
119.208333	0.5	10.106450
119.216667	0.5	10.095750
119.225000	0.5	10.083250
119.233333	0.5	10.084350
119.241667	0.5	10.092700
119.250000	0.5	10.068500
119.258333	0.5	10.063200
119.266667	0.5	10.058700
119.275000	0.5	10.061000
119.283333	0.5	10.062850
119.291667	0.5	10.055700
119.300000	0.5	10.055800
119.308333	0.5	10.066250
119.316667	0.5	10.070500
119.325000	0.5	10.069000
119.333333	0.5	10.072000
119.341667	0.5	10.072150
119.350000	0.5	10.072850
119.358333	0.5	10.083350
119.366667	0.5	10.088050
119.375000	0.5	10.069150
119.383333	0.5	10.064950
119.391667	0.5	10.067400
119.400000	0.5	10.049900
119.408333	0.5	10.043150
119.416667	0.5	10.035250
119.425000	0.5	10.028400
119.433333	0.5	10.010100
119.441667	0.5	9.987550
119.450000	0.5	9.981000
119.458333	0.5	9.964750
119.466667	0.5	9.952450
119.475000	0.5	9.944400
119.483333	0.5	9.935800
119.491667	0.5	9.934550
119.500000	0.5	9.921650
119.508333	0.5	9.903650
119.516667	0.5	9.900850
119.525000	0.5	9.901000
119.533333	0.5	9.898600
119.541667	0.5	9.899000
119.550000	0.5	9.900250
119.558333	0.5	9.901150
119.566667	0.5	9.911750
119.575000	0.5	9.912650
119.583333	0.5	9.922350
119.591667	0.5	9.935550
119.600000	0.5	9.935200
119.608333	0.5	9.941550
119.616667	0.5	9.941650
119.625000	0.5	9.950050
119.633333	0.5	9.961700
119.641667	0.5	9.959500
119.650000	0.5	9.968300
119.658333	0.5	9.974500
119.666667	0.5	9.983100
119.675000	0.5	9.989850
119.683333	0.5	10.004650
119.691667	0.5	10.017300
119.700000	0.5	10.024750
119.708333	0.5	10.034850
119.716667	0.5	10.046150
119.725000	0.5	10.058300
119.733333	0.5	10.071850
119.741667	0.5	10.081550
119.750000	0.5	10.096700
119.758333	0.5	10.108500
119.766667	0.5	10.126950
119.775000	0.5	10.136550
119.783333	0.5	10.154200
119.791667	0.5	10.169450
119.800000	0.5	10.180400
119.808333	0.5	10.197250
119.816667	0.5	10.199450
119.825000	0.5	10.209650
119.833333	0.5	10.221350
119.841667	0.5	10.224850
119.850000	0.5	10.228350
119.858333	0.5	10.223000
119.866667	0.5	10.217850
119.875000	0.5	10.215950
119.883333	0.5	10.209700
119.891667	0.5	10.194900
119.900000	0.5	10.186300
119.908333	0.5	10.169150
119.916667	0.5	10.144350
119.925000	0.5	10.141500
119.933333	0.5	10.134950
119.941667	0.5	10.119000
119.950000	0.5	10.111950
119.958333	0.5	10.110350
119.966667	0.5	10.107000
119.975000	0.5	10.094350
119.983333	0.5	10.097600
119.991667	0.5	10.089700
120.000000	0.5	10.106000
