URL	chrom://arspawyn4ahlab1/ChromeleonLocal/Instrument Data/ICS3000/2025_Feb 11.seq/956.smp/ED_1.channel/ED_1.chm
Channel	ED_1

Injection Information:
Data Vault	ChromeleonLocal
Sequence	2025_Feb 11
Name	4-C1 Alex
Number	27
Position	RD3
Comment	
Processing Method	Quantitative
Instrument Method	Neutral Oligosaccharides V ICS 3000
Type	Unknown
Status	Finished
Inject Time	2/13/2025 8:41:50 PM -05:00
Volume (µl)	25.0000
Dilution Factor	1.0000
Weight	1.0000

Chromatogram Data Information:
Time Min. (min)	0.000000
Time Max. (min)	120.000000
Data Points	14401
Detector	EDet1
Generating Data System	Chromeleon 7.3.0.60919
Exporting Data System	Chromeleon 7.3.0.0
Operator	Instrument Controller
Signal Quantity	
Signal Unit	nC
Signal Min.	-0.135700
Signal Max.	53.713251
Channel	ED_1
Driver Name	DC-3000
Channel Type	Evaluation
Min. Step (s)	0.5
Max. Step (s)	0.5
Average Step (s)	0.5

Signal Parameter Information:
Signal Info	

Chromatogram Data:
Time (min)	Step (s)	Value (nC)
0.000000	n.a.	0.006600
0.008333	0.5	0.003100
0.016667	0.5	-0.000450
0.025000	0.5	-0.004600
0.033333	0.5	-0.007350
0.041667	0.5	-0.005750
0.050000	0.5	-0.006700
0.058333	0.5	-0.005950
0.066667	0.5	-0.005950
0.075000	0.5	-0.007950
0.083333	0.5	-0.017450
0.091667	0.5	-0.023250
0.100000	0.5	-0.025050
0.108333	0.5	-0.026050
0.116667	0.5	-0.028600
0.125000	0.5	-0.027800
0.133333	0.5	-0.027950
0.141667	0.5	-0.024300
0.150000	0.5	-0.024750
0.158333	0.5	-0.022350
0.166667	0.5	-0.020150
0.175000	0.5	-0.026300
0.183333	0.5	-0.034000
0.191667	0.5	-0.038550
0.200000	0.5	-0.040350
0.208333	0.5	-0.040950
0.216667	0.5	-0.040800
0.225000	0.5	-0.040850
0.233333	0.5	-0.035800
0.241667	0.5	-0.033300
0.250000	0.5	-0.034800
0.258333	0.5	-0.030250
0.266667	0.5	-0.034300
0.275000	0.5	-0.040850
0.283333	0.5	-0.046850
0.291667	0.5	-0.047800
0.300000	0.5	-0.048250
0.308333	0.5	-0.049000
0.316667	0.5	-0.047200
0.325000	0.5	-0.047400
0.333333	0.5	-0.042050
0.341667	0.5	-0.044250
0.350000	0.5	-0.041150
0.358333	0.5	-0.038750
0.366667	0.5	-0.046450
0.375000	0.5	-0.053350
0.383333	0.5	-0.055250
0.391667	0.5	-0.057650
0.400000	0.5	-0.057350
0.408333	0.5	-0.056400
0.416667	0.5	-0.056250
0.425000	0.5	-0.049050
0.433333	0.5	-0.048450
0.441667	0.5	-0.050000
0.450000	0.5	-0.046200
0.458333	0.5	-0.050000
0.466667	0.5	-0.057300
0.475000	0.5	-0.062700
0.483333	0.5	-0.063350
0.491667	0.5	-0.065950
0.500000	0.5	-0.065600
0.508333	0.5	-0.065000
0.516667	0.5	-0.060950
0.525000	0.5	-0.057950
0.533333	0.5	-0.057550
0.541667	0.5	-0.054850
0.550000	0.5	-0.055450
0.558333	0.5	-0.060000
0.566667	0.5	-0.068350
0.575000	0.5	-0.071650
0.583333	0.5	-0.073150
0.591667	0.5	-0.074400
0.600000	0.5	-0.072150
0.608333	0.5	-0.072700
0.616667	0.5	-0.068150
0.625000	0.5	-0.065900
0.633333	0.5	-0.068000
0.641667	0.5	-0.062300
0.650000	0.5	-0.068050
0.658333	0.5	-0.075150
0.666667	0.5	-0.080300
0.675000	0.5	-0.083000
0.683333	0.5	-0.085250
0.691667	0.5	-0.084600
0.700000	0.5	-0.083350
0.708333	0.5	-0.078650
0.716667	0.5	-0.076100
0.725000	0.5	-0.076050
0.733333	0.5	-0.074500
0.741667	0.5	-0.072700
0.750000	0.5	-0.080900
0.758333	0.5	-0.088550
0.766667	0.5	-0.091250
0.775000	0.5	-0.090700
0.783333	0.5	-0.093550
0.791667	0.5	-0.093500
0.800000	0.5	-0.092450
0.808333	0.5	-0.089150
0.816667	0.5	-0.085500
0.825000	0.5	-0.086250
0.833333	0.5	-0.079950
0.841667	0.5	-0.083350
0.850000	0.5	-0.091050
0.858333	0.5	-0.097300
0.866667	0.5	-0.098300
0.875000	0.5	-0.098200
0.883333	0.5	-0.098850
0.891667	0.5	-0.097250
0.900000	0.5	-0.092400
0.908333	0.5	-0.087650
0.916667	0.5	-0.087950
0.925000	0.5	-0.084850
0.933333	0.5	-0.084450
0.941667	0.5	-0.090850
0.950000	0.5	-0.096350
0.958333	0.5	-0.101700
0.966667	0.5	-0.102300
0.975000	0.5	-0.102100
0.983333	0.5	-0.100950
0.991667	0.5	-0.099250
1.000000	0.5	-0.096000
1.008333	0.5	-0.093500
1.016667	0.5	-0.091800
1.025000	0.5	-0.088550
1.033333	0.5	-0.092000
1.041667	0.5	-0.098800
1.050000	0.5	-0.104900
1.058333	0.5	-0.106100
1.066667	0.5	-0.105600
1.075000	0.5	-0.106350
1.083333	0.5	-0.105000
1.091667	0.5	-0.104150
1.100000	0.5	-0.100150
1.108333	0.5	-0.100100
1.116667	0.5	-0.094950
1.125000	0.5	-0.095500
1.133333	0.5	-0.102300
1.141667	0.5	-0.111050
1.150000	0.5	-0.112700
1.158333	0.5	-0.113000
1.166667	0.5	-0.114800
1.175000	0.5	-0.114600
1.183333	0.5	-0.112350
1.191667	0.5	-0.108400
1.200000	0.5	-0.107050
1.208333	0.5	-0.108900
1.216667	0.5	-0.101350
1.225000	0.5	-0.107100
1.233333	0.5	-0.114250
1.241667	0.5	-0.117600
1.250000	0.5	-0.120600
1.258333	0.5	-0.120750
1.266667	0.5	-0.121950
1.275000	0.5	-0.120700
1.283333	0.5	-0.121200
1.291667	0.5	-0.117350
1.300000	0.5	-0.117350
1.308333	0.5	-0.113000
1.316667	0.5	-0.108800
1.325000	0.5	-0.119200
1.333333	0.5	-0.124700
1.341667	0.5	-0.127350
1.350000	0.5	-0.130100
1.358333	0.5	-0.130400
1.366667	0.5	-0.130050
1.375000	0.5	-0.125600
1.383333	0.5	-0.122650
1.391667	0.5	-0.122000
1.400000	0.5	-0.121450
1.408333	0.5	-0.114550
1.416667	0.5	-0.121500
1.425000	0.5	-0.129700
1.433333	0.5	-0.133250
1.441667	0.5	-0.135400
1.450000	0.5	-0.134350
1.458333	0.5	-0.135700
1.466667	0.5	-0.132850
1.475000	0.5	-0.127150
1.483333	0.5	-0.122600
1.491667	0.5	-0.122400
1.500000	0.5	-0.118250
1.508333	0.5	-0.116900
1.516667	0.5	-0.122550
1.525000	0.5	-0.130700
1.533333	0.5	-0.131050
1.541667	0.5	-0.132850
1.550000	0.5	-0.132150
1.558333	0.5	-0.131450
1.566667	0.5	-0.128650
1.575000	0.5	-0.124500
1.583333	0.5	-0.121850
1.591667	0.5	-0.120450
1.600000	0.5	-0.114000
1.608333	0.5	-0.119800
1.616667	0.5	-0.125600
1.625000	0.5	-0.130450
1.633333	0.5	-0.129950
1.641667	0.5	-0.131550
1.650000	0.5	-0.128950
1.658333	0.5	-0.127150
1.666667	0.5	-0.120900
1.675000	0.5	-0.106900
1.683333	0.5	-0.068900
1.691667	0.5	0.062850
1.700000	0.5	0.317950
1.708333	0.5	0.673350
1.716667	0.5	1.090450
1.725000	0.5	1.568600
1.733333	0.5	2.119300
1.741667	0.5	2.705150
1.750000	0.5	3.312600
1.758333	0.5	3.922150
1.766667	0.5	4.524250
1.775000	0.5	5.085200
1.783333	0.5	5.561100
1.791667	0.5	5.883100
1.800000	0.5	6.011400
1.808333	0.5	6.024950
1.816667	0.5	5.995950
1.825000	0.5	5.923500
1.833333	0.5	5.829000
1.841667	0.5	5.689650
1.850000	0.5	5.459950
1.858333	0.5	5.123350
1.866667	0.5	4.708200
1.875000	0.5	4.309700
1.883333	0.5	3.893850
1.891667	0.5	3.502050
1.900000	0.5	3.167900
1.908333	0.5	2.905600
1.916667	0.5	2.709350
1.925000	0.5	2.561650
1.933333	0.5	2.466150
1.941667	0.5	2.440050
1.950000	0.5	2.529700
1.958333	0.5	2.783900
1.966667	0.5	3.215900
1.975000	0.5	3.808650
1.983333	0.5	4.561400
1.991667	0.5	5.480900
2.000000	0.5	6.553950
2.008333	0.5	7.681150
2.016667	0.5	8.682400
2.025000	0.5	9.415350
2.033333	0.5	9.821550
2.041667	0.5	9.919800
2.050000	0.5	9.762700
2.058333	0.5	9.414500
2.066667	0.5	8.928400
2.075000	0.5	8.365750
2.083333	0.5	7.753150
2.091667	0.5	7.113800
2.100000	0.5	6.466400
2.108333	0.5	5.829650
2.116667	0.5	5.219050
2.125000	0.5	4.657350
2.133333	0.5	4.160900
2.141667	0.5	3.738600
2.150000	0.5	3.397250
2.158333	0.5	3.128150
2.166667	0.5	2.919500
2.175000	0.5	2.760200
2.183333	0.5	2.621500
2.191667	0.5	2.496500
2.200000	0.5	2.383100
2.208333	0.5	2.280150
2.216667	0.5	2.188650
2.225000	0.5	2.104650
2.233333	0.5	2.036200
2.241667	0.5	1.981850
2.250000	0.5	1.937500
2.258333	0.5	1.898300
2.266667	0.5	1.864400
2.275000	0.5	1.830200
2.283333	0.5	1.787400
2.291667	0.5	1.736300
2.300000	0.5	1.677200
2.308333	0.5	1.608400
2.316667	0.5	1.533600
2.325000	0.5	1.459100
2.333333	0.5	1.391000
2.341667	0.5	1.337250
2.350000	0.5	1.304050
2.358333	0.5	1.284250
2.366667	0.5	1.282500
2.375000	0.5	1.287900
2.383333	0.5	1.299950
2.391667	0.5	1.318900
2.400000	0.5	1.340400
2.408333	0.5	1.355450
2.416667	0.5	1.369000
2.425000	0.5	1.375950
2.433333	0.5	1.381250
2.441667	0.5	1.382550
2.450000	0.5	1.381550
2.458333	0.5	1.379550
2.466667	0.5	1.373800
2.475000	0.5	1.357600
2.483333	0.5	1.334850
2.491667	0.5	1.308850
2.500000	0.5	1.278400
2.508333	0.5	1.242350
2.516667	0.5	1.208800
2.525000	0.5	1.177950
2.533333	0.5	1.152050
2.541667	0.5	1.131350
2.550000	0.5	1.122000
2.558333	0.5	1.120100
2.566667	0.5	1.119750
2.575000	0.5	1.126850
2.583333	0.5	1.134300
2.591667	0.5	1.143700
2.600000	0.5	1.150500
2.608333	0.5	1.153850
2.616667	0.5	1.155750
2.625000	0.5	1.155750
2.633333	0.5	1.158250
2.641667	0.5	1.161250
2.650000	0.5	1.169250
2.658333	0.5	1.176750
2.666667	0.5	1.181900
2.675000	0.5	1.177450
2.683333	0.5	1.172500
2.691667	0.5	1.161400
2.700000	0.5	1.150450
2.708333	0.5	1.141900
2.716667	0.5	1.142250
2.725000	0.5	1.155800
2.733333	0.5	1.182050
2.741667	0.5	1.220650
2.750000	0.5	1.274100
2.758333	0.5	1.324850
2.766667	0.5	1.373700
2.775000	0.5	1.411000
2.783333	0.5	1.438950
2.791667	0.5	1.454250
2.800000	0.5	1.458500
2.808333	0.5	1.458600
2.816667	0.5	1.455150
2.825000	0.5	1.449600
2.833333	0.5	1.448550
2.841667	0.5	1.451600
2.850000	0.5	1.453200
2.858333	0.5	1.453350
2.866667	0.5	1.451150
2.875000	0.5	1.447450
2.883333	0.5	1.444000
2.891667	0.5	1.438800
2.900000	0.5	1.435100
2.908333	0.5	1.430100
2.916667	0.5	1.423600
2.925000	0.5	1.418700
2.933333	0.5	1.409550
2.941667	0.5	1.404150
2.950000	0.5	1.392200
2.958333	0.5	1.380850
2.966667	0.5	1.374800
2.975000	0.5	1.380750
2.983333	0.5	1.395850
2.991667	0.5	1.426050
3.000000	0.5	1.468350
3.008333	0.5	1.526300
3.016667	0.5	1.598600
3.025000	0.5	1.685750
3.033333	0.5	1.787050
3.041667	0.5	1.893800
3.050000	0.5	1.993150
3.058333	0.5	2.084850
3.066667	0.5	2.166050
3.075000	0.5	2.228750
3.083333	0.5	2.271300
3.091667	0.5	2.292450
3.100000	0.5	2.293200
3.108333	0.5	2.272150
3.116667	0.5	2.229850
3.125000	0.5	2.171100
3.133333	0.5	2.113200
3.141667	0.5	2.065250
3.150000	0.5	2.042600
3.158333	0.5	2.040650
3.166667	0.5	2.061250
3.175000	0.5	2.095150
3.183333	0.5	2.132750
3.191667	0.5	2.175600
3.200000	0.5	2.219600
3.208333	0.5	2.260250
3.216667	0.5	2.295550
3.225000	0.5	2.327950
3.233333	0.5	2.353100
3.241667	0.5	2.370950
3.250000	0.5	2.383850
3.258333	0.5	2.393150
3.266667	0.5	2.399950
3.275000	0.5	2.404100
3.283333	0.5	2.404900
3.291667	0.5	2.405000
3.300000	0.5	2.406700
3.308333	0.5	2.403800
3.316667	0.5	2.400950
3.325000	0.5	2.401850
3.333333	0.5	2.397750
3.341667	0.5	2.390800
3.350000	0.5	2.389200
3.358333	0.5	2.391600
3.366667	0.5	2.392700
3.375000	0.5	2.396850
3.383333	0.5	2.401800
3.391667	0.5	2.410750
3.400000	0.5	2.420100
3.408333	0.5	2.424200
3.416667	0.5	2.432700
3.425000	0.5	2.437850
3.433333	0.5	2.436000
3.441667	0.5	2.433750
3.450000	0.5	2.432900
3.458333	0.5	2.432550
3.466667	0.5	2.431000
3.475000	0.5	2.426950
3.483333	0.5	2.420550
3.491667	0.5	2.413150
3.500000	0.5	2.399000
3.508333	0.5	2.380000
3.516667	0.5	2.358250
3.525000	0.5	2.323450
3.533333	0.5	2.286800
3.541667	0.5	2.245750
3.550000	0.5	2.204600
3.558333	0.5	2.162650
3.566667	0.5	2.120850
3.575000	0.5	2.085450
3.583333	0.5	2.053500
3.591667	0.5	2.030850
3.600000	0.5	2.010900
3.608333	0.5	2.000050
3.616667	0.5	1.994650
3.625000	0.5	1.983750
3.633333	0.5	1.980150
3.641667	0.5	1.982800
3.650000	0.5	1.989600
3.658333	0.5	1.997750
3.666667	0.5	2.003300
3.675000	0.5	2.017550
3.683333	0.5	2.028950
3.691667	0.5	2.037900
3.700000	0.5	2.049800
3.708333	0.5	2.057850
3.716667	0.5	2.064100
3.725000	0.5	2.069800
3.733333	0.5	2.075150
3.741667	0.5	2.084000
3.750000	0.5	2.092850
3.758333	0.5	2.101500
3.766667	0.5	2.110600
3.775000	0.5	2.116950
3.783333	0.5	2.124850
3.791667	0.5	2.130450
3.800000	0.5	2.137400
3.808333	0.5	2.136950
3.816667	0.5	2.134350
3.825000	0.5	2.129800
3.833333	0.5	2.130200
3.841667	0.5	2.128550
3.850000	0.5	2.132350
3.858333	0.5	2.135350
3.866667	0.5	2.137200
3.875000	0.5	2.141800
3.883333	0.5	2.147700
3.891667	0.5	2.149750
3.900000	0.5	2.153950
3.908333	0.5	2.151600
3.916667	0.5	2.149450
3.925000	0.5	2.147300
3.933333	0.5	2.145350
3.941667	0.5	2.146150
3.950000	0.5	2.143600
3.958333	0.5	2.140300
3.966667	0.5	2.138050
3.975000	0.5	2.132550
3.983333	0.5	2.125000
3.991667	0.5	2.118250
4.000000	0.5	2.111100
4.008333	0.5	2.098700
4.016667	0.5	2.082700
4.025000	0.5	2.073750
4.033333	0.5	2.065150
4.041667	0.5	2.060250
4.050000	0.5	2.055650
4.058333	0.5	2.051500
4.066667	0.5	2.050550
4.075000	0.5	2.046900
4.083333	0.5	2.041750
4.091667	0.5	2.040900
4.100000	0.5	2.030750
4.108333	0.5	2.019300
4.116667	0.5	2.010650
4.125000	0.5	2.004600
4.133333	0.5	1.999800
4.141667	0.5	1.994150
4.150000	0.5	1.990400
4.158333	0.5	1.988600
4.166667	0.5	1.988250
4.175000	0.5	1.988100
4.183333	0.5	1.987250
4.191667	0.5	1.985100
4.200000	0.5	1.977250
4.208333	0.5	1.972300
4.216667	0.5	1.972500
4.225000	0.5	1.972600
4.233333	0.5	1.974150
4.241667	0.5	1.975700
4.250000	0.5	1.978800
4.258333	0.5	1.984300
4.266667	0.5	1.984300
4.275000	0.5	1.985900
4.283333	0.5	1.987700
4.291667	0.5	1.976400
4.300000	0.5	1.965500
4.308333	0.5	1.957550
4.316667	0.5	1.947000
4.325000	0.5	1.939050
4.333333	0.5	1.929050
4.341667	0.5	1.921150
4.350000	0.5	1.914200
4.358333	0.5	1.905800
4.366667	0.5	1.895350
4.375000	0.5	1.891150
4.383333	0.5	1.881000
4.391667	0.5	1.865150
4.400000	0.5	1.851000
4.408333	0.5	1.840150
4.416667	0.5	1.828100
4.425000	0.5	1.818500
4.433333	0.5	1.810950
4.441667	0.5	1.805900
4.450000	0.5	1.804150
4.458333	0.5	1.803800
4.466667	0.5	1.805650
4.475000	0.5	1.810100
4.483333	0.5	1.809850
4.491667	0.5	1.807850
4.500000	0.5	1.809400
4.508333	0.5	1.812950
4.516667	0.5	1.815950
4.525000	0.5	1.819000
4.533333	0.5	1.821600
4.541667	0.5	1.824800
4.550000	0.5	1.825600
4.558333	0.5	1.825250
4.566667	0.5	1.826850
4.575000	0.5	1.822250
4.583333	0.5	1.812450
4.591667	0.5	1.803800
4.600000	0.5	1.799000
4.608333	0.5	1.792950
4.616667	0.5	1.789750
4.625000	0.5	1.786550
4.633333	0.5	1.786150
4.641667	0.5	1.785450
4.650000	0.5	1.785350
4.658333	0.5	1.787450
4.666667	0.5	1.789750
4.675000	0.5	1.788750
4.683333	0.5	1.786450
4.691667	0.5	1.788800
4.700000	0.5	1.792850
4.708333	0.5	1.800150
4.716667	0.5	1.808600
4.725000	0.5	1.816500
4.733333	0.5	1.825350
4.741667	0.5	1.833650
4.750000	0.5	1.839500
4.758333	0.5	1.848300
4.766667	0.5	1.848450
4.775000	0.5	1.844400
4.783333	0.5	1.838200
4.791667	0.5	1.835700
4.800000	0.5	1.830700
4.808333	0.5	1.825750
4.816667	0.5	1.819950
4.825000	0.5	1.814550
4.833333	0.5	1.811100
4.841667	0.5	1.803150
4.850000	0.5	1.795850
4.858333	0.5	1.790950
4.866667	0.5	1.777000
4.875000	0.5	1.764200
4.883333	0.5	1.754100
4.891667	0.5	1.748700
4.900000	0.5	1.740850
4.908333	0.5	1.735600
4.916667	0.5	1.732000
4.925000	0.5	1.729100
4.933333	0.5	1.728500
4.941667	0.5	1.723550
4.950000	0.5	1.723050
4.958333	0.5	1.716400
4.966667	0.5	1.705400
4.975000	0.5	1.696450
4.983333	0.5	1.691650
4.991667	0.5	1.684600
5.000000	0.5	1.679050
5.008333	0.5	1.675750
5.016667	0.5	1.671050
5.025000	0.5	1.668600
5.033333	0.5	1.663600
5.041667	0.5	1.663350
5.050000	0.5	1.660500
5.058333	0.5	1.649750
5.066667	0.5	1.640800
5.075000	0.5	1.633350
5.083333	0.5	1.629050
5.091667	0.5	1.624000
5.100000	0.5	1.618300
5.108333	0.5	1.616050
5.116667	0.5	1.615550
5.125000	0.5	1.614200
5.133333	0.5	1.610500
5.141667	0.5	1.610950
5.150000	0.5	1.606650
5.158333	0.5	1.594900
5.166667	0.5	1.587600
5.175000	0.5	1.583700
5.183333	0.5	1.580150
5.191667	0.5	1.577100
5.200000	0.5	1.573700
5.208333	0.5	1.573350
5.216667	0.5	1.575650
5.225000	0.5	1.571200
5.233333	0.5	1.570350
5.241667	0.5	1.571350
5.250000	0.5	1.563500
5.258333	0.5	1.554600
5.266667	0.5	1.551050
5.275000	0.5	1.548400
5.283333	0.5	1.545550
5.291667	0.5	1.545000
5.300000	0.5	1.543550
5.308333	0.5	1.544350
5.316667	0.5	1.544300
5.325000	0.5	1.543250
5.333333	0.5	1.544650
5.341667	0.5	1.541850
5.350000	0.5	1.533800
5.358333	0.5	1.528450
5.366667	0.5	1.526200
5.375000	0.5	1.526700
5.383333	0.5	1.525300
5.391667	0.5	1.525000
5.400000	0.5	1.527550
5.408333	0.5	1.531500
5.416667	0.5	1.532250
5.425000	0.5	1.535000
5.433333	0.5	1.537500
5.441667	0.5	1.531100
5.450000	0.5	1.525500
5.458333	0.5	1.525350
5.466667	0.5	1.523100
5.475000	0.5	1.523550
5.483333	0.5	1.525750
5.491667	0.5	1.526350
5.500000	0.5	1.529500
5.508333	0.5	1.530250
5.516667	0.5	1.531450
5.525000	0.5	1.536350
5.533333	0.5	1.534850
5.541667	0.5	1.529050
5.550000	0.5	1.525600
5.558333	0.5	1.524000
5.566667	0.5	1.523150
5.575000	0.5	1.523100
5.583333	0.5	1.525250
5.591667	0.5	1.527000
5.600000	0.5	1.532050
5.608333	0.5	1.532500
5.616667	0.5	1.536800
5.625000	0.5	1.537200
5.633333	0.5	1.530500
5.641667	0.5	1.522750
5.650000	0.5	1.520050
5.658333	0.5	1.519250
5.666667	0.5	1.517950
5.675000	0.5	1.515650
5.683333	0.5	1.515300
5.691667	0.5	1.515800
5.700000	0.5	1.515100
5.708333	0.5	1.511600
5.716667	0.5	1.515150
5.725000	0.5	1.510700
5.733333	0.5	1.501150
5.741667	0.5	1.496200
5.750000	0.5	1.493600
5.758333	0.5	1.490000
5.766667	0.5	1.488300
5.775000	0.5	1.487250
5.783333	0.5	1.487500
5.791667	0.5	1.489000
5.800000	0.5	1.488550
5.808333	0.5	1.488550
5.816667	0.5	1.489050
5.825000	0.5	1.482350
5.833333	0.5	1.475400
5.841667	0.5	1.472850
5.850000	0.5	1.469350
5.858333	0.5	1.469950
5.866667	0.5	1.469200
5.875000	0.5	1.470450
5.883333	0.5	1.473750
5.891667	0.5	1.475950
5.900000	0.5	1.475150
5.908333	0.5	1.481800
5.916667	0.5	1.477850
5.925000	0.5	1.473400
5.933333	0.5	1.470700
5.941667	0.5	1.471350
5.950000	0.5	1.470450
5.958333	0.5	1.472600
5.966667	0.5	1.474100
5.975000	0.5	1.475250
5.983333	0.5	1.478050
5.991667	0.5	1.478100
6.000000	0.5	1.480600
6.008333	0.5	1.483100
6.016667	0.5	1.476950
6.025000	0.5	1.470300
6.033333	0.5	1.466500
6.041667	0.5	1.464150
6.050000	0.5	1.463850
6.058333	0.5	1.463450
6.066667	0.5	1.463100
6.075000	0.5	1.464650
6.083333	0.5	1.465450
6.091667	0.5	1.464150
6.100000	0.5	1.469250
6.108333	0.5	1.465850
6.116667	0.5	1.457400
6.125000	0.5	1.452950
6.133333	0.5	1.450700
6.141667	0.5	1.449200
6.150000	0.5	1.451300
6.158333	0.5	1.451500
6.166667	0.5	1.453350
6.175000	0.5	1.455950
6.183333	0.5	1.457300
6.191667	0.5	1.461050
6.200000	0.5	1.462750
6.208333	0.5	1.458350
6.216667	0.5	1.455450
6.225000	0.5	1.452300
6.233333	0.5	1.453350
6.241667	0.5	1.453600
6.250000	0.5	1.456850
6.258333	0.5	1.457800
6.266667	0.5	1.463050
6.275000	0.5	1.466250
6.283333	0.5	1.467000
6.291667	0.5	1.475350
6.300000	0.5	1.473150
6.308333	0.5	1.468250
6.316667	0.5	1.464200
6.325000	0.5	1.463150
6.333333	0.5	1.464550
6.341667	0.5	1.465950
6.350000	0.5	1.466050
6.358333	0.5	1.468000
6.366667	0.5	1.470950
6.375000	0.5	1.471650
6.383333	0.5	1.473200
6.391667	0.5	1.475250
6.400000	0.5	1.469200
6.408333	0.5	1.463050
6.416667	0.5	1.461200
6.425000	0.5	1.460200
6.433333	0.5	1.458450
6.441667	0.5	1.460200
6.450000	0.5	1.461400
6.458333	0.5	1.463400
6.466667	0.5	1.467050
6.475000	0.5	1.466300
6.483333	0.5	1.470750
6.491667	0.5	1.469500
6.500000	0.5	1.462600
6.508333	0.5	1.458350
6.516667	0.5	1.457300
6.525000	0.5	1.455050
6.533333	0.5	1.455900
6.541667	0.5	1.457150
6.550000	0.5	1.459300
6.558333	0.5	1.463350
6.566667	0.5	1.462200
6.575000	0.5	1.464100
6.583333	0.5	1.465600
6.591667	0.5	1.460450
6.600000	0.5	1.453800
6.608333	0.5	1.452050
6.616667	0.5	1.450550
6.625000	0.5	1.451950
6.633333	0.5	1.454300
6.641667	0.5	1.455050
6.650000	0.5	1.457600
6.658333	0.5	1.461100
6.666667	0.5	1.463650
6.675000	0.5	1.470350
6.683333	0.5	1.468450
6.691667	0.5	1.463650
6.700000	0.5	1.462600
6.708333	0.5	1.464500
6.716667	0.5	1.468000
6.725000	0.5	1.470300
6.733333	0.5	1.473150
6.741667	0.5	1.476900
6.750000	0.5	1.482500
6.758333	0.5	1.486250
6.766667	0.5	1.491450
6.775000	0.5	1.496850
6.783333	0.5	1.495300
6.791667	0.5	1.492900
6.800000	0.5	1.496200
6.808333	0.5	1.500850
6.816667	0.5	1.506800
6.825000	0.5	1.513250
6.833333	0.5	1.520350
6.841667	0.5	1.529750
6.850000	0.5	1.537850
6.858333	0.5	1.544650
6.866667	0.5	1.555600
6.875000	0.5	1.560150
6.883333	0.5	1.559750
6.891667	0.5	1.562000
6.900000	0.5	1.565050
6.908333	0.5	1.569850
6.916667	0.5	1.574450
6.925000	0.5	1.578300
6.933333	0.5	1.583350
6.941667	0.5	1.588900
6.950000	0.5	1.590050
6.958333	0.5	1.594350
6.966667	0.5	1.597850
6.975000	0.5	1.590000
6.983333	0.5	1.582800
6.991667	0.5	1.577800
7.000000	0.5	1.575800
7.008333	0.5	1.574950
7.016667	0.5	1.571250
7.025000	0.5	1.567900
7.033333	0.5	1.567750
7.041667	0.5	1.566200
7.050000	0.5	1.563250
7.058333	0.5	1.561800
7.066667	0.5	1.556150
7.075000	0.5	1.546600
7.083333	0.5	1.540550
7.091667	0.5	1.534300
7.100000	0.5	1.530600
7.108333	0.5	1.527850
7.116667	0.5	1.525800
7.125000	0.5	1.527600
7.133333	0.5	1.527800
7.141667	0.5	1.526000
7.150000	0.5	1.523700
7.158333	0.5	1.520850
7.166667	0.5	1.511700
7.175000	0.5	1.501200
7.183333	0.5	1.495650
7.191667	0.5	1.491900
7.200000	0.5	1.489150
7.208333	0.5	1.485500
7.216667	0.5	1.485600
7.225000	0.5	1.484400
7.233333	0.5	1.482900
7.241667	0.5	1.480450
7.250000	0.5	1.484350
7.258333	0.5	1.480500
7.266667	0.5	1.473050
7.275000	0.5	1.468800
7.283333	0.5	1.468350
7.291667	0.5	1.468000
7.300000	0.5	1.468450
7.308333	0.5	1.471600
7.316667	0.5	1.474300
7.325000	0.5	1.478200
7.333333	0.5	1.480000
7.341667	0.5	1.484400
7.350000	0.5	1.486050
7.358333	0.5	1.482750
7.366667	0.5	1.477600
7.375000	0.5	1.476200
7.383333	0.5	1.476600
7.391667	0.5	1.477750
7.400000	0.5	1.478950
7.408333	0.5	1.480350
7.416667	0.5	1.483850
7.425000	0.5	1.485250
7.433333	0.5	1.488550
7.441667	0.5	1.492450
7.450000	0.5	1.489700
7.458333	0.5	1.483350
7.466667	0.5	1.481300
7.475000	0.5	1.480000
7.483333	0.5	1.480400
7.491667	0.5	1.481450
7.500000	0.5	1.484250
7.508333	0.5	1.487500
7.516667	0.5	1.492500
7.525000	0.5	1.494650
7.533333	0.5	1.500450
7.541667	0.5	1.502250
7.550000	0.5	1.501700
7.558333	0.5	1.498450
7.566667	0.5	1.499850
7.575000	0.5	1.501000
7.583333	0.5	1.503850
7.591667	0.5	1.509250
7.600000	0.5	1.513200
7.608333	0.5	1.519950
7.616667	0.5	1.525550
7.625000	0.5	1.529900
7.633333	0.5	1.538750
7.641667	0.5	1.537850
7.650000	0.5	1.535950
7.658333	0.5	1.537200
7.666667	0.5	1.538450
7.675000	0.5	1.543800
7.683333	0.5	1.547650
7.691667	0.5	1.552750
7.700000	0.5	1.559650
7.708333	0.5	1.564100
7.716667	0.5	1.569750
7.725000	0.5	1.579000
7.733333	0.5	1.584700
7.741667	0.5	1.584950
7.750000	0.5	1.584700
7.758333	0.5	1.587500
7.766667	0.5	1.590800
7.775000	0.5	1.596800
7.783333	0.5	1.603400
7.791667	0.5	1.611200
7.800000	0.5	1.621050
7.808333	0.5	1.630900
7.816667	0.5	1.640850
7.825000	0.5	1.652350
7.833333	0.5	1.660550
7.841667	0.5	1.664950
7.850000	0.5	1.673150
7.858333	0.5	1.683750
7.866667	0.5	1.696500
7.875000	0.5	1.713400
7.883333	0.5	1.726950
7.891667	0.5	1.745450
7.900000	0.5	1.761800
7.908333	0.5	1.775800
7.916667	0.5	1.792650
7.925000	0.5	1.806500
7.933333	0.5	1.814100
7.941667	0.5	1.822150
7.950000	0.5	1.832650
7.958333	0.5	1.844050
7.966667	0.5	1.856100
7.975000	0.5	1.867050
7.983333	0.5	1.877950
7.991667	0.5	1.890950
8.000000	0.5	1.901850
8.008333	0.5	1.911150
8.016667	0.5	1.923750
8.025000	0.5	1.928450
8.033333	0.5	1.928050
8.041667	0.5	1.931350
8.050000	0.5	1.933800
8.058333	0.5	1.937200
8.066667	0.5	1.941050
8.075000	0.5	1.944750
8.083333	0.5	1.950300
8.091667	0.5	1.954400
8.100000	0.5	1.954450
8.108333	0.5	1.957650
8.116667	0.5	1.957600
8.125000	0.5	1.950350
8.133333	0.5	1.943400
8.141667	0.5	1.940550
8.150000	0.5	1.938000
8.158333	0.5	1.937100
8.166667	0.5	1.936800
8.175000	0.5	1.934800
8.183333	0.5	1.937250
8.191667	0.5	1.938300
8.200000	0.5	1.938350
8.208333	0.5	1.942200
8.216667	0.5	1.938600
8.225000	0.5	1.931050
8.233333	0.5	1.929150
8.241667	0.5	1.930100
8.250000	0.5	1.930200
8.258333	0.5	1.931500
8.266667	0.5	1.934350
8.275000	0.5	1.937250
8.283333	0.5	1.942900
8.291667	0.5	1.946050
8.300000	0.5	1.953450
8.308333	0.5	1.958650
8.316667	0.5	1.956700
8.325000	0.5	1.955450
8.333333	0.5	1.956900
8.341667	0.5	1.961450
8.350000	0.5	1.966100
8.358333	0.5	1.971800
8.366667	0.5	1.978700
8.375000	0.5	1.984500
8.383333	0.5	1.992500
8.391667	0.5	1.998600
8.400000	0.5	2.007450
8.408333	0.5	2.009950
8.416667	0.5	2.009950
8.425000	0.5	2.014150
8.433333	0.5	2.019850
8.441667	0.5	2.025900
8.450000	0.5	2.032450
8.458333	0.5	2.041950
8.466667	0.5	2.052000
8.475000	0.5	2.064750
8.483333	0.5	2.075200
8.491667	0.5	2.091350
8.500000	0.5	2.106200
8.508333	0.5	2.115850
8.516667	0.5	2.130550
8.525000	0.5	2.152700
8.533333	0.5	2.179450
8.541667	0.5	2.214600
8.550000	0.5	2.254650
8.558333	0.5	2.305800
8.566667	0.5	2.363050
8.575000	0.5	2.433450
8.583333	0.5	2.513250
8.591667	0.5	2.606400
8.600000	0.5	2.703500
8.608333	0.5	2.812900
8.616667	0.5	2.941350
8.625000	0.5	3.085200
8.633333	0.5	3.244600
8.641667	0.5	3.416250
8.650000	0.5	3.603550
8.658333	0.5	3.807000
8.666667	0.5	4.021350
8.675000	0.5	4.244250
8.683333	0.5	4.482000
8.691667	0.5	4.724200
8.700000	0.5	4.967400
8.708333	0.5	5.215400
8.716667	0.5	5.472600
8.725000	0.5	5.733250
8.733333	0.5	5.993550
8.741667	0.5	6.252250
8.750000	0.5	6.505850
8.758333	0.5	6.754700
8.766667	0.5	6.990950
8.775000	0.5	7.217650
8.783333	0.5	7.435550
8.791667	0.5	7.629650
8.800000	0.5	7.805600
8.808333	0.5	7.970350
8.816667	0.5	8.119850
8.825000	0.5	8.253000
8.833333	0.5	8.369950
8.841667	0.5	8.467850
8.850000	0.5	8.554700
8.858333	0.5	8.624500
8.866667	0.5	8.677250
8.875000	0.5	8.716950
8.883333	0.5	8.740250
8.891667	0.5	8.743100
8.900000	0.5	8.733750
8.908333	0.5	8.719000
8.916667	0.5	8.692750
8.925000	0.5	8.657800
8.933333	0.5	8.617300
8.941667	0.5	8.567000
8.950000	0.5	8.513550
8.958333	0.5	8.449750
8.966667	0.5	8.384650
8.975000	0.5	8.314350
8.983333	0.5	8.231950
8.991667	0.5	8.140750
9.000000	0.5	8.047000
9.008333	0.5	7.948750
9.016667	0.5	7.849400
9.025000	0.5	7.743600
9.033333	0.5	7.637900
9.041667	0.5	7.527650
9.050000	0.5	7.411200
9.058333	0.5	7.290400
9.066667	0.5	7.167200
9.075000	0.5	7.037250
9.083333	0.5	6.898200
9.091667	0.5	6.753050
9.100000	0.5	6.609400
9.108333	0.5	6.462300
9.116667	0.5	6.316250
9.125000	0.5	6.169200
9.133333	0.5	6.021600
9.141667	0.5	5.876350
9.150000	0.5	5.733800
9.158333	0.5	5.591750
9.166667	0.5	5.459350
9.175000	0.5	5.314450
9.183333	0.5	5.179650
9.191667	0.5	5.048500
9.200000	0.5	4.925900
9.208333	0.5	4.809150
9.216667	0.5	4.700600
9.225000	0.5	4.593650
9.233333	0.5	4.494200
9.241667	0.5	4.402050
9.250000	0.5	4.314300
9.258333	0.5	4.234950
9.266667	0.5	4.155400
9.275000	0.5	4.075050
9.283333	0.5	3.999150
9.291667	0.5	3.929650
9.300000	0.5	3.868750
9.308333	0.5	3.809600
9.316667	0.5	3.756450
9.325000	0.5	3.707650
9.333333	0.5	3.662450
9.341667	0.5	3.622250
9.350000	0.5	3.586500
9.358333	0.5	3.552950
9.366667	0.5	3.519350
9.375000	0.5	3.484550
9.383333	0.5	3.455450
9.391667	0.5	3.431550
9.400000	0.5	3.411300
9.408333	0.5	3.392200
9.416667	0.5	3.377200
9.425000	0.5	3.364250
9.433333	0.5	3.355200
9.441667	0.5	3.344450
9.450000	0.5	3.338550
9.458333	0.5	3.332300
9.466667	0.5	3.319800
9.475000	0.5	3.308150
9.483333	0.5	3.301150
9.491667	0.5	3.295350
9.500000	0.5	3.292700
9.508333	0.5	3.288200
9.516667	0.5	3.285350
9.525000	0.5	3.281700
9.533333	0.5	3.281100
9.541667	0.5	3.278850
9.550000	0.5	3.278250
9.558333	0.5	3.270600
9.566667	0.5	3.261300
9.575000	0.5	3.255600
9.583333	0.5	3.249350
9.591667	0.5	3.244600
9.600000	0.5	3.242400
9.608333	0.5	3.242250
9.616667	0.5	3.243250
9.625000	0.5	3.241850
9.633333	0.5	3.240200
9.641667	0.5	3.241550
9.650000	0.5	3.242250
9.658333	0.5	3.236100
9.666667	0.5	3.231550
9.675000	0.5	3.229850
9.683333	0.5	3.233650
9.691667	0.5	3.235250
9.700000	0.5	3.238950
9.708333	0.5	3.241650
9.716667	0.5	3.246450
9.725000	0.5	3.252850
9.733333	0.5	3.258400
9.741667	0.5	3.268600
9.750000	0.5	3.270150
9.758333	0.5	3.273750
9.766667	0.5	3.275350
9.775000	0.5	3.280650
9.783333	0.5	3.285650
9.791667	0.5	3.291850
9.800000	0.5	3.300600
9.808333	0.5	3.310100
9.816667	0.5	3.319650
9.825000	0.5	3.329950
9.833333	0.5	3.339450
9.841667	0.5	3.347750
9.850000	0.5	3.348700
9.858333	0.5	3.353050
9.866667	0.5	3.360050
9.875000	0.5	3.368350
9.883333	0.5	3.375900
9.891667	0.5	3.384800
9.900000	0.5	3.393800
9.908333	0.5	3.404500
9.916667	0.5	3.414600
9.925000	0.5	3.424300
9.933333	0.5	3.436450
9.941667	0.5	3.439600
9.950000	0.5	3.444450
9.958333	0.5	3.448150
9.966667	0.5	3.454650
9.975000	0.5	3.462050
9.983333	0.5	3.470950
9.991667	0.5	3.480200
10.000000	0.5	3.490050
10.008333	0.5	3.499850
10.016667	0.5	3.506700
10.025000	0.5	3.519200
10.033333	0.5	3.525700
10.041667	0.5	3.527550
10.050000	0.5	3.529400
10.058333	0.5	3.536450
10.066667	0.5	3.543550
10.075000	0.5	3.549700
10.083333	0.5	3.556350
10.091667	0.5	3.563000
10.100000	0.5	3.570800
10.108333	0.5	3.575700
10.116667	0.5	3.579750
10.125000	0.5	3.587150
10.133333	0.5	3.585600
10.141667	0.5	3.582150
10.150000	0.5	3.580950
10.158333	0.5	3.581250
10.166667	0.5	3.582300
10.175000	0.5	3.581700
10.183333	0.5	3.582550
10.191667	0.5	3.585550
10.200000	0.5	3.588050
10.208333	0.5	3.587900
10.216667	0.5	3.593700
10.225000	0.5	3.596150
10.233333	0.5	3.595050
10.241667	0.5	3.594750
10.250000	0.5	3.595300
10.258333	0.5	3.600250
10.266667	0.5	3.602700
10.275000	0.5	3.610500
10.283333	0.5	3.617400
10.291667	0.5	3.626150
10.300000	0.5	3.632750
10.308333	0.5	3.643100
10.316667	0.5	3.654200
10.325000	0.5	3.657500
10.333333	0.5	3.661300
10.341667	0.5	3.668450
10.350000	0.5	3.677500
10.358333	0.5	3.685950
10.366667	0.5	3.695250
10.375000	0.5	3.707150
10.383333	0.5	3.718750
10.391667	0.5	3.728350
10.400000	0.5	3.738500
10.408333	0.5	3.752050
10.416667	0.5	3.762150
10.425000	0.5	3.768850
10.433333	0.5	3.772800
10.441667	0.5	3.782450
10.450000	0.5	3.792300
10.458333	0.5	3.801050
10.466667	0.5	3.811400
10.475000	0.5	3.823850
10.483333	0.5	3.835100
10.491667	0.5	3.846750
10.500000	0.5	3.855100
10.508333	0.5	3.867200
10.516667	0.5	3.871150
10.525000	0.5	3.873400
10.533333	0.5	3.874900
10.541667	0.5	3.878050
10.550000	0.5	3.882600
10.558333	0.5	3.884600
10.566667	0.5	3.888200
10.575000	0.5	3.889650
10.583333	0.5	3.888550
10.591667	0.5	3.887300
10.600000	0.5	3.886350
10.608333	0.5	3.882100
10.616667	0.5	3.872400
10.625000	0.5	3.862850
10.633333	0.5	3.855500
10.641667	0.5	3.849450
10.650000	0.5	3.844100
10.658333	0.5	3.838150
10.666667	0.5	3.833200
10.675000	0.5	3.829600
10.683333	0.5	3.827850
10.691667	0.5	3.822400
10.700000	0.5	3.823100
10.708333	0.5	3.814400
10.716667	0.5	3.807850
10.725000	0.5	3.801150
10.733333	0.5	3.796850
10.741667	0.5	3.795600
10.750000	0.5	3.794400
10.758333	0.5	3.794250
10.766667	0.5	3.793300
10.775000	0.5	3.795250
10.783333	0.5	3.797150
10.791667	0.5	3.798500
10.800000	0.5	3.798200
10.808333	0.5	3.794150
10.816667	0.5	3.790900
10.825000	0.5	3.793600
10.833333	0.5	3.794650
10.841667	0.5	3.798300
10.850000	0.5	3.802300
10.858333	0.5	3.806600
10.866667	0.5	3.811400
10.875000	0.5	3.816550
10.883333	0.5	3.820900
10.891667	0.5	3.829000
10.900000	0.5	3.830050
10.908333	0.5	3.828750
10.916667	0.5	3.829150
10.925000	0.5	3.831900
10.933333	0.5	3.835950
10.941667	0.5	3.839050
10.950000	0.5	3.844050
10.958333	0.5	3.847400
10.966667	0.5	3.850400
10.975000	0.5	3.854550
10.983333	0.5	3.860400
10.991667	0.5	3.862500
11.000000	0.5	3.860250
11.008333	0.5	3.858000
11.016667	0.5	3.858800
11.025000	0.5	3.859600
11.033333	0.5	3.860950
11.041667	0.5	3.864050
11.050000	0.5	3.867250
11.058333	0.5	3.870300
11.066667	0.5	3.873050
11.075000	0.5	3.876950
11.083333	0.5	3.881700
11.091667	0.5	3.880200
11.100000	0.5	3.876800
11.108333	0.5	3.876750
11.116667	0.5	3.877700
11.125000	0.5	3.877100
11.133333	0.5	3.878700
11.141667	0.5	3.880100
11.150000	0.5	3.880700
11.158333	0.5	3.882850
11.166667	0.5	3.882250
11.175000	0.5	3.887800
11.183333	0.5	3.887450
11.191667	0.5	3.882950
11.200000	0.5	3.879600
11.208333	0.5	3.874350
11.216667	0.5	3.875300
11.225000	0.5	3.873450
11.233333	0.5	3.875300
11.241667	0.5	3.876700
11.250000	0.5	3.876400
11.258333	0.5	3.876950
11.266667	0.5	3.876600
11.275000	0.5	3.879350
11.283333	0.5	3.873600
11.291667	0.5	3.867700
11.300000	0.5	3.865650
11.308333	0.5	3.862250
11.316667	0.5	3.863100
11.325000	0.5	3.863150
11.333333	0.5	3.863150
11.341667	0.5	3.863000
11.350000	0.5	3.864950
11.358333	0.5	3.868450
11.366667	0.5	3.875000
11.375000	0.5	3.879300
11.383333	0.5	3.882450
11.391667	0.5	3.891500
11.400000	0.5	3.907550
11.408333	0.5	3.929700
11.416667	0.5	3.955650
11.425000	0.5	3.987500
11.433333	0.5	4.021400
11.441667	0.5	4.059700
11.450000	0.5	4.098150
11.458333	0.5	4.138000
11.466667	0.5	4.180650
11.475000	0.5	4.215100
11.483333	0.5	4.252350
11.491667	0.5	4.287600
11.500000	0.5	4.322250
11.508333	0.5	4.355800
11.516667	0.5	4.384250
11.525000	0.5	4.410300
11.533333	0.5	4.435150
11.541667	0.5	4.458350
11.550000	0.5	4.477650
11.558333	0.5	4.496950
11.566667	0.5	4.515300
11.575000	0.5	4.525750
11.583333	0.5	4.536800
11.591667	0.5	4.551950
11.600000	0.5	4.565100
11.608333	0.5	4.578100
11.616667	0.5	4.592550
11.625000	0.5	4.605050
11.633333	0.5	4.618150
11.641667	0.5	4.630550
11.650000	0.5	4.641200
11.658333	0.5	4.655850
11.666667	0.5	4.664150
11.675000	0.5	4.669550
11.683333	0.5	4.675600
11.691667	0.5	4.686900
11.700000	0.5	4.696400
11.708333	0.5	4.705550
11.716667	0.5	4.715300
11.725000	0.5	4.726100
11.733333	0.5	4.739150
11.741667	0.5	4.750900
11.750000	0.5	4.759800
11.758333	0.5	4.771850
11.766667	0.5	4.777400
11.775000	0.5	4.785650
11.783333	0.5	4.793550
11.791667	0.5	4.805850
11.800000	0.5	4.813400
11.808333	0.5	4.825600
11.816667	0.5	4.838500
11.825000	0.5	4.851350
11.833333	0.5	4.863650
11.841667	0.5	4.877200
11.850000	0.5	4.892400
11.858333	0.5	4.903100
11.866667	0.5	4.910300
11.875000	0.5	4.919050
11.883333	0.5	4.934100
11.891667	0.5	4.943650
11.900000	0.5	4.956250
11.908333	0.5	4.971650
11.916667	0.5	4.984350
11.925000	0.5	4.999550
11.933333	0.5	5.014450
11.941667	0.5	5.030200
11.950000	0.5	5.045000
11.958333	0.5	5.058900
11.966667	0.5	5.070100
11.975000	0.5	5.088200
11.983333	0.5	5.106250
11.991667	0.5	5.126850
12.000000	0.5	5.147450
12.008333	0.5	5.172900
12.016667	0.5	5.200000
12.025000	0.5	5.226800
12.033333	0.5	5.255450
12.041667	0.5	5.289400
12.050000	0.5	5.317350
12.058333	0.5	5.347050
12.066667	0.5	5.381400
12.075000	0.5	5.418600
12.083333	0.5	5.457950
12.091667	0.5	5.498900
12.100000	0.5	5.541100
12.108333	0.5	5.585050
12.116667	0.5	5.632300
12.125000	0.5	5.680550
12.133333	0.5	5.727350
12.141667	0.5	5.777100
12.150000	0.5	5.819850
12.158333	0.5	5.861850
12.166667	0.5	5.909000
12.175000	0.5	5.952900
12.183333	0.5	5.999250
12.191667	0.5	6.041900
12.200000	0.5	6.086650
12.208333	0.5	6.129250
12.216667	0.5	6.167750
12.225000	0.5	6.202850
12.233333	0.5	6.242900
12.241667	0.5	6.271250
12.250000	0.5	6.296800
12.258333	0.5	6.321400
12.266667	0.5	6.345800
12.275000	0.5	6.366550
12.283333	0.5	6.387000
12.291667	0.5	6.403200
12.300000	0.5	6.421050
12.308333	0.5	6.432450
12.316667	0.5	6.442400
12.325000	0.5	6.452000
12.333333	0.5	6.458700
12.341667	0.5	6.456600
12.350000	0.5	6.455300
12.358333	0.5	6.455900
12.366667	0.5	6.453150
12.375000	0.5	6.450050
12.383333	0.5	6.443800
12.391667	0.5	6.439550
12.400000	0.5	6.435450
12.408333	0.5	6.429900
12.416667	0.5	6.424900
12.425000	0.5	6.421300
12.433333	0.5	6.412500
12.441667	0.5	6.400950
12.450000	0.5	6.390300
12.458333	0.5	6.379450
12.466667	0.5	6.372500
12.475000	0.5	6.364500
12.483333	0.5	6.357600
12.491667	0.5	6.351900
12.500000	0.5	6.343100
12.508333	0.5	6.335950
12.516667	0.5	6.329500
12.525000	0.5	6.323950
12.533333	0.5	6.312350
12.541667	0.5	6.299650
12.550000	0.5	6.291250
12.558333	0.5	6.280300
12.566667	0.5	6.270200
12.575000	0.5	6.258600
12.583333	0.5	6.249600
12.591667	0.5	6.238500
12.600000	0.5	6.228750
12.608333	0.5	6.215800
12.616667	0.5	6.208500
12.625000	0.5	6.198200
12.633333	0.5	6.186200
12.641667	0.5	6.175050
12.650000	0.5	6.167050
12.658333	0.5	6.161000
12.666667	0.5	6.158000
12.675000	0.5	6.153700
12.683333	0.5	6.154900
12.691667	0.5	6.156600
12.700000	0.5	6.158750
12.708333	0.5	6.162500
12.716667	0.5	6.167650
12.725000	0.5	6.170600
12.733333	0.5	6.175100
12.741667	0.5	6.181200
12.750000	0.5	6.188000
12.758333	0.5	6.197000
12.766667	0.5	6.206100
12.775000	0.5	6.216100
12.783333	0.5	6.225350
12.791667	0.5	6.236250
12.800000	0.5	6.250250
12.808333	0.5	6.263950
12.816667	0.5	6.273900
12.825000	0.5	6.285750
12.833333	0.5	6.297100
12.841667	0.5	6.306900
12.850000	0.5	6.319850
12.858333	0.5	6.334550
12.866667	0.5	6.348750
12.875000	0.5	6.362750
12.883333	0.5	6.376150
12.891667	0.5	6.391300
12.900000	0.5	6.405550
12.908333	0.5	6.422350
12.916667	0.5	6.436050
12.925000	0.5	6.448800
12.933333	0.5	6.465750
12.941667	0.5	6.480100
12.950000	0.5	6.497050
12.958333	0.5	6.513550
12.966667	0.5	6.531800
12.975000	0.5	6.548600
12.983333	0.5	6.568150
12.991667	0.5	6.584750
13.000000	0.5	6.605100
13.008333	0.5	6.622150
13.016667	0.5	6.639300
13.025000	0.5	6.655500
13.033333	0.5	6.672600
13.041667	0.5	6.688850
13.050000	0.5	6.707650
13.058333	0.5	6.725650
13.066667	0.5	6.742600
13.075000	0.5	6.765900
13.083333	0.5	6.780250
13.091667	0.5	6.798600
13.100000	0.5	6.818650
13.108333	0.5	6.830750
13.116667	0.5	6.845050
13.125000	0.5	6.861800
13.133333	0.5	6.877550
13.141667	0.5	6.892200
13.150000	0.5	6.904500
13.158333	0.5	6.919950
13.166667	0.5	6.933200
13.175000	0.5	6.945800
13.183333	0.5	6.957850
13.191667	0.5	6.972250
13.200000	0.5	6.981600
13.208333	0.5	6.990750
13.216667	0.5	6.997400
13.225000	0.5	7.006600
13.233333	0.5	7.015350
13.241667	0.5	7.024350
13.250000	0.5	7.033500
13.258333	0.5	7.043600
13.266667	0.5	7.048900
13.275000	0.5	7.059050
13.283333	0.5	7.066500
13.291667	0.5	7.077450
13.300000	0.5	7.082600
13.308333	0.5	7.091100
13.316667	0.5	7.096000
13.325000	0.5	7.102850
13.333333	0.5	7.111200
13.341667	0.5	7.120250
13.350000	0.5	7.132350
13.358333	0.5	7.141450
13.366667	0.5	7.153100
13.375000	0.5	7.161050
13.383333	0.5	7.175800
13.391667	0.5	7.187850
13.400000	0.5	7.197550
13.408333	0.5	7.209350
13.416667	0.5	7.220200
13.425000	0.5	7.234700
13.433333	0.5	7.247000
13.441667	0.5	7.263200
13.450000	0.5	7.278000
13.458333	0.5	7.298600
13.466667	0.5	7.313900
13.475000	0.5	7.333000
13.483333	0.5	7.348950
13.491667	0.5	7.364800
13.500000	0.5	7.377900
13.508333	0.5	7.397200
13.516667	0.5	7.415400
13.525000	0.5	7.433600
13.533333	0.5	7.453650
13.541667	0.5	7.474400
13.550000	0.5	7.494750
13.558333	0.5	7.514550
13.566667	0.5	7.533500
13.575000	0.5	7.557350
13.583333	0.5	7.577450
13.591667	0.5	7.595300
13.600000	0.5	7.612400
13.608333	0.5	7.632400
13.616667	0.5	7.654450
13.625000	0.5	7.676250
13.633333	0.5	7.696800
13.641667	0.5	7.715700
13.650000	0.5	7.737850
13.658333	0.5	7.758000
13.666667	0.5	7.777700
13.675000	0.5	7.800750
13.683333	0.5	7.819150
13.691667	0.5	7.836200
13.700000	0.5	7.855000
13.708333	0.5	7.874650
13.716667	0.5	7.895000
13.725000	0.5	7.912650
13.733333	0.5	7.932000
13.741667	0.5	7.951550
13.750000	0.5	7.973750
13.758333	0.5	7.993050
13.766667	0.5	8.017250
13.775000	0.5	8.033450
13.783333	0.5	8.054450
13.791667	0.5	8.074250
13.800000	0.5	8.093650
13.808333	0.5	8.111900
13.816667	0.5	8.131550
13.825000	0.5	8.152300
13.833333	0.5	8.170850
13.841667	0.5	8.194000
13.850000	0.5	8.216750
13.858333	0.5	8.238050
13.866667	0.5	8.264150
13.875000	0.5	8.283450
13.883333	0.5	8.305450
13.891667	0.5	8.327900
13.900000	0.5	8.355100
13.908333	0.5	8.375950
13.916667	0.5	8.401850
13.925000	0.5	8.424100
13.933333	0.5	8.453950
13.941667	0.5	8.481350
13.950000	0.5	8.506500
13.958333	0.5	8.537100
13.966667	0.5	8.564950
13.975000	0.5	8.592700
13.983333	0.5	8.621500
13.991667	0.5	8.650050
14.000000	0.5	8.675550
14.008333	0.5	8.706550
14.016667	0.5	8.733150
14.025000	0.5	8.758300
14.033333	0.5	8.783950
14.041667	0.5	8.811650
14.050000	0.5	8.837450
14.058333	0.5	8.866000
14.066667	0.5	8.889900
14.075000	0.5	8.908400
14.083333	0.5	8.929400
14.091667	0.5	8.948250
14.100000	0.5	8.967650
14.108333	0.5	8.983500
14.116667	0.5	8.999850
14.125000	0.5	9.015650
14.133333	0.5	9.030350
14.141667	0.5	9.038900
14.150000	0.5	9.054650
14.158333	0.5	9.070700
14.166667	0.5	9.080800
14.175000	0.5	9.086700
14.183333	0.5	9.095750
14.191667	0.5	9.107250
14.200000	0.5	9.110750
14.208333	0.5	9.121950
14.216667	0.5	9.130300
14.225000	0.5	9.138950
14.233333	0.5	9.144750
14.241667	0.5	9.150950
14.250000	0.5	9.167700
14.258333	0.5	9.174550
14.266667	0.5	9.183400
14.275000	0.5	9.191900
14.283333	0.5	9.200800
14.291667	0.5	9.212100
14.300000	0.5	9.221050
14.308333	0.5	9.232050
14.316667	0.5	9.244700
14.325000	0.5	9.260200
14.333333	0.5	9.268600
14.341667	0.5	9.287500
14.350000	0.5	9.304400
14.358333	0.5	9.319950
14.366667	0.5	9.330950
14.375000	0.5	9.347000
14.383333	0.5	9.364450
14.391667	0.5	9.379350
14.400000	0.5	9.397300
14.408333	0.5	9.415400
14.416667	0.5	9.435000
14.425000	0.5	9.455700
14.433333	0.5	9.471350
14.441667	0.5	9.493800
14.450000	0.5	9.516200
14.458333	0.5	9.531000
14.466667	0.5	9.548500
14.475000	0.5	9.569600
14.483333	0.5	9.588950
14.491667	0.5	9.606750
14.500000	0.5	9.622900
14.508333	0.5	9.640500
14.516667	0.5	9.661450
14.525000	0.5	9.672100
14.533333	0.5	9.694350
14.541667	0.5	9.714800
14.550000	0.5	9.732050
14.558333	0.5	9.745750
14.566667	0.5	9.761650
14.575000	0.5	9.772950
14.583333	0.5	9.787100
14.591667	0.5	9.802300
14.600000	0.5	9.817100
14.608333	0.5	9.829100
14.616667	0.5	9.842450
14.625000	0.5	9.852900
14.633333	0.5	9.870000
14.641667	0.5	9.884050
14.650000	0.5	9.893050
14.658333	0.5	9.904900
14.666667	0.5	9.915500
14.675000	0.5	9.927550
14.683333	0.5	9.936450
14.691667	0.5	9.949350
14.700000	0.5	9.958850
14.708333	0.5	9.977950
14.716667	0.5	9.983850
14.725000	0.5	10.000250
14.733333	0.5	10.014300
14.741667	0.5	10.030150
14.750000	0.5	10.045450
14.758333	0.5	10.056800
14.766667	0.5	10.072050
14.775000	0.5	10.085950
14.783333	0.5	10.101250
14.791667	0.5	10.122100
14.800000	0.5	10.136400
14.808333	0.5	10.151950
14.816667	0.5	10.172200
14.825000	0.5	10.196400
14.833333	0.5	10.217400
14.841667	0.5	10.235950
14.850000	0.5	10.256950
14.858333	0.5	10.279400
14.866667	0.5	10.301700
14.875000	0.5	10.324750
14.883333	0.5	10.345850
14.891667	0.5	10.368250
14.900000	0.5	10.394100
14.908333	0.5	10.413400
14.916667	0.5	10.446150
14.925000	0.5	10.474000
14.933333	0.5	10.499100
14.941667	0.5	10.523750
14.950000	0.5	10.550400
14.958333	0.5	10.574650
14.966667	0.5	10.601500
14.975000	0.5	10.627050
14.983333	0.5	10.652100
14.991667	0.5	10.676050
15.000000	0.5	10.697800
15.008333	0.5	10.722900
15.016667	0.5	10.754350
15.025000	0.5	10.774200
15.033333	0.5	10.796350
15.041667	0.5	10.812500
15.050000	0.5	10.833900
15.058333	0.5	10.848450
15.066667	0.5	10.863750
15.075000	0.5	10.880300
15.083333	0.5	10.893500
15.091667	0.5	10.908150
15.100000	0.5	10.916250
15.108333	0.5	10.935750
15.116667	0.5	10.950650
15.125000	0.5	10.960450
15.133333	0.5	10.973100
15.141667	0.5	10.982800
15.150000	0.5	10.991650
15.158333	0.5	11.000650
15.166667	0.5	11.011200
15.175000	0.5	11.022600
15.183333	0.5	11.031700
15.191667	0.5	11.042650
15.200000	0.5	11.054050
15.208333	0.5	11.071200
15.216667	0.5	11.087850
15.225000	0.5	11.098650
15.233333	0.5	11.111950
15.241667	0.5	11.126400
15.250000	0.5	11.140900
15.258333	0.5	11.156250
15.266667	0.5	11.172400
15.275000	0.5	11.191850
15.283333	0.5	11.208900
15.291667	0.5	11.222000
15.300000	0.5	11.249600
15.308333	0.5	11.270300
15.316667	0.5	11.293150
15.325000	0.5	11.311950
15.333333	0.5	11.331000
15.341667	0.5	11.352800
15.350000	0.5	11.375600
15.358333	0.5	11.400950
15.366667	0.5	11.422100
15.375000	0.5	11.447450
15.383333	0.5	11.471900
15.391667	0.5	11.498050
15.400000	0.5	11.533250
15.408333	0.5	11.565400
15.416667	0.5	11.590500
15.425000	0.5	11.619500
15.433333	0.5	11.651550
15.441667	0.5	11.678900
15.450000	0.5	11.708600
15.458333	0.5	11.737750
15.466667	0.5	11.767850
15.475000	0.5	11.800250
15.483333	0.5	11.824950
15.491667	0.5	11.864950
15.500000	0.5	11.898750
15.508333	0.5	11.926700
15.516667	0.5	11.958650
15.525000	0.5	11.986000
15.533333	0.5	12.013300
15.541667	0.5	12.041550
15.550000	0.5	12.071450
15.558333	0.5	12.093050
15.566667	0.5	12.119800
15.575000	0.5	12.142950
15.583333	0.5	12.165750
15.591667	0.5	12.197100
15.600000	0.5	12.229850
15.608333	0.5	12.252650
15.616667	0.5	12.284250
15.625000	0.5	12.315200
15.633333	0.5	12.348850
15.641667	0.5	12.379200
15.650000	0.5	12.421700
15.658333	0.5	12.459600
15.666667	0.5	12.516350
15.675000	0.5	12.564550
15.683333	0.5	12.638200
15.691667	0.5	12.716750
15.700000	0.5	12.802500
15.708333	0.5	12.897200
15.716667	0.5	13.004900
15.725000	0.5	13.120000
15.733333	0.5	13.249550
15.741667	0.5	13.394700
15.750000	0.5	13.542100
15.758333	0.5	13.701650
15.766667	0.5	13.866400
15.775000	0.5	14.042400
15.783333	0.5	14.225600
15.791667	0.5	14.410700
15.800000	0.5	14.583550
15.808333	0.5	14.750250
15.816667	0.5	14.911250
15.825000	0.5	15.059350
15.833333	0.5	15.192000
15.841667	0.5	15.304100
15.850000	0.5	15.402200
15.858333	0.5	15.486100
15.866667	0.5	15.528600
15.875000	0.5	15.580800
15.883333	0.5	15.614900
15.891667	0.5	15.617300
15.900000	0.5	15.608350
15.908333	0.5	15.580500
15.916667	0.5	15.539850
15.925000	0.5	15.489400
15.933333	0.5	15.433200
15.941667	0.5	15.369400
15.950000	0.5	15.301600
15.958333	0.5	15.228400
15.966667	0.5	15.155300
15.975000	0.5	15.090750
15.983333	0.5	15.021700
15.991667	0.5	14.938700
16.000000	0.5	14.855500
16.008333	0.5	14.771850
16.016667	0.5	14.682350
16.025000	0.5	14.587950
16.033333	0.5	14.485200
16.041667	0.5	14.380800
16.050000	0.5	14.276500
16.058333	0.5	14.157900
16.066667	0.5	14.051950
16.075000	0.5	13.937550
16.083333	0.5	13.816600
16.091667	0.5	13.692150
16.100000	0.5	13.564750
16.108333	0.5	13.438950
16.116667	0.5	13.310500
16.125000	0.5	13.186200
16.133333	0.5	13.065300
16.141667	0.5	12.948550
16.150000	0.5	12.834650
16.158333	0.5	12.729400
16.166667	0.5	12.631550
16.175000	0.5	12.536050
16.183333	0.5	12.442650
16.191667	0.5	12.357450
16.200000	0.5	12.278600
16.208333	0.5	12.207650
16.216667	0.5	12.143800
16.225000	0.5	12.086150
16.233333	0.5	12.036200
16.241667	0.5	11.999150
16.250000	0.5	11.964350
16.258333	0.5	11.946300
16.266667	0.5	11.935250
16.275000	0.5	11.931900
16.283333	0.5	11.934500
16.291667	0.5	11.950250
16.300000	0.5	11.970500
16.308333	0.5	12.001050
16.316667	0.5	12.039050
16.325000	0.5	12.083800
16.333333	0.5	12.140950
16.341667	0.5	12.196600
16.350000	0.5	12.261900
16.358333	0.5	12.337850
16.366667	0.5	12.421000
16.375000	0.5	12.503150
16.383333	0.5	12.593450
16.391667	0.5	12.685600
16.400000	0.5	12.784350
16.408333	0.5	12.886950
16.416667	0.5	12.988650
16.425000	0.5	13.093100
16.433333	0.5	13.201000
16.441667	0.5	13.300100
16.450000	0.5	13.414950
16.458333	0.5	13.523400
16.466667	0.5	13.621200
16.475000	0.5	13.715350
16.483333	0.5	13.804050
16.491667	0.5	13.885100
16.500000	0.5	13.957750
16.508333	0.5	14.022200
16.516667	0.5	14.072150
16.525000	0.5	14.118000
16.533333	0.5	14.143350
16.541667	0.5	14.169200
16.550000	0.5	14.191150
16.558333	0.5	14.203950
16.566667	0.5	14.201350
16.575000	0.5	14.195800
16.583333	0.5	14.184950
16.591667	0.5	14.170800
16.600000	0.5	14.151500
16.608333	0.5	14.131900
16.616667	0.5	14.110300
16.625000	0.5	14.095350
16.633333	0.5	14.074750
16.641667	0.5	14.071000
16.650000	0.5	14.071050
16.658333	0.5	14.076050
16.666667	0.5	14.090150
16.675000	0.5	14.115800
16.683333	0.5	14.153250
16.691667	0.5	14.209400
16.700000	0.5	14.286300
16.708333	0.5	14.387250
16.716667	0.5	14.389200
16.725000	0.5	14.678900
16.733333	0.5	14.882500
16.741667	0.5	15.141450
16.750000	0.5	15.457100
16.758333	0.5	15.832950
16.766667	0.5	16.291450
16.775000	0.5	16.844350
16.783333	0.5	17.506600
16.791667	0.5	18.291350
16.800000	0.5	19.215300
16.808333	0.5	20.289950
16.816667	0.5	21.534200
16.825000	0.5	22.918650
16.833333	0.5	24.511700
16.841667	0.5	26.268950
16.850000	0.5	28.179250
16.858333	0.5	30.212250
16.866667	0.5	32.349750
16.875000	0.5	34.546651
16.883333	0.5	36.771551
16.891667	0.5	38.984301
16.900000	0.5	41.145451
16.908333	0.5	43.219351
16.916667	0.5	45.159551
16.925000	0.5	46.952751
16.933333	0.5	48.621851
16.941667	0.5	50.086401
16.950000	0.5	51.284001
16.958333	0.5	52.254601
16.966667	0.5	52.981251
16.975000	0.5	53.460601
16.983333	0.5	53.700501
16.991667	0.5	53.713251
17.000000	0.5	53.515301
17.008333	0.5	53.146251
17.016667	0.5	52.540001
17.025000	0.5	51.870701
17.033333	0.5	51.064351
17.041667	0.5	50.114401
17.050000	0.5	49.049501
17.058333	0.5	47.904801
17.066667	0.5	46.692751
17.075000	0.5	45.440951
17.083333	0.5	44.162401
17.091667	0.5	42.869401
17.100000	0.5	41.588901
17.108333	0.5	40.302451
17.116667	0.5	39.052601
17.125000	0.5	37.848751
17.133333	0.5	36.660201
17.141667	0.5	35.485451
17.150000	0.5	34.347601
17.158333	0.5	33.254600
17.166667	0.5	32.208800
17.175000	0.5	31.205050
17.183333	0.5	30.248200
17.191667	0.5	29.340550
17.200000	0.5	28.487400
17.208333	0.5	27.667650
17.216667	0.5	26.911750
17.225000	0.5	26.192400
17.233333	0.5	25.504850
17.241667	0.5	24.854300
17.250000	0.5	24.239100
17.258333	0.5	23.660100
17.266667	0.5	23.117950
17.275000	0.5	22.607700
17.283333	0.5	22.125750
17.291667	0.5	21.678000
17.300000	0.5	21.250500
17.308333	0.5	20.858900
17.316667	0.5	20.489200
17.325000	0.5	20.143050
17.333333	0.5	19.811250
17.341667	0.5	19.501400
17.350000	0.5	19.213050
17.358333	0.5	18.946600
17.366667	0.5	18.704800
17.375000	0.5	18.478600
17.383333	0.5	18.272100
17.391667	0.5	18.089450
17.400000	0.5	17.918300
17.408333	0.5	17.780000
17.416667	0.5	17.661550
17.425000	0.5	17.557300
17.433333	0.5	17.468750
17.441667	0.5	17.399250
17.450000	0.5	17.348150
17.458333	0.5	17.313750
17.466667	0.5	17.294150
17.475000	0.5	17.292950
17.483333	0.5	17.307000
17.491667	0.5	17.327150
17.500000	0.5	17.369200
17.508333	0.5	17.426600
17.516667	0.5	17.489900
17.525000	0.5	17.549700
17.533333	0.5	17.619500
17.541667	0.5	17.689050
17.550000	0.5	17.763100
17.558333	0.5	17.836250
17.566667	0.5	17.908500
17.575000	0.5	17.974850
17.583333	0.5	18.050450
17.591667	0.5	18.097200
17.600000	0.5	18.172450
17.608333	0.5	18.240700
17.616667	0.5	18.293750
17.625000	0.5	18.343850
17.633333	0.5	18.385400
17.641667	0.5	18.422400
17.650000	0.5	18.453850
17.658333	0.5	18.484200
17.666667	0.5	18.502100
17.675000	0.5	18.521700
17.683333	0.5	18.528750
17.691667	0.5	18.545550
17.700000	0.5	18.566450
17.708333	0.5	18.586250
17.716667	0.5	18.584800
17.725000	0.5	18.590150
17.733333	0.5	18.587900
17.741667	0.5	18.581300
17.750000	0.5	18.578750
17.758333	0.5	18.565100
17.766667	0.5	18.554150
17.775000	0.5	18.546150
17.783333	0.5	18.519100
17.791667	0.5	18.517200
17.800000	0.5	18.510850
17.808333	0.5	18.489400
17.816667	0.5	18.468750
17.825000	0.5	18.446950
17.833333	0.5	18.419250
17.841667	0.5	18.385850
17.850000	0.5	18.353150
17.858333	0.5	18.320250
17.866667	0.5	18.286200
17.875000	0.5	18.241450
17.883333	0.5	18.212600
17.891667	0.5	18.189300
17.900000	0.5	18.162200
17.908333	0.5	18.121000
17.916667	0.5	18.083550
17.925000	0.5	18.046700
17.933333	0.5	18.010500
17.941667	0.5	17.972100
17.950000	0.5	17.933250
17.958333	0.5	17.900850
17.966667	0.5	17.873150
17.975000	0.5	17.831500
17.983333	0.5	17.810200
17.991667	0.5	17.788350
18.000000	0.5	17.759150
18.008333	0.5	17.731750
18.016667	0.5	17.701150
18.025000	0.5	17.672000
18.033333	0.5	17.637800
18.041667	0.5	17.591400
18.050000	0.5	17.546600
18.058333	0.5	17.504400
18.066667	0.5	17.439750
18.075000	0.5	17.380850
18.083333	0.5	17.317150
18.091667	0.5	17.237350
18.100000	0.5	17.145700
18.108333	0.5	17.035050
18.116667	0.5	16.917400
18.125000	0.5	16.792000
18.133333	0.5	16.655600
18.141667	0.5	16.521000
18.150000	0.5	16.379250
18.158333	0.5	16.250550
18.166667	0.5	16.115900
18.175000	0.5	16.007900
18.183333	0.5	15.907600
18.191667	0.5	15.812100
18.200000	0.5	15.727650
18.208333	0.5	15.664200
18.216667	0.5	15.610850
18.225000	0.5	15.573350
18.233333	0.5	15.547700
18.241667	0.5	15.532200
18.250000	0.5	15.529300
18.258333	0.5	15.523350
18.266667	0.5	15.538600
18.275000	0.5	15.562100
18.283333	0.5	15.586350
18.291667	0.5	15.602650
18.300000	0.5	15.623200
18.308333	0.5	15.637800
18.316667	0.5	15.646050
18.325000	0.5	15.650550
18.333333	0.5	15.640750
18.341667	0.5	15.618600
18.350000	0.5	15.586450
18.358333	0.5	15.526300
18.366667	0.5	15.466650
18.375000	0.5	15.380000
18.383333	0.5	15.273250
18.391667	0.5	15.149900
18.400000	0.5	15.006450
18.408333	0.5	14.855800
18.416667	0.5	14.701700
18.425000	0.5	14.544800
18.433333	0.5	14.387800
18.441667	0.5	14.243700
18.450000	0.5	14.103600
18.458333	0.5	13.991250
18.466667	0.5	13.892150
18.475000	0.5	13.805200
18.483333	0.5	13.729500
18.491667	0.5	13.671350
18.500000	0.5	13.626050
18.508333	0.5	13.592500
18.516667	0.5	13.572100
18.525000	0.5	13.559450
18.533333	0.5	13.556550
18.541667	0.5	13.567000
18.550000	0.5	13.578050
18.558333	0.5	13.609600
18.566667	0.5	13.644700
18.575000	0.5	13.674800
18.583333	0.5	13.713500
18.591667	0.5	13.754250
18.600000	0.5	13.797250
18.608333	0.5	13.843050
18.616667	0.5	13.893050
18.625000	0.5	13.943050
18.633333	0.5	14.004600
18.641667	0.5	14.056000
18.650000	0.5	14.115900
18.658333	0.5	14.180800
18.666667	0.5	14.240700
18.675000	0.5	14.300700
18.683333	0.5	14.362450
18.691667	0.5	14.420650
18.700000	0.5	14.484000
18.708333	0.5	14.546350
18.716667	0.5	14.603450
18.725000	0.5	14.666650
18.733333	0.5	14.727350
18.741667	0.5	14.781950
18.750000	0.5	14.854550
18.758333	0.5	14.919150
18.766667	0.5	14.983950
18.775000	0.5	15.043250
18.783333	0.5	15.105500
18.791667	0.5	15.160000
18.800000	0.5	15.218300
18.808333	0.5	15.274100
18.816667	0.5	15.324300
18.825000	0.5	15.382150
18.833333	0.5	15.429950
18.841667	0.5	15.482600
18.850000	0.5	15.543150
18.858333	0.5	15.598500
18.866667	0.5	15.646950
18.875000	0.5	15.692700
18.883333	0.5	15.735500
18.891667	0.5	15.775700
18.900000	0.5	15.815200
18.908333	0.5	15.854950
18.916667	0.5	15.887400
18.925000	0.5	15.924150
18.933333	0.5	15.949150
18.941667	0.5	15.989200
18.950000	0.5	16.023700
18.958333	0.5	16.049900
18.966667	0.5	16.072000
18.975000	0.5	16.090450
18.983333	0.5	16.106350
18.991667	0.5	16.119050
19.000000	0.5	16.130100
19.008333	0.5	16.133100
19.016667	0.5	16.149400
19.025000	0.5	16.141900
19.033333	0.5	16.150450
19.041667	0.5	16.164550
19.050000	0.5	16.172150
19.058333	0.5	16.173850
19.066667	0.5	16.169300
19.075000	0.5	16.162800
19.083333	0.5	16.158450
19.091667	0.5	16.152600
19.100000	0.5	16.146100
19.108333	0.5	16.135900
19.116667	0.5	16.132200
19.125000	0.5	16.119600
19.133333	0.5	16.123750
19.141667	0.5	16.125250
19.150000	0.5	16.118450
19.158333	0.5	16.111700
19.166667	0.5	16.104800
19.175000	0.5	16.100350
19.183333	0.5	16.092300
19.191667	0.5	16.085900
19.200000	0.5	16.079550
19.208333	0.5	16.076600
19.216667	0.5	16.059650
19.225000	0.5	16.063300
19.233333	0.5	16.069350
19.241667	0.5	16.073250
19.250000	0.5	16.065950
19.258333	0.5	16.063100
19.266667	0.5	16.057500
19.275000	0.5	16.051150
19.283333	0.5	16.045150
19.291667	0.5	16.029600
19.300000	0.5	16.021750
19.308333	0.5	16.013400
19.316667	0.5	15.991600
19.325000	0.5	15.982800
19.333333	0.5	15.961800
19.341667	0.5	15.918100
19.350000	0.5	15.847100
19.358333	0.5	15.742850
19.366667	0.5	15.588100
19.375000	0.5	15.381000
19.383333	0.5	15.132800
19.391667	0.5	14.880350
19.400000	0.5	14.658300
19.408333	0.5	14.494950
19.416667	0.5	14.452400
19.425000	0.5	14.532200
19.433333	0.5	14.746300
19.441667	0.5	15.104050
19.450000	0.5	15.597950
19.458333	0.5	16.209000
19.466667	0.5	16.911350
19.475000	0.5	17.674150
19.483333	0.5	18.456400
19.491667	0.5	19.230750
19.500000	0.5	19.973100
19.508333	0.5	20.662700
19.516667	0.5	21.285900
19.525000	0.5	21.832700
19.533333	0.5	22.298350
19.541667	0.5	22.685850
19.550000	0.5	22.996150
19.558333	0.5	23.231150
19.566667	0.5	23.402250
19.575000	0.5	23.514200
19.583333	0.5	23.570450
19.591667	0.5	23.588100
19.600000	0.5	23.558000
19.608333	0.5	23.507350
19.616667	0.5	23.433050
19.625000	0.5	23.331300
19.633333	0.5	23.209650
19.641667	0.5	23.076400
19.650000	0.5	22.931550
19.658333	0.5	22.778800
19.666667	0.5	22.621800
19.675000	0.5	22.459300
19.683333	0.5	22.292450
19.691667	0.5	22.126400
19.700000	0.5	21.957200
19.708333	0.5	21.796350
19.716667	0.5	21.633500
19.725000	0.5	21.468750
19.733333	0.5	21.302650
19.741667	0.5	21.143050
19.750000	0.5	20.986650
19.758333	0.5	20.831900
19.766667	0.5	20.685400
19.775000	0.5	20.540400
19.783333	0.5	20.408150
19.791667	0.5	20.272250
19.800000	0.5	20.154200
19.808333	0.5	20.039500
19.816667	0.5	19.927100
19.825000	0.5	19.813400
19.833333	0.5	19.705650
19.841667	0.5	19.600550
19.850000	0.5	19.499950
19.858333	0.5	19.399700
19.866667	0.5	19.304550
19.875000	0.5	19.214100
19.883333	0.5	19.134000
19.891667	0.5	19.051600
19.900000	0.5	18.983250
19.908333	0.5	18.919700
19.916667	0.5	18.856150
19.925000	0.5	18.797350
19.933333	0.5	18.745550
19.941667	0.5	18.698400
19.950000	0.5	18.658000
19.958333	0.5	18.623800
19.966667	0.5	18.597800
19.975000	0.5	18.574900
19.983333	0.5	18.555000
19.991667	0.5	18.550850
20.000000	0.5	18.556900
20.008333	0.5	18.566800
20.016667	0.5	18.579100
20.025000	0.5	18.597350
20.033333	0.5	18.625050
20.041667	0.5	18.654250
20.050000	0.5	18.692050
20.058333	0.5	18.729000
20.066667	0.5	18.758600
20.075000	0.5	18.776750
20.083333	0.5	18.768200
20.091667	0.5	18.729400
20.100000	0.5	18.628750
20.108333	0.5	18.450450
20.116667	0.5	18.191600
20.125000	0.5	17.848550
20.133333	0.5	17.430300
20.141667	0.5	16.949500
20.150000	0.5	16.433550
20.158333	0.5	15.900850
20.166667	0.5	15.369650
20.175000	0.5	14.857400
20.183333	0.5	14.388400
20.191667	0.5	13.961550
20.200000	0.5	13.583550
20.208333	0.5	13.250500
20.216667	0.5	12.977700
20.225000	0.5	12.762950
20.233333	0.5	12.592750
20.241667	0.5	12.468350
20.250000	0.5	12.381500
20.258333	0.5	12.323350
20.266667	0.5	12.288650
20.275000	0.5	12.269450
20.283333	0.5	12.271550
20.291667	0.5	12.285350
20.300000	0.5	12.297950
20.308333	0.5	12.316650
20.316667	0.5	12.339600
20.325000	0.5	12.364300
20.333333	0.5	12.391350
20.341667	0.5	12.420400
20.350000	0.5	12.449500
20.358333	0.5	12.480300
20.366667	0.5	12.502700
20.375000	0.5	12.528350
20.383333	0.5	12.554550
20.391667	0.5	12.577300
20.400000	0.5	12.588400
20.408333	0.5	12.592050
20.416667	0.5	12.578100
20.425000	0.5	12.552750
20.433333	0.5	12.518350
20.441667	0.5	12.479400
20.450000	0.5	12.447100
20.458333	0.5	12.432250
20.466667	0.5	12.430300
20.475000	0.5	12.462600
20.483333	0.5	12.515500
20.491667	0.5	12.591300
20.500000	0.5	12.675900
20.508333	0.5	12.770450
20.516667	0.5	12.861600
20.525000	0.5	12.939700
20.533333	0.5	13.014100
20.541667	0.5	13.076250
20.550000	0.5	13.139700
20.558333	0.5	13.190050
20.566667	0.5	13.248350
20.575000	0.5	13.308300
20.583333	0.5	13.365100
20.591667	0.5	13.418450
20.600000	0.5	13.470300
20.608333	0.5	13.520200
20.616667	0.5	13.569350
20.625000	0.5	13.617750
20.633333	0.5	13.662500
20.641667	0.5	13.709550
20.650000	0.5	13.749100
20.658333	0.5	13.784500
20.666667	0.5	13.827700
20.675000	0.5	13.866250
20.683333	0.5	13.899200
20.691667	0.5	13.925400
20.700000	0.5	13.955750
20.708333	0.5	13.977000
20.716667	0.5	13.998700
20.725000	0.5	14.019100
20.733333	0.5	14.031300
20.741667	0.5	14.049250
20.750000	0.5	14.054850
20.758333	0.5	14.070750
20.766667	0.5	14.088200
20.775000	0.5	14.098600
20.783333	0.5	14.102000
20.791667	0.5	14.103100
20.800000	0.5	14.100600
20.808333	0.5	14.099200
20.816667	0.5	14.096000
20.825000	0.5	14.090950
20.833333	0.5	14.084300
20.841667	0.5	14.078650
20.850000	0.5	14.065050
20.858333	0.5	14.066700
20.866667	0.5	14.062550
20.875000	0.5	14.053550
20.883333	0.5	14.045600
20.891667	0.5	14.041350
20.900000	0.5	14.028050
20.908333	0.5	14.022150
20.916667	0.5	14.013600
20.925000	0.5	14.006350
20.933333	0.5	14.005550
20.941667	0.5	13.993650
20.950000	0.5	13.998650
20.958333	0.5	14.002600
20.966667	0.5	14.003900
20.975000	0.5	14.004700
20.983333	0.5	14.006150
20.991667	0.5	14.008800
21.000000	0.5	14.012550
21.008333	0.5	14.018900
21.016667	0.5	14.023450
21.025000	0.5	14.033100
21.033333	0.5	14.045400
21.041667	0.5	14.052500
21.050000	0.5	14.076300
21.058333	0.5	14.095400
21.066667	0.5	14.108200
21.075000	0.5	14.126500
21.083333	0.5	14.144150
21.091667	0.5	14.163450
21.100000	0.5	14.183250
21.108333	0.5	14.202750
21.116667	0.5	14.223250
21.125000	0.5	14.247650
21.133333	0.5	14.267450
21.141667	0.5	14.297900
21.150000	0.5	14.331350
21.158333	0.5	14.361500
21.166667	0.5	14.387750
21.175000	0.5	14.414100
21.183333	0.5	14.442050
21.191667	0.5	14.470950
21.200000	0.5	14.499550
21.208333	0.5	14.528250
21.216667	0.5	14.556600
21.225000	0.5	14.583600
21.233333	0.5	14.613500
21.241667	0.5	14.650600
21.250000	0.5	14.687450
21.258333	0.5	14.717800
21.266667	0.5	14.745550
21.275000	0.5	14.777400
21.283333	0.5	14.805450
21.291667	0.5	14.831300
21.300000	0.5	14.860050
21.308333	0.5	14.884800
21.316667	0.5	14.916950
21.325000	0.5	14.932350
21.333333	0.5	14.962950
21.341667	0.5	14.994150
21.350000	0.5	15.024400
21.358333	0.5	15.044200
21.366667	0.5	15.068700
21.375000	0.5	15.088700
21.383333	0.5	15.107850
21.391667	0.5	15.127550
21.400000	0.5	15.145900
21.408333	0.5	15.162900
21.416667	0.5	15.179700
21.425000	0.5	15.190600
21.433333	0.5	15.215350
21.441667	0.5	15.234100
21.450000	0.5	15.245400
21.458333	0.5	15.257450
21.466667	0.5	15.265400
21.475000	0.5	15.275600
21.483333	0.5	15.282450
21.491667	0.5	15.289650
21.500000	0.5	15.294050
21.508333	0.5	15.301700
21.516667	0.5	15.297050
21.525000	0.5	15.309250
21.533333	0.5	15.320550
21.541667	0.5	15.329400
21.550000	0.5	15.330450
21.558333	0.5	15.333500
21.566667	0.5	15.333800
21.575000	0.5	15.331150
21.583333	0.5	15.331300
21.591667	0.5	15.329900
21.600000	0.5	15.328350
21.608333	0.5	15.326700
21.616667	0.5	15.322750
21.625000	0.5	15.334500
21.633333	0.5	15.336550
21.641667	0.5	15.335050
21.650000	0.5	15.334800
21.658333	0.5	15.331450
21.666667	0.5	15.332100
21.675000	0.5	15.328150
21.683333	0.5	15.326750
21.691667	0.5	15.320300
21.700000	0.5	15.325800
21.708333	0.5	15.314250
21.716667	0.5	15.324900
21.725000	0.5	15.333250
21.733333	0.5	15.336250
21.741667	0.5	15.340350
21.750000	0.5	15.339400
21.758333	0.5	15.342550
21.766667	0.5	15.345350
21.775000	0.5	15.344250
21.783333	0.5	15.344550
21.791667	0.5	15.348800
21.800000	0.5	15.353200
21.808333	0.5	15.355100
21.816667	0.5	15.368700
21.825000	0.5	15.380400
21.833333	0.5	15.386550
21.841667	0.5	15.394700
21.850000	0.5	15.399800
21.858333	0.5	15.408550
21.866667	0.5	15.412100
21.875000	0.5	15.417350
21.883333	0.5	15.422600
21.891667	0.5	15.433850
21.900000	0.5	15.427700
21.908333	0.5	15.450100
21.916667	0.5	15.464550
21.925000	0.5	15.476800
21.933333	0.5	15.485650
21.941667	0.5	15.491050
21.950000	0.5	15.496800
21.958333	0.5	15.503450
21.966667	0.5	15.508750
21.975000	0.5	15.512900
21.983333	0.5	15.516750
21.991667	0.5	15.521500
22.000000	0.5	15.522550
22.008333	0.5	15.537850
22.016667	0.5	15.551250
22.025000	0.5	15.552550
22.033333	0.5	15.555100
22.041667	0.5	15.554950
22.050000	0.5	15.555750
22.058333	0.5	15.552600
22.066667	0.5	15.546750
22.075000	0.5	15.540350
22.083333	0.5	15.536550
22.091667	0.5	15.525200
22.100000	0.5	15.523500
22.108333	0.5	15.518200
22.116667	0.5	15.513500
22.125000	0.5	15.499200
22.133333	0.5	15.487400
22.141667	0.5	15.470800
22.150000	0.5	15.454050
22.158333	0.5	15.435650
22.166667	0.5	15.417650
22.175000	0.5	15.395400
22.183333	0.5	15.373400
22.191667	0.5	15.351950
22.200000	0.5	15.346650
22.208333	0.5	15.336750
22.216667	0.5	15.315400
22.225000	0.5	15.298050
22.233333	0.5	15.281800
22.241667	0.5	15.264450
22.250000	0.5	15.250650
22.258333	0.5	15.239600
22.266667	0.5	15.224600
22.275000	0.5	15.219850
22.283333	0.5	15.200200
22.291667	0.5	15.204650
22.300000	0.5	15.206600
22.308333	0.5	15.208500
22.316667	0.5	15.210350
22.325000	0.5	15.213850
22.333333	0.5	15.215950
22.341667	0.5	15.223950
22.350000	0.5	15.226500
22.358333	0.5	15.234550
22.366667	0.5	15.248050
22.375000	0.5	15.260200
22.383333	0.5	15.269500
22.391667	0.5	15.298200
22.400000	0.5	15.321150
22.408333	0.5	15.339400
22.416667	0.5	15.359150
22.425000	0.5	15.378000
22.433333	0.5	15.398800
22.441667	0.5	15.419200
22.450000	0.5	15.436750
22.458333	0.5	15.454500
22.466667	0.5	15.479000
22.475000	0.5	15.486700
22.483333	0.5	15.514650
22.491667	0.5	15.541750
22.500000	0.5	15.561700
22.508333	0.5	15.578250
22.516667	0.5	15.590050
22.525000	0.5	15.602900
22.533333	0.5	15.610800
22.541667	0.5	15.617850
22.550000	0.5	15.620250
22.558333	0.5	15.625850
22.566667	0.5	15.626500
22.575000	0.5	15.627550
22.583333	0.5	15.638950
22.591667	0.5	15.650700
22.600000	0.5	15.644550
22.608333	0.5	15.642100
22.616667	0.5	15.640000
22.625000	0.5	15.636700
22.633333	0.5	15.631450
22.641667	0.5	15.625600
22.650000	0.5	15.617300
22.658333	0.5	15.614850
22.666667	0.5	15.596700
22.675000	0.5	15.602450
22.683333	0.5	15.604650
22.691667	0.5	15.603300
22.700000	0.5	15.600700
22.708333	0.5	15.592500
22.716667	0.5	15.587400
22.725000	0.5	15.578150
22.733333	0.5	15.571800
22.741667	0.5	15.566350
22.750000	0.5	15.557850
22.758333	0.5	15.550800
22.766667	0.5	15.543600
22.775000	0.5	15.551650
22.783333	0.5	15.554400
22.791667	0.5	15.548600
22.800000	0.5	15.540300
22.808333	0.5	15.534600
22.816667	0.5	15.532350
22.825000	0.5	15.526300
22.833333	0.5	15.516900
22.841667	0.5	15.508700
22.850000	0.5	15.514550
22.858333	0.5	15.494200
22.866667	0.5	15.497150
22.875000	0.5	15.499350
22.883333	0.5	15.498700
22.891667	0.5	15.491450
22.900000	0.5	15.486450
22.908333	0.5	15.479250
22.916667	0.5	15.475100
22.925000	0.5	15.467500
22.933333	0.5	15.457000
22.941667	0.5	15.454550
22.950000	0.5	15.449650
22.958333	0.5	15.442050
22.966667	0.5	15.450250
22.975000	0.5	15.451150
22.983333	0.5	15.447850
22.991667	0.5	15.446250
23.000000	0.5	15.444850
23.008333	0.5	15.439450
23.016667	0.5	15.435150
23.025000	0.5	15.435750
23.033333	0.5	15.429850
23.041667	0.5	15.428350
23.050000	0.5	15.416250
23.058333	0.5	15.424850
23.066667	0.5	15.432000
23.075000	0.5	15.434300
23.083333	0.5	15.434150
23.091667	0.5	15.431700
23.100000	0.5	15.433100
23.108333	0.5	15.428700
23.116667	0.5	15.427400
23.125000	0.5	15.424650
23.133333	0.5	15.426200
23.141667	0.5	15.422950
23.150000	0.5	15.420400
23.158333	0.5	15.431600
23.166667	0.5	15.441250
23.175000	0.5	15.442700
23.183333	0.5	15.441100
23.191667	0.5	15.445200
23.200000	0.5	15.447550
23.208333	0.5	15.448350
23.216667	0.5	15.440500
23.225000	0.5	15.439450
23.233333	0.5	15.443450
23.241667	0.5	15.434950
23.250000	0.5	15.426000
23.258333	0.5	15.372200
23.266667	0.5	15.210300
23.275000	0.5	14.878850
23.283333	0.5	14.475750
23.291667	0.5	14.059350
23.300000	0.5	13.658350
23.308333	0.5	13.309400
23.316667	0.5	13.059950
23.325000	0.5	12.900050
23.333333	0.5	12.808200
23.341667	0.5	12.748450
23.350000	0.5	12.708800
23.358333	0.5	12.674950
23.366667	0.5	12.635450
23.375000	0.5	12.601350
23.383333	0.5	12.566900
23.391667	0.5	12.533400
23.400000	0.5	12.502400
23.408333	0.5	12.469550
23.416667	0.5	12.443800
23.425000	0.5	12.420500
23.433333	0.5	12.390000
23.441667	0.5	12.376000
23.450000	0.5	12.360800
23.458333	0.5	12.343350
23.466667	0.5	12.328050
23.475000	0.5	12.315850
23.483333	0.5	12.306050
23.491667	0.5	12.293200
23.500000	0.5	12.285800
23.508333	0.5	12.283150
23.516667	0.5	12.281850
23.525000	0.5	12.282800
23.533333	0.5	12.284400
23.541667	0.5	12.299050
23.550000	0.5	12.308400
23.558333	0.5	12.319300
23.566667	0.5	12.329450
23.575000	0.5	12.344500
23.583333	0.5	12.359650
23.591667	0.5	12.373550
23.600000	0.5	12.393400
23.608333	0.5	12.414000
23.616667	0.5	12.434050
23.625000	0.5	12.449500
23.633333	0.5	12.477000
23.641667	0.5	12.500850
23.650000	0.5	12.524050
23.658333	0.5	12.546100
23.666667	0.5	12.567000
23.675000	0.5	12.584950
23.683333	0.5	12.604300
23.691667	0.5	12.620950
23.700000	0.5	12.632650
23.708333	0.5	12.651350
23.716667	0.5	12.658650
23.725000	0.5	12.670550
23.733333	0.5	12.689350
23.741667	0.5	12.701150
23.750000	0.5	12.709750
23.758333	0.5	12.717000
23.766667	0.5	12.727750
23.775000	0.5	12.733050
23.783333	0.5	12.741350
23.791667	0.5	12.749450
23.800000	0.5	12.761100
23.808333	0.5	12.777300
23.816667	0.5	12.783050
23.825000	0.5	12.810000
23.833333	0.5	12.836350
23.841667	0.5	12.864350
23.850000	0.5	12.893200
23.858333	0.5	12.932650
23.866667	0.5	12.973300
23.875000	0.5	13.018250
23.883333	0.5	13.071900
23.891667	0.5	13.125900
23.900000	0.5	13.194750
23.908333	0.5	13.266100
23.916667	0.5	13.336500
23.925000	0.5	13.426000
23.933333	0.5	13.514900
23.941667	0.5	13.603750
23.950000	0.5	13.694950
23.958333	0.5	13.794150
23.966667	0.5	13.890850
23.975000	0.5	13.985600
23.983333	0.5	14.074100
23.991667	0.5	14.168850
24.000000	0.5	14.259900
24.008333	0.5	14.336500
24.016667	0.5	14.418600
24.025000	0.5	14.496750
24.033333	0.5	14.565700
24.041667	0.5	14.626300
24.050000	0.5	14.677800
24.058333	0.5	14.722100
24.066667	0.5	14.759900
24.075000	0.5	14.785700
24.083333	0.5	14.806000
24.091667	0.5	14.818850
24.100000	0.5	14.819200
24.108333	0.5	14.814800
24.116667	0.5	14.808300
24.125000	0.5	14.795350
24.133333	0.5	14.762850
24.141667	0.5	14.728750
24.150000	0.5	14.685500
24.158333	0.5	14.637550
24.166667	0.5	14.583500
24.175000	0.5	14.523050
24.183333	0.5	14.452800
24.191667	0.5	14.389950
24.200000	0.5	14.307850
24.208333	0.5	14.232950
24.216667	0.5	14.149250
24.225000	0.5	14.057700
24.233333	0.5	13.966450
24.241667	0.5	13.866850
24.250000	0.5	13.767250
24.258333	0.5	13.666400
24.266667	0.5	13.562750
24.275000	0.5	13.463200
24.283333	0.5	13.363950
24.291667	0.5	13.260500
24.300000	0.5	13.168750
24.308333	0.5	13.083450
24.316667	0.5	12.999650
24.325000	0.5	12.917200
24.333333	0.5	12.842750
24.341667	0.5	12.774800
24.350000	0.5	12.710150
24.358333	0.5	12.657250
24.366667	0.5	12.608250
24.375000	0.5	12.569600
24.383333	0.5	12.541100
24.391667	0.5	12.510350
24.400000	0.5	12.497700
24.408333	0.5	12.491200
24.416667	0.5	12.482250
24.425000	0.5	12.485450
24.433333	0.5	12.484500
24.441667	0.5	12.488100
24.450000	0.5	12.497400
24.458333	0.5	12.508500
24.466667	0.5	12.522550
24.475000	0.5	12.549750
24.483333	0.5	12.563650
24.491667	0.5	12.579350
24.500000	0.5	12.605050
24.508333	0.5	12.629400
24.516667	0.5	12.647850
24.525000	0.5	12.664000
24.533333	0.5	12.681050
24.541667	0.5	12.699950
24.550000	0.5	12.712050
24.558333	0.5	12.727600
24.566667	0.5	12.739450
24.575000	0.5	12.748850
24.583333	0.5	12.746350
24.591667	0.5	12.760600
24.600000	0.5	12.761650
24.608333	0.5	12.760300
24.616667	0.5	12.758050
24.625000	0.5	12.752800
24.633333	0.5	12.741750
24.641667	0.5	12.729950
24.650000	0.5	12.713550
24.658333	0.5	12.694050
24.666667	0.5	12.675400
24.675000	0.5	12.652450
24.683333	0.5	12.624350
24.691667	0.5	12.606700
24.700000	0.5	12.580900
24.708333	0.5	12.543700
24.716667	0.5	12.514000
24.725000	0.5	12.478500
24.733333	0.5	12.438950
24.741667	0.5	12.401550
24.750000	0.5	12.361050
24.758333	0.5	12.320200
24.766667	0.5	12.281350
24.775000	0.5	12.236850
24.783333	0.5	12.198950
24.791667	0.5	12.162050
24.800000	0.5	12.122100
24.808333	0.5	12.077900
24.816667	0.5	12.038150
24.825000	0.5	11.997800
24.833333	0.5	11.959500
24.841667	0.5	11.919350
24.850000	0.5	11.883800
24.858333	0.5	11.851300
24.866667	0.5	11.815500
24.875000	0.5	11.784150
24.883333	0.5	11.759700
24.891667	0.5	11.734950
24.900000	0.5	11.704750
24.908333	0.5	11.678050
24.916667	0.5	11.652500
24.925000	0.5	11.624000
24.933333	0.5	11.602750
24.941667	0.5	11.579850
24.950000	0.5	11.556250
24.958333	0.5	11.541650
24.966667	0.5	11.518450
24.975000	0.5	11.509800
24.983333	0.5	11.492700
24.991667	0.5	11.474550
25.000000	0.5	11.459150
25.008333	0.5	11.443700
25.016667	0.5	11.426650
25.025000	0.5	11.409900
25.033333	0.5	11.394950
25.041667	0.5	11.383600
25.050000	0.5	11.369150
25.058333	0.5	11.358850
25.066667	0.5	11.343300
25.075000	0.5	11.335800
25.083333	0.5	11.326650
25.091667	0.5	11.315550
25.100000	0.5	11.305250
25.108333	0.5	11.294900
25.116667	0.5	11.289550
25.125000	0.5	11.280100
25.133333	0.5	11.275800
25.141667	0.5	11.275350
25.150000	0.5	11.277250
25.158333	0.5	11.274950
25.166667	0.5	11.282200
25.175000	0.5	11.288500
25.183333	0.5	11.298350
25.191667	0.5	11.309900
25.200000	0.5	11.327750
25.208333	0.5	11.349700
25.216667	0.5	11.370050
25.225000	0.5	11.394600
25.233333	0.5	11.428250
25.241667	0.5	11.460000
25.250000	0.5	11.499700
25.258333	0.5	11.542450
25.266667	0.5	11.595200
25.275000	0.5	11.646050
25.283333	0.5	11.693450
25.291667	0.5	11.749550
25.300000	0.5	11.808750
25.308333	0.5	11.869300
25.316667	0.5	11.932500
25.325000	0.5	11.994150
25.333333	0.5	12.061250
25.341667	0.5	12.128850
25.350000	0.5	12.190950
25.358333	0.5	12.261700
25.366667	0.5	12.330650
25.375000	0.5	12.396900
25.383333	0.5	12.463500
25.391667	0.5	12.525900
25.400000	0.5	12.585850
25.408333	0.5	12.643550
25.416667	0.5	12.700400
25.425000	0.5	12.749100
25.433333	0.5	12.800350
25.441667	0.5	12.839700
25.450000	0.5	12.877750
25.458333	0.5	12.912850
25.466667	0.5	12.943300
25.475000	0.5	12.962700
25.483333	0.5	12.980250
25.491667	0.5	12.987850
25.500000	0.5	12.991050
25.508333	0.5	12.985900
25.516667	0.5	12.977900
25.525000	0.5	12.966400
25.533333	0.5	12.951950
25.541667	0.5	12.923500
25.550000	0.5	12.909400
25.558333	0.5	12.885850
25.566667	0.5	12.852800
25.575000	0.5	12.823100
25.583333	0.5	12.792300
25.591667	0.5	12.761700
25.600000	0.5	12.730350
25.608333	0.5	12.696850
25.616667	0.5	12.667950
25.625000	0.5	12.644750
25.633333	0.5	12.621300
25.641667	0.5	12.598300
25.650000	0.5	12.580000
25.658333	0.5	12.561950
25.666667	0.5	12.546700
25.675000	0.5	12.530950
25.683333	0.5	12.515550
25.691667	0.5	12.500700
25.700000	0.5	12.491350
25.708333	0.5	12.481800
25.716667	0.5	12.471800
25.725000	0.5	12.465500
25.733333	0.5	12.450900
25.741667	0.5	12.452800
25.750000	0.5	12.449200
25.758333	0.5	12.441600
25.766667	0.5	12.434900
25.775000	0.5	12.429800
25.783333	0.5	12.423300
25.791667	0.5	12.424100
25.800000	0.5	12.418800
25.808333	0.5	12.418200
25.816667	0.5	12.421250
25.825000	0.5	12.423850
25.833333	0.5	12.432450
25.841667	0.5	12.445500
25.850000	0.5	12.461550
25.858333	0.5	12.471200
25.866667	0.5	12.492200
25.875000	0.5	12.509550
25.883333	0.5	12.532550
25.891667	0.5	12.557400
25.900000	0.5	12.584900
25.908333	0.5	12.615450
25.916667	0.5	12.645750
25.925000	0.5	12.671550
25.933333	0.5	12.708950
25.941667	0.5	12.741800
25.950000	0.5	12.776350
25.958333	0.5	12.801250
25.966667	0.5	12.834250
25.975000	0.5	12.859500
25.983333	0.5	12.884200
25.991667	0.5	12.900250
26.000000	0.5	12.920550
26.008333	0.5	12.937300
26.016667	0.5	12.951050
26.025000	0.5	12.962450
26.033333	0.5	12.976050
26.041667	0.5	12.982700
26.050000	0.5	12.980300
26.058333	0.5	12.979100
26.066667	0.5	12.971300
26.075000	0.5	12.966300
26.083333	0.5	12.953700
26.091667	0.5	12.940400
26.100000	0.5	12.924650
26.108333	0.5	12.908350
26.116667	0.5	12.879650
26.125000	0.5	12.863950
26.133333	0.5	12.844900
26.141667	0.5	12.817650
26.150000	0.5	12.787300
26.158333	0.5	12.757800
26.166667	0.5	12.727000
26.175000	0.5	12.695050
26.183333	0.5	12.663950
26.191667	0.5	12.629650
26.200000	0.5	12.597350
26.208333	0.5	12.563500
26.216667	0.5	12.532650
26.225000	0.5	12.508950
26.233333	0.5	12.480500
26.241667	0.5	12.448800
26.250000	0.5	12.420150
26.258333	0.5	12.387550
26.266667	0.5	12.358500
26.275000	0.5	12.334000
26.283333	0.5	12.310200
26.291667	0.5	12.284350
26.300000	0.5	12.265550
26.308333	0.5	12.240600
26.316667	0.5	12.227050
26.325000	0.5	12.213100
26.333333	0.5	12.197350
26.341667	0.5	12.181600
26.350000	0.5	12.161800
26.358333	0.5	12.150550
26.366667	0.5	12.134250
26.375000	0.5	12.120400
26.383333	0.5	12.101400
26.391667	0.5	12.091750
26.400000	0.5	12.073650
26.408333	0.5	12.062650
26.416667	0.5	12.054000
26.425000	0.5	12.042400
26.433333	0.5	12.027000
26.441667	0.5	12.012700
26.450000	0.5	11.993750
26.458333	0.5	11.978650
26.466667	0.5	11.964400
26.475000	0.5	11.950250
26.483333	0.5	11.929400
26.491667	0.5	11.916250
26.500000	0.5	11.895600
26.508333	0.5	11.887050
26.516667	0.5	11.877350
26.525000	0.5	11.862800
26.533333	0.5	11.844750
26.541667	0.5	11.829850
26.550000	0.5	11.814350
26.558333	0.5	11.799350
26.566667	0.5	11.787150
26.575000	0.5	11.773900
26.583333	0.5	11.760200
26.591667	0.5	11.745600
26.600000	0.5	11.732650
26.608333	0.5	11.729650
26.616667	0.5	11.720700
26.625000	0.5	11.708550
26.633333	0.5	11.697400
26.641667	0.5	11.688300
26.650000	0.5	11.677450
26.658333	0.5	11.669150
26.666667	0.5	11.659400
26.675000	0.5	11.654700
26.683333	0.5	11.649300
26.691667	0.5	11.637450
26.700000	0.5	11.637400
26.708333	0.5	11.636850
26.716667	0.5	11.635800
26.725000	0.5	11.634450
26.733333	0.5	11.634950
26.741667	0.5	11.633150
26.750000	0.5	11.635600
26.758333	0.5	11.640150
26.766667	0.5	11.642500
26.775000	0.5	11.650900
26.783333	0.5	11.660050
26.791667	0.5	11.670050
26.800000	0.5	11.690600
26.808333	0.5	11.706650
26.816667	0.5	11.724650
26.825000	0.5	11.745650
26.833333	0.5	11.765850
26.841667	0.5	11.792800
26.850000	0.5	11.814150
26.858333	0.5	11.843850
26.866667	0.5	11.873450
26.875000	0.5	11.908650
26.883333	0.5	11.938800
26.891667	0.5	11.984200
26.900000	0.5	12.022350
26.908333	0.5	12.062900
26.916667	0.5	12.104450
26.925000	0.5	12.149000
26.933333	0.5	12.193600
26.941667	0.5	12.240900
26.950000	0.5	12.287450
26.958333	0.5	12.331100
26.966667	0.5	12.381550
26.975000	0.5	12.426650
26.983333	0.5	12.475750
26.991667	0.5	12.527050
27.000000	0.5	12.577800
27.008333	0.5	12.624050
27.016667	0.5	12.670400
27.025000	0.5	12.714500
27.033333	0.5	12.759300
27.041667	0.5	12.803350
27.050000	0.5	12.841300
27.058333	0.5	12.885000
27.066667	0.5	12.920600
27.075000	0.5	12.955650
27.083333	0.5	12.997700
27.091667	0.5	13.032650
27.100000	0.5	13.062700
27.108333	0.5	13.091200
27.116667	0.5	13.118750
27.125000	0.5	13.139650
27.133333	0.5	13.165650
27.141667	0.5	13.184650
27.150000	0.5	13.195600
27.158333	0.5	13.215450
27.166667	0.5	13.226150
27.175000	0.5	13.238450
27.183333	0.5	13.248700
27.191667	0.5	13.256450
27.200000	0.5	13.255600
27.208333	0.5	13.257150
27.216667	0.5	13.252200
27.225000	0.5	13.249050
27.233333	0.5	13.237650
27.241667	0.5	13.231150
27.250000	0.5	13.219450
27.258333	0.5	13.208150
27.266667	0.5	13.187450
27.275000	0.5	13.174800
27.283333	0.5	13.150900
27.291667	0.5	13.128500
27.300000	0.5	13.101400
27.308333	0.5	13.073100
27.316667	0.5	13.042300
27.325000	0.5	13.016450
27.333333	0.5	12.975850
27.341667	0.5	12.939100
27.350000	0.5	12.908750
27.358333	0.5	12.870950
27.366667	0.5	12.833350
27.375000	0.5	12.795300
27.383333	0.5	12.759050
27.391667	0.5	12.719050
27.400000	0.5	12.679400
27.408333	0.5	12.636900
27.416667	0.5	12.598550
27.425000	0.5	12.557350
27.433333	0.5	12.517050
27.441667	0.5	12.476050
27.450000	0.5	12.439500
27.458333	0.5	12.396300
27.466667	0.5	12.364100
27.475000	0.5	12.331700
27.483333	0.5	12.287650
27.491667	0.5	12.249450
27.500000	0.5	12.219750
27.508333	0.5	12.178500
27.516667	0.5	12.143400
27.525000	0.5	12.108600
27.533333	0.5	12.071650
27.541667	0.5	12.041900
27.550000	0.5	12.011650
27.558333	0.5	11.976350
27.566667	0.5	11.946750
27.575000	0.5	11.924950
27.583333	0.5	11.889300
27.591667	0.5	11.861600
27.600000	0.5	11.832550
27.608333	0.5	11.809700
27.616667	0.5	11.776450
27.625000	0.5	11.748950
27.633333	0.5	11.722700
27.641667	0.5	11.699900
27.650000	0.5	11.667550
27.658333	0.5	11.653100
27.666667	0.5	11.628800
27.675000	0.5	11.606100
27.683333	0.5	11.580500
27.691667	0.5	11.561850
27.700000	0.5	11.543500
27.708333	0.5	11.524850
27.716667	0.5	11.500300
27.725000	0.5	11.484800
27.733333	0.5	11.467150
27.741667	0.5	11.454600
27.750000	0.5	11.441700
27.758333	0.5	11.433900
27.766667	0.5	11.421950
27.775000	0.5	11.409050
27.783333	0.5	11.399800
27.791667	0.5	11.391300
27.800000	0.5	11.379750
27.808333	0.5	11.372400
27.816667	0.5	11.368450
27.825000	0.5	11.363750
27.833333	0.5	11.358100
27.841667	0.5	11.347050
27.850000	0.5	11.353100
27.858333	0.5	11.353850
27.866667	0.5	11.354200
27.875000	0.5	11.348850
27.883333	0.5	11.352150
27.891667	0.5	11.354350
27.900000	0.5	11.351450
27.908333	0.5	11.349450
27.916667	0.5	11.348950
27.925000	0.5	11.351850
27.933333	0.5	11.349100
27.941667	0.5	11.350100
27.950000	0.5	11.353800
27.958333	0.5	11.356050
27.966667	0.5	11.357700
27.975000	0.5	11.351750
27.983333	0.5	11.346400
27.991667	0.5	11.349850
28.000000	0.5	11.347950
28.008333	0.5	11.341650
28.016667	0.5	11.337700
28.025000	0.5	11.335100
28.033333	0.5	11.327100
28.041667	0.5	11.331350
28.050000	0.5	11.325150
28.058333	0.5	11.324450
28.066667	0.5	11.316400
28.075000	0.5	11.308400
28.083333	0.5	11.306700
28.091667	0.5	11.296550
28.100000	0.5	11.290150
28.108333	0.5	11.281400
28.116667	0.5	11.278800
28.125000	0.5	11.271150
28.133333	0.5	11.267150
28.141667	0.5	11.263150
28.150000	0.5	11.262000
28.158333	0.5	11.254400
28.166667	0.5	11.249300
28.175000	0.5	11.248150
28.183333	0.5	11.245100
28.191667	0.5	11.240800
28.200000	0.5	11.240100
28.208333	0.5	11.242000
28.216667	0.5	11.243250
28.225000	0.5	11.244950
28.233333	0.5	11.252150
28.241667	0.5	11.263200
28.250000	0.5	11.269200
28.258333	0.5	11.280150
28.266667	0.5	11.289100
28.275000	0.5	11.297350
28.283333	0.5	11.313450
28.291667	0.5	11.324150
28.300000	0.5	11.339750
28.308333	0.5	11.359700
28.316667	0.5	11.376400
28.325000	0.5	11.394000
28.333333	0.5	11.425900
28.341667	0.5	11.452750
28.350000	0.5	11.470700
28.358333	0.5	11.503250
28.366667	0.5	11.522100
28.375000	0.5	11.555600
28.383333	0.5	11.584650
28.391667	0.5	11.617300
28.400000	0.5	11.655000
28.408333	0.5	11.686900
28.416667	0.5	11.722900
28.425000	0.5	11.769750
28.433333	0.5	11.800300
28.441667	0.5	11.841050
28.450000	0.5	11.883350
28.458333	0.5	11.927700
28.466667	0.5	11.964150
28.475000	0.5	12.008800
28.483333	0.5	12.048950
28.491667	0.5	12.092250
28.500000	0.5	12.133950
28.508333	0.5	12.170600
28.516667	0.5	12.218050
28.525000	0.5	12.262650
28.533333	0.5	12.307250
28.541667	0.5	12.348950
28.550000	0.5	12.392300
28.558333	0.5	12.426200
28.566667	0.5	12.461850
28.575000	0.5	12.499300
28.583333	0.5	12.531250
28.591667	0.5	12.567000
28.600000	0.5	12.594250
28.608333	0.5	12.621650
28.616667	0.5	12.654400
28.625000	0.5	12.683150
28.633333	0.5	12.710150
28.641667	0.5	12.728600
28.650000	0.5	12.747950
28.658333	0.5	12.763900
28.666667	0.5	12.775950
28.675000	0.5	12.788700
28.683333	0.5	12.796200
28.691667	0.5	12.804500
28.700000	0.5	12.806250
28.708333	0.5	12.810150
28.716667	0.5	12.816400
28.725000	0.5	12.815650
28.733333	0.5	12.809000
28.741667	0.5	12.806850
28.750000	0.5	12.798850
28.758333	0.5	12.790250
28.766667	0.5	12.778550
28.775000	0.5	12.767750
28.783333	0.5	12.755500
28.791667	0.5	12.744850
28.800000	0.5	12.726100
28.808333	0.5	12.723650
28.816667	0.5	12.715400
28.825000	0.5	12.700450
28.833333	0.5	12.687200
28.841667	0.5	12.674950
28.850000	0.5	12.663700
28.858333	0.5	12.648600
28.866667	0.5	12.639550
28.875000	0.5	12.629750
28.883333	0.5	12.618050
28.891667	0.5	12.607600
28.900000	0.5	12.599150
28.908333	0.5	12.598350
28.916667	0.5	12.592500
28.925000	0.5	12.583200
28.933333	0.5	12.573500
28.941667	0.5	12.563150
28.950000	0.5	12.554900
28.958333	0.5	12.543700
28.966667	0.5	12.539000
28.975000	0.5	12.522950
28.983333	0.5	12.514750
28.991667	0.5	12.503350
29.000000	0.5	12.501050
29.008333	0.5	12.492650
29.016667	0.5	12.484300
29.025000	0.5	12.473550
29.033333	0.5	12.467400
29.041667	0.5	12.453550
29.050000	0.5	12.441800
29.058333	0.5	12.431000
29.066667	0.5	12.420600
29.075000	0.5	12.410900
29.083333	0.5	12.399850
29.091667	0.5	12.390150
29.100000	0.5	12.383700
29.108333	0.5	12.377500
29.116667	0.5	12.372600
29.125000	0.5	12.363400
29.133333	0.5	12.360000
29.141667	0.5	12.357500
29.150000	0.5	12.350150
29.158333	0.5	12.345100
29.166667	0.5	12.341600
29.175000	0.5	12.341000
29.183333	0.5	12.337600
29.191667	0.5	12.342150
29.200000	0.5	12.346200
29.208333	0.5	12.347950
29.216667	0.5	12.349150
29.225000	0.5	12.353750
29.233333	0.5	12.359350
29.241667	0.5	12.357550
29.250000	0.5	12.366400
29.258333	0.5	12.368500
29.266667	0.5	12.372100
29.275000	0.5	12.377700
29.283333	0.5	12.382200
29.291667	0.5	12.389100
29.300000	0.5	12.394750
29.308333	0.5	12.399150
29.316667	0.5	12.403500
29.325000	0.5	12.404500
29.333333	0.5	12.409300
29.341667	0.5	12.414750
29.350000	0.5	12.416600
29.358333	0.5	12.419450
29.366667	0.5	12.431200
29.375000	0.5	12.430550
29.383333	0.5	12.439050
29.391667	0.5	12.450250
29.400000	0.5	12.460000
29.408333	0.5	12.465650
29.416667	0.5	12.475200
29.425000	0.5	12.487750
29.433333	0.5	12.497450
29.441667	0.5	12.505350
29.450000	0.5	12.511050
29.458333	0.5	12.526300
29.466667	0.5	12.532550
29.475000	0.5	12.549300
29.483333	0.5	12.564350
29.491667	0.5	12.583500
29.500000	0.5	12.594300
29.508333	0.5	12.607300
29.516667	0.5	12.620200
29.525000	0.5	12.638850
29.533333	0.5	12.653350
29.541667	0.5	12.669650
29.550000	0.5	12.679800
29.558333	0.5	12.691550
29.566667	0.5	12.706950
29.575000	0.5	12.729900
29.583333	0.5	12.749850
29.591667	0.5	12.772600
29.600000	0.5	12.785000
29.608333	0.5	12.804450
29.616667	0.5	12.819350
29.625000	0.5	12.840050
29.633333	0.5	12.854950
29.641667	0.5	12.866750
29.650000	0.5	12.892550
29.658333	0.5	12.906050
29.666667	0.5	12.931500
29.675000	0.5	12.959800
29.683333	0.5	12.986900
29.691667	0.5	13.001700
29.700000	0.5	13.026200
29.708333	0.5	13.042100
29.716667	0.5	13.058250
29.725000	0.5	13.081500
29.733333	0.5	13.099250
29.741667	0.5	13.117450
29.750000	0.5	13.138700
29.758333	0.5	13.151450
29.766667	0.5	13.173300
29.775000	0.5	13.198350
29.783333	0.5	13.212800
29.791667	0.5	13.229550
29.800000	0.5	13.245350
29.808333	0.5	13.258150
29.816667	0.5	13.273300
29.825000	0.5	13.283600
29.833333	0.5	13.295800
29.841667	0.5	13.311150
29.850000	0.5	13.319150
29.858333	0.5	13.327500
29.866667	0.5	13.341400
29.875000	0.5	13.351200
29.883333	0.5	13.359150
29.891667	0.5	13.362500
29.900000	0.5	13.369800
29.908333	0.5	13.370300
29.916667	0.5	13.370300
29.925000	0.5	13.374950
29.933333	0.5	13.372700
29.941667	0.5	13.374200
29.950000	0.5	13.367600
29.958333	0.5	13.367350
29.966667	0.5	13.371550
29.975000	0.5	13.365850
29.983333	0.5	13.363750
29.991667	0.5	13.354800
30.000000	0.5	13.345800
30.008333	0.5	13.338600
30.016667	0.5	13.327100
30.025000	0.5	13.314300
30.033333	0.5	13.301950
30.041667	0.5	13.285200
30.050000	0.5	13.271800
30.058333	0.5	13.266200
30.066667	0.5	13.254750
30.075000	0.5	13.237050
30.083333	0.5	13.221350
30.091667	0.5	13.198700
30.100000	0.5	13.182750
30.108333	0.5	13.159200
30.116667	0.5	13.139600
30.125000	0.5	13.120450
30.133333	0.5	13.103850
30.141667	0.5	13.074850
30.150000	0.5	13.065600
30.158333	0.5	13.043200
30.166667	0.5	13.022950
30.175000	0.5	12.999750
30.183333	0.5	12.979450
30.191667	0.5	12.959850
30.200000	0.5	12.939900
30.208333	0.5	12.917650
30.216667	0.5	12.893900
30.225000	0.5	12.879950
30.233333	0.5	12.854650
30.241667	0.5	12.838250
30.250000	0.5	12.823000
30.258333	0.5	12.805350
30.266667	0.5	12.789950
30.275000	0.5	12.777400
30.283333	0.5	12.753250
30.291667	0.5	12.738500
30.300000	0.5	12.722900
30.308333	0.5	12.706750
30.316667	0.5	12.691600
30.325000	0.5	12.680700
30.333333	0.5	12.661050
30.341667	0.5	12.658300
30.350000	0.5	12.645200
30.358333	0.5	12.635050
30.366667	0.5	12.624300
30.375000	0.5	12.610800
30.383333	0.5	12.592400
30.391667	0.5	12.581450
30.400000	0.5	12.565600
30.408333	0.5	12.548750
30.416667	0.5	12.528450
30.425000	0.5	12.508550
30.433333	0.5	12.488350
30.441667	0.5	12.474350
30.450000	0.5	12.452400
30.458333	0.5	12.420000
30.466667	0.5	12.393550
30.475000	0.5	12.358200
30.483333	0.5	12.326200
30.491667	0.5	12.287000
30.500000	0.5	12.239450
30.508333	0.5	12.202850
30.516667	0.5	12.160000
30.525000	0.5	12.109700
30.533333	0.5	12.068100
30.541667	0.5	12.028000
30.550000	0.5	11.973650
30.558333	0.5	11.919500
30.566667	0.5	11.870750
30.575000	0.5	11.820600
30.583333	0.5	11.775000
30.591667	0.5	11.726400
30.600000	0.5	11.685000
30.608333	0.5	11.652050
30.616667	0.5	11.610800
30.625000	0.5	11.577600
30.633333	0.5	11.558600
30.641667	0.5	11.536350
30.650000	0.5	11.516500
30.658333	0.5	11.503350
30.666667	0.5	11.498200
30.675000	0.5	11.498650
30.683333	0.5	11.499700
30.691667	0.5	11.514100
30.700000	0.5	11.526400
30.708333	0.5	11.550000
30.716667	0.5	11.564900
30.725000	0.5	11.598350
30.733333	0.5	11.632300
30.741667	0.5	11.666950
30.750000	0.5	11.695450
30.758333	0.5	11.734800
30.766667	0.5	11.758550
30.775000	0.5	11.789700
30.783333	0.5	11.810900
30.791667	0.5	11.828800
30.800000	0.5	11.845200
30.808333	0.5	11.854300
30.816667	0.5	11.863200
30.825000	0.5	11.866050
30.833333	0.5	11.867100
30.841667	0.5	11.852150
30.850000	0.5	11.838650
30.858333	0.5	11.820950
30.866667	0.5	11.789450
30.875000	0.5	11.754700
30.883333	0.5	11.713800
30.891667	0.5	11.671200
30.900000	0.5	11.624550
30.908333	0.5	11.567650
30.916667	0.5	11.516200
30.925000	0.5	11.456600
30.933333	0.5	11.388550
30.941667	0.5	11.321000
30.950000	0.5	11.243600
30.958333	0.5	11.169650
30.966667	0.5	11.096450
30.975000	0.5	11.022600
30.983333	0.5	10.946600
30.991667	0.5	10.878650
31.000000	0.5	10.804400
31.008333	0.5	10.739450
31.016667	0.5	10.679100
31.025000	0.5	10.613200
31.033333	0.5	10.549850
31.041667	0.5	10.493950
31.050000	0.5	10.437000
31.058333	0.5	10.382600
31.066667	0.5	10.332050
31.075000	0.5	10.283800
31.083333	0.5	10.238950
31.091667	0.5	10.196150
31.100000	0.5	10.154600
31.108333	0.5	10.122200
31.116667	0.5	10.087200
31.125000	0.5	10.049800
31.133333	0.5	10.020000
31.141667	0.5	9.989700
31.150000	0.5	9.958950
31.158333	0.5	9.941700
31.166667	0.5	9.911650
31.175000	0.5	9.894300
31.183333	0.5	9.876700
31.191667	0.5	9.861700
31.200000	0.5	9.844450
31.208333	0.5	9.829900
31.216667	0.5	9.821600
31.225000	0.5	9.810250
31.233333	0.5	9.804300
31.241667	0.5	9.799100
31.250000	0.5	9.786200
31.258333	0.5	9.786700
31.266667	0.5	9.785550
31.275000	0.5	9.780450
31.283333	0.5	9.779000
31.291667	0.5	9.776000
31.300000	0.5	9.783050
31.308333	0.5	9.781300
31.316667	0.5	9.781400
31.325000	0.5	9.792400
31.333333	0.5	9.793200
31.341667	0.5	9.802350
31.350000	0.5	9.806050
31.358333	0.5	9.813350
31.366667	0.5	9.825600
31.375000	0.5	9.838050
31.383333	0.5	9.841100
31.391667	0.5	9.856850
31.400000	0.5	9.867900
31.408333	0.5	9.880400
31.416667	0.5	9.893450
31.425000	0.5	9.908700
31.433333	0.5	9.927150
31.441667	0.5	9.944600
31.450000	0.5	9.959400
31.458333	0.5	9.975500
31.466667	0.5	9.998950
31.475000	0.5	10.023150
31.483333	0.5	10.044300
31.491667	0.5	10.070750
31.500000	0.5	10.098450
31.508333	0.5	10.121500
31.516667	0.5	10.151250
31.525000	0.5	10.183500
31.533333	0.5	10.212000
31.541667	0.5	10.247450
31.550000	0.5	10.276500
31.558333	0.5	10.313950
31.566667	0.5	10.353450
31.575000	0.5	10.392400
31.583333	0.5	10.439050
31.591667	0.5	10.487200
31.600000	0.5	10.536450
31.608333	0.5	10.584700
31.616667	0.5	10.645100
31.625000	0.5	10.696850
31.633333	0.5	10.753250
31.641667	0.5	10.814450
31.650000	0.5	10.875350
31.658333	0.5	10.939550
31.666667	0.5	11.013250
31.675000	0.5	11.079050
31.683333	0.5	11.166200
31.691667	0.5	11.238400
31.700000	0.5	11.316600
31.708333	0.5	11.400850
31.716667	0.5	11.486950
31.725000	0.5	11.576250
31.733333	0.5	11.661450
31.741667	0.5	11.752500
31.750000	0.5	11.844450
31.758333	0.5	11.936450
31.766667	0.5	12.029050
31.775000	0.5	12.119250
31.783333	0.5	12.212450
31.791667	0.5	12.299450
31.800000	0.5	12.385300
31.808333	0.5	12.467050
31.816667	0.5	12.543600
31.825000	0.5	12.613200
31.833333	0.5	12.677500
31.841667	0.5	12.736150
31.850000	0.5	12.796300
31.858333	0.5	12.849900
31.866667	0.5	12.893400
31.875000	0.5	12.942050
31.883333	0.5	12.985900
31.891667	0.5	13.024000
31.900000	0.5	13.061400
31.908333	0.5	13.098850
31.916667	0.5	13.128950
31.925000	0.5	13.161700
31.933333	0.5	13.191350
31.941667	0.5	13.217300
31.950000	0.5	13.246800
31.958333	0.5	13.278250
31.966667	0.5	13.311200
31.975000	0.5	13.355050
31.983333	0.5	13.384150
31.991667	0.5	13.414400
32.000000	0.5	13.451000
32.008333	0.5	13.488350
32.016667	0.5	13.518700
32.025000	0.5	13.553000
32.033333	0.5	13.586500
32.041667	0.5	13.624350
32.050000	0.5	13.659100
32.058333	0.5	13.685450
32.066667	0.5	13.730950
32.075000	0.5	13.765500
32.083333	0.5	13.799150
32.091667	0.5	13.831200
32.100000	0.5	13.854800
32.108333	0.5	13.878950
32.116667	0.5	13.904550
32.125000	0.5	13.920250
32.133333	0.5	13.939450
32.141667	0.5	13.956450
32.150000	0.5	13.964650
32.158333	0.5	13.974150
32.166667	0.5	13.988650
32.175000	0.5	13.998150
32.183333	0.5	13.997650
32.191667	0.5	13.997600
32.200000	0.5	13.994000
32.208333	0.5	13.986200
32.216667	0.5	13.973600
32.225000	0.5	13.966600
32.233333	0.5	13.960300
32.241667	0.5	13.947600
32.250000	0.5	13.936750
32.258333	0.5	13.932250
32.266667	0.5	13.927900
32.275000	0.5	13.919750
32.283333	0.5	13.913000
32.291667	0.5	13.899400
32.300000	0.5	13.892500
32.308333	0.5	13.883600
32.316667	0.5	13.873050
32.325000	0.5	13.866900
32.333333	0.5	13.865900
32.341667	0.5	13.858950
32.350000	0.5	13.863900
32.358333	0.5	13.879950
32.366667	0.5	13.891000
32.375000	0.5	13.892250
32.383333	0.5	13.902750
32.391667	0.5	13.909950
32.400000	0.5	13.920250
32.408333	0.5	13.933200
32.416667	0.5	13.942550
32.425000	0.5	13.960600
32.433333	0.5	13.976000
32.441667	0.5	13.992000
32.450000	0.5	14.024950
32.458333	0.5	14.054250
32.466667	0.5	14.080900
32.475000	0.5	14.101100
32.483333	0.5	14.125200
32.491667	0.5	14.150950
32.500000	0.5	14.179350
32.508333	0.5	14.208850
32.516667	0.5	14.230100
32.525000	0.5	14.263450
32.533333	0.5	14.286350
32.541667	0.5	14.322050
32.550000	0.5	14.357350
32.558333	0.5	14.393050
32.566667	0.5	14.426750
32.575000	0.5	14.459700
32.583333	0.5	14.491750
32.591667	0.5	14.523450
32.600000	0.5	14.536900
32.608333	0.5	14.512300
32.616667	0.5	14.381000
32.625000	0.5	14.139650
32.633333	0.5	13.852900
32.641667	0.5	13.611950
32.650000	0.5	13.447400
32.658333	0.5	13.332550
32.666667	0.5	13.252450
32.675000	0.5	13.192300
32.683333	0.5	13.140150
32.691667	0.5	13.091050
32.700000	0.5	13.051650
32.708333	0.5	13.007250
32.716667	0.5	12.973750
32.725000	0.5	12.933000
32.733333	0.5	12.902100
32.741667	0.5	12.872500
32.750000	0.5	12.839850
32.758333	0.5	12.807600
32.766667	0.5	12.777550
32.775000	0.5	12.751900
32.783333	0.5	12.719200
32.791667	0.5	12.694500
32.800000	0.5	12.668100
32.808333	0.5	12.644150
32.816667	0.5	12.630850
32.825000	0.5	12.600050
32.833333	0.5	12.586700
32.841667	0.5	12.574900
32.850000	0.5	12.552100
32.858333	0.5	12.536850
32.866667	0.5	12.517300
32.875000	0.5	12.497050
32.883333	0.5	12.482500
32.891667	0.5	12.463400
32.900000	0.5	12.443650
32.908333	0.5	12.432800
32.916667	0.5	12.408750
32.925000	0.5	12.396200
32.933333	0.5	12.376550
32.941667	0.5	12.363450
32.950000	0.5	12.346550
32.958333	0.5	12.320900
32.966667	0.5	12.307300
32.975000	0.5	12.289250
32.983333	0.5	12.272100
32.991667	0.5	12.260050
33.000000	0.5	12.257250
33.008333	0.5	12.269450
33.016667	0.5	12.291550
33.025000	0.5	12.346200
33.033333	0.5	12.421650
33.041667	0.5	12.525850
33.050000	0.5	12.669000
33.058333	0.5	12.857200
33.066667	0.5	13.076250
33.075000	0.5	13.331400
33.083333	0.5	13.608700
33.091667	0.5	13.903300
33.100000	0.5	14.205050
33.108333	0.5	14.495100
33.116667	0.5	14.786950
33.125000	0.5	15.060600
33.133333	0.5	15.305950
33.141667	0.5	15.519450
33.150000	0.5	15.703150
33.158333	0.5	15.840500
33.166667	0.5	15.938500
33.175000	0.5	15.986800
33.183333	0.5	15.994550
33.191667	0.5	15.952950
33.200000	0.5	15.873850
33.208333	0.5	15.751450
33.216667	0.5	15.599850
33.225000	0.5	15.406750
33.233333	0.5	15.176850
33.241667	0.5	14.926650
33.250000	0.5	14.646900
33.258333	0.5	14.371700
33.266667	0.5	14.079850
33.275000	0.5	13.800000
33.283333	0.5	13.518100
33.291667	0.5	13.265600
33.300000	0.5	13.027050
33.308333	0.5	12.814800
33.316667	0.5	12.634950
33.325000	0.5	12.480500
33.333333	0.5	12.340750
33.341667	0.5	12.238450
33.350000	0.5	12.147650
33.358333	0.5	12.082050
33.366667	0.5	12.081700
33.375000	0.5	11.984250
33.383333	0.5	11.953900
33.391667	0.5	11.929450
33.400000	0.5	11.905700
33.408333	0.5	11.892400
33.416667	0.5	11.880300
33.425000	0.5	11.869700
33.433333	0.5	11.853350
33.441667	0.5	11.842000
33.450000	0.5	11.827350
33.458333	0.5	11.816650
33.466667	0.5	11.800500
33.475000	0.5	11.782850
33.483333	0.5	11.765900
33.491667	0.5	11.748700
33.500000	0.5	11.737650
33.508333	0.5	11.727200
33.516667	0.5	11.716250
33.525000	0.5	11.698350
33.533333	0.5	11.686650
33.541667	0.5	11.681600
33.550000	0.5	11.670150
33.558333	0.5	11.662000
33.566667	0.5	11.660100
33.575000	0.5	11.659100
33.583333	0.5	11.661800
33.591667	0.5	11.659200
33.600000	0.5	11.664100
33.608333	0.5	11.670800
33.616667	0.5	11.672650
33.625000	0.5	11.682100
33.633333	0.5	11.687850
33.641667	0.5	11.698900
33.650000	0.5	11.707000
33.658333	0.5	11.717550
33.666667	0.5	11.720050
33.675000	0.5	11.726650
33.683333	0.5	11.730200
33.691667	0.5	11.740550
33.700000	0.5	11.747500
33.708333	0.5	11.751600
33.716667	0.5	11.751550
33.725000	0.5	11.751450
33.733333	0.5	11.754500
33.741667	0.5	11.754350
33.750000	0.5	11.761450
33.758333	0.5	11.754050
33.766667	0.5	11.763500
33.775000	0.5	11.773800
33.783333	0.5	11.783550
33.791667	0.5	11.797800
33.800000	0.5	11.820650
33.808333	0.5	11.848000
33.816667	0.5	11.873750
33.825000	0.5	11.904400
33.833333	0.5	11.938600
33.841667	0.5	11.974100
33.850000	0.5	12.014050
33.858333	0.5	12.050400
33.866667	0.5	12.092550
33.875000	0.5	12.129600
33.883333	0.5	12.171700
33.891667	0.5	12.220850
33.900000	0.5	12.273150
33.908333	0.5	12.313550
33.916667	0.5	12.367950
33.925000	0.5	12.421250
33.933333	0.5	12.478400
33.941667	0.5	12.550250
33.950000	0.5	12.624750
33.958333	0.5	12.713250
33.966667	0.5	12.817450
33.975000	0.5	12.918050
33.983333	0.5	13.037650
33.991667	0.5	13.173100
34.000000	0.5	13.303850
34.008333	0.5	13.443550
34.016667	0.5	13.584700
34.025000	0.5	13.722500
34.033333	0.5	13.853950
34.041667	0.5	13.981150
34.050000	0.5	14.103500
34.058333	0.5	14.215150
34.066667	0.5	14.310150
34.075000	0.5	14.400700
34.083333	0.5	14.471200
34.091667	0.5	14.527650
34.100000	0.5	14.565400
34.108333	0.5	14.591500
34.116667	0.5	14.594150
34.125000	0.5	14.584250
34.133333	0.5	14.550350
34.141667	0.5	14.500950
34.150000	0.5	14.448750
34.158333	0.5	14.376600
34.166667	0.5	14.293250
34.175000	0.5	14.214300
34.183333	0.5	14.128900
34.191667	0.5	14.049750
34.200000	0.5	13.966400
34.208333	0.5	13.892000
34.216667	0.5	13.831450
34.225000	0.5	13.777600
34.233333	0.5	13.734950
34.241667	0.5	13.694600
34.250000	0.5	13.658200
34.258333	0.5	13.625350
34.266667	0.5	13.605000
34.275000	0.5	13.595650
34.283333	0.5	13.573200
34.291667	0.5	13.555600
34.300000	0.5	13.535100
34.308333	0.5	13.523600
34.316667	0.5	13.504400
34.325000	0.5	13.478850
34.333333	0.5	13.453450
34.341667	0.5	13.421600
34.350000	0.5	13.385450
34.358333	0.5	13.345650
34.366667	0.5	13.299100
34.375000	0.5	13.245850
34.383333	0.5	13.184650
34.391667	0.5	13.119050
34.400000	0.5	13.041250
34.408333	0.5	12.959250
34.416667	0.5	12.876950
34.425000	0.5	12.783800
34.433333	0.5	12.691500
34.441667	0.5	12.592550
34.450000	0.5	12.494450
34.458333	0.5	12.396900
34.466667	0.5	12.297500
34.475000	0.5	12.198500
34.483333	0.5	12.095250
34.491667	0.5	12.000350
34.500000	0.5	11.912300
34.508333	0.5	11.823950
34.516667	0.5	11.747700
34.525000	0.5	11.677150
34.533333	0.5	11.618300
34.541667	0.5	11.569500
34.550000	0.5	11.520350
34.558333	0.5	11.486400
34.566667	0.5	11.457400
34.575000	0.5	11.437350
34.583333	0.5	11.425250
34.591667	0.5	11.412950
34.600000	0.5	11.405450
34.608333	0.5	11.399000
34.616667	0.5	11.405050
34.625000	0.5	11.405650
34.633333	0.5	11.416150
34.641667	0.5	11.425600
34.650000	0.5	11.436550
34.658333	0.5	11.452700
34.666667	0.5	11.463900
34.675000	0.5	11.468900
34.683333	0.5	11.480150
34.691667	0.5	11.492900
34.700000	0.5	11.501800
34.708333	0.5	11.505850
34.716667	0.5	11.513400
34.725000	0.5	11.518350
34.733333	0.5	11.522950
34.741667	0.5	11.522300
34.750000	0.5	11.534250
34.758333	0.5	11.528550
34.766667	0.5	11.533650
34.775000	0.5	11.534550
34.783333	0.5	11.530550
34.791667	0.5	11.523450
34.800000	0.5	11.520000
34.808333	0.5	11.519200
34.816667	0.5	11.518700
34.825000	0.5	11.517400
34.833333	0.5	11.511600
34.841667	0.5	11.514250
34.850000	0.5	11.520450
34.858333	0.5	11.514000
34.866667	0.5	11.517300
34.875000	0.5	11.520950
34.883333	0.5	11.523250
34.891667	0.5	11.524950
34.900000	0.5	11.532000
34.908333	0.5	11.535400
34.916667	0.5	11.545350
34.925000	0.5	11.548800
34.933333	0.5	11.553900
34.941667	0.5	11.563150
34.950000	0.5	11.569900
34.958333	0.5	11.571200
34.966667	0.5	11.577100
34.975000	0.5	11.577500
34.983333	0.5	11.581800
34.991667	0.5	11.590000
35.000000	0.5	11.586950
35.008333	0.5	11.590900
35.016667	0.5	11.590600
35.025000	0.5	11.589800
35.033333	0.5	11.591850
35.041667	0.5	11.592700
35.050000	0.5	11.594100
35.058333	0.5	11.594150
35.066667	0.5	11.597400
35.075000	0.5	11.600750
35.083333	0.5	11.606300
35.091667	0.5	11.613200
35.100000	0.5	11.631200
35.108333	0.5	11.649000
35.116667	0.5	11.673800
35.125000	0.5	11.687350
35.133333	0.5	11.720200
35.141667	0.5	11.749550
35.150000	0.5	11.777750
35.158333	0.5	11.809500
35.166667	0.5	11.832550
35.175000	0.5	11.856950
35.183333	0.5	11.879000
35.191667	0.5	11.904100
35.200000	0.5	11.917450
35.208333	0.5	11.932300
35.216667	0.5	11.943200
35.225000	0.5	11.951450
35.233333	0.5	11.955750
35.241667	0.5	11.951050
35.250000	0.5	11.945550
35.258333	0.5	11.930500
35.266667	0.5	11.920100
35.275000	0.5	11.900400
35.283333	0.5	11.880450
35.291667	0.5	11.854700
35.300000	0.5	11.830800
35.308333	0.5	11.801600
35.316667	0.5	11.774000
35.325000	0.5	11.749550
35.333333	0.5	11.713600
35.341667	0.5	11.679950
35.350000	0.5	11.644650
35.358333	0.5	11.600850
35.366667	0.5	11.558700
35.375000	0.5	11.515800
35.383333	0.5	11.469250
35.391667	0.5	11.415750
35.400000	0.5	11.359300
35.408333	0.5	11.295400
35.416667	0.5	11.237200
35.425000	0.5	11.177050
35.433333	0.5	11.113050
35.441667	0.5	11.048800
35.450000	0.5	10.978450
35.458333	0.5	10.910550
35.466667	0.5	10.846450
35.475000	0.5	10.793400
35.483333	0.5	10.736650
35.491667	0.5	10.685900
35.500000	0.5	10.639750
35.508333	0.5	10.603050
35.516667	0.5	10.572500
35.525000	0.5	10.544150
35.533333	0.5	10.533200
35.541667	0.5	10.512000
35.550000	0.5	10.503200
35.558333	0.5	10.496600
35.566667	0.5	10.494900
35.575000	0.5	10.501100
35.583333	0.5	10.505500
35.591667	0.5	10.516750
35.600000	0.5	10.527400
35.608333	0.5	10.544700
35.616667	0.5	10.563550
35.625000	0.5	10.581200
35.633333	0.5	10.597950
35.641667	0.5	10.620350
35.650000	0.5	10.636000
35.658333	0.5	10.650100
35.666667	0.5	10.660800
35.675000	0.5	10.672150
35.683333	0.5	10.682400
35.691667	0.5	10.688650
35.700000	0.5	10.692500
35.708333	0.5	10.698200
35.716667	0.5	10.706050
35.725000	0.5	10.699900
35.733333	0.5	10.699450
35.741667	0.5	10.693800
35.750000	0.5	10.684050
35.758333	0.5	10.682200
35.766667	0.5	10.670000
35.775000	0.5	10.660300
35.783333	0.5	10.648250
35.791667	0.5	10.634050
35.800000	0.5	10.627150
35.808333	0.5	10.621850
35.816667	0.5	10.616350
35.825000	0.5	10.603550
35.833333	0.5	10.598850
35.841667	0.5	10.592500
35.850000	0.5	10.592450
35.858333	0.5	10.587800
35.866667	0.5	10.593900
35.875000	0.5	10.592550
35.883333	0.5	10.598400
35.891667	0.5	10.603300
35.900000	0.5	10.614400
35.908333	0.5	10.619150
35.916667	0.5	10.629050
35.925000	0.5	10.632200
35.933333	0.5	10.637600
35.941667	0.5	10.642950
35.950000	0.5	10.640850
35.958333	0.5	10.642000
35.966667	0.5	10.628650
35.975000	0.5	10.625700
35.983333	0.5	10.608400
35.991667	0.5	10.593750
36.000000	0.5	10.577950
36.008333	0.5	10.551600
36.016667	0.5	10.519900
36.025000	0.5	10.480900
36.033333	0.5	10.448550
36.041667	0.5	10.405550
36.050000	0.5	10.364050
36.058333	0.5	10.316200
36.066667	0.5	10.279450
36.075000	0.5	10.231500
36.083333	0.5	10.190000
36.091667	0.5	10.147800
36.100000	0.5	10.114000
36.108333	0.5	10.078000
36.116667	0.5	10.043000
36.125000	0.5	10.010400
36.133333	0.5	9.981600
36.141667	0.5	9.961850
36.150000	0.5	9.938950
36.158333	0.5	9.922450
36.166667	0.5	9.913200
36.175000	0.5	9.897350
36.183333	0.5	9.899350
36.191667	0.5	9.896550
36.200000	0.5	9.895350
36.208333	0.5	9.903950
36.216667	0.5	9.912400
36.225000	0.5	9.920950
36.233333	0.5	9.935100
36.241667	0.5	9.958800
36.250000	0.5	9.980300
36.258333	0.5	10.000600
36.266667	0.5	10.030850
36.275000	0.5	10.054750
36.283333	0.5	10.093200
36.291667	0.5	10.124500
36.300000	0.5	10.162000
36.308333	0.5	10.200350
36.316667	0.5	10.236950
36.325000	0.5	10.277850
36.333333	0.5	10.317100
36.341667	0.5	10.353200
36.350000	0.5	10.388550
36.358333	0.5	10.425200
36.366667	0.5	10.453750
36.375000	0.5	10.485150
36.383333	0.5	10.507400
36.391667	0.5	10.529600
36.400000	0.5	10.543050
36.408333	0.5	10.555500
36.416667	0.5	10.559500
36.425000	0.5	10.559150
36.433333	0.5	10.554350
36.441667	0.5	10.549000
36.450000	0.5	10.542350
36.458333	0.5	10.534250
36.466667	0.5	10.521300
36.475000	0.5	10.511400
36.483333	0.5	10.495400
36.491667	0.5	10.477150
36.500000	0.5	10.457250
36.508333	0.5	10.440850
36.516667	0.5	10.421600
36.525000	0.5	10.403450
36.533333	0.5	10.383250
36.541667	0.5	10.365650
36.550000	0.5	10.349300
36.558333	0.5	10.325600
36.566667	0.5	10.313300
36.575000	0.5	10.300050
36.583333	0.5	10.289700
36.591667	0.5	10.273850
36.600000	0.5	10.259700
36.608333	0.5	10.244050
36.616667	0.5	10.234200
36.625000	0.5	10.224250
36.633333	0.5	10.211200
36.641667	0.5	10.203450
36.650000	0.5	10.199100
36.658333	0.5	10.189650
36.666667	0.5	10.181950
36.675000	0.5	10.177700
36.683333	0.5	10.175000
36.691667	0.5	10.166950
36.700000	0.5	10.164300
36.708333	0.5	10.157500
36.716667	0.5	10.153250
36.725000	0.5	10.149500
36.733333	0.5	10.145650
36.741667	0.5	10.141950
36.750000	0.5	10.132050
36.758333	0.5	10.133500
36.766667	0.5	10.132950
36.775000	0.5	10.131300
36.783333	0.5	10.126500
36.791667	0.5	10.122850
36.800000	0.5	10.122550
36.808333	0.5	10.117400
36.816667	0.5	10.121250
36.825000	0.5	10.111300
36.833333	0.5	10.110000
36.841667	0.5	10.110450
36.850000	0.5	10.104550
36.858333	0.5	10.105000
36.866667	0.5	10.102200
36.875000	0.5	10.098500
36.883333	0.5	10.094350
36.891667	0.5	10.094900
36.900000	0.5	10.090100
36.908333	0.5	10.088000
36.916667	0.5	10.090850
36.925000	0.5	10.090750
36.933333	0.5	10.091700
36.941667	0.5	10.095200
36.950000	0.5	10.103750
36.958333	0.5	10.113000
36.966667	0.5	10.124750
36.975000	0.5	10.136200
36.983333	0.5	10.161900
36.991667	0.5	10.184450
37.000000	0.5	10.211600
37.008333	0.5	10.247900
37.016667	0.5	10.289000
37.025000	0.5	10.339700
37.033333	0.5	10.402050
37.041667	0.5	10.458450
37.050000	0.5	10.531600
37.058333	0.5	10.604050
37.066667	0.5	10.679150
37.075000	0.5	10.758450
37.083333	0.5	10.842100
37.091667	0.5	10.921250
37.100000	0.5	11.000950
37.108333	0.5	11.075950
37.116667	0.5	11.145200
37.125000	0.5	11.210800
37.133333	0.5	11.258900
37.141667	0.5	11.307400
37.150000	0.5	11.341250
37.158333	0.5	11.367300
37.166667	0.5	11.386700
37.175000	0.5	11.389450
37.183333	0.5	11.381950
37.191667	0.5	11.370950
37.200000	0.5	11.350400
37.208333	0.5	11.319200
37.216667	0.5	11.289400
37.225000	0.5	11.250750
37.233333	0.5	11.207200
37.241667	0.5	11.170600
37.250000	0.5	11.126750
37.258333	0.5	11.080600
37.266667	0.5	11.037050
37.275000	0.5	10.997400
37.283333	0.5	10.967100
37.291667	0.5	10.935950
37.300000	0.5	10.911200
37.308333	0.5	10.894800
37.316667	0.5	10.890150
37.325000	0.5	10.876450
37.333333	0.5	10.888100
37.341667	0.5	10.895600
37.350000	0.5	10.916050
37.358333	0.5	10.939750
37.366667	0.5	10.972350
37.375000	0.5	11.013650
37.383333	0.5	11.063500
37.391667	0.5	11.116800
37.400000	0.5	11.173650
37.408333	0.5	11.242650
37.416667	0.5	11.314700
37.425000	0.5	11.383800
37.433333	0.5	11.461700
37.441667	0.5	11.541550
37.450000	0.5	11.618550
37.458333	0.5	11.694950
37.466667	0.5	11.774300
37.475000	0.5	11.853000
37.483333	0.5	11.930900
37.491667	0.5	12.002550
37.500000	0.5	12.074700
37.508333	0.5	12.134550
37.516667	0.5	12.193700
37.525000	0.5	12.253700
37.533333	0.5	12.306100
37.541667	0.5	12.347750
37.550000	0.5	12.383100
37.558333	0.5	12.408950
37.566667	0.5	12.432900
37.575000	0.5	12.442000
37.583333	0.5	12.457400
37.591667	0.5	12.453800
37.600000	0.5	12.443100
37.608333	0.5	12.422900
37.616667	0.5	12.393550
37.625000	0.5	12.357250
37.633333	0.5	12.312450
37.641667	0.5	12.253550
37.650000	0.5	12.191500
37.658333	0.5	12.115250
37.666667	0.5	12.030450
37.675000	0.5	11.945400
37.683333	0.5	11.843850
37.691667	0.5	11.742250
37.700000	0.5	11.640250
37.708333	0.5	11.531350
37.716667	0.5	11.416350
37.725000	0.5	11.305500
37.733333	0.5	11.194450
37.741667	0.5	11.085200
37.750000	0.5	10.981850
37.758333	0.5	10.880950
37.766667	0.5	10.792900
37.775000	0.5	10.710500
37.783333	0.5	10.636550
37.791667	0.5	10.583200
37.800000	0.5	10.537200
37.808333	0.5	10.495350
37.816667	0.5	10.462950
37.825000	0.5	10.446400
37.833333	0.5	10.428800
37.841667	0.5	10.417550
37.850000	0.5	10.408050
37.858333	0.5	10.410450
37.866667	0.5	10.411100
37.875000	0.5	10.423100
37.883333	0.5	10.430350
37.891667	0.5	10.445000
37.900000	0.5	10.460750
37.908333	0.5	10.487950
37.916667	0.5	10.516750
37.925000	0.5	10.548650
37.933333	0.5	10.587550
37.941667	0.5	10.633450
37.950000	0.5	10.692400
37.958333	0.5	10.754600
37.966667	0.5	10.824800
37.975000	0.5	10.912900
37.983333	0.5	11.011700
37.991667	0.5	11.117400
38.000000	0.5	11.240650
38.008333	0.5	11.372700
38.016667	0.5	11.515300
38.025000	0.5	11.662400
38.033333	0.5	11.819900
38.041667	0.5	11.974350
38.050000	0.5	12.135250
38.058333	0.5	12.286250
38.066667	0.5	12.439700
38.075000	0.5	12.583550
38.083333	0.5	12.720550
38.091667	0.5	12.835550
38.100000	0.5	12.946000
38.108333	0.5	13.047350
38.116667	0.5	13.129750
38.125000	0.5	13.196800
38.133333	0.5	13.265000
38.141667	0.5	13.307550
38.150000	0.5	13.347350
38.158333	0.5	13.376150
38.166667	0.5	13.399150
38.175000	0.5	13.416700
38.183333	0.5	13.425700
38.191667	0.5	13.430650
38.200000	0.5	13.424150
38.208333	0.5	13.424650
38.216667	0.5	13.409600
38.225000	0.5	13.398500
38.233333	0.5	13.387300
38.241667	0.5	13.361700
38.250000	0.5	13.334000
38.258333	0.5	13.304200
38.266667	0.5	13.277500
38.275000	0.5	13.234300
38.283333	0.5	13.189950
38.291667	0.5	13.147400
38.300000	0.5	13.094700
38.308333	0.5	13.033000
38.316667	0.5	12.968100
38.325000	0.5	12.893350
38.333333	0.5	12.823600
38.341667	0.5	12.741850
38.350000	0.5	12.656700
38.358333	0.5	12.567000
38.366667	0.5	12.476150
38.375000	0.5	12.389050
38.383333	0.5	12.290000
38.391667	0.5	12.199000
38.400000	0.5	12.099250
38.408333	0.5	12.000400
38.416667	0.5	11.904600
38.425000	0.5	11.808250
38.433333	0.5	11.719800
38.441667	0.5	11.627550
38.450000	0.5	11.553100
38.458333	0.5	11.479800
38.466667	0.5	11.417100
38.475000	0.5	11.356750
38.483333	0.5	11.315950
38.491667	0.5	11.284100
38.500000	0.5	11.261000
38.508333	0.5	11.246200
38.516667	0.5	11.242550
38.525000	0.5	11.252700
38.533333	0.5	11.265250
38.541667	0.5	11.285700
38.550000	0.5	11.314650
38.558333	0.5	11.350400
38.566667	0.5	11.376250
38.575000	0.5	11.407550
38.583333	0.5	11.447200
38.591667	0.5	11.474850
38.600000	0.5	11.501750
38.608333	0.5	11.532500
38.616667	0.5	11.544250
38.625000	0.5	11.567700
38.633333	0.5	11.573300
38.641667	0.5	11.581250
38.650000	0.5	11.588300
38.658333	0.5	11.585200
38.666667	0.5	11.570250
38.675000	0.5	11.562800
38.683333	0.5	11.550900
38.691667	0.5	11.529850
38.700000	0.5	11.505700
38.708333	0.5	11.476300
38.716667	0.5	11.447200
38.725000	0.5	11.413150
38.733333	0.5	11.384000
38.741667	0.5	11.347900
38.750000	0.5	11.323950
38.758333	0.5	11.284500
38.766667	0.5	11.252100
38.775000	0.5	11.224150
38.783333	0.5	11.195400
38.791667	0.5	11.164500
38.800000	0.5	11.134550
38.808333	0.5	11.108450
38.816667	0.5	11.079700
38.825000	0.5	11.057800
38.833333	0.5	11.024300
38.841667	0.5	11.009000
38.850000	0.5	10.984400
38.858333	0.5	10.957350
38.866667	0.5	10.942950
38.875000	0.5	10.913200
38.883333	0.5	10.892750
38.891667	0.5	10.864900
38.900000	0.5	10.848050
38.908333	0.5	10.820700
38.916667	0.5	10.792150
38.925000	0.5	10.770600
38.933333	0.5	10.744250
38.941667	0.5	10.721400
38.950000	0.5	10.696450
38.958333	0.5	10.670350
38.966667	0.5	10.649900
38.975000	0.5	10.630700
38.983333	0.5	10.609400
38.991667	0.5	10.589500
39.000000	0.5	10.573600
39.008333	0.5	10.554950
39.016667	0.5	10.542600
39.025000	0.5	10.522050
39.033333	0.5	10.521050
39.041667	0.5	10.508550
39.050000	0.5	10.501850
39.058333	0.5	10.497050
39.066667	0.5	10.497700
39.075000	0.5	10.488950
39.083333	0.5	10.484550
39.091667	0.5	10.481450
39.100000	0.5	10.486450
39.108333	0.5	10.480450
39.116667	0.5	10.481900
39.125000	0.5	10.482950
39.133333	0.5	10.484750
39.141667	0.5	10.481650
39.150000	0.5	10.486550
39.158333	0.5	10.487750
39.166667	0.5	10.490250
39.175000	0.5	10.487200
39.183333	0.5	10.487450
39.191667	0.5	10.490850
39.200000	0.5	10.490950
39.208333	0.5	10.490300
39.216667	0.5	10.490050
39.225000	0.5	10.483900
39.233333	0.5	10.482050
39.241667	0.5	10.480250
39.250000	0.5	10.478550
39.258333	0.5	10.472400
39.266667	0.5	10.473500
39.275000	0.5	10.466550
39.283333	0.5	10.458850
39.291667	0.5	10.456450
39.300000	0.5	10.452100
39.308333	0.5	10.448750
39.316667	0.5	10.444550
39.325000	0.5	10.435100
39.333333	0.5	10.428650
39.341667	0.5	10.422800
39.350000	0.5	10.422450
39.358333	0.5	10.419800
39.366667	0.5	10.410700
39.375000	0.5	10.409050
39.383333	0.5	10.401300
39.391667	0.5	10.395500
39.400000	0.5	10.391150
39.408333	0.5	10.390300
39.416667	0.5	10.379400
39.425000	0.5	10.381750
39.433333	0.5	10.374400
39.441667	0.5	10.373700
39.450000	0.5	10.369900
39.458333	0.5	10.362650
39.466667	0.5	10.360050
39.475000	0.5	10.358100
39.483333	0.5	10.353050
39.491667	0.5	10.337050
39.500000	0.5	10.331700
39.508333	0.5	10.323600
39.516667	0.5	10.319850
39.525000	0.5	10.307950
39.533333	0.5	10.293000
39.541667	0.5	10.284800
39.550000	0.5	10.273900
39.558333	0.5	10.262050
39.566667	0.5	10.249450
39.575000	0.5	10.237600
39.583333	0.5	10.228900
39.591667	0.5	10.217650
39.600000	0.5	10.209050
39.608333	0.5	10.202200
39.616667	0.5	10.192850
39.625000	0.5	10.181900
39.633333	0.5	10.178250
39.641667	0.5	10.171650
39.650000	0.5	10.161150
39.658333	0.5	10.152650
39.666667	0.5	10.144300
39.675000	0.5	10.138100
39.683333	0.5	10.130050
39.691667	0.5	10.127550
39.700000	0.5	10.120450
39.708333	0.5	10.116000
39.716667	0.5	10.104700
39.725000	0.5	10.100650
39.733333	0.5	10.106450
39.741667	0.5	10.099600
39.750000	0.5	10.089650
39.758333	0.5	10.086550
39.766667	0.5	10.079600
39.775000	0.5	10.079300
39.783333	0.5	10.074800
39.791667	0.5	10.074850
39.800000	0.5	10.074650
39.808333	0.5	10.072750
39.816667	0.5	10.074600
39.825000	0.5	10.076850
39.833333	0.5	10.080050
39.841667	0.5	10.086950
39.850000	0.5	10.085400
39.858333	0.5	10.085000
39.866667	0.5	10.090700
39.875000	0.5	10.095300
39.883333	0.5	10.099000
39.891667	0.5	10.106350
39.900000	0.5	10.114850
39.908333	0.5	10.122400
39.916667	0.5	10.127350
39.925000	0.5	10.137100
39.933333	0.5	10.147300
39.941667	0.5	10.154050
39.950000	0.5	10.166950
39.958333	0.5	10.175350
39.966667	0.5	10.180450
39.975000	0.5	10.188800
39.983333	0.5	10.199450
39.991667	0.5	10.213050
40.000000	0.5	10.233350
40.008333	0.5	10.250750
40.016667	0.5	10.281150
40.025000	0.5	10.315650
40.033333	0.5	10.356950
40.041667	0.5	10.407900
40.050000	0.5	10.472100
40.058333	0.5	10.545850
40.066667	0.5	10.627100
40.075000	0.5	10.723300
40.083333	0.5	10.823850
40.091667	0.5	10.940250
40.100000	0.5	11.063450
40.108333	0.5	11.186400
40.116667	0.5	11.322100
40.125000	0.5	11.456850
40.133333	0.5	11.587400
40.141667	0.5	11.721150
40.150000	0.5	11.855050
40.158333	0.5	11.987350
40.166667	0.5	12.109550
40.175000	0.5	12.232150
40.183333	0.5	12.351950
40.191667	0.5	12.467700
40.200000	0.5	12.567700
40.208333	0.5	12.671000
40.216667	0.5	12.762800
40.225000	0.5	12.841400
40.233333	0.5	12.911800
40.241667	0.5	12.976200
40.250000	0.5	13.028950
40.258333	0.5	13.080100
40.266667	0.5	13.115400
40.275000	0.5	13.143250
40.283333	0.5	13.157050
40.291667	0.5	13.167600
40.300000	0.5	13.166200
40.308333	0.5	13.163600
40.316667	0.5	13.143100
40.325000	0.5	13.112600
40.333333	0.5	13.078250
40.341667	0.5	13.032600
40.350000	0.5	12.977800
40.358333	0.5	12.921200
40.366667	0.5	12.850000
40.375000	0.5	12.770750
40.383333	0.5	12.685500
40.391667	0.5	12.590800
40.400000	0.5	12.490100
40.408333	0.5	12.381450
40.416667	0.5	12.274650
40.425000	0.5	12.157750
40.433333	0.5	12.032250
40.441667	0.5	11.909400
40.450000	0.5	11.786000
40.458333	0.5	11.667050
40.466667	0.5	11.544850
40.475000	0.5	11.437800
40.483333	0.5	11.327850
40.491667	0.5	11.226250
40.500000	0.5	11.134750
40.508333	0.5	11.048650
40.516667	0.5	10.964800
40.525000	0.5	10.900400
40.533333	0.5	10.839450
40.541667	0.5	10.782750
40.550000	0.5	10.739400
40.558333	0.5	10.694950
40.566667	0.5	10.663050
40.575000	0.5	10.625500
40.583333	0.5	10.597000
40.591667	0.5	10.573000
40.600000	0.5	10.549950
40.608333	0.5	10.525050
40.616667	0.5	10.501650
40.625000	0.5	10.475300
40.633333	0.5	10.449350
40.641667	0.5	10.423300
40.650000	0.5	10.394900
40.658333	0.5	10.365200
40.666667	0.5	10.344100
40.675000	0.5	10.306700
40.683333	0.5	10.276150
40.691667	0.5	10.247200
40.700000	0.5	10.224700
40.708333	0.5	10.188350
40.716667	0.5	10.159600
40.725000	0.5	10.133200
40.733333	0.5	10.100350
40.741667	0.5	10.072000
40.750000	0.5	10.047650
40.758333	0.5	10.031550
40.766667	0.5	10.005450
40.775000	0.5	9.990550
40.783333	0.5	9.976750
40.791667	0.5	9.970750
40.800000	0.5	9.960550
40.808333	0.5	9.949550
40.816667	0.5	9.947950
40.825000	0.5	9.947300
40.833333	0.5	9.950450
40.841667	0.5	9.956550
40.850000	0.5	9.964050
40.858333	0.5	9.973350
40.866667	0.5	9.988350
40.875000	0.5	10.002850
40.883333	0.5	10.025700
40.891667	0.5	10.044100
40.900000	0.5	10.067400
40.908333	0.5	10.091550
40.916667	0.5	10.111300
40.925000	0.5	10.135250
40.933333	0.5	10.156850
40.941667	0.5	10.184400
40.950000	0.5	10.202550
40.958333	0.5	10.226450
40.966667	0.5	10.242500
40.975000	0.5	10.268850
40.983333	0.5	10.290750
40.991667	0.5	10.317250
41.000000	0.5	10.332000
41.008333	0.5	10.354000
41.016667	0.5	10.382400
41.025000	0.5	10.413100
41.033333	0.5	10.447850
41.041667	0.5	10.488550
41.050000	0.5	10.540650
41.058333	0.5	10.597500
41.066667	0.5	10.675850
41.075000	0.5	10.757900
41.083333	0.5	10.857400
41.091667	0.5	10.970150
41.100000	0.5	11.106400
41.108333	0.5	11.250450
41.116667	0.5	11.400250
41.125000	0.5	11.569150
41.133333	0.5	11.738750
41.141667	0.5	11.914800
41.150000	0.5	12.092750
41.158333	0.5	12.263250
41.166667	0.5	12.437850
41.175000	0.5	12.598800
41.183333	0.5	12.755900
41.191667	0.5	12.894300
41.200000	0.5	13.032700
41.208333	0.5	13.155950
41.216667	0.5	13.267600
41.225000	0.5	13.372500
41.233333	0.5	13.464450
41.241667	0.5	13.539300
41.250000	0.5	13.615150
41.258333	0.5	13.674000
41.266667	0.5	13.727200
41.275000	0.5	13.773250
41.283333	0.5	13.805300
41.291667	0.5	13.834600
41.300000	0.5	13.862250
41.308333	0.5	13.878150
41.316667	0.5	13.890250
41.325000	0.5	13.898100
41.333333	0.5	13.903450
41.341667	0.5	13.909650
41.350000	0.5	13.905000
41.358333	0.5	13.907100
41.366667	0.5	13.900750
41.375000	0.5	13.893750
41.383333	0.5	13.880600
41.391667	0.5	13.866050
41.400000	0.5	13.851150
41.408333	0.5	13.833400
41.416667	0.5	13.812400
41.425000	0.5	13.792900
41.433333	0.5	13.767950
41.441667	0.5	13.742950
41.450000	0.5	13.717250
41.458333	0.5	13.688650
41.466667	0.5	13.653100
41.475000	0.5	13.619100
41.483333	0.5	13.579750
41.491667	0.5	13.542750
41.500000	0.5	13.498700
41.508333	0.5	13.456000
41.516667	0.5	13.408950
41.525000	0.5	13.366950
41.533333	0.5	13.321050
41.541667	0.5	13.277350
41.550000	0.5	13.230300
41.558333	0.5	13.181200
41.566667	0.5	13.130300
41.575000	0.5	13.082250
41.583333	0.5	13.032600
41.591667	0.5	12.988150
41.600000	0.5	12.942100
41.608333	0.5	12.905300
41.616667	0.5	12.866450
41.625000	0.5	12.837150
41.633333	0.5	12.812900
41.641667	0.5	12.787800
41.650000	0.5	12.774450
41.658333	0.5	12.766700
41.666667	0.5	12.755550
41.675000	0.5	12.756550
41.683333	0.5	12.755250
41.691667	0.5	12.759550
41.700000	0.5	12.759600
41.708333	0.5	12.771600
41.716667	0.5	12.783000
41.725000	0.5	12.789950
41.733333	0.5	12.798750
41.741667	0.5	12.807800
41.750000	0.5	12.809900
41.758333	0.5	12.816750
41.766667	0.5	12.816200
41.775000	0.5	12.812750
41.783333	0.5	12.804150
41.791667	0.5	12.796950
41.800000	0.5	12.779200
41.808333	0.5	12.760750
41.816667	0.5	12.738750
41.825000	0.5	12.704700
41.833333	0.5	12.674600
41.841667	0.5	12.639800
41.850000	0.5	12.593300
41.858333	0.5	12.544550
41.866667	0.5	12.493750
41.875000	0.5	12.433850
41.883333	0.5	12.368250
41.891667	0.5	12.300000
41.900000	0.5	12.228000
41.908333	0.5	12.145650
41.916667	0.5	12.062800
41.925000	0.5	11.977500
41.933333	0.5	11.892350
41.941667	0.5	11.798850
41.950000	0.5	11.707300
41.958333	0.5	11.602950
41.966667	0.5	11.501750
41.975000	0.5	11.397200
41.983333	0.5	11.296050
41.991667	0.5	11.185650
42.000000	0.5	11.081750
42.008333	0.5	10.976150
42.016667	0.5	10.873300
42.025000	0.5	10.766600
42.033333	0.5	10.676150
42.041667	0.5	10.574900
42.050000	0.5	10.480400
42.058333	0.5	10.383150
42.066667	0.5	10.292000
42.075000	0.5	10.200400
42.083333	0.5	10.117200
42.091667	0.5	10.038350
42.100000	0.5	9.956350
42.108333	0.5	9.888650
42.116667	0.5	9.813850
42.125000	0.5	9.746650
42.133333	0.5	9.685550
42.141667	0.5	9.625800
42.150000	0.5	9.565250
42.158333	0.5	9.506350
42.166667	0.5	9.453350
42.175000	0.5	9.406300
42.183333	0.5	9.360050
42.191667	0.5	9.308300
42.200000	0.5	9.272250
42.208333	0.5	9.238000
42.216667	0.5	9.199350
42.225000	0.5	9.168950
42.233333	0.5	9.139200
42.241667	0.5	9.109650
42.250000	0.5	9.087650
42.258333	0.5	9.059150
42.266667	0.5	9.038350
42.275000	0.5	9.017850
42.283333	0.5	9.000950
42.291667	0.5	8.989850
42.300000	0.5	8.975500
42.308333	0.5	8.964050
42.316667	0.5	8.958600
42.325000	0.5	8.955800
42.333333	0.5	8.944550
42.341667	0.5	8.940150
42.350000	0.5	8.941300
42.358333	0.5	8.936350
42.366667	0.5	8.934800
42.375000	0.5	8.937850
42.383333	0.5	8.938600
42.391667	0.5	8.937900
42.400000	0.5	8.943200
42.408333	0.5	8.947000
42.416667	0.5	8.953500
42.425000	0.5	8.960600
42.433333	0.5	8.966500
42.441667	0.5	8.974200
42.450000	0.5	8.986650
42.458333	0.5	8.994250
42.466667	0.5	9.000700
42.475000	0.5	9.000300
42.483333	0.5	9.011600
42.491667	0.5	9.021650
42.500000	0.5	9.029850
42.508333	0.5	9.043800
42.516667	0.5	9.056200
42.525000	0.5	9.064650
42.533333	0.5	9.071100
42.541667	0.5	9.083000
42.550000	0.5	9.093000
42.558333	0.5	9.106000
42.566667	0.5	9.112650
42.575000	0.5	9.122250
42.583333	0.5	9.131400
42.591667	0.5	9.135750
42.600000	0.5	9.143450
42.608333	0.5	9.147000
42.616667	0.5	9.151250
42.625000	0.5	9.155650
42.633333	0.5	9.159500
42.641667	0.5	9.167700
42.650000	0.5	9.164800
42.658333	0.5	9.169350
42.666667	0.5	9.168050
42.675000	0.5	9.173250
42.683333	0.5	9.181050
42.691667	0.5	9.176100
42.700000	0.5	9.187700
42.708333	0.5	9.191050
42.716667	0.5	9.204600
42.725000	0.5	9.213000
42.733333	0.5	9.224200
42.741667	0.5	9.238150
42.750000	0.5	9.254550
42.758333	0.5	9.272750
42.766667	0.5	9.296100
42.775000	0.5	9.320150
42.783333	0.5	9.337850
42.791667	0.5	9.374800
42.800000	0.5	9.408350
42.808333	0.5	9.443500
42.816667	0.5	9.487800
42.825000	0.5	9.530300
42.833333	0.5	9.584750
42.841667	0.5	9.639300
42.850000	0.5	9.708000
42.858333	0.5	9.784250
42.866667	0.5	9.872500
42.875000	0.5	9.974700
42.883333	0.5	10.082550
42.891667	0.5	10.210850
42.900000	0.5	10.352250
42.908333	0.5	10.501050
42.916667	0.5	10.666750
42.925000	0.5	10.838000
42.933333	0.5	11.016650
42.941667	0.5	11.205250
42.950000	0.5	11.395050
42.958333	0.5	11.588550
42.966667	0.5	11.781950
42.975000	0.5	11.968550
42.983333	0.5	12.150450
42.991667	0.5	12.332350
43.000000	0.5	12.497950
43.008333	0.5	12.655500
43.016667	0.5	12.808600
43.025000	0.5	12.948150
43.033333	0.5	13.083700
43.041667	0.5	13.209350
43.050000	0.5	13.318900
43.058333	0.5	13.426000
43.066667	0.5	13.515950
43.075000	0.5	13.591600
43.083333	0.5	13.657200
43.091667	0.5	13.724400
43.100000	0.5	13.770500
43.108333	0.5	13.803150
43.116667	0.5	13.823100
43.125000	0.5	13.843200
43.133333	0.5	13.840400
43.141667	0.5	13.833800
43.150000	0.5	13.815850
43.158333	0.5	13.792500
43.166667	0.5	13.750800
43.175000	0.5	13.699200
43.183333	0.5	13.640950
43.191667	0.5	13.572550
43.200000	0.5	13.498200
43.208333	0.5	13.408500
43.216667	0.5	13.304850
43.225000	0.5	13.195750
43.233333	0.5	13.076350
43.241667	0.5	12.950000
43.250000	0.5	12.807850
43.258333	0.5	12.660800
43.266667	0.5	12.511450
43.275000	0.5	12.356500
43.283333	0.5	12.195550
43.291667	0.5	12.029100
43.300000	0.5	11.864550
43.308333	0.5	11.691350
43.316667	0.5	11.526450
43.325000	0.5	11.363450
43.333333	0.5	11.209050
43.341667	0.5	11.056650
43.350000	0.5	10.915450
43.358333	0.5	10.789700
43.366667	0.5	10.668800
43.375000	0.5	10.566250
43.383333	0.5	10.475550
43.391667	0.5	10.390950
43.400000	0.5	10.327800
43.408333	0.5	10.273550
43.416667	0.5	10.230700
43.425000	0.5	10.194800
43.433333	0.5	10.173300
43.441667	0.5	10.163300
43.450000	0.5	10.153900
43.458333	0.5	10.151750
43.466667	0.5	10.159150
43.475000	0.5	10.167800
43.483333	0.5	10.173800
43.491667	0.5	10.179600
43.500000	0.5	10.192550
43.508333	0.5	10.201000
43.516667	0.5	10.206600
43.525000	0.5	10.213950
43.533333	0.5	10.217250
43.541667	0.5	10.219850
43.550000	0.5	10.218250
43.558333	0.5	10.207050
43.566667	0.5	10.200050
43.575000	0.5	10.189750
43.583333	0.5	10.173400
43.591667	0.5	10.157500
43.600000	0.5	10.140500
43.608333	0.5	10.116900
43.616667	0.5	10.092250
43.625000	0.5	10.065050
43.633333	0.5	10.044500
43.641667	0.5	10.018550
43.650000	0.5	9.990850
43.658333	0.5	9.966400
43.666667	0.5	9.944450
43.675000	0.5	9.915250
43.683333	0.5	9.894700
43.691667	0.5	9.868750
43.700000	0.5	9.851350
43.708333	0.5	9.831600
43.716667	0.5	9.812350
43.725000	0.5	9.798050
43.733333	0.5	9.783000
43.741667	0.5	9.774450
43.750000	0.5	9.763350
43.758333	0.5	9.759400
43.766667	0.5	9.751950
43.775000	0.5	9.744700
43.783333	0.5	9.743900
43.791667	0.5	9.744150
43.800000	0.5	9.748100
43.808333	0.5	9.754000
43.816667	0.5	9.757850
43.825000	0.5	9.761350
43.833333	0.5	9.773600
43.841667	0.5	9.782250
43.850000	0.5	9.799750
43.858333	0.5	9.816400
43.866667	0.5	9.835150
43.875000	0.5	9.853200
43.883333	0.5	9.870700
43.891667	0.5	9.892200
43.900000	0.5	9.910850
43.908333	0.5	9.934950
43.916667	0.5	9.950600
43.925000	0.5	9.969300
43.933333	0.5	9.990200
43.941667	0.5	10.012600
43.950000	0.5	10.031600
43.958333	0.5	10.046100
43.966667	0.5	10.057600
43.975000	0.5	10.072800
43.983333	0.5	10.082700
43.991667	0.5	10.094200
44.000000	0.5	10.102850
44.008333	0.5	10.110950
44.016667	0.5	10.117300
44.025000	0.5	10.123550
44.033333	0.5	10.134800
44.041667	0.5	10.149850
44.050000	0.5	10.160950
44.058333	0.5	10.176350
44.066667	0.5	10.200850
44.075000	0.5	10.227650
44.083333	0.5	10.261800
44.091667	0.5	10.311100
44.100000	0.5	10.373350
44.108333	0.5	10.443950
44.116667	0.5	10.532650
44.125000	0.5	10.634500
44.133333	0.5	10.746900
44.141667	0.5	10.879500
44.150000	0.5	11.005700
44.158333	0.5	11.135950
44.166667	0.5	11.260500
44.175000	0.5	11.388250
44.183333	0.5	11.498850
44.191667	0.5	11.601550
44.200000	0.5	11.697650
44.208333	0.5	11.795100
44.216667	0.5	11.894200
44.225000	0.5	11.984100
44.233333	0.5	12.083600
44.241667	0.5	12.173700
44.250000	0.5	12.261300
44.258333	0.5	12.353600
44.266667	0.5	12.442050
44.275000	0.5	12.524300
44.283333	0.5	12.604850
44.291667	0.5	12.676450
44.300000	0.5	12.752450
44.308333	0.5	12.814900
44.316667	0.5	12.880900
44.325000	0.5	12.937650
44.333333	0.5	12.993350
44.341667	0.5	13.041800
44.350000	0.5	13.086450
44.358333	0.5	13.133900
44.366667	0.5	13.174450
44.375000	0.5	13.207800
44.383333	0.5	13.242750
44.391667	0.5	13.274950
44.400000	0.5	13.309700
44.408333	0.5	13.339450
44.416667	0.5	13.363400
44.425000	0.5	13.395700
44.433333	0.5	13.420850
44.441667	0.5	13.444050
44.450000	0.5	13.472950
44.458333	0.5	13.504000
44.466667	0.5	13.536400
44.475000	0.5	13.562250
44.483333	0.5	13.588400
44.491667	0.5	13.614250
44.500000	0.5	13.639400
44.508333	0.5	13.663600
44.516667	0.5	13.679350
44.525000	0.5	13.704950
44.533333	0.5	13.711050
44.541667	0.5	13.717250
44.550000	0.5	13.721950
44.558333	0.5	13.717450
44.566667	0.5	13.705900
44.575000	0.5	13.687900
44.583333	0.5	13.662100
44.591667	0.5	13.635400
44.600000	0.5	13.593850
44.608333	0.5	13.545800
44.616667	0.5	13.497100
44.625000	0.5	13.443950
44.633333	0.5	13.381200
44.641667	0.5	13.306650
44.650000	0.5	13.234150
44.658333	0.5	13.150900
44.666667	0.5	13.061700
44.675000	0.5	12.974750
44.683333	0.5	12.874800
44.691667	0.5	12.777750
44.700000	0.5	12.674750
44.708333	0.5	12.568200
44.716667	0.5	12.458600
44.725000	0.5	12.341900
44.733333	0.5	12.224000
44.741667	0.5	12.112500
44.750000	0.5	11.990350
44.758333	0.5	11.863850
44.766667	0.5	11.742450
44.775000	0.5	11.617750
44.783333	0.5	11.504150
44.791667	0.5	11.379100
44.800000	0.5	11.258450
44.808333	0.5	11.150950
44.816667	0.5	11.038150
44.825000	0.5	10.930850
44.833333	0.5	10.821350
44.841667	0.5	10.724500
44.850000	0.5	10.626950
44.858333	0.5	10.538700
44.866667	0.5	10.459650
44.875000	0.5	10.385200
44.883333	0.5	10.314650
44.891667	0.5	10.253900
44.900000	0.5	10.189350
44.908333	0.5	10.142650
44.916667	0.5	10.085850
44.925000	0.5	10.024150
44.933333	0.5	9.973800
44.941667	0.5	9.922400
44.950000	0.5	9.870800
44.958333	0.5	9.817750
44.966667	0.5	9.766200
44.975000	0.5	9.721300
44.983333	0.5	9.663800
44.991667	0.5	9.604300
45.000000	0.5	9.548450
45.008333	0.5	9.497300
45.016667	0.5	9.445050
45.025000	0.5	9.389900
45.033333	0.5	9.334100
45.041667	0.5	9.283750
45.050000	0.5	9.239450
45.058333	0.5	9.188100
45.066667	0.5	9.147400
45.075000	0.5	9.101250
45.083333	0.5	9.067100
45.091667	0.5	9.033600
45.100000	0.5	9.004300
45.108333	0.5	8.975900
45.116667	0.5	8.948650
45.125000	0.5	8.927650
45.133333	0.5	8.910650
45.141667	0.5	8.892950
45.150000	0.5	8.877600
45.158333	0.5	8.870300
45.166667	0.5	8.863300
45.175000	0.5	8.859650
45.183333	0.5	8.856500
45.191667	0.5	8.857750
45.200000	0.5	8.861350
45.208333	0.5	8.865350
45.216667	0.5	8.865550
45.225000	0.5	8.867050
45.233333	0.5	8.877500
45.241667	0.5	8.880450
45.250000	0.5	8.887150
45.258333	0.5	8.898350
45.266667	0.5	8.909650
45.275000	0.5	8.924800
45.283333	0.5	8.937000
45.291667	0.5	8.952800
45.300000	0.5	8.967300
45.308333	0.5	8.977700
45.316667	0.5	8.997500
45.325000	0.5	9.011700
45.333333	0.5	9.022500
45.341667	0.5	9.034550
45.350000	0.5	9.055300
45.358333	0.5	9.073500
45.366667	0.5	9.093500
45.375000	0.5	9.116050
45.383333	0.5	9.144650
45.391667	0.5	9.178050
45.400000	0.5	9.208800
45.408333	0.5	9.252500
45.416667	0.5	9.292300
45.425000	0.5	9.350500
45.433333	0.5	9.416050
45.441667	0.5	9.494250
45.450000	0.5	9.589350
45.458333	0.5	9.695650
45.466667	0.5	9.818100
45.475000	0.5	9.953200
45.483333	0.5	10.104000
45.491667	0.5	10.261450
45.500000	0.5	10.424850
45.508333	0.5	10.594800
45.516667	0.5	10.768100
45.525000	0.5	10.945900
45.533333	0.5	11.121050
45.541667	0.5	11.305850
45.550000	0.5	11.468450
45.558333	0.5	11.628500
45.566667	0.5	11.777500
45.575000	0.5	11.932300
45.583333	0.5	12.069150
45.591667	0.5	12.193950
45.600000	0.5	12.309750
45.608333	0.5	12.416800
45.616667	0.5	12.504200
45.625000	0.5	12.582700
45.633333	0.5	12.651500
45.641667	0.5	12.712400
45.650000	0.5	12.744950
45.658333	0.5	12.774050
45.666667	0.5	12.788850
45.675000	0.5	12.791200
45.683333	0.5	12.786500
45.691667	0.5	12.764350
45.700000	0.5	12.731800
45.708333	0.5	12.690250
45.716667	0.5	12.635200
45.725000	0.5	12.569100
45.733333	0.5	12.496250
45.741667	0.5	12.418100
45.750000	0.5	12.334450
45.758333	0.5	12.231950
45.766667	0.5	12.139450
45.775000	0.5	12.028400
45.783333	0.5	11.908800
45.791667	0.5	11.791700
45.800000	0.5	11.668300
45.808333	0.5	11.529200
45.816667	0.5	11.399100
45.825000	0.5	11.262500
45.833333	0.5	11.126400
45.841667	0.5	10.990750
45.850000	0.5	10.854750
45.858333	0.5	10.719300
45.866667	0.5	10.589300
45.875000	0.5	10.468200
45.883333	0.5	10.338250
45.891667	0.5	10.220200
45.900000	0.5	10.108150
45.908333	0.5	10.006850
45.916667	0.5	9.913550
45.925000	0.5	9.838750
45.933333	0.5	9.770000
45.941667	0.5	9.724300
45.950000	0.5	9.674550
45.958333	0.5	9.648400
45.966667	0.5	9.634150
45.975000	0.5	9.633800
45.983333	0.5	9.642900
45.991667	0.5	9.664300
46.000000	0.5	9.701900
46.008333	0.5	9.736950
46.016667	0.5	9.784850
46.025000	0.5	9.834950
46.033333	0.5	9.897550
46.041667	0.5	9.964200
46.050000	0.5	10.029250
46.058333	0.5	10.099900
46.066667	0.5	10.175400
46.075000	0.5	10.244650
46.083333	0.5	10.320850
46.091667	0.5	10.398700
46.100000	0.5	10.465700
46.108333	0.5	10.537700
46.116667	0.5	10.607500
46.125000	0.5	10.675500
46.133333	0.5	10.742650
46.141667	0.5	10.791850
46.150000	0.5	10.867950
46.158333	0.5	10.921250
46.166667	0.5	10.985350
46.175000	0.5	11.032500
46.183333	0.5	11.075800
46.191667	0.5	11.126650
46.200000	0.5	11.167900
46.208333	0.5	11.208800
46.216667	0.5	11.232900
46.225000	0.5	11.273000
46.233333	0.5	11.291450
46.241667	0.5	11.311800
46.250000	0.5	11.328350
46.258333	0.5	11.341100
46.266667	0.5	11.341700
46.275000	0.5	11.351800
46.283333	0.5	11.348700
46.291667	0.5	11.338900
46.300000	0.5	11.335350
46.308333	0.5	11.330150
46.316667	0.5	11.312800
46.325000	0.5	11.293000
46.333333	0.5	11.270050
46.341667	0.5	11.253250
46.350000	0.5	11.227700
46.358333	0.5	11.199150
46.366667	0.5	11.171600
46.375000	0.5	11.137600
46.383333	0.5	11.100250
46.391667	0.5	11.061850
46.400000	0.5	11.023700
46.408333	0.5	10.985050
46.416667	0.5	10.939500
46.425000	0.5	10.897200
46.433333	0.5	10.857600
46.441667	0.5	10.811150
46.450000	0.5	10.766050
46.458333	0.5	10.713200
46.466667	0.5	10.662700
46.475000	0.5	10.611450
46.483333	0.5	10.558250
46.491667	0.5	10.504600
46.500000	0.5	10.447350
46.508333	0.5	10.390700
46.516667	0.5	10.336250
46.525000	0.5	10.279050
46.533333	0.5	10.222850
46.541667	0.5	10.168450
46.550000	0.5	10.116750
46.558333	0.5	10.067700
46.566667	0.5	10.017800
46.575000	0.5	9.972200
46.583333	0.5	9.929750
46.591667	0.5	9.893150
46.600000	0.5	9.874350
46.608333	0.5	9.838700
46.616667	0.5	9.825500
46.625000	0.5	9.824600
46.633333	0.5	9.835000
46.641667	0.5	9.855000
46.650000	0.5	9.884700
46.658333	0.5	9.934600
46.666667	0.5	9.993950
46.675000	0.5	10.073300
46.683333	0.5	10.167900
46.691667	0.5	10.280100
46.700000	0.5	10.404000
46.708333	0.5	10.542500
46.716667	0.5	10.684100
46.725000	0.5	10.831400
46.733333	0.5	10.976600
46.741667	0.5	11.131700
46.750000	0.5	11.280650
46.758333	0.5	11.430950
46.766667	0.5	11.572650
46.775000	0.5	11.714450
46.783333	0.5	11.852700
46.791667	0.5	11.981150
46.800000	0.5	12.108350
46.808333	0.5	12.226700
46.816667	0.5	12.335500
46.825000	0.5	12.447200
46.833333	0.5	12.547800
46.841667	0.5	12.643000
46.850000	0.5	12.723800
46.858333	0.5	12.804850
46.866667	0.5	12.873650
46.875000	0.5	12.940950
46.883333	0.5	12.996800
46.891667	0.5	13.046350
46.900000	0.5	13.093600
46.908333	0.5	13.118700
46.916667	0.5	13.148550
46.925000	0.5	13.170500
46.933333	0.5	13.184450
46.941667	0.5	13.191100
46.950000	0.5	13.191000
46.958333	0.5	13.183650
46.966667	0.5	13.174700
46.975000	0.5	13.153450
46.983333	0.5	13.131450
46.991667	0.5	13.099300
47.000000	0.5	13.073950
47.008333	0.5	13.028300
47.016667	0.5	12.993200
47.025000	0.5	12.940950
47.033333	0.5	12.887050
47.041667	0.5	12.835850
47.050000	0.5	12.775000
47.058333	0.5	12.716050
47.066667	0.5	12.648350
47.075000	0.5	12.581900
47.083333	0.5	12.523950
47.091667	0.5	12.460000
47.100000	0.5	12.396850
47.108333	0.5	12.336100
47.116667	0.5	12.285900
47.125000	0.5	12.234850
47.133333	0.5	12.186150
47.141667	0.5	12.149400
47.150000	0.5	12.125150
47.158333	0.5	12.099050
47.166667	0.5	12.093500
47.175000	0.5	12.104650
47.183333	0.5	12.129250
47.191667	0.5	12.171550
47.200000	0.5	12.205350
47.208333	0.5	12.260200
47.216667	0.5	12.329200
47.225000	0.5	12.401050
47.233333	0.5	12.481850
47.241667	0.5	12.565350
47.250000	0.5	12.644900
47.258333	0.5	12.721550
47.266667	0.5	12.794650
47.275000	0.5	12.866850
47.283333	0.5	12.935750
47.291667	0.5	12.987650
47.300000	0.5	13.064050
47.308333	0.5	13.100200
47.316667	0.5	13.112750
47.325000	0.5	13.144100
47.333333	0.5	13.152300
47.341667	0.5	13.159650
47.350000	0.5	13.158200
47.358333	0.5	13.149850
47.366667	0.5	13.114950
47.375000	0.5	13.078800
47.383333	0.5	13.029800
47.391667	0.5	12.976650
47.400000	0.5	12.916550
47.408333	0.5	12.841700
47.416667	0.5	12.754850
47.425000	0.5	12.658350
47.433333	0.5	12.560900
47.441667	0.5	12.460200
47.450000	0.5	12.339200
47.458333	0.5	12.217500
47.466667	0.5	12.089800
47.475000	0.5	11.964250
47.483333	0.5	11.832700
47.491667	0.5	11.709550
47.500000	0.5	11.580500
47.508333	0.5	11.456250
47.516667	0.5	11.324650
47.525000	0.5	11.206050
47.533333	0.5	11.092200
47.541667	0.5	10.990150
47.550000	0.5	10.895000
47.558333	0.5	10.808950
47.566667	0.5	10.736350
47.575000	0.5	10.666550
47.583333	0.5	10.610300
47.591667	0.5	10.576550
47.600000	0.5	10.531000
47.608333	0.5	10.494250
47.616667	0.5	10.466900
47.625000	0.5	10.447600
47.633333	0.5	10.432500
47.641667	0.5	10.429750
47.650000	0.5	10.428650
47.658333	0.5	10.435750
47.666667	0.5	10.442050
47.675000	0.5	10.466750
47.683333	0.5	10.493750
47.691667	0.5	10.528200
47.700000	0.5	10.568550
47.708333	0.5	10.614850
47.716667	0.5	10.672150
47.725000	0.5	10.738150
47.733333	0.5	10.813300
47.741667	0.5	10.906500
47.750000	0.5	11.009450
47.758333	0.5	11.116050
47.766667	0.5	11.230150
47.775000	0.5	11.354900
47.783333	0.5	11.487800
47.791667	0.5	11.616100
47.800000	0.5	11.746950
47.808333	0.5	11.882700
47.816667	0.5	12.004250
47.825000	0.5	12.121400
47.833333	0.5	12.235750
47.841667	0.5	12.345600
47.850000	0.5	12.442400
47.858333	0.5	12.531350
47.866667	0.5	12.610400
47.875000	0.5	12.689600
47.883333	0.5	12.747400
47.891667	0.5	12.799650
47.900000	0.5	12.833750
47.908333	0.5	12.874900
47.916667	0.5	12.882800
47.925000	0.5	12.887450
47.933333	0.5	12.882100
47.941667	0.5	12.872700
47.950000	0.5	12.848750
47.958333	0.5	12.806650
47.966667	0.5	12.761400
47.975000	0.5	12.699900
47.983333	0.5	12.626350
47.991667	0.5	12.544650
48.000000	0.5	12.449750
48.008333	0.5	12.335700
48.016667	0.5	12.212850
48.025000	0.5	12.081350
48.033333	0.5	11.937300
48.041667	0.5	11.783450
48.050000	0.5	11.615700
48.058333	0.5	11.438350
48.066667	0.5	11.261600
48.075000	0.5	11.053350
48.083333	0.5	10.850650
48.091667	0.5	10.644150
48.100000	0.5	10.427400
48.108333	0.5	10.216400
48.116667	0.5	10.007050
48.125000	0.5	9.801300
48.133333	0.5	9.596950
48.141667	0.5	9.408250
48.150000	0.5	9.213100
48.158333	0.5	9.046650
48.166667	0.5	8.882050
48.175000	0.5	8.726300
48.183333	0.5	8.584450
48.191667	0.5	8.462750
48.200000	0.5	8.339850
48.208333	0.5	8.230100
48.216667	0.5	8.136450
48.225000	0.5	8.051100
48.233333	0.5	7.976550
48.241667	0.5	7.907300
48.250000	0.5	7.848400
48.258333	0.5	7.802350
48.266667	0.5	7.758450
48.275000	0.5	7.716600
48.283333	0.5	7.685250
48.291667	0.5	7.662300
48.300000	0.5	7.644700
48.308333	0.5	7.628150
48.316667	0.5	7.624050
48.325000	0.5	7.620300
48.333333	0.5	7.623000
48.341667	0.5	7.629750
48.350000	0.5	7.645850
48.358333	0.5	7.665600
48.366667	0.5	7.686900
48.375000	0.5	7.713000
48.383333	0.5	7.749650
48.391667	0.5	7.786150
48.400000	0.5	7.836700
48.408333	0.5	7.887300
48.416667	0.5	7.948650
48.425000	0.5	8.014700
48.433333	0.5	8.089450
48.441667	0.5	8.169950
48.450000	0.5	8.263450
48.458333	0.5	8.353050
48.466667	0.5	8.452400
48.475000	0.5	8.561650
48.483333	0.5	8.679700
48.491667	0.5	8.797950
48.500000	0.5	8.924650
48.508333	0.5	9.048800
48.516667	0.5	9.185450
48.525000	0.5	9.323700
48.533333	0.5	9.467650
48.541667	0.5	9.611450
48.550000	0.5	9.751850
48.558333	0.5	9.896250
48.566667	0.5	10.036400
48.575000	0.5	10.180700
48.583333	0.5	10.318700
48.591667	0.5	10.448300
48.600000	0.5	10.572650
48.608333	0.5	10.690700
48.616667	0.5	10.811250
48.625000	0.5	10.914050
48.633333	0.5	11.007650
48.641667	0.5	11.095550
48.650000	0.5	11.173600
48.658333	0.5	11.236750
48.666667	0.5	11.286050
48.675000	0.5	11.326400
48.683333	0.5	11.353450
48.691667	0.5	11.364400
48.700000	0.5	11.374500
48.708333	0.5	11.358600
48.716667	0.5	11.346900
48.725000	0.5	11.321750
48.733333	0.5	11.287600
48.741667	0.5	11.250750
48.750000	0.5	11.209950
48.758333	0.5	11.162200
48.766667	0.5	11.114100
48.775000	0.5	11.073250
48.783333	0.5	11.031050
48.791667	0.5	10.994750
48.800000	0.5	10.971250
48.808333	0.5	10.951600
48.816667	0.5	10.943050
48.825000	0.5	10.935150
48.833333	0.5	10.946700
48.841667	0.5	10.963400
48.850000	0.5	10.979400
48.858333	0.5	11.012250
48.866667	0.5	11.037100
48.875000	0.5	11.066800
48.883333	0.5	11.109750
48.891667	0.5	11.149100
48.900000	0.5	11.200550
48.908333	0.5	11.234050
48.916667	0.5	11.275700
48.925000	0.5	11.323850
48.933333	0.5	11.371650
48.941667	0.5	11.419050
48.950000	0.5	11.458450
48.958333	0.5	11.504150
48.966667	0.5	11.542400
48.975000	0.5	11.582600
48.983333	0.5	11.618700
48.991667	0.5	11.654200
49.000000	0.5	11.684100
49.008333	0.5	11.713900
49.016667	0.5	11.740500
49.025000	0.5	11.764550
49.033333	0.5	11.786700
49.041667	0.5	11.800250
49.050000	0.5	11.820550
49.058333	0.5	11.827300
49.066667	0.5	11.838250
49.075000	0.5	11.832250
49.083333	0.5	11.832900
49.091667	0.5	11.833050
49.100000	0.5	11.829200
49.108333	0.5	11.812300
49.116667	0.5	11.805000
49.125000	0.5	11.796750
49.133333	0.5	11.773950
49.141667	0.5	11.760900
49.150000	0.5	11.735400
49.158333	0.5	11.728100
49.166667	0.5	11.688750
49.175000	0.5	11.658450
49.183333	0.5	11.628700
49.191667	0.5	11.593300
49.200000	0.5	11.554700
49.208333	0.5	11.508550
49.216667	0.5	11.460450
49.225000	0.5	11.400450
49.233333	0.5	11.336100
49.241667	0.5	11.264300
49.250000	0.5	11.179400
49.258333	0.5	11.092450
49.266667	0.5	11.000950
49.275000	0.5	10.904300
49.283333	0.5	10.811250
49.291667	0.5	10.712500
49.300000	0.5	10.616700
49.308333	0.5	10.529150
49.316667	0.5	10.441800
49.325000	0.5	10.358000
49.333333	0.5	10.289850
49.341667	0.5	10.220900
49.350000	0.5	10.162550
49.358333	0.5	10.113900
49.366667	0.5	10.075300
49.375000	0.5	10.042850
49.383333	0.5	10.024000
49.391667	0.5	10.013400
49.400000	0.5	10.015000
49.408333	0.5	10.034100
49.416667	0.5	10.056850
49.425000	0.5	10.096950
49.433333	0.5	10.143450
49.441667	0.5	10.207850
49.450000	0.5	10.282550
49.458333	0.5	10.372100
49.466667	0.5	10.478400
49.475000	0.5	10.587450
49.483333	0.5	10.709800
49.491667	0.5	10.842600
49.500000	0.5	10.989450
49.508333	0.5	11.131000
49.516667	0.5	11.285350
49.525000	0.5	11.438650
49.533333	0.5	11.588600
49.541667	0.5	11.736800
49.550000	0.5	11.887850
49.558333	0.5	12.024250
49.566667	0.5	12.159500
49.575000	0.5	12.289150
49.583333	0.5	12.411050
49.591667	0.5	12.521800
49.600000	0.5	12.629550
49.608333	0.5	12.732400
49.616667	0.5	12.816100
49.625000	0.5	12.891400
49.633333	0.5	12.960100
49.641667	0.5	13.020500
49.650000	0.5	13.067150
49.658333	0.5	13.101050
49.666667	0.5	13.128500
49.675000	0.5	13.141050
49.683333	0.5	13.144500
49.691667	0.5	13.131950
49.700000	0.5	13.109200
49.708333	0.5	13.070400
49.716667	0.5	13.013800
49.725000	0.5	12.950350
49.733333	0.5	12.867600
49.741667	0.5	12.778200
49.750000	0.5	12.684850
49.758333	0.5	12.577650
49.766667	0.5	12.483950
49.775000	0.5	12.395900
49.783333	0.5	12.314300
49.791667	0.5	12.257150
49.800000	0.5	12.215700
49.808333	0.5	12.190100
49.816667	0.5	12.196950
49.825000	0.5	12.216300
49.833333	0.5	12.258700
49.841667	0.5	12.311350
49.850000	0.5	12.381050
49.858333	0.5	12.454550
49.866667	0.5	12.529250
49.875000	0.5	12.612400
49.883333	0.5	12.686150
49.891667	0.5	12.766400
49.900000	0.5	12.842750
49.908333	0.5	12.911150
49.916667	0.5	12.977100
49.925000	0.5	13.036250
49.933333	0.5	13.092350
49.941667	0.5	13.142900
49.950000	0.5	13.178850
49.958333	0.5	13.210400
49.966667	0.5	13.237100
49.975000	0.5	13.247550
49.983333	0.5	13.263100
49.991667	0.5	13.263500
50.000000	0.5	13.255700
50.008333	0.5	13.236550
50.016667	0.5	13.236250
50.025000	0.5	13.187500
50.033333	0.5	13.157700
50.041667	0.5	13.111400
50.050000	0.5	13.060600
50.058333	0.5	13.004600
50.066667	0.5	12.935850
50.075000	0.5	12.863350
50.083333	0.5	12.784750
50.091667	0.5	12.698450
50.100000	0.5	12.605100
50.108333	0.5	12.506600
50.116667	0.5	12.400050
50.125000	0.5	12.294800
50.133333	0.5	12.181800
50.141667	0.5	12.072350
50.150000	0.5	11.947500
50.158333	0.5	11.825150
50.166667	0.5	11.702650
50.175000	0.5	11.585700
50.183333	0.5	11.456650
50.191667	0.5	11.327300
50.200000	0.5	11.208250
50.208333	0.5	11.072050
50.216667	0.5	10.947400
50.225000	0.5	10.821700
50.233333	0.5	10.701000
50.241667	0.5	10.589900
50.250000	0.5	10.472350
50.258333	0.5	10.358750
50.266667	0.5	10.253850
50.275000	0.5	10.152800
50.283333	0.5	10.058750
50.291667	0.5	9.965700
50.300000	0.5	9.878050
50.308333	0.5	9.802650
50.316667	0.5	9.728200
50.325000	0.5	9.655300
50.333333	0.5	9.591800
50.341667	0.5	9.533700
50.350000	0.5	9.483200
50.358333	0.5	9.433200
50.366667	0.5	9.396600
50.375000	0.5	9.356700
50.383333	0.5	9.326500
50.391667	0.5	9.295800
50.400000	0.5	9.274800
50.408333	0.5	9.256050
50.416667	0.5	9.245500
50.425000	0.5	9.230850
50.433333	0.5	9.225150
50.441667	0.5	9.222100
50.450000	0.5	9.221550
50.458333	0.5	9.229200
50.466667	0.5	9.237200
50.475000	0.5	9.240700
50.483333	0.5	9.251800
50.491667	0.5	9.261000
50.500000	0.5	9.277600
50.508333	0.5	9.284300
50.516667	0.5	9.303350
50.525000	0.5	9.323050
50.533333	0.5	9.333950
50.541667	0.5	9.349400
50.550000	0.5	9.362900
50.558333	0.5	9.389450
50.566667	0.5	9.402950
50.575000	0.5	9.421200
50.583333	0.5	9.445200
50.591667	0.5	9.460750
50.600000	0.5	9.483500
50.608333	0.5	9.504050
50.616667	0.5	9.527700
50.625000	0.5	9.543900
50.633333	0.5	9.578650
50.641667	0.5	9.597300
50.650000	0.5	9.632300
50.658333	0.5	9.666500
50.666667	0.5	9.704200
50.675000	0.5	9.745600
50.683333	0.5	9.791350
50.691667	0.5	9.842850
50.700000	0.5	9.897800
50.708333	0.5	9.964650
50.716667	0.5	10.026700
50.725000	0.5	10.105450
50.733333	0.5	10.186450
50.741667	0.5	10.270450
50.750000	0.5	10.367450
50.758333	0.5	10.454300
50.766667	0.5	10.557150
50.775000	0.5	10.654450
50.783333	0.5	10.738550
50.791667	0.5	10.835900
50.800000	0.5	10.917200
50.808333	0.5	11.000750
50.816667	0.5	11.082400
50.825000	0.5	11.168250
50.833333	0.5	11.287250
50.841667	0.5	11.527400
50.850000	0.5	11.950650
50.858333	0.5	12.477650
50.866667	0.5	12.880050
50.875000	0.5	12.952300
50.883333	0.5	12.769150
50.891667	0.5	12.537350
50.900000	0.5	12.329500
50.908333	0.5	12.189000
50.916667	0.5	12.062000
50.925000	0.5	11.953700
50.933333	0.5	11.817950
50.941667	0.5	11.658000
50.950000	0.5	11.460950
50.958333	0.5	11.287050
50.966667	0.5	11.179700
50.975000	0.5	11.113950
50.983333	0.5	11.077400
50.991667	0.5	11.058600
51.000000	0.5	11.024250
51.008333	0.5	11.003800
51.016667	0.5	10.975900
51.025000	0.5	10.944250
51.033333	0.5	10.915000
51.041667	0.5	10.888450
51.050000	0.5	10.852600
51.058333	0.5	10.819700
51.066667	0.5	10.777850
51.075000	0.5	10.746950
51.083333	0.5	10.706900
51.091667	0.5	10.661900
51.100000	0.5	10.619250
51.108333	0.5	10.582000
51.116667	0.5	10.536950
51.125000	0.5	10.493950
51.133333	0.5	10.453500
51.141667	0.5	10.407100
51.150000	0.5	10.356850
51.158333	0.5	10.312500
51.166667	0.5	10.270000
51.175000	0.5	10.227500
51.183333	0.5	10.185000
51.191667	0.5	10.146250
51.200000	0.5	10.111400
51.208333	0.5	10.069050
51.216667	0.5	10.031050
51.225000	0.5	10.001250
51.233333	0.5	9.966850
51.241667	0.5	9.934950
51.250000	0.5	9.900700
51.258333	0.5	9.862950
51.266667	0.5	9.840600
51.275000	0.5	9.806200
51.283333	0.5	9.774150
51.291667	0.5	9.741900
51.300000	0.5	9.711850
51.308333	0.5	9.681750
51.316667	0.5	9.652950
51.325000	0.5	9.627450
51.333333	0.5	9.593150
51.341667	0.5	9.563450
51.350000	0.5	9.529200
51.358333	0.5	9.498900
51.366667	0.5	9.473550
51.375000	0.5	9.443950
51.383333	0.5	9.408950
51.391667	0.5	9.380950
51.400000	0.5	9.354200
51.408333	0.5	9.326450
51.416667	0.5	9.308150
51.425000	0.5	9.282800
51.433333	0.5	9.256800
51.441667	0.5	9.235200
51.450000	0.5	9.208550
51.458333	0.5	9.196150
51.466667	0.5	9.175900
51.475000	0.5	9.162850
51.483333	0.5	9.147150
51.491667	0.5	9.135700
51.500000	0.5	9.126500
51.508333	0.5	9.118550
51.516667	0.5	9.113000
51.525000	0.5	9.105650
51.533333	0.5	9.102900
51.541667	0.5	9.103000
51.550000	0.5	9.105400
51.558333	0.5	9.102450
51.566667	0.5	9.114300
51.575000	0.5	9.118600
51.583333	0.5	9.121400
51.591667	0.5	9.136800
51.600000	0.5	9.143150
51.608333	0.5	9.161500
51.616667	0.5	9.175200
51.625000	0.5	9.187600
51.633333	0.5	9.207300
51.641667	0.5	9.228100
51.650000	0.5	9.251500
51.658333	0.5	9.277250
51.666667	0.5	9.299750
51.675000	0.5	9.328500
51.683333	0.5	9.362100
51.691667	0.5	9.392900
51.700000	0.5	9.433500
51.708333	0.5	9.473950
51.716667	0.5	9.515100
51.725000	0.5	9.563200
51.733333	0.5	9.607300
51.741667	0.5	9.662350
51.750000	0.5	9.722550
51.758333	0.5	9.781100
51.766667	0.5	9.845450
51.775000	0.5	9.915100
51.783333	0.5	9.979800
51.791667	0.5	10.051500
51.800000	0.5	10.133950
51.808333	0.5	10.217250
51.816667	0.5	10.303100
51.825000	0.5	10.387350
51.833333	0.5	10.473850
51.841667	0.5	10.573000
51.850000	0.5	10.661850
51.858333	0.5	10.754700
51.866667	0.5	10.846100
51.875000	0.5	10.944650
51.883333	0.5	11.033350
51.891667	0.5	11.121950
51.900000	0.5	11.212150
51.908333	0.5	11.291250
51.916667	0.5	11.377400
51.925000	0.5	11.456750
51.933333	0.5	11.534250
51.941667	0.5	11.611400
51.950000	0.5	11.676850
51.958333	0.5	11.740300
51.966667	0.5	11.793950
51.975000	0.5	11.854800
51.983333	0.5	11.898050
51.991667	0.5	11.941650
52.000000	0.5	11.977600
52.008333	0.5	12.002550
52.016667	0.5	12.032150
52.025000	0.5	12.045900
52.033333	0.5	12.060650
52.041667	0.5	12.066450
52.050000	0.5	12.073100
52.058333	0.5	12.075550
52.066667	0.5	12.077550
52.075000	0.5	12.080600
52.083333	0.5	12.080650
52.091667	0.5	12.094450
52.100000	0.5	12.101700
52.108333	0.5	12.113150
52.116667	0.5	12.129550
52.125000	0.5	12.150750
52.133333	0.5	12.173100
52.141667	0.5	12.198800
52.150000	0.5	12.225000
52.158333	0.5	12.257900
52.166667	0.5	12.284150
52.175000	0.5	12.311200
52.183333	0.5	12.338000
52.191667	0.5	12.362850
52.200000	0.5	12.384350
52.208333	0.5	12.402550
52.216667	0.5	12.413750
52.225000	0.5	12.424650
52.233333	0.5	12.431650
52.241667	0.5	12.434600
52.250000	0.5	12.432550
52.258333	0.5	12.426250
52.266667	0.5	12.411300
52.275000	0.5	12.401450
52.283333	0.5	12.380250
52.291667	0.5	12.360350
52.300000	0.5	12.333050
52.308333	0.5	12.301950
52.316667	0.5	12.271950
52.325000	0.5	12.231250
52.333333	0.5	12.193000
52.341667	0.5	12.145050
52.350000	0.5	12.098050
52.358333	0.5	12.050800
52.366667	0.5	11.994550
52.375000	0.5	11.945100
52.383333	0.5	11.885900
52.391667	0.5	11.826400
52.400000	0.5	11.766300
52.408333	0.5	11.701300
52.416667	0.5	11.638950
52.425000	0.5	11.565750
52.433333	0.5	11.499100
52.441667	0.5	11.427800
52.450000	0.5	11.359400
52.458333	0.5	11.286950
52.466667	0.5	11.213550
52.475000	0.5	11.145500
52.483333	0.5	11.068400
52.491667	0.5	10.997300
52.500000	0.5	10.922650
52.508333	0.5	10.846850
52.516667	0.5	10.774650
52.525000	0.5	10.706700
52.533333	0.5	10.642950
52.541667	0.5	10.575300
52.550000	0.5	10.514500
52.558333	0.5	10.452950
52.566667	0.5	10.400250
52.575000	0.5	10.342250
52.583333	0.5	10.281950
52.591667	0.5	10.216550
52.600000	0.5	10.159000
52.608333	0.5	10.101300
52.616667	0.5	10.043900
52.625000	0.5	9.996450
52.633333	0.5	9.961050
52.641667	0.5	9.946750
52.650000	0.5	9.964250
52.658333	0.5	10.000900
52.666667	0.5	10.053850
52.675000	0.5	10.121750
52.683333	0.5	10.186350
52.691667	0.5	10.246150
52.700000	0.5	10.305500
52.708333	0.5	10.354000
52.716667	0.5	10.409400
52.725000	0.5	10.460600
52.733333	0.5	10.505250
52.741667	0.5	10.542800
52.750000	0.5	10.563550
52.758333	0.5	10.565550
52.766667	0.5	10.542650
52.775000	0.5	10.509550
52.783333	0.5	10.458650
52.791667	0.5	10.396650
52.800000	0.5	10.329300
52.808333	0.5	10.263950
52.816667	0.5	10.200900
52.825000	0.5	10.142350
52.833333	0.5	10.089350
52.841667	0.5	10.043700
52.850000	0.5	10.007850
52.858333	0.5	9.984100
52.866667	0.5	9.951700
52.875000	0.5	9.932800
52.883333	0.5	9.915950
52.891667	0.5	9.908750
52.900000	0.5	9.903700
52.908333	0.5	9.902950
52.916667	0.5	9.909350
52.925000	0.5	9.919550
52.933333	0.5	9.940800
52.941667	0.5	9.957850
52.950000	0.5	9.980150
52.958333	0.5	10.002850
52.966667	0.5	10.036550
52.975000	0.5	10.065200
52.983333	0.5	10.102800
52.991667	0.5	10.140950
53.000000	0.5	10.185200
53.008333	0.5	10.223100
53.016667	0.5	10.273200
53.025000	0.5	10.315750
53.033333	0.5	10.365250
53.041667	0.5	10.416100
53.050000	0.5	10.468050
53.058333	0.5	10.526700
53.066667	0.5	10.565200
53.075000	0.5	10.621100
53.083333	0.5	10.671600
53.091667	0.5	10.726550
53.100000	0.5	10.767450
53.108333	0.5	10.818900
53.116667	0.5	10.869950
53.125000	0.5	10.915900
53.133333	0.5	10.958200
53.141667	0.5	11.008250
53.150000	0.5	11.045550
53.158333	0.5	11.083850
53.166667	0.5	11.121450
53.175000	0.5	11.155050
53.183333	0.5	11.192150
53.191667	0.5	11.224100
53.200000	0.5	11.253800
53.208333	0.5	11.286800
53.216667	0.5	11.308600
53.225000	0.5	11.333200
53.233333	0.5	11.359250
53.241667	0.5	11.380200
53.250000	0.5	11.407250
53.258333	0.5	11.424350
53.266667	0.5	11.439650
53.275000	0.5	11.453000
53.283333	0.5	11.467200
53.291667	0.5	11.481550
53.300000	0.5	11.490400
53.308333	0.5	11.502750
53.316667	0.5	11.514750
53.325000	0.5	11.519950
53.333333	0.5	11.531950
53.341667	0.5	11.535950
53.350000	0.5	11.540850
53.358333	0.5	11.543600
53.366667	0.5	11.544650
53.375000	0.5	11.545500
53.383333	0.5	11.550950
53.391667	0.5	11.550100
53.400000	0.5	11.551950
53.408333	0.5	11.553200
53.416667	0.5	11.553950
53.425000	0.5	11.551400
53.433333	0.5	11.555300
53.441667	0.5	11.556450
53.450000	0.5	11.550650
53.458333	0.5	11.547150
53.466667	0.5	11.552700
53.475000	0.5	11.554600
53.483333	0.5	11.551350
53.491667	0.5	11.552250
53.500000	0.5	11.549050
53.508333	0.5	11.551800
53.516667	0.5	11.550300
53.525000	0.5	11.555500
53.533333	0.5	11.550850
53.541667	0.5	11.550950
53.550000	0.5	11.552200
53.558333	0.5	11.548350
53.566667	0.5	11.550100
53.575000	0.5	11.551500
53.583333	0.5	11.549550
53.591667	0.5	11.546700
53.600000	0.5	11.547400
53.608333	0.5	11.542350
53.616667	0.5	11.538500
53.625000	0.5	11.540250
53.633333	0.5	11.530850
53.641667	0.5	11.522400
53.650000	0.5	11.521300
53.658333	0.5	11.516300
53.666667	0.5	11.504650
53.675000	0.5	11.499000
53.683333	0.5	11.489400
53.691667	0.5	11.481800
53.700000	0.5	11.471450
53.708333	0.5	11.451100
53.716667	0.5	11.445750
53.725000	0.5	11.430950
53.733333	0.5	11.419350
53.741667	0.5	11.405950
53.750000	0.5	11.389950
53.758333	0.5	11.373800
53.766667	0.5	11.358050
53.775000	0.5	11.341550
53.783333	0.5	11.326700
53.791667	0.5	11.310400
53.800000	0.5	11.295150
53.808333	0.5	11.274300
53.816667	0.5	11.254850
53.825000	0.5	11.237950
53.833333	0.5	11.220200
53.841667	0.5	11.201850
53.850000	0.5	11.178050
53.858333	0.5	11.158450
53.866667	0.5	11.139350
53.875000	0.5	11.115950
53.883333	0.5	11.091450
53.891667	0.5	11.075150
53.900000	0.5	11.057200
53.908333	0.5	11.043500
53.916667	0.5	11.019800
53.925000	0.5	10.999650
53.933333	0.5	10.983500
53.941667	0.5	10.956150
53.950000	0.5	10.940400
53.958333	0.5	10.920600
53.966667	0.5	10.895750
53.975000	0.5	10.879900
53.983333	0.5	10.857000
53.991667	0.5	10.841600
54.000000	0.5	10.825050
54.008333	0.5	10.802150
54.016667	0.5	10.788600
54.025000	0.5	10.761700
54.033333	0.5	10.747000
54.041667	0.5	10.729200
54.050000	0.5	10.710650
54.058333	0.5	10.687150
54.066667	0.5	10.670800
54.075000	0.5	10.655250
54.083333	0.5	10.637800
54.091667	0.5	10.623000
54.100000	0.5	10.607850
54.108333	0.5	10.590650
54.116667	0.5	10.569100
54.125000	0.5	10.550350
54.133333	0.5	10.530750
54.141667	0.5	10.505050
54.150000	0.5	10.486350
54.158333	0.5	10.471050
54.166667	0.5	10.451250
54.175000	0.5	10.427950
54.183333	0.5	10.405000
54.191667	0.5	10.388900
54.200000	0.5	10.370750
54.208333	0.5	10.348400
54.216667	0.5	10.325650
54.225000	0.5	10.298650
54.233333	0.5	10.285800
54.241667	0.5	10.257700
54.250000	0.5	10.239550
54.258333	0.5	10.218200
54.266667	0.5	10.196550
54.275000	0.5	10.176150
54.283333	0.5	10.157700
54.291667	0.5	10.139800
54.300000	0.5	10.121750
54.308333	0.5	10.101950
54.316667	0.5	10.080250
54.325000	0.5	10.061550
54.333333	0.5	10.046800
54.341667	0.5	10.030000
54.350000	0.5	10.018050
54.358333	0.5	10.006600
54.366667	0.5	9.992150
54.375000	0.5	9.973050
54.383333	0.5	9.962200
54.391667	0.5	9.960800
54.400000	0.5	9.947850
54.408333	0.5	9.941200
54.416667	0.5	9.931750
54.425000	0.5	9.921400
54.433333	0.5	9.908400
54.441667	0.5	9.906950
54.450000	0.5	9.902250
54.458333	0.5	9.902100
54.466667	0.5	9.902450
54.475000	0.5	9.897800
54.483333	0.5	9.908550
54.491667	0.5	9.910400
54.500000	0.5	9.916100
54.508333	0.5	9.925300
54.516667	0.5	9.936600
54.525000	0.5	9.961500
54.533333	0.5	9.987700
54.541667	0.5	10.014650
54.550000	0.5	10.051750
54.558333	0.5	10.091850
54.566667	0.5	10.139000
54.575000	0.5	10.197900
54.583333	0.5	10.261500
54.591667	0.5	10.326800
54.600000	0.5	10.407950
54.608333	0.5	10.486700
54.616667	0.5	10.576600
54.625000	0.5	10.669150
54.633333	0.5	10.759650
54.641667	0.5	10.858750
54.650000	0.5	10.963650
54.658333	0.5	11.068850
54.666667	0.5	11.172400
54.675000	0.5	11.284400
54.683333	0.5	11.394550
54.691667	0.5	11.504200
54.700000	0.5	11.616400
54.708333	0.5	11.731200
54.716667	0.5	11.839600
54.725000	0.5	11.944800
54.733333	0.5	12.051400
54.741667	0.5	12.151650
54.750000	0.5	12.242900
54.758333	0.5	12.340950
54.766667	0.5	12.434900
54.775000	0.5	12.526100
54.783333	0.5	12.602750
54.791667	0.5	12.677900
54.800000	0.5	12.757650
54.808333	0.5	12.821500
54.816667	0.5	12.888800
54.825000	0.5	12.950400
54.833333	0.5	13.010750
54.841667	0.5	13.060950
54.850000	0.5	13.115200
54.858333	0.5	13.168500
54.866667	0.5	13.208750
54.875000	0.5	13.244150
54.883333	0.5	13.284700
54.891667	0.5	13.306850
54.900000	0.5	13.338100
54.908333	0.5	13.363800
54.916667	0.5	13.385600
54.925000	0.5	13.402650
54.933333	0.5	13.416950
54.941667	0.5	13.427300
54.950000	0.5	13.433100
54.958333	0.5	13.433600
54.966667	0.5	13.433100
54.975000	0.5	13.424550
54.983333	0.5	13.416900
54.991667	0.5	13.400700
55.000000	0.5	13.389950
55.008333	0.5	13.353700
55.016667	0.5	13.325600
55.025000	0.5	13.289200
55.033333	0.5	13.255000
55.041667	0.5	13.213000
55.050000	0.5	13.168100
55.058333	0.5	13.120900
55.066667	0.5	13.069800
55.075000	0.5	13.012850
55.083333	0.5	12.954000
55.091667	0.5	12.884550
55.100000	0.5	12.816650
55.108333	0.5	12.739050
55.116667	0.5	12.659650
55.125000	0.5	12.580050
55.133333	0.5	12.498300
55.141667	0.5	12.404500
55.150000	0.5	12.309700
55.158333	0.5	12.220350
55.166667	0.5	12.112150
55.175000	0.5	12.011750
55.183333	0.5	11.909100
55.191667	0.5	11.810500
55.200000	0.5	11.714100
55.208333	0.5	11.620600
55.216667	0.5	11.531500
55.225000	0.5	11.451350
55.233333	0.5	11.381350
55.241667	0.5	11.310350
55.250000	0.5	11.266950
55.258333	0.5	11.222600
55.266667	0.5	11.193000
55.275000	0.5	11.163350
55.283333	0.5	11.151550
55.291667	0.5	11.153450
55.300000	0.5	11.154650
55.308333	0.5	11.160450
55.316667	0.5	11.172300
55.325000	0.5	11.197450
55.333333	0.5	11.216850
55.341667	0.5	11.245750
55.350000	0.5	11.277000
55.358333	0.5	11.309650
55.366667	0.5	11.329900
55.375000	0.5	11.360750
55.383333	0.5	11.386300
55.391667	0.5	11.409750
55.400000	0.5	11.437900
55.408333	0.5	11.460850
55.416667	0.5	11.484850
55.425000	0.5	11.509200
55.433333	0.5	11.528400
55.441667	0.5	11.545600
55.450000	0.5	11.563200
55.458333	0.5	11.573250
55.466667	0.5	11.586150
55.475000	0.5	11.599300
55.483333	0.5	11.604650
55.491667	0.5	11.612800
55.500000	0.5	11.617850
55.508333	0.5	11.624150
55.516667	0.5	11.620350
55.525000	0.5	11.618650
55.533333	0.5	11.615850
55.541667	0.5	11.607950
55.550000	0.5	11.597350
55.558333	0.5	11.592650
55.566667	0.5	11.573550
55.575000	0.5	11.554800
55.583333	0.5	11.539950
55.591667	0.5	11.517150
55.600000	0.5	11.486750
55.608333	0.5	11.466750
55.616667	0.5	11.435900
55.625000	0.5	11.399350
55.633333	0.5	11.361700
55.641667	0.5	11.326750
55.650000	0.5	11.283400
55.658333	0.5	11.240650
55.666667	0.5	11.197850
55.675000	0.5	11.154450
55.683333	0.5	11.106500
55.691667	0.5	11.065650
55.700000	0.5	11.019950
55.708333	0.5	10.971600
55.716667	0.5	10.929750
55.725000	0.5	10.894100
55.733333	0.5	10.856000
55.741667	0.5	10.822350
55.750000	0.5	10.782050
55.758333	0.5	10.750550
55.766667	0.5	10.725050
55.775000	0.5	10.695800
55.783333	0.5	10.670350
55.791667	0.5	10.646950
55.800000	0.5	10.626450
55.808333	0.5	10.603150
55.816667	0.5	10.587650
55.825000	0.5	10.573950
55.833333	0.5	10.566900
55.841667	0.5	10.552500
55.850000	0.5	10.545800
55.858333	0.5	10.538250
55.866667	0.5	10.531400
55.875000	0.5	10.531550
55.883333	0.5	10.516350
55.891667	0.5	10.515150
55.900000	0.5	10.510050
55.908333	0.5	10.502300
55.916667	0.5	10.504600
55.925000	0.5	10.501300
55.933333	0.5	10.500150
55.941667	0.5	10.500100
55.950000	0.5	10.495250
55.958333	0.5	10.497450
55.966667	0.5	10.490950
55.975000	0.5	10.486000
55.983333	0.5	10.490150
55.991667	0.5	10.491550
56.000000	0.5	10.486750
56.008333	0.5	10.485600
56.016667	0.5	10.496600
56.025000	0.5	10.494550
56.033333	0.5	10.486450
56.041667	0.5	10.484150
56.050000	0.5	10.481500
56.058333	0.5	10.480950
56.066667	0.5	10.475150
56.075000	0.5	10.468850
56.083333	0.5	10.468850
56.091667	0.5	10.460450
56.100000	0.5	10.451950
56.108333	0.5	10.447750
56.116667	0.5	10.440250
56.125000	0.5	10.437000
56.133333	0.5	10.420650
56.141667	0.5	10.403550
56.150000	0.5	10.386250
56.158333	0.5	10.373000
56.166667	0.5	10.362100
56.175000	0.5	10.344800
56.183333	0.5	10.325150
56.191667	0.5	10.307200
56.200000	0.5	10.290000
56.208333	0.5	10.263550
56.216667	0.5	10.241700
56.225000	0.5	10.221600
56.233333	0.5	10.199000
56.241667	0.5	10.173750
56.250000	0.5	10.144650
56.258333	0.5	10.122050
56.266667	0.5	10.095300
56.275000	0.5	10.069500
56.283333	0.5	10.049000
56.291667	0.5	10.017500
56.300000	0.5	9.989050
56.308333	0.5	9.963500
56.316667	0.5	9.940400
56.325000	0.5	9.920100
56.333333	0.5	9.897250
56.341667	0.5	9.876500
56.350000	0.5	9.852650
56.358333	0.5	9.830250
56.366667	0.5	9.804350
56.375000	0.5	9.790550
56.383333	0.5	9.783550
56.391667	0.5	9.762750
56.400000	0.5	9.756400
56.408333	0.5	9.741600
56.416667	0.5	9.734850
56.425000	0.5	9.722850
56.433333	0.5	9.714650
56.441667	0.5	9.713950
56.450000	0.5	9.702050
56.458333	0.5	9.698550
56.466667	0.5	9.691150
56.475000	0.5	9.693000
56.483333	0.5	9.694550
56.491667	0.5	9.693250
56.500000	0.5	9.693100
56.508333	0.5	9.690950
56.516667	0.5	9.681500
56.525000	0.5	9.691650
56.533333	0.5	9.687250
56.541667	0.5	9.684950
56.550000	0.5	9.681400
56.558333	0.5	9.680700
56.566667	0.5	9.683700
56.575000	0.5	9.674350
56.583333	0.5	9.672000
56.591667	0.5	9.670700
56.600000	0.5	9.668200
56.608333	0.5	9.668900
56.616667	0.5	9.657400
56.625000	0.5	9.653450
56.633333	0.5	9.640600
56.641667	0.5	9.642050
56.650000	0.5	9.627500
56.658333	0.5	9.626550
56.666667	0.5	9.616500
56.675000	0.5	9.617250
56.683333	0.5	9.612450
56.691667	0.5	9.606800
56.700000	0.5	9.605700
56.708333	0.5	9.609800
56.716667	0.5	9.616000
56.725000	0.5	9.626000
56.733333	0.5	9.645650
56.741667	0.5	9.654550
56.750000	0.5	9.682900
56.758333	0.5	9.714200
56.766667	0.5	9.760600
56.775000	0.5	9.807900
56.783333	0.5	9.872000
56.791667	0.5	9.939100
56.800000	0.5	10.007950
56.808333	0.5	10.094600
56.816667	0.5	10.184600
56.825000	0.5	10.277950
56.833333	0.5	10.375950
56.841667	0.5	10.464450
56.850000	0.5	10.564400
56.858333	0.5	10.663350
56.866667	0.5	10.762250
56.875000	0.5	10.861500
56.883333	0.5	10.959900
56.891667	0.5	11.065350
56.900000	0.5	11.166500
56.908333	0.5	11.267450
56.916667	0.5	11.379250
56.925000	0.5	11.473100
56.933333	0.5	11.570600
56.941667	0.5	11.663950
56.950000	0.5	11.758950
56.958333	0.5	11.847200
56.966667	0.5	11.932400
56.975000	0.5	12.012700
56.983333	0.5	12.085750
56.991667	0.5	12.156000
57.000000	0.5	12.214400
57.008333	0.5	12.266950
57.016667	0.5	12.321550
57.025000	0.5	12.365550
57.033333	0.5	12.402100
57.041667	0.5	12.432050
57.050000	0.5	12.458450
57.058333	0.5	12.478450
57.066667	0.5	12.493550
57.075000	0.5	12.512600
57.083333	0.5	12.505950
57.091667	0.5	12.505750
57.100000	0.5	12.505250
57.108333	0.5	12.489350
57.116667	0.5	12.472950
57.125000	0.5	12.458400
57.133333	0.5	12.442150
57.141667	0.5	12.413250
57.150000	0.5	12.397650
57.158333	0.5	12.363500
57.166667	0.5	12.348700
57.175000	0.5	12.307550
57.183333	0.5	12.288600
57.191667	0.5	12.266600
57.200000	0.5	12.244250
57.208333	0.5	12.228400
57.216667	0.5	12.212300
57.225000	0.5	12.211500
57.233333	0.5	12.195850
57.241667	0.5	12.196700
57.250000	0.5	12.206850
57.258333	0.5	12.220350
57.266667	0.5	12.227850
57.275000	0.5	12.248400
57.283333	0.5	12.263450
57.291667	0.5	12.279750
57.300000	0.5	12.318100
57.308333	0.5	12.339350
57.316667	0.5	12.366250
57.325000	0.5	12.397350
57.333333	0.5	12.420100
57.341667	0.5	12.444250
57.350000	0.5	12.462400
57.358333	0.5	12.478350
57.366667	0.5	12.497050
57.375000	0.5	12.507950
57.383333	0.5	12.518050
57.391667	0.5	12.520800
57.400000	0.5	12.533950
57.408333	0.5	12.526800
57.416667	0.5	12.520100
57.425000	0.5	12.510850
57.433333	0.5	12.498800
57.441667	0.5	12.478100
57.450000	0.5	12.461000
57.458333	0.5	12.441500
57.466667	0.5	12.406100
57.475000	0.5	12.371100
57.483333	0.5	12.331450
57.491667	0.5	12.289450
57.500000	0.5	12.244100
57.508333	0.5	12.198550
57.516667	0.5	12.144000
57.525000	0.5	12.084400
57.533333	0.5	12.029800
57.541667	0.5	11.959200
57.550000	0.5	11.897250
57.558333	0.5	11.831750
57.566667	0.5	11.766550
57.575000	0.5	11.682550
57.583333	0.5	11.605250
57.591667	0.5	11.528400
57.600000	0.5	11.446700
57.608333	0.5	11.366250
57.616667	0.5	11.288900
57.625000	0.5	11.215550
57.633333	0.5	11.141250
57.641667	0.5	11.069650
57.650000	0.5	11.005850
57.658333	0.5	10.942700
57.666667	0.5	10.886950
57.675000	0.5	10.819400
57.683333	0.5	10.765200
57.691667	0.5	10.709600
57.700000	0.5	10.665700
57.708333	0.5	10.617500
57.716667	0.5	10.580300
57.725000	0.5	10.542350
57.733333	0.5	10.507250
57.741667	0.5	10.475400
57.750000	0.5	10.445750
57.758333	0.5	10.414950
57.766667	0.5	10.389000
57.775000	0.5	10.368500
57.783333	0.5	10.340450
57.791667	0.5	10.316950
57.800000	0.5	10.300000
57.808333	0.5	10.284700
57.816667	0.5	10.262500
57.825000	0.5	10.240750
57.833333	0.5	10.219600
57.841667	0.5	10.206200
57.850000	0.5	10.193550
57.858333	0.5	10.181250
57.866667	0.5	10.161550
57.875000	0.5	10.140550
57.883333	0.5	10.125800
57.891667	0.5	10.114350
57.900000	0.5	10.100650
57.908333	0.5	10.085250
57.916667	0.5	10.072300
57.925000	0.5	10.064550
57.933333	0.5	10.054800
57.941667	0.5	10.046900
57.950000	0.5	10.030300
57.958333	0.5	10.022650
57.966667	0.5	10.016100
57.975000	0.5	10.005350
57.983333	0.5	10.004450
57.991667	0.5	9.996000
58.000000	0.5	9.986950
58.008333	0.5	9.981550
58.016667	0.5	9.980400
58.025000	0.5	9.984750
58.033333	0.5	9.984150
58.041667	0.5	9.984800
58.050000	0.5	9.979200
58.058333	0.5	9.984950
58.066667	0.5	9.985800
58.075000	0.5	9.990400
58.083333	0.5	9.990900
58.091667	0.5	9.987750
58.100000	0.5	9.992500
58.108333	0.5	9.990250
58.116667	0.5	9.985800
58.125000	0.5	9.997850
58.133333	0.5	9.985650
58.141667	0.5	9.979200
58.150000	0.5	9.973100
58.158333	0.5	9.960050
58.166667	0.5	9.948800
58.175000	0.5	9.943600
58.183333	0.5	9.935550
58.191667	0.5	9.912600
58.200000	0.5	9.903850
58.208333	0.5	9.885950
58.216667	0.5	9.879350
58.225000	0.5	9.879050
58.233333	0.5	9.867950
58.241667	0.5	9.859400
58.250000	0.5	9.855250
58.258333	0.5	9.852700
58.266667	0.5	9.852000
58.275000	0.5	9.856500
58.283333	0.5	9.849600
58.291667	0.5	9.856200
58.300000	0.5	9.852000
58.308333	0.5	9.853850
58.316667	0.5	9.863600
58.325000	0.5	9.856700
58.333333	0.5	9.857800
58.341667	0.5	9.854100
58.350000	0.5	9.852350
58.358333	0.5	9.843700
58.366667	0.5	9.836650
58.375000	0.5	9.831000
58.383333	0.5	9.816350
58.391667	0.5	9.808800
58.400000	0.5	9.802600
58.408333	0.5	9.786300
58.416667	0.5	9.773300
58.425000	0.5	9.757300
58.433333	0.5	9.736750
58.441667	0.5	9.717600
58.450000	0.5	9.699450
58.458333	0.5	9.684400
58.466667	0.5	9.656900
58.475000	0.5	9.628350
58.483333	0.5	9.611050
58.491667	0.5	9.581800
58.500000	0.5	9.555150
58.508333	0.5	9.532350
58.516667	0.5	9.505050
58.525000	0.5	9.475350
58.533333	0.5	9.443400
58.541667	0.5	9.417350
58.550000	0.5	9.386050
58.558333	0.5	9.371450
58.566667	0.5	9.327550
58.575000	0.5	9.304050
58.583333	0.5	9.273150
58.591667	0.5	9.242500
58.600000	0.5	9.210500
58.608333	0.5	9.197450
58.616667	0.5	9.171500
58.625000	0.5	9.143300
58.633333	0.5	9.120200
58.641667	0.5	9.102450
58.650000	0.5	9.079250
58.658333	0.5	9.064600
58.666667	0.5	9.067400
58.675000	0.5	9.034350
58.683333	0.5	9.031150
58.691667	0.5	9.027900
58.700000	0.5	9.031900
58.708333	0.5	9.045400
58.716667	0.5	9.052150
58.725000	0.5	9.068550
58.733333	0.5	9.095700
58.741667	0.5	9.122100
58.750000	0.5	9.165350
58.758333	0.5	9.209850
58.766667	0.5	9.258600
58.775000	0.5	9.323400
58.783333	0.5	9.380000
58.791667	0.5	9.460750
58.800000	0.5	9.529850
58.808333	0.5	9.612500
58.816667	0.5	9.700350
58.825000	0.5	9.792050
58.833333	0.5	9.888400
58.841667	0.5	9.979750
58.850000	0.5	10.082150
58.858333	0.5	10.187600
58.866667	0.5	10.289950
58.875000	0.5	10.398200
58.883333	0.5	10.491800
58.891667	0.5	10.596400
58.900000	0.5	10.699350
58.908333	0.5	10.796700
58.916667	0.5	10.892400
58.925000	0.5	10.974150
58.933333	0.5	11.055400
58.941667	0.5	11.134800
58.950000	0.5	11.209050
58.958333	0.5	11.271600
58.966667	0.5	11.336700
58.975000	0.5	11.386550
58.983333	0.5	11.440750
58.991667	0.5	11.478650
59.000000	0.5	11.515400
59.008333	0.5	11.554700
59.016667	0.5	11.572900
59.025000	0.5	11.586650
59.033333	0.5	11.602050
59.041667	0.5	11.606950
59.050000	0.5	11.611700
59.058333	0.5	11.612950
59.066667	0.5	11.606750
59.075000	0.5	11.595150
59.083333	0.5	11.583000
59.091667	0.5	11.565500
59.100000	0.5	11.539100
59.108333	0.5	11.518250
59.116667	0.5	11.489600
59.125000	0.5	11.452100
59.133333	0.5	11.418250
59.141667	0.5	11.383900
59.150000	0.5	11.346100
59.158333	0.5	11.307550
59.166667	0.5	11.261950
59.175000	0.5	11.216250
59.183333	0.5	11.174100
59.191667	0.5	11.126550
59.200000	0.5	11.080700
59.208333	0.5	11.031150
59.216667	0.5	10.984600
59.225000	0.5	10.942450
59.233333	0.5	10.890650
59.241667	0.5	10.850950
59.250000	0.5	10.799750
59.258333	0.5	10.760850
59.266667	0.5	10.716800
59.275000	0.5	10.685300
59.283333	0.5	10.652400
59.291667	0.5	10.619350
59.300000	0.5	10.590950
59.308333	0.5	10.568750
59.316667	0.5	10.548250
59.325000	0.5	10.537250
59.333333	0.5	10.534200
59.341667	0.5	10.536050
59.350000	0.5	10.540700
59.358333	0.5	10.556300
59.366667	0.5	10.584250
59.375000	0.5	10.615850
59.383333	0.5	10.649750
59.391667	0.5	10.700900
59.400000	0.5	10.757050
59.408333	0.5	10.819100
59.416667	0.5	10.895250
59.425000	0.5	10.944650
59.433333	0.5	11.022650
59.441667	0.5	11.102350
59.450000	0.5	11.181300
59.458333	0.5	11.263500
59.466667	0.5	11.343550
59.475000	0.5	11.425500
59.483333	0.5	11.497550
59.491667	0.5	11.574200
59.500000	0.5	11.642550
59.508333	0.5	11.710850
59.516667	0.5	11.763400
59.525000	0.5	11.820900
59.533333	0.5	11.866750
59.541667	0.5	11.908350
59.550000	0.5	11.939350
59.558333	0.5	11.972200
59.566667	0.5	11.995350
59.575000	0.5	12.006400
59.583333	0.5	12.018750
59.591667	0.5	12.021500
59.600000	0.5	12.014950
59.608333	0.5	12.008700
59.616667	0.5	11.985100
59.625000	0.5	11.953650
59.633333	0.5	11.921450
59.641667	0.5	11.885550
59.650000	0.5	11.844600
59.658333	0.5	11.808350
59.666667	0.5	11.742350
59.675000	0.5	11.678200
59.683333	0.5	11.610250
59.691667	0.5	11.544100
59.700000	0.5	11.468900
59.708333	0.5	11.393500
59.716667	0.5	11.323400
59.725000	0.5	11.237150
59.733333	0.5	11.160800
59.741667	0.5	11.082600
59.750000	0.5	11.000250
59.758333	0.5	10.925200
59.766667	0.5	10.858600
59.775000	0.5	10.782900
59.783333	0.5	10.719150
59.791667	0.5	10.644100
59.800000	0.5	10.577750
59.808333	0.5	10.519250
59.816667	0.5	10.458900
59.825000	0.5	10.411550
59.833333	0.5	10.369900
59.841667	0.5	10.326650
59.850000	0.5	10.288450
59.858333	0.5	10.250600
59.866667	0.5	10.214000
59.875000	0.5	10.185200
59.883333	0.5	10.155050
59.891667	0.5	10.141650
59.900000	0.5	10.119000
59.908333	0.5	10.098700
59.916667	0.5	10.078450
59.925000	0.5	10.080100
59.933333	0.5	10.047100
59.941667	0.5	10.045950
59.950000	0.5	10.033800
59.958333	0.5	10.020250
59.966667	0.5	10.009900
59.975000	0.5	10.003050
59.983333	0.5	9.995600
59.991667	0.5	9.982750
60.000000	0.5	9.982250
60.008333	0.5	9.973700
60.016667	0.5	9.965800
60.025000	0.5	9.960900
60.033333	0.5	9.953550
60.041667	0.5	9.950400
60.050000	0.5	9.947100
60.058333	0.5	9.934700
60.066667	0.5	9.931000
60.075000	0.5	9.924400
60.083333	0.5	9.924950
60.091667	0.5	9.919750
60.100000	0.5	9.917400
60.108333	0.5	9.918450
60.116667	0.5	9.913650
60.125000	0.5	9.903350
60.133333	0.5	9.899850
60.141667	0.5	9.894800
60.150000	0.5	9.893750
60.158333	0.5	9.894600
60.166667	0.5	9.884650
60.175000	0.5	9.883550
60.183333	0.5	9.879000
60.191667	0.5	9.871450
60.200000	0.5	9.866900
60.208333	0.5	9.854550
60.216667	0.5	9.845850
60.225000	0.5	9.840050
60.233333	0.5	9.831900
60.241667	0.5	9.823550
60.250000	0.5	9.808600
60.258333	0.5	9.794450
60.266667	0.5	9.783750
60.275000	0.5	9.775300
60.283333	0.5	9.754250
60.291667	0.5	9.737700
60.300000	0.5	9.723250
60.308333	0.5	9.709100
60.316667	0.5	9.690500
60.325000	0.5	9.672650
60.333333	0.5	9.659950
60.341667	0.5	9.648100
60.350000	0.5	9.626200
60.358333	0.5	9.610300
60.366667	0.5	9.601950
60.375000	0.5	9.589150
60.383333	0.5	9.576900
60.391667	0.5	9.567950
60.400000	0.5	9.565000
60.408333	0.5	9.560550
60.416667	0.5	9.565700
60.425000	0.5	9.572400
60.433333	0.5	9.581000
60.441667	0.5	9.596450
60.450000	0.5	9.617250
60.458333	0.5	9.645800
60.466667	0.5	9.677450
60.475000	0.5	9.707550
60.483333	0.5	9.754350
60.491667	0.5	9.810150
60.500000	0.5	9.876150
60.508333	0.5	9.935400
60.516667	0.5	10.016450
60.525000	0.5	10.095800
60.533333	0.5	10.169050
60.541667	0.5	10.250400
60.550000	0.5	10.332750
60.558333	0.5	10.420250
60.566667	0.5	10.502750
60.575000	0.5	10.590650
60.583333	0.5	10.667750
60.591667	0.5	10.749400
60.600000	0.5	10.828600
60.608333	0.5	10.914900
60.616667	0.5	11.005700
60.625000	0.5	11.085600
60.633333	0.5	11.164800
60.641667	0.5	11.244350
60.650000	0.5	11.318800
60.658333	0.5	11.400300
60.666667	0.5	11.471550
60.675000	0.5	11.544250
60.683333	0.5	11.602350
60.691667	0.5	11.665950
60.700000	0.5	11.715600
60.708333	0.5	11.768400
60.716667	0.5	11.811500
60.725000	0.5	11.847400
60.733333	0.5	11.880200
60.741667	0.5	11.907800
60.750000	0.5	11.920550
60.758333	0.5	11.934200
60.766667	0.5	11.939850
60.775000	0.5	11.935100
60.783333	0.5	11.924100
60.791667	0.5	11.912750
60.800000	0.5	11.893400
60.808333	0.5	11.868700
60.816667	0.5	11.828450
60.825000	0.5	11.796350
60.833333	0.5	11.739450
60.841667	0.5	11.699750
60.850000	0.5	11.631550
60.858333	0.5	11.568550
60.866667	0.5	11.497000
60.875000	0.5	11.428300
60.883333	0.5	11.352000
60.891667	0.5	11.270300
60.900000	0.5	11.193250
60.908333	0.5	11.107900
60.916667	0.5	11.025350
60.925000	0.5	10.928750
60.933333	0.5	10.837450
60.941667	0.5	10.743250
60.950000	0.5	10.651450
60.958333	0.5	10.564950
60.966667	0.5	10.478250
60.975000	0.5	10.397350
60.983333	0.5	10.313900
60.991667	0.5	10.242000
61.000000	0.5	10.165450
61.008333	0.5	10.101750
61.016667	0.5	10.044100
61.025000	0.5	9.984400
61.033333	0.5	9.934850
61.041667	0.5	9.896100
61.050000	0.5	9.863700
61.058333	0.5	9.828350
61.066667	0.5	9.810900
61.075000	0.5	9.797700
61.083333	0.5	9.787800
61.091667	0.5	9.792200
61.100000	0.5	9.793650
61.108333	0.5	9.801950
61.116667	0.5	9.821050
61.125000	0.5	9.841050
61.133333	0.5	9.856900
61.141667	0.5	9.885150
61.150000	0.5	9.917950
61.158333	0.5	9.954550
61.166667	0.5	9.999450
61.175000	0.5	10.036850
61.183333	0.5	10.088950
61.191667	0.5	10.136650
61.200000	0.5	10.192450
61.208333	0.5	10.245900
61.216667	0.5	10.302950
61.225000	0.5	10.363300
61.233333	0.5	10.425500
61.241667	0.5	10.487150
61.250000	0.5	10.550500
61.258333	0.5	10.613150
61.266667	0.5	10.676700
61.275000	0.5	10.748250
61.283333	0.5	10.808400
61.291667	0.5	10.873550
61.300000	0.5	10.933550
61.308333	0.5	11.003550
61.316667	0.5	11.067750
61.325000	0.5	11.116900
61.333333	0.5	11.170450
61.341667	0.5	11.220650
61.350000	0.5	11.267850
61.358333	0.5	11.306900
61.366667	0.5	11.342600
61.375000	0.5	11.382450
61.383333	0.5	11.407450
61.391667	0.5	11.428600
61.400000	0.5	11.430650
61.408333	0.5	11.435900
61.416667	0.5	11.431250
61.425000	0.5	11.427300
61.433333	0.5	11.404050
61.441667	0.5	11.374450
61.450000	0.5	11.332700
61.458333	0.5	11.292000
61.466667	0.5	11.237450
61.475000	0.5	11.169800
61.483333	0.5	11.096000
61.491667	0.5	11.018500
61.500000	0.5	10.919350
61.508333	0.5	10.829600
61.516667	0.5	10.725250
61.525000	0.5	10.607900
61.533333	0.5	10.490500
61.541667	0.5	10.370950
61.550000	0.5	10.248100
61.558333	0.5	10.122950
61.566667	0.5	9.999100
61.575000	0.5	9.870250
61.583333	0.5	9.750950
61.591667	0.5	9.625900
61.600000	0.5	9.506800
61.608333	0.5	9.392800
61.616667	0.5	9.292300
61.625000	0.5	9.178400
61.633333	0.5	9.088450
61.641667	0.5	8.984450
61.650000	0.5	8.907400
61.658333	0.5	8.820450
61.666667	0.5	8.745000
61.675000	0.5	8.674050
61.683333	0.5	8.611050
61.691667	0.5	8.551150
61.700000	0.5	8.492950
61.708333	0.5	8.448250
61.716667	0.5	8.399300
61.725000	0.5	8.362100
61.733333	0.5	8.322050
61.741667	0.5	8.290600
61.750000	0.5	8.259950
61.758333	0.5	8.230850
61.766667	0.5	8.216250
61.775000	0.5	8.203800
61.783333	0.5	8.181500
61.791667	0.5	8.171800
61.800000	0.5	8.165300
61.808333	0.5	8.157150
61.816667	0.5	8.159000
61.825000	0.5	8.153650
61.833333	0.5	8.159900
61.841667	0.5	8.164250
61.850000	0.5	8.178650
61.858333	0.5	8.179750
61.866667	0.5	8.202650
61.875000	0.5	8.213100
61.883333	0.5	8.232200
61.891667	0.5	8.246450
61.900000	0.5	8.278700
61.908333	0.5	8.298500
61.916667	0.5	8.328850
61.925000	0.5	8.364600
61.933333	0.5	8.397700
61.941667	0.5	8.431850
61.950000	0.5	8.477450
61.958333	0.5	8.516800
61.966667	0.5	8.567200
61.975000	0.5	8.612650
61.983333	0.5	8.671500
61.991667	0.5	8.716250
62.000000	0.5	8.778050
62.008333	0.5	8.850350
62.016667	0.5	8.903650
62.025000	0.5	8.967700
62.033333	0.5	9.034350
62.041667	0.5	9.103400
62.050000	0.5	9.168650
62.058333	0.5	9.245300
62.066667	0.5	9.316700
62.075000	0.5	9.381250
62.083333	0.5	9.451700
62.091667	0.5	9.516050
62.100000	0.5	9.577650
62.108333	0.5	9.633600
62.116667	0.5	9.688550
62.125000	0.5	9.742950
62.133333	0.5	9.796950
62.141667	0.5	9.841800
62.150000	0.5	9.882550
62.158333	0.5	9.917550
62.166667	0.5	9.955300
62.175000	0.5	9.988200
62.183333	0.5	10.016100
62.191667	0.5	10.036550
62.200000	0.5	10.051150
62.208333	0.5	10.067750
62.216667	0.5	10.070400
62.225000	0.5	10.080500
62.233333	0.5	10.084600
62.241667	0.5	10.083150
62.250000	0.5	10.079000
62.258333	0.5	10.083800
62.266667	0.5	10.086200
62.275000	0.5	10.085300
62.283333	0.5	10.091500
62.291667	0.5	10.090000
62.300000	0.5	10.088650
62.308333	0.5	10.097750
62.316667	0.5	10.096550
62.325000	0.5	10.098100
62.333333	0.5	10.100950
62.341667	0.5	10.097350
62.350000	0.5	10.101400
62.358333	0.5	10.101850
62.366667	0.5	10.107250
62.375000	0.5	10.109050
62.383333	0.5	10.110950
62.391667	0.5	10.116550
62.400000	0.5	10.117850
62.408333	0.5	10.133300
62.416667	0.5	10.143650
62.425000	0.5	10.146150
62.433333	0.5	10.165100
62.441667	0.5	10.167050
62.450000	0.5	10.180550
62.458333	0.5	10.193250
62.466667	0.5	10.209450
62.475000	0.5	10.221650
62.483333	0.5	10.237600
62.491667	0.5	10.248850
62.500000	0.5	10.266400
62.508333	0.5	10.277100
62.516667	0.5	10.292100
62.525000	0.5	10.313450
62.533333	0.5	10.329350
62.541667	0.5	10.348100
62.550000	0.5	10.359500
62.558333	0.5	10.373150
62.566667	0.5	10.385350
62.575000	0.5	10.405450
62.583333	0.5	10.420200
62.591667	0.5	10.439000
62.600000	0.5	10.453400
62.608333	0.5	10.466100
62.616667	0.5	10.484150
62.625000	0.5	10.502150
62.633333	0.5	10.516650
62.641667	0.5	10.526200
62.650000	0.5	10.546550
62.658333	0.5	10.560650
62.666667	0.5	10.571700
62.675000	0.5	10.583050
62.683333	0.5	10.590400
62.691667	0.5	10.612100
62.700000	0.5	10.620450
62.708333	0.5	10.635650
62.716667	0.5	10.639500
62.725000	0.5	10.653650
62.733333	0.5	10.657900
62.741667	0.5	10.669800
62.750000	0.5	10.681650
62.758333	0.5	10.685050
62.766667	0.5	10.692100
62.775000	0.5	10.695300
62.783333	0.5	10.692700
62.791667	0.5	10.695000
62.800000	0.5	10.706100
62.808333	0.5	10.704100
62.816667	0.5	10.703000
62.825000	0.5	10.698500
62.833333	0.5	10.698550
62.841667	0.5	10.701300
62.850000	0.5	10.697450
62.858333	0.5	10.703550
62.866667	0.5	10.706750
62.875000	0.5	10.706500
62.883333	0.5	10.709850
62.891667	0.5	10.714150
62.900000	0.5	10.713750
62.908333	0.5	10.721850
62.916667	0.5	10.723150
62.925000	0.5	10.727950
62.933333	0.5	10.719800
62.941667	0.5	10.721350
62.950000	0.5	10.724350
62.958333	0.5	10.722550
62.966667	0.5	10.723250
62.975000	0.5	10.727050
62.983333	0.5	10.720600
62.991667	0.5	10.717100
63.000000	0.5	10.718500
63.008333	0.5	10.716200
63.016667	0.5	10.714300
63.025000	0.5	10.707100
63.033333	0.5	10.706650
63.041667	0.5	10.697500
63.050000	0.5	10.691250
63.058333	0.5	10.679400
63.066667	0.5	10.679550
63.075000	0.5	10.672950
63.083333	0.5	10.667800
63.091667	0.5	10.660400
63.100000	0.5	10.653650
63.108333	0.5	10.651900
63.116667	0.5	10.644250
63.125000	0.5	10.635800
63.133333	0.5	10.630600
63.141667	0.5	10.622200
63.150000	0.5	10.607100
63.158333	0.5	10.598600
63.166667	0.5	10.598300
63.175000	0.5	10.583750
63.183333	0.5	10.570800
63.191667	0.5	10.564050
63.200000	0.5	10.563300
63.208333	0.5	10.549950
63.216667	0.5	10.539900
63.225000	0.5	10.532250
63.233333	0.5	10.522500
63.241667	0.5	10.522400
63.250000	0.5	10.511000
63.258333	0.5	10.503750
63.266667	0.5	10.494900
63.275000	0.5	10.487800
63.283333	0.5	10.476700
63.291667	0.5	10.467700
63.300000	0.5	10.466350
63.308333	0.5	10.458900
63.316667	0.5	10.452850
63.325000	0.5	10.442100
63.333333	0.5	10.444550
63.341667	0.5	10.434800
63.350000	0.5	10.431200
63.358333	0.5	10.421950
63.366667	0.5	10.418350
63.375000	0.5	10.414050
63.383333	0.5	10.407600
63.391667	0.5	10.398050
63.400000	0.5	10.395400
63.408333	0.5	10.390600
63.416667	0.5	10.382050
63.425000	0.5	10.375050
63.433333	0.5	10.373200
63.441667	0.5	10.366650
63.450000	0.5	10.361850
63.458333	0.5	10.356000
63.466667	0.5	10.356600
63.475000	0.5	10.348650
63.483333	0.5	10.350150
63.491667	0.5	10.345100
63.500000	0.5	10.341300
63.508333	0.5	10.333700
63.516667	0.5	10.329500
63.525000	0.5	10.318450
63.533333	0.5	10.319400
63.541667	0.5	10.310850
63.550000	0.5	10.304900
63.558333	0.5	10.297000
63.566667	0.5	10.289900
63.575000	0.5	10.288750
63.583333	0.5	10.286550
63.591667	0.5	10.272400
63.600000	0.5	10.270650
63.608333	0.5	10.256750
63.616667	0.5	10.244550
63.625000	0.5	10.241600
63.633333	0.5	10.233200
63.641667	0.5	10.231550
63.650000	0.5	10.221050
63.658333	0.5	10.217150
63.666667	0.5	10.210300
63.675000	0.5	10.212050
63.683333	0.5	10.203500
63.691667	0.5	10.200450
63.700000	0.5	10.194700
63.708333	0.5	10.195000
63.716667	0.5	10.195350
63.725000	0.5	10.199550
63.733333	0.5	10.194700
63.741667	0.5	10.205350
63.750000	0.5	10.205800
63.758333	0.5	10.215850
63.766667	0.5	10.222550
63.775000	0.5	10.235950
63.783333	0.5	10.251000
63.791667	0.5	10.265200
63.800000	0.5	10.293000
63.808333	0.5	10.312300
63.816667	0.5	10.335400
63.825000	0.5	10.360800
63.833333	0.5	10.388700
63.841667	0.5	10.418650
63.850000	0.5	10.453050
63.858333	0.5	10.490250
63.866667	0.5	10.529250
63.875000	0.5	10.556250
63.883333	0.5	10.601550
63.891667	0.5	10.634000
63.900000	0.5	10.670400
63.908333	0.5	10.707200
63.916667	0.5	10.750400
63.925000	0.5	10.786100
63.933333	0.5	10.821700
63.941667	0.5	10.863200
63.950000	0.5	10.894650
63.958333	0.5	10.934800
63.966667	0.5	10.957900
63.975000	0.5	10.987850
63.983333	0.5	11.013900
63.991667	0.5	11.043550
64.000000	0.5	11.071650
64.008333	0.5	11.094750
64.016667	0.5	11.109000
64.025000	0.5	11.125300
64.033333	0.5	11.141450
64.041667	0.5	11.151350
64.050000	0.5	11.160150
64.058333	0.5	11.171000
64.066667	0.5	11.164600
64.075000	0.5	11.161600
64.083333	0.5	11.155250
64.091667	0.5	11.151400
64.100000	0.5	11.142700
64.108333	0.5	11.130700
64.116667	0.5	11.121200
64.125000	0.5	11.104550
64.133333	0.5	11.086800
64.141667	0.5	11.068650
64.150000	0.5	11.053600
64.158333	0.5	11.026500
64.166667	0.5	11.004700
64.175000	0.5	10.977300
64.183333	0.5	10.950500
64.191667	0.5	10.923400
64.200000	0.5	10.893550
64.208333	0.5	10.859400
64.216667	0.5	10.813450
64.225000	0.5	10.749800
64.233333	0.5	10.638350
64.241667	0.5	10.502700
64.250000	0.5	10.343250
64.258333	0.5	10.194050
64.266667	0.5	10.047100
64.275000	0.5	9.903300
64.283333	0.5	9.773150
64.291667	0.5	9.671450
64.300000	0.5	9.585550
64.308333	0.5	9.519100
64.316667	0.5	9.463900
64.325000	0.5	9.408150
64.333333	0.5	9.365350
64.341667	0.5	9.326300
64.350000	0.5	9.279200
64.358333	0.5	9.249950
64.366667	0.5	9.223050
64.375000	0.5	9.196050
64.383333	0.5	9.151750
64.391667	0.5	9.104400
64.400000	0.5	9.067500
64.408333	0.5	9.023100
64.416667	0.5	8.980650
64.425000	0.5	8.937700
64.433333	0.5	8.918750
64.441667	0.5	8.865050
64.450000	0.5	8.832600
64.458333	0.5	8.808400
64.466667	0.5	8.783650
64.475000	0.5	8.752650
64.483333	0.5	8.735350
64.491667	0.5	8.723100
64.500000	0.5	8.701800
64.508333	0.5	8.683950
64.516667	0.5	8.668550
64.525000	0.5	8.655500
64.533333	0.5	8.637600
64.541667	0.5	8.620650
64.550000	0.5	8.601900
64.558333	0.5	8.584700
64.566667	0.5	8.563450
64.575000	0.5	8.545050
64.583333	0.5	8.525950
64.591667	0.5	8.508350
64.600000	0.5	8.483500
64.608333	0.5	8.470900
64.616667	0.5	8.464150
64.625000	0.5	8.430650
64.633333	0.5	8.424400
64.641667	0.5	8.408600
64.650000	0.5	8.401650
64.658333	0.5	8.379750
64.666667	0.5	8.374150
64.675000	0.5	8.365050
64.683333	0.5	8.352050
64.691667	0.5	8.346850
64.700000	0.5	8.335100
64.708333	0.5	8.323600
64.716667	0.5	8.319300
64.725000	0.5	8.310900
64.733333	0.5	8.305200
64.741667	0.5	8.296850
64.750000	0.5	8.283300
64.758333	0.5	8.276800
64.766667	0.5	8.268050
64.775000	0.5	8.259700
64.783333	0.5	8.244650
64.791667	0.5	8.238350
64.800000	0.5	8.215500
64.808333	0.5	8.208250
64.816667	0.5	8.191900
64.825000	0.5	8.186300
64.833333	0.5	8.187250
64.841667	0.5	8.162100
64.850000	0.5	8.147000
64.858333	0.5	8.143500
64.866667	0.5	8.122150
64.875000	0.5	8.124600
64.883333	0.5	8.109450
64.891667	0.5	8.101050
64.900000	0.5	8.097950
64.908333	0.5	8.099850
64.916667	0.5	8.077250
64.925000	0.5	8.069950
64.933333	0.5	8.063750
64.941667	0.5	8.060250
64.950000	0.5	8.047400
64.958333	0.5	8.052500
64.966667	0.5	8.034200
64.975000	0.5	8.029100
64.983333	0.5	8.022350
64.991667	0.5	8.017650
65.000000	0.5	8.012900
65.008333	0.5	8.009950
65.016667	0.5	8.008550
65.025000	0.5	7.991500
65.033333	0.5	7.993200
65.041667	0.5	7.985750
65.050000	0.5	7.981550
65.058333	0.5	7.981200
65.066667	0.5	7.974600
65.075000	0.5	7.967750
65.083333	0.5	7.955600
65.091667	0.5	7.957050
65.100000	0.5	7.947750
65.108333	0.5	7.941900
65.116667	0.5	7.936450
65.125000	0.5	7.931250
65.133333	0.5	7.935750
65.141667	0.5	7.925700
65.150000	0.5	7.925850
65.158333	0.5	7.913400
65.166667	0.5	7.917050
65.175000	0.5	7.906450
65.183333	0.5	7.910650
65.191667	0.5	7.903300
65.200000	0.5	7.893650
65.208333	0.5	7.896050
65.216667	0.5	7.890250
65.225000	0.5	7.892350
65.233333	0.5	7.884950
65.241667	0.5	7.878350
65.250000	0.5	7.877550
65.258333	0.5	7.881150
65.266667	0.5	7.876250
65.275000	0.5	7.870350
65.283333	0.5	7.872500
65.291667	0.5	7.878600
65.300000	0.5	7.880950
65.308333	0.5	7.865200
65.316667	0.5	7.866550
65.325000	0.5	7.864850
65.333333	0.5	7.871350
65.341667	0.5	7.863700
65.350000	0.5	7.857550
65.358333	0.5	7.864600
65.366667	0.5	7.876050
65.375000	0.5	7.868800
65.383333	0.5	7.864550
65.391667	0.5	7.867850
65.400000	0.5	7.871650
65.408333	0.5	7.870650
65.416667	0.5	7.878200
65.425000	0.5	7.873000
65.433333	0.5	7.871700
65.441667	0.5	7.870650
65.450000	0.5	7.870800
65.458333	0.5	7.885600
65.466667	0.5	7.875250
65.475000	0.5	7.874200
65.483333	0.5	7.883400
65.491667	0.5	7.877850
65.500000	0.5	7.876750
65.508333	0.5	7.878500
65.516667	0.5	7.877850
65.525000	0.5	7.875700
65.533333	0.5	7.879250
65.541667	0.5	7.877850
65.550000	0.5	7.875600
65.558333	0.5	7.882150
65.566667	0.5	7.877700
65.575000	0.5	7.880550
65.583333	0.5	7.884200
65.591667	0.5	7.886450
65.600000	0.5	7.875900
65.608333	0.5	7.875250
65.616667	0.5	7.881450
65.625000	0.5	7.879350
65.633333	0.5	7.876900
65.641667	0.5	7.878800
65.650000	0.5	7.878100
65.658333	0.5	7.884350
65.666667	0.5	7.880600
65.675000	0.5	7.882500
65.683333	0.5	7.874900
65.691667	0.5	7.890850
65.700000	0.5	7.883000
65.708333	0.5	7.886550
65.716667	0.5	7.884200
65.725000	0.5	7.886850
65.733333	0.5	7.886800
65.741667	0.5	7.891200
65.750000	0.5	7.893100
65.758333	0.5	7.893150
65.766667	0.5	7.895700
65.775000	0.5	7.894250
65.783333	0.5	7.899850
65.791667	0.5	7.899300
65.800000	0.5	7.898700
65.808333	0.5	7.902600
65.816667	0.5	7.905100
65.825000	0.5	7.911250
65.833333	0.5	7.909000
65.841667	0.5	7.911150
65.850000	0.5	7.919000
65.858333	0.5	7.914750
65.866667	0.5	7.924000
65.875000	0.5	7.921050
65.883333	0.5	7.929350
65.891667	0.5	7.935100
65.900000	0.5	7.935100
65.908333	0.5	7.934650
65.916667	0.5	7.944550
65.925000	0.5	7.941300
65.933333	0.5	7.941800
65.941667	0.5	7.942950
65.950000	0.5	7.950400
65.958333	0.5	7.952900
65.966667	0.5	7.962000
65.975000	0.5	7.963500
65.983333	0.5	7.960000
65.991667	0.5	7.963750
66.000000	0.5	7.967300
66.008333	0.5	7.970950
66.016667	0.5	7.973750
66.025000	0.5	7.970800
66.033333	0.5	7.973250
66.041667	0.5	7.973000
66.050000	0.5	7.971600
66.058333	0.5	7.973800
66.066667	0.5	7.979800
66.075000	0.5	7.979900
66.083333	0.5	7.977200
66.091667	0.5	7.975050
66.100000	0.5	7.974850
66.108333	0.5	7.977850
66.116667	0.5	7.980600
66.125000	0.5	7.978400
66.133333	0.5	7.974150
66.141667	0.5	7.977100
66.150000	0.5	7.972600
66.158333	0.5	7.977300
66.166667	0.5	7.971650
66.175000	0.5	7.974950
66.183333	0.5	7.976300
66.191667	0.5	7.968400
66.200000	0.5	7.963650
66.208333	0.5	7.962500
66.216667	0.5	7.967150
66.225000	0.5	7.967850
66.233333	0.5	7.964300
66.241667	0.5	7.965050
66.250000	0.5	7.960100
66.258333	0.5	7.962350
66.266667	0.5	7.957750
66.275000	0.5	7.960050
66.283333	0.5	7.956850
66.291667	0.5	7.955650
66.300000	0.5	7.956050
66.308333	0.5	7.953150
66.316667	0.5	7.953400
66.325000	0.5	7.953250
66.333333	0.5	7.948600
66.341667	0.5	7.951300
66.350000	0.5	7.951650
66.358333	0.5	7.952850
66.366667	0.5	7.957550
66.375000	0.5	7.955000
66.383333	0.5	7.957300
66.391667	0.5	7.957550
66.400000	0.5	7.957100
66.408333	0.5	7.958400
66.416667	0.5	7.960300
66.425000	0.5	7.960250
66.433333	0.5	7.967450
66.441667	0.5	7.969750
66.450000	0.5	7.963650
66.458333	0.5	7.967700
66.466667	0.5	7.977900
66.475000	0.5	7.979450
66.483333	0.5	7.984100
66.491667	0.5	7.984450
66.500000	0.5	7.988400
66.508333	0.5	7.996450
66.516667	0.5	8.008300
66.525000	0.5	8.011900
66.533333	0.5	8.019200
66.541667	0.5	8.029300
66.550000	0.5	8.039000
66.558333	0.5	8.050100
66.566667	0.5	8.060650
66.575000	0.5	8.067500
66.583333	0.5	8.081500
66.591667	0.5	8.099350
66.600000	0.5	8.116750
66.608333	0.5	8.127800
66.616667	0.5	8.155150
66.625000	0.5	8.173650
66.633333	0.5	8.192350
66.641667	0.5	8.226650
66.650000	0.5	8.255500
66.658333	0.5	8.281000
66.666667	0.5	8.281300
66.675000	0.5	8.337300
66.683333	0.5	8.372950
66.691667	0.5	8.408750
66.700000	0.5	8.451200
66.708333	0.5	8.486500
66.716667	0.5	8.530800
66.725000	0.5	8.578150
66.733333	0.5	8.617350
66.741667	0.5	8.664800
66.750000	0.5	8.711150
66.758333	0.5	8.753150
66.766667	0.5	8.798300
66.775000	0.5	8.848950
66.783333	0.5	8.893600
66.791667	0.5	8.935750
66.800000	0.5	8.980400
66.808333	0.5	9.026500
66.816667	0.5	9.070600
66.825000	0.5	9.110250
66.833333	0.5	9.158350
66.841667	0.5	9.192500
66.850000	0.5	9.228500
66.858333	0.5	9.259050
66.866667	0.5	9.295550
66.875000	0.5	9.327950
66.883333	0.5	9.349050
66.891667	0.5	9.378250
66.900000	0.5	9.402100
66.908333	0.5	9.423300
66.916667	0.5	9.439450
66.925000	0.5	9.461100
66.933333	0.5	9.471300
66.941667	0.5	9.492600
66.950000	0.5	9.494950
66.958333	0.5	9.498900
66.966667	0.5	9.501100
66.975000	0.5	9.503450
66.983333	0.5	9.500150
66.991667	0.5	9.498800
67.000000	0.5	9.489600
67.008333	0.5	9.486600
67.016667	0.5	9.472750
67.025000	0.5	9.466800
67.033333	0.5	9.447400
67.041667	0.5	9.433750
67.050000	0.5	9.413700
67.058333	0.5	9.392700
67.066667	0.5	9.373400
67.075000	0.5	9.346400
67.083333	0.5	9.325000
67.091667	0.5	9.296150
67.100000	0.5	9.270150
67.108333	0.5	9.238000
67.116667	0.5	9.204750
67.125000	0.5	9.178400
67.133333	0.5	9.148600
67.141667	0.5	9.114250
67.150000	0.5	9.091700
67.158333	0.5	9.061850
67.166667	0.5	9.021150
67.175000	0.5	8.997650
67.183333	0.5	8.962300
67.191667	0.5	8.937450
67.200000	0.5	8.906850
67.208333	0.5	8.878450
67.216667	0.5	8.857450
67.225000	0.5	8.827450
67.233333	0.5	8.803700
67.241667	0.5	8.776250
67.250000	0.5	8.751850
67.258333	0.5	8.730600
67.266667	0.5	8.712300
67.275000	0.5	8.694350
67.283333	0.5	8.676500
67.291667	0.5	8.663950
67.300000	0.5	8.640250
67.308333	0.5	8.632300
67.316667	0.5	8.624300
67.325000	0.5	8.611900
67.333333	0.5	8.602150
67.341667	0.5	8.592300
67.350000	0.5	8.587350
67.358333	0.5	8.578950
67.366667	0.5	8.576900
67.375000	0.5	8.571050
67.383333	0.5	8.569700
67.391667	0.5	8.565100
67.400000	0.5	8.563100
67.408333	0.5	8.564100
67.416667	0.5	8.566400
67.425000	0.5	8.567750
67.433333	0.5	8.570150
67.441667	0.5	8.574800
67.450000	0.5	8.569800
67.458333	0.5	8.572700
67.466667	0.5	8.580100
67.475000	0.5	8.589600
67.483333	0.5	8.581900
67.491667	0.5	8.587500
67.500000	0.5	8.588900
67.508333	0.5	8.592600
67.516667	0.5	8.601350
67.525000	0.5	8.598100
67.533333	0.5	8.604250
67.541667	0.5	8.603100
67.550000	0.5	8.606850
67.558333	0.5	8.611200
67.566667	0.5	8.613200
67.575000	0.5	8.613500
67.583333	0.5	8.612050
67.591667	0.5	8.619000
67.600000	0.5	8.620050
67.608333	0.5	8.623850
67.616667	0.5	8.626050
67.625000	0.5	8.627900
67.633333	0.5	8.629650
67.641667	0.5	8.627050
67.650000	0.5	8.628500
67.658333	0.5	8.633700
67.666667	0.5	8.629700
67.675000	0.5	8.636400
67.683333	0.5	8.632850
67.691667	0.5	8.639150
67.700000	0.5	8.641650
67.708333	0.5	8.641600
67.716667	0.5	8.658500
67.725000	0.5	8.658650
67.733333	0.5	8.661850
67.741667	0.5	8.673950
67.750000	0.5	8.679450
67.758333	0.5	8.692000
67.766667	0.5	8.696200
67.775000	0.5	8.707250
67.783333	0.5	8.720450
67.791667	0.5	8.735850
67.800000	0.5	8.749300
67.808333	0.5	8.767900
67.816667	0.5	8.786050
67.825000	0.5	8.799550
67.833333	0.5	8.819700
67.841667	0.5	8.844150
67.850000	0.5	8.855050
67.858333	0.5	8.880750
67.866667	0.5	8.904250
67.875000	0.5	8.926900
67.883333	0.5	8.944850
67.891667	0.5	8.970750
67.900000	0.5	8.994700
67.908333	0.5	9.020550
67.916667	0.5	9.044450
67.925000	0.5	9.064800
67.933333	0.5	9.089650
67.941667	0.5	9.099300
67.950000	0.5	9.117950
67.958333	0.5	9.142150
67.966667	0.5	9.166850
67.975000	0.5	9.176000
67.983333	0.5	9.190900
67.991667	0.5	9.203600
68.000000	0.5	9.207100
68.008333	0.5	9.218500
68.016667	0.5	9.217200
68.025000	0.5	9.214150
68.033333	0.5	9.214000
68.041667	0.5	9.215800
68.050000	0.5	9.199700
68.058333	0.5	9.197350
68.066667	0.5	9.176050
68.075000	0.5	9.156250
68.083333	0.5	9.134750
68.091667	0.5	9.111150
68.100000	0.5	9.081250
68.108333	0.5	9.050350
68.116667	0.5	9.014050
68.125000	0.5	8.978600
68.133333	0.5	8.939050
68.141667	0.5	8.895550
68.150000	0.5	8.851750
68.158333	0.5	8.810850
68.166667	0.5	8.765750
68.175000	0.5	8.722500
68.183333	0.5	8.684000
68.191667	0.5	8.638800
68.200000	0.5	8.599250
68.208333	0.5	8.563900
68.216667	0.5	8.523750
68.225000	0.5	8.497200
68.233333	0.5	8.459500
68.241667	0.5	8.433550
68.250000	0.5	8.414650
68.258333	0.5	8.393750
68.266667	0.5	8.377150
68.275000	0.5	8.365900
68.283333	0.5	8.353650
68.291667	0.5	8.341650
68.300000	0.5	8.332200
68.308333	0.5	8.327800
68.316667	0.5	8.331400
68.325000	0.5	8.324250
68.333333	0.5	8.326650
68.341667	0.5	8.325950
68.350000	0.5	8.329350
68.358333	0.5	8.335150
68.366667	0.5	8.338800
68.375000	0.5	8.349950
68.383333	0.5	8.365800
68.391667	0.5	8.376350
68.400000	0.5	8.397950
68.408333	0.5	8.417050
68.416667	0.5	8.432700
68.425000	0.5	8.454600
68.433333	0.5	8.478000
68.441667	0.5	8.494500
68.450000	0.5	8.510400
68.458333	0.5	8.531150
68.466667	0.5	8.548300
68.475000	0.5	8.563450
68.483333	0.5	8.574200
68.491667	0.5	8.592050
68.500000	0.5	8.600150
68.508333	0.5	8.615050
68.516667	0.5	8.623350
68.525000	0.5	8.636850
68.533333	0.5	8.638700
68.541667	0.5	8.639200
68.550000	0.5	8.635250
68.558333	0.5	8.636650
68.566667	0.5	8.634950
68.575000	0.5	8.636450
68.583333	0.5	8.639500
68.591667	0.5	8.643400
68.600000	0.5	8.649100
68.608333	0.5	8.653850
68.616667	0.5	8.668700
68.625000	0.5	8.682500
68.633333	0.5	8.691850
68.641667	0.5	8.707750
68.650000	0.5	8.728450
68.658333	0.5	8.751700
68.666667	0.5	8.773000
68.675000	0.5	8.797400
68.683333	0.5	8.817750
68.691667	0.5	8.844200
68.700000	0.5	8.874950
68.708333	0.5	8.905100
68.716667	0.5	8.929050
68.725000	0.5	8.969600
68.733333	0.5	9.001500
68.741667	0.5	9.030000
68.750000	0.5	9.073600
68.758333	0.5	9.105150
68.766667	0.5	9.144650
68.775000	0.5	9.178850
68.783333	0.5	9.217550
68.791667	0.5	9.254250
68.800000	0.5	9.286950
68.808333	0.5	9.321500
68.816667	0.5	9.349750
68.825000	0.5	9.380900
68.833333	0.5	9.412050
68.841667	0.5	9.441200
68.850000	0.5	9.469250
68.858333	0.5	9.498700
68.866667	0.5	9.523400
68.875000	0.5	9.542450
68.883333	0.5	9.564200
68.891667	0.5	9.574150
68.900000	0.5	9.591500
68.908333	0.5	9.607500
68.916667	0.5	9.615150
68.925000	0.5	9.625700
68.933333	0.5	9.636850
68.941667	0.5	9.648050
68.950000	0.5	9.647200
68.958333	0.5	9.652250
68.966667	0.5	9.654700
68.975000	0.5	9.650150
68.983333	0.5	9.649900
68.991667	0.5	9.641900
69.000000	0.5	9.637100
69.008333	0.5	9.630800
69.016667	0.5	9.627350
69.025000	0.5	9.620700
69.033333	0.5	9.612500
69.041667	0.5	9.601150
69.050000	0.5	9.589800
69.058333	0.5	9.581200
69.066667	0.5	9.570350
69.075000	0.5	9.559550
69.083333	0.5	9.542100
69.091667	0.5	9.532500
69.100000	0.5	9.509800
69.108333	0.5	9.500400
69.116667	0.5	9.491800
69.125000	0.5	9.482300
69.133333	0.5	9.474500
69.141667	0.5	9.466150
69.150000	0.5	9.457900
69.158333	0.5	9.448600
69.166667	0.5	9.432550
69.175000	0.5	9.430800
69.183333	0.5	9.427450
69.191667	0.5	9.420050
69.200000	0.5	9.412150
69.208333	0.5	9.403400
69.216667	0.5	9.405750
69.225000	0.5	9.398450
69.233333	0.5	9.400500
69.241667	0.5	9.398450
69.250000	0.5	9.394550
69.258333	0.5	9.402450
69.266667	0.5	9.402700
69.275000	0.5	9.401950
69.283333	0.5	9.406950
69.291667	0.5	9.411550
69.300000	0.5	9.413400
69.308333	0.5	9.416650
69.316667	0.5	9.428850
69.325000	0.5	9.431500
69.333333	0.5	9.445800
69.341667	0.5	9.445200
69.350000	0.5	9.449350
69.358333	0.5	9.450000
69.366667	0.5	9.458950
69.375000	0.5	9.468950
69.383333	0.5	9.471600
69.391667	0.5	9.482050
69.400000	0.5	9.486600
69.408333	0.5	9.494100
69.416667	0.5	9.497350
69.425000	0.5	9.508050
69.433333	0.5	9.518350
69.441667	0.5	9.519000
69.450000	0.5	9.526950
69.458333	0.5	9.537650
69.466667	0.5	9.543400
69.475000	0.5	9.547950
69.483333	0.5	9.554950
69.491667	0.5	9.562000
69.500000	0.5	9.561800
69.508333	0.5	9.567850
69.516667	0.5	9.572450
69.525000	0.5	9.583150
69.533333	0.5	9.594100
69.541667	0.5	9.603950
69.550000	0.5	9.610650
69.558333	0.5	9.612250
69.566667	0.5	9.625500
69.575000	0.5	9.630350
69.583333	0.5	9.632850
69.591667	0.5	9.647950
69.600000	0.5	9.654300
69.608333	0.5	9.657200
69.616667	0.5	9.673450
69.625000	0.5	9.676700
69.633333	0.5	9.687400
69.641667	0.5	9.696900
69.650000	0.5	9.702200
69.658333	0.5	9.715150
69.666667	0.5	9.727900
69.675000	0.5	9.737950
69.683333	0.5	9.747450
69.691667	0.5	9.755350
69.700000	0.5	9.768150
69.708333	0.5	9.778400
69.716667	0.5	9.793350
69.725000	0.5	9.799350
69.733333	0.5	9.814150
69.741667	0.5	9.821850
69.750000	0.5	9.833450
69.758333	0.5	9.850050
69.766667	0.5	9.862100
69.775000	0.5	9.876200
69.783333	0.5	9.893800
69.791667	0.5	9.909000
69.800000	0.5	9.918600
69.808333	0.5	9.946050
69.816667	0.5	9.967450
69.825000	0.5	9.984600
69.833333	0.5	9.994750
69.841667	0.5	10.018350
69.850000	0.5	10.034350
69.858333	0.5	10.057300
69.866667	0.5	10.073500
69.875000	0.5	10.096000
69.883333	0.5	10.119150
69.891667	0.5	10.135850
69.900000	0.5	10.164500
69.908333	0.5	10.184900
69.916667	0.5	10.208600
69.925000	0.5	10.232650
69.933333	0.5	10.254050
69.941667	0.5	10.276250
69.950000	0.5	10.302450
69.958333	0.5	10.314450
69.966667	0.5	10.335350
69.975000	0.5	10.362450
69.983333	0.5	10.380350
69.991667	0.5	10.397400
70.000000	0.5	10.416000
70.008333	0.5	10.443500
70.016667	0.5	10.455450
70.025000	0.5	10.464700
70.033333	0.5	10.482300
70.041667	0.5	10.493500
70.050000	0.5	10.511450
70.058333	0.5	10.517450
70.066667	0.5	10.529300
70.075000	0.5	10.542500
70.083333	0.5	10.552850
70.091667	0.5	10.563450
70.100000	0.5	10.576350
70.108333	0.5	10.583000
70.116667	0.5	10.585700
70.125000	0.5	10.594000
70.133333	0.5	10.598050
70.141667	0.5	10.604700
70.150000	0.5	10.608900
70.158333	0.5	10.613050
70.166667	0.5	10.618200
70.175000	0.5	10.628100
70.183333	0.5	10.626850
70.191667	0.5	10.642750
70.200000	0.5	10.643700
70.208333	0.5	10.652550
70.216667	0.5	10.665050
70.225000	0.5	10.668300
70.233333	0.5	10.673150
70.241667	0.5	10.685950
70.250000	0.5	10.689800
70.258333	0.5	10.704350
70.266667	0.5	10.713950
70.275000	0.5	10.722750
70.283333	0.5	10.739100
70.291667	0.5	10.753200
70.300000	0.5	10.773100
70.308333	0.5	10.782750
70.316667	0.5	10.797600
70.325000	0.5	10.819700
70.333333	0.5	10.838300
70.341667	0.5	10.856800
70.350000	0.5	10.872050
70.358333	0.5	10.893550
70.366667	0.5	10.913500
70.375000	0.5	10.938500
70.383333	0.5	10.962950
70.391667	0.5	10.988650
70.400000	0.5	11.006400
70.408333	0.5	11.037450
70.416667	0.5	11.062150
70.425000	0.5	11.093500
70.433333	0.5	11.122900
70.441667	0.5	11.140100
70.450000	0.5	11.175150
70.458333	0.5	11.204700
70.466667	0.5	11.231300
70.475000	0.5	11.258800
70.483333	0.5	11.284350
70.491667	0.5	11.316650
70.500000	0.5	11.336050
70.508333	0.5	11.356550
70.516667	0.5	11.383250
70.525000	0.5	11.409650
70.533333	0.5	11.431950
70.541667	0.5	11.450350
70.550000	0.5	11.467450
70.558333	0.5	11.493050
70.566667	0.5	11.506200
70.575000	0.5	11.526700
70.583333	0.5	11.541200
70.591667	0.5	11.545450
70.600000	0.5	11.555850
70.608333	0.5	11.562500
70.616667	0.5	11.574200
70.625000	0.5	11.572450
70.633333	0.5	11.575800
70.641667	0.5	11.589100
70.650000	0.5	11.581100
70.658333	0.5	11.580450
70.666667	0.5	11.587500
70.675000	0.5	11.584950
70.683333	0.5	11.577450
70.691667	0.5	11.569700
70.700000	0.5	11.567250
70.708333	0.5	11.562650
70.716667	0.5	11.552500
70.725000	0.5	11.545650
70.733333	0.5	11.537350
70.741667	0.5	11.524250
70.750000	0.5	11.518350
70.758333	0.5	11.512400
70.766667	0.5	11.503200
70.775000	0.5	11.486550
70.783333	0.5	11.482500
70.791667	0.5	11.468150
70.800000	0.5	11.458050
70.808333	0.5	11.452700
70.816667	0.5	11.444100
70.825000	0.5	11.427450
70.833333	0.5	11.422300
70.841667	0.5	11.417150
70.850000	0.5	11.407450
70.858333	0.5	11.400450
70.866667	0.5	11.390650
70.875000	0.5	11.379450
70.883333	0.5	11.384000
70.891667	0.5	11.380200
70.900000	0.5	11.373000
70.908333	0.5	11.364700
70.916667	0.5	11.360500
70.925000	0.5	11.354900
70.933333	0.5	11.346350
70.941667	0.5	11.347550
70.950000	0.5	11.344000
70.958333	0.5	11.342050
70.966667	0.5	11.339850
70.975000	0.5	11.343700
70.983333	0.5	11.333500
70.991667	0.5	11.334700
71.000000	0.5	11.330900
71.008333	0.5	11.337750
71.016667	0.5	11.335100
71.025000	0.5	11.332350
71.033333	0.5	11.327600
71.041667	0.5	11.327800
71.050000	0.5	11.329300
71.058333	0.5	11.325600
71.066667	0.5	11.328200
71.075000	0.5	11.323250
71.083333	0.5	11.329500
71.091667	0.5	11.327000
71.100000	0.5	11.323350
71.108333	0.5	11.319700
71.116667	0.5	11.317100
71.125000	0.5	11.319050
71.133333	0.5	11.316700
71.141667	0.5	11.315050
71.150000	0.5	11.320350
71.158333	0.5	11.314350
71.166667	0.5	11.313450
71.175000	0.5	11.308850
71.183333	0.5	11.305200
71.191667	0.5	11.303400
71.200000	0.5	11.294950
71.208333	0.5	11.293100
71.216667	0.5	11.293000
71.225000	0.5	11.287650
71.233333	0.5	11.282050
71.241667	0.5	11.282200
71.250000	0.5	11.273550
71.258333	0.5	11.273650
71.266667	0.5	11.263000
71.275000	0.5	11.261800
71.283333	0.5	11.257300
71.291667	0.5	11.254450
71.300000	0.5	11.243550
71.308333	0.5	11.238050
71.316667	0.5	11.238100
71.325000	0.5	11.230800
71.333333	0.5	11.219900
71.341667	0.5	11.218050
71.350000	0.5	11.210300
71.358333	0.5	11.208600
71.366667	0.5	11.202500
71.375000	0.5	11.194100
71.383333	0.5	11.188100
71.391667	0.5	11.182900
71.400000	0.5	11.176200
71.408333	0.5	11.165350
71.416667	0.5	11.162250
71.425000	0.5	11.154500
71.433333	0.5	11.153400
71.441667	0.5	11.150550
71.450000	0.5	11.142600
71.458333	0.5	11.138250
71.466667	0.5	11.131250
71.475000	0.5	11.129250
71.483333	0.5	11.126100
71.491667	0.5	11.120350
71.500000	0.5	11.120900
71.508333	0.5	11.113750
71.516667	0.5	11.117550
71.525000	0.5	11.112950
71.533333	0.5	11.122150
71.541667	0.5	11.114050
71.550000	0.5	11.124600
71.558333	0.5	11.123850
71.566667	0.5	11.125400
71.575000	0.5	11.129750
71.583333	0.5	11.138850
71.591667	0.5	11.143500
71.600000	0.5	11.151550
71.608333	0.5	11.161800
71.616667	0.5	11.173250
71.625000	0.5	11.181950
71.633333	0.5	11.197750
71.641667	0.5	11.204150
71.650000	0.5	11.213750
71.658333	0.5	11.233400
71.666667	0.5	11.242000
71.675000	0.5	11.255500
71.683333	0.5	11.274150
71.691667	0.5	11.286950
71.700000	0.5	11.303550
71.708333	0.5	11.318350
71.716667	0.5	11.330850
71.725000	0.5	11.343450
71.733333	0.5	11.361750
71.741667	0.5	11.373350
71.750000	0.5	11.383700
71.758333	0.5	11.390650
71.766667	0.5	11.406600
71.775000	0.5	11.409200
71.783333	0.5	11.415650
71.791667	0.5	11.415450
71.800000	0.5	11.423850
71.808333	0.5	11.418050
71.816667	0.5	11.420150
71.825000	0.5	11.414000
71.833333	0.5	11.411800
71.841667	0.5	11.399700
71.850000	0.5	11.401200
71.858333	0.5	11.395350
71.866667	0.5	11.383350
71.875000	0.5	11.373550
71.883333	0.5	11.359600
71.891667	0.5	11.355100
71.900000	0.5	11.342000
71.908333	0.5	11.340600
71.916667	0.5	11.335650
71.925000	0.5	11.343600
71.933333	0.5	11.330400
71.941667	0.5	11.333300
71.950000	0.5	11.344900
71.958333	0.5	11.358650
71.966667	0.5	11.373350
71.975000	0.5	11.401700
71.983333	0.5	11.426200
71.991667	0.5	11.459250
72.000000	0.5	11.494500
72.008333	0.5	11.541000
72.016667	0.5	11.593500
72.025000	0.5	11.635200
72.033333	0.5	11.692000
72.041667	0.5	11.744800
72.050000	0.5	11.802550
72.058333	0.5	11.864450
72.066667	0.5	11.921200
72.075000	0.5	11.971450
72.083333	0.5	12.032100
72.091667	0.5	12.087400
72.100000	0.5	12.137950
72.108333	0.5	12.197350
72.116667	0.5	12.234350
72.125000	0.5	12.282600
72.133333	0.5	12.326900
72.141667	0.5	12.375650
72.150000	0.5	12.406850
72.158333	0.5	12.437700
72.166667	0.5	12.468650
72.175000	0.5	12.497050
72.183333	0.5	12.516350
72.191667	0.5	12.536950
72.200000	0.5	12.556100
72.208333	0.5	12.561150
72.216667	0.5	12.568600
72.225000	0.5	12.573450
72.233333	0.5	12.573800
72.241667	0.5	12.555650
72.250000	0.5	12.553000
72.258333	0.5	12.532150
72.266667	0.5	12.512450
72.275000	0.5	12.491200
72.283333	0.5	12.460350
72.291667	0.5	12.425550
72.300000	0.5	12.389800
72.308333	0.5	12.349450
72.316667	0.5	12.299400
72.325000	0.5	12.249900
72.333333	0.5	12.195850
72.341667	0.5	12.139850
72.350000	0.5	12.067850
72.358333	0.5	12.006050
72.366667	0.5	11.934650
72.375000	0.5	11.861900
72.383333	0.5	11.787650
72.391667	0.5	11.713000
72.400000	0.5	11.636100
72.408333	0.5	11.555050
72.416667	0.5	11.484950
72.425000	0.5	11.399700
72.433333	0.5	11.321650
72.441667	0.5	11.246100
72.450000	0.5	11.180850
72.458333	0.5	11.109750
72.466667	0.5	11.048450
72.475000	0.5	10.980500
72.483333	0.5	10.920350
72.491667	0.5	10.870550
72.500000	0.5	10.819600
72.508333	0.5	10.774150
72.516667	0.5	10.730700
72.525000	0.5	10.695850
72.533333	0.5	10.653200
72.541667	0.5	10.611850
72.550000	0.5	10.573200
72.558333	0.5	10.550600
72.566667	0.5	10.525550
72.575000	0.5	10.491500
72.583333	0.5	10.480700
72.591667	0.5	10.459900
72.600000	0.5	10.430700
72.608333	0.5	10.410850
72.616667	0.5	10.388350
72.625000	0.5	10.374050
72.633333	0.5	10.350400
72.641667	0.5	10.332900
72.650000	0.5	10.307500
72.658333	0.5	10.293750
72.666667	0.5	10.283850
72.675000	0.5	10.252300
72.683333	0.5	10.237850
72.691667	0.5	10.221550
72.700000	0.5	10.203700
72.708333	0.5	10.178150
72.716667	0.5	10.164650
72.725000	0.5	10.145950
72.733333	0.5	10.133950
72.741667	0.5	10.114750
72.750000	0.5	10.094050
72.758333	0.5	10.079400
72.766667	0.5	10.060750
72.775000	0.5	10.051350
72.783333	0.5	10.040800
72.791667	0.5	10.021550
72.800000	0.5	10.013550
72.808333	0.5	9.990550
72.816667	0.5	9.983450
72.825000	0.5	9.959600
72.833333	0.5	9.956700
72.841667	0.5	9.935800
72.850000	0.5	9.935750
72.858333	0.5	9.921100
72.866667	0.5	9.910100
72.875000	0.5	9.904900
72.883333	0.5	9.890200
72.891667	0.5	9.889800
72.900000	0.5	9.879750
72.908333	0.5	9.875800
72.916667	0.5	9.865500
72.925000	0.5	9.853600
72.933333	0.5	9.847150
72.941667	0.5	9.836750
72.950000	0.5	9.837550
72.958333	0.5	9.831350
72.966667	0.5	9.831550
72.975000	0.5	9.825950
72.983333	0.5	9.817600
72.991667	0.5	9.813950
73.000000	0.5	9.813200
73.008333	0.5	9.809600
73.016667	0.5	9.811450
73.025000	0.5	9.812450
73.033333	0.5	9.810600
73.041667	0.5	9.813150
73.050000	0.5	9.810300
73.058333	0.5	9.810600
73.066667	0.5	9.822150
73.075000	0.5	9.826300
73.083333	0.5	9.826150
73.091667	0.5	9.839050
73.100000	0.5	9.845750
73.108333	0.5	9.853200
73.116667	0.5	9.864250
73.125000	0.5	9.876600
73.133333	0.5	9.897150
73.141667	0.5	9.912550
73.150000	0.5	9.932000
73.158333	0.5	9.954300
73.166667	0.5	9.983550
73.175000	0.5	10.008250
73.183333	0.5	10.033200
73.191667	0.5	10.069250
73.200000	0.5	10.102850
73.208333	0.5	10.135600
73.216667	0.5	10.171150
73.225000	0.5	10.214600
73.233333	0.5	10.255350
73.241667	0.5	10.292400
73.250000	0.5	10.346500
73.258333	0.5	10.395250
73.266667	0.5	10.437400
73.275000	0.5	10.481850
73.283333	0.5	10.538900
73.291667	0.5	10.581650
73.300000	0.5	10.630350
73.308333	0.5	10.675500
73.316667	0.5	10.730200
73.325000	0.5	10.777850
73.333333	0.5	10.823450
73.341667	0.5	10.862450
73.350000	0.5	10.907450
73.358333	0.5	10.943400
73.366667	0.5	10.989050
73.375000	0.5	11.020850
73.383333	0.5	11.071400
73.391667	0.5	11.093550
73.400000	0.5	11.123000
73.408333	0.5	11.152900
73.416667	0.5	11.186900
73.425000	0.5	11.214350
73.433333	0.5	11.247200
73.441667	0.5	11.271000
73.450000	0.5	11.301050
73.458333	0.5	11.332050
73.466667	0.5	11.361750
73.475000	0.5	11.398400
73.483333	0.5	11.428300
73.491667	0.5	11.464650
73.500000	0.5	11.494650
73.508333	0.5	11.541050
73.516667	0.5	11.582750
73.525000	0.5	11.625100
73.533333	0.5	11.660600
73.541667	0.5	11.700500
73.550000	0.5	11.745900
73.558333	0.5	11.787250
73.566667	0.5	11.832450
73.575000	0.5	11.864250
73.583333	0.5	11.909550
73.591667	0.5	11.953250
73.600000	0.5	11.981850
73.608333	0.5	12.014300
73.616667	0.5	12.051850
73.625000	0.5	12.081000
73.633333	0.5	12.117300
73.641667	0.5	12.144600
73.650000	0.5	12.168900
73.658333	0.5	12.187700
73.666667	0.5	12.204000
73.675000	0.5	12.218700
73.683333	0.5	12.236350
73.691667	0.5	12.255400
73.700000	0.5	12.252350
73.708333	0.5	12.259700
73.716667	0.5	12.260200
73.725000	0.5	12.245400
73.733333	0.5	12.254300
73.741667	0.5	12.247100
73.750000	0.5	12.217550
73.758333	0.5	12.206850
73.766667	0.5	12.177750
73.775000	0.5	12.160850
73.783333	0.5	12.129150
73.791667	0.5	12.092750
73.800000	0.5	12.053900
73.808333	0.5	12.016150
73.816667	0.5	11.960700
73.825000	0.5	11.917600
73.833333	0.5	11.867200
73.841667	0.5	11.803550
73.850000	0.5	11.740050
73.858333	0.5	11.679350
73.866667	0.5	11.609300
73.875000	0.5	11.534950
73.883333	0.5	11.469350
73.891667	0.5	11.383450
73.900000	0.5	11.303100
73.908333	0.5	11.228750
73.916667	0.5	11.148400
73.925000	0.5	11.060700
73.933333	0.5	10.987950
73.941667	0.5	10.910550
73.950000	0.5	10.822450
73.958333	0.5	10.751200
73.966667	0.5	10.680100
73.975000	0.5	10.608850
73.983333	0.5	10.541950
73.991667	0.5	10.469500
74.000000	0.5	10.413250
74.008333	0.5	10.363150
74.016667	0.5	10.304750
74.025000	0.5	10.253850
74.033333	0.5	10.207700
74.041667	0.5	10.163150
74.050000	0.5	10.113950
74.058333	0.5	10.076900
74.066667	0.5	10.042000
74.075000	0.5	10.008650
74.083333	0.5	9.982100
74.091667	0.5	9.953050
74.100000	0.5	9.922050
74.108333	0.5	9.900950
74.116667	0.5	9.877100
74.125000	0.5	9.860700
74.133333	0.5	9.835850
74.141667	0.5	9.819950
74.150000	0.5	9.800500
74.158333	0.5	9.786050
74.166667	0.5	9.765750
74.175000	0.5	9.756550
74.183333	0.5	9.735600
74.191667	0.5	9.729050
74.200000	0.5	9.715650
74.208333	0.5	9.698950
74.216667	0.5	9.693300
74.225000	0.5	9.676650
74.233333	0.5	9.666350
74.241667	0.5	9.658300
74.250000	0.5	9.644350
74.258333	0.5	9.637600
74.266667	0.5	9.628050
74.275000	0.5	9.622100
74.283333	0.5	9.615050
74.291667	0.5	9.605200
74.300000	0.5	9.599350
74.308333	0.5	9.589950
74.316667	0.5	9.583800
74.325000	0.5	9.587700
74.333333	0.5	9.580450
74.341667	0.5	9.569500
74.350000	0.5	9.566200
74.358333	0.5	9.559150
74.366667	0.5	9.563850
74.375000	0.5	9.558500
74.383333	0.5	9.557800
74.391667	0.5	9.556500
74.400000	0.5	9.548600
74.408333	0.5	9.549550
74.416667	0.5	9.555300
74.425000	0.5	9.552300
74.433333	0.5	9.549050
74.441667	0.5	9.547650
74.450000	0.5	9.548700
74.458333	0.5	9.542000
74.466667	0.5	9.546100
74.475000	0.5	9.546600
74.483333	0.5	9.551650
74.491667	0.5	9.546500
74.500000	0.5	9.544200
74.508333	0.5	9.549950
74.516667	0.5	9.545900
74.525000	0.5	9.548500
74.533333	0.5	9.547900
74.541667	0.5	9.546750
74.550000	0.5	9.553500
74.558333	0.5	9.546200
74.566667	0.5	9.553150
74.575000	0.5	9.553850
74.583333	0.5	9.557250
74.591667	0.5	9.557150
74.600000	0.5	9.564350
74.608333	0.5	9.566400
74.616667	0.5	9.571200
74.625000	0.5	9.571300
74.633333	0.5	9.581000
74.641667	0.5	9.581400
74.650000	0.5	9.593400
74.658333	0.5	9.596600
74.666667	0.5	9.611500
74.675000	0.5	9.618000
74.683333	0.5	9.623700
74.691667	0.5	9.640450
74.700000	0.5	9.647450
74.708333	0.5	9.666350
74.716667	0.5	9.681300
74.725000	0.5	9.696500
74.733333	0.5	9.714500
74.741667	0.5	9.739650
74.750000	0.5	9.753450
74.758333	0.5	9.777550
74.766667	0.5	9.802350
74.775000	0.5	9.833300
74.783333	0.5	9.861000
74.791667	0.5	9.897600
74.800000	0.5	9.932450
74.808333	0.5	9.967150
74.816667	0.5	10.004600
74.825000	0.5	10.050250
74.833333	0.5	10.089400
74.841667	0.5	10.128000
74.850000	0.5	10.177200
74.858333	0.5	10.218100
74.866667	0.5	10.267400
74.875000	0.5	10.322700
74.883333	0.5	10.378500
74.891667	0.5	10.432400
74.900000	0.5	10.487300
74.908333	0.5	10.543250
74.916667	0.5	10.599350
74.925000	0.5	10.659500
74.933333	0.5	10.715350
74.941667	0.5	10.769950
74.950000	0.5	10.828750
74.958333	0.5	10.881100
74.966667	0.5	10.937100
74.975000	0.5	10.994850
74.983333	0.5	11.059250
74.991667	0.5	11.105700
75.000000	0.5	11.156300
75.008333	0.5	11.209850
75.016667	0.5	11.259250
75.025000	0.5	11.303550
75.033333	0.5	11.357150
75.041667	0.5	11.396000
75.050000	0.5	11.437050
75.058333	0.5	11.475050
75.066667	0.5	11.515650
75.075000	0.5	11.547350
75.083333	0.5	11.580550
75.091667	0.5	11.603650
75.100000	0.5	11.627550
75.108333	0.5	11.654450
75.116667	0.5	11.676850
75.125000	0.5	11.687200
75.133333	0.5	11.702900
75.141667	0.5	11.708400
75.150000	0.5	11.718700
75.158333	0.5	11.732150
75.166667	0.5	11.732300
75.175000	0.5	11.737600
75.183333	0.5	11.735550
75.191667	0.5	11.725350
75.200000	0.5	11.718450
75.208333	0.5	11.697200
75.216667	0.5	11.680250
75.225000	0.5	11.663400
75.233333	0.5	11.647800
75.241667	0.5	11.624600
75.250000	0.5	11.590150
75.258333	0.5	11.561000
75.266667	0.5	11.525400
75.275000	0.5	11.490700
75.283333	0.5	11.439950
75.291667	0.5	11.401400
75.300000	0.5	11.347550
75.308333	0.5	11.298150
75.316667	0.5	11.237900
75.325000	0.5	11.173400
75.333333	0.5	11.110450
75.341667	0.5	11.061300
75.350000	0.5	10.987500
75.358333	0.5	10.927800
75.366667	0.5	10.859450
75.375000	0.5	10.794350
75.383333	0.5	10.723100
75.391667	0.5	10.648650
75.400000	0.5	10.584700
75.408333	0.5	10.522450
75.416667	0.5	10.457400
75.425000	0.5	10.394750
75.433333	0.5	10.334650
75.441667	0.5	10.285300
75.450000	0.5	10.218950
75.458333	0.5	10.163150
75.466667	0.5	10.116900
75.475000	0.5	10.074800
75.483333	0.5	10.032200
75.491667	0.5	9.991100
75.500000	0.5	9.951300
75.508333	0.5	9.912700
75.516667	0.5	9.883650
75.525000	0.5	9.854250
75.533333	0.5	9.818850
75.541667	0.5	9.795400
75.550000	0.5	9.770100
75.558333	0.5	9.755250
75.566667	0.5	9.735950
75.575000	0.5	9.726350
75.583333	0.5	9.704400
75.591667	0.5	9.687200
75.600000	0.5	9.681500
75.608333	0.5	9.659500
75.616667	0.5	9.640550
75.625000	0.5	9.630650
75.633333	0.5	9.621950
75.641667	0.5	9.612800
75.650000	0.5	9.605100
75.658333	0.5	9.592850
75.666667	0.5	9.582900
75.675000	0.5	9.569750
75.683333	0.5	9.563050
75.691667	0.5	9.555550
75.700000	0.5	9.551700
75.708333	0.5	9.535750
75.716667	0.5	9.529050
75.725000	0.5	9.519700
75.733333	0.5	9.511950
75.741667	0.5	9.507500
75.750000	0.5	9.501550
75.758333	0.5	9.498800
75.766667	0.5	9.490550
75.775000	0.5	9.480950
75.783333	0.5	9.481150
75.791667	0.5	9.469350
75.800000	0.5	9.468350
75.808333	0.5	9.457000
75.816667	0.5	9.456950
75.825000	0.5	9.454250
75.833333	0.5	9.454300
75.841667	0.5	9.454050
75.850000	0.5	9.453450
75.858333	0.5	9.447850
75.866667	0.5	9.435700
75.875000	0.5	9.435000
75.883333	0.5	9.436300
75.891667	0.5	9.432100
75.900000	0.5	9.428850
75.908333	0.5	9.429400
75.916667	0.5	9.421450
75.925000	0.5	9.425450
75.933333	0.5	9.431500
75.941667	0.5	9.431200
75.950000	0.5	9.434150
75.958333	0.5	9.428300
75.966667	0.5	9.427250
75.975000	0.5	9.428650
75.983333	0.5	9.436400
75.991667	0.5	9.430000
76.000000	0.5	9.432650
76.008333	0.5	9.439100
76.016667	0.5	9.430800
76.025000	0.5	9.435250
76.033333	0.5	9.441200
76.041667	0.5	9.454900
76.050000	0.5	9.440650
76.058333	0.5	9.447650
76.066667	0.5	9.447350
76.075000	0.5	9.450550
76.083333	0.5	9.452100
76.091667	0.5	9.464200
76.100000	0.5	9.464000
76.108333	0.5	9.461350
76.116667	0.5	9.476650
76.125000	0.5	9.474250
76.133333	0.5	9.486850
76.141667	0.5	9.489050
76.150000	0.5	9.494050
76.158333	0.5	9.502850
76.166667	0.5	9.509050
76.175000	0.5	9.520200
76.183333	0.5	9.531900
76.191667	0.5	9.555850
76.200000	0.5	9.570800
76.208333	0.5	9.579300
76.216667	0.5	9.600850
76.225000	0.5	9.628100
76.233333	0.5	9.649100
76.241667	0.5	9.675350
76.250000	0.5	9.711000
76.258333	0.5	9.738900
76.266667	0.5	9.780000
76.275000	0.5	9.824600
76.283333	0.5	9.863000
76.291667	0.5	9.911400
76.300000	0.5	9.968350
76.308333	0.5	10.013800
76.316667	0.5	10.084250
76.325000	0.5	10.149550
76.333333	0.5	10.213450
76.341667	0.5	10.290600
76.350000	0.5	10.357600
76.358333	0.5	10.427600
76.366667	0.5	10.502500
76.375000	0.5	10.577150
76.383333	0.5	10.653200
76.391667	0.5	10.727400
76.400000	0.5	10.807150
76.408333	0.5	10.875500
76.416667	0.5	10.957800
76.425000	0.5	11.011150
76.433333	0.5	11.089700
76.441667	0.5	11.149550
76.450000	0.5	11.206650
76.458333	0.5	11.263150
76.466667	0.5	11.321500
76.475000	0.5	11.361900
76.483333	0.5	11.404950
76.491667	0.5	11.452650
76.500000	0.5	11.483550
76.508333	0.5	11.517750
76.516667	0.5	11.547750
76.525000	0.5	11.574900
76.533333	0.5	11.593900
76.541667	0.5	11.612050
76.550000	0.5	11.625150
76.558333	0.5	11.643050
76.566667	0.5	11.640100
76.575000	0.5	11.641750
76.583333	0.5	11.647000
76.591667	0.5	11.638350
76.600000	0.5	11.629850
76.608333	0.5	11.613650
76.616667	0.5	11.596200
76.625000	0.5	11.572750
76.633333	0.5	11.544300
76.641667	0.5	11.517150
76.650000	0.5	11.482250
76.658333	0.5	11.444200
76.666667	0.5	11.399200
76.675000	0.5	11.349400
76.683333	0.5	11.302500
76.691667	0.5	11.254950
76.700000	0.5	11.196100
76.708333	0.5	11.140700
76.716667	0.5	11.080850
76.725000	0.5	11.016250
76.733333	0.5	10.948600
76.741667	0.5	10.877500
76.750000	0.5	10.811250
76.758333	0.5	10.746250
76.766667	0.5	10.676800
76.775000	0.5	10.604800
76.783333	0.5	10.537700
76.791667	0.5	10.469500
76.800000	0.5	10.405100
76.808333	0.5	10.342450
76.816667	0.5	10.281600
76.825000	0.5	10.220250
76.833333	0.5	10.172300
76.841667	0.5	10.101350
76.850000	0.5	10.053800
76.858333	0.5	10.005150
76.866667	0.5	9.972950
76.875000	0.5	9.918300
76.883333	0.5	9.888600
76.891667	0.5	9.855650
76.900000	0.5	9.820600
76.908333	0.5	9.783300
76.916667	0.5	9.760300
76.925000	0.5	9.732050
76.933333	0.5	9.705800
76.941667	0.5	9.693550
76.950000	0.5	9.675800
76.958333	0.5	9.657100
76.966667	0.5	9.634650
76.975000	0.5	9.626100
76.983333	0.5	9.614100
76.991667	0.5	9.601550
77.000000	0.5	9.593750
77.008333	0.5	9.588550
77.016667	0.5	9.573750
77.025000	0.5	9.570400
77.033333	0.5	9.563200
77.041667	0.5	9.559400
77.050000	0.5	9.554400
77.058333	0.5	9.540950
77.066667	0.5	9.547650
77.075000	0.5	9.546100
77.083333	0.5	9.540300
77.091667	0.5	9.544550
77.100000	0.5	9.541450
77.108333	0.5	9.545950
77.116667	0.5	9.544000
77.125000	0.5	9.546950
77.133333	0.5	9.551500
77.141667	0.5	9.556450
77.150000	0.5	9.558350
77.158333	0.5	9.564100
77.166667	0.5	9.568250
77.175000	0.5	9.579650
77.183333	0.5	9.588700
77.191667	0.5	9.598150
77.200000	0.5	9.610200
77.208333	0.5	9.620600
77.216667	0.5	9.634850
77.225000	0.5	9.647650
77.233333	0.5	9.665050
77.241667	0.5	9.678100
77.250000	0.5	9.699600
77.258333	0.5	9.719050
77.266667	0.5	9.735700
77.275000	0.5	9.762550
77.283333	0.5	9.783900
77.291667	0.5	9.808950
77.300000	0.5	9.830500
77.308333	0.5	9.858600
77.316667	0.5	9.885750
77.325000	0.5	9.916600
77.333333	0.5	9.938750
77.341667	0.5	9.965000
77.350000	0.5	10.002800
77.358333	0.5	10.033700
77.366667	0.5	10.073200
77.375000	0.5	10.103800
77.383333	0.5	10.135550
77.391667	0.5	10.169850
77.400000	0.5	10.205950
77.408333	0.5	10.245050
77.416667	0.5	10.283850
77.425000	0.5	10.318750
77.433333	0.5	10.358650
77.441667	0.5	10.394450
77.450000	0.5	10.424900
77.458333	0.5	10.461000
77.466667	0.5	10.500250
77.475000	0.5	10.535000
77.483333	0.5	10.581450
77.491667	0.5	10.613650
77.500000	0.5	10.647150
77.508333	0.5	10.679600
77.516667	0.5	10.715850
77.525000	0.5	10.753550
77.533333	0.5	10.786050
77.541667	0.5	10.817700
77.550000	0.5	10.850800
77.558333	0.5	10.884350
77.566667	0.5	10.921450
77.575000	0.5	10.954850
77.583333	0.5	10.980400
77.591667	0.5	11.014850
77.600000	0.5	11.048500
77.608333	0.5	11.082450
77.616667	0.5	11.115200
77.625000	0.5	11.140400
77.633333	0.5	11.178150
77.641667	0.5	11.219200
77.650000	0.5	11.243500
77.658333	0.5	11.285050
77.666667	0.5	11.322900
77.675000	0.5	11.349000
77.683333	0.5	11.384150
77.691667	0.5	11.417250
77.700000	0.5	11.450300
77.708333	0.5	11.488450
77.716667	0.5	11.528700
77.725000	0.5	11.564000
77.733333	0.5	11.603050
77.741667	0.5	11.636350
77.750000	0.5	11.676200
77.758333	0.5	11.711100
77.766667	0.5	11.744550
77.775000	0.5	11.780650
77.783333	0.5	11.810250
77.791667	0.5	11.839500
77.800000	0.5	11.871550
77.808333	0.5	11.902400
77.816667	0.5	11.925750
77.825000	0.5	11.951350
77.833333	0.5	11.975850
77.841667	0.5	11.988550
77.850000	0.5	12.010700
77.858333	0.5	12.023550
77.866667	0.5	12.032050
77.875000	0.5	12.042950
77.883333	0.5	12.053100
77.891667	0.5	12.055450
77.900000	0.5	12.060750
77.908333	0.5	12.056950
77.916667	0.5	12.048800
77.925000	0.5	12.043800
77.933333	0.5	12.034850
77.941667	0.5	12.022150
77.950000	0.5	12.004450
77.958333	0.5	11.985250
77.966667	0.5	11.954250
77.975000	0.5	11.928450
77.983333	0.5	11.902200
77.991667	0.5	11.863300
78.000000	0.5	11.829200
78.008333	0.5	11.783800
78.016667	0.5	11.743400
78.025000	0.5	11.700450
78.033333	0.5	11.644300
78.041667	0.5	11.596550
78.050000	0.5	11.543900
78.058333	0.5	11.485550
78.066667	0.5	11.427800
78.075000	0.5	11.366100
78.083333	0.5	11.303300
78.091667	0.5	11.230950
78.100000	0.5	11.175950
78.108333	0.5	11.095800
78.116667	0.5	11.033000
78.125000	0.5	10.966850
78.133333	0.5	10.895600
78.141667	0.5	10.829800
78.150000	0.5	10.759650
78.158333	0.5	10.689000
78.166667	0.5	10.623550
78.175000	0.5	10.548550
78.183333	0.5	10.487500
78.191667	0.5	10.421450
78.200000	0.5	10.354900
78.208333	0.5	10.293800
78.216667	0.5	10.239300
78.225000	0.5	10.182000
78.233333	0.5	10.135150
78.241667	0.5	10.074450
78.250000	0.5	10.035550
78.258333	0.5	9.977350
78.266667	0.5	9.935700
78.275000	0.5	9.889300
78.283333	0.5	9.851150
78.291667	0.5	9.809600
78.300000	0.5	9.769000
78.308333	0.5	9.738200
78.316667	0.5	9.705000
78.325000	0.5	9.673000
78.333333	0.5	9.647150
78.341667	0.5	9.621800
78.350000	0.5	9.589500
78.358333	0.5	9.564850
78.366667	0.5	9.539150
78.375000	0.5	9.510750
78.383333	0.5	9.490150
78.391667	0.5	9.474850
78.400000	0.5	9.451700
78.408333	0.5	9.438050
78.416667	0.5	9.418450
78.425000	0.5	9.406450
78.433333	0.5	9.394750
78.441667	0.5	9.379550
78.450000	0.5	9.361200
78.458333	0.5	9.346150
78.466667	0.5	9.330050
78.475000	0.5	9.326050
78.483333	0.5	9.306000
78.491667	0.5	9.303800
78.500000	0.5	9.300600
78.508333	0.5	9.287150
78.516667	0.5	9.285900
78.525000	0.5	9.280100
78.533333	0.5	9.275850
78.541667	0.5	9.271600
78.550000	0.5	9.263550
78.558333	0.5	9.262300
78.566667	0.5	9.259700
78.575000	0.5	9.255600
78.583333	0.5	9.255150
78.591667	0.5	9.251050
78.600000	0.5	9.254450
78.608333	0.5	9.256100
78.616667	0.5	9.261950
78.625000	0.5	9.259000
78.633333	0.5	9.254700
78.641667	0.5	9.257050
78.650000	0.5	9.251100
78.658333	0.5	9.258050
78.666667	0.5	9.259050
78.675000	0.5	9.262100
78.683333	0.5	9.254600
78.691667	0.5	9.264500
78.700000	0.5	9.267900
78.708333	0.5	9.265500
78.716667	0.5	9.271550
78.725000	0.5	9.273050
78.733333	0.5	9.274100
78.741667	0.5	9.272250
78.750000	0.5	9.270950
78.758333	0.5	9.276200
78.766667	0.5	9.281700
78.775000	0.5	9.281350
78.783333	0.5	9.278200
78.791667	0.5	9.278700
78.800000	0.5	9.280150
78.808333	0.5	9.287150
78.816667	0.5	9.287350
78.825000	0.5	9.304600
78.833333	0.5	9.295900
78.841667	0.5	9.307300
78.850000	0.5	9.311850
78.858333	0.5	9.315550
78.866667	0.5	9.329900
78.875000	0.5	9.343050
78.883333	0.5	9.354100
78.891667	0.5	9.365150
78.900000	0.5	9.391050
78.908333	0.5	9.412500
78.916667	0.5	9.445150
78.925000	0.5	9.466500
78.933333	0.5	9.489750
78.941667	0.5	9.526050
78.950000	0.5	9.571500
78.958333	0.5	9.608900
78.966667	0.5	9.653500
78.975000	0.5	9.712050
78.983333	0.5	9.773550
78.991667	0.5	9.821000
79.000000	0.5	9.896250
79.008333	0.5	9.966900
79.016667	0.5	10.040700
79.025000	0.5	10.111700
79.033333	0.5	10.190850
79.041667	0.5	10.269300
79.050000	0.5	10.351450
79.058333	0.5	10.433650
79.066667	0.5	10.509650
79.075000	0.5	10.589000
79.083333	0.5	10.674350
79.091667	0.5	10.757450
79.100000	0.5	10.834900
79.108333	0.5	10.910650
79.116667	0.5	10.980400
79.125000	0.5	11.049550
79.133333	0.5	11.111000
79.141667	0.5	11.171650
79.150000	0.5	11.224700
79.158333	0.5	11.289200
79.166667	0.5	11.325500
79.175000	0.5	11.366800
79.183333	0.5	11.407400
79.191667	0.5	11.446150
79.200000	0.5	11.469550
79.208333	0.5	11.492200
79.216667	0.5	11.509600
79.225000	0.5	11.522200
79.233333	0.5	11.537000
79.241667	0.5	11.535200
79.250000	0.5	11.537250
79.258333	0.5	11.529250
79.266667	0.5	11.518900
79.275000	0.5	11.503150
79.283333	0.5	11.480350
79.291667	0.5	11.457950
79.300000	0.5	11.431750
79.308333	0.5	11.395800
79.316667	0.5	11.349500
79.325000	0.5	11.311400
79.333333	0.5	11.264350
79.341667	0.5	11.210800
79.350000	0.5	11.162200
79.358333	0.5	11.097650
79.366667	0.5	11.030850
79.375000	0.5	10.976600
79.383333	0.5	10.909700
79.391667	0.5	10.843050
79.400000	0.5	10.781350
79.408333	0.5	10.708700
79.416667	0.5	10.632850
79.425000	0.5	10.575350
79.433333	0.5	10.508100
79.441667	0.5	10.439300
79.450000	0.5	10.376350
79.458333	0.5	10.320000
79.466667	0.5	10.265900
79.475000	0.5	10.213450
79.483333	0.5	10.160100
79.491667	0.5	10.114800
79.500000	0.5	10.066550
79.508333	0.5	10.026700
79.516667	0.5	9.979800
79.525000	0.5	9.944800
79.533333	0.5	9.906100
79.541667	0.5	9.883950
79.550000	0.5	9.854200
79.558333	0.5	9.827550
79.566667	0.5	9.795050
79.575000	0.5	9.771450
79.583333	0.5	9.761750
79.591667	0.5	9.734250
79.600000	0.5	9.722300
79.608333	0.5	9.705750
79.616667	0.5	9.690300
79.625000	0.5	9.672650
79.633333	0.5	9.658650
79.641667	0.5	9.640250
79.650000	0.5	9.628000
79.658333	0.5	9.615900
79.666667	0.5	9.603850
79.675000	0.5	9.592550
79.683333	0.5	9.583050
79.691667	0.5	9.567850
79.700000	0.5	9.554650
79.708333	0.5	9.537600
79.716667	0.5	9.526700
79.725000	0.5	9.517250
79.733333	0.5	9.504100
79.741667	0.5	9.481150
79.750000	0.5	9.469800
79.758333	0.5	9.448050
79.766667	0.5	9.440050
79.775000	0.5	9.424750
79.783333	0.5	9.407750
79.791667	0.5	9.391200
79.800000	0.5	9.382550
79.808333	0.5	9.369400
79.816667	0.5	9.360950
79.825000	0.5	9.340550
79.833333	0.5	9.325100
79.841667	0.5	9.313100
79.850000	0.5	9.291100
79.858333	0.5	9.290250
79.866667	0.5	9.272850
79.875000	0.5	9.258800
79.883333	0.5	9.241400
79.891667	0.5	9.248300
79.900000	0.5	9.221850
79.908333	0.5	9.209100
79.916667	0.5	9.197200
79.925000	0.5	9.183550
79.933333	0.5	9.174700
79.941667	0.5	9.151400
79.950000	0.5	9.145200
79.958333	0.5	9.128000
79.966667	0.5	9.120250
79.975000	0.5	9.106650
79.983333	0.5	9.095050
79.991667	0.5	9.090150
80.000000	0.5	9.072300
80.008333	0.5	9.060700
80.016667	0.5	9.053100
80.025000	0.5	9.041300
80.033333	0.5	9.033000
80.041667	0.5	9.028200
80.050000	0.5	9.022300
80.058333	0.5	9.005100
80.066667	0.5	9.009850
80.075000	0.5	8.997800
80.083333	0.5	8.999700
80.091667	0.5	8.990300
80.100000	0.5	8.987050
80.108333	0.5	8.988100
80.116667	0.5	8.986750
80.125000	0.5	8.991950
80.133333	0.5	9.000600
80.141667	0.5	9.003300
80.150000	0.5	9.012350
80.158333	0.5	9.023500
80.166667	0.5	9.040400
80.175000	0.5	9.060350
80.183333	0.5	9.083900
80.191667	0.5	9.107350
80.200000	0.5	9.137300
80.208333	0.5	9.183000
80.216667	0.5	9.208950
80.225000	0.5	9.249550
80.233333	0.5	9.288700
80.241667	0.5	9.338900
80.250000	0.5	9.386900
80.258333	0.5	9.439350
80.266667	0.5	9.495050
80.275000	0.5	9.550450
80.283333	0.5	9.616950
80.291667	0.5	9.687800
80.300000	0.5	9.756500
80.308333	0.5	9.826450
80.316667	0.5	9.899650
80.325000	0.5	9.965750
80.333333	0.5	10.034700
80.341667	0.5	10.111150
80.350000	0.5	10.177650
80.358333	0.5	10.252600
80.366667	0.5	10.315800
80.375000	0.5	10.375200
80.383333	0.5	10.441300
80.391667	0.5	10.501750
80.400000	0.5	10.552300
80.408333	0.5	10.599000
80.416667	0.5	10.645650
80.425000	0.5	10.693450
80.433333	0.5	10.731050
80.441667	0.5	10.764950
80.450000	0.5	10.797200
80.458333	0.5	10.818100
80.466667	0.5	10.846550
80.475000	0.5	10.863650
80.483333	0.5	10.880550
80.491667	0.5	10.890850
80.500000	0.5	10.900300
80.508333	0.5	10.894700
80.516667	0.5	10.893800
80.525000	0.5	10.879050
80.533333	0.5	10.871800
80.541667	0.5	10.855950
80.550000	0.5	10.831800
80.558333	0.5	10.812350
80.566667	0.5	10.782750
80.575000	0.5	10.746600
80.583333	0.5	10.723300
80.591667	0.5	10.677600
80.600000	0.5	10.633550
80.608333	0.5	10.591950
80.616667	0.5	10.542500
80.625000	0.5	10.490600
80.633333	0.5	10.443050
80.641667	0.5	10.387750
80.650000	0.5	10.330350
80.658333	0.5	10.270100
80.666667	0.5	10.205350
80.675000	0.5	10.151700
80.683333	0.5	10.095900
80.691667	0.5	10.041750
80.700000	0.5	9.977950
80.708333	0.5	9.921700
80.716667	0.5	9.865850
80.725000	0.5	9.818250
80.733333	0.5	9.771300
80.741667	0.5	9.718850
80.750000	0.5	9.671500
80.758333	0.5	9.623300
80.766667	0.5	9.577700
80.775000	0.5	9.538200
80.783333	0.5	9.502650
80.791667	0.5	9.476950
80.800000	0.5	9.435400
80.808333	0.5	9.407800
80.816667	0.5	9.372300
80.825000	0.5	9.350500
80.833333	0.5	9.330950
80.841667	0.5	9.307150
80.850000	0.5	9.286400
80.858333	0.5	9.267450
80.866667	0.5	9.248500
80.875000	0.5	9.226700
80.883333	0.5	9.207800
80.891667	0.5	9.200400
80.900000	0.5	9.184800
80.908333	0.5	9.162950
80.916667	0.5	9.159800
80.925000	0.5	9.150650
80.933333	0.5	9.133700
80.941667	0.5	9.123150
80.950000	0.5	9.108300
80.958333	0.5	9.098750
80.966667	0.5	9.092900
80.975000	0.5	9.090750
80.983333	0.5	9.078100
80.991667	0.5	9.066200
81.000000	0.5	9.061150
81.008333	0.5	9.057800
81.016667	0.5	9.046100
81.025000	0.5	9.044850
81.033333	0.5	9.035500
81.041667	0.5	9.024350
81.050000	0.5	9.010050
81.058333	0.5	9.003000
81.066667	0.5	8.998150
81.075000	0.5	9.004750
81.083333	0.5	8.994600
81.091667	0.5	8.990700
81.100000	0.5	8.979100
81.108333	0.5	8.976750
81.116667	0.5	8.971350
81.125000	0.5	8.970950
81.133333	0.5	8.967250
81.141667	0.5	8.969350
81.150000	0.5	8.965800
81.158333	0.5	8.969550
81.166667	0.5	8.965650
81.175000	0.5	8.955250
81.183333	0.5	8.955400
81.191667	0.5	8.950950
81.200000	0.5	8.952950
81.208333	0.5	8.954800
81.216667	0.5	8.960400
81.225000	0.5	8.940200
81.233333	0.5	8.950750
81.241667	0.5	8.961250
81.250000	0.5	8.963150
81.258333	0.5	8.961150
81.266667	0.5	8.960400
81.275000	0.5	8.960250
81.283333	0.5	8.959800
81.291667	0.5	8.968500
81.300000	0.5	8.974000
81.308333	0.5	8.983800
81.316667	0.5	8.987950
81.325000	0.5	8.994600
81.333333	0.5	9.006000
81.341667	0.5	9.012000
81.350000	0.5	9.027600
81.358333	0.5	9.042050
81.366667	0.5	9.054650
81.375000	0.5	9.071700
81.383333	0.5	9.091650
81.391667	0.5	9.115400
81.400000	0.5	9.142150
81.408333	0.5	9.158050
81.416667	0.5	9.185500
81.425000	0.5	9.221450
81.433333	0.5	9.253750
81.441667	0.5	9.292750
81.450000	0.5	9.336600
81.458333	0.5	9.374750
81.466667	0.5	9.423600
81.475000	0.5	9.473950
81.483333	0.5	9.519650
81.491667	0.5	9.579950
81.500000	0.5	9.642800
81.508333	0.5	9.696550
81.516667	0.5	9.763900
81.525000	0.5	9.822250
81.533333	0.5	9.890250
81.541667	0.5	9.945000
81.550000	0.5	10.019050
81.558333	0.5	10.081550
81.566667	0.5	10.145900
81.575000	0.5	10.204750
81.583333	0.5	10.266150
81.591667	0.5	10.327100
81.600000	0.5	10.382750
81.608333	0.5	10.444600
81.616667	0.5	10.486700
81.625000	0.5	10.542000
81.633333	0.5	10.583200
81.641667	0.5	10.630450
81.650000	0.5	10.657600
81.658333	0.5	10.697550
81.666667	0.5	10.725100
81.675000	0.5	10.756450
81.683333	0.5	10.780400
81.691667	0.5	10.804650
81.700000	0.5	10.814000
81.708333	0.5	10.833550
81.716667	0.5	10.833900
81.725000	0.5	10.844300
81.733333	0.5	10.851050
81.741667	0.5	10.842450
81.750000	0.5	10.832750
81.758333	0.5	10.813800
81.766667	0.5	10.803000
81.775000	0.5	10.779150
81.783333	0.5	10.763900
81.791667	0.5	10.735250
81.800000	0.5	10.714750
81.808333	0.5	10.685200
81.816667	0.5	10.642500
81.825000	0.5	10.606050
81.833333	0.5	10.566400
81.841667	0.5	10.521150
81.850000	0.5	10.478100
81.858333	0.5	10.441400
81.866667	0.5	10.386900
81.875000	0.5	10.347650
81.883333	0.5	10.301450
81.891667	0.5	10.263950
81.900000	0.5	10.212250
81.908333	0.5	10.160700
81.916667	0.5	10.111300
81.925000	0.5	10.063800
81.933333	0.5	10.025650
81.941667	0.5	9.972100
81.950000	0.5	9.937100
81.958333	0.5	9.890400
81.966667	0.5	9.861550
81.975000	0.5	9.826650
81.983333	0.5	9.791650
81.991667	0.5	9.759500
82.000000	0.5	9.726400
82.008333	0.5	9.700100
82.016667	0.5	9.674050
82.025000	0.5	9.648400
82.033333	0.5	9.621850
82.041667	0.5	9.606400
82.050000	0.5	9.586600
82.058333	0.5	9.574200
82.066667	0.5	9.556300
82.075000	0.5	9.550850
82.083333	0.5	9.541800
82.091667	0.5	9.525700
82.100000	0.5	9.512850
82.108333	0.5	9.513550
82.116667	0.5	9.509650
82.125000	0.5	9.507200
82.133333	0.5	9.507850
82.141667	0.5	9.497100
82.150000	0.5	9.501300
82.158333	0.5	9.505750
82.166667	0.5	9.515200
82.175000	0.5	9.519500
82.183333	0.5	9.510100
82.191667	0.5	9.514500
82.200000	0.5	9.515000
82.208333	0.5	9.523550
82.216667	0.5	9.528850
82.225000	0.5	9.535450
82.233333	0.5	9.538850
82.241667	0.5	9.532150
82.250000	0.5	9.547500
82.258333	0.5	9.556850
82.266667	0.5	9.570550
82.275000	0.5	9.584300
82.283333	0.5	9.580500
82.291667	0.5	9.589000
82.300000	0.5	9.593250
82.308333	0.5	9.593750
82.316667	0.5	9.608150
82.325000	0.5	9.614100
82.333333	0.5	9.626950
82.341667	0.5	9.624350
82.350000	0.5	9.636100
82.358333	0.5	9.643650
82.366667	0.5	9.651900
82.375000	0.5	9.655600
82.383333	0.5	9.677200
82.391667	0.5	9.671750
82.400000	0.5	9.681800
82.408333	0.5	9.683400
82.416667	0.5	9.697950
82.425000	0.5	9.698550
82.433333	0.5	9.707100
82.441667	0.5	9.710950
82.450000	0.5	9.715650
82.458333	0.5	9.724250
82.466667	0.5	9.729350
82.475000	0.5	9.740800
82.483333	0.5	9.743400
82.491667	0.5	9.746250
82.500000	0.5	9.758550
82.508333	0.5	9.760200
82.516667	0.5	9.773550
82.525000	0.5	9.786500
82.533333	0.5	9.789850
82.541667	0.5	9.803500
82.550000	0.5	9.814800
82.558333	0.5	9.829800
82.566667	0.5	9.843200
82.575000	0.5	9.864200
82.583333	0.5	9.866750
82.591667	0.5	9.884450
82.600000	0.5	9.903500
82.608333	0.5	9.925850
82.616667	0.5	9.944900
82.625000	0.5	9.968450
82.633333	0.5	9.994650
82.641667	0.5	10.022050
82.650000	0.5	10.043450
82.658333	0.5	10.074500
82.666667	0.5	10.105850
82.675000	0.5	10.133900
82.683333	0.5	10.167600
82.691667	0.5	10.209900
82.700000	0.5	10.249800
82.708333	0.5	10.278750
82.716667	0.5	10.310300
82.725000	0.5	10.341850
82.733333	0.5	10.378400
82.741667	0.5	10.422550
82.750000	0.5	10.463100
82.758333	0.5	10.485300
82.766667	0.5	10.529450
82.775000	0.5	10.557300
82.783333	0.5	10.595700
82.791667	0.5	10.626550
82.800000	0.5	10.647750
82.808333	0.5	10.677250
82.816667	0.5	10.704850
82.825000	0.5	10.729900
82.833333	0.5	10.752950
82.841667	0.5	10.776500
82.850000	0.5	10.789800
82.858333	0.5	10.802200
82.866667	0.5	10.815100
82.875000	0.5	10.821250
82.883333	0.5	10.828450
82.891667	0.5	10.842050
82.900000	0.5	10.836450
82.908333	0.5	10.839450
82.916667	0.5	10.851050
82.925000	0.5	10.843750
82.933333	0.5	10.833450
82.941667	0.5	10.823200
82.950000	0.5	10.811700
82.958333	0.5	10.791450
82.966667	0.5	10.776200
82.975000	0.5	10.751750
82.983333	0.5	10.737350
82.991667	0.5	10.716700
83.000000	0.5	10.690600
83.008333	0.5	10.662700
83.016667	0.5	10.632850
83.025000	0.5	10.602700
83.033333	0.5	10.568300
83.041667	0.5	10.543650
83.050000	0.5	10.510450
83.058333	0.5	10.461550
83.066667	0.5	10.432800
83.075000	0.5	10.399650
83.083333	0.5	10.365300
83.091667	0.5	10.329100
83.100000	0.5	10.287650
83.108333	0.5	10.249250
83.116667	0.5	10.221900
83.125000	0.5	10.186050
83.133333	0.5	10.145800
83.141667	0.5	10.108850
83.150000	0.5	10.076800
83.158333	0.5	10.039150
83.166667	0.5	10.007350
83.175000	0.5	9.976750
83.183333	0.5	9.932700
83.191667	0.5	9.904300
83.200000	0.5	9.879050
83.208333	0.5	9.844750
83.216667	0.5	9.818100
83.225000	0.5	9.786000
83.233333	0.5	9.754450
83.241667	0.5	9.726700
83.250000	0.5	9.710150
83.258333	0.5	9.683150
83.266667	0.5	9.658550
83.275000	0.5	9.634050
83.283333	0.5	9.609400
83.291667	0.5	9.585950
83.300000	0.5	9.561350
83.308333	0.5	9.545200
83.316667	0.5	9.545000
83.325000	0.5	9.512000
83.333333	0.5	9.490350
83.341667	0.5	9.470750
83.350000	0.5	9.455250
83.358333	0.5	9.430750
83.366667	0.5	9.421300
83.375000	0.5	9.406450
83.383333	0.5	9.393450
83.391667	0.5	9.381150
83.400000	0.5	9.363750
83.408333	0.5	9.358000
83.416667	0.5	9.345400
83.425000	0.5	9.337900
83.433333	0.5	9.323700
83.441667	0.5	9.323100
83.450000	0.5	9.310300
83.458333	0.5	9.301050
83.466667	0.5	9.293450
83.475000	0.5	9.285100
83.483333	0.5	9.271750
83.491667	0.5	9.261650
83.500000	0.5	9.252550
83.508333	0.5	9.249950
83.516667	0.5	9.246400
83.525000	0.5	9.242550
83.533333	0.5	9.226800
83.541667	0.5	9.220450
83.550000	0.5	9.218750
83.558333	0.5	9.212400
83.566667	0.5	9.206450
83.575000	0.5	9.208900
83.583333	0.5	9.199900
83.591667	0.5	9.203200
83.600000	0.5	9.202850
83.608333	0.5	9.200100
83.616667	0.5	9.200950
83.625000	0.5	9.205450
83.633333	0.5	9.204650
83.641667	0.5	9.209350
83.650000	0.5	9.210050
83.658333	0.5	9.217650
83.666667	0.5	9.228100
83.675000	0.5	9.237050
83.683333	0.5	9.244900
83.691667	0.5	9.271250
83.700000	0.5	9.285850
83.708333	0.5	9.307600
83.716667	0.5	9.330200
83.725000	0.5	9.343250
83.733333	0.5	9.378050
83.741667	0.5	9.402100
83.750000	0.5	9.440600
83.758333	0.5	9.463100
83.766667	0.5	9.508650
83.775000	0.5	9.551050
83.783333	0.5	9.594500
83.791667	0.5	9.639150
83.800000	0.5	9.675450
83.808333	0.5	9.715700
83.816667	0.5	9.762750
83.825000	0.5	9.812800
83.833333	0.5	9.861550
83.841667	0.5	9.897550
83.850000	0.5	9.947150
83.858333	0.5	9.990050
83.866667	0.5	10.029650
83.875000	0.5	10.062950
83.883333	0.5	10.110050
83.891667	0.5	10.134400
83.900000	0.5	10.172450
83.908333	0.5	10.193950
83.916667	0.5	10.225000
83.925000	0.5	10.244600
83.933333	0.5	10.258750
83.941667	0.5	10.271300
83.950000	0.5	10.282450
83.958333	0.5	10.285200
83.966667	0.5	10.287400
83.975000	0.5	10.288250
83.983333	0.5	10.281350
83.991667	0.5	10.274900
84.000000	0.5	10.262100
84.008333	0.5	10.240100
84.016667	0.5	10.213800
84.025000	0.5	10.200450
84.033333	0.5	10.168900
84.041667	0.5	10.139650
84.050000	0.5	10.107500
84.058333	0.5	10.071050
84.066667	0.5	10.034500
84.075000	0.5	9.988650
84.083333	0.5	9.953800
84.091667	0.5	9.916300
84.100000	0.5	9.870400
84.108333	0.5	9.818850
84.116667	0.5	9.773550
84.125000	0.5	9.724700
84.133333	0.5	9.671500
84.141667	0.5	9.627400
84.150000	0.5	9.576100
84.158333	0.5	9.524150
84.166667	0.5	9.481150
84.175000	0.5	9.437500
84.183333	0.5	9.389050
84.191667	0.5	9.346300
84.200000	0.5	9.295500
84.208333	0.5	9.261150
84.216667	0.5	9.218000
84.225000	0.5	9.175000
84.233333	0.5	9.136550
84.241667	0.5	9.101300
84.250000	0.5	9.061900
84.258333	0.5	9.029400
84.266667	0.5	8.992750
84.275000	0.5	8.962550
84.283333	0.5	8.933150
84.291667	0.5	8.900450
84.300000	0.5	8.875500
84.308333	0.5	8.850900
84.316667	0.5	8.824400
84.325000	0.5	8.798700
84.333333	0.5	8.779650
84.341667	0.5	8.762350
84.350000	0.5	8.741850
84.358333	0.5	8.727500
84.366667	0.5	8.705950
84.375000	0.5	8.698750
84.383333	0.5	8.682700
84.391667	0.5	8.674700
84.400000	0.5	8.653100
84.408333	0.5	8.641000
84.416667	0.5	8.639900
84.425000	0.5	8.621900
84.433333	0.5	8.615100
84.441667	0.5	8.612850
84.450000	0.5	8.603450
84.458333	0.5	8.607150
84.466667	0.5	8.598500
84.475000	0.5	8.603250
84.483333	0.5	8.599900
84.491667	0.5	8.593900
84.500000	0.5	8.596450
84.508333	0.5	8.602250
84.516667	0.5	8.609400
84.525000	0.5	8.598400
84.533333	0.5	8.604350
84.541667	0.5	8.607150
84.550000	0.5	8.619600
84.558333	0.5	8.635100
84.566667	0.5	8.638400
84.575000	0.5	8.645450
84.583333	0.5	8.658850
84.591667	0.5	8.659350
84.600000	0.5	8.675250
84.608333	0.5	8.683050
84.616667	0.5	8.691800
84.625000	0.5	8.706250
84.633333	0.5	8.719400
84.641667	0.5	8.727000
84.650000	0.5	8.735750
84.658333	0.5	8.757500
84.666667	0.5	8.781600
84.675000	0.5	8.788850
84.683333	0.5	8.804200
84.691667	0.5	8.814900
84.700000	0.5	8.821750
84.708333	0.5	8.835200
84.716667	0.5	8.853400
84.725000	0.5	8.872100
84.733333	0.5	8.886800
84.741667	0.5	8.908750
84.750000	0.5	8.932450
84.758333	0.5	8.960050
84.766667	0.5	8.979500
84.775000	0.5	9.008550
84.783333	0.5	9.031050
84.791667	0.5	9.052500
84.800000	0.5	9.082300
84.808333	0.5	9.117500
84.816667	0.5	9.151200
84.825000	0.5	9.185700
84.833333	0.5	9.223500
84.841667	0.5	9.259850
84.850000	0.5	9.300100
84.858333	0.5	9.344450
84.866667	0.5	9.385550
84.875000	0.5	9.441550
84.883333	0.5	9.489000
84.891667	0.5	9.540050
84.900000	0.5	9.593350
84.908333	0.5	9.641200
84.916667	0.5	9.701350
84.925000	0.5	9.750050
84.933333	0.5	9.798350
84.941667	0.5	9.852650
84.950000	0.5	9.900800
84.958333	0.5	9.948700
84.966667	0.5	9.994050
84.975000	0.5	10.037400
84.983333	0.5	10.074650
84.991667	0.5	10.113550
85.000000	0.5	10.152450
85.008333	0.5	10.182550
85.016667	0.5	10.215100
85.025000	0.5	10.245850
85.033333	0.5	10.269400
85.041667	0.5	10.288550
85.050000	0.5	10.304650
85.058333	0.5	10.321350
85.066667	0.5	10.328250
85.075000	0.5	10.336900
85.083333	0.5	10.348400
85.091667	0.5	10.344350
85.100000	0.5	10.332700
85.108333	0.5	10.331650
85.116667	0.5	10.316450
85.125000	0.5	10.303600
85.133333	0.5	10.293800
85.141667	0.5	10.275900
85.150000	0.5	10.265000
85.158333	0.5	10.237950
85.166667	0.5	10.206450
85.175000	0.5	10.186200
85.183333	0.5	10.145550
85.191667	0.5	10.117650
85.200000	0.5	10.085500
85.208333	0.5	10.072000
85.216667	0.5	10.024750
85.225000	0.5	9.992950
85.233333	0.5	9.965100
85.241667	0.5	9.947200
85.250000	0.5	9.893400
85.258333	0.5	9.856750
85.266667	0.5	9.825250
85.275000	0.5	9.794100
85.283333	0.5	9.765800
85.291667	0.5	9.729100
85.300000	0.5	9.700600
85.308333	0.5	9.667450
85.316667	0.5	9.637000
85.325000	0.5	9.609050
85.333333	0.5	9.576900
85.341667	0.5	9.541750
85.350000	0.5	9.516800
85.358333	0.5	9.486350
85.366667	0.5	9.454450
85.375000	0.5	9.420100
85.383333	0.5	9.396050
85.391667	0.5	9.361400
85.400000	0.5	9.336200
85.408333	0.5	9.301150
85.416667	0.5	9.275550
85.425000	0.5	9.256050
85.433333	0.5	9.224700
85.441667	0.5	9.204350
85.450000	0.5	9.176650
85.458333	0.5	9.144500
85.466667	0.5	9.110300
85.475000	0.5	9.112500
85.483333	0.5	9.065700
85.491667	0.5	9.047250
85.500000	0.5	9.028300
85.508333	0.5	9.002400
85.516667	0.5	8.984700
85.525000	0.5	8.975000
85.533333	0.5	8.948900
85.541667	0.5	8.938950
85.550000	0.5	8.923200
85.558333	0.5	8.895850
85.566667	0.5	8.886700
85.575000	0.5	8.876100
85.583333	0.5	8.863600
85.591667	0.5	8.851600
85.600000	0.5	8.845150
85.608333	0.5	8.842900
85.616667	0.5	8.848500
85.625000	0.5	8.840700
85.633333	0.5	8.832350
85.641667	0.5	8.824950
85.650000	0.5	8.823350
85.658333	0.5	8.824450
85.666667	0.5	8.820700
85.675000	0.5	8.833400
85.683333	0.5	8.827700
85.691667	0.5	8.844500
85.700000	0.5	8.831600
85.708333	0.5	8.840250
85.716667	0.5	8.849250
85.725000	0.5	8.859100
85.733333	0.5	8.867100
85.741667	0.5	8.877850
85.750000	0.5	8.895650
85.758333	0.5	8.896200
85.766667	0.5	8.908050
85.775000	0.5	8.916250
85.783333	0.5	8.929400
85.791667	0.5	8.939250
85.800000	0.5	8.976300
85.808333	0.5	8.991150
85.816667	0.5	9.021200
85.825000	0.5	9.036900
85.833333	0.5	9.069350
85.841667	0.5	9.079550
85.850000	0.5	9.111200
85.858333	0.5	9.143450
85.866667	0.5	9.177600
85.875000	0.5	9.207350
85.883333	0.5	9.240500
85.891667	0.5	9.284450
85.900000	0.5	9.322200
85.908333	0.5	9.370300
85.916667	0.5	9.401900
85.925000	0.5	9.458400
85.933333	0.5	9.488250
85.941667	0.5	9.538700
85.950000	0.5	9.583550
85.958333	0.5	9.626100
85.966667	0.5	9.684100
85.975000	0.5	9.712700
85.983333	0.5	9.762050
85.991667	0.5	9.802350
86.000000	0.5	9.847250
86.008333	0.5	9.879950
86.016667	0.5	9.921700
86.025000	0.5	9.954750
86.033333	0.5	9.983950
86.041667	0.5	10.009200
86.050000	0.5	10.038500
86.058333	0.5	10.067000
86.066667	0.5	10.083400
86.075000	0.5	10.100000
86.083333	0.5	10.107400
86.091667	0.5	10.124900
86.100000	0.5	10.130150
86.108333	0.5	10.130100
86.116667	0.5	10.144100
86.125000	0.5	10.134500
86.133333	0.5	10.126550
86.141667	0.5	10.119750
86.150000	0.5	10.105650
86.158333	0.5	10.084100
86.166667	0.5	10.064150
86.175000	0.5	10.042350
86.183333	0.5	10.021200
86.191667	0.5	9.994550
86.200000	0.5	9.967950
86.208333	0.5	9.935650
86.216667	0.5	9.904650
86.225000	0.5	9.870300
86.233333	0.5	9.832450
86.241667	0.5	9.809350
86.250000	0.5	9.770200
86.258333	0.5	9.740850
86.266667	0.5	9.705200
86.275000	0.5	9.668100
86.283333	0.5	9.633400
86.291667	0.5	9.603950
86.300000	0.5	9.577800
86.308333	0.5	9.552950
86.316667	0.5	9.506550
86.325000	0.5	9.484850
86.333333	0.5	9.449550
86.341667	0.5	9.436000
86.350000	0.5	9.394800
86.358333	0.5	9.358700
86.366667	0.5	9.348900
86.375000	0.5	9.307250
86.383333	0.5	9.284300
86.391667	0.5	9.260200
86.400000	0.5	9.231000
86.408333	0.5	9.212200
86.416667	0.5	9.188150
86.425000	0.5	9.164650
86.433333	0.5	9.147500
86.441667	0.5	9.124800
86.450000	0.5	9.112750
86.458333	0.5	9.079750
86.466667	0.5	9.063550
86.475000	0.5	9.045200
86.483333	0.5	9.027000
86.491667	0.5	9.019950
86.500000	0.5	8.995250
86.508333	0.5	8.979050
86.516667	0.5	8.960200
86.525000	0.5	8.955850
86.533333	0.5	8.938650
86.541667	0.5	8.921000
86.550000	0.5	8.919750
86.558333	0.5	8.901550
86.566667	0.5	8.881850
86.575000	0.5	8.875850
86.583333	0.5	8.877550
86.591667	0.5	8.879350
86.600000	0.5	8.877450
86.608333	0.5	8.881700
86.616667	0.5	8.867550
86.625000	0.5	8.870100
86.633333	0.5	8.882200
86.641667	0.5	8.883000
86.650000	0.5	8.878800
86.658333	0.5	8.898050
86.666667	0.5	8.905550
86.675000	0.5	8.908100
86.683333	0.5	8.931550
86.691667	0.5	8.934550
86.700000	0.5	8.951250
86.708333	0.5	8.981000
86.716667	0.5	8.994500
86.725000	0.5	9.017500
86.733333	0.5	9.031750
86.741667	0.5	9.053900
86.750000	0.5	9.085250
86.758333	0.5	9.118800
86.766667	0.5	9.137900
86.775000	0.5	9.169350
86.783333	0.5	9.203300
86.791667	0.5	9.240700
86.800000	0.5	9.284100
86.808333	0.5	9.316950
86.816667	0.5	9.355550
86.825000	0.5	9.396700
86.833333	0.5	9.460700
86.841667	0.5	9.492100
86.850000	0.5	9.538450
86.858333	0.5	9.592900
86.866667	0.5	9.642600
86.875000	0.5	9.702800
86.883333	0.5	9.756800
86.891667	0.5	9.813350
86.900000	0.5	9.876200
86.908333	0.5	9.935750
86.916667	0.5	9.989800
86.925000	0.5	10.053200
86.933333	0.5	10.118900
86.941667	0.5	10.180750
86.950000	0.5	10.249150
86.958333	0.5	10.302450
86.966667	0.5	10.371900
86.975000	0.5	10.428850
86.983333	0.5	10.498750
86.991667	0.5	10.556050
87.000000	0.5	10.608100
87.008333	0.5	10.664800
87.016667	0.5	10.725350
87.025000	0.5	10.775100
87.033333	0.5	10.813700
87.041667	0.5	10.867950
87.050000	0.5	10.905950
87.058333	0.5	10.950250
87.066667	0.5	10.983250
87.075000	0.5	11.009950
87.083333	0.5	11.042300
87.091667	0.5	11.062450
87.100000	0.5	11.083700
87.108333	0.5	11.097900
87.116667	0.5	11.107700
87.125000	0.5	11.113650
87.133333	0.5	11.116900
87.141667	0.5	11.120250
87.150000	0.5	11.123150
87.158333	0.5	11.106950
87.166667	0.5	11.105000
87.175000	0.5	11.082100
87.183333	0.5	11.073600
87.191667	0.5	11.056700
87.200000	0.5	11.029900
87.208333	0.5	11.012900
87.216667	0.5	10.985650
87.225000	0.5	10.951950
87.233333	0.5	10.924050
87.241667	0.5	10.896200
87.250000	0.5	10.868450
87.258333	0.5	10.830800
87.266667	0.5	10.803750
87.275000	0.5	10.763100
87.283333	0.5	10.730950
87.291667	0.5	10.699850
87.300000	0.5	10.662350
87.308333	0.5	10.630400
87.316667	0.5	10.600400
87.325000	0.5	10.562550
87.333333	0.5	10.537050
87.341667	0.5	10.503150
87.350000	0.5	10.468100
87.358333	0.5	10.439800
87.366667	0.5	10.412400
87.375000	0.5	10.377100
87.383333	0.5	10.354150
87.391667	0.5	10.321150
87.400000	0.5	10.302000
87.408333	0.5	10.266650
87.416667	0.5	10.246250
87.425000	0.5	10.219750
87.433333	0.5	10.196350
87.441667	0.5	10.176650
87.450000	0.5	10.146300
87.458333	0.5	10.112050
87.466667	0.5	10.089550
87.475000	0.5	10.065500
87.483333	0.5	10.031700
87.491667	0.5	10.011600
87.500000	0.5	9.980550
87.508333	0.5	9.952300
87.516667	0.5	9.926150
87.525000	0.5	9.907500
87.533333	0.5	9.878950
87.541667	0.5	9.849500
87.550000	0.5	9.817900
87.558333	0.5	9.794900
87.566667	0.5	9.760850
87.575000	0.5	9.732650
87.583333	0.5	9.711950
87.591667	0.5	9.686300
87.600000	0.5	9.659300
87.608333	0.5	9.631950
87.616667	0.5	9.614100
87.625000	0.5	9.590950
87.633333	0.5	9.556450
87.641667	0.5	9.534400
87.650000	0.5	9.506500
87.658333	0.5	9.484200
87.666667	0.5	9.463400
87.675000	0.5	9.443650
87.683333	0.5	9.422600
87.691667	0.5	9.407150
87.700000	0.5	9.384750
87.708333	0.5	9.369700
87.716667	0.5	9.355600
87.725000	0.5	9.342450
87.733333	0.5	9.322150
87.741667	0.5	9.312300
87.750000	0.5	9.296550
87.758333	0.5	9.286200
87.766667	0.5	9.276800
87.775000	0.5	9.266300
87.783333	0.5	9.266850
87.791667	0.5	9.260400
87.800000	0.5	9.257950
87.808333	0.5	9.257400
87.816667	0.5	9.265150
87.825000	0.5	9.265900
87.833333	0.5	9.268600
87.841667	0.5	9.272500
87.850000	0.5	9.279150
87.858333	0.5	9.294600
87.866667	0.5	9.305350
87.875000	0.5	9.313900
87.883333	0.5	9.336050
87.891667	0.5	9.350950
87.900000	0.5	9.372050
87.908333	0.5	9.392300
87.916667	0.5	9.424000
87.925000	0.5	9.442550
87.933333	0.5	9.469200
87.941667	0.5	9.488500
87.950000	0.5	9.513450
87.958333	0.5	9.544150
87.966667	0.5	9.569900
87.975000	0.5	9.588350
87.983333	0.5	9.620450
87.991667	0.5	9.647750
88.000000	0.5	9.667750
88.008333	0.5	9.694400
88.016667	0.5	9.712750
88.025000	0.5	9.722800
88.033333	0.5	9.740350
88.041667	0.5	9.758850
88.050000	0.5	9.773900
88.058333	0.5	9.792750
88.066667	0.5	9.796550
88.075000	0.5	9.803750
88.083333	0.5	9.809400
88.091667	0.5	9.819450
88.100000	0.5	9.825350
88.108333	0.5	9.823900
88.116667	0.5	9.821050
88.125000	0.5	9.821400
88.133333	0.5	9.834350
88.141667	0.5	9.804700
88.150000	0.5	9.795950
88.158333	0.5	9.786750
88.166667	0.5	9.765800
88.175000	0.5	9.755350
88.183333	0.5	9.737850
88.191667	0.5	9.728050
88.200000	0.5	9.693300
88.208333	0.5	9.688600
88.216667	0.5	9.665050
88.225000	0.5	9.648650
88.233333	0.5	9.627200
88.241667	0.5	9.622400
88.250000	0.5	9.603800
88.258333	0.5	9.577750
88.266667	0.5	9.555100
88.275000	0.5	9.540750
88.283333	0.5	9.525550
88.291667	0.5	9.525250
88.300000	0.5	9.487200
88.308333	0.5	9.472400
88.316667	0.5	9.464450
88.325000	0.5	9.453750
88.333333	0.5	9.436000
88.341667	0.5	9.426900
88.350000	0.5	9.415150
88.358333	0.5	9.398400
88.366667	0.5	9.387550
88.375000	0.5	9.376350
88.383333	0.5	9.366200
88.391667	0.5	9.358600
88.400000	0.5	9.344400
88.408333	0.5	9.337800
88.416667	0.5	9.329050
88.425000	0.5	9.321800
88.433333	0.5	9.315850
88.441667	0.5	9.300550
88.450000	0.5	9.287200
88.458333	0.5	9.278350
88.466667	0.5	9.276450
88.475000	0.5	9.271650
88.483333	0.5	9.243350
88.491667	0.5	9.240650
88.500000	0.5	9.231650
88.508333	0.5	9.214900
88.516667	0.5	9.197300
88.525000	0.5	9.186300
88.533333	0.5	9.178400
88.541667	0.5	9.163200
88.550000	0.5	9.151300
88.558333	0.5	9.154950
88.566667	0.5	9.137850
88.575000	0.5	9.125050
88.583333	0.5	9.120900
88.591667	0.5	9.102000
88.600000	0.5	9.093950
88.608333	0.5	9.084000
88.616667	0.5	9.072750
88.625000	0.5	9.078200
88.633333	0.5	9.055050
88.641667	0.5	9.053200
88.650000	0.5	9.046600
88.658333	0.5	9.046300
88.666667	0.5	9.036350
88.675000	0.5	9.047400
88.683333	0.5	9.029800
88.691667	0.5	9.028550
88.700000	0.5	9.039650
88.708333	0.5	9.032950
88.716667	0.5	9.031650
88.725000	0.5	9.032800
88.733333	0.5	9.040900
88.741667	0.5	9.044450
88.750000	0.5	9.061350
88.758333	0.5	9.067150
88.766667	0.5	9.074900
88.775000	0.5	9.102050
88.783333	0.5	9.099900
88.791667	0.5	9.128950
88.800000	0.5	9.145150
88.808333	0.5	9.153450
88.816667	0.5	9.174200
88.825000	0.5	9.194400
88.833333	0.5	9.217250
88.841667	0.5	9.237100
88.850000	0.5	9.258100
88.858333	0.5	9.291900
88.866667	0.5	9.337700
88.875000	0.5	9.349250
88.883333	0.5	9.374950
88.891667	0.5	9.409100
88.900000	0.5	9.447150
88.908333	0.5	9.454650
88.916667	0.5	9.485950
88.925000	0.5	9.507400
88.933333	0.5	9.547450
88.941667	0.5	9.561250
88.950000	0.5	9.585600
88.958333	0.5	9.608950
88.966667	0.5	9.653150
88.975000	0.5	9.651300
88.983333	0.5	9.672100
88.991667	0.5	9.685850
89.000000	0.5	9.696500
89.008333	0.5	9.713800
89.016667	0.5	9.720800
89.025000	0.5	9.738850
89.033333	0.5	9.733350
89.041667	0.5	9.741200
89.050000	0.5	9.740750
89.058333	0.5	9.740050
89.066667	0.5	9.739950
89.075000	0.5	9.735650
89.083333	0.5	9.725500
89.091667	0.5	9.719650
89.100000	0.5	9.714050
89.108333	0.5	9.710100
89.116667	0.5	9.703800
89.125000	0.5	9.685950
89.133333	0.5	9.680350
89.141667	0.5	9.659850
89.150000	0.5	9.654250
89.158333	0.5	9.637950
89.166667	0.5	9.629500
89.175000	0.5	9.617400
89.183333	0.5	9.609100
89.191667	0.5	9.590500
89.200000	0.5	9.577250
89.208333	0.5	9.576100
89.216667	0.5	9.572500
89.225000	0.5	9.572650
89.233333	0.5	9.560100
89.241667	0.5	9.564400
89.250000	0.5	9.564700
89.258333	0.5	9.559250
89.266667	0.5	9.563350
89.275000	0.5	9.572050
89.283333	0.5	9.580300
89.291667	0.5	9.597300
89.300000	0.5	9.600100
89.308333	0.5	9.613000
89.316667	0.5	9.639550
89.325000	0.5	9.637800
89.333333	0.5	9.665950
89.341667	0.5	9.679700
89.350000	0.5	9.701000
89.358333	0.5	9.715400
89.366667	0.5	9.747500
89.375000	0.5	9.765600
89.383333	0.5	9.788150
89.391667	0.5	9.813800
89.400000	0.5	9.838700
89.408333	0.5	9.861250
89.416667	0.5	9.882650
89.425000	0.5	9.901900
89.433333	0.5	9.936300
89.441667	0.5	9.955050
89.450000	0.5	9.973450
89.458333	0.5	9.999750
89.466667	0.5	10.023250
89.475000	0.5	10.049250
89.483333	0.5	10.067850
89.491667	0.5	10.091500
89.500000	0.5	10.105750
89.508333	0.5	10.129900
89.516667	0.5	10.139950
89.525000	0.5	10.165550
89.533333	0.5	10.184350
89.541667	0.5	10.198700
89.550000	0.5	10.220150
89.558333	0.5	10.232600
89.566667	0.5	10.249400
89.575000	0.5	10.268300
89.583333	0.5	10.274450
89.591667	0.5	10.293050
89.600000	0.5	10.305950
89.608333	0.5	10.311750
89.616667	0.5	10.326200
89.625000	0.5	10.337800
89.633333	0.5	10.350150
89.641667	0.5	10.357000
89.650000	0.5	10.374300
89.658333	0.5	10.382050
89.666667	0.5	10.383750
89.675000	0.5	10.402850
89.683333	0.5	10.405850
89.691667	0.5	10.412600
89.700000	0.5	10.425650
89.708333	0.5	10.433950
89.716667	0.5	10.440450
89.725000	0.5	10.452800
89.733333	0.5	10.466350
89.741667	0.5	10.468900
89.750000	0.5	10.485000
89.758333	0.5	10.496050
89.766667	0.5	10.499850
89.775000	0.5	10.509450
89.783333	0.5	10.515650
89.791667	0.5	10.525950
89.800000	0.5	10.532600
89.808333	0.5	10.544050
89.816667	0.5	10.557800
89.825000	0.5	10.558300
89.833333	0.5	10.572450
89.841667	0.5	10.568800
89.850000	0.5	10.574400
89.858333	0.5	10.583050
89.866667	0.5	10.578900
89.875000	0.5	10.581200
89.883333	0.5	10.574700
89.891667	0.5	10.577100
89.900000	0.5	10.574000
89.908333	0.5	10.574150
89.916667	0.5	10.566350
89.925000	0.5	10.558850
89.933333	0.5	10.543400
89.941667	0.5	10.522350
89.950000	0.5	10.509600
89.958333	0.5	10.491350
89.966667	0.5	10.477300
89.975000	0.5	10.449850
89.983333	0.5	10.422550
89.991667	0.5	10.398900
90.000000	0.5	10.365350
90.008333	0.5	10.346350
90.016667	0.5	10.317400
90.025000	0.5	10.287250
90.033333	0.5	10.249150
90.041667	0.5	10.213750
90.050000	0.5	10.178450
90.058333	0.5	10.140850
90.066667	0.5	10.104850
90.075000	0.5	10.068550
90.083333	0.5	10.020950
90.091667	0.5	9.992650
90.100000	0.5	9.949000
90.108333	0.5	9.922450
90.116667	0.5	9.885550
90.125000	0.5	9.852500
90.133333	0.5	9.809250
90.141667	0.5	9.777500
90.150000	0.5	9.747450
90.158333	0.5	9.714450
90.166667	0.5	9.678250
90.175000	0.5	9.651400
90.183333	0.5	9.630100
90.191667	0.5	9.606000
90.200000	0.5	9.578500
90.208333	0.5	9.554650
90.216667	0.5	9.531800
90.225000	0.5	9.516300
90.233333	0.5	9.487100
90.241667	0.5	9.471650
90.250000	0.5	9.456050
90.258333	0.5	9.438350
90.266667	0.5	9.423800
90.275000	0.5	9.410400
90.283333	0.5	9.394300
90.291667	0.5	9.384250
90.300000	0.5	9.376500
90.308333	0.5	9.357850
90.316667	0.5	9.351050
90.325000	0.5	9.342550
90.333333	0.5	9.331050
90.341667	0.5	9.316600
90.350000	0.5	9.304450
90.358333	0.5	9.301300
90.366667	0.5	9.295000
90.375000	0.5	9.279950
90.383333	0.5	9.263500
90.391667	0.5	9.257150
90.400000	0.5	9.251050
90.408333	0.5	9.237650
90.416667	0.5	9.230150
90.425000	0.5	9.216250
90.433333	0.5	9.208100
90.441667	0.5	9.190750
90.450000	0.5	9.175550
90.458333	0.5	9.170650
90.466667	0.5	9.154300
90.475000	0.5	9.141900
90.483333	0.5	9.138350
90.491667	0.5	9.123050
90.500000	0.5	9.105750
90.508333	0.5	9.097700
90.516667	0.5	9.085300
90.525000	0.5	9.069350
90.533333	0.5	9.057250
90.541667	0.5	9.048300
90.550000	0.5	9.034450
90.558333	0.5	9.025950
90.566667	0.5	9.010650
90.575000	0.5	9.000400
90.583333	0.5	8.985850
90.591667	0.5	8.975450
90.600000	0.5	8.967500
90.608333	0.5	8.957100
90.616667	0.5	8.939850
90.625000	0.5	8.925500
90.633333	0.5	8.915900
90.641667	0.5	8.902200
90.650000	0.5	8.891450
90.658333	0.5	8.880750
90.666667	0.5	8.872300
90.675000	0.5	8.857250
90.683333	0.5	8.851600
90.691667	0.5	8.830950
90.700000	0.5	8.813450
90.708333	0.5	8.800300
90.716667	0.5	8.780400
90.725000	0.5	8.762900
90.733333	0.5	8.748300
90.741667	0.5	8.735300
90.750000	0.5	8.713650
90.758333	0.5	8.692700
90.766667	0.5	8.670050
90.775000	0.5	8.649150
90.783333	0.5	8.627350
90.791667	0.5	8.606200
90.800000	0.5	8.582700
90.808333	0.5	8.570650
90.816667	0.5	8.537800
90.825000	0.5	8.514750
90.833333	0.5	8.476750
90.841667	0.5	8.454250
90.850000	0.5	8.424950
90.858333	0.5	8.403600
90.866667	0.5	8.369550
90.875000	0.5	8.340100
90.883333	0.5	8.322100
90.891667	0.5	8.278400
90.900000	0.5	8.249850
90.908333	0.5	8.219800
90.916667	0.5	8.198050
90.925000	0.5	8.163000
90.933333	0.5	8.142300
90.941667	0.5	8.109850
90.950000	0.5	8.079550
90.958333	0.5	8.066900
90.966667	0.5	8.046250
90.975000	0.5	8.018150
90.983333	0.5	7.993800
90.991667	0.5	7.974500
91.000000	0.5	7.958850
91.008333	0.5	7.944050
91.016667	0.5	7.920200
91.025000	0.5	7.905350
91.033333	0.5	7.888850
91.041667	0.5	7.873100
91.050000	0.5	7.868350
91.058333	0.5	7.856150
91.066667	0.5	7.847950
91.075000	0.5	7.852750
91.083333	0.5	7.835950
91.091667	0.5	7.840800
91.100000	0.5	7.840600
91.108333	0.5	7.827350
91.116667	0.5	7.840050
91.125000	0.5	7.832450
91.133333	0.5	7.836550
91.141667	0.5	7.832350
91.150000	0.5	7.853800
91.158333	0.5	7.867650
91.166667	0.5	7.865700
91.175000	0.5	7.876200
91.183333	0.5	7.891700
91.191667	0.5	7.900550
91.200000	0.5	7.912500
91.208333	0.5	7.947450
91.216667	0.5	7.949800
91.225000	0.5	7.966850
91.233333	0.5	7.978150
91.241667	0.5	7.993050
91.250000	0.5	8.014200
91.258333	0.5	8.037450
91.266667	0.5	8.053450
91.275000	0.5	8.081250
91.283333	0.5	8.099200
91.291667	0.5	8.119650
91.300000	0.5	8.146950
91.308333	0.5	8.171050
91.316667	0.5	8.203950
91.325000	0.5	8.219450
91.333333	0.5	8.234350
91.341667	0.5	8.263250
91.350000	0.5	8.297300
91.358333	0.5	8.324100
91.366667	0.5	8.345850
91.375000	0.5	8.373250
91.383333	0.5	8.403400
91.391667	0.5	8.428750
91.400000	0.5	8.463050
91.408333	0.5	8.500350
91.416667	0.5	8.521800
91.425000	0.5	8.556200
91.433333	0.5	8.587600
91.441667	0.5	8.625350
91.450000	0.5	8.654850
91.458333	0.5	8.691750
91.466667	0.5	8.735200
91.475000	0.5	8.773750
91.483333	0.5	8.810750
91.491667	0.5	8.850950
91.500000	0.5	8.889650
91.508333	0.5	8.925150
91.516667	0.5	8.978650
91.525000	0.5	9.023550
91.533333	0.5	9.062950
91.541667	0.5	9.104200
91.550000	0.5	9.147950
91.558333	0.5	9.199250
91.566667	0.5	9.243000
91.575000	0.5	9.291250
91.583333	0.5	9.338000
91.591667	0.5	9.381000
91.600000	0.5	9.427500
91.608333	0.5	9.464450
91.616667	0.5	9.508900
91.625000	0.5	9.543600
91.633333	0.5	9.596300
91.641667	0.5	9.638950
91.650000	0.5	9.663250
91.658333	0.5	9.709200
91.666667	0.5	9.744650
91.675000	0.5	9.773350
91.683333	0.5	9.798850
91.691667	0.5	9.826850
91.700000	0.5	9.853000
91.708333	0.5	9.874850
91.716667	0.5	9.888100
91.725000	0.5	9.915450
91.733333	0.5	9.941200
91.741667	0.5	9.957250
91.750000	0.5	9.969850
91.758333	0.5	9.980750
91.766667	0.5	9.993400
91.775000	0.5	10.010400
91.783333	0.5	10.014300
91.791667	0.5	10.018150
91.800000	0.5	10.040850
91.808333	0.5	10.033400
91.816667	0.5	10.038350
91.825000	0.5	10.048850
91.833333	0.5	10.051550
91.841667	0.5	10.067800
91.850000	0.5	10.065950
91.858333	0.5	10.068900
91.866667	0.5	10.072100
91.875000	0.5	10.086150
91.883333	0.5	10.095050
91.891667	0.5	10.108850
91.900000	0.5	10.118050
91.908333	0.5	10.124650
91.916667	0.5	10.141300
91.925000	0.5	10.160300
91.933333	0.5	10.179050
91.941667	0.5	10.182150
91.950000	0.5	10.219400
91.958333	0.5	10.224100
91.966667	0.5	10.244200
91.975000	0.5	10.262250
91.983333	0.5	10.310450
91.991667	0.5	10.316050
92.000000	0.5	10.327350
92.008333	0.5	10.354450
92.016667	0.5	10.388500
92.025000	0.5	10.414700
92.033333	0.5	10.442600
92.041667	0.5	10.466450
92.050000	0.5	10.500150
92.058333	0.5	10.519000
92.066667	0.5	10.544300
92.075000	0.5	10.582700
92.083333	0.5	10.599300
92.091667	0.5	10.622400
92.100000	0.5	10.661550
92.108333	0.5	10.682050
92.116667	0.5	10.714500
92.125000	0.5	10.747150
92.133333	0.5	10.780200
92.141667	0.5	10.797400
92.150000	0.5	10.825400
92.158333	0.5	10.854000
92.166667	0.5	10.879100
92.175000	0.5	10.900550
92.183333	0.5	10.923050
92.191667	0.5	10.953350
92.200000	0.5	10.976100
92.208333	0.5	10.997200
92.216667	0.5	11.029950
92.225000	0.5	11.048550
92.233333	0.5	11.062650
92.241667	0.5	11.095000
92.250000	0.5	11.119500
92.258333	0.5	11.151750
92.266667	0.5	11.172300
92.275000	0.5	11.185600
92.283333	0.5	11.213950
92.291667	0.5	11.236200
92.300000	0.5	11.257950
92.308333	0.5	11.293150
92.316667	0.5	11.307800
92.325000	0.5	11.332500
92.333333	0.5	11.344600
92.341667	0.5	11.372900
92.350000	0.5	11.397850
92.358333	0.5	11.422900
92.366667	0.5	11.437600
92.375000	0.5	11.461050
92.383333	0.5	11.493500
92.391667	0.5	11.499400
92.400000	0.5	11.528750
92.408333	0.5	11.541400
92.416667	0.5	11.554100
92.425000	0.5	11.581800
92.433333	0.5	11.586850
92.441667	0.5	11.600450
92.450000	0.5	11.617550
92.458333	0.5	11.623700
92.466667	0.5	11.632700
92.475000	0.5	11.649500
92.483333	0.5	11.644350
92.491667	0.5	11.640950
92.500000	0.5	11.646000
92.508333	0.5	11.647300
92.516667	0.5	11.648450
92.525000	0.5	11.641300
92.533333	0.5	11.638950
92.541667	0.5	11.633850
92.550000	0.5	11.605150
92.558333	0.5	11.600800
92.566667	0.5	11.586300
92.575000	0.5	11.567050
92.583333	0.5	11.545750
92.591667	0.5	11.526000
92.600000	0.5	11.503150
92.608333	0.5	11.477950
92.616667	0.5	11.453200
92.625000	0.5	11.435450
92.633333	0.5	11.402650
92.641667	0.5	11.376300
92.650000	0.5	11.347100
92.658333	0.5	11.313700
92.666667	0.5	11.287200
92.675000	0.5	11.250400
92.683333	0.5	11.224900
92.691667	0.5	11.195100
92.700000	0.5	11.158300
92.708333	0.5	11.126600
92.716667	0.5	11.098000
92.725000	0.5	11.061650
92.733333	0.5	11.037650
92.741667	0.5	11.000850
92.750000	0.5	10.975950
92.758333	0.5	10.948350
92.766667	0.5	10.911900
92.775000	0.5	10.883900
92.783333	0.5	10.860300
92.791667	0.5	10.831200
92.800000	0.5	10.802650
92.808333	0.5	10.773500
92.816667	0.5	10.749600
92.825000	0.5	10.724250
92.833333	0.5	10.698450
92.841667	0.5	10.684300
92.850000	0.5	10.652700
92.858333	0.5	10.639450
92.866667	0.5	10.625100
92.875000	0.5	10.605300
92.883333	0.5	10.595800
92.891667	0.5	10.576000
92.900000	0.5	10.571100
92.908333	0.5	10.548300
92.916667	0.5	10.537400
92.925000	0.5	10.523600
92.933333	0.5	10.513150
92.941667	0.5	10.503350
92.950000	0.5	10.496450
92.958333	0.5	10.486800
92.966667	0.5	10.481400
92.975000	0.5	10.475800
92.983333	0.5	10.474800
92.991667	0.5	10.470150
93.000000	0.5	10.458750
93.008333	0.5	10.459800
93.016667	0.5	10.451900
93.025000	0.5	10.450350
93.033333	0.5	10.446400
93.041667	0.5	10.449850
93.050000	0.5	10.448250
93.058333	0.5	10.442900
93.066667	0.5	10.445250
93.075000	0.5	10.442450
93.083333	0.5	10.447550
93.091667	0.5	10.447900
93.100000	0.5	10.444350
93.108333	0.5	10.444400
93.116667	0.5	10.451650
93.125000	0.5	10.458900
93.133333	0.5	10.452100
93.141667	0.5	10.451700
93.150000	0.5	10.455250
93.158333	0.5	10.461450
93.166667	0.5	10.460800
93.175000	0.5	10.476000
93.183333	0.5	10.463350
93.191667	0.5	10.457350
93.200000	0.5	10.461400
93.208333	0.5	10.472700
93.216667	0.5	10.449950
93.225000	0.5	10.441700
93.233333	0.5	10.437700
93.241667	0.5	10.440600
93.250000	0.5	10.422250
93.258333	0.5	10.416100
93.266667	0.5	10.404800
93.275000	0.5	10.396350
93.283333	0.5	10.376800
93.291667	0.5	10.354100
93.300000	0.5	10.343250
93.308333	0.5	10.317050
93.316667	0.5	10.292600
93.325000	0.5	10.266600
93.333333	0.5	10.231650
93.341667	0.5	10.212250
93.350000	0.5	10.166400
93.358333	0.5	10.127900
93.366667	0.5	10.095250
93.375000	0.5	10.041250
93.383333	0.5	9.998700
93.391667	0.5	9.963150
93.400000	0.5	9.912150
93.408333	0.5	9.863850
93.416667	0.5	9.809500
93.425000	0.5	9.757400
93.433333	0.5	9.702500
93.441667	0.5	9.642450
93.450000	0.5	9.592300
93.458333	0.5	9.539100
93.466667	0.5	9.483400
93.475000	0.5	9.418750
93.483333	0.5	9.373050
93.491667	0.5	9.312500
93.500000	0.5	9.250650
93.508333	0.5	9.200450
93.516667	0.5	9.144750
93.525000	0.5	9.094150
93.533333	0.5	9.044650
93.541667	0.5	8.990100
93.550000	0.5	8.948450
93.558333	0.5	8.899800
93.566667	0.5	8.851250
93.575000	0.5	8.808050
93.583333	0.5	8.762050
93.591667	0.5	8.721450
93.600000	0.5	8.680650
93.608333	0.5	8.648650
93.616667	0.5	8.606550
93.625000	0.5	8.584600
93.633333	0.5	8.555200
93.641667	0.5	8.521950
93.650000	0.5	8.494250
93.658333	0.5	8.473400
93.666667	0.5	8.445300
93.675000	0.5	8.427850
93.683333	0.5	8.403600
93.691667	0.5	8.388350
93.700000	0.5	8.372900
93.708333	0.5	8.366800
93.716667	0.5	8.356900
93.725000	0.5	8.343550
93.733333	0.5	8.345950
93.741667	0.5	8.335450
93.750000	0.5	8.333150
93.758333	0.5	8.327850
93.766667	0.5	8.323400
93.775000	0.5	8.321250
93.783333	0.5	8.326050
93.791667	0.5	8.335850
93.800000	0.5	8.332150
93.808333	0.5	8.332450
93.816667	0.5	8.351800
93.825000	0.5	8.364850
93.833333	0.5	8.368400
93.841667	0.5	8.383650
93.850000	0.5	8.395300
93.858333	0.5	8.414800
93.866667	0.5	8.426150
93.875000	0.5	8.448000
93.883333	0.5	8.467950
93.891667	0.5	8.493550
93.900000	0.5	8.525650
93.908333	0.5	8.546900
93.916667	0.5	8.571550
93.925000	0.5	8.604400
93.933333	0.5	8.638050
93.941667	0.5	8.672650
93.950000	0.5	8.710500
93.958333	0.5	8.746950
93.966667	0.5	8.785500
93.975000	0.5	8.820850
93.983333	0.5	8.872100
93.991667	0.5	8.905800
94.000000	0.5	8.954950
94.008333	0.5	9.000500
94.016667	0.5	9.053650
94.025000	0.5	9.102550
94.033333	0.5	9.139100
94.041667	0.5	9.192050
94.050000	0.5	9.250450
94.058333	0.5	9.294350
94.066667	0.5	9.342000
94.075000	0.5	9.385600
94.083333	0.5	9.435100
94.091667	0.5	9.475650
94.100000	0.5	9.519300
94.108333	0.5	9.561400
94.116667	0.5	9.606350
94.125000	0.5	9.665500
94.133333	0.5	9.702350
94.141667	0.5	9.745750
94.150000	0.5	9.771300
94.158333	0.5	9.804350
94.166667	0.5	9.843400
94.175000	0.5	9.867500
94.183333	0.5	9.903650
94.191667	0.5	9.934300
94.200000	0.5	9.951950
94.208333	0.5	9.977100
94.216667	0.5	10.016000
94.225000	0.5	10.031400
94.233333	0.5	10.050100
94.241667	0.5	10.071800
94.250000	0.5	10.083950
94.258333	0.5	10.103800
94.266667	0.5	10.117400
94.275000	0.5	10.124250
94.283333	0.5	10.140450
94.291667	0.5	10.153300
94.300000	0.5	10.163150
94.308333	0.5	10.161400
94.316667	0.5	10.165200
94.325000	0.5	10.174900
94.333333	0.5	10.176550
94.341667	0.5	10.185850
94.350000	0.5	10.188750
94.358333	0.5	10.187350
94.366667	0.5	10.183900
94.375000	0.5	10.188900
94.383333	0.5	10.186950
94.391667	0.5	10.190200
94.400000	0.5	10.191600
94.408333	0.5	10.194050
94.416667	0.5	10.184750
94.425000	0.5	10.176950
94.433333	0.5	10.179850
94.441667	0.5	10.187050
94.450000	0.5	10.179450
94.458333	0.5	10.177300
94.466667	0.5	10.183450
94.475000	0.5	10.176650
94.483333	0.5	10.175100
94.491667	0.5	10.167250
94.500000	0.5	10.172850
94.508333	0.5	10.171100
94.516667	0.5	10.175400
94.525000	0.5	10.165800
94.533333	0.5	10.160750
94.541667	0.5	10.164900
94.550000	0.5	10.163300
94.558333	0.5	10.165950
94.566667	0.5	10.161500
94.575000	0.5	10.164350
94.583333	0.5	10.152750
94.591667	0.5	10.156300
94.600000	0.5	10.156450
94.608333	0.5	10.157350
94.616667	0.5	10.154000
94.625000	0.5	10.149300
94.633333	0.5	10.160800
94.641667	0.5	10.161450
94.650000	0.5	10.155700
94.658333	0.5	10.160150
94.666667	0.5	10.168800
94.675000	0.5	10.163300
94.683333	0.5	10.169700
94.691667	0.5	10.171850
94.700000	0.5	10.176500
94.708333	0.5	10.187200
94.716667	0.5	10.190200
94.725000	0.5	10.197200
94.733333	0.5	10.201650
94.741667	0.5	10.205800
94.750000	0.5	10.227450
94.758333	0.5	10.225600
94.766667	0.5	10.239200
94.775000	0.5	10.246250
94.783333	0.5	10.247600
94.791667	0.5	10.281100
94.800000	0.5	10.271150
94.808333	0.5	10.284400
94.816667	0.5	10.299500
94.825000	0.5	10.297750
94.833333	0.5	10.315050
94.841667	0.5	10.328900
94.850000	0.5	10.342400
94.858333	0.5	10.352250
94.866667	0.5	10.366450
94.875000	0.5	10.369400
94.883333	0.5	10.380250
94.891667	0.5	10.388700
94.900000	0.5	10.398600
94.908333	0.5	10.417600
94.916667	0.5	10.424550
94.925000	0.5	10.427850
94.933333	0.5	10.440650
94.941667	0.5	10.451700
94.950000	0.5	10.455600
94.958333	0.5	10.470150
94.966667	0.5	10.484600
94.975000	0.5	10.496400
94.983333	0.5	10.501550
94.991667	0.5	10.514100
95.000000	0.5	10.527600
95.008333	0.5	10.533950
95.016667	0.5	10.547400
95.025000	0.5	10.568550
95.033333	0.5	10.581850
95.041667	0.5	10.591200
95.050000	0.5	10.606450
95.058333	0.5	10.629250
95.066667	0.5	10.647500
95.075000	0.5	10.669050
95.083333	0.5	10.690100
95.091667	0.5	10.713750
95.100000	0.5	10.734500
95.108333	0.5	10.755800
95.116667	0.5	10.785750
95.125000	0.5	10.811950
95.133333	0.5	10.831000
95.141667	0.5	10.856250
95.150000	0.5	10.882550
95.158333	0.5	10.907500
95.166667	0.5	10.930500
95.175000	0.5	10.965350
95.183333	0.5	10.989700
95.191667	0.5	11.023800
95.200000	0.5	11.048500
95.208333	0.5	11.072800
95.216667	0.5	11.105850
95.225000	0.5	11.121300
95.233333	0.5	11.155250
95.241667	0.5	11.188950
95.250000	0.5	11.206350
95.258333	0.5	11.232800
95.266667	0.5	11.263250
95.275000	0.5	11.291700
95.283333	0.5	11.324300
95.291667	0.5	11.346250
95.300000	0.5	11.370450
95.308333	0.5	11.390300
95.316667	0.5	11.417400
95.325000	0.5	11.440350
95.333333	0.5	11.459900
95.341667	0.5	11.486200
95.350000	0.5	11.511100
95.358333	0.5	11.529700
95.366667	0.5	11.549600
95.375000	0.5	11.566100
95.383333	0.5	11.575650
95.391667	0.5	11.594900
95.400000	0.5	11.606350
95.408333	0.5	11.632050
95.416667	0.5	11.631750
95.425000	0.5	11.644250
95.433333	0.5	11.651900
95.441667	0.5	11.660500
95.450000	0.5	11.662050
95.458333	0.5	11.670800
95.466667	0.5	11.678350
95.475000	0.5	11.684300
95.483333	0.5	11.681600
95.491667	0.5	11.685900
95.500000	0.5	11.676750
95.508333	0.5	11.689500
95.516667	0.5	11.686800
95.525000	0.5	11.682600
95.533333	0.5	11.673000
95.541667	0.5	11.665050
95.550000	0.5	11.657900
95.558333	0.5	11.650800
95.566667	0.5	11.653650
95.575000	0.5	11.637750
95.583333	0.5	11.625850
95.591667	0.5	11.613650
95.600000	0.5	11.603350
95.608333	0.5	11.581300
95.616667	0.5	11.570700
95.625000	0.5	11.545300
95.633333	0.5	11.532000
95.641667	0.5	11.508850
95.650000	0.5	11.494200
95.658333	0.5	11.476150
95.666667	0.5	11.451800
95.675000	0.5	11.427200
95.683333	0.5	11.400800
95.691667	0.5	11.381100
95.700000	0.5	11.349550
95.708333	0.5	11.330750
95.716667	0.5	11.305900
95.725000	0.5	11.288300
95.733333	0.5	11.254800
95.741667	0.5	11.221800
95.750000	0.5	11.205550
95.758333	0.5	11.167500
95.766667	0.5	11.145700
95.775000	0.5	11.124150
95.783333	0.5	11.088050
95.791667	0.5	11.070200
95.800000	0.5	11.042500
95.808333	0.5	11.028450
95.816667	0.5	10.999750
95.825000	0.5	10.971500
95.833333	0.5	10.953900
95.841667	0.5	10.938050
95.850000	0.5	10.917450
95.858333	0.5	10.894950
95.866667	0.5	10.891650
95.875000	0.5	10.858100
95.883333	0.5	10.842900
95.891667	0.5	10.834400
95.900000	0.5	10.816450
95.908333	0.5	10.797400
95.916667	0.5	10.779700
95.925000	0.5	10.776250
95.933333	0.5	10.762100
95.941667	0.5	10.753650
95.950000	0.5	10.742300
95.958333	0.5	10.738650
95.966667	0.5	10.728250
95.975000	0.5	10.720950
95.983333	0.5	10.721250
95.991667	0.5	10.721100
96.000000	0.5	10.707350
96.008333	0.5	10.705900
96.016667	0.5	10.703300
96.025000	0.5	10.714300
96.033333	0.5	10.703550
96.041667	0.5	10.712650
96.050000	0.5	10.722100
96.058333	0.5	10.723950
96.066667	0.5	10.732350
96.075000	0.5	10.733200
96.083333	0.5	10.727500
96.091667	0.5	10.739550
96.100000	0.5	10.743850
96.108333	0.5	10.748250
96.116667	0.5	10.767850
96.125000	0.5	10.769550
96.133333	0.5	10.793650
96.141667	0.5	10.788350
96.150000	0.5	10.794600
96.158333	0.5	10.815500
96.166667	0.5	10.836950
96.175000	0.5	10.834700
96.183333	0.5	10.859300
96.191667	0.5	10.872550
96.200000	0.5	10.876850
96.208333	0.5	10.892150
96.216667	0.5	10.917750
96.225000	0.5	10.925200
96.233333	0.5	10.942050
96.241667	0.5	10.955600
96.250000	0.5	10.977600
96.258333	0.5	10.998500
96.266667	0.5	11.020150
96.275000	0.5	11.029700
96.283333	0.5	11.042300
96.291667	0.5	11.054000
96.300000	0.5	11.069600
96.308333	0.5	11.087550
96.316667	0.5	11.112000
96.325000	0.5	11.132700
96.333333	0.5	11.146600
96.341667	0.5	11.163450
96.350000	0.5	11.176100
96.358333	0.5	11.194550
96.366667	0.5	11.213250
96.375000	0.5	11.231500
96.383333	0.5	11.235350
96.391667	0.5	11.255450
96.400000	0.5	11.269450
96.408333	0.5	11.284100
96.416667	0.5	11.294600
96.425000	0.5	11.307250
96.433333	0.5	11.315200
96.441667	0.5	11.334900
96.450000	0.5	11.342700
96.458333	0.5	11.349250
96.466667	0.5	11.362450
96.475000	0.5	11.362850
96.483333	0.5	11.375000
96.491667	0.5	11.385350
96.500000	0.5	11.390500
96.508333	0.5	11.393950
96.516667	0.5	11.401600
96.525000	0.5	11.423800
96.533333	0.5	11.421050
96.541667	0.5	11.437950
96.550000	0.5	11.433100
96.558333	0.5	11.440250
96.566667	0.5	11.443450
96.575000	0.5	11.448350
96.583333	0.5	11.450800
96.591667	0.5	11.458150
96.600000	0.5	11.456950
96.608333	0.5	11.456250
96.616667	0.5	11.463050
96.625000	0.5	11.469500
96.633333	0.5	11.482100
96.641667	0.5	11.475450
96.650000	0.5	11.483450
96.658333	0.5	11.485100
96.666667	0.5	11.485750
96.675000	0.5	11.474500
96.683333	0.5	11.472850
96.691667	0.5	11.477050
96.700000	0.5	11.471550
96.708333	0.5	11.475900
96.716667	0.5	11.477150
96.725000	0.5	11.470900
96.733333	0.5	11.479350
96.741667	0.5	11.457650
96.750000	0.5	11.456800
96.758333	0.5	11.447200
96.766667	0.5	11.441000
96.775000	0.5	11.446350
96.783333	0.5	11.426900
96.791667	0.5	11.428150
96.800000	0.5	11.421250
96.808333	0.5	11.425350
96.816667	0.5	11.402650
96.825000	0.5	11.414000
96.833333	0.5	11.385400
96.841667	0.5	11.375600
96.850000	0.5	11.369650
96.858333	0.5	11.358000
96.866667	0.5	11.356300
96.875000	0.5	11.337450
96.883333	0.5	11.340450
96.891667	0.5	11.312900
96.900000	0.5	11.322550
96.908333	0.5	11.297950
96.916667	0.5	11.280650
96.925000	0.5	11.270600
96.933333	0.5	11.257750
96.941667	0.5	11.249300
96.950000	0.5	11.230550
96.958333	0.5	11.219650
96.966667	0.5	11.200350
96.975000	0.5	11.185600
96.983333	0.5	11.172350
96.991667	0.5	11.169850
97.000000	0.5	11.152600
97.008333	0.5	11.130150
97.016667	0.5	11.112250
97.025000	0.5	11.090050
97.033333	0.5	11.072900
97.041667	0.5	11.054450
97.050000	0.5	11.032300
97.058333	0.5	11.026250
97.066667	0.5	10.998600
97.075000	0.5	10.969150
97.083333	0.5	10.953050
97.091667	0.5	10.930850
97.100000	0.5	10.903150
97.108333	0.5	10.880750
97.116667	0.5	10.857800
97.125000	0.5	10.825000
97.133333	0.5	10.794100
97.141667	0.5	10.775000
97.150000	0.5	10.743850
97.158333	0.5	10.711050
97.166667	0.5	10.688750
97.175000	0.5	10.650250
97.183333	0.5	10.641600
97.191667	0.5	10.596000
97.200000	0.5	10.581300
97.208333	0.5	10.539800
97.216667	0.5	10.509800
97.225000	0.5	10.480200
97.233333	0.5	10.448700
97.241667	0.5	10.416600
97.250000	0.5	10.379800
97.258333	0.5	10.360750
97.266667	0.5	10.329850
97.275000	0.5	10.303900
97.283333	0.5	10.284900
97.291667	0.5	10.254650
97.300000	0.5	10.220900
97.308333	0.5	10.200450
97.316667	0.5	10.174900
97.325000	0.5	10.143300
97.333333	0.5	10.125550
97.341667	0.5	10.090200
97.350000	0.5	10.072200
97.358333	0.5	10.045200
97.366667	0.5	10.015450
97.375000	0.5	10.001350
97.383333	0.5	9.972800
97.391667	0.5	9.943050
97.400000	0.5	9.931300
97.408333	0.5	9.900500
97.416667	0.5	9.887200
97.425000	0.5	9.861100
97.433333	0.5	9.843950
97.441667	0.5	9.818300
97.450000	0.5	9.799850
97.458333	0.5	9.780050
97.466667	0.5	9.763650
97.475000	0.5	9.742950
97.483333	0.5	9.725950
97.491667	0.5	9.708100
97.500000	0.5	9.689050
97.508333	0.5	9.672000
97.516667	0.5	9.662200
97.525000	0.5	9.636250
97.533333	0.5	9.631450
97.541667	0.5	9.617900
97.550000	0.5	9.602450
97.558333	0.5	9.586200
97.566667	0.5	9.586950
97.575000	0.5	9.568000
97.583333	0.5	9.553500
97.591667	0.5	9.537100
97.600000	0.5	9.526650
97.608333	0.5	9.514250
97.616667	0.5	9.503250
97.625000	0.5	9.486750
97.633333	0.5	9.472750
97.641667	0.5	9.462050
97.650000	0.5	9.445050
97.658333	0.5	9.437850
97.666667	0.5	9.434550
97.675000	0.5	9.420200
97.683333	0.5	9.401450
97.691667	0.5	9.397050
97.700000	0.5	9.398500
97.708333	0.5	9.372650
97.716667	0.5	9.367150
97.725000	0.5	9.353000
97.733333	0.5	9.346600
97.741667	0.5	9.328850
97.750000	0.5	9.321700
97.758333	0.5	9.317850
97.766667	0.5	9.303650
97.775000	0.5	9.287050
97.783333	0.5	9.282200
97.791667	0.5	9.269650
97.800000	0.5	9.261700
97.808333	0.5	9.246250
97.816667	0.5	9.231350
97.825000	0.5	9.226650
97.833333	0.5	9.220350
97.841667	0.5	9.207250
97.850000	0.5	9.197950
97.858333	0.5	9.194100
97.866667	0.5	9.192500
97.875000	0.5	9.175100
97.883333	0.5	9.168650
97.891667	0.5	9.166250
97.900000	0.5	9.162600
97.908333	0.5	9.157750
97.916667	0.5	9.161900
97.925000	0.5	9.157350
97.933333	0.5	9.149550
97.941667	0.5	9.157750
97.950000	0.5	9.158950
97.958333	0.5	9.156700
97.966667	0.5	9.154650
97.975000	0.5	9.165550
97.983333	0.5	9.161600
97.991667	0.5	9.159500
98.000000	0.5	9.173750
98.008333	0.5	9.179400
98.016667	0.5	9.183650
98.025000	0.5	9.186750
98.033333	0.5	9.195900
98.041667	0.5	9.205100
98.050000	0.5	9.211700
98.058333	0.5	9.228650
98.066667	0.5	9.234250
98.075000	0.5	9.244100
98.083333	0.5	9.255050
98.091667	0.5	9.255350
98.100000	0.5	9.267650
98.108333	0.5	9.277000
98.116667	0.5	9.286150
98.125000	0.5	9.302450
98.133333	0.5	9.313500
98.141667	0.5	9.324650
98.150000	0.5	9.342450
98.158333	0.5	9.347950
98.166667	0.5	9.359000
98.175000	0.5	9.370100
98.183333	0.5	9.385300
98.191667	0.5	9.388950
98.200000	0.5	9.396450
98.208333	0.5	9.416400
98.216667	0.5	9.414300
98.225000	0.5	9.427400
98.233333	0.5	9.439650
98.241667	0.5	9.459800
98.250000	0.5	9.464950
98.258333	0.5	9.476300
98.266667	0.5	9.496900
98.275000	0.5	9.502250
98.283333	0.5	9.510950
98.291667	0.5	9.513800
98.300000	0.5	9.534750
98.308333	0.5	9.541800
98.316667	0.5	9.559900
98.325000	0.5	9.550250
98.333333	0.5	9.573950
98.341667	0.5	9.593550
98.350000	0.5	9.595550
98.358333	0.5	9.606400
98.366667	0.5	9.615100
98.375000	0.5	9.627000
98.383333	0.5	9.629400
98.391667	0.5	9.646450
98.400000	0.5	9.651650
98.408333	0.5	9.647300
98.416667	0.5	9.654900
98.425000	0.5	9.651400
98.433333	0.5	9.660000
98.441667	0.5	9.661700
98.450000	0.5	9.655150
98.458333	0.5	9.660700
98.466667	0.5	9.652700
98.475000	0.5	9.658100
98.483333	0.5	9.651200
98.491667	0.5	9.649000
98.500000	0.5	9.641050
98.508333	0.5	9.649750
98.516667	0.5	9.641300
98.525000	0.5	9.641150
98.533333	0.5	9.631250
98.541667	0.5	9.627550
98.550000	0.5	9.624850
98.558333	0.5	9.613400
98.566667	0.5	9.612650
98.575000	0.5	9.601600
98.583333	0.5	9.601450
98.591667	0.5	9.589500
98.600000	0.5	9.589500
98.608333	0.5	9.574800
98.616667	0.5	9.571800
98.625000	0.5	9.574150
98.633333	0.5	9.560750
98.641667	0.5	9.558600
98.650000	0.5	9.562600
98.658333	0.5	9.546400
98.666667	0.5	9.549950
98.675000	0.5	9.539650
98.683333	0.5	9.532400
98.691667	0.5	9.529200
98.700000	0.5	9.520900
98.708333	0.5	9.514500
98.716667	0.5	9.513550
98.725000	0.5	9.519600
98.733333	0.5	9.503550
98.741667	0.5	9.517250
98.750000	0.5	9.499100
98.758333	0.5	9.497600
98.766667	0.5	9.494900
98.775000	0.5	9.495650
98.783333	0.5	9.496650
98.791667	0.5	9.498750
98.800000	0.5	9.501500
98.808333	0.5	9.503050
98.816667	0.5	9.492600
98.825000	0.5	9.499100
98.833333	0.5	9.498100
98.841667	0.5	9.504850
98.850000	0.5	9.506100
98.858333	0.5	9.507350
98.866667	0.5	9.507400
98.875000	0.5	9.507250
98.883333	0.5	9.510300
98.891667	0.5	9.510700
98.900000	0.5	9.516000
98.908333	0.5	9.529300
98.916667	0.5	9.525400
98.925000	0.5	9.537700
98.933333	0.5	9.546450
98.941667	0.5	9.545900
98.950000	0.5	9.549850
98.958333	0.5	9.549450
98.966667	0.5	9.555200
98.975000	0.5	9.550700
98.983333	0.5	9.570700
98.991667	0.5	9.570600
99.000000	0.5	9.583150
99.008333	0.5	9.592850
99.016667	0.5	9.596500
99.025000	0.5	9.591450
99.033333	0.5	9.601100
99.041667	0.5	9.610100
99.050000	0.5	9.598350
99.058333	0.5	9.608500
99.066667	0.5	9.620050
99.075000	0.5	9.617800
99.083333	0.5	9.617050
99.091667	0.5	9.617250
99.100000	0.5	9.620000
99.108333	0.5	9.618900
99.116667	0.5	9.625550
99.125000	0.5	9.612800
99.133333	0.5	9.609100
99.141667	0.5	9.616150
99.150000	0.5	9.616700
99.158333	0.5	9.616900
99.166667	0.5	9.611100
99.175000	0.5	9.612300
99.183333	0.5	9.610500
99.191667	0.5	9.617200
99.200000	0.5	9.614250
99.208333	0.5	9.606550
99.216667	0.5	9.609600
99.225000	0.5	9.607850
99.233333	0.5	9.614950
99.241667	0.5	9.612600
99.250000	0.5	9.614200
99.258333	0.5	9.617200
99.266667	0.5	9.614850
99.275000	0.5	9.613050
99.283333	0.5	9.620150
99.291667	0.5	9.632700
99.300000	0.5	9.651500
99.308333	0.5	9.645650
99.316667	0.5	9.644650
99.325000	0.5	9.651250
99.333333	0.5	9.661550
99.341667	0.5	9.665900
99.350000	0.5	9.684800
99.358333	0.5	9.687200
99.366667	0.5	9.694400
99.375000	0.5	9.707550
99.383333	0.5	9.723650
99.391667	0.5	9.741900
99.400000	0.5	9.747900
99.408333	0.5	9.762100
99.416667	0.5	9.780850
99.425000	0.5	9.792700
99.433333	0.5	9.802950
99.441667	0.5	9.815300
99.450000	0.5	9.828000
99.458333	0.5	9.854000
99.466667	0.5	9.868200
99.475000	0.5	9.886300
99.483333	0.5	9.909700
99.491667	0.5	9.930050
99.500000	0.5	9.939250
99.508333	0.5	9.960400
99.516667	0.5	9.976300
99.525000	0.5	9.993750
99.533333	0.5	10.017500
99.541667	0.5	10.040350
99.550000	0.5	10.051900
99.558333	0.5	10.071300
99.566667	0.5	10.082000
99.575000	0.5	10.098250
99.583333	0.5	10.114800
99.591667	0.5	10.134150
99.600000	0.5	10.145600
99.608333	0.5	10.168250
99.616667	0.5	10.178950
99.625000	0.5	10.191750
99.633333	0.5	10.204750
99.641667	0.5	10.209700
99.650000	0.5	10.225650
99.658333	0.5	10.240350
99.666667	0.5	10.237800
99.675000	0.5	10.239250
99.683333	0.5	10.249200
99.691667	0.5	10.251450
99.700000	0.5	10.255350
99.708333	0.5	10.255750
99.716667	0.5	10.251000
99.725000	0.5	10.249950
99.733333	0.5	10.246950
99.741667	0.5	10.245000
99.750000	0.5	10.236900
99.758333	0.5	10.221250
99.766667	0.5	10.223350
99.775000	0.5	10.202600
99.783333	0.5	10.195300
99.791667	0.5	10.178100
99.800000	0.5	10.170800
99.808333	0.5	10.145400
99.816667	0.5	10.129950
99.825000	0.5	10.108600
99.833333	0.5	10.086550
99.841667	0.5	10.070450
99.850000	0.5	10.050650
99.858333	0.5	10.031950
99.866667	0.5	10.018800
99.875000	0.5	9.989050
99.883333	0.5	9.960550
99.891667	0.5	9.939600
99.900000	0.5	9.921200
99.908333	0.5	9.905500
99.916667	0.5	9.880500
99.925000	0.5	9.861700
99.933333	0.5	9.835150
99.941667	0.5	9.809350
99.950000	0.5	9.784350
99.958333	0.5	9.762250
99.966667	0.5	9.762050
99.975000	0.5	9.720650
99.983333	0.5	9.698800
99.991667	0.5	9.681900
100.000000	0.5	9.656250
100.008333	0.5	9.645700
100.016667	0.5	9.620800
100.025000	0.5	9.594400
100.033333	0.5	9.585200
100.041667	0.5	9.564500
100.050000	0.5	9.547200
100.058333	0.5	9.539200
100.066667	0.5	9.525100
100.075000	0.5	9.511300
100.083333	0.5	9.495950
100.091667	0.5	9.489900
100.100000	0.5	9.469250
100.108333	0.5	9.457750
100.116667	0.5	9.448200
100.125000	0.5	9.447800
100.133333	0.5	9.439350
100.141667	0.5	9.438450
100.150000	0.5	9.427900
100.158333	0.5	9.418250
100.166667	0.5	9.426450
100.175000	0.5	9.420250
100.183333	0.5	9.414950
100.191667	0.5	9.425700
100.200000	0.5	9.414600
100.208333	0.5	9.414050
100.216667	0.5	9.416800
100.225000	0.5	9.418050
100.233333	0.5	9.424750
100.241667	0.5	9.429650
100.250000	0.5	9.428050
100.258333	0.5	9.435350
100.266667	0.5	9.433400
100.275000	0.5	9.443000
100.283333	0.5	9.456950
100.291667	0.5	9.461050
100.300000	0.5	9.453350
100.308333	0.5	9.471150
100.316667	0.5	9.474850
100.325000	0.5	9.484500
100.333333	0.5	9.482700
100.341667	0.5	9.485450
100.350000	0.5	9.492750
100.358333	0.5	9.478700
100.366667	0.5	9.494150
100.375000	0.5	9.493450
100.383333	0.5	9.491650
100.391667	0.5	9.487400
100.400000	0.5	9.486050
100.408333	0.5	9.484700
100.416667	0.5	9.491450
100.425000	0.5	9.476050
100.433333	0.5	9.487350
100.441667	0.5	9.477450
100.450000	0.5	9.466950
100.458333	0.5	9.473650
100.466667	0.5	9.457200
100.475000	0.5	9.450600
100.483333	0.5	9.443700
100.491667	0.5	9.440300
100.500000	0.5	9.426250
100.508333	0.5	9.419250
100.516667	0.5	9.409450
100.525000	0.5	9.411450
100.533333	0.5	9.401550
100.541667	0.5	9.402100
100.550000	0.5	9.383650
100.558333	0.5	9.381500
100.566667	0.5	9.368950
100.575000	0.5	9.354050
100.583333	0.5	9.349350
100.591667	0.5	9.343050
100.600000	0.5	9.329550
100.608333	0.5	9.323950
100.616667	0.5	9.326500
100.625000	0.5	9.302400
100.633333	0.5	9.317250
100.641667	0.5	9.293200
100.650000	0.5	9.282700
100.658333	0.5	9.271400
100.666667	0.5	9.270450
100.675000	0.5	9.267850
100.683333	0.5	9.263600
100.691667	0.5	9.256700
100.700000	0.5	9.250850
100.708333	0.5	9.246400
100.716667	0.5	9.249250
100.725000	0.5	9.244250
100.733333	0.5	9.237700
100.741667	0.5	9.242050
100.750000	0.5	9.242650
100.758333	0.5	9.235300
100.766667	0.5	9.231500
100.775000	0.5	9.228400
100.783333	0.5	9.235150
100.791667	0.5	9.221300
100.800000	0.5	9.233100
100.808333	0.5	9.228550
100.816667	0.5	9.228400
100.825000	0.5	9.231750
100.833333	0.5	9.222950
100.841667	0.5	9.226450
100.850000	0.5	9.233700
100.858333	0.5	9.235150
100.866667	0.5	9.226500
100.875000	0.5	9.223300
100.883333	0.5	9.223900
100.891667	0.5	9.221000
100.900000	0.5	9.222650
100.908333	0.5	9.215100
100.916667	0.5	9.217700
100.925000	0.5	9.211200
100.933333	0.5	9.209950
100.941667	0.5	9.209450
100.950000	0.5	9.209250
100.958333	0.5	9.209900
100.966667	0.5	9.194900
100.975000	0.5	9.178950
100.983333	0.5	9.185350
100.991667	0.5	9.171300
101.000000	0.5	9.163650
101.008333	0.5	9.157550
101.016667	0.5	9.147950
101.025000	0.5	9.142650
101.033333	0.5	9.123350
101.041667	0.5	9.120100
101.050000	0.5	9.099750
101.058333	0.5	9.098650
101.066667	0.5	9.089400
101.075000	0.5	9.076600
101.083333	0.5	9.056700
101.091667	0.5	9.051500
101.100000	0.5	9.036400
101.108333	0.5	9.038750
101.116667	0.5	9.024200
101.125000	0.5	9.005800
101.133333	0.5	9.006150
101.141667	0.5	8.987900
101.150000	0.5	8.980700
101.158333	0.5	8.982450
101.166667	0.5	8.957650
101.175000	0.5	8.957550
101.183333	0.5	8.946800
101.191667	0.5	8.931050
101.200000	0.5	8.927150
101.208333	0.5	8.929800
101.216667	0.5	8.921850
101.225000	0.5	8.910100
101.233333	0.5	8.903650
101.241667	0.5	8.907750
101.250000	0.5	8.892850
101.258333	0.5	8.888050
101.266667	0.5	8.885550
101.275000	0.5	8.879000
101.283333	0.5	8.887150
101.291667	0.5	8.878200
101.300000	0.5	8.885550
101.308333	0.5	8.883700
101.316667	0.5	8.875250
101.325000	0.5	8.882100
101.333333	0.5	8.895950
101.341667	0.5	8.878900
101.350000	0.5	8.884750
101.358333	0.5	8.897600
101.366667	0.5	8.890650
101.375000	0.5	8.909350
101.383333	0.5	8.901250
101.391667	0.5	8.908700
101.400000	0.5	8.905100
101.408333	0.5	8.926700
101.416667	0.5	8.935850
101.425000	0.5	8.946750
101.433333	0.5	8.947650
101.441667	0.5	8.962800
101.450000	0.5	8.966250
101.458333	0.5	8.977500
101.466667	0.5	8.987400
101.475000	0.5	8.996050
101.483333	0.5	9.003300
101.491667	0.5	9.014000
101.500000	0.5	9.023550
101.508333	0.5	9.042250
101.516667	0.5	9.051600
101.525000	0.5	9.060500
101.533333	0.5	9.079900
101.541667	0.5	9.080750
101.550000	0.5	9.102250
101.558333	0.5	9.102900
101.566667	0.5	9.116350
101.575000	0.5	9.117200
101.583333	0.5	9.129850
101.591667	0.5	9.140500
101.600000	0.5	9.159850
101.608333	0.5	9.156150
101.616667	0.5	9.168100
101.625000	0.5	9.168300
101.633333	0.5	9.188250
101.641667	0.5	9.192600
101.650000	0.5	9.192750
101.658333	0.5	9.215900
101.666667	0.5	9.215950
101.675000	0.5	9.218800
101.683333	0.5	9.235750
101.691667	0.5	9.243150
101.700000	0.5	9.247550
101.708333	0.5	9.256250
101.716667	0.5	9.253800
101.725000	0.5	9.271200
101.733333	0.5	9.293400
101.741667	0.5	9.286750
101.750000	0.5	9.285300
101.758333	0.5	9.313050
101.766667	0.5	9.311000
101.775000	0.5	9.328600
101.783333	0.5	9.335600
101.791667	0.5	9.347850
101.800000	0.5	9.345550
101.808333	0.5	9.360150
101.816667	0.5	9.370600
101.825000	0.5	9.369650
101.833333	0.5	9.375900
101.841667	0.5	9.383900
101.850000	0.5	9.395850
101.858333	0.5	9.405150
101.866667	0.5	9.410800
101.875000	0.5	9.433600
101.883333	0.5	9.433650
101.891667	0.5	9.444600
101.900000	0.5	9.458550
101.908333	0.5	9.468750
101.916667	0.5	9.477100
101.925000	0.5	9.470200
101.933333	0.5	9.488100
101.941667	0.5	9.488200
101.950000	0.5	9.516700
101.958333	0.5	9.517000
101.966667	0.5	9.531900
101.975000	0.5	9.545900
101.983333	0.5	9.548450
101.991667	0.5	9.553500
102.000000	0.5	9.565450
102.008333	0.5	9.580550
102.016667	0.5	9.586800
102.025000	0.5	9.605150
102.033333	0.5	9.617650
102.041667	0.5	9.627300
102.050000	0.5	9.644800
102.058333	0.5	9.652450
102.066667	0.5	9.670050
102.075000	0.5	9.684700
102.083333	0.5	9.697550
102.091667	0.5	9.709600
102.100000	0.5	9.724900
102.108333	0.5	9.729600
102.116667	0.5	9.742350
102.125000	0.5	9.754150
102.133333	0.5	9.763350
102.141667	0.5	9.776600
102.150000	0.5	9.788050
102.158333	0.5	9.794550
102.166667	0.5	9.808900
102.175000	0.5	9.817650
102.183333	0.5	9.829150
102.191667	0.5	9.836450
102.200000	0.5	9.845650
102.208333	0.5	9.845000
102.216667	0.5	9.850900
102.225000	0.5	9.856700
102.233333	0.5	9.867850
102.241667	0.5	9.876250
102.250000	0.5	9.881000
102.258333	0.5	9.895550
102.266667	0.5	9.896650
102.275000	0.5	9.897050
102.283333	0.5	9.895950
102.291667	0.5	9.901750
102.300000	0.5	9.902050
102.308333	0.5	9.914700
102.316667	0.5	9.915200
102.325000	0.5	9.905800
102.333333	0.5	9.912750
102.341667	0.5	9.910600
102.350000	0.5	9.914050
102.358333	0.5	9.919900
102.366667	0.5	9.918600
102.375000	0.5	9.916550
102.383333	0.5	9.928850
102.391667	0.5	9.929350
102.400000	0.5	9.918550
102.408333	0.5	9.924300
102.416667	0.5	9.919000
102.425000	0.5	9.919800
102.433333	0.5	9.920600
102.441667	0.5	9.917000
102.450000	0.5	9.925250
102.458333	0.5	9.925800
102.466667	0.5	9.927150
102.475000	0.5	9.911550
102.483333	0.5	9.922350
102.491667	0.5	9.915850
102.500000	0.5	9.923900
102.508333	0.5	9.913250
102.516667	0.5	9.912100
102.525000	0.5	9.910150
102.533333	0.5	9.900000
102.541667	0.5	9.902850
102.550000	0.5	9.904100
102.558333	0.5	9.897000
102.566667	0.5	9.900700
102.575000	0.5	9.889300
102.583333	0.5	9.883850
102.591667	0.5	9.885000
102.600000	0.5	9.883150
102.608333	0.5	9.884950
102.616667	0.5	9.883800
102.625000	0.5	9.867050
102.633333	0.5	9.873800
102.641667	0.5	9.872300
102.650000	0.5	9.867150
102.658333	0.5	9.862400
102.666667	0.5	9.876350
102.675000	0.5	9.860150
102.683333	0.5	9.852000
102.691667	0.5	9.853050
102.700000	0.5	9.840800
102.708333	0.5	9.831300
102.716667	0.5	9.834950
102.725000	0.5	9.824100
102.733333	0.5	9.816950
102.741667	0.5	9.820450
102.750000	0.5	9.810550
102.758333	0.5	9.798400
102.766667	0.5	9.795650
102.775000	0.5	9.783650
102.783333	0.5	9.773600
102.791667	0.5	9.774750
102.800000	0.5	9.759800
102.808333	0.5	9.749750
102.816667	0.5	9.740500
102.825000	0.5	9.724950
102.833333	0.5	9.719250
102.841667	0.5	9.716450
102.850000	0.5	9.709000
102.858333	0.5	9.699550
102.866667	0.5	9.700200
102.875000	0.5	9.692900
102.883333	0.5	9.669900
102.891667	0.5	9.656700
102.900000	0.5	9.658350
102.908333	0.5	9.634650
102.916667	0.5	9.627200
102.925000	0.5	9.633950
102.933333	0.5	9.621000
102.941667	0.5	9.613400
102.950000	0.5	9.613900
102.958333	0.5	9.600600
102.966667	0.5	9.592700
102.975000	0.5	9.589650
102.983333	0.5	9.589650
102.991667	0.5	9.600600
103.000000	0.5	9.583200
103.008333	0.5	9.580850
103.016667	0.5	9.581250
103.025000	0.5	9.575800
103.033333	0.5	9.575750
103.041667	0.5	9.568050
103.050000	0.5	9.577600
103.058333	0.5	9.573650
103.066667	0.5	9.565950
103.075000	0.5	9.558800
103.083333	0.5	9.562850
103.091667	0.5	9.561850
103.100000	0.5	9.559300
103.108333	0.5	9.580300
103.116667	0.5	9.566500
103.125000	0.5	9.567300
103.133333	0.5	9.572100
103.141667	0.5	9.568550
103.150000	0.5	9.570650
103.158333	0.5	9.566450
103.166667	0.5	9.572250
103.175000	0.5	9.571650
103.183333	0.5	9.566200
103.191667	0.5	9.567000
103.200000	0.5	9.574550
103.208333	0.5	9.564900
103.216667	0.5	9.571700
103.225000	0.5	9.567950
103.233333	0.5	9.567250
103.241667	0.5	9.566150
103.250000	0.5	9.561100
103.258333	0.5	9.539150
103.266667	0.5	9.540250
103.275000	0.5	9.543200
103.283333	0.5	9.531100
103.291667	0.5	9.540150
103.300000	0.5	9.528750
103.308333	0.5	9.515500
103.316667	0.5	9.523350
103.325000	0.5	9.510200
103.333333	0.5	9.493100
103.341667	0.5	9.494100
103.350000	0.5	9.494450
103.358333	0.5	9.486700
103.366667	0.5	9.479500
103.375000	0.5	9.463150
103.383333	0.5	9.462850
103.391667	0.5	9.461150
103.400000	0.5	9.454350
103.408333	0.5	9.461050
103.416667	0.5	9.456700
103.425000	0.5	9.449350
103.433333	0.5	9.444400
103.441667	0.5	9.446250
103.450000	0.5	9.435800
103.458333	0.5	9.425850
103.466667	0.5	9.428100
103.475000	0.5	9.432700
103.483333	0.5	9.416300
103.491667	0.5	9.416650
103.500000	0.5	9.425700
103.508333	0.5	9.422150
103.516667	0.5	9.420250
103.525000	0.5	9.423550
103.533333	0.5	9.429850
103.541667	0.5	9.426100
103.550000	0.5	9.408750
103.558333	0.5	9.418000
103.566667	0.5	9.417000
103.575000	0.5	9.420950
103.583333	0.5	9.419850
103.591667	0.5	9.429350
103.600000	0.5	9.423000
103.608333	0.5	9.422750
103.616667	0.5	9.426850
103.625000	0.5	9.422250
103.633333	0.5	9.425850
103.641667	0.5	9.425750
103.650000	0.5	9.433300
103.658333	0.5	9.428050
103.666667	0.5	9.432350
103.675000	0.5	9.441000
103.683333	0.5	9.436750
103.691667	0.5	9.435900
103.700000	0.5	9.434900
103.708333	0.5	9.435100
103.716667	0.5	9.432600
103.725000	0.5	9.444700
103.733333	0.5	9.448450
103.741667	0.5	9.448000
103.750000	0.5	9.450000
103.758333	0.5	9.445950
103.766667	0.5	9.436450
103.775000	0.5	9.432750
103.783333	0.5	9.441050
103.791667	0.5	9.442550
103.800000	0.5	9.445100
103.808333	0.5	9.433600
103.816667	0.5	9.430650
103.825000	0.5	9.432100
103.833333	0.5	9.423300
103.841667	0.5	9.425100
103.850000	0.5	9.411300
103.858333	0.5	9.411100
103.866667	0.5	9.405750
103.875000	0.5	9.399450
103.883333	0.5	9.398150
103.891667	0.5	9.393650
103.900000	0.5	9.386950
103.908333	0.5	9.388400
103.916667	0.5	9.373650
103.925000	0.5	9.366000
103.933333	0.5	9.374900
103.941667	0.5	9.359300
103.950000	0.5	9.354000
103.958333	0.5	9.357850
103.966667	0.5	9.341700
103.975000	0.5	9.345400
103.983333	0.5	9.348600
103.991667	0.5	9.335200
104.000000	0.5	9.338450
104.008333	0.5	9.337200
104.016667	0.5	9.313150
104.025000	0.5	9.313400
104.033333	0.5	9.314000
104.041667	0.5	9.313800
104.050000	0.5	9.301700
104.058333	0.5	9.299450
104.066667	0.5	9.301050
104.075000	0.5	9.288600
104.083333	0.5	9.289800
104.091667	0.5	9.292600
104.100000	0.5	9.295950
104.108333	0.5	9.278250
104.116667	0.5	9.288500
104.125000	0.5	9.269300
104.133333	0.5	9.278550
104.141667	0.5	9.267350
104.150000	0.5	9.278650
104.158333	0.5	9.271600
104.166667	0.5	9.266550
104.175000	0.5	9.275800
104.183333	0.5	9.276150
104.191667	0.5	9.273050
104.200000	0.5	9.266050
104.208333	0.5	9.267600
104.216667	0.5	9.275550
104.225000	0.5	9.275900
104.233333	0.5	9.272150
104.241667	0.5	9.275300
104.250000	0.5	9.266100
104.258333	0.5	9.271050
104.266667	0.5	9.263100
104.275000	0.5	9.259200
104.283333	0.5	9.269200
104.291667	0.5	9.269200
104.300000	0.5	9.272150
104.308333	0.5	9.273050
104.316667	0.5	9.275800
104.325000	0.5	9.268550
104.333333	0.5	9.271400
104.341667	0.5	9.281650
104.350000	0.5	9.269050
104.358333	0.5	9.266650
104.366667	0.5	9.273000
104.375000	0.5	9.279300
104.383333	0.5	9.268900
104.391667	0.5	9.268650
104.400000	0.5	9.284950
104.408333	0.5	9.274350
104.416667	0.5	9.269050
104.425000	0.5	9.271100
104.433333	0.5	9.264100
104.441667	0.5	9.261900
104.450000	0.5	9.264500
104.458333	0.5	9.276350
104.466667	0.5	9.274300
104.475000	0.5	9.262650
104.483333	0.5	9.257700
104.491667	0.5	9.252500
104.500000	0.5	9.254750
104.508333	0.5	9.254450
104.516667	0.5	9.244100
104.525000	0.5	9.244850
104.533333	0.5	9.239100
104.541667	0.5	9.248900
104.550000	0.5	9.233950
104.558333	0.5	9.245350
104.566667	0.5	9.233650
104.575000	0.5	9.229250
104.583333	0.5	9.229500
104.591667	0.5	9.239600
104.600000	0.5	9.233150
104.608333	0.5	9.243350
104.616667	0.5	9.227400
104.625000	0.5	9.227500
104.633333	0.5	9.230050
104.641667	0.5	9.220900
104.650000	0.5	9.224500
104.658333	0.5	9.219500
104.666667	0.5	9.224150
104.675000	0.5	9.221050
104.683333	0.5	9.229750
104.691667	0.5	9.222050
104.700000	0.5	9.233250
104.708333	0.5	9.228000
104.716667	0.5	9.235200
104.725000	0.5	9.233400
104.733333	0.5	9.231000
104.741667	0.5	9.244100
104.750000	0.5	9.237650
104.758333	0.5	9.243800
104.766667	0.5	9.242150
104.775000	0.5	9.256450
104.783333	0.5	9.246200
104.791667	0.5	9.250150
104.800000	0.5	9.257000
104.808333	0.5	9.241300
104.816667	0.5	9.246850
104.825000	0.5	9.260300
104.833333	0.5	9.253800
104.841667	0.5	9.248800
104.850000	0.5	9.251450
104.858333	0.5	9.245700
104.866667	0.5	9.254100
104.875000	0.5	9.260250
104.883333	0.5	9.255700
104.891667	0.5	9.256750
104.900000	0.5	9.257900
104.908333	0.5	9.253300
104.916667	0.5	9.249050
104.925000	0.5	9.258650
104.933333	0.5	9.246450
104.941667	0.5	9.246750
104.950000	0.5	9.262400
104.958333	0.5	9.257100
104.966667	0.5	9.247650
104.975000	0.5	9.243700
104.983333	0.5	9.239200
104.991667	0.5	9.246250
105.000000	0.5	9.235650
105.008333	0.5	9.231500
105.016667	0.5	9.227550
105.025000	0.5	9.223550
105.033333	0.5	9.220700
105.041667	0.5	9.219000
105.050000	0.5	9.206250
105.058333	0.5	9.219100
105.066667	0.5	9.198400
105.075000	0.5	9.193950
105.083333	0.5	9.193900
105.091667	0.5	9.195150
105.100000	0.5	9.184900
105.108333	0.5	9.183650
105.116667	0.5	9.162100
105.125000	0.5	9.177800
105.133333	0.5	9.163900
105.141667	0.5	9.167600
105.150000	0.5	9.169050
105.158333	0.5	9.145500
105.166667	0.5	9.150100
105.175000	0.5	9.143000
105.183333	0.5	9.141000
105.191667	0.5	9.132700
105.200000	0.5	9.125300
105.208333	0.5	9.119800
105.216667	0.5	9.119250
105.225000	0.5	9.118600
105.233333	0.5	9.105550
105.241667	0.5	9.107750
105.250000	0.5	9.100750
105.258333	0.5	9.103000
105.266667	0.5	9.095700
105.275000	0.5	9.088600
105.283333	0.5	9.088650
105.291667	0.5	9.080350
105.300000	0.5	9.073050
105.308333	0.5	9.068000
105.316667	0.5	9.067350
105.325000	0.5	9.068300
105.333333	0.5	9.065800
105.341667	0.5	9.050000
105.350000	0.5	9.046200
105.358333	0.5	9.047050
105.366667	0.5	9.039600
105.375000	0.5	9.031550
105.383333	0.5	9.028750
105.391667	0.5	9.020950
105.400000	0.5	9.022900
105.408333	0.5	9.018400
105.416667	0.5	9.007000
105.425000	0.5	8.995400
105.433333	0.5	8.984600
105.441667	0.5	8.979750
105.450000	0.5	8.980550
105.458333	0.5	8.980800
105.466667	0.5	8.969550
105.475000	0.5	8.965950
105.483333	0.5	8.952200
105.491667	0.5	8.951250
105.500000	0.5	8.939450
105.508333	0.5	8.940000
105.516667	0.5	8.923350
105.525000	0.5	8.921850
105.533333	0.5	8.919400
105.541667	0.5	8.913450
105.550000	0.5	8.910250
105.558333	0.5	8.906000
105.566667	0.5	8.904950
105.575000	0.5	8.892350
105.583333	0.5	8.893500
105.591667	0.5	8.887050
105.600000	0.5	8.894500
105.608333	0.5	8.880700
105.616667	0.5	8.882150
105.625000	0.5	8.878200
105.633333	0.5	8.874150
105.641667	0.5	8.876250
105.650000	0.5	8.873750
105.658333	0.5	8.871850
105.666667	0.5	8.879650
105.675000	0.5	8.878750
105.683333	0.5	8.885150
105.691667	0.5	8.882400
105.700000	0.5	8.883450
105.708333	0.5	8.881250
105.716667	0.5	8.886000
105.725000	0.5	8.894950
105.733333	0.5	8.903600
105.741667	0.5	8.901650
105.750000	0.5	8.890300
105.758333	0.5	8.898250
105.766667	0.5	8.896300
105.775000	0.5	8.908050
105.783333	0.5	8.913250
105.791667	0.5	8.904400
105.800000	0.5	8.939400
105.808333	0.5	8.921950
105.816667	0.5	8.926000
105.825000	0.5	8.927950
105.833333	0.5	8.932950
105.841667	0.5	8.940050
105.850000	0.5	8.933900
105.858333	0.5	8.942150
105.866667	0.5	8.948050
105.875000	0.5	8.950950
105.883333	0.5	8.946750
105.891667	0.5	8.958600
105.900000	0.5	8.947200
105.908333	0.5	8.958400
105.916667	0.5	8.956100
105.925000	0.5	8.958450
105.933333	0.5	8.955900
105.941667	0.5	8.959700
105.950000	0.5	8.955150
105.958333	0.5	8.960700
105.966667	0.5	8.960350
105.975000	0.5	8.965300
105.983333	0.5	8.969150
105.991667	0.5	8.970250
106.000000	0.5	8.971800
106.008333	0.5	8.995300
106.016667	0.5	8.983100
106.025000	0.5	8.974950
106.033333	0.5	8.983150
106.041667	0.5	8.985100
106.050000	0.5	8.980650
106.058333	0.5	8.998350
106.066667	0.5	8.979200
106.075000	0.5	9.001300
106.083333	0.5	8.995150
106.091667	0.5	9.001700
106.100000	0.5	9.009350
106.108333	0.5	9.007250
106.116667	0.5	9.027400
106.125000	0.5	9.014400
106.133333	0.5	9.023800
106.141667	0.5	9.012000
106.150000	0.5	9.031100
106.158333	0.5	9.028750
106.166667	0.5	9.028550
106.175000	0.5	9.034100
106.183333	0.5	9.037150
106.191667	0.5	9.038000
106.200000	0.5	9.038450
106.208333	0.5	9.053850
106.216667	0.5	9.050300
106.225000	0.5	9.045700
106.233333	0.5	9.053150
106.241667	0.5	9.052700
106.250000	0.5	9.053350
106.258333	0.5	9.054400
106.266667	0.5	9.059150
106.275000	0.5	9.060800
106.283333	0.5	9.062050
106.291667	0.5	9.062850
106.300000	0.5	9.058200
106.308333	0.5	9.059450
106.316667	0.5	9.071000
106.325000	0.5	9.066900
106.333333	0.5	9.072250
106.341667	0.5	9.069500
106.350000	0.5	9.079850
106.358333	0.5	9.076950
106.366667	0.5	9.064000
106.375000	0.5	9.073900
106.383333	0.5	9.073250
106.391667	0.5	9.071850
106.400000	0.5	9.070550
106.408333	0.5	9.067600
106.416667	0.5	9.065850
106.425000	0.5	9.059750
106.433333	0.5	9.068000
106.441667	0.5	9.071550
106.450000	0.5	9.071250
106.458333	0.5	9.064100
106.466667	0.5	9.067650
106.475000	0.5	9.068800
106.483333	0.5	9.062200
106.491667	0.5	9.067000
106.500000	0.5	9.064700
106.508333	0.5	9.067750
106.516667	0.5	9.062500
106.525000	0.5	9.065150
106.533333	0.5	9.063950
106.541667	0.5	9.058800
106.550000	0.5	9.066150
106.558333	0.5	9.057600
106.566667	0.5	9.053000
106.575000	0.5	9.053550
106.583333	0.5	9.059650
106.591667	0.5	9.047300
106.600000	0.5	9.053600
106.608333	0.5	9.045750
106.616667	0.5	9.045650
106.625000	0.5	9.045700
106.633333	0.5	9.041600
106.641667	0.5	9.041250
106.650000	0.5	9.042000
106.658333	0.5	9.043550
106.666667	0.5	9.045700
106.675000	0.5	9.035400
106.683333	0.5	9.048300
106.691667	0.5	9.052600
106.700000	0.5	9.037600
106.708333	0.5	9.056900
106.716667	0.5	9.040050
106.725000	0.5	9.041850
106.733333	0.5	9.046150
106.741667	0.5	9.043250
106.750000	0.5	9.031550
106.758333	0.5	9.035200
106.766667	0.5	9.035450
106.775000	0.5	9.042850
106.783333	0.5	9.042650
106.791667	0.5	9.042100
106.800000	0.5	9.036600
106.808333	0.5	9.039950
106.816667	0.5	9.022050
106.825000	0.5	9.031500
106.833333	0.5	9.029150
106.841667	0.5	9.036200
106.850000	0.5	9.032200
106.858333	0.5	9.039900
106.866667	0.5	9.045500
106.875000	0.5	9.029650
106.883333	0.5	9.031950
106.891667	0.5	9.028900
106.900000	0.5	9.027700
106.908333	0.5	9.020500
106.916667	0.5	9.030750
106.925000	0.5	9.031800
106.933333	0.5	9.019700
106.941667	0.5	9.019500
106.950000	0.5	9.020000
106.958333	0.5	9.025650
106.966667	0.5	9.019150
106.975000	0.5	9.022500
106.983333	0.5	9.024500
106.991667	0.5	9.022850
107.000000	0.5	9.018400
107.008333	0.5	9.013650
107.016667	0.5	9.017200
107.025000	0.5	9.008650
107.033333	0.5	8.995700
107.041667	0.5	9.012050
107.050000	0.5	9.025650
107.058333	0.5	9.024700
107.066667	0.5	9.017100
107.075000	0.5	9.026600
107.083333	0.5	9.016950
107.091667	0.5	9.023550
107.100000	0.5	9.026000
107.108333	0.5	9.029250
107.116667	0.5	9.036050
107.125000	0.5	9.038750
107.133333	0.5	9.040950
107.141667	0.5	9.049650
107.150000	0.5	9.051800
107.158333	0.5	9.055750
107.166667	0.5	9.060300
107.175000	0.5	9.060650
107.183333	0.5	9.067850
107.191667	0.5	9.079400
107.200000	0.5	9.074900
107.208333	0.5	9.085250
107.216667	0.5	9.080650
107.225000	0.5	9.091550
107.233333	0.5	9.098650
107.241667	0.5	9.102550
107.250000	0.5	9.107750
107.258333	0.5	9.121550
107.266667	0.5	9.124900
107.275000	0.5	9.125500
107.283333	0.5	9.133650
107.291667	0.5	9.138350
107.300000	0.5	9.140650
107.308333	0.5	9.145700
107.316667	0.5	9.150950
107.325000	0.5	9.166850
107.333333	0.5	9.164850
107.341667	0.5	9.175750
107.350000	0.5	9.174700
107.358333	0.5	9.184800
107.366667	0.5	9.181250
107.375000	0.5	9.195050
107.383333	0.5	9.198800
107.391667	0.5	9.210800
107.400000	0.5	9.205150
107.408333	0.5	9.219000
107.416667	0.5	9.213650
107.425000	0.5	9.220150
107.433333	0.5	9.225350
107.441667	0.5	9.230800
107.450000	0.5	9.242000
107.458333	0.5	9.240250
107.466667	0.5	9.251850
107.475000	0.5	9.256800
107.483333	0.5	9.260900
107.491667	0.5	9.268000
107.500000	0.5	9.271950
107.508333	0.5	9.277600
107.516667	0.5	9.288950
107.525000	0.5	9.286850
107.533333	0.5	9.290150
107.541667	0.5	9.299050
107.550000	0.5	9.295650
107.558333	0.5	9.299550
107.566667	0.5	9.308650
107.575000	0.5	9.317600
107.583333	0.5	9.317150
107.591667	0.5	9.323250
107.600000	0.5	9.323300
107.608333	0.5	9.324400
107.616667	0.5	9.337500
107.625000	0.5	9.328450
107.633333	0.5	9.336250
107.641667	0.5	9.339350
107.650000	0.5	9.345000
107.658333	0.5	9.342000
107.666667	0.5	9.330850
107.675000	0.5	9.351000
107.683333	0.5	9.348450
107.691667	0.5	9.350500
107.700000	0.5	9.341850
107.708333	0.5	9.348900
107.716667	0.5	9.350750
107.725000	0.5	9.340650
107.733333	0.5	9.346400
107.741667	0.5	9.346800
107.750000	0.5	9.344250
107.758333	0.5	9.339950
107.766667	0.5	9.329750
107.775000	0.5	9.329400
107.783333	0.5	9.346850
107.791667	0.5	9.338600
107.800000	0.5	9.324150
107.808333	0.5	9.327300
107.816667	0.5	9.321900
107.825000	0.5	9.321250
107.833333	0.5	9.326650
107.841667	0.5	9.317850
107.850000	0.5	9.316400
107.858333	0.5	9.313250
107.866667	0.5	9.311950
107.875000	0.5	9.304850
107.883333	0.5	9.301150
107.891667	0.5	9.303900
107.900000	0.5	9.300850
107.908333	0.5	9.301400
107.916667	0.5	9.299700
107.925000	0.5	9.297300
107.933333	0.5	9.300650
107.941667	0.5	9.298000
107.950000	0.5	9.305050
107.958333	0.5	9.299200
107.966667	0.5	9.304150
107.975000	0.5	9.305600
107.983333	0.5	9.302550
107.991667	0.5	9.307200
108.000000	0.5	9.305300
108.008333	0.5	9.308250
108.016667	0.5	9.308450
108.025000	0.5	9.325150
108.033333	0.5	9.317950
108.041667	0.5	9.321450
108.050000	0.5	9.330600
108.058333	0.5	9.320800
108.066667	0.5	9.323150
108.075000	0.5	9.336500
108.083333	0.5	9.342800
108.091667	0.5	9.332900
108.100000	0.5	9.349750
108.108333	0.5	9.350450
108.116667	0.5	9.349300
108.125000	0.5	9.354150
108.133333	0.5	9.358550
108.141667	0.5	9.359650
108.150000	0.5	9.370250
108.158333	0.5	9.386500
108.166667	0.5	9.380150
108.175000	0.5	9.386000
108.183333	0.5	9.374250
108.191667	0.5	9.380800
108.200000	0.5	9.386550
108.208333	0.5	9.385900
108.216667	0.5	9.391850
108.225000	0.5	9.393400
108.233333	0.5	9.398200
108.241667	0.5	9.396700
108.250000	0.5	9.400300
108.258333	0.5	9.404250
108.266667	0.5	9.400900
108.275000	0.5	9.394450
108.283333	0.5	9.407400
108.291667	0.5	9.398400
108.300000	0.5	9.410100
108.308333	0.5	9.410900
108.316667	0.5	9.392850
108.325000	0.5	9.404550
108.333333	0.5	9.400100
108.341667	0.5	9.395500
108.350000	0.5	9.399700
108.358333	0.5	9.395550
108.366667	0.5	9.379050
108.375000	0.5	9.381100
108.383333	0.5	9.386500
108.391667	0.5	9.373100
108.400000	0.5	9.367300
108.408333	0.5	9.372700
108.416667	0.5	9.362900
108.425000	0.5	9.354550
108.433333	0.5	9.346800
108.441667	0.5	9.349600
108.450000	0.5	9.346150
108.458333	0.5	9.342150
108.466667	0.5	9.344850
108.475000	0.5	9.324900
108.483333	0.5	9.320250
108.491667	0.5	9.311850
108.500000	0.5	9.313250
108.508333	0.5	9.309850
108.516667	0.5	9.293350
108.525000	0.5	9.296550
108.533333	0.5	9.277900
108.541667	0.5	9.270900
108.550000	0.5	9.262650
108.558333	0.5	9.262150
108.566667	0.5	9.254050
108.575000	0.5	9.246200
108.583333	0.5	9.248650
108.591667	0.5	9.233900
108.600000	0.5	9.217650
108.608333	0.5	9.206100
108.616667	0.5	9.211400
108.625000	0.5	9.193250
108.633333	0.5	9.185450
108.641667	0.5	9.174900
108.650000	0.5	9.174900
108.658333	0.5	9.171200
108.666667	0.5	9.152200
108.675000	0.5	9.146450
108.683333	0.5	9.140500
108.691667	0.5	9.144800
108.700000	0.5	9.122250
108.708333	0.5	9.119000
108.716667	0.5	9.119050
108.725000	0.5	9.098800
108.733333	0.5	9.103650
108.741667	0.5	9.088250
108.750000	0.5	9.078250
108.758333	0.5	9.074250
108.766667	0.5	9.064900
108.775000	0.5	9.066500
108.783333	0.5	9.055050
108.791667	0.5	9.054550
108.800000	0.5	9.041850
108.808333	0.5	9.043600
108.816667	0.5	9.035900
108.825000	0.5	9.024450
108.833333	0.5	9.016750
108.841667	0.5	9.018550
108.850000	0.5	9.014400
108.858333	0.5	9.008350
108.866667	0.5	9.009050
108.875000	0.5	8.997350
108.883333	0.5	8.995900
108.891667	0.5	8.991400
108.900000	0.5	8.981600
108.908333	0.5	8.977500
108.916667	0.5	8.972050
108.925000	0.5	8.967150
108.933333	0.5	8.961550
108.941667	0.5	8.956750
108.950000	0.5	8.961250
108.958333	0.5	8.962000
108.966667	0.5	8.949150
108.975000	0.5	8.962550
108.983333	0.5	8.939750
108.991667	0.5	8.944450
109.000000	0.5	8.937800
109.008333	0.5	8.941100
109.016667	0.5	8.932000
109.025000	0.5	8.929100
109.033333	0.5	8.938200
109.041667	0.5	8.918850
109.050000	0.5	8.928700
109.058333	0.5	8.915600
109.066667	0.5	8.917000
109.075000	0.5	8.913700
109.083333	0.5	8.915850
109.091667	0.5	8.912450
109.100000	0.5	8.920350
109.108333	0.5	8.911750
109.116667	0.5	8.909950
109.125000	0.5	8.908000
109.133333	0.5	8.916050
109.141667	0.5	8.902550
109.150000	0.5	8.909700
109.158333	0.5	8.912300
109.166667	0.5	8.913050
109.175000	0.5	8.907750
109.183333	0.5	8.910250
109.191667	0.5	8.912900
109.200000	0.5	8.905650
109.208333	0.5	8.909000
109.216667	0.5	8.913050
109.225000	0.5	8.912000
109.233333	0.5	8.913600
109.241667	0.5	8.912250
109.250000	0.5	8.916700
109.258333	0.5	8.931650
109.266667	0.5	8.931100
109.275000	0.5	8.930350
109.283333	0.5	8.940050
109.291667	0.5	8.930250
109.300000	0.5	8.936100
109.308333	0.5	8.936500
109.316667	0.5	8.934050
109.325000	0.5	8.939500
109.333333	0.5	8.936950
109.341667	0.5	8.962550
109.350000	0.5	8.950550
109.358333	0.5	8.950950
109.366667	0.5	8.945900
109.375000	0.5	8.957950
109.383333	0.5	8.965700
109.391667	0.5	8.961200
109.400000	0.5	8.959950
109.408333	0.5	8.977150
109.416667	0.5	8.983750
109.425000	0.5	8.975700
109.433333	0.5	8.987100
109.441667	0.5	8.990100
109.450000	0.5	8.997400
109.458333	0.5	9.003750
109.466667	0.5	9.017600
109.475000	0.5	9.020050
109.483333	0.5	9.017700
109.491667	0.5	9.037400
109.500000	0.5	9.042300
109.508333	0.5	9.039850
109.516667	0.5	9.049100
109.525000	0.5	9.042750
109.533333	0.5	9.063700
109.541667	0.5	9.065850
109.550000	0.5	9.080150
109.558333	0.5	9.062900
109.566667	0.5	9.069600
109.575000	0.5	9.082100
109.583333	0.5	9.090100
109.591667	0.5	9.092950
109.600000	0.5	9.089800
109.608333	0.5	9.103050
109.616667	0.5	9.092200
109.625000	0.5	9.109900
109.633333	0.5	9.108950
109.641667	0.5	9.105000
109.650000	0.5	9.119450
109.658333	0.5	9.126800
109.666667	0.5	9.126950
109.675000	0.5	9.118750
109.683333	0.5	9.130100
109.691667	0.5	9.130250
109.700000	0.5	9.136000
109.708333	0.5	9.137750
109.716667	0.5	9.148100
109.725000	0.5	9.160050
109.733333	0.5	9.150250
109.741667	0.5	9.157250
109.750000	0.5	9.165100
109.758333	0.5	9.162300
109.766667	0.5	9.167650
109.775000	0.5	9.171250
109.783333	0.5	9.193750
109.791667	0.5	9.185450
109.800000	0.5	9.192050
109.808333	0.5	9.193800
109.816667	0.5	9.206350
109.825000	0.5	9.205050
109.833333	0.5	9.207050
109.841667	0.5	9.221400
109.850000	0.5	9.216850
109.858333	0.5	9.230050
109.866667	0.5	9.236200
109.875000	0.5	9.236800
109.883333	0.5	9.239650
109.891667	0.5	9.244900
109.900000	0.5	9.259050
109.908333	0.5	9.260650
109.916667	0.5	9.254500
109.925000	0.5	9.258950
109.933333	0.5	9.269800
109.941667	0.5	9.272850
109.950000	0.5	9.274500
109.958333	0.5	9.274400
109.966667	0.5	9.273000
109.975000	0.5	9.280300
109.983333	0.5	9.277650
109.991667	0.5	9.278850
110.000000	0.5	9.286150
110.008333	0.5	9.278450
110.016667	0.5	9.290200
110.025000	0.5	9.289100
110.033333	0.5	9.298300
110.041667	0.5	9.288250
110.050000	0.5	9.287050
110.058333	0.5	9.292700
110.066667	0.5	9.294800
110.075000	0.5	9.290550
110.083333	0.5	9.292600
110.091667	0.5	9.283600
110.100000	0.5	9.294050
110.108333	0.5	9.288500
110.116667	0.5	9.291250
110.125000	0.5	9.289500
110.133333	0.5	9.292750
110.141667	0.5	9.292850
110.150000	0.5	9.282550
110.158333	0.5	9.277700
110.166667	0.5	9.286950
110.175000	0.5	9.286650
110.183333	0.5	9.279950
110.191667	0.5	9.274050
110.200000	0.5	9.282100
110.208333	0.5	9.284350
110.216667	0.5	9.283150
110.225000	0.5	9.277050
110.233333	0.5	9.273250
110.241667	0.5	9.267050
110.250000	0.5	9.267550
110.258333	0.5	9.269000
110.266667	0.5	9.282100
110.275000	0.5	9.272050
110.283333	0.5	9.260500
110.291667	0.5	9.259650
110.300000	0.5	9.271550
110.308333	0.5	9.264950
110.316667	0.5	9.249400
110.325000	0.5	9.254300
110.333333	0.5	9.248650
110.341667	0.5	9.244200
110.350000	0.5	9.247400
110.358333	0.5	9.239150
110.366667	0.5	9.241750
110.375000	0.5	9.239000
110.383333	0.5	9.242550
110.391667	0.5	9.245400
110.400000	0.5	9.234900
110.408333	0.5	9.235350
110.416667	0.5	9.236000
110.425000	0.5	9.221000
110.433333	0.5	9.214500
110.441667	0.5	9.215250
110.450000	0.5	9.207650
110.458333	0.5	9.216450
110.466667	0.5	9.208500
110.475000	0.5	9.204950
110.483333	0.5	9.204250
110.491667	0.5	9.186700
110.500000	0.5	9.202150
110.508333	0.5	9.191700
110.516667	0.5	9.183600
110.525000	0.5	9.179350
110.533333	0.5	9.177300
110.541667	0.5	9.170500
110.550000	0.5	9.185850
110.558333	0.5	9.173250
110.566667	0.5	9.171350
110.575000	0.5	9.157150
110.583333	0.5	9.149400
110.591667	0.5	9.150100
110.600000	0.5	9.145200
110.608333	0.5	9.150150
110.616667	0.5	9.138400
110.625000	0.5	9.132300
110.633333	0.5	9.126100
110.641667	0.5	9.129900
110.650000	0.5	9.127400
110.658333	0.5	9.119400
110.666667	0.5	9.114300
110.675000	0.5	9.125850
110.683333	0.5	9.105200
110.691667	0.5	9.097400
110.700000	0.5	9.103050
110.708333	0.5	9.101400
110.716667	0.5	9.095250
110.725000	0.5	9.090000
110.733333	0.5	9.081200
110.741667	0.5	9.076350
110.750000	0.5	9.083550
110.758333	0.5	9.074150
110.766667	0.5	9.065200
110.775000	0.5	9.067250
110.783333	0.5	9.071950
110.791667	0.5	9.062550
110.800000	0.5	9.072150
110.808333	0.5	9.066700
110.816667	0.5	9.056050
110.825000	0.5	9.059150
110.833333	0.5	9.054850
110.841667	0.5	9.051000
110.850000	0.5	9.046450
110.858333	0.5	9.040950
110.866667	0.5	9.041350
110.875000	0.5	9.033050
110.883333	0.5	9.033900
110.891667	0.5	9.027300
110.900000	0.5	9.025300
110.908333	0.5	9.021400
110.916667	0.5	9.019500
110.925000	0.5	9.014650
110.933333	0.5	9.004050
110.941667	0.5	9.009700
110.950000	0.5	9.006850
110.958333	0.5	9.000200
110.966667	0.5	9.000850
110.975000	0.5	8.997650
110.983333	0.5	8.992050
110.991667	0.5	8.982850
111.000000	0.5	8.983650
111.008333	0.5	8.979550
111.016667	0.5	8.980050
111.025000	0.5	8.972250
111.033333	0.5	8.967250
111.041667	0.5	8.970000
111.050000	0.5	8.974750
111.058333	0.5	8.977200
111.066667	0.5	8.975000
111.075000	0.5	8.976050
111.083333	0.5	8.967200
111.091667	0.5	8.972150
111.100000	0.5	8.970000
111.108333	0.5	8.971450
111.116667	0.5	8.971500
111.125000	0.5	8.968400
111.133333	0.5	8.958500
111.141667	0.5	8.969200
111.150000	0.5	8.976250
111.158333	0.5	8.972300
111.166667	0.5	8.983000
111.175000	0.5	8.979650
111.183333	0.5	8.978500
111.191667	0.5	8.974050
111.200000	0.5	8.989300
111.208333	0.5	8.990000
111.216667	0.5	8.988900
111.225000	0.5	8.988500
111.233333	0.5	8.998200
111.241667	0.5	8.983100
111.250000	0.5	8.994000
111.258333	0.5	8.990500
111.266667	0.5	9.003950
111.275000	0.5	9.006100
111.283333	0.5	9.004750
111.291667	0.5	9.009600
111.300000	0.5	9.007100
111.308333	0.5	9.008400
111.316667	0.5	9.006550
111.325000	0.5	9.016100
111.333333	0.5	9.013650
111.341667	0.5	9.016800
111.350000	0.5	9.018350
111.358333	0.5	9.023050
111.366667	0.5	9.022900
111.375000	0.5	9.022350
111.383333	0.5	9.017800
111.391667	0.5	9.023550
111.400000	0.5	9.026150
111.408333	0.5	9.037950
111.416667	0.5	9.029000
111.425000	0.5	9.041550
111.433333	0.5	9.023000
111.441667	0.5	9.033950
111.450000	0.5	9.030350
111.458333	0.5	9.023350
111.466667	0.5	9.029300
111.475000	0.5	9.032800
111.483333	0.5	9.031350
111.491667	0.5	9.033350
111.500000	0.5	9.024700
111.508333	0.5	9.032850
111.516667	0.5	9.036650
111.525000	0.5	9.031300
111.533333	0.5	9.042800
111.541667	0.5	9.032850
111.550000	0.5	9.047500
111.558333	0.5	9.050650
111.566667	0.5	9.049350
111.575000	0.5	9.053750
111.583333	0.5	9.053350
111.591667	0.5	9.065350
111.600000	0.5	9.059750
111.608333	0.5	9.073200
111.616667	0.5	9.065300
111.625000	0.5	9.072400
111.633333	0.5	9.062750
111.641667	0.5	9.079100
111.650000	0.5	9.074050
111.658333	0.5	9.074300
111.666667	0.5	9.083550
111.675000	0.5	9.089800
111.683333	0.5	9.088050
111.691667	0.5	9.088750
111.700000	0.5	9.085800
111.708333	0.5	9.107850
111.716667	0.5	9.104300
111.725000	0.5	9.102300
111.733333	0.5	9.093300
111.741667	0.5	9.110000
111.750000	0.5	9.096450
111.758333	0.5	9.095000
111.766667	0.5	9.100300
111.775000	0.5	9.110350
111.783333	0.5	9.107550
111.791667	0.5	9.102150
111.800000	0.5	9.114950
111.808333	0.5	9.103600
111.816667	0.5	9.108150
111.825000	0.5	9.115800
111.833333	0.5	9.120000
111.841667	0.5	9.122400
111.850000	0.5	9.116050
111.858333	0.5	9.118550
111.866667	0.5	9.113950
111.875000	0.5	9.120550
111.883333	0.5	9.123350
111.891667	0.5	9.127250
111.900000	0.5	9.138350
111.908333	0.5	9.124700
111.916667	0.5	9.140350
111.925000	0.5	9.121250
111.933333	0.5	9.137500
111.941667	0.5	9.148350
111.950000	0.5	9.133650
111.958333	0.5	9.150250
111.966667	0.5	9.133900
111.975000	0.5	9.135750
111.983333	0.5	9.142250
111.991667	0.5	9.162300
112.000000	0.5	9.150700
112.008333	0.5	9.150450
112.016667	0.5	9.143100
112.025000	0.5	9.156350
112.033333	0.5	9.154400
112.041667	0.5	9.160100
112.050000	0.5	9.162450
112.058333	0.5	9.167350
112.066667	0.5	9.163650
112.075000	0.5	9.163650
112.083333	0.5	9.161200
112.091667	0.5	9.163750
112.100000	0.5	9.160750
112.108333	0.5	9.164750
112.116667	0.5	9.170150
112.125000	0.5	9.166750
112.133333	0.5	9.176700
112.141667	0.5	9.167750
112.150000	0.5	9.172900
112.158333	0.5	9.177500
112.166667	0.5	9.180950
112.175000	0.5	9.171050
112.183333	0.5	9.175650
112.191667	0.5	9.175550
112.200000	0.5	9.175250
112.208333	0.5	9.177550
112.216667	0.5	9.177400
112.225000	0.5	9.188100
112.233333	0.5	9.181150
112.241667	0.5	9.180100
112.250000	0.5	9.197400
112.258333	0.5	9.184700
112.266667	0.5	9.186600
112.275000	0.5	9.183350
112.283333	0.5	9.194400
112.291667	0.5	9.199750
112.300000	0.5	9.198000
112.308333	0.5	9.197900
112.316667	0.5	9.218450
112.325000	0.5	9.214500
112.333333	0.5	9.209850
112.341667	0.5	9.213800
112.350000	0.5	9.215700
112.358333	0.5	9.216000
112.366667	0.5	9.218500
112.375000	0.5	9.229050
112.383333	0.5	9.220900
112.391667	0.5	9.224000
112.400000	0.5	9.228000
112.408333	0.5	9.242850
112.416667	0.5	9.229000
112.425000	0.5	9.239150
112.433333	0.5	9.230050
112.441667	0.5	9.231450
112.450000	0.5	9.228850
112.458333	0.5	9.231500
112.466667	0.5	9.239750
112.475000	0.5	9.241100
112.483333	0.5	9.248700
112.491667	0.5	9.253150
112.500000	0.5	9.250800
112.508333	0.5	9.242050
112.516667	0.5	9.252200
112.525000	0.5	9.246250
112.533333	0.5	9.245600
112.541667	0.5	9.246000
112.550000	0.5	9.242450
112.558333	0.5	9.250450
112.566667	0.5	9.253450
112.575000	0.5	9.253200
112.583333	0.5	9.246450
112.591667	0.5	9.250300
112.600000	0.5	9.256600
112.608333	0.5	9.253450
112.616667	0.5	9.250350
112.625000	0.5	9.248650
112.633333	0.5	9.247200
112.641667	0.5	9.256400
112.650000	0.5	9.254950
112.658333	0.5	9.260350
112.666667	0.5	9.263900
112.675000	0.5	9.262750
112.683333	0.5	9.269650
112.691667	0.5	9.268700
112.700000	0.5	9.268300
112.708333	0.5	9.273000
112.716667	0.5	9.274650
112.725000	0.5	9.278800
112.733333	0.5	9.267750
112.741667	0.5	9.270200
112.750000	0.5	9.272800
112.758333	0.5	9.271050
112.766667	0.5	9.272200
112.775000	0.5	9.274950
112.783333	0.5	9.277200
112.791667	0.5	9.290150
112.800000	0.5	9.286800
112.808333	0.5	9.285800
112.816667	0.5	9.298450
112.825000	0.5	9.294500
112.833333	0.5	9.297700
112.841667	0.5	9.308700
112.850000	0.5	9.302100
112.858333	0.5	9.314550
112.866667	0.5	9.310950
112.875000	0.5	9.320100
112.883333	0.5	9.319500
112.891667	0.5	9.331050
112.900000	0.5	9.327950
112.908333	0.5	9.335350
112.916667	0.5	9.332950
112.925000	0.5	9.332800
112.933333	0.5	9.331150
112.941667	0.5	9.353750
112.950000	0.5	9.344900
112.958333	0.5	9.351150
112.966667	0.5	9.360850
112.975000	0.5	9.362050
112.983333	0.5	9.374000
112.991667	0.5	9.376600
113.000000	0.5	9.376600
113.008333	0.5	9.394200
113.016667	0.5	9.408100
113.025000	0.5	9.392450
113.033333	0.5	9.408100
113.041667	0.5	9.398100
113.050000	0.5	9.414750
113.058333	0.5	9.418750
113.066667	0.5	9.411950
113.075000	0.5	9.438150
113.083333	0.5	9.435250
113.091667	0.5	9.429850
113.100000	0.5	9.436400
113.108333	0.5	9.442700
113.116667	0.5	9.438050
113.125000	0.5	9.448450
113.133333	0.5	9.457100
113.141667	0.5	9.447850
113.150000	0.5	9.460200
113.158333	0.5	9.455850
113.166667	0.5	9.459050
113.175000	0.5	9.460000
113.183333	0.5	9.454100
113.191667	0.5	9.469400
113.200000	0.5	9.465800
113.208333	0.5	9.462550
113.216667	0.5	9.465950
113.225000	0.5	9.457450
113.233333	0.5	9.467100
113.241667	0.5	9.474450
113.250000	0.5	9.469950
113.258333	0.5	9.476800
113.266667	0.5	9.472750
113.275000	0.5	9.474200
113.283333	0.5	9.463950
113.291667	0.5	9.475050
113.300000	0.5	9.460300
113.308333	0.5	9.464450
113.316667	0.5	9.466350
113.325000	0.5	9.468650
113.333333	0.5	9.476650
113.341667	0.5	9.460750
113.350000	0.5	9.469150
113.358333	0.5	9.467500
113.366667	0.5	9.460600
113.375000	0.5	9.466000
113.383333	0.5	9.452150
113.391667	0.5	9.460300
113.400000	0.5	9.453600
113.408333	0.5	9.457700
113.416667	0.5	9.452100
113.425000	0.5	9.450450
113.433333	0.5	9.456950
113.441667	0.5	9.439500
113.450000	0.5	9.444450
113.458333	0.5	9.441850
113.466667	0.5	9.435250
113.475000	0.5	9.423850
113.483333	0.5	9.422700
113.491667	0.5	9.418550
113.500000	0.5	9.416400
113.508333	0.5	9.410550
113.516667	0.5	9.399950
113.525000	0.5	9.402800
113.533333	0.5	9.401300
113.541667	0.5	9.392900
113.550000	0.5	9.393200
113.558333	0.5	9.384700
113.566667	0.5	9.382900
113.575000	0.5	9.372950
113.583333	0.5	9.358250
113.591667	0.5	9.361450
113.600000	0.5	9.353700
113.608333	0.5	9.359950
113.616667	0.5	9.342750
113.625000	0.5	9.342200
113.633333	0.5	9.340400
113.641667	0.5	9.328600
113.650000	0.5	9.334400
113.658333	0.5	9.328800
113.666667	0.5	9.325600
113.675000	0.5	9.317700
113.683333	0.5	9.321100
113.691667	0.5	9.320000
113.700000	0.5	9.303800
113.708333	0.5	9.306900
113.716667	0.5	9.297700
113.725000	0.5	9.298250
113.733333	0.5	9.295850
113.741667	0.5	9.302100
113.750000	0.5	9.284300
113.758333	0.5	9.301700
113.766667	0.5	9.296250
113.775000	0.5	9.282950
113.783333	0.5	9.274700
113.791667	0.5	9.275600
113.800000	0.5	9.271450
113.808333	0.5	9.259050
113.816667	0.5	9.258950
113.825000	0.5	9.257550
113.833333	0.5	9.264150
113.841667	0.5	9.268150
113.850000	0.5	9.257000
113.858333	0.5	9.245600
113.866667	0.5	9.252050
113.875000	0.5	9.241850
113.883333	0.5	9.243600
113.891667	0.5	9.238400
113.900000	0.5	9.241550
113.908333	0.5	9.240150
113.916667	0.5	9.239950
113.925000	0.5	9.226750
113.933333	0.5	9.227800
113.941667	0.5	9.233550
113.950000	0.5	9.232650
113.958333	0.5	9.241350
113.966667	0.5	9.243250
113.975000	0.5	9.226800
113.983333	0.5	9.230500
113.991667	0.5	9.234150
114.000000	0.5	9.232950
114.008333	0.5	9.230900
114.016667	0.5	9.225400
114.025000	0.5	9.234900
114.033333	0.5	9.240900
114.041667	0.5	9.233850
114.050000	0.5	9.242350
114.058333	0.5	9.224450
114.066667	0.5	9.224250
114.075000	0.5	9.226050
114.083333	0.5	9.231850
114.091667	0.5	9.218950
114.100000	0.5	9.224300
114.108333	0.5	9.213900
114.116667	0.5	9.226700
114.125000	0.5	9.220700
114.133333	0.5	9.220600
114.141667	0.5	9.224800
114.150000	0.5	9.220050
114.158333	0.5	9.224200
114.166667	0.5	9.223400
114.175000	0.5	9.219350
114.183333	0.5	9.221650
114.191667	0.5	9.223450
114.200000	0.5	9.222250
114.208333	0.5	9.221450
114.216667	0.5	9.234750
114.225000	0.5	9.219850
114.233333	0.5	9.219150
114.241667	0.5	9.212250
114.250000	0.5	9.217350
114.258333	0.5	9.212250
114.266667	0.5	9.230600
114.275000	0.5	9.226000
114.283333	0.5	9.223850
114.291667	0.5	9.235300
114.300000	0.5	9.217850
114.308333	0.5	9.215900
114.316667	0.5	9.219000
114.325000	0.5	9.217500
114.333333	0.5	9.210050
114.341667	0.5	9.211000
114.350000	0.5	9.212700
114.358333	0.5	9.206050
114.366667	0.5	9.204600
114.375000	0.5	9.203400
114.383333	0.5	9.211150
114.391667	0.5	9.211500
114.400000	0.5	9.200700
114.408333	0.5	9.202200
114.416667	0.5	9.197150
114.425000	0.5	9.193600
114.433333	0.5	9.207750
114.441667	0.5	9.193900
114.450000	0.5	9.199250
114.458333	0.5	9.193100
114.466667	0.5	9.192550
114.475000	0.5	9.193150
114.483333	0.5	9.181750
114.491667	0.5	9.181850
114.500000	0.5	9.185450
114.508333	0.5	9.198750
114.516667	0.5	9.190800
114.525000	0.5	9.187750
114.533333	0.5	9.175600
114.541667	0.5	9.183250
114.550000	0.5	9.175200
114.558333	0.5	9.171950
114.566667	0.5	9.161650
114.575000	0.5	9.172350
114.583333	0.5	9.165800
114.591667	0.5	9.164250
114.600000	0.5	9.160400
114.608333	0.5	9.160650
114.616667	0.5	9.151400
114.625000	0.5	9.156950
114.633333	0.5	9.153450
114.641667	0.5	9.147200
114.650000	0.5	9.145600
114.658333	0.5	9.139250
114.666667	0.5	9.133950
114.675000	0.5	9.134650
114.683333	0.5	9.122700
114.691667	0.5	9.128400
114.700000	0.5	9.128650
114.708333	0.5	9.130400
114.716667	0.5	9.126700
114.725000	0.5	9.117850
114.733333	0.5	9.110200
114.741667	0.5	9.107750
114.750000	0.5	9.107400
114.758333	0.5	9.102850
114.766667	0.5	9.090950
114.775000	0.5	9.092250
114.783333	0.5	9.093800
114.791667	0.5	9.085600
114.800000	0.5	9.078000
114.808333	0.5	9.074450
114.816667	0.5	9.081700
114.825000	0.5	9.074500
114.833333	0.5	9.058050
114.841667	0.5	9.064250
114.850000	0.5	9.057600
114.858333	0.5	9.050200
114.866667	0.5	9.050600
114.875000	0.5	9.047400
114.883333	0.5	9.036450
114.891667	0.5	9.030000
114.900000	0.5	9.030550
114.908333	0.5	9.020050
114.916667	0.5	9.015150
114.925000	0.5	9.022450
114.933333	0.5	9.020750
114.941667	0.5	9.008400
114.950000	0.5	9.006850
114.958333	0.5	9.002450
114.966667	0.5	9.012150
114.975000	0.5	8.996000
114.983333	0.5	8.994200
114.991667	0.5	8.988150
115.000000	0.5	9.000250
115.008333	0.5	8.987600
115.016667	0.5	8.983200
115.025000	0.5	8.978150
115.033333	0.5	8.974950
115.041667	0.5	8.972950
115.050000	0.5	8.972300
115.058333	0.5	8.961200
115.066667	0.5	8.961000
115.075000	0.5	8.954600
115.083333	0.5	8.954250
115.091667	0.5	8.946750
115.100000	0.5	8.949250
115.108333	0.5	8.947800
115.116667	0.5	8.936000
115.125000	0.5	8.940850
115.133333	0.5	8.943350
115.141667	0.5	8.930100
115.150000	0.5	8.935900
115.158333	0.5	8.934600
115.166667	0.5	8.929300
115.175000	0.5	8.941600
115.183333	0.5	8.927600
115.191667	0.5	8.928000
115.200000	0.5	8.927450
115.208333	0.5	8.923500
115.216667	0.5	8.927350
115.225000	0.5	8.921750
115.233333	0.5	8.920650
115.241667	0.5	8.914300
115.250000	0.5	8.922950
115.258333	0.5	8.921650
115.266667	0.5	8.918400
115.275000	0.5	8.913850
115.283333	0.5	8.917500
115.291667	0.5	8.902300
115.300000	0.5	8.906000
115.308333	0.5	8.905450
115.316667	0.5	8.907550
115.325000	0.5	8.915200
115.333333	0.5	8.902050
115.341667	0.5	8.901300
115.350000	0.5	8.901450
115.358333	0.5	8.902700
115.366667	0.5	8.908950
115.375000	0.5	8.905200
115.383333	0.5	8.905100
115.391667	0.5	8.899250
115.400000	0.5	8.902350
115.408333	0.5	8.882750
115.416667	0.5	8.892950
115.425000	0.5	8.888300
115.433333	0.5	8.889500
115.441667	0.5	8.888200
115.450000	0.5	8.884150
115.458333	0.5	8.863950
115.466667	0.5	8.874250
115.475000	0.5	8.861100
115.483333	0.5	8.857400
115.491667	0.5	8.856050
115.500000	0.5	8.859450
115.508333	0.5	8.862950
115.516667	0.5	8.862800
115.525000	0.5	8.858250
115.533333	0.5	8.857900
115.541667	0.5	8.848450
115.550000	0.5	8.842050
115.558333	0.5	8.847150
115.566667	0.5	8.853450
115.575000	0.5	8.848700
115.583333	0.5	8.847350
115.591667	0.5	8.845500
115.600000	0.5	8.846400
115.608333	0.5	8.849000
115.616667	0.5	8.839300
115.625000	0.5	8.837850
115.633333	0.5	8.846950
115.641667	0.5	8.840700
115.650000	0.5	8.828750
115.658333	0.5	8.828300
115.666667	0.5	8.831900
115.675000	0.5	8.825750
115.683333	0.5	8.826150
115.691667	0.5	8.820050
115.700000	0.5	8.819500
115.708333	0.5	8.825500
115.716667	0.5	8.827250
115.725000	0.5	8.825350
115.733333	0.5	8.819200
115.741667	0.5	8.813550
115.750000	0.5	8.830250
115.758333	0.5	8.823950
115.766667	0.5	8.819900
115.775000	0.5	8.818900
115.783333	0.5	8.830500
115.791667	0.5	8.821150
115.800000	0.5	8.808650
115.808333	0.5	8.812600
115.816667	0.5	8.812300
115.825000	0.5	8.814050
115.833333	0.5	8.802050
115.841667	0.5	8.807100
115.850000	0.5	8.810750
115.858333	0.5	8.807950
115.866667	0.5	8.794750
115.875000	0.5	8.797800
115.883333	0.5	8.799100
115.891667	0.5	8.794900
115.900000	0.5	8.793450
115.908333	0.5	8.776400
115.916667	0.5	8.788100
115.925000	0.5	8.780400
115.933333	0.5	8.775150
115.941667	0.5	8.782100
115.950000	0.5	8.771550
115.958333	0.5	8.782200
115.966667	0.5	8.769100
115.975000	0.5	8.775300
115.983333	0.5	8.760350
115.991667	0.5	8.758150
116.000000	0.5	8.761950
116.008333	0.5	8.755150
116.016667	0.5	8.755700
116.025000	0.5	8.742550
116.033333	0.5	8.734650
116.041667	0.5	8.740850
116.050000	0.5	8.749050
116.058333	0.5	8.738700
116.066667	0.5	8.729800
116.075000	0.5	8.723050
116.083333	0.5	8.727750
116.091667	0.5	8.728350
116.100000	0.5	8.729600
116.108333	0.5	8.715950
116.116667	0.5	8.716950
116.125000	0.5	8.707100
116.133333	0.5	8.704800
116.141667	0.5	8.698700
116.150000	0.5	8.705800
116.158333	0.5	8.706100
116.166667	0.5	8.696800
116.175000	0.5	8.686350
116.183333	0.5	8.691200
116.191667	0.5	8.682050
116.200000	0.5	8.691400
116.208333	0.5	8.680900
116.216667	0.5	8.673350
116.225000	0.5	8.675600
116.233333	0.5	8.674700
116.241667	0.5	8.673350
116.250000	0.5	8.669750
116.258333	0.5	8.657050
116.266667	0.5	8.660700
116.275000	0.5	8.655700
116.283333	0.5	8.658400
116.291667	0.5	8.654250
116.300000	0.5	8.650000
116.308333	0.5	8.642950
116.316667	0.5	8.642600
116.325000	0.5	8.639600
116.333333	0.5	8.637300
116.341667	0.5	8.653650
116.350000	0.5	8.637100
116.358333	0.5	8.639050
116.366667	0.5	8.617200
116.375000	0.5	8.622800
116.383333	0.5	8.636300
116.391667	0.5	8.621900
116.400000	0.5	8.618350
116.408333	0.5	8.620400
116.416667	0.5	8.611800
116.425000	0.5	8.604100
116.433333	0.5	8.615700
116.441667	0.5	8.606900
116.450000	0.5	8.604350
116.458333	0.5	8.597250
116.466667	0.5	8.600000
116.475000	0.5	8.603950
116.483333	0.5	8.592050
116.491667	0.5	8.587400
116.500000	0.5	8.592500
116.508333	0.5	8.586150
116.516667	0.5	8.582050
116.525000	0.5	8.585050
116.533333	0.5	8.580350
116.541667	0.5	8.579100
116.550000	0.5	8.583900
116.558333	0.5	8.569600
116.566667	0.5	8.570350
116.575000	0.5	8.555950
116.583333	0.5	8.560900
116.591667	0.5	8.562200
116.600000	0.5	8.562350
116.608333	0.5	8.563600
116.616667	0.5	8.563450
116.625000	0.5	8.547650
116.633333	0.5	8.552300
116.641667	0.5	8.536650
116.650000	0.5	8.540400
116.658333	0.5	8.534700
116.666667	0.5	8.543350
116.675000	0.5	8.521500
116.683333	0.5	8.533000
116.691667	0.5	8.522800
116.700000	0.5	8.533250
116.708333	0.5	8.526300
116.716667	0.5	8.510150
116.725000	0.5	8.507650
116.733333	0.5	8.521050
116.741667	0.5	8.506400
116.750000	0.5	8.510550
116.758333	0.5	8.508150
116.766667	0.5	8.505300
116.775000	0.5	8.512050
116.783333	0.5	8.505050
116.791667	0.5	8.498200
116.800000	0.5	8.515000
116.808333	0.5	8.501100
116.816667	0.5	8.493600
116.825000	0.5	8.500300
116.833333	0.5	8.498200
116.841667	0.5	8.496450
116.850000	0.5	8.499250
116.858333	0.5	8.494100
116.866667	0.5	8.501800
116.875000	0.5	8.497250
116.883333	0.5	8.489050
116.891667	0.5	8.488350
116.900000	0.5	8.487050
116.908333	0.5	8.487850
116.916667	0.5	8.491100
116.925000	0.5	8.489600
116.933333	0.5	8.480950
116.941667	0.5	8.486150
116.950000	0.5	8.485150
116.958333	0.5	8.476450
116.966667	0.5	8.481200
116.975000	0.5	8.476800
116.983333	0.5	8.475500
116.991667	0.5	8.482050
117.000000	0.5	8.472950
117.008333	0.5	8.475450
117.016667	0.5	8.468550
117.025000	0.5	8.468100
117.033333	0.5	8.472000
117.041667	0.5	8.476150
117.050000	0.5	8.467950
117.058333	0.5	8.470600
117.066667	0.5	8.472100
117.075000	0.5	8.464100
117.083333	0.5	8.459700
117.091667	0.5	8.469750
117.100000	0.5	8.461750
117.108333	0.5	8.471450
117.116667	0.5	8.468300
117.125000	0.5	8.456550
117.133333	0.5	8.459350
117.141667	0.5	8.458900
117.150000	0.5	8.457350
117.158333	0.5	8.460800
117.166667	0.5	8.452000
117.175000	0.5	8.454300
117.183333	0.5	8.459150
117.191667	0.5	8.455950
117.200000	0.5	8.469500
117.208333	0.5	8.464900
117.216667	0.5	8.462100
117.225000	0.5	8.459650
117.233333	0.5	8.462650
117.241667	0.5	8.451800
117.250000	0.5	8.452200
117.258333	0.5	8.457650
117.266667	0.5	8.459000
117.275000	0.5	8.451800
117.283333	0.5	8.460150
117.291667	0.5	8.448050
117.300000	0.5	8.457050
117.308333	0.5	8.440850
117.316667	0.5	8.446250
117.325000	0.5	8.447200
117.333333	0.5	8.449150
117.341667	0.5	8.448700
117.350000	0.5	8.440800
117.358333	0.5	8.459250
117.366667	0.5	8.440350
117.375000	0.5	8.448400
117.383333	0.5	8.441650
117.391667	0.5	8.440900
117.400000	0.5	8.444700
117.408333	0.5	8.439800
117.416667	0.5	8.440300
117.425000	0.5	8.445150
117.433333	0.5	8.444050
117.441667	0.5	8.426650
117.450000	0.5	8.439550
117.458333	0.5	8.435750
117.466667	0.5	8.445350
117.475000	0.5	8.454800
117.483333	0.5	8.454500
117.491667	0.5	8.452400
117.500000	0.5	8.447050
117.508333	0.5	8.468400
117.516667	0.5	8.461700
117.525000	0.5	8.471650
117.533333	0.5	8.477700
117.541667	0.5	8.477550
117.550000	0.5	8.483050
117.558333	0.5	8.492550
117.566667	0.5	8.500400
117.575000	0.5	8.512150
117.583333	0.5	8.513000
117.591667	0.5	8.514950
117.600000	0.5	8.536650
117.608333	0.5	8.542350
117.616667	0.5	8.543100
117.625000	0.5	8.583500
117.633333	0.5	8.578300
117.641667	0.5	8.580800
117.650000	0.5	8.605000
117.658333	0.5	8.620500
117.666667	0.5	8.625750
117.675000	0.5	8.636700
117.683333	0.5	8.649150
117.691667	0.5	8.670750
117.700000	0.5	8.682400
117.708333	0.5	8.703300
117.716667	0.5	8.713650
117.725000	0.5	8.739950
117.733333	0.5	8.758300
117.741667	0.5	8.779000
117.750000	0.5	8.799250
117.758333	0.5	8.823950
117.766667	0.5	8.846200
117.775000	0.5	8.875100
117.783333	0.5	8.891350
117.791667	0.5	8.919950
117.800000	0.5	8.942000
117.808333	0.5	8.976550
117.816667	0.5	9.006500
117.825000	0.5	9.027900
117.833333	0.5	9.063900
117.841667	0.5	9.090300
117.850000	0.5	9.123750
117.858333	0.5	9.168800
117.866667	0.5	9.196650
117.875000	0.5	9.228450
117.883333	0.5	9.269250
117.891667	0.5	9.295550
117.900000	0.5	9.343100
117.908333	0.5	9.384650
117.916667	0.5	9.426200
117.925000	0.5	9.475950
117.933333	0.5	9.514850
117.941667	0.5	9.579300
117.950000	0.5	9.618800
117.958333	0.5	9.674350
117.966667	0.5	9.725700
117.975000	0.5	9.793900
117.983333	0.5	9.852950
117.991667	0.5	9.927700
118.000000	0.5	9.983650
118.008333	0.5	10.063900
118.016667	0.5	10.124800
118.025000	0.5	10.191350
118.033333	0.5	10.293150
118.041667	0.5	10.370400
118.050000	0.5	10.427750
118.058333	0.5	10.525950
118.066667	0.5	10.603750
118.075000	0.5	10.704650
118.083333	0.5	10.797650
118.091667	0.5	10.878250
118.100000	0.5	10.980600
118.108333	0.5	11.065600
118.116667	0.5	11.153200
118.125000	0.5	11.242050
118.133333	0.5	11.336300
118.141667	0.5	11.418050
118.150000	0.5	11.505900
118.158333	0.5	11.610200
118.166667	0.5	11.668700
118.175000	0.5	11.750350
118.183333	0.5	11.837250
118.191667	0.5	11.907650
118.200000	0.5	11.986450
118.208333	0.5	12.061250
118.216667	0.5	12.131250
118.225000	0.5	12.203400
118.233333	0.5	12.269850
118.241667	0.5	12.336850
118.250000	0.5	12.400400
118.258333	0.5	12.445950
118.266667	0.5	12.508200
118.275000	0.5	12.567350
118.283333	0.5	12.616300
118.291667	0.5	12.673100
118.300000	0.5	12.708500
118.308333	0.5	12.757900
118.316667	0.5	12.782050
118.325000	0.5	12.830000
118.333333	0.5	12.855000
118.341667	0.5	12.893750
118.350000	0.5	12.918300
118.358333	0.5	12.935900
118.366667	0.5	12.974750
118.375000	0.5	12.989450
118.383333	0.5	12.998350
118.391667	0.5	13.026700
118.400000	0.5	13.022050
118.408333	0.5	13.062900
118.416667	0.5	13.030500
118.425000	0.5	13.032350
118.433333	0.5	13.030250
118.441667	0.5	13.038200
118.450000	0.5	13.046500
118.458333	0.5	13.017650
118.466667	0.5	13.000200
118.475000	0.5	12.988250
118.483333	0.5	12.956000
118.491667	0.5	12.937900
118.500000	0.5	12.909800
118.508333	0.5	12.863550
118.516667	0.5	12.843250
118.525000	0.5	12.786550
118.533333	0.5	12.735050
118.541667	0.5	12.674400
118.550000	0.5	12.619700
118.558333	0.5	12.538250
118.566667	0.5	12.470600
118.575000	0.5	12.379350
118.583333	0.5	12.321700
118.591667	0.5	12.197450
118.600000	0.5	12.096500
118.608333	0.5	11.973850
118.616667	0.5	11.869600
118.625000	0.5	11.744400
118.633333	0.5	11.619150
118.641667	0.5	11.511300
118.650000	0.5	11.384200
118.658333	0.5	11.267650
118.666667	0.5	11.163600
118.675000	0.5	11.053900
118.683333	0.5	10.945550
118.691667	0.5	10.854500
118.700000	0.5	10.772050
118.708333	0.5	10.708250
118.716667	0.5	10.630300
118.725000	0.5	10.544850
118.733333	0.5	10.508000
118.741667	0.5	10.451000
118.750000	0.5	10.402900
118.758333	0.5	10.360450
118.766667	0.5	10.341800
118.775000	0.5	10.291600
118.783333	0.5	10.260700
118.791667	0.5	10.255300
118.800000	0.5	10.222650
118.808333	0.5	10.194450
118.816667	0.5	10.169300
118.825000	0.5	10.161450
118.833333	0.5	10.145550
118.841667	0.5	10.129050
118.850000	0.5	10.126750
118.858333	0.5	10.118500
118.866667	0.5	10.109450
118.875000	0.5	10.083750
118.883333	0.5	10.078050
118.891667	0.5	10.074850
118.900000	0.5	10.058900
118.908333	0.5	10.035750
118.916667	0.5	10.041150
118.925000	0.5	10.017650
118.933333	0.5	10.000150
118.941667	0.5	9.997050
118.950000	0.5	9.990650
118.958333	0.5	9.976250
118.966667	0.5	9.971950
118.975000	0.5	9.959150
118.983333	0.5	9.951450
118.991667	0.5	9.928500
119.000000	0.5	9.915700
119.008333	0.5	9.906800
119.016667	0.5	9.912700
119.025000	0.5	9.884450
119.033333	0.5	9.886950
119.041667	0.5	9.860250
119.050000	0.5	9.845500
119.058333	0.5	9.840300
119.066667	0.5	9.831450
119.075000	0.5	9.821350
119.083333	0.5	9.806200
119.091667	0.5	9.795000
119.100000	0.5	9.796150
119.108333	0.5	9.777900
119.116667	0.5	9.775450
119.125000	0.5	9.764250
119.133333	0.5	9.773550
119.141667	0.5	9.753200
119.150000	0.5	9.746000
119.158333	0.5	9.744800
119.166667	0.5	9.725300
119.175000	0.5	9.718950
119.183333	0.5	9.698200
119.191667	0.5	9.690050
119.200000	0.5	9.692700
119.208333	0.5	9.669550
119.216667	0.5	9.665000
119.225000	0.5	9.663500
119.233333	0.5	9.641950
119.241667	0.5	9.649750
119.250000	0.5	9.635100
119.258333	0.5	9.611250
119.266667	0.5	9.613400
119.275000	0.5	9.609600
119.283333	0.5	9.605950
119.291667	0.5	9.614700
119.300000	0.5	9.629650
119.308333	0.5	9.614500
119.316667	0.5	9.606650
119.325000	0.5	9.624250
119.333333	0.5	9.613900
119.341667	0.5	9.617850
119.350000	0.5	9.608050
119.358333	0.5	9.613250
119.366667	0.5	9.597350
119.375000	0.5	9.597050
119.383333	0.5	9.597650
119.391667	0.5	9.588200
119.400000	0.5	9.580650
119.408333	0.5	9.570300
119.416667	0.5	9.555950
119.425000	0.5	9.545250
119.433333	0.5	9.539550
119.441667	0.5	9.532750
119.450000	0.5	9.520900
119.458333	0.5	9.494250
119.466667	0.5	9.490250
119.475000	0.5	9.483600
119.483333	0.5	9.478900
119.491667	0.5	9.470950
119.500000	0.5	9.468350
119.508333	0.5	9.457150
119.516667	0.5	9.456800
119.525000	0.5	9.454350
119.533333	0.5	9.465000
119.541667	0.5	9.470550
119.550000	0.5	9.466650
119.558333	0.5	9.498550
119.566667	0.5	9.488500
119.575000	0.5	9.487100
119.583333	0.5	9.511350
119.591667	0.5	9.513100
119.600000	0.5	9.515650
119.608333	0.5	9.513100
119.616667	0.5	9.515450
119.625000	0.5	9.514550
119.633333	0.5	9.532650
119.641667	0.5	9.517850
119.650000	0.5	9.528050
119.658333	0.5	9.535800
119.666667	0.5	9.533350
119.675000	0.5	9.563000
119.683333	0.5	9.566500
119.691667	0.5	9.567250
119.700000	0.5	9.583400
119.708333	0.5	9.593650
119.716667	0.5	9.604450
119.725000	0.5	9.617650
119.733333	0.5	9.631850
119.741667	0.5	9.653600
119.750000	0.5	9.659150
119.758333	0.5	9.690000
119.766667	0.5	9.710400
119.775000	0.5	9.727650
119.783333	0.5	9.741200
119.791667	0.5	9.757700
119.800000	0.5	9.788350
119.808333	0.5	9.795950
119.816667	0.5	9.802400
119.825000	0.5	9.811800
119.833333	0.5	9.824000
119.841667	0.5	9.819500
119.850000	0.5	9.846300
119.858333	0.5	9.825650
119.866667	0.5	9.817000
119.875000	0.5	9.800250
119.883333	0.5	9.782100
119.891667	0.5	9.793400
119.900000	0.5	9.765250
119.908333	0.5	9.751200
119.916667	0.5	9.739500
119.925000	0.5	9.731200
119.933333	0.5	9.725800
119.941667	0.5	9.724150
119.950000	0.5	9.708800
119.958333	0.5	9.712150
119.966667	0.5	9.703650
119.975000	0.5	9.696350
119.983333	0.5	9.698400
119.991667	0.5	9.700750
120.000000	0.5	9.703650
