-e target_id	length	eff_length	Coculture_PT33_HGF2_Late_Replicate_1_HGF2_counts	tpm
RCHGF000001	708	467.187	0	0
RCHGF000002	762	521.139	4	89.1277
RCHGF000003	780	539.038	1	21.5421
RCHGF000004	882	640.873	5	90.595
RCHGF000005	903	661.873	4	70.1765
RCHGF000006	1215	973.873	0	0
RCHGF000007	855	613.873	1	18.9159
RCHGF000008	561	321.385	4	144.524
RCHGF000009	522	283.985	1	40.8895
RCHGF000010	447	213.384	0	0
RCHGF000011	714	473.187	0	0
RCHGF000012	1449	1207.87	3	28.8407
RCHGF000013	144	17.672	0	0
RCHGF000014	639	398.357	0	0
RCHGF000015	480	244.228	0	0
RCHGF000016	744	503.139	0	0
RCHGF000017	849	607.873	0	0
RCHGF000018	387	160.676	0	0
RCHGF000020	519	281.067	0	0
RCHGF000021	156	21.6849	0	0
RCHGF000022	918	676.873	2	34.3107
RCHGF000023	1470	1228.87	2	18.8986
RCHGF000024	948	706.873	3	49.2818
RCHGF000025	2820	2578.87	15	67.541
RCHGF000026	528	289.284	10	401.404
RCHGF000027	480	244.228	0	0
RCHGF000028	747	506.139	1	22.9423
RCHGF000029	852	610.873	8	152.071
RCHGF000030	852	610.873	8	152.071
RCHGF000031	2136	1894.87	4	24.5124
RCHGF000032	114	11.1771	0	0
RCHGF000033	1155	913.873	7	88.9444
RCHGF000034	2412	2170.87	11	58.8389
RCHGF000035	642	401.357	0	0
RCHGF000036	945	703.873	7	115.481
RCHGF000037	399	170.316	5	340.895
RCHGF000038	1875	1633.87	5	35.5352
RCHGF000039	699	458.187	0	0
RCHGF000040	2544	2302.87	21	105.89
RCHGF000041	1098	856.873	1	13.5516
RCHGF000042	2586	2344.87	4	19.8083
RCHGF000043	3450	3208.87	25	90.4678
RCHGF000044	390	162.676	1	71.3809
RCHGF000045	834	592.873	1	19.5859
RCHGF000046	816	574.931	0	0
RCHGF000047	1971	1729.87	251	1684.87
RCHGF000048	813	571.931	544	11044.9
RCHGF000049	1026	784.873	9	133.153
RCHGF000050	1857	1615.87	8	57.4896
RCHGF000051	1692	1450.87	7	56.0241
RCHGF000052	126	13.6888	0	0
RCHGF000053	165	25.1715	0	0
RCHGF000054	135	15.7644	3	2209.78
RCHGF000055	447	213.384	1	54.4183
RCHGF000056	126	13.6888	0	0
RCHGF000057	408	178.092	0	0
RCHGF000058	639	398.357	1	29.1497
RCHGF000059	933	691.873	1	16.7834
RCHGF000060	675	434.231	0	0
RCHGF000061	744	503.139	0	0
RCHGF000062	1182	940.873	8	98.7337
RCHGF000063	1974	1732.87	2	13.402
RCHGF000064	1479	1237.87	1	9.38059
RCHGF000065	900	658.873	9	158.616
RCHGF000066	687	446.231	4	104.089
RCHGF000067	1395	1153.87	2	20.127
RCHGF000068	894	652.873	2	35.5719
RCHGF000069	687	446.231	1	26.0224
RCHGF000070	873	631.873	3	55.1312
RCHGF000071	363	141.694	0	0
RCHGF000072	117	11.7169	0	0
RCHGF000073	861	619.873	1	18.7328
RCHGF000074	732	491.139	0	0
RCHGF000075	207	42.6914	0	0
RCHGF000076	276	80.0099	14	2031.85
RCHGF000077	288	87.1266	16	2132.44
RCHGF000078	1566	1324.87	1	8.7646
RCHGF000079	288	87.1266	0	0
RCHGF000080	459	224.231	0	0
RCHGF000081	450	216.298	0	0
RCHGF000082	411	180.802	0	0
RCHGF000083	369	146.363	0	0
RCHGF000084	1497	1255.87	1	9.24614
RCHGF000085	726	485.187	0	0
RCHGF000086	585	344.648	0	0
RCHGF000087	1785	1543.87	0	0
RCHGF000088	1746	1504.87	0	0
RCHGF000089	615	374.544	0	0
RCHGF000090	354	134.952	0	0
RCHGF000091	1878	1636.87	9	63.846
RCHGF000092	1446	1204.87	22	212.025
RCHGF000093	513	275.176	38	1603.54
RCHGF000094	672	431.273	0	0
RCHGF000095	1434	1192.87	0	0
RCHGF000096	987	745.873	0	0
RCHGF000097	1050	808.873	0	0
RCHGF000098	1203	961.873	0	0
RCHGF000099	1329	1087.87	1	10.674
RCHGF000100	207	42.6914	0	0
RCHGF000101	765	524.038	1	22.1587
RCHGF000102	1164	922.873	0	0
RCHGF000103	1707	1465.87	7	55.4508
RCHGF000104	1047	805.873	5	72.046
RCHGF000105	2346	2104.87	3	16.5501
RCHGF000106	753	512.139	12	272.082
RCHGF000107	195	36.9613	2	628.332
RCHGF000108	195	36.9613	0	0
RCHGF000109	666	425.357	0	0
RCHGF000110	1152	910.873	3	38.2446
RCHGF000111	1008	766.873	9	136.278
RCHGF000112	996	754.873	0	0
RCHGF000113	828	586.931	1	19.7843
RCHGF000114	798	556.931	0	0
RCHGF000115	474	238.37	0	0
RCHGF000116	417	186.064	2	124.817
RCHGF000117	819	577.931	0	0
RCHGF000118	2754	2512.87	2	9.242
RCHGF000119	981	739.873	2	31.3891
RCHGF000121	474	238.37	0	0
RCHGF000122	912	670.873	0	0
RCHGF000123	1251	1009.87	3	34.4954
RCHGF000124	492	255.588	6	272.595
RCHGF000125	672	431.273	5	134.625
RCHGF000126	375	151.111	0	0
RCHGF000127	1632	1390.87	2	16.6974
RCHGF000128	333	118.948	0	0
RCHGF000129	1206	964.873	0	0
RCHGF000130	1470	1228.87	0	0
RCHGF000131	987	745.873	0	0
RCHGF000132	900	658.873	0	0
RCHGF000133	657	416.357	0	0
RCHGF000134	2331	2089.87	10	55.5631
RCHGF000135	1776	1534.87	10	75.6544
RCHGF000136	120	12.1832	0	0
RCHGF000137	597	356.579	0	0
RCHGF000138	1125	883.873	7	91.9633
RCHGF000139	978	736.873	2	31.5169
RCHGF000140	489	252.863	2	91.8441
RCHGF000141	1188	946.873	3	36.7905
RCHGF000142	135	15.7644	0	0
RCHGF000143	174	28.5134	1	407.247
RCHGF000144	735	494.139	0	0
RCHGF000145	702	461.187	0	0
RCHGF000146	777	536.038	0	0
RCHGF000147	243	60.6252	0	0
RCHGF000148	399	170.316	33	2249.91
RCHGF000149	750	509.139	1	22.8071
RCHGF000151	2724	2482.87	6	28.061
RCHGF000152	729	488.187	0	0
RCHGF000153	444	210.743	0	0
RCHGF000154	765	524.038	0	0
RCHGF000155	1194	952.873	2	24.3726
RCHGF000156	909	667.873	1	17.3865
RCHGF000157	744	503.139	0	0
RCHGF000158	555	315.416	0	0
RCHGF000159	1041	799.873	0	0
RCHGF000160	927	685.873	0	0
RCHGF000161	1488	1246.87	0	0
RCHGF000162	1671	1429.87	0	0
RCHGF000163	1053	811.873	0	0
RCHGF000165	1038	796.873	3	43.7158
RCHGF000166	2400	2158.87	4	21.5149
RCHGF000167	120	12.1832	0	0
RCHGF000168	873	631.873	21	385.919
RCHGF000169	1836	1594.87	40	291.233
RCHGF000170	552	312.447	7	260.153
RCHGF000171	1230	988.873	0	0
RCHGF000172	558	318.416	0	0
RCHGF000173	468	232.74	1	49.8925
RCHGF000174	150	19.4273	4	2390.86
RCHGF000175	1656	1414.87	15	123.106
RCHGF000176	873	631.873	3	55.1312
RCHGF000177	390	162.676	20	1427.62
RCHGF000178	876	634.873	61	1115.7
RCHGF000179	996	754.873	17	261.506
RCHGF000180	120	12.1832	0	0
RCHGF000181	813	571.931	1	20.3031
RCHGF000182	786	545.038	0	0
RCHGF000183	1230	988.873	3	35.2279
RCHGF000184	447	213.384	0	0
RCHGF000185	1398	1156.87	2	20.0748
RCHGF000186	525	286.734	5	202.487
RCHGF000187	741	500.139	1	23.2175
RCHGF000188	456	221.474	3	157.291
RCHGF000189	1380	1138.87	16	163.136
RCHGF000190	1140	898.873	7	90.4287
RCHGF000191	1401	1159.87	14	140.16
RCHGF000192	624	383.508	2	60.5567
RCHGF000193	1539	1297.87	0	0
RCHGF000194	1209	967.873	1	11.9974
RCHGF000195	897	655.873	0	0
RCHGF000196	1458	1216.87	4	38.1699
RCHGF000197	969	727.873	0	0
RCHGF000198	1287	1045.87	1	11.1027
RCHGF000199	1242	1000.87	0	0
RCHGF000200	1446	1204.87	5	48.1876
RCHGF000201	1185	943.873	5	61.5124
RCHGF000202	162	24.0909	1	482.007
RCHGF000203	582	341.648	47	1597.44
RCHGF000204	1209	967.873	83	995.786
RCHGF000205	720	479.187	24	581.585
RCHGF000206	1503	1261.87	50	460.109
RCHGF000207	1101	859.873	12	162.052
RCHGF000208	1332	1090.87	4	42.5787
RCHGF000209	2175	1933.87	36	216.163
RCHGF000210	1710	1468.87	22	173.918
RCHGF000212	1578	1336.87	13	112.917
RCHGF000213	1425	1183.87	13	127.51
RCHGF000214	315	104.723	0	0
RCHGF000215	435	202.632	0	0
RCHGF000216	723	482.187	5	120.41
RCHGF000217	111	10.6861	0	0
RCHGF000218	651	410.357	0	0
RCHGF000219	1050	808.873	1	14.3558
RCHGF000220	132	15.0109	0	0
RCHGF000221	726	485.187	0	0
RCHGF000222	1038	796.873	7	102.004
RCHGF000223	1254	1012.87	2	22.9288
RCHGF000224	654	413.357	10	280.919
RCHGF000225	522	283.985	0	0
RCHGF000226	1080	838.873	0	0
RCHGF000227	282	83.4621	0	0
RCHGF000228	1026	784.873	2	29.5895
RCHGF000229	336	121.379	4	382.67
RCHGF000230	711	470.187	0	0
RCHGF000231	678	437.231	0	0
RCHGF000232	456	221.474	1	52.4305
RCHGF000233	534	294.803	2	78.7781
RCHGF000234	645	404.357	2	57.4344
RCHGF000235	3291	3049.87	60	228.442
RCHGF000236	552	312.447	0	0
RCHGF000237	2649	2407.87	53	255.593
RCHGF000238	321	109.531	6	636.094
RCHGF000240	942	700.873	16	265.086
RCHGF000241	588	347.648	1	33.4016
RCHGF000242	459	224.231	5	258.929
RCHGF000243	1050	808.873	24	344.538
RCHGF000244	1551	1309.87	10	88.6497
RCHGF000245	783	542.038	8	171.383
RCHGF000246	1434	1192.87	4	38.9379
RCHGF000247	1656	1414.87	1	8.20709
RCHGF000248	2358	2116.87	37	202.961
RCHGF000249	1101	859.873	18	243.077
RCHGF000250	1539	1297.87	7	62.6285
RCHGF000251	1095	853.873	17	231.186
RCHGF000252	951	709.873	18	294.441
RCHGF000253	1254	1012.87	8	91.7152
RCHGF000254	1281	1039.87	11	122.834
RCHGF000255	426	193.949	0	0
RCHGF000256	600	359.579	10	322.932
RCHGF000257	1752	1510.87	3	23.0568
RCHGF000258	1128	886.873	1	13.0932
RCHGF000259	1206	964.873	5	60.1736
RCHGF000260	168	26.4646	29	12724.4
RCHGF000261	540	300.803	12	463.24
RCHGF000262	816	574.931	1	20.1972
RCHGF000263	1410	1168.87	5	49.6717
RCHGF000264	978	736.873	2	31.5169
RCHGF000265	225	51.2925	0	0
RCHGF000266	207	42.6914	0	0
RCHGF000267	150	19.4273	0	0
RCHGF000268	213	45.7218	0	0
RCHGF000269	759	518.139	0	0
RCHGF000270	939	697.873	0	0
RCHGF000271	114	11.1771	0	0
RCHGF000272	2676	2434.87	1	4.76903
RCHGF000273	270	75.8497	3	459.276
RCHGF000274	204	41.3296	0	0
RCHGF000275	501	264.054	0	0
RCHGF000276	735	494.139	0	0
RCHGF000277	585	344.648	0	0
RCHGF000279	345	128.201	6	543.458
RCHGF000280	600	359.579	0	0
RCHGF000281	591	350.648	4	132.463
RCHGF000282	864	622.873	0	0
RCHGF000283	621	380.508	1	30.5171
RCHGF000284	375	151.111	1	76.8441
RCHGF000285	429	196.851	0	0
RCHGF000286	945	703.873	45	742.377
RCHGF000287	729	488.187	0	0
RCHGF000288	2244	2002.87	8	46.3813
RCHGF000289	1296	1054.87	14	154.111
RCHGF000290	906	664.873	1	17.465
RCHGF000291	207	42.6914	0	0
RCHGF000292	951	709.873	1	16.3578
RCHGF000293	885	643.873	1	18.0346
RCHGF000294	135	15.7644	0	0
RCHGF000295	711	470.187	5	123.483
RCHGF000296	540	300.803	5	193.017
RCHGF000297	702	461.187	1	25.1785
RCHGF000298	771	530.038	1	21.9078
RCHGF000299	1164	922.873	9	113.242
RCHGF000300	1056	814.873	4	57.0002
RCHGF000301	486	249.913	0	0
RCHGF000302	1125	883.873	8	105.101
RCHGF000303	264	72.1646	38	6114.57
RCHGF000304	873	631.873	1	18.3771
RCHGF000305	954	712.873	0	0
RCHGF000306	294	90.9632	0	0
RCHGF000307	939	697.873	7	116.474
RCHGF000308	1806	1564.87	0	0
RCHGF000309	840	598.873	0	0
RCHGF000310	1101	859.873	3	40.5129
RCHGF000311	1026	784.873	3	44.3842
RCHGF000312	264	72.1646	7	1126.37
RCHGF000313	2208	1966.87	15	88.5567
RCHGF000314	1389	1147.87	3	30.3483
RCHGF000315	669	428.357	2	54.2165
RCHGF000316	327	114.119	1	101.754
RCHGF000317	711	470.187	0	0
RCHGF000318	1302	1060.87	3	32.8371
RCHGF000319	375	151.111	4	307.376
RCHGF000320	549	309.447	4	150.1
RCHGF000321	993	751.873	27	416.99
RCHGF000323	1233	991.873	2	23.4143
RCHGF000324	771	530.038	0	0
RCHGF000325	576	335.714	0	0
RCHGF000326	864	622.873	0	0
RCHGF000327	177	29.584	1	392.51
RCHGF000328	162	24.0909	2	964.014
RCHGF000329	930	688.873	2	33.713
RCHGF000330	978	736.873	1	15.7585
RCHGF000331	1005	763.873	1	15.2015
RCHGF000332	798	556.931	2	41.6999
RCHGF000333	522	283.985	1	40.8895
RCHGF000334	1650	1408.87	6	49.4522
RCHGF000335	699	458.187	2	50.6867
RCHGF000336	459	224.231	4	207.143
RCHGF000337	1299	1057.87	2	21.9535
RCHGF000338	282	83.4621	3	417.387
RCHGF000339	558	318.416	0	0
RCHGF000340	171	27.5496	1	421.494
RCHGF000341	330	116.711	0	0
RCHGF000342	597	356.579	1	32.5649
RCHGF000343	1161	919.873	1	12.6235
RCHGF000344	519	281.067	1	41.3139
RCHGF000345	771	530.038	1	21.9078
RCHGF000346	564	324.323	1	35.8038
RCHGF000347	645	404.357	2	57.4344
RCHGF000348	1029	787.873	0	0
RCHGF000349	681	440.231	2	52.7541
RCHGF000350	831	589.931	4	78.7346
RCHGF000351	402	172.967	1	67.1341
RCHGF000352	1038	796.873	0	0
RCHGF000353	771	530.038	1	21.9078
RCHGF000354	717	476.187	1	24.3854
RCHGF000355	150	19.4273	0	0
RCHGF000356	993	751.873	1	15.4441
RCHGF000357	1014	772.873	8	120.195
RCHGF000358	1263	1021.87	9	102.271
RCHGF000359	135	15.7644	0	0
RCHGF000360	903	661.873	2	35.0882
RCHGF000361	1992	1750.87	1	6.63211
RCHGF000362	870	628.873	1	18.4647
RCHGF000363	1176	934.873	0	0
RCHGF000364	510	272.686	1	42.5837
RCHGF000365	1290	1048.87	0	0
RCHGF000366	1002	760.873	3	45.7842
RCHGF000367	759	518.139	9	201.698
RCHGF000368	840	598.873	4	77.5589
RCHGF000369	1383	1141.87	0	0
RCHGF000370	240	58.9242	1	197.066
RCHGF000372	2397	2155.87	7	37.7035
RCHGF000373	867	625.873	0	0
RCHGF000374	1239	997.873	13	151.278
RCHGF000375	138	16.4062	1	707.782
RCHGF000377	215	46.7162	0	0
RCHGF000379	750	509.139	1	22.8071
RCHGF000380	594	353.614	0	0
RCHGF000381	330	116.711	0	0
RCHGF000382	1098	856.873	6	81.3095
RCHGF000383	558	318.416	0	0
RCHGF000384	300	94.8053	0	0
RCHGF000385	1053	811.873	0	0
RCHGF000386	474	238.37	0	0
RCHGF000387	396	167.663	0	0
RCHGF000388	663	422.357	0	0
RCHGF000389	834	592.873	0	0
RCHGF000390	744	503.139	0	0
RCHGF000391	735	494.139	0	0
RCHGF000392	1053	811.873	1	14.3027
RCHGF000393	867	625.873	0	0
RCHGF000394	1026	784.873	0	0
RCHGF000395	1431	1189.87	0	0
RCHGF000396	1275	1033.87	0	0
RCHGF000397	561	321.385	0	0
RCHGF000398	3159	2917.87	2	7.95921
RCHGF000399	1293	1051.87	0	0
RCHGF000400	300	94.8053	0	0
RCHGF000401	309	100.415	0	0
RCHGF000402	645	404.357	2	57.4344
RCHGF000403	312	102.514	1	113.273
RCHGF000404	141	16.8398	0	0
RCHGF000405	591	350.648	2	66.2316
RCHGF000406	1173	931.873	0	0
RCHGF000407	1572	1330.87	0	0
RCHGF000408	831	589.931	0	0
RCHGF000409	468	232.74	0	0
RCHGF000410	207	42.6914	0	0
RCHGF000411	462	226.808	4	204.79
RCHGF000412	300	94.8053	0	0
RCHGF000413	288	87.1266	3	399.832
RCHGF000414	492	255.588	1	45.4325
RCHGF000415	240	58.9242	5	985.332
RCHGF000416	1173	931.873	18	224.296
RCHGF000417	792	551.038	0	0
RCHGF000418	3453	3211.87	7	25.3073
RCHGF000419	558	318.416	1	36.4679
RCHGF000420	162	24.0909	2	964.014
RCHGF000421	1353	1111.87	4	41.7745
RCHGF000422	804	562.931	0	0
RCHGF000423	1359	1117.87	0	0
RCHGF000424	852	610.873	0	0
RCHGF000425	1041	799.873	0	0
RCHGF000426	837	595.873	0	0
RCHGF000427	783	542.038	0	0
RCHGF000428	477	241.323	0	0
RCHGF000429	438	205.305	0	0
RCHGF000430	1455	1213.87	0	0
RCHGF000431	843	601.873	0	0
RCHGF000432	1041	799.873	0	0
RCHGF000433	1914	1672.87	0	0
RCHGF000434	666	425.357	1	27.2994
RCHGF000435	717	476.187	0	0
RCHGF000436	465	229.763	0	0
RCHGF000437	1188	946.873	1	12.2635
RCHGF000438	1416	1174.87	3	29.6508
RCHGF000439	1086	844.873	1	13.7441
RCHGF000440	261	70.3354	0	0
RCHGF000441	2100	1858.87	1	6.24679
RCHGF000442	612	371.544	10	312.533
RCHGF000443	993	751.873	5	77.2204
RCHGF000444	324	111.83	0	0
RCHGF000445	132	15.0109	0	0
RCHGF000446	381	156.436	0	0
RCHGF000447	135	15.7644	0	0
RCHGF000448	144	17.672	0	0
RCHGF000449	1356	1114.87	0	0
RCHGF000450	1116	874.873	6	79.6366
RCHGF000451	192	35.6168	0	0
RCHGF000452	201	39.8512	3	874.151
RCHGF000453	1098	856.873	0	0
RCHGF000454	1941	1699.87	4	27.3244
RCHGF000455	2511	2269.87	18	92.0826
RCHGF000457	1284	1042.87	8	89.0769
RCHGF000459	453	218.867	0	0
RCHGF000460	1806	1564.87	1	7.4204
RCHGF000461	306	98.475	2	235.836
RCHGF000462	594	353.614	5	164.19
RCHGF000463	933	691.873	0	0
RCHGF000464	555	315.416	2	73.6296
RCHGF000465	771	530.038	0	0
RCHGF000466	1218	976.873	7	83.2082
RCHGF000467	2529	2287.87	2	10.1509
RCHGF000468	2085	1843.87	2	12.5952
RCHGF000469	909	667.873	1	17.3865
RCHGF000470	738	497.139	0	0
RCHGF000471	777	536.038	2	43.3253
RCHGF000472	843	601.873	3	57.8792
RCHGF000473	336	121.379	0	0
RCHGF000474	558	318.416	0	0
RCHGF000475	648	407.357	12	342.068
RCHGF000476	147	18.4094	0	0
RCHGF000477	630	389.395	0	0
RCHGF000478	975	733.873	8	126.583
RCHGF000479	1068	826.873	0	0
RCHGF000480	855	613.873	1	18.9159
RCHGF000481	693	452.231	1	25.6771
RCHGF000482	678	437.231	1	26.558
RCHGF000483	1641	1399.87	2	16.5901
RCHGF000484	2343	2101.87	3	16.5738
RCHGF000485	546	306.477	0	0
RCHGF000486	111	10.6861	0	0
RCHGF000487	486	249.913	0	0
RCHGF000488	441	208.139	0	0
RCHGF000489	1035	793.873	0	0
RCHGF000490	312	102.514	0	0
RCHGF000491	2640	2398.87	1	4.8406
RCHGF000492	1941	1699.87	8	54.6487
RCHGF000493	366	143.963	0	0
RCHGF000494	1773	1531.87	8	60.642
RCHGF000495	477	241.323	3	144.354
RCHGF000496	765	524.038	1	22.1587
RCHGF000497	762	521.139	0	0
RCHGF000498	939	697.873	2	33.2782
RCHGF000499	846	604.873	1	19.1974
RCHGF000500	1260	1018.87	2	22.7938
RCHGF000501	1014	772.873	2	30.0489
RCHGF000502	1095	853.873	1	13.5992
RCHGF000503	1011	769.873	0	0
RCHGF000504	1083	841.873	5	68.9652
RCHGF000505	1233	991.873	5	58.5356
RCHGF000506	165	25.1715	0	0
RCHGF000507	921	679.873	0	0
RCHGF000508	348	130.77	0	0
RCHGF000509	138	16.4062	0	0
RCHGF000510	153	20.5216	0	0
RCHGF000512	498	261.105	0	0
RCHGF000513	3693	3451.87	1	3.36397
RCHGF000514	1572	1330.87	0	0
RCHGF000515	1029	787.873	0	0
RCHGF000516	585	344.648	0	0
RCHGF000517	1530	1288.87	0	0
RCHGF000518	438	205.305	0	0
RCHGF000519	690	449.231	1	25.8486
RCHGF000520	750	509.139	0	0
RCHGF000521	1224	982.873	0	0
RCHGF000522	714	473.187	1	24.54
RCHGF000523	369	146.363	0	0
RCHGF000524	327	114.119	0	0
RCHGF000526	186	33.2118	0	0
RCHGF000527	561	321.385	0	0
RCHGF000528	807	565.931	0	0
RCHGF000529	627	386.508	0	0
RCHGF000530	273	77.9196	4	596.101
RCHGF000531	678	437.231	0	0
RCHGF000532	1053	811.873	2	28.6054
RCHGF000533	978	736.873	2	31.5169
RCHGF000534	519	281.067	3	123.942
RCHGF000535	702	461.187	20	503.57
RCHGF000536	573	332.909	0	0
RCHGF000537	1323	1081.87	5	53.6661
RCHGF000538	639	398.357	0	0
RCHGF000539	1641	1399.87	1	8.29503
RCHGF000540	1764	1522.87	3	22.8752
RCHGF000541	756	515.139	3	67.6244
RCHGF000542	894	652.873	2	35.5719
RCHGF000543	2409	2167.87	3	16.0692
RCHGF000544	1371	1129.87	2	20.5545
RCHGF000545	960	718.873	12	193.836
RCHGF000546	165	25.1715	0	0
RCHGF000547	378	153.679	1	75.5601
RCHGF000548	426	193.949	0	0
RCHGF000549	471	235.417	1	49.3252
RCHGF000550	840	598.873	1	19.3897
RCHGF000551	702	461.187	0	0
RCHGF000552	1836	1594.87	0	0
RCHGF000553	312	102.514	0	0
RCHGF000554	1257	1015.87	2	22.8611
RCHGF000555	345	128.201	0	0
RCHGF000556	1443	1201.87	1	9.66157
RCHGF000557	873	631.873	0	0
RCHGF000558	795	553.931	0	0
RCHGF000559	747	506.139	1	22.9423
RCHGF000560	1356	1114.87	0	0
RCHGF000561	453	218.867	0	0
RCHGF000562	477	241.323	2	96.2361
RCHGF000563	1587	1345.87	1	8.62785
RCHGF000564	816	574.931	0	0
RCHGF000565	543	303.685	1	38.2369
RCHGF000566	600	359.579	3	96.8797
RCHGF000567	873	631.873	0	0
RCHGF000568	837	595.873	3	58.462
RCHGF000569	828	586.931	12	237.411
RCHGF000570	717	476.187	2	48.7707
RCHGF000571	1341	1099.87	32	337.842
RCHGF000572	774	533.038	1	21.7845
RCHGF000573	1353	1111.87	9	93.9926
RCHGF000574	951	709.873	16	261.725
RCHGF000575	354	134.952	1	86.0453
RCHGF000576	1647	1405.87	1	8.25963
RCHGF000577	669	428.357	0	0
RCHGF000578	1110	868.873	0	0
RCHGF000579	714	473.187	4	98.1598
RCHGF000580	504	266.924	0	0
RCHGF000581	762	521.139	10	222.819
RCHGF000582	762	521.139	1	22.2819
RCHGF000583	768	527.038	2	44.0651
RCHGF000584	357	137.302	0	0
RCHGF000585	252	65.0902	482	85988.1
RCHGF000586	1329	1087.87	1	10.674
RCHGF000587	765	524.038	4	88.6347
RCHGF000588	222	49.975	0	0
RCHGF000589	369	146.363	1	79.3371
RCHGF000590	357	137.302	0	0
RCHGF000592	3047	2805.87	10	41.3846
RCHGF000594	1983	1741.87	1	6.66638
RCHGF000595	1425	1183.87	24	235.403
RCHGF000596	237	57.4318	1	202.187
RCHGF000597	180	30.82	0	0
RCHGF000598	903	661.873	1	17.5441
RCHGF000599	882	640.873	2	36.238
RCHGF000600	1116	874.873	1	13.2728
RCHGF000601	1755	1513.87	2	15.3408
RCHGF000602	1134	892.873	0	0
RCHGF000603	1032	790.873	0	0
RCHGF000604	1392	1150.87	11	110.987
RCHGF000605	891	649.873	3	53.6042
RCHGF000606	1026	784.873	3	44.3842
RCHGF000607	1707	1465.87	0	0
RCHGF000608	1455	1213.87	0	0
RCHGF000609	1098	856.873	2	27.1032
RCHGF000610	951	709.873	1	16.3578
RCHGF000611	900	658.873	0	0
RCHGF000612	1146	904.873	6	76.9963
RCHGF000613	1119	877.873	5	66.137
RCHGF000614	825	583.931	2	39.7718
RCHGF000615	1149	907.873	2	25.5806
RCHGF000616	624	383.508	0	0
RCHGF000617	597	356.579	4	130.26
RCHGF000618	1224	982.873	3	35.443
RCHGF000619	510	272.686	15	638.756
RCHGF000620	1902	1660.87	5	34.9575
RCHGF000621	237	57.4318	0	0
RCHGF000622	153	20.5216	0	0
RCHGF000623	291	88.988	0	0
RCHGF000624	402	172.967	0	0
RCHGF000625	111	10.6861	0	0
RCHGF000626	963	721.873	1	16.0859
RCHGF000627	1191	949.873	7	85.5734
RCHGF000628	204	41.3296	3	842.882
RCHGF000629	1140	898.873	1	12.9184
RCHGF000631	567	327.259	5	177.413
RCHGF000632	720	479.187	0	0
RCHGF000633	195	36.9613	0	0
RCHGF000634	438	205.305	0	0
RCHGF000635	879	637.873	3	54.6127
RCHGF000636	1491	1249.87	17	157.939
RCHGF000637	1179	937.873	1	12.3812
RCHGF000638	1308	1066.87	0	0
RCHGF000639	1023	781.873	3	44.5545
RCHGF000640	120	12.1832	2	1906.24
RCHGF000641	408	178.092	2	130.404
RCHGF000642	780	539.038	3	64.6262
RCHGF000643	354	134.952	3	258.136
RCHGF000644	177	29.584	0	0
RCHGF000645	786	545.038	1	21.3049
RCHGF000646	138	16.4062	1	707.782
RCHGF000647	762	521.139	0	0
RCHGF000648	909	667.873	4	69.546
RCHGF000649	198	38.6206	0	0
RCHGF000650	1101	859.873	1	13.5043
RCHGF000651	114	11.1771	0	0
RCHGF000652	780	539.038	0	0
RCHGF000653	111	10.6861	0	0
RCHGF000654	1104	862.873	0	0
RCHGF000655	1167	925.873	0	0
RCHGF000656	120	12.1832	0	0
RCHGF000657	891	649.873	2	35.7362
RCHGF000658	117	11.7169	0	0
RCHGF000659	2055	1813.87	13	83.2229
RCHGF000660	309	100.415	0	0
RCHGF000661	1239	997.873	1	11.6367
RCHGF000662	324	111.83	0	0
RCHGF000663	1443	1201.87	1	9.66157
RCHGF000664	1188	946.873	31	380.169
RCHGF000665	174	28.5134	0	0
RCHGF000666	537	297.803	0	0
RCHGF000667	1215	973.873	1	11.9235
RCHGF000668	2190	1948.87	7	41.7082
RCHGF000669	123	13.0985	0	0
RCHGF000670	528	289.284	0	0
RCHGF000671	144	17.672	0	0
RCHGF000672	813	571.931	1	20.3031
RCHGF000673	423	191.608	0	0
RCHGF000674	141	16.8398	0	0
RCHGF000675	765	524.038	10	221.587
RCHGF000676	558	318.416	1	36.4679
RCHGF000677	849	607.873	1	19.1026
RCHGF000678	1119	877.873	0	0
RCHGF000679	144	17.672	0	0
RCHGF000680	1035	793.873	6	87.762
RCHGF000681	666	425.357	0	0
RCHGF000682	918	676.873	1	17.1553
RCHGF000683	747	506.139	5	114.711
RCHGF000684	204	41.3296	0	0
RCHGF000685	960	718.873	19	306.908
RCHGF000686	798	556.931	8	166.8
RCHGF000687	777	536.038	2	43.3253
RCHGF000688	777	536.038	2	43.3253
RCHGF000689	123	13.0985	0	0
RCHGF000690	921	679.873	1	17.0796
RCHGF000691	300	94.8053	0	0
RCHGF000692	822	580.931	0	0
RCHGF000693	780	539.038	0	0
RCHGF000694	468	232.74	0	0
RCHGF000695	738	497.139	0	0
RCHGF000696	408	178.092	0	0
RCHGF000697	2712	2470.87	0	0
RCHGF000698	1215	973.873	1	11.9235
RCHGF000699	1224	982.873	0	0
RCHGF000700	600	359.579	0	0
RCHGF000701	729	488.187	7	166.502
RCHGF000702	1737	1495.87	1	7.76268
RCHGF000703	552	312.447	1	37.1647
RCHGF000704	774	533.038	0	0
RCHGF000705	756	515.139	2	45.0829
RCHGF000706	699	458.187	0	0
RCHGF000707	858	616.873	4	75.2958
RCHGF000708	873	631.873	8	147.017
RCHGF000709	309	100.415	0	0
RCHGF000710	888	646.873	6	107.706
RCHGF000711	837	595.873	12	233.848
RCHGF000712	489	252.863	0	0
RCHGF000713	426	193.949	6	359.228
RCHGF000714	984	742.873	0	0
RCHGF000715	891	649.873	1	17.8681
RCHGF000716	324	111.83	0	0
RCHGF000717	819	577.931	0	0
RCHGF000718	819	577.931	2	40.1847
RCHGF000719	531	291.946	0	0
RCHGF000720	1152	910.873	0	0
RCHGF000721	558	318.416	1	36.4679
RCHGF000722	624	383.508	0	0
RCHGF000723	762	521.139	4	89.1277
RCHGF000724	882	640.873	2	36.238
RCHGF000725	1356	1114.87	2	20.831
RCHGF000726	405	175.522	0	0
RCHGF000727	540	300.803	0	0
RCHGF000728	1338	1096.87	13	137.624
RCHGF000729	1065	823.873	16	225.51
RCHGF000730	624	383.508	0	0
RCHGF000731	660	419.357	1	27.69
RCHGF000732	1005	763.873	1	15.2015
RCHGF000733	192	35.6168	0	0
RCHGF000734	684	443.231	2	52.397
RCHGF000735	423	191.608	0	0
RCHGF000736	2136	1894.87	14	85.7935
RCHGF000737	930	688.873	12	202.278
RCHGF000738	936	694.873	17	284.086
RCHGF000739	642	401.357	0	0
RCHGF000740	507	269.766	0	0
RCHGF000741	939	697.873	0	0
RCHGF000742	225	51.2925	0	0
RCHGF000743	846	604.873	0	0
RCHGF000744	393	164.97	0	0
RCHGF000745	684	443.231	0	0
RCHGF000746	378	153.679	1	75.5601
RCHGF000747	1068	826.873	3	42.1297
RCHGF000748	150	19.4273	0	0
RCHGF000749	654	413.357	1	28.0919
RCHGF000750	849	607.873	1	19.1026
RCHGF000751	369	146.363	0	0
RCHGF000752	123	13.0985	0	0
RCHGF000753	918	676.873	0	0
RCHGF000754	117	11.7169	0	0
RCHGF000755	1131	889.873	0	0
RCHGF000756	693	452.231	2	51.3542
RCHGF000757	132	15.0109	0	0
RCHGF000758	432	199.672	7	407.087
RCHGF000759	510	272.686	0	0
RCHGF000760	489	252.863	0	0
RCHGF000762	996	754.873	3	46.1481
RCHGF000763	411	180.802	0	0
RCHGF000764	1065	823.873	0	0
RCHGF000765	1944	1702.87	3	20.4572
RCHGF000766	936	694.873	0	0
RCHGF000767	552	312.447	1	37.1647
RCHGF000769	345	128.201	0	0
RCHGF000770	1254	1012.87	0	0
RCHGF000771	594	353.614	2	65.6761
RCHGF000772	528	289.284	4	160.562
RCHGF000773	1098	856.873	11	149.067
RCHGF000774	2265	2023.87	2	11.475
RCHGF000775	1611	1369.87	12	101.72
RCHGF000776	318	107.094	0	0
RCHGF000777	411	180.802	0	0
RCHGF000778	642	401.357	0	0
RCHGF000779	1218	976.873	4	47.5476
RCHGF000780	537	297.803	0	0
RCHGF000781	129	14.3734	0	0
RCHGF000782	129	14.3734	0	0
RCHGF000783	687	446.231	3	78.0671
RCHGF000784	1080	838.873	0	0
RCHGF000785	402	172.967	17	1141.28
RCHGF000786	861	619.873	18	337.191
RCHGF000787	1857	1615.87	2	14.3724
RCHGF000788	1722	1480.87	0	0
RCHGF000789	426	193.949	0	0
RCHGF000790	138	16.4062	0	0
RCHGF000791	2001	1759.87	10	65.9819
RCHGF000792	129	14.3734	0	0
RCHGF000793	297	92.8819	2	250.038
RCHGF000794	654	413.357	2	56.1839
RCHGF000795	459	224.231	3	155.357
RCHGF000796	609	368.544	0	0
RCHGF000797	183	32.0921	0	0
RCHGF000798	339	123.444	0	0
RCHGF000799	219	48.5684	0	0
RCHGF000800	3315	3073.87	11	41.554
RCHGF000801	666	425.357	0	0
RCHGF000802	1422	1180.87	1	9.83339
RCHGF000803	3246	3004.87	18	69.5589
RCHGF000804	702	461.187	2	50.357
RCHGF000805	330	116.711	2	198.986
RCHGF000806	678	437.231	2	53.116
RCHGF000807	774	533.038	6	130.707
RCHGF000808	159	22.8618	0	0
RCHGF000809	2202	1960.87	23	136.202
RCHGF000810	1965	1723.87	8	53.8879
RCHGF000811	363	141.694	1	81.9512
RCHGF000812	111	10.6861	0	0
RCHGF000813	132	15.0109	0	0
RCHGF000814	1491	1249.87	0	0
RCHGF000815	129	14.3734	0	0
RCHGF000816	1731	1489.87	5	38.9697
RCHGF000817	450	216.298	0	0
RCHGF000818	159	22.8618	1	507.921
RCHGF000819	1677	1435.87	8	64.6964
RCHGF000820	141	16.8398	0	0
RCHGF000821	165	25.1715	0	0
RCHGF000822	801	559.931	11	228.121
RCHGF000823	843	601.873	17	327.982
RCHGF000824	855	613.873	1	18.9159
RCHGF000825	2424	2182.87	0	0
RCHGF000826	627	386.508	1	30.0434
RCHGF000827	885	643.873	0	0
RCHGF000828	609	368.544	0	0
RCHGF000829	861	619.873	0	0
RCHGF000830	1248	1006.87	0	0
RCHGF000831	840	598.873	0	0
RCHGF000832	759	518.139	0	0
RCHGF000833	471	235.417	0	0
RCHGF000834	468	232.74	0	0
RCHGF000835	435	202.632	0	0
RCHGF000836	306	98.475	2	235.836
RCHGF000837	1167	925.873	3	37.625
RCHGF000838	117	11.7169	0	0
RCHGF000839	117	11.7169	0	0
RCHGF000840	1998	1756.87	5	33.0473
RCHGF000841	624	383.508	3	90.8351
RCHGF000842	690	449.231	41	1059.79
RCHGF000843	714	473.187	17	417.179
RCHGF000844	510	272.686	0	0
RCHGF000845	561	321.385	3	108.393
RCHGF000846	903	661.873	0	0
RCHGF000847	663	422.357	1	27.4933
RCHGF000848	771	530.038	0	0
RCHGF000849	1371	1129.87	1	10.2772
RCHGF000850	588	347.648	1	33.4016
RCHGF000851	669	428.357	0	0
RCHGF000852	639	398.357	1	29.1497
RCHGF000853	816	574.931	1	20.1972
RCHGF000855	1593	1351.87	4	34.3582
RCHGF000856	222	49.975	0	0
RCHGF000857	303	96.4976	0	0
RCHGF000858	153	20.5216	0	0
RCHGF000860	1446	1204.87	0	0
RCHGF000861	576	335.714	0	0
RCHGF000862	1017	775.873	0	0
RCHGF000863	765	524.038	0	0
RCHGF000864	603	362.579	1	32.0261
RCHGF000865	1182	940.873	2	24.6834
RCHGF000866	792	551.038	0	0
RCHGF000867	1455	1213.87	2	19.1321
RCHGF000868	591	350.648	2	66.2316
RCHGF000869	666	425.357	2	54.5988
RCHGF000870	411	180.802	0	0
RCHGF000871	423	191.608	1	60.6029
RCHGF000872	696	455.231	3	76.5237
RCHGF000873	282	83.4621	0	0
RCHGF000874	213	45.7218	0	0
RCHGF000875	399	170.316	0	0
RCHGF000876	888	646.873	3	53.8528
RCHGF000877	384	158.337	0	0
RCHGF000878	348	130.77	0	0
RCHGF000879	915	673.873	1	17.2317
RCHGF000880	666	425.357	0	0
RCHGF000881	801	559.931	2	41.4765
RCHGF000882	225	51.2925	0	0
RCHGF000883	153	20.5216	0	0
RCHGF000884	942	700.873	1	16.5679
RCHGF000885	1128	886.873	0	0
RCHGF000886	135	15.7644	0	0
RCHGF000887	1449	1207.87	1	9.61358
RCHGF000888	600	359.579	0	0
RCHGF000889	1215	973.873	10	119.235
RCHGF000890	324	111.83	0	0
RCHGF000891	1920	1678.87	1	6.91654
RCHGF000892	306	98.475	0	0
RCHGF000893	726	485.187	0	0
RCHGF000894	177	29.584	0	0
RCHGF000895	285	85.1645	0	0
RCHGF000896	327	114.119	0	0
RCHGF000897	1428	1186.87	0	0
RCHGF000898	1494	1252.87	3	27.8049
RCHGF000899	240	58.9242	21	4138.39
RCHGF000900	366	143.963	0	0
RCHGF000901	903	661.873	4	70.1765
RCHGF000902	465	229.763	1	50.539
RCHGF000903	513	275.176	3	126.595
RCHGF000904	990	748.873	1	15.5059
RCHGF000905	912	670.873	0	0
RCHGF000906	798	556.931	4	83.3999
RCHGF000907	564	324.323	17	608.665
RCHGF000908	906	664.873	14	244.509
RCHGF000909	810	568.931	1	20.4102
RCHGF000910	1830	1588.87	0	0
RCHGF000911	1731	1489.87	1	7.79394
RCHGF000912	1170	928.873	3	37.5035
RCHGF000913	795	553.931	3	62.8887
RCHGF000914	1338	1096.87	2	21.1729
RCHGF000915	729	488.187	7	166.502
RCHGF000916	198	38.6206	8	2405.34
RCHGF000917	1008	766.873	11	166.562
RCHGF000918	549	309.447	6	225.15
RCHGF000919	2622	2380.87	87	424.316
RCHGF000920	1098	856.873	4	54.2063
RCHGF000921	798	556.931	4	83.3999
RCHGF000922	114	11.1771	1	1038.9
RCHGF000923	246	62.1954	17	3173.93
RCHGF000924	591	350.648	10	331.158
RCHGF000925	252	65.0902	1	178.398
RCHGF000926	252	65.0902	0	0
RCHGF000927	2595	2353.87	46	226.924
RCHGF000928	414	183.287	14	886.956
RCHGF000929	150	19.4273	6	3586.29
RCHGF000930	444	210.743	2	110.2
RCHGF000931	282	83.4621	3	417.387
RCHGF000932	1770	1528.87	18	136.712
RCHGF000933	1332	1090.87	2	21.2893
RCHGF000935	1218	976.873	6	71.3213
RCHGF000936	348	130.77	1	88.7967
RCHGF000937	111	10.6861	0	0
RCHGF000938	510	272.686	13	553.588
RCHGF000939	837	595.873	0	0
RCHGF000940	501	264.054	2	87.9516
RCHGF000941	504	266.924	1	43.503
RCHGF000942	117	11.7169	0	0
RCHGF000944	453	218.867	1	53.055
RCHGF000945	1164	922.873	11	138.407
RCHGF000946	2130	1888.87	13	79.9185
RCHGF000947	228	52.6724	0	0
RCHGF000948	1833	1591.87	9	65.6509
RCHGF000949	1296	1054.87	448	4931.56
RCHGF000950	762	521.139	2	44.5639
RCHGF000951	189	34.2664	1	338.873
RCHGF000952	549	309.447	2	75.05
RCHGF000953	177	29.584	1	392.51
RCHGF000954	147	18.4094	1	630.765
RCHGF000955	582	341.648	1	33.9882
RCHGF000956	720	479.187	0	0
RCHGF000957	384	158.337	0	0
RCHGF000958	1335	1093.87	5	53.0774
RCHGF000960	186	33.2118	0	0
RCHGF000961	1122	880.873	1	13.1824
RCHGF000962	1011	769.873	246	3710.41
RCHGF000963	567	327.259	0	0
RCHGF000964	483	247.059	14	658.013
RCHGF000965	1068	826.873	1	14.0432
RCHGF000966	819	577.931	0	0
RCHGF000967	1047	805.873	0	0
RCHGF000968	672	431.273	0	0
RCHGF000969	672	431.273	0	0
RCHGF000970	1002	760.873	23	351.012
RCHGF000971	819	577.931	4	80.3694
RCHGF000972	474	238.37	17	828.139
RCHGF000973	1179	937.873	6	74.2871
RCHGF000974	180	30.82	1	376.768
RCHGF000975	303	96.4976	0	0
RCHGF000976	426	193.949	11	658.585
RCHGF000977	1176	934.873	93	1155.15
RCHGF000978	564	324.323	7	250.627
RCHGF000979	132	15.0109	0	0
RCHGF000980	912	670.873	6	103.853
RCHGF000981	264	72.1646	0	0
RCHGF000982	552	312.447	2	74.3294
RCHGF000983	936	694.873	6	100.266
RCHGF000984	945	703.873	14	230.962
RCHGF000985	852	610.873	3	57.0265
RCHGF000986	429	196.851	0	0
RCHGF000987	915	673.873	2	34.4634
RCHGF000988	918	676.873	0	0
RCHGF000989	1413	1171.87	3	29.7267
RCHGF000990	1005	763.873	2	30.4029
RCHGF000991	1266	1024.87	0	0
RCHGF000993	1203	961.873	2	24.1445
RCHGF000994	273	77.9196	0	0
RCHGF000995	642	401.357	0	0
RCHGF000996	684	443.231	0	0
RCHGF000997	1128	886.873	0	0
RCHGF000998	1188	946.873	0	0
RCHGF000999	954	712.873	0	0
RCHGF001000	630	389.395	1	29.8206
RCHGF001001	495	258.461	0	0
RCHGF001002	411	180.802	1	64.2249
RCHGF001003	822	580.931	0	0
RCHGF001004	750	509.139	0	0
RCHGF001005	483	247.059	0	0
RCHGF001006	678	437.231	2	53.116
RCHGF001007	990	748.873	0	0
RCHGF001008	261	70.3354	0	0
RCHGF001009	114	11.1771	0	0
RCHGF001010	951	709.873	0	0
RCHGF001011	1152	910.873	0	0
RCHGF001012	705	464.187	0	0
RCHGF001013	924	682.873	0	0
RCHGF001014	825	583.931	1	19.8859
RCHGF001015	1053	811.873	0	0
RCHGF001016	2382	2140.87	3	16.2718
RCHGF001017	645	404.357	2	57.4344
RCHGF001018	939	697.873	0	0
RCHGF001019	768	527.038	1	22.0326
RCHGF001020	120	12.1832	2	1906.24
RCHGF001021	141	16.8398	1	689.555
RCHGF001022	1044	802.873	0	0
RCHGF001023	1176	934.873	0	0
RCHGF001024	645	404.357	1	28.7172
RCHGF001025	471	235.417	1	49.3252
RCHGF001026	927	685.873	0	0
RCHGF001027	825	583.931	1	19.8859
RCHGF001028	765	524.038	0	0
RCHGF001029	417	186.064	0	0
RCHGF001030	2421	2179.87	8	42.6153
RCHGF001031	267	73.9913	0	0
RCHGF001032	702	461.187	4	100.714
RCHGF001033	795	553.931	4	83.8515
RCHGF001034	801	559.931	6	124.43
RCHGF001035	480	244.228	0	0
RCHGF001036	2730	2488.87	2	9.33112
RCHGF001037	501	264.054	4	175.903
RCHGF001038	1437	1195.87	17	165.071
RCHGF001039	1113	871.873	15	199.776
RCHGF001040	1134	892.873	28	364.145
RCHGF001041	753	512.139	1	22.6735
RCHGF001042	870	628.873	2	36.9295
RCHGF001043	987	745.873	2	31.1366
RCHGF001044	138	16.4062	0	0
RCHGF001045	729	488.187	1	23.7859
RCHGF001046	1272	1030.87	2	22.5284
RCHGF001047	675	434.231	1	26.7415
RCHGF001048	768	527.038	0	0
RCHGF001049	2370	2128.87	0	0
RCHGF001050	474	238.37	0	0
RCHGF001051	522	283.985	0	0
RCHGF001052	852	610.873	2	38.0177
RCHGF001053	615	374.544	2	62.006
RCHGF001054	237	57.4318	0	0
RCHGF001055	351	132.974	1	87.3252
RCHGF001056	1086	844.873	24	329.857
RCHGF001057	744	503.139	17	392.344
RCHGF001058	1344	1102.87	43	452.741
RCHGF001059	444	210.743	3	165.3
RCHGF001060	1995	1753.87	9	59.5869
RCHGF001061	921	679.873	1	17.0796
RCHGF001062	228	52.6724	6	1322.74
RCHGF001063	474	238.37	40	1948.56
RCHGF001064	291	88.988	4	521.958
RCHGF001065	195	36.9613	0	0
RCHGF001066	111	10.6861	0	0
RCHGF001067	216	47.1375	0	0
RCHGF001068	654	413.357	0	0
RCHGF001069	1182	940.873	0	0
RCHGF001070	1101	859.873	1	13.5043
RCHGF001071	1323	1081.87	0	0
RCHGF001072	330	116.711	0	0
RCHGF001073	318	107.094	0	0
RCHGF001074	1041	799.873	4	58.0691
RCHGF001075	1896	1654.87	5	35.0842
RCHGF001076	156	21.6849	0	0
RCHGF001077	822	580.931	4	79.9544
RCHGF001078	1353	1111.87	11	114.88
RCHGF001079	1311	1069.87	4	43.4144
RCHGF001080	810	568.931	0	0
RCHGF001081	843	601.873	0	0
RCHGF001082	705	464.187	0	0
RCHGF001083	1023	781.873	0	0
RCHGF001084	297	92.8819	3	375.056
RCHGF001085	1470	1228.87	0	0
RCHGF001086	453	218.867	1	53.055
RCHGF001087	1110	868.873	1	13.3644
RCHGF001088	795	553.931	5	104.814
RCHGF001089	801	559.931	5	103.691
RCHGF001090	300	94.8053	0	0
RCHGF001091	672	431.273	1	26.9249
RCHGF001092	795	553.931	0	0
RCHGF001093	366	143.963	0	0
RCHGF001094	1530	1288.87	1	9.00941
RCHGF001095	1038	796.873	1	14.5719
RCHGF001096	1290	1048.87	0	0
RCHGF001097	363	141.694	0	0
RCHGF001098	996	754.873	0	0
RCHGF001099	540	300.803	0	0
RCHGF001100	456	221.474	0	0
RCHGF001101	999	757.873	0	0
RCHGF001102	1257	1015.87	4	45.7222
RCHGF001103	495	258.461	5	224.637
RCHGF001104	750	509.139	0	0
RCHGF001105	1338	1096.87	2	21.1729
RCHGF001106	348	130.77	3	266.39
RCHGF001107	1260	1018.87	4	45.5876
RCHGF001108	1443	1201.87	24	231.878
RCHGF001109	171	27.5496	0	0
RCHGF001110	1086	844.873	0	0
RCHGF001111	1929	1687.87	6	41.2779
RCHGF001112	174	28.5134	1	407.247
RCHGF001113	375	151.111	3	230.532
RCHGF001114	264	72.1646	2	321.82
RCHGF001115	1248	1006.87	3	34.5982
RCHGF001116	582	341.648	6	203.929
RCHGF001117	237	57.4318	1	202.187
RCHGF001118	216	47.1375	8	1970.74
RCHGF001119	672	431.273	2	53.8498
RCHGF001120	1011	769.873	1	15.083
RCHGF001121	204	41.3296	0	0
RCHGF001122	765	524.038	2	44.3174
RCHGF001123	2040	1798.87	4	25.8206
RCHGF001126	153	20.5216	0	0
RCHGF001127	3351	3109.87	2	7.46782
RCHGF001128	150	19.4273	0	0
RCHGF001129	363	141.694	1	81.9512
RCHGF001130	1386	1144.87	0	0
RCHGF001131	1035	793.873	2	29.254
RCHGF001132	822	580.931	0	0
RCHGF001133	753	512.139	0	0
RCHGF001134	495	258.461	0	0
RCHGF001135	408	178.092	0	0
RCHGF001136	2769	2527.87	0	0
RCHGF001137	114	11.1771	0	0
RCHGF001138	1023	781.873	0	0
RCHGF001139	651	410.357	0	0
RCHGF001140	2697	2455.87	1	4.72825
RCHGF001141	3207	2965.87	13	50.8976
RCHGF001142	774	533.038	9	196.061
RCHGF001143	555	315.416	103	3791.92
RCHGF001144	618	377.508	23	707.471
RCHGF001145	603	362.579	0	0
RCHGF001146	699	458.187	3	76.03
RCHGF001147	138	16.4062	0	0
RCHGF001148	714	473.187	6	147.24
RCHGF001149	852	610.873	18	342.159
RCHGF001150	1338	1096.87	36	381.112
RCHGF001152	1281	1039.87	3	33.5002
RCHGF001153	4032	3790.87	7	21.442
RCHGF001154	1128	886.873	3	39.2795
RCHGF001155	1479	1237.87	4	37.5224
RCHGF001156	465	229.763	0	0
RCHGF001157	333	118.948	0	0
RCHGF001158	972	730.873	7	111.215
RCHGF001159	129	14.3734	1	807.881
RCHGF001160	906	664.873	7	122.255
RCHGF001161	999	757.873	5	76.609
RCHGF001162	171	27.5496	0	0
RCHGF001163	129	14.3734	0	0
RCHGF001164	312	102.514	3	339.818
RCHGF001165	1887	1645.87	0	0
RCHGF001166	1734	1492.87	1	7.77828
RCHGF001167	426	193.949	0	0
RCHGF001168	126	13.6888	0	0
RCHGF001169	1068	826.873	1	14.0432
RCHGF001170	936	694.873	4	66.8438
RCHGF001171	1104	862.873	0	0
RCHGF001172	252	65.0902	2	356.797
RCHGF001173	972	730.873	17	270.093
RCHGF001174	546	306.477	4	151.555
RCHGF001176	728	487.187	3	71.5043
RCHGF001178	528	289.284	1	40.1404
RCHGF001179	546	306.477	0	0
RCHGF001180	342	125.736	0	0
RCHGF001181	327	114.119	0	0
RCHGF001182	177	29.584	0	0
RCHGF001183	1509	1267.87	12	109.904
RCHGF001184	2004	1762.87	12	79.0436
RCHGF001185	591	350.648	4	132.463
RCHGF001186	216	47.1375	1	246.343
RCHGF001187	432	199.672	0	0
RCHGF001188	543	303.685	1	38.2369
RCHGF001189	1650	1408.87	0	0
RCHGF001190	855	613.873	0	0
RCHGF001191	1125	883.873	0	0
RCHGF001192	453	218.867	0	0
RCHGF001193	417	186.064	0	0
RCHGF001195	765	524.038	3	66.476
RCHGF001196	987	745.873	1	15.5683
RCHGF001197	147	18.4094	0	0
RCHGF001198	1434	1192.87	0	0
RCHGF001199	2376	2134.87	7	38.0743
RCHGF001200	465	229.763	6	303.234
RCHGF001201	111	10.6861	0	0
RCHGF001202	1785	1543.87	5	37.6067
RCHGF001203	1596	1354.87	5	42.8527
RCHGF001204	1578	1336.87	5	43.4296
RCHGF001205	147	18.4094	0	0
RCHGF001206	306	98.475	0	0
RCHGF001207	144	17.672	11	7227.91
RCHGF001208	408	178.092	375	24450.8
RCHGF001209	1680	1438.87	9	72.6317
RCHGF001210	1206	964.873	11	132.382
RCHGF001211	855	613.873	4	75.6637
RCHGF001212	612	371.544	0	0
RCHGF001213	324	111.83	0	0
RCHGF001214	252	65.0902	0	0
RCHGF001215	813	571.931	1	20.3031
RCHGF001216	156	21.6849	0	0
RCHGF001217	111	10.6861	0	0
RCHGF001218	273	77.9196	0	0
RCHGF001219	330	116.711	0	0
RCHGF001220	810	568.931	4	81.6408
RCHGF001221	363	141.694	0	0
RCHGF001222	273	77.9196	0	0
RCHGF001223	525	286.734	0	0
RCHGF001224	1131	889.873	1	13.049
RCHGF001225	756	515.139	1	22.5415
RCHGF001226	819	577.931	3	60.2771
RCHGF001227	699	458.187	1	25.3433
RCHGF001228	606	365.544	0	0
RCHGF001229	1167	925.873	0	0
RCHGF001230	840	598.873	0	0
RCHGF001231	846	604.873	1	19.1974
RCHGF001232	1110	868.873	0	0
RCHGF001233	576	335.714	0	0
RCHGF001234	420	188.818	1	61.4982
RCHGF001235	747	506.139	3	68.8268
RCHGF001236	681	440.231	2	52.7541
RCHGF001237	336	121.379	2	191.335
RCHGF001238	432	199.672	3	174.466
RCHGF001239	1236	994.873	7	81.7028
RCHGF001240	729	488.187	1	23.7859
RCHGF001241	936	694.873	0	0
RCHGF001242	1053	811.873	3	42.9081
RCHGF001243	948	706.873	6	98.5635
RCHGF001244	972	730.873	13	206.542
RCHGF001245	930	688.873	2	33.713
RCHGF001246	870	628.873	4	73.859
RCHGF001247	1365	1123.87	3	30.9963
RCHGF001248	462	226.808	0	0
RCHGF001249	222	49.975	0	0
RCHGF001250	1035	793.873	1	14.627
RCHGF001251	798	556.931	1	20.85
RCHGF001252	1002	760.873	1	15.2614
RCHGF001253	156	21.6849	0	0
RCHGF001254	366	143.963	4	322.638
RCHGF001255	1251	1009.87	10	114.985
RCHGF001256	1215	973.873	32	381.552
RCHGF001257	198	38.6206	0	0
RCHGF001258	1527	1285.87	1	9.03043
RCHGF001259	1200	958.873	4	48.4401
RCHGF001260	777	536.038	2	43.3253
RCHGF001261	459	224.231	3	155.357
RCHGF001262	1644	1402.87	15	124.159
RCHGF001263	186	33.2118	0	0
RCHGF001264	1158	916.873	5	63.3238
RCHGF001265	846	604.873	0	0
RCHGF001266	633	392.357	2	59.191
RCHGF001267	354	134.952	2	172.091
RCHGF001268	651	410.357	0	0
RCHGF001269	579	338.714	1	34.2826
RCHGF001270	2928	2686.87	20	86.4349
RCHGF001271	1302	1060.87	7	76.6198
RCHGF001272	183	32.0921	1	361.833
RCHGF001273	666	425.357	0	0
RCHGF001274	1716	1474.87	1	7.87321
RCHGF001275	1917	1675.87	0	0
RCHGF001276	1749	1507.87	6	46.2054
RCHGF001277	912	670.873	4	69.235
RCHGF001278	111	10.6861	0	0
RCHGF001279	1326	1084.87	3	32.1106
RCHGF001280	2448	2206.87	8	42.0939
RCHGF001281	540	300.803	9	347.43
RCHGF001282	759	518.139	0	0
RCHGF001283	276	80.0099	0	0
RCHGF001284	546	306.477	1	37.8887
RCHGF001285	1278	1036.87	1	11.199
RCHGF001286	744	503.139	1	23.0791
RCHGF001287	1299	1057.87	5	54.8836
RCHGF001288	1434	1192.87	0	0
RCHGF001289	1425	1183.87	0	0
RCHGF001290	813	571.931	0	0
RCHGF001291	747	506.139	0	0
RCHGF001292	372	148.505	0	0
RCHGF001293	705	464.187	15	375.236
RCHGF001294	1401	1159.87	3	30.0343
RCHGF001295	1410	1168.87	4	39.7374
RCHGF001296	930	688.873	2	33.713
RCHGF001297	129	14.3734	0	0
RCHGF001298	618	377.508	0	0
RCHGF001299	465	229.763	0	0
RCHGF001300	213	45.7218	0	0
RCHGF001301	747	506.139	7	160.596
RCHGF001302	966	724.873	7	112.135
RCHGF001303	972	730.873	4	63.5513
RCHGF001304	447	213.384	1	54.4183
RCHGF001305	2208	1966.87	1	5.90378
RCHGF001306	162	24.0909	0	0
RCHGF001307	1068	826.873	0	0
RCHGF001308	1092	850.873	0	0
RCHGF001309	834	592.873	0	0
RCHGF001310	873	631.873	0	0
RCHGF001311	1278	1036.87	0	0
RCHGF001312	1332	1090.87	0	0
RCHGF001313	1008	766.873	9	136.278
RCHGF001314	966	724.873	1	16.0193
RCHGF001315	1122	880.873	2	26.3647
RCHGF001316	2082	1840.87	10	63.0787
RCHGF001317	669	428.357	1	27.1082
RCHGF001318	264	72.1646	0	0
RCHGF001319	180	30.82	0	0
RCHGF001320	633	392.357	4	118.382
RCHGF001321	810	568.931	37	755.177
RCHGF001322	1074	832.873	0	0
RCHGF001323	114	11.1771	0	0
RCHGF001324	141	16.8398	0	0
RCHGF001325	621	380.508	32	976.547
RCHGF001326	489	252.863	33	1515.43
RCHGF001327	870	628.873	95	1754.15
RCHGF001328	1368	1126.87	279	2874.99
RCHGF001329	183	32.0921	0	0
RCHGF001330	1365	1123.87	8	82.6569
RCHGF001331	498	261.105	5	222.362
RCHGF001332	477	241.323	1	48.118
RCHGF001333	915	673.873	0	0
RCHGF001334	948	706.873	0	0
RCHGF001335	948	706.873	24	394.254
RCHGF001336	117	11.7169	0	0
RCHGF001337	348	130.77	1	88.7967
RCHGF001338	132	15.0109	0	0
RCHGF001339	1041	799.873	2	29.0346
RCHGF001340	2514	2272.87	1	5.10895
RCHGF001341	957	715.873	0	0
RCHGF001342	636	395.357	7	205.596
RCHGF001343	2625	2383.87	12	58.4527
RCHGF001344	261	70.3354	4	660.378
RCHGF001345	2817	2575.87	24	108.192
RCHGF001346	1767	1525.87	29	220.692
RCHGF001347	969	727.873	1	15.9533
RCHGF001348	1443	1201.87	22	212.555
RCHGF001349	198	38.6206	55.5882	16713.6
RCHGF001350	480	244.228	3	142.637
RCHGF001351	111	10.6861	0	0
RCHGF001352	642	401.357	0	0
RCHGF001353	612	371.544	0	0
RCHGF001354	1323	1081.87	1	10.7332
RCHGF001355	840	598.873	1	19.3897
RCHGF001356	378	153.679	0	0
RCHGF001357	639	398.357	0	0
RCHGF001358	828	586.931	0	0
RCHGF001359	807	565.931	0	0
RCHGF001360	483	247.059	0	0
RCHGF001361	1125	883.873	1	13.1376
RCHGF001362	420	188.818	0	0
RCHGF001363	759	518.139	4	89.6437
RCHGF001364	816	574.931	3	60.5916
RCHGF001365	147	18.4094	0	0
RCHGF001366	1332	1090.87	2	21.2893
RCHGF001367	792	551.038	1	21.0729
RCHGF001368	219	48.5684	0	0
RCHGF001369	369	146.363	2	158.674
RCHGF001370	453	218.867	0	0
RCHGF001371	165	25.1715	0	0
RCHGF001372	1089	847.873	0	0
RCHGF001373	168	26.4646	0	0
RCHGF001374	2169	1927.87	1	6.02321
RCHGF001375	864	622.873	0	0
RCHGF001376	879	637.873	1	18.2042
RCHGF001377	1332	1090.87	3	31.934
RCHGF001378	399	170.316	7	477.253
RCHGF001379	1455	1213.87	3	28.6982
RCHGF001380	1398	1156.87	28	281.047
RCHGF001381	657	416.357	15	418.343
RCHGF001382	1332	1090.87	16	170.315
RCHGF001383	1380	1138.87	13	132.548
RCHGF001384	1398	1156.87	3	30.1122
RCHGF001385	114	11.1771	0	0
RCHGF001386	129	14.3734	2	1615.76
RCHGF001387	339	123.444	1	94.0671
RCHGF001388	342	125.736	1	92.3519
RCHGF001389	336	121.379	3	287.002
RCHGF001390	768	527.038	1	22.0326
RCHGF001391	159	22.8618	5	2539.6
RCHGF001392	2211	1969.87	2	11.7896
RCHGF001393	1164	922.873	3	37.7473
RCHGF001394	1083	841.873	0	0
RCHGF001395	762	521.139	2	44.5639
RCHGF001396	261	70.3354	0	0
RCHGF001397	330	116.711	0	0
RCHGF001398	687	446.231	2	52.0447
RCHGF001399	1053	811.873	2	28.6054
RCHGF001400	1251	1009.87	0	0
RCHGF001401	1071	829.873	13	181.902
RCHGF001402	828	586.931	1	19.7843
RCHGF001403	612	371.544	0	0
RCHGF001404	1806	1564.87	4	29.6816
RCHGF001405	429	196.851	0	0
RCHGF001406	822	580.931	3	59.9658
RCHGF001407	528	289.284	6	240.842
RCHGF001408	789	548.038	2	42.3766
RCHGF001409	120	12.1832	0	0
RCHGF001410	438	205.305	1	56.5597
RCHGF001411	648	407.357	0	0
RCHGF001412	1152	910.873	2	25.4964
RCHGF001413	486	249.913	0	0
RCHGF001414	870	628.873	0	0
RCHGF001415	1143	901.873	1	12.8754
RCHGF001416	888	646.873	4	71.8038
RCHGF001417	423	191.608	0	0
RCHGF001418	474	238.37	0	0
RCHGF001419	492	255.588	0	0
RCHGF001420	585	344.648	0	0
RCHGF001421	243	60.6252	0	0
RCHGF001422	765	524.038	0	0
RCHGF001423	2247	2005.87	58	335.762
RCHGF001424	1458	1216.87	18	171.765
RCHGF001426	117	11.7169	1	991.047
RCHGF001427	417	186.064	0	0
RCHGF001428	222	49.975	0	0
RCHGF001430	1764	1522.87	14	106.751
RCHGF001431	576	335.714	0	0
RCHGF001432	663	422.357	0	0
RCHGF001433	867	625.873	2	37.1065
RCHGF001434	1731	1489.87	7	54.5576
RCHGF001435	747	506.139	2	45.8846
RCHGF001436	1053	811.873	1	14.3027
RCHGF001437	123	13.0985	0	0
RCHGF001438	132	15.0109	8	6188.57
RCHGF001439	150	19.4273	5	2988.57
RCHGF001440	1329	1087.87	3	32.0221
RCHGF001441	1395	1153.87	2	20.127
RCHGF001442	876	634.873	0	0
RCHGF001443	456	221.474	0	0
RCHGF001444	945	703.873	0	0
RCHGF001445	753	512.139	0	0
RCHGF001447	939	697.873	1	16.6391
RCHGF001448	666	425.357	1	27.2994
RCHGF001449	645	404.357	9	258.455
RCHGF001450	927	685.873	6	101.581
RCHGF001451	429	196.851	0	0
RCHGF001452	504	266.924	0	0
RCHGF001453	858	616.873	1	18.8239
RCHGF001454	819	577.931	0	0
RCHGF001455	891	649.873	0	0
RCHGF001456	843	601.873	4	77.1723
RCHGF001457	1188	946.873	9	110.372
RCHGF001458	1872	1630.87	8	56.9608
RCHGF001459	351	132.974	0	0
RCHGF001460	738	497.139	1	23.3576
RCHGF001461	858	616.873	1	18.8239
RCHGF001462	1071	829.873	3	41.9774
RCHGF001463	153	20.5216	0	0
RCHGF001464	2274	2032.87	3	17.1363
RCHGF001465	537	297.803	0	0
RCHGF001466	1611	1369.87	1	8.47669
RCHGF001467	1359	1117.87	0	0
RCHGF001468	1533	1291.87	8	71.9079
RCHGF001469	486	249.913	0	0
RCHGF001470	714	473.187	2	49.0799
RCHGF001471	660	419.357	0	0
RCHGF001472	615	374.544	0	0
RCHGF001473	852	610.873	1	19.0088
RCHGF001474	675	434.231	2	53.483
RCHGF001475	699	458.187	0	0
RCHGF001476	990	748.873	1	15.5059
RCHGF001477	1005	763.873	2	30.4029
RCHGF001478	666	425.357	0	0
RCHGF001479	630	389.395	0	0
RCHGF001480	510	272.686	2	85.1675
RCHGF001481	1431	1189.87	3	29.277
RCHGF001482	1392	1150.87	6	60.5383
RCHGF001483	987	745.873	5	77.8415
RCHGF001484	1878	1636.87	5	35.47
RCHGF001485	2364	2122.87	3	16.4098
RCHGF001486	738	497.139	0	0
RCHGF001487	1878	1636.87	0	0
RCHGF001488	843	601.873	0	0
RCHGF001489	666	425.357	0	0
RCHGF001490	1029	787.873	0	0
RCHGF001491	678	437.231	0	0
RCHGF001492	888	646.873	1	17.9509
RCHGF001493	1506	1264.87	1	9.18036
RCHGF001495	1692	1450.87	23	184.079
RCHGF001496	1014	772.873	0	0
RCHGF001497	888	646.873	1	17.9509
RCHGF001498	453	218.867	0	0
RCHGF001499	606	365.544	0	0
RCHGF001501	897	655.873	0	0
RCHGF001502	1086	844.873	3	41.2322
RCHGF001503	816	574.931	0	0
RCHGF001504	843	601.873	0	0
RCHGF001505	771	530.038	0	0
RCHGF001506	492	255.588	0	0
RCHGF001507	417	186.064	0	0
RCHGF001508	1953	1711.87	3	20.3496
RCHGF001509	1371	1129.87	4	41.109
RCHGF001510	171	27.5496	0	0
RCHGF001511	777	536.038	0	0
RCHGF001512	126	13.6888	0	0
RCHGF001513	417	186.064	0	0
RCHGF001514	912	670.873	0	0
RCHGF001515	984	742.873	0	0
RCHGF001516	132	15.0109	0	0
RCHGF001517	894	652.873	0	0
RCHGF001518	1371	1129.87	1	10.2772
RCHGF001519	114	11.1771	0	0
RCHGF001520	801	559.931	2	41.4765
RCHGF001521	2607	2365.87	2	9.81624
RCHGF001522	450	216.298	0	0
RCHGF001523	1470	1228.87	0	0
RCHGF001524	2022	1780.87	7	45.6427
RCHGF001525	537	297.803	0	0
RCHGF001526	1218	976.873	1	11.8869
RCHGF001527	771	530.038	1	21.9078
RCHGF001528	288	87.1266	0	0
RCHGF001529	369	146.363	1	79.3371
RCHGF001530	180	30.82	1	376.768
RCHGF001531	387	160.676	0	0
RCHGF001532	1866	1624.87	5	35.732
RCHGF001533	135	15.7644	0	0
RCHGF001534	567	327.259	2	70.9651
RCHGF001535	183	32.0921	0	0
RCHGF001536	1098	856.873	3	40.6547
RCHGF001537	984	742.873	4	62.5247
RCHGF001538	621	380.508	0	0
RCHGF001539	870	628.873	0	0
RCHGF001540	1578	1336.87	4	34.7437
RCHGF001541	1671	1429.87	2	16.242
RCHGF001542	201	39.8512	0	0
RCHGF001543	153	20.5216	0	0
RCHGF001544	972	730.873	4	63.5513
RCHGF001545	1488	1246.87	36	335.264
RCHGF001546	468	232.74	0	0
RCHGF001547	372	148.505	0	0
RCHGF001548	954	712.873	0	0
RCHGF001549	456	221.474	0	0
RCHGF001550	1581	1339.87	7	60.6654
RCHGF001551	870	628.873	6	110.788
RCHGF001552	846	604.873	0	0
RCHGF001553	756	515.139	0	0
RCHGF001554	798	556.931	0	0
RCHGF001555	420	188.818	0	0
RCHGF001556	1224	982.873	4	47.2573
RCHGF001557	798	556.931	0	0
RCHGF001558	777	536.038	1	21.6626
RCHGF001559	477	241.323	0	0
RCHGF001560	2727	2485.87	3	14.0136
RCHGF001561	735	494.139	0	0
RCHGF001562	1203	961.873	5	60.3613
RCHGF001563	1341	1099.87	23	242.824
RCHGF001564	282	83.4621	1	139.129
RCHGF001565	435	202.632	0	0
RCHGF001566	645	404.357	0	0
RCHGF001567	1056	814.873	1	14.2501
RCHGF001568	1515	1273.87	6	54.693
RCHGF001569	1368	1126.87	0	0
RCHGF001570	660	419.357	3	83.07
RCHGF001571	837	595.873	0	0
RCHGF001572	771	530.038	0	0
RCHGF001573	471	235.417	0	0
RCHGF001574	414	183.287	0	0
RCHGF001575	843	601.873	0	0
RCHGF001576	648	407.357	0	0
RCHGF001577	1029	787.873	0	0
RCHGF001578	729	488.187	1	23.7859
RCHGF001579	699	458.187	3	76.03
RCHGF001580	540	300.803	2	77.2067
RCHGF001581	1719	1477.87	11	86.4295
RCHGF001582	867	625.873	8	148.426
RCHGF001583	1677	1435.87	15	121.306
RCHGF001584	885	643.873	1	18.0346
RCHGF001585	885	643.873	0	0
RCHGF001586	1041	799.873	0	0
RCHGF001587	1158	916.873	0	0
RCHGF001588	834	592.873	0	0
RCHGF001589	753	512.139	0	0
RCHGF001590	480	244.228	0	0
RCHGF001591	399	170.316	0	0
RCHGF001592	2433	2191.87	8	42.382
RCHGF001593	1317	1075.87	3	32.3792
RCHGF001594	1668	1426.87	0	0
RCHGF001595	1230	988.873	1	11.7426
RCHGF001597	708	467.187	0	0
RCHGF001598	711	470.187	0	0
RCHGF001599	741	500.139	0	0
RCHGF001600	693	452.231	2	51.3542
RCHGF001601	414	183.287	0	0
RCHGF001602	207	42.6914	0	0
RCHGF001603	414	183.287	33	2090.68
RCHGF001604	183	32.0921	0	0
RCHGF001605	1104	862.873	117	1574.51
RCHGF001606	135	15.7644	0	0
RCHGF001607	111	10.6861	0	0
RCHGF001608	117	11.7169	0	0
RCHGF001609	336	121.379	7	669.672
RCHGF001610	612	371.544	6	187.52
RCHGF001611	333	118.948	3	292.866
RCHGF001612	621	380.508	0	0
RCHGF001613	1227	985.873	5	58.8919
RCHGF001614	1167	925.873	1	12.5417
RCHGF001615	387	160.676	0	0
RCHGF001616	819	577.931	0	0
RCHGF001617	990	748.873	2	31.0119
RCHGF001618	363	141.694	4	327.805
RCHGF001619	1122	880.873	1	13.1824
RCHGF001620	774	533.038	3	65.3536
RCHGF001621	1104	862.873	4	53.8294
RCHGF001622	1272	1030.87	1	11.2642
RCHGF001623	297	92.8819	0	0
RCHGF001624	483	247.059	1	47.0009
RCHGF001625	2868	2626.87	3	13.2614
RCHGF001626	555	315.416	34	1251.7
RCHGF001627	1260	1018.87	106	1208.07
RCHGF001628	696	455.231	1	25.5079
RCHGF001629	1599	1357.87	7	59.8612
RCHGF001630	546	306.477	0	0
RCHGF001631	555	315.416	0	0
RCHGF001632	1290	1048.87	0	0
RCHGF001633	450	216.298	0	0
RCHGF001634	1347	1105.87	4	42.0011
RCHGF001635	462	226.808	0	0
RCHGF001636	876	634.873	0	0
RCHGF001637	2073	1831.87	0	0
RCHGF001638	648	407.357	0	0
RCHGF001639	480	244.228	0	0
RCHGF001640	888	646.873	1	17.9509
RCHGF001641	612	371.544	0	0
RCHGF001642	759	518.139	0	0
RCHGF001643	1287	1045.87	0	0
RCHGF001644	273	77.9196	0	0
RCHGF001645	441	208.139	0	0
RCHGF001646	294	90.9632	8	1021.25
RCHGF001647	552	312.447	22	817.623
RCHGF001648	1311	1069.87	11	119.39
RCHGF001649	1482	1240.87	0	0
RCHGF001650	663	422.357	0	0
RCHGF001651	750	509.139	0	0
RCHGF001652	468	232.74	0	0
RCHGF001653	744	503.139	3	69.2372
RCHGF001654	762	521.139	0	0
RCHGF001655	2739	2497.87	0	0
RCHGF001656	468	232.74	0	0
RCHGF001657	747	506.139	0	0
RCHGF001658	819	577.931	0	0
RCHGF001659	1131	889.873	0	0
RCHGF001660	387	160.676	0	0
RCHGF001661	564	324.323	10	358.038
RCHGF001662	714	473.187	2	49.0799
RCHGF001663	870	628.873	1	18.4647
RCHGF001664	1230	988.873	8	93.9411
RCHGF001665	174	28.5134	7	2850.73
RCHGF001666	1251	1009.87	4	45.9938
RCHGF001667	1398	1156.87	4	40.1496
RCHGF001668	180	30.82	0	0
RCHGF001669	363	141.694	0	0
RCHGF001670	426	193.949	0	0
RCHGF001671	2028	1786.87	2	12.997
RCHGF001672	1422	1180.87	0	0
RCHGF001673	345	128.201	0	0
RCHGF001674	1239	997.873	1	11.6367
RCHGF001675	318	107.094	0	0
RCHGF001676	1884	1642.87	4	28.2724
RCHGF001677	756	515.139	0	0
RCHGF001678	126	13.6888	0	0
RCHGF001679	165	25.1715	0	0
RCHGF001680	888	646.873	0	0
RCHGF001681	864	622.873	0	0
RCHGF001682	729	488.187	6	142.716
RCHGF001683	537	297.803	298	11619.7
RCHGF001684	405	175.522	74	4895.6
RCHGF001685	486	249.913	0	0
RCHGF001686	804	562.931	2	41.2555
RCHGF001687	849	607.873	5	95.5132
RCHGF001689	561	321.385	0	0
RCHGF001690	1263	1021.87	9	102.271
RCHGF001691	426	193.949	0	0
RCHGF001692	1083	841.873	0	0
RCHGF001693	750	509.139	0	0
RCHGF001694	714	473.187	3	73.6199
RCHGF001695	735	494.139	2	46.9988
RCHGF001696	843	601.873	2	38.5861
RCHGF001697	168	26.4646	0	0
RCHGF001698	780	539.038	4	86.1683
RCHGF001699	1197	955.873	2	24.2961
RCHGF001700	1104	862.873	15	201.86
RCHGF001701	468	232.74	94	4689.89
RCHGF001702	774	533.038	40	871.382
RCHGF001703	864	622.873	3	55.9278
RCHGF001704	852	610.873	0	0
RCHGF001705	1086	844.873	0	0
RCHGF001706	309	100.415	0	0
RCHGF001707	453	218.867	0	0
RCHGF001708	1962	1720.87	0	0
RCHGF001709	888	646.873	0	0
RCHGF001710	1470	1228.87	0	0
RCHGF001711	228	52.6724	0	0
RCHGF001712	1173	931.873	4	49.8436
RCHGF001713	447	213.384	1	54.4183
RCHGF001714	1581	1339.87	48	415.991
RCHGF001715	990	748.873	1	15.5059
RCHGF001716	906	664.873	2	34.9299
RCHGF001717	615	374.544	3	93.009
RCHGF001718	564	324.323	1	35.8038
RCHGF001719	684	443.231	19	497.771
RCHGF001720	1044	802.873	43	621.911
RCHGF001721	420	188.818	0	0
RCHGF001722	435	202.632	0	0
RCHGF001723	324	111.83	0	0
RCHGF001724	924	682.873	0	0
RCHGF001725	1545	1303.87	6	53.4346
RCHGF001726	726	485.187	0	0
RCHGF001727	288	87.1266	0	0
RCHGF001728	468	232.74	1	49.8925
RCHGF001729	789	548.038	0	0
RCHGF001730	585	344.648	3	101.077
RCHGF001731	609	368.544	0	0
RCHGF001732	729	488.187	0	0
RCHGF001733	783	542.038	0	0
RCHGF001734	471	235.417	0	0
RCHGF001735	444	210.743	0	0
RCHGF001736	1656	1414.87	2	16.4142
RCHGF001737	1002	760.873	0	0
RCHGF001738	849	607.873	2	38.2053
RCHGF001739	744	503.139	0	0
RCHGF001741	891	649.873	1	17.8681
RCHGF001743	450	216.298	0	0
RCHGF001745	843	601.873	1	19.2931
RCHGF001746	1512	1270.87	3	27.411
RCHGF001747	606	365.544	5	158.832
RCHGF001748	723	482.187	5	120.41
RCHGF001749	477	241.323	0	0
RCHGF001750	612	371.544	3	93.76
RCHGF001752	390	162.676	7	499.666
RCHGF001754	1671	1429.87	1	8.12099
RCHGF001755	1482	1240.87	1	9.35791
RCHGF001756	1260	1018.87	2	22.7938
RCHGF001757	702	461.187	2	50.357
RCHGF001758	717	476.187	8	195.083
RCHGF001759	678	437.231	4	106.232
RCHGF001761	1254	1012.87	11	126.108
RCHGF001762	336	121.379	0	0
RCHGF001763	291	88.988	0	0
RCHGF001764	261	70.3354	1	165.094
RCHGF001765	135	15.7644	0	0
RCHGF001766	348	130.77	0	0
RCHGF001767	300	94.8053	0	0
RCHGF001768	462	226.808	1	51.1975
RCHGF001769	1035	793.873	2	29.254
RCHGF001770	333	118.948	0	0
RCHGF001771	1314	1072.87	1	10.8233
RCHGF001772	1563	1321.87	1	8.78449
RCHGF001773	510	272.686	0	0
RCHGF001774	135	15.7644	0	0
RCHGF001775	1833	1591.87	3	21.8836
RCHGF001776	1812	1570.87	0	0
RCHGF001777	255	66.9232	0	0
RCHGF001778	492	255.588	0	0
RCHGF001779	378	153.679	0	0
RCHGF001780	417	186.064	0	0
RCHGF001781	1170	928.873	0	0
RCHGF001782	135	15.7644	0	0
RCHGF001783	156	21.6849	0	0
RCHGF001784	420	188.818	12	737.978
RCHGF001785	1479	1237.87	5	46.903
RCHGF001786	2583	2341.87	1	4.95842
RCHGF001787	681	440.231	0	0
RCHGF001788	1002	760.873	0	0
RCHGF001789	687	446.231	0	0
RCHGF001790	693	452.231	0	0
RCHGF001791	438	205.305	0	0
RCHGF001792	849	607.873	0	0
RCHGF001793	738	497.139	1	23.3576
RCHGF001794	717	476.187	0	0
RCHGF001795	408	178.092	6	391.213
RCHGF001796	636	395.357	3	88.1128
RCHGF001797	855	613.873	3	56.7478
RCHGF001798	372	148.505	2	156.385
RCHGF001799	720	479.187	1	24.2327
RCHGF001800	402	172.967	0	0
RCHGF001801	141	16.8398	0	0
RCHGF001803	885	643.873	0	0
RCHGF001804	561	321.385	0	0
RCHGF001805	549	309.447	0	0
RCHGF001806	1431	1189.87	4	39.036
RCHGF001807	822	580.931	1	19.9886
RCHGF001808	1386	1144.87	1	10.1426
RCHGF001809	1065	823.873	1	14.0944
RCHGF001810	1164	922.873	5	62.9121
RCHGF001811	1044	802.873	0	0
RCHGF001812	1605	1363.87	3	25.5419
RCHGF001813	600	359.579	0	0
RCHGF001814	294	90.9632	0	0
RCHGF001815	186	33.2118	2	699.268
RCHGF001816	1308	1066.87	4	43.5365
RCHGF001817	465	229.763	0	0
RCHGF001819	801	559.931	3	62.2148
RCHGF001820	780	539.038	2	43.0841
RCHGF001821	744	503.139	9	207.712
RCHGF001822	162	24.0909	0	0
RCHGF001823	183	32.0921	0	0
RCHGF001824	852	610.873	0	0
RCHGF001825	504	266.924	0	0
RCHGF001826	1050	808.873	5	71.7788
RCHGF001827	1071	829.873	1	13.9925
RCHGF001828	1977	1735.87	2	13.3788
RCHGF001829	951	709.873	0	0
RCHGF001830	1875	1633.87	1	7.10703
RCHGF001831	1044	802.873	0	0
RCHGF001832	321	109.531	0	0
RCHGF001833	330	116.711	0	0
RCHGF001834	1332	1090.87	0	0
RCHGF001835	1077	835.873	3	41.6761
RCHGF001836	1182	940.873	1	12.3417
RCHGF001837	453	218.867	7	371.385
RCHGF001838	420	188.818	3	184.494
RCHGF001839	561	321.385	3	108.393
RCHGF001840	462	226.808	7	358.382
RCHGF001841	438	205.305	2	113.119
RCHGF001842	1245	1003.87	2	23.1344
RCHGF001843	1299	1057.87	6	65.8604
RCHGF001844	486	249.913	16	743.427
RCHGF001845	501	264.054	0	0
RCHGF001846	711	470.187	0	0
RCHGF001847	1206	964.873	5	60.1736
RCHGF001848	888	646.873	10	179.509
RCHGF001849	123	13.0985	0	0
RCHGF001850	354	134.952	0	0
RCHGF001851	348	130.77	4	355.187
RCHGF001852	1146	904.873	15	192.491
RCHGF001853	558	318.416	6	218.808
RCHGF001854	192	35.6168	1	326.026
RCHGF001855	360	139.583	0	0
RCHGF001856	435	202.632	7	401.141
RCHGF001857	1305	1063.87	8	87.3186
RCHGF001858	186	33.2118	7	2447.44
RCHGF001859	1320	1078.87	9	96.8676
RCHGF001860	114	11.1771	0	0
RCHGF001861	1317	1075.87	2	21.5862
RCHGF001862	879	637.873	22	400.493
RCHGF001863	378	153.679	11	831.161
RCHGF001864	129	14.3734	0	0
RCHGF001865	765	524.038	3	66.476
RCHGF001866	2343	2101.87	5	27.6229
RCHGF001867	918	676.873	3	51.466
RCHGF001868	675	434.231	8	213.932
RCHGF001869	855	613.873	8	151.327
RCHGF001870	891	649.873	0	0
RCHGF001871	1191	949.873	1	12.2248
RCHGF001872	147	18.4094	0	0
RCHGF001873	291	88.988	0	0
RCHGF001874	1161	919.873	0	0
RCHGF001875	807	565.931	0	0
RCHGF001876	777	536.038	0	0
RCHGF001877	759	518.139	3	67.2328
RCHGF001878	1014	772.873	20	300.489
RCHGF001879	618	377.508	47	1445.7
RCHGF001880	1812	1570.87	257	1899.76
RCHGF001881	1191	949.873	25	305.619
RCHGF001882	1113	871.873	49	652.603
RCHGF001884	1290	1048.87	9	99.6382
RCHGF001885	1395	1153.87	3	30.1905
RCHGF001886	675	434.231	6	160.449
RCHGF001887	444	210.743	2	110.2
RCHGF001888	1374	1132.87	4	41.0001
RCHGF001889	513	275.176	3	126.595
RCHGF001890	1356	1114.87	3	31.2466
RCHGF001891	837	595.873	4	77.9494
RCHGF001892	567	327.259	7	248.378
RCHGF001893	381	156.436	1	74.2286
RCHGF001894	603	362.579	0	0
RCHGF001895	606	365.544	5	158.832
RCHGF001896	126	13.6888	0	0
RCHGF001897	1419	1177.87	2	19.7169
RCHGF001898	1932	1690.87	4	27.4698
RCHGF001899	855	613.873	0	0
RCHGF001900	579	338.714	0	0
RCHGF001901	1662	1420.87	4	32.6897
RCHGF001902	993	751.873	6	92.6644
RCHGF001903	489	252.863	1	45.922
RCHGF001904	1668	1426.87	7	56.9665
RCHGF001905	1200	958.873	0	0
RCHGF001906	1317	1075.87	4	43.1723
RCHGF001907	1398	1156.87	0	0
RCHGF001908	1449	1207.87	0	0
RCHGF001909	126	13.6888	0	0
RCHGF001910	972	730.873	0	0
RCHGF001911	669	428.357	0	0
RCHGF001912	1491	1249.87	0	0
RCHGF001913	861	619.873	1	18.7328
RCHGF001914	1719	1477.87	3	23.5717
RCHGF001915	183	32.0921	0	0
RCHGF001916	504	266.924	19	826.558
RCHGF001917	1101	859.873	3	40.5129
RCHGF001918	327	114.119	0	0
RCHGF001919	171	27.5496	0	0
RCHGF001920	255	66.9232	0	0
RCHGF001921	411	180.802	0	0
RCHGF001922	465	229.763	0	0
RCHGF001923	1272	1030.87	4	45.0569
RCHGF001924	561	321.385	0	0
RCHGF001925	243	60.6252	57	10917.6
RCHGF001926	495	258.461	3	134.782
RCHGF001927	591	350.648	4	132.463
RCHGF001928	507	269.766	1	43.0447
RCHGF001929	585	344.648	1	33.6923
RCHGF001930	1671	1429.87	6	48.7259
RCHGF001931	828	586.931	8	158.274
RCHGF001932	1335	1093.87	2	21.231
RCHGF001933	249	63.6652	0	0
RCHGF001934	1005	763.873	0	0
RCHGF001935	1164	922.873	0	0
RCHGF001936	891	649.873	2	35.7362
RCHGF001937	1020	778.873	8	119.27
RCHGF001938	876	634.873	3	54.8707
RCHGF001939	462	226.808	20	1023.95
RCHGF001940	144	17.672	0	0
RCHGF001941	531	291.946	0	0
RCHGF001942	2064	1822.87	0	0
RCHGF001943	1617	1375.87	482	4067.95
RCHGF001944	264	72.1646	33	5310.02
RCHGF001945	123	13.0985	0	0
RCHGF001946	933	691.873	12	201.401
RCHGF001947	1737	1495.87	7	54.3388
RCHGF001948	522	283.985	0	0
RCHGF001950	624	383.508	0	0
RCHGF001951	1902	1660.87	7	48.9405
RCHGF001952	549	309.447	23	863.075
RCHGF001953	1230	988.873	2	23.4853
RCHGF001954	903	661.873	1	17.5441
RCHGF001955	318	107.094	0	0
RCHGF001956	396	167.663	0	0
RCHGF001957	126	13.6888	0	0
RCHGF001958	111	10.6861	0	0
RCHGF001959	690	449.231	0	0
RCHGF001960	780	539.038	0	0
RCHGF001961	1023	781.873	0	0
RCHGF001962	159	22.8618	0	0
RCHGF001963	375	151.111	0	0
RCHGF001964	1581	1339.87	0	0
RCHGF001965	1077	835.873	4	55.5682
RCHGF001966	1419	1177.87	12	118.301
RCHGF001967	960	718.873	5	80.7652
RCHGF001968	912	670.873	1	17.3088
RCHGF001969	1194	952.873	4	48.7451
RCHGF001970	591	350.648	0	0
RCHGF001971	828	586.931	1	19.7843
RCHGF001972	2583	2341.87	6	29.7505
RCHGF001973	954	712.873	4	65.156
RCHGF001974	774	533.038	1	21.7845
RCHGF001975	573	332.909	4	139.521
RCHGF001976	1107	865.873	8	107.286
RCHGF001977	774	533.038	1	21.7845
RCHGF001978	564	324.323	2	71.6076
RCHGF001979	552	312.447	5	185.823
RCHGF001980	834	592.873	7	137.102
RCHGF001981	687	446.231	4	104.089
RCHGF001982	408	178.092	0	0
RCHGF001983	591	350.648	4	132.463
RCHGF001984	744	503.139	1	23.0791
RCHGF001986	765	524.038	34	753.395
RCHGF001987	246	62.1954	3	560.105
RCHGF001988	369	146.363	3	238.011
RCHGF001989	705	464.187	0	0
RCHGF001990	1284	1042.87	1	11.1346
RCHGF001991	378	153.679	1	75.5601
RCHGF001992	1089	847.873	3	41.0863
RCHGF001993	312	102.514	0	0
RCHGF001994	441	208.139	0	0
RCHGF001995	1941	1699.87	0	0
RCHGF001996	1245	1003.87	1	11.5672
RCHGF001997	885	643.873	1	18.0346
RCHGF001998	1227	985.873	1	11.7784
RCHGF001999	372	148.505	0	0
RCHGF002000	726	485.187	0	0
RCHGF002001	327	114.119	3	305.261
RCHGF002002	438	205.305	1	56.5597
RCHGF002003	507	269.766	1	43.0447
RCHGF002004	177	29.584	0	0
RCHGF002005	642	401.357	0	0
RCHGF002006	603	362.579	0	0
RCHGF002007	360	139.583	0	0
RCHGF002008	837	595.873	1	19.4873
RCHGF002009	705	464.187	0	0
RCHGF002010	657	416.357	0	0
RCHGF002011	414	183.287	0	0
RCHGF002012	1215	973.873	3	35.7705
RCHGF002013	1185	943.873	0	0
RCHGF002014	642	401.357	1	28.9318
RCHGF002015	1422	1180.87	6	59.0003
RCHGF002016	1314	1072.87	1	10.8233
RCHGF002017	654	413.357	9	252.827
RCHGF002018	984	742.873	8	125.049
RCHGF002019	804	562.931	0	0
RCHGF002020	414	183.287	2	126.708
RCHGF002021	360	139.583	11	915.094
RCHGF002022	318	107.094	8	867.424
RCHGF002023	1653	1411.87	33	271.409
RCHGF002024	1737	1495.87	12	93.1522
RCHGF002025	1626	1384.87	2	16.7697
RCHGF002026	246	62.1954	0	0
RCHGF002027	762	521.139	3	66.8458
RCHGF002028	912	670.873	0	0
RCHGF002029	399	170.316	0	0
RCHGF002030	1227	985.873	0	0
RCHGF002031	804	562.931	1	20.6277
RCHGF002032	771	530.038	3	65.7235
RCHGF002033	471	235.417	0	0
RCHGF002034	2688	2446.87	0	0
RCHGF002035	120	12.1832	0	0
RCHGF002036	594	353.614	0	0
RCHGF002037	957	715.873	5	81.1036
RCHGF002038	765	524.038	7	155.111
RCHGF002039	987	745.873	3	46.7049
RCHGF002040	462	226.808	0	0
RCHGF002041	942	700.873	1	16.5679
RCHGF002042	1125	883.873	5	65.6881
RCHGF002043	141	16.8398	0	0
RCHGF002044	1095	853.873	1	13.5992
RCHGF002045	159	22.8618	0	0
RCHGF002046	1464	1222.87	4	37.9826
RCHGF002047	780	539.038	1	21.5421
RCHGF002048	123	13.0985	0	0
RCHGF002050	1548	1306.87	0	0
RCHGF002051	810	568.931	0	0
RCHGF002052	783	542.038	0	0
RCHGF002053	321	109.531	0	0
RCHGF002054	1092	850.873	1	13.6471
RCHGF002055	225	51.2925	0	0
RCHGF002056	228	52.6724	0	0
RCHGF002057	357	137.302	0	0
RCHGF002059	444	210.743	0	0
RCHGF002060	198	38.6206	0	0
RCHGF002061	1899	1657.87	1	7.00415
RCHGF002062	117	11.7169	0	0
RCHGF002063	1188	946.873	7	85.8445
RCHGF002064	204	41.3296	0	0
RCHGF002065	231	54.1705	0	0
RCHGF002066	417	186.064	0	0
RCHGF002067	357	137.302	3	253.718
RCHGF002068	222	49.975	0	0
RCHGF002069	1683	1441.87	0	0
RCHGF002070	621	380.508	18	549.308
RCHGF002071	906	664.873	0	0
RCHGF002072	1005	763.873	0	0
RCHGF002073	2187	1945.87	3	17.9025
RCHGF002074	2448	2206.87	2	10.5235
RCHGF002075	402	172.967	0	0
RCHGF002076	501	264.054	0	0
RCHGF002077	486	249.913	0	0
RCHGF002078	267	73.9913	0	0
RCHGF002079	219	48.5684	0	0
RCHGF002080	141	16.8398	0	0
RCHGF002081	1194	952.873	0	0
RCHGF002082	1392	1150.87	1	10.0897
RCHGF002083	381	156.436	0	0
RCHGF002084	327	114.119	0	0
RCHGF002085	3057	2815.87	1	4.12376
RCHGF002086	378	153.679	12	906.721
RCHGF002087	384	158.337	63	4620.23
RCHGF002088	138	16.4062	25	17694.5
RCHGF002089	918	676.873	0	0
RCHGF002090	486	249.913	0	0
RCHGF002091	123	13.0985	0	0
RCHGF002092	429	196.851	0	0
RCHGF002093	624	383.508	0	0
RCHGF002094	639	398.357	0	0
RCHGF002095	1362	1120.87	2	20.7195
RCHGF002097	411	180.802	0	0
RCHGF002099	1776	1534.87	46	348.01
RCHGF002101	1461	1219.87	6	57.1141
RCHGF002102	1401	1159.87	3	30.0343
RCHGF002103	2220	1978.87	8	46.9438
RCHGF002104	1272	1030.87	6	67.5853
RCHGF002105	2247	2005.87	0	0
RCHGF002106	696	455.231	1	25.5079
RCHGF002107	615	374.544	30	930.09
RCHGF002108	837	595.873	5	97.4367
RCHGF002109	378	153.679	2	151.12
RCHGF002110	594	353.614	0	0
RCHGF002111	525	286.734	6	242.985
RCHGF002112	1308	1066.87	3	32.6524
RCHGF002113	153	20.5216	0	0
RCHGF002114	117	11.7169	0	0
RCHGF002115	924	682.873	8	136.037
RCHGF002116	135	15.7644	3	2209.78
RCHGF002117	1317	1075.87	0	0
RCHGF002118	1920	1678.87	21	145.247
RCHGF002119	1332	1090.87	0	0
RCHGF002120	996	754.873	1	15.3827
RCHGF002121	189	34.2664	1	338.873
RCHGF002122	369	146.363	1	79.3371
RCHGF002123	222	49.975	0	0
RCHGF002124	138	16.4062	7	4954.47
RCHGF002125	618	377.508	6	184.558
RCHGF002126	1245	1003.87	6	69.4031
RCHGF002127	792	551.038	2	42.1459
RCHGF002128	1941	1699.87	26	177.608
RCHGF002129	459	224.231	5	258.929
RCHGF002130	324	111.83	2	207.672
RCHGF002131	402	172.967	0	0
RCHGF002132	585	344.648	1	33.6923
RCHGF002133	912	670.873	0	0
RCHGF002134	2379	2137.87	3	16.2947
RCHGF002135	804	562.931	2	41.2555
RCHGF002136	912	670.873	2	34.6175
RCHGF002137	615	374.544	1	31.003
RCHGF002138	1359	1117.87	1	10.3876
RCHGF002139	126	13.6888	0	0
RCHGF002140	237	57.4318	0	0
RCHGF002141	138	16.4062	0	0
RCHGF002142	642	401.357	5	144.659
RCHGF002143	699	458.187	1	25.3433
RCHGF002144	714	473.187	31	760.739
RCHGF002145	1188	946.873	47	576.385
RCHGF002146	252	65.0902	0	0
RCHGF002147	2337	2095.87	11	60.9445
RCHGF002148	951	709.873	0	0
RCHGF002149	1254	1012.87	0	0
RCHGF002150	309	100.415	0	0
RCHGF002151	1044	802.873	20	289.261
RCHGF002152	1920	1678.87	47	325.077
RCHGF002153	441	208.139	9	502.105
RCHGF002154	306	98.475	6	707.509
RCHGF002155	594	353.614	2	65.6761
RCHGF002156	1749	1507.87	46	354.242
RCHGF002157	1440	1198.87	47	455.23
RCHGF002158	660	419.357	12	332.28
RCHGF002159	1350	1108.87	28	293.213
RCHGF002160	189	34.2664	1	338.873
RCHGF002162	1602	1360.87	37	315.712
RCHGF002164	1833	1591.87	14	102.124
RCHGF002165	1311	1069.87	2	21.7072
RCHGF002166	585	344.648	3	101.077
RCHGF002167	540	300.803	0	0
RCHGF002168	753	512.139	7	158.714
RCHGF002169	1230	988.873	0	0
RCHGF002170	1089	847.873	0	0
RCHGF002171	414	183.287	12	760.248
RCHGF002172	288	87.1266	0	0
RCHGF002173	150	19.4273	1	597.714
RCHGF002174	531	291.946	0	0
RCHGF002175	1575	1333.87	3	26.1164
RCHGF002176	846	604.873	0	0
RCHGF002177	1893	1651.87	1	7.02959
RCHGF002178	1629	1387.87	10	83.6675
RCHGF002180	1701	1459.87	4	31.8164
RCHGF002181	126	13.6888	0	0
RCHGF002183	429	196.851	3	176.967
RCHGF002185	984	742.873	16	250.099
RCHGF002186	711	470.187	0	0
RCHGF002187	204	41.3296	0	0
RCHGF002188	222	49.975	0	0
RCHGF002189	438	205.305	0	0
RCHGF002190	126	13.6888	0	0
RCHGF002191	870	628.873	10	184.647
RCHGF002192	1311	1069.87	5	54.268
RCHGF002193	960	718.873	1	16.153
RCHGF002194	1404	1162.87	6	59.9136
RCHGF002195	1917	1675.87	2	13.8578
RCHGF002196	114	11.1771	0	0
RCHGF002197	888	646.873	53	951.4
RCHGF002198	183	32.0921	2	723.667
RCHGF002199	1902	1660.87	2	13.983
RCHGF002200	747	506.139	0	0
RCHGF002201	1005	763.873	0	0
RCHGF002202	666	425.357	3	81.8983
RCHGF002203	2166	1924.87	12	72.3912
RCHGF002204	2166	1924.87	10	60.326
RCHGF002205	309	100.415	0	0
RCHGF002206	933	691.873	0	0
RCHGF002207	429	196.851	7	412.922
RCHGF002208	1032	790.873	14	205.555
RCHGF002209	1572	1330.87	2	17.4502
RCHGF002210	4344	4102.87	13	36.7927
RCHGF002211	129	14.3734	0	0
RCHGF002212	390	162.676	3	214.143
RCHGF002213	489	252.863	1	45.922
RCHGF002214	615	374.544	0	0
RCHGF002215	648	407.357	0	0
RCHGF002216	486	249.913	0	0
RCHGF002217	954	712.873	1	16.289
RCHGF002218	1185	943.873	1	12.3025
RCHGF002219	696	455.231	0	0
RCHGF002220	366	143.963	0	0
RCHGF002221	198	38.6206	0	0
RCHGF002222	780	539.038	0	0
RCHGF002224	1179	937.873	0	0
RCHGF002225	705	464.187	1	25.0158
RCHGF002226	2169	1927.87	8	48.1857
RCHGF002227	174	28.5134	0	0
RCHGF002228	1095	853.873	0	0
RCHGF002230	618	377.508	2	61.5192
RCHGF002231	368	145.502	3	239.419
RCHGF002233	852	610.873	2	38.0177
RCHGF002234	321	109.531	37	3922.58
RCHGF002235	126	13.6888	0	0
RCHGF002236	1686	1444.87	0	0
RCHGF002237	699	458.187	0	0
RCHGF002238	1107	865.873	13	174.339
RCHGF002239	1191	949.873	12	146.697
RCHGF002240	1242	1000.87	3	34.8056
RCHGF002241	1860	1618.87	1	7.17288
RCHGF002242	390	162.676	0	0
RCHGF002243	1525	1283.87	3	27.1335
RCHGF002246	618	377.508	0	0
RCHGF002247	189	34.2664	0	0
RCHGF002248	372	148.505	0	0
RCHGF002249	705	464.187	0	0
RCHGF002250	243	60.6252	0	0
RCHGF002251	516	278.067	2	83.5192
RCHGF002252	549	309.447	0	0
RCHGF002253	1518	1276.87	9	81.8467
RCHGF002254	837	595.873	6	116.924
RCHGF002255	1398	1156.87	11	110.411
RCHGF002256	390	162.676	4	285.524
RCHGF002257	147	18.4094	0	0
RCHGF002258	2811	2569.87	5	22.5925
RCHGF002259	474	238.37	1	48.7141
RCHGF002260	288	87.1266	0	0
RCHGF002261	1344	1102.87	0	0
RCHGF002262	174	28.5134	0	0
RCHGF002263	987	745.873	4	62.2732
RCHGF002264	645	404.357	0	0
RCHGF002265	1038	796.873	0	0
RCHGF002266	1326	1084.87	3	32.1106
RCHGF002267	780	539.038	1	21.5421
RCHGF002268	666	425.357	0	0
RCHGF002269	444	210.743	2	110.2
RCHGF002270	846	604.873	1	19.1974
RCHGF002271	195	36.9613	0	0
RCHGF002272	213	45.7218	1	253.971
RCHGF002273	195	36.9613	0	0
RCHGF002274	408	178.092	3	195.606
RCHGF002275	1101	859.873	4	54.0172
RCHGF002276	1353	1111.87	4	41.7745
RCHGF002277	984	742.873	1.03498	16.1779
RCHGF002279	1083	841.873	12	165.516
RCHGF002280	120	12.1832	0	0
RCHGF002281	1815	1573.87	9	66.4017
RCHGF002282	135	15.7644	0	0
RCHGF002283	426	193.949	1	59.8714
RCHGF002284	648	407.357	0	0
RCHGF002285	1968	1726.87	0	0
RCHGF002286	771	530.038	3	65.7235
RCHGF002287	993	751.873	0	0
RCHGF002288	687	446.231	0	0
RCHGF002289	555	315.416	2	73.6296
RCHGF002290	744	503.139	138	3184.91
RCHGF002291	1176	934.873	79	981.253
RCHGF002292	1578	1336.87	0	0
RCHGF002293	267	73.9913	0	0
RCHGF002294	366	143.963	0	0
RCHGF002295	114	11.1771	0	0
RCHGF002296	228	52.6724	0	0
RCHGF002297	1512	1270.87	21	191.877
RCHGF002299	504	266.924	2	87.0061
RCHGF002300	912	670.873	0	0
RCHGF002301	1800	1558.87	2	14.8979
RCHGF002302	711	470.187	0	0
RCHGF002303	816	574.931	3	60.5916
RCHGF002304	750	509.139	6	136.843
RCHGF002305	474	238.37	0	0
RCHGF002306	393	164.97	0	0
RCHGF002307	1161	919.873	3	37.8704
RCHGF002308	705	464.187	0	0
RCHGF002309	735	494.139	0	0
RCHGF002310	495	258.461	7	314.491
RCHGF002311	126	13.6888	0	0
RCHGF002312	813	571.931	7	142.122
RCHGF002313	1236	994.873	0	0
RCHGF002314	657	416.357	0	0
RCHGF002315	138	16.4062	0	0
RCHGF002316	546	306.477	3	113.666
RCHGF002317	2274	2032.87	1	5.71211
RCHGF002318	459	224.231	1	51.7858
RCHGF002319	771	530.038	1	21.9078
RCHGF002320	816	574.931	2	40.3944
RCHGF002321	966	724.873	0	0
RCHGF002322	1002	760.873	1	15.2614
RCHGF002323	501	264.054	0	0
RCHGF002324	1308	1066.87	0	0
RCHGF002325	1515	1273.87	2	18.231
RCHGF002326	660	419.357	0	0
RCHGF002327	1062	820.873	1	14.1459
RCHGF002328	1404	1162.87	0	0
RCHGF002329	726	485.187	0	0
RCHGF002330	687	446.231	0	0
RCHGF002331	1227	985.873	0	0
RCHGF002332	705	464.187	2	50.0315
RCHGF002333	417	186.064	0	0
RCHGF002334	921	679.873	0	0
RCHGF002335	960	718.873	1	16.153
RCHGF002336	1383	1141.87	0	0
RCHGF002337	855	613.873	0	0
RCHGF002338	510	272.686	3	127.751
RCHGF002339	891	649.873	1	17.8681
RCHGF002340	648	407.357	0	0
RCHGF002341	399	170.316	0	0
RCHGF002342	411	180.802	0	0
RCHGF002343	819	577.931	0	0
RCHGF002344	762	521.139	0	0
RCHGF002345	474	238.37	0	0
RCHGF002346	1020	778.873	1	14.9087
RCHGF002347	2088	1846.87	3	18.8621
RCHGF002348	162	24.0909	0	0
RCHGF002349	843	601.873	2	38.5861
RCHGF002350	1458	1216.87	1	9.54248
RCHGF002351	633	392.357	0	0
RCHGF002352	1086	844.873	0	0
RCHGF002353	1026	784.873	0	0
RCHGF002354	1248	1006.87	2	23.0654
RCHGF002355	1443	1201.87	2	19.3231
RCHGF002356	654	413.357	0	0
RCHGF002357	1437	1195.87	0	0
RCHGF002358	336	121.379	0	0
RCHGF002359	1251	1009.87	0	0
RCHGF002360	312	102.514	1	113.273
RCHGF002361	1926	1684.87	5	34.4595
RCHGF002362	828	586.931	0	0
RCHGF002363	147	18.4094	12	7569.18
RCHGF002364	174	28.5134	7	2850.73
RCHGF002365	144	17.672	0	0
RCHGF002366	114	11.1771	0	0
RCHGF002367	564	324.323	0	0
RCHGF002368	762	521.139	1	22.2819
RCHGF002369	870	628.873	2	36.9295
RCHGF002370	1911	1669.87	3	20.8614
RCHGF002371	690	449.231	2	51.6972
RCHGF002372	117	11.7169	0	0
RCHGF002373	1359	1117.87	0	0
RCHGF002374	327	114.119	0	0
RCHGF002375	522	283.985	0	0
RCHGF002376	1062	820.873	0	0
RCHGF002377	1089	847.873	0	0
RCHGF002378	1461	1219.87	1	9.51901
RCHGF002379	1803	1561.87	2	14.8693
RCHGF002380	327	114.119	0	0
RCHGF002381	318	107.094	0	0
RCHGF002382	1092	850.873	0	0
RCHGF002383	954	712.873	0	0
RCHGF002384	1107	865.873	2	26.8214
RCHGF002385	741	500.139	1	23.2175
RCHGF002386	1095	853.873	4	54.3968
RCHGF002388	1371	1129.87	9	92.4952
RCHGF002389	1197	955.873	29	352.293
RCHGF002390	819	577.931	3	60.2771
RCHGF002391	879	637.873	23	418.697
RCHGF002392	717	476.187	19	463.322
RCHGF002393	690	449.231	6	155.092
RCHGF002394	369	146.363	1	79.3371
RCHGF002395	1185	943.873	1	12.3025
RCHGF002396	2010	1768.87	7	45.9524
RCHGF002397	606	365.544	0	0
RCHGF002398	117	11.7169	0	0
RCHGF002399	519	281.067	1	41.3139
RCHGF002400	834	592.873	1	19.5859
RCHGF002401	606	365.544	1	31.7663
RCHGF002402	1224	982.873	0	0
RCHGF002403	486	249.913	0	0
RCHGF002404	1155	913.873	0	0
RCHGF002405	486	249.913	2	92.9284
RCHGF002406	1167	925.873	8	100.333
RCHGF002407	900	658.873	2	35.248
RCHGF002408	1374	1132.87	0	0
RCHGF002409	1485	1243.87	1	9.33535
RCHGF002410	813	571.931	0	0
RCHGF002411	1116	874.873	0	0
RCHGF002412	630	389.395	0	0
RCHGF002413	117	11.7169	0	0
RCHGF002414	621	380.508	0	0
RCHGF002415	1008	766.873	2	30.284
RCHGF002416	630	389.395	1	29.8206
RCHGF002417	666	425.357	0	0
RCHGF002418	2076	1834.87	1	6.3285
RCHGF002419	996	754.873	0	0
RCHGF002420	669	428.357	0	0
RCHGF002421	1377	1135.87	1	10.223
RCHGF002422	282	83.4621	0	0
RCHGF002423	282	83.4621	0	0
RCHGF002424	462	226.808	0	0
RCHGF002425	147	18.4094	0	0
RCHGF002426	591	350.648	0	0
RCHGF002427	201	39.8512	0	0
RCHGF002428	945	703.873	25	412.432
RCHGF002429	1482	1240.87	0	0
RCHGF002430	891	649.873	1	17.8681
RCHGF002431	372	148.505	1	78.1927
RCHGF002432	1062	820.873	0	0
RCHGF002433	528	289.284	0	0
RCHGF002434	543	303.685	0	0
RCHGF002435	774	533.038	0	0
RCHGF002436	1323	1081.87	1	10.7332
RCHGF002437	1572	1330.87	1	8.72509
RCHGF002438	303	96.4976	0	0
RCHGF002439	117	11.7169	0	0
RCHGF002440	309	100.415	0	0
RCHGF002441	534	294.803	3	118.167
RCHGF002442	519	281.067	0	0
RCHGF002443	168	26.4646	0	0
RCHGF002444	189	34.2664	0	0
RCHGF002445	1971	1729.87	8	53.701
RCHGF002447	123	13.0985	0	0
RCHGF002448	1251	1009.87	2	22.9969
RCHGF002449	237	57.4318	0	0
RCHGF002450	1056	814.873	2	28.5001
RCHGF002451	1719	1477.87	2	15.7145
RCHGF002452	300	94.8053	0	0
RCHGF002453	588	347.648	7	233.811
RCHGF002454	858	616.873	11	207.063
RCHGF002455	318	107.094	0	0
RCHGF002456	324	111.83	3	311.508
RCHGF002457	195	36.9613	0	0
RCHGF002458	792	551.038	1	21.0729
RCHGF002459	513	275.176	1	42.1985
RCHGF002460	606	365.544	2	63.5326
RCHGF002461	1482	1240.87	10	93.5791
RCHGF002462	309	100.415	0	0
RCHGF002463	693	452.231	0	0
RCHGF002464	927	685.873	1	16.9302
RCHGF002465	393	164.97	0	0
RCHGF002466	798	556.931	0	0
RCHGF002467	984	742.873	1	15.6312
RCHGF002468	714	473.187	0	0
RCHGF002469	813	571.931	0	0
RCHGF002470	747	506.139	0	0
RCHGF002471	465	229.763	0	0
RCHGF002472	744	503.139	0	0
RCHGF002473	729	488.187	0	0
RCHGF002474	957	715.873	1	16.2207
RCHGF002475	852	610.873	3	57.0265
RCHGF002476	180	30.82	0	0
RCHGF002477	276	80.0099	0	0
RCHGF002478	1422	1180.87	3	29.5002
RCHGF002479	456	221.474	0	0
RCHGF002480	2031	1789.87	1	6.4876
RCHGF002481	597	356.579	0	0
RCHGF002482	867	625.873	67	1243.07
RCHGF002483	126	13.6888	0	0
RCHGF002484	318	107.094	0	0
RCHGF002485	120	12.1832	0	0
RCHGF002487	1449	1207.87	5	48.0679
RCHGF002489	1064	822.873	1	14.1115
RCHGF002491	798	556.931	1	20.85
RCHGF002492	1851	1609.87	0	0
RCHGF002493	354	134.952	0	0
RCHGF002494	537	297.803	0	0
RCHGF002495	546	306.477	0	0
RCHGF002496	402	172.967	0	0
RCHGF002497	381	156.436	0	0
RCHGF002498	387	160.676	1	72.2697
RCHGF002500	624	383.508	5	151.392
RCHGF002501	291	88.988	6.96502	908.862
RCHGF002502	114	11.1771	0	0
RCHGF002503	2013	1771.87	1	6.55351
RCHGF002504	234	55.6884	0	0
RCHGF002505	759	518.139	0	0
RCHGF002506	534	294.803	3	118.167
RCHGF002507	1227	985.873	0	0
RCHGF002508	177	29.584	0	0
RCHGF002509	270	75.8497	3	459.276
RCHGF002510	384	158.337	4	293.348
RCHGF002511	918	676.873	3	51.466
RCHGF002512	1638	1396.87	9	74.8156
RCHGF002513	717	476.187	5	121.927
RCHGF002515	1695	1453.87	2	15.9739
RCHGF002516	1263	1021.87	6	68.1806
RCHGF002517	492	255.588	0	0
RCHGF002518	1077	835.873	5	69.4602
RCHGF002519	1149	907.873	11	140.693
RCHGF002520	156	21.6849	0	0
RCHGF002522	411	180.802	0	0
RCHGF002523	1083	841.873	0	0
RCHGF002524	465	229.763	0	0
RCHGF002526	1317	1075.87	0	0
RCHGF002527	1104	862.873	20	269.147
RCHGF002529	237	57.4318	0	0
RCHGF002530	417	186.064	0	0
RCHGF002531	339	123.444	0	0
RCHGF002532	219	48.5684	0	0
RCHGF002533	618	377.508	6	184.558
RCHGF002534	1140	898.873	0	0
RCHGF002535	204	41.3296	0	0
RCHGF002536	1191	949.873	10	122.248
RCHGF002537	1170	928.873	7	87.5081
RCHGF002538	1374	1132.87	0	0
RCHGF002539	627	386.508	0	0
RCHGF002540	1926	1684.87	0	0
RCHGF002541	1926	1684.87	1	6.89191
RCHGF002542	1179	937.873	1	12.3812
RCHGF002543	909	667.873	4	69.546
RCHGF002544	450	216.298	1	53.685
RCHGF002545	615	374.544	1	31.003
RCHGF002546	597	356.579	2	65.1299
RCHGF002547	1944	1702.87	5	34.0953
RCHGF002548	114	11.1771	0	0
RCHGF002549	1245	1003.87	0	0
RCHGF002550	2163	1921.87	27	163.134
RCHGF002551	2070	1828.87	17	107.937
RCHGF002552	594	353.614	0	0
RCHGF002553	39	40	0	0
RCHGF002554	3486	3244.87	25	89.4641
RCHGF002555	804	562.931	0	0
RCHGF002556	693	452.231	1	25.6771
RCHGF002557	1287	1045.87	0	0
RCHGF002558	1413	1171.87	0	0
RCHGF002559	300	94.8053	0	0
RCHGF002560	480	244.228	0	0
RCHGF002561	111	10.6861	0	0
RCHGF002562	690	449.231	0	0
RCHGF002563	165	25.1715	0	0
RCHGF002564	234	55.6884	11	2293.69
RCHGF002565	825	583.931	2	39.7718
RCHGF002566	1026	784.873	3	44.3842
RCHGF002567	774	533.038	2	43.5691
RCHGF002568	462	226.808	2	102.395
RCHGF002569	2055	1813.87	4	25.6071
RCHGF002570	876	634.873	1	18.2902
RCHGF002571	465	229.763	0	0
RCHGF002572	1911	1669.87	7	48.6767
RCHGF002573	321	109.531	0	0
RCHGF002574	1284	1042.87	1	11.1346
RCHGF002575	336	121.379	0	0
RCHGF002576	1449	1207.87	0	0
RCHGF002577	1509	1267.87	5	45.7932
RCHGF002578	690	449.231	8	206.789
RCHGF002579	1302	1060.87	5	54.7284
RCHGF002580	675	434.231	0	0
RCHGF002581	1305	1063.87	2	21.8296
RCHGF002582	975	733.873	9	142.406
RCHGF002583	147	18.4094	15	9461.48
RCHGF002584	456	221.474	6	314.583
RCHGF002585	309	100.415	10	1156.4
RCHGF002586	456	221.474	3	157.291
RCHGF002587	225	51.2925	0	0
RCHGF002588	669	428.357	4	108.433
RCHGF002589	288	87.1266	0	0
RCHGF002590	1068	826.873	0	0
RCHGF002591	777	536.038	5	108.313
RCHGF002592	168	26.4646	0	0
RCHGF002593	435	202.632	4	229.224
RCHGF002594	906	664.873	4	69.8598
RCHGF002595	2418	2176.87	16	85.348
RCHGF002596	114	11.1771	0	0
RCHGF002597	1278	1036.87	0	0
RCHGF002598	1050	808.873	1	14.3558
RCHGF002599	312	102.514	0	0
RCHGF002600	477	241.323	0	0
RCHGF002601	1917	1675.87	2	13.8578
RCHGF002602	609	368.544	0	0
RCHGF002603	759	518.139	2	44.8219
RCHGF002604	192	35.6168	0	0
RCHGF002605	660	419.357	4	110.76
RCHGF002606	696	455.231	3	76.5237
RCHGF002607	1734	1492.87	36	280.018
RCHGF002608	1623	1381.87	11	92.4338
RCHGF002609	2346	2104.87	5	27.5836
RCHGF002610	723	482.187	0	0
RCHGF002611	1311	1069.87	0	0
RCHGF002612	759	518.139	0	0
RCHGF002613	1422	1180.87	3	29.5002
RCHGF002614	666	425.357	0	0
RCHGF002615	132	15.0109	0	0
RCHGF002616	933	691.873	2	33.5668
RCHGF002617	480	244.228	0	0
RCHGF002618	138	16.4062	0	0
RCHGF002619	201	39.8512	0	0
RCHGF002620	111	10.6861	0	0
RCHGF002621	417	186.064	5	312.043
RCHGF002622	111	10.6861	0	0
RCHGF002623	894	652.873	1	17.786
RCHGF002624	2268	2026.87	0	0
RCHGF002625	747	506.139	1	22.9423
RCHGF002626	351	132.974	0	0
RCHGF002627	177	29.584	0	0
RCHGF002628	1182	940.873	2	24.6834
RCHGF002629	597	356.579	1	32.5649
RCHGF002630	264	72.1646	0	0
RCHGF002631	1611	1369.87	2	16.9534
RCHGF002632	1212	970.873	0	0
RCHGF002633	465	229.763	0	0
RCHGF002634	1203	961.873	0	0
RCHGF002635	633	392.357	0	0
RCHGF002636	1098	856.873	0	0
RCHGF002638	225	51.2925	0	0
RCHGF002639	561	321.385	0	0
RCHGF002640	618	377.508	0	0
RCHGF002641	288	87.1266	0	0
RCHGF002642	783	542.038	0	0
RCHGF002643	2352	2110.87	2	11.0021
RCHGF002645	1398	1156.87	2	20.0748
RCHGF002646	1995	1753.87	12	79.4492
RCHGF002647	792	551.038	0	0
RCHGF002648	147	18.4094	1	630.765
RCHGF002649	2316	2074.87	5	27.9824
RCHGF002650	771	530.038	0	0
RCHGF002651	1314	1072.87	0	0
RCHGF002652	816	574.931	1	20.1972
RCHGF002653	483	247.059	1	47.0009
RCHGF002654	141	16.8398	0	0
RCHGF002655	387	160.676	3	216.809
RCHGF002656	1023	781.873	2	29.703
RCHGF002657	435	202.632	3	171.918
RCHGF002658	2577	2335.87	34	169.019
RCHGF002659	624	383.508	1	30.2784
RCHGF002660	357	137.302	0	0
RCHGF002661	1152	910.873	4	50.9928
RCHGF002662	1344	1102.87	1	10.5288
RCHGF002663	531	291.946	13	517.068
RCHGF002664	906	664.873	2	34.9299
RCHGF002665	942	700.873	5	82.8394
RCHGF002666	618	377.508	1	30.7596
RCHGF002667	1035	793.873	1	14.627
RCHGF002668	849	607.873	1	19.1026
RCHGF002669	159	22.8618	0	0
RCHGF002670	321	109.531	0	0
RCHGF002671	324	111.83	3	311.508
RCHGF002672	759	518.139	0	0
RCHGF002673	717	476.187	1	24.3854
RCHGF002674	621	380.508	3	91.5513
RCHGF002675	609	368.544	0	0
RCHGF002676	1032	790.873	1	14.6825
RCHGF002677	1281	1039.87	0	0
RCHGF002678	630	389.395	0	0
RCHGF002679	1122	880.873	0	0
RCHGF002681	336	121.379	0	0
RCHGF002682	354	134.952	3	258.136
RCHGF002683	726	485.187	0	0
RCHGF002684	249	63.6652	0	0
RCHGF002685	1323	1081.87	4	42.9329
RCHGF002686	813	571.931	1	20.3031
RCHGF002687	114	11.1771	0	0
RCHGF002688	597	356.579	1	32.5649
RCHGF002689	1902	1660.87	21	146.821
RCHGF002690	1203	961.873	4	48.289
RCHGF002691	123	13.0985	0	0
RCHGF002692	1125	883.873	2	26.2752
RCHGF002693	159	22.8618	0	0
RCHGF002694	2169	1927.87	18	108.418
RCHGF002695	864	622.873	4	74.5704
RCHGF002696	153	20.5216	3	1697.53
RCHGF002697	1152	910.873	5	63.741
RCHGF002698	1569	1327.87	2	17.4896
RCHGF002699	708	467.187	0	0
RCHGF002700	1524	1282.87	2	18.1031
RCHGF002701	573	332.909	0	0
RCHGF002702	168	26.4646	0	0
RCHGF002703	426	193.949	0	0
RCHGF002704	174	28.5134	0	0
RCHGF002705	567	327.259	0	0
RCHGF002706	129	14.3734	0	0
RCHGF002707	1830	1588.87	3	21.9249
RCHGF002708	2139	1897.87	3	18.3553
RCHGF002709	708	467.187	1	24.8551
RCHGF002710	648	407.357	0	0
RCHGF002711	126	13.6888	0	0
RCHGF002712	162	24.0909	0	0
RCHGF002713	774	533.038	1	21.7845
RCHGF002714	2310	2068.87	0	0
RCHGF002715	456	221.474	3	157.291
RCHGF002716	765	524.038	1	22.1587
RCHGF002717	489	252.863	1	45.922
RCHGF002718	114	11.1771	0	0
RCHGF002719	495	258.461	0	0
RCHGF002720	885	643.873	9	162.311
RCHGF002721	144	17.672	0	0
RCHGF002722	654	413.357	3	84.2758
RCHGF002723	693	452.231	4	102.708
RCHGF002724	1326	1084.87	1	10.7035
RCHGF002725	384	158.337	7	513.359
RCHGF002726	1278	1036.87	9	100.791
RCHGF002727	189	34.2664	0	0
RCHGF002728	1053	811.873	0	0
RCHGF002729	150	19.4273	0	0
RCHGF002730	1239	997.873	2	23.2735
RCHGF002731	171	27.5496	0	0
RCHGF002732	765	524.038	3	66.476
RCHGF002733	141	16.8398	0	0
RCHGF002734	921	679.873	0	0
RCHGF002735	819	577.931	2	40.1847
RCHGF002736	510	272.686	3	127.751
RCHGF002737	126	13.6888	0	0
RCHGF002738	306	98.475	1	117.918
RCHGF002739	312	102.514	0	0
RCHGF002740	1614	1372.87	6	50.749
RCHGF002741	147	18.4094	0	0
RCHGF002742	3231	2989.87	8	31.0702
RCHGF002743	120	12.1832	0	0
RCHGF002744	1491	1249.87	0	0
RCHGF002745	513	275.176	1	42.1985
RCHGF002746	1020	778.873	16	238.539
RCHGF002747	651	410.357	4	113.189
RCHGF002748	1749	1507.87	15	115.514
RCHGF002749	1512	1270.87	1	9.13701
RCHGF002750	1473	1231.87	1	9.42628
RCHGF002751	978	736.873	1	15.7585
RCHGF002752	1566	1324.87	1	8.7646
RCHGF002753	1698	1456.87	22	175.351
RCHGF002754	192	35.6168	0	0
RCHGF002755	981	739.873	2	31.3891
RCHGF002756	996	754.873	1	15.3827
RCHGF002757	912	670.873	1	17.3088
RCHGF002758	978	736.873	2	31.5169
RCHGF002759	1698	1456.87	72	573.875
RCHGF002760	1203	961.873	13	156.939
RCHGF002761	348	130.77	1	88.7967
RCHGF002762	1416	1174.87	0	0
RCHGF002763	1065	823.873	2	28.1888
RCHGF002764	996	754.873	4	61.5308
RCHGF002765	1863	1621.87	1	7.15961
RCHGF002766	1290	1048.87	5	55.3546
RCHGF002767	834	592.873	0	0
RCHGF002768	957	715.873	3	48.6622
RCHGF002769	216	47.1375	33	8129.31
RCHGF002770	330	116.711	69	6865.03
RCHGF002771	321	109.531	5	530.079
RCHGF002772	621	380.508	1	30.5171
RCHGF002773	1380	1138.87	11	112.156
RCHGF002775	414	183.287	0	0
RCHGF002776	189	34.2664	1	338.873
RCHGF002777	726	485.187	1	23.933
RCHGF002778	672	431.273	14	376.949
RCHGF002779	567	327.259	1	35.4825
RCHGF002780	1104	862.873	3	40.372
RCHGF002781	153	20.5216	0	0
RCHGF002782	921	679.873	3	51.2389
RCHGF002783	585	344.648	0	0
RCHGF002784	951	709.873	0	0
RCHGF002785	1548	1306.87	19	168.821
RCHGF002786	129	14.3734	0	0
RCHGF002787	900	658.873	1	17.624
RCHGF002788	777	536.038	0	0
RCHGF002789	633	392.357	0	0
RCHGF002790	873	631.873	0	0
RCHGF002791	144	17.672	0	0
RCHGF002792	1833	1591.87	15	109.418
RCHGF002793	822	580.931	2	39.9772
RCHGF002794	1317	1075.87	20	215.862
RCHGF002795	969	727.873	21	335.019
RCHGF002796	117	11.7169	0	0
RCHGF002797	999	757.873	5	76.609
RCHGF002798	690	449.231	9	232.637
RCHGF002799	180	30.82	0	0
RCHGF002800	561	321.385	4	144.524
RCHGF002801	786	545.038	5	106.525
RCHGF002802	360	139.583	7	582.332
RCHGF002803	339	123.444	3	282.201
RCHGF002804	120	12.1832	0	0
RCHGF002805	1779	1537.87	3	22.652
RCHGF002806	1728	1486.87	1	7.80967
RCHGF002807	813	571.931	0	0
RCHGF002808	891	649.873	6	107.208
RCHGF002809	465	229.763	0	0
RCHGF002810	657	416.357	1	27.8895
RCHGF002811	1422	1180.87	2	19.6668
RCHGF002812	999	757.873	5	76.609
RCHGF002813	156	21.6849	0	0
RCHGF002814	1932	1690.87	4	27.4698
RCHGF002815	960	718.873	3	48.4591
RCHGF002816	129	14.3734	0	0
RCHGF002817	267	73.9913	0	0
RCHGF002818	555	315.416	0	0
RCHGF002819	501	264.054	0	0
RCHGF002820	537	297.803	0	0
RCHGF002821	300	94.8053	0	0
RCHGF002822	264	72.1646	5	804.549
RCHGF002823	141	16.8398	0	0
RCHGF002824	336	121.379	0	0
RCHGF002825	300	94.8053	0	0
RCHGF002826	690	449.231	3	77.5458
RCHGF002827	819	577.931	1	20.0924
RCHGF002828	843	601.873	0	0
RCHGF002829	774	533.038	3	65.3536
RCHGF002830	420	188.818	2	122.996
RCHGF002831	276	80.0099	1	145.132
RCHGF002832	195	36.9613	0	0
RCHGF002834	540	300.803	1	38.6034
RCHGF002835	460	225.12	0	0
RCHGF002837	876	634.873	0	0
RCHGF002838	720	479.187	0	0
RCHGF002839	1131	889.873	3	39.1471
RCHGF002840	1011	769.873	1	15.083
RCHGF002841	294	90.9632	0	0
RCHGF002842	171	27.5496	0	0
RCHGF002843	642	401.357	1	28.9318
RCHGF002844	1968	1726.87	1	6.72428
RCHGF002845	396	167.663	0	0
RCHGF002846	609	368.544	0	0
RCHGF002847	720	479.187	0	0
RCHGF002848	507	269.766	2	86.0894
RCHGF002849	120	12.1832	0	0
RCHGF002850	1290	1048.87	5	55.3546
RCHGF002851	1245	1003.87	6	69.4031
RCHGF002852	777	536.038	1	21.6626
RCHGF002853	2166	1924.87	3	18.0978
RCHGF002854	189	34.2664	0	0
RCHGF002855	174	28.5134	0	0
RCHGF002856	342	125.736	3	277.056
RCHGF002857	651	410.357	0	0
RCHGF002858	1785	1543.87	7	52.6493
RCHGF002859	603	362.579	8	256.208
RCHGF002860	141	16.8398	0	0
RCHGF002861	1377	1135.87	2	20.4459
RCHGF002862	672	431.273	4	107.7
RCHGF002863	1149	907.873	5	63.9516
RCHGF002864	120	12.1832	0	0
RCHGF002865	762	521.139	0	0
RCHGF002866	363	141.694	0	0
RCHGF002867	771	530.038	0	0
RCHGF002868	642	401.357	3	86.7955
RCHGF002869	279	81.6416	0	0
RCHGF002870	195	36.9613	0	0
RCHGF002871	459	224.231	0	0
RCHGF002872	249	63.6652	0	0
RCHGF002873	150	19.4273	0	0
RCHGF002874	522	283.985	0	0
RCHGF002875	114	11.1771	0	0
RCHGF002876	387	160.676	0	0
RCHGF002877	111	10.6861	0	0
RCHGF002878	444	210.743	0	0
RCHGF002879	351	132.974	0	0
RCHGF002880	255	66.9232	0	0
RCHGF002881	156	21.6849	0	0
RCHGF002882	267	73.9913	0	0
RCHGF002883	453	218.867	0	0
RCHGF002884	354	134.952	0	0
RCHGF002885	324	111.83	0	0
RCHGF002886	162	24.0909	0	0
RCHGF002887	441	208.139	0	0
RCHGF002888	375	151.111	0	0
RCHGF002889	126	13.6888	3	2544.86
RCHGF002890	123	13.0985	0	0
RCHGF002891	1338	1096.87	16	169.383
RCHGF002892	2868	2626.87	2	8.84092
RCHGF002893	2349	2107.87	2	11.0177
RCHGF002894	2010	1768.87	0	0
RCHGF002895	1743	1501.87	10	77.3167
RCHGF002896	1806	1564.87	1	7.4204
RCHGF002897	678	437.231	2	53.116
RCHGF002898	177	29.584	1	392.51
RCHGF002899	792	551.038	0	0
RCHGF002900	1368	1126.87	6	61.8276
RCHGF002901	111	10.6861	0	0
RCHGF002902	1512	1270.87	5	45.6851
RCHGF002903	906	664.873	3	52.3949
RCHGF002904	1929	1687.87	10	68.7966
RCHGF002905	2220	1978.87	4	23.4719
RCHGF002906	1737	1495.87	1	7.76268
RCHGF002907	669	428.357	0	0
RCHGF002908	702	461.187	0	0
RCHGF002909	1110	868.873	0	0
RCHGF002910	597	356.579	87	2833.15
RCHGF002911	273	77.9196	6	894.152
RCHGF002912	687	446.231	11	286.246
RCHGF002913	135	15.7644	0	0
RCHGF002914	177	29.584	0	0
RCHGF002915	246	62.1954	2	373.404
RCHGF002916	555	315.416	0	0
RCHGF002917	180	30.82	0	0
RCHGF002918	762	521.139	8	178.255
RCHGF002919	306	98.475	1	117.918
RCHGF002920	510	272.686	2	85.1675
RCHGF002921	660	419.357	0	0
RCHGF002922	780	539.038	1	21.5421
RCHGF002923	318	107.094	2	216.856
RCHGF002924	216	47.1375	1	246.343
RCHGF002925	657	416.357	6	167.337
RCHGF002926	699	458.187	34	861.674
RCHGF002927	270	75.8497	8	1224.74
RCHGF002928	906	664.873	11	192.115
RCHGF002929	1584	1342.87	6	51.8827
RCHGF002930	783	542.038	1	21.4228
RCHGF002931	975	733.873	5	79.1144
RCHGF002932	597	356.579	4	130.26
RCHGF002933	711	470.187	2	49.3931
RCHGF002934	1053	811.873	3	42.9081
RCHGF002935	1101	859.873	2	27.0086
RCHGF002936	1068	826.873	1	14.0432
RCHGF002937	1134	892.873	12	156.062
RCHGF002938	2376	2134.87	27	146.858
RCHGF002939	681	440.231	4	105.508
RCHGF002940	675	434.231	1	26.7415
RCHGF002941	1395	1153.87	4	40.2539
RCHGF002942	186	33.2118	0	0
RCHGF002943	534	294.803	82	3229.9
RCHGF002944	231	54.1705	10	2143.6
RCHGF002945	114	11.1771	0	0
RCHGF002946	2091	1849.87	41	257.364
RCHGF002947	1671	1429.87	15	121.815
RCHGF002948	129	14.3734	0	0
RCHGF002949	1665	1423.87	7	57.0865
RCHGF002950	471	235.417	0	0
RCHGF002951	474	238.37	0	0
RCHGF002952	522	283.985	0	0
RCHGF002953	1200	958.873	5	60.5502
RCHGF002954	1647	1405.87	6	49.5578
RCHGF002955	729	488.187	3	71.3578
RCHGF002956	738	497.139	7	163.503
RCHGF002957	324	111.83	1	103.836
RCHGF002958	342	125.736	0	0
RCHGF002959	435	202.632	6	343.835
RCHGF002960	963	721.873	6	96.5154
RCHGF002961	858	616.873	9	169.415
RCHGF002962	132	15.0109	0	0
RCHGF002963	699	458.187	41	1039.08
RCHGF002964	750	509.139	2	45.6142
RCHGF002965	825	583.931	0	0
RCHGF002966	444	210.743	4	220.401
RCHGF002967	1197	955.873	2	24.2961
RCHGF002968	114	11.1771	0	0
RCHGF002969	1698	1456.87	39	310.849
RCHGF002970	1692	1450.87	6	48.0207
RCHGF002971	1227	985.873	1	11.7784
RCHGF002972	891	649.873	3	53.6042
RCHGF002973	1395	1153.87	62	623.936
RCHGF002974	1293	1051.87	2330	25721.7
RCHGF002975	1470	1228.87	3	28.3479
RCHGF002976	2256	2014.87	4	23.0525
RCHGF002977	609	368.544	0	0
RCHGF002978	1983	1741.87	1	6.66638
RCHGF002979	861	619.873	2	37.4657
RCHGF002980	117	11.7169	0	0
RCHGF002981	495	258.461	1	44.9273
RCHGF002982	693	452.231	0	0
RCHGF002983	525	286.734	3	121.492
RCHGF002984	120	12.1832	0	0
RCHGF002985	216	47.1375	0	0
RCHGF002986	231	54.1705	0	0
RCHGF002987	1005	763.873	0	0
RCHGF002988	561	321.385	23	831.014
RCHGF002989	285	85.1645	2	272.696
RCHGF002990	1362	1120.87	6	62.1586
RCHGF002991	1170	928.873	2	25.0023
RCHGF002992	882	640.873	2	36.238
RCHGF002993	213	45.7218	0	0
RCHGF002994	528	289.284	6	240.842
RCHGF002995	159	22.8618	0	0
RCHGF002996	993	751.873	0	0
RCHGF002997	357	137.302	0	0
RCHGF002998	111	10.6861	0	0
RCHGF002999	1200	958.873	11	133.21
RCHGF003000	762	521.139	4	89.1277
RCHGF003001	213	45.7218	12	3047.65
RCHGF003002	567	327.259	10	354.825
RCHGF003003	573	332.909	10	348.803
RCHGF003004	249	63.6652	1	182.392
RCHGF003005	870	628.873	2	36.9295
RCHGF003006	540	300.803	36	1389.72
RCHGF003007	744	503.139	364	8400.78
RCHGF003008	2031	1789.87	2	12.9752
RCHGF003009	585	344.648	1	33.6923
RCHGF003010	873	631.873	1	18.3771
RCHGF003011	774	533.038	1	21.7845
RCHGF003012	729	488.187	0	0
RCHGF003013	396	167.663	2	138.516
RCHGF003014	390	162.676	1	71.3809
RCHGF003015	855	613.873	0	0
RCHGF003016	786	545.038	1	21.3049
RCHGF003017	786	545.038	0	0
RCHGF003018	1104	862.873	2	26.9147
RCHGF003019	702	461.187	0	0
RCHGF003020	426	193.949	1	59.8714
RCHGF003021	1218	976.873	0	0
RCHGF003022	915	673.873	7	120.622
RCHGF003023	213	45.7218	0	0
RCHGF003024	888	646.873	1	17.9509
RCHGF003025	1320	1078.87	1	10.7631
RCHGF003026	114	11.1771	0	0
RCHGF003027	2595	2353.87	20	98.6628
RCHGF003028	2040	1798.87	4	25.8206
RCHGF003029	156	21.6849	2	1070.97
RCHGF003030	1632	1390.87	6	50.0922
RCHGF003031	417	186.064	2	124.817
RCHGF003032	1203	961.873	1	12.0723
RCHGF003033	747	506.139	1	22.9423
RCHGF003034	1209	967.873	3	35.9923
RCHGF003035	3504	3262.87	122	434.176
RCHGF003036	7287	7045.87	33	54.3858
RCHGF003037	132	15.0109	0	0
RCHGF003038	804	562.931	5	103.139
RCHGF003039	462	226.808	7	358.382
RCHGF003040	657	416.357	12	334.674
RCHGF003041	306	98.475	2	235.836
RCHGF003042	2340	2098.87	11	60.8573
RCHGF003043	849	607.873	3	57.3079
RCHGF003044	768	527.038	0	0
RCHGF003045	318	107.094	1	108.428
RCHGF003046	459	224.231	36	1864.29
RCHGF003047	882	640.873	1	18.119
RCHGF003048	1755	1513.87	6	46.0223
RCHGF003049	465	229.763	8	404.312
RCHGF003050	111	10.6861	0	0
RCHGF003051	132	15.0109	0	0
RCHGF003052	198	38.6206	14.4118	4333.16
RCHGF003053	399	170.316	0	0
RCHGF003054	1311	1069.87	1	10.8536
RCHGF003055	111	10.6861	0	0
RCHGF003056	723	482.187	0	0
RCHGF003057	306	98.475	5	589.591
RCHGF003058	873	631.873	1	18.3771
RCHGF003059	480	244.228	0	0
RCHGF003060	855	613.873	4	75.6637
RCHGF003061	720	479.187	21	508.887
RCHGF003062	918	676.873	2	34.3107
RCHGF003063	117	11.7169	0	0
RCHGF003064	861	619.873	1	18.7328
RCHGF003065	783	542.038	0	0
RCHGF003066	1137	895.873	15	194.425
RCHGF003067	1197	955.873	7	85.0363
RCHGF003068	894	652.873	1	17.786
RCHGF003069	615	374.544	0	0
RCHGF003070	273	77.9196	0	0
RCHGF003071	804	562.931	1	20.6277
RCHGF003072	1080	838.873	0	0
RCHGF003073	918	676.873	10	171.553
RCHGF003074	702	461.187	0	0
RCHGF003075	198	38.6206	0	0
RCHGF003076	138	16.4062	0	0
RCHGF003077	1005	763.873	0	0
RCHGF003078	225	51.2925	0	0
RCHGF003079	1356	1114.87	6	62.4931
RCHGF003080	267	73.9913	0	0
RCHGF003081	513	275.176	0	0
RCHGF003082	1119	877.873	0	0
RCHGF003083	1098	856.873	1	13.5516
RCHGF003084	687	446.231	0	0
RCHGF003085	1005	763.873	1	15.2015
RCHGF003086	111	10.6861	0	0
RCHGF003087	927	685.873	16	270.884
RCHGF003088	825	583.931	8	159.087
RCHGF003089	2145	1903.87	3	18.2974
RCHGF003090	633	392.357	3	88.7865
RCHGF003091	1131	889.873	1	13.049
RCHGF003092	117	11.7169	0	0
RCHGF003093	135	15.7644	0	0
RCHGF003094	1221	979.873	10	118.505
RCHGF003095	444	210.743	1	55.1002
RCHGF003096	282	83.4621	1	139.129
RCHGF003097	432	199.672	6	348.932
RCHGF003098	1224	982.873	5	59.0716
RCHGF003099	315	104.723	1	110.883
RCHGF003100	1239	997.873	24	279.282
RCHGF003101	582	341.648	4	135.953
RCHGF003102	1422	1180.87	4	39.3336
RCHGF003103	135	15.7644	0	0
RCHGF003104	129	14.3734	0	0
RCHGF003105	2601	2359.87	7	34.4442
RCHGF003106	147	18.4094	0	0
RCHGF003107	1350	1108.87	0	0
RCHGF003108	708	467.187	0	0
RCHGF003109	705	464.187	0	0
RCHGF003110	627	386.508	0	0
RCHGF003111	1416	1174.87	4	39.5344
RCHGF003112	1791	1549.87	2	14.9844
RCHGF003113	1809	1567.87	1	7.4062
RCHGF003114	969	727.873	3	47.8599
RCHGF003115	687	446.231	0	0
RCHGF003116	555	315.416	5	184.074
RCHGF003117	699	458.187	2	50.6867
RCHGF003118	2478	2236.87	1	5.19117
RCHGF003119	387	160.676	11	794.967
RCHGF003120	186	33.2118	2	699.268
RCHGF003121	750	509.139	4	91.2284
RCHGF003122	294	90.9632	0	0
RCHGF003123	132	15.0109	0	0
RCHGF003124	111	10.6861	0	0
RCHGF003125	1080	838.873	0	0
RCHGF003126	1305	1063.87	2	21.8296
RCHGF003127	1470	1228.87	1	9.4493
RCHGF003128	819	577.931	4	80.3694
RCHGF003129	477	241.323	2	96.2361
RCHGF003130	4218	3976.87	15	43.7982
RCHGF003131	120	12.1832	0	0
RCHGF003132	213	45.7218	5	1269.85
RCHGF003133	1089	847.873	124	1698.23
RCHGF003134	927	685.873	13	220.093
RCHGF003135	858	616.873	48	903.549
RCHGF003136	216	47.1375	0	0
RCHGF003137	1539	1297.87	1	8.94693
RCHGF003138	1332	1090.87	1	10.6447
RCHGF003139	600	359.579	0	0
RCHGF003140	1167	925.873	3	37.625
RCHGF003142	4260	4018.87	5	14.4468
RCHGF003143	621	380.508	3	91.5513
RCHGF003144	126	13.6888	0	0
RCHGF003145	1320	1078.87	6	64.5784
RCHGF003146	558	318.416	9	328.211
RCHGF003147	207	42.6914	0	0
RCHGF003148	3858	3616.87	43	138.052
RCHGF003149	4209	3967.87	28	81.942
RCHGF003150	609	368.544	1	31.5077
RCHGF003151	369	146.363	14	1110.72
RCHGF003152	519	281.067	0	0
RCHGF003154	684	443.231	2	52.397
RCHGF003155	414	183.287	1	63.354
RCHGF003156	123	13.0985	0	0
RCHGF003157	114	11.1771	0	0
RCHGF003158	966	724.873	0	0
RCHGF003159	819	577.931	4	80.3694
RCHGF003160	729	488.187	5	118.93
RCHGF003161	1071	829.873	0	0
RCHGF003162	1047	805.873	0	0
RCHGF003163	1665	1423.87	3	24.4656
RCHGF003164	1332	1090.87	0	0
RCHGF003165	861	619.873	0	0
RCHGF003166	1173	931.873	0	0
RCHGF003167	732	491.139	0	0
RCHGF003168	525	286.734	0	0
RCHGF003169	183	32.0921	0	0
RCHGF003170	111	10.6861	0	0
RCHGF003171	600	359.579	0	0
RCHGF003172	834	592.873	0	0
RCHGF003173	378	153.679	0	0
RCHGF003174	1281	1039.87	0	0
RCHGF003175	285	85.1645	0	0
RCHGF003176	438	205.305	1	56.5597
RCHGF003177	1971	1729.87	1	6.71262
RCHGF003178	126	13.6888	0	0
RCHGF003179	1158	916.873	9	113.983
RCHGF003180	126	13.6888	0	0
RCHGF003181	468	232.74	0	0
RCHGF003182	1041	799.873	0	0
RCHGF003183	807	565.931	0	0
RCHGF003184	1968	1726.87	1	6.72428
RCHGF003185	813	571.931	3	60.9094
RCHGF003186	1056	814.873	0	0
RCHGF003187	312	102.514	1	113.273
RCHGF003188	459	224.231	1	51.7858
RCHGF003189	1200	958.873	3	36.3301
RCHGF003190	1620	1378.87	8	67.3709
RCHGF003191	1407	1165.87	0	0
RCHGF003192	336	121.379	0	0
RCHGF003193	1254	1012.87	1	11.4644
RCHGF003194	303	96.4976	0	0
RCHGF003195	1911	1669.87	2	13.9076
RCHGF003196	117	11.7169	0	0
RCHGF003197	867	625.873	5	92.7663
RCHGF003198	246	62.1954	0	0
RCHGF003199	324	111.83	0	0
RCHGF003200	234	55.6884	0	0
RCHGF003201	1041	799.873	0	0
RCHGF003202	1896	1654.87	0	0
RCHGF003203	624	383.508	0	0
RCHGF003204	972	730.873	0	0
RCHGF003205	1011	769.873	3	45.2489
RCHGF003206	936	694.873	0	0
RCHGF003207	915	673.873	2	34.4634
RCHGF003208	645	404.357	0	0
RCHGF003209	702	461.187	0	0
RCHGF003210	774	533.038	0	0
RCHGF003211	957	715.873	1	16.2207
RCHGF003212	876	634.873	2	36.5805
RCHGF003213	1191	949.873	4	48.8991
RCHGF003214	807	565.931	0	0
RCHGF003215	1407	1165.87	0	0
RCHGF003216	975	733.873	0	0
RCHGF003217	528	289.284	0	0
RCHGF003218	645	404.357	0	0
RCHGF003220	480	244.228	7	332.82
RCHGF003221	843	601.873	38	733.137
RCHGF003222	1395	1153.87	0	0
RCHGF003223	888	646.873	0	0
RCHGF003224	888	646.873	1	17.9509
RCHGF003225	1302	1060.87	2	21.8914
RCHGF003226	936	694.873	0	0
RCHGF003227	1635	1393.87	4	33.3229
RCHGF003228	1581	1339.87	4	34.6659
RCHGF003229	186	33.2118	1	349.634
RCHGF003230	1374	1132.87	7	71.7502
RCHGF003231	777	536.038	7	151.638
RCHGF003232	1875	1633.87	0	0
RCHGF003233	792	551.038	1	21.0729
RCHGF003234	1299	1057.87	4	43.9069
RCHGF003235	288	87.1266	0	0
RCHGF003236	1404	1162.87	0	0
RCHGF003238	1713	1471.87	22	173.564
RCHGF003239	918	676.873	0	0
RCHGF003240	1248	1006.87	1	11.5327
RCHGF003241	936	694.873	1	16.7109
RCHGF003242	765	524.038	0	0
RCHGF003243	2103	1861.87	4	24.9469
RCHGF003244	1362	1120.87	10	103.598
RCHGF003245	1425	1183.87	0	0
RCHGF003246	423	191.608	0	0
RCHGF003247	396	167.663	2	138.516
RCHGF003248	480	244.228	0	0
RCHGF003249	369	146.363	3	238.011
RCHGF003250	1305	1063.87	0	0
RCHGF003252	114	11.1771	0	0
RCHGF003253	1560	1318.87	15	132.067
RCHGF003254	138	16.4062	0	0
RCHGF003255	540	300.803	3	115.81
RCHGF003256	549	309.447	1	37.525
RCHGF003257	792	551.038	1	21.0729
RCHGF003258	261	70.3354	0	0
RCHGF003259	465	229.763	0	0
RCHGF003260	852	610.873	1	19.0088
RCHGF003261	909	667.873	2	34.773
RCHGF003262	423	191.608	2	121.206
RCHGF003263	159	22.8618	0	0
RCHGF003264	312	102.514	1	113.273
RCHGF003265	132	15.0109	0	0
RCHGF003266	117	11.7169	0	0
RCHGF003267	231	54.1705	0	0
RCHGF003268	162	24.0909	0	0
RCHGF003269	603	362.579	5	160.13
RCHGF003270	942	700.873	1	16.5679
RCHGF003271	210	44.2887	0	0
RCHGF003272	876	634.873	5	91.4512
RCHGF003273	117	11.7169	0	0
RCHGF003274	1044	802.873	0	0
RCHGF003275	1347	1105.87	5	52.5014
RCHGF003276	1818	1576.87	1	7.36393
RCHGF003277	2646	2404.87	8	38.6282
RCHGF003278	906	664.873	0	0
RCHGF003279	3267	3025.87	9	34.5381
RCHGF003280	900	658.873	0	0
RCHGF003281	1128	886.873	6	78.559
RCHGF003282	1614	1372.87	7	59.2071
RCHGF003283	219	48.5684	0	0
RCHGF003284	270	75.8497	1	153.092
RCHGF003285	612	371.544	3	93.76
RCHGF003286	516	278.067	1	41.7596
RCHGF003287	318	107.094	1	108.428
RCHGF003288	621	380.508	8	244.137
RCHGF003289	171	27.5496	5	2107.47
RCHGF003290	183	32.0921	0	0
RCHGF003291	1938	1696.87	4	27.3727
RCHGF003292	417	186.064	0	0
RCHGF003293	327	114.119	0	0
RCHGF003294	2271	2029.87	2	11.4411
RCHGF003295	279	81.6416	0	0
RCHGF003296	1341	1099.87	4	42.2303
RCHGF003297	417	186.064	0	0
RCHGF003298	357	137.302	1	84.5727
RCHGF003299	552	312.447	0	0
RCHGF003300	1248	1006.87	1	11.5327
RCHGF003301	684	443.231	0	0
RCHGF003302	366	143.963	0	0
RCHGF003303	240	58.9242	0	0
RCHGF003304	1599	1357.87	1	8.5516
RCHGF003305	327	114.119	1	101.754
RCHGF003306	303	96.4976	7	842.341
RCHGF003307	1368	1126.87	0	0
RCHGF003308	534	294.803	0	0
RCHGF003309	1182	940.873	1	12.3417
RCHGF003310	270	75.8497	0	0
RCHGF003311	381	156.436	0	0
RCHGF003312	285	85.1645	0	0
RCHGF003313	570	329.909	0	0
RCHGF003314	372	148.505	0	0
RCHGF003315	162	24.0909	0	0
RCHGF003316	3150	2908.87	1	3.99192
RCHGF003317	648	407.357	0	0
RCHGF003318	1719	1477.87	0	0
RCHGF003319	1893	1651.87	0	0
RCHGF003320	411	180.802	0	0
RCHGF003321	951	709.873	0	0
RCHGF003322	117	11.7169	0	0
RCHGF003323	219	48.5684	0	0
RCHGF003324	1563	1321.87	9	79.0604
RCHGF003325	414	183.287	1	63.354
RCHGF003326	1023	781.873	12	178.218
RCHGF003327	237	57.4318	4	808.749
RCHGF003328	1359	1117.87	0	0
RCHGF003329	549	309.447	0	0
RCHGF003330	825	583.931	0	0
RCHGF003331	1332	1090.87	1	10.6447
RCHGF003332	594	353.614	3	98.5141
RCHGF003333	1422	1180.87	2	19.6668
RCHGF003334	1419	1177.87	3	29.5753
RCHGF003335	303	96.4976	0	0
RCHGF003336	1122	880.873	0	0
RCHGF003337	1995	1753.87	6	39.7246
RCHGF003338	2289	2047.87	2	11.3405
RCHGF003339	1581	1339.87	1	8.66648
RCHGF003340	816	574.931	4	80.7888
RCHGF003341	672	431.273	0	0
RCHGF003342	633	392.357	4	118.382
RCHGF003343	1008	766.873	389	5890.23
RCHGF003344	1386	1144.87	1	10.1426
RCHGF003345	273	77.9196	0	0
RCHGF003346	468	232.74	0	0
RCHGF003347	489	252.863	0	0
RCHGF003348	2022	1780.87	3	19.5612
RCHGF003349	1599	1357.87	2	17.1032
RCHGF003350	1233	991.873	5	58.5356
RCHGF003351	678	437.231	11	292.138
RCHGF003352	1155	913.873	3	38.119
RCHGF003353	879	637.873	4	72.8169
RCHGF003354	480	244.228	9	427.912
RCHGF003355	1761	1519.87	28	213.923
RCHGF003356	2358	2116.87	11	60.3399
RCHGF003357	657	416.357	5	139.448
RCHGF003359	855	613.873	0	0
RCHGF003360	390	162.676	0	0
RCHGF003361	2511	2269.87	0	0
RCHGF003362	540	300.803	0	0
RCHGF003363	1170	928.873	1	12.5012
RCHGF003364	1536	1294.87	7	62.7736
RCHGF003365	951	709.873	0	0
RCHGF003366	4821	4579.87	0	0
RCHGF003367	675	434.231	0	0
RCHGF003368	153	20.5216	0	0
RCHGF003369	660	419.357	1	27.69
RCHGF003370	1083	841.873	1	13.793
RCHGF003371	468	232.74	4	199.57
RCHGF003372	168	26.4646	0	0
RCHGF003373	219	48.5684	0	0
RCHGF003374	309	100.415	0	0
RCHGF003375	1419	1177.87	10	98.5843
RCHGF003376	300	94.8053	0	0
RCHGF003377	123	13.0985	0	0
RCHGF003378	495	258.461	5	224.637
RCHGF003379	474	238.37	8	389.713
RCHGF003380	138	16.4062	0	0
RCHGF003381	642	401.357	0	0
RCHGF003382	1008	766.873	1	15.142
RCHGF003383	447	213.384	0	0
RCHGF003384	912	670.873	1	17.3088
RCHGF003385	1050	808.873	0	0
RCHGF003386	327	114.119	0	0
RCHGF003387	480	244.228	0	0
RCHGF003388	870	628.873	0	0
RCHGF003389	858	616.873	0	0
RCHGF003390	1956	1714.87	0	0
RCHGF003391	411	180.802	1	64.2249
RCHGF003392	210	44.2887	3	786.566
RCHGF003393	771	530.038	0	0
RCHGF003394	633	392.357	0	0
RCHGF003395	468	232.74	0	0
RCHGF003396	924	682.873	85	1445.39
RCHGF003397	411	180.802	6	385.349
RCHGF003398	390	162.676	15	1070.71
RCHGF003399	1026	784.873	0	0
RCHGF003400	330	116.711	0	0
RCHGF003401	984	742.873	0	0
RCHGF003402	255	66.9232	1	173.512
RCHGF003403	1029	787.873	6	88.4304
RCHGF003404	447	213.384	0	0
RCHGF003405	603	362.579	0	0
RCHGF003406	450	216.298	1	53.685
RCHGF003407	1218	976.873	0	0
RCHGF003408	1287	1045.87	0	0
RCHGF003410	354	134.952	2	172.091
RCHGF003411	2091	1849.87	0	0
RCHGF003412	420	188.818	0	0
RCHGF003413	618	377.508	0	0
RCHGF003414	594	353.614	0	0
RCHGF003415	204	41.3296	0	0
RCHGF003416	111	10.6861	0	0
RCHGF003417	204	41.3296	0	0
RCHGF003418	1377	1135.87	1	10.223
RCHGF003419	2160	1918.87	0	0
RCHGF003420	375	151.111	0	0
RCHGF003421	471	235.417	0	0
RCHGF003422	564	324.323	1	35.8038
RCHGF003423	891	649.873	0	0
RCHGF003424	2514	2272.87	0	0
RCHGF003425	390	162.676	0	0
RCHGF003426	1791	1549.87	4	29.9689
RCHGF003427	705	464.187	0	0
RCHGF003428	153	20.5216	0	0
RCHGF003429	840	598.873	0	0
RCHGF003430	831	589.931	1	19.6836
RCHGF003431	4428	4186.87	8	22.1874
RCHGF003432	966	724.873	83	1329.6
RCHGF003433	969	727.873	47	749.805
RCHGF003434	444	210.743	39	2148.91
RCHGF003435	5241	4999.87	3	6.96737
RCHGF003436	801	559.931	0	0
RCHGF003437	2145	1903.87	0	0
RCHGF003438	615	374.544	1	31.003
RCHGF003439	258	68.7757	0	0
RCHGF003440	756	515.139	0	0
RCHGF003441	798	556.931	1	20.85
RCHGF003442	744	503.139	10	230.791
RCHGF003443	345	128.201	0	0
RCHGF003444	1080	838.873	0	0
RCHGF003445	570	329.909	0	0
RCHGF003446	135	15.7644	0	0
RCHGF003447	228	52.6724	0	0
RCHGF003448	840	598.873	0	0
RCHGF003449	1185	943.873	1	12.3025
RCHGF003450	1716	1474.87	1	7.87321
RCHGF003451	453	218.867	0	0
RCHGF003452	414	183.287	0	0
RCHGF003453	117	11.7169	0	0
RCHGF003454	912	670.873	0	0
RCHGF003455	843	601.873	0	0
RCHGF003456	1128	886.873	0	0
RCHGF003457	120	12.1832	0	0
RCHGF003458	834	592.873	0	0
RCHGF003459	1542	1300.87	9	80.3367
RCHGF003460	396	167.663	0	0
RCHGF003461	645	404.357	0	0
RCHGF003462	606	365.544	0	0
RCHGF003463	276	80.0099	0	0
RCHGF003464	282	83.4621	0	0
RCHGF003465	120	12.1832	0	0
RCHGF003467	126	13.6888	0	0
RCHGF003468	1413	1171.87	3	29.7267
RCHGF003469	465	229.763	0	0
RCHGF003470	1569	1327.87	26	227.365
RCHGF003471	1131	889.873	13	169.637
RCHGF003472	699	458.187	5	126.717
RCHGF003473	213	45.7218	1	253.971
RCHGF003474	333	118.948	0	0
RCHGF003475	1446	1204.87	19	183.113
RCHGF003476	882	640.873	0	0
RCHGF003477	588	347.648	2	66.8031
RCHGF003478	519	281.067	2	82.6278
RCHGF003479	615	374.544	0	0
RCHGF003480	906	664.873	8	139.72
RCHGF003481	1167	925.873	1	12.5417
RCHGF003482	861	619.873	0	0
RCHGF003483	1215	973.873	1	11.9235
RCHGF003484	1038	796.873	5	72.8597
RCHGF003485	1392	1150.87	15	151.346
RCHGF003486	1221	979.873	1	11.8505
RCHGF003488	1176	934.873	4	49.6837
RCHGF003489	255	66.9232	0	0
RCHGF003490	660	419.357	0	0
RCHGF003491	756	515.139	0	0
RCHGF003492	177	29.584	0	0
RCHGF003493	480	244.228	2	95.0915
RCHGF003494	579	338.714	1	34.2826
RCHGF003495	1218	976.873	0	0
RCHGF003496	1182	940.873	1	12.3417
RCHGF003497	1092	850.873	2	27.2943
RCHGF003498	1059	817.873	1	14.1978
RCHGF003499	114	11.1771	22	22855.9
RCHGF003500	1545	1303.87	42	374.042
RCHGF003501	777	536.038	14	303.277
RCHGF003502	837	595.873	105	2046.17
RCHGF003503	1026	784.873	44	650.968
RCHGF003504	786	545.038	51	1086.55
RCHGF003505	1137	895.873	32	414.772
RCHGF003506	1206	964.873	15	180.521
RCHGF003507	1203	961.873	95	1146.86
RCHGF003508	2112	1870.87	21	130.341
RCHGF003509	243	60.6252	2	383.075
RCHGF003510	1134	892.873	2	26.0104
RCHGF003511	153	20.5216	0	0
RCHGF003512	951	709.873	12	196.294
RCHGF003513	1263	1021.87	6	68.1806
RCHGF003514	948	706.873	2	32.8545
RCHGF003515	675	434.231	3	80.2245
RCHGF003516	339	123.444	6	564.403
RCHGF003517	1704	1462.87	50	396.89
RCHGF003518	1062	820.873	0	0
RCHGF003519	420	188.818	0	0
RCHGF003520	399	170.316	0	0
RCHGF003521	459	224.231	6	310.715
RCHGF003522	312	102.514	0	0
RCHGF003523	1029	787.873	0	0
RCHGF003524	915	673.873	0	0
RCHGF003525	153	20.5216	1	565.842
RCHGF003526	678	437.231	5	132.79
RCHGF003527	165	25.1715	0	0
RCHGF003528	117	11.7169	0	0
RCHGF003529	132	15.0109	2	1547.14
RCHGF003530	792	551.038	2	42.1459
RCHGF003531	921	679.873	1	17.0796
RCHGF003532	1053	811.873	1	14.3027
RCHGF003533	1053	811.873	1	14.3027
RCHGF003534	1272	1030.87	0	0
RCHGF003535	870	628.873	0	0
RCHGF003536	969	727.873	0	0
RCHGF003537	348	130.77	0	0
RCHGF003538	672	431.273	3	80.7747
RCHGF003539	885	643.873	201	3624.95
RCHGF003540	738	497.139	2	46.7152
RCHGF003541	2253	2011.87	4	23.0869
RCHGF003542	819	577.931	8	160.739
RCHGF003543	756	515.139	0	0
RCHGF003544	1215	973.873	3	35.7705
RCHGF003545	1188	946.873	0	0
RCHGF003546	750	509.139	0	0
RCHGF003547	765	524.038	0	0
RCHGF003548	1005	763.873	0	0
RCHGF003549	747	506.139	2	45.8846
RCHGF003550	3216	2974.87	12	46.8403
RCHGF003551	1074	832.873	7	97.5946
RCHGF003552	636	395.357	8	234.967
RCHGF003553	699	458.187	4	101.373
RCHGF003554	906	664.873	7	122.255
RCHGF003555	744	503.139	1	23.0791
RCHGF003556	3213	2971.87	19	74.2386
RCHGF003557	1077	835.873	14	194.489
RCHGF003558	1290	1048.87	3	33.2127
RCHGF003559	885	643.873	4	72.1383
RCHGF003561	381	156.436	3	222.686
RCHGF003562	426	193.949	1	59.8714
RCHGF003563	960	718.873	3	48.4591
RCHGF003564	1230	988.873	0	0
RCHGF003565	819	577.931	0	0
RCHGF003566	771	530.038	0	0
RCHGF003567	471	235.417	0	0
RCHGF003568	735	494.139	0	0
RCHGF003569	414	183.287	0	0
RCHGF003570	720	479.187	5	121.163
RCHGF003571	852	610.873	1	19.0088
RCHGF003572	897	655.873	12	212.455
RCHGF003573	543	303.685	0	0
RCHGF003574	738	497.139	0	0
RCHGF003575	396	167.663	0	0
RCHGF003576	777	536.038	0	0
RCHGF003577	723	482.187	1	24.0819
RCHGF003578	654	413.357	0	0
RCHGF003580	507	269.766	7	301.313
RCHGF003581	615	374.544	1	31.003
RCHGF003582	852	610.873	0	0
RCHGF003583	1614	1372.87	6	50.749
RCHGF003584	393	164.97	5	351.942
RCHGF003585	912	670.873	5	86.5438
RCHGF003586	816	574.931	2	40.3944
RCHGF003587	978	736.873	6	94.5507
RCHGF003588	297	92.8819	227	28379.3
RCHGF003589	168	26.4646	94	41244.7
RCHGF003590	2145	1903.87	675	4116.92
RCHGF003591	216	47.1375	5	1231.71
RCHGF003592	210	44.2887	6	1573.13
RCHGF003593	417	186.064	33	2059.48
RCHGF003594	546	306.477	33	1250.33
RCHGF003595	162	24.0909	0	0
RCHGF003596	342	125.736	21	1939.39
RCHGF003597	411	180.802	44	2825.89
RCHGF003598	177	29.584	4	1570.04
RCHGF003599	1296	1054.87	5	55.0397
RCHGF003600	816	574.931	3	60.5916
RCHGF003601	3666	3424.87	0	0
RCHGF003602	1287	1045.87	0	0
RCHGF003603	228	52.6724	0	0
RCHGF003604	3075	2833.87	4	16.3903
RCHGF003605	702	461.187	1	25.1785
RCHGF003606	225	51.2925	0	0
RCHGF003607	543	303.685	0	0
RCHGF003608	234	55.6884	0	0
RCHGF003609	357	137.302	0	0
RCHGF003610	222	49.975	0	0
RCHGF003611	897	655.873	2	35.4092
RCHGF003612	879	637.873	0	0
RCHGF003613	1164	922.873	2	25.1649
RCHGF003614	159	22.8618	0	0
RCHGF003615	483	247.059	13	611.012
RCHGF003616	1629	1387.87	21	175.702
RCHGF003617	357	137.302	2	169.145
RCHGF003618	777	536.038	1	21.6626
RCHGF003619	900	658.873	2	35.248
RCHGF003620	1071	829.873	2	27.985
RCHGF003621	1080	838.873	3	41.5271
RCHGF003622	714	473.187	5	122.7
RCHGF003623	798	556.931	5	104.25
RCHGF003624	267	73.9913	0	0
RCHGF003625	651	410.357	1	28.2973
RCHGF003626	723	482.187	5	120.41
RCHGF003627	1644	1402.87	34	281.428
RCHGF003628	558	318.416	26	948.166
RCHGF003629	132	15.0109	1	773.571
RCHGF003630	1863	1621.87	47	336.502
RCHGF003631	2271	2029.87	43	245.984
RCHGF003632	462	226.808	6	307.185
RCHGF003633	1263	1021.87	6	68.1806
RCHGF003634	741	500.139	17	394.698
RCHGF003635	600	359.579	4	129.173
RCHGF003636	774	533.038	2	43.5691
RCHGF003637	669	428.357	3	81.3247
RCHGF003638	1008	766.873	3	45.426
RCHGF003639	201	39.8512	0	0
RCHGF003640	1191	949.873	13	158.922
RCHGF003641	1560	1318.87	59	519.464
RCHGF003642	708	467.187	20	497.102
RCHGF003643	711	470.187	8	197.572
RCHGF003644	336	121.379	7	669.672
RCHGF003645	144	17.672	2	1314.17
RCHGF003646	537	297.803	4	155.969
RCHGF003647	882	640.873	1	18.119
RCHGF003648	153	20.5216	0	0
RCHGF003649	960	718.873	5.625	90.8608
RCHGF003650	702	461.187	19	478.391
RCHGF003651	510	272.686	0	0
RCHGF003652	201	39.8512	1	291.384
RCHGF003653	180	30.82	7	2637.38
RCHGF003654	2013	1771.87	125	819.189
RCHGF003655	234	55.6884	2	417.035
RCHGF003656	1608	1366.87	6	50.9717
RCHGF003657	594	353.614	10	328.38
RCHGF003658	834	592.873	0	0
RCHGF003659	246	62.1954	0	0
RCHGF003660	747	506.139	0	0
RCHGF003661	774	533.038	1	21.7845
RCHGF003662	327	114.119	0	0
RCHGF003663	147	18.4094	0	0
RCHGF003664	960	718.873	3.375	54.5165
RCHGF003665	2556	2314.87	101	506.641
RCHGF003666	171	27.5496	0	0
RCHGF003667	639	398.357	0	0
RCHGF003668	612	371.544	0	0
RCHGF003669	1362	1120.87	11	113.957
RCHGF003670	270	75.8497	0	0
RCHGF003671	570	329.909	0	0
RCHGF003672	567	327.259	0	0
RCHGF003673	894	652.873	3	53.3579
RCHGF003674	231	54.1705	3	643.08
RCHGF003676	843	601.873	1	19.2931
RCHGF003677	300	94.8053	0	0
RCHGF003678	1596	1354.87	26	222.834
RCHGF003679	723	482.187	6	144.492
RCHGF003680	3024	2782.87	47	196.115
RCHGF003681	1128	886.873	9	117.839
RCHGF003682	765	524.038	38	842.03
RCHGF003683	834	592.873	2	39.1719
RCHGF003684	678	437.231	1	26.558
RCHGF003685	1032	790.873	1	14.6825
RCHGF003687	462	226.808	0	0
RCHGF003688	687	446.231	0	0
RCHGF003689	885	643.873	1	18.0346
RCHGF003690	1038	796.873	8	116.575
RCHGF003691	360	139.583	0	0
RCHGF003692	663	422.357	7	192.453
RCHGF003693	1479	1237.87	25	234.515
RCHGF003694	624	383.508	0	0
RCHGF003695	495	258.461	0	0
RCHGF003696	777	536.038	3	64.9879
RCHGF003697	471	235.417	1	49.3252
RCHGF003698	2109	1867.87	2	12.4334
RCHGF003699	225	51.2925	0	0
RCHGF003700	1329	1087.87	72	768.53
RCHGF003701	267	73.9913	0	0
RCHGF003702	627	386.508	12	360.52
RCHGF003703	138	16.4062	0	0
RCHGF003704	1662	1420.87	0	0
RCHGF003705	117	11.7169	0	0
RCHGF003706	249	63.6652	0	0
RCHGF003707	318	107.094	2	216.856
RCHGF003708	297	92.8819	0	0
RCHGF003709	498	261.105	0	0
RCHGF003710	861	619.873	0	0
RCHGF003711	954	712.873	0	0
RCHGF003712	270	75.8497	1	153.092
RCHGF003713	624	383.508	0	0
RCHGF003714	1026	784.873	1	14.7947
RCHGF003715	1632	1390.87	3	25.0461
RCHGF003716	393	164.97	0	0
RCHGF003717	768	527.038	0	0
RCHGF003718	1014	772.873	0	0
RCHGF003719	198	38.6206	0	0
RCHGF003720	495	258.461	3	134.782
RCHGF003721	255	66.9232	0	0
RCHGF003722	213	45.7218	0	0
RCHGF003723	369	146.363	1	79.3371
RCHGF003724	408	178.092	0	0
RCHGF003725	306	98.475	0	0
RCHGF003726	168	26.4646	0	0
RCHGF003727	579	338.714	1	34.2826
RCHGF003728	657	416.357	1	27.8895
RCHGF003729	516	278.067	1	41.7596
RCHGF003730	1500	1258.87	13	119.913
RCHGF003731	1290	1048.87	1	11.0709
RCHGF003732	1128	886.873	0	0
RCHGF003733	177	29.584	0	0
RCHGF003734	303	96.4976	1	120.334
RCHGF003735	759	518.139	0	0
RCHGF003736	177	29.584	2	785.019
RCHGF003737	546	306.477	1	37.8887
RCHGF003738	1065	823.873	1	14.0944
RCHGF003739	114	11.1771	0	0
RCHGF003740	894	652.873	1	17.786
RCHGF003741	2622	2380.87	4	19.5088
RCHGF003742	567	327.259	5	177.413
RCHGF003744	717	476.187	4	97.5414
RCHGF003745	624	383.508	0	0
RCHGF003746	579	338.714	0	0
RCHGF003747	288	87.1266	0	0
RCHGF003748	282	83.4621	0	0
RCHGF003749	117	11.7169	1	991.047
RCHGF003750	270	75.8497	0	0
RCHGF003751	174	28.5134	0	0
RCHGF003752	288	87.1266	0	0
RCHGF003753	588	347.648	7	233.811
RCHGF003754	2322	2080.87	12	66.9641
RCHGF003755	1275	1033.87	11	123.547
RCHGF003756	720	479.187	5	121.163
RCHGF003757	129	14.3734	0	0
RCHGF003758	1581	1339.87	5	43.3324
RCHGF003759	114	11.1771	0	0
RCHGF003760	1590	1348.87	4	34.4346
RCHGF003761	1689	1447.87	1	8.02003
RCHGF003762	675	434.231	0	0
RCHGF003763	237	57.4318	0	0
RCHGF003764	534	294.803	309	12171.2
RCHGF003765	417	186.064	2	124.817
RCHGF003766	4101	3859.87	1	3.00839
RCHGF003767	147	18.4094	0	0
RCHGF003768	927	685.873	15	253.953
RCHGF003769	972	730.873	91	1445.79
RCHGF003770	1851	1609.87	331	2387.5
RCHGF003771	1155	913.873	144	1829.71
RCHGF003772	699	458.187	23	582.897
RCHGF003773	351	132.974	0	0
RCHGF003774	1881	1639.87	10	70.8103
RCHGF003775	918	676.873	2	34.3107
RCHGF003776	153	20.5216	0	0
RCHGF003777	849	607.873	1	19.1026
RCHGF003778	1461	1219.87	5	47.5951
RCHGF003779	939	697.873	0	0
RCHGF003780	357	137.302	0	0
RCHGF003781	618	377.508	13	399.875
RCHGF003782	1251	1009.87	1	11.4985
RCHGF003783	174	28.5134	0	0
RCHGF003784	774	533.038	4	87.1382
RCHGF003785	159	22.8618	0	0
RCHGF003786	435	202.632	0	0
RCHGF003787	129	14.3734	0	0
RCHGF003788	1065	823.873	3	42.2831
RCHGF003789	120	12.1832	0	0
RCHGF003790	573	332.909	0	0
RCHGF003791	2055	1813.87	10	64.0176
RCHGF003792	1716	1474.87	2	15.7464
RCHGF003793	681	440.231	2	52.7541
RCHGF003794	1545	1303.87	0	0
RCHGF003795	1500	1258.87	1	9.22411
RCHGF003796	669	428.357	0	0
RCHGF003797	447	213.384	0	0
RCHGF003798	1107	865.873	17	227.982
RCHGF003799	132	15.0109	0	0
RCHGF003800	219	48.5684	0	0
RCHGF003801	411	180.802	1	64.2249
RCHGF003802	360	139.583	0	0
RCHGF003803	1905	1663.87	9	62.81
RCHGF003804	639	398.357	0	0
RCHGF003805	123	13.0985	0	0
RCHGF003806	828	586.931	6	118.706
RCHGF003807	111	10.6861	0	0
RCHGF003808	804	562.931	2	41.2555
RCHGF003809	486	249.913	2	92.9284
RCHGF003810	750	509.139	11	250.878
RCHGF003811	843	601.873	1	19.2931
RCHGF003812	498	261.105	0	0
RCHGF003813	846	604.873	0	0
RCHGF003814	645	404.357	0	0
RCHGF003815	1338	1096.87	2	21.1729
RCHGF003816	459	224.231	0	0
RCHGF003817	489	252.863	1	45.922
RCHGF003818	900	658.873	0	0
RCHGF003819	504	266.924	2	87.0061
RCHGF003820	117	11.7169	0	0
RCHGF003821	450	216.298	0	0
RCHGF003822	876	634.873	0	0
RCHGF003823	207	42.6914	0	0
RCHGF003824	246	62.1954	0	0
RCHGF003825	333	118.948	0	0
RCHGF003826	114	11.1771	0	0
RCHGF003827	1269	1027.87	2	22.5942
RCHGF003828	432	199.672	0	0
RCHGF003829	489	252.863	0	0
RCHGF003830	1824	1582.87	6	44.0161
RCHGF003832	129	14.3734	0	0
RCHGF003833	858	616.873	2	37.6479
RCHGF003834	426	193.949	2	119.743
RCHGF003835	315	104.723	0	0
RCHGF003836	579	338.714	0	0
RCHGF003837	1113	871.873	1	13.3184
RCHGF003838	1935	1693.87	3	20.5659
RCHGF003839	2262	2020.87	3	17.2381
RCHGF003840	120	12.1832	0	0
RCHGF003841	423	191.608	0	0
RCHGF003842	1518	1276.87	0	0
RCHGF003843	129	14.3734	0	0
RCHGF003844	618	377.508	0	0
RCHGF003845	471	235.417	0	0
RCHGF003846	129	14.3734	0	0
RCHGF003847	447	213.384	0	0
RCHGF003848	462	226.808	0	0
RCHGF003849	1941	1699.87	3	20.4933
RCHGF003850	2631	2389.87	19	92.3178
RCHGF003851	138	16.4062	0	0
RCHGF003852	906	664.873	0	0
RCHGF003853	177	29.584	0	0
RCHGF003854	846	604.873	1	19.1974
RCHGF003855	1272	1030.87	17	191.492
RCHGF003856	351	132.974	5	436.626
RCHGF003857	453	218.867	14	742.77
RCHGF003858	228	52.6724	0	0
RCHGF003859	1068	826.873	0	0
RCHGF003860	558	318.416	7	255.276
RCHGF003861	291	88.988	1	130.489
RCHGF003862	915	673.873	1	17.2317
RCHGF003863	177	29.584	0	0
RCHGF003864	291	88.988	0	0
RCHGF003865	300	94.8053	0	0
RCHGF003866	252	65.0902	0	0
RCHGF003867	4215	3973.87	1	2.92208
RCHGF003868	522	283.985	0	0
RCHGF003869	996	754.873	0	0
RCHGF003870	564	324.323	3	107.411
RCHGF003871	330	116.711	0	0
RCHGF003872	1326	1084.87	1	10.7035
RCHGF003873	1032	790.873	4	58.7299
RCHGF003874	162	24.0909	0	0
RCHGF003875	681	440.231	11	290.147
RCHGF003876	2007	1765.87	5	32.8789
RCHGF003877	648	407.357	0	0
RCHGF003878	978	736.873	2	31.5169
RCHGF003879	861	619.873	2	37.4657
RCHGF003880	318	107.094	0	0
RCHGF003881	1332	1090.87	0	0
RCHGF003882	2571	2329.87	10	49.8396
RCHGF003883	117	11.7169	2	1982.09
RCHGF003884	1095	853.873	24	326.381
RCHGF003885	1254	1012.87	8	91.7152
RCHGF003886	1419	1177.87	19	187.31
RCHGF003887	1797	1555.87	9	67.1699
RCHGF003888	98	9.78947	0	0
RCHGF003891	2625	2383.87	1	4.87106
RCHGF003892	255	66.9232	3	520.536
RCHGF003893	411	180.802	4	256.899
RCHGF003894	258	68.7757	4	675.354
RCHGF003895	1056	814.873	1	14.2501
RCHGF003896	630	389.395	6	178.924
RCHGF003897	477	241.323	40	1924.72
RCHGF003898	462	226.808	0	0
RCHGF003899	1965	1723.87	6	40.4159
RCHGF003900	957	715.873	4	64.8829
RCHGF003901	1200	958.873	4	48.4401
RCHGF003902	498	261.105	0	0
RCHGF003903	297	92.8819	2	250.038
RCHGF003904	651	410.357	9	254.676
RCHGF003905	2928	2686.87	6	25.9305
RCHGF003906	969	727.873	1	15.9533
RCHGF003907	312	102.514	1	113.273
RCHGF003908	1191	949.873	4	48.8991
RCHGF003909	948	706.873	23	377.827
RCHGF003910	2499	2257.87	6	30.8573
RCHGF003911	1692	1450.87	1	8.00345
RCHGF003912	1398	1156.87	4	40.1496
RCHGF003913	3078	2836.87	10	40.9323
RCHGF003914	486	249.913	0	0
RCHGF003915	132	15.0109	1	773.571
RCHGF003917	309	100.415	1	115.64
RCHGF003918	312	102.514	1	113.273
RCHGF003919	282	83.4621	1	139.129
RCHGF003920	1287	1045.87	15	166.54
RCHGF003921	426	193.949	1	59.8714
RCHGF003922	1071	829.873	0	0
RCHGF003923	750	509.139	1	22.8071
RCHGF003924	567	327.259	0	0
RCHGF003925	762	521.139	4	89.1277
RCHGF003926	582	341.648	1	33.9882
RCHGF003927	636	395.357	0	0
RCHGF003928	1011	769.873	2	30.166
RCHGF003929	351	132.974	2	174.65
RCHGF003930	660	419.357	2	55.38
RCHGF003931	1302	1060.87	2	21.8914
RCHGF003932	288	87.1266	0	0
RCHGF003933	2289	2047.87	13	73.7135
RCHGF003934	1605	1363.87	6	51.0839
RCHGF003935	513	275.176	0	0
RCHGF003936	2199	1957.87	7	41.5164
RCHGF003937	498	261.105	0	0
RCHGF003938	120	12.1832	0	0
RCHGF003939	426	193.949	0	0
RCHGF003940	123	13.0985	0	0
RCHGF003941	117	11.7169	0	0
RCHGF003942	471	235.417	0	0
RCHGF003943	789	548.038	3	63.5649
RCHGF003944	489	252.863	3	137.766
RCHGF003945	576	335.714	1	34.5889
RCHGF003946	1104	862.873	9	121.116
RCHGF003947	936	694.873	18	300.797
RCHGF003948	507	269.766	47	2023.1
RCHGF003949	465	229.763	0	0
RCHGF003950	1698	1456.87	12	95.6458
RCHGF003951	255	66.9232	0	0
RCHGF003952	291	88.988	0	0
RCHGF003953	1863	1621.87	17	121.713
RCHGF003954	336	121.379	1	95.6675
RCHGF003955	153	20.5216	0	0
RCHGF003956	630	389.395	1	29.8206
RCHGF003957	1074	832.873	2	27.8842
RCHGF003958	930	688.873	0	0
RCHGF003959	1125	883.873	0	0
RCHGF003960	1200	958.873	3	36.3301
RCHGF003961	2361	2119.87	37	202.674
RCHGF003962	1551	1309.87	5	44.3248
RCHGF003963	936	694.873	11	183.82
RCHGF003964	150	19.4273	136	81289.1
RCHGF003965	273	77.9196	2	298.051
RCHGF003966	450	216.298	2	107.37
RCHGF003967	417	186.064	1	62.4086
RCHGF003968	669	428.357	2	54.2165
RCHGF003969	858	616.873	0	0
RCHGF003970	609	368.544	5	157.539
RCHGF003971	1929	1687.87	3	20.639
RCHGF003972	2493	2251.87	5	25.7829
RCHGF003973	1257	1015.87	4	45.7222
RCHGF003974	1788	1546.87	27	202.682
RCHGF003975	2178	1936.87	26	155.876
RCHGF003976	417	186.064	6	374.452
RCHGF003977	513	275.176	0	0
RCHGF003978	522	283.985	1	40.8895
RCHGF003979	708	467.187	0	0
RCHGF003980	441	208.139	0	0
RCHGF003981	996	754.873	0	0
RCHGF003982	351	132.974	1	87.3252
RCHGF003983	1374	1132.87	11	112.75
RCHGF003984	138	16.4062	0	0
RCHGF003985	279	81.6416	25	3555.78
RCHGF003986	735	494.139	2	46.9988
RCHGF003987	546	306.477	2	75.7773
RCHGF003988	981	739.873	6	94.1674
RCHGF003989	570	329.909	1	35.1975
RCHGF003990	510	272.686	0	0
RCHGF003991	327	114.119	0	0
RCHGF003992	735	494.139	0	0
RCHGF003993	756	515.139	7	157.79
RCHGF003994	783	542.038	0	0
RCHGF003995	1323	1081.87	0	0
RCHGF003996	1458	1216.87	3	28.6274
RCHGF003997	894	652.873	2	35.5719
RCHGF003998	795	553.931	12	251.555
RCHGF003999	198	38.6206	0	0
RCHGF004000	924	682.873	1	17.0046
RCHGF004001	984	742.873	5	78.1559
RCHGF004002	678	437.231	5	132.79
RCHGF004003	1218	976.873	4	47.5476
RCHGF004004	378	153.679	2	151.12
RCHGF004005	486	249.913	2	92.9284
RCHGF004006	288	87.1266	2	266.554
RCHGF004007	594	353.614	7	229.866
RCHGF004008	948	706.873	2	32.8545
RCHGF004009	939	697.873	2	33.2782
RCHGF004010	1245	1003.87	0	0
RCHGF004011	759	518.139	1	22.4109
RCHGF004012	636	395.357	0	0
RCHGF004013	1686	1444.87	2	16.0734
RCHGF004014	465	229.763	1	50.539
RCHGF004015	360	139.583	0	0
RCHGF004016	408	178.092	0	0
RCHGF004017	897	655.873	0	0
RCHGF004018	738	497.139	1	23.3576
RCHGF004019	312	102.514	0	0
RCHGF004020	1380	1138.87	3	30.5881
RCHGF004021	1764	1522.87	9	68.6255
RCHGF004022	1194	952.873	11	134.049
RCHGF004023	660	419.357	9	249.21
RCHGF004024	510	272.686	0	0
RCHGF004025	909	667.873	2	34.773
RCHGF004027	147	18.4094	0	0
RCHGF004028	879	637.873	7	127.43
RCHGF004029	528	289.284	1	40.1404
RCHGF004030	1062	820.873	12	169.751
RCHGF004031	2070	1828.87	6	38.0955
RCHGF004032	609	368.544	1	31.5077
RCHGF004033	462	226.808	0	0
RCHGF004034	993	751.873	0	0
RCHGF004035	951	709.873	0	0
RCHGF004036	297	92.8819	0	0
RCHGF004037	351	132.974	0	0
RCHGF004038	162	24.0909	0	0
RCHGF004039	417	186.064	0	0
RCHGF004040	435	202.632	2	114.612
RCHGF004041	327	114.119	0	0
RCHGF004042	561	321.385	5	180.655
RCHGF004043	972	730.873	0	0
RCHGF004044	654	413.357	1	28.0919
RCHGF004045	1308	1066.87	4	43.5365
RCHGF004046	999	757.873	9	137.896
RCHGF004047	1590	1348.87	1	8.60866
RCHGF004048	180	30.82	0	0
RCHGF004049	1476	1234.87	7	65.8237
RCHGF004050	282	83.4621	79	10991.2
RCHGF004051	702	461.187	5	125.892
RCHGF004052	1200	958.873	3	36.3301
RCHGF004053	303	96.4976	4	481.338
RCHGF004054	399	170.316	0	0
RCHGF004055	438	205.305	1	56.5597
RCHGF004056	357	137.302	1	84.5727
RCHGF004057	339	123.444	0	0
RCHGF004058	738	497.139	1	23.3576
RCHGF004059	1332	1090.87	2	21.2893
RCHGF004060	705	464.187	2	50.0315
RCHGF004061	1428	1186.87	9	88.0531
RCHGF004062	1599	1357.87	15	128.274
RCHGF004063	570	329.909	8	281.58
RCHGF004064	1254	1012.87	16	183.43
RCHGF004065	1299	1057.87	8	87.8138
RCHGF004066	834	592.873	10	195.859
RCHGF004067	921	679.873	9	153.717
RCHGF004068	660	419.357	0	0
RCHGF004069	621	380.508	0	0
RCHGF004070	1179	937.873	15	185.718
RCHGF004071	831	589.931	1	19.6836
RCHGF004072	999	757.873	11	168.54
RCHGF004073	1659	1417.87	10	81.8972
RCHGF004074	777	536.038	2	43.3253
RCHGF004075	1875	1633.87	11	78.1773
RCHGF004076	840	598.873	2	38.7794
RCHGF004077	210	44.2887	0	0
RCHGF004078	1326	1084.87	8	85.6283
RCHGF004079	375	151.111	0	0
RCHGF004080	900	658.873	0	0
RCHGF004081	327	114.119	87	8852.56
RCHGF004082	555	315.416	0	0
RCHGF004083	1374	1132.87	5	51.2502
RCHGF004084	942	700.873	5	82.8394
RCHGF004085	828	586.931	2	39.5685
RCHGF004086	951	709.873	0	0
RCHGF004087	576	335.714	2	69.1778
RCHGF004088	114	11.1771	0	0
RCHGF004089	792	551.038	2	42.1459
RCHGF004090	930	688.873	3	50.5695
RCHGF004091	921	679.873	1	17.0796
RCHGF004092	900	658.873	2	35.248
RCHGF004093	438	205.305	0	0
RCHGF004094	426	193.949	0	0
RCHGF004095	150	19.4273	0	0
RCHGF004096	1743	1501.87	8	61.8533
RCHGF004097	1335	1093.87	3	31.8464
RCHGF004099	735	494.139	8	187.995
RCHGF004101	642	401.357	1	28.9318
RCHGF004102	201	39.8512	0	0
RCHGF004103	177	29.584	0	0
RCHGF004104	1191	949.873	2	24.4495
RCHGF004105	123	13.0985	1	886.515
RCHGF004106	1626	1384.87	0	0
RCHGF004107	822	580.931	0	0
RCHGF004108	831	589.931	0	0
RCHGF004109	4233	3991.87	4	11.6356
RCHGF004110	450	216.298	0	0
RCHGF004111	171	27.5496	0	0
RCHGF004112	132	15.0109	0	0
RCHGF004113	489	252.863	0	0
RCHGF004114	879	637.873	0	0
RCHGF004115	2790	2548.87	2	9.11147
RCHGF004116	132	15.0109	0	0
RCHGF004117	432	199.672	0	0
RCHGF004118	492	255.588	0	0
RCHGF004119	774	533.038	0	0
RCHGF004120	816	574.931	1	20.1972
RCHGF004121	1680	1438.87	6	48.4212
RCHGF004122	795	553.931	0	0
RCHGF004123	636	395.357	1	29.3709
RCHGF004125	1497	1255.87	29	268.138
RCHGF004126	1089	847.873	0	0
RCHGF004127	300	94.8053	0	0
RCHGF004128	666	425.357	0	0
RCHGF004129	810	568.931	0	0
RCHGF004130	1371	1129.87	0	0
RCHGF004131	1440	1198.87	0	0
RCHGF004132	1437	1195.87	0	0
RCHGF004133	1383	1141.87	0	0
RCHGF004134	837	595.873	0	0
RCHGF004135	438	205.305	0	0
RCHGF004136	123	13.0985	0	0
RCHGF004137	915	673.873	0	0
RCHGF004138	885	643.873	4	72.1383
RCHGF004139	1014	772.873	0	0
RCHGF004140	1158	916.873	5	63.3238
RCHGF004141	306	98.475	4	471.672
RCHGF004142	237	57.4318	0	0
RCHGF004143	642	401.357	0	0
RCHGF004144	807	565.931	1	20.5184
RCHGF004145	762	521.139	0	0
RCHGF004146	462	226.808	2	102.395
RCHGF004147	417	186.064	0	0
RCHGF004148	2715	2473.87	3	14.0815
RCHGF004149	966	724.873	3	48.058
RCHGF004150	804	562.931	0	0
RCHGF004151	1179	937.873	4	49.5248
RCHGF004152	861	619.873	0	0
RCHGF004153	123	13.0985	0	0
RCHGF004154	147	18.4094	0	0
RCHGF004155	183	32.0921	0	0
RCHGF004156	636	395.357	0	0
RCHGF004157	945	703.873	0	0
RCHGF004158	780	539.038	1	21.5421
RCHGF004159	999	757.873	5	76.609
RCHGF004160	687	446.231	1	26.0224
RCHGF004161	657	416.357	0	0
RCHGF004162	1809	1567.87	2	14.8124
RCHGF004163	1176	934.873	3	37.2628
RCHGF004164	1455	1213.87	2	19.1321
RCHGF004165	636	395.357	3	88.1128
RCHGF004166	258	68.7757	0	0
RCHGF004167	345	128.201	0	0
RCHGF004168	597	356.579	0	0
RCHGF004169	6609	6367.87	3	5.47058
RCHGF004170	438	205.305	0	0
RCHGF004171	840	598.873	0	0
RCHGF004172	297	92.8819	0	0
RCHGF004173	1464	1222.87	0	0
RCHGF004174	780	539.038	2	43.0841
RCHGF004175	1092	850.873	2	27.2943
RCHGF004176	2604	2362.87	3	14.7431
RCHGF004177	750	509.139	0	0
RCHGF004178	159	22.8618	0	0
RCHGF004179	708	467.187	2	49.7102
RCHGF004180	636	395.357	0	0
RCHGF004181	450	216.298	0	0
RCHGF004182	165	25.1715	0	0
RCHGF004183	777	536.038	1	21.6626
RCHGF004184	111	10.6861	0	0
RCHGF004185	1401	1159.87	1	10.0114
RCHGF004186	756	515.139	1	22.5415
RCHGF004187	798	556.931	2	41.6999
RCHGF004188	858	616.873	0	0
RCHGF004189	825	583.931	0	0
RCHGF004190	1317	1075.87	3	32.3792
RCHGF004191	1437	1195.87	6	58.2603
RCHGF004192	1848	1606.87	0	0
RCHGF004193	837	595.873	0	0
RCHGF004194	435	202.632	0	0
RCHGF004195	2508	2266.87	1	5.12247
RCHGF004196	1329	1087.87	0	0
RCHGF004197	120	12.1832	0	0
RCHGF004198	1590	1348.87	3	25.826
RCHGF004199	708	467.187	0	0
RCHGF004200	1215	973.873	4	47.694
RCHGF004201	522	283.985	2	81.779
RCHGF004202	699	458.187	36	912.36
RCHGF004203	579	338.714	0	0
RCHGF004204	1176	934.873	1	12.4209
RCHGF004205	984	742.873	0	0
RCHGF004206	1164	922.873	4	50.3297
RCHGF004207	363	141.694	2	163.902
RCHGF004208	957	715.873	5	81.1036
RCHGF004209	396	167.663	7	484.806
RCHGF004210	363	141.694	4	327.805
RCHGF004211	114	11.1771	1	1038.9
RCHGF004212	771	530.038	3	65.7235
RCHGF004213	645	404.357	1	28.7172
RCHGF004214	1302	1060.87	7	76.6198
RCHGF004215	438	205.305	1	56.5597
RCHGF004216	510	272.686	1	42.5837
RCHGF004217	354	134.952	0	0
RCHGF004218	543	303.685	2	76.4739
RCHGF004219	393	164.97	8	563.107
RCHGF004220	537	297.803	3	116.977
RCHGF004221	321	109.531	1	106.016
RCHGF004222	366	143.963	2	161.319
RCHGF004223	258	68.7757	1	168.839
RCHGF004224	198	38.6206	0	0
RCHGF004225	414	183.287	3	190.062
RCHGF004226	789	548.038	8	169.506
RCHGF004227	333	118.948	0	0
RCHGF004228	276	80.0099	0	0
RCHGF004229	831	589.931	4	78.7346
RCHGF004230	294	90.9632	2	255.312
RCHGF004231	627	386.508	2	60.0867
RCHGF004232	684	443.231	7	183.389
RCHGF004233	726	485.187	11	263.263
RCHGF004234	738	497.139	0	0
RCHGF004235	996	754.873	1	15.3827
RCHGF004236	765	524.038	0	0
RCHGF004238	309	100.415	5	578.199
RCHGF004239	216	47.1375	2	492.685
RCHGF004240	1182	940.873	223	2752.2
RCHGF004241	2076	1834.87	17	107.584
RCHGF004242	468	232.74	0	0
RCHGF004243	420	188.818	6	368.989
RCHGF004244	810	568.931	0	0
RCHGF004245	1350	1108.87	0	0
RCHGF004247	543	303.685	0	0
RCHGF004248	189	34.2664	1	338.873
RCHGF004249	279	81.6416	1	142.231
RCHGF004250	450	216.298	2	107.37
RCHGF004251	807	565.931	4	82.0736
RCHGF004252	432	199.672	0	0
RCHGF004253	153	20.5216	0	0
RCHGF004254	234	55.6884	36	7506.62
RCHGF004255	369	146.363	15	1190.06
RCHGF004256	1287	1045.87	290	3219.77
RCHGF004257	120	12.1832	0	0
RCHGF004258	192	35.6168	9	2934.23
RCHGF004259	402	172.967	11	738.475
RCHGF004260	918	676.873	1	17.1553
RCHGF004261	462	226.808	1	51.1975
RCHGF004262	120	12.1832	0	0
RCHGF004263	330	116.711	0	0
RCHGF004264	1041	799.873	2	29.0346
RCHGF004265	708	467.187	0	0
RCHGF004266	1917	1675.87	6	41.5735
RCHGF004267	702	461.187	0	0
RCHGF004268	3519	3277.87	5	17.7127
RCHGF004269	366	143.963	0	0
RCHGF004270	609	368.544	7	220.554
RCHGF004271	480	244.228	0	0
RCHGF004272	318	107.094	0	0
RCHGF004273	360	139.583	0	0
RCHGF004274	267	73.9913	0	0
RCHGF004275	1683	1441.87	9	72.4806
RCHGF004276	570	329.909	0	0
RCHGF004277	1212	970.873	3	35.8811
RCHGF004278	1734	1492.87	2	15.5566
RCHGF004279	390	162.676	0	0
RCHGF004280	249	63.6652	0	0
RCHGF004281	291	88.988	0	0
RCHGF004282	144	17.672	0	0
RCHGF004283	306	98.475	1	117.918
RCHGF004284	207	42.6914	0	0
RCHGF004285	396	167.663	1	69.258
RCHGF004286	219	48.5684	0	0
RCHGF004287	852	610.873	1	19.0088
RCHGF004288	219	48.5684	0	0
RCHGF004289	585	344.648	0	0
RCHGF004290	261	70.3354	0	0
RCHGF004291	204	41.3296	0	0
RCHGF004292	456	221.474	0	0
RCHGF004293	1383	1141.87	1	10.1692
RCHGF004294	894	652.873	3	53.3579
RCHGF004295	315	104.723	0	0
RCHGF004296	156	21.6849	0	0
RCHGF004297	906	664.873	2	34.9299
RCHGF004298	540	300.803	4	154.413
RCHGF004299	255	66.9232	0	0
RCHGF004300	123	13.0985	0	0
RCHGF004301	189	34.2664	0	0
RCHGF004302	171	27.5496	2	842.988
RCHGF004303	177	29.584	0	0
RCHGF004304	168	26.4646	1	438.774
RCHGF004305	303	96.4976	5	601.672
RCHGF004306	390	162.676	2	142.762
RCHGF004307	918	676.873	40	686.213
RCHGF004308	1407	1165.87	8	79.6792
