-e target_id	length	eff_length	Coculture_PT33_HGF2_Early_Replicate_2_HGF2_counts	tpm
RCHGF000001	708	447.705	1	9.9335
RCHGF000002	762	501.122	5	44.3731
RCHGF000003	780	518.405	3	25.7363
RCHGF000004	882	619.759	6	43.0549
RCHGF000005	903	640.759	1	6.94063
RCHGF000006	1215	952.759	11	51.3456
RCHGF000007	855	592.759	0	0
RCHGF000008	561	305.204	1	14.5715
RCHGF000009	522	267.386	2	33.2648
RCHGF000010	447	200.615	1	22.1682
RCHGF000011	714	453.385	3	29.4271
RCHGF000012	1449	1186.76	7	26.2319
RCHGF000013	144	16.4854	0	0
RCHGF000014	639	379.984	0	0
RCHGF000015	480	228.791	2	38.8764
RCHGF000016	744	483.385	3	27.6008
RCHGF000017	849	586.811	1	7.57871
RCHGF000018	387	150.216	0	0
RCHGF000020	519	264.649	2	33.6088
RCHGF000021	156	19.2295	1	231.273
RCHGF000022	918	655.759	13	88.1643
RCHGF000023	1470	1207.76	12	44.187
RCHGF000024	948	685.759	9	58.3667
RCHGF000025	2820	2557.76	38	66.072
RCHGF000026	528	273.144	7	113.973
RCHGF000027	480	228.791	0	0
RCHGF000028	747	486.385	0	0
RCHGF000029	852	589.811	22	165.884
RCHGF000030	852	589.811	16	120.643
RCHGF000031	2136	1873.76	11	26.1079
RCHGF000032	114	9.04545	0	0
RCHGF000033	1155	892.759	4	19.926
RCHGF000034	2412	2149.76	40	82.7492
RCHGF000035	642	382.984	4	46.4487
RCHGF000036	945	682.759	35	227.979
RCHGF000037	399	159.782	5	139.167
RCHGF000038	1875	1612.76	8	22.0604
RCHGF000039	699	438.862	5	50.6682
RCHGF000040	2544	2281.76	18	35.083
RCHGF000041	1098	835.759	1	5.32124
RCHGF000042	2586	2323.76	7	13.3968
RCHGF000043	3450	3187.76	43	59.9897
RCHGF000044	390	152.677	3	87.3858
RCHGF000045	834	572.066	3	23.3222
RCHGF000046	816	554.066	0	0
RCHGF000047	1971	1708.76	645	1678.7
RCHGF000048	813	551.066	1378	11120.9
RCHGF000049	1026	763.759	15	87.3431
RCHGF000050	1857	1594.76	19	52.9849
RCHGF000051	1692	1429.76	17	52.8786
RCHGF000052	126	11.8259	5	1880.31
RCHGF000053	165	22.0434	0	0
RCHGF000054	135	14.8799	12	3586.54
RCHGF000055	447	200.615	6	133.009
RCHGF000056	126	11.8259	0	0
RCHGF000057	408	167.236	2	53.1856
RCHGF000058	639	379.984	7	81.927
RCHGF000059	933	670.759	1	6.63021
RCHGF000060	675	415.014	3	32.1479
RCHGF000061	744	483.385	11	101.203
RCHGF000062	1182	919.759	14	67.6936
RCHGF000063	1974	1711.76	21	54.5595
RCHGF000064	1479	1216.76	5	18.2751
RCHGF000065	900	637.759	16	111.573
RCHGF000066	687	426.939	3	31.2499
RCHGF000067	1395	1132.76	15	58.8908
RCHGF000068	894	631.759	9	63.3556
RCHGF000069	687	426.939	4	41.6666
RCHGF000070	873	610.759	17	123.786
RCHGF000071	363	131.467	1	33.828
RCHGF000072	117	10.0455	0	0
RCHGF000073	861	598.759	5	37.1374
RCHGF000074	732	471.385	4	37.7379
RCHGF000075	207	36.8344	4	482.948
RCHGF000076	276	70.8419	29	1820.55
RCHGF000077	288	77.762	21	1201.01
RCHGF000078	1566	1303.76	19	64.8112
RCHGF000079	288	77.762	4	228.763
RCHGF000080	459	210.604	4	84.4672
RCHGF000081	450	203.331	1	21.872
RCHGF000082	411	169.717	3	78.612
RCHGF000083	369	136.247	0	0
RCHGF000084	1497	1234.76	3	10.8052
RCHGF000085	726	465.385	1	9.55612
RCHGF000086	585	328.045	0	0
RCHGF000087	1785	1522.76	5	14.6027
RCHGF000088	1746	1483.76	4	11.9892
RCHGF000089	615	356.771	0	0
RCHGF000090	354	124.2	2	71.6144
RCHGF000091	1878	1615.76	8	22.0195
RCHGF000092	1446	1183.76	52	195.359
RCHGF000093	513	258.887	59	1013.53
RCHGF000094	672	412.014	6	64.764
RCHGF000095	1434	1171.76	7	26.5677
RCHGF000096	987	724.759	3	18.4086
RCHGF000097	1050	787.759	3	16.9364
RCHGF000098	1203	940.759	4	18.9093
RCHGF000099	1329	1066.76	1	4.16896
RCHGF000100	207	36.8344	0	0
RCHGF000101	765	503.811	1	8.82726
RCHGF000102	1164	901.759	2	9.86355
RCHGF000103	1707	1444.76	60	184.693
RCHGF000104	1047	784.759	8	45.3364
RCHGF000105	2346	2083.76	9	19.2083
RCHGF000106	753	492.385	11	99.3532
RCHGF000107	195	32.8107	13	1762.07
RCHGF000108	195	32.8107	0	0
RCHGF000109	666	406.378	0	0
RCHGF000110	1152	889.759	1	4.99829
RCHGF000111	1008	745.759	32	190.829
RCHGF000112	996	733.759	10	60.6095
RCHGF000113	828	566.066	0	0
RCHGF000114	798	536.405	2	16.5818
RCHGF000115	474	223.081	4	79.7426
RCHGF000116	417	174.679	1	25.4597
RCHGF000117	819	557.066	3	23.9502
RCHGF000118	2754	2491.76	6	10.7088
RCHGF000119	981	718.759	12	74.2492
RCHGF000121	474	223.081	0	0
RCHGF000122	912	649.759	2	13.689
RCHGF000123	1251	988.759	5	22.4892
RCHGF000124	492	239.572	9	167.071
RCHGF000125	672	412.014	2	21.588
RCHGF000126	375	140.834	0	0
RCHGF000127	1632	1369.76	6	19.4805
RCHGF000128	333	108.521	0	0
RCHGF000129	1206	943.759	0	0
RCHGF000130	1470	1207.76	2	7.3645
RCHGF000131	987	724.759	0	0
RCHGF000132	900	637.759	3	20.9198
RCHGF000133	657	397.984	5	55.8726
RCHGF000134	2331	2068.76	9	19.3476
RCHGF000135	1776	1513.76	21	61.6959
RCHGF000136	120	10.2585	0	0
RCHGF000137	597	339.3	0	0
RCHGF000138	1125	862.759	28	144.332
RCHGF000139	978	715.759	1	6.21337
RCHGF000140	489	236.744	6	112.711
RCHGF000141	1188	925.759	9	43.2353
RCHGF000142	135	14.8799	0	0
RCHGF000143	174	24.6289	0	0
RCHGF000144	735	474.385	1	9.37482
RCHGF000145	702	441.862	0	0
RCHGF000146	777	515.405	0	0
RCHGF000147	243	52.9904	1	83.9261
RCHGF000148	399	159.782	98	2727.67
RCHGF000149	750	489.385	6	54.5248
RCHGF000151	2724	2461.76	4	7.22617
RCHGF000152	729	468.385	0	0
RCHGF000153	444	197.895	1	22.4729
RCHGF000154	765	503.811	0	0
RCHGF000155	1194	931.759	5	23.8649
RCHGF000156	909	646.759	0	0
RCHGF000157	744	483.385	0	0
RCHGF000158	555	299.285	0	0
RCHGF000159	1041	778.759	0	0
RCHGF000160	927	664.759	0	0
RCHGF000161	1488	1225.76	5	18.1409
RCHGF000162	1671	1408.76	4	12.6275
RCHGF000163	1053	790.759	4	22.4962
RCHGF000165	1038	775.759	11	63.0608
RCHGF000166	2400	2137.76	20	41.6069
RCHGF000167	120	10.2585	0	0
RCHGF000168	873	610.759	75	546.116
RCHGF000169	1836	1573.76	85	240.201
RCHGF000170	552	296.365	16	240.097
RCHGF000171	1230	967.759	6	27.5726
RCHGF000172	558	302.204	2	29.4322
RCHGF000173	468	218.034	6	122.383
RCHGF000174	150	17.5247	5	1268.86
RCHGF000175	1656	1393.76	32	102.107
RCHGF000176	873	610.759	6	43.6893
RCHGF000177	390	152.677	45	1310.79
RCHGF000178	876	613.759	172	1246.31
RCHGF000179	996	733.759	43	260.621
RCHGF000180	120	10.2585	0	0
RCHGF000181	813	551.066	2	16.1406
RCHGF000182	786	524.405	2	16.9612
RCHGF000183	1230	967.759	6	27.5726
RCHGF000184	447	200.615	0	0
RCHGF000185	1398	1135.76	13	50.9039
RCHGF000186	525	270.144	12	197.551
RCHGF000187	741	480.385	6	55.5464
RCHGF000188	456	208.05	7	149.632
RCHGF000189	1380	1117.76	17	67.6386
RCHGF000190	1140	877.759	34	172.265
RCHGF000191	1401	1138.76	45	175.742
RCHGF000192	624	365.353	3	36.5176
RCHGF000193	1539	1276.76	7	24.3828
RCHGF000194	1209	946.759	8	37.5789
RCHGF000195	897	634.759	2	14.0125
RCHGF000196	1458	1195.76	4	14.8768
RCHGF000197	969	706.759	4	25.17
RCHGF000198	1287	1024.76	3	13.0195
RCHGF000199	1242	979.759	7	31.774
RCHGF000200	1446	1183.76	12	45.0829
RCHGF000201	1185	922.759	3	14.4586
RCHGF000202	162	21.3549	0	0
RCHGF000203	582	325.045	206	2818.5
RCHGF000204	1209	946.759	222	1042.82
RCHGF000205	720	459.385	55	532.451
RCHGF000206	1503	1240.76	189	677.436
RCHGF000207	1101	838.759	30	159.066
RCHGF000208	1332	1069.76	33	137.19
RCHGF000209	2175	1912.76	51	118.578
RCHGF000210	1710	1447.76	61	187.382
RCHGF000212	1578	1315.76	30	101.4
RCHGF000213	1425	1162.76	22	84.1447
RCHGF000214	315	96.5208	1	46.0758
RCHGF000215	435	190.341	3	70.0944
RCHGF000216	723	462.385	6	57.7087
RCHGF000217	111	9.59322	0	0
RCHGF000218	651	391.984	0	0
RCHGF000219	1050	787.759	4	22.5819
RCHGF000220	132	13.8613	0	0
RCHGF000221	726	465.385	5	47.7806
RCHGF000222	1038	775.759	13	74.5264
RCHGF000223	1254	991.759	4	17.9369
RCHGF000224	654	394.984	10	112.594
RCHGF000225	522	267.386	0	0
RCHGF000226	1080	817.759	1	5.43837
RCHGF000227	282	74.2062	1	59.9313
RCHGF000228	1026	763.759	11	64.0516
RCHGF000229	336	110.774	1	40.1473
RCHGF000230	711	450.465	2	19.7453
RCHGF000231	678	418.014	7	74.4734
RCHGF000232	456	208.05	1	21.376
RCHGF000233	534	278.67	10	159.589
RCHGF000234	645	385.984	6	69.1315
RCHGF000235	3291	3028.76	168	246.683
RCHGF000236	552	296.365	5	75.0303
RCHGF000237	2649	2386.76	135	251.547
RCHGF000238	321	100.614	19	839.822
RCHGF000240	942	679.759	59	386.003
RCHGF000241	588	331.045	16	214.945
RCHGF000242	459	210.604	8	168.934
RCHGF000243	1050	787.759	56	316.147
RCHGF000244	1551	1288.76	16	55.2131
RCHGF000245	783	521.405	7	59.7059
RCHGF000246	1434	1171.76	23	87.2938
RCHGF000247	1656	1393.76	9	28.7176
RCHGF000248	2358	2095.76	28	59.417
RCHGF000249	1101	838.759	42	222.693
RCHGF000250	1539	1276.76	28	97.531
RCHGF000251	1095	832.759	29	154.872
RCHGF000252	951	688.759	66	426.158
RCHGF000253	1254	991.759	15	67.2634
RCHGF000254	1281	1018.76	27	117.865
RCHGF000255	426	182.539	3	73.0901
RCHGF000256	600	342.148	36	467.932
RCHGF000257	1752	1489.76	28	83.5864
RCHGF000258	1128	865.759	2	10.2737
RCHGF000259	1206	943.759	30	141.369
RCHGF000260	168	22.6016	48	9444.88
RCHGF000261	540	284.365	51	797.604
RCHGF000262	816	554.066	3	24.0799
RCHGF000263	1410	1147.76	9	34.8727
RCHGF000264	978	715.759	10	62.1337
RCHGF000265	225	44.7535	0	0
RCHGF000266	207	36.8344	0	0
RCHGF000267	150	17.5247	0	0
RCHGF000268	213	39.7239	1	111.955
RCHGF000269	759	498.122	1	8.92808
RCHGF000270	939	676.759	4	26.2857
RCHGF000271	114	9.04545	0	0
RCHGF000272	2676	2413.76	3	5.5274
RCHGF000273	270	67.5569	3	197.49
RCHGF000274	204	35.8563	0	0
RCHGF000275	501	248.082	0	0
RCHGF000276	735	474.385	1	9.37482
RCHGF000277	585	328.045	0	0
RCHGF000279	345	117.123	12	455.65
RCHGF000280	600	342.148	3	38.9943
RCHGF000281	591	333.598	1	13.3312
RCHGF000282	864	601.759	8	59.1236
RCHGF000283	621	362.353	7	85.9132
RCHGF000284	375	140.834	2	63.1562
RCHGF000285	429	185.209	5	120.061
RCHGF000286	945	682.759	117	762.1
RCHGF000287	729	468.385	1	9.49491
RCHGF000288	2244	1981.76	14	31.4175
RCHGF000289	1296	1033.76	24	103.249
RCHGF000290	906	643.759	4	27.6332
RCHGF000291	207	36.8344	1	120.737
RCHGF000292	951	688.759	5	32.2847
RCHGF000293	885	622.759	17	121.401
RCHGF000294	135	14.8799	1	298.878
RCHGF000295	711	450.465	10	98.7263
RCHGF000296	540	284.365	12	187.672
RCHGF000297	702	441.862	3	30.1945
RCHGF000298	771	509.811	3	26.1701
RCHGF000299	1164	901.759	25	123.294
RCHGF000300	1056	793.759	13	72.8364
RCHGF000301	486	234.238	16	303.778
RCHGF000302	1125	862.759	14	72.1659
RCHGF000303	264	64.2033	39	2701.48
RCHGF000304	873	610.759	5	36.4078
RCHGF000305	954	691.759	3	19.2868
RCHGF000306	294	81.9951	0	0
RCHGF000307	939	676.759	8	52.5714
RCHGF000308	1806	1543.76	0	0
RCHGF000309	840	577.811	3	23.0903
RCHGF000310	1101	838.759	2	10.6044
RCHGF000311	1026	763.759	9	52.4059
RCHGF000312	264	64.2033	10	692.686
RCHGF000313	2208	1945.76	75	171.422
RCHGF000314	1389	1126.76	15	59.2044
RCHGF000315	669	409.378	10	108.635
RCHGF000316	327	104.308	4	170.544
RCHGF000317	711	450.465	3	29.6179
RCHGF000318	1302	1039.76	9	38.4949
RCHGF000319	375	140.834	6	189.469
RCHGF000320	549	293.365	16	242.552
RCHGF000321	993	730.759	46	279.948
RCHGF000323	1233	970.759	4	18.3249
RCHGF000324	771	509.811	0	0
RCHGF000325	576	319.419	2	27.846
RCHGF000326	864	601.759	5	36.9523
RCHGF000327	177	25.5457	0	0
RCHGF000328	162	21.3549	1	208.255
RCHGF000329	930	667.759	6	39.96
RCHGF000330	978	715.759	10	62.1337
RCHGF000331	1005	742.759	5	29.9375
RCHGF000332	798	536.405	3	24.8727
RCHGF000333	522	267.386	5	83.162
RCHGF000334	1650	1387.76	14	44.865
RCHGF000335	699	438.862	7	70.9355
RCHGF000336	459	210.604	0	0
RCHGF000337	1299	1036.76	10	42.8959
RCHGF000338	282	74.2062	11	659.244
RCHGF000339	558	302.204	1	14.7161
RCHGF000340	171	23.5411	0	0
RCHGF000341	330	106.505	0	0
RCHGF000342	597	339.3	5	65.5361
RCHGF000343	1161	898.759	7	34.6377
RCHGF000344	519	264.649	1	16.8044
RCHGF000345	771	509.811	5	43.6169
RCHGF000346	564	308.067	5	72.1804
RCHGF000347	645	385.984	0	0
RCHGF000348	1029	766.759	2	11.6002
RCHGF000349	681	420.939	4	42.2605
RCHGF000350	831	569.066	11	85.9655
RCHGF000351	402	162.126	0	0
RCHGF000352	1038	775.759	6	34.3968
RCHGF000353	771	509.811	5	43.6169
RCHGF000354	717	456.385	9	87.7011
RCHGF000355	150	17.5247	0	0
RCHGF000356	993	730.759	10	60.8583
RCHGF000357	1014	751.759	16	94.6532
RCHGF000358	1263	1000.76	27	119.985
RCHGF000359	135	14.8799	0	0
RCHGF000360	903	640.759	7	48.5844
RCHGF000361	1992	1729.76	5	12.8552
RCHGF000362	870	607.759	1	7.31749
RCHGF000363	1176	913.759	1	4.86701
RCHGF000364	510	256.191	1	17.3592
RCHGF000365	1290	1027.76	2	8.65431
RCHGF000366	1002	739.759	7	42.0825
RCHGF000367	759	498.122	7	62.4965
RCHGF000368	840	577.811	3	23.0903
RCHGF000369	1383	1120.76	12	47.6171
RCHGF000370	240	51.5798	6	517.328
RCHGF000372	2397	2134.76	5	10.4163
RCHGF000373	867	604.759	0	0
RCHGF000374	1239	976.759	9	40.9778
RCHGF000375	138	15.531	2	572.698
RCHGF000377	215	40.6014	10	1095.35
RCHGF000379	750	489.385	1	9.08747
RCHGF000380	594	336.3	1	13.2241
RCHGF000381	330	106.505	1	41.7565
RCHGF000382	1098	835.759	0	0
RCHGF000383	558	302.204	1	14.7161
RCHGF000384	300	86.4617	0	0
RCHGF000385	1053	790.759	0	0
RCHGF000386	474	223.081	0	0
RCHGF000387	396	157.446	0	0
RCHGF000388	663	403.378	0	0
RCHGF000389	834	572.066	1	7.77406
RCHGF000390	744	483.385	3	27.6008
RCHGF000391	735	474.385	4	37.4993
RCHGF000392	1053	790.759	0	0
RCHGF000393	867	604.759	1	7.35379
RCHGF000394	1026	763.759	3	17.4686
RCHGF000395	1431	1168.76	7	26.6359
RCHGF000396	1275	1012.76	4	17.565
RCHGF000397	561	305.204	1	14.5715
RCHGF000398	3159	2896.76	7	10.7468
RCHGF000399	1293	1030.76	3	12.9437
RCHGF000400	300	86.4617	1	51.4363
RCHGF000401	309	92.8128	0	0
RCHGF000402	645	385.984	2	23.0438
RCHGF000403	312	94.5724	3	141.075
RCHGF000404	141	15.902	0	0
RCHGF000405	591	333.598	1	13.3312
RCHGF000406	1173	910.759	0	0
RCHGF000407	1572	1309.76	4	13.582
RCHGF000408	831	569.066	0	0
RCHGF000409	468	218.034	0	0
RCHGF000410	207	36.8344	5	603.685
RCHGF000411	462	213.251	4	83.4186
RCHGF000412	300	86.4617	1	51.4363
RCHGF000413	288	77.762	6	343.145
RCHGF000414	492	239.572	1	18.5634
RCHGF000415	240	51.5798	26	2241.75
RCHGF000416	1173	910.759	71	346.696
RCHGF000417	792	530.405	8	67.0775
RCHGF000418	3453	3190.76	19	26.4822
RCHGF000419	558	302.204	4	58.8645
RCHGF000420	162	21.3549	3	624.766
RCHGF000421	1353	1090.76	6	24.4634
RCHGF000422	804	542.405	1	8.19918
RCHGF000423	1359	1096.76	1	4.05492
RCHGF000424	852	589.811	1	7.54016
RCHGF000425	1041	778.759	5	28.5536
RCHGF000426	837	575.015	2	15.4684
RCHGF000427	783	521.405	1	8.52941
RCHGF000428	477	226.02	1	19.6765
RCHGF000429	438	192.997	2	46.0865
RCHGF000430	1455	1192.76	3	11.1857
RCHGF000431	843	580.811	1	7.657
RCHGF000432	1041	778.759	0	0
RCHGF000433	1914	1651.76	0	0
RCHGF000434	666	406.378	0	0
RCHGF000435	717	456.385	3	29.2337
RCHGF000436	465	216.052	0	0
RCHGF000437	1188	925.759	17	81.6667
RCHGF000438	1416	1153.76	9	34.6913
RCHGF000439	1086	823.759	1	5.39875
RCHGF000440	261	62.62	0	0
RCHGF000441	2100	1837.76	2	4.83989
RCHGF000442	612	353.993	21	263.826
RCHGF000443	993	730.759	24	146.06
RCHGF000444	324	102.2	1	43.5156
RCHGF000445	132	13.8613	0	0
RCHGF000446	381	145.252	3	91.8528
RCHGF000447	135	14.8799	0	0
RCHGF000448	144	16.4854	0	0
RCHGF000449	1356	1093.76	10	40.6604
RCHGF000450	1116	853.759	21	109.39
RCHGF000451	192	31.5285	0	0
RCHGF000452	201	34.6415	1	128.38
RCHGF000453	1098	835.759	5	26.6062
RCHGF000454	1941	1678.76	18	47.6846
RCHGF000455	2511	2248.76	36	71.1956
RCHGF000457	1284	1021.76	9	39.1731
RCHGF000459	453	205.625	3	64.8841
RCHGF000460	1806	1543.76	4	11.5232
RCHGF000461	306	90.576	3	147.3
RCHGF000462	594	336.3	10	132.241
RCHGF000463	933	670.759	2	13.2604
RCHGF000464	555	299.285	9	133.737
RCHGF000465	771	509.811	8	69.787
RCHGF000466	1218	955.759	11	51.1845
RCHGF000467	2529	2266.76	15	29.4293
RCHGF000468	2085	1822.76	9	21.9587
RCHGF000469	909	646.759	8	55.01
RCHGF000470	738	477.385	2	18.6318
RCHGF000471	777	515.405	2	17.2574
RCHGF000472	843	580.811	2	15.314
RCHGF000473	336	110.774	1	40.1473
RCHGF000474	558	302.204	0	0
RCHGF000475	648	388.984	32	365.858
RCHGF000476	147	16.6825	0	0
RCHGF000477	630	371.32	0	0
RCHGF000478	975	712.759	11	68.6347
RCHGF000479	1068	805.759	4	22.0774
RCHGF000480	855	592.759	2	15.0053
RCHGF000481	693	432.939	1	10.2723
RCHGF000482	678	418.014	1	10.6391
RCHGF000483	1641	1378.76	6	19.3534
RCHGF000484	2343	2080.76	12	25.648
RCHGF000485	546	290.365	0	0
RCHGF000486	111	9.59322	0	0
RCHGF000487	486	234.238	0	0
RCHGF000488	441	195.595	3	68.2115
RCHGF000489	1035	772.759	5	28.7753
RCHGF000490	312	94.5724	0	0
RCHGF000491	2640	2377.76	12	22.4444
RCHGF000492	1941	1678.76	9	23.8423
RCHGF000493	366	134.087	3	99.5013
RCHGF000494	1773	1510.76	13	38.2685
RCHGF000495	477	226.02	2	39.353
RCHGF000496	765	503.811	0	0
RCHGF000497	762	501.122	1	8.87463
RCHGF000498	939	676.759	11	72.2857
RCHGF000499	846	583.811	3	22.853
RCHGF000500	1260	997.759	17	75.7734
RCHGF000501	1014	751.759	14	82.8215
RCHGF000502	1095	832.759	4	21.3616
RCHGF000503	1011	748.759	3	17.8186
RCHGF000504	1083	820.759	11	59.6034
RCHGF000505	1233	970.759	19	87.0434
RCHGF000506	165	22.0434	0	0
RCHGF000507	921	658.759	1	6.75099
RCHGF000508	348	119.412	1	37.2429
RCHGF000509	138	15.531	0	0
RCHGF000510	153	18.5283	1	240.026
RCHGF000512	498	245.373	0	0
RCHGF000513	3693	3430.76	14	18.1481
RCHGF000514	1572	1309.76	3	10.1865
RCHGF000515	1029	766.759	2	11.6002
RCHGF000516	585	328.045	0	0
RCHGF000517	1530	1267.76	0	0
RCHGF000518	438	192.997	4	92.1729
RCHGF000519	690	429.939	0	0
RCHGF000520	750	489.385	3	27.2624
RCHGF000521	1224	961.759	2	9.24821
RCHGF000522	714	453.385	1	9.80905
RCHGF000523	369	136.247	0	0
RCHGF000524	327	104.308	0	0
RCHGF000526	186	29.0041	0	0
RCHGF000527	561	305.204	0	0
RCHGF000528	807	545.405	2	16.3082
RCHGF000529	627	368.353	0	0
RCHGF000530	273	69.1859	10	642.801
RCHGF000531	678	418.014	3	31.9172
RCHGF000532	1053	790.759	4	22.4962
RCHGF000533	978	715.759	2	12.4267
RCHGF000534	519	264.649	2	33.6088
RCHGF000535	702	441.862	25	251.621
RCHGF000536	573	316.419	1	14.055
RCHGF000537	1323	1060.76	13	54.503
RCHGF000538	639	379.984	3	35.1116
RCHGF000539	1641	1378.76	7	22.5789
RCHGF000540	1764	1501.76	17	50.3434
RCHGF000541	756	495.122	9	80.8396
RCHGF000542	894	631.759	10	70.3951
RCHGF000543	2409	2146.76	3	6.21487
RCHGF000544	1371	1108.76	4	16.0441
RCHGF000545	960	697.759	10	63.7365
RCHGF000546	165	22.0434	0	0
RCHGF000547	378	142.955	8	248.877
RCHGF000548	426	182.539	0	0
RCHGF000549	471	220.631	0	0
RCHGF000550	840	577.811	0	0
RCHGF000551	702	441.862	0	0
RCHGF000552	1836	1573.76	4	11.3036
RCHGF000553	312	94.5724	0	0
RCHGF000554	1257	994.759	0	0
RCHGF000555	345	117.123	0	0
RCHGF000556	1443	1180.76	1	3.76645
RCHGF000557	873	610.759	2	14.5631
RCHGF000558	795	533.405	2	16.675
RCHGF000559	747	486.385	5	45.7176
RCHGF000560	1356	1093.76	6	24.3963
RCHGF000561	453	205.625	0	0
RCHGF000562	477	226.02	0	0
RCHGF000563	1587	1324.76	5	16.7852
RCHGF000564	816	554.066	3	24.0799
RCHGF000565	543	287.365	4	61.9041
RCHGF000566	600	342.148	2	25.9962
RCHGF000567	873	610.759	2	14.5631
RCHGF000568	837	575.015	10	77.3419
RCHGF000569	828	566.066	34	267.12
RCHGF000570	717	456.385	14	136.424
RCHGF000571	1341	1078.76	68	280.336
RCHGF000572	774	512.405	5	43.3961
RCHGF000573	1353	1090.76	36	146.78
RCHGF000574	951	688.759	40	258.277
RCHGF000575	354	124.2	8	286.458
RCHGF000576	1647	1384.76	4	12.8463
RCHGF000577	669	409.378	5	54.3175
RCHGF000578	1110	847.759	6	31.4755
RCHGF000579	714	453.385	17	166.754
RCHGF000580	504	250.946	0	0
RCHGF000581	762	501.122	19	168.618
RCHGF000582	762	501.122	5	44.3731
RCHGF000583	768	506.811	1	8.77501
RCHGF000584	357	126.784	1	35.0776
RCHGF000585	252	57.4648	1348	104323
RCHGF000586	1329	1066.76	1	4.16896
RCHGF000587	765	503.811	3	26.4818
RCHGF000588	222	43.4027	0	0
RCHGF000589	369	136.247	7	228.488
RCHGF000590	357	126.784	3	105.233
RCHGF000592	3047	2784.76	20	31.9401
RCHGF000594	1983	1720.76	8	20.6759
RCHGF000595	1425	1162.76	0	0
RCHGF000596	237	50.2634	0	0
RCHGF000597	180	26.6879	0	0
RCHGF000598	903	640.759	2	13.8813
RCHGF000599	882	619.759	0	0
RCHGF000600	1116	853.759	1	5.20905
RCHGF000601	1755	1492.76	3	8.93769
RCHGF000602	1134	871.759	15	76.5224
RCHGF000603	1032	769.759	3	17.3325
RCHGF000604	1392	1129.76	6	23.6189
RCHGF000605	891	628.759	10	70.731
RCHGF000606	1026	763.759	8	46.583
RCHGF000607	1707	1444.76	3	9.23463
RCHGF000608	1455	1192.76	1	3.72856
RCHGF000609	1098	835.759	1	5.32124
RCHGF000610	951	688.759	3	19.3708
RCHGF000611	900	637.759	2	13.9466
RCHGF000612	1146	883.759	2	10.0644
RCHGF000613	1119	856.759	2	10.3816
RCHGF000614	825	563.066	3	23.695
RCHGF000615	1149	886.759	4	20.0608
RCHGF000616	624	365.353	3	36.5176
RCHGF000617	597	339.3	5	65.5361
RCHGF000618	1224	961.759	19	87.858
RCHGF000619	510	256.191	33	572.854
RCHGF000620	1902	1639.76	7	18.9851
RCHGF000621	237	50.2634	3	265.438
RCHGF000622	153	18.5283	0	0
RCHGF000623	291	79.8309	0	0
RCHGF000624	402	162.126	0	0
RCHGF000625	111	9.59322	3	1390.75
RCHGF000626	963	700.759	4	25.3855
RCHGF000627	1191	928.759	18	86.1913
RCHGF000628	204	35.8563	0	0
RCHGF000629	1140	877.759	4	20.2665
RCHGF000631	567	311.067	5	71.4843
RCHGF000632	720	459.385	3	29.0428
RCHGF000633	195	32.8107	0	0
RCHGF000634	438	192.997	0	0
RCHGF000635	879	616.759	7	50.475
RCHGF000636	1491	1228.76	51	184.585
RCHGF000637	1179	916.759	6	29.1065
RCHGF000638	1308	1045.76	3	12.758
RCHGF000639	1023	760.759	5	29.2292
RCHGF000640	120	10.2585	0	0
RCHGF000641	408	167.236	9	239.335
RCHGF000642	780	518.405	12	102.945
RCHGF000643	354	124.2	13	465.494
RCHGF000644	177	25.5457	0	0
RCHGF000645	786	524.405	3	25.4418
RCHGF000646	138	15.531	5	1431.75
RCHGF000647	762	501.122	12	106.496
RCHGF000648	909	646.759	2	13.7525
RCHGF000649	198	33.6584	0	0
RCHGF000650	1101	838.759	9	47.7199
RCHGF000651	114	9.04545	0	0
RCHGF000652	780	518.405	1	8.57877
RCHGF000653	111	9.59322	0	0
RCHGF000654	1104	841.759	0	0
RCHGF000655	1167	904.759	3	14.7463
RCHGF000656	120	10.2585	0	0
RCHGF000657	891	628.759	2	14.1462
RCHGF000658	117	10.0455	0	0
RCHGF000659	2055	1792.76	31	76.9013
RCHGF000660	309	92.8128	3	143.75
RCHGF000661	1239	976.759	1	4.55309
RCHGF000662	324	102.2	0	0
RCHGF000663	1443	1180.76	12	45.1974
RCHGF000664	1188	925.759	94	451.569
RCHGF000665	174	24.6289	4	722.286
RCHGF000666	537	281.543	3	47.3882
RCHGF000667	1215	952.759	7	32.6745
RCHGF000668	2190	1927.76	13	29.9905
RCHGF000669	123	11.1099	0	0
RCHGF000670	528	273.144	4	65.1272
RCHGF000671	144	16.4854	0	0
RCHGF000672	813	551.066	7	56.4922
RCHGF000673	423	180.057	1	24.6993
RCHGF000674	141	15.902	0	0
RCHGF000675	765	503.811	41	361.918
RCHGF000676	558	302.204	1	14.7161
RCHGF000677	849	586.811	8	60.6297
RCHGF000678	1119	856.759	12	62.2897
RCHGF000679	144	16.4854	0	0
RCHGF000680	1035	772.759	16	92.0809
RCHGF000681	666	406.378	0	0
RCHGF000682	918	655.759	3	20.3456
RCHGF000683	747	486.385	26	237.732
RCHGF000684	204	35.8563	0	0
RCHGF000685	960	697.759	36	229.451
RCHGF000686	798	536.405	18	149.236
RCHGF000687	777	515.405	16	138.059
RCHGF000688	777	515.405	8	69.0296
RCHGF000689	123	11.1099	2	800.597
RCHGF000690	921	658.759	1	6.75099
RCHGF000691	300	86.4617	1	51.4363
RCHGF000692	822	560.066	4	31.7625
RCHGF000693	780	518.405	1	8.57877
RCHGF000694	468	218.034	0	0
RCHGF000695	738	477.385	0	0
RCHGF000696	408	167.236	1	26.5928
RCHGF000697	2712	2449.76	12	21.7847
RCHGF000698	1215	952.759	1	4.66778
RCHGF000699	1224	961.759	9	41.6169
RCHGF000700	600	342.148	2	25.9962
RCHGF000701	729	468.385	15	142.424
RCHGF000702	1737	1474.76	4	12.0624
RCHGF000703	552	296.365	0	0
RCHGF000704	774	512.405	0	0
RCHGF000705	756	495.122	0	0
RCHGF000706	699	438.862	0	0
RCHGF000707	858	595.759	3	22.3947
RCHGF000708	873	610.759	21	152.913
RCHGF000709	309	92.8128	0	0
RCHGF000710	888	625.759	15	106.605
RCHGF000711	837	575.015	16	123.747
RCHGF000712	489	236.744	2	37.5703
RCHGF000713	426	182.539	0	0
RCHGF000714	984	721.759	2	12.3234
RCHGF000715	891	628.759	3	21.2193
RCHGF000716	324	102.2	0	0
RCHGF000717	819	557.066	2	15.9668
RCHGF000718	819	557.066	5	39.917
RCHGF000719	531	276.144	0	0
RCHGF000720	1152	889.759	1	4.99829
RCHGF000721	558	302.204	1	14.7161
RCHGF000722	624	365.353	0	0
RCHGF000723	762	501.122	2	17.7493
RCHGF000724	882	619.759	0	0
RCHGF000725	1356	1093.76	2	8.13209
RCHGF000726	405	164.715	5	134.999
RCHGF000727	540	284.365	1	15.6393
RCHGF000728	1338	1075.76	41	169.497
RCHGF000729	1065	802.759	27	149.58
RCHGF000730	624	365.353	12	146.07
RCHGF000731	660	400.664	10	110.998
RCHGF000732	1005	742.759	11	65.8626
RCHGF000733	192	31.5285	0	0
RCHGF000734	684	423.939	2	20.9807
RCHGF000735	423	180.057	3	74.0978
RCHGF000736	2136	1873.76	95	225.478
RCHGF000737	930	667.759	45	299.7
RCHGF000738	936	673.759	31	204.621
RCHGF000739	642	382.984	1	11.6122
RCHGF000740	507	253.375	1	17.5521
RCHGF000741	939	676.759	8	52.5714
RCHGF000742	225	44.7535	2	198.745
RCHGF000743	846	583.811	0	0
RCHGF000744	393	155.042	1	28.6843
RCHGF000745	684	423.939	2	20.9807
RCHGF000746	378	142.955	0	0
RCHGF000747	1068	805.759	7	38.6355
RCHGF000748	150	17.5247	0	0
RCHGF000749	654	394.984	2	22.5188
RCHGF000750	849	586.811	16	121.259
RCHGF000751	369	136.247	0	0
RCHGF000752	123	11.1099	0	0
RCHGF000753	918	655.759	2	13.5637
RCHGF000754	117	10.0455	0	0
RCHGF000755	1131	868.759	10	51.1911
RCHGF000756	693	432.939	3	30.8168
RCHGF000757	132	13.8613	0	0
RCHGF000758	432	187.591	2	47.4146
RCHGF000759	510	256.191	0	0
RCHGF000760	489	236.744	6	112.711
RCHGF000762	996	733.759	8	48.4876
RCHGF000763	411	169.717	0	0
RCHGF000764	1065	802.759	5	27.6999
RCHGF000765	1944	1681.76	12	31.733
RCHGF000766	936	673.759	0	0
RCHGF000767	552	296.365	0	0
RCHGF000769	345	117.123	0	0
RCHGF000770	1254	991.759	4	17.9369
RCHGF000771	594	336.3	10	132.241
RCHGF000772	528	273.144	7	113.973
RCHGF000773	1098	835.759	19	101.104
RCHGF000774	2265	2002.76	17	37.7497
RCHGF000775	1611	1348.76	32	105.514
RCHGF000776	318	98.6228	2	90.1875
RCHGF000777	411	169.717	5	131.02
RCHGF000778	642	382.984	0	0
RCHGF000779	1218	955.759	6	27.9188
RCHGF000780	537	281.543	1	15.7961
RCHGF000781	129	12.5756	0	0
RCHGF000782	129	12.5756	0	0
RCHGF000783	687	426.939	0	0
RCHGF000784	1080	817.759	0	0
RCHGF000785	402	162.126	45	1234.4
RCHGF000786	861	598.759	56	415.939
RCHGF000787	1857	1594.76	11	30.6755
RCHGF000788	1722	1459.76	3	9.13974
RCHGF000789	426	182.539	0	0
RCHGF000790	138	15.531	0	0
RCHGF000791	2001	1738.76	17	43.4814
RCHGF000792	129	12.5756	0	0
RCHGF000793	297	84.0948	1	52.884
RCHGF000794	654	394.984	11	123.853
RCHGF000795	459	210.604	9	190.051
RCHGF000796	609	350.993	4	50.6822
RCHGF000797	183	27.8166	0	0
RCHGF000798	339	112.942	3	118.13
RCHGF000799	219	42.3112	0	0
RCHGF000800	3315	3052.76	24	34.9633
RCHGF000801	666	406.378	0	0
RCHGF000802	1422	1159.76	0	0
RCHGF000803	3246	2983.76	55	81.9771
RCHGF000804	702	441.862	7	70.4539
RCHGF000805	330	106.505	2	83.5129
RCHGF000806	678	418.014	8	85.1125
RCHGF000807	774	512.405	15	130.188
RCHGF000808	159	20.1921	1	220.248
RCHGF000809	2202	1939.76	53	121.513
RCHGF000810	1965	1702.76	46	120.143
RCHGF000811	363	131.467	3	101.484
RCHGF000812	111	9.59322	0	0
RCHGF000813	132	13.8613	0	0
RCHGF000814	1491	1228.76	2	7.23864
RCHGF000815	129	12.5756	0	0
RCHGF000816	1731	1468.76	25	75.6978
RCHGF000817	450	203.331	1	21.872
RCHGF000818	159	20.1921	1	220.248
RCHGF000819	1677	1414.76	33	103.735
RCHGF000820	141	15.902	0	0
RCHGF000821	165	22.0434	0	0
RCHGF000822	801	539.405	24	197.875
RCHGF000823	843	580.811	28	214.396
RCHGF000824	855	592.759	2	15.0053
RCHGF000825	2424	2161.76	10	20.5725
RCHGF000826	627	368.353	0	0
RCHGF000827	885	622.759	1	7.14124
RCHGF000828	609	350.993	0	0
RCHGF000829	861	598.759	1	7.42748
RCHGF000830	1248	985.759	1	4.51152
RCHGF000831	840	577.811	0	0
RCHGF000832	759	498.122	0	0
RCHGF000833	471	220.631	0	0
RCHGF000834	468	218.034	2	40.7943
RCHGF000835	435	190.341	4	93.4592
RCHGF000836	306	90.576	3	147.3
RCHGF000837	1167	904.759	6	29.4925
RCHGF000838	117	10.0455	0	0
RCHGF000839	117	10.0455	0	0
RCHGF000840	1998	1735.76	17	43.5565
RCHGF000841	624	365.353	5	60.8627
RCHGF000842	690	429.939	102	1055.08
RCHGF000843	714	453.385	41	402.171
RCHGF000844	510	256.191	7	121.515
RCHGF000845	561	305.204	6	87.4288
RCHGF000846	903	640.759	0	0
RCHGF000847	663	403.378	0	0
RCHGF000848	771	509.811	4	34.8935
RCHGF000849	1371	1108.76	9	36.0993
RCHGF000850	588	331.045	4	53.7362
RCHGF000851	669	409.378	2	21.727
RCHGF000852	639	379.984	2	23.4077
RCHGF000853	816	554.066	4	32.1065
RCHGF000855	1593	1330.76	15	50.1286
RCHGF000856	222	43.4027	0	0
RCHGF000857	303	88.4875	0	0
RCHGF000858	153	18.5283	0	0
RCHGF000860	1446	1183.76	1	3.75691
RCHGF000861	576	319.419	1	13.923
RCHGF000862	1017	754.759	0	0
RCHGF000863	765	503.811	1	8.82726
RCHGF000864	603	345.056	2	25.7771
RCHGF000865	1182	919.759	8	38.6821
RCHGF000866	792	530.405	0	0
RCHGF000867	1455	1192.76	5	18.6428
RCHGF000868	591	333.598	2	26.6625
RCHGF000869	666	406.378	5	54.7185
RCHGF000870	411	169.717	4	104.816
RCHGF000871	423	180.057	5	123.496
RCHGF000872	696	435.862	1	10.2034
RCHGF000873	282	74.2062	0	0
RCHGF000874	213	39.7239	0	0
RCHGF000875	399	159.782	0	0
RCHGF000876	888	625.759	2	14.214
RCHGF000877	384	147.671	1	30.1161
RCHGF000878	348	119.412	0	0
RCHGF000879	915	652.759	0	0
RCHGF000880	666	406.378	1	10.9437
RCHGF000881	801	539.405	3	24.7343
RCHGF000882	225	44.7535	1	99.3725
RCHGF000883	153	18.5283	2	480.052
RCHGF000884	942	679.759	5	32.7121
RCHGF000885	1128	865.759	9	46.2316
RCHGF000886	135	14.8799	0	0
RCHGF000887	1449	1186.76	10	37.4741
RCHGF000888	600	342.148	16	207.97
RCHGF000889	1215	952.759	33	154.037
RCHGF000890	324	102.2	0	0
RCHGF000891	1920	1657.76	5	13.4135
RCHGF000892	306	90.576	5	245.5
RCHGF000893	726	465.385	2	19.1122
RCHGF000894	177	25.5457	0	0
RCHGF000895	285	75.968	0	0
RCHGF000896	327	104.308	1	42.636
RCHGF000897	1428	1165.76	10	38.1492
RCHGF000898	1494	1231.76	4	14.442
RCHGF000899	240	51.5798	72	6207.93
RCHGF000900	366	134.087	6	199.003
RCHGF000901	903	640.759	5	34.7032
RCHGF000902	465	216.052	1	20.5843
RCHGF000903	513	258.887	3	51.5353
RCHGF000904	990	727.759	7	42.7764
RCHGF000905	912	649.759	7	47.9115
RCHGF000906	798	536.405	4	33.1636
RCHGF000907	564	308.067	21	303.158
RCHGF000908	906	643.759	49	338.506
RCHGF000909	810	548.163	7	56.7913
RCHGF000910	1830	1567.76	6	17.0202
RCHGF000911	1731	1468.76	5	15.1396
RCHGF000912	1170	907.759	8	39.1934
RCHGF000913	795	533.405	18	150.075
RCHGF000914	1338	1075.76	7	28.9386
RCHGF000915	729	468.385	18	170.908
RCHGF000916	198	33.6584	2	264.259
RCHGF000917	1008	745.759	35	208.72
RCHGF000918	549	293.365	5	75.7976
RCHGF000919	2622	2359.76	300	565.389
RCHGF000920	1098	835.759	9	47.8911
RCHGF000921	798	536.405	7	58.0363
RCHGF000922	114	9.04545	3	1474.97
RCHGF000923	246	54.5444	36	2935.26
RCHGF000924	591	333.598	13	173.306
RCHGF000925	252	57.4648	3	232.174
RCHGF000926	252	57.4648	0	0
RCHGF000927	2595	2332.76	131	249.744
RCHGF000928	414	172.144	14	361.685
RCHGF000929	150	17.5247	11	2791.49
RCHGF000930	444	197.895	3	67.4188
RCHGF000931	282	74.2062	8	479.451
RCHGF000932	1770	1507.76	89	262.514
RCHGF000933	1332	1069.76	12	49.8872
RCHGF000935	1218	955.759	20	93.0626
RCHGF000936	348	119.412	16	595.887
RCHGF000937	111	9.59322	2	927.17
RCHGF000938	510	256.191	43	746.447
RCHGF000939	837	575.015	0	0
RCHGF000940	501	248.082	1	17.9266
RCHGF000941	504	250.946	8	141.776
RCHGF000942	117	10.0455	0	0
RCHGF000944	453	205.625	2	43.2561
RCHGF000945	1164	901.759	7	34.5224
RCHGF000946	2130	1867.76	53	126.197
RCHGF000947	228	46.0091	2	193.322
RCHGF000948	1833	1570.76	13	36.8068
RCHGF000949	1296	1033.76	1072	4611.79
RCHGF000950	762	501.122	1	8.87463
RCHGF000951	189	30.0274	0	0
RCHGF000952	549	293.365	2	30.319
RCHGF000953	177	25.5457	1	174.091
RCHGF000954	147	16.6825	0	0
RCHGF000955	582	325.045	5	68.4101
RCHGF000956	720	459.385	4	38.7237
RCHGF000957	384	147.671	0	0
RCHGF000958	1335	1072.76	7	29.0195
RCHGF000960	186	29.0041	3	459.997
RCHGF000961	1122	859.759	1	5.1727
RCHGF000962	1011	748.759	630	3741.9
RCHGF000963	567	311.067	0	0
RCHGF000964	483	231.748	50	959.504
RCHGF000965	1068	805.759	4	22.0774
RCHGF000966	819	557.066	1	7.98339
RCHGF000967	1047	784.759	1	5.66706
RCHGF000968	672	412.014	1	10.794
RCHGF000969	672	412.014	2	21.588
RCHGF000970	1002	739.759	53	318.625
RCHGF000971	819	557.066	14	111.767
RCHGF000972	474	223.081	27	538.263
RCHGF000973	1179	916.759	31	150.384
RCHGF000974	180	26.6879	1	166.64
RCHGF000975	303	88.4875	1	50.2587
RCHGF000976	426	182.539	14	341.087
RCHGF000977	1176	913.759	235	1143.75
RCHGF000978	564	308.067	10	144.361
RCHGF000979	132	13.8613	0	0
RCHGF000980	912	649.759	12	82.134
RCHGF000981	264	64.2033	0	0
RCHGF000982	552	296.365	0	0
RCHGF000983	936	673.759	14	92.4096
RCHGF000984	945	682.759	49	319.17
RCHGF000985	852	589.811	1	7.54016
RCHGF000986	429	185.209	0	0
RCHGF000987	915	652.759	9	61.3174
RCHGF000988	918	655.759	3	20.3456
RCHGF000989	1413	1150.76	11	42.5111
RCHGF000990	1005	742.759	2	11.975
RCHGF000991	1266	1003.76	1	4.43062
RCHGF000993	1203	940.759	2	9.45465
RCHGF000994	273	69.1859	0	0
RCHGF000995	642	382.984	0	0
RCHGF000996	684	423.939	1	10.4904
RCHGF000997	1128	865.759	0	0
RCHGF000998	1188	925.759	3	14.4118
RCHGF000999	954	691.759	5	32.1447
RCHGF001000	630	371.32	0	0
RCHGF001001	495	242.462	2	36.6843
RCHGF001002	411	169.717	2	52.408
RCHGF001003	822	560.066	2	15.8813
RCHGF001004	750	489.385	0	0
RCHGF001005	483	231.748	0	0
RCHGF001006	678	418.014	0	0
RCHGF001007	990	727.759	2	12.2218
RCHGF001008	261	62.62	0	0
RCHGF001009	114	9.04545	0	0
RCHGF001010	951	688.759	4	25.8277
RCHGF001011	1152	889.759	3	14.9949
RCHGF001012	705	444.705	5	50.0025
RCHGF001013	924	661.759	1	6.72038
RCHGF001014	825	563.066	1	7.89832
RCHGF001015	1053	790.759	0	0
RCHGF001016	2382	2119.76	11	23.0781
RCHGF001017	645	385.984	13	149.785
RCHGF001018	939	676.759	2	13.1429
RCHGF001019	768	506.811	2	17.55
RCHGF001020	120	10.2585	5	2167.6
RCHGF001021	141	15.902	0	0
RCHGF001022	1044	781.759	3	17.0664
RCHGF001023	1176	913.759	1	4.86701
RCHGF001024	645	385.984	1	11.5219
RCHGF001025	471	220.631	0	0
RCHGF001026	927	664.759	0	0
RCHGF001027	825	563.066	0	0
RCHGF001028	765	503.811	2	17.6545
RCHGF001029	417	174.679	0	0
RCHGF001030	2421	2158.76	5	10.3005
RCHGF001031	267	65.7619	6	405.762
RCHGF001032	702	441.862	10	100.648
RCHGF001033	795	533.405	4	33.3501
RCHGF001034	801	539.405	13	107.182
RCHGF001035	480	228.791	1	19.4382
RCHGF001036	2730	2467.76	7	12.6151
RCHGF001037	501	248.082	4	71.7065
RCHGF001038	1437	1174.76	30	113.571
RCHGF001039	1113	850.759	39	203.869
RCHGF001040	1134	871.759	62	316.293
RCHGF001041	753	492.385	3	27.0963
RCHGF001042	870	607.759	8	58.54
RCHGF001043	987	724.759	20	122.724
RCHGF001044	138	15.531	0	0
RCHGF001045	729	468.385	6	56.9695
RCHGF001046	1272	1009.76	4	17.6172
RCHGF001047	675	415.014	3	32.1479
RCHGF001048	768	506.811	2	17.55
RCHGF001049	2370	2107.76	2	4.21991
RCHGF001050	474	223.081	2	39.8713
RCHGF001051	522	267.386	2	33.2648
RCHGF001052	852	589.811	3	22.6205
RCHGF001053	615	356.771	1	12.4653
RCHGF001054	237	50.2634	0	0
RCHGF001055	351	121.869	1	36.4924
RCHGF001056	1086	823.759	37	199.754
RCHGF001057	744	483.385	40	368.011
RCHGF001058	1344	1081.76	48	197.335
RCHGF001059	444	197.895	2	44.9459
RCHGF001060	1995	1732.76	29	74.431
RCHGF001061	921	658.759	6	40.5059
RCHGF001062	228	46.0091	14	1353.25
RCHGF001063	474	223.081	61	1216.08
RCHGF001064	291	79.8309	16	891.339
RCHGF001065	195	32.8107	0	0
RCHGF001066	111	9.59322	0	0
RCHGF001067	216	41.019	1	108.42
RCHGF001068	654	394.984	4	45.0375
RCHGF001069	1182	919.759	2	9.67052
RCHGF001070	1101	838.759	1	5.30221
RCHGF001071	1323	1060.76	0	0
RCHGF001072	330	106.505	0	0
RCHGF001073	318	98.6228	0	0
RCHGF001074	1041	778.759	5	28.5536
RCHGF001075	1896	1633.76	11	29.9432
RCHGF001076	156	19.2295	1	231.273
RCHGF001077	822	560.066	1	7.94063
RCHGF001078	1353	1090.76	9	36.6951
RCHGF001079	1311	1048.76	6	25.4431
RCHGF001080	810	548.163	0	0
RCHGF001081	843	580.811	2	15.314
RCHGF001082	705	444.705	3	30.0015
RCHGF001083	1023	760.759	5	29.2292
RCHGF001084	297	84.0948	0	0
RCHGF001085	1470	1207.76	7	25.7758
RCHGF001086	453	205.625	2	43.2561
RCHGF001087	1110	847.759	2	10.4918
RCHGF001088	795	533.405	19	158.413
RCHGF001089	801	539.405	13	107.182
RCHGF001090	300	86.4617	1	51.4363
RCHGF001091	672	412.014	2	21.588
RCHGF001092	795	533.405	1	8.33752
RCHGF001093	366	134.087	5	165.836
RCHGF001094	1530	1267.76	1	3.50798
RCHGF001095	1038	775.759	4	22.9312
RCHGF001096	1290	1027.76	4	17.3086
RCHGF001097	363	131.467	0	0
RCHGF001098	996	733.759	4	24.2438
RCHGF001099	540	284.365	1	15.6393
RCHGF001100	456	208.05	1	21.376
RCHGF001101	999	736.759	1	6.03627
RCHGF001102	1257	994.759	18	80.4727
RCHGF001103	495	242.462	18	330.159
RCHGF001104	750	489.385	1	9.08747
RCHGF001105	1338	1075.76	6	24.8045
RCHGF001106	348	119.412	7	260.701
RCHGF001107	1260	997.759	9	40.1154
RCHGF001108	1443	1180.76	33	124.293
RCHGF001109	171	23.5411	0	0
RCHGF001110	1086	823.759	18	97.1776
RCHGF001111	1929	1666.76	14	37.355
RCHGF001112	174	24.6289	0	0
RCHGF001113	375	140.834	8	252.625
RCHGF001114	264	64.2033	7	484.88
RCHGF001115	1248	985.759	5	22.5576
RCHGF001116	582	325.045	18	246.276
RCHGF001117	237	50.2634	12	1061.75
RCHGF001118	216	41.019	4	433.68
RCHGF001119	672	412.014	6	64.764
RCHGF001120	1011	748.759	8	47.5162
RCHGF001121	204	35.8563	0	0
RCHGF001122	765	503.811	3	26.4818
RCHGF001123	2040	1777.76	30	75.0485
RCHGF001126	153	18.5283	1	240.026
RCHGF001127	3351	3088.76	11	15.8381
RCHGF001128	150	17.5247	0	0
RCHGF001129	363	131.467	3	101.484
RCHGF001130	1386	1123.76	6	23.745
RCHGF001131	1035	772.759	4	23.0202
RCHGF001132	822	560.066	2	15.8813
RCHGF001133	753	492.385	3	27.0963
RCHGF001134	495	242.462	0	0
RCHGF001135	408	167.236	3	79.7785
RCHGF001136	2769	2506.76	12	21.2894
RCHGF001137	114	9.04545	0	0
RCHGF001138	1023	760.759	10	58.4584
RCHGF001139	651	391.984	3	34.0367
RCHGF001140	2697	2434.76	14	25.5721
RCHGF001141	3207	2944.76	33	49.8377
RCHGF001142	774	512.405	40	347.169
RCHGF001143	555	299.285	167	2481.56
RCHGF001144	618	359.707	60	741.815
RCHGF001145	603	345.056	0	0
RCHGF001146	699	438.862	0	0
RCHGF001147	138	15.531	0	0
RCHGF001148	714	453.385	4	39.2362
RCHGF001149	852	589.811	21	158.343
RCHGF001150	1338	1075.76	98	405.14
RCHGF001152	1281	1018.76	23	100.404
RCHGF001153	4032	3769.76	39	46.0092
RCHGF001154	1128	865.759	8	41.0948
RCHGF001155	1479	1216.76	13	47.5152
RCHGF001156	465	216.052	6	123.506
RCHGF001157	333	108.521	0	0
RCHGF001158	972	709.759	14	87.7225
RCHGF001159	129	12.5756	4	1414.57
RCHGF001160	906	643.759	10	69.0829
RCHGF001161	999	736.759	17	102.617
RCHGF001162	171	23.5411	3	566.746
RCHGF001163	129	12.5756	0	0
RCHGF001164	312	94.5724	4	188.1
RCHGF001165	1887	1624.76	11	30.1091
RCHGF001166	1734	1471.76	5	15.1087
RCHGF001167	426	182.539	1	24.3634
RCHGF001168	126	11.8259	0	0
RCHGF001169	1068	805.759	8	44.1549
RCHGF001170	936	673.759	22	145.215
RCHGF001171	1104	841.759	3	15.8499
RCHGF001172	252	57.4648	10	773.913
RCHGF001173	972	709.759	81	507.537
RCHGF001174	546	290.365	5	76.5807
RCHGF001176	728	467.385	8	76.1218
RCHGF001178	528	273.144	1	16.2818
RCHGF001179	546	290.365	0	0
RCHGF001180	342	114.908	7	270.921
RCHGF001181	327	104.308	0	0
RCHGF001182	177	25.5457	9	1566.82
RCHGF001183	1509	1246.76	26	92.7437
RCHGF001184	2004	1741.76	50	127.666
RCHGF001185	591	333.598	17	226.631
RCHGF001186	216	41.019	3	325.26
RCHGF001187	432	187.591	0	0
RCHGF001188	543	287.365	1	15.476
RCHGF001189	1650	1387.76	1	3.20464
RCHGF001190	855	592.759	4	30.0107
RCHGF001191	1125	862.759	4	20.6188
RCHGF001192	453	205.625	7	151.396
RCHGF001193	417	174.679	0	0
RCHGF001195	765	503.811	3	26.4818
RCHGF001196	987	724.759	4	24.5448
RCHGF001197	147	16.6825	1	266.582
RCHGF001198	1434	1171.76	11	41.7492
RCHGF001199	2376	2113.76	38	79.9506
RCHGF001200	465	216.052	13	267.596
RCHGF001201	111	9.59322	2	927.17
RCHGF001202	1785	1522.76	13	37.967
RCHGF001203	1596	1333.76	9	30.0095
RCHGF001204	1578	1315.76	12	40.5601
RCHGF001205	147	16.6825	0	0
RCHGF001206	306	90.576	0	0
RCHGF001207	144	16.4854	30	8093.1
RCHGF001208	408	167.236	692	18402.2
RCHGF001209	1680	1417.76	29	90.9682
RCHGF001210	1206	943.759	18	84.8214
RCHGF001211	855	592.759	14	105.037
RCHGF001212	612	353.993	8	100.505
RCHGF001213	324	102.2	6	261.093
RCHGF001214	252	57.4648	0	0
RCHGF001215	813	551.066	6	48.4219
RCHGF001216	156	19.2295	2	462.546
RCHGF001217	111	9.59322	0	0
RCHGF001218	273	69.1859	0	0
RCHGF001219	330	106.505	1	41.7565
RCHGF001220	810	548.163	1	8.11305
RCHGF001221	363	131.467	0	0
RCHGF001222	273	69.1859	7	449.961
RCHGF001223	525	270.144	8	131.701
RCHGF001224	1131	868.759	1	5.11911
RCHGF001225	756	495.122	6	53.893
RCHGF001226	819	557.066	0	0
RCHGF001227	699	438.862	0	0
RCHGF001228	606	348.056	1	12.7775
RCHGF001229	1167	904.759	0	0
RCHGF001230	840	577.811	0	0
RCHGF001231	846	583.811	9	68.5589
RCHGF001232	1110	847.759	2	10.4918
RCHGF001233	576	319.419	0	0
RCHGF001234	420	177.227	0	0
RCHGF001235	747	486.385	3	27.4306
RCHGF001236	681	420.939	9	95.086
RCHGF001237	336	110.774	7	281.031
RCHGF001238	432	187.591	3	71.1219
RCHGF001239	1236	973.759	31	141.581
RCHGF001240	729	468.385	16	151.919
RCHGF001241	936	673.759	5	33.0034
RCHGF001242	1053	790.759	10	56.2406
RCHGF001243	948	685.759	11	71.337
RCHGF001244	972	709.759	21	131.584
RCHGF001245	930	667.759	11	73.26
RCHGF001246	870	607.759	3	21.9525
RCHGF001247	1365	1102.76	17	68.5586
RCHGF001248	462	213.251	3	62.564
RCHGF001249	222	43.4027	0	0
RCHGF001250	1035	772.759	1	5.75506
RCHGF001251	798	536.405	3	24.8727
RCHGF001252	1002	739.759	6	36.0707
RCHGF001253	156	19.2295	0	0
RCHGF001254	366	134.087	9	298.504
RCHGF001255	1251	988.759	24	107.948
RCHGF001256	1215	952.759	91	424.768
RCHGF001257	198	33.6584	0	0
RCHGF001258	1527	1264.76	4	14.0652
RCHGF001259	1200	937.759	13	61.6518
RCHGF001260	777	515.405	5	43.1435
RCHGF001261	459	210.604	4	84.4672
RCHGF001262	1644	1381.76	75	241.392
RCHGF001263	186	29.0041	0	0
RCHGF001264	1158	895.759	16	79.437
RCHGF001265	846	583.811	2	15.2353
RCHGF001266	633	374.254	6	71.2983
RCHGF001267	354	124.2	0	0
RCHGF001268	651	391.984	2	22.6911
RCHGF001269	579	322.161	2	27.609
RCHGF001270	2928	2665.76	52	86.7514
RCHGF001271	1302	1039.76	19	81.2671
RCHGF001272	183	27.8166	3	479.636
RCHGF001273	666	406.378	3	32.8311
RCHGF001274	1716	1453.76	5	15.2958
RCHGF001275	1917	1654.76	3	8.0627
RCHGF001276	1749	1486.76	18	53.8426
RCHGF001277	912	649.759	2	13.689
RCHGF001278	111	9.59322	0	0
RCHGF001279	1326	1063.76	5	20.9036
RCHGF001280	2448	2185.76	14	28.4852
RCHGF001281	540	284.365	25	390.983
RCHGF001282	759	498.122	11	98.2088
RCHGF001283	276	70.8419	0	0
RCHGF001284	546	290.365	1	15.3161
RCHGF001285	1278	1015.76	9	39.4045
RCHGF001286	744	483.385	2	18.4005
RCHGF001287	1299	1036.76	3	12.8688
RCHGF001288	1434	1171.76	1	3.79538
RCHGF001289	1425	1162.76	1	3.82476
RCHGF001290	813	551.066	0	0
RCHGF001291	747	486.385	5	45.7176
RCHGF001292	372	138.467	2	64.236
RCHGF001293	705	444.705	23	230.012
RCHGF001294	1401	1138.76	14	54.6752
RCHGF001295	1410	1147.76	21	81.3696
RCHGF001296	930	667.759	1	6.66
RCHGF001297	129	12.5756	0	0
RCHGF001298	618	359.707	4	49.4544
RCHGF001299	465	216.052	0	0
RCHGF001300	213	39.7239	1	111.955
RCHGF001301	747	486.385	18	164.583
RCHGF001302	966	703.759	7	44.2352
RCHGF001303	972	709.759	5	31.3295
RCHGF001304	447	200.615	2	44.3363
RCHGF001305	2208	1945.76	8	18.285
RCHGF001306	162	21.3549	0	0
RCHGF001307	1068	805.759	0	0
RCHGF001308	1092	829.759	0	0
RCHGF001309	834	572.066	3	23.3222
RCHGF001310	873	610.759	0	0
RCHGF001311	1278	1015.76	5	21.8914
RCHGF001312	1332	1069.76	5	20.7863
RCHGF001313	1008	745.759	29	172.939
RCHGF001314	966	703.759	6	37.9159
RCHGF001315	1122	859.759	10	51.727
RCHGF001316	2082	1819.76	60	146.633
RCHGF001317	669	409.378	6	65.181
RCHGF001318	264	64.2033	1	69.2686
RCHGF001319	180	26.6879	0	0
RCHGF001320	633	374.254	22	261.427
RCHGF001321	810	548.163	133	1079.04
RCHGF001322	1074	811.759	10	54.7856
RCHGF001323	114	9.04545	3	1474.97
RCHGF001324	141	15.902	0	0
RCHGF001325	621	362.353	121	1485.07
RCHGF001326	489	236.744	52	976.827
RCHGF001327	870	607.759	321	2348.92
RCHGF001328	1368	1105.76	899	3615.71
RCHGF001329	183	27.8166	0	0
RCHGF001330	1365	1102.76	19	76.6243
RCHGF001331	498	245.373	15	271.868
RCHGF001332	477	226.02	8	157.412
RCHGF001333	915	652.759	22	149.887
RCHGF001334	948	685.759	12	77.8222
RCHGF001335	948	685.759	70	453.963
RCHGF001336	117	10.0455	0	0
RCHGF001337	348	119.412	9	335.187
RCHGF001338	132	13.8613	0	0
RCHGF001339	1041	778.759	5	28.5536
RCHGF001340	2514	2251.76	19	37.5254
RCHGF001341	957	694.759	7	44.8082
RCHGF001342	636	377.254	20	235.771
RCHGF001343	2625	2362.76	45	84.7007
RCHGF001344	261	62.62	0	0
RCHGF001345	2817	2554.76	95	165.374
RCHGF001346	1767	1504.76	88	260.082
RCHGF001347	969	706.759	6	37.7549
RCHGF001348	1443	1180.76	31	116.76
RCHGF001349	198	33.6584	63.863	8438.2
RCHGF001350	480	228.791	19	369.326
RCHGF001351	111	9.59322	0	0
RCHGF001352	642	382.984	1	11.6122
RCHGF001353	612	353.993	0	0
RCHGF001354	1323	1060.76	4	16.7702
RCHGF001355	840	577.811	2	15.3935
RCHGF001356	378	142.955	1	31.1096
RCHGF001357	639	379.984	2	23.4077
RCHGF001358	828	566.066	0	0
RCHGF001359	807	545.405	3	24.4622
RCHGF001360	483	231.748	4	76.7604
RCHGF001361	1125	862.759	5	25.7736
RCHGF001362	420	177.227	0	0
RCHGF001363	759	498.122	4	35.7123
RCHGF001364	816	554.066	5	40.1331
RCHGF001365	147	16.6825	0	0
RCHGF001366	1332	1069.76	6	24.9436
RCHGF001367	792	530.405	5	41.9234
RCHGF001368	219	42.3112	1	105.109
RCHGF001369	369	136.247	4	130.565
RCHGF001370	453	205.625	2	43.2561
RCHGF001371	165	22.0434	0	0
RCHGF001372	1089	826.759	5	26.8958
RCHGF001373	168	22.6016	0	0
RCHGF001374	2169	1906.76	5	11.6619
RCHGF001375	864	601.759	0	0
RCHGF001376	879	616.759	1	7.21071
RCHGF001377	1332	1069.76	20	83.1453
RCHGF001378	399	159.782	26	723.669
RCHGF001379	1455	1192.76	58	216.256
RCHGF001380	1398	1135.76	69	270.182
RCHGF001381	657	397.984	42	469.329
RCHGF001382	1332	1069.76	31	128.875
RCHGF001383	1380	1117.76	29	115.383
RCHGF001384	1398	1135.76	12	46.9882
RCHGF001385	114	9.04545	0	0
RCHGF001386	129	12.5756	2	707.283
RCHGF001387	339	112.942	11	433.143
RCHGF001388	342	114.908	2	77.406
RCHGF001389	336	110.774	8	321.179
RCHGF001390	768	506.811	10	87.7501
RCHGF001391	159	20.1921	2	440.496
RCHGF001392	2211	1948.76	5	11.4105
RCHGF001393	1164	901.759	3	14.7953
RCHGF001394	1083	820.759	11	59.6034
RCHGF001395	762	501.122	4	35.4985
RCHGF001396	261	62.62	1	71.02
RCHGF001397	330	106.505	0	0
RCHGF001398	687	426.939	0	0
RCHGF001399	1053	790.759	4	22.4962
RCHGF001400	1251	988.759	1	4.49783
RCHGF001401	1071	808.759	27	148.47
RCHGF001402	828	566.066	0	0
RCHGF001403	612	353.993	1	12.5632
RCHGF001404	1806	1543.76	17	48.9737
RCHGF001405	429	185.209	0	0
RCHGF001406	822	560.066	4	31.7625
RCHGF001407	528	273.144	5	81.409
RCHGF001408	789	527.405	1	8.43238
RCHGF001409	120	10.2585	0	0
RCHGF001410	438	192.997	3	69.1297
RCHGF001411	648	388.984	1	11.4331
RCHGF001412	1152	889.759	5	24.9914
RCHGF001413	486	234.238	3	56.9584
RCHGF001414	870	607.759	5	36.5875
RCHGF001415	1143	880.759	3	15.1481
RCHGF001416	888	625.759	3	21.321
RCHGF001417	423	180.057	0	0
RCHGF001418	474	223.081	2	39.8713
RCHGF001419	492	239.572	3	55.6903
RCHGF001420	585	328.045	3	40.6707
RCHGF001421	243	52.9904	0	0
RCHGF001422	765	503.811	9	79.4454
RCHGF001423	2247	1984.76	270	604.992
RCHGF001424	1458	1195.76	30	111.576
RCHGF001426	117	10.0455	0	0
RCHGF001427	417	174.679	2	50.9194
RCHGF001428	222	43.4027	9	922.189
RCHGF001430	1764	1501.76	25	74.0344
RCHGF001431	576	319.419	4	55.692
RCHGF001432	663	403.378	5	55.1254
RCHGF001433	867	604.759	11	80.8917
RCHGF001434	1731	1468.76	22	66.6141
RCHGF001435	747	486.385	4	36.5741
RCHGF001436	1053	790.759	9	50.6165
RCHGF001437	123	11.1099	10	4002.99
RCHGF001438	132	13.8613	24	7700.19
RCHGF001439	150	17.5247	5	1268.86
RCHGF001440	1329	1066.76	18	75.0412
RCHGF001441	1395	1132.76	6	23.5563
RCHGF001442	876	613.759	2	14.4919
RCHGF001443	456	208.05	1	21.376
RCHGF001444	945	682.759	1	6.51368
RCHGF001445	753	492.385	1	9.03211
RCHGF001447	939	676.759	0	0
RCHGF001448	666	406.378	3	32.8311
RCHGF001449	645	385.984	1	11.5219
RCHGF001450	927	664.759	17	113.731
RCHGF001451	429	185.209	0	0
RCHGF001452	504	250.946	0	0
RCHGF001453	858	595.759	1	7.46489
RCHGF001454	819	557.066	3	23.9502
RCHGF001455	891	628.759	6	42.4386
RCHGF001456	843	580.811	10	76.57
RCHGF001457	1188	925.759	11	52.8431
RCHGF001458	1872	1609.76	19	52.4912
RCHGF001459	351	121.869	2	72.9848
RCHGF001460	738	477.385	5	46.5795
RCHGF001461	858	595.759	3	22.3947
RCHGF001462	1071	808.759	6	32.9933
RCHGF001463	153	18.5283	0	0
RCHGF001464	2274	2011.76	4	8.84256
RCHGF001465	537	281.543	3	47.3882
RCHGF001466	1611	1348.76	2	6.59461
RCHGF001467	1359	1096.76	6	24.3295
RCHGF001468	1533	1270.76	18	62.9946
RCHGF001469	486	234.238	3	56.9584
RCHGF001470	714	453.385	1	9.80905
RCHGF001471	660	400.664	1	11.0998
RCHGF001472	615	356.771	0	0
RCHGF001473	852	589.811	1	7.54016
RCHGF001474	675	415.014	10	107.16
RCHGF001475	699	438.862	1	10.1336
RCHGF001476	990	727.759	0	0
RCHGF001477	1005	742.759	16	95.8001
RCHGF001478	666	406.378	2	21.8874
RCHGF001479	630	371.32	0	0
RCHGF001480	510	256.191	6	104.155
RCHGF001481	1431	1168.76	10	38.0512
RCHGF001482	1392	1129.76	18	70.8566
RCHGF001483	987	724.759	26	159.541
RCHGF001484	1878	1615.76	13	35.7817
RCHGF001485	2364	2101.76	10	21.1598
RCHGF001486	738	477.385	2	18.6318
RCHGF001487	1878	1615.76	1	2.75244
RCHGF001488	843	580.811	0	0
RCHGF001489	666	406.378	0	0
RCHGF001490	1029	766.759	5	29.0005
RCHGF001491	678	418.014	0	0
RCHGF001492	888	625.759	2	14.214
RCHGF001493	1506	1243.76	7	25.0297
RCHGF001495	1692	1429.76	42	130.641
RCHGF001496	1014	751.759	5	29.5791
RCHGF001497	888	625.759	0	0
RCHGF001498	453	205.625	0	0
RCHGF001499	606	348.056	7	89.4423
RCHGF001501	897	634.759	0	0
RCHGF001502	1086	823.759	1	5.39875
RCHGF001503	816	554.066	3	24.0799
RCHGF001504	843	580.811	3	22.971
RCHGF001505	771	509.811	3	26.1701
RCHGF001506	492	239.572	0	0
RCHGF001507	417	174.679	1	25.4597
RCHGF001508	1953	1690.76	3	7.89102
RCHGF001509	1371	1108.76	0	0
RCHGF001510	171	23.5411	0	0
RCHGF001511	777	515.405	0	0
RCHGF001512	126	11.8259	0	0
RCHGF001513	417	174.679	0	0
RCHGF001514	912	649.759	2	13.689
RCHGF001515	984	721.759	0	0
RCHGF001516	132	13.8613	0	0
RCHGF001517	894	631.759	1	7.03951
RCHGF001518	1371	1108.76	0	0
RCHGF001519	114	9.04545	0	0
RCHGF001520	801	539.405	1	8.24478
RCHGF001521	2607	2344.76	14	26.5536
RCHGF001522	450	203.331	0	0
RCHGF001523	1470	1207.76	1	3.68225
RCHGF001524	2022	1759.76	17	42.9625
RCHGF001525	537	281.543	0	0
RCHGF001526	1218	955.759	2	9.30626
RCHGF001527	771	509.811	10	87.2337
RCHGF001528	288	77.762	3	171.572
RCHGF001529	369	136.247	2	65.2824
RCHGF001530	180	26.6879	4	666.559
RCHGF001531	387	150.216	11	325.665
RCHGF001532	1866	1603.76	4	11.0921
RCHGF001533	135	14.8799	0	0
RCHGF001534	567	311.067	3	42.8906
RCHGF001535	183	27.8166	1	159.879
RCHGF001536	1098	835.759	4	21.285
RCHGF001537	984	721.759	4	24.6469
RCHGF001538	621	362.353	2	24.5466
RCHGF001539	870	607.759	0	0
RCHGF001540	1578	1315.76	31	104.78
RCHGF001541	1671	1408.76	25	78.9218
RCHGF001542	201	34.6415	0	0
RCHGF001543	153	18.5283	0	0
RCHGF001544	972	709.759	0	0
RCHGF001545	1488	1225.76	63	228.575
RCHGF001546	468	218.034	0	0
RCHGF001547	372	138.467	0	0
RCHGF001548	954	691.759	5	32.1447
RCHGF001549	456	208.05	0	0
RCHGF001550	1581	1318.76	10	33.7232
RCHGF001551	870	607.759	27	197.572
RCHGF001552	846	583.811	6	45.7059
RCHGF001553	756	495.122	1	8.98217
RCHGF001554	798	536.405	5	41.4545
RCHGF001555	420	177.227	1	25.0937
RCHGF001556	1224	961.759	4	18.4964
RCHGF001557	798	536.405	2	16.5818
RCHGF001558	777	515.405	1	8.6287
RCHGF001559	477	226.02	0	0
RCHGF001560	2727	2464.76	5	9.02172
RCHGF001561	735	474.385	2	18.7496
RCHGF001562	1203	940.759	10	47.2732
RCHGF001563	1341	1078.76	44	181.394
RCHGF001564	282	74.2062	2	119.863
RCHGF001565	435	190.341	2	46.7296
RCHGF001566	645	385.984	0	0
RCHGF001567	1056	793.759	9	50.4252
RCHGF001568	1515	1252.76	44	156.199
RCHGF001569	1368	1105.76	7	28.1534
RCHGF001570	660	400.664	12	133.197
RCHGF001571	837	575.015	3	23.2026
RCHGF001572	771	509.811	1	8.72337
RCHGF001573	471	220.631	0	0
RCHGF001574	414	172.144	0	0
RCHGF001575	843	580.811	3	22.971
RCHGF001576	648	388.984	0	0
RCHGF001577	1029	766.759	4	23.2004
RCHGF001578	729	468.385	5	47.4746
RCHGF001579	699	438.862	2	20.2673
RCHGF001580	540	284.365	0	0
RCHGF001581	1719	1456.76	10	30.5285
RCHGF001582	867	604.759	21	154.43
RCHGF001583	1677	1414.76	20	62.8697
RCHGF001584	885	622.759	1	7.14124
RCHGF001585	885	622.759	2	14.2825
RCHGF001586	1041	778.759	2	11.4214
RCHGF001587	1158	895.759	4	19.8592
RCHGF001588	834	572.066	2	15.5481
RCHGF001589	753	492.385	0	0
RCHGF001590	480	228.791	0	0
RCHGF001591	399	159.782	0	0
RCHGF001592	2433	2170.76	26	53.2667
RCHGF001593	1317	1054.76	14	59.0294
RCHGF001594	1668	1405.76	5	15.818
RCHGF001595	1230	967.759	10	45.9543
RCHGF001597	708	447.705	0	0
RCHGF001598	711	450.465	1	9.87263
RCHGF001599	741	480.385	3	27.7732
RCHGF001600	693	432.939	0	0
RCHGF001601	414	172.144	1	25.8347
RCHGF001602	207	36.8344	3	362.211
RCHGF001603	414	172.144	85	2195.95
RCHGF001604	183	27.8166	2	319.757
RCHGF001605	1104	841.759	456	2409.19
RCHGF001606	135	14.8799	0	0
RCHGF001607	111	9.59322	0	0
RCHGF001608	117	10.0455	1	442.715
RCHGF001609	336	110.774	13	521.915
RCHGF001610	612	353.993	23	288.953
RCHGF001611	333	108.521	5	204.904
RCHGF001612	621	362.353	5	61.3666
RCHGF001613	1227	964.759	9	41.4875
RCHGF001614	1167	904.759	6	29.4925
RCHGF001615	387	150.216	0	0
RCHGF001616	819	557.066	2	15.9668
RCHGF001617	990	727.759	5	30.5546
RCHGF001618	363	131.467	4	135.312
RCHGF001619	1122	859.759	7	36.2089
RCHGF001620	774	512.405	5	43.3961
RCHGF001621	1104	841.759	9	47.5498
RCHGF001622	1272	1009.76	4	17.6172
RCHGF001623	297	84.0948	0	0
RCHGF001624	483	231.748	0	0
RCHGF001625	2868	2605.76	6	10.2403
RCHGF001626	555	299.285	100	1485.97
RCHGF001627	1260	997.759	359	1600.16
RCHGF001628	696	435.862	11	112.237
RCHGF001629	1599	1336.76	9	29.9422
RCHGF001630	546	290.365	0	0
RCHGF001631	555	299.285	3	44.579
RCHGF001632	1290	1027.76	7	30.2901
RCHGF001633	450	203.331	3	65.6161
RCHGF001634	1347	1084.76	8	32.7982
RCHGF001635	462	213.251	0	0
RCHGF001636	876	613.759	3	21.7379
RCHGF001637	2073	1810.76	4	9.82411
RCHGF001638	648	388.984	1	11.4331
RCHGF001639	480	228.791	1	19.4382
RCHGF001640	888	625.759	1	7.10701
RCHGF001641	612	353.993	0	0
RCHGF001642	759	498.122	0	0
RCHGF001643	1287	1024.76	3	13.0195
RCHGF001644	273	69.1859	0	0
RCHGF001645	441	195.595	0	0
RCHGF001646	294	81.9951	2	108.477
RCHGF001647	552	296.365	16	240.097
RCHGF001648	1311	1048.76	30	127.215
RCHGF001649	1482	1219.76	9	32.8142
RCHGF001650	663	403.378	0	0
RCHGF001651	750	489.385	1	9.08747
RCHGF001652	468	218.034	0	0
RCHGF001653	744	483.385	0	0
RCHGF001654	762	501.122	2	17.7493
RCHGF001655	2739	2476.76	4	7.18241
RCHGF001656	468	218.034	4	81.5886
RCHGF001657	747	486.385	5	45.7176
RCHGF001658	819	557.066	1	7.98339
RCHGF001659	1131	868.759	7	35.8338
RCHGF001660	387	150.216	0	0
RCHGF001661	564	308.067	20	288.722
RCHGF001662	714	453.385	27	264.844
RCHGF001663	870	607.759	6	43.905
RCHGF001664	1230	967.759	54	248.153
RCHGF001665	174	24.6289	23	4153.15
RCHGF001666	1251	988.759	4	17.9913
RCHGF001667	1398	1135.76	1	3.91568
RCHGF001668	180	26.6879	0	0
RCHGF001669	363	131.467	0	0
RCHGF001670	426	182.539	1	24.3634
RCHGF001671	2028	1765.76	17	42.8165
RCHGF001672	1422	1159.76	5	19.1733
RCHGF001673	345	117.123	0	0
RCHGF001674	1239	976.759	1	4.55309
RCHGF001675	318	98.6228	0	0
RCHGF001676	1884	1621.76	6	16.4535
RCHGF001677	756	495.122	0	0
RCHGF001678	126	11.8259	0	0
RCHGF001679	165	22.0434	0	0
RCHGF001680	888	625.759	1	7.10701
RCHGF001681	864	601.759	3	22.1714
RCHGF001682	729	468.385	16	151.919
RCHGF001683	537	281.543	1053	16633.2
RCHGF001684	405	164.715	183	4940.95
RCHGF001685	486	234.238	1	18.9861
RCHGF001686	804	542.405	12	98.3902
RCHGF001687	849	586.811	2	15.1574
RCHGF001689	561	305.204	0	0
RCHGF001690	1263	1000.76	31	137.761
RCHGF001691	426	182.539	1	24.3634
RCHGF001692	1083	820.759	2	10.837
RCHGF001693	750	489.385	2	18.1749
RCHGF001694	714	453.385	5	49.0452
RCHGF001695	735	474.385	0	0
RCHGF001696	843	580.811	2	15.314
RCHGF001697	168	22.6016	1	196.768
RCHGF001698	780	518.405	4	34.3151
RCHGF001699	1197	934.759	0	0
RCHGF001700	1104	841.759	32	169.066
RCHGF001701	468	218.034	196	3997.84
RCHGF001702	774	512.405	74	642.262
RCHGF001703	864	601.759	1	7.39046
RCHGF001704	852	589.811	4	30.1607
RCHGF001705	1086	823.759	7	37.7913
RCHGF001706	309	92.8128	2	95.8332
RCHGF001707	453	205.625	0	0
RCHGF001708	1962	1699.76	0	0
RCHGF001709	888	625.759	1	7.10701
RCHGF001710	1470	1207.76	5	18.4113
RCHGF001711	228	46.0091	0	0
RCHGF001712	1173	910.759	1	4.88304
RCHGF001713	447	200.615	0	0
RCHGF001714	1581	1318.76	84	283.275
RCHGF001715	990	727.759	1	6.11091
RCHGF001716	906	643.759	20	138.166
RCHGF001717	615	356.771	8	99.7227
RCHGF001718	564	308.067	2	28.8722
RCHGF001719	684	423.939	52	545.498
RCHGF001720	1044	781.759	152	864.698
RCHGF001721	420	177.227	0	0
RCHGF001722	435	190.341	0	0
RCHGF001723	324	102.2	1	43.5156
RCHGF001724	924	661.759	3	20.1611
RCHGF001725	1545	1282.76	6	20.8018
RCHGF001726	726	465.385	6	57.3367
RCHGF001727	288	77.762	0	0
RCHGF001728	468	218.034	2	40.7943
RCHGF001729	789	527.405	4	33.7295
RCHGF001730	585	328.045	7	94.8983
RCHGF001731	609	350.993	1	12.6705
RCHGF001732	729	468.385	4	37.9796
RCHGF001733	783	521.405	2	17.0588
RCHGF001734	471	220.631	0	0
RCHGF001735	444	197.895	1	22.4729
RCHGF001736	1656	1393.76	1	3.19085
RCHGF001737	1002	739.759	0	0
RCHGF001738	849	586.811	0	0
RCHGF001739	744	483.385	1	9.20027
RCHGF001741	891	628.759	2	14.1462
RCHGF001743	450	203.331	13	284.337
RCHGF001745	843	580.811	2	15.314
RCHGF001746	1512	1249.76	17	60.4946
RCHGF001747	606	348.056	16	204.44
RCHGF001748	723	462.385	8	76.945
RCHGF001749	477	226.02	6	118.059
RCHGF001750	612	353.993	18	226.137
RCHGF001752	390	152.677	25	728.215
RCHGF001754	1671	1408.76	2	6.31375
RCHGF001755	1482	1219.76	1	3.64603
RCHGF001756	1260	997.759	5	22.2863
RCHGF001757	702	441.862	3	30.1945
RCHGF001758	717	456.385	13	126.679
RCHGF001759	678	418.014	10	106.391
RCHGF001761	1254	991.759	36	161.432
RCHGF001762	336	110.774	0	0
RCHGF001763	291	79.8309	0	0
RCHGF001764	261	62.62	3	213.06
RCHGF001765	135	14.8799	0	0
RCHGF001766	348	119.412	0	0
RCHGF001767	300	86.4617	1	51.4363
RCHGF001768	462	213.251	0	0
RCHGF001769	1035	772.759	5	28.7753
RCHGF001770	333	108.521	2	81.9614
RCHGF001771	1314	1051.76	4	16.9137
RCHGF001772	1563	1300.76	4	13.6759
RCHGF001773	510	256.191	0	0
RCHGF001774	135	14.8799	0	0
RCHGF001775	1833	1570.76	18	50.9632
RCHGF001776	1812	1549.76	3	8.60896
RCHGF001777	255	59.5339	0	0
RCHGF001778	492	239.572	0	0
RCHGF001779	378	142.955	1	31.1096
RCHGF001780	417	174.679	2	50.9194
RCHGF001781	1170	907.759	3	14.6975
RCHGF001782	135	14.8799	0	0
RCHGF001783	156	19.2295	1	231.273
RCHGF001784	420	177.227	8	200.749
RCHGF001785	1479	1216.76	42	153.511
RCHGF001786	2583	2320.76	20	38.326
RCHGF001787	681	420.939	5	52.8256
RCHGF001788	1002	739.759	1	6.01179
RCHGF001789	687	426.939	1	10.4166
RCHGF001790	693	432.939	3	30.8168
RCHGF001791	438	192.997	3	69.1297
RCHGF001792	849	586.811	4	30.3148
RCHGF001793	738	477.385	0	0
RCHGF001794	717	456.385	2	19.4891
RCHGF001795	408	167.236	9	239.335
RCHGF001796	636	377.254	6	70.7313
RCHGF001797	855	592.759	8	60.0213
RCHGF001798	372	138.467	0	0
RCHGF001799	720	459.385	4	38.7237
RCHGF001800	402	162.126	2	54.862
RCHGF001801	141	15.902	0	0
RCHGF001803	885	622.759	2	14.2825
RCHGF001804	561	305.204	0	0
RCHGF001805	549	293.365	0	0
RCHGF001806	1431	1168.76	6	22.8307
RCHGF001807	822	560.066	8	63.525
RCHGF001808	1386	1123.76	4	15.83
RCHGF001809	1065	802.759	8	44.3199
RCHGF001810	1164	901.759	15	73.9766
RCHGF001811	1044	781.759	4	22.7552
RCHGF001812	1605	1342.76	16	52.9927
RCHGF001813	600	342.148	0	0
RCHGF001814	294	81.9951	1	54.2383
RCHGF001815	186	29.0041	3	459.997
RCHGF001816	1308	1045.76	3	12.758
RCHGF001817	465	216.052	0	0
RCHGF001819	801	539.405	9	74.203
RCHGF001820	780	518.405	20	171.575
RCHGF001821	744	483.385	12	110.403
RCHGF001822	162	21.3549	0	0
RCHGF001823	183	27.8166	0	0
RCHGF001824	852	589.811	1	7.54016
RCHGF001825	504	250.946	1	17.722
RCHGF001826	1050	787.759	8	45.1638
RCHGF001827	1071	808.759	5	27.4944
RCHGF001828	1977	1714.76	17	44.09
RCHGF001829	951	688.759	7	45.1986
RCHGF001830	1875	1612.76	1	2.75756
RCHGF001831	1044	781.759	1	5.6888
RCHGF001832	321	100.614	0	0
RCHGF001833	330	106.505	0	0
RCHGF001834	1332	1069.76	6	24.9436
RCHGF001835	1077	814.759	2	10.9168
RCHGF001836	1182	919.759	2	9.67052
RCHGF001837	453	205.625	16	346.049
RCHGF001838	420	177.227	3	75.281
RCHGF001839	561	305.204	9	131.143
RCHGF001840	462	213.251	9	187.692
RCHGF001841	438	192.997	2	46.0865
RCHGF001842	1245	982.759	8	36.2023
RCHGF001843	1299	1036.76	25	107.24
RCHGF001844	486	234.238	37	702.487
RCHGF001845	501	248.082	0	0
RCHGF001846	711	450.465	8	78.981
RCHGF001847	1206	943.759	13	61.2599
RCHGF001848	888	625.759	15	106.605
RCHGF001849	123	11.1099	0	0
RCHGF001850	354	124.2	0	0
RCHGF001851	348	119.412	4	148.972
RCHGF001852	1146	883.759	42	211.353
RCHGF001853	558	302.204	20	294.322
RCHGF001854	192	31.5285	4	564.223
RCHGF001855	360	129.029	2	68.9344
RCHGF001856	435	190.341	7	163.554
RCHGF001857	1305	1042.76	6	25.5895
RCHGF001858	186	29.0041	9	1379.99
RCHGF001859	1320	1057.76	38	159.768
RCHGF001860	114	9.04545	0	0
RCHGF001861	1317	1054.76	9	37.9475
RCHGF001862	879	616.759	43	310.061
RCHGF001863	378	142.955	35	1088.84
RCHGF001864	129	12.5756	0	0
RCHGF001865	765	503.811	28	247.163
RCHGF001866	2343	2080.76	15	32.06
RCHGF001867	918	655.759	7	47.4731
RCHGF001868	675	415.014	8	85.7277
RCHGF001869	855	592.759	22	165.059
RCHGF001870	891	628.759	8	56.5848
RCHGF001871	1191	928.759	11	52.6724
RCHGF001872	147	16.6825	1	266.582
RCHGF001873	291	79.8309	5	278.543
RCHGF001874	1161	898.759	12	59.3788
RCHGF001875	807	545.405	7	57.0786
RCHGF001876	777	515.405	6	51.7722
RCHGF001877	759	498.122	14	124.993
RCHGF001878	1014	751.759	49	289.875
RCHGF001879	618	359.707	87	1075.63
RCHGF001880	1812	1549.76	622	1784.93
RCHGF001881	1191	928.759	90	430.956
RCHGF001882	1113	850.759	95	496.605
RCHGF001884	1290	1027.76	7	30.2901
RCHGF001885	1395	1132.76	4	15.7042
RCHGF001886	675	415.014	30	321.479
RCHGF001887	444	197.895	3	67.4188
RCHGF001888	1374	1111.76	5	20.0011
RCHGF001889	513	258.887	20	343.569
RCHGF001890	1356	1093.76	18	73.1888
RCHGF001891	837	575.015	10	77.3419
RCHGF001892	567	311.067	12	171.562
RCHGF001893	381	145.252	1	30.6176
RCHGF001894	603	345.056	2	25.7771
RCHGF001895	606	348.056	7	89.4423
RCHGF001896	126	11.8259	0	0
RCHGF001897	1419	1156.76	9	34.6014
RCHGF001898	1932	1669.76	14	37.2879
RCHGF001899	855	592.759	2	15.0053
RCHGF001900	579	322.161	2	27.609
RCHGF001901	1662	1399.76	10	31.7717
RCHGF001902	993	730.759	5	30.4291
RCHGF001903	489	236.744	0	0
RCHGF001904	1668	1405.76	9	28.4725
RCHGF001905	1200	937.759	9	42.682
RCHGF001906	1317	1054.76	8	33.7311
RCHGF001907	1398	1135.76	4	15.6627
RCHGF001908	1449	1186.76	2	7.49482
RCHGF001909	126	11.8259	0	0
RCHGF001910	972	709.759	2	12.5318
RCHGF001911	669	409.378	4	43.454
RCHGF001912	1491	1228.76	5	18.0966
RCHGF001913	861	598.759	4	29.7099
RCHGF001914	1719	1456.76	12	36.6343
RCHGF001915	183	27.8166	3	479.636
RCHGF001916	504	250.946	19	336.718
RCHGF001917	1101	838.759	5	26.511
RCHGF001918	327	104.308	0	0
RCHGF001919	171	23.5411	0	0
RCHGF001920	255	59.5339	2	149.403
RCHGF001921	411	169.717	0	0
RCHGF001922	465	216.052	2	41.1686
RCHGF001923	1272	1009.76	42	184.98
RCHGF001924	561	305.204	2	29.1429
RCHGF001925	243	52.9904	63	5287.34
RCHGF001926	495	242.462	5	91.7108
RCHGF001927	591	333.598	13	173.306
RCHGF001928	507	253.375	9	157.969
RCHGF001929	585	328.045	6	81.3414
RCHGF001930	1671	1408.76	16	50.51
RCHGF001931	828	566.066	9	70.7082
RCHGF001932	1335	1072.76	9	37.3108
RCHGF001933	249	56.1796	0	0
RCHGF001934	1005	742.759	5	29.9375
RCHGF001935	1164	901.759	4	19.7271
RCHGF001936	891	628.759	0	0
RCHGF001937	1020	757.759	8	46.9518
RCHGF001938	876	613.759	2	14.4919
RCHGF001939	462	213.251	41	855.041
RCHGF001940	144	16.4854	1	269.77
RCHGF001941	531	276.144	0	0
RCHGF001942	2064	1801.76	10	24.683
RCHGF001943	1617	1354.76	1046	3433.71
RCHGF001944	264	64.2033	101	6996.13
RCHGF001945	123	11.1099	0	0
RCHGF001946	933	670.759	4	26.5208
RCHGF001947	1737	1474.76	17	51.2651
RCHGF001948	522	267.386	8	133.059
RCHGF001950	624	365.353	3	36.5176
RCHGF001951	1902	1639.76	19	51.5309
RCHGF001952	549	293.365	45	682.178
RCHGF001953	1230	967.759	6	27.5726
RCHGF001954	903	640.759	0	0
RCHGF001955	318	98.6228	0	0
RCHGF001956	396	157.446	3	84.7393
RCHGF001957	126	11.8259	0	0
RCHGF001958	111	9.59322	0	0
RCHGF001959	690	429.939	2	20.6879
RCHGF001960	780	518.405	1	8.57877
RCHGF001961	1023	760.759	3	17.5375
RCHGF001962	159	20.1921	0	0
RCHGF001963	375	140.834	7	221.047
RCHGF001964	1581	1318.76	0	0
RCHGF001965	1077	814.759	6	32.7503
RCHGF001966	1419	1156.76	17	65.3582
RCHGF001967	960	697.759	16	101.978
RCHGF001968	912	649.759	4	27.378
RCHGF001969	1194	931.759	9	42.9569
RCHGF001970	591	333.598	1	13.3312
RCHGF001971	828	566.066	5	39.2823
RCHGF001972	2583	2320.76	14	26.8282
RCHGF001973	954	691.759	5	32.1447
RCHGF001974	774	512.405	0	0
RCHGF001975	573	316.419	3	42.165
RCHGF001976	1107	844.759	14	73.7037
RCHGF001977	774	512.405	1	8.67922
RCHGF001978	564	308.067	3	43.3082
RCHGF001979	552	296.365	14	210.085
RCHGF001980	834	572.066	10	77.7406
RCHGF001981	687	426.939	0	0
RCHGF001982	408	167.236	1	26.5928
RCHGF001983	591	333.598	9	119.981
RCHGF001984	744	483.385	0	0
RCHGF001986	765	503.811	45	397.227
RCHGF001987	246	54.5444	6	489.209
RCHGF001988	369	136.247	13	424.336
RCHGF001989	705	444.705	3	30.0015
RCHGF001990	1284	1021.76	3	13.0577
RCHGF001991	378	142.955	0	0
RCHGF001992	1089	826.759	4	21.5167
RCHGF001993	312	94.5724	0	0
RCHGF001994	441	195.595	1	22.7372
RCHGF001995	1941	1678.76	0	0
RCHGF001996	1245	982.759	11	49.7782
RCHGF001997	885	622.759	5	35.7062
RCHGF001998	1227	964.759	6	27.6583
RCHGF001999	372	138.467	2	64.236
RCHGF002000	726	465.385	2	19.1122
RCHGF002001	327	104.308	5	213.18
RCHGF002002	438	192.997	2	46.0865
RCHGF002003	507	253.375	12	210.626
RCHGF002004	177	25.5457	0	0
RCHGF002005	642	382.984	0	0
RCHGF002006	603	345.056	1	12.8886
RCHGF002007	360	129.029	1	34.4672
RCHGF002008	837	575.015	2	15.4684
RCHGF002009	705	444.705	1	10.0005
RCHGF002010	657	397.984	0	0
RCHGF002011	414	172.144	1	25.8347
RCHGF002012	1215	952.759	1	4.66778
RCHGF002013	1185	922.759	3	14.4586
RCHGF002014	642	382.984	1	11.6122
RCHGF002015	1422	1159.76	4	15.3386
RCHGF002016	1314	1051.76	3	12.6852
RCHGF002017	654	394.984	12	135.113
RCHGF002018	984	721.759	27	166.366
RCHGF002019	804	542.405	0	0
RCHGF002020	414	172.144	0	0
RCHGF002021	360	129.029	37	1275.29
RCHGF002022	318	98.6228	33	1488.09
RCHGF002023	1653	1390.76	120	383.728
RCHGF002024	1737	1474.76	138	416.152
RCHGF002025	1626	1363.76	15	48.9156
RCHGF002026	246	54.5444	0	0
RCHGF002027	762	501.122	11	97.6209
RCHGF002028	912	649.759	0	0
RCHGF002029	399	159.782	0	0
RCHGF002030	1227	964.759	0	0
RCHGF002031	804	542.405	0	0
RCHGF002032	771	509.811	1	8.72337
RCHGF002033	471	220.631	2	40.3142
RCHGF002034	2688	2425.76	0	0
RCHGF002035	120	10.2585	0	0
RCHGF002036	594	336.3	0	0
RCHGF002037	957	694.759	2	12.8023
RCHGF002038	765	503.811	2	17.6545
RCHGF002039	987	724.759	6	36.8173
RCHGF002040	462	213.251	1	20.8547
RCHGF002041	942	679.759	0	0
RCHGF002042	1125	862.759	9	46.3924
RCHGF002043	141	15.902	0	0
RCHGF002044	1095	832.759	4	21.3616
RCHGF002045	159	20.1921	1	220.248
RCHGF002046	1464	1201.76	15	55.5095
RCHGF002047	780	518.405	1	8.57877
RCHGF002048	123	11.1099	0	0
RCHGF002050	1548	1285.76	1	3.45887
RCHGF002051	810	548.163	0	0
RCHGF002052	783	521.405	1	8.52941
RCHGF002053	321	100.614	0	0
RCHGF002054	1092	829.759	7	37.518
RCHGF002055	225	44.7535	0	0
RCHGF002056	228	46.0091	0	0
RCHGF002057	357	126.784	0	0
RCHGF002059	444	197.895	0	0
RCHGF002060	198	33.6584	0	0
RCHGF002061	1899	1636.76	6	16.3027
RCHGF002062	117	10.0455	0	0
RCHGF002063	1188	925.759	7	33.6274
RCHGF002064	204	35.8563	1	124.031
RCHGF002065	231	47.3249	0	0
RCHGF002066	417	174.679	2	50.9194
RCHGF002067	357	126.784	10	350.776
RCHGF002068	222	43.4027	0	0
RCHGF002069	1683	1420.76	0	0
RCHGF002070	621	362.353	21	257.74
RCHGF002071	906	643.759	2	13.8166
RCHGF002072	1005	742.759	0	0
RCHGF002073	2187	1924.76	4	9.24224
RCHGF002074	2448	2185.76	4	8.13863
RCHGF002075	402	162.126	0	0
RCHGF002076	501	248.082	0	0
RCHGF002077	486	234.238	0	0
RCHGF002078	267	65.7619	0	0
RCHGF002079	219	42.3112	0	0
RCHGF002080	141	15.902	0	0
RCHGF002081	1194	931.759	7	33.4109
RCHGF002082	1392	1129.76	3	11.8094
RCHGF002083	381	145.252	0	0
RCHGF002084	327	104.308	0	0
RCHGF002085	3057	2794.76	2	3.18258
RCHGF002086	378	142.955	11	342.206
RCHGF002087	384	147.671	94	2830.91
RCHGF002088	138	15.531	60	17180.9
RCHGF002089	918	655.759	1	6.78187
RCHGF002090	486	234.238	0	0
RCHGF002091	123	11.1099	0	0
RCHGF002092	429	185.209	0	0
RCHGF002093	624	365.353	0	0
RCHGF002094	639	379.984	1	11.7039
RCHGF002095	1362	1099.76	10	40.4386
RCHGF002097	411	169.717	0	0
RCHGF002099	1776	1513.76	97	284.976
RCHGF002101	1461	1198.76	20	74.1979
RCHGF002102	1401	1138.76	12	46.8644
RCHGF002103	2220	1957.76	25	56.7904
RCHGF002104	1272	1009.76	14	61.6601
RCHGF002105	2247	1984.76	1	2.24071
RCHGF002106	696	435.862	0	0
RCHGF002107	615	356.771	65	810.247
RCHGF002108	837	575.015	6	46.4051
RCHGF002109	378	142.955	0	0
RCHGF002110	594	336.3	2	26.4483
RCHGF002111	525	270.144	8	131.701
RCHGF002112	1308	1045.76	21	89.3062
RCHGF002113	153	18.5283	0	0
RCHGF002114	117	10.0455	0	0
RCHGF002115	924	661.759	9	60.4834
RCHGF002116	135	14.8799	3	896.634
RCHGF002117	1317	1054.76	10	42.1639
RCHGF002118	1920	1657.76	36	96.5773
RCHGF002119	1332	1069.76	6	24.9436
RCHGF002120	996	733.759	5	30.3047
RCHGF002121	189	30.0274	1	148.107
RCHGF002122	369	136.247	2	65.2824
RCHGF002123	222	43.4027	5	512.327
RCHGF002124	138	15.531	4	1145.4
RCHGF002125	618	359.707	7	86.5451
RCHGF002126	1245	982.759	21	95.0312
RCHGF002127	792	530.405	1	8.38468
RCHGF002128	1941	1678.76	62	164.247
RCHGF002129	459	210.604	1	21.1168
RCHGF002130	324	102.2	3	130.547
RCHGF002131	402	162.126	5	137.155
RCHGF002132	585	328.045	1	13.5569
RCHGF002133	912	649.759	8	54.756
RCHGF002134	2379	2116.76	7	14.7069
RCHGF002135	804	542.405	2	16.3984
RCHGF002136	912	649.759	10	68.445
RCHGF002137	615	356.771	0	0
RCHGF002138	1359	1096.76	10	40.5492
RCHGF002139	126	11.8259	0	0
RCHGF002140	237	50.2634	0	0
RCHGF002141	138	15.531	3	859.047
RCHGF002142	642	382.984	4	46.4487
RCHGF002143	699	438.862	5	50.6682
RCHGF002144	714	453.385	68	667.015
RCHGF002145	1188	925.759	117	562.059
RCHGF002146	252	57.4648	3	232.174
RCHGF002147	2337	2074.76	47	100.745
RCHGF002148	951	688.759	8	51.6555
RCHGF002149	1254	991.759	5	22.4211
RCHGF002150	309	92.8128	12	574.999
RCHGF002151	1044	781.759	63	358.395
RCHGF002152	1920	1657.76	149	399.723
RCHGF002153	441	195.595	35	795.8
RCHGF002154	306	90.576	39	1914.9
RCHGF002155	594	336.3	21	277.707
RCHGF002156	1749	1486.76	124	370.915
RCHGF002157	1440	1177.76	113	426.693
RCHGF002158	660	400.664	57	632.687
RCHGF002159	1350	1087.76	66	269.839
RCHGF002160	189	30.0274	6	888.643
RCHGF002162	1602	1339.76	67	222.404
RCHGF002164	1833	1570.76	39	110.42
RCHGF002165	1311	1048.76	1	4.24051
RCHGF002166	585	328.045	5	67.7845
RCHGF002167	540	284.365	3	46.9179
RCHGF002168	753	492.385	17	153.546
RCHGF002169	1230	967.759	5	22.9772
RCHGF002170	1089	826.759	8	43.0333
RCHGF002171	414	172.144	22	568.363
RCHGF002172	288	77.762	2	114.382
RCHGF002173	150	17.5247	2	507.543
RCHGF002174	531	276.144	5	80.5246
RCHGF002175	1575	1312.76	3	10.1632
RCHGF002176	846	583.811	0	0
RCHGF002177	1893	1630.76	5	13.6356
RCHGF002178	1629	1366.76	15	48.8082
RCHGF002180	1701	1438.76	21	64.912
RCHGF002181	126	11.8259	3	1128.19
RCHGF002183	429	185.209	7	168.085
RCHGF002185	984	721.759	52	320.409
RCHGF002186	711	450.465	4	39.4905
RCHGF002187	204	35.8563	0	0
RCHGF002188	222	43.4027	0	0
RCHGF002189	438	192.997	0	0
RCHGF002190	126	11.8259	0	0
RCHGF002191	870	607.759	13	95.1274
RCHGF002192	1311	1048.76	7	29.6836
RCHGF002193	960	697.759	10	63.7365
RCHGF002194	1404	1141.76	3	11.6853
RCHGF002195	1917	1654.76	3	8.0627
RCHGF002196	114	9.04545	0	0
RCHGF002197	888	625.759	90	639.631
RCHGF002198	183	27.8166	4	639.514
RCHGF002199	1902	1639.76	8	21.6972
RCHGF002200	747	486.385	3	27.4306
RCHGF002201	1005	742.759	3	17.9625
RCHGF002202	666	406.378	4	43.7748
RCHGF002203	2166	1903.76	21	49.057
RCHGF002204	2166	1903.76	45	105.122
RCHGF002205	309	92.8128	0	0
RCHGF002206	933	670.759	9	59.6719
RCHGF002207	429	185.209	19	456.23
RCHGF002208	1032	769.759	27	155.992
RCHGF002209	1572	1309.76	10	33.9549
RCHGF002210	4344	4081.76	28	30.5073
RCHGF002211	129	12.5756	0	0
RCHGF002212	390	152.677	5	145.643
RCHGF002213	489	236.744	0	0
RCHGF002214	615	356.771	3	37.396
RCHGF002215	648	388.984	0	0
RCHGF002216	486	234.238	1	18.9861
RCHGF002217	954	691.759	1	6.42893
RCHGF002218	1185	922.759	5	24.0977
RCHGF002219	696	435.862	2	20.4068
RCHGF002220	366	134.087	1	33.1671
RCHGF002221	198	33.6584	0	0
RCHGF002222	780	518.405	3	25.7363
RCHGF002224	1179	916.759	1	4.85108
RCHGF002225	705	444.705	1	10.0005
RCHGF002226	2169	1906.76	17	39.6503
RCHGF002227	174	24.6289	1	180.572
RCHGF002228	1095	832.759	4	21.3616
RCHGF002230	618	359.707	9	111.272
RCHGF002231	368	135.482	6	196.953
RCHGF002233	852	589.811	11	82.9418
RCHGF002234	321	100.614	68	3005.68
RCHGF002235	126	11.8259	1	376.062
RCHGF002236	1686	1423.76	25	78.0903
RCHGF002237	699	438.862	13	131.737
RCHGF002238	1107	844.759	16	84.2327
RCHGF002239	1191	928.759	44	210.69
RCHGF002240	1242	979.759	30	136.174
RCHGF002241	1860	1597.76	3	8.35033
RCHGF002242	390	152.677	0	0
RCHGF002243	1525	1262.76	12	42.2624
RCHGF002246	618	359.707	4	49.4544
RCHGF002247	189	30.0274	0	0
RCHGF002248	372	138.467	1	32.118
RCHGF002249	705	444.705	7	70.0036
RCHGF002250	243	52.9904	2	167.852
RCHGF002251	516	261.887	0	0
RCHGF002252	549	293.365	2	30.319
RCHGF002253	1518	1255.76	30	106.245
RCHGF002254	837	575.015	17	131.481
RCHGF002255	1398	1135.76	30	117.471
RCHGF002256	390	152.677	6	174.772
RCHGF002257	147	16.6825	0	0
RCHGF002258	2811	2548.76	9	15.7039
RCHGF002259	474	223.081	0	0
RCHGF002260	288	77.762	2	114.382
RCHGF002261	1344	1081.76	0	0
RCHGF002262	174	24.6289	0	0
RCHGF002263	987	724.759	0	0
RCHGF002264	645	385.984	5	57.6096
RCHGF002265	1038	775.759	1	5.7328
RCHGF002266	1326	1063.76	9	37.6264
RCHGF002267	780	518.405	5	42.8938
RCHGF002268	666	406.378	2	21.8874
RCHGF002269	444	197.895	0	0
RCHGF002270	846	583.811	3	22.853
RCHGF002271	195	32.8107	0	0
RCHGF002272	213	39.7239	0	0
RCHGF002273	195	32.8107	0	0
RCHGF002274	408	167.236	2	53.1856
RCHGF002275	1101	838.759	25	132.555
RCHGF002276	1353	1090.76	12	48.9267
RCHGF002277	984	721.759	11	67.7789
RCHGF002279	1083	820.759	34	184.229
RCHGF002280	120	10.2585	0	0
RCHGF002281	1815	1552.76	13	37.2334
RCHGF002282	135	14.8799	0	0
RCHGF002283	426	182.539	0	0
RCHGF002284	648	388.984	1	11.4331
RCHGF002285	1968	1705.76	4	10.4288
RCHGF002286	771	509.811	1	8.72337
RCHGF002287	993	730.759	0	0
RCHGF002288	687	426.939	1	10.4166
RCHGF002289	555	299.285	28	416.07
RCHGF002290	744	483.385	411	3781.31
RCHGF002291	1176	913.759	174	846.86
RCHGF002292	1578	1315.76	2	6.76001
RCHGF002293	267	65.7619	1	67.6269
RCHGF002294	366	134.087	1	33.1671
RCHGF002295	114	9.04545	0	0
RCHGF002296	228	46.0091	0	0
RCHGF002297	1512	1249.76	83	295.356
RCHGF002299	504	250.946	2	35.4441
RCHGF002300	912	649.759	8	54.756
RCHGF002301	1800	1537.76	8	23.1364
RCHGF002302	711	450.465	0	0
RCHGF002303	816	554.066	6	48.1597
RCHGF002304	750	489.385	5	45.4374
RCHGF002305	474	223.081	2	39.8713
RCHGF002306	393	155.042	0	0
RCHGF002307	1161	898.759	13	64.3271
RCHGF002308	705	444.705	0	0
RCHGF002309	735	474.385	0	0
RCHGF002310	495	242.462	12	220.106
RCHGF002311	126	11.8259	0	0
RCHGF002312	813	551.066	8	64.5625
RCHGF002313	1236	973.759	4	18.2685
RCHGF002314	657	397.984	0	0
RCHGF002315	138	15.531	0	0
RCHGF002316	546	290.365	2	30.6323
RCHGF002317	2274	2011.76	25	55.266
RCHGF002318	459	210.604	1	21.1168
RCHGF002319	771	509.811	1	8.72337
RCHGF002320	816	554.066	6	48.1597
RCHGF002321	966	703.759	10	63.1931
RCHGF002322	1002	739.759	5	30.0589
RCHGF002323	501	248.082	0	0
RCHGF002324	1308	1045.76	3	12.758
RCHGF002325	1515	1252.76	3	10.6499
RCHGF002326	660	400.664	1	11.0998
RCHGF002327	1062	799.759	5	27.8038
RCHGF002328	1404	1141.76	8	31.1609
RCHGF002329	726	465.385	6	57.3367
RCHGF002330	687	426.939	1	10.4166
RCHGF002331	1227	964.759	7	32.2681
RCHGF002332	705	444.705	4	40.002
RCHGF002333	417	174.679	1	25.4597
RCHGF002334	921	658.759	7	47.2569
RCHGF002335	960	697.759	0	0
RCHGF002336	1383	1120.76	1	3.96809
RCHGF002337	855	592.759	0	0
RCHGF002338	510	256.191	0	0
RCHGF002339	891	628.759	4	28.2924
RCHGF002340	648	388.984	0	0
RCHGF002341	399	159.782	0	0
RCHGF002342	411	169.717	0	0
RCHGF002343	819	557.066	2	15.9668
RCHGF002344	762	501.122	4	35.4985
RCHGF002345	474	223.081	0	0
RCHGF002346	1020	757.759	1	5.86898
RCHGF002347	2088	1825.76	9	21.9226
RCHGF002348	162	21.3549	0	0
RCHGF002349	843	580.811	6	45.942
RCHGF002350	1458	1195.76	7	26.0344
RCHGF002351	633	374.254	0	0
RCHGF002352	1086	823.759	3	16.1963
RCHGF002353	1026	763.759	1	5.82287
RCHGF002354	1248	985.759	2	9.02304
RCHGF002355	1443	1180.76	2	7.53291
RCHGF002356	654	394.984	2	22.5188
RCHGF002357	1437	1174.76	3	11.3571
RCHGF002358	336	110.774	1	40.1473
RCHGF002359	1251	988.759	2	8.99567
RCHGF002360	312	94.5724	2	94.0501
RCHGF002361	1926	1663.76	7	18.7112
RCHGF002362	828	566.066	2	15.7129
RCHGF002363	147	16.6825	20	5331.65
RCHGF002364	174	24.6289	10	1805.72
RCHGF002365	144	16.4854	0	0
RCHGF002366	114	9.04545	2	983.317
RCHGF002367	564	308.067	0	0
RCHGF002368	762	501.122	3	26.6239
RCHGF002369	870	607.759	5	36.5875
RCHGF002370	1911	1648.76	7	18.8814
RCHGF002371	690	429.939	7	72.4077
RCHGF002372	117	10.0455	0	0
RCHGF002373	1359	1096.76	1	4.05492
RCHGF002374	327	104.308	0	0
RCHGF002375	522	267.386	2	33.2648
RCHGF002376	1062	799.759	8	44.4861
RCHGF002377	1089	826.759	1	5.37916
RCHGF002378	1461	1198.76	4	14.8396
RCHGF002379	1803	1540.76	2	5.77283
RCHGF002380	327	104.308	0	0
RCHGF002381	318	98.6228	0	0
RCHGF002382	1092	829.759	5	26.7986
RCHGF002383	954	691.759	0	0
RCHGF002384	1107	844.759	0	0
RCHGF002385	741	480.385	6	55.5464
RCHGF002386	1095	832.759	1	5.34041
RCHGF002388	1371	1108.76	23	92.2538
RCHGF002389	1197	934.759	65	309.248
RCHGF002390	819	557.066	11	87.8173
RCHGF002391	879	616.759	88	634.543
RCHGF002392	717	456.385	39	380.038
RCHGF002393	690	429.939	25	258.599
RCHGF002394	369	136.247	1	32.6412
RCHGF002395	1185	922.759	1	4.81954
RCHGF002396	2010	1747.76	37	94.1486
RCHGF002397	606	348.056	6	76.6649
RCHGF002398	117	10.0455	9	3984.43
RCHGF002399	519	264.649	0	0
RCHGF002400	834	572.066	3	23.3222
RCHGF002401	606	348.056	1	12.7775
RCHGF002402	1224	961.759	7	32.3687
RCHGF002403	486	234.238	0	0
RCHGF002404	1155	892.759	6	29.889
RCHGF002405	486	234.238	3	56.9584
RCHGF002406	1167	904.759	33	162.209
RCHGF002407	900	637.759	7	48.813
RCHGF002408	1374	1111.76	8	32.0017
RCHGF002409	1485	1222.76	4	14.5483
RCHGF002410	813	551.066	0	0
RCHGF002411	1116	853.759	2	10.4181
RCHGF002412	630	371.32	0	0
RCHGF002413	117	10.0455	0	0
RCHGF002414	621	362.353	2	24.5466
RCHGF002415	1008	745.759	1	5.96342
RCHGF002416	630	371.32	1	11.9769
RCHGF002417	666	406.378	0	0
RCHGF002418	2076	1813.76	2	4.90393
RCHGF002419	996	733.759	6	36.3657
RCHGF002420	669	409.378	0	0
RCHGF002421	1377	1114.76	4	15.9578
RCHGF002422	282	74.2062	0	0
RCHGF002423	282	74.2062	0	0
RCHGF002424	462	213.251	0	0
RCHGF002425	147	16.6825	0	0
RCHGF002426	591	333.598	0	0
RCHGF002427	201	34.6415	0	0
RCHGF002428	945	682.759	25	162.842
RCHGF002429	1482	1219.76	5	18.2301
RCHGF002430	891	628.759	4	28.2924
RCHGF002431	372	138.467	1	32.118
RCHGF002432	1062	799.759	1	5.56077
RCHGF002433	528	273.144	3	48.8454
RCHGF002434	543	287.365	0	0
RCHGF002435	774	512.405	9	78.113
RCHGF002436	1323	1060.76	3	12.5776
RCHGF002437	1572	1309.76	4	13.582
RCHGF002438	303	88.4875	1	50.2587
RCHGF002439	117	10.0455	0	0
RCHGF002440	309	92.8128	0	0
RCHGF002441	534	278.67	5	79.7947
RCHGF002442	519	264.649	0	0
RCHGF002443	168	22.6016	0	0
RCHGF002444	189	30.0274	0	0
RCHGF002445	1971	1708.76	22	57.2579
RCHGF002447	123	11.1099	0	0
RCHGF002448	1251	988.759	12	53.974
RCHGF002449	237	50.2634	0	0
RCHGF002450	1056	793.759	6	33.6168
RCHGF002451	1719	1456.76	10	30.5285
RCHGF002452	300	86.4617	0	0
RCHGF002453	588	331.045	31	416.455
RCHGF002454	858	595.759	37	276.201
RCHGF002455	318	98.6228	3	135.281
RCHGF002456	324	102.2	5	217.578
RCHGF002457	195	32.8107	0	0
RCHGF002458	792	530.405	4	33.5387
RCHGF002459	513	258.887	3	51.5353
RCHGF002460	606	348.056	14	178.885
RCHGF002461	1482	1219.76	14	51.0444
RCHGF002462	309	92.8128	1	47.9166
RCHGF002463	693	432.939	1	10.2723
RCHGF002464	927	664.759	2	13.3801
RCHGF002465	393	155.042	2	57.3687
RCHGF002466	798	536.405	3	24.8727
RCHGF002467	984	721.759	1	6.16171
RCHGF002468	714	453.385	0	0
RCHGF002469	813	551.066	0	0
RCHGF002470	747	486.385	0	0
RCHGF002471	465	216.052	0	0
RCHGF002472	744	483.385	5	46.0014
RCHGF002473	729	468.385	3	28.4847
RCHGF002474	957	694.759	3	19.2035
RCHGF002475	852	589.811	1	7.54016
RCHGF002476	180	26.6879	0	0
RCHGF002477	276	70.8419	1	62.7775
RCHGF002478	1422	1159.76	14	53.6851
RCHGF002479	456	208.05	1	21.376
RCHGF002480	2031	1768.76	1	2.51435
RCHGF002481	597	339.3	0	0
RCHGF002482	867	604.759	187	1375.16
RCHGF002483	126	11.8259	0	0
RCHGF002484	318	98.6228	0	0
RCHGF002485	120	10.2585	0	0
RCHGF002487	1449	1186.76	17	63.706
RCHGF002489	1064	801.759	3	16.6407
RCHGF002491	798	536.405	1	8.29089
RCHGF002492	1851	1588.76	4	11.1968
RCHGF002493	354	124.2	0	0
RCHGF002494	537	281.543	0	0
RCHGF002495	546	290.365	0	0
RCHGF002496	402	162.126	0	0
RCHGF002497	381	145.252	0	0
RCHGF002498	387	150.216	0	0
RCHGF002500	624	365.353	6	73.0352
RCHGF002501	291	79.8309	4	222.835
RCHGF002502	114	9.04545	5	2458.29
RCHGF002503	2013	1750.76	8	20.3216
RCHGF002504	234	48.7194	2	182.567
RCHGF002505	759	498.122	3	26.7842
RCHGF002506	534	278.67	4	63.8357
RCHGF002507	1227	964.759	7	32.2681
RCHGF002508	177	25.5457	0	0
RCHGF002509	270	67.5569	0	0
RCHGF002510	384	147.671	3	90.3483
RCHGF002511	918	655.759	4	27.1275
RCHGF002512	1638	1375.76	27	87.2801
RCHGF002513	717	456.385	10	97.4457
RCHGF002515	1695	1432.76	10	31.0399
RCHGF002516	1263	1000.76	6	26.6634
RCHGF002517	492	239.572	1	18.5634
RCHGF002518	1077	814.759	5	27.292
RCHGF002519	1149	886.759	14	70.2128
RCHGF002520	156	19.2295	0	0
RCHGF002522	411	169.717	1	26.204
RCHGF002523	1083	820.759	2	10.837
RCHGF002524	465	216.052	2	41.1686
RCHGF002526	1317	1054.76	5	21.0819
RCHGF002527	1104	841.759	57	301.149
RCHGF002529	237	50.2634	1	88.4793
RCHGF002530	417	174.679	0	0
RCHGF002531	339	112.942	2	78.7533
RCHGF002532	219	42.3112	0	0
RCHGF002533	618	359.707	4	49.4544
RCHGF002534	1140	877.759	0	0
RCHGF002535	204	35.8563	1	124.031
RCHGF002536	1191	928.759	11	52.6724
RCHGF002537	1170	907.759	19	93.0844
RCHGF002538	1374	1111.76	13	52.0028
RCHGF002539	627	368.353	5	60.367
RCHGF002540	1926	1663.76	7	18.7112
RCHGF002541	1926	1663.76	9	24.0572
RCHGF002542	1179	916.759	3	14.5532
RCHGF002543	909	646.759	10	68.7624
RCHGF002544	450	203.331	4	87.4882
RCHGF002545	615	356.771	15	186.98
RCHGF002546	597	339.3	1	13.1072
RCHGF002547	1944	1681.76	15	39.6663
RCHGF002548	114	9.04545	0	0
RCHGF002549	1245	982.759	3	13.5759
RCHGF002550	2163	1900.76	41	95.9291
RCHGF002551	2070	1807.76	33	81.1834
RCHGF002552	594	336.3	10	132.241
RCHGF002553	39	40	0	0
RCHGF002554	3486	3223.76	107	147.61
RCHGF002555	804	542.405	3	24.5975
RCHGF002556	693	432.939	2	20.5446
RCHGF002557	1287	1024.76	3	13.0195
RCHGF002558	1413	1150.76	3	11.5939
RCHGF002559	300	86.4617	0	0
RCHGF002560	480	228.791	0	0
RCHGF002561	111	9.59322	0	0
RCHGF002562	690	429.939	2	20.6879
RCHGF002563	165	22.0434	1	201.751
RCHGF002564	234	48.7194	7	638.984
RCHGF002565	825	563.066	12	94.7799
RCHGF002566	1026	763.759	16	93.166
RCHGF002567	774	512.405	3	26.0377
RCHGF002568	462	213.251	3	62.564
RCHGF002569	2055	1792.76	15	37.2103
RCHGF002570	876	613.759	6	43.4758
RCHGF002571	465	216.052	0	0
RCHGF002572	1911	1648.76	9	24.2761
RCHGF002573	321	100.614	4	176.805
RCHGF002574	1284	1021.76	2	8.70513
RCHGF002575	336	110.774	0	0
RCHGF002576	1449	1186.76	0	0
RCHGF002577	1509	1246.76	18	64.2072
RCHGF002578	690	429.939	11	113.783
RCHGF002579	1302	1039.76	18	76.9899
RCHGF002580	675	415.014	2	21.4319
RCHGF002581	1305	1042.76	7	29.8544
RCHGF002582	975	712.759	13	81.1137
RCHGF002583	147	16.6825	19	5065.07
RCHGF002584	456	208.05	12	256.512
RCHGF002585	309	92.8128	30	1437.5
RCHGF002586	456	208.05	4	85.5041
RCHGF002587	225	44.7535	0	0
RCHGF002588	669	409.378	1	10.8635
RCHGF002589	288	77.762	1	57.1908
RCHGF002590	1068	805.759	8	44.1549
RCHGF002591	777	515.405	10	86.287
RCHGF002592	168	22.6016	0	0
RCHGF002593	435	190.341	7	163.554
RCHGF002594	906	643.759	23	158.891
RCHGF002595	2418	2155.76	20	41.2595
RCHGF002596	114	9.04545	0	0
RCHGF002597	1278	1015.76	11	48.161
RCHGF002598	1050	787.759	3	16.9364
RCHGF002599	312	94.5724	0	0
RCHGF002600	477	226.02	1	19.6765
RCHGF002601	1917	1654.76	5	13.4378
RCHGF002602	609	350.993	1	12.6705
RCHGF002603	759	498.122	0	0
RCHGF002604	192	31.5285	0	0
RCHGF002605	660	400.664	9	99.8979
RCHGF002606	696	435.862	4	40.8135
RCHGF002607	1734	1471.76	58	175.261
RCHGF002608	1623	1360.76	30	98.0469
RCHGF002609	2346	2083.76	19	40.5508
RCHGF002610	723	462.385	2	19.2362
RCHGF002611	1311	1048.76	3	12.7215
RCHGF002612	759	498.122	0	0
RCHGF002613	1422	1159.76	13	49.8505
RCHGF002614	666	406.378	4	43.7748
RCHGF002615	132	13.8613	0	0
RCHGF002616	933	670.759	7	46.4115
RCHGF002617	480	228.791	3	58.3146
RCHGF002618	138	15.531	1	286.349
RCHGF002619	201	34.6415	0	0
RCHGF002620	111	9.59322	1	463.585
RCHGF002621	417	174.679	4	101.839
RCHGF002622	111	9.59322	0	0
RCHGF002623	894	631.759	10	70.3951
RCHGF002624	2268	2005.76	27	59.8658
RCHGF002625	747	486.385	0	0
RCHGF002626	351	121.869	0	0
RCHGF002627	177	25.5457	0	0
RCHGF002628	1182	919.759	15	72.5289
RCHGF002629	597	339.3	2	26.2144
RCHGF002630	264	64.2033	4	277.074
RCHGF002631	1611	1348.76	5	16.4865
RCHGF002632	1212	949.759	1	4.68253
RCHGF002633	465	216.052	5	102.922
RCHGF002634	1203	940.759	5	23.6366
RCHGF002635	633	374.254	1	11.883
RCHGF002636	1098	835.759	0	0
RCHGF002638	225	44.7535	0	0
RCHGF002639	561	305.204	0	0
RCHGF002640	618	359.707	0	0
RCHGF002641	288	77.762	2	114.382
RCHGF002642	783	521.405	3	25.5882
RCHGF002643	2352	2089.76	16	34.05
RCHGF002645	1398	1135.76	10	39.1568
RCHGF002646	1995	1732.76	50	128.329
RCHGF002647	792	530.405	0	0
RCHGF002648	147	16.6825	1	266.582
RCHGF002649	2316	2053.76	5	10.8272
RCHGF002650	771	509.811	0	0
RCHGF002651	1314	1051.76	0	0
RCHGF002652	816	554.066	5	40.1331
RCHGF002653	483	231.748	0	0
RCHGF002654	141	15.902	0	0
RCHGF002655	387	150.216	9	266.454
RCHGF002656	1023	760.759	0	0
RCHGF002657	435	190.341	6	140.189
RCHGF002658	2577	2314.76	104	199.812
RCHGF002659	624	365.353	5	60.8627
RCHGF002660	357	126.784	6	210.466
RCHGF002661	1152	889.759	7	34.988
RCHGF002662	1344	1081.76	8	32.8892
RCHGF002663	531	276.144	39	628.092
RCHGF002664	906	643.759	3	20.7249
RCHGF002665	942	679.759	15	98.1364
RCHGF002666	618	359.707	7	86.5451
RCHGF002667	1035	772.759	8	46.0405
RCHGF002668	849	586.811	1	7.57871
RCHGF002669	159	20.1921	0	0
RCHGF002670	321	100.614	1	44.2012
RCHGF002671	324	102.2	2	87.0312
RCHGF002672	759	498.122	6	53.5685
RCHGF002673	717	456.385	3	29.2337
RCHGF002674	621	362.353	4	49.0933
RCHGF002675	609	350.993	1	12.6705
RCHGF002676	1032	769.759	7	40.4424
RCHGF002677	1281	1018.76	7	30.5577
RCHGF002678	630	371.32	1	11.9769
RCHGF002679	1122	859.759	1	5.1727
RCHGF002681	336	110.774	1	40.1473
RCHGF002682	354	124.2	1	35.8072
RCHGF002683	726	465.385	6	57.3367
RCHGF002684	249	56.1796	1	79.1617
RCHGF002685	1323	1060.76	29	121.584
RCHGF002686	813	551.066	5	40.3516
RCHGF002687	114	9.04545	0	0
RCHGF002688	597	339.3	1	13.1072
RCHGF002689	1902	1639.76	21	56.9552
RCHGF002690	1203	940.759	16	75.6372
RCHGF002691	123	11.1099	0	0
RCHGF002692	1125	862.759	20	103.094
RCHGF002693	159	20.1921	1	220.248
RCHGF002694	2169	1906.76	33	76.9683
RCHGF002695	864	601.759	7	51.7332
RCHGF002696	153	18.5283	0	0
RCHGF002697	1152	889.759	1	4.99829
RCHGF002698	1569	1306.76	5	17.0164
RCHGF002699	708	447.705	0	0
RCHGF002700	1524	1261.76	13	45.8206
RCHGF002701	573	316.419	0	0
RCHGF002702	168	22.6016	0	0
RCHGF002703	426	182.539	0	0
RCHGF002704	174	24.6289	1	180.572
RCHGF002705	567	311.067	0	0
RCHGF002706	129	12.5756	4	1414.57
RCHGF002707	1830	1567.76	6	17.0202
RCHGF002708	2139	1876.76	2	4.73931
RCHGF002709	708	447.705	1	9.9335
RCHGF002710	648	388.984	0	0
RCHGF002711	126	11.8259	0	0
RCHGF002712	162	21.3549	0	0
RCHGF002713	774	512.405	0	0
RCHGF002714	2310	2047.76	4	8.6871
RCHGF002715	456	208.05	0	0
RCHGF002716	765	503.811	4	35.3091
RCHGF002717	489	236.744	8	150.281
RCHGF002718	114	9.04545	1	491.658
RCHGF002719	495	242.462	2	36.6843
RCHGF002720	885	622.759	35	249.943
RCHGF002721	144	16.4854	0	0
RCHGF002722	654	394.984	0	0
RCHGF002723	693	432.939	9	92.4505
RCHGF002724	1326	1063.76	4	16.7229
RCHGF002725	384	147.671	13	391.509
RCHGF002726	1278	1015.76	14	61.2959
RCHGF002727	189	30.0274	1	148.107
RCHGF002728	1053	790.759	3	16.8722
RCHGF002729	150	17.5247	0	0
RCHGF002730	1239	976.759	3	13.6593
RCHGF002731	171	23.5411	0	0
RCHGF002732	765	503.811	1	8.82726
RCHGF002733	141	15.902	1	279.668
RCHGF002734	921	658.759	1	6.75099
RCHGF002735	819	557.066	6	47.9004
RCHGF002736	510	256.191	6	104.155
RCHGF002737	126	11.8259	1	376.062
RCHGF002738	306	90.576	1	49.0999
RCHGF002739	312	94.5724	2	94.0501
RCHGF002740	1614	1351.76	7	23.0299
RCHGF002741	147	16.6825	0	0
RCHGF002742	3231	2968.76	33	49.4348
RCHGF002743	120	10.2585	1	433.521
RCHGF002744	1491	1228.76	1	3.61932
RCHGF002745	513	258.887	0	0
RCHGF002746	1020	757.759	35	205.414
RCHGF002747	651	391.984	12	136.147
RCHGF002748	1749	1486.76	39	116.659
RCHGF002749	1512	1249.76	4	14.234
RCHGF002750	1473	1210.76	6	22.0388
RCHGF002751	978	715.759	1	6.21337
RCHGF002752	1566	1303.76	8	27.2889
RCHGF002753	1698	1435.76	61	188.948
RCHGF002754	192	31.5285	8	1128.45
RCHGF002755	981	718.759	5	30.9372
RCHGF002756	996	733.759	3	18.1828
RCHGF002757	912	649.759	4	27.378
RCHGF002758	978	715.759	3	18.6401
RCHGF002759	1698	1435.76	105	325.238
RCHGF002760	1203	940.759	29	137.092
RCHGF002761	348	119.412	0	0
RCHGF002762	1416	1153.76	6	23.1276
RCHGF002763	1065	802.759	5	27.6999
RCHGF002764	996	733.759	13	78.7923
RCHGF002765	1863	1600.76	14	38.8952
RCHGF002766	1290	1027.76	6	25.9629
RCHGF002767	834	572.066	0	0
RCHGF002768	957	694.759	5	32.0059
RCHGF002769	216	41.019	60	6505.2
RCHGF002770	330	106.505	101	4217.4
RCHGF002771	321	100.614	19	839.822
RCHGF002772	621	362.353	10	122.733
RCHGF002773	1380	1117.76	16	63.6598
RCHGF002775	414	172.144	0	0
RCHGF002776	189	30.0274	1	148.107
RCHGF002777	726	465.385	5	47.7806
RCHGF002778	672	412.014	78	841.931
RCHGF002779	567	311.067	2	28.5937
RCHGF002780	1104	841.759	8	42.2665
RCHGF002781	153	18.5283	0	0
RCHGF002782	921	658.759	10	67.5099
RCHGF002783	585	328.045	5	67.7845
RCHGF002784	951	688.759	1	6.45694
RCHGF002785	1548	1285.76	58	200.614
RCHGF002786	129	12.5756	0	0
RCHGF002787	900	637.759	6	41.8397
RCHGF002788	777	515.405	1	8.6287
RCHGF002789	633	374.254	0	0
RCHGF002790	873	610.759	3	21.8447
RCHGF002791	144	16.4854	5	1348.85
RCHGF002792	1833	1570.76	45	127.408
RCHGF002793	822	560.066	10	79.4063
RCHGF002794	1317	1054.76	66	278.282
RCHGF002795	969	706.759	49	308.332
RCHGF002796	117	10.0455	4	1770.86
RCHGF002797	999	736.759	29	175.052
RCHGF002798	690	429.939	8	82.7516
RCHGF002799	180	26.6879	0	0
RCHGF002800	561	305.204	1	14.5715
RCHGF002801	786	524.405	6	50.8837
RCHGF002802	360	129.029	10	344.672
RCHGF002803	339	112.942	6	236.26
RCHGF002804	120	10.2585	0	0
RCHGF002805	1779	1516.76	10	29.3209
RCHGF002806	1728	1465.76	0	0
RCHGF002807	813	551.066	5	40.3516
RCHGF002808	891	628.759	22	155.608
RCHGF002809	465	216.052	0	0
RCHGF002810	657	397.984	3	33.5235
RCHGF002811	1422	1159.76	4	15.3386
RCHGF002812	999	736.759	4	24.1451
RCHGF002813	156	19.2295	0	0
RCHGF002814	1932	1669.76	8	21.3074
RCHGF002815	960	697.759	3	19.121
RCHGF002816	129	12.5756	0	0
RCHGF002817	267	65.7619	0	0
RCHGF002818	555	299.285	0	0
RCHGF002819	501	248.082	0	0
RCHGF002820	537	281.543	2	31.5921
RCHGF002821	300	86.4617	1	51.4363
RCHGF002822	264	64.2033	2	138.537
RCHGF002823	141	15.902	0	0
RCHGF002824	336	110.774	0	0
RCHGF002825	300	86.4617	4	205.745
RCHGF002826	690	429.939	3	31.0319
RCHGF002827	819	557.066	7	55.8837
RCHGF002828	843	580.811	2	15.314
RCHGF002829	774	512.405	4	34.7169
RCHGF002830	420	177.227	2	50.1873
RCHGF002831	276	70.8419	0	0
RCHGF002832	195	32.8107	1	135.544
RCHGF002834	540	284.365	0	0
RCHGF002835	460	211.408	5	105.182
RCHGF002837	876	613.759	1	7.24596
RCHGF002838	720	459.385	5	48.4046
RCHGF002839	1131	868.759	0	0
RCHGF002840	1011	748.759	5	29.6976
RCHGF002841	294	81.9951	2	108.477
RCHGF002842	171	23.5411	0	0
RCHGF002843	642	382.984	1	11.6122
RCHGF002844	1968	1705.76	1	2.60721
RCHGF002845	396	157.446	0	0
RCHGF002846	609	350.993	0	0
RCHGF002847	720	459.385	2	19.3619
RCHGF002848	507	253.375	0	0
RCHGF002849	120	10.2585	0	0
RCHGF002850	1290	1027.76	4	17.3086
RCHGF002851	1245	982.759	7	31.6771
RCHGF002852	777	515.405	1	8.6287
RCHGF002853	2166	1903.76	21	49.057
RCHGF002854	189	30.0274	1	148.107
RCHGF002855	174	24.6289	0	0
RCHGF002856	342	114.908	0	0
RCHGF002857	651	391.984	8	90.7644
RCHGF002858	1785	1522.76	35	102.219
RCHGF002859	603	345.056	26	335.103
RCHGF002860	141	15.902	2	559.335
RCHGF002861	1377	1114.76	4	15.9578
RCHGF002862	672	412.014	5	53.97
RCHGF002863	1149	886.759	6	30.0912
RCHGF002864	120	10.2585	0	0
RCHGF002865	762	501.122	0	0
RCHGF002866	363	131.467	0	0
RCHGF002867	771	509.811	0	0
RCHGF002868	642	382.984	8	92.8974
RCHGF002869	279	72.4175	0	0
RCHGF002870	195	32.8107	0	0
RCHGF002871	459	210.604	3	63.3504
RCHGF002872	249	56.1796	1	79.1617
RCHGF002873	150	17.5247	0	0
RCHGF002874	522	267.386	0	0
RCHGF002875	114	9.04545	0	0
RCHGF002876	387	150.216	2	59.2119
RCHGF002877	111	9.59322	1	463.585
RCHGF002878	444	197.895	0	0
RCHGF002879	351	121.869	0	0
RCHGF002880	255	59.5339	0	0
RCHGF002881	156	19.2295	0	0
RCHGF002882	267	65.7619	3	202.881
RCHGF002883	453	205.625	0	0
RCHGF002884	354	124.2	0	0
RCHGF002885	324	102.2	0	0
RCHGF002886	162	21.3549	0	0
RCHGF002887	441	195.595	2	45.4743
RCHGF002888	375	140.834	1	31.5781
RCHGF002889	126	11.8259	0	0
RCHGF002890	123	11.1099	0	0
RCHGF002891	1338	1075.76	25	103.352
RCHGF002892	2868	2605.76	5	8.53355
RCHGF002893	2349	2086.76	14	29.8366
RCHGF002894	2010	1747.76	8	20.3565
RCHGF002895	1743	1480.76	21	63.0709
RCHGF002896	1806	1543.76	7	20.1657
RCHGF002897	678	418.014	4	42.5562
RCHGF002898	177	25.5457	4	696.363
RCHGF002899	792	530.405	19	159.309
RCHGF002900	1368	1105.76	20	80.4384
RCHGF002901	111	9.59322	0	0
RCHGF002902	1512	1249.76	37	131.665
RCHGF002903	906	643.759	6	41.4497
RCHGF002904	1929	1666.76	18	48.0279
RCHGF002905	2220	1957.76	12	27.2594
RCHGF002906	1737	1474.76	6	18.0936
RCHGF002907	669	409.378	2	21.727
RCHGF002908	702	441.862	6	60.389
RCHGF002909	1110	847.759	5	26.2296
RCHGF002910	597	339.3	193	2529.69
RCHGF002911	273	69.1859	26	1671.28
RCHGF002912	687	426.939	26	270.833
RCHGF002913	135	14.8799	0	0
RCHGF002914	177	25.5457	1	174.091
RCHGF002915	246	54.5444	1	81.5349
RCHGF002916	555	299.285	4	59.4386
RCHGF002917	180	26.6879	0	0
RCHGF002918	762	501.122	8	70.997
RCHGF002919	306	90.576	0	0
RCHGF002920	510	256.191	3	52.0777
RCHGF002921	660	400.664	3	33.2993
RCHGF002922	780	518.405	3	25.7363
RCHGF002923	318	98.6228	14	631.312
RCHGF002924	216	41.019	6	650.52
RCHGF002925	657	397.984	32	357.584
RCHGF002926	699	438.862	158	1601.11
RCHGF002927	270	67.5569	10	658.3
RCHGF002928	906	643.759	74	511.213
RCHGF002929	1584	1321.76	33	111.034
RCHGF002930	783	521.405	24	204.706
RCHGF002931	975	712.759	19	118.551
RCHGF002932	597	339.3	5	65.5361
RCHGF002933	711	450.465	16	157.962
RCHGF002934	1053	790.759	11	61.8646
RCHGF002935	1101	838.759	4	21.2088
RCHGF002936	1068	805.759	12	66.2323
RCHGF002937	1134	871.759	34	173.451
RCHGF002938	2376	2113.76	107	225.124
RCHGF002939	681	420.939	3	31.6953
RCHGF002940	675	415.014	11	117.876
RCHGF002941	1395	1132.76	12	47.1126
RCHGF002942	186	29.0041	0	0
RCHGF002943	534	278.67	223	3558.84
RCHGF002944	231	47.3249	2	187.946
RCHGF002945	114	9.04545	0	0
RCHGF002946	2091	1828.76	135	328.3
RCHGF002947	1671	1408.76	39	123.118
RCHGF002948	129	12.5756	0	0
RCHGF002949	1665	1402.76	10	31.7038
RCHGF002950	471	220.631	1	20.1571
RCHGF002951	474	223.081	0	0
RCHGF002952	522	267.386	0	0
RCHGF002953	1200	937.759	31	147.016
RCHGF002954	1647	1384.76	18	57.8086
RCHGF002955	729	468.385	12	113.939
RCHGF002956	738	477.385	50	465.795
RCHGF002957	324	102.2	8	348.125
RCHGF002958	342	114.908	10	387.03
RCHGF002959	435	190.341	1	23.3648
RCHGF002960	963	700.759	23	145.966
RCHGF002961	858	595.759	26	194.087
RCHGF002962	132	13.8613	0	0
RCHGF002963	699	438.862	190	1925.39
RCHGF002964	750	489.385	0	0
RCHGF002965	825	563.066	6	47.3899
RCHGF002966	444	197.895	3	67.4188
RCHGF002967	1197	934.759	10	47.5767
RCHGF002968	114	9.04545	0	0
RCHGF002969	1698	1435.76	85	263.288
RCHGF002970	1692	1429.76	14	43.5471
RCHGF002971	1227	964.759	10	46.0972
RCHGF002972	891	628.759	1	7.0731
RCHGF002973	1395	1132.76	137	537.869
RCHGF002974	1293	1030.76	5810	25067.6
RCHGF002975	1470	1207.76	11	40.5048
RCHGF002976	2256	1993.76	12	26.7672
RCHGF002977	609	350.993	9	114.035
RCHGF002978	1983	1720.76	8	20.6759
RCHGF002979	861	598.759	6	44.5649
RCHGF002980	117	10.0455	0	0
RCHGF002981	495	242.462	1	18.3422
RCHGF002982	693	432.939	1	10.2723
RCHGF002983	525	270.144	10	164.626
RCHGF002984	120	10.2585	0	0
RCHGF002985	216	41.019	0	0
RCHGF002986	231	47.3249	2	187.946
RCHGF002987	1005	742.759	8	47.9
RCHGF002988	561	305.204	70	1020
RCHGF002989	285	75.968	2	117.083
RCHGF002990	1362	1099.76	10	40.4386
RCHGF002991	1170	907.759	5	24.4959
RCHGF002992	882	619.759	5	35.8791
RCHGF002993	213	39.7239	0	0
RCHGF002994	528	273.144	16	260.509
RCHGF002995	159	20.1921	0	0
RCHGF002996	993	730.759	0	0
RCHGF002997	357	126.784	4	140.31
RCHGF002998	111	9.59322	1	463.585
RCHGF002999	1200	937.759	16	75.8792
RCHGF003000	762	501.122	6	53.2478
RCHGF003001	213	39.7239	16	1791.27
RCHGF003002	567	311.067	34	486.093
RCHGF003003	573	316.419	40	562.2
RCHGF003004	249	56.1796	2	158.323
RCHGF003005	870	607.759	5	36.5875
RCHGF003006	540	284.365	69	1079.11
RCHGF003007	744	483.385	664	6108.98
RCHGF003008	2031	1768.76	7	17.6004
RCHGF003009	585	328.045	0	0
RCHGF003010	873	610.759	9	65.534
RCHGF003011	774	512.405	1	8.67922
RCHGF003012	729	468.385	2	18.9898
RCHGF003013	396	157.446	8	225.971
RCHGF003014	390	152.677	6	174.772
RCHGF003015	855	592.759	2	15.0053
RCHGF003016	786	524.405	2	16.9612
RCHGF003017	786	524.405	3	25.4418
RCHGF003018	1104	841.759	3	15.8499
RCHGF003019	702	441.862	5	50.3242
RCHGF003020	426	182.539	2	48.7267
RCHGF003021	1218	955.759	7	32.5719
RCHGF003022	915	652.759	2	13.6261
RCHGF003023	213	39.7239	0	0
RCHGF003024	888	625.759	13	92.3911
RCHGF003025	1320	1057.76	8	33.6354
RCHGF003026	114	9.04545	2	983.317
RCHGF003027	2595	2332.76	72	137.264
RCHGF003028	2040	1777.76	20	50.0323
RCHGF003029	156	19.2295	0	0
RCHGF003030	1632	1369.76	12	38.9611
RCHGF003031	417	174.679	6	152.758
RCHGF003032	1203	940.759	4	18.9093
RCHGF003033	747	486.385	4	36.5741
RCHGF003034	1209	946.759	6	28.1842
RCHGF003035	3504	3241.76	335	459.577
RCHGF003036	7287	7024.76	44	27.8558
RCHGF003037	132	13.8613	0	0
RCHGF003038	804	542.405	22	180.382
RCHGF003039	462	213.251	12	250.256
RCHGF003040	657	397.984	16	178.792
RCHGF003041	306	90.576	10	490.999
RCHGF003042	2340	2077.76	33	70.6338
RCHGF003043	849	586.811	6	45.4723
RCHGF003044	768	506.811	8	70.2001
RCHGF003045	318	98.6228	2	90.1875
RCHGF003046	459	210.604	87	1837.16
RCHGF003047	882	619.759	3	21.5274
RCHGF003048	1755	1492.76	13	38.73
RCHGF003049	465	216.052	15	308.765
RCHGF003050	111	9.59322	0	0
RCHGF003051	132	13.8613	0	0
RCHGF003052	198	33.6584	10.137	1339.4
RCHGF003053	399	159.782	2	55.6668
RCHGF003054	1311	1048.76	7	29.6836
RCHGF003055	111	9.59322	0	0
RCHGF003056	723	462.385	4	38.4725
RCHGF003057	306	90.576	30	1473
RCHGF003058	873	610.759	6	43.6893
RCHGF003059	480	228.791	8	155.505
RCHGF003060	855	592.759	14	105.037
RCHGF003061	720	459.385	54	522.77
RCHGF003062	918	655.759	8	54.255
RCHGF003063	117	10.0455	0	0
RCHGF003064	861	598.759	9	66.8474
RCHGF003065	783	521.405	1	8.52941
RCHGF003066	1137	874.759	61	310.124
RCHGF003067	1197	934.759	41	195.064
RCHGF003068	894	631.759	2	14.079
RCHGF003069	615	356.771	0	0
RCHGF003070	273	69.1859	0	0
RCHGF003071	804	542.405	7	57.3943
RCHGF003072	1080	817.759	4	21.7535
RCHGF003073	918	655.759	19	128.856
RCHGF003074	702	441.862	3	30.1945
RCHGF003075	198	33.6584	0	0
RCHGF003076	138	15.531	0	0
RCHGF003077	1005	742.759	4	23.95
RCHGF003078	225	44.7535	0	0
RCHGF003079	1356	1093.76	11	44.7265
RCHGF003080	267	65.7619	0	0
RCHGF003081	513	258.887	2	34.3569
RCHGF003082	1119	856.759	4	20.7632
RCHGF003083	1098	835.759	11	58.5336
RCHGF003084	687	426.939	3	31.2499
RCHGF003085	1005	742.759	1	5.9875
RCHGF003086	111	9.59322	0	0
RCHGF003087	927	664.759	33	220.772
RCHGF003088	825	563.066	29	229.051
RCHGF003089	2145	1882.76	27	63.7768
RCHGF003090	633	374.254	12	142.597
RCHGF003091	1131	868.759	4	20.4764
RCHGF003092	117	10.0455	6	2656.29
RCHGF003093	135	14.8799	1	298.878
RCHGF003094	1221	958.759	41	190.181
RCHGF003095	444	197.895	3	67.4188
RCHGF003096	282	74.2062	0	0
RCHGF003097	432	187.591	4	94.8293
RCHGF003098	1224	961.759	33	152.595
RCHGF003099	315	96.5208	3	138.227
RCHGF003100	1239	976.759	40	182.124
RCHGF003101	582	325.045	3	41.0461
RCHGF003102	1422	1159.76	22	84.3624
RCHGF003103	135	14.8799	1	298.878
RCHGF003104	129	12.5756	0	0
RCHGF003105	2601	2338.76	15	28.5233
RCHGF003106	147	16.6825	0	0
RCHGF003107	1350	1087.76	7	28.6193
RCHGF003108	708	447.705	6	59.601
RCHGF003109	705	444.705	2	20.001
RCHGF003110	627	368.353	7	84.5138
RCHGF003111	1416	1153.76	10	38.5459
RCHGF003112	1791	1528.76	3	8.72722
RCHGF003113	1809	1546.76	5	14.3761
RCHGF003114	969	706.759	7	44.0474
RCHGF003115	687	426.939	4	41.6666
RCHGF003116	555	299.285	3	44.579
RCHGF003117	699	438.862	8	81.0691
RCHGF003118	2478	2215.76	11	22.0782
RCHGF003119	387	150.216	17	503.301
RCHGF003120	186	29.0041	3	459.997
RCHGF003121	750	489.385	5	45.4374
RCHGF003122	294	81.9951	10	542.383
RCHGF003123	132	13.8613	1	320.841
RCHGF003124	111	9.59322	1	463.585
RCHGF003125	1080	817.759	11	59.822
RCHGF003126	1305	1042.76	3	12.7947
RCHGF003127	1470	1207.76	6	22.0935
RCHGF003128	819	557.066	9	71.8505
RCHGF003129	477	226.02	11	216.441
RCHGF003130	4218	3955.76	29	32.6033
RCHGF003131	120	10.2585	0	0
RCHGF003132	213	39.7239	14	1567.36
RCHGF003133	1089	826.759	282	1516.92
RCHGF003134	927	664.759	68	454.924
RCHGF003135	858	595.759	77	574.796
RCHGF003136	216	41.019	0	0
RCHGF003137	1539	1276.76	5	17.4163
RCHGF003138	1332	1069.76	7	29.1009
RCHGF003139	600	342.148	1	12.9981
RCHGF003140	1167	904.759	2	9.83085
RCHGF003142	4260	3997.76	52	57.847
RCHGF003143	621	362.353	4	49.0933
RCHGF003144	126	11.8259	3	1128.19
RCHGF003145	1320	1057.76	19	79.8842
RCHGF003146	558	302.204	38	559.213
RCHGF003147	207	36.8344	1	120.737
RCHGF003148	3858	3595.76	138	170.68
RCHGF003149	4209	3946.76	87	98.033
RCHGF003150	609	350.993	1	12.6705
RCHGF003151	369	136.247	13	424.336
RCHGF003152	519	264.649	5	84.0221
RCHGF003154	684	423.939	18	188.826
RCHGF003155	414	172.144	2	51.6693
RCHGF003156	123	11.1099	1	400.299
RCHGF003157	114	9.04545	0	0
RCHGF003158	966	703.759	8	50.5545
RCHGF003159	819	557.066	14	111.767
RCHGF003160	729	468.385	12	113.939
RCHGF003161	1071	808.759	10	54.9889
RCHGF003162	1047	784.759	7	39.6694
RCHGF003163	1665	1402.76	11	34.8741
RCHGF003164	1332	1069.76	3	12.4718
RCHGF003165	861	598.759	7	51.9924
RCHGF003166	1173	910.759	1	4.88304
RCHGF003167	732	471.385	0	0
RCHGF003168	525	270.144	1	16.4626
RCHGF003169	183	27.8166	0	0
RCHGF003170	111	9.59322	0	0
RCHGF003171	600	342.148	1	12.9981
RCHGF003172	834	572.066	2	15.5481
RCHGF003173	378	142.955	3	93.3289
RCHGF003174	1281	1018.76	1	4.36538
RCHGF003175	285	75.968	0	0
RCHGF003176	438	192.997	0	0
RCHGF003177	1971	1708.76	3	7.8079
RCHGF003178	126	11.8259	0	0
RCHGF003179	1158	895.759	30	148.944
RCHGF003180	126	11.8259	0	0
RCHGF003181	468	218.034	0	0
RCHGF003182	1041	778.759	1	5.71072
RCHGF003183	807	545.405	0	0
RCHGF003184	1968	1705.76	7	18.2505
RCHGF003185	813	551.066	1	8.07032
RCHGF003186	1056	793.759	2	11.2056
RCHGF003187	312	94.5724	0	0
RCHGF003188	459	210.604	1	21.1168
RCHGF003189	1200	937.759	9	42.682
RCHGF003190	1620	1357.76	42	137.569
RCHGF003191	1407	1144.76	1	3.8849
RCHGF003192	336	110.774	0	0
RCHGF003193	1254	991.759	7	31.3896
RCHGF003194	303	88.4875	0	0
RCHGF003195	1911	1648.76	11	29.6708
RCHGF003196	117	10.0455	0	0
RCHGF003197	867	604.759	8	58.8304
RCHGF003198	246	54.5444	0	0
RCHGF003199	324	102.2	3	130.547
RCHGF003200	234	48.7194	0	0
RCHGF003201	1041	778.759	6	34.2643
RCHGF003202	1896	1633.76	5	13.6106
RCHGF003203	624	365.353	0	0
RCHGF003204	972	709.759	1	6.26589
RCHGF003205	1011	748.759	0	0
RCHGF003206	936	673.759	1	6.60069
RCHGF003207	915	652.759	3	20.4391
RCHGF003208	645	385.984	1	11.5219
RCHGF003209	702	441.862	0	0
RCHGF003210	774	512.405	0	0
RCHGF003211	957	694.759	4	25.6047
RCHGF003212	876	613.759	3	21.7379
RCHGF003213	1191	928.759	6	28.7304
RCHGF003214	807	545.405	0	0
RCHGF003215	1407	1144.76	0	0
RCHGF003216	975	712.759	1	6.23952
RCHGF003217	528	273.144	0	0
RCHGF003218	645	385.984	10	115.219
RCHGF003220	480	228.791	34	660.898
RCHGF003221	843	580.811	110	842.27
RCHGF003222	1395	1132.76	2	7.85211
RCHGF003223	888	625.759	2	14.214
RCHGF003224	888	625.759	3	21.321
RCHGF003225	1302	1039.76	4	17.1089
RCHGF003226	936	673.759	1	6.60069
RCHGF003227	1635	1372.76	39	126.347
RCHGF003228	1581	1318.76	17	57.3294
RCHGF003229	186	29.0041	0	0
RCHGF003230	1374	1111.76	18	72.0038
RCHGF003231	777	515.405	2	17.2574
RCHGF003232	1875	1612.76	17	46.8784
RCHGF003233	792	530.405	0	0
RCHGF003234	1299	1036.76	5	21.448
RCHGF003235	288	77.762	0	0
RCHGF003236	1404	1141.76	4	15.5804
RCHGF003238	1713	1450.76	45	137.947
RCHGF003239	918	655.759	1	6.78187
RCHGF003240	1248	985.759	11	49.6267
RCHGF003241	936	673.759	11	72.6076
RCHGF003242	765	503.811	1	8.82726
RCHGF003243	2103	1840.76	24	57.984
RCHGF003244	1362	1099.76	24	97.0527
RCHGF003245	1425	1162.76	9	34.4228
RCHGF003246	423	180.057	2	49.3985
RCHGF003247	396	157.446	1	28.2464
RCHGF003248	480	228.791	3	58.3146
RCHGF003249	369	136.247	5	163.206
RCHGF003250	1305	1042.76	8	34.1193
RCHGF003252	114	9.04545	0	0
RCHGF003253	1560	1297.76	22	75.3915
RCHGF003254	138	15.531	0	0
RCHGF003255	540	284.365	4	62.5572
RCHGF003256	549	293.365	3	45.4785
RCHGF003257	792	530.405	2	16.7694
RCHGF003258	261	62.62	1	71.02
RCHGF003259	465	216.052	0	0
RCHGF003260	852	589.811	1	7.54016
RCHGF003261	909	646.759	2	13.7525
RCHGF003262	423	180.057	3	74.0978
RCHGF003263	159	20.1921	0	0
RCHGF003264	312	94.5724	1	47.025
RCHGF003265	132	13.8613	0	0
RCHGF003266	117	10.0455	0	0
RCHGF003267	231	47.3249	0	0
RCHGF003268	162	21.3549	1	208.255
RCHGF003269	603	345.056	10	128.886
RCHGF003270	942	679.759	3	19.6273
RCHGF003271	210	38.2373	1	116.307
RCHGF003272	876	613.759	5	36.2298
RCHGF003273	117	10.0455	0	0
RCHGF003274	1044	781.759	4	22.7552
RCHGF003275	1347	1084.76	9	36.898
RCHGF003276	1818	1555.76	8	22.8687
RCHGF003277	2646	2383.76	18	33.5818
RCHGF003278	906	643.759	3	20.7249
RCHGF003279	3267	3004.76	35	51.8027
RCHGF003280	900	637.759	12	83.6794
RCHGF003281	1128	865.759	12	61.6422
RCHGF003282	1614	1351.76	11	36.1899
RCHGF003283	219	42.3112	0	0
RCHGF003284	270	67.5569	0	0
RCHGF003285	612	353.993	4	50.2526
RCHGF003286	516	261.887	3	50.945
RCHGF003287	318	98.6228	13	586.219
RCHGF003288	621	362.353	16	196.373
RCHGF003289	171	23.5411	2	377.831
RCHGF003290	183	27.8166	1	159.879
RCHGF003291	1938	1675.76	7	18.5772
RCHGF003292	417	174.679	1	25.4597
RCHGF003293	327	104.308	0	0
RCHGF003294	2271	2008.76	2	4.42788
RCHGF003295	279	72.4175	2	122.823
RCHGF003296	1341	1078.76	2	8.24516
RCHGF003297	417	174.679	0	0
RCHGF003298	357	126.784	0	0
RCHGF003299	552	296.365	1	15.0061
RCHGF003300	1248	985.759	1	4.51152
RCHGF003301	684	423.939	3	31.4711
RCHGF003302	366	134.087	1	33.1671
RCHGF003303	240	51.5798	0	0
RCHGF003304	1599	1336.76	3	9.98072
RCHGF003305	327	104.308	2	85.2721
RCHGF003306	303	88.4875	14	703.622
RCHGF003307	1368	1105.76	6	24.1315
RCHGF003308	534	278.67	0	0
RCHGF003309	1182	919.759	3	14.5058
RCHGF003310	270	67.5569	1	65.83
RCHGF003311	381	145.252	0	0
RCHGF003312	285	75.968	0	0
RCHGF003313	570	313.758	0	0
RCHGF003314	372	138.467	1	32.118
RCHGF003315	162	21.3549	0	0
RCHGF003316	3150	2887.76	3	4.62013
RCHGF003317	648	388.984	2	22.8661
RCHGF003318	1719	1456.76	0	0
RCHGF003319	1893	1630.76	3	8.18136
RCHGF003320	411	169.717	0	0
RCHGF003321	951	688.759	1	6.45694
RCHGF003322	117	10.0455	0	0
RCHGF003323	219	42.3112	0	0
RCHGF003324	1563	1300.76	17	58.1227
RCHGF003325	414	172.144	3	77.504
RCHGF003326	1023	760.759	5	29.2292
RCHGF003327	237	50.2634	1	88.4793
RCHGF003328	1359	1096.76	2	8.10985
RCHGF003329	549	293.365	4	60.638
RCHGF003330	825	563.066	3	23.695
RCHGF003331	1332	1069.76	6	24.9436
RCHGF003332	594	336.3	14	185.138
RCHGF003333	1422	1159.76	14	53.6851
RCHGF003334	1419	1156.76	6	23.0676
RCHGF003335	303	88.4875	0	0
RCHGF003336	1122	859.759	3	15.5181
RCHGF003337	1995	1732.76	9	23.0993
RCHGF003338	2289	2026.76	4	8.77711
RCHGF003339	1581	1318.76	7	23.6062
RCHGF003340	816	554.066	1	8.02662
RCHGF003341	672	412.014	1	10.794
RCHGF003342	633	374.254	0	0
RCHGF003343	1008	745.759	1044	6225.81
RCHGF003344	1386	1123.76	13	51.4475
RCHGF003345	273	69.1859	0	0
RCHGF003346	468	218.034	0	0
RCHGF003347	489	236.744	1	18.7851
RCHGF003348	2022	1759.76	4	10.1088
RCHGF003349	1599	1336.76	10	33.2691
RCHGF003350	1233	970.759	1	4.58123
RCHGF003351	678	418.014	17	180.864
RCHGF003352	1155	892.759	17	84.6854
RCHGF003353	879	616.759	5	36.0536
RCHGF003354	480	228.791	15	291.573
RCHGF003355	1761	1498.76	58	172.104
RCHGF003356	2358	2095.76	35	74.2712
RCHGF003357	657	397.984	3	33.5235
RCHGF003359	855	592.759	1	7.50267
RCHGF003360	390	152.677	0	0
RCHGF003361	2511	2248.76	4	7.91063
RCHGF003362	540	284.365	0	0
RCHGF003363	1170	907.759	2	9.79836
RCHGF003364	1536	1273.76	9	31.4231
RCHGF003365	951	688.759	2	12.9139
RCHGF003366	4821	4558.76	34	33.1685
RCHGF003367	675	415.014	0	0
RCHGF003368	153	18.5283	1	240.026
RCHGF003369	660	400.664	1	11.0998
RCHGF003370	1083	820.759	3	16.2555
RCHGF003371	468	218.034	1	20.3971
RCHGF003372	168	22.6016	0	0
RCHGF003373	219	42.3112	1	105.109
RCHGF003374	309	92.8128	0	0
RCHGF003375	1419	1156.76	11	42.2906
RCHGF003376	300	86.4617	0	0
RCHGF003377	123	11.1099	0	0
RCHGF003378	495	242.462	12	220.106
RCHGF003379	474	223.081	16	318.971
RCHGF003380	138	15.531	2	572.698
RCHGF003381	642	382.984	4	46.4487
RCHGF003382	1008	745.759	12	71.561
RCHGF003383	447	200.615	0	0
RCHGF003384	912	649.759	1	6.8445
RCHGF003385	1050	787.759	5	28.2274
RCHGF003386	327	104.308	1	42.636
RCHGF003387	480	228.791	0	0
RCHGF003388	870	607.759	4	29.27
RCHGF003389	858	595.759	2	14.9298
RCHGF003390	1956	1693.76	8	21.0055
RCHGF003391	411	169.717	5	131.02
RCHGF003392	210	38.2373	3	348.922
RCHGF003393	771	509.811	6	52.3402
RCHGF003394	633	374.254	3	35.6491
RCHGF003395	468	218.034	0	0
RCHGF003396	924	661.759	174	1169.35
RCHGF003397	411	169.717	6	157.224
RCHGF003398	390	152.677	37	1077.76
RCHGF003399	1026	763.759	1	5.82287
RCHGF003400	330	106.505	0	0
RCHGF003401	984	721.759	3	18.4851
RCHGF003402	255	59.5339	1	74.7015
RCHGF003403	1029	766.759	7	40.6006
RCHGF003404	447	200.615	0	0
RCHGF003405	603	345.056	2	25.7771
RCHGF003406	450	203.331	0	0
RCHGF003407	1218	955.759	5	23.2657
RCHGF003408	1287	1024.76	7	30.3788
RCHGF003410	354	124.2	1	35.8072
RCHGF003411	2091	1828.76	7	17.023
RCHGF003412	420	177.227	0	0
RCHGF003413	618	359.707	0	0
RCHGF003414	594	336.3	0	0
RCHGF003415	204	35.8563	0	0
RCHGF003416	111	9.59322	0	0
RCHGF003417	204	35.8563	0	0
RCHGF003418	1377	1114.76	0	0
RCHGF003419	2160	1897.76	3	7.0303
RCHGF003420	375	140.834	0	0
RCHGF003421	471	220.631	0	0
RCHGF003422	564	308.067	2	28.8722
RCHGF003423	891	628.759	2	14.1462
RCHGF003424	2514	2251.76	2	3.95004
RCHGF003425	390	152.677	0	0
RCHGF003426	1791	1528.76	9	26.1817
RCHGF003427	705	444.705	0	0
RCHGF003428	153	18.5283	2	480.052
RCHGF003429	840	577.811	1	7.69676
RCHGF003430	831	569.066	4	31.2602
RCHGF003431	4428	4165.76	13	13.8785
RCHGF003432	966	703.759	171	1080.6
RCHGF003433	969	706.759	72	453.059
RCHGF003434	444	197.895	32	719.134
RCHGF003435	5241	4978.76	12	10.719
RCHGF003436	801	539.405	2	16.4896
RCHGF003437	2145	1882.76	0	0
RCHGF003438	615	356.771	0	0
RCHGF003439	258	61.3491	0	0
RCHGF003440	756	495.122	2	17.9643
RCHGF003441	798	536.405	3	24.8727
RCHGF003442	744	483.385	21	193.206
RCHGF003443	345	117.123	0	0
RCHGF003444	1080	817.759	1	5.43837
RCHGF003445	570	313.758	0	0
RCHGF003446	135	14.8799	0	0
RCHGF003447	228	46.0091	0	0
RCHGF003448	840	577.811	4	30.787
RCHGF003449	1185	922.759	1	4.81954
RCHGF003450	1716	1453.76	1	3.05915
RCHGF003451	453	205.625	0	0
RCHGF003452	414	172.144	1	25.8347
RCHGF003453	117	10.0455	0	0
RCHGF003454	912	649.759	1	6.8445
RCHGF003455	843	580.811	6	45.942
RCHGF003456	1128	865.759	0	0
RCHGF003457	120	10.2585	0	0
RCHGF003458	834	572.066	4	31.0962
RCHGF003459	1542	1279.76	1	3.47509
RCHGF003460	396	157.446	0	0
RCHGF003461	645	385.984	0	0
RCHGF003462	606	348.056	0	0
RCHGF003463	276	70.8419	0	0
RCHGF003464	282	74.2062	0	0
RCHGF003465	120	10.2585	0	0
RCHGF003467	126	11.8259	0	0
RCHGF003468	1413	1150.76	13	50.2404
RCHGF003469	465	216.052	0	0
RCHGF003470	1569	1306.76	54	183.777
RCHGF003471	1131	868.759	39	199.645
RCHGF003472	699	438.862	6	60.8018
RCHGF003473	213	39.7239	1	111.955
RCHGF003474	333	108.521	5	204.904
RCHGF003475	1446	1183.76	15	56.3536
RCHGF003476	882	619.759	0	0
RCHGF003477	588	331.045	5	67.1702
RCHGF003478	519	264.649	8	134.435
RCHGF003479	615	356.771	0	0
RCHGF003480	906	643.759	8	55.2663
RCHGF003481	1167	904.759	9	44.2388
RCHGF003482	861	598.759	1	7.42748
RCHGF003483	1215	952.759	2	9.33557
RCHGF003484	1038	775.759	3	17.1984
RCHGF003485	1392	1129.76	11	43.3013
RCHGF003486	1221	958.759	7	32.47
RCHGF003488	1176	913.759	15	73.0051
RCHGF003489	255	59.5339	0	0
RCHGF003490	660	400.664	0	0
RCHGF003491	756	495.122	6	53.893
RCHGF003492	177	25.5457	0	0
RCHGF003493	480	228.791	2	38.8764
RCHGF003494	579	322.161	0	0
RCHGF003495	1218	955.759	4	18.6125
RCHGF003496	1182	919.759	8	38.6821
RCHGF003497	1092	829.759	19	101.835
RCHGF003498	1059	796.759	13	72.5622
RCHGF003499	114	9.04545	31	15241.4
RCHGF003500	1545	1282.76	119	412.568
RCHGF003501	777	515.405	28	241.604
RCHGF003502	837	575.015	215	1662.85
RCHGF003503	1026	763.759	144	838.494
RCHGF003504	786	524.405	109	924.387
RCHGF003505	1137	874.759	75	381.3
RCHGF003506	1206	943.759	23	108.383
RCHGF003507	1203	940.759	252	1191.29
RCHGF003508	2112	1849.76	31	74.5316
RCHGF003509	243	52.9904	4	335.704
RCHGF003510	1134	871.759	7	35.7105
RCHGF003511	153	18.5283	2	480.052
RCHGF003512	951	688.759	43	277.648
RCHGF003513	1263	1000.76	9	39.9951
RCHGF003514	948	685.759	10	64.8518
RCHGF003515	675	415.014	8	85.7277
RCHGF003516	339	112.942	20	787.533
RCHGF003517	1704	1441.76	152	468.862
RCHGF003518	1062	799.759	10	55.6077
RCHGF003519	420	177.227	0	0
RCHGF003520	399	159.782	0	0
RCHGF003521	459	210.604	0	0
RCHGF003522	312	94.5724	0	0
RCHGF003523	1029	766.759	4	23.2004
RCHGF003524	915	652.759	6	40.8782
RCHGF003525	153	18.5283	0	0
RCHGF003526	678	418.014	7	74.4734
RCHGF003527	165	22.0434	2	403.502
RCHGF003528	117	10.0455	0	0
RCHGF003529	132	13.8613	3	962.524
RCHGF003530	792	530.405	5	41.9234
RCHGF003531	921	658.759	8	54.0079
RCHGF003532	1053	790.759	6	33.7443
RCHGF003533	1053	790.759	5	28.1203
RCHGF003534	1272	1009.76	4	17.6172
RCHGF003535	870	607.759	0	0
RCHGF003536	969	706.759	4	25.17
RCHGF003537	348	119.412	9	335.187
RCHGF003538	672	412.014	6	64.764
RCHGF003539	885	622.759	546	3899.12
RCHGF003540	738	477.385	2	18.6318
RCHGF003541	2253	1990.76	21	46.9131
RCHGF003542	819	557.066	16	127.734
RCHGF003543	756	495.122	1	8.98217
RCHGF003544	1215	952.759	0	0
RCHGF003545	1188	925.759	2	9.60784
RCHGF003546	750	489.385	0	0
RCHGF003547	765	503.811	1	8.82726
RCHGF003548	1005	742.759	0	0
RCHGF003549	747	486.385	1	9.14353
RCHGF003550	3216	2953.76	50	75.2816
RCHGF003551	1074	811.759	13	71.2213
RCHGF003552	636	377.254	22	259.348
RCHGF003553	699	438.862	19	192.539
RCHGF003554	906	643.759	10	69.0829
RCHGF003555	744	483.385	0	0
RCHGF003556	3213	2950.76	71	107.009
RCHGF003557	1077	814.759	18	98.251
RCHGF003558	1290	1027.76	17	73.5616
RCHGF003559	885	622.759	5	35.7062
RCHGF003561	381	145.252	8	244.941
RCHGF003562	426	182.539	1	24.3634
RCHGF003563	960	697.759	2	12.7473
RCHGF003564	1230	967.759	8	36.7635
RCHGF003565	819	557.066	1	7.98339
RCHGF003566	771	509.811	2	17.4467
RCHGF003567	471	220.631	2	40.3142
RCHGF003568	735	474.385	1	9.37482
RCHGF003569	414	172.144	0	0
RCHGF003570	720	459.385	4	38.7237
RCHGF003571	852	589.811	15	113.102
RCHGF003572	897	634.759	25	175.156
RCHGF003573	543	287.365	3	46.4281
RCHGF003574	738	477.385	2	18.6318
RCHGF003575	396	157.446	7	197.725
RCHGF003576	777	515.405	2	17.2574
RCHGF003577	723	462.385	2	19.2362
RCHGF003578	654	394.984	1	11.2594
RCHGF003580	507	253.375	12	210.626
RCHGF003581	615	356.771	2	24.9307
RCHGF003582	852	589.811	6	45.241
RCHGF003583	1614	1351.76	13	42.7699
RCHGF003584	393	155.042	21	602.371
RCHGF003585	912	649.759	3	20.5335
RCHGF003586	816	554.066	3	24.0799
RCHGF003587	978	715.759	8	49.7069
RCHGF003588	297	84.0948	443	23427.6
RCHGF003589	168	22.6016	141	27744.3
RCHGF003590	2145	1882.76	1703	4022.66
RCHGF003591	216	41.019	7	758.939
RCHGF003592	210	38.2373	13	1511.99
RCHGF003593	417	174.679	54	1374.82
RCHGF003594	546	290.365	93	1424.4
RCHGF003595	162	21.3549	0	0
RCHGF003596	342	114.908	77	2980.13
RCHGF003597	411	169.717	89	2332.16
RCHGF003598	177	25.5457	2	348.181
RCHGF003599	1296	1033.76	30	129.061
RCHGF003600	816	554.066	5	40.1331
RCHGF003601	3666	3403.76	10	13.0658
RCHGF003602	1287	1024.76	7	30.3788
RCHGF003603	228	46.0091	0	0
RCHGF003604	3075	2812.76	23	36.3655
RCHGF003605	702	441.862	1	10.0648
RCHGF003606	225	44.7535	0	0
RCHGF003607	543	287.365	0	0
RCHGF003608	234	48.7194	0	0
RCHGF003609	357	126.784	2	70.1552
RCHGF003610	222	43.4027	0	0
RCHGF003611	897	634.759	9	63.0561
RCHGF003612	879	616.759	3	21.6321
RCHGF003613	1164	901.759	10	49.3178
RCHGF003614	159	20.1921	3	660.744
RCHGF003615	483	231.748	9	172.711
RCHGF003616	1629	1366.76	23	74.8393
RCHGF003617	357	126.784	9	315.699
RCHGF003618	777	515.405	1	8.6287
RCHGF003619	900	637.759	2	13.9466
RCHGF003620	1071	808.759	8	43.9911
RCHGF003621	1080	817.759	4	21.7535
RCHGF003622	714	453.385	8	78.4724
RCHGF003623	798	536.405	13	107.782
RCHGF003624	267	65.7619	6	405.762
RCHGF003625	651	391.984	8	90.7644
RCHGF003626	723	462.385	7	67.3268
RCHGF003627	1644	1381.76	92	296.107
RCHGF003628	558	302.204	70	1030.13
RCHGF003629	132	13.8613	4	1283.36
RCHGF003630	1863	1600.76	139	386.174
RCHGF003631	2271	2008.76	145	321.021
RCHGF003632	462	213.251	8	166.837
RCHGF003633	1263	1000.76	11	48.8829
RCHGF003634	741	480.385	76	703.587
RCHGF003635	600	342.148	7	90.9867
RCHGF003636	774	512.405	11	95.4714
RCHGF003637	669	409.378	17	184.679
RCHGF003638	1008	745.759	11	65.5976
RCHGF003639	201	34.6415	0	0
RCHGF003640	1191	928.759	17	81.4029
RCHGF003641	1560	1297.76	161	551.729
RCHGF003642	708	447.705	45	447.007
RCHGF003643	711	450.465	15	148.089
RCHGF003644	336	110.774	22	883.241
RCHGF003645	144	16.4854	1	269.77
RCHGF003646	537	281.543	3	47.3882
RCHGF003647	882	619.759	13	93.2855
RCHGF003648	153	18.5283	0	0
RCHGF003649	960	697.759	8.75	55.7695
RCHGF003650	702	441.862	58	583.761
RCHGF003651	510	256.191	5	86.7961
RCHGF003652	201	34.6415	4	513.52
RCHGF003653	180	26.6879	37	6165.67
RCHGF003654	2013	1750.76	238	604.567
RCHGF003655	234	48.7194	2	182.567
RCHGF003656	1608	1345.76	16	52.8745
RCHGF003657	594	336.3	19	251.259
RCHGF003658	834	572.066	5	38.8703
RCHGF003659	246	54.5444	0	0
RCHGF003660	747	486.385	0	0
RCHGF003661	774	512.405	9	78.113
RCHGF003662	327	104.308	1	42.636
RCHGF003663	147	16.6825	0	0
RCHGF003664	960	697.759	6.25	39.8353
RCHGF003665	2556	2293.76	194	376.138
RCHGF003666	171	23.5411	0	0
RCHGF003667	639	379.984	1	11.7039
RCHGF003668	612	353.993	1	12.5632
RCHGF003669	1362	1099.76	24	97.0527
RCHGF003670	270	67.5569	1	65.83
RCHGF003671	570	313.758	9	127.568
RCHGF003672	567	311.067	4	57.1874
RCHGF003673	894	631.759	3	21.1185
RCHGF003674	231	47.3249	1	93.9732
RCHGF003676	843	580.811	8	61.256
RCHGF003677	300	86.4617	0	0
RCHGF003678	1596	1333.76	53	176.723
RCHGF003679	723	462.385	22	211.599
RCHGF003680	3024	2761.76	113	181.964
RCHGF003681	1128	865.759	20	102.737
RCHGF003682	765	503.811	112	988.653
RCHGF003683	834	572.066	4	31.0962
RCHGF003684	678	418.014	6	63.8344
RCHGF003685	1032	769.759	4	23.1099
RCHGF003687	462	213.251	0	0
RCHGF003688	687	426.939	4	41.6666
RCHGF003689	885	622.759	12	85.6949
RCHGF003690	1038	775.759	17	97.4576
RCHGF003691	360	129.029	1	34.4672
RCHGF003692	663	403.378	18	198.452
RCHGF003693	1479	1216.76	42	153.511
RCHGF003694	624	365.353	6	73.0352
RCHGF003695	495	242.462	2	36.6843
RCHGF003696	777	515.405	2	17.2574
RCHGF003697	471	220.631	3	60.4713
RCHGF003698	2109	1846.76	21	50.5712
RCHGF003699	225	44.7535	0	0
RCHGF003700	1329	1066.76	258	1075.59
RCHGF003701	267	65.7619	0	0
RCHGF003702	627	368.353	18	217.321
RCHGF003703	138	15.531	0	0
RCHGF003704	1662	1399.76	15	47.6576
RCHGF003705	117	10.0455	0	0
RCHGF003706	249	56.1796	1	79.1617
RCHGF003707	318	98.6228	0	0
RCHGF003708	297	84.0948	0	0
RCHGF003709	498	245.373	0	0
RCHGF003710	861	598.759	13	96.5573
RCHGF003711	954	691.759	4	25.7157
RCHGF003712	270	67.5569	0	0
RCHGF003713	624	365.353	3	36.5176
RCHGF003714	1026	763.759	1	5.82287
RCHGF003715	1632	1369.76	4	12.987
RCHGF003716	393	155.042	2	57.3687
RCHGF003717	768	506.811	1	8.77501
RCHGF003718	1014	751.759	5	29.5791
RCHGF003719	198	33.6584	2	264.259
RCHGF003720	495	242.462	7	128.395
RCHGF003721	255	59.5339	0	0
RCHGF003722	213	39.7239	0	0
RCHGF003723	369	136.247	1	32.6412
RCHGF003724	408	167.236	0	0
RCHGF003725	306	90.576	2	98.1998
RCHGF003726	168	22.6016	0	0
RCHGF003727	579	322.161	4	55.218
RCHGF003728	657	397.984	5	55.8726
RCHGF003729	516	261.887	1	16.9817
RCHGF003730	1500	1237.76	23	82.6391
RCHGF003731	1290	1027.76	23	99.5246
RCHGF003732	1128	865.759	5	25.6842
RCHGF003733	177	25.5457	0	0
RCHGF003734	303	88.4875	1	50.2587
RCHGF003735	759	498.122	1	8.92808
RCHGF003736	177	25.5457	0	0
RCHGF003737	546	290.365	0	0
RCHGF003738	1065	802.759	9	49.8599
RCHGF003739	114	9.04545	0	0
RCHGF003740	894	631.759	2	14.079
RCHGF003741	2622	2359.76	20	37.6926
RCHGF003742	567	311.067	6	85.7811
RCHGF003744	717	456.385	11	107.19
RCHGF003745	624	365.353	4	48.6901
RCHGF003746	579	322.161	3	41.4135
RCHGF003747	288	77.762	1	57.1908
RCHGF003748	282	74.2062	2	119.863
RCHGF003749	117	10.0455	0	0
RCHGF003750	270	67.5569	2	131.66
RCHGF003751	174	24.6289	0	0
RCHGF003752	288	77.762	2	114.382
RCHGF003753	588	331.045	23	308.983
RCHGF003754	2322	2059.76	13	28.0686
RCHGF003755	1275	1012.76	15	65.8687
RCHGF003756	720	459.385	3	29.0428
RCHGF003757	129	12.5756	1	353.642
RCHGF003758	1581	1318.76	1	3.37232
RCHGF003759	114	9.04545	0	0
RCHGF003760	1590	1327.76	11	36.844
RCHGF003761	1689	1426.76	3	9.35114
RCHGF003762	675	415.014	2	21.4319
RCHGF003763	237	50.2634	3	265.438
RCHGF003764	534	278.67	591	9431.73
RCHGF003765	417	174.679	4	101.839
RCHGF003766	4101	3838.76	14	16.2193
RCHGF003767	147	16.6825	0	0
RCHGF003768	927	664.759	37	247.532
RCHGF003769	972	709.759	303	1898.57
RCHGF003770	1851	1588.76	1004	2810.41
RCHGF003771	1155	892.759	125	622.687
RCHGF003772	699	438.862	30	304.009
RCHGF003773	351	121.869	4	145.97
RCHGF003774	1881	1618.76	31	85.1674
RCHGF003775	918	655.759	12	81.3825
RCHGF003776	153	18.5283	0	0
RCHGF003777	849	586.811	10	75.7871
RCHGF003778	1461	1198.76	5	18.5495
RCHGF003779	939	676.759	1	6.57143
RCHGF003780	357	126.784	0	0
RCHGF003781	618	359.707	15	185.454
RCHGF003782	1251	988.759	0	0
RCHGF003783	174	24.6289	0	0
RCHGF003784	774	512.405	7	60.7546
RCHGF003785	159	20.1921	0	0
RCHGF003786	435	190.341	0	0
RCHGF003787	129	12.5756	0	0
RCHGF003788	1065	802.759	21	116.34
RCHGF003789	120	10.2585	0	0
RCHGF003790	573	316.419	6	84.3301
RCHGF003791	2055	1792.76	14	34.7296
RCHGF003792	1716	1453.76	8	24.4732
RCHGF003793	681	420.939	4	42.2605
RCHGF003794	1545	1282.76	4	13.8678
RCHGF003795	1500	1237.76	2	7.18601
RCHGF003796	669	409.378	5	54.3175
RCHGF003797	447	200.615	0	0
RCHGF003798	1107	844.759	60	315.873
RCHGF003799	132	13.8613	0	0
RCHGF003800	219	42.3112	2	210.217
RCHGF003801	411	169.717	0	0
RCHGF003802	360	129.029	1	34.4672
RCHGF003803	1905	1642.76	24	64.9727
RCHGF003804	639	379.984	5	58.5193
RCHGF003805	123	11.1099	0	0
RCHGF003806	828	566.066	4	31.4259
RCHGF003807	111	9.59322	0	0
RCHGF003808	804	542.405	9	73.7926
RCHGF003809	486	234.238	6	113.917
RCHGF003810	750	489.385	26	236.274
RCHGF003811	843	580.811	7	53.599
RCHGF003812	498	245.373	3	54.3737
RCHGF003813	846	583.811	3	22.853
RCHGF003814	645	385.984	4	46.0877
RCHGF003815	1338	1075.76	2	8.26816
RCHGF003816	459	210.604	0	0
RCHGF003817	489	236.744	0	0
RCHGF003818	900	637.759	4	27.8931
RCHGF003819	504	250.946	4	70.8881
RCHGF003820	117	10.0455	0	0
RCHGF003821	450	203.331	3	65.6161
RCHGF003822	876	613.759	1	7.24596
RCHGF003823	207	36.8344	0	0
RCHGF003824	246	54.5444	0	0
RCHGF003825	333	108.521	0	0
RCHGF003826	114	9.04545	0	0
RCHGF003827	1269	1006.76	4	17.6697
RCHGF003828	432	187.591	0	0
RCHGF003829	489	236.744	1	18.7851
RCHGF003830	1824	1561.76	36	102.514
RCHGF003832	129	12.5756	0	0
RCHGF003833	858	595.759	12	89.5786
RCHGF003834	426	182.539	5	121.817
RCHGF003835	315	96.5208	0	0
RCHGF003836	579	322.161	2	27.609
RCHGF003837	1113	850.759	21	109.776
RCHGF003838	1935	1672.76	9	23.9278
RCHGF003839	2262	1999.76	15	33.3586
RCHGF003840	120	10.2585	0	0
RCHGF003841	423	180.057	2	49.3985
RCHGF003842	1518	1255.76	11	38.9565
RCHGF003843	129	12.5756	0	0
RCHGF003844	618	359.707	2	24.7272
RCHGF003845	471	220.631	1	20.1571
RCHGF003846	129	12.5756	0	0
RCHGF003847	447	200.615	7	155.177
RCHGF003848	462	213.251	2	41.7093
RCHGF003849	1941	1678.76	3	7.94743
RCHGF003850	2631	2368.76	36	67.5889
RCHGF003851	138	15.531	0	0
RCHGF003852	906	643.759	5	34.5414
RCHGF003853	177	25.5457	0	0
RCHGF003854	846	583.811	6	45.7059
RCHGF003855	1272	1009.76	42	184.98
RCHGF003856	351	121.869	2	72.9848
RCHGF003857	453	205.625	62	1340.94
RCHGF003858	228	46.0091	1	96.6608
RCHGF003859	1068	805.759	13	71.7517
RCHGF003860	558	302.204	27	397.335
RCHGF003861	291	79.8309	0	0
RCHGF003862	915	652.759	1	6.81304
RCHGF003863	177	25.5457	0	0
RCHGF003864	291	79.8309	0	0
RCHGF003865	300	86.4617	0	0
RCHGF003866	252	57.4648	0	0
RCHGF003867	4215	3952.76	10	11.2511
RCHGF003868	522	267.386	1	16.6324
RCHGF003869	996	733.759	1	6.06095
RCHGF003870	564	308.067	0	0
RCHGF003871	330	106.505	1	41.7565
RCHGF003872	1326	1063.76	1	4.18071
RCHGF003873	1032	769.759	17	98.2173
RCHGF003874	162	21.3549	0	0
RCHGF003875	681	420.939	15	158.477
RCHGF003876	2007	1744.76	6	15.2936
RCHGF003877	648	388.984	1	11.4331
RCHGF003878	978	715.759	6	37.2802
RCHGF003879	861	598.759	12	89.1298
RCHGF003880	318	98.6228	4	180.375
RCHGF003881	1332	1069.76	2	8.31453
RCHGF003882	2571	2308.76	9	17.3364
RCHGF003883	117	10.0455	4	1770.86
RCHGF003884	1095	832.759	98	523.36
RCHGF003885	1254	991.759	22	98.653
RCHGF003886	1419	1156.76	55	211.453
RCHGF003887	1797	1534.76	35	101.42
RCHGF003888	98	11.7	0	0
RCHGF003891	2625	2362.76	21	39.527
RCHGF003892	255	59.5339	11	821.717
RCHGF003893	411	169.717	2	52.408
RCHGF003894	258	61.3491	1	72.4912
RCHGF003895	1056	793.759	24	134.467
RCHGF003896	630	371.32	19	227.562
RCHGF003897	477	226.02	81	1593.8
RCHGF003898	462	213.251	2	41.7093
RCHGF003899	1965	1702.76	11	28.7298
RCHGF003900	957	694.759	11	70.4129
RCHGF003901	1200	937.759	7	33.1971
RCHGF003902	498	245.373	10	181.246
RCHGF003903	297	84.0948	9	475.956
RCHGF003904	651	391.984	55	624.006
RCHGF003905	2928	2665.76	5	8.34148
RCHGF003906	969	706.759	3	18.8775
RCHGF003907	312	94.5724	0	0
RCHGF003908	1191	928.759	5	23.942
RCHGF003909	948	685.759	39	252.922
RCHGF003910	2499	2236.76	19	37.7771
RCHGF003911	1692	1429.76	7	21.7735
RCHGF003912	1398	1135.76	20	78.3137
RCHGF003913	3078	2815.76	17	26.8502
RCHGF003914	486	234.238	0	0
RCHGF003915	132	13.8613	1	320.841
RCHGF003917	309	92.8128	2	95.8332
RCHGF003918	312	94.5724	4	188.1
RCHGF003919	282	74.2062	3	179.794
RCHGF003920	1287	1024.76	14	60.7575
RCHGF003921	426	182.539	3	73.0901
RCHGF003922	1071	808.759	4	21.9955
RCHGF003923	750	489.385	0	0
RCHGF003924	567	311.067	0	0
RCHGF003925	762	501.122	10	88.7463
RCHGF003926	582	325.045	0	0
RCHGF003927	636	377.254	0	0
RCHGF003928	1011	748.759	7	41.5767
RCHGF003929	351	121.869	1	36.4924
RCHGF003930	660	400.664	0	0
RCHGF003931	1302	1039.76	4	17.1089
RCHGF003932	288	77.762	0	0
RCHGF003933	2289	2026.76	27	59.2455
RCHGF003934	1605	1342.76	6	19.8722
RCHGF003935	513	258.887	3	51.5353
RCHGF003936	2199	1936.76	16	36.7399
RCHGF003937	498	245.373	0	0
RCHGF003938	120	10.2585	1	433.521
RCHGF003939	426	182.539	0	0
RCHGF003940	123	11.1099	2	800.597
RCHGF003941	117	10.0455	0	0
RCHGF003942	471	220.631	0	0
RCHGF003943	789	527.405	3	25.2971
RCHGF003944	489	236.744	1	18.7851
RCHGF003945	576	319.419	5	69.615
RCHGF003946	1104	841.759	10	52.8331
RCHGF003947	936	673.759	71	468.649
RCHGF003948	507	253.375	176	3089.18
RCHGF003949	465	216.052	0	0
RCHGF003950	1698	1435.76	13	40.2676
RCHGF003951	255	59.5339	1	74.7015
RCHGF003952	291	79.8309	2	111.417
RCHGF003953	1863	1600.76	33	91.6815
RCHGF003954	336	110.774	8	321.179
RCHGF003955	153	18.5283	2	480.052
RCHGF003956	630	371.32	2	23.9539
RCHGF003957	1074	811.759	7	38.3499
RCHGF003958	930	667.759	4	26.64
RCHGF003959	1125	862.759	0	0
RCHGF003960	1200	937.759	6	28.4547
RCHGF003961	2361	2098.76	166	351.754
RCHGF003962	1551	1288.76	10	34.5082
RCHGF003963	936	673.759	26	171.618
RCHGF003964	150	17.5247	294	74608.8
RCHGF003965	273	69.1859	4	257.12
RCHGF003966	450	203.331	1	21.872
RCHGF003967	417	174.679	6	152.758
RCHGF003968	669	409.378	8	86.908
RCHGF003969	858	595.759	3	22.3947
RCHGF003970	609	350.993	21	266.081
RCHGF003971	1929	1666.76	10	26.6822
RCHGF003972	2493	2230.76	8	15.9489
RCHGF003973	1257	994.759	6	26.8242
RCHGF003974	1788	1525.76	69	201.121
RCHGF003975	2178	1915.76	93	215.892
RCHGF003976	417	174.679	1	25.4597
RCHGF003977	513	258.887	4	68.7138
RCHGF003978	522	267.386	4	66.5296
RCHGF003979	708	447.705	1	9.9335
RCHGF003980	441	195.595	0	0
RCHGF003981	996	733.759	3	18.1828
RCHGF003982	351	121.869	2	72.9848
RCHGF003983	1374	1111.76	11	44.0023
RCHGF003984	138	15.531	3	859.047
RCHGF003985	279	72.4175	39	2395.05
RCHGF003986	735	474.385	1	9.37482
RCHGF003987	546	290.365	0	0
RCHGF003988	981	718.759	16	98.9989
RCHGF003989	570	313.758	10	141.742
RCHGF003990	510	256.191	1	17.3592
RCHGF003991	327	104.308	0	0
RCHGF003992	735	474.385	3	28.1245
RCHGF003993	756	495.122	3	26.9465
RCHGF003994	783	521.405	4	34.1176
RCHGF003995	1323	1060.76	7	29.3478
RCHGF003996	1458	1195.76	9	33.4728
RCHGF003997	894	631.759	6	42.2371
RCHGF003998	795	533.405	27	225.113
RCHGF003999	198	33.6584	0	0
RCHGF004000	924	661.759	7	47.0427
RCHGF004001	984	721.759	12	73.9406
RCHGF004002	678	418.014	9	95.7515
RCHGF004003	1218	955.759	13	60.4907
RCHGF004004	378	142.955	1	31.1096
RCHGF004005	486	234.238	1	18.9861
RCHGF004006	288	77.762	4	228.763
RCHGF004007	594	336.3	19	251.259
RCHGF004008	948	685.759	12	77.8222
RCHGF004009	939	676.759	1	6.57143
RCHGF004010	1245	982.759	7	31.6771
RCHGF004011	759	498.122	1	8.92808
RCHGF004012	636	377.254	0	0
RCHGF004013	1686	1423.76	12	37.4834
RCHGF004014	465	216.052	6	123.506
RCHGF004015	360	129.029	1	34.4672
RCHGF004016	408	167.236	0	0
RCHGF004017	897	634.759	1	7.00624
RCHGF004018	738	477.385	2	18.6318
RCHGF004019	312	94.5724	0	0
RCHGF004020	1380	1117.76	7	27.8512
RCHGF004021	1764	1501.76	36	106.61
RCHGF004022	1194	931.759	20	95.4597
RCHGF004023	660	400.664	19	210.896
RCHGF004024	510	256.191	5	86.7961
RCHGF004025	909	646.759	14	96.2674
RCHGF004027	147	16.6825	1	266.582
RCHGF004028	879	616.759	5	36.0536
RCHGF004029	528	273.144	7	113.973
RCHGF004030	1062	799.759	32	177.945
RCHGF004031	2070	1807.76	15	36.9015
RCHGF004032	609	350.993	12	152.046
RCHGF004033	462	213.251	2	41.7093
RCHGF004034	993	730.759	0	0
RCHGF004035	951	688.759	0	0
RCHGF004036	297	84.0948	0	0
RCHGF004037	351	121.869	0	0
RCHGF004038	162	21.3549	0	0
RCHGF004039	417	174.679	0	0
RCHGF004040	435	190.341	0	0
RCHGF004041	327	104.308	0	0
RCHGF004042	561	305.204	4	58.2859
RCHGF004043	972	709.759	7	43.8612
RCHGF004044	654	394.984	14	157.631
RCHGF004045	1308	1045.76	19	80.8008
RCHGF004046	999	736.759	19	114.689
RCHGF004047	1590	1327.76	5	16.7473
RCHGF004048	180	26.6879	0	0
RCHGF004049	1476	1213.76	4	14.6562
RCHGF004050	282	74.2062	143	8570.18
RCHGF004051	702	441.862	12	120.778
RCHGF004052	1200	937.759	9	42.682
RCHGF004053	303	88.4875	2	100.517
RCHGF004054	399	159.782	0	0
RCHGF004055	438	192.997	0	0
RCHGF004056	357	126.784	1	35.0776
RCHGF004057	339	112.942	0	0
RCHGF004058	738	477.385	7	65.2113
RCHGF004059	1332	1069.76	9	37.4154
RCHGF004060	705	444.705	18	180.009
RCHGF004061	1428	1165.76	38	144.967
RCHGF004062	1599	1336.76	43	143.057
RCHGF004063	570	313.758	15	212.613
RCHGF004064	1254	991.759	30	134.527
RCHGF004065	1299	1036.76	32	137.267
RCHGF004066	834	572.066	8	62.1925
RCHGF004067	921	658.759	29	195.779
RCHGF004068	660	400.664	20	221.995
RCHGF004069	621	362.353	2	24.5466
RCHGF004070	1179	916.759	8	38.8087
RCHGF004071	831	569.066	5	39.0752
RCHGF004072	999	736.759	27	162.979
RCHGF004073	1659	1396.76	35	111.44
RCHGF004074	777	515.405	3	25.8861
RCHGF004075	1875	1612.76	27	74.454
RCHGF004076	840	577.811	8	61.5741
RCHGF004077	210	38.2373	0	0
RCHGF004078	1326	1063.76	34	142.144
RCHGF004079	375	140.834	7	221.047
RCHGF004080	900	637.759	12	83.6794
RCHGF004081	327	104.308	147	6267.5
RCHGF004082	555	299.285	2	29.7193
RCHGF004083	1374	1111.76	16	64.0034
RCHGF004084	942	679.759	10	65.4243
RCHGF004085	828	566.066	4	31.4259
RCHGF004086	951	688.759	9	58.1124
RCHGF004087	576	319.419	8	111.384
RCHGF004088	114	9.04545	0	0
RCHGF004089	792	530.405	1	8.38468
RCHGF004090	930	667.759	0	0
RCHGF004091	921	658.759	5	33.7549
RCHGF004092	900	637.759	2	13.9466
RCHGF004093	438	192.997	6	138.259
RCHGF004094	426	182.539	5	121.817
RCHGF004095	150	17.5247	0	0
RCHGF004096	1743	1480.76	34	102.115
RCHGF004097	1335	1072.76	13	53.8933
RCHGF004099	735	474.385	32	299.994
RCHGF004101	642	382.984	1	11.6122
RCHGF004102	201	34.6415	0	0
RCHGF004103	177	25.5457	0	0
RCHGF004104	1191	928.759	19	90.9797
RCHGF004105	123	11.1099	3	1200.9
RCHGF004106	1626	1363.76	7	22.8273
RCHGF004107	822	560.066	1	7.94063
RCHGF004108	831	569.066	1	7.81505
RCHGF004109	4233	3970.76	22	24.6401
RCHGF004110	450	203.331	0	0
RCHGF004111	171	23.5411	0	0
RCHGF004112	132	13.8613	2	641.682
RCHGF004113	489	236.744	2	37.5703
RCHGF004114	879	616.759	2	14.4214
RCHGF004115	2790	2527.76	11	19.3531
RCHGF004116	132	13.8613	0	0
RCHGF004117	432	187.591	0	0
RCHGF004118	492	239.572	0	0
RCHGF004119	774	512.405	1	8.67922
RCHGF004120	816	554.066	9	72.2396
RCHGF004121	1680	1417.76	29	90.9682
RCHGF004122	795	533.405	1	8.33752
RCHGF004123	636	377.254	0	0
RCHGF004125	1497	1234.76	102	367.377
RCHGF004126	1089	826.759	20	107.583
RCHGF004127	300	86.4617	0	0
RCHGF004128	666	406.378	3	32.8311
RCHGF004129	810	548.163	0	0
RCHGF004130	1371	1108.76	7	28.0773
RCHGF004131	1440	1177.76	0	0
RCHGF004132	1437	1174.76	0	0
RCHGF004133	1383	1120.76	4	15.8724
RCHGF004134	837	575.015	0	0
RCHGF004135	438	192.997	2	46.0865
RCHGF004136	123	11.1099	0	0
RCHGF004137	915	652.759	0	0
RCHGF004138	885	622.759	4	28.565
RCHGF004139	1014	751.759	3	17.7475
RCHGF004140	1158	895.759	18	89.3666
RCHGF004141	306	90.576	1	49.0999
RCHGF004142	237	50.2634	0	0
RCHGF004143	642	382.984	0	0
RCHGF004144	807	545.405	2	16.3082
RCHGF004145	762	501.122	1	8.87463
RCHGF004146	462	213.251	1	20.8547
RCHGF004147	417	174.679	0	0
RCHGF004148	2715	2452.76	2	3.62634
RCHGF004149	966	703.759	3	18.9579
RCHGF004150	804	542.405	2	16.3984
RCHGF004151	1179	916.759	1	4.85108
RCHGF004152	861	598.759	2	14.855
RCHGF004153	123	11.1099	0	0
RCHGF004154	147	16.6825	0	0
RCHGF004155	183	27.8166	2	319.757
RCHGF004156	636	377.254	0	0
RCHGF004157	945	682.759	0	0
RCHGF004158	780	518.405	1	8.57877
RCHGF004159	999	736.759	7	42.2539
RCHGF004160	687	426.939	4	41.6666
RCHGF004161	657	397.984	15	167.618
RCHGF004162	1809	1546.76	5	14.3761
RCHGF004163	1176	913.759	3	14.601
RCHGF004164	1455	1192.76	6	22.3714
RCHGF004165	636	377.254	8	94.3084
RCHGF004166	258	61.3491	1	72.4912
RCHGF004167	345	117.123	1	37.9708
RCHGF004168	597	339.3	1	13.1072
RCHGF004169	6609	6346.76	6	4.20429
RCHGF004170	438	192.997	2	46.0865
RCHGF004171	840	577.811	2	15.3935
RCHGF004172	297	84.0948	0	0
RCHGF004173	1464	1201.76	3	11.1019
RCHGF004174	780	518.405	3	25.7363
RCHGF004175	1092	829.759	0	0
RCHGF004176	2604	2341.76	1	1.89912
RCHGF004177	750	489.385	1	9.08747
RCHGF004178	159	20.1921	0	0
RCHGF004179	708	447.705	2	19.867
RCHGF004180	636	377.254	5	58.9427
RCHGF004181	450	203.331	5	109.36
RCHGF004182	165	22.0434	0	0
RCHGF004183	777	515.405	7	60.4009
RCHGF004184	111	9.59322	1	463.585
RCHGF004185	1401	1138.76	8	31.2429
RCHGF004186	756	495.122	9	80.8396
RCHGF004187	798	536.405	6	49.7454
RCHGF004188	858	595.759	3	22.3947
RCHGF004189	825	563.066	4	31.5933
RCHGF004190	1317	1054.76	5	21.0819
RCHGF004191	1437	1174.76	4	15.1428
RCHGF004192	1848	1585.76	8	22.4361
RCHGF004193	837	575.015	3	23.2026
RCHGF004194	435	190.341	1	23.3648
RCHGF004195	2508	2245.76	9	17.8227
RCHGF004196	1329	1066.76	6	25.0137
RCHGF004197	120	10.2585	0	0
RCHGF004198	1590	1327.76	8	26.7957
RCHGF004199	708	447.705	1	9.9335
RCHGF004200	1215	952.759	16	74.6845
RCHGF004201	522	267.386	11	182.956
RCHGF004202	699	438.862	102	1033.63
RCHGF004203	579	322.161	2	27.609
RCHGF004204	1176	913.759	9	43.8031
RCHGF004205	984	721.759	1	6.16171
RCHGF004206	1164	901.759	28	138.09
RCHGF004207	363	131.467	7	236.796
RCHGF004208	957	694.759	22	140.826
RCHGF004209	396	157.446	16	451.943
RCHGF004210	363	131.467	2	67.6561
RCHGF004211	114	9.04545	8	3933.27
RCHGF004212	771	509.811	9	78.5104
RCHGF004213	645	385.984	5	57.6096
RCHGF004214	1302	1039.76	18	76.9899
RCHGF004215	438	192.997	3	69.1297
RCHGF004216	510	256.191	2	34.7184
RCHGF004217	354	124.2	4	143.229
RCHGF004218	543	287.365	8	123.808
RCHGF004219	393	155.042	13	372.896
RCHGF004220	537	281.543	2	31.5921
RCHGF004221	321	100.614	4	176.805
RCHGF004222	366	134.087	4	132.668
RCHGF004223	258	61.3491	1	72.4912
RCHGF004224	198	33.6584	2	264.259
RCHGF004225	414	172.144	4	103.339
RCHGF004226	789	527.405	12	101.189
RCHGF004227	333	108.521	0	0
RCHGF004228	276	70.8419	2	125.555
RCHGF004229	831	569.066	6	46.8903
RCHGF004230	294	81.9951	5	271.191
RCHGF004231	627	368.353	2	24.1468
RCHGF004232	684	423.939	3	31.4711
RCHGF004233	726	465.385	0	0
RCHGF004234	738	477.385	2	18.6318
RCHGF004235	996	733.759	2	12.1219
RCHGF004236	765	503.811	0	0
RCHGF004238	309	92.8128	4	191.666
RCHGF004239	216	41.019	1	108.42
RCHGF004240	1182	919.759	624	3017.2
RCHGF004241	2076	1813.76	29	71.107
RCHGF004242	468	218.034	5	101.986
RCHGF004243	420	177.227	4	100.375
RCHGF004244	810	548.163	3	24.3391
RCHGF004245	1350	1087.76	10	40.8847
RCHGF004247	543	287.365	2	30.9521
RCHGF004248	189	30.0274	0	0
RCHGF004249	279	72.4175	3	184.235
RCHGF004250	450	203.331	0	0
RCHGF004251	807	545.405	23	187.544
RCHGF004252	432	187.591	4	94.8293
RCHGF004253	153	18.5283	0	0
RCHGF004254	234	48.7194	90	8215.51
RCHGF004255	369	136.247	51	1664.7
RCHGF004256	1287	1024.76	869	3771.31
RCHGF004257	120	10.2585	0	0
RCHGF004258	192	31.5285	18	2539
RCHGF004259	402	162.126	20	548.62
RCHGF004260	918	655.759	5	33.9094
RCHGF004261	462	213.251	1	20.8547
RCHGF004262	120	10.2585	0	0
RCHGF004263	330	106.505	0	0
RCHGF004264	1041	778.759	2	11.4214
RCHGF004265	708	447.705	1	9.9335
RCHGF004266	1917	1654.76	12	32.2508
RCHGF004267	702	441.862	2	20.1297
RCHGF004268	3519	3256.76	11	15.0211
RCHGF004269	366	134.087	1	33.1671
RCHGF004270	609	350.993	2	25.3411
RCHGF004271	480	228.791	0	0
RCHGF004272	318	98.6228	1	45.0937
RCHGF004273	360	129.029	0	0
RCHGF004274	267	65.7619	0	0
RCHGF004275	1683	1420.76	11	34.4323
RCHGF004276	570	313.758	0	0
RCHGF004277	1212	949.759	1	4.68253
RCHGF004278	1734	1471.76	3	9.06522
RCHGF004279	390	152.677	0	0
RCHGF004280	249	56.1796	0	0
RCHGF004281	291	79.8309	4	222.835
RCHGF004282	144	16.4854	0	0
RCHGF004283	306	90.576	2	98.1998
RCHGF004284	207	36.8344	1	120.737
RCHGF004285	396	157.446	9	254.218
RCHGF004286	219	42.3112	0	0
RCHGF004287	852	589.811	10	75.4016
RCHGF004288	219	42.3112	1	105.109
RCHGF004289	585	328.045	1	13.5569
RCHGF004290	261	62.62	0	0
RCHGF004291	204	35.8563	0	0
RCHGF004292	456	208.05	2	42.752
RCHGF004293	1383	1120.76	4	15.8724
RCHGF004294	894	631.759	3	21.1185
RCHGF004295	315	96.5208	0	0
RCHGF004296	156	19.2295	0	0
RCHGF004297	906	643.759	2	13.8166
RCHGF004298	540	284.365	2	31.2786
RCHGF004299	255	59.5339	0	0
RCHGF004300	123	11.1099	4	1601.19
RCHGF004301	189	30.0274	0	0
RCHGF004302	171	23.5411	10	1889.15
RCHGF004303	177	25.5457	0	0
RCHGF004304	168	22.6016	1	196.768
RCHGF004305	303	88.4875	4	201.035
RCHGF004306	390	152.677	13	378.672
RCHGF004307	918	655.759	69	467.949
RCHGF004308	1407	1144.76	11	42.7339
