-e target_id	length	eff_length	Coculture_PT33_HGF2_Late_Replicate_3_HGF2_counts	tpm
RCHGF000001	708	468.165	4	112.207
RCHGF000002	762	522.114	1	25.1531
RCHGF000003	780	540.012	2	48.639
RCHGF000004	882	642.012	1	20.4557
RCHGF000005	903	662.947	3	59.4292
RCHGF000006	1215	974.947	1	13.4703
RCHGF000007	855	615.012	2	42.7075
RCHGF000008	561	322.811	0	0
RCHGF000009	522	284.369	0	0
RCHGF000010	447	213.015	0	0
RCHGF000011	714	474.165	0	0
RCHGF000012	1449	1208.95	10	108.63
RCHGF000013	144	18.5689	0	0
RCHGF000014	639	399.418	0	0
RCHGF000015	480	244.136	0	0
RCHGF000016	744	504.165	0	0
RCHGF000017	849	609.012	2	43.1283
RCHGF000018	387	159.191	0	0
RCHGF000020	519	281.425	0	0
RCHGF000021	156	21.792	0	0
RCHGF000022	918	677.947	2	38.7429
RCHGF000023	1470	1229.95	3	32.0326
RCHGF000024	948	707.947	2	37.1011
RCHGF000025	2820	2579.95	4	20.3614
RCHGF000026	528	290.285	0	0
RCHGF000027	480	244.136	1	53.7931
RCHGF000028	747	507.165	0	0
RCHGF000029	852	612.012	14	300.418
RCHGF000030	852	612.012	2	42.9169
RCHGF000031	2136	1895.95	1	6.92678
RCHGF000032	114	10.4645	0	0
RCHGF000033	1155	914.947	7	100.475
RCHGF000034	2412	2171.95	12	72.5588
RCHGF000035	642	402.418	1	32.6347
RCHGF000036	945	704.947	4	74.518
RCHGF000037	399	170.081	2	154.43
RCHGF000038	1875	1634.95	2	16.0651
RCHGF000039	699	459.165	2	57.2031
RCHGF000040	2544	2303.95	10	57.0014
RCHGF000041	1098	857.947	0	0
RCHGF000042	2586	2345.95	1	5.59809
RCHGF000043	3450	3209.95	8	32.7303
RCHGF000044	390	161.845	0	0
RCHGF000045	834	594.012	0	0
RCHGF000046	816	576.012	0	0
RCHGF000047	1971	1730.95	224	1699.5
RCHGF000048	813	573.012	437	10015.6
RCHGF000049	1026	785.947	5	83.5477
RCHGF000050	1857	1616.95	12	97.4638
RCHGF000051	1692	1451.95	11	99.4946
RCHGF000052	126	13.0817	0	0
RCHGF000053	165	24.4988	0	0
RCHGF000054	135	15.7487	4	3335.6
RCHGF000055	447	213.015	1	61.652
RCHGF000056	126	13.0817	0	0
RCHGF000057	408	177.967	0	0
RCHGF000058	639	399.418	0	0
RCHGF000059	933	692.947	0	0
RCHGF000060	675	435.254	0	0
RCHGF000061	744	504.165	0	0
RCHGF000062	1182	941.947	4	55.7688
RCHGF000063	1974	1733.95	3	22.7218
RCHGF000064	1479	1238.95	0	0
RCHGF000065	900	659.947	5	99.499
RCHGF000066	687	447.254	6	176.179
RCHGF000067	1395	1154.95	1	11.3709
RCHGF000068	894	654.012	2	40.1608
RCHGF000069	687	447.254	5	146.816
RCHGF000070	873	633.012	3	62.2397
RCHGF000071	363	139.038	2	188.91
RCHGF000072	117	11.1231	0	0
RCHGF000073	861	621.012	0	0
RCHGF000074	732	492.165	3	80.0513
RCHGF000075	207	40.1549	1	327.054
RCHGF000076	276	75.6611	10	1735.74
RCHGF000077	288	83.3176	12	1891.48
RCHGF000078	1566	1325.95	0	0
RCHGF000079	288	83.3176	0	0
RCHGF000080	459	224.23	0	0
RCHGF000081	450	215.866	0	0
RCHGF000082	411	180.53	0	0
RCHGF000083	369	144.043	1	91.1729
RCHGF000084	1497	1256.95	2	20.8964
RCHGF000085	726	486.165	0	0
RCHGF000086	585	346.31	2	75.8444
RCHGF000087	1785	1544.95	0	0
RCHGF000088	1746	1505.95	0	0
RCHGF000089	615	376.03	0	0
RCHGF000090	354	131.773	0	0
RCHGF000091	1878	1637.95	2	16.0357
RCHGF000092	1446	1205.95	21	228.691
RCHGF000093	513	275.534	21	1000.93
RCHGF000094	672	432.296	0	0
RCHGF000095	1434	1193.95	0	0
RCHGF000096	987	746.947	0	0
RCHGF000097	1050	809.947	2	32.4288
RCHGF000098	1203	962.947	0	0
RCHGF000099	1329	1088.95	2	24.1202
RCHGF000100	207	40.1549	0	0
RCHGF000101	765	525.114	2	50.0189
RCHGF000102	1164	923.947	1	14.2138
RCHGF000103	1707	1466.95	9	80.5723
RCHGF000104	1047	806.947	2	32.5494
RCHGF000105	2346	2105.95	1	6.23606
RCHGF000106	753	513.165	2	51.1836
RCHGF000107	195	34.935	2	751.844
RCHGF000108	195	34.935	0	0
RCHGF000109	666	426.296	0	0
RCHGF000110	1152	911.947	0	0
RCHGF000111	1008	767.947	8	136.81
RCHGF000112	996	755.947	0	0
RCHGF000113	828	588.012	0	0
RCHGF000114	798	558.012	0	0
RCHGF000115	474	238.59	0	0
RCHGF000116	417	186.048	0	0
RCHGF000117	819	579.012	0	0
RCHGF000118	2754	2513.95	0	0
RCHGF000119	981	740.947	2	35.4487
RCHGF000121	474	238.59	0	0
RCHGF000122	912	671.947	4	78.1777
RCHGF000123	1251	1010.95	3	38.9718
RCHGF000124	492	255.547	3	154.173
RCHGF000125	672	432.296	2	60.7584
RCHGF000126	375	149.062	0	0
RCHGF000127	1632	1391.95	0	0
RCHGF000128	333	115.122	0	0
RCHGF000129	1206	965.947	0	0
RCHGF000130	1470	1229.95	0	0
RCHGF000131	987	746.947	0	0
RCHGF000132	900	659.947	0	0
RCHGF000133	657	417.338	0	0
RCHGF000134	2331	2090.95	1	6.2808
RCHGF000135	1776	1535.95	5	42.7515
RCHGF000136	120	11.8577	0	0
RCHGF000137	597	358.172	3	109.999
RCHGF000138	1125	884.947	13	192.923
RCHGF000139	978	737.947	1	17.7964
RCHGF000140	489	252.622	5	259.93
RCHGF000141	1188	947.947	1	13.854
RCHGF000142	135	15.7487	0	0
RCHGF000143	174	27.5754	0	0
RCHGF000144	735	495.165	0	0
RCHGF000145	702	462.165	0	0
RCHGF000146	777	537.012	0	0
RCHGF000147	243	57.3365	0	0
RCHGF000148	399	170.081	38	2934.18
RCHGF000149	750	510.165	4	102.969
RCHGF000151	2724	2483.95	7	37.0095
RCHGF000152	729	489.165	0	0
RCHGF000153	444	210.184	0	0
RCHGF000154	765	525.114	0	0
RCHGF000155	1194	953.947	0	0
RCHGF000156	909	668.947	0	0
RCHGF000157	744	504.165	0	0
RCHGF000158	555	316.874	0	0
RCHGF000159	1041	800.947	0	0
RCHGF000160	927	686.947	0	0
RCHGF000161	1488	1247.95	0	0
RCHGF000162	1671	1430.95	0	0
RCHGF000163	1053	812.947	0	0
RCHGF000165	1038	797.947	3	49.3747
RCHGF000166	2400	2159.95	4	24.3206
RCHGF000167	120	11.8577	0	0
RCHGF000168	873	633.012	25	518.664
RCHGF000169	1836	1595.95	25	205.721
RCHGF000170	552	313.874	8	334.729
RCHGF000171	1230	989.947	2	26.5324
RCHGF000172	558	319.811	0	0
RCHGF000173	468	232.776	0	0
RCHGF000174	150	19.7917	0	0
RCHGF000175	1656	1415.95	16	148.399
RCHGF000176	873	633.012	2	41.4931
RCHGF000177	390	161.845	25	2028.61
RCHGF000178	876	636.012	43	887.894
RCHGF000179	996	755.947	15	260.59
RCHGF000180	120	11.8577	0	0
RCHGF000181	813	573.012	0	0
RCHGF000182	786	546.012	0	0
RCHGF000183	1230	989.947	1	13.2662
RCHGF000184	447	213.015	3	184.956
RCHGF000185	1398	1157.95	9	102.073
RCHGF000186	525	287.285	9	411.422
RCHGF000187	741	501.165	3	78.6138
RCHGF000188	456	221.584	1	59.2678
RCHGF000189	1380	1139.95	8	92.1644
RCHGF000190	1140	899.947	13	189.707
RCHGF000191	1401	1160.95	29	328.052
RCHGF000192	624	384.842	0	0
RCHGF000193	1539	1298.95	0	0
RCHGF000194	1209	968.947	1	13.5537
RCHGF000195	897	657.012	0	0
RCHGF000196	1458	1217.95	3	32.3482
RCHGF000197	969	728.947	1	18.0161
RCHGF000198	1287	1046.95	0	0
RCHGF000199	1242	1001.95	3	39.3219
RCHGF000200	1446	1205.95	4	43.5602
RCHGF000201	1185	944.947	1	13.8979
RCHGF000202	162	24.056	1	545.927
RCHGF000203	582	343.343	49	1874.24
RCHGF000204	1209	968.947	72	975.866
RCHGF000205	720	480.165	18	492.312
RCHGF000206	1503	1262.95	42	436.739
RCHGF000207	1101	860.947	3	45.7617
RCHGF000208	1332	1091.95	8	96.2157
RCHGF000209	2175	1934.95	14	95.0204
RCHGF000210	1710	1469.95	16	142.947
RCHGF000212	1578	1337.95	9	88.3408
RCHGF000213	1425	1184.95	3	33.2491
RCHGF000214	315	101.264	1	129.689
RCHGF000215	435	202.269	2	129.855
RCHGF000216	723	483.165	5	135.904
RCHGF000217	111	9.52419	0	0
RCHGF000218	651	411.378	6	191.544
RCHGF000219	1050	809.947	0	0
RCHGF000220	132	15.0021	0	0
RCHGF000221	726	486.165	0	0
RCHGF000222	1038	797.947	1	16.4582
RCHGF000223	1254	1013.95	2	25.9043
RCHGF000224	654	414.378	8	253.542
RCHGF000225	522	284.369	1	46.1823
RCHGF000226	1080	839.947	0	0
RCHGF000227	282	79.2612	0	0
RCHGF000228	1026	785.947	4	66.8382
RCHGF000229	336	117.404	1	111.86
RCHGF000230	711	471.165	0	0
RCHGF000231	678	438.254	0	0
RCHGF000232	456	221.584	0	0
RCHGF000233	534	296.199	0	0
RCHGF000234	645	405.418	5	161.966
RCHGF000235	3291	3050.95	38	163.571
RCHGF000236	552	313.874	4	167.364
RCHGF000237	2649	2408.95	36	196.261
RCHGF000238	321	105.81	5	620.584
RCHGF000240	942	701.947	22	411.601
RCHGF000241	588	349.242	4	150.415
RCHGF000242	459	224.23	2	117.137
RCHGF000243	1050	809.947	28	454.003
RCHGF000244	1551	1310.95	5	50.089
RCHGF000245	783	543.012	4	96.7406
RCHGF000246	1434	1193.95	9	98.9954
RCHGF000247	1656	1415.95	2	18.5499
RCHGF000248	2358	2117.95	7	43.4051
RCHGF000249	1101	860.947	15	228.809
RCHGF000250	1539	1298.95	16	161.766
RCHGF000251	1095	854.947	6	92.1658
RCHGF000252	951	710.947	11	203.195
RCHGF000253	1254	1013.95	2	25.9043
RCHGF000254	1281	1040.95	7	88.3135
RCHGF000255	426	194.12	4	270.612
RCHGF000256	600	361.066	10	363.723
RCHGF000257	1752	1511.95	2	17.3721
RCHGF000258	1128	887.947	3	44.3703
RCHGF000259	1206	965.947	8	108.766
RCHGF000260	168	25.4945	28	14423.5
RCHGF000261	540	301.995	12	521.843
RCHGF000262	816	576.012	1	22.7996
RCHGF000263	1410	1169.95	2	22.4503
RCHGF000264	978	737.947	7	124.575
RCHGF000265	225	48.415	0	0
RCHGF000266	207	40.1549	0	0
RCHGF000267	150	19.7917	0	0
RCHGF000268	213	42.8941	0	0
RCHGF000269	759	519.114	1	25.2985
RCHGF000270	939	698.947	2	37.5788
RCHGF000271	114	10.4645	0	0
RCHGF000272	2676	2435.95	5	26.9563
RCHGF000273	270	71.769	2	365.975
RCHGF000274	204	38.9057	0	0
RCHGF000275	501	264.01	0	0
RCHGF000276	735	495.165	0	0
RCHGF000277	585	346.31	0	0
RCHGF000279	345	124.605	4	421.582
RCHGF000280	600	361.066	1	36.3723
RCHGF000281	591	352.242	3	111.851
RCHGF000282	864	624.012	2	42.0916
RCHGF000283	621	382.03	0	0
RCHGF000284	375	149.062	0	0
RCHGF000285	429	196.708	0	0
RCHGF000286	945	704.947	47	875.587
RCHGF000287	729	489.165	3	80.5423
RCHGF000288	2244	2003.95	4	26.2139
RCHGF000289	1296	1055.95	3	37.311
RCHGF000290	906	665.947	2	39.441
RCHGF000291	207	40.1549	0	0
RCHGF000292	951	710.947	1	18.4723
RCHGF000293	885	645.012	9	183.245
RCHGF000294	135	15.7487	0	0
RCHGF000295	711	471.165	7	195.112
RCHGF000296	540	301.995	3	130.461
RCHGF000297	702	462.165	0	0
RCHGF000298	771	531.012	1	24.7317
RCHGF000299	1164	923.947	13	184.78
RCHGF000300	1056	815.947	7	112.666
RCHGF000301	486	249.721	0	0
RCHGF000302	1125	884.947	5	74.2011
RCHGF000303	264	68.4624	22	4220.15
RCHGF000304	873	633.012	0	0
RCHGF000305	954	713.947	0	0
RCHGF000306	294	87.122	0	0
RCHGF000307	939	698.947	1	18.7894
RCHGF000308	1806	1565.95	0	0
RCHGF000309	840	600.012	0	0
RCHGF000310	1101	860.947	0	0
RCHGF000311	1026	785.947	2	33.4191
RCHGF000312	264	68.4624	1	191.825
RCHGF000313	2208	1967.95	16	106.774
RCHGF000314	1389	1148.95	1	11.4303
RCHGF000315	669	429.296	2	61.183
RCHGF000316	327	110.412	1	118.944
RCHGF000317	711	471.165	2	55.7462
RCHGF000318	1302	1061.95	8	98.9338
RCHGF000319	375	149.062	5	440.514
RCHGF000320	549	310.904	5	211.204
RCHGF000321	993	752.947	20	348.838
RCHGF000323	1233	992.947	0	0
RCHGF000324	771	531.012	0	0
RCHGF000325	576	337.779	0	0
RCHGF000326	864	624.012	1	21.0458
RCHGF000327	177	28.3037	0	0
RCHGF000328	162	24.056	4	2183.71
RCHGF000329	930	689.947	2	38.069
RCHGF000330	978	737.947	3	53.3892
RCHGF000331	1005	764.947	2	34.3365
RCHGF000332	798	558.012	1	23.535
RCHGF000333	522	284.369	3	138.547
RCHGF000334	1650	1409.95	7	65.2008
RCHGF000335	699	459.165	0	0
RCHGF000336	459	224.23	0	0
RCHGF000337	1299	1058.95	6	74.4106
RCHGF000338	282	79.2612	3	497.071
RCHGF000339	558	319.811	0	0
RCHGF000340	171	26.2088	0	0
RCHGF000341	330	112.716	1	116.512
RCHGF000342	597	358.172	2	73.3324
RCHGF000343	1161	920.947	2	28.5202
RCHGF000344	519	281.425	2	93.3309
RCHGF000345	771	531.012	3	74.1951
RCHGF000346	564	325.811	0	0
RCHGF000347	645	405.418	0	0
RCHGF000348	1029	788.947	0	0
RCHGF000349	681	441.254	1	29.7625
RCHGF000350	831	591.012	5	111.105
RCHGF000351	402	172.574	1	76.0997
RCHGF000352	1038	797.947	0	0
RCHGF000353	771	531.012	0	0
RCHGF000354	717	477.165	1	27.5226
RCHGF000355	150	19.7917	0	0
RCHGF000356	993	752.947	6	104.651
RCHGF000357	1014	773.947	11	186.655
RCHGF000358	1263	1022.95	31	397.985
RCHGF000359	135	15.7487	0	0
RCHGF000360	903	662.947	0	0
RCHGF000361	1992	1751.95	2	14.9922
RCHGF000362	870	630.012	0	0
RCHGF000363	1176	935.947	0	0
RCHGF000364	510	272.615	0	0
RCHGF000365	1290	1049.95	0	0
RCHGF000366	1002	761.947	5	86.1793
RCHGF000367	759	519.114	1	25.2985
RCHGF000368	840	600.012	0	0
RCHGF000369	1383	1142.95	3	34.4709
RCHGF000370	240	55.9683	1	234.648
RCHGF000372	2397	2156.95	6	36.5317
RCHGF000373	867	627.012	0	0
RCHGF000374	1239	998.947	0	0
RCHGF000375	138	16.8631	1	778.792
RCHGF000377	215	43.9442	0	0
RCHGF000379	750	510.165	0	0
RCHGF000380	594	355.207	0	0
RCHGF000381	330	112.716	0	0
RCHGF000382	1098	857.947	0	0
RCHGF000383	558	319.811	1	41.0643
RCHGF000384	300	91.2462	0	0
RCHGF000385	1053	812.947	0	0
RCHGF000386	474	238.59	0	0
RCHGF000387	396	167.271	0	0
RCHGF000388	663	423.338	0	0
RCHGF000389	834	594.012	0	0
RCHGF000390	744	504.165	0	0
RCHGF000391	735	495.165	0	0
RCHGF000392	1053	812.947	3	48.4637
RCHGF000393	867	627.012	3	62.8353
RCHGF000394	1026	785.947	0	0
RCHGF000395	1431	1190.95	0	0
RCHGF000396	1275	1034.95	0	0
RCHGF000397	561	322.811	0	0
RCHGF000398	3159	2918.95	0	0
RCHGF000399	1293	1052.95	4	49.8897
RCHGF000400	300	91.2462	0	0
RCHGF000401	309	97.132	0	0
RCHGF000402	645	405.418	0	0
RCHGF000403	312	99.2618	0	0
RCHGF000404	141	17.757	0	0
RCHGF000405	591	352.242	0	0
RCHGF000406	1173	932.947	1	14.0767
RCHGF000407	1572	1331.95	5	49.2993
RCHGF000408	831	591.012	0	0
RCHGF000409	468	232.776	0	0
RCHGF000410	207	40.1549	0	0
RCHGF000411	462	227.118	0	0
RCHGF000412	300	91.2462	0	0
RCHGF000413	288	83.3176	1	157.623
RCHGF000414	492	255.547	1	51.391
RCHGF000415	240	55.9683	7	1642.53
RCHGF000416	1173	932.947	13	182.997
RCHGF000417	792	552.012	0	0
RCHGF000418	3453	3212.95	5	20.4373
RCHGF000419	558	319.811	0	0
RCHGF000420	162	24.056	0	0
RCHGF000421	1353	1112.95	1	11.8
RCHGF000422	804	564.012	0	0
RCHGF000423	1359	1118.95	0	0
RCHGF000424	852	612.012	0	0
RCHGF000425	1041	800.947	0	0
RCHGF000426	837	597.012	0	0
RCHGF000427	783	543.012	0	0
RCHGF000428	477	241.495	0	0
RCHGF000429	438	204.659	0	0
RCHGF000430	1455	1214.95	0	0
RCHGF000431	843	603.012	0	0
RCHGF000432	1041	800.947	0	0
RCHGF000433	1914	1673.95	0	0
RCHGF000434	666	426.296	0	0
RCHGF000435	717	477.165	0	0
RCHGF000436	465	229.891	0	0
RCHGF000437	1188	947.947	6	83.1237
RCHGF000438	1416	1175.95	5	55.8393
RCHGF000439	1086	845.947	1	15.5244
RCHGF000440	261	66.7407	0	0
RCHGF000441	2100	1859.95	3	21.1826
RCHGF000442	612	373.066	5	176.012
RCHGF000443	993	752.947	10	174.419
RCHGF000444	324	107.978	0	0
RCHGF000445	132	15.0021	0	0
RCHGF000446	381	154.164	0	0
RCHGF000447	135	15.7487	0	0
RCHGF000448	144	18.5689	0	0
RCHGF000449	1356	1115.95	3	35.3049
RCHGF000450	1116	875.947	1	14.9927
RCHGF000451	192	33.9349	0	0
RCHGF000452	201	37.6051	0	0
RCHGF000453	1098	857.947	1	15.3073
RCHGF000454	1941	1700.95	5	38.6044
RCHGF000455	2511	2270.95	4	23.1319
RCHGF000457	1284	1043.95	5	62.8998
RCHGF000459	453	218.65	0	0
RCHGF000460	1806	1565.95	1	8.3865
RCHGF000461	306	95.0911	0	0
RCHGF000462	594	355.207	5	184.861
RCHGF000463	933	692.947	0	0
RCHGF000464	555	316.874	1	41.445
RCHGF000465	771	531.012	1	24.7317
RCHGF000466	1218	977.947	2	26.8579
RCHGF000467	2529	2288.95	4	22.95
RCHGF000468	2085	1844.95	4	28.473
RCHGF000469	909	668.947	0	0
RCHGF000470	738	498.165	1	26.3624
RCHGF000471	777	537.012	0	0
RCHGF000472	843	603.012	0	0
RCHGF000473	336	117.404	0	0
RCHGF000474	558	319.811	0	0
RCHGF000475	648	408.418	5	160.777
RCHGF000476	147	19.0704	0	0
RCHGF000477	630	390.766	0	0
RCHGF000478	975	734.947	5	89.3453
RCHGF000479	1068	827.947	5	79.3095
RCHGF000480	855	615.012	2	42.7075
RCHGF000481	693	453.254	0	0
RCHGF000482	678	438.254	0	0
RCHGF000483	1641	1400.95	1	9.37424
RCHGF000484	2343	2102.95	4	24.9798
RCHGF000485	546	307.934	2	85.2962
RCHGF000486	111	9.52419	0	0
RCHGF000487	486	249.721	0	0
RCHGF000488	441	207.351	0	0
RCHGF000489	1035	794.947	1	16.5204
RCHGF000490	312	99.2618	0	0
RCHGF000491	2640	2399.95	0	0
RCHGF000492	1941	1700.95	4	30.8835
RCHGF000493	366	141.477	0	0
RCHGF000494	1773	1532.95	5	42.8352
RCHGF000495	477	241.495	0	0
RCHGF000496	765	525.114	0	0
RCHGF000497	762	522.114	0	0
RCHGF000498	939	698.947	3	56.3683
RCHGF000499	846	606.012	2	43.3418
RCHGF000500	1260	1019.95	4	51.5039
RCHGF000501	1014	773.947	0	0
RCHGF000502	1095	854.947	0	0
RCHGF000503	1011	770.947	3	51.1039
RCHGF000504	1083	842.947	0	0
RCHGF000505	1233	992.947	5	66.1305
RCHGF000506	165	24.4988	0	0
RCHGF000507	921	680.947	0	0
RCHGF000508	348	126.898	1	103.491
RCHGF000509	138	16.8631	0	0
RCHGF000510	153	20.7858	0	0
RCHGF000512	498	261.191	0	0
RCHGF000513	3693	3452.95	0	0
RCHGF000514	1572	1331.95	0	0
RCHGF000515	1029	788.947	0	0
RCHGF000516	585	346.31	0	0
RCHGF000517	1530	1289.95	0	0
RCHGF000518	438	204.659	0	0
RCHGF000519	690	450.254	0	0
RCHGF000520	750	510.165	0	0
RCHGF000521	1224	983.947	0	0
RCHGF000522	714	474.165	0	0
RCHGF000523	369	144.043	0	0
RCHGF000524	327	110.412	0	0
RCHGF000526	186	31.8754	0	0
RCHGF000527	561	322.811	0	0
RCHGF000528	807	567.012	0	0
RCHGF000529	627	387.842	0	0
RCHGF000530	273	73.5759	6	1070.96
RCHGF000531	678	438.254	1	29.9662
RCHGF000532	1053	812.947	0	0
RCHGF000533	978	737.947	0	0
RCHGF000534	519	281.425	4	186.662
RCHGF000535	702	462.165	12	340.991
RCHGF000536	573	334.779	0	0
RCHGF000537	1323	1082.95	3	36.3808
RCHGF000538	639	399.418	0	0
RCHGF000539	1641	1400.95	0	0
RCHGF000540	1764	1523.95	3	25.8529
RCHGF000541	756	516.114	1	25.4456
RCHGF000542	894	654.012	0	0
RCHGF000543	2409	2168.95	0	0
RCHGF000544	1371	1130.95	2	23.2245
RCHGF000545	960	719.947	8	145.931
RCHGF000546	165	24.4988	0	0
RCHGF000547	378	151.687	0	0
RCHGF000548	426	194.12	0	0
RCHGF000549	471	235.707	0	0
RCHGF000550	840	600.012	0	0
RCHGF000551	702	462.165	0	0
RCHGF000552	1836	1595.95	4	32.9154
RCHGF000553	312	99.2618	0	0
RCHGF000554	1257	1016.95	0	0
RCHGF000555	345	124.605	0	0
RCHGF000556	1443	1202.95	0	0
RCHGF000557	873	633.012	0	0
RCHGF000558	795	555.012	1	23.6622
RCHGF000559	747	507.165	0	0
RCHGF000560	1356	1115.95	0	0
RCHGF000561	453	218.65	0	0
RCHGF000562	477	241.495	1	54.3813
RCHGF000563	1587	1346.95	1	9.75006
RCHGF000564	816	576.012	0	0
RCHGF000565	543	304.995	1	43.0592
RCHGF000566	600	361.066	0	0
RCHGF000567	873	633.012	0	0
RCHGF000568	837	597.012	1	21.9976
RCHGF000569	828	588.012	16	357.348
RCHGF000570	717	477.165	4	110.09
RCHGF000571	1341	1100.95	32	381.717
RCHGF000572	774	534.012	0	0
RCHGF000573	1353	1112.95	13	153.4
RCHGF000574	951	710.947	11	203.195
RCHGF000575	354	131.773	7	697.636
RCHGF000576	1647	1406.95	3	28.0028
RCHGF000577	669	429.296	0	0
RCHGF000578	1110	869.947	0	0
RCHGF000579	714	474.165	5	138.484
RCHGF000580	504	266.828	3	147.655
RCHGF000581	762	522.114	7	176.072
RCHGF000582	762	522.114	0	0
RCHGF000583	768	528.012	1	24.8722
RCHGF000584	357	134.008	2	196
RCHGF000585	252	61.4395	465	99394.6
RCHGF000586	1329	1088.95	0	0
RCHGF000587	765	525.114	0	0
RCHGF000588	222	47.1577	0	0
RCHGF000589	369	144.043	2	182.346
RCHGF000590	357	134.008	0	0
RCHGF000592	3047	2806.95	12	56.1442
RCHGF000594	1983	1742.95	1	7.53483
RCHGF000595	1425	1184.95	2	22.1661
RCHGF000596	237	54.3096	0	0
RCHGF000597	180	29.2737	4	1794.49
RCHGF000598	903	662.947	3	59.4292
RCHGF000599	882	642.012	1	20.4557
RCHGF000600	1116	875.947	1	14.9927
RCHGF000601	1755	1514.95	2	17.3377
RCHGF000602	1134	893.947	0	0
RCHGF000603	1032	791.947	1	16.5829
RCHGF000604	1392	1151.95	4	45.6021
RCHGF000605	891	651.012	1	20.1729
RCHGF000606	1026	785.947	2	33.4191
RCHGF000607	1707	1466.95	1	8.95248
RCHGF000608	1455	1214.95	1	10.8094
RCHGF000609	1098	857.947	1	15.3073
RCHGF000610	951	710.947	0	0
RCHGF000611	900	659.947	0	0
RCHGF000612	1146	905.947	2	28.9925
RCHGF000613	1119	878.947	1	14.9415
RCHGF000614	825	585.012	2	44.8976
RCHGF000615	1149	908.947	0	0
RCHGF000616	624	384.842	1	34.1252
RCHGF000617	597	358.172	1	36.6662
RCHGF000618	1224	983.947	8	106.777
RCHGF000619	510	272.615	14	674.43
RCHGF000620	1902	1661.95	6	47.4124
RCHGF000621	237	54.3096	0	0
RCHGF000622	153	20.7858	0	0
RCHGF000623	291	85.2027	0	0
RCHGF000624	402	172.574	0	0
RCHGF000625	111	9.52419	0	0
RCHGF000626	963	722.947	0	0
RCHGF000627	1191	950.947	11	151.913
RCHGF000628	204	38.9057	0	0
RCHGF000629	1140	899.947	3	43.7786
RCHGF000631	567	328.811	2	79.8806
RCHGF000632	720	480.165	3	82.0519
RCHGF000633	195	34.935	0	0
RCHGF000634	438	204.659	0	0
RCHGF000635	879	639.012	6	123.311
RCHGF000636	1491	1250.95	15	157.474
RCHGF000637	1179	938.947	0	0
RCHGF000638	1308	1067.95	0	0
RCHGF000639	1023	782.947	0	0
RCHGF000640	120	11.8577	1	1107.53
RCHGF000641	408	177.967	2	147.587
RCHGF000642	780	540.012	4	97.278
RCHGF000643	354	131.773	1	99.6623
RCHGF000644	177	28.3037	0	0
RCHGF000645	786	546.012	0	0
RCHGF000646	138	16.8631	0	0
RCHGF000647	762	522.114	0	0
RCHGF000648	909	668.947	1	19.6321
RCHGF000649	198	36.2717	0	0
RCHGF000650	1101	860.947	3	45.7617
RCHGF000651	114	10.4645	0	0
RCHGF000652	780	540.012	6	145.917
RCHGF000653	111	9.52419	0	0
RCHGF000654	1104	863.947	2	30.4019
RCHGF000655	1167	926.947	0	0
RCHGF000656	120	11.8577	1	1107.53
RCHGF000657	891	651.012	3	60.5188
RCHGF000658	117	11.1231	0	0
RCHGF000659	2055	1814.95	4	28.9437
RCHGF000660	309	97.132	0	0
RCHGF000661	1239	998.947	0	0
RCHGF000662	324	107.978	0	0
RCHGF000663	1443	1202.95	0	0
RCHGF000664	1188	947.947	35	484.888
RCHGF000665	174	27.5754	0	0
RCHGF000666	537	298.995	5	219.616
RCHGF000667	1215	974.947	0	0
RCHGF000668	2190	1949.95	1	6.73496
RCHGF000669	123	12.4966	0	0
RCHGF000670	528	290.285	0	0
RCHGF000671	144	18.5689	0	0
RCHGF000672	813	573.012	0	0
RCHGF000673	423	191.626	0	0
RCHGF000674	141	17.757	0	0
RCHGF000675	765	525.114	14	350.132
RCHGF000676	558	319.811	0	0
RCHGF000677	849	609.012	6	129.385
RCHGF000678	1119	878.947	6	89.6492
RCHGF000679	144	18.5689	0	0
RCHGF000680	1035	794.947	7	115.643
RCHGF000681	666	426.296	0	0
RCHGF000682	918	677.947	1	19.3714
RCHGF000683	747	507.165	1	25.8946
RCHGF000684	204	38.9057	0	0
RCHGF000685	960	719.947	23	419.551
RCHGF000686	798	558.012	4	94.1401
RCHGF000687	777	537.012	0	0
RCHGF000688	777	537.012	1	24.4554
RCHGF000689	123	12.4966	0	0
RCHGF000690	921	680.947	2	38.5722
RCHGF000691	300	91.2462	0	0
RCHGF000692	822	582.012	0	0
RCHGF000693	780	540.012	0	0
RCHGF000694	468	232.776	0	0
RCHGF000695	738	498.165	0	0
RCHGF000696	408	177.967	3	221.381
RCHGF000697	2712	2471.95	1	5.31274
RCHGF000698	1215	974.947	0	0
RCHGF000699	1224	983.947	1	13.3471
RCHGF000700	600	361.066	3	109.117
RCHGF000701	729	489.165	4	107.39
RCHGF000702	1737	1496.95	2	17.5461
RCHGF000703	552	313.874	0	0
RCHGF000704	774	534.012	1	24.5928
RCHGF000705	756	516.114	0	0
RCHGF000706	699	459.165	0	0
RCHGF000707	858	618.012	0	0
RCHGF000708	873	633.012	18	373.438
RCHGF000709	309	97.132	0	0
RCHGF000710	888	648.012	3	60.799
RCHGF000711	837	597.012	0	0
RCHGF000712	489	252.622	1	51.986
RCHGF000713	426	194.12	3	202.959
RCHGF000714	984	743.947	0	0
RCHGF000715	891	651.012	1	20.1729
RCHGF000716	324	107.978	0	0
RCHGF000717	819	579.012	0	0
RCHGF000718	819	579.012	0	0
RCHGF000719	531	293.228	0	0
RCHGF000720	1152	911.947	0	0
RCHGF000721	558	319.811	0	0
RCHGF000722	624	384.842	0	0
RCHGF000723	762	522.114	1	25.1531
RCHGF000724	882	642.012	0	0
RCHGF000725	1356	1115.95	1	11.7683
RCHGF000726	405	175.254	0	0
RCHGF000727	540	301.995	2	86.9739
RCHGF000728	1338	1097.95	22	263.147
RCHGF000729	1065	824.947	10	159.196
RCHGF000730	624	384.842	0	0
RCHGF000731	660	420.338	1	31.2435
RCHGF000732	1005	764.947	0	0
RCHGF000733	192	33.9349	0	0
RCHGF000734	684	444.254	0	0
RCHGF000735	423	191.626	0	0
RCHGF000736	2136	1895.95	21	145.462
RCHGF000737	930	689.947	3	57.1036
RCHGF000738	936	695.947	16	301.927
RCHGF000739	642	402.418	0	0
RCHGF000740	507	269.802	2	97.3516
RCHGF000741	939	698.947	0	0
RCHGF000742	225	48.415	0	0
RCHGF000743	846	606.012	0	0
RCHGF000744	393	164.509	0	0
RCHGF000745	684	444.254	0	0
RCHGF000746	378	151.687	0	0
RCHGF000747	1068	827.947	0	0
RCHGF000748	150	19.7917	0	0
RCHGF000749	654	414.378	2	63.3856
RCHGF000750	849	609.012	0	0
RCHGF000751	369	144.043	0	0
RCHGF000752	123	12.4966	0	0
RCHGF000753	918	677.947	1	19.3714
RCHGF000754	117	11.1231	0	0
RCHGF000755	1131	890.947	1	14.7403
RCHGF000756	693	453.254	0	0
RCHGF000757	132	15.0021	0	0
RCHGF000758	432	199.33	4	263.539
RCHGF000759	510	272.615	0	0
RCHGF000760	489	252.622	0	0
RCHGF000762	996	755.947	5	86.8633
RCHGF000763	411	180.53	0	0
RCHGF000764	1065	824.947	3	47.7587
RCHGF000765	1944	1703.95	2	15.4146
RCHGF000766	936	695.947	0	0
RCHGF000767	552	313.874	0	0
RCHGF000769	345	124.605	0	0
RCHGF000770	1254	1013.95	0	0
RCHGF000771	594	355.207	4	147.889
RCHGF000772	528	290.285	1	45.2411
RCHGF000773	1098	857.947	8	122.458
RCHGF000774	2265	2024.95	2	12.971
RCHGF000775	1611	1370.95	6	57.4762
RCHGF000776	318	103.606	3	380.271
RCHGF000777	411	180.53	1	72.7459
RCHGF000778	642	402.418	0	0
RCHGF000779	1218	977.947	1	13.429
RCHGF000780	537	298.995	0	0
RCHGF000781	129	14.2843	0	0
RCHGF000782	129	14.2843	0	0
RCHGF000783	687	447.254	0	0
RCHGF000784	1080	839.947	1	15.6353
RCHGF000785	402	172.574	15	1141.5
RCHGF000786	861	621.012	21	444.097
RCHGF000787	1857	1616.95	0	0
RCHGF000788	1722	1481.95	0	0
RCHGF000789	426	194.12	0	0
RCHGF000790	138	16.8631	0	0
RCHGF000791	2001	1760.95	7	52.2047
RCHGF000792	129	14.2843	0	0
RCHGF000793	297	89.1567	0	0
RCHGF000794	654	414.378	4	126.771
RCHGF000795	459	224.23	2	117.137
RCHGF000796	609	370.066	4	141.951
RCHGF000797	183	30.3421	0	0
RCHGF000798	339	119.883	0	0
RCHGF000799	219	45.7174	0	0
RCHGF000800	3315	3074.95	4	17.0836
RCHGF000801	666	426.296	0	0
RCHGF000802	1422	1181.95	0	0
RCHGF000803	3246	3005.95	5	21.8447
RCHGF000804	702	462.165	2	56.8318
RCHGF000805	330	112.716	0	0
RCHGF000806	678	438.254	1	29.9662
RCHGF000807	774	534.012	6	147.557
RCHGF000808	159	22.7751	0	0
RCHGF000809	2202	1961.95	14	93.7127
RCHGF000810	1965	1724.95	25	190.336
RCHGF000811	363	139.038	1	94.4551
RCHGF000812	111	9.52419	0	0
RCHGF000813	132	15.0021	0	0
RCHGF000814	1491	1250.95	0	0
RCHGF000815	129	14.2843	0	0
RCHGF000816	1731	1490.95	7	61.6586
RCHGF000817	450	215.866	0	0
RCHGF000818	159	22.7751	1	576.629
RCHGF000819	1677	1436.95	15	137.091
RCHGF000820	141	17.757	0	0
RCHGF000821	165	24.4988	0	0
RCHGF000822	801	561.012	10	234.092
RCHGF000823	843	603.012	9	196.008
RCHGF000824	855	615.012	1	21.3538
RCHGF000825	2424	2183.95	4	24.0534
RCHGF000826	627	387.842	0	0
RCHGF000827	885	645.012	0	0
RCHGF000828	609	370.066	0	0
RCHGF000829	861	621.012	0	0
RCHGF000830	1248	1007.95	0	0
RCHGF000831	840	600.012	1	21.8876
RCHGF000832	759	519.114	0	0
RCHGF000833	471	235.707	0	0
RCHGF000834	468	232.776	1	56.4181
RCHGF000835	435	202.269	0	0
RCHGF000836	306	95.0911	0	0
RCHGF000837	1167	926.947	1	14.1678
RCHGF000838	117	11.1231	0	0
RCHGF000839	117	11.1231	0	0
RCHGF000840	1998	1757.95	3	22.4116
RCHGF000841	624	384.842	2	68.2504
RCHGF000842	690	450.254	34	991.698
RCHGF000843	714	474.165	34	941.689
RCHGF000844	510	272.615	0	0
RCHGF000845	561	322.811	6	244.096
RCHGF000846	903	662.947	2	39.6195
RCHGF000847	663	423.338	0	0
RCHGF000848	771	531.012	0	0
RCHGF000849	1371	1130.95	3	34.8367
RCHGF000850	588	349.242	0	0
RCHGF000851	669	429.296	2	61.183
RCHGF000852	639	399.418	1	32.8798
RCHGF000853	816	576.012	0	0
RCHGF000855	1593	1352.95	8	77.6546
RCHGF000856	222	47.1577	0	0
RCHGF000857	303	93.2574	0	0
RCHGF000858	153	20.7858	0	0
RCHGF000860	1446	1205.95	1	10.89
RCHGF000861	576	337.779	0	0
RCHGF000862	1017	776.947	0	0
RCHGF000863	765	525.114	0	0
RCHGF000864	603	364.066	1	36.0726
RCHGF000865	1182	941.947	0	0
RCHGF000866	792	552.012	0	0
RCHGF000867	1455	1214.95	2	21.6187
RCHGF000868	591	352.242	4	149.134
RCHGF000869	666	426.296	0	0
RCHGF000870	411	180.53	1	72.7459
RCHGF000871	423	191.626	1	68.5337
RCHGF000872	696	456.209	0	0
RCHGF000873	282	79.2612	0	0
RCHGF000874	213	42.8941	0	0
RCHGF000875	399	170.081	0	0
RCHGF000876	888	648.012	0	0
RCHGF000877	384	156.745	0	0
RCHGF000878	348	126.898	0	0
RCHGF000879	915	674.947	1	19.4575
RCHGF000880	666	426.296	0	0
RCHGF000881	801	561.012	0	0
RCHGF000882	225	48.415	0	0
RCHGF000883	153	20.7858	0	0
RCHGF000884	942	701.947	4	74.8365
RCHGF000885	1128	887.947	0	0
RCHGF000886	135	15.7487	0	0
RCHGF000887	1449	1208.95	0	0
RCHGF000888	600	361.066	11	400.095
RCHGF000889	1215	974.947	6	80.8217
RCHGF000890	324	107.978	0	0
RCHGF000891	1920	1679.95	2	15.6348
RCHGF000892	306	95.0911	0	0
RCHGF000893	726	486.165	0	0
RCHGF000894	177	28.3037	0	0
RCHGF000895	285	81.1339	0	0
RCHGF000896	327	110.412	0	0
RCHGF000897	1428	1187.95	0	0
RCHGF000898	1494	1253.95	2	20.9464
RCHGF000899	240	55.9683	17	3989.01
RCHGF000900	366	141.477	0	0
RCHGF000901	903	662.947	1	19.8097
RCHGF000902	465	229.891	0	0
RCHGF000903	513	275.534	0	0
RCHGF000904	990	749.947	0	0
RCHGF000905	912	671.947	0	0
RCHGF000906	798	558.012	0	0
RCHGF000907	564	325.811	16	644.929
RCHGF000908	906	665.947	4	78.882
RCHGF000909	810	570.012	0	0
RCHGF000910	1830	1589.95	0	0
RCHGF000911	1731	1490.95	6	52.8502
RCHGF000912	1170	929.947	1	14.1221
RCHGF000913	795	555.012	0	0
RCHGF000914	1338	1097.95	1	11.9612
RCHGF000915	729	489.165	3	80.5423
RCHGF000916	198	36.2717	4	1448.27
RCHGF000917	1008	767.947	10	171.012
RCHGF000918	549	310.904	1	42.2407
RCHGF000919	2622	2381.95	99	545.834
RCHGF000920	1098	857.947	6	91.8435
RCHGF000921	798	558.012	1	23.535
RCHGF000922	114	10.4645	2	2509.97
RCHGF000923	246	58.7955	13	2903.73
RCHGF000924	591	352.242	1	37.2835
RCHGF000925	252	61.4395	0	0
RCHGF000926	252	61.4395	0	0
RCHGF000927	2595	2354.95	37	206.338
RCHGF000928	414	183.29	8	573.203
RCHGF000929	150	19.7917	2	1327.1
RCHGF000930	444	210.184	3	187.447
RCHGF000931	282	79.2612	1	165.69
RCHGF000932	1770	1529.95	28	240.347
RCHGF000933	1332	1091.95	0	0
RCHGF000935	1218	977.947	1	13.429
RCHGF000936	348	126.898	6	620.947
RCHGF000937	111	9.52419	0	0
RCHGF000938	510	272.615	19	915.298
RCHGF000939	837	597.012	0	0
RCHGF000940	501	264.01	1	49.7435
RCHGF000941	504	266.828	0	0
RCHGF000942	117	11.1231	0	0
RCHGF000944	453	218.65	0	0
RCHGF000945	1164	923.947	0	0
RCHGF000946	2130	1889.95	15	104.232
RCHGF000947	228	49.7162	0	0
RCHGF000948	1833	1592.95	1	8.24435
RCHGF000949	1296	1055.95	437	5434.97
RCHGF000950	762	522.114	0	0
RCHGF000951	189	32.8473	0	0
RCHGF000952	549	310.904	1	42.2407
RCHGF000953	177	28.3037	0	0
RCHGF000954	147	19.0704	0	0
RCHGF000955	582	343.343	2	76.4996
RCHGF000956	720	480.165	7	191.455
RCHGF000957	384	156.745	0	0
RCHGF000958	1335	1094.95	1	11.994
RCHGF000960	186	31.8754	0	0
RCHGF000961	1122	881.947	0	0
RCHGF000962	1011	770.947	172	2929.96
RCHGF000963	567	328.811	0	0
RCHGF000964	483	246.918	14	744.618
RCHGF000965	1068	827.947	0	0
RCHGF000966	819	579.012	0	0
RCHGF000967	1047	806.947	0	0
RCHGF000968	672	432.296	0	0
RCHGF000969	672	432.296	0	0
RCHGF000970	1002	761.947	34	586.019
RCHGF000971	819	579.012	2	45.3629
RCHGF000972	474	238.59	18	990.784
RCHGF000973	1179	938.947	2	27.9735
RCHGF000974	180	29.2737	1	448.622
RCHGF000975	303	93.2574	0	0
RCHGF000976	426	194.12	2	135.306
RCHGF000977	1176	935.947	83	1164.62
RCHGF000978	564	325.811	9	362.773
RCHGF000979	132	15.0021	0	0
RCHGF000980	912	671.947	4	78.1777
RCHGF000981	264	68.4624	0	0
RCHGF000982	552	313.874	1	41.8411
RCHGF000983	936	695.947	4	75.4817
RCHGF000984	945	704.947	21	391.22
RCHGF000985	852	612.012	0	0
RCHGF000986	429	196.708	0	0
RCHGF000987	915	674.947	0	0
RCHGF000988	918	677.947	0	0
RCHGF000989	1413	1172.95	2	22.3928
RCHGF000990	1005	764.947	2	34.3365
RCHGF000991	1266	1025.95	1	12.8007
RCHGF000993	1203	962.947	0	0
RCHGF000994	273	73.5759	1	178.493
RCHGF000995	642	402.418	0	0
RCHGF000996	684	444.254	0	0
RCHGF000997	1128	887.947	0	0
RCHGF000998	1188	947.947	1	13.854
RCHGF000999	954	713.947	1	18.3947
RCHGF001000	630	390.766	0	0
RCHGF001001	495	258.294	0	0
RCHGF001002	411	180.53	0	0
RCHGF001003	822	582.012	0	0
RCHGF001004	750	510.165	0	0
RCHGF001005	483	246.918	0	0
RCHGF001006	678	438.254	0	0
RCHGF001007	990	749.947	0	0
RCHGF001008	261	66.7407	0	0
RCHGF001009	114	10.4645	0	0
RCHGF001010	951	710.947	0	0
RCHGF001011	1152	911.947	1	14.4008
RCHGF001012	705	465.165	0	0
RCHGF001013	924	683.947	0	0
RCHGF001014	825	585.012	0	0
RCHGF001015	1053	812.947	0	0
RCHGF001016	2382	2141.95	1	6.13125
RCHGF001017	645	405.418	9	291.539
RCHGF001018	939	698.947	0	0
RCHGF001019	768	528.012	0	0
RCHGF001020	120	11.8577	0	0
RCHGF001021	141	17.757	0	0
RCHGF001022	1044	803.947	0	0
RCHGF001023	1176	935.947	0	0
RCHGF001024	645	405.418	0	0
RCHGF001025	471	235.707	0	0
RCHGF001026	927	686.947	0	0
RCHGF001027	825	585.012	0	0
RCHGF001028	765	525.114	0	0
RCHGF001029	417	186.048	0	0
RCHGF001030	2421	2180.95	5	30.1081
RCHGF001031	267	70.1942	1	187.093
RCHGF001032	702	462.165	3	85.2476
RCHGF001033	795	555.012	5	118.311
RCHGF001034	801	561.012	5	117.046
RCHGF001035	480	244.136	0	0
RCHGF001036	2730	2489.95	0	0
RCHGF001037	501	264.01	0	0
RCHGF001038	1437	1196.95	12	131.663
RCHGF001039	1113	872.947	9	135.398
RCHGF001040	1134	893.947	27	396.652
RCHGF001041	753	513.165	5	127.959
RCHGF001042	870	630.012	0	0
RCHGF001043	987	746.947	0	0
RCHGF001044	138	16.8631	0	0
RCHGF001045	729	489.165	3	80.5423
RCHGF001046	1272	1031.95	2	25.4525
RCHGF001047	675	435.254	0	0
RCHGF001048	768	528.012	0	0
RCHGF001049	2370	2129.95	2	12.3316
RCHGF001050	474	238.59	0	0
RCHGF001051	522	284.369	0	0
RCHGF001052	852	612.012	0	0
RCHGF001053	615	376.03	0	0
RCHGF001054	237	54.3096	0	0
RCHGF001055	351	129.444	0	0
RCHGF001056	1086	845.947	6	93.1463
RCHGF001057	744	504.165	5	130.243
RCHGF001058	1344	1103.95	40	475.849
RCHGF001059	444	210.184	1	62.4824
RCHGF001060	1995	1754.95	12	89.7997
RCHGF001061	921	680.947	1	19.2861
RCHGF001062	228	49.7162	7	1849.09
RCHGF001063	474	238.59	22	1210.96
RCHGF001064	291	85.2027	8	1233.09
RCHGF001065	195	34.935	0	0
RCHGF001066	111	9.52419	0	0
RCHGF001067	216	44.3523	0	0
RCHGF001068	654	414.378	0	0
RCHGF001069	1182	941.947	1	13.9422
RCHGF001070	1101	860.947	0	0
RCHGF001071	1323	1082.95	0	0
RCHGF001072	330	112.716	0	0
RCHGF001073	318	103.606	0	0
RCHGF001074	1041	800.947	0	0
RCHGF001075	1896	1655.95	0	0
RCHGF001076	156	21.792	5	3013.22
RCHGF001077	822	582.012	2	45.129
RCHGF001078	1353	1112.95	5	59.0002
RCHGF001079	1311	1070.95	2	24.5256
RCHGF001080	810	570.012	0	0
RCHGF001081	843	603.012	0	0
RCHGF001082	705	465.165	0	0
RCHGF001083	1023	782.947	0	0
RCHGF001084	297	89.1567	1	147.3
RCHGF001085	1470	1229.95	0	0
RCHGF001086	453	218.65	0	0
RCHGF001087	1110	869.947	2	30.1922
RCHGF001088	795	555.012	2	47.3245
RCHGF001089	801	561.012	1	23.4092
RCHGF001090	300	91.2462	2	287.855
RCHGF001091	672	432.296	1	30.3792
RCHGF001092	795	555.012	0	0
RCHGF001093	366	141.477	0	0
RCHGF001094	1530	1289.95	1	10.1809
RCHGF001095	1038	797.947	0	0
RCHGF001096	1290	1049.95	0	0
RCHGF001097	363	139.038	0	0
RCHGF001098	996	755.947	0	0
RCHGF001099	540	301.995	0	0
RCHGF001100	456	221.584	0	0
RCHGF001101	999	758.947	0	0
RCHGF001102	1257	1016.95	2	25.8279
RCHGF001103	495	258.294	0	0
RCHGF001104	750	510.165	0	0
RCHGF001105	1338	1097.95	2	23.9225
RCHGF001106	348	126.898	2	206.982
RCHGF001107	1260	1019.95	8	103.008
RCHGF001108	1443	1202.95	22	240.178
RCHGF001109	171	26.2088	0	0
RCHGF001110	1086	845.947	6	93.1463
RCHGF001111	1929	1688.95	1	7.77574
RCHGF001112	174	27.5754	0	0
RCHGF001113	375	149.062	1	88.1028
RCHGF001114	264	68.4624	3	575.476
RCHGF001115	1248	1007.95	4	52.1171
RCHGF001116	582	343.343	4	152.999
RCHGF001117	237	54.3096	4	967.255
RCHGF001118	216	44.3523	2	592.205
RCHGF001119	672	432.296	0	0
RCHGF001120	1011	770.947	3	51.1039
RCHGF001121	204	38.9057	0	0
RCHGF001122	765	525.114	0	0
RCHGF001123	2040	1799.95	13	94.8509
RCHGF001126	153	20.7858	0	0
RCHGF001127	3351	3110.95	2	8.44297
RCHGF001128	150	19.7917	0	0
RCHGF001129	363	139.038	0	0
RCHGF001130	1386	1145.95	0	0
RCHGF001131	1035	794.947	0	0
RCHGF001132	822	582.012	0	0
RCHGF001133	753	513.165	0	0
RCHGF001134	495	258.294	0	0
RCHGF001135	408	177.967	0	0
RCHGF001136	2769	2528.95	5	25.965
RCHGF001137	114	10.4645	0	0
RCHGF001138	1023	782.947	2	33.5471
RCHGF001139	651	411.378	0	0
RCHGF001140	2697	2456.95	5	26.7259
RCHGF001141	3207	2966.95	14	61.9692
RCHGF001142	774	534.012	16	393.484
RCHGF001143	555	316.874	71	2942.59
RCHGF001144	618	379.03	20	692.97
RCHGF001145	603	364.066	0	0
RCHGF001146	699	459.165	0	0
RCHGF001147	138	16.8631	0	0
RCHGF001148	714	474.165	0	0
RCHGF001149	852	612.012	10	214.584
RCHGF001150	1338	1097.95	30	358.837
RCHGF001152	1281	1040.95	6	75.6973
RCHGF001153	4032	3791.95	7	24.2434
RCHGF001154	1128	887.947	4	59.1603
RCHGF001155	1479	1238.95	5	52.9999
RCHGF001156	465	229.891	1	57.1262
RCHGF001157	333	115.122	0	0
RCHGF001158	972	731.947	16	287.077
RCHGF001159	129	14.2843	0	0
RCHGF001160	906	665.947	5	98.6025
RCHGF001161	999	758.947	2	34.608
RCHGF001162	171	26.2088	0	0
RCHGF001163	129	14.2843	2	1838.77
RCHGF001164	312	99.2618	0	0
RCHGF001165	1887	1646.95	0	0
RCHGF001166	1734	1493.95	4	35.1627
RCHGF001167	426	194.12	0	0
RCHGF001168	126	13.0817	0	0
RCHGF001169	1068	827.947	0	0
RCHGF001170	936	695.947	2	37.7408
RCHGF001171	1104	863.947	0	0
RCHGF001172	252	61.4395	1	213.752
RCHGF001173	972	731.947	38	681.807
RCHGF001174	546	307.934	1	42.6481
RCHGF001176	728	488.165	2	53.8049
RCHGF001178	528	290.285	0	0
RCHGF001179	546	307.934	0	0
RCHGF001180	342	122.115	0	0
RCHGF001181	327	110.412	0	0
RCHGF001182	177	28.3037	0	0
RCHGF001183	1509	1268.95	8	82.795
RCHGF001184	2004	1763.95	8	59.561
RCHGF001185	591	352.242	10	372.835
RCHGF001186	216	44.3523	0	0
RCHGF001187	432	199.33	0	0
RCHGF001188	543	304.995	0	0
RCHGF001189	1650	1409.95	0	0
RCHGF001190	855	615.012	0	0
RCHGF001191	1125	884.947	0	0
RCHGF001192	453	218.65	1	60.0632
RCHGF001193	417	186.048	0	0
RCHGF001195	765	525.114	4	100.038
RCHGF001196	987	746.947	5	87.9099
RCHGF001197	147	19.0704	0	0
RCHGF001198	1434	1193.95	3	32.9985
RCHGF001199	2376	2135.95	21	129.118
RCHGF001200	465	229.891	7	399.883
RCHGF001201	111	9.52419	0	0
RCHGF001202	1785	1544.95	6	51.003
RCHGF001203	1596	1355.95	6	58.1121
RCHGF001204	1578	1337.95	4	39.2626
RCHGF001205	147	19.0704	0	0
RCHGF001206	306	95.0911	0	0
RCHGF001207	144	18.5689	10	7072.46
RCHGF001208	408	177.967	292	21547.7
RCHGF001209	1680	1439.95	6	54.7221
RCHGF001210	1206	965.947	10	135.958
RCHGF001211	855	615.012	1	21.3538
RCHGF001212	612	373.066	2	70.4047
RCHGF001213	324	107.978	0	0
RCHGF001214	252	61.4395	0	0
RCHGF001215	813	573.012	4	91.6757
RCHGF001216	156	21.792	0	0
RCHGF001217	111	9.52419	0	0
RCHGF001218	273	73.5759	0	0
RCHGF001219	330	112.716	1	116.512
RCHGF001220	810	570.012	0	0
RCHGF001221	363	139.038	0	0
RCHGF001222	273	73.5759	0	0
RCHGF001223	525	287.285	0	0
RCHGF001224	1131	890.947	1	14.7403
RCHGF001225	756	516.114	2	50.8911
RCHGF001226	819	579.012	0	0
RCHGF001227	699	459.165	0	0
RCHGF001228	606	367.066	3	107.333
RCHGF001229	1167	926.947	0	0
RCHGF001230	840	600.012	0	0
RCHGF001231	846	606.012	0	0
RCHGF001232	1110	869.947	1	15.0961
RCHGF001233	576	337.779	0	0
RCHGF001234	420	188.953	0	0
RCHGF001235	747	507.165	0	0
RCHGF001236	681	441.254	4	119.05
RCHGF001237	336	117.404	4	447.441
RCHGF001238	432	199.33	3	197.654
RCHGF001239	1236	995.947	4	52.745
RCHGF001240	729	489.165	1	26.8474
RCHGF001241	936	695.947	2	37.7408
RCHGF001242	1053	812.947	0	0
RCHGF001243	948	707.947	4	74.2022
RCHGF001244	972	731.947	4	71.7692
RCHGF001245	930	689.947	1	19.0345
RCHGF001246	870	630.012	5	104.227
RCHGF001247	1365	1124.95	4	46.6966
RCHGF001248	462	227.118	4	231.295
RCHGF001249	222	47.1577	0	0
RCHGF001250	1035	794.947	0	0
RCHGF001251	798	558.012	0	0
RCHGF001252	1002	761.947	0	0
RCHGF001253	156	21.792	0	0
RCHGF001254	366	141.477	1	92.8265
RCHGF001255	1251	1010.95	6	77.9436
RCHGF001256	1215	974.947	38	511.871
RCHGF001257	198	36.2717	0	0
RCHGF001258	1527	1286.95	3	30.6139
RCHGF001259	1200	959.947	3	41.0423
RCHGF001260	777	537.012	1	24.4554
RCHGF001261	459	224.23	0	0
RCHGF001262	1644	1403.95	15	140.313
RCHGF001263	186	31.8754	0	0
RCHGF001264	1158	917.947	2	28.6134
RCHGF001265	846	606.012	0	0
RCHGF001266	633	393.766	0	0
RCHGF001267	354	131.773	0	0
RCHGF001268	651	411.378	0	0
RCHGF001269	579	340.679	0	0
RCHGF001270	2928	2687.95	30	146.574
RCHGF001271	1302	1061.95	12	148.401
RCHGF001272	183	30.3421	0	0
RCHGF001273	666	426.296	1	30.8068
RCHGF001274	1716	1475.95	0	0
RCHGF001275	1917	1676.95	1	7.83138
RCHGF001276	1749	1508.95	3	26.1099
RCHGF001277	912	671.947	0	0
RCHGF001278	111	9.52419	0	0
RCHGF001279	1326	1085.95	0	0
RCHGF001280	2448	2207.95	2	11.896
RCHGF001281	540	301.995	8	347.895
RCHGF001282	759	519.114	2	50.597
RCHGF001283	276	75.6611	0	0
RCHGF001284	546	307.934	3	127.944
RCHGF001285	1278	1037.95	0	0
RCHGF001286	744	504.165	0	0
RCHGF001287	1299	1058.95	2	24.8035
RCHGF001288	1434	1193.95	1	10.9995
RCHGF001289	1425	1184.95	2	22.1661
RCHGF001290	813	573.012	2	45.8379
RCHGF001291	747	507.165	0	0
RCHGF001292	372	146.572	0	0
RCHGF001293	705	465.165	3	84.6978
RCHGF001294	1401	1160.95	6	67.8729
RCHGF001295	1410	1169.95	2	22.4503
RCHGF001296	930	689.947	1	19.0345
RCHGF001297	129	14.2843	0	0
RCHGF001298	618	379.03	0	0
RCHGF001299	465	229.891	1	57.1262
RCHGF001300	213	42.8941	0	0
RCHGF001301	747	507.165	5	129.473
RCHGF001302	966	725.947	1	18.0906
RCHGF001303	972	731.947	0	0
RCHGF001304	447	213.015	0	0
RCHGF001305	2208	1967.95	0	0
RCHGF001306	162	24.056	0	0
RCHGF001307	1068	827.947	0	0
RCHGF001308	1092	851.947	0	0
RCHGF001309	834	594.012	1	22.1087
RCHGF001310	873	633.012	0	0
RCHGF001311	1278	1037.95	0	0
RCHGF001312	1332	1091.95	0	0
RCHGF001313	1008	767.947	4	68.4048
RCHGF001314	966	725.947	2	36.1812
RCHGF001315	1122	881.947	2	29.7814
RCHGF001316	2082	1841.95	12	85.5583
RCHGF001317	669	429.296	7	214.14
RCHGF001318	264	68.4624	2	383.65
RCHGF001319	180	29.2737	0	0
RCHGF001320	633	393.766	9	300.167
RCHGF001321	810	570.012	49	1128.94
RCHGF001322	1074	833.947	8	125.982
RCHGF001323	114	10.4645	0	0
RCHGF001324	141	17.757	0	0
RCHGF001325	621	382.03	46	1581.31
RCHGF001326	489	252.622	33	1715.54
RCHGF001327	870	630.012	77	1605.09
RCHGF001328	1368	1127.95	268	3120.35
RCHGF001329	183	30.3421	3	1298.48
RCHGF001330	1365	1124.95	4	46.6966
RCHGF001331	498	261.191	5	251.402
RCHGF001332	477	241.495	0	0
RCHGF001333	915	674.947	1	19.4575
RCHGF001334	948	707.947	0	0
RCHGF001335	948	707.947	30	556.517
RCHGF001336	117	11.1231	0	0
RCHGF001337	348	126.898	3	310.474
RCHGF001338	132	15.0021	0	0
RCHGF001339	1041	800.947	1	16.3966
RCHGF001340	2514	2273.95	1	5.77534
RCHGF001341	957	716.947	0	0
RCHGF001342	636	396.418	4	132.515
RCHGF001343	2625	2384.95	21	115.637
RCHGF001344	261	66.7407	0	0
RCHGF001345	2817	2576.95	17	86.6366
RCHGF001346	1767	1526.95	41	352.629
RCHGF001347	969	728.947	0	0
RCHGF001348	1443	1202.95	10	109.172
RCHGF001349	198	36.2717	34	12310.3
RCHGF001350	480	244.136	6	322.758
RCHGF001351	111	9.52419	0	0
RCHGF001352	642	402.418	0	0
RCHGF001353	612	373.066	1	35.2023
RCHGF001354	1323	1082.95	1	12.1269
RCHGF001355	840	600.012	0	0
RCHGF001356	378	151.687	0	0
RCHGF001357	639	399.418	0	0
RCHGF001358	828	588.012	0	0
RCHGF001359	807	567.012	0	0
RCHGF001360	483	246.918	0	0
RCHGF001361	1125	884.947	0	0
RCHGF001362	420	188.953	0	0
RCHGF001363	759	519.114	2	50.597
RCHGF001364	816	576.012	1	22.7996
RCHGF001365	147	19.0704	0	0
RCHGF001366	1332	1091.95	0	0
RCHGF001367	792	552.012	0	0
RCHGF001368	219	45.7174	0	0
RCHGF001369	369	144.043	0	0
RCHGF001370	453	218.65	0	0
RCHGF001371	165	24.4988	0	0
RCHGF001372	1089	848.947	0	0
RCHGF001373	168	25.4945	0	0
RCHGF001374	2169	1928.95	1	6.80828
RCHGF001375	864	624.012	1	21.0458
RCHGF001376	879	639.012	1	20.5518
RCHGF001377	1332	1091.95	8	96.2157
RCHGF001378	399	170.081	12	926.583
RCHGF001379	1455	1214.95	9	97.2843
RCHGF001380	1398	1157.95	14	158.78
RCHGF001381	657	417.338	13	409.085
RCHGF001382	1332	1091.95	8	96.2157
RCHGF001383	1380	1139.95	7	80.6438
RCHGF001384	1398	1157.95	3	34.0244
RCHGF001385	114	10.4645	0	0
RCHGF001386	129	14.2843	0	0
RCHGF001387	339	119.883	3	328.64
RCHGF001388	342	122.115	0	0
RCHGF001389	336	117.404	2	223.721
RCHGF001390	768	528.012	11	273.594
RCHGF001391	159	22.7751	1	576.629
RCHGF001392	2211	1970.95	6	39.9792
RCHGF001393	1164	923.947	2	28.4276
RCHGF001394	1083	842.947	1	15.5796
RCHGF001395	762	522.114	2	50.3063
RCHGF001396	261	66.7407	0	0
RCHGF001397	330	112.716	0	0
RCHGF001398	687	447.254	0	0
RCHGF001399	1053	812.947	3	48.4637
RCHGF001400	1251	1010.95	0	0
RCHGF001401	1071	830.947	9	142.242
RCHGF001402	828	588.012	2	44.6686
RCHGF001403	612	373.066	0	0
RCHGF001404	1806	1565.95	5	41.9325
RCHGF001405	429	196.708	0	0
RCHGF001406	822	582.012	3	67.6936
RCHGF001407	528	290.285	0	0
RCHGF001408	789	549.012	3	71.7625
RCHGF001409	120	11.8577	0	0
RCHGF001410	438	204.659	0	0
RCHGF001411	648	408.418	0	0
RCHGF001412	1152	911.947	0	0
RCHGF001413	486	249.721	0	0
RCHGF001414	870	630.012	0	0
RCHGF001415	1143	902.947	0	0
RCHGF001416	888	648.012	1	20.2663
RCHGF001417	423	191.626	0	0
RCHGF001418	474	238.59	0	0
RCHGF001419	492	255.547	0	0
RCHGF001420	585	346.31	0	0
RCHGF001421	243	57.3365	0	0
RCHGF001422	765	525.114	0	0
RCHGF001423	2247	2006.95	65	425.339
RCHGF001424	1458	1217.95	9	97.0447
RCHGF001426	117	11.1231	0	0
RCHGF001427	417	186.048	0	0
RCHGF001428	222	47.1577	0	0
RCHGF001430	1764	1523.95	11	94.7939
RCHGF001431	576	337.779	1	38.8799
RCHGF001432	663	423.338	2	62.0441
RCHGF001433	867	627.012	5	104.725
RCHGF001434	1731	1490.95	7	61.6586
RCHGF001435	747	507.165	3	77.6837
RCHGF001436	1053	812.947	7	113.082
RCHGF001437	123	12.4966	0	0
RCHGF001438	132	15.0021	9	7878.6
RCHGF001439	150	19.7917	0	0
RCHGF001440	1329	1088.95	6	72.3606
RCHGF001441	1395	1154.95	2	22.7418
RCHGF001442	876	636.012	0	0
RCHGF001443	456	221.584	3	177.803
RCHGF001444	945	704.947	0	0
RCHGF001445	753	513.165	0	0
RCHGF001447	939	698.947	0	0
RCHGF001448	666	426.296	0	0
RCHGF001449	645	405.418	0	0
RCHGF001450	927	686.947	0	0
RCHGF001451	429	196.708	0	0
RCHGF001452	504	266.828	0	0
RCHGF001453	858	618.012	0	0
RCHGF001454	819	579.012	0	0
RCHGF001455	891	651.012	0	0
RCHGF001456	843	603.012	0	0
RCHGF001457	1188	947.947	1	13.854
RCHGF001458	1872	1631.95	0	0
RCHGF001459	351	129.444	1	101.456
RCHGF001460	738	498.165	0	0
RCHGF001461	858	618.012	3	63.7503
RCHGF001462	1071	830.947	2	31.6093
RCHGF001463	153	20.7858	0	0
RCHGF001464	2274	2033.95	1	6.45681
RCHGF001465	537	298.995	1	43.9233
RCHGF001466	1611	1370.95	0	0
RCHGF001467	1359	1118.95	1	11.7368
RCHGF001468	1533	1292.95	6	60.9436
RCHGF001469	486	249.721	3	157.77
RCHGF001470	714	474.165	0	0
RCHGF001471	660	420.338	0	0
RCHGF001472	615	376.03	0	0
RCHGF001473	852	612.012	1	21.4584
RCHGF001474	675	435.254	0	0
RCHGF001475	699	459.165	0	0
RCHGF001476	990	749.947	3	52.535
RCHGF001477	1005	764.947	7	120.178
RCHGF001478	666	426.296	0	0
RCHGF001479	630	390.766	0	0
RCHGF001480	510	272.615	1	48.1736
RCHGF001481	1431	1190.95	2	22.0544
RCHGF001482	1392	1151.95	2	22.8011
RCHGF001483	987	746.947	0	0
RCHGF001484	1878	1637.95	8	64.1428
RCHGF001485	2364	2123.95	2	12.3664
RCHGF001486	738	498.165	0	0
RCHGF001487	1878	1637.95	3	24.0536
RCHGF001488	843	603.012	0	0
RCHGF001489	666	426.296	0	0
RCHGF001490	1029	788.947	1	16.646
RCHGF001491	678	438.254	0	0
RCHGF001492	888	648.012	0	0
RCHGF001493	1506	1265.95	0	0
RCHGF001495	1692	1451.95	13	117.585
RCHGF001496	1014	773.947	3	50.9059
RCHGF001497	888	648.012	2	40.5327
RCHGF001498	453	218.65	0	0
RCHGF001499	606	367.066	0	0
RCHGF001501	897	657.012	1	19.9887
RCHGF001502	1086	845.947	0	0
RCHGF001503	816	576.012	0	0
RCHGF001504	843	603.012	0	0
RCHGF001505	771	531.012	0	0
RCHGF001506	492	255.547	0	0
RCHGF001507	417	186.048	0	0
RCHGF001508	1953	1712.95	0	0
RCHGF001509	1371	1130.95	0	0
RCHGF001510	171	26.2088	0	0
RCHGF001511	777	537.012	0	0
RCHGF001512	126	13.0817	0	0
RCHGF001513	417	186.048	0	0
RCHGF001514	912	671.947	0	0
RCHGF001515	984	743.947	0	0
RCHGF001516	132	15.0021	0	0
RCHGF001517	894	654.012	0	0
RCHGF001518	1371	1130.95	1	11.6122
RCHGF001519	114	10.4645	0	0
RCHGF001520	801	561.012	1	23.4092
RCHGF001521	2607	2366.95	2	11.0968
RCHGF001522	450	215.866	0	0
RCHGF001523	1470	1229.95	0	0
RCHGF001524	2022	1781.95	9	66.3293
RCHGF001525	537	298.995	2	87.8465
RCHGF001526	1218	977.947	0	0
RCHGF001527	771	531.012	2	49.4634
RCHGF001528	288	83.3176	0	0
RCHGF001529	369	144.043	3	273.519
RCHGF001530	180	29.2737	0.000936557	0.420161
RCHGF001531	387	159.191	1	82.4972
RCHGF001532	1866	1625.95	0	0
RCHGF001533	135	15.7487	0	0
RCHGF001534	567	328.811	1	39.9403
RCHGF001535	183	30.3421	0	0
RCHGF001536	1098	857.947	2	30.6145
RCHGF001537	984	743.947	1	17.6529
RCHGF001538	621	382.03	1	34.3764
RCHGF001539	870	630.012	2	41.6907
RCHGF001540	1578	1337.95	4	39.2626
RCHGF001541	1671	1430.95	5	45.8885
RCHGF001542	201	37.6051	0	0
RCHGF001543	153	20.7858	0	0
RCHGF001544	972	731.947	1	17.9423
RCHGF001545	1488	1247.95	36	378.847
RCHGF001546	468	232.776	0	0
RCHGF001547	372	146.572	0	0
RCHGF001548	954	713.947	0	0
RCHGF001549	456	221.584	0	0
RCHGF001550	1581	1340.95	0	0
RCHGF001551	870	630.012	4	83.3814
RCHGF001552	846	606.012	1	21.6709
RCHGF001553	756	516.114	1	25.4456
RCHGF001554	798	558.012	0	0
RCHGF001555	420	188.953	2	139.006
RCHGF001556	1224	983.947	1	13.3471
RCHGF001557	798	558.012	1	23.535
RCHGF001558	777	537.012	1	24.4554
RCHGF001559	477	241.495	1	54.3813
RCHGF001560	2727	2486.95	4	21.1228
RCHGF001561	735	495.165	0	0
RCHGF001562	1203	962.947	0	0
RCHGF001563	1341	1100.95	16	190.858
RCHGF001564	282	79.2612	0	0
RCHGF001565	435	202.269	0	0
RCHGF001566	645	405.418	0	0
RCHGF001567	1056	815.947	0	0
RCHGF001568	1515	1274.95	4	41.2027
RCHGF001569	1368	1127.95	0	0
RCHGF001570	660	420.338	1	31.2435
RCHGF001571	837	597.012	0	0
RCHGF001572	771	531.012	1	24.7317
RCHGF001573	471	235.707	0	0
RCHGF001574	414	183.29	0	0
RCHGF001575	843	603.012	0	0
RCHGF001576	648	408.418	0	0
RCHGF001577	1029	788.947	0	0
RCHGF001578	729	489.165	2	53.6949
RCHGF001579	699	459.165	1	28.6015
RCHGF001580	540	301.995	1	43.4869
RCHGF001581	1719	1478.95	1	8.87984
RCHGF001582	867	627.012	6	125.671
RCHGF001583	1677	1436.95	5	45.6969
RCHGF001584	885	645.012	0	0
RCHGF001585	885	645.012	1	20.3606
RCHGF001586	1041	800.947	1	16.3966
RCHGF001587	1158	917.947	0	0
RCHGF001588	834	594.012	0	0
RCHGF001589	753	513.165	0	0
RCHGF001590	480	244.136	0	0
RCHGF001591	399	170.081	0	0
RCHGF001592	2433	2192.95	3	17.966
RCHGF001593	1317	1076.95	15	182.917
RCHGF001594	1668	1427.95	6	55.1819
RCHGF001595	1230	989.947	3	39.7985
RCHGF001597	708	468.165	0	0
RCHGF001598	711	471.165	3	83.6193
RCHGF001599	741	501.165	0	0
RCHGF001600	693	453.254	4	115.898
RCHGF001601	414	183.29	1	71.6503
RCHGF001602	207	40.1549	2	654.108
RCHGF001603	414	183.29	36	2579.41
RCHGF001604	183	30.3421	0	0
RCHGF001605	1104	863.947	104	1580.9
RCHGF001606	135	15.7487	0	0
RCHGF001607	111	9.52419	0	0
RCHGF001608	117	11.1231	0	0
RCHGF001609	336	117.404	2	223.721
RCHGF001610	612	373.066	2	70.4047
RCHGF001611	333	115.122	0	0
RCHGF001612	621	382.03	3	103.129
RCHGF001613	1227	986.947	3	39.9195
RCHGF001614	1167	926.947	3	42.5034
RCHGF001615	387	159.191	0	0
RCHGF001616	819	579.012	0	0
RCHGF001617	990	749.947	2	35.0233
RCHGF001618	363	139.038	5	472.276
RCHGF001619	1122	881.947	0	0
RCHGF001620	774	534.012	0	0
RCHGF001621	1104	863.947	0	0
RCHGF001622	1272	1031.95	1	12.7262
RCHGF001623	297	89.1567	0	0
RCHGF001624	483	246.918	0	0
RCHGF001625	2868	2627.95	3	14.9921
RCHGF001626	555	316.874	26	1077.57
RCHGF001627	1260	1019.95	111	1429.23
RCHGF001628	696	456.209	0	0
RCHGF001629	1599	1358.95	2	19.3279
RCHGF001630	546	307.934	2	85.2962
RCHGF001631	555	316.874	2	82.8899
RCHGF001632	1290	1049.95	2	25.0161
RCHGF001633	450	215.866	1	60.8378
RCHGF001634	1347	1106.95	0	0
RCHGF001635	462	227.118	0	0
RCHGF001636	876	636.012	1	20.6487
RCHGF001637	2073	1832.95	2	14.3297
RCHGF001638	648	408.418	0	0
RCHGF001639	480	244.136	0	0
RCHGF001640	888	648.012	0	0
RCHGF001641	612	373.066	0	0
RCHGF001642	759	519.114	0	0
RCHGF001643	1287	1046.95	1	12.5439
RCHGF001644	273	73.5759	0	0
RCHGF001645	441	207.351	0	0
RCHGF001646	294	87.122	4	602.962
RCHGF001647	552	313.874	4	167.364
RCHGF001648	1311	1070.95	9	110.365
RCHGF001649	1482	1241.95	1	10.5744
RCHGF001650	663	423.338	2	62.0441
RCHGF001651	750	510.165	2	51.4846
RCHGF001652	468	232.776	0	0
RCHGF001653	744	504.165	1	26.0487
RCHGF001654	762	522.114	2	50.3063
RCHGF001655	2739	2498.95	2	10.5107
RCHGF001656	468	232.776	0	0
RCHGF001657	747	507.165	0	0
RCHGF001658	819	579.012	0	0
RCHGF001659	1131	890.947	2	29.4806
RCHGF001660	387	159.191	0	0
RCHGF001661	564	325.811	5	201.54
RCHGF001662	714	474.165	4	110.787
RCHGF001663	870	630.012	7	145.917
RCHGF001664	1230	989.947	22	291.856
RCHGF001665	174	27.5754	7	3333.76
RCHGF001666	1251	1010.95	0	0
RCHGF001667	1398	1157.95	2	22.6829
RCHGF001668	180	29.2737	0	0
RCHGF001669	363	139.038	1	94.4551
RCHGF001670	426	194.12	0	0
RCHGF001671	2028	1787.95	5	36.726
RCHGF001672	1422	1181.95	1	11.1112
RCHGF001673	345	124.605	0	0
RCHGF001674	1239	998.947	1	13.1467
RCHGF001675	318	103.606	0	0
RCHGF001676	1884	1643.95	4	31.9543
RCHGF001677	756	516.114	0	0
RCHGF001678	126	13.0817	0	0
RCHGF001679	165	24.4988	0	0
RCHGF001680	888	648.012	0	0
RCHGF001681	864	624.012	0	0
RCHGF001682	729	489.165	8	214.779
RCHGF001683	537	298.995	376	16515.1
RCHGF001684	405	175.254	88	6594.35
RCHGF001685	486	249.721	0	0
RCHGF001686	804	564.012	2	46.5693
RCHGF001687	849	609.012	2	43.1283
RCHGF001689	561	322.811	0	0
RCHGF001690	1263	1022.95	8	102.706
RCHGF001691	426	194.12	2	135.306
RCHGF001692	1083	842.947	0	0
RCHGF001693	750	510.165	0	0
RCHGF001694	714	474.165	0	0
RCHGF001695	735	495.165	0	0
RCHGF001696	843	603.012	0	0
RCHGF001697	168	25.4945	1	515.124
RCHGF001698	780	540.012	0	0
RCHGF001699	1197	956.947	7	96.0656
RCHGF001700	1104	863.947	2	30.4019
RCHGF001701	468	232.776	65	3667.18
RCHGF001702	774	534.012	41	1008.3
RCHGF001703	864	624.012	2	42.0916
RCHGF001704	852	612.012	0	0
RCHGF001705	1086	845.947	0	0
RCHGF001706	309	97.132	0	0
RCHGF001707	453	218.65	0	0
RCHGF001708	1962	1721.95	1	7.62672
RCHGF001709	888	648.012	0	0
RCHGF001710	1470	1229.95	0	0
RCHGF001711	228	49.7162	0	0
RCHGF001712	1173	932.947	1	14.0767
RCHGF001713	447	213.015	0	0
RCHGF001714	1581	1340.95	36	352.573
RCHGF001715	990	749.947	0	0
RCHGF001716	906	665.947	0	0
RCHGF001717	615	376.03	3	104.775
RCHGF001718	564	325.811	2	80.6162
RCHGF001719	684	444.254	17	502.546
RCHGF001720	1044	803.947	36	588.075
RCHGF001721	420	188.953	0	0
RCHGF001722	435	202.269	0	0
RCHGF001723	324	107.978	0	0
RCHGF001724	924	683.947	1	19.2015
RCHGF001725	1545	1304.95	3	30.1916
RCHGF001726	726	486.165	2	54.0262
RCHGF001727	288	83.3176	0	0
RCHGF001728	468	232.776	0	0
RCHGF001729	789	549.012	2	47.8417
RCHGF001730	585	346.31	4	151.689
RCHGF001731	609	370.066	0	0
RCHGF001732	729	489.165	0	0
RCHGF001733	783	543.012	0	0
RCHGF001734	471	235.707	0	0
RCHGF001735	444	210.184	0	0
RCHGF001736	1656	1415.95	0	0
RCHGF001737	1002	761.947	5	86.1793
RCHGF001738	849	609.012	0	0
RCHGF001739	744	504.165	1	26.0487
RCHGF001741	891	651.012	0	0
RCHGF001743	450	215.866	1	60.8378
RCHGF001745	843	603.012	0	0
RCHGF001746	1512	1271.95	9	92.9247
RCHGF001747	606	367.066	4	143.111
RCHGF001748	723	483.165	4	108.723
RCHGF001749	477	241.495	0	0
RCHGF001750	612	373.066	10	352.023
RCHGF001752	390	161.845	13	1054.88
RCHGF001754	1671	1430.95	0	0
RCHGF001755	1482	1241.95	0	0
RCHGF001756	1260	1019.95	3	38.6279
RCHGF001757	702	462.165	0	0
RCHGF001758	717	477.165	0	0
RCHGF001759	678	438.254	4	119.865
RCHGF001761	1254	1013.95	8	103.617
RCHGF001762	336	117.404	1	111.86
RCHGF001763	291	85.2027	1	154.136
RCHGF001764	261	66.7407	1	196.774
RCHGF001765	135	15.7487	0	0
RCHGF001766	348	126.898	0	0
RCHGF001767	300	91.2462	0	0
RCHGF001768	462	227.118	0	0
RCHGF001769	1035	794.947	0	0
RCHGF001770	333	115.122	0	0
RCHGF001771	1314	1073.95	2	24.4571
RCHGF001772	1563	1322.95	1	9.92694
RCHGF001773	510	272.615	0	0
RCHGF001774	135	15.7487	0	0
RCHGF001775	1833	1592.95	1	8.24435
RCHGF001776	1812	1571.95	0	0
RCHGF001777	255	63.171	0	0
RCHGF001778	492	255.547	1	51.391
RCHGF001779	378	151.687	0	0
RCHGF001780	417	186.048	0	0
RCHGF001781	1170	929.947	0	0
RCHGF001782	135	15.7487	0	0
RCHGF001783	156	21.792	0	0
RCHGF001784	420	188.953	4	278.012
RCHGF001785	1479	1238.95	10	106
RCHGF001786	2583	2342.95	0	0
RCHGF001787	681	441.254	0	0
RCHGF001788	1002	761.947	2	34.4717
RCHGF001789	687	447.254	0	0
RCHGF001790	693	453.254	0	0
RCHGF001791	438	204.659	0	0
RCHGF001792	849	609.012	1	21.5641
RCHGF001793	738	498.165	0	0
RCHGF001794	717	477.165	0	0
RCHGF001795	408	177.967	3	221.381
RCHGF001796	636	396.418	2	66.2573
RCHGF001797	855	615.012	4	85.4151
RCHGF001798	372	146.572	0	0
RCHGF001799	720	480.165	0	0
RCHGF001800	402	172.574	0	0
RCHGF001801	141	17.757	0	0
RCHGF001803	885	645.012	0	0
RCHGF001804	561	322.811	0	0
RCHGF001805	549	310.904	0	0
RCHGF001806	1431	1190.95	1	11.0272
RCHGF001807	822	582.012	0	0
RCHGF001808	1386	1145.95	0	0
RCHGF001809	1065	824.947	2	31.8392
RCHGF001810	1164	923.947	3	42.6414
RCHGF001811	1044	803.947	0	0
RCHGF001812	1605	1364.95	2	19.243
RCHGF001813	600	361.066	0	0
RCHGF001814	294	87.122	0	0
RCHGF001815	186	31.8754	4.99906	2059.64
RCHGF001816	1308	1067.95	3	36.8918
RCHGF001817	465	229.891	0	0
RCHGF001819	801	561.012	2	46.8183
RCHGF001820	780	540.012	1	24.3195
RCHGF001821	744	504.165	2	52.0973
RCHGF001822	162	24.056	0	0
RCHGF001823	183	30.3421	0	0
RCHGF001824	852	612.012	0	0
RCHGF001825	504	266.828	0	0
RCHGF001826	1050	809.947	4	64.8576
RCHGF001827	1071	830.947	1	15.8046
RCHGF001828	1977	1736.95	5	37.8043
RCHGF001829	951	710.947	4	73.8891
RCHGF001830	1875	1634.95	1	8.03256
RCHGF001831	1044	803.947	0	0
RCHGF001832	321	105.81	0	0
RCHGF001833	330	112.716	0	0
RCHGF001834	1332	1091.95	1	12.027
RCHGF001835	1077	836.947	0	0
RCHGF001836	1182	941.947	0	0
RCHGF001837	453	218.65	1	60.0632
RCHGF001838	420	188.953	1	69.503
RCHGF001839	561	322.811	0	0
RCHGF001840	462	227.118	3	173.471
RCHGF001841	438	204.659	1	64.1692
RCHGF001842	1245	1004.95	1	13.0682
RCHGF001843	1299	1058.95	3	37.2053
RCHGF001844	486	249.721	15	788.848
RCHGF001845	501	264.01	0	0
RCHGF001846	711	471.165	3	83.6193
RCHGF001847	1206	965.947	0	0
RCHGF001848	888	648.012	0	0
RCHGF001849	123	12.4966	0	0
RCHGF001850	354	131.773	3	298.987
RCHGF001851	348	126.898	0	0
RCHGF001852	1146	905.947	9	130.466
RCHGF001853	558	319.811	11	451.707
RCHGF001854	192	33.9349	2	774.001
RCHGF001855	360	136.578	6	576.939
RCHGF001856	435	202.269	9	584.346
RCHGF001857	1305	1064.95	7	86.3232
RCHGF001858	186	31.8754	1	412.005
RCHGF001859	1320	1079.95	25	304.015
RCHGF001860	114	10.4645	0	0
RCHGF001861	1317	1076.95	5	60.9724
RCHGF001862	879	639.012	18	369.932
RCHGF001863	378	151.687	12	1038.94
RCHGF001864	129	14.2843	0	0
RCHGF001865	765	525.114	8	200.076
RCHGF001866	2343	2102.95	6	37.4697
RCHGF001867	918	677.947	2	38.7429
RCHGF001868	675	435.254	7	211.209
RCHGF001869	855	615.012	11	234.891
RCHGF001870	891	651.012	0	0
RCHGF001871	1191	950.947	2	27.6205
RCHGF001872	147	19.0704	0	0
RCHGF001873	291	85.2027	2	308.272
RCHGF001874	1161	920.947	1	14.2601
RCHGF001875	807	567.012	3	69.4844
RCHGF001876	777	537.012	0	0
RCHGF001877	759	519.114	5	126.493
RCHGF001878	1014	773.947	32	542.996
RCHGF001879	618	379.03	50	1732.42
RCHGF001880	1812	1571.95	268	2239
RCHGF001881	1191	950.947	37	510.979
RCHGF001882	1113	872.947	51	767.255
RCHGF001884	1290	1049.95	0	0
RCHGF001885	1395	1154.95	0	0
RCHGF001886	675	435.254	17	512.937
RCHGF001887	444	210.184	2	124.965
RCHGF001888	1374	1133.95	0	0
RCHGF001889	513	275.534	8	381.305
RCHGF001890	1356	1115.95	7	82.3782
RCHGF001891	837	597.012	6	131.986
RCHGF001892	567	328.811	3	119.821
RCHGF001893	381	154.164	0	0
RCHGF001894	603	364.066	0	0
RCHGF001895	606	367.066	0	0
RCHGF001896	126	13.0817	0	0
RCHGF001897	1419	1178.95	0	0
RCHGF001898	1932	1691.95	5	38.8098
RCHGF001899	855	615.012	1	21.3538
RCHGF001900	579	340.679	0	0
RCHGF001901	1662	1421.95	8	73.8864
RCHGF001902	993	752.947	0	0
RCHGF001903	489	252.622	0	0
RCHGF001904	1668	1427.95	3	27.591
RCHGF001905	1200	959.947	2	27.3615
RCHGF001906	1317	1076.95	3	36.5835
RCHGF001907	1398	1157.95	0	0
RCHGF001908	1449	1208.95	0	0
RCHGF001909	126	13.0817	0	0
RCHGF001910	972	731.947	3	53.8269
RCHGF001911	669	429.296	4	122.366
RCHGF001912	1491	1250.95	0	0
RCHGF001913	861	621.012	0	0
RCHGF001914	1719	1478.95	2	17.7597
RCHGF001915	183	30.3421	0	0
RCHGF001916	504	266.828	6	295.309
RCHGF001917	1101	860.947	2	30.5078
RCHGF001918	327	110.412	1	118.944
RCHGF001919	171	26.2088	0	0
RCHGF001920	255	63.171	1	207.893
RCHGF001921	411	180.53	0	0
RCHGF001922	465	229.891	3	171.379
RCHGF001923	1272	1031.95	8	101.81
RCHGF001924	561	322.811	0	0
RCHGF001925	243	57.3365	34	7787.64
RCHGF001926	495	258.294	3	152.533
RCHGF001927	591	352.242	1	37.2835
RCHGF001928	507	269.802	1	48.6758
RCHGF001929	585	346.31	1	37.9222
RCHGF001930	1671	1430.95	2	18.3554
RCHGF001931	828	588.012	1	22.3343
RCHGF001932	1335	1094.95	4	47.9761
RCHGF001933	249	60.2644	0	0
RCHGF001934	1005	764.947	0	0
RCHGF001935	1164	923.947	1	14.2138
RCHGF001936	891	651.012	3	60.5188
RCHGF001937	1020	779.947	3	50.5142
RCHGF001938	876	636.012	1	20.6487
RCHGF001939	462	227.118	26	1503.42
RCHGF001940	144	18.5689	0	0
RCHGF001941	531	293.228	0	0
RCHGF001942	2064	1823.95	2	14.4004
RCHGF001943	1617	1376.95	442	4215.63
RCHGF001944	264	68.4624	39	7481.18
RCHGF001945	123	12.4966	0	0
RCHGF001946	933	692.947	8	151.617
RCHGF001947	1737	1496.95	4	35.0923
RCHGF001948	522	284.369	0	0
RCHGF001950	624	384.842	1	34.1252
RCHGF001951	1902	1661.95	3	23.7062
RCHGF001952	549	310.904	23	971.537
RCHGF001953	1230	989.947	2	26.5324
RCHGF001954	903	662.947	2	39.6195
RCHGF001955	318	103.606	0	0
RCHGF001956	396	167.271	0	0
RCHGF001957	126	13.0817	0	0
RCHGF001958	111	9.52419	0	0
RCHGF001959	690	450.254	2	58.3352
RCHGF001960	780	540.012	0	0
RCHGF001961	1023	782.947	0	0
RCHGF001962	159	22.7751	0	0
RCHGF001963	375	149.062	0	0
RCHGF001964	1581	1340.95	1	9.79369
RCHGF001965	1077	836.947	7	109.839
RCHGF001966	1419	1178.95	7	77.9761
RCHGF001967	960	719.947	3	54.7241
RCHGF001968	912	671.947	0	0
RCHGF001969	1194	953.947	4	55.0673
RCHGF001970	591	352.242	3	111.851
RCHGF001971	828	588.012	5	111.671
RCHGF001972	2583	2342.95	6	33.6315
RCHGF001973	954	713.947	2	36.7893
RCHGF001974	774	534.012	0	0
RCHGF001975	573	334.779	0	0
RCHGF001976	1107	866.947	2	30.2967
RCHGF001977	774	534.012	0	0
RCHGF001978	564	325.811	0	0
RCHGF001979	552	313.874	2	83.6822
RCHGF001980	834	594.012	5	110.543
RCHGF001981	687	447.254	0	0
RCHGF001982	408	177.967	0	0
RCHGF001983	591	352.242	7	260.985
RCHGF001984	744	504.165	0	0
RCHGF001986	765	525.114	17	425.16
RCHGF001987	246	58.7955	1	223.364
RCHGF001988	369	144.043	1	91.1729
RCHGF001989	705	465.165	0	0
RCHGF001990	1284	1043.95	0	0
RCHGF001991	378	151.687	0	0
RCHGF001992	1089	848.947	0	0
RCHGF001993	312	99.2618	0	0
RCHGF001994	441	207.351	0	0
RCHGF001995	1941	1700.95	2	15.4418
RCHGF001996	1245	1004.95	3	39.2045
RCHGF001997	885	645.012	1	20.3606
RCHGF001998	1227	986.947	1	13.3065
RCHGF001999	372	146.572	0	0
RCHGF002000	726	486.165	0	0
RCHGF002001	327	110.412	1	118.944
RCHGF002002	438	204.659	0	0
RCHGF002003	507	269.802	0	0
RCHGF002004	177	28.3037	0	0
RCHGF002005	642	402.418	0	0
RCHGF002006	603	364.066	0	0
RCHGF002007	360	136.578	0	0
RCHGF002008	837	597.012	3	65.9928
RCHGF002009	705	465.165	0	0
RCHGF002010	657	417.338	0	0
RCHGF002011	414	183.29	0	0
RCHGF002012	1215	974.947	3	40.4108
RCHGF002013	1185	944.947	1	13.8979
RCHGF002014	642	402.418	0	0
RCHGF002015	1422	1181.95	0	0
RCHGF002016	1314	1073.95	4	48.9142
RCHGF002017	654	414.378	1	31.6928
RCHGF002018	984	743.947	3	52.9587
RCHGF002019	804	564.012	0	0
RCHGF002020	414	183.29	0	0
RCHGF002021	360	136.578	15	1442.35
RCHGF002022	318	103.606	7	887.299
RCHGF002023	1653	1412.95	35	325.312
RCHGF002024	1737	1496.95	24	210.554
RCHGF002025	1626	1385.95	2	18.9514
RCHGF002026	246	58.7955	0	0
RCHGF002027	762	522.114	6	150.919
RCHGF002028	912	671.947	0	0
RCHGF002029	399	170.081	0	0
RCHGF002030	1227	986.947	2	26.613
RCHGF002031	804	564.012	0	0
RCHGF002032	771	531.012	0	0
RCHGF002033	471	235.707	0	0
RCHGF002034	2688	2447.95	0	0
RCHGF002035	120	11.8577	0	0
RCHGF002036	594	355.207	0	0
RCHGF002037	957	716.947	0	0
RCHGF002038	765	525.114	3	75.0283
RCHGF002039	987	746.947	0	0
RCHGF002040	462	227.118	1	57.8237
RCHGF002041	942	701.947	0	0
RCHGF002042	1125	884.947	2	29.6804
RCHGF002043	141	17.757	0	0
RCHGF002044	1095	854.947	2	30.7219
RCHGF002045	159	22.7751	0	0
RCHGF002046	1464	1223.95	1	10.7299
RCHGF002047	780	540.012	1	24.3195
RCHGF002048	123	12.4966	0	0
RCHGF002050	1548	1307.95	2	20.0816
RCHGF002051	810	570.012	0	0
RCHGF002052	783	543.012	0	0
RCHGF002053	321	105.81	0	0
RCHGF002054	1092	851.947	0	0
RCHGF002055	225	48.415	0	0
RCHGF002056	228	49.7162	0	0
RCHGF002057	357	134.008	0	0
RCHGF002059	444	210.184	0	0
RCHGF002060	198	36.2717	0	0
RCHGF002061	1899	1658.95	1	7.91636
RCHGF002062	117	11.1231	0	0
RCHGF002063	1188	947.947	2	27.7079
RCHGF002064	204	38.9057	0	0
RCHGF002065	231	51.2068	0	0
RCHGF002066	417	186.048	0	0
RCHGF002067	357	134.008	1	98.0001
RCHGF002068	222	47.1577	0	0
RCHGF002069	1683	1442.95	0	0
RCHGF002070	621	382.03	13	446.893
RCHGF002071	906	665.947	0	0
RCHGF002072	1005	764.947	0	0
RCHGF002073	2187	1946.95	0	0
RCHGF002074	2448	2207.95	1	5.94798
RCHGF002075	402	172.574	0	0
RCHGF002076	501	264.01	0	0
RCHGF002077	486	249.721	0	0
RCHGF002078	267	70.1942	0	0
RCHGF002079	219	45.7174	0	0
RCHGF002080	141	17.757	0	0
RCHGF002081	1194	953.947	0	0
RCHGF002082	1392	1151.95	0	0
RCHGF002083	381	154.164	0	0
RCHGF002084	327	110.412	0	0
RCHGF002085	3057	2816.95	3	13.9862
RCHGF002086	378	151.687	9	779.207
RCHGF002087	384	156.745	26	2178.4
RCHGF002088	138	16.8631	23	17912.2
RCHGF002089	918	677.947	0	0
RCHGF002090	486	249.721	0	0
RCHGF002091	123	12.4966	0	0
RCHGF002092	429	196.708	0	0
RCHGF002093	624	384.842	0	0
RCHGF002094	639	399.418	0	0
RCHGF002095	1362	1121.95	0	0
RCHGF002097	411	180.53	0	0
RCHGF002099	1776	1535.95	36	307.811
RCHGF002101	1461	1220.95	9	96.8063
RCHGF002102	1401	1160.95	0	0
RCHGF002103	2220	1979.95	3	19.8987
RCHGF002104	1272	1031.95	2	25.4525
RCHGF002105	2247	2006.95	0	0
RCHGF002106	696	456.209	0	0
RCHGF002107	615	376.03	21	733.423
RCHGF002108	837	597.012	0	0
RCHGF002109	378	151.687	0	0
RCHGF002110	594	355.207	0	0
RCHGF002111	525	287.285	14	639.989
RCHGF002112	1308	1067.95	3	36.8918
RCHGF002113	153	20.7858	0	0
RCHGF002114	117	11.1231	0	0
RCHGF002115	924	683.947	11	211.217
RCHGF002116	135	15.7487	2	1667.8
RCHGF002117	1317	1076.95	12	146.334
RCHGF002118	1920	1679.95	10	78.174
RCHGF002119	1332	1091.95	1	12.027
RCHGF002120	996	755.947	3	52.118
RCHGF002121	189	32.8473	2.09076e-06	0.000835915
RCHGF002122	369	144.043	1	91.1729
RCHGF002123	222	47.1577	0	0
RCHGF002124	138	16.8631	2	1557.58
RCHGF002125	618	379.03	1	34.6485
RCHGF002126	1245	1004.95	4	52.2727
RCHGF002127	792	552.012	1	23.7908
RCHGF002128	1941	1700.95	29	223.906
RCHGF002129	459	224.23	0	0
RCHGF002130	324	107.978	0	0
RCHGF002131	402	172.574	2	152.199
RCHGF002132	585	346.31	0	0
RCHGF002133	912	671.947	0	0
RCHGF002134	2379	2138.95	2	12.2797
RCHGF002135	804	564.012	3	69.854
RCHGF002136	912	671.947	1	19.5444
RCHGF002137	615	376.03	0	0
RCHGF002138	1359	1118.95	0	0
RCHGF002139	126	13.0817	0	0
RCHGF002140	237	54.3096	0	0
RCHGF002141	138	16.8631	0	0
RCHGF002142	642	402.418	1	32.6347
RCHGF002143	699	459.165	3	85.8046
RCHGF002144	714	474.165	20	553.935
RCHGF002145	1188	947.947	37	512.596
RCHGF002146	252	61.4395	2	427.504
RCHGF002147	2337	2096.95	11	68.8911
RCHGF002148	951	710.947	1	18.4723
RCHGF002149	1254	1013.95	1	12.9522
RCHGF002150	309	97.132	7	946.441
RCHGF002151	1044	803.947	14	228.696
RCHGF002152	1920	1679.95	42	328.331
RCHGF002153	441	207.351	6	380.017
RCHGF002154	306	95.0911	3	414.323
RCHGF002155	594	355.207	6	221.834
RCHGF002156	1749	1508.95	22	191.473
RCHGF002157	1440	1199.95	48	525.336
RCHGF002158	660	420.338	33	1031.03
RCHGF002159	1350	1109.95	18	212.975
RCHGF002160	189	32.8473	2	799.628
RCHGF002162	1602	1361.95	25	241.067
RCHGF002164	1833	1592.95	13	107.177
RCHGF002165	1311	1070.95	0	0
RCHGF002166	585	346.31	1	37.9222
RCHGF002167	540	301.995	0	0
RCHGF002168	753	513.165	7	179.143
RCHGF002169	1230	989.947	0	0
RCHGF002170	1089	848.947	2	30.9391
RCHGF002171	414	183.29	7	501.552
RCHGF002172	288	83.3176	0	0
RCHGF002173	150	19.7917	0	0
RCHGF002174	531	293.228	0	0
RCHGF002175	1575	1334.95	3	29.5131
RCHGF002176	846	606.012	1	21.6709
RCHGF002177	1893	1652.95	0	0
RCHGF002178	1629	1388.95	8	75.6418
RCHGF002180	1701	1460.95	4	35.957
RCHGF002181	126	13.0817	0	0
RCHGF002183	429	196.708	1	66.7631
RCHGF002185	984	743.947	11	194.182
RCHGF002186	711	471.165	2	55.7462
RCHGF002187	204	38.9057	2	675.11
RCHGF002188	222	47.1577	0	0
RCHGF002189	438	204.659	1	64.1692
RCHGF002190	126	13.0817	0	0
RCHGF002191	870	630.012	5	104.227
RCHGF002192	1311	1070.95	1	12.2628
RCHGF002193	960	719.947	6	109.448
RCHGF002194	1404	1163.95	0	0
RCHGF002195	1917	1676.95	1	7.83138
RCHGF002196	114	10.4645	0	0
RCHGF002197	888	648.012	38	770.12
RCHGF002198	183	30.3421	0	0
RCHGF002199	1902	1661.95	1	7.90207
RCHGF002200	747	507.165	0	0
RCHGF002201	1005	764.947	0	0
RCHGF002202	666	426.296	5	154.034
RCHGF002203	2166	1925.95	9	61.37
RCHGF002204	2166	1925.95	13	88.6455
RCHGF002205	309	97.132	0	0
RCHGF002206	933	692.947	2	37.9042
RCHGF002207	429	196.708	7	467.342
RCHGF002208	1032	791.947	4	66.3318
RCHGF002209	1572	1331.95	6	59.1592
RCHGF002210	4344	4103.95	23	73.601
RCHGF002211	129	14.2843	0	0
RCHGF002212	390	161.845	1	81.1444
RCHGF002213	489	252.622	1	51.986
RCHGF002214	615	376.03	1	34.9249
RCHGF002215	648	408.418	0	0
RCHGF002216	486	249.721	0	0
RCHGF002217	954	713.947	0	0
RCHGF002218	1185	944.947	0	0
RCHGF002219	696	456.209	0	0
RCHGF002220	366	141.477	0	0
RCHGF002221	198	36.2717	1	362.068
RCHGF002222	780	540.012	0	0
RCHGF002224	1179	938.947	0	0
RCHGF002225	705	465.165	0	0
RCHGF002226	2169	1928.95	10	68.0828
RCHGF002227	174	27.5754	0	0
RCHGF002228	1095	854.947	0	0
RCHGF002230	618	379.03	4	138.594
RCHGF002231	368	143.133	0	0
RCHGF002233	852	612.012	3	64.3753
RCHGF002234	321	105.81	42	5212.91
RCHGF002235	126	13.0817	0	0
RCHGF002236	1686	1445.95	1	9.0825
RCHGF002237	699	459.165	1	28.6015
RCHGF002238	1107	866.947	4	60.5934
RCHGF002239	1191	950.947	6	82.8615
RCHGF002240	1242	1001.95	1	13.1073
RCHGF002241	1860	1619.95	3	24.3208
RCHGF002242	390	161.845	0	0
RCHGF002243	1525	1284.95	0	0
RCHGF002246	618	379.03	1	34.6485
RCHGF002247	189	32.8473	0	0
RCHGF002248	372	146.572	0	0
RCHGF002249	705	465.165	1	28.2326
RCHGF002250	243	57.3365	0	0
RCHGF002251	516	278.425	2	94.3365
RCHGF002252	549	310.904	0	0
RCHGF002253	1518	1277.95	7	71.9354
RCHGF002254	837	597.012	3	65.9928
RCHGF002255	1398	1157.95	7	79.3902
RCHGF002256	390	161.845	2	162.289
RCHGF002257	147	19.0704	0	0
RCHGF002258	2811	2570.95	4	20.4326
RCHGF002259	474	238.59	0	0
RCHGF002260	288	83.3176	0	0
RCHGF002261	1344	1103.95	0	0
RCHGF002262	174	27.5754	0	0
RCHGF002263	987	746.947	4	70.3279
RCHGF002264	645	405.418	0	0
RCHGF002265	1038	797.947	0	0
RCHGF002266	1326	1085.95	1	12.0934
RCHGF002267	780	540.012	0	0
RCHGF002268	666	426.296	0	0
RCHGF002269	444	210.184	0	0
RCHGF002270	846	606.012	0	0
RCHGF002271	195	34.935	0	0
RCHGF002272	213	42.8941	0	0
RCHGF002273	195	34.935	2	751.844
RCHGF002274	408	177.967	2	147.587
RCHGF002275	1101	860.947	5	76.2696
RCHGF002276	1353	1112.95	4	47.2001
RCHGF002277	984	743.947	0	0
RCHGF002279	1083	842.947	12	186.956
RCHGF002280	120	11.8577	0	0
RCHGF002281	1815	1574.95	15	125.079
RCHGF002282	135	15.7487	0	0
RCHGF002283	426	194.12	0	0
RCHGF002284	648	408.418	0	0
RCHGF002285	1968	1727.95	2	15.2005
RCHGF002286	771	531.012	0	0
RCHGF002287	993	752.947	0	0
RCHGF002288	687	447.254	0	0
RCHGF002289	555	316.874	4	165.78
RCHGF002290	744	504.165	130	3386.33
RCHGF002291	1176	935.947	47	659.484
RCHGF002292	1578	1337.95	0	0
RCHGF002293	267	70.1942	0	0
RCHGF002294	366	141.477	0	0
RCHGF002295	114	10.4645	0	0
RCHGF002296	228	49.7162	0	0
RCHGF002297	1512	1271.95	25	258.124
RCHGF002299	504	266.828	2	98.4365
RCHGF002300	912	671.947	0	0
RCHGF002301	1800	1559.95	1	8.41876
RCHGF002302	711	471.165	0	0
RCHGF002303	816	576.012	1	22.7996
RCHGF002304	750	510.165	1	25.7423
RCHGF002305	474	238.59	0	0
RCHGF002306	393	164.509	0	0
RCHGF002307	1161	920.947	0	0
RCHGF002308	705	465.165	5	141.163
RCHGF002309	735	495.165	0	0
RCHGF002310	495	258.294	2	101.689
RCHGF002311	126	13.0817	0	0
RCHGF002312	813	573.012	0	0
RCHGF002313	1236	995.947	1	13.1863
RCHGF002314	657	417.338	0	0
RCHGF002315	138	16.8631	0	0
RCHGF002316	546	307.934	1	42.6481
RCHGF002317	2274	2033.95	3	19.3704
RCHGF002318	459	224.23	0	0
RCHGF002319	771	531.012	0	0
RCHGF002320	816	576.012	1	22.7996
RCHGF002321	966	725.947	3	54.2718
RCHGF002322	1002	761.947	0	0
RCHGF002323	501	264.01	0	0
RCHGF002324	1308	1067.95	1	12.2973
RCHGF002325	1515	1274.95	0	0
RCHGF002326	660	420.338	0	0
RCHGF002327	1062	821.947	0	0
RCHGF002328	1404	1163.95	3	33.849
RCHGF002329	726	486.165	0	0
RCHGF002330	687	447.254	1	29.3632
RCHGF002331	1227	986.947	2	26.613
RCHGF002332	705	465.165	0	0
RCHGF002333	417	186.048	0	0
RCHGF002334	921	680.947	0	0
RCHGF002335	960	719.947	0	0
RCHGF002336	1383	1142.95	1	11.4903
RCHGF002337	855	615.012	0	0
RCHGF002338	510	272.615	0	0
RCHGF002339	891	651.012	0	0
RCHGF002340	648	408.418	0	0
RCHGF002341	399	170.081	0	0
RCHGF002342	411	180.53	1	72.7459
RCHGF002343	819	579.012	0	0
RCHGF002344	762	522.114	0	0
RCHGF002345	474	238.59	0	0
RCHGF002346	1020	779.947	0	0
RCHGF002347	2088	1847.95	0	0
RCHGF002348	162	24.056	0	0
RCHGF002349	843	603.012	2	43.5574
RCHGF002350	1458	1217.95	0	0
RCHGF002351	633	393.766	0	0
RCHGF002352	1086	845.947	0	0
RCHGF002353	1026	785.947	0	0
RCHGF002354	1248	1007.95	2	26.0585
RCHGF002355	1443	1202.95	1	10.9172
RCHGF002356	654	414.378	0	0
RCHGF002357	1437	1196.95	0	0
RCHGF002358	336	117.404	0	0
RCHGF002359	1251	1010.95	1	12.9906
RCHGF002360	312	99.2618	0	0
RCHGF002361	1926	1685.95	0	0
RCHGF002362	828	588.012	3	67.0028
RCHGF002363	147	19.0704	13	8952.43
RCHGF002364	174	27.5754	1	476.252
RCHGF002365	144	18.5689	0	0
RCHGF002366	114	10.4645	0	0
RCHGF002367	564	325.811	0	0
RCHGF002368	762	522.114	0	0
RCHGF002369	870	630.012	2	41.6907
RCHGF002370	1911	1670.95	3	23.5785
RCHGF002371	690	450.254	2	58.3352
RCHGF002372	117	11.1231	0	0
RCHGF002373	1359	1118.95	0	0
RCHGF002374	327	110.412	0	0
RCHGF002375	522	284.369	1	46.1823
RCHGF002376	1062	821.947	0	0
RCHGF002377	1089	848.947	0	0
RCHGF002378	1461	1220.95	3	32.2688
RCHGF002379	1803	1562.95	3	25.2078
RCHGF002380	327	110.412	0	0
RCHGF002381	318	103.606	1	126.757
RCHGF002382	1092	851.947	0	0
RCHGF002383	954	713.947	0	0
RCHGF002384	1107	866.947	0	0
RCHGF002385	741	501.165	1	26.2046
RCHGF002386	1095	854.947	2	30.7219
RCHGF002388	1371	1130.95	6	69.6734
RCHGF002389	1197	956.947	24	329.368
RCHGF002390	819	579.012	1	22.6814
RCHGF002391	879	639.012	42	863.174
RCHGF002392	717	477.165	26	715.588
RCHGF002393	690	450.254	5	145.838
RCHGF002394	369	144.043	0	0
RCHGF002395	1185	944.947	0	0
RCHGF002396	2010	1769.95	13	96.4586
RCHGF002397	606	367.066	0	0
RCHGF002398	117	11.1231	0	0
RCHGF002399	519	281.425	0	0
RCHGF002400	834	594.012	0	0
RCHGF002401	606	367.066	0	0
RCHGF002402	1224	983.947	4	53.3883
RCHGF002403	486	249.721	0	0
RCHGF002404	1155	914.947	0	0
RCHGF002405	486	249.721	0	0
RCHGF002406	1167	926.947	11	155.846
RCHGF002407	900	659.947	0	0
RCHGF002408	1374	1133.95	0	0
RCHGF002409	1485	1244.95	3	31.6467
RCHGF002410	813	573.012	0	0
RCHGF002411	1116	875.947	0	0
RCHGF002412	630	390.766	0	0
RCHGF002413	117	11.1231	0	0
RCHGF002414	621	382.03	0	0
RCHGF002415	1008	767.947	0	0
RCHGF002416	630	390.766	0	0
RCHGF002417	666	426.296	0	0
RCHGF002418	2076	1835.95	0	0
RCHGF002419	996	755.947	0	0
RCHGF002420	669	429.296	0	0
RCHGF002421	1377	1136.95	0	0
RCHGF002422	282	79.2612	0	0
RCHGF002423	282	79.2612	0	0
RCHGF002424	462	227.118	0	0
RCHGF002425	147	19.0704	0	0
RCHGF002426	591	352.242	0	0
RCHGF002427	201	37.6051	0	0
RCHGF002428	945	704.947	19	353.961
RCHGF002429	1482	1241.95	0	0
RCHGF002430	891	651.012	0	0
RCHGF002431	372	146.572	0	0
RCHGF002432	1062	821.947	2	31.9554
RCHGF002433	528	290.285	0	0
RCHGF002434	543	304.995	0	0
RCHGF002435	774	534.012	0	0
RCHGF002436	1323	1082.95	0	0
RCHGF002437	1572	1331.95	0	0
RCHGF002438	303	93.2574	0	0
RCHGF002439	117	11.1231	0	0
RCHGF002440	309	97.132	0	0
RCHGF002441	534	296.199	1	44.3378
RCHGF002442	519	281.425	0	0
RCHGF002443	168	25.4945	0	0
RCHGF002444	189	32.8473	0	0
RCHGF002445	1971	1730.95	3	22.7612
RCHGF002447	123	12.4966	0	0
RCHGF002448	1251	1010.95	7	90.9342
RCHGF002449	237	54.3096	1	241.814
RCHGF002450	1056	815.947	2	32.1904
RCHGF002451	1719	1478.95	3	26.6395
RCHGF002452	300	91.2462	0	0
RCHGF002453	588	349.242	5	188.019
RCHGF002454	858	618.012	20	425.002
RCHGF002455	318	103.606	0	0
RCHGF002456	324	107.978	1	121.625
RCHGF002457	195	34.935	0	0
RCHGF002458	792	552.012	2	47.5817
RCHGF002459	513	275.534	0	0
RCHGF002460	606	367.066	5	178.889
RCHGF002461	1482	1241.95	2	21.1487
RCHGF002462	309	97.132	0	0
RCHGF002463	693	453.254	0	0
RCHGF002464	927	686.947	3	57.3529
RCHGF002465	393	164.509	0	0
RCHGF002466	798	558.012	0	0
RCHGF002467	984	743.947	1	17.6529
RCHGF002468	714	474.165	4	110.787
RCHGF002469	813	573.012	0	0
RCHGF002470	747	507.165	0	0
RCHGF002471	465	229.891	0	0
RCHGF002472	744	504.165	0	0
RCHGF002473	729	489.165	0	0
RCHGF002474	957	716.947	3	54.9531
RCHGF002475	852	612.012	0	0
RCHGF002476	180	29.2737	0	0
RCHGF002477	276	75.6611	1	173.574
RCHGF002478	1422	1181.95	1	11.1112
RCHGF002479	456	221.584	0	0
RCHGF002480	2031	1790.95	0	0
RCHGF002481	597	358.172	0	0
RCHGF002482	867	627.012	64	1340.49
RCHGF002483	126	13.0817	0	0
RCHGF002484	318	103.606	0	0
RCHGF002485	120	11.8577	0	0
RCHGF002487	1449	1208.95	7	76.0411
RCHGF002489	1064	823.947	1	15.9389
RCHGF002491	798	558.012	0	0
RCHGF002492	1851	1610.95	1	8.15223
RCHGF002493	354	131.773	0	0
RCHGF002494	537	298.995	0	0
RCHGF002495	546	307.934	0	0
RCHGF002496	402	172.574	0	0
RCHGF002497	381	154.164	0	0
RCHGF002498	387	159.191	0	0
RCHGF002500	624	384.842	5	170.626
RCHGF002501	291	85.2027	0	0
RCHGF002502	114	10.4645	0	0
RCHGF002503	2013	1772.95	2	14.8147
RCHGF002504	234	52.614	0	0
RCHGF002505	759	519.114	0	0
RCHGF002506	534	296.199	5	221.689
RCHGF002507	1227	986.947	4	53.226
RCHGF002508	177	28.3037	0	0
RCHGF002509	270	71.769	2	365.975
RCHGF002510	384	156.745	0	0
RCHGF002511	918	677.947	2	38.7429
RCHGF002512	1638	1397.95	13	122.127
RCHGF002513	717	477.165	2	55.0452
RCHGF002515	1695	1454.95	0	0
RCHGF002516	1263	1022.95	4	51.3529
RCHGF002517	492	255.547	0	0
RCHGF002518	1077	836.947	6	94.148
RCHGF002519	1149	908.947	12	173.381
RCHGF002520	156	21.792	0	0
RCHGF002522	411	180.53	0	0
RCHGF002523	1083	842.947	1	15.5796
RCHGF002524	465	229.891	0	0
RCHGF002526	1317	1076.95	1	12.1945
RCHGF002527	1104	863.947	29	440.827
RCHGF002529	237	54.3096	0	0
RCHGF002530	417	186.048	0	0
RCHGF002531	339	119.883	0	0
RCHGF002532	219	45.7174	0	0
RCHGF002533	618	379.03	0	0
RCHGF002534	1140	899.947	2	29.1857
RCHGF002535	204	38.9057	0	0
RCHGF002536	1191	950.947	9	124.292
RCHGF002537	1170	929.947	1	14.1221
RCHGF002538	1374	1133.95	6	69.489
RCHGF002539	627	387.842	1	33.8613
RCHGF002540	1926	1685.95	0	0
RCHGF002541	1926	1685.95	0	0
RCHGF002542	1179	938.947	2	27.9735
RCHGF002543	909	668.947	5	98.1603
RCHGF002544	450	215.866	1	60.8378
RCHGF002545	615	376.03	0	0
RCHGF002546	597	358.172	1	36.6662
RCHGF002547	1944	1703.95	0	0
RCHGF002548	114	10.4645	0	0
RCHGF002549	1245	1004.95	1	13.0682
RCHGF002550	2163	1922.95	21	143.42
RCHGF002551	2070	1829.95	11	78.9427
RCHGF002552	594	355.207	1	36.9723
RCHGF002553	39	40	0	0
RCHGF002554	3486	3245.95	18	72.8264
RCHGF002555	804	564.012	0	0
RCHGF002556	693	453.254	0	0
RCHGF002557	1287	1046.95	0	0
RCHGF002558	1413	1172.95	0	0
RCHGF002559	300	91.2462	0	0
RCHGF002560	480	244.136	2	107.586
RCHGF002561	111	9.52419	0	0
RCHGF002562	690	450.254	0	0
RCHGF002563	165	24.4988	0	0
RCHGF002564	234	52.614	4	998.428
RCHGF002565	825	585.012	3	67.3464
RCHGF002566	1026	785.947	6	100.257
RCHGF002567	774	534.012	0	0
RCHGF002568	462	227.118	1	57.8237
RCHGF002569	2055	1814.95	1	7.23592
RCHGF002570	876	636.012	0	0
RCHGF002571	465	229.891	1	57.1262
RCHGF002572	1911	1670.95	0	0
RCHGF002573	321	105.81	0	0
RCHGF002574	1284	1043.95	0	0
RCHGF002575	336	117.404	0	0
RCHGF002576	1449	1208.95	3	32.5891
RCHGF002577	1509	1268.95	2	20.6988
RCHGF002578	690	450.254	0	0
RCHGF002579	1302	1061.95	7	86.5671
RCHGF002580	675	435.254	0	0
RCHGF002581	1305	1064.95	1	12.3319
RCHGF002582	975	734.947	1	17.8691
RCHGF002583	147	19.0704	8	5509.19
RCHGF002584	456	221.584	2	118.536
RCHGF002585	309	97.132	6	811.235
RCHGF002586	456	221.584	0	0
RCHGF002587	225	48.415	1	271.255
RCHGF002588	669	429.296	0	0
RCHGF002589	288	83.3176	0	0
RCHGF002590	1068	827.947	1	15.8619
RCHGF002591	777	537.012	4	97.8215
RCHGF002592	168	25.4945	0	0
RCHGF002593	435	202.269	0	0
RCHGF002594	906	665.947	1	19.7205
RCHGF002595	2418	2177.95	2	12.0598
RCHGF002596	114	10.4645	0	0
RCHGF002597	1278	1037.95	0	0
RCHGF002598	1050	809.947	0	0
RCHGF002599	312	99.2618	0	0
RCHGF002600	477	241.495	1	54.3813
RCHGF002601	1917	1676.95	0	0
RCHGF002602	609	370.066	0	0
RCHGF002603	759	519.114	6	151.791
RCHGF002604	192	33.9349	0	0
RCHGF002605	660	420.338	2	62.487
RCHGF002606	696	456.209	2	57.5736
RCHGF002607	1734	1493.95	8	70.3255
RCHGF002608	1623	1382.95	0	0
RCHGF002609	2346	2105.95	0	0
RCHGF002610	723	483.165	0	0
RCHGF002611	1311	1070.95	4	49.0512
RCHGF002612	759	519.114	0	0
RCHGF002613	1422	1181.95	0	0
RCHGF002614	666	426.296	0	0
RCHGF002615	132	15.0021	0	0
RCHGF002616	933	692.947	1	18.9521
RCHGF002617	480	244.136	0	0
RCHGF002618	138	16.8631	0	0
RCHGF002619	201	37.6051	0	0
RCHGF002620	111	9.52419	0	0
RCHGF002621	417	186.048	0	0
RCHGF002622	111	9.52419	0	0
RCHGF002623	894	654.012	0	0
RCHGF002624	2268	2027.95	2	12.9518
RCHGF002625	747	507.165	0	0
RCHGF002626	351	129.444	0	0
RCHGF002627	177	28.3037	0	0
RCHGF002628	1182	941.947	0	0
RCHGF002629	597	358.172	0	0
RCHGF002630	264	68.4624	1	191.825
RCHGF002631	1611	1370.95	0	0
RCHGF002632	1212	971.947	1	13.5119
RCHGF002633	465	229.891	0	0
RCHGF002634	1203	962.947	0	0
RCHGF002635	633	393.766	0	0
RCHGF002636	1098	857.947	0	0
RCHGF002638	225	48.415	0	0
RCHGF002639	561	322.811	2	81.3654
RCHGF002640	618	379.03	0	0
RCHGF002641	288	83.3176	10	1576.23
RCHGF002642	783	543.012	0	0
RCHGF002643	2352	2111.95	7	43.5284
RCHGF002645	1398	1157.95	5	56.7073
RCHGF002646	1995	1754.95	17	127.216
RCHGF002647	792	552.012	0	0
RCHGF002648	147	19.0704	0	0
RCHGF002649	2316	2075.95	0	0
RCHGF002650	771	531.012	0	0
RCHGF002651	1314	1073.95	1	12.2285
RCHGF002652	816	576.012	0	0
RCHGF002653	483	246.918	0	0
RCHGF002654	141	17.757	0	0
RCHGF002655	387	159.191	2	164.994
RCHGF002656	1023	782.947	0	0
RCHGF002657	435	202.269	2	129.855
RCHGF002658	2577	2336.95	41	230.405
RCHGF002659	624	384.842	2	68.2504
RCHGF002660	357	134.008	0	0
RCHGF002661	1152	911.947	4	57.6034
RCHGF002662	1344	1103.95	2	23.7925
RCHGF002663	531	293.228	16	716.594
RCHGF002664	906	665.947	0	0
RCHGF002665	942	701.947	4	74.8365
RCHGF002666	618	379.03	0	0
RCHGF002667	1035	794.947	0	0
RCHGF002668	849	609.012	0	0
RCHGF002669	159	22.7751	0	0
RCHGF002670	321	105.81	0	0
RCHGF002671	324	107.978	4	486.502
RCHGF002672	759	519.114	5	126.493
RCHGF002673	717	477.165	0	0
RCHGF002674	621	382.03	1	34.3764
RCHGF002675	609	370.066	0	0
RCHGF002676	1032	791.947	0	0
RCHGF002677	1281	1040.95	0	0
RCHGF002678	630	390.766	0	0
RCHGF002679	1122	881.947	1	14.8907
RCHGF002681	336	117.404	0	0
RCHGF002682	354	131.773	0	0
RCHGF002683	726	486.165	0	0
RCHGF002684	249	60.2644	0	0
RCHGF002685	1323	1082.95	9	109.142
RCHGF002686	813	573.012	1	22.9189
RCHGF002687	114	10.4645	0	0
RCHGF002688	597	358.172	1	36.6662
RCHGF002689	1902	1661.95	10	79.0207
RCHGF002690	1203	962.947	8	109.105
RCHGF002691	123	12.4966	0	0
RCHGF002692	1125	884.947	2	29.6804
RCHGF002693	159	22.7751	0	0
RCHGF002694	2169	1928.95	11	74.8911
RCHGF002695	864	624.012	1	21.0458
RCHGF002696	153	20.7858	0	0
RCHGF002697	1152	911.947	0	0
RCHGF002698	1569	1328.95	1	9.88212
RCHGF002699	708	468.165	1	28.0517
RCHGF002700	1524	1283.95	1	10.2285
RCHGF002701	573	334.779	0	0
RCHGF002702	168	25.4945	1	515.124
RCHGF002703	426	194.12	1	67.6531
RCHGF002704	174	27.5754	0	0
RCHGF002705	567	328.811	0	0
RCHGF002706	129	14.2843	0	0
RCHGF002707	1830	1589.95	2	16.5198
RCHGF002708	2139	1898.95	0	0
RCHGF002709	708	468.165	0	0
RCHGF002710	648	408.418	1	32.1553
RCHGF002711	126	13.0817	0	0
RCHGF002712	162	24.056	0	0
RCHGF002713	774	534.012	0	0
RCHGF002714	2310	2069.95	1	6.34452
RCHGF002715	456	221.584	0	0
RCHGF002716	765	525.114	0	0
RCHGF002717	489	252.622	2	103.972
RCHGF002718	114	10.4645	0	0
RCHGF002719	495	258.294	0	0
RCHGF002720	885	645.012	13	264.688
RCHGF002721	144	18.5689	0	0
RCHGF002722	654	414.378	0	0
RCHGF002723	693	453.254	0	0
RCHGF002724	1326	1085.95	4	48.3737
RCHGF002725	384	156.745	4	335.138
RCHGF002726	1278	1037.95	5	63.2634
RCHGF002727	189	32.8473	0	0
RCHGF002728	1053	812.947	1	16.1546
RCHGF002729	150	19.7917	0	0
RCHGF002730	1239	998.947	0	0
RCHGF002731	171	26.2088	0	0
RCHGF002732	765	525.114	0	0
RCHGF002733	141	17.757	0	0
RCHGF002734	921	680.947	2	38.5722
RCHGF002735	819	579.012	0	0
RCHGF002736	510	272.615	0	0
RCHGF002737	126	13.0817	1	1003.91
RCHGF002738	306	95.0911	1	138.108
RCHGF002739	312	99.2618	0	0
RCHGF002740	1614	1373.95	2	19.1169
RCHGF002741	147	19.0704	0	0
RCHGF002742	3231	2990.95	7	30.736
RCHGF002743	120	11.8577	0	0
RCHGF002744	1491	1250.95	0	0
RCHGF002745	513	275.534	0	0
RCHGF002746	1020	779.947	15	252.571
RCHGF002747	651	411.378	0	0
RCHGF002748	1749	1508.95	12	104.44
RCHGF002749	1512	1271.95	1	10.325
RCHGF002750	1473	1232.95	1	10.6516
RCHGF002751	978	737.947	0	0
RCHGF002752	1566	1325.95	1	9.90448
RCHGF002753	1698	1457.95	24	216.186
RCHGF002754	192	33.9349	0	0
RCHGF002755	981	740.947	2	35.4487
RCHGF002756	996	755.947	0	0
RCHGF002757	912	671.947	0	0
RCHGF002758	978	737.947	0	0
RCHGF002759	1698	1457.95	39	351.302
RCHGF002760	1203	962.947	17	231.848
RCHGF002761	348	126.898	0	0
RCHGF002762	1416	1175.95	1	11.1679
RCHGF002763	1065	824.947	0	0
RCHGF002764	996	755.947	5	86.8633
RCHGF002765	1863	1622.95	3	24.2759
RCHGF002766	1290	1049.95	1	12.5081
RCHGF002767	834	594.012	2	44.2174
RCHGF002768	957	716.947	6	109.906
RCHGF002769	216	44.3523	21	6218.15
RCHGF002770	330	112.716	31	3611.88
RCHGF002771	321	105.81	9	1117.05
RCHGF002772	621	382.03	0	0
RCHGF002773	1380	1139.95	2	23.0411
RCHGF002775	414	183.29	0	0
RCHGF002776	189	32.8473	1	399.814
RCHGF002777	726	486.165	0	0
RCHGF002778	672	432.296	30	911.376
RCHGF002779	567	328.811	0	0
RCHGF002780	1104	863.947	3	45.6028
RCHGF002781	153	20.7858	0	0
RCHGF002782	921	680.947	0	0
RCHGF002783	585	346.31	0	0
RCHGF002784	951	710.947	0	0
RCHGF002785	1548	1307.95	20	200.816
RCHGF002786	129	14.2843	0	0
RCHGF002787	900	659.947	1	19.8998
RCHGF002788	777	537.012	1	24.4554
RCHGF002789	633	393.766	0	0
RCHGF002790	873	633.012	0	0
RCHGF002791	144	18.5689	1	707.246
RCHGF002792	1833	1592.95	12	98.9322
RCHGF002793	822	582.012	4	90.2581
RCHGF002794	1317	1076.95	23	280.473
RCHGF002795	969	728.947	18	324.291
RCHGF002796	117	11.1231	0	0
RCHGF002797	999	758.947	7	121.128
RCHGF002798	690	450.254	5	145.838
RCHGF002799	180	29.2737	0	0
RCHGF002800	561	322.811	2	81.3654
RCHGF002801	786	546.012	4	96.2091
RCHGF002802	360	136.578	2	192.313
RCHGF002803	339	119.883	2	219.094
RCHGF002804	120	11.8577	0	0
RCHGF002805	1779	1538.95	3	25.6009
RCHGF002806	1728	1487.95	0	0
RCHGF002807	813	573.012	3	68.7568
RCHGF002808	891	651.012	4	80.6917
RCHGF002809	465	229.891	0	0
RCHGF002810	657	417.338	2	62.9361
RCHGF002811	1422	1181.95	0	0
RCHGF002812	999	758.947	0	0
RCHGF002813	156	21.792	0	0
RCHGF002814	1932	1691.95	2	15.5239
RCHGF002815	960	719.947	4	72.9654
RCHGF002816	129	14.2843	1	919.387
RCHGF002817	267	70.1942	0	0
RCHGF002818	555	316.874	0	0
RCHGF002819	501	264.01	1	49.7435
RCHGF002820	537	298.995	0	0
RCHGF002821	300	91.2462	1	143.927
RCHGF002822	264	68.4624	0	0
RCHGF002823	141	17.757	0	0
RCHGF002824	336	117.404	0	0
RCHGF002825	300	91.2462	0	0
RCHGF002826	690	450.254	2	58.3352
RCHGF002827	819	579.012	0	0
RCHGF002828	843	603.012	1	21.7787
RCHGF002829	774	534.012	0	0
RCHGF002830	420	188.953	2	139.006
RCHGF002831	276	75.6611	0	0
RCHGF002832	195	34.935	0	0
RCHGF002834	540	301.995	1	43.4869
RCHGF002835	460	225.163	0	0
RCHGF002837	876	636.012	0	0
RCHGF002838	720	480.165	3	82.0519
RCHGF002839	1131	890.947	0	0
RCHGF002840	1011	770.947	2	34.0693
RCHGF002841	294	87.122	0	0
RCHGF002842	171	26.2088	0	0
RCHGF002843	642	402.418	0	0
RCHGF002844	1968	1727.95	0	0
RCHGF002845	396	167.271	0	0
RCHGF002846	609	370.066	0	0
RCHGF002847	720	480.165	0	0
RCHGF002848	507	269.802	0	0
RCHGF002849	120	11.8577	0	0
RCHGF002850	1290	1049.95	5	62.5404
RCHGF002851	1245	1004.95	3	39.2045
RCHGF002852	777	537.012	1	24.4554
RCHGF002853	2166	1925.95	4	27.2755
RCHGF002854	189	32.8473	0	0
RCHGF002855	174	27.5754	0	0
RCHGF002856	342	122.115	0	0
RCHGF002857	651	411.378	1	31.9239
RCHGF002858	1785	1544.95	7	59.5035
RCHGF002859	603	364.066	1	36.0726
RCHGF002860	141	17.757	0	0
RCHGF002861	1377	1136.95	0	0
RCHGF002862	672	432.296	2	60.7584
RCHGF002863	1149	908.947	2	28.8968
RCHGF002864	120	11.8577	0	0
RCHGF002865	762	522.114	0	0
RCHGF002866	363	139.038	0	0
RCHGF002867	771	531.012	0	0
RCHGF002868	642	402.418	0	0
RCHGF002869	279	77.6109	1	169.213
RCHGF002870	195	34.935	0	0
RCHGF002871	459	224.23	0	0
RCHGF002872	249	60.2644	0	0
RCHGF002873	150	19.7917	2	1327.1
RCHGF002874	522	284.369	0	0
RCHGF002875	114	10.4645	0	0
RCHGF002876	387	159.191	0	0
RCHGF002877	111	9.52419	0	0
RCHGF002878	444	210.184	0	0
RCHGF002879	351	129.444	0	0
RCHGF002880	255	63.171	0	0
RCHGF002881	156	21.792	0	0
RCHGF002882	267	70.1942	0	0
RCHGF002883	453	218.65	0	0
RCHGF002884	354	131.773	3	298.987
RCHGF002885	324	107.978	0	0
RCHGF002886	162	24.056	0	0
RCHGF002887	441	207.351	0	0
RCHGF002888	375	149.062	3	264.308
RCHGF002889	126	13.0817	0	0
RCHGF002890	123	12.4966	0	0
RCHGF002891	1338	1097.95	8	95.69
RCHGF002892	2868	2627.95	1	4.99737
RCHGF002893	2349	2108.95	6	37.3631
RCHGF002894	2010	1769.95	1	7.41989
RCHGF002895	1743	1502.95	4	34.9522
RCHGF002896	1806	1565.95	3	25.1595
RCHGF002897	678	438.254	0	0
RCHGF002898	177	28.3037	1	463.997
RCHGF002899	792	552.012	5	118.954
RCHGF002900	1368	1127.95	8	93.1449
RCHGF002901	111	9.52419	0	0
RCHGF002902	1512	1271.95	5	51.6248
RCHGF002903	906	665.947	5	98.6025
RCHGF002904	1929	1688.95	5	38.8787
RCHGF002905	2220	1979.95	6	39.7975
RCHGF002906	1737	1496.95	0	0
RCHGF002907	669	429.296	0	0
RCHGF002908	702	462.165	0	0
RCHGF002909	1110	869.947	3	45.2883
RCHGF002910	597	358.172	61	2236.64
RCHGF002911	273	73.5759	5	892.467
RCHGF002912	687	447.254	5	146.816
RCHGF002913	135	15.7487	0	0
RCHGF002914	177	28.3037	0	0
RCHGF002915	246	58.7955	0	0
RCHGF002916	555	316.874	1	41.445
RCHGF002917	180	29.2737	0	0
RCHGF002918	762	522.114	3	75.4594
RCHGF002919	306	95.0911	1	138.108
RCHGF002920	510	272.615	0	0
RCHGF002921	660	420.338	0	0
RCHGF002922	780	540.012	1	24.3195
RCHGF002923	318	103.606	10	1267.57
RCHGF002924	216	44.3523	1	296.102
RCHGF002925	657	417.338	22	692.297
RCHGF002926	699	459.165	51	1458.68
RCHGF002927	270	71.769	7	1280.91
RCHGF002928	906	665.947	11	216.926
RCHGF002929	1584	1343.95	7	68.4028
RCHGF002930	783	543.012	3	72.5554
RCHGF002931	975	734.947	6	107.214
RCHGF002932	597	358.172	0	0
RCHGF002933	711	471.165	4	111.492
RCHGF002934	1053	812.947	6	96.9274
RCHGF002935	1101	860.947	1	15.2539
RCHGF002936	1068	827.947	0	0
RCHGF002937	1134	893.947	8	117.527
RCHGF002938	2376	2135.95	35	215.197
RCHGF002939	681	441.254	0	0
RCHGF002940	675	435.254	3	90.5183
RCHGF002941	1395	1154.95	9	102.338
RCHGF002942	186	31.8754	0	0
RCHGF002943	534	296.199	95	4212.09
RCHGF002944	231	51.2068	8	2051.73
RCHGF002945	114	10.4645	0	0
RCHGF002946	2091	1850.95	47	333.474
RCHGF002947	1671	1430.95	9	82.5994
RCHGF002948	129	14.2843	0	0
RCHGF002949	1665	1424.95	0	0
RCHGF002950	471	235.707	3	167.15
RCHGF002951	474	238.59	3	165.131
RCHGF002952	522	284.369	0	0
RCHGF002953	1200	959.947	10	136.808
RCHGF002954	1647	1406.95	4	37.3371
RCHGF002955	729	489.165	2	53.6949
RCHGF002956	738	498.165	12	316.349
RCHGF002957	324	107.978	7	851.378
RCHGF002958	342	122.115	2	215.089
RCHGF002959	435	202.269	0	0
RCHGF002960	963	722.947	1	18.1657
RCHGF002961	858	618.012	17	361.252
RCHGF002962	132	15.0021	0	0
RCHGF002963	699	459.165	32	915.249
RCHGF002964	750	510.165	0	0
RCHGF002965	825	585.012	1	22.4488
RCHGF002966	444	210.184	4	249.93
RCHGF002967	1197	956.947	2	27.4473
RCHGF002968	114	10.4645	0	0
RCHGF002969	1698	1457.95	31	279.24
RCHGF002970	1692	1451.95	1	9.04497
RCHGF002971	1227	986.947	0	0
RCHGF002972	891	651.012	0	0
RCHGF002973	1395	1154.95	58	659.513
RCHGF002974	1293	1052.95	2116	26391.7
RCHGF002975	1470	1229.95	1	10.6775
RCHGF002976	2256	2015.95	3	19.5434
RCHGF002977	609	370.066	0	0
RCHGF002978	1983	1742.95	1	7.53483
RCHGF002979	861	621.012	2	42.2949
RCHGF002980	117	11.1231	0	0
RCHGF002981	495	258.294	1	50.8445
RCHGF002982	693	453.254	2	57.9491
RCHGF002983	525	287.285	1	45.7135
RCHGF002984	120	11.8577	0	0
RCHGF002985	216	44.3523	0	0
RCHGF002986	231	51.2068	0	0
RCHGF002987	1005	764.947	7	120.178
RCHGF002988	561	322.811	20	813.654
RCHGF002989	285	81.1339	0	0
RCHGF002990	1362	1121.95	4	46.8215
RCHGF002991	1170	929.947	5	70.6105
RCHGF002992	882	642.012	2	40.9115
RCHGF002993	213	42.8941	0	0
RCHGF002994	528	290.285	6	271.447
RCHGF002995	159	22.7751	0	0
RCHGF002996	993	752.947	0	0
RCHGF002997	357	134.008	1	98.0001
RCHGF002998	111	9.52419	0	0
RCHGF002999	1200	959.947	9	123.127
RCHGF003000	762	522.114	0	0
RCHGF003001	213	42.8941	16	4898.69
RCHGF003002	567	328.811	5	199.702
RCHGF003003	573	334.779	7	274.598
RCHGF003004	249	60.2644	0	0
RCHGF003005	870	630.012	0	0
RCHGF003006	540	301.995	21	913.226
RCHGF003007	744	504.165	270	7033.14
RCHGF003008	2031	1790.95	0	0
RCHGF003009	585	346.31	0	0
RCHGF003010	873	633.012	0	0
RCHGF003011	774	534.012	0	0
RCHGF003012	729	489.165	0	0
RCHGF003013	396	167.271	1	78.5121
RCHGF003014	390	161.845	1	81.1444
RCHGF003015	855	615.012	0	0
RCHGF003016	786	546.012	0	0
RCHGF003017	786	546.012	0	0
RCHGF003018	1104	863.947	0	0
RCHGF003019	702	462.165	0	0
RCHGF003020	426	194.12	3	202.959
RCHGF003021	1218	977.947	0	0
RCHGF003022	915	674.947	0	0
RCHGF003023	213	42.8941	1	306.168
RCHGF003024	888	648.012	2	40.5327
RCHGF003025	1320	1079.95	6	72.9636
RCHGF003026	114	10.4645	0	0
RCHGF003027	2595	2354.95	20	111.534
RCHGF003028	2040	1799.95	4	29.1849
RCHGF003029	156	21.792	0	0
RCHGF003030	1632	1391.95	3	28.3046
RCHGF003031	417	186.048	1	70.5883
RCHGF003032	1203	962.947	1	13.6381
RCHGF003033	747	507.165	2	51.7892
RCHGF003034	1209	968.947	2	27.1074
RCHGF003035	3504	3263.95	79	317.864
RCHGF003036	7287	7046.95	2	3.72724
RCHGF003037	132	15.0021	0	0
RCHGF003038	804	564.012	8	186.277
RCHGF003039	462	227.118	8	462.59
RCHGF003040	657	417.338	6	188.808
RCHGF003041	306	95.0911	0	0
RCHGF003042	2340	2099.95	10	62.5388
RCHGF003043	849	609.012	1	21.5641
RCHGF003044	768	528.012	2	49.7444
RCHGF003045	318	103.606	2	253.514
RCHGF003046	459	224.23	40	2342.74
RCHGF003047	882	642.012	0	0
RCHGF003048	1755	1514.95	2	17.3377
RCHGF003049	465	229.891	2	114.252
RCHGF003050	111	9.52419	0	0
RCHGF003051	132	15.0021	0	0
RCHGF003052	198	36.2717	5	1810.34
RCHGF003053	399	170.081	2	154.43
RCHGF003054	1311	1070.95	0	0
RCHGF003055	111	9.52419	0	0
RCHGF003056	723	483.165	0	0
RCHGF003057	306	95.0911	23	3176.48
RCHGF003058	873	633.012	0	0
RCHGF003059	480	244.136	0	0
RCHGF003060	855	615.012	10	213.538
RCHGF003061	720	480.165	11	300.857
RCHGF003062	918	677.947	2	38.7429
RCHGF003063	117	11.1231	0	0
RCHGF003064	861	621.012	0	0
RCHGF003065	783	543.012	0	0
RCHGF003066	1137	896.947	27	395.325
RCHGF003067	1197	956.947	14	192.131
RCHGF003068	894	654.012	0	0
RCHGF003069	615	376.03	0	0
RCHGF003070	273	73.5759	0	0
RCHGF003071	804	564.012	1	23.2847
RCHGF003072	1080	839.947	1	15.6353
RCHGF003073	918	677.947	7	135.6
RCHGF003074	702	462.165	0	0
RCHGF003075	198	36.2717	0	0
RCHGF003076	138	16.8631	0	0
RCHGF003077	1005	764.947	0	0
RCHGF003078	225	48.415	0	0
RCHGF003079	1356	1115.95	1	11.7683
RCHGF003080	267	70.1942	0	0
RCHGF003081	513	275.534	6	285.979
RCHGF003082	1119	878.947	3	44.8246
RCHGF003083	1098	857.947	0	0
RCHGF003084	687	447.254	1	29.3632
RCHGF003085	1005	764.947	1	17.1683
RCHGF003086	111	9.52419	0	0
RCHGF003087	927	686.947	3	57.3529
RCHGF003088	825	585.012	12	269.386
RCHGF003089	2145	1904.95	12	82.7287
RCHGF003090	633	393.766	1	33.3519
RCHGF003091	1131	890.947	3	44.2209
RCHGF003092	117	11.1231	0	0
RCHGF003093	135	15.7487	0	0
RCHGF003094	1221	980.947	14	187.43
RCHGF003095	444	210.184	0	0
RCHGF003096	282	79.2612	2	331.381
RCHGF003097	432	199.33	5	329.424
RCHGF003098	1224	983.947	10	133.471
RCHGF003099	315	101.264	0	0
RCHGF003100	1239	998.947	10	131.467
RCHGF003101	582	343.343	0	0
RCHGF003102	1422	1181.95	4	44.4447
RCHGF003103	135	15.7487	0	0
RCHGF003104	129	14.2843	1	919.387
RCHGF003105	2601	2360.95	10	55.6252
RCHGF003106	147	19.0704	0	0
RCHGF003107	1350	1109.95	2	23.6639
RCHGF003108	708	468.165	0	0
RCHGF003109	705	465.165	0	0
RCHGF003110	627	387.842	0	0
RCHGF003111	1416	1175.95	1	11.1679
RCHGF003112	1791	1550.95	4	33.8704
RCHGF003113	1809	1568.95	2	16.7409
RCHGF003114	969	728.947	1	18.0161
RCHGF003115	687	447.254	0	0
RCHGF003116	555	316.874	0	0
RCHGF003117	699	459.165	4	114.406
RCHGF003118	2478	2237.95	1	5.86824
RCHGF003119	387	159.191	15	1237.46
RCHGF003120	186	31.8754	0	0
RCHGF003121	750	510.165	4	102.969
RCHGF003122	294	87.122	2	301.481
RCHGF003123	132	15.0021	0	0
RCHGF003124	111	9.52419	0	0
RCHGF003125	1080	839.947	0	0
RCHGF003126	1305	1064.95	0	0
RCHGF003127	1470	1229.95	2	21.3551
RCHGF003128	819	579.012	2	45.3629
RCHGF003129	477	241.495	1	54.3813
RCHGF003130	4218	3977.95	0	0
RCHGF003131	120	11.8577	0	0
RCHGF003132	213	42.8941	9	2755.51
RCHGF003133	1089	848.947	142	2196.67
RCHGF003134	927	686.947	21	401.471
RCHGF003135	858	618.012	35	743.754
RCHGF003136	216	44.3523	0	0
RCHGF003137	1539	1298.95	3	30.3311
RCHGF003138	1332	1091.95	0	0
RCHGF003139	600	361.066	0	0
RCHGF003140	1167	926.947	0	0
RCHGF003142	4260	4019.95	14	45.7368
RCHGF003143	621	382.03	0	0
RCHGF003144	126	13.0817	0	0
RCHGF003145	1320	1079.95	3	36.4818
RCHGF003146	558	319.811	3	123.193
RCHGF003147	207	40.1549	0	0
RCHGF003148	3858	3617.95	44	159.716
RCHGF003149	4209	3968.95	21	69.4867
RCHGF003150	609	370.066	0	0
RCHGF003151	369	144.043	1	91.1729
RCHGF003152	519	281.425	0	0
RCHGF003154	684	444.254	0	0
RCHGF003155	414	183.29	3	214.951
RCHGF003156	123	12.4966	0	0
RCHGF003157	114	10.4645	0	0
RCHGF003158	966	725.947	0	0
RCHGF003159	819	579.012	6	136.089
RCHGF003160	729	489.165	5	134.237
RCHGF003161	1071	830.947	1	15.8046
RCHGF003162	1047	806.947	1	16.2747
RCHGF003163	1665	1424.95	0	0
RCHGF003164	1332	1091.95	0	0
RCHGF003165	861	621.012	0	0
RCHGF003166	1173	932.947	0	0
RCHGF003167	732	492.165	0	0
RCHGF003168	525	287.285	0	0
RCHGF003169	183	30.3421	0	0
RCHGF003170	111	9.52419	0	0
RCHGF003171	600	361.066	0	0
RCHGF003172	834	594.012	0	0
RCHGF003173	378	151.687	0	0
RCHGF003174	1281	1040.95	1	12.6162
RCHGF003175	285	81.1339	0	0
RCHGF003176	438	204.659	0	0
RCHGF003177	1971	1730.95	0	0
RCHGF003178	126	13.0817	0	0
RCHGF003179	1158	917.947	10	143.067
RCHGF003180	126	13.0817	0	0
RCHGF003181	468	232.776	0	0
RCHGF003182	1041	800.947	0	0
RCHGF003183	807	567.012	2	46.3229
RCHGF003184	1968	1727.95	0	0
RCHGF003185	813	573.012	0	0
RCHGF003186	1056	815.947	0	0
RCHGF003187	312	99.2618	0	0
RCHGF003188	459	224.23	0	0
RCHGF003189	1200	959.947	4	54.7231
RCHGF003190	1620	1379.95	9	85.6521
RCHGF003191	1407	1166.95	0	0
RCHGF003192	336	117.404	0	0
RCHGF003193	1254	1013.95	5	64.7608
RCHGF003194	303	93.2574	0	0
RCHGF003195	1911	1670.95	3	23.5785
RCHGF003196	117	11.1231	0	0
RCHGF003197	867	627.012	2	41.8902
RCHGF003198	246	58.7955	0	0
RCHGF003199	324	107.978	0	0
RCHGF003200	234	52.614	0	0
RCHGF003201	1041	800.947	1	16.3966
RCHGF003202	1896	1655.95	1	7.9307
RCHGF003203	624	384.842	0	0
RCHGF003204	972	731.947	0	0
RCHGF003205	1011	770.947	1	17.0346
RCHGF003206	936	695.947	0	0
RCHGF003207	915	674.947	0	0
RCHGF003208	645	405.418	0	0
RCHGF003209	702	462.165	0	0
RCHGF003210	774	534.012	0	0
RCHGF003211	957	716.947	4	73.2707
RCHGF003212	876	636.012	2	41.2974
RCHGF003213	1191	950.947	0	0
RCHGF003214	807	567.012	1	23.1615
RCHGF003215	1407	1166.95	0	0
RCHGF003216	975	734.947	0	0
RCHGF003217	528	290.285	0	0
RCHGF003218	645	405.418	0	0
RCHGF003220	480	244.136	8	430.344
RCHGF003221	843	603.012	43	936.485
RCHGF003222	1395	1154.95	0	0
RCHGF003223	888	648.012	0	0
RCHGF003224	888	648.012	0	0
RCHGF003225	1302	1061.95	3	37.1002
RCHGF003226	936	695.947	0	0
RCHGF003227	1635	1394.95	4	37.6582
RCHGF003228	1581	1340.95	2	19.5874
RCHGF003229	186	31.8754	0	0
RCHGF003230	1374	1133.95	1	11.5815
RCHGF003231	777	537.012	3	73.3661
RCHGF003232	1875	1634.95	0	0
RCHGF003233	792	552.012	0	0
RCHGF003234	1299	1058.95	0	0
RCHGF003235	288	83.3176	3	472.87
RCHGF003236	1404	1163.95	0	0
RCHGF003238	1713	1472.95	23	205.068
RCHGF003239	918	677.947	6	116.229
RCHGF003240	1248	1007.95	3	39.0878
RCHGF003241	936	695.947	0	0
RCHGF003242	765	525.114	0	0
RCHGF003243	2103	1862.95	3	21.1484
RCHGF003244	1362	1121.95	6	70.2323
RCHGF003245	1425	1184.95	2	22.1661
RCHGF003246	423	191.626	2	137.067
RCHGF003247	396	167.271	0	0
RCHGF003248	480	244.136	0	0
RCHGF003249	369	144.043	0	0
RCHGF003250	1305	1064.95	0	0
RCHGF003252	114	10.4645	1	1254.99
RCHGF003253	1560	1319.95	11	109.445
RCHGF003254	138	16.8631	0	0
RCHGF003255	540	301.995	0	0
RCHGF003256	549	310.904	0	0
RCHGF003257	792	552.012	1	23.7908
RCHGF003258	261	66.7407	0	0
RCHGF003259	465	229.891	2	114.252
RCHGF003260	852	612.012	0	0
RCHGF003261	909	668.947	0	0
RCHGF003262	423	191.626	0	0
RCHGF003263	159	22.7751	0	0
RCHGF003264	312	99.2618	0	0
RCHGF003265	132	15.0021	0	0
RCHGF003266	117	11.1231	0	0
RCHGF003267	231	51.2068	0	0
RCHGF003268	162	24.056	0	0
RCHGF003269	603	364.066	1	36.0726
RCHGF003270	942	701.947	0	0
RCHGF003271	210	41.5706	2	631.832
RCHGF003272	876	636.012	4	82.5948
RCHGF003273	117	11.1231	0	0
RCHGF003274	1044	803.947	0	0
RCHGF003275	1347	1106.95	1	11.864
RCHGF003276	1818	1577.95	0	0
RCHGF003277	2646	2405.95	3	16.3754
RCHGF003278	906	665.947	3	59.1615
RCHGF003279	3267	3026.95	2	8.67727
RCHGF003280	900	659.947	1	19.8998
RCHGF003281	1128	887.947	19	281.012
RCHGF003282	1614	1373.95	2	19.1169
RCHGF003283	219	45.7174	0	0
RCHGF003284	270	71.769	0	0
RCHGF003285	612	373.066	1	35.2023
RCHGF003286	516	278.425	2	94.3365
RCHGF003287	318	103.606	2	253.514
RCHGF003288	621	382.03	8	275.011
RCHGF003289	171	26.2088	3	1503.25
RCHGF003290	183	30.3421	0	0
RCHGF003291	1938	1697.95	1	7.73452
RCHGF003292	417	186.048	0	0
RCHGF003293	327	110.412	0	0
RCHGF003294	2271	2030.95	1	6.46635
RCHGF003295	279	77.6109	0	0
RCHGF003296	1341	1100.95	0	0
RCHGF003297	417	186.048	1	70.5883
RCHGF003298	357	134.008	0	0
RCHGF003299	552	313.874	0	0
RCHGF003300	1248	1007.95	2	26.0585
RCHGF003301	684	444.254	0	0
RCHGF003302	366	141.477	0	0
RCHGF003303	240	55.9683	0	0
RCHGF003304	1599	1358.95	0	0
RCHGF003305	327	110.412	3	356.831
RCHGF003306	303	93.2574	5	704.117
RCHGF003307	1368	1127.95	0	0
RCHGF003308	534	296.199	0	0
RCHGF003309	1182	941.947	0	0
RCHGF003310	270	71.769	0	0
RCHGF003311	381	154.164	0	0
RCHGF003312	285	81.1339	0	0
RCHGF003313	570	331.779	0	0
RCHGF003314	372	146.572	0	0
RCHGF003315	162	24.056	0	0
RCHGF003316	3150	2909.95	0	0
RCHGF003317	648	408.418	0	0
RCHGF003318	1719	1478.95	0	0
RCHGF003319	1893	1652.95	0	0
RCHGF003320	411	180.53	0	0
RCHGF003321	951	710.947	0	0
RCHGF003322	117	11.1231	0	0
RCHGF003323	219	45.7174	0	0
RCHGF003324	1563	1322.95	1	9.92694
RCHGF003325	414	183.29	0	0
RCHGF003326	1023	782.947	4	67.0943
RCHGF003327	237	54.3096	2	483.628
RCHGF003328	1359	1118.95	1	11.7368
RCHGF003329	549	310.904	0	0
RCHGF003330	825	585.012	0	0
RCHGF003331	1332	1091.95	0	0
RCHGF003332	594	355.207	9	332.75
RCHGF003333	1422	1181.95	8	88.8893
RCHGF003334	1419	1178.95	0	0
RCHGF003335	303	93.2574	0	0
RCHGF003336	1122	881.947	0	0
RCHGF003337	1995	1754.95	1	7.48331
RCHGF003338	2289	2048.95	4	25.6382
RCHGF003339	1581	1340.95	0	0
RCHGF003340	816	576.012	0	0
RCHGF003341	672	432.296	0	0
RCHGF003342	633	393.766	0	0
RCHGF003343	1008	767.947	355	6070.92
RCHGF003344	1386	1145.95	0	0
RCHGF003345	273	73.5759	0	0
RCHGF003346	468	232.776	0	0
RCHGF003347	489	252.622	0	0
RCHGF003348	2022	1781.95	0	0
RCHGF003349	1599	1358.95	0	0
RCHGF003350	1233	992.947	1	13.2261
RCHGF003351	678	438.254	8	239.73
RCHGF003352	1155	914.947	4	57.4145
RCHGF003353	879	639.012	3	61.6553
RCHGF003354	480	244.136	17	914.482
RCHGF003355	1761	1520.95	34	293.577
RCHGF003356	2358	2117.95	6	37.2044
RCHGF003357	657	417.338	1	31.4681
RCHGF003359	855	615.012	1	21.3538
RCHGF003360	390	161.845	0	0
RCHGF003361	2511	2270.95	2	11.5659
RCHGF003362	540	301.995	0	0
RCHGF003363	1170	929.947	0	0
RCHGF003364	1536	1295.95	1	10.1338
RCHGF003365	951	710.947	2	36.9446
RCHGF003366	4821	4580.95	1	2.86683
RCHGF003367	675	435.254	0	0
RCHGF003368	153	20.7858	0	0
RCHGF003369	660	420.338	3	93.7304
RCHGF003370	1083	842.947	2	31.1593
RCHGF003371	468	232.776	1	56.4181
RCHGF003372	168	25.4945	0	0
RCHGF003373	219	45.7174	0	0
RCHGF003374	309	97.132	2	270.412
RCHGF003375	1419	1178.95	2	22.2789
RCHGF003376	300	91.2462	0	0
RCHGF003377	123	12.4966	0	0
RCHGF003378	495	258.294	7	355.911
RCHGF003379	474	238.59	3	165.131
RCHGF003380	138	16.8631	0	0
RCHGF003381	642	402.418	0	0
RCHGF003382	1008	767.947	0	0
RCHGF003383	447	213.015	0	0
RCHGF003384	912	671.947	0	0
RCHGF003385	1050	809.947	0	0
RCHGF003386	327	110.412	0	0
RCHGF003387	480	244.136	0	0
RCHGF003388	870	630.012	0	0
RCHGF003389	858	618.012	0	0
RCHGF003390	1956	1715.95	0	0
RCHGF003391	411	180.53	0	0
RCHGF003392	210	41.5706	0	0
RCHGF003393	771	531.012	2	49.4634
RCHGF003394	633	393.766	0	0
RCHGF003395	468	232.776	0	0
RCHGF003396	924	683.947	93	1785.74
RCHGF003397	411	180.53	0	0
RCHGF003398	390	161.845	11	892.589
RCHGF003399	1026	785.947	0	0
RCHGF003400	330	112.716	1	116.512
RCHGF003401	984	743.947	0	0
RCHGF003402	255	63.171	0	0
RCHGF003403	1029	788.947	2	33.292
RCHGF003404	447	213.015	0	0
RCHGF003405	603	364.066	1	36.0726
RCHGF003406	450	215.866	0	0
RCHGF003407	1218	977.947	0	0
RCHGF003408	1287	1046.95	0	0
RCHGF003410	354	131.773	0	0
RCHGF003411	2091	1850.95	1	7.09519
RCHGF003412	420	188.953	0	0
RCHGF003413	618	379.03	0	0
RCHGF003414	594	355.207	0	0
RCHGF003415	204	38.9057	0	0
RCHGF003416	111	9.52419	0	0
RCHGF003417	204	38.9057	0	0
RCHGF003418	1377	1136.95	0	0
RCHGF003419	2160	1919.95	0	0
RCHGF003420	375	149.062	0	0
RCHGF003421	471	235.707	0	0
RCHGF003422	564	325.811	0	0
RCHGF003423	891	651.012	0	0
RCHGF003424	2514	2273.95	0	0
RCHGF003425	390	161.845	0	0
RCHGF003426	1791	1550.95	0	0
RCHGF003427	705	465.165	0	0
RCHGF003428	153	20.7858	0	0
RCHGF003429	840	600.012	0	0
RCHGF003430	831	591.012	0	0
RCHGF003431	4428	4187.95	0	0
RCHGF003432	966	725.947	38	687.442
RCHGF003433	969	728.947	36	648.581
RCHGF003434	444	210.184	10	624.824
RCHGF003435	5241	5000.95	6	15.7564
RCHGF003436	801	561.012	0	0
RCHGF003437	2145	1904.95	1	6.89406
RCHGF003438	615	376.03	0	0
RCHGF003439	258	65.0428	0	0
RCHGF003440	756	516.114	0	0
RCHGF003441	798	558.012	0	0
RCHGF003442	744	504.165	2	52.0973
RCHGF003443	345	124.605	0	0
RCHGF003444	1080	839.947	0	0
RCHGF003445	570	331.779	0	0
RCHGF003446	135	15.7487	0	0
RCHGF003447	228	49.7162	0	0
RCHGF003448	840	600.012	0	0
RCHGF003449	1185	944.947	1	13.8979
RCHGF003450	1716	1475.95	0	0
RCHGF003451	453	218.65	0	0
RCHGF003452	414	183.29	1	71.6503
RCHGF003453	117	11.1231	0	0
RCHGF003454	912	671.947	0	0
RCHGF003455	843	603.012	0	0
RCHGF003456	1128	887.947	0	0
RCHGF003457	120	11.8577	0	0
RCHGF003458	834	594.012	0	0
RCHGF003459	1542	1301.95	0	0
RCHGF003460	396	167.271	0	0
RCHGF003461	645	405.418	0	0
RCHGF003462	606	367.066	0	0
RCHGF003463	276	75.6611	0	0
RCHGF003464	282	79.2612	0	0
RCHGF003465	120	11.8577	0	0
RCHGF003467	126	13.0817	0	0
RCHGF003468	1413	1172.95	0	0
RCHGF003469	465	229.891	0	0
RCHGF003470	1569	1328.95	20	197.642
RCHGF003471	1131	890.947	8	117.922
RCHGF003472	699	459.165	0	0
RCHGF003473	213	42.8941	0	0
RCHGF003474	333	115.122	5	570.388
RCHGF003475	1446	1205.95	6	65.3402
RCHGF003476	882	642.012	0	0
RCHGF003477	588	349.242	0	0
RCHGF003478	519	281.425	0	0
RCHGF003479	615	376.03	1	34.9249
RCHGF003480	906	665.947	8	157.764
RCHGF003481	1167	926.947	3	42.5034
RCHGF003482	861	621.012	0	0
RCHGF003483	1215	974.947	0	0
RCHGF003484	1038	797.947	5	82.2912
RCHGF003485	1392	1151.95	2	22.8011
RCHGF003486	1221	980.947	1	13.3879
RCHGF003488	1176	935.947	1	14.0316
RCHGF003489	255	63.171	0	0
RCHGF003490	660	420.338	0	0
RCHGF003491	756	516.114	1	25.4456
RCHGF003492	177	28.3037	0	0
RCHGF003493	480	244.136	5	268.965
RCHGF003494	579	340.679	4	154.196
RCHGF003495	1218	977.947	0	0
RCHGF003496	1182	941.947	2	27.8844
RCHGF003497	1092	851.947	8	123.32
RCHGF003498	1059	818.947	1	16.0362
RCHGF003499	114	10.4645	13	16314.8
RCHGF003500	1545	1304.95	33	332.108
RCHGF003501	777	537.012	9	220.098
RCHGF003502	837	597.012	111	2441.73
RCHGF003503	1026	785.947	67	1119.54
RCHGF003504	786	546.012	30	721.568
RCHGF003505	1137	896.947	35	512.459
RCHGF003506	1206	965.947	10	135.958
RCHGF003507	1203	962.947	83	1131.97
RCHGF003508	2112	1871.95	6	42.0935
RCHGF003509	243	57.3365	0	0
RCHGF003510	1134	893.947	2	29.3816
RCHGF003511	153	20.7858	0	0
RCHGF003512	951	710.947	14	258.612
RCHGF003513	1263	1022.95	6	77.0293
RCHGF003514	948	707.947	0	0
RCHGF003515	675	435.254	0	0
RCHGF003516	339	119.883	2	219.094
RCHGF003517	1704	1463.95	40	358.833
RCHGF003518	1062	821.947	0	0
RCHGF003519	420	188.953	0	0
RCHGF003520	399	170.081	3	231.646
RCHGF003521	459	224.23	0	0
RCHGF003522	312	99.2618	0	0
RCHGF003523	1029	788.947	0	0
RCHGF003524	915	674.947	0	0
RCHGF003525	153	20.7858	0	0
RCHGF003526	678	438.254	1	29.9662
RCHGF003527	165	24.4988	0	0
RCHGF003528	117	11.1231	0	0
RCHGF003529	132	15.0021	3	2626.2
RCHGF003530	792	552.012	7	166.536
RCHGF003531	921	680.947	3	57.8583
RCHGF003532	1053	812.947	0	0
RCHGF003533	1053	812.947	1	16.1546
RCHGF003534	1272	1031.95	0	0
RCHGF003535	870	630.012	0	0
RCHGF003536	969	728.947	2	36.0323
RCHGF003537	348	126.898	2	206.982
RCHGF003538	672	432.296	5	151.896
RCHGF003539	885	645.012	189	3848.15
RCHGF003540	738	498.165	0	0
RCHGF003541	2253	2012.95	4	26.0967
RCHGF003542	819	579.012	4	90.7257
RCHGF003543	756	516.114	0	0
RCHGF003544	1215	974.947	0	0
RCHGF003545	1188	947.947	1	13.854
RCHGF003546	750	510.165	0	0
RCHGF003547	765	525.114	0	0
RCHGF003548	1005	764.947	0	0
RCHGF003549	747	507.165	0	0
RCHGF003550	3216	2975.95	8	35.3039
RCHGF003551	1074	833.947	1	15.7478
RCHGF003552	636	396.418	4	132.515
RCHGF003553	699	459.165	3	85.8046
RCHGF003554	906	665.947	0	0
RCHGF003555	744	504.165	1	26.0487
RCHGF003556	3213	2972.95	21	92.7662
RCHGF003557	1077	836.947	9	141.222
RCHGF003558	1290	1049.95	2	25.0161
RCHGF003559	885	645.012	1	20.3606
RCHGF003561	381	154.164	5	425.937
RCHGF003562	426	194.12	0	0
RCHGF003563	960	719.947	1	18.2414
RCHGF003564	1230	989.947	1	13.2662
RCHGF003565	819	579.012	1	22.6814
RCHGF003566	771	531.012	0	0
RCHGF003567	471	235.707	0	0
RCHGF003568	735	495.165	0	0
RCHGF003569	414	183.29	0	0
RCHGF003570	720	480.165	1	27.3506
RCHGF003571	852	612.012	3	64.3753
RCHGF003572	897	657.012	13	259.853
RCHGF003573	543	304.995	0	0
RCHGF003574	738	498.165	3	79.0872
RCHGF003575	396	167.271	3	235.536
RCHGF003576	777	537.012	0	0
RCHGF003577	723	483.165	1	27.1808
RCHGF003578	654	414.378	2	63.3856
RCHGF003580	507	269.802	1	48.6758
RCHGF003581	615	376.03	0	0
RCHGF003582	852	612.012	0	0
RCHGF003583	1614	1373.95	4	38.2338
RCHGF003584	393	164.509	7	558.812
RCHGF003585	912	671.947	3	58.6332
RCHGF003586	816	576.012	12	273.595
RCHGF003587	978	737.947	6	106.778
RCHGF003588	297	89.1567	169	24893.8
RCHGF003589	168	25.4945	50	25756.2
RCHGF003590	2145	1904.95	496	3419.45
RCHGF003591	216	44.3523	2	592.205
RCHGF003592	210	41.5706	4	1263.66
RCHGF003593	417	186.048	26	1835.3
RCHGF003594	546	307.934	38	1620.63
RCHGF003595	162	24.056	1	545.927
RCHGF003596	342	122.115	23	2473.52
RCHGF003597	411	180.53	59	4292.01
RCHGF003598	177	28.3037	4	1855.99
RCHGF003599	1296	1055.95	5	62.185
RCHGF003600	816	576.012	2	45.5991
RCHGF003601	3666	3425.95	2	7.66668
RCHGF003602	1287	1046.95	0	0
RCHGF003603	228	49.7162	0	0
RCHGF003604	3075	2834.95	6	27.7948
RCHGF003605	702	462.165	2	56.8318
RCHGF003606	225	48.415	2	542.51
RCHGF003607	543	304.995	0	0
RCHGF003608	234	52.614	0	0
RCHGF003609	357	134.008	0	0
RCHGF003610	222	47.1577	0	0
RCHGF003611	897	657.012	3	59.9661
RCHGF003612	879	639.012	1	20.5518
RCHGF003613	1164	923.947	1	14.2138
RCHGF003614	159	22.7751	0	0
RCHGF003615	483	246.918	1	53.187
RCHGF003616	1629	1388.95	7	66.1866
RCHGF003617	357	134.008	3	294
RCHGF003618	777	537.012	0	0
RCHGF003619	900	659.947	0	0
RCHGF003620	1071	830.947	2	31.6093
RCHGF003621	1080	839.947	0	0
RCHGF003622	714	474.165	3	83.0902
RCHGF003623	798	558.012	2	47.07
RCHGF003624	267	70.1942	1	187.093
RCHGF003625	651	411.378	6	191.544
RCHGF003626	723	483.165	8	217.447
RCHGF003627	1644	1403.95	34	318.043
RCHGF003628	558	319.811	25	1026.61
RCHGF003629	132	15.0021	1	875.399
RCHGF003630	1863	1622.95	59	477.425
RCHGF003631	2271	2030.95	32	206.923
RCHGF003632	462	227.118	3	173.471
RCHGF003633	1263	1022.95	1	12.8382
RCHGF003634	741	501.165	16	419.273
RCHGF003635	600	361.066	6	218.234
RCHGF003636	774	534.012	3	73.7783
RCHGF003637	669	429.296	2	61.183
RCHGF003638	1008	767.947	2	34.2024
RCHGF003639	201	37.6051	0	0
RCHGF003640	1191	950.947	0	0
RCHGF003641	1560	1319.95	42	417.879
RCHGF003642	708	468.165	14	392.724
RCHGF003643	711	471.165	3	83.6193
RCHGF003644	336	117.404	8	894.882
RCHGF003645	144	18.5689	0	0
RCHGF003646	537	298.995	0	0
RCHGF003647	882	642.012	6	122.734
RCHGF003648	153	20.7858	0	0
RCHGF003649	960	719.947	7.2	131.338
RCHGF003650	702	462.165	19	539.902
RCHGF003651	510	272.615	0	0
RCHGF003652	201	37.6051	0	0
RCHGF003653	180	29.2737	8	3588.98
RCHGF003654	2013	1772.95	98	725.919
RCHGF003655	234	52.614	0	0
RCHGF003656	1608	1367.95	5	48.0019
RCHGF003657	594	355.207	10	369.723
RCHGF003658	834	594.012	1	22.1087
RCHGF003659	246	58.7955	0	0
RCHGF003660	747	507.165	2	51.7892
RCHGF003661	774	534.012	1	24.5928
RCHGF003662	327	110.412	0	0
RCHGF003663	147	19.0704	0	0
RCHGF003664	960	719.947	4.8	87.5585
RCHGF003665	2556	2315.95	87	493.342
RCHGF003666	171	26.2088	0	0
RCHGF003667	639	399.418	0	0
RCHGF003668	612	373.066	0	0
RCHGF003669	1362	1121.95	10	117.054
RCHGF003670	270	71.769	0	0
RCHGF003671	570	331.779	7	277.081
RCHGF003672	567	328.811	0	0
RCHGF003673	894	654.012	3	60.2412
RCHGF003674	231	51.2068	2	512.932
RCHGF003676	843	603.012	2	43.5574
RCHGF003677	300	91.2462	0	0
RCHGF003678	1596	1355.95	16	154.966
RCHGF003679	723	483.165	10	271.808
RCHGF003680	3024	2783.95	37	174.541
RCHGF003681	1128	887.947	5	73.9504
RCHGF003682	765	525.114	18	450.17
RCHGF003683	834	594.012	2	44.2174
RCHGF003684	678	438.254	1	29.9662
RCHGF003685	1032	791.947	3	49.7488
RCHGF003687	462	227.118	1	57.8237
RCHGF003688	687	447.254	0	0
RCHGF003689	885	645.012	6	122.164
RCHGF003690	1038	797.947	3	49.3747
RCHGF003691	360	136.578	1	96.1564
RCHGF003692	663	423.338	6	186.132
RCHGF003693	1479	1238.95	15	159
RCHGF003694	624	384.842	2	68.2504
RCHGF003695	495	258.294	0	0
RCHGF003696	777	537.012	1	24.4554
RCHGF003697	471	235.707	0	0
RCHGF003698	2109	1868.95	2	14.0537
RCHGF003699	225	48.415	0	0
RCHGF003700	1329	1088.95	79	952.748
RCHGF003701	267	70.1942	0	0
RCHGF003702	627	387.842	7	237.029
RCHGF003703	138	16.8631	0	0
RCHGF003704	1662	1421.95	1	9.2358
RCHGF003705	117	11.1231	0	0
RCHGF003706	249	60.2644	0	0
RCHGF003707	318	103.606	0	0
RCHGF003708	297	89.1567	6	883.802
RCHGF003709	498	261.191	3	150.841
RCHGF003710	861	621.012	0	0
RCHGF003711	954	713.947	1	18.3947
RCHGF003712	270	71.769	0	0
RCHGF003713	624	384.842	0	0
RCHGF003714	1026	785.947	1	16.7095
RCHGF003715	1632	1391.95	0	0
RCHGF003716	393	164.509	0	0
RCHGF003717	768	528.012	0	0
RCHGF003718	1014	773.947	1	16.9686
RCHGF003719	198	36.2717	0	0
RCHGF003720	495	258.294	2	101.689
RCHGF003721	255	63.171	1	207.893
RCHGF003722	213	42.8941	0	0
RCHGF003723	369	144.043	0	0
RCHGF003724	408	177.967	0	0
RCHGF003725	306	95.0911	0	0
RCHGF003726	168	25.4945	0	0
RCHGF003727	579	340.679	1	38.5489
RCHGF003728	657	417.338	0	0
RCHGF003729	516	278.425	0	0
RCHGF003730	1500	1259.95	10	104.233
RCHGF003731	1290	1049.95	7	87.5565
RCHGF003732	1128	887.947	0	0
RCHGF003733	177	28.3037	0	0
RCHGF003734	303	93.2574	0	0
RCHGF003735	759	519.114	4	101.194
RCHGF003736	177	28.3037	0	0
RCHGF003737	546	307.934	0	0
RCHGF003738	1065	824.947	3	47.7587
RCHGF003739	114	10.4645	0	0
RCHGF003740	894	654.012	2	40.1608
RCHGF003741	2622	2381.95	14	77.1887
RCHGF003742	567	328.811	0	0
RCHGF003744	717	477.165	0	0
RCHGF003745	624	384.842	4	136.501
RCHGF003746	579	340.679	1	38.5489
RCHGF003747	288	83.3176	0	0
RCHGF003748	282	79.2612	0	0
RCHGF003749	117	11.1231	1	1180.68
RCHGF003750	270	71.769	0	0
RCHGF003751	174	27.5754	0	0
RCHGF003752	288	83.3176	0	0
RCHGF003753	588	349.242	5	188.019
RCHGF003754	2322	2081.95	10	63.0795
RCHGF003755	1275	1034.95	11	139.583
RCHGF003756	720	480.165	1	27.3506
RCHGF003757	129	14.2843	0	0
RCHGF003758	1581	1340.95	2	19.5874
RCHGF003759	114	10.4645	0	0
RCHGF003760	1590	1349.95	0	0
RCHGF003761	1689	1448.95	0	0
RCHGF003762	675	435.254	0	0
RCHGF003763	237	54.3096	0	0
RCHGF003764	534	296.199	321	14232.4
RCHGF003765	417	186.048	3	211.765
RCHGF003766	4101	3860.95	1	3.40145
RCHGF003767	147	19.0704	0	0
RCHGF003768	927	686.947	6	114.706
RCHGF003769	972	731.947	72	1291.85
RCHGF003770	1851	1610.95	376	3065.24
RCHGF003771	1155	914.947	10	143.536
RCHGF003772	699	459.165	12	343.218
RCHGF003773	351	129.444	0	0
RCHGF003774	1881	1640.95	15	120.048
RCHGF003775	918	677.947	2	38.7429
RCHGF003776	153	20.7858	0	0
RCHGF003777	849	609.012	6	129.385
RCHGF003778	1461	1220.95	8	86.05
RCHGF003779	939	698.947	0	0
RCHGF003780	357	134.008	0	0
RCHGF003781	618	379.03	13	450.43
RCHGF003782	1251	1010.95	0	0
RCHGF003783	174	27.5754	0	0
RCHGF003784	774	534.012	5	122.964
RCHGF003785	159	22.7751	0	0
RCHGF003786	435	202.269	0	0
RCHGF003787	129	14.2843	0	0
RCHGF003788	1065	824.947	3	47.7587
RCHGF003789	120	11.8577	0	0
RCHGF003790	573	334.779	0	0
RCHGF003791	2055	1814.95	2	14.4718
RCHGF003792	1716	1475.95	3	26.6937
RCHGF003793	681	441.254	1	29.7625
RCHGF003794	1545	1304.95	1	10.0639
RCHGF003795	1500	1259.95	0	0
RCHGF003796	669	429.296	0	0
RCHGF003797	447	213.015	1	61.652
RCHGF003798	1107	866.947	29	439.302
RCHGF003799	132	15.0021	0	0
RCHGF003800	219	45.7174	0	0
RCHGF003801	411	180.53	0	0
RCHGF003802	360	136.578	2	192.313
RCHGF003803	1905	1664.95	5	39.4391
RCHGF003804	639	399.418	0	0
RCHGF003805	123	12.4966	0	0
RCHGF003806	828	588.012	3	67.0028
RCHGF003807	111	9.52419	0	0
RCHGF003808	804	564.012	3	69.854
RCHGF003809	486	249.721	1	52.5899
RCHGF003810	750	510.165	9	231.681
RCHGF003811	843	603.012	1	21.7787
RCHGF003812	498	261.191	0	0
RCHGF003813	846	606.012	0	0
RCHGF003814	645	405.418	0	0
RCHGF003815	1338	1097.95	0	0
RCHGF003816	459	224.23	3	175.706
RCHGF003817	489	252.622	0	0
RCHGF003818	900	659.947	0	0
RCHGF003819	504	266.828	2	98.4365
RCHGF003820	117	11.1231	0	0
RCHGF003821	450	215.866	0	0
RCHGF003822	876	636.012	0	0
RCHGF003823	207	40.1549	0	0
RCHGF003824	246	58.7955	0	0
RCHGF003825	333	115.122	0	0
RCHGF003826	114	10.4645	0	0
RCHGF003827	1269	1028.95	0	0
RCHGF003828	432	199.33	0	0
RCHGF003829	489	252.622	0	0
RCHGF003830	1824	1583.95	0	0
RCHGF003832	129	14.2843	1	919.387
RCHGF003833	858	618.012	0	0
RCHGF003834	426	194.12	0	0
RCHGF003835	315	101.264	0	0
RCHGF003836	579	340.679	0	0
RCHGF003837	1113	872.947	6	90.2654
RCHGF003838	1935	1694.95	4	30.9929
RCHGF003839	2262	2021.95	2	12.9903
RCHGF003840	120	11.8577	0	0
RCHGF003841	423	191.626	0	0
RCHGF003842	1518	1277.95	0	0
RCHGF003843	129	14.2843	0	0
RCHGF003844	618	379.03	3	103.945
RCHGF003845	471	235.707	0	0
RCHGF003846	129	14.2843	0	0
RCHGF003847	447	213.015	0	0
RCHGF003848	462	227.118	0	0
RCHGF003849	1941	1700.95	0	0
RCHGF003850	2631	2390.95	17	93.3763
RCHGF003851	138	16.8631	0	0
RCHGF003852	906	665.947	0	0
RCHGF003853	177	28.3037	0	0
RCHGF003854	846	606.012	3	65.0127
RCHGF003855	1272	1031.95	8	101.81
RCHGF003856	351	129.444	2	202.912
RCHGF003857	453	218.65	17	1021.07
RCHGF003858	228	49.7162	3	792.467
RCHGF003859	1068	827.947	2	31.7238
RCHGF003860	558	319.811	10	410.643
RCHGF003861	291	85.2027	0	0
RCHGF003862	915	674.947	0	0
RCHGF003863	177	28.3037	0	0
RCHGF003864	291	85.2027	0	0
RCHGF003865	300	91.2462	0	0
RCHGF003866	252	61.4395	0	0
RCHGF003867	4215	3974.95	2	6.60779
RCHGF003868	522	284.369	0	0
RCHGF003869	996	755.947	0	0
RCHGF003870	564	325.811	2	80.6162
RCHGF003871	330	112.716	0	0
RCHGF003872	1326	1085.95	0	0
RCHGF003873	1032	791.947	12	198.995
RCHGF003874	162	24.056	0	0
RCHGF003875	681	441.254	1	29.7625
RCHGF003876	2007	1766.95	7	52.0274
RCHGF003877	648	408.418	0	0
RCHGF003878	978	737.947	0	0
RCHGF003879	861	621.012	2	42.2949
RCHGF003880	318	103.606	3	380.271
RCHGF003881	1332	1091.95	0	0
RCHGF003882	2571	2330.95	6	33.8047
RCHGF003883	117	11.1231	0	0
RCHGF003884	1095	854.947	31	476.19
RCHGF003885	1254	1013.95	3	38.8565
RCHGF003886	1419	1178.95	28	311.904
RCHGF003887	1797	1556.95	11	92.7848
RCHGF003888	98	7.70588	0	0
RCHGF003891	2625	2384.95	1	5.50654
RCHGF003892	255	63.171	3	623.679
RCHGF003893	411	180.53	2	145.492
RCHGF003894	258	65.0428	0	0
RCHGF003895	1056	815.947	1	16.0952
RCHGF003896	630	390.766	12	403.295
RCHGF003897	477	241.495	23	1250.77
RCHGF003898	462	227.118	1	57.8237
RCHGF003899	1965	1724.95	5	38.0673
RCHGF003900	957	716.947	2	36.6354
RCHGF003901	1200	959.947	7	95.7654
RCHGF003902	498	261.191	4	201.122
RCHGF003903	297	89.1567	0	0
RCHGF003904	651	411.378	15	478.859
RCHGF003905	2928	2687.95	8	39.0865
RCHGF003906	969	728.947	4	72.0646
RCHGF003907	312	99.2618	0	0
RCHGF003908	1191	950.947	9	124.292
RCHGF003909	948	707.947	12	222.607
RCHGF003910	2499	2258.95	3	17.4411
RCHGF003911	1692	1451.95	2	18.0899
RCHGF003912	1398	1157.95	2	22.6829
RCHGF003913	3078	2837.95	10	46.2758
RCHGF003914	486	249.721	2	105.18
RCHGF003915	132	15.0021	0	0
RCHGF003917	309	97.132	0	0
RCHGF003918	312	99.2618	2	264.61
RCHGF003919	282	79.2612	3	497.071
RCHGF003920	1287	1046.95	7	87.8074
RCHGF003921	426	194.12	6	405.918
RCHGF003922	1071	830.947	0	0
RCHGF003923	750	510.165	0	0
RCHGF003924	567	328.811	0	0
RCHGF003925	762	522.114	1	25.1531
RCHGF003926	582	343.343	0	0
RCHGF003927	636	396.418	0	0
RCHGF003928	1011	770.947	2	34.0693
RCHGF003929	351	129.444	0	0
RCHGF003930	660	420.338	0	0
RCHGF003931	1302	1061.95	1	12.3667
RCHGF003932	288	83.3176	0	0
RCHGF003933	2289	2048.95	6	38.4573
RCHGF003934	1605	1364.95	4	38.4859
RCHGF003935	513	275.534	0	0
RCHGF003936	2199	1958.95	10	67.0402
RCHGF003937	498	261.191	0	0
RCHGF003938	120	11.8577	0	0
RCHGF003939	426	194.12	0	0
RCHGF003940	123	12.4966	0	0
RCHGF003941	117	11.1231	0	0
RCHGF003942	471	235.707	0	0
RCHGF003943	789	549.012	2	47.8417
RCHGF003944	489	252.622	0	0
RCHGF003945	576	337.779	0	0
RCHGF003946	1104	863.947	6	91.2057
RCHGF003947	936	695.947	19	358.538
RCHGF003948	507	269.802	61	2969.22
RCHGF003949	465	229.891	0	0
RCHGF003950	1698	1457.95	6	54.0465
RCHGF003951	255	63.171	0	0
RCHGF003952	291	85.2027	2	308.272
RCHGF003953	1863	1622.95	19	153.747
RCHGF003954	336	117.404	2	223.721
RCHGF003955	153	20.7858	0	0
RCHGF003956	630	390.766	0	0
RCHGF003957	1074	833.947	0	0
RCHGF003958	930	689.947	1	19.0345
RCHGF003959	1125	884.947	0	0
RCHGF003960	1200	959.947	2	27.3615
RCHGF003961	2361	2120.95	52	321.982
RCHGF003962	1551	1310.95	8	80.1424
RCHGF003963	936	695.947	8	150.963
RCHGF003964	150	19.7917	170	112804
RCHGF003965	273	73.5759	0	0
RCHGF003966	450	215.866	0	0
RCHGF003967	417	186.048	1	70.5883
RCHGF003968	669	429.296	1	30.5915
RCHGF003969	858	618.012	0	0
RCHGF003970	609	370.066	7	248.414
RCHGF003971	1929	1688.95	1	7.77574
RCHGF003972	2493	2252.95	10	58.2917
RCHGF003973	1257	1016.95	3	38.7419
RCHGF003974	1788	1547.95	21	178.164
RCHGF003975	2178	1937.95	28	189.747
RCHGF003976	417	186.048	4	282.353
RCHGF003977	513	275.534	1	47.6632
RCHGF003978	522	284.369	0	0
RCHGF003979	708	468.165	0	0
RCHGF003980	441	207.351	2	126.672
RCHGF003981	996	755.947	0	0
RCHGF003982	351	129.444	2	202.912
RCHGF003983	1374	1133.95	0	0
RCHGF003984	138	16.8631	1	778.792
RCHGF003985	279	77.6109	48	8122.25
RCHGF003986	735	495.165	0	0
RCHGF003987	546	307.934	0	0
RCHGF003988	981	740.947	0	0
RCHGF003989	570	331.779	0	0
RCHGF003990	510	272.615	0	0
RCHGF003991	327	110.412	0	0
RCHGF003992	735	495.165	3	79.5663
RCHGF003993	756	516.114	2	50.8911
RCHGF003994	783	543.012	0	0
RCHGF003995	1323	1082.95	2	24.2538
RCHGF003996	1458	1217.95	14	150.958
RCHGF003997	894	654.012	4	80.3216
RCHGF003998	795	555.012	10	236.622
RCHGF003999	198	36.2717	0	0
RCHGF004000	924	683.947	4	76.806
RCHGF004001	984	743.947	6	105.917
RCHGF004002	678	438.254	3	89.8987
RCHGF004003	1218	977.947	4	53.7158
RCHGF004004	378	151.687	2	173.157
RCHGF004005	486	249.721	0	0
RCHGF004006	288	83.3176	4	630.494
RCHGF004007	594	355.207	4	147.889
RCHGF004008	948	707.947	0	0
RCHGF004009	939	698.947	1	18.7894
RCHGF004010	1245	1004.95	3	39.2045
RCHGF004011	759	519.114	4	101.194
RCHGF004012	636	396.418	6	198.772
RCHGF004013	1686	1445.95	8	72.66
RCHGF004014	465	229.891	3	171.379
RCHGF004015	360	136.578	0	0
RCHGF004016	408	177.967	0	0
RCHGF004017	897	657.012	1	19.9887
RCHGF004018	738	498.165	4	105.45
RCHGF004019	312	99.2618	0	0
RCHGF004020	1380	1139.95	6	69.1233
RCHGF004021	1764	1523.95	7	60.3234
RCHGF004022	1194	953.947	5	68.8341
RCHGF004023	660	420.338	9	281.191
RCHGF004024	510	272.615	2	96.3471
RCHGF004025	909	668.947	5	98.1603
RCHGF004027	147	19.0704	0	0
RCHGF004028	879	639.012	4	82.2071
RCHGF004029	528	290.285	8	361.929
RCHGF004030	1062	821.947	9	143.799
RCHGF004031	2070	1829.95	9	64.5895
RCHGF004032	609	370.066	1	35.4877
RCHGF004033	462	227.118	0	0
RCHGF004034	993	752.947	0	0
RCHGF004035	951	710.947	0	0
RCHGF004036	297	89.1567	0	0
RCHGF004037	351	129.444	0	0
RCHGF004038	162	24.056	0	0
RCHGF004039	417	186.048	0	0
RCHGF004040	435	202.269	0	0
RCHGF004041	327	110.412	0	0
RCHGF004042	561	322.811	1	40.6827
RCHGF004043	972	731.947	1	17.9423
RCHGF004044	654	414.378	3	95.0784
RCHGF004045	1308	1067.95	7	86.0808
RCHGF004046	999	758.947	8	138.432
RCHGF004047	1590	1349.95	4	38.9136
RCHGF004048	180	29.2737	0	0
RCHGF004049	1476	1235.95	0	0
RCHGF004050	282	79.2612	70	11598.3
RCHGF004051	702	462.165	4	113.664
RCHGF004052	1200	959.947	0	0
RCHGF004053	303	93.2574	1	140.823
RCHGF004054	399	170.081	0	0
RCHGF004055	438	204.659	0	0
RCHGF004056	357	134.008	0	0
RCHGF004057	339	119.883	0	0
RCHGF004058	738	498.165	0	0
RCHGF004059	1332	1091.95	1	12.027
RCHGF004060	705	465.165	4	112.93
RCHGF004061	1428	1187.95	21	232.156
RCHGF004062	1599	1358.95	17	164.287
RCHGF004063	570	331.779	5	197.915
RCHGF004064	1254	1013.95	11	142.474
RCHGF004065	1299	1058.95	2	24.8035
RCHGF004066	834	594.012	2	44.2174
RCHGF004067	921	680.947	9	173.575
RCHGF004068	660	420.338	7	218.704
RCHGF004069	621	382.03	0	0
RCHGF004070	1179	938.947	4	55.947
RCHGF004071	831	591.012	1	22.2209
RCHGF004072	999	758.947	4	69.216
RCHGF004073	1659	1418.95	3	27.766
RCHGF004074	777	537.012	3	73.3661
RCHGF004075	1875	1634.95	5	40.1628
RCHGF004076	840	600.012	1	21.8876
RCHGF004077	210	41.5706	0	0
RCHGF004078	1326	1085.95	13	157.214
RCHGF004079	375	149.062	4	352.411
RCHGF004080	900	659.947	0	0
RCHGF004081	327	110.412	86	10229.2
RCHGF004082	555	316.874	1	41.445
RCHGF004083	1374	1133.95	5	57.9075
RCHGF004084	942	701.947	5	93.5456
RCHGF004085	828	588.012	1	22.3343
RCHGF004086	951	710.947	2	36.9446
RCHGF004087	576	337.779	0	0
RCHGF004088	114	10.4645	0	0
RCHGF004089	792	552.012	0	0
RCHGF004090	930	689.947	2	38.069
RCHGF004091	921	680.947	0	0
RCHGF004092	900	659.947	0	0
RCHGF004093	438	204.659	0	0
RCHGF004094	426	194.12	0	0
RCHGF004095	150	19.7917	0	0
RCHGF004096	1743	1502.95	13	113.595
RCHGF004097	1335	1094.95	3	35.982
RCHGF004099	735	495.165	8	212.177
RCHGF004101	642	402.418	0	0
RCHGF004102	201	37.6051	0	0
RCHGF004103	177	28.3037	0	0
RCHGF004104	1191	950.947	10	138.102
RCHGF004105	123	12.4966	0	0
RCHGF004106	1626	1385.95	3	28.4271
RCHGF004107	822	582.012	0	0
RCHGF004108	831	591.012	1	22.2209
RCHGF004109	4233	3992.95	6	19.734
RCHGF004110	450	215.866	0	0
RCHGF004111	171	26.2088	0	0
RCHGF004112	132	15.0021	0	0
RCHGF004113	489	252.622	0	0
RCHGF004114	879	639.012	0	0
RCHGF004115	2790	2549.95	4	20.6009
RCHGF004116	132	15.0021	0	0
RCHGF004117	432	199.33	3	197.654
RCHGF004118	492	255.547	1	51.391
RCHGF004119	774	534.012	0	0
RCHGF004120	816	576.012	0	0
RCHGF004121	1680	1439.95	3	27.361
RCHGF004122	795	555.012	0	0
RCHGF004123	636	396.418	0	0
RCHGF004125	1497	1256.95	30	313.446
RCHGF004126	1089	848.947	0	0
RCHGF004127	300	91.2462	2	287.855
RCHGF004128	666	426.296	0	0
RCHGF004129	810	570.012	0	0
RCHGF004130	1371	1130.95	0	0
RCHGF004131	1440	1199.95	0	0
RCHGF004132	1437	1196.95	1	10.9719
RCHGF004133	1383	1142.95	0	0
RCHGF004134	837	597.012	0	0
RCHGF004135	438	204.659	0	0
RCHGF004136	123	12.4966	0	0
RCHGF004137	915	674.947	0	0
RCHGF004138	885	645.012	3	61.0818
RCHGF004139	1014	773.947	0	0
RCHGF004140	1158	917.947	1	14.3067
RCHGF004141	306	95.0911	1	138.108
RCHGF004142	237	54.3096	0	0
RCHGF004143	642	402.418	0	0
RCHGF004144	807	567.012	0	0
RCHGF004145	762	522.114	0	0
RCHGF004146	462	227.118	0	0
RCHGF004147	417	186.048	0	0
RCHGF004148	2715	2474.95	1	5.3063
RCHGF004149	966	725.947	0	0
RCHGF004150	804	564.012	0	0
RCHGF004151	1179	938.947	0	0
RCHGF004152	861	621.012	0	0
RCHGF004153	123	12.4966	0	0
RCHGF004154	147	19.0704	0	0
RCHGF004155	183	30.3421	0	0
RCHGF004156	636	396.418	0	0
RCHGF004157	945	704.947	0	0
RCHGF004158	780	540.012	0	0
RCHGF004159	999	758.947	1	17.304
RCHGF004160	687	447.254	0	0
RCHGF004161	657	417.338	3	94.4042
RCHGF004162	1809	1568.95	1	8.37046
RCHGF004163	1176	935.947	0	0
RCHGF004164	1455	1214.95	4	43.2375
RCHGF004165	636	396.418	3	99.386
RCHGF004166	258	65.0428	0	0
RCHGF004167	345	124.605	1	105.396
RCHGF004168	597	358.172	3	109.999
RCHGF004169	6609	6368.95	5	10.31
RCHGF004170	438	204.659	0	0
RCHGF004171	840	600.012	0	0
RCHGF004172	297	89.1567	0	0
RCHGF004173	1464	1223.95	0	0
RCHGF004174	780	540.012	0	0
RCHGF004175	1092	851.947	0	0
RCHGF004176	2604	2363.95	2	11.1109
RCHGF004177	750	510.165	2	51.4846
RCHGF004178	159	22.7751	0	0
RCHGF004179	708	468.165	1	28.0517
RCHGF004180	636	396.418	0	0
RCHGF004181	450	215.866	0	0
RCHGF004182	165	24.4988	0	0
RCHGF004183	777	537.012	0	0
RCHGF004184	111	9.52419	0	0
RCHGF004185	1401	1160.95	1	11.3122
RCHGF004186	756	516.114	0	0
RCHGF004187	798	558.012	1	23.535
RCHGF004188	858	618.012	1	21.2501
RCHGF004189	825	585.012	1	22.4488
RCHGF004190	1317	1076.95	2	24.389
RCHGF004191	1437	1196.95	3	32.9158
RCHGF004192	1848	1607.95	0	0
RCHGF004193	837	597.012	0	0
RCHGF004194	435	202.269	0	0
RCHGF004195	2508	2267.95	1	5.79062
RCHGF004196	1329	1088.95	0	0
RCHGF004197	120	11.8577	0	0
RCHGF004198	1590	1349.95	1	9.72839
RCHGF004199	708	468.165	1	28.0517
RCHGF004200	1215	974.947	1	13.4703
RCHGF004201	522	284.369	3	138.547
RCHGF004202	699	459.165	58	1658.89
RCHGF004203	579	340.679	0	0
RCHGF004204	1176	935.947	5	70.1579
RCHGF004205	984	743.947	5	88.2644
RCHGF004206	1164	923.947	8	113.711
RCHGF004207	363	139.038	5	472.276
RCHGF004208	957	716.947	8	146.541
RCHGF004209	396	167.271	9	706.609
RCHGF004210	363	139.038	1	94.4551
RCHGF004211	114	10.4645	0	0
RCHGF004212	771	531.012	1	24.7317
RCHGF004213	645	405.418	5	161.966
RCHGF004214	1302	1061.95	6	74.2004
RCHGF004215	438	204.659	1	64.1692
RCHGF004216	510	272.615	0	0
RCHGF004217	354	131.773	0	0
RCHGF004218	543	304.995	1	43.0592
RCHGF004219	393	164.509	2	159.661
RCHGF004220	537	298.995	0	0
RCHGF004221	321	105.81	4	496.468
RCHGF004222	366	141.477	0	0
RCHGF004223	258	65.0428	0	0
RCHGF004224	198	36.2717	0	0
RCHGF004225	414	183.29	2	143.301
RCHGF004226	789	549.012	2	47.8417
RCHGF004227	333	115.122	1	114.078
RCHGF004228	276	75.6611	0	0
RCHGF004229	831	591.012	3	66.6627
RCHGF004230	294	87.122	1	150.741
RCHGF004231	627	387.842	2	67.7225
RCHGF004232	684	444.254	1	29.5615
RCHGF004233	726	486.165	4	108.052
RCHGF004234	738	498.165	0	0
RCHGF004235	996	755.947	0	0
RCHGF004236	765	525.114	0	0
RCHGF004238	309	97.132	3	405.618
RCHGF004239	216	44.3523	0	0
RCHGF004240	1182	941.947	207	2886.04
RCHGF004241	2076	1835.95	9	64.3784
RCHGF004242	468	232.776	0	0
RCHGF004243	420	188.953	2	139.006
RCHGF004244	810	570.012	0	0
RCHGF004245	1350	1109.95	4	47.3277
RCHGF004247	543	304.995	0	0
RCHGF004248	189	32.8473	0	0
RCHGF004249	279	77.6109	0	0
RCHGF004250	450	215.866	0	0
RCHGF004251	807	567.012	3	69.4844
RCHGF004252	432	199.33	0	0
RCHGF004253	153	20.7858	0	0
RCHGF004254	234	52.614	42	10483.5
RCHGF004255	369	144.043	15	1367.59
RCHGF004256	1287	1046.95	246	3085.8
RCHGF004257	120	11.8577	0	0
RCHGF004258	192	33.9349	7	2709
RCHGF004259	402	172.574	15	1141.5
RCHGF004260	918	677.947	0	0
RCHGF004261	462	227.118	1	57.8237
RCHGF004262	120	11.8577	0	0
RCHGF004263	330	112.716	0	0
RCHGF004264	1041	800.947	0	0
RCHGF004265	708	468.165	1	28.0517
RCHGF004266	1917	1676.95	2	15.6628
RCHGF004267	702	462.165	1	28.4159
RCHGF004268	3519	3278.95	0	0
RCHGF004269	366	141.477	0	0
RCHGF004270	609	370.066	0	0
RCHGF004271	480	244.136	1	53.7931
RCHGF004272	318	103.606	0	0
RCHGF004273	360	136.578	0	0
RCHGF004274	267	70.1942	0	0
RCHGF004275	1683	1442.95	1	9.10138
RCHGF004276	570	331.779	0	0
RCHGF004277	1212	971.947	0	0
RCHGF004278	1734	1493.95	0	0
RCHGF004279	390	161.845	0	0
RCHGF004280	249	60.2644	0	0
RCHGF004281	291	85.2027	0	0
RCHGF004282	144	18.5689	0	0
RCHGF004283	306	95.0911	0	0
RCHGF004284	207	40.1549	0	0
RCHGF004285	396	167.271	0	0
RCHGF004286	219	45.7174	0	0
RCHGF004287	852	612.012	1	21.4584
RCHGF004288	219	45.7174	0	0
RCHGF004289	585	346.31	0	0
RCHGF004290	261	66.7407	0	0
RCHGF004291	204	38.9057	0	0
RCHGF004292	456	221.584	1	59.2678
RCHGF004293	1383	1142.95	0	0
RCHGF004294	894	654.012	0	0
RCHGF004295	315	101.264	0	0
RCHGF004296	156	21.792	0	0
RCHGF004297	906	665.947	0	0
RCHGF004298	540	301.995	1	43.4869
RCHGF004299	255	63.171	0	0
RCHGF004300	123	12.4966	0	0
RCHGF004301	189	32.8473	0	0
RCHGF004302	171	26.2088	1	501.085
RCHGF004303	177	28.3037	0	0
RCHGF004304	168	25.4945	2	1030.25
RCHGF004305	303	93.2574	2	281.647
RCHGF004306	390	161.845	3	243.433
RCHGF004307	918	677.947	18	348.686
RCHGF004308	1407	1166.95	7	78.7779
