-e target_id	length	eff_length	Coculture_PT33_HGF2_Early_Replicate_1_HGF2_counts	tpm
RCHGF000001	708	458.971	5	63.7809
RCHGF000002	762	512.84	4	45.6651
RCHGF000003	780	530.792	2	22.0603
RCHGF000004	882	632.282	7	64.8176
RCHGF000005	903	653.039	6	53.7921
RCHGF000006	1215	964.973	3	18.2017
RCHGF000007	855	605.282	3	29.0181
RCHGF000008	561	313.833	5	93.2778
RCHGF000009	522	276.657	2	42.3247
RCHGF000010	447	208.282	3	84.3287
RCHGF000011	714	464.884	3	37.7818
RCHGF000012	1449	1198.97	10	48.8311
RCHGF000013	144	18.7588	0	0
RCHGF000014	639	390.666	0	0
RCHGF000015	480	237.686	1	24.6321
RCHGF000016	744	494.84	0	0
RCHGF000017	849	599.282	0	0
RCHGF000018	387	157.158	0	0
RCHGF000020	519	273.709	0	0
RCHGF000021	156	22.0633	0	0
RCHGF000022	918	668.039	16	140.225
RCHGF000023	1470	1219.97	4	19.1962
RCHGF000024	948	698.039	23	192.91
RCHGF000025	2820	2569.97	24	54.675
RCHGF000026	528	282.151	2	41.5006
RCHGF000027	480	237.686	3	73.8964
RCHGF000028	747	497.84	0	0
RCHGF000029	852	602.282	35	340.231
RCHGF000030	852	602.282	5	48.6045
RCHGF000031	2136	1885.97	12	37.2522
RCHGF000032	114	13.4695	0	0
RCHGF000033	1155	904.973	5	32.3475
RCHGF000034	2412	2161.97	29	78.5333
RCHGF000035	642	393.666	0	0
RCHGF000036	945	695.039	14	117.93
RCHGF000037	399	166.843	0	0
RCHGF000038	1875	1624.97	1	3.60296
RCHGF000039	699	449.971	6	78.0679
RCHGF000040	2544	2293.97	18	45.9399
RCHGF000041	1098	847.973	5	34.5218
RCHGF000042	2586	2335.97	6	15.038
RCHGF000043	3450	3199.97	33	60.3773
RCHGF000044	390	159.493	0	0
RCHGF000045	834	584.282	2	20.0407
RCHGF000046	816	566.282	1	10.3389
RCHGF000047	1971	1720.97	485	1649.96
RCHGF000048	813	563.282	1061	11028
RCHGF000049	1026	775.973	4	30.18
RCHGF000050	1857	1606.97	34	123.873
RCHGF000051	1692	1441.97	13	52.7828
RCHGF000052	126	14.7652	0	0
RCHGF000053	165	24.993	0	0
RCHGF000054	135	17.0838	7	2398.94
RCHGF000055	447	208.282	1	28.1096
RCHGF000056	126	14.7652	0	0
RCHGF000057	408	173.899	1	33.6673
RCHGF000058	639	390.666	3	44.9596
RCHGF000059	933	683.039	3	25.7147
RCHGF000060	675	426.054	2	27.4835
RCHGF000061	744	494.84	1	11.8315
RCHGF000062	1182	931.973	9	56.5386
RCHGF000063	1974	1723.97	17	57.7331
RCHGF000064	1479	1228.97	2	9.52782
RCHGF000065	900	650.039	15	135.101
RCHGF000066	687	438.054	8	106.922
RCHGF000067	1395	1144.97	6	30.6805
RCHGF000068	894	644.282	4	36.3488
RCHGF000069	687	438.054	0	0
RCHGF000070	873	623.282	10	93.9337
RCHGF000071	363	138.744	0	0
RCHGF000072	117	13.6716	0	0
RCHGF000073	861	611.282	1	9.57777
RCHGF000074	732	482.84	5	60.6279
RCHGF000075	207	41.1068	3	427.281
RCHGF000076	276	77.6186	17	1282.3
RCHGF000077	288	84.3125	31	2152.66
RCHGF000078	1566	1315.97	12	53.3876
RCHGF000079	288	84.3125	2	138.881
RCHGF000080	459	218.903	1	26.7457
RCHGF000081	450	211.16	1	27.7265
RCHGF000082	411	176.497	2	66.3435
RCHGF000083	369	143.121	5	204.538
RCHGF000084	1497	1246.97	2	9.39029
RCHGF000085	726	476.84	3	36.8345
RCHGF000086	585	337.436	1	17.3506
RCHGF000087	1785	1534.97	3	11.4426
RCHGF000088	1746	1495.97	2	7.82731
RCHGF000089	615	366.913	4	63.8268
RCHGF000090	354	131.803	6	266.521
RCHGF000091	1878	1627.97	5	17.9816
RCHGF000092	1446	1195.97	56	274.14
RCHGF000093	513	268.069	50	1092.02
RCHGF000094	672	423.054	1	13.8392
RCHGF000095	1434	1183.97	4	19.7799
RCHGF000096	987	736.973	2	15.8886
RCHGF000097	1050	799.973	2	14.6373
RCHGF000098	1203	952.973	0	0
RCHGF000099	1329	1078.97	3	16.2786
RCHGF000100	207	41.1068	0	0
RCHGF000101	765	515.792	5	56.7547
RCHGF000102	1164	913.973	3	19.2174
RCHGF000103	1707	1456.97	33	132.608
RCHGF000104	1047	796.973	6	44.0772
RCHGF000105	2346	2095.97	8	22.3465
RCHGF000106	753	503.84	8	92.9615
RCHGF000107	195	35.9031	5	815.351
RCHGF000108	195	35.9031	0	0
RCHGF000109	666	417.054	0	0
RCHGF000110	1152	901.973	4	25.9641
RCHGF000111	1008	757.973	33	254.898
RCHGF000112	996	745.973	0	0
RCHGF000113	828	578.282	1	10.1243
RCHGF000114	798	548.386	0	0
RCHGF000115	474	232.071	0	0
RCHGF000116	417	181.538	1	32.2507
RCHGF000117	819	569.282	4	41.1376
RCHGF000118	2754	2503.97	5	11.6909
RCHGF000119	981	730.973	2	16.019
RCHGF000121	474	232.071	0	0
RCHGF000122	912	662.039	1	8.84346
RCHGF000123	1251	1000.97	6	35.0942
RCHGF000124	492	248.596	17	400.37
RCHGF000125	672	423.054	1	13.8392
RCHGF000126	375	147.888	0	0
RCHGF000127	1632	1381.97	2	8.47299
RCHGF000128	333	115.509	0	0
RCHGF000129	1206	955.973	1	6.12436
RCHGF000130	1470	1219.97	1	4.79906
RCHGF000131	987	736.973	3	23.8328
RCHGF000132	900	650.039	2	18.0134
RCHGF000133	657	408.404	1	14.3356
RCHGF000134	2331	2080.97	16	45.0152
RCHGF000135	1776	1525.97	15	57.5507
RCHGF000136	120	13.8024	0	0
RCHGF000137	597	349.047	2	33.5468
RCHGF000138	1125	874.973	17	113.752
RCHGF000139	978	727.973	6	48.255
RCHGF000140	489	245.643	13	309.845
RCHGF000141	1188	937.973	8	49.9351
RCHGF000142	135	17.0838	0	0
RCHGF000143	174	27.9217	2	419.366
RCHGF000144	735	485.84	0	0
RCHGF000145	702	452.971	4	51.7006
RCHGF000146	777	527.792	0	0
RCHGF000147	243	58.7007	3	299.215
RCHGF000148	399	166.843	83	2912.57
RCHGF000149	750	500.84	2	23.3796
RCHGF000151	2724	2473.97	7	16.5657
RCHGF000152	729	479.84	3	36.6042
RCHGF000153	444	205.443	1	28.498
RCHGF000154	765	515.792	0	0
RCHGF000155	1194	943.973	0	0
RCHGF000156	909	659.039	0	0
RCHGF000157	744	494.84	1	11.8315
RCHGF000158	555	307.833	0	0
RCHGF000159	1041	790.973	4	29.6077
RCHGF000160	927	677.039	0	0
RCHGF000161	1488	1237.97	0	0
RCHGF000162	1671	1420.97	3	12.3607
RCHGF000163	1053	802.973	2	14.5826
RCHGF000165	1038	787.973	8	59.4408
RCHGF000166	2400	2149.97	11	29.9548
RCHGF000167	120	13.8024	0	0
RCHGF000168	873	623.282	52	488.455
RCHGF000169	1836	1585.97	70	258.409
RCHGF000170	552	304.862	6	115.227
RCHGF000171	1230	979.973	9	53.7693
RCHGF000172	558	310.833	3	56.5068
RCHGF000173	468	226.672	3	77.4871
RCHGF000174	150	20.2849	2	577.248
RCHGF000175	1656	1405.97	32	133.254
RCHGF000176	873	623.282	6	56.3602
RCHGF000177	390	159.493	40	1468.34
RCHGF000178	876	626.282	124	1159.2
RCHGF000179	996	745.973	36	282.544
RCHGF000180	120	13.8024	0	0
RCHGF000181	813	563.282	10	103.939
RCHGF000182	786	536.792	3	32.7206
RCHGF000183	1230	979.973	4	23.8975
RCHGF000184	447	208.282	4	112.438
RCHGF000185	1398	1147.97	15	76.5007
RCHGF000186	525	279.657	11	230.289
RCHGF000187	741	491.84	12	142.844
RCHGF000188	456	216.284	5	135.348
RCHGF000189	1380	1129.97	6	31.0877
RCHGF000190	1140	889.973	26	171.042
RCHGF000191	1401	1150.97	40	203.47
RCHGF000192	624	375.738	1	15.5819
RCHGF000193	1539	1288.97	5	22.7108
RCHGF000194	1209	958.973	5	30.526
RCHGF000195	897	647.039	6	54.2909
RCHGF000196	1458	1207.97	4	19.3869
RCHGF000197	969	718.973	0	0
RCHGF000198	1287	1036.97	3	16.9379
RCHGF000199	1242	991.973	4	23.6084
RCHGF000200	1446	1195.97	12	58.7443
RCHGF000201	1185	934.973	4	25.0476
RCHGF000202	162	24.0353	0	0
RCHGF000203	582	334.5	137	2397.9
RCHGF000204	1209	958.973	148	903.569
RCHGF000205	720	470.84	54	671.47
RCHGF000206	1503	1252.97	83	387.831
RCHGF000207	1101	850.973	19	130.721
RCHGF000208	1332	1081.97	21	113.634
RCHGF000209	2175	1924.97	50	152.073
RCHGF000210	1710	1459.97	39	156.396
RCHGF000212	1578	1327.97	14	61.7227
RCHGF000213	1425	1174.97	18	89.6914
RCHGF000214	315	103.027	2	113.654
RCHGF000215	435	197.51	3	88.9277
RCHGF000216	723	473.84	8	98.8472
RCHGF000217	111	13.748	0	0
RCHGF000218	651	402.404	1	14.5494
RCHGF000219	1050	799.973	4	29.2746
RCHGF000220	132	16.2843	0	0
RCHGF000221	726	476.84	1	12.2782
RCHGF000222	1038	787.973	9	66.8709
RCHGF000223	1254	1003.97	7	40.8208
RCHGF000224	654	405.404	11	158.859
RCHGF000225	522	276.657	2	42.3247
RCHGF000226	1080	829.973	9	63.487
RCHGF000227	282	80.7826	1	72.475
RCHGF000228	1026	775.973	2	15.09
RCHGF000229	336	117.88	0	0
RCHGF000230	711	461.971	0	0
RCHGF000231	678	429.054	2	27.2913
RCHGF000232	456	216.284	1	27.0696
RCHGF000233	534	287.961	8	162.653
RCHGF000234	645	396.666	11	162.358
RCHGF000235	3291	3040.97	77	148.246
RCHGF000236	552	304.862	2	38.409
RCHGF000237	2649	2398.97	100	244.051
RCHGF000238	321	107.187	6	327.73
RCHGF000240	942	692.039	24	203.042
RCHGF000241	588	340.308	13	223.654
RCHGF000242	459	218.903	6	160.474
RCHGF000243	1050	799.973	55	402.525
RCHGF000244	1551	1300.97	15	67.5039
RCHGF000245	783	533.792	9	98.7135
RCHGF000246	1434	1183.97	27	133.514
RCHGF000247	1656	1405.97	9	37.4776
RCHGF000248	2358	2107.97	37	102.764
RCHGF000249	1101	850.973	31	213.281
RCHGF000250	1539	1288.97	20	90.8432
RCHGF000251	1095	844.973	26	180.151
RCHGF000252	951	701.039	56	467.683
RCHGF000253	1254	1003.97	9	52.4839
RCHGF000254	1281	1030.97	12	68.1459
RCHGF000255	426	189.533	3	92.6705
RCHGF000256	600	352.014	43	715.178
RCHGF000257	1752	1501.97	17	66.2663
RCHGF000258	1128	877.973	1	6.66845
RCHGF000259	1206	955.973	9	55.1192
RCHGF000260	168	25.9137	68	15363.3
RCHGF000261	540	293.878	35	697.279
RCHGF000262	816	566.282	6	62.0332
RCHGF000263	1410	1159.97	9	45.4256
RCHGF000264	978	727.973	12	96.5099
RCHGF000265	225	49.4765	0	0
RCHGF000266	207	41.1068	0	0
RCHGF000267	150	20.2849	1	288.624
RCHGF000268	213	43.7669	1	133.77
RCHGF000269	759	509.84	2	22.9669
RCHGF000270	939	689.039	2	16.9939
RCHGF000271	114	13.4695	0	0
RCHGF000272	2676	2425.97	5	12.0667
RCHGF000273	270	74.0281	4	316.351
RCHGF000274	204	39.7946	1	147.123
RCHGF000275	501	257.068	1	22.775
RCHGF000276	735	485.84	1	12.0507
RCHGF000277	585	337.436	2	34.7012
RCHGF000279	345	124.381	15	706.063
RCHGF000280	600	352.014	2	33.2641
RCHGF000281	591	343.276	4	68.2217
RCHGF000282	864	614.282	8	76.248
RCHGF000283	621	372.843	1	15.7029
RCHGF000284	375	147.888	5	197.945
RCHGF000285	429	192.045	1	30.4862
RCHGF000286	945	695.039	66	555.956
RCHGF000287	729	479.84	1	12.2014
RCHGF000288	2244	1993.97	17	49.9155
RCHGF000289	1296	1045.97	23	128.74
RCHGF000290	906	656.039	1	8.92435
RCHGF000291	207	41.1068	2	284.854
RCHGF000292	951	701.039	5	41.7574
RCHGF000293	885	635.282	12	110.591
RCHGF000294	135	17.0838	0	0
RCHGF000295	711	461.971	11	139.407
RCHGF000296	540	293.878	24	478.134
RCHGF000297	702	452.971	1	12.9251
RCHGF000298	771	521.792	9	100.984
RCHGF000299	1164	913.973	7	44.8405
RCHGF000300	1056	805.973	16	116.227
RCHGF000301	486	242.993	4	96.3767
RCHGF000302	1125	874.973	18	120.444
RCHGF000303	264	70.3651	61	5075.5
RCHGF000304	873	623.282	4	37.5735
RCHGF000305	954	703.973	1	8.31668
RCHGF000306	294	88.6962	0	0
RCHGF000307	939	689.039	8	67.9755
RCHGF000308	1806	1555.97	4	15.051
RCHGF000309	840	590.282	3	29.7555
RCHGF000310	1101	850.973	2	13.7601
RCHGF000311	1026	775.973	11	82.995
RCHGF000312	264	70.3651	10	832.049
RCHGF000313	2208	1957.97	46	137.549
RCHGF000314	1389	1138.97	12	61.6842
RCHGF000315	669	420.054	6	83.6281
RCHGF000316	327	111.239	6	315.792
RCHGF000317	711	461.971	0	0
RCHGF000318	1302	1051.97	15	83.482
RCHGF000319	375	147.888	5	197.945
RCHGF000320	549	302.177	8	155.001
RCHGF000321	993	742.973	41	323.085
RCHGF000323	1233	982.973	0	0
RCHGF000324	771	521.792	1	11.2204
RCHGF000325	576	328.562	1	17.8192
RCHGF000326	864	614.282	3	28.593
RCHGF000327	177	28.856	0	0
RCHGF000328	162	24.0353	1	243.588
RCHGF000329	930	680.039	1	8.60939
RCHGF000330	978	727.973	4	32.17
RCHGF000331	1005	754.973	1	7.75487
RCHGF000332	798	548.386	1	10.6763
RCHGF000333	522	276.657	2	42.3247
RCHGF000334	1650	1399.97	23	96.1865
RCHGF000335	699	449.971	6	78.0679
RCHGF000336	459	218.903	4	106.983
RCHGF000337	1299	1048.97	12	66.9766
RCHGF000338	282	80.7826	11	797.225
RCHGF000339	558	310.833	5	94.178
RCHGF000340	171	26.7274	0	0
RCHGF000341	330	113.284	1	51.682
RCHGF000342	597	349.047	1	16.7734
RCHGF000343	1161	910.973	3	19.2807
RCHGF000344	519	273.709	2	42.7806
RCHGF000345	771	521.792	2	22.4408
RCHGF000346	564	316.713	1	18.4859
RCHGF000347	645	396.666	1	14.7598
RCHGF000348	1029	778.973	2	15.0319
RCHGF000349	681	432.054	3	40.6527
RCHGF000350	831	581.282	10	100.721
RCHGF000351	402	169.097	2	69.247
RCHGF000352	1038	787.973	12	89.1612
RCHGF000353	771	521.792	2	22.4408
RCHGF000354	717	467.84	2	25.0287
RCHGF000355	150	20.2849	0	0
RCHGF000356	993	742.973	7	55.1609
RCHGF000357	1014	763.973	11	84.2987
RCHGF000358	1263	1012.97	27	156.053
RCHGF000359	135	17.0838	0	0
RCHGF000360	903	653.039	5	44.8267
RCHGF000361	1992	1741.97	1	3.36097
RCHGF000362	870	620.282	4	37.7552
RCHGF000363	1176	925.973	5	31.6139
RCHGF000364	510	265.221	1	22.0749
RCHGF000365	1290	1039.97	6	33.7781
RCHGF000366	1002	751.973	5	38.929
RCHGF000367	759	509.84	6	68.9007
RCHGF000368	840	590.282	2	19.837
RCHGF000369	1383	1132.97	13	67.1784
RCHGF000370	240	57.0879	6	615.337
RCHGF000372	2397	2146.97	17	46.3584
RCHGF000373	867	617.282	1	9.48467
RCHGF000374	1239	988.973	9	53.28
RCHGF000375	138	17.7395	4	1320.15
RCHGF000377	215	44.7456	2	261.689
RCHGF000379	750	500.84	1	11.6898
RCHGF000380	594	346.178	3	50.7373
RCHGF000381	330	113.284	1	51.682
RCHGF000382	1098	847.973	4	27.6175
RCHGF000383	558	310.833	0	0
RCHGF000384	300	92.4742	0	0
RCHGF000385	1053	802.973	4	29.1652
RCHGF000386	474	232.071	0	0
RCHGF000387	396	164.565	0	0
RCHGF000388	663	414.093	0	0
RCHGF000389	834	584.282	1	10.0204
RCHGF000390	744	494.84	0	0
RCHGF000391	735	485.84	18	216.913
RCHGF000392	1053	802.973	2	14.5826
RCHGF000393	867	617.282	1	9.48467
RCHGF000394	1026	775.973	2	15.09
RCHGF000395	1431	1180.97	7	34.7028
RCHGF000396	1275	1024.97	0	0
RCHGF000397	561	313.833	0	0
RCHGF000398	3159	2908.97	8	16.1011
RCHGF000399	1293	1042.97	5	28.0675
RCHGF000400	300	92.4742	1	63.3119
RCHGF000401	309	98.9086	0	0
RCHGF000402	645	396.666	1	14.7598
RCHGF000403	312	101.021	1	57.9552
RCHGF000404	141	18.2145	0	0
RCHGF000405	591	343.276	2	34.1109
RCHGF000406	1173	922.973	0	0
RCHGF000407	1572	1321.97	1	4.42877
RCHGF000408	831	581.282	1	10.0721
RCHGF000409	468	226.672	1	25.829
RCHGF000410	207	41.1068	1	142.427
RCHGF000411	462	221.477	3	79.3048
RCHGF000412	300	92.4742	0	0
RCHGF000413	288	84.3125	5	347.203
RCHGF000414	492	248.596	4	94.2047
RCHGF000415	240	57.0879	22	2256.24
RCHGF000416	1173	922.973	30	190.3
RCHGF000417	792	542.386	6	64.7663
RCHGF000418	3453	3202.97	14	25.5906
RCHGF000419	558	310.833	6	113.014
RCHGF000420	162	24.0353	2	487.177
RCHGF000421	1353	1102.97	9	47.7731
RCHGF000422	804	554.282	0	0
RCHGF000423	1359	1108.97	0	0
RCHGF000424	852	602.282	0	0
RCHGF000425	1041	790.973	0	0
RCHGF000426	837	587.282	5	49.8459
RCHGF000427	783	533.792	1	10.9682
RCHGF000428	477	234.846	0	0
RCHGF000429	438	200.179	1	29.2475
RCHGF000430	1455	1204.97	1	4.8588
RCHGF000431	843	593.282	2	19.7367
RCHGF000432	1041	790.973	4	29.6077
RCHGF000433	1914	1663.97	2	7.03704
RCHGF000434	666	417.054	0	0
RCHGF000435	717	467.84	2	25.0287
RCHGF000436	465	224.217	1	26.1119
RCHGF000437	1188	937.973	17	106.112
RCHGF000438	1416	1165.97	8	40.1705
RCHGF000439	1086	835.973	6	42.0209
RCHGF000440	261	68.5087	1	85.4595
RCHGF000441	2100	1849.97	11	34.8124
RCHGF000442	612	363.913	9	144.794
RCHGF000443	993	742.973	17	133.962
RCHGF000444	324	109.298	0	0
RCHGF000445	132	16.2843	1	359.533
RCHGF000446	381	152.66	4	153.405
RCHGF000447	135	17.0838	0	0
RCHGF000448	144	18.7588	0	0
RCHGF000449	1356	1105.97	7	37.0561
RCHGF000450	1116	865.973	10	67.6086
RCHGF000451	192	34.6129	0	0
RCHGF000452	201	38.4858	0	0
RCHGF000453	1098	847.973	10	69.0437
RCHGF000454	1941	1690.97	1	3.46234
RCHGF000455	2511	2260.97	23	59.5578
RCHGF000457	1284	1033.97	17	96.26
RCHGF000459	453	213.619	3	82.2217
RCHGF000460	1806	1555.97	3	11.2882
RCHGF000461	306	96.713	2	121.074
RCHGF000462	594	346.178	10	169.124
RCHGF000463	933	683.039	0	0
RCHGF000464	555	307.833	4	76.0767
RCHGF000465	771	521.792	5	56.1021
RCHGF000466	1218	967.973	8	48.3875
RCHGF000467	2529	2278.97	20	51.3803
RCHGF000468	2085	1834.97	2	6.38126
RCHGF000469	909	659.039	3	26.6512
RCHGF000470	738	488.84	0	0
RCHGF000471	777	527.792	0	0
RCHGF000472	843	593.282	1	9.86836
RCHGF000473	336	117.88	1	49.6667
RCHGF000474	558	310.833	3	56.5068
RCHGF000475	648	399.404	25	366.466
RCHGF000476	147	19.5619	0	0
RCHGF000477	630	381.702	2	30.6769
RCHGF000478	975	724.973	8	64.6062
RCHGF000479	1068	817.973	10	71.5759
RCHGF000480	855	605.282	4	38.6908
RCHGF000481	693	443.971	3	39.5615
RCHGF000482	678	429.054	2	27.2913
RCHGF000483	1641	1390.97	9	37.8817
RCHGF000484	2343	2092.97	3	8.39197
RCHGF000485	546	299.32	1	19.5601
RCHGF000486	111	13.748	0	0
RCHGF000487	486	242.993	1	24.0942
RCHGF000488	441	202.804	0	0
RCHGF000489	1035	784.973	7	52.2095
RCHGF000490	312	101.021	0	0
RCHGF000491	2640	2389.97	5	12.2485
RCHGF000492	1941	1690.97	10	34.6234
RCHGF000493	366	140.779	2	83.1762
RCHGF000494	1773	1522.97	18	69.1969
RCHGF000495	477	234.846	0	0
RCHGF000496	765	515.792	0	0
RCHGF000497	762	512.84	2	22.8325
RCHGF000498	939	689.039	16	135.951
RCHGF000499	846	596.282	6	58.9122
RCHGF000500	1260	1009.97	2	11.5938
RCHGF000501	1014	763.973	6	45.9811
RCHGF000502	1095	844.973	1	6.92888
RCHGF000503	1011	760.973	2	15.3875
RCHGF000504	1083	832.973	9	63.2583
RCHGF000505	1233	982.973	17	101.254
RCHGF000506	165	24.993	0	0
RCHGF000507	921	671.039	0	0
RCHGF000508	348	127.038	1	46.0863
RCHGF000509	138	17.7395	0	0
RCHGF000510	153	21.0613	0	0
RCHGF000512	498	254.117	0	0
RCHGF000513	3693	3442.97	14	23.8068
RCHGF000514	1572	1321.97	8	35.4302
RCHGF000515	1029	778.973	0	0
RCHGF000516	585	337.436	2	34.7012
RCHGF000517	1530	1279.97	6	27.4446
RCHGF000518	438	200.179	0	0
RCHGF000519	690	440.971	7	92.9381
RCHGF000520	750	500.84	0	0
RCHGF000521	1224	973.973	1	6.01117
RCHGF000522	714	464.884	0	0
RCHGF000523	369	143.121	1	40.9076
RCHGF000524	327	111.239	0	0
RCHGF000526	186	32.1101	0	0
RCHGF000527	561	313.833	0	0
RCHGF000528	807	557.282	7	73.5409
RCHGF000529	627	378.738	1	15.4585
RCHGF000530	273	76.0503	5	384.924
RCHGF000531	678	429.054	3	40.9369
RCHGF000532	1053	802.973	1	7.2913
RCHGF000533	978	727.973	3	24.1275
RCHGF000534	519	273.709	4	85.5611
RCHGF000535	702	452.971	35	452.38
RCHGF000536	573	325.562	2	35.9668
RCHGF000537	1323	1072.97	8	43.6523
RCHGF000538	639	390.666	2	29.973
RCHGF000539	1641	1390.97	14	58.9271
RCHGF000540	1764	1513.97	13	50.2726
RCHGF000541	756	506.84	1	11.5514
RCHGF000542	894	644.282	8	72.6976
RCHGF000543	2409	2158.97	1	2.71181
RCHGF000544	1371	1120.97	8	41.7831
RCHGF000545	960	709.973	14	115.45
RCHGF000546	165	24.993	0	0
RCHGF000547	378	150.481	1	38.9067
RCHGF000548	426	189.533	0	0
RCHGF000549	471	229.562	1	25.5039
RCHGF000550	840	590.282	0	0
RCHGF000551	702	452.971	0	0
RCHGF000552	1836	1585.97	1	3.69156
RCHGF000553	312	101.021	3	173.866
RCHGF000554	1257	1006.97	2	11.6284
RCHGF000555	345	124.381	0	0
RCHGF000556	1443	1192.97	1	4.90767
RCHGF000557	873	623.282	0	0
RCHGF000558	795	545.386	3	32.205
RCHGF000559	747	497.84	8	94.0819
RCHGF000560	1356	1105.97	3	15.8812
RCHGF000561	453	213.619	0	0
RCHGF000562	477	234.846	0	0
RCHGF000563	1587	1336.97	4	17.5163
RCHGF000564	816	566.282	5	51.6944
RCHGF000565	543	296.32	5	98.7906
RCHGF000566	600	352.014	0	0
RCHGF000567	873	623.282	3	28.1801
RCHGF000568	837	587.282	7	69.7842
RCHGF000569	828	578.282	29	293.606
RCHGF000570	717	467.84	10	125.144
RCHGF000571	1341	1090.97	60	321.991
RCHGF000572	774	524.792	4	44.6251
RCHGF000573	1353	1102.97	23	122.087
RCHGF000574	951	701.039	23	192.084
RCHGF000575	354	131.803	12	533.041
RCHGF000576	1647	1396.97	3	12.573
RCHGF000577	669	420.054	3	41.814
RCHGF000578	1110	859.973	0	0
RCHGF000579	714	464.884	12	151.127
RCHGF000580	504	259.821	2	45.0673
RCHGF000581	762	512.84	15	171.244
RCHGF000582	762	512.84	1	11.4163
RCHGF000583	768	518.792	0	0
RCHGF000584	357	134.086	1	43.664
RCHGF000585	252	63.1759	1030	95453.5
RCHGF000586	1329	1078.97	3	16.2786
RCHGF000587	765	515.792	2	22.7019
RCHGF000588	222	48.2164	1	121.426
RCHGF000589	369	143.121	4	163.63
RCHGF000590	357	134.086	1	43.664
RCHGF000592	3047	2796.97	8	16.7459
RCHGF000594	1983	1732.97	3	10.1353
RCHGF000595	1425	1174.97	4	19.9314
RCHGF000596	237	55.7221	0	0
RCHGF000597	180	30.1036	1	194.486
RCHGF000598	903	653.039	10	89.6534
RCHGF000599	882	632.282	5	46.2983
RCHGF000600	1116	865.973	2	13.5217
RCHGF000601	1755	1504.97	5	19.4512
RCHGF000602	1134	883.973	6	39.7391
RCHGF000603	1032	781.973	2	14.9742
RCHGF000604	1392	1141.97	6	30.7611
RCHGF000605	891	641.282	2	18.2594
RCHGF000606	1026	775.973	3	22.635
RCHGF000607	1707	1456.97	2	8.03683
RCHGF000608	1455	1204.97	4	19.4352
RCHGF000609	1098	847.973	8	55.235
RCHGF000610	951	701.039	2	16.703
RCHGF000611	900	650.039	1	9.00672
RCHGF000612	1146	895.973	9	58.8103
RCHGF000613	1119	868.973	10	67.3751
RCHGF000614	825	575.282	1	10.1771
RCHGF000615	1149	898.973	6	39.076
RCHGF000616	624	375.738	0	0
RCHGF000617	597	349.047	2	33.5468
RCHGF000618	1224	973.973	13	78.1452
RCHGF000619	510	265.221	28	618.097
RCHGF000620	1902	1651.97	24	85.0578
RCHGF000621	237	55.7221	2	210.14
RCHGF000622	153	21.0613	0	0
RCHGF000623	291	86.5118	3	203.026
RCHGF000624	402	169.097	1	34.6235
RCHGF000625	111	13.748	0	0
RCHGF000626	963	712.973	1	8.2117
RCHGF000627	1191	940.973	21	130.662
RCHGF000628	204	39.7946	0	0
RCHGF000629	1140	889.973	1	6.57853
RCHGF000631	567	319.654	0	0
RCHGF000632	720	470.84	1	12.4346
RCHGF000633	195	35.9031	0	0
RCHGF000634	438	200.179	1	29.2475
RCHGF000635	879	629.282	19	176.772
RCHGF000636	1491	1240.97	46	217.021
RCHGF000637	1179	928.973	1	6.30236
RCHGF000638	1308	1057.97	7	38.7373
RCHGF000639	1023	772.973	1	7.57429
RCHGF000640	120	13.8024	0	0
RCHGF000641	408	173.899	13	437.675
RCHGF000642	780	530.792	17	187.513
RCHGF000643	354	131.803	5	222.101
RCHGF000644	177	28.856	0	0
RCHGF000645	786	536.792	0	0
RCHGF000646	138	17.7395	2	660.076
RCHGF000647	762	512.84	5	57.0813
RCHGF000648	909	659.039	3	26.6512
RCHGF000649	198	37.1512	0	0
RCHGF000650	1101	850.973	7	48.1602
RCHGF000651	114	13.4695	0	0
RCHGF000652	780	530.792	3	33.0905
RCHGF000653	111	13.748	2	851.717
RCHGF000654	1104	853.973	3	20.5676
RCHGF000655	1167	916.973	4	25.5393
RCHGF000656	120	13.8024	0	0
RCHGF000657	891	641.282	3	27.3891
RCHGF000658	117	13.6716	0	0
RCHGF000659	2055	1804.97	12	38.9239
RCHGF000660	309	98.9086	1	59.1932
RCHGF000661	1239	988.973	1	5.92
RCHGF000662	324	109.298	0	0
RCHGF000663	1443	1192.97	3	14.723
RCHGF000664	1188	937.973	74	461.899
RCHGF000665	174	27.9217	1	209.683
RCHGF000666	537	290.934	6	120.743
RCHGF000667	1215	964.973	6	36.4034
RCHGF000668	2190	1939.97	4	12.0718
RCHGF000669	123	14.3709	0	0
RCHGF000670	528	282.151	1	20.7503
RCHGF000671	144	18.7588	0	0
RCHGF000672	813	563.282	1	10.3939
RCHGF000673	423	186.793	0	0
RCHGF000674	141	18.2145	0	0
RCHGF000675	765	515.792	27	306.475
RCHGF000676	558	310.833	0	0
RCHGF000677	849	599.282	8	78.1564
RCHGF000678	1119	868.973	5	33.6876
RCHGF000679	144	18.7588	0	0
RCHGF000680	1035	784.973	16	119.336
RCHGF000681	666	417.054	3	42.1148
RCHGF000682	918	668.039	2	17.5281
RCHGF000683	747	497.84	4	47.041
RCHGF000684	204	39.7946	0	0
RCHGF000685	960	709.973	22	181.421
RCHGF000686	798	548.386	21	224.202
RCHGF000687	777	527.792	1	11.0929
RCHGF000688	777	527.792	4	44.3714
RCHGF000689	123	14.3709	0	0
RCHGF000690	921	671.039	6	52.3491
RCHGF000691	300	92.4742	0	0
RCHGF000692	822	572.282	1	10.2305
RCHGF000693	780	530.792	2	22.0603
RCHGF000694	468	226.672	0	0
RCHGF000695	738	488.84	0	0
RCHGF000696	408	173.899	2	67.3347
RCHGF000697	2712	2461.97	5	11.8903
RCHGF000698	1215	964.973	3	18.2017
RCHGF000699	1224	973.973	3	18.0335
RCHGF000700	600	352.014	1	16.632
RCHGF000701	729	479.84	4	48.8056
RCHGF000702	1737	1486.97	9	35.4361
RCHGF000703	552	304.862	1	19.2045
RCHGF000704	774	524.792	0	0
RCHGF000705	756	506.84	1	11.5514
RCHGF000706	699	449.971	5	65.0566
RCHGF000707	858	608.282	4	38.5
RCHGF000708	873	623.282	31	291.194
RCHGF000709	309	98.9086	0	0
RCHGF000710	888	638.282	21	192.625
RCHGF000711	837	587.282	17	169.476
RCHGF000712	489	245.643	5	119.171
RCHGF000713	426	189.533	5	154.451
RCHGF000714	984	733.973	1	7.97675
RCHGF000715	891	641.282	3	27.3891
RCHGF000716	324	109.298	1	53.5665
RCHGF000717	819	569.282	1	10.2844
RCHGF000718	819	569.282	0	0
RCHGF000719	531	285.097	1	20.5359
RCHGF000720	1152	901.973	6	38.9461
RCHGF000721	558	310.833	5	94.178
RCHGF000722	624	375.738	2	31.1639
RCHGF000723	762	512.84	3	34.2488
RCHGF000724	882	632.282	3	27.779
RCHGF000725	1356	1105.97	4	21.1749
RCHGF000726	405	171.227	2	68.3853
RCHGF000727	540	293.878	5	99.6112
RCHGF000728	1338	1087.97	59	317.497
RCHGF000729	1065	814.973	24	172.415
RCHGF000730	624	375.738	7	109.074
RCHGF000731	660	411.404	8	113.849
RCHGF000732	1005	754.973	2	15.5097
RCHGF000733	192	34.6129	0	0
RCHGF000734	684	435.054	1	13.4575
RCHGF000735	423	186.793	1	31.3434
RCHGF000736	2136	1885.97	48	149.009
RCHGF000737	930	680.039	18	154.969
RCHGF000738	936	686.039	18	153.614
RCHGF000739	642	393.666	0	0
RCHGF000740	507	262.548	3	66.8988
RCHGF000741	939	689.039	7	59.4785
RCHGF000742	225	49.4765	0	0
RCHGF000743	846	596.282	0	0
RCHGF000744	393	162.146	0	0
RCHGF000745	684	435.054	1	13.4575
RCHGF000746	378	150.481	2	77.8134
RCHGF000747	1068	817.973	6	42.9456
RCHGF000748	150	20.2849	0	0
RCHGF000749	654	405.404	1	14.4417
RCHGF000750	849	599.282	16	156.313
RCHGF000751	369	143.121	0	0
RCHGF000752	123	14.3709	0	0
RCHGF000753	918	668.039	1	8.76404
RCHGF000754	117	13.6716	0	0
RCHGF000755	1131	880.973	5	33.2287
RCHGF000756	693	443.971	2	26.3743
RCHGF000757	132	16.2843	0	0
RCHGF000758	432	194.683	3	90.219
RCHGF000759	510	265.221	0	0
RCHGF000760	489	245.643	6	143.006
RCHGF000762	996	745.973	9	70.6359
RCHGF000763	411	176.497	0	0
RCHGF000764	1065	814.973	2	14.3679
RCHGF000765	1944	1693.97	8	27.6496
RCHGF000766	936	686.039	6	51.2045
RCHGF000767	552	304.862	0	0
RCHGF000769	345	124.381	0	0
RCHGF000770	1254	1003.97	2	11.6631
RCHGF000771	594	346.178	13	219.862
RCHGF000772	528	282.151	7	145.252
RCHGF000773	1098	847.973	12	82.8524
RCHGF000774	2265	2014.97	11	31.9617
RCHGF000775	1611	1360.97	22	94.641
RCHGF000776	318	105.167	6	334.023
RCHGF000777	411	176.497	5	165.859
RCHGF000778	642	393.666	0	0
RCHGF000779	1218	967.973	1	6.04843
RCHGF000780	537	290.934	2	40.2478
RCHGF000781	129	15.5606	0	0
RCHGF000782	129	15.5606	2	752.507
RCHGF000783	687	438.054	2	26.7306
RCHGF000784	1080	829.973	2	14.1082
RCHGF000785	402	169.097	42	1454.19
RCHGF000786	861	611.282	31	296.911
RCHGF000787	1857	1606.97	9	32.7899
RCHGF000788	1722	1471.97	0	0
RCHGF000789	426	189.533	3	92.6705
RCHGF000790	138	17.7395	0	0
RCHGF000791	2001	1750.97	10	33.4369
RCHGF000792	129	15.5606	0	0
RCHGF000793	297	90.4989	1	64.6938
RCHGF000794	654	405.404	3	43.3251
RCHGF000795	459	218.903	2	53.4914
RCHGF000796	609	360.913	1	16.222
RCHGF000797	183	31.0515	4	754.194
RCHGF000798	339	119.925	1	48.8199
RCHGF000799	219	46.7707	0	0
RCHGF000800	3315	3064.97	10	19.102
RCHGF000801	666	417.054	0	0
RCHGF000802	1422	1171.97	1	4.99561
RCHGF000803	3246	2995.97	26	50.8091
RCHGF000804	702	452.971	4	51.7006
RCHGF000805	330	113.284	0	0
RCHGF000806	678	429.054	3	40.9369
RCHGF000807	774	524.792	4	44.6251
RCHGF000808	159	23.1965	0	0
RCHGF000809	2202	1951.97	28	83.9828
RCHGF000810	1965	1714.97	41	139.969
RCHGF000811	363	138.744	0	0
RCHGF000812	111	13.748	1	425.859
RCHGF000813	132	16.2843	0	0
RCHGF000814	1491	1240.97	2	9.43569
RCHGF000815	129	15.5606	0	0
RCHGF000816	1731	1480.97	16	63.2527
RCHGF000817	450	211.16	1	27.7265
RCHGF000818	159	23.1965	0	0
RCHGF000819	1677	1426.97	16	65.6463
RCHGF000820	141	18.2145	0	0
RCHGF000821	165	24.993	0	0
RCHGF000822	801	551.334	27	286.718
RCHGF000823	843	593.282	19	187.499
RCHGF000824	855	605.282	3	29.0181
RCHGF000825	2424	2173.97	12	32.3172
RCHGF000826	627	378.738	0	0
RCHGF000827	885	635.282	1	9.21594
RCHGF000828	609	360.913	1	16.222
RCHGF000829	861	611.282	0	0
RCHGF000830	1248	997.973	4	23.4664
RCHGF000831	840	590.282	0	0
RCHGF000832	759	509.84	2	22.9669
RCHGF000833	471	229.562	1	25.5039
RCHGF000834	468	226.672	0	0
RCHGF000835	435	197.51	0	0
RCHGF000836	306	96.713	0	0
RCHGF000837	1167	916.973	1	6.38483
RCHGF000838	117	13.6716	0	0
RCHGF000839	117	13.6716	0	0
RCHGF000840	1998	1747.97	12	40.1932
RCHGF000841	624	375.738	5	77.9097
RCHGF000842	690	440.971	56	743.505
RCHGF000843	714	464.884	22	277.067
RCHGF000844	510	265.221	2	44.1498
RCHGF000845	561	313.833	5	93.2778
RCHGF000846	903	653.039	0	0
RCHGF000847	663	414.093	0	0
RCHGF000848	771	521.792	2	22.4408
RCHGF000849	1371	1120.97	4	20.8916
RCHGF000850	588	340.308	0	0
RCHGF000851	669	420.054	2	27.876
RCHGF000852	639	390.666	4	59.9461
RCHGF000853	816	566.282	4	41.3555
RCHGF000855	1593	1342.97	12	52.3143
RCHGF000856	222	48.2164	0	0
RCHGF000857	303	94.6095	0	0
RCHGF000858	153	21.0613	0	0
RCHGF000860	1446	1195.97	1	4.89536
RCHGF000861	576	328.562	0	0
RCHGF000862	1017	766.973	0	0
RCHGF000863	765	515.792	1	11.3509
RCHGF000864	603	355.014	4	65.966
RCHGF000865	1182	931.973	10	62.8207
RCHGF000866	792	542.386	0	0
RCHGF000867	1455	1204.97	5	24.294
RCHGF000868	591	343.276	0	0
RCHGF000869	666	417.054	4	56.1531
RCHGF000870	411	176.497	6	199.031
RCHGF000871	423	186.793	4	125.373
RCHGF000872	696	446.971	1	13.0987
RCHGF000873	282	80.7826	0	0
RCHGF000874	213	43.7669	0	0
RCHGF000875	399	166.843	0	0
RCHGF000876	888	638.282	4	36.6905
RCHGF000877	384	154.832	0	0
RCHGF000878	348	127.038	0	0
RCHGF000879	915	665.039	2	17.6071
RCHGF000880	666	417.054	0	0
RCHGF000881	801	551.334	2	21.2384
RCHGF000882	225	49.4765	0	0
RCHGF000883	153	21.0613	0	0
RCHGF000884	942	692.039	12	101.521
RCHGF000885	1128	877.973	13	86.6898
RCHGF000886	135	17.0838	0	0
RCHGF000887	1449	1198.97	8	39.0649
RCHGF000888	600	352.014	20	332.641
RCHGF000889	1215	964.973	22	133.479
RCHGF000890	324	109.298	0	0
RCHGF000891	1920	1669.97	2	7.01175
RCHGF000892	306	96.713	0	0
RCHGF000893	726	476.84	1	12.2782
RCHGF000894	177	28.856	0	0
RCHGF000895	285	82.3319	0	0
RCHGF000896	327	111.239	0	0
RCHGF000897	1428	1177.97	3	14.9105
RCHGF000898	1494	1243.97	2	9.41294
RCHGF000899	240	57.0879	54	5538.04
RCHGF000900	366	140.779	6	249.529
RCHGF000901	903	653.039	1	8.96534
RCHGF000902	465	224.217	5	130.559
RCHGF000903	513	268.069	4	87.3614
RCHGF000904	990	739.973	4	31.6483
RCHGF000905	912	662.039	7	61.9043
RCHGF000906	798	548.386	4	42.7051
RCHGF000907	564	316.713	25	462.146
RCHGF000908	906	656.039	29	258.806
RCHGF000909	810	560.282	0	0
RCHGF000910	1830	1579.97	5	18.5279
RCHGF000911	1731	1480.97	11	43.4862
RCHGF000912	1170	919.973	8	50.9121
RCHGF000913	795	545.386	16	171.76
RCHGF000914	1338	1087.97	10	53.8131
RCHGF000915	729	479.84	16	195.222
RCHGF000916	198	37.1512	6	945.549
RCHGF000917	1008	757.973	20	154.484
RCHGF000918	549	302.177	3	58.1254
RCHGF000919	2622	2371.97	212	523.278
RCHGF000920	1098	847.973	8	55.235
RCHGF000921	798	548.386	11	117.439
RCHGF000922	114	13.4695	3	1303.99
RCHGF000923	246	59.946	22	2148.66
RCHGF000924	591	343.276	12	204.665
RCHGF000925	252	63.1759	3	278.02
RCHGF000926	252	63.1759	0	0
RCHGF000927	2595	2344.97	92	229.697
RCHGF000928	414	178.932	20	654.409
RCHGF000929	150	20.2849	7	2020.37
RCHGF000930	444	205.443	4	113.992
RCHGF000931	282	80.7826	6	434.85
RCHGF000932	1770	1519.97	59	227.26
RCHGF000933	1332	1081.97	18	97.4007
RCHGF000935	1218	967.973	5	30.2422
RCHGF000936	348	127.038	10	460.863
RCHGF000937	111	13.748	0	0
RCHGF000938	510	265.221	31	684.322
RCHGF000939	837	587.282	0	0
RCHGF000940	501	257.068	2	45.55
RCHGF000941	504	259.821	5	112.668
RCHGF000942	117	13.6716	0	0
RCHGF000944	453	213.619	1	27.4072
RCHGF000945	1164	913.973	9	57.6521
RCHGF000946	2130	1879.97	37	115.228
RCHGF000947	228	51.0509	2	229.368
RCHGF000948	1833	1582.97	6	22.1914
RCHGF000949	1296	1045.97	930	5205.57
RCHGF000950	762	512.84	3	34.2488
RCHGF000951	189	33.1887	3	529.221
RCHGF000952	549	302.177	3	58.1254
RCHGF000953	177	28.856	0	0
RCHGF000954	147	19.5619	0	0
RCHGF000955	582	334.5	3	52.5087
RCHGF000956	720	470.84	6	74.6077
RCHGF000957	384	154.832	0	0
RCHGF000958	1335	1084.97	3	16.1886
RCHGF000960	186	32.1101	3	546.997
RCHGF000961	1122	871.973	0	0
RCHGF000962	1011	760.973	495	3808.39
RCHGF000963	567	319.654	1	18.3158
RCHGF000964	483	240.342	24	584.638
RCHGF000965	1068	817.973	5	35.788
RCHGF000966	819	569.282	5	51.422
RCHGF000967	1047	796.973	0	0
RCHGF000968	672	423.054	0	0
RCHGF000969	672	423.054	2	27.6784
RCHGF000970	1002	751.973	40	311.432
RCHGF000971	819	569.282	7	71.9907
RCHGF000972	474	232.071	42	1059.58
RCHGF000973	1179	928.973	47	296.211
RCHGF000974	180	30.1036	0	0
RCHGF000975	303	94.6095	3	185.649
RCHGF000976	426	189.533	7	216.231
RCHGF000977	1176	925.973	154	973.707
RCHGF000978	564	316.713	8	147.887
RCHGF000979	132	16.2843	0	0
RCHGF000980	912	662.039	7	61.9043
RCHGF000981	264	70.3651	0	0
RCHGF000982	552	304.862	1	19.2045
RCHGF000983	936	686.039	14	119.477
RCHGF000984	945	695.039	29	244.284
RCHGF000985	852	602.282	7	68.0462
RCHGF000986	429	192.045	1	30.4862
RCHGF000987	915	665.039	3	26.4107
RCHGF000988	918	668.039	4	35.0561
RCHGF000989	1413	1162.97	3	15.1028
RCHGF000990	1005	754.973	0	0
RCHGF000991	1266	1015.97	1	5.76267
RCHGF000993	1203	952.973	1	6.14364
RCHGF000994	273	76.0503	2	153.97
RCHGF000995	642	393.666	1	14.8723
RCHGF000996	684	435.054	0	0
RCHGF000997	1128	877.973	0	0
RCHGF000998	1188	937.973	2	12.4838
RCHGF000999	954	703.973	0	0
RCHGF001000	630	381.702	0	0
RCHGF001001	495	251.31	1	23.2968
RCHGF001002	411	176.497	0	0
RCHGF001003	822	572.282	0	0
RCHGF001004	750	500.84	0	0
RCHGF001005	483	240.342	0	0
RCHGF001006	678	429.054	1	13.6456
RCHGF001007	990	739.973	0	0
RCHGF001008	261	68.5087	0	0
RCHGF001009	114	13.4695	0	0
RCHGF001010	951	701.039	3	25.0545
RCHGF001011	1152	901.973	5	32.4551
RCHGF001012	705	455.971	0	0
RCHGF001013	924	674.039	1	8.68602
RCHGF001014	825	575.282	1	10.1771
RCHGF001015	1053	802.973	5	36.4565
RCHGF001016	2382	2131.97	11	30.2077
RCHGF001017	645	396.666	13	191.878
RCHGF001018	939	689.039	0	0
RCHGF001019	768	518.792	0	0
RCHGF001020	120	13.8024	1	424.182
RCHGF001021	141	18.2145	0	0
RCHGF001022	1044	793.973	1	7.37395
RCHGF001023	1176	925.973	4	25.2911
RCHGF001024	645	396.666	1	14.7598
RCHGF001025	471	229.562	0	0
RCHGF001026	927	677.039	3	25.9426
RCHGF001027	825	575.282	5	50.8856
RCHGF001028	765	515.792	4	45.4037
RCHGF001029	417	181.538	3	96.7522
RCHGF001030	2421	2170.97	7	18.8777
RCHGF001031	267	72.1618	0	0
RCHGF001032	702	452.971	8	103.401
RCHGF001033	795	545.386	4	42.94
RCHGF001034	801	551.334	19	201.765
RCHGF001035	480	237.686	4	98.5286
RCHGF001036	2730	2479.97	18	42.4944
RCHGF001037	501	257.068	4	91.1
RCHGF001038	1437	1186.97	35	172.637
RCHGF001039	1113	862.973	26	176.393
RCHGF001040	1134	883.973	50	331.159
RCHGF001041	753	503.84	2	23.2404
RCHGF001042	870	620.282	2	18.8776
RCHGF001043	987	736.973	8	63.5542
RCHGF001044	138	17.7395	1	330.038
RCHGF001045	729	479.84	4	48.8056
RCHGF001046	1272	1021.97	7	40.1019
RCHGF001047	675	426.054	0	0
RCHGF001048	768	518.792	2	22.5706
RCHGF001049	2370	2119.97	7	19.3319
RCHGF001050	474	232.071	3	75.6845
RCHGF001051	522	276.657	5	105.812
RCHGF001052	852	602.282	2	19.4418
RCHGF001053	615	366.913	5	79.7835
RCHGF001054	237	55.7221	0	0
RCHGF001055	351	129.268	0	0
RCHGF001056	1086	835.973	38	266.132
RCHGF001057	744	494.84	32	378.609
RCHGF001058	1344	1093.97	57	305.052
RCHGF001059	444	205.443	3	85.494
RCHGF001060	1995	1744.97	16	53.6831
RCHGF001061	921	671.039	5	43.6243
RCHGF001062	228	51.0509	10	1146.84
RCHGF001063	474	232.071	49	1236.18
RCHGF001064	291	86.5118	19	1285.83
RCHGF001065	195	35.9031	0	0
RCHGF001066	111	13.748	0	0
RCHGF001067	216	45.354	4	516.357
RCHGF001068	654	405.404	1	14.4417
RCHGF001069	1182	931.973	1	6.28207
RCHGF001070	1101	850.973	1	6.88003
RCHGF001071	1323	1072.97	3	16.3696
RCHGF001072	330	113.284	0	0
RCHGF001073	318	105.167	0	0
RCHGF001074	1041	790.973	9	66.6173
RCHGF001075	1896	1645.97	11	39.127
RCHGF001076	156	22.0633	4	1061.44
RCHGF001077	822	572.282	6	61.3829
RCHGF001078	1353	1102.97	13	69.0056
RCHGF001079	1311	1060.97	5	27.5913
RCHGF001080	810	560.282	0	0
RCHGF001081	843	593.282	1	9.86836
RCHGF001082	705	455.971	5	64.2005
RCHGF001083	1023	772.973	0	0
RCHGF001084	297	90.4989	5	323.469
RCHGF001085	1470	1219.97	6	28.7943
RCHGF001086	453	213.619	0	0
RCHGF001087	1110	859.973	1	6.80803
RCHGF001088	795	545.386	12	128.82
RCHGF001089	801	551.334	11	116.811
RCHGF001090	300	92.4742	2	126.624
RCHGF001091	672	423.054	5	69.1959
RCHGF001092	795	545.386	6	64.41
RCHGF001093	366	140.779	0	0
RCHGF001094	1530	1279.97	4	18.2964
RCHGF001095	1038	787.973	1	7.4301
RCHGF001096	1290	1039.97	0	0
RCHGF001097	363	138.744	0	0
RCHGF001098	996	745.973	2	15.6969
RCHGF001099	540	293.878	2	39.8445
RCHGF001100	456	216.284	0	0
RCHGF001101	999	748.973	2	15.634
RCHGF001102	1257	1006.97	13	75.5843
RCHGF001103	495	251.31	8	186.375
RCHGF001104	750	500.84	2	23.3796
RCHGF001105	1338	1087.97	3	16.1439
RCHGF001106	348	127.038	16	737.381
RCHGF001107	1260	1009.97	8	46.3752
RCHGF001108	1443	1192.97	33	161.953
RCHGF001109	171	26.7274	0	0
RCHGF001110	1086	835.973	6	42.0209
RCHGF001111	1929	1678.97	4	13.9483
RCHGF001112	174	27.9217	0	0
RCHGF001113	375	147.888	7	277.123
RCHGF001114	264	70.3651	6	499.23
RCHGF001115	1248	997.973	10	58.6661
RCHGF001116	582	334.5	13	227.538
RCHGF001117	237	55.7221	12	1260.84
RCHGF001118	216	45.354	9	1161.8
RCHGF001119	672	423.054	7	96.8742
RCHGF001120	1011	760.973	6	46.1624
RCHGF001121	204	39.7946	0	0
RCHGF001122	765	515.792	2	22.7019
RCHGF001123	2040	1789.97	37	121.021
RCHGF001126	153	21.0613	0	0
RCHGF001127	3351	3100.97	18	33.9845
RCHGF001128	150	20.2849	0	0
RCHGF001129	363	138.744	1	42.1979
RCHGF001130	1386	1135.97	2	10.3078
RCHGF001131	1035	784.973	0	0
RCHGF001132	822	572.282	0	0
RCHGF001133	753	503.84	2	23.2404
RCHGF001134	495	251.31	0	0
RCHGF001135	408	173.899	0	0
RCHGF001136	2769	2518.97	6	13.9455
RCHGF001137	114	13.4695	0	0
RCHGF001138	1023	772.973	19	143.911
RCHGF001139	651	402.404	11	160.043
RCHGF001140	2697	2446.97	13	31.1043
RCHGF001141	3207	2956.97	19	37.6194
RCHGF001142	774	524.792	20	223.125
RCHGF001143	555	307.833	146	2776.8
RCHGF001144	618	369.878	40	633.151
RCHGF001145	603	355.014	0	0
RCHGF001146	699	449.971	0	0
RCHGF001147	138	17.7395	0	0
RCHGF001148	714	464.884	0	0
RCHGF001149	852	602.282	21	204.139
RCHGF001150	1338	1087.97	65	349.785
RCHGF001152	1281	1030.97	15	85.1824
RCHGF001153	4032	3781.97	31	47.9898
RCHGF001154	1128	877.973	1	6.66845
RCHGF001155	1479	1228.97	12	57.1669
RCHGF001156	465	224.217	2	52.2237
RCHGF001157	333	115.509	1	50.6864
RCHGF001158	972	721.973	25	202.733
RCHGF001159	129	15.5606	1	376.254
RCHGF001160	906	656.039	9	80.3191
RCHGF001161	999	748.973	18	140.706
RCHGF001162	171	26.7274	2	438.107
RCHGF001163	129	15.5606	1	376.254
RCHGF001164	312	101.021	1	57.9552
RCHGF001165	1887	1636.97	3	10.7297
RCHGF001166	1734	1483.97	2	7.8906
RCHGF001167	426	189.533	3	92.6705
RCHGF001168	126	14.7652	0	0
RCHGF001169	1068	817.973	10	71.5759
RCHGF001170	936	686.039	7	59.7386
RCHGF001171	1104	853.973	0	0
RCHGF001172	252	63.1759	5	463.366
RCHGF001173	972	721.973	53	429.795
RCHGF001174	546	299.32	13	254.281
RCHGF001176	728	478.84	16	195.63
RCHGF001178	528	282.151	7	145.252
RCHGF001179	546	299.32	1	19.5601
RCHGF001180	342	121.964	0	0
RCHGF001181	327	111.239	1	52.6321
RCHGF001182	177	28.856	5	1014.47
RCHGF001183	1509	1258.97	28	130.211
RCHGF001184	2004	1753.97	20	66.7595
RCHGF001185	591	343.276	16	272.887
RCHGF001186	216	45.354	1	129.089
RCHGF001187	432	194.683	0	0
RCHGF001188	543	296.32	0	0
RCHGF001189	1650	1399.97	5	20.9101
RCHGF001190	855	605.282	3	29.0181
RCHGF001191	1125	874.973	1	6.69131
RCHGF001192	453	213.619	0	0
RCHGF001193	417	181.538	1	32.2507
RCHGF001195	765	515.792	5	56.7547
RCHGF001196	987	736.973	5	39.7214
RCHGF001197	147	19.5619	0	0
RCHGF001198	1434	1183.97	9	44.5048
RCHGF001199	2376	2125.97	36	99.1404
RCHGF001200	465	224.217	21	548.349
RCHGF001201	111	13.748	0	0
RCHGF001202	1785	1534.97	8	30.5137
RCHGF001203	1596	1345.97	9	39.1482
RCHGF001204	1578	1327.97	8	35.2701
RCHGF001205	147	19.5619	0	0
RCHGF001206	306	96.713	0	0
RCHGF001207	144	18.7588	20	6242.11
RCHGF001208	408	173.899	555	18685.4
RCHGF001209	1680	1429.97	21	85.98
RCHGF001210	1206	955.973	17	104.114
RCHGF001211	855	605.282	0	0
RCHGF001212	612	363.913	3	48.2647
RCHGF001213	324	109.298	2	107.133
RCHGF001214	252	63.1759	0	0
RCHGF001215	813	563.282	3	31.1818
RCHGF001216	156	22.0633	0	0
RCHGF001217	111	13.748	0	0
RCHGF001218	273	76.0503	0	0
RCHGF001219	330	113.284	5	258.41
RCHGF001220	810	560.282	4	41.7984
RCHGF001221	363	138.744	0	0
RCHGF001222	273	76.0503	1	76.9848
RCHGF001223	525	279.657	2	41.8707
RCHGF001224	1131	880.973	2	13.2915
RCHGF001225	756	506.84	3	34.6542
RCHGF001226	819	569.282	0	0
RCHGF001227	699	449.971	0	0
RCHGF001228	606	358.014	0	0
RCHGF001229	1167	916.973	2	12.7697
RCHGF001230	840	590.282	0	0
RCHGF001231	846	596.282	1	9.81871
RCHGF001232	1110	859.973	4	27.2321
RCHGF001233	576	328.562	1	17.8192
RCHGF001234	420	183.995	0	0
RCHGF001235	747	497.84	2	23.5205
RCHGF001236	681	432.054	8	108.407
RCHGF001237	336	117.88	5	248.334
RCHGF001238	432	194.683	7	210.511
RCHGF001239	1236	985.973	18	106.884
RCHGF001240	729	479.84	3	36.6042
RCHGF001241	936	686.039	9	76.8068
RCHGF001242	1053	802.973	9	65.6217
RCHGF001243	948	698.039	4	33.5495
RCHGF001244	972	721.973	15	121.64
RCHGF001245	930	680.039	5	43.0469
RCHGF001246	870	620.282	6	56.6328
RCHGF001247	1365	1114.97	7	36.757
RCHGF001248	462	221.477	5	132.175
RCHGF001249	222	48.2164	0	0
RCHGF001250	1035	784.973	5	37.2925
RCHGF001251	798	548.386	2	21.3526
RCHGF001252	1002	751.973	1	7.78581
RCHGF001253	156	22.0633	0	0
RCHGF001254	366	140.779	8	332.705
RCHGF001255	1251	1000.97	11	64.3393
RCHGF001256	1215	964.973	94	570.32
RCHGF001257	198	37.1512	0	0
RCHGF001258	1527	1276.97	13	59.6029
RCHGF001259	1200	949.973	6	36.9782
RCHGF001260	777	527.792	13	144.207
RCHGF001261	459	218.903	1	26.7457
RCHGF001262	1644	1393.97	46	193.201
RCHGF001263	186	32.1101	0	0
RCHGF001264	1158	907.973	8	51.585
RCHGF001265	846	596.282	0	0
RCHGF001266	633	384.702	5	76.0942
RCHGF001267	354	131.803	0	0
RCHGF001268	651	402.404	1	14.5494
RCHGF001269	579	331.531	1	17.6596
RCHGF001270	2928	2677.97	40	87.45
RCHGF001271	1302	1051.97	14	77.9165
RCHGF001272	183	31.0515	1	188.548
RCHGF001273	666	417.054	1	14.0383
RCHGF001274	1716	1465.97	3	11.9812
RCHGF001275	1917	1666.97	6	21.0731
RCHGF001276	1749	1498.97	13	50.7757
RCHGF001277	912	662.039	1	8.84346
RCHGF001278	111	13.748	0	0
RCHGF001279	1326	1075.97	3	16.324
RCHGF001280	2448	2197.97	7	18.6458
RCHGF001281	540	293.878	35	697.279
RCHGF001282	759	509.84	6	68.9007
RCHGF001283	276	77.6186	1	75.4293
RCHGF001284	546	299.32	0	0
RCHGF001285	1278	1027.97	5	28.477
RCHGF001286	744	494.84	1	11.8315
RCHGF001287	1299	1048.97	8	44.6511
RCHGF001288	1434	1183.97	1	4.94498
RCHGF001289	1425	1174.97	7	34.88
RCHGF001290	813	563.282	0	0
RCHGF001291	747	497.84	0	0
RCHGF001292	372	145.256	0	0
RCHGF001293	705	455.971	22	282.482
RCHGF001294	1401	1150.97	5	25.4338
RCHGF001295	1410	1159.97	13	65.6148
RCHGF001296	930	680.039	4	34.4375
RCHGF001297	129	15.5606	0	0
RCHGF001298	618	369.878	2	31.6575
RCHGF001299	465	224.217	1	26.1119
RCHGF001300	213	43.7669	1	133.77
RCHGF001301	747	497.84	20	235.205
RCHGF001302	966	715.973	8	65.4183
RCHGF001303	972	721.973	10	81.0933
RCHGF001304	447	208.282	2	56.2192
RCHGF001305	2208	1957.97	0	0
RCHGF001306	162	24.0353	0	0
RCHGF001307	1068	817.973	3	21.4728
RCHGF001308	1092	841.973	0	0
RCHGF001309	834	584.282	0	0
RCHGF001310	873	623.282	1	9.39337
RCHGF001311	1278	1027.97	1	5.6954
RCHGF001312	1332	1081.97	4	21.6446
RCHGF001313	1008	757.973	17	131.311
RCHGF001314	966	715.973	9	73.5956
RCHGF001315	1122	871.973	5	33.5717
RCHGF001316	2082	1831.97	38	121.442
RCHGF001317	669	420.054	7	97.5661
RCHGF001318	264	70.3651	2	166.41
RCHGF001319	180	30.1036	0	0
RCHGF001320	633	384.702	8	121.751
RCHGF001321	810	560.282	82	856.867
RCHGF001322	1074	823.973	8	56.8438
RCHGF001323	114	13.4695	1	434.665
RCHGF001324	141	18.2145	0	0
RCHGF001325	621	372.843	120	1884.35
RCHGF001326	489	245.643	31	738.862
RCHGF001327	870	620.282	216	2038.78
RCHGF001328	1368	1117.97	691	3618.7
RCHGF001329	183	31.0515	0	0
RCHGF001330	1365	1114.97	25	131.275
RCHGF001331	498	254.117	9	207.355
RCHGF001332	477	234.846	3	74.7902
RCHGF001333	915	665.039	3	26.4107
RCHGF001334	948	698.039	6	50.3243
RCHGF001335	948	698.039	55	461.306
RCHGF001336	117	13.6716	0	0
RCHGF001337	348	127.038	11	506.95
RCHGF001338	132	16.2843	0	0
RCHGF001339	1041	790.973	8	59.2154
RCHGF001340	2514	2263.97	9	23.2743
RCHGF001341	957	706.973	4	33.1256
RCHGF001342	636	387.666	24	362.46
RCHGF001343	2625	2374.97	53	130.654
RCHGF001344	261	68.5087	0	0
RCHGF001345	2817	2566.97	77	175.621
RCHGF001346	1767	1516.97	72	277.882
RCHGF001347	969	718.973	0	0
RCHGF001348	1443	1192.97	43	211.03
RCHGF001349	198	37.1512	104.867	16526.1
RCHGF001350	480	237.686	6	147.793
RCHGF001351	111	13.748	0	0
RCHGF001352	642	393.666	2	29.7446
RCHGF001353	612	363.913	0	0
RCHGF001354	1323	1072.97	0	0
RCHGF001355	840	590.282	4	39.674
RCHGF001356	378	150.481	0	0
RCHGF001357	639	390.666	0	0
RCHGF001358	828	578.282	1	10.1243
RCHGF001359	807	557.282	1	10.5058
RCHGF001360	483	240.342	0	0
RCHGF001361	1125	874.973	5	33.4566
RCHGF001362	420	183.995	2	63.64
RCHGF001363	759	509.84	5	57.4172
RCHGF001364	816	566.282	8	82.711
RCHGF001365	147	19.5619	0	0
RCHGF001366	1332	1081.97	2	10.8223
RCHGF001367	792	542.386	4	43.1775
RCHGF001368	219	46.7707	1	125.179
RCHGF001369	369	143.121	0	0
RCHGF001370	453	213.619	0	0
RCHGF001371	165	24.993	0	0
RCHGF001372	1089	838.973	4	27.9137
RCHGF001373	168	25.9137	2	451.863
RCHGF001374	2169	1918.97	4	12.2039
RCHGF001375	864	614.282	1	9.531
RCHGF001376	879	629.282	0	0
RCHGF001377	1332	1081.97	13	70.345
RCHGF001378	399	166.843	19	666.733
RCHGF001379	1455	1204.97	20	97.1759
RCHGF001380	1398	1147.97	38	193.802
RCHGF001381	657	408.404	28	401.397
RCHGF001382	1332	1081.97	22	119.045
RCHGF001383	1380	1129.97	9	46.6316
RCHGF001384	1398	1147.97	4	20.4002
RCHGF001385	114	13.4695	0	0
RCHGF001386	129	15.5606	1	376.254
RCHGF001387	339	119.925	9	439.379
RCHGF001388	342	121.964	3	144.011
RCHGF001389	336	117.88	5	248.334
RCHGF001390	768	518.792	4	45.1412
RCHGF001391	159	23.1965	5	1261.98
RCHGF001392	2211	1960.97	3	8.95686
RCHGF001393	1164	913.973	4	25.6232
RCHGF001394	1083	832.973	9	63.2583
RCHGF001395	762	512.84	5	57.0813
RCHGF001396	261	68.5087	0	0
RCHGF001397	330	113.284	0	0
RCHGF001398	687	438.054	3	40.0959
RCHGF001399	1053	802.973	9	65.6217
RCHGF001400	1251	1000.97	1	5.84903
RCHGF001401	1071	820.973	14.643	104.425
RCHGF001402	828	578.282	2	20.2487
RCHGF001403	612	363.913	1	16.0882
RCHGF001404	1806	1555.97	16	60.2038
RCHGF001405	429	192.045	0	0
RCHGF001406	822	572.282	3	30.6914
RCHGF001407	528	282.151	13	269.754
RCHGF001408	789	539.64	4	43.3972
RCHGF001409	120	13.8024	0	0
RCHGF001410	438	200.179	4	116.99
RCHGF001411	648	399.404	0	0
RCHGF001412	1152	901.973	8	51.9281
RCHGF001413	486	242.993	0	0
RCHGF001414	870	620.282	4	37.7552
RCHGF001415	1143	892.973	1	6.55643
RCHGF001416	888	638.282	1	9.17262
RCHGF001417	423	186.793	0	0
RCHGF001418	474	232.071	0	0
RCHGF001419	492	248.596	0	0
RCHGF001420	585	337.436	0	0
RCHGF001421	243	58.7007	0	0
RCHGF001422	765	515.792	0	0
RCHGF001423	2247	1996.97	165	483.746
RCHGF001424	1458	1207.97	29	140.555
RCHGF001426	117	13.6716	0	0
RCHGF001427	417	181.538	1	32.2507
RCHGF001428	222	48.2164	10	1214.26
RCHGF001430	1764	1513.97	25	96.6781
RCHGF001431	576	328.562	2	35.6384
RCHGF001432	663	414.093	7	98.9706
RCHGF001433	867	617.282	5	47.4234
RCHGF001434	1731	1480.97	16	63.2527
RCHGF001435	747	497.84	1	11.7602
RCHGF001436	1053	802.973	5	36.4565
RCHGF001437	123	14.3709	1	407.402
RCHGF001438	132	16.2843	19	6831.12
RCHGF001439	150	20.2849	7	2020.37
RCHGF001440	1329	1078.97	5	27.131
RCHGF001441	1395	1144.97	3	15.3402
RCHGF001442	876	626.282	3	28.0451
RCHGF001443	456	216.284	0	0
RCHGF001444	945	695.039	1	8.42358
RCHGF001445	753	503.84	1	11.6202
RCHGF001447	939	689.039	1	8.49693
RCHGF001448	666	417.054	0	0
RCHGF001449	645	396.666	2	29.5197
RCHGF001450	927	677.039	2	17.2951
RCHGF001451	429	192.045	2	60.9725
RCHGF001452	504	259.821	2	45.0673
RCHGF001453	858	608.282	2	19.25
RCHGF001454	819	569.282	1	10.2844
RCHGF001455	891	641.282	0	0
RCHGF001456	843	593.282	6	59.2101
RCHGF001457	1188	937.973	3	18.7257
RCHGF001458	1872	1621.97	12	43.3155
RCHGF001459	351	129.268	0	0
RCHGF001460	738	488.84	0	0
RCHGF001461	858	608.282	14	134.75
RCHGF001462	1071	820.973	10	71.3144
RCHGF001463	153	21.0613	0	0
RCHGF001464	2274	2023.97	4	11.5707
RCHGF001465	537	290.934	0	0
RCHGF001466	1611	1360.97	3	12.9056
RCHGF001467	1359	1108.97	1	5.27941
RCHGF001468	1533	1282.97	12	54.7608
RCHGF001469	486	242.993	10	240.942
RCHGF001470	714	464.884	0	0
RCHGF001471	660	411.404	1	14.2311
RCHGF001472	615	366.913	0	0
RCHGF001473	852	602.282	6	58.3254
RCHGF001474	675	426.054	1	13.7417
RCHGF001475	699	449.971	3	39.034
RCHGF001476	990	739.973	1	7.91207
RCHGF001477	1005	754.973	9	69.7938
RCHGF001478	666	417.054	4	56.1531
RCHGF001479	630	381.702	3	46.0154
RCHGF001480	510	265.221	10	220.749
RCHGF001481	1431	1180.97	2	9.91508
RCHGF001482	1392	1141.97	12	61.5221
RCHGF001483	987	736.973	16	127.108
RCHGF001484	1878	1627.97	10	35.9632
RCHGF001485	2364	2113.97	6	16.6172
RCHGF001486	738	488.84	1	11.9768
RCHGF001487	1878	1627.97	2	7.19265
RCHGF001488	843	593.282	1	9.86836
RCHGF001489	666	417.054	0	0
RCHGF001490	1029	778.973	0	0
RCHGF001491	678	429.054	0	0
RCHGF001492	888	638.282	0	0
RCHGF001493	1506	1255.97	0	0
RCHGF001495	1692	1441.97	34	138.047
RCHGF001496	1014	763.973	2	15.327
RCHGF001497	888	638.282	6	55.0357
RCHGF001498	453	213.619	0	0
RCHGF001499	606	358.014	1	16.3533
RCHGF001501	897	647.039	0	0
RCHGF001502	1086	835.973	2	14.007
RCHGF001503	816	566.282	2	20.6777
RCHGF001504	843	593.282	2	19.7367
RCHGF001505	771	521.792	3	33.6612
RCHGF001506	492	248.596	0	0
RCHGF001507	417	181.538	0	0
RCHGF001508	1953	1702.97	1	3.43794
RCHGF001509	1371	1120.97	6	31.3373
RCHGF001510	171	26.7274	2	438.107
RCHGF001511	777	527.792	3	33.2786
RCHGF001512	126	14.7652	0	0
RCHGF001513	417	181.538	0	0
RCHGF001514	912	662.039	0	0
RCHGF001515	984	733.973	0	0
RCHGF001516	132	16.2843	0	0
RCHGF001517	894	644.282	2	18.1744
RCHGF001518	1371	1120.97	3	15.6687
RCHGF001519	114	13.4695	0	0
RCHGF001520	801	551.334	4	42.4768
RCHGF001521	2607	2356.97	7	17.388
RCHGF001522	450	211.16	0	0
RCHGF001523	1470	1219.97	1	4.79906
RCHGF001524	2022	1771.97	19	62.7773
RCHGF001525	537	290.934	2	40.2478
RCHGF001526	1218	967.973	7	42.339
RCHGF001527	771	521.792	9	100.984
RCHGF001528	288	84.3125	2	138.881
RCHGF001529	369	143.121	1	40.9076
RCHGF001530	180	30.1036	3	583.458
RCHGF001531	387	157.158	7	260.776
RCHGF001532	1866	1615.97	3	10.8691
RCHGF001533	135	17.0838	0	0
RCHGF001534	567	319.654	0	0
RCHGF001535	183	31.0515	0	0
RCHGF001536	1098	847.973	8	55.235
RCHGF001537	984	733.973	7	55.8372
RCHGF001538	621	372.843	4	62.8116
RCHGF001539	870	620.282	1	9.4388
RCHGF001540	1578	1327.97	14	61.7227
RCHGF001541	1671	1420.97	11	45.3224
RCHGF001542	201	38.4858	0	0
RCHGF001543	153	21.0613	0	0
RCHGF001544	972	721.973	8	64.8747
RCHGF001545	1488	1237.97	67	316.862
RCHGF001546	468	226.672	0	0
RCHGF001547	372	145.256	0	0
RCHGF001548	954	703.973	5	41.5834
RCHGF001549	456	216.284	0	0
RCHGF001550	1581	1330.97	4	17.5953
RCHGF001551	870	620.282	12	113.266
RCHGF001552	846	596.282	2	19.6374
RCHGF001553	756	506.84	0	0
RCHGF001554	798	548.386	1	10.6763
RCHGF001555	420	183.995	5	159.1
RCHGF001556	1224	973.973	0	0
RCHGF001557	798	548.386	2	21.3526
RCHGF001558	777	527.792	3	33.2786
RCHGF001559	477	234.846	0	0
RCHGF001560	2727	2476.97	14	33.0912
RCHGF001561	735	485.84	3	36.1521
RCHGF001562	1203	952.973	6	36.8618
RCHGF001563	1341	1090.97	38	203.927
RCHGF001564	282	80.7826	3	217.425
RCHGF001565	435	197.51	1	29.6426
RCHGF001566	645	396.666	2	29.5197
RCHGF001567	1056	805.973	6	43.585
RCHGF001568	1515	1264.97	13	60.1684
RCHGF001569	1368	1117.97	1	5.23691
RCHGF001570	660	411.404	8	113.849
RCHGF001571	837	587.282	0	0
RCHGF001572	771	521.792	2	22.4408
RCHGF001573	471	229.562	0	0
RCHGF001574	414	178.932	0	0
RCHGF001575	843	593.282	1	9.86836
RCHGF001576	648	399.404	4	58.6346
RCHGF001577	1029	778.973	2	15.0319
RCHGF001578	729	479.84	7	85.4098
RCHGF001579	699	449.971	0	0
RCHGF001580	540	293.878	1	19.9222
RCHGF001581	1719	1468.97	10	39.8559
RCHGF001582	867	617.282	21	199.178
RCHGF001583	1677	1426.97	26	106.675
RCHGF001584	885	635.282	2	18.4319
RCHGF001585	885	635.282	9	82.9434
RCHGF001586	1041	790.973	4	29.6077
RCHGF001587	1158	907.973	1	6.44812
RCHGF001588	834	584.282	0	0
RCHGF001589	753	503.84	1	11.6202
RCHGF001590	480	237.686	0	0
RCHGF001591	399	166.843	0	0
RCHGF001592	2433	2182.97	29	77.7778
RCHGF001593	1317	1066.97	23	126.206
RCHGF001594	1668	1417.97	10	41.2894
RCHGF001595	1230	979.973	8	47.7949
RCHGF001597	708	458.971	1	12.7562
RCHGF001598	711	461.971	0	0
RCHGF001599	741	491.84	1	11.9037
RCHGF001600	693	443.971	0	0
RCHGF001601	414	178.932	4	130.882
RCHGF001602	207	41.1068	4	569.707
RCHGF001603	414	178.932	93	3043
RCHGF001604	183	31.0515	0	0
RCHGF001605	1104	853.973	290	1988.2
RCHGF001606	135	17.0838	2	685.413
RCHGF001607	111	13.748	0	0
RCHGF001608	117	13.6716	1	428.24
RCHGF001609	336	117.88	9	447
RCHGF001610	612	363.913	8	128.706
RCHGF001611	333	115.509	6	304.118
RCHGF001612	621	372.843	0	0
RCHGF001613	1227	976.973	16	95.8834
RCHGF001614	1167	916.973	4	25.5393
RCHGF001615	387	157.158	1	37.2538
RCHGF001616	819	569.282	1	10.2844
RCHGF001617	990	739.973	6	47.4724
RCHGF001618	363	138.744	2	84.3957
RCHGF001619	1122	871.973	9	60.429
RCHGF001620	774	524.792	6	66.9376
RCHGF001621	1104	853.973	4	27.4234
RCHGF001622	1272	1021.97	3	17.1865
RCHGF001623	297	90.4989	0	0
RCHGF001624	483	240.342	0	0
RCHGF001625	2868	2617.97	10	22.3636
RCHGF001626	555	307.833	68	1293.3
RCHGF001627	1260	1009.97	277	1605.74
RCHGF001628	696	446.971	5	65.4933
RCHGF001629	1599	1348.97	11	47.7414
RCHGF001630	546	299.32	3	58.6802
RCHGF001631	555	307.833	3	57.0575
RCHGF001632	1290	1039.97	3	16.889
RCHGF001633	450	211.16	2	55.453
RCHGF001634	1347	1096.97	2	10.6743
RCHGF001635	462	221.477	2	52.8698
RCHGF001636	876	626.282	0	0
RCHGF001637	2073	1822.97	8	25.6931
RCHGF001638	648	399.404	1	14.6586
RCHGF001639	480	237.686	0	0
RCHGF001640	888	638.282	2	18.3452
RCHGF001641	612	363.913	3	48.2647
RCHGF001642	759	509.84	1	11.4834
RCHGF001643	1287	1036.97	4	22.5839
RCHGF001644	273	76.0503	0	0
RCHGF001645	441	202.804	1	28.8689
RCHGF001646	294	88.6962	5	330.043
RCHGF001647	552	304.862	23	441.704
RCHGF001648	1311	1060.97	32	176.584
RCHGF001649	1482	1231.97	10	47.5231
RCHGF001650	663	414.093	3	42.416
RCHGF001651	750	500.84	0	0
RCHGF001652	468	226.672	0	0
RCHGF001653	744	494.84	4	47.3262
RCHGF001654	762	512.84	0	0
RCHGF001655	2739	2488.97	7	16.4658
RCHGF001656	468	226.672	2	51.6581
RCHGF001657	747	497.84	5	58.8012
RCHGF001658	819	569.282	0	0
RCHGF001659	1131	880.973	4	26.583
RCHGF001660	387	157.158	0	0
RCHGF001661	564	316.713	10	184.859
RCHGF001662	714	464.884	14	176.315
RCHGF001663	870	620.282	11	103.827
RCHGF001664	1230	979.973	39	233
RCHGF001665	174	27.9217	24	5032.4
RCHGF001666	1251	1000.97	3	17.5471
RCHGF001667	1398	1147.97	1	5.10005
RCHGF001668	180	30.1036	2	388.972
RCHGF001669	363	138.744	0	0
RCHGF001670	426	189.533	1	30.8902
RCHGF001671	2028	1777.97	13	42.8079
RCHGF001672	1422	1171.97	5	24.978
RCHGF001673	345	124.381	0	0
RCHGF001674	1239	988.973	3	17.76
RCHGF001675	318	105.167	0	0
RCHGF001676	1884	1633.97	5	17.9156
RCHGF001677	756	506.84	0	0
RCHGF001678	126	14.7652	0	0
RCHGF001679	165	24.993	0	0
RCHGF001680	888	638.282	0	0
RCHGF001681	864	614.282	1	9.531
RCHGF001682	729	479.84	7	85.4098
RCHGF001683	537	290.934	721	14509.3
RCHGF001684	405	171.227	116	3966.35
RCHGF001685	486	242.993	5	120.471
RCHGF001686	804	554.282	10	105.627
RCHGF001687	849	599.282	11	107.465
RCHGF001689	561	313.833	1	18.6556
RCHGF001690	1263	1012.97	15	86.6961
RCHGF001691	426	189.533	7	216.231
RCHGF001692	1083	832.973	4	28.1148
RCHGF001693	750	500.84	3	35.0694
RCHGF001694	714	464.884	2	25.1879
RCHGF001695	735	485.84	3	36.1521
RCHGF001696	843	593.282	8	78.9469
RCHGF001697	168	25.9137	0	0
RCHGF001698	780	530.792	3	33.0905
RCHGF001699	1197	946.973	4	24.7302
RCHGF001700	1104	853.973	24	164.541
RCHGF001701	468	226.672	164	4235.96
RCHGF001702	774	524.792	71	792.095
RCHGF001703	864	614.282	1	9.531
RCHGF001704	852	602.282	0	0
RCHGF001705	1086	835.973	0	0
RCHGF001706	309	98.9086	0	0
RCHGF001707	453	213.619	0	0
RCHGF001708	1962	1711.97	2	6.83973
RCHGF001709	888	638.282	1	9.17262
RCHGF001710	1470	1219.97	5	23.9953
RCHGF001711	228	51.0509	0	0
RCHGF001712	1173	922.973	2	12.6867
RCHGF001713	447	208.282	0	0
RCHGF001714	1581	1330.97	86	378.299
RCHGF001715	990	739.973	8	63.2966
RCHGF001716	906	656.039	4	35.6974
RCHGF001717	615	366.913	6	95.7402
RCHGF001718	564	316.713	3	55.4576
RCHGF001719	684	435.054	47	632.5
RCHGF001720	1044	793.973	129	951.24
RCHGF001721	420	183.995	1	31.82
RCHGF001722	435	197.51	0	0
RCHGF001723	324	109.298	0	0
RCHGF001724	924	674.039	2	17.372
RCHGF001725	1545	1294.97	9	40.69
RCHGF001726	726	476.84	2	24.5563
RCHGF001727	288	84.3125	3	208.322
RCHGF001728	468	226.672	3	77.4871
RCHGF001729	789	539.64	5	54.2465
RCHGF001730	585	337.436	2	34.7012
RCHGF001731	609	360.913	1	16.222
RCHGF001732	729	479.84	0	0
RCHGF001733	783	533.792	4	43.8727
RCHGF001734	471	229.562	0	0
RCHGF001735	444	205.443	0	0
RCHGF001736	1656	1405.97	3	12.4925
RCHGF001737	1002	751.973	1	7.78581
RCHGF001738	849	599.282	0	0
RCHGF001739	744	494.84	6	70.9892
RCHGF001741	891	641.282	2	18.2594
RCHGF001743	450	211.16	10	277.265
RCHGF001745	843	593.282	6	59.2101
RCHGF001746	1512	1261.97	5	23.1967
RCHGF001747	606	358.014	15	245.3
RCHGF001748	723	473.84	13	160.627
RCHGF001749	477	234.846	3	74.7902
RCHGF001750	612	363.913	23	370.03
RCHGF001752	390	159.493	26	954.419
RCHGF001754	1671	1420.97	7	28.8415
RCHGF001755	1482	1231.97	10	47.5231
RCHGF001756	1260	1009.97	6	34.7814
RCHGF001757	702	452.971	2	25.8503
RCHGF001758	717	467.84	6	75.0862
RCHGF001759	678	429.054	8	109.165
RCHGF001761	1254	1003.97	21	122.463
RCHGF001762	336	117.88	0	0
RCHGF001763	291	86.5118	0	0
RCHGF001764	261	68.5087	0	0
RCHGF001765	135	17.0838	0	0
RCHGF001766	348	127.038	0	0
RCHGF001767	300	92.4742	0	0
RCHGF001768	462	221.477	0	0
RCHGF001769	1035	784.973	0	0
RCHGF001770	333	115.509	0	0
RCHGF001771	1314	1063.97	7	38.5189
RCHGF001772	1563	1312.97	4	17.8365
RCHGF001773	510	265.221	2	44.1498
RCHGF001774	135	17.0838	0	0
RCHGF001775	1833	1582.97	12	44.3827
RCHGF001776	1812	1561.97	7	26.238
RCHGF001777	255	64.7556	0	0
RCHGF001778	492	248.596	2	47.1023
RCHGF001779	378	150.481	3	116.72
RCHGF001780	417	181.538	0	0
RCHGF001781	1170	919.973	4	25.456
RCHGF001782	135	17.0838	0	0
RCHGF001783	156	22.0633	0	0
RCHGF001784	420	183.995	21	668.22
RCHGF001785	1479	1228.97	23	109.57
RCHGF001786	2583	2332.97	8	20.0764
RCHGF001787	681	432.054	1	13.5509
RCHGF001788	1002	751.973	2	15.5716
RCHGF001789	687	438.054	0	0
RCHGF001790	693	443.971	0	0
RCHGF001791	438	200.179	4	116.99
RCHGF001792	849	599.282	4	39.0782
RCHGF001793	738	488.84	0	0
RCHGF001794	717	467.84	1	12.5144
RCHGF001795	408	173.899	2	67.3347
RCHGF001796	636	387.666	2	30.205
RCHGF001797	855	605.282	1	9.67271
RCHGF001798	372	145.256	1	40.3063
RCHGF001799	720	470.84	2	24.8692
RCHGF001800	402	169.097	0	0
RCHGF001801	141	18.2145	0	0
RCHGF001803	885	635.282	3	27.6478
RCHGF001804	561	313.833	0	0
RCHGF001805	549	302.177	0	0
RCHGF001806	1431	1180.97	7	34.7028
RCHGF001807	822	572.282	3	30.6914
RCHGF001808	1386	1135.97	4	20.6157
RCHGF001809	1065	814.973	8	57.4715
RCHGF001810	1164	913.973	11	70.4637
RCHGF001811	1044	793.973	1	7.37395
RCHGF001812	1605	1354.97	2	8.64182
RCHGF001813	600	352.014	6	99.7923
RCHGF001814	294	88.6962	0	0
RCHGF001815	186	32.1101	2	364.665
RCHGF001816	1308	1057.97	9	49.8051
RCHGF001817	465	224.217	1	26.1119
RCHGF001819	801	551.334	9	95.5727
RCHGF001820	780	530.792	13	143.392
RCHGF001821	744	494.84	8	94.6523
RCHGF001822	162	24.0353	1	243.588
RCHGF001823	183	31.0515	1	188.548
RCHGF001824	852	602.282	4	38.8836
RCHGF001825	504	259.821	2	45.0673
RCHGF001826	1050	799.973	11	80.5051
RCHGF001827	1071	820.973	2	14.2629
RCHGF001828	1977	1726.97	22	74.5836
RCHGF001829	951	701.039	6	50.1089
RCHGF001830	1875	1624.97	3	10.8089
RCHGF001831	1044	793.973	8	58.9916
RCHGF001832	321	107.187	0	0
RCHGF001833	330	113.284	1	51.682
RCHGF001834	1332	1081.97	3	16.2335
RCHGF001835	1077	826.973	2	14.1594
RCHGF001836	1182	931.973	0	0
RCHGF001837	453	213.619	11	301.48
RCHGF001838	420	183.995	2	63.64
RCHGF001839	561	313.833	7	130.589
RCHGF001840	462	221.477	5	132.175
RCHGF001841	438	200.179	8	233.98
RCHGF001842	1245	994.973	7	41.1901
RCHGF001843	1299	1048.97	22	122.79
RCHGF001844	486	242.993	37	891.485
RCHGF001845	501	257.068	3	68.325
RCHGF001846	711	461.971	6	76.0401
RCHGF001847	1206	955.973	18	110.238
RCHGF001848	888	638.282	3	27.5179
RCHGF001849	123	14.3709	0	0
RCHGF001850	354	131.803	0	0
RCHGF001851	348	127.038	5	230.432
RCHGF001852	1146	895.973	15	98.0172
RCHGF001853	558	310.833	27	508.561
RCHGF001854	192	34.6129	2	338.297
RCHGF001855	360	136.331	3	128.835
RCHGF001856	435	197.51	12	355.711
RCHGF001857	1305	1054.97	9	49.9467
RCHGF001858	186	32.1101	4	729.33
RCHGF001859	1320	1069.97	49	268.12
RCHGF001860	114	13.4695	0	0
RCHGF001861	1317	1066.97	7	38.4106
RCHGF001862	879	629.282	51	474.494
RCHGF001863	378	150.481	20	778.134
RCHGF001864	129	15.5606	0	0
RCHGF001865	765	515.792	11	124.86
RCHGF001866	2343	2092.97	22	61.5411
RCHGF001867	918	668.039	3	26.2921
RCHGF001868	675	426.054	12	164.901
RCHGF001869	855	605.282	5	48.3636
RCHGF001870	891	641.282	0	0
RCHGF001871	1191	940.973	6	37.3319
RCHGF001872	147	19.5619	5	1496.46
RCHGF001873	291	86.5118	1	67.6754
RCHGF001874	1161	910.973	3	19.2807
RCHGF001875	807	557.282	1	10.5058
RCHGF001876	777	527.792	4	44.3714
RCHGF001877	759	509.84	9	103.351
RCHGF001878	1014	763.973	47	360.185
RCHGF001879	618	369.878	74	1171.33
RCHGF001880	1812	1561.97	507	1900.38
RCHGF001881	1191	940.973	67	416.873
RCHGF001882	1113	862.973	87	590.239
RCHGF001884	1290	1039.97	2	11.2594
RCHGF001885	1395	1144.97	4	20.4536
RCHGF001886	675	426.054	34	467.219
RCHGF001887	444	205.443	0	0
RCHGF001888	1374	1123.97	7	36.4626
RCHGF001889	513	268.069	15	327.605
RCHGF001890	1356	1105.97	12	63.5247
RCHGF001891	837	587.282	17	169.476
RCHGF001892	567	319.654	5	91.5791
RCHGF001893	381	152.66	0	0
RCHGF001894	603	355.014	4	65.966
RCHGF001895	606	358.014	1	16.3533
RCHGF001896	126	14.7652	0	0
RCHGF001897	1419	1168.97	6	30.0506
RCHGF001898	1932	1681.97	7	24.366
RCHGF001899	855	605.282	4	38.6908
RCHGF001900	579	331.531	3	52.9789
RCHGF001901	1662	1411.97	19	78.7831
RCHGF001902	993	742.973	10	78.8012
RCHGF001903	489	245.643	1	23.8343
RCHGF001904	1668	1417.97	3	12.3868
RCHGF001905	1200	949.973	3	18.4891
RCHGF001906	1317	1066.97	10	54.8722
RCHGF001907	1398	1147.97	7	35.7003
RCHGF001908	1449	1198.97	11	53.7142
RCHGF001909	126	14.7652	0	0
RCHGF001910	972	721.973	3	24.328
RCHGF001911	669	420.054	4	55.7521
RCHGF001912	1491	1240.97	4	18.8714
RCHGF001913	861	611.282	3	28.7333
RCHGF001914	1719	1468.97	5	19.9279
RCHGF001915	183	31.0515	1	188.548
RCHGF001916	504	259.821	18	405.606
RCHGF001917	1101	850.973	9	61.9203
RCHGF001918	327	111.239	1	52.6321
RCHGF001919	171	26.7274	1	219.053
RCHGF001920	255	64.7556	0	0
RCHGF001921	411	176.497	4	132.687
RCHGF001922	465	224.217	3	78.3356
RCHGF001923	1272	1021.97	15	85.9326
RCHGF001924	561	313.833	0	0
RCHGF001925	243	58.7007	89	8876.73
RCHGF001926	495	251.31	10	232.968
RCHGF001927	591	343.276	9	153.499
RCHGF001928	507	262.548	5	111.498
RCHGF001929	585	337.436	5	86.7529
RCHGF001930	1671	1420.97	12	49.4426
RCHGF001931	828	578.282	16	161.989
RCHGF001932	1335	1084.97	8	43.1695
RCHGF001933	249	61.7511	0	0
RCHGF001934	1005	754.973	1	7.75487
RCHGF001935	1164	913.973	7	44.8405
RCHGF001936	891	641.282	3	27.3891
RCHGF001937	1020	769.973	14	106.453
RCHGF001938	876	626.282	8	74.787
RCHGF001939	462	221.477	57	1506.79
RCHGF001940	144	18.7588	0	0
RCHGF001941	531	285.097	1	20.5359
RCHGF001942	2064	1813.97	16	51.6411
RCHGF001943	1617	1366.97	744	3186.54
RCHGF001944	264	70.3651	87	7238.83
RCHGF001945	123	14.3709	0	0
RCHGF001946	933	683.039	25	214.289
RCHGF001947	1737	1486.97	26	102.371
RCHGF001948	522	276.657	1	21.1624
RCHGF001950	624	375.738	2	31.1639
RCHGF001951	1902	1651.97	13	46.073
RCHGF001952	549	302.177	53	1026.88
RCHGF001953	1230	979.973	11	65.718
RCHGF001954	903	653.039	3	26.896
RCHGF001955	318	105.167	3	167.011
RCHGF001956	396	164.565	0	0
RCHGF001957	126	14.7652	0	0
RCHGF001958	111	13.748	0	0
RCHGF001959	690	440.971	0	0
RCHGF001960	780	530.792	0	0
RCHGF001961	1023	772.973	0	0
RCHGF001962	159	23.1965	0	0
RCHGF001963	375	147.888	1	39.589
RCHGF001964	1581	1330.97	2	8.79765
RCHGF001965	1077	826.973	10	70.797
RCHGF001966	1419	1168.97	19	95.1602
RCHGF001967	960	709.973	9	74.2176
RCHGF001968	912	662.039	8	70.7477
RCHGF001969	1194	943.973	9	55.8199
RCHGF001970	591	343.276	7	119.388
RCHGF001971	828	578.282	5	50.6217
RCHGF001972	2583	2332.97	14	35.1337
RCHGF001973	954	703.973	8	66.5334
RCHGF001974	774	524.792	0	0
RCHGF001975	573	325.562	2	35.9668
RCHGF001976	1107	856.973	3	20.4956
RCHGF001977	774	524.792	1	11.1563
RCHGF001978	564	316.713	0	0
RCHGF001979	552	304.862	10	192.045
RCHGF001980	834	584.282	11	110.224
RCHGF001981	687	438.054	5	66.8264
RCHGF001982	408	173.899	0	0
RCHGF001983	591	343.276	7	119.388
RCHGF001984	744	494.84	2	23.6631
RCHGF001986	765	515.792	49	556.196
RCHGF001987	246	59.946	3	293
RCHGF001988	369	143.121	8	327.261
RCHGF001989	705	455.971	0	0
RCHGF001990	1284	1033.97	1	5.66235
RCHGF001991	378	150.481	0	0
RCHGF001992	1089	838.973	10	69.7843
RCHGF001993	312	101.021	0	0
RCHGF001994	441	202.804	0	0
RCHGF001995	1941	1690.97	3	10.387
RCHGF001996	1245	994.973	4	23.5372
RCHGF001997	885	635.282	11	101.375
RCHGF001998	1227	976.973	3	17.9781
RCHGF001999	372	145.256	2	80.6125
RCHGF002000	726	476.84	1	12.2782
RCHGF002001	327	111.239	1	52.6321
RCHGF002002	438	200.179	1	29.2475
RCHGF002003	507	262.548	1	22.2996
RCHGF002004	177	28.856	2	405.789
RCHGF002005	642	393.666	1	14.8723
RCHGF002006	603	355.014	0	0
RCHGF002007	360	136.331	0	0
RCHGF002008	837	587.282	1	9.96918
RCHGF002009	705	455.971	4	51.3604
RCHGF002010	657	408.404	0	0
RCHGF002011	414	178.932	1	32.7204
RCHGF002012	1215	964.973	2	12.1345
RCHGF002013	1185	934.973	0	0
RCHGF002014	642	393.666	3	44.6169
RCHGF002015	1422	1171.97	4	19.9824
RCHGF002016	1314	1063.97	2	11.0054
RCHGF002017	654	405.404	7	101.092
RCHGF002018	984	733.973	14	111.674
RCHGF002019	804	554.282	0	0
RCHGF002020	414	178.932	0	0
RCHGF002021	360	136.331	22	944.791
RCHGF002022	318	105.167	21	1169.08
RCHGF002023	1653	1402.97	73	304.635
RCHGF002024	1737	1486.97	65	255.927
RCHGF002025	1626	1375.97	11	46.8046
RCHGF002026	246	59.946	0	0
RCHGF002027	762	512.84	12	136.995
RCHGF002028	912	662.039	0	0
RCHGF002029	399	166.843	0	0
RCHGF002030	1227	976.973	4	23.9709
RCHGF002031	804	554.282	3	31.6881
RCHGF002032	771	521.792	1	11.2204
RCHGF002033	471	229.562	0	0
RCHGF002034	2688	2437.97	2	4.80294
RCHGF002035	120	13.8024	3	1272.55
RCHGF002036	594	346.178	2	33.8249
RCHGF002037	957	706.973	5	41.4069
RCHGF002038	765	515.792	9	102.158
RCHGF002039	987	736.973	2	15.8886
RCHGF002040	462	221.477	0	0
RCHGF002041	942	692.039	2	16.9202
RCHGF002042	1125	874.973	16	107.061
RCHGF002043	141	18.2145	0	0
RCHGF002044	1095	844.973	3	20.7866
RCHGF002045	159	23.1965	2	504.792
RCHGF002046	1464	1213.97	16	77.1644
RCHGF002047	780	530.792	2	22.0603
RCHGF002048	123	14.3709	0	0
RCHGF002050	1548	1297.97	2	9.02133
RCHGF002051	810	560.282	0	0
RCHGF002052	783	533.792	3	32.9045
RCHGF002053	321	107.187	1	54.6217
RCHGF002054	1092	841.973	0	0
RCHGF002055	225	49.4765	0	0
RCHGF002056	228	51.0509	0	0
RCHGF002057	357	134.086	5	218.32
RCHGF002059	444	205.443	1	28.498
RCHGF002060	198	37.1512	0	0
RCHGF002061	1899	1648.97	5	17.7526
RCHGF002062	117	13.6716	0	0
RCHGF002063	1188	937.973	20	124.838
RCHGF002064	204	39.7946	0	0
RCHGF002065	231	52.4657	0	0
RCHGF002066	417	181.538	3	96.7522
RCHGF002067	357	134.086	9	392.976
RCHGF002068	222	48.2164	0	0
RCHGF002069	1683	1432.97	2	8.17143
RCHGF002070	621	372.843	14	219.84
RCHGF002071	906	656.039	0	0
RCHGF002072	1005	754.973	1	7.75487
RCHGF002073	2187	1936.97	7	21.1583
RCHGF002074	2448	2197.97	0	0
RCHGF002075	402	169.097	0	0
RCHGF002076	501	257.068	2	45.55
RCHGF002077	486	242.993	0	0
RCHGF002078	267	72.1618	0	0
RCHGF002079	219	46.7707	0	0
RCHGF002080	141	18.2145	0	0
RCHGF002081	1194	943.973	0	0
RCHGF002082	1392	1141.97	3	15.3805
RCHGF002083	381	152.66	0	0
RCHGF002084	327	111.239	1	52.6321
RCHGF002085	3057	2806.97	5	10.4289
RCHGF002086	378	150.481	20	778.134
RCHGF002087	384	154.832	68	2571.31
RCHGF002088	138	17.7395	63	20792.4
RCHGF002089	918	668.039	1	8.76404
RCHGF002090	486	242.993	0	0
RCHGF002091	123	14.3709	0	0
RCHGF002092	429	192.045	0	0
RCHGF002093	624	375.738	0	0
RCHGF002094	639	390.666	0	0
RCHGF002095	1362	1111.97	2	10.5303
RCHGF002097	411	176.497	0	0
RCHGF002099	1776	1525.97	83	318.447
RCHGF002101	1461	1210.97	2	9.66945
RCHGF002102	1401	1150.97	4	20.347
RCHGF002103	2220	1969.97	10	29.7198
RCHGF002104	1272	1021.97	12	68.7461
RCHGF002105	2247	1996.97	3	8.79539
RCHGF002106	696	446.971	0	0
RCHGF002107	615	366.913	41	654.225
RCHGF002108	837	587.282	2	19.9384
RCHGF002109	378	150.481	0	0
RCHGF002110	594	346.178	0	0
RCHGF002111	525	279.657	12	251.224
RCHGF002112	1308	1057.97	15	83.0085
RCHGF002113	153	21.0613	0	0
RCHGF002114	117	13.6716	0	0
RCHGF002115	924	674.039	17	147.662
RCHGF002116	135	17.0838	5	1713.53
RCHGF002117	1317	1066.97	19	104.257
RCHGF002118	1920	1669.97	38	133.223
RCHGF002119	1332	1081.97	5	27.0558
RCHGF002120	996	745.973	8	62.7875
RCHGF002121	189	33.1887	0	0
RCHGF002122	369	143.121	0	0
RCHGF002123	222	48.2164	3	364.278
RCHGF002124	138	17.7395	5	1650.19
RCHGF002125	618	369.878	8	126.63
RCHGF002126	1245	994.973	9	52.9587
RCHGF002127	792	542.386	0	0
RCHGF002128	1941	1690.97	73	252.751
RCHGF002129	459	218.903	0	0
RCHGF002130	324	109.298	1	53.5665
RCHGF002131	402	169.097	3	103.871
RCHGF002132	585	337.436	1	17.3506
RCHGF002133	912	662.039	7	61.9043
RCHGF002134	2379	2128.97	4	11.0001
RCHGF002135	804	554.282	8	84.5017
RCHGF002136	912	662.039	1	8.84346
RCHGF002137	615	366.913	1	15.9567
RCHGF002138	1359	1108.97	1	5.27941
RCHGF002139	126	14.7652	0	0
RCHGF002140	237	55.7221	1	105.07
RCHGF002141	138	17.7395	2	660.076
RCHGF002142	642	393.666	4	59.4893
RCHGF002143	699	449.971	2	26.0226
RCHGF002144	714	464.884	62	780.824
RCHGF002145	1188	937.973	101	630.43
RCHGF002146	252	63.1759	9	834.059
RCHGF002147	2337	2086.97	29	81.3556
RCHGF002148	951	701.039	1	8.35149
RCHGF002149	1254	1003.97	1	5.83155
RCHGF002150	309	98.9086	7	414.353
RCHGF002151	1044	793.973	50	368.698
RCHGF002152	1920	1669.97	90	315.529
RCHGF002153	441	202.804	30	866.067
RCHGF002154	306	96.713	34	2058.26
RCHGF002155	594	346.178	10	169.124
RCHGF002156	1749	1498.97	96	374.959
RCHGF002157	1440	1189.97	114	560.885
RCHGF002158	660	411.404	52	740.016
RCHGF002159	1350	1099.97	53	282.098
RCHGF002160	189	33.1887	4	705.628
RCHGF002162	1602	1351.97	65	281.482
RCHGF002164	1833	1582.97	42	155.339
RCHGF002165	1311	1060.97	8	44.146
RCHGF002166	585	337.436	4	69.4023
RCHGF002167	540	293.878	1	19.9222
RCHGF002168	753	503.84	15	174.303
RCHGF002169	1230	979.973	1	5.97437
RCHGF002170	1089	838.973	3	20.9353
RCHGF002171	414	178.932	15	490.806
RCHGF002172	288	84.3125	1	69.4407
RCHGF002173	150	20.2849	0	0
RCHGF002174	531	285.097	1	20.5359
RCHGF002175	1575	1324.97	1	4.41875
RCHGF002176	846	596.282	1	9.81871
RCHGF002177	1893	1642.97	6	21.3809
RCHGF002178	1629	1378.97	19	80.6685
RCHGF002180	1701	1450.97	25	100.876
RCHGF002181	126	14.7652	1	396.522
RCHGF002183	429	192.045	13	396.321
RCHGF002185	984	733.973	21	167.512
RCHGF002186	711	461.971	3	38.02
RCHGF002187	204	39.7946	0	0
RCHGF002188	222	48.2164	0	0
RCHGF002189	438	200.179	2	58.4949
RCHGF002190	126	14.7652	0	0
RCHGF002191	870	620.282	18	169.898
RCHGF002192	1311	1060.97	4	22.073
RCHGF002193	960	709.973	5	41.232
RCHGF002194	1404	1153.97	0	0
RCHGF002195	1917	1666.97	9	31.6097
RCHGF002196	114	13.4695	0	0
RCHGF002197	888	638.282	72	660.429
RCHGF002198	183	31.0515	9	1696.94
RCHGF002199	1902	1651.97	15	53.1611
RCHGF002200	747	497.84	3	35.2807
RCHGF002201	1005	754.973	1	7.75487
RCHGF002202	666	417.054	6	84.2296
RCHGF002203	2166	1915.97	18	55.0034
RCHGF002204	2166	1915.97	41	125.285
RCHGF002205	309	98.9086	1	59.1932
RCHGF002206	933	683.039	7	60.001
RCHGF002207	429	192.045	17	518.266
RCHGF002208	1032	781.973	17	127.281
RCHGF002209	1572	1321.97	11	48.7165
RCHGF002210	4344	4093.97	24	34.322
RCHGF002211	129	15.5606	0	0
RCHGF002212	390	159.493	2	73.4168
RCHGF002213	489	245.643	3	71.5028
RCHGF002214	615	366.913	1	15.9567
RCHGF002215	648	399.404	3	43.9759
RCHGF002216	486	242.993	2	48.1884
RCHGF002217	954	703.973	5	41.5834
RCHGF002218	1185	934.973	2	12.5238
RCHGF002219	696	446.971	0	0
RCHGF002220	366	140.779	1	41.5881
RCHGF002221	198	37.1512	0	0
RCHGF002222	780	530.792	0	0
RCHGF002224	1179	928.973	2	12.6047
RCHGF002225	705	455.971	5	64.2005
RCHGF002226	2169	1918.97	11	33.5606
RCHGF002227	174	27.9217	3	629.05
RCHGF002228	1095	844.973	2	13.8578
RCHGF002230	618	369.878	10	158.288
RCHGF002231	368	142.226	6	246.99
RCHGF002233	852	602.282	10	97.2089
RCHGF002234	321	107.187	60	3277.3
RCHGF002235	126	14.7652	1	396.522
RCHGF002236	1686	1435.97	9	36.6946
RCHGF002237	699	449.971	3	39.034
RCHGF002238	1107	856.973	4	27.3274
RCHGF002239	1191	940.973	45	279.989
RCHGF002240	1242	991.973	13	76.7272
RCHGF002241	1860	1609.97	4	14.5461
RCHGF002242	390	159.493	1	36.7084
RCHGF002243	1525	1274.97	5	22.9602
RCHGF002246	618	369.878	2	31.6575
RCHGF002247	189	33.1887	0	0
RCHGF002248	372	145.256	1	40.3063
RCHGF002249	705	455.971	5	64.2005
RCHGF002250	243	58.7007	0	0
RCHGF002251	516	270.787	5	108.106
RCHGF002252	549	302.177	4	77.5005
RCHGF002253	1518	1267.97	21	96.9651
RCHGF002254	837	587.282	15	149.538
RCHGF002255	1398	1147.97	31	158.102
RCHGF002256	390	159.493	12	440.501
RCHGF002257	147	19.5619	0	0
RCHGF002258	2811	2560.97	7	16.0029
RCHGF002259	474	232.071	3	75.6845
RCHGF002260	288	84.3125	0	0
RCHGF002261	1344	1093.97	11	58.8697
RCHGF002262	174	27.9217	0	0
RCHGF002263	987	736.973	4	31.7771
RCHGF002264	645	396.666	0	0
RCHGF002265	1038	787.973	4	29.7204
RCHGF002266	1326	1075.97	3	16.324
RCHGF002267	780	530.792	0	0
RCHGF002268	666	417.054	3	42.1148
RCHGF002269	444	205.443	2	56.996
RCHGF002270	846	596.282	3	29.4561
RCHGF002271	195	35.9031	3	489.211
RCHGF002272	213	43.7669	1	133.77
RCHGF002273	195	35.9031	0	0
RCHGF002274	408	173.899	2	67.3347
RCHGF002275	1101	850.973	11	75.6803
RCHGF002276	1353	1102.97	6	31.8488
RCHGF002277	984	733.973	6.20762	49.5167
RCHGF002279	1083	832.973	31.357	220.399
RCHGF002280	120	13.8024	0	0
RCHGF002281	1815	1564.97	12	44.8932
RCHGF002282	135	17.0838	0	0
RCHGF002283	426	189.533	5	154.451
RCHGF002284	648	399.404	0	0
RCHGF002285	1968	1717.97	9	30.6713
RCHGF002286	771	521.792	0	0
RCHGF002287	993	742.973	1	7.88012
RCHGF002288	687	438.054	0	0
RCHGF002289	555	307.833	11	209.211
RCHGF002290	744	494.84	255	3017.04
RCHGF002291	1176	925.973	145	916.802
RCHGF002292	1578	1327.97	3	13.2263
RCHGF002293	267	72.1618	0	0
RCHGF002294	366	140.779	0	0
RCHGF002295	114	13.4695	0	0
RCHGF002296	228	51.0509	0	0
RCHGF002297	1512	1261.97	60	278.36
RCHGF002299	504	259.821	3	67.601
RCHGF002300	912	662.039	0	0
RCHGF002301	1800	1549.97	3	11.3319
RCHGF002302	711	461.971	8	101.387
RCHGF002303	816	566.282	13	134.405
RCHGF002304	750	500.84	6	70.1388
RCHGF002305	474	232.071	1	25.2282
RCHGF002306	393	162.146	1	36.1076
RCHGF002307	1161	910.973	7	44.9882
RCHGF002308	705	455.971	2	25.6802
RCHGF002309	735	485.84	7	84.355
RCHGF002310	495	251.31	8	186.375
RCHGF002311	126	14.7652	0	0
RCHGF002312	813	563.282	6	62.3636
RCHGF002313	1236	985.973	2	11.876
RCHGF002314	657	408.404	0	0
RCHGF002315	138	17.7395	1	330.038
RCHGF002316	546	299.32	6	117.36
RCHGF002317	2274	2023.97	19	54.961
RCHGF002318	459	218.903	0	0
RCHGF002319	771	521.792	4	44.8817
RCHGF002320	816	566.282	2	20.6777
RCHGF002321	966	715.973	8	65.4183
RCHGF002322	1002	751.973	10	77.8581
RCHGF002323	501	257.068	0	0
RCHGF002324	1308	1057.97	3	16.6017
RCHGF002325	1515	1264.97	0	0
RCHGF002326	660	411.404	4	56.9243
RCHGF002327	1062	811.973	14	100.947
RCHGF002328	1404	1153.97	4	20.2941
RCHGF002329	726	476.84	2	24.5563
RCHGF002330	687	438.054	3	40.0959
RCHGF002331	1227	976.973	3	17.9781
RCHGF002332	705	455.971	0	0
RCHGF002333	417	181.538	0	0
RCHGF002334	921	671.039	7	61.074
RCHGF002335	960	709.973	1	8.2464
RCHGF002336	1383	1132.97	2	10.3351
RCHGF002337	855	605.282	0	0
RCHGF002338	510	265.221	0	0
RCHGF002339	891	641.282	0	0
RCHGF002340	648	399.404	1	14.6586
RCHGF002341	399	166.843	1	35.0912
RCHGF002342	411	176.497	0	0
RCHGF002343	819	569.282	0	0
RCHGF002344	762	512.84	2	22.8325
RCHGF002345	474	232.071	0	0
RCHGF002346	1020	769.973	0	0
RCHGF002347	2088	1837.97	8	25.4834
RCHGF002348	162	24.0353	0	0
RCHGF002349	843	593.282	4	39.4734
RCHGF002350	1458	1207.97	7	33.9271
RCHGF002351	633	384.702	4	60.8754
RCHGF002352	1086	835.973	0	0
RCHGF002353	1026	775.973	2	15.09
RCHGF002354	1248	997.973	2	11.7332
RCHGF002355	1443	1192.97	4	19.6307
RCHGF002356	654	405.404	3	43.3251
RCHGF002357	1437	1186.97	1	4.93248
RCHGF002358	336	117.88	0	0
RCHGF002359	1251	1000.97	2	11.6981
RCHGF002360	312	101.021	0	0
RCHGF002361	1926	1675.97	5	17.4666
RCHGF002362	828	578.282	3	30.373
RCHGF002363	147	19.5619	26	7781.59
RCHGF002364	174	27.9217	2	419.366
RCHGF002365	144	18.7588	0	0
RCHGF002366	114	13.4695	1	434.665
RCHGF002367	564	316.713	0	0
RCHGF002368	762	512.84	5	57.0813
RCHGF002369	870	620.282	5	47.194
RCHGF002370	1911	1660.97	5	17.6244
RCHGF002371	690	440.971	1	13.2769
RCHGF002372	117	13.6716	0	0
RCHGF002373	1359	1108.97	3	15.8382
RCHGF002374	327	111.239	0	0
RCHGF002375	522	276.657	0	0
RCHGF002376	1062	811.973	0	0
RCHGF002377	1089	838.973	4	27.9137
RCHGF002378	1461	1210.97	9	43.5125
RCHGF002379	1803	1552.97	2	7.54001
RCHGF002380	327	111.239	0	0
RCHGF002381	318	105.167	0	0
RCHGF002382	1092	841.973	1	6.95357
RCHGF002383	954	703.973	1	8.31668
RCHGF002384	1107	856.973	0	0
RCHGF002385	741	491.84	4	47.6148
RCHGF002386	1095	844.973	9	62.3599
RCHGF002388	1371	1120.97	45	235.03
RCHGF002389	1197	946.973	35	216.39
RCHGF002390	819	569.282	6	61.7063
RCHGF002391	879	629.282	71	660.57
RCHGF002392	717	467.84	49	613.204
RCHGF002393	690	440.971	7	92.9381
RCHGF002394	369	143.121	6	245.446
RCHGF002395	1185	934.973	4	25.0476
RCHGF002396	2010	1759.97	17	56.5521
RCHGF002397	606	358.014	4	65.4132
RCHGF002398	117	13.6716	0	0
RCHGF002399	519	273.709	2	42.7806
RCHGF002400	834	584.282	1	10.0204
RCHGF002401	606	358.014	2	32.7066
RCHGF002402	1224	973.973	4	24.0447
RCHGF002403	486	242.993	2	48.1884
RCHGF002404	1155	904.973	1	6.4695
RCHGF002405	486	242.993	1	24.0942
RCHGF002406	1167	916.973	40	255.393
RCHGF002407	900	650.039	7	63.047
RCHGF002408	1374	1123.97	3	15.6268
RCHGF002409	1485	1234.97	1	4.74077
RCHGF002410	813	563.282	0	0
RCHGF002411	1116	865.973	1	6.76086
RCHGF002412	630	381.702	1	15.3385
RCHGF002413	117	13.6716	0	0
RCHGF002414	621	372.843	1	15.7029
RCHGF002415	1008	757.973	4	30.8967
RCHGF002416	630	381.702	3	46.0154
RCHGF002417	666	417.054	0	0
RCHGF002418	2076	1825.97	3	9.61907
RCHGF002419	996	745.973	5	39.2422
RCHGF002420	669	420.054	1	13.938
RCHGF002421	1377	1126.97	1	5.19508
RCHGF002422	282	80.7826	0	0
RCHGF002423	282	80.7826	0	0
RCHGF002424	462	221.477	0	0
RCHGF002425	147	19.5619	0	0
RCHGF002426	591	343.276	2	34.1109
RCHGF002427	201	38.4858	0	0
RCHGF002428	945	695.039	26	219.013
RCHGF002429	1482	1231.97	8	38.0185
RCHGF002430	891	641.282	1	9.12971
RCHGF002431	372	145.256	0	0
RCHGF002432	1062	811.973	4	28.8419
RCHGF002433	528	282.151	0	0
RCHGF002434	543	296.32	0	0
RCHGF002435	774	524.792	3	33.4688
RCHGF002436	1323	1072.97	1	5.45654
RCHGF002437	1572	1321.97	7	31.0014
RCHGF002438	303	94.6095	0	0
RCHGF002439	117	13.6716	0	0
RCHGF002440	309	98.9086	1	59.1932
RCHGF002441	534	287.961	4	81.3265
RCHGF002442	519	273.709	2	42.7806
RCHGF002443	168	25.9137	0	0
RCHGF002444	189	33.1887	0	0
RCHGF002445	1971	1720.97	12	40.8238
RCHGF002447	123	14.3709	0	0
RCHGF002448	1251	1000.97	16	93.5844
RCHGF002449	237	55.7221	4	420.28
RCHGF002450	1056	805.973	4	29.0566
RCHGF002451	1719	1468.97	3	11.9568
RCHGF002452	300	92.4742	0	0
RCHGF002453	588	340.308	20	344.083
RCHGF002454	858	608.282	44	423.5
RCHGF002455	318	105.167	4	222.682
RCHGF002456	324	109.298	0	0
RCHGF002457	195	35.9031	0	0
RCHGF002458	792	542.386	10	107.944
RCHGF002459	513	268.069	2	43.6807
RCHGF002460	606	358.014	4	65.4132
RCHGF002461	1482	1231.97	29	137.817
RCHGF002462	309	98.9086	1	59.1932
RCHGF002463	693	443.971	0	0
RCHGF002464	927	677.039	2	17.2951
RCHGF002465	393	162.146	0	0
RCHGF002466	798	548.386	1	10.6763
RCHGF002467	984	733.973	4	31.907
RCHGF002468	714	464.884	0	0
RCHGF002469	813	563.282	1	10.3939
RCHGF002470	747	497.84	1	11.7602
RCHGF002471	465	224.217	0	0
RCHGF002472	744	494.84	0	0
RCHGF002473	729	479.84	2	24.4028
RCHGF002474	957	706.973	2	16.5628
RCHGF002475	852	602.282	0	0
RCHGF002476	180	30.1036	0	0
RCHGF002477	276	77.6186	0	0
RCHGF002478	1422	1171.97	4	19.9824
RCHGF002479	456	216.284	0	0
RCHGF002480	2031	1780.97	1	3.28737
RCHGF002481	597	349.047	0	0
RCHGF002482	867	617.282	127	1204.55
RCHGF002483	126	14.7652	0	0
RCHGF002484	318	105.167	0	0
RCHGF002485	120	13.8024	0	0
RCHGF002487	1449	1198.97	16	78.1298
RCHGF002489	1064	813.973	2	14.3855
RCHGF002491	798	548.386	1	10.6763
RCHGF002492	1851	1600.97	2	7.31395
RCHGF002493	354	131.803	0	0
RCHGF002494	537	290.934	0	0
RCHGF002495	546	299.32	3	58.6802
RCHGF002496	402	169.097	0	0
RCHGF002497	381	152.66	0	0
RCHGF002498	387	157.158	0	0
RCHGF002500	624	375.738	7	109.074
RCHGF002501	291	86.5118	2.79238	188.975
RCHGF002502	114	13.4695	0	0
RCHGF002503	2013	1762.97	3	9.96281
RCHGF002504	234	54.0614	0	0
RCHGF002505	759	509.84	2	22.9669
RCHGF002506	534	287.961	4	81.3265
RCHGF002507	1227	976.973	2	11.9854
RCHGF002508	177	28.856	0	0
RCHGF002509	270	74.0281	0	0
RCHGF002510	384	154.832	7	264.694
RCHGF002511	918	668.039	13	113.932
RCHGF002512	1638	1387.97	25	105.454
RCHGF002513	717	467.84	2	25.0287
RCHGF002515	1695	1444.97	5	20.2589
RCHGF002516	1263	1012.97	7	40.4582
RCHGF002517	492	248.596	0	0
RCHGF002518	1077	826.973	9	63.7173
RCHGF002519	1149	898.973	15	97.6901
RCHGF002520	156	22.0633	1	265.361
RCHGF002522	411	176.497	1	33.1718
RCHGF002523	1083	832.973	0	0
RCHGF002524	465	224.217	0	0
RCHGF002526	1317	1066.97	4	21.9489
RCHGF002527	1104	853.973	47	322.225
RCHGF002529	237	55.7221	0	0
RCHGF002530	417	181.538	0	0
RCHGF002531	339	119.925	0	0
RCHGF002532	219	46.7707	0	0
RCHGF002533	618	369.878	9	142.459
RCHGF002534	1140	889.973	0	0
RCHGF002535	204	39.7946	0	0
RCHGF002536	1191	940.973	9	55.9979
RCHGF002537	1170	919.973	9	57.2761
RCHGF002538	1374	1123.97	3	15.6268
RCHGF002539	627	378.738	1	15.4585
RCHGF002540	1926	1675.97	5	17.4666
RCHGF002541	1926	1675.97	7	24.4533
RCHGF002542	1179	928.973	8	50.4188
RCHGF002543	909	659.039	16	142.14
RCHGF002544	450	211.16	6	166.359
RCHGF002545	615	366.913	5	79.7835
RCHGF002546	597	349.047	3	50.3203
RCHGF002547	1944	1693.97	9	31.1059
RCHGF002548	114	13.4695	1	434.665
RCHGF002549	1245	994.973	0	0
RCHGF002550	2163	1912.97	29	88.7555
RCHGF002551	2070	1819.97	38	122.243
RCHGF002552	594	346.178	7	118.387
RCHGF002553	39	40	0	0
RCHGF002554	3486	3235.97	64	115.793
RCHGF002555	804	554.282	4	42.2508
RCHGF002556	693	443.971	3	39.5615
RCHGF002557	1287	1036.97	9	50.8137
RCHGF002558	1413	1162.97	1	5.03427
RCHGF002559	300	92.4742	0	0
RCHGF002560	480	237.686	0	0
RCHGF002561	111	13.748	0	0
RCHGF002562	690	440.971	1	13.2769
RCHGF002563	165	24.993	0	0
RCHGF002564	234	54.0614	6	649.785
RCHGF002565	825	575.282	10	101.771
RCHGF002566	1026	775.973	21	158.445
RCHGF002567	774	524.792	0	0
RCHGF002568	462	221.477	2	52.8698
RCHGF002569	2055	1804.97	7	22.7056
RCHGF002570	876	626.282	6	56.0902
RCHGF002571	465	224.217	2	52.2237
RCHGF002572	1911	1660.97	7	24.6741
RCHGF002573	321	107.187	0	0
RCHGF002574	1284	1033.97	6	33.9741
RCHGF002575	336	117.88	0	0
RCHGF002576	1449	1198.97	3	14.6493
RCHGF002577	1509	1258.97	13	60.4551
RCHGF002578	690	440.971	11	146.046
RCHGF002579	1302	1051.97	10	55.6546
RCHGF002580	675	426.054	2	27.4835
RCHGF002581	1305	1054.97	7	38.8475
RCHGF002582	975	724.973	6	48.4546
RCHGF002583	147	19.5619	19	5686.54
RCHGF002584	456	216.284	3	81.2087
RCHGF002585	309	98.9086	16	947.092
RCHGF002586	456	216.284	1	27.0696
RCHGF002587	225	49.4765	1	118.333
RCHGF002588	669	420.054	3	41.814
RCHGF002589	288	84.3125	0	0
RCHGF002590	1068	817.973	12	85.8911
RCHGF002591	777	527.792	2	22.1857
RCHGF002592	168	25.9137	0	0
RCHGF002593	435	197.51	2	59.2852
RCHGF002594	906	656.039	10	89.2435
RCHGF002595	2418	2167.97	14	37.8077
RCHGF002596	114	13.4695	0	0
RCHGF002597	1278	1027.97	6	34.1724
RCHGF002598	1050	799.973	1	7.31865
RCHGF002599	312	101.021	0	0
RCHGF002600	477	234.846	0	0
RCHGF002601	1917	1666.97	1	3.51219
RCHGF002602	609	360.913	2	32.4439
RCHGF002603	759	509.84	3	34.4503
RCHGF002604	192	34.6129	0	0
RCHGF002605	660	411.404	5	71.1554
RCHGF002606	696	446.971	6	78.5919
RCHGF002607	1734	1483.97	50	197.265
RCHGF002608	1623	1372.97	22	93.8138
RCHGF002609	2346	2095.97	9	25.1399
RCHGF002610	723	473.84	2	24.7118
RCHGF002611	1311	1060.97	1	5.51825
RCHGF002612	759	509.84	1	11.4834
RCHGF002613	1422	1171.97	4	19.9824
RCHGF002614	666	417.054	8	112.306
RCHGF002615	132	16.2843	0	0
RCHGF002616	933	683.039	3	25.7147
RCHGF002617	480	237.686	0	0
RCHGF002618	138	17.7395	0	0
RCHGF002619	201	38.4858	0	0
RCHGF002620	111	13.748	0	0
RCHGF002621	417	181.538	3	96.7522
RCHGF002622	111	13.748	0	0
RCHGF002623	894	644.282	9	81.7848
RCHGF002624	2268	2017.97	10	29.0129
RCHGF002625	747	497.84	0	0
RCHGF002626	351	129.268	0	0
RCHGF002627	177	28.856	0	0
RCHGF002628	1182	931.973	21	131.923
RCHGF002629	597	349.047	0	0
RCHGF002630	264	70.3651	1	83.2049
RCHGF002631	1611	1360.97	14	60.2261
RCHGF002632	1212	961.973	2	12.1723
RCHGF002633	465	224.217	4	104.447
RCHGF002634	1203	952.973	0	0
RCHGF002635	633	384.702	1	15.2188
RCHGF002636	1098	847.973	0	0
RCHGF002638	225	49.4765	2	236.666
RCHGF002639	561	313.833	2	37.3111
RCHGF002640	618	369.878	0	0
RCHGF002641	288	84.3125	0	0
RCHGF002642	783	533.792	5	54.8409
RCHGF002643	2352	2101.97	11	30.6388
RCHGF002645	1398	1147.97	10	51.0005
RCHGF002646	1995	1744.97	17	57.0383
RCHGF002647	792	542.386	1	10.7944
RCHGF002648	147	19.5619	0	0
RCHGF002649	2316	2065.97	8	22.671
RCHGF002650	771	521.792	0	0
RCHGF002651	1314	1063.97	0	0
RCHGF002652	816	566.282	3	31.0166
RCHGF002653	483	240.342	1	24.3599
RCHGF002654	141	18.2145	0	0
RCHGF002655	387	157.158	3	111.761
RCHGF002656	1023	772.973	7	53.02
RCHGF002657	435	197.51	9	266.783
RCHGF002658	2577	2326.97	124	311.987
RCHGF002659	624	375.738	3	46.7458
RCHGF002660	357	134.086	4	174.656
RCHGF002661	1152	901.973	8	51.9281
RCHGF002662	1344	1093.97	6	32.1108
RCHGF002663	531	285.097	35	718.756
RCHGF002664	906	656.039	3	26.773
RCHGF002665	942	692.039	6	50.7606
RCHGF002666	618	369.878	1	15.8288
RCHGF002667	1035	784.973	1	7.4585
RCHGF002668	849	599.282	3	29.3087
RCHGF002669	159	23.1965	0	0
RCHGF002670	321	107.187	0	0
RCHGF002671	324	109.298	3	160.7
RCHGF002672	759	509.84	5	57.4172
RCHGF002673	717	467.84	8	100.115
RCHGF002674	621	372.843	1	15.7029
RCHGF002675	609	360.913	7	113.554
RCHGF002676	1032	781.973	3	22.4613
RCHGF002677	1281	1030.97	6	34.073
RCHGF002678	630	381.702	3	46.0154
RCHGF002679	1122	871.973	2	13.4287
RCHGF002681	336	117.88	0	0
RCHGF002682	354	131.803	2	88.8402
RCHGF002683	726	476.84	1	12.2782
RCHGF002684	249	61.7511	1	94.8116
RCHGF002685	1323	1072.97	16	87.3046
RCHGF002686	813	563.282	3	31.1818
RCHGF002687	114	13.4695	0	0
RCHGF002688	597	349.047	0	0
RCHGF002689	1902	1651.97	19	67.3375
RCHGF002690	1203	952.973	14	86.0109
RCHGF002691	123	14.3709	0	0
RCHGF002692	1125	874.973	2	13.3826
RCHGF002693	159	23.1965	0	0
RCHGF002694	2169	1918.97	14	42.7135
RCHGF002695	864	614.282	8	76.248
RCHGF002696	153	21.0613	0	0
RCHGF002697	1152	901.973	5	32.4551
RCHGF002698	1569	1318.97	4	17.7554
RCHGF002699	708	458.971	1	12.7562
RCHGF002700	1524	1273.97	7	32.1695
RCHGF002701	573	325.562	0	0
RCHGF002702	168	25.9137	0	0
RCHGF002703	426	189.533	2	61.7803
RCHGF002704	174	27.9217	0	0
RCHGF002705	567	319.654	0	0
RCHGF002706	129	15.5606	0	0
RCHGF002707	1830	1579.97	2	7.41116
RCHGF002708	2139	1888.97	2	6.19884
RCHGF002709	708	458.971	0	0
RCHGF002710	648	399.404	1	14.6586
RCHGF002711	126	14.7652	0	0
RCHGF002712	162	24.0353	0	0
RCHGF002713	774	524.792	2	22.3125
RCHGF002714	2310	2059.97	4	11.3685
RCHGF002715	456	216.284	3	81.2087
RCHGF002716	765	515.792	1	11.3509
RCHGF002717	489	245.643	7	166.84
RCHGF002718	114	13.4695	0	0
RCHGF002719	495	251.31	6	139.781
RCHGF002720	885	635.282	19	175.103
RCHGF002721	144	18.7588	0	0
RCHGF002722	654	405.404	3	43.3251
RCHGF002723	693	443.971	2	26.3743
RCHGF002724	1326	1075.97	2	10.8826
RCHGF002725	384	154.832	6	226.881
RCHGF002726	1278	1027.97	16	91.1264
RCHGF002727	189	33.1887	0	0
RCHGF002728	1053	802.973	4	29.1652
RCHGF002729	150	20.2849	0	0
RCHGF002730	1239	988.973	5	29.6
RCHGF002731	171	26.7274	0	0
RCHGF002732	765	515.792	2	22.7019
RCHGF002733	141	18.2145	0	0
RCHGF002734	921	671.039	2	17.4497
RCHGF002735	819	569.282	4	41.1376
RCHGF002736	510	265.221	9	198.674
RCHGF002737	126	14.7652	0	0
RCHGF002738	306	96.713	7	423.759
RCHGF002739	312	101.021	0	0
RCHGF002740	1614	1363.97	5	21.462
RCHGF002741	147	19.5619	0	0
RCHGF002742	3231	2980.97	22	43.2087
RCHGF002743	120	13.8024	0	0
RCHGF002744	1491	1240.97	2	9.43569
RCHGF002745	513	268.069	0	0
RCHGF002746	1020	769.973	26	197.699
RCHGF002747	651	402.404	4	58.1975
RCHGF002748	1749	1498.97	32	124.986
RCHGF002749	1512	1261.97	5	23.1967
RCHGF002750	1473	1222.97	3	14.3619
RCHGF002751	978	727.973	1	8.04249
RCHGF002752	1566	1315.97	18	80.0814
RCHGF002753	1698	1447.97	52	210.256
RCHGF002754	192	34.6129	0	0
RCHGF002755	981	730.973	1	8.00949
RCHGF002756	996	745.973	3	23.5453
RCHGF002757	912	662.039	3	26.5304
RCHGF002758	978	727.973	6	48.255
RCHGF002759	1698	1447.97	94	380.079
RCHGF002760	1203	952.973	18	110.585
RCHGF002761	348	127.038	2	92.1727
RCHGF002762	1416	1165.97	9	45.1918
RCHGF002763	1065	814.973	1	7.18394
RCHGF002764	996	745.973	14	109.878
RCHGF002765	1863	1612.97	10	36.2977
RCHGF002766	1290	1039.97	2	11.2594
RCHGF002767	834	584.282	4	40.0815
RCHGF002768	957	706.973	12	99.3767
RCHGF002769	216	45.354	59	7616.26
RCHGF002770	330	113.284	99	5116.52
RCHGF002771	321	107.187	11	600.839
RCHGF002772	621	372.843	3	47.1087
RCHGF002773	1380	1129.97	13	67.3568
RCHGF002775	414	178.932	0	0
RCHGF002776	189	33.1887	1	176.407
RCHGF002777	726	476.84	1	12.2782
RCHGF002778	672	423.054	53	733.476
RCHGF002779	567	319.654	3	54.9475
RCHGF002780	1104	853.973	11	75.4144
RCHGF002781	153	21.0613	0	0
RCHGF002782	921	671.039	1	8.72486
RCHGF002783	585	337.436	0	0
RCHGF002784	951	701.039	3	25.0545
RCHGF002785	1548	1297.97	35	157.873
RCHGF002786	129	15.5606	0	0
RCHGF002787	900	650.039	4	36.0269
RCHGF002788	777	527.792	1	11.0929
RCHGF002789	633	384.702	5	76.0942
RCHGF002790	873	623.282	1	9.39337
RCHGF002791	144	18.7588	1	312.106
RCHGF002792	1833	1582.97	38	140.545
RCHGF002793	822	572.282	3	30.6914
RCHGF002794	1317	1066.97	47	257.899
RCHGF002795	969	718.973	39	317.584
RCHGF002796	117	13.6716	1	428.24
RCHGF002797	999	748.973	12	93.8039
RCHGF002798	690	440.971	15	199.153
RCHGF002799	180	30.1036	1	194.486
RCHGF002800	561	313.833	3	55.9667
RCHGF002801	786	536.792	1	10.9069
RCHGF002802	360	136.331	0	0
RCHGF002803	339	119.925	14	683.479
RCHGF002804	120	13.8024	0	0
RCHGF002805	1779	1528.97	3	11.4876
RCHGF002806	1728	1477.97	4	15.8453
RCHGF002807	813	563.282	3	31.1818
RCHGF002808	891	641.282	9	82.1674
RCHGF002809	465	224.217	3	78.3356
RCHGF002810	657	408.404	1	14.3356
RCHGF002811	1422	1171.97	3	14.9868
RCHGF002812	999	748.973	1	7.817
RCHGF002813	156	22.0633	0	0
RCHGF002814	1932	1681.97	4	13.9235
RCHGF002815	960	709.973	1.03117	8.50345
RCHGF002816	129	15.5606	0	0
RCHGF002817	267	72.1618	0	0
RCHGF002818	555	307.833	4	76.0767
RCHGF002819	501	257.068	1	22.775
RCHGF002820	537	290.934	0	0
RCHGF002821	300	92.4742	1	63.3119
RCHGF002822	264	70.3651	8	665.639
RCHGF002823	141	18.2145	0	0
RCHGF002824	336	117.88	0	0
RCHGF002825	300	92.4742	2	126.624
RCHGF002826	690	440.971	2	26.5537
RCHGF002827	819	569.282	2	20.5688
RCHGF002828	843	593.282	1	9.86836
RCHGF002829	774	524.792	0	0
RCHGF002830	420	183.995	3	95.4601
RCHGF002831	276	77.6186	3	226.288
RCHGF002832	195	35.9031	0	0
RCHGF002834	540	293.878	1	19.9222
RCHGF002835	460	219.733	3	79.9341
RCHGF002837	876	626.282	3	28.0451
RCHGF002838	720	470.84	0	0
RCHGF002839	1131	880.973	1	6.64574
RCHGF002840	1011	760.973	6	46.1624
RCHGF002841	294	88.6962	0	0
RCHGF002842	171	26.7274	0	0
RCHGF002843	642	393.666	0	0
RCHGF002844	1968	1717.97	2	6.81585
RCHGF002845	396	164.565	0	0
RCHGF002846	609	360.913	0	0
RCHGF002847	720	470.84	0	0
RCHGF002848	507	262.548	0	0
RCHGF002849	120	13.8024	2	848.364
RCHGF002850	1290	1039.97	15	84.4452
RCHGF002851	1245	994.973	5	29.4215
RCHGF002852	777	527.792	7	77.65
RCHGF002853	2166	1915.97	7	21.3902
RCHGF002854	189	33.1887	0	0
RCHGF002855	174	27.9217	0	0
RCHGF002856	342	121.964	0	0
RCHGF002857	651	402.404	2	29.0987
RCHGF002858	1785	1534.97	30	114.426
RCHGF002859	603	355.014	2	32.983
RCHGF002860	141	18.2145	0	0
RCHGF002861	1377	1126.97	3	15.5853
RCHGF002862	672	423.054	6	83.0351
RCHGF002863	1149	898.973	9	58.6141
RCHGF002864	120	13.8024	0	0
RCHGF002865	762	512.84	1	11.4163
RCHGF002866	363	138.744	0	0
RCHGF002867	771	521.792	0	0
RCHGF002868	642	393.666	4	59.4893
RCHGF002869	279	79.0143	0	0
RCHGF002870	195	35.9031	0	0
RCHGF002871	459	218.903	4	106.983
RCHGF002872	249	61.7511	0	0
RCHGF002873	150	20.2849	0	0
RCHGF002874	522	276.657	0	0
RCHGF002875	114	13.4695	0	0
RCHGF002876	387	157.158	2	74.5076
RCHGF002877	111	13.748	2	851.717
RCHGF002878	444	205.443	0	0
RCHGF002879	351	129.268	0	0
RCHGF002880	255	64.7556	0	0
RCHGF002881	156	22.0633	0	0
RCHGF002882	267	72.1618	5	405.666
RCHGF002883	453	213.619	1	27.4072
RCHGF002884	354	131.803	0	0
RCHGF002885	324	109.298	2	107.133
RCHGF002886	162	24.0353	0	0
RCHGF002887	441	202.804	0	0
RCHGF002888	375	147.888	0	0
RCHGF002889	126	14.7652	0	0
RCHGF002890	123	14.3709	0	0
RCHGF002891	1338	1087.97	34	182.964
RCHGF002892	2868	2617.97	7	15.6545
RCHGF002893	2349	2098.97	10	27.8933
RCHGF002894	2010	1759.97	15	49.8989
RCHGF002895	1743	1492.97	15	58.8228
RCHGF002896	1806	1555.97	4	15.051
RCHGF002897	678	429.054	6	81.8739
RCHGF002898	177	28.856	11	2231.84
RCHGF002899	792	542.386	13	140.327
RCHGF002900	1368	1117.97	21	109.975
RCHGF002901	111	13.748	0	0
RCHGF002902	1512	1261.97	27	125.262
RCHGF002903	906	656.039	13	116.016
RCHGF002904	1929	1678.97	15	52.3063
RCHGF002905	2220	1969.97	11	32.6918
RCHGF002906	1737	1486.97	1	3.93734
RCHGF002907	669	420.054	2	27.876
RCHGF002908	702	452.971	1	12.9251
RCHGF002909	1110	859.973	14	95.3124
RCHGF002910	597	349.047	152	2549.56
RCHGF002911	273	76.0503	8	615.878
RCHGF002912	687	438.054	14	187.114
RCHGF002913	135	17.0838	0	0
RCHGF002914	177	28.856	0	0
RCHGF002915	246	59.946	3	293
RCHGF002916	555	307.833	2	38.0383
RCHGF002917	180	30.1036	0	0
RCHGF002918	762	512.84	7	79.9139
RCHGF002919	306	96.713	1	60.537
RCHGF002920	510	265.221	1	22.0749
RCHGF002921	660	411.404	4	56.9243
RCHGF002922	780	530.792	5	55.1508
RCHGF002923	318	105.167	18	1002.07
RCHGF002924	216	45.354	6	774.535
RCHGF002925	657	408.404	17	243.705
RCHGF002926	699	449.971	114	1483.29
RCHGF002927	270	74.0281	4	316.351
RCHGF002928	906	656.039	34	303.428
RCHGF002929	1584	1333.97	23	100.945
RCHGF002930	783	533.792	12	131.618
RCHGF002931	975	724.973	20	161.515
RCHGF002932	597	349.047	1	16.7734
RCHGF002933	711	461.971	10	126.733
RCHGF002934	1053	802.973	14	102.078
RCHGF002935	1101	850.973	4	27.5201
RCHGF002936	1068	817.973	16	114.522
RCHGF002937	1134	883.973	32	211.942
RCHGF002938	2376	2125.97	82	225.82
RCHGF002939	681	432.054	3	40.6527
RCHGF002940	675	426.054	11	151.159
RCHGF002941	1395	1144.97	27	138.062
RCHGF002942	186	32.1101	0	0
RCHGF002943	534	287.961	209	4249.31
RCHGF002944	231	52.4657	6	669.548
RCHGF002945	114	13.4695	0	0
RCHGF002946	2091	1840.97	85	270.32
RCHGF002947	1671	1420.97	26	107.126
RCHGF002948	129	15.5606	0	0
RCHGF002949	1665	1414.97	2	8.27538
RCHGF002950	471	229.562	3	76.5117
RCHGF002951	474	232.071	2	50.4564
RCHGF002952	522	276.657	0	0
RCHGF002953	1200	949.973	26	160.239
RCHGF002954	1647	1396.97	15	62.8651
RCHGF002955	729	479.84	6	73.2084
RCHGF002956	738	488.84	31	371.279
RCHGF002957	324	109.298	7	374.966
RCHGF002958	342	121.964	14	672.053
RCHGF002959	435	197.51	3	88.9277
RCHGF002960	963	712.973	20	164.234
RCHGF002961	858	608.282	29	279.125
RCHGF002962	132	16.2843	0	0
RCHGF002963	699	449.971	116	1509.31
RCHGF002964	750	500.84	1	11.6898
RCHGF002965	825	575.282	0	0
RCHGF002966	444	205.443	9	256.482
RCHGF002967	1197	946.973	14	86.5559
RCHGF002968	114	13.4695	0	0
RCHGF002969	1698	1447.97	78	315.384
RCHGF002970	1692	1441.97	6	24.3613
RCHGF002971	1227	976.973	5	29.9636
RCHGF002972	891	641.282	0	0
RCHGF002973	1395	1144.97	119	608.496
RCHGF002974	1293	1042.97	4455	25008.1
RCHGF002975	1470	1219.97	10	47.9906
RCHGF002976	2256	2005.97	16	46.6983
RCHGF002977	609	360.913	5	81.1098
RCHGF002978	1983	1732.97	11	37.1627
RCHGF002979	861	611.282	12	114.933
RCHGF002980	117	13.6716	0	0
RCHGF002981	495	251.31	0	0
RCHGF002982	693	443.971	0	0
RCHGF002983	525	279.657	5	104.677
RCHGF002984	120	13.8024	2	848.364
RCHGF002985	216	45.354	0	0
RCHGF002986	231	52.4657	1	111.591
RCHGF002987	1005	754.973	5	38.7744
RCHGF002988	561	313.833	60	1119.33
RCHGF002989	285	82.3319	1	71.1112
RCHGF002990	1362	1111.97	13	68.4471
RCHGF002991	1170	919.973	2	12.728
RCHGF002992	882	632.282	4	37.0387
RCHGF002993	213	43.7669	0	0
RCHGF002994	528	282.151	14	290.504
RCHGF002995	159	23.1965	0	0
RCHGF002996	993	742.973	7	55.1609
RCHGF002997	357	134.086	9	392.976
RCHGF002998	111	13.748	0	0
RCHGF002999	1200	949.973	18	110.935
RCHGF003000	762	512.84	4	45.6651
RCHGF003001	213	43.7669	21	2809.18
RCHGF003002	567	319.654	26	476.211
RCHGF003003	573	325.562	21	377.651
RCHGF003004	249	61.7511	5	474.058
RCHGF003005	870	620.282	7	66.0716
RCHGF003006	540	293.878	32	637.512
RCHGF003007	744	494.84	587	6945.11
RCHGF003008	2031	1780.97	5	16.4369
RCHGF003009	585	337.436	1	17.3506
RCHGF003010	873	623.282	6	56.3602
RCHGF003011	774	524.792	2	22.3125
RCHGF003012	729	479.84	10	122.014
RCHGF003013	396	164.565	7	249.039
RCHGF003014	390	159.493	2	73.4168
RCHGF003015	855	605.282	1	9.67271
RCHGF003016	786	536.792	0	0
RCHGF003017	786	536.792	1	10.9069
RCHGF003018	1104	853.973	3	20.5676
RCHGF003019	702	452.971	1	12.9251
RCHGF003020	426	189.533	0	0
RCHGF003021	1218	967.973	1	6.04843
RCHGF003022	915	665.039	0	0
RCHGF003023	213	43.7669	0	0
RCHGF003024	888	638.282	10	91.7262
RCHGF003025	1320	1069.97	2	10.9437
RCHGF003026	114	13.4695	0	0
RCHGF003027	2595	2344.97	29	72.4046
RCHGF003028	2040	1789.97	21	68.6877
RCHGF003029	156	22.0633	0	0
RCHGF003030	1632	1381.97	9	38.1284
RCHGF003031	417	181.538	9	290.257
RCHGF003032	1203	952.973	6	36.8618
RCHGF003033	747	497.84	5	58.8012
RCHGF003034	1209	958.973	4	24.4208
RCHGF003035	3504	3253.97	285	512.787
RCHGF003036	7287	7036.97	47	39.1037
RCHGF003037	132	16.2843	3	1078.6
RCHGF003038	804	554.282	26	274.63
RCHGF003039	462	221.477	14	370.089
RCHGF003040	657	408.404	16	229.37
RCHGF003041	306	96.713	8	484.296
RCHGF003042	2340	2089.97	16	44.8214
RCHGF003043	849	599.282	1	9.76956
RCHGF003044	768	518.792	1	11.2853
RCHGF003045	318	105.167	0	0
RCHGF003046	459	218.903	74	1979.18
RCHGF003047	882	632.282	2	18.5193
RCHGF003048	1755	1504.97	21	81.6952
RCHGF003049	465	224.217	14	365.566
RCHGF003050	111	13.748	0	0
RCHGF003051	132	16.2843	2	719.065
RCHGF003052	198	37.1512	16.1333	2542.48
RCHGF003053	399	166.843	2	70.1824
RCHGF003054	1311	1060.97	5	27.5913
RCHGF003055	111	13.748	0	0
RCHGF003056	723	473.84	1	12.3559
RCHGF003057	306	96.713	22	1331.81
RCHGF003058	873	623.282	1	9.39337
RCHGF003059	480	237.686	10	246.321
RCHGF003060	855	605.282	17	164.436
RCHGF003061	720	470.84	34	422.777
RCHGF003062	918	668.039	5	43.8202
RCHGF003063	117	13.6716	0	0
RCHGF003064	861	611.282	3	28.7333
RCHGF003065	783	533.792	5	54.8409
RCHGF003066	1137	886.973	42	277.233
RCHGF003067	1197	946.973	23	142.199
RCHGF003068	894	644.282	4	36.3488
RCHGF003069	615	366.913	1	15.9567
RCHGF003070	273	76.0503	1	76.9848
RCHGF003071	804	554.282	1	10.5627
RCHGF003072	1080	829.973	1	7.05411
RCHGF003073	918	668.039	11	96.4044
RCHGF003074	702	452.971	2	25.8503
RCHGF003075	198	37.1512	0	0
RCHGF003076	138	17.7395	0	0
RCHGF003077	1005	754.973	1	7.75487
RCHGF003078	225	49.4765	0	0
RCHGF003079	1356	1105.97	10	52.9373
RCHGF003080	267	72.1618	0	0
RCHGF003081	513	268.069	0	0
RCHGF003082	1119	868.973	1	6.73751
RCHGF003083	1098	847.973	3	20.7131
RCHGF003084	687	438.054	0	0
RCHGF003085	1005	754.973	2	15.5097
RCHGF003086	111	13.748	1	425.859
RCHGF003087	927	677.039	27	233.483
RCHGF003088	825	575.282	21	213.72
RCHGF003089	2145	1894.97	23	71.0609
RCHGF003090	633	384.702	15	228.283
RCHGF003091	1131	880.973	6	39.8744
RCHGF003092	117	13.6716	2	856.481
RCHGF003093	135	17.0838	1	342.706
RCHGF003094	1221	970.973	29	174.863
RCHGF003095	444	205.443	9	256.482
RCHGF003096	282	80.7826	3	217.425
RCHGF003097	432	194.683	2	60.146
RCHGF003098	1224	973.973	36	216.402
RCHGF003099	315	103.027	9	511.442
RCHGF003100	1239	988.973	29	171.68
RCHGF003101	582	334.5	5	87.5145
RCHGF003102	1422	1171.97	15	74.9341
RCHGF003103	135	17.0838	0	0
RCHGF003104	129	15.5606	0	0
RCHGF003105	2601	2350.97	7	17.4324
RCHGF003106	147	19.5619	0	0
RCHGF003107	1350	1099.97	10	53.226
RCHGF003108	708	458.971	4	51.0247
RCHGF003109	705	455.971	1	12.8401
RCHGF003110	627	378.738	0	0
RCHGF003111	1416	1165.97	6	30.1279
RCHGF003112	1791	1540.97	1	3.79936
RCHGF003113	1809	1558.97	2	7.51099
RCHGF003114	969	718.973	3	24.4295
RCHGF003115	687	438.054	1	13.3653
RCHGF003116	555	307.833	4	76.0767
RCHGF003117	699	449.971	8	104.091
RCHGF003118	2478	2227.97	12	31.5339
RCHGF003119	387	157.158	16	596.061
RCHGF003120	186	32.1101	6	1093.99
RCHGF003121	750	500.84	10	116.898
RCHGF003122	294	88.6962	3	198.026
RCHGF003123	132	16.2843	0	0
RCHGF003124	111	13.748	0	0
RCHGF003125	1080	829.973	5	35.2705
RCHGF003126	1305	1054.97	8	44.3971
RCHGF003127	1470	1219.97	8	38.3924
RCHGF003128	819	569.282	5	51.422
RCHGF003129	477	234.846	9	224.371
RCHGF003130	4218	3967.97	10	14.7549
RCHGF003131	120	13.8024	1	424.182
RCHGF003132	213	43.7669	21	2809.18
RCHGF003133	1089	838.973	210	1465.47
RCHGF003134	927	677.039	57	492.909
RCHGF003135	858	608.282	61	587.125
RCHGF003136	216	45.354	0	0
RCHGF003137	1539	1288.97	6	27.2529
RCHGF003138	1332	1081.97	4	21.6446
RCHGF003139	600	352.014	1	16.632
RCHGF003140	1167	916.973	4	25.5393
RCHGF003142	4260	4009.97	45	65.7018
RCHGF003143	621	372.843	8	125.623
RCHGF003144	126	14.7652	0	0
RCHGF003145	1320	1069.97	8	43.7747
RCHGF003146	558	310.833	19	357.877
RCHGF003147	207	41.1068	0	0
RCHGF003148	3858	3607.97	105	170.385
RCHGF003149	4209	3958.97	68	100.562
RCHGF003150	609	360.913	4	64.8879
RCHGF003151	369	143.121	11	449.984
RCHGF003152	519	273.709	3	64.1708
RCHGF003154	684	435.054	11	148.032
RCHGF003155	414	178.932	3	98.1613
RCHGF003156	123	14.3709	1	407.402
RCHGF003157	114	13.4695	0	0
RCHGF003158	966	715.973	0	0
RCHGF003159	819	569.282	5	51.422
RCHGF003160	729	479.84	3	36.6042
RCHGF003161	1071	820.973	4	28.5258
RCHGF003162	1047	796.973	6	44.0772
RCHGF003163	1665	1414.97	6	24.8261
RCHGF003164	1332	1081.97	2	10.8223
RCHGF003165	861	611.282	2	19.1555
RCHGF003166	1173	922.973	5	31.7166
RCHGF003167	732	482.84	0	0
RCHGF003168	525	279.657	0	0
RCHGF003169	183	31.0515	0	0
RCHGF003170	111	13.748	0	0
RCHGF003171	600	352.014	0	0
RCHGF003172	834	584.282	4	40.0815
RCHGF003173	378	150.481	0	0
RCHGF003174	1281	1030.97	10	56.7883
RCHGF003175	285	82.3319	0	0
RCHGF003176	438	200.179	1	29.2475
RCHGF003177	1971	1720.97	6	20.4119
RCHGF003178	126	14.7652	1	396.522
RCHGF003179	1158	907.973	26	167.651
RCHGF003180	126	14.7652	0	0
RCHGF003181	468	226.672	1	25.829
RCHGF003182	1041	790.973	1	7.40192
RCHGF003183	807	557.282	0	0
RCHGF003184	1968	1717.97	4	13.6317
RCHGF003185	813	563.282	1	10.3939
RCHGF003186	1056	805.973	1	7.26416
RCHGF003187	312	101.021	0	0
RCHGF003188	459	218.903	0	0
RCHGF003189	1200	949.973	4	24.6521
RCHGF003190	1620	1369.97	47	200.859
RCHGF003191	1407	1156.97	0	0
RCHGF003192	336	117.88	0	0
RCHGF003193	1254	1003.97	3	17.4946
RCHGF003194	303	94.6095	0	0
RCHGF003195	1911	1660.97	6	21.1492
RCHGF003196	117	13.6716	2	856.481
RCHGF003197	867	617.282	3	28.454
RCHGF003198	246	59.946	0	0
RCHGF003199	324	109.298	1	53.5665
RCHGF003200	234	54.0614	0	0
RCHGF003201	1041	790.973	5	37.0096
RCHGF003202	1896	1645.97	14	49.7979
RCHGF003203	624	375.738	0	0
RCHGF003204	972	721.973	2	16.2187
RCHGF003205	1011	760.973	4	30.7749
RCHGF003206	936	686.039	6	51.2045
RCHGF003207	915	665.039	0	0
RCHGF003208	645	396.666	0	0
RCHGF003209	702	452.971	4	51.7006
RCHGF003210	774	524.792	4	44.6251
RCHGF003211	957	706.973	3	24.8442
RCHGF003212	876	626.282	1	9.34837
RCHGF003213	1191	940.973	6	37.3319
RCHGF003214	807	557.282	0	0
RCHGF003215	1407	1156.97	0	0
RCHGF003216	975	724.973	0	0
RCHGF003217	528	282.151	2	41.5006
RCHGF003218	645	396.666	2	29.5197
RCHGF003220	480	237.686	25	615.804
RCHGF003221	843	593.282	92	907.889
RCHGF003222	1395	1144.97	5	25.5671
RCHGF003223	888	638.282	2	18.3452
RCHGF003224	888	638.282	2	18.3452
RCHGF003225	1302	1051.97	2	11.1309
RCHGF003226	936	686.039	3	25.6023
RCHGF003227	1635	1384.97	16	67.6371
RCHGF003228	1581	1330.97	12	52.7859
RCHGF003229	186	32.1101	0	0
RCHGF003230	1374	1123.97	8	41.6716
RCHGF003231	777	527.792	6	66.5572
RCHGF003232	1875	1624.97	12	43.2356
RCHGF003233	792	542.386	1	10.7944
RCHGF003234	1299	1048.97	0	0
RCHGF003235	288	84.3125	0	0
RCHGF003236	1404	1153.97	2	10.1471
RCHGF003238	1713	1462.97	28	112.054
RCHGF003239	918	668.039	2	17.5281
RCHGF003240	1248	997.973	14	82.1325
RCHGF003241	936	686.039	3	25.6023
RCHGF003242	765	515.792	4	45.4037
RCHGF003243	2103	1852.97	18	56.8734
RCHGF003244	1362	1111.97	11	57.9168
RCHGF003245	1425	1174.97	1	4.98285
RCHGF003246	423	186.793	2	62.6867
RCHGF003247	396	164.565	0	0
RCHGF003248	480	237.686	0	0
RCHGF003249	369	143.121	0	0
RCHGF003250	1305	1054.97	7	38.8475
RCHGF003252	114	13.4695	0	0
RCHGF003253	1560	1309.97	45	201.12
RCHGF003254	138	17.7395	0	0
RCHGF003255	540	293.878	2	39.8445
RCHGF003256	549	302.177	6	116.251
RCHGF003257	792	542.386	5	53.9719
RCHGF003258	261	68.5087	2	170.919
RCHGF003259	465	224.217	2	52.2237
RCHGF003260	852	602.282	1	9.72089
RCHGF003261	909	659.039	2	17.7674
RCHGF003262	423	186.793	6	188.06
RCHGF003263	159	23.1965	0	0
RCHGF003264	312	101.021	4	231.821
RCHGF003265	132	16.2843	0	0
RCHGF003266	117	13.6716	0	0
RCHGF003267	231	52.4657	0	0
RCHGF003268	162	24.0353	0	0
RCHGF003269	603	355.014	13	214.39
RCHGF003270	942	692.039	6	50.7606
RCHGF003271	210	42.5787	2	275.007
RCHGF003272	876	626.282	5	46.7419
RCHGF003273	117	13.6716	1	428.24
RCHGF003274	1044	793.973	8	58.9916
RCHGF003275	1347	1096.97	1	5.33716
RCHGF003276	1818	1567.97	15	56.0091
RCHGF003277	2646	2395.97	10	24.4357
RCHGF003278	906	656.039	5	44.6217
RCHGF003279	3267	3016.97	24	46.5743
RCHGF003280	900	650.039	10	90.0672
RCHGF003281	1128	877.973	24	160.043
RCHGF003282	1614	1363.97	9	38.6316
RCHGF003283	219	46.7707	0	0
RCHGF003284	270	74.0281	1	79.0878
RCHGF003285	612	363.913	5	80.4412
RCHGF003286	516	270.787	5	108.106
RCHGF003287	318	105.167	4	222.682
RCHGF003288	621	372.843	8	125.623
RCHGF003289	171	26.7274	3	657.16
RCHGF003290	183	31.0515	0	0
RCHGF003291	1938	1687.97	11	38.1534
RCHGF003292	417	181.538	1	32.2507
RCHGF003293	327	111.239	0	0
RCHGF003294	2271	2020.97	3	8.69094
RCHGF003295	279	79.0143	0	0
RCHGF003296	1341	1090.97	0	0
RCHGF003297	417	181.538	0	0
RCHGF003298	357	134.086	1	43.664
RCHGF003299	552	304.862	1	19.2045
RCHGF003300	1248	997.973	2	11.7332
RCHGF003301	684	435.054	0	0
RCHGF003302	366	140.779	4	166.352
RCHGF003303	240	57.0879	0	0
RCHGF003304	1599	1348.97	3	13.0204
RCHGF003305	327	111.239	7	368.425
RCHGF003306	303	94.6095	9	556.947
RCHGF003307	1368	1117.97	2	10.4738
RCHGF003308	534	287.961	1	20.3316
RCHGF003309	1182	931.973	1	6.28207
RCHGF003310	270	74.0281	0	0
RCHGF003311	381	152.66	0	0
RCHGF003312	285	82.3319	0	0
RCHGF003313	570	322.562	0	0
RCHGF003314	372	145.256	0	0
RCHGF003315	162	24.0353	0	0
RCHGF003316	3150	2899.97	7	14.1322
RCHGF003317	648	399.404	0	0
RCHGF003318	1719	1468.97	3	11.9568
RCHGF003319	1893	1642.97	1	3.56349
RCHGF003320	411	176.497	0	0
RCHGF003321	951	701.039	0	0
RCHGF003322	117	13.6716	0	0
RCHGF003323	219	46.7707	0	0
RCHGF003324	1563	1312.97	5	22.2957
RCHGF003325	414	178.932	2	65.4409
RCHGF003326	1023	772.973	6	45.4457
RCHGF003327	237	55.7221	6	630.42
RCHGF003328	1359	1108.97	4	21.1176
RCHGF003329	549	302.177	1	19.3751
RCHGF003330	825	575.282	1	10.1771
RCHGF003331	1332	1081.97	13	70.345
RCHGF003332	594	346.178	4	67.6498
RCHGF003333	1422	1171.97	10	49.9561
RCHGF003334	1419	1168.97	11	55.0927
RCHGF003335	303	94.6095	0	0
RCHGF003336	1122	871.973	11	73.8577
RCHGF003337	1995	1744.97	13	43.6175
RCHGF003338	2289	2038.97	5	14.357
RCHGF003339	1581	1330.97	2	8.79765
RCHGF003340	816	566.282	4	41.3555
RCHGF003341	672	423.054	3	41.5175
RCHGF003342	633	384.702	3	45.6565
RCHGF003343	1008	757.973	767	5924.44
RCHGF003344	1386	1135.97	5	25.7696
RCHGF003345	273	76.0503	0	0
RCHGF003346	468	226.672	0	0
RCHGF003347	489	245.643	1	23.8343
RCHGF003348	2022	1771.97	1	3.30407
RCHGF003349	1599	1348.97	5	21.7007
RCHGF003350	1233	982.973	1	5.95613
RCHGF003351	678	429.054	5	68.2282
RCHGF003352	1155	904.973	9	58.2255
RCHGF003353	879	629.282	6	55.8228
RCHGF003354	480	237.686	25	615.804
RCHGF003355	1761	1510.97	61	236.363
RCHGF003356	2358	2107.97	38	105.542
RCHGF003357	657	408.404	3	43.0068
RCHGF003359	855	605.282	1	9.67271
RCHGF003360	390	159.493	0	0
RCHGF003361	2511	2260.97	3	7.76841
RCHGF003362	540	293.878	0	0
RCHGF003363	1170	919.973	5	31.8201
RCHGF003364	1536	1285.97	13	59.1858
RCHGF003365	951	701.039	0	0
RCHGF003366	4821	4570.97	9	11.5276
RCHGF003367	675	426.054	0	0
RCHGF003368	153	21.0613	0	0
RCHGF003369	660	411.404	2	28.4622
RCHGF003370	1083	832.973	5	35.1435
RCHGF003371	468	226.672	2	51.6581
RCHGF003372	168	25.9137	0	0
RCHGF003373	219	46.7707	1	125.179
RCHGF003374	309	98.9086	0	0
RCHGF003375	1419	1168.97	7	35.059
RCHGF003376	300	92.4742	3	189.936
RCHGF003377	123	14.3709	0	0
RCHGF003378	495	251.31	3	69.8905
RCHGF003379	474	232.071	8	201.825
RCHGF003380	138	17.7395	0	0
RCHGF003381	642	393.666	0	0
RCHGF003382	1008	757.973	1	7.72418
RCHGF003383	447	208.282	0	0
RCHGF003384	912	662.039	0	0
RCHGF003385	1050	799.973	2	14.6373
RCHGF003386	327	111.239	0	0
RCHGF003387	480	237.686	2	49.2643
RCHGF003388	870	620.282	6	56.6328
RCHGF003389	858	608.282	3	28.875
RCHGF003390	1956	1705.97	3	10.2957
RCHGF003391	411	176.497	7	232.202
RCHGF003392	210	42.5787	3	412.511
RCHGF003393	771	521.792	4	44.8817
RCHGF003394	633	384.702	1	15.2188
RCHGF003395	468	226.672	0	0
RCHGF003396	924	674.039	151	1311.59
RCHGF003397	411	176.497	0	0
RCHGF003398	390	159.493	29	1064.54
RCHGF003399	1026	775.973	7	52.815
RCHGF003400	330	113.284	0	0
RCHGF003401	984	733.973	13	103.698
RCHGF003402	255	64.7556	0	0
RCHGF003403	1029	778.973	16	120.255
RCHGF003404	447	208.282	0	0
RCHGF003405	603	355.014	0	0
RCHGF003406	450	211.16	1	27.7265
RCHGF003407	1218	967.973	1	6.04843
RCHGF003408	1287	1036.97	5	28.2299
RCHGF003410	354	131.803	5	222.101
RCHGF003411	2091	1840.97	4	12.7209
RCHGF003412	420	183.995	1	31.82
RCHGF003413	618	369.878	2	31.6575
RCHGF003414	594	346.178	1	16.9124
RCHGF003415	204	39.7946	0	0
RCHGF003416	111	13.748	0	0
RCHGF003417	204	39.7946	0	0
RCHGF003418	1377	1126.97	1	5.19508
RCHGF003419	2160	1909.97	1	3.06534
RCHGF003420	375	147.888	4	158.356
RCHGF003421	471	229.562	1	25.5039
RCHGF003422	564	316.713	2	36.9717
RCHGF003423	891	641.282	0	0
RCHGF003424	2514	2263.97	4	10.3441
RCHGF003425	390	159.493	0	0
RCHGF003426	1791	1540.97	10	37.9936
RCHGF003427	705	455.971	0	0
RCHGF003428	153	21.0613	0	0
RCHGF003429	840	590.282	2	19.837
RCHGF003430	831	581.282	0	0
RCHGF003431	4428	4177.97	10	14.0133
RCHGF003432	966	715.973	114	932.211
RCHGF003433	969	718.973	81	659.597
RCHGF003434	444	205.443	28	797.944
RCHGF003435	5241	4990.97	10	11.7306
RCHGF003436	801	551.334	3	31.8576
RCHGF003437	2145	1894.97	2	6.17921
RCHGF003438	615	366.913	0	0
RCHGF003439	258	66.7557	0	0
RCHGF003440	756	506.84	0	0
RCHGF003441	798	548.386	0	0
RCHGF003442	744	494.84	20	236.631
RCHGF003443	345	124.381	1	47.0708
RCHGF003444	1080	829.973	0	0
RCHGF003445	570	322.562	0	0
RCHGF003446	135	17.0838	0	0
RCHGF003447	228	51.0509	0	0
RCHGF003448	840	590.282	2	19.837
RCHGF003449	1185	934.973	2	12.5238
RCHGF003450	1716	1465.97	4	15.975
RCHGF003451	453	213.619	0	0
RCHGF003452	414	178.932	0	0
RCHGF003453	117	13.6716	0	0
RCHGF003454	912	662.039	0	0
RCHGF003455	843	593.282	0	0
RCHGF003456	1128	877.973	0	0
RCHGF003457	120	13.8024	0	0
RCHGF003458	834	584.282	0	0
RCHGF003459	1542	1291.97	1	4.53161
RCHGF003460	396	164.565	2	71.154
RCHGF003461	645	396.666	0	0
RCHGF003462	606	358.014	0	0
RCHGF003463	276	77.6186	0	0
RCHGF003464	282	80.7826	0	0
RCHGF003465	120	13.8024	0	0
RCHGF003467	126	14.7652	1	396.522
RCHGF003468	1413	1162.97	5	25.1713
RCHGF003469	465	224.217	0	0
RCHGF003470	1569	1318.97	51	226.381
RCHGF003471	1131	880.973	7	46.5202
RCHGF003472	699	449.971	6	78.0679
RCHGF003473	213	43.7669	1	133.77
RCHGF003474	333	115.509	3	152.059
RCHGF003475	1446	1195.97	14	68.535
RCHGF003476	882	632.282	3	27.779
RCHGF003477	588	340.308	1	17.2042
RCHGF003478	519	273.709	7	149.732
RCHGF003479	615	366.913	2	31.9134
RCHGF003480	906	656.039	17	151.714
RCHGF003481	1167	916.973	4	25.5393
RCHGF003482	861	611.282	1	9.57777
RCHGF003483	1215	964.973	0	0
RCHGF003484	1038	787.973	5	37.1505
RCHGF003485	1392	1141.97	16	82.0295
RCHGF003486	1221	970.973	8	48.238
RCHGF003488	1176	925.973	15	94.8416
RCHGF003489	255	64.7556	0	0
RCHGF003490	660	411.404	1	14.2311
RCHGF003491	756	506.84	3	34.6542
RCHGF003492	177	28.856	0	0
RCHGF003493	480	237.686	4	98.5286
RCHGF003494	579	331.531	4	70.6385
RCHGF003495	1218	967.973	5	30.2422
RCHGF003496	1182	931.973	7	43.9745
RCHGF003497	1092	841.973	10	69.5357
RCHGF003498	1059	808.973	14	101.321
RCHGF003499	114	13.4695	27	11735.9
RCHGF003500	1545	1294.97	86	388.816
RCHGF003501	777	527.792	27	299.507
RCHGF003502	837	587.282	184	1834.33
RCHGF003503	1026	775.973	100	754.5
RCHGF003504	786	536.792	92	1003.43
RCHGF003505	1137	886.973	61	402.648
RCHGF003506	1206	955.973	15	91.8653
RCHGF003507	1203	952.973	192	1179.58
RCHGF003508	2112	1861.97	41	128.919
RCHGF003509	243	58.7007	5	498.692
RCHGF003510	1134	883.973	10	66.2319
RCHGF003511	153	21.0613	0	0
RCHGF003512	951	701.039	35	292.302
RCHGF003513	1263	1012.97	18	104.035
RCHGF003514	948	698.039	3	25.1621
RCHGF003515	675	426.054	4	54.9669
RCHGF003516	339	119.925	0	0
RCHGF003517	1704	1453.97	102	410.724
RCHGF003518	1062	811.973	2	14.421
RCHGF003519	420	183.995	0	0
RCHGF003520	399	166.843	1	35.0912
RCHGF003521	459	218.903	3	80.2371
RCHGF003522	312	101.021	2	115.91
RCHGF003523	1029	778.973	1	7.51595
RCHGF003524	915	665.039	1	8.80357
RCHGF003525	153	21.0613	1	277.985
RCHGF003526	678	429.054	2	27.2913
RCHGF003527	165	24.993	0	0
RCHGF003528	117	13.6716	0	0
RCHGF003529	132	16.2843	6	2157.2
RCHGF003530	792	542.386	6	64.7663
RCHGF003531	921	671.039	2	17.4497
RCHGF003532	1053	802.973	4	29.1652
RCHGF003533	1053	802.973	9	65.6217
RCHGF003534	1272	1021.97	1	5.72884
RCHGF003535	870	620.282	3	28.3164
RCHGF003536	969	718.973	8	65.1453
RCHGF003537	348	127.038	2	92.1727
RCHGF003538	672	423.054	7	96.8742
RCHGF003539	885	635.282	412	3796.97
RCHGF003540	738	488.84	2	23.9535
RCHGF003541	2253	2002.97	4	11.6921
RCHGF003542	819	569.282	14	143.981
RCHGF003543	756	506.84	2	23.1028
RCHGF003544	1215	964.973	2	12.1345
RCHGF003545	1188	937.973	1	6.24188
RCHGF003546	750	500.84	0	0
RCHGF003547	765	515.792	0	0
RCHGF003548	1005	754.973	1	7.75487
RCHGF003549	747	497.84	0	0
RCHGF003550	3216	2965.97	43	84.8804
RCHGF003551	1074	823.973	8	56.8438
RCHGF003552	636	387.666	13	196.332
RCHGF003553	699	449.971	9	117.102
RCHGF003554	906	656.039	7	62.4704
RCHGF003555	744	494.84	4	47.3262
RCHGF003556	3213	2962.97	49	96.8221
RCHGF003557	1077	826.973	17	120.355
RCHGF003558	1290	1039.97	10	56.2968
RCHGF003559	885	635.282	3	27.6478
RCHGF003561	381	152.66	4	153.405
RCHGF003562	426	189.533	1	30.8902
RCHGF003563	960	709.973	2	16.4928
RCHGF003564	1230	979.973	5	29.8718
RCHGF003565	819	569.282	3	30.8532
RCHGF003566	771	521.792	1	11.2204
RCHGF003567	471	229.562	0	0
RCHGF003568	735	485.84	0	0
RCHGF003569	414	178.932	1	32.7204
RCHGF003570	720	470.84	5	62.1731
RCHGF003571	852	602.282	9	87.488
RCHGF003572	897	647.039	20	180.97
RCHGF003573	543	296.32	0	0
RCHGF003574	738	488.84	2	23.9535
RCHGF003575	396	164.565	9	320.193
RCHGF003576	777	527.792	1	11.0929
RCHGF003577	723	473.84	1	12.3559
RCHGF003578	654	405.404	2	28.8834
RCHGF003580	507	262.548	12	267.595
RCHGF003581	615	366.913	5	79.7835
RCHGF003582	852	602.282	1	9.72089
RCHGF003583	1614	1363.97	10	42.924
RCHGF003584	393	162.146	12	433.291
RCHGF003585	912	662.039	9	79.5912
RCHGF003586	816	566.282	5	51.6944
RCHGF003587	978	727.973	8	64.34
RCHGF003588	297	90.4989	356	23031
RCHGF003589	168	25.9137	120	27111.8
RCHGF003590	2145	1894.97	1254	3874.37
RCHGF003591	216	45.354	3	387.268
RCHGF003592	210	42.5787	20	2750.07
RCHGF003593	417	181.538	48	1548.04
RCHGF003594	546	299.32	48	938.884
RCHGF003595	162	24.0353	2	487.177
RCHGF003596	342	121.964	56	2688.21
RCHGF003597	411	176.497	105	3483.04
RCHGF003598	177	28.856	10	2028.94
RCHGF003599	1296	1045.97	41	229.493
RCHGF003600	816	566.282	2	20.6777
RCHGF003601	3666	3415.97	9	15.4253
RCHGF003602	1287	1036.97	5	28.2299
RCHGF003603	228	51.0509	0	0
RCHGF003604	3075	2824.97	17	35.2323
RCHGF003605	702	452.971	2	25.8503
RCHGF003606	225	49.4765	4	473.333
RCHGF003607	543	296.32	4	79.0324
RCHGF003608	234	54.0614	0	0
RCHGF003609	357	134.086	0	0
RCHGF003610	222	48.2164	0	0
RCHGF003611	897	647.039	2	18.097
RCHGF003612	879	629.282	4	37.2152
RCHGF003613	1164	913.973	4	25.6232
RCHGF003614	159	23.1965	2	504.792
RCHGF003615	483	240.342	8	194.879
RCHGF003616	1629	1378.97	37	157.091
RCHGF003617	357	134.086	5	218.32
RCHGF003618	777	527.792	0	0
RCHGF003619	900	650.039	0	0
RCHGF003620	1071	820.973	7	49.9201
RCHGF003621	1080	829.973	12	84.6493
RCHGF003622	714	464.884	7	88.1576
RCHGF003623	798	548.386	3	32.0288
RCHGF003624	267	72.1618	1	81.1332
RCHGF003625	651	402.404	5	72.7468
RCHGF003626	723	473.84	9	111.203
RCHGF003627	1644	1393.97	59	247.801
RCHGF003628	558	310.833	38	715.753
RCHGF003629	132	16.2843	1	359.533
RCHGF003630	1863	1612.97	71	257.714
RCHGF003631	2271	2020.97	95	275.213
RCHGF003632	462	221.477	17	449.394
RCHGF003633	1263	1012.97	2	11.5595
RCHGF003634	741	491.84	32	380.919
RCHGF003635	600	352.014	3	49.8961
RCHGF003636	774	524.792	4	44.6251
RCHGF003637	669	420.054	4	55.7521
RCHGF003638	1008	757.973	5	38.6209
RCHGF003639	201	38.4858	0	0
RCHGF003640	1191	940.973	15	93.3298
RCHGF003641	1560	1309.97	114	509.505
RCHGF003642	708	458.971	51	650.565
RCHGF003643	711	461.971	13	164.753
RCHGF003644	336	117.88	2	99.3334
RCHGF003645	144	18.7588	0	0
RCHGF003646	537	290.934	6	120.743
RCHGF003647	882	632.282	11	101.856
RCHGF003648	153	21.0613	0	0
RCHGF003649	960	709.973	6.4	52.7769
RCHGF003650	702	452.971	33	426.53
RCHGF003651	510	265.221	1	22.0749
RCHGF003652	201	38.4858	4	608.507
RCHGF003653	180	30.1036	19	3695.23
RCHGF003654	2013	1762.97	192	637.62
RCHGF003655	234	54.0614	4	433.19
RCHGF003656	1608	1357.97	8	34.4909
RCHGF003657	594	346.178	24	405.899
RCHGF003658	834	584.282	0	0
RCHGF003659	246	59.946	0	0
RCHGF003660	747	497.84	3	35.2807
RCHGF003661	774	524.792	2	22.3125
RCHGF003662	327	111.239	0	0
RCHGF003663	147	19.5619	0	0
RCHGF003664	960	709.973	1.6	13.1942
RCHGF003665	2556	2305.97	209	530.638
RCHGF003666	171	26.7274	0	0
RCHGF003667	639	390.666	2	29.973
RCHGF003668	612	363.913	1	16.0882
RCHGF003669	1362	1111.97	23	121.099
RCHGF003670	270	74.0281	4	316.351
RCHGF003671	570	322.562	8	145.205
RCHGF003672	567	319.654	0	0
RCHGF003673	894	644.282	4	36.3488
RCHGF003674	231	52.4657	0	0
RCHGF003676	843	593.282	8	78.9469
RCHGF003677	300	92.4742	3	189.936
RCHGF003678	1596	1345.97	35	152.243
RCHGF003679	723	473.84	21	259.474
RCHGF003680	3024	2773.97	95	200.506
RCHGF003681	1128	877.973	17	113.364
RCHGF003682	765	515.792	77	874.022
RCHGF003683	834	584.282	3	30.0611
RCHGF003684	678	429.054	3	40.9369
RCHGF003685	1032	781.973	2	14.9742
RCHGF003687	462	221.477	4	105.74
RCHGF003688	687	438.054	2	26.7306
RCHGF003689	885	635.282	17	156.671
RCHGF003690	1038	787.973	6	44.5806
RCHGF003691	360	136.331	1	42.945
RCHGF003692	663	414.093	14	197.941
RCHGF003693	1479	1228.97	30	142.917
RCHGF003694	624	375.738	7	109.074
RCHGF003695	495	251.31	0	0
RCHGF003696	777	527.792	0	0
RCHGF003697	471	229.562	0	0
RCHGF003698	2109	1858.97	9	28.3449
RCHGF003699	225	49.4765	1	118.333
RCHGF003700	1329	1078.97	192	1041.83
RCHGF003701	267	72.1618	2	162.266
RCHGF003702	627	378.738	21	324.629
RCHGF003703	138	17.7395	0	0
RCHGF003704	1662	1411.97	12	49.7578
RCHGF003705	117	13.6716	1	428.24
RCHGF003706	249	61.7511	0	0
RCHGF003707	318	105.167	1	55.6705
RCHGF003708	297	90.4989	0	0
RCHGF003709	498	254.117	1	23.0395
RCHGF003710	861	611.282	8	76.6222
RCHGF003711	954	703.973	3	24.95
RCHGF003712	270	74.0281	0	0
RCHGF003713	624	375.738	4	62.3277
RCHGF003714	1026	775.973	2	15.09
RCHGF003715	1632	1381.97	8	33.8919
RCHGF003716	393	162.146	0	0
RCHGF003717	768	518.792	2	22.5706
RCHGF003718	1014	763.973	5	38.3176
RCHGF003719	198	37.1512	0	0
RCHGF003720	495	251.31	3	69.8905
RCHGF003721	255	64.7556	1	90.4126
RCHGF003722	213	43.7669	2	267.541
RCHGF003723	369	143.121	4	163.63
RCHGF003724	408	173.899	2	67.3347
RCHGF003725	306	96.713	2	121.074
RCHGF003726	168	25.9137	0	0
RCHGF003727	579	331.531	10	176.596
RCHGF003728	657	408.404	7	100.349
RCHGF003729	516	270.787	2	43.2422
RCHGF003730	1500	1249.97	21	98.3614
RCHGF003731	1290	1039.97	11	61.9265
RCHGF003732	1128	877.973	0	0
RCHGF003733	177	28.856	0	0
RCHGF003734	303	94.6095	0	0
RCHGF003735	759	509.84	1	11.4834
RCHGF003736	177	28.856	0	0
RCHGF003737	546	299.32	0	0
RCHGF003738	1065	814.973	15	107.759
RCHGF003739	114	13.4695	0	0
RCHGF003740	894	644.282	2	18.1744
RCHGF003741	2622	2371.97	19	46.8975
RCHGF003742	567	319.654	7	128.211
RCHGF003744	717	467.84	11	137.658
RCHGF003745	624	375.738	2	31.1639
RCHGF003746	579	331.531	0	0
RCHGF003747	288	84.3125	3	208.322
RCHGF003748	282	80.7826	1	72.475
RCHGF003749	117	13.6716	1	428.24
RCHGF003750	270	74.0281	0	0
RCHGF003751	174	27.9217	1	209.683
RCHGF003752	288	84.3125	1	69.4407
RCHGF003753	588	340.308	15	258.063
RCHGF003754	2322	2071.97	26	73.4675
RCHGF003755	1275	1024.97	10	57.1207
RCHGF003756	720	470.84	2	24.8692
RCHGF003757	129	15.5606	0	0
RCHGF003758	1581	1330.97	7	30.7918
RCHGF003759	114	13.4695	0	0
RCHGF003760	1590	1339.97	1	4.36928
RCHGF003761	1689	1438.97	1	4.06868
RCHGF003762	675	426.054	1	13.7417
RCHGF003763	237	55.7221	4	420.28
RCHGF003764	534	287.961	507	10308.1
RCHGF003765	417	181.538	3	96.7522
RCHGF003766	4101	3850.97	13	19.7642
RCHGF003767	147	19.5619	0	0
RCHGF003768	927	677.039	18	155.656
RCHGF003769	972	721.973	232	1881.36
RCHGF003770	1851	1600.97	817	2987.75
RCHGF003771	1155	904.973	99	640.48
RCHGF003772	699	449.971	25	325.283
RCHGF003773	351	129.268	4	181.165
RCHGF003774	1881	1630.97	22	78.9736
RCHGF003775	918	668.039	3	26.2921
RCHGF003776	153	21.0613	0	0
RCHGF003777	849	599.282	9	87.926
RCHGF003778	1461	1210.97	8	38.6778
RCHGF003779	939	689.039	2	16.9939
RCHGF003780	357	134.086	0	0
RCHGF003781	618	369.878	13	205.774
RCHGF003782	1251	1000.97	1	5.84903
RCHGF003783	174	27.9217	0	0
RCHGF003784	774	524.792	4	44.6251
RCHGF003785	159	23.1965	0	0
RCHGF003786	435	197.51	0	0
RCHGF003787	129	15.5606	0	0
RCHGF003788	1065	814.973	12	86.2073
RCHGF003789	120	13.8024	0	0
RCHGF003790	573	325.562	2	35.9668
RCHGF003791	2055	1804.97	4	12.9746
RCHGF003792	1716	1465.97	8	31.9499
RCHGF003793	681	432.054	3	40.6527
RCHGF003794	1545	1294.97	7	31.6478
RCHGF003795	1500	1249.97	1	4.68388
RCHGF003796	669	420.054	3	41.814
RCHGF003797	447	208.282	3	84.3287
RCHGF003798	1107	856.973	62	423.575
RCHGF003799	132	16.2843	0	0
RCHGF003800	219	46.7707	1	125.179
RCHGF003801	411	176.497	1	33.1718
RCHGF003802	360	136.331	2	85.8901
RCHGF003803	1905	1654.97	11	38.9142
RCHGF003804	639	390.666	3	44.9596
RCHGF003805	123	14.3709	1	407.402
RCHGF003806	828	578.282	6	60.746
RCHGF003807	111	13.748	0	0
RCHGF003808	804	554.282	10	105.627
RCHGF003809	486	242.993	0	0
RCHGF003810	750	500.84	25	292.245
RCHGF003811	843	593.282	2	19.7367
RCHGF003812	498	254.117	1	23.0395
RCHGF003813	846	596.282	0	0
RCHGF003814	645	396.666	1	14.7598
RCHGF003815	1338	1087.97	5	26.9065
RCHGF003816	459	218.903	5	133.728
RCHGF003817	489	245.643	0	0
RCHGF003818	900	650.039	0	0
RCHGF003819	504	259.821	4	90.1346
RCHGF003820	117	13.6716	0	0
RCHGF003821	450	211.16	4	110.906
RCHGF003822	876	626.282	0	0
RCHGF003823	207	41.1068	0	0
RCHGF003824	246	59.946	1	97.6665
RCHGF003825	333	115.509	1	50.6864
RCHGF003826	114	13.4695	0	0
RCHGF003827	1269	1018.97	1	5.74571
RCHGF003828	432	194.683	1	30.073
RCHGF003829	489	245.643	0	0
RCHGF003830	1824	1573.97	19	70.6744
RCHGF003832	129	15.5606	0	0
RCHGF003833	858	608.282	4	38.5
RCHGF003834	426	189.533	0	0
RCHGF003835	315	103.027	0	0
RCHGF003836	579	331.531	1	17.6596
RCHGF003837	1113	862.973	13	88.1967
RCHGF003838	1935	1684.97	10	34.7467
RCHGF003839	2262	2011.97	19	55.2888
RCHGF003840	120	13.8024	0	0
RCHGF003841	423	186.793	1	31.3434
RCHGF003842	1518	1267.97	2	9.23477
RCHGF003843	129	15.5606	0	0
RCHGF003844	618	369.878	5	79.1438
RCHGF003845	471	229.562	4	102.016
RCHGF003846	129	15.5606	0	0
RCHGF003847	447	208.282	1	28.1096
RCHGF003848	462	221.477	2	52.8698
RCHGF003849	1941	1690.97	11	38.0857
RCHGF003850	2631	2380.97	24	59.0151
RCHGF003851	138	17.7395	0	0
RCHGF003852	906	656.039	2	17.8487
RCHGF003853	177	28.856	0	0
RCHGF003854	846	596.282	3	29.4561
RCHGF003855	1272	1021.97	47	269.255
RCHGF003856	351	129.268	0	0
RCHGF003857	453	213.619	37	1014.07
RCHGF003858	228	51.0509	4	458.736
RCHGF003859	1068	817.973	8	57.2608
RCHGF003860	558	310.833	28	527.397
RCHGF003861	291	86.5118	1	67.6754
RCHGF003862	915	665.039	3	26.4107
RCHGF003863	177	28.856	0	0
RCHGF003864	291	86.5118	1	67.6754
RCHGF003865	300	92.4742	0	0
RCHGF003866	252	63.1759	0	0
RCHGF003867	4215	3964.97	14	20.6725
RCHGF003868	522	276.657	0	0
RCHGF003869	996	745.973	4	31.3937
RCHGF003870	564	316.713	1	18.4859
RCHGF003871	330	113.284	1	51.682
RCHGF003872	1326	1075.97	2	10.8826
RCHGF003873	1032	781.973	14	104.82
RCHGF003874	162	24.0353	0	0
RCHGF003875	681	432.054	12	162.611
RCHGF003876	2007	1756.97	17	56.6487
RCHGF003877	648	399.404	3	43.9759
RCHGF003878	978	727.973	1	8.04249
RCHGF003879	861	611.282	7	67.0444
RCHGF003880	318	105.167	5	278.352
RCHGF003881	1332	1081.97	1	5.41115
RCHGF003882	2571	2320.97	5	12.6126
RCHGF003883	117	13.6716	0	0
RCHGF003884	1095	844.973	55	381.089
RCHGF003885	1254	1003.97	17	99.1363
RCHGF003886	1419	1168.97	57	285.48
RCHGF003887	1797	1546.97	15	56.7694
RCHGF003888	98	12.4118	0	0
RCHGF003891	2625	2374.97	18	44.3731
RCHGF003892	255	64.7556	11	994.539
RCHGF003893	411	176.497	5	165.859
RCHGF003894	258	66.7557	0	0
RCHGF003895	1056	805.973	12	87.1699
RCHGF003896	630	381.702	13	199.4
RCHGF003897	477	234.846	85	2119.06
RCHGF003898	462	221.477	0	0
RCHGF003899	1965	1714.97	4	13.6555
RCHGF003900	957	706.973	13	107.658
RCHGF003901	1200	949.973	14	86.2825
RCHGF003902	498	254.117	14	322.553
RCHGF003903	297	90.4989	0	0
RCHGF003904	651	402.404	25	363.734
RCHGF003905	2928	2677.97	8	17.49
RCHGF003906	969	718.973	2	16.2863
RCHGF003907	312	101.021	0	0
RCHGF003908	1191	940.973	21	130.662
RCHGF003909	948	698.039	21	176.135
RCHGF003910	2499	2248.97	19	49.4624
RCHGF003911	1692	1441.97	5	20.3011
RCHGF003912	1398	1147.97	9	45.9004
RCHGF003913	3078	2827.97	12	24.8435
RCHGF003914	486	242.993	1	24.0942
RCHGF003915	132	16.2843	1	359.533
RCHGF003917	309	98.9086	5	295.966
RCHGF003918	312	101.021	2	115.91
RCHGF003919	282	80.7826	7	507.325
RCHGF003920	1287	1036.97	8	45.1678
RCHGF003921	426	189.533	2	61.7803
RCHGF003922	1071	820.973	0	0
RCHGF003923	750	500.84	0	0
RCHGF003924	567	319.654	2	36.6317
RCHGF003925	762	512.84	3	34.2488
RCHGF003926	582	334.5	2	35.0058
RCHGF003927	636	387.666	0	0
RCHGF003928	1011	760.973	5	38.4686
RCHGF003929	351	129.268	3	135.874
RCHGF003930	660	411.404	3	42.6932
RCHGF003931	1302	1051.97	6	33.3928
RCHGF003932	288	84.3125	0	0
RCHGF003933	2289	2038.97	10	28.7141
RCHGF003934	1605	1354.97	12	51.8509
RCHGF003935	513	268.069	2	43.6807
RCHGF003936	2199	1948.97	20	60.08
RCHGF003937	498	254.117	3	69.1185
RCHGF003938	120	13.8024	0	0
RCHGF003939	426	189.533	1	30.8902
RCHGF003940	123	14.3709	0	0
RCHGF003941	117	13.6716	1	428.24
RCHGF003942	471	229.562	1	25.5039
RCHGF003943	789	539.64	5	54.2465
RCHGF003944	489	245.643	6	143.006
RCHGF003945	576	328.562	0	0
RCHGF003946	1104	853.973	12	82.2703
RCHGF003947	936	686.039	50	426.704
RCHGF003948	507	262.548	90	2006.97
RCHGF003949	465	224.217	2	52.2237
RCHGF003950	1698	1447.97	11	44.4773
RCHGF003951	255	64.7556	0	0
RCHGF003952	291	86.5118	1	67.6754
RCHGF003953	1863	1612.97	24	87.1144
RCHGF003954	336	117.88	8	397.334
RCHGF003955	153	21.0613	1	277.985
RCHGF003956	630	381.702	1	15.3385
RCHGF003957	1074	823.973	6	42.6328
RCHGF003958	930	680.039	8	68.8751
RCHGF003959	1125	874.973	1	6.69131
RCHGF003960	1200	949.973	7	43.1413
RCHGF003961	2361	2110.97	95	263.48
RCHGF003962	1551	1300.97	10	45.0026
RCHGF003963	936	686.039	30.9688	264.291
RCHGF003964	150	20.2849	230	66383.6
RCHGF003965	273	76.0503	3	230.954
RCHGF003966	450	211.16	0	0
RCHGF003967	417	181.538	3	96.7522
RCHGF003968	669	420.054	4	55.7521
RCHGF003969	858	608.282	6	57.75
RCHGF003970	609	360.913	17	275.773
RCHGF003971	1929	1678.97	4	13.9483
RCHGF003972	2493	2242.97	13	33.9332
RCHGF003973	1257	1006.97	7	40.6992
RCHGF003974	1788	1537.97	47	178.918
RCHGF003975	2178	1927.97	93	282.415
RCHGF003976	417	181.538	8	258.006
RCHGF003977	513	268.069	0	0
RCHGF003978	522	276.657	0	0
RCHGF003979	708	458.971	2	25.5124
RCHGF003980	441	202.804	0	0
RCHGF003981	996	745.973	5	39.2422
RCHGF003982	351	129.268	0	0
RCHGF003983	1374	1123.97	7	36.4626
RCHGF003984	138	17.7395	0	0
RCHGF003985	279	79.0143	53	3927.14
RCHGF003986	735	485.84	0	0
RCHGF003987	546	299.32	0	0
RCHGF003988	981	730.973	2	16.019
RCHGF003989	570	322.562	1	18.1507
RCHGF003990	510	265.221	0	0
RCHGF003991	327	111.239	0	0
RCHGF003992	735	485.84	1	12.0507
RCHGF003993	756	506.84	4	46.2057
RCHGF003994	783	533.792	0	0
RCHGF003995	1323	1072.97	9	49.1088
RCHGF003996	1458	1207.97	11	53.314
RCHGF003997	894	644.282	10	90.872
RCHGF003998	795	545.386	20	214.7
RCHGF003999	198	37.1512	1	157.592
RCHGF004000	924	674.039	5	43.4301
RCHGF004001	984	733.973	12	95.721
RCHGF004002	678	429.054	14	191.039
RCHGF004003	1218	967.973	7	42.339
RCHGF004004	378	150.481	4	155.627
RCHGF004005	486	242.993	4	96.3767
RCHGF004006	288	84.3125	1	69.4407
RCHGF004007	594	346.178	8	135.3
RCHGF004008	948	698.039	5	41.9369
RCHGF004009	939	689.039	3	25.4908
RCHGF004010	1245	994.973	7	41.1901
RCHGF004011	759	509.84	1	11.4834
RCHGF004012	636	387.666	1	15.1025
RCHGF004013	1686	1435.97	5	20.3859
RCHGF004014	465	224.217	1	26.1119
RCHGF004015	360	136.331	0	0
RCHGF004016	408	173.899	0	0
RCHGF004017	897	647.039	1	9.04848
RCHGF004018	738	488.84	2	23.9535
RCHGF004019	312	101.021	0	0
RCHGF004020	1380	1129.97	11	56.9942
RCHGF004021	1764	1513.97	22	85.0767
RCHGF004022	1194	943.973	10	62.0221
RCHGF004023	660	411.404	11	156.542
RCHGF004024	510	265.221	5	110.374
RCHGF004025	909	659.039	14	124.372
RCHGF004027	147	19.5619	0	0
RCHGF004028	879	629.282	3	27.9114
RCHGF004029	528	282.151	6	124.502
RCHGF004030	1062	811.973	28	201.894
RCHGF004031	2070	1819.97	9	28.9523
RCHGF004032	609	360.913	7	113.554
RCHGF004033	462	221.477	1	26.4349
RCHGF004034	993	742.973	1	7.88012
RCHGF004035	951	701.039	1	8.35149
RCHGF004036	297	90.4989	0	0
RCHGF004037	351	129.268	0	0
RCHGF004038	162	24.0353	0	0
RCHGF004039	417	181.538	0	0
RCHGF004040	435	197.51	0	0
RCHGF004041	327	111.239	0	0
RCHGF004042	561	313.833	11	205.211
RCHGF004043	972	721.973	6	48.656
RCHGF004044	654	405.404	11	158.859
RCHGF004045	1308	1057.97	11	60.8729
RCHGF004046	999	748.973	8	62.536
RCHGF004047	1590	1339.97	5	21.8464
RCHGF004048	180	30.1036	0	0
RCHGF004049	1476	1225.97	14	66.858
RCHGF004050	282	80.7826	158	11451.1
RCHGF004051	702	452.971	5	64.6257
RCHGF004052	1200	949.973	5	30.8152
RCHGF004053	303	94.6095	2	123.766
RCHGF004054	399	166.843	0	0
RCHGF004055	438	200.179	0	0
RCHGF004056	357	134.086	4	174.656
RCHGF004057	339	119.925	1	48.8199
RCHGF004058	738	488.84	3	35.9303
RCHGF004059	1332	1081.97	5	27.0558
RCHGF004060	705	455.971	14	179.762
RCHGF004061	1428	1177.97	25	124.254
RCHGF004062	1599	1348.97	32	138.884
RCHGF004063	570	322.562	18	326.712
RCHGF004064	1254	1003.97	27	157.452
RCHGF004065	1299	1048.97	13	72.558
RCHGF004066	834	584.282	13	130.265
RCHGF004067	921	671.039	15	130.873
RCHGF004068	660	411.404	12	170.773
RCHGF004069	621	372.843	1	15.7029
RCHGF004070	1179	928.973	5	31.5118
RCHGF004071	831	581.282	1	10.0721
RCHGF004072	999	748.973	23	179.791
RCHGF004073	1659	1408.97	22	91.4168
RCHGF004074	777	527.792	8	88.7429
RCHGF004075	1875	1624.97	16	57.6474
RCHGF004076	840	590.282	2	19.837
RCHGF004077	210	42.5787	1	137.504
RCHGF004078	1326	1075.97	12	65.2959
RCHGF004079	375	147.888	3	118.767
RCHGF004080	900	650.039	5	45.0336
RCHGF004081	327	111.239	152	8000.08
RCHGF004082	555	307.833	0	0
RCHGF004083	1374	1123.97	13	67.7163
RCHGF004084	942	692.039	3	25.3803
RCHGF004085	828	578.282	4	40.4973
RCHGF004086	951	701.039	1	8.35149
RCHGF004087	576	328.562	3	53.4576
RCHGF004088	114	13.4695	0	0
RCHGF004089	792	542.386	0	0
RCHGF004090	930	680.039	2	17.2188
RCHGF004091	921	671.039	4	34.8994
RCHGF004092	900	650.039	0	0
RCHGF004093	438	200.179	9	263.227
RCHGF004094	426	189.533	3	92.6705
RCHGF004095	150	20.2849	2	577.248
RCHGF004096	1743	1492.97	22	86.2734
RCHGF004097	1335	1084.97	4	21.5848
RCHGF004099	735	485.84	16	192.811
RCHGF004101	642	393.666	0	0
RCHGF004102	201	38.4858	0	0
RCHGF004103	177	28.856	0	0
RCHGF004104	1191	940.973	18	111.996
RCHGF004105	123	14.3709	0	0
RCHGF004106	1626	1375.97	0	0
RCHGF004107	822	572.282	0	0
RCHGF004108	831	581.282	3	30.2162
RCHGF004109	4233	3982.97	18	26.4589
RCHGF004110	450	211.16	0	0
RCHGF004111	171	26.7274	1	219.053
RCHGF004112	132	16.2843	1	359.533
RCHGF004113	489	245.643	4	95.337
RCHGF004114	879	629.282	0	0
RCHGF004115	2790	2539.97	2	4.61006
RCHGF004116	132	16.2843	0	0
RCHGF004117	432	194.683	0	0
RCHGF004118	492	248.596	1	23.5512
RCHGF004119	774	524.792	1	11.1563
RCHGF004120	816	566.282	1	10.3389
RCHGF004121	1680	1429.97	24	98.2629
RCHGF004122	795	545.386	1	10.735
RCHGF004123	636	387.666	3	45.3075
RCHGF004125	1497	1246.97	91	427.258
RCHGF004126	1089	838.973	0	0
RCHGF004127	300	92.4742	0	0
RCHGF004128	666	417.054	0	0
RCHGF004129	810	560.282	1	10.4496
RCHGF004130	1371	1120.97	1	5.22289
RCHGF004131	1440	1189.97	0	0
RCHGF004132	1437	1186.97	0	0
RCHGF004133	1383	1132.97	5	25.8379
RCHGF004134	837	587.282	1	9.96918
RCHGF004135	438	200.179	0	0
RCHGF004136	123	14.3709	0	0
RCHGF004137	915	665.039	1	8.80357
RCHGF004138	885	635.282	3	27.6478
RCHGF004139	1014	763.973	0	0
RCHGF004140	1158	907.973	10	64.4812
RCHGF004141	306	96.713	0	0
RCHGF004142	237	55.7221	1	105.07
RCHGF004143	642	393.666	0	0
RCHGF004144	807	557.282	1	10.5058
RCHGF004145	762	512.84	2	22.8325
RCHGF004146	462	221.477	1	26.4349
RCHGF004147	417	181.538	2	64.5015
RCHGF004148	2715	2464.97	3	7.1255
RCHGF004149	966	715.973	2	16.3546
RCHGF004150	804	554.282	2	21.1254
RCHGF004151	1179	928.973	2	12.6047
RCHGF004152	861	611.282	6	57.4666
RCHGF004153	123	14.3709	0	0
RCHGF004154	147	19.5619	0	0
RCHGF004155	183	31.0515	0	0
RCHGF004156	636	387.666	5	75.5125
RCHGF004157	945	695.039	2	16.8472
RCHGF004158	780	530.792	2	22.0603
RCHGF004159	999	748.973	6	46.902
RCHGF004160	687	438.054	5	66.8264
RCHGF004161	657	408.404	5	71.6781
RCHGF004162	1809	1558.97	3	11.2665
RCHGF004163	1176	925.973	8	50.5822
RCHGF004164	1455	1204.97	1	4.8588
RCHGF004165	636	387.666	5	75.5125
RCHGF004166	258	66.7557	0	0
RCHGF004167	345	124.381	1	47.0708
RCHGF004168	597	349.047	3	50.3203
RCHGF004169	6609	6358.97	13	11.9691
RCHGF004170	438	200.179	0	0
RCHGF004171	840	590.282	2	19.837
RCHGF004172	297	90.4989	0	0
RCHGF004173	1464	1213.97	0	0
RCHGF004174	780	530.792	2	22.0603
RCHGF004175	1092	841.973	3	20.8607
RCHGF004176	2604	2353.97	6	14.923
RCHGF004177	750	500.84	1	11.6898
RCHGF004178	159	23.1965	0	0
RCHGF004179	708	458.971	1	12.7562
RCHGF004180	636	387.666	1	15.1025
RCHGF004181	450	211.16	6	166.359
RCHGF004182	165	24.993	4	937.016
RCHGF004183	777	527.792	2	22.1857
RCHGF004184	111	13.748	0	0
RCHGF004185	1401	1150.97	5	25.4338
RCHGF004186	756	506.84	4	46.2057
RCHGF004187	798	548.386	11	117.439
RCHGF004188	858	608.282	5	48.125
RCHGF004189	825	575.282	1	10.1771
RCHGF004190	1317	1066.97	0	0
RCHGF004191	1437	1186.97	2	9.86496
RCHGF004192	1848	1597.97	4	14.6554
RCHGF004193	837	587.282	1	9.96918
RCHGF004194	435	197.51	0	0
RCHGF004195	2508	2257.97	6	15.5575
RCHGF004196	1329	1078.97	6	32.5572
RCHGF004197	120	13.8024	0	0
RCHGF004198	1590	1339.97	9	39.3235
RCHGF004199	708	458.971	1	12.7562
RCHGF004200	1215	964.973	12	72.8068
RCHGF004201	522	276.657	2	42.3247
RCHGF004202	699	449.971	80	1040.91
RCHGF004203	579	331.531	0	0
RCHGF004204	1176	925.973	16	101.164
RCHGF004205	984	733.973	3	23.9302
RCHGF004206	1164	913.973	22	140.927
RCHGF004207	363	138.744	8	337.583
RCHGF004208	957	706.973	23	190.472
RCHGF004209	396	164.565	12	426.924
RCHGF004210	363	138.744	0	0
RCHGF004211	114	13.4695	3	1303.99
RCHGF004212	771	521.792	7	78.5429
RCHGF004213	645	396.666	4	59.0393
RCHGF004214	1302	1051.97	26	144.702
RCHGF004215	438	200.179	5	146.237
RCHGF004216	510	265.221	3	66.2247
RCHGF004217	354	131.803	4	177.68
RCHGF004218	543	296.32	9	177.823
RCHGF004219	393	162.146	7	252.753
RCHGF004220	537	290.934	11	221.363
RCHGF004221	321	107.187	5	273.109
RCHGF004222	366	140.779	4	166.352
RCHGF004223	258	66.7557	2	175.407
RCHGF004224	198	37.1512	0	0
RCHGF004225	414	178.932	5	163.602
RCHGF004226	789	539.64	11	119.342
RCHGF004227	333	115.509	3	152.059
RCHGF004228	276	77.6186	1	75.4293
RCHGF004229	831	581.282	6	60.4325
RCHGF004230	294	88.6962	2	132.017
RCHGF004231	627	378.738	10	154.585
RCHGF004232	684	435.054	8	107.66
RCHGF004233	726	476.84	0	0
RCHGF004234	738	488.84	1	11.9768
RCHGF004235	996	745.973	3	23.5453
RCHGF004236	765	515.792	0	0
RCHGF004238	309	98.9086	6	355.159
RCHGF004239	216	45.354	5	645.446
RCHGF004240	1182	931.973	502	3153.6
RCHGF004241	2076	1825.97	17	54.508
RCHGF004242	468	226.672	7	180.803
RCHGF004243	420	183.995	11	350.02
RCHGF004244	810	560.282	4	41.7984
RCHGF004245	1350	1099.97	2	10.6452
RCHGF004247	543	296.32	2	39.5162
RCHGF004248	189	33.1887	2	352.814
RCHGF004249	279	79.0143	2	148.194
RCHGF004250	450	211.16	6	166.359
RCHGF004251	807	557.282	10	105.058
RCHGF004252	432	194.683	0	0
RCHGF004253	153	21.0613	0	0
RCHGF004254	234	54.0614	83	8988.7
RCHGF004255	369	143.121	31	1268.14
RCHGF004256	1287	1036.97	621	3506.15
RCHGF004257	120	13.8024	0	0
RCHGF004258	192	34.6129	19	3213.82
RCHGF004259	402	169.097	25	865.588
RCHGF004260	918	668.039	1	8.76404
RCHGF004261	462	221.477	1	26.4349
RCHGF004262	120	13.8024	1	424.182
RCHGF004263	330	113.284	1	51.682
RCHGF004264	1041	790.973	0	0
RCHGF004265	708	458.971	1	12.7562
RCHGF004266	1917	1666.97	1	3.51219
RCHGF004267	702	452.971	0	0
RCHGF004268	3519	3268.97	14	25.074
RCHGF004269	366	140.779	0	0
RCHGF004270	609	360.913	2	32.4439
RCHGF004271	480	237.686	0	0
RCHGF004272	318	105.167	1	55.6705
RCHGF004273	360	136.331	0	0
RCHGF004274	267	72.1618	0	0
RCHGF004275	1683	1432.97	10	40.8571
RCHGF004276	570	322.562	0	0
RCHGF004277	1212	961.973	3	18.2585
RCHGF004278	1734	1483.97	2	7.8906
RCHGF004279	390	159.493	1	36.7084
RCHGF004280	249	61.7511	2	189.623
RCHGF004281	291	86.5118	0	0
RCHGF004282	144	18.7588	0	0
RCHGF004283	306	96.713	1	60.537
RCHGF004284	207	41.1068	1	142.427
RCHGF004285	396	164.565	2	71.154
RCHGF004286	219	46.7707	2	250.358
RCHGF004287	852	602.282	5	48.6045
RCHGF004288	219	46.7707	0	0
RCHGF004289	585	337.436	3	52.0518
RCHGF004290	261	68.5087	0	0
RCHGF004291	204	39.7946	0	0
RCHGF004292	456	216.284	0	0
RCHGF004293	1383	1132.97	4	20.6703
RCHGF004294	894	644.282	1	9.0872
RCHGF004295	315	103.027	0	0
RCHGF004296	156	22.0633	1	265.361
RCHGF004297	906	656.039	2	17.8487
RCHGF004298	540	293.878	4	79.689
RCHGF004299	255	64.7556	0	0
RCHGF004300	123	14.3709	0	0
RCHGF004301	189	33.1887	1	176.407
RCHGF004302	171	26.7274	2	438.107
RCHGF004303	177	28.856	1	202.894
RCHGF004304	168	25.9137	3	677.795
RCHGF004305	303	94.6095	9	556.947
RCHGF004306	390	159.493	11	403.793
RCHGF004307	918	668.039	68	595.955
RCHGF004308	1407	1156.97	8	40.483
