-e target_id	length	eff_length	Coculture_PT33_HGF2_Late_Replicate_2_HGF2_counts	tpm
RCHGF000001	708	475.695	0	0
RCHGF000002	762	529.249	0	0
RCHGF000003	780	547.145	4	92.163
RCHGF000004	882	649.037	10	194.236
RCHGF000005	903	669.972	1	18.8167
RCHGF000006	1215	981.972	0	0
RCHGF000007	855	622.037	0	0
RCHGF000008	561	331.283	0	0
RCHGF000009	522	293.486	0	0
RCHGF000010	447	222.459	0	0
RCHGF000011	714	481.695	1	26.1714
RCHGF000012	1449	1215.97	2	20.7351
RCHGF000013	144	19.8275	0	0
RCHGF000014	639	407.071	0	0
RCHGF000015	480	253.455	0	0
RCHGF000016	744	511.349	0	0
RCHGF000017	849	616.037	4	81.8564
RCHGF000018	387	169.13	0	0
RCHGF000020	519	290.514	0	0
RCHGF000021	156	23.9251	2	1053.84
RCHGF000022	918	684.972	1	18.4046
RCHGF000023	1470	1236.97	1	10.1915
RCHGF000024	948	714.972	0	0
RCHGF000025	2820	2586.97	4	19.4925
RCHGF000026	528	299.339	0	0
RCHGF000027	480	253.455	1	49.7391
RCHGF000028	747	514.299	0	0
RCHGF000029	852	619.037	11	224.014
RCHGF000030	852	619.037	6	122.19
RCHGF000031	2136	1902.97	3	19.8741
RCHGF000032	114	11.8429	0	0
RCHGF000033	1155	921.972	0	0
RCHGF000034	2412	2178.97	11	63.6415
RCHGF000035	642	410.031	1	30.7455
RCHGF000036	945	711.972	8	141.653
RCHGF000037	399	178.881	1	70.4751
RCHGF000038	1875	1641.97	2	15.3555
RCHGF000039	699	466.695	4	108.05
RCHGF000040	2544	2310.97	21	114.558
RCHGF000041	1098	864.972	1	14.5746
RCHGF000042	2586	2352.97	3	16.0733
RCHGF000043	3450	3216.97	24	94.051
RCHGF000044	390	171.654	1	73.442
RCHGF000045	834	601.037	2	41.9496
RCHGF000046	816	583.037	1	21.6224
RCHGF000047	1971	1737.97	196	1421.72
RCHGF000048	813	580.037	495	10758.4
RCHGF000049	1026	792.972	7	111.286
RCHGF000050	1857	1623.97	5	38.8142
RCHGF000051	1692	1458.97	14	120.971
RCHGF000052	126	14.5266	0	0
RCHGF000053	165	26.8171	0	0
RCHGF000054	135	16.6083	2	1518.11
RCHGF000055	447	222.459	0	0
RCHGF000056	126	14.5266	0	0
RCHGF000057	408	186.727	0	0
RCHGF000058	639	407.071	1	30.9691
RCHGF000059	933	699.972	1	18.0102
RCHGF000060	675	442.739	0	0
RCHGF000061	744	511.349	2	49.3073
RCHGF000062	1182	948.972	2	26.569
RCHGF000063	1974	1740.97	1	7.24115
RCHGF000064	1479	1245.97	1	10.1179
RCHGF000065	900	666.972	7	132.309
RCHGF000066	687	454.695	1	27.7255
RCHGF000067	1395	1161.97	2	21.6987
RCHGF000068	894	661.037	5	95.355
RCHGF000069	687	454.695	0	0
RCHGF000070	873	640.037	5	98.4837
RCHGF000071	363	148.832	0	0
RCHGF000072	117	12.5899	0	0
RCHGF000073	861	628.037	0	0
RCHGF000074	732	499.646	2	50.4623
RCHGF000075	207	44.573	0	0
RCHGF000076	276	83.2917	9	1362.2
RCHGF000077	288	91.4858	17	2342.58
RCHGF000078	1566	1332.97	7	66.2028
RCHGF000079	288	91.4858	0	0
RCHGF000080	459	233.662	0	0
RCHGF000081	450	225.258	0	0
RCHGF000082	411	189.478	0	0
RCHGF000083	369	153.506	0	0
RCHGF000084	1497	1263.97	2	19.9477
RCHGF000085	726	493.695	0	0
RCHGF000086	585	355.048	0	0
RCHGF000087	1785	1551.97	2	16.246
RCHGF000088	1746	1512.97	0	0
RCHGF000089	615	383.263	0	0
RCHGF000090	354	141.487	0	0
RCHGF000091	1878	1644.97	2	15.3275
RCHGF000092	1446	1212.97	17	176.684
RCHGF000093	513	284.855	26	1150.67
RCHGF000094	672	439.739	0	0
RCHGF000095	1434	1200.97	0	0
RCHGF000096	987	753.972	0	0
RCHGF000097	1050	816.972	0	0
RCHGF000098	1203	969.972	0	0
RCHGF000099	1329	1095.97	0	0
RCHGF000100	207	44.573	0	0
RCHGF000101	765	532.145	0	0
RCHGF000102	1164	930.972	1	13.5414
RCHGF000103	1707	1473.97	14	119.74
RCHGF000104	1047	813.972	2	30.9756
RCHGF000105	2346	2112.97	2	11.9326
RCHGF000106	753	520.299	0	0
RCHGF000107	195	38.7363	2	650.895
RCHGF000108	195	38.7363	0	0
RCHGF000109	666	433.825	0	0
RCHGF000110	1152	918.972	0	0
RCHGF000111	1008	774.972	5	81.3361
RCHGF000112	996	762.972	0	0
RCHGF000113	828	595.037	0	0
RCHGF000114	798	565.037	0	0
RCHGF000115	474	247.754	1	50.8836
RCHGF000116	417	195.087	2	129.241
RCHGF000117	819	586.037	0	0
RCHGF000118	2754	2520.97	1	5.00071
RCHGF000119	981	747.972	3	50.5633
RCHGF000121	474	247.754	0	0
RCHGF000122	912	678.972	0	0
RCHGF000123	1251	1017.97	4	49.5363
RCHGF000124	492	265.022	1	47.5683
RCHGF000125	672	439.739	1	28.6685
RCHGF000126	375	158.507	0	0
RCHGF000127	1632	1398.97	1	9.01136
RCHGF000128	333	124.713	0	0
RCHGF000129	1206	972.972	0	0
RCHGF000130	1470	1236.97	4	40.7661
RCHGF000131	987	753.972	2	33.4406
RCHGF000132	900	666.972	0	0
RCHGF000133	657	424.991	1	29.6633
RCHGF000134	2331	2097.97	3	18.0269
RCHGF000135	1776	1542.97	3	24.5111
RCHGF000136	120	13.2402	0	0
RCHGF000137	597	366.414	0	0
RCHGF000138	1125	891.972	4	56.5338
RCHGF000139	978	744.972	2	33.8446
RCHGF000140	489	262.022	7	336.791
RCHGF000141	1188	954.972	2	26.4021
RCHGF000142	135	16.6083	0	0
RCHGF000143	174	30.1392	0	0
RCHGF000144	735	502.646	0	0
RCHGF000145	702	469.695	2	53.6802
RCHGF000146	777	544.145	0	0
RCHGF000147	243	63.343	0	0
RCHGF000148	399	178.881	36	2537.1
RCHGF000149	750	517.299	6	146.221
RCHGF000151	2724	2490.97	5	25.3047
RCHGF000152	729	496.695	0	0
RCHGF000153	444	220.014	0	0
RCHGF000154	765	532.145	0	0
RCHGF000155	1194	960.972	0	0
RCHGF000156	909	675.972	0	0
RCHGF000157	744	511.349	0	0
RCHGF000158	555	325.347	0	0
RCHGF000159	1041	807.972	0	0
RCHGF000160	927	693.972	0	0
RCHGF000161	1488	1254.97	2	20.0907
RCHGF000162	1671	1437.97	1	8.76696
RCHGF000163	1053	819.972	0	0
RCHGF000165	1038	804.972	0	0
RCHGF000166	2400	2166.97	6	34.9058
RCHGF000167	120	13.2402	0	0
RCHGF000168	873	640.037	24	472.722
RCHGF000169	1836	1602.97	32	251.665
RCHGF000170	552	322.411	7	273.708
RCHGF000171	1230	996.972	5	63.2246
RCHGF000172	558	328.283	1	38.4018
RCHGF000173	468	242.096	0	0
RCHGF000174	150	22.0117	2	1145.45
RCHGF000175	1656	1422.97	23	203.766
RCHGF000176	873	640.037	0	0
RCHGF000177	390	171.654	26	1909.49
RCHGF000178	876	643.037	53	1039.06
RCHGF000179	996	762.972	13	214.8
RCHGF000180	120	13.2402	0	0
RCHGF000181	813	580.037	4	86.9368
RCHGF000182	786	553.092	2	45.5861
RCHGF000183	1230	996.972	1	12.6449
RCHGF000184	447	222.459	1	56.6694
RCHGF000185	1398	1164.97	4	43.2856
RCHGF000186	525	296.457	7	297.671
RCHGF000187	741	508.449	3	74.3829
RCHGF000188	456	230.732	3	163.913
RCHGF000189	1380	1146.97	13	142.886
RCHGF000190	1140	906.972	16	222.395
RCHGF000191	1401	1167.97	15	161.904
RCHGF000192	624	392.149	2	64.2952
RCHGF000193	1539	1305.97	0	0
RCHGF000194	1209	975.972	0	0
RCHGF000195	897	664.037	1	18.9849
RCHGF000196	1458	1224.97	1	10.2914
RCHGF000197	969	735.972	4	68.517
RCHGF000198	1287	1053.97	1	11.9611
RCHGF000199	1242	1008.97	1	12.4945
RCHGF000200	1446	1212.97	8	83.1455
RCHGF000201	1185	951.972	0	0
RCHGF000202	162	25.5136	0	0
RCHGF000203	582	352.048	57	2041.14
RCHGF000204	1209	975.972	71	917.108
RCHGF000205	720	487.695	31	801.333
RCHGF000206	1503	1269.97	23	228.314
RCHGF000207	1101	867.972	4	58.097
RCHGF000208	1332	1098.97	12	137.656
RCHGF000209	2175	1941.97	15	97.375
RCHGF000210	1710	1476.97	20	170.709
RCHGF000212	1578	1344.97	3	28.1195
RCHGF000213	1425	1191.97	7	74.034
RCHGF000214	315	111.228	0	0
RCHGF000215	435	211.315	0	0
RCHGF000216	723	490.695	3	77.0743
RCHGF000217	111	11.4951	0	0
RCHGF000218	651	418.991	2	60.1761
RCHGF000219	1050	816.972	0	0
RCHGF000220	132	16.1378	0	0
RCHGF000221	726	493.695	1	25.5353
RCHGF000222	1038	804.972	2	31.3219
RCHGF000223	1254	1020.97	2	24.6954
RCHGF000224	654	421.991	5	149.371
RCHGF000225	522	293.486	2	85.9098
RCHGF000226	1080	846.972	2	29.7687
RCHGF000227	282	87.3363	0	0
RCHGF000228	1026	792.972	0	0
RCHGF000229	336	127.226	0	0
RCHGF000230	711	478.695	2	52.6709
RCHGF000231	678	445.739	0	0
RCHGF000232	456	230.732	2	109.275
RCHGF000233	534	305.22	0	0
RCHGF000234	645	412.991	0	0
RCHGF000235	3291	3057.97	42	173.147
RCHGF000236	552	322.411	3	117.304
RCHGF000237	2649	2415.97	31	161.759
RCHGF000238	321	115.328	7	765.179
RCHGF000240	942	708.972	14	248.942
RCHGF000241	588	358.012	9	316.916
RCHGF000242	459	233.662	1	53.9524
RCHGF000243	1050	816.972	21	324.05
RCHGF000244	1551	1317.97	3	28.6955
RCHGF000245	783	550.145	2	45.8302
RCHGF000246	1434	1200.97	9	94.4733
RCHGF000247	1656	1422.97	3	26.5781
RCHGF000248	2358	2124.97	26	154.248
RCHGF000249	1101	867.972	19	275.961
RCHGF000250	1539	1305.97	9	86.8776
RCHGF000251	1095	861.972	6	87.7521
RCHGF000252	951	717.972	14	245.822
RCHGF000253	1254	1020.97	4	49.3907
RCHGF000254	1281	1047.97	1	12.0296
RCHGF000255	426	203.062	0	0
RCHGF000256	600	369.414	2	68.2521
RCHGF000257	1752	1518.97	5	41.4973
RCHGF000258	1128	894.972	2	28.1721
RCHGF000259	1206	972.972	3	38.8705
RCHGF000260	168	27.7616	32	14531.3
RCHGF000261	540	311.22	32	1296.23
RCHGF000262	816	583.037	1	21.6224
RCHGF000263	1410	1176.97	2	21.4222
RCHGF000264	978	744.972	3	50.7669
RCHGF000265	225	53.7094	0	0
RCHGF000266	207	44.573	0	0
RCHGF000267	150	22.0117	0	0
RCHGF000268	213	47.7347	0	0
RCHGF000269	759	526.249	0	0
RCHGF000270	939	705.972	1	17.8571
RCHGF000271	114	11.8429	0	0
RCHGF000272	2676	2442.97	1	5.16037
RCHGF000273	270	79.1054	4	637.461
RCHGF000274	204	43.1859	0	0
RCHGF000275	501	273.57	1	46.082
RCHGF000276	735	502.646	0	0
RCHGF000277	585	355.048	2	71.0138
RCHGF000279	345	134.37	7	656.742
RCHGF000280	600	369.414	0	0
RCHGF000281	591	360.485	0	0
RCHGF000282	864	631.037	2	39.9553
RCHGF000283	621	389.187	0	0
RCHGF000284	375	158.507	4	318.134
RCHGF000285	429	205.505	3	184.034
RCHGF000286	945	711.972	38	672.853
RCHGF000287	729	496.695	0	0
RCHGF000288	2244	2010.97	5	31.3446
RCHGF000289	1296	1062.97	6	71.1588
RCHGF000290	906	672.972	0	0
RCHGF000291	207	44.573	0	0
RCHGF000292	951	717.972	2	35.1174
RCHGF000293	885	652.037	2	38.6685
RCHGF000294	135	16.6083	0	0
RCHGF000295	711	478.695	3	79.0064
RCHGF000296	540	311.22	8	324.057
RCHGF000297	702	469.695	2	53.6802
RCHGF000298	771	538.145	1	23.4261
RCHGF000299	1164	930.972	8	108.331
RCHGF000300	1056	822.972	7	107.229
RCHGF000301	486	259.099	1	48.6556
RCHGF000302	1125	891.972	1	14.1334
RCHGF000303	264	75.3663	49	8196.31
RCHGF000304	873	640.037	0	0
RCHGF000305	954	720.972	0	0
RCHGF000306	294	95.9726	0	0
RCHGF000307	939	705.972	3	53.5714
RCHGF000308	1806	1572.97	0	0
RCHGF000309	840	607.037	1	20.7675
RCHGF000310	1101	867.972	2	29.0485
RCHGF000311	1026	792.972	0	0
RCHGF000312	264	75.3663	9	1505.44
RCHGF000313	2208	1974.97	29	185.113
RCHGF000314	1389	1155.97	4	43.6227
RCHGF000315	669	436.825	0	0
RCHGF000316	327	119.949	1	105.1
RCHGF000317	711	478.695	1	26.3355
RCHGF000318	1302	1068.97	6	70.7594
RCHGF000319	375	158.507	4	318.134
RCHGF000320	549	319.411	4	157.874
RCHGF000321	993	759.972	17	282.001
RCHGF000323	1233	999.972	0	0
RCHGF000324	771	538.145	0	0
RCHGF000325	576	346.116	0	0
RCHGF000326	864	631.037	1	19.9777
RCHGF000327	177	31.3249	0	0
RCHGF000328	162	25.5136	2	988.23
RCHGF000329	930	696.972	1	18.0877
RCHGF000330	978	744.972	6	101.534
RCHGF000331	1005	771.972	0	0
RCHGF000332	798	565.037	2	44.6224
RCHGF000333	522	293.486	1	42.9549
RCHGF000334	1650	1416.97	8	71.1751
RCHGF000335	699	466.695	0	0
RCHGF000336	459	233.662	1	53.9524
RCHGF000337	1299	1065.97	5	59.1321
RCHGF000338	282	87.3363	2	288.692
RCHGF000339	558	328.283	1	38.4018
RCHGF000340	171	28.7073	0	0
RCHGF000341	330	122.275	0	0
RCHGF000342	597	366.414	0	0
RCHGF000343	1161	927.972	0	0
RCHGF000344	519	290.514	0	0
RCHGF000345	771	538.145	6	140.557
RCHGF000346	564	334.283	0	0
RCHGF000347	645	412.991	0	0
RCHGF000348	1029	795.972	2	31.6761
RCHGF000349	681	448.739	2	56.187
RCHGF000350	831	598.037	15	316.201
RCHGF000351	402	181.384	0	0
RCHGF000352	1038	804.972	3	46.9829
RCHGF000353	771	538.145	0	0
RCHGF000354	717	484.695	2	52.0189
RCHGF000355	150	22.0117	1	572.725
RCHGF000356	993	759.972	1	16.5883
RCHGF000357	1014	780.972	11	177.565
RCHGF000358	1263	1029.97	18	220.316
RCHGF000359	135	16.6083	0	0
RCHGF000360	903	669.972	1	18.8167
RCHGF000361	1992	1758.97	6	43.0023
RCHGF000362	870	637.037	0	0
RCHGF000363	1176	942.972	0	0
RCHGF000364	510	281.883	0	0
RCHGF000365	1290	1056.97	0	0
RCHGF000366	1002	768.972	1	16.3941
RCHGF000367	759	526.249	3	71.867
RCHGF000368	840	607.037	0	0
RCHGF000369	1383	1149.97	3	32.8877
RCHGF000370	240	61.6304	2	409.105
RCHGF000372	2397	2163.97	4	23.3028
RCHGF000373	867	634.037	1	19.8831
RCHGF000374	1239	1005.97	0	0
RCHGF000375	138	17.5745	0	0
RCHGF000377	215	48.6781	1	258.98
RCHGF000379	750	517.299	2	48.7402
RCHGF000380	594	363.45	0	0
RCHGF000381	330	122.275	0	0
RCHGF000382	1098	864.972	0	0
RCHGF000383	558	328.283	0	0
RCHGF000384	300	99.9898	0	0
RCHGF000385	1053	819.972	0	0
RCHGF000386	474	247.754	0	0
RCHGF000387	396	176.226	0	0
RCHGF000388	663	430.825	0	0
RCHGF000389	834	601.037	0	0
RCHGF000390	744	511.349	0	0
RCHGF000391	735	502.646	2	50.1611
RCHGF000392	1053	819.972	0	0
RCHGF000393	867	634.037	0	0
RCHGF000394	1026	792.972	1	15.898
RCHGF000395	1431	1197.97	7	73.6632
RCHGF000396	1275	1041.97	1	12.0988
RCHGF000397	561	331.283	0	0
RCHGF000398	3159	2925.97	0	0
RCHGF000399	1293	1059.97	0	0
RCHGF000400	300	99.9898	0	0
RCHGF000401	309	106.859	0	0
RCHGF000402	645	412.991	0	0
RCHGF000403	312	109.018	1	115.638
RCHGF000404	141	18.6265	0	0
RCHGF000405	591	360.485	1	34.9713
RCHGF000406	1173	939.972	0	0
RCHGF000407	1572	1338.97	0	0
RCHGF000408	831	598.037	0	0
RCHGF000409	468	242.096	0	0
RCHGF000410	207	44.573	0	0
RCHGF000411	462	236.38	1	53.332
RCHGF000412	300	99.9898	0	0
RCHGF000413	288	91.4858	3	413.396
RCHGF000414	492	265.022	3	142.705
RCHGF000415	240	61.6304	20	4091.05
RCHGF000416	1173	939.972	15	201.176
RCHGF000417	792	559.092	6	135.291
RCHGF000418	3453	3219.97	9	35.2363
RCHGF000419	558	328.283	0	0
RCHGF000420	162	25.5136	6	2964.69
RCHGF000421	1353	1119.97	1	11.2562
RCHGF000422	804	571.037	0	0
RCHGF000423	1359	1125.97	0	0
RCHGF000424	852	619.037	0	0
RCHGF000425	1041	807.972	0	0
RCHGF000426	837	604.037	0	0
RCHGF000427	783	550.145	0	0
RCHGF000428	477	250.631	1	50.2997
RCHGF000429	438	214.145	0	0
RCHGF000430	1455	1221.97	1	10.3166
RCHGF000431	843	610.037	0	0
RCHGF000432	1041	807.972	0	0
RCHGF000433	1914	1680.97	1	7.49961
RCHGF000434	666	433.825	0	0
RCHGF000435	717	484.695	0	0
RCHGF000436	465	239.215	1	52.7001
RCHGF000437	1188	954.972	3	39.6032
RCHGF000438	1416	1182.97	0	0
RCHGF000439	1086	852.972	0	0
RCHGF000440	261	73.6432	0	0
RCHGF000441	2100	1866.97	2	13.5049
RCHGF000442	612	380.786	4	132.428
RCHGF000443	993	759.972	10	165.883
RCHGF000444	324	117.762	0	0
RCHGF000445	132	16.1378	0	0
RCHGF000446	381	163.888	0	0
RCHGF000447	135	16.6083	0	0
RCHGF000448	144	19.8275	0	0
RCHGF000449	1356	1122.97	8	89.8091
RCHGF000450	1116	882.972	9	128.498
RCHGF000451	192	37.4118	0	0
RCHGF000452	201	41.8356	0	0
RCHGF000453	1098	864.972	1	14.5746
RCHGF000454	1941	1707.97	3	22.1432
RCHGF000455	2511	2277.97	4	22.1366
RCHGF000457	1284	1050.97	2	23.9904
RCHGF000459	453	228.19	1	55.2463
RCHGF000460	1806	1572.97	1	8.01454
RCHGF000461	306	104.515	1	120.62
RCHGF000462	594	363.45	2	69.3721
RCHGF000463	933	699.972	2	36.0204
RCHGF000464	555	325.347	3	116.245
RCHGF000465	771	538.145	0	0
RCHGF000466	1218	984.972	11	140.789
RCHGF000467	2529	2295.97	6	32.9446
RCHGF000468	2085	1851.97	2	13.6143
RCHGF000469	909	675.972	2	37.2993
RCHGF000470	738	505.449	1	24.9415
RCHGF000471	777	544.145	0	0
RCHGF000472	843	610.037	2	41.3307
RCHGF000473	336	127.226	0	0
RCHGF000474	558	328.283	0	0
RCHGF000475	648	415.991	11	333.356
RCHGF000476	147	20.9397	0	0
RCHGF000477	630	398.11	2	63.3324
RCHGF000478	975	741.972	2	33.9814
RCHGF000479	1068	834.972	1	15.0983
RCHGF000480	855	622.037	3	60.8001
RCHGF000481	693	460.695	0	0
RCHGF000482	678	445.739	2	56.5651
RCHGF000483	1641	1407.97	1	8.95376
RCHGF000484	2343	2109.97	0	0
RCHGF000485	546	316.818	0	0
RCHGF000486	111	11.4951	0	0
RCHGF000487	486	259.099	0	0
RCHGF000488	441	217.08	0	0
RCHGF000489	1035	801.972	3	47.1587
RCHGF000490	312	109.018	0	0
RCHGF000491	2640	2406.97	1	5.23755
RCHGF000492	1941	1707.97	10	73.8106
RCHGF000493	366	151.278	0	0
RCHGF000494	1773	1539.97	3	24.5588
RCHGF000495	477	250.631	1	50.2997
RCHGF000496	765	532.145	0	0
RCHGF000497	762	529.249	1	23.8199
RCHGF000498	939	705.972	7	125
RCHGF000499	846	613.037	2	41.1285
RCHGF000500	1260	1026.97	8	98.2044
RCHGF000501	1014	780.972	0	0
RCHGF000502	1095	861.972	5	73.1267
RCHGF000503	1011	777.972	2	32.409
RCHGF000504	1083	849.972	2	29.6637
RCHGF000505	1233	999.972	5	63.035
RCHGF000506	165	26.8171	0	0
RCHGF000507	921	687.972	0	0
RCHGF000508	348	136.884	3	276.292
RCHGF000509	138	17.5745	0	0
RCHGF000510	153	22.6145	0	0
RCHGF000512	498	270.596	1	46.5883
RCHGF000513	3693	3459.97	1	3.64357
RCHGF000514	1572	1338.97	0	0
RCHGF000515	1029	795.972	0	0
RCHGF000516	585	355.048	0	0
RCHGF000517	1530	1296.97	0	0
RCHGF000518	438	214.145	0	0
RCHGF000519	690	457.695	0	0
RCHGF000520	750	517.299	0	0
RCHGF000521	1224	990.972	1	12.7215
RCHGF000522	714	481.695	1	26.1714
RCHGF000523	369	153.506	0	0
RCHGF000524	327	119.949	0	0
RCHGF000526	186	34.7746	0	0
RCHGF000527	561	331.283	0	0
RCHGF000528	807	574.037	1	21.9614
RCHGF000529	627	395.11	0	0
RCHGF000530	273	81.3172	5	775.152
RCHGF000531	678	445.739	1	28.2826
RCHGF000532	1053	819.972	0	0
RCHGF000533	978	744.972	0	0
RCHGF000534	519	290.514	1	43.3942
RCHGF000535	702	469.695	18	483.121
RCHGF000536	573	343.15	0	0
RCHGF000537	1323	1089.97	2	23.132
RCHGF000538	639	407.071	0	0
RCHGF000539	1641	1407.97	2	17.9075
RCHGF000540	1764	1530.97	5	41.172
RCHGF000541	756	523.249	1	24.093
RCHGF000542	894	661.037	1	19.071
RCHGF000543	2409	2175.97	0	0
RCHGF000544	1371	1137.97	1	11.0782
RCHGF000545	960	726.972	7	121.389
RCHGF000546	165	26.8171	0	0
RCHGF000547	378	161.075	0	0
RCHGF000548	426	203.062	0	0
RCHGF000549	471	244.926	0	0
RCHGF000550	840	607.037	1	20.7675
RCHGF000551	702	469.695	0	0
RCHGF000552	1836	1602.97	0	0
RCHGF000553	312	109.018	0	0
RCHGF000554	1257	1023.97	0	0
RCHGF000555	345	134.37	0	0
RCHGF000556	1443	1209.97	2	20.8379
RCHGF000557	873	640.037	0	0
RCHGF000558	795	562.037	0	0
RCHGF000559	747	514.299	0	0
RCHGF000560	1356	1122.97	0	0
RCHGF000561	453	228.19	0	0
RCHGF000562	477	250.631	0	0
RCHGF000563	1587	1353.97	0	0
RCHGF000564	816	583.037	0	0
RCHGF000565	543	314.097	1	40.1362
RCHGF000566	600	369.414	0	0
RCHGF000567	873	640.037	2	39.3935
RCHGF000568	837	604.037	4	83.4826
RCHGF000569	828	595.037	12	254.236
RCHGF000570	717	484.695	11	286.104
RCHGF000571	1341	1107.97	23	261.697
RCHGF000572	774	541.145	0	0
RCHGF000573	1353	1119.97	8	90.0497
RCHGF000574	951	717.972	7	122.911
RCHGF000575	354	141.487	10	891.01
RCHGF000576	1647	1413.97	2	17.8315
RCHGF000577	669	436.825	2	57.7194
RCHGF000578	1110	876.972	2	28.7504
RCHGF000579	714	481.695	2	52.3429
RCHGF000580	504	276.38	1	45.6135
RCHGF000581	762	529.249	7	166.739
RCHGF000582	762	529.249	0	0
RCHGF000583	768	535.145	0	0
RCHGF000584	357	143.877	2	175.243
RCHGF000585	252	68.2131	506	93515.2
RCHGF000586	1329	1095.97	0	0
RCHGF000587	765	532.145	0	0
RCHGF000588	222	52.2796	0	0
RCHGF000589	369	153.506	0	0
RCHGF000590	357	143.877	0	0
RCHGF000592	3047	2813.97	7	31.3601
RCHGF000594	1983	1749.97	7	50.4274
RCHGF000595	1425	1191.97	3	31.7289
RCHGF000596	237	59.9487	0	0
RCHGF000597	180	32.4159	0	0
RCHGF000598	903	669.972	1	18.8167
RCHGF000599	882	649.037	0	0
RCHGF000600	1116	882.972	5	71.3875
RCHGF000601	1755	1521.97	0	0
RCHGF000602	1134	900.972	2	27.9845
RCHGF000603	1032	798.972	1	15.7786
RCHGF000604	1392	1158.97	9	97.8969
RCHGF000605	891	658.037	3	57.4739
RCHGF000606	1026	792.972	0	0
RCHGF000607	1707	1473.97	3	25.6585
RCHGF000608	1455	1221.97	0	0
RCHGF000609	1098	864.972	1	14.5746
RCHGF000610	951	717.972	1	17.5587
RCHGF000611	900	666.972	0	0
RCHGF000612	1146	912.972	2	27.6167
RCHGF000613	1119	885.972	3	42.6875
RCHGF000614	825	592.037	0	0
RCHGF000615	1149	915.972	0	0
RCHGF000616	624	392.149	1	32.1476
RCHGF000617	597	366.414	0	0
RCHGF000618	1224	990.972	11	139.936
RCHGF000619	510	281.883	19	849.737
RCHGF000620	1902	1668.97	7	52.8748
RCHGF000621	237	59.9487	1	210.29
RCHGF000622	153	22.6145	0	0
RCHGF000623	291	93.6448	0	0
RCHGF000624	402	181.384	0	0
RCHGF000625	111	11.4951	0	0
RCHGF000626	963	729.972	0	0
RCHGF000627	1191	957.972	13	171.076
RCHGF000628	204	43.1859	0	0
RCHGF000629	1140	906.972	0	0
RCHGF000631	567	337.25	0	0
RCHGF000632	720	487.695	1	25.8495
RCHGF000633	195	38.7363	0	0
RCHGF000634	438	214.145	0	0
RCHGF000635	879	646.037	9	175.624
RCHGF000636	1491	1257.97	14	140.3
RCHGF000637	1179	945.972	1	13.3267
RCHGF000638	1308	1074.97	9	105.547
RCHGF000639	1023	789.972	3	47.875
RCHGF000640	120	13.2402	1	952.148
RCHGF000641	408	186.727	7	472.597
RCHGF000642	780	547.145	8	184.326
RCHGF000643	354	141.487	5	445.505
RCHGF000644	177	31.3249	0	0
RCHGF000645	786	553.092	1	22.793
RCHGF000646	138	17.5745	0	0
RCHGF000647	762	529.249	2	47.6398
RCHGF000648	909	675.972	2	37.2993
RCHGF000649	198	40.3119	1	312.728
RCHGF000650	1101	867.972	0	0
RCHGF000651	114	11.8429	0	0
RCHGF000652	780	547.145	0	0
RCHGF000653	111	11.4951	0	0
RCHGF000654	1104	870.972	0	0
RCHGF000655	1167	933.972	1	13.4979
RCHGF000656	120	13.2402	1	952.148
RCHGF000657	891	658.037	0	0
RCHGF000658	117	12.5899	0	0
RCHGF000659	2055	1821.97	12	83.0307
RCHGF000660	309	106.859	0	0
RCHGF000661	1239	1005.97	0	0
RCHGF000662	324	117.762	0	0
RCHGF000663	1443	1209.97	0	0
RCHGF000664	1188	954.972	42	554.444
RCHGF000665	174	30.1392	0	0
RCHGF000666	537	308.22	0	0
RCHGF000667	1215	981.972	1	12.8381
RCHGF000668	2190	1956.97	1	6.44191
RCHGF000669	123	13.9583	0	0
RCHGF000670	528	299.339	1	42.1149
RCHGF000671	144	19.8275	0	0
RCHGF000672	813	580.037	0	0
RCHGF000673	423	200.428	0	0
RCHGF000674	141	18.6265	0	0
RCHGF000675	765	532.145	9	213.212
RCHGF000676	558	328.283	0	0
RCHGF000677	849	616.037	2	40.9282
RCHGF000678	1119	885.972	2	28.4583
RCHGF000679	144	19.8275	0	0
RCHGF000680	1035	801.972	11	172.915
RCHGF000681	666	433.825	0	0
RCHGF000682	918	684.972	0	0
RCHGF000683	747	514.299	4	98.0491
RCHGF000684	204	43.1859	0	0
RCHGF000685	960	726.972	12	208.096
RCHGF000686	798	565.037	10	223.112
RCHGF000687	777	544.145	1	23.1678
RCHGF000688	777	544.145	0	0
RCHGF000689	123	13.9583	0	0
RCHGF000690	921	687.972	0	0
RCHGF000691	300	99.9898	0	0
RCHGF000692	822	589.037	0	0
RCHGF000693	780	547.145	0	0
RCHGF000694	468	242.096	0	0
RCHGF000695	738	505.449	4	99.7659
RCHGF000696	408	186.727	0	0
RCHGF000697	2712	2478.97	1	5.08543
RCHGF000698	1215	981.972	0	0
RCHGF000699	1224	990.972	1	12.7215
RCHGF000700	600	369.414	0	0
RCHGF000701	729	496.695	2	50.7621
RCHGF000702	1737	1503.97	0	0
RCHGF000703	552	322.411	0	0
RCHGF000704	774	541.145	1	23.2962
RCHGF000705	756	523.249	0	0
RCHGF000706	699	466.695	1	27.0126
RCHGF000707	858	625.037	0	0
RCHGF000708	873	640.037	4	78.787
RCHGF000709	309	106.859	3	353.923
RCHGF000710	888	655.037	2	38.4914
RCHGF000711	837	604.037	0	0
RCHGF000712	489	262.022	2	96.2259
RCHGF000713	426	203.062	0	0
RCHGF000714	984	750.972	2	33.5742
RCHGF000715	891	658.037	1	19.158
RCHGF000716	324	117.762	0	0
RCHGF000717	819	586.037	0	0
RCHGF000718	819	586.037	1	21.5117
RCHGF000719	531	302.28	0	0
RCHGF000720	1152	918.972	0	0
RCHGF000721	558	328.283	0	0
RCHGF000722	624	392.149	1	32.1476
RCHGF000723	762	529.249	0	0
RCHGF000724	882	649.037	0	0
RCHGF000725	1356	1122.97	3	33.6784
RCHGF000726	405	184.067	1	68.4896
RCHGF000727	540	311.22	1	40.5071
RCHGF000728	1338	1104.97	16	182.544
RCHGF000729	1065	831.972	19	287.902
RCHGF000730	624	392.149	5	160.738
RCHGF000731	660	427.825	0	0
RCHGF000732	1005	771.972	3	48.9913
RCHGF000733	192	37.4118	1	336.97
RCHGF000734	684	451.739	2	55.8138
RCHGF000735	423	200.428	1	62.8987
RCHGF000736	2136	1902.97	18	119.245
RCHGF000737	930	696.972	20	361.755
RCHGF000738	936	702.972	5	89.6667
RCHGF000739	642	410.031	1	30.7455
RCHGF000740	507	279.16	0	0
RCHGF000741	939	705.972	3	53.5714
RCHGF000742	225	53.7094	0	0
RCHGF000743	846	613.037	1	20.5642
RCHGF000744	393	173.944	0	0
RCHGF000745	684	451.739	0	0
RCHGF000746	378	161.075	0	0
RCHGF000747	1068	834.972	0	0
RCHGF000748	150	22.0117	0	0
RCHGF000749	654	421.991	0	0
RCHGF000750	849	616.037	9	184.177
RCHGF000751	369	153.506	1	82.1247
RCHGF000752	123	13.9583	0	0
RCHGF000753	918	684.972	2	36.8092
RCHGF000754	117	12.5899	0	0
RCHGF000755	1131	897.972	0	0
RCHGF000756	693	460.695	1	27.3644
RCHGF000757	132	16.1378	0	0
RCHGF000758	432	208.442	4	241.921
RCHGF000759	510	281.883	0	0
RCHGF000760	489	262.022	0	0
RCHGF000762	996	762.972	0	0
RCHGF000763	411	189.478	0	0
RCHGF000764	1065	831.972	3	45.4582
RCHGF000765	1944	1710.97	6	44.2087
RCHGF000766	936	702.972	0	0
RCHGF000767	552	322.411	1	39.1012
RCHGF000769	345	134.37	0	0
RCHGF000770	1254	1020.97	0	0
RCHGF000771	594	363.45	0	0
RCHGF000772	528	299.339	1	42.1149
RCHGF000773	1098	864.972	6	87.4477
RCHGF000774	2265	2031.97	0	0
RCHGF000775	1611	1377.97	6	54.8921
RCHGF000776	318	113.378	0	0
RCHGF000777	411	189.478	1	66.5335
RCHGF000778	642	410.031	0	0
RCHGF000779	1218	984.972	3	38.397
RCHGF000780	537	308.22	0	0
RCHGF000781	129	14.7768	0	0
RCHGF000782	129	14.7768	0	0
RCHGF000783	687	454.695	0	0
RCHGF000784	1080	846.972	1	14.8844
RCHGF000785	402	181.384	18	1251.05
RCHGF000786	861	628.037	15	301.096
RCHGF000787	1857	1623.97	2	15.5257
RCHGF000788	1722	1488.97	3	25.4
RCHGF000789	426	203.062	1	62.0829
RCHGF000790	138	17.5745	0	0
RCHGF000791	2001	1767.97	4	28.5223
RCHGF000792	129	14.7768	0	0
RCHGF000793	297	98.1638	0	0
RCHGF000794	654	421.991	1	29.8742
RCHGF000795	459	233.662	4	215.81
RCHGF000796	609	378.158	3	100.011
RCHGF000797	183	33.6823	0	0
RCHGF000798	339	129.76	2	194.308
RCHGF000799	219	50.7722	0	0
RCHGF000800	3315	3081.97	5	20.4522
RCHGF000801	666	433.825	0	0
RCHGF000802	1422	1188.97	0	0
RCHGF000803	3246	3012.97	4	16.7365
RCHGF000804	702	469.695	0	0
RCHGF000805	330	122.275	1	103.101
RCHGF000806	678	445.739	2	56.5651
RCHGF000807	774	541.145	3	69.8887
RCHGF000808	159	24.7708	0	0
RCHGF000809	2202	1968.97	18	115.248
RCHGF000810	1965	1731.97	9	65.509
RCHGF000811	363	148.832	2	169.407
RCHGF000812	111	11.4951	0	0
RCHGF000813	132	16.1378	0	0
RCHGF000814	1491	1257.97	0	0
RCHGF000815	129	14.7768	0	0
RCHGF000816	1731	1497.97	3	25.2474
RCHGF000817	450	225.258	0	0
RCHGF000818	159	24.7708	0	0
RCHGF000819	1677	1443.97	5	43.6526
RCHGF000820	141	18.6265	0	0
RCHGF000821	165	26.8171	0	0
RCHGF000822	801	568.037	10	221.933
RCHGF000823	843	610.037	8	165.323
RCHGF000824	855	622.037	0	0
RCHGF000825	2424	2190.97	0	0
RCHGF000826	627	395.11	0	0
RCHGF000827	885	652.037	0	0
RCHGF000828	609	378.158	0	0
RCHGF000829	861	628.037	0	0
RCHGF000830	1248	1014.97	0	0
RCHGF000831	840	607.037	0	0
RCHGF000832	759	526.249	0	0
RCHGF000833	471	244.926	0	0
RCHGF000834	468	242.096	0	0
RCHGF000835	435	211.315	0	0
RCHGF000836	306	104.515	0	0
RCHGF000837	1167	933.972	0	0
RCHGF000838	117	12.5899	0	0
RCHGF000839	117	12.5899	0	0
RCHGF000840	1998	1764.97	2	14.2854
RCHGF000841	624	392.149	3	96.4428
RCHGF000842	690	457.695	30	826.313
RCHGF000843	714	481.695	21	549.6
RCHGF000844	510	281.883	0	0
RCHGF000845	561	331.283	1	38.054
RCHGF000846	903	669.972	3	56.45
RCHGF000847	663	430.825	0	0
RCHGF000848	771	538.145	0	0
RCHGF000849	1371	1137.97	1	11.0782
RCHGF000850	588	358.012	0	0
RCHGF000851	669	436.825	0	0
RCHGF000852	639	407.071	0	0
RCHGF000853	816	583.037	0	0
RCHGF000855	1593	1359.97	4	37.0791
RCHGF000856	222	52.2796	0	0
RCHGF000857	303	102.235	0	0
RCHGF000858	153	22.6145	0	0
RCHGF000860	1446	1212.97	2	20.7864
RCHGF000861	576	346.116	0	0
RCHGF000862	1017	783.972	0	0
RCHGF000863	765	532.145	1	23.6902
RCHGF000864	603	372.378	1	33.8544
RCHGF000865	1182	948.972	3	39.8536
RCHGF000866	792	559.092	0	0
RCHGF000867	1455	1221.97	2	20.6333
RCHGF000868	591	360.485	0	0
RCHGF000869	666	433.825	1	29.0593
RCHGF000870	411	189.478	1	66.5335
RCHGF000871	423	200.428	1	62.8987
RCHGF000872	696	463.695	0	0
RCHGF000873	282	87.3363	0	0
RCHGF000874	213	47.7347	0	0
RCHGF000875	399	178.881	0	0
RCHGF000876	888	655.037	0	0
RCHGF000877	384	166.339	0	0
RCHGF000878	348	136.884	0	0
RCHGF000879	915	681.972	1	18.4856
RCHGF000880	666	433.825	0	0
RCHGF000881	801	568.037	0	0
RCHGF000882	225	53.7094	0	0
RCHGF000883	153	22.6145	1	557.458
RCHGF000884	942	708.972	1	17.7816
RCHGF000885	1128	894.972	1	14.0861
RCHGF000886	135	16.6083	0	0
RCHGF000887	1449	1215.97	1	10.3675
RCHGF000888	600	369.414	4	136.504
RCHGF000889	1215	981.972	12	154.057
RCHGF000890	324	117.762	0	0
RCHGF000891	1920	1686.97	0	0
RCHGF000892	306	104.515	0	0
RCHGF000893	726	493.695	0	0
RCHGF000894	177	31.3249	0	0
RCHGF000895	285	89.3833	0	0
RCHGF000896	327	119.949	1	105.1
RCHGF000897	1428	1194.97	1	10.5497
RCHGF000898	1494	1260.97	0	0
RCHGF000899	240	61.6304	29	5932.02
RCHGF000900	366	151.278	1	83.3345
RCHGF000901	903	669.972	3	56.45
RCHGF000902	465	239.215	1	52.7001
RCHGF000903	513	284.855	1	44.2564
RCHGF000904	990	756.972	4	66.6162
RCHGF000905	912	678.972	1	18.5672
RCHGF000906	798	565.037	1	22.3112
RCHGF000907	564	334.283	4	150.85
RCHGF000908	906	672.972	5	93.6639
RCHGF000909	810	577.037	0	0
RCHGF000910	1830	1596.97	0	0
RCHGF000911	1731	1497.97	4	33.6632
RCHGF000912	1170	936.972	7	94.1826
RCHGF000913	795	562.037	2	44.8605
RCHGF000914	1338	1104.97	4	45.6361
RCHGF000915	729	496.695	4	101.524
RCHGF000916	198	40.3119	4	1250.91
RCHGF000917	1008	774.972	13	211.474
RCHGF000918	549	319.411	1	39.4684
RCHGF000919	2622	2388.97	106	559.364
RCHGF000920	1098	864.972	2	29.1492
RCHGF000921	798	565.037	0	0
RCHGF000922	114	11.8429	4	4257.95
RCHGF000923	246	64.8958	9	1748.34
RCHGF000924	591	360.485	0	0
RCHGF000925	252	68.2131	0	0
RCHGF000926	252	68.2131	0	0
RCHGF000927	2595	2361.97	44	234.843
RCHGF000928	414	192.303	10	655.56
RCHGF000929	150	22.0117	2	1145.45
RCHGF000930	444	220.014	2	114.599
RCHGF000931	282	87.3363	4	577.384
RCHGF000932	1770	1536.97	21	172.247
RCHGF000933	1332	1098.97	2	22.9426
RCHGF000935	1218	984.972	2	25.598
RCHGF000936	348	136.884	7	644.68
RCHGF000937	111	11.4951	0	0
RCHGF000938	510	281.883	17	760.291
RCHGF000939	837	604.037	0	0
RCHGF000940	501	273.57	0	0
RCHGF000941	504	276.38	1	45.6135
RCHGF000942	117	12.5899	0	0
RCHGF000944	453	228.19	0	0
RCHGF000945	1164	930.972	1	13.5414
RCHGF000946	2130	1896.97	16	106.331
RCHGF000947	228	55.3346	1	227.826
RCHGF000948	1833	1599.97	10	78.7929
RCHGF000949	1296	1062.97	445	5277.61
RCHGF000950	762	529.249	0	0
RCHGF000951	189	36.0706	0	0
RCHGF000952	549	319.411	1	39.4684
RCHGF000953	177	31.3249	1	402.448
RCHGF000954	147	20.9397	1	602.046
RCHGF000955	582	352.048	1	35.8095
RCHGF000956	720	487.695	2	51.6989
RCHGF000957	384	166.339	0	0
RCHGF000958	1335	1101.97	3	34.3202
RCHGF000960	186	34.7746	1	362.524
RCHGF000961	1122	888.972	0	0
RCHGF000962	1011	777.972	205	3321.92
RCHGF000963	567	337.25	0	0
RCHGF000964	483	256.278	14	688.679
RCHGF000965	1068	834.972	1	15.0983
RCHGF000966	819	586.037	0	0
RCHGF000967	1047	813.972	0	0
RCHGF000968	672	439.739	0	0
RCHGF000969	672	439.739	1	28.6685
RCHGF000970	1002	768.972	21	344.277
RCHGF000971	819	586.037	2	43.0234
RCHGF000972	474	247.754	28	1424.74
RCHGF000973	1179	945.972	9	119.94
RCHGF000974	180	32.4159	1	388.903
RCHGF000975	303	102.235	1	123.31
RCHGF000976	426	203.062	5	310.414
RCHGF000977	1176	942.972	90	1203.21
RCHGF000978	564	334.283	0	0
RCHGF000979	132	16.1378	0	0
RCHGF000980	912	678.972	4	74.269
RCHGF000981	264	75.3663	0	0
RCHGF000982	552	322.411	2	78.2024
RCHGF000983	936	702.972	5	89.6667
RCHGF000984	945	711.972	10	177.067
RCHGF000985	852	619.037	0	0
RCHGF000986	429	205.505	0	0
RCHGF000987	915	681.972	0	0
RCHGF000988	918	684.972	1	18.4046
RCHGF000989	1413	1179.97	4	42.7354
RCHGF000990	1005	771.972	0	0
RCHGF000991	1266	1032.97	0	0
RCHGF000993	1203	969.972	1	12.9969
RCHGF000994	273	81.3172	0	0
RCHGF000995	642	410.031	0	0
RCHGF000996	684	451.739	0	0
RCHGF000997	1128	894.972	1	14.0861
RCHGF000998	1188	954.972	2	26.4021
RCHGF000999	954	720.972	0	0
RCHGF001000	630	398.11	0	0
RCHGF001001	495	267.89	0	0
RCHGF001002	411	189.478	0	0
RCHGF001003	822	589.037	0	0
RCHGF001004	750	517.299	0	0
RCHGF001005	483	256.278	0	0
RCHGF001006	678	445.739	0	0
RCHGF001007	990	756.972	0	0
RCHGF001008	261	73.6432	1	171.185
RCHGF001009	114	11.8429	0	0
RCHGF001010	951	717.972	2	35.1174
RCHGF001011	1152	918.972	0	0
RCHGF001012	705	472.695	0	0
RCHGF001013	924	690.972	2	36.4896
RCHGF001014	825	592.037	0	0
RCHGF001015	1053	819.972	0	0
RCHGF001016	2382	2148.97	0	0
RCHGF001017	645	412.991	3	91.5756
RCHGF001018	939	705.972	0	0
RCHGF001019	768	535.145	1	23.5574
RCHGF001020	120	13.2402	0	0
RCHGF001021	141	18.6265	0	0
RCHGF001022	1044	810.972	0	0
RCHGF001023	1176	942.972	1	13.3691
RCHGF001024	645	412.991	0	0
RCHGF001025	471	244.926	0	0
RCHGF001026	927	693.972	0	0
RCHGF001027	825	592.037	0	0
RCHGF001028	765	532.145	2	47.3805
RCHGF001029	417	195.087	0	0
RCHGF001030	2421	2187.97	3	17.2854
RCHGF001031	267	77.1662	0	0
RCHGF001032	702	469.695	4	107.36
RCHGF001033	795	562.037	0	0
RCHGF001034	801	568.037	4	88.7734
RCHGF001035	480	253.455	0	0
RCHGF001036	2730	2496.97	0	0
RCHGF001037	501	273.57	1	46.082
RCHGF001038	1437	1203.97	16	167.534
RCHGF001039	1113	879.972	13	186.24
RCHGF001040	1134	900.972	17	237.869
RCHGF001041	753	520.299	0	0
RCHGF001042	870	637.037	1	19.7895
RCHGF001043	987	753.972	9	150.483
RCHGF001044	138	17.5745	1	717.326
RCHGF001045	729	496.695	0	0
RCHGF001046	1272	1038.97	0	0
RCHGF001047	675	442.739	0	0
RCHGF001048	768	535.145	0	0
RCHGF001049	2370	2136.97	0	0
RCHGF001050	474	247.754	0	0
RCHGF001051	522	293.486	0	0
RCHGF001052	852	619.037	2	40.7299
RCHGF001053	615	383.263	1	32.8929
RCHGF001054	237	59.9487	1	210.29
RCHGF001055	351	139.257	0	0
RCHGF001056	1086	852.972	10	147.797
RCHGF001057	744	511.349	8	197.229
RCHGF001058	1344	1110.97	18	204.253
RCHGF001059	444	220.014	3	171.898
RCHGF001060	1995	1761.97	4	28.6194
RCHGF001061	921	687.972	0	0
RCHGF001062	228	55.3346	12	2733.91
RCHGF001063	474	247.754	25	1272.09
RCHGF001064	291	93.6448	4	538.487
RCHGF001065	195	38.7363	0	0
RCHGF001066	111	11.4951	0	0
RCHGF001067	216	49.1325	0	0
RCHGF001068	654	421.991	1	29.8742
RCHGF001069	1182	948.972	0	0
RCHGF001070	1101	867.972	0	0
RCHGF001071	1323	1089.97	3	34.6981
RCHGF001072	330	122.275	0	0
RCHGF001073	318	113.378	0	0
RCHGF001074	1041	807.972	0	0
RCHGF001075	1896	1662.97	0	0
RCHGF001076	156	23.9251	0	0
RCHGF001077	822	589.037	0	0
RCHGF001078	1353	1119.97	2	22.5124
RCHGF001079	1311	1077.97	3	35.0843
RCHGF001080	810	577.037	0	0
RCHGF001081	843	610.037	0	0
RCHGF001082	705	472.695	0	0
RCHGF001083	1023	789.972	12	191.5
RCHGF001084	297	98.1638	2	256.849
RCHGF001085	1470	1236.97	0	0
RCHGF001086	453	228.19	2	110.493
RCHGF001087	1110	876.972	3	43.1256
RCHGF001088	795	562.037	11	246.733
RCHGF001089	801	568.037	5	110.967
RCHGF001090	300	99.9898	0	0
RCHGF001091	672	439.739	0	0
RCHGF001092	795	562.037	0	0
RCHGF001093	366	151.278	0	0
RCHGF001094	1530	1296.97	1	9.72006
RCHGF001095	1038	804.972	0	0
RCHGF001096	1290	1056.97	4	47.7085
RCHGF001097	363	148.832	0	0
RCHGF001098	996	762.972	0	0
RCHGF001099	540	311.22	0	0
RCHGF001100	456	230.732	0	0
RCHGF001101	999	765.972	0	0
RCHGF001102	1257	1023.97	2	24.623
RCHGF001103	495	267.89	7	329.414
RCHGF001104	750	517.299	0	0
RCHGF001105	1338	1104.97	1	11.409
RCHGF001106	348	136.884	13	1197.26
RCHGF001107	1260	1026.97	2	24.5511
RCHGF001108	1443	1209.97	42	437.596
RCHGF001109	171	28.7073	0	0
RCHGF001110	1086	852.972	2	29.5593
RCHGF001111	1929	1695.97	2	14.8666
RCHGF001112	174	30.1392	0	0
RCHGF001113	375	158.507	7	556.734
RCHGF001114	264	75.3663	1	167.272
RCHGF001115	1248	1014.97	3	37.262
RCHGF001116	582	352.048	6	214.857
RCHGF001117	237	59.9487	2	420.581
RCHGF001118	216	49.1325	0	0
RCHGF001119	672	439.739	4	114.674
RCHGF001120	1011	777.972	2	32.409
RCHGF001121	204	43.1859	0	0
RCHGF001122	765	532.145	4	94.7609
RCHGF001123	2040	1806.97	21	146.51
RCHGF001126	153	22.6145	0	0
RCHGF001127	3351	3117.97	1	4.04322
RCHGF001128	150	22.0117	0	0
RCHGF001129	363	148.832	0	0
RCHGF001130	1386	1152.97	0	0
RCHGF001131	1035	801.972	0	0
RCHGF001132	822	589.037	0	0
RCHGF001133	753	520.299	1	24.2296
RCHGF001134	495	267.89	0	0
RCHGF001135	408	186.727	0	0
RCHGF001136	2769	2535.97	6	29.8268
RCHGF001137	114	11.8429	0	0
RCHGF001138	1023	789.972	15	239.375
RCHGF001139	651	418.991	0	0
RCHGF001140	2697	2463.97	3	15.3492
RCHGF001141	3207	2973.97	5	21.195
RCHGF001142	774	541.145	15	349.443
RCHGF001143	555	325.347	81	3138.61
RCHGF001144	618	386.263	20	652.749
RCHGF001145	603	372.378	0	0
RCHGF001146	699	466.695	0	0
RCHGF001147	138	17.5745	0	0
RCHGF001148	714	481.695	0	0
RCHGF001149	852	619.037	13	264.744
RCHGF001150	1338	1104.97	29	330.861
RCHGF001152	1281	1047.97	1	12.0296
RCHGF001153	4032	3798.97	10	33.1843
RCHGF001154	1128	894.972	1	14.0861
RCHGF001155	1479	1245.97	9	91.0613
RCHGF001156	465	239.215	1	52.7001
RCHGF001157	333	124.713	0	0
RCHGF001158	972	738.972	9	153.537
RCHGF001159	129	14.7768	4	3412.56
RCHGF001160	906	672.972	7	131.13
RCHGF001161	999	765.972	8	131.667
RCHGF001162	171	28.7073	0	0
RCHGF001163	129	14.7768	0	0
RCHGF001164	312	109.018	0	0
RCHGF001165	1887	1653.97	0	0
RCHGF001166	1734	1500.97	0	0
RCHGF001167	426	203.062	0	0
RCHGF001168	126	14.5266	0	0
RCHGF001169	1068	834.972	0	0
RCHGF001170	936	702.972	2	35.8667
RCHGF001171	1104	870.972	0	0
RCHGF001172	252	68.2131	1	184.813
RCHGF001173	972	738.972	24	409.433
RCHGF001174	546	316.818	3	119.374
RCHGF001176	728	495.695	0	0
RCHGF001178	528	299.339	0	0
RCHGF001179	546	316.818	0	0
RCHGF001180	342	132.213	0	0
RCHGF001181	327	119.949	0	0
RCHGF001182	177	31.3249	0	0
RCHGF001183	1509	1275.97	9	88.9203
RCHGF001184	2004	1770.97	8	56.9479
RCHGF001185	591	360.485	4	139.885
RCHGF001186	216	49.1325	8	2052.68
RCHGF001187	432	208.442	0	0
RCHGF001188	543	314.097	0	0
RCHGF001189	1650	1416.97	1	8.89689
RCHGF001190	855	622.037	0	0
RCHGF001191	1125	891.972	1	14.1334
RCHGF001192	453	228.19	2	110.493
RCHGF001193	417	195.087	0	0
RCHGF001195	765	532.145	1	23.6902
RCHGF001196	987	753.972	2	33.4406
RCHGF001197	147	20.9397	0	0
RCHGF001198	1434	1200.97	1	10.497
RCHGF001199	2376	2142.97	7	41.1795
RCHGF001200	465	239.215	4	210.8
RCHGF001201	111	11.4951	0	0
RCHGF001202	1785	1551.97	1	8.12298
RCHGF001203	1596	1362.97	0	0
RCHGF001204	1578	1344.97	4	37.4926
RCHGF001205	147	20.9397	0	0
RCHGF001206	306	104.515	0	0
RCHGF001207	144	19.8275	12	7629.78
RCHGF001208	408	186.727	315	21266.9
RCHGF001209	1680	1446.97	16	139.399
RCHGF001210	1206	972.972	4	51.8274
RCHGF001211	855	622.037	0	0
RCHGF001212	612	380.786	1	33.1069
RCHGF001213	324	117.762	0	0
RCHGF001214	252	68.2131	0	0
RCHGF001215	813	580.037	2	43.4684
RCHGF001216	156	23.9251	0	0
RCHGF001217	111	11.4951	0	0
RCHGF001218	273	81.3172	0	0
RCHGF001219	330	122.275	2	206.201
RCHGF001220	810	577.037	0	0
RCHGF001221	363	148.832	0	0
RCHGF001222	273	81.3172	0	0
RCHGF001223	525	296.457	0	0
RCHGF001224	1131	897.972	0	0
RCHGF001225	756	523.249	3	72.2791
RCHGF001226	819	586.037	0	0
RCHGF001227	699	466.695	0	0
RCHGF001228	606	375.158	2	67.2072
RCHGF001229	1167	933.972	0	0
RCHGF001230	840	607.037	0	0
RCHGF001231	846	613.037	0	0
RCHGF001232	1110	876.972	0	0
RCHGF001233	576	346.116	0	0
RCHGF001234	420	197.669	0	0
RCHGF001235	747	514.299	2	49.0245
RCHGF001236	681	448.739	7	196.654
RCHGF001237	336	127.226	2	198.177
RCHGF001238	432	208.442	2	120.961
RCHGF001239	1236	1002.97	4	50.2771
RCHGF001240	729	496.695	2	50.7621
RCHGF001241	936	702.972	0	0
RCHGF001242	1053	819.972	8	122.996
RCHGF001243	948	714.972	6	105.794
RCHGF001244	972	738.972	9	153.537
RCHGF001245	930	696.972	2	36.1755
RCHGF001246	870	637.037	1	19.7895
RCHGF001247	1365	1131.97	9	100.232
RCHGF001248	462	236.38	1	53.332
RCHGF001249	222	52.2796	0	0
RCHGF001250	1035	801.972	3	47.1587
RCHGF001251	798	565.037	2	44.6224
RCHGF001252	1002	768.972	1	16.3941
RCHGF001253	156	23.9251	0	0
RCHGF001254	366	151.278	1	83.3345
RCHGF001255	1251	1017.97	3	37.1522
RCHGF001256	1215	981.972	30	385.143
RCHGF001257	198	40.3119	0	0
RCHGF001258	1527	1293.97	6	58.4556
RCHGF001259	1200	966.972	2	26.0745
RCHGF001260	777	544.145	5	115.839
RCHGF001261	459	233.662	0	0
RCHGF001262	1644	1410.97	21	187.629
RCHGF001263	186	34.7746	0	0
RCHGF001264	1158	924.972	7	95.4045
RCHGF001265	846	613.037	2	41.1285
RCHGF001266	633	401.071	0	0
RCHGF001267	354	141.487	0	0
RCHGF001268	651	418.991	0	0
RCHGF001269	579	349.048	0	0
RCHGF001270	2928	2694.97	17	79.5232
RCHGF001271	1302	1068.97	10	117.932
RCHGF001272	183	33.6823	1	374.28
RCHGF001273	666	433.825	9	261.534
RCHGF001274	1716	1482.97	1	8.50093
RCHGF001275	1917	1683.97	2	14.9725
RCHGF001276	1749	1515.97	3	24.9476
RCHGF001277	912	678.972	0	0
RCHGF001278	111	11.4951	0	0
RCHGF001279	1326	1092.97	1	11.5343
RCHGF001280	2448	2214.97	5	28.4578
RCHGF001281	540	311.22	7	283.55
RCHGF001282	759	526.249	2	47.9114
RCHGF001283	276	83.2917	0	0
RCHGF001284	546	316.818	2	79.583
RCHGF001285	1278	1044.97	0	0
RCHGF001286	744	511.349	1	24.6537
RCHGF001287	1299	1065.97	0	0
RCHGF001288	1434	1200.97	0	0
RCHGF001289	1425	1191.97	0	0
RCHGF001290	813	580.037	0	0
RCHGF001291	747	514.299	0	0
RCHGF001292	372	156.067	0	0
RCHGF001293	705	472.695	7	186.688
RCHGF001294	1401	1167.97	1	10.7936
RCHGF001295	1410	1176.97	1	10.7111
RCHGF001296	930	696.972	0	0
RCHGF001297	129	14.7768	0	0
RCHGF001298	618	386.263	0	0
RCHGF001299	465	239.215	1	52.7001
RCHGF001300	213	47.7347	0	0
RCHGF001301	747	514.299	3	73.5368
RCHGF001302	966	732.972	2	34.3987
RCHGF001303	972	738.972	1	17.0597
RCHGF001304	447	222.459	0	0
RCHGF001305	2208	1974.97	1	6.3832
RCHGF001306	162	25.5136	0	0
RCHGF001307	1068	834.972	0	0
RCHGF001308	1092	858.972	0	0
RCHGF001309	834	601.037	0	0
RCHGF001310	873	640.037	0	0
RCHGF001311	1278	1044.97	0	0
RCHGF001312	1332	1098.97	0	0
RCHGF001313	1008	774.972	4	65.0689
RCHGF001314	966	732.972	3	51.598
RCHGF001315	1122	888.972	0	0
RCHGF001316	2082	1848.97	15	102.273
RCHGF001317	669	436.825	2	57.7194
RCHGF001318	264	75.3663	0	0
RCHGF001319	180	32.4159	0	0
RCHGF001320	633	401.071	5	157.162
RCHGF001321	810	577.037	35	764.652
RCHGF001322	1074	840.972	2	29.9811
RCHGF001323	114	11.8429	0	0
RCHGF001324	141	18.6265	0	0
RCHGF001325	621	389.187	45	1457.65
RCHGF001326	489	262.022	23	1106.6
RCHGF001327	870	637.037	99	1959.16
RCHGF001328	1368	1134.97	264	2932.37
RCHGF001329	183	33.6823	0	0
RCHGF001330	1365	1131.97	5	55.6844
RCHGF001331	498	270.596	4	186.353
RCHGF001332	477	250.631	0	0
RCHGF001333	915	681.972	0	0
RCHGF001334	948	714.972	1	17.6324
RCHGF001335	948	714.972	17	299.75
RCHGF001336	117	12.5899	0	0
RCHGF001337	348	136.884	3	276.292
RCHGF001338	132	16.1378	0	0
RCHGF001339	1041	807.972	1	15.6028
RCHGF001340	2514	2280.97	1	5.52687
RCHGF001341	957	723.972	1	17.4132
RCHGF001342	636	404.071	5	155.995
RCHGF001343	2625	2391.97	15	79.0559
RCHGF001344	261	73.6432	0	0
RCHGF001345	2817	2583.97	25	121.97
RCHGF001346	1767	1533.97	26	213.676
RCHGF001347	969	735.972	1	17.1292
RCHGF001348	1443	1209.97	15	156.284
RCHGF001349	198	40.3119	76.3953	23890.9
RCHGF001350	480	253.455	3	149.217
RCHGF001351	111	11.4951	0	0
RCHGF001352	642	410.031	1	30.7455
RCHGF001353	612	380.786	4	132.428
RCHGF001354	1323	1089.97	0	0
RCHGF001355	840	607.037	0	0
RCHGF001356	378	161.075	0	0
RCHGF001357	639	407.071	0	0
RCHGF001358	828	595.037	0	0
RCHGF001359	807	574.037	0	0
RCHGF001360	483	256.278	0	0
RCHGF001361	1125	891.972	1	14.1334
RCHGF001362	420	197.669	0	0
RCHGF001363	759	526.249	1	23.9557
RCHGF001364	816	583.037	5	108.112
RCHGF001365	147	20.9397	0	0
RCHGF001366	1332	1098.97	0	0
RCHGF001367	792	559.092	0	0
RCHGF001368	219	50.7722	0	0
RCHGF001369	369	153.506	1	82.1247
RCHGF001370	453	228.19	0	0
RCHGF001371	165	26.8171	0	0
RCHGF001372	1089	855.972	0	0
RCHGF001373	168	27.7616	0	0
RCHGF001374	2169	1935.97	3	19.5354
RCHGF001375	864	631.037	1	19.9777
RCHGF001376	879	646.037	1	19.5138
RCHGF001377	1332	1098.97	9	103.242
RCHGF001378	399	178.881	8	563.801
RCHGF001379	1455	1221.97	13	134.116
RCHGF001380	1398	1164.97	17	183.964
RCHGF001381	657	424.991	23	682.256
RCHGF001382	1332	1098.97	4	45.8852
RCHGF001383	1380	1146.97	6	65.9474
RCHGF001384	1398	1164.97	7	75.7499
RCHGF001385	114	11.8429	0	0
RCHGF001386	129	14.7768	0	0
RCHGF001387	339	129.76	3	291.461
RCHGF001388	342	132.213	2	190.701
RCHGF001389	336	127.226	2	198.177
RCHGF001390	768	535.145	4	94.2297
RCHGF001391	159	24.7708	1	508.932
RCHGF001392	2211	1977.97	0	0
RCHGF001393	1164	930.972	1	13.5414
RCHGF001394	1083	849.972	2	29.6637
RCHGF001395	762	529.249	1	23.8199
RCHGF001396	261	73.6432	0	0
RCHGF001397	330	122.275	0	0
RCHGF001398	687	454.695	0	0
RCHGF001399	1053	819.972	2	30.749
RCHGF001400	1251	1017.97	1	12.3841
RCHGF001401	1071	837.972	5	75.2211
RCHGF001402	828	595.037	0	0
RCHGF001403	612	380.786	0	0
RCHGF001404	1806	1572.97	10	80.1454
RCHGF001405	429	205.505	0	0
RCHGF001406	822	589.037	1	21.4021
RCHGF001407	528	299.339	4	168.46
RCHGF001408	789	556.092	1	22.6701
RCHGF001409	120	13.2402	0	0
RCHGF001410	438	214.145	1	58.8698
RCHGF001411	648	415.991	0	0
RCHGF001412	1152	918.972	0	0
RCHGF001413	486	259.099	0	0
RCHGF001414	870	637.037	0	0
RCHGF001415	1143	909.972	1	13.8539
RCHGF001416	888	655.037	1	19.2457
RCHGF001417	423	200.428	0	0
RCHGF001418	474	247.754	0	0
RCHGF001419	492	265.022	0	0
RCHGF001420	585	355.048	0	0
RCHGF001421	243	63.343	0	0
RCHGF001422	765	532.145	1	23.6902
RCHGF001423	2247	2013.97	63	394.354
RCHGF001424	1458	1224.97	8	82.331
RCHGF001426	117	12.5899	0	0
RCHGF001427	417	195.087	0	0
RCHGF001428	222	52.2796	1	241.139
RCHGF001430	1764	1530.97	5	41.172
RCHGF001431	576	346.116	1	36.4232
RCHGF001432	663	430.825	3	87.7849
RCHGF001433	867	634.037	2	39.7663
RCHGF001434	1731	1497.97	1	8.41581
RCHGF001435	747	514.299	0	0
RCHGF001436	1053	819.972	5	76.8724
RCHGF001437	123	13.9583	0	0
RCHGF001438	132	16.1378	8	6249.48
RCHGF001439	150	22.0117	4	2290.9
RCHGF001440	1329	1095.97	3	34.5081
RCHGF001441	1395	1161.97	2	21.6987
RCHGF001442	876	643.037	0	0
RCHGF001443	456	230.732	0	0
RCHGF001444	945	711.972	1	17.7067
RCHGF001445	753	520.299	0	0
RCHGF001447	939	705.972	0	0
RCHGF001448	666	433.825	0	0
RCHGF001449	645	412.991	0	0
RCHGF001450	927	693.972	0	0
RCHGF001451	429	205.505	0	0
RCHGF001452	504	276.38	0	0
RCHGF001453	858	625.037	0	0
RCHGF001454	819	586.037	2	43.0234
RCHGF001455	891	658.037	0	0
RCHGF001456	843	610.037	4	82.6615
RCHGF001457	1188	954.972	4	52.8042
RCHGF001458	1872	1638.97	2	15.3836
RCHGF001459	351	139.257	3	271.583
RCHGF001460	738	505.449	0	0
RCHGF001461	858	625.037	2	40.3389
RCHGF001462	1071	837.972	1	15.0442
RCHGF001463	153	22.6145	0	0
RCHGF001464	2274	2040.97	0	0
RCHGF001465	537	308.22	0	0
RCHGF001466	1611	1377.97	0	0
RCHGF001467	1359	1125.97	2	22.3925
RCHGF001468	1533	1299.97	7	67.8834
RCHGF001469	486	259.099	8	389.245
RCHGF001470	714	481.695	0	0
RCHGF001471	660	427.825	0	0
RCHGF001472	615	383.263	0	0
RCHGF001473	852	619.037	1	20.3649
RCHGF001474	675	442.739	1	28.4742
RCHGF001475	699	466.695	0	0
RCHGF001476	990	756.972	5	83.2702
RCHGF001477	1005	771.972	6	97.9826
RCHGF001478	666	433.825	0	0
RCHGF001479	630	398.11	1	31.6662
RCHGF001480	510	281.883	2	89.446
RCHGF001481	1431	1197.97	4	42.0933
RCHGF001482	1392	1158.97	2	21.7549
RCHGF001483	987	753.972	11	183.923
RCHGF001484	1878	1644.97	4	30.655
RCHGF001485	2364	2130.97	0	0
RCHGF001486	738	505.449	0	0
RCHGF001487	1878	1644.97	0	0
RCHGF001488	843	610.037	0	0
RCHGF001489	666	433.825	0	0
RCHGF001490	1029	795.972	0	0
RCHGF001491	678	445.739	0	0
RCHGF001492	888	655.037	1	19.2457
RCHGF001493	1506	1272.97	3	29.7099
RCHGF001495	1692	1458.97	22	190.097
RCHGF001496	1014	780.972	0	0
RCHGF001497	888	655.037	1	19.2457
RCHGF001498	453	228.19	0	0
RCHGF001499	606	375.158	0	0
RCHGF001501	897	664.037	0	0
RCHGF001502	1086	852.972	0	0
RCHGF001503	816	583.037	1	21.6224
RCHGF001504	843	610.037	0	0
RCHGF001505	771	538.145	0	0
RCHGF001506	492	265.022	0	0
RCHGF001507	417	195.087	0	0
RCHGF001508	1953	1719.97	5	36.6478
RCHGF001509	1371	1137.97	1	11.0782
RCHGF001510	171	28.7073	0	0
RCHGF001511	777	544.145	0	0
RCHGF001512	126	14.5266	0	0
RCHGF001513	417	195.087	0	0
RCHGF001514	912	678.972	0	0
RCHGF001515	984	750.972	0	0
RCHGF001516	132	16.1378	0	0
RCHGF001517	894	661.037	0	0
RCHGF001518	1371	1137.97	1	11.0782
RCHGF001519	114	11.8429	0	0
RCHGF001520	801	568.037	4	88.7734
RCHGF001521	2607	2373.97	2	10.6207
RCHGF001522	450	225.258	0	0
RCHGF001523	1470	1236.97	4	40.7661
RCHGF001524	2022	1788.97	16	112.75
RCHGF001525	537	308.22	0	0
RCHGF001526	1218	984.972	0	0
RCHGF001527	771	538.145	3	70.2783
RCHGF001528	288	91.4858	1	137.799
RCHGF001529	369	153.506	0	0
RCHGF001530	180	32.4159	4	1555.61
RCHGF001531	387	169.13	2	149.076
RCHGF001532	1866	1632.97	0	0
RCHGF001533	135	16.6083	0	0
RCHGF001534	567	337.25	0	0
RCHGF001535	183	33.6823	0	0
RCHGF001536	1098	864.972	1	14.5746
RCHGF001537	984	750.972	2	33.5742
RCHGF001538	621	389.187	1	32.3922
RCHGF001539	870	637.037	0	0
RCHGF001540	1578	1344.97	9	84.3585
RCHGF001541	1671	1437.97	3	26.3009
RCHGF001542	201	41.8356	0	0
RCHGF001543	153	22.6145	0	0
RCHGF001544	972	738.972	4	68.2388
RCHGF001545	1488	1254.97	23	231.043
RCHGF001546	468	242.096	0	0
RCHGF001547	372	156.067	0	0
RCHGF001548	954	720.972	2	34.9712
RCHGF001549	456	230.732	0	0
RCHGF001550	1581	1347.97	0	0
RCHGF001551	870	637.037	7	138.526
RCHGF001552	846	613.037	0	0
RCHGF001553	756	523.249	0	0
RCHGF001554	798	565.037	0	0
RCHGF001555	420	197.669	0	0
RCHGF001556	1224	990.972	0	0
RCHGF001557	798	565.037	0	0
RCHGF001558	777	544.145	0	0
RCHGF001559	477	250.631	0	0
RCHGF001560	2727	2493.97	2	10.1097
RCHGF001561	735	502.646	0	0
RCHGF001562	1203	969.972	3	38.9907
RCHGF001563	1341	1107.97	14	159.294
RCHGF001564	282	87.3363	1	144.346
RCHGF001565	435	211.315	0	0
RCHGF001566	645	412.991	1	30.5252
RCHGF001567	1056	822.972	0	0
RCHGF001568	1515	1281.97	10	98.3379
RCHGF001569	1368	1134.97	0	0
RCHGF001570	660	427.825	0	0
RCHGF001571	837	604.037	0	0
RCHGF001572	771	538.145	0	0
RCHGF001573	471	244.926	1	51.4712
RCHGF001574	414	192.303	0	0
RCHGF001575	843	610.037	1	20.6654
RCHGF001576	648	415.991	0	0
RCHGF001577	1029	795.972	0	0
RCHGF001578	729	496.695	1	25.3811
RCHGF001579	699	466.695	2	54.0252
RCHGF001580	540	311.22	0	0
RCHGF001581	1719	1485.97	1	8.48377
RCHGF001582	867	634.037	3	59.6494
RCHGF001583	1677	1443.97	8	69.8442
RCHGF001584	885	652.037	0	0
RCHGF001585	885	652.037	1	19.3342
RCHGF001586	1041	807.972	0	0
RCHGF001587	1158	924.972	0	0
RCHGF001588	834	601.037	0	0
RCHGF001589	753	520.299	0	0
RCHGF001590	480	253.455	0	0
RCHGF001591	399	178.881	0	0
RCHGF001592	2433	2199.97	7	40.1125
RCHGF001593	1317	1083.97	10	116.3
RCHGF001594	1668	1434.97	3	26.3559
RCHGF001595	1230	996.972	0	0
RCHGF001597	708	475.695	2	53.0031
RCHGF001598	711	478.695	2	52.6709
RCHGF001599	741	508.449	0	0
RCHGF001600	693	460.695	0	0
RCHGF001601	414	192.303	0	0
RCHGF001602	207	44.573	0	0
RCHGF001603	414	192.303	59	3867.8
RCHGF001604	183	33.6823	1	374.28
RCHGF001605	1104	870.972	125	1809.28
RCHGF001606	135	16.6083	0	0
RCHGF001607	111	11.4951	0	0
RCHGF001608	117	12.5899	0	0
RCHGF001609	336	127.226	2	198.177
RCHGF001610	612	380.786	2	66.2138
RCHGF001611	333	124.713	1	101.085
RCHGF001612	621	389.187	2	64.7845
RCHGF001613	1227	993.972	5	63.4155
RCHGF001614	1167	933.972	0	0
RCHGF001615	387	169.13	0	0
RCHGF001616	819	586.037	0	0
RCHGF001617	990	756.972	4	66.6162
RCHGF001618	363	148.832	5	423.518
RCHGF001619	1122	888.972	0	0
RCHGF001620	774	541.145	4	93.1849
RCHGF001621	1104	870.972	1	14.4742
RCHGF001622	1272	1038.97	0	0
RCHGF001623	297	98.1638	0	0
RCHGF001624	483	256.278	0	0
RCHGF001625	2868	2634.97	3	14.3531
RCHGF001626	555	325.347	34	1317.44
RCHGF001627	1260	1026.97	77	945.217
RCHGF001628	696	463.695	1	27.1874
RCHGF001629	1599	1365.97	3	27.6872
RCHGF001630	546	316.818	1	39.7915
RCHGF001631	555	325.347	0	0
RCHGF001632	1290	1056.97	1	11.9271
RCHGF001633	450	225.258	0	0
RCHGF001634	1347	1113.97	0	0
RCHGF001635	462	236.38	1	53.332
RCHGF001636	876	643.037	0	0
RCHGF001637	2073	1839.97	1	6.85154
RCHGF001638	648	415.991	0	0
RCHGF001639	480	253.455	0	0
RCHGF001640	888	655.037	0	0
RCHGF001641	612	380.786	0	0
RCHGF001642	759	526.249	0	0
RCHGF001643	1287	1053.97	0	0
RCHGF001644	273	81.3172	0	0
RCHGF001645	441	217.08	0	0
RCHGF001646	294	95.9726	3	394.07
RCHGF001647	552	322.411	10	391.012
RCHGF001648	1311	1077.97	17	198.811
RCHGF001649	1482	1248.97	5	50.4681
RCHGF001650	663	430.825	0	0
RCHGF001651	750	517.299	0	0
RCHGF001652	468	242.096	0	0
RCHGF001653	744	511.349	0	0
RCHGF001654	762	529.249	1	23.8199
RCHGF001655	2739	2505.97	0	0
RCHGF001656	468	242.096	1	52.073
RCHGF001657	747	514.299	2	49.0245
RCHGF001658	819	586.037	0	0
RCHGF001659	1131	897.972	0	0
RCHGF001660	387	169.13	0	0
RCHGF001661	564	334.283	5	188.563
RCHGF001662	714	481.695	11	287.886
RCHGF001663	870	637.037	6	118.737
RCHGF001664	1230	996.972	20	252.899
RCHGF001665	174	30.1392	22	9202.18
RCHGF001666	1251	1017.97	3	37.1522
RCHGF001667	1398	1164.97	2	21.6428
RCHGF001668	180	32.4159	0	0
RCHGF001669	363	148.832	0	0
RCHGF001670	426	203.062	0	0
RCHGF001671	2028	1794.97	4	28.0932
RCHGF001672	1422	1188.97	1	10.603
RCHGF001673	345	134.37	0	0
RCHGF001674	1239	1005.97	2	25.0636
RCHGF001675	318	113.378	0	0
RCHGF001676	1884	1650.97	3	22.9077
RCHGF001677	756	523.249	0	0
RCHGF001678	126	14.5266	0	0
RCHGF001679	165	26.8171	0	0
RCHGF001680	888	655.037	0	0
RCHGF001681	864	631.037	1	19.9777
RCHGF001682	729	496.695	6	152.286
RCHGF001683	537	308.22	295	12065.9
RCHGF001684	405	184.067	58	3972.39
RCHGF001685	486	259.099	3	145.967
RCHGF001686	804	571.037	2	44.1535
RCHGF001687	849	616.037	1	20.4641
RCHGF001689	561	331.283	1	38.054
RCHGF001690	1263	1029.97	2	24.4796
RCHGF001691	426	203.062	0	0
RCHGF001692	1083	849.972	3	44.4955
RCHGF001693	750	517.299	0	0
RCHGF001694	714	481.695	1	26.1714
RCHGF001695	735	502.646	0	0
RCHGF001696	843	610.037	1	20.6654
RCHGF001697	168	27.7616	0	0
RCHGF001698	780	547.145	1	23.0408
RCHGF001699	1197	963.972	0	0
RCHGF001700	1104	870.972	15	217.113
RCHGF001701	468	242.096	78	4061.69
RCHGF001702	774	541.145	41	955.145
RCHGF001703	864	631.037	1	19.9777
RCHGF001704	852	619.037	0	0
RCHGF001705	1086	852.972	1	14.7797
RCHGF001706	309	106.859	0	0
RCHGF001707	453	228.19	0	0
RCHGF001708	1962	1728.97	0	0
RCHGF001709	888	655.037	0	0
RCHGF001710	1470	1236.97	1	10.1915
RCHGF001711	228	55.3346	0	0
RCHGF001712	1173	939.972	0	0
RCHGF001713	447	222.459	0	0
RCHGF001714	1581	1347.97	47	439.558
RCHGF001715	990	756.972	0	0
RCHGF001716	906	672.972	2	37.4656
RCHGF001717	615	383.263	3	98.6788
RCHGF001718	564	334.283	3	113.138
RCHGF001719	684	451.739	20	558.138
RCHGF001720	1044	810.972	39	606.259
RCHGF001721	420	197.669	0	0
RCHGF001722	435	211.315	0	0
RCHGF001723	324	117.762	0	0
RCHGF001724	924	690.972	0	0
RCHGF001725	1545	1311.97	3	28.8268
RCHGF001726	726	493.695	2	51.0706
RCHGF001727	288	91.4858	0	0
RCHGF001728	468	242.096	0	0
RCHGF001729	789	556.092	8	181.361
RCHGF001730	585	355.048	1	35.5069
RCHGF001731	609	378.158	0	0
RCHGF001732	729	496.695	0	0
RCHGF001733	783	550.145	1	22.9151
RCHGF001734	471	244.926	0	0
RCHGF001735	444	220.014	0	0
RCHGF001736	1656	1422.97	0	0
RCHGF001737	1002	768.972	0	0
RCHGF001738	849	616.037	1	20.4641
RCHGF001739	744	511.349	6	147.922
RCHGF001741	891	658.037	3	57.4739
RCHGF001743	450	225.258	1	55.9654
RCHGF001745	843	610.037	0	0
RCHGF001746	1512	1278.97	3	29.5706
RCHGF001747	606	375.158	5	168.018
RCHGF001748	723	490.695	5	128.457
RCHGF001749	477	250.631	3	150.899
RCHGF001750	612	380.786	5	165.534
RCHGF001752	390	171.654	14	1028.19
RCHGF001754	1671	1437.97	1	8.76696
RCHGF001755	1482	1248.97	2	20.1872
RCHGF001756	1260	1026.97	3	36.8266
RCHGF001757	702	469.695	6	161.04
RCHGF001758	717	484.695	4	104.038
RCHGF001759	678	445.739	7	197.978
RCHGF001761	1254	1020.97	14	172.868
RCHGF001762	336	127.226	0	0
RCHGF001763	291	93.6448	1	134.622
RCHGF001764	261	73.6432	1	171.185
RCHGF001765	135	16.6083	0	0
RCHGF001766	348	136.884	0	0
RCHGF001767	300	99.9898	0	0
RCHGF001768	462	236.38	2	106.664
RCHGF001769	1035	801.972	1	15.7196
RCHGF001770	333	124.713	0	0
RCHGF001771	1314	1080.97	0	0
RCHGF001772	1563	1329.97	1	9.47888
RCHGF001773	510	281.883	0	0
RCHGF001774	135	16.6083	0	0
RCHGF001775	1833	1599.97	3	23.6379
RCHGF001776	1812	1578.97	3	23.9522
RCHGF001777	255	69.8913	0	0
RCHGF001778	492	265.022	1	47.5683
RCHGF001779	378	161.075	1	78.2656
RCHGF001780	417	195.087	0	0
RCHGF001781	1170	936.972	1	13.4547
RCHGF001782	135	16.6083	0	0
RCHGF001783	156	23.9251	0	0
RCHGF001784	420	197.669	9	573.989
RCHGF001785	1479	1245.97	11	111.297
RCHGF001786	2583	2349.97	5	26.823
RCHGF001787	681	448.739	0	0
RCHGF001788	1002	768.972	0	0
RCHGF001789	687	454.695	0	0
RCHGF001790	693	460.695	0	0
RCHGF001791	438	214.145	0	0
RCHGF001792	849	616.037	1	20.4641
RCHGF001793	738	505.449	0	0
RCHGF001794	717	484.695	0	0
RCHGF001795	408	186.727	2	135.028
RCHGF001796	636	404.071	2	62.3981
RCHGF001797	855	622.037	1	20.2667
RCHGF001798	372	156.067	0	0
RCHGF001799	720	487.695	2	51.6989
RCHGF001800	402	181.384	2	139.005
RCHGF001801	141	18.6265	0	0
RCHGF001803	885	652.037	0	0
RCHGF001804	561	331.283	0	0
RCHGF001805	549	319.411	0	0
RCHGF001806	1431	1197.97	5	52.6166
RCHGF001807	822	589.037	1	21.4021
RCHGF001808	1386	1152.97	1	10.934
RCHGF001809	1065	831.972	1	15.1527
RCHGF001810	1164	930.972	4	54.1655
RCHGF001811	1044	810.972	0	0
RCHGF001812	1605	1371.97	3	27.5661
RCHGF001813	600	369.414	0	0
RCHGF001814	294	95.9726	0	0
RCHGF001815	186	34.7746	2	725.049
RCHGF001816	1308	1074.97	0	0
RCHGF001817	465	239.215	0	0
RCHGF001819	801	568.037	1	22.1933
RCHGF001820	780	547.145	9	207.367
RCHGF001821	744	511.349	2	49.3073
RCHGF001822	162	25.5136	0	0
RCHGF001823	183	33.6823	0	0
RCHGF001824	852	619.037	1	20.3649
RCHGF001825	504	276.38	0	0
RCHGF001826	1050	816.972	5	77.1547
RCHGF001827	1071	837.972	2	30.0885
RCHGF001828	1977	1743.97	6	43.3722
RCHGF001829	951	717.972	1	17.5587
RCHGF001830	1875	1641.97	0	0
RCHGF001831	1044	810.972	0	0
RCHGF001832	321	115.328	0	0
RCHGF001833	330	122.275	0	0
RCHGF001834	1332	1098.97	0	0
RCHGF001835	1077	843.972	0	0
RCHGF001836	1182	948.972	0	0
RCHGF001837	453	228.19	1	55.2463
RCHGF001838	420	197.669	5	318.883
RCHGF001839	561	331.283	2	76.108
RCHGF001840	462	236.38	2	106.664
RCHGF001841	438	214.145	0	0
RCHGF001842	1245	1011.97	1	12.4575
RCHGF001843	1299	1065.97	2	23.6529
RCHGF001844	486	259.099	16	778.49
RCHGF001845	501	273.57	1	46.082
RCHGF001846	711	478.695	1	26.3355
RCHGF001847	1206	972.972	7	90.6979
RCHGF001848	888	655.037	0	0
RCHGF001849	123	13.9583	0	0
RCHGF001850	354	141.487	0	0
RCHGF001851	348	136.884	4	368.389
RCHGF001852	1146	912.972	13	179.509
RCHGF001853	558	328.283	5	192.009
RCHGF001854	192	37.4118	5	1684.85
RCHGF001855	360	146.382	1	86.1216
RCHGF001856	435	211.315	7	417.606
RCHGF001857	1305	1071.97	2	23.5205
RCHGF001858	186	34.7746	8	2900.19
RCHGF001859	1320	1086.97	12	139.175
RCHGF001860	114	11.8429	0	0
RCHGF001861	1317	1083.97	3	34.8901
RCHGF001862	879	646.037	28	546.387
RCHGF001863	378	161.075	6	469.594
RCHGF001864	129	14.7768	0	0
RCHGF001865	765	532.145	5	118.451
RCHGF001866	2343	2109.97	6	35.8487
RCHGF001867	918	684.972	1	18.4046
RCHGF001868	675	442.739	7	199.319
RCHGF001869	855	622.037	5	101.334
RCHGF001870	891	658.037	0	0
RCHGF001871	1191	957.972	4	52.6389
RCHGF001872	147	20.9397	1	602.046
RCHGF001873	291	93.6448	0	0
RCHGF001874	1161	927.972	2	27.1703
RCHGF001875	807	574.037	1	21.9614
RCHGF001876	777	544.145	0	0
RCHGF001877	759	526.249	5	119.778
RCHGF001878	1014	780.972	31	500.41
RCHGF001879	618	386.263	35	1142.31
RCHGF001880	1812	1578.97	229	1828.35
RCHGF001881	1191	957.972	15	197.396
RCHGF001882	1113	879.972	40	573.047
RCHGF001884	1290	1056.97	3	35.7814
RCHGF001885	1395	1161.97	1	10.8493
RCHGF001886	675	442.739	11	313.216
RCHGF001887	444	220.014	0	0
RCHGF001888	1374	1140.97	4	44.1961
RCHGF001889	513	284.855	11	486.82
RCHGF001890	1356	1122.97	7	78.583
RCHGF001891	837	604.037	4	83.4826
RCHGF001892	567	337.25	4	149.523
RCHGF001893	381	163.888	0	0
RCHGF001894	603	372.378	3	101.563
RCHGF001895	606	375.158	2	67.2072
RCHGF001896	126	14.5266	0	0
RCHGF001897	1419	1185.97	1	10.6298
RCHGF001898	1932	1698.97	1	7.42016
RCHGF001899	855	622.037	0	0
RCHGF001900	579	349.048	1	36.1173
RCHGF001901	1662	1428.97	2	17.6443
RCHGF001902	993	759.972	2	33.1766
RCHGF001903	489	262.022	0	0
RCHGF001904	1668	1434.97	6	52.7117
RCHGF001905	1200	966.972	0	0
RCHGF001906	1317	1083.97	10	116.3
RCHGF001907	1398	1164.97	1	10.8214
RCHGF001908	1449	1215.97	3	31.1026
RCHGF001909	126	14.5266	0	0
RCHGF001910	972	738.972	2	34.1194
RCHGF001911	669	436.825	0	0
RCHGF001912	1491	1257.97	2	20.0428
RCHGF001913	861	628.037	2	40.1462
RCHGF001914	1719	1485.97	2	16.9675
RCHGF001915	183	33.6823	0	0
RCHGF001916	504	276.38	8	364.908
RCHGF001917	1101	867.972	3	43.5727
RCHGF001918	327	119.949	0	0
RCHGF001919	171	28.7073	0	0
RCHGF001920	255	69.8913	0	0
RCHGF001921	411	189.478	0	0
RCHGF001922	465	239.215	1	52.7001
RCHGF001923	1272	1038.97	2	24.2675
RCHGF001924	561	331.283	0	0
RCHGF001925	243	63.343	23	4577.5
RCHGF001926	495	267.89	4	188.236
RCHGF001927	591	360.485	4	139.885
RCHGF001928	507	279.16	4	180.637
RCHGF001929	585	355.048	1	35.5069
RCHGF001930	1671	1437.97	2	17.5339
RCHGF001931	828	595.037	2	42.3726
RCHGF001932	1335	1101.97	5	57.2004
RCHGF001933	249	66.597	0	0
RCHGF001934	1005	771.972	1	16.3304
RCHGF001935	1164	930.972	1	13.5414
RCHGF001936	891	658.037	2	38.3159
RCHGF001937	1020	786.972	11	176.211
RCHGF001938	876	643.037	0	0
RCHGF001939	462	236.38	30	1599.96
RCHGF001940	144	19.8275	0	0
RCHGF001941	531	302.28	1	41.7052
RCHGF001942	2064	1830.97	3	20.6557
RCHGF001943	1617	1383.97	463	4217.48
RCHGF001944	264	75.3663	46	7694.49
RCHGF001945	123	13.9583	0	0
RCHGF001946	933	699.972	7	126.071
RCHGF001947	1737	1503.97	8	67.0578
RCHGF001948	522	293.486	0	0
RCHGF001950	624	392.149	0	0
RCHGF001951	1902	1668.97	8	60.4283
RCHGF001952	549	319.411	30	1184.05
RCHGF001953	1230	996.972	7	88.5145
RCHGF001954	903	669.972	0	0
RCHGF001955	318	113.378	0	0
RCHGF001956	396	176.226	0	0
RCHGF001957	126	14.5266	0	0
RCHGF001958	111	11.4951	0	0
RCHGF001959	690	457.695	0	0
RCHGF001960	780	547.145	1	23.0408
RCHGF001961	1023	789.972	0	0
RCHGF001962	159	24.7708	0	0
RCHGF001963	375	158.507	0	0
RCHGF001964	1581	1347.97	1	9.3523
RCHGF001965	1077	843.972	6	89.6236
RCHGF001966	1419	1185.97	3	31.8894
RCHGF001967	960	726.972	2	34.6826
RCHGF001968	912	678.972	1	18.5672
RCHGF001969	1194	960.972	1	13.1186
RCHGF001970	591	360.485	0	0
RCHGF001971	828	595.037	0	0
RCHGF001972	2583	2349.97	2	10.7292
RCHGF001973	954	720.972	4	69.9425
RCHGF001974	774	541.145	0	0
RCHGF001975	573	343.15	0	0
RCHGF001976	1107	873.972	3	43.2736
RCHGF001977	774	541.145	1	23.2962
RCHGF001978	564	334.283	2	75.425
RCHGF001979	552	322.411	1	39.1012
RCHGF001980	834	601.037	1	20.9748
RCHGF001981	687	454.695	5	138.628
RCHGF001982	408	186.727	0	0
RCHGF001983	591	360.485	8	279.77
RCHGF001984	744	511.349	0	0
RCHGF001986	765	532.145	9	213.212
RCHGF001987	246	64.8958	4	777.039
RCHGF001988	369	153.506	2	164.249
RCHGF001989	705	472.695	0	0
RCHGF001990	1284	1050.97	0	0
RCHGF001991	378	161.075	0	0
RCHGF001992	1089	855.972	0	0
RCHGF001993	312	109.018	0	0
RCHGF001994	441	217.08	0	0
RCHGF001995	1941	1707.97	0	0
RCHGF001996	1245	1011.97	0	0
RCHGF001997	885	652.037	1	19.3342
RCHGF001998	1227	993.972	2	25.3662
RCHGF001999	372	156.067	0	0
RCHGF002000	726	493.695	0	0
RCHGF002001	327	119.949	5	525.498
RCHGF002002	438	214.145	1	58.8698
RCHGF002003	507	279.16	2	90.3184
RCHGF002004	177	31.3249	0	0
RCHGF002005	642	410.031	0	0
RCHGF002006	603	372.378	0	0
RCHGF002007	360	146.382	0	0
RCHGF002008	837	604.037	2	41.7413
RCHGF002009	705	472.695	1	26.6697
RCHGF002010	657	424.991	0	0
RCHGF002011	414	192.303	1	65.556
RCHGF002012	1215	981.972	2	25.6762
RCHGF002013	1185	951.972	0	0
RCHGF002014	642	410.031	0	0
RCHGF002015	1422	1188.97	8	84.8238
RCHGF002016	1314	1080.97	6	69.9739
RCHGF002017	654	421.991	1	29.8742
RCHGF002018	984	750.972	4	67.1484
RCHGF002019	804	571.037	0	0
RCHGF002020	414	192.303	0	0
RCHGF002021	360	146.382	12	1033.46
RCHGF002022	318	113.378	1	111.191
RCHGF002023	1653	1419.97	32	284.099
RCHGF002024	1737	1503.97	31	259.849
RCHGF002025	1626	1392.97	3	27.1505
RCHGF002026	246	64.8958	0	0
RCHGF002027	762	529.249	2	47.6398
RCHGF002028	912	678.972	0	0
RCHGF002029	399	178.881	0	0
RCHGF002030	1227	993.972	1	12.6831
RCHGF002031	804	571.037	0	0
RCHGF002032	771	538.145	0	0
RCHGF002033	471	244.926	1	51.4712
RCHGF002034	2688	2454.97	3	15.4054
RCHGF002035	120	13.2402	0	0
RCHGF002036	594	363.45	1	34.686
RCHGF002037	957	723.972	2	34.8263
RCHGF002038	765	532.145	2	47.3805
RCHGF002039	987	753.972	1	16.7203
RCHGF002040	462	236.38	0	0
RCHGF002041	942	708.972	0	0
RCHGF002042	1125	891.972	3	42.4003
RCHGF002043	141	18.6265	0	0
RCHGF002044	1095	861.972	1	14.6253
RCHGF002045	159	24.7708	0	0
RCHGF002046	1464	1230.97	1	10.2412
RCHGF002047	780	547.145	3	69.1223
RCHGF002048	123	13.9583	3	2709.49
RCHGF002050	1548	1314.97	3	28.761
RCHGF002051	810	577.037	0	0
RCHGF002052	783	550.145	1	22.9151
RCHGF002053	321	115.328	0	0
RCHGF002054	1092	858.972	0	0
RCHGF002055	225	53.7094	0	0
RCHGF002056	228	55.3346	0	0
RCHGF002057	357	143.877	0	0
RCHGF002059	444	220.014	0	0
RCHGF002060	198	40.3119	0	0
RCHGF002061	1899	1665.97	2	15.1343
RCHGF002062	117	12.5899	0	0
RCHGF002063	1188	954.972	4	52.8042
RCHGF002064	204	43.1859	0	0
RCHGF002065	231	56.7394	0	0
RCHGF002066	417	195.087	0	0
RCHGF002067	357	143.877	0	0
RCHGF002068	222	52.2796	0	0
RCHGF002069	1683	1449.97	0	0
RCHGF002070	621	389.187	19	615.453
RCHGF002071	906	672.972	1	18.7328
RCHGF002072	1005	771.972	0	0
RCHGF002073	2187	1953.97	0	0
RCHGF002074	2448	2214.97	0	0
RCHGF002075	402	181.384	0	0
RCHGF002076	501	273.57	0	0
RCHGF002077	486	259.099	0	0
RCHGF002078	267	77.1662	0	0
RCHGF002079	219	50.7722	0	0
RCHGF002080	141	18.6265	0	0
RCHGF002081	1194	960.972	0	0
RCHGF002082	1392	1158.97	1	10.8774
RCHGF002083	381	163.888	0	0
RCHGF002084	327	119.949	0	0
RCHGF002085	3057	2823.97	0	0
RCHGF002086	378	161.075	5	391.328
RCHGF002087	384	166.339	39	2955.77
RCHGF002088	138	17.5745	27	19367.8
RCHGF002089	918	684.972	0	0
RCHGF002090	486	259.099	0	0
RCHGF002091	123	13.9583	0	0
RCHGF002092	429	205.505	0	0
RCHGF002093	624	392.149	0	0
RCHGF002094	639	407.071	0	0
RCHGF002095	1362	1128.97	0	0
RCHGF002097	411	189.478	0	0
RCHGF002099	1776	1542.97	42	343.155
RCHGF002101	1461	1227.97	4	41.0649
RCHGF002102	1401	1167.97	5	53.9681
RCHGF002103	2220	1986.97	6	38.0679
RCHGF002104	1272	1038.97	5	60.6688
RCHGF002105	2247	2013.97	0	0
RCHGF002106	696	463.695	0	0
RCHGF002107	615	383.263	22	723.644
RCHGF002108	837	604.037	0	0
RCHGF002109	378	161.075	1	78.2656
RCHGF002110	594	363.45	1	34.686
RCHGF002111	525	296.457	4	170.098
RCHGF002112	1308	1074.97	7	82.0919
RCHGF002113	153	22.6145	1	557.458
RCHGF002114	117	12.5899	0	0
RCHGF002115	924	690.972	7	127.714
RCHGF002116	135	16.6083	2	1518.11
RCHGF002117	1317	1083.97	4	46.5202
RCHGF002118	1920	1686.97	11	82.2023
RCHGF002119	1332	1098.97	1	11.4713
RCHGF002120	996	762.972	3	49.5692
RCHGF002121	189	36.0706	0	0
RCHGF002122	369	153.506	1	82.1247
RCHGF002123	222	52.2796	0	0
RCHGF002124	138	17.5745	2	1434.65
RCHGF002125	618	386.263	6	195.825
RCHGF002126	1245	1011.97	4	49.83
RCHGF002127	792	559.092	0	0
RCHGF002128	1941	1707.97	25	184.526
RCHGF002129	459	233.662	0	0
RCHGF002130	324	117.762	0	0
RCHGF002131	402	181.384	0	0
RCHGF002132	585	355.048	0	0
RCHGF002133	912	678.972	0	0
RCHGF002134	2379	2145.97	8	46.9965
RCHGF002135	804	571.037	1	22.0768
RCHGF002136	912	678.972	1	18.5672
RCHGF002137	615	383.263	0	0
RCHGF002138	1359	1125.97	2	22.3925
RCHGF002139	126	14.5266	0	0
RCHGF002140	237	59.9487	0	0
RCHGF002141	138	17.5745	0	0
RCHGF002142	642	410.031	3	92.2366
RCHGF002143	699	466.695	2	54.0252
RCHGF002144	714	481.695	20	523.429
RCHGF002145	1188	954.972	50	660.053
RCHGF002146	252	68.2131	0	0
RCHGF002147	2337	2103.97	7	41.9428
RCHGF002148	951	717.972	3	52.676
RCHGF002149	1254	1020.97	1	12.3477
RCHGF002150	309	106.859	1	117.974
RCHGF002151	1044	810.972	18	279.812
RCHGF002152	1920	1686.97	29	216.715
RCHGF002153	441	217.08	9	522.664
RCHGF002154	306	104.515	14	1688.68
RCHGF002155	594	363.45	3	104.058
RCHGF002156	1749	1515.97	29	241.161
RCHGF002157	1440	1206.97	40	417.794
RCHGF002158	660	427.825	27	795.605
RCHGF002159	1350	1116.97	13	146.724
RCHGF002160	189	36.0706	2	698.997
RCHGF002162	1602	1368.97	28	257.847
RCHGF002164	1833	1599.97	21	165.465
RCHGF002165	1311	1077.97	0	0
RCHGF002166	585	355.048	2	71.0138
RCHGF002167	540	311.22	0	0
RCHGF002168	753	520.299	4	96.9184
RCHGF002169	1230	996.972	0	0
RCHGF002170	1089	855.972	3	44.1836
RCHGF002171	414	192.303	20	1311.12
RCHGF002172	288	91.4858	0	0
RCHGF002173	150	22.0117	0	0
RCHGF002174	531	302.28	0	0
RCHGF002175	1575	1341.97	2	18.7882
RCHGF002176	846	613.037	0	0
RCHGF002177	1893	1659.97	3	22.7835
RCHGF002178	1629	1395.97	4	36.1229
RCHGF002180	1701	1467.97	3	25.7634
RCHGF002181	126	14.5266	0	0
RCHGF002183	429	205.505	5	306.724
RCHGF002185	984	750.972	14	235.019
RCHGF002186	711	478.695	0	0
RCHGF002187	204	43.1859	0	0
RCHGF002188	222	52.2796	0	0
RCHGF002189	438	214.145	1	58.8698
RCHGF002190	126	14.5266	0	0
RCHGF002191	870	637.037	1	19.7895
RCHGF002192	1311	1077.97	1	11.6948
RCHGF002193	960	726.972	0	0
RCHGF002194	1404	1170.97	3	32.2979
RCHGF002195	1917	1683.97	3	22.4588
RCHGF002196	114	11.8429	0	0
RCHGF002197	888	655.037	52	1000.78
RCHGF002198	183	33.6823	5	1871.4
RCHGF002199	1902	1668.97	0	0
RCHGF002200	747	514.299	1	24.5123
RCHGF002201	1005	771.972	0	0
RCHGF002202	666	433.825	0	0
RCHGF002203	2166	1932.97	11	71.7408
RCHGF002204	2166	1932.97	16	104.35
RCHGF002205	309	106.859	0	0
RCHGF002206	933	699.972	2	36.0204
RCHGF002207	429	205.505	2	122.69
RCHGF002208	1032	798.972	9	142.007
RCHGF002209	1572	1338.97	8	75.3213
RCHGF002210	4344	4110.97	11	33.7324
RCHGF002211	129	14.7768	0	0
RCHGF002212	390	171.654	0	0
RCHGF002213	489	262.022	1	48.113
RCHGF002214	615	383.263	0	0
RCHGF002215	648	415.991	2	60.6101
RCHGF002216	486	259.099	0	0
RCHGF002217	954	720.972	1	17.4856
RCHGF002218	1185	951.972	1	13.2427
RCHGF002219	696	463.695	0	0
RCHGF002220	366	151.278	0	0
RCHGF002221	198	40.3119	0	0
RCHGF002222	780	547.145	0	0
RCHGF002224	1179	945.972	0	0
RCHGF002225	705	472.695	0	0
RCHGF002226	2169	1935.97	3	19.5354
RCHGF002227	174	30.1392	0	0
RCHGF002228	1095	861.972	1	14.6253
RCHGF002230	618	386.263	5	163.187
RCHGF002231	368	152.812	2	164.995
RCHGF002233	852	619.037	1	20.3649
RCHGF002234	321	115.328	43	4700.39
RCHGF002235	126	14.5266	0	0
RCHGF002236	1686	1452.97	2	17.3529
RCHGF002237	699	466.695	5	135.063
RCHGF002238	1107	873.972	4	57.6981
RCHGF002239	1191	957.972	14	184.236
RCHGF002240	1242	1008.97	2	24.9891
RCHGF002241	1860	1626.97	2	15.4971
RCHGF002242	390	171.654	0	0
RCHGF002243	1525	1291.97	5	48.7884
RCHGF002246	618	386.263	1	32.6375
RCHGF002247	189	36.0706	0	0
RCHGF002248	372	156.067	0	0
RCHGF002249	705	472.695	5	133.349
RCHGF002250	243	63.343	0	0
RCHGF002251	516	287.628	2	87.6593
RCHGF002252	549	319.411	1	39.4684
RCHGF002253	1518	1284.97	8	78.4866
RCHGF002254	837	604.037	8	166.965
RCHGF002255	1398	1164.97	9	97.3927
RCHGF002256	390	171.654	4	293.768
RCHGF002257	147	20.9397	0	0
RCHGF002258	2811	2577.97	3	14.6704
RCHGF002259	474	247.754	1	50.8836
RCHGF002260	288	91.4858	0	0
RCHGF002261	1344	1110.97	1	11.3474
RCHGF002262	174	30.1392	0	0
RCHGF002263	987	753.972	0	0
RCHGF002264	645	412.991	0	0
RCHGF002265	1038	804.972	0	0
RCHGF002266	1326	1092.97	2	23.0686
RCHGF002267	780	547.145	0	0
RCHGF002268	666	433.825	0	0
RCHGF002269	444	220.014	0	0
RCHGF002270	846	613.037	0	0
RCHGF002271	195	38.7363	0	0
RCHGF002272	213	47.7347	0	0
RCHGF002273	195	38.7363	0	0
RCHGF002274	408	186.727	4	270.055
RCHGF002275	1101	867.972	9	130.718
RCHGF002276	1353	1119.97	8	90.0497
RCHGF002277	984	750.972	4	67.1484
RCHGF002279	1083	849.972	19	281.805
RCHGF002280	120	13.2402	0	0
RCHGF002281	1815	1581.97	6	47.8136
RCHGF002282	135	16.6083	0	0
RCHGF002283	426	203.062	2	124.166
RCHGF002284	648	415.991	1	30.3051
RCHGF002285	1968	1734.97	2	14.5324
RCHGF002286	771	538.145	0	0
RCHGF002287	993	759.972	0	0
RCHGF002288	687	454.695	0	0
RCHGF002289	555	325.347	5	193.741
RCHGF002290	744	511.349	101	2490.02
RCHGF002291	1176	942.972	54	721.929
RCHGF002292	1578	1344.97	2	18.7463
RCHGF002293	267	77.1662	0	0
RCHGF002294	366	151.278	0	0
RCHGF002295	114	11.8429	0	0
RCHGF002296	228	55.3346	0	0
RCHGF002297	1512	1278.97	18	177.423
RCHGF002299	504	276.38	0	0
RCHGF002300	912	678.972	0	0
RCHGF002301	1800	1566.97	2	16.0904
RCHGF002302	711	478.695	0	0
RCHGF002303	816	583.037	5	108.112
RCHGF002304	750	517.299	2	48.7402
RCHGF002305	474	247.754	2	101.767
RCHGF002306	393	173.944	0	0
RCHGF002307	1161	927.972	5	67.9258
RCHGF002308	705	472.695	1	26.6697
RCHGF002309	735	502.646	1	25.0806
RCHGF002310	495	267.89	3	141.177
RCHGF002311	126	14.5266	0	0
RCHGF002312	813	580.037	1	21.7342
RCHGF002313	1236	1002.97	2	25.1386
RCHGF002314	657	424.991	0	0
RCHGF002315	138	17.5745	0	0
RCHGF002316	546	316.818	0	0
RCHGF002317	2274	2040.97	4	24.7071
RCHGF002318	459	233.662	0	0
RCHGF002319	771	538.145	0	0
RCHGF002320	816	583.037	0	0
RCHGF002321	966	732.972	0	0
RCHGF002322	1002	768.972	3	49.1824
RCHGF002323	501	273.57	0	0
RCHGF002324	1308	1074.97	0	0
RCHGF002325	1515	1281.97	1	9.83379
RCHGF002326	660	427.825	0	0
RCHGF002327	1062	828.972	3	45.6227
RCHGF002328	1404	1170.97	1	10.766
RCHGF002329	726	493.695	0	0
RCHGF002330	687	454.695	2	55.451
RCHGF002331	1227	993.972	2	25.3662
RCHGF002332	705	472.695	0	0
RCHGF002333	417	195.087	1	64.6207
RCHGF002334	921	687.972	0	0
RCHGF002335	960	726.972	0	0
RCHGF002336	1383	1149.97	0	0
RCHGF002337	855	622.037	0	0
RCHGF002338	510	281.883	0	0
RCHGF002339	891	658.037	1	19.158
RCHGF002340	648	415.991	0	0
RCHGF002341	399	178.881	0	0
RCHGF002342	411	189.478	0	0
RCHGF002343	819	586.037	0	0
RCHGF002344	762	529.249	0	0
RCHGF002345	474	247.754	0	0
RCHGF002346	1020	786.972	0	0
RCHGF002347	2088	1854.97	9	61.1652
RCHGF002348	162	25.5136	0	0
RCHGF002349	843	610.037	3	61.9961
RCHGF002350	1458	1224.97	0	0
RCHGF002351	633	401.071	0	0
RCHGF002352	1086	852.972	0	0
RCHGF002353	1026	792.972	0	0
RCHGF002354	1248	1014.97	0	0
RCHGF002355	1443	1209.97	0	0
RCHGF002356	654	421.991	0	0
RCHGF002357	1437	1203.97	0	0
RCHGF002358	336	127.226	0	0
RCHGF002359	1251	1017.97	0	0
RCHGF002360	312	109.018	1	115.638
RCHGF002361	1926	1692.97	0	0
RCHGF002362	828	595.037	0	0
RCHGF002363	147	20.9397	14	8428.64
RCHGF002364	174	30.1392	4	1673.12
RCHGF002365	144	19.8275	0	0
RCHGF002366	114	11.8429	0	0
RCHGF002367	564	334.283	0	0
RCHGF002368	762	529.249	0	0
RCHGF002369	870	637.037	5	98.9475
RCHGF002370	1911	1677.97	2	15.026
RCHGF002371	690	457.695	0	0
RCHGF002372	117	12.5899	0	0
RCHGF002373	1359	1125.97	0	0
RCHGF002374	327	119.949	0	0
RCHGF002375	522	293.486	0	0
RCHGF002376	1062	828.972	2	30.4151
RCHGF002377	1089	855.972	1	14.7279
RCHGF002378	1461	1227.97	0	0
RCHGF002379	1803	1569.97	1	8.02985
RCHGF002380	327	119.949	0	0
RCHGF002381	318	113.378	0	0
RCHGF002382	1092	858.972	0	0
RCHGF002383	954	720.972	1	17.4856
RCHGF002384	1107	873.972	1	14.4245
RCHGF002385	741	508.449	0	0
RCHGF002386	1095	861.972	5	73.1267
RCHGF002388	1371	1137.97	2	22.1563
RCHGF002389	1197	963.972	17	222.323
RCHGF002390	819	586.037	1	21.5117
RCHGF002391	879	646.037	25	487.845
RCHGF002392	717	484.695	15	390.142
RCHGF002393	690	457.695	5	137.719
RCHGF002394	369	153.506	8	656.998
RCHGF002395	1185	951.972	0	0
RCHGF002396	2010	1776.97	11	78.039
RCHGF002397	606	375.158	0	0
RCHGF002398	117	12.5899	2	2002.66
RCHGF002399	519	290.514	0	0
RCHGF002400	834	601.037	1	20.9748
RCHGF002401	606	375.158	0	0
RCHGF002402	1224	990.972	0	0
RCHGF002403	486	259.099	0	0
RCHGF002404	1155	921.972	0	0
RCHGF002405	486	259.099	1	48.6556
RCHGF002406	1167	933.972	10	134.979
RCHGF002407	900	666.972	8	151.21
RCHGF002408	1374	1140.97	0	0
RCHGF002409	1485	1251.97	1	10.0694
RCHGF002410	813	580.037	1	21.7342
RCHGF002411	1116	882.972	0	0
RCHGF002412	630	398.11	0	0
RCHGF002413	117	12.5899	0	0
RCHGF002414	621	389.187	0	0
RCHGF002415	1008	774.972	0	0
RCHGF002416	630	398.11	0	0
RCHGF002417	666	433.825	0	0
RCHGF002418	2076	1842.97	0	0
RCHGF002419	996	762.972	0	0
RCHGF002420	669	436.825	0	0
RCHGF002421	1377	1143.97	0	0
RCHGF002422	282	87.3363	0	0
RCHGF002423	282	87.3363	0	0
RCHGF002424	462	236.38	0	0
RCHGF002425	147	20.9397	0	0
RCHGF002426	591	360.485	0	0
RCHGF002427	201	41.8356	0	0
RCHGF002428	945	711.972	30	531.2
RCHGF002429	1482	1248.97	4	40.3745
RCHGF002430	891	658.037	0	0
RCHGF002431	372	156.067	0	0
RCHGF002432	1062	828.972	0	0
RCHGF002433	528	299.339	0	0
RCHGF002434	543	314.097	0	0
RCHGF002435	774	541.145	0	0
RCHGF002436	1323	1089.97	0	0
RCHGF002437	1572	1338.97	0	0
RCHGF002438	303	102.235	0	0
RCHGF002439	117	12.5899	0	0
RCHGF002440	309	106.859	0	0
RCHGF002441	534	305.22	0	0
RCHGF002442	519	290.514	0	0
RCHGF002443	168	27.7616	0	0
RCHGF002444	189	36.0706	0	0
RCHGF002445	1971	1737.97	7	50.7756
RCHGF002447	123	13.9583	0	0
RCHGF002448	1251	1017.97	3	37.1522
RCHGF002449	237	59.9487	2	420.581
RCHGF002450	1056	822.972	1	15.3184
RCHGF002451	1719	1485.97	1	8.48377
RCHGF002452	300	99.9898	0	0
RCHGF002453	588	358.012	8	281.703
RCHGF002454	858	625.037	22	443.728
RCHGF002455	318	113.378	0	0
RCHGF002456	324	117.762	3	321.156
RCHGF002457	195	38.7363	0	0
RCHGF002458	792	559.092	9	202.936
RCHGF002459	513	284.855	0	0
RCHGF002460	606	375.158	8	268.829
RCHGF002461	1482	1248.97	5	50.4681
RCHGF002462	309	106.859	0	0
RCHGF002463	693	460.695	0	0
RCHGF002464	927	693.972	0	0
RCHGF002465	393	173.944	0	0
RCHGF002466	798	565.037	0	0
RCHGF002467	984	750.972	1	16.7871
RCHGF002468	714	481.695	0	0
RCHGF002469	813	580.037	0	0
RCHGF002470	747	514.299	0	0
RCHGF002471	465	239.215	0	0
RCHGF002472	744	511.349	0	0
RCHGF002473	729	496.695	0	0
RCHGF002474	957	723.972	0	0
RCHGF002475	852	619.037	1	20.3649
RCHGF002476	180	32.4159	0	0
RCHGF002477	276	83.2917	0	0
RCHGF002478	1422	1188.97	0	0
RCHGF002479	456	230.732	0	0
RCHGF002480	2031	1797.97	2	14.0232
RCHGF002481	597	366.414	0	0
RCHGF002482	867	634.037	54	1073.69
RCHGF002483	126	14.5266	0	0
RCHGF002484	318	113.378	0	0
RCHGF002485	120	13.2402	0	0
RCHGF002487	1449	1215.97	7	72.5728
RCHGF002489	1064	830.972	0	0
RCHGF002491	798	565.037	0	0
RCHGF002492	1851	1617.97	0	0
RCHGF002493	354	141.487	0	0
RCHGF002494	537	308.22	0	0
RCHGF002495	546	316.818	0	0
RCHGF002496	402	181.384	1	69.5026
RCHGF002497	381	163.888	0	0
RCHGF002498	387	169.13	0	0
RCHGF002500	624	392.149	0	0
RCHGF002501	291	93.6448	0	0
RCHGF002502	114	11.8429	1	1064.49
RCHGF002503	2013	1779.97	0	0
RCHGF002504	234	58.327	1	216.137
RCHGF002505	759	526.249	0	0
RCHGF002506	534	305.22	0	0
RCHGF002507	1227	993.972	6	76.0986
RCHGF002508	177	31.3249	1	402.448
RCHGF002509	270	79.1054	1	159.365
RCHGF002510	384	166.339	0	0
RCHGF002511	918	684.972	1	18.4046
RCHGF002512	1638	1404.97	10	89.7288
RCHGF002513	717	484.695	2	52.0189
RCHGF002515	1695	1461.97	0	0
RCHGF002516	1263	1029.97	1	12.2398
RCHGF002517	492	265.022	0	0
RCHGF002518	1077	843.972	2	29.8745
RCHGF002519	1149	915.972	13	178.921
RCHGF002520	156	23.9251	0	0
RCHGF002522	411	189.478	0	0
RCHGF002523	1083	849.972	1	14.8318
RCHGF002524	465	239.215	0	0
RCHGF002526	1317	1083.97	0	0
RCHGF002527	1104	870.972	24	347.381
RCHGF002529	237	59.9487	0	0
RCHGF002530	417	195.087	0	0
RCHGF002531	339	129.76	0	0
RCHGF002532	219	50.7722	0	0
RCHGF002533	618	386.263	1	32.6375
RCHGF002534	1140	906.972	0	0
RCHGF002535	204	43.1859	0	0
RCHGF002536	1191	957.972	8	105.278
RCHGF002537	1170	936.972	5	67.2733
RCHGF002538	1374	1140.97	1	11.049
RCHGF002539	627	395.11	1	31.9066
RCHGF002540	1926	1692.97	4	29.7858
RCHGF002541	1926	1692.97	0	0
RCHGF002542	1179	945.972	0	0
RCHGF002543	909	675.972	4	74.5986
RCHGF002544	450	225.258	4	223.861
RCHGF002545	615	383.263	1	32.8929
RCHGF002546	597	366.414	0	0
RCHGF002547	1944	1710.97	1	7.36812
RCHGF002548	114	11.8429	0	0
RCHGF002549	1245	1011.97	2	24.915
RCHGF002550	2163	1929.97	23	150.237
RCHGF002551	2070	1836.97	8	54.9018
RCHGF002552	594	363.45	0	0
RCHGF002553	39	40	0	0
RCHGF002554	3486	3252.97	27	104.636
RCHGF002555	804	571.037	0	0
RCHGF002556	693	460.695	0	0
RCHGF002557	1287	1053.97	0	0
RCHGF002558	1413	1179.97	0	0
RCHGF002559	300	99.9898	0	0
RCHGF002560	480	253.455	0	0
RCHGF002561	111	11.4951	0	0
RCHGF002562	690	457.695	0	0
RCHGF002563	165	26.8171	0	0
RCHGF002564	234	58.327	4	864.549
RCHGF002565	825	592.037	6	127.762
RCHGF002566	1026	792.972	6	95.3878
RCHGF002567	774	541.145	1	23.2962
RCHGF002568	462	236.38	2	106.664
RCHGF002569	2055	1821.97	7	48.4346
RCHGF002570	876	643.037	2	39.2097
RCHGF002571	465	239.215	3	158.1
RCHGF002572	1911	1677.97	1	7.51302
RCHGF002573	321	115.328	2	218.623
RCHGF002574	1284	1050.97	2	23.9904
RCHGF002575	336	127.226	0	0
RCHGF002576	1449	1215.97	1	10.3675
RCHGF002577	1509	1275.97	4	39.5201
RCHGF002578	690	457.695	8	220.35
RCHGF002579	1302	1068.97	8	94.3459
RCHGF002580	675	442.739	1	28.4742
RCHGF002581	1305	1071.97	3	35.2807
RCHGF002582	975	741.972	3	50.9722
RCHGF002583	147	20.9397	27	16255.2
RCHGF002584	456	230.732	0	0
RCHGF002585	309	106.859	7	825.821
RCHGF002586	456	230.732	0	0
RCHGF002587	225	53.7094	0	0
RCHGF002588	669	436.825	1	28.8597
RCHGF002589	288	91.4858	2	275.598
RCHGF002590	1068	834.972	0	0
RCHGF002591	777	544.145	3	69.5034
RCHGF002592	168	27.7616	0	0
RCHGF002593	435	211.315	2	119.316
RCHGF002594	906	672.972	1	18.7328
RCHGF002595	2418	2184.97	2	11.5394
RCHGF002596	114	11.8429	0	0
RCHGF002597	1278	1044.97	0	0
RCHGF002598	1050	816.972	1	15.4309
RCHGF002599	312	109.018	0	0
RCHGF002600	477	250.631	0	0
RCHGF002601	1917	1683.97	1	7.48625
RCHGF002602	609	378.158	1	33.337
RCHGF002603	759	526.249	0	0
RCHGF002604	192	37.4118	0	0
RCHGF002605	660	427.825	1	29.4668
RCHGF002606	696	463.695	1	27.1874
RCHGF002607	1734	1500.97	8	67.1919
RCHGF002608	1623	1389.97	1	9.06971
RCHGF002609	2346	2112.97	1	5.96631
RCHGF002610	723	490.695	2	51.3828
RCHGF002611	1311	1077.97	0	0
RCHGF002612	759	526.249	1	23.9557
RCHGF002613	1422	1188.97	3	31.8089
RCHGF002614	666	433.825	1	29.0593
RCHGF002615	132	16.1378	0	0
RCHGF002616	933	699.972	0	0
RCHGF002617	480	253.455	0	0
RCHGF002618	138	17.5745	1	717.326
RCHGF002619	201	41.8356	0	0
RCHGF002620	111	11.4951	0	0
RCHGF002621	417	195.087	0	0
RCHGF002622	111	11.4951	0	0
RCHGF002623	894	661.037	3	57.213
RCHGF002624	2268	2034.97	2	12.39
RCHGF002625	747	514.299	0	0
RCHGF002626	351	139.257	0	0
RCHGF002627	177	31.3249	0	0
RCHGF002628	1182	948.972	0	0
RCHGF002629	597	366.414	0	0
RCHGF002630	264	75.3663	3	501.815
RCHGF002631	1611	1377.97	3	27.4461
RCHGF002632	1212	978.972	0	0
RCHGF002633	465	239.215	1	52.7001
RCHGF002634	1203	969.972	0	0
RCHGF002635	633	401.071	0	0
RCHGF002636	1098	864.972	1	14.5746
RCHGF002638	225	53.7094	1	234.719
RCHGF002639	561	331.283	0	0
RCHGF002640	618	386.263	0	0
RCHGF002641	288	91.4858	1	137.799
RCHGF002642	783	550.145	0	0
RCHGF002643	2352	2118.97	0	0
RCHGF002645	1398	1164.97	3	32.4642
RCHGF002646	1995	1761.97	7	50.0839
RCHGF002647	792	559.092	1	22.5484
RCHGF002648	147	20.9397	0	0
RCHGF002649	2316	2082.97	0	0
RCHGF002650	771	538.145	0	0
RCHGF002651	1314	1080.97	0	0
RCHGF002652	816	583.037	2	43.2447
RCHGF002653	483	256.278	0	0
RCHGF002654	141	18.6265	0	0
RCHGF002655	387	169.13	4	298.153
RCHGF002656	1023	789.972	1	15.9583
RCHGF002657	435	211.315	6	357.948
RCHGF002658	2577	2343.97	32	172.106
RCHGF002659	624	392.149	0	0
RCHGF002660	357	143.877	0	0
RCHGF002661	1152	918.972	3	41.1546
RCHGF002662	1344	1110.97	3	34.0422
RCHGF002663	531	302.28	14	583.873
RCHGF002664	906	672.972	0	0
RCHGF002665	942	708.972	3	53.3447
RCHGF002666	618	386.263	5	163.187
RCHGF002667	1035	801.972	0	0
RCHGF002668	849	616.037	0	0
RCHGF002669	159	24.7708	0	0
RCHGF002670	321	115.328	0	0
RCHGF002671	324	117.762	3	321.156
RCHGF002672	759	526.249	3	71.867
RCHGF002673	717	484.695	3	78.0283
RCHGF002674	621	389.187	1	32.3922
RCHGF002675	609	378.158	0	0
RCHGF002676	1032	798.972	0	0
RCHGF002677	1281	1047.97	1	12.0296
RCHGF002678	630	398.11	0	0
RCHGF002679	1122	888.972	0	0
RCHGF002681	336	127.226	0	0
RCHGF002682	354	141.487	0	0
RCHGF002683	726	493.695	0	0
RCHGF002684	249	66.597	0	0
RCHGF002685	1323	1089.97	6	69.3961
RCHGF002686	813	580.037	1	21.7342
RCHGF002687	114	11.8429	0	0
RCHGF002688	597	366.414	0	0
RCHGF002689	1902	1668.97	8	60.4283
RCHGF002690	1203	969.972	6	77.9815
RCHGF002691	123	13.9583	0	0
RCHGF002692	1125	891.972	1	14.1334
RCHGF002693	159	24.7708	0	0
RCHGF002694	2169	1935.97	14	91.165
RCHGF002695	864	631.037	6	119.866
RCHGF002696	153	22.6145	0	0
RCHGF002697	1152	918.972	1	13.7182
RCHGF002698	1569	1335.97	2	18.8726
RCHGF002699	708	475.695	1	26.5015
RCHGF002700	1524	1290.97	0	0
RCHGF002701	573	343.15	0	0
RCHGF002702	168	27.7616	1	454.104
RCHGF002703	426	203.062	2	124.166
RCHGF002704	174	30.1392	0	0
RCHGF002705	567	337.25	1	37.3807
RCHGF002706	129	14.7768	0	0
RCHGF002707	1830	1596.97	8	63.1527
RCHGF002708	2139	1905.97	1	6.61428
RCHGF002709	708	475.695	0	0
RCHGF002710	648	415.991	0	0
RCHGF002711	126	14.5266	0	0
RCHGF002712	162	25.5136	0	0
RCHGF002713	774	541.145	0	0
RCHGF002714	2310	2076.97	6	36.4183
RCHGF002715	456	230.732	0	0
RCHGF002716	765	532.145	2	47.3805
RCHGF002717	489	262.022	0	0
RCHGF002718	114	11.8429	0	0
RCHGF002719	495	267.89	0	0
RCHGF002720	885	652.037	9	174.008
RCHGF002721	144	19.8275	0	0
RCHGF002722	654	421.991	0	0
RCHGF002723	693	460.695	0	0
RCHGF002724	1326	1092.97	1	11.5343
RCHGF002725	384	166.339	9	682.1
RCHGF002726	1278	1044.97	1	12.0641
RCHGF002727	189	36.0706	0	0
RCHGF002728	1053	819.972	1	15.3745
RCHGF002729	150	22.0117	0	0
RCHGF002730	1239	1005.97	1	12.5318
RCHGF002731	171	28.7073	0	0
RCHGF002732	765	532.145	1	23.6902
RCHGF002733	141	18.6265	1	676.813
RCHGF002734	921	687.972	1	18.3244
RCHGF002735	819	586.037	1	21.5117
RCHGF002736	510	281.883	3	134.169
RCHGF002737	126	14.5266	1	867.831
RCHGF002738	306	104.515	0	0
RCHGF002739	312	109.018	0	0
RCHGF002740	1614	1380.97	3	27.3865
RCHGF002741	147	20.9397	0	0
RCHGF002742	3231	2997.97	9	37.8455
RCHGF002743	120	13.2402	0	0
RCHGF002744	1491	1257.97	0	0
RCHGF002745	513	284.855	4	177.025
RCHGF002746	1020	786.972	19	304.364
RCHGF002747	651	418.991	2	60.1761
RCHGF002748	1749	1515.97	17	141.37
RCHGF002749	1512	1278.97	0	0
RCHGF002750	1473	1239.97	6	61.0013
RCHGF002751	978	744.972	0	0
RCHGF002752	1566	1332.97	3	28.3726
RCHGF002753	1698	1464.97	23	197.924
RCHGF002754	192	37.4118	0	0
RCHGF002755	981	747.972	1	16.8544
RCHGF002756	996	762.972	0	0
RCHGF002757	912	678.972	1	18.5672
RCHGF002758	978	744.972	1	16.9223
RCHGF002759	1698	1464.97	44	378.637
RCHGF002760	1203	969.972	12	155.963
RCHGF002761	348	136.884	1	92.0972
RCHGF002762	1416	1182.97	0	0
RCHGF002763	1065	831.972	0	0
RCHGF002764	996	762.972	2	33.0461
RCHGF002765	1863	1629.97	3	23.2028
RCHGF002766	1290	1056.97	3	35.7814
RCHGF002767	834	601.037	1	20.9748
RCHGF002768	957	723.972	7	121.892
RCHGF002769	216	49.1325	40	10263.4
RCHGF002770	330	122.275	50	5155.03
RCHGF002771	321	115.328	2	218.623
RCHGF002772	621	389.187	0	0
RCHGF002773	1380	1146.97	4	43.9649
RCHGF002775	414	192.303	0	0
RCHGF002776	189	36.0706	0	0
RCHGF002777	726	493.695	2	51.0706
RCHGF002778	672	439.739	22	630.706
RCHGF002779	567	337.25	3	112.142
RCHGF002780	1104	870.972	0	0
RCHGF002781	153	22.6145	0	0
RCHGF002782	921	687.972	0	0
RCHGF002783	585	355.048	0	0
RCHGF002784	951	717.972	2	35.1174
RCHGF002785	1548	1314.97	31	297.197
RCHGF002786	129	14.7768	0	0
RCHGF002787	900	666.972	3	56.7039
RCHGF002788	777	544.145	1	23.1678
RCHGF002789	633	401.071	0	0
RCHGF002790	873	640.037	0	0
RCHGF002791	144	19.8275	0	0
RCHGF002792	1833	1599.97	10	78.7929
RCHGF002793	822	589.037	3	64.2064
RCHGF002794	1317	1083.97	16	186.081
RCHGF002795	969	735.972	13	222.68
RCHGF002796	117	12.5899	0	0
RCHGF002797	999	765.972	7	115.209
RCHGF002798	690	457.695	4	110.175
RCHGF002799	180	32.4159	0	0
RCHGF002800	561	331.283	1	38.054
RCHGF002801	786	553.092	1	22.793
RCHGF002802	360	146.382	0	0
RCHGF002803	339	129.76	4	388.615
RCHGF002804	120	13.2402	0	0
RCHGF002805	1779	1545.97	2	16.309
RCHGF002806	1728	1494.97	3	25.2981
RCHGF002807	813	580.037	2	43.4684
RCHGF002808	891	658.037	6	114.948
RCHGF002809	465	239.215	2	105.4
RCHGF002810	657	424.991	0	0
RCHGF002811	1422	1188.97	1	10.603
RCHGF002812	999	765.972	2	32.9167
RCHGF002813	156	23.9251	0	0
RCHGF002814	1932	1698.97	2	14.8403
RCHGF002815	960	726.972	4	69.3652
RCHGF002816	129	14.7768	1	853.139
RCHGF002817	267	77.1662	0	0
RCHGF002818	555	325.347	0	0
RCHGF002819	501	273.57	1	46.082
RCHGF002820	537	308.22	1	40.9014
RCHGF002821	300	99.9898	1	126.079
RCHGF002822	264	75.3663	0	0
RCHGF002823	141	18.6265	0	0
RCHGF002824	336	127.226	0	0
RCHGF002825	300	99.9898	3	378.238
RCHGF002826	690	457.695	2	55.0876
RCHGF002827	819	586.037	2	43.0234
RCHGF002828	843	610.037	0	0
RCHGF002829	774	541.145	2	46.5924
RCHGF002830	420	197.669	1	63.7765
RCHGF002831	276	83.2917	0	0
RCHGF002832	195	38.7363	0	0
RCHGF002834	540	311.22	0	0
RCHGF002835	460	234.592	1	53.7386
RCHGF002837	876	643.037	0	0
RCHGF002838	720	487.695	0	0
RCHGF002839	1131	897.972	2	28.078
RCHGF002840	1011	777.972	1	16.2045
RCHGF002841	294	95.9726	0	0
RCHGF002842	171	28.7073	0	0
RCHGF002843	642	410.031	0	0
RCHGF002844	1968	1734.97	0	0
RCHGF002845	396	176.226	0	0
RCHGF002846	609	378.158	0	0
RCHGF002847	720	487.695	0	0
RCHGF002848	507	279.16	0	0
RCHGF002849	120	13.2402	0	0
RCHGF002850	1290	1056.97	1	11.9271
RCHGF002851	1245	1011.97	3	37.3725
RCHGF002852	777	544.145	0	0
RCHGF002853	2166	1932.97	0	0
RCHGF002854	189	36.0706	0	0
RCHGF002855	174	30.1392	0	0
RCHGF002856	342	132.213	0	0
RCHGF002857	651	418.991	2	60.1761
RCHGF002858	1785	1551.97	10	81.2298
RCHGF002859	603	372.378	2	67.7089
RCHGF002860	141	18.6265	0	0
RCHGF002861	1377	1143.97	2	22.0401
RCHGF002862	672	439.739	3	86.0054
RCHGF002863	1149	915.972	2	27.5263
RCHGF002864	120	13.2402	0	0
RCHGF002865	762	529.249	2	47.6398
RCHGF002866	363	148.832	0	0
RCHGF002867	771	538.145	0	0
RCHGF002868	642	410.031	4	122.982
RCHGF002869	279	85.2544	0	0
RCHGF002870	195	38.7363	0	0
RCHGF002871	459	233.662	3	161.857
RCHGF002872	249	66.597	2	378.595
RCHGF002873	150	22.0117	0	0
RCHGF002874	522	293.486	0	0
RCHGF002875	114	11.8429	0	0
RCHGF002876	387	169.13	0	0
RCHGF002877	111	11.4951	0	0
RCHGF002878	444	220.014	0	0
RCHGF002879	351	139.257	0	0
RCHGF002880	255	69.8913	0	0
RCHGF002881	156	23.9251	0	0
RCHGF002882	267	77.1662	0	0
RCHGF002883	453	228.19	0	0
RCHGF002884	354	141.487	0	0
RCHGF002885	324	117.762	0	0
RCHGF002886	162	25.5136	0	0
RCHGF002887	441	217.08	1	58.0738
RCHGF002888	375	158.507	0	0
RCHGF002889	126	14.5266	0	0
RCHGF002890	123	13.9583	0	0
RCHGF002891	1338	1104.97	7	79.8631
RCHGF002892	2868	2634.97	3	14.3531
RCHGF002893	2349	2115.97	1	5.95785
RCHGF002894	2010	1776.97	5	35.4723
RCHGF002895	1743	1509.97	3	25.0468
RCHGF002896	1806	1572.97	1	8.01454
RCHGF002897	678	445.739	0	0
RCHGF002898	177	31.3249	0	0
RCHGF002899	792	559.092	5	112.742
RCHGF002900	1368	1134.97	4	44.4298
RCHGF002901	111	11.4951	0	0
RCHGF002902	1512	1278.97	9	88.7117
RCHGF002903	906	672.972	10	187.328
RCHGF002904	1929	1695.97	11	81.7661
RCHGF002905	2220	1986.97	2	12.6893
RCHGF002906	1737	1503.97	0	0
RCHGF002907	669	436.825	0	0
RCHGF002908	702	469.695	1	26.8401
RCHGF002909	1110	876.972	9	129.377
RCHGF002910	597	366.414	64	2201.95
RCHGF002911	273	81.3172	7	1085.21
RCHGF002912	687	454.695	13	360.432
RCHGF002913	135	16.6083	0	0
RCHGF002914	177	31.3249	0	0
RCHGF002915	246	64.8958	1	194.26
RCHGF002916	555	325.347	0	0
RCHGF002917	180	32.4159	0	0
RCHGF002918	762	529.249	5	119.099
RCHGF002919	306	104.515	0	0
RCHGF002920	510	281.883	0	0
RCHGF002921	660	427.825	0	0
RCHGF002922	780	547.145	0	0
RCHGF002923	318	113.378	3	333.572
RCHGF002924	216	49.1325	0	0
RCHGF002925	657	424.991	12	355.959
RCHGF002926	699	466.695	39	1053.49
RCHGF002927	270	79.1054	4	637.461
RCHGF002928	906	672.972	21	393.389
RCHGF002929	1584	1350.97	2	18.6631
RCHGF002930	783	550.145	2	45.8302
RCHGF002931	975	741.972	1	16.9907
RCHGF002932	597	366.414	1	34.4054
RCHGF002933	711	478.695	9	237.019
RCHGF002934	1053	819.972	1	15.3745
RCHGF002935	1101	867.972	2	29.0485
RCHGF002936	1068	834.972	6	90.5897
RCHGF002937	1134	900.972	15	209.884
RCHGF002938	2376	2142.97	32	188.249
RCHGF002939	681	448.739	0	0
RCHGF002940	675	442.739	2	56.9484
RCHGF002941	1395	1161.97	6	65.0961
RCHGF002942	186	34.7746	0	0
RCHGF002943	534	305.22	89	3676.01
RCHGF002944	231	56.7394	1	222.185
RCHGF002945	114	11.8429	0	0
RCHGF002946	2091	1857.97	46	312.117
RCHGF002947	1671	1437.97	11	96.4365
RCHGF002948	129	14.7768	0	0
RCHGF002949	1665	1431.97	0	0
RCHGF002950	471	244.926	1	51.4712
RCHGF002951	474	247.754	0	0
RCHGF002952	522	293.486	0	0
RCHGF002953	1200	966.972	3	39.1117
RCHGF002954	1647	1413.97	8	71.3261
RCHGF002955	729	496.695	1	25.3811
RCHGF002956	738	505.449	9	224.473
RCHGF002957	324	117.762	4	428.209
RCHGF002958	342	132.213	1	95.3507
RCHGF002959	435	211.315	0	0
RCHGF002960	963	729.972	5	86.3502
RCHGF002961	858	625.037	12	242.033
RCHGF002962	132	16.1378	2	1562.37
RCHGF002963	699	466.695	51	1377.64
RCHGF002964	750	517.299	0	0
RCHGF002965	825	592.037	2	42.5873
RCHGF002966	444	220.014	2	114.599
RCHGF002967	1197	963.972	2	26.1556
RCHGF002968	114	11.8429	0	0
RCHGF002969	1698	1464.97	37	318.399
RCHGF002970	1692	1458.97	1	8.64077
RCHGF002971	1227	993.972	3	38.0493
RCHGF002972	891	658.037	0	0
RCHGF002973	1395	1161.97	54	585.865
RCHGF002974	1293	1059.97	2188	26022.7
RCHGF002975	1470	1236.97	2	20.3831
RCHGF002976	2256	2022.97	2	12.4635
RCHGF002977	609	378.158	3	100.011
RCHGF002978	1983	1749.97	1	7.20391
RCHGF002979	861	628.037	1	20.0731
RCHGF002980	117	12.5899	0	0
RCHGF002981	495	267.89	0	0
RCHGF002982	693	460.695	0	0
RCHGF002983	525	296.457	2	85.0488
RCHGF002984	120	13.2402	0	0
RCHGF002985	216	49.1325	0	0
RCHGF002986	231	56.7394	2	444.37
RCHGF002987	1005	771.972	0	0
RCHGF002988	561	331.283	16	608.864
RCHGF002989	285	89.3833	0	0
RCHGF002990	1362	1128.97	7	78.1653
RCHGF002991	1170	936.972	2	26.9093
RCHGF002992	882	649.037	0	0
RCHGF002993	213	47.7347	0	0
RCHGF002994	528	299.339	5	210.575
RCHGF002995	159	24.7708	0	0
RCHGF002996	993	759.972	0	0
RCHGF002997	357	143.877	0	0
RCHGF002998	111	11.4951	1	1096.69
RCHGF002999	1200	966.972	4	52.1489
RCHGF003000	762	529.249	0	0
RCHGF003001	213	47.7347	5	1320.49
RCHGF003002	567	337.25	3	112.142
RCHGF003003	573	343.15	8	293.904
RCHGF003004	249	66.597	2	378.595
RCHGF003005	870	637.037	6	118.737
RCHGF003006	540	311.22	21	850.65
RCHGF003007	744	511.349	280	6903.03
RCHGF003008	2031	1797.97	0	0
RCHGF003009	585	355.048	0	0
RCHGF003010	873	640.037	2	39.3935
RCHGF003011	774	541.145	0	0
RCHGF003012	729	496.695	2	50.7621
RCHGF003013	396	176.226	0	0
RCHGF003014	390	171.654	2	146.884
RCHGF003015	855	622.037	0	0
RCHGF003016	786	553.092	1	22.793
RCHGF003017	786	553.092	0	0
RCHGF003018	1104	870.972	4	57.8969
RCHGF003019	702	469.695	2	53.6802
RCHGF003020	426	203.062	1	62.0829
RCHGF003021	1218	984.972	2	25.598
RCHGF003022	915	681.972	0	0
RCHGF003023	213	47.7347	0	0
RCHGF003024	888	655.037	2	38.4914
RCHGF003025	1320	1086.97	4	46.3918
RCHGF003026	114	11.8429	0	0
RCHGF003027	2595	2361.97	10	53.3734
RCHGF003028	2040	1806.97	9	62.79
RCHGF003029	156	23.9251	2	1053.84
RCHGF003030	1632	1398.97	7	63.0795
RCHGF003031	417	195.087	1	64.6207
RCHGF003032	1203	969.972	5	64.9846
RCHGF003033	747	514.299	3	73.5368
RCHGF003034	1209	975.972	0	0
RCHGF003035	3504	3270.97	94	362.285
RCHGF003036	7287	7053.97	3	5.36151
RCHGF003037	132	16.1378	0	0
RCHGF003038	804	571.037	5	110.384
RCHGF003039	462	236.38	9	479.988
RCHGF003040	657	424.991	3	88.9899
RCHGF003041	306	104.515	2	241.24
RCHGF003042	2340	2106.97	3	17.9499
RCHGF003043	849	616.037	0	0
RCHGF003044	768	535.145	0	0
RCHGF003045	318	113.378	0	0
RCHGF003046	459	233.662	29	1564.62
RCHGF003047	882	649.037	0	0
RCHGF003048	1755	1521.97	3	24.8493
RCHGF003049	465	239.215	1	52.7001
RCHGF003050	111	11.4951	0	0
RCHGF003051	132	16.1378	0	0
RCHGF003052	198	40.3119	13.6047	4254.55
RCHGF003053	399	178.881	0	0
RCHGF003054	1311	1077.97	0	0
RCHGF003055	111	11.4951	0	0
RCHGF003056	723	490.695	0	0
RCHGF003057	306	104.515	7	844.34
RCHGF003058	873	640.037	1	19.6967
RCHGF003059	480	253.455	2	99.4782
RCHGF003060	855	622.037	1	20.2667
RCHGF003061	720	487.695	5	129.247
RCHGF003062	918	684.972	4	73.6184
RCHGF003063	117	12.5899	0	0
RCHGF003064	861	628.037	2	40.1462
RCHGF003065	783	550.145	0	0
RCHGF003066	1137	903.972	9	125.512
RCHGF003067	1197	963.972	13	170.012
RCHGF003068	894	661.037	1	19.071
RCHGF003069	615	383.263	0	0
RCHGF003070	273	81.3172	0	0
RCHGF003071	804	571.037	1	22.0768
RCHGF003072	1080	846.972	0	0
RCHGF003073	918	684.972	2	36.8092
RCHGF003074	702	469.695	2	53.6802
RCHGF003075	198	40.3119	0	0
RCHGF003076	138	17.5745	0	0
RCHGF003077	1005	771.972	0	0
RCHGF003078	225	53.7094	0	0
RCHGF003079	1356	1122.97	2	22.4523
RCHGF003080	267	77.1662	0	0
RCHGF003081	513	284.855	0	0
RCHGF003082	1119	885.972	0	0
RCHGF003083	1098	864.972	1	14.5746
RCHGF003084	687	454.695	0	0
RCHGF003085	1005	771.972	3	48.9913
RCHGF003086	111	11.4951	0	0
RCHGF003087	927	693.972	9	163.493
RCHGF003088	825	592.037	15	319.405
RCHGF003089	2145	1911.97	11	72.5288
RCHGF003090	633	401.071	1	31.4324
RCHGF003091	1131	897.972	0	0
RCHGF003092	117	12.5899	0	0
RCHGF003093	135	16.6083	0	0
RCHGF003094	1221	987.972	7	89.3208
RCHGF003095	444	220.014	0	0
RCHGF003096	282	87.3363	0	0
RCHGF003097	432	208.442	1	60.4803
RCHGF003098	1224	990.972	7	89.0504
RCHGF003099	315	111.228	0	0
RCHGF003100	1239	1005.97	19	238.104
RCHGF003101	582	352.048	0	0
RCHGF003102	1422	1188.97	3	31.8089
RCHGF003103	135	16.6083	0	0
RCHGF003104	129	14.7768	0	0
RCHGF003105	2601	2367.97	5	26.6191
RCHGF003106	147	20.9397	0	0
RCHGF003107	1350	1116.97	0	0
RCHGF003108	708	475.695	0	0
RCHGF003109	705	472.695	0	0
RCHGF003110	627	395.11	0	0
RCHGF003111	1416	1182.97	0	0
RCHGF003112	1791	1557.97	1	8.0917
RCHGF003113	1809	1575.97	1	7.99928
RCHGF003114	969	735.972	1	17.1292
RCHGF003115	687	454.695	0	0
RCHGF003116	555	325.347	0	0
RCHGF003117	699	466.695	0	0
RCHGF003118	2478	2244.97	3	16.8465
RCHGF003119	387	169.13	13	968.997
RCHGF003120	186	34.7746	1	362.524
RCHGF003121	750	517.299	4	97.4804
RCHGF003122	294	95.9726	2	262.713
RCHGF003123	132	16.1378	0	0
RCHGF003124	111	11.4951	0	0
RCHGF003125	1080	846.972	1	14.8844
RCHGF003126	1305	1071.97	1	11.7602
RCHGF003127	1470	1236.97	4	40.7661
RCHGF003128	819	586.037	4	86.0467
RCHGF003129	477	250.631	1	50.2997
RCHGF003130	4218	3984.97	6	18.9813
RCHGF003131	120	13.2402	0	0
RCHGF003132	213	47.7347	7	1848.69
RCHGF003133	1089	855.972	136	2002.99
RCHGF003134	927	693.972	22	399.65
RCHGF003135	858	625.037	38	766.439
RCHGF003136	216	49.1325	0	0
RCHGF003137	1539	1305.97	2	19.3061
RCHGF003138	1332	1098.97	0	0
RCHGF003139	600	369.414	0	0
RCHGF003140	1167	933.972	1	13.4979
RCHGF003142	4260	4026.97	10	31.3055
RCHGF003143	621	389.187	0	0
RCHGF003144	126	14.5266	0	0
RCHGF003145	1320	1086.97	4	46.3918
RCHGF003146	558	328.283	5	192.009
RCHGF003147	207	44.573	0	0
RCHGF003148	3858	3624.97	38	132.153
RCHGF003149	4209	3975.97	26	82.4384
RCHGF003150	609	378.158	0	0
RCHGF003151	369	153.506	17	1396.12
RCHGF003152	519	290.514	2	86.7885
RCHGF003154	684	451.739	4	111.628
RCHGF003155	414	192.303	1	65.556
RCHGF003156	123	13.9583	0	0
RCHGF003157	114	11.8429	0	0
RCHGF003158	966	732.972	2	34.3987
RCHGF003159	819	586.037	2	43.0234
RCHGF003160	729	496.695	0	0
RCHGF003161	1071	837.972	4	60.1769
RCHGF003162	1047	813.972	2	30.9756
RCHGF003163	1665	1431.97	0	0
RCHGF003164	1332	1098.97	0	0
RCHGF003165	861	628.037	0	0
RCHGF003166	1173	939.972	2	26.8234
RCHGF003167	732	499.646	1	25.2311
RCHGF003168	525	296.457	0	0
RCHGF003169	183	33.6823	0	0
RCHGF003170	111	11.4951	0	0
RCHGF003171	600	369.414	0	0
RCHGF003172	834	601.037	0	0
RCHGF003173	378	161.075	0	0
RCHGF003174	1281	1047.97	0	0
RCHGF003175	285	89.3833	0	0
RCHGF003176	438	214.145	1	58.8698
RCHGF003177	1971	1737.97	0	0
RCHGF003178	126	14.5266	0	0
RCHGF003179	1158	924.972	11	149.921
RCHGF003180	126	14.5266	0	0
RCHGF003181	468	242.096	0	0
RCHGF003182	1041	807.972	0	0
RCHGF003183	807	574.037	0	0
RCHGF003184	1968	1734.97	0	0
RCHGF003185	813	580.037	0	0
RCHGF003186	1056	822.972	0	0
RCHGF003187	312	109.018	1	115.638
RCHGF003188	459	233.662	0	0
RCHGF003189	1200	966.972	2	26.0745
RCHGF003190	1620	1386.97	9	81.8039
RCHGF003191	1407	1173.97	0	0
RCHGF003192	336	127.226	0	0
RCHGF003193	1254	1020.97	0	0
RCHGF003194	303	102.235	0	0
RCHGF003195	1911	1677.97	2	15.026
RCHGF003196	117	12.5899	1	1001.33
RCHGF003197	867	634.037	2	39.7663
RCHGF003198	246	64.8958	0	0
RCHGF003199	324	117.762	1	107.052
RCHGF003200	234	58.327	0	0
RCHGF003201	1041	807.972	4	62.4113
RCHGF003202	1896	1662.97	0	0
RCHGF003203	624	392.149	0	0
RCHGF003204	972	738.972	0	0
RCHGF003205	1011	777.972	0	0
RCHGF003206	936	702.972	3	53.8
RCHGF003207	915	681.972	0	0
RCHGF003208	645	412.991	1	30.5252
RCHGF003209	702	469.695	0	0
RCHGF003210	774	541.145	0	0
RCHGF003211	957	723.972	0	0
RCHGF003212	876	643.037	0	0
RCHGF003213	1191	957.972	6	78.9583
RCHGF003214	807	574.037	0	0
RCHGF003215	1407	1173.97	0	0
RCHGF003216	975	741.972	0	0
RCHGF003217	528	299.339	0	0
RCHGF003218	645	412.991	0	0
RCHGF003220	480	253.455	8	397.913
RCHGF003221	843	610.037	37	764.619
RCHGF003222	1395	1161.97	0	0
RCHGF003223	888	655.037	0	0
RCHGF003224	888	655.037	2	38.4914
RCHGF003225	1302	1068.97	1	11.7932
RCHGF003226	936	702.972	0	0
RCHGF003227	1635	1401.97	6	53.9525
RCHGF003228	1581	1347.97	3	28.0569
RCHGF003229	186	34.7746	0	0
RCHGF003230	1374	1140.97	5	55.2452
RCHGF003231	777	544.145	2	46.3356
RCHGF003232	1875	1641.97	1	7.67774
RCHGF003233	792	559.092	5	112.742
RCHGF003234	1299	1065.97	0	0
RCHGF003235	288	91.4858	0	0
RCHGF003236	1404	1170.97	0	0
RCHGF003238	1713	1479.97	19	161.845
RCHGF003239	918	684.972	1	18.4046
RCHGF003240	1248	1014.97	5	62.1034
RCHGF003241	936	702.972	0	0
RCHGF003242	765	532.145	0	0
RCHGF003243	2103	1869.97	1	6.74162
RCHGF003244	1362	1128.97	10	111.665
RCHGF003245	1425	1191.97	0	0
RCHGF003246	423	200.428	0	0
RCHGF003247	396	176.226	1	71.5369
RCHGF003248	480	253.455	0	0
RCHGF003249	369	153.506	0	0
RCHGF003250	1305	1071.97	0	0
RCHGF003252	114	11.8429	0	0
RCHGF003253	1560	1326.97	13	123.504
RCHGF003254	138	17.5745	0	0
RCHGF003255	540	311.22	0	0
RCHGF003256	549	319.411	1	39.4684
RCHGF003257	792	559.092	0	0
RCHGF003258	261	73.6432	1	171.185
RCHGF003259	465	239.215	0	0
RCHGF003260	852	619.037	0	0
RCHGF003261	909	675.972	0	0
RCHGF003262	423	200.428	0	0
RCHGF003263	159	24.7708	0	0
RCHGF003264	312	109.018	1	115.638
RCHGF003265	132	16.1378	0	0
RCHGF003266	117	12.5899	0	0
RCHGF003267	231	56.7394	0	0
RCHGF003268	162	25.5136	0	0
RCHGF003269	603	372.378	6	203.127
RCHGF003270	942	708.972	3	53.3447
RCHGF003271	210	46.2837	4	1089.51
RCHGF003272	876	643.037	1	19.6048
RCHGF003273	117	12.5899	0	0
RCHGF003274	1044	810.972	1	15.5451
RCHGF003275	1347	1113.97	1	11.3168
RCHGF003276	1818	1584.97	4	31.8154
RCHGF003277	2646	2412.97	9	47.0208
RCHGF003278	906	672.972	3	56.1984
RCHGF003279	3267	3033.97	19	78.9481
RCHGF003280	900	666.972	4	75.6052
RCHGF003281	1128	894.972	7	98.6025
RCHGF003282	1614	1380.97	4	36.5153
RCHGF003283	219	50.7722	0	0
RCHGF003284	270	79.1054	0	0
RCHGF003285	612	380.786	4	132.428
RCHGF003286	516	287.628	2	87.6593
RCHGF003287	318	113.378	6	667.145
RCHGF003288	621	389.187	4	129.569
RCHGF003289	171	28.7073	0	0
RCHGF003290	183	33.6823	0	0
RCHGF003291	1938	1704.97	2	14.7881
RCHGF003292	417	195.087	0	0
RCHGF003293	327	119.949	0	0
RCHGF003294	2271	2037.97	1	6.18588
RCHGF003295	279	85.2544	0	0
RCHGF003296	1341	1107.97	1	11.3781
RCHGF003297	417	195.087	0	0
RCHGF003298	357	143.877	0	0
RCHGF003299	552	322.411	0	0
RCHGF003300	1248	1014.97	0	0
RCHGF003301	684	451.739	0	0
RCHGF003302	366	151.278	0	0
RCHGF003303	240	61.6304	0	0
RCHGF003304	1599	1365.97	0	0
RCHGF003305	327	119.949	1	105.1
RCHGF003306	303	102.235	10	1233.1
RCHGF003307	1368	1134.97	0	0
RCHGF003308	534	305.22	0	0
RCHGF003309	1182	948.972	0	0
RCHGF003310	270	79.1054	0	0
RCHGF003311	381	163.888	0	0
RCHGF003312	285	89.3833	0	0
RCHGF003313	570	340.183	1	37.0584
RCHGF003314	372	156.067	0	0
RCHGF003315	162	25.5136	0	0
RCHGF003316	3150	2916.97	2	8.64365
RCHGF003317	648	415.991	0	0
RCHGF003318	1719	1485.97	0	0
RCHGF003319	1893	1659.97	1	7.59449
RCHGF003320	411	189.478	0	0
RCHGF003321	951	717.972	0	0
RCHGF003322	117	12.5899	0	0
RCHGF003323	219	50.7722	0	0
RCHGF003324	1563	1329.97	6	56.8733
RCHGF003325	414	192.303	0	0
RCHGF003326	1023	789.972	5	79.7917
RCHGF003327	237	59.9487	3	630.871
RCHGF003328	1359	1125.97	0	0
RCHGF003329	549	319.411	1	39.4684
RCHGF003330	825	592.037	0	0
RCHGF003331	1332	1098.97	1	11.4713
RCHGF003332	594	363.45	3	104.058
RCHGF003333	1422	1188.97	8	84.8238
RCHGF003334	1419	1185.97	2	21.2596
RCHGF003335	303	102.235	1	123.31
RCHGF003336	1122	888.972	3	42.5434
RCHGF003337	1995	1761.97	4	28.6194
RCHGF003338	2289	2055.97	1	6.13172
RCHGF003339	1581	1347.97	1	9.3523
RCHGF003340	816	583.037	0	0
RCHGF003341	672	439.739	0	0
RCHGF003342	633	401.071	1	31.4324
RCHGF003343	1008	774.972	351	5709.79
RCHGF003344	1386	1152.97	1	10.934
RCHGF003345	273	81.3172	0	0
RCHGF003346	468	242.096	0	0
RCHGF003347	489	262.022	0	0
RCHGF003348	2022	1788.97	0	0
RCHGF003349	1599	1365.97	1	9.22906
RCHGF003350	1233	999.972	0	0
RCHGF003351	678	445.739	9	254.543
RCHGF003352	1155	921.972	2	27.3471
RCHGF003353	879	646.037	2	39.0276
RCHGF003354	480	253.455	15	746.087
RCHGF003355	1761	1527.97	15	123.759
RCHGF003356	2358	2124.97	11	65.2588
RCHGF003357	657	424.991	3	88.9899
RCHGF003359	855	622.037	0	0
RCHGF003360	390	171.654	0	0
RCHGF003361	2511	2277.97	4	22.1366
RCHGF003362	540	311.22	0	0
RCHGF003363	1170	936.972	3	40.364
RCHGF003364	1536	1302.97	3	29.0259
RCHGF003365	951	717.972	0	0
RCHGF003366	4821	4587.97	3	8.24328
RCHGF003367	675	442.739	0	0
RCHGF003368	153	22.6145	0	0
RCHGF003369	660	427.825	1	29.4668
RCHGF003370	1083	849.972	0	0
RCHGF003371	468	242.096	0	0
RCHGF003372	168	27.7616	0	0
RCHGF003373	219	50.7722	1	248.298
RCHGF003374	309	106.859	0	0
RCHGF003375	1419	1185.97	5	53.149
RCHGF003376	300	99.9898	1	126.079
RCHGF003377	123	13.9583	0	0
RCHGF003378	495	267.89	3	141.177
RCHGF003379	474	247.754	4	203.534
RCHGF003380	138	17.5745	0	0
RCHGF003381	642	410.031	0	0
RCHGF003382	1008	774.972	2	32.5344
RCHGF003383	447	222.459	0	0
RCHGF003384	912	678.972	0	0
RCHGF003385	1050	816.972	0	0
RCHGF003386	327	119.949	0	0
RCHGF003387	480	253.455	0	0
RCHGF003388	870	637.037	0	0
RCHGF003389	858	625.037	1	20.1694
RCHGF003390	1956	1722.97	1	7.3168
RCHGF003391	411	189.478	3	199.601
RCHGF003392	210	46.2837	0	0
RCHGF003393	771	538.145	0	0
RCHGF003394	633	401.071	3	94.2973
RCHGF003395	468	242.096	0	0
RCHGF003396	924	690.972	82	1496.07
RCHGF003397	411	189.478	5	332.668
RCHGF003398	390	171.654	8	587.536
RCHGF003399	1026	792.972	0	0
RCHGF003400	330	122.275	0	0
RCHGF003401	984	750.972	0	0
RCHGF003402	255	69.8913	0	0
RCHGF003403	1029	795.972	5	79.1902
RCHGF003404	447	222.459	0	0
RCHGF003405	603	372.378	1	33.8544
RCHGF003406	450	225.258	0	0
RCHGF003407	1218	984.972	0	0
RCHGF003408	1287	1053.97	0	0
RCHGF003410	354	141.487	2	178.202
RCHGF003411	2091	1857.97	1	6.78516
RCHGF003412	420	197.669	0	0
RCHGF003413	618	386.263	0	0
RCHGF003414	594	363.45	0	0
RCHGF003415	204	43.1859	0	0
RCHGF003416	111	11.4951	0	0
RCHGF003417	204	43.1859	0	0
RCHGF003418	1377	1143.97	0	0
RCHGF003419	2160	1926.97	2	13.0844
RCHGF003420	375	158.507	0	0
RCHGF003421	471	244.926	0	0
RCHGF003422	564	334.283	0	0
RCHGF003423	891	658.037	2	38.3159
RCHGF003424	2514	2280.97	0	0
RCHGF003425	390	171.654	0	0
RCHGF003426	1791	1557.97	0	0
RCHGF003427	705	472.695	0	0
RCHGF003428	153	22.6145	0	0
RCHGF003429	840	607.037	0	0
RCHGF003430	831	598.037	0	0
RCHGF003431	4428	4194.97	0	0
RCHGF003432	966	732.972	60	1031.96
RCHGF003433	969	735.972	30	513.877
RCHGF003434	444	220.014	23	1317.88
RCHGF003435	5241	5007.97	8	20.1385
RCHGF003436	801	568.037	0	0
RCHGF003437	2145	1911.97	0	0
RCHGF003438	615	383.263	0	0
RCHGF003439	258	71.6528	0	0
RCHGF003440	756	523.249	2	48.1861
RCHGF003441	798	565.037	0	0
RCHGF003442	744	511.349	1	24.6537
RCHGF003443	345	134.37	0	0
RCHGF003444	1080	846.972	0	0
RCHGF003445	570	340.183	0	0
RCHGF003446	135	16.6083	0	0
RCHGF003447	228	55.3346	0	0
RCHGF003448	840	607.037	0	0
RCHGF003449	1185	951.972	0	0
RCHGF003450	1716	1482.97	0	0
RCHGF003451	453	228.19	0	0
RCHGF003452	414	192.303	1	65.556
RCHGF003453	117	12.5899	0	0
RCHGF003454	912	678.972	0	0
RCHGF003455	843	610.037	0	0
RCHGF003456	1128	894.972	0	0
RCHGF003457	120	13.2402	0	0
RCHGF003458	834	601.037	0	0
RCHGF003459	1542	1308.97	0	0
RCHGF003460	396	176.226	0	0
RCHGF003461	645	412.991	0	0
RCHGF003462	606	375.158	0	0
RCHGF003463	276	83.2917	0	0
RCHGF003464	282	87.3363	0	0
RCHGF003465	120	13.2402	0	0
RCHGF003467	126	14.5266	0	0
RCHGF003468	1413	1179.97	1	10.6838
RCHGF003469	465	239.215	2	105.4
RCHGF003470	1569	1335.97	25	235.908
RCHGF003471	1131	897.972	17	238.663
RCHGF003472	699	466.695	0	0
RCHGF003473	213	47.7347	1	264.098
RCHGF003474	333	124.713	6	606.512
RCHGF003475	1446	1212.97	11	114.325
RCHGF003476	882	649.037	2	38.8472
RCHGF003477	588	358.012	3	105.639
RCHGF003478	519	290.514	0	0
RCHGF003479	615	383.263	0	0
RCHGF003480	906	672.972	0	0
RCHGF003481	1167	933.972	2	26.9958
RCHGF003482	861	628.037	0	0
RCHGF003483	1215	981.972	0	0
RCHGF003484	1038	804.972	2	31.3219
RCHGF003485	1392	1158.97	4	43.5097
RCHGF003486	1221	987.972	2	25.5202
RCHGF003488	1176	942.972	2	26.7381
RCHGF003489	255	69.8913	1	180.375
RCHGF003490	660	427.825	0	0
RCHGF003491	756	523.249	0	0
RCHGF003492	177	31.3249	0	0
RCHGF003493	480	253.455	3	149.217
RCHGF003494	579	349.048	1	36.1173
RCHGF003495	1218	984.972	1	12.799
RCHGF003496	1182	948.972	3	39.8536
RCHGF003497	1092	858.972	4	58.7057
RCHGF003498	1059	825.972	3	45.7884
RCHGF003499	114	11.8429	9	9580.39
RCHGF003500	1545	1311.97	47	451.619
RCHGF003501	777	544.145	14	324.349
RCHGF003502	837	604.037	85	1774.01
RCHGF003503	1026	792.972	32	508.735
RCHGF003504	786	553.092	24	547.033
RCHGF003505	1137	903.972	13	181.296
RCHGF003506	1206	972.972	13	168.439
RCHGF003507	1203	969.972	62	805.809
RCHGF003508	2112	1878.97	12	80.5119
RCHGF003509	243	63.343	2	398.044
RCHGF003510	1134	900.972	6	83.9536
RCHGF003511	153	22.6145	3	1672.37
RCHGF003512	951	717.972	11	193.145
RCHGF003513	1263	1029.97	12	146.877
RCHGF003514	948	714.972	3	52.8971
RCHGF003515	675	442.739	2	56.9484
RCHGF003516	339	129.76	8	777.23
RCHGF003517	1704	1470.97	41	351.381
RCHGF003518	1062	828.972	2	30.4151
RCHGF003519	420	197.669	0	0
RCHGF003520	399	178.881	0	0
RCHGF003521	459	233.662	0	0
RCHGF003522	312	109.018	0	0
RCHGF003523	1029	795.972	2	31.6761
RCHGF003524	915	681.972	0	0
RCHGF003525	153	22.6145	0	0
RCHGF003526	678	445.739	5	141.413
RCHGF003527	165	26.8171	0	0
RCHGF003528	117	12.5899	2	2002.66
RCHGF003529	132	16.1378	4	3124.74
RCHGF003530	792	559.092	0	0
RCHGF003531	921	687.972	1	18.3244
RCHGF003532	1053	819.972	4	61.4979
RCHGF003533	1053	819.972	1	15.3745
RCHGF003534	1272	1038.97	0	0
RCHGF003535	870	637.037	0	0
RCHGF003536	969	735.972	2	34.2585
RCHGF003537	348	136.884	0	0
RCHGF003538	672	439.739	2	57.3369
RCHGF003539	885	652.037	207	4002.19
RCHGF003540	738	505.449	3	74.8244
RCHGF003541	2253	2019.97	3	18.723
RCHGF003542	819	586.037	4	86.0467
RCHGF003543	756	523.249	0	0
RCHGF003544	1215	981.972	1	12.8381
RCHGF003545	1188	954.972	0	0
RCHGF003546	750	517.299	0	0
RCHGF003547	765	532.145	0	0
RCHGF003548	1005	771.972	0	0
RCHGF003549	747	514.299	0	0
RCHGF003550	3216	2982.97	16	67.6192
RCHGF003551	1074	840.972	6	89.9434
RCHGF003552	636	404.071	8	249.592
RCHGF003553	699	466.695	0	0
RCHGF003554	906	672.972	1	18.7328
RCHGF003555	744	511.349	0	0
RCHGF003556	3213	2979.97	21	88.8396
RCHGF003557	1077	843.972	10	149.373
RCHGF003558	1290	1056.97	14	166.98
RCHGF003559	885	652.037	2	38.6685
RCHGF003561	381	163.888	1	76.9221
RCHGF003562	426	203.062	0	0
RCHGF003563	960	726.972	0	0
RCHGF003564	1230	996.972	4	50.5797
RCHGF003565	819	586.037	0	0
RCHGF003566	771	538.145	0	0
RCHGF003567	471	244.926	0	0
RCHGF003568	735	502.646	1	25.0806
RCHGF003569	414	192.303	0	0
RCHGF003570	720	487.695	1	25.8495
RCHGF003571	852	619.037	4	81.4597
RCHGF003572	897	664.037	8	151.879
RCHGF003573	543	314.097	1	40.1362
RCHGF003574	738	505.449	0	0
RCHGF003575	396	176.226	0	0
RCHGF003576	777	544.145	1	23.1678
RCHGF003577	723	490.695	0	0
RCHGF003578	654	421.991	0	0
RCHGF003580	507	279.16	1	45.1592
RCHGF003581	615	383.263	5	164.465
RCHGF003582	852	619.037	2	40.7299
RCHGF003583	1614	1380.97	3	27.3865
RCHGF003584	393	173.944	7	507.328
RCHGF003585	912	678.972	1	18.5672
RCHGF003586	816	583.037	5	108.112
RCHGF003587	978	744.972	8	135.378
RCHGF003588	297	98.1638	227	29152.4
RCHGF003589	168	27.7616	80	36328.3
RCHGF003590	2145	1911.97	487	3211.05
RCHGF003591	216	49.1325	2	513.169
RCHGF003592	210	46.2837	9	2451.4
RCHGF003593	417	195.087	17	1098.55
RCHGF003594	546	316.818	35	1392.7
RCHGF003595	162	25.5136	0	0
RCHGF003596	342	132.213	35	3337.27
RCHGF003597	411	189.478	34	2262.14
RCHGF003598	177	31.3249	5	2012.24
RCHGF003599	1296	1062.97	9	106.738
RCHGF003600	816	583.037	0	0
RCHGF003601	3666	3432.97	0	0
RCHGF003602	1287	1053.97	1	11.9611
RCHGF003603	228	55.3346	0	0
RCHGF003604	3075	2841.97	5	22.1794
RCHGF003605	702	469.695	0	0
RCHGF003606	225	53.7094	0	0
RCHGF003607	543	314.097	0	0
RCHGF003608	234	58.327	0	0
RCHGF003609	357	143.877	0	0
RCHGF003610	222	52.2796	0	0
RCHGF003611	897	664.037	2	37.9697
RCHGF003612	879	646.037	1	19.5138
RCHGF003613	1164	930.972	4	54.1655
RCHGF003614	159	24.7708	0	0
RCHGF003615	483	256.278	1	49.1914
RCHGF003616	1629	1395.97	11	99.338
RCHGF003617	357	143.877	1	87.6213
RCHGF003618	777	544.145	0	0
RCHGF003619	900	666.972	1	18.9013
RCHGF003620	1071	837.972	2	30.0885
RCHGF003621	1080	846.972	0	0
RCHGF003622	714	481.695	3	78.5143
RCHGF003623	798	565.037	0	0
RCHGF003624	267	77.1662	0	0
RCHGF003625	651	418.991	0	0
RCHGF003626	723	490.695	8	205.531
RCHGF003627	1644	1410.97	31	276.976
RCHGF003628	558	328.283	14	537.625
RCHGF003629	132	16.1378	0	0
RCHGF003630	1863	1629.97	25	193.357
RCHGF003631	2271	2037.97	35	216.506
RCHGF003632	462	236.38	0	0
RCHGF003633	1263	1029.97	1	12.2398
RCHGF003634	741	508.449	26	644.652
RCHGF003635	600	369.414	0	0
RCHGF003636	774	541.145	6	139.777
RCHGF003637	669	436.825	7	202.018
RCHGF003638	1008	774.972	0	0
RCHGF003639	201	41.8356	0	0
RCHGF003640	1191	957.972	10	131.597
RCHGF003641	1560	1326.97	44	418.013
RCHGF003642	708	475.695	9	238.514
RCHGF003643	711	478.695	7	184.348
RCHGF003644	336	127.226	9	891.798
RCHGF003645	144	19.8275	0	0
RCHGF003646	537	308.22	0	0
RCHGF003647	882	649.037	1	19.4236
RCHGF003648	153	22.6145	0	0
RCHGF003649	960	726.972	5.83333	101.158
RCHGF003650	702	469.695	13	348.921
RCHGF003651	510	281.883	0	0
RCHGF003652	201	41.8356	0	0
RCHGF003653	180	32.4159	8	3111.22
RCHGF003654	2013	1779.97	87	616.177
RCHGF003655	234	58.327	0	0
RCHGF003656	1608	1374.97	9	82.5179
RCHGF003657	594	363.45	9	312.174
RCHGF003658	834	601.037	0	0
RCHGF003659	246	64.8958	0	0
RCHGF003660	747	514.299	1	24.5123
RCHGF003661	774	541.145	2	46.5924
RCHGF003662	327	119.949	0	0
RCHGF003663	147	20.9397	0	0
RCHGF003664	960	726.972	1.16667	20.2315
RCHGF003665	2556	2322.97	88	477.571
RCHGF003666	171	28.7073	0	0
RCHGF003667	639	407.071	0	0
RCHGF003668	612	380.786	0	0
RCHGF003669	1362	1128.97	18	200.997
RCHGF003670	270	79.1054	0	0
RCHGF003671	570	340.183	2	74.1168
RCHGF003672	567	337.25	1	37.3807
RCHGF003673	894	661.037	0	0
RCHGF003674	231	56.7394	0	0
RCHGF003676	843	610.037	0	0
RCHGF003677	300	99.9898	0	0
RCHGF003678	1596	1362.97	13	120.242
RCHGF003679	723	490.695	3	77.0743
RCHGF003680	3024	2790.97	28	126.474
RCHGF003681	1128	894.972	12	169.033
RCHGF003682	765	532.145	38	900.229
RCHGF003683	834	601.037	1	20.9748
RCHGF003684	678	445.739	0	0
RCHGF003685	1032	798.972	2	31.5572
RCHGF003687	462	236.38	1	53.332
RCHGF003688	687	454.695	0	0
RCHGF003689	885	652.037	5	96.6712
RCHGF003690	1038	804.972	3	46.9829
RCHGF003691	360	146.382	0	0
RCHGF003692	663	430.825	2	58.5233
RCHGF003693	1479	1245.97	20	202.358
RCHGF003694	624	392.149	0	0
RCHGF003695	495	267.89	0	0
RCHGF003696	777	544.145	0	0
RCHGF003697	471	244.926	1	51.4712
RCHGF003698	2109	1875.97	0	0
RCHGF003699	225	53.7094	0	0
RCHGF003700	1329	1095.97	59	678.66
RCHGF003701	267	77.1662	0	0
RCHGF003702	627	395.11	3	95.7199
RCHGF003703	138	17.5745	0	0
RCHGF003704	1662	1428.97	1	8.82217
RCHGF003705	117	12.5899	0	0
RCHGF003706	249	66.597	1	189.298
RCHGF003707	318	113.378	0	0
RCHGF003708	297	98.1638	0	0
RCHGF003709	498	270.596	0	0
RCHGF003710	861	628.037	1	20.0731
RCHGF003711	954	720.972	0	0
RCHGF003712	270	79.1054	0	0
RCHGF003713	624	392.149	0	0
RCHGF003714	1026	792.972	0	0
RCHGF003715	1632	1398.97	0	0
RCHGF003716	393	173.944	0	0
RCHGF003717	768	535.145	1	23.5574
RCHGF003718	1014	780.972	0	0
RCHGF003719	198	40.3119	0	0
RCHGF003720	495	267.89	2	94.1182
RCHGF003721	255	69.8913	0	0
RCHGF003722	213	47.7347	0	0
RCHGF003723	369	153.506	0	0
RCHGF003724	408	186.727	0	0
RCHGF003725	306	104.515	0	0
RCHGF003726	168	27.7616	0	0
RCHGF003727	579	349.048	2	72.2345
RCHGF003728	657	424.991	1	29.6633
RCHGF003729	516	287.628	2	87.6593
RCHGF003730	1500	1266.97	9	89.5519
RCHGF003731	1290	1056.97	0	0
RCHGF003732	1128	894.972	0	0
RCHGF003733	177	31.3249	0	0
RCHGF003734	303	102.235	3	369.931
RCHGF003735	759	526.249	3	71.867
RCHGF003736	177	31.3249	0	0
RCHGF003737	546	316.818	1	39.7915
RCHGF003738	1065	831.972	1	15.1527
RCHGF003739	114	11.8429	0	0
RCHGF003740	894	661.037	1	19.071
RCHGF003741	2622	2388.97	11	58.0472
RCHGF003742	567	337.25	0	0
RCHGF003744	717	484.695	2	52.0189
RCHGF003745	624	392.149	6	192.886
RCHGF003746	579	349.048	0	0
RCHGF003747	288	91.4858	0	0
RCHGF003748	282	87.3363	0	0
RCHGF003749	117	12.5899	0	0
RCHGF003750	270	79.1054	1	159.365
RCHGF003751	174	30.1392	0	0
RCHGF003752	288	91.4858	2	275.598
RCHGF003753	588	358.012	3	105.639
RCHGF003754	2322	2088.97	8	48.2788
RCHGF003755	1275	1041.97	6	72.593
RCHGF003756	720	487.695	2	51.6989
RCHGF003757	129	14.7768	0	0
RCHGF003758	1581	1347.97	1	9.3523
RCHGF003759	114	11.8429	0	0
RCHGF003760	1590	1356.97	0	0
RCHGF003761	1689	1455.97	2	17.3171
RCHGF003762	675	442.739	1	28.4742
RCHGF003763	237	59.9487	0	0
RCHGF003764	534	305.22	313	12928
RCHGF003765	417	195.087	1	64.6207
RCHGF003766	4101	3867.97	1	3.25924
RCHGF003767	147	20.9397	0	0
RCHGF003768	927	693.972	1	18.1659
RCHGF003769	972	738.972	94	1603.61
RCHGF003770	1851	1617.97	344	2680.32
RCHGF003771	1155	921.972	8	109.388
RCHGF003772	699	466.695	8	216.101
RCHGF003773	351	139.257	0	0
RCHGF003774	1881	1647.97	13	99.4473
RCHGF003775	918	684.972	4	73.6184
RCHGF003776	153	22.6145	0	0
RCHGF003777	849	616.037	14	286.497
RCHGF003778	1461	1227.97	2	20.5325
RCHGF003779	939	705.972	0	0
RCHGF003780	357	143.877	0	0
RCHGF003781	618	386.263	10	326.375
RCHGF003782	1251	1017.97	1	12.3841
RCHGF003783	174	30.1392	0	0
RCHGF003784	774	541.145	0	0
RCHGF003785	159	24.7708	0	0
RCHGF003786	435	211.315	0	0
RCHGF003787	129	14.7768	0	0
RCHGF003788	1065	831.972	6	90.9163
RCHGF003789	120	13.2402	0	0
RCHGF003790	573	343.15	0	0
RCHGF003791	2055	1821.97	2	13.8385
RCHGF003792	1716	1482.97	1	8.50093
RCHGF003793	681	448.739	4	112.374
RCHGF003794	1545	1311.97	3	28.8268
RCHGF003795	1500	1266.97	1	9.95021
RCHGF003796	669	436.825	0	0
RCHGF003797	447	222.459	0	0
RCHGF003798	1107	873.972	28	403.887
RCHGF003799	132	16.1378	0	0
RCHGF003800	219	50.7722	0	0
RCHGF003801	411	189.478	0	0
RCHGF003802	360	146.382	0	0
RCHGF003803	1905	1671.97	3	22.6199
RCHGF003804	639	407.071	1	30.9691
RCHGF003805	123	13.9583	0	0
RCHGF003806	828	595.037	1	21.1863
RCHGF003807	111	11.4951	0	0
RCHGF003808	804	571.037	1	22.0768
RCHGF003809	486	259.099	7	340.59
RCHGF003810	750	517.299	11	268.071
RCHGF003811	843	610.037	0	0
RCHGF003812	498	270.596	0	0
RCHGF003813	846	613.037	0	0
RCHGF003814	645	412.991	0	0
RCHGF003815	1338	1104.97	1	11.409
RCHGF003816	459	233.662	0	0
RCHGF003817	489	262.022	0	0
RCHGF003818	900	666.972	3	56.7039
RCHGF003819	504	276.38	0	0
RCHGF003820	117	12.5899	0	0
RCHGF003821	450	225.258	0	0
RCHGF003822	876	643.037	0	0
RCHGF003823	207	44.573	0	0
RCHGF003824	246	64.8958	0	0
RCHGF003825	333	124.713	0	0
RCHGF003826	114	11.8429	0	0
RCHGF003827	1269	1035.97	1	12.1689
RCHGF003828	432	208.442	0	0
RCHGF003829	489	262.022	0	0
RCHGF003830	1824	1590.97	6	47.5432
RCHGF003832	129	14.7768	1	853.139
RCHGF003833	858	625.037	2	40.3389
RCHGF003834	426	203.062	2	124.166
RCHGF003835	315	111.228	0	0
RCHGF003836	579	349.048	2	72.2345
RCHGF003837	1113	879.972	4	57.3047
RCHGF003838	1935	1701.97	3	22.2212
RCHGF003839	2262	2028.97	4	24.8533
RCHGF003840	120	13.2402	1	952.148
RCHGF003841	423	200.428	0	0
RCHGF003842	1518	1284.97	0	0
RCHGF003843	129	14.7768	0	0
RCHGF003844	618	386.263	4	130.55
RCHGF003845	471	244.926	0	0
RCHGF003846	129	14.7768	0	0
RCHGF003847	447	222.459	2	113.339
RCHGF003848	462	236.38	0	0
RCHGF003849	1941	1707.97	1	7.38106
RCHGF003850	2631	2397.97	12	63.0865
RCHGF003851	138	17.5745	0	0
RCHGF003852	906	672.972	0	0
RCHGF003853	177	31.3249	0	0
RCHGF003854	846	613.037	1	20.5642
RCHGF003855	1272	1038.97	17	206.274
RCHGF003856	351	139.257	1	90.5276
RCHGF003857	453	228.19	6	331.478
RCHGF003858	228	55.3346	0	0
RCHGF003859	1068	834.972	4	60.3931
RCHGF003860	558	328.283	12	460.821
RCHGF003861	291	93.6448	0	0
RCHGF003862	915	681.972	0	0
RCHGF003863	177	31.3249	0	0
RCHGF003864	291	93.6448	0	0
RCHGF003865	300	99.9898	0	0
RCHGF003866	252	68.2131	0	0
RCHGF003867	4215	3981.97	4	12.6637
RCHGF003868	522	293.486	0	0
RCHGF003869	996	762.972	0	0
RCHGF003870	564	334.283	0	0
RCHGF003871	330	122.275	0	0
RCHGF003872	1326	1092.97	0	0
RCHGF003873	1032	798.972	4	63.1143
RCHGF003874	162	25.5136	0	0
RCHGF003875	681	448.739	8	224.748
RCHGF003876	2007	1773.97	3	21.3193
RCHGF003877	648	415.991	1	30.3051
RCHGF003878	978	744.972	2	33.8446
RCHGF003879	861	628.037	0	0
RCHGF003880	318	113.378	0	0
RCHGF003881	1332	1098.97	2	22.9426
RCHGF003882	2571	2337.97	1	5.39213
RCHGF003883	117	12.5899	0	0
RCHGF003884	1095	861.972	42	614.265
RCHGF003885	1254	1020.97	18	222.258
RCHGF003886	1419	1185.97	24	255.115
RCHGF003887	1797	1563.97	7	56.4246
RCHGF003888	98	9.90769	0	0
RCHGF003891	2625	2391.97	1	5.2704
RCHGF003892	255	69.8913	4	721.499
RCHGF003893	411	189.478	1	66.5335
RCHGF003894	258	71.6528	1	175.941
RCHGF003895	1056	822.972	11	168.503
RCHGF003896	630	398.11	6	189.997
RCHGF003897	477	250.631	38	1911.39
RCHGF003898	462	236.38	4	213.328
RCHGF003899	1965	1731.97	2	14.5576
RCHGF003900	957	723.972	5	87.0658
RCHGF003901	1200	966.972	5	65.1862
RCHGF003902	498	270.596	3	139.765
RCHGF003903	297	98.1638	0	0
RCHGF003904	651	418.991	9	270.793
RCHGF003905	2928	2694.97	6	28.067
RCHGF003906	969	735.972	0	0
RCHGF003907	312	109.018	0	0
RCHGF003908	1191	957.972	3	39.4792
RCHGF003909	948	714.972	7	123.426
RCHGF003910	2499	2265.97	3	16.6904
RCHGF003911	1692	1458.97	3	25.9223
RCHGF003912	1398	1164.97	1	10.8214
RCHGF003913	3078	2844.97	14	62.0368
RCHGF003914	486	259.099	1	48.6556
RCHGF003915	132	16.1378	0	0
RCHGF003917	309	106.859	2	235.949
RCHGF003918	312	109.018	0	0
RCHGF003919	282	87.3363	2	288.692
RCHGF003920	1287	1053.97	11	131.572
RCHGF003921	426	203.062	6	372.497
RCHGF003922	1071	837.972	3	45.1327
RCHGF003923	750	517.299	0	0
RCHGF003924	567	337.25	0	0
RCHGF003925	762	529.249	2	47.6398
RCHGF003926	582	352.048	0	0
RCHGF003927	636	404.071	0	0
RCHGF003928	1011	777.972	4	64.818
RCHGF003929	351	139.257	0	0
RCHGF003930	660	427.825	1	29.4668
RCHGF003931	1302	1068.97	1	11.7932
RCHGF003932	288	91.4858	0	0
RCHGF003933	2289	2055.97	2	12.2634
RCHGF003934	1605	1371.97	5	45.9435
RCHGF003935	513	284.855	1	44.2564
RCHGF003936	2199	1965.97	2	12.8248
RCHGF003937	498	270.596	1	46.5883
RCHGF003938	120	13.2402	0	0
RCHGF003939	426	203.062	0	0
RCHGF003940	123	13.9583	0	0
RCHGF003941	117	12.5899	0	0
RCHGF003942	471	244.926	0	0
RCHGF003943	789	556.092	3	68.0102
RCHGF003944	489	262.022	2	96.2259
RCHGF003945	576	346.116	4	145.693
RCHGF003946	1104	870.972	4	57.8969
RCHGF003947	936	702.972	19	340.734
RCHGF003948	507	279.16	49	2212.8
RCHGF003949	465	239.215	0	0
RCHGF003950	1698	1464.97	3	25.8161
RCHGF003951	255	69.8913	0	0
RCHGF003952	291	93.6448	0	0
RCHGF003953	1863	1629.97	7	54.1399
RCHGF003954	336	127.226	0	0
RCHGF003955	153	22.6145	1	557.458
RCHGF003956	630	398.11	3	94.9986
RCHGF003957	1074	840.972	1	14.9906
RCHGF003958	930	696.972	1	18.0877
RCHGF003959	1125	891.972	3	42.4003
RCHGF003960	1200	966.972	2	26.0745
RCHGF003961	2361	2127.97	26	154.031
RCHGF003962	1551	1317.97	3	28.6955
RCHGF003963	936	702.972	9	161.4
RCHGF003964	150	22.0117	145	83045.1
RCHGF003965	273	81.3172	1	155.03
RCHGF003966	450	225.258	1	55.9654
RCHGF003967	417	195.087	0	0
RCHGF003968	669	436.825	1	28.8597
RCHGF003969	858	625.037	1	20.1694
RCHGF003970	609	378.158	7	233.359
RCHGF003971	1929	1695.97	4	29.7331
RCHGF003972	2493	2259.97	5	27.8911
RCHGF003973	1257	1023.97	4	49.246
RCHGF003974	1788	1554.97	15	121.61
RCHGF003975	2178	1944.97	28	181.486
RCHGF003976	417	195.087	2	129.241
RCHGF003977	513	284.855	1	44.2564
RCHGF003978	522	293.486	1	42.9549
RCHGF003979	708	475.695	0	0
RCHGF003980	441	217.08	1	58.0738
RCHGF003981	996	762.972	0	0
RCHGF003982	351	139.257	0	0
RCHGF003983	1374	1140.97	2	22.0981
RCHGF003984	138	17.5745	0	0
RCHGF003985	279	85.2544	43	6358.45
RCHGF003986	735	502.646	0	0
RCHGF003987	546	316.818	3	119.374
RCHGF003988	981	747.972	1	16.8544
RCHGF003989	570	340.183	0	0
RCHGF003990	510	281.883	0	0
RCHGF003991	327	119.949	0	0
RCHGF003992	735	502.646	1	25.0806
RCHGF003993	756	523.249	8	192.744
RCHGF003994	783	550.145	3	68.7453
RCHGF003995	1323	1089.97	3	34.6981
RCHGF003996	1458	1224.97	4	41.1655
RCHGF003997	894	661.037	4	76.284
RCHGF003998	795	562.037	10	224.303
RCHGF003999	198	40.3119	0	0
RCHGF004000	924	690.972	0	0
RCHGF004001	984	750.972	6	100.723
RCHGF004002	678	445.739	4	113.13
RCHGF004003	1218	984.972	6	76.7939
RCHGF004004	378	161.075	1	78.2656
RCHGF004005	486	259.099	0	0
RCHGF004006	288	91.4858	0	0
RCHGF004007	594	363.45	4	138.744
RCHGF004008	948	714.972	0	0
RCHGF004009	939	705.972	1	17.8571
RCHGF004010	1245	1011.97	0	0
RCHGF004011	759	526.249	0	0
RCHGF004012	636	404.071	1	31.1991
RCHGF004013	1686	1452.97	2	17.3529
RCHGF004014	465	239.215	3	158.1
RCHGF004015	360	146.382	1	86.1216
RCHGF004016	408	186.727	0	0
RCHGF004017	897	664.037	0	0
RCHGF004018	738	505.449	1	24.9415
RCHGF004019	312	109.018	0	0
RCHGF004020	1380	1146.97	8	87.9299
RCHGF004021	1764	1530.97	5	41.172
RCHGF004022	1194	960.972	9	118.068
RCHGF004023	660	427.825	9	265.202
RCHGF004024	510	281.883	2	89.446
RCHGF004025	909	675.972	6	111.898
RCHGF004027	147	20.9397	0	0
RCHGF004028	879	646.037	2	39.0276
RCHGF004029	528	299.339	7	294.804
RCHGF004030	1062	828.972	10	152.076
RCHGF004031	2070	1836.97	8	54.9018
RCHGF004032	609	378.158	5	166.685
RCHGF004033	462	236.38	0	0
RCHGF004034	993	759.972	0	0
RCHGF004035	951	717.972	0	0
RCHGF004036	297	98.1638	0	0
RCHGF004037	351	139.257	0	0
RCHGF004038	162	25.5136	0	0
RCHGF004039	417	195.087	0	0
RCHGF004040	435	211.315	0	0
RCHGF004041	327	119.949	0	0
RCHGF004042	561	331.283	5	190.27
RCHGF004043	972	738.972	1	17.0597
RCHGF004044	654	421.991	1	29.8742
RCHGF004045	1308	1074.97	3	35.1822
RCHGF004046	999	765.972	5	82.2918
RCHGF004047	1590	1356.97	2	18.5805
RCHGF004048	180	32.4159	0	0
RCHGF004049	1476	1242.97	0	0
RCHGF004050	282	87.3363	111	16022.4
RCHGF004051	702	469.695	10	268.401
RCHGF004052	1200	966.972	2	26.0745
RCHGF004053	303	102.235	1	123.31
RCHGF004054	399	178.881	1	70.4751
RCHGF004055	438	214.145	0	0
RCHGF004056	357	143.877	0	0
RCHGF004057	339	129.76	0	0
RCHGF004058	738	505.449	1	24.9415
RCHGF004059	1332	1098.97	0	0
RCHGF004060	705	472.695	2	53.3395
RCHGF004061	1428	1194.97	16	168.796
RCHGF004062	1599	1365.97	16	147.665
RCHGF004063	570	340.183	2	74.1168
RCHGF004064	1254	1020.97	8	98.7815
RCHGF004065	1299	1065.97	2	23.6529
RCHGF004066	834	601.037	5	104.874
RCHGF004067	921	687.972	14	256.541
RCHGF004068	660	427.825	10	294.668
RCHGF004069	621	389.187	0	0
RCHGF004070	1179	945.972	4	53.3066
RCHGF004071	831	598.037	0	0
RCHGF004072	999	765.972	12	197.5
RCHGF004073	1659	1425.97	11	97.2481
RCHGF004074	777	544.145	1	23.1678
RCHGF004075	1875	1641.97	11	84.4552
RCHGF004076	840	607.037	0	0
RCHGF004077	210	46.2837	0	0
RCHGF004078	1326	1092.97	8	92.2742
RCHGF004079	375	158.507	3	238.6
RCHGF004080	900	666.972	2	37.8026
RCHGF004081	327	119.949	95	9984.47
RCHGF004082	555	325.347	1	38.7483
RCHGF004083	1374	1140.97	2	22.0981
RCHGF004084	942	708.972	3	53.3447
RCHGF004085	828	595.037	2	42.3726
RCHGF004086	951	717.972	3	52.676
RCHGF004087	576	346.116	6	218.539
RCHGF004088	114	11.8429	0	0
RCHGF004089	792	559.092	0	0
RCHGF004090	930	696.972	1	18.0877
RCHGF004091	921	687.972	1	18.3244
RCHGF004092	900	666.972	0	0
RCHGF004093	438	214.145	0	0
RCHGF004094	426	203.062	2	124.166
RCHGF004095	150	22.0117	0	0
RCHGF004096	1743	1509.97	11	91.8382
RCHGF004097	1335	1101.97	5	57.2004
RCHGF004099	735	502.646	2	50.1611
RCHGF004101	642	410.031	0	0
RCHGF004102	201	41.8356	0	0
RCHGF004103	177	31.3249	0	0
RCHGF004104	1191	957.972	1	13.1597
RCHGF004105	123	13.9583	0	0
RCHGF004106	1626	1392.97	1	9.05018
RCHGF004107	822	589.037	0	0
RCHGF004108	831	598.037	0	0
RCHGF004109	4233	3999.97	2	6.30336
RCHGF004110	450	225.258	0	0
RCHGF004111	171	28.7073	0	0
RCHGF004112	132	16.1378	0	0
RCHGF004113	489	262.022	0	0
RCHGF004114	879	646.037	1	19.5138
RCHGF004115	2790	2556.97	3	14.7909
RCHGF004116	132	16.1378	0	0
RCHGF004117	432	208.442	0	0
RCHGF004118	492	265.022	0	0
RCHGF004119	774	541.145	0	0
RCHGF004120	816	583.037	1	21.6224
RCHGF004121	1680	1446.97	16	139.399
RCHGF004122	795	562.037	0	0
RCHGF004123	636	404.071	0	0
RCHGF004125	1497	1263.97	21	209.45
RCHGF004126	1089	855.972	0	0
RCHGF004127	300	99.9898	0	0
RCHGF004128	666	433.825	0	0
RCHGF004129	810	577.037	0	0
RCHGF004130	1371	1137.97	0	0
RCHGF004131	1440	1206.97	0	0
RCHGF004132	1437	1203.97	2	20.9418
RCHGF004133	1383	1149.97	0	0
RCHGF004134	837	604.037	0	0
RCHGF004135	438	214.145	0	0
RCHGF004136	123	13.9583	0	0
RCHGF004137	915	681.972	0	0
RCHGF004138	885	652.037	1	19.3342
RCHGF004139	1014	780.972	0	0
RCHGF004140	1158	924.972	3	40.8876
RCHGF004141	306	104.515	1	120.62
RCHGF004142	237	59.9487	0	0
RCHGF004143	642	410.031	2	61.4911
RCHGF004144	807	574.037	0	0
RCHGF004145	762	529.249	0	0
RCHGF004146	462	236.38	0	0
RCHGF004147	417	195.087	0	0
RCHGF004148	2715	2481.97	2	10.1586
RCHGF004149	966	732.972	0	0
RCHGF004150	804	571.037	0	0
RCHGF004151	1179	945.972	0	0
RCHGF004152	861	628.037	0	0
RCHGF004153	123	13.9583	0	0
RCHGF004154	147	20.9397	0	0
RCHGF004155	183	33.6823	0	0
RCHGF004156	636	404.071	0	0
RCHGF004157	945	711.972	0	0
RCHGF004158	780	547.145	0	0
RCHGF004159	999	765.972	2	32.9167
RCHGF004160	687	454.695	3	83.1765
RCHGF004161	657	424.991	0	0
RCHGF004162	1809	1575.97	2	15.9986
RCHGF004163	1176	942.972	0	0
RCHGF004164	1455	1221.97	1	10.3166
RCHGF004165	636	404.071	0	0
RCHGF004166	258	71.6528	0	0
RCHGF004167	345	134.37	0	0
RCHGF004168	597	366.414	0	0
RCHGF004169	6609	6375.97	2	3.95442
RCHGF004170	438	214.145	0	0
RCHGF004171	840	607.037	0	0
RCHGF004172	297	98.1638	1	128.425
RCHGF004173	1464	1230.97	3	30.7236
RCHGF004174	780	547.145	0	0
RCHGF004175	1092	858.972	1	14.6764
RCHGF004176	2604	2370.97	0	0
RCHGF004177	750	517.299	0	0
RCHGF004178	159	24.7708	0	0
RCHGF004179	708	475.695	0	0
RCHGF004180	636	404.071	0	0
RCHGF004181	450	225.258	0	0
RCHGF004182	165	26.8171	0	0
RCHGF004183	777	544.145	0	0
RCHGF004184	111	11.4951	0	0
RCHGF004185	1401	1167.97	1	10.7936
RCHGF004186	756	523.249	1	24.093
RCHGF004187	798	565.037	1	22.3112
RCHGF004188	858	625.037	5	100.847
RCHGF004189	825	592.037	1	21.2937
RCHGF004190	1317	1083.97	0	0
RCHGF004191	1437	1203.97	0	0
RCHGF004192	1848	1614.97	1	7.8061
RCHGF004193	837	604.037	0	0
RCHGF004194	435	211.315	0	0
RCHGF004195	2508	2274.97	2	11.0829
RCHGF004196	1329	1095.97	1	11.5027
RCHGF004197	120	13.2402	0	0
RCHGF004198	1590	1356.97	0	0
RCHGF004199	708	475.695	0	0
RCHGF004200	1215	981.972	3	38.5143
RCHGF004201	522	293.486	1	42.9549
RCHGF004202	699	466.695	36	972.454
RCHGF004203	579	349.048	0	0
RCHGF004204	1176	942.972	1	13.3691
RCHGF004205	984	750.972	0	0
RCHGF004206	1164	930.972	2	27.0827
RCHGF004207	363	148.832	7	592.925
RCHGF004208	957	723.972	6	104.479
RCHGF004209	396	176.226	2	143.074
RCHGF004210	363	148.832	0	0
RCHGF004211	114	11.8429	1	1064.49
RCHGF004212	771	538.145	1	23.4261
RCHGF004213	645	412.991	1	30.5252
RCHGF004214	1302	1068.97	4	47.173
RCHGF004215	438	214.145	0	0
RCHGF004216	510	281.883	1	44.723
RCHGF004217	354	141.487	1	89.101
RCHGF004218	543	314.097	0	0
RCHGF004219	393	173.944	3	217.426
RCHGF004220	537	308.22	4	163.606
RCHGF004221	321	115.328	0	0
RCHGF004222	366	151.278	2	166.669
RCHGF004223	258	71.6528	1	175.941
RCHGF004224	198	40.3119	0	0
RCHGF004225	414	192.303	3	196.668
RCHGF004226	789	556.092	1	22.6701
RCHGF004227	333	124.713	3	303.256
RCHGF004228	276	83.2917	2	302.711
RCHGF004229	831	598.037	4	84.3202
RCHGF004230	294	95.9726	1	131.357
RCHGF004231	627	395.11	1	31.9066
RCHGF004232	684	451.739	4	111.628
RCHGF004233	726	493.695	0	0
RCHGF004234	738	505.449	0	0
RCHGF004235	996	762.972	0	0
RCHGF004236	765	532.145	0	0
RCHGF004238	309	106.859	2	235.949
RCHGF004239	216	49.1325	1	256.584
RCHGF004240	1182	948.972	201	2670.19
RCHGF004241	2076	1842.97	9	61.5635
RCHGF004242	468	242.096	4	208.292
RCHGF004243	420	197.669	8	510.212
RCHGF004244	810	577.037	3	65.5416
RCHGF004245	1350	1116.97	0	0
RCHGF004247	543	314.097	1	40.1362
RCHGF004248	189	36.0706	0	0
RCHGF004249	279	85.2544	0	0
RCHGF004250	450	225.258	1	55.9654
RCHGF004251	807	574.037	5	109.807
RCHGF004252	432	208.442	2	120.961
RCHGF004253	153	22.6145	0	0
RCHGF004254	234	58.327	41	8861.63
RCHGF004255	369	153.506	13	1067.62
RCHGF004256	1287	1053.97	280	3349.1
RCHGF004257	120	13.2402	0	0
RCHGF004258	192	37.4118	9	3032.73
RCHGF004259	402	181.384	21	1459.55
RCHGF004260	918	684.972	1	18.4046
RCHGF004261	462	236.38	0	0
RCHGF004262	120	13.2402	0	0
RCHGF004263	330	122.275	0	0
RCHGF004264	1041	807.972	0	0
RCHGF004265	708	475.695	0	0
RCHGF004266	1917	1683.97	2	14.9725
RCHGF004267	702	469.695	0	0
RCHGF004268	3519	3285.97	1	3.8365
RCHGF004269	366	151.278	0	0
RCHGF004270	609	378.158	0	0
RCHGF004271	480	253.455	0	0
RCHGF004272	318	113.378	1	111.191
RCHGF004273	360	146.382	0	0
RCHGF004274	267	77.1662	0	0
RCHGF004275	1683	1449.97	1	8.6944
RCHGF004276	570	340.183	1	37.0584
RCHGF004277	1212	978.972	2	25.7549
RCHGF004278	1734	1500.97	0	0
RCHGF004279	390	171.654	0	0
RCHGF004280	249	66.597	0	0
RCHGF004281	291	93.6448	3	403.866
RCHGF004282	144	19.8275	0	0
RCHGF004283	306	104.515	0	0
RCHGF004284	207	44.573	0	0
RCHGF004285	396	176.226	1	71.5369
RCHGF004286	219	50.7722	0	0
RCHGF004287	852	619.037	0	0
RCHGF004288	219	50.7722	0	0
RCHGF004289	585	355.048	1	35.5069
RCHGF004290	261	73.6432	0	0
RCHGF004291	204	43.1859	0	0
RCHGF004292	456	230.732	0	0
RCHGF004293	1383	1149.97	0	0
RCHGF004294	894	661.037	1	19.071
RCHGF004295	315	111.228	0	0
RCHGF004296	156	23.9251	0	0
RCHGF004297	906	672.972	0	0
RCHGF004298	540	311.22	1	40.5071
RCHGF004299	255	69.8913	1	180.375
RCHGF004300	123	13.9583	0	0
RCHGF004301	189	36.0706	1	349.499
RCHGF004302	171	28.7073	1	439.144
RCHGF004303	177	31.3249	0	0
RCHGF004304	168	27.7616	0	0
RCHGF004305	303	102.235	7	863.172
RCHGF004306	390	171.654	4	293.768
RCHGF004307	918	684.972	24	441.711
RCHGF004308	1407	1173.97	5	53.6923
