-e target_id	length	eff_length	Coculture_PT33_HGF2_Early_Replicate_3_HGF2_counts	tpm
RCHGF000001	708	479.14	0	0
RCHGF000002	762	533.14	3	34.5227
RCHGF000003	780	551.14	1	11.1317
RCHGF000004	882	653.14	6	56.3598
RCHGF000005	903	674.14	0	0
RCHGF000006	1215	985.947	3	18.6678
RCHGF000007	855	626.14	4	39.1934
RCHGF000008	561	334.602	2	36.6713
RCHGF000009	522	297.151	1	20.6465
RCHGF000010	447	227.145	0	0
RCHGF000011	714	485.14	1	12.6461
RCHGF000012	1449	1219.95	4	20.1161
RCHGF000013	144	20.4641	0	0
RCHGF000014	639	410.798	2	29.8694
RCHGF000015	480	257.168	8	190.852
RCHGF000016	744	515.14	1	11.9097
RCHGF000017	849	620.14	0	0
RCHGF000018	387	174.541	0	0
RCHGF000020	519	294.488	2	41.6665
RCHGF000021	156	24.5149	0	0
RCHGF000022	918	688.947	13	115.766
RCHGF000023	1470	1240.95	3	14.8317
RCHGF000024	948	718.947	12	102.402
RCHGF000025	2820	2590.95	28	66.3016
RCHGF000026	528	302.637	0	0
RCHGF000027	480	257.168	1	23.8566
RCHGF000028	747	518.14	2	23.6814
RCHGF000029	852	623.14	14	137.837
RCHGF000030	852	623.14	2	19.6911
RCHGF000031	2136	1906.95	8	25.7381
RCHGF000032	114	13.7056	0	0
RCHGF000033	1155	925.947	5	33.129
RCHGF000034	2412	2182.95	32	89.9355
RCHGF000035	642	413.798	5	74.1321
RCHGF000036	945	715.947	22	188.524
RCHGF000037	399	183.962	13	433.55
RCHGF000038	1875	1645.95	4	14.9097
RCHGF000039	699	470.14	3	39.1488
RCHGF000040	2544	2314.95	17	45.0539
RCHGF000041	1098	868.947	2	14.1209
RCHGF000042	2586	2356.95	6	15.618
RCHGF000043	3450	3220.95	15	28.5714
RCHGF000044	390	176.768	1	34.7074
RCHGF000045	834	605.14	2	20.2768
RCHGF000046	816	587.14	0	0
RCHGF000047	1971	1741.95	419	1475.72
RCHGF000048	813	584.14	1022	10733.9
RCHGF000049	1026	796.947	13	100.078
RCHGF000050	1857	1627.95	19	71.6041
RCHGF000051	1692	1462.95	14	58.7116
RCHGF000052	126	15.8497	0	0
RCHGF000053	165	27.7747	0	0
RCHGF000054	135	17.9059	1	342.633
RCHGF000055	447	227.145	0	0
RCHGF000056	126	15.8497	0	0
RCHGF000057	408	192.126	1	31.933
RCHGF000058	639	410.798	0	0
RCHGF000059	933	703.947	1	8.71534
RCHGF000060	675	446.184	2	27.5005
RCHGF000061	744	515.14	2	23.8193
RCHGF000062	1182	952.947	9	57.9426
RCHGF000063	1974	1744.95	6	21.0957
RCHGF000064	1479	1249.95	10	49.0832
RCHGF000065	900	671.14	14	127.979
RCHGF000066	687	458.184	11	147.292
RCHGF000067	1395	1165.95	4	21.0477
RCHGF000068	894	665.14	5	46.1192
RCHGF000069	687	458.184	3	40.1704
RCHGF000070	873	644.14	5	47.6227
RCHGF000071	363	154.669	0	0
RCHGF000072	117	13.9932	0	0
RCHGF000073	861	632.14	2	19.4107
RCHGF000074	732	503.14	2	24.3874
RCHGF000075	207	47.7749	0	0
RCHGF000076	276	89.1079	19	1308.16
RCHGF000077	288	97.4661	27	1699.55
RCHGF000078	1566	1336.95	3	13.7668
RCHGF000079	288	97.4661	2	125.893
RCHGF000080	459	237.769	0	0
RCHGF000081	450	229.924	0	0
RCHGF000082	411	194.384	2	63.1239
RCHGF000083	369	159.713	2	76.8269
RCHGF000084	1497	1267.95	1	4.83864
RCHGF000085	726	497.14	0	0
RCHGF000086	585	358.245	0	0
RCHGF000087	1785	1555.95	1	3.94303
RCHGF000088	1746	1516.95	2	8.0888
RCHGF000089	615	387.813	10	158.199
RCHGF000090	354	147.353	1	41.6356
RCHGF000091	1878	1648.95	14	52.089
RCHGF000092	1446	1216.95	28	141.16
RCHGF000093	513	288.626	47	999.05
RCHGF000094	672	443.393	2	27.6736
RCHGF000095	1434	1204.95	3	15.2749
RCHGF000096	987	757.947	1	8.09441
RCHGF000097	1050	820.947	4	29.893
RCHGF000098	1203	973.947	2	12.5985
RCHGF000099	1329	1099.95	0	0
RCHGF000100	207	47.7749	0	0
RCHGF000101	765	536.14	3	34.3295
RCHGF000102	1164	934.947	2	13.124
RCHGF000103	1707	1477.95	50	207.556
RCHGF000104	1047	817.947	1	7.50065
RCHGF000105	2346	2116.95	10	28.9811
RCHGF000106	753	524.14	1	11.7052
RCHGF000107	195	41.7147	6	882.442
RCHGF000108	195	41.7147	0	0
RCHGF000109	666	437.393	0	0
RCHGF000110	1152	922.947	0	0
RCHGF000111	1008	778.947	31	244.162
RCHGF000112	996	766.947	4	31.9977
RCHGF000113	828	599.14	0	0
RCHGF000114	798	569.14	0	0
RCHGF000115	474	251.458	0	0
RCHGF000116	417	199.979	2	61.358
RCHGF000117	819	590.14	0	0
RCHGF000118	2754	2524.95	5	12.149
RCHGF000119	981	751.947	2	16.318
RCHGF000121	474	251.458	1	24.3982
RCHGF000122	912	683.14	1	8.9808
RCHGF000123	1251	1021.95	5	30.0169
RCHGF000124	492	268.39	7	160.014
RCHGF000125	672	443.393	1	13.8368
RCHGF000126	375	164.917	0	0
RCHGF000127	1632	1402.95	0	0
RCHGF000128	333	130.827	0	0
RCHGF000129	1206	976.947	0	0
RCHGF000130	1470	1240.95	2	9.88783
RCHGF000131	987	757.947	0	0
RCHGF000132	900	671.14	4	36.5655
RCHGF000133	657	428.798	4	57.2311
RCHGF000134	2331	2101.95	12	35.0255
RCHGF000135	1776	1546.95	12	47.5916
RCHGF000136	120	14.5436	0	0
RCHGF000137	597	370.176	1	16.5736
RCHGF000138	1125	895.947	15	102.715
RCHGF000139	978	748.947	0	0
RCHGF000140	489	265.747	3	69.2593
RCHGF000141	1188	958.947	15	95.9668
RCHGF000142	135	17.9059	0	0
RCHGF000143	174	31.9369	0	0
RCHGF000144	735	506.14	1	12.1214
RCHGF000145	702	473.14	2	25.9337
RCHGF000146	777	548.14	0	0
RCHGF000147	243	67.9615	0	0
RCHGF000148	399	183.962	49	1634.15
RCHGF000149	750	521.14	2	23.5451
RCHGF000151	2724	2494.95	9	22.1312
RCHGF000152	729	500.14	0	0
RCHGF000153	444	224.385	3	82.0261
RCHGF000154	765	536.14	2	22.8863
RCHGF000155	1194	964.947	2	12.716
RCHGF000156	909	680.14	0	0
RCHGF000157	744	515.14	1	11.9097
RCHGF000158	555	328.726	0	0
RCHGF000159	1041	811.947	0	0
RCHGF000160	927	697.947	0	0
RCHGF000161	1488	1258.95	0	0
RCHGF000162	1671	1441.95	3	12.7643
RCHGF000163	1053	823.947	2	14.8921
RCHGF000165	1038	808.947	6	45.5046
RCHGF000166	2400	2170.95	23	64.9985
RCHGF000167	120	14.5436	0	0
RCHGF000168	873	644.14	57	542.899
RCHGF000169	1836	1606.95	82	313.067
RCHGF000170	552	325.726	10	188.353
RCHGF000171	1230	1000.95	6	36.776
RCHGF000172	558	331.602	1	18.5015
RCHGF000173	468	246.076	4	99.7276
RCHGF000174	150	22.1394	4	1108.46
RCHGF000175	1656	1426.95	33	141.883
RCHGF000176	873	644.14	12	114.295
RCHGF000177	390	176.768	51	1770.08
RCHGF000178	876	647.14	106	1004.92
RCHGF000179	996	766.947	33	263.981
RCHGF000180	120	14.5436	0	0
RCHGF000181	813	584.14	7	73.5201
RCHGF000182	786	557.14	0	0
RCHGF000183	1230	1000.95	8	49.0347
RCHGF000184	447	227.145	4	108.039
RCHGF000185	1398	1168.95	11	57.7327
RCHGF000186	525	300.066	13	265.797
RCHGF000187	741	512.14	9	107.815
RCHGF000188	456	235.521	0	0
RCHGF000189	1380	1150.95	11	58.6356
RCHGF000190	1140	910.947	20	134.698
RCHGF000191	1401	1171.95	38	198.93
RCHGF000192	624	396.775	2	30.925
RCHGF000193	1539	1309.95	1	4.6835
RCHGF000194	1209	979.947	7	43.8248
RCHGF000195	897	668.14	0	0
RCHGF000196	1458	1228.95	1	4.99219
RCHGF000197	969	739.947	6	49.7479
RCHGF000198	1287	1057.95	2	11.5982
RCHGF000199	1242	1012.95	7	42.397
RCHGF000200	1446	1216.95	9	45.3728
RCHGF000201	1185	955.947	4	25.6715
RCHGF000202	162	26.8635	0	0
RCHGF000203	582	355.245	154	2659.61
RCHGF000204	1209	979.947	160	1001.71
RCHGF000205	720	491.14	43	537.141
RCHGF000206	1503	1273.95	93	447.874
RCHGF000207	1101	871.947	22	154.795
RCHGF000208	1332	1102.95	20	111.25
RCHGF000209	2175	1945.95	46	145.028
RCHGF000210	1710	1480.95	36	149.138
RCHGF000212	1578	1348.95	16	72.7695
RCHGF000213	1425	1195.95	16	82.0791
RCHGF000214	315	117.166	6	314.176
RCHGF000215	435	216.286	1	28.3658
RCHGF000216	723	494.14	4	49.6632
RCHGF000217	111	13.6007	0	0
RCHGF000218	651	422.798	2	29.0216
RCHGF000219	1050	820.947	4	29.893
RCHGF000220	132	17.2427	0	0
RCHGF000221	726	497.14	0	0
RCHGF000222	1038	808.947	13	98.5933
RCHGF000223	1254	1024.95	6	35.9149
RCHGF000224	654	425.798	5	72.0429
RCHGF000225	522	297.151	4	82.5862
RCHGF000226	1080	850.947	2	14.4196
RCHGF000227	282	93.3741	1	65.705
RCHGF000228	1026	796.947	6	46.1898
RCHGF000229	336	133.137	0	0
RCHGF000230	711	482.14	3	38.1745
RCHGF000231	678	449.184	1	13.6584
RCHGF000232	456	235.521	0	0
RCHGF000233	534	308.35	3	59.69
RCHGF000234	645	416.798	11	161.917
RCHGF000235	3291	3061.95	120	240.441
RCHGF000236	552	325.726	5	94.1764
RCHGF000237	2649	2419.95	76	192.678
RCHGF000238	321	121.666	6	302.557
RCHGF000240	942	712.947	45	387.239
RCHGF000241	588	361.245	9	152.85
RCHGF000242	459	237.769	7	180.621
RCHGF000243	1050	820.947	36	269.037
RCHGF000244	1551	1321.95	14	64.9738
RCHGF000245	783	554.14	19	210.358
RCHGF000246	1434	1204.95	17	86.5576
RCHGF000247	1656	1426.95	5	21.4974
RCHGF000248	2358	2128.95	20	57.6354
RCHGF000249	1101	871.947	35	246.265
RCHGF000250	1539	1309.95	35	163.923
RCHGF000251	1095	865.947	17	120.443
RCHGF000252	951	721.947	31	263.439
RCHGF000253	1254	1024.95	9	53.8723
RCHGF000254	1281	1051.95	22	128.308
RCHGF000255	426	207.985	1	29.498
RCHGF000256	600	373.176	21	345.247
RCHGF000257	1752	1522.95	6	24.1708
RCHGF000258	1128	898.947	5	34.124
RCHGF000259	1206	976.947	16	100.479
RCHGF000260	168	29.0627	50	10555
RCHGF000261	540	314.115	30	585.945
RCHGF000262	816	587.14	6	62.6952
RCHGF000263	1410	1180.95	10	51.951
RCHGF000264	978	748.947	1	8.19168
RCHGF000265	225	57.3206	0	0
RCHGF000266	207	47.7749	2	256.835
RCHGF000267	150	22.1394	1	277.115
RCHGF000268	213	50.9635	1	120.383
RCHGF000269	759	530.14	0	0
RCHGF000270	939	709.947	2	17.2834
RCHGF000271	114	13.7056	0	0
RCHGF000272	2676	2446.95	1	2.50726
RCHGF000273	270	84.88	2	144.56
RCHGF000274	204	46.2704	0	0
RCHGF000275	501	277.03	0	0
RCHGF000276	735	506.14	4	48.4857
RCHGF000277	585	358.245	1	17.1256
RCHGF000279	345	140.114	13	569.229
RCHGF000280	600	373.176	8	131.523
RCHGF000281	591	364.211	3	50.5351
RCHGF000282	864	635.14	3	28.9785
RCHGF000283	621	393.813	4	62.3153
RCHGF000284	375	164.917	5	186.007
RCHGF000285	429	210.699	5	145.59
RCHGF000286	945	715.947	94	805.511
RCHGF000287	729	500.14	2	24.5337
RCHGF000288	2244	2014.95	13	39.5826
RCHGF000289	1296	1066.95	24	138.004
RCHGF000290	906	677.14	5	45.3019
RCHGF000291	207	47.7749	0	0
RCHGF000292	951	721.947	1	8.49804
RCHGF000293	885	656.14	13	121.555
RCHGF000294	135	17.9059	0	0
RCHGF000295	711	482.14	5	63.6241
RCHGF000296	540	314.115	14	273.441
RCHGF000297	702	473.14	1	12.9669
RCHGF000298	771	542.14	6	67.8992
RCHGF000299	1164	934.947	14	91.8682
RCHGF000300	1056	826.947	11	81.6092
RCHGF000301	486	262.772	4	93.3912
RCHGF000302	1125	895.947	12	82.1719
RCHGF000303	264	80.4044	21	1602.37
RCHGF000304	873	644.14	6	57.1473
RCHGF000305	954	724.947	1	8.46288
RCHGF000306	294	101.934	0	0
RCHGF000307	939	709.947	3	25.925
RCHGF000308	1806	1576.95	1	3.89052
RCHGF000309	840	611.14	1	10.0389
RCHGF000310	1101	871.947	1	7.03614
RCHGF000311	1026	796.947	5	38.4915
RCHGF000312	264	80.4044	6	457.821
RCHGF000313	2208	1978.95	35	108.507
RCHGF000314	1389	1159.95	5	26.4458
RCHGF000315	669	440.393	1	13.9311
RCHGF000316	327	126.424	3	145.585
RCHGF000317	711	482.14	2	25.4496
RCHGF000318	1302	1072.95	5	28.5901
RCHGF000319	375	164.917	1	37.2015
RCHGF000320	549	322.726	9	171.093
RCHGF000321	993	763.947	32	256.987
RCHGF000323	1233	1003.95	4	24.4441
RCHGF000324	771	542.14	4	45.2661
RCHGF000325	576	349.343	2	35.1238
RCHGF000326	864	635.14	3	28.9785
RCHGF000327	177	33.2529	0	0
RCHGF000328	162	26.8635	1	228.382
RCHGF000329	930	700.947	3	26.2579
RCHGF000330	978	748.947	9	73.7252
RCHGF000331	1005	775.947	5	39.5332
RCHGF000332	798	569.14	0	0
RCHGF000333	522	297.151	0	0
RCHGF000334	1650	1420.95	22	94.9881
RCHGF000335	699	470.14	4	52.1984
RCHGF000336	459	237.769	4	103.212
RCHGF000337	1299	1069.95	9	51.6065
RCHGF000338	282	93.3741	8	525.64
RCHGF000339	558	331.602	3	55.5046
RCHGF000340	171	30.4915	0	0
RCHGF000341	330	128.693	2	95.3453
RCHGF000342	597	370.176	0	0
RCHGF000343	1161	931.947	1	6.58314
RCHGF000344	519	294.488	0	0
RCHGF000345	771	542.14	3	33.9496
RCHGF000346	564	337.602	0	0
RCHGF000347	645	416.798	1	14.7197
RCHGF000348	1029	799.947	2	15.3389
RCHGF000349	681	452.184	1	13.5678
RCHGF000350	831	602.14	12	122.267
RCHGF000351	402	186.834	0	0
RCHGF000352	1038	808.947	1	7.5841
RCHGF000353	771	542.14	2	22.6331
RCHGF000354	717	488.14	1	12.5684
RCHGF000355	150	22.1394	0	0
RCHGF000356	993	763.947	7	56.2159
RCHGF000357	1014	784.947	32	250.112
RCHGF000358	1263	1033.95	31	183.945
RCHGF000359	135	17.9059	0	0
RCHGF000360	903	674.14	4	36.4028
RCHGF000361	1992	1762.95	0	0
RCHGF000362	870	641.14	0	0
RCHGF000363	1176	946.947	0	0
RCHGF000364	510	285.789	0	0
RCHGF000365	1290	1060.95	4	23.1308
RCHGF000366	1002	772.947	3	23.812
RCHGF000367	759	530.14	6	69.4361
RCHGF000368	840	611.14	1	10.0389
RCHGF000369	1383	1153.95	7	37.2166
RCHGF000370	240	66.4831	0	0
RCHGF000372	2397	2167.95	6	16.9796
RCHGF000373	867	638.14	2	19.2282
RCHGF000374	1239	1009.95	9	54.6724
RCHGF000375	138	18.7254	1	327.638
RCHGF000377	215	52.0821	4	471.19
RCHGF000379	750	521.14	1	11.7725
RCHGF000380	594	367.176	2	33.418
RCHGF000381	330	128.693	1	47.6727
RCHGF000382	1098	868.947	2	14.1209
RCHGF000383	558	331.602	1	18.5015
RCHGF000384	300	105.847	0	0
RCHGF000385	1053	823.947	0	0
RCHGF000386	474	251.458	0	0
RCHGF000387	396	181.649	0	0
RCHGF000388	663	434.434	1	14.1222
RCHGF000389	834	605.14	0	0
RCHGF000390	744	515.14	0	0
RCHGF000391	735	506.14	7	84.8501
RCHGF000392	1053	823.947	1	7.44603
RCHGF000393	867	638.14	2	19.2282
RCHGF000394	1026	796.947	0	0
RCHGF000395	1431	1201.95	6	30.626
RCHGF000396	1275	1045.95	7	41.0594
RCHGF000397	561	334.602	0	0
RCHGF000398	3159	2929.95	2	4.18788
RCHGF000399	1293	1063.95	1	5.76639
RCHGF000400	300	105.847	0	0
RCHGF000401	309	112.707	0	0
RCHGF000402	645	416.798	1	14.7197
RCHGF000403	312	114.916	4	213.552
RCHGF000404	141	19.4826	0	0
RCHGF000405	591	364.211	0	0
RCHGF000406	1173	943.947	1	6.49945
RCHGF000407	1572	1342.95	4	18.2737
RCHGF000408	831	602.14	2	20.3778
RCHGF000409	468	246.076	2	49.8638
RCHGF000410	207	47.7749	1	128.418
RCHGF000411	462	240.517	0	0
RCHGF000412	300	105.847	0	0
RCHGF000413	288	97.4661	5	314.732
RCHGF000414	492	268.39	2	45.7182
RCHGF000415	240	66.4831	22	2030.19
RCHGF000416	1173	943.947	44	285.976
RCHGF000417	792	563.14	3	32.6836
RCHGF000418	3453	3223.95	10	19.0299
RCHGF000419	558	331.602	1	18.5015
RCHGF000420	162	26.8635	3	685.146
RCHGF000421	1353	1123.95	13	70.9613
RCHGF000422	804	575.14	0	0
RCHGF000423	1359	1129.95	0	0
RCHGF000424	852	623.14	2	19.6911
RCHGF000425	1041	811.947	1	7.55608
RCHGF000426	837	608.14	0	0
RCHGF000427	783	554.14	1	11.0715
RCHGF000428	477	254.168	0	0
RCHGF000429	438	219.159	0	0
RCHGF000430	1455	1225.95	0	0
RCHGF000431	843	614.14	0	0
RCHGF000432	1041	811.947	1	7.55608
RCHGF000433	1914	1684.95	0	0
RCHGF000434	666	437.393	0	0
RCHGF000435	717	488.14	0	0
RCHGF000436	465	243.146	0	0
RCHGF000437	1188	958.947	2	12.7956
RCHGF000438	1416	1186.95	4	20.6754
RCHGF000439	1086	856.947	3	21.4779
RCHGF000440	261	78.4807	0	0
RCHGF000441	2100	1870.95	3	9.83749
RCHGF000442	612	385.104	5	79.6556
RCHGF000443	993	763.947	9	72.2776
RCHGF000444	324	123.942	3	148.501
RCHGF000445	132	17.2427	0	0
RCHGF000446	381	169.408	0	0
RCHGF000447	135	17.9059	0	0
RCHGF000448	144	20.4641	0	0
RCHGF000449	1356	1126.95	7	38.1082
RCHGF000450	1116	886.947	12	83.0057
RCHGF000451	192	40.2759	0	0
RCHGF000452	201	44.7994	1	136.947
RCHGF000453	1098	868.947	7	49.423
RCHGF000454	1941	1711.95	4	14.3349
RCHGF000455	2511	2281.95	19	51.0825
RCHGF000457	1284	1054.95	5	29.0779
RCHGF000459	453	232.656	3	79.1101
RCHGF000460	1806	1576.95	10	38.9052
RCHGF000461	306	110.45	5	277.733
RCHGF000462	594	367.176	7	116.963
RCHGF000463	933	703.947	1	8.71534
RCHGF000464	555	328.726	3	55.9901
RCHGF000465	771	542.14	9	101.849
RCHGF000466	1218	988.947	20	124.074
RCHGF000467	2529	2299.95	8	21.3401
RCHGF000468	2085	1855.95	1	3.30567
RCHGF000469	909	680.14	0	0
RCHGF000470	738	509.14	2	24.1
RCHGF000471	777	548.14	5	55.9633
RCHGF000472	843	614.14	1	9.98981
RCHGF000473	336	133.137	0	0
RCHGF000474	558	331.602	6	111.009
RCHGF000475	648	419.798	27	394.592
RCHGF000476	147	21.2598	0	0
RCHGF000477	630	401.987	0	0
RCHGF000478	975	745.947	8	65.797
RCHGF000479	1068	838.947	6	43.8774
RCHGF000480	855	626.14	11	107.782
RCHGF000481	693	464.184	0	0
RCHGF000482	678	449.184	0	0
RCHGF000483	1641	1411.95	3	13.0355
RCHGF000484	2343	2113.95	8	23.2178
RCHGF000485	546	319.726	2	38.3775
RCHGF000486	111	13.6007	0	0
RCHGF000487	486	262.772	1	23.3478
RCHGF000488	441	221.945	2	55.2853
RCHGF000489	1035	805.947	0	0
RCHGF000490	312	114.916	0	0
RCHGF000491	2640	2410.95	4	10.1788
RCHGF000492	1941	1711.95	10	35.8372
RCHGF000493	366	157.364	3	116.961
RCHGF000494	1773	1543.95	14	55.6314
RCHGF000495	477	254.168	10	241.381
RCHGF000496	765	536.14	1	11.4432
RCHGF000497	762	533.14	2	23.0151
RCHGF000498	939	709.947	5	43.2084
RCHGF000499	846	617.14	2	19.8825
RCHGF000500	1260	1030.95	9	53.5588
RCHGF000501	1014	784.947	9	70.3439
RCHGF000502	1095	865.947	1	7.08489
RCHGF000503	1011	781.947	5	39.2299
RCHGF000504	1083	853.947	11	79.0289
RCHGF000505	1233	1003.95	7	42.7771
RCHGF000506	165	27.7747	0	0
RCHGF000507	921	691.947	1	8.86648
RCHGF000508	348	142.534	0	0
RCHGF000509	138	18.7254	2	655.275
RCHGF000510	153	23.321	1	263.073
RCHGF000512	498	274.082	0	0
RCHGF000513	3693	3463.95	11	19.4826
RCHGF000514	1572	1342.95	1	4.56841
RCHGF000515	1029	799.947	2	15.3389
RCHGF000516	585	358.245	2	34.2511
RCHGF000517	1530	1300.95	1	4.7159
RCHGF000518	438	219.159	1	27.994
RCHGF000519	690	461.184	2	26.6061
RCHGF000520	750	521.14	5	58.8627
RCHGF000521	1224	994.947	1	6.1663
RCHGF000522	714	485.14	4	50.5845
RCHGF000523	369	159.713	3	115.24
RCHGF000524	327	126.424	2	97.0569
RCHGF000526	186	37.4792	0	0
RCHGF000527	561	334.602	0	0
RCHGF000528	807	578.14	0	0
RCHGF000529	627	399.438	0	0
RCHGF000530	273	87.0584	3	211.415
RCHGF000531	678	449.184	3	40.9753
RCHGF000532	1053	823.947	5	37.2302
RCHGF000533	978	748.947	3	24.5751
RCHGF000534	519	294.488	4	83.3329
RCHGF000535	702	473.14	23	298.238
RCHGF000536	573	346.343	1	17.714
RCHGF000537	1323	1093.95	11	61.6908
RCHGF000538	639	410.798	3	44.8041
RCHGF000539	1641	1411.95	8	34.7613
RCHGF000540	1764	1534.95	8	31.9758
RCHGF000541	756	527.14	2	23.2771
RCHGF000542	894	665.14	8	73.7907
RCHGF000543	2409	2179.95	9	25.3292
RCHGF000544	1371	1141.95	3	16.1176
RCHGF000545	960	730.947	17	142.688
RCHGF000546	165	27.7747	0	0
RCHGF000547	378	167.209	2	73.3829
RCHGF000548	426	207.985	0	0
RCHGF000549	471	248.649	0	0
RCHGF000550	840	611.14	0	0
RCHGF000551	702	473.14	0	0
RCHGF000552	1836	1606.95	2	7.63577
RCHGF000553	312	114.916	0	0
RCHGF000554	1257	1027.95	1	5.96834
RCHGF000555	345	140.114	1	43.7868
RCHGF000556	1443	1213.95	1	5.05388
RCHGF000557	873	644.14	3	28.5736
RCHGF000558	795	566.14	5	54.184
RCHGF000559	747	518.14	3	35.5221
RCHGF000560	1356	1126.95	2	10.8881
RCHGF000561	453	232.656	1	26.37
RCHGF000562	477	254.168	1	24.1381
RCHGF000563	1587	1357.95	2	9.0359
RCHGF000564	816	587.14	0	0
RCHGF000565	543	316.846	1	19.3631
RCHGF000566	600	373.176	2	32.8807
RCHGF000567	873	644.14	4	38.0982
RCHGF000568	837	608.14	9	90.7954
RCHGF000569	828	599.14	45	460.796
RCHGF000570	717	488.14	11	138.253
RCHGF000571	1341	1111.95	76	419.328
RCHGF000572	774	545.14	5	56.2713
RCHGF000573	1353	1123.95	40	218.343
RCHGF000574	951	721.947	18	152.965
RCHGF000575	354	147.353	8	333.085
RCHGF000576	1647	1417.95	0	0
RCHGF000577	669	440.393	0	0
RCHGF000578	1110	880.947	9	62.6783
RCHGF000579	714	485.14	8	101.169
RCHGF000580	504	279.977	2	43.8261
RCHGF000581	762	533.14	21	241.659
RCHGF000582	762	533.14	1	11.5076
RCHGF000583	768	539.14	2	22.759
RCHGF000584	357	149.755	0	0
RCHGF000585	252	73.0874	1250	104928
RCHGF000586	1329	1099.95	3	16.733
RCHGF000587	765	536.14	4	45.7727
RCHGF000588	222	55.6805	0	0
RCHGF000589	369	159.713	7	268.894
RCHGF000590	357	149.755	4	163.871
RCHGF000592	3047	2817.95	11	23.9488
RCHGF000594	1983	1753.95	3	10.4937
RCHGF000595	1425	1195.95	3	15.3898
RCHGF000596	237	64.5343	0	0
RCHGF000597	180	34.7247	0	0
RCHGF000598	903	674.14	0	0
RCHGF000599	882	653.14	1	9.39331
RCHGF000600	1116	886.947	0	0
RCHGF000601	1755	1525.95	3	12.0616
RCHGF000602	1134	904.947	6	40.6773
RCHGF000603	1032	802.947	1	7.64077
RCHGF000604	1392	1162.95	7	36.9286
RCHGF000605	891	662.14	10	92.6563
RCHGF000606	1026	796.947	6	46.1898
RCHGF000607	1707	1477.95	1	4.15112
RCHGF000608	1455	1225.95	2	10.0088
RCHGF000609	1098	868.947	0	0
RCHGF000610	951	721.947	0	0
RCHGF000611	900	671.14	0	0
RCHGF000612	1146	916.947	1	6.69083
RCHGF000613	1119	889.947	0	0
RCHGF000614	825	596.14	2	20.5829
RCHGF000615	1149	919.947	5	33.3451
RCHGF000616	624	396.775	0	0
RCHGF000617	597	370.176	5	82.8679
RCHGF000618	1224	994.947	20	123.326
RCHGF000619	510	285.789	34	729.891
RCHGF000620	1902	1672.95	11	40.3399
RCHGF000621	237	64.5343	1	95.0679
RCHGF000622	153	23.321	0	0
RCHGF000623	291	99.7655	0	0
RCHGF000624	402	186.834	0	0
RCHGF000625	111	13.6007	0	0
RCHGF000626	963	733.947	4	33.4364
RCHGF000627	1191	961.947	8	51.0227
RCHGF000628	204	46.2704	0	0
RCHGF000629	1140	910.947	0	0
RCHGF000631	567	340.602	5	90.0632
RCHGF000632	720	491.14	4	49.9666
RCHGF000633	195	41.7147	0	0
RCHGF000634	438	219.159	0	0
RCHGF000635	879	650.14	12	113.24
RCHGF000636	1491	1261.95	32	155.573
RCHGF000637	1179	949.947	2	12.9168
RCHGF000638	1308	1078.95	2	11.3725
RCHGF000639	1023	793.947	0	0
RCHGF000640	120	14.5436	0	0
RCHGF000641	408	192.126	8	255.464
RCHGF000642	780	551.14	21	233.766
RCHGF000643	354	147.353	8	333.085
RCHGF000644	177	33.2529	0	0
RCHGF000645	786	557.14	4	44.0474
RCHGF000646	138	18.7254	0	0
RCHGF000647	762	533.14	8	92.0605
RCHGF000648	909	680.14	3	27.0612
RCHGF000649	198	43.2057	0	0
RCHGF000650	1101	871.947	5	35.1807
RCHGF000651	114	13.7056	1	447.639
RCHGF000652	780	551.14	1	11.1317
RCHGF000653	111	13.6007	0	0
RCHGF000654	1104	874.947	2	14.024
RCHGF000655	1167	937.947	1	6.54103
RCHGF000656	120	14.5436	0	0
RCHGF000657	891	662.14	1	9.26563
RCHGF000658	117	13.9932	0	0
RCHGF000659	2055	1825.95	19	63.8396
RCHGF000660	309	112.707	1	54.4346
RCHGF000661	1239	1009.95	0	0
RCHGF000662	324	123.942	0	0
RCHGF000663	1443	1213.95	0	0
RCHGF000664	1188	958.947	57	364.674
RCHGF000665	174	31.9369	2	384.204
RCHGF000666	537	311.262	2	39.421
RCHGF000667	1215	985.947	6	37.3355
RCHGF000668	2190	1960.95	3	9.38598
RCHGF000669	123	15.373	0	0
RCHGF000670	528	302.637	1	20.2723
RCHGF000671	144	20.4641	0	0
RCHGF000672	813	584.14	3	31.5086
RCHGF000673	423	205.227	2	59.7887
RCHGF000674	141	19.4826	1	314.903
RCHGF000675	765	536.14	41	469.17
RCHGF000676	558	331.602	2	37.003
RCHGF000677	849	620.14	11	108.825
RCHGF000678	1119	889.947	8	55.1506
RCHGF000679	144	20.4641	0	0
RCHGF000680	1035	805.947	9	68.511
RCHGF000681	666	437.393	6	84.1597
RCHGF000682	918	688.947	2	17.8102
RCHGF000683	747	518.14	4	47.3628
RCHGF000684	204	46.2704	1	132.593
RCHGF000685	960	730.947	14	117.508
RCHGF000686	798	569.14	9	97.0171
RCHGF000687	777	548.14	3	33.578
RCHGF000688	777	548.14	6	67.156
RCHGF000689	123	15.373	0	0
RCHGF000690	921	691.947	3	26.5994
RCHGF000691	300	105.847	0	0
RCHGF000692	822	593.14	0	0
RCHGF000693	780	551.14	2	22.2635
RCHGF000694	468	246.076	0	0
RCHGF000695	738	509.14	0	0
RCHGF000696	408	192.126	0	0
RCHGF000697	2712	2482.95	15	37.0637
RCHGF000698	1215	985.947	3	18.6678
RCHGF000699	1224	994.947	2	12.3326
RCHGF000700	600	373.176	3	49.321
RCHGF000701	729	500.14	1	12.2669
RCHGF000702	1737	1507.95	1	4.06854
RCHGF000703	552	325.726	2	37.6705
RCHGF000704	774	545.14	2	22.5085
RCHGF000705	756	527.14	0	0
RCHGF000706	699	470.14	8	104.397
RCHGF000707	858	629.14	6	58.5098
RCHGF000708	873	644.14	12	114.295
RCHGF000709	309	112.707	0	0
RCHGF000710	888	659.14	2	18.6156
RCHGF000711	837	608.14	5	50.4419
RCHGF000712	489	265.747	0	0
RCHGF000713	426	207.985	0	0
RCHGF000714	984	754.947	3	24.3797
RCHGF000715	891	662.14	5	46.3281
RCHGF000716	324	123.942	1	49.5002
RCHGF000717	819	590.14	0	0
RCHGF000718	819	590.14	2	20.7922
RCHGF000719	531	305.379	1	20.0902
RCHGF000720	1152	922.947	0	0
RCHGF000721	558	331.602	1	18.5015
RCHGF000722	624	396.775	3	46.3875
RCHGF000723	762	533.14	0	0
RCHGF000724	882	653.14	0	0
RCHGF000725	1356	1126.95	6	32.6642
RCHGF000726	405	189.444	1	32.3849
RCHGF000727	540	314.115	2	39.063
RCHGF000728	1338	1108.95	70	387.268
RCHGF000729	1065	835.947	19	139.444
RCHGF000730	624	396.775	2	30.925
RCHGF000731	660	431.474	6	85.3141
RCHGF000732	1005	775.947	5	39.5332
RCHGF000733	192	40.2759	0	0
RCHGF000734	684	455.184	2	26.9568
RCHGF000735	423	205.227	9	269.049
RCHGF000736	2136	1906.95	65	209.122
RCHGF000737	930	700.947	25	218.816
RCHGF000738	936	706.947	36	312.421
RCHGF000739	642	413.798	3	44.4793
RCHGF000740	507	282.816	6	130.158
RCHGF000741	939	709.947	5	43.2084
RCHGF000742	225	57.3206	0	0
RCHGF000743	846	617.14	1	9.94125
RCHGF000744	393	179.025	1	34.2698
RCHGF000745	684	455.184	2	26.9568
RCHGF000746	378	167.209	0	0
RCHGF000747	1068	838.947	0	0
RCHGF000748	150	22.1394	0	0
RCHGF000749	654	425.798	7	100.86
RCHGF000750	849	620.14	3	29.6795
RCHGF000751	369	159.713	3	115.24
RCHGF000752	123	15.373	0	0
RCHGF000753	918	688.947	1	8.90509
RCHGF000754	117	13.9932	0	0
RCHGF000755	1131	901.947	0	0
RCHGF000756	693	464.184	7	92.5194
RCHGF000757	132	17.2427	0	0
RCHGF000758	432	213.412	4	114.992
RCHGF000759	510	285.789	0	0
RCHGF000760	489	265.747	1	23.0864
RCHGF000762	996	766.947	7	55.996
RCHGF000763	411	194.384	0	0
RCHGF000764	1065	835.947	4	29.3566
RCHGF000765	1944	1714.95	5	17.8873
RCHGF000766	936	706.947	2	17.3567
RCHGF000767	552	325.726	2	37.6705
RCHGF000769	345	140.114	1	43.7868
RCHGF000770	1254	1024.95	0	0
RCHGF000771	594	367.176	5	83.545
RCHGF000772	528	302.637	5	101.361
RCHGF000773	1098	868.947	28	197.692
RCHGF000774	2265	2035.95	12	36.1609
RCHGF000775	1611	1381.95	24	106.548
RCHGF000776	318	119.369	0	0
RCHGF000777	411	194.384	1	31.5619
RCHGF000778	642	413.798	0	0
RCHGF000779	1218	988.947	2	12.4074
RCHGF000780	537	311.262	1	19.7105
RCHGF000781	129	16.7391	0	0
RCHGF000782	129	16.7391	0	0
RCHGF000783	687	458.184	3	40.1704
RCHGF000784	1080	850.947	3	21.6293
RCHGF000785	402	186.834	19	623.911
RCHGF000786	861	632.14	37	359.098
RCHGF000787	1857	1627.95	5	18.8432
RCHGF000788	1722	1492.95	2	8.21883
RCHGF000789	426	207.985	1	29.498
RCHGF000790	138	18.7254	0	0
RCHGF000791	2001	1771.95	13	45.0108
RCHGF000792	129	16.7391	1	366.515
RCHGF000793	297	103.899	2	118.098
RCHGF000794	654	425.798	4	57.6343
RCHGF000795	459	237.769	3	77.4089
RCHGF000796	609	382.104	8	128.45
RCHGF000797	183	36.2667	0	0
RCHGF000798	339	135.35	0	0
RCHGF000799	219	54.237	0	0
RCHGF000800	3315	3085.95	12	23.8571
RCHGF000801	666	437.393	2	28.0532
RCHGF000802	1422	1192.95	5	25.7142
RCHGF000803	3246	3016.95	28	56.9397
RCHGF000804	702	473.14	3	38.9006
RCHGF000805	330	128.693	0	0
RCHGF000806	678	449.184	9	122.926
RCHGF000807	774	545.14	18	202.577
RCHGF000808	159	25.6145	0	0
RCHGF000809	2202	1972.95	31	96.3986
RCHGF000810	1965	1735.95	34	120.162
RCHGF000811	363	154.669	1	39.6664
RCHGF000812	111	13.6007	0	0
RCHGF000813	132	17.2427	0	0
RCHGF000814	1491	1261.95	1	4.86165
RCHGF000815	129	16.7391	0	0
RCHGF000816	1731	1501.95	18	73.5262
RCHGF000817	450	229.924	4	106.733
RCHGF000818	159	25.6145	1	239.518
RCHGF000819	1677	1447.95	20	84.7426
RCHGF000820	141	19.4826	0	0
RCHGF000821	165	27.7747	0	0
RCHGF000822	801	572.14	18	193.017
RCHGF000823	843	614.14	12	119.878
RCHGF000824	855	626.14	5	48.9918
RCHGF000825	2424	2194.95	8	22.361
RCHGF000826	627	399.438	0	0
RCHGF000827	885	656.14	0	0
RCHGF000828	609	382.104	0	0
RCHGF000829	861	632.14	0	0
RCHGF000830	1248	1018.95	1	6.02106
RCHGF000831	840	611.14	0	0
RCHGF000832	759	530.14	1	11.5727
RCHGF000833	471	248.649	0	0
RCHGF000834	468	246.076	0	0
RCHGF000835	435	216.286	0	0
RCHGF000836	306	110.45	0	0
RCHGF000837	1167	937.947	0	0
RCHGF000838	117	13.9932	0	0
RCHGF000839	117	13.9932	0	0
RCHGF000840	1998	1768.95	7	24.2777
RCHGF000841	624	396.775	2	30.925
RCHGF000842	690	461.184	85	1130.76
RCHGF000843	714	485.14	50	632.307
RCHGF000844	510	285.789	9	193.206
RCHGF000845	561	334.602	5	91.6782
RCHGF000846	903	674.14	1	9.1007
RCHGF000847	663	434.434	1	14.1222
RCHGF000848	771	542.14	2	22.6331
RCHGF000849	1371	1141.95	2	10.745
RCHGF000850	588	361.245	1	16.9833
RCHGF000851	669	440.393	0	0
RCHGF000852	639	410.798	3	44.8041
RCHGF000853	816	587.14	2	20.8984
RCHGF000855	1593	1363.95	4	17.9923
RCHGF000856	222	55.6805	0	0
RCHGF000857	303	108.258	0	0
RCHGF000858	153	23.321	0	0
RCHGF000860	1446	1216.95	1	5.04142
RCHGF000861	576	349.343	1	17.5619
RCHGF000862	1017	787.947	0	0
RCHGF000863	765	536.14	2	22.8863
RCHGF000864	603	376.176	0	0
RCHGF000865	1182	952.947	2	12.8761
RCHGF000866	792	563.14	4	43.5781
RCHGF000867	1455	1225.95	4	20.0176
RCHGF000868	591	364.211	2	33.6901
RCHGF000869	666	437.393	4	56.1065
RCHGF000870	411	194.384	6	189.372
RCHGF000871	423	205.227	5	149.472
RCHGF000872	696	467.184	2	26.2644
RCHGF000873	282	93.3741	2	131.41
RCHGF000874	213	50.9635	0	0
RCHGF000875	399	183.962	0	0
RCHGF000876	888	659.14	0	0
RCHGF000877	384	172.201	0	0
RCHGF000878	348	142.534	0	0
RCHGF000879	915	685.947	1	8.94404
RCHGF000880	666	437.393	1	14.0266
RCHGF000881	801	572.14	4	42.8926
RCHGF000882	225	57.3206	0	0
RCHGF000883	153	23.321	0	0
RCHGF000884	942	712.947	12	103.264
RCHGF000885	1128	898.947	3	20.4744
RCHGF000886	135	17.9059	0	0
RCHGF000887	1449	1219.95	6	30.1741
RCHGF000888	600	373.176	10	164.403
RCHGF000889	1215	985.947	8	49.7807
RCHGF000890	324	123.942	0	0
RCHGF000891	1920	1690.95	4	14.5129
RCHGF000892	306	110.45	0	0
RCHGF000893	726	497.14	2	24.6818
RCHGF000894	177	33.2529	0	0
RCHGF000895	285	95.282	0	0
RCHGF000896	327	126.424	0	0
RCHGF000897	1428	1198.95	1	5.11711
RCHGF000898	1494	1264.95	8	38.8009
RCHGF000899	240	66.4831	37	3414.41
RCHGF000900	366	157.364	1	38.9869
RCHGF000901	903	674.14	5	45.5035
RCHGF000902	465	243.146	1	25.2323
RCHGF000903	513	288.626	2	42.5128
RCHGF000904	990	760.947	1	8.0625
RCHGF000905	912	683.14	1	8.9808
RCHGF000906	798	569.14	3	32.339
RCHGF000907	564	337.602	27	490.663
RCHGF000908	906	677.14	37	335.234
RCHGF000909	810	581.14	1	10.5571
RCHGF000910	1830	1600.95	8	30.6575
RCHGF000911	1731	1501.95	8	32.6783
RCHGF000912	1170	940.947	9	58.6816
RCHGF000913	795	566.14	13	140.878
RCHGF000914	1338	1108.95	8	44.2592
RCHGF000915	729	500.14	9	110.402
RCHGF000916	198	43.2057	6	851.99
RCHGF000917	1008	778.947	19	149.648
RCHGF000918	549	322.726	15	285.155
RCHGF000919	2622	2392.95	253	648.652
RCHGF000920	1098	868.947	5	35.3021
RCHGF000921	798	569.14	17	183.254
RCHGF000922	114	13.7056	5	2238.19
RCHGF000923	246	69.7824	19	1670.44
RCHGF000924	591	364.211	3	50.5351
RCHGF000925	252	73.0874	0	0
RCHGF000926	252	73.0874	0	0
RCHGF000927	2595	2365.95	88	228.193
RCHGF000928	414	197.115	25	778.118
RCHGF000929	150	22.1394	12	3325.37
RCHGF000930	444	224.385	1	27.342
RCHGF000931	282	93.3741	3	197.115
RCHGF000932	1770	1540.95	70	278.699
RCHGF000933	1332	1102.95	10	55.625
RCHGF000935	1218	988.947	5	31.0185
RCHGF000936	348	142.534	19	817.824
RCHGF000937	111	13.6007	0	0
RCHGF000938	510	285.789	41	880.162
RCHGF000939	837	608.14	3	30.2651
RCHGF000940	501	277.03	0	0
RCHGF000941	504	279.977	2	43.8261
RCHGF000942	117	13.9932	0	0
RCHGF000944	453	232.656	2	52.7401
RCHGF000945	1164	934.947	14	91.8682
RCHGF000946	2130	1900.95	32	103.277
RCHGF000947	228	59.097	1	103.815
RCHGF000948	1833	1603.95	22	84.1506
RCHGF000949	1296	1066.95	1049	6031.94
RCHGF000950	762	533.14	0	0
RCHGF000951	189	38.9117	0	0
RCHGF000952	549	322.726	2	38.0207
RCHGF000953	177	33.2529	1	184.5
RCHGF000954	147	21.2598	0	0
RCHGF000955	582	355.245	2	34.5404
RCHGF000956	720	491.14	5	62.4582
RCHGF000957	384	172.201	0	0
RCHGF000958	1335	1105.95	7	38.8318
RCHGF000960	186	37.4792	1	163.694
RCHGF000961	1122	892.947	5	34.3533
RCHGF000962	1011	781.947	617	4840.97
RCHGF000963	567	340.602	1	18.0126
RCHGF000964	483	260.045	26	613.408
RCHGF000965	1068	838.947	2	14.6258
RCHGF000966	819	590.14	0	0
RCHGF000967	1047	817.947	0	0
RCHGF000968	672	443.393	0	0
RCHGF000969	672	443.393	2	27.6736
RCHGF000970	1002	772.947	51	404.804
RCHGF000971	819	590.14	4	41.5843
RCHGF000972	474	251.458	14	341.575
RCHGF000973	1179	949.947	21	135.626
RCHGF000974	180	34.7247	6	1060.08
RCHGF000975	303	108.258	3	170.015
RCHGF000976	426	207.985	5	147.49
RCHGF000977	1176	946.947	171	1107.89
RCHGF000978	564	337.602	6	109.036
RCHGF000979	132	17.2427	0	0
RCHGF000980	912	683.14	9	80.8272
RCHGF000981	264	80.4044	1	76.3035
RCHGF000982	552	325.726	1	18.8353
RCHGF000983	936	706.947	8	69.4268
RCHGF000984	945	715.947	39	334.201
RCHGF000985	852	623.14	3	29.5366
RCHGF000986	429	210.699	0	0
RCHGF000987	915	685.947	1	8.94404
RCHGF000988	918	688.947	0	0
RCHGF000989	1413	1183.95	5	25.9097
RCHGF000990	1005	775.947	2	15.8133
RCHGF000991	1266	1036.95	3	17.7496
RCHGF000993	1203	973.947	2	12.5985
RCHGF000994	273	87.0584	0	0
RCHGF000995	642	413.798	0	0
RCHGF000996	684	455.184	0	0
RCHGF000997	1128	898.947	1	6.8248
RCHGF000998	1188	958.947	0	0
RCHGF000999	954	724.947	0	0
RCHGF001000	630	401.987	0	0
RCHGF001001	495	271.082	0	0
RCHGF001002	411	194.384	1	31.5619
RCHGF001003	822	593.14	1	10.3435
RCHGF001004	750	521.14	0	0
RCHGF001005	483	260.045	0	0
RCHGF001006	678	449.184	0	0
RCHGF001007	990	760.947	0	0
RCHGF001008	261	78.4807	0	0
RCHGF001009	114	13.7056	2	895.278
RCHGF001010	951	721.947	2	16.9961
RCHGF001011	1152	922.947	1	6.64733
RCHGF001012	705	476.14	0	0
RCHGF001013	924	694.947	3	26.4846
RCHGF001014	825	596.14	2	20.5829
RCHGF001015	1053	823.947	0	0
RCHGF001016	2382	2152.95	4	11.3986
RCHGF001017	645	416.798	9	132.477
RCHGF001018	939	709.947	8	69.1335
RCHGF001019	768	539.14	1	11.3795
RCHGF001020	120	14.5436	1	421.846
RCHGF001021	141	19.4826	0	0
RCHGF001022	1044	814.947	0	0
RCHGF001023	1176	946.947	5	32.3943
RCHGF001024	645	416.798	0	0
RCHGF001025	471	248.649	0	0
RCHGF001026	927	697.947	2	17.5805
RCHGF001027	825	596.14	1	10.2914
RCHGF001028	765	536.14	1	11.4432
RCHGF001029	417	199.979	0	0
RCHGF001030	2421	2191.95	19	53.18
RCHGF001031	267	82.6334	2	148.491
RCHGF001032	702	473.14	7	90.7681
RCHGF001033	795	566.14	6	65.0208
RCHGF001034	801	572.14	17	182.294
RCHGF001035	480	257.168	5	119.283
RCHGF001036	2730	2500.95	13	31.8906
RCHGF001037	501	277.03	0	0
RCHGF001038	1437	1207.95	23	116.817
RCHGF001039	1113	883.947	21	145.753
RCHGF001040	1134	904.947	55	372.875
RCHGF001041	753	524.14	2	23.4103
RCHGF001042	870	641.14	4	38.2765
RCHGF001043	987	757.947	9	72.8497
RCHGF001044	138	18.7254	0	0
RCHGF001045	729	500.14	2	24.5337
RCHGF001046	1272	1042.95	3	17.6475
RCHGF001047	675	446.184	1	13.7503
RCHGF001048	768	539.14	1	11.3795
RCHGF001049	2370	2140.95	3	8.59686
RCHGF001050	474	251.458	2	48.7965
RCHGF001051	522	297.151	0	0
RCHGF001052	852	623.14	3	29.5366
RCHGF001053	615	387.813	5	79.0993
RCHGF001054	237	64.5343	0	0
RCHGF001055	351	145.053	3	126.887
RCHGF001056	1086	856.947	24	171.823
RCHGF001057	744	515.14	51	607.393
RCHGF001058	1344	1114.95	60	330.158
RCHGF001059	444	224.385	3	82.0261
RCHGF001060	1995	1765.95	21	72.9568
RCHGF001061	921	691.947	1	8.86648
RCHGF001062	228	59.097	13	1349.59
RCHGF001063	474	251.458	47	1146.72
RCHGF001064	291	99.7655	13	799.443
RCHGF001065	195	41.7147	0	0
RCHGF001066	111	13.6007	0	0
RCHGF001067	216	52.667	0	0
RCHGF001068	654	425.798	0	0
RCHGF001069	1182	952.947	1	6.43807
RCHGF001070	1101	871.947	0	0
RCHGF001071	1323	1093.95	3	16.8248
RCHGF001072	330	128.693	0	0
RCHGF001073	318	119.369	0	0
RCHGF001074	1041	811.947	0	0
RCHGF001075	1896	1666.95	0	0
RCHGF001076	156	24.5149	1	250.262
RCHGF001077	822	593.14	4	41.374
RCHGF001078	1353	1123.95	7	38.21
RCHGF001079	1311	1081.95	4	22.6818
RCHGF001080	810	581.14	2	21.1142
RCHGF001081	843	614.14	1	9.98981
RCHGF001082	705	476.14	0	0
RCHGF001083	1023	793.947	1	7.72739
RCHGF001084	297	103.899	6	354.294
RCHGF001085	1470	1240.95	2	9.88783
RCHGF001086	453	232.656	0	0
RCHGF001087	1110	880.947	0	0
RCHGF001088	795	566.14	25	270.92
RCHGF001089	801	572.14	11	117.955
RCHGF001090	300	105.847	1	57.9622
RCHGF001091	672	443.393	1	13.8368
RCHGF001092	795	566.14	0	0
RCHGF001093	366	157.364	0	0
RCHGF001094	1530	1300.95	1	4.7159
RCHGF001095	1038	808.947	0	0
RCHGF001096	1290	1060.95	2	11.5654
RCHGF001097	363	154.669	0	0
RCHGF001098	996	766.947	2	15.9989
RCHGF001099	540	314.115	2	39.063
RCHGF001100	456	235.521	0	0
RCHGF001101	999	769.947	0	0
RCHGF001102	1257	1027.95	21	125.335
RCHGF001103	495	271.082	5	113.16
RCHGF001104	750	521.14	3	35.3176
RCHGF001105	1338	1108.95	9	49.7916
RCHGF001106	348	142.534	15	645.651
RCHGF001107	1260	1030.95	11	65.4607
RCHGF001108	1443	1213.95	23	116.239
RCHGF001109	171	30.4915	0	0
RCHGF001110	1086	856.947	11	78.7523
RCHGF001111	1929	1699.95	2	7.21804
RCHGF001112	174	31.9369	0	0
RCHGF001113	375	164.917	14	520.82
RCHGF001114	264	80.4044	2	152.607
RCHGF001115	1248	1018.95	4	24.0842
RCHGF001116	582	355.245	13	224.512
RCHGF001117	237	64.5343	9	855.611
RCHGF001118	216	52.667	21	2446.27
RCHGF001119	672	443.393	2	27.6736
RCHGF001120	1011	781.947	16	125.536
RCHGF001121	204	46.2704	0	0
RCHGF001122	765	536.14	4	45.7727
RCHGF001123	2040	1810.95	29	98.2464
RCHGF001126	153	23.321	0	0
RCHGF001127	3351	3121.95	6	11.791
RCHGF001128	150	22.1394	0	0
RCHGF001129	363	154.669	0	0
RCHGF001130	1386	1156.95	1	5.30287
RCHGF001131	1035	805.947	0	0
RCHGF001132	822	593.14	0	0
RCHGF001133	753	524.14	1	11.7052
RCHGF001134	495	271.082	1	22.6321
RCHGF001135	408	192.126	0	0
RCHGF001136	2769	2539.95	9	21.7391
RCHGF001137	114	13.7056	0	0
RCHGF001138	1023	793.947	8	61.8191
RCHGF001139	651	422.798	0	0
RCHGF001140	2697	2467.95	19	47.2326
RCHGF001141	3207	2977.95	33	67.9863
RCHGF001142	774	545.14	27	303.865
RCHGF001143	555	328.726	146	2724.85
RCHGF001144	618	390.813	25	392.461
RCHGF001145	603	376.176	0	0
RCHGF001146	699	470.14	0	0
RCHGF001147	138	18.7254	0	0
RCHGF001148	714	485.14	0	0
RCHGF001149	852	623.14	29	285.52
RCHGF001150	1338	1108.95	51	282.152
RCHGF001152	1281	1051.95	7	40.8252
RCHGF001153	4032	3802.95	31	50.011
RCHGF001154	1128	898.947	2	13.6496
RCHGF001155	1479	1249.95	13	63.8081
RCHGF001156	465	243.146	0	0
RCHGF001157	333	130.827	0	0
RCHGF001158	972	742.947	26	214.704
RCHGF001159	129	16.7391	6	2199.09
RCHGF001160	906	677.14	5	45.3019
RCHGF001161	999	769.947	25	199.206
RCHGF001162	171	30.4915	4	804.834
RCHGF001163	129	16.7391	0	0
RCHGF001164	312	114.916	8	427.103
RCHGF001165	1887	1657.95	6	22.2027
RCHGF001166	1734	1504.95	0	0
RCHGF001167	426	207.985	1	29.498
RCHGF001168	126	15.8497	0	0
RCHGF001169	1068	838.947	0	0
RCHGF001170	936	706.947	0	0
RCHGF001171	1104	874.947	0	0
RCHGF001172	252	73.0874	7	587.598
RCHGF001173	972	742.947	71	586.307
RCHGF001174	546	319.726	15	287.831
RCHGF001176	728	499.14	4	49.1657
RCHGF001178	528	302.637	0	0
RCHGF001179	546	319.726	5	95.9437
RCHGF001180	342	137.743	1	44.5405
RCHGF001181	327	126.424	0	0
RCHGF001182	177	33.2529	2	368.999
RCHGF001183	1509	1279.95	20	95.8655
RCHGF001184	2004	1774.95	37	127.891
RCHGF001185	591	364.211	23	387.436
RCHGF001186	216	52.667	1	116.489
RCHGF001187	432	213.412	0	0
RCHGF001188	543	316.846	0	0
RCHGF001189	1650	1420.95	0	0
RCHGF001190	855	626.14	1	9.79836
RCHGF001191	1125	895.947	2	13.6953
RCHGF001192	453	232.656	0	0
RCHGF001193	417	199.979	0	0
RCHGF001195	765	536.14	3	34.3295
RCHGF001196	987	757.947	13	105.227
RCHGF001197	147	21.2598	0	0
RCHGF001198	1434	1204.95	5	25.4581
RCHGF001199	2376	2146.95	29	82.8707
RCHGF001200	465	243.146	11	277.555
RCHGF001201	111	13.6007	0	0
RCHGF001202	1785	1555.95	10	39.4303
RCHGF001203	1596	1366.95	3	13.4646
RCHGF001204	1578	1348.95	9	40.9329
RCHGF001205	147	21.2598	0	0
RCHGF001206	306	110.45	0	0
RCHGF001207	144	20.4641	50	14990
RCHGF001208	408	192.126	708	22608.5
RCHGF001209	1680	1450.95	28	118.394
RCHGF001210	1206	976.947	23	144.438
RCHGF001211	855	626.14	5	48.9918
RCHGF001212	612	385.104	5	79.6556
RCHGF001213	324	123.942	2	99.0004
RCHGF001214	252	73.0874	0	0
RCHGF001215	813	584.14	2	21.0057
RCHGF001216	156	24.5149	0	0
RCHGF001217	111	13.6007	3	1353.27
RCHGF001218	273	87.0584	0	0
RCHGF001219	330	128.693	1	47.6727
RCHGF001220	810	581.14	3	31.6713
RCHGF001221	363	154.669	1	39.6664
RCHGF001222	273	87.0584	1	70.4715
RCHGF001223	525	300.066	1	20.4459
RCHGF001224	1131	901.947	1	6.8021
RCHGF001225	756	527.14	2	23.2771
RCHGF001226	819	590.14	0	0
RCHGF001227	699	470.14	0	0
RCHGF001228	606	379.14	0	0
RCHGF001229	1167	937.947	1	6.54103
RCHGF001230	840	611.14	0	0
RCHGF001231	846	617.14	1	9.94125
RCHGF001232	1110	880.947	2	13.9285
RCHGF001233	576	349.343	0	0
RCHGF001234	420	202.545	0	0
RCHGF001235	747	518.14	7	82.8849
RCHGF001236	681	452.184	6	81.4069
RCHGF001237	336	133.137	7	322.569
RCHGF001238	432	213.412	2	57.4958
RCHGF001239	1236	1006.95	34	207.156
RCHGF001240	729	500.14	4	49.0674
RCHGF001241	936	706.947	7	60.7485
RCHGF001242	1053	823.947	15	111.691
RCHGF001243	948	718.947	6	51.201
RCHGF001244	972	742.947	13	107.352
RCHGF001245	930	700.947	0	0
RCHGF001246	870	641.14	6	57.4147
RCHGF001247	1365	1135.95	5	27.0045
RCHGF001248	462	240.517	1	25.5081
RCHGF001249	222	55.6805	0	0
RCHGF001250	1035	805.947	0	0
RCHGF001251	798	569.14	0	0
RCHGF001252	1002	772.947	2	15.8747
RCHGF001253	156	24.5149	0	0
RCHGF001254	366	157.364	7	272.908
RCHGF001255	1251	1021.95	13	78.044
RCHGF001256	1215	985.947	76	472.916
RCHGF001257	198	43.2057	0	0
RCHGF001258	1527	1297.95	8	37.8144
RCHGF001259	1200	970.947	3	18.9561
RCHGF001260	777	548.14	12	134.312
RCHGF001261	459	237.769	0	0
RCHGF001262	1644	1414.95	47	203.79
RCHGF001263	186	37.4792	0	0
RCHGF001264	1158	928.947	4	26.4176
RCHGF001265	846	617.14	2	19.8825
RCHGF001266	633	404.798	2	30.3121
RCHGF001267	354	147.353	3	124.907
RCHGF001268	651	422.798	0	0
RCHGF001269	579	352.245	5	87.0864
RCHGF001270	2928	2698.95	50	113.658
RCHGF001271	1302	1072.95	15	85.7704
RCHGF001272	183	36.2667	5	845.836
RCHGF001273	666	437.393	4	56.1065
RCHGF001274	1716	1486.95	4	16.504
RCHGF001275	1917	1687.95	2	7.26935
RCHGF001276	1749	1519.95	10	40.3642
RCHGF001277	912	683.14	0	0
RCHGF001278	111	13.6007	0	0
RCHGF001279	1326	1096.95	4	22.3717
RCHGF001280	2448	2218.95	12	33.1787
RCHGF001281	540	314.115	47	917.981
RCHGF001282	759	530.14	11	127.3
RCHGF001283	276	89.1079	4	275.403
RCHGF001284	546	319.726	1	19.1887
RCHGF001285	1278	1048.95	8	46.7908
RCHGF001286	744	515.14	8	95.2773
RCHGF001287	1299	1069.95	1	5.73406
RCHGF001288	1434	1204.95	1	5.09162
RCHGF001289	1425	1195.95	0	0
RCHGF001290	813	584.14	1	10.5029
RCHGF001291	747	518.14	3	35.5221
RCHGF001292	372	162.433	1	37.7703
RCHGF001293	705	476.14	24	309.244
RCHGF001294	1401	1171.95	17	88.9949
RCHGF001295	1410	1180.95	11	57.1461
RCHGF001296	930	700.947	0	0
RCHGF001297	129	16.7391	0	0
RCHGF001298	618	390.813	4	62.7937
RCHGF001299	465	243.146	0	0
RCHGF001300	213	50.9635	0	0
RCHGF001301	747	518.14	9	106.566
RCHGF001302	966	736.947	4	33.3003
RCHGF001303	972	742.947	5	41.2892
RCHGF001304	447	227.145	3	81.0296
RCHGF001305	2208	1978.95	1	3.1002
RCHGF001306	162	26.8635	0	0
RCHGF001307	1068	838.947	2	14.6258
RCHGF001308	1092	862.947	0	0
RCHGF001309	834	605.14	2	20.2768
RCHGF001310	873	644.14	1	9.52455
RCHGF001311	1278	1048.95	1	5.84885
RCHGF001312	1332	1102.95	1	5.5625
RCHGF001313	1008	778.947	11	86.6381
RCHGF001314	966	736.947	8	66.6006
RCHGF001315	1122	892.947	9	61.836
RCHGF001316	2082	1852.95	27	89.3975
RCHGF001317	669	440.393	15	208.966
RCHGF001318	264	80.4044	1	76.3035
RCHGF001319	180	34.7247	1	176.68
RCHGF001320	633	404.798	21	318.277
RCHGF001321	810	581.14	84	886.795
RCHGF001322	1074	844.947	15	108.915
RCHGF001323	114	13.7056	0	0
RCHGF001324	141	19.4826	0	0
RCHGF001325	621	393.813	128	1994.09
RCHGF001326	489	265.747	43	992.717
RCHGF001327	870	641.14	224	2143.48
RCHGF001328	1368	1138.95	769	4142.35
RCHGF001329	183	36.2667	1	169.167
RCHGF001330	1365	1135.95	19	102.617
RCHGF001331	498	274.082	10	223.843
RCHGF001332	477	254.168	6	144.829
RCHGF001333	915	685.947	2	17.8881
RCHGF001334	948	718.947	2	17.067
RCHGF001335	948	718.947	36	307.206
RCHGF001336	117	13.9932	0	0
RCHGF001337	348	142.534	12	516.521
RCHGF001338	132	17.2427	0	0
RCHGF001339	1041	811.947	5	37.7804
RCHGF001340	2514	2284.95	15	40.2754
RCHGF001341	957	727.947	3	25.284
RCHGF001342	636	407.798	21	315.936
RCHGF001343	2625	2395.95	56	143.395
RCHGF001344	261	78.4807	1	78.1738
RCHGF001345	2817	2587.95	47	111.421
RCHGF001346	1767	1537.95	70	279.242
RCHGF001347	969	739.947	5	41.4566
RCHGF001348	1443	1213.95	28	141.509
RCHGF001349	198	43.2057	79	11217.9
RCHGF001350	480	257.168	5	119.283
RCHGF001351	111	13.6007	0	0
RCHGF001352	642	413.798	6	88.9586
RCHGF001353	612	385.104	1	15.9311
RCHGF001354	1323	1093.95	2	11.2165
RCHGF001355	840	611.14	2	20.0777
RCHGF001356	378	167.209	0	0
RCHGF001357	639	410.798	3	44.8041
RCHGF001358	828	599.14	0	0
RCHGF001359	807	578.14	0	0
RCHGF001360	483	260.045	0	0
RCHGF001361	1125	895.947	2	13.6953
RCHGF001362	420	202.545	0	0
RCHGF001363	759	530.14	2	23.1454
RCHGF001364	816	587.14	5	52.246
RCHGF001365	147	21.2598	0	0
RCHGF001366	1332	1102.95	3	16.6875
RCHGF001367	792	563.14	2	21.7891
RCHGF001368	219	54.237	0	0
RCHGF001369	369	159.713	0	0
RCHGF001370	453	232.656	3	79.1101
RCHGF001371	165	27.7747	0	0
RCHGF001372	1089	859.947	2	14.2686
RCHGF001373	168	29.0627	1	211.1
RCHGF001374	2169	1939.95	2	6.32506
RCHGF001375	864	635.14	0	0
RCHGF001376	879	650.14	2	18.8733
RCHGF001377	1332	1102.95	15	83.4374
RCHGF001378	399	183.962	22	733.701
RCHGF001379	1455	1225.95	25	125.11
RCHGF001380	1398	1168.95	80	419.875
RCHGF001381	657	428.798	45	643.85
RCHGF001382	1332	1102.95	25	139.062
RCHGF001383	1380	1150.95	20	106.61
RCHGF001384	1398	1168.95	5	26.2422
RCHGF001385	114	13.7056	0	0
RCHGF001386	129	16.7391	2	733.03
RCHGF001387	339	135.35	20	906.557
RCHGF001388	342	137.743	0	0
RCHGF001389	336	133.137	5	230.407
RCHGF001390	768	539.14	11	125.175
RCHGF001391	159	25.6145	6	1437.11
RCHGF001392	2211	1981.95	8	24.7641
RCHGF001393	1164	934.947	4	26.2481
RCHGF001394	1083	853.947	2	14.3689
RCHGF001395	762	533.14	2	23.0151
RCHGF001396	261	78.4807	0	0
RCHGF001397	330	128.693	1	47.6727
RCHGF001398	687	458.184	0	0
RCHGF001399	1053	823.947	3	22.3381
RCHGF001400	1251	1021.95	0	0
RCHGF001401	1071	841.947	17	123.876
RCHGF001402	828	599.14	0	0
RCHGF001403	612	385.104	0	0
RCHGF001404	1806	1576.95	14	54.4672
RCHGF001405	429	210.699	1	29.118
RCHGF001406	822	593.14	0	0
RCHGF001407	528	302.637	2	40.5445
RCHGF001408	789	560.14	2	21.9058
RCHGF001409	120	14.5436	0	0
RCHGF001410	438	219.159	1	27.994
RCHGF001411	648	419.798	1	14.6145
RCHGF001412	1152	922.947	2	13.2947
RCHGF001413	486	262.772	0	0
RCHGF001414	870	641.14	3	28.7073
RCHGF001415	1143	913.947	1	6.71279
RCHGF001416	888	659.14	2	18.6156
RCHGF001417	423	205.227	0	0
RCHGF001418	474	251.458	0	0
RCHGF001419	492	268.39	1	22.8591
RCHGF001420	585	358.245	0	0
RCHGF001421	243	67.9615	0	0
RCHGF001422	765	536.14	5	57.2159
RCHGF001423	2247	2017.95	158	480.365
RCHGF001424	1458	1228.95	23	114.82
RCHGF001426	117	13.9932	0	0
RCHGF001427	417	199.979	0	0
RCHGF001428	222	55.6805	7	771.293
RCHGF001430	1764	1534.95	24	95.9273
RCHGF001431	576	349.343	4	70.2477
RCHGF001432	663	434.434	8	112.977
RCHGF001433	867	638.14	10	96.141
RCHGF001434	1731	1501.95	7	28.5935
RCHGF001435	747	518.14	2	23.6814
RCHGF001436	1053	823.947	11	81.9064
RCHGF001437	123	15.373	1	399.086
RCHGF001438	132	17.2427	12	4269.72
RCHGF001439	150	22.1394	4	1108.46
RCHGF001440	1329	1099.95	9	50.199
RCHGF001441	1395	1165.95	10	52.6194
RCHGF001442	876	647.14	0	0
RCHGF001443	456	235.521	0	0
RCHGF001444	945	715.947	0	0
RCHGF001445	753	524.14	1	11.7052
RCHGF001447	939	709.947	5	43.2084
RCHGF001448	666	437.393	2	28.0532
RCHGF001449	645	416.798	1	14.7197
RCHGF001450	927	697.947	2	17.5805
RCHGF001451	429	210.699	0	0
RCHGF001452	504	279.977	1	21.913
RCHGF001453	858	629.14	1	9.75163
RCHGF001454	819	590.14	0	0
RCHGF001455	891	662.14	3	27.7969
RCHGF001456	843	614.14	1	9.98981
RCHGF001457	1188	958.947	5	31.9889
RCHGF001458	1872	1642.95	13	48.545
RCHGF001459	351	145.053	3	126.887
RCHGF001460	738	509.14	6	72.3001
RCHGF001461	858	629.14	4	39.0065
RCHGF001462	1071	841.947	5	36.4342
RCHGF001463	153	23.321	1	263.073
RCHGF001464	2274	2044.95	3	9.00044
RCHGF001465	537	311.262	1	19.7105
RCHGF001466	1611	1381.95	7	31.0764
RCHGF001467	1359	1129.95	2	10.8592
RCHGF001468	1533	1303.95	12	56.4606
RCHGF001469	486	262.772	3	70.0434
RCHGF001470	714	485.14	1	12.6461
RCHGF001471	660	431.474	0	0
RCHGF001472	615	387.813	1	15.8199
RCHGF001473	852	623.14	0	0
RCHGF001474	675	446.184	2	27.5005
RCHGF001475	699	470.14	0	0
RCHGF001476	990	760.947	6	48.375
RCHGF001477	1005	775.947	7	55.3465
RCHGF001478	666	437.393	1	14.0266
RCHGF001479	630	401.987	1	15.262
RCHGF001480	510	285.789	7	150.272
RCHGF001481	1431	1201.95	5	25.5217
RCHGF001482	1392	1162.95	14	73.8571
RCHGF001483	987	757.947	35	283.304
RCHGF001484	1878	1648.95	10	37.2064
RCHGF001485	2364	2134.95	8	22.9894
RCHGF001486	738	509.14	0	0
RCHGF001487	1878	1648.95	0	0
RCHGF001488	843	614.14	0	0
RCHGF001489	666	437.393	0	0
RCHGF001490	1029	799.947	0	0
RCHGF001491	678	449.184	0	0
RCHGF001492	888	659.14	0	0
RCHGF001493	1506	1276.95	6	28.8272
RCHGF001495	1692	1462.95	35	146.779
RCHGF001496	1014	784.947	0	0
RCHGF001497	888	659.14	3	27.9234
RCHGF001498	453	232.656	0	0
RCHGF001499	606	379.14	2	32.3634
RCHGF001501	897	668.14	2	18.3648
RCHGF001502	1086	856.947	3	21.4779
RCHGF001503	816	587.14	0	0
RCHGF001504	843	614.14	2	19.9796
RCHGF001505	771	542.14	2	22.6331
RCHGF001506	492	268.39	0	0
RCHGF001507	417	199.979	0	0
RCHGF001508	1953	1723.95	0	0
RCHGF001509	1371	1141.95	7	37.6077
RCHGF001510	171	30.4915	0	0
RCHGF001511	777	548.14	0	0
RCHGF001512	126	15.8497	0	0
RCHGF001513	417	199.979	0	0
RCHGF001514	912	683.14	0	0
RCHGF001515	984	754.947	2	16.2532
RCHGF001516	132	17.2427	0	0
RCHGF001517	894	665.14	0	0
RCHGF001518	1371	1141.95	3	16.1176
RCHGF001519	114	13.7056	0	0
RCHGF001520	801	572.14	8	85.7852
RCHGF001521	2607	2377.95	2	5.16003
RCHGF001522	450	229.924	0	0
RCHGF001523	1470	1240.95	2	9.88783
RCHGF001524	2022	1792.95	12	41.0618
RCHGF001525	537	311.262	0	0
RCHGF001526	1218	988.947	3	18.6111
RCHGF001527	771	542.14	10	113.165
RCHGF001528	288	97.4661	2	125.893
RCHGF001529	369	159.713	1	38.4135
RCHGF001530	180	34.7247	5	883.398
RCHGF001531	387	174.541	2	70.3004
RCHGF001532	1866	1636.95	3	11.2437
RCHGF001533	135	17.9059	0	0
RCHGF001534	567	340.602	0	0
RCHGF001535	183	36.2667	0	0
RCHGF001536	1098	868.947	7	49.423
RCHGF001537	984	754.947	7	56.8861
RCHGF001538	621	393.813	1	15.5788
RCHGF001539	870	641.14	0	0
RCHGF001540	1578	1348.95	6	27.2886
RCHGF001541	1671	1441.95	9	38.2928
RCHGF001542	201	44.7994	0	0
RCHGF001543	153	23.321	0	0
RCHGF001544	972	742.947	1	8.25784
RCHGF001545	1488	1258.95	69	336.253
RCHGF001546	468	246.076	0	0
RCHGF001547	372	162.433	0	0
RCHGF001548	954	724.947	1	8.46288
RCHGF001549	456	235.521	1	26.0493
RCHGF001550	1581	1351.95	1	4.538
RCHGF001551	870	641.14	11	105.26
RCHGF001552	846	617.14	2	19.8825
RCHGF001553	756	527.14	1	11.6385
RCHGF001554	798	569.14	4	43.1187
RCHGF001555	420	202.545	2	60.5806
RCHGF001556	1224	994.947	3	18.4989
RCHGF001557	798	569.14	0	0
RCHGF001558	777	548.14	0	0
RCHGF001559	477	254.168	0	0
RCHGF001560	2727	2497.95	5	12.2804
RCHGF001561	735	506.14	1	12.1214
RCHGF001562	1203	973.947	11	69.2918
RCHGF001563	1341	1111.95	42	231.734
RCHGF001564	282	93.3741	2	131.41
RCHGF001565	435	216.286	0	0
RCHGF001566	645	416.798	1	14.7197
RCHGF001567	1056	826.947	9	66.7712
RCHGF001568	1515	1285.95	33	157.44
RCHGF001569	1368	1138.95	1	5.38668
RCHGF001570	660	431.474	3	42.6571
RCHGF001571	837	608.14	1	10.0884
RCHGF001572	771	542.14	0	0
RCHGF001573	471	248.649	0	0
RCHGF001574	414	197.115	0	0
RCHGF001575	843	614.14	0	0
RCHGF001576	648	419.798	1	14.6145
RCHGF001577	1029	799.947	0	0
RCHGF001578	729	500.14	4	49.0674
RCHGF001579	699	470.14	3	39.1488
RCHGF001580	540	314.115	2	39.063
RCHGF001581	1719	1489.95	21	86.4715
RCHGF001582	867	638.14	13	124.983
RCHGF001583	1677	1447.95	36	152.537
RCHGF001584	885	656.14	6	56.1021
RCHGF001585	885	656.14	4	37.4014
RCHGF001586	1041	811.947	3	22.6682
RCHGF001587	1158	928.947	0	0
RCHGF001588	834	605.14	0	0
RCHGF001589	753	524.14	0	0
RCHGF001590	480	257.168	0	0
RCHGF001591	399	183.962	0	0
RCHGF001592	2433	2203.95	16	44.5393
RCHGF001593	1317	1087.95	29	163.536
RCHGF001594	1668	1438.95	5	21.3182
RCHGF001595	1230	1000.95	2	12.2587
RCHGF001597	708	479.14	1	12.8045
RCHGF001598	711	482.14	1	12.7248
RCHGF001599	741	512.14	1	11.9794
RCHGF001600	693	464.184	0	0
RCHGF001601	414	197.115	0	0
RCHGF001602	207	47.7749	6	770.506
RCHGF001603	414	197.115	105	3268.09
RCHGF001604	183	36.2667	2	338.334
RCHGF001605	1104	874.947	342	2398.11
RCHGF001606	135	17.9059	1	342.633
RCHGF001607	111	13.6007	0	0
RCHGF001608	117	13.9932	0	0
RCHGF001609	336	133.137	7	322.569
RCHGF001610	612	385.104	19	302.691
RCHGF001611	333	130.827	4	187.58
RCHGF001612	621	393.813	5	77.8942
RCHGF001613	1227	997.947	7	43.0343
RCHGF001614	1167	937.947	2	13.0821
RCHGF001615	387	174.541	2	70.3004
RCHGF001616	819	590.14	4	41.5843
RCHGF001617	990	760.947	8	64.5
RCHGF001618	363	154.669	0	0
RCHGF001619	1122	892.947	1	6.87066
RCHGF001620	774	545.14	7	78.7798
RCHGF001621	1104	874.947	1	7.01201
RCHGF001622	1272	1042.95	1	5.8825
RCHGF001623	297	103.899	0	0
RCHGF001624	483	260.045	0	0
RCHGF001625	2868	2638.95	12	27.8981
RCHGF001626	555	328.726	96	1791.68
RCHGF001627	1260	1030.95	258	1535.35
RCHGF001628	696	467.184	5	65.6609
RCHGF001629	1599	1369.95	6	26.8703
RCHGF001630	546	319.726	1	19.1887
RCHGF001631	555	328.726	0	0
RCHGF001632	1290	1060.95	7	40.4789
RCHGF001633	450	229.924	1	26.6834
RCHGF001634	1347	1117.95	5	27.4393
RCHGF001635	462	240.517	1	25.5081
RCHGF001636	876	647.14	0	0
RCHGF001637	2073	1843.95	3	9.98153
RCHGF001638	648	419.798	0	0
RCHGF001639	480	257.168	0	0
RCHGF001640	888	659.14	0	0
RCHGF001641	612	385.104	3	47.7933
RCHGF001642	759	530.14	0	0
RCHGF001643	1287	1057.95	2	11.5982
RCHGF001644	273	87.0584	0	0
RCHGF001645	441	221.945	1	27.6427
RCHGF001646	294	101.934	1	60.1871
RCHGF001647	552	325.726	10	188.353
RCHGF001648	1311	1081.95	19	107.739
RCHGF001649	1482	1252.95	4	19.5863
RCHGF001650	663	434.434	2	28.2443
RCHGF001651	750	521.14	1	11.7725
RCHGF001652	468	246.076	1	24.9319
RCHGF001653	744	515.14	5	59.5483
RCHGF001654	762	533.14	0	0
RCHGF001655	2739	2509.95	4	9.77732
RCHGF001656	468	246.076	1	24.9319
RCHGF001657	747	518.14	2	23.6814
RCHGF001658	819	590.14	0	0
RCHGF001659	1131	901.947	0	0
RCHGF001660	387	174.541	0	0
RCHGF001661	564	337.602	13	236.245
RCHGF001662	714	485.14	14	177.046
RCHGF001663	870	641.14	7	66.9838
RCHGF001664	1230	1000.95	57	349.372
RCHGF001665	174	31.9369	36	6915.67
RCHGF001666	1251	1021.95	4	24.0135
RCHGF001667	1398	1168.95	0	0
RCHGF001668	180	34.7247	0	0
RCHGF001669	363	154.669	0	0
RCHGF001670	426	207.985	0	0
RCHGF001671	2028	1798.95	8	27.2832
RCHGF001672	1422	1192.95	1	5.14284
RCHGF001673	345	140.114	0	0
RCHGF001674	1239	1009.95	1	6.07471
RCHGF001675	318	119.369	0	0
RCHGF001676	1884	1654.95	15	55.6073
RCHGF001677	756	527.14	2	23.2771
RCHGF001678	126	15.8497	0	0
RCHGF001679	165	27.7747	1	220.889
RCHGF001680	888	659.14	4	37.2312
RCHGF001681	864	635.14	2	19.319
RCHGF001682	729	500.14	21	257.604
RCHGF001683	537	311.262	906	17857.7
RCHGF001684	405	189.444	168	5440.67
RCHGF001685	486	262.772	4	93.3912
RCHGF001686	804	575.14	18	192.01
RCHGF001687	849	620.14	8	79.1453
RCHGF001689	561	334.602	6	110.014
RCHGF001690	1263	1033.95	23	136.475
RCHGF001691	426	207.985	1	29.498
RCHGF001692	1083	853.947	8	57.4756
RCHGF001693	750	521.14	3	35.3176
RCHGF001694	714	485.14	6	75.8768
RCHGF001695	735	506.14	6	72.7286
RCHGF001696	843	614.14	2	19.9796
RCHGF001697	168	29.0627	0	0
RCHGF001698	780	551.14	10	111.317
RCHGF001699	1197	967.947	11	69.7213
RCHGF001700	1104	874.947	28	196.336
RCHGF001701	468	246.076	184	4587.47
RCHGF001702	774	545.14	69	776.543
RCHGF001703	864	635.14	2	19.319
RCHGF001704	852	623.14	0	0
RCHGF001705	1086	856.947	3	21.4779
RCHGF001706	309	112.707	0	0
RCHGF001707	453	232.656	1	26.37
RCHGF001708	1962	1732.95	3	10.6209
RCHGF001709	888	659.14	2	18.6156
RCHGF001710	1470	1240.95	3	14.8317
RCHGF001711	228	59.097	0	0
RCHGF001712	1173	943.947	7	45.4962
RCHGF001713	447	227.145	4	108.039
RCHGF001714	1581	1351.95	73	331.274
RCHGF001715	990	760.947	0	0
RCHGF001716	906	677.14	1	9.06038
RCHGF001717	615	387.813	5	79.0993
RCHGF001718	564	337.602	4	72.6908
RCHGF001719	684	455.184	37	498.7
RCHGF001720	1044	814.947	102	767.883
RCHGF001721	420	202.545	1	30.2903
RCHGF001722	435	216.286	0	0
RCHGF001723	324	123.942	0	0
RCHGF001724	924	694.947	1	8.82821
RCHGF001725	1545	1315.95	13	60.6079
RCHGF001726	726	497.14	4	49.3635
RCHGF001727	288	97.4661	0	0
RCHGF001728	468	246.076	5	124.66
RCHGF001729	789	560.14	3	32.8586
RCHGF001730	585	358.245	3	51.3767
RCHGF001731	609	382.104	0	0
RCHGF001732	729	500.14	0	0
RCHGF001733	783	554.14	1	11.0715
RCHGF001734	471	248.649	0	0
RCHGF001735	444	224.385	0	0
RCHGF001736	1656	1426.95	2	8.59897
RCHGF001737	1002	772.947	8	63.4987
RCHGF001738	849	620.14	2	19.7863
RCHGF001739	744	515.14	1	11.9097
RCHGF001741	891	662.14	2	18.5313
RCHGF001743	450	229.924	9	240.15
RCHGF001745	843	614.14	1	9.98981
RCHGF001746	1512	1282.95	5	23.9103
RCHGF001747	606	379.14	12	194.181
RCHGF001748	723	494.14	6	74.4948
RCHGF001749	477	254.168	10	241.381
RCHGF001750	612	385.104	23	366.416
RCHGF001752	390	176.768	34	1180.05
RCHGF001754	1671	1441.95	2	8.50952
RCHGF001755	1482	1252.95	4	19.5863
RCHGF001756	1260	1030.95	3	17.8529
RCHGF001757	702	473.14	3	38.9006
RCHGF001758	717	488.14	13	163.389
RCHGF001759	678	449.184	11	150.243
RCHGF001761	1254	1024.95	23	137.674
RCHGF001762	336	133.137	1	46.0813
RCHGF001763	291	99.7655	1	61.4956
RCHGF001764	261	78.4807	0	0
RCHGF001765	135	17.9059	0	0
RCHGF001766	348	142.534	0	0
RCHGF001767	300	105.847	0	0
RCHGF001768	462	240.517	1	25.5081
RCHGF001769	1035	805.947	3	22.837
RCHGF001770	333	130.827	0	0
RCHGF001771	1314	1084.95	1	5.65478
RCHGF001772	1563	1333.95	2	9.19847
RCHGF001773	510	285.789	0	0
RCHGF001774	135	17.9059	0	0
RCHGF001775	1833	1603.95	7	26.7752
RCHGF001776	1812	1582.95	10	38.7577
RCHGF001777	255	74.8855	0	0
RCHGF001778	492	268.39	1	22.8591
RCHGF001779	378	167.209	2	73.3829
RCHGF001780	417	199.979	0	0
RCHGF001781	1170	940.947	1	6.52017
RCHGF001782	135	17.9059	1	342.633
RCHGF001783	156	24.5149	0	0
RCHGF001784	420	202.545	13	393.774
RCHGF001785	1479	1249.95	13	63.8081
RCHGF001786	2583	2353.95	7	18.2442
RCHGF001787	681	452.184	3	40.7034
RCHGF001788	1002	772.947	1	7.93733
RCHGF001789	687	458.184	0	0
RCHGF001790	693	464.184	1	13.2171
RCHGF001791	438	219.159	1	27.994
RCHGF001792	849	620.14	8	79.1453
RCHGF001793	738	509.14	0	0
RCHGF001794	717	488.14	0	0
RCHGF001795	408	192.126	3	95.7989
RCHGF001796	636	407.798	5	75.2229
RCHGF001797	855	626.14	2	19.5967
RCHGF001798	372	162.433	0	0
RCHGF001799	720	491.14	3	37.4749
RCHGF001800	402	186.834	3	98.5123
RCHGF001801	141	19.4826	0	0
RCHGF001803	885	656.14	6	56.1021
RCHGF001804	561	334.602	0	0
RCHGF001805	549	322.726	0	0
RCHGF001806	1431	1201.95	9	45.939
RCHGF001807	822	593.14	4	41.374
RCHGF001808	1386	1156.95	1	5.30287
RCHGF001809	1065	835.947	3	22.0174
RCHGF001810	1164	934.947	13	85.3062
RCHGF001811	1044	814.947	6	45.1696
RCHGF001812	1605	1375.95	10	44.5885
RCHGF001813	600	373.176	0	0
RCHGF001814	294	101.934	0	0
RCHGF001815	186	37.4792	11.9197	1951.19
RCHGF001816	1308	1078.95	4	22.7449
RCHGF001817	465	243.146	0	0
RCHGF001819	801	572.14	6	64.3389
RCHGF001820	780	551.14	19	211.503
RCHGF001821	744	515.14	7	83.3676
RCHGF001822	162	26.8635	0	0
RCHGF001823	183	36.2667	1	169.167
RCHGF001824	852	623.14	1	9.84553
RCHGF001825	504	279.977	5	109.565
RCHGF001826	1050	820.947	5	37.3662
RCHGF001827	1071	841.947	5	36.4342
RCHGF001828	1977	1747.95	7	24.5694
RCHGF001829	951	721.947	6	50.9883
RCHGF001830	1875	1645.95	6	22.3645
RCHGF001831	1044	814.947	0	0
RCHGF001832	321	121.666	0	0
RCHGF001833	330	128.693	2	95.3453
RCHGF001834	1332	1102.95	2	11.125
RCHGF001835	1077	847.947	2	14.4706
RCHGF001836	1182	952.947	2	12.8761
RCHGF001837	453	232.656	13	342.81
RCHGF001838	420	202.545	7	212.032
RCHGF001839	561	334.602	7	128.349
RCHGF001840	462	240.517	10	255.081
RCHGF001841	438	219.159	4	111.976
RCHGF001842	1245	1015.95	6	36.233
RCHGF001843	1299	1069.95	8	45.8725
RCHGF001844	486	262.772	16	373.565
RCHGF001845	501	277.03	0	0
RCHGF001846	711	482.14	1	12.7248
RCHGF001847	1206	976.947	11	69.079
RCHGF001848	888	659.14	4	37.2312
RCHGF001849	123	15.373	0	0
RCHGF001850	354	147.353	1	41.6356
RCHGF001851	348	142.534	1	43.0434
RCHGF001852	1146	916.947	24	160.58
RCHGF001853	558	331.602	13	240.52
RCHGF001854	192	40.2759	6	913.967
RCHGF001855	360	152.428	2	80.4991
RCHGF001856	435	216.286	11	312.024
RCHGF001857	1305	1075.95	14	79.8291
RCHGF001858	186	37.4792	10	1636.94
RCHGF001859	1320	1090.95	49	275.56
RCHGF001860	114	13.7056	1	447.639
RCHGF001861	1317	1087.95	17	95.8662
RCHGF001862	879	650.14	47	443.523
RCHGF001863	378	167.209	34	1247.51
RCHGF001864	129	16.7391	0	0
RCHGF001865	765	536.14	10	114.432
RCHGF001866	2343	2113.95	25	72.5555
RCHGF001867	918	688.947	6	53.4306
RCHGF001868	675	446.184	5	68.7513
RCHGF001869	855	626.14	14	137.177
RCHGF001870	891	662.14	1	9.26563
RCHGF001871	1191	961.947	3	19.1335
RCHGF001872	147	21.2598	0	0
RCHGF001873	291	99.7655	1	61.4956
RCHGF001874	1161	931.947	10	65.8314
RCHGF001875	807	578.14	0	0
RCHGF001876	777	548.14	2	22.3853
RCHGF001877	759	530.14	7	81.0088
RCHGF001878	1014	784.947	44	343.904
RCHGF001879	618	390.813	87	1365.76
RCHGF001880	1812	1582.95	584	2263.45
RCHGF001881	1191	961.947	69	440.071
RCHGF001882	1113	883.947	89	617.715
RCHGF001884	1290	1060.95	16	92.5232
RCHGF001885	1395	1165.95	2	10.5239
RCHGF001886	675	446.184	18	247.505
RCHGF001887	444	224.385	0	0
RCHGF001888	1374	1144.95	1	5.35845
RCHGF001889	513	288.626	21	446.384
RCHGF001890	1356	1126.95	11	59.8844
RCHGF001891	837	608.14	5	50.4419
RCHGF001892	567	340.602	14	252.177
RCHGF001893	381	169.408	0	0
RCHGF001894	603	376.176	1	16.3092
RCHGF001895	606	379.14	3	48.5451
RCHGF001896	126	15.8497	0	0
RCHGF001897	1419	1189.95	0	0
RCHGF001898	1932	1702.95	9	32.4239
RCHGF001899	855	626.14	6	58.7901
RCHGF001900	579	352.245	3	52.2518
RCHGF001901	1662	1432.95	8	34.2519
RCHGF001902	993	763.947	10	80.3084
RCHGF001903	489	265.747	0	0
RCHGF001904	1668	1438.95	7	29.8454
RCHGF001905	1200	970.947	3	18.9561
RCHGF001906	1317	1087.95	10	56.3919
RCHGF001907	1398	1168.95	2	10.4969
RCHGF001908	1449	1219.95	2	10.058
RCHGF001909	126	15.8497	0	0
RCHGF001910	972	742.947	1	8.25784
RCHGF001911	669	440.393	0	0
RCHGF001912	1491	1261.95	3	14.5849
RCHGF001913	861	632.14	6	58.2321
RCHGF001914	1719	1489.95	12	49.4123
RCHGF001915	183	36.2667	2	338.334
RCHGF001916	504	279.977	13	284.869
RCHGF001917	1101	871.947	4	28.1445
RCHGF001918	327	126.424	0	0
RCHGF001919	171	30.4915	0	0
RCHGF001920	255	74.8855	0	0
RCHGF001921	411	194.384	0	0
RCHGF001922	465	243.146	5	126.162
RCHGF001923	1272	1042.95	13	76.4725
RCHGF001924	561	334.602	1	18.3356
RCHGF001925	243	67.9615	56	5055.33
RCHGF001926	495	271.082	8	181.056
RCHGF001927	591	364.211	7	117.915
RCHGF001928	507	282.816	3	65.0791
RCHGF001929	585	358.245	6	102.753
RCHGF001930	1671	1441.95	13	55.3119
RCHGF001931	828	599.14	7	71.6794
RCHGF001932	1335	1105.95	7	38.8318
RCHGF001933	249	71.4111	0	0
RCHGF001934	1005	775.947	2	15.8133
RCHGF001935	1164	934.947	7	45.9341
RCHGF001936	891	662.14	1	9.26563
RCHGF001937	1020	790.947	7	54.2969
RCHGF001938	876	647.14	0	0
RCHGF001939	462	240.517	49	1249.9
RCHGF001940	144	20.4641	0	0
RCHGF001941	531	305.379	0	0
RCHGF001942	2064	1834.95	3	10.0305
RCHGF001943	1617	1387.95	828	3660.01
RCHGF001944	264	80.4044	55	4196.69
RCHGF001945	123	15.373	0	0
RCHGF001946	933	703.947	9	78.438
RCHGF001947	1737	1507.95	13	52.891
RCHGF001948	522	297.151	0	0
RCHGF001950	624	396.775	2	30.925
RCHGF001951	1902	1672.95	34	124.687
RCHGF001952	549	322.726	39	741.404
RCHGF001953	1230	1000.95	14	85.8107
RCHGF001954	903	674.14	0	0
RCHGF001955	318	119.369	0	0
RCHGF001956	396	181.649	1	33.7747
RCHGF001957	126	15.8497	0	0
RCHGF001958	111	13.6007	0	0
RCHGF001959	690	461.184	0	0
RCHGF001960	780	551.14	2	22.2635
RCHGF001961	1023	793.947	0	0
RCHGF001962	159	25.6145	0	0
RCHGF001963	375	164.917	0	0
RCHGF001964	1581	1351.95	0	0
RCHGF001965	1077	847.947	2	14.4706
RCHGF001966	1419	1189.95	12	61.8697
RCHGF001967	960	730.947	12	100.721
RCHGF001968	912	683.14	1	8.9808
RCHGF001969	1194	964.947	5	31.79
RCHGF001970	591	364.211	3	50.5351
RCHGF001971	828	599.14	3	30.7197
RCHGF001972	2583	2353.95	15	39.0948
RCHGF001973	954	724.947	14	118.48
RCHGF001974	774	545.14	1	11.2543
RCHGF001975	573	346.343	1	17.714
RCHGF001976	1107	877.947	13	90.8446
RCHGF001977	774	545.14	2	22.5085
RCHGF001978	564	337.602	1	18.1727
RCHGF001979	552	325.726	8	150.682
RCHGF001980	834	605.14	9	91.2455
RCHGF001981	687	458.184	1	13.3901
RCHGF001982	408	192.126	0	0
RCHGF001983	591	364.211	2	33.6901
RCHGF001984	744	515.14	1	11.9097
RCHGF001986	765	536.14	33	377.625
RCHGF001987	246	69.7824	3	263.754
RCHGF001988	369	159.713	9	345.721
RCHGF001989	705	476.14	1	12.8852
RCHGF001990	1284	1054.95	0	0
RCHGF001991	378	167.209	2	73.3829
RCHGF001992	1089	859.947	1	7.13432
RCHGF001993	312	114.916	0	0
RCHGF001994	441	221.945	0	0
RCHGF001995	1941	1711.95	2	7.16744
RCHGF001996	1245	1015.95	5	30.1942
RCHGF001997	885	656.14	3	28.0511
RCHGF001998	1227	997.947	4	24.591
RCHGF001999	372	162.433	1	37.7703
RCHGF002000	726	497.14	1	12.3409
RCHGF002001	327	126.424	7	339.699
RCHGF002002	438	219.159	3	83.982
RCHGF002003	507	282.816	5	108.465
RCHGF002004	177	33.2529	2	368.999
RCHGF002005	642	413.798	1	14.8264
RCHGF002006	603	376.176	0	0
RCHGF002007	360	152.428	0	0
RCHGF002008	837	608.14	0	0
RCHGF002009	705	476.14	5	64.4258
RCHGF002010	657	428.798	0	0
RCHGF002011	414	197.115	0	0
RCHGF002012	1215	985.947	1	6.22258
RCHGF002013	1185	955.947	0	0
RCHGF002014	642	413.798	1	14.8264
RCHGF002015	1422	1192.95	7	35.9999
RCHGF002016	1314	1084.95	9	50.893
RCHGF002017	654	425.798	7	100.86
RCHGF002018	984	754.947	10	81.2658
RCHGF002019	804	575.14	4	42.6689
RCHGF002020	414	197.115	1	31.1247
RCHGF002021	360	152.428	20	804.991
RCHGF002022	318	119.369	10	513.965
RCHGF002023	1653	1423.95	76	327.449
RCHGF002024	1737	1507.95	77	313.277
RCHGF002025	1626	1396.95	5	21.9591
RCHGF002026	246	69.7824	1	87.9181
RCHGF002027	762	533.14	16	184.121
RCHGF002028	912	683.14	0	0
RCHGF002029	399	183.962	0	0
RCHGF002030	1227	997.947	2	12.2955
RCHGF002031	804	575.14	0	0
RCHGF002032	771	542.14	1	11.3165
RCHGF002033	471	248.649	0	0
RCHGF002034	2688	2458.95	3	7.48508
RCHGF002035	120	14.5436	0	0
RCHGF002036	594	367.176	1	16.709
RCHGF002037	957	727.947	1	8.428
RCHGF002038	765	536.14	2	22.8863
RCHGF002039	987	757.947	1	8.09441
RCHGF002040	462	240.517	1	25.5081
RCHGF002041	942	712.947	1	8.60532
RCHGF002042	1125	895.947	6	41.0859
RCHGF002043	141	19.4826	0	0
RCHGF002044	1095	865.947	2	14.1698
RCHGF002045	159	25.6145	2	479.036
RCHGF002046	1464	1234.95	6	29.8076
RCHGF002047	780	551.14	7	77.9221
RCHGF002048	123	15.373	0	0
RCHGF002050	1548	1318.95	0	0
RCHGF002051	810	581.14	1	10.5571
RCHGF002052	783	554.14	2	22.1429
RCHGF002053	321	121.666	0	0
RCHGF002054	1092	862.947	0	0
RCHGF002055	225	57.3206	0	0
RCHGF002056	228	59.097	0	0
RCHGF002057	357	149.755	0	0
RCHGF002059	444	224.385	0	0
RCHGF002060	198	43.2057	0	0
RCHGF002061	1899	1669.95	2	7.3477
RCHGF002062	117	13.9932	0	0
RCHGF002063	1188	958.947	16	102.365
RCHGF002064	204	46.2704	0	0
RCHGF002065	231	60.9002	0	0
RCHGF002066	417	199.979	1	30.679
RCHGF002067	357	149.755	4	163.871
RCHGF002068	222	55.6805	0	0
RCHGF002069	1683	1453.95	0	0
RCHGF002070	621	393.813	22	342.734
RCHGF002071	906	677.14	2	18.1208
RCHGF002072	1005	775.947	5	39.5332
RCHGF002073	2187	1957.95	4	12.5338
RCHGF002074	2448	2218.95	0	0
RCHGF002075	402	186.834	0	0
RCHGF002076	501	277.03	0	0
RCHGF002077	486	262.772	1	23.3478
RCHGF002078	267	82.6334	0	0
RCHGF002079	219	54.237	0	0
RCHGF002080	141	19.4826	0	0
RCHGF002081	1194	964.947	0	0
RCHGF002082	1392	1162.95	1	5.27551
RCHGF002083	381	169.408	0	0
RCHGF002084	327	126.424	0	0
RCHGF002085	3057	2827.95	1	2.16947
RCHGF002086	378	167.209	11	403.606
RCHGF002087	384	172.201	70	2493.94
RCHGF002088	138	18.7254	61	19985.9
RCHGF002089	918	688.947	1	8.90509
RCHGF002090	486	262.772	0	0
RCHGF002091	123	15.373	0	0
RCHGF002092	429	210.699	0	0
RCHGF002093	624	396.775	0	0
RCHGF002094	639	410.798	0	0
RCHGF002095	1362	1132.95	2	10.8304
RCHGF002097	411	194.384	1	31.5619
RCHGF002099	1776	1546.95	75	297.447
RCHGF002101	1461	1231.95	7	34.8602
RCHGF002102	1401	1171.95	5	26.175
RCHGF002103	2220	1990.95	25	77.038
RCHGF002104	1272	1042.95	4	23.53
RCHGF002105	2247	2017.95	1	3.04029
RCHGF002106	696	467.184	1	13.1322
RCHGF002107	615	387.813	53	838.453
RCHGF002108	837	608.14	1	10.0884
RCHGF002109	378	167.209	4	146.766
RCHGF002110	594	367.176	0	0
RCHGF002111	525	300.066	7	143.122
RCHGF002112	1308	1078.95	6	34.1174
RCHGF002113	153	23.321	0	0
RCHGF002114	117	13.9932	0	0
RCHGF002115	924	694.947	20	176.564
RCHGF002116	135	17.9059	5	1713.16
RCHGF002117	1317	1087.95	8	45.1135
RCHGF002118	1920	1690.95	30	108.847
RCHGF002119	1332	1102.95	3	16.6875
RCHGF002120	996	766.947	4	31.9977
RCHGF002121	189	38.9117	1.08029	170.327
RCHGF002122	369	159.713	1	38.4135
RCHGF002123	222	55.6805	4	440.739
RCHGF002124	138	18.7254	11	3604.01
RCHGF002125	618	390.813	13	204.079
RCHGF002126	1245	1015.95	11	66.4272
RCHGF002127	792	563.14	2	21.7891
RCHGF002128	1941	1711.95	94	336.87
RCHGF002129	459	237.769	0	0
RCHGF002130	324	123.942	0	0
RCHGF002131	402	186.834	3	98.5123
RCHGF002132	585	358.245	0	0
RCHGF002133	912	683.14	1	8.9808
RCHGF002134	2379	2149.95	8	22.829
RCHGF002135	804	575.14	1	10.6672
RCHGF002136	912	683.14	1	8.9808
RCHGF002137	615	387.813	2	31.6397
RCHGF002138	1359	1129.95	5	27.1479
RCHGF002139	126	15.8497	0	0
RCHGF002140	237	64.5343	3	285.204
RCHGF002141	138	18.7254	0	0
RCHGF002142	642	413.798	7	103.785
RCHGF002143	699	470.14	0	0
RCHGF002144	714	485.14	56	708.183
RCHGF002145	1188	958.947	124	793.325
RCHGF002146	252	73.0874	7	587.598
RCHGF002147	2337	2107.95	18	52.3887
RCHGF002148	951	721.947	4	33.9922
RCHGF002149	1254	1024.95	5	29.929
RCHGF002150	309	112.707	11	598.78
RCHGF002151	1044	814.947	46	346.3
RCHGF002152	1920	1690.95	90	326.54
RCHGF002153	441	221.945	39	1078.06
RCHGF002154	306	110.45	23	1277.57
RCHGF002155	594	367.176	20	334.18
RCHGF002156	1749	1519.95	90	363.277
RCHGF002157	1440	1210.95	96	486.374
RCHGF002158	660	431.474	51	725.17
RCHGF002159	1350	1120.95	43	235.346
RCHGF002160	189	38.9117	11	1734.35
RCHGF002162	1602	1372.95	54	241.304
RCHGF002164	1833	1603.95	41	156.826
RCHGF002165	1311	1081.95	1	5.67046
RCHGF002166	585	358.245	1	17.1256
RCHGF002167	540	314.115	2	39.063
RCHGF002168	753	524.14	27	316.039
RCHGF002169	1230	1000.95	0	0
RCHGF002170	1089	859.947	6	42.8059
RCHGF002171	414	197.115	21	653.619
RCHGF002172	288	97.4661	0	0
RCHGF002173	150	22.1394	0	0
RCHGF002174	531	305.379	0	0
RCHGF002175	1575	1345.95	6	27.3494
RCHGF002176	846	617.14	0	0
RCHGF002177	1893	1663.95	4	14.7484
RCHGF002178	1629	1399.95	6	26.2944
RCHGF002180	1701	1471.95	26	108.369
RCHGF002181	126	15.8497	2	774.167
RCHGF002183	429	210.699	19	553.243
RCHGF002185	984	754.947	24	195.038
RCHGF002186	711	482.14	1	12.7248
RCHGF002187	204	46.2704	1	132.593
RCHGF002188	222	55.6805	0	0
RCHGF002189	438	219.159	3	83.982
RCHGF002190	126	15.8497	0	0
RCHGF002191	870	641.14	22	210.521
RCHGF002192	1311	1081.95	3	17.0114
RCHGF002193	960	730.947	6	50.3605
RCHGF002194	1404	1174.95	2	10.4433
RCHGF002195	1917	1687.95	0	0
RCHGF002196	114	13.7056	0	0
RCHGF002197	888	659.14	88	819.086
RCHGF002198	183	36.2667	5	845.836
RCHGF002199	1902	1672.95	4	14.6691
RCHGF002200	747	518.14	1	11.8407
RCHGF002201	1005	775.947	3	23.7199
RCHGF002202	666	437.393	1	14.0266
RCHGF002203	2166	1936.95	21	66.516
RCHGF002204	2166	1936.95	57	180.543
RCHGF002205	309	112.707	0	0
RCHGF002206	933	703.947	1	8.71534
RCHGF002207	429	210.699	8	232.944
RCHGF002208	1032	802.947	24	183.379
RCHGF002209	1572	1342.95	9	41.1157
RCHGF002210	4344	4114.95	29	43.2373
RCHGF002211	129	16.7391	0	0
RCHGF002212	390	176.768	4	138.829
RCHGF002213	489	265.747	3	69.2593
RCHGF002214	615	387.813	6	94.9192
RCHGF002215	648	419.798	1	14.6145
RCHGF002216	486	262.772	0	0
RCHGF002217	954	724.947	3	25.3886
RCHGF002218	1185	955.947	2	12.8357
RCHGF002219	696	467.184	3	39.3966
RCHGF002220	366	157.364	0	0
RCHGF002221	198	43.2057	0	0
RCHGF002222	780	551.14	2	22.2635
RCHGF002224	1179	949.947	5	32.292
RCHGF002225	705	476.14	2	25.7703
RCHGF002226	2169	1939.95	15	47.4379
RCHGF002227	174	31.9369	4	768.408
RCHGF002228	1095	865.947	3	21.2547
RCHGF002230	618	390.813	5.5	86.3413
RCHGF002231	368	158.99	9	347.293
RCHGF002233	852	623.14	17	167.374
RCHGF002234	321	121.666	84	4235.8
RCHGF002235	126	15.8497	3	1161.25
RCHGF002236	1686	1456.95	12	50.5315
RCHGF002237	699	470.14	11	143.546
RCHGF002238	1107	877.947	12	83.8566
RCHGF002239	1191	961.947	41	261.491
RCHGF002240	1242	1012.95	15	90.8508
RCHGF002241	1860	1630.95	10	37.617
RCHGF002242	390	176.768	0	0
RCHGF002243	1525	1295.95	8	37.8728
RCHGF002246	618	390.813	3	47.0953
RCHGF002247	189	38.9117	0	0
RCHGF002248	372	162.433	0	0
RCHGF002249	705	476.14	4	51.5407
RCHGF002250	243	67.9615	1	90.2738
RCHGF002251	516	291.488	5	105.238
RCHGF002252	549	322.726	1	19.0104
RCHGF002253	1518	1288.95	12	57.1177
RCHGF002254	837	608.14	16	161.414
RCHGF002255	1398	1168.95	11	57.7327
RCHGF002256	390	176.768	8	277.659
RCHGF002257	147	21.2598	0	0
RCHGF002258	2811	2581.95	11	26.1378
RCHGF002259	474	251.458	0	0
RCHGF002260	288	97.4661	0	0
RCHGF002261	1344	1114.95	0	0
RCHGF002262	174	31.9369	0	0
RCHGF002263	987	757.947	3	24.2832
RCHGF002264	645	416.798	0	0
RCHGF002265	1038	808.947	0	0
RCHGF002266	1326	1096.95	4	22.3717
RCHGF002267	780	551.14	3	33.3952
RCHGF002268	666	437.393	6	84.1597
RCHGF002269	444	224.385	1	27.342
RCHGF002270	846	617.14	0	0
RCHGF002271	195	41.7147	1	147.074
RCHGF002272	213	50.9635	0	0
RCHGF002273	195	41.7147	1	147.074
RCHGF002274	408	192.126	5	159.665
RCHGF002275	1101	871.947	6	42.2168
RCHGF002276	1353	1123.95	11	60.0442
RCHGF002277	984	754.947	4	32.5063
RCHGF002279	1083	853.947	19	136.504
RCHGF002280	120	14.5436	0	0
RCHGF002281	1815	1585.95	11	42.5528
RCHGF002282	135	17.9059	0	0
RCHGF002283	426	207.985	5	147.49
RCHGF002284	648	419.798	2	29.229
RCHGF002285	1968	1738.95	1	3.52808
RCHGF002286	771	542.14	2	22.6331
RCHGF002287	993	763.947	0	0
RCHGF002288	687	458.184	0	0
RCHGF002289	555	328.726	11	205.297
RCHGF002290	744	515.14	311	3703.91
RCHGF002291	1176	946.947	172	1114.36
RCHGF002292	1578	1348.95	3	13.6443
RCHGF002293	267	82.6334	0	0
RCHGF002294	366	157.364	0	0
RCHGF002295	114	13.7056	0	0
RCHGF002296	228	59.097	3	311.444
RCHGF002297	1512	1282.95	47	224.757
RCHGF002299	504	279.977	1	21.913
RCHGF002300	912	683.14	2	17.9616
RCHGF002301	1800	1570.95	3	11.7161
RCHGF002302	711	482.14	0	0
RCHGF002303	816	587.14	6	62.6952
RCHGF002304	750	521.14	7	82.4078
RCHGF002305	474	251.458	0	0
RCHGF002306	393	179.025	0	0
RCHGF002307	1161	931.947	18	118.497
RCHGF002308	705	476.14	4	51.5407
RCHGF002309	735	506.14	1	12.1214
RCHGF002310	495	271.082	7	158.424
RCHGF002311	126	15.8497	0	0
RCHGF002312	813	584.14	15	157.543
RCHGF002313	1236	1006.95	2	12.1856
RCHGF002314	657	428.798	2	28.6156
RCHGF002315	138	18.7254	0	0
RCHGF002316	546	319.726	3	57.5662
RCHGF002317	2274	2044.95	15	45.0022
RCHGF002318	459	237.769	1	25.803
RCHGF002319	771	542.14	1	11.3165
RCHGF002320	816	587.14	5	52.246
RCHGF002321	966	736.947	6	49.9504
RCHGF002322	1002	772.947	6	47.624
RCHGF002323	501	277.03	0	0
RCHGF002324	1308	1078.95	2	11.3725
RCHGF002325	1515	1285.95	3	14.3127
RCHGF002326	660	431.474	0	0
RCHGF002327	1062	832.947	6	44.1935
RCHGF002328	1404	1174.95	2	10.4433
RCHGF002329	726	497.14	0	0
RCHGF002330	687	458.184	5	66.9507
RCHGF002331	1227	997.947	8	49.1821
RCHGF002332	705	476.14	6	77.311
RCHGF002333	417	199.979	1	30.679
RCHGF002334	921	691.947	2	17.733
RCHGF002335	960	730.947	0	0
RCHGF002336	1383	1153.95	0	0
RCHGF002337	855	626.14	1	9.79836
RCHGF002338	510	285.789	0	0
RCHGF002339	891	662.14	3	27.7969
RCHGF002340	648	419.798	3	43.8436
RCHGF002341	399	183.962	1	33.35
RCHGF002342	411	194.384	0	0
RCHGF002343	819	590.14	0	0
RCHGF002344	762	533.14	1	11.5076
RCHGF002345	474	251.458	1	24.3982
RCHGF002346	1020	790.947	1	7.7567
RCHGF002347	2088	1858.95	6	19.802
RCHGF002348	162	26.8635	0	0
RCHGF002349	843	614.14	5	49.9491
RCHGF002350	1458	1228.95	1	4.99219
RCHGF002351	633	404.798	1	15.1561
RCHGF002352	1086	856.947	5	35.7965
RCHGF002353	1026	796.947	0	0
RCHGF002354	1248	1018.95	7	42.1474
RCHGF002355	1443	1213.95	2	10.1078
RCHGF002356	654	425.798	0	0
RCHGF002357	1437	1207.95	0	0
RCHGF002358	336	133.137	0	0
RCHGF002359	1251	1021.95	3	18.0101
RCHGF002360	312	114.916	5	266.939
RCHGF002361	1926	1696.95	1	3.6154
RCHGF002362	828	599.14	0	0
RCHGF002363	147	21.2598	23	6637.34
RCHGF002364	174	31.9369	10	1921.02
RCHGF002365	144	20.4641	0	0
RCHGF002366	114	13.7056	0	0
RCHGF002367	564	337.602	0	0
RCHGF002368	762	533.14	6	69.0454
RCHGF002369	870	641.14	7	66.9838
RCHGF002370	1911	1681.95	11	40.1241
RCHGF002371	690	461.184	8	106.424
RCHGF002372	117	13.9932	0	0
RCHGF002373	1359	1129.95	1	5.42958
RCHGF002374	327	126.424	0	0
RCHGF002375	522	297.151	5	103.233
RCHGF002376	1062	832.947	1	7.36558
RCHGF002377	1089	859.947	4	28.5373
RCHGF002378	1461	1231.95	0	0
RCHGF002379	1803	1573.95	7	27.2855
RCHGF002380	327	126.424	0	0
RCHGF002381	318	119.369	0	0
RCHGF002382	1092	862.947	0	0
RCHGF002383	954	724.947	2	16.9258
RCHGF002384	1107	877.947	2	13.9761
RCHGF002385	741	512.14	0	0
RCHGF002386	1095	865.947	4	28.3396
RCHGF002388	1371	1141.95	20	107.45
RCHGF002389	1197	967.947	38	240.855
RCHGF002390	819	590.14	10	103.961
RCHGF002391	879	650.14	64	603.946
RCHGF002392	717	488.14	49	615.852
RCHGF002393	690	461.184	17	226.152
RCHGF002394	369	159.713	1	38.4135
RCHGF002395	1185	955.947	0	0
RCHGF002396	2010	1780.95	20	68.8975
RCHGF002397	606	379.14	6	97.0903
RCHGF002398	117	13.9932	3	1315.31
RCHGF002399	519	294.488	2	41.6665
RCHGF002400	834	605.14	4	40.5535
RCHGF002401	606	379.14	7	113.272
RCHGF002402	1224	994.947	8	49.3304
RCHGF002403	486	262.772	1	23.3478
RCHGF002404	1155	925.947	0	0
RCHGF002405	486	262.772	9	210.13
RCHGF002406	1167	937.947	44	287.805
RCHGF002407	900	671.14	11	100.555
RCHGF002408	1374	1144.95	0	0
RCHGF002409	1485	1255.95	0	0
RCHGF002410	813	584.14	1	10.5029
RCHGF002411	1116	886.947	1	6.91714
RCHGF002412	630	401.987	0	0
RCHGF002413	117	13.9932	0	0
RCHGF002414	621	393.813	0	0
RCHGF002415	1008	778.947	0	0
RCHGF002416	630	401.987	0	0
RCHGF002417	666	437.393	1	14.0266
RCHGF002418	2076	1846.95	1	3.32177
RCHGF002419	996	766.947	0	0
RCHGF002420	669	440.393	2	27.8621
RCHGF002421	1377	1147.95	2	10.6889
RCHGF002422	282	93.3741	0	0
RCHGF002423	282	93.3741	0	0
RCHGF002424	462	240.517	3	76.5244
RCHGF002425	147	21.2598	0	0
RCHGF002426	591	364.211	2	33.6901
RCHGF002427	201	44.7994	0	0
RCHGF002428	945	715.947	36	308.493
RCHGF002429	1482	1252.95	5	24.4828
RCHGF002430	891	662.14	5	46.3281
RCHGF002431	372	162.433	0	0
RCHGF002432	1062	832.947	4	29.4623
RCHGF002433	528	302.637	0	0
RCHGF002434	543	316.846	0	0
RCHGF002435	774	545.14	3	33.7628
RCHGF002436	1323	1093.95	0	0
RCHGF002437	1572	1342.95	1	4.56841
RCHGF002438	303	108.258	1	56.6717
RCHGF002439	117	13.9932	0	0
RCHGF002440	309	112.707	1	54.4346
RCHGF002441	534	308.35	3	59.69
RCHGF002442	519	294.488	2	41.6665
RCHGF002443	168	29.0627	0	0
RCHGF002444	189	38.9117	0	0
RCHGF002445	1971	1741.95	10	35.22
RCHGF002447	123	15.373	0	0
RCHGF002448	1251	1021.95	35	210.118
RCHGF002449	237	64.5343	7	665.476
RCHGF002450	1056	826.947	113	838.349
RCHGF002451	1719	1489.95	153	630.006
RCHGF002452	300	105.847	0	0
RCHGF002453	588	361.245	29	492.517
RCHGF002454	858	629.14	35	341.307
RCHGF002455	318	119.369	3	154.19
RCHGF002456	324	123.942	4	198.001
RCHGF002457	195	41.7147	1	147.074
RCHGF002458	792	563.14	10	108.945
RCHGF002459	513	288.626	0	0
RCHGF002460	606	379.14	8	129.454
RCHGF002461	1482	1252.95	10	48.9657
RCHGF002462	309	112.707	0	0
RCHGF002463	693	464.184	0	0
RCHGF002464	927	697.947	1	8.79026
RCHGF002465	393	179.025	0	0
RCHGF002466	798	569.14	0	0
RCHGF002467	984	754.947	4	32.5063
RCHGF002468	714	485.14	0	0
RCHGF002469	813	584.14	1	10.5029
RCHGF002470	747	518.14	1	11.8407
RCHGF002471	465	243.146	0	0
RCHGF002472	744	515.14	1	11.9097
RCHGF002473	729	500.14	0	0
RCHGF002474	957	727.947	0	0
RCHGF002475	852	623.14	0	0
RCHGF002476	180	34.7247	0	0
RCHGF002477	276	89.1079	0	0
RCHGF002478	1422	1192.95	4	20.5714
RCHGF002479	456	235.521	0	0
RCHGF002480	2031	1801.95	10	34.0473
RCHGF002481	597	370.176	1	16.5736
RCHGF002482	867	638.14	151	1451.73
RCHGF002483	126	15.8497	0	0
RCHGF002484	318	119.369	0	0
RCHGF002485	120	14.5436	0	0
RCHGF002487	1449	1219.95	12	60.3482
RCHGF002489	1064	834.947	2	14.6959
RCHGF002491	798	569.14	0	0
RCHGF002492	1851	1621.95	6	22.6955
RCHGF002493	354	147.353	0	0
RCHGF002494	537	311.262	0	0
RCHGF002495	546	319.726	0	0
RCHGF002496	402	186.834	2	65.6748
RCHGF002497	381	169.408	0	0
RCHGF002498	387	174.541	0	0
RCHGF002500	624	396.775	0	0
RCHGF002501	291	99.7655	0	0
RCHGF002502	114	13.7056	0	0
RCHGF002503	2013	1783.95	4	13.7563
RCHGF002504	234	62.5695	0	0
RCHGF002505	759	530.14	2	23.1454
RCHGF002506	534	308.35	1	19.8967
RCHGF002507	1227	997.947	5	30.7388
RCHGF002508	177	33.2529	0	0
RCHGF002509	270	84.88	1	72.2802
RCHGF002510	384	172.201	4	142.511
RCHGF002511	918	688.947	5	44.5255
RCHGF002512	1638	1408.95	23	100.152
RCHGF002513	717	488.14	13	163.389
RCHGF002515	1695	1465.95	1	4.1851
RCHGF002516	1263	1033.95	5	29.6685
RCHGF002517	492	268.39	4	91.4363
RCHGF002518	1077	847.947	6	43.4117
RCHGF002519	1149	919.947	37	246.753
RCHGF002520	156	24.5149	3	750.786
RCHGF002522	411	194.384	1	31.5619
RCHGF002523	1083	853.947	2	14.3689
RCHGF002524	465	243.146	0	0
RCHGF002526	1317	1087.95	2	11.2784
RCHGF002527	1104	874.947	70	490.841
RCHGF002529	237	64.5343	0	0
RCHGF002530	417	199.979	0	0
RCHGF002531	339	135.35	0	0
RCHGF002532	219	54.237	0	0
RCHGF002533	618	390.813	5.5	86.3413
RCHGF002534	1140	910.947	1	6.7349
RCHGF002535	204	46.2704	0	0
RCHGF002536	1191	961.947	22	140.312
RCHGF002537	1170	940.947	13	84.7623
RCHGF002538	1374	1144.95	2	10.7169
RCHGF002539	627	399.438	1	15.3594
RCHGF002540	1926	1696.95	2	7.2308
RCHGF002541	1926	1696.95	10	36.154
RCHGF002542	1179	949.947	8	51.6672
RCHGF002543	909	680.14	9	81.1837
RCHGF002544	450	229.924	5	133.417
RCHGF002545	615	387.813	3	47.4596
RCHGF002546	597	370.176	0	0
RCHGF002547	1944	1714.95	1	3.57745
RCHGF002548	114	13.7056	0	0
RCHGF002549	1245	1015.95	2	12.0777
RCHGF002550	2163	1933.95	41	130.066
RCHGF002551	2070	1840.95	23	76.6498
RCHGF002552	594	367.176	1	16.709
RCHGF002553	39	40	0	0
RCHGF002554	3486	3256.95	56	105.488
RCHGF002555	804	575.14	1	10.6672
RCHGF002556	693	464.184	0	0
RCHGF002557	1287	1057.95	3	17.3973
RCHGF002558	1413	1183.95	0	0
RCHGF002559	300	105.847	1	57.9622
RCHGF002560	480	257.168	1	23.8566
RCHGF002561	111	13.6007	0	0
RCHGF002562	690	461.184	1	13.303
RCHGF002563	165	27.7747	0	0
RCHGF002564	234	62.5695	7	686.372
RCHGF002565	825	596.14	6	61.7487
RCHGF002566	1026	796.947	7	53.8881
RCHGF002567	774	545.14	0	0
RCHGF002568	462	240.517	4	102.033
RCHGF002569	2055	1825.95	7	23.5198
RCHGF002570	876	647.14	3	28.4412
RCHGF002571	465	243.146	0	0
RCHGF002572	1911	1681.95	7	25.5335
RCHGF002573	321	121.666	2	100.852
RCHGF002574	1284	1054.95	1	5.81559
RCHGF002575	336	133.137	1	46.0813
RCHGF002576	1449	1219.95	2	10.058
RCHGF002577	1509	1279.95	12	57.5193
RCHGF002578	690	461.184	10	133.03
RCHGF002579	1302	1072.95	5	28.5901
RCHGF002580	675	446.184	4	55.001
RCHGF002581	1305	1075.95	8	45.6167
RCHGF002582	975	745.947	9	74.0217
RCHGF002583	147	21.2598	16	4617.28
RCHGF002584	456	235.521	9	234.443
RCHGF002585	309	112.707	14	762.084
RCHGF002586	456	235.521	2	52.0985
RCHGF002587	225	57.3206	0	0
RCHGF002588	669	440.393	1	13.9311
RCHGF002589	288	97.4661	0	0
RCHGF002590	1068	838.947	0	0
RCHGF002591	777	548.14	5	55.9633
RCHGF002592	168	29.0627	0	0
RCHGF002593	435	216.286	0	0
RCHGF002594	906	677.14	10	90.6038
RCHGF002595	2418	2188.95	16	44.8445
RCHGF002596	114	13.7056	0	0
RCHGF002597	1278	1048.95	6	35.0931
RCHGF002598	1050	820.947	0	0
RCHGF002599	312	114.916	0	0
RCHGF002600	477	254.168	0	0
RCHGF002601	1917	1687.95	2	7.26935
RCHGF002602	609	382.104	0	0
RCHGF002603	759	530.14	1	11.5727
RCHGF002604	192	40.2759	1	152.328
RCHGF002605	660	431.474	5	71.0951
RCHGF002606	696	467.184	1	13.1322
RCHGF002607	1734	1504.95	14	57.0731
RCHGF002608	1623	1393.95	14	61.6178
RCHGF002609	2346	2116.95	7	20.2868
RCHGF002610	723	494.14	0	0
RCHGF002611	1311	1081.95	1	5.67046
RCHGF002612	759	530.14	1	11.5727
RCHGF002613	1422	1192.95	6	30.8571
RCHGF002614	666	437.393	0	0
RCHGF002615	132	17.2427	3	1067.43
RCHGF002616	933	703.947	6	52.292
RCHGF002617	480	257.168	1	23.8566
RCHGF002618	138	18.7254	0	0
RCHGF002619	201	44.7994	0	0
RCHGF002620	111	13.6007	0	0
RCHGF002621	417	199.979	1	30.679
RCHGF002622	111	13.6007	0	0
RCHGF002623	894	665.14	4	36.8953
RCHGF002624	2268	2038.95	11	33.0987
RCHGF002625	747	518.14	0	0
RCHGF002626	351	145.053	0	0
RCHGF002627	177	33.2529	0	0
RCHGF002628	1182	952.947	7	45.0665
RCHGF002629	597	370.176	1	16.5736
RCHGF002630	264	80.4044	1	76.3035
RCHGF002631	1611	1381.95	8	35.5159
RCHGF002632	1212	982.947	0	0
RCHGF002633	465	243.146	0	0
RCHGF002634	1203	973.947	1	6.29925
RCHGF002635	633	404.798	0	0
RCHGF002636	1098	868.947	2	14.1209
RCHGF002638	225	57.3206	0	0
RCHGF002639	561	334.602	1	18.3356
RCHGF002640	618	390.813	2	31.3968
RCHGF002641	288	97.4661	1	62.9464
RCHGF002642	783	554.14	0	0
RCHGF002643	2352	2122.95	13	37.5689
RCHGF002645	1398	1168.95	5	26.2422
RCHGF002646	1995	1765.95	26	90.3275
RCHGF002647	792	563.14	2	21.7891
RCHGF002648	147	21.2598	0	0
RCHGF002649	2316	2086.95	4	11.7591
RCHGF002650	771	542.14	0	0
RCHGF002651	1314	1084.95	5	28.2739
RCHGF002652	816	587.14	1	10.4492
RCHGF002653	483	260.045	0	0
RCHGF002654	141	19.4826	0	0
RCHGF002655	387	174.541	2	70.3004
RCHGF002656	1023	793.947	8	61.8191
RCHGF002657	435	216.286	0	0
RCHGF002658	2577	2347.95	104	271.75
RCHGF002659	624	396.775	7	108.238
RCHGF002660	357	149.755	3	122.903
RCHGF002661	1152	922.947	1	6.64733
RCHGF002662	1344	1114.95	2	11.0053
RCHGF002663	531	305.379	30	602.707
RCHGF002664	906	677.14	1	9.06038
RCHGF002665	942	712.947	18	154.896
RCHGF002666	618	390.813	1	15.6984
RCHGF002667	1035	805.947	3	22.837
RCHGF002668	849	620.14	4	39.5726
RCHGF002669	159	25.6145	0	0
RCHGF002670	321	121.666	0	0
RCHGF002671	324	123.942	5	247.501
RCHGF002672	759	530.14	3	34.7181
RCHGF002673	717	488.14	2	25.1368
RCHGF002674	621	393.813	4	62.3153
RCHGF002675	609	382.104	1	16.0562
RCHGF002676	1032	802.947	4	30.5631
RCHGF002677	1281	1051.95	4	23.3287
RCHGF002678	630	401.987	3	45.7861
RCHGF002679	1122	892.947	2	13.7413
RCHGF002681	336	133.137	0	0
RCHGF002682	354	147.353	1	41.6356
RCHGF002683	726	497.14	1	12.3409
RCHGF002684	249	71.4111	1	85.913
RCHGF002685	1323	1093.95	17	95.3404
RCHGF002686	813	584.14	4	42.0115
RCHGF002687	114	13.7056	0	0
RCHGF002688	597	370.176	5	82.8679
RCHGF002689	1902	1672.95	23	84.3471
RCHGF002690	1203	973.947	33	207.875
RCHGF002691	123	15.373	1	399.086
RCHGF002692	1125	895.947	4	27.3906
RCHGF002693	159	25.6145	1	239.518
RCHGF002694	2169	1939.95	29	91.7133
RCHGF002695	864	635.14	5	48.2976
RCHGF002696	153	23.321	0	0
RCHGF002697	1152	922.947	3	19.942
RCHGF002698	1569	1339.95	2	9.15729
RCHGF002699	708	479.14	2	25.609
RCHGF002700	1524	1294.95	15	71.0663
RCHGF002701	573	346.343	2	35.4281
RCHGF002702	168	29.0627	0	0
RCHGF002703	426	207.985	2	58.9959
RCHGF002704	174	31.9369	0	0
RCHGF002705	567	340.602	2	36.0253
RCHGF002706	129	16.7391	0	0
RCHGF002707	1830	1600.95	1	3.83219
RCHGF002708	2139	1909.95	5	16.061
RCHGF002709	708	479.14	0	0
RCHGF002710	648	419.798	4	58.4581
RCHGF002711	126	15.8497	0	0
RCHGF002712	162	26.8635	0	0
RCHGF002713	774	545.14	1	11.2543
RCHGF002714	2310	2080.95	11	32.4307
RCHGF002715	456	235.521	0	0
RCHGF002716	765	536.14	1	11.4432
RCHGF002717	489	265.747	8	184.692
RCHGF002718	114	13.7056	0	0
RCHGF002719	495	271.082	1	22.6321
RCHGF002720	885	656.14	11	102.854
RCHGF002721	144	20.4641	2	599.599
RCHGF002722	654	425.798	1	14.4086
RCHGF002723	693	464.184	5	66.0853
RCHGF002724	1326	1096.95	10	55.9292
RCHGF002725	384	172.201	15	534.416
RCHGF002726	1278	1048.95	8	46.7908
RCHGF002727	189	38.9117	0	0
RCHGF002728	1053	823.947	3	22.3381
RCHGF002729	150	22.1394	0	0
RCHGF002730	1239	1009.95	1	6.07471
RCHGF002731	171	30.4915	0	0
RCHGF002732	765	536.14	2	22.8863
RCHGF002733	141	19.4826	0	0
RCHGF002734	921	691.947	1	8.86648
RCHGF002735	819	590.14	4	41.5843
RCHGF002736	510	285.789	9	193.206
RCHGF002737	126	15.8497	1	387.084
RCHGF002738	306	110.45	4	222.186
RCHGF002739	312	114.916	1	53.3879
RCHGF002740	1614	1384.95	7	31.0091
RCHGF002741	147	21.2598	1	288.58
RCHGF002742	3231	3001.95	36	73.5739
RCHGF002743	120	14.5436	0	0
RCHGF002744	1491	1261.95	0	0
RCHGF002745	513	288.626	0	0
RCHGF002746	1020	790.947	20	155.134
RCHGF002747	651	422.798	1	14.5108
RCHGF002748	1749	1519.95	44	177.602
RCHGF002749	1512	1282.95	7	33.4745
RCHGF002750	1473	1243.95	4	19.728
RCHGF002751	978	748.947	1	8.19168
RCHGF002752	1566	1336.95	9	41.3003
RCHGF002753	1698	1468.95	75	313.242
RCHGF002754	192	40.2759	3	456.983
RCHGF002755	981	751.947	4	32.636
RCHGF002756	996	766.947	0	0
RCHGF002757	912	683.14	1	8.9808
RCHGF002758	978	748.947	2	16.3834
RCHGF002759	1698	1468.95	72	300.712
RCHGF002760	1203	973.947	29	182.678
RCHGF002761	348	142.534	1	43.0434
RCHGF002762	1416	1186.95	2	10.3377
RCHGF002763	1065	835.947	3	22.0174
RCHGF002764	996	766.947	8	63.9954
RCHGF002765	1863	1633.95	16	60.0767
RCHGF002766	1290	1060.95	10	57.827
RCHGF002767	834	605.14	5	50.6919
RCHGF002768	957	727.947	7	58.996
RCHGF002769	216	52.667	51	5940.95
RCHGF002770	330	128.693	71	3384.76
RCHGF002771	321	121.666	14	705.967
RCHGF002772	621	393.813	3	46.7365
RCHGF002773	1380	1150.95	6	31.9831
RCHGF002775	414	197.115	3	93.3741
RCHGF002776	189	38.9117	3	473.004
RCHGF002777	726	497.14	3	37.0226
RCHGF002778	672	443.393	67	927.067
RCHGF002779	567	340.602	1	18.0126
RCHGF002780	1104	874.947	6	42.0721
RCHGF002781	153	23.321	0	0
RCHGF002782	921	691.947	3	26.5994
RCHGF002783	585	358.245	1	17.1256
RCHGF002784	951	721.947	2	16.9961
RCHGF002785	1548	1318.95	34	158.152
RCHGF002786	129	16.7391	0	0
RCHGF002787	900	671.14	7	63.9896
RCHGF002788	777	548.14	0	0
RCHGF002789	633	404.798	1	15.1561
RCHGF002790	873	644.14	4	38.0982
RCHGF002791	144	20.4641	1	299.799
RCHGF002792	1833	1603.95	31	118.576
RCHGF002793	822	593.14	8	82.748
RCHGF002794	1317	1087.95	47	265.042
RCHGF002795	969	739.947	35	290.196
RCHGF002796	117	13.9932	1	438.437
RCHGF002797	999	769.947	31	247.016
RCHGF002798	690	461.184	17	226.152
RCHGF002799	180	34.7247	0	0
RCHGF002800	561	334.602	0	0
RCHGF002801	786	557.14	3	33.0356
RCHGF002802	360	152.428	2	80.4991
RCHGF002803	339	135.35	12	543.934
RCHGF002804	120	14.5436	0	0
RCHGF002805	1779	1549.95	4	15.8332
RCHGF002806	1728	1498.95	1	4.09297
RCHGF002807	813	584.14	4	42.0115
RCHGF002808	891	662.14	28	259.438
RCHGF002809	465	243.146	5	126.162
RCHGF002810	657	428.798	2	28.6156
RCHGF002811	1422	1192.95	4	20.5714
RCHGF002812	999	769.947	3	23.9048
RCHGF002813	156	24.5149	0	0
RCHGF002814	1932	1702.95	11	39.6293
RCHGF002815	960	730.947	2	16.7868
RCHGF002816	129	16.7391	0	0
RCHGF002817	267	82.6334	2	148.491
RCHGF002818	555	328.726	0	0
RCHGF002819	501	277.03	2	44.2923
RCHGF002820	537	311.262	2	39.421
RCHGF002821	300	105.847	1	57.9622
RCHGF002822	264	80.4044	2	152.607
RCHGF002823	141	19.4826	0	0
RCHGF002824	336	133.137	0	0
RCHGF002825	300	105.847	0	0
RCHGF002826	690	461.184	6	79.8182
RCHGF002827	819	590.14	7	72.7726
RCHGF002828	843	614.14	3	29.9694
RCHGF002829	774	545.14	3	33.7628
RCHGF002830	420	202.545	5	151.451
RCHGF002831	276	89.1079	0	0
RCHGF002832	195	41.7147	0	0
RCHGF002834	540	314.115	0	0
RCHGF002835	460	238.609	2	51.4243
RCHGF002837	876	647.14	1	9.4804
RCHGF002838	720	491.14	1	12.4916
RCHGF002839	1131	901.947	0	0
RCHGF002840	1011	781.947	1	7.84598
RCHGF002841	294	101.934	0	0
RCHGF002842	171	30.4915	0	0
RCHGF002843	642	413.798	1	14.8264
RCHGF002844	1968	1738.95	1	3.52808
RCHGF002845	396	181.649	0	0
RCHGF002846	609	382.104	1	16.0562
RCHGF002847	720	491.14	1	12.4916
RCHGF002848	507	282.816	0	0
RCHGF002849	120	14.5436	0	0
RCHGF002850	1290	1060.95	12	69.3924
RCHGF002851	1245	1015.95	7	42.2719
RCHGF002852	777	548.14	4	44.7706
RCHGF002853	2166	1936.95	5	15.8371
RCHGF002854	189	38.9117	1	157.668
RCHGF002855	174	31.9369	0	0
RCHGF002856	342	137.743	0	0
RCHGF002857	651	422.798	0	0
RCHGF002858	1785	1555.95	18	70.9745
RCHGF002859	603	376.176	9	146.783
RCHGF002860	141	19.4826	0	0
RCHGF002861	1377	1147.95	2	10.6889
RCHGF002862	672	443.393	4	55.3473
RCHGF002863	1149	919.947	12	80.0281
RCHGF002864	120	14.5436	0	0
RCHGF002865	762	533.14	2	23.0151
RCHGF002866	363	154.669	1	39.6664
RCHGF002867	771	542.14	2	22.6331
RCHGF002868	642	413.798	1	14.8264
RCHGF002869	279	91.2652	0	0
RCHGF002870	195	41.7147	2	294.147
RCHGF002871	459	237.769	1	25.803
RCHGF002872	249	71.4111	1	85.913
RCHGF002873	150	22.1394	3	831.344
RCHGF002874	522	297.151	0	0
RCHGF002875	114	13.7056	0	0
RCHGF002876	387	174.541	0	0
RCHGF002877	111	13.6007	1	451.09
RCHGF002878	444	224.385	1	27.342
RCHGF002879	351	145.053	0	0
RCHGF002880	255	74.8855	0	0
RCHGF002881	156	24.5149	0	0
RCHGF002882	267	82.6334	1	74.2453
RCHGF002883	453	232.656	2	52.7401
RCHGF002884	354	147.353	0	0
RCHGF002885	324	123.942	2	99.0004
RCHGF002886	162	26.8635	0	0
RCHGF002887	441	221.945	0	0
RCHGF002888	375	164.917	0	0
RCHGF002889	126	15.8497	0	0
RCHGF002890	123	15.373	0	0
RCHGF002891	1338	1108.95	35	193.634
RCHGF002892	2868	2638.95	5	11.6242
RCHGF002893	2349	2119.95	5	14.47
RCHGF002894	2010	1780.95	12	41.3385
RCHGF002895	1743	1513.95	2	8.10483
RCHGF002896	1806	1576.95	8	31.1241
RCHGF002897	678	449.184	8	109.267
RCHGF002898	177	33.2529	2	368.999
RCHGF002899	792	563.14	10	108.945
RCHGF002900	1368	1138.95	15	80.8001
RCHGF002901	111	13.6007	0	0
RCHGF002902	1512	1282.95	17	81.2951
RCHGF002903	906	677.14	6	54.3623
RCHGF002904	1929	1699.95	10	36.0902
RCHGF002905	2220	1990.95	16	49.3043
RCHGF002906	1737	1507.95	4	16.2741
RCHGF002907	669	440.393	2	27.8621
RCHGF002908	702	473.14	0	0
RCHGF002909	1110	880.947	7	48.7498
RCHGF002910	597	370.176	162	2684.92
RCHGF002911	273	87.0584	24	1691.32
RCHGF002912	687	458.184	12	160.682
RCHGF002913	135	17.9059	0	0
RCHGF002914	177	33.2529	2	368.999
RCHGF002915	246	69.7824	5	439.591
RCHGF002916	555	328.726	5	93.3169
RCHGF002917	180	34.7247	2	353.359
RCHGF002918	762	533.14	5	57.5378
RCHGF002919	306	110.45	0	0
RCHGF002920	510	285.789	0	0
RCHGF002921	660	431.474	1	14.219
RCHGF002922	780	551.14	4	44.5269
RCHGF002923	318	119.369	16	822.345
RCHGF002924	216	52.667	5	582.446
RCHGF002925	657	428.798	26	372.002
RCHGF002926	699	470.14	109	1422.41
RCHGF002927	270	84.88	8	578.241
RCHGF002928	906	677.14	32	289.932
RCHGF002929	1584	1354.95	35	158.478
RCHGF002930	783	554.14	4	44.2859
RCHGF002931	975	745.947	20	164.493
RCHGF002932	597	370.176	3	49.7207
RCHGF002933	711	482.14	22	279.946
RCHGF002934	1053	823.947	12	89.3524
RCHGF002935	1101	871.947	1	7.03614
RCHGF002936	1068	838.947	5	36.5645
RCHGF002937	1134	904.947	27	183.048
RCHGF002938	2376	2146.95	88	251.47
RCHGF002939	681	452.184	4	54.2712
RCHGF002940	675	446.184	11	151.253
RCHGF002941	1395	1165.95	14	73.6671
RCHGF002942	186	37.4792	0	0
RCHGF002943	534	308.35	253	5033.86
RCHGF002944	231	60.9002	3	302.223
RCHGF002945	114	13.7056	0	0
RCHGF002946	2091	1861.95	115	378.926
RCHGF002947	1671	1441.95	16	68.0762
RCHGF002948	129	16.7391	0	0
RCHGF002949	1665	1435.95	9	38.4528
RCHGF002950	471	248.649	0	0
RCHGF002951	474	251.458	2	48.7965
RCHGF002952	522	297.151	1	20.6465
RCHGF002953	1200	970.947	29	183.243
RCHGF002954	1647	1417.95	9	38.941
RCHGF002955	729	500.14	2	24.5337
RCHGF002956	738	509.14	26	313.3
RCHGF002957	324	123.942	19	940.504
RCHGF002958	342	137.743	8	356.324
RCHGF002959	435	216.286	2	56.7317
RCHGF002960	963	733.947	17	142.105
RCHGF002961	858	629.14	24	234.039
RCHGF002962	132	17.2427	0	0
RCHGF002963	699	470.14	177	2309.78
RCHGF002964	750	521.14	3	35.3176
RCHGF002965	825	596.14	7	72.0401
RCHGF002966	444	224.385	2	54.6841
RCHGF002967	1197	967.947	7	44.3681
RCHGF002968	114	13.7056	0	0
RCHGF002969	1698	1468.95	77	321.595
RCHGF002970	1692	1462.95	14	58.7116
RCHGF002971	1227	997.947	6	36.8866
RCHGF002972	891	662.14	1	9.26563
RCHGF002973	1395	1165.95	152	799.814
RCHGF002974	1293	1063.95	4399	25366.4
RCHGF002975	1470	1240.95	5	24.7196
RCHGF002976	2256	2026.95	7	21.1875
RCHGF002977	609	382.104	5	80.281
RCHGF002978	1983	1753.95	1	3.4979
RCHGF002979	861	632.14	3	29.1161
RCHGF002980	117	13.9932	0	0
RCHGF002981	495	271.082	2	45.2641
RCHGF002982	693	464.184	1	13.2171
RCHGF002983	525	300.066	3	61.3378
RCHGF002984	120	14.5436	2	843.692
RCHGF002985	216	52.667	0	0
RCHGF002986	231	60.9002	0	0
RCHGF002987	1005	775.947	3	23.7199
RCHGF002988	561	334.602	68	1246.82
RCHGF002989	285	95.282	0	0
RCHGF002990	1362	1132.95	9	48.7368
RCHGF002991	1170	940.947	6	39.121
RCHGF002992	882	653.14	0	0
RCHGF002993	213	50.9635	0	0
RCHGF002994	528	302.637	10	202.723
RCHGF002995	159	25.6145	0	0
RCHGF002996	993	763.947	7	56.2159
RCHGF002997	357	149.755	3	122.903
RCHGF002998	111	13.6007	1	451.09
RCHGF002999	1200	970.947	13	82.1433
RCHGF003000	762	533.14	5	57.5378
RCHGF003001	213	50.9635	15	1805.75
RCHGF003002	567	340.602	22	396.278
RCHGF003003	573	346.343	30	531.421
RCHGF003004	249	71.4111	2	171.826
RCHGF003005	870	641.14	5	47.8456
RCHGF003006	540	314.115	27	527.351
RCHGF003007	744	515.14	574	6836.15
RCHGF003008	2031	1801.95	3	10.2142
RCHGF003009	585	358.245	1	17.1256
RCHGF003010	873	644.14	5	47.6227
RCHGF003011	774	545.14	1	11.2543
RCHGF003012	729	500.14	2	24.5337
RCHGF003013	396	181.649	2	67.5494
RCHGF003014	390	176.768	5	173.537
RCHGF003015	855	626.14	7	68.5885
RCHGF003016	786	557.14	0	0
RCHGF003017	786	557.14	1	11.0119
RCHGF003018	1104	874.947	1	7.01201
RCHGF003019	702	473.14	1	12.9669
RCHGF003020	426	207.985	4	117.992
RCHGF003021	1218	988.947	3	18.6111
RCHGF003022	915	685.947	3	26.8321
RCHGF003023	213	50.9635	1	120.383
RCHGF003024	888	659.14	11	102.386
RCHGF003025	1320	1090.95	8	44.9894
RCHGF003026	114	13.7056	0	0
RCHGF003027	2595	2365.95	34	88.1654
RCHGF003028	2040	1810.95	13	44.0415
RCHGF003029	156	24.5149	0	0
RCHGF003030	1632	1402.95	6	26.2382
RCHGF003031	417	199.979	7	214.753
RCHGF003032	1203	973.947	9	56.6933
RCHGF003033	747	518.14	10	118.407
RCHGF003034	1209	979.947	3	18.782
RCHGF003035	3504	3274.95	306	573.247
RCHGF003036	7287	7057.95	18	15.6466
RCHGF003037	132	17.2427	1	355.81
RCHGF003038	804	575.14	18	192.01
RCHGF003039	462	240.517	6	153.049
RCHGF003040	657	428.798	11	157.386
RCHGF003041	306	110.45	13	722.105
RCHGF003042	2340	2110.95	13	37.7825
RCHGF003043	849	620.14	1	9.89316
RCHGF003044	768	539.14	2	22.759
RCHGF003045	318	119.369	0	0
RCHGF003046	459	237.769	98	2528.69
RCHGF003047	882	653.14	1	9.39331
RCHGF003048	1755	1525.95	9	36.1849
RCHGF003049	465	243.146	15	378.485
RCHGF003050	111	13.6007	1	451.09
RCHGF003051	132	17.2427	1	355.81
RCHGF003052	198	43.2057	8	1135.99
RCHGF003053	399	183.962	5	166.75
RCHGF003054	1311	1081.95	0	0
RCHGF003055	111	13.6007	0	0
RCHGF003056	723	494.14	8	99.3264
RCHGF003057	306	110.45	34	1888.58
RCHGF003058	873	644.14	3	28.5736
RCHGF003059	480	257.168	5	119.283
RCHGF003060	855	626.14	14	137.177
RCHGF003061	720	491.14	32	399.732
RCHGF003062	918	688.947	5	44.5255
RCHGF003063	117	13.9932	0	0
RCHGF003064	861	632.14	3	29.1161
RCHGF003065	783	554.14	5	55.3573
RCHGF003066	1137	907.947	48	324.343
RCHGF003067	1197	967.947	31	196.487
RCHGF003068	894	665.14	9	83.0145
RCHGF003069	615	387.813	3	47.4596
RCHGF003070	273	87.0584	1	70.4715
RCHGF003071	804	575.14	3	32.0017
RCHGF003072	1080	850.947	5	36.0489
RCHGF003073	918	688.947	10	89.0509
RCHGF003074	702	473.14	2	25.9337
RCHGF003075	198	43.2057	2	283.997
RCHGF003076	138	18.7254	1	327.638
RCHGF003077	1005	775.947	0	0
RCHGF003078	225	57.3206	1	107.032
RCHGF003079	1356	1126.95	1	5.44403
RCHGF003080	267	82.6334	1	74.2453
RCHGF003081	513	288.626	3	63.7691
RCHGF003082	1119	889.947	10	68.9382
RCHGF003083	1098	868.947	4	28.2417
RCHGF003084	687	458.184	4	53.5605
RCHGF003085	1005	775.947	3	23.7199
RCHGF003086	111	13.6007	0	0
RCHGF003087	927	697.947	26	228.547
RCHGF003088	825	596.14	22	226.412
RCHGF003089	2145	1915.95	25	80.0536
RCHGF003090	633	404.798	9	136.405
RCHGF003091	1131	901.947	4	27.2084
RCHGF003092	117	13.9932	3	1315.31
RCHGF003093	135	17.9059	0	0
RCHGF003094	1221	991.947	42	259.768
RCHGF003095	444	224.385	4	109.368
RCHGF003096	282	93.3741	0	0
RCHGF003097	432	213.412	3	86.2437
RCHGF003098	1224	994.947	42	258.984
RCHGF003099	315	117.166	1	52.3627
RCHGF003100	1239	1009.95	20	121.494
RCHGF003101	582	355.245	17	293.593
RCHGF003102	1422	1192.95	5	25.7142
RCHGF003103	135	17.9059	0	0
RCHGF003104	129	16.7391	0	0
RCHGF003105	2601	2371.95	5	12.9327
RCHGF003106	147	21.2598	0	0
RCHGF003107	1350	1120.95	3	16.4195
RCHGF003108	708	479.14	4	51.218
RCHGF003109	705	476.14	3	38.6555
RCHGF003110	627	399.438	0	0
RCHGF003111	1416	1186.95	6	31.013
RCHGF003112	1791	1561.95	1	3.92788
RCHGF003113	1809	1579.95	0	0
RCHGF003114	969	739.947	9	74.6219
RCHGF003115	687	458.184	0	0
RCHGF003116	555	328.726	4	74.6535
RCHGF003117	699	470.14	1	13.0496
RCHGF003118	2478	2248.95	10	27.2801
RCHGF003119	387	174.541	17	597.553
RCHGF003120	186	37.4792	4	654.778
RCHGF003121	750	521.14	8	94.1804
RCHGF003122	294	101.934	7	421.31
RCHGF003123	132	17.2427	0	0
RCHGF003124	111	13.6007	0	0
RCHGF003125	1080	850.947	3	21.6293
RCHGF003126	1305	1075.95	5	28.5104
RCHGF003127	1470	1240.95	0	0
RCHGF003128	819	590.14	7	72.7726
RCHGF003129	477	254.168	6	144.829
RCHGF003130	4218	3988.95	21	32.2987
RCHGF003131	120	14.5436	2	843.692
RCHGF003132	213	50.9635	6	722.298
RCHGF003133	1089	859.947	281	2004.74
RCHGF003134	927	697.947	66	580.157
RCHGF003135	858	629.14	79	770.379
RCHGF003136	216	52.667	0	0
RCHGF003137	1539	1309.95	3	14.0505
RCHGF003138	1332	1102.95	4	22.25
RCHGF003139	600	373.176	0	0
RCHGF003140	1167	937.947	2	13.0821
RCHGF003142	4260	4030.95	32	48.7043
RCHGF003143	621	393.813	0	0
RCHGF003144	126	15.8497	0	0
RCHGF003145	1320	1090.95	3	16.871
RCHGF003146	558	331.602	17	314.526
RCHGF003147	207	47.7749	0	0
RCHGF003148	3858	3628.95	92	155.536
RCHGF003149	4209	3979.95	45	69.3681
RCHGF003150	609	382.104	0	0
RCHGF003151	369	159.713	4	153.654
RCHGF003152	519	294.488	6	124.999
RCHGF003154	684	455.184	5	67.3919
RCHGF003155	414	197.115	0	0
RCHGF003156	123	15.373	0	0
RCHGF003157	114	13.7056	0	0
RCHGF003158	966	736.947	8	66.6006
RCHGF003159	819	590.14	7	72.7726
RCHGF003160	729	500.14	9	110.402
RCHGF003161	1071	841.947	8	58.2948
RCHGF003162	1047	817.947	4	30.0026
RCHGF003163	1665	1435.95	5	21.3627
RCHGF003164	1332	1102.95	0	0
RCHGF003165	861	632.14	0	0
RCHGF003166	1173	943.947	5	32.4973
RCHGF003167	732	503.14	1	12.1937
RCHGF003168	525	300.066	1	20.4459
RCHGF003169	183	36.2667	0	0
RCHGF003170	111	13.6007	0	0
RCHGF003171	600	373.176	1	16.4403
RCHGF003172	834	605.14	0	0
RCHGF003173	378	167.209	0	0
RCHGF003174	1281	1051.95	3	17.4965
RCHGF003175	285	95.282	0	0
RCHGF003176	438	219.159	2	55.988
RCHGF003177	1971	1741.95	3	10.566
RCHGF003178	126	15.8497	0	0
RCHGF003179	1158	928.947	22	145.297
RCHGF003180	126	15.8497	0	0
RCHGF003181	468	246.076	0	0
RCHGF003182	1041	811.947	0	0
RCHGF003183	807	578.14	1	10.6119
RCHGF003184	1968	1738.95	1	3.52808
RCHGF003185	813	584.14	2	21.0057
RCHGF003186	1056	826.947	4	29.6761
RCHGF003187	312	114.916	0	0
RCHGF003188	459	237.769	3	77.4089
RCHGF003189	1200	970.947	7	44.231
RCHGF003190	1620	1390.95	34	149.966
RCHGF003191	1407	1177.95	4	20.8333
RCHGF003192	336	133.137	0	0
RCHGF003193	1254	1024.95	0	0
RCHGF003194	303	108.258	0	0
RCHGF003195	1911	1681.95	4	14.5906
RCHGF003196	117	13.9932	1	438.437
RCHGF003197	867	638.14	2	19.2282
RCHGF003198	246	69.7824	0	0
RCHGF003199	324	123.942	2	99.0004
RCHGF003200	234	62.5695	0	0
RCHGF003201	1041	811.947	4	30.2243
RCHGF003202	1896	1666.95	1	3.68046
RCHGF003203	624	396.775	2	30.925
RCHGF003204	972	742.947	7	57.8049
RCHGF003205	1011	781.947	2	15.692
RCHGF003206	936	706.947	0	0
RCHGF003207	915	685.947	0	0
RCHGF003208	645	416.798	0	0
RCHGF003209	702	473.14	0	0
RCHGF003210	774	545.14	1	11.2543
RCHGF003211	957	727.947	0	0
RCHGF003212	876	647.14	2	18.9608
RCHGF003213	1191	961.947	3	19.1335
RCHGF003214	807	578.14	0	0
RCHGF003215	1407	1177.95	0	0
RCHGF003216	975	745.947	0	0
RCHGF003217	528	302.637	0	0
RCHGF003218	645	416.798	0	0
RCHGF003220	480	257.168	29	691.84
RCHGF003221	843	614.14	75	749.236
RCHGF003222	1395	1165.95	2	10.5239
RCHGF003223	888	659.14	3	27.9234
RCHGF003224	888	659.14	3	27.9234
RCHGF003225	1302	1072.95	3	17.1541
RCHGF003226	936	706.947	0	0
RCHGF003227	1635	1405.95	13	56.7282
RCHGF003228	1581	1351.95	6	27.228
RCHGF003229	186	37.4792	0	0
RCHGF003230	1374	1144.95	16	85.7352
RCHGF003231	777	548.14	7	78.3486
RCHGF003232	1875	1645.95	8	29.8194
RCHGF003233	792	563.14	1	10.8945
RCHGF003234	1299	1069.95	1	5.73406
RCHGF003235	288	97.4661	0	0
RCHGF003236	1404	1174.95	2	10.4433
RCHGF003238	1713	1483.95	56	231.523
RCHGF003239	918	688.947	4	35.6204
RCHGF003240	1248	1018.95	10	60.2106
RCHGF003241	936	706.947	1	8.67835
RCHGF003242	765	536.14	4	45.7727
RCHGF003243	2103	1873.95	23	75.3
RCHGF003244	1362	1132.95	15	81.228
RCHGF003245	1425	1195.95	2	10.2599
RCHGF003246	423	205.227	2	59.7887
RCHGF003247	396	181.649	0	0
RCHGF003248	480	257.168	0	0
RCHGF003249	369	159.713	4	153.654
RCHGF003250	1305	1075.95	0	0
RCHGF003252	114	13.7056	0	0
RCHGF003253	1560	1330.95	38	175.165
RCHGF003254	138	18.7254	0	0
RCHGF003255	540	314.115	0	0
RCHGF003256	549	322.726	2	38.0207
RCHGF003257	792	563.14	4	43.5781
RCHGF003258	261	78.4807	0	0
RCHGF003259	465	243.146	4	100.929
RCHGF003260	852	623.14	1	9.84553
RCHGF003261	909	680.14	0	0
RCHGF003262	423	205.227	2	59.7887
RCHGF003263	159	25.6145	0	0
RCHGF003264	312	114.916	0	0
RCHGF003265	132	17.2427	0	0
RCHGF003266	117	13.9932	0	0
RCHGF003267	231	60.9002	0	0
RCHGF003268	162	26.8635	0	0
RCHGF003269	603	376.176	21	342.494
RCHGF003270	942	712.947	5	43.0266
RCHGF003271	210	49.3643	4	497.131
RCHGF003272	876	647.14	7	66.3628
RCHGF003273	117	13.9932	0	0
RCHGF003274	1044	814.947	2	15.0565
RCHGF003275	1347	1117.95	3	16.4636
RCHGF003276	1818	1588.95	10	38.6113
RCHGF003277	2646	2416.95	12	30.4606
RCHGF003278	906	677.14	3	27.1811
RCHGF003279	3267	3037.95	33	66.6436
RCHGF003280	900	671.14	9	82.2724
RCHGF003281	1128	898.947	10	68.248
RCHGF003282	1614	1384.95	11	48.7286
RCHGF003283	219	54.237	2	226.234
RCHGF003284	270	84.88	0	0
RCHGF003285	612	385.104	5	79.6556
RCHGF003286	516	291.488	1	21.0476
RCHGF003287	318	119.369	2	102.793
RCHGF003288	621	393.813	13	202.525
RCHGF003289	171	30.4915	2	402.417
RCHGF003290	183	36.2667	0	0
RCHGF003291	1938	1708.95	3	10.77
RCHGF003292	417	199.979	3	92.037
RCHGF003293	327	126.424	0	0
RCHGF003294	2271	2041.95	10	30.0455
RCHGF003295	279	91.2652	0	0
RCHGF003296	1341	1111.95	3	16.5524
RCHGF003297	417	199.979	0	0
RCHGF003298	357	149.755	1	40.9678
RCHGF003299	552	325.726	0	0
RCHGF003300	1248	1018.95	1	6.02106
RCHGF003301	684	455.184	2	26.9568
RCHGF003302	366	157.364	2	77.9738
RCHGF003303	240	66.4831	2	184.563
RCHGF003304	1599	1369.95	0	0
RCHGF003305	327	126.424	2	97.0569
RCHGF003306	303	108.258	15	850.076
RCHGF003307	1368	1138.95	0	0
RCHGF003308	534	308.35	0	0
RCHGF003309	1182	952.947	2	12.8761
RCHGF003310	270	84.88	1	72.2802
RCHGF003311	381	169.408	0	0
RCHGF003312	285	95.282	0	0
RCHGF003313	570	343.473	1	17.8621
RCHGF003314	372	162.433	0	0
RCHGF003315	162	26.8635	0	0
RCHGF003316	3150	2920.95	2	4.20079
RCHGF003317	648	419.798	0	0
RCHGF003318	1719	1489.95	1	4.11769
RCHGF003319	1893	1663.95	5	18.4355
RCHGF003320	411	194.384	0	0
RCHGF003321	951	721.947	0	0
RCHGF003322	117	13.9932	0	0
RCHGF003323	219	54.237	0	0
RCHGF003324	1563	1333.95	12	55.1908
RCHGF003325	414	197.115	3	93.3741
RCHGF003326	1023	793.947	7	54.0917
RCHGF003327	237	64.5343	4	380.272
RCHGF003328	1359	1129.95	2	10.8592
RCHGF003329	549	322.726	2	38.0207
RCHGF003330	825	596.14	0	0
RCHGF003331	1332	1102.95	3	16.6875
RCHGF003332	594	367.176	7	116.963
RCHGF003333	1422	1192.95	6	30.8571
RCHGF003334	1419	1189.95	8	41.2465
RCHGF003335	303	108.258	1	56.6717
RCHGF003336	1122	892.947	4	27.4826
RCHGF003337	1995	1765.95	5	17.3707
RCHGF003338	2289	2059.95	3	8.9349
RCHGF003339	1581	1351.95	3	13.614
RCHGF003340	816	587.14	4	41.7968
RCHGF003341	672	443.393	0	0
RCHGF003342	633	404.798	1	15.1561
RCHGF003343	1008	778.947	909	7159.46
RCHGF003344	1386	1156.95	1	5.30287
RCHGF003345	273	87.0584	0	0
RCHGF003346	468	246.076	0	0
RCHGF003347	489	265.747	0	0
RCHGF003348	2022	1792.95	1	3.42182
RCHGF003349	1599	1369.95	16	71.654
RCHGF003350	1233	1003.95	2	12.222
RCHGF003351	678	449.184	20	273.169
RCHGF003352	1155	925.947	12	79.5096
RCHGF003353	879	650.14	6	56.6199
RCHGF003354	480	257.168	25	596.414
RCHGF003355	1761	1531.95	70	280.336
RCHGF003356	2358	2128.95	34	97.9802
RCHGF003357	657	428.798	1	14.3078
RCHGF003359	855	626.14	1	9.79836
RCHGF003360	390	176.768	1	34.7074
RCHGF003361	2511	2281.95	2	5.37711
RCHGF003362	540	314.115	0	0
RCHGF003363	1170	940.947	4	26.0807
RCHGF003364	1536	1306.95	6	28.1655
RCHGF003365	951	721.947	0	0
RCHGF003366	4821	4591.95	3	4.0082
RCHGF003367	675	446.184	0	0
RCHGF003368	153	23.321	0	0
RCHGF003369	660	431.474	0	0
RCHGF003370	1083	853.947	1	7.18445
RCHGF003371	468	246.076	2	49.8638
RCHGF003372	168	29.0627	0	0
RCHGF003373	219	54.237	1	113.117
RCHGF003374	309	112.707	2	108.869
RCHGF003375	1419	1189.95	7	36.0907
RCHGF003376	300	105.847	0	0
RCHGF003377	123	15.373	0	0
RCHGF003378	495	271.082	6	135.792
RCHGF003379	474	251.458	19	463.567
RCHGF003380	138	18.7254	2	655.275
RCHGF003381	642	413.798	3	44.4793
RCHGF003382	1008	778.947	8	63.0095
RCHGF003383	447	227.145	0	0
RCHGF003384	912	683.14	0	0
RCHGF003385	1050	820.947	1	7.47324
RCHGF003386	327	126.424	2	97.0569
RCHGF003387	480	257.168	0	0
RCHGF003388	870	641.14	1	9.56912
RCHGF003389	858	629.14	0	0
RCHGF003390	1956	1726.95	2	7.10519
RCHGF003391	411	194.384	3	94.6858
RCHGF003392	210	49.3643	4	497.131
RCHGF003393	771	542.14	0	0
RCHGF003394	633	404.798	1	15.1561
RCHGF003395	468	246.076	1	24.9319
RCHGF003396	924	694.947	151	1333.06
RCHGF003397	411	194.384	9	284.057
RCHGF003398	390	176.768	22	763.562
RCHGF003399	1026	796.947	3	23.0949
RCHGF003400	330	128.693	0	0
RCHGF003401	984	754.947	3	24.3797
RCHGF003402	255	74.8855	0	0
RCHGF003403	1029	799.947	5	38.3471
RCHGF003404	447	227.145	0	0
RCHGF003405	603	376.176	2	32.6185
RCHGF003406	450	229.924	0	0
RCHGF003407	1218	988.947	1	6.20371
RCHGF003408	1287	1057.95	0	0
RCHGF003410	354	147.353	0	0
RCHGF003411	2091	1861.95	7	23.0651
RCHGF003412	420	202.545	1	30.2903
RCHGF003413	618	390.813	0	0
RCHGF003414	594	367.176	0	0
RCHGF003415	204	46.2704	0	0
RCHGF003416	111	13.6007	0	0
RCHGF003417	204	46.2704	0	0
RCHGF003418	1377	1147.95	0	0
RCHGF003419	2160	1930.95	0	0
RCHGF003420	375	164.917	0	0
RCHGF003421	471	248.649	0	0
RCHGF003422	564	337.602	0	0
RCHGF003423	891	662.14	0	0
RCHGF003424	2514	2284.95	1	2.68502
RCHGF003425	390	176.768	0	0
RCHGF003426	1791	1561.95	1	3.92788
RCHGF003427	705	476.14	0	0
RCHGF003428	153	23.321	0	0
RCHGF003429	840	611.14	0	0
RCHGF003430	831	602.14	0	0
RCHGF003431	4428	4198.95	7	10.2278
RCHGF003432	966	736.947	109	907.433
RCHGF003433	969	739.947	78	646.723
RCHGF003434	444	224.385	32	874.945
RCHGF003435	5241	5011.95	6	7.34462
RCHGF003436	801	572.14	0	0
RCHGF003437	2145	1915.95	3	9.60643
RCHGF003438	615	387.813	1	15.8199
RCHGF003439	258	76.7043	0	0
RCHGF003440	756	527.14	1	11.6385
RCHGF003441	798	569.14	3	32.339
RCHGF003442	744	515.14	12	142.916
RCHGF003443	345	140.114	3	131.36
RCHGF003444	1080	850.947	4	28.8391
RCHGF003445	570	343.473	0	0
RCHGF003446	135	17.9059	0	0
RCHGF003447	228	59.097	0	0
RCHGF003448	840	611.14	4	40.1554
RCHGF003449	1185	955.947	1	6.41786
RCHGF003450	1716	1486.95	0	0
RCHGF003451	453	232.656	2	52.7401
RCHGF003452	414	197.115	0	0
RCHGF003453	117	13.9932	2	876.874
RCHGF003454	912	683.14	0	0
RCHGF003455	843	614.14	0	0
RCHGF003456	1128	898.947	0	0
RCHGF003457	120	14.5436	0	0
RCHGF003458	834	605.14	1	10.1384
RCHGF003459	1542	1312.95	1	4.6728
RCHGF003460	396	181.649	0	0
RCHGF003461	645	416.798	0	0
RCHGF003462	606	379.14	0	0
RCHGF003463	276	89.1079	1	68.8507
RCHGF003464	282	93.3741	0	0
RCHGF003465	120	14.5436	0	0
RCHGF003467	126	15.8497	0	0
RCHGF003468	1413	1183.95	2	10.3639
RCHGF003469	465	243.146	0	0
RCHGF003470	1569	1339.95	60	274.719
RCHGF003471	1131	901.947	32	217.667
RCHGF003472	699	470.14	10	130.496
RCHGF003473	213	50.9635	1	120.383
RCHGF003474	333	130.827	1	46.8951
RCHGF003475	1446	1216.95	22	110.911
RCHGF003476	882	653.14	4	37.5732
RCHGF003477	588	361.245	4	67.9334
RCHGF003478	519	294.488	1	20.8332
RCHGF003479	615	387.813	2	31.6397
RCHGF003480	906	677.14	12	108.725
RCHGF003481	1167	937.947	2	13.0821
RCHGF003482	861	632.14	2	19.4107
RCHGF003483	1215	985.947	0	0
RCHGF003484	1038	808.947	8	60.6728
RCHGF003485	1392	1162.95	9	47.4796
RCHGF003486	1221	991.947	3	18.5548
RCHGF003488	1176	946.947	9	58.3097
RCHGF003489	255	74.8855	0	0
RCHGF003490	660	431.474	2	28.438
RCHGF003491	756	527.14	3	34.9156
RCHGF003492	177	33.2529	1	184.5
RCHGF003493	480	257.168	7	166.996
RCHGF003494	579	352.245	3	52.2518
RCHGF003495	1218	988.947	6	37.2222
RCHGF003496	1182	952.947	5	32.1903
RCHGF003497	1092	862.947	8	56.8761
RCHGF003498	1059	829.947	17	125.667
RCHGF003499	114	13.7056	32	14324.4
RCHGF003500	1545	1315.95	152	708.646
RCHGF003501	777	548.14	32	358.165
RCHGF003502	837	608.14	203	2047.94
RCHGF003503	1026	796.947	102	785.227
RCHGF003504	786	557.14	88	969.043
RCHGF003505	1137	907.947	61	412.186
RCHGF003506	1206	976.947	26	163.278
RCHGF003507	1203	973.947	163	1026.78
RCHGF003508	2112	1882.95	21	68.4236
RCHGF003509	243	67.9615	2	180.548
RCHGF003510	1134	904.947	17	115.252
RCHGF003511	153	23.321	3	789.22
RCHGF003512	951	721.947	33	280.435
RCHGF003513	1263	1033.95	23	136.475
RCHGF003514	948	718.947	5	42.6675
RCHGF003515	675	446.184	4	55.001
RCHGF003516	339	135.35	15	679.917
RCHGF003517	1704	1474.95	86	357.723
RCHGF003518	1062	832.947	2	14.7312
RCHGF003519	420	202.545	1	30.2903
RCHGF003520	399	183.962	0	0
RCHGF003521	459	237.769	0	0
RCHGF003522	312	114.916	0	0
RCHGF003523	1029	799.947	2	15.3389
RCHGF003524	915	685.947	0	0
RCHGF003525	153	23.321	0	0
RCHGF003526	678	449.184	0	0
RCHGF003527	165	27.7747	0	0
RCHGF003528	117	13.9932	0	0
RCHGF003529	132	17.2427	10	3558.1
RCHGF003530	792	563.14	12	130.734
RCHGF003531	921	691.947	3	26.5994
RCHGF003532	1053	823.947	2	14.8921
RCHGF003533	1053	823.947	7	52.1222
RCHGF003534	1272	1042.95	1	5.8825
RCHGF003535	870	641.14	3	28.7073
RCHGF003536	969	739.947	7	58.0392
RCHGF003537	348	142.534	4	172.174
RCHGF003538	672	443.393	11	152.205
RCHGF003539	885	656.14	441	4123.51
RCHGF003540	738	509.14	1	12.05
RCHGF003541	2253	2023.95	11	33.344
RCHGF003542	819	590.14	13	135.149
RCHGF003543	756	527.14	0	0
RCHGF003544	1215	985.947	2	12.4452
RCHGF003545	1188	958.947	0	0
RCHGF003546	750	521.14	1	11.7725
RCHGF003547	765	536.14	0	0
RCHGF003548	1005	775.947	0	0
RCHGF003549	747	518.14	0	0
RCHGF003550	3216	2986.95	22	45.1876
RCHGF003551	1074	844.947	1	7.26097
RCHGF003552	636	407.798	12	180.535
RCHGF003553	699	470.14	7	91.3473
RCHGF003554	906	677.14	6	54.3623
RCHGF003555	744	515.14	3	35.729
RCHGF003556	3213	2983.95	36	74.0177
RCHGF003557	1077	847.947	13	94.0587
RCHGF003558	1290	1060.95	10	57.827
RCHGF003559	885	656.14	1	9.35036
RCHGF003561	381	169.408	1	36.2153
RCHGF003562	426	207.985	7	206.486
RCHGF003563	960	730.947	1	8.39341
RCHGF003564	1230	1000.95	3	18.388
RCHGF003565	819	590.14	3	31.1882
RCHGF003566	771	542.14	0	0
RCHGF003567	471	248.649	0	0
RCHGF003568	735	506.14	2	24.2429
RCHGF003569	414	197.115	1	31.1247
RCHGF003570	720	491.14	5	62.4582
RCHGF003571	852	623.14	8	78.7642
RCHGF003572	897	668.14	11	101.007
RCHGF003573	543	316.846	1	19.3631
RCHGF003574	738	509.14	1	12.05
RCHGF003575	396	181.649	2	67.5494
RCHGF003576	777	548.14	2	22.3853
RCHGF003577	723	494.14	3	37.2474
RCHGF003578	654	425.798	0	0
RCHGF003580	507	282.816	3	65.0791
RCHGF003581	615	387.813	2	31.6397
RCHGF003582	852	623.14	2	19.6911
RCHGF003583	1614	1384.95	18	79.7377
RCHGF003584	393	179.025	9	308.428
RCHGF003585	912	683.14	6	53.8848
RCHGF003586	816	587.14	1	10.4492
RCHGF003587	978	748.947	2	16.3834
RCHGF003588	297	103.899	397	23442.5
RCHGF003589	168	29.0627	155	32720.5
RCHGF003590	2145	1915.95	1277	4089.14
RCHGF003591	216	52.667	4	465.957
RCHGF003592	210	49.3643	17	2112.81
RCHGF003593	417	199.979	49	1503.27
RCHGF003594	546	319.726	54	1036.19
RCHGF003595	162	26.8635	0	0
RCHGF003596	342	137.743	82	3652.32
RCHGF003597	411	194.384	69	2177.77
RCHGF003598	177	33.2529	5	922.498
RCHGF003599	1296	1066.95	29	166.755
RCHGF003600	816	587.14	4	41.7968
RCHGF003601	3666	3436.95	3	5.35517
RCHGF003602	1287	1057.95	1	5.7991
RCHGF003603	228	59.097	1	103.815
RCHGF003604	3075	2845.95	14	30.1804
RCHGF003605	702	473.14	2	25.9337
RCHGF003606	225	57.3206	0	0
RCHGF003607	543	316.846	0	0
RCHGF003608	234	62.5695	0	0
RCHGF003609	357	149.755	0	0
RCHGF003610	222	55.6805	0	0
RCHGF003611	897	668.14	4	36.7297
RCHGF003612	879	650.14	6	56.6199
RCHGF003613	1164	934.947	4	26.2481
RCHGF003614	159	25.6145	0	0
RCHGF003615	483	260.045	9	212.334
RCHGF003616	1629	1399.95	26	113.943
RCHGF003617	357	149.755	12	491.614
RCHGF003618	777	548.14	2	22.3853
RCHGF003619	900	671.14	0	0
RCHGF003620	1071	841.947	2	14.5737
RCHGF003621	1080	850.947	0	0
RCHGF003622	714	485.14	6	75.8768
RCHGF003623	798	569.14	3	32.339
RCHGF003624	267	82.6334	6	445.472
RCHGF003625	651	422.798	6	87.0649
RCHGF003626	723	494.14	15	186.237
RCHGF003627	1644	1414.95	65	281.837
RCHGF003628	558	331.602	43	795.565
RCHGF003629	132	17.2427	0	0
RCHGF003630	1863	1633.95	108	405.518
RCHGF003631	2271	2041.95	88	264.401
RCHGF003632	462	240.517	5	127.541
RCHGF003633	1263	1033.95	13	77.1382
RCHGF003634	741	512.14	50	598.971
RCHGF003635	600	373.176	5	82.2017
RCHGF003636	774	545.14	7	78.7798
RCHGF003637	669	440.393	2	27.8621
RCHGF003638	1008	778.947	0	0
RCHGF003639	201	44.7994	0	0
RCHGF003640	1191	961.947	8	51.0227
RCHGF003641	1560	1330.95	149	686.831
RCHGF003642	708	479.14	45	576.202
RCHGF003643	711	482.14	10	127.248
RCHGF003644	336	133.137	17	783.383
RCHGF003645	144	20.4641	0	0
RCHGF003646	537	311.262	3	59.1316
RCHGF003647	882	653.14	13	122.113
RCHGF003648	153	23.321	0	0
RCHGF003649	960	730.947	2.25	18.8852
RCHGF003650	702	473.14	35	453.84
RCHGF003651	510	285.789	4	85.8695
RCHGF003652	201	44.7994	3	410.841
RCHGF003653	180	34.7247	30	5300.39
RCHGF003654	2013	1783.95	234	804.745
RCHGF003655	234	62.5695	0	0
RCHGF003656	1608	1378.95	7	31.144
RCHGF003657	594	367.176	13	217.217
RCHGF003658	834	605.14	8	81.1071
RCHGF003659	246	69.7824	0	0
RCHGF003660	747	518.14	4	47.3628
RCHGF003661	774	545.14	5	56.2713
RCHGF003662	327	126.424	1	48.5285
RCHGF003663	147	21.2598	0	0
RCHGF003664	960	730.947	6.75	56.6555
RCHGF003665	2556	2326.95	207	545.768
RCHGF003666	171	30.4915	0	0
RCHGF003667	639	410.798	0	0
RCHGF003668	612	385.104	0	0
RCHGF003669	1362	1132.95	22	119.134
RCHGF003670	270	84.88	1	72.2802
RCHGF003671	570	343.473	6	107.172
RCHGF003672	567	340.602	1	18.0126
RCHGF003673	894	665.14	3	27.6715
RCHGF003674	231	60.9002	6	604.445
RCHGF003676	843	614.14	5	49.9491
RCHGF003677	300	105.847	2	115.924
RCHGF003678	1596	1366.95	45	201.969
RCHGF003679	723	494.14	22	273.148
RCHGF003680	3024	2794.95	81	177.802
RCHGF003681	1128	898.947	15	102.372
RCHGF003682	765	536.14	72	823.909
RCHGF003683	834	605.14	4	40.5535
RCHGF003684	678	449.184	1	13.6584
RCHGF003685	1032	802.947	3	22.9223
RCHGF003687	462	240.517	1	25.5081
RCHGF003688	687	458.184	5	66.9507
RCHGF003689	885	656.14	6	56.1021
RCHGF003690	1038	808.947	11	83.4251
RCHGF003691	360	152.428	2	80.4991
RCHGF003692	663	434.434	19	268.321
RCHGF003693	1479	1249.95	28	137.433
RCHGF003694	624	396.775	7	108.238
RCHGF003695	495	271.082	5	113.16
RCHGF003696	777	548.14	1	11.1927
RCHGF003697	471	248.649	4	98.6955
RCHGF003698	2109	1879.95	11	35.8981
RCHGF003699	225	57.3206	0	0
RCHGF003700	1329	1099.95	183	1020.71
RCHGF003701	267	82.6334	0	0
RCHGF003702	627	399.438	20	307.189
RCHGF003703	138	18.7254	3	982.913
RCHGF003704	1662	1432.95	2	8.56297
RCHGF003705	117	13.9932	0	0
RCHGF003706	249	71.4111	0	0
RCHGF003707	318	119.369	1	51.3965
RCHGF003708	297	103.899	1	59.0491
RCHGF003709	498	274.082	0	0
RCHGF003710	861	632.14	2	19.4107
RCHGF003711	954	724.947	1	8.46288
RCHGF003712	270	84.88	0	0
RCHGF003713	624	396.775	2	30.925
RCHGF003714	1026	796.947	1	7.6983
RCHGF003715	1632	1402.95	2	8.74607
RCHGF003716	393	179.025	0	0
RCHGF003717	768	539.14	6	68.277
RCHGF003718	1014	784.947	1	7.81599
RCHGF003719	198	43.2057	0	0
RCHGF003720	495	271.082	6	135.792
RCHGF003721	255	74.8855	2	163.854
RCHGF003722	213	50.9635	3	361.149
RCHGF003723	369	159.713	3	115.24
RCHGF003724	408	192.126	0	0
RCHGF003725	306	110.45	3	166.64
RCHGF003726	168	29.0627	0	0
RCHGF003727	579	352.245	7	121.921
RCHGF003728	657	428.798	6	85.8467
RCHGF003729	516	291.488	2	42.0953
RCHGF003730	1500	1270.95	10	48.2722
RCHGF003731	1290	1060.95	16	92.5232
RCHGF003732	1128	898.947	0	0
RCHGF003733	177	33.2529	0	0
RCHGF003734	303	108.258	0	0
RCHGF003735	759	530.14	4	46.2907
RCHGF003736	177	33.2529	0	0
RCHGF003737	546	319.726	0	0
RCHGF003738	1065	835.947	12	88.0698
RCHGF003739	114	13.7056	0	0
RCHGF003740	894	665.14	7	64.5669
RCHGF003741	2622	2392.95	14	35.8938
RCHGF003742	567	340.602	3	54.0379
RCHGF003744	717	488.14	6	75.4105
RCHGF003745	624	396.775	12	185.55
RCHGF003746	579	352.245	1	17.4173
RCHGF003747	288	97.4661	1	62.9464
RCHGF003748	282	93.3741	1	65.705
RCHGF003749	117	13.9932	2	876.874
RCHGF003750	270	84.88	3	216.84
RCHGF003751	174	31.9369	0	0
RCHGF003752	288	97.4661	12	755.357
RCHGF003753	588	361.245	10	169.833
RCHGF003754	2322	2092.95	26	76.2148
RCHGF003755	1275	1045.95	15	87.9844
RCHGF003756	720	491.14	2	24.9833
RCHGF003757	129	16.7391	0	0
RCHGF003758	1581	1351.95	3	13.614
RCHGF003759	114	13.7056	0	0
RCHGF003760	1590	1360.95	8	36.0639
RCHGF003761	1689	1459.95	0	0
RCHGF003762	675	446.184	2	27.5005
RCHGF003763	237	64.5343	0	0
RCHGF003764	534	308.35	544	10823.8
RCHGF003765	417	199.979	7	214.753
RCHGF003766	4101	3871.95	4	6.33804
RCHGF003767	147	21.2598	0	0
RCHGF003768	927	697.947	30	263.708
RCHGF003769	972	742.947	237	1957.11
RCHGF003770	1851	1621.95	791	2992.02
RCHGF003771	1155	925.947	15	99.387
RCHGF003772	699	470.14	25	326.24
RCHGF003773	351	145.053	2	84.5915
RCHGF003774	1881	1651.95	22	81.7054
RCHGF003775	918	688.947	7	62.3356
RCHGF003776	153	23.321	0	0
RCHGF003777	849	620.14	5	49.4658
RCHGF003778	1461	1231.95	13	64.7404
RCHGF003779	939	709.947	2	17.2834
RCHGF003780	357	149.755	0	0
RCHGF003781	618	390.813	11	172.683
RCHGF003782	1251	1021.95	1	6.00338
RCHGF003783	174	31.9369	0	0
RCHGF003784	774	545.14	3	33.7628
RCHGF003785	159	25.6145	0	0
RCHGF003786	435	216.286	3	85.0975
RCHGF003787	129	16.7391	0	0
RCHGF003788	1065	835.947	19	139.444
RCHGF003789	120	14.5436	0	0
RCHGF003790	573	346.343	2	35.4281
RCHGF003791	2055	1825.95	6	20.1599
RCHGF003792	1716	1486.95	5	20.63
RCHGF003793	681	452.184	4	54.2712
RCHGF003794	1545	1315.95	4	18.6486
RCHGF003795	1500	1270.95	9	43.445
RCHGF003796	669	440.393	1	13.9311
RCHGF003797	447	227.145	0	0
RCHGF003798	1107	877.947	58	405.307
RCHGF003799	132	17.2427	0	0
RCHGF003800	219	54.237	0	0
RCHGF003801	411	194.384	0	0
RCHGF003802	360	152.428	2	80.4991
RCHGF003803	1905	1675.95	12	43.9284
RCHGF003804	639	410.798	3	44.8041
RCHGF003805	123	15.373	0	0
RCHGF003806	828	599.14	0	0
RCHGF003807	111	13.6007	0	0
RCHGF003808	804	575.14	7	74.6705
RCHGF003809	486	262.772	7	163.435
RCHGF003810	750	521.14	25	294.314
RCHGF003811	843	614.14	1	9.98981
RCHGF003812	498	274.082	2	44.7687
RCHGF003813	846	617.14	1	9.94125
RCHGF003814	645	416.798	4	58.8788
RCHGF003815	1338	1108.95	3	16.5972
RCHGF003816	459	237.769	2	51.6059
RCHGF003817	489	265.747	6	138.519
RCHGF003818	900	671.14	1	9.14138
RCHGF003819	504	279.977	0	0
RCHGF003820	117	13.9932	0	0
RCHGF003821	450	229.924	1	26.6834
RCHGF003822	876	647.14	2	18.9608
RCHGF003823	207	47.7749	0	0
RCHGF003824	246	69.7824	0	0
RCHGF003825	333	130.827	0	0
RCHGF003826	114	13.7056	0	0
RCHGF003827	1269	1039.95	4	23.5979
RCHGF003828	432	213.412	1	28.7479
RCHGF003829	489	265.747	0	0
RCHGF003830	1824	1594.95	19	73.0856
RCHGF003832	129	16.7391	0	0
RCHGF003833	858	629.14	4	39.0065
RCHGF003834	426	207.985	4	117.992
RCHGF003835	315	117.166	1	52.3627
RCHGF003836	579	352.245	0	0
RCHGF003837	1113	883.947	9	62.4656
RCHGF003838	1935	1705.95	8	28.7706
RCHGF003839	2262	2032.95	12	36.2143
RCHGF003840	120	14.5436	0	0
RCHGF003841	423	205.227	0	0
RCHGF003842	1518	1288.95	4	19.0392
RCHGF003843	129	16.7391	0	0
RCHGF003844	618	390.813	4	62.7937
RCHGF003845	471	248.649	0	0
RCHGF003846	129	16.7391	0	0
RCHGF003847	447	227.145	3	81.0296
RCHGF003848	462	240.517	1	25.5081
RCHGF003849	1941	1711.95	5	17.9186
RCHGF003850	2631	2401.95	36	91.9525
RCHGF003851	138	18.7254	0	0
RCHGF003852	906	677.14	1	9.06038
RCHGF003853	177	33.2529	0	0
RCHGF003854	846	617.14	3	29.8238
RCHGF003855	1272	1042.95	38	223.535
RCHGF003856	351	145.053	7	296.07
RCHGF003857	453	232.656	41	1081.17
RCHGF003858	228	59.097	3	311.444
RCHGF003859	1068	838.947	7	51.1903
RCHGF003860	558	331.602	25	462.538
RCHGF003861	291	99.7655	0	0
RCHGF003862	915	685.947	1	8.94404
RCHGF003863	177	33.2529	0	0
RCHGF003864	291	99.7655	0	0
RCHGF003865	300	105.847	0	0
RCHGF003866	252	73.0874	0	0
RCHGF003867	4215	3985.95	5	7.69596
RCHGF003868	522	297.151	0	0
RCHGF003869	996	766.947	2	15.9989
RCHGF003870	564	337.602	3	54.5181
RCHGF003871	330	128.693	0	0
RCHGF003872	1326	1096.95	3	16.7788
RCHGF003873	1032	802.947	7	53.4854
RCHGF003874	162	26.8635	0	0
RCHGF003875	681	452.184	23	312.06
RCHGF003876	2007	1777.95	13	44.8589
RCHGF003877	648	419.798	1	14.6145
RCHGF003878	978	748.947	4	32.7667
RCHGF003879	861	632.14	0	0
RCHGF003880	318	119.369	1	51.3965
RCHGF003881	1332	1102.95	2	11.125
RCHGF003882	2571	2341.95	9	23.5771
RCHGF003883	117	13.9932	0	0
RCHGF003884	1095	865.947	74	524.282
RCHGF003885	1254	1024.95	12	71.8297
RCHGF003886	1419	1189.95	34	175.297
RCHGF003887	1797	1567.95	31	121.298
RCHGF003888	98	11.8559	0	0
RCHGF003891	2625	2395.95	7	17.9244
RCHGF003892	255	74.8855	12	983.123
RCHGF003893	411	194.384	4	126.248
RCHGF003894	258	76.7043	3	239.953
RCHGF003895	1056	826.947	11	81.6092
RCHGF003896	630	401.987	17	259.455
RCHGF003897	477	254.168	44	1062.08
RCHGF003898	462	240.517	1	25.5081
RCHGF003899	1965	1735.95	6	21.205
RCHGF003900	957	727.947	5	42.14
RCHGF003901	1200	970.947	10	63.1872
RCHGF003902	498	274.082	11	246.228
RCHGF003903	297	103.899	7	413.344
RCHGF003904	651	422.798	28	406.303
RCHGF003905	2928	2698.95	11	25.0048
RCHGF003906	969	739.947	1	8.29132
RCHGF003907	312	114.916	1	53.3879
RCHGF003908	1191	961.947	12	76.534
RCHGF003909	948	718.947	29	247.472
RCHGF003910	2499	2269.95	19	51.3526
RCHGF003911	1692	1462.95	3	12.5811
RCHGF003912	1398	1168.95	5	26.2422
RCHGF003913	3078	2848.95	17	36.6091
RCHGF003914	486	262.772	1	23.3478
RCHGF003915	132	17.2427	0	0
RCHGF003917	309	112.707	5	272.173
RCHGF003918	312	114.916	2	106.776
RCHGF003919	282	93.3741	4	262.82
RCHGF003920	1287	1057.95	15	86.9865
RCHGF003921	426	207.985	4	117.992
RCHGF003922	1071	841.947	3	21.8605
RCHGF003923	750	521.14	0	0
RCHGF003924	567	340.602	2	36.0253
RCHGF003925	762	533.14	10	115.076
RCHGF003926	582	355.245	0	0
RCHGF003927	636	407.798	2	30.0891
RCHGF003928	1011	781.947	1	7.84598
RCHGF003929	351	145.053	0	0
RCHGF003930	660	431.474	2	28.438
RCHGF003931	1302	1072.95	0	0
RCHGF003932	288	97.4661	1	62.9464
RCHGF003933	2289	2059.95	12	35.7396
RCHGF003934	1605	1375.95	8	35.6708
RCHGF003935	513	288.626	1	21.2564
RCHGF003936	2199	1969.95	24	74.7448
RCHGF003937	498	274.082	1	22.3843
RCHGF003938	120	14.5436	0	0
RCHGF003939	426	207.985	3	88.4939
RCHGF003940	123	15.373	0	0
RCHGF003941	117	13.9932	1	438.437
RCHGF003942	471	248.649	0	0
RCHGF003943	789	560.14	1	10.9529
RCHGF003944	489	265.747	2	46.1729
RCHGF003945	576	349.343	9	158.057
RCHGF003946	1104	874.947	7	49.0841
RCHGF003947	936	706.947	54	468.631
RCHGF003948	507	282.816	115	2494.7
RCHGF003949	465	243.146	1	25.2323
RCHGF003950	1698	1468.95	13	54.2952
RCHGF003951	255	74.8855	1	81.927
RCHGF003952	291	99.7655	0	0
RCHGF003953	1863	1633.95	21	78.8507
RCHGF003954	336	133.137	6	276.488
RCHGF003955	153	23.321	0	0
RCHGF003956	630	401.987	2	30.5241
RCHGF003957	1074	844.947	10	72.6097
RCHGF003958	930	700.947	3	26.2579
RCHGF003959	1125	895.947	8	54.7813
RCHGF003960	1200	970.947	2	12.6374
RCHGF003961	2361	2131.95	84	241.728
RCHGF003962	1551	1321.95	12	55.6918
RCHGF003963	936	706.947	25	216.959
RCHGF003964	150	22.1394	270	74820.9
RCHGF003965	273	87.0584	2	140.943
RCHGF003966	450	229.924	4	106.733
RCHGF003967	417	199.979	1	30.679
RCHGF003968	669	440.393	4	55.7243
RCHGF003969	858	629.14	9	87.7647
RCHGF003970	609	382.104	13	208.73
RCHGF003971	1929	1699.95	13	46.9172
RCHGF003972	2493	2263.95	4	10.8397
RCHGF003973	1257	1027.95	2	11.9367
RCHGF003974	1788	1558.95	41	161.353
RCHGF003975	2178	1948.95	65	204.615
RCHGF003976	417	199.979	5	153.395
RCHGF003977	513	288.626	2	42.5128
RCHGF003978	522	297.151	1	20.6465
RCHGF003979	708	479.14	0	0
RCHGF003980	441	221.945	0	0
RCHGF003981	996	766.947	1	7.99943
RCHGF003982	351	145.053	0	0
RCHGF003983	1374	1144.95	8	42.8676
RCHGF003984	138	18.7254	0	0
RCHGF003985	279	91.2652	35	2352.81
RCHGF003986	735	506.14	0	0
RCHGF003987	546	319.726	1	19.1887
RCHGF003988	981	751.947	0	0
RCHGF003989	570	343.473	1	17.8621
RCHGF003990	510	285.789	0	0
RCHGF003991	327	126.424	0	0
RCHGF003992	735	506.14	0	0
RCHGF003993	756	527.14	1	11.6385
RCHGF003994	783	554.14	1	11.0715
RCHGF003995	1323	1093.95	7	39.2578
RCHGF003996	1458	1228.95	13	64.8985
RCHGF003997	894	665.14	2	18.4477
RCHGF003998	795	566.14	37	400.961
RCHGF003999	198	43.2057	0	0
RCHGF004000	924	694.947	9	79.4539
RCHGF004001	984	754.947	5	40.6329
RCHGF004002	678	449.184	2	27.3169
RCHGF004003	1218	988.947	9	55.8334
RCHGF004004	378	167.209	0	0
RCHGF004005	486	262.772	5	116.739
RCHGF004006	288	97.4661	4	251.786
RCHGF004007	594	367.176	13	217.217
RCHGF004008	948	718.947	5	42.6675
RCHGF004009	939	709.947	3	25.925
RCHGF004010	1245	1015.95	0	0
RCHGF004011	759	530.14	0	0
RCHGF004012	636	407.798	3	45.1337
RCHGF004013	1686	1456.95	10	42.1096
RCHGF004014	465	243.146	3	75.6969
RCHGF004015	360	152.428	0	0
RCHGF004016	408	192.126	0	0
RCHGF004017	897	668.14	0	0
RCHGF004018	738	509.14	8	96.4001
RCHGF004019	312	114.916	0	0
RCHGF004020	1380	1150.95	8	42.6441
RCHGF004021	1764	1534.95	38	151.885
RCHGF004022	1194	964.947	3	19.074
RCHGF004023	660	431.474	22	312.818
RCHGF004024	510	285.789	6	128.804
RCHGF004025	909	680.14	7	63.1429
RCHGF004027	147	21.2598	0	0
RCHGF004028	879	650.14	6	56.6199
RCHGF004029	528	302.637	5	101.361
RCHGF004030	1062	832.947	25	184.139
RCHGF004031	2070	1840.95	13	43.3238
RCHGF004032	609	382.104	9	144.506
RCHGF004033	462	240.517	1	25.5081
RCHGF004034	993	763.947	1	8.03084
RCHGF004035	951	721.947	0	0
RCHGF004036	297	103.899	0	0
RCHGF004037	351	145.053	0	0
RCHGF004038	162	26.8635	0	0
RCHGF004039	417	199.979	2	61.358
RCHGF004040	435	216.286	0	0
RCHGF004041	327	126.424	0	0
RCHGF004042	561	334.602	6	110.014
RCHGF004043	972	742.947	2	16.5157
RCHGF004044	654	425.798	6	86.4515
RCHGF004045	1308	1078.95	12	68.2347
RCHGF004046	999	769.947	15	119.524
RCHGF004047	1590	1360.95	5	22.54
RCHGF004048	180	34.7247	0	0
RCHGF004049	1476	1246.95	0	0
RCHGF004050	282	93.3741	96	6307.68
RCHGF004051	702	473.14	11	142.636
RCHGF004052	1200	970.947	7	44.231
RCHGF004053	303	108.258	3	170.015
RCHGF004054	399	183.962	2	66.7001
RCHGF004055	438	219.159	0	0
RCHGF004056	357	149.755	3	122.903
RCHGF004057	339	135.35	1	45.3278
RCHGF004058	738	509.14	5	60.2501
RCHGF004059	1332	1102.95	10	55.625
RCHGF004060	705	476.14	6	77.311
RCHGF004061	1428	1198.95	41	209.801
RCHGF004062	1599	1369.95	29	129.873
RCHGF004063	570	343.473	22	392.966
RCHGF004064	1254	1024.95	21	125.702
RCHGF004065	1299	1069.95	8	45.8725
RCHGF004066	834	605.14	13	131.799
RCHGF004067	921	691.947	18	159.597
RCHGF004068	660	431.474	12	170.628
RCHGF004069	621	393.813	0	0
RCHGF004070	1179	949.947	2	12.9168
RCHGF004071	831	602.14	1	10.1889
RCHGF004072	999	769.947	25	199.206
RCHGF004073	1659	1429.95	19	81.5188
RCHGF004074	777	548.14	6	67.156
RCHGF004075	1875	1645.95	21	78.2759
RCHGF004076	840	611.14	8	80.3108
RCHGF004077	210	49.3643	0	0
RCHGF004078	1326	1096.95	7	39.1504
RCHGF004079	375	164.917	2	74.4029
RCHGF004080	900	671.14	4	36.5655
RCHGF004081	327	126.424	139	6745.46
RCHGF004082	555	328.726	2	37.3268
RCHGF004083	1374	1144.95	8	42.8676
RCHGF004084	942	712.947	9	77.4479
RCHGF004085	828	599.14	6	61.4395
RCHGF004086	951	721.947	3	25.4941
RCHGF004087	576	349.343	4	70.2477
RCHGF004088	114	13.7056	0	0
RCHGF004089	792	563.14	3	32.6836
RCHGF004090	930	700.947	2	17.5053
RCHGF004091	921	691.947	1	8.86648
RCHGF004092	900	671.14	3	27.4241
RCHGF004093	438	219.159	1	27.994
RCHGF004094	426	207.985	4	117.992
RCHGF004095	150	22.1394	0	0
RCHGF004096	1743	1513.95	17	68.891
RCHGF004097	1335	1105.95	11	61.0215
RCHGF004099	735	506.14	16	193.943
RCHGF004101	642	413.798	0	0
RCHGF004102	201	44.7994	0	0
RCHGF004103	177	33.2529	0	0
RCHGF004104	1191	961.947	9	57.4005
RCHGF004105	123	15.373	1	399.086
RCHGF004106	1626	1396.95	1	4.39182
RCHGF004107	822	593.14	0	0
RCHGF004108	831	602.14	0	0
RCHGF004109	4233	4003.95	9	13.7905
RCHGF004110	450	229.924	0	0
RCHGF004111	171	30.4915	0	0
RCHGF004112	132	17.2427	1	355.81
RCHGF004113	489	265.747	2	46.1729
RCHGF004114	879	650.14	1	9.43665
RCHGF004115	2790	2560.95	7	16.7696
RCHGF004116	132	17.2427	0	0
RCHGF004117	432	213.412	3	86.2437
RCHGF004118	492	268.39	0	0
RCHGF004119	774	545.14	0	0
RCHGF004120	816	587.14	2	20.8984
RCHGF004121	1680	1450.95	9	38.0553
RCHGF004122	795	566.14	2	21.6736
RCHGF004123	636	407.798	0	0
RCHGF004125	1497	1267.95	70	338.705
RCHGF004126	1089	859.947	1	7.13432
RCHGF004127	300	105.847	0	0
RCHGF004128	666	437.393	2	28.0532
RCHGF004129	810	581.14	1	10.5571
RCHGF004130	1371	1141.95	4	21.4901
RCHGF004131	1440	1210.95	2	10.1328
RCHGF004132	1437	1207.95	3	15.2369
RCHGF004133	1383	1153.95	0	0
RCHGF004134	837	608.14	2	20.1767
RCHGF004135	438	219.159	0	0
RCHGF004136	123	15.373	0	0
RCHGF004137	915	685.947	5	44.7202
RCHGF004138	885	656.14	14	130.905
RCHGF004139	1014	784.947	3	23.448
RCHGF004140	1158	928.947	14	92.4616
RCHGF004141	306	110.45	12	666.559
RCHGF004142	237	64.5343	0	0
RCHGF004143	642	413.798	0	0
RCHGF004144	807	578.14	0	0
RCHGF004145	762	533.14	5	57.5378
RCHGF004146	462	240.517	0	0
RCHGF004147	417	199.979	0	0
RCHGF004148	2715	2485.95	3	7.40379
RCHGF004149	966	736.947	0	0
RCHGF004150	804	575.14	0	0
RCHGF004151	1179	949.947	1	6.4584
RCHGF004152	861	632.14	1	9.70536
RCHGF004153	123	15.373	0	0
RCHGF004154	147	21.2598	0	0
RCHGF004155	183	36.2667	0	0
RCHGF004156	636	407.798	0	0
RCHGF004157	945	715.947	0	0
RCHGF004158	780	551.14	0	0
RCHGF004159	999	769.947	14	111.556
RCHGF004160	687	458.184	1	13.3901
RCHGF004161	657	428.798	2	28.6156
RCHGF004162	1809	1579.95	16	62.1301
RCHGF004163	1176	946.947	0	0
RCHGF004164	1455	1225.95	6	30.0264
RCHGF004165	636	407.798	3	45.1337
RCHGF004166	258	76.7043	0	0
RCHGF004167	345	140.114	0	0
RCHGF004168	597	370.176	3	49.7207
RCHGF004169	6609	6379.95	18	17.3093
RCHGF004170	438	219.159	0	0
RCHGF004171	840	611.14	0	0
RCHGF004172	297	103.899	0	0
RCHGF004173	1464	1234.95	4	19.8717
RCHGF004174	780	551.14	0	0
RCHGF004175	1092	862.947	0	0
RCHGF004176	2604	2374.95	1	2.58327
RCHGF004177	750	521.14	2	23.5451
RCHGF004178	159	25.6145	0	0
RCHGF004179	708	479.14	0	0
RCHGF004180	636	407.798	2	30.0891
RCHGF004181	450	229.924	2	53.3667
RCHGF004182	165	27.7747	1	220.889
RCHGF004183	777	548.14	3	33.578
RCHGF004184	111	13.6007	0	0
RCHGF004185	1401	1171.95	9	47.115
RCHGF004186	756	527.14	3	34.9156
RCHGF004187	798	569.14	7	75.4577
RCHGF004188	858	629.14	4	39.0065
RCHGF004189	825	596.14	2	20.5829
RCHGF004190	1317	1087.95	1	5.63919
RCHGF004191	1437	1207.95	0	0
RCHGF004192	1848	1618.95	1	3.78959
RCHGF004193	837	608.14	0	0
RCHGF004194	435	216.286	1	28.3658
RCHGF004195	2508	2278.95	1	2.69209
RCHGF004196	1329	1099.95	4	22.3107
RCHGF004197	120	14.5436	0	0
RCHGF004198	1590	1360.95	9	40.5719
RCHGF004199	708	479.14	0	0
RCHGF004200	1215	985.947	15	93.3388
RCHGF004201	522	297.151	4	82.5862
RCHGF004202	699	470.14	70	913.473
RCHGF004203	579	352.245	2	34.8345
RCHGF004204	1176	946.947	8	51.8309
RCHGF004205	984	754.947	2	16.2532
RCHGF004206	1164	934.947	13	85.3062
RCHGF004207	363	154.669	3	118.999
RCHGF004208	957	727.947	23	193.844
RCHGF004209	396	181.649	5	168.873
RCHGF004210	363	154.669	0	0
RCHGF004211	114	13.7056	6	2685.83
RCHGF004212	771	542.14	12	135.798
RCHGF004213	645	416.798	3	44.1591
RCHGF004214	1302	1072.95	5	28.5901
RCHGF004215	438	219.159	0	0
RCHGF004216	510	285.789	8	171.739
RCHGF004217	354	147.353	1	41.6356
RCHGF004218	543	316.846	5	96.8157
RCHGF004219	393	179.025	5	171.349
RCHGF004220	537	311.262	8	157.684
RCHGF004221	321	121.666	1	50.4262
RCHGF004222	366	157.364	3	116.961
RCHGF004223	258	76.7043	0	0
RCHGF004224	198	43.2057	0	0
RCHGF004225	414	197.115	1	31.1247
RCHGF004226	789	560.14	7	76.6701
RCHGF004227	333	130.827	0	0
RCHGF004228	276	89.1079	0	0
RCHGF004229	831	602.14	5	50.9445
RCHGF004230	294	101.934	2	120.374
RCHGF004231	627	399.438	0	0
RCHGF004232	684	455.184	5	67.3919
RCHGF004233	726	497.14	1	12.3409
RCHGF004234	738	509.14	0	0
RCHGF004235	996	766.947	2	15.9989
RCHGF004236	765	536.14	0	0
RCHGF004238	309	112.707	4	217.738
RCHGF004239	216	52.667	0	0
RCHGF004240	1182	952.947	522	3360.67
RCHGF004241	2076	1846.95	29	96.3314
RCHGF004242	468	246.076	4	99.7276
RCHGF004243	420	202.545	8	242.322
RCHGF004244	810	581.14	2	21.1142
RCHGF004245	1350	1120.95	0	0
RCHGF004247	543	316.846	4	77.4526
RCHGF004248	189	38.9117	0	0
RCHGF004249	279	91.2652	1	67.2232
RCHGF004250	450	229.924	0	0
RCHGF004251	807	578.14	10	106.119
RCHGF004252	432	213.412	1	28.7479
RCHGF004253	153	23.321	0	0
RCHGF004254	234	62.5695	79	7746.2
RCHGF004255	369	159.713	38	1459.71
RCHGF004256	1287	1057.95	645	3740.42
RCHGF004257	120	14.5436	0	0
RCHGF004258	192	40.2759	1	152.328
RCHGF004259	402	186.834	27	886.61
RCHGF004260	918	688.947	8	71.2407
RCHGF004261	462	240.517	4	102.033
RCHGF004262	120	14.5436	0	0
RCHGF004263	330	128.693	0	0
RCHGF004264	1041	811.947	0	0
RCHGF004265	708	479.14	0	0
RCHGF004266	1917	1687.95	0	0
RCHGF004267	702	473.14	0	0
RCHGF004268	3519	3289.95	11	20.513
RCHGF004269	366	157.364	1	38.9869
RCHGF004270	609	382.104	3	48.1686
RCHGF004271	480	257.168	1	23.8566
RCHGF004272	318	119.369	1	51.3965
RCHGF004273	360	152.428	0	0
RCHGF004274	267	82.6334	0	0
RCHGF004275	1683	1453.95	3	12.6589
RCHGF004276	570	343.473	0	0
RCHGF004277	1212	982.947	1	6.24158
RCHGF004278	1734	1504.95	7	28.5365
RCHGF004279	390	176.768	0	0
RCHGF004280	249	71.4111	0	0
RCHGF004281	291	99.7655	0	0
RCHGF004282	144	20.4641	0	0
RCHGF004283	306	110.45	0	0
RCHGF004284	207	47.7749	2	256.835
RCHGF004285	396	181.649	0	0
RCHGF004286	219	54.237	0	0
RCHGF004287	852	623.14	3	29.5366
RCHGF004288	219	54.237	0	0
RCHGF004289	585	358.245	0	0
RCHGF004290	261	78.4807	0	0
RCHGF004291	204	46.2704	0	0
RCHGF004292	456	235.521	3	78.1478
RCHGF004293	1383	1153.95	3	15.95
RCHGF004294	894	665.14	3	27.6715
RCHGF004295	315	117.166	0	0
RCHGF004296	156	24.5149	0	0
RCHGF004297	906	677.14	8	72.483
RCHGF004298	540	314.115	0	0
RCHGF004299	255	74.8855	0	0
RCHGF004300	123	15.373	1	399.086
RCHGF004301	189	38.9117	0	0
RCHGF004302	171	30.4915	24	4829
RCHGF004303	177	33.2529	0	0
RCHGF004304	168	29.0627	0	0
RCHGF004305	303	108.258	7	396.702
RCHGF004306	390	176.768	11	381.781
RCHGF004307	918	688.947	70	623.356
RCHGF004308	1407	1177.95	9	46.875
