-e target_id	length	eff_length	Monoculture_Clostridium_HGF2_Late_Replicate_1_HGF2_counts	tpm
RCHGF000001	708	478.474	1188	41.7741
RCHGF000002	762	532.42	1390	43.9248
RCHGF000003	780	550.392	1808	55.2682
RCHGF000004	882	652.369	1531	39.4849
RCHGF000005	903	673.362	540	13.4926
RCHGF000006	1215	985.348	631	10.7743
RCHGF000007	855	625.375	907	24.4015
RCHGF000008	561	332.397	299	15.1343
RCHGF000009	522	294.176	418	23.9066
RCHGF000010	447	222.063	220	16.6684
RCHGF000011	714	484.464	239	8.30014
RCHGF000012	1449	1219.35	1078	14.8744
RCHGF000013	144	21.0608	28	22.3682
RCHGF000014	639	409.695	57	2.3408
RCHGF000015	480	253.457	33	2.19058
RCHGF000016	744	514.42	45	1.47178
RCHGF000017	849	619.375	89	2.41761
RCHGF000018	387	167.284	19	1.91095
RCHGF000020	519	291.244	102	5.89241
RCHGF000021	156	24.6254	132	90.1862
RCHGF000022	918	688.355	8920	218.023
RCHGF000023	1470	1240.35	2563	34.766
RCHGF000024	948	718.348	4428	103.71
RCHGF000025	2820	2590.35	7727	50.1883
RCHGF000026	528	299.997	245	13.7404
RCHGF000027	480	253.457	134	8.89507
RCHGF000028	747	517.42	280	9.10468
RCHGF000029	852	622.375	3416	92.3454
RCHGF000030	852	622.375	3730	100.834
RCHGF000031	2136	1906.35	3961	34.9584
RCHGF000032	114	12.3999	44	59.7012
RCHGF000033	1155	925.348	653	11.8729
RCHGF000034	2412	2182.35	29343	226.219
RCHGF000035	642	412.666	99	4.03632
RCHGF000036	945	715.348	3297	77.5445
RCHGF000037	399	177.922	922	87.1866
RCHGF000038	1875	1645.35	842	8.61001
RCHGF000039	699	469.502	425	15.23
RCHGF000040	2544	2314.35	9248	67.2308
RCHGF000041	1098	868.348	942	18.2518
RCHGF000042	2586	2356.35	2599	18.5574
RCHGF000043	3450	3220.35	12656	66.1216
RCHGF000044	390	169.975	329	32.5656
RCHGF000045	834	604.381	2342	65.1967
RCHGF000046	816	586.387	317	9.09545
RCHGF000047	1971	1741.35	18746	181.122
RCHGF000048	813	583.387	41899	1208.36
RCHGF000049	1026	796.348	1494	31.5644
RCHGF000050	1857	1627.35	1871	19.3438
RCHGF000051	1692	1462.35	2479	28.5217
RCHGF000052	126	15.9663	9	9.48394
RCHGF000053	165	27.3361	11	6.77026
RCHGF000054	135	18.3487	5974	5477.84
RCHGF000055	447	222.063	318	24.0935
RCHGF000056	126	15.9663	8	8.43017
RCHGF000057	408	185.979	161	14.565
RCHGF000058	639	409.695	861	35.3584
RCHGF000059	933	703.355	711	17.0076
RCHGF000060	675	445.539	297	11.2155
RCHGF000061	744	514.42	135	4.41535
RCHGF000062	1182	952.348	2829	49.9789
RCHGF000063	1974	1744.35	4767	45.9792
RCHGF000064	1479	1249.35	1546	20.8197
RCHGF000065	900	670.362	1083	27.1812
RCHGF000066	687	457.525	881	32.3974
RCHGF000067	1395	1165.35	1081	15.607
RCHGF000068	894	664.362	618	15.6507
RCHGF000069	687	457.525	796	29.2716
RCHGF000070	873	643.369	1194	31.2244
RCHGF000071	363	146.364	58	6.6672
RCHGF000072	117	13.1586	10	12.7861
RCHGF000073	861	631.369	175	4.66342
RCHGF000074	732	502.43	162	5.42487
RCHGF000075	207	44.3371	66	25.0453
RCHGF000076	276	79.842	3369	709.936
RCHGF000077	288	88.2393	4846	923.998
RCHGF000078	1566	1336.35	683	8.59905
RCHGF000079	288	88.2393	68	12.9657
RCHGF000080	459	233.445	66	4.75673
RCHGF000081	450	224.902	124	9.27635
RCHGF000082	411	188.727	206	18.3647
RCHGF000083	369	151.551	150	16.6526
RCHGF000084	1497	1267.35	348	4.6199
RCHGF000085	726	496.44	82	2.77905
RCHGF000086	585	356.086	76	3.59094
RCHGF000087	1785	1555.35	267	2.88824
RCHGF000088	1746	1516.35	218	2.41884
RCHGF000089	615	385.81	389	16.9639
RCHGF000090	354	138.8	134	16.2429
RCHGF000091	1878	1648.35	1109	11.3196
RCHGF000092	1446	1216.35	2349	32.4919
RCHGF000093	513	285.385	7837	462.027
RCHGF000094	672	442.539	156	5.93093
RCHGF000095	1434	1204.35	306	4.27483
RCHGF000096	987	757.348	160	3.55446
RCHGF000097	1050	820.348	110	2.25602
RCHGF000098	1203	973.348	136	2.35082
RCHGF000099	1329	1099.35	182	2.78539
RCHGF000100	207	44.3371	6	2.27684
RCHGF000101	765	535.42	448	14.0777
RCHGF000102	1164	934.348	301	5.4201
RCHGF000103	1707	1477.35	9714	110.628
RCHGF000104	1047	817.348	3521	72.4784
RCHGF000105	2346	2116.35	5451	43.335
RCHGF000106	753	523.42	69839	2244.9
RCHGF000107	195	39.0741	27006	11628.4
RCHGF000108	195	39.0741	2567	1105.31
RCHGF000109	666	436.543	338	13.0268
RCHGF000110	1152	922.348	109	1.9883
RCHGF000111	1008	778.348	4337	93.7486
RCHGF000112	996	766.348	146	3.20536
RCHGF000113	828	598.381	163	4.5831
RCHGF000114	798	568.387	80	2.36807
RCHGF000115	474	247.725	131	8.89715
RCHGF000116	417	194.247	87	7.53552
RCHGF000117	819	589.381	72	2.05535
RCHGF000118	2754	2524.35	730	4.86545
RCHGF000119	981	751.348	253	5.66538
RCHGF000121	474	247.725	119	8.08215
RCHGF000122	912	682.355	630	15.5339
RCHGF000123	1251	1021.35	1444	23.7872
RCHGF000124	492	265.084	721	45.7616
RCHGF000125	672	442.539	324	12.3181
RCHGF000126	375	156.718	129	13.849
RCHGF000127	1632	1402.35	1656	19.868
RCHGF000128	333	121.848	145	20.0216
RCHGF000129	1206	976.348	293	5.04908
RCHGF000130	1470	1240.35	667	9.04756
RCHGF000131	987	757.348	297	6.59797
RCHGF000132	900	670.362	523	13.1263
RCHGF000133	657	427.582	1169	45.9986
RCHGF000134	2331	2101.35	2338	18.7196
RCHGF000135	1776	1546.35	2578	28.0495
RCHGF000136	120	14.1159	835	995.238
RCHGF000137	597	367.995	746	34.1072
RCHGF000138	1125	895.348	3625	68.1186
RCHGF000139	978	748.348	14552	327.166
RCHGF000140	489	262.172	9542	612.354
RCHGF000141	1188	958.348	2640	46.3479
RCHGF000142	135	18.3487	26	23.8406
RCHGF000143	174	30.6751	774	424.526
RCHGF000144	735	505.43	1898	63.1807
RCHGF000145	702	472.502	1048	37.317
RCHGF000146	777	547.392	368	11.3109
RCHGF000147	243	60.567	9504	2640.1
RCHGF000148	399	177.922	21652	2047.47
RCHGF000149	750	520.42	1341	43.3535
RCHGF000151	2724	2494.35	3330	22.4614
RCHGF000152	729	499.43	337	11.3528
RCHGF000153	444	219.22	695	53.3401
RCHGF000154	765	535.42	66	2.07395
RCHGF000155	1194	964.348	117	2.04127
RCHGF000156	909	679.362	132	3.26905
RCHGF000157	744	514.42	79	2.5838
RCHGF000158	555	326.512	60	3.09173
RCHGF000159	1041	811.348	214	4.43768
RCHGF000160	927	697.355	226	5.4526
RCHGF000161	1488	1258.35	166	2.21951
RCHGF000162	1671	1441.35	683	7.97262
RCHGF000163	1053	823.348	740	15.1216
RCHGF000165	1038	808.348	723	15.0484
RCHGF000166	2400	2170.35	2978	23.0858
RCHGF000167	120	14.1159	57	67.9384
RCHGF000168	873	643.369	2123	55.5187
RCHGF000169	1836	1606.35	11491	120.356
RCHGF000170	552	323.564	3749	194.941
RCHGF000171	1230	1000.35	1679	28.239
RCHGF000172	558	329.45	329	16.8018
RCHGF000173	468	242.016	521	36.2195
RCHGF000174	150	22.7047	289	214.157
RCHGF000175	1656	1426.35	2758	32.5326
RCHGF000176	873	643.369	2212	57.8462
RCHGF000177	390	169.975	2954	292.398
RCHGF000178	876	646.369	15717	409.109
RCHGF000179	996	766.348	7753	170.213
RCHGF000180	120	14.1159	11	13.1109
RCHGF000181	813	583.387	1244	35.8768
RCHGF000182	786	556.392	11296	341.58
RCHGF000183	1230	1000.35	19335	325.194
RCHGF000184	447	222.063	3461	262.225
RCHGF000185	1398	1168.35	5236	75.4009
RCHGF000186	525	297.084	2805	158.856
RCHGF000187	741	511.42	612	20.1337
RCHGF000188	456	230.605	194	14.1541
RCHGF000189	1380	1150.35	737	10.7792
RCHGF000190	1140	910.348	1216	22.4737
RCHGF000191	1401	1171.35	2814	40.4192
RCHGF000192	624	394.751	197	8.39638
RCHGF000193	1539	1309.35	1336	17.1672
RCHGF000194	1209	979.348	508	8.72722
RCHGF000195	897	667.362	353	8.89944
RCHGF000196	1458	1228.35	1510	20.6826
RCHGF000197	969	739.348	704	16.0204
RCHGF000198	1287	1057.35	760	12.0933
RCHGF000199	1242	1012.35	849	14.11
RCHGF000200	1446	1216.35	1513	20.9281
RCHGF000201	1185	955.348	25735	453.223
RCHGF000202	162	26.405	1985	1264.8
RCHGF000203	582	353.153	1604	76.417
RCHGF000204	1209	979.348	1679	28.8445
RCHGF000205	720	490.45	283	9.70826
RCHGF000206	1503	1273.35	614	8.1128
RCHGF000207	1101	871.348	119	2.29776
RCHGF000208	1332	1102.35	210	3.20516
RCHGF000209	2175	1945.35	473	4.09085
RCHGF000210	1710	1480.35	438	4.97805
RCHGF000212	1578	1348.35	328	4.09281
RCHGF000213	1425	1195.35	154	2.16758
RCHGF000214	315	107.914	328	51.1382
RCHGF000215	435	210.833	402	32.0802
RCHGF000216	723	493.445	1424	48.5535
RCHGF000217	111	11.8716	2	2.83447
RCHGF000218	651	421.608	777	31.0072
RCHGF000219	1050	820.348	1793	36.7732
RCHGF000220	132	17.5039	3	2.8836
RCHGF000221	726	496.44	7779	263.637
RCHGF000222	1038	808.348	1770	36.8404
RCHGF000223	1254	1024.35	416	6.83274
RCHGF000224	654	424.582	1172	46.4425
RCHGF000225	522	294.176	299	17.1007
RCHGF000226	1080	850.348	1270	25.1279
RCHGF000227	282	83.9606	148	29.6576
RCHGF000228	1026	796.348	1136	24.0007
RCHGF000229	336	124.24	237	32.0949
RCHGF000230	711	481.464	356	12.4404
RCHGF000231	678	448.535	302	11.3282
RCHGF000232	456	230.605	185	13.4975
RCHGF000233	534	305.87	238	13.0915
RCHGF000234	645	415.641	1458	59.0185
RCHGF000235	3291	3061.35	12041	66.1758
RCHGF000236	552	323.564	1479	76.9054
RCHGF000237	2649	2419.35	13918	96.7894
RCHGF000238	321	112.504	5053	755.667
RCHGF000240	942	712.348	6937	163.843
RCHGF000241	588	359.079	938	43.9503
RCHGF000242	459	233.445	1026	73.9455
RCHGF000243	1050	820.348	5873	120.451
RCHGF000244	1551	1321.35	9867	125.637
RCHGF000245	783	553.392	3041	92.4555
RCHGF000246	1434	1204.35	3227	45.0813
RCHGF000247	1656	1426.35	3460	40.8131
RCHGF000248	2358	2128.35	5267	41.6361
RCHGF000249	1101	871.348	17519	338.273
RCHGF000250	1539	1309.35	5029	64.6213
RCHGF000251	1095	865.348	2275	44.2323
RCHGF000252	951	721.348	3466	80.8413
RCHGF000253	1254	1024.35	2838	46.6138
RCHGF000254	1281	1051.35	2194	35.1107
RCHGF000255	426	202.488	54	4.48687
RCHGF000256	600	370.973	16795	761.705
RCHGF000257	1752	1522.35	4099	45.3016
RCHGF000258	1128	898.348	1817	34.0298
RCHGF000259	1206	976.348	1529	26.3483
RCHGF000260	168	28.3509	299752	177887
RCHGF000261	540	311.755	970	52.3488
RCHGF000262	816	586.387	599	17.1867
RCHGF000263	1410	1180.35	1340	19.1005
RCHGF000264	978	748.348	596	13.3996
RCHGF000265	225	52.1272	10	3.22764
RCHGF000266	207	44.3371	3	1.13842
RCHGF000267	150	22.7047	11	8.15129
RCHGF000268	213	46.9896	20	7.16107
RCHGF000269	759	529.42	53	1.68432
RCHGF000270	939	709.348	420	9.96183
RCHGF000271	114	12.3999	5	6.78422
RCHGF000272	2676	2446.35	993	6.82937
RCHGF000273	270	75.9172	4859	1076.85
RCHGF000274	204	42.9814	293	114.693
RCHGF000275	501	273.773	78	4.79351
RCHGF000276	735	505.43	272	9.05435
RCHGF000277	585	356.086	138	6.52039
RCHGF000279	345	131.423	3138	401.726
RCHGF000280	600	370.973	461	20.9078
RCHGF000281	591	362.057	237	11.0134
RCHGF000282	864	634.369	517	13.7119
RCHGF000283	621	391.779	627	26.9263
RCHGF000284	375	156.718	1372	147.294
RCHGF000285	429	205.265	518	42.4584
RCHGF000286	945	715.348	8823	207.514
RCHGF000287	729	499.43	79	2.66135
RCHGF000288	2244	2014.35	4431	37.0098
RCHGF000289	1296	1066.35	4074	64.2793
RCHGF000290	906	676.362	533	13.2586
RCHGF000291	207	44.3371	200	75.8948
RCHGF000292	951	721.348	2696	62.8817
RCHGF000293	885	655.369	8371	214.902
RCHGF000294	135	18.3487	13	11.9203
RCHGF000295	711	481.464	1778	62.1323
RCHGF000296	540	311.755	2240	120.888
RCHGF000297	702	472.502	903	32.1539
RCHGF000298	771	541.42	875	27.1909
RCHGF000299	1164	934.348	4634	83.4443
RCHGF000300	1056	826.348	5293	107.768
RCHGF000301	486	259.261	713	46.2702
RCHGF000302	1125	895.348	3036	57.0505
RCHGF000303	264	72.072	90514	21129.9
RCHGF000304	873	643.369	1476	38.599
RCHGF000305	954	724.348	1330	30.8925
RCHGF000306	294	92.5101	678	123.308
RCHGF000307	939	709.348	2264	53.699
RCHGF000308	1806	1576.35	1233	13.1601
RCHGF000309	840	610.381	224	6.17442
RCHGF000310	1101	871.348	665	12.8404
RCHGF000311	1026	796.348	799	16.8808
RCHGF000312	264	72.072	12849	2999.52
RCHGF000313	2208	1978.35	15168	128.996
RCHGF000314	1389	1159.35	2853	41.4035
RCHGF000315	669	439.543	2193	83.9433
RCHGF000316	327	117.104	2461	353.583
RCHGF000317	711	481.464	713	24.9158
RCHGF000318	1302	1072.35	2921	45.8295
RCHGF000319	375	156.718	2297	246.599
RCHGF000320	549	320.616	3501	183.72
RCHGF000321	993	763.348	8571	188.911
RCHGF000323	1233	1003.35	640	10.7319
RCHGF000324	771	541.42	2187	67.9617
RCHGF000325	576	347.223	4596	222.7
RCHGF000326	864	634.369	17855	473.552
RCHGF000327	177	31.8596	3132	1653.98
RCHGF000328	162	26.405	13917	8867.64
RCHGF000329	930	700.355	544	13.0686
RCHGF000330	978	748.348	506	11.3762
RCHGF000331	1005	775.348	209	4.53523
RCHGF000332	798	568.387	162	4.79535
RCHGF000333	522	294.176	1017	58.1652
RCHGF000334	1650	1420.35	4667	55.2831
RCHGF000335	699	469.502	1373	49.2019
RCHGF000336	459	233.445	526	37.9097
RCHGF000337	1299	1069.35	1756	27.6283
RCHGF000338	282	83.9606	907	181.753
RCHGF000339	558	329.45	367	18.7424
RCHGF000340	171	29.5075	96	54.7379
RCHGF000341	330	119.446	130	18.3113
RCHGF000342	597	367.995	748	34.1986
RCHGF000343	1161	931.348	657	11.8687
RCHGF000344	519	291.244	512	29.5776
RCHGF000345	771	541.42	2516	78.1855
RCHGF000346	564	335.36	7802	391.421
RCHGF000347	645	415.641	4821	195.15
RCHGF000348	1029	799.348	1006	21.1744
RCHGF000349	681	451.53	1271	47.3596
RCHGF000350	831	601.381	2087	58.3878
RCHGF000351	402	180.606	301	28.0404
RCHGF000352	1038	808.348	391	8.13819
RCHGF000353	771	541.42	473	14.6986
RCHGF000354	717	487.455	636	21.9519
RCHGF000355	150	22.7047	15	11.1154
RCHGF000356	993	763.348	440	9.69794
RCHGF000357	1014	784.348	847	18.1687
RCHGF000358	1263	1033.35	1707	27.7931
RCHGF000359	135	18.3487	7	6.41863
RCHGF000360	903	673.362	539	13.4676
RCHGF000361	1992	1762.35	788	7.52288
RCHGF000362	870	640.369	536	14.0826
RCHGF000363	1176	946.348	628	11.165
RCHGF000364	510	282.482	285	16.9747
RCHGF000365	1290	1060.35	1129	17.9141
RCHGF000366	1002	772.348	1415	30.8243
RCHGF000367	759	529.42	922	29.3009
RCHGF000368	840	610.381	831	22.906
RCHGF000369	1383	1153.35	1420	20.7146
RCHGF000370	240	59.1032	1377	391.987
RCHGF000372	2397	2167.35	2769	21.4953
RCHGF000373	867	637.369	234	6.17696
RCHGF000374	1239	1009.35	1078	17.9691
RCHGF000375	138	19.3225	275	239.452
RCHGF000377	215	47.9037	275	96.5857
RCHGF000379	750	520.42	739	23.8913
RCHGF000380	594	365.01	201	9.2649
RCHGF000381	330	119.446	69	9.71908
RCHGF000382	1098	868.348	129	2.49945
RCHGF000383	558	329.45	35	1.78743
RCHGF000384	300	96.831	36	6.25515
RCHGF000385	1053	823.348	168	3.43301
RCHGF000386	474	247.725	44	2.98836
RCHGF000387	396	175.261	37	3.55195
RCHGF000388	663	433.548	52	2.01798
RCHGF000389	834	604.381	56	1.55893
RCHGF000390	744	514.42	94	3.0744
RCHGF000391	735	505.43	397	13.2154
RCHGF000392	1053	823.348	153	3.12649
RCHGF000393	867	637.369	702	18.5309
RCHGF000394	1026	796.348	526	11.113
RCHGF000395	1431	1201.35	302	4.22948
RCHGF000396	1275	1045.35	179	2.88099
RCHGF000397	561	332.397	92	4.65672
RCHGF000398	3159	2929.35	489	2.80858
RCHGF000399	1293	1063.35	207	3.27525
RCHGF000400	300	96.831	24	4.1701
RCHGF000401	309	103.438	26	4.22904
RCHGF000402	645	415.641	370	14.9773
RCHGF000403	312	105.645	1699	270.579
RCHGF000404	141	20.1611	9	7.51066
RCHGF000405	591	362.057	47	2.18409
RCHGF000406	1173	943.348	54	0.963099
RCHGF000407	1572	1342.35	118	1.47899
RCHGF000408	831	601.381	183	5.11977
RCHGF000409	468	242.016	137	9.52412
RCHGF000410	207	44.3371	2433	923.26
RCHGF000411	462	236.327	11916	848.335
RCHGF000412	300	96.831	4413	766.777
RCHGF000413	288	88.2393	2193	418.144
RCHGF000414	492	265.084	2106	133.667
RCHGF000415	240	59.1032	6622	1885.07
RCHGF000416	1173	943.348	5118	91.2804
RCHGF000417	792	562.387	678	20.2835
RCHGF000418	3453	3223.35	2289	11.9478
RCHGF000419	558	329.45	443	22.6237
RCHGF000420	162	26.405	415	264.43
RCHGF000421	1353	1123.35	1215	18.1975
RCHGF000422	804	574.387	105	3.07563
RCHGF000423	1359	1129.35	239	3.56057
RCHGF000424	852	622.375	94	2.54112
RCHGF000425	1041	811.348	194	4.02294
RCHGF000426	837	607.381	218	6.03872
RCHGF000427	783	553.392	228	6.93188
RCHGF000428	477	250.574	74	4.96872
RCHGF000429	438	213.6	51	4.01716
RCHGF000430	1455	1225.35	382	5.24509
RCHGF000431	843	613.375	400	10.9719
RCHGF000432	1041	811.348	396	8.21178
RCHGF000433	1914	1684.35	658	6.57269
RCHGF000434	666	436.543	183	7.05299
RCHGF000435	717	487.455	207	7.14473
RCHGF000436	465	239.194	92	6.47123
RCHGF000437	1188	958.348	895	15.7126
RCHGF000438	1416	1186.35	928	13.1609
RCHGF000439	1086	856.348	412	8.09462
RCHGF000440	261	70.2701	145	34.7174
RCHGF000441	2100	1870.35	1510	13.5833
RCHGF000442	612	382.875	3423	150.418
RCHGF000443	993	763.348	11814	260.39
RCHGF000444	324	114.796	1299	190.384
RCHGF000445	132	17.5039	279	268.175
RCHGF000446	381	161.972	183	19.0091
RCHGF000447	135	18.3487	11	10.0864
RCHGF000448	144	21.0608	11	8.78752
RCHGF000449	1356	1126.35	4346	64.9182
RCHGF000450	1116	886.348	2981	56.5857
RCHGF000451	192	37.8141	4	1.77974
RCHGF000452	201	41.634	552	223.069
RCHGF000453	1098	868.348	3166	61.3432
RCHGF000454	1941	1711.35	3048	29.9658
RCHGF000455	2511	2281.35	6448	47.5535
RCHGF000457	1284	1054.35	2402	38.33
RCHGF000459	453	227.737	221	16.327
RCHGF000460	1806	1576.35	921	9.83008
RCHGF000461	306	101.264	308	51.1735
RCHGF000462	594	365.01	927	42.7291
RCHGF000463	933	703.355	242	5.78882
RCHGF000464	555	326.512	809	41.6868
RCHGF000465	771	541.42	875	27.1909
RCHGF000466	1218	988.348	3577	60.8917
RCHGF000467	2529	2299.35	2911	21.3004
RCHGF000468	2085	1855.35	1192	10.8094
RCHGF000469	909	679.362	425	10.5254
RCHGF000470	738	508.43	394	13.0381
RCHGF000471	777	547.392	564	17.3352
RCHGF000472	843	613.375	656	17.994
RCHGF000473	336	124.24	73	9.88579
RCHGF000474	558	329.45	197	10.0607
RCHGF000475	648	418.62	2326	93.4844
RCHGF000476	147	21.8547	20	15.397
RCHGF000477	630	400.739	697	29.2631
RCHGF000478	975	745.348	2467	55.6877
RCHGF000479	1068	838.348	2008	40.2985
RCHGF000480	855	625.375	1771	47.6461
RCHGF000481	693	463.512	105	3.81134
RCHGF000482	678	448.535	440	16.5046
RCHGF000483	1641	1411.35	1163	13.8642
RCHGF000484	2343	2113.35	3916	31.176
RCHGF000485	546	317.667	669	35.4326
RCHGF000486	111	11.8716	2	2.83447
RCHGF000487	486	259.261	199	12.9141
RCHGF000488	441	216.375	116	9.01988
RCHGF000489	1035	805.348	270	5.64065
RCHGF000490	312	105.645	17	2.70738
RCHGF000491	2640	2410.35	623	4.34868
RCHGF000492	1941	1711.35	2306	22.671
RCHGF000493	366	148.953	206	23.2684
RCHGF000494	1773	1543.35	3081	33.5875
RCHGF000495	477	250.574	712	47.8072
RCHGF000496	765	535.42	579	18.1942
RCHGF000497	762	532.42	388	12.261
RCHGF000498	939	709.348	1618	38.3768
RCHGF000499	846	616.375	1655	45.1754
RCHGF000500	1260	1030.35	2049	33.4586
RCHGF000501	1014	784.348	1043	22.373
RCHGF000502	1095	865.348	1443	28.0559
RCHGF000503	1011	781.348	539	11.6063
RCHGF000504	1083	853.348	4860	95.8207
RCHGF000505	1233	1003.35	3375	56.5941
RCHGF000506	165	27.3361	15	9.23217
RCHGF000507	921	691.355	176	4.28313
RCHGF000508	348	133.89	388	48.7566
RCHGF000509	138	19.3225	41	35.7002
RCHGF000510	153	23.6899	7	4.97147
RCHGF000512	498	270.869	137	8.50964
RCHGF000513	3693	3463.35	1855	9.0115
RCHGF000514	1572	1342.35	567	7.10669
RCHGF000515	1029	799.348	263	5.53566
RCHGF000516	585	356.086	173	8.17411
RCHGF000517	1530	1300.35	846	10.9461
RCHGF000518	438	213.6	1453	114.45
RCHGF000519	690	460.521	438	16.002
RCHGF000520	750	520.42	466	15.0654
RCHGF000521	1224	994.348	664	11.2352
RCHGF000522	714	484.464	483	16.7739
RCHGF000523	369	151.551	147	16.3195
RCHGF000524	327	117.104	280	40.2288
RCHGF000526	186	35.3173	20	9.52777
RCHGF000527	561	332.397	50	2.53083
RCHGF000528	807	577.387	89	2.59342
RCHGF000529	627	397.747	143	6.04893
RCHGF000530	273	77.863	4482	968.479
RCHGF000531	678	448.535	118	4.42625
RCHGF000532	1053	823.348	120	2.45215
RCHGF000533	978	748.348	263	5.91291
RCHGF000534	519	291.244	351	20.2768
RCHGF000535	702	472.502	4488	159.808
RCHGF000536	573	344.262	149	7.28194
RCHGF000537	1323	1093.35	1942	29.8841
RCHGF000538	639	409.695	74	3.03893
RCHGF000539	1641	1411.35	2125	25.3323
RCHGF000540	1764	1534.35	3511	38.4996
RCHGF000541	756	526.42	542	17.3227
RCHGF000542	894	664.362	191	4.83702
RCHGF000543	2409	2179.35	489	3.77513
RCHGF000544	1371	1141.35	1152	16.9818
RCHGF000545	960	730.348	2107	48.5382
RCHGF000546	165	27.3361	0	0
RCHGF000547	378	159.325	3235	341.617
RCHGF000548	426	202.488	63	5.23469
RCHGF000549	471	244.874	81	5.56534
RCHGF000550	840	610.381	292	8.0488
RCHGF000551	702	472.502	123	4.37976
RCHGF000552	1836	1606.35	410	4.29431
RCHGF000553	312	105.645	112	17.8369
RCHGF000554	1257	1027.35	290	4.7493
RCHGF000555	345	131.423	43	5.50485
RCHGF000556	1443	1213.35	182	2.52369
RCHGF000557	873	643.369	680	17.7827
RCHGF000558	795	565.387	399	11.8734
RCHGF000559	747	517.42	448	14.5675
RCHGF000560	1356	1126.35	1076	16.0727
RCHGF000561	453	227.737	312	23.05
RCHGF000562	477	250.574	117	7.85595
RCHGF000563	1587	1357.35	2045	25.3485
RCHGF000564	816	586.387	2504	71.8455
RCHGF000565	543	314.699	1081	57.7936
RCHGF000566	600	370.973	243	11.0208
RCHGF000567	873	643.369	519	13.5724
RCHGF000568	837	607.381	1417	39.2517
RCHGF000569	828	598.381	3776	106.17
RCHGF000570	717	487.455	657	22.6767
RCHGF000571	1341	1111.35	4230	64.0383
RCHGF000572	774	544.409	735	22.7149
RCHGF000573	1353	1123.35	10270	153.817
RCHGF000574	951	721.348	4404	102.719
RCHGF000575	354	138.8	1010	122.428
RCHGF000576	1647	1417.35	1803	21.4027
RCHGF000577	669	439.543	1250	47.8473
RCHGF000578	1110	880.348	2970	56.7612
RCHGF000579	714	484.464	987	34.2772
RCHGF000580	504	276.651	263	15.9946
RCHGF000581	762	532.42	2008	63.454
RCHGF000582	762	532.42	775	24.4905
RCHGF000583	768	538.42	2458	76.8087
RCHGF000584	357	141.268	889	105.879
RCHGF000585	252	65.2221	35646	9195.29
RCHGF000586	1329	1099.35	666	10.1927
RCHGF000587	765	535.42	617	19.3883
RCHGF000588	222	51.0933	72	23.7093
RCHGF000589	369	151.551	1367	151.761
RCHGF000590	357	141.268	131	15.6019
RCHGF000592	3047	2817.35	2795	16.6913
RCHGF000594	1983	1753.35	2692	25.8319
RCHGF000595	1425	1195.35	3060	43.0702
RCHGF000596	237	57.669	17	4.9597
RCHGF000597	180	32.8402	6	3.07393
RCHGF000598	903	673.362	2776	69.3618
RCHGF000599	882	652.369	3470	89.4923
RCHGF000600	1116	886.348	3976	75.473
RCHGF000601	1755	1525.35	1536	16.9423
RCHGF000602	1134	904.348	4193	78.0079
RCHGF000603	1032	802.348	1254	26.2957
RCHGF000604	1392	1162.35	4352	62.9944
RCHGF000605	891	661.369	3242	82.4743
RCHGF000606	1026	796.348	3074	64.9457
RCHGF000607	1707	1477.35	2331	26.5466
RCHGF000608	1455	1225.35	881	12.0967
RCHGF000609	1098	868.348	1578	30.5747
RCHGF000610	951	721.348	1314	30.6478
RCHGF000611	900	670.362	596	14.9584
RCHGF000612	1146	916.348	1851	33.9856
RCHGF000613	1119	889.348	261	4.93762
RCHGF000614	825	595.381	1651	46.6554
RCHGF000615	1149	919.348	1132	20.7165
RCHGF000616	624	394.751	499	21.268
RCHGF000617	597	367.995	814	37.2161
RCHGF000618	1224	994.348	2226	37.6648
RCHGF000619	510	282.482	15846	943.795
RCHGF000620	1902	1672.35	1923	19.3465
RCHGF000621	237	57.669	106	30.9252
RCHGF000622	153	23.6899	1	0.71021
RCHGF000623	291	90.3533	66	12.2899
RCHGF000624	402	180.606	36	3.35367
RCHGF000625	111	11.8716	26	36.8481
RCHGF000626	963	733.348	181	4.15258
RCHGF000627	1191	961.348	3286.29	57.5141
RCHGF000628	204	42.9814	2	0.782886
RCHGF000629	1140	910.348	67.0063	1.23839
RCHGF000631	567	338.34	803	39.9311
RCHGF000632	720	490.45	936	32.1093
RCHGF000633	195	39.0741	20	8.61172
RCHGF000634	438	213.6	99	7.79801
RCHGF000635	879	649.369	1112	28.8113
RCHGF000636	1491	1261.35	3327	44.3779
RCHGF000637	1179	949.348	1473	26.1052
RCHGF000638	1308	1078.35	2181	34.0288
RCHGF000639	1023	793.348	5164	109.515
RCHGF000640	120	14.1159	374	445.771
RCHGF000641	408	185.979	2522	228.156
RCHGF000642	780	550.392	2559	78.2253
RCHGF000643	354	138.8	4515	547.289
RCHGF000644	177	31.8596	7	3.69664
RCHGF000645	786	556.392	442	13.3657
RCHGF000646	138	19.3225	33632	29284.6
RCHGF000647	762	532.42	3440	108.706
RCHGF000648	909	679.362	1703	42.1757
RCHGF000649	198	40.3163	40	16.6928
RCHGF000650	1101	871.348	604	11.6626
RCHGF000651	114	12.3999	15	20.3527
RCHGF000652	780	550.392	616	18.8303
RCHGF000653	111	11.8716	4	5.66893
RCHGF000654	1104	874.348	157	3.0211
RCHGF000655	1167	937.348	196	3.51807
RCHGF000656	120	14.1159	63	75.0898
RCHGF000657	891	661.369	345	8.77657
RCHGF000658	117	13.1586	3	3.83583
RCHGF000659	2055	1825.35	4064	37.4591
RCHGF000660	309	103.438	127	20.6573
RCHGF000661	1239	1009.35	328	5.46742
RCHGF000662	324	114.796	21	3.0778
RCHGF000663	1443	1213.35	150	2.07996
RCHGF000664	1188	958.348	1510	26.5096
RCHGF000665	174	30.6751	207	113.536
RCHGF000666	537	308.799	164	8.93547
RCHGF000667	1215	985.348	534	9.11803
RCHGF000668	2190	1960.35	1971	16.9162
RCHGF000669	123	14.9357	3	3.37945
RCHGF000670	528	299.997	305	17.1053
RCHGF000671	144	21.0608	2	1.59773
RCHGF000672	813	583.387	495	14.2757
RCHGF000673	423	199.741	134	11.2872
RCHGF000674	141	20.1611	20	16.6903
RCHGF000675	765	535.42	3542	111.302
RCHGF000676	558	329.45	1176	60.0575
RCHGF000677	849	619.375	1095	29.7447
RCHGF000678	1119	889.348	1234	23.3449
RCHGF000679	144	21.0608	14	11.1841
RCHGF000680	1035	805.348	1142	23.8579
RCHGF000681	666	436.543	246	9.48106
RCHGF000682	918	688.355	427	10.4367
RCHGF000683	747	517.42	528	17.1688
RCHGF000684	204	42.9814	32	12.5262
RCHGF000685	960	730.348	3073	70.7916
RCHGF000686	798	568.387	3634	107.57
RCHGF000687	777	547.392	367	11.2802
RCHGF000688	777	547.392	520	15.9828
RCHGF000689	123	14.9357	32	36.0475
RCHGF000690	921	691.355	394	9.58836
RCHGF000691	300	96.831	947	164.545
RCHGF000692	822	592.381	80	2.27216
RCHGF000693	780	550.392	125	3.82109
RCHGF000694	468	242.016	16	1.11231
RCHGF000695	738	508.43	38	1.25748
RCHGF000696	408	185.979	44	3.98051
RCHGF000697	2712	2482.35	588	3.98533
RCHGF000698	1215	985.348	181	3.09057
RCHGF000699	1224	994.348	459	7.76647
RCHGF000700	600	370.973	230	10.4312
RCHGF000701	729	499.43	1020	34.3617
RCHGF000702	1737	1507.35	785	8.76204
RCHGF000703	552	323.564	246	12.7916
RCHGF000704	774	544.409	439	13.5672
RCHGF000705	756	526.42	117	3.73941
RCHGF000706	699	469.502	323	11.5748
RCHGF000707	858	628.375	607	16.2525
RCHGF000708	873	643.369	6970	182.273
RCHGF000709	309	103.438	1385	225.278
RCHGF000710	888	658.369	54934	1403.85
RCHGF000711	837	607.381	68812	1906.13
RCHGF000712	489	262.172	13335	855.769
RCHGF000713	426	202.488	20900	1736.59
RCHGF000714	984	754.348	207	4.61687
RCHGF000715	891	661.369	892	22.6919
RCHGF000716	324	114.796	685	100.395
RCHGF000717	819	589.381	681	19.4402
RCHGF000718	819	589.381	587	16.7568
RCHGF000719	531	302.934	1817	100.915
RCHGF000720	1152	922.348	404	7.36946
RCHGF000721	558	329.45	205	10.4692
RCHGF000722	624	394.751	202	8.60949
RCHGF000723	762	532.42	491	15.5159
RCHGF000724	882	652.369	306	7.89183
RCHGF000725	1356	1126.35	297	4.43643
RCHGF000726	405	183.298	108	9.91324
RCHGF000727	540	311.755	623	33.622
RCHGF000728	1338	1108.35	5544	84.1582
RCHGF000729	1065	835.348	2880	58.0062
RCHGF000730	624	394.751	97	4.13426
RCHGF000731	660	430.565	1487	58.1061
RCHGF000732	1005	775.348	574	12.4556
RCHGF000733	192	37.8141	5	2.22467
RCHGF000734	684	454.53	469	17.3604
RCHGF000735	423	199.741	498	41.9481
RCHGF000736	2136	1906.35	5031	44.4019
RCHGF000737	930	700.355	2139	51.3856
RCHGF000738	936	706.348	1906	45.3998
RCHGF000739	642	412.666	409	16.6753
RCHGF000740	507	279.587	149	8.96641
RCHGF000741	939	709.348	722	17.1249
RCHGF000742	225	52.1272	90	29.0487
RCHGF000743	846	616.375	1424	38.87
RCHGF000744	393	172.593	2315	225.672
RCHGF000745	684	454.53	3298	122.078
RCHGF000746	378	159.325	16516	1744.09
RCHGF000747	1068	838.348	33105	664.383
RCHGF000748	150	22.7047	1246	923.319
RCHGF000749	654	424.582	1157	45.8481
RCHGF000750	849	619.375	935	25.3985
RCHGF000751	369	151.551	152	16.8746
RCHGF000752	123	14.9357	22	24.7826
RCHGF000753	918	688.355	99	2.41976
RCHGF000754	117	13.1586	9	11.5075
RCHGF000755	1131	901.348	233	4.34923
RCHGF000756	693	463.512	235	8.53015
RCHGF000757	132	17.5039	10	9.612
RCHGF000758	432	208.05	1999	161.657
RCHGF000759	510	282.482	135	8.04066
RCHGF000760	489	262.172	642	41.2001
RCHGF000762	996	766.348	921	20.2201
RCHGF000763	411	188.727	171	15.2445
RCHGF000764	1065	835.348	537	10.8157
RCHGF000765	1944	1714.35	526	5.16222
RCHGF000766	936	706.348	178	4.23985
RCHGF000767	552	323.564	171	8.8917
RCHGF000769	345	131.423	33	4.22465
RCHGF000770	1254	1024.35	272	4.46756
RCHGF000771	594	365.01	308	14.197
RCHGF000772	528	299.997	584	32.7525
RCHGF000773	1098	868.348	2220	43.0139
RCHGF000774	2265	2035.35	1147	9.48144
RCHGF000775	1611	1381.35	56653	690.032
RCHGF000776	318	110.2	989	150.996
RCHGF000777	411	188.727	506	45.1094
RCHGF000778	642	412.666	404	16.4715
RCHGF000779	1218	988.348	2876	48.9585
RCHGF000780	537	308.799	389	21.1945
RCHGF000781	129	16.5894	9	9.12768
RCHGF000782	129	16.5894	3	3.04256
RCHGF000783	687	457.525	169	6.21471
RCHGF000784	1080	850.348	163	3.22508
RCHGF000785	402	180.606	6316	588.383
RCHGF000786	861	631.369	711	18.9468
RCHGF000787	1857	1627.35	934	9.65641
RCHGF000788	1722	1492.35	620	6.9899
RCHGF000789	426	202.488	115	9.55538
RCHGF000790	138	19.3225	26	22.6391
RCHGF000791	2001	1771.35	374	3.55236
RCHGF000792	129	16.5894	8	8.1135
RCHGF000793	297	94.6075	82	14.5827
RCHGF000794	654	424.582	460	18.2283
RCHGF000795	459	233.445	461	33.225
RCHGF000796	609	379.91	481	21.3017
RCHGF000797	183	34.0337	102	50.4244
RCHGF000798	339	126.657	126	16.7375
RCHGF000799	219	49.7564	19	6.42472
RCHGF000800	3315	3085.35	2525	13.7691
RCHGF000801	666	436.543	63	2.42808
RCHGF000802	1422	1192.35	396	5.58781
RCHGF000803	3246	3016.35	3845	21.4469
RCHGF000804	702	472.502	404	14.3856
RCHGF000805	330	119.446	419	59.0188
RCHGF000806	678	448.535	912	34.2096
RCHGF000807	774	544.409	1684	52.0435
RCHGF000808	159	25.5122	16	10.5517
RCHGF000809	2202	1972.35	4727	40.3229
RCHGF000810	1965	1735.35	6800	65.9283
RCHGF000811	363	146.364	420	48.2797
RCHGF000812	111	11.8716	7	9.92063
RCHGF000813	132	17.5039	8	7.6896
RCHGF000814	1491	1261.35	151	2.01415
RCHGF000815	129	16.5894	12	12.1702
RCHGF000816	1731	1501.35	2312	25.9093
RCHGF000817	450	224.902	119	8.9023
RCHGF000818	159	25.5122	42	27.6982
RCHGF000819	1677	1447.35	1631	18.9597
RCHGF000820	141	20.1611	14	11.6832
RCHGF000821	165	27.3361	20	12.3096
RCHGF000822	801	571.387	1461	43.0199
RCHGF000823	843	613.375	3283	90.0522
RCHGF000824	855	625.375	325	8.74364
RCHGF000825	2424	2194.35	437	3.35062
RCHGF000826	627	397.747	66	2.79181
RCHGF000827	885	655.369	76	1.95109
RCHGF000828	609	379.91	85	3.76433
RCHGF000829	861	631.369	93	2.47827
RCHGF000830	1248	1018.35	151	2.49477
RCHGF000831	840	610.381	97	2.67375
RCHGF000832	759	529.42	115	3.65466
RCHGF000833	471	244.874	24	1.64899
RCHGF000834	468	242.016	32	2.22461
RCHGF000835	435	210.833	52	4.14968
RCHGF000836	306	101.264	54	8.97198
RCHGF000837	1167	937.348	375	6.731
RCHGF000838	117	13.1586	9	11.5075
RCHGF000839	117	13.1586	8	10.2289
RCHGF000840	1998	1768.35	1125	10.7037
RCHGF000841	624	394.751	404	17.219
RCHGF000842	690	460.521	898	32.8077
RCHGF000843	714	484.464	496	17.2254
RCHGF000844	510	282.482	112	6.67077
RCHGF000845	561	332.397	1177	59.5757
RCHGF000846	903	673.362	303	7.57083
RCHGF000847	663	433.548	125	4.8509
RCHGF000848	771	541.42	123	3.82226
RCHGF000849	1371	1141.35	380	5.60164
RCHGF000850	588	359.079	205	9.60535
RCHGF000851	669	439.543	129	4.93784
RCHGF000852	639	409.695	138	5.6672
RCHGF000853	816	586.387	344	9.87015
RCHGF000855	1593	1363.35	980	12.094
RCHGF000856	222	51.0933	14	4.61014
RCHGF000857	303	99.0726	17	2.88699
RCHGF000858	153	23.6899	11	7.81231
RCHGF000860	1446	1216.35	127	1.75669
RCHGF000861	576	347.223	24	1.16292
RCHGF000862	1017	787.348	173	3.69682
RCHGF000863	765	535.42	183	5.75051
RCHGF000864	603	373.955	116	5.21901
RCHGF000865	1182	952.348	393	6.94298
RCHGF000866	792	562.387	117	3.50026
RCHGF000867	1455	1225.35	1970	27.0493
RCHGF000868	591	362.057	388	18.0303
RCHGF000869	666	436.543	934	35.9972
RCHGF000870	411	188.727	633	56.4313
RCHGF000871	423	199.741	900	75.8097
RCHGF000872	696	466.507	66.3197	2.39185
RCHGF000873	282	83.9606	5	1.00195
RCHGF000874	213	46.9896	8	2.86443
RCHGF000875	399	177.922	53	5.01181
RCHGF000876	888	658.369	195	4.98328
RCHGF000877	384	164.634	11	1.12415
RCHGF000878	348	133.89	53	6.66005
RCHGF000879	915	685.355	136	3.33866
RCHGF000880	666	436.543	347	13.3737
RCHGF000881	801	571.387	491	14.4577
RCHGF000882	225	52.1272	7	2.25935
RCHGF000883	153	23.6899	35	24.8574
RCHGF000884	942	712.348	1750	41.3328
RCHGF000885	1128	898.348	1522	28.5049
RCHGF000886	135	18.3487	4	3.66779
RCHGF000887	1449	1219.35	324	4.47061
RCHGF000888	600	370.973	998	45.2624
RCHGF000889	1215	985.348	1472	25.1343
RCHGF000890	324	114.796	20	2.93124
RCHGF000891	1920	1690.35	265	2.63766
RCHGF000892	306	101.264	41	6.81206
RCHGF000893	726	496.44	157	5.32087
RCHGF000894	177	31.8596	3	1.58428
RCHGF000895	285	86.0913	13	2.54058
RCHGF000896	327	117.104	36	5.17228
RCHGF000897	1428	1198.35	191	2.68164
RCHGF000898	1494	1264.35	378	5.03008
RCHGF000899	240	59.1032	4327	1231.76
RCHGF000900	366	148.953	120	13.5544
RCHGF000901	903	673.362	552	13.7924
RCHGF000902	465	239.194	61	4.29071
RCHGF000903	513	285.385	189	11.1424
RCHGF000904	990	760.348	1220	26.9958
RCHGF000905	912	682.355	1905	46.9714
RCHGF000906	798	568.387	1269	37.5636
RCHGF000907	564	335.36	1389	69.6851
RCHGF000908	906	676.362	2116	52.6364
RCHGF000909	810	580.387	208	6.02969
RCHGF000910	1830	1600.35	1747	18.3666
RCHGF000911	1731	1501.35	3051	34.1909
RCHGF000912	1170	940.348	1023	18.3036
RCHGF000913	795	565.387	524	15.5932
RCHGF000914	1338	1108.35	4257	64.6215
RCHGF000915	729	499.43	2355	79.3352
RCHGF000916	198	40.3163	15422	6435.91
RCHGF000917	1008	778.348	789	17.055
RCHGF000918	549	320.616	541	28.3897
RCHGF000919	2622	2392.35	5360	37.6955
RCHGF000920	1098	868.348	621	12.0323
RCHGF000921	798	568.387	2808	83.1194
RCHGF000922	114	12.3999	1203	1632.28
RCHGF000923	246	62.0335	5254	1424.99
RCHGF000924	591	362.057	101836	4732.31
RCHGF000925	252	65.2221	11818	3048.59
RCHGF000926	252	65.2221	2607	672.505
RCHGF000927	2595	2365.35	6538	46.505
RCHGF000928	414	191.491	1354	118.965
RCHGF000929	150	22.7047	2275	1685.84
RCHGF000930	444	219.22	223	17.1149
RCHGF000931	282	83.9606	222	44.4864
RCHGF000932	1770	1540.35	1497	16.3513
RCHGF000933	1332	1102.35	932	14.2248
RCHGF000935	1218	988.348	471	8.01789
RCHGF000936	348	133.89	1073	134.835
RCHGF000937	111	11.8716	89	126.134
RCHGF000938	510	282.482	2816	167.722
RCHGF000939	837	607.381	121	3.35176
RCHGF000940	501	273.773	234	14.3805
RCHGF000941	504	276.651	334	20.3125
RCHGF000942	117	13.1586	115	147.04
RCHGF000944	453	227.737	522	38.5643
RCHGF000945	1164	934.348	745	13.4152
RCHGF000946	2130	1900.35	4076	36.087
RCHGF000947	228	53.4464	588	185.101
RCHGF000948	1833	1603.35	1360	14.2712
RCHGF000949	1296	1066.35	14875	234.697
RCHGF000950	762	532.42	1186	37.4783
RCHGF000951	189	36.5303	475	218.771
RCHGF000952	549	320.616	636	33.375
RCHGF000953	177	31.8596	230	121.461
RCHGF000954	147	21.8547	290	223.256
RCHGF000955	582	353.153	713	33.9684
RCHGF000956	720	490.45	1466	50.2908
RCHGF000957	384	164.634	189	19.3149
RCHGF000958	1335	1105.35	2179	33.1671
RCHGF000960	186	35.3173	1023	487.346
RCHGF000961	1122	892.348	316	5.95802
RCHGF000962	1011	781.348	119175	2566.2
RCHGF000963	567	338.34	5547	275.838
RCHGF000964	483	256.357	6745	442.676
RCHGF000965	1068	838.348	221	4.43524
RCHGF000966	819	589.381	38.0108	1.08508
RCHGF000967	1047	817.348	96.0126	1.97638
RCHGF000968	672	442.539	50	1.90094
RCHGF000969	672	442.539	844	32.0878
RCHGF000970	1002	772.348	14334	312.251
RCHGF000971	819	589.381	3487.99	99.57
RCHGF000972	474	247.725	13231	898.613
RCHGF000973	1179	949.348	1892	33.5309
RCHGF000974	180	32.8402	81	41.4981
RCHGF000975	303	99.0726	172	29.2095
RCHGF000976	426	202.488	606	50.3527
RCHGF000977	1176	946.348	9979	177.413
RCHGF000978	564	335.36	2492	125.022
RCHGF000979	132	17.5039	0	0
RCHGF000980	912	682.355	2000	49.3138
RCHGF000981	264	72.072	293	68.3991
RCHGF000982	552	323.564	301	15.6515
RCHGF000983	936	706.348	2908	69.2668
RCHGF000984	945	715.348	6292	147.986
RCHGF000985	852	622.375	1725	46.6323
RCHGF000986	429	205.265	43	3.52454
RCHGF000987	915	685.355	268	6.57913
RCHGF000988	918	688.355	113	2.76195
RCHGF000989	1413	1183.35	647	9.19901
RCHGF000990	1005	775.348	405	8.78836
RCHGF000991	1266	1036.35	126	2.04557
RCHGF000993	1203	973.348	223	3.85466
RCHGF000994	273	77.863	13	2.80907
RCHGF000995	642	412.666	113	4.60712
RCHGF000996	684	454.53	49	1.81377
RCHGF000997	1128	898.348	107	2.00396
RCHGF000998	1188	958.348	97	1.70293
RCHGF000999	954	724.348	73	1.69561
RCHGF001000	630	400.739	60	2.51906
RCHGF001001	495	267.972	36	2.26028
RCHGF001002	411	188.727	25	2.22872
RCHGF001003	822	592.381	148	4.20349
RCHGF001004	750	520.42	82	2.651
RCHGF001005	483	256.357	25	1.64076
RCHGF001006	678	448.535	65	2.43819
RCHGF001007	990	760.348	88	1.94724
RCHGF001008	261	70.2701	15	3.59145
RCHGF001009	114	12.3999	16	21.7095
RCHGF001010	951	721.348	215	5.01468
RCHGF001011	1152	922.348	88	1.60523
RCHGF001012	705	475.488	45	1.59229
RCHGF001013	924	694.355	77	1.86577
RCHGF001014	825	595.381	72	2.03464
RCHGF001015	1053	823.348	83	1.69607
RCHGF001016	2382	2152.35	940	7.34793
RCHGF001017	645	415.641	1274	51.5704
RCHGF001018	939	709.348	72	1.70774
RCHGF001019	768	538.42	138	4.31229
RCHGF001020	120	14.1159	173	206.199
RCHGF001021	141	20.1611	53	44.2294
RCHGF001022	1044	814.348	87	1.79746
RCHGF001023	1176	946.348	105	1.86676
RCHGF001024	645	415.641	60	2.42875
RCHGF001025	471	244.874	10	0.687079
RCHGF001026	927	697.355	74	1.78537
RCHGF001027	825	595.381	125	3.53236
RCHGF001028	765	535.42	179	5.62481
RCHGF001029	417	194.247	85	7.36229
RCHGF001030	2421	2191.35	404	3.10184
RCHGF001031	267	74.0008	174	39.5606
RCHGF001032	702	472.502	362	12.89
RCHGF001033	795	565.387	316	9.40353
RCHGF001034	801	571.387	701	20.6413
RCHGF001035	480	253.457	78	5.17773
RCHGF001036	2730	2500.35	1285	8.64673
RCHGF001037	501	273.773	574	35.2753
RCHGF001038	1437	1207.35	7326	102.09
RCHGF001039	1113	883.348	5305	101.042
RCHGF001040	1134	904.348	8228	153.076
RCHGF001041	753	523.42	273	8.7753
RCHGF001042	870	640.369	525	13.7936
RCHGF001043	987	757.348	468	10.3968
RCHGF001044	138	19.3225	135	117.549
RCHGF001045	729	499.43	455	15.328
RCHGF001046	1272	1042.35	473	7.6348
RCHGF001047	675	445.539	177	6.68401
RCHGF001048	768	538.42	96	2.99985
RCHGF001049	2370	2140.35	415	3.26222
RCHGF001050	474	247.725	519	35.249
RCHGF001051	522	294.176	152	8.69332
RCHGF001052	852	622.375	1034	27.9523
RCHGF001053	615	385.81	140	6.10526
RCHGF001054	237	57.669	6	1.75048
RCHGF001055	351	136.336	67	8.26826
RCHGF001056	1086	856.348	1890	37.1331
RCHGF001057	744	514.42	3196	104.529
RCHGF001058	1344	1114.35	5267	79.5228
RCHGF001059	444	219.22	659	50.5772
RCHGF001060	1995	1765.35	3233	30.8123
RCHGF001061	921	691.355	663	16.1347
RCHGF001062	228	53.4464	2739	862.23
RCHGF001063	474	247.725	23013	1562.98
RCHGF001064	291	90.3533	13350	2485.92
RCHGF001065	195	39.0741	792	341.024
RCHGF001066	111	11.8716	0	0
RCHGF001067	216	48.395	33	11.4726
RCHGF001068	654	424.582	74	2.93237
RCHGF001069	1182	952.348	93	1.643
RCHGF001070	1101	871.348	59	1.13923
RCHGF001071	1323	1093.35	229	3.52392
RCHGF001072	330	119.446	28	3.94397
RCHGF001073	318	110.2	28	4.27491
RCHGF001074	1041	811.348	95	1.97
RCHGF001075	1896	1666.35	216	2.18091
RCHGF001076	156	24.6254	94	64.2235
RCHGF001077	822	592.381	1358	38.5699
RCHGF001078	1353	1123.35	1452	21.7471
RCHGF001079	1311	1081.35	2119	32.9697
RCHGF001080	810	580.387	142	4.11642
RCHGF001081	843	613.375	93	2.55098
RCHGF001082	705	475.488	75	2.65382
RCHGF001083	1023	793.348	80	1.69658
RCHGF001084	297	94.6075	517	91.9421
RCHGF001085	1470	1240.35	255	3.45896
RCHGF001086	453	227.737	21	1.55144
RCHGF001087	1110	880.348	207	3.95608
RCHGF001088	795	565.387	333	9.90941
RCHGF001089	801	571.387	1166	34.3335
RCHGF001090	300	96.831	38	6.60265
RCHGF001091	672	442.539	805	30.6051
RCHGF001092	795	565.387	130	3.86854
RCHGF001093	366	148.953	100	11.2953
RCHGF001094	1530	1300.35	810	10.4803
RCHGF001095	1038	808.348	196	4.0795
RCHGF001096	1290	1060.35	175	2.77676
RCHGF001097	363	146.364	17	1.95418
RCHGF001098	996	766.348	85	1.86613
RCHGF001099	540	311.755	26	1.40317
RCHGF001100	456	230.605	9	0.656634
RCHGF001101	999	769.348	70	1.53082
RCHGF001102	1257	1027.35	1765	28.9052
RCHGF001103	495	267.972	541	33.967
RCHGF001104	750	520.42	290	9.37548
RCHGF001105	1338	1108.35	1240	18.8233
RCHGF001106	348	133.89	2404	302.09
RCHGF001107	1260	1030.35	3554	58.034
RCHGF001108	1443	1213.35	11883	164.775
RCHGF001109	171	29.5075	2	1.14037
RCHGF001110	1086	856.348	477	9.37168
RCHGF001111	1929	1699.35	3638	36.0188
RCHGF001112	174	30.6751	8083	4433.39
RCHGF001113	375	156.718	1205	129.365
RCHGF001114	264	72.072	230	53.6921
RCHGF001115	1248	1018.35	416	6.873
RCHGF001116	582	353.153	684	32.5868
RCHGF001117	237	57.669	1461	426.243
RCHGF001118	216	48.395	1608	559.03
RCHGF001119	672	442.539	1310	49.8046
RCHGF001120	1011	781.348	1526	32.8594
RCHGF001121	204	42.9814	7	2.7401
RCHGF001122	765	535.42	204	6.4104
RCHGF001123	2040	1810.35	696	6.46839
RCHGF001126	153	23.6899	20	14.2042
RCHGF001127	3351	3121.35	1610	8.67827
RCHGF001128	150	22.7047	35	25.9359
RCHGF001129	363	146.364	230	26.4389
RCHGF001130	1386	1156.35	317	4.61233
RCHGF001131	1035	805.348	126	2.63231
RCHGF001132	822	592.381	68	1.93133
RCHGF001133	753	523.42	57	1.83221
RCHGF001134	495	267.972	37	2.32307
RCHGF001135	408	185.979	17	1.53792
RCHGF001136	2769	2539.35	1688	11.1841
RCHGF001137	114	12.3999	77	104.477
RCHGF001138	1023	793.348	572.174	12.1343
RCHGF001139	651	421.608	140	5.58688
RCHGF001140	2697	2467.35	2106	14.3608
RCHGF001141	3207	2977.35	3944	22.2873
RCHGF001142	774	544.409	407	12.5782
RCHGF001143	555	326.512	13108	675.439
RCHGF001144	618	388.806	2047	88.5797
RCHGF001145	603	373.955	93	4.18421
RCHGF001146	699	469.502	89	3.18935
RCHGF001147	138	19.3225	15	13.061
RCHGF001148	714	484.464	89	3.09085
RCHGF001149	852	622.375	2569	69.4483
RCHGF001150	1338	1108.35	3426	52.0069
RCHGF001152	1281	1051.35	986	15.779
RCHGF001153	4032	3802.35	3066	13.5666
RCHGF001154	1128	898.348	423	7.92219
RCHGF001155	1479	1249.35	1360	18.3149
RCHGF001156	465	239.194	251	17.6552
RCHGF001157	333	121.848	99	13.6699
RCHGF001158	972	742.348	2422	54.8929
RCHGF001159	129	16.5894	302	306.284
RCHGF001160	906	676.362	926	23.0346
RCHGF001161	999	769.348	918	20.0756
RCHGF001162	171	29.5075	86	49.036
RCHGF001163	129	16.5894	45	45.6384
RCHGF001164	312	105.645	227	36.1515
RCHGF001165	1887	1657.35	356	3.61398
RCHGF001166	1734	1504.35	218	2.43813
RCHGF001167	426	202.488	107	8.89066
RCHGF001168	126	15.9663	0	0
RCHGF001169	1068	838.348	37645	755.496
RCHGF001170	936	706.348	16897	402.476
RCHGF001171	1104	874.348	1404	27.0167
RCHGF001172	252	65.2221	390	100.605
RCHGF001173	972	742.348	5102	115.633
RCHGF001174	546	317.667	646	34.2144
RCHGF001176	728	498.43	1951.66	65.8794
RCHGF001178	528	299.997	1021	57.2608
RCHGF001179	546	317.667	1085	57.4654
RCHGF001180	342	129.054	803	104.687
RCHGF001181	327	117.104	332	47.6999
RCHGF001182	177	31.8596	952	502.744
RCHGF001183	1509	1279.35	7986	105.024
RCHGF001184	2004	1774.35	2038	19.3248
RCHGF001185	591	362.057	799	37.1295
RCHGF001186	216	48.395	114	39.6327
RCHGF001187	432	208.05	32	2.5878
RCHGF001188	543	314.699	61	3.26125
RCHGF001189	1650	1420.35	158	1.87159
RCHGF001190	855	625.375	31	0.834009
RCHGF001191	1125	895.348	129	2.42408
RCHGF001192	453	227.737	106	7.83107
RCHGF001193	417	194.247	53	4.59061
RCHGF001195	765	535.42	622	19.5454
RCHGF001196	987	757.348	1844	40.9652
RCHGF001197	147	21.8547	10	7.69849
RCHGF001198	1434	1204.35	944	13.1877
RCHGF001199	2376	2146.35	2042	16.0068
RCHGF001200	465	239.194	481	33.8333
RCHGF001201	111	11.8716	16	22.6757
RCHGF001202	1785	1555.35	1015	10.9796
RCHGF001203	1596	1366.35	355	4.37136
RCHGF001204	1578	1348.35	438	5.46539
RCHGF001205	147	21.8547	14	10.7779
RCHGF001206	306	101.264	23	3.8214
RCHGF001207	144	21.0608	546	436.18
RCHGF001208	408	185.979	13319	1204.92
RCHGF001209	1680	1450.35	2047	23.7462
RCHGF001210	1206	976.348	2391	41.2026
RCHGF001211	855	625.375	305	8.20557
RCHGF001212	612	382.875	728	31.9907
RCHGF001213	324	114.796	569	83.3937
RCHGF001214	252	65.2221	10	2.57961
RCHGF001215	813	583.387	1267	36.5401
RCHGF001216	156	24.6254	42	28.6956
RCHGF001217	111	11.8716	11	15.5896
RCHGF001218	273	77.863	23	4.96988
RCHGF001219	330	119.446	244	34.3689
RCHGF001220	810	580.387	286	8.29083
RCHGF001221	363	146.364	168	19.3119
RCHGF001222	273	77.863	111	23.9851
RCHGF001223	525	297.084	109	6.173
RCHGF001224	1131	901.348	202	3.77058
RCHGF001225	756	526.42	569	18.1857
RCHGF001226	819	589.381	234	6.67989
RCHGF001227	699	469.502	124	4.44358
RCHGF001228	606	376.928	198	8.83803
RCHGF001229	1167	937.348	83	1.4898
RCHGF001230	840	610.381	32	0.88206
RCHGF001231	846	616.375	48	1.31022
RCHGF001232	1110	880.348	195	3.72674
RCHGF001233	576	347.223	63	3.05268
RCHGF001234	420	197.015	23	1.96417
RCHGF001235	747	517.42	372	12.0962
RCHGF001236	681	451.53	714	26.6049
RCHGF001237	336	124.24	422	57.148
RCHGF001238	432	208.05	282	22.805
RCHGF001239	1236	1006.35	2366	39.5563
RCHGF001240	729	499.43	518	17.4504
RCHGF001241	936	706.348	974	23.2001
RCHGF001242	1053	823.348	2135	43.6278
RCHGF001243	948	718.348	1334	31.2443
RCHGF001244	972	742.348	2441	55.3235
RCHGF001245	930	700.355	1153	27.6988
RCHGF001246	870	640.369	858	22.5427
RCHGF001247	1365	1135.35	1395	20.6726
RCHGF001248	462	236.327	800	56.9543
RCHGF001249	222	51.0933	416	136.987
RCHGF001250	1035	805.348	1648	34.4289
RCHGF001251	798	568.387	3000	88.8028
RCHGF001252	1002	772.348	4158	90.5776
RCHGF001253	156	24.6254	17	11.6149
RCHGF001254	366	148.953	1369	154.633
RCHGF001255	1251	1021.35	3359	55.3332
RCHGF001256	1215	985.348	21991	375.495
RCHGF001257	198	40.3163	14	5.84248
RCHGF001258	1527	1297.35	793	10.2841
RCHGF001259	1200	970.348	6871	119.136
RCHGF001260	777	547.392	4582	140.833
RCHGF001261	459	233.445	229	16.5044
RCHGF001262	1644	1414.35	2314.68	27.5349
RCHGF001263	186	35.3173	3	1.42917
RCHGF001264	1158	928.348	499	9.04355
RCHGF001265	846	616.375	117	3.19367
RCHGF001266	633	403.723	143	5.95939
RCHGF001267	354	138.8	26	3.15161
RCHGF001268	651	421.608	95	3.79109
RCHGF001269	579	350.178	988	47.4698
RCHGF001270	2928	2698.35	10521	65.6007
RCHGF001271	1302	1072.35	4408	69.16
RCHGF001272	183	34.0337	401	198.237
RCHGF001273	666	436.543	957	36.8837
RCHGF001274	1716	1486.35	269	3.04496
RCHGF001275	1917	1687.35	906	9.03385
RCHGF001276	1749	1519.35	1847	20.4531
RCHGF001277	912	682.355	75	1.84927
RCHGF001278	111	11.8716	0	0
RCHGF001279	1326	1096.35	504	7.73449
RCHGF001280	2448	2218.35	1132	8.58551
RCHGF001281	540	311.755	13491	728.081
RCHGF001282	759	529.42	1477	46.9386
RCHGF001283	276	79.842	448	94.4053
RCHGF001284	546	317.667	759	40.1993
RCHGF001285	1278	1048.35	315	5.05539
RCHGF001286	744	514.42	266	8.69988
RCHGF001287	1299	1069.35	522	8.21298
RCHGF001288	1434	1204.35	200	2.79401
RCHGF001289	1425	1195.35	76	1.06972
RCHGF001290	813	583.387	42	1.21127
RCHGF001291	747	517.42	86	2.79644
RCHGF001292	372	154.112	11	1.20089
RCHGF001293	705	475.488	5446	192.702
RCHGF001294	1401	1171.35	3799	54.5673
RCHGF001295	1410	1180.35	4063	57.9143
RCHGF001296	930	700.355	2642	63.4693
RCHGF001297	129	16.5894	0	0
RCHGF001298	618	388.806	626	27.0889
RCHGF001299	465	239.194	155	10.9026
RCHGF001300	213	46.9896	42	15.0383
RCHGF001301	747	517.42	708	23.0218
RCHGF001302	966	736.348	370	8.45411
RCHGF001303	972	742.348	1191.95	27.0146
RCHGF001304	447	222.063	371	28.1091
RCHGF001305	2208	1978.35	762	6.4804
RCHGF001306	162	26.405	0	0
RCHGF001307	1068	838.348	266	5.33834
RCHGF001308	1092	862.348	451	8.7992
RCHGF001309	834	604.381	183	5.09436
RCHGF001310	873	643.369	195	5.09946
RCHGF001311	1278	1048.35	266	4.26899
RCHGF001312	1332	1102.35	316	4.823
RCHGF001313	1008	778.348	1326	28.6628
RCHGF001314	966	736.348	652	14.8975
RCHGF001315	1122	892.348	473	8.91818
RCHGF001316	2082	1852.35	4075	37.013
RCHGF001317	669	439.543	773	29.5888
RCHGF001318	264	72.072	315	73.5348
RCHGF001319	180	32.8402	51	26.1284
RCHGF001320	633	403.723	1380	57.5102
RCHGF001321	810	580.387	5855	169.73
RCHGF001322	1074	844.348	605	12.0554
RCHGF001323	114	12.3999	8	10.8548
RCHGF001324	141	20.1611	13	10.8487
RCHGF001325	621	391.779	3712	159.41
RCHGF001326	489	262.172	3420	219.477
RCHGF001327	870	640.369	4715	123.88
RCHGF001328	1368	1138.35	9076	134.143
RCHGF001329	183	34.0337	36	17.7968
RCHGF001330	1365	1135.35	933	13.8262
RCHGF001331	498	270.869	635	39.4425
RCHGF001332	477	250.574	248	16.6519
RCHGF001333	915	685.355	342	8.39576
RCHGF001334	948	718.348	1131	26.4897
RCHGF001335	948	718.348	3312	77.572
RCHGF001336	117	13.1586	6	7.67167
RCHGF001337	348	133.89	390	49.0079
RCHGF001338	132	17.5039	3	2.8836
RCHGF001339	1041	811.348	483	10.0159
RCHGF001340	2514	2284.35	1484	10.93
RCHGF001341	957	727.348	899	20.7954
RCHGF001342	636	406.715	2362	97.71
RCHGF001343	2625	2395.35	5577	39.1725
RCHGF001344	261	70.2701	333	79.7302
RCHGF001345	2817	2587.35	4887	31.7788
RCHGF001346	1767	1537.35	4989	54.5998
RCHGF001347	969	739.348	356	8.10122
RCHGF001348	1443	1213.35	4124	57.1851
RCHGF001349	198	40.3163	129296	53957.9
RCHGF001350	480	253.457	2696	178.964
RCHGF001351	111	11.8716	3	4.2517
RCHGF001352	642	412.666	356	14.5145
RCHGF001353	612	382.875	276	12.1283
RCHGF001354	1323	1093.35	510	7.84804
RCHGF001355	840	610.381	89	2.45323
RCHGF001356	378	159.325	34	3.59041
RCHGF001357	639	409.695	26	1.06773
RCHGF001358	828	598.381	96	2.69925
RCHGF001359	807	577.387	77	2.24374
RCHGF001360	483	256.357	26	1.70639
RCHGF001361	1125	895.348	252	4.73541
RCHGF001362	420	197.015	53	4.52612
RCHGF001363	759	529.42	236	7.5
RCHGF001364	816	586.387	279	8.00515
RCHGF001365	147	21.8547	7	5.38894
RCHGF001366	1332	1102.35	498	7.60081
RCHGF001367	792	562.387	429	12.8343
RCHGF001368	219	49.7564	44	14.8783
RCHGF001369	369	151.551	148	16.4306
RCHGF001370	453	227.737	138	10.1952
RCHGF001371	165	27.3361	16	9.84765
RCHGF001372	1089	859.348	316	6.18682
RCHGF001373	168	28.3509	9	5.34104
RCHGF001374	2169	1939.35	560	4.85827
RCHGF001375	864	634.369	128	3.39483
RCHGF001376	879	649.369	262	6.78827
RCHGF001377	1332	1102.35	820	12.5154
RCHGF001378	399	177.922	606	57.3049
RCHGF001379	1455	1225.35	1565	21.4884
RCHGF001380	1398	1168.35	3755	54.0738
RCHGF001381	657	427.582	2682	105.533
RCHGF001382	1332	1102.35	5757	87.8672
RCHGF001383	1380	1150.35	6109	89.3491
RCHGF001384	1398	1168.35	1949	28.0665
RCHGF001385	114	12.3999	15	20.3527
RCHGF001386	129	16.5894	28	28.3972
RCHGF001387	339	126.657	254	33.7407
RCHGF001388	342	129.054	90	11.7333
RCHGF001389	336	124.24	633	85.7219
RCHGF001390	768	538.42	1160	36.2482
RCHGF001391	159	25.5122	17359	11447.9
RCHGF001392	2211	1981.35	980	8.32175
RCHGF001393	1164	934.348	833	14.9998
RCHGF001394	1083	853.348	2976	58.6754
RCHGF001395	762	532.42	664	20.9828
RCHGF001396	261	70.2701	23	5.50689
RCHGF001397	330	119.446	25	3.52141
RCHGF001398	687	457.525	172	6.32503
RCHGF001399	1053	823.348	866	17.6964
RCHGF001400	1251	1021.35	295	4.85957
RCHGF001401	1071	841.348	4112.26	82.2345
RCHGF001402	828	598.381	502	14.1148
RCHGF001403	612	382.875	163	7.16275
RCHGF001404	1806	1576.35	6388	68.1808
RCHGF001405	429	205.265	322	26.3931
RCHGF001406	822	592.381	2632	74.7539
RCHGF001407	528	299.997	49875	2797.14
RCHGF001408	789	559.387	233	7.00798
RCHGF001409	120	14.1159	17	20.2623
RCHGF001410	438	213.6	361	28.4352
RCHGF001411	648	418.62	94	3.77796
RCHGF001412	1152	922.348	190	3.46584
RCHGF001413	486	259.261	52	3.37455
RCHGF001414	870	640.369	112	2.94264
RCHGF001415	1143	913.348	168	3.09473
RCHGF001416	888	658.369	122	3.11774
RCHGF001417	423	199.741	24	2.02159
RCHGF001418	474	247.725	28	1.90168
RCHGF001419	492	265.084	33	2.0945
RCHGF001420	585	356.086	58	2.74045
RCHGF001421	243	60.567	8	2.2223
RCHGF001422	765	535.42	72	2.26249
RCHGF001423	2247	2017.35	4738	39.5151
RCHGF001424	1458	1228.35	3426	46.9262
RCHGF001426	117	13.1586	39	49.8658
RCHGF001427	417	194.247	48	4.15753
RCHGF001428	222	51.0933	480	158.062
RCHGF001430	1764	1534.35	3479	38.1487
RCHGF001431	576	347.223	258	12.5014
RCHGF001432	663	433.548	744	28.8726
RCHGF001433	867	637.369	1710	45.1393
RCHGF001434	1731	1501.35	2768	31.0194
RCHGF001435	747	517.42	664	21.5911
RCHGF001436	1053	823.348	1469	30.0184
RCHGF001437	123	14.9357	43	48.4388
RCHGF001438	132	17.5039	137	131.684
RCHGF001439	150	22.7047	130	96.3335
RCHGF001440	1329	1099.35	1580	24.1808
RCHGF001441	1395	1165.35	1934	27.9222
RCHGF001442	876	646.369	106	2.75915
RCHGF001443	456	230.605	79	5.76378
RCHGF001444	945	715.348	92	2.16381
RCHGF001445	753	523.42	82	2.6358
RCHGF001447	939	709.348	2896	68.6892
RCHGF001448	666	436.543	5054	194.786
RCHGF001449	645	415.641	1983	80.2701
RCHGF001450	927	697.355	3235	78.0494
RCHGF001451	429	205.265	1368	112.13
RCHGF001452	504	276.651	982	59.7212
RCHGF001453	858	628.375	3826	102.441
RCHGF001454	819	589.381	8187	233.71
RCHGF001455	891	661.369	5927	150.779
RCHGF001456	843	613.375	906	24.8514
RCHGF001457	1188	958.348	965	16.9416
RCHGF001458	1872	1642.35	1994	20.4272
RCHGF001459	351	136.336	669	82.5592
RCHGF001460	738	508.43	208	6.88306
RCHGF001461	858	628.375	1460	39.0916
RCHGF001462	1071	841.348	2264	45.2741
RCHGF001463	153	23.6899	42	29.8288
RCHGF001464	2274	2044.35	566	4.65812
RCHGF001465	537	308.799	96	5.23052
RCHGF001466	1611	1381.35	475	5.78549
RCHGF001467	1359	1129.35	425	6.33156
RCHGF001468	1533	1303.35	1772	22.8746
RCHGF001469	486	259.261	1583	102.729
RCHGF001470	714	484.464	103	3.57705
RCHGF001471	660	430.565	198	7.73706
RCHGF001472	615	385.81	51.162	2.23113
RCHGF001473	852	622.375	180	4.86597
RCHGF001474	675	445.539	144	5.43784
RCHGF001475	699	469.502	51	1.8276
RCHGF001476	990	760.348	546	12.0817
RCHGF001477	1005	775.348	775	16.8172
RCHGF001478	666	436.543	146	5.62697
RCHGF001479	630	400.739	158	6.63353
RCHGF001480	510	282.482	777	46.2785
RCHGF001481	1431	1201.35	1673	23.4302
RCHGF001482	1392	1162.35	1198	17.3408
RCHGF001483	987	757.348	1894	42.0759
RCHGF001484	1878	1648.35	1671	17.056
RCHGF001485	2364	2134.35	2100	16.554
RCHGF001486	738	508.43	231	7.64417
RCHGF001487	1878	1648.35	340	3.4704
RCHGF001488	843	613.375	83	2.27668
RCHGF001489	666	436.543	116	4.47075
RCHGF001490	1029	799.348	349	7.3458
RCHGF001491	678	448.535	120	4.50127
RCHGF001492	888	658.369	457	11.6788
RCHGF001493	1506	1276.35	1973	26.008
RCHGF001495	1692	1462.35	5079	58.4355
RCHGF001496	1014	784.348	1272	27.2852
RCHGF001497	888	658.369	985	25.1719
RCHGF001498	453	227.737	230	16.992
RCHGF001499	606	376.928	294	13.1231
RCHGF001501	897	667.362	318.229	8.02282
RCHGF001502	1086	856.348	161	3.16319
RCHGF001503	816	586.387	134	3.84477
RCHGF001504	843	613.375	158	4.33392
RCHGF001505	771	541.42	177	5.50033
RCHGF001506	492	265.084	74	4.69675
RCHGF001507	417	194.247	100	8.66152
RCHGF001508	1953	1723.35	582	5.68198
RCHGF001509	1371	1141.35	648	9.55226
RCHGF001510	171	29.5075	5	2.85093
RCHGF001511	777	547.392	220	6.76197
RCHGF001512	126	15.9663	5	5.26885
RCHGF001513	417	194.247	18	1.55907
RCHGF001514	912	682.355	81	1.99721
RCHGF001515	984	754.348	161	3.5909
RCHGF001516	132	17.5039	2	1.9224
RCHGF001517	894	664.362	156	3.95066
RCHGF001518	1371	1141.35	348	5.12992
RCHGF001519	114	12.3999	4	5.42738
RCHGF001520	801	571.387	457	13.4566
RCHGF001521	2607	2377.35	622	4.40197
RCHGF001522	450	224.902	30	2.24428
RCHGF001523	1470	1240.35	272	3.68956
RCHGF001524	2022	1792.35	12896	121.055
RCHGF001525	537	308.799	757	41.2448
RCHGF001526	1218	988.348	1738	29.5862
RCHGF001527	771	541.42	386	11.9951
RCHGF001528	288	88.2393	281	53.5789
RCHGF001529	369	151.551	353	39.1891
RCHGF001530	180	32.8402	550.64	282.105
RCHGF001531	387	167.284	3100	311.786
RCHGF001532	1866	1636.35	7409	76.1787
RCHGF001533	135	18.3487	168	154.047
RCHGF001534	567	338.34	740	36.7983
RCHGF001535	183	34.0337	46	22.7404
RCHGF001536	1098	868.348	2963	57.4099
RCHGF001537	984	754.348	2300	51.2986
RCHGF001538	621	391.779	2006	86.1469
RCHGF001539	870	640.369	1185	31.1342
RCHGF001540	1578	1348.35	1154	14.3997
RCHGF001541	1671	1441.35	1226	14.311
RCHGF001542	201	41.634	18	7.274
RCHGF001543	153	23.6899	98	69.6006
RCHGF001544	972	742.348	4083	92.5382
RCHGF001545	1488	1258.35	5332	71.2917
RCHGF001546	468	242.016	84	5.83961
RCHGF001547	372	154.112	36	3.9302
RCHGF001548	954	724.348	121	2.81052
RCHGF001549	456	230.605	20	1.45919
RCHGF001550	1581	1351.35	166	2.06676
RCHGF001551	870	640.369	1075	28.2441
RCHGF001552	846	616.375	248	6.76949
RCHGF001553	756	526.42	158	5.0498
RCHGF001554	798	568.387	156	4.61774
RCHGF001555	420	197.015	111	9.47924
RCHGF001556	1224	994.348	363	6.14211
RCHGF001557	798	568.387	192	5.68338
RCHGF001558	777	547.392	120	3.68835
RCHGF001559	477	250.574	52	3.49154
RCHGF001560	2727	2497.35	429	2.8902
RCHGF001561	735	505.43	180	5.99185
RCHGF001562	1203	973.348	1636	28.279
RCHGF001563	1341	1111.35	2896	43.8428
RCHGF001564	282	83.9606	675	135.263
RCHGF001565	435	210.833	102	8.13975
RCHGF001566	645	415.641	348	14.0867
RCHGF001567	1056	826.348	759	15.4535
RCHGF001568	1515	1285.35	1302	17.0427
RCHGF001569	1368	1138.35	112	1.65536
RCHGF001570	660	430.565	208	8.12782
RCHGF001571	837	607.381	97	2.68695
RCHGF001572	771	541.42	27	0.839033
RCHGF001573	471	244.874	60	4.12247
RCHGF001574	414	191.491	21	1.84511
RCHGF001575	843	613.375	46	1.26177
RCHGF001576	648	418.62	85	3.41624
RCHGF001577	1029	799.348	137	2.88359
RCHGF001578	729	499.43	944	31.8014
RCHGF001579	699	469.502	617	22.1104
RCHGF001580	540	311.755	635	34.2696
RCHGF001581	1719	1489.35	1657	18.7187
RCHGF001582	867	637.369	2654	70.0583
RCHGF001583	1677	1447.35	2099	24.3999
RCHGF001584	885	655.369	561	14.4021
RCHGF001585	885	655.369	122	3.13201
RCHGF001586	1041	811.348	91	1.88705
RCHGF001587	1158	928.348	145	2.62789
RCHGF001588	834	604.381	76	2.11569
RCHGF001589	753	523.42	63	2.02507
RCHGF001590	480	253.457	33	2.19058
RCHGF001591	399	177.922	37	3.49881
RCHGF001592	2433	2203.35	1504	11.4846
RCHGF001593	1317	1087.35	999	15.4577
RCHGF001594	1668	1438.35	751	8.78467
RCHGF001595	1230	1000.35	308	5.18023
RCHGF001597	708	478.474	197	6.92719
RCHGF001598	711	481.464	188	6.56966
RCHGF001599	741	511.42	101	3.32272
RCHGF001600	693	463.512	644	23.3762
RCHGF001601	414	191.491	369	32.4212
RCHGF001602	207	44.3371	125	47.4342
RCHGF001603	414	191.491	1206	105.962
RCHGF001604	183	34.0337	59	29.167
RCHGF001605	1104	874.348	4992	96.0593
RCHGF001606	135	18.3487	18	16.505
RCHGF001607	111	11.8716	1	1.41723
RCHGF001608	117	13.1586	13	16.6219
RCHGF001609	336	124.24	487	65.9504
RCHGF001610	612	382.875	556	24.4324
RCHGF001611	333	121.848	305	42.1144
RCHGF001612	621	391.779	229	9.83431
RCHGF001613	1227	997.348	1974	33.3004
RCHGF001614	1167	937.348	414	7.43103
RCHGF001615	387	167.284	170	17.0979
RCHGF001616	819	589.381	202	5.7664
RCHGF001617	990	760.348	1114	24.6503
RCHGF001618	363	146.364	275	31.6117
RCHGF001619	1122	892.348	637	12.0103
RCHGF001620	774	544.409	353	10.9094
RCHGF001621	1104	874.348	214	4.11793
RCHGF001622	1272	1042.35	116	1.87238
RCHGF001623	297	94.6075	3	0.533513
RCHGF001624	483	256.357	24	1.57513
RCHGF001625	2868	2638.35	961	6.12831
RCHGF001626	555	326.512	6996	360.495
RCHGF001627	1260	1030.35	43743	714.289
RCHGF001628	696	466.507	805	29.0327
RCHGF001629	1599	1369.35	1588	19.5113
RCHGF001630	546	317.667	388	20.5499
RCHGF001631	555	326.512	340	17.5198
RCHGF001632	1290	1060.35	770	12.2178
RCHGF001633	450	224.902	71	5.31146
RCHGF001634	1347	1117.35	301	4.53239
RCHGF001635	462	236.327	342	24.348
RCHGF001636	876	646.369	300	7.80891
RCHGF001637	2073	1843.35	700	6.38911
RCHGF001638	648	418.62	88	3.53681
RCHGF001639	480	253.457	111	7.3683
RCHGF001640	888	658.369	158.484	4.05009
RCHGF001641	612	382.875	64	2.81237
RCHGF001642	759	529.42	79	2.51059
RCHGF001643	1287	1057.35	174	2.76873
RCHGF001644	273	77.863	2	0.432164
RCHGF001645	441	216.375	74	5.75406
RCHGF001646	294	92.5101	1466	266.621
RCHGF001647	552	323.564	1633	84.9131
RCHGF001648	1311	1081.35	1647	25.6258
RCHGF001649	1482	1252.35	912	12.2523
RCHGF001650	663	433.548	232	9.00327
RCHGF001651	750	520.42	83	2.68333
RCHGF001652	468	242.016	15	1.04279
RCHGF001653	744	514.42	92	3.00898
RCHGF001654	762	532.42	82	2.59125
RCHGF001655	2739	2509.35	352	2.3601
RCHGF001656	468	242.016	60	4.17115
RCHGF001657	747	517.42	115	3.73942
RCHGF001658	819	589.381	37	1.05622
RCHGF001659	1131	901.348	176	3.28526
RCHGF001660	387	167.284	25	2.5144
RCHGF001661	564	335.36	3644	182.817
RCHGF001662	714	484.464	3281	113.945
RCHGF001663	870	640.369	1753	46.0576
RCHGF001664	1230	1000.35	7030	118.237
RCHGF001665	174	30.6751	2250	1234.09
RCHGF001666	1251	1021.35	716	11.7947
RCHGF001667	1398	1168.35	361	5.19858
RCHGF001668	180	32.8402	38	19.4683
RCHGF001669	363	146.364	46	5.28778
RCHGF001670	426	202.488	90	7.47812
RCHGF001671	2028	1798.35	815	7.62488
RCHGF001672	1422	1192.35	161	2.27181
RCHGF001673	345	131.423	12	1.53624
RCHGF001674	1239	1009.35	124	2.06695
RCHGF001675	318	110.2	35	5.34363
RCHGF001676	1884	1654.35	687	6.98681
RCHGF001677	756	526.42	79	2.5249
RCHGF001678	126	15.9663	8	8.43017
RCHGF001679	165	27.3361	5	3.07739
RCHGF001680	888	658.369	102	2.60664
RCHGF001681	864	634.369	189	5.01267
RCHGF001682	729	499.43	275	9.26419
RCHGF001683	537	308.799	8074	439.908
RCHGF001684	405	183.298	2570	235.898
RCHGF001685	486	259.261	572	37.12
RCHGF001686	804	574.387	4352	127.478
RCHGF001687	849	619.375	1785	48.488
RCHGF001689	561	332.397	118	5.97275
RCHGF001690	1263	1033.35	1575	25.6439
RCHGF001691	426	202.488	579	48.1093
RCHGF001692	1083	853.348	1124	22.161
RCHGF001693	750	520.42	89	2.8773
RCHGF001694	714	484.464	102	3.54232
RCHGF001695	735	505.43	721	24.0007
RCHGF001696	843	613.375	144	3.9499
RCHGF001697	168	28.3509	6	3.56069
RCHGF001698	780	550.392	191	5.83862
RCHGF001699	1197	967.348	220	3.82639
RCHGF001700	1104	874.348	1473	28.3444
RCHGF001701	468	242.016	10138	704.785
RCHGF001702	774	544.409	13711	423.734
RCHGF001703	864	634.369	256	6.78965
RCHGF001704	852	622.375	96	2.59519
RCHGF001705	1086	856.348	366	7.19085
RCHGF001706	309	103.438	40	6.50622
RCHGF001707	453	227.737	101	7.46168
RCHGF001708	1962	1732.35	302	2.93306
RCHGF001709	888	658.369	146	3.73107
RCHGF001710	1470	1240.35	283	3.83877
RCHGF001711	228	53.4464	6	1.88878
RCHGF001712	1173	943.348	251	4.47663
RCHGF001713	447	222.063	43	3.25792
RCHGF001714	1581	1351.35	19164	238.599
RCHGF001715	990	760.348	280	6.19576
RCHGF001716	906	676.362	1811.28	45.0564
RCHGF001717	615	385.81	7180	313.113
RCHGF001718	564	335.36	345	17.3084
RCHGF001719	684	454.53	2670	98.8321
RCHGF001720	1044	814.348	6438	133.012
RCHGF001721	420	197.015	52	4.44072
RCHGF001722	435	210.833	46	3.67087
RCHGF001723	324	114.796	56	8.20746
RCHGF001724	924	694.355	336	8.14155
RCHGF001725	1545	1315.35	1228	15.7075
RCHGF001726	726	496.44	334	11.3196
RCHGF001727	288	88.2393	84.1534	16.0457
RCHGF001728	468	242.016	224	15.5723
RCHGF001729	789	559.387	216	6.49667
RCHGF001730	585	356.086	121	5.71715
RCHGF001731	609	379.91	87	3.85291
RCHGF001732	729	499.43	152	5.12057
RCHGF001733	783	553.392	121	3.67876
RCHGF001734	471	244.874	39	2.67961
RCHGF001735	444	219.22	22	1.68846
RCHGF001736	1656	1426.35	134	1.58062
RCHGF001737	1002	772.348	51	1.11098
RCHGF001738	849	619.375	52	1.41253
RCHGF001739	744	514.42	279	9.12507
RCHGF001741	891	661.369	479.516	12.1986
RCHGF001743	450	224.902	2492	186.425
RCHGF001745	843	613.375	388	10.6428
RCHGF001746	1512	1282.35	899	11.7951
RCHGF001747	606	376.928	1254	55.9742
RCHGF001748	723	493.445	956	32.5963
RCHGF001749	477	250.574	392	26.3208
RCHGF001750	612	382.875	2045	89.8639
RCHGF001752	390	169.975	16180	1601.56
RCHGF001754	1671	1441.35	2118	24.7233
RCHGF001755	1482	1252.35	2541	34.1373
RCHGF001756	1260	1030.35	10837	176.96
RCHGF001757	702	472.502	311	11.074
RCHGF001758	717	487.455	1477	50.9795
RCHGF001759	678	448.535	765	28.6956
RCHGF001761	1254	1024.35	2626	43.1317
RCHGF001762	336	124.24	129	17.4694
RCHGF001763	291	90.3533	161	29.98
RCHGF001764	261	70.2701	1133	271.274
RCHGF001765	135	18.3487	2	1.83389
RCHGF001766	348	133.89	40	5.02645
RCHGF001767	300	96.831	21	3.64884
RCHGF001768	462	236.327	203	14.4522
RCHGF001769	1035	805.348	1082	22.6044
RCHGF001770	333	121.848	86	11.8749
RCHGF001771	1314	1084.35	522	8.09937
RCHGF001772	1563	1333.35	706	8.90862
RCHGF001773	510	282.482	87	5.18176
RCHGF001774	135	18.3487	0	0
RCHGF001775	1833	1603.35	1089	11.4275
RCHGF001776	1812	1582.35	911	9.68647
RCHGF001777	255	66.9394	264	66.3546
RCHGF001778	492	265.084	763	48.4273
RCHGF001779	378	159.325	446	47.0977
RCHGF001780	417	194.247	844	73.1032
RCHGF001781	1170	940.348	146	2.61224
RCHGF001782	135	18.3487	6	5.50168
RCHGF001783	156	24.6254	9	6.14906
RCHGF001784	420	197.015	6885	587.969
RCHGF001785	1479	1249.35	2867	38.6094
RCHGF001786	2583	2353.35	1000	7.14929
RCHGF001787	681	451.53	198	7.37782
RCHGF001788	1002	772.348	134	2.91905
RCHGF001789	687	457.525	41	1.50771
RCHGF001790	693	463.512	66	2.3957
RCHGF001791	438	213.6	75	5.90758
RCHGF001792	849	619.375	189	5.13402
RCHGF001793	738	508.43	138	4.56665
RCHGF001794	717	487.455	248	8.55987
RCHGF001795	408	185.979	1000	90.4661
RCHGF001796	636	406.715	727	30.0742
RCHGF001797	855	625.375	671	18.0523
RCHGF001798	372	154.112	188	20.5244
RCHGF001799	720	490.45	191	6.55222
RCHGF001800	402	180.606	54	5.03051
RCHGF001801	141	20.1611	2	1.66903
RCHGF001803	885	655.369	165	4.23592
RCHGF001804	561	332.397	14	0.708631
RCHGF001805	549	320.616	41	2.15153
RCHGF001806	1431	1201.35	1688	23.6403
RCHGF001807	822	592.381	852	24.1985
RCHGF001808	1386	1156.35	911	13.255
RCHGF001809	1065	835.348	1425	28.701
RCHGF001810	1164	934.348	3833	69.0207
RCHGF001811	1044	814.348	693	14.3177
RCHGF001812	1605	1375.35	1108	13.5543
RCHGF001813	600	370.973	88	3.99107
RCHGF001814	294	92.5101	20	3.63739
RCHGF001815	186	35.3173	443.519	211.287
RCHGF001816	1308	1078.35	7533	117.533
RCHGF001817	465	239.194	1608	113.106
RCHGF001819	801	571.387	1147	33.774
RCHGF001820	780	550.392	1302	39.8004
RCHGF001821	744	514.42	1139	37.2525
RCHGF001822	162	26.405	14	8.92053
RCHGF001823	183	34.0337	65	32.1332
RCHGF001824	852	622.375	160	4.32531
RCHGF001825	504	276.651	60	3.64895
RCHGF001826	1050	820.348	4858	99.6343
RCHGF001827	1071	841.348	1246	24.9168
RCHGF001828	1977	1747.35	4371	42.0873
RCHGF001829	951	721.348	1436	33.4934
RCHGF001830	1875	1645.35	521	5.32757
RCHGF001831	1044	814.348	273	5.6403
RCHGF001832	321	112.504	18	2.69187
RCHGF001833	330	119.446	53	7.46538
RCHGF001834	1332	1102.35	296	4.51775
RCHGF001835	1077	847.348	151	2.99823
RCHGF001836	1182	952.348	103	1.81966
RCHGF001837	453	227.737	552	40.7807
RCHGF001838	420	197.015	279	23.8262
RCHGF001839	561	332.397	556	28.1428
RCHGF001840	462	236.327	2159	153.706
RCHGF001841	438	213.6	3995	314.677
RCHGF001842	1245	1015.35	549	9.09718
RCHGF001843	1299	1069.35	2221	34.9445
RCHGF001844	486	259.261	1511	98.0565
RCHGF001845	501	273.773	584	35.8899
RCHGF001846	711	481.464	1146	40.047
RCHGF001847	1206	976.348	965	16.6292
RCHGF001848	888	658.369	87308	2231.18
RCHGF001849	123	14.9357	61	68.7155
RCHGF001850	354	138.8	413	50.0621
RCHGF001851	348	133.89	56784	7135.55
RCHGF001852	1146	916.348	2030	37.2722
RCHGF001853	558	329.45	11886	607.01
RCHGF001854	192	37.8141	2273	1011.34
RCHGF001855	360	143.821	995	116.399
RCHGF001856	435	210.833	3232	257.918
RCHGF001857	1305	1075.35	1225	19.1662
RCHGF001858	186	35.3173	515	245.34
RCHGF001859	1320	1090.35	3474	53.6061
RCHGF001860	114	12.3999	8	10.8548
RCHGF001861	1317	1087.35	2272	35.1552
RCHGF001862	879	649.369	9394	243.393
RCHGF001863	378	159.325	9645	1018.51
RCHGF001864	129	16.5894	4	4.05675
RCHGF001865	765	535.42	577	18.1314
RCHGF001866	2343	2113.35	1525	12.1408
RCHGF001867	918	688.355	606	14.8119
RCHGF001868	675	445.539	1245	47.0146
RCHGF001869	855	625.375	1409	37.907
RCHGF001870	891	661.369	657	16.7136
RCHGF001871	1191	961.348	1445	25.2893
RCHGF001872	147	21.8547	133	102.39
RCHGF001873	291	90.3533	163	30.3524
RCHGF001874	1161	931.348	770	13.91
RCHGF001875	807	577.387	372	10.8399
RCHGF001876	777	547.392	4656	143.108
RCHGF001877	759	529.42	3632	115.424
RCHGF001878	1014	784.348	2305	49.4438
RCHGF001879	618	388.806	4140	179.15
RCHGF001880	1812	1582.35	19098	203.065
RCHGF001881	1191	961.348	3396	59.4342
RCHGF001882	1113	883.348	4600	87.6144
RCHGF001884	1290	1060.35	1049	16.6447
RCHGF001885	1395	1165.35	645	9.31222
RCHGF001886	675	445.539	2375	89.6865
RCHGF001887	444	219.22	135	10.361
RCHGF001888	1374	1144.35	188	2.76407
RCHGF001889	513	285.385	380	22.4027
RCHGF001890	1356	1126.35	339	5.0638
RCHGF001891	837	607.381	554	15.3461
RCHGF001892	567	338.34	731	36.3508
RCHGF001893	381	161.972	32	3.32399
RCHGF001894	603	373.955	96	4.31918
RCHGF001895	606	376.928	425	18.9705
RCHGF001896	126	15.9663	25	26.3443
RCHGF001897	1419	1189.35	450	6.3658
RCHGF001898	1932	1702.35	708	6.99736
RCHGF001899	855	625.375	170	4.5736
RCHGF001900	579	350.178	235	11.2909
RCHGF001901	1662	1432.35	1759	20.6617
RCHGF001902	993	763.348	1924	42.4064
RCHGF001903	489	262.172	90	5.77572
RCHGF001904	1668	1438.35	1317	15.4053
RCHGF001905	1200	970.348	595	10.3167
RCHGF001906	1317	1087.35	2039	31.5499
RCHGF001907	1398	1168.35	382	5.50099
RCHGF001908	1449	1219.35	982	13.5498
RCHGF001909	126	15.9663	0	0
RCHGF001910	972	742.348	462	10.4709
RCHGF001911	669	439.543	198	7.57902
RCHGF001912	1491	1261.35	220	2.93452
RCHGF001913	861	631.369	1180	31.4448
RCHGF001914	1719	1489.35	25113	283.695
RCHGF001915	183	34.0337	182	89.9729
RCHGF001916	504	276.651	1464	89.0344
RCHGF001917	1101	871.348	645	12.4542
RCHGF001918	327	117.104	228	32.7578
RCHGF001919	171	29.5075	42	23.9478
RCHGF001920	255	66.9394	317	79.6758
RCHGF001921	411	188.727	61	5.43809
RCHGF001922	465	239.194	637	44.8062
RCHGF001923	1272	1042.35	6612	106.726
RCHGF001924	561	332.397	613	31.0279
RCHGF001925	243	60.567	450738	125210
RCHGF001926	495	267.972	1915	120.235
RCHGF001927	591	362.057	1924	89.4081
RCHGF001928	507	279.587	1546	93.0341
RCHGF001929	585	356.086	1673	79.0479
RCHGF001930	1671	1441.35	4835	56.4387
RCHGF001931	828	598.381	1439	40.4606
RCHGF001932	1335	1105.35	810	12.3292
RCHGF001933	249	63.5706	15	3.96994
RCHGF001934	1005	775.348	390	8.46286
RCHGF001935	1164	934.348	1158	20.8521
RCHGF001936	891	661.369	400	10.1757
RCHGF001937	1020	790.348	3491	74.3157
RCHGF001938	876	646.369	608	15.8261
RCHGF001939	462	236.327	7315	520.776
RCHGF001940	144	21.0608	19	15.1784
RCHGF001941	531	302.934	87	4.83193
RCHGF001942	2064	1834.35	653	5.98937
RCHGF001943	1617	1387.35	33154	402.068
RCHGF001944	264	72.072	5289	1234.68
RCHGF001945	123	14.9357	7	7.88539
RCHGF001946	933	703.355	3022	72.2885
RCHGF001947	1737	1507.35	4209	46.9802
RCHGF001948	522	294.176	918	52.5031
RCHGF001950	624	394.751	101	4.30474
RCHGF001951	1902	1672.35	2275	22.8878
RCHGF001952	549	320.616	6596	346.134
RCHGF001953	1230	1000.35	1218	20.4854
RCHGF001954	903	673.362	733	18.3149
RCHGF001955	318	110.2	19	2.90083
RCHGF001956	396	175.261	5	0.479993
RCHGF001957	126	15.9663	0	0
RCHGF001958	111	11.8716	0	0
RCHGF001959	690	460.521	32	1.1691
RCHGF001960	780	550.392	72	2.20095
RCHGF001961	1023	793.348	77	1.63296
RCHGF001962	159	25.5122	4	2.63792
RCHGF001963	375	156.718	50	5.36784
RCHGF001964	1581	1351.35	212	2.63948
RCHGF001965	1077	847.348	844	16.7583
RCHGF001966	1419	1189.35	6155	87.07
RCHGF001967	960	730.348	6595	151.927
RCHGF001968	912	682.355	438	10.7997
RCHGF001969	1194	964.348	1185	20.6744
RCHGF001970	591	362.057	163	7.5746
RCHGF001971	828	598.381	409	11.4999
RCHGF001972	2583	2353.35	2631	18.8098
RCHGF001973	954	724.348	3210	74.5602
RCHGF001974	774	544.409	1348	41.6595
RCHGF001975	573	344.262	8155	398.552
RCHGF001976	1107	877.348	2770	53.1199
RCHGF001977	774	544.409	1651	51.0236
RCHGF001978	564	335.36	162	8.12742
RCHGF001979	552	323.564	605	31.4589
RCHGF001980	834	604.381	1186	33.0159
RCHGF001981	687	457.525	758	27.8743
RCHGF001982	408	185.979	1091	98.6985
RCHGF001983	591	362.057	1996	92.754
RCHGF001984	744	514.42	549	17.9558
RCHGF001986	765	535.42	2906	91.3168
RCHGF001987	246	62.0335	477	129.372
RCHGF001988	369	151.551	1084	120.343
RCHGF001989	705	475.488	252	8.91683
RCHGF001990	1284	1054.35	147	2.34576
RCHGF001991	378	159.325	37	3.90721
RCHGF001992	1089	859.348	127	2.48647
RCHGF001993	312	105.645	8	1.27406
RCHGF001994	441	216.375	30	2.33273
RCHGF001995	1941	1711.35	471	4.63054
RCHGF001996	1245	1015.35	746	12.3616
RCHGF001997	885	655.369	947	24.3116
RCHGF001998	1227	997.348	1314	22.1665
RCHGF001999	372	154.112	94	10.2622
RCHGF002000	726	496.44	167	5.65978
RCHGF002001	327	117.104	828	118.962
RCHGF002002	438	213.6	270	21.2673
RCHGF002003	507	279.587	230	13.8408
RCHGF002004	177	31.8596	72	38.0226
RCHGF002005	642	412.666	144	5.87102
RCHGF002006	603	373.955	65	2.92445
RCHGF002007	360	143.821	30	3.50953
RCHGF002008	837	607.381	651	18.033
RCHGF002009	705	475.488	633	22.3982
RCHGF002010	657	427.582	251	9.87651
RCHGF002011	414	191.491	958	84.172
RCHGF002012	1215	985.348	5052	86.2627
RCHGF002013	1185	955.348	949	16.713
RCHGF002014	642	412.666	111	4.52558
RCHGF002015	1422	1192.35	3129	44.1522
RCHGF002016	1314	1084.35	1875	29.0926
RCHGF002017	654	424.582	831	32.9298
RCHGF002018	984	754.348	3325.7	74.1754
RCHGF002019	804	574.387	71	2.07971
RCHGF002020	414	191.491	244	21.4384
RCHGF002021	360	143.821	187	21.8761
RCHGF002022	318	110.2	182	27.7869
RCHGF002023	1653	1423.35	685	8.09709
RCHGF002024	1737	1507.35	794	8.8625
RCHGF002025	1626	1396.35	1240	14.9409
RCHGF002026	246	62.0335	40	10.8488
RCHGF002027	762	532.42	562	17.7595
RCHGF002028	912	682.355	99	2.44104
RCHGF002029	399	177.922	23	2.17494
RCHGF002030	1227	997.348	236	3.98121
RCHGF002031	804	574.387	349	10.2228
RCHGF002032	771	541.42	170	5.2828
RCHGF002033	471	244.874	73	5.01568
RCHGF002034	2688	2458.35	372	2.54594
RCHGF002035	120	14.1159	6	7.15141
RCHGF002036	594	365.01	158	7.28285
RCHGF002037	957	727.348	891.305	20.6174
RCHGF002038	765	535.42	772	24.259
RCHGF002039	987	757.348	1328	29.502
RCHGF002040	462	236.327	207	14.7369
RCHGF002041	942	712.348	229	5.4087
RCHGF002042	1125	895.348	1253	23.5455
RCHGF002043	141	20.1611	47	39.2223
RCHGF002044	1095	865.348	514	9.99359
RCHGF002045	159	25.5122	493	325.124
RCHGF002046	1464	1234.35	1424	19.4098
RCHGF002047	780	550.392	1197	36.5907
RCHGF002048	123	14.9357	10	11.2648
RCHGF002050	1548	1318.35	1201	15.3272
RCHGF002051	810	580.387	189	5.4789
RCHGF002052	783	553.392	539	16.3872
RCHGF002053	321	112.504	183	27.3673
RCHGF002054	1092	862.348	1070	20.8762
RCHGF002055	225	52.1272	109	35.1812
RCHGF002056	228	53.4464	341	107.346
RCHGF002057	357	141.268	84	10.0043
RCHGF002059	444	219.22	116	8.90281
RCHGF002060	198	40.3163	5	2.0866
RCHGF002061	1899	1669.35	467	4.70673
RCHGF002062	117	13.1586	17	21.7364
RCHGF002063	1188	958.348	3332	58.4967
RCHGF002064	204	42.9814	12	4.69732
RCHGF002065	231	54.6009	21	6.47097
RCHGF002066	417	194.247	96	8.31506
RCHGF002067	357	141.268	1112	132.438
RCHGF002068	222	51.0933	10	3.29295
RCHGF002069	1683	1453.35	130	1.50495
RCHGF002070	621	391.779	3938	169.116
RCHGF002071	906	676.362	42	1.04477
RCHGF002072	1005	775.348	43	0.933085
RCHGF002073	2187	1957.35	225	1.93403
RCHGF002074	2448	2218.35	128	0.9708
RCHGF002075	402	180.606	11	1.02473
RCHGF002076	501	273.773	17	1.04474
RCHGF002077	486	259.261	10	0.648951
RCHGF002078	267	74.0008	8	1.81888
RCHGF002079	219	49.7564	3	1.01443
RCHGF002080	141	20.1611	4	3.33807
RCHGF002081	1194	964.348	51	0.889786
RCHGF002082	1392	1162.35	117	1.69355
RCHGF002083	381	161.972	25	2.59687
RCHGF002084	327	117.104	5	0.718372
RCHGF002085	3057	2827.35	211	1.2556
RCHGF002086	378	159.325	75210	7942.2
RCHGF002087	384	164.634	4753	485.734
RCHGF002088	138	19.3225	8290	7218.4
RCHGF002089	918	688.355	138	3.373
RCHGF002090	486	259.261	27.097	1.75846
RCHGF002091	123	14.9357	2	2.25297
RCHGF002092	429	205.265	28	2.29505
RCHGF002093	624	394.751	32	1.36388
RCHGF002094	639	409.695	13	0.533866
RCHGF002095	1362	1132.35	117	1.73842
RCHGF002097	411	188.727	159	14.1747
RCHGF002099	1776	1546.35	11064	120.38
RCHGF002101	1461	1231.35	1089	14.8798
RCHGF002102	1401	1171.35	1198	17.2076
RCHGF002103	2220	1990.35	1766	14.9283
RCHGF002104	1272	1042.35	2110	34.058
RCHGF002105	2247	2017.35	303	2.52703
RCHGF002106	696	466.507	109	3.93113
RCHGF002107	615	385.81	4780	208.451
RCHGF002108	837	607.381	1253	34.7088
RCHGF002109	378	159.325	211	22.2817
RCHGF002110	594	365.01	180	8.29692
RCHGF002111	525	297.084	1747	98.9379
RCHGF002112	1308	1078.35	1516	23.6532
RCHGF002113	153	23.6899	5	3.55105
RCHGF002114	117	13.1586	4	5.11444
RCHGF002115	924	694.355	1203	29.1496
RCHGF002116	135	18.3487	77	70.6049
RCHGF002117	1317	1087.35	490	7.58188
RCHGF002118	1920	1690.35	4531	45.099
RCHGF002119	1332	1102.35	1024	15.629
RCHGF002120	996	766.348	659	14.468
RCHGF002121	189	36.5303	204.841	94.3438
RCHGF002122	369	151.551	163	18.0958
RCHGF002123	222	51.0933	353	116.241
RCHGF002124	138	19.3225	1062	924.722
RCHGF002125	618	388.806	513	22.199
RCHGF002126	1245	1015.35	1354	22.4364
RCHGF002127	792	562.387	509	15.2276
RCHGF002128	1941	1711.35	5160	50.7295
RCHGF002129	459	233.445	59	4.25223
RCHGF002130	324	114.796	264	38.6923
RCHGF002131	402	180.606	90	8.38418
RCHGF002132	585	356.086	187	8.8356
RCHGF002133	912	682.355	402	9.91208
RCHGF002134	2379	2149.35	1213	9.49518
RCHGF002135	804	574.387	426	12.4783
RCHGF002136	912	682.355	361	8.90115
RCHGF002137	615	385.81	179	7.80601
RCHGF002138	1359	1129.35	578	8.61092
RCHGF002139	126	15.9663	40	42.1508
RCHGF002140	237	57.669	126	36.7602
RCHGF002141	138	19.3225	139	121.032
RCHGF002142	642	412.666	2334	95.1594
RCHGF002143	699	469.502	248	8.88717
RCHGF002144	714	484.464	1868	64.8731
RCHGF002145	1188	958.348	2545	44.6801
RCHGF002146	252	65.2221	376	96.9935
RCHGF002147	2337	2107.35	1838	14.6743
RCHGF002148	951	721.348	873	20.3619
RCHGF002149	1254	1024.35	961	15.7843
RCHGF002150	309	103.438	1949	317.016
RCHGF002151	1044	814.348	9238	190.861
RCHGF002152	1920	1690.35	23137	230.293
RCHGF002153	441	216.375	3699	287.625
RCHGF002154	306	101.264	7591	1261.23
RCHGF002155	594	365.01	4072	187.695
RCHGF002156	1749	1519.35	19981	221.263
RCHGF002157	1440	1210.35	14439	200.713
RCHGF002158	660	430.565	4282	167.324
RCHGF002159	1350	1120.35	7221	108.441
RCHGF002160	189	36.5303	376	173.174
RCHGF002162	1602	1372.35	3709	45.4718
RCHGF002164	1833	1603.35	11887	124.737
RCHGF002165	1311	1081.35	16085	250.268
RCHGF002166	585	356.086	991	46.8239
RCHGF002167	540	311.755	325	17.5396
RCHGF002168	753	523.42	1559	50.1124
RCHGF002169	1230	1000.35	136	2.28737
RCHGF002170	1089	859.348	1437	28.1344
RCHGF002171	414	191.491	3987	350.307
RCHGF002172	288	88.2393	186	35.465
RCHGF002173	150	22.7047	78	57.8001
RCHGF002174	531	302.934	145	8.05322
RCHGF002175	1575	1345.35	623	7.79117
RCHGF002176	846	616.375	415	11.328
RCHGF002177	1893	1663.35	1521	15.3849
RCHGF002178	1629	1399.35	2330	28.0143
RCHGF002180	1701	1471.35	3320	37.964
RCHGF002181	126	15.9663	109	114.861
RCHGF002183	429	205.265	2569	210.571
RCHGF002185	984	754.348	1915	42.7116
RCHGF002186	711	481.464	282	9.8545
RCHGF002187	204	42.9814	96	37.5785
RCHGF002188	222	51.0933	92	30.2952
RCHGF002189	438	213.6	160	12.6028
RCHGF002190	126	15.9663	29	30.5594
RCHGF002191	870	640.369	6281	165.024
RCHGF002192	1311	1081.35	5067	78.8378
RCHGF002193	960	730.348	2220	51.1414
RCHGF002194	1404	1174.35	6080	87.1076
RCHGF002195	1917	1687.35	8607	85.8216
RCHGF002196	114	12.3999	0	0
RCHGF002197	888	658.369	6203	158.519
RCHGF002198	183	34.0337	453	223.944
RCHGF002199	1902	1672.35	724	7.28385
RCHGF002200	747	517.42	270	8.77951
RCHGF002201	1005	775.348	158	3.42854
RCHGF002202	666	436.543	164	6.32071
RCHGF002203	2166	1936.35	917	7.96774
RCHGF002204	2166	1936.35	2457	21.3487
RCHGF002205	309	103.438	83	13.5004
RCHGF002206	933	703.355	1220	29.1833
RCHGF002207	429	205.265	2190	179.506
RCHGF002208	1032	802.348	2100	44.0358
RCHGF002209	1572	1342.35	920	11.5311
RCHGF002210	4344	4114.35	5193	21.2357
RCHGF002211	129	16.5894	6	6.08512
RCHGF002212	390	169.975	574	56.8166
RCHGF002213	489	262.172	284	18.2256
RCHGF002214	615	385.81	322	14.0421
RCHGF002215	648	418.62	409	16.4381
RCHGF002216	486	259.261	145	9.40979
RCHGF002217	954	724.348	684	15.8876
RCHGF002218	1185	955.348	827	14.5644
RCHGF002219	696	466.507	742	26.7606
RCHGF002220	366	148.953	166	18.7503
RCHGF002221	198	40.3163	93	38.8107
RCHGF002222	780	550.392	1535	46.9229
RCHGF002224	1179	949.348	563	9.97774
RCHGF002225	705	475.488	213	7.53684
RCHGF002226	2169	1939.35	2743	23.7968
RCHGF002227	174	30.6751	1332	730.579
RCHGF002228	1095	865.348	642	12.4823
RCHGF002230	618	388.806	507.894	21.9781
RCHGF002231	368	150.68	452	50.4697
RCHGF002233	852	622.375	3531	95.4542
RCHGF002234	321	112.504	9148	1368.07
RCHGF002235	126	15.9663	76	80.0866
RCHGF002236	1686	1456.35	1097	12.6733
RCHGF002237	699	469.502	828	29.6717
RCHGF002238	1107	877.348	1356	26.0038
RCHGF002239	1191	961.348	25812	451.742
RCHGF002240	1242	1012.35	11723	194.831
RCHGF002241	1860	1630.35	1788	18.4517
RCHGF002242	390	169.975	82	8.11666
RCHGF002243	1525	1295.35	4541	58.9813
RCHGF002246	618	388.806	2776	120.126
RCHGF002247	189	36.5303	126	58.0319
RCHGF002248	372	154.112	468	51.0926
RCHGF002249	705	475.488	2308	81.6668
RCHGF002250	243	60.567	225	62.5023
RCHGF002251	516	288.322	1894	110.523
RCHGF002252	549	320.616	1077	56.5171
RCHGF002253	1518	1288.35	7857	102.606
RCHGF002254	837	607.381	4780	132.409
RCHGF002255	1398	1168.35	6710	96.6273
RCHGF002256	390	169.975	1152	114.029
RCHGF002257	147	21.8547	18	13.8573
RCHGF002258	2811	2581.35	1042	6.79158
RCHGF002259	474	247.725	360	24.4502
RCHGF002260	288	88.2393	25	4.76681
RCHGF002261	1344	1114.35	132	1.99298
RCHGF002262	174	30.6751	6	3.2909
RCHGF002263	987	757.348	137	3.04351
RCHGF002264	645	415.641	37	1.49773
RCHGF002265	1038	808.348	109	2.2687
RCHGF002266	1326	1096.35	1453	22.298
RCHGF002267	780	550.392	225	6.87796
RCHGF002268	666	436.543	175	6.74466
RCHGF002269	444	219.22	63	4.83515
RCHGF002270	846	616.375	542	14.7946
RCHGF002271	195	39.0741	9	3.87528
RCHGF002272	213	46.9896	106	37.9537
RCHGF002273	195	39.0741	156	67.1715
RCHGF002274	408	185.979	1011	91.4613
RCHGF002275	1101	871.348	2625	50.6859
RCHGF002276	1353	1123.35	3807	57.0188
RCHGF002277	984	754.348	2455.38	54.7641
RCHGF002279	1083	853.348	8931.57	176.097
RCHGF002280	120	14.1159	268	319.43
RCHGF002281	1815	1585.35	11703	124.2
RCHGF002282	135	18.3487	14	12.8373
RCHGF002283	426	202.488	389	32.3221
RCHGF002284	648	418.62	789	31.7107
RCHGF002285	1968	1738.35	637	6.16527
RCHGF002286	771	541.42	192	5.96646
RCHGF002287	993	763.348	172	3.79101
RCHGF002288	687	457.525	215	7.90629
RCHGF002289	555	326.512	519	26.7434
RCHGF002290	744	514.42	16527	540.538
RCHGF002291	1176	946.348	21964	390.49
RCHGF002292	1578	1348.35	1356	16.9203
RCHGF002293	267	74.0008	13	2.95567
RCHGF002294	366	148.953	23	2.59793
RCHGF002295	114	12.3999	6	8.14107
RCHGF002296	228	53.4464	11	3.46277
RCHGF002297	1512	1282.35	6618	86.8301
RCHGF002299	504	276.651	226	13.7444
RCHGF002300	912	682.355	515	12.6983
RCHGF002301	1800	1570.35	645	6.91056
RCHGF002302	711	481.464	367	12.8248
RCHGF002303	816	586.387	443	12.7107
RCHGF002304	750	520.42	719	23.2447
RCHGF002305	474	247.725	291	19.7639
RCHGF002306	393	172.593	64	6.23889
RCHGF002307	1161	931.348	816	14.741
RCHGF002308	705	475.488	208	7.35992
RCHGF002309	735	505.43	211	7.02378
RCHGF002310	495	267.972	3572	224.27
RCHGF002311	126	15.9663	0	0
RCHGF002312	813	583.387	1572	45.3362
RCHGF002313	1236	1006.35	694	11.6027
RCHGF002314	657	427.582	354	13.9294
RCHGF002315	138	19.3225	94	81.8492
RCHGF002316	546	317.667	724	38.3456
RCHGF002317	2274	2044.35	1814	14.929
RCHGF002318	459	233.445	86	6.19816
RCHGF002319	771	541.42	325	10.0995
RCHGF002320	816	586.387	544	15.6086
RCHGF002321	966	736.348	625	14.2806
RCHGF002322	1002	772.348	513	11.1752
RCHGF002323	501	273.773	23	1.41347
RCHGF002324	1308	1078.35	157	2.44957
RCHGF002325	1515	1285.35	1916	25.0798
RCHGF002326	660	430.565	480	18.7565
RCHGF002327	1062	832.348	648	13.0984
RCHGF002328	1404	1174.35	432	6.18923
RCHGF002329	726	496.44	299	10.1334
RCHGF002330	687	457.525	460	16.9158
RCHGF002331	1227	997.348	652	10.9989
RCHGF002332	705	475.488	312	11.0399
RCHGF002333	417	194.247	104	9.00798
RCHGF002334	921	691.355	72	1.75219
RCHGF002335	960	730.348	70	1.61257
RCHGF002336	1383	1153.35	135	1.96935
RCHGF002337	855	625.375	55	1.47969
RCHGF002338	510	282.482	7	0.416923
RCHGF002339	891	661.369	632	16.0777
RCHGF002340	648	418.62	44	1.76841
RCHGF002341	399	177.922	64	6.052
RCHGF002342	411	188.727	17	1.51553
RCHGF002343	819	589.381	79	2.25518
RCHGF002344	762	532.42	162	5.1193
RCHGF002345	474	247.725	78	5.29754
RCHGF002346	1020	790.348	85	1.80946
RCHGF002347	2088	1858.35	871	7.8857
RCHGF002348	162	26.405	0	0
RCHGF002349	843	613.375	326	8.94213
RCHGF002350	1458	1228.35	133	1.82171
RCHGF002351	633	403.723	58	2.4171
RCHGF002352	1086	856.348	67	1.31636
RCHGF002353	1026	796.348	147	3.10573
RCHGF002354	1248	1018.35	268	4.4278
RCHGF002355	1443	1213.35	218	3.02288
RCHGF002356	654	424.582	39	1.54544
RCHGF002357	1437	1207.35	162	2.25752
RCHGF002358	336	124.24	3	0.406265
RCHGF002359	1251	1021.35	104	1.7132
RCHGF002360	312	105.645	294	46.8218
RCHGF002361	1926	1696.35	535	5.30626
RCHGF002362	828	598.381	243	6.83247
RCHGF002363	147	21.8547	1653	1272.56
RCHGF002364	174	30.6751	2923	1603.22
RCHGF002365	144	21.0608	5	3.99433
RCHGF002366	114	12.3999	27	36.6348
RCHGF002367	564	335.36	65	3.261
RCHGF002368	762	532.42	136	4.29768
RCHGF002369	870	640.369	139	3.65203
RCHGF002370	1911	1681.35	519	5.19349
RCHGF002371	690	460.521	231	8.43941
RCHGF002372	117	13.1586	4	5.11444
RCHGF002373	1359	1129.35	486	7.24032
RCHGF002374	327	117.104	183	26.2924
RCHGF002375	522	294.176	857	49.0143
RCHGF002376	1062	832.348	291	5.88217
RCHGF002377	1089	859.348	208	4.07234
RCHGF002378	1461	1231.35	133	1.81727
RCHGF002379	1803	1573.35	133	1.42225
RCHGF002380	327	117.104	40	5.74698
RCHGF002381	318	110.2	40	6.10701
RCHGF002382	1092	862.348	89	1.73643
RCHGF002383	954	724.348	272	6.31787
RCHGF002384	1107	877.348	370	7.09544
RCHGF002385	741	511.42	295	9.70497
RCHGF002386	1095	865.348	2467	47.9654
RCHGF002388	1371	1141.35	1267	18.677
RCHGF002389	1197	967.348	2876	50.0214
RCHGF002390	819	589.381	808	23.0656
RCHGF002391	879	649.369	4115	106.617
RCHGF002392	717	487.455	2024	69.8595
RCHGF002393	690	460.521	577	21.0803
RCHGF002394	369	151.551	878	97.4731
RCHGF002395	1185	955.348	2262	39.8364
RCHGF002396	2010	1780.35	2502	23.6446
RCHGF002397	606	376.928	831	37.093
RCHGF002398	117	13.1586	351	448.793
RCHGF002399	519	291.244	599	34.6035
RCHGF002400	834	604.381	10633	296.002
RCHGF002401	606	376.928	413	18.4349
RCHGF002402	1224	994.348	325	5.49913
RCHGF002403	486	259.261	91	5.90546
RCHGF002404	1155	925.348	148	2.69095
RCHGF002405	486	259.261	1596	103.573
RCHGF002406	1167	937.348	6217	111.591
RCHGF002407	900	670.362	2123	53.2832
RCHGF002408	1374	1144.35	252	3.70503
RCHGF002409	1485	1255.35	274	3.67228
RCHGF002410	813	583.387	397	11.4494
RCHGF002411	1116	886.348	325	6.16919
RCHGF002412	630	400.739	99	4.15645
RCHGF002413	117	13.1586	1	1.27861
RCHGF002414	621	391.779	84	3.60735
RCHGF002415	1008	778.348	148	3.19917
RCHGF002416	630	400.739	66	2.77097
RCHGF002417	666	436.543	109	4.20096
RCHGF002418	2076	1846.35	383	3.49007
RCHGF002419	996	766.348	77	1.6905
RCHGF002420	669	439.543	75	2.87084
RCHGF002421	1377	1147.35	120	1.75969
RCHGF002422	282	83.9606	32	6.41245
RCHGF002423	282	83.9606	9	1.8035
RCHGF002424	462	236.327	28	1.9934
RCHGF002425	147	21.8547	2	1.5397
RCHGF002426	591	362.057	342	15.8927
RCHGF002427	201	41.634	1055	426.337
RCHGF002428	945	715.348	3482.88	81.9163
RCHGF002429	1482	1252.35	618	8.30257
RCHGF002430	891	661.369	214	5.44402
RCHGF002431	372	154.112	70	7.64205
RCHGF002432	1062	832.348	785	15.8677
RCHGF002433	528	299.997	87	4.87923
RCHGF002434	543	314.699	47	2.51277
RCHGF002435	774	544.409	583	18.0174
RCHGF002436	1323	1093.35	137	2.1082
RCHGF002437	1572	1342.35	173	2.16835
RCHGF002438	303	99.0726	83	14.0953
RCHGF002439	117	13.1586	9	11.5075
RCHGF002440	309	103.438	98	15.9402
RCHGF002441	534	305.87	908	49.9458
RCHGF002442	519	291.244	54	3.11951
RCHGF002443	168	28.3509	13	7.71483
RCHGF002444	189	36.5303	12	5.52684
RCHGF002445	1971	1741.35	2878	27.807
RCHGF002447	123	14.9357	12	13.5178
RCHGF002448	1251	1021.35	969	15.9624
RCHGF002449	237	57.669	94	27.4242
RCHGF002450	1056	826.348	208	4.23496
RCHGF002451	1719	1489.35	214	2.4175
RCHGF002452	300	96.831	22	3.82259
RCHGF002453	588	359.079	802	37.578
RCHGF002454	858	628.375	1759	47.0973
RCHGF002455	318	110.2	191	29.161
RCHGF002456	324	114.796	555	81.3418
RCHGF002457	195	39.0741	58	24.974
RCHGF002458	792	562.387	412	12.3257
RCHGF002459	513	285.385	18	1.06118
RCHGF002460	606	376.928	863	38.5213
RCHGF002461	1482	1252.35	4268	57.3388
RCHGF002462	309	103.438	1016	165.258
RCHGF002463	693	463.512	245	8.89313
RCHGF002464	927	697.355	805	19.4219
RCHGF002465	393	172.593	101	9.84575
RCHGF002466	798	568.387	144	4.26253
RCHGF002467	984	754.348	212	4.72839
RCHGF002468	714	484.464	62	2.15318
RCHGF002469	813	583.387	110	3.17238
RCHGF002470	747	517.42	81	2.63385
RCHGF002471	465	239.194	42	2.95426
RCHGF002472	744	514.42	101	3.30334
RCHGF002473	729	499.43	87	2.93085
RCHGF002474	957	727.348	194	4.48754
RCHGF002475	852	622.375	119	3.21695
RCHGF002476	180	32.8402	0	0
RCHGF002477	276	79.842	261	54.9995
RCHGF002478	1422	1192.35	563	7.94428
RCHGF002479	456	230.605	297	21.6689
RCHGF002480	2031	1801.35	951	8.88244
RCHGF002481	597	367.995	123	5.62357
RCHGF002482	867	637.369	32717	863.639
RCHGF002483	126	15.9663	4	4.21508
RCHGF002484	318	110.2	243	37.1001
RCHGF002485	120	14.1159	71	84.625
RCHGF002487	1449	1219.35	1958	27.0168
RCHGF002489	1064	834.348	283	5.70675
RCHGF002491	798	568.387	86	2.54568
RCHGF002492	1851	1621.35	155	1.60844
RCHGF002493	354	138.8	14	1.69702
RCHGF002494	537	308.799	66	3.59598
RCHGF002495	546	317.667	63	3.3367
RCHGF002496	402	180.606	49	4.56472
RCHGF002497	381	161.972	54	5.60924
RCHGF002498	387	167.284	17	1.70979
RCHGF002500	624	394.751	1389.19	59.2091
RCHGF002501	291	90.3533	532.785	99.2104
RCHGF002502	114	12.3999	67	90.9086
RCHGF002503	2013	1783.35	468	4.41529
RCHGF002504	234	56.14	4	1.19877
RCHGF002505	759	529.42	241	7.6589
RCHGF002506	534	305.87	295	16.2269
RCHGF002507	1227	997.348	520	8.77215
RCHGF002508	177	31.8596	28	14.7866
RCHGF002509	270	75.9172	82	18.1728
RCHGF002510	384	164.634	400	40.8781
RCHGF002511	918	688.355	534	13.052
RCHGF002512	1638	1408.35	2280	27.2379
RCHGF002513	717	487.455	502	17.3268
RCHGF002515	1695	1465.35	1113	12.7792
RCHGF002516	1263	1033.35	1742	28.3629
RCHGF002517	492	265.084	347	22.0239
RCHGF002518	1077	847.348	1797	35.6809
RCHGF002519	1149	919.348	3399	62.2043
RCHGF002520	156	24.6254	74	50.5589
RCHGF002522	411	188.727	61	5.43809
RCHGF002523	1083	853.348	474	9.34548
RCHGF002524	465	239.194	76	5.3458
RCHGF002526	1317	1087.35	1387	21.4614
RCHGF002527	1104	874.348	3015	58.0166
RCHGF002529	237	57.669	128	37.3437
RCHGF002530	417	194.247	38	3.29138
RCHGF002531	339	126.657	18	2.39107
RCHGF002532	219	49.7564	48	16.2309
RCHGF002533	618	388.806	201.106	8.70243
RCHGF002534	1140	910.348	66	1.21979
RCHGF002535	204	42.9814	11	4.30588
RCHGF002536	1191	961.348	2459	43.0355
RCHGF002537	1170	940.348	1028	18.3931
RCHGF002538	1374	1144.35	498	7.32185
RCHGF002539	627	397.747	198	8.37544
RCHGF002540	1926	1696.35	671	6.65514
RCHGF002541	1926	1696.35	573	5.68315
RCHGF002542	1179	949.348	1419	25.1482
RCHGF002543	909	679.362	5675	140.545
RCHGF002544	450	224.902	595	44.5115
RCHGF002545	615	385.81	662	28.8692
RCHGF002546	597	367.995	335	15.3162
RCHGF002547	1944	1714.35	302	2.96386
RCHGF002548	114	12.3999	16	21.7095
RCHGF002549	1245	1015.35	404	6.69446
RCHGF002550	2163	1933.35	1270	11.0521
RCHGF002551	2070	1840.35	1555	14.2161
RCHGF002552	594	365.01	442	20.3736
RCHGF002553	39	12	0	0
RCHGF002554	3486	3256.35	7039	36.3688
RCHGF002555	804	574.387	131	3.83722
RCHGF002556	693	463.512	100	3.62985
RCHGF002557	1287	1057.35	262	4.16901
RCHGF002558	1413	1183.35	273	3.8815
RCHGF002559	300	96.831	16	2.78006
RCHGF002560	480	253.457	30	1.99143
RCHGF002561	111	11.8716	2	2.83447
RCHGF002562	690	460.521	318	11.6179
RCHGF002563	165	27.3361	41	25.2346
RCHGF002564	234	56.14	650	194.801
RCHGF002565	825	595.381	754	21.3072
RCHGF002566	1026	796.348	676	14.2821
RCHGF002567	774	544.409	102	3.15228
RCHGF002568	462	236.327	652	46.4178
RCHGF002569	2055	1825.35	993	9.15278
RCHGF002570	876	646.369	230	5.98683
RCHGF002571	465	239.194	94	6.61191
RCHGF002572	1911	1681.35	1256	12.5684
RCHGF002573	321	112.504	56	8.3747
RCHGF002574	1284	1054.35	189	3.01597
RCHGF002575	336	124.24	72	9.75036
RCHGF002576	1449	1219.35	598	8.25131
RCHGF002577	1509	1279.35	2327	30.6025
RCHGF002578	690	460.521	882	32.2232
RCHGF002579	1302	1072.35	743	11.6574
RCHGF002580	675	445.539	125	4.72034
RCHGF002581	1305	1075.35	409	6.39917
RCHGF002582	975	745.348	646	14.5822
RCHGF002583	147	21.8547	33303	25638.3
RCHGF002584	456	230.605	700	51.0715
RCHGF002585	309	103.438	1474	239.754
RCHGF002586	456	230.605	609	44.4322
RCHGF002587	225	52.1272	63	20.3341
RCHGF002588	669	439.543	262	10.0288
RCHGF002589	288	88.2393	33	6.29218
RCHGF002590	1068	838.348	249	4.99717
RCHGF002591	777	547.392	150	4.61043
RCHGF002592	168	28.3509	6	3.56069
RCHGF002593	435	210.833	179	14.2845
RCHGF002594	906	676.362	580	14.4277
RCHGF002595	2418	2188.35	900	6.91951
RCHGF002596	114	12.3999	18	24.4232
RCHGF002597	1278	1048.35	748	12.0045
RCHGF002598	1050	820.348	161	3.302
RCHGF002599	312	105.645	14	2.22961
RCHGF002600	477	250.574	27	1.81291
RCHGF002601	1917	1687.35	216	2.15377
RCHGF002602	609	379.91	150	6.64294
RCHGF002603	759	529.42	851	27.0445
RCHGF002604	192	37.8141	19	8.45375
RCHGF002605	660	430.565	39173	1530.73
RCHGF002606	696	466.507	22260	802.817
RCHGF002607	1734	1504.35	274845	3073.89
RCHGF002608	1623	1393.35	99376	1199.97
RCHGF002609	2346	2116.35	1992	15.8362
RCHGF002610	723	493.445	121	4.12569
RCHGF002611	1311	1081.35	167	2.59837
RCHGF002612	759	529.42	187	5.9428
RCHGF002613	1422	1192.35	458	6.46267
RCHGF002614	666	436.543	121	4.66345
RCHGF002615	132	17.5039	37	35.5644
RCHGF002616	933	703.355	516.12	12.346
RCHGF002617	480	253.457	546	36.2441
RCHGF002618	138	19.3225	467	406.634
RCHGF002619	201	41.634	542	219.028
RCHGF002620	111	11.8716	21	29.7619
RCHGF002621	417	194.247	612	53.0085
RCHGF002622	111	11.8716	2	2.83447
RCHGF002623	894	664.362	356	9.0156
RCHGF002624	2268	2038.35	1849	15.2619
RCHGF002625	747	517.42	319	10.3728
RCHGF002626	351	136.336	34	4.19583
RCHGF002627	177	31.8596	25	13.2023
RCHGF002628	1182	952.348	64617	1141.56
RCHGF002629	597	367.995	34	1.55448
RCHGF002630	264	72.072	78	18.2086
RCHGF002631	1611	1381.35	862	10.4991
RCHGF002632	1212	982.348	104	1.78122
RCHGF002633	465	239.194	39	2.74324
RCHGF002634	1203	973.348	94	1.62483
RCHGF002635	633	403.723	28	1.16687
RCHGF002636	1098	868.348	74	1.4338
RCHGF002638	225	52.1272	30	9.68291
RCHGF002639	561	332.397	223	11.2875
RCHGF002640	618	388.806	307	13.2848
RCHGF002641	288	88.2393	715	136.331
RCHGF002642	783	553.392	439	13.3469
RCHGF002643	2352	2122.35	948	7.51521
RCHGF002645	1398	1168.35	507	7.30105
RCHGF002646	1995	1765.35	2672	25.4657
RCHGF002647	792	562.387	268	8.01769
RCHGF002648	147	21.8547	148	113.938
RCHGF002649	2316	2086.35	1463	11.798
RCHGF002650	771	541.42	441	13.7042
RCHGF002651	1314	1084.35	1377	21.3656
RCHGF002652	816	586.387	1894	54.3432
RCHGF002653	483	256.357	235	15.4231
RCHGF002654	141	20.1611	6	5.0071
RCHGF002655	387	167.284	2322	233.538
RCHGF002656	1023	793.348	2714	57.5566
RCHGF002657	435	210.833	3843	306.677
RCHGF002658	2577	2347.35	11697	83.8391
RCHGF002659	624	394.751	688	29.3234
RCHGF002660	357	141.268	851	101.353
RCHGF002661	1152	922.348	1975	36.0265
RCHGF002662	1344	1114.35	1919	28.9737
RCHGF002663	531	302.934	877	48.7081
RCHGF002664	906	676.362	803	19.975
RCHGF002665	942	712.348	718	16.9583
RCHGF002666	618	388.806	2392	103.509
RCHGF002667	1035	805.348	309	6.45542
RCHGF002668	849	619.375	349	9.48028
RCHGF002669	159	25.5122	0	0
RCHGF002670	321	112.504	36	5.38373
RCHGF002671	324	114.796	281	41.1839
RCHGF002672	759	529.42	215	6.83263
RCHGF002673	717	487.455	316	10.9069
RCHGF002674	621	391.779	86	3.69324
RCHGF002675	609	379.91	103	4.56149
RCHGF002676	1032	802.348	280	5.87144
RCHGF002677	1281	1051.35	245	3.92075
RCHGF002678	630	400.739	128	5.374
RCHGF002679	1122	892.348	378	7.127
RCHGF002681	336	124.24	240	32.5012
RCHGF002682	354	138.8	73	8.84875
RCHGF002683	726	496.44	298	10.0995
RCHGF002684	249	63.5706	54	14.2918
RCHGF002685	1323	1093.35	1682	25.8831
RCHGF002686	813	583.387	692	19.9572
RCHGF002687	114	12.3999	37	50.2033
RCHGF002688	597	367.995	196	8.96113
RCHGF002689	1902	1672.35	18359	184.702
RCHGF002690	1203	973.348	9320	161.101
RCHGF002691	123	14.9357	8	9.01187
RCHGF002692	1125	895.348	637	11.9701
RCHGF002693	159	25.5122	43	28.3576
RCHGF002694	2169	1939.35	1156	10.0289
RCHGF002695	864	634.369	1278	33.8952
RCHGF002696	153	23.6899	436	309.652
RCHGF002697	1152	922.348	21241	387.462
RCHGF002698	1569	1339.35	13178	165.541
RCHGF002699	708	478.474	797	28.0252
RCHGF002700	1524	1294.35	1856	24.1255
RCHGF002701	573	344.262	67	3.27443
RCHGF002702	168	28.3509	32	18.9903
RCHGF002703	426	202.488	272	22.6006
RCHGF002704	174	30.6751	36	19.7454
RCHGF002705	567	338.34	419	20.8358
RCHGF002706	129	16.5894	124	125.759
RCHGF002707	1830	1600.35	1544	16.2324
RCHGF002708	2139	1909.35	1062	9.35812
RCHGF002709	708	478.474	228	8.01726
RCHGF002710	648	418.62	87	3.49662
RCHGF002711	126	15.9663	4	4.21508
RCHGF002712	162	26.405	7	4.46026
RCHGF002713	774	544.409	746	23.0549
RCHGF002714	2310	2080.35	2460	19.8952
RCHGF002715	456	230.605	98	7.15001
RCHGF002716	765	535.42	495	15.5547
RCHGF002717	489	262.172	1813	116.349
RCHGF002718	114	12.3999	36	48.8464
RCHGF002719	495	267.972	154	9.66899
RCHGF002720	885	655.369	1521	39.0475
RCHGF002721	144	21.0608	24	19.1728
RCHGF002722	654	424.582	108	4.27968
RCHGF002723	693	463.512	232	8.42125
RCHGF002724	1326	1096.35	577	8.85476
RCHGF002725	384	164.634	747	76.3398
RCHGF002726	1278	1048.35	841	13.4971
RCHGF002727	189	36.5303	131	60.3347
RCHGF002728	1053	823.348	672	13.732
RCHGF002729	150	22.7047	31	22.9718
RCHGF002730	1239	1009.35	1026	17.1023
RCHGF002731	171	29.5075	2	1.14037
RCHGF002732	765	535.42	497	15.6175
RCHGF002733	141	20.1611	70	58.4162
RCHGF002734	921	691.355	91	2.21457
RCHGF002735	819	589.381	476	13.5881
RCHGF002736	510	282.482	751	44.7299
RCHGF002737	126	15.9663	171	180.195
RCHGF002738	306	101.264	967	160.665
RCHGF002739	312	105.645	417	66.4106
RCHGF002740	1614	1384.35	558	6.7817
RCHGF002741	147	21.8547	6	4.61909
RCHGF002742	3231	3001.35	3101	17.3834
RCHGF002743	120	14.1159	12	14.3028
RCHGF002744	1491	1261.35	3530	47.0857
RCHGF002745	513	285.385	390	22.9923
RCHGF002746	1020	790.348	5772	122.873
RCHGF002747	651	421.608	8027	320.328
RCHGF002748	1749	1519.35	5872	65.0247
RCHGF002749	1512	1282.35	548	7.18992
RCHGF002750	1473	1243.35	407	5.50746
RCHGF002751	978	748.348	301	6.76725
RCHGF002752	1566	1336.35	2878	36.2344
RCHGF002753	1698	1468.35	17573	201.357
RCHGF002754	192	37.8141	281	125.027
RCHGF002755	981	751.348	7324	164.005
RCHGF002756	996	766.348	5677	124.636
RCHGF002757	912	682.355	2856	70.4202
RCHGF002758	978	748.348	4235	95.2136
RCHGF002759	1698	1468.35	119511	1369.39
RCHGF002760	1203	973.348	9596	165.871
RCHGF002761	348	133.89	220	27.6455
RCHGF002762	1416	1186.35	1576	22.3508
RCHGF002763	1065	835.348	560	11.279
RCHGF002764	996	766.348	850	18.6613
RCHGF002765	1863	1633.35	1696	17.4701
RCHGF002766	1290	1060.35	1784	28.3071
RCHGF002767	834	604.381	780	21.7137
RCHGF002768	957	727.348	479.539	11.0925
RCHGF002769	216	48.395	12423	4318.92
RCHGF002770	330	119.446	16666	2347.51
RCHGF002771	321	112.504	544	81.3542
RCHGF002772	621	391.779	478	20.5275
RCHGF002773	1380	1150.35	2810	41.0985
RCHGF002775	414	191.491	153	13.4429
RCHGF002776	189	36.5303	1403	646.18
RCHGF002777	726	496.44	18605	630.54
RCHGF002778	672	442.539	2688	102.194
RCHGF002779	567	338.34	336	16.7084
RCHGF002780	1104	874.348	1060	20.3972
RCHGF002781	153	23.6899	48	34.0901
RCHGF002782	921	691.355	553	13.4578
RCHGF002783	585	356.086	104	4.91391
RCHGF002784	951	721.348	154	3.59191
RCHGF002785	1548	1318.35	7085	90.4189
RCHGF002786	129	16.5894	1	1.01419
RCHGF002787	900	670.362	2747	68.9443
RCHGF002788	777	547.392	954	29.3224
RCHGF002789	633	403.723	323	13.4607
RCHGF002790	873	643.369	1564	40.9003
RCHGF002791	144	21.0608	482	385.053
RCHGF002792	1833	1603.35	18486	193.983
RCHGF002793	822	592.381	583	16.5583
RCHGF002794	1317	1087.35	3838	59.3862
RCHGF002795	969	739.348	3412	77.6443
RCHGF002796	117	13.1586	38	48.5872
RCHGF002797	999	769.348	11062	241.914
RCHGF002798	690	460.521	14999	547.977
RCHGF002799	180	32.8402	21	10.7588
RCHGF002800	561	332.397	823	41.6574
RCHGF002801	786	556.392	3443	104.113
RCHGF002802	360	143.821	3264	381.837
RCHGF002803	339	126.657	783	104.012
RCHGF002804	120	14.1159	1	1.1919
RCHGF002805	1779	1549.35	6502	70.6069
RCHGF002806	1728	1498.35	4851	54.4713
RCHGF002807	813	583.387	338	9.74786
RCHGF002808	891	661.369	592	15.0601
RCHGF002809	465	239.194	108	7.59666
RCHGF002810	657	427.582	133	5.23337
RCHGF002811	1422	1192.35	256	3.61232
RCHGF002812	999	769.348	262	5.72965
RCHGF002813	156	24.6254	4	2.73291
RCHGF002814	1932	1702.35	876	8.65775
RCHGF002815	960	730.348	679.085	15.6439
RCHGF002816	129	16.5894	15	15.2128
RCHGF002817	267	74.0008	113	25.6916
RCHGF002818	555	326.512	51	2.62797
RCHGF002819	501	273.773	402	24.705
RCHGF002820	537	308.799	573	31.2197
RCHGF002821	300	96.831	831	144.39
RCHGF002822	264	72.072	3174	740.951
RCHGF002823	141	20.1611	154	128.516
RCHGF002824	336	124.24	27	3.65639
RCHGF002825	300	96.831	221	38.3996
RCHGF002826	690	460.521	560	20.4592
RCHGF002827	819	589.381	319	9.10634
RCHGF002828	843	613.375	207	5.67798
RCHGF002829	774	544.409	284	8.77693
RCHGF002830	420	197.015	2654	226.648
RCHGF002831	276	79.842	364	76.7043
RCHGF002832	195	39.0741	45	19.3764
RCHGF002834	540	311.755	178	9.60628
RCHGF002835	460	234.384	193	13.8541
RCHGF002837	876	646.369	72	1.87414
RCHGF002838	720	490.45	59	2.02398
RCHGF002839	1131	901.348	183	3.41592
RCHGF002840	1011	781.348	274	5.90005
RCHGF002841	294	92.5101	156	28.3717
RCHGF002842	171	29.5075	1	0.570187
RCHGF002843	642	412.666	72	2.93551
RCHGF002844	1968	1738.35	372	3.60044
RCHGF002845	396	175.261	48	4.60793
RCHGF002846	609	379.91	66	2.92289
RCHGF002847	720	490.45	201	6.89527
RCHGF002848	507	279.587	147	8.84606
RCHGF002849	120	14.1159	68	81.0493
RCHGF002850	1290	1060.35	397	6.29929
RCHGF002851	1245	1015.35	648	10.7377
RCHGF002852	777	547.392	629	19.3331
RCHGF002853	2166	1936.35	939	8.1589
RCHGF002854	189	36.5303	4	1.84228
RCHGF002855	174	30.6751	48	26.3272
RCHGF002856	342	129.054	495	64.533
RCHGF002857	651	421.608	2986	119.16
RCHGF002858	1785	1555.35	1633	17.6648
RCHGF002859	603	373.955	786	35.3633
RCHGF002860	141	20.1611	34	28.3736
RCHGF002861	1377	1147.35	207	3.03546
RCHGF002862	672	442.539	545	20.7202
RCHGF002863	1149	919.348	1527	27.9453
RCHGF002864	120	14.1159	0	0
RCHGF002865	762	532.42	181	5.71971
RCHGF002866	363	146.364	24	2.75884
RCHGF002867	771	541.42	81	2.5171
RCHGF002868	642	412.666	244	9.94811
RCHGF002869	279	81.8689	12	2.46611
RCHGF002870	195	39.0741	11	4.73645
RCHGF002871	459	233.445	333	23.9999
RCHGF002872	249	63.5706	190	50.2859
RCHGF002873	150	22.7047	19	14.0795
RCHGF002874	522	294.176	84	4.8042
RCHGF002875	114	12.3999	4	5.42738
RCHGF002876	387	167.284	70	7.04033
RCHGF002877	111	11.8716	67	94.9546
RCHGF002878	444	219.22	130	9.97729
RCHGF002879	351	136.336	46	5.67672
RCHGF002880	255	66.9394	24	6.03224
RCHGF002881	156	24.6254	39	26.6459
RCHGF002882	267	74.0008	384	87.3061
RCHGF002883	453	227.737	466	34.4272
RCHGF002884	354	138.8	38	4.6062
RCHGF002885	324	114.796	42	6.1556
RCHGF002886	162	26.405	9	5.73463
RCHGF002887	441	216.375	85	6.60939
RCHGF002888	375	156.718	32	3.43542
RCHGF002889	126	15.9663	43	45.3122
RCHGF002890	123	14.9357	2	2.25297
RCHGF002891	1338	1108.35	2758	41.8666
RCHGF002892	2868	2638.35	2249	14.3419
RCHGF002893	2349	2119.35	2096	16.6394
RCHGF002894	2010	1780.35	1578	14.9125
RCHGF002895	1743	1513.35	1829	20.3341
RCHGF002896	1806	1576.35	747	7.97293
RCHGF002897	678	448.535	623	23.3691
RCHGF002898	177	31.8596	9287	4904.39
RCHGF002899	792	562.387	1227	36.7078
RCHGF002900	1368	1138.35	1595	23.5741
RCHGF002901	111	11.8716	23	32.5964
RCHGF002902	1512	1282.35	3838	50.3557
RCHGF002903	906	676.362	1267	31.5171
RCHGF002904	1929	1699.35	1578	15.6233
RCHGF002905	2220	1990.35	5674	47.9634
RCHGF002906	1737	1507.35	239	2.66768
RCHGF002907	669	439.543	65	2.48806
RCHGF002908	702	472.502	80	2.84863
RCHGF002909	1110	880.348	969	18.5191
RCHGF002910	597	367.995	2503	114.437
RCHGF002911	273	77.863	273	58.9904
RCHGF002912	687	457.525	6563	241.344
RCHGF002913	135	18.3487	32	29.3423
RCHGF002914	177	31.8596	14	7.39329
RCHGF002915	246	62.0335	2161	586.108
RCHGF002916	555	326.512	431	22.2089
RCHGF002917	180	32.8402	43	22.0299
RCHGF002918	762	532.42	1135	35.8667
RCHGF002919	306	101.264	3810	633.023
RCHGF002920	510	282.482	188	11.1974
RCHGF002921	660	430.565	151	5.90048
RCHGF002922	780	550.392	1210	36.9881
RCHGF002923	318	110.2	2007	306.419
RCHGF002924	216	48.395	388	134.89
RCHGF002925	657	427.582	1904	74.9198
RCHGF002926	699	469.502	3256	116.68
RCHGF002927	270	75.9172	578	128.096
RCHGF002928	906	676.362	4995	124.253
RCHGF002929	1584	1354.35	3568	44.3245
RCHGF002930	783	553.392	1750	53.2052
RCHGF002931	975	745.348	1544	34.8528
RCHGF002932	597	367.995	852	38.9535
RCHGF002933	711	481.464	3355	117.241
RCHGF002934	1053	823.348	3433	70.1519
RCHGF002935	1101	871.348	531	10.253
RCHGF002936	1068	838.348	760	15.2524
RCHGF002937	1134	904.348	3709	69.0034
RCHGF002938	2376	2146.35	4123	32.3193
RCHGF002939	681	451.53	3464	129.075
RCHGF002940	675	445.539	772	29.1528
RCHGF002941	1395	1165.35	1324	19.1153
RCHGF002942	186	35.3173	26	12.3861
RCHGF002943	534	305.87	8683	477.62
RCHGF002944	231	54.6009	1169	360.217
RCHGF002945	114	12.3999	0	0
RCHGF002946	2091	1861.35	4016	36.3007
RCHGF002947	1671	1441.35	1337	15.6067
RCHGF002948	129	16.5894	9	9.12768
RCHGF002949	1665	1435.35	1053	12.343
RCHGF002950	471	244.874	256	17.5892
RCHGF002951	474	247.725	258	17.5226
RCHGF002952	522	294.176	82	4.68982
RCHGF002953	1200	970.348	2517	43.642
RCHGF002954	1647	1417.35	1912	22.6966
RCHGF002955	729	499.43	795	26.7819
RCHGF002956	738	508.43	3780	125.086
RCHGF002957	324	114.796	1137	166.641
RCHGF002958	342	129.054	1268	165.309
RCHGF002959	435	210.833	426	33.9954
RCHGF002960	963	733.348	1559	35.7672
RCHGF002961	858	628.375	1740	46.5886
RCHGF002962	132	17.5039	2	1.9224
RCHGF002963	699	469.502	6109	218.918
RCHGF002964	750	520.42	544	17.5871
RCHGF002965	825	595.381	630	17.8031
RCHGF002966	444	219.22	261	20.0313
RCHGF002967	1197	967.348	936	16.2796
RCHGF002968	114	12.3999	11	14.9253
RCHGF002969	1698	1468.35	21814	249.951
RCHGF002970	1692	1462.35	2864	32.9512
RCHGF002971	1227	997.348	2101	35.4429
RCHGF002972	891	661.369	666	16.9426
RCHGF002973	1395	1165.35	13246	191.24
RCHGF002974	1293	1063.35	183160	2898.04
RCHGF002975	1470	1240.35	1699	23.0462
RCHGF002976	2256	2026.35	1270	10.5448
RCHGF002977	609	379.91	380	16.8288
RCHGF002978	1983	1753.35	754	7.23523
RCHGF002979	861	631.369	1643	43.7828
RCHGF002980	117	13.1586	12	15.3433
RCHGF002981	495	267.972	248	15.5708
RCHGF002982	693	463.512	266	9.6554
RCHGF002983	525	297.084	2557	144.811
RCHGF002984	120	14.1159	357	425.509
RCHGF002985	216	48.395	152	52.8436
RCHGF002986	231	54.6009	829	255.449
RCHGF002987	1005	775.348	1209	26.2349
RCHGF002988	561	332.397	4527	229.141
RCHGF002989	285	86.0913	61	11.9212
RCHGF002990	1362	1132.35	1457	21.6486
RCHGF002991	1170	940.348	905	16.1923
RCHGF002992	882	652.369	1908	49.2079
RCHGF002993	213	46.9896	76	27.2121
RCHGF002994	528	299.997	973	54.5689
RCHGF002995	159	25.5122	3	1.97844
RCHGF002996	993	763.348	195	4.29795
RCHGF002997	357	141.268	491	58.4774
RCHGF002998	111	11.8716	42	59.5238
RCHGF002999	1200	970.348	2285	39.6194
RCHGF003000	762	532.42	600	18.9604
RCHGF003001	213	46.9896	953	341.225
RCHGF003002	567	338.34	2926	145.503
RCHGF003003	573	344.262	4037	197.297
RCHGF003004	249	63.5706	961	254.341
RCHGF003005	870	640.369	1112	29.2162
RCHGF003006	540	311.755	1835	99.0311
RCHGF003007	744	514.42	11780	385.281
RCHGF003008	2031	1801.35	14991	140.018
RCHGF003009	585	356.086	12100	571.715
RCHGF003010	873	643.369	1228	32.1135
RCHGF003011	774	544.409	153	4.72842
RCHGF003012	729	499.43	425	14.3174
RCHGF003013	396	175.261	245	23.5196
RCHGF003014	390	169.975	500	49.4918
RCHGF003015	855	625.375	138	3.71268
RCHGF003016	786	556.392	80	2.41912
RCHGF003017	786	556.392	67	2.02602
RCHGF003018	1104	874.348	1223	23.5338
RCHGF003019	702	472.502	76	2.70619
RCHGF003020	426	202.488	198	16.4519
RCHGF003021	1218	988.348	947	16.1209
RCHGF003022	915	685.355	1564	38.3946
RCHGF003023	213	46.9896	93	33.299
RCHGF003024	888	658.369	1014	25.913
RCHGF003025	1320	1090.35	1120	17.2823
RCHGF003026	114	12.3999	12	16.2821
RCHGF003027	2595	2365.35	4321	30.7354
RCHGF003028	2040	1810.35	1359	12.6301
RCHGF003029	156	24.6254	6	4.09937
RCHGF003030	1632	1402.35	1121	13.4493
RCHGF003031	417	194.247	741	64.1819
RCHGF003032	1203	973.348	442	7.64018
RCHGF003033	747	517.42	347	11.2833
RCHGF003034	1209	979.348	495	8.50389
RCHGF003035	3504	3274.35	137146	704.706
RCHGF003036	7287	7057.35	222217	529.767
RCHGF003037	132	17.5039	465	446.958
RCHGF003038	804	574.387	3713	108.76
RCHGF003039	462	236.327	1510	107.501
RCHGF003040	657	427.582	1514	59.5738
RCHGF003041	306	101.264	735	122.119
RCHGF003042	2340	2110.35	988	7.87684
RCHGF003043	849	619.375	389	10.5668
RCHGF003044	768	538.42	485	15.1555
RCHGF003045	318	110.2	353	53.8943
RCHGF003046	459	233.445	5002	360.502
RCHGF003047	882	652.369	528	13.6173
RCHGF003048	1755	1525.35	11677	128.799
RCHGF003049	465	239.194	10248	720.838
RCHGF003050	111	11.8716	19	26.9274
RCHGF003051	132	17.5039	39	37.4868
RCHGF003052	198	40.3163	40048.7	16713.1
RCHGF003053	399	177.922	1201	113.57
RCHGF003054	1311	1081.35	534	8.30855
RCHGF003055	111	11.8716	6	8.5034
RCHGF003056	723	493.445	213	7.26257
RCHGF003057	306	101.264	3092	513.729
RCHGF003058	873	643.369	156	4.07957
RCHGF003059	480	253.457	306	20.3126
RCHGF003060	855	625.375	841	22.6259
RCHGF003061	720	490.45	12725	436.529
RCHGF003062	918	688.355	1465	35.8075
RCHGF003063	117	13.1586	5	6.39306
RCHGF003064	861	631.369	1190	31.7113
RCHGF003065	783	553.392	230	6.99269
RCHGF003066	1137	907.348	6017	111.572
RCHGF003067	1197	967.348	5111	88.894
RCHGF003068	894	664.362	561	14.2072
RCHGF003069	615	385.81	145	6.3233
RCHGF003070	273	77.863	6	1.29649
RCHGF003071	804	574.387	167	4.89172
RCHGF003072	1080	850.348	137	2.71065
RCHGF003073	918	688.355	2176	53.1858
RCHGF003074	702	472.502	577	20.5457
RCHGF003075	198	40.3163	14	5.84248
RCHGF003076	138	19.3225	92	80.1077
RCHGF003077	1005	775.348	216	4.68712
RCHGF003078	225	52.1272	36	11.6195
RCHGF003079	1356	1126.35	980	14.6387
RCHGF003080	267	74.0008	115	26.1463
RCHGF003081	513	285.385	583	34.3705
RCHGF003082	1119	889.348	677	12.8076
RCHGF003083	1098	868.348	711	13.7761
RCHGF003084	687	457.525	375	13.79
RCHGF003085	1005	775.348	1101	23.8913
RCHGF003086	111	11.8716	28	39.6825
RCHGF003087	927	697.355	2585	62.3672
RCHGF003088	825	595.381	8762	247.604
RCHGF003089	2145	1915.35	3129	27.4857
RCHGF003090	633	403.723	1004	41.8408
RCHGF003091	1131	901.348	639.327	11.9338
RCHGF003092	117	13.1586	151	193.07
RCHGF003093	135	18.3487	66	60.5185
RCHGF003094	1221	991.348	6560	111.334
RCHGF003095	444	219.22	1786	137.073
RCHGF003096	282	83.9606	143	28.6556
RCHGF003097	432	208.05	268	21.6728
RCHGF003098	1224	994.348	2188	37.0219
RCHGF003099	315	107.914	356	55.5037
RCHGF003100	1239	1009.35	3351	55.8577
RCHGF003101	582	353.153	488	23.2491
RCHGF003102	1422	1192.35	1222	17.2432
RCHGF003103	135	18.3487	13	11.9203
RCHGF003104	129	16.5894	49	49.6952
RCHGF003105	2601	2371.35	1495	10.6071
RCHGF003106	147	21.8547	9	6.92864
RCHGF003107	1350	1120.35	443	6.65273
RCHGF003108	708	478.474	201	7.06785
RCHGF003109	705	475.488	134	4.74149
RCHGF003110	627	397.747	171	7.23333
RCHGF003111	1416	1186.35	2014	28.5625
RCHGF003112	1791	1561.35	2861	30.8296
RCHGF003113	1809	1579.35	1371	14.6052
RCHGF003114	969	739.348	582	13.2441
RCHGF003115	687	457.525	391	14.3784
RCHGF003116	555	326.512	414	21.3329
RCHGF003117	699	469.502	312	11.1806
RCHGF003118	2478	2248.35	372	2.78374
RCHGF003119	387	167.284	16866	1696.32
RCHGF003120	186	35.3173	7547	3595.31
RCHGF003121	750	520.42	637	20.5937
RCHGF003122	294	92.5101	216	39.2839
RCHGF003123	132	17.5039	7	6.7284
RCHGF003124	111	11.8716	43	60.941
RCHGF003125	1080	850.348	259	5.12451
RCHGF003126	1305	1075.35	404	6.32094
RCHGF003127	1470	1240.35	1484	20.1298
RCHGF003128	819	589.381	269	7.67902
RCHGF003129	477	250.574	296	19.8749
RCHGF003130	4218	3988.35	1692	7.13767
RCHGF003131	120	14.1159	29	34.5651
RCHGF003132	213	46.9896	850	304.346
RCHGF003133	1089	859.348	8705	170.431
RCHGF003134	927	697.355	2171	52.3788
RCHGF003135	858	628.375	733	19.6261
RCHGF003136	216	48.395	46	15.9922
RCHGF003137	1539	1309.35	776	9.9714
RCHGF003138	1332	1102.35	265	4.04461
RCHGF003139	600	370.973	107	4.85278
RCHGF003140	1167	937.348	440	7.89771
RCHGF003142	4260	4030.35	6040	25.2141
RCHGF003143	621	391.779	55717	2392.74
RCHGF003144	126	15.9663	104	109.592
RCHGF003145	1320	1090.35	1817	28.0375
RCHGF003146	558	329.45	2202	112.455
RCHGF003147	207	44.3371	334	126.744
RCHGF003148	3858	3628.35	27766	128.752
RCHGF003149	4209	3979.35	28400	120.076
RCHGF003150	609	379.91	362	16.0316
RCHGF003151	369	151.551	14459	1605.2
RCHGF003152	519	291.244	11168	645.162
RCHGF003154	684	454.53	9930	367.567
RCHGF003155	414	191.491	4716	414.358
RCHGF003156	123	14.9357	8	9.01187
RCHGF003157	114	12.3999	16	21.7095
RCHGF003158	966	736.348	672	15.3545
RCHGF003159	819	589.381	263	7.50774
RCHGF003160	729	499.43	751	25.2997
RCHGF003161	1071	841.348	1056	21.1173
RCHGF003162	1047	817.348	1298	26.7188
RCHGF003163	1665	1435.35	1898	22.2479
RCHGF003164	1332	1102.35	240	3.66304
RCHGF003165	861	631.369	106	2.8247
RCHGF003166	1173	943.348	109	1.94403
RCHGF003167	732	502.43	37	1.23901
RCHGF003168	525	297.084	32	1.81226
RCHGF003169	183	34.0337	3	1.48307
RCHGF003170	111	11.8716	0	0
RCHGF003171	600	370.973	32	1.4513
RCHGF003172	834	604.381	88	2.44975
RCHGF003173	378	159.325	16	1.6896
RCHGF003174	1281	1051.35	88	1.40827
RCHGF003175	285	86.0913	23	4.49488
RCHGF003176	438	213.6	39	3.07194
RCHGF003177	1971	1741.35	166	1.60388
RCHGF003178	126	15.9663	13	13.699
RCHGF003179	1158	928.348	2043	37.026
RCHGF003180	126	15.9663	5	5.26885
RCHGF003181	468	242.016	83	5.77009
RCHGF003182	1041	811.348	226	4.68652
RCHGF003183	807	577.387	212	6.17758
RCHGF003184	1968	1738.35	376	3.63915
RCHGF003185	813	583.387	146	4.21062
RCHGF003186	1056	826.348	129	2.62649
RCHGF003187	312	105.645	9	1.43332
RCHGF003188	459	233.445	26	1.87386
RCHGF003189	1200	970.348	282	4.88957
RCHGF003190	1620	1390.35	4628	56.004
RCHGF003191	1407	1177.35	334	4.77299
RCHGF003192	336	124.24	51	6.90651
RCHGF003193	1254	1024.35	305	5.00958
RCHGF003194	303	99.0726	20	3.39645
RCHGF003195	1911	1681.35	2482	24.8367
RCHGF003196	117	13.1586	47	60.0947
RCHGF003197	867	637.369	327	8.6319
RCHGF003198	246	62.0335	3	0.813662
RCHGF003199	324	114.796	116	17.0012
RCHGF003200	234	56.14	57	17.0825
RCHGF003201	1041	811.348	491	10.1818
RCHGF003202	1896	1666.35	822	8.29957
RCHGF003203	624	394.751	223	9.50453
RCHGF003204	972	742.348	1291	29.2596
RCHGF003205	1011	781.348	1092	23.5141
RCHGF003206	936	706.348	926	22.0568
RCHGF003207	915	685.355	427	10.4824
RCHGF003208	645	415.641	901	36.4717
RCHGF003209	702	472.502	329	11.715
RCHGF003210	774	544.409	647	19.9953
RCHGF003211	957	727.348	742	17.1637
RCHGF003212	876	646.369	840	21.8649
RCHGF003213	1191	961.348	6856	119.988
RCHGF003214	807	577.387	97	2.82653
RCHGF003215	1407	1177.35	292	4.1728
RCHGF003216	975	745.348	245	5.5304
RCHGF003217	528	299.997	905	50.7552
RCHGF003218	645	415.641	1698	68.7335
RCHGF003220	480	253.457	6108	405.456
RCHGF003221	843	613.375	6744	184.987
RCHGF003222	1395	1165.35	171	2.46882
RCHGF003223	888	658.369	73	1.86553
RCHGF003224	888	658.369	200	5.11105
RCHGF003225	1302	1072.35	294	4.61276
RCHGF003226	936	706.348	99	2.35812
RCHGF003227	1635	1405.35	1600	19.1551
RCHGF003228	1581	1351.35	1001	12.4628
RCHGF003229	186	35.3173	11	5.24028
RCHGF003230	1374	1144.35	2629	38.6529
RCHGF003231	777	547.392	1311	40.2952
RCHGF003232	1875	1645.35	1038	10.6142
RCHGF003233	792	562.387	44	1.31634
RCHGF003234	1299	1069.35	149	2.34432
RCHGF003235	288	88.2393	25	4.76681
RCHGF003236	1404	1174.35	217	3.10894
RCHGF003238	1713	1483.35	846	9.5957
RCHGF003239	918	688.355	496	12.1232
RCHGF003240	1248	1018.35	842	13.9112
RCHGF003241	936	706.348	299	7.122
RCHGF003242	765	535.42	136	4.2736
RCHGF003243	2103	1873.35	956	8.58596
RCHGF003244	1362	1132.35	669	9.94021
RCHGF003245	1425	1195.35	577	8.1214
RCHGF003246	423	199.741	99	8.33907
RCHGF003247	396	175.261	348	33.4075
RCHGF003248	480	253.457	47	3.11991
RCHGF003249	369	151.551	559	62.0586
RCHGF003250	1305	1075.35	212	3.31693
RCHGF003252	114	12.3999	70	94.9791
RCHGF003253	1560	1330.35	36945	467.24
RCHGF003254	138	19.3225	20	17.4147
RCHGF003255	540	311.755	386	20.8316
RCHGF003256	549	320.616	4830	253.461
RCHGF003257	792	562.387	6471	193.591
RCHGF003258	261	70.2701	51	12.2109
RCHGF003259	465	239.194	290	20.3984
RCHGF003260	852	622.375	1297	35.062
RCHGF003261	909	679.362	2999	74.2719
RCHGF003262	423	199.741	588	49.529
RCHGF003263	159	25.5122	22	14.5086
RCHGF003264	312	105.645	740	117.851
RCHGF003265	132	17.5039	1	0.9612
RCHGF003266	117	13.1586	2	2.55722
RCHGF003267	231	54.6009	51	15.7152
RCHGF003268	162	26.405	22	14.018
RCHGF003269	603	373.955	922	41.4822
RCHGF003270	942	712.348	381	8.99875
RCHGF003271	210	45.6494	675	248.781
RCHGF003272	876	646.369	3652	95.0605
RCHGF003273	117	13.1586	61	77.9953
RCHGF003274	1044	814.348	2346	48.4694
RCHGF003275	1347	1117.35	1056	15.901
RCHGF003276	1818	1588.35	1633	17.2978
RCHGF003277	2646	2416.35	3028	21.0836
RCHGF003278	906	676.362	1326	32.9848
RCHGF003279	3267	3037.35	7952	44.0485
RCHGF003280	900	670.362	2209	55.4416
RCHGF003281	1128	898.348	3429	64.2203
RCHGF003282	1614	1384.35	2982	36.242
RCHGF003283	219	49.7564	335	113.278
RCHGF003284	270	75.9172	131	29.0322
RCHGF003285	612	382.875	3389	148.924
RCHGF003286	516	288.322	364	21.2409
RCHGF003287	318	110.2	2868	437.873
RCHGF003288	621	391.779	2675	114.877
RCHGF003289	171	29.5075	852	485.799
RCHGF003290	183	34.0337	61	30.1557
RCHGF003291	1938	1708.35	675	6.64778
RCHGF003292	417	194.247	219	18.9687
RCHGF003293	327	117.104	76	10.9193
RCHGF003294	2271	2041.35	786	6.47821
RCHGF003295	279	81.8689	32	6.57628
RCHGF003296	1341	1111.35	412	6.2373
RCHGF003297	417	194.247	80	6.92922
RCHGF003298	357	141.268	50	5.95493
RCHGF003299	552	323.564	67	3.48388
RCHGF003300	1248	1018.35	154	2.54433
RCHGF003301	684	454.53	156	5.77446
RCHGF003302	366	148.953	43	4.857
RCHGF003303	240	59.1032	43	12.2407
RCHGF003304	1599	1369.35	182	2.23618
RCHGF003305	327	117.104	581	83.4748
RCHGF003306	303	99.0726	4247	721.237
RCHGF003307	1368	1138.35	61	0.90158
RCHGF003308	534	305.87	25	1.37516
RCHGF003309	1182	952.348	47	0.830331
RCHGF003310	270	75.9172	29	6.42698
RCHGF003311	381	161.972	15	1.55812
RCHGF003312	285	86.0913	1	0.19543
RCHGF003313	570	341.279	14	0.690189
RCHGF003314	372	154.112	3	0.327516
RCHGF003315	162	26.405	0	0
RCHGF003316	3150	2920.35	287	1.65347
RCHGF003317	648	418.62	43	1.72821
RCHGF003318	1719	1489.35	94	1.06189
RCHGF003319	1893	1663.35	181	1.83082
RCHGF003320	411	188.727	29	2.58532
RCHGF003321	951	721.348	62	1.44609
RCHGF003322	117	13.1586	0	0
RCHGF003323	219	49.7564	15	5.07215
RCHGF003324	1563	1333.35	1914	24.1517
RCHGF003325	414	191.491	147	12.9157
RCHGF003326	1023	793.348	1031	21.8647
RCHGF003327	237	57.669	335	97.7354
RCHGF003328	1359	1129.35	269	4.0075
RCHGF003329	549	320.616	95	4.98526
RCHGF003330	825	595.381	190	5.36918
RCHGF003331	1332	1102.35	712	10.867
RCHGF003332	594	365.01	3498	161.237
RCHGF003333	1422	1192.35	4242	59.8573
RCHGF003334	1419	1189.35	1881	26.609
RCHGF003335	303	99.0726	189	32.0965
RCHGF003336	1122	892.348	2003	37.7656
RCHGF003337	1995	1765.35	2988	28.4774
RCHGF003338	2289	2059.35	2918	23.8399
RCHGF003339	1581	1351.35	1279	15.924
RCHGF003340	816	586.387	96	2.75446
RCHGF003341	672	442.539	63	2.39518
RCHGF003342	633	403.723	203	8.45983
RCHGF003343	1008	778.348	37463	809.801
RCHGF003344	1386	1156.35	269	3.91393
RCHGF003345	273	77.863	41	8.85936
RCHGF003346	468	242.016	56	3.89307
RCHGF003347	489	262.172	32	2.05359
RCHGF003348	2022	1792.35	1238	11.6211
RCHGF003349	1599	1369.35	2676	32.8792
RCHGF003350	1233	1003.35	494	8.28371
RCHGF003351	678	448.535	2149	80.6102
RCHGF003352	1155	925.348	1534	27.8914
RCHGF003353	879	649.369	1248	32.335
RCHGF003354	480	253.457	834	55.3619
RCHGF003355	1761	1531.35	1715	18.8425
RCHGF003356	2358	2128.35	1387	10.9644
RCHGF003357	657	427.582	483	19.0054
RCHGF003359	855	625.375	303	8.15176
RCHGF003360	390	169.975	14	1.38577
RCHGF003361	2511	2281.35	760	5.60495
RCHGF003362	540	311.755	36	1.94284
RCHGF003363	1170	940.348	1235	22.0967
RCHGF003364	1536	1306.35	4771	61.4469
RCHGF003365	951	721.348	2209	51.5229
RCHGF003366	4821	4591.35	11133	40.7964
RCHGF003367	675	445.539	93	3.51194
RCHGF003368	153	23.6899	262	186.075
RCHGF003369	660	430.565	682	26.6499
RCHGF003370	1083	853.348	886	17.4686
RCHGF003371	468	242.016	1373	95.4498
RCHGF003372	168	28.3509	12	7.12138
RCHGF003373	219	49.7564	163	55.1173
RCHGF003374	309	103.438	51	8.29543
RCHGF003375	1419	1189.35	2230	31.5461
RCHGF003376	300	96.831	80	13.9003
RCHGF003377	123	14.9357	6	6.7589
RCHGF003378	495	267.972	617	38.7388
RCHGF003379	474	247.725	882	59.903
RCHGF003380	138	19.3225	108	94.0395
RCHGF003381	642	412.666	124	5.0556
RCHGF003382	1008	778.348	183	3.95573
RCHGF003383	447	222.063	52	3.93982
RCHGF003384	912	682.355	111	2.73692
RCHGF003385	1050	820.348	156	3.19945
RCHGF003386	327	117.104	4	0.574698
RCHGF003387	480	253.457	44	2.92077
RCHGF003388	870	640.369	132	3.46811
RCHGF003389	858	628.375	125	3.34688
RCHGF003390	1956	1726.35	141	1.37417
RCHGF003391	411	188.727	821	73.1913
RCHGF003392	210	45.6494	291	107.252
RCHGF003393	771	541.42	654	20.3232
RCHGF003394	633	403.723	526	21.9206
RCHGF003395	468	242.016	17	1.18183
RCHGF003396	924	694.355	2106	51.0301
RCHGF003397	411	188.727	759	67.6641
RCHGF003398	390	169.975	1538	152.237
RCHGF003399	1026	796.348	90	1.90147
RCHGF003400	330	119.446	748	105.36
RCHGF003401	984	754.348	6783	151.286
RCHGF003402	255	66.9394	1692	425.273
RCHGF003403	1029	799.348	5729	120.585
RCHGF003404	447	222.063	308	23.3358
RCHGF003405	603	373.955	361	16.2419
RCHGF003406	450	224.902	431	32.2428
RCHGF003407	1218	988.348	625	10.6395
RCHGF003408	1287	1057.35	917	14.5915
RCHGF003410	354	138.8	343	41.577
RCHGF003411	2091	1861.35	2619	23.6732
RCHGF003412	420	197.015	108	9.22304
RCHGF003413	618	388.806	134	5.79857
RCHGF003414	594	365.01	81	3.73361
RCHGF003415	204	42.9814	12	4.69732
RCHGF003416	111	11.8716	3	4.2517
RCHGF003417	204	42.9814	16	6.26309
RCHGF003418	1377	1147.35	849	12.4498
RCHGF003419	2160	1930.35	1952	17.0135
RCHGF003420	375	156.718	171	18.358
RCHGF003421	471	244.874	216	14.8409
RCHGF003422	564	335.36	439	22.0243
RCHGF003423	891	661.369	779	19.8172
RCHGF003424	2514	2284.35	2514	18.5162
RCHGF003425	390	169.975	48	4.75122
RCHGF003426	1791	1561.35	1124	12.112
RCHGF003427	705	475.488	420	14.8614
RCHGF003428	153	23.6899	520	369.309
RCHGF003429	840	610.381	3583	98.7632
RCHGF003430	831	601.381	1099	30.7466
RCHGF003431	4428	4198.35	13687	54.8503
RCHGF003432	966	736.348	7705	176.051
RCHGF003433	969	739.348	4453	101.334
RCHGF003434	444	219.22	3137	240.76
RCHGF003435	5241	5011.35	2875	9.65234
RCHGF003436	801	571.387	179	5.27075
RCHGF003437	2145	1915.35	1368	12.0168
RCHGF003438	615	385.81	334	14.5654
RCHGF003439	258	68.7413	176	43.0769
RCHGF003440	756	526.42	789	25.2171
RCHGF003441	798	568.387	578	17.1093
RCHGF003442	744	514.42	3972	129.91
RCHGF003443	345	131.423	260	33.2851
RCHGF003444	1080	850.348	480	9.49716
RCHGF003445	570	341.279	636	31.3543
RCHGF003446	135	18.3487	1	0.916946
RCHGF003447	228	53.4464	8	2.51838
RCHGF003448	840	610.381	1137	31.3407
RCHGF003449	1185	955.348	494	8.69991
RCHGF003450	1716	1486.35	1574	17.817
RCHGF003451	453	227.737	758	55.9996
RCHGF003452	414	191.491	252	22.1413
RCHGF003453	117	13.1586	29	37.0797
RCHGF003454	912	682.355	351	8.65458
RCHGF003455	843	613.375	130	3.56588
RCHGF003456	1128	898.348	551	10.3194
RCHGF003457	120	14.1159	10	11.919
RCHGF003458	834	604.381	452	12.5828
RCHGF003459	1542	1312.35	557	7.14094
RCHGF003460	396	175.261	48	4.60793
RCHGF003461	645	415.641	109	4.41222
RCHGF003462	606	376.928	234	10.4449
RCHGF003463	276	79.842	59	12.4328
RCHGF003464	282	83.9606	23	4.60895
RCHGF003465	120	14.1159	5	5.95951
RCHGF003467	126	15.9663	149	157.012
RCHGF003468	1413	1183.35	668	9.49759
RCHGF003469	465	239.194	122	8.58141
RCHGF003470	1569	1339.35	12820	161.044
RCHGF003471	1131	901.348	8210	153.25
RCHGF003472	699	469.502	460	16.4843
RCHGF003473	213	46.9896	602	215.548
RCHGF003474	333	121.848	1079	148.988
RCHGF003475	1446	1216.35	8081	111.778
RCHGF003476	882	652.369	422	10.8835
RCHGF003477	588	359.079	395	18.5079
RCHGF003478	519	291.244	787	45.464
RCHGF003479	615	385.81	603	26.2962
RCHGF003480	906	676.362	2663	66.2432
RCHGF003481	1167	937.348	1570	28.1805
RCHGF003482	861	631.369	724	19.2932
RCHGF003483	1215	985.348	599	10.2279
RCHGF003484	1038	808.348	849	17.6709
RCHGF003485	1392	1162.35	812	11.7536
RCHGF003486	1221	991.348	602	10.2169
RCHGF003488	1176	946.348	1760	31.2904
RCHGF003489	255	66.9394	48	12.0645
RCHGF003490	660	430.565	243	9.49548
RCHGF003491	756	526.42	283	9.0449
RCHGF003492	177	31.8596	157	82.9104
RCHGF003493	480	253.457	491	32.5931
RCHGF003494	579	350.178	895	43.0015
RCHGF003495	1218	988.348	503	8.56263
RCHGF003496	1182	952.348	530	9.36331
RCHGF003497	1092	862.348	556	10.8478
RCHGF003498	1059	829.348	891	18.0755
RCHGF003499	114	12.3999	3017	4093.6
RCHGF003500	1545	1315.35	19875	254.224
RCHGF003501	777	547.392	6319	194.222
RCHGF003502	837	607.381	47630	1319.38
RCHGF003503	1026	796.348	47626	1006.21
RCHGF003504	786	556.392	39514	1194.87
RCHGF003505	1137	907.348	34873	646.643
RCHGF003506	1206	976.348	10329	177.993
RCHGF003507	1203	973.348	85991	1486.39
RCHGF003508	2112	1882.35	101581	907.95
RCHGF003509	243	60.567	1651	458.628
RCHGF003510	1134	904.348	965	17.9532
RCHGF003511	153	23.6899	139	98.7192
RCHGF003512	951	721.348	1953	45.5519
RCHGF003513	1263	1033.35	2139	34.8268
RCHGF003514	948	718.348	234	5.48063
RCHGF003515	675	445.539	730	27.5668
RCHGF003516	339	126.657	554	73.5919
RCHGF003517	1704	1474.35	4737	54.0571
RCHGF003518	1062	832.348	272	5.49811
RCHGF003519	420	197.015	36	3.07435
RCHGF003520	399	177.922	58	5.48462
RCHGF003521	459	233.445	46	3.31529
RCHGF003522	312	105.645	20	3.18516
RCHGF003523	1029	799.348	217	4.56744
RCHGF003524	915	685.355	184	4.51701
RCHGF003525	153	23.6899	4	2.84084
RCHGF003526	678	448.535	47717	1789.89
RCHGF003527	165	27.3361	1155	710.877
RCHGF003528	117	13.1586	245	313.26
RCHGF003529	132	17.5039	2780	2672.14
RCHGF003530	792	562.387	2248	67.2528
RCHGF003531	921	691.355	2548	62.008
RCHGF003532	1053	823.348	549	11.2186
RCHGF003533	1053	823.348	962	19.6581
RCHGF003534	1272	1042.35	331	5.34275
RCHGF003535	870	640.369	273	7.17269
RCHGF003536	969	739.348	350	7.96468
RCHGF003537	348	133.89	427	53.6574
RCHGF003538	672	442.539	688	26.1569
RCHGF003539	885	655.369	8281	212.592
RCHGF003540	738	508.43	293	9.69585
RCHGF003541	2253	2023.35	4589	38.159
RCHGF003542	819	589.381	1972	56.2937
RCHGF003543	756	526.42	391	12.4967
RCHGF003544	1215	985.348	215	3.67112
RCHGF003545	1188	958.348	474	8.32155
RCHGF003546	750	520.42	150	4.84939
RCHGF003547	765	535.42	84	2.63958
RCHGF003548	1005	775.348	332	7.20428
RCHGF003549	747	517.42	230	7.47884
RCHGF003550	3216	2986.35	1661	9.3579
RCHGF003551	1074	844.348	687	13.6894
RCHGF003552	636	406.715	871	36.0311
RCHGF003553	699	469.502	781	27.9874
RCHGF003554	906	676.362	652	16.2188
RCHGF003555	744	514.42	246	8.04576
RCHGF003556	3213	2983.35	3109	17.5334
RCHGF003557	1077	847.348	1071	21.2656
RCHGF003558	1290	1060.35	690	10.9484
RCHGF003559	885	655.369	393	10.0892
RCHGF003561	381	161.972	769	79.8797
RCHGF003562	426	202.488	703	58.4125
RCHGF003563	960	730.348	759	17.4848
RCHGF003564	1230	1000.35	1427	24.0006
RCHGF003565	819	589.381	3080	87.9233
RCHGF003566	771	541.42	436	13.5488
RCHGF003567	471	244.874	487	33.4608
RCHGF003568	735	505.43	917	30.5252
RCHGF003569	414	191.491	1459	128.191
RCHGF003570	720	490.45	744	25.5228
RCHGF003571	852	622.375	1613	43.6045
RCHGF003572	897	667.362	6204	156.408
RCHGF003573	543	314.699	1044	55.8155
RCHGF003574	738	508.43	983	32.5291
RCHGF003575	396	175.261	944	90.6226
RCHGF003576	777	547.392	649	19.9478
RCHGF003577	723	493.445	508	17.3211
RCHGF003578	654	424.582	396	15.6922
RCHGF003580	507	279.587	79115	4760.93
RCHGF003581	615	385.81	1412	61.5759
RCHGF003582	852	622.375	441	11.9216
RCHGF003583	1614	1384.35	1151	13.9888
RCHGF003584	393	172.593	158	15.4023
RCHGF003585	912	682.355	146	3.59991
RCHGF003586	816	586.387	121	3.47177
RCHGF003587	978	748.348	148	3.32742
RCHGF003588	297	94.6075	3748	666.535
RCHGF003589	168	28.3509	993	589.294
RCHGF003590	2145	1915.35	7525	66.101
RCHGF003591	216	48.395	92	31.9843
RCHGF003592	210	45.6494	437	161.063
RCHGF003593	417	194.247	346	29.9689
RCHGF003594	546	317.667	576	30.507
RCHGF003595	162	26.405	8	5.09745
RCHGF003596	342	129.054	548	71.4426
RCHGF003597	411	188.727	620	55.2724
RCHGF003598	177	31.8596	1559	823.295
RCHGF003599	1296	1066.35	500	7.88897
RCHGF003600	816	586.387	148	4.24646
RCHGF003601	3666	3436.35	940	4.60235
RCHGF003602	1287	1057.35	396	6.30125
RCHGF003603	228	53.4464	45	14.1659
RCHGF003604	3075	2845.35	6195	36.6315
RCHGF003605	702	472.502	48	1.70918
RCHGF003606	225	52.1272	55	17.752
RCHGF003607	543	314.699	27	1.4435
RCHGF003608	234	56.14	27	8.09172
RCHGF003609	357	141.268	38	4.52574
RCHGF003610	222	51.0933	13	4.28084
RCHGF003611	897	667.362	406	10.2356
RCHGF003612	879	649.369	333	8.62785
RCHGF003613	1164	934.348	291	5.24003
RCHGF003614	159	25.5122	65	42.8662
RCHGF003615	483	256.357	2218	145.568
RCHGF003616	1629	1399.35	11251	135.274
RCHGF003617	357	141.268	3145	374.565
RCHGF003618	777	547.392	1293	39.7419
RCHGF003619	900	670.362	1561	39.1781
RCHGF003620	1071	841.348	7562	151.22
RCHGF003621	1080	850.348	5733	113.432
RCHGF003622	714	484.464	1467	50.9469
RCHGF003623	798	568.387	2352	69.6214
RCHGF003624	267	74.0008	816	185.525
RCHGF003625	651	421.608	700	27.9344
RCHGF003626	723	493.445	1484	50.5993
RCHGF003627	1644	1414.35	6355	75.5977
RCHGF003628	558	329.45	4021	205.35
RCHGF003629	132	17.5039	192	184.55
RCHGF003630	1863	1633.35	9428	97.1159
RCHGF003631	2271	2041.35	10656	87.8267
RCHGF003632	462	236.327	3127	222.62
RCHGF003633	1263	1033.35	2793	45.4751
RCHGF003634	741	511.42	3369	110.834
RCHGF003635	600	370.973	408	18.5041
RCHGF003636	774	544.409	1586	49.0148
RCHGF003637	669	439.543	970	37.1295
RCHGF003638	1008	778.348	227	4.90683
RCHGF003639	201	41.634	4	1.61644
RCHGF003640	1191	961.348	2062.39	36.0943
RCHGF003641	1560	1330.35	3537	44.7321
RCHGF003642	708	478.474	1194	41.9851
RCHGF003643	711	481.464	462	16.1446
RCHGF003644	336	124.24	718	97.2328
RCHGF003645	144	21.0608	20	15.9773
RCHGF003646	537	308.799	682	37.1585
RCHGF003647	882	652.369	3786	97.6421
RCHGF003648	153	23.6899	38	26.988
RCHGF003649	960	730.348	176.155	4.05801
RCHGF003650	702	472.502	6709	238.893
RCHGF003651	510	282.482	429	25.5514
RCHGF003652	201	41.634	107	43.2399
RCHGF003653	180	32.8402	1484	760.286
RCHGF003654	2013	1783.35	5312	50.1154
RCHGF003655	234	56.14	82	24.5748
RCHGF003656	1608	1378.35	1987	24.2543
RCHGF003657	594	365.01	2186	100.762
RCHGF003658	834	604.381	549	15.2831
RCHGF003659	246	62.0335	111	30.1055
RCHGF003660	747	517.42	486	15.8031
RCHGF003661	774	544.409	627	19.3772
RCHGF003662	327	117.104	38	5.45963
RCHGF003663	147	21.8547	2	1.5397
RCHGF003664	960	730.348	349.845	8.05927
RCHGF003665	2556	2326.35	11069	80.054
RCHGF003666	171	29.5075	8	4.56149
RCHGF003667	639	409.695	231	9.48639
RCHGF003668	612	382.875	281	12.3481
RCHGF003669	1362	1132.35	1445	21.4703
RCHGF003670	270	75.9172	275	60.9455
RCHGF003671	570	341.279	827	40.7705
RCHGF003672	567	338.34	130	6.46457
RCHGF003673	894	664.362	242	6.12858
RCHGF003674	231	54.6009	505	155.611
RCHGF003676	843	613.375	863	23.672
RCHGF003677	300	96.831	166	28.8432
RCHGF003678	1596	1366.35	2443	30.0823
RCHGF003679	723	493.445	606	20.6625
RCHGF003680	3024	2794.35	4368	26.2997
RCHGF003681	1128	898.348	1252	23.4482
RCHGF003682	765	535.42	11906	374.129
RCHGF003683	834	604.381	523	14.5593
RCHGF003684	678	448.535	240	9.00253
RCHGF003685	1032	802.348	295	6.18598
RCHGF003687	462	236.327	2031	144.593
RCHGF003688	687	457.525	387	14.2313
RCHGF003689	885	655.369	826	21.2053
RCHGF003690	1038	808.348	1184	24.6435
RCHGF003691	360	143.821	361	42.2313
RCHGF003692	663	433.548	2101	81.534
RCHGF003693	1479	1249.35	3587	48.3056
RCHGF003694	624	394.751	1236	52.6798
RCHGF003695	495	267.972	161	10.1085
RCHGF003696	777	547.392	756	23.2366
RCHGF003697	471	244.874	604	41.4996
RCHGF003698	2109	1879.35	1689	15.1207
RCHGF003699	225	52.1272	145	46.8007
RCHGF003700	1329	1099.35	17100	261.704
RCHGF003701	267	74.0008	56	12.7321
RCHGF003702	627	397.747	1482	62.6889
RCHGF003703	138	19.3225	85	74.0126
RCHGF003704	1662	1432.35	1272	14.9413
RCHGF003705	117	13.1586	50	63.9306
RCHGF003706	249	63.5706	16	4.2346
RCHGF003707	318	110.2	85	12.9774
RCHGF003708	297	94.6075	17	3.02324
RCHGF003709	498	270.869	103	6.39776
RCHGF003710	861	631.369	106	2.8247
RCHGF003711	954	724.348	112	2.60148
RCHGF003712	270	75.9172	5	1.1081
RCHGF003713	624	394.751	95	4.04902
RCHGF003714	1026	796.348	125	2.64093
RCHGF003715	1632	1402.35	252	3.02339
RCHGF003716	393	172.593	28	2.72951
RCHGF003717	768	538.42	346	10.812
RCHGF003718	1014	784.348	943	20.228
RCHGF003719	198	40.3163	1	0.41732
RCHGF003720	495	267.972	577	36.2273
RCHGF003721	255	66.9394	119	29.9099
RCHGF003722	213	46.9896	384	137.493
RCHGF003723	369	151.551	332	36.8577
RCHGF003724	408	185.979	101	9.13708
RCHGF003725	306	101.264	120	19.9377
RCHGF003726	168	28.3509	65	38.5741
RCHGF003727	579	350.178	3181	152.835
RCHGF003728	657	427.582	1643	64.6498
RCHGF003729	516	288.322	472	27.5431
RCHGF003730	1500	1270.35	6535	86.551
RCHGF003731	1290	1060.35	5932	94.1244
RCHGF003732	1128	898.348	1025	19.1968
RCHGF003733	177	31.8596	18	9.50566
RCHGF003734	303	99.0726	98	16.6426
RCHGF003735	759	529.42	261	8.29449
RCHGF003736	177	31.8596	51	26.9327
RCHGF003737	546	317.667	61	3.23078
RCHGF003738	1065	835.348	2298	46.2841
RCHGF003739	114	12.3999	27	36.6348
RCHGF003740	894	664.362	677	17.1448
RCHGF003741	2622	2392.35	5452	38.3425
RCHGF003742	567	338.34	509	25.3113
RCHGF003744	717	487.455	15393	531.298
RCHGF003745	624	394.751	1596	68.0235
RCHGF003746	579	350.178	266	12.7803
RCHGF003747	288	88.2393	113	21.546
RCHGF003748	282	83.9606	135	27.0525
RCHGF003749	117	13.1586	126	161.105
RCHGF003750	270	75.9172	171	37.897
RCHGF003751	174	30.6751	36	19.7454
RCHGF003752	288	88.2393	401	76.4596
RCHGF003753	588	359.079	5115	239.665
RCHGF003754	2322	2092.35	16462	132.373
RCHGF003755	1275	1045.35	9310	149.844
RCHGF003756	720	490.45	2632	90.2902
RCHGF003757	129	16.5894	28	28.3972
RCHGF003758	1581	1351.35	998	12.4255
RCHGF003759	114	12.3999	11	14.9253
RCHGF003760	1590	1360.35	1080	13.3574
RCHGF003761	1689	1459.35	259	2.986
RCHGF003762	675	445.539	110	4.1539
RCHGF003763	237	57.669	262	76.4378
RCHGF003764	534	305.87	19131	1052.33
RCHGF003765	417	194.247	584	50.5833
RCHGF003766	4101	3871.35	418	1.81662
RCHGF003767	147	21.8547	6	4.61909
RCHGF003768	927	697.355	1664	40.1466
RCHGF003769	972	742.348	6840	155.024
RCHGF003770	1851	1621.35	29205	303.061
RCHGF003771	1155	925.348	1.59855e+06	29065
RCHGF003772	699	469.502	2517	90.1976
RCHGF003773	351	136.336	354	43.686
RCHGF003774	1881	1651.35	2640	26.8977
RCHGF003775	918	688.355	580	14.1764
RCHGF003776	153	23.6899	12	8.52252
RCHGF003777	849	619.375	1015	27.5716
RCHGF003778	1461	1231.35	1462	19.9763
RCHGF003779	939	709.348	367	8.70474
RCHGF003780	357	141.268	29	3.45386
RCHGF003781	618	388.806	11339	490.672
RCHGF003782	1251	1021.35	353	5.81501
RCHGF003783	174	30.6751	0	0
RCHGF003784	774	544.409	294	9.08598
RCHGF003785	159	25.5122	42	27.6982
RCHGF003786	435	210.833	57	4.54869
RCHGF003787	129	16.5894	2	2.02837
RCHGF003788	1065	835.348	632	12.7291
RCHGF003789	120	14.1159	16	19.0704
RCHGF003790	573	344.262	160	7.81953
RCHGF003791	2055	1825.35	465	4.28604
RCHGF003792	1716	1486.35	495	5.60317
RCHGF003793	681	451.53	355	13.2279
RCHGF003794	1545	1315.35	566	7.23978
RCHGF003795	1500	1270.35	186	2.46343
RCHGF003796	669	439.543	37	1.41628
RCHGF003797	447	222.063	60	4.54594
RCHGF003798	1107	877.348	3453	66.2177
RCHGF003799	132	17.5039	3	2.8836
RCHGF003800	219	49.7564	72	24.3463
RCHGF003801	411	188.727	65	5.79468
RCHGF003802	360	143.821	51	5.9662
RCHGF003803	1905	1675.35	799	8.024
RCHGF003804	639	409.695	97	3.98346
RCHGF003805	123	14.9357	46	51.8183
RCHGF003806	828	598.381	473	13.2994
RCHGF003807	111	11.8716	3	4.2517
RCHGF003808	804	574.387	874	25.601
RCHGF003809	486	259.261	2641	171.388
RCHGF003810	750	520.42	9271	299.725
RCHGF003811	843	613.375	264	7.24148
RCHGF003812	498	270.869	126	7.82638
RCHGF003813	846	616.375	134	3.65771
RCHGF003814	645	415.641	220	8.90541
RCHGF003815	1338	1108.35	358	5.43446
RCHGF003816	459	233.445	190	13.6936
RCHGF003817	489	262.172	105	6.73834
RCHGF003818	900	670.362	212	5.32079
RCHGF003819	504	276.651	1098	66.7758
RCHGF003820	117	13.1586	65	83.1097
RCHGF003821	450	224.902	78	5.83512
RCHGF003822	876	646.369	60	1.56178
RCHGF003823	207	44.3371	8	3.03579
RCHGF003824	246	62.0335	23	6.23808
RCHGF003825	333	121.848	26	3.59008
RCHGF003826	114	12.3999	11	14.9253
RCHGF003827	1269	1039.35	2493	40.3562
RCHGF003828	432	208.05	364	29.4362
RCHGF003829	489	262.172	44	2.82368
RCHGF003830	1824	1594.35	1872	19.7548
RCHGF003832	129	16.5894	122	123.731
RCHGF003833	858	628.375	478	12.7985
RCHGF003834	426	202.488	475	39.4679
RCHGF003835	315	107.914	88	13.72
RCHGF003836	579	350.178	136	6.5343
RCHGF003837	1113	883.348	857	16.3229
RCHGF003838	1935	1705.35	1602	15.8052
RCHGF003839	2262	2032.35	3115	25.7875
RCHGF003840	120	14.1159	17	20.2623
RCHGF003841	423	199.741	49	4.12742
RCHGF003842	1518	1288.35	265	3.46068
RCHGF003843	129	16.5894	2	2.02837
RCHGF003844	618	388.806	564	24.4059
RCHGF003845	471	244.874	93	6.38984
RCHGF003846	129	16.5894	33	33.4682
RCHGF003847	447	222.063	805	60.9914
RCHGF003848	462	236.327	186	13.2419
RCHGF003849	1941	1711.35	1285	12.6332
RCHGF003850	2631	2401.35	13547	94.9156
RCHGF003851	138	19.3225	1	0.870736
RCHGF003852	906	676.362	505	12.5621
RCHGF003853	177	31.8596	4	2.11237
RCHGF003854	846	616.375	582	15.8865
RCHGF003855	1272	1042.35	5555	89.6645
RCHGF003856	351	136.336	817	100.823
RCHGF003857	453	227.737	4129	305.042
RCHGF003858	228	53.4464	304	95.6984
RCHGF003859	1068	838.348	1426	28.6183
RCHGF003860	558	329.45	9248	472.289
RCHGF003861	291	90.3533	28	5.21391
RCHGF003862	915	685.355	104	2.5531
RCHGF003863	177	31.8596	7	3.69664
RCHGF003864	291	90.3533	6	1.11727
RCHGF003865	300	96.831	7	1.21628
RCHGF003866	252	65.2221	11	2.83758
RCHGF003867	4215	3985.35	769	3.24646
RCHGF003868	522	294.176	49	2.80245
RCHGF003869	996	766.348	122	2.67845
RCHGF003870	564	335.36	346	17.3586
RCHGF003871	330	119.446	108	15.2125
RCHGF003872	1326	1096.35	286	4.38901
RCHGF003873	1032	802.348	684.915	14.3623
RCHGF003874	162	26.405	4	2.54872
RCHGF003875	681	451.53	902	33.6101
RCHGF003876	2007	1777.35	953	9.02131
RCHGF003877	648	418.62	194	7.79706
RCHGF003878	978	748.348	239	5.37333
RCHGF003879	861	631.369	514	13.6971
RCHGF003880	318	110.2	485	74.0475
RCHGF003881	1332	1102.35	612	9.34076
RCHGF003882	2571	2341.35	7272	52.2561
RCHGF003883	117	13.1586	39	49.8658
RCHGF003884	1095	865.348	5959	115.86
RCHGF003885	1254	1024.35	3391	55.6967
RCHGF003886	1419	1189.35	4372	61.8473
RCHGF003887	1797	1567.35	3635	39.0201
RCHGF003888	98	10.4427	2	3.22231
RCHGF003891	2625	2395.35	2404	16.8855
RCHGF003892	255	66.9394	2744	689.686
RCHGF003893	411	188.727	663	59.1058
RCHGF003894	258	68.7413	183	44.7902
RCHGF003895	1056	826.348	867	17.6525
RCHGF003896	630	400.739	1124	47.1904
RCHGF003897	477	250.574	36575	2455.83
RCHGF003898	462	236.327	76	5.41066
RCHGF003899	1965	1735.35	301	2.9183
RCHGF003900	957	727.348	1993	46.1014
RCHGF003901	1200	970.348	1923	33.3427
RCHGF003902	498	270.869	1081	67.1454
RCHGF003903	297	94.6075	317	56.3745
RCHGF003904	651	421.608	1589	63.411
RCHGF003905	2928	2698.35	3318	20.6884
RCHGF003906	969	739.348	1036	23.5755
RCHGF003907	312	105.645	161	25.6405
RCHGF003908	1191	961.348	4442	77.7405
RCHGF003909	948	718.348	6392	149.71
RCHGF003910	2499	2269.35	1308	9.69742
RCHGF003911	1692	1462.35	779	8.96264
RCHGF003912	1398	1168.35	1475	21.2407
RCHGF003913	3078	2848.35	1927	11.3825
RCHGF003914	486	259.261	264	17.1323
RCHGF003915	132	17.5039	198	190.318
RCHGF003917	309	103.438	3345	544.083
RCHGF003918	312	105.645	2191	348.934
RCHGF003919	282	83.9606	3572	715.79
RCHGF003920	1287	1057.35	3225	51.317
RCHGF003921	426	202.488	1130	93.892
RCHGF003922	1071	841.348	314	6.27919
RCHGF003923	750	520.42	92	2.97429
RCHGF003924	567	338.34	81	4.02792
RCHGF003925	762	532.42	3009	95.0862
RCHGF003926	582	353.153	738	35.1595
RCHGF003927	636	406.715	698	28.8745
RCHGF003928	1011	781.348	2698	58.0961
RCHGF003929	351	136.336	3642	449.448
RCHGF003930	660	430.565	1193	46.6177
RCHGF003931	1302	1072.35	5813	91.204
RCHGF003932	288	88.2393	858	163.597
RCHGF003933	2289	2059.35	8313	67.9168
RCHGF003934	1605	1375.35	768	9.39503
RCHGF003935	513	285.385	1473	86.8401
RCHGF003936	2199	1969.35	5384	45.9973
RCHGF003937	498	270.869	168	10.4352
RCHGF003938	120	14.1159	42	50.0599
RCHGF003939	426	202.488	145	12.0481
RCHGF003940	123	14.9357	68	76.6009
RCHGF003941	117	13.1586	27	34.5225
RCHGF003942	471	244.874	78	5.35922
RCHGF003943	789	559.387	624	18.7682
RCHGF003944	489	262.172	546	35.0394
RCHGF003945	576	347.223	334	16.184
RCHGF003946	1104	874.348	1255	24.1495
RCHGF003947	936	706.348	1315	31.3225
RCHGF003948	507	279.587	30538	1837.69
RCHGF003949	465	239.194	403	28.3468
RCHGF003950	1698	1468.35	2897	33.1947
RCHGF003951	255	66.9394	168	42.2257
RCHGF003952	291	90.3533	374	69.6429
RCHGF003953	1863	1633.35	5567	57.3445
RCHGF003954	336	124.24	1550	209.904
RCHGF003955	153	23.6899	171	121.446
RCHGF003956	630	400.739	890	37.3661
RCHGF003957	1074	844.348	1916	38.1789
RCHGF003958	930	700.355	352	8.45617
RCHGF003959	1125	895.348	303	5.69377
RCHGF003960	1200	970.348	505	8.75615
RCHGF003961	2361	2131.35	3620	28.5761
RCHGF003962	1551	1321.35	928	11.8163
RCHGF003963	936	706.348	2330	55.4992
RCHGF003964	150	22.7047	8983	6656.64
RCHGF003965	273	77.863	883	190.8
RCHGF003966	450	224.902	550	41.1451
RCHGF003967	417	194.247	393	34.0398
RCHGF003968	669	439.543	541	20.7083
RCHGF003969	858	628.375	323	8.64835
RCHGF003970	609	379.91	1835	81.2653
RCHGF003971	1929	1699.35	1381	13.6729
RCHGF003972	2493	2263.35	2629	19.5429
RCHGF003973	1257	1027.35	1126	18.4404
RCHGF003974	1788	1558.35	3284	35.4559
RCHGF003975	2178	1948.35	3854	33.2809
RCHGF003976	417	194.247	380	32.9138
RCHGF003977	513	285.385	172	10.1402
RCHGF003978	522	294.176	367	20.9898
RCHGF003979	708	478.474	91	3.19987
RCHGF003980	441	216.375	218	16.9512
RCHGF003981	996	766.348	649	14.2485
RCHGF003982	351	136.336	113	13.945
RCHGF003983	1374	1144.35	2364	34.7567
RCHGF003984	138	19.3225	66	57.4686
RCHGF003985	279	81.8689	16705	3433.02
RCHGF003986	735	505.43	352	11.7174
RCHGF003987	546	317.667	295	15.6242
RCHGF003988	981	751.348	17294	387.261
RCHGF003989	570	341.279	4755	234.418
RCHGF003990	510	282.482	5316	316.623
RCHGF003991	327	117.104	1555	223.414
RCHGF003992	735	505.43	6132	204.122
RCHGF003993	756	526.42	1586	50.6898
RCHGF003994	783	553.392	563	17.1169
RCHGF003995	1323	1093.35	2058	31.6691
RCHGF003996	1458	1228.35	4767	65.294
RCHGF003997	894	664.362	1514	38.3416
RCHGF003998	795	565.387	4422	131.59
RCHGF003999	198	40.3163	77	32.1336
RCHGF004000	924	694.355	3585	86.8674
RCHGF004001	984	754.348	3600	80.2934
RCHGF004002	678	448.535	1870	70.1447
RCHGF004003	1218	988.348	1893	32.2248
RCHGF004004	378	159.325	280.341	29.6041
RCHGF004005	486	259.261	1047	67.9452
RCHGF004006	288	88.2393	1908	363.803
RCHGF004007	594	365.01	1069	49.2745
RCHGF004008	948	718.348	486	11.3828
RCHGF004009	939	709.348	1120	26.5649
RCHGF004010	1245	1015.35	2204	36.5213
RCHGF004011	759	529.42	112	3.55932
RCHGF004012	636	406.715	154	6.37059
RCHGF004013	1686	1456.35	3151	36.4026
RCHGF004014	465	239.194	2103	147.924
RCHGF004015	360	143.821	169	19.7703
RCHGF004016	408	185.979	101	9.13708
RCHGF004017	897	667.362	750	18.9082
RCHGF004018	738	508.43	1288	42.622
RCHGF004019	312	105.645	15	2.38887
RCHGF004020	1380	1150.35	4026	58.8835
RCHGF004021	1764	1534.35	7518	82.4381
RCHGF004022	1194	964.348	4452	77.6731
RCHGF004023	660	430.565	2888	112.852
RCHGF004024	510	282.482	471	28.053
RCHGF004025	909	679.362	1646	40.7641
RCHGF004027	147	21.8547	89	68.5165
RCHGF004028	879	649.369	996	25.8058
RCHGF004029	528	299.997	619	34.7154
RCHGF004030	1062	832.348	3107	62.8038
RCHGF004031	2070	1840.35	2602	23.7879
RCHGF004032	609	379.91	1045	46.2792
RCHGF004033	462	236.327	133	9.46866
RCHGF004034	993	763.348	48	1.05796
RCHGF004035	951	721.348	62	1.44609
RCHGF004036	297	94.6075	4	0.711351
RCHGF004037	351	136.336	11	1.35748
RCHGF004038	162	26.405	2	1.27436
RCHGF004039	417	194.247	3	0.259846
RCHGF004040	435	210.833	10	0.798015
RCHGF004041	327	117.104	669	96.1182
RCHGF004042	561	332.397	8665	438.592
RCHGF004043	972	742.348	1224	27.7411
RCHGF004044	654	424.582	1535	60.8269
RCHGF004045	1308	1078.35	4376	68.2759
RCHGF004046	999	769.348	2516	55.0221
RCHGF004047	1590	1360.35	2176	26.9128
RCHGF004048	180	32.8402	103	52.7692
RCHGF004049	1476	1246.35	57813	780.433
RCHGF004050	282	83.9606	125668	25182.5
RCHGF004051	702	472.502	1574	56.0467
RCHGF004052	1200	970.348	586	10.1606
RCHGF004053	303	99.0726	810	137.556
RCHGF004054	399	177.922	144	13.617
RCHGF004055	438	213.6	161	12.6816
RCHGF004056	357	141.268	384	45.7338
RCHGF004057	339	126.657	127	16.8703
RCHGF004058	738	508.43	600	19.855
RCHGF004059	1332	1102.35	1245	19.002
RCHGF004060	705	475.488	1983	70.1669
RCHGF004061	1428	1198.35	3607	50.6422
RCHGF004062	1599	1369.35	1790	21.9932
RCHGF004063	570	341.279	1179	58.1238
RCHGF004064	1254	1024.35	1918	31.5029
RCHGF004065	1299	1069.35	5141	80.8868
RCHGF004066	834	604.381	1935	53.8666
RCHGF004067	921	691.355	2104	51.2028
RCHGF004068	660	430.565	1991	77.8004
RCHGF004069	621	391.779	823	35.3434
RCHGF004070	1179	949.348	3522	62.4185
RCHGF004071	831	601.381	1242	34.7473
RCHGF004072	999	769.348	11794	257.922
RCHGF004073	1659	1429.35	2615	30.781
RCHGF004074	777	547.392	1616	49.6697
RCHGF004075	1875	1645.35	2684	27.4457
RCHGF004076	840	610.381	1191	32.8292
RCHGF004077	210	45.6494	43	15.8483
RCHGF004078	1326	1096.35	2225	34.1453
RCHGF004079	375	156.718	555	59.5831
RCHGF004080	900	670.362	1133	28.4361
RCHGF004081	327	117.104	26165	3759.24
RCHGF004082	555	326.512	4133	212.968
RCHGF004083	1374	1144.35	2522	37.0797
RCHGF004084	942	712.348	1775	41.9233
RCHGF004085	828	598.381	887	24.9399
RCHGF004086	951	721.348	432	10.076
RCHGF004087	576	347.223	256	12.4045
RCHGF004088	114	12.3999	8	10.8548
RCHGF004089	792	562.387	1370	40.9859
RCHGF004090	930	700.355	1256	30.1732
RCHGF004091	921	691.355	148	3.60172
RCHGF004092	900	670.362	232	5.82275
RCHGF004093	438	213.6	392	30.877
RCHGF004094	426	202.488	165	13.7099
RCHGF004095	150	22.7047	25	18.5257
RCHGF004096	1743	1513.35	3626	40.3124
RCHGF004097	1335	1105.35	1462	22.2535
RCHGF004099	735	505.43	4090	136.148
RCHGF004101	642	412.666	29.9937	1.22287
RCHGF004102	201	41.634	6	2.42467
RCHGF004103	177	31.8596	5	2.64046
RCHGF004104	1191	961.348	1826.33	31.963
RCHGF004105	123	14.9357	63	70.9685
RCHGF004106	1626	1396.35	495	5.96432
RCHGF004107	822	592.381	68	1.93133
RCHGF004108	831	601.381	144	4.02867
RCHGF004109	4233	4003.35	1205	5.06423
RCHGF004110	450	224.902	38	2.84275
RCHGF004111	171	29.5075	56	31.9304
RCHGF004112	132	17.5039	73	70.1676
RCHGF004113	489	262.172	317	20.3434
RCHGF004114	879	649.369	573	14.8461
RCHGF004115	2790	2560.35	725	4.76418
RCHGF004116	132	17.5039	0	0
RCHGF004117	432	208.05	17	1.37477
RCHGF004118	492	265.084	27	1.71368
RCHGF004119	774	544.409	75	2.31785
RCHGF004120	816	586.387	201	5.76715
RCHGF004121	1680	1450.35	2378	27.586
RCHGF004122	795	565.387	331	9.8499
RCHGF004123	636	406.715	405	16.7538
RCHGF004125	1497	1267.35	7705	102.288
RCHGF004126	1089	859.348	206	4.03318
RCHGF004127	300	96.831	19	3.30133
RCHGF004128	666	436.543	106	4.08534
RCHGF004129	810	580.387	103	2.98586
RCHGF004130	1371	1141.35	239	3.52313
RCHGF004131	1440	1210.35	239	3.32229
RCHGF004132	1437	1207.35	203	2.82887
RCHGF004133	1383	1153.35	109	1.59007
RCHGF004134	837	607.381	90	2.49305
RCHGF004135	438	213.6	55	4.33223
RCHGF004136	123	14.9357	22	24.7826
RCHGF004137	915	685.355	2203	54.0814
RCHGF004138	885	655.369	1876	48.1611
RCHGF004139	1014	784.348	218	4.67624
RCHGF004140	1158	928.348	561	10.1672
RCHGF004141	306	101.264	170	28.2451
RCHGF004142	237	57.669	189	55.1402
RCHGF004143	642	412.666	87	3.54707
RCHGF004144	807	577.387	69	2.01063
RCHGF004145	762	532.42	89	2.81245
RCHGF004146	462	236.327	28	1.9934
RCHGF004147	417	194.247	12	1.03938
RCHGF004148	2715	2485.35	191	1.29299
RCHGF004149	966	736.348	54	1.23384
RCHGF004150	804	574.387	35	1.02521
RCHGF004151	1179	949.348	80	1.4178
RCHGF004152	861	631.369	101	2.69146
RCHGF004153	123	14.9357	14	15.7708
RCHGF004154	147	21.8547	1	0.769849
RCHGF004155	183	34.0337	33	16.3138
RCHGF004156	636	406.715	84	3.47487
RCHGF004157	945	715.348	153	3.59852
RCHGF004158	780	550.392	171	5.22725
RCHGF004159	999	769.348	995	21.7595
RCHGF004160	687	457.525	996	36.6263
RCHGF004161	657	427.582	461	18.1397
RCHGF004162	1809	1579.35	1566	16.6826
RCHGF004163	1176	946.348	467	8.30262
RCHGF004164	1455	1225.35	3351	46.0113
RCHGF004165	636	406.715	316	13.0721
RCHGF004166	258	68.7413	192	46.993
RCHGF004167	345	131.423	319	40.8383
RCHGF004168	597	367.995	820	37.4905
RCHGF004169	6609	6379.35	3161	8.33677
RCHGF004170	438	213.6	47	3.70208
RCHGF004171	840	610.381	63	1.73656
RCHGF004172	297	94.6075	13	2.31189
RCHGF004173	1464	1234.35	427	5.82022
RCHGF004174	780	550.392	81	2.47606
RCHGF004175	1092	862.348	61	1.19014
RCHGF004176	2604	2374.35	211	1.49516
RCHGF004177	750	520.42	57	1.84277
RCHGF004178	159	25.5122	49	32.3145
RCHGF004179	708	478.474	273	9.59962
RCHGF004180	636	406.715	161	6.66017
RCHGF004181	450	224.902	436	32.6168
RCHGF004182	165	27.3361	57	35.0822
RCHGF004183	777	547.392	311	9.55897
RCHGF004184	111	11.8716	10	14.1723
RCHGF004185	1401	1171.35	7456	107.095
RCHGF004186	756	526.42	938	29.9792
RCHGF004187	798	568.387	1692	50.0848
RCHGF004188	858	628.375	868	23.2408
RCHGF004189	825	595.381	688	19.4421
RCHGF004190	1317	1087.35	213	3.2958
RCHGF004191	1437	1207.35	325	4.52898
RCHGF004192	1848	1618.35	286	2.97333
RCHGF004193	837	607.381	227	6.28802
RCHGF004194	435	210.833	253	20.1898
RCHGF004195	2508	2278.35	475	3.5077
RCHGF004196	1329	1099.35	501	7.66747
RCHGF004197	120	14.1159	14	16.6866
RCHGF004198	1590	1360.35	1377	17.0307
RCHGF004199	708	478.474	132	4.64157
RCHGF004200	1215	985.348	757	12.9257
RCHGF004201	522	294.176	155	8.8649
RCHGF004202	699	469.502	5248	188.064
RCHGF004203	579	350.178	155	7.44718
RCHGF004204	1176	946.348	995	17.6897
RCHGF004205	984	754.348	477	10.6389
RCHGF004206	1164	934.348	1671	30.0896
RCHGF004207	363	146.364	3745	430.494
RCHGF004208	957	727.348	15425	356.806
RCHGF004209	396	175.261	8082	775.86
RCHGF004210	363	146.364	2407	276.689
RCHGF004211	114	12.3999	4546	6168.22
RCHGF004212	771	541.42	5616	174.519
RCHGF004213	645	415.641	6800	275.258
RCHGF004214	1302	1072.35	18651	292.628
RCHGF004215	438	213.6	3257	256.547
RCHGF004216	510	282.482	4493	267.605
RCHGF004217	354	138.8	4174	505.954
RCHGF004218	543	314.699	8626	461.173
RCHGF004219	393	172.593	13171	1283.94
RCHGF004220	537	308.799	11535	628.48
RCHGF004221	321	112.504	2571	384.488
RCHGF004222	366	148.953	3450	389.689
RCHGF004223	258	68.7413	3197	782.482
RCHGF004224	198	40.3163	1558	650.184
RCHGF004225	414	191.491	5397	474.192
RCHGF004226	789	559.387	13497	405.952
RCHGF004227	333	121.848	1115	153.959
RCHGF004228	276	79.842	1370	288.695
RCHGF004229	831	601.381	9292	259.961
RCHGF004230	294	92.5101	5834	1061.03
RCHGF004231	627	397.747	5477	231.678
RCHGF004232	684	454.53	10827	400.77
RCHGF004233	726	496.44	166	5.62589
RCHGF004234	738	508.43	102	3.37535
RCHGF004235	996	766.348	231	5.07149
RCHGF004236	765	535.42	130	4.08506
RCHGF004238	309	103.438	510	82.9543
RCHGF004239	216	48.395	444	154.359
RCHGF004240	1182	952.348	70497	1245.44
RCHGF004241	2076	1846.35	28403	258.821
RCHGF004242	468	242.016	4108	285.585
RCHGF004243	420	197.015	12484	1066.12
RCHGF004244	810	580.387	547	15.8569
RCHGF004245	1350	1120.35	564	8.46985
RCHGF004247	543	314.699	1301	69.5555
RCHGF004248	189	36.5303	3771	1736.81
RCHGF004249	279	81.8689	12204	2508.03
RCHGF004250	450	224.902	233	17.4306
RCHGF004251	807	577.387	1038	30.2468
RCHGF004252	432	208.05	462	37.3614
RCHGF004253	153	23.6899	9	6.39189
RCHGF004254	234	56.14	5154	1544.62
RCHGF004255	369	151.551	3174	352.369
RCHGF004256	1287	1057.35	19754	314.33
RCHGF004257	120	14.1159	59	70.3222
RCHGF004258	192	37.8141	104596	46538.4
RCHGF004259	402	180.606	28284	2634.87
RCHGF004260	918	688.355	542	13.2476
RCHGF004261	462	236.327	229.903	16.3675
RCHGF004262	120	14.1159	13	15.4947
RCHGF004263	330	119.446	35	4.92997
RCHGF004264	1041	811.348	319	6.61505
RCHGF004265	708	478.474	105	3.69216
RCHGF004266	1917	1687.35	524	5.22488
RCHGF004267	702	472.502	152	5.41239
RCHGF004268	3519	3289.35	851	4.3528
RCHGF004269	366	148.953	72	8.13265
RCHGF004270	609	379.91	268	11.8687
RCHGF004271	480	253.457	34	2.25696
RCHGF004272	318	110.2	38	5.80166
RCHGF004273	360	143.821	21	2.45667
RCHGF004274	267	74.0008	21	4.77455
RCHGF004275	1683	1453.35	629	7.28166
RCHGF004276	570	341.279	84	4.14114
RCHGF004277	1212	982.348	269	4.60719
RCHGF004278	1734	1504.35	433	4.84272
RCHGF004279	390	169.975	69	6.82988
RCHGF004280	249	63.5706	85	22.4963
RCHGF004281	291	90.3533	51	9.49676
RCHGF004282	144	21.0608	31	24.7648
RCHGF004283	306	101.264	60	9.96886
RCHGF004284	207	44.3371	30	11.3842
RCHGF004285	396	175.261	132	12.6718
RCHGF004286	219	49.7564	14	4.734
RCHGF004287	852	622.375	221	5.97434
RCHGF004288	219	49.7564	25	8.45358
RCHGF004289	585	356.086	98	4.63042
RCHGF004290	261	70.2701	13	3.11259
RCHGF004291	204	42.9814	4	1.56577
RCHGF004292	456	230.605	53	3.86684
RCHGF004293	1383	1153.35	338	4.93067
RCHGF004294	894	664.362	152	3.84936
RCHGF004295	315	107.914	110	17.15
RCHGF004296	156	24.6254	32	21.8633
RCHGF004297	906	676.362	298	7.41287
RCHGF004298	540	311.755	185	9.98406
RCHGF004299	255	66.9394	35	8.79702
RCHGF004300	123	14.9357	204	229.803
RCHGF004301	189	36.5303	132	60.7953
RCHGF004302	171	29.5075	652	371.762
RCHGF004303	177	31.8596	92	48.5845
RCHGF004304	168	28.3509	164	97.3255
RCHGF004305	303	99.0726	3408	578.756
RCHGF004306	390	169.975	428	42.365
RCHGF004307	918	688.355	6481	158.409
RCHGF004308	1407	1177.35	897	12.8185
