-e target_id	length	eff_length	Monoculture_Clostridium_HGF2_Early_Replicate_2_HGF2_counts	tpm
RCHGF000001	708	480.385	1217	51.3115
RCHGF000002	762	534.317	1596	60.4989
RCHGF000003	780	552.299	2557	93.7714
RCHGF000004	882	654.234	1815	56.1898
RCHGF000005	903	675.227	1352	40.5547
RCHGF000006	1215	987.227	1058	21.7061
RCHGF000007	855	627.256	1681	54.2797
RCHGF000008	561	334.145	577	34.9748
RCHGF000009	522	295.785	657	44.9886
RCHGF000010	447	223.395	429	38.8954
RCHGF000011	714	486.375	398	16.574
RCHGF000012	1449	1221.23	2129	35.3096
RCHGF000013	144	18.2938	99	109.609
RCHGF000014	639	411.608	254	12.4987
RCHGF000015	480	254.956	115	9.13581
RCHGF000016	744	516.352	172	6.74678
RCHGF000017	849	621.256	308	10.0414
RCHGF000018	387	167.995	33	3.97862
RCHGF000020	519	292.854	346	23.9298
RCHGF000021	156	21.9113	95	87.8152
RCHGF000022	918	690.227	3359	98.5672
RCHGF000023	1470	1242.23	3718	60.6209
RCHGF000024	948	720.227	5185	145.812
RCHGF000025	2820	2592.23	8354	65.2733
RCHGF000026	528	301.639	176	11.8179
RCHGF000027	480	254.956	190	15.0939
RCHGF000028	747	519.347	401	15.6387
RCHGF000029	852	624.256	3877	125.79
RCHGF000030	852	624.256	2756	89.4192
RCHGF000031	2136	1908.23	3928	41.6923
RCHGF000032	114	11.3688	105	187.063
RCHGF000033	1155	927.227	863	18.8512
RCHGF000034	2412	2184.23	12216	113.278
RCHGF000035	642	414.594	198	9.67288
RCHGF000036	945	717.227	5772	162.999
RCHGF000037	399	178.892	2045	231.535
RCHGF000038	1875	1647.23	1919	23.5959
RCHGF000039	699	471.401	1081	46.4461
RCHGF000040	2544	2316.23	13478	117.858
RCHGF000041	1098	870.227	4323	100.616
RCHGF000042	2586	2358.23	13631	117.073
RCHGF000043	3450	3222.23	64246	403.835
RCHGF000044	390	170.676	2006	238.053
RCHGF000045	834	606.256	15544	519.303
RCHGF000046	816	588.256	1995	68.6896
RCHGF000047	1971	1743.23	59287	688.842
RCHGF000048	813	585.256	89149	3085.21
RCHGF000049	1026	798.227	2504	63.5363
RCHGF000050	1857	1629.23	3406	42.3426
RCHGF000051	1692	1464.23	3160	43.7112
RCHGF000052	126	13.7551	19	27.9772
RCHGF000053	165	24.8453	35	28.5324
RCHGF000054	135	15.7958	3501	4489.15
RCHGF000055	447	223.395	701	63.5563
RCHGF000056	126	13.7551	19	27.9772
RCHGF000057	408	187.124	382	41.3473
RCHGF000058	639	411.608	1541	75.8286
RCHGF000059	933	705.227	1251	35.9288
RCHGF000060	675	447.437	499	22.5883
RCHGF000061	744	516.352	276	10.8262
RCHGF000062	1182	954.227	4385	93.0748
RCHGF000063	1974	1746.23	6267	72.6897
RCHGF000064	1479	1251.23	1934	31.3065
RCHGF000065	900	672.227	2732	82.315
RCHGF000066	687	459.422	1960	86.4089
RCHGF000067	1395	1167.23	2153	37.3597
RCHGF000068	894	666.227	1325	40.2817
RCHGF000069	687	459.422	1994	87.9078
RCHGF000070	873	645.249	5265	165.267
RCHGF000071	363	146.834	103	14.2077
RCHGF000072	117	11.9112	16	27.2069
RCHGF000073	861	633.249	138	4.41386
RCHGF000074	732	504.352	96	3.85524
RCHGF000075	207	41.0021	27	13.3374
RCHGF000076	276	79.9923	2474	626.42
RCHGF000077	288	88.0134	2570	591.424
RCHGF000078	1566	1338.23	433	6.55348
RCHGF000079	288	88.0134	49	11.2762
RCHGF000080	459	234.84	61	5.26105
RCHGF000081	450	226.238	68	6.08775
RCHGF000082	411	189.873	130	13.8674
RCHGF000083	369	152.058	214	28.5048
RCHGF000084	1497	1269.23	466	7.43637
RCHGF000085	726	498.364	270	10.9732
RCHGF000086	585	357.916	96	5.43256
RCHGF000087	1785	1557.23	617	8.02504
RCHGF000088	1746	1518.23	629	8.39128
RCHGF000089	615	387.742	1315	68.6906
RCHGF000090	354	139.122	126	18.3438
RCHGF000091	1878	1650.23	2053	25.1976
RCHGF000092	1446	1218.23	5219	86.7707
RCHGF000093	513	287.032	9121	643.615
RCHGF000094	672	444.462	238	10.8457
RCHGF000095	1434	1206.23	602	10.1084
RCHGF000096	987	759.227	232	6.18914
RCHGF000097	1050	822.227	234	5.76419
RCHGF000098	1203	975.227	298	6.18906
RCHGF000099	1329	1101.23	466	8.57084
RCHGF000100	207	41.0021	10	4.93978
RCHGF000101	765	537.317	1190	44.857
RCHGF000102	1164	936.227	593	12.8288
RCHGF000103	1707	1479.23	20088	275.053
RCHGF000104	1047	819.227	5531	136.746
RCHGF000105	2346	2118.23	9742	93.1515
RCHGF000106	753	525.347	321	12.3758
RCHGF000107	195	36.105	9257	5192.98
RCHGF000108	195	36.105	85	47.6832
RCHGF000109	666	438.477	178	8.22219
RCHGF000110	1152	924.227	187	4.09805
RCHGF000111	1008	780.227	5762	149.578
RCHGF000112	996	768.227	188	4.95658
RCHGF000113	828	600.256	200	6.74851
RCHGF000114	798	570.256	99	3.51625
RCHGF000115	474	249.198	129	10.4848
RCHGF000116	417	195.377	109	11.2997
RCHGF000117	819	591.256	153	5.24119
RCHGF000118	2754	2526.23	979	7.84918
RCHGF000119	981	753.227	399	10.729
RCHGF000121	474	249.198	135	10.9724
RCHGF000122	912	684.227	1239	36.6763
RCHGF000123	1251	1023.23	3693	73.1007
RCHGF000124	492	266.574	1945	147.78
RCHGF000125	672	444.462	594	27.0686
RCHGF000126	375	157.32	25	3.21862
RCHGF000127	1632	1404.23	348	5.01945
RCHGF000128	333	121.746	25	4.15911
RCHGF000129	1206	978.227	179	3.70619
RCHGF000130	1470	1242.23	373	6.08166
RCHGF000131	987	759.227	227	6.05576
RCHGF000132	900	672.227	817	24.6162
RCHGF000133	657	429.505	1027	48.4302
RCHGF000134	2331	2103.23	3359	32.3473
RCHGF000135	1776	1548.23	4668	61.0675
RCHGF000136	120	12.42	31	50.5537
RCHGF000137	597	369.855	677	37.0741
RCHGF000138	1125	897.227	5660	127.77
RCHGF000139	978	750.227	337	9.09811
RCHGF000140	489	263.666	9190	705.952
RCHGF000141	1188	960.227	2170	45.772
RCHGF000142	135	15.7958	50	64.1124
RCHGF000143	174	27.946	41	29.7152
RCHGF000144	735	507.352	137	5.46921
RCHGF000145	702	474.401	93	3.97056
RCHGF000146	777	549.299	108	3.98225
RCHGF000147	243	59.2075	70	23.9461
RCHGF000148	399	178.892	60234	6819.71
RCHGF000149	750	522.347	1880	72.8976
RCHGF000151	2724	2496.23	5160	41.8678
RCHGF000152	729	501.364	316	12.7658
RCHGF000153	444	220.525	757	69.5269
RCHGF000154	765	537.317	96	3.61872
RCHGF000155	1194	966.227	255	5.34534
RCHGF000156	909	681.227	265	7.87895
RCHGF000157	744	516.352	189	7.41361
RCHGF000158	555	328.226	123	7.59008
RCHGF000159	1041	813.227	278	6.92384
RCHGF000160	927	699.227	219	6.34366
RCHGF000161	1488	1260.23	288	4.62869
RCHGF000162	1671	1443.23	541	7.59236
RCHGF000163	1053	825.227	563	13.8181
RCHGF000165	1038	810.227	1069	26.723
RCHGF000166	2400	2172.23	5012	46.7326
RCHGF000167	120	12.42	13	21.1999
RCHGF000168	873	645.249	5870	184.257
RCHGF000169	1836	1608.23	18621	234.515
RCHGF000170	552	325.262	5265	327.853
RCHGF000171	1230	1002.23	2533	51.1898
RCHGF000172	558	331.171	578	35.35
RCHGF000173	468	243.421	840	69.8931
RCHGF000174	150	20.0366	432	436.691
RCHGF000175	1656	1428.23	3843	54.4988
RCHGF000176	873	645.249	5028	157.827
RCHGF000177	390	170.676	5953	706.446
RCHGF000178	876	648.249	60552	1891.91
RCHGF000179	996	768.227	22019	580.527
RCHGF000180	120	12.42	6	9.78458
RCHGF000181	813	585.256	2253	77.9704
RCHGF000182	786	558.274	877	31.8175
RCHGF000183	1230	1002.23	2098	42.3988
RCHGF000184	447	223.395	1163	105.444
RCHGF000185	1398	1170.23	5241	90.7106
RCHGF000186	525	298.722	2644	179.27
RCHGF000187	741	513.352	618	24.383
RCHGF000188	456	231.971	230	20.0821
RCHGF000189	1380	1152.23	712	12.5157
RCHGF000190	1140	912.227	1787	39.6767
RCHGF000191	1401	1173.23	4025	69.4861
RCHGF000192	624	396.703	649	33.1355
RCHGF000193	1539	1311.23	1098	16.9605
RCHGF000194	1209	981.227	270	5.57325
RCHGF000195	897	669.227	244	7.38466
RCHGF000196	1458	1230.23	753	12.3972
RCHGF000197	969	741.227	513	14.0178
RCHGF000198	1287	1059.23	512	9.79028
RCHGF000199	1242	1014.23	559	11.1633
RCHGF000200	1446	1218.23	1958	32.5536
RCHGF000201	1185	957.227	388	8.20977
RCHGF000202	162	23.8329	91	77.3353
RCHGF000203	582	354.939	8126	463.7
RCHGF000204	1209	981.227	9814	202.577
RCHGF000205	720	492.375	2056	84.5749
RCHGF000206	1503	1275.23	6484	102.984
RCHGF000207	1101	873.227	1466	34.0033
RCHGF000208	1332	1104.23	1336	24.5054
RCHGF000209	2175	1947.23	2306	23.9859
RCHGF000210	1710	1482.23	2164	29.5704
RCHGF000212	1578	1350.23	1023	15.3456
RCHGF000213	1425	1197.23	941	15.9194
RCHGF000214	315	107.682	125	23.5115
RCHGF000215	435	212.118	90	8.59369
RCHGF000216	723	495.364	382	15.619
RCHGF000217	111	11.0914	0	0
RCHGF000218	651	423.534	1287	61.5467
RCHGF000219	1050	822.227	3019	74.3679
RCHGF000220	132	15.1697	31	41.3902
RCHGF000221	726	498.364	334	13.5742
RCHGF000222	1038	810.227	2441	61.0204
RCHGF000223	1254	1026.23	804	15.8682
RCHGF000224	654	426.534	2266	107.602
RCHGF000225	522	295.785	352	24.1035
RCHGF000226	1080	852.227	1448	34.4134
RCHGF000227	282	83.9038	153	36.9338
RCHGF000228	1026	798.227	1283	32.5548
RCHGF000229	336	124.149	317	51.7165
RCHGF000230	711	483.385	470	19.6933
RCHGF000231	678	450.437	318	14.299
RCHGF000232	456	231.971	236	20.606
RCHGF000233	534	307.547	399	26.2769
RCHGF000234	645	417.576	2342	113.597
RCHGF000235	3291	3063.23	24107	159.396
RCHGF000236	552	325.262	2842	176.972
RCHGF000237	2649	2421.23	24666	206.337
RCHGF000238	321	112.227	7971	1438.57
RCHGF000240	942	714.227	19360	549.014
RCHGF000241	588	360.896	2523	141.596
RCHGF000242	459	234.84	2393	206.389
RCHGF000243	1050	822.227	15049	370.706
RCHGF000244	1551	1323.23	4745	72.63
RCHGF000245	783	555.299	1903	69.4106
RCHGF000246	1434	1206.23	4280	71.8669
RCHGF000247	1656	1428.23	6015	85.3007
RCHGF000248	2358	2130.23	9311	88.5288
RCHGF000249	1101	873.227	17810	413.096
RCHGF000250	1539	1311.23	7753	119.758
RCHGF000251	1095	867.227	3989	93.1634
RCHGF000252	951	723.227	6039	169.124
RCHGF000253	1254	1026.23	4398	86.8012
RCHGF000254	1281	1053.23	3424	65.8455
RCHGF000255	426	203.683	564	56.0838
RCHGF000256	600	372.835	30634	1664.19
RCHGF000257	1752	1524.23	7836	104.126
RCHGF000258	1128	900.227	2847	64.0545
RCHGF000259	1206	978.227	2280	47.2073
RCHGF000260	168	25.7962	6195	4864.07
RCHGF000261	540	313.44	2480	160.255
RCHGF000262	816	588.256	963	33.1569
RCHGF000263	1410	1182.23	1729	29.6216
RCHGF000264	978	750.227	1401	37.8233
RCHGF000265	225	49.6206	14	5.71453
RCHGF000266	207	41.0021	3	1.48193
RCHGF000267	150	20.0366	11	11.1194
RCHGF000268	213	43.8069	51	23.5799
RCHGF000269	759	531.329	178	6.78532
RCHGF000270	939	711.227	469	13.3561
RCHGF000271	114	11.3688	36	64.1358
RCHGF000272	2676	2448.23	1111	9.19129
RCHGF000273	270	75.9784	6138	1636.26
RCHGF000274	204	39.7241	331	168.767
RCHGF000275	501	275.326	100	7.35642
RCHGF000276	735	507.352	311	12.4155
RCHGF000277	585	357.916	259	14.6566
RCHGF000279	345	131.582	4664	717.918
RCHGF000280	600	372.835	681	36.9952
RCHGF000281	591	363.884	342	19.0361
RCHGF000282	864	636.249	537	17.0947
RCHGF000283	621	393.716	1065	54.7874
RCHGF000284	375	157.32	973	125.269
RCHGF000285	429	206.486	494	48.4562
RCHGF000286	945	717.227	11944	337.293
RCHGF000287	729	501.364	212	8.5644
RCHGF000288	2244	2016.23	6625	66.5519
RCHGF000289	1296	1068.23	7303	138.469
RCHGF000290	906	678.227	1104	32.9692
RCHGF000291	207	41.0021	97	47.9159
RCHGF000292	951	723.227	3257	91.2131
RCHGF000293	885	657.227	10582	326.112
RCHGF000294	135	15.7958	26	33.3384
RCHGF000295	711	483.385	2146	89.9188
RCHGF000296	540	313.44	3254	210.27
RCHGF000297	702	474.401	1517	64.767
RCHGF000298	771	543.311	1799	67.0651
RCHGF000299	1164	936.227	5084	109.986
RCHGF000300	1056	828.227	4629	113.201
RCHGF000301	486	260.757	1255	97.4814
RCHGF000302	1125	897.227	3147	71.0409
RCHGF000303	264	72.0519	128465	36112.1
RCHGF000304	873	645.249	345	10.8294
RCHGF000305	954	726.227	225	6.27515
RCHGF000306	294	92.2145	52	11.4214
RCHGF000307	939	711.227	2723	77.545
RCHGF000308	1806	1578.23	1278	16.4012
RCHGF000309	840	612.256	417	13.7949
RCHGF000310	1101	873.227	1741	40.3818
RCHGF000311	1026	798.227	2089	53.0061
RCHGF000312	264	72.0519	13262	3728.01
RCHGF000313	2208	1980.23	33824	345.959
RCHGF000314	1389	1161.23	4903	85.5183
RCHGF000315	669	441.477	4059	186.22
RCHGF000316	327	116.946	3473	601.499
RCHGF000317	711	483.385	748	31.3417
RCHGF000318	1302	1074.23	3622	68.2915
RCHGF000319	375	157.32	4014	516.781
RCHGF000320	549	322.309	5802	364.602
RCHGF000321	993	765.227	16018	423.967
RCHGF000323	1233	1005.23	738	14.8698
RCHGF000324	771	543.311	70	2.60954
RCHGF000325	576	348.979	49	2.84388
RCHGF000326	864	636.249	200	6.36674
RCHGF000327	177	29.1318	58	40.325
RCHGF000328	162	23.8329	115	97.7315
RCHGF000329	930	702.227	403	11.6236
RCHGF000330	978	750.227	480	12.9587
RCHGF000331	1005	777.227	172	4.48224
RCHGF000332	798	570.256	168	5.96697
RCHGF000333	522	295.785	2000	136.952
RCHGF000334	1650	1422.23	7928	112.904
RCHGF000335	699	471.401	1668	71.667
RCHGF000336	459	234.84	724	62.4427
RCHGF000337	1299	1071.23	1806	34.1468
RCHGF000338	282	83.9038	1437	346.888
RCHGF000339	558	331.171	446	27.277
RCHGF000340	171	26.8268	233	175.914
RCHGF000341	330	119.344	324	54.987
RCHGF000342	597	369.855	1431	78.365
RCHGF000343	1161	933.227	254	5.51265
RCHGF000344	519	292.854	281	19.4343
RCHGF000345	771	543.311	907	33.8121
RCHGF000346	564	337.1	62	3.72517
RCHGF000347	645	417.576	93	4.51088
RCHGF000348	1029	801.227	422	10.6677
RCHGF000349	681	453.432	1465	65.4394
RCHGF000350	831	603.256	3060	102.739
RCHGF000351	402	181.626	590	65.7944
RCHGF000352	1038	810.227	733	18.3236
RCHGF000353	771	543.311	823	30.6807
RCHGF000354	717	489.375	1374	56.8669
RCHGF000355	150	20.0366	16	16.1737
RCHGF000356	993	765.227	794	21.0157
RCHGF000357	1014	786.227	2547	65.6138
RCHGF000358	1263	1035.23	4951	96.866
RCHGF000359	135	15.7958	21	26.9272
RCHGF000360	903	675.227	1056	31.6758
RCHGF000361	1992	1764.23	600	6.88828
RCHGF000362	870	642.249	428	13.4975
RCHGF000363	1176	948.227	541	11.5558
RCHGF000364	510	284.111	807	57.5306
RCHGF000365	1290	1062.23	2760	52.6267
RCHGF000366	1002	774.227	3048	79.7372
RCHGF000367	759	531.329	1874	71.4365
RCHGF000368	840	612.256	583	19.2863
RCHGF000369	1383	1155.23	1224	21.4599
RCHGF000370	240	57.4433	3206	1130.42
RCHGF000372	2397	2169.23	3325	31.0457
RCHGF000373	867	639.249	243	7.69929
RCHGF000374	1239	1011.23	3639	72.8866
RCHGF000375	138	16.553	890	1089
RCHGF000377	215	44.742	1594	721.584
RCHGF000379	750	522.347	498	19.3101
RCHGF000380	594	366.863	304	16.7835
RCHGF000381	330	119.344	151	25.6267
RCHGF000382	1098	870.227	206	4.79456
RCHGF000383	558	331.171	89	5.44317
RCHGF000384	300	96.5016	15	3.14826
RCHGF000385	1053	825.227	111	2.72435
RCHGF000386	474	249.198	47	3.82003
RCHGF000387	396	176.172	51	5.86337
RCHGF000388	663	435.477	63	2.93015
RCHGF000389	834	606.256	84	2.80632
RCHGF000390	744	516.352	155	6.07994
RCHGF000391	735	507.352	1144	45.6699
RCHGF000392	1053	825.227	315	7.73128
RCHGF000393	867	639.249	267	8.45971
RCHGF000394	1026	798.227	248	6.29273
RCHGF000395	1431	1203.23	443	7.45711
RCHGF000396	1275	1047.23	375	7.25278
RCHGF000397	561	334.145	102	6.18271
RCHGF000398	3159	2931.23	986	6.81305
RCHGF000399	1293	1065.23	589	11.1992
RCHGF000400	300	96.5016	36	7.55583
RCHGF000401	309	103.16	45	8.83518
RCHGF000402	645	417.576	609	29.539
RCHGF000403	312	105.397	1484	285.18
RCHGF000404	141	17.4158	21	24.4225
RCHGF000405	591	363.884	128	7.12462
RCHGF000406	1173	945.227	126	2.69991
RCHGF000407	1572	1344.23	427	6.43383
RCHGF000408	831	603.256	1172	39.3496
RCHGF000409	468	243.421	327	27.2084
RCHGF000410	207	41.0021	626	309.23
RCHGF000411	462	237.688	759	64.6767
RCHGF000412	300	96.5016	101	21.1983
RCHGF000413	288	88.0134	2080	478.662
RCHGF000414	492	266.574	265	20.1345
RCHGF000415	240	57.4433	5478	1931.51
RCHGF000416	1173	945.227	8525	182.672
RCHGF000417	792	564.256	1322	47.4537
RCHGF000418	3453	3225.23	3731	23.4304
RCHGF000419	558	331.171	693	42.3833
RCHGF000420	162	23.8329	1272	1081
RCHGF000421	1353	1125.23	2050	36.9001
RCHGF000422	804	576.256	122	4.28804
RCHGF000423	1359	1131.23	229	4.10015
RCHGF000424	852	624.256	94	3.04986
RCHGF000425	1041	813.227	208	5.18043
RCHGF000426	837	609.256	175	5.81772
RCHGF000427	783	555.299	141	5.14288
RCHGF000428	477	252.055	68	5.46421
RCHGF000429	438	214.959	86	8.10322
RCHGF000430	1455	1227.23	270	4.45608
RCHGF000431	843	615.256	148	4.87214
RCHGF000432	1041	813.227	200	4.98118
RCHGF000433	1914	1686.23	497	5.96973
RCHGF000434	666	438.477	133	6.14355
RCHGF000435	717	489.375	139	5.75291
RCHGF000436	465	240.571	184	15.4914
RCHGF000437	1188	960.227	3184	67.1604
RCHGF000438	1416	1188.23	3234	55.1258
RCHGF000439	1086	858.227	1188	28.0368
RCHGF000440	261	70.0859	417	120.509
RCHGF000441	2100	1872.23	1428	15.4484
RCHGF000442	612	384.755	6656	350.383
RCHGF000443	993	765.227	19437	514.462
RCHGF000444	324	114.554	2253	398.349
RCHGF000445	132	15.1697	379	506.029
RCHGF000446	381	162.597	465	57.9233
RCHGF000447	135	15.7958	8	10.258
RCHGF000448	144	18.2938	4	4.42865
RCHGF000449	1356	1128.23	6550	117.587
RCHGF000450	1116	888.227	4726	107.767
RCHGF000451	192	34.9851	11	6.3683
RCHGF000452	201	38.5091	396	208.279
RCHGF000453	1098	870.227	4297	100.011
RCHGF000454	1941	1713.23	4425	52.3133
RCHGF000455	2511	2283.23	9616	85.3021
RCHGF000457	1284	1056.23	5488	105.238
RCHGF000459	453	229.097	589	52.0726
RCHGF000460	1806	1578.23	1749	22.4458
RCHGF000461	306	100.919	800	160.557
RCHGF000462	594	366.863	2346	129.52
RCHGF000463	933	705.227	1084	31.1325
RCHGF000464	555	328.226	1807	111.506
RCHGF000465	771	543.311	2128	79.3299
RCHGF000466	1218	990.227	7328	149.887
RCHGF000467	2529	2301.23	6015	52.9408
RCHGF000468	2085	1857.23	2053	22.3892
RCHGF000469	909	681.227	808	24.0234
RCHGF000470	738	510.352	776	30.7968
RCHGF000471	777	549.299	1076	39.675
RCHGF000472	843	615.256	1432	47.1413
RCHGF000473	336	124.149	143	23.3295
RCHGF000474	558	331.171	446	27.277
RCHGF000475	648	420.548	5224	251.595
RCHGF000476	147	19.1835	28	29.5628
RCHGF000477	630	402.676	1211	60.9119
RCHGF000478	975	747.227	5220	141.492
RCHGF000479	1068	840.227	3079	74.2211
RCHGF000480	855	627.256	3249	104.911
RCHGF000481	693	465.417	210	9.13885
RCHGF000482	678	450.437	432	19.4251
RCHGF000483	1641	1413.23	1349	19.3337
RCHGF000484	2343	2115.23	7739	74.1041
RCHGF000485	546	319.352	1256	79.6588
RCHGF000486	111	11.0914	23	42.0005
RCHGF000487	486	260.757	174	13.5154
RCHGF000488	441	217.722	139	12.9308
RCHGF000489	1035	807.227	425	10.6637
RCHGF000490	312	105.397	87	16.7188
RCHGF000491	2640	2412.23	1286	10.7978
RCHGF000492	1941	1713.23	2213	26.1626
RCHGF000493	366	149.468	275	37.2647
RCHGF000494	1773	1545.23	5777	75.7224
RCHGF000495	477	252.055	1032	82.9274
RCHGF000496	765	537.317	1152	43.4246
RCHGF000497	762	534.317	768	29.1123
RCHGF000498	939	711.227	4032	114.822
RCHGF000499	846	618.256	3531	115.676
RCHGF000500	1260	1032.23	3803	74.6217
RCHGF000501	1014	786.227	1465	37.7402
RCHGF000502	1095	867.227	2467	57.617
RCHGF000503	1011	783.227	1005	25.9892
RCHGF000504	1083	855.227	3597	85.187
RCHGF000505	1233	1005.23	2378	47.9139
RCHGF000506	165	24.8453	56	45.6518
RCHGF000507	921	693.227	405	11.833
RCHGF000508	348	134.094	886	133.825
RCHGF000509	138	16.553	61	74.6394
RCHGF000510	153	20.9287	42	40.6463
RCHGF000512	498	272.418	176	13.0855
RCHGF000513	3693	3465.23	2208	12.9057
RCHGF000514	1572	1344.23	795	11.9787
RCHGF000515	1029	801.227	481	12.1592
RCHGF000516	585	357.916	174	9.84652
RCHGF000517	1530	1302.23	1007	15.6623
RCHGF000518	438	214.959	438	41.2699
RCHGF000519	690	462.422	756	33.1129
RCHGF000520	750	522.347	639	24.7774
RCHGF000521	1224	996.227	1144	23.2585
RCHGF000522	714	486.375	760	31.6488
RCHGF000523	369	152.058	272	36.2304
RCHGF000524	327	116.946	795	137.688
RCHGF000526	186	32.5834	89	55.3232
RCHGF000527	561	334.145	87	5.27349
RCHGF000528	807	579.256	337	11.7835
RCHGF000529	627	399.698	320	16.2156
RCHGF000530	273	77.9466	7086	1841.27
RCHGF000531	678	450.437	281	12.6353
RCHGF000532	1053	825.227	308	7.55947
RCHGF000533	978	750.227	1002	27.0514
RCHGF000534	519	292.854	845	58.4412
RCHGF000535	702	474.401	7909	337.668
RCHGF000536	573	346.01	221	12.9365
RCHGF000537	1323	1095.23	2762	51.078
RCHGF000538	639	411.608	305	15.0082
RCHGF000539	1641	1413.23	3147	45.1023
RCHGF000540	1764	1536.23	6271	82.6791
RCHGF000541	756	528.329	1293	49.5688
RCHGF000542	894	666.227	435	13.2246
RCHGF000543	2409	2181.23	733	6.8064
RCHGF000544	1371	1143.23	1423	25.2108
RCHGF000545	960	732.227	5722.12	158.28
RCHGF000546	165	24.8453	3	2.44563
RCHGF000547	378	159.976	164	20.7636
RCHGF000548	426	203.683	57	5.66804
RCHGF000549	471	246.309	71	5.83838
RCHGF000550	840	612.256	198	6.55008
RCHGF000551	702	474.401	144	6.14796
RCHGF000552	1836	1608.23	1156	14.5588
RCHGF000553	312	105.397	68	13.0675
RCHGF000554	1257	1029.23	340	6.69086
RCHGF000555	345	131.582	73	11.2367
RCHGF000556	1443	1215.23	467	7.78348
RCHGF000557	873	645.249	785	24.6409
RCHGF000558	795	567.256	490	17.4957
RCHGF000559	747	519.347	489	19.0707
RCHGF000560	1356	1128.23	1338	24.02
RCHGF000561	453	229.097	470	41.552
RCHGF000562	477	252.055	165	13.2587
RCHGF000563	1587	1359.23	2553	38.0428
RCHGF000564	816	588.256	383	13.187
RCHGF000565	543	316.405	1350	86.418
RCHGF000566	600	372.835	317	17.221
RCHGF000567	873	645.249	869	27.2776
RCHGF000568	837	609.256	1863	61.9338
RCHGF000569	828	600.256	5760	194.357
RCHGF000570	717	489.375	1000	41.3878
RCHGF000571	1341	1113.23	6147	111.839
RCHGF000572	774	546.311	1490	55.2408
RCHGF000573	1353	1125.23	12816	230.689
RCHGF000574	951	723.227	6406	179.402
RCHGF000575	354	139.122	2446	356.103
RCHGF000576	1647	1419.23	1086	15.4986
RCHGF000577	669	441.477	395	18.1219
RCHGF000578	1110	882.227	1091	25.0472
RCHGF000579	714	486.375	1480	61.6318
RCHGF000580	504	278.231	320	23.2948
RCHGF000581	762	534.317	3144	119.178
RCHGF000582	762	534.317	245	9.28712
RCHGF000583	768	540.317	2661	99.7494
RCHGF000584	357	141.65	1030	147.277
RCHGF000585	252	64.4259	123413	38798.5
RCHGF000586	1329	1101.23	847	15.5783
RCHGF000587	765	537.317	916	34.5286
RCHGF000588	222	48.1768	439	184.561
RCHGF000589	369	152.058	1605	213.786
RCHGF000590	357	141.65	147	21.0192
RCHGF000592	3047	2819.23	3403	24.4482
RCHGF000594	1983	1755.23	4287	49.4691
RCHGF000595	1425	1197.23	4098	69.3281
RCHGF000596	237	55.7643	42	15.2548
RCHGF000597	180	30.1565	197	132.312
RCHGF000598	903	675.227	4679	140.352
RCHGF000599	882	654.234	3834	118.695
RCHGF000600	1116	888.227	4421	100.812
RCHGF000601	1755	1527.23	2433	32.2666
RCHGF000602	1134	906.227	4386	98.027
RCHGF000603	1032	804.227	1462	36.8199
RCHGF000604	1392	1164.23	4460	77.591
RCHGF000605	891	663.227	3362	102.671
RCHGF000606	1026	798.227	3491	88.5804
RCHGF000607	1707	1479.23	7257	99.3657
RCHGF000608	1455	1227.23	2625	43.323
RCHGF000609	1098	870.227	3488	81.1817
RCHGF000610	951	723.227	3231	90.485
RCHGF000611	900	672.227	684	20.6089
RCHGF000612	1146	918.227	3575	78.857
RCHGF000613	1119	891.227	804	18.2718
RCHGF000614	825	597.256	3491	118.387
RCHGF000615	1149	921.227	3193	70.2015
RCHGF000616	624	396.703	1221	62.3397
RCHGF000617	597	369.855	2395	131.156
RCHGF000618	1224	996.227	6791	138.067
RCHGF000619	510	284.111	26342	1877.91
RCHGF000620	1902	1674.23	3859	46.6847
RCHGF000621	237	55.7643	159	57.7504
RCHGF000622	153	20.9287	4	3.87107
RCHGF000623	291	90.0816	136	30.5786
RCHGF000624	402	181.626	129	14.3856
RCHGF000625	111	11.0914	39	71.2183
RCHGF000626	963	735.227	579	15.9504
RCHGF000627	1191	963.227	9119.16	191.752
RCHGF000628	204	39.7241	15.7438	8.02731
RCHGF000629	1140	912.227	178.466	3.96247
RCHGF000631	567	340.052	1557	92.7381
RCHGF000632	720	492.375	1883	77.4585
RCHGF000633	195	36.105	10	5.60979
RCHGF000634	438	214.959	121	11.401
RCHGF000635	879	651.241	1737	54.0222
RCHGF000636	1491	1263.23	4918	78.8536
RCHGF000637	1179	951.227	1671	35.58
RCHGF000638	1308	1080.23	2656	49.7998
RCHGF000639	1023	795.227	827	21.0634
RCHGF000640	120	12.42	382	622.951
RCHGF000641	408	187.124	4263	461.423
RCHGF000642	780	552.299	3542	129.894
RCHGF000643	354	139.122	5827	848.328
RCHGF000644	177	29.1318	38	26.4198
RCHGF000645	786	558.274	1321	47.9258
RCHGF000646	138	16.553	221	270.415
RCHGF000647	762	534.317	734	27.8234
RCHGF000648	909	681.227	490	14.5686
RCHGF000649	198	37.3265	16	8.68194
RCHGF000650	1101	873.227	720	16.7001
RCHGF000651	114	11.3688	16	28.5048
RCHGF000652	780	552.299	660	24.2038
RCHGF000653	111	11.0914	85	155.219
RCHGF000654	1104	876.227	486	11.234
RCHGF000655	1167	939.227	477	10.2864
RCHGF000656	120	12.42	86	140.246
RCHGF000657	891	663.227	733	22.3849
RCHGF000658	117	11.9112	10	17.0043
RCHGF000659	2055	1827.23	5061	56.0994
RCHGF000660	309	103.16	395	77.5533
RCHGF000661	1239	1011.23	1012	20.2696
RCHGF000662	324	114.554	66	11.6694
RCHGF000663	1443	1215.23	496	8.26682
RCHGF000664	1188	960.227	6203	130.84
RCHGF000665	174	27.946	412	298.601
RCHGF000666	537	310.499	463	30.2019
RCHGF000667	1215	987.227	854	17.5208
RCHGF000668	2190	1962.23	3067	31.6576
RCHGF000669	123	13.1407	8	12.3307
RCHGF000670	528	301.639	660	44.317
RCHGF000671	144	18.2938	12	13.2859
RCHGF000672	813	585.256	979	33.8806
RCHGF000673	423	200.88	309	31.1555
RCHGF000674	141	17.4158	56	65.1267
RCHGF000675	765	537.317	10825	408.048
RCHGF000676	558	331.171	699	42.7503
RCHGF000677	849	621.256	1451	47.3054
RCHGF000678	1119	891.227	1720	39.089
RCHGF000679	144	18.2938	57	63.1082
RCHGF000680	1035	807.227	2022	50.7341
RCHGF000681	666	438.477	350	16.1672
RCHGF000682	918	690.227	710	20.8344
RCHGF000683	747	519.347	1194	46.5652
RCHGF000684	204	39.7241	56	28.5527
RCHGF000685	960	732.227	3802	105.167
RCHGF000686	798	570.256	4515	160.362
RCHGF000687	777	549.299	1023	37.7208
RCHGF000688	777	549.299	824	30.3831
RCHGF000689	123	13.1407	109	168.005
RCHGF000690	921	693.227	907	26.5
RCHGF000691	300	96.5016	82	17.2105
RCHGF000692	822	594.256	143	4.8739
RCHGF000693	780	552.299	158	5.79424
RCHGF000694	468	243.421	31	2.57939
RCHGF000695	738	510.352	129	5.11957
RCHGF000696	408	187.124	56	6.06138
RCHGF000697	2712	2484.23	1017	8.2917
RCHGF000698	1215	987.227	408	8.37061
RCHGF000699	1224	996.227	259	5.26569
RCHGF000700	600	372.835	371	20.1545
RCHGF000701	729	501.364	1537	62.0919
RCHGF000702	1737	1509.23	673	9.03181
RCHGF000703	552	325.262	159	9.90096
RCHGF000704	774	546.311	208	7.71147
RCHGF000705	756	528.329	180	6.90052
RCHGF000706	699	471.401	334	14.3506
RCHGF000707	858	630.256	516	16.5824
RCHGF000708	873	645.249	10652	334.363
RCHGF000709	309	103.16	476	93.4566
RCHGF000710	888	660.227	10034	307.819
RCHGF000711	837	609.256	12694	422.001
RCHGF000712	489	263.666	4542	348.905
RCHGF000713	426	203.683	7638	759.518
RCHGF000714	984	756.227	215	5.75838
RCHGF000715	891	663.227	457	13.9562
RCHGF000716	324	114.554	1641	290.143
RCHGF000717	819	591.256	618	21.1703
RCHGF000718	819	591.256	489	16.7513
RCHGF000719	531	304.585	1545	102.739
RCHGF000720	1152	924.227	448	9.81778
RCHGF000721	558	331.171	199	12.1707
RCHGF000722	624	396.703	187	9.54752
RCHGF000723	762	534.317	505	19.1428
RCHGF000724	882	654.234	510	15.7889
RCHGF000725	1356	1128.23	627	11.256
RCHGF000726	405	184.412	241	26.4692
RCHGF000727	540	313.44	1492	96.4114
RCHGF000728	1338	1110.23	18734	341.769
RCHGF000729	1065	837.227	3765	91.0827
RCHGF000730	624	396.703	138	7.04576
RCHGF000731	660	432.496	2078	97.3145
RCHGF000732	1005	777.227	1017	26.5025
RCHGF000733	192	34.9851	23	13.3155
RCHGF000734	684	456.427	161	7.14445
RCHGF000735	423	200.88	1074	108.288
RCHGF000736	2136	1908.23	7073	75.0737
RCHGF000737	930	702.227	2426	69.9725
RCHGF000738	936	708.227	2451	70.0947
RCHGF000739	642	414.594	648	31.6567
RCHGF000740	507	281.162	752	54.1721
RCHGF000741	939	711.227	2251	64.1035
RCHGF000742	225	49.6206	389	158.782
RCHGF000743	846	618.256	778	25.4874
RCHGF000744	393	173.397	63	7.35892
RCHGF000745	684	456.427	160	7.10007
RCHGF000746	378	159.976	69	8.7359
RCHGF000747	1068	840.227	317	7.64147
RCHGF000748	150	20.0366	64	64.6949
RCHGF000749	654	426.534	587	27.874
RCHGF000750	849	621.256	2093	68.2359
RCHGF000751	369	152.058	283	37.6956
RCHGF000752	123	13.1407	21	32.368
RCHGF000753	918	690.227	231	6.77851
RCHGF000754	117	11.9112	32	54.4137
RCHGF000755	1131	903.227	318	7.1309
RCHGF000756	693	465.417	227	9.87866
RCHGF000757	132	15.1697	42	56.0771
RCHGF000758	432	209.294	2074	200.709
RCHGF000759	510	284.111	178	12.6895
RCHGF000760	489	263.666	713	54.7708
RCHGF000762	996	768.227	2812	74.1378
RCHGF000763	411	189.873	264	28.1614
RCHGF000764	1065	837.227	872	21.0954
RCHGF000765	1944	1716.23	1241	14.6457
RCHGF000766	936	708.227	289	8.26494
RCHGF000767	552	325.262	191	11.8936
RCHGF000769	345	131.582	123	18.9331
RCHGF000770	1254	1026.23	222	4.38151
RCHGF000771	594	366.863	928	51.2339
RCHGF000772	528	301.639	1400	94.0058
RCHGF000773	1098	870.227	3122	72.6632
RCHGF000774	2265	2037.23	1755	17.4482
RCHGF000775	1611	1383.23	1693	24.7901
RCHGF000776	318	109.955	235	43.288
RCHGF000777	411	189.873	579	61.7631
RCHGF000778	642	414.594	1271	62.0921
RCHGF000779	1218	990.227	2257	46.1648
RCHGF000780	537	310.499	562	36.6598
RCHGF000781	129	14.4401	31	43.4815
RCHGF000782	129	14.4401	14	19.6368
RCHGF000783	687	459.422	423	18.6485
RCHGF000784	1080	852.227	633	15.044
RCHGF000785	402	181.626	21714	2421.46
RCHGF000786	861	633.249	11510	368.142
RCHGF000787	1857	1629.23	633	7.8693
RCHGF000788	1722	1494.23	462	6.26238
RCHGF000789	426	203.683	148	14.717
RCHGF000790	138	16.553	42	51.391
RCHGF000791	2001	1773.23	958	10.9425
RCHGF000792	129	14.4401	21	29.4552
RCHGF000793	297	94.3535	119	25.5448
RCHGF000794	654	426.534	791	37.561
RCHGF000795	459	234.84	678	58.4753
RCHGF000796	609	381.759	638	33.849
RCHGF000797	183	31.337	147	95.0109
RCHGF000798	339	126.613	194	31.034
RCHGF000799	219	46.7241	70	30.3439
RCHGF000800	3315	3087.23	4650	30.5069
RCHGF000801	666	438.477	141	6.51309
RCHGF000802	1422	1194.23	809	13.7207
RCHGF000803	3246	3018.23	4568	30.6541
RCHGF000804	702	474.401	722	30.8252
RCHGF000805	330	119.344	271	45.9922
RCHGF000806	678	450.437	1020	45.8649
RCHGF000807	774	546.311	2228	82.6017
RCHGF000808	159	22.8496	37	32.7973
RCHGF000809	2202	1974.23	7570	77.6628
RCHGF000810	1965	1737.23	4303	50.1682
RCHGF000811	363	146.834	789	108.834
RCHGF000812	111	11.0914	25	45.6528
RCHGF000813	132	15.1697	11	14.6869
RCHGF000814	1491	1263.23	447	7.16705
RCHGF000815	129	14.4401	54	75.742
RCHGF000816	1731	1503.23	4819	64.9302
RCHGF000817	450	226.238	232	20.77
RCHGF000818	159	22.8496	118	104.597
RCHGF000819	1677	1449.23	4554	63.6459
RCHGF000820	141	17.4158	68	79.0824
RCHGF000821	165	24.8453	67	54.6191
RCHGF000822	801	573.256	2690	95.0425
RCHGF000823	843	615.256	6207	204.334
RCHGF000824	855	627.256	2009	64.8708
RCHGF000825	2424	2196.23	2075	19.1362
RCHGF000826	627	399.698	143	7.24632
RCHGF000827	885	657.227	150	4.62264
RCHGF000828	609	381.759	128	6.79102
RCHGF000829	861	633.249	190	6.07706
RCHGF000830	1248	1020.23	241	4.78448
RCHGF000831	840	612.256	253	8.36954
RCHGF000832	759	531.329	200	7.62396
RCHGF000833	471	246.309	99	8.14083
RCHGF000834	468	243.421	143	11.8985
RCHGF000835	435	212.118	322	30.7463
RCHGF000836	306	100.919	90	18.0627
RCHGF000837	1167	939.227	441	9.51004
RCHGF000838	117	11.9112	15	25.5064
RCHGF000839	117	11.9112	32	54.4137
RCHGF000840	1998	1770.23	2405	27.5169
RCHGF000841	624	396.703	784	40.0281
RCHGF000842	690	462.422	4066	178.091
RCHGF000843	714	486.375	2811	117.059
RCHGF000844	510	284.111	253	18.0362
RCHGF000845	561	334.145	529	32.0652
RCHGF000846	903	675.227	386	11.5785
RCHGF000847	663	435.477	254	11.8136
RCHGF000848	771	543.311	203	7.56766
RCHGF000849	1371	1143.23	600	10.63
RCHGF000850	588	360.896	311	17.4539
RCHGF000851	669	441.477	282	12.9377
RCHGF000852	639	411.608	282	13.8765
RCHGF000853	816	588.256	729	25.1001
RCHGF000855	1593	1365.23	1194	17.7139
RCHGF000856	222	48.1768	2	0.840827
RCHGF000857	303	98.7491	23	4.71747
RCHGF000858	153	20.9287	47	45.4851
RCHGF000860	1446	1218.23	358	5.95208
RCHGF000861	576	348.979	124	7.19676
RCHGF000862	1017	789.227	234	6.00521
RCHGF000863	765	537.317	421	15.8696
RCHGF000864	603	375.818	232	12.5033
RCHGF000865	1182	954.227	328	6.96204
RCHGF000866	792	564.256	317	11.3788
RCHGF000867	1455	1227.23	695	11.4703
RCHGF000868	591	363.884	338	18.8134
RCHGF000869	666	438.477	482	22.2646
RCHGF000870	411	189.873	473	50.4558
RCHGF000871	423	200.88	605	61.0003
RCHGF000872	696	468.401	131.292	5.67722
RCHGF000873	282	83.9038	27.0667	6.53383
RCHGF000874	213	43.8069	16	7.39762
RCHGF000875	399	178.892	112	12.6807
RCHGF000876	888	660.227	270	8.28294
RCHGF000877	384	165.3	48	5.88141
RCHGF000878	348	134.094	52	7.8543
RCHGF000879	915	687.227	244	7.19124
RCHGF000880	666	438.477	385	17.784
RCHGF000881	801	573.256	634	22.4004
RCHGF000882	225	49.6206	17	6.93907
RCHGF000883	153	20.9287	69	66.776
RCHGF000884	942	714.227	2254	63.9193
RCHGF000885	1128	900.227	1575	35.4358
RCHGF000886	135	15.7958	41	52.5722
RCHGF000887	1449	1221.23	475	7.87792
RCHGF000888	600	372.835	2896	157.325
RCHGF000889	1215	987.227	3891	79.8286
RCHGF000890	324	114.554	47	8.30999
RCHGF000891	1920	1692.23	880	10.5327
RCHGF000892	306	100.919	127	25.4884
RCHGF000893	726	498.364	359	14.5902
RCHGF000894	177	29.1318	24	16.6862
RCHGF000895	285	85.9308	30	7.0711
RCHGF000896	327	116.946	114	19.744
RCHGF000897	1428	1200.23	396	6.68261
RCHGF000898	1494	1266.23	920	14.716
RCHGF000899	240	57.4433	7345	2589.8
RCHGF000900	366	149.468	278	37.6712
RCHGF000901	903	675.227	1396	41.8745
RCHGF000902	465	240.571	215	18.1013
RCHGF000903	513	287.032	446	31.4716
RCHGF000904	990	762.227	868	23.0648
RCHGF000905	912	684.227	1543	45.6751
RCHGF000906	798	570.256	1080	38.3591
RCHGF000907	564	337.1	2144	128.819
RCHGF000908	906	678.227	4006	119.633
RCHGF000909	810	582.256	273	9.49649
RCHGF000910	1830	1602.23	2379	30.0735
RCHGF000911	1731	1503.23	3824	51.5237
RCHGF000912	1170	942.227	2231	47.9577
RCHGF000913	795	567.256	1162	41.4898
RCHGF000914	1338	1110.23	4218	76.9501
RCHGF000915	729	501.364	3843	155.25
RCHGF000916	198	37.3265	639	346.735
RCHGF000917	1008	780.227	1867	48.466
RCHGF000918	549	322.309	1255	78.8651
RCHGF000919	2622	2394.23	18568	157.077
RCHGF000920	1098	870.227	873	20.3187
RCHGF000921	798	570.256	3767	133.795
RCHGF000922	114	11.3688	1321	2353.43
RCHGF000923	246	60.8691	5183	1724.64
RCHGF000924	591	363.884	298	16.587
RCHGF000925	252	64.4259	18	5.65882
RCHGF000926	252	64.4259	11	3.45817
RCHGF000927	2595	2367.23	21191	181.312
RCHGF000928	414	192.599	5030	528.966
RCHGF000929	150	20.0366	1021	1032.09
RCHGF000930	444	220.525	670	61.5363
RCHGF000931	282	83.9038	590	142.424
RCHGF000932	1770	1542.23	4216	55.369
RCHGF000933	1332	1104.23	1742	31.9524
RCHGF000935	1218	990.227	760	15.5451
RCHGF000936	348	134.094	2086	315.078
RCHGF000937	111	11.0914	136	248.351
RCHGF000938	510	284.111	4913	350.245
RCHGF000939	837	609.256	380	12.6328
RCHGF000940	501	275.326	557	40.9753
RCHGF000941	504	278.231	1054	76.7273
RCHGF000942	117	11.9112	204	346.888
RCHGF000944	453	229.097	460	40.6679
RCHGF000945	1164	936.227	1001	21.6554
RCHGF000946	2130	1902.23	5830	62.0755
RCHGF000947	228	51.1215	728	288.431
RCHGF000948	1833	1605.23	2187	27.5947
RCHGF000949	1296	1068.23	79055	1498.93
RCHGF000950	762	534.317	554	21.0003
RCHGF000951	189	33.7571	68	40.7998
RCHGF000952	549	322.309	1179	74.0892
RCHGF000953	177	29.1318	387	269.065
RCHGF000954	147	19.1835	394	415.99
RCHGF000955	582	354.939	1166	66.5363
RCHGF000956	720	492.375	1751	72.0285
RCHGF000957	384	165.3	233	28.5493
RCHGF000958	1335	1107.23	4006	73.2805
RCHGF000960	186	32.5834	2310	1435.92
RCHGF000961	1122	894.227	568	12.8651
RCHGF000962	1011	783.227	202033	5224.55
RCHGF000963	567	340.052	158	9.4108
RCHGF000964	483	257.85	4898	384.739
RCHGF000965	1068	840.227	460	11.0886
RCHGF000966	819	591.256	122	4.17925
RCHGF000967	1047	819.227	163.016	4.03033
RCHGF000968	672	444.462	235	10.709
RCHGF000969	672	444.462	2972	135.434
RCHGF000970	1002	774.227	28093	734.926
RCHGF000971	819	591.256	6700	229.516
RCHGF000972	474	249.198	52690	4282.5
RCHGF000973	1179	951.227	4228	90.0254
RCHGF000974	180	30.1565	139	93.3573
RCHGF000975	303	98.7491	359	73.6335
RCHGF000976	426	203.683	1242	123.504
RCHGF000977	1176	948.227	27726	592.228
RCHGF000978	564	337.1	7309	439.15
RCHGF000979	132	15.1697	0	0
RCHGF000980	912	684.227	2920	86.4364
RCHGF000981	264	72.0519	408	114.691
RCHGF000982	552	325.262	200	12.454
RCHGF000983	936	708.227	1751	50.0758
RCHGF000984	945	717.227	4145	117.053
RCHGF000985	852	624.256	1803	58.4989
RCHGF000986	429	206.486	55	5.39493
RCHGF000987	915	687.227	175	5.15765
RCHGF000988	918	690.227	176	5.16458
RCHGF000989	1413	1185.23	815	13.9274
RCHGF000990	1005	777.227	946	24.6523
RCHGF000991	1266	1038.23	351	6.84745
RCHGF000993	1203	975.227	183	3.80066
RCHGF000994	273	77.9466	23	5.97647
RCHGF000995	642	414.594	155	7.57221
RCHGF000996	684	456.427	50	2.21877
RCHGF000997	1128	900.227	129	2.90236
RCHGF000998	1188	960.227	155	3.26943
RCHGF000999	954	726.227	142	3.96032
RCHGF001000	630	402.676	123	6.18676
RCHGF001001	495	269.497	28	2.10435
RCHGF001002	411	189.873	69	7.36036
RCHGF001003	822	594.256	136	4.63532
RCHGF001004	750	522.347	106	4.11018
RCHGF001005	483	257.85	43	3.37766
RCHGF001006	678	450.437	87	3.912
RCHGF001007	990	762.227	138	3.66698
RCHGF001008	261	70.0859	18	5.20183
RCHGF001009	114	11.3688	74	131.835
RCHGF001010	951	723.227	375	10.502
RCHGF001011	1152	924.227	155	3.39678
RCHGF001012	705	477.391	93	3.94569
RCHGF001013	924	696.227	138	4.0146
RCHGF001014	825	597.256	137	4.64595
RCHGF001015	1053	825.227	213	5.22782
RCHGF001016	2382	2154.23	3456	32.4935
RCHGF001017	645	417.576	4206	204.008
RCHGF001018	939	711.227	180	5.126
RCHGF001019	768	540.317	380	14.2446
RCHGF001020	120	12.42	423	689.813
RCHGF001021	141	17.4158	151	175.61
RCHGF001022	1044	816.227	200	4.96287
RCHGF001023	1176	948.227	252	5.38273
RCHGF001024	645	417.576	160	7.76066
RCHGF001025	471	246.309	48	3.94707
RCHGF001026	927	699.227	171	4.95327
RCHGF001027	825	597.256	91	3.086
RCHGF001028	765	537.317	133	5.01343
RCHGF001029	417	195.377	53	5.49436
RCHGF001030	2421	2193.23	852	7.8681
RCHGF001031	267	74.0153	433	118.49
RCHGF001032	702	474.401	803	34.2834
RCHGF001033	795	567.256	703	25.101
RCHGF001034	801	573.256	1501	53.033
RCHGF001035	480	254.956	222	17.6361
RCHGF001036	2730	2502.23	2638	21.3532
RCHGF001037	501	275.326	825	60.6905
RCHGF001038	1437	1209.23	5857	98.1028
RCHGF001039	1113	885.227	5301	121.288
RCHGF001040	1134	906.227	11891	265.764
RCHGF001041	753	525.347	442	17.0408
RCHGF001042	870	642.249	605	19.0795
RCHGF001043	987	759.227	1466	39.109
RCHGF001044	138	16.553	351	429.482
RCHGF001045	729	501.364	1117	45.1247
RCHGF001046	1272	1044.23	862	16.7196
RCHGF001047	675	447.437	324	14.6665
RCHGF001048	768	540.317	200	7.49713
RCHGF001049	2370	2142.23	876	8.28233
RCHGF001050	474	249.198	731	59.4137
RCHGF001051	522	295.785	147	10.066
RCHGF001052	852	624.256	612	19.8565
RCHGF001053	615	387.742	282	14.7306
RCHGF001054	237	55.7643	34	12.3491
RCHGF001055	351	136.581	188	27.8793
RCHGF001056	1086	858.227	3251	76.7236
RCHGF001057	744	516.352	7345	288.111
RCHGF001058	1344	1116.23	8996	163.234
RCHGF001059	444	220.525	818	75.1294
RCHGF001060	1995	1767.23	5040	57.7633
RCHGF001061	921	693.227	1313	38.3622
RCHGF001062	228	51.1215	4493	1780.11
RCHGF001063	474	249.198	48004	3901.64
RCHGF001064	291	90.0816	17612	3959.92
RCHGF001065	195	36.105	639	358.465
RCHGF001066	111	11.0914	9	16.435
RCHGF001067	216	45.2323	128	57.316
RCHGF001068	654	426.534	201	9.54458
RCHGF001069	1182	954.227	298	6.32526
RCHGF001070	1101	873.227	139	3.22405
RCHGF001071	1323	1095.23	462	8.54382
RCHGF001072	330	119.344	64	10.8616
RCHGF001073	318	109.955	85	15.6574
RCHGF001074	1041	813.227	247	6.15176
RCHGF001075	1896	1668.23	630	7.64891
RCHGF001076	156	21.9113	193	178.403
RCHGF001077	822	594.256	673	22.938
RCHGF001078	1353	1125.23	2832	50.9762
RCHGF001079	1311	1083.23	8100	151.454
RCHGF001080	810	582.256	112	3.896
RCHGF001081	843	615.256	87	2.86403
RCHGF001082	705	477.391	117	4.96393
RCHGF001083	1023	795.227	144	3.66763
RCHGF001084	297	94.3535	360	77.2784
RCHGF001085	1470	1242.23	521	8.49476
RCHGF001086	453	229.097	45	3.97838
RCHGF001087	1110	882.227	396	9.09136
RCHGF001088	795	567.256	2418	86.3359
RCHGF001089	801	573.256	2407	85.0436
RCHGF001090	300	96.5016	158	33.1617
RCHGF001091	672	444.462	1672	76.1931
RCHGF001092	795	567.256	400	14.2822
RCHGF001093	366	149.468	273	36.9937
RCHGF001094	1530	1302.23	1491	23.1902
RCHGF001095	1038	810.227	469	11.7241
RCHGF001096	1290	1062.23	713	13.5952
RCHGF001097	363	146.834	54	7.4487
RCHGF001098	996	768.227	256	6.74939
RCHGF001099	540	313.44	115	7.43117
RCHGF001100	456	231.971	84	7.33433
RCHGF001101	999	771.227	263	6.90697
RCHGF001102	1257	1029.23	3252	63.9961
RCHGF001103	495	269.497	939	70.571
RCHGF001104	750	522.347	560	21.7142
RCHGF001105	1338	1110.23	2131	38.8764
RCHGF001106	348	134.094	5710	862.463
RCHGF001107	1260	1032.23	7183	140.943
RCHGF001108	1443	1215.23	51762	862.716
RCHGF001109	171	26.8268	35	26.4249
RCHGF001110	1086	858.227	1042	24.5912
RCHGF001111	1929	1701.23	787	9.36972
RCHGF001112	174	27.946	148	107.264
RCHGF001113	375	157.32	1015	130.676
RCHGF001114	264	72.0519	245	68.8707
RCHGF001115	1248	1020.23	620	12.3086
RCHGF001116	582	354.939	1587	90.5601
RCHGF001117	237	55.7643	2938	1067.11
RCHGF001118	216	45.2323	2281	1021.39
RCHGF001119	672	444.462	2507	114.244
RCHGF001120	1011	783.227	3276	84.717
RCHGF001121	204	39.7241	31	15.806
RCHGF001122	765	537.317	435	16.3973
RCHGF001123	2040	1812.23	2416	27.0022
RCHGF001126	153	20.9287	157	151.94
RCHGF001127	3351	3123.23	3343	21.6794
RCHGF001128	150	20.0366	45	45.4886
RCHGF001129	363	146.834	381	52.5547
RCHGF001130	1386	1158.23	342	5.98062
RCHGF001131	1035	807.227	159	3.98947
RCHGF001132	822	594.256	196	6.68031
RCHGF001133	753	525.347	185	7.13247
RCHGF001134	495	269.497	92	6.91431
RCHGF001135	408	187.124	51	5.52019
RCHGF001136	2769	2541.23	2558	20.3878
RCHGF001137	114	11.3688	219	390.159
RCHGF001138	1023	795.227	1673.5	42.6234
RCHGF001139	651	423.534	306	14.6335
RCHGF001140	2697	2469.23	5251	43.072
RCHGF001141	3207	2979.23	10545	71.6898
RCHGF001142	774	546.311	2570	95.2812
RCHGF001143	555	328.226	95538	5895.45
RCHGF001144	618	390.725	4968	257.528
RCHGF001145	603	375.818	115	6.19776
RCHGF001146	699	471.401	235	10.097
RCHGF001147	138	16.553	17	20.8011
RCHGF001148	714	486.375	188	7.82891
RCHGF001149	852	624.256	4756	154.31
RCHGF001150	1338	1110.23	9483	173.001
RCHGF001152	1281	1053.23	1495	28.7497
RCHGF001153	4032	3804.23	3596	19.1455
RCHGF001154	1128	900.227	373	8.39211
RCHGF001155	1479	1251.23	1660	26.8711
RCHGF001156	465	240.571	177	14.902
RCHGF001157	333	121.746	61	10.1482
RCHGF001158	972	744.227	5549	151.016
RCHGF001159	129	14.4401	479	671.86
RCHGF001160	906	678.227	1416	42.2866
RCHGF001161	999	771.227	1347	35.3753
RCHGF001162	171	26.8268	257	194.034
RCHGF001163	129	14.4401	92	129.042
RCHGF001164	312	105.397	619	118.953
RCHGF001165	1887	1659.23	583	7.11667
RCHGF001166	1734	1506.23	514	6.91173
RCHGF001167	426	203.683	242	24.0643
RCHGF001168	126	13.7551	5	7.36243
RCHGF001169	1068	840.227	285	6.87009
RCHGF001170	936	708.227	216	6.17725
RCHGF001171	1104	876.227	171	3.9527
RCHGF001172	252	64.4259	1192	374.74
RCHGF001173	972	744.227	13561	369.063
RCHGF001174	546	319.352	23441	1486.69
RCHGF001176	728	500.364	4885.59	197.763
RCHGF001178	528	301.639	1224	82.188
RCHGF001179	546	319.352	1637	103.823
RCHGF001180	342	129.06	1214	190.521
RCHGF001181	327	116.946	596	103.223
RCHGF001182	177	29.1318	1950	1355.75
RCHGF001183	1509	1281.23	16503	260.886
RCHGF001184	2004	1776.23	3140	35.8051
RCHGF001185	591	363.884	1076	59.8913
RCHGF001186	216	45.2323	154	68.9583
RCHGF001187	432	209.294	57	5.51611
RCHGF001188	543	316.405	90	5.7612
RCHGF001189	1650	1422.23	376	5.35467
RCHGF001190	855	627.256	153	4.94039
RCHGF001191	1125	897.227	159	3.58929
RCHGF001192	453	229.097	161	14.2338
RCHGF001193	417	195.377	61	6.3237
RCHGF001195	765	537.317	921	34.7171
RCHGF001196	987	759.227	2392	63.8122
RCHGF001197	147	19.1835	46	48.5674
RCHGF001198	1434	1206.23	1346	22.6011
RCHGF001199	2376	2148.23	3388	31.9431
RCHGF001200	465	240.571	1098	92.443
RCHGF001201	111	11.0914	11	20.0872
RCHGF001202	1785	1557.23	1022	13.2927
RCHGF001203	1596	1368.23	301	4.45577
RCHGF001204	1578	1350.23	617	9.25534
RCHGF001205	147	19.1835	20	21.1163
RCHGF001206	306	100.919	79	15.855
RCHGF001207	144	18.2938	1448.28	1603.49
RCHGF001208	408	187.124	37338.7	4041.5
RCHGF001209	1680	1452.23	4902	68.368
RCHGF001210	1206	978.227	4249	87.9754
RCHGF001211	855	627.256	1078	34.8087
RCHGF001212	612	384.755	1016	53.484
RCHGF001213	324	114.554	387	68.4249
RCHGF001214	252	64.4259	65	20.4346
RCHGF001215	813	585.256	993	34.3651
RCHGF001216	156	21.9113	109	100.756
RCHGF001217	111	11.0914	8	14.6089
RCHGF001218	273	77.9466	98	25.465
RCHGF001219	330	119.344	784	133.055
RCHGF001220	810	582.256	618	21.4975
RCHGF001221	363	146.834	272	37.5194
RCHGF001222	273	77.9466	214	55.6072
RCHGF001223	525	298.722	433	29.3585
RCHGF001224	1131	903.227	292	6.54787
RCHGF001225	756	528.329	789	30.2473
RCHGF001226	819	591.256	116	3.97372
RCHGF001227	699	471.401	93	3.99582
RCHGF001228	606	378.78	78	4.17082
RCHGF001229	1167	939.227	127	2.73872
RCHGF001230	840	612.256	68	2.24952
RCHGF001231	846	618.256	71	2.32597
RCHGF001232	1110	882.227	190	4.36202
RCHGF001233	576	348.979	58	3.36623
RCHGF001234	420	198.109	35	3.57831
RCHGF001235	747	519.347	1427	55.652
RCHGF001236	681	453.432	792	35.3775
RCHGF001237	336	124.149	466	76.0249
RCHGF001238	432	209.294	355	34.3547
RCHGF001239	1236	1008.23	2351	47.229
RCHGF001240	729	501.364	592	23.9157
RCHGF001241	936	708.227	829	23.7081
RCHGF001242	1053	825.227	2093	51.37
RCHGF001243	948	720.227	1273	35.7992
RCHGF001244	972	744.227	3306	89.9729
RCHGF001245	930	702.227	1353	39.0242
RCHGF001246	870	642.249	1253	39.515
RCHGF001247	1365	1137.23	2485	44.2582
RCHGF001248	462	237.688	1490	126.967
RCHGF001249	222	48.1768	395	166.063
RCHGF001250	1035	807.227	162	4.06475
RCHGF001251	798	570.256	140	4.97247
RCHGF001252	1002	774.227	306	8.00511
RCHGF001253	156	21.9113	3	2.77311
RCHGF001254	366	149.468	851	115.317
RCHGF001255	1251	1023.23	3851	76.2282
RCHGF001256	1215	987.227	12863	263.9
RCHGF001257	198	37.3265	38	20.6196
RCHGF001258	1527	1299.23	791	12.3312
RCHGF001259	1200	972.227	5334	111.122
RCHGF001260	777	549.299	2954	108.922
RCHGF001261	459	234.84	361	31.1351
RCHGF001262	1644	1416.23	6391.64	91.41
RCHGF001263	186	32.5834	27	16.7834
RCHGF001264	1158	930.227	1051	22.8838
RCHGF001265	846	618.256	292	9.56597
RCHGF001266	633	405.658	183	9.13703
RCHGF001267	354	139.122	38	5.53226
RCHGF001268	651	423.534	196	9.37307
RCHGF001269	579	351.963	747	42.9871
RCHGF001270	2928	2700.23	7158	53.6915
RCHGF001271	1302	1074.23	2829	53.3398
RCHGF001272	183	31.337	513	331.569
RCHGF001273	666	438.477	1915	88.4579
RCHGF001274	1716	1488.23	778	10.5883
RCHGF001275	1917	1689.23	1736	20.815
RCHGF001276	1749	1521.23	2733	36.3881
RCHGF001277	912	684.227	120	3.55218
RCHGF001278	111	11.0914	8	14.6089
RCHGF001279	1326	1098.23	1364	25.1557
RCHGF001280	2448	2220.23	3233	29.4932
RCHGF001281	540	313.44	6684	431.913
RCHGF001282	759	531.329	1832	69.8354
RCHGF001283	276	79.9923	743	188.129
RCHGF001284	546	319.352	1300	82.4494
RCHGF001285	1278	1050.23	425	8.19634
RCHGF001286	744	516.352	381	14.9449
RCHGF001287	1299	1071.23	693	13.1029
RCHGF001288	1434	1206.23	408	6.85086
RCHGF001289	1425	1197.23	239	4.0433
RCHGF001290	813	585.256	115	3.97985
RCHGF001291	747	519.347	222	8.65784
RCHGF001292	372	154.724	53	6.93797
RCHGF001293	705	477.391	2240	95.036
RCHGF001294	1401	1173.23	1404	24.2381
RCHGF001295	1410	1182.23	1393	23.8652
RCHGF001296	930	702.227	670	19.3246
RCHGF001297	129	14.4401	4	5.61052
RCHGF001298	618	390.725	425	22.0309
RCHGF001299	465	240.571	463	38.981
RCHGF001300	213	43.8069	85	39.2998
RCHGF001301	747	519.347	1363	53.156
RCHGF001302	966	738.227	558	15.3094
RCHGF001303	972	744.227	1958.16	53.2912
RCHGF001304	447	223.395	872	79.0601
RCHGF001305	2208	1980.23	892	9.12355
RCHGF001306	162	23.8329	3	2.54952
RCHGF001307	1068	840.227	190	4.58006
RCHGF001308	1092	864.227	234	5.48406
RCHGF001309	834	606.256	131	4.37653
RCHGF001310	873	645.249	176	5.52459
RCHGF001311	1278	1050.23	291	5.61208
RCHGF001312	1332	1104.23	229	4.20041
RCHGF001313	1008	780.227	2244	58.2527
RCHGF001314	966	738.227	1714	47.0257
RCHGF001315	1122	894.227	1341	30.3735
RCHGF001316	2082	1854.23	7370	80.5042
RCHGF001317	669	441.477	3909	179.338
RCHGF001318	264	72.0519	670	188.34
RCHGF001319	180	30.1565	82	55.0741
RCHGF001320	633	405.658	3874	193.425
RCHGF001321	810	582.256	15069	524.185
RCHGF001322	1074	846.227	1179	28.219
RCHGF001323	114	11.3688	14	24.9417
RCHGF001324	141	17.4158	25	29.0744
RCHGF001325	621	393.716	5814	299.093
RCHGF001326	489	263.666	3326	255.495
RCHGF001327	870	642.249	17158	541.1
RCHGF001328	1368	1140.23	40656	722.183
RCHGF001329	183	31.337	128	82.7306
RCHGF001330	1365	1137.23	2034	36.2258
RCHGF001331	498	272.418	801	59.554
RCHGF001332	477	252.055	488	39.2137
RCHGF001333	915	687.227	721	21.2495
RCHGF001334	948	720.227	1552	43.6452
RCHGF001335	948	720.227	2702	75.9854
RCHGF001336	117	11.9112	22	37.4094
RCHGF001337	348	134.094	1386	209.347
RCHGF001338	132	15.1697	35	46.7309
RCHGF001339	1041	813.227	723	18.007
RCHGF001340	2514	2286.23	2223	19.694
RCHGF001341	957	729.227	1579	43.8565
RCHGF001342	636	408.635	4936	244.655
RCHGF001343	2625	2397.23	5797	48.9788
RCHGF001344	261	70.0859	449	129.757
RCHGF001345	2817	2589.23	16253	127.139
RCHGF001346	1767	1539.23	8872	116.744
RCHGF001347	969	741.227	469	12.8155
RCHGF001348	1443	1215.23	7062	117.702
RCHGF001349	198	37.3265	283680	153931
RCHGF001350	480	254.956	3629	288.294
RCHGF001351	111	11.0914	30	54.7833
RCHGF001352	642	414.594	426	20.8114
RCHGF001353	612	384.755	214	11.2653
RCHGF001354	1323	1095.23	614	11.3548
RCHGF001355	840	612.256	181	5.9877
RCHGF001356	378	159.976	63	7.97626
RCHGF001357	639	411.608	78	3.83818
RCHGF001358	828	600.256	150	5.06138
RCHGF001359	807	579.256	142	4.96515
RCHGF001360	483	257.85	74	5.81272
RCHGF001361	1125	897.227	217	4.8986
RCHGF001362	420	198.109	90	9.20138
RCHGF001363	759	531.329	917	34.9558
RCHGF001364	816	588.256	798	27.4758
RCHGF001365	147	19.1835	13	13.7256
RCHGF001366	1332	1104.23	519	9.5197
RCHGF001367	792	564.256	843	30.2598
RCHGF001368	219	46.7241	45	19.5068
RCHGF001369	369	152.058	234	31.1688
RCHGF001370	453	229.097	182	16.0903
RCHGF001371	165	24.8453	22	17.9346
RCHGF001372	1089	861.227	979	23.0239
RCHGF001373	168	25.7962	19	14.9181
RCHGF001374	2169	1941.23	1417	14.7845
RCHGF001375	864	636.249	404	12.8608
RCHGF001376	879	651.241	656	20.4021
RCHGF001377	1332	1104.23	3229	59.2276
RCHGF001378	399	178.892	2822	319.508
RCHGF001379	1455	1227.23	6895	113.795
RCHGF001380	1398	1170.23	21139	365.871
RCHGF001381	657	429.505	18815	887.258
RCHGF001382	1332	1104.23	4640	85.1087
RCHGF001383	1380	1152.23	5536	97.3133
RCHGF001384	1398	1170.23	3008	52.0621
RCHGF001385	114	11.3688	17	30.2863
RCHGF001386	129	14.4401	71	99.5868
RCHGF001387	339	126.613	569	91.0223
RCHGF001388	342	129.06	131	20.5587
RCHGF001389	336	124.149	592	96.581
RCHGF001390	768	540.317	2052	76.9206
RCHGF001391	159	22.8496	231	204.761
RCHGF001392	2211	1983.23	1960	20.0169
RCHGF001393	1164	936.227	1278	27.648
RCHGF001394	1083	855.227	4715	111.664
RCHGF001395	762	534.317	1197	45.3742
RCHGF001396	261	70.0859	86	24.8532
RCHGF001397	330	119.344	55	9.33421
RCHGF001398	687	459.422	699	30.8162
RCHGF001399	1053	825.227	1607	39.4418
RCHGF001400	1251	1023.23	360	7.12598
RCHGF001401	1071	843.227	4341.22	104.275
RCHGF001402	828	600.256	999	33.7088
RCHGF001403	612	384.755	514	27.0578
RCHGF001404	1806	1578.23	5174	66.4005
RCHGF001405	429	206.486	100	9.80896
RCHGF001406	822	594.256	1170	39.8774
RCHGF001407	528	301.639	1141	76.6148
RCHGF001408	789	561.268	455	16.4193
RCHGF001409	120	12.42	69	112.523
RCHGF001410	438	214.959	506	47.6771
RCHGF001411	648	420.548	258	12.4256
RCHGF001412	1152	924.227	422	9.248
RCHGF001413	486	260.757	145	11.2628
RCHGF001414	870	642.249	215	6.78031
RCHGF001415	1143	915.227	184	4.07196
RCHGF001416	888	660.227	265	8.12955
RCHGF001417	423	200.88	140	14.1158
RCHGF001418	474	249.198	57	4.63281
RCHGF001419	492	266.574	97	7.37
RCHGF001420	585	357.916	83	4.6969
RCHGF001421	243	59.2075	16	5.4734
RCHGF001422	765	537.317	286	10.7808
RCHGF001423	2247	2019.23	15740	157.882
RCHGF001424	1458	1230.23	9012	148.371
RCHGF001426	117	11.9112	94	159.84
RCHGF001427	417	195.377	115	11.9217
RCHGF001428	222	48.1768	982	412.846
RCHGF001430	1764	1536.23	2895	38.1687
RCHGF001431	576	348.979	482	27.9745
RCHGF001432	663	435.477	1927	89.6254
RCHGF001433	867	639.249	3180	100.756
RCHGF001434	1731	1503.23	5363	72.2599
RCHGF001435	747	519.347	1286	50.1531
RCHGF001436	1053	825.227	3436	84.3323
RCHGF001437	123	13.1407	382.948	590.25
RCHGF001438	132	15.1697	2054.05	2742.51
RCHGF001439	150	20.0366	652	659.08
RCHGF001440	1329	1101.23	1990	36.6008
RCHGF001441	1395	1167.23	1943	33.7157
RCHGF001442	876	648.249	153	4.7804
RCHGF001443	456	231.971	112	9.77911
RCHGF001444	945	717.227	162	4.5748
RCHGF001445	753	525.347	201	7.74933
RCHGF001447	939	711.227	410	11.6759
RCHGF001448	666	438.477	249	11.5018
RCHGF001449	645	417.576	222	10.7679
RCHGF001450	927	699.227	220	6.37263
RCHGF001451	429	206.486	68	6.67009
RCHGF001452	504	278.231	72	5.24133
RCHGF001453	858	630.256	186	5.97737
RCHGF001454	819	591.256	254	8.70107
RCHGF001455	891	663.227	263	8.0317
RCHGF001456	843	615.256	1867	61.4615
RCHGF001457	1188	960.227	2017	42.5448
RCHGF001458	1872	1644.23	2760	33.9986
RCHGF001459	351	136.581	954	141.472
RCHGF001460	738	510.352	450	17.859
RCHGF001461	858	630.256	1837	59.0346
RCHGF001462	1071	843.227	2384	57.2632
RCHGF001463	153	20.9287	77	74.5182
RCHGF001464	2274	2046.23	1037	10.2645
RCHGF001465	537	310.499	265	17.2862
RCHGF001466	1611	1383.23	987	14.4523
RCHGF001467	1359	1131.23	792	14.1804
RCHGF001468	1533	1305.23	4113	63.8244
RCHGF001469	486	260.757	2298	178.496
RCHGF001470	714	486.375	183	7.62069
RCHGF001471	660	432.496	194	9.08519
RCHGF001472	615	387.742	111.239	5.81071
RCHGF001473	852	624.256	626	20.3107
RCHGF001474	675	447.437	417	18.8764
RCHGF001475	699	471.401	187	8.03461
RCHGF001476	990	762.227	1121	29.7876
RCHGF001477	1005	777.227	1887	49.1743
RCHGF001478	666	438.477	463	21.3869
RCHGF001479	630	402.676	333	16.7495
RCHGF001480	510	284.111	1536	109.501
RCHGF001481	1431	1203.23	3143	52.9067
RCHGF001482	1392	1164.23	2445	42.5359
RCHGF001483	987	759.227	3635	96.9721
RCHGF001484	1878	1650.23	3291	40.3923
RCHGF001485	2364	2136.23	3714	35.2135
RCHGF001486	738	510.352	257	10.1995
RCHGF001487	1878	1650.23	560	6.87319
RCHGF001488	843	615.256	211	6.9461
RCHGF001489	666	438.477	143	6.60547
RCHGF001490	1029	801.227	521	13.1703
RCHGF001491	678	450.437	417	18.7506
RCHGF001492	888	660.227	766	23.499
RCHGF001493	1506	1278.23	2149	34.052
RCHGF001495	1692	1464.23	5926	81.9723
RCHGF001496	1014	786.227	1041	26.8174
RCHGF001497	888	660.227	848	26.0146
RCHGF001498	453	229.097	102	9.01766
RCHGF001499	606	378.78	266	14.2236
RCHGF001501	897	669.227	492.043	14.8917
RCHGF001502	1086	858.227	314	7.4104
RCHGF001503	816	588.256	335	11.5343
RCHGF001504	843	615.256	244	8.03246
RCHGF001505	771	543.311	190	7.08303
RCHGF001506	492	266.574	123	9.34546
RCHGF001507	417	195.377	225	23.3251
RCHGF001508	1953	1725.23	1047	12.2918
RCHGF001509	1371	1143.23	1052	18.6379
RCHGF001510	171	26.8268	17	12.835
RCHGF001511	777	549.299	327	12.0574
RCHGF001512	126	13.7551	57	83.9317
RCHGF001513	417	195.377	19	1.96968
RCHGF001514	912	684.227	183	5.41708
RCHGF001515	984	756.227	382	10.2312
RCHGF001516	132	15.1697	29	38.7199
RCHGF001517	894	666.227	314	9.546
RCHGF001518	1371	1143.23	722	12.7914
RCHGF001519	114	11.3688	10	17.8155
RCHGF001520	801	573.256	952	33.6359
RCHGF001521	2607	2379.23	1575	13.4078
RCHGF001522	450	226.238	151	13.5184
RCHGF001523	1470	1242.23	742	12.0981
RCHGF001524	2022	1794.23	33296	375.862
RCHGF001525	537	310.499	1385	90.3448
RCHGF001526	1218	990.227	2569	52.5465
RCHGF001527	771	543.311	886	33.0293
RCHGF001528	288	88.0134	443	101.946
RCHGF001529	369	152.058	455	60.606
RCHGF001530	180	30.1565	715.401	480.488
RCHGF001531	387	167.995	1075	129.606
RCHGF001532	1866	1638.23	498	6.157
RCHGF001533	135	15.7958	2	2.5645
RCHGF001534	567	340.052	94	5.59883
RCHGF001535	183	31.337	14	9.04866
RCHGF001536	1098	870.227	3814	88.7692
RCHGF001537	984	756.227	2267	60.7174
RCHGF001538	621	393.716	280	14.4042
RCHGF001539	870	642.249	175	5.51885
RCHGF001540	1578	1350.23	1899	28.4861
RCHGF001541	1671	1443.23	2034	28.545
RCHGF001542	201	38.5091	22	11.5711
RCHGF001543	153	20.9287	225	217.748
RCHGF001544	972	744.227	1501	40.8498
RCHGF001545	1488	1260.23	9117	146.527
RCHGF001546	468	243.421	125	10.4008
RCHGF001547	372	154.724	61	7.98521
RCHGF001548	954	726.227	224	6.24726
RCHGF001549	456	231.971	54	4.71493
RCHGF001550	1581	1353.23	362	5.41816
RCHGF001551	870	642.249	3473	109.526
RCHGF001552	846	618.256	633	20.7372
RCHGF001553	756	528.329	436	16.7146
RCHGF001554	798	570.256	425	15.095
RCHGF001555	420	198.109	221	22.5945
RCHGF001556	1224	996.227	630	12.8084
RCHGF001557	798	570.256	253	8.98597
RCHGF001558	777	549.299	217	8.00138
RCHGF001559	477	252.055	97	7.79453
RCHGF001560	2727	2499.23	862	6.98579
RCHGF001561	735	507.352	525	20.9587
RCHGF001562	1203	975.227	3730	77.4671
RCHGF001563	1341	1113.23	5549	100.959
RCHGF001564	282	83.9038	1473	355.578
RCHGF001565	435	212.118	222	21.1978
RCHGF001566	645	417.576	489	23.7185
RCHGF001567	1056	828.227	1766	43.1872
RCHGF001568	1515	1287.23	3555	55.9369
RCHGF001569	1368	1140.23	349	6.19938
RCHGF001570	660	432.496	336	15.7352
RCHGF001571	837	609.256	219	7.28046
RCHGF001572	771	543.311	134	4.9954
RCHGF001573	471	246.309	108	8.88091
RCHGF001574	414	192.599	33	3.47035
RCHGF001575	843	615.256	138	4.54295
RCHGF001576	648	420.548	112	5.39407
RCHGF001577	1029	801.227	283	7.15394
RCHGF001578	729	501.364	1480	59.7892
RCHGF001579	699	471.401	1561	67.0697
RCHGF001580	540	313.44	494	31.9217
RCHGF001581	1719	1491.23	2187	29.7043
RCHGF001582	867	639.249	5205	164.917
RCHGF001583	1677	1449.23	6462	90.3118
RCHGF001584	885	657.227	2548	78.5232
RCHGF001585	885	657.227	155	4.77673
RCHGF001586	1041	813.227	193	4.80684
RCHGF001587	1158	930.227	219	4.76836
RCHGF001588	834	606.256	125	4.17608
RCHGF001589	753	525.347	147	5.66742
RCHGF001590	480	254.956	78	6.19646
RCHGF001591	399	178.892	111	12.5675
RCHGF001592	2433	2205.23	2503	22.9891
RCHGF001593	1317	1089.23	2191	40.7416
RCHGF001594	1668	1440.23	695	9.7739
RCHGF001595	1230	1002.23	394	7.9624
RCHGF001597	708	480.385	167	7.04111
RCHGF001598	711	483.385	146	6.11749
RCHGF001599	741	513.352	127	5.01074
RCHGF001600	693	465.417	237	10.3138
RCHGF001601	414	192.599	136	14.3021
RCHGF001602	207	41.0021	176	86.9401
RCHGF001603	414	192.599	4128	434.11
RCHGF001604	183	31.337	133	85.9622
RCHGF001605	1104	876.227	18606	430.081
RCHGF001606	135	15.7958	33	42.3142
RCHGF001607	111	11.0914	6	10.9567
RCHGF001608	117	11.9112	80	136.034
RCHGF001609	336	124.149	2002	326.613
RCHGF001610	612	384.755	1335	70.2767
RCHGF001611	333	121.746	620	103.146
RCHGF001612	621	393.716	462	23.7669
RCHGF001613	1227	999.227	1390	28.1751
RCHGF001614	1167	939.227	766	16.5186
RCHGF001615	387	167.995	260	31.3467
RCHGF001616	819	591.256	439	15.0385
RCHGF001617	990	762.227	2140	56.8648
RCHGF001618	363	146.834	580	80.0046
RCHGF001619	1122	894.227	891	20.1811
RCHGF001620	774	546.311	695	25.7667
RCHGF001621	1104	876.227	271	6.26422
RCHGF001622	1272	1044.23	274	5.31459
RCHGF001623	297	94.3535	16	3.4346
RCHGF001624	483	257.85	87	6.83387
RCHGF001625	2868	2640.23	1222	9.37441
RCHGF001626	555	328.226	6343	391.413
RCHGF001627	1260	1032.23	39803	781.007
RCHGF001628	696	468.401	2081	89.9846
RCHGF001629	1599	1371.23	3018	44.5784
RCHGF001630	546	319.352	821	52.07
RCHGF001631	555	328.226	585	36.0991
RCHGF001632	1290	1062.23	1338	25.5125
RCHGF001633	450	226.238	146	13.0708
RCHGF001634	1347	1119.23	519	9.39211
RCHGF001635	462	237.688	742	63.2281
RCHGF001636	876	648.249	438	13.6851
RCHGF001637	2073	1845.23	1303	14.3024
RCHGF001638	648	420.548	115	5.53855
RCHGF001639	480	254.956	90	7.14976
RCHGF001640	888	660.227	269.278	8.2608
RCHGF001641	612	384.755	103	5.4221
RCHGF001642	759	531.329	116	4.4219
RCHGF001643	1287	1059.23	280	5.35406
RCHGF001644	273	77.9466	21	5.45678
RCHGF001645	441	217.722	114	10.6051
RCHGF001646	294	92.2145	1461	320.896
RCHGF001647	552	325.262	3347	208.418
RCHGF001648	1311	1083.23	6170	115.367
RCHGF001649	1482	1254.23	1467	23.6902
RCHGF001650	663	435.477	481	22.3715
RCHGF001651	750	522.347	198	7.67751
RCHGF001652	468	243.421	47	3.91069
RCHGF001653	744	516.352	274	10.7478
RCHGF001654	762	534.317	185	7.01272
RCHGF001655	2739	2511.23	1124	9.06556
RCHGF001656	468	243.421	201	16.7244
RCHGF001657	747	519.347	283	11.0368
RCHGF001658	819	591.256	146	5.0014
RCHGF001659	1131	903.227	472	10.5842
RCHGF001660	387	167.995	42	5.06369
RCHGF001661	564	337.1	1323	79.4904
RCHGF001662	714	486.375	1636	68.1281
RCHGF001663	870	642.249	957	30.1803
RCHGF001664	1230	1002.23	3755	75.8854
RCHGF001665	174	27.946	2007	1454.59
RCHGF001666	1251	1023.23	554	10.9661
RCHGF001667	1398	1170.23	384	6.64623
RCHGF001668	180	30.1565	72	48.3577
RCHGF001669	363	146.834	68	9.37984
RCHGF001670	426	203.683	87	8.65122
RCHGF001671	2028	1800.23	2500	28.1272
RCHGF001672	1422	1194.23	643	10.9053
RCHGF001673	345	131.582	54	8.31209
RCHGF001674	1239	1011.23	313	6.26917
RCHGF001675	318	109.955	89	16.3942
RCHGF001676	1884	1656.23	2119	25.9134
RCHGF001677	756	528.329	402	15.4112
RCHGF001678	126	13.7551	6	8.83491
RCHGF001679	165	24.8453	12	9.78253
RCHGF001680	888	660.227	155	4.75502
RCHGF001681	864	636.249	290	9.23178
RCHGF001682	729	501.364	1162	46.9426
RCHGF001683	537	310.499	44019	2871.4
RCHGF001684	405	184.412	8902	977.713
RCHGF001685	486	260.757	751	58.3335
RCHGF001686	804	576.256	1845	64.8478
RCHGF001687	849	621.256	830	27.0596
RCHGF001689	561	334.145	207	12.5473
RCHGF001690	1263	1035.23	4404	86.164
RCHGF001691	426	203.683	1127	112.068
RCHGF001692	1083	855.227	850	20.1304
RCHGF001693	750	522.347	174	6.7469
RCHGF001694	714	486.375	253	10.5357
RCHGF001695	735	507.352	1213	48.4245
RCHGF001696	843	615.256	388	12.7729
RCHGF001697	168	25.7962	14	10.9923
RCHGF001698	780	552.299	499	18.2995
RCHGF001699	1197	969.227	431	9.0067
RCHGF001700	1104	876.227	4079	94.2869
RCHGF001701	468	243.421	20605	1714.46
RCHGF001702	774	546.311	23348	865.613
RCHGF001703	864	636.249	317	10.0913
RCHGF001704	852	624.256	120	3.89343
RCHGF001705	1086	858.227	310	7.316
RCHGF001706	309	103.16	89	17.474
RCHGF001707	453	229.097	108	9.54812
RCHGF001708	1962	1734.23	377	4.40301
RCHGF001709	888	660.227	216	6.62635
RCHGF001710	1470	1242.23	637	10.3861
RCHGF001711	228	51.1215	28	11.0935
RCHGF001712	1173	945.227	479	10.2639
RCHGF001713	447	223.395	198	17.9517
RCHGF001714	1581	1353.23	27701	414.609
RCHGF001715	990	762.227	451	11.9841
RCHGF001716	906	678.227	1302	38.8821
RCHGF001717	615	387.742	754	39.3861
RCHGF001718	564	337.1	676	40.6164
RCHGF001719	684	456.427	5044	223.83
RCHGF001720	1044	816.227	31100	771.727
RCHGF001721	420	198.109	54	5.52083
RCHGF001722	435	212.118	49	4.67879
RCHGF001723	324	114.554	35	6.18829
RCHGF001724	924	696.227	216	6.28372
RCHGF001725	1545	1317.23	3495	53.7404
RCHGF001726	726	498.364	746	30.3184
RCHGF001727	288	88.0134	130.369	30.0012
RCHGF001728	468	243.421	269	22.3824
RCHGF001729	789	561.268	399	14.3985
RCHGF001730	585	357.916	352	19.9194
RCHGF001731	609	381.759	120	6.36658
RCHGF001732	729	501.364	113	4.56499
RCHGF001733	783	555.299	183	6.6748
RCHGF001734	471	246.309	67	5.50945
RCHGF001735	444	220.525	41	3.76566
RCHGF001736	1656	1428.23	247	3.50279
RCHGF001737	1002	774.227	124	3.2439
RCHGF001738	849	621.256	122	3.97744
RCHGF001739	744	516.352	803	31.498
RCHGF001741	891	663.227	600.722	18.3453
RCHGF001743	450	226.238	7795	697.854
RCHGF001745	843	615.256	779	25.6446
RCHGF001746	1512	1284.23	1151	18.153
RCHGF001747	606	378.78	1717	91.8115
RCHGF001748	723	495.364	1153	47.1432
RCHGF001749	477	252.055	600	48.2136
RCHGF001750	612	384.755	2534	133.394
RCHGF001752	390	170.676	47980	5693.81
RCHGF001754	1671	1443.23	448	6.2872
RCHGF001755	1482	1254.23	3806	61.462
RCHGF001756	1260	1032.23	3547	69.5985
RCHGF001757	702	474.401	565	24.1222
RCHGF001758	717	489.375	2738	113.32
RCHGF001759	678	450.437	1437	64.6155
RCHGF001761	1254	1026.23	2242	44.2493
RCHGF001762	336	124.149	100	16.3144
RCHGF001763	291	90.0816	326	73.2986
RCHGF001764	261	70.0859	1252	361.816
RCHGF001765	135	15.7958	0	0
RCHGF001766	348	134.094	30	4.53133
RCHGF001767	300	96.5016	15	3.14826
RCHGF001768	462	237.688	178	15.1679
RCHGF001769	1035	807.227	817	20.4994
RCHGF001770	333	121.746	102	16.9692
RCHGF001771	1314	1086.23	588	10.964
RCHGF001772	1563	1335.23	833	12.6358
RCHGF001773	510	284.111	179	12.7608
RCHGF001774	135	15.7958	2	2.5645
RCHGF001775	1833	1605.23	1358	17.1347
RCHGF001776	1812	1584.23	1281	16.3774
RCHGF001777	255	66.3398	400	122.124
RCHGF001778	492	266.574	920	69.901
RCHGF001779	378	159.976	571	72.2928
RCHGF001780	417	195.377	132	13.6841
RCHGF001781	1170	942.227	170	3.65433
RCHGF001782	135	15.7958	1	1.28225
RCHGF001783	156	21.9113	6	5.54622
RCHGF001784	420	198.109	2164	221.242
RCHGF001785	1479	1251.23	3332	53.9365
RCHGF001786	2583	2355.23	1075	9.24464
RCHGF001787	681	453.432	229	10.2291
RCHGF001788	1002	774.227	221	5.78147
RCHGF001789	687	459.422	113	4.98174
RCHGF001790	693	465.417	158	6.87589
RCHGF001791	438	214.959	123	11.5895
RCHGF001792	849	621.256	318	10.3674
RCHGF001793	738	510.352	219	8.69137
RCHGF001794	717	489.375	163	6.74622
RCHGF001795	408	187.124	1201	129.995
RCHGF001796	636	408.635	993	49.2184
RCHGF001797	855	627.256	1058	34.1629
RCHGF001798	372	154.724	278	36.3916
RCHGF001799	720	492.375	386	15.8784
RCHGF001800	402	181.626	99	11.0401
RCHGF001801	141	17.4158	32	37.2153
RCHGF001803	885	657.227	340	10.478
RCHGF001804	561	334.145	22	1.33353
RCHGF001805	549	322.309	59	3.7076
RCHGF001806	1431	1203.23	2231	37.5549
RCHGF001807	822	594.256	1348	45.9442
RCHGF001808	1386	1158.23	1133	19.813
RCHGF001809	1065	837.227	1290	31.2076
RCHGF001810	1164	936.227	3626	78.4442
RCHGF001811	1044	816.227	846	20.993
RCHGF001812	1605	1377.23	1255	18.4566
RCHGF001813	600	372.835	98	5.32383
RCHGF001814	294	92.2145	61	13.3981
RCHGF001815	186	32.5834	866.912	538.88
RCHGF001816	1308	1080.23	234	4.38748
RCHGF001817	465	240.571	401	33.7611
RCHGF001819	801	573.256	2296	81.1218
RCHGF001820	780	552.299	3183	116.728
RCHGF001821	744	516.352	1640	64.3297
RCHGF001822	162	23.8329	34	28.8945
RCHGF001823	183	31.337	136	87.9012
RCHGF001824	852	624.256	226	7.33263
RCHGF001825	504	278.231	102	7.42522
RCHGF001826	1050	822.227	4752	117.057
RCHGF001827	1071	843.227	1357	32.5949
RCHGF001828	1977	1749.23	4353	50.403
RCHGF001829	951	723.227	1295	36.2668
RCHGF001830	1875	1647.23	268	3.2953
RCHGF001831	1044	816.227	172	4.26807
RCHGF001832	321	112.227	23	4.15093
RCHGF001833	330	119.344	40	6.78852
RCHGF001834	1332	1104.23	273	5.00747
RCHGF001835	1077	849.227	187	4.45997
RCHGF001836	1182	954.227	156	3.31121
RCHGF001837	453	229.097	1211	107.063
RCHGF001838	420	198.109	603	61.6492
RCHGF001839	561	334.145	1602	97.1049
RCHGF001840	462	237.688	859	73.198
RCHGF001841	438	214.959	931	87.722
RCHGF001842	1245	1017.23	1146	22.8182
RCHGF001843	1299	1071.23	6065	114.674
RCHGF001844	486	260.757	5654	439.171
RCHGF001845	501	275.326	979	72.0194
RCHGF001846	711	483.385	2335	97.838
RCHGF001847	1206	978.227	2163	44.7848
RCHGF001848	888	660.227	355	10.8905
RCHGF001849	123	13.1407	3	4.62399
RCHGF001850	354	139.122	125	18.1982
RCHGF001851	348	134.094	546	82.4702
RCHGF001852	1146	918.227	5559	122.62
RCHGF001853	558	331.171	13693	837.453
RCHGF001854	192	34.9851	2792	1616.39
RCHGF001855	360	144.248	1259	176.779
RCHGF001856	435	212.118	4600	439.233
RCHGF001857	1305	1077.23	1440	27.0751
RCHGF001858	186	32.5834	890	553.232
RCHGF001859	1320	1092.23	5174	95.9462
RCHGF001860	114	11.3688	24	42.7572
RCHGF001861	1317	1089.23	3164	58.8345
RCHGF001862	879	651.241	9360	291.104
RCHGF001863	378	159.976	6615	837.507
RCHGF001864	129	14.4401	8	11.221
RCHGF001865	765	537.317	1355	51.0767
RCHGF001866	2343	2115.23	1349	12.9172
RCHGF001867	918	690.227	650	19.0737
RCHGF001868	675	447.437	1281	57.9871
RCHGF001869	855	627.256	1782	57.541
RCHGF001870	891	663.227	215	6.56584
RCHGF001871	1191	963.227	3313	69.6638
RCHGF001872	147	19.1835	405	427.604
RCHGF001873	291	90.0816	495	111.297
RCHGF001874	1161	933.227	1673	36.3097
RCHGF001875	807	579.256	545	19.0564
RCHGF001876	777	549.299	3374	124.409
RCHGF001877	759	531.329	2569	97.9297
RCHGF001878	1014	786.227	4424	113.968
RCHGF001879	618	390.725	6636	343.993
RCHGF001880	1812	1584.23	39751	508.212
RCHGF001881	1191	963.227	7149	150.325
RCHGF001882	1113	885.227	9440	215.989
RCHGF001884	1290	1062.23	1304	24.8642
RCHGF001885	1395	1167.23	3189	55.3367
RCHGF001886	675	447.437	2147	97.1884
RCHGF001887	444	220.525	255	23.4205
RCHGF001888	1374	1146.23	295	5.21273
RCHGF001889	513	287.032	1185	83.6185
RCHGF001890	1356	1128.23	927	16.6417
RCHGF001891	837	609.256	1067	35.4715
RCHGF001892	567	340.052	1147	68.3176
RCHGF001893	381	162.597	53	6.60201
RCHGF001894	603	375.818	177	9.53915
RCHGF001895	606	378.78	602	32.1902
RCHGF001896	126	13.7551	12	17.6698
RCHGF001897	1419	1191.23	469	7.9743
RCHGF001898	1932	1704.23	1011	12.0154
RCHGF001899	855	627.256	363	11.7213
RCHGF001900	579	351.963	482	27.7373
RCHGF001901	1662	1434.23	3031	42.8038
RCHGF001902	993	765.227	3640	96.3441
RCHGF001903	489	263.666	170	13.059
RCHGF001904	1668	1440.23	2572	36.1705
RCHGF001905	1200	972.227	889	18.5203
RCHGF001906	1317	1089.23	7367	136.989
RCHGF001907	1398	1170.23	999	17.2906
RCHGF001908	1449	1221.23	1907	31.6278
RCHGF001909	126	13.7551	0	0
RCHGF001910	972	744.227	960	26.1264
RCHGF001911	669	441.477	128	5.87241
RCHGF001912	1491	1263.23	452	7.24722
RCHGF001913	861	633.249	672	21.4936
RCHGF001914	1719	1491.23	708	9.6162
RCHGF001915	183	31.337	82	52.9993
RCHGF001916	504	278.231	2576	187.523
RCHGF001917	1101	873.227	609	14.1255
RCHGF001918	327	116.946	315	54.5557
RCHGF001919	171	26.8268	88	66.4397
RCHGF001920	255	66.3398	676	206.389
RCHGF001921	411	189.873	101	10.7739
RCHGF001922	465	240.571	1017	85.6234
RCHGF001923	1272	1044.23	10331	200.383
RCHGF001924	561	334.145	84	5.09164
RCHGF001925	243	59.2075	8799	3010.03
RCHGF001926	495	269.497	2048	153.918
RCHGF001927	591	363.884	1901	105.812
RCHGF001928	507	281.162	1447	104.238
RCHGF001929	585	357.916	969	54.8349
RCHGF001930	1671	1443.23	2957	41.4983
RCHGF001931	828	600.256	2485	83.8502
RCHGF001932	1335	1107.23	1292	23.6341
RCHGF001933	249	62.6112	19	6.14632
RCHGF001934	1005	777.227	510	13.2904
RCHGF001935	1164	936.227	1471	31.8233
RCHGF001936	891	663.227	1138	34.7532
RCHGF001937	1020	792.227	5231	133.736
RCHGF001938	876	648.249	1060	33.1191
RCHGF001939	462	237.688	11242	957.965
RCHGF001940	144	18.2938	54	59.7867
RCHGF001941	531	304.585	226	15.0285
RCHGF001942	2064	1836.23	2452	27.0463
RCHGF001943	1617	1389.23	74218	1082.06
RCHGF001944	264	72.0519	8379	2355.38
RCHGF001945	123	13.1407	47	72.4426
RCHGF001946	933	705.227	3182	91.3872
RCHGF001947	1737	1509.23	3925	52.6744
RCHGF001948	522	295.785	727	49.782
RCHGF001950	624	396.703	316	16.1338
RCHGF001951	1902	1674.23	3764	45.5354
RCHGF001952	549	322.309	10709	672.961
RCHGF001953	1230	1002.23	1392	28.1311
RCHGF001954	903	675.227	867	26.0066
RCHGF001955	318	109.955	11	2.02625
RCHGF001956	396	176.172	22	2.5293
RCHGF001957	126	13.7551	0	0
RCHGF001958	111	11.0914	0	0
RCHGF001959	690	462.422	93	4.07342
RCHGF001960	780	552.299	93	3.41054
RCHGF001961	1023	795.227	89	2.2668
RCHGF001962	159	22.8496	10	8.86412
RCHGF001963	375	157.32	19	2.44615
RCHGF001964	1581	1353.23	253	3.78673
RCHGF001965	1077	849.227	582	13.8808
RCHGF001966	1419	1191.23	7112	120.924
RCHGF001967	960	732.227	8469	234.261
RCHGF001968	912	684.227	474	14.0311
RCHGF001969	1194	966.227	1323	27.7329
RCHGF001970	591	363.884	205	11.4105
RCHGF001971	828	600.256	579	19.5369
RCHGF001972	2583	2355.23	4701	40.427
RCHGF001973	954	726.227	2746	76.5847
RCHGF001974	774	546.311	114	4.22648
RCHGF001975	573	346.01	94	5.50242
RCHGF001976	1107	879.227	4455	102.627
RCHGF001977	774	546.311	374	13.8658
RCHGF001978	564	337.1	91	5.46759
RCHGF001979	552	325.262	1391	86.6178
RCHGF001980	834	606.256	2071	69.1892
RCHGF001981	687	459.422	80	3.52689
RCHGF001982	408	187.124	126	13.6381
RCHGF001983	591	363.884	3564	198.376
RCHGF001984	744	516.352	410	16.0824
RCHGF001986	765	537.317	5521	208.114
RCHGF001987	246	60.8691	807	268.529
RCHGF001988	369	152.058	2291	305.161
RCHGF001989	705	477.391	603	25.5834
RCHGF001990	1284	1056.23	240	4.60223
RCHGF001991	378	159.976	68	8.60929
RCHGF001992	1089	861.227	195	4.58597
RCHGF001993	312	105.397	47	9.03197
RCHGF001994	441	217.722	98	9.1167
RCHGF001995	1941	1713.23	1050	12.4133
RCHGF001996	1245	1017.23	1213	24.1522
RCHGF001997	885	657.227	2837	87.4295
RCHGF001998	1227	999.227	2777	56.2893
RCHGF001999	372	154.724	144	18.8503
RCHGF002000	726	498.364	360	14.6309
RCHGF002001	327	116.946	1264	218.916
RCHGF002002	438	214.959	408	38.4432
RCHGF002003	507	281.162	237	17.0728
RCHGF002004	177	29.1318	66	45.8871
RCHGF002005	642	414.594	189	9.23321
RCHGF002006	603	375.818	111	5.98218
RCHGF002007	360	144.248	81	11.3734
RCHGF002008	837	609.256	548	18.2178
RCHGF002009	705	477.391	538	22.8256
RCHGF002010	657	429.505	275	12.9682
RCHGF002011	414	192.599	1223	128.613
RCHGF002012	1215	987.227	9390	192.647
RCHGF002013	1185	957.227	682	14.4306
RCHGF002014	642	414.594	171	8.35385
RCHGF002015	1422	1194.23	6823	115.718
RCHGF002016	1314	1086.23	3405	63.4908
RCHGF002017	654	426.534	2046	97.1552
RCHGF002018	984	756.227	6384.71	171.003
RCHGF002019	804	576.256	162	5.69395
RCHGF002020	414	192.599	360	37.8584
RCHGF002021	360	144.248	1406	197.42
RCHGF002022	318	109.955	982	180.888
RCHGF002023	1653	1425.23	3040	43.202
RCHGF002024	1737	1509.23	3719	49.9098
RCHGF002025	1626	1398.23	3867	56.0158
RCHGF002026	246	60.8691	174	57.8984
RCHGF002027	762	534.317	1622	61.4845
RCHGF002028	912	684.227	296	8.76205
RCHGF002029	399	178.892	47	5.32135
RCHGF002030	1227	999.227	480	9.72952
RCHGF002031	804	576.256	256	8.99785
RCHGF002032	771	543.311	141	5.25635
RCHGF002033	471	246.309	67	5.50945
RCHGF002034	2688	2460.23	692	5.69698
RCHGF002035	120	12.42	43	70.1228
RCHGF002036	594	366.863	451	24.8992
RCHGF002037	957	729.227	1187.64	32.9865
RCHGF002038	765	537.317	1517	57.1833
RCHGF002039	987	759.227	1389	37.0548
RCHGF002040	462	237.688	302	25.7343
RCHGF002041	942	714.227	576	16.3343
RCHGF002042	1125	897.227	2958	66.7744
RCHGF002043	141	17.4158	117	136.068
RCHGF002044	1095	867.227	1494	34.8925
RCHGF002045	159	22.8496	270	239.331
RCHGF002046	1464	1236.23	3201	52.4447
RCHGF002047	780	552.299	2542	93.2213
RCHGF002048	123	13.1407	21	32.368
RCHGF002050	1548	1320.23	189	2.89953
RCHGF002051	810	582.256	73	2.53935
RCHGF002052	783	555.299	128	4.66871
RCHGF002053	321	112.227	51	9.20424
RCHGF002054	1092	864.227	113	2.64829
RCHGF002055	225	49.6206	2	0.816361
RCHGF002056	228	51.1215	16	6.33914
RCHGF002057	357	141.65	135	19.3033
RCHGF002059	444	220.525	191	17.5424
RCHGF002060	198	37.3265	9	4.88359
RCHGF002061	1899	1671.23	1280	15.5127
RCHGF002062	117	11.9112	25	42.5107
RCHGF002063	1188	960.227	6125	129.195
RCHGF002064	204	39.7241	39	19.8849
RCHGF002065	231	52.5809	27	10.4004
RCHGF002066	417	195.377	170	17.6234
RCHGF002067	357	141.65	2585	369.623
RCHGF002068	222	48.1768	37	15.5553
RCHGF002069	1683	1455.23	255	3.54914
RCHGF002070	621	393.716	5550	285.512
RCHGF002071	906	678.227	63	1.88139
RCHGF002072	1005	777.227	108	2.81443
RCHGF002073	2187	1959.23	343	3.54588
RCHGF002074	2448	2220.23	266	2.4266
RCHGF002075	402	181.626	31	3.457
RCHGF002076	501	275.326	32	2.35405
RCHGF002077	486	260.757	18	1.39814
RCHGF002078	267	74.0153	14	3.83108
RCHGF002079	219	46.7241	18	7.80271
RCHGF002080	141	17.4158	2	2.32595
RCHGF002081	1194	966.227	162	3.39586
RCHGF002082	1392	1164.23	202	3.51421
RCHGF002083	381	162.597	47	5.85461
RCHGF002084	327	116.946	37	6.40813
RCHGF002085	3057	2829.23	538	3.85149
RCHGF002086	378	159.976	2173	275.118
RCHGF002087	384	165.3	11602	1421.58
RCHGF002088	138	16.553	18846	23059.9
RCHGF002089	918	690.227	102.137	2.99713
RCHGF002090	486	260.757	15	1.16512
RCHGF002091	123	13.1407	6	9.24799
RCHGF002092	429	206.486	7	0.686627
RCHGF002093	624	396.703	43	2.19542
RCHGF002094	639	411.608	59	2.90324
RCHGF002095	1362	1134.23	246	4.39288
RCHGF002097	411	189.873	115	12.2673
RCHGF002099	1776	1548.23	11876	155.364
RCHGF002101	1461	1233.23	2127	34.9332
RCHGF002102	1401	1173.23	1827	31.5406
RCHGF002103	2220	1992.23	2462	25.0301
RCHGF002104	1272	1044.23	4016	77.8956
RCHGF002105	2247	2019.23	315	3.15965
RCHGF002106	696	468.401	82	3.54577
RCHGF002107	615	387.742	8013	418.568
RCHGF002108	837	609.256	1086	36.1031
RCHGF002109	378	159.976	237	30.0059
RCHGF002110	594	366.863	140	7.72926
RCHGF002111	525	298.722	3777	256.09
RCHGF002112	1308	1080.23	3029	56.7935
RCHGF002113	153	20.9287	32	30.9686
RCHGF002114	117	11.9112	13	22.1056
RCHGF002115	924	696.227	2346	68.2482
RCHGF002116	135	15.7958	467	598.81
RCHGF002117	1317	1089.23	1250	23.2437
RCHGF002118	1920	1692.23	10931	130.832
RCHGF002119	1332	1104.23	2100	38.519
RCHGF002120	996	768.227	2510	66.1757
RCHGF002121	189	33.7571	636.687	382.01
RCHGF002122	369	152.058	628	83.6496
RCHGF002123	222	48.1768	847	356.09
RCHGF002124	138	16.553	1437	1758.31
RCHGF002125	618	390.725	1678	86.9832
RCHGF002126	1245	1017.23	3846	76.5783
RCHGF002127	792	564.256	1316	47.2383
RCHGF002128	1941	1713.23	9340	110.42
RCHGF002129	459	234.84	353	30.4451
RCHGF002130	324	114.554	758	134.021
RCHGF002131	402	181.626	332	37.0233
RCHGF002132	585	357.916	197	11.1481
RCHGF002133	912	684.227	580	17.1689
RCHGF002134	2379	2151.23	1849	17.4086
RCHGF002135	804	576.256	699	24.5684
RCHGF002136	912	684.227	639	18.9154
RCHGF002137	615	387.742	249	13.0068
RCHGF002138	1359	1131.23	864	15.4696
RCHGF002139	126	13.7551	49	72.1518
RCHGF002140	237	55.7643	104	37.7738
RCHGF002141	138	16.553	208	254.508
RCHGF002142	642	414.594	3392	165.709
RCHGF002143	699	471.401	513	22.0415
RCHGF002144	714	486.375	7020	292.335
RCHGF002145	1188	960.227	12620	266.195
RCHGF002146	252	64.4259	955	300.232
RCHGF002147	2337	2109.23	3800	36.49
RCHGF002148	951	723.227	906	25.3728
RCHGF002149	1254	1026.23	628	12.3945
RCHGF002150	309	103.16	2619	514.208
RCHGF002151	1044	816.227	20009	496.511
RCHGF002152	1920	1692.23	53135	635.969
RCHGF002153	441	217.722	9472	881.157
RCHGF002154	306	100.919	16538	3319.12
RCHGF002155	594	366.863	8725	481.698
RCHGF002156	1749	1521.23	42597	567.152
RCHGF002157	1440	1212.23	32986	551.137
RCHGF002158	660	432.496	11485	537.853
RCHGF002159	1350	1122.23	18929	341.634
RCHGF002160	189	33.7571	2291	1374.59
RCHGF002162	1602	1374.23	8091	119.25
RCHGF002164	1833	1605.23	17031	214.891
RCHGF002165	1311	1083.23	292	5.45981
RCHGF002166	585	357.916	1166	65.983
RCHGF002167	540	313.44	306	19.7734
RCHGF002168	753	525.347	2154	83.0451
RCHGF002169	1230	1002.23	363	7.33592
RCHGF002170	1089	861.227	2213	52.0449
RCHGF002171	414	192.599	10006	1052.25
RCHGF002172	288	88.0134	105	24.1632
RCHGF002173	150	20.0366	70	70.7601
RCHGF002174	531	304.585	217	14.43
RCHGF002175	1575	1347.23	629	9.45636
RCHGF002176	846	618.256	479	15.6921
RCHGF002177	1893	1665.23	1333	16.2133
RCHGF002178	1629	1401.23	3724	53.8289
RCHGF002180	1701	1473.23	4732	65.0563
RCHGF002181	126	13.7551	369	543.347
RCHGF002183	429	206.486	3556	348.806
RCHGF002185	984	756.227	3548	95.0267
RCHGF002186	711	483.385	567	23.7577
RCHGF002187	204	39.7241	179	91.2668
RCHGF002188	222	48.1768	137	57.5966
RCHGF002189	438	214.959	284	26.7595
RCHGF002190	126	13.7551	55	80.9867
RCHGF002191	870	642.249	6447	203.315
RCHGF002192	1311	1083.23	3879	72.5295
RCHGF002193	960	732.227	1955	54.0773
RCHGF002194	1404	1176.23	295	5.07978
RCHGF002195	1917	1689.23	411	4.92797
RCHGF002196	114	11.3688	2	3.5631
RCHGF002197	888	660.227	12789	392.335
RCHGF002198	183	31.337	1169	755.563
RCHGF002199	1902	1674.23	598	7.23437
RCHGF002200	747	519.347	183	7.13687
RCHGF002201	1005	777.227	219	5.70703
RCHGF002202	666	438.477	498	23.0037
RCHGF002203	2166	1938.23	3168	33.1051
RCHGF002204	2166	1938.23	9568	99.984
RCHGF002205	309	103.16	156	30.6286
RCHGF002206	933	705.227	2338	67.1475
RCHGF002207	429	206.486	4640	455.136
RCHGF002208	1032	804.227	2665	67.117
RCHGF002209	1572	1344.23	932	14.0429
RCHGF002210	4344	4116.23	9315	45.835
RCHGF002211	129	14.4401	5	7.01315
RCHGF002212	390	170.676	470	55.7751
RCHGF002213	489	263.666	202	15.5171
RCHGF002214	615	387.742	176	9.19357
RCHGF002215	648	420.548	196	9.43962
RCHGF002216	486	260.757	120	9.32093
RCHGF002217	954	726.227	434	12.1041
RCHGF002218	1185	957.227	1808	38.2558
RCHGF002219	696	468.401	1003	43.3708
RCHGF002220	366	149.468	289	39.1618
RCHGF002221	198	37.3265	196	106.354
RCHGF002222	780	552.299	2437	89.3707
RCHGF002224	1179	951.227	1338	28.4896
RCHGF002225	705	477.391	491	20.8316
RCHGF002226	2169	1941.23	5663	59.086
RCHGF002227	174	27.946	391	283.381
RCHGF002228	1095	867.227	756	17.6564
RCHGF002230	618	390.725	1011.63	52.4405
RCHGF002231	368	151.203	2111	282.775
RCHGF002233	852	624.256	7955	258.102
RCHGF002234	321	112.227	15052	2716.51
RCHGF002235	126	13.7551	119	175.226
RCHGF002236	1686	1458.23	1915	26.5985
RCHGF002237	699	471.401	1203	51.6879
RCHGF002238	1107	879.227	3611	83.1842
RCHGF002239	1191	963.227	31191	655.866
RCHGF002240	1242	1014.23	8261	164.973
RCHGF002241	1860	1632.23	520	6.45263
RCHGF002242	390	170.676	96	11.3924
RCHGF002243	1525	1297.23	5393	84.2032
RCHGF002246	618	390.725	8271	428.747
RCHGF002247	189	33.7571	319	191.399
RCHGF002248	372	154.724	1491	195.179
RCHGF002249	705	477.391	5998	254.476
RCHGF002250	243	59.2075	541	185.069
RCHGF002251	516	289.948	4793	334.812
RCHGF002252	549	322.309	2310	145.162
RCHGF002253	1518	1290.23	17212	270.196
RCHGF002254	837	609.256	11185	371.835
RCHGF002255	1398	1170.23	14454	250.168
RCHGF002256	390	170.676	2796	331.803
RCHGF002257	147	19.1835	65	68.6279
RCHGF002258	2811	2583.23	2571	20.1583
RCHGF002259	474	249.198	848	68.9232
RCHGF002260	288	88.0134	57	13.1172
RCHGF002261	1344	1116.23	237	4.30041
RCHGF002262	174	27.946	12	8.69712
RCHGF002263	987	759.227	188	5.01534
RCHGF002264	645	417.576	65	3.15277
RCHGF002265	1038	810.227	167	4.17469
RCHGF002266	1326	1098.23	2058	37.9549
RCHGF002267	780	552.299	321	11.7719
RCHGF002268	666	438.477	330	15.2434
RCHGF002269	444	220.525	171	15.7055
RCHGF002270	846	618.256	1081	35.4137
RCHGF002271	195	36.105	17	9.53664
RCHGF002272	213	43.8069	215	99.4055
RCHGF002273	195	36.105	99	55.5369
RCHGF002274	408	187.124	577	62.4539
RCHGF002275	1101	873.227	3268	75.8
RCHGF002276	1353	1125.23	1282	23.0761
RCHGF002277	984	756.227	916.779	24.5542
RCHGF002279	1083	855.227	6113.29	144.78
RCHGF002280	120	12.42	211	344.091
RCHGF002281	1815	1587.23	18405	234.861
RCHGF002282	135	15.7958	50	64.1124
RCHGF002283	426	203.683	1027	102.124
RCHGF002284	648	420.548	2024	97.4786
RCHGF002285	1968	1740.23	1314	15.2934
RCHGF002286	771	543.311	401	14.9489
RCHGF002287	993	765.227	527	13.9487
RCHGF002288	687	459.422	453	19.971
RCHGF002289	555	328.226	2247	138.658
RCHGF002290	744	516.352	34195	1341.31
RCHGF002291	1176	948.227	37920	809.972
RCHGF002292	1578	1350.23	2080	31.2012
RCHGF002293	267	74.0153	19	5.19932
RCHGF002294	366	149.468	48	6.50438
RCHGF002295	114	11.3688	16	28.5048
RCHGF002296	228	51.1215	55	21.7908
RCHGF002297	1512	1284.23	21282	335.649
RCHGF002299	504	278.231	365	26.5707
RCHGF002300	912	684.227	1149	34.0121
RCHGF002301	1800	1572.23	1312	16.9018
RCHGF002302	711	483.385	735	30.797
RCHGF002303	816	588.256	357	12.2918
RCHGF002304	750	522.347	383	14.8509
RCHGF002305	474	249.198	141	11.4601
RCHGF002306	393	173.397	67	7.82615
RCHGF002307	1161	933.227	439	9.52777
RCHGF002308	705	477.391	166	7.04285
RCHGF002309	735	507.352	112	4.47118
RCHGF002310	495	269.497	506	38.0287
RCHGF002311	126	13.7551	7	10.3074
RCHGF002312	813	585.256	1215	42.0479
RCHGF002313	1236	1008.23	1037	20.8322
RCHGF002314	657	429.505	391	18.4384
RCHGF002315	138	16.553	210	256.955
RCHGF002316	546	319.352	1069	67.7988
RCHGF002317	2274	2046.23	2279	22.5582
RCHGF002318	459	234.84	107	9.22841
RCHGF002319	771	543.311	440	16.4028
RCHGF002320	816	588.256	766	26.374
RCHGF002321	966	738.227	688	18.8761
RCHGF002322	1002	774.227	830	21.7132
RCHGF002323	501	275.326	21	1.54485
RCHGF002324	1308	1080.23	288	5.39997
RCHGF002325	1515	1287.23	749	11.7853
RCHGF002326	660	432.496	340	15.9225
RCHGF002327	1062	834.227	1082	26.2698
RCHGF002328	1404	1176.23	763	13.1386
RCHGF002329	726	498.364	608	24.7099
RCHGF002330	687	459.422	447	19.7065
RCHGF002331	1227	999.227	907	18.3847
RCHGF002332	705	477.391	566	24.0136
RCHGF002333	417	195.377	115	11.9217
RCHGF002334	921	693.227	135	3.94432
RCHGF002335	960	732.227	128	3.54061
RCHGF002336	1383	1155.23	193	3.3838
RCHGF002337	855	627.256	156	5.03726
RCHGF002338	510	284.111	80	5.70316
RCHGF002339	891	663.227	1047	31.9741
RCHGF002340	648	420.548	96	4.62349
RCHGF002341	399	178.892	140	15.8508
RCHGF002342	411	189.873	39	4.16021
RCHGF002343	819	591.256	153	5.24119
RCHGF002344	762	534.317	169	6.40622
RCHGF002345	474	249.198	93	7.55879
RCHGF002346	1020	792.227	216	5.52228
RCHGF002347	2088	1860.23	960	10.4525
RCHGF002348	162	23.8329	15	12.7476
RCHGF002349	843	615.256	959	31.5702
RCHGF002350	1458	1230.23	316	5.20255
RCHGF002351	633	405.658	131	6.54072
RCHGF002352	1086	858.227	135	3.186
RCHGF002353	1026	798.227	139	3.52698
RCHGF002354	1248	1020.23	383	7.60354
RCHGF002355	1443	1215.23	434	7.23347
RCHGF002356	654	426.534	76	3.60889
RCHGF002357	1437	1209.23	369	6.18063
RCHGF002358	336	124.149	16	2.6103
RCHGF002359	1251	1023.23	283	5.60181
RCHGF002360	312	105.397	1078	207.159
RCHGF002361	1926	1698.23	1264	15.0753
RCHGF002362	828	600.256	400	13.497
RCHGF002363	147	19.1835	3591	3791.43
RCHGF002364	174	27.946	3125	2264.88
RCHGF002365	144	18.2938	33	36.5363
RCHGF002366	114	11.3688	210	374.125
RCHGF002367	564	337.1	354	21.2695
RCHGF002368	762	534.317	567	21.493
RCHGF002369	870	642.249	691	21.7916
RCHGF002370	1911	1683.23	1499	18.0374
RCHGF002371	690	462.422	823	36.0475
RCHGF002372	117	11.9112	10	17.0043
RCHGF002373	1359	1131.23	598	10.7069
RCHGF002374	327	116.946	281	48.6672
RCHGF002375	522	295.785	751	51.4254
RCHGF002376	1062	834.227	236	5.72983
RCHGF002377	1089	861.227	258	6.06759
RCHGF002378	1461	1233.23	208	3.41613
RCHGF002379	1803	1575.23	244	3.13733
RCHGF002380	327	116.946	41	7.1009
RCHGF002381	318	109.955	67	12.3417
RCHGF002382	1092	864.227	235	5.5075
RCHGF002383	954	726.227	291	8.11586
RCHGF002384	1107	879.227	292	6.72661
RCHGF002385	741	513.352	366	14.4404
RCHGF002386	1095	867.227	1339	31.2725
RCHGF002388	1371	1143.23	2454	43.4767
RCHGF002389	1197	969.227	5806	121.329
RCHGF002390	819	591.256	1054	36.106
RCHGF002391	879	651.241	7238	225.108
RCHGF002392	717	489.375	4516	186.907
RCHGF002393	690	462.422	974	42.6614
RCHGF002394	369	152.058	1949	259.607
RCHGF002395	1185	957.227	350	7.40572
RCHGF002396	2010	1782.23	6212	70.5964
RCHGF002397	606	378.78	1504	80.422
RCHGF002398	117	11.9112	667	1134.19
RCHGF002399	519	292.854	676	46.753
RCHGF002400	834	606.256	457	15.2677
RCHGF002401	606	378.78	439	23.4742
RCHGF002402	1224	996.227	512	10.4094
RCHGF002403	486	260.757	173	13.4377
RCHGF002404	1155	927.227	345	7.53611
RCHGF002405	486	260.757	2703	209.954
RCHGF002406	1167	939.227	13933	300.461
RCHGF002407	900	672.227	3815	114.946
RCHGF002408	1374	1146.23	545	9.6303
RCHGF002409	1485	1257.23	559	9.00559
RCHGF002410	813	585.256	119	4.11828
RCHGF002411	1116	888.227	247	5.63232
RCHGF002412	630	402.676	129	6.48856
RCHGF002413	117	11.9112	2	3.40086
RCHGF002414	621	393.716	71	3.65249
RCHGF002415	1008	780.227	210	5.45146
RCHGF002416	630	402.676	114	5.73407
RCHGF002417	666	438.477	127	5.8664
RCHGF002418	2076	1848.23	555	6.08208
RCHGF002419	996	768.227	155	4.08654
RCHGF002420	669	441.477	84	3.85377
RCHGF002421	1377	1149.23	240	4.2298
RCHGF002422	282	83.9038	20	4.82795
RCHGF002423	282	83.9038	23	5.55214
RCHGF002424	462	237.688	52	4.43108
RCHGF002425	147	19.1835	10	10.5581
RCHGF002426	591	363.884	715	39.7977
RCHGF002427	201	38.5091	913	480.199
RCHGF002428	945	717.227	4126.15	116.521
RCHGF002429	1482	1254.23	1440	23.2542
RCHGF002430	891	663.227	658	20.0945
RCHGF002431	372	154.724	195	25.5265
RCHGF002432	1062	834.227	1361	33.0437
RCHGF002433	528	301.639	168	11.2807
RCHGF002434	543	316.405	111	7.10548
RCHGF002435	774	546.311	1393	51.6446
RCHGF002436	1323	1095.23	180	3.32876
RCHGF002437	1572	1344.23	285	4.29424
RCHGF002438	303	98.7491	136	27.8946
RCHGF002439	117	11.9112	14	23.806
RCHGF002440	309	103.16	227	44.5686
RCHGF002441	534	307.547	1482	97.6001
RCHGF002442	519	292.854	61	4.21884
RCHGF002443	168	25.7962	58	45.5393
RCHGF002444	189	33.7571	38	22.7999
RCHGF002445	1971	1743.23	3166	36.785
RCHGF002447	123	13.1407	18	27.744
RCHGF002448	1251	1023.23	2840	56.2161
RCHGF002449	237	55.7643	285	103.515
RCHGF002450	1056	828.227	418	10.2221
RCHGF002451	1719	1491.23	500	6.7911
RCHGF002452	300	96.5016	22	4.61745
RCHGF002453	588	360.896	1433	80.4227
RCHGF002454	858	630.256	2754	88.5037
RCHGF002455	318	109.955	176	32.4199
RCHGF002456	324	114.554	858	151.702
RCHGF002457	195	36.105	131	73.4882
RCHGF002458	792	564.256	635	22.7935
RCHGF002459	513	287.032	148	10.4435
RCHGF002460	606	378.78	1255	67.1074
RCHGF002461	1482	1254.23	3561	57.5056
RCHGF002462	309	103.16	345	67.7364
RCHGF002463	693	465.417	430	18.7129
RCHGF002464	927	699.227	977	28.3003
RCHGF002465	393	173.397	147	17.1708
RCHGF002466	798	570.256	303	10.7619
RCHGF002467	984	756.227	404	10.8204
RCHGF002468	714	486.375	132	5.49689
RCHGF002469	813	585.256	187	6.47158
RCHGF002470	747	519.347	173	6.74688
RCHGF002471	465	240.571	88	7.40891
RCHGF002472	744	516.352	125	4.90318
RCHGF002473	729	501.364	233	9.41277
RCHGF002474	957	729.227	318	8.8324
RCHGF002475	852	624.256	253	8.20866
RCHGF002476	180	30.1565	3	2.01491
RCHGF002477	276	79.9923	235	59.5023
RCHGF002478	1422	1194.23	728	12.3469
RCHGF002479	456	231.971	260	22.7015
RCHGF002480	2031	1803.23	1135	12.7485
RCHGF002481	597	369.855	407	22.2883
RCHGF002482	867	639.249	34401	1089.97
RCHGF002483	126	13.7551	10	14.7249
RCHGF002484	318	109.955	233	42.9196
RCHGF002485	120	12.42	53	86.4304
RCHGF002487	1449	1221.23	6175	102.413
RCHGF002489	1064	836.227	803	19.4494
RCHGF002491	798	570.256	211	7.49423
RCHGF002492	1851	1623.23	457	5.70231
RCHGF002493	354	139.122	26	3.78523
RCHGF002494	537	310.499	75	4.89232
RCHGF002495	546	319.352	107	6.78622
RCHGF002496	402	181.626	83	9.25583
RCHGF002497	381	162.597	54	6.72658
RCHGF002498	387	167.995	49	5.90764
RCHGF002500	624	396.703	564.767	28.8349
RCHGF002501	291	90.0816	202.65	45.5643
RCHGF002502	114	11.3688	429	764.285
RCHGF002503	2013	1785.23	2217	25.1528
RCHGF002504	234	54.1224	15	5.61343
RCHGF002505	759	531.329	814	31.0295
RCHGF002506	534	307.547	669	44.0583
RCHGF002507	1227	999.227	1199	24.3035
RCHGF002508	177	29.1318	43	29.8961
RCHGF002509	270	75.9784	426	113.562
RCHGF002510	384	165.3	713	87.3634
RCHGF002511	918	690.227	986	28.9334
RCHGF002512	1638	1410.23	5007	71.9122
RCHGF002513	717	489.375	1007	41.6776
RCHGF002515	1695	1467.23	1524	21.0379
RCHGF002516	1263	1035.23	3292	64.4078
RCHGF002517	492	266.574	517	39.2813
RCHGF002518	1077	849.227	2940	70.1193
RCHGF002519	1149	921.227	5514	121.231
RCHGF002520	156	21.9113	158	146.051
RCHGF002522	411	189.873	227	24.2145
RCHGF002523	1083	855.227	937	22.1908
RCHGF002524	465	240.571	134	11.2818
RCHGF002526	1317	1089.23	1364	25.3636
RCHGF002527	1104	876.227	7045	162.847
RCHGF002529	237	55.7643	351	127.487
RCHGF002530	417	195.377	89	9.22638
RCHGF002531	339	126.613	101	16.1569
RCHGF002532	219	46.7241	102	44.2153
RCHGF002533	618	390.725	541.366	28.063
RCHGF002534	1140	912.227	197.049	4.37509
RCHGF002535	204	39.7241	24	12.2369
RCHGF002536	1191	963.227	7333	154.194
RCHGF002537	1170	942.227	1543	33.1684
RCHGF002538	1374	1146.23	776	13.7121
RCHGF002539	627	399.698	252	12.7697
RCHGF002540	1926	1698.23	845	10.078
RCHGF002541	1926	1698.23	684	8.15783
RCHGF002542	1179	951.227	4031	85.8307
RCHGF002543	909	681.227	6655	197.866
RCHGF002544	450	226.238	1705	152.641
RCHGF002545	615	387.742	1606	83.8913
RCHGF002546	597	369.855	607	33.2408
RCHGF002547	1944	1716.23	737	8.69775
RCHGF002548	114	11.3688	29	51.6649
RCHGF002549	1245	1017.23	1774	35.3224
RCHGF002550	2163	1935.23	5726	59.9285
RCHGF002551	2070	1842.23	6898	75.8393
RCHGF002552	594	366.863	1759	97.1126
RCHGF002553	39	40	4	2.02542
RCHGF002554	3486	3258.23	11750	73.0417
RCHGF002555	804	576.256	568	19.964
RCHGF002556	693	465.417	265	11.5324
RCHGF002557	1287	1059.23	499	9.5417
RCHGF002558	1413	1185.23	692	11.8255
RCHGF002559	300	96.5016	82	17.2105
RCHGF002560	480	254.956	338	26.8513
RCHGF002561	111	11.0914	9	16.435
RCHGF002562	690	462.422	704	30.8353
RCHGF002563	165	24.8453	131	106.793
RCHGF002564	234	54.1224	1508	564.337
RCHGF002565	825	597.256	1501	50.902
RCHGF002566	1026	798.227	1557	39.5072
RCHGF002567	774	546.311	231	8.56418
RCHGF002568	462	237.688	865	73.7093
RCHGF002569	2055	1827.23	1939	21.4931
RCHGF002570	876	648.249	2134	66.6756
RCHGF002571	465	240.571	220	18.5223
RCHGF002572	1911	1683.23	2114	25.4376
RCHGF002573	321	112.227	176	31.7636
RCHGF002574	1284	1056.23	412	7.90049
RCHGF002575	336	124.149	52	8.48346
RCHGF002576	1449	1221.23	389	6.4516
RCHGF002577	1509	1281.23	3871	61.1943
RCHGF002578	690	462.422	1291	56.546
RCHGF002579	1302	1074.23	1355	25.548
RCHGF002580	675	447.437	277	12.539
RCHGF002581	1305	1077.23	818	15.3801
RCHGF002582	975	747.227	1336	36.2133
RCHGF002583	147	19.1835	48478	51183.7
RCHGF002584	456	231.971	1547	135.074
RCHGF002585	309	103.16	4006	786.528
RCHGF002586	456	231.971	941	82.162
RCHGF002587	225	49.6206	120	48.9816
RCHGF002588	669	441.477	353	16.195
RCHGF002589	288	88.0134	52	11.9665
RCHGF002590	1068	840.227	334	8.05126
RCHGF002591	777	549.299	684	25.2209
RCHGF002592	168	25.7962	28	21.9845
RCHGF002593	435	212.118	500	47.7427
RCHGF002594	906	678.227	744	22.2184
RCHGF002595	2418	2190.23	1141	10.5514
RCHGF002596	114	11.3688	21	37.4125
RCHGF002597	1278	1050.23	1095	21.1176
RCHGF002598	1050	822.227	310	7.63632
RCHGF002599	312	105.397	15	2.88254
RCHGF002600	477	252.055	32	2.57139
RCHGF002601	1917	1689.23	394	4.72414
RCHGF002602	609	381.759	78	4.13827
RCHGF002603	759	531.329	1057	40.2926
RCHGF002604	192	34.9851	24	13.8945
RCHGF002605	660	432.496	248	11.6141
RCHGF002606	696	468.401	186	8.04283
RCHGF002607	1734	1506.23	918	12.3443
RCHGF002608	1623	1395.23	529	7.67936
RCHGF002609	2346	2118.23	1271	12.1531
RCHGF002610	723	495.364	116	4.74294
RCHGF002611	1311	1083.23	238	4.45012
RCHGF002612	759	531.329	321	12.2365
RCHGF002613	1422	1194.23	824	13.9751
RCHGF002614	666	438.477	269	12.4257
RCHGF002615	132	15.1697	98	130.847
RCHGF002616	933	705.227	950.727	27.3049
RCHGF002617	480	254.956	749	59.5019
RCHGF002618	138	16.553	135	165.185
RCHGF002619	201	38.5091	146	76.7897
RCHGF002620	111	11.0914	32	58.4355
RCHGF002621	417	195.377	767	79.5127
RCHGF002622	111	11.0914	8	14.6089
RCHGF002623	894	666.227	267	8.11714
RCHGF002624	2268	2040.23	1588	15.7647
RCHGF002625	747	519.347	160	6.23989
RCHGF002626	351	136.581	58	8.60105
RCHGF002627	177	29.1318	31	21.553
RCHGF002628	1182	954.227	422	8.95725
RCHGF002629	597	369.855	115	6.29767
RCHGF002630	264	72.0519	161	45.2579
RCHGF002631	1611	1383.23	2162	31.6575
RCHGF002632	1212	984.227	180	3.70417
RCHGF002633	465	240.571	459	38.6442
RCHGF002634	1203	975.227	765	15.888
RCHGF002635	633	405.658	368	18.3739
RCHGF002636	1098	870.227	407	9.47275
RCHGF002638	225	49.6206	63	25.7154
RCHGF002639	561	334.145	643	38.9753
RCHGF002640	618	390.725	153	7.93112
RCHGF002641	288	88.0134	337	77.5524
RCHGF002642	783	555.299	856	31.222
RCHGF002643	2352	2124.23	2782	26.5259
RCHGF002645	1398	1170.23	1607	27.8138
RCHGF002646	1995	1767.23	2993	34.3027
RCHGF002647	792	564.256	433	15.5427
RCHGF002648	147	19.1835	253	267.121
RCHGF002649	2316	2088.23	2498	24.2286
RCHGF002650	771	543.311	693	25.8344
RCHGF002651	1314	1086.23	1211	22.5807
RCHGF002652	816	588.256	969	33.3635
RCHGF002653	483	257.85	47	3.69186
RCHGF002654	141	17.4158	24	27.9115
RCHGF002655	387	167.995	6606	796.447
RCHGF002656	1023	795.227	4310	109.774
RCHGF002657	435	212.118	7984	762.356
RCHGF002658	2577	2349.23	8203	70.7232
RCHGF002659	624	396.703	324	16.5422
RCHGF002660	357	141.65	985	140.843
RCHGF002661	1152	924.227	1303	28.5549
RCHGF002662	1344	1116.23	216	3.91936
RCHGF002663	531	304.585	1791	119.097
RCHGF002664	906	678.227	754	22.517
RCHGF002665	942	714.227	2067	58.6163
RCHGF002666	618	390.725	5101	264.423
RCHGF002667	1035	807.227	180	4.51639
RCHGF002668	849	621.256	109	3.55361
RCHGF002669	159	22.8496	1	0.886412
RCHGF002670	321	112.227	59	10.648
RCHGF002671	324	114.554	386	68.248
RCHGF002672	759	531.329	204	7.77644
RCHGF002673	717	489.375	805	33.3172
RCHGF002674	621	393.716	220	11.3176
RCHGF002675	609	381.759	180	9.54987
RCHGF002676	1032	804.227	735	18.5107
RCHGF002677	1281	1053.23	434	8.34607
RCHGF002678	630	402.676	330	16.5986
RCHGF002679	1122	894.227	1042	23.6012
RCHGF002681	336	124.149	107	17.4564
RCHGF002682	354	139.122	288	41.9287
RCHGF002683	726	498.364	471	19.1421
RCHGF002684	249	62.6112	57	18.439
RCHGF002685	1323	1095.23	1724	31.8821
RCHGF002686	813	585.256	793	27.4436
RCHGF002687	114	11.3688	51	90.859
RCHGF002688	597	369.855	289	15.8263
RCHGF002689	1902	1674.23	1763	21.3281
RCHGF002690	1203	975.227	1062	22.0563
RCHGF002691	123	13.1407	8	12.3307
RCHGF002692	1125	897.227	398	8.98452
RCHGF002693	159	22.8496	77	68.2538
RCHGF002694	2169	1941.23	1999	20.8569
RCHGF002695	864	636.249	2123	67.583
RCHGF002696	153	20.9287	76	73.5504
RCHGF002697	1152	924.227	295	6.46484
RCHGF002698	1569	1341.23	354	5.34583
RCHGF002699	708	480.385	112	4.72218
RCHGF002700	1524	1296.23	648	10.1253
RCHGF002701	573	346.01	83	4.85852
RCHGF002702	168	25.7962	100	78.5161
RCHGF002703	426	203.683	445	44.2505
RCHGF002704	174	27.946	35	25.3666
RCHGF002705	567	340.052	948	56.4648
RCHGF002706	129	14.4401	333	467.076
RCHGF002707	1830	1602.23	2430	30.7182
RCHGF002708	2139	1911.23	1328	14.0734
RCHGF002709	708	480.385	278	11.7211
RCHGF002710	648	420.548	141	6.79075
RCHGF002711	126	13.7551	5	7.36243
RCHGF002712	162	23.8329	17	14.4473
RCHGF002713	774	546.311	552	20.4651
RCHGF002714	2310	2082.23	2090	20.3298
RCHGF002715	456	231.971	96	8.38209
RCHGF002716	765	537.317	443	16.6989
RCHGF002717	489	263.666	1213	93.1795
RCHGF002718	114	11.3688	86	153.213
RCHGF002719	495	269.497	226	16.9851
RCHGF002720	885	657.227	4177	128.725
RCHGF002721	144	18.2938	30	33.2149
RCHGF002722	654	426.534	245	11.6339
RCHGF002723	693	465.417	316	13.7518
RCHGF002724	1326	1098.23	1202	22.168
RCHGF002725	384	165.3	2111	258.659
RCHGF002726	1278	1050.23	2140	41.271
RCHGF002727	189	33.7571	372	223.199
RCHGF002728	1053	825.227	1851	45.4305
RCHGF002729	150	20.0366	28	28.304
RCHGF002730	1239	1011.23	1159	23.2139
RCHGF002731	171	26.8268	7	5.28498
RCHGF002732	765	537.317	1191	44.8947
RCHGF002733	141	17.4158	57	66.2897
RCHGF002734	921	693.227	359	10.489
RCHGF002735	819	591.256	1297	44.4303
RCHGF002736	510	284.111	1946	138.729
RCHGF002737	126	13.7551	247	363.704
RCHGF002738	306	100.919	1871	375.503
RCHGF002739	312	105.397	696	133.75
RCHGF002740	1614	1386.23	1076	15.7214
RCHGF002741	147	19.1835	33	34.8418
RCHGF002742	3231	3003.23	6107	41.1864
RCHGF002743	120	12.42	24	39.1383
RCHGF002744	1491	1263.23	253	4.05652
RCHGF002745	513	287.032	435	30.6954
RCHGF002746	1020	792.227	8010	204.784
RCHGF002747	651	423.534	423	20.2286
RCHGF002748	1749	1521.23	8181	108.925
RCHGF002749	1512	1284.23	816	12.8695
RCHGF002750	1473	1245.23	783	12.7358
RCHGF002751	978	750.227	490	13.2287
RCHGF002752	1566	1338.23	4888	73.9802
RCHGF002753	1698	1470.23	23231	320.035
RCHGF002754	192	34.9851	238	137.787
RCHGF002755	981	753.227	5118	137.622
RCHGF002756	996	768.227	3625	95.5724
RCHGF002757	912	684.227	1820	53.8748
RCHGF002758	978	750.227	2990	80.7221
RCHGF002759	1698	1470.23	38191	526.127
RCHGF002760	1203	975.227	9812	203.782
RCHGF002761	348	134.094	216	32.6256
RCHGF002762	1416	1188.23	702	11.9661
RCHGF002763	1065	837.227	350	8.46718
RCHGF002764	996	768.227	955	25.1784
RCHGF002765	1863	1635.23	1860	23.0382
RCHGF002766	1290	1062.23	2311	44.0653
RCHGF002767	834	606.256	1075	35.9142
RCHGF002768	957	729.227	1212.46	33.6759
RCHGF002769	216	45.2323	21015	9410.12
RCHGF002770	330	119.344	39059	6628.82
RCHGF002771	321	112.227	1525	275.225
RCHGF002772	621	393.716	955	49.1286
RCHGF002773	1380	1152.23	5373	94.448
RCHGF002775	414	192.599	218	22.9254
RCHGF002776	189	33.7571	596	357.598
RCHGF002777	726	498.364	201	8.16891
RCHGF002778	672	444.462	5047	229.992
RCHGF002779	567	340.052	572	34.0695
RCHGF002780	1104	876.227	1844	42.6244
RCHGF002781	153	20.9287	149	144.197
RCHGF002782	921	693.227	1011	29.5386
RCHGF002783	585	357.916	200	11.3178
RCHGF002784	951	723.227	352	9.85785
RCHGF002785	1548	1320.23	12094	185.539
RCHGF002786	129	14.4401	11	15.4289
RCHGF002787	900	672.227	848	25.5502
RCHGF002788	777	549.299	325	11.9836
RCHGF002789	633	405.658	189	9.43661
RCHGF002790	873	645.249	528	16.5738
RCHGF002791	144	18.2938	453	501.544
RCHGF002792	1833	1605.23	2660	33.5629
RCHGF002793	822	594.256	821	27.9823
RCHGF002794	1317	1089.23	6703	124.642
RCHGF002795	969	741.227	6365	173.925
RCHGF002796	117	11.9112	46	78.2198
RCHGF002797	999	771.227	9589	251.829
RCHGF002798	690	462.422	11524	504.753
RCHGF002799	180	30.1565	32	21.4923
RCHGF002800	561	334.145	461	27.9434
RCHGF002801	786	558.274	2289	83.0448
RCHGF002802	360	144.248	2398	336.709
RCHGF002803	339	126.613	2885	461.51
RCHGF002804	120	12.42	5	8.15381
RCHGF002805	1779	1551.23	3487	45.5293
RCHGF002806	1728	1500.23	2382	32.1587
RCHGF002807	813	585.256	559	19.3455
RCHGF002808	891	663.227	1376	42.0214
RCHGF002809	465	240.571	245	20.6271
RCHGF002810	657	429.505	276	13.0153
RCHGF002811	1422	1194.23	369	6.25826
RCHGF002812	999	771.227	371	9.74329
RCHGF002813	156	21.9113	12	11.0924
RCHGF002814	1932	1704.23	1672	19.8711
RCHGF002815	960	732.227	962.314	26.6186
RCHGF002816	129	14.4401	79	110.808
RCHGF002817	267	74.0153	231	63.2128
RCHGF002818	555	328.226	125	7.71349
RCHGF002819	501	275.326	213	15.6692
RCHGF002820	537	310.499	418	27.2665
RCHGF002821	300	96.5016	147	30.853
RCHGF002822	264	72.0519	533	149.829
RCHGF002823	141	17.4158	22	25.5855
RCHGF002824	336	124.149	77	12.5621
RCHGF002825	300	96.5016	581	121.943
RCHGF002826	690	462.422	1393	61.0136
RCHGF002827	819	591.256	540	18.4983
RCHGF002828	843	615.256	410	13.4972
RCHGF002829	774	546.311	537	19.9089
RCHGF002830	420	198.109	2669	272.872
RCHGF002831	276	79.9923	422	106.851
RCHGF002832	195	36.105	52	29.1709
RCHGF002834	540	313.44	215	13.8931
RCHGF002835	460	235.779	288	24.7401
RCHGF002837	876	648.249	175	5.46777
RCHGF002838	720	492.375	121	4.97742
RCHGF002839	1131	903.227	255	5.71817
RCHGF002840	1011	783.227	385	9.95605
RCHGF002841	294	92.2145	579	127.173
RCHGF002842	171	26.8268	11	8.30497
RCHGF002843	642	414.594	77	3.76168
RCHGF002844	1968	1740.23	470	5.47024
RCHGF002845	396	176.172	89	10.2322
RCHGF002846	609	381.759	129	6.84407
RCHGF002847	720	492.375	360	14.8088
RCHGF002848	507	281.162	165	11.8862
RCHGF002849	120	12.42	96	156.553
RCHGF002850	1290	1062.23	826	15.7499
RCHGF002851	1245	1017.23	1217	24.2319
RCHGF002852	777	549.299	1137	41.9243
RCHGF002853	2166	1938.23	1589	16.6048
RCHGF002854	189	33.7571	9	5.39997
RCHGF002855	174	27.946	10	7.2476
RCHGF002856	342	129.06	20	3.13873
RCHGF002857	651	423.534	462	22.0937
RCHGF002858	1785	1557.23	1992	25.9091
RCHGF002859	603	375.818	1363	73.4569
RCHGF002860	141	17.4158	35	40.7042
RCHGF002861	1377	1149.23	280	4.93476
RCHGF002862	672	444.462	1137	51.8132
RCHGF002863	1149	921.227	2095	46.0608
RCHGF002864	120	12.42	12	19.5692
RCHGF002865	762	534.317	391	14.8215
RCHGF002866	363	146.834	21	2.89672
RCHGF002867	771	543.311	227	8.46235
RCHGF002868	642	414.594	461	22.5212
RCHGF002869	279	81.9791	69	17.0475
RCHGF002870	195	36.105	37	20.7562
RCHGF002871	459	234.84	612	52.783
RCHGF002872	249	62.6112	313	101.253
RCHGF002873	150	20.0366	13	13.1412
RCHGF002874	522	295.785	166	11.367
RCHGF002875	114	11.3688	2	3.5631
RCHGF002876	387	167.995	177	21.3399
RCHGF002877	111	11.0914	233	425.484
RCHGF002878	444	220.525	235	21.5836
RCHGF002879	351	136.581	74	10.9738
RCHGF002880	255	66.3398	85	25.9513
RCHGF002881	156	21.9113	95	87.8152
RCHGF002882	267	74.0153	1188	325.094
RCHGF002883	453	229.097	298	26.3457
RCHGF002884	354	139.122	64	9.31748
RCHGF002885	324	114.554	73	12.907
RCHGF002886	162	23.8329	35	29.7444
RCHGF002887	441	217.722	129	12.0006
RCHGF002888	375	157.32	69	8.88339
RCHGF002889	126	13.7551	36	53.0095
RCHGF002890	123	13.1407	16	24.6613
RCHGF002891	1338	1110.23	4808	87.7136
RCHGF002892	2868	2640.23	4110	31.5293
RCHGF002893	2349	2121.23	3368	32.1587
RCHGF002894	2010	1782.23	3344	38.003
RCHGF002895	1743	1515.23	5810	77.6627
RCHGF002896	1806	1578.23	1116	14.3222
RCHGF002897	678	450.437	1118	50.2715
RCHGF002898	177	29.1318	194	134.88
RCHGF002899	792	564.256	2409	86.4719
RCHGF002900	1368	1140.23	3168	56.274
RCHGF002901	111	11.0914	15	27.3917
RCHGF002902	1512	1284.23	4822	76.0501
RCHGF002903	906	678.227	1892	56.5015
RCHGF002904	1929	1701.23	3550	42.2649
RCHGF002905	2220	1992.23	2130	21.6548
RCHGF002906	1737	1509.23	343	4.60313
RCHGF002907	669	441.477	74	3.39499
RCHGF002908	702	474.401	103	4.3975
RCHGF002909	1110	882.227	1568	35.9981
RCHGF002910	597	369.855	16348	895.256
RCHGF002911	273	77.9466	1586	412.117
RCHGF002912	687	459.422	3480	153.42
RCHGF002913	135	15.7958	113	144.894
RCHGF002914	177	29.1318	41	28.5056
RCHGF002915	246	60.8691	1671	556.024
RCHGF002916	555	328.226	315	19.438
RCHGF002917	180	30.1565	47	31.5669
RCHGF002918	762	534.317	1689	64.0243
RCHGF002919	306	100.919	184	36.9281
RCHGF002920	510	284.111	135	9.62408
RCHGF002921	660	432.496	368	17.2338
RCHGF002922	780	552.299	2302	84.4199
RCHGF002923	318	109.955	1271	234.123
RCHGF002924	216	45.2323	459	205.531
RCHGF002925	657	429.505	1783	84.0808
RCHGF002926	699	471.401	7026	301.878
RCHGF002927	270	75.9784	866	230.856
RCHGF002928	906	678.227	7593	226.753
RCHGF002929	1584	1356.23	4726	70.579
RCHGF002930	783	555.299	2191	79.9152
RCHGF002931	975	747.227	2157	58.4671
RCHGF002932	597	369.855	244	13.362
RCHGF002933	711	483.385	3764	157.714
RCHGF002934	1053	825.227	3910	95.966
RCHGF002935	1101	873.227	1473	34.1657
RCHGF002936	1068	840.227	795	19.1639
RCHGF002937	1134	906.227	8792	196.501
RCHGF002938	2376	2148.23	11516	108.576
RCHGF002939	681	453.432	281	12.5519
RCHGF002940	675	447.437	1548	70.0734
RCHGF002941	1395	1167.23	2721	47.2158
RCHGF002942	186	32.5834	91	56.5664
RCHGF002943	534	307.547	17846	1175.28
RCHGF002944	231	52.5809	1275	491.13
RCHGF002945	114	11.3688	0	0
RCHGF002946	2091	1863.23	7942	86.3333
RCHGF002947	1671	1443.23	2410	33.8218
RCHGF002948	129	14.4401	21	29.4552
RCHGF002949	1665	1437.23	1986	27.9878
RCHGF002950	471	246.309	410	33.7146
RCHGF002951	474	249.198	470	38.2003
RCHGF002952	522	295.785	186	12.7365
RCHGF002953	1200	972.227	5309	110.601
RCHGF002954	1647	1419.23	3333	47.5661
RCHGF002955	729	501.364	1487	60.072
RCHGF002956	738	510.352	7767	308.246
RCHGF002957	324	114.554	2186	386.503
RCHGF002958	342	129.06	3267	512.711
RCHGF002959	435	212.118	751	71.7096
RCHGF002960	963	735.227	7903	217.713
RCHGF002961	858	630.256	3413	109.682
RCHGF002962	132	15.1697	43	57.4123
RCHGF002963	699	471.401	12039	517.266
RCHGF002964	750	522.347	956	37.0692
RCHGF002965	825	597.256	1193	40.4571
RCHGF002966	444	220.525	402	36.9218
RCHGF002967	1197	969.227	1495	31.2414
RCHGF002968	114	11.3688	8	14.2524
RCHGF002969	1698	1470.23	26372	363.306
RCHGF002970	1692	1464.23	2767	38.275
RCHGF002971	1227	999.227	3410	69.1201
RCHGF002972	891	663.227	990	30.2334
RCHGF002973	1395	1167.23	11470	199.032
RCHGF002974	1293	1065.23	1.15565e+06	21973.5
RCHGF002975	1470	1242.23	3169	51.6696
RCHGF002976	2256	2028.23	3719	37.1384
RCHGF002977	609	381.759	948	50.296
RCHGF002978	1983	1755.23	2305	26.5982
RCHGF002979	861	633.249	458	14.6489
RCHGF002980	117	11.9112	10	17.0043
RCHGF002981	495	269.497	415	31.1895
RCHGF002982	693	465.417	468	20.3666
RCHGF002983	525	298.722	802	54.3777
RCHGF002984	120	12.42	106	172.861
RCHGF002985	216	45.2323	88	39.4047
RCHGF002986	231	52.5809	446	171.799
RCHGF002987	1005	777.227	936	24.3917
RCHGF002988	561	334.145	12020	728.59
RCHGF002989	285	85.9308	48	11.3138
RCHGF002990	1362	1134.23	1952	34.8573
RCHGF002991	1170	942.227	1142	24.5485
RCHGF002992	882	654.234	367	11.3618
RCHGF002993	213	43.8069	20	9.24702
RCHGF002994	528	301.639	4937	331.505
RCHGF002995	159	22.8496	5	4.43206
RCHGF002996	993	765.227	260	6.88172
RCHGF002997	357	141.65	1257	179.735
RCHGF002998	111	11.0914	125	228.264
RCHGF002999	1200	972.227	5434	113.205
RCHGF003000	762	534.317	947	35.8976
RCHGF003001	213	43.8069	720	332.893
RCHGF003002	567	340.052	1403	83.5655
RCHGF003003	573	346.01	1677	98.1655
RCHGF003004	249	62.6112	905	292.759
RCHGF003005	870	642.249	1700	53.6117
RCHGF003006	540	313.44	4964	320.768
RCHGF003007	744	516.352	41641	1633.39
RCHGF003008	2031	1803.23	1444	16.2193
RCHGF003009	585	357.916	178	10.0729
RCHGF003010	873	645.249	1625	51.0082
RCHGF003011	774	546.311	316	11.7155
RCHGF003012	729	501.364	418	16.8864
RCHGF003013	396	176.172	562	64.612
RCHGF003014	390	170.676	363	43.0774
RCHGF003015	855	627.256	268	8.65375
RCHGF003016	786	558.274	124	4.49871
RCHGF003017	786	558.274	216	7.83646
RCHGF003018	1104	876.227	449	10.3787
RCHGF003019	702	474.401	181	7.72764
RCHGF003020	426	203.683	192	19.0924
RCHGF003021	1218	990.227	702	14.3587
RCHGF003022	915	687.227	1146	33.7752
RCHGF003023	213	43.8069	85	39.2998
RCHGF003024	888	660.227	2124	65.1591
RCHGF003025	1320	1092.23	2182	40.4628
RCHGF003026	114	11.3688	64	114.019
RCHGF003027	2595	2367.23	4592	39.2895
RCHGF003028	2040	1812.23	3494	39.0503
RCHGF003029	156	21.9113	27	24.958
RCHGF003030	1632	1404.23	2244	32.3668
RCHGF003031	417	195.377	3556	368.641
RCHGF003032	1203	975.227	1095	22.7417
RCHGF003033	747	519.347	1253	48.8661
RCHGF003034	1209	981.227	1308	26.9993
RCHGF003035	3504	3276.23	168564	1042.09
RCHGF003036	7287	7059.23	1740	4.99236
RCHGF003037	132	15.1697	34	45.3957
RCHGF003038	804	576.256	3852	135.39
RCHGF003039	462	237.688	1972	168.04
RCHGF003040	657	429.505	2197	103.604
RCHGF003041	306	100.919	1468	294.622
RCHGF003042	2340	2112.23	3335	31.9793
RCHGF003043	849	621.256	974	31.7543
RCHGF003044	768	540.317	1409	52.8173
RCHGF003045	318	109.955	1029	189.546
RCHGF003046	459	234.84	31216	2692.28
RCHGF003047	882	654.234	1416	43.8373
RCHGF003048	1755	1527.23	18469	244.937
RCHGF003049	465	240.571	9143	769.769
RCHGF003050	111	11.0914	39	71.2183
RCHGF003051	132	15.1697	86	114.825
RCHGF003052	198	37.3265	44861.3	24342.7
RCHGF003053	399	178.892	4117	466.128
RCHGF003054	1311	1083.23	867	16.2111
RCHGF003055	111	11.0914	12	21.9133
RCHGF003056	723	495.364	843	34.4681
RCHGF003057	306	100.919	4701	943.474
RCHGF003058	873	645.249	813	25.5198
RCHGF003059	480	254.956	940	74.6753
RCHGF003060	855	627.256	1929	62.2876
RCHGF003061	720	492.375	13723	564.505
RCHGF003062	918	690.227	2485	72.9203
RCHGF003063	117	11.9112	30	51.0129
RCHGF003064	861	633.249	1689	54.0219
RCHGF003065	783	555.299	1096	39.9758
RCHGF003066	1137	909.227	5334	118.821
RCHGF003067	1197	969.227	6710	140.22
RCHGF003068	894	666.227	981	29.8237
RCHGF003069	615	387.742	368	19.2229
RCHGF003070	273	77.9466	25	6.49617
RCHGF003071	804	576.256	404	14.1997
RCHGF003072	1080	852.227	305	7.24868
RCHGF003073	918	690.227	3031	88.9423
RCHGF003074	702	474.401	798	34.0699
RCHGF003075	198	37.3265	20	10.8524
RCHGF003076	138	16.553	93	113.794
RCHGF003077	1005	777.227	263	6.85365
RCHGF003078	225	49.6206	90	36.7362
RCHGF003079	1356	1128.23	1689	30.3213
RCHGF003080	267	74.0153	137	37.4898
RCHGF003081	513	287.032	892	62.9432
RCHGF003082	1119	891.227	1022	23.2261
RCHGF003083	1098	870.227	1121	26.0908
RCHGF003084	687	459.422	571	25.1732
RCHGF003085	1005	777.227	2219	57.8261
RCHGF003086	111	11.0914	146	266.612
RCHGF003087	927	699.227	5301	153.551
RCHGF003088	825	597.256	26664	904.23
RCHGF003089	2145	1917.23	6181	65.2979
RCHGF003090	633	405.658	3466	173.054
RCHGF003091	1131	903.227	1400.2	31.3983
RCHGF003092	117	11.9112	641	1089.98
RCHGF003093	135	15.7958	220	282.095
RCHGF003094	1221	993.227	5496	112.076
RCHGF003095	444	220.525	879	80.732
RCHGF003096	282	83.9038	196	47.3139
RCHGF003097	432	209.294	346	33.4837
RCHGF003098	1224	996.227	2913	59.2238
RCHGF003099	315	107.682	389	73.1678
RCHGF003100	1239	1011.23	3556	71.2241
RCHGF003101	582	354.939	966	55.1235
RCHGF003102	1422	1194.23	2626	44.5371
RCHGF003103	135	15.7958	19	24.3627
RCHGF003104	129	14.4401	120	168.316
RCHGF003105	2601	2373.23	2836	24.2037
RCHGF003106	147	19.1835	23	24.2837
RCHGF003107	1350	1122.23	711	12.8323
RCHGF003108	708	480.385	473	19.9428
RCHGF003109	705	477.391	204	8.65507
RCHGF003110	627	399.698	219	11.0975
RCHGF003111	1416	1188.23	3210	54.7167
RCHGF003112	1791	1563.23	770	9.97661
RCHGF003113	1809	1581.23	599	7.67267
RCHGF003114	969	741.227	854	23.3357
RCHGF003115	687	459.422	220	9.69896
RCHGF003116	555	328.226	1372	84.6633
RCHGF003117	699	471.401	986	42.3643
RCHGF003118	2478	2250.23	3357	30.2161
RCHGF003119	387	167.995	3470	418.358
RCHGF003120	186	32.5834	1849	1149.36
RCHGF003121	750	522.347	1807	70.067
RCHGF003122	294	92.2145	632	138.814
RCHGF003123	132	15.1697	8	10.6814
RCHGF003124	111	11.0914	78	142.437
RCHGF003125	1080	852.227	558	13.2615
RCHGF003126	1305	1077.23	1057	19.8738
RCHGF003127	1470	1242.23	4225	68.8874
RCHGF003128	819	591.256	820	28.0901
RCHGF003129	477	252.055	612	49.1779
RCHGF003130	4218	3990.23	2978	15.1162
RCHGF003131	120	12.42	31	50.5537
RCHGF003132	213	43.8069	2051	948.282
RCHGF003133	1089	861.227	27063	636.462
RCHGF003134	927	699.227	6434	186.37
RCHGF003135	858	630.256	6172	198.346
RCHGF003136	216	45.2323	109	48.8081
RCHGF003137	1539	1311.23	1815	28.0358
RCHGF003138	1332	1104.23	506	9.28125
RCHGF003139	600	372.835	214	11.6255
RCHGF003140	1167	939.227	907	19.5592
RCHGF003142	4260	4032.23	7961	39.9887
RCHGF003143	621	393.716	205	10.5459
RCHGF003144	126	13.7551	69	101.601
RCHGF003145	1320	1092.23	3431	63.6241
RCHGF003146	558	331.171	3660	223.843
RCHGF003147	207	41.0021	663	327.507
RCHGF003148	3858	3630.23	45798	255.521
RCHGF003149	4209	3981.23	44890	228.374
RCHGF003150	609	381.759	559	29.6576
RCHGF003151	369	152.058	28381	3780.35
RCHGF003152	519	292.854	18168	1256.52
RCHGF003154	684	456.427	12017	533.26
RCHGF003155	414	192.599	5094	535.696
RCHGF003156	123	13.1407	13	20.0373
RCHGF003157	114	11.3688	17	30.2863
RCHGF003158	966	738.227	1363	37.3956
RCHGF003159	819	591.256	544	18.6354
RCHGF003160	729	501.364	775	31.3086
RCHGF003161	1071	843.227	1077	25.8693
RCHGF003162	1047	819.227	1528	37.7775
RCHGF003163	1665	1437.23	3903	55.0031
RCHGF003164	1332	1104.23	254	4.65897
RCHGF003165	861	633.249	145	4.63776
RCHGF003166	1173	945.227	199	4.26414
RCHGF003167	732	504.352	104	4.17651
RCHGF003168	525	298.722	63	4.27156
RCHGF003169	183	31.337	7	4.52433
RCHGF003170	111	11.0914	0	0
RCHGF003171	600	372.835	80	4.34598
RCHGF003172	834	606.256	148	4.94447
RCHGF003173	378	159.976	42	5.31751
RCHGF003174	1281	1053.23	228	4.38457
RCHGF003175	285	85.9308	38	8.95672
RCHGF003176	438	214.959	111	10.4588
RCHGF003177	1971	1743.23	396	4.60103
RCHGF003178	126	13.7551	67	98.6565
RCHGF003179	1158	930.227	2348	51.1238
RCHGF003180	126	13.7551	26	38.2846
RCHGF003181	468	243.421	138	11.4824
RCHGF003182	1041	813.227	249	6.20157
RCHGF003183	807	579.256	305	10.6646
RCHGF003184	1968	1740.23	684	7.96094
RCHGF003185	813	585.256	321	11.109
RCHGF003186	1056	828.227	348	8.51028
RCHGF003187	312	105.397	25	4.80424
RCHGF003188	459	234.84	127	10.9533
RCHGF003189	1200	972.227	766	15.9579
RCHGF003190	1620	1392.23	12213	177.675
RCHGF003191	1407	1179.23	288	4.94663
RCHGF003192	336	124.149	19	3.09973
RCHGF003193	1254	1026.23	243	4.79598
RCHGF003194	303	98.7491	32	6.56343
RCHGF003195	1911	1683.23	694	8.35085
RCHGF003196	117	11.9112	111	188.748
RCHGF003197	867	639.249	718	22.7493
RCHGF003198	246	60.8691	5	1.66375
RCHGF003199	324	114.554	287	50.744
RCHGF003200	234	54.1224	122	45.6559
RCHGF003201	1041	813.227	1144	28.4924
RCHGF003202	1896	1668.23	779	9.45794
RCHGF003203	624	396.703	262	13.3767
RCHGF003204	972	744.227	1398	38.0466
RCHGF003205	1011	783.227	1322	34.1868
RCHGF003206	936	708.227	981	28.055
RCHGF003207	915	687.227	571	16.8287
RCHGF003208	645	417.576	1188	57.6229
RCHGF003209	702	474.401	343	14.6441
RCHGF003210	774	546.311	653	24.2096
RCHGF003211	957	729.227	697	19.3591
RCHGF003212	876	648.249	947	29.5885
RCHGF003213	1191	963.227	4053	85.224
RCHGF003214	807	579.256	130	4.54556
RCHGF003215	1407	1179.23	318	5.4619
RCHGF003216	975	747.227	180	4.87904
RCHGF003217	528	301.639	103	6.91614
RCHGF003218	645	417.576	161	7.80917
RCHGF003220	480	254.956	11651	925.576
RCHGF003221	843	615.256	17837	587.192
RCHGF003222	1395	1167.23	748	12.9796
RCHGF003223	888	660.227	245	7.516
RCHGF003224	888	660.227	676	20.738
RCHGF003225	1302	1074.23	954	17.9873
RCHGF003226	936	708.227	240	6.86362
RCHGF003227	1635	1407.23	4352	62.6381
RCHGF003228	1581	1353.23	2613	39.1096
RCHGF003229	186	32.5834	35	21.7563
RCHGF003230	1374	1146.23	4109	72.6072
RCHGF003231	777	549.299	3299	121.643
RCHGF003232	1875	1647.23	2516	30.9365
RCHGF003233	792	564.256	112	4.02028
RCHGF003234	1299	1071.23	211	3.98947
RCHGF003235	288	88.0134	63	14.4979
RCHGF003236	1404	1176.23	328	5.64803
RCHGF003238	1713	1485.23	3074	41.9204
RCHGF003239	918	690.227	1050	30.8114
RCHGF003240	1248	1020.23	1358	26.9598
RCHGF003241	936	708.227	459	13.1267
RCHGF003242	765	537.317	243	9.15987
RCHGF003243	2103	1875.23	1580	17.0654
RCHGF003244	1362	1134.23	1158	20.6787
RCHGF003245	1425	1197.23	1159	19.6074
RCHGF003246	423	200.88	74	7.46119
RCHGF003247	396	176.172	187	21.499
RCHGF003248	480	254.956	129	10.248
RCHGF003249	369	152.058	946	126.007
RCHGF003250	1305	1077.23	414	7.78408
RCHGF003252	114	11.3688	148	263.669
RCHGF003253	1560	1332.23	33488	509.126
RCHGF003254	138	16.553	48	58.7326
RCHGF003255	540	313.44	545	35.2173
RCHGF003256	549	322.309	748	47.0049
RCHGF003257	792	564.256	192	6.89191
RCHGF003258	261	70.0859	45	13.0046
RCHGF003259	465	240.571	124	10.4398
RCHGF003260	852	624.256	158	5.12636
RCHGF003261	909	681.227	332	9.87098
RCHGF003262	423	200.88	562	56.6647
RCHGF003263	159	22.8496	36	31.9108
RCHGF003264	312	105.397	855	164.305
RCHGF003265	132	15.1697	4	5.34068
RCHGF003266	117	11.9112	0	0
RCHGF003267	231	52.5809	49	18.8748
RCHGF003268	162	23.8329	18	15.2971
RCHGF003269	603	375.818	3055	164.645
RCHGF003270	942	714.227	904	25.6358
RCHGF003271	210	42.2967	1006	481.732
RCHGF003272	876	648.249	2156	67.363
RCHGF003273	117	11.9112	38	64.6163
RCHGF003274	1044	816.227	722	17.916
RCHGF003275	1347	1119.23	1613	29.1897
RCHGF003276	1818	1590.23	2688	34.2361
RCHGF003277	2646	2418.23	4017	33.6449
RCHGF003278	906	678.227	1560	46.5869
RCHGF003279	3267	3039.23	10927	72.8202
RCHGF003280	900	672.227	3182	95.8735
RCHGF003281	1128	900.227	3892	87.5659
RCHGF003282	1614	1386.23	3276	47.8656
RCHGF003283	219	46.7241	200	86.6967
RCHGF003284	270	75.9784	95	25.3249
RCHGF003285	612	384.755	2455	129.235
RCHGF003286	516	289.948	345	24.0998
RCHGF003287	318	109.955	1506	277.411
RCHGF003288	621	393.716	1568	80.6635
RCHGF003289	171	26.8268	446	336.729
RCHGF003290	183	31.337	57	36.841
RCHGF003291	1938	1710.23	622	7.36632
RCHGF003292	417	195.377	152	15.7574
RCHGF003293	327	116.946	81	14.0286
RCHGF003294	2271	2043.23	851	8.43582
RCHGF003295	279	81.9791	75	18.5299
RCHGF003296	1341	1113.23	399	7.25944
RCHGF003297	417	195.377	152	15.7574
RCHGF003298	357	141.65	77	11.01
RCHGF003299	552	325.262	200	12.454
RCHGF003300	1248	1020.23	423	8.39765
RCHGF003301	684	456.427	199	8.83072
RCHGF003302	366	149.468	68	9.21454
RCHGF003303	240	57.4433	132	46.5424
RCHGF003304	1599	1371.23	330	4.87437
RCHGF003305	327	116.946	541	93.6973
RCHGF003306	303	98.7491	2481	508.871
RCHGF003307	1368	1140.23	141	2.50462
RCHGF003308	534	307.547	30	1.97571
RCHGF003309	1182	954.227	114	2.41973
RCHGF003310	270	75.9784	37	9.86338
RCHGF003311	381	162.597	35	4.35982
RCHGF003312	285	85.9308	9	2.12133
RCHGF003313	570	343.036	43	2.53888
RCHGF003314	372	154.724	23	3.01082
RCHGF003315	162	23.8329	2	1.69968
RCHGF003316	3150	2922.23	562	3.89526
RCHGF003317	648	420.548	52	2.50439
RCHGF003318	1719	1491.23	208	2.8251
RCHGF003319	1893	1665.23	286	3.47862
RCHGF003320	411	189.873	57	6.0803
RCHGF003321	951	723.227	95	2.6605
RCHGF003322	117	11.9112	0	0
RCHGF003323	219	46.7241	22	9.53664
RCHGF003324	1563	1335.23	1180	17.8995
RCHGF003325	414	192.599	79	8.30781
RCHGF003326	1023	795.227	726	18.491
RCHGF003327	237	55.7643	280	101.699
RCHGF003328	1359	1131.23	471	8.43306
RCHGF003329	549	322.309	96	6.03271
RCHGF003330	825	597.256	334	11.3266
RCHGF003331	1332	1104.23	839	15.3893
RCHGF003332	594	366.863	6265	345.884
RCHGF003333	1422	1194.23	6604	112.004
RCHGF003334	1419	1191.23	3105	52.7936
RCHGF003335	303	98.7491	356	73.0182
RCHGF003336	1122	894.227	3491	79.0708
RCHGF003337	1995	1767.23	4668	53.4999
RCHGF003338	2289	2061.23	5831	57.2969
RCHGF003339	1581	1353.23	2959	44.2882
RCHGF003340	816	588.256	283	9.74394
RCHGF003341	672	444.462	188	8.56717
RCHGF003342	633	405.658	537	26.8119
RCHGF003343	1008	780.227	69865	1813.65
RCHGF003344	1386	1158.23	547	9.5655
RCHGF003345	273	77.9466	53	13.7719
RCHGF003346	468	243.421	50	4.16031
RCHGF003347	489	263.666	114	8.75718
RCHGF003348	2022	1794.23	1967	22.2045
RCHGF003349	1599	1371.23	6154	90.8997
RCHGF003350	1233	1005.23	849	17.1064
RCHGF003351	678	450.437	3599	161.831
RCHGF003352	1155	927.227	3087	67.4318
RCHGF003353	879	651.241	2072	64.4409
RCHGF003354	480	254.956	3618	287.42
RCHGF003355	1761	1533.23	7237	95.6018
RCHGF003356	2358	2130.23	5362	50.9818
RCHGF003357	657	429.505	2088	98.4637
RCHGF003359	855	627.256	547	17.6627
RCHGF003360	390	170.676	32	3.79746
RCHGF003361	2511	2283.23	716	6.35153
RCHGF003362	540	313.44	38	2.45552
RCHGF003363	1170	942.227	1329	28.5682
RCHGF003364	1536	1308.23	7955	123.16
RCHGF003365	951	723.227	3469	97.1502
RCHGF003366	4821	4593.23	924	4.07444
RCHGF003367	675	447.437	88	3.9835
RCHGF003368	153	20.9287	1074	1039.38
RCHGF003369	660	432.496	856	40.0872
RCHGF003370	1083	855.227	1211	28.6799
RCHGF003371	468	243.421	1190	99.0153
RCHGF003372	168	25.7962	20	15.7032
RCHGF003373	219	46.7241	354	153.453
RCHGF003374	309	103.16	83	16.296
RCHGF003375	1419	1191.23	3819	64.9336
RCHGF003376	300	96.5016	101	21.1983
RCHGF003377	123	13.1407	9	13.872
RCHGF003378	495	269.497	1077	80.9425
RCHGF003379	474	249.198	1367	111.106
RCHGF003380	138	16.553	171	209.235
RCHGF003381	642	414.594	95	4.64103
RCHGF003382	1008	780.227	215	5.58125
RCHGF003383	447	223.395	71	6.43723
RCHGF003384	912	684.227	150	4.44023
RCHGF003385	1050	822.227	142	3.49793
RCHGF003386	327	116.946	15	2.59789
RCHGF003387	480	254.956	72	5.71981
RCHGF003388	870	642.249	183	5.77115
RCHGF003389	858	630.256	148	4.75619
RCHGF003390	1956	1728.23	472	5.53166
RCHGF003391	411	189.873	1167	124.486
RCHGF003392	210	42.2967	665	318.441
RCHGF003393	771	543.311	1535	57.2234
RCHGF003394	633	405.658	1041	51.9762
RCHGF003395	468	243.421	204	16.974
RCHGF003396	924	696.227	41687	1212.73
RCHGF003397	411	189.873	2894	308.709
RCHGF003398	390	170.676	5499	652.569
RCHGF003399	1026	798.227	587	14.8945
RCHGF003400	330	119.344	189	32.0757
RCHGF003401	984	756.227	392	10.499
RCHGF003402	255	66.3398	76	23.2035
RCHGF003403	1029	801.227	3629	91.7372
RCHGF003404	447	223.395	155	14.0531
RCHGF003405	603	375.818	416	22.4197
RCHGF003406	450	226.238	727	65.0853
RCHGF003407	1218	990.227	1010	20.6586
RCHGF003408	1287	1059.23	1865	35.6619
RCHGF003410	354	139.122	257	37.4155
RCHGF003411	2091	1863.23	404	4.39167
RCHGF003412	420	198.109	20	2.04475
RCHGF003413	618	390.725	48	2.4882
RCHGF003414	594	366.863	42	2.31878
RCHGF003415	204	39.7241	4	2.03948
RCHGF003416	111	11.0914	2	3.65222
RCHGF003417	204	39.7241	8	4.07896
RCHGF003418	1377	1149.23	181	3.18997
RCHGF003419	2160	1932.23	257	2.69395
RCHGF003420	375	157.32	26	3.34736
RCHGF003421	471	246.309	49	4.0293
RCHGF003422	564	337.1	60	3.60501
RCHGF003423	891	663.227	67	2.0461
RCHGF003424	2514	2286.23	307	2.71978
RCHGF003425	390	170.676	18	2.13607
RCHGF003426	1791	1563.23	256	3.3169
RCHGF003427	705	477.391	28	1.18795
RCHGF003428	153	20.9287	27	26.1297
RCHGF003429	840	612.256	228	7.54251
RCHGF003430	831	603.256	124	4.16327
RCHGF003431	4428	4200.23	698	3.36587
RCHGF003432	966	738.227	11166	306.353
RCHGF003433	969	741.227	6601	180.373
RCHGF003434	444	220.525	3122	286.741
RCHGF003435	5241	5013.23	1476	5.96325
RCHGF003436	801	573.256	101	3.56851
RCHGF003437	2145	1917.23	454	4.79619
RCHGF003438	615	387.742	128	6.68623
RCHGF003439	258	68.1806	60	17.824
RCHGF003440	756	528.329	220	8.43397
RCHGF003441	798	570.256	930	33.0314
RCHGF003442	744	516.352	3348	131.327
RCHGF003443	345	131.582	213	32.7866
RCHGF003444	1080	852.227	110	2.61428
RCHGF003445	570	343.036	22	1.29896
RCHGF003446	135	15.7958	0	0
RCHGF003447	228	51.1215	8	3.16957
RCHGF003448	840	612.256	189	6.25235
RCHGF003449	1185	957.227	99	2.09476
RCHGF003450	1716	1488.23	330	4.49116
RCHGF003451	453	229.097	35	3.0943
RCHGF003452	414	192.599	71	7.46652
RCHGF003453	117	11.9112	11	18.7047
RCHGF003454	912	684.227	81	2.39772
RCHGF003455	843	615.256	49	1.61308
RCHGF003456	1128	900.227	155	3.48734
RCHGF003457	120	12.42	7	11.4153
RCHGF003458	834	606.256	133	4.44334
RCHGF003459	1542	1314.23	156	2.40419
RCHGF003460	396	176.172	20	2.29936
RCHGF003461	645	417.576	33	1.60064
RCHGF003462	606	378.78	84	4.49165
RCHGF003463	276	79.9923	46	11.6473
RCHGF003464	282	83.9038	30	7.24192
RCHGF003465	120	12.42	6	9.78458
RCHGF003467	126	13.7551	272	400.516
RCHGF003468	1413	1185.23	1055	18.0287
RCHGF003469	465	240.571	275	23.1528
RCHGF003470	1569	1341.23	16398	247.63
RCHGF003471	1131	903.227	9969	223.547
RCHGF003472	699	471.401	851	36.5639
RCHGF003473	213	43.8069	891	411.955
RCHGF003474	333	121.746	717	119.283
RCHGF003475	1446	1218.23	5154	85.69
RCHGF003476	882	654.234	839	25.9742
RCHGF003477	588	360.896	1471	82.5553
RCHGF003478	519	292.854	894	61.8301
RCHGF003479	615	387.742	1135	59.2881
RCHGF003480	906	678.227	1430	42.7046
RCHGF003481	1167	939.227	809	17.4458
RCHGF003482	861	633.249	356	11.3865
RCHGF003483	1215	987.227	428	8.78094
RCHGF003484	1038	810.227	1356	33.8975
RCHGF003485	1392	1164.23	1007	17.5189
RCHGF003486	1221	993.227	1067	21.7586
RCHGF003488	1176	948.227	3923	83.7954
RCHGF003489	255	66.3398	101	30.8362
RCHGF003490	660	432.496	535	25.0545
RCHGF003491	756	528.329	524	20.0882
RCHGF003492	177	29.1318	138	95.9457
RCHGF003493	480	254.956	664	52.7494
RCHGF003494	579	351.963	863	49.6624
RCHGF003495	1218	990.227	670	13.7042
RCHGF003496	1182	954.227	1033	21.9262
RCHGF003497	1092	864.227	1705	39.9586
RCHGF003498	1059	831.227	1246	30.3608
RCHGF003499	114	11.3688	1567	2791.69
RCHGF003500	1545	1317.23	11224	172.584
RCHGF003501	777	549.299	3452	127.285
RCHGF003502	837	609.256	26349	875.949
RCHGF003503	1026	798.227	20571	521.967
RCHGF003504	786	558.274	18620	675.532
RCHGF003505	1137	909.227	14526	323.585
RCHGF003506	1206	978.227	2521	52.1972
RCHGF003507	1203	975.227	35118	729.354
RCHGF003508	2112	1884.23	1331	14.3073
RCHGF003509	243	59.2075	147	50.2869
RCHGF003510	1134	906.227	1372	30.6642
RCHGF003511	153	20.9287	358	346.461
RCHGF003512	951	723.227	5813	162.795
RCHGF003513	1263	1035.23	5214	102.012
RCHGF003514	948	720.227	328	9.22399
RCHGF003515	675	447.437	819	37.0737
RCHGF003516	339	126.613	2298	367.609
RCHGF003517	1704	1476.23	23987	329.107
RCHGF003518	1062	834.227	650	15.7813
RCHGF003519	420	198.109	106	10.8372
RCHGF003520	399	178.892	139	15.7376
RCHGF003521	459	234.84	148	12.7645
RCHGF003522	312	105.397	29	5.57292
RCHGF003523	1029	801.227	513	12.9681
RCHGF003524	915	687.227	593	17.4771
RCHGF003525	153	20.9287	79	76.4537
RCHGF003526	678	450.437	112	5.03614
RCHGF003527	165	24.8453	332	270.65
RCHGF003528	117	11.9112	40	68.0172
RCHGF003529	132	15.1697	6136	8192.6
RCHGF003530	792	564.256	1716	61.5964
RCHGF003531	921	693.227	683	19.9554
RCHGF003532	1053	825.227	663	16.2725
RCHGF003533	1053	825.227	1763	43.2706
RCHGF003534	1272	1044.23	362	7.02147
RCHGF003535	870	642.249	983	31.0002
RCHGF003536	969	741.227	1413	38.6105
RCHGF003537	348	134.094	871	131.56
RCHGF003538	672	444.462	2644	120.487
RCHGF003539	885	657.227	25050	771.981
RCHGF003540	738	510.352	670	26.59
RCHGF003541	2253	2025.23	3772	37.7235
RCHGF003542	819	591.256	4155	142.334
RCHGF003543	756	528.329	365	13.9927
RCHGF003544	1215	987.227	203	4.16479
RCHGF003545	1188	960.227	786	16.5792
RCHGF003546	750	522.347	279	10.8183
RCHGF003547	765	537.317	139	5.2396
RCHGF003548	1005	777.227	562	14.6454
RCHGF003549	747	519.347	415	16.1847
RCHGF003550	3216	2988.23	3896	26.407
RCHGF003551	1074	846.227	1856	44.4227
RCHGF003552	636	408.635	1614	79.9985
RCHGF003553	699	471.401	1462	62.8161
RCHGF003554	906	678.227	840	25.0852
RCHGF003555	744	516.352	385	15.1018
RCHGF003556	3213	2985.23	5896	40.0032
RCHGF003557	1077	849.227	2341	55.8331
RCHGF003558	1290	1062.23	1582	30.165
RCHGF003559	885	657.227	747	23.0207
RCHGF003561	381	162.597	1109	138.144
RCHGF003562	426	203.683	612	60.8569
RCHGF003563	960	732.227	1161	32.1145
RCHGF003564	1230	1002.23	2150	43.4497
RCHGF003565	819	591.256	255	8.73532
RCHGF003566	771	543.311	99	3.69063
RCHGF003567	471	246.309	48	3.94707
RCHGF003568	735	507.352	117	4.67079
RCHGF003569	414	192.599	72	7.57168
RCHGF003570	720	492.375	1967	80.9139
RCHGF003571	852	624.256	3074	99.7368
RCHGF003572	897	669.227	13084	395.987
RCHGF003573	543	316.405	1694	108.439
RCHGF003574	738	510.352	167	6.62766
RCHGF003575	396	176.172	659	75.7639
RCHGF003576	777	549.299	538	19.8375
RCHGF003577	723	495.364	568	23.2241
RCHGF003578	654	426.534	728	34.5694
RCHGF003580	507	281.162	736	53.0195
RCHGF003581	615	387.742	1409	73.6008
RCHGF003582	852	624.256	596	19.3374
RCHGF003583	1614	1386.23	1764	25.7738
RCHGF003584	393	173.397	7575	884.822
RCHGF003585	912	684.227	3703	109.614
RCHGF003586	816	588.256	3237	111.453
RCHGF003587	978	750.227	4711	127.185
RCHGF003588	297	94.3535	20611	4424.41
RCHGF003589	168	25.7962	6887	5407.4
RCHGF003590	2145	1917.23	43483	459.367
RCHGF003591	216	45.2323	614	274.937
RCHGF003592	210	42.2967	2164	1036.25
RCHGF003593	417	195.377	2137	221.537
RCHGF003594	546	319.352	3202	203.079
RCHGF003595	162	23.8329	55	46.7411
RCHGF003596	342	129.06	3312	519.773
RCHGF003597	411	189.873	3964	422.848
RCHGF003598	177	29.1318	3198	2223.44
RCHGF003599	1296	1068.23	4783	90.6882
RCHGF003600	816	588.256	282	9.70951
RCHGF003601	3666	3438.23	1050	6.18542
RCHGF003602	1287	1059.23	408	7.80163
RCHGF003603	228	51.1215	87	34.4691
RCHGF003604	3075	2847.23	13744	97.7699
RCHGF003605	702	474.401	107	4.56827
RCHGF003606	225	49.6206	107	43.6753
RCHGF003607	543	316.405	90	5.7612
RCHGF003608	234	54.1224	67	25.0733
RCHGF003609	357	141.65	49	7.00639
RCHGF003610	222	48.1768	39	16.3961
RCHGF003611	897	669.227	1386	41.9473
RCHGF003612	879	651.241	666	20.7132
RCHGF003613	1164	936.227	707	15.2951
RCHGF003614	159	22.8496	108	95.7325
RCHGF003615	483	257.85	2796	219.626
RCHGF003616	1629	1401.23	15795	228.31
RCHGF003617	357	141.65	3574	511.038
RCHGF003618	777	549.299	2325	85.7291
RCHGF003619	900	672.227	1491	44.9237
RCHGF003620	1071	843.227	7261	174.408
RCHGF003621	1080	852.227	461	10.9562
RCHGF003622	714	486.375	1189	49.5137
RCHGF003623	798	570.256	3055	108.506
RCHGF003624	267	74.0153	500	136.824
RCHGF003625	651	423.534	1057	50.5476
RCHGF003626	723	495.364	1432	58.5508
RCHGF003627	1644	1416.23	6629	94.8046
RCHGF003628	558	331.171	4662	285.124
RCHGF003629	132	15.1697	350	467.309
RCHGF003630	1863	1635.23	15023	186.077
RCHGF003631	2271	2043.23	14887	147.572
RCHGF003632	462	237.688	1751	149.208
RCHGF003633	1263	1035.23	7108	139.068
RCHGF003634	741	513.352	6771	267.148
RCHGF003635	600	372.835	723	39.2768
RCHGF003636	774	546.311	3930	145.702
RCHGF003637	669	441.477	2112	96.8948
RCHGF003638	1008	780.227	621	16.1207
RCHGF003639	201	38.5091	5.25617	2.76452
RCHGF003640	1191	963.227	7280.34	153.087
RCHGF003641	1560	1332.23	9800	148.992
RCHGF003642	708	480.385	2201	92.7992
RCHGF003643	711	483.385	870	36.4536
RCHGF003644	336	124.149	1179	192.346
RCHGF003645	144	18.2938	106	117.359
RCHGF003646	537	310.499	914	59.6211
RCHGF003647	882	654.234	5485	169.808
RCHGF003648	153	20.9287	55	53.2273
RCHGF003649	960	732.227	747.637	20.6804
RCHGF003650	702	474.401	2379	101.569
RCHGF003651	510	284.111	394	28.088
RCHGF003652	201	38.5091	57	29.9795
RCHGF003653	180	30.1565	1594	1070.59
RCHGF003654	2013	1785.23	14874	168.752
RCHGF003655	234	54.1224	51	19.0857
RCHGF003656	1608	1380.23	3491	51.2287
RCHGF003657	594	366.863	10928	603.324
RCHGF003658	834	606.256	2118	70.7594
RCHGF003659	246	60.8691	248	82.5219
RCHGF003660	747	519.347	806	31.4334
RCHGF003661	774	546.311	1420	52.6456
RCHGF003662	327	116.946	62	10.738
RCHGF003663	147	19.1835	0	0
RCHGF003664	960	732.227	1147.36	31.7373
RCHGF003665	2556	2328.23	24381	212.1
RCHGF003666	171	26.8268	31	23.4049
RCHGF003667	639	411.608	250	12.3018
RCHGF003668	612	384.755	319	16.7927
RCHGF003669	1362	1134.23	2363	42.1966
RCHGF003670	270	75.9784	241	64.2453
RCHGF003671	570	343.036	726	42.8658
RCHGF003672	567	340.052	123	7.32613
RCHGF003673	894	666.227	574	17.4503
RCHGF003674	231	52.5809	936	360.547
RCHGF003676	843	615.256	1766	58.1365
RCHGF003677	300	96.5016	472	99.0653
RCHGF003678	1596	1368.23	5988	88.6416
RCHGF003679	723	495.364	1646	67.3007
RCHGF003680	3024	2796.23	9494	68.7687
RCHGF003681	1128	900.227	2105	47.3603
RCHGF003682	765	537.317	29546	1113.74
RCHGF003683	834	606.256	906	30.2682
RCHGF003684	678	450.437	418	18.7956
RCHGF003685	1032	804.227	659	16.5967
RCHGF003687	462	237.688	397	33.8296
RCHGF003688	687	459.422	512	22.5721
RCHGF003689	885	657.227	1338	41.2339
RCHGF003690	1038	810.227	1531	38.2721
RCHGF003691	360	144.248	689	96.7442
RCHGF003692	663	435.477	3621	168.414
RCHGF003693	1479	1251.23	5738	92.8835
RCHGF003694	624	396.703	2228	113.753
RCHGF003695	495	269.497	268	20.1417
RCHGF003696	777	549.299	817	30.125
RCHGF003697	471	246.309	960	78.9414
RCHGF003698	2109	1881.23	715	7.69802
RCHGF003699	225	49.6206	43	17.5518
RCHGF003700	1329	1101.23	60444	1111.71
RCHGF003701	267	74.0153	155	42.4155
RCHGF003702	627	399.698	5547	281.086
RCHGF003703	138	16.553	117	143.161
RCHGF003704	1662	1434.23	1858	26.2387
RCHGF003705	117	11.9112	173	294.174
RCHGF003706	249	62.6112	58	18.7625
RCHGF003707	318	109.955	158	29.1043
RCHGF003708	297	94.3535	36	7.72784
RCHGF003709	498	272.418	166	12.342
RCHGF003710	861	633.249	176	5.62928
RCHGF003711	954	726.227	188	5.24324
RCHGF003712	270	75.9784	7	1.86605
RCHGF003713	624	396.703	117	5.97358
RCHGF003714	1026	798.227	245	6.21661
RCHGF003715	1632	1404.23	338	4.87521
RCHGF003716	393	173.397	149	17.4044
RCHGF003717	768	540.317	375	14.0571
RCHGF003718	1014	786.227	1793	46.1898
RCHGF003719	198	37.3265	2	1.08524
RCHGF003720	495	269.497	341	25.628
RCHGF003721	255	66.3398	212	64.7256
RCHGF003722	213	43.8069	520	240.423
RCHGF003723	369	152.058	513	68.3316
RCHGF003724	408	187.124	161	17.4265
RCHGF003725	306	100.919	154	30.9072
RCHGF003726	168	25.7962	54	42.3987
RCHGF003727	579	351.963	3478	200.146
RCHGF003728	657	429.505	2029	95.6814
RCHGF003729	516	289.948	515	35.975
RCHGF003730	1500	1272.23	7945	126.486
RCHGF003731	1290	1062.23	5827	111.107
RCHGF003732	1128	900.227	750	16.8742
RCHGF003733	177	29.1318	19	13.2099
RCHGF003734	303	98.7491	365	74.8641
RCHGF003735	759	531.329	736	28.0562
RCHGF003736	177	29.1318	96	66.7449
RCHGF003737	546	319.352	194	12.304
RCHGF003738	1065	837.227	4792	115.928
RCHGF003739	114	11.3688	58	103.33
RCHGF003740	894	666.227	1654	50.2837
RCHGF003741	2622	2394.23	8324	70.4175
RCHGF003742	567	340.052	758	45.148
RCHGF003744	717	489.375	616	25.4949
RCHGF003745	624	396.703	3927	200.498
RCHGF003746	579	351.963	338	19.4506
RCHGF003747	288	88.0134	116	26.6946
RCHGF003748	282	83.9038	214	51.659
RCHGF003749	117	11.9112	214	363.892
RCHGF003750	270	75.9784	377	100.5
RCHGF003751	174	27.946	50	36.238
RCHGF003752	288	88.0134	955	219.77
RCHGF003753	588	360.896	10378	582.433
RCHGF003754	2322	2094.23	35255	340.966
RCHGF003755	1275	1047.23	14440	279.28
RCHGF003756	720	492.375	3696	152.037
RCHGF003757	129	14.4401	16	22.4421
RCHGF003758	1581	1353.23	821	12.2882
RCHGF003759	114	11.3688	38	67.6989
RCHGF003760	1590	1362.23	1847	27.462
RCHGF003761	1689	1461.23	465	6.44539
RCHGF003762	675	447.437	181	8.19334
RCHGF003763	237	55.7643	511	185.6
RCHGF003764	534	307.547	99554	6556.33
RCHGF003765	417	195.377	1683	174.472
RCHGF003766	4101	3873.23	1206	6.3065
RCHGF003767	147	19.1835	21	22.1721
RCHGF003768	927	699.227	2165	62.7125
RCHGF003769	972	744.227	29304	797.509
RCHGF003770	1851	1623.23	140140	1748.63
RCHGF003771	1155	927.227	1161	25.3606
RCHGF003772	699	471.401	3268	140.412
RCHGF003773	351	136.581	251	37.2218
RCHGF003774	1881	1653.23	4353	53.3298
RCHGF003775	918	690.227	1203	35.3011
RCHGF003776	153	20.9287	22	21.2909
RCHGF003777	849	621.256	1582	51.5763
RCHGF003778	1461	1233.23	1908	31.3364
RCHGF003779	939	711.227	400	11.3911
RCHGF003780	357	141.65	53	7.57834
RCHGF003781	618	390.725	1125	58.3171
RCHGF003782	1251	1023.23	124	2.4545
RCHGF003783	174	27.946	0	0
RCHGF003784	774	546.311	475	17.6103
RCHGF003785	159	22.8496	87	77.1179
RCHGF003786	435	212.118	141	13.4634
RCHGF003787	129	14.4401	1	1.40263
RCHGF003788	1065	837.227	1070	25.8854
RCHGF003789	120	12.42	28	45.6614
RCHGF003790	573	346.01	191	11.1805
RCHGF003791	2055	1827.23	576	6.38475
RCHGF003792	1716	1488.23	337	4.58643
RCHGF003793	681	453.432	573	25.5951
RCHGF003794	1545	1317.23	868	13.3467
RCHGF003795	1500	1272.23	380	6.04969
RCHGF003796	669	441.477	157	7.20288
RCHGF003797	447	223.395	155	14.0531
RCHGF003798	1107	879.227	8706	200.554
RCHGF003799	132	15.1697	20	26.7034
RCHGF003800	219	46.7241	188	81.4949
RCHGF003801	411	189.873	128	13.654
RCHGF003802	360	144.248	106	14.8837
RCHGF003803	1905	1677.23	2178	26.3015
RCHGF003804	639	411.608	418	20.5687
RCHGF003805	123	13.1407	122	188.042
RCHGF003806	828	600.256	3140	105.952
RCHGF003807	111	11.0914	3	5.47833
RCHGF003808	804	576.256	1504	52.8624
RCHGF003809	486	260.757	446	34.6428
RCHGF003810	750	522.347	1451	56.263
RCHGF003811	843	615.256	592	19.4886
RCHGF003812	498	272.418	217	16.1339
RCHGF003813	846	618.256	307	10.0574
RCHGF003814	645	417.576	467	22.6514
RCHGF003815	1338	1110.23	447	8.15474
RCHGF003816	459	234.84	623	53.7317
RCHGF003817	489	263.666	322	24.7352
RCHGF003818	900	672.227	502	15.1252
RCHGF003819	504	278.231	2223	161.826
RCHGF003820	117	11.9112	63	107.127
RCHGF003821	450	226.238	195	17.4575
RCHGF003822	876	648.249	128	3.99929
RCHGF003823	207	41.0021	12	5.92774
RCHGF003824	246	60.8691	74	24.6235
RCHGF003825	333	121.746	50	8.31821
RCHGF003826	114	11.3688	145	258.325
RCHGF003827	1269	1041.23	1359	26.4355
RCHGF003828	432	209.294	596	57.6772
RCHGF003829	489	263.666	101	7.75856
RCHGF003830	1824	1596.23	2095	26.583
RCHGF003832	129	14.4401	145	203.381
RCHGF003833	858	630.256	432	13.8829
RCHGF003834	426	203.683	329	32.7155
RCHGF003835	315	107.682	147	27.6495
RCHGF003836	579	351.963	162	9.32249
RCHGF003837	1113	885.227	1551	35.4872
RCHGF003838	1935	1707.23	3206	38.0353
RCHGF003839	2262	2034.23	5166	51.4362
RCHGF003840	120	12.42	32	52.1844
RCHGF003841	423	200.88	85	8.57029
RCHGF003842	1518	1290.23	420	6.59322
RCHGF003843	129	14.4401	14	19.6368
RCHGF003844	618	390.725	1904	98.6984
RCHGF003845	471	246.309	229	18.8308
RCHGF003846	129	14.4401	26	36.4684
RCHGF003847	447	223.395	1740	157.758
RCHGF003848	462	237.688	332	28.2907
RCHGF003849	1941	1713.23	2271	26.8483
RCHGF003850	2631	2403.23	18110	152.629
RCHGF003851	138	16.553	11	13.4596
RCHGF003852	906	678.227	731	21.8301
RCHGF003853	177	29.1318	5	3.47629
RCHGF003854	846	618.256	566	18.5423
RCHGF003855	1272	1044.23	5548	107.611
RCHGF003856	351	136.581	811	120.266
RCHGF003857	453	229.097	11116	982.749
RCHGF003858	228	51.1215	766	303.486
RCHGF003859	1068	840.227	2767	66.7001
RCHGF003860	558	331.171	26320	1609.71
RCHGF003861	291	90.0816	147	33.0518
RCHGF003862	915	687.227	126	3.71351
RCHGF003863	177	29.1318	1	0.695259
RCHGF003864	291	90.0816	12	2.69811
RCHGF003865	300	96.5016	24	5.03722
RCHGF003866	252	64.4259	26	8.17386
RCHGF003867	4215	3987.23	785	3.98761
RCHGF003868	522	295.785	80	5.47807
RCHGF003869	996	768.227	194	5.11477
RCHGF003870	564	337.1	733	44.0412
RCHGF003871	330	119.344	108	18.329
RCHGF003872	1326	1098.23	739	13.6291
RCHGF003873	1032	804.227	1683.69	42.403
RCHGF003874	162	23.8329	17	14.4473
RCHGF003875	681	453.432	1418	63.34
RCHGF003876	2007	1779.23	1521	17.3146
RCHGF003877	648	420.548	385	18.5421
RCHGF003878	978	750.227	534	14.4166
RCHGF003879	861	633.249	792	25.3317
RCHGF003880	318	109.955	994	183.099
RCHGF003881	1332	1104.23	704	12.913
RCHGF003882	2571	2343.23	1375	11.8851
RCHGF003883	117	11.9112	90	153.039
RCHGF003884	1095	867.227	14884	347.617
RCHGF003885	1254	1026.23	8225	162.333
RCHGF003886	1419	1191.23	7040	119.699
RCHGF003887	1797	1569.23	5905	76.2164
RCHGF003888	98	10.3243	26	51.0065
RCHGF003891	2625	2397.23	3141	26.5383
RCHGF003892	255	66.3398	7183	2193.04
RCHGF003893	411	189.873	1468	156.594
RCHGF003894	258	68.1806	364	108.132
RCHGF003895	1056	828.227	2044	49.9857
RCHGF003896	630	402.676	3084	155.122
RCHGF003897	477	252.055	63030	5064.84
RCHGF003898	462	237.688	211	17.9799
RCHGF003899	1965	1737.23	962	11.2159
RCHGF003900	957	729.227	3144	87.3241
RCHGF003901	1200	972.227	3004	62.5816
RCHGF003902	498	272.418	1917	142.528
RCHGF003903	297	94.3535	798	171.301
RCHGF003904	651	423.534	7630	364.88
RCHGF003905	2928	2700.23	4891	36.6869
RCHGF003906	969	741.227	1106	30.2216
RCHGF003907	312	105.397	184	35.3592
RCHGF003908	1191	963.227	6965	146.456
RCHGF003909	948	720.227	10852	305.179
RCHGF003910	2499	2271.23	2200	19.619
RCHGF003911	1692	1464.23	1079	14.9254
RCHGF003912	1398	1170.23	1764	30.5311
RCHGF003913	3078	2850.23	2094	14.8803
RCHGF003914	486	260.757	248	19.2633
RCHGF003915	132	15.1697	200	267.034
RCHGF003917	309	103.16	4942	970.3
RCHGF003918	312	105.397	3556	683.355
RCHGF003919	282	83.9038	7090	1711.51
RCHGF003920	1287	1059.23	4220	80.6933
RCHGF003921	426	203.683	1535	152.639
RCHGF003922	1071	843.227	731	17.5585
RCHGF003923	750	522.347	156	6.04895
RCHGF003924	567	340.052	171	10.1851
RCHGF003925	762	534.317	2050	77.7085
RCHGF003926	582	354.939	70	3.99446
RCHGF003927	636	408.635	154	7.63306
RCHGF003928	1011	783.227	1566	40.4966
RCHGF003929	351	136.581	56	8.30446
RCHGF003930	660	432.496	131	6.13484
RCHGF003931	1302	1074.23	279	5.26044
RCHGF003932	288	88.0134	2071	476.591
RCHGF003933	2289	2061.23	12510	122.927
RCHGF003934	1605	1377.23	733	10.7798
RCHGF003935	513	287.032	1986	140.14
RCHGF003936	2199	1971.23	9627	98.9164
RCHGF003937	498	272.418	163	12.119
RCHGF003938	120	12.42	133	216.891
RCHGF003939	426	203.683	309	30.7268
RCHGF003940	123	13.1407	179	275.898
RCHGF003941	117	11.9112	20	34.0086
RCHGF003942	471	246.309	208	17.104
RCHGF003943	789	561.268	1048	37.8186
RCHGF003944	489	263.666	910	69.9038
RCHGF003945	576	348.979	632	36.6803
RCHGF003946	1104	876.227	2484	57.4181
RCHGF003947	936	708.227	4895	139.989
RCHGF003948	507	281.162	69854	5032.1
RCHGF003949	465	240.571	506	42.6012
RCHGF003950	1698	1470.23	3569	49.1673
RCHGF003951	255	66.3398	210	64.115
RCHGF003952	291	90.0816	499	112.196
RCHGF003953	1863	1635.23	7450	92.2768
RCHGF003954	336	124.149	2106	343.58
RCHGF003955	153	20.9287	254	245.813
RCHGF003956	630	402.676	1181	59.403
RCHGF003957	1074	846.227	2815	67.3761
RCHGF003958	930	702.227	422	12.1716
RCHGF003959	1125	897.227	589	13.2962
RCHGF003960	1200	972.227	1038	21.6244
RCHGF003961	2361	2133.23	7489	71.1051
RCHGF003962	1551	1323.23	1633	24.9957
RCHGF003963	936	708.227	4919	140.676
RCHGF003964	150	20.0366	11692	11819
RCHGF003965	273	77.9466	986	256.209
RCHGF003966	450	226.238	632	56.5803
RCHGF003967	417	195.377	763	79.0981
RCHGF003968	669	441.477	802	36.7943
RCHGF003969	858	630.256	435	13.9793
RCHGF003970	609	381.759	2368	125.634
RCHGF003971	1929	1701.23	1403	16.7036
RCHGF003972	2493	2265.23	3363	30.0697
RCHGF003973	1257	1029.23	2576	50.6931
RCHGF003974	1788	1560.23	14235	184.792
RCHGF003975	2178	1950.23	13826	143.59
RCHGF003976	417	195.377	994	103.045
RCHGF003977	513	287.032	497	35.0704
RCHGF003978	522	295.785	367	25.1306
RCHGF003979	708	480.385	160	6.74597
RCHGF003980	441	217.722	49	4.55835
RCHGF003981	996	768.227	229	6.03754
RCHGF003982	351	136.581	37	5.48688
RCHGF003983	1374	1146.23	485	8.57009
RCHGF003984	138	16.553	35	42.8259
RCHGF003985	279	81.9791	26701	6596.88
RCHGF003986	735	507.352	394	15.729
RCHGF003987	546	319.352	459	29.111
RCHGF003988	981	753.227	267	7.17959
RCHGF003989	570	343.036	114	6.73099
RCHGF003990	510	284.111	34	2.42384
RCHGF003991	327	116.946	58	10.0452
RCHGF003992	735	507.352	1689	67.427
RCHGF003993	756	528.329	1352	51.8306
RCHGF003994	783	555.299	695	25.3496
RCHGF003995	1323	1095.23	3456	63.9122
RCHGF003996	1458	1230.23	7682	126.475
RCHGF003997	894	666.227	6848	208.188
RCHGF003998	795	567.256	29201	1042.64
RCHGF003999	198	37.3265	61	33.0999
RCHGF004000	924	696.227	742	21.5858
RCHGF004001	984	756.227	1759	47.1116
RCHGF004002	678	450.437	1479	66.5041
RCHGF004003	1218	990.227	1350	27.613
RCHGF004004	378	159.976	244.412	30.9443
RCHGF004005	486	260.757	415	32.2349
RCHGF004006	288	88.0134	3784	870.796
RCHGF004007	594	366.863	2089	115.332
RCHGF004008	948	720.227	484	13.611
RCHGF004009	939	711.227	600	17.0867
RCHGF004010	1245	1017.23	787	15.6701
RCHGF004011	759	531.329	149	5.67985
RCHGF004012	636	408.635	349	17.2983
RCHGF004013	1686	1458.23	4909	68.1839
RCHGF004014	465	240.571	2470	207.955
RCHGF004015	360	144.248	276	38.7538
RCHGF004016	408	187.124	125	13.5299
RCHGF004017	897	669.227	838	25.3621
RCHGF004018	738	510.352	1633	64.8082
RCHGF004019	312	105.397	17	3.26688
RCHGF004020	1380	1152.23	4275	75.1471
RCHGF004021	1764	1536.23	9021	118.936
RCHGF004022	1194	966.227	6176	129.462
RCHGF004023	660	432.496	4886	228.816
RCHGF004024	510	284.111	1127	80.3432
RCHGF004025	909	681.227	3238	96.2718
RCHGF004027	147	19.1835	126	133.032
RCHGF004028	879	651.241	1687	52.4671
RCHGF004029	528	301.639	1517	101.862
RCHGF004030	1062	834.227	4548	110.421
RCHGF004031	2070	1842.23	6725	73.9372
RCHGF004032	609	381.759	1984	105.261
RCHGF004033	462	237.688	191	16.2757
RCHGF004034	993	765.227	108	2.85856
RCHGF004035	951	723.227	113	3.16459
RCHGF004036	297	94.3535	14	3.00527
RCHGF004037	351	136.581	11	1.63123
RCHGF004038	162	23.8329	0	0
RCHGF004039	417	195.377	12	1.24401
RCHGF004040	435	212.118	46	4.39233
RCHGF004041	327	116.946	46	7.96687
RCHGF004042	561	334.145	7130	432.184
RCHGF004043	972	744.227	1885	51.3003
RCHGF004044	654	426.534	2440	115.864
RCHGF004045	1308	1080.23	7809	146.418
RCHGF004046	999	771.227	4129	108.437
RCHGF004047	1590	1362.23	3822	56.8271
RCHGF004048	180	30.1565	23	15.4476
RCHGF004049	1476	1248.23	421	6.83129
RCHGF004050	282	83.9038	262729	63422.1
RCHGF004051	702	474.401	5393	230.25
RCHGF004052	1200	972.227	1227	25.5618
RCHGF004053	303	98.7491	1003	205.723
RCHGF004054	399	178.892	567	64.1959
RCHGF004055	438	214.959	623	58.7012
RCHGF004056	357	141.65	870	124.399
RCHGF004057	339	126.613	208	33.2735
RCHGF004058	738	510.352	1295	51.3942
RCHGF004059	1332	1104.23	2980	54.6603
RCHGF004060	705	477.391	2584	109.631
RCHGF004061	1428	1200.23	5989	101.066
RCHGF004062	1599	1371.23	3369	49.7629
RCHGF004063	570	343.036	1621	95.7099
RCHGF004064	1254	1026.23	2904	57.3149
RCHGF004065	1299	1071.23	5357	101.287
RCHGF004066	834	606.256	2289	76.4723
RCHGF004067	921	693.227	2548	74.4454
RCHGF004068	660	432.496	2052	96.0969
RCHGF004069	621	393.716	150	7.71654
RCHGF004070	1179	951.227	3018	64.2613
RCHGF004071	831	603.256	173	5.80843
RCHGF004072	999	771.227	4380	115.029
RCHGF004073	1659	1431.23	4803	67.9701
RCHGF004074	777	549.299	2509	92.5137
RCHGF004075	1875	1647.23	4349	53.4749
RCHGF004076	840	612.256	1497	49.5226
RCHGF004077	210	42.2967	58	27.7738
RCHGF004078	1326	1098.23	3250	59.9384
RCHGF004079	375	157.32	1061	136.598
RCHGF004080	900	672.227	2168	65.3217
RCHGF004081	327	116.946	37690	6527.64
RCHGF004082	555	328.226	262	16.1675
RCHGF004083	1374	1146.23	8190	144.72
RCHGF004084	942	714.227	3833	108.697
RCHGF004085	828	600.256	2111	71.2305
RCHGF004086	951	723.227	745	20.8639
RCHGF004087	576	348.979	499	28.9612
RCHGF004088	114	11.3688	19	33.8494
RCHGF004089	792	564.256	214	7.6816
RCHGF004090	930	702.227	356	10.268
RCHGF004091	921	693.227	277	8.09317
RCHGF004092	900	672.227	275	8.28573
RCHGF004093	438	214.959	780	73.4943
RCHGF004094	426	203.683	336	33.4116
RCHGF004095	150	20.0366	119	120.292
RCHGF004096	1743	1515.23	5781	77.2751
RCHGF004097	1335	1107.23	2373	43.4085
RCHGF004099	735	507.352	5375	214.577
RCHGF004101	642	414.594	79.4848	3.88307
RCHGF004102	201	38.5091	1	0.525957
RCHGF004103	177	29.1318	4	2.78104
RCHGF004104	1191	963.227	5447.5	114.547
RCHGF004105	123	13.1407	182	280.522
RCHGF004106	1626	1398.23	742	10.7483
RCHGF004107	822	594.256	102	3.47649
RCHGF004108	831	603.256	245	8.22581
RCHGF004109	4233	4005.23	2176	11.0039
RCHGF004110	450	226.238	102	9.13163
RCHGF004111	171	26.8268	122	92.1096
RCHGF004112	132	15.1697	120	160.22
RCHGF004113	489	263.666	363	27.8847
RCHGF004114	879	651.241	155	4.82063
RCHGF004115	2790	2562.23	1368	10.8139
RCHGF004116	132	15.1697	0	0
RCHGF004117	432	209.294	47	4.54837
RCHGF004118	492	266.574	80	6.07835
RCHGF004119	774	546.311	193	7.15536
RCHGF004120	816	588.256	367	12.6361
RCHGF004121	1680	1452.23	3469	48.382
RCHGF004122	795	567.256	476	16.9958
RCHGF004123	636	408.635	175	8.67393
RCHGF004125	1497	1269.23	12845	204.979
RCHGF004126	1089	861.227	405	9.5247
RCHGF004127	300	96.5016	54	11.3337
RCHGF004128	666	438.477	172	7.94504
RCHGF004129	810	582.256	234	8.13985
RCHGF004130	1371	1143.23	403	7.13981
RCHGF004131	1440	1212.23	272	4.54464
RCHGF004132	1437	1209.23	317	5.30965
RCHGF004133	1383	1155.23	262	4.59355
RCHGF004134	837	609.256	253	8.41076
RCHGF004135	438	214.959	185	17.4313
RCHGF004136	123	13.1407	36	55.4879
RCHGF004137	915	687.227	244	7.19124
RCHGF004138	885	657.227	1000	30.8176
RCHGF004139	1014	786.227	370	9.53165
RCHGF004140	1158	930.227	1765	38.43
RCHGF004141	306	100.919	984	197.485
RCHGF004142	237	55.7643	629	228.459
RCHGF004143	642	414.594	213	10.4057
RCHGF004144	807	579.256	120	4.1959
RCHGF004145	762	534.317	104	3.94229
RCHGF004146	462	237.688	56	4.77193
RCHGF004147	417	195.377	52	5.39069
RCHGF004148	2715	2487.23	740	6.02602
RCHGF004149	966	738.227	123	3.37465
RCHGF004150	804	576.256	81	2.84698
RCHGF004151	1179	951.227	121	2.57641
RCHGF004152	861	633.249	92	2.94258
RCHGF004153	123	13.1407	33	50.8639
RCHGF004154	147	19.1835	1	1.05581
RCHGF004155	183	31.337	9	5.81699
RCHGF004156	636	408.635	134	6.64176
RCHGF004157	945	717.227	207	5.84558
RCHGF004158	780	552.299	211	7.73788
RCHGF004159	999	771.227	1953	51.2902
RCHGF004160	687	459.422	1965	86.6293
RCHGF004161	657	429.505	368	17.3537
RCHGF004162	1809	1581.23	972	12.4505
RCHGF004163	1176	948.227	264	5.63905
RCHGF004164	1455	1227.23	668	11.0247
RCHGF004165	636	408.635	647	32.0688
RCHGF004166	258	68.1806	326	96.8436
RCHGF004167	345	131.582	759	116.831
RCHGF004168	597	369.855	1768	96.8199
RCHGF004169	6609	6381.23	2166	6.87493
RCHGF004170	438	214.959	139	13.0971
RCHGF004171	840	612.256	126	4.16823
RCHGF004172	297	94.3535	14	3.00527
RCHGF004173	1464	1236.23	499	8.17554
RCHGF004174	780	552.299	231	8.47133
RCHGF004175	1092	864.227	150	3.51542
RCHGF004176	2604	2376.23	426	3.63108
RCHGF004177	750	522.347	127	4.92446
RCHGF004178	159	22.8496	78	69.1402
RCHGF004179	708	480.385	559	23.5687
RCHGF004180	636	408.635	429	21.2635
RCHGF004181	450	226.238	1154	103.313
RCHGF004182	165	24.8453	208	169.564
RCHGF004183	777	549.299	612	22.5661
RCHGF004184	111	11.0914	12	21.9133
RCHGF004185	1401	1173.23	896	15.4682
RCHGF004186	756	528.329	1556	59.6512
RCHGF004187	798	570.256	3313	117.67
RCHGF004188	858	630.256	1480	47.5619
RCHGF004189	825	597.256	1234	41.8474
RCHGF004190	1317	1089.23	373	6.93593
RCHGF004191	1437	1209.23	566	9.48031
RCHGF004192	1848	1620.23	911	11.3882
RCHGF004193	837	609.256	601	19.9797
RCHGF004194	435	212.118	435	41.5362
RCHGF004195	2508	2280.23	789	7.00831
RCHGF004196	1329	1101.23	924	16.9945
RCHGF004197	120	12.42	29	47.2921
RCHGF004198	1590	1362.23	2276	33.8405
RCHGF004199	708	480.385	223	9.40219
RCHGF004200	1215	987.227	1308	26.8352
RCHGF004201	522	295.785	495	33.8956
RCHGF004202	699	471.401	9908	425.706
RCHGF004203	579	351.963	271	15.595
RCHGF004204	1176	948.227	1973	42.1433
RCHGF004205	984	756.227	784	20.998
RCHGF004206	1164	936.227	2855	61.7645
RCHGF004207	363	146.834	6057	835.496
RCHGF004208	957	729.227	21562	598.881
RCHGF004209	396	176.172	14427	1658.64
RCHGF004210	363	146.834	2695	371.745
RCHGF004211	114	11.3688	7280	12969.7
RCHGF004212	771	543.311	8798	327.981
RCHGF004213	645	417.576	11852	574.871
RCHGF004214	1302	1074.23	32613	614.906
RCHGF004215	438	214.959	4157	391.687
RCHGF004216	510	284.111	6159	439.072
RCHGF004217	354	139.122	6788	988.236
RCHGF004218	543	316.405	11887	760.927
RCHGF004219	393	173.397	21106	2465.35
RCHGF004220	537	310.499	18553	1210.23
RCHGF004221	321	112.227	3440	620.835
RCHGF004222	366	149.468	5979	810.202
RCHGF004223	258	68.1806	5136	1525.73
RCHGF004224	198	37.3265	2536	1376.09
RCHGF004225	414	192.599	10826	1138.49
RCHGF004226	789	561.268	20807	750.85
RCHGF004227	333	121.746	1414	235.239
RCHGF004228	276	79.9923	2256	571.222
RCHGF004229	831	603.256	13301	446.578
RCHGF004230	294	92.2145	9767	2145.24
RCHGF004231	627	399.698	7382	374.073
RCHGF004232	684	456.427	14703	652.452
RCHGF004233	726	498.364	344	13.9806
RCHGF004234	738	510.352	258	10.2391
RCHGF004235	996	768.227	681	17.9544
RCHGF004236	765	537.317	384	14.4749
RCHGF004238	309	103.16	814	159.819
RCHGF004239	216	45.2323	462	206.875
RCHGF004240	1182	954.227	144811	3073.72
RCHGF004241	2076	1848.23	43227	473.711
RCHGF004242	468	243.421	6394	532.02
RCHGF004243	420	198.109	16875	1725.26
RCHGF004244	810	582.256	909	31.6202
RCHGF004245	1350	1122.23	1867	33.696
RCHGF004247	543	316.405	1190	76.1759
RCHGF004248	189	33.7571	87	52.1997
RCHGF004249	279	81.9791	387	95.6141
RCHGF004250	450	226.238	328	29.3645
RCHGF004251	807	579.256	1907	66.6798
RCHGF004252	432	209.294	764	73.9352
RCHGF004253	153	20.9287	14	13.5488
RCHGF004254	234	54.1224	4119	1541.45
RCHGF004255	369	152.058	1666	221.911
RCHGF004256	1287	1059.23	35369	676.313
RCHGF004257	120	12.42	89	145.138
RCHGF004258	192	34.9851	2636	1526.08
RCHGF004259	402	181.626	3788	422.423
RCHGF004260	918	690.227	642.863	18.8643
RCHGF004261	462	237.688	368	31.3584
RCHGF004262	120	12.42	49	79.9074
RCHGF004263	330	119.344	131	22.2324
RCHGF004264	1041	813.227	599	14.9186
RCHGF004265	708	480.385	239	10.0768
RCHGF004266	1917	1689.23	1000	11.9902
RCHGF004267	702	474.401	242	10.332
RCHGF004268	3519	3291.23	1894	11.6556
RCHGF004269	366	149.468	111	15.0414
RCHGF004270	609	381.759	329	17.455
RCHGF004271	480	254.956	77	6.11702
RCHGF004272	318	109.955	67	12.3417
RCHGF004273	360	144.248	67	9.40764
RCHGF004274	267	74.0153	24	6.56756
RCHGF004275	1683	1455.23	809	11.2598
RCHGF004276	570	343.036	133	7.85282
RCHGF004277	1212	984.227	358	7.36719
RCHGF004278	1734	1506.23	408	5.48635
RCHGF004279	390	170.676	65	7.71358
RCHGF004280	249	62.6112	180	58.2283
RCHGF004281	291	90.0816	55	12.3663
RCHGF004282	144	18.2938	102	112.931
RCHGF004283	306	100.919	107	21.4745
RCHGF004284	207	41.0021	32	15.8073
RCHGF004285	396	176.172	262	30.1216
RCHGF004286	219	46.7241	23	9.97013
RCHGF004287	852	624.256	304	9.86337
RCHGF004288	219	46.7241	46	19.9403
RCHGF004289	585	357.916	112	6.33799
RCHGF004290	261	70.0859	4	1.15596
RCHGF004291	204	39.7241	20	10.1974
RCHGF004292	456	231.971	71	6.19926
RCHGF004293	1383	1155.23	402	7.04811
RCHGF004294	894	666.227	203	6.17146
RCHGF004295	315	107.682	62	11.6617
RCHGF004296	156	21.9113	30	27.7311
RCHGF004297	906	678.227	224	6.6894
RCHGF004298	540	313.44	227	14.6685
RCHGF004299	255	66.3398	14	4.27433
RCHGF004300	123	13.1407	76	117.141
RCHGF004301	189	33.7571	73	43.7998
RCHGF004302	171	26.8268	1517	1145.33
RCHGF004303	177	29.1318	61	42.4108
RCHGF004304	168	25.7962	117	91.8638
RCHGF004305	303	98.7491	3444	706.389
RCHGF004306	390	170.676	1552	184.177
RCHGF004307	918	690.227	17813	522.708
RCHGF004308	1407	1179.23	2422	41.5998
