-e target_id	length	eff_length	Monoculture_Clostridium_HGF2_Early_Replicate_3_HGF2_counts	tpm
RCHGF000001	708	455.8	1076	37.5597
RCHGF000002	762	509.663	1678	52.3832
RCHGF000003	780	527.632	2447	73.7881
RCHGF000004	882	629.562	2612	66.0113
RCHGF000005	903	650.562	902	22.0598
RCHGF000006	1215	962.542	882	14.5792
RCHGF000007	855	602.562	1177	31.0784
RCHGF000008	561	311.718	479	24.4488
RCHGF000009	522	274.922	346	20.024
RCHGF000010	447	207.585	594	45.5275
RCHGF000011	714	461.79	363	12.5068
RCHGF000012	1449	1196.54	1415	18.8153
RCHGF000013	144	21.1656	117	87.9507
RCHGF000014	639	387.455	177	7.26835
RCHGF000015	480	236.557	58	3.90101
RCHGF000016	744	491.744	79	2.55607
RCHGF000017	849	596.592	144	3.84033
RCHGF000018	387	158.593	25	2.50807
RCHGF000020	519	272.138	222	12.9792
RCHGF000021	156	25.0854	106	67.2308
RCHGF000022	918	665.562	3068	73.3416
RCHGF000023	1470	1217.54	2602	34.0022
RCHGF000024	948	695.542	2825	64.6217
RCHGF000025	2820	2567.54	5612	34.7763
RCHGF000026	528	280.538	134	7.5997
RCHGF000027	480	236.557	152	10.2233
RCHGF000028	747	494.724	267	8.58682
RCHGF000029	852	599.574	3657	97.0433
RCHGF000030	852	599.574	7779	206.426
RCHGF000031	2136	1883.54	2956	24.9697
RCHGF000032	114	15.9916	54	53.7261
RCHGF000033	1155	902.542	855	15.0724
RCHGF000034	2412	2159.54	7541	55.5586
RCHGF000035	642	390.393	105	4.27928
RCHGF000036	945	692.542	5315	122.107
RCHGF000037	399	168.216	1213	114.73
RCHGF000038	1875	1622.54	1475	14.4637
RCHGF000039	699	446.818	778	27.7034
RCHGF000040	2544	2291.54	15590	108.244
RCHGF000041	1098	845.542	4308	81.0633
RCHGF000042	2586	2333.54	8118	55.3499
RCHGF000043	3450	3197.54	72062	358.57
RCHGF000044	390	160.976	2824	279.119
RCHGF000045	834	581.61	14424	394.582
RCHGF000046	816	563.616	1345	37.9684
RCHGF000047	1971	1718.54	24607	227.815
RCHGF000048	813	560.616	28603	811.764
RCHGF000049	1026	773.542	1752	36.0358
RCHGF000050	1857	1604.54	2550	25.2856
RCHGF000051	1692	1439.54	6202	68.5474
RCHGF000052	126	17.6381	22	19.8451
RCHGF000053	165	28.0033	29	16.4768
RCHGF000054	135	19.0072	8951	7492.67
RCHGF000055	447	207.585	593	45.4508
RCHGF000056	126	17.6381	14	12.6287
RCHGF000057	408	175.23	665	60.3806
RCHGF000058	639	387.455	1104	45.3348
RCHGF000059	933	680.542	903	21.1114
RCHGF000060	675	422.949	419	15.7619
RCHGF000061	744	491.744	154	4.98271
RCHGF000062	1182	929.542	2714	46.4541
RCHGF000063	1974	1721.54	4876	45.064
RCHGF000064	1479	1226.54	1419	18.407
RCHGF000065	900	647.562	2367	58.1568
RCHGF000066	687	434.902	1369	50.0837
RCHGF000067	1395	1142.54	1835	25.5533
RCHGF000068	894	641.562	1159	28.7427
RCHGF000069	687	434.902	981	35.889
RCHGF000070	873	620.562	5073	130.066
RCHGF000071	363	140.116	114	12.945
RCHGF000072	117	16.4579	13	12.5676
RCHGF000073	861	608.562	100	2.61444
RCHGF000074	732	479.748	86	2.85213
RCHGF000075	207	44.156	22	7.92714
RCHGF000076	276	80.5297	7137	1410.08
RCHGF000077	288	87.7711	5599	1014.95
RCHGF000078	1566	1313.54	236	2.85859
RCHGF000079	288	87.7711	38	6.88836
RCHGF000080	459	217.945	58	4.23413
RCHGF000081	450	210.089	56	4.241
RCHGF000082	411	177.731	56	5.01313
RCHGF000083	369	144.576	153	16.8376
RCHGF000084	1497	1244.54	278	3.55401
RCHGF000085	726	473.748	88	2.95542
RCHGF000086	585	334.68	52	2.47205
RCHGF000087	1785	1532.54	326	3.38446
RCHGF000088	1746	1493.54	395	4.20788
RCHGF000089	615	363.962	967	42.2722
RCHGF000090	354	133.477	187	22.2904
RCHGF000091	1878	1625.54	2364	23.1384
RCHGF000092	1446	1193.54	8621	114.922
RCHGF000093	513	266.667	27532	1642.68
RCHGF000094	672	419.966	175	6.62991
RCHGF000095	1434	1181.54	424	5.70953
RCHGF000096	987	734.542	180	3.89888
RCHGF000097	1050	797.542	229	4.56842
RCHGF000098	1203	950.542	185	3.09659
RCHGF000099	1329	1076.54	265	3.9165
RCHGF000100	207	44.156	2	0.720649
RCHGF000101	765	512.663	910	28.2418
RCHGF000102	1164	911.542	545	9.51269
RCHGF000103	1707	1454.54	11461	125.366
RCHGF000104	1047	794.542	5772	115.583
RCHGF000105	2346	2093.54	7336	55.7521
RCHGF000106	753	500.724	411	13.0595
RCHGF000107	195	39.5184	9288	3739.44
RCHGF000108	195	39.5184	139	55.9627
RCHGF000109	666	413.983	89	3.42052
RCHGF000110	1152	899.542	139	2.45854
RCHGF000111	1008	755.542	5207	109.651
RCHGF000112	996	743.542	188	4.02287
RCHGF000113	828	575.616	166	4.58838
RCHGF000114	798	545.616	105	3.06187
RCHGF000115	474	230.974	146	10.0571
RCHGF000116	417	182.649	112	9.75628
RCHGF000117	819	566.616	132	3.70654
RCHGF000118	2754	2501.54	810	5.15182
RCHGF000119	981	728.542	237	5.1758
RCHGF000121	474	230.974	151	10.4015
RCHGF000122	912	659.562	1435	34.6162
RCHGF000123	1251	998.542	2530	40.3123
RCHGF000124	492	247.276	2438	156.868
RCHGF000125	672	419.966	551	20.8748
RCHGF000126	375	149.179	27	2.87965
RCHGF000127	1632	1379.54	189	2.17977
RCHGF000128	333	118.029	18	2.42643
RCHGF000129	1206	953.542	105	1.752
RCHGF000130	1470	1217.54	237	3.09705
RCHGF000131	987	734.542	160	3.46567
RCHGF000132	900	647.562	694	17.0515
RCHGF000133	657	405.06	656	25.7673
RCHGF000134	2331	2078.54	2783	21.3029
RCHGF000135	1776	1523.54	3346	34.9426
RCHGF000136	120	16.8418	35	33.0645
RCHGF000137	597	346.298	630	28.945
RCHGF000138	1125	872.542	3229	58.8797
RCHGF000139	978	725.542	169	3.70602
RCHGF000140	489	244.503	13243	861.76
RCHGF000141	1188	935.542	2222	37.7889
RCHGF000142	135	19.0072	41	34.3201
RCHGF000143	174	31.2358	37	18.8466
RCHGF000144	735	482.748	74	2.4389
RCHGF000145	702	449.818	72	2.54671
RCHGF000146	777	524.632	79	2.39583
RCHGF000147	243	61.2765	48	12.4632
RCHGF000148	399	168.216	82513	7804.4
RCHGF000149	750	497.724	1024	32.7337
RCHGF000151	2724	2471.54	4983	32.078
RCHGF000152	729	476.748	362	12.081
RCHGF000153	444	205.066	1016	78.8286
RCHGF000154	765	512.663	77	2.38969
RCHGF000155	1194	941.542	230	3.88662
RCHGF000156	909	656.562	193	4.67698
RCHGF000157	744	491.744	143	4.62681
RCHGF000158	555	305.948	85	4.42034
RCHGF000159	1041	788.542	332	6.6988
RCHGF000160	927	674.549	226	5.33063
RCHGF000161	1488	1235.54	224	2.88452
RCHGF000162	1671	1418.54	755	8.46815
RCHGF000163	1053	800.542	365	7.25425
RCHGF000165	1038	785.542	1065	21.5707
RCHGF000166	2400	2147.54	4328	32.0649
RCHGF000167	120	16.8418	10	9.44701
RCHGF000168	873	620.562	2378	60.9692
RCHGF000169	1836	1583.54	14961	150.319
RCHGF000170	552	303.07	8146	427.646
RCHGF000171	1230	977.542	2368	38.5416
RCHGF000172	558	308.737	651	33.5487
RCHGF000173	468	225.672	783	55.2037
RCHGF000174	150	22.8766	389	270.547
RCHGF000175	1656	1403.54	1717	19.4638
RCHGF000176	873	620.562	5403	138.527
RCHGF000177	390	160.976	3779	373.509
RCHGF000178	876	623.562	33749	861.122
RCHGF000179	996	743.542	14422	308.605
RCHGF000180	120	16.8418	5	4.72351
RCHGF000181	813	560.616	1888	53.5822
RCHGF000182	786	533.632	893	26.6252
RCHGF000183	1230	977.542	2203	35.8561
RCHGF000184	447	207.585	1049	80.4012
RCHGF000185	1398	1145.54	4443	61.7091
RCHGF000186	525	277.756	4308	246.772
RCHGF000187	741	488.748	331	10.7752
RCHGF000188	456	215.383	133	9.82481
RCHGF000189	1380	1127.54	268	3.78169
RCHGF000190	1140	887.542	512	9.17835
RCHGF000191	1401	1148.54	2217	30.7116
RCHGF000192	624	372.723	435	18.5689
RCHGF000193	1539	1286.54	702	8.68154
RCHGF000194	1209	956.542	286	4.75714
RCHGF000195	897	644.562	196	4.8381
RCHGF000196	1458	1205.54	644	8.49938
RCHGF000197	969	716.542	266	5.90641
RCHGF000198	1287	1034.54	382	5.87488
RCHGF000199	1242	989.542	453	7.28363
RCHGF000200	1446	1193.54	2521	33.6062
RCHGF000201	1185	932.542	311	5.3061
RCHGF000202	162	26.9488	17	10.0367
RCHGF000203	582	331.774	1325	63.5415
RCHGF000204	1209	956.542	1880	31.2707
RCHGF000205	720	467.763	757	25.7486
RCHGF000206	1503	1250.54	1043	13.27
RCHGF000207	1101	848.542	269	5.04385
RCHGF000208	1332	1079.54	476	7.01538
RCHGF000209	2175	1922.54	653	5.40407
RCHGF000210	1710	1457.54	619	6.75699
RCHGF000212	1578	1325.54	250	3.00075
RCHGF000213	1425	1172.54	201	2.72742
RCHGF000214	315	105.457	62	9.35405
RCHGF000215	435	197.516	41	3.30268
RCHGF000216	723	470.758	150	5.06964
RCHGF000217	111	15.1988	1	1.04682
RCHGF000218	651	399.136	1759	70.1179
RCHGF000219	1050	797.542	1981	39.5198
RCHGF000220	132	18.4886	15	12.9084
RCHGF000221	726	473.748	130	4.36596
RCHGF000222	1038	785.542	1672	33.865
RCHGF000223	1254	1001.54	189	3.00245
RCHGF000224	654	402.1	1790	70.8276
RCHGF000225	522	274.922	266	15.3942
RCHGF000226	1080	827.542	1202	23.1099
RCHGF000227	282	84.0964	173	32.7305
RCHGF000228	1026	773.542	1541	31.6958
RCHGF000229	336	120.138	283	37.4792
RCHGF000230	711	458.79	355	12.3111
RCHGF000231	678	425.949	257	9.59974
RCHGF000232	456	215.383	220	16.2516
RCHGF000233	534	286.068	473	26.3073
RCHGF000234	645	393.311	1993	80.6223
RCHGF000235	3291	3038.54	13920	72.8883
RCHGF000236	552	303.07	1462	76.7516
RCHGF000237	2649	2396.54	12159	80.7229
RCHGF000238	321	109.645	8385	1216.74
RCHGF000240	942	689.542	10718	247.307
RCHGF000241	588	337.606	2403	113.247
RCHGF000242	459	217.945	1718	125.418
RCHGF000243	1050	797.542	18644	371.937
RCHGF000244	1551	1298.54	3787	46.4005
RCHGF000245	783	530.632	2329	69.8328
RCHGF000246	1434	1181.54	3850	51.8436
RCHGF000247	1656	1403.54	3894	44.1422
RCHGF000248	2358	2105.54	7965	60.1874
RCHGF000249	1101	848.542	19686	369.12
RCHGF000250	1539	1286.54	5935	73.3974
RCHGF000251	1095	842.542	2254	42.5643
RCHGF000252	951	698.542	3706	84.4105
RCHGF000253	1254	1001.54	2679	42.5586
RCHGF000254	1281	1028.54	3087	47.7527
RCHGF000255	426	190.018	163	13.6482
RCHGF000256	600	349.218	21307	970.755
RCHGF000257	1752	1499.54	5141	54.5472
RCHGF000258	1128	875.542	2583	46.9387
RCHGF000259	1206	953.542	1815	30.2845
RCHGF000260	168	29.0065	9519	5221.32
RCHGF000261	540	291.668	1146	62.5143
RCHGF000262	816	563.616	743	20.9744
RCHGF000263	1410	1157.54	1443	19.8341
RCHGF000264	978	725.542	837	18.3547
RCHGF000265	225	51.8354	3	0.920829
RCHGF000266	207	44.156	4	1.4413
RCHGF000267	150	22.8766	14	9.7369
RCHGF000268	213	46.8167	25	8.49617
RCHGF000269	759	506.663	81	2.5436
RCHGF000270	939	686.542	573	13.2792
RCHGF000271	114	15.9916	14	13.929
RCHGF000272	2676	2423.54	689	4.52327
RCHGF000273	270	76.9854	12064	2493.25
RCHGF000274	204	42.9052	246	91.2239
RCHGF000275	501	255.564	125	7.78204
RCHGF000276	735	482.748	353	11.6342
RCHGF000277	585	334.68	177	8.41448
RCHGF000279	345	126.742	6966	874.474
RCHGF000280	600	349.218	770	35.0815
RCHGF000281	591	340.47	425	19.8607
RCHGF000282	864	611.562	556	14.465
RCHGF000283	621	369.749	819	35.242
RCHGF000284	375	149.179	1310	139.716
RCHGF000285	429	192.438	519	42.9102
RCHGF000286	945	692.542	7972	183.149
RCHGF000287	729	476.748	98	3.27055
RCHGF000288	2244	1991.54	5206	41.5909
RCHGF000289	1296	1043.54	5005	76.3094
RCHGF000290	906	653.562	753	18.3312
RCHGF000291	207	44.156	72	25.9434
RCHGF000292	951	698.542	3418	77.8508
RCHGF000293	885	632.562	13610	342.325
RCHGF000294	135	19.0072	38	31.8089
RCHGF000295	711	458.79	1388	48.1348
RCHGF000296	540	291.668	2246	122.519
RCHGF000297	702	449.818	1042	36.8566
RCHGF000298	771	518.658	1138	34.9096
RCHGF000299	1164	911.542	3236	56.4827
RCHGF000300	1056	803.542	3576	70.8064
RCHGF000301	486	241.737	1883	123.934
RCHGF000302	1125	872.542	1595	29.0843
RCHGF000303	264	73.4953	270980	58662.6
RCHGF000304	873	620.562	165	4.23041
RCHGF000305	954	701.542	70	1.58755
RCHGF000306	294	91.4993	22	3.8255
RCHGF000307	939	686.542	2367	54.8548
RCHGF000308	1806	1553.54	1634	16.7345
RCHGF000309	840	587.61	252	6.82331
RCHGF000310	1101	848.542	1098	20.5879
RCHGF000311	1026	773.542	1905	39.1827
RCHGF000312	264	73.4953	33938	7347.01
RCHGF000313	2208	1955.54	25430	206.901
RCHGF000314	1389	1136.54	4010	56.1361
RCHGF000315	669	416.983	2428	92.6434
RCHGF000316	327	113.821	2145	299.839
RCHGF000317	711	458.79	613	21.2584
RCHGF000318	1302	1049.54	2704	40.9912
RCHGF000319	375	149.179	3585	382.354
RCHGF000320	549	300.274	3586	190.01
RCHGF000321	993	740.542	7559	162.405
RCHGF000323	1233	980.542	974	15.8043
RCHGF000324	771	518.658	85	2.60748
RCHGF000325	576	326.045	58	2.83031
RCHGF000326	864	611.562	209	5.43737
RCHGF000327	177	32.1816	69	34.1134
RCHGF000328	162	26.9488	214	126.345
RCHGF000329	930	677.542	196	4.6026
RCHGF000330	978	725.542	192	4.21039
RCHGF000331	1005	752.542	103	2.17766
RCHGF000332	798	545.616	102	2.97438
RCHGF000333	522	274.922	1242	71.8781
RCHGF000334	1650	1397.54	4947	56.3198
RCHGF000335	699	446.818	1024	36.4631
RCHGF000336	459	217.945	510	37.2311
RCHGF000337	1299	1046.54	1284	19.5205
RCHGF000338	282	84.0964	1021	193.167
RCHGF000339	558	308.737	666	34.3217
RCHGF000340	171	30.1573	330	174.103
RCHGF000341	330	115.902	202	27.7295
RCHGF000342	597	346.298	988	45.3932
RCHGF000343	1161	908.542	136	2.38165
RCHGF000344	519	272.138	318	18.5918
RCHGF000345	771	518.658	1262	38.7134
RCHGF000346	564	314.561	106	5.36148
RCHGF000347	645	393.311	70	2.83169
RCHGF000348	1029	776.542	376	7.70383
RCHGF000349	681	428.932	1270	47.1085
RCHGF000350	831	578.61	3578	98.3871
RCHGF000351	402	170.564	448	41.7901
RCHGF000352	1038	785.542	632	12.8006
RCHGF000353	771	518.658	724	22.2096
RCHGF000354	717	464.786	582	19.923
RCHGF000355	150	22.8766	10	6.95493
RCHGF000356	993	740.542	752	16.1567
RCHGF000357	1014	761.542	1593	33.2817
RCHGF000358	1263	1010.54	2363	37.2043
RCHGF000359	135	19.0072	13	10.882
RCHGF000360	903	650.562	554	13.5489
RCHGF000361	1992	1739.54	159	1.45427
RCHGF000362	870	617.562	143	3.68416
RCHGF000363	1176	923.542	255	4.39306
RCHGF000364	510	263.815	352	21.2288
RCHGF000365	1290	1037.54	1658	25.4251
RCHGF000366	1002	749.542	1441	30.588
RCHGF000367	759	506.663	910	28.5763
RCHGF000368	840	587.61	568	15.3795
RCHGF000369	1383	1130.54	1143	16.0858
RCHGF000370	240	59.5512	4373	1168.35
RCHGF000372	2397	2144.54	4349	32.2655
RCHGF000373	867	614.562	97	2.51125
RCHGF000374	1239	986.542	3333	53.7531
RCHGF000375	138	19.6481	452	366.016
RCHGF000377	215	47.7353	1283	427.633
RCHGF000379	750	497.724	1813	57.9553
RCHGF000380	594	343.326	429	19.8808
RCHGF000381	330	115.902	209	28.6905
RCHGF000382	1098	845.542	160	3.01071
RCHGF000383	558	308.737	42	2.16443
RCHGF000384	300	95.4162	23	3.83521
RCHGF000385	1053	800.542	124	2.46446
RCHGF000386	474	230.974	73	5.02856
RCHGF000387	396	165.82	32	3.07041
RCHGF000388	663	410.983	60	2.3228
RCHGF000389	834	581.61	94	2.57146
RCHGF000390	744	491.744	99	3.20317
RCHGF000391	735	482.748	1026	33.8151
RCHGF000392	1053	800.542	225	4.4718
RCHGF000393	867	614.562	145	3.75393
RCHGF000394	1026	773.542	140	2.87957
RCHGF000395	1431	1178.54	244	3.29404
RCHGF000396	1275	1022.54	203	3.15863
RCHGF000397	561	311.718	103	5.25725
RCHGF000398	3159	2906.54	619	3.38842
RCHGF000399	1293	1040.54	250	3.82265
RCHGF000400	300	95.4162	24	4.00196
RCHGF000401	309	101.459	34	5.3318
RCHGF000402	645	393.311	837	33.8589
RCHGF000403	312	103.344	1875	288.669
RCHGF000404	141	20.3282	24	18.7843
RCHGF000405	591	340.47	99	4.62637
RCHGF000406	1173	920.542	92	1.59011
RCHGF000407	1572	1319.54	314	3.78608
RCHGF000408	831	578.61	599	16.4712
RCHGF000409	468	225.672	266	18.7538
RCHGF000410	207	44.156	554	199.62
RCHGF000411	462	220.474	605	43.6598
RCHGF000412	300	95.4162	93	15.5076
RCHGF000413	288	87.7711	2444	443.03
RCHGF000414	492	247.276	267	17.1796
RCHGF000415	240	59.5512	12452	3326.85
RCHGF000416	1173	920.542	5793	100.125
RCHGF000417	792	539.632	1111	32.7567
RCHGF000418	3453	3200.54	2962	14.7247
RCHGF000419	558	308.737	575	29.6321
RCHGF000420	162	26.9488	2009	1186.11
RCHGF000421	1353	1100.54	1472	21.2806
RCHGF000422	804	551.616	100	2.88434
RCHGF000423	1359	1106.54	154	2.2143
RCHGF000424	852	599.574	79	2.09637
RCHGF000425	1041	788.542	104	2.09842
RCHGF000426	837	584.61	124	3.37473
RCHGF000427	783	530.632	107	3.20829
RCHGF000428	477	233.668	73	4.97059
RCHGF000429	438	200.115	67	5.32696
RCHGF000430	1455	1202.54	208	2.75199
RCHGF000431	843	590.61	128	3.4482
RCHGF000432	1041	788.542	136	2.74409
RCHGF000433	1914	1661.54	289	2.76739
RCHGF000434	666	413.983	69	2.65186
RCHGF000435	717	464.786	66	2.25931
RCHGF000436	465	223.113	51	3.63688
RCHGF000437	1188	935.542	998	16.9727
RCHGF000438	1416	1163.54	1164	15.9168
RCHGF000439	1086	833.542	726	13.8578
RCHGF000440	261	71.6924	141	31.2918
RCHGF000441	2100	1847.54	1090	9.38676
RCHGF000442	612	361.009	6017	265.183
RCHGF000443	993	740.542	12234	262.847
RCHGF000444	324	111.78	2115	301.044
RCHGF000445	132	18.4886	712	612.718
RCHGF000446	381	153.835	291	30.0968
RCHGF000447	135	19.0072	5	4.18538
RCHGF000448	144	21.1656	3	2.25515
RCHGF000449	1356	1103.54	4192	60.4388
RCHGF000450	1116	863.542	3918	72.1879
RCHGF000451	192	38.4307	9	3.72604
RCHGF000452	201	41.688	677	258.382
RCHGF000453	1098	845.542	3124	58.784
RCHGF000454	1941	1688.54	4027	37.9449
RCHGF000455	2511	2258.54	8720	61.4288
RCHGF000457	1284	1031.54	8186	126.261
RCHGF000459	453	212.7	328	24.5352
RCHGF000460	1806	1553.54	1554	15.9152
RCHGF000461	306	99.3408	682	109.23
RCHGF000462	594	343.326	1787	82.8136
RCHGF000463	933	680.542	2110	49.33
RCHGF000464	555	305.948	2049	106.556
RCHGF000465	771	518.658	1589	48.7446
RCHGF000466	1218	965.542	6231	102.676
RCHGF000467	2529	2276.54	4745	33.1623
RCHGF000468	2085	1832.54	1656	14.3777
RCHGF000469	909	656.562	645	15.6303
RCHGF000470	738	485.748	573	18.7684
RCHGF000471	777	524.632	692	20.9863
RCHGF000472	843	590.61	1336	35.9906
RCHGF000473	336	120.138	87	11.5219
RCHGF000474	558	308.737	565	29.1168
RCHGF000475	648	396.287	3419	137.269
RCHGF000476	147	21.9659	22	15.9352
RCHGF000477	630	378.689	608	25.5449
RCHGF000478	975	722.542	3508	77.2467
RCHGF000479	1068	815.542	3137	61.2001
RCHGF000480	855	602.562	2574	67.9658
RCHGF000481	693	440.88	252	9.09419
RCHGF000482	678	425.949	369	13.7833
RCHGF000483	1641	1388.54	1039	11.9053
RCHGF000484	2343	2090.54	6594	50.185
RCHGF000485	546	297.395	1385	74.0969
RCHGF000486	111	15.1988	25	26.1706
RCHGF000487	486	241.737	110	7.23992
RCHGF000488	441	202.567	69	5.41957
RCHGF000489	1035	782.542	307	6.24186
RCHGF000490	312	103.344	36	5.54245
RCHGF000491	2640	2387.54	717	4.77806
RCHGF000492	1941	1688.54	1404	13.2294
RCHGF000493	366	142.402	203	22.681
RCHGF000494	1773	1520.54	7936	83.0399
RCHGF000495	477	233.668	496	33.7728
RCHGF000496	765	512.663	669	20.7624
RCHGF000497	762	509.663	403	12.5807
RCHGF000498	939	686.542	1592	36.8943
RCHGF000499	846	593.592	1540	41.2778
RCHGF000500	1260	1007.54	2136	33.7304
RCHGF000501	1014	761.542	1348	28.163
RCHGF000502	1095	842.542	1426	26.9285
RCHGF000503	1011	758.542	560	11.7461
RCHGF000504	1083	830.542	1641	31.4362
RCHGF000505	1233	980.542	1790	29.0449
RCHGF000506	165	28.0033	36	20.454
RCHGF000507	921	668.549	385	9.16244
RCHGF000508	348	129.019	1304	160.808
RCHGF000509	138	19.6481	86	69.6403
RCHGF000510	153	23.983	44	29.19
RCHGF000512	498	252.871	172	10.8221
RCHGF000513	3693	3440.54	1760	8.13897
RCHGF000514	1572	1319.54	630	7.59628
RCHGF000515	1029	776.542	326	6.67938
RCHGF000516	585	334.68	111	5.27687
RCHGF000517	1530	1277.54	1027	12.7902
RCHGF000518	438	200.115	203	16.1399
RCHGF000519	690	437.88	476	17.2956
RCHGF000520	750	497.724	287	9.17439
RCHGF000521	1224	971.542	543	8.89246
RCHGF000522	714	461.79	276	9.50929
RCHGF000523	369	144.576	147	16.1773
RCHGF000524	327	113.821	804	112.387
RCHGF000526	186	35.9567	154	68.1435
RCHGF000527	561	311.718	88	4.49163
RCHGF000528	807	554.616	319	9.15129
RCHGF000529	627	375.711	385	16.3039
RCHGF000530	273	78.8296	21599	4359.41
RCHGF000531	678	425.949	311	11.6168
RCHGF000532	1053	800.542	246	4.88916
RCHGF000533	978	725.542	632	13.8592
RCHGF000534	519	272.138	1096	64.0774
RCHGF000535	702	449.818	7601	268.855
RCHGF000536	573	323.169	141	6.94182
RCHGF000537	1323	1070.54	3955	58.7796
RCHGF000538	639	387.455	214	8.78772
RCHGF000539	1641	1388.54	1737	19.9033
RCHGF000540	1764	1511.54	5187	54.5984
RCHGF000541	756	503.679	942	29.7565
RCHGF000542	894	641.562	224	5.55511
RCHGF000543	2409	2156.54	454	3.34951
RCHGF000544	1371	1118.54	1316	18.7192
RCHGF000545	960	707.542	9637.18	216.711
RCHGF000546	165	28.0033	7	3.97716
RCHGF000547	378	151.436	176	18.4913
RCHGF000548	426	190.018	98	8.20568
RCHGF000549	471	228.355	63	4.38948
RCHGF000550	840	587.61	109	2.95135
RCHGF000551	702	449.818	124	4.386
RCHGF000552	1836	1583.54	1240	12.4588
RCHGF000553	312	103.344	31	4.77266
RCHGF000554	1257	1004.54	176	2.78759
RCHGF000555	345	126.742	43	5.39799
RCHGF000556	1443	1190.54	229	3.06037
RCHGF000557	873	620.562	653	16.7422
RCHGF000558	795	542.632	434	12.7253
RCHGF000559	747	494.724	707	22.7374
RCHGF000560	1356	1103.54	1228	17.7049
RCHGF000561	453	212.7	348	26.0313
RCHGF000562	477	233.668	74	5.03868
RCHGF000563	1587	1334.54	3351	39.9508
RCHGF000564	816	563.616	233	6.57743
RCHGF000565	543	294.485	1326	71.6415
RCHGF000566	600	349.218	264	12.0279
RCHGF000567	873	620.562	663	16.9985
RCHGF000568	837	584.61	1154	31.4068
RCHGF000569	828	575.616	3064	84.6915
RCHGF000570	717	464.786	581	19.8887
RCHGF000571	1341	1088.54	2711	39.6249
RCHGF000572	774	521.632	1599	48.7717
RCHGF000573	1353	1100.54	7564	109.352
RCHGF000574	951	698.542	4352	99.1243
RCHGF000575	354	133.477	1676	199.779
RCHGF000576	1647	1394.54	536	6.11529
RCHGF000577	669	416.983	184	7.02075
RCHGF000578	1110	857.542	440	8.16359
RCHGF000579	714	461.79	1210	41.6893
RCHGF000580	504	258.24	330	20.3318
RCHGF000581	762	509.663	3066	95.7133
RCHGF000582	762	509.663	138	4.30804
RCHGF000583	768	515.663	2998	92.5016
RCHGF000584	357	135.682	1332	156.194
RCHGF000585	252	66.3967	95952	22992.8
RCHGF000586	1329	1076.54	970	14.3359
RCHGF000587	765	512.663	866	26.8763
RCHGF000588	222	50.9552	381	118.965
RCHGF000589	369	144.576	2991	329.158
RCHGF000590	357	135.682	205	24.0389
RCHGF000592	3047	2794.54	2830	16.1124
RCHGF000594	1983	1730.54	6560	60.3122
RCHGF000595	1425	1172.54	9311	126.343
RCHGF000596	237	57.8452	245	67.388
RCHGF000597	180	33.4335	1189	565.827
RCHGF000598	903	650.562	11383	278.389
RCHGF000599	882	629.562	9455	238.95
RCHGF000600	1116	863.542	9750	179.641
RCHGF000601	1755	1502.54	7011	74.2398
RCHGF000602	1134	881.542	11671	210.644
RCHGF000603	1032	779.542	3734	76.2111
RCHGF000604	1392	1139.54	7848	109.575
RCHGF000605	891	638.562	5546	138.185
RCHGF000606	1026	773.542	6510	133.9
RCHGF000607	1707	1454.54	9791	107.099
RCHGF000608	1455	1202.54	3834	50.7266
RCHGF000609	1098	845.542	7043	132.528
RCHGF000610	951	698.542	5455	124.247
RCHGF000611	900	647.562	1793	44.0537
RCHGF000612	1146	893.542	7911	140.864
RCHGF000613	1119	866.542	7984	146.593
RCHGF000614	825	572.616	6715	186.581
RCHGF000615	1149	896.542	8934	158.547
RCHGF000616	624	372.723	2225	94.9791
RCHGF000617	597	346.298	2281	104.799
RCHGF000618	1224	971.542	9833	161.03
RCHGF000619	510	263.815	20800	1254.43
RCHGF000620	1902	1649.54	4620	44.5618
RCHGF000621	237	57.8452	417	114.697
RCHGF000622	153	23.983	14	9.28772
RCHGF000623	291	89.5967	261	46.3481
RCHGF000624	402	170.564	106	9.88784
RCHGF000625	111	15.1988	71	74.3245
RCHGF000626	963	710.542	739	16.5477
RCHGF000627	1191	938.542	6446.15	109.277
RCHGF000628	204	42.9052	10	3.70829
RCHGF000629	1140	887.542	127.706	2.28931
RCHGF000631	567	317.446	2482	124.399
RCHGF000632	720	467.763	2000	68.0281
RCHGF000633	195	39.5184	20	8.05219
RCHGF000634	438	200.115	138	10.972
RCHGF000635	879	626.562	1142	28.9992
RCHGF000636	1491	1238.54	2181	28.0175
RCHGF000637	1179	926.542	1023	17.5669
RCHGF000638	1308	1055.54	1602	24.1474
RCHGF000639	1023	770.542	675	13.9377
RCHGF000640	120	16.8418	312	294.747
RCHGF000641	408	175.23	3165	287.376
RCHGF000642	780	527.632	3353	101.108
RCHGF000643	354	133.477	7072	842.983
RCHGF000644	177	32.1816	41	20.2703
RCHGF000645	786	533.632	952	28.3843
RCHGF000646	138	19.6481	90	72.8794
RCHGF000647	762	509.663	318	9.92722
RCHGF000648	909	656.562	196	4.74967
RCHGF000649	198	40.6744	10	3.91168
RCHGF000650	1101	848.542	266	4.9876
RCHGF000651	114	15.9916	5	4.97464
RCHGF000652	780	527.632	761	22.9476
RCHGF000653	111	15.1988	6	6.28094
RCHGF000654	1104	851.542	255	4.7645
RCHGF000655	1167	914.542	453	7.88094
RCHGF000656	120	16.8418	138	130.369
RCHGF000657	891	638.562	464	11.5611
RCHGF000658	117	16.4579	5	4.83371
RCHGF000659	2055	1802.54	4385	38.7051
RCHGF000660	309	101.459	353	55.3566
RCHGF000661	1239	986.542	1008	16.2566
RCHGF000662	324	111.78	42	5.97819
RCHGF000663	1443	1190.54	207	2.76636
RCHGF000664	1188	935.542	2326	39.5576
RCHGF000665	174	31.2358	406	206.803
RCHGF000666	537	288.862	394	21.7015
RCHGF000667	1215	962.542	588	9.71944
RCHGF000668	2190	1937.54	2712	22.2701
RCHGF000669	123	17.1772	4	3.70503
RCHGF000670	528	280.538	531	30.1152
RCHGF000671	144	21.1656	14	10.524
RCHGF000672	813	560.616	707	20.0649
RCHGF000673	423	187.504	193	16.3769
RCHGF000674	141	20.3282	44	34.4379
RCHGF000675	765	512.663	5211	161.723
RCHGF000676	558	308.737	319	16.4394
RCHGF000677	849	596.592	904	24.1087
RCHGF000678	1119	866.542	1566	28.7532
RCHGF000679	144	21.1656	24	18.0412
RCHGF000680	1035	782.542	1464	29.7658
RCHGF000681	666	413.983	369	14.1817
RCHGF000682	918	665.562	516	12.3352
RCHGF000683	747	494.724	614	19.7465
RCHGF000684	204	42.9052	41	15.204
RCHGF000685	960	707.542	2703	60.7823
RCHGF000686	798	545.616	3773	110.023
RCHGF000687	777	524.632	782	23.7157
RCHGF000688	777	524.632	554	16.8011
RCHGF000689	123	17.1772	32	29.6403
RCHGF000690	921	668.549	605	14.3981
RCHGF000691	300	95.4162	83	13.8401
RCHGF000692	822	569.616	97	2.7094
RCHGF000693	780	527.632	120	3.61854
RCHGF000694	468	225.672	23	1.62157
RCHGF000695	738	485.748	68	2.22731
RCHGF000696	408	175.23	29	2.63314
RCHGF000697	2712	2459.54	730	4.72229
RCHGF000698	1215	962.542	187	3.09105
RCHGF000699	1224	971.542	195	3.19342
RCHGF000700	600	349.218	252	11.4812
RCHGF000701	729	476.748	2147	71.6517
RCHGF000702	1737	1484.54	340	3.64393
RCHGF000703	552	303.07	108	5.66975
RCHGF000704	774	521.632	145	4.4227
RCHGF000705	756	503.679	159	5.02259
RCHGF000706	699	446.818	229	8.15434
RCHGF000707	858	605.562	300	7.88218
RCHGF000708	873	620.562	7437	190.676
RCHGF000709	309	101.459	496	77.7815
RCHGF000710	888	635.562	8065	201.897
RCHGF000711	837	584.61	7864	214.023
RCHGF000712	489	244.503	6114	397.856
RCHGF000713	426	190.018	6865	574.816
RCHGF000714	984	731.542	245	5.32857
RCHGF000715	891	638.562	281	7.00143
RCHGF000716	324	111.78	938	133.513
RCHGF000717	819	566.616	579	16.2582
RCHGF000718	819	566.616	700	19.6559
RCHGF000719	531	283.347	1695	95.1776
RCHGF000720	1152	899.542	282	4.98783
RCHGF000721	558	308.737	177	9.12154
RCHGF000722	624	372.723	169	7.21414
RCHGF000723	762	509.663	380	11.8627
RCHGF000724	882	629.562	494	12.4845
RCHGF000725	1356	1103.54	483	6.96373
RCHGF000726	405	172.898	171	15.7359
RCHGF000727	540	291.668	738	40.2579
RCHGF000728	1338	1085.54	9406	137.861
RCHGF000729	1065	812.542	2905	56.8832
RCHGF000730	624	372.723	125	5.3359
RCHGF000731	660	407.995	2488	97.0241
RCHGF000732	1005	752.542	836	17.675
RCHGF000733	192	38.4307	4	1.65602
RCHGF000734	684	431.928	120	4.42032
RCHGF000735	423	187.504	1278	108.444
RCHGF000736	2136	1883.54	2529	21.3628
RCHGF000737	930	677.542	1144	26.8642
RCHGF000738	936	683.542	1299	30.2362
RCHGF000739	642	390.393	464	18.9104
RCHGF000740	507	261.123	285	17.3653
RCHGF000741	939	686.542	750	17.3811
RCHGF000742	225	51.8354	97	29.7735
RCHGF000743	846	593.592	379	10.1586
RCHGF000744	393	163.446	23	2.23891
RCHGF000745	684	431.928	88	3.24157
RCHGF000746	378	151.436	63	6.61905
RCHGF000747	1068	815.542	187	3.6482
RCHGF000748	150	22.8766	48	33.3837
RCHGF000749	654	402.1	331	13.0972
RCHGF000750	849	596.592	1741	46.4307
RCHGF000751	369	144.576	572	62.9483
RCHGF000752	123	17.1772	15	13.8939
RCHGF000753	918	665.562	154	3.68142
RCHGF000754	117	16.4579	4	3.86697
RCHGF000755	1131	878.542	246	4.45509
RCHGF000756	693	440.88	291	10.5016
RCHGF000757	132	18.4886	23	19.7929
RCHGF000758	432	194.981	3523	287.478
RCHGF000759	510	263.815	131	7.90051
RCHGF000760	489	244.503	1029	66.96
RCHGF000762	996	743.542	2275	48.681
RCHGF000763	411	177.731	268	23.9914
RCHGF000764	1065	812.542	766	14.9991
RCHGF000765	1944	1691.54	605	5.69058
RCHGF000766	936	683.542	214	4.98118
RCHGF000767	552	303.07	144	7.55967
RCHGF000769	345	126.742	27	3.38943
RCHGF000770	1254	1001.54	193	3.066
RCHGF000771	594	343.326	750	34.7567
RCHGF000772	528	280.538	548	31.0794
RCHGF000773	1098	845.542	2246	42.2628
RCHGF000774	2265	2012.54	1113	8.79901
RCHGF000775	1611	1358.54	999	11.6997
RCHGF000776	318	107.475	110	16.2843
RCHGF000777	411	177.731	2054	183.874
RCHGF000778	642	390.393	929	37.8615
RCHGF000779	1218	965.542	2238	36.8784
RCHGF000780	537	288.862	435	23.9598
RCHGF000781	129	18.1027	22	19.3359
RCHGF000782	129	18.1027	17	14.9414
RCHGF000783	687	434.902	998	36.511
RCHGF000784	1080	827.542	317	6.09471
RCHGF000785	402	170.564	30196	2816.73
RCHGF000786	861	608.562	3774	98.669
RCHGF000787	1857	1604.54	477	4.72989
RCHGF000788	1722	1469.54	387	4.18999
RCHGF000789	426	190.018	115	9.62911
RCHGF000790	138	19.6481	32	25.9127
RCHGF000791	2001	1748.54	408	3.71251
RCHGF000792	129	18.1027	10	8.78904
RCHGF000793	297	93.4974	108	18.3784
RCHGF000794	654	402.1	512	20.2591
RCHGF000795	459	217.945	519	37.8882
RCHGF000796	609	358.038	447	19.8638
RCHGF000797	183	34.6512	122	56.0177
RCHGF000798	339	122.242	187	24.3391
RCHGF000799	219	49.6064	60	19.2441
RCHGF000800	3315	3062.54	3570	18.5468
RCHGF000801	666	413.983	140	5.38059
RCHGF000802	1422	1169.54	735	9.99897
RCHGF000803	3246	2993.54	3548	18.8574
RCHGF000804	702	449.818	1172	41.4548
RCHGF000805	330	115.902	312	42.8298
RCHGF000806	678	425.949	576	21.5154
RCHGF000807	774	521.632	905	27.6037
RCHGF000808	159	26.0972	23	14.0223
RCHGF000809	2202	1949.54	6643	54.2145
RCHGF000810	1965	1712.54	3826	35.5457
RCHGF000811	363	140.116	1295	147.051
RCHGF000812	111	15.1988	19	19.8897
RCHGF000813	132	18.4886	7	6.02392
RCHGF000814	1491	1238.54	190	2.44077
RCHGF000815	129	18.1027	35	30.7617
RCHGF000816	1731	1478.54	2474	26.6226
RCHGF000817	450	210.089	201	15.2222
RCHGF000818	159	26.0972	58	35.3605
RCHGF000819	1677	1424.54	4983	55.6544
RCHGF000820	141	20.3282	49	38.3513
RCHGF000821	165	28.0033	49	27.8401
RCHGF000822	801	548.616	2459	71.3139
RCHGF000823	843	590.61	4495	121.091
RCHGF000824	855	602.562	3059	80.7721
RCHGF000825	2424	2171.54	899	6.58681
RCHGF000826	627	375.711	112	4.74294
RCHGF000827	885	632.562	82	2.0625
RCHGF000828	609	358.038	77	3.42173
RCHGF000829	861	608.562	125	3.26805
RCHGF000830	1248	995.542	161	2.57306
RCHGF000831	840	587.61	155	4.19688
RCHGF000832	759	506.663	134	4.20794
RCHGF000833	471	228.355	122	8.50027
RCHGF000834	468	225.672	307	21.6444
RCHGF000835	435	197.516	474	38.1822
RCHGF000836	306	99.3408	82	13.1332
RCHGF000837	1167	914.542	342	5.94985
RCHGF000838	117	16.4579	14	13.5344
RCHGF000839	117	16.4579	33	31.9025
RCHGF000840	1998	1745.54	1347	12.2778
RCHGF000841	624	372.723	458	19.5508
RCHGF000842	690	437.88	983	35.7176
RCHGF000843	714	461.79	729	25.1169
RCHGF000844	510	263.815	92	5.54845
RCHGF000845	561	311.718	386	19.7019
RCHGF000846	903	650.562	320	7.82609
RCHGF000847	663	410.983	163	6.31027
RCHGF000848	771	518.658	177	5.4297
RCHGF000849	1371	1118.54	320	4.55178
RCHGF000850	588	337.606	167	7.87028
RCHGF000851	669	416.983	254	9.69169
RCHGF000852	639	387.455	210	8.62346
RCHGF000853	816	563.616	796	22.4705
RCHGF000855	1593	1340.54	847	10.0528
RCHGF000856	222	50.9552	16	4.99592
RCHGF000857	303	97.4106	17	2.77668
RCHGF000858	153	23.983	4	2.65363
RCHGF000860	1446	1193.54	195	2.59944
RCHGF000861	576	326.045	79	3.85508
RCHGF000862	1017	764.542	189	3.93318
RCHGF000863	765	512.663	172	5.33802
RCHGF000864	603	352.151	130	5.87351
RCHGF000865	1182	929.542	254	4.34759
RCHGF000866	792	539.632	163	4.80589
RCHGF000867	1455	1202.54	694	9.18212
RCHGF000868	591	340.47	192	8.97235
RCHGF000869	666	413.983	205	7.87872
RCHGF000870	411	177.731	142	12.7119
RCHGF000871	423	187.504	283	24.0138
RCHGF000872	696	443.875	126.434	4.53196
RCHGF000873	282	84.0964	7	1.32436
RCHGF000874	213	46.8167	15	5.0977
RCHGF000875	399	168.216	82	7.75588
RCHGF000876	888	635.562	258	6.4587
RCHGF000877	384	156.342	22	2.23888
RCHGF000878	348	129.019	49	6.04261
RCHGF000879	915	662.562	184	4.4185
RCHGF000880	666	413.983	405	15.5653
RCHGF000881	801	548.616	543	15.7476
RCHGF000882	225	51.8354	4	1.22777
RCHGF000883	153	23.983	39	25.8729
RCHGF000884	942	689.542	1160	26.7658
RCHGF000885	1128	875.542	1204	21.8793
RCHGF000886	135	19.0072	6	5.02246
RCHGF000887	1449	1196.54	423	5.62466
RCHGF000888	600	349.218	2773	126.339
RCHGF000889	1215	962.542	1329	21.9679
RCHGF000890	324	111.78	50	7.11689
RCHGF000891	1920	1667.54	666	6.3545
RCHGF000892	306	99.3408	248	39.7199
RCHGF000893	726	473.748	220	7.38854
RCHGF000894	177	32.1816	14	6.92155
RCHGF000895	285	85.9244	13	2.40719
RCHGF000896	327	113.821	48	6.70968
RCHGF000897	1428	1175.54	226	3.05882
RCHGF000898	1494	1241.54	412	5.27982
RCHGF000899	240	59.5512	29293	7826.32
RCHGF000900	366	142.402	152	16.9828
RCHGF000901	903	650.562	1347	32.9429
RCHGF000902	465	223.113	205	14.6188
RCHGF000903	513	266.667	309	18.4363
RCHGF000904	990	737.542	621	13.3964
RCHGF000905	912	659.562	904	21.807
RCHGF000906	798	545.616	583	17.0006
RCHGF000907	564	314.561	1823	92.2074
RCHGF000908	906	653.562	2853	69.4542
RCHGF000909	810	557.616	213	6.07755
RCHGF000910	1830	1577.54	1659	16.7321
RCHGF000911	1731	1478.54	2385	25.6648
RCHGF000912	1170	917.542	1274	22.0916
RCHGF000913	795	542.632	471	13.8102
RCHGF000914	1338	1085.54	3521	51.6063
RCHGF000915	729	476.748	5307	177.11
RCHGF000916	198	40.6744	466	182.284
RCHGF000917	1008	755.542	1253	26.3862
RCHGF000918	549	300.274	730	38.6802
RCHGF000919	2622	2369.54	9323	62.6001
RCHGF000920	1098	845.542	809	15.2229
RCHGF000921	798	545.616	2141	62.4329
RCHGF000922	114	15.9916	2280	2268.44
RCHGF000923	246	62.9612	11719	2961.43
RCHGF000924	591	340.47	224	10.4677
RCHGF000925	252	66.3967	31	7.42846
RCHGF000926	252	66.3967	37	8.86623
RCHGF000927	2595	2342.54	6502	44.1615
RCHGF000928	414	180.207	3029	267.43
RCHGF000929	150	22.8766	721	501.45
RCHGF000930	444	205.066	327	25.371
RCHGF000931	282	84.0964	277	52.4066
RCHGF000932	1770	1517.54	1470	15.412
RCHGF000933	1332	1079.54	933	13.7507
RCHGF000935	1218	965.542	546	8.99715
RCHGF000936	348	129.019	2204	271.794
RCHGF000937	111	15.1988	77	80.6054
RCHGF000938	510	263.815	4953	298.711
RCHGF000939	837	584.61	193	5.25261
RCHGF000940	501	255.564	337	20.9804
RCHGF000941	504	258.24	597	36.782
RCHGF000942	117	16.4579	171	165.313
RCHGF000944	453	212.7	407	30.4446
RCHGF000945	1164	911.542	836	14.5919
RCHGF000946	2130	1877.54	3646	30.8966
RCHGF000947	228	53.3546	1522	453.865
RCHGF000948	1833	1580.54	1670	16.811
RCHGF000949	1296	1043.54	44858	683.933
RCHGF000950	762	509.663	358	11.1759
RCHGF000951	189	37.206	26	11.1185
RCHGF000952	549	300.274	885	46.8931
RCHGF000953	177	32.1816	278	137.442
RCHGF000954	147	21.9659	359	260.034
RCHGF000955	582	331.774	1036	49.6823
RCHGF000956	720	467.763	1629	55.4089
RCHGF000957	384	156.342	286	29.1054
RCHGF000958	1335	1082.54	5520	81.1294
RCHGF000960	186	35.9567	2010	889.405
RCHGF000961	1122	869.542	544	9.95387
RCHGF000962	1011	758.542	101345	2125.72
RCHGF000963	567	317.446	138	6.9166
RCHGF000964	483	239.114	5392	358.78
RCHGF000965	1068	815.542	401	7.82315
RCHGF000966	819	566.616	113	3.17303
RCHGF000967	1047	794.542	103.015	2.06286
RCHGF000968	672	419.966	108	4.0916
RCHGF000969	672	419.966	3184	120.627
RCHGF000970	1002	749.542	18865	400.446
RCHGF000971	819	566.616	7266	204.028
RCHGF000972	474	230.974	86968	5990.73
RCHGF000973	1179	926.542	2498	42.8954
RCHGF000974	180	33.4335	169	80.4245
RCHGF000975	303	97.4106	390	63.7004
RCHGF000976	426	190.018	1318	110.358
RCHGF000977	1176	923.542	14604	251.593
RCHGF000978	564	314.561	4878	246.729
RCHGF000979	132	18.4886	2	1.72112
RCHGF000980	912	659.562	2784	67.1579
RCHGF000981	264	73.4953	359	77.7175
RCHGF000982	552	303.07	133	6.98219
RCHGF000983	936	683.542	1548	36.0321
RCHGF000984	945	692.542	2863	65.7747
RCHGF000985	852	599.574	1337	35.4791
RCHGF000986	429	192.438	43	3.55518
RCHGF000987	915	662.562	152	3.65006
RCHGF000988	918	665.562	82	1.96024
RCHGF000989	1413	1160.54	361	4.94914
RCHGF000990	1005	752.542	1045	22.0937
RCHGF000991	1266	1013.54	236	3.70471
RCHGF000993	1203	950.542	205	3.43136
RCHGF000994	273	78.8296	10	2.01834
RCHGF000995	642	390.393	81	3.30116
RCHGF000996	684	431.928	34	1.25243
RCHGF000997	1128	875.542	92	1.67184
RCHGF000998	1188	935.542	91	1.54761
RCHGF000999	954	701.542	110	2.49472
RCHGF001000	630	378.689	106	4.45356
RCHGF001001	495	250.105	33	2.0993
RCHGF001002	411	177.731	57	5.10265
RCHGF001003	822	569.616	93	2.59767
RCHGF001004	750	497.724	70	2.23766
RCHGF001005	483	239.114	46	3.06081
RCHGF001006	678	425.949	95	3.54854
RCHGF001007	990	737.542	112	2.4161
RCHGF001008	261	71.6924	20	4.43855
RCHGF001009	114	15.9916	53	52.7312
RCHGF001010	951	698.542	275	6.2636
RCHGF001011	1152	899.542	156	2.75922
RCHGF001012	705	452.8	81	2.84618
RCHGF001013	924	671.549	123	2.91414
RCHGF001014	825	572.616	98	2.72299
RCHGF001015	1053	800.542	143	2.84208
RCHGF001016	2382	2129.54	1591	11.8869
RCHGF001017	645	393.311	3278	132.604
RCHGF001018	939	686.542	163	3.7775
RCHGF001019	768	515.663	331	10.2128
RCHGF001020	120	16.8418	331	312.696
RCHGF001021	141	20.3282	193	151.057
RCHGF001022	1044	791.542	154	3.0955
RCHGF001023	1176	923.542	196	3.37663
RCHGF001024	645	393.311	92	3.72165
RCHGF001025	471	228.355	31	2.1599
RCHGF001026	927	674.549	111	2.61814
RCHGF001027	825	572.616	88	2.44514
RCHGF001028	765	512.663	116	3.60006
RCHGF001029	417	182.649	60	5.22658
RCHGF001030	2421	2168.54	533	3.9106
RCHGF001031	267	75.2403	278	58.7866
RCHGF001032	702	449.818	517	18.2868
RCHGF001033	795	542.632	198	5.80555
RCHGF001034	801	548.616	419	12.1515
RCHGF001035	480	236.557	71	4.77537
RCHGF001036	2730	2477.54	1641	10.5383
RCHGF001037	501	255.564	925	57.5871
RCHGF001038	1437	1184.54	4011	53.8748
RCHGF001039	1113	860.542	5367	99.23
RCHGF001040	1134	881.542	19538	352.631
RCHGF001041	753	500.724	236	7.4989
RCHGF001042	870	617.562	396	10.2023
RCHGF001043	987	734.542	1524	33.0105
RCHGF001044	138	19.6481	393	318.24
RCHGF001045	729	476.748	535	17.8545
RCHGF001046	1272	1019.54	538	8.39578
RCHGF001047	675	422.949	232	8.72738
RCHGF001048	768	515.663	134	4.13449
RCHGF001049	2370	2117.54	421	3.16325
RCHGF001050	474	230.974	356	24.5228
RCHGF001051	522	274.922	156	9.02817
RCHGF001052	852	599.574	487	12.9232
RCHGF001053	615	363.962	227	9.92326
RCHGF001054	237	57.8452	26	7.15137
RCHGF001055	351	131.284	114	13.8159
RCHGF001056	1086	833.542	2583	49.3038
RCHGF001057	744	491.744	3194	103.343
RCHGF001058	1344	1091.54	6019	87.7339
RCHGF001059	444	205.066	649	50.3541
RCHGF001060	1995	1742.54	3916	35.7555
RCHGF001061	921	668.549	846	20.1336
RCHGF001062	228	53.3546	9423	2809.97
RCHGF001063	474	230.974	69316	4774.79
RCHGF001064	291	89.5967	7195	1277.68
RCHGF001065	195	39.5184	631	254.047
RCHGF001066	111	15.1988	6	6.28094
RCHGF001067	216	48.2395	275	90.7013
RCHGF001068	654	402.1	93	3.67987
RCHGF001069	1182	929.542	132	2.25938
RCHGF001070	1101	848.542	122	2.28755
RCHGF001071	1323	1070.54	215	3.19535
RCHGF001072	330	115.902	45	6.17737
RCHGF001073	318	107.475	42	6.21764
RCHGF001074	1041	788.542	192	3.874
RCHGF001075	1896	1643.54	450	4.35628
RCHGF001076	156	25.0854	334	211.841
RCHGF001077	822	569.616	512	14.3012
RCHGF001078	1353	1100.54	1558	22.5239
RCHGF001079	1311	1058.54	7440	111.827
RCHGF001080	810	557.616	75	2.13998
RCHGF001081	843	590.61	64	1.7241
RCHGF001082	705	452.8	117	4.11115
RCHGF001083	1023	770.542	157	3.24181
RCHGF001084	297	93.4974	978	166.427
RCHGF001085	1470	1217.54	371	4.84812
RCHGF001086	453	212.7	54	4.03934
RCHGF001087	1110	857.542	365	6.77206
RCHGF001088	795	542.632	1525	44.7145
RCHGF001089	801	548.616	2914	84.5094
RCHGF001090	300	95.4162	74	12.3394
RCHGF001091	672	419.966	1565	59.2904
RCHGF001092	795	542.632	227	6.65586
RCHGF001093	366	142.402	117	13.0723
RCHGF001094	1530	1277.54	972	12.1053
RCHGF001095	1038	785.542	521	10.5524
RCHGF001096	1290	1037.54	307	4.70778
RCHGF001097	363	140.116	44	4.99631
RCHGF001098	996	743.542	111	2.3752
RCHGF001099	540	291.668	52	2.8366
RCHGF001100	456	215.383	68	5.02321
RCHGF001101	999	746.542	185	3.94277
RCHGF001102	1257	1004.54	2089	33.0867
RCHGF001103	495	250.105	971	61.7703
RCHGF001104	750	497.724	314	10.0375
RCHGF001105	1338	1085.54	1642	24.0663
RCHGF001106	348	129.019	2373	292.635
RCHGF001107	1260	1007.54	4878	77.0304
RCHGF001108	1443	1190.54	75679	1011.38
RCHGF001109	171	30.1573	12	6.33101
RCHGF001110	1086	833.542	504	9.62026
RCHGF001111	1929	1676.54	422	4.00481
RCHGF001112	174	31.2358	59	30.0527
RCHGF001113	375	149.179	327	34.8758
RCHGF001114	264	73.4953	94	20.3494
RCHGF001115	1248	995.542	308	4.92238
RCHGF001116	582	331.774	794	38.077
RCHGF001117	237	57.8452	1185	325.938
RCHGF001118	216	48.2395	1115	367.753
RCHGF001119	672	419.966	4791	181.508
RCHGF001120	1011	758.542	1615	33.8748
RCHGF001121	204	42.9052	15	5.56244
RCHGF001122	765	512.663	156	4.84146
RCHGF001123	2040	1787.54	652	5.8033
RCHGF001126	153	23.983	55	36.4875
RCHGF001127	3351	3098.54	2564	13.1657
RCHGF001128	150	22.8766	29	20.1693
RCHGF001129	363	140.116	553	62.7945
RCHGF001130	1386	1133.54	264	3.70553
RCHGF001131	1035	782.542	197	4.00537
RCHGF001132	822	569.616	126	3.51943
RCHGF001133	753	500.724	129	4.09898
RCHGF001134	495	250.105	30	1.90846
RCHGF001135	408	175.23	137	12.4393
RCHGF001136	2769	2516.54	2429	15.357
RCHGF001137	114	15.9916	182	181.077
RCHGF001138	1023	770.542	1663.4	34.3465
RCHGF001139	651	399.136	264	10.5237
RCHGF001140	2697	2444.54	2765	17.9962
RCHGF001141	3207	2954.54	5254	28.2933
RCHGF001142	774	521.632	1490	45.447
RCHGF001143	555	305.948	151194	7862.69
RCHGF001144	618	366.808	4975	215.794
RCHGF001145	603	352.151	67	3.02712
RCHGF001146	699	446.818	207.426	7.38613
RCHGF001147	138	19.6481	4	3.23908
RCHGF001148	714	461.79	64	2.20505
RCHGF001149	852	599.574	4602	122.12
RCHGF001150	1338	1085.54	8741	128.114
RCHGF001152	1281	1028.54	1017	15.732
RCHGF001153	4032	3779.54	1986	8.36034
RCHGF001154	1128	875.542	280	5.08821
RCHGF001155	1479	1226.54	754	9.78076
RCHGF001156	465	223.113	101	7.20245
RCHGF001157	333	118.029	73	9.84054
RCHGF001158	972	719.542	9783	216.321
RCHGF001159	129	18.1027	229	201.269
RCHGF001160	906	653.562	2337	56.8926
RCHGF001161	999	746.542	1070	22.8041
RCHGF001162	171	30.1573	105	55.3963
RCHGF001163	129	18.1027	169	148.535
RCHGF001164	312	103.344	449	69.1266
RCHGF001165	1887	1634.54	398	3.8741
RCHGF001166	1734	1481.54	281	3.0177
RCHGF001167	426	190.018	161	13.4808
RCHGF001168	126	17.6381	1	0.902052
RCHGF001169	1068	815.542	235	4.58464
RCHGF001170	936	683.542	232	5.40016
RCHGF001171	1104	851.542	137	2.55975
RCHGF001172	252	66.3967	1851	443.551
RCHGF001173	972	719.542	4679	103.462
RCHGF001174	546	297.395	10141	542.539
RCHGF001176	728	475.748	2373.53	79.3782
RCHGF001178	528	280.538	2796	158.573
RCHGF001179	546	297.395	2207	118.074
RCHGF001180	342	124.548	885	113.055
RCHGF001181	327	113.821	340	47.5269
RCHGF001182	177	32.1816	1481	732.202
RCHGF001183	1509	1256.54	20363	257.839
RCHGF001184	2004	1751.54	5932	53.8846
RCHGF001185	591	340.47	809	37.8054
RCHGF001186	216	48.2395	315	103.894
RCHGF001187	432	194.981	59	4.81442
RCHGF001188	543	294.485	66	3.56587
RCHGF001189	1650	1397.54	247	2.812
RCHGF001190	855	602.562	122	3.22138
RCHGF001191	1125	872.542	90	1.64112
RCHGF001192	453	212.7	79	5.9094
RCHGF001193	417	182.649	49	4.26837
RCHGF001195	765	512.663	672	20.8555
RCHGF001196	987	734.542	2013	43.6024
RCHGF001197	147	21.9659	18	13.0379
RCHGF001198	1434	1181.54	951	12.806
RCHGF001199	2376	2123.54	1851	13.8685
RCHGF001200	465	223.113	319	22.7483
RCHGF001201	111	15.1988	5	5.23412
RCHGF001202	1785	1532.54	921	9.56161
RCHGF001203	1596	1343.54	167	1.97765
RCHGF001204	1578	1325.54	264	3.16879
RCHGF001205	147	21.9659	6	4.34597
RCHGF001206	306	99.3408	49	7.84788
RCHGF001207	144	21.1656	332	249.569
RCHGF001208	408	175.23	10715	972.9
RCHGF001209	1680	1427.54	2910	32.4331
RCHGF001210	1206	953.542	3021	50.4074
RCHGF001211	855	602.562	279	7.36692
RCHGF001212	612	361.009	585	25.7823
RCHGF001213	324	111.78	1071	152.444
RCHGF001214	252	66.3967	21	5.03218
RCHGF001215	813	560.616	808	22.9314
RCHGF001216	156	25.0854	10	6.34253
RCHGF001217	111	15.1988	4	4.1873
RCHGF001218	273	78.8296	60	12.11
RCHGF001219	330	115.902	696	95.5434
RCHGF001220	810	557.616	344	9.81538
RCHGF001221	363	140.116	146	16.5787
RCHGF001222	273	78.8296	143	28.8623
RCHGF001223	525	277.756	254	14.5497
RCHGF001224	1131	878.542	118	2.13699
RCHGF001225	756	503.679	363	11.4667
RCHGF001226	819	566.616	82	2.30255
RCHGF001227	699	446.818	71	2.5282
RCHGF001228	606	355.07	34	1.52352
RCHGF001229	1167	914.542	78	1.35698
RCHGF001230	840	587.61	45	1.21845
RCHGF001231	846	593.592	62	1.66183
RCHGF001232	1110	857.542	111	2.05945
RCHGF001233	576	326.045	41	2.00074
RCHGF001234	420	185.12	16	1.37515
RCHGF001235	747	494.724	371	11.9315
RCHGF001236	681	428.932	365	13.5391
RCHGF001237	336	120.138	199	26.3547
RCHGF001238	432	194.981	171	13.9536
RCHGF001239	1236	983.542	1009	16.3223
RCHGF001240	729	476.748	315	10.5125
RCHGF001241	936	683.542	510	11.871
RCHGF001242	1053	800.542	955	18.9803
RCHGF001243	948	695.542	827	18.9176
RCHGF001244	972	719.542	1546	34.1851
RCHGF001245	930	677.542	625	14.6767
RCHGF001246	870	617.562	826	21.2806
RCHGF001247	1365	1112.54	1250	17.8763
RCHGF001248	462	220.474	646	46.6185
RCHGF001249	222	50.9552	759	236.994
RCHGF001250	1035	782.542	96	1.95185
RCHGF001251	798	545.616	99	2.8869
RCHGF001252	1002	749.542	171	3.62981
RCHGF001253	156	25.0854	4	2.53701
RCHGF001254	366	142.402	691	77.2049
RCHGF001255	1251	998.542	2756	43.9133
RCHGF001256	1215	962.542	28720	474.732
RCHGF001257	198	40.6744	13	5.08518
RCHGF001258	1527	1274.54	1122	14.0063
RCHGF001259	1200	947.542	5705	95.7946
RCHGF001260	777	524.632	3887	117.881
RCHGF001261	459	217.945	212	15.4765
RCHGF001262	1644	1391.54	4170.57	47.6851
RCHGF001263	186	35.9567	10	4.4249
RCHGF001264	1158	905.542	570	10.015
RCHGF001265	846	593.592	185	4.95869
RCHGF001266	633	381.586	173	7.21336
RCHGF001267	354	133.477	31	3.6952
RCHGF001268	651	399.136	141	5.62059
RCHGF001269	579	328.897	352	17.0281
RCHGF001270	2928	2675.54	3091	18.3811
RCHGF001271	1302	1049.54	1172	17.7669
RCHGF001272	183	34.6512	486	223.152
RCHGF001273	666	413.983	792	30.4388
RCHGF001274	1716	1463.54	269	2.92436
RCHGF001275	1917	1664.54	1000	9.55848
RCHGF001276	1749	1496.54	1494	15.8835
RCHGF001277	912	659.562	84	2.02632
RCHGF001278	111	15.1988	3	3.14047
RCHGF001279	1326	1073.54	915	13.5608
RCHGF001280	2448	2195.54	1351	9.79033
RCHGF001281	540	291.668	5206	283.987
RCHGF001282	759	506.663	1317	41.3571
RCHGF001283	276	80.5297	570	112.617
RCHGF001284	546	297.395	2079	111.226
RCHGF001285	1278	1025.54	256	3.97164
RCHGF001286	744	491.744	159	5.14449
RCHGF001287	1299	1046.54	295	4.48486
RCHGF001288	1434	1181.54	154	2.07374
RCHGF001289	1425	1172.54	128	1.73686
RCHGF001290	813	560.616	103	2.92318
RCHGF001291	747	494.724	118	3.79492
RCHGF001292	372	146.895	45	4.87405
RCHGF001293	705	452.8	1158	40.6899
RCHGF001294	1401	1148.54	798	11.0545
RCHGF001295	1410	1157.54	976	13.4152
RCHGF001296	930	677.542	569	13.3616
RCHGF001297	129	18.1027	3	2.63671
RCHGF001298	618	366.808	302	13.0994
RCHGF001299	465	223.113	502	35.7983
RCHGF001300	213	46.8167	73	24.8088
RCHGF001301	747	494.724	794	25.5353
RCHGF001302	966	713.542	324	7.22452
RCHGF001303	972	719.542	2840.21	62.8026
RCHGF001304	447	207.585	1074	82.3174
RCHGF001305	2208	1955.54	512	4.16569
RCHGF001306	162	26.9488	3	1.77119
RCHGF001307	1068	815.542	110	2.146
RCHGF001308	1092	839.542	153	2.89956
RCHGF001309	834	581.61	88	2.40732
RCHGF001310	873	620.562	79	2.02547
RCHGF001311	1278	1025.54	131	2.03236
RCHGF001312	1332	1079.54	179	2.63814
RCHGF001313	1008	755.542	1196	25.1858
RCHGF001314	966	713.542	684	15.2518
RCHGF001315	1122	869.542	605	11.07
RCHGF001316	2082	1829.54	4482	38.9774
RCHGF001317	669	416.983	7179	273.924
RCHGF001318	264	73.4953	328	71.0065
RCHGF001319	180	33.4335	34	16.1801
RCHGF001320	633	381.586	1441	60.0835
RCHGF001321	810	557.616	6839	195.138
RCHGF001322	1074	821.542	413	7.99841
RCHGF001323	114	15.9916	6	5.96957
RCHGF001324	141	20.3282	10	7.8268
RCHGF001325	621	369.749	1998	85.9751
RCHGF001326	489	244.503	1034	67.2854
RCHGF001327	870	617.562	2412	62.1413
RCHGF001328	1368	1115.54	8117	115.769
RCHGF001329	183	34.6512	8	3.67329
RCHGF001330	1365	1112.54	809	11.5695
RCHGF001331	498	252.871	717	45.1132
RCHGF001332	477	233.668	210	14.2989
RCHGF001333	915	662.562	262	6.29156
RCHGF001334	948	695.542	1429	32.6883
RCHGF001335	948	695.542	939	21.4796
RCHGF001336	117	16.4579	9	8.70068
RCHGF001337	348	129.019	1147	141.447
RCHGF001338	132	18.4886	13	11.1873
RCHGF001339	1041	788.542	304	6.13384
RCHGF001340	2514	2261.54	1078	7.58399
RCHGF001341	957	704.542	1614	36.4485
RCHGF001342	636	384.517	3195	132.202
RCHGF001343	2625	2372.54	3292	22.0765
RCHGF001344	261	71.6924	244	54.1503
RCHGF001345	2817	2564.54	7725	47.9261
RCHGF001346	1767	1514.54	3697	38.8376
RCHGF001347	969	716.542	417	9.2593
RCHGF001348	1443	1190.54	13240	176.94
RCHGF001349	198	40.6744	435101	170198
RCHGF001350	480	236.557	4717	317.259
RCHGF001351	111	15.1988	10	10.4682
RCHGF001352	642	390.393	162	6.60232
RCHGF001353	612	361.009	89	3.92244
RCHGF001354	1323	1070.54	239	3.55204
RCHGF001355	840	587.61	101	2.73474
RCHGF001356	378	151.436	36	3.78232
RCHGF001357	639	387.455	26	1.06767
RCHGF001358	828	575.616	81	2.23891
RCHGF001359	807	554.616	101	2.89743
RCHGF001360	483	239.114	20	1.33079
RCHGF001361	1125	872.542	133	2.42521
RCHGF001362	420	185.12	29	2.49246
RCHGF001363	759	506.663	428	13.4403
RCHGF001364	816	563.616	417	11.7716
RCHGF001365	147	21.9659	22	15.9352
RCHGF001366	1332	1079.54	308	4.53936
RCHGF001367	792	539.632	684	20.167
RCHGF001368	219	49.6064	30	9.62205
RCHGF001369	369	144.576	121	13.316
RCHGF001370	453	212.7	223	16.681
RCHGF001371	165	28.0033	30	17.045
RCHGF001372	1089	836.542	980	18.639
RCHGF001373	168	29.0065	7	3.83961
RCHGF001374	2169	1916.54	1197	9.9371
RCHGF001375	864	611.562	361	9.39183
RCHGF001376	879	626.562	463	11.7571
RCHGF001377	1332	1079.54	2742	40.4121
RCHGF001378	399	168.216	1507	142.538
RCHGF001379	1455	1202.54	3448	45.6195
RCHGF001380	1398	1145.54	14672	203.78
RCHGF001381	657	405.06	18677	733.621
RCHGF001382	1332	1079.54	2714	39.9994
RCHGF001383	1380	1127.54	3817	53.8608
RCHGF001384	1398	1145.54	2308	32.0559
RCHGF001385	114	15.9916	7	6.9645
RCHGF001386	129	18.1027	61	53.6132
RCHGF001387	339	122.242	441	57.3986
RCHGF001388	342	124.548	94	12.0081
RCHGF001389	336	120.138	697	92.3075
RCHGF001390	768	515.663	1811	55.8774
RCHGF001391	159	26.0972	491	299.345
RCHGF001392	2211	1958.54	1512	12.2829
RCHGF001393	1164	911.542	750	13.0909
RCHGF001394	1083	830.542	1659	31.7811
RCHGF001395	762	509.663	1150	35.9003
RCHGF001396	261	71.6924	29	6.4359
RCHGF001397	330	115.902	36	4.9419
RCHGF001398	687	434.902	311	11.3777
RCHGF001399	1053	800.542	803	15.9593
RCHGF001400	1251	998.542	379	6.03888
RCHGF001401	1071	818.542	7252.77	140.976
RCHGF001402	828	575.616	675	18.6576
RCHGF001403	612	361.009	358	15.7779
RCHGF001404	1806	1553.54	2970	30.4171
RCHGF001405	429	192.438	52	4.29929
RCHGF001406	822	569.616	1055	29.4682
RCHGF001407	528	280.538	863	48.9443
RCHGF001408	789	536.632	487	14.439
RCHGF001409	120	16.8418	77	72.742
RCHGF001410	438	200.115	729	57.9605
RCHGF001411	648	396.287	118	4.73757
RCHGF001412	1152	899.542	186	3.28984
RCHGF001413	486	241.737	45	2.96179
RCHGF001414	870	617.562	109	2.80821
RCHGF001415	1143	890.542	113	2.01887
RCHGF001416	888	635.562	119	2.97901
RCHGF001417	423	187.504	72	6.10951
RCHGF001418	474	230.974	36	2.47984
RCHGF001419	492	247.276	30	1.93029
RCHGF001420	585	334.68	47	2.23435
RCHGF001421	243	61.2765	7	1.81756
RCHGF001422	765	512.663	108	3.35178
RCHGF001423	2247	1994.54	4901	39.0954
RCHGF001424	1458	1205.54	4813	63.521
RCHGF001426	117	16.4579	56	54.1375
RCHGF001427	417	182.649	46	4.00704
RCHGF001428	222	50.9552	1296	404.669
RCHGF001430	1764	1511.54	1797	18.9152
RCHGF001431	576	326.045	385	18.7874
RCHGF001432	663	410.983	737	28.5317
RCHGF001433	867	614.562	1910	49.4483
RCHGF001434	1731	1478.54	3758	40.4396
RCHGF001435	747	494.724	1083	34.8297
RCHGF001436	1053	800.542	3129	62.1878
RCHGF001437	123	17.1772	150.967	139.834
RCHGF001438	132	18.4886	829.033	713.433
RCHGF001439	150	22.8766	236	164.136
RCHGF001440	1329	1076.54	1727	25.5238
RCHGF001441	1395	1142.54	1701	23.6873
RCHGF001442	876	623.562	97	2.475
RCHGF001443	456	215.383	130	9.6032
RCHGF001444	945	692.542	99	2.27443
RCHGF001445	753	500.724	215	6.83163
RCHGF001447	939	686.542	255	5.90958
RCHGF001448	666	413.983	215	8.26305
RCHGF001449	645	393.311	206	8.33326
RCHGF001450	927	674.549	130	3.06629
RCHGF001451	429	192.438	47	3.88589
RCHGF001452	504	258.24	49	3.01896
RCHGF001453	858	605.562	138	3.6258
RCHGF001454	819	566.616	160	4.49278
RCHGF001455	891	638.562	227	5.65596
RCHGF001456	843	590.61	1502	40.4625
RCHGF001457	1188	935.542	1822	30.9862
RCHGF001458	1872	1619.54	2170	21.3182
RCHGF001459	351	131.284	389	47.1436
RCHGF001460	738	485.748	191	6.25613
RCHGF001461	858	605.562	1108	29.1115
RCHGF001462	1071	818.542	1930	37.5146
RCHGF001463	153	23.983	36	23.8827
RCHGF001464	2274	2021.54	614	4.83247
RCHGF001465	537	288.862	139	7.65612
RCHGF001466	1611	1358.54	430	5.03592
RCHGF001467	1359	1106.54	456	6.55663
RCHGF001468	1533	1280.54	1705	21.1843
RCHGF001469	486	241.737	4917	323.624
RCHGF001470	714	461.79	119	4.10002
RCHGF001471	660	407.995	127	4.9526
RCHGF001472	615	363.962	77.0419	3.36787
RCHGF001473	852	599.574	352	9.34078
RCHGF001474	675	422.949	246	9.25403
RCHGF001475	699	446.818	200	7.1217
RCHGF001476	990	737.542	1036	22.3489
RCHGF001477	1005	752.542	1252	26.4702
RCHGF001478	666	413.983	276	10.6074
RCHGF001479	630	378.689	357	14.9993
RCHGF001480	510	263.815	1487	89.6798
RCHGF001481	1431	1178.54	2549	34.4119
RCHGF001482	1392	1139.54	1087	15.1769
RCHGF001483	987	734.542	1190	25.7759
RCHGF001484	1878	1625.54	3285	32.153
RCHGF001485	2364	2111.54	2725	20.5329
RCHGF001486	738	485.748	178	5.83032
RCHGF001487	1878	1625.54	285	2.78953
RCHGF001488	843	590.61	117	3.15187
RCHGF001489	666	413.983	77	2.95932
RCHGF001490	1029	776.542	279	5.7164
RCHGF001491	678	425.949	761	28.4257
RCHGF001492	888	635.562	1204	30.1406
RCHGF001493	1506	1253.54	1861	23.6206
RCHGF001495	1692	1439.54	3447	38.0979
RCHGF001496	1014	761.542	1012	21.1432
RCHGF001497	888	635.562	755	18.9005
RCHGF001498	453	212.7	69	5.16137
RCHGF001499	606	355.07	219	9.81328
RCHGF001501	897	644.562	800.447	19.7584
RCHGF001502	1086	833.542	188	3.58851
RCHGF001503	816	563.616	166	4.68607
RCHGF001504	843	590.61	141	3.79841
RCHGF001505	771	518.658	138	4.23332
RCHGF001506	492	247.276	103	6.62734
RCHGF001507	417	182.649	345	30.0528
RCHGF001508	1953	1700.54	564	5.27686
RCHGF001509	1371	1118.54	815	11.5928
RCHGF001510	171	30.1573	9	4.74826
RCHGF001511	777	524.632	209	6.33833
RCHGF001512	126	17.6381	27	24.3554
RCHGF001513	417	182.649	39	3.39728
RCHGF001514	912	659.562	151	3.64254
RCHGF001515	984	731.542	373	8.11247
RCHGF001516	132	18.4886	21	18.0717
RCHGF001517	894	641.562	294	7.29109
RCHGF001518	1371	1118.54	576	8.19321
RCHGF001519	114	15.9916	10	9.94928
RCHGF001520	801	548.616	472	13.6885
RCHGF001521	2607	2354.54	627	4.23687
RCHGF001522	450	210.089	77	5.83138
RCHGF001523	1470	1217.54	437	5.71059
RCHGF001524	2022	1769.54	29740	267.401
RCHGF001525	537	288.862	1074	59.1559
RCHGF001526	1218	965.542	2197	36.2028
RCHGF001527	771	518.658	1428	43.8057
RCHGF001528	288	87.7711	402	72.8716
RCHGF001529	369	144.576	696	76.5945
RCHGF001530	180	33.4335	903.675	430.045
RCHGF001531	387	158.593	3587	359.857
RCHGF001532	1866	1613.54	377	3.71745
RCHGF001533	135	19.0072	6	5.02246
RCHGF001534	567	317.446	66	3.30794
RCHGF001535	183	34.6512	20	9.18323
RCHGF001536	1098	845.542	3749	70.5446
RCHGF001537	984	731.542	2492	54.1991
RCHGF001538	621	369.749	190	8.17581
RCHGF001539	870	617.562	176	4.53436
RCHGF001540	1578	1325.54	1403	16.8402
RCHGF001541	1671	1418.54	1515	16.9924
RCHGF001542	201	41.688	36	13.7396
RCHGF001543	153	23.983	282	187.081
RCHGF001544	972	719.542	16126	356.578
RCHGF001545	1488	1235.54	17935	230.955
RCHGF001546	468	225.672	69	4.8647
RCHGF001547	372	146.895	38	4.11587
RCHGF001548	954	701.542	167	3.78745
RCHGF001549	456	215.383	36	2.65935
RCHGF001550	1581	1328.54	308	3.68858
RCHGF001551	870	617.562	1795	46.2453
RCHGF001552	846	593.592	326	8.73802
RCHGF001553	756	503.679	258	8.14986
RCHGF001554	798	545.616	147	4.28661
RCHGF001555	420	185.12	104	8.93849
RCHGF001556	1224	971.542	275	4.50355
RCHGF001557	798	545.616	183	5.33639
RCHGF001558	777	524.632	138	4.18512
RCHGF001559	477	233.668	90	6.12812
RCHGF001560	2727	2474.54	609	3.91567
RCHGF001561	735	482.748	550	18.127
RCHGF001562	1203	950.542	3828	64.0744
RCHGF001563	1341	1088.54	4653	68.0098
RCHGF001564	282	84.0964	1178	222.87
RCHGF001565	435	197.516	214	17.2384
RCHGF001566	645	393.311	343	13.8753
RCHGF001567	1056	803.542	2215	43.858
RCHGF001568	1515	1262.54	1646	20.7428
RCHGF001569	1368	1115.54	179	2.553
RCHGF001570	660	407.995	238	9.28124
RCHGF001571	837	584.61	119	3.23865
RCHGF001572	771	518.658	83	2.54613
RCHGF001573	471	228.355	52	3.62307
RCHGF001574	414	180.207	35	3.09015
RCHGF001575	843	590.61	76	2.04737
RCHGF001576	648	396.287	83	3.33236
RCHGF001577	1029	776.542	284	5.81885
RCHGF001578	729	476.748	1555	51.8949
RCHGF001579	699	446.818	2561	91.1933
RCHGF001580	540	291.668	441	24.0566
RCHGF001581	1719	1466.54	1832	19.8753
RCHGF001582	867	614.562	4371	113.161
RCHGF001583	1677	1424.54	7222	80.6614
RCHGF001584	885	632.562	1961	49.324
RCHGF001585	885	632.562	155	3.89863
RCHGF001586	1041	788.542	154	3.10727
RCHGF001587	1158	905.542	110	1.93271
RCHGF001588	834	581.61	90	2.46204
RCHGF001589	753	500.724	134	4.25785
RCHGF001590	480	236.557	65	4.37182
RCHGF001591	399	168.216	79	7.47213
RCHGF001592	2433	2180.54	1397	10.1933
RCHGF001593	1317	1064.54	1809	27.0371
RCHGF001594	1668	1415.54	479	5.38389
RCHGF001595	1230	977.542	290	4.72005
RCHGF001597	708	455.8	114	3.97937
RCHGF001598	711	458.79	87	3.01709
RCHGF001599	741	488.748	58	1.88811
RCHGF001600	693	440.88	157	5.66583
RCHGF001601	414	180.207	156	13.7732
RCHGF001602	207	44.156	157	56.5709
RCHGF001603	414	180.207	1136	100.297
RCHGF001604	183	34.6512	36	16.5298
RCHGF001605	1104	851.542	3152	58.893
RCHGF001606	135	19.0072	28	23.4381
RCHGF001607	111	15.1988	0	0
RCHGF001608	117	16.4579	6	5.80045
RCHGF001609	336	120.138	1827	241.96
RCHGF001610	612	361.009	375	16.5271
RCHGF001611	333	118.029	189	25.4776
RCHGF001612	621	369.749	225	9.68188
RCHGF001613	1227	974.542	1992	32.5216
RCHGF001614	1167	914.542	484	8.42026
RCHGF001615	387	158.593	262	26.2845
RCHGF001616	819	566.616	954	26.7882
RCHGF001617	990	737.542	2312	49.8752
RCHGF001618	363	140.116	653	74.1498
RCHGF001619	1122	869.542	363	6.64201
RCHGF001620	774	521.632	228	6.95431
RCHGF001621	1104	851.542	186	3.47529
RCHGF001622	1272	1019.54	182	2.84021
RCHGF001623	297	93.4974	5	0.850852
RCHGF001624	483	239.114	28	1.8631
RCHGF001625	2868	2615.54	1121	6.81911
RCHGF001626	555	305.948	5496	285.814
RCHGF001627	1260	1007.54	42560	672.082
RCHGF001628	696	443.875	1072	38.4253
RCHGF001629	1599	1346.54	2076	24.5296
RCHGF001630	546	297.395	372	19.9018
RCHGF001631	555	305.948	514	26.73
RCHGF001632	1290	1037.54	1146	17.5737
RCHGF001633	450	210.089	94	7.11882
RCHGF001634	1347	1094.54	436	6.33779
RCHGF001635	462	220.474	744	53.6907
RCHGF001636	876	623.562	306	7.80774
RCHGF001637	2073	1820.54	608	5.31357
RCHGF001638	648	396.287	95	3.81415
RCHGF001639	480	236.557	53	3.56471
RCHGF001640	888	635.562	136.91	3.42737
RCHGF001641	612	361.009	73	3.21728
RCHGF001642	759	506.663	67	2.10397
RCHGF001643	1287	1034.54	201	3.09123
RCHGF001644	273	78.8296	12	2.42201
RCHGF001645	441	202.567	62	4.86976
RCHGF001646	294	91.4993	4105	713.804
RCHGF001647	552	303.07	2907	152.611
RCHGF001648	1311	1058.54	2563	38.5234
RCHGF001649	1482	1229.54	1136	14.7
RCHGF001650	663	410.983	361	13.9755
RCHGF001651	750	497.724	105	3.35648
RCHGF001652	468	225.672	29	2.04458
RCHGF001653	744	491.744	121	3.91499
RCHGF001654	762	509.663	97	3.02811
RCHGF001655	2739	2486.54	659	4.21671
RCHGF001656	468	225.672	93	6.55677
RCHGF001657	747	494.724	169	5.4351
RCHGF001658	819	566.616	107	3.00455
RCHGF001659	1131	878.542	236	4.27399
RCHGF001660	387	158.593	19	1.90613
RCHGF001661	564	314.561	477	24.1267
RCHGF001662	714	461.79	252	8.68239
RCHGF001663	870	617.562	313	8.06394
RCHGF001664	1230	977.542	674	10.97
RCHGF001665	174	31.2358	359	182.863
RCHGF001666	1251	998.542	259	4.12683
RCHGF001667	1398	1145.54	192	2.6667
RCHGF001668	180	33.4335	20	9.51769
RCHGF001669	363	140.116	53	6.01828
RCHGF001670	426	190.018	69	5.77747
RCHGF001671	2028	1775.54	1204	10.789
RCHGF001672	1422	1169.54	255	3.46903
RCHGF001673	345	126.742	42	5.27245
RCHGF001674	1239	986.542	178	2.8707
RCHGF001675	318	107.475	44	6.51372
RCHGF001676	1884	1631.54	973	9.48852
RCHGF001677	756	503.679	165	5.21212
RCHGF001678	126	17.6381	1	0.902052
RCHGF001679	165	28.0033	3	1.7045
RCHGF001680	888	635.562	78	1.95263
RCHGF001681	864	611.562	128	3.33007
RCHGF001682	729	476.748	724	24.162
RCHGF001683	537	288.862	11780	648.843
RCHGF001684	405	172.898	2343	215.609
RCHGF001685	486	241.737	499	32.8429
RCHGF001686	804	551.616	2819	81.3097
RCHGF001687	849	596.592	1031	27.4957
RCHGF001689	561	311.718	171	8.72806
RCHGF001690	1263	1010.54	2331	36.7005
RCHGF001691	426	190.018	1347	112.786
RCHGF001692	1083	830.542	431	8.25656
RCHGF001693	750	497.724	136	4.34745
RCHGF001694	714	461.79	147	5.06473
RCHGF001695	735	482.748	3124	102.961
RCHGF001696	843	590.61	231	6.22293
RCHGF001697	168	29.0065	15	8.22773
RCHGF001698	780	527.632	244	7.3577
RCHGF001699	1197	944.542	268	4.51437
RCHGF001700	1104	851.542	3457	64.5917
RCHGF001701	468	225.672	35815	2525.06
RCHGF001702	774	521.632	56958	1737.3
RCHGF001703	864	611.562	198	5.1512
RCHGF001704	852	599.574	94	2.49441
RCHGF001705	1086	833.542	281	5.36368
RCHGF001706	309	101.459	93	14.584
RCHGF001707	453	212.7	80	5.9842
RCHGF001708	1962	1709.54	246	2.28949
RCHGF001709	888	635.562	271	6.78414
RCHGF001710	1470	1217.54	294	3.84191
RCHGF001711	228	53.3546	11	3.28023
RCHGF001712	1173	920.542	274	4.73577
RCHGF001713	447	207.585	97	7.43462
RCHGF001714	1581	1328.54	24313	291.17
RCHGF001715	990	737.542	262	5.65195
RCHGF001716	906	653.562	1651.67	40.2087
RCHGF001717	615	363.962	404	17.6608
RCHGF001718	564	314.561	425	21.4965
RCHGF001719	684	431.928	3942	145.208
RCHGF001720	1044	791.542	9895	198.896
RCHGF001721	420	185.12	29	2.49246
RCHGF001722	435	197.516	41	3.30268
RCHGF001723	324	111.78	37	5.2665
RCHGF001724	924	671.549	138	3.26953
RCHGF001725	1545	1292.54	2417	29.752
RCHGF001726	726	473.748	556	18.6729
RCHGF001727	288	87.7711	203.202	36.835
RCHGF001728	468	225.672	210	14.8056
RCHGF001729	789	536.632	234	6.93782
RCHGF001730	585	334.68	224	10.6488
RCHGF001731	609	358.038	102	4.53268
RCHGF001732	729	476.748	86	2.87007
RCHGF001733	783	530.632	103	3.08836
RCHGF001734	471	228.355	68	4.73785
RCHGF001735	444	205.066	31	2.4052
RCHGF001736	1656	1403.54	212	2.40322
RCHGF001737	1002	749.542	95	2.01656
RCHGF001738	849	596.592	149	3.97368
RCHGF001739	744	491.744	461	14.9158
RCHGF001741	891	638.562	467.09	11.6381
RCHGF001743	450	210.089	3453	261.503
RCHGF001745	843	590.61	440	11.8532
RCHGF001746	1512	1259.54	762	9.62556
RCHGF001747	606	355.07	913	40.9111
RCHGF001748	723	470.758	725	24.5033
RCHGF001749	477	233.668	513	34.9303
RCHGF001750	612	361.009	858	37.8141
RCHGF001752	390	160.976	29973	2962.47
RCHGF001754	1671	1418.54	243	2.72551
RCHGF001755	1482	1229.54	2662	34.4468
RCHGF001756	1260	1007.54	4550	71.8508
RCHGF001757	702	449.818	578	20.4444
RCHGF001758	717	464.786	2346	80.308
RCHGF001759	678	425.949	829	30.9657
RCHGF001761	1254	1001.54	887	14.0909
RCHGF001762	336	120.138	84	11.1246
RCHGF001763	291	89.5967	304	53.984
RCHGF001764	261	71.6924	2187	485.355
RCHGF001765	135	19.0072	1	0.837076
RCHGF001766	348	129.019	26	3.20629
RCHGF001767	300	95.4162	26	4.33546
RCHGF001768	462	220.474	152	10.9691
RCHGF001769	1035	782.542	588	11.9551
RCHGF001770	333	118.029	79	10.6493
RCHGF001771	1314	1061.54	410	6.14512
RCHGF001772	1563	1310.54	699	8.48614
RCHGF001773	510	263.815	122	7.35772
RCHGF001774	135	19.0072	3	2.51123
RCHGF001775	1833	1580.54	1261	12.6938
RCHGF001776	1812	1559.54	1124	11.4671
RCHGF001777	255	68.1712	1112	259.53
RCHGF001778	492	247.276	811	52.1822
RCHGF001779	378	151.436	553	58.1006
RCHGF001780	417	182.649	94	8.18831
RCHGF001781	1170	917.542	141	2.44499
RCHGF001782	135	19.0072	2	1.67415
RCHGF001783	156	25.0854	6	3.80552
RCHGF001784	420	185.12	3112	267.467
RCHGF001785	1479	1226.54	2550	33.0782
RCHGF001786	2583	2330.54	502	3.42713
RCHGF001787	681	428.932	138	5.11888
RCHGF001788	1002	749.542	110	2.33496
RCHGF001789	687	434.902	91	3.32916
RCHGF001790	693	440.88	172	6.20715
RCHGF001791	438	200.115	189	15.0268
RCHGF001792	849	596.592	225	6.00052
RCHGF001793	738	485.748	138	4.52014
RCHGF001794	717	464.786	68	2.32777
RCHGF001795	408	175.23	777	70.55
RCHGF001796	636	384.517	488	20.1924
RCHGF001797	855	602.562	363	9.58492
RCHGF001798	372	146.895	170	18.4131
RCHGF001799	720	467.763	285	9.69401
RCHGF001800	402	170.564	88	8.20877
RCHGF001801	141	20.3282	20	15.6536
RCHGF001803	885	632.562	262	6.58994
RCHGF001804	561	311.718	31	1.58228
RCHGF001805	549	300.274	31	1.64258
RCHGF001806	1431	1178.54	2094	28.2693
RCHGF001807	822	569.616	1095	30.5855
RCHGF001808	1386	1133.54	1211	16.9977
RCHGF001809	1065	812.542	1334	26.1212
RCHGF001810	1164	911.542	3427	59.8165
RCHGF001811	1044	791.542	614	12.3418
RCHGF001812	1605	1352.54	1284	15.1042
RCHGF001813	600	349.218	53	2.4147
RCHGF001814	294	91.4993	10	1.73887
RCHGF001815	186	35.9567	1388.64	614.458
RCHGF001816	1308	1055.54	169	2.54739
RCHGF001817	465	223.113	451	32.1614
RCHGF001819	801	548.616	1825	52.9271
RCHGF001820	780	527.632	1973	59.4949
RCHGF001821	744	491.744	1428	46.2033
RCHGF001822	162	26.9488	14	8.26555
RCHGF001823	183	34.6512	105	48.2119
RCHGF001824	852	599.574	229	6.07682
RCHGF001825	504	258.24	88	5.4218
RCHGF001826	1050	797.542	7826	156.124
RCHGF001827	1071	818.542	1609	31.2751
RCHGF001828	1977	1724.54	3785	34.9201
RCHGF001829	951	698.542	1343	30.5891
RCHGF001830	1875	1622.54	179	1.75526
RCHGF001831	1044	791.542	114	2.29147
RCHGF001832	321	109.645	10	1.45109
RCHGF001833	330	115.902	43	5.90282
RCHGF001834	1332	1079.54	128	1.88649
RCHGF001835	1077	824.542	145	2.79794
RCHGF001836	1182	929.542	105	1.79723
RCHGF001837	453	212.7	565	42.2634
RCHGF001838	420	185.12	300	25.7841
RCHGF001839	561	311.718	1219	62.2193
RCHGF001840	462	220.474	622	44.8866
RCHGF001841	438	200.115	803	63.844
RCHGF001842	1245	992.542	691	11.0768
RCHGF001843	1299	1046.54	5956	90.5486
RCHGF001844	486	241.737	3456	227.465
RCHGF001845	501	255.564	1297	80.7465
RCHGF001846	711	458.79	1128	39.1182
RCHGF001847	1206	953.542	1272	21.2242
RCHGF001848	888	635.562	269	6.73407
RCHGF001849	123	17.1772	9	8.33633
RCHGF001850	354	133.477	56	6.67521
RCHGF001851	348	129.019	511	63.0158
RCHGF001852	1146	893.542	5143	91.5767
RCHGF001853	558	308.737	12191	628.253
RCHGF001854	192	38.4307	2811	1163.77
RCHGF001855	360	137.874	1966	226.874
RCHGF001856	435	197.516	5838	470.269
RCHGF001857	1305	1052.54	807	12.1988
RCHGF001858	186	35.9567	535	236.732
RCHGF001859	1320	1067.54	3083	45.9486
RCHGF001860	114	15.9916	15	14.9239
RCHGF001861	1317	1064.54	3176	47.468
RCHGF001862	879	626.562	5428	137.835
RCHGF001863	378	151.436	8783	922.78
RCHGF001864	129	18.1027	4	3.51562
RCHGF001865	765	512.663	1069	33.1764
RCHGF001866	2343	2090.54	649	4.93935
RCHGF001867	918	665.562	309	7.38675
RCHGF001868	675	422.949	1135	42.6964
RCHGF001869	855	602.562	1426	37.6531
RCHGF001870	891	638.562	116	2.89027
RCHGF001871	1191	938.542	2566	43.4997
RCHGF001872	147	21.9659	276	199.915
RCHGF001873	291	89.5967	278	49.367
RCHGF001874	1161	908.542	1144	20.0339
RCHGF001875	807	554.616	394	11.3028
RCHGF001876	777	524.632	3914	118.7
RCHGF001877	759	506.663	1514	47.5434
RCHGF001878	1014	761.542	2594	54.1951
RCHGF001879	618	366.808	3963	171.898
RCHGF001880	1812	1559.54	16775	171.139
RCHGF001881	1191	938.542	3211	54.434
RCHGF001882	1113	860.542	5588	103.316
RCHGF001884	1290	1037.54	1718	26.3452
RCHGF001885	1395	1142.54	1533	21.3478
RCHGF001886	675	422.949	2101	79.0354
RCHGF001887	444	205.066	107	8.30184
RCHGF001888	1374	1121.54	227	3.22028
RCHGF001889	513	266.667	405	24.164
RCHGF001890	1356	1103.54	365	5.26245
RCHGF001891	837	584.61	575	15.649
RCHGF001892	567	317.446	1633	81.8465
RCHGF001893	381	153.835	38	3.93017
RCHGF001894	603	352.151	76	3.43375
RCHGF001895	606	355.07	603	27.0201
RCHGF001896	126	17.6381	10	9.02052
RCHGF001897	1419	1166.54	309	4.21446
RCHGF001898	1932	1679.54	433	4.10186
RCHGF001899	855	602.562	161	4.25116
RCHGF001900	579	328.897	152	7.35305
RCHGF001901	1662	1409.54	2223	25.0926
RCHGF001902	993	740.542	1968	42.2823
RCHGF001903	489	244.503	123	8.00397
RCHGF001904	1668	1415.54	2040	22.9293
RCHGF001905	1200	947.542	559	9.38636
RCHGF001906	1317	1064.54	3859	57.6761
RCHGF001907	1398	1145.54	491	6.81953
RCHGF001908	1449	1196.54	1148	15.265
RCHGF001909	126	17.6381	0	0
RCHGF001910	972	719.542	746	16.4955
RCHGF001911	669	416.983	77	2.93803
RCHGF001912	1491	1238.54	185	2.37654
RCHGF001913	861	608.562	452	11.8173
RCHGF001914	1719	1466.54	434	4.70846
RCHGF001915	183	34.6512	182	83.5674
RCHGF001916	504	258.24	1895	116.754
RCHGF001917	1101	848.542	777	14.5691
RCHGF001918	327	113.821	316	44.1721
RCHGF001919	171	30.1573	92	48.5377
RCHGF001920	255	68.1712	718	167.574
RCHGF001921	411	177.731	51	4.56552
RCHGF001922	465	223.113	2130	151.893
RCHGF001923	1272	1019.54	5370	83.8017
RCHGF001924	561	311.718	76	3.87914
RCHGF001925	243	61.2765	11881	3084.91
RCHGF001926	495	250.105	1099	69.9131
RCHGF001927	591	340.47	893	41.7308
RCHGF001928	507	261.123	536	32.659
RCHGF001929	585	334.68	554	26.3368
RCHGF001930	1671	1418.54	2008	22.5219
RCHGF001931	828	575.616	1779	49.173
RCHGF001932	1335	1082.54	577	8.48037
RCHGF001933	249	64.6179	8	1.96979
RCHGF001934	1005	752.542	296	6.25813
RCHGF001935	1164	911.542	712	12.4276
RCHGF001936	891	638.562	735	18.3133
RCHGF001937	1020	767.542	7422	153.852
RCHGF001938	876	623.562	592	15.1052
RCHGF001939	462	220.474	18372	1325.81
RCHGF001940	144	21.1656	21	15.786
RCHGF001941	531	283.347	82	4.60446
RCHGF001942	2064	1811.54	519	4.5583
RCHGF001943	1617	1364.54	38177	445.142
RCHGF001944	264	73.4953	4638	1004.05
RCHGF001945	123	17.1772	11	10.1888
RCHGF001946	933	680.542	1923	44.9581
RCHGF001947	1737	1484.54	2526	27.0723
RCHGF001948	522	274.922	846	48.9605
RCHGF001950	624	372.723	160	6.82996
RCHGF001951	1902	1649.54	2629	25.3578
RCHGF001952	549	300.274	23508	1245.61
RCHGF001953	1230	977.542	1300	21.1588
RCHGF001954	903	650.562	1125	27.5136
RCHGF001955	318	107.475	15	2.22059
RCHGF001956	396	165.82	12	1.1514
RCHGF001957	126	17.6381	0	0
RCHGF001958	111	15.1988	1	1.04682
RCHGF001959	690	437.88	30	1.09006
RCHGF001960	780	527.632	61	1.83943
RCHGF001961	1023	770.542	70	1.44539
RCHGF001962	159	26.0972	3	1.82899
RCHGF001963	375	149.179	10	1.06654
RCHGF001964	1581	1328.54	141	1.6886
RCHGF001965	1077	824.542	325	6.27125
RCHGF001966	1419	1166.54	5108	69.6681
RCHGF001967	960	707.542	6396	143.827
RCHGF001968	912	659.562	440	10.614
RCHGF001969	1194	941.542	1278	21.5961
RCHGF001970	591	340.47	169	7.89754
RCHGF001971	828	575.616	446	12.3278
RCHGF001972	2583	2330.54	3045	20.7881
RCHGF001973	954	701.542	2379	53.9541
RCHGF001974	774	521.632	65	1.98259
RCHGF001975	573	323.169	89	4.38172
RCHGF001976	1107	854.542	2277	42.3949
RCHGF001977	774	521.632	275	8.38788
RCHGF001978	564	314.561	101	5.10858
RCHGF001979	552	303.07	895	46.9854
RCHGF001980	834	581.61	1426	39.0096
RCHGF001981	687	434.902	71	2.59747
RCHGF001982	408	175.23	90	8.17182
RCHGF001983	591	340.47	6123	286.134
RCHGF001984	744	491.744	104	3.36495
RCHGF001986	765	512.663	4509	139.937
RCHGF001987	246	62.9612	1203	304.002
RCHGF001988	369	144.576	3494	384.513
RCHGF001989	705	452.8	327	11.4901
RCHGF001990	1284	1031.54	152	2.34445
RCHGF001991	378	151.436	42	4.4127
RCHGF001992	1089	836.542	155	2.948
RCHGF001993	312	103.344	18	2.77122
RCHGF001994	441	202.567	70	5.49811
RCHGF001995	1941	1688.54	639	6.02106
RCHGF001996	1245	992.542	843	13.5133
RCHGF001997	885	632.562	1234	31.0381
RCHGF001998	1227	974.542	2457	40.1133
RCHGF001999	372	146.895	139	15.0554
RCHGF002000	726	473.748	366	12.2918
RCHGF002001	327	113.821	1509	210.936
RCHGF002002	438	200.115	812	64.5596
RCHGF002003	507	261.123	203	12.369
RCHGF002004	177	32.1816	61	30.1582
RCHGF002005	642	390.393	194	7.90649
RCHGF002006	603	352.151	118	5.33134
RCHGF002007	360	137.874	57	6.57772
RCHGF002008	837	584.61	588	16.0028
RCHGF002009	705	452.8	638	22.4181
RCHGF002010	657	405.06	340	13.355
RCHGF002011	414	180.207	1540	135.966
RCHGF002012	1215	962.542	8858	146.42
RCHGF002013	1185	932.542	643	10.9705
RCHGF002014	642	390.393	152	6.19477
RCHGF002015	1422	1169.54	7994	108.751
RCHGF002016	1314	1061.54	3256	48.8012
RCHGF002017	654	402.1	1929	76.3277
RCHGF002018	984	731.542	11882.5	258.436
RCHGF002019	804	551.616	79	2.27863
RCHGF002020	414	180.207	170	15.0093
RCHGF002021	360	137.874	235	27.1187
RCHGF002022	318	107.475	228	33.7529
RCHGF002023	1653	1400.54	902	10.2469
RCHGF002024	1737	1484.54	897	9.61355
RCHGF002025	1626	1373.54	2888	33.4533
RCHGF002026	246	62.9612	105	26.5339
RCHGF002027	762	509.663	803	25.0678
RCHGF002028	912	659.562	214	5.16228
RCHGF002029	399	168.216	40	3.78336
RCHGF002030	1227	974.542	345	5.63251
RCHGF002031	804	551.616	197	5.68216
RCHGF002032	771	518.658	114	3.49709
RCHGF002033	471	228.355	52	3.62307
RCHGF002034	2688	2435.54	490	3.20099
RCHGF002035	120	16.8418	13	12.2811
RCHGF002036	594	343.326	455	21.0857
RCHGF002037	957	704.542	2926.93	66.0981
RCHGF002038	765	512.663	970	30.1039
RCHGF002039	987	734.542	979	21.2056
RCHGF002040	462	220.474	381	27.4948
RCHGF002041	942	689.542	377	8.6989
RCHGF002042	1125	872.542	1315	23.9786
RCHGF002043	141	20.3282	40	31.3072
RCHGF002044	1095	842.542	1042	19.677
RCHGF002045	159	26.0972	386	235.33
RCHGF002046	1464	1211.54	2421	31.7936
RCHGF002047	780	527.632	1830	55.1828
RCHGF002048	123	17.1772	11	10.1888
RCHGF002050	1548	1295.54	141	1.73161
RCHGF002051	810	557.616	38	1.08426
RCHGF002052	783	530.632	45	1.34928
RCHGF002053	321	109.645	35	5.07881
RCHGF002054	1092	839.542	62	1.17499
RCHGF002055	225	51.8354	2	0.613886
RCHGF002056	228	53.3546	8	2.38562
RCHGF002057	357	135.682	195	22.8662
RCHGF002059	444	205.066	239	18.5434
RCHGF002060	198	40.6744	7	2.73817
RCHGF002061	1899	1646.54	1830	17.6832
RCHGF002062	117	16.4579	22	21.2683
RCHGF002063	1188	935.542	4223	71.8193
RCHGF002064	204	42.9052	28	10.3832
RCHGF002065	231	54.7559	22	6.39257
RCHGF002066	417	182.649	311	27.0911
RCHGF002067	357	135.682	3829	448.999
RCHGF002068	222	50.9552	30	9.36735
RCHGF002069	1683	1430.54	314	3.49231
RCHGF002070	621	369.749	9554	411.114
RCHGF002071	906	653.562	62	1.50934
RCHGF002072	1005	752.542	76	1.60682
RCHGF002073	2187	1934.54	210	1.72713
RCHGF002074	2448	2195.54	190	1.37688
RCHGF002075	402	170.564	13	1.21266
RCHGF002076	501	255.564	28	1.74318
RCHGF002077	486	241.737	22	1.44798
RCHGF002078	267	75.2403	10	2.11463
RCHGF002079	219	49.6064	9	2.88662
RCHGF002080	141	20.3282	1	0.78268
RCHGF002081	1194	941.542	115	1.94331
RCHGF002082	1392	1139.54	134	1.87093
RCHGF002083	381	153.835	26	2.68907
RCHGF002084	327	113.821	37	5.17205
RCHGF002085	3057	2804.54	253	1.4353
RCHGF002086	378	151.436	5689	597.711
RCHGF002087	384	156.342	11646	1185.18
RCHGF002088	138	19.6481	21770	17628.7
RCHGF002089	918	665.562	83	1.98414
RCHGF002090	486	241.737	13	0.855627
RCHGF002091	123	17.1772	1	0.926259
RCHGF002092	429	192.438	7	0.57875
RCHGF002093	624	372.723	40	1.70749
RCHGF002094	639	387.455	37	1.51937
RCHGF002095	1362	1109.54	129	1.84982
RCHGF002097	411	177.731	45	4.0284
RCHGF002099	1776	1523.54	7567	79.0229
RCHGF002101	1461	1208.54	971	12.7832
RCHGF002102	1401	1148.54	791	10.9575
RCHGF002103	2220	1967.54	1335	10.7955
RCHGF002104	1272	1019.54	3714	57.9589
RCHGF002105	2247	1994.54	216	1.72304
RCHGF002106	696	443.875	88	3.15432
RCHGF002107	615	363.962	5717	249.917
RCHGF002108	837	584.61	1131	30.7808
RCHGF002109	378	151.436	201	21.1179
RCHGF002110	594	343.326	110	5.09765
RCHGF002111	525	277.756	3624	207.591
RCHGF002112	1308	1055.54	1620	24.4187
RCHGF002113	153	23.983	19	12.6048
RCHGF002114	117	16.4579	5	4.83371
RCHGF002115	924	671.549	3738	88.5616
RCHGF002116	135	19.0072	73	61.1065
RCHGF002117	1317	1064.54	557	8.32484
RCHGF002118	1920	1667.54	4778	45.5883
RCHGF002119	1332	1079.54	862	12.7043
RCHGF002120	996	743.542	1431	30.6209
RCHGF002121	189	37.206	400.689	171.348
RCHGF002122	369	144.576	334	36.7565
RCHGF002123	222	50.9552	650	202.959
RCHGF002124	138	19.6481	2628	2128.08
RCHGF002125	618	366.808	1774	76.9483
RCHGF002126	1245	992.542	1619	25.9526
RCHGF002127	792	539.632	554	16.3341
RCHGF002128	1941	1688.54	5234	49.318
RCHGF002129	459	217.945	107	7.81124
RCHGF002130	324	111.78	431	61.3476
RCHGF002131	402	170.564	199	18.563
RCHGF002132	585	334.68	226	10.7439
RCHGF002133	912	659.562	403	9.72149
RCHGF002134	2379	2126.54	935	6.99554
RCHGF002135	804	551.616	327	9.4318
RCHGF002136	912	659.562	345	8.32237
RCHGF002137	615	363.962	462	20.1962
RCHGF002138	1359	1106.54	712	10.2375
RCHGF002139	126	17.6381	43	38.7882
RCHGF002140	237	57.8452	165	45.3837
RCHGF002141	138	19.6481	178	144.139
RCHGF002142	642	390.393	4333	176.592
RCHGF002143	699	446.818	331	11.7864
RCHGF002144	714	461.79	3885	133.854
RCHGF002145	1188	935.542	8098	137.72
RCHGF002146	252	66.3967	483	115.74
RCHGF002147	2337	2084.54	2254	17.2039
RCHGF002148	951	698.542	634	14.4404
RCHGF002149	1254	1001.54	518	8.22895
RCHGF002150	309	101.459	2522	395.494
RCHGF002151	1044	791.542	13396	269.268
RCHGF002152	1920	1667.54	34235	326.646
RCHGF002153	441	202.567	6740	529.39
RCHGF002154	306	99.3408	9422	1509.04
RCHGF002155	594	343.326	6035	279.676
RCHGF002156	1749	1496.54	32014	340.357
RCHGF002157	1440	1187.54	20608	276.103
RCHGF002158	660	407.995	11507	448.736
RCHGF002159	1350	1097.54	16352	237.046
RCHGF002160	189	37.206	1915	818.917
RCHGF002162	1602	1349.54	8853	104.373
RCHGF002164	1833	1580.54	14949	150.484
RCHGF002165	1311	1058.54	222	3.33679
RCHGF002166	585	334.68	2777	132.017
RCHGF002167	540	291.668	467	25.4749
RCHGF002168	753	500.724	1537	48.8382
RCHGF002169	1230	977.542	171	2.7832
RCHGF002170	1089	836.542	2369	45.0569
RCHGF002171	414	180.207	13774	1216.11
RCHGF002172	288	87.7711	162	29.3662
RCHGF002173	150	22.8766	83	57.7259
RCHGF002174	531	283.347	330	18.5301
RCHGF002175	1575	1322.54	475	5.71436
RCHGF002176	846	593.592	210	5.62879
RCHGF002177	1893	1640.54	927	8.99034
RCHGF002178	1629	1376.54	4823	55.7457
RCHGF002180	1701	1448.54	3641	39.992
RCHGF002181	126	17.6381	191	172.292
RCHGF002183	429	192.438	3696	305.58
RCHGF002185	984	731.542	2844	61.8549
RCHGF002186	711	458.79	307	10.6465
RCHGF002187	204	42.9052	88	32.633
RCHGF002188	222	50.9552	91	28.4143
RCHGF002189	438	200.115	155	12.3236
RCHGF002190	126	17.6381	45	40.5923
RCHGF002191	870	617.562	3853	99.2663
RCHGF002192	1311	1058.54	3149	47.3313
RCHGF002193	960	707.542	1754	39.4422
RCHGF002194	1404	1151.54	204	2.8186
RCHGF002195	1917	1664.54	203	1.94037
RCHGF002196	114	15.9916	3	2.98478
RCHGF002197	888	635.562	22126	553.896
RCHGF002198	183	34.6512	1029	472.477
RCHGF002199	1902	1649.54	319	3.07688
RCHGF002200	747	494.724	116	3.7306
RCHGF002201	1005	752.542	153	3.23478
RCHGF002202	666	413.983	360	13.8358
RCHGF002203	2166	1913.54	2305	19.1653
RCHGF002204	2166	1913.54	5985	49.7634
RCHGF002205	309	101.459	204	31.9908
RCHGF002206	933	680.542	3294	77.0109
RCHGF002207	429	192.438	5239	433.153
RCHGF002208	1032	779.542	1225	25.0023
RCHGF002209	1572	1319.54	724	8.72969
RCHGF002210	4344	4091.54	6816	26.5049
RCHGF002211	129	18.1027	5	4.39452
RCHGF002212	390	160.976	336	33.2096
RCHGF002213	489	244.503	144	9.3705
RCHGF002214	615	363.962	151	6.60093
RCHGF002215	648	396.287	171	6.86547
RCHGF002216	486	241.737	102	6.71338
RCHGF002217	954	701.542	400	9.07173
RCHGF002218	1185	932.542	2998	51.1501
RCHGF002219	696	443.875	1254	44.949
RCHGF002220	366	142.402	270	30.1669
RCHGF002221	198	40.6744	114	44.5931
RCHGF002222	780	527.632	1808	54.5194
RCHGF002224	1179	926.542	951	16.3305
RCHGF002225	705	452.8	261	9.17103
RCHGF002226	2169	1916.54	3635	30.1766
RCHGF002227	174	31.2358	229	116.645
RCHGF002228	1095	842.542	318	6.00509
RCHGF002230	618	366.808	1199.59	52.033
RCHGF002231	368	143.818	743	82.1975
RCHGF002233	852	599.574	5070	134.539
RCHGF002234	321	109.645	30518	4428.43
RCHGF002235	126	17.6381	60	54.1231
RCHGF002236	1686	1433.54	843	9.35623
RCHGF002237	699	446.818	566	20.1544
RCHGF002238	1107	854.542	2639	49.1348
RCHGF002239	1191	938.542	20631	349.744
RCHGF002240	1242	989.542	3510	56.436
RCHGF002241	1860	1607.54	280	2.77127
RCHGF002242	390	160.976	61	6.02912
RCHGF002243	1525	1272.54	5696	71.2167
RCHGF002246	618	366.808	3859	167.386
RCHGF002247	189	37.206	167	71.4147
RCHGF002248	372	146.895	830	89.8992
RCHGF002249	705	452.8	3667	128.851
RCHGF002250	243	61.2765	270	70.1058
RCHGF002251	516	269.427	3291	194.344
RCHGF002252	549	300.274	1675	88.7524
RCHGF002253	1518	1265.54	11288	141.914
RCHGF002254	837	584.61	6599	179.596
RCHGF002255	1398	1145.54	9387	130.377
RCHGF002256	390	160.976	2154	212.897
RCHGF002257	147	21.9659	100	72.4328
RCHGF002258	2811	2558.54	1566	9.7383
RCHGF002259	474	230.974	1019	70.1932
RCHGF002260	288	87.7711	81	14.6831
RCHGF002261	1344	1091.54	185	2.69659
RCHGF002262	174	31.2358	9	4.58431
RCHGF002263	987	734.542	120	2.59925
RCHGF002264	645	393.311	86	3.47894
RCHGF002265	1038	785.542	109	2.2077
RCHGF002266	1326	1073.54	2250	33.3463
RCHGF002267	780	527.632	320	9.64945
RCHGF002268	666	413.983	253	9.72349
RCHGF002269	444	205.066	163	12.6467
RCHGF002270	846	593.592	1204	32.2717
RCHGF002271	195	39.5184	14	5.63653
RCHGF002272	213	46.8167	267	90.7391
RCHGF002273	195	39.5184	68	27.3774
RCHGF002274	408	175.23	261	23.6983
RCHGF002275	1101	848.542	3840	72.0015
RCHGF002276	1353	1100.54	1108	16.0183
RCHGF002277	984	731.542	632.177	13.7494
RCHGF002279	1083	830.542	13122.8	251.391
RCHGF002280	120	16.8418	127	119.977
RCHGF002281	1815	1562.54	22006	224.075
RCHGF002282	135	19.0072	60	50.2246
RCHGF002283	426	190.018	748	62.6311
RCHGF002284	648	396.287	1193	47.8977
RCHGF002285	1968	1715.54	588	5.4533
RCHGF002286	771	518.658	182	5.58308
RCHGF002287	993	740.542	263	5.65054
RCHGF002288	687	434.902	282	10.3167
RCHGF002289	555	305.948	894	46.4916
RCHGF002290	744	491.744	20827	673.863
RCHGF002291	1176	923.542	22222	382.834
RCHGF002292	1578	1325.54	1797	21.5694
RCHGF002293	267	75.2403	24	5.0751
RCHGF002294	366	142.402	41	4.5809
RCHGF002295	114	15.9916	8	7.95943
RCHGF002296	228	53.3546	41	12.2263
RCHGF002297	1512	1259.54	12904	163.003
RCHGF002299	504	258.24	283	17.436
RCHGF002300	912	659.562	744	17.9474
RCHGF002301	1800	1547.54	1351	13.8898
RCHGF002302	711	458.79	711	24.6569
RCHGF002303	816	563.616	164	4.62961
RCHGF002304	750	497.724	145	4.63515
RCHGF002305	474	230.974	53	3.65087
RCHGF002306	393	163.446	65	6.32736
RCHGF002307	1161	908.542	182	3.18721
RCHGF002308	705	452.8	85	2.98674
RCHGF002309	735	482.748	69	2.27411
RCHGF002310	495	250.105	406	25.8278
RCHGF002311	126	17.6381	4	3.60821
RCHGF002312	813	560.616	1762	50.0063
RCHGF002313	1236	983.542	853	13.7988
RCHGF002314	657	405.06	235	9.23066
RCHGF002315	138	19.6481	207	167.623
RCHGF002316	546	297.395	397	21.2393
RCHGF002317	2274	2021.54	1273	10.0191
RCHGF002318	459	217.945	111	8.10325
RCHGF002319	771	518.658	289	8.86544
RCHGF002320	816	563.616	347	9.79558
RCHGF002321	966	713.542	406	9.05295
RCHGF002322	1002	749.542	708	15.0287
RCHGF002323	501	255.564	15	0.933845
RCHGF002324	1308	1055.54	178	2.68305
RCHGF002325	1515	1262.54	623	7.85102
RCHGF002326	660	407.995	174	6.78545
RCHGF002327	1062	809.542	924	18.16
RCHGF002328	1404	1151.54	467	6.45239
RCHGF002329	726	473.748	456	15.3144
RCHGF002330	687	434.902	430	15.7312
RCHGF002331	1227	974.542	650	10.612
RCHGF002332	705	452.8	813	28.5672
RCHGF002333	417	182.649	129	11.2371
RCHGF002334	921	668.549	160	3.80777
RCHGF002335	960	707.542	109	2.45108
RCHGF002336	1383	1130.54	169	2.37839
RCHGF002337	855	602.562	102	2.69328
RCHGF002338	510	263.815	59	3.55824
RCHGF002339	891	638.562	1058	26.3613
RCHGF002340	648	396.287	104	4.17549
RCHGF002341	399	168.216	78	7.37754
RCHGF002342	411	177.731	33	2.95416
RCHGF002343	819	566.616	96	2.69567
RCHGF002344	762	509.663	133	4.15195
RCHGF002345	474	230.974	79	5.44186
RCHGF002346	1020	767.542	174	3.60687
RCHGF002347	2088	1835.54	1030	8.92805
RCHGF002348	162	26.9488	23	13.5791
RCHGF002349	843	590.61	656	17.672
RCHGF002350	1458	1205.54	214	2.82433
RCHGF002351	633	381.586	88	3.66922
RCHGF002352	1086	833.542	136	2.59594
RCHGF002353	1026	773.542	123	2.52991
RCHGF002354	1248	995.542	283	4.52283
RCHGF002355	1443	1190.54	290	3.87558
RCHGF002356	654	402.1	82	3.24462
RCHGF002357	1437	1184.54	225	3.02215
RCHGF002358	336	120.138	21	2.78114
RCHGF002359	1251	998.542	358	5.70427
RCHGF002360	312	103.344	2247	345.941
RCHGF002361	1926	1673.54	605	5.75178
RCHGF002362	828	575.616	176	4.86479
RCHGF002363	147	21.9659	22033	15959.1
RCHGF002364	174	31.2358	8148	4150.33
RCHGF002365	144	21.1656	13	9.7723
RCHGF002366	114	15.9916	180	179.087
RCHGF002367	564	314.561	591	29.8928
RCHGF002368	762	509.663	424	13.2363
RCHGF002369	870	617.562	271	6.98188
RCHGF002370	1911	1658.54	1281	12.2887
RCHGF002371	690	437.88	309	11.2276
RCHGF002372	117	16.4579	12	11.6009
RCHGF002373	1359	1106.54	764	10.9852
RCHGF002374	327	113.821	391	54.6559
RCHGF002375	522	274.922	925	53.5324
RCHGF002376	1062	809.542	280	5.50304
RCHGF002377	1089	836.542	212	4.0321
RCHGF002378	1461	1208.54	219	2.88314
RCHGF002379	1803	1550.54	198	2.03173
RCHGF002380	327	113.821	33	4.61291
RCHGF002381	318	107.475	31	4.58921
RCHGF002382	1092	839.542	200	3.79028
RCHGF002383	954	701.542	412	9.34388
RCHGF002384	1107	854.542	219	4.0775
RCHGF002385	741	488.748	149	4.85048
RCHGF002386	1095	842.542	1071	20.2247
RCHGF002388	1371	1118.54	2139	30.4258
RCHGF002389	1197	944.542	3126	52.6564
RCHGF002390	819	566.616	703	19.7401
RCHGF002391	879	626.562	2841	72.1424
RCHGF002392	717	464.786	1832	62.7128
RCHGF002393	690	437.88	542	19.6937
RCHGF002394	369	144.576	1639	180.371
RCHGF002395	1185	932.542	216	3.68527
RCHGF002396	2010	1757.54	3043	27.5474
RCHGF002397	606	355.07	1072	48.0358
RCHGF002398	117	16.4579	329	318.058
RCHGF002399	519	272.138	481	28.1216
RCHGF002400	834	581.61	781	21.365
RCHGF002401	606	355.07	196	8.78266
RCHGF002402	1224	971.542	378	6.19033
RCHGF002403	486	241.737	158	10.3992
RCHGF002404	1155	902.542	171	3.01448
RCHGF002405	486	241.737	1818	119.656
RCHGF002406	1167	914.542	8941	155.549
RCHGF002407	900	647.562	9936	244.126
RCHGF002408	1374	1121.54	327	4.63891
RCHGF002409	1485	1232.54	299	3.8597
RCHGF002410	813	560.616	89	2.52585
RCHGF002411	1116	863.542	122	2.24781
RCHGF002412	630	378.689	85	3.57125
RCHGF002413	117	16.4579	1	0.966742
RCHGF002414	621	369.749	76	3.27032
RCHGF002415	1008	755.542	173	3.6431
RCHGF002416	630	378.689	116	4.87371
RCHGF002417	666	413.983	109	4.18917
RCHGF002418	2076	1823.54	527	4.5981
RCHGF002419	996	743.542	142	3.03855
RCHGF002420	669	416.983	32	1.221
RCHGF002421	1377	1124.54	121	1.71196
RCHGF002422	282	84.0964	21	3.97307
RCHGF002423	282	84.0964	16	3.0271
RCHGF002424	462	220.474	54	3.8969
RCHGF002425	147	21.9659	5	3.62164
RCHGF002426	591	340.47	849	39.6746
RCHGF002427	201	41.688	1382	527.45
RCHGF002428	945	692.542	13814.9	317.384
RCHGF002429	1482	1229.54	1150	14.8812
RCHGF002430	891	638.562	432	10.7638
RCHGF002431	372	146.895	199	21.5542
RCHGF002432	1062	809.542	1130	22.2087
RCHGF002433	528	280.538	123	6.97584
RCHGF002434	543	294.485	61	3.29573
RCHGF002435	774	521.632	722	22.022
RCHGF002436	1323	1070.54	137	2.03611
RCHGF002437	1572	1319.54	192	2.31506
RCHGF002438	303	97.4106	181	29.5635
RCHGF002439	117	16.4579	37	35.7695
RCHGF002440	309	101.459	454	71.1952
RCHGF002441	534	286.068	960	53.3932
RCHGF002442	519	272.138	48	2.80631
RCHGF002443	168	29.0065	23	12.6159
RCHGF002444	189	37.206	55	23.5198
RCHGF002445	1971	1718.54	2942	27.2374
RCHGF002447	123	17.1772	13	12.0414
RCHGF002448	1251	998.542	1794	28.5851
RCHGF002449	237	57.8452	106	29.1556
RCHGF002450	1056	803.542	239	4.73231
RCHGF002451	1719	1466.54	312	3.38488
RCHGF002452	300	95.4162	18	3.00147
RCHGF002453	588	337.606	1137	53.5839
RCHGF002454	858	605.562	2992	78.6116
RCHGF002455	318	107.475	275	40.7108
RCHGF002456	324	111.78	798	113.586
RCHGF002457	195	39.5184	92	37.0401
RCHGF002458	792	539.632	1614	47.5871
RCHGF002459	513	266.667	706	42.123
RCHGF002460	606	355.07	3094	138.641
RCHGF002461	1482	1229.54	3200	41.4086
RCHGF002462	309	101.459	172	26.9726
RCHGF002463	693	440.88	216	7.79502
RCHGF002464	927	674.549	494	11.6519
RCHGF002465	393	163.446	62	6.03533
RCHGF002466	798	545.616	129	3.76172
RCHGF002467	984	731.542	176	3.82787
RCHGF002468	714	461.79	73	2.51514
RCHGF002469	813	560.616	103	2.92318
RCHGF002470	747	494.724	69	2.21907
RCHGF002471	465	223.113	62	4.4213
RCHGF002472	744	491.744	80	2.58842
RCHGF002473	729	476.748	142	4.73896
RCHGF002474	957	704.542	174	3.9294
RCHGF002475	852	599.574	145	3.84777
RCHGF002476	180	33.4335	3	1.42765
RCHGF002477	276	80.5297	1215	240.051
RCHGF002478	1422	1169.54	435	5.91776
RCHGF002479	456	215.383	527	38.9299
RCHGF002480	2031	1778.54	800	7.15665
RCHGF002481	597	346.298	277	12.7266
RCHGF002482	867	614.562	17951	464.736
RCHGF002483	126	17.6381	2	1.8041
RCHGF002484	318	107.475	579	85.7147
RCHGF002485	120	16.8418	126	119.032
RCHGF002487	1449	1196.54	3951	52.5367
RCHGF002489	1064	811.542	507.574	9.95112
RCHGF002491	798	545.616	115	3.35347
RCHGF002492	1851	1598.54	327	3.25467
RCHGF002493	354	133.477	33	3.9336
RCHGF002494	537	288.862	25	1.377
RCHGF002495	546	297.395	86	4.60096
RCHGF002496	402	170.564	55	5.13048
RCHGF002497	381	153.835	25	2.58564
RCHGF002498	387	158.593	27	2.70871
RCHGF002500	624	372.723	270.457	11.5451
RCHGF002501	291	89.5967	71.4085	12.6807
RCHGF002502	114	15.9916	92	91.5334
RCHGF002503	2013	1760.54	784	7.08522
RCHGF002504	234	56.1901	19	5.37994
RCHGF002505	759	506.663	445	13.9741
RCHGF002506	534	286.068	379	21.0792
RCHGF002507	1227	974.542	583	9.51813
RCHGF002508	177	32.1816	42	20.7647
RCHGF002509	270	76.9854	237	48.9806
RCHGF002510	384	156.342	698	71.0335
RCHGF002511	918	665.562	438	10.4705
RCHGF002512	1638	1385.54	3152	36.1951
RCHGF002513	717	464.786	752	25.7424
RCHGF002515	1695	1442.54	1169	12.8935
RCHGF002516	1263	1010.54	2300	36.2124
RCHGF002517	492	247.276	267	17.1796
RCHGF002518	1077	824.542	1997	38.5344
RCHGF002519	1149	896.542	2952	52.3877
RCHGF002520	156	25.0854	72	45.6662
RCHGF002522	411	177.731	151	13.5175
RCHGF002523	1083	830.542	1717	32.8922
RCHGF002524	465	223.113	167	11.909
RCHGF002526	1317	1064.54	820	12.2556
RCHGF002527	1104	851.542	4749	88.7319
RCHGF002529	237	57.8452	268	73.7142
RCHGF002530	417	182.649	56	4.87814
RCHGF002531	339	122.242	35	4.55544
RCHGF002532	219	49.6064	72	23.0929
RCHGF002533	618	366.808	362.408	15.7197
RCHGF002534	1140	887.542	91.4172	1.63879
RCHGF002535	204	42.9052	8	2.96663
RCHGF002536	1191	938.542	7102	120.396
RCHGF002537	1170	917.542	861	14.93
RCHGF002538	1374	1121.54	755	10.7106
RCHGF002539	627	375.711	226	9.57057
RCHGF002540	1926	1673.54	553	5.25741
RCHGF002541	1926	1673.54	466	4.4303
RCHGF002542	1179	926.542	2169	37.2459
RCHGF002543	909	656.562	5613	136.02
RCHGF002544	450	210.089	1884	142.679
RCHGF002545	615	363.962	1354	59.1898
RCHGF002546	597	346.298	634	29.1288
RCHGF002547	1944	1691.54	446	4.19504
RCHGF002548	114	15.9916	8	7.95943
RCHGF002549	1245	992.542	1025	16.4308
RCHGF002550	2163	1910.54	1664	13.8574
RCHGF002551	2070	1817.54	1641	14.3651
RCHGF002552	594	343.326	305	14.1344
RCHGF002553	39	10.2143	5	7.78836
RCHGF002554	3486	3233.54	5176	25.4683
RCHGF002555	804	551.616	172	4.96107
RCHGF002556	693	440.88	127	4.58318
RCHGF002557	1287	1034.54	232	3.56799
RCHGF002558	1413	1160.54	575	7.88298
RCHGF002559	300	95.4162	280	46.6895
RCHGF002560	480	236.557	1558	104.789
RCHGF002561	111	15.1988	3	3.14047
RCHGF002562	690	437.88	426	15.4788
RCHGF002563	165	28.0033	75	42.6125
RCHGF002564	234	56.1901	1521	430.679
RCHGF002565	825	572.616	677	18.8109
RCHGF002566	1026	773.542	593	12.197
RCHGF002567	774	521.632	166	5.06323
RCHGF002568	462	220.474	1088	78.5154
RCHGF002569	2055	1802.54	1121	9.89473
RCHGF002570	876	623.562	5218	133.14
RCHGF002571	465	223.113	140	9.98359
RCHGF002572	1911	1658.54	1363	13.0753
RCHGF002573	321	109.645	106	15.3815
RCHGF002574	1284	1031.54	258	3.97939
RCHGF002575	336	120.138	34	4.5028
RCHGF002576	1449	1196.54	201	2.67271
RCHGF002577	1509	1256.54	2339	29.6167
RCHGF002578	690	437.88	785	28.5232
RCHGF002579	1302	1049.54	767	11.6273
RCHGF002580	675	422.949	193	7.26028
RCHGF002581	1305	1052.54	446	6.74185
RCHGF002582	975	722.542	1344	29.5951
RCHGF002583	147	21.9659	107385	77782
RCHGF002584	456	215.383	2348	173.449
RCHGF002585	309	101.459	6618	1037.82
RCHGF002586	456	215.383	533	39.3731
RCHGF002587	225	51.8354	150	46.0414
RCHGF002588	669	416.983	412	15.7204
RCHGF002589	288	87.7711	41	7.43218
RCHGF002590	1068	815.542	340	6.6331
RCHGF002591	777	524.632	522	15.8307
RCHGF002592	168	29.0065	24	13.1644
RCHGF002593	435	197.516	168	13.5329
RCHGF002594	906	653.562	371	9.03172
RCHGF002595	2418	2165.54	741	5.44422
RCHGF002596	114	15.9916	20	19.8986
RCHGF002597	1278	1025.54	1039	16.1193
RCHGF002598	1050	797.542	155	3.09216
RCHGF002599	312	103.344	31	4.77266
RCHGF002600	477	233.668	14	0.953263
RCHGF002601	1917	1664.54	291	2.78152
RCHGF002602	609	358.038	51	2.26634
RCHGF002603	759	506.663	1150	36.1129
RCHGF002604	192	38.4307	24	9.93611
RCHGF002605	660	407.995	114	4.44564
RCHGF002606	696	443.875	96	3.44107
RCHGF002607	1734	1481.54	619	6.64753
RCHGF002608	1623	1370.54	283	3.28532
RCHGF002609	2346	2093.54	482	3.6631
RCHGF002610	723	470.758	82	2.77141
RCHGF002611	1311	1058.54	190	2.85581
RCHGF002612	759	506.663	153	4.80458
RCHGF002613	1422	1169.54	403	5.48243
RCHGF002614	666	413.983	195	7.49439
RCHGF002615	132	18.4886	56	48.1913
RCHGF002616	933	680.542	1328.3	31.0545
RCHGF002617	480	236.557	520	34.9745
RCHGF002618	138	19.6481	101	81.7869
RCHGF002619	201	41.688	112	42.7456
RCHGF002620	111	15.1988	18	18.8428
RCHGF002621	417	182.649	1139	99.2179
RCHGF002622	111	15.1988	9	9.42141
RCHGF002623	894	641.562	188	4.66233
RCHGF002624	2268	2015.54	612	4.83107
RCHGF002625	747	494.724	140	4.50245
RCHGF002626	351	131.284	45	5.45363
RCHGF002627	177	32.1816	23	11.3711
RCHGF002628	1182	929.542	312	5.34034
RCHGF002629	597	346.298	104	4.77823
RCHGF002630	264	73.4953	136	29.4417
RCHGF002631	1611	1358.54	1938	22.6968
RCHGF002632	1212	959.542	140	2.32139
RCHGF002633	465	223.113	119	8.48605
RCHGF002634	1203	950.542	185	3.09659
RCHGF002635	633	381.586	99	4.12787
RCHGF002636	1098	845.542	155	2.91662
RCHGF002638	225	51.8354	59	18.1096
RCHGF002639	561	311.718	555	28.3279
RCHGF002640	618	366.808	109	4.72794
RCHGF002641	288	87.7711	370	67.0709
RCHGF002642	783	530.632	1695	50.823
RCHGF002643	2352	2099.54	1941	14.7091
RCHGF002645	1398	1145.54	1918	26.6392
RCHGF002646	1995	1742.54	2259	20.6261
RCHGF002647	792	539.632	372	10.968
RCHGF002648	147	21.9659	121	87.6437
RCHGF002649	2316	2063.54	2273	17.5255
RCHGF002650	771	518.658	611	18.7432
RCHGF002651	1314	1061.54	983	14.7333
RCHGF002652	816	563.616	477	13.4654
RCHGF002653	483	239.114	61	4.0589
RCHGF002654	141	20.3282	17	13.3056
RCHGF002655	387	158.593	9964	999.615
RCHGF002656	1023	770.542	3585	74.0247
RCHGF002657	435	197.516	11996	966.315
RCHGF002658	2577	2324.54	3652	24.9964
RCHGF002659	624	372.723	205	8.75088
RCHGF002660	357	135.682	817	95.8037
RCHGF002661	1152	899.542	1301	23.0112
RCHGF002662	1344	1091.54	242	3.52743
RCHGF002663	531	283.347	1380	77.4897
RCHGF002664	906	653.562	537	13.0729
RCHGF002665	942	689.542	1415	32.6497
RCHGF002666	618	366.808	3889	168.688
RCHGF002667	1035	782.542	155	3.15143
RCHGF002668	849	596.592	68	1.81349
RCHGF002669	159	26.0972	1	0.609663
RCHGF002670	321	109.645	31	4.49837
RCHGF002671	324	111.78	165	23.4857
RCHGF002672	759	506.663	164	5.15001
RCHGF002673	717	464.786	360	12.3235
RCHGF002674	621	369.749	148	6.36853
RCHGF002675	609	358.038	124	5.51032
RCHGF002676	1032	779.542	337	6.87819
RCHGF002677	1281	1028.54	388	6.00196
RCHGF002678	630	378.689	170	7.1425
RCHGF002679	1122	869.542	931	17.035
RCHGF002681	336	120.138	165	21.8518
RCHGF002682	354	133.477	187	22.2904
RCHGF002683	726	473.748	250	8.39607
RCHGF002684	249	64.6179	65	16.0046
RCHGF002685	1323	1070.54	1342	19.9449
RCHGF002686	813	560.616	567	16.0917
RCHGF002687	114	15.9916	43	42.7819
RCHGF002688	597	346.298	172	7.90245
RCHGF002689	1902	1649.54	1172	11.3044
RCHGF002690	1203	950.542	615	10.2941
RCHGF002691	123	17.1772	11	10.1888
RCHGF002692	1125	872.542	201	3.66516
RCHGF002693	159	26.0972	26	15.8512
RCHGF002694	2169	1916.54	2309	19.1686
RCHGF002695	864	611.562	1305	33.9511
RCHGF002696	153	23.983	64	42.4582
RCHGF002697	1152	899.542	241	4.26265
RCHGF002698	1569	1316.54	250	3.02127
RCHGF002699	708	455.8	69	2.40857
RCHGF002700	1524	1271.54	244	3.05311
RCHGF002701	573	323.169	58	2.8555
RCHGF002702	168	29.0065	126	69.1129
RCHGF002703	426	190.018	428	35.837
RCHGF002704	174	31.2358	95	48.3899
RCHGF002705	567	317.446	1725	86.4575
RCHGF002706	129	18.1027	363	319.042
RCHGF002707	1830	1577.54	4954	49.9642
RCHGF002708	2139	1886.54	955	8.05417
RCHGF002709	708	455.8	206	7.1908
RCHGF002710	648	396.287	104	4.17549
RCHGF002711	126	17.6381	6	5.41231
RCHGF002712	162	26.9488	2	1.18079
RCHGF002713	774	521.632	514	15.6777
RCHGF002714	2310	2057.54	2140	16.5481
RCHGF002715	456	215.383	114	8.42127
RCHGF002716	765	512.663	335	10.3967
RCHGF002717	489	244.503	2235	145.438
RCHGF002718	114	15.9916	32	31.8377
RCHGF002719	495	250.105	113	7.18852
RCHGF002720	885	632.562	2391	60.1395
RCHGF002721	144	21.1656	41	30.8203
RCHGF002722	654	402.1	158	6.25183
RCHGF002723	693	440.88	407	14.6878
RCHGF002724	1326	1073.54	943	13.9758
RCHGF002725	384	156.342	2243	228.264
RCHGF002726	1278	1025.54	1920	29.7873
RCHGF002727	189	37.206	341	145.823
RCHGF002728	1053	800.542	1614	32.0777
RCHGF002729	150	22.8766	11	7.65042
RCHGF002730	1239	986.542	774	12.4827
RCHGF002731	171	30.1573	6	3.1655
RCHGF002732	765	512.663	661	20.5141
RCHGF002733	141	20.3282	40	31.3072
RCHGF002734	921	668.549	130	3.09381
RCHGF002735	819	566.616	890	24.9911
RCHGF002736	510	263.815	2819	170.012
RCHGF002737	126	17.6381	234	211.08
RCHGF002738	306	99.3408	1707	273.394
RCHGF002739	312	103.344	635	97.7626
RCHGF002740	1614	1361.54	2032	23.7452
RCHGF002741	147	21.9659	16	11.5892
RCHGF002742	3231	2978.54	4684	25.0206
RCHGF002743	120	16.8418	14	13.2258
RCHGF002744	1491	1238.54	154	1.97831
RCHGF002745	513	266.667	450	26.8489
RCHGF002746	1020	767.542	6127	127.007
RCHGF002747	651	399.136	213	8.49068
RCHGF002748	1749	1496.54	3909	41.5586
RCHGF002749	1512	1259.54	598	7.55392
RCHGF002750	1473	1220.54	466	6.07459
RCHGF002751	978	725.542	362	7.93834
RCHGF002752	1566	1313.54	6657	80.634
RCHGF002753	1698	1445.54	13817	152.078
RCHGF002754	192	38.4307	147	60.8587
RCHGF002755	981	728.542	3144	68.6612
RCHGF002756	996	743.542	3402	72.7968
RCHGF002757	912	659.562	1831	44.1689
RCHGF002758	978	725.542	2074	45.481
RCHGF002759	1698	1445.54	29734	327.27
RCHGF002760	1203	950.542	6297	105.401
RCHGF002761	348	129.019	202	24.9104
RCHGF002762	1416	1163.54	404	5.52437
RCHGF002763	1065	812.542	273	5.34565
RCHGF002764	996	743.542	841	17.9959
RCHGF002765	1863	1610.54	1833	18.1082
RCHGF002766	1290	1037.54	2314	35.4847
RCHGF002767	834	581.61	955	26.1249
RCHGF002768	957	704.542	2156.85	48.7076
RCHGF002769	216	48.2395	43095	14213.7
RCHGF002770	330	115.902	57722	7923.79
RCHGF002771	321	109.645	2006	291.088
RCHGF002772	621	369.749	580	24.9577
RCHGF002773	1380	1127.54	3726	52.5768
RCHGF002775	414	180.207	174	15.3624
RCHGF002776	189	37.206	877	375.034
RCHGF002777	726	473.748	126	4.23162
RCHGF002778	672	419.966	3309	125.362
RCHGF002779	567	317.446	440	22.0529
RCHGF002780	1104	851.542	1786	33.3702
RCHGF002781	153	23.983	68	45.1118
RCHGF002782	921	668.549	745	17.7299
RCHGF002783	585	334.68	107	5.08672
RCHGF002784	951	698.542	197	4.48701
RCHGF002785	1548	1295.54	9563	117.443
RCHGF002786	129	18.1027	3	2.63671
RCHGF002787	900	647.562	439	10.7862
RCHGF002788	777	524.632	189	5.73179
RCHGF002789	633	381.586	202	8.42253
RCHGF002790	873	620.562	277	7.10196
RCHGF002791	144	21.1656	285	214.239
RCHGF002792	1833	1580.54	999	10.0564
RCHGF002793	822	569.616	655	18.2954
RCHGF002794	1317	1064.54	4757	71.0975
RCHGF002795	969	716.542	5233	116.196
RCHGF002796	117	16.4579	14	13.5344
RCHGF002797	999	746.542	9076	193.43
RCHGF002798	690	437.88	9640	350.272
RCHGF002799	180	33.4335	27	12.8489
RCHGF002800	561	311.718	406	20.7228
RCHGF002801	786	533.632	2164	64.5207
RCHGF002802	360	137.874	2665	307.537
RCHGF002803	339	122.242	4185	544.701
RCHGF002804	120	16.8418	10	9.44701
RCHGF002805	1779	1526.54	2369	24.6911
RCHGF002806	1728	1475.54	2030	21.8891
RCHGF002807	813	560.616	293	8.31546
RCHGF002808	891	638.562	515	12.8318
RCHGF002809	465	223.113	82	5.84753
RCHGF002810	657	405.06	146	5.73479
RCHGF002811	1422	1169.54	185	2.51675
RCHGF002812	999	746.542	245	5.2215
RCHGF002813	156	25.0854	8	5.07402
RCHGF002814	1932	1679.54	1016	9.62469
RCHGF002815	960	707.542	1943.95	43.7136
RCHGF002816	129	18.1027	59	51.8554
RCHGF002817	267	75.2403	373	78.8755
RCHGF002818	555	305.948	101	5.2524
RCHGF002819	501	255.564	110	6.8482
RCHGF002820	537	288.862	565	31.1202
RCHGF002821	300	95.4162	73	12.1726
RCHGF002822	264	73.4953	219	47.4098
RCHGF002823	141	20.3282	31	24.2631
RCHGF002824	336	120.138	41	5.42985
RCHGF002825	300	95.4162	926	154.409
RCHGF002826	690	437.88	1050	38.1521
RCHGF002827	819	566.616	496	13.9276
RCHGF002828	843	590.61	303	8.16254
RCHGF002829	774	521.632	334	10.1875
RCHGF002830	420	185.12	4522	388.652
RCHGF002831	276	80.5297	1140	225.233
RCHGF002832	195	39.5184	25	10.0652
RCHGF002834	540	291.668	126	6.8733
RCHGF002835	460	218.787	260	18.9076
RCHGF002837	876	623.562	102	2.60258
RCHGF002838	720	467.763	88	2.99324
RCHGF002839	1131	878.542	171	3.09683
RCHGF002840	1011	758.542	431	9.04027
RCHGF002841	294	91.4993	880	153.02
RCHGF002842	171	30.1573	0	0
RCHGF002843	642	390.393	55	2.24153
RCHGF002844	1968	1715.54	605	5.61097
RCHGF002845	396	165.82	122	11.7059
RCHGF002846	609	358.038	101	4.48824
RCHGF002847	720	467.763	447	15.2043
RCHGF002848	507	261.123	153	9.32245
RCHGF002849	120	16.8418	257	242.788
RCHGF002850	1290	1037.54	787	12.0685
RCHGF002851	1245	992.542	843	13.5133
RCHGF002852	777	524.632	572	17.347
RCHGF002853	2166	1913.54	1301	10.8174
RCHGF002854	189	37.206	5	2.13816
RCHGF002855	174	31.2358	2	1.01874
RCHGF002856	342	124.548	23	2.93816
RCHGF002857	651	399.136	373	14.8687
RCHGF002858	1785	1532.54	1261	13.0914
RCHGF002859	603	352.151	810	36.5965
RCHGF002860	141	20.3282	13	10.1748
RCHGF002861	1377	1124.54	160	2.26375
RCHGF002862	672	419.966	899	34.0588
RCHGF002863	1149	896.542	2054	36.4513
RCHGF002864	120	16.8418	4	3.7788
RCHGF002865	762	509.663	213	6.64936
RCHGF002866	363	140.116	24	2.72526
RCHGF002867	771	518.658	138	4.23332
RCHGF002868	642	390.393	206	8.39555
RCHGF002869	279	82.3708	53	10.2373
RCHGF002870	195	39.5184	24	9.66263
RCHGF002871	459	217.945	616	44.9694
RCHGF002872	249	64.6179	442	108.831
RCHGF002873	150	22.8766	46	31.9927
RCHGF002874	522	274.922	153	8.85455
RCHGF002875	114	15.9916	2	1.98986
RCHGF002876	387	158.593	161	16.1519
RCHGF002877	111	15.1988	227	237.629
RCHGF002878	444	205.066	260	20.1727
RCHGF002879	351	131.284	66	7.99866
RCHGF002880	255	68.1712	55	12.8365
RCHGF002881	156	25.0854	106	67.2308
RCHGF002882	267	75.2403	1029	217.595
RCHGF002883	453	212.7	342	25.5825
RCHGF002884	354	133.477	66	7.86721
RCHGF002885	324	111.78	45	6.4052
RCHGF002886	162	26.9488	14	8.26555
RCHGF002887	441	202.567	40	3.14178
RCHGF002888	375	149.179	45	4.79942
RCHGF002889	126	17.6381	36	32.4739
RCHGF002890	123	17.1772	4	3.70503
RCHGF002891	1338	1085.54	4558	66.8054
RCHGF002892	2868	2615.54	3315	20.1653
RCHGF002893	2349	2096.54	1956	14.8439
RCHGF002894	2010	1757.54	1845	16.7022
RCHGF002895	1743	1490.54	3979	42.473
RCHGF002896	1806	1553.54	653	6.68766
RCHGF002897	678	425.949	719	26.8569
RCHGF002898	177	32.1816	83	41.0349
RCHGF002899	792	539.632	1154	34.0245
RCHGF002900	1368	1115.54	3254	46.4104
RCHGF002901	111	15.1988	7	7.32777
RCHGF002902	1512	1259.54	5430	68.5916
RCHGF002903	906	653.562	1221	29.7244
RCHGF002904	1929	1676.54	1873	17.7749
RCHGF002905	2220	1967.54	1456	11.7739
RCHGF002906	1737	1484.54	218	2.3364
RCHGF002907	669	416.983	64	2.442
RCHGF002908	702	449.818	45	1.5917
RCHGF002909	1110	857.542	1075	19.9451
RCHGF002910	597	346.298	4066	186.81
RCHGF002911	273	78.8296	602	121.504
RCHGF002912	687	434.902	3999	146.3
RCHGF002913	135	19.0072	18	15.0674
RCHGF002914	177	32.1816	17	8.40475
RCHGF002915	246	62.9612	2048	517.537
RCHGF002916	555	305.948	178	9.25671
RCHGF002917	180	33.4335	8	3.80708
RCHGF002918	762	509.663	1522	47.5133
RCHGF002919	306	99.3408	97	15.5356
RCHGF002920	510	263.815	83	5.00566
RCHGF002921	660	407.995	132	5.14758
RCHGF002922	780	527.632	1596	48.1266
RCHGF002923	318	107.475	402	59.5117
RCHGF002924	216	48.2395	95	31.3332
RCHGF002925	657	405.06	1014	39.8293
RCHGF002926	699	446.818	1688	60.1071
RCHGF002927	270	76.9854	608	125.655
RCHGF002928	906	653.562	5980	145.579
RCHGF002929	1584	1331.54	2260	27.0046
RCHGF002930	783	530.632	1454	43.5968
RCHGF002931	975	722.542	1412	31.0925
RCHGF002932	597	346.298	87	3.99717
RCHGF002933	711	458.79	2611	90.5475
RCHGF002934	1053	800.542	3017	59.9618
RCHGF002935	1101	848.542	749	14.044
RCHGF002936	1068	815.542	625	12.1932
RCHGF002937	1134	881.542	5474	98.7974
RCHGF002938	2376	2123.54	4690	35.1395
RCHGF002939	681	428.932	107	3.96898
RCHGF002940	675	422.949	1543	58.0446
RCHGF002941	1395	1142.54	1846	25.7065
RCHGF002942	186	35.9567	32	14.1597
RCHGF002943	534	286.068	14048	781.32
RCHGF002944	231	54.7559	751	218.219
RCHGF002945	114	15.9916	0	0
RCHGF002946	2091	1838.54	3827	33.1183
RCHGF002947	1671	1418.54	815	9.14111
RCHGF002948	129	18.1027	3	2.63671
RCHGF002949	1665	1412.54	802	9.03351
RCHGF002950	471	228.355	368	25.6402
RCHGF002951	474	230.974	536	36.922
RCHGF002952	522	274.922	123	7.11836
RCHGF002953	1200	947.542	2061	34.6069
RCHGF002954	1647	1394.54	2058	23.48
RCHGF002955	729	476.748	1295	43.218
RCHGF002956	738	485.748	5886	192.794
RCHGF002957	324	111.78	2507	356.841
RCHGF002958	342	124.548	2536	323.965
RCHGF002959	435	197.516	741	59.6899
RCHGF002960	963	710.542	4740	106.138
RCHGF002961	858	605.562	2211	58.0916
RCHGF002962	132	18.4886	22	18.9323
RCHGF002963	699	446.818	5885	209.556
RCHGF002964	750	497.724	915	29.2494
RCHGF002965	825	572.616	787	21.8673
RCHGF002966	444	205.066	398	30.8797
RCHGF002967	1197	944.542	1495	25.1828
RCHGF002968	114	15.9916	0	0
RCHGF002969	1698	1445.54	16485	181.444
RCHGF002970	1692	1439.54	2737	30.2506
RCHGF002971	1227	974.542	2255	36.8154
RCHGF002972	891	638.562	668	16.644
RCHGF002973	1395	1142.54	7882	109.761
RCHGF002974	1293	1040.54	772216	11807.6
RCHGF002975	1470	1217.54	1740	22.7378
RCHGF002976	2256	2003.54	4062	32.2571
RCHGF002977	609	358.038	592	26.3073
RCHGF002978	1983	1730.54	839	7.71371
RCHGF002979	861	608.562	415	10.8499
RCHGF002980	117	16.4579	16	15.4679
RCHGF002981	495	250.105	2226	141.607
RCHGF002982	693	440.88	267	9.63551
RCHGF002983	525	277.756	635	36.3742
RCHGF002984	120	16.8418	80	75.5761
RCHGF002985	216	48.2395	79	26.056
RCHGF002986	231	54.7559	1057	307.134
RCHGF002987	1005	752.542	1014	21.4383
RCHGF002988	561	311.718	14175	723.51
RCHGF002989	285	85.9244	53	9.81393
RCHGF002990	1362	1109.54	1759	25.2235
RCHGF002991	1170	917.542	1374	23.8256
RCHGF002992	882	629.562	165	4.16993
RCHGF002993	213	46.8167	6	2.03908
RCHGF002994	528	280.538	3364	190.786
RCHGF002995	159	26.0972	16	9.75461
RCHGF002996	993	740.542	238	5.11341
RCHGF002997	357	135.682	2302	269.939
RCHGF002998	111	15.1988	208	217.739
RCHGF002999	1200	947.542	3464	58.1652
RCHGF003000	762	509.663	340	10.614
RCHGF003001	213	46.8167	349	118.607
RCHGF003002	567	317.446	410	20.5493
RCHGF003003	573	323.169	441	21.7117
RCHGF003004	249	64.6179	3004	739.657
RCHGF003005	870	617.562	1300	33.4924
RCHGF003006	540	291.668	4226	230.528
RCHGF003007	744	491.744	224275	7256.48
RCHGF003008	2031	1778.54	1557	13.9286
RCHGF003009	585	334.68	119	5.65719
RCHGF003010	873	620.562	1161	29.7667
RCHGF003011	774	521.632	249	7.59484
RCHGF003012	729	476.748	227	7.57566
RCHGF003013	396	165.82	285	27.3458
RCHGF003014	390	160.976	315	31.134
RCHGF003015	855	602.562	115	3.03654
RCHGF003016	786	533.632	75	2.23616
RCHGF003017	786	533.632	68	2.02745
RCHGF003018	1104	851.542	199	3.71818
RCHGF003019	702	449.818	84	2.97116
RCHGF003020	426	190.018	283	23.696
RCHGF003021	1218	965.542	513	8.45337
RCHGF003022	915	662.562	628	15.0805
RCHGF003023	213	46.8167	82	27.8674
RCHGF003024	888	635.562	1013	25.3592
RCHGF003025	1320	1067.54	1496	22.2962
RCHGF003026	114	15.9916	27	26.8631
RCHGF003027	2595	2342.54	2016	13.6926
RCHGF003028	2040	1787.54	1730	15.3983
RCHGF003029	156	25.0854	18	11.4166
RCHGF003030	1632	1379.54	3014	34.761
RCHGF003031	417	182.649	4501	392.081
RCHGF003032	1203	950.542	655	10.9636
RCHGF003033	747	494.724	913	29.3624
RCHGF003034	1209	956.542	784	13.0405
RCHGF003035	3504	3251.54	100906	493.755
RCHGF003036	7287	7034.54	1419	3.20945
RCHGF003037	132	18.4886	21	18.0717
RCHGF003038	804	551.616	1684	48.5724
RCHGF003039	462	220.474	1198	86.4535
RCHGF003040	657	405.06	2364.27	92.867
RCHGF003041	306	99.3408	1592.73	255.093
RCHGF003042	2340	2087.54	2746	20.929
RCHGF003043	849	596.592	791	21.0952
RCHGF003044	768	515.663	1427	44.0293
RCHGF003045	318	107.475	1134	167.876
RCHGF003046	459	217.945	17663	1289.44
RCHGF003047	882	629.562	607	15.3403
RCHGF003048	1755	1502.54	15088	159.768
RCHGF003049	465	223.113	8622	614.846
RCHGF003050	111	15.1988	24	25.1238
RCHGF003051	132	18.4886	66	56.7969
RCHGF003052	198	40.6744	73287.7	28667.8
RCHGF003053	399	168.216	2842	268.807
RCHGF003054	1311	1058.54	300	4.50917
RCHGF003055	111	15.1988	25	26.1706
RCHGF003056	723	470.758	311	10.5111
RCHGF003057	306	99.3408	2919	467.509
RCHGF003058	873	620.562	302	7.74293
RCHGF003059	480	236.557	418	28.1142
RCHGF003060	855	602.562	1075	28.3851
RCHGF003061	720	467.763	13502	459.258
RCHGF003062	918	665.562	2199	52.5679
RCHGF003063	117	16.4579	15	14.5011
RCHGF003064	861	608.562	1486	38.8506
RCHGF003065	783	530.632	606	18.1703
RCHGF003066	1137	884.542	6077	109.309
RCHGF003067	1197	944.542	5019	84.5434
RCHGF003068	894	641.562	1051	26.0644
RCHGF003069	615	363.962	376	16.4368
RCHGF003070	273	78.8296	30	6.05502
RCHGF003071	804	551.616	261	7.52814
RCHGF003072	1080	827.542	154	2.96084
RCHGF003073	918	665.562	2804	67.0306
RCHGF003074	702	449.818	503	17.7916
RCHGF003075	198	40.6744	9	3.52051
RCHGF003076	138	19.6481	53	42.9179
RCHGF003077	1005	752.542	290	6.13128
RCHGF003078	225	51.8354	57	17.4957
RCHGF003079	1356	1103.54	1586	22.8664
RCHGF003080	267	75.2403	167	35.3142
RCHGF003081	513	266.667	605	36.0969
RCHGF003082	1119	866.542	674	12.3752
RCHGF003083	1098	845.542	862	16.2202
RCHGF003084	687	434.902	416	15.219
RCHGF003085	1005	752.542	1067	22.5589
RCHGF003086	111	15.1988	54	56.5285
RCHGF003087	927	674.549	5121	120.788
RCHGF003088	825	572.616	15939	442.875
RCHGF003089	2145	1892.54	3500	29.4243
RCHGF003090	633	381.586	1321	55.08
RCHGF003091	1131	878.542	756.713	13.7042
RCHGF003092	117	16.4579	180	174.014
RCHGF003093	135	19.0072	95	79.5222
RCHGF003094	1221	968.542	2177	35.7622
RCHGF003095	444	205.066	276	21.4141
RCHGF003096	282	84.0964	131	24.7844
RCHGF003097	432	194.981	313	25.5409
RCHGF003098	1224	971.542	1313	21.5024
RCHGF003099	315	105.457	279	42.0932
RCHGF003100	1239	986.542	2295	37.0127
RCHGF003101	582	331.774	698	33.4732
RCHGF003102	1422	1169.54	2343	31.8743
RCHGF003103	135	19.0072	18	15.0674
RCHGF003104	129	18.1027	65	57.1288
RCHGF003105	2601	2348.54	2313	15.6697
RCHGF003106	147	21.9659	23	16.6595
RCHGF003107	1350	1097.54	562	8.14702
RCHGF003108	708	455.8	215	7.50496
RCHGF003109	705	452.8	183	6.43027
RCHGF003110	627	375.711	203	8.59658
RCHGF003111	1416	1163.54	2494	34.1034
RCHGF003112	1791	1538.54	318	3.28853
RCHGF003113	1809	1556.54	298	3.04606
RCHGF003114	969	716.542	431	9.57016
RCHGF003115	687	434.902	265	9.6948
RCHGF003116	555	305.948	512	26.626
RCHGF003117	699	446.818	325	11.5728
RCHGF003118	2478	2225.54	832	5.948
RCHGF003119	387	158.593	7072	709.482
RCHGF003120	186	35.9567	3259	1442.07
RCHGF003121	750	497.724	610	19.4996
RCHGF003122	294	91.4993	299	51.9921
RCHGF003123	132	18.4886	37	31.8407
RCHGF003124	111	15.1988	57	59.669
RCHGF003125	1080	827.542	376	7.22905
RCHGF003126	1305	1052.54	734	11.0953
RCHGF003127	1470	1217.54	6150	80.3665
RCHGF003128	819	566.616	318	8.9294
RCHGF003129	477	233.668	244	16.614
RCHGF003130	4218	3965.54	4972	19.9486
RCHGF003131	120	16.8418	21	19.8387
RCHGF003132	213	46.8167	1270	431.605
RCHGF003133	1089	836.542	15040	286.051
RCHGF003134	927	674.549	6312	148.88
RCHGF003135	858	605.562	7018	184.39
RCHGF003136	216	48.2395	126	41.5577
RCHGF003137	1539	1286.54	2282	28.2212
RCHGF003138	1332	1079.54	362	5.33522
RCHGF003139	600	349.218	107	4.87496
RCHGF003140	1167	914.542	527	9.16834
RCHGF003142	4260	4007.54	4397	17.4567
RCHGF003143	621	369.749	188	8.08975
RCHGF003144	126	17.6381	20	18.041
RCHGF003145	1320	1067.54	2046	30.4933
RCHGF003146	558	308.737	5399	278.233
RCHGF003147	207	44.156	545	196.377
RCHGF003148	3858	3605.54	34581	152.599
RCHGF003149	4209	3956.54	31844	128.055
RCHGF003150	609	358.038	462	20.5304
RCHGF003151	369	144.576	75946	8357.82
RCHGF003152	519	272.138	21826	1276.05
RCHGF003154	684	431.928	8807	324.415
RCHGF003155	414	180.207	2995	264.428
RCHGF003156	123	17.1772	19	17.5989
RCHGF003157	114	15.9916	5	4.97464
RCHGF003158	966	713.542	923	20.581
RCHGF003159	819	566.616	328	9.2102
RCHGF003160	729	476.748	620	20.6912
RCHGF003161	1071	818.542	750	14.5782
RCHGF003162	1047	794.542	1173	23.489
RCHGF003163	1665	1412.54	2235	25.1744
RCHGF003164	1332	1079.54	177	2.60866
RCHGF003165	861	608.562	104	2.71902
RCHGF003166	1173	920.542	140	2.41974
RCHGF003167	732	479.748	92	3.05111
RCHGF003168	525	277.756	30	1.71847
RCHGF003169	183	34.6512	10	4.59161
RCHGF003170	111	15.1988	1	1.04682
RCHGF003171	600	349.218	49	2.23246
RCHGF003172	834	581.61	102	2.79031
RCHGF003173	378	151.436	24	2.52154
RCHGF003174	1281	1028.54	209	3.23302
RCHGF003175	285	85.9244	26	4.81438
RCHGF003176	438	200.115	71	5.64499
RCHGF003177	1971	1718.54	387	3.5829
RCHGF003178	126	17.6381	13	11.7267
RCHGF003179	1158	905.542	1978	34.7537
RCHGF003180	126	17.6381	5	4.51026
RCHGF003181	468	225.672	150	10.5754
RCHGF003182	1041	788.542	193	3.89418
RCHGF003183	807	554.616	224	6.42598
RCHGF003184	1968	1715.54	475	4.40531
RCHGF003185	813	560.616	496	14.0767
RCHGF003186	1056	803.542	246	4.87091
RCHGF003187	312	103.344	107	16.4734
RCHGF003188	459	217.945	397	28.9819
RCHGF003189	1200	947.542	578	9.70539
RCHGF003190	1620	1367.54	4744	55.1935
RCHGF003191	1407	1154.54	187	2.57701
RCHGF003192	336	120.138	27	3.57576
RCHGF003193	1254	1001.54	175	2.78005
RCHGF003194	303	97.4106	83	13.5568
RCHGF003195	1911	1658.54	410	3.93316
RCHGF003196	117	16.4579	96	92.8072
RCHGF003197	867	614.562	838	21.6951
RCHGF003198	246	62.9612	10	2.52703
RCHGF003199	324	111.78	179	25.4785
RCHGF003200	234	56.1901	78	22.0861
RCHGF003201	1041	788.542	1077	21.7307
RCHGF003202	1896	1643.54	819	7.92842
RCHGF003203	624	372.723	248	10.5864
RCHGF003204	972	719.542	1132	25.0308
RCHGF003205	1011	758.542	902	18.9195
RCHGF003206	936	683.542	602	14.0125
RCHGF003207	915	662.562	410	9.84557
RCHGF003208	645	393.311	1254	50.7277
RCHGF003209	702	449.818	358	12.6628
RCHGF003210	774	521.632	608	18.5448
RCHGF003211	957	704.542	657	14.8369
RCHGF003212	876	623.562	1236	31.5371
RCHGF003213	1191	938.542	2479	42.0249
RCHGF003214	807	554.616	79	2.26631
RCHGF003215	1407	1154.54	160	2.20493
RCHGF003216	975	722.542	80	1.76161
RCHGF003217	528	280.538	79	4.48042
RCHGF003218	645	393.311	88	3.55984
RCHGF003220	480	236.557	6493	436.711
RCHGF003221	843	590.61	12200	328.657
RCHGF003222	1395	1142.54	667	9.28832
RCHGF003223	888	635.562	174	4.35587
RCHGF003224	888	635.562	508	12.7171
RCHGF003225	1302	1049.54	490	7.42814
RCHGF003226	936	683.542	171	3.98029
RCHGF003227	1635	1382.54	2449	28.1835
RCHGF003228	1581	1328.54	1278	15.3052
RCHGF003229	186	35.9567	25	11.0622
RCHGF003230	1374	1121.54	4318	61.2563
RCHGF003231	777	524.632	1838	55.7409
RCHGF003232	1875	1622.54	1081	10.6002
RCHGF003233	792	539.632	64	1.88697
RCHGF003234	1299	1046.54	122	1.85476
RCHGF003235	288	87.7711	49	8.88236
RCHGF003236	1404	1151.54	165	2.27975
RCHGF003238	1713	1460.54	1121	12.2117
RCHGF003239	918	665.562	1030	24.6225
RCHGF003240	1248	995.542	600	9.58904
RCHGF003241	936	683.542	255	5.93552
RCHGF003242	765	512.663	127	3.94144
RCHGF003243	2103	1850.54	843	7.2479
RCHGF003244	1362	1109.54	908	13.0204
RCHGF003245	1425	1172.54	688	9.33563
RCHGF003246	423	187.504	47	3.98815
RCHGF003247	396	165.82	366	35.1178
RCHGF003248	480	236.557	85	5.71699
RCHGF003249	369	144.576	1757	193.357
RCHGF003250	1305	1052.54	298	4.50464
RCHGF003252	114	15.9916	89	88.5486
RCHGF003253	1560	1307.54	36767	447.39
RCHGF003254	138	19.6481	24	19.4345
RCHGF003255	540	291.668	563	30.7117
RCHGF003256	549	300.274	558	29.5665
RCHGF003257	792	539.632	153	4.51105
RCHGF003258	261	71.6924	48	10.6525
RCHGF003259	465	223.113	133	9.48441
RCHGF003260	852	599.574	93	2.46788
RCHGF003261	909	656.562	261	6.32482
RCHGF003262	423	187.504	813	68.9865
RCHGF003263	159	26.0972	24	14.6319
RCHGF003264	312	103.344	990	152.417
RCHGF003265	132	18.4886	4	3.44224
RCHGF003266	117	16.4579	8	7.73394
RCHGF003267	231	54.7559	29	8.42657
RCHGF003268	162	26.9488	14	8.26555
RCHGF003269	603	352.151	2273	102.696
RCHGF003270	942	689.542	560	12.9214
RCHGF003271	210	45.3535	491	172.248
RCHGF003272	876	623.562	1566	39.9573
RCHGF003273	117	16.4579	47	45.4369
RCHGF003274	1044	791.542	560	11.2564
RCHGF003275	1347	1094.54	1020	14.8269
RCHGF003276	1818	1565.54	1721	17.4904
RCHGF003277	2646	2393.54	3734	24.8209
RCHGF003278	906	653.562	918	22.348
RCHGF003279	3267	3014.54	8346	44.0495
RCHGF003280	900	647.562	2740	67.3213
RCHGF003281	1128	875.542	4127	74.9965
RCHGF003282	1614	1361.54	2273	26.5615
RCHGF003283	219	49.6064	202	64.7885
RCHGF003284	270	76.9854	117	24.1803
RCHGF003285	612	361.009	2680	118.114
RCHGF003286	516	269.427	129	7.61785
RCHGF003287	318	107.475	722	106.884
RCHGF003288	621	369.749	704	30.2935
RCHGF003289	171	30.1573	252	132.951
RCHGF003290	183	34.6512	27	12.3974
RCHGF003291	1938	1685.54	258	2.43536
RCHGF003292	417	182.649	62	5.4008
RCHGF003293	327	113.821	36	5.03226
RCHGF003294	2271	2018.54	325	2.56171
RCHGF003295	279	82.3708	34	6.56734
RCHGF003296	1341	1088.54	147	2.1486
RCHGF003297	417	182.649	43	3.74571
RCHGF003298	357	135.682	70	8.2084
RCHGF003299	552	303.07	91	4.77729
RCHGF003300	1248	995.542	183	2.92466
RCHGF003301	684	431.928	72	2.65219
RCHGF003302	366	142.402	46	5.13955
RCHGF003303	240	59.5512	47	12.5572
RCHGF003304	1599	1346.54	141	1.66603
RCHGF003305	327	113.821	935	130.699
RCHGF003306	303	97.4106	2998	489.676
RCHGF003307	1368	1115.54	111	1.58315
RCHGF003308	534	286.068	42	2.33595
RCHGF003309	1182	929.542	67	1.1468
RCHGF003310	270	76.9854	34	7.02675
RCHGF003311	381	153.835	31	3.20619
RCHGF003312	285	85.9244	10	1.85169
RCHGF003313	570	320.302	19	0.943797
RCHGF003314	372	146.895	20	2.16625
RCHGF003315	162	26.9488	3	1.77119
RCHGF003316	3150	2897.54	306	1.68026
RCHGF003317	648	396.287	27	1.08402
RCHGF003318	1719	1466.54	117	1.26933
RCHGF003319	1893	1640.54	183	1.77479
RCHGF003320	411	177.731	18	1.61136
RCHGF003321	951	698.542	54	1.22994
RCHGF003322	117	16.4579	1	0.966742
RCHGF003323	219	49.6064	12	3.84882
RCHGF003324	1563	1310.54	409	4.96542
RCHGF003325	414	180.207	59	5.2091
RCHGF003326	1023	770.542	351	7.2476
RCHGF003327	237	57.8452	116	31.9061
RCHGF003328	1359	1106.54	312	4.48611
RCHGF003329	549	300.274	91	4.82177
RCHGF003330	825	572.616	242	6.72413
RCHGF003331	1332	1079.54	955	14.075
RCHGF003332	594	343.326	3589	166.322
RCHGF003333	1422	1169.54	4559	62.0208
RCHGF003334	1419	1166.54	2279	31.0833
RCHGF003335	303	97.4106	301	49.1636
RCHGF003336	1122	869.542	2546	46.5856
RCHGF003337	1995	1742.54	4114	37.5634
RCHGF003338	2289	2036.54	4885	38.1641
RCHGF003339	1581	1328.54	1422	17.0297
RCHGF003340	816	563.616	151	4.26263
RCHGF003341	672	419.966	99	3.75064
RCHGF003342	633	381.586	275	11.4663
RCHGF003343	1008	755.542	47882	1008.32
RCHGF003344	1386	1133.54	288	4.04239
RCHGF003345	273	78.8296	34	6.86236
RCHGF003346	468	225.672	57	4.01866
RCHGF003347	489	244.503	68	4.42496
RCHGF003348	2022	1769.54	1126	10.1242
RCHGF003349	1599	1346.54	2630	31.0756
RCHGF003350	1233	980.542	842	13.6625
RCHGF003351	678	425.949	2862	106.904
RCHGF003352	1155	902.542	2205	38.8709
RCHGF003353	879	626.562	1477	37.5059
RCHGF003354	480	236.557	1855	124.765
RCHGF003355	1761	1508.54	3042	32.0838
RCHGF003356	2358	2105.54	2905	21.9516
RCHGF003357	657	405.06	1798	70.6244
RCHGF003359	855	602.562	606	16.0013
RCHGF003360	390	160.976	22	2.17444
RCHGF003361	2511	2258.54	412	2.90237
RCHGF003362	540	291.668	18	0.9819
RCHGF003363	1170	917.542	1139	19.7507
RCHGF003364	1536	1283.54	5750	71.2757
RCHGF003365	951	698.542	2076	47.2845
RCHGF003366	4821	4568.54	733	2.55276
RCHGF003367	675	422.949	101	3.79942
RCHGF003368	153	23.983	2353	1561
RCHGF003369	660	407.995	1368	53.3477
RCHGF003370	1083	830.542	1296	24.8272
RCHGF003371	468	225.672	2686	189.371
RCHGF003372	168	29.0065	14	7.67921
RCHGF003373	219	49.6064	347	111.295
RCHGF003374	309	101.459	82	12.859
RCHGF003375	1419	1166.54	2019	27.5372
RCHGF003376	300	95.4162	117	19.5096
RCHGF003377	123	17.1772	6	5.55755
RCHGF003378	495	250.105	770	48.9837
RCHGF003379	474	230.974	1234	85.0033
RCHGF003380	138	19.6481	179	144.949
RCHGF003381	642	390.393	58	2.36379
RCHGF003382	1008	755.542	198	4.16956
RCHGF003383	447	207.585	75	5.74842
RCHGF003384	912	659.562	112	2.70175
RCHGF003385	1050	797.542	118	2.35403
RCHGF003386	327	113.821	13	1.81721
RCHGF003387	480	236.557	38	2.55583
RCHGF003388	870	617.562	122	3.14313
RCHGF003389	858	605.562	133	3.49443
RCHGF003390	1956	1703.54	429	4.00671
RCHGF003391	411	177.731	1518	135.891
RCHGF003392	210	45.3535	1547	542.704
RCHGF003393	771	518.658	1947	59.7267
RCHGF003394	633	381.586	897	37.401
RCHGF003395	468	225.672	53	3.73665
RCHGF003396	924	671.549	5858	138.789
RCHGF003397	411	177.731	2018	180.652
RCHGF003398	390	160.976	5928	585.912
RCHGF003399	1026	773.542	200	4.11367
RCHGF003400	330	115.902	67	9.19742
RCHGF003401	984	731.542	171	3.71912
RCHGF003402	255	68.1712	42	9.80239
RCHGF003403	1029	776.542	5498	112.648
RCHGF003404	447	207.585	141	10.807
RCHGF003405	603	352.151	434	19.6085
RCHGF003406	450	210.089	612	46.3481
RCHGF003407	1218	965.542	839	13.8253
RCHGF003408	1287	1034.54	1207	18.5628
RCHGF003410	354	133.477	120	14.304
RCHGF003411	2091	1838.54	451	3.90289
RCHGF003412	420	185.12	16	1.37515
RCHGF003413	618	366.808	19	0.824136
RCHGF003414	594	343.326	17	0.787818
RCHGF003415	204	42.9052	2	0.741658
RCHGF003416	111	15.1988	1	1.04682
RCHGF003417	204	42.9052	7	2.5958
RCHGF003418	1377	1124.54	92	1.30165
RCHGF003419	2160	1907.54	136	1.13435
RCHGF003420	375	149.179	11	1.17319
RCHGF003421	471	228.355	13	0.905766
RCHGF003422	564	314.561	45	2.2761
RCHGF003423	891	638.562	40	0.996645
RCHGF003424	2514	2261.54	156	1.0975
RCHGF003425	390	160.976	4	0.395352
RCHGF003426	1791	1538.54	177	1.83041
RCHGF003427	705	452.8	9	0.316243
RCHGF003428	153	23.983	26	17.2486
RCHGF003429	840	587.61	113	3.05966
RCHGF003430	831	578.61	62	1.70486
RCHGF003431	4428	4175.54	363	1.38318
RCHGF003432	966	713.542	6797	151.559
RCHGF003433	969	716.542	5529	122.769
RCHGF003434	444	205.066	3812	295.763
RCHGF003435	5241	4988.54	928	2.95977
RCHGF003436	801	548.616	42	1.21805
RCHGF003437	2145	1892.54	219	1.84112
RCHGF003438	615	363.962	27	1.1803
RCHGF003439	258	69.9438	34	7.73416
RCHGF003440	756	503.679	87	2.74821
RCHGF003441	798	545.616	746	21.7538
RCHGF003442	744	491.744	4347	140.648
RCHGF003443	345	126.742	151	18.9557
RCHGF003444	1080	827.542	84	1.615
RCHGF003445	570	320.302	31	1.53988
RCHGF003446	135	19.0072	1	0.837076
RCHGF003447	228	53.3546	4	1.19281
RCHGF003448	840	587.61	132	3.57411
RCHGF003449	1185	932.542	87	1.48434
RCHGF003450	1716	1463.54	153	1.6633
RCHGF003451	453	212.7	14	1.04724
RCHGF003452	414	180.207	92	8.12267
RCHGF003453	117	16.4579	11	10.6342
RCHGF003454	912	659.562	103	2.48465
RCHGF003455	843	590.61	51	1.37389
RCHGF003456	1128	875.542	87	1.58098
RCHGF003457	120	16.8418	14	13.2258
RCHGF003458	834	581.61	67	1.83285
RCHGF003459	1542	1289.54	138	1.70266
RCHGF003460	396	165.82	17	1.63116
RCHGF003461	645	393.311	41	1.65856
RCHGF003462	606	355.07	53	2.3749
RCHGF003463	276	80.5297	23	4.54418
RCHGF003464	282	84.0964	30	5.67581
RCHGF003465	120	16.8418	6	5.66821
RCHGF003467	126	17.6381	169	152.447
RCHGF003468	1413	1160.54	577	7.9104
RCHGF003469	465	223.113	164	11.6951
RCHGF003470	1569	1316.54	8610	104.052
RCHGF003471	1131	878.542	6599	119.509
RCHGF003472	699	446.818	1031	36.7124
RCHGF003473	213	46.8167	1973	670.518
RCHGF003474	333	118.029	607	81.8247
RCHGF003475	1446	1193.54	9807	130.732
RCHGF003476	882	629.562	741	18.7268
RCHGF003477	588	337.606	648	30.5386
RCHGF003478	519	272.138	917	53.6122
RCHGF003479	615	363.962	1166	50.9714
RCHGF003480	906	653.562	830	20.2057
RCHGF003481	1167	914.542	512	8.90738
RCHGF003482	861	608.562	284	7.42501
RCHGF003483	1215	962.542	248	4.09936
RCHGF003484	1038	785.542	622	12.5981
RCHGF003485	1392	1139.54	645	9.00561
RCHGF003486	1221	968.542	1207	19.8277
RCHGF003488	1176	923.542	3220	55.4732
RCHGF003489	255	68.1712	59	13.77
RCHGF003490	660	407.995	338	13.1809
RCHGF003491	756	503.679	407	12.8566
RCHGF003492	177	32.1816	190	93.9354
RCHGF003493	480	236.557	376	25.2893
RCHGF003494	579	328.897	987	47.7465
RCHGF003495	1218	965.542	289	4.76223
RCHGF003496	1182	929.542	784	13.4193
RCHGF003497	1092	839.542	734	13.9103
RCHGF003498	1059	806.542	780	15.3869
RCHGF003499	114	15.9916	3857	3837.44
RCHGF003500	1545	1292.54	11026	135.724
RCHGF003501	777	524.632	2990	90.6776
RCHGF003502	837	584.61	21444	583.611
RCHGF003503	1026	773.542	16023	329.567
RCHGF003504	786	533.632	12817	382.145
RCHGF003505	1137	884.542	12301	221.261
RCHGF003506	1206	953.542	4570	76.2535
RCHGF003507	1203	950.542	24775	414.692
RCHGF003508	2112	1859.54	539	4.61176
RCHGF003509	243	61.2765	55	14.2808
RCHGF003510	1134	881.542	1752	31.6209
RCHGF003511	153	23.983	423	280.622
RCHGF003512	951	698.542	2502	56.9873
RCHGF003513	1263	1010.54	3163	49.7999
RCHGF003514	948	695.542	255	5.83311
RCHGF003515	675	422.949	772	29.0411
RCHGF003516	339	122.242	542	70.5443
RCHGF003517	1704	1451.54	8520	93.3886
RCHGF003518	1062	809.542	283	5.562
RCHGF003519	420	185.12	69	5.93034
RCHGF003520	399	168.216	104	9.83672
RCHGF003521	459	217.945	83	6.05918
RCHGF003522	312	103.344	28	4.31079
RCHGF003523	1029	776.542	279	5.7164
RCHGF003524	915	662.562	625	15.0085
RCHGF003525	153	23.983	17	11.2779
RCHGF003526	678	425.949	93	3.47384
RCHGF003527	165	28.0033	170	96.5882
RCHGF003528	117	16.4579	9	8.70068
RCHGF003529	132	18.4886	9370	8063.44
RCHGF003530	792	539.632	1757	51.8033
RCHGF003531	921	668.549	441	10.4952
RCHGF003532	1053	800.542	583	11.5869
RCHGF003533	1053	800.542	742	14.747
RCHGF003534	1272	1019.54	287	4.47879
RCHGF003535	870	617.562	626	16.1279
RCHGF003536	969	716.542	1345	29.8651
RCHGF003537	348	129.019	1178	145.269
RCHGF003538	672	419.966	1299	49.2129
RCHGF003539	885	632.562	10448	262.793
RCHGF003540	738	485.748	340	11.1366
RCHGF003541	2253	2000.54	2519	20.0338
RCHGF003542	819	566.616	4072	114.341
RCHGF003543	756	503.679	190	6.00183
RCHGF003544	1215	962.542	87	1.43808
RCHGF003545	1188	935.542	830	14.1156
RCHGF003546	750	497.724	126	4.02778
RCHGF003547	765	512.663	98	3.04143
RCHGF003548	1005	752.542	270	5.70843
RCHGF003549	747	494.724	203	6.52855
RCHGF003550	3216	2963.54	2414	12.9601
RCHGF003551	1074	821.542	1124	21.7681
RCHGF003552	636	384.517	1393	57.6394
RCHGF003553	699	446.818	1099	39.1337
RCHGF003554	906	653.562	610	14.85
RCHGF003555	744	491.744	307	9.93307
RCHGF003556	3213	2960.54	3600	19.3471
RCHGF003557	1077	824.542	1612	31.1054
RCHGF003558	1290	1037.54	1704	26.1305
RCHGF003559	885	632.562	895	22.5114
RCHGF003561	381	153.835	542	56.0567
RCHGF003562	426	190.018	696	58.277
RCHGF003563	960	707.542	924	20.778
RCHGF003564	1230	977.542	1613	26.2532
RCHGF003565	819	566.616	157	4.40854
RCHGF003566	771	518.658	57	1.74855
RCHGF003567	471	228.355	27	1.88121
RCHGF003568	735	482.748	56	1.84566
RCHGF003569	414	180.207	48	4.23792
RCHGF003570	720	467.763	596	20.2724
RCHGF003571	852	599.574	2770	73.5056
RCHGF003572	897	644.562	7602	187.649
RCHGF003573	543	294.485	1168	63.105
RCHGF003574	738	485.748	128	4.19259
RCHGF003575	396	165.82	1197	114.853
RCHGF003576	777	524.632	459	13.9201
RCHGF003577	723	470.758	930	31.4318
RCHGF003578	654	402.1	1317	52.1117
RCHGF003580	507	261.123	548	33.3902
RCHGF003581	615	363.962	1804	78.8615
RCHGF003582	852	599.574	693	18.3897
RCHGF003583	1614	1361.54	2121	24.7853
RCHGF003584	393	163.446	10206	993.493
RCHGF003585	912	659.562	7817	188.568
RCHGF003586	816	563.616	5416	152.89
RCHGF003587	978	725.542	12582	275.912
RCHGF003588	297	93.4974	6852	1166.01
RCHGF003589	168	29.0065	2236	1226.48
RCHGF003590	2145	1892.54	14542	122.254
RCHGF003591	216	48.2395	208	68.6032
RCHGF003592	210	45.3535	1589	557.438
RCHGF003593	417	182.649	800	69.6877
RCHGF003594	546	297.395	1739	93.0357
RCHGF003595	162	26.9488	17	10.0367
RCHGF003596	342	124.548	867	110.756
RCHGF003597	411	177.731	1597	142.964
RCHGF003598	177	32.1816	4138	2045.81
RCHGF003599	1296	1043.54	1114	16.9847
RCHGF003600	816	563.616	120	3.38752
RCHGF003601	3666	3413.54	726	3.38388
RCHGF003602	1287	1034.54	350	5.38274
RCHGF003603	228	53.3546	62	18.4886
RCHGF003604	3075	2822.54	6920	39.0076
RCHGF003605	702	449.818	74	2.61745
RCHGF003606	225	51.8354	27	8.28746
RCHGF003607	543	294.485	44	2.37724
RCHGF003608	234	56.1901	33	9.34411
RCHGF003609	357	135.682	40	4.69051
RCHGF003610	222	50.9552	5	1.56122
RCHGF003611	897	644.562	799	19.7227
RCHGF003612	879	626.562	287	7.28788
RCHGF003613	1164	911.542	284	4.95707
RCHGF003614	159	26.0972	89	54.26
RCHGF003615	483	239.114	1781	118.507
RCHGF003616	1629	1376.54	16360	189.094
RCHGF003617	357	135.682	2842	333.261
RCHGF003618	777	524.632	2039	61.8367
RCHGF003619	900	647.562	1960	48.1569
RCHGF003620	1071	818.542	3795	73.7657
RCHGF003621	1080	827.542	156	2.99929
RCHGF003622	714	461.79	977	33.6615
RCHGF003623	798	545.616	2083	60.7416
RCHGF003624	267	75.2403	386	81.6246
RCHGF003625	651	399.136	367	14.6295
RCHGF003626	723	470.758	511	17.2706
RCHGF003627	1644	1391.54	2489	28.4585
RCHGF003628	558	308.737	2029	104.563
RCHGF003629	132	18.4886	95	81.7532
RCHGF003630	1863	1610.54	4924	48.644
RCHGF003631	2271	2018.54	5665	44.6525
RCHGF003632	462	220.474	1656	119.505
RCHGF003633	1263	1010.54	3200	50.3825
RCHGF003634	741	488.748	8321	270.878
RCHGF003635	600	349.218	937	42.6901
RCHGF003636	774	521.632	7431	226.656
RCHGF003637	669	416.983	3083	117.636
RCHGF003638	1008	755.542	179	3.76945
RCHGF003639	201	41.688	8	3.05325
RCHGF003640	1191	938.542	4477.37	75.9019
RCHGF003641	1560	1307.54	3754	45.6796
RCHGF003642	708	455.8	1314	45.8675
RCHGF003643	711	458.79	502	17.409
RCHGF003644	336	120.138	716	94.8238
RCHGF003645	144	21.1656	39	29.3169
RCHGF003646	537	288.862	589	32.4421
RCHGF003647	882	629.562	3259	82.3625
RCHGF003648	153	23.983	60	39.8045
RCHGF003649	960	707.542	716.887	16.1206
RCHGF003650	702	449.818	1389	49.1303
RCHGF003651	510	263.815	342	20.6257
RCHGF003652	201	41.688	62	23.6627
RCHGF003653	180	33.4335	331	157.518
RCHGF003654	2013	1760.54	8876	80.2148
RCHGF003655	234	56.1901	78	22.0861
RCHGF003656	1608	1355.54	3093	36.3037
RCHGF003657	594	343.326	8016	371.48
RCHGF003658	834	581.61	1801	49.2681
RCHGF003659	246	62.9612	260	65.7029
RCHGF003660	747	494.724	605	19.457
RCHGF003661	774	521.632	1072	32.6975
RCHGF003662	327	113.821	38	5.31183
RCHGF003663	147	21.9659	3	2.17298
RCHGF003664	960	707.542	1141.11	25.6602
RCHGF003665	2556	2303.54	9632	66.5279
RCHGF003666	171	30.1573	23	12.1344
RCHGF003667	639	387.455	251	10.3071
RCHGF003668	612	361.009	254	11.1944
RCHGF003669	1362	1109.54	1199	17.1933
RCHGF003670	270	76.9854	385	79.5676
RCHGF003671	570	320.302	276	13.7099
RCHGF003672	567	317.446	77	3.85926
RCHGF003673	894	641.562	358	8.87826
RCHGF003674	231	54.7559	503	146.157
RCHGF003676	843	590.61	1453	39.1425
RCHGF003677	300	95.4162	861	143.57
RCHGF003678	1596	1343.54	3276	38.7951
RCHGF003679	723	470.758	955	32.2767
RCHGF003680	3024	2771.54	4954	28.4393
RCHGF003681	1128	875.542	1792	32.5645
RCHGF003682	765	512.663	47084	1461.25
RCHGF003683	834	581.61	538	14.7175
RCHGF003684	678	425.949	246	9.18885
RCHGF003685	1032	779.542	317	6.46999
RCHGF003687	462	220.474	242	17.4639
RCHGF003688	687	434.902	980	35.8525
RCHGF003689	885	632.562	743	18.6883
RCHGF003690	1038	785.542	866	17.5401
RCHGF003691	360	137.874	1108	127.862
RCHGF003692	663	410.983	1501	58.1087
RCHGF003693	1479	1226.54	3428	44.4674
RCHGF003694	624	372.723	1266	54.042
RCHGF003695	495	250.105	71	4.51668
RCHGF003696	777	524.632	478	14.4963
RCHGF003697	471	228.355	729	50.7926
RCHGF003698	2109	1856.54	386	3.30801
RCHGF003699	225	51.8354	17	5.21803
RCHGF003700	1329	1076.54	32755	484.095
RCHGF003701	267	75.2403	110	23.2609
RCHGF003702	627	375.711	3479	147.328
RCHGF003703	138	19.6481	62	50.2058
RCHGF003704	1662	1409.54	1543	17.4169
RCHGF003705	117	16.4579	272	262.954
RCHGF003706	249	64.6179	73	17.9744
RCHGF003707	318	107.475	243	35.9735
RCHGF003708	297	93.4974	34	5.7858
RCHGF003709	498	252.871	63	3.96392
RCHGF003710	861	608.562	92	2.40528
RCHGF003711	954	701.542	107	2.42669
RCHGF003712	270	76.9854	6	1.24001
RCHGF003713	624	372.723	74	3.15886
RCHGF003714	1026	773.542	131	2.69446
RCHGF003715	1632	1379.54	257	2.96403
RCHGF003716	393	163.446	126	12.2653
RCHGF003717	768	515.663	1438	44.3687
RCHGF003718	1014	761.542	1221	25.5097
RCHGF003719	198	40.6744	14	5.47635
RCHGF003720	495	250.105	265	16.858
RCHGF003721	255	68.1712	371	86.5878
RCHGF003722	213	46.8167	324	110.11
RCHGF003723	369	144.576	444	48.862
RCHGF003724	408	175.23	240	21.7915
RCHGF003725	306	99.3408	111	17.7778
RCHGF003726	168	29.0065	18	9.87328
RCHGF003727	579	328.897	2125	102.798
RCHGF003728	657	405.06	1167	45.8391
RCHGF003729	516	269.427	491	28.9951
RCHGF003730	1500	1247.54	5940	75.7556
RCHGF003731	1290	1037.54	4913	75.3399
RCHGF003732	1128	875.542	727	13.2112
RCHGF003733	177	32.1816	54	26.6974
RCHGF003734	303	97.4106	437	71.3771
RCHGF003735	759	506.663	968	30.3976
RCHGF003736	177	32.1816	165	81.5755
RCHGF003737	546	297.395	73	3.90547
RCHGF003738	1065	812.542	2780	54.4355
RCHGF003739	114	15.9916	28	27.858
RCHGF003740	894	641.562	1102	27.3292
RCHGF003741	2622	2369.54	5880	39.4818
RCHGF003742	567	317.446	802	40.1965
RCHGF003744	717	464.786	371	12.7
RCHGF003745	624	372.723	2097	89.5151
RCHGF003746	579	328.897	307	14.8512
RCHGF003747	288	87.7711	123	22.2965
RCHGF003748	282	84.0964	174	32.9197
RCHGF003749	117	16.4579	406	392.497
RCHGF003750	270	76.9854	655	135.368
RCHGF003751	174	31.2358	56	28.5246
RCHGF003752	288	87.7711	1668	302.363
RCHGF003753	588	337.606	8857	417.407
RCHGF003754	2322	2069.54	33810	259.929
RCHGF003755	1275	1022.54	15608	242.857
RCHGF003756	720	467.763	2415	82.1439
RCHGF003757	129	18.1027	22	19.3359
RCHGF003758	1581	1328.54	899	10.7663
RCHGF003759	114	15.9916	10	9.94928
RCHGF003760	1590	1337.54	1462	17.391
RCHGF003761	1689	1436.54	311	3.4445
RCHGF003762	675	422.949	144	5.41699
RCHGF003763	237	57.8452	344	94.6182
RCHGF003764	534	286.068	231588	12880.4
RCHGF003765	417	182.649	1821	158.627
RCHGF003766	4101	3848.54	611	2.52597
RCHGF003767	147	21.9659	9	6.51895
RCHGF003768	927	674.549	1180	27.8325
RCHGF003769	972	719.542	13830	305.809
RCHGF003770	1851	1598.54	83132	827.424
RCHGF003771	1155	902.542	1210	21.3305
RCHGF003772	699	446.818	2821	100.452
RCHGF003773	351	131.284	363	43.9926
RCHGF003774	1881	1628.54	3100	30.2863
RCHGF003775	918	665.562	971	23.2121
RCHGF003776	153	23.983	20	13.2682
RCHGF003777	849	596.592	1359	36.2431
RCHGF003778	1461	1208.54	1583	20.8402
RCHGF003779	939	686.542	427	9.89565
RCHGF003780	357	135.682	42	4.92504
RCHGF003781	618	366.808	626	27.1531
RCHGF003782	1251	998.542	91	1.44997
RCHGF003783	174	31.2358	0	0
RCHGF003784	774	521.632	413	12.5971
RCHGF003785	159	26.0972	73	44.5054
RCHGF003786	435	197.516	194	15.6273
RCHGF003787	129	18.1027	2	1.75781
RCHGF003788	1065	812.542	509	9.9668
RCHGF003789	120	16.8418	18	17.0046
RCHGF003790	573	323.169	74	3.64322
RCHGF003791	2055	1802.54	280	2.47148
RCHGF003792	1716	1463.54	181	1.96769
RCHGF003793	681	428.932	366	13.5761
RCHGF003794	1545	1292.54	468	5.76083
RCHGF003795	1500	1247.54	218	2.78026
RCHGF003796	669	416.983	82	3.12881
RCHGF003797	447	207.585	107	8.20108
RCHGF003798	1107	854.542	6480	120.649
RCHGF003799	132	18.4886	10	8.60559
RCHGF003800	219	49.6064	150	48.1103
RCHGF003801	411	177.731	87	7.78825
RCHGF003802	360	137.874	91	10.5013
RCHGF003803	1905	1652.54	867	8.34738
RCHGF003804	639	387.455	316	12.9763
RCHGF003805	123	17.1772	169	156.538
RCHGF003806	828	575.616	1389	38.3931
RCHGF003807	111	15.1988	6	6.28094
RCHGF003808	804	551.616	1070	30.8625
RCHGF003809	486	241.737	245	16.1253
RCHGF003810	750	497.724	628	20.075
RCHGF003811	843	590.61	531	14.3047
RCHGF003812	498	252.871	177	11.1367
RCHGF003813	846	593.592	264	7.07619
RCHGF003814	645	393.311	344	13.9157
RCHGF003815	1338	1085.54	369	5.40833
RCHGF003816	459	217.945	1226	89.5007
RCHGF003817	489	244.503	331	21.5391
RCHGF003818	900	647.562	374	9.18912
RCHGF003819	504	258.24	3256	200.607
RCHGF003820	117	16.4579	93	89.907
RCHGF003821	450	210.089	84	6.3615
RCHGF003822	876	623.562	100	2.55155
RCHGF003823	207	44.156	13	4.68422
RCHGF003824	246	62.9612	74	18.7001
RCHGF003825	333	118.029	30	4.04406
RCHGF003826	114	15.9916	27	26.8631
RCHGF003827	1269	1016.54	638	9.98571
RCHGF003828	432	194.981	535	43.6562
RCHGF003829	489	244.503	48	3.1235
RCHGF003830	1824	1571.54	595	6.02386
RCHGF003832	129	18.1027	75	65.9178
RCHGF003833	858	605.562	222	5.83281
RCHGF003834	426	190.018	329	27.5476
RCHGF003835	315	105.457	87	13.1259
RCHGF003836	579	328.897	88	4.25703
RCHGF003837	1113	860.542	777	14.3659
RCHGF003838	1935	1682.54	2844	26.8935
RCHGF003839	2262	2009.54	6298	49.8643
RCHGF003840	120	16.8418	14	13.2258
RCHGF003841	423	187.504	66	5.60038
RCHGF003842	1518	1265.54	274	3.44475
RCHGF003843	129	18.1027	9	7.91014
RCHGF003844	618	366.808	1483	64.326
RCHGF003845	471	228.355	158	11.0085
RCHGF003846	129	18.1027	33	29.0038
RCHGF003847	447	207.585	1690	129.531
RCHGF003848	462	220.474	258	18.6185
RCHGF003849	1941	1688.54	1479	13.9361
RCHGF003850	2631	2378.54	33349	223.077
RCHGF003851	138	19.6481	3	2.42931
RCHGF003852	906	653.562	351	8.54484
RCHGF003853	177	32.1816	24	11.8655
RCHGF003854	846	593.592	410	10.9895
RCHGF003855	1272	1019.54	3878	60.5182
RCHGF003856	351	131.284	717	86.8946
RCHGF003857	453	212.7	5848	437.445
RCHGF003858	228	53.3546	981	292.537
RCHGF003859	1068	815.542	2675	52.1869
RCHGF003860	558	308.737	28181	1452.28
RCHGF003861	291	89.5967	102	18.1131
RCHGF003862	915	662.562	99	2.37734
RCHGF003863	177	32.1816	2	0.988794
RCHGF003864	291	89.5967	18	3.19642
RCHGF003865	300	95.4162	21	3.50172
RCHGF003866	252	66.3967	6	1.43777
RCHGF003867	4215	3962.54	308	1.23669
RCHGF003868	522	274.922	39	2.25704
RCHGF003869	996	743.542	120	2.56779
RCHGF003870	564	314.561	334	16.8937
RCHGF003871	330	115.902	61	8.37377
RCHGF003872	1326	1073.54	492	7.29172
RCHGF003873	1032	779.542	2367.05	48.3116
RCHGF003874	162	26.9488	13	7.67516
RCHGF003875	681	428.932	1364	50.5953
RCHGF003876	2007	1754.54	1269	11.5075
RCHGF003877	648	396.287	247	9.91679
RCHGF003878	978	725.542	361	7.91641
RCHGF003879	861	608.562	809	21.1508
RCHGF003880	318	107.475	536	79.349
RCHGF003881	1332	1079.54	600	8.84291
RCHGF003882	2571	2318.54	667	4.57714
RCHGF003883	117	16.4579	49	47.3704
RCHGF003884	1095	842.542	10179	192.219
RCHGF003885	1254	1001.54	8459	134.38
RCHGF003886	1419	1166.54	6502	88.6809
RCHGF003887	1797	1544.54	4435	45.6854
RCHGF003888	98	12.2611	7	9.08348
RCHGF003891	2625	2372.54	3236	21.7009
RCHGF003892	255	68.1712	5894	1375.6
RCHGF003893	411	177.731	1826	163.464
RCHGF003894	258	69.9438	328	74.6119
RCHGF003895	1056	803.542	1619	32.0569
RCHGF003896	630	378.689	1923	80.7943
RCHGF003897	477	233.668	141589	9640.83
RCHGF003898	462	220.474	141	10.1752
RCHGF003899	1965	1712.54	451	4.19005
RCHGF003900	957	704.542	2935	66.2804
RCHGF003901	1200	947.542	2558	42.9522
RCHGF003902	498	252.871	1061	66.7575
RCHGF003903	297	93.4974	437	74.3645
RCHGF003904	651	399.136	5743	228.93
RCHGF003905	2928	2675.54	4610	27.414
RCHGF003906	969	716.542	1197	26.5788
RCHGF003907	312	103.344	144	22.1698
RCHGF003908	1191	938.542	4841	82.0663
RCHGF003909	948	695.542	7539	172.454
RCHGF003910	2499	2246.54	2052	14.5327
RCHGF003911	1692	1439.54	895	9.89196
RCHGF003912	1398	1145.54	1649	22.9031
RCHGF003913	3078	2825.54	1491	8.39575
RCHGF003914	486	241.737	152	10.0043
RCHGF003915	132	18.4886	114	98.1038
RCHGF003917	309	101.459	3798	595.593
RCHGF003918	312	103.344	3004	462.486
RCHGF003919	282	84.0964	6710	1269.49
RCHGF003920	1287	1034.54	3069	47.199
RCHGF003921	426	190.018	2326	194.759
RCHGF003922	1071	818.542	576	11.1961
RCHGF003923	750	497.724	105	3.35648
RCHGF003924	567	317.446	128	6.4154
RCHGF003925	762	509.663	2244	70.0524
RCHGF003926	582	331.774	60	2.87735
RCHGF003927	636	384.517	80	3.31023
RCHGF003928	1011	758.542	2012	42.2019
RCHGF003929	351	131.284	74	8.9682
RCHGF003930	660	407.995	87	3.39272
RCHGF003931	1302	1049.54	247	3.74439
RCHGF003932	288	87.7711	1027	186.167
RCHGF003933	2289	2036.54	8360	65.3126
RCHGF003934	1605	1352.54	664	7.8109
RCHGF003935	513	266.667	2177	129.889
RCHGF003936	2199	1946.54	6814	55.6958
RCHGF003937	498	252.871	154	9.68959
RCHGF003938	120	16.8418	83	78.4102
RCHGF003939	426	190.018	177	14.8205
RCHGF003940	123	17.1772	137	126.897
RCHGF003941	117	16.4579	11	10.6342
RCHGF003942	471	228.355	173	12.0537
RCHGF003943	789	536.632	683	20.2501
RCHGF003944	489	244.503	1111	72.296
RCHGF003945	576	326.045	760	37.0868
RCHGF003946	1104	851.542	1498	27.9891
RCHGF003947	936	683.542	3078	71.6452
RCHGF003948	507	261.123	77616	4729.22
RCHGF003949	465	223.113	390	27.8114
RCHGF003950	1698	1445.54	3269	35.9806
RCHGF003951	255	68.1712	283	66.0495
RCHGF003952	291	89.5967	426	75.6487
RCHGF003953	1863	1610.54	6430	63.5218
RCHGF003954	336	120.138	1945	257.587
RCHGF003955	153	23.983	247	163.862
RCHGF003956	630	378.689	1107	46.5103
RCHGF003957	1074	821.542	1676	32.4585
RCHGF003958	930	677.542	286	6.71604
RCHGF003959	1125	872.542	288	5.25158
RCHGF003960	1200	947.542	470	7.89193
RCHGF003961	2361	2108.54	3478	26.2441
RCHGF003962	1551	1298.54	916	11.2234
RCHGF003963	936	683.542	6870	159.91
RCHGF003964	150	22.8766	22877	15910.8
RCHGF003965	273	78.8296	590	119.082
RCHGF003966	450	210.089	354	26.8092
RCHGF003967	417	182.649	435	37.8927
RCHGF003968	669	416.983	658	25.1068
RCHGF003969	858	605.562	312	8.19746
RCHGF003970	609	358.038	1874	83.2769
RCHGF003971	1929	1676.54	1224	11.6158
RCHGF003972	2493	2240.54	3572	25.3654
RCHGF003973	1257	1004.54	1578	24.9932
RCHGF003974	1788	1535.54	8775	90.922
RCHGF003975	2178	1925.54	9673	79.9267
RCHGF003976	417	182.649	977	85.1061
RCHGF003977	513	266.667	500	29.8321
RCHGF003978	522	274.922	277	16.0308
RCHGF003979	708	455.8	68	2.37366
RCHGF003980	441	202.567	31	2.43488
RCHGF003981	996	743.542	120	2.56779
RCHGF003982	351	131.284	11	1.33311
RCHGF003983	1374	1121.54	262	3.7168
RCHGF003984	138	19.6481	24	19.4345
RCHGF003985	279	82.3708	164432	31761.2
RCHGF003986	735	482.748	283	9.32716
RCHGF003987	546	297.395	599	32.0462
RCHGF003988	981	728.542	215	4.69534
RCHGF003989	570	320.302	108	5.36474
RCHGF003990	510	263.815	41	2.47268
RCHGF003991	327	113.821	44	6.15054
RCHGF003992	735	482.748	2827	93.1727
RCHGF003993	756	503.679	2450	77.3921
RCHGF003994	783	530.632	1021	30.6137
RCHGF003995	1323	1070.54	3391	50.3974
RCHGF003996	1458	1205.54	5626	74.2508
RCHGF003997	894	641.562	10512	260.694
RCHGF003998	795	542.632	23517	689.541
RCHGF003999	198	40.6744	39	15.2555
RCHGF004000	924	671.549	376	8.90828
RCHGF004001	984	731.542	1662	36.1473
RCHGF004002	678	425.949	793	29.621
RCHGF004003	1218	965.542	763	12.5729
RCHGF004004	378	151.436	128.471	13.4977
RCHGF004005	486	241.737	854	56.2081
RCHGF004006	288	87.7711	5072	919.415
RCHGF004007	594	343.326	2525	117.014
RCHGF004008	948	695.542	238	5.44424
RCHGF004009	939	686.542	160	3.70797
RCHGF004010	1245	992.542	211	3.38234
RCHGF004011	759	506.663	79	2.4808
RCHGF004012	636	384.517	127	5.25499
RCHGF004013	1686	1433.54	3039	33.729
RCHGF004014	465	223.113	2810	200.385
RCHGF004015	360	137.874	230	26.5417
RCHGF004016	408	175.23	202	18.3412
RCHGF004017	897	644.562	941	23.2278
RCHGF004018	738	485.748	1145	37.504
RCHGF004019	312	103.344	13	2.00144
RCHGF004020	1380	1127.54	4134	58.334
RCHGF004021	1764	1511.54	5864	61.7245
RCHGF004022	1194	941.542	5000	84.4917
RCHGF004023	660	407.995	2694	105.057
RCHGF004024	510	263.815	615	37.0902
RCHGF004025	909	656.562	1874	45.4127
RCHGF004027	147	21.9659	155	112.271
RCHGF004028	879	626.562	1613	40.9594
RCHGF004029	528	280.538	1216	68.9644
RCHGF004030	1062	809.542	3938	77.3963
RCHGF004031	2070	1817.54	4519	39.5587
RCHGF004032	609	358.038	1979	87.9429
RCHGF004033	462	220.474	334	24.1031
RCHGF004034	993	740.542	62	1.33207
RCHGF004035	951	698.542	60	1.3666
RCHGF004036	297	93.4974	17	2.8929
RCHGF004037	351	131.284	12	1.4543
RCHGF004038	162	26.9488	0	0
RCHGF004039	417	182.649	10	0.871096
RCHGF004040	435	197.516	35	2.81936
RCHGF004041	327	113.821	64	8.94624
RCHGF004042	561	311.718	9214	470.294
RCHGF004043	972	719.542	1584	35.0254
RCHGF004044	654	402.1	1623	64.2197
RCHGF004045	1308	1055.54	5827	87.8321
RCHGF004046	999	746.542	2948	62.8285
RCHGF004047	1590	1337.54	3586	42.6566
RCHGF004048	180	33.4335	27	12.8489
RCHGF004049	1476	1223.54	421	5.47453
RCHGF004050	282	84.0964	464907	87957.5
RCHGF004051	702	449.818	3460	122.384
RCHGF004052	1200	947.542	1076	18.0675
RCHGF004053	303	97.4106	1822	297.595
RCHGF004054	399	168.216	257	24.3081
RCHGF004055	438	200.115	362	28.7815
RCHGF004056	357	135.682	503	58.9832
RCHGF004057	339	122.242	199	25.901
RCHGF004058	738	485.748	1102	36.0956
RCHGF004059	1332	1079.54	1906	28.091
RCHGF004060	705	452.8	1958	68.8003
RCHGF004061	1428	1175.54	3009	40.7256
RCHGF004062	1599	1346.54	1168	13.8009
RCHGF004063	570	320.302	517	25.6812
RCHGF004064	1254	1001.54	923	14.6628
RCHGF004065	1299	1046.54	4155	63.1681
RCHGF004066	834	581.61	1754	47.9823
RCHGF004067	921	668.549	1281	30.4859
RCHGF004068	660	407.995	1043	40.6737
RCHGF004069	621	369.749	103	4.43215
RCHGF004070	1179	926.542	2553	43.8399
RCHGF004071	831	578.61	82	2.25482
RCHGF004072	999	746.542	2103	44.8197
RCHGF004073	1659	1406.54	2848	32.216
RCHGF004074	777	524.632	1833	55.5893
RCHGF004075	1875	1622.54	3018	29.5942
RCHGF004076	840	587.61	1261	34.1436
RCHGF004077	210	45.3535	41	14.3832
RCHGF004078	1326	1073.54	3354	49.7082
RCHGF004079	375	149.179	982	104.734
RCHGF004080	900	647.562	2514	61.7686
RCHGF004081	327	113.821	78426	10962.8
RCHGF004082	555	305.948	319	16.5893
RCHGF004083	1374	1121.54	6546	92.8633
RCHGF004084	942	689.542	4317	99.6105
RCHGF004085	828	575.616	1853	51.2185
RCHGF004086	951	698.542	854	19.4513
RCHGF004087	576	326.045	362	17.6651
RCHGF004088	114	15.9916	18	17.9087
RCHGF004089	792	539.632	117	3.44962
RCHGF004090	930	677.542	177	4.15643
RCHGF004091	921	668.549	142	3.37939
RCHGF004092	900	647.562	76	1.86731
RCHGF004093	438	200.115	326	25.9192
RCHGF004094	426	190.018	163	13.6482
RCHGF004095	150	22.8766	40	27.8197
RCHGF004096	1743	1490.54	4178	44.5972
RCHGF004097	1335	1082.54	1856	27.2783
RCHGF004099	735	482.748	3523	116.112
RCHGF004101	642	390.393	43.8771	1.78822
RCHGF004102	201	41.688	5	1.90828
RCHGF004103	177	32.1816	5	2.47198
RCHGF004104	1191	938.542	2702.48	45.8134
RCHGF004105	123	17.1772	194	179.694
RCHGF004106	1626	1373.54	292	3.3824
RCHGF004107	822	569.616	69	1.92731
RCHGF004108	831	578.61	107	2.94226
RCHGF004109	4233	3980.54	1222	4.88442
RCHGF004110	450	210.089	56	4.241
RCHGF004111	171	30.1573	195	102.879
RCHGF004112	132	18.4886	76	65.4025
RCHGF004113	489	244.503	211	13.7304
RCHGF004114	879	626.562	152	3.85978
RCHGF004115	2790	2537.54	916	5.74336
RCHGF004116	132	18.4886	0	0
RCHGF004117	432	194.981	15	1.224
RCHGF004118	492	247.276	25	1.60858
RCHGF004119	774	521.632	119	3.62966
RCHGF004120	816	563.616	206	5.81524
RCHGF004121	1680	1427.54	3404	37.9389
RCHGF004122	795	542.632	290	8.50308
RCHGF004123	636	384.517	170	7.03424
RCHGF004125	1497	1244.54	7459	95.3575
RCHGF004126	1089	836.542	149	2.83388
RCHGF004127	300	95.4162	25	4.16871
RCHGF004128	666	413.983	83	3.18992
RCHGF004129	810	557.616	99	2.82478
RCHGF004130	1371	1118.54	219	3.11513
RCHGF004131	1440	1187.54	148	1.98288
RCHGF004132	1437	1184.54	168	2.25654
RCHGF004133	1383	1130.54	148	2.08285
RCHGF004134	837	584.61	178	4.84437
RCHGF004135	438	200.115	111	8.82527
RCHGF004136	123	17.1772	22	20.3777
RCHGF004137	915	662.562	189	4.53857
RCHGF004138	885	632.562	1001	25.1776
RCHGF004139	1014	761.542	401	8.37788
RCHGF004140	1158	905.542	1514	26.6012
RCHGF004141	306	99.3408	691	110.671
RCHGF004142	237	57.8452	837	230.219
RCHGF004143	642	390.393	92	3.74947
RCHGF004144	807	554.616	86	2.46712
RCHGF004145	762	509.663	106	3.30907
RCHGF004146	462	220.474	52	3.75257
RCHGF004147	417	182.649	31	2.7004
RCHGF004148	2715	2462.54	517	3.34034
RCHGF004149	966	713.542	83	1.85073
RCHGF004150	804	551.616	77	2.22094
RCHGF004151	1179	926.542	129	2.21518
RCHGF004152	861	608.562	42	1.09806
RCHGF004153	123	17.1772	12	11.1151
RCHGF004154	147	21.9659	0	0
RCHGF004155	183	34.6512	8	3.67329
RCHGF004156	636	384.517	99	4.09641
RCHGF004157	945	692.542	173	3.97451
RCHGF004158	780	527.632	190	5.72936
RCHGF004159	999	746.542	1958	41.7294
RCHGF004160	687	434.902	1311	47.9618
RCHGF004161	657	405.06	301	11.8231
RCHGF004162	1809	1556.54	777	7.94226
RCHGF004163	1176	923.542	243	4.18633
RCHGF004164	1455	1202.54	401	5.30552
RCHGF004165	636	384.517	721	29.8335
RCHGF004166	258	69.9438	492	111.918
RCHGF004167	345	126.742	767	96.285
RCHGF004168	597	346.298	1697	77.9678
RCHGF004169	6609	6356.54	1181	2.95606
RCHGF004170	438	200.115	90	7.15562
RCHGF004171	840	587.61	64	1.7329
RCHGF004172	297	93.4974	16	2.72273
RCHGF004173	1464	1211.54	221	2.90227
RCHGF004174	780	527.632	119	3.58839
RCHGF004175	1092	839.542	117	2.21731
RCHGF004176	2604	2351.54	234	1.58324
RCHGF004177	750	497.724	79	2.52536
RCHGF004178	159	26.0972	73	44.5054
RCHGF004179	708	455.8	661	23.0734
RCHGF004180	636	384.517	298	12.3306
RCHGF004181	450	210.089	822	62.2518
RCHGF004182	165	28.0033	91	51.7031
RCHGF004183	777	524.632	314	9.52266
RCHGF004184	111	15.1988	11	11.5151
RCHGF004185	1401	1148.54	426	5.90128
RCHGF004186	756	503.679	930	29.3774
RCHGF004187	798	545.616	1709	49.8355
RCHGF004188	858	605.562	968	25.4332
RCHGF004189	825	572.616	962	26.7298
RCHGF004190	1317	1064.54	188	2.80982
RCHGF004191	1437	1184.54	619	8.31427
RCHGF004192	1848	1595.54	734	7.31933
RCHGF004193	837	584.61	695	18.9148
RCHGF004194	435	197.516	466	37.5378
RCHGF004195	2508	2255.54	541	3.81619
RCHGF004196	1329	1076.54	600	8.86756
RCHGF004197	120	16.8418	10	9.44701
RCHGF004198	1590	1337.54	1277	15.1903
RCHGF004199	708	455.8	123	4.29354
RCHGF004200	1215	962.542	790	13.0584
RCHGF004201	522	274.922	292	16.8989
RCHGF004202	699	446.818	6913	246.161
RCHGF004203	579	328.897	234	11.3198
RCHGF004204	1176	923.542	1550	26.7029
RCHGF004205	984	731.542	553	12.0273
RCHGF004206	1164	911.542	2095	36.5671
RCHGF004207	363	140.116	7183	815.648
RCHGF004208	957	704.542	14860	335.58
RCHGF004209	396	165.82	17740	1702.16
RCHGF004210	363	140.116	2346	266.394
RCHGF004211	114	15.9916	4240	4218.5
RCHGF004212	771	518.658	6000	184.058
RCHGF004213	645	393.311	10221	413.467
RCHGF004214	1302	1049.54	14820	224.663
RCHGF004215	438	200.115	3059	243.212
RCHGF004216	510	263.815	4397	265.18
RCHGF004217	354	133.477	4390	523.289
RCHGF004218	543	294.485	6413	346.483
RCHGF004219	393	163.446	13629	1326.7
RCHGF004220	537	288.862	9468	521.498
RCHGF004221	321	109.645	3355	486.84
RCHGF004222	366	142.402	3787	423.119
RCHGF004223	258	69.9438	2702	614.639
RCHGF004224	198	40.6744	1154	451.407
RCHGF004225	414	180.207	6294	555.697
RCHGF004226	789	536.632	15649	463.974
RCHGF004227	333	118.029	1130	152.326
RCHGF004228	276	80.5297	2733	539.967
RCHGF004229	831	578.61	10389	285.675
RCHGF004230	294	91.4993	6598	1147.3
RCHGF004231	627	375.711	5355	226.772
RCHGF004232	684	431.928	11797	434.555
RCHGF004233	726	473.748	408	13.7024
RCHGF004234	738	485.748	340	11.1366
RCHGF004235	996	743.542	494	10.5707
RCHGF004236	765	512.663	289	8.96911
RCHGF004238	309	101.459	1176	184.417
RCHGF004239	216	48.2395	536	176.785
RCHGF004240	1182	929.542	81263	1390.94
RCHGF004241	2076	1823.54	29894	260.827
RCHGF004242	468	225.672	5430	382.831
RCHGF004243	420	185.12	15145	1301.67
RCHGF004244	810	557.616	386	11.0138
RCHGF004245	1350	1097.54	1434	20.788
RCHGF004247	543	294.485	865	46.7345
RCHGF004248	189	37.206	181	77.4015
RCHGF004249	279	82.3708	715	138.107
RCHGF004250	450	210.089	393	29.7627
RCHGF004251	807	554.616	1228	35.2282
RCHGF004252	432	194.981	444	36.2305
RCHGF004253	153	23.983	8	5.30727
RCHGF004254	234	56.1901	2657	752.343
RCHGF004255	369	144.576	800	88.0396
RCHGF004256	1287	1034.54	10711	164.727
RCHGF004257	120	16.8418	22	20.7834
RCHGF004258	192	38.4307	4576	1894.49
RCHGF004259	402	170.564	5642	526.294
RCHGF004260	918	665.562	175	4.18344
RCHGF004261	462	220.474	81	5.84536
RCHGF004262	120	16.8418	7	6.61291
RCHGF004263	330	115.902	33	4.53007
RCHGF004264	1041	788.542	137	2.76426
RCHGF004265	708	455.8	67	2.33875
RCHGF004266	1917	1664.54	309	2.95357
RCHGF004267	702	449.818	52	1.83929
RCHGF004268	3519	3266.54	716	3.48745
RCHGF004269	366	142.402	39	4.35744
RCHGF004270	609	358.038	196	8.70986
RCHGF004271	480	236.557	36	2.42131
RCHGF004272	318	107.475	15	2.22059
RCHGF004273	360	137.874	32	3.69275
RCHGF004274	267	75.2403	24	5.0751
RCHGF004275	1683	1430.54	456	5.07163
RCHGF004276	570	320.302	51	2.53335
RCHGF004277	1212	959.542	174	2.88515
RCHGF004278	1734	1481.54	265	2.84587
RCHGF004279	390	160.976	61	6.02912
RCHGF004280	249	64.6179	60	14.7735
RCHGF004281	291	89.5967	42	7.45832
RCHGF004282	144	21.1656	35	26.31
RCHGF004283	306	99.3408	59	9.44949
RCHGF004284	207	44.156	27	9.72876
RCHGF004285	396	165.82	99	9.49908
RCHGF004286	219	49.6064	22	7.05617
RCHGF004287	852	599.574	169	4.48464
RCHGF004288	219	49.6064	27	8.65985
RCHGF004289	585	334.68	58	2.75729
RCHGF004290	261	71.6924	11	2.4412
RCHGF004291	204	42.9052	11	4.07912
RCHGF004292	456	215.383	36	2.65935
RCHGF004293	1383	1130.54	209	2.94133
RCHGF004294	894	641.562	114	2.82716
RCHGF004295	315	105.457	59	8.90144
RCHGF004296	156	25.0854	19	12.0508
RCHGF004297	906	653.562	104	2.5318
RCHGF004298	540	291.668	121	6.60055
RCHGF004299	255	68.1712	19	4.43442
RCHGF004300	123	17.1772	38	35.1978
RCHGF004301	189	37.206	29	12.4014
RCHGF004302	171	30.1573	1438	758.666
RCHGF004303	177	32.1816	32	15.8207
RCHGF004304	168	29.0065	68	37.299
RCHGF004305	303	97.4106	5454	890.826
RCHGF004306	390	160.976	2592	256.188
RCHGF004307	918	665.562	23932	572.103
RCHGF004308	1407	1154.54	2215	30.5244
