-e target_id	length	eff_length	Monoculture_Bi_animalis_lactis_PT33_Late_Replicate_3_HGF2_counts	tpm
RCHGF000001	708	467.56	0	0
RCHGF000002	762	521.56	0	0
RCHGF000003	780	539.56	2	1116.99
RCHGF000004	882	641.56	0	0
RCHGF000005	903	662.56	0	0
RCHGF000006	1215	974.56	0	0
RCHGF000007	855	614.56	0	0
RCHGF000008	561	322.722	0	0
RCHGF000009	522	286.981	1	1050.04
RCHGF000010	447	215.03	0	0
RCHGF000011	714	473.56	0	0
RCHGF000012	1449	1208.56	0	0
RCHGF000013	144	15.2826	0	0
RCHGF000014	639	398.56	0	0
RCHGF000015	480	245.545	0	0
RCHGF000016	744	503.56	0	0
RCHGF000017	849	608.56	0	0
RCHGF000018	387	160.467	0	0
RCHGF000020	519	283.981	0	0
RCHGF000021	156	20.6515	0	0
RCHGF000022	918	677.56	0	0
RCHGF000023	1470	1229.56	0	0
RCHGF000024	948	707.56	0	0
RCHGF000025	2820	2579.56	2	233.638
RCHGF000026	528	292.981	0	0
RCHGF000027	480	245.545	0	0
RCHGF000028	747	506.56	0	0
RCHGF000029	852	611.56	1	492.742
RCHGF000030	852	611.56	0	0
RCHGF000031	2136	1895.56	0	0
RCHGF000032	114	17.25	0	0
RCHGF000033	1155	914.56	0	0
RCHGF000034	2412	2171.56	0	0
RCHGF000035	642	401.56	0	0
RCHGF000036	945	704.56	0	0
RCHGF000037	399	172.091	0	0
RCHGF000038	1875	1634.56	0	0
RCHGF000039	699	458.56	0	0
RCHGF000040	2544	2303.56	4	523.262
RCHGF000041	1098	857.56	0	0
RCHGF000042	2586	2345.56	0	0
RCHGF000043	3450	3209.56	2	187.777
RCHGF000044	390	163.467	0	0
RCHGF000045	834	593.56	0	0
RCHGF000046	816	575.56	0	0
RCHGF000047	1971	1730.56	1	174.129
RCHGF000048	813	572.56	2	1052.61
RCHGF000049	1026	785.56	0	0
RCHGF000050	1857	1616.56	0	0
RCHGF000051	1692	1451.56	1	207.598
RCHGF000052	126	12.1875	0	0
RCHGF000053	165	24.8148	0	0
RCHGF000054	135	13.3103	1	22639.6
RCHGF000055	447	215.03	0	0
RCHGF000056	126	12.1875	0	0
RCHGF000057	408	179.925	0	0
RCHGF000058	639	398.56	0	0
RCHGF000059	933	692.56	1	435.112
RCHGF000060	675	434.56	0	0
RCHGF000061	744	503.56	0	0
RCHGF000062	1182	941.56	0	0
RCHGF000063	1974	1733.56	1	173.828
RCHGF000064	1479	1238.56	0	0
RCHGF000065	900	659.56	2	913.764
RCHGF000066	687	446.56	1	674.806
RCHGF000067	1395	1154.56	0	0
RCHGF000068	894	653.56	0	0
RCHGF000069	687	446.56	0	0
RCHGF000070	873	632.56	0	0
RCHGF000071	363	139.549	0	0
RCHGF000072	117	12.8571	0	0
RCHGF000073	861	620.56	0	0
RCHGF000074	732	491.56	0	0
RCHGF000075	207	41.4809	0	0
RCHGF000076	276	78.1982	0	0
RCHGF000077	288	84.6492	0	0
RCHGF000078	1566	1325.56	0	0
RCHGF000079	288	84.6492	0	0
RCHGF000080	459	225.593	0	0
RCHGF000081	450	218.03	0	0
RCHGF000082	411	182.925	0	0
RCHGF000083	369	144.896	0	0
RCHGF000084	1497	1256.56	0	0
RCHGF000085	726	485.56	0	0
RCHGF000086	585	346.036	0	0
RCHGF000087	1785	1544.56	0	0
RCHGF000088	1746	1505.56	0	0
RCHGF000089	615	374.56	0	0
RCHGF000090	354	131.466	1	2292.17
RCHGF000091	1878	1637.56	0	0
RCHGF000092	1446	1205.56	1	249.959
RCHGF000093	513	277.981	2	2168.07
RCHGF000094	672	431.56	0	0
RCHGF000095	1434	1193.56	0	0
RCHGF000096	987	746.56	0	0
RCHGF000097	1050	809.56	0	0
RCHGF000098	1203	962.56	0	0
RCHGF000099	1329	1088.56	0	0
RCHGF000100	207	41.4809	0	0
RCHGF000101	765	524.56	1	574.465
RCHGF000102	1164	923.56	1	326.282
RCHGF000103	1707	1466.56	0	0
RCHGF000104	1047	806.56	0	0
RCHGF000105	2346	2105.56	0	0
RCHGF000106	753	512.56	0	0
RCHGF000107	195	35.4295	1	8505.38
RCHGF000108	195	35.4295	0	0
RCHGF000109	666	425.56	0	0
RCHGF000110	1152	911.56	0	0
RCHGF000111	1008	767.56	0	0
RCHGF000112	996	755.56	0	0
RCHGF000113	828	587.56	0	0
RCHGF000114	798	557.56	0	0
RCHGF000115	474	240.593	0	0
RCHGF000116	417	188.108	0	0
RCHGF000117	819	578.56	0	0
RCHGF000118	2754	2513.56	0	0
RCHGF000119	981	740.56	0	0
RCHGF000121	474	240.593	0	0
RCHGF000122	912	671.56	0	0
RCHGF000123	1251	1010.56	0	0
RCHGF000124	492	257.545	0	0
RCHGF000125	672	431.56	0	0
RCHGF000126	375	150.23	0	0
RCHGF000127	1632	1391.56	0	0
RCHGF000128	333	115.107	0	0
RCHGF000129	1206	965.56	0	0
RCHGF000130	1470	1229.56	0	0
RCHGF000131	987	746.56	0	0
RCHGF000132	900	659.56	0	0
RCHGF000133	657	416.56	0	0
RCHGF000134	2331	2090.56	2	288.288
RCHGF000135	1776	1535.56	0	0
RCHGF000136	120	12.7778	0	0
RCHGF000137	597	356.56	0	0
RCHGF000138	1125	884.56	1	340.668
RCHGF000139	978	737.56	0	0
RCHGF000140	489	254.545	0	0
RCHGF000141	1188	947.56	0	0
RCHGF000142	135	13.3103	0	0
RCHGF000143	174	28.9694	0	0
RCHGF000144	735	494.56	0	0
RCHGF000145	702	461.56	0	0
RCHGF000146	777	536.56	0	0
RCHGF000147	243	58.2826	0	0
RCHGF000148	399	172.091	5	8755.27
RCHGF000149	750	509.56	0	0
RCHGF000151	2724	2483.56	0	0
RCHGF000152	729	488.56	0	0
RCHGF000153	444	212.959	0	0
RCHGF000154	765	524.56	0	0
RCHGF000155	1194	953.56	0	0
RCHGF000156	909	668.56	0	0
RCHGF000157	744	503.56	0	0
RCHGF000158	555	317.395	0	0
RCHGF000159	1041	800.56	0	0
RCHGF000160	927	686.56	0	0
RCHGF000161	1488	1247.56	0	0
RCHGF000162	1671	1430.56	0	0
RCHGF000163	1053	812.56	0	0
RCHGF000165	1038	797.56	0	0
RCHGF000166	2400	2159.56	0	0
RCHGF000167	120	12.7778	0	0
RCHGF000168	873	632.56	0	0
RCHGF000169	1836	1595.56	3	566.587
RCHGF000170	552	314.395	1	958.48
RCHGF000171	1230	989.56	0	0
RCHGF000172	558	319.722	0	0
RCHGF000173	468	234.593	1	1284.53
RCHGF000174	150	18.3091	0	0
RCHGF000175	1656	1415.56	0	0
RCHGF000176	873	632.56	1	476.384
RCHGF000177	390	163.467	0	0
RCHGF000178	876	635.56	1	474.135
RCHGF000179	996	755.56	1	398.832
RCHGF000180	120	12.7778	0	0
RCHGF000181	813	572.56	0	0
RCHGF000182	786	545.56	0	0
RCHGF000183	1230	989.56	0	0
RCHGF000184	447	215.03	0	0
RCHGF000185	1398	1157.56	1	260.324
RCHGF000186	525	289.981	0	0
RCHGF000187	741	500.56	0	0
RCHGF000188	456	223.556	0	0
RCHGF000189	1380	1139.56	0	0
RCHGF000190	1140	899.56	0	0
RCHGF000191	1401	1160.56	0	0
RCHGF000192	624	383.56	0	0
RCHGF000193	1539	1298.56	0	0
RCHGF000194	1209	968.56	0	0
RCHGF000195	897	656.56	1	458.97
RCHGF000196	1458	1217.56	0	0
RCHGF000197	969	728.56	0	0
RCHGF000198	1287	1046.56	0	0
RCHGF000199	1242	1001.56	0	0
RCHGF000200	1446	1205.56	0	0
RCHGF000201	1185	944.56	0	0
RCHGF000202	162	24.6667	0	0
RCHGF000203	582	343.036	0	0
RCHGF000204	1209	968.56	0	0
RCHGF000205	720	479.56	0	0
RCHGF000206	1503	1262.56	0	0
RCHGF000207	1101	860.56	0	0
RCHGF000208	1332	1091.56	0	0
RCHGF000209	2175	1934.56	0	0
RCHGF000210	1710	1469.56	0	0
RCHGF000212	1578	1337.56	0	0
RCHGF000213	1425	1184.56	0	0
RCHGF000214	315	102.37	0	0
RCHGF000215	435	204.404	0	0
RCHGF000216	723	482.56	0	0
RCHGF000217	111	19.6667	0	0
RCHGF000218	651	410.56	0	0
RCHGF000219	1050	809.56	0	0
RCHGF000220	132	13.9545	0	0
RCHGF000221	726	485.56	0	0
RCHGF000222	1038	797.56	0	0
RCHGF000223	1254	1013.56	0	0
RCHGF000224	654	413.56	0	0
RCHGF000225	522	286.981	0	0
RCHGF000226	1080	839.56	0	0
RCHGF000227	282	81.6734	0	0
RCHGF000228	1026	785.56	0	0
RCHGF000229	336	117.834	0	0
RCHGF000230	711	470.56	0	0
RCHGF000231	678	437.56	0	0
RCHGF000232	456	223.556	0	0
RCHGF000233	534	298.981	0	0
RCHGF000234	645	404.56	0	0
RCHGF000235	3291	3050.56	1	98.7822
RCHGF000236	552	314.395	0	0
RCHGF000237	2649	2408.56	1	125.113
RCHGF000238	321	106.825	1	2820.88
RCHGF000240	942	701.56	0	0
RCHGF000241	588	348.306	0	0
RCHGF000242	459	225.593	0	0
RCHGF000243	1050	809.56	0	0
RCHGF000244	1551	1310.56	0	0
RCHGF000245	783	542.56	0	0
RCHGF000246	1434	1193.56	0	0
RCHGF000247	1656	1415.56	0	0
RCHGF000248	2358	2117.56	0	0
RCHGF000249	1101	860.56	1	350.169
RCHGF000250	1539	1298.56	0	0
RCHGF000251	1095	854.56	0	0
RCHGF000252	951	710.56	0	0
RCHGF000253	1254	1013.56	0	0
RCHGF000254	1281	1040.56	0	0
RCHGF000255	426	196.272	0	0
RCHGF000256	600	359.56	1	838.083
RCHGF000257	1752	1511.56	0	0
RCHGF000258	1128	887.56	0	0
RCHGF000259	1206	965.56	1	312.09
RCHGF000260	168	25.2444	0	0
RCHGF000261	540	304.333	0	0
RCHGF000262	816	575.56	0	0
RCHGF000263	1410	1169.56	1	257.653
RCHGF000264	978	737.56	0	0
RCHGF000265	225	46.6557	0	0
RCHGF000266	207	41.4809	0	0
RCHGF000267	150	18.3091	0	0
RCHGF000268	213	44.5561	0	0
RCHGF000269	759	518.56	0	0
RCHGF000270	939	698.56	0	0
RCHGF000271	114	17.25	0	0
RCHGF000272	2676	2435.56	0	0
RCHGF000273	270	74.6758	0	0
RCHGF000274	204	39.5787	0	0
RCHGF000275	501	265.981	0	0
RCHGF000276	735	494.56	0	0
RCHGF000277	585	346.036	0	0
RCHGF000279	345	124.846	0	0
RCHGF000280	600	359.56	0	0
RCHGF000281	591	351.306	0	0
RCHGF000282	864	623.56	0	0
RCHGF000283	621	380.56	0	0
RCHGF000284	375	150.23	0	0
RCHGF000285	429	198.842	0	0
RCHGF000286	945	704.56	1	427.701
RCHGF000287	729	488.56	0	0
RCHGF000288	2244	2003.56	0	0
RCHGF000289	1296	1055.56	0	0
RCHGF000290	906	665.56	0	0
RCHGF000291	207	41.4809	0	0
RCHGF000292	951	710.56	0	0
RCHGF000293	885	644.56	1	467.515
RCHGF000294	135	13.3103	0	0
RCHGF000295	711	470.56	0	0
RCHGF000296	540	304.333	0	0
RCHGF000297	702	461.56	0	0
RCHGF000298	771	530.56	0	0
RCHGF000299	1164	923.56	0	0
RCHGF000300	1056	815.56	0	0
RCHGF000301	486	251.545	0	0
RCHGF000302	1125	884.56	0	0
RCHGF000303	264	69.5542	16	69319.5
RCHGF000304	873	632.56	0	0
RCHGF000305	954	713.56	0	0
RCHGF000306	294	88.7378	0	0
RCHGF000307	939	698.56	0	0
RCHGF000308	1806	1565.56	0	0
RCHGF000309	840	599.56	0	0
RCHGF000310	1101	860.56	0	0
RCHGF000311	1026	785.56	0	0
RCHGF000312	264	69.5542	2	8664.93
RCHGF000313	2208	1967.56	1	153.155
RCHGF000314	1389	1148.56	2	524.729
RCHGF000315	669	428.56	0	0
RCHGF000316	327	110.446	0	0
RCHGF000317	711	470.56	0	0
RCHGF000318	1302	1061.56	0	0
RCHGF000319	375	150.23	0	0
RCHGF000320	549	311.395	0	0
RCHGF000321	993	752.56	0	0
RCHGF000323	1233	992.56	0	0
RCHGF000324	771	530.56	0	0
RCHGF000325	576	337.036	0	0
RCHGF000326	864	623.56	0	0
RCHGF000327	177	30.534	0	0
RCHGF000328	162	24.6667	0	0
RCHGF000329	930	689.56	0	0
RCHGF000330	978	737.56	0	0
RCHGF000331	1005	764.56	0	0
RCHGF000332	798	557.56	0	0
RCHGF000333	522	286.981	0	0
RCHGF000334	1650	1409.56	0	0
RCHGF000335	699	458.56	0	0
RCHGF000336	459	225.593	0	0
RCHGF000337	1299	1058.56	0	0
RCHGF000338	282	81.6734	0	0
RCHGF000339	558	319.722	0	0
RCHGF000340	171	27.1064	0	0
RCHGF000341	330	112.644	0	0
RCHGF000342	597	356.56	0	0
RCHGF000343	1161	920.56	0	0
RCHGF000344	519	283.981	0	0
RCHGF000345	771	530.56	0	0
RCHGF000346	564	325.036	0	0
RCHGF000347	645	404.56	0	0
RCHGF000348	1029	788.56	0	0
RCHGF000349	681	440.56	0	0
RCHGF000350	831	590.56	0	0
RCHGF000351	402	175.091	0	0
RCHGF000352	1038	797.56	0	0
RCHGF000353	771	530.56	0	0
RCHGF000354	717	476.56	0	0
RCHGF000355	150	18.3091	0	0
RCHGF000356	993	752.56	0	0
RCHGF000357	1014	773.56	1	389.551
RCHGF000358	1263	1022.56	1	294.693
RCHGF000359	135	13.3103	0	0
RCHGF000360	903	662.56	0	0
RCHGF000361	1992	1751.56	0	0
RCHGF000362	870	629.56	0	0
RCHGF000363	1176	935.56	0	0
RCHGF000364	510	274.981	0	0
RCHGF000365	1290	1049.56	0	0
RCHGF000366	1002	761.56	0	0
RCHGF000367	759	518.56	1	581.111
RCHGF000368	840	599.56	0	0
RCHGF000369	1383	1142.56	0	0
RCHGF000370	240	56.5519	0	0
RCHGF000372	2397	2156.56	0	0
RCHGF000373	867	626.56	0	0
RCHGF000374	1239	998.56	0	0
RCHGF000375	138	15.3871	0	0
RCHGF000377	215	44.3786	0	0
RCHGF000379	750	509.56	0	0
RCHGF000380	594	354.306	0	0
RCHGF000381	330	112.644	0	0
RCHGF000382	1098	857.56	0	0
RCHGF000383	558	319.722	0	0
RCHGF000384	300	92.1234	0	0
RCHGF000385	1053	812.56	0	0
RCHGF000386	474	240.593	0	0
RCHGF000387	396	169.091	0	0
RCHGF000388	663	422.56	0	0
RCHGF000389	834	593.56	0	0
RCHGF000390	744	503.56	0	0
RCHGF000391	735	494.56	0	0
RCHGF000392	1053	812.56	0	0
RCHGF000393	867	626.56	0	0
RCHGF000394	1026	785.56	0	0
RCHGF000395	1431	1190.56	0	0
RCHGF000396	1275	1034.56	0	0
RCHGF000397	561	322.722	0	0
RCHGF000398	3159	2918.56	0	0
RCHGF000399	1293	1052.56	0	0
RCHGF000400	300	92.1234	0	0
RCHGF000401	309	98.6496	0	0
RCHGF000402	645	404.56	0	0
RCHGF000403	312	100.638	0	0
RCHGF000404	141	15.5946	0	0
RCHGF000405	591	351.306	0	0
RCHGF000406	1173	932.56	0	0
RCHGF000407	1572	1331.56	0	0
RCHGF000408	831	590.56	0	0
RCHGF000409	468	234.593	0	0
RCHGF000410	207	41.4809	0	0
RCHGF000411	462	228.593	0	0
RCHGF000412	300	92.1234	0	0
RCHGF000413	288	84.6492	1	3559.88
RCHGF000414	492	257.545	0	0
RCHGF000415	240	56.5519	0	0
RCHGF000416	1173	932.56	0	0
RCHGF000417	792	551.56	0	0
RCHGF000418	3453	3212.56	0	0
RCHGF000419	558	319.722	0	0
RCHGF000420	162	24.6667	0	0
RCHGF000421	1353	1112.56	0	0
RCHGF000422	804	563.56	0	0
RCHGF000423	1359	1118.56	0	0
RCHGF000424	852	611.56	0	0
RCHGF000425	1041	800.56	0	0
RCHGF000426	837	596.56	0	0
RCHGF000427	783	542.56	0	0
RCHGF000428	477	243.593	0	0
RCHGF000429	438	206.959	0	0
RCHGF000430	1455	1214.56	0	0
RCHGF000431	843	602.56	0	0
RCHGF000432	1041	800.56	0	0
RCHGF000433	1914	1673.56	0	0
RCHGF000434	666	425.56	0	0
RCHGF000435	717	476.56	0	0
RCHGF000436	465	231.593	0	0
RCHGF000437	1188	947.56	0	0
RCHGF000438	1416	1175.56	0	0
RCHGF000439	1086	845.56	0	0
RCHGF000440	261	66.9782	0	0
RCHGF000441	2100	1859.56	0	0
RCHGF000442	612	371.56	0	0
RCHGF000443	993	752.56	0	0
RCHGF000444	324	108.776	0	0
RCHGF000445	132	13.9545	0	0
RCHGF000446	381	156.23	0	0
RCHGF000447	135	13.3103	0	0
RCHGF000448	144	15.2826	0	0
RCHGF000449	1356	1115.56	3	810.376
RCHGF000450	1116	875.56	0	0
RCHGF000451	192	34.9448	0	0
RCHGF000452	201	37.8895	0	0
RCHGF000453	1098	857.56	0	0
RCHGF000454	1941	1700.56	0	0
RCHGF000455	2511	2270.56	0	0
RCHGF000457	1284	1043.56	0	0
RCHGF000459	453	220.556	0	0
RCHGF000460	1806	1565.56	0	0
RCHGF000461	306	96.9016	1	3109.77
RCHGF000462	594	354.306	0	0
RCHGF000463	933	692.56	0	0
RCHGF000464	555	317.395	0	0
RCHGF000465	771	530.56	0	0
RCHGF000466	1218	977.56	0	0
RCHGF000467	2529	2288.56	0	0
RCHGF000468	2085	1844.56	0	0
RCHGF000469	909	668.56	0	0
RCHGF000470	738	497.56	0	0
RCHGF000471	777	536.56	0	0
RCHGF000472	843	602.56	0	0
RCHGF000473	336	117.834	0	0
RCHGF000474	558	319.722	0	0
RCHGF000475	648	407.56	0	0
RCHGF000476	147	16.6275	0	0
RCHGF000477	630	389.56	0	0
RCHGF000478	975	734.56	0	0
RCHGF000479	1068	827.56	0	0
RCHGF000480	855	614.56	0	0
RCHGF000481	693	452.56	0	0
RCHGF000482	678	437.56	0	0
RCHGF000483	1641	1400.56	0	0
RCHGF000484	2343	2102.56	1	143.321
RCHGF000485	546	308.395	0	0
RCHGF000486	111	19.6667	0	0
RCHGF000487	486	251.545	0	0
RCHGF000488	441	209.959	0	0
RCHGF000489	1035	794.56	0	0
RCHGF000490	312	100.638	0	0
RCHGF000491	2640	2399.56	0	0
RCHGF000492	1941	1700.56	0	0
RCHGF000493	366	142.549	0	0
RCHGF000494	1773	1532.56	0	0
RCHGF000495	477	243.593	0	0
RCHGF000496	765	524.56	0	0
RCHGF000497	762	521.56	0	0
RCHGF000498	939	698.56	0	0
RCHGF000499	846	605.56	0	0
RCHGF000500	1260	1019.56	0	0
RCHGF000501	1014	773.56	0	0
RCHGF000502	1095	854.56	0	0
RCHGF000503	1011	770.56	0	0
RCHGF000504	1083	842.56	0	0
RCHGF000505	1233	992.56	0	0
RCHGF000506	165	24.8148	0	0
RCHGF000507	921	680.56	0	0
RCHGF000508	348	126.963	0	0
RCHGF000509	138	15.3871	0	0
RCHGF000510	153	20.6667	0	0
RCHGF000512	498	263.545	0	0
RCHGF000513	3693	3452.56	0	0
RCHGF000514	1572	1331.56	0	0
RCHGF000515	1029	788.56	1	382.141
RCHGF000516	585	346.036	0	0
RCHGF000517	1530	1289.56	0	0
RCHGF000518	438	206.959	0	0
RCHGF000519	690	449.56	1	670.302
RCHGF000520	750	509.56	0	0
RCHGF000521	1224	983.56	0	0
RCHGF000522	714	473.56	0	0
RCHGF000523	369	144.896	0	0
RCHGF000524	327	110.446	0	0
RCHGF000526	186	31.947	0	0
RCHGF000527	561	322.722	0	0
RCHGF000528	807	566.56	0	0
RCHGF000529	627	386.56	0	0
RCHGF000530	273	75.4243	3	11985.8
RCHGF000531	678	437.56	0	0
RCHGF000532	1053	812.56	0	0
RCHGF000533	978	737.56	0	0
RCHGF000534	519	283.981	0	0
RCHGF000535	702	461.56	0	0
RCHGF000536	573	334.036	0	0
RCHGF000537	1323	1082.56	0	0
RCHGF000538	639	398.56	0	0
RCHGF000539	1641	1400.56	0	0
RCHGF000540	1764	1523.56	0	0
RCHGF000541	756	515.56	0	0
RCHGF000542	894	653.56	0	0
RCHGF000543	2409	2168.56	0	0
RCHGF000544	1371	1130.56	0	0
RCHGF000545	960	719.56	0	0
RCHGF000546	165	24.8148	0	0
RCHGF000547	378	153.23	0	0
RCHGF000548	426	196.272	0	0
RCHGF000549	471	237.593	0	0
RCHGF000550	840	599.56	0	0
RCHGF000551	702	461.56	0	0
RCHGF000552	1836	1595.56	0	0
RCHGF000553	312	100.638	0	0
RCHGF000554	1257	1016.56	0	0
RCHGF000555	345	124.846	0	0
RCHGF000556	1443	1202.56	0	0
RCHGF000557	873	632.56	0	0
RCHGF000558	795	554.56	0	0
RCHGF000559	747	506.56	0	0
RCHGF000560	1356	1115.56	0	0
RCHGF000561	453	220.556	0	0
RCHGF000562	477	243.593	0	0
RCHGF000563	1587	1346.56	0	0
RCHGF000564	816	575.56	0	0
RCHGF000565	543	305.395	0	0
RCHGF000566	600	359.56	0	0
RCHGF000567	873	632.56	0	0
RCHGF000568	837	596.56	0	0
RCHGF000569	828	587.56	0	0
RCHGF000570	717	476.56	0	0
RCHGF000571	1341	1100.56	0	0
RCHGF000572	774	533.56	0	0
RCHGF000573	1353	1112.56	1	270.854
RCHGF000574	951	710.56	0	0
RCHGF000575	354	131.466	0	0
RCHGF000576	1647	1406.56	0	0
RCHGF000577	669	428.56	0	0
RCHGF000578	1110	869.56	0	0
RCHGF000579	714	473.56	0	0
RCHGF000580	504	268.981	0	0
RCHGF000581	762	521.56	0	0
RCHGF000582	762	521.56	0	0
RCHGF000583	768	527.56	0	0
RCHGF000584	357	134.165	0	0
RCHGF000585	252	62.936	6	28728.3
RCHGF000586	1329	1088.56	1	276.826
RCHGF000587	765	524.56	0	0
RCHGF000588	222	46.1602	0	0
RCHGF000589	369	144.896	0	0
RCHGF000590	357	134.165	0	0
RCHGF000592	3047	2806.56	0	0
RCHGF000594	1983	1742.56	1	172.93
RCHGF000595	1425	1184.56	0	0
RCHGF000596	237	54.7841	0	0
RCHGF000597	180	30.4912	0	0
RCHGF000598	903	662.56	0	0
RCHGF000599	882	641.56	0	0
RCHGF000600	1116	875.56	0	0
RCHGF000601	1755	1514.56	1	198.963
RCHGF000602	1134	893.56	0	0
RCHGF000603	1032	791.56	0	0
RCHGF000604	1392	1151.56	0	0
RCHGF000605	891	650.56	0	0
RCHGF000606	1026	785.56	0	0
RCHGF000607	1707	1466.56	1	205.475
RCHGF000608	1455	1214.56	1	248.107
RCHGF000609	1098	857.56	0	0
RCHGF000610	951	710.56	0	0
RCHGF000611	900	659.56	0	0
RCHGF000612	1146	905.56	0	0
RCHGF000613	1119	878.56	0	0
RCHGF000614	825	584.56	1	515.501
RCHGF000615	1149	908.56	1	331.669
RCHGF000616	624	383.56	0	0
RCHGF000617	597	356.56	0	0
RCHGF000618	1224	983.56	1	306.378
RCHGF000619	510	274.981	1	1095.86
RCHGF000620	1902	1661.56	1	181.36
RCHGF000621	237	54.7841	0	0
RCHGF000622	153	20.6667	0	0
RCHGF000623	291	87.6492	0	0
RCHGF000624	402	175.091	0	0
RCHGF000625	111	19.6667	0	0
RCHGF000626	963	722.56	0	0
RCHGF000627	1191	950.56	0	0
RCHGF000628	204	39.5787	0	0
RCHGF000629	1140	899.56	0	0
RCHGF000631	567	328.036	0	0
RCHGF000632	720	479.56	0	0
RCHGF000633	195	35.4295	0	0
RCHGF000634	438	206.959	0	0
RCHGF000635	879	638.56	0	0
RCHGF000636	1491	1250.56	1	240.965
RCHGF000637	1179	938.56	0	0
RCHGF000638	1308	1067.56	0	0
RCHGF000639	1023	782.56	0	0
RCHGF000640	120	12.7778	0	0
RCHGF000641	408	179.925	1	1674.82
RCHGF000642	780	539.56	0	0
RCHGF000643	354	131.466	0	0
RCHGF000644	177	30.534	0	0
RCHGF000645	786	545.56	0	0
RCHGF000646	138	15.3871	0	0
RCHGF000647	762	521.56	0	0
RCHGF000648	909	668.56	0	0
RCHGF000649	198	36.6707	0	0
RCHGF000650	1101	860.56	0	0
RCHGF000651	114	17.25	0	0
RCHGF000652	780	539.56	0	0
RCHGF000653	111	19.6667	0	0
RCHGF000654	1104	863.56	0	0
RCHGF000655	1167	926.56	0	0
RCHGF000656	120	12.7778	0	0
RCHGF000657	891	650.56	0	0
RCHGF000658	117	12.8571	0	0
RCHGF000659	2055	1814.56	0	0
RCHGF000660	309	98.6496	0	0
RCHGF000661	1239	998.56	0	0
RCHGF000662	324	108.776	0	0
RCHGF000663	1443	1202.56	0	0
RCHGF000664	1188	947.56	0	0
RCHGF000665	174	28.9694	0	0
RCHGF000666	537	301.981	0	0
RCHGF000667	1215	974.56	0	0
RCHGF000668	2190	1949.56	0	0
RCHGF000669	123	11.4615	0	0
RCHGF000670	528	292.981	0	0
RCHGF000671	144	15.2826	0	0
RCHGF000672	813	572.56	0	0
RCHGF000673	423	193.272	0	0
RCHGF000674	141	15.5946	0	0
RCHGF000675	765	524.56	1	574.465
RCHGF000676	558	319.722	0	0
RCHGF000677	849	608.56	0	0
RCHGF000678	1119	878.56	0	0
RCHGF000679	144	15.2826	0	0
RCHGF000680	1035	794.56	0	0
RCHGF000681	666	425.56	0	0
RCHGF000682	918	677.56	0	0
RCHGF000683	747	506.56	0	0
RCHGF000684	204	39.5787	0	0
RCHGF000685	960	719.56	0	0
RCHGF000686	798	557.56	0	0
RCHGF000687	777	536.56	0	0
RCHGF000688	777	536.56	0	0
RCHGF000689	123	11.4615	0	0
RCHGF000690	921	680.56	0	0
RCHGF000691	300	92.1234	0	0
RCHGF000692	822	581.56	0	0
RCHGF000693	780	539.56	0	0
RCHGF000694	468	234.593	0	0
RCHGF000695	738	497.56	0	0
RCHGF000696	408	179.925	0	0
RCHGF000697	2712	2471.56	0	0
RCHGF000698	1215	974.56	0	0
RCHGF000699	1224	983.56	0	0
RCHGF000700	600	359.56	0	0
RCHGF000701	729	488.56	0	0
RCHGF000702	1737	1496.56	0	0
RCHGF000703	552	314.395	0	0
RCHGF000704	774	533.56	0	0
RCHGF000705	756	515.56	0	0
RCHGF000706	699	458.56	0	0
RCHGF000707	858	617.56	0	0
RCHGF000708	873	632.56	0	0
RCHGF000709	309	98.6496	0	0
RCHGF000710	888	647.56	0	0
RCHGF000711	837	596.56	1	505.131
RCHGF000712	489	254.545	1	1183.84
RCHGF000713	426	196.272	0	0
RCHGF000714	984	743.56	0	0
RCHGF000715	891	650.56	0	0
RCHGF000716	324	108.776	0	0
RCHGF000717	819	578.56	0	0
RCHGF000718	819	578.56	1	520.847
RCHGF000719	531	295.981	0	0
RCHGF000720	1152	911.56	0	0
RCHGF000721	558	319.722	0	0
RCHGF000722	624	383.56	0	0
RCHGF000723	762	521.56	0	0
RCHGF000724	882	641.56	0	0
RCHGF000725	1356	1115.56	0	0
RCHGF000726	405	176.925	0	0
RCHGF000727	540	304.333	0	0
RCHGF000728	1338	1097.56	0	0
RCHGF000729	1065	824.56	0	0
RCHGF000730	624	383.56	0	0
RCHGF000731	660	419.56	0	0
RCHGF000732	1005	764.56	0	0
RCHGF000733	192	34.9448	0	0
RCHGF000734	684	443.56	0	0
RCHGF000735	423	193.272	0	0
RCHGF000736	2136	1895.56	0	0
RCHGF000737	930	689.56	0	0
RCHGF000738	936	695.56	0	0
RCHGF000739	642	401.56	0	0
RCHGF000740	507	271.981	0	0
RCHGF000741	939	698.56	0	0
RCHGF000742	225	46.6557	0	0
RCHGF000743	846	605.56	1	497.624
RCHGF000744	393	166.467	0	0
RCHGF000745	684	443.56	0	0
RCHGF000746	378	153.23	0	0
RCHGF000747	1068	827.56	0	0
RCHGF000748	150	18.3091	0	0
RCHGF000749	654	413.56	0	0
RCHGF000750	849	608.56	1	495.171
RCHGF000751	369	144.896	0	0
RCHGF000752	123	11.4615	0	0
RCHGF000753	918	677.56	0	0
RCHGF000754	117	12.8571	0	0
RCHGF000755	1131	890.56	0	0
RCHGF000756	693	452.56	0	0
RCHGF000757	132	13.9545	0	0
RCHGF000758	432	201.404	0	0
RCHGF000759	510	274.981	0	0
RCHGF000760	489	254.545	0	0
RCHGF000762	996	755.56	0	0
RCHGF000763	411	182.925	0	0
RCHGF000764	1065	824.56	0	0
RCHGF000765	1944	1703.56	0	0
RCHGF000766	936	695.56	0	0
RCHGF000767	552	314.395	0	0
RCHGF000769	345	124.846	0	0
RCHGF000770	1254	1013.56	0	0
RCHGF000771	594	354.306	0	0
RCHGF000772	528	292.981	0	0
RCHGF000773	1098	857.56	0	0
RCHGF000774	2265	2024.56	0	0
RCHGF000775	1611	1370.56	0	0
RCHGF000776	318	104.344	0	0
RCHGF000777	411	182.925	0	0
RCHGF000778	642	401.56	0	0
RCHGF000779	1218	977.56	0	0
RCHGF000780	537	301.981	0	0
RCHGF000781	129	14.3529	0	0
RCHGF000782	129	14.3529	0	0
RCHGF000783	687	446.56	0	0
RCHGF000784	1080	839.56	0	0
RCHGF000785	402	175.091	3	5163.15
RCHGF000786	861	620.56	0	0
RCHGF000787	1857	1616.56	0	0
RCHGF000788	1722	1481.56	0	0
RCHGF000789	426	196.272	0	0
RCHGF000790	138	15.3871	0	0
RCHGF000791	2001	1760.56	0	0
RCHGF000792	129	14.3529	0	0
RCHGF000793	297	89.8386	0	0
RCHGF000794	654	413.56	0	0
RCHGF000795	459	225.593	0	0
RCHGF000796	609	368.56	0	0
RCHGF000797	183	31.6694	0	0
RCHGF000798	339	119.995	0	0
RCHGF000799	219	46.2361	0	0
RCHGF000800	3315	3074.56	0	0
RCHGF000801	666	425.56	0	0
RCHGF000802	1422	1181.56	0	0
RCHGF000803	3246	3005.56	0	0
RCHGF000804	702	461.56	0	0
RCHGF000805	330	112.644	0	0
RCHGF000806	678	437.56	0	0
RCHGF000807	774	533.56	0	0
RCHGF000808	159	23	0	0
RCHGF000809	2202	1961.56	0	0
RCHGF000810	1965	1724.56	0	0
RCHGF000811	363	139.549	0	0
RCHGF000812	111	19.6667	0	0
RCHGF000813	132	13.9545	0	0
RCHGF000814	1491	1250.56	0	0
RCHGF000815	129	14.3529	0	0
RCHGF000816	1731	1490.56	0	0
RCHGF000817	450	218.03	0	0
RCHGF000818	159	23	0	0
RCHGF000819	1677	1436.56	0	0
RCHGF000820	141	15.5946	0	0
RCHGF000821	165	24.8148	0	0
RCHGF000822	801	560.56	1	537.572
RCHGF000823	843	602.56	0	0
RCHGF000824	855	614.56	0	0
RCHGF000825	2424	2183.56	0	0
RCHGF000826	627	386.56	0	0
RCHGF000827	885	644.56	0	0
RCHGF000828	609	368.56	0	0
RCHGF000829	861	620.56	0	0
RCHGF000830	1248	1007.56	0	0
RCHGF000831	840	599.56	0	0
RCHGF000832	759	518.56	0	0
RCHGF000833	471	237.593	0	0
RCHGF000834	468	234.593	0	0
RCHGF000835	435	204.404	0	0
RCHGF000836	306	96.9016	0	0
RCHGF000837	1167	926.56	0	0
RCHGF000838	117	12.8571	0	0
RCHGF000839	117	12.8571	0	0
RCHGF000840	1998	1757.56	0	0
RCHGF000841	624	383.56	0	0
RCHGF000842	690	449.56	0	0
RCHGF000843	714	473.56	0	0
RCHGF000844	510	274.981	0	0
RCHGF000845	561	322.722	0	0
RCHGF000846	903	662.56	0	0
RCHGF000847	663	422.56	0	0
RCHGF000848	771	530.56	0	0
RCHGF000849	1371	1130.56	0	0
RCHGF000850	588	348.306	0	0
RCHGF000851	669	428.56	0	0
RCHGF000852	639	398.56	0	0
RCHGF000853	816	575.56	0	0
RCHGF000855	1593	1352.56	0	0
RCHGF000856	222	46.1602	0	0
RCHGF000857	303	94.3958	0	0
RCHGF000858	153	20.6667	0	0
RCHGF000860	1446	1205.56	0	0
RCHGF000861	576	337.036	0	0
RCHGF000862	1017	776.56	0	0
RCHGF000863	765	524.56	0	0
RCHGF000864	603	362.56	0	0
RCHGF000865	1182	941.56	0	0
RCHGF000866	792	551.56	0	0
RCHGF000867	1455	1214.56	0	0
RCHGF000868	591	351.306	0	0
RCHGF000869	666	425.56	0	0
RCHGF000870	411	182.925	0	0
RCHGF000871	423	193.272	0	0
RCHGF000872	696	455.56	0	0
RCHGF000873	282	81.6734	0	0
RCHGF000874	213	44.5561	0	0
RCHGF000875	399	172.091	0	0
RCHGF000876	888	647.56	0	0
RCHGF000877	384	157.819	0	0
RCHGF000878	348	126.963	0	0
RCHGF000879	915	674.56	0	0
RCHGF000880	666	425.56	0	0
RCHGF000881	801	560.56	0	0
RCHGF000882	225	46.6557	0	0
RCHGF000883	153	20.6667	0	0
RCHGF000884	942	701.56	0	0
RCHGF000885	1128	887.56	0	0
RCHGF000886	135	13.3103	0	0
RCHGF000887	1449	1208.56	0	0
RCHGF000888	600	359.56	1	838.083
RCHGF000889	1215	974.56	0	0
RCHGF000890	324	108.776	0	0
RCHGF000891	1920	1679.56	0	0
RCHGF000892	306	96.9016	0	0
RCHGF000893	726	485.56	0	0
RCHGF000894	177	30.534	0	0
RCHGF000895	285	83.0421	0	0
RCHGF000896	327	110.446	0	0
RCHGF000897	1428	1187.56	0	0
RCHGF000898	1494	1253.56	0	0
RCHGF000899	240	56.5519	1	5328.58
RCHGF000900	366	142.549	0	0
RCHGF000901	903	662.56	0	0
RCHGF000902	465	231.593	0	0
RCHGF000903	513	277.981	0	0
RCHGF000904	990	749.56	0	0
RCHGF000905	912	671.56	0	0
RCHGF000906	798	557.56	0	0
RCHGF000907	564	325.036	0	0
RCHGF000908	906	665.56	0	0
RCHGF000909	810	569.56	0	0
RCHGF000910	1830	1589.56	0	0
RCHGF000911	1731	1490.56	0	0
RCHGF000912	1170	929.56	0	0
RCHGF000913	795	554.56	0	0
RCHGF000914	1338	1097.56	0	0
RCHGF000915	729	488.56	0	0
RCHGF000916	198	36.6707	0	0
RCHGF000917	1008	767.56	0	0
RCHGF000918	549	311.395	0	0
RCHGF000919	2622	2381.56	0	0
RCHGF000920	1098	857.56	0	0
RCHGF000921	798	557.56	0	0
RCHGF000922	114	17.25	0	0
RCHGF000923	246	59.0035	0	0
RCHGF000924	591	351.306	0	0
RCHGF000925	252	62.936	0	0
RCHGF000926	252	62.936	0	0
RCHGF000927	2595	2354.56	0	0
RCHGF000928	414	185.519	0	0
RCHGF000929	150	18.3091	0	0
RCHGF000930	444	212.959	0	0
RCHGF000931	282	81.6734	0	0
RCHGF000932	1770	1529.56	0	0
RCHGF000933	1332	1091.56	0	0
RCHGF000935	1218	977.56	0	0
RCHGF000936	348	126.963	0	0
RCHGF000937	111	19.6667	0	0
RCHGF000938	510	274.981	0	0
RCHGF000939	837	596.56	0	0
RCHGF000940	501	265.981	0	0
RCHGF000941	504	268.981	0	0
RCHGF000942	117	12.8571	0	0
RCHGF000944	453	220.556	0	0
RCHGF000945	1164	923.56	0	0
RCHGF000946	2130	1889.56	0	0
RCHGF000947	228	48.508	0	0
RCHGF000948	1833	1592.56	0	0
RCHGF000949	1296	1055.56	2	570.96
RCHGF000950	762	521.56	0	0
RCHGF000951	189	32.6268	0	0
RCHGF000952	549	311.395	0	0
RCHGF000953	177	30.534	0	0
RCHGF000954	147	16.6275	0	0
RCHGF000955	582	343.036	0	0
RCHGF000956	720	479.56	0	0
RCHGF000957	384	157.819	0	0
RCHGF000958	1335	1094.56	0	0
RCHGF000960	186	31.947	1	9432.54
RCHGF000961	1122	881.56	0	0
RCHGF000962	1011	770.56	1	391.068
RCHGF000963	567	328.036	0	0
RCHGF000964	483	248.545	0	0
RCHGF000965	1068	827.56	0	0
RCHGF000966	819	578.56	0	0
RCHGF000967	1047	806.56	0	0
RCHGF000968	672	431.56	0	0
RCHGF000969	672	431.56	0	0
RCHGF000970	1002	761.56	0	0
RCHGF000971	819	578.56	0	0
RCHGF000972	474	240.593	3	3757.49
RCHGF000973	1179	938.56	0	0
RCHGF000974	180	30.4912	0	0
RCHGF000975	303	94.3958	0	0
RCHGF000976	426	196.272	1	1535.32
RCHGF000977	1176	935.56	0	0
RCHGF000978	564	325.036	0	0
RCHGF000979	132	13.9545	0	0
RCHGF000980	912	671.56	0	0
RCHGF000981	264	69.5542	0	0
RCHGF000982	552	314.395	0	0
RCHGF000983	936	695.56	0	0
RCHGF000984	945	704.56	0	0
RCHGF000985	852	611.56	0	0
RCHGF000986	429	198.842	0	0
RCHGF000987	915	674.56	0	0
RCHGF000988	918	677.56	0	0
RCHGF000989	1413	1172.56	0	0
RCHGF000990	1005	764.56	0	0
RCHGF000991	1266	1025.56	0	0
RCHGF000993	1203	962.56	0	0
RCHGF000994	273	75.4243	0	0
RCHGF000995	642	401.56	0	0
RCHGF000996	684	443.56	0	0
RCHGF000997	1128	887.56	0	0
RCHGF000998	1188	947.56	0	0
RCHGF000999	954	713.56	0	0
RCHGF001000	630	389.56	0	0
RCHGF001001	495	260.545	0	0
RCHGF001002	411	182.925	0	0
RCHGF001003	822	581.56	0	0
RCHGF001004	750	509.56	0	0
RCHGF001005	483	248.545	0	0
RCHGF001006	678	437.56	0	0
RCHGF001007	990	749.56	0	0
RCHGF001008	261	66.9782	0	0
RCHGF001009	114	17.25	0	0
RCHGF001010	951	710.56	0	0
RCHGF001011	1152	911.56	0	0
RCHGF001012	705	464.56	0	0
RCHGF001013	924	683.56	0	0
RCHGF001014	825	584.56	0	0
RCHGF001015	1053	812.56	0	0
RCHGF001016	2382	2141.56	0	0
RCHGF001017	645	404.56	0	0
RCHGF001018	939	698.56	0	0
RCHGF001019	768	527.56	0	0
RCHGF001020	120	12.7778	0	0
RCHGF001021	141	15.5946	0	0
RCHGF001022	1044	803.56	0	0
RCHGF001023	1176	935.56	0	0
RCHGF001024	645	404.56	0	0
RCHGF001025	471	237.593	0	0
RCHGF001026	927	686.56	0	0
RCHGF001027	825	584.56	0	0
RCHGF001028	765	524.56	0	0
RCHGF001029	417	188.108	0	0
RCHGF001030	2421	2180.56	1	138.194
RCHGF001031	267	72.1231	0	0
RCHGF001032	702	461.56	0	0
RCHGF001033	795	554.56	0	0
RCHGF001034	801	560.56	0	0
RCHGF001035	480	245.545	0	0
RCHGF001036	2730	2489.56	0	0
RCHGF001037	501	265.981	0	0
RCHGF001038	1437	1196.56	0	0
RCHGF001039	1113	872.56	0	0
RCHGF001040	1134	893.56	1	337.237
RCHGF001041	753	512.56	0	0
RCHGF001042	870	629.56	0	0
RCHGF001043	987	746.56	0	0
RCHGF001044	138	15.3871	0	0
RCHGF001045	729	488.56	0	0
RCHGF001046	1272	1031.56	0	0
RCHGF001047	675	434.56	0	0
RCHGF001048	768	527.56	0	0
RCHGF001049	2370	2129.56	0	0
RCHGF001050	474	240.593	0	0
RCHGF001051	522	286.981	0	0
RCHGF001052	852	611.56	0	0
RCHGF001053	615	374.56	0	0
RCHGF001054	237	54.7841	0	0
RCHGF001055	351	129.963	0	0
RCHGF001056	1086	845.56	0	0
RCHGF001057	744	503.56	0	0
RCHGF001058	1344	1103.56	0	0
RCHGF001059	444	212.959	0	0
RCHGF001060	1995	1754.56	1	171.747
RCHGF001061	921	680.56	0	0
RCHGF001062	228	48.508	1	6212.2
RCHGF001063	474	240.593	3	3757.49
RCHGF001064	291	87.6492	0	0
RCHGF001065	195	35.4295	0	0
RCHGF001066	111	19.6667	0	0
RCHGF001067	216	44.9519	0	0
RCHGF001068	654	413.56	0	0
RCHGF001069	1182	941.56	0	0
RCHGF001070	1101	860.56	0	0
RCHGF001071	1323	1082.56	0	0
RCHGF001072	330	112.644	0	0
RCHGF001073	318	104.344	0	0
RCHGF001074	1041	800.56	0	0
RCHGF001075	1896	1655.56	0	0
RCHGF001076	156	20.6515	0	0
RCHGF001077	822	581.56	0	0
RCHGF001078	1353	1112.56	0	0
RCHGF001079	1311	1070.56	0	0
RCHGF001080	810	569.56	0	0
RCHGF001081	843	602.56	0	0
RCHGF001082	705	464.56	0	0
RCHGF001083	1023	782.56	0	0
RCHGF001084	297	89.8386	0	0
RCHGF001085	1470	1229.56	0	0
RCHGF001086	453	220.556	0	0
RCHGF001087	1110	869.56	0	0
RCHGF001088	795	554.56	0	0
RCHGF001089	801	560.56	0	0
RCHGF001090	300	92.1234	0	0
RCHGF001091	672	431.56	0	0
RCHGF001092	795	554.56	0	0
RCHGF001093	366	142.549	0	0
RCHGF001094	1530	1289.56	0	0
RCHGF001095	1038	797.56	0	0
RCHGF001096	1290	1049.56	0	0
RCHGF001097	363	139.549	0	0
RCHGF001098	996	755.56	0	0
RCHGF001099	540	304.333	0	0
RCHGF001100	456	223.556	0	0
RCHGF001101	999	758.56	0	0
RCHGF001102	1257	1016.56	0	0
RCHGF001103	495	260.545	0	0
RCHGF001104	750	509.56	0	0
RCHGF001105	1338	1097.56	0	0
RCHGF001106	348	126.963	0	0
RCHGF001107	1260	1019.56	0	0
RCHGF001108	1443	1202.56	2	501.166
RCHGF001109	171	27.1064	0	0
RCHGF001110	1086	845.56	0	0
RCHGF001111	1929	1688.56	0	0
RCHGF001112	174	28.9694	0	0
RCHGF001113	375	150.23	0	0
RCHGF001114	264	69.5542	0	0
RCHGF001115	1248	1007.56	0	0
RCHGF001116	582	343.036	0	0
RCHGF001117	237	54.7841	0	0
RCHGF001118	216	44.9519	0	0
RCHGF001119	672	431.56	0	0
RCHGF001120	1011	770.56	0	0
RCHGF001121	204	39.5787	0	0
RCHGF001122	765	524.56	0	0
RCHGF001123	2040	1799.56	0	0
RCHGF001126	153	20.6667	0	0
RCHGF001127	3351	3110.56	0	0
RCHGF001128	150	18.3091	0	0
RCHGF001129	363	139.549	0	0
RCHGF001130	1386	1145.56	0	0
RCHGF001131	1035	794.56	0	0
RCHGF001132	822	581.56	0	0
RCHGF001133	753	512.56	0	0
RCHGF001134	495	260.545	0	0
RCHGF001135	408	179.925	0	0
RCHGF001136	2769	2528.56	0	0
RCHGF001137	114	17.25	0	0
RCHGF001138	1023	782.56	0	0
RCHGF001139	651	410.56	0	0
RCHGF001140	2697	2456.56	0	0
RCHGF001141	3207	2966.56	1	101.579
RCHGF001142	774	533.56	0	0
RCHGF001143	555	317.395	5	4747.1
RCHGF001144	618	377.56	0	0
RCHGF001145	603	362.56	0	0
RCHGF001146	699	458.56	0	0
RCHGF001147	138	15.3871	0	0
RCHGF001148	714	473.56	0	0
RCHGF001149	852	611.56	0	0
RCHGF001150	1338	1097.56	0	0
RCHGF001152	1281	1040.56	0	0
RCHGF001153	4032	3791.56	0	0
RCHGF001154	1128	887.56	0	0
RCHGF001155	1479	1238.56	0	0
RCHGF001156	465	231.593	0	0
RCHGF001157	333	115.107	0	0
RCHGF001158	972	731.56	0	0
RCHGF001159	129	14.3529	0	0
RCHGF001160	906	665.56	0	0
RCHGF001161	999	758.56	0	0
RCHGF001162	171	27.1064	0	0
RCHGF001163	129	14.3529	0	0
RCHGF001164	312	100.638	0	0
RCHGF001165	1887	1646.56	0	0
RCHGF001166	1734	1493.56	0	0
RCHGF001167	426	196.272	0	0
RCHGF001168	126	12.1875	0	0
RCHGF001169	1068	827.56	0	0
RCHGF001170	936	695.56	0	0
RCHGF001171	1104	863.56	0	0
RCHGF001172	252	62.936	0	0
RCHGF001173	972	731.56	0	0
RCHGF001174	546	308.395	2	1954.26
RCHGF001176	728	487.56	0	0
RCHGF001178	528	292.981	0	0
RCHGF001179	546	308.395	0	0
RCHGF001180	342	122.423	0	0
RCHGF001181	327	110.446	0	0
RCHGF001182	177	30.534	0	0
RCHGF001183	1509	1268.56	3	712.638
RCHGF001184	2004	1763.56	0	0
RCHGF001185	591	351.306	0	0
RCHGF001186	216	44.9519	0	0
RCHGF001187	432	201.404	0	0
RCHGF001188	543	305.395	0	0
RCHGF001189	1650	1409.56	0	0
RCHGF001190	855	614.56	0	0
RCHGF001191	1125	884.56	0	0
RCHGF001192	453	220.556	0	0
RCHGF001193	417	188.108	0	0
RCHGF001195	765	524.56	0	0
RCHGF001196	987	746.56	0	0
RCHGF001197	147	16.6275	0	0
RCHGF001198	1434	1193.56	0	0
RCHGF001199	2376	2135.56	0	0
RCHGF001200	465	231.593	0	0
RCHGF001201	111	19.6667	0	0
RCHGF001202	1785	1544.56	0	0
RCHGF001203	1596	1355.56	0	0
RCHGF001204	1578	1337.56	0	0
RCHGF001205	147	16.6275	0	0
RCHGF001206	306	96.9016	0	0
RCHGF001207	144	15.2826	0	0
RCHGF001208	408	179.925	0	0
RCHGF001209	1680	1439.56	0	0
RCHGF001210	1206	965.56	0	0
RCHGF001211	855	614.56	0	0
RCHGF001212	612	371.56	0	0
RCHGF001213	324	108.776	0	0
RCHGF001214	252	62.936	0	0
RCHGF001215	813	572.56	0	0
RCHGF001216	156	20.6515	0	0
RCHGF001217	111	19.6667	0	0
RCHGF001218	273	75.4243	0	0
RCHGF001219	330	112.644	0	0
RCHGF001220	810	569.56	0	0
RCHGF001221	363	139.549	0	0
RCHGF001222	273	75.4243	0	0
RCHGF001223	525	289.981	0	0
RCHGF001224	1131	890.56	0	0
RCHGF001225	756	515.56	0	0
RCHGF001226	819	578.56	0	0
RCHGF001227	699	458.56	0	0
RCHGF001228	606	365.56	0	0
RCHGF001229	1167	926.56	0	0
RCHGF001230	840	599.56	0	0
RCHGF001231	846	605.56	0	0
RCHGF001232	1110	869.56	0	0
RCHGF001233	576	337.036	0	0
RCHGF001234	420	190.69	0	0
RCHGF001235	747	506.56	0	0
RCHGF001236	681	440.56	0	0
RCHGF001237	336	117.834	0	0
RCHGF001238	432	201.404	0	0
RCHGF001239	1236	995.56	0	0
RCHGF001240	729	488.56	0	0
RCHGF001241	936	695.56	0	0
RCHGF001242	1053	812.56	0	0
RCHGF001243	948	707.56	0	0
RCHGF001244	972	731.56	0	0
RCHGF001245	930	689.56	0	0
RCHGF001246	870	629.56	0	0
RCHGF001247	1365	1124.56	0	0
RCHGF001248	462	228.593	0	0
RCHGF001249	222	46.1602	0	0
RCHGF001250	1035	794.56	0	0
RCHGF001251	798	557.56	0	0
RCHGF001252	1002	761.56	0	0
RCHGF001253	156	20.6515	0	0
RCHGF001254	366	142.549	0	0
RCHGF001255	1251	1010.56	0	0
RCHGF001256	1215	974.56	1	309.207
RCHGF001257	198	36.6707	0	0
RCHGF001258	1527	1286.56	0	0
RCHGF001259	1200	959.56	0	0
RCHGF001260	777	536.56	0	0
RCHGF001261	459	225.593	0	0
RCHGF001262	1644	1403.56	0	0
RCHGF001263	186	31.947	0	0
RCHGF001264	1158	917.56	0	0
RCHGF001265	846	605.56	0	0
RCHGF001266	633	392.56	0	0
RCHGF001267	354	131.466	0	0
RCHGF001268	651	410.56	0	0
RCHGF001269	579	340.036	0	0
RCHGF001270	2928	2687.56	0	0
RCHGF001271	1302	1061.56	0	0
RCHGF001272	183	31.6694	0	0
RCHGF001273	666	425.56	0	0
RCHGF001274	1716	1475.56	0	0
RCHGF001275	1917	1676.56	0	0
RCHGF001276	1749	1508.56	0	0
RCHGF001277	912	671.56	0	0
RCHGF001278	111	19.6667	0	0
RCHGF001279	1326	1085.56	0	0
RCHGF001280	2448	2207.56	0	0
RCHGF001281	540	304.333	0	0
RCHGF001282	759	518.56	0	0
RCHGF001283	276	78.1982	0	0
RCHGF001284	546	308.395	1	977.128
RCHGF001285	1278	1037.56	0	0
RCHGF001286	744	503.56	0	0
RCHGF001287	1299	1058.56	0	0
RCHGF001288	1434	1193.56	0	0
RCHGF001289	1425	1184.56	0	0
RCHGF001290	813	572.56	0	0
RCHGF001291	747	506.56	0	0
RCHGF001292	372	147.568	0	0
RCHGF001293	705	464.56	0	0
RCHGF001294	1401	1160.56	0	0
RCHGF001295	1410	1169.56	0	0
RCHGF001296	930	689.56	0	0
RCHGF001297	129	14.3529	0	0
RCHGF001298	618	377.56	0	0
RCHGF001299	465	231.593	0	0
RCHGF001300	213	44.5561	0	0
RCHGF001301	747	506.56	0	0
RCHGF001302	966	725.56	0	0
RCHGF001303	972	731.56	0	0
RCHGF001304	447	215.03	0	0
RCHGF001305	2208	1967.56	0	0
RCHGF001306	162	24.6667	0	0
RCHGF001307	1068	827.56	0	0
RCHGF001308	1092	851.56	0	0
RCHGF001309	834	593.56	0	0
RCHGF001310	873	632.56	0	0
RCHGF001311	1278	1037.56	0	0
RCHGF001312	1332	1091.56	0	0
RCHGF001313	1008	767.56	0	0
RCHGF001314	966	725.56	0	0
RCHGF001315	1122	881.56	0	0
RCHGF001316	2082	1841.56	1	163.634
RCHGF001317	669	428.56	2	1406.3
RCHGF001318	264	69.5542	0	0
RCHGF001319	180	30.4912	0	0
RCHGF001320	633	392.56	0	0
RCHGF001321	810	569.56	0	0
RCHGF001322	1074	833.56	0	0
RCHGF001323	114	17.25	0	0
RCHGF001324	141	15.5946	0	0
RCHGF001325	621	380.56	0	0
RCHGF001326	489	254.545	0	0
RCHGF001327	870	629.56	0	0
RCHGF001328	1368	1127.56	0	0
RCHGF001329	183	31.6694	0	0
RCHGF001330	1365	1124.56	0	0
RCHGF001331	498	263.545	0	0
RCHGF001332	477	243.593	0	0
RCHGF001333	915	674.56	0	0
RCHGF001334	948	707.56	0	0
RCHGF001335	948	707.56	0	0
RCHGF001336	117	12.8571	0	0
RCHGF001337	348	126.963	0	0
RCHGF001338	132	13.9545	0	0
RCHGF001339	1041	800.56	0	0
RCHGF001340	2514	2273.56	1	132.542
RCHGF001341	957	716.56	0	0
RCHGF001342	636	395.56	0	0
RCHGF001343	2625	2384.56	0	0
RCHGF001344	261	66.9782	0	0
RCHGF001345	2817	2576.56	0	0
RCHGF001346	1767	1526.56	0	0
RCHGF001347	969	728.56	0	0
RCHGF001348	1443	1202.56	1	250.583
RCHGF001349	198	36.6707	27	221872
RCHGF001350	480	245.545	0	0
RCHGF001351	111	19.6667	0	0
RCHGF001352	642	401.56	0	0
RCHGF001353	612	371.56	0	0
RCHGF001354	1323	1082.56	0	0
RCHGF001355	840	599.56	0	0
RCHGF001356	378	153.23	0	0
RCHGF001357	639	398.56	0	0
RCHGF001358	828	587.56	0	0
RCHGF001359	807	566.56	0	0
RCHGF001360	483	248.545	0	0
RCHGF001361	1125	884.56	0	0
RCHGF001362	420	190.69	0	0
RCHGF001363	759	518.56	0	0
RCHGF001364	816	575.56	0	0
RCHGF001365	147	16.6275	0	0
RCHGF001366	1332	1091.56	0	0
RCHGF001367	792	551.56	0	0
RCHGF001368	219	46.2361	0	0
RCHGF001369	369	144.896	0	0
RCHGF001370	453	220.556	0	0
RCHGF001371	165	24.8148	0	0
RCHGF001372	1089	848.56	0	0
RCHGF001373	168	25.2444	0	0
RCHGF001374	2169	1928.56	0	0
RCHGF001375	864	623.56	0	0
RCHGF001376	879	638.56	0	0
RCHGF001377	1332	1091.56	0	0
RCHGF001378	399	172.091	0	0
RCHGF001379	1455	1214.56	0	0
RCHGF001380	1398	1157.56	0	0
RCHGF001381	657	416.56	2	1446.81
RCHGF001382	1332	1091.56	0	0
RCHGF001383	1380	1139.56	0	0
RCHGF001384	1398	1157.56	0	0
RCHGF001385	114	17.25	0	0
RCHGF001386	129	14.3529	0	0
RCHGF001387	339	119.995	0	0
RCHGF001388	342	122.423	0	0
RCHGF001389	336	117.834	0	0
RCHGF001390	768	527.56	0	0
RCHGF001391	159	23	0	0
RCHGF001392	2211	1970.56	1	152.922
RCHGF001393	1164	923.56	0	0
RCHGF001394	1083	842.56	0	0
RCHGF001395	762	521.56	0	0
RCHGF001396	261	66.9782	0	0
RCHGF001397	330	112.644	0	0
RCHGF001398	687	446.56	0	0
RCHGF001399	1053	812.56	0	0
RCHGF001400	1251	1010.56	0	0
RCHGF001401	1071	830.56	0	0
RCHGF001402	828	587.56	0	0
RCHGF001403	612	371.56	0	0
RCHGF001404	1806	1565.56	0	0
RCHGF001405	429	198.842	0	0
RCHGF001406	822	581.56	0	0
RCHGF001407	528	292.981	0	0
RCHGF001408	789	548.56	0	0
RCHGF001409	120	12.7778	0	0
RCHGF001410	438	206.959	0	0
RCHGF001411	648	407.56	0	0
RCHGF001412	1152	911.56	0	0
RCHGF001413	486	251.545	0	0
RCHGF001414	870	629.56	0	0
RCHGF001415	1143	902.56	0	0
RCHGF001416	888	647.56	0	0
RCHGF001417	423	193.272	0	0
RCHGF001418	474	240.593	0	0
RCHGF001419	492	257.545	0	0
RCHGF001420	585	346.036	0	0
RCHGF001421	243	58.2826	0	0
RCHGF001422	765	524.56	0	0
RCHGF001423	2247	2006.56	1	150.178
RCHGF001424	1458	1217.56	1	247.496
RCHGF001426	117	12.8571	0	0
RCHGF001427	417	188.108	0	0
RCHGF001428	222	46.1602	0	0
RCHGF001430	1764	1523.56	0	0
RCHGF001431	576	337.036	0	0
RCHGF001432	663	422.56	0	0
RCHGF001433	867	626.56	0	0
RCHGF001434	1731	1490.56	0	0
RCHGF001435	747	506.56	0	0
RCHGF001436	1053	812.56	0	0
RCHGF001437	123	11.4615	0	0
RCHGF001438	132	13.9545	0	0
RCHGF001439	150	18.3091	0	0
RCHGF001440	1329	1088.56	0	0
RCHGF001441	1395	1154.56	0	0
RCHGF001442	876	635.56	0	0
RCHGF001443	456	223.556	0	0
RCHGF001444	945	704.56	0	0
RCHGF001445	753	512.56	0	0
RCHGF001447	939	698.56	0	0
RCHGF001448	666	425.56	0	0
RCHGF001449	645	404.56	0	0
RCHGF001450	927	686.56	0	0
RCHGF001451	429	198.842	0	0
RCHGF001452	504	268.981	0	0
RCHGF001453	858	617.56	0	0
RCHGF001454	819	578.56	0	0
RCHGF001455	891	650.56	0	0
RCHGF001456	843	602.56	0	0
RCHGF001457	1188	947.56	1	318.018
RCHGF001458	1872	1631.56	0	0
RCHGF001459	351	129.963	0	0
RCHGF001460	738	497.56	0	0
RCHGF001461	858	617.56	0	0
RCHGF001462	1071	830.56	0	0
RCHGF001463	153	20.6667	0	0
RCHGF001464	2274	2033.56	0	0
RCHGF001465	537	301.981	0	0
RCHGF001466	1611	1370.56	0	0
RCHGF001467	1359	1118.56	0	0
RCHGF001468	1533	1292.56	0	0
RCHGF001469	486	251.545	0	0
RCHGF001470	714	473.56	0	0
RCHGF001471	660	419.56	0	0
RCHGF001472	615	374.56	0	0
RCHGF001473	852	611.56	0	0
RCHGF001474	675	434.56	1	693.44
RCHGF001475	699	458.56	0	0
RCHGF001476	990	749.56	0	0
RCHGF001477	1005	764.56	0	0
RCHGF001478	666	425.56	0	0
RCHGF001479	630	389.56	0	0
RCHGF001480	510	274.981	0	0
RCHGF001481	1431	1190.56	0	0
RCHGF001482	1392	1151.56	0	0
RCHGF001483	987	746.56	0	0
RCHGF001484	1878	1637.56	0	0
RCHGF001485	2364	2123.56	0	0
RCHGF001486	738	497.56	0	0
RCHGF001487	1878	1637.56	0	0
RCHGF001488	843	602.56	0	0
RCHGF001489	666	425.56	0	0
RCHGF001490	1029	788.56	0	0
RCHGF001491	678	437.56	0	0
RCHGF001492	888	647.56	0	0
RCHGF001493	1506	1265.56	0	0
RCHGF001495	1692	1451.56	0	0
RCHGF001496	1014	773.56	0	0
RCHGF001497	888	647.56	0	0
RCHGF001498	453	220.556	0	0
RCHGF001499	606	365.56	0	0
RCHGF001501	897	656.56	0	0
RCHGF001502	1086	845.56	0	0
RCHGF001503	816	575.56	0	0
RCHGF001504	843	602.56	0	0
RCHGF001505	771	530.56	0	0
RCHGF001506	492	257.545	0	0
RCHGF001507	417	188.108	0	0
RCHGF001508	1953	1712.56	0	0
RCHGF001509	1371	1130.56	0	0
RCHGF001510	171	27.1064	0	0
RCHGF001511	777	536.56	0	0
RCHGF001512	126	12.1875	0	0
RCHGF001513	417	188.108	0	0
RCHGF001514	912	671.56	0	0
RCHGF001515	984	743.56	0	0
RCHGF001516	132	13.9545	0	0
RCHGF001517	894	653.56	0	0
RCHGF001518	1371	1130.56	0	0
RCHGF001519	114	17.25	0	0
RCHGF001520	801	560.56	0	0
RCHGF001521	2607	2366.56	0	0
RCHGF001522	450	218.03	0	0
RCHGF001523	1470	1229.56	0	0
RCHGF001524	2022	1781.56	2	338.289
RCHGF001525	537	301.981	0	0
RCHGF001526	1218	977.56	0	0
RCHGF001527	771	530.56	0	0
RCHGF001528	288	84.6492	0	0
RCHGF001529	369	144.896	0	0
RCHGF001530	180	30.4912	0	0
RCHGF001531	387	160.467	1	1877.91
RCHGF001532	1866	1625.56	0	0
RCHGF001533	135	13.3103	0	0
RCHGF001534	567	328.036	0	0
RCHGF001535	183	31.6694	0	0
RCHGF001536	1098	857.56	0	0
RCHGF001537	984	743.56	0	0
RCHGF001538	621	380.56	0	0
RCHGF001539	870	629.56	0	0
RCHGF001540	1578	1337.56	0	0
RCHGF001541	1671	1430.56	0	0
RCHGF001542	201	37.8895	0	0
RCHGF001543	153	20.6667	0	0
RCHGF001544	972	731.56	0	0
RCHGF001545	1488	1247.56	0	0
RCHGF001546	468	234.593	0	0
RCHGF001547	372	147.568	0	0
RCHGF001548	954	713.56	0	0
RCHGF001549	456	223.556	0	0
RCHGF001550	1581	1340.56	0	0
RCHGF001551	870	629.56	0	0
RCHGF001552	846	605.56	0	0
RCHGF001553	756	515.56	0	0
RCHGF001554	798	557.56	0	0
RCHGF001555	420	190.69	0	0
RCHGF001556	1224	983.56	0	0
RCHGF001557	798	557.56	0	0
RCHGF001558	777	536.56	0	0
RCHGF001559	477	243.593	0	0
RCHGF001560	2727	2486.56	0	0
RCHGF001561	735	494.56	1	609.312
RCHGF001562	1203	962.56	0	0
RCHGF001563	1341	1100.56	0	0
RCHGF001564	282	81.6734	0	0
RCHGF001565	435	204.404	0	0
RCHGF001566	645	404.56	0	0
RCHGF001567	1056	815.56	0	0
RCHGF001568	1515	1274.56	0	0
RCHGF001569	1368	1127.56	0	0
RCHGF001570	660	419.56	0	0
RCHGF001571	837	596.56	0	0
RCHGF001572	771	530.56	0	0
RCHGF001573	471	237.593	0	0
RCHGF001574	414	185.519	0	0
RCHGF001575	843	602.56	0	0
RCHGF001576	648	407.56	0	0
RCHGF001577	1029	788.56	0	0
RCHGF001578	729	488.56	0	0
RCHGF001579	699	458.56	0	0
RCHGF001580	540	304.333	0	0
RCHGF001581	1719	1478.56	0	0
RCHGF001582	867	626.56	0	0
RCHGF001583	1677	1436.56	1	209.766
RCHGF001584	885	644.56	0	0
RCHGF001585	885	644.56	0	0
RCHGF001586	1041	800.56	0	0
RCHGF001587	1158	917.56	0	0
RCHGF001588	834	593.56	0	0
RCHGF001589	753	512.56	0	0
RCHGF001590	480	245.545	0	0
RCHGF001591	399	172.091	0	0
RCHGF001592	2433	2192.56	0	0
RCHGF001593	1317	1076.56	0	0
RCHGF001594	1668	1427.56	0	0
RCHGF001595	1230	989.56	0	0
RCHGF001597	708	467.56	0	0
RCHGF001598	711	470.56	0	0
RCHGF001599	741	500.56	0	0
RCHGF001600	693	452.56	0	0
RCHGF001601	414	185.519	0	0
RCHGF001602	207	41.4809	0	0
RCHGF001603	414	185.519	0	0
RCHGF001604	183	31.6694	0	0
RCHGF001605	1104	863.56	1	348.952
RCHGF001606	135	13.3103	0	0
RCHGF001607	111	19.6667	0	0
RCHGF001608	117	12.8571	0	0
RCHGF001609	336	117.834	0	0
RCHGF001610	612	371.56	0	0
RCHGF001611	333	115.107	0	0
RCHGF001612	621	380.56	0	0
RCHGF001613	1227	986.56	0	0
RCHGF001614	1167	926.56	0	0
RCHGF001615	387	160.467	0	0
RCHGF001616	819	578.56	0	0
RCHGF001617	990	749.56	1	402.024
RCHGF001618	363	139.549	0	0
RCHGF001619	1122	881.56	0	0
RCHGF001620	774	533.56	0	0
RCHGF001621	1104	863.56	0	0
RCHGF001622	1272	1031.56	0	0
RCHGF001623	297	89.8386	0	0
RCHGF001624	483	248.545	0	0
RCHGF001625	2868	2627.56	0	0
RCHGF001626	555	317.395	0	0
RCHGF001627	1260	1019.56	3	886.68
RCHGF001628	696	455.56	0	0
RCHGF001629	1599	1358.56	0	0
RCHGF001630	546	308.395	0	0
RCHGF001631	555	317.395	0	0
RCHGF001632	1290	1049.56	0	0
RCHGF001633	450	218.03	0	0
RCHGF001634	1347	1106.56	0	0
RCHGF001635	462	228.593	0	0
RCHGF001636	876	635.56	0	0
RCHGF001637	2073	1832.56	0	0
RCHGF001638	648	407.56	0	0
RCHGF001639	480	245.545	0	0
RCHGF001640	888	647.56	0	0
RCHGF001641	612	371.56	0	0
RCHGF001642	759	518.56	0	0
RCHGF001643	1287	1046.56	0	0
RCHGF001644	273	75.4243	0	0
RCHGF001645	441	209.959	0	0
RCHGF001646	294	88.7378	0	0
RCHGF001647	552	314.395	0	0
RCHGF001648	1311	1070.56	0	0
RCHGF001649	1482	1241.56	0	0
RCHGF001650	663	422.56	0	0
RCHGF001651	750	509.56	0	0
RCHGF001652	468	234.593	0	0
RCHGF001653	744	503.56	1	598.422
RCHGF001654	762	521.56	0	0
RCHGF001655	2739	2498.56	0	0
RCHGF001656	468	234.593	0	0
RCHGF001657	747	506.56	0	0
RCHGF001658	819	578.56	0	0
RCHGF001659	1131	890.56	0	0
RCHGF001660	387	160.467	0	0
RCHGF001661	564	325.036	0	0
RCHGF001662	714	473.56	0	0
RCHGF001663	870	629.56	0	0
RCHGF001664	1230	989.56	0	0
RCHGF001665	174	28.9694	0	0
RCHGF001666	1251	1010.56	0	0
RCHGF001667	1398	1157.56	0	0
RCHGF001668	180	30.4912	0	0
RCHGF001669	363	139.549	0	0
RCHGF001670	426	196.272	0	0
RCHGF001671	2028	1787.56	0	0
RCHGF001672	1422	1181.56	0	0
RCHGF001673	345	124.846	0	0
RCHGF001674	1239	998.56	0	0
RCHGF001675	318	104.344	0	0
RCHGF001676	1884	1643.56	0	0
RCHGF001677	756	515.56	0	0
RCHGF001678	126	12.1875	0	0
RCHGF001679	165	24.8148	0	0
RCHGF001680	888	647.56	0	0
RCHGF001681	864	623.56	0	0
RCHGF001682	729	488.56	0	0
RCHGF001683	537	301.981	1	997.882
RCHGF001684	405	176.925	0	0
RCHGF001685	486	251.545	0	0
RCHGF001686	804	563.56	0	0
RCHGF001687	849	608.56	0	0
RCHGF001689	561	322.722	0	0
RCHGF001690	1263	1022.56	0	0
RCHGF001691	426	196.272	1	1535.32
RCHGF001692	1083	842.56	0	0
RCHGF001693	750	509.56	0	0
RCHGF001694	714	473.56	0	0
RCHGF001695	735	494.56	0	0
RCHGF001696	843	602.56	0	0
RCHGF001697	168	25.2444	0	0
RCHGF001698	780	539.56	0	0
RCHGF001699	1197	956.56	0	0
RCHGF001700	1104	863.56	0	0
RCHGF001701	468	234.593	3	3853.59
RCHGF001702	774	533.56	3	1694.32
RCHGF001703	864	623.56	0	0
RCHGF001704	852	611.56	0	0
RCHGF001705	1086	845.56	0	0
RCHGF001706	309	98.6496	0	0
RCHGF001707	453	220.556	0	0
RCHGF001708	1962	1721.56	0	0
RCHGF001709	888	647.56	0	0
RCHGF001710	1470	1229.56	1	245.08
RCHGF001711	228	48.508	0	0
RCHGF001712	1173	932.56	0	0
RCHGF001713	447	215.03	0	0
RCHGF001714	1581	1340.56	2	449.575
RCHGF001715	990	749.56	0	0
RCHGF001716	906	665.56	0	0
RCHGF001717	615	374.56	0	0
RCHGF001718	564	325.036	0	0
RCHGF001719	684	443.56	0	0
RCHGF001720	1044	803.56	0	0
RCHGF001721	420	190.69	0	0
RCHGF001722	435	204.404	0	0
RCHGF001723	324	108.776	0	0
RCHGF001724	924	683.56	0	0
RCHGF001725	1545	1304.56	0	0
RCHGF001726	726	485.56	1	620.605
RCHGF001727	288	84.6492	0	0
RCHGF001728	468	234.593	0	0
RCHGF001729	789	548.56	0	0
RCHGF001730	585	346.036	0	0
RCHGF001731	609	368.56	0	0
RCHGF001732	729	488.56	0	0
RCHGF001733	783	542.56	0	0
RCHGF001734	471	237.593	0	0
RCHGF001735	444	212.959	0	0
RCHGF001736	1656	1415.56	0	0
RCHGF001737	1002	761.56	0	0
RCHGF001738	849	608.56	0	0
RCHGF001739	744	503.56	0	0
RCHGF001741	891	650.56	0	0
RCHGF001743	450	218.03	0	0
RCHGF001745	843	602.56	0	0
RCHGF001746	1512	1271.56	0	0
RCHGF001747	606	365.56	0	0
RCHGF001748	723	482.56	0	0
RCHGF001749	477	243.593	0	0
RCHGF001750	612	371.56	0	0
RCHGF001752	390	163.467	0	0
RCHGF001754	1671	1430.56	0	0
RCHGF001755	1482	1241.56	0	0
RCHGF001756	1260	1019.56	1	295.56
RCHGF001757	702	461.56	0	0
RCHGF001758	717	476.56	0	0
RCHGF001759	678	437.56	0	0
RCHGF001761	1254	1013.56	0	0
RCHGF001762	336	117.834	0	0
RCHGF001763	291	87.6492	0	0
RCHGF001764	261	66.9782	0	0
RCHGF001765	135	13.3103	0	0
RCHGF001766	348	126.963	0	0
RCHGF001767	300	92.1234	0	0
RCHGF001768	462	228.593	0	0
RCHGF001769	1035	794.56	1	379.255
RCHGF001770	333	115.107	0	0
RCHGF001771	1314	1073.56	0	0
RCHGF001772	1563	1322.56	0	0
RCHGF001773	510	274.981	0	0
RCHGF001774	135	13.3103	0	0
RCHGF001775	1833	1592.56	0	0
RCHGF001776	1812	1571.56	1	191.747
RCHGF001777	255	63.8632	0	0
RCHGF001778	492	257.545	0	0
RCHGF001779	378	153.23	0	0
RCHGF001780	417	188.108	0	0
RCHGF001781	1170	929.56	0	0
RCHGF001782	135	13.3103	0	0
RCHGF001783	156	20.6515	0	0
RCHGF001784	420	190.69	0	0
RCHGF001785	1479	1238.56	0	0
RCHGF001786	2583	2342.56	0	0
RCHGF001787	681	440.56	0	0
RCHGF001788	1002	761.56	0	0
RCHGF001789	687	446.56	0	0
RCHGF001790	693	452.56	0	0
RCHGF001791	438	206.959	0	0
RCHGF001792	849	608.56	0	0
RCHGF001793	738	497.56	0	0
RCHGF001794	717	476.56	0	0
RCHGF001795	408	179.925	0	0
RCHGF001796	636	395.56	0	0
RCHGF001797	855	614.56	0	0
RCHGF001798	372	147.568	0	0
RCHGF001799	720	479.56	0	0
RCHGF001800	402	175.091	0	0
RCHGF001801	141	15.5946	0	0
RCHGF001803	885	644.56	0	0
RCHGF001804	561	322.722	0	0
RCHGF001805	549	311.395	0	0
RCHGF001806	1431	1190.56	0	0
RCHGF001807	822	581.56	0	0
RCHGF001808	1386	1145.56	0	0
RCHGF001809	1065	824.56	0	0
RCHGF001810	1164	923.56	0	0
RCHGF001811	1044	803.56	0	0
RCHGF001812	1605	1364.56	0	0
RCHGF001813	600	359.56	0	0
RCHGF001814	294	88.7378	0	0
RCHGF001815	186	31.947	1	9432.54
RCHGF001816	1308	1067.56	0	0
RCHGF001817	465	231.593	0	0
RCHGF001819	801	560.56	0	0
RCHGF001820	780	539.56	0	0
RCHGF001821	744	503.56	0	0
RCHGF001822	162	24.6667	0	0
RCHGF001823	183	31.6694	0	0
RCHGF001824	852	611.56	0	0
RCHGF001825	504	268.981	0	0
RCHGF001826	1050	809.56	0	0
RCHGF001827	1071	830.56	0	0
RCHGF001828	1977	1736.56	0	0
RCHGF001829	951	710.56	0	0
RCHGF001830	1875	1634.56	0	0
RCHGF001831	1044	803.56	0	0
RCHGF001832	321	106.825	0	0
RCHGF001833	330	112.644	0	0
RCHGF001834	1332	1091.56	0	0
RCHGF001835	1077	836.56	0	0
RCHGF001836	1182	941.56	0	0
RCHGF001837	453	220.556	0	0
RCHGF001838	420	190.69	0	0
RCHGF001839	561	322.722	0	0
RCHGF001840	462	228.593	0	0
RCHGF001841	438	206.959	0	0
RCHGF001842	1245	1004.56	0	0
RCHGF001843	1299	1058.56	1	284.671
RCHGF001844	486	251.545	1	1197.96
RCHGF001845	501	265.981	0	0
RCHGF001846	711	470.56	0	0
RCHGF001847	1206	965.56	0	0
RCHGF001848	888	647.56	0	0
RCHGF001849	123	11.4615	0	0
RCHGF001850	354	131.466	0	0
RCHGF001851	348	126.963	0	0
RCHGF001852	1146	905.56	0	0
RCHGF001853	558	319.722	0	0
RCHGF001854	192	34.9448	0	0
RCHGF001855	360	136.549	0	0
RCHGF001856	435	204.404	1	1474.24
RCHGF001857	1305	1064.56	0	0
RCHGF001858	186	31.947	0	0
RCHGF001859	1320	1079.56	1	279.133
RCHGF001860	114	17.25	0	0
RCHGF001861	1317	1076.56	0	0
RCHGF001862	879	638.56	0	0
RCHGF001863	378	153.23	0	0
RCHGF001864	129	14.3529	0	0
RCHGF001865	765	524.56	0	0
RCHGF001866	2343	2102.56	0	0
RCHGF001867	918	677.56	0	0
RCHGF001868	675	434.56	0	0
RCHGF001869	855	614.56	0	0
RCHGF001870	891	650.56	0	0
RCHGF001871	1191	950.56	0	0
RCHGF001872	147	16.6275	0	0
RCHGF001873	291	87.6492	0	0
RCHGF001874	1161	920.56	0	0
RCHGF001875	807	566.56	0	0
RCHGF001876	777	536.56	0	0
RCHGF001877	759	518.56	1	581.111
RCHGF001878	1014	773.56	0	0
RCHGF001879	618	377.56	2	1596.26
RCHGF001880	1812	1571.56	1	191.747
RCHGF001881	1191	950.56	0	0
RCHGF001882	1113	872.56	0	0
RCHGF001884	1290	1049.56	0	0
RCHGF001885	1395	1154.56	0	0
RCHGF001886	675	434.56	0	0
RCHGF001887	444	212.959	0	0
RCHGF001888	1374	1133.56	0	0
RCHGF001889	513	277.981	1	1084.04
RCHGF001890	1356	1115.56	0	0
RCHGF001891	837	596.56	0	0
RCHGF001892	567	328.036	0	0
RCHGF001893	381	156.23	0	0
RCHGF001894	603	362.56	0	0
RCHGF001895	606	365.56	0	0
RCHGF001896	126	12.1875	0	0
RCHGF001897	1419	1178.56	0	0
RCHGF001898	1932	1691.56	0	0
RCHGF001899	855	614.56	0	0
RCHGF001900	579	340.036	0	0
RCHGF001901	1662	1421.56	0	0
RCHGF001902	993	752.56	0	0
RCHGF001903	489	254.545	0	0
RCHGF001904	1668	1427.56	0	0
RCHGF001905	1200	959.56	0	0
RCHGF001906	1317	1076.56	0	0
RCHGF001907	1398	1157.56	0	0
RCHGF001908	1449	1208.56	0	0
RCHGF001909	126	12.1875	0	0
RCHGF001910	972	731.56	0	0
RCHGF001911	669	428.56	0	0
RCHGF001912	1491	1250.56	0	0
RCHGF001913	861	620.56	0	0
RCHGF001914	1719	1478.56	0	0
RCHGF001915	183	31.6694	0	0
RCHGF001916	504	268.981	0	0
RCHGF001917	1101	860.56	0	0
RCHGF001918	327	110.446	0	0
RCHGF001919	171	27.1064	0	0
RCHGF001920	255	63.8632	0	0
RCHGF001921	411	182.925	0	0
RCHGF001922	465	231.593	0	0
RCHGF001923	1272	1031.56	0	0
RCHGF001924	561	322.722	0	0
RCHGF001925	243	58.2826	1	5170.34
RCHGF001926	495	260.545	0	0
RCHGF001927	591	351.306	1	857.774
RCHGF001928	507	271.981	0	0
RCHGF001929	585	346.036	0	0
RCHGF001930	1671	1430.56	0	0
RCHGF001931	828	587.56	0	0
RCHGF001932	1335	1094.56	0	0
RCHGF001933	249	61.1821	0	0
RCHGF001934	1005	764.56	0	0
RCHGF001935	1164	923.56	0	0
RCHGF001936	891	650.56	0	0
RCHGF001937	1020	779.56	2	773.106
RCHGF001938	876	635.56	0	0
RCHGF001939	462	228.593	0	0
RCHGF001940	144	15.2826	0	0
RCHGF001941	531	295.981	0	0
RCHGF001942	2064	1823.56	0	0
RCHGF001943	1617	1376.56	1	218.909
RCHGF001944	264	69.5542	0	0
RCHGF001945	123	11.4615	0	0
RCHGF001946	933	692.56	0	0
RCHGF001947	1737	1496.56	0	0
RCHGF001948	522	286.981	0	0
RCHGF001950	624	383.56	0	0
RCHGF001951	1902	1661.56	0	0
RCHGF001952	549	311.395	0	0
RCHGF001953	1230	989.56	0	0
RCHGF001954	903	662.56	0	0
RCHGF001955	318	104.344	0	0
RCHGF001956	396	169.091	0	0
RCHGF001957	126	12.1875	0	0
RCHGF001958	111	19.6667	0	0
RCHGF001959	690	449.56	0	0
RCHGF001960	780	539.56	0	0
RCHGF001961	1023	782.56	0	0
RCHGF001962	159	23	0	0
RCHGF001963	375	150.23	0	0
RCHGF001964	1581	1340.56	0	0
RCHGF001965	1077	836.56	0	0
RCHGF001966	1419	1178.56	0	0
RCHGF001967	960	719.56	0	0
RCHGF001968	912	671.56	0	0
RCHGF001969	1194	953.56	0	0
RCHGF001970	591	351.306	0	0
RCHGF001971	828	587.56	0	0
RCHGF001972	2583	2342.56	0	0
RCHGF001973	954	713.56	0	0
RCHGF001974	774	533.56	0	0
RCHGF001975	573	334.036	0	0
RCHGF001976	1107	866.56	0	0
RCHGF001977	774	533.56	0	0
RCHGF001978	564	325.036	0	0
RCHGF001979	552	314.395	0	0
RCHGF001980	834	593.56	0	0
RCHGF001981	687	446.56	0	0
RCHGF001982	408	179.925	0	0
RCHGF001983	591	351.306	0	0
RCHGF001984	744	503.56	0	0
RCHGF001986	765	524.56	0	0
RCHGF001987	246	59.0035	0	0
RCHGF001988	369	144.896	1	2079.71
RCHGF001989	705	464.56	1	648.659
RCHGF001990	1284	1043.56	0	0
RCHGF001991	378	153.23	0	0
RCHGF001992	1089	848.56	0	0
RCHGF001993	312	100.638	0	0
RCHGF001994	441	209.959	0	0
RCHGF001995	1941	1700.56	0	0
RCHGF001996	1245	1004.56	0	0
RCHGF001997	885	644.56	0	0
RCHGF001998	1227	986.56	0	0
RCHGF001999	372	147.568	0	0
RCHGF002000	726	485.56	0	0
RCHGF002001	327	110.446	0	0
RCHGF002002	438	206.959	0	0
RCHGF002003	507	271.981	0	0
RCHGF002004	177	30.534	0	0
RCHGF002005	642	401.56	0	0
RCHGF002006	603	362.56	0	0
RCHGF002007	360	136.549	0	0
RCHGF002008	837	596.56	0	0
RCHGF002009	705	464.56	0	0
RCHGF002010	657	416.56	0	0
RCHGF002011	414	185.519	0	0
RCHGF002012	1215	974.56	2	618.415
RCHGF002013	1185	944.56	0	0
RCHGF002014	642	401.56	0	0
RCHGF002015	1422	1181.56	0	0
RCHGF002016	1314	1073.56	0	0
RCHGF002017	654	413.56	1	728.652
RCHGF002018	984	743.56	0	0
RCHGF002019	804	563.56	0	0
RCHGF002020	414	185.519	0	0
RCHGF002021	360	136.549	0	0
RCHGF002022	318	104.344	0	0
RCHGF002023	1653	1412.56	0	0
RCHGF002024	1737	1496.56	1	201.356
RCHGF002025	1626	1385.56	0	0
RCHGF002026	246	59.0035	0	0
RCHGF002027	762	521.56	0	0
RCHGF002028	912	671.56	0	0
RCHGF002029	399	172.091	0	0
RCHGF002030	1227	986.56	0	0
RCHGF002031	804	563.56	0	0
RCHGF002032	771	530.56	0	0
RCHGF002033	471	237.593	0	0
RCHGF002034	2688	2447.56	0	0
RCHGF002035	120	12.7778	0	0
RCHGF002036	594	354.306	0	0
RCHGF002037	957	716.56	1	420.539
RCHGF002038	765	524.56	0	0
RCHGF002039	987	746.56	0	0
RCHGF002040	462	228.593	0	0
RCHGF002041	942	701.56	0	0
RCHGF002042	1125	884.56	0	0
RCHGF002043	141	15.5946	0	0
RCHGF002044	1095	854.56	0	0
RCHGF002045	159	23	0	0
RCHGF002046	1464	1223.56	0	0
RCHGF002047	780	539.56	0	0
RCHGF002048	123	11.4615	0	0
RCHGF002050	1548	1307.56	0	0
RCHGF002051	810	569.56	0	0
RCHGF002052	783	542.56	0	0
RCHGF002053	321	106.825	0	0
RCHGF002054	1092	851.56	0	0
RCHGF002055	225	46.6557	0	0
RCHGF002056	228	48.508	0	0
RCHGF002057	357	134.165	0	0
RCHGF002059	444	212.959	0	0
RCHGF002060	198	36.6707	0	0
RCHGF002061	1899	1658.56	0	0
RCHGF002062	117	12.8571	0	0
RCHGF002063	1188	947.56	0	0
RCHGF002064	204	39.5787	0	0
RCHGF002065	231	50.1712	0	0
RCHGF002066	417	188.108	0	0
RCHGF002067	357	134.165	0	0
RCHGF002068	222	46.1602	0	0
RCHGF002069	1683	1442.56	0	0
RCHGF002070	621	380.56	0	0
RCHGF002071	906	665.56	0	0
RCHGF002072	1005	764.56	0	0
RCHGF002073	2187	1946.56	0	0
RCHGF002074	2448	2207.56	0	0
RCHGF002075	402	175.091	0	0
RCHGF002076	501	265.981	0	0
RCHGF002077	486	251.545	0	0
RCHGF002078	267	72.1231	0	0
RCHGF002079	219	46.2361	0	0
RCHGF002080	141	15.5946	0	0
RCHGF002081	1194	953.56	0	0
RCHGF002082	1392	1151.56	0	0
RCHGF002083	381	156.23	0	0
RCHGF002084	327	110.446	0	0
RCHGF002085	3057	2816.56	0	0
RCHGF002086	378	153.23	0	0
RCHGF002087	384	157.819	0	0
RCHGF002088	138	15.3871	1	19584
RCHGF002089	918	677.56	0	0
RCHGF002090	486	251.545	0	0
RCHGF002091	123	11.4615	0	0
RCHGF002092	429	198.842	0	0
RCHGF002093	624	383.56	0	0
RCHGF002094	639	398.56	0	0
RCHGF002095	1362	1121.56	0	0
RCHGF002097	411	182.925	0	0
RCHGF002099	1776	1535.56	0	0
RCHGF002101	1461	1220.56	0	0
RCHGF002102	1401	1160.56	0	0
RCHGF002103	2220	1979.56	0	0
RCHGF002104	1272	1031.56	0	0
RCHGF002105	2247	2006.56	0	0
RCHGF002106	696	455.56	0	0
RCHGF002107	615	374.56	0	0
RCHGF002108	837	596.56	0	0
RCHGF002109	378	153.23	0	0
RCHGF002110	594	354.306	0	0
RCHGF002111	525	289.981	1	1039.18
RCHGF002112	1308	1067.56	0	0
RCHGF002113	153	20.6667	0	0
RCHGF002114	117	12.8571	0	0
RCHGF002115	924	683.56	0	0
RCHGF002116	135	13.3103	0	0
RCHGF002117	1317	1076.56	0	0
RCHGF002118	1920	1679.56	0	0
RCHGF002119	1332	1091.56	0	0
RCHGF002120	996	755.56	0	0
RCHGF002121	189	32.6268	0	0
RCHGF002122	369	144.896	0	0
RCHGF002123	222	46.1602	0	0
RCHGF002124	138	15.3871	0	0
RCHGF002125	618	377.56	0	0
RCHGF002126	1245	1004.56	0	0
RCHGF002127	792	551.56	0	0
RCHGF002128	1941	1700.56	0	0
RCHGF002129	459	225.593	0	0
RCHGF002130	324	108.776	0	0
RCHGF002131	402	175.091	0	0
RCHGF002132	585	346.036	0	0
RCHGF002133	912	671.56	0	0
RCHGF002134	2379	2138.56	0	0
RCHGF002135	804	563.56	0	0
RCHGF002136	912	671.56	0	0
RCHGF002137	615	374.56	0	0
RCHGF002138	1359	1118.56	0	0
RCHGF002139	126	12.1875	0	0
RCHGF002140	237	54.7841	0	0
RCHGF002141	138	15.3871	0	0
RCHGF002142	642	401.56	0	0
RCHGF002143	699	458.56	0	0
RCHGF002144	714	473.56	0	0
RCHGF002145	1188	947.56	0	0
RCHGF002146	252	62.936	0	0
RCHGF002147	2337	2096.56	0	0
RCHGF002148	951	710.56	0	0
RCHGF002149	1254	1013.56	0	0
RCHGF002150	309	98.6496	0	0
RCHGF002151	1044	803.56	1	375.008
RCHGF002152	1920	1679.56	2	358.833
RCHGF002153	441	209.959	1	1435.24
RCHGF002154	306	96.9016	1	3109.77
RCHGF002155	594	354.306	0	0
RCHGF002156	1749	1508.56	1	199.754
RCHGF002157	1440	1199.56	1	251.21
RCHGF002158	660	419.56	2	1436.46
RCHGF002159	1350	1109.56	1	271.586
RCHGF002160	189	32.6268	0	0
RCHGF002162	1602	1361.56	0	0
RCHGF002164	1833	1592.56	0	0
RCHGF002165	1311	1070.56	0	0
RCHGF002166	585	346.036	0	0
RCHGF002167	540	304.333	0	0
RCHGF002168	753	512.56	0	0
RCHGF002169	1230	989.56	0	0
RCHGF002170	1089	848.56	0	0
RCHGF002171	414	185.519	3	4872.95
RCHGF002172	288	84.6492	0	0
RCHGF002173	150	18.3091	0	0
RCHGF002174	531	295.981	0	0
RCHGF002175	1575	1334.56	0	0
RCHGF002176	846	605.56	0	0
RCHGF002177	1893	1652.56	0	0
RCHGF002178	1629	1388.56	0	0
RCHGF002180	1701	1460.56	0	0
RCHGF002181	126	12.1875	0	0
RCHGF002183	429	198.842	1	1515.48
RCHGF002185	984	743.56	0	0
RCHGF002186	711	470.56	0	0
RCHGF002187	204	39.5787	0	0
RCHGF002188	222	46.1602	0	0
RCHGF002189	438	206.959	0	0
RCHGF002190	126	12.1875	0	0
RCHGF002191	870	629.56	0	0
RCHGF002192	1311	1070.56	0	0
RCHGF002193	960	719.56	0	0
RCHGF002194	1404	1163.56	0	0
RCHGF002195	1917	1676.56	0	0
RCHGF002196	114	17.25	0	0
RCHGF002197	888	647.56	0	0
RCHGF002198	183	31.6694	0	0
RCHGF002199	1902	1661.56	0	0
RCHGF002200	747	506.56	0	0
RCHGF002201	1005	764.56	0	0
RCHGF002202	666	425.56	0	0
RCHGF002203	2166	1925.56	0	0
RCHGF002204	2166	1925.56	0	0
RCHGF002205	309	98.6496	0	0
RCHGF002206	933	692.56	0	0
RCHGF002207	429	198.842	0	0
RCHGF002208	1032	791.56	0	0
RCHGF002209	1572	1331.56	0	0
RCHGF002210	4344	4103.56	0	0
RCHGF002211	129	14.3529	0	0
RCHGF002212	390	163.467	0	0
RCHGF002213	489	254.545	0	0
RCHGF002214	615	374.56	0	0
RCHGF002215	648	407.56	0	0
RCHGF002216	486	251.545	0	0
RCHGF002217	954	713.56	0	0
RCHGF002218	1185	944.56	0	0
RCHGF002219	696	455.56	0	0
RCHGF002220	366	142.549	0	0
RCHGF002221	198	36.6707	0	0
RCHGF002222	780	539.56	1	558.494
RCHGF002224	1179	938.56	0	0
RCHGF002225	705	464.56	0	0
RCHGF002226	2169	1928.56	0	0
RCHGF002227	174	28.9694	0	0
RCHGF002228	1095	854.56	0	0
RCHGF002230	618	377.56	0	0
RCHGF002231	368	144.223	0	0
RCHGF002233	852	611.56	0	0
RCHGF002234	321	106.825	0	0
RCHGF002235	126	12.1875	0	0
RCHGF002236	1686	1445.56	0	0
RCHGF002237	699	458.56	0	0
RCHGF002238	1107	866.56	0	0
RCHGF002239	1191	950.56	2	634.029
RCHGF002240	1242	1001.56	1	300.872
RCHGF002241	1860	1619.56	0	0
RCHGF002242	390	163.467	0	0
RCHGF002243	1525	1284.56	0	0
RCHGF002246	618	377.56	0	0
RCHGF002247	189	32.6268	0	0
RCHGF002248	372	147.568	0	0
RCHGF002249	705	464.56	1	648.659
RCHGF002250	243	58.2826	0	0
RCHGF002251	516	280.981	0	0
RCHGF002252	549	311.395	0	0
RCHGF002253	1518	1277.56	0	0
RCHGF002254	837	596.56	0	0
RCHGF002255	1398	1157.56	0	0
RCHGF002256	390	163.467	0	0
RCHGF002257	147	16.6275	0	0
RCHGF002258	2811	2570.56	0	0
RCHGF002259	474	240.593	0	0
RCHGF002260	288	84.6492	0	0
RCHGF002261	1344	1103.56	0	0
RCHGF002262	174	28.9694	0	0
RCHGF002263	987	746.56	0	0
RCHGF002264	645	404.56	0	0
RCHGF002265	1038	797.56	0	0
RCHGF002266	1326	1085.56	0	0
RCHGF002267	780	539.56	0	0
RCHGF002268	666	425.56	0	0
RCHGF002269	444	212.959	0	0
RCHGF002270	846	605.56	0	0
RCHGF002271	195	35.4295	0	0
RCHGF002272	213	44.5561	0	0
RCHGF002273	195	35.4295	0	0
RCHGF002274	408	179.925	0	0
RCHGF002275	1101	860.56	0	0
RCHGF002276	1353	1112.56	0	0
RCHGF002277	984	743.56	1	405.268
RCHGF002279	1083	842.56	0	0
RCHGF002280	120	12.7778	0	0
RCHGF002281	1815	1574.56	2	382.762
RCHGF002282	135	13.3103	0	0
RCHGF002283	426	196.272	0	0
RCHGF002284	648	407.56	0	0
RCHGF002285	1968	1727.56	0	0
RCHGF002286	771	530.56	0	0
RCHGF002287	993	752.56	1	400.421
RCHGF002288	687	446.56	0	0
RCHGF002289	555	317.395	0	0
RCHGF002290	744	503.56	2	1196.84
RCHGF002291	1176	935.56	4	1288.39
RCHGF002292	1578	1337.56	0	0
RCHGF002293	267	72.1231	0	0
RCHGF002294	366	142.549	0	0
RCHGF002295	114	17.25	0	0
RCHGF002296	228	48.508	0	0
RCHGF002297	1512	1271.56	0	0
RCHGF002299	504	268.981	0	0
RCHGF002300	912	671.56	0	0
RCHGF002301	1800	1559.56	0	0
RCHGF002302	711	470.56	0	0
RCHGF002303	816	575.56	0	0
RCHGF002304	750	509.56	0	0
RCHGF002305	474	240.593	0	0
RCHGF002306	393	166.467	0	0
RCHGF002307	1161	920.56	0	0
RCHGF002308	705	464.56	0	0
RCHGF002309	735	494.56	0	0
RCHGF002310	495	260.545	0	0
RCHGF002311	126	12.1875	0	0
RCHGF002312	813	572.56	0	0
RCHGF002313	1236	995.56	0	0
RCHGF002314	657	416.56	0	0
RCHGF002315	138	15.3871	0	0
RCHGF002316	546	308.395	0	0
RCHGF002317	2274	2033.56	0	0
RCHGF002318	459	225.593	0	0
RCHGF002319	771	530.56	0	0
RCHGF002320	816	575.56	0	0
RCHGF002321	966	725.56	0	0
RCHGF002322	1002	761.56	0	0
RCHGF002323	501	265.981	0	0
RCHGF002324	1308	1067.56	0	0
RCHGF002325	1515	1274.56	0	0
RCHGF002326	660	419.56	0	0
RCHGF002327	1062	821.56	0	0
RCHGF002328	1404	1163.56	0	0
RCHGF002329	726	485.56	0	0
RCHGF002330	687	446.56	0	0
RCHGF002331	1227	986.56	1	305.446
RCHGF002332	705	464.56	0	0
RCHGF002333	417	188.108	0	0
RCHGF002334	921	680.56	0	0
RCHGF002335	960	719.56	0	0
RCHGF002336	1383	1142.56	0	0
RCHGF002337	855	614.56	0	0
RCHGF002338	510	274.981	0	0
RCHGF002339	891	650.56	0	0
RCHGF002340	648	407.56	0	0
RCHGF002341	399	172.091	0	0
RCHGF002342	411	182.925	0	0
RCHGF002343	819	578.56	0	0
RCHGF002344	762	521.56	0	0
RCHGF002345	474	240.593	0	0
RCHGF002346	1020	779.56	0	0
RCHGF002347	2088	1847.56	0	0
RCHGF002348	162	24.6667	0	0
RCHGF002349	843	602.56	0	0
RCHGF002350	1458	1217.56	0	0
RCHGF002351	633	392.56	0	0
RCHGF002352	1086	845.56	0	0
RCHGF002353	1026	785.56	0	0
RCHGF002354	1248	1007.56	0	0
RCHGF002355	1443	1202.56	0	0
RCHGF002356	654	413.56	0	0
RCHGF002357	1437	1196.56	0	0
RCHGF002358	336	117.834	0	0
RCHGF002359	1251	1010.56	0	0
RCHGF002360	312	100.638	0	0
RCHGF002361	1926	1685.56	0	0
RCHGF002362	828	587.56	0	0
RCHGF002363	147	16.6275	0	0
RCHGF002364	174	28.9694	0	0
RCHGF002365	144	15.2826	0	0
RCHGF002366	114	17.25	0	0
RCHGF002367	564	325.036	0	0
RCHGF002368	762	521.56	0	0
RCHGF002369	870	629.56	0	0
RCHGF002370	1911	1670.56	0	0
RCHGF002371	690	449.56	0	0
RCHGF002372	117	12.8571	0	0
RCHGF002373	1359	1118.56	0	0
RCHGF002374	327	110.446	0	0
RCHGF002375	522	286.981	0	0
RCHGF002376	1062	821.56	0	0
RCHGF002377	1089	848.56	0	0
RCHGF002378	1461	1220.56	0	0
RCHGF002379	1803	1562.56	0	0
RCHGF002380	327	110.446	0	0
RCHGF002381	318	104.344	0	0
RCHGF002382	1092	851.56	0	0
RCHGF002383	954	713.56	0	0
RCHGF002384	1107	866.56	0	0
RCHGF002385	741	500.56	0	0
RCHGF002386	1095	854.56	0	0
RCHGF002388	1371	1130.56	0	0
RCHGF002389	1197	956.56	0	0
RCHGF002390	819	578.56	0	0
RCHGF002391	879	638.56	0	0
RCHGF002392	717	476.56	1	632.326
RCHGF002393	690	449.56	0	0
RCHGF002394	369	144.896	0	0
RCHGF002395	1185	944.56	0	0
RCHGF002396	2010	1769.56	0	0
RCHGF002397	606	365.56	0	0
RCHGF002398	117	12.8571	0	0
RCHGF002399	519	283.981	0	0
RCHGF002400	834	593.56	0	0
RCHGF002401	606	365.56	0	0
RCHGF002402	1224	983.56	0	0
RCHGF002403	486	251.545	0	0
RCHGF002404	1155	914.56	0	0
RCHGF002405	486	251.545	0	0
RCHGF002406	1167	926.56	0	0
RCHGF002407	900	659.56	0	0
RCHGF002408	1374	1133.56	0	0
RCHGF002409	1485	1244.56	0	0
RCHGF002410	813	572.56	0	0
RCHGF002411	1116	875.56	0	0
RCHGF002412	630	389.56	0	0
RCHGF002413	117	12.8571	0	0
RCHGF002414	621	380.56	0	0
RCHGF002415	1008	767.56	0	0
RCHGF002416	630	389.56	0	0
RCHGF002417	666	425.56	0	0
RCHGF002418	2076	1835.56	0	0
RCHGF002419	996	755.56	0	0
RCHGF002420	669	428.56	0	0
RCHGF002421	1377	1136.56	0	0
RCHGF002422	282	81.6734	0	0
RCHGF002423	282	81.6734	0	0
RCHGF002424	462	228.593	0	0
RCHGF002425	147	16.6275	0	0
RCHGF002426	591	351.306	0	0
RCHGF002427	201	37.8895	0	0
RCHGF002428	945	704.56	3	1283.1
RCHGF002429	1482	1241.56	0	0
RCHGF002430	891	650.56	0	0
RCHGF002431	372	147.568	0	0
RCHGF002432	1062	821.56	0	0
RCHGF002433	528	292.981	0	0
RCHGF002434	543	305.395	0	0
RCHGF002435	774	533.56	0	0
RCHGF002436	1323	1082.56	0	0
RCHGF002437	1572	1331.56	0	0
RCHGF002438	303	94.3958	0	0
RCHGF002439	117	12.8571	0	0
RCHGF002440	309	98.6496	0	0
RCHGF002441	534	298.981	0	0
RCHGF002442	519	283.981	0	0
RCHGF002443	168	25.2444	0	0
RCHGF002444	189	32.6268	0	0
RCHGF002445	1971	1730.56	0	0
RCHGF002447	123	11.4615	0	0
RCHGF002448	1251	1010.56	0	0
RCHGF002449	237	54.7841	0	0
RCHGF002450	1056	815.56	0	0
RCHGF002451	1719	1478.56	0	0
RCHGF002452	300	92.1234	0	0
RCHGF002453	588	348.306	0	0
RCHGF002454	858	617.56	0	0
RCHGF002455	318	104.344	0	0
RCHGF002456	324	108.776	1	2770.3
RCHGF002457	195	35.4295	0	0
RCHGF002458	792	551.56	0	0
RCHGF002459	513	277.981	0	0
RCHGF002460	606	365.56	0	0
RCHGF002461	1482	1241.56	0	0
RCHGF002462	309	98.6496	0	0
RCHGF002463	693	452.56	0	0
RCHGF002464	927	686.56	0	0
RCHGF002465	393	166.467	0	0
RCHGF002466	798	557.56	0	0
RCHGF002467	984	743.56	0	0
RCHGF002468	714	473.56	0	0
RCHGF002469	813	572.56	0	0
RCHGF002470	747	506.56	0	0
RCHGF002471	465	231.593	0	0
RCHGF002472	744	503.56	0	0
RCHGF002473	729	488.56	0	0
RCHGF002474	957	716.56	0	0
RCHGF002475	852	611.56	0	0
RCHGF002476	180	30.4912	0	0
RCHGF002477	276	78.1982	1	3853.56
RCHGF002478	1422	1181.56	0	0
RCHGF002479	456	223.556	0	0
RCHGF002480	2031	1790.56	0	0
RCHGF002481	597	356.56	0	0
RCHGF002482	867	626.56	0	0
RCHGF002483	126	12.1875	0	0
RCHGF002484	318	104.344	0	0
RCHGF002485	120	12.7778	0	0
RCHGF002487	1449	1208.56	0	0
RCHGF002489	1064	823.56	0	0
RCHGF002491	798	557.56	0	0
RCHGF002492	1851	1610.56	0	0
RCHGF002493	354	131.466	0	0
RCHGF002494	537	301.981	0	0
RCHGF002495	546	308.395	0	0
RCHGF002496	402	175.091	0	0
RCHGF002497	381	156.23	0	0
RCHGF002498	387	160.467	0	0
RCHGF002500	624	383.56	0	0
RCHGF002501	291	87.6492	0	0
RCHGF002502	114	17.25	0	0
RCHGF002503	2013	1772.56	0	0
RCHGF002504	234	52.5808	0	0
RCHGF002505	759	518.56	0	0
RCHGF002506	534	298.981	0	0
RCHGF002507	1227	986.56	0	0
RCHGF002508	177	30.534	0	0
RCHGF002509	270	74.6758	0	0
RCHGF002510	384	157.819	0	0
RCHGF002511	918	677.56	0	0
RCHGF002512	1638	1397.56	0	0
RCHGF002513	717	476.56	0	0
RCHGF002515	1695	1454.56	0	0
RCHGF002516	1263	1022.56	1	294.693
RCHGF002517	492	257.545	0	0
RCHGF002518	1077	836.56	0	0
RCHGF002519	1149	908.56	0	0
RCHGF002520	156	20.6515	0	0
RCHGF002522	411	182.925	0	0
RCHGF002523	1083	842.56	0	0
RCHGF002524	465	231.593	0	0
RCHGF002526	1317	1076.56	0	0
RCHGF002527	1104	863.56	0	0
RCHGF002529	237	54.7841	0	0
RCHGF002530	417	188.108	0	0
RCHGF002531	339	119.995	0	0
RCHGF002532	219	46.2361	0	0
RCHGF002533	618	377.56	0	0
RCHGF002534	1140	899.56	0	0
RCHGF002535	204	39.5787	0	0
RCHGF002536	1191	950.56	2	634.029
RCHGF002537	1170	929.56	0	0
RCHGF002538	1374	1133.56	0	0
RCHGF002539	627	386.56	0	0
RCHGF002540	1926	1685.56	0	0
RCHGF002541	1926	1685.56	0	0
RCHGF002542	1179	938.56	0	0
RCHGF002543	909	668.56	0	0
RCHGF002544	450	218.03	0	0
RCHGF002545	615	374.56	0	0
RCHGF002546	597	356.56	0	0
RCHGF002547	1944	1703.56	0	0
RCHGF002548	114	17.25	0	0
RCHGF002549	1245	1004.56	0	0
RCHGF002550	2163	1922.56	0	0
RCHGF002551	2070	1829.56	0	0
RCHGF002552	594	354.306	0	0
RCHGF002553	39	40	0	0
RCHGF002554	3486	3245.56	0	0
RCHGF002555	804	563.56	0	0
RCHGF002556	693	452.56	0	0
RCHGF002557	1287	1046.56	0	0
RCHGF002558	1413	1172.56	0	0
RCHGF002559	300	92.1234	0	0
RCHGF002560	480	245.545	1	1227.23
RCHGF002561	111	19.6667	0	0
RCHGF002562	690	449.56	0	0
RCHGF002563	165	24.8148	0	0
RCHGF002564	234	52.5808	0	0
RCHGF002565	825	584.56	0	0
RCHGF002566	1026	785.56	0	0
RCHGF002567	774	533.56	0	0
RCHGF002568	462	228.593	0	0
RCHGF002569	2055	1814.56	0	0
RCHGF002570	876	635.56	0	0
RCHGF002571	465	231.593	0	0
RCHGF002572	1911	1670.56	0	0
RCHGF002573	321	106.825	0	0
RCHGF002574	1284	1043.56	0	0
RCHGF002575	336	117.834	0	0
RCHGF002576	1449	1208.56	0	0
RCHGF002577	1509	1268.56	0	0
RCHGF002578	690	449.56	0	0
RCHGF002579	1302	1061.56	0	0
RCHGF002580	675	434.56	0	0
RCHGF002581	1305	1064.56	0	0
RCHGF002582	975	734.56	0	0
RCHGF002583	147	16.6275	6	108739
RCHGF002584	456	223.556	0	0
RCHGF002585	309	98.6496	0	0
RCHGF002586	456	223.556	0	0
RCHGF002587	225	46.6557	0	0
RCHGF002588	669	428.56	0	0
RCHGF002589	288	84.6492	0	0
RCHGF002590	1068	827.56	0	0
RCHGF002591	777	536.56	0	0
RCHGF002592	168	25.2444	0	0
RCHGF002593	435	204.404	0	0
RCHGF002594	906	665.56	0	0
RCHGF002595	2418	2177.56	0	0
RCHGF002596	114	17.25	0	0
RCHGF002597	1278	1037.56	0	0
RCHGF002598	1050	809.56	0	0
RCHGF002599	312	100.638	0	0
RCHGF002600	477	243.593	0	0
RCHGF002601	1917	1676.56	0	0
RCHGF002602	609	368.56	0	0
RCHGF002603	759	518.56	0	0
RCHGF002604	192	34.9448	0	0
RCHGF002605	660	419.56	0	0
RCHGF002606	696	455.56	0	0
RCHGF002607	1734	1493.56	1	201.76
RCHGF002608	1623	1382.56	0	0
RCHGF002609	2346	2105.56	0	0
RCHGF002610	723	482.56	0	0
RCHGF002611	1311	1070.56	0	0
RCHGF002612	759	518.56	0	0
RCHGF002613	1422	1181.56	0	0
RCHGF002614	666	425.56	0	0
RCHGF002615	132	13.9545	0	0
RCHGF002616	933	692.56	0	0
RCHGF002617	480	245.545	0	0
RCHGF002618	138	15.3871	0	0
RCHGF002619	201	37.8895	0	0
RCHGF002620	111	19.6667	0	0
RCHGF002621	417	188.108	0	0
RCHGF002622	111	19.6667	0	0
RCHGF002623	894	653.56	0	0
RCHGF002624	2268	2027.56	0	0
RCHGF002625	747	506.56	0	0
RCHGF002626	351	129.963	0	0
RCHGF002627	177	30.534	0	0
RCHGF002628	1182	941.56	0	0
RCHGF002629	597	356.56	0	0
RCHGF002630	264	69.5542	0	0
RCHGF002631	1611	1370.56	0	0
RCHGF002632	1212	971.56	0	0
RCHGF002633	465	231.593	0	0
RCHGF002634	1203	962.56	0	0
RCHGF002635	633	392.56	0	0
RCHGF002636	1098	857.56	0	0
RCHGF002638	225	46.6557	0	0
RCHGF002639	561	322.722	0	0
RCHGF002640	618	377.56	0	0
RCHGF002641	288	84.6492	0	0
RCHGF002642	783	542.56	0	0
RCHGF002643	2352	2111.56	0	0
RCHGF002645	1398	1157.56	0	0
RCHGF002646	1995	1754.56	0	0
RCHGF002647	792	551.56	0	0
RCHGF002648	147	16.6275	0	0
RCHGF002649	2316	2075.56	0	0
RCHGF002650	771	530.56	0	0
RCHGF002651	1314	1073.56	0	0
RCHGF002652	816	575.56	0	0
RCHGF002653	483	248.545	0	0
RCHGF002654	141	15.5946	0	0
RCHGF002655	387	160.467	0	0
RCHGF002656	1023	782.56	0	0
RCHGF002657	435	204.404	0	0
RCHGF002658	2577	2336.56	0	0
RCHGF002659	624	383.56	0	0
RCHGF002660	357	134.165	0	0
RCHGF002661	1152	911.56	0	0
RCHGF002662	1344	1103.56	0	0
RCHGF002663	531	295.981	0	0
RCHGF002664	906	665.56	0	0
RCHGF002665	942	701.56	0	0
RCHGF002666	618	377.56	0	0
RCHGF002667	1035	794.56	0	0
RCHGF002668	849	608.56	0	0
RCHGF002669	159	23	0	0
RCHGF002670	321	106.825	0	0
RCHGF002671	324	108.776	0	0
RCHGF002672	759	518.56	0	0
RCHGF002673	717	476.56	0	0
RCHGF002674	621	380.56	0	0
RCHGF002675	609	368.56	0	0
RCHGF002676	1032	791.56	0	0
RCHGF002677	1281	1040.56	0	0
RCHGF002678	630	389.56	0	0
RCHGF002679	1122	881.56	0	0
RCHGF002681	336	117.834	0	0
RCHGF002682	354	131.466	0	0
RCHGF002683	726	485.56	0	0
RCHGF002684	249	61.1821	0	0
RCHGF002685	1323	1082.56	0	0
RCHGF002686	813	572.56	0	0
RCHGF002687	114	17.25	0	0
RCHGF002688	597	356.56	0	0
RCHGF002689	1902	1661.56	0	0
RCHGF002690	1203	962.56	0	0
RCHGF002691	123	11.4615	0	0
RCHGF002692	1125	884.56	0	0
RCHGF002693	159	23	0	0
RCHGF002694	2169	1928.56	1	156.252
RCHGF002695	864	623.56	0	0
RCHGF002696	153	20.6667	0	0
RCHGF002697	1152	911.56	0	0
RCHGF002698	1569	1328.56	0	0
RCHGF002699	708	467.56	0	0
RCHGF002700	1524	1283.56	0	0
RCHGF002701	573	334.036	0	0
RCHGF002702	168	25.2444	0	0
RCHGF002703	426	196.272	0	0
RCHGF002704	174	28.9694	0	0
RCHGF002705	567	328.036	0	0
RCHGF002706	129	14.3529	0	0
RCHGF002707	1830	1589.56	1	189.575
RCHGF002708	2139	1898.56	0	0
RCHGF002709	708	467.56	0	0
RCHGF002710	648	407.56	0	0
RCHGF002711	126	12.1875	0	0
RCHGF002712	162	24.6667	0	0
RCHGF002713	774	533.56	0	0
RCHGF002714	2310	2069.56	0	0
RCHGF002715	456	223.556	0	0
RCHGF002716	765	524.56	0	0
RCHGF002717	489	254.545	0	0
RCHGF002718	114	17.25	0	0
RCHGF002719	495	260.545	0	0
RCHGF002720	885	644.56	0	0
RCHGF002721	144	15.2826	0	0
RCHGF002722	654	413.56	0	0
RCHGF002723	693	452.56	0	0
RCHGF002724	1326	1085.56	0	0
RCHGF002725	384	157.819	0	0
RCHGF002726	1278	1037.56	0	0
RCHGF002727	189	32.6268	1	9236.01
RCHGF002728	1053	812.56	0	0
RCHGF002729	150	18.3091	0	0
RCHGF002730	1239	998.56	0	0
RCHGF002731	171	27.1064	0	0
RCHGF002732	765	524.56	0	0
RCHGF002733	141	15.5946	0	0
RCHGF002734	921	680.56	0	0
RCHGF002735	819	578.56	0	0
RCHGF002736	510	274.981	0	0
RCHGF002737	126	12.1875	0	0
RCHGF002738	306	96.9016	0	0
RCHGF002739	312	100.638	0	0
RCHGF002740	1614	1373.56	0	0
RCHGF002741	147	16.6275	0	0
RCHGF002742	3231	2990.56	0	0
RCHGF002743	120	12.7778	0	0
RCHGF002744	1491	1250.56	0	0
RCHGF002745	513	277.981	0	0
RCHGF002746	1020	779.56	0	0
RCHGF002747	651	410.56	0	0
RCHGF002748	1749	1508.56	0	0
RCHGF002749	1512	1271.56	0	0
RCHGF002750	1473	1232.56	0	0
RCHGF002751	978	737.56	0	0
RCHGF002752	1566	1325.56	0	0
RCHGF002753	1698	1457.56	0	0
RCHGF002754	192	34.9448	0	0
RCHGF002755	981	740.56	0	0
RCHGF002756	996	755.56	0	0
RCHGF002757	912	671.56	0	0
RCHGF002758	978	737.56	0	0
RCHGF002759	1698	1457.56	5	1033.72
RCHGF002760	1203	962.56	1	313.062
RCHGF002761	348	126.963	0	0
RCHGF002762	1416	1175.56	0	0
RCHGF002763	1065	824.56	0	0
RCHGF002764	996	755.56	0	0
RCHGF002765	1863	1622.56	0	0
RCHGF002766	1290	1049.56	0	0
RCHGF002767	834	593.56	0	0
RCHGF002768	957	716.56	0	0
RCHGF002769	216	44.9519	1	6703.63
RCHGF002770	330	112.644	2	5350.35
RCHGF002771	321	106.825	0	0
RCHGF002772	621	380.56	0	0
RCHGF002773	1380	1139.56	0	0
RCHGF002775	414	185.519	0	0
RCHGF002776	189	32.6268	0	0
RCHGF002777	726	485.56	0	0
RCHGF002778	672	431.56	0	0
RCHGF002779	567	328.036	0	0
RCHGF002780	1104	863.56	0	0
RCHGF002781	153	20.6667	0	0
RCHGF002782	921	680.56	0	0
RCHGF002783	585	346.036	0	0
RCHGF002784	951	710.56	0	0
RCHGF002785	1548	1307.56	0	0
RCHGF002786	129	14.3529	0	0
RCHGF002787	900	659.56	0	0
RCHGF002788	777	536.56	0	0
RCHGF002789	633	392.56	0	0
RCHGF002790	873	632.56	0	0
RCHGF002791	144	15.2826	0	0
RCHGF002792	1833	1592.56	0	0
RCHGF002793	822	581.56	0	0
RCHGF002794	1317	1076.56	0	0
RCHGF002795	969	728.56	1	413.612
RCHGF002796	117	12.8571	0	0
RCHGF002797	999	758.56	0	0
RCHGF002798	690	449.56	2	1340.6
RCHGF002799	180	30.4912	0	0
RCHGF002800	561	322.722	0	0
RCHGF002801	786	545.56	0	0
RCHGF002802	360	136.549	0	0
RCHGF002803	339	119.995	0	0
RCHGF002804	120	12.7778	0	0
RCHGF002805	1779	1538.56	0	0
RCHGF002806	1728	1487.56	0	0
RCHGF002807	813	572.56	0	0
RCHGF002808	891	650.56	0	0
RCHGF002809	465	231.593	0	0
RCHGF002810	657	416.56	0	0
RCHGF002811	1422	1181.56	0	0
RCHGF002812	999	758.56	0	0
RCHGF002813	156	20.6515	0	0
RCHGF002814	1932	1691.56	0	0
RCHGF002815	960	719.56	0	0
RCHGF002816	129	14.3529	0	0
RCHGF002817	267	72.1231	0	0
RCHGF002818	555	317.395	0	0
RCHGF002819	501	265.981	0	0
RCHGF002820	537	301.981	1	997.882
RCHGF002821	300	92.1234	0	0
RCHGF002822	264	69.5542	0	0
RCHGF002823	141	15.5946	0	0
RCHGF002824	336	117.834	0	0
RCHGF002825	300	92.1234	0	0
RCHGF002826	690	449.56	0	0
RCHGF002827	819	578.56	0	0
RCHGF002828	843	602.56	0	0
RCHGF002829	774	533.56	0	0
RCHGF002830	420	190.69	0	0
RCHGF002831	276	78.1982	0	0
RCHGF002832	195	35.4295	0	0
RCHGF002834	540	304.333	0	0
RCHGF002835	460	226.593	1	1329.88
RCHGF002837	876	635.56	0	0
RCHGF002838	720	479.56	0	0
RCHGF002839	1131	890.56	0	0
RCHGF002840	1011	770.56	0	0
RCHGF002841	294	88.7378	0	0
RCHGF002842	171	27.1064	0	0
RCHGF002843	642	401.56	0	0
RCHGF002844	1968	1727.56	0	0
RCHGF002845	396	169.091	0	0
RCHGF002846	609	368.56	0	0
RCHGF002847	720	479.56	0	0
RCHGF002848	507	271.981	0	0
RCHGF002849	120	12.7778	0	0
RCHGF002850	1290	1049.56	0	0
RCHGF002851	1245	1004.56	0	0
RCHGF002852	777	536.56	0	0
RCHGF002853	2166	1925.56	0	0
RCHGF002854	189	32.6268	0	0
RCHGF002855	174	28.9694	0	0
RCHGF002856	342	122.423	0	0
RCHGF002857	651	410.56	0	0
RCHGF002858	1785	1544.56	0	0
RCHGF002859	603	362.56	0	0
RCHGF002860	141	15.5946	0	0
RCHGF002861	1377	1136.56	0	0
RCHGF002862	672	431.56	0	0
RCHGF002863	1149	908.56	0	0
RCHGF002864	120	12.7778	0	0
RCHGF002865	762	521.56	0	0
RCHGF002866	363	139.549	0	0
RCHGF002867	771	530.56	0	0
RCHGF002868	642	401.56	0	0
RCHGF002869	279	79.1383	0	0
RCHGF002870	195	35.4295	0	0
RCHGF002871	459	225.593	0	0
RCHGF002872	249	61.1821	0	0
RCHGF002873	150	18.3091	0	0
RCHGF002874	522	286.981	0	0
RCHGF002875	114	17.25	0	0
RCHGF002876	387	160.467	0	0
RCHGF002877	111	19.6667	0	0
RCHGF002878	444	212.959	0	0
RCHGF002879	351	129.963	0	0
RCHGF002880	255	63.8632	0	0
RCHGF002881	156	20.6515	0	0
RCHGF002882	267	72.1231	0	0
RCHGF002883	453	220.556	0	0
RCHGF002884	354	131.466	0	0
RCHGF002885	324	108.776	0	0
RCHGF002886	162	24.6667	0	0
RCHGF002887	441	209.959	0	0
RCHGF002888	375	150.23	0	0
RCHGF002889	126	12.1875	0	0
RCHGF002890	123	11.4615	0	0
RCHGF002891	1338	1097.56	0	0
RCHGF002892	2868	2627.56	0	0
RCHGF002893	2349	2108.56	0	0
RCHGF002894	2010	1769.56	0	0
RCHGF002895	1743	1502.56	1	200.552
RCHGF002896	1806	1565.56	0	0
RCHGF002897	678	437.56	0	0
RCHGF002898	177	30.534	0	0
RCHGF002899	792	551.56	0	0
RCHGF002900	1368	1127.56	0	0
RCHGF002901	111	19.6667	0	0
RCHGF002902	1512	1271.56	0	0
RCHGF002903	906	665.56	0	0
RCHGF002904	1929	1688.56	0	0
RCHGF002905	2220	1979.56	0	0
RCHGF002906	1737	1496.56	0	0
RCHGF002907	669	428.56	0	0
RCHGF002908	702	461.56	0	0
RCHGF002909	1110	869.56	0	0
RCHGF002910	597	356.56	0	0
RCHGF002911	273	75.4243	0	0
RCHGF002912	687	446.56	0	0
RCHGF002913	135	13.3103	0	0
RCHGF002914	177	30.534	0	0
RCHGF002915	246	59.0035	0	0
RCHGF002916	555	317.395	0	0
RCHGF002917	180	30.4912	0	0
RCHGF002918	762	521.56	0	0
RCHGF002919	306	96.9016	0	0
RCHGF002920	510	274.981	0	0
RCHGF002921	660	419.56	0	0
RCHGF002922	780	539.56	0	0
RCHGF002923	318	104.344	0	0
RCHGF002924	216	44.9519	0	0
RCHGF002925	657	416.56	0	0
RCHGF002926	699	458.56	0	0
RCHGF002927	270	74.6758	0	0
RCHGF002928	906	665.56	0	0
RCHGF002929	1584	1343.56	0	0
RCHGF002930	783	542.56	0	0
RCHGF002931	975	734.56	0	0
RCHGF002932	597	356.56	0	0
RCHGF002933	711	470.56	1	640.388
RCHGF002934	1053	812.56	0	0
RCHGF002935	1101	860.56	0	0
RCHGF002936	1068	827.56	0	0
RCHGF002937	1134	893.56	0	0
RCHGF002938	2376	2135.56	0	0
RCHGF002939	681	440.56	0	0
RCHGF002940	675	434.56	0	0
RCHGF002941	1395	1154.56	2	522.002
RCHGF002942	186	31.947	0	0
RCHGF002943	534	298.981	3	3023.68
RCHGF002944	231	50.1712	0	0
RCHGF002945	114	17.25	0	0
RCHGF002946	2091	1850.56	0	0
RCHGF002947	1671	1430.56	0	0
RCHGF002948	129	14.3529	0	0
RCHGF002949	1665	1424.56	0	0
RCHGF002950	471	237.593	0	0
RCHGF002951	474	240.593	0	0
RCHGF002952	522	286.981	0	0
RCHGF002953	1200	959.56	0	0
RCHGF002954	1647	1406.56	0	0
RCHGF002955	729	488.56	0	0
RCHGF002956	738	497.56	0	0
RCHGF002957	324	108.776	0	0
RCHGF002958	342	122.423	0	0
RCHGF002959	435	204.404	0	0
RCHGF002960	963	722.56	0	0
RCHGF002961	858	617.56	0	0
RCHGF002962	132	13.9545	0	0
RCHGF002963	699	458.56	0	0
RCHGF002964	750	509.56	0	0
RCHGF002965	825	584.56	0	0
RCHGF002966	444	212.959	0	0
RCHGF002967	1197	956.56	0	0
RCHGF002968	114	17.25	0	0
RCHGF002969	1698	1457.56	1	206.744
RCHGF002970	1692	1451.56	0	0
RCHGF002971	1227	986.56	0	0
RCHGF002972	891	650.56	0	0
RCHGF002973	1395	1154.56	0	0
RCHGF002974	1293	1052.56	31	8875.1
RCHGF002975	1470	1229.56	0	0
RCHGF002976	2256	2015.56	0	0
RCHGF002977	609	368.56	0	0
RCHGF002978	1983	1742.56	0	0
RCHGF002979	861	620.56	0	0
RCHGF002980	117	12.8571	0	0
RCHGF002981	495	260.545	0	0
RCHGF002982	693	452.56	0	0
RCHGF002983	525	289.981	1	1039.18
RCHGF002984	120	12.7778	0	0
RCHGF002985	216	44.9519	0	0
RCHGF002986	231	50.1712	0	0
RCHGF002987	1005	764.56	0	0
RCHGF002988	561	322.722	0	0
RCHGF002989	285	83.0421	1	3628.77
RCHGF002990	1362	1121.56	0	0
RCHGF002991	1170	929.56	0	0
RCHGF002992	882	641.56	0	0
RCHGF002993	213	44.5561	0	0
RCHGF002994	528	292.981	0	0
RCHGF002995	159	23	0	0
RCHGF002996	993	752.56	0	0
RCHGF002997	357	134.165	0	0
RCHGF002998	111	19.6667	0	0
RCHGF002999	1200	959.56	0	0
RCHGF003000	762	521.56	0	0
RCHGF003001	213	44.5561	0	0
RCHGF003002	567	328.036	1	918.622
RCHGF003003	573	334.036	0	0
RCHGF003004	249	61.1821	0	0
RCHGF003005	870	629.56	0	0
RCHGF003006	540	304.333	1	990.168
RCHGF003007	744	503.56	12	7181.06
RCHGF003008	2031	1790.56	0	0
RCHGF003009	585	346.036	0	0
RCHGF003010	873	632.56	0	0
RCHGF003011	774	533.56	0	0
RCHGF003012	729	488.56	0	0
RCHGF003013	396	169.091	0	0
RCHGF003014	390	163.467	0	0
RCHGF003015	855	614.56	0	0
RCHGF003016	786	545.56	0	0
RCHGF003017	786	545.56	0	0
RCHGF003018	1104	863.56	0	0
RCHGF003019	702	461.56	0	0
RCHGF003020	426	196.272	0	0
RCHGF003021	1218	977.56	0	0
RCHGF003022	915	674.56	0	0
RCHGF003023	213	44.5561	0	0
RCHGF003024	888	647.56	0	0
RCHGF003025	1320	1079.56	0	0
RCHGF003026	114	17.25	0	0
RCHGF003027	2595	2354.56	0	0
RCHGF003028	2040	1799.56	0	0
RCHGF003029	156	20.6515	0	0
RCHGF003030	1632	1391.56	0	0
RCHGF003031	417	188.108	1	1601.96
RCHGF003032	1203	962.56	0	0
RCHGF003033	747	506.56	0	0
RCHGF003034	1209	968.56	0	0
RCHGF003035	3504	3263.56	3	277.005
RCHGF003036	7287	7046.56	0	0
RCHGF003037	132	13.9545	0	0
RCHGF003038	804	563.56	0	0
RCHGF003039	462	228.593	0	0
RCHGF003040	657	416.56	0	0
RCHGF003041	306	96.9016	0	0
RCHGF003042	2340	2099.56	1	143.526
RCHGF003043	849	608.56	0	0
RCHGF003044	768	527.56	0	0
RCHGF003045	318	104.344	0	0
RCHGF003046	459	225.593	1	1335.78
RCHGF003047	882	641.56	0	0
RCHGF003048	1755	1514.56	1	198.963
RCHGF003049	465	231.593	1	1301.17
RCHGF003050	111	19.6667	0	0
RCHGF003051	132	13.9545	0	0
RCHGF003052	198	36.6707	5	41087.4
RCHGF003053	399	172.091	0	0
RCHGF003054	1311	1070.56	0	0
RCHGF003055	111	19.6667	0	0
RCHGF003056	723	482.56	0	0
RCHGF003057	306	96.9016	0	0
RCHGF003058	873	632.56	0	0
RCHGF003059	480	245.545	0	0
RCHGF003060	855	614.56	0	0
RCHGF003061	720	479.56	1	628.37
RCHGF003062	918	677.56	0	0
RCHGF003063	117	12.8571	0	0
RCHGF003064	861	620.56	0	0
RCHGF003065	783	542.56	0	0
RCHGF003066	1137	896.56	0	0
RCHGF003067	1197	956.56	1	315.026
RCHGF003068	894	653.56	0	0
RCHGF003069	615	374.56	0	0
RCHGF003070	273	75.4243	0	0
RCHGF003071	804	563.56	0	0
RCHGF003072	1080	839.56	0	0
RCHGF003073	918	677.56	0	0
RCHGF003074	702	461.56	0	0
RCHGF003075	198	36.6707	0	0
RCHGF003076	138	15.3871	0	0
RCHGF003077	1005	764.56	0	0
RCHGF003078	225	46.6557	0	0
RCHGF003079	1356	1115.56	0	0
RCHGF003080	267	72.1231	0	0
RCHGF003081	513	277.981	0	0
RCHGF003082	1119	878.56	0	0
RCHGF003083	1098	857.56	0	0
RCHGF003084	687	446.56	0	0
RCHGF003085	1005	764.56	0	0
RCHGF003086	111	19.6667	0	0
RCHGF003087	927	686.56	0	0
RCHGF003088	825	584.56	0	0
RCHGF003089	2145	1904.56	0	0
RCHGF003090	633	392.56	0	0
RCHGF003091	1131	890.56	0	0
RCHGF003092	117	12.8571	0	0
RCHGF003093	135	13.3103	0	0
RCHGF003094	1221	980.56	0	0
RCHGF003095	444	212.959	0	0
RCHGF003096	282	81.6734	0	0
RCHGF003097	432	201.404	0	0
RCHGF003098	1224	983.56	0	0
RCHGF003099	315	102.37	0	0
RCHGF003100	1239	998.56	0	0
RCHGF003101	582	343.036	0	0
RCHGF003102	1422	1181.56	0	0
RCHGF003103	135	13.3103	0	0
RCHGF003104	129	14.3529	0	0
RCHGF003105	2601	2360.56	0	0
RCHGF003106	147	16.6275	0	0
RCHGF003107	1350	1109.56	0	0
RCHGF003108	708	467.56	0	0
RCHGF003109	705	464.56	0	0
RCHGF003110	627	386.56	0	0
RCHGF003111	1416	1175.56	0	0
RCHGF003112	1791	1550.56	0	0
RCHGF003113	1809	1568.56	0	0
RCHGF003114	969	728.56	0	0
RCHGF003115	687	446.56	0	0
RCHGF003116	555	317.395	0	0
RCHGF003117	699	458.56	0	0
RCHGF003118	2478	2237.56	0	0
RCHGF003119	387	160.467	0	0
RCHGF003120	186	31.947	0	0
RCHGF003121	750	509.56	1	591.375
RCHGF003122	294	88.7378	0	0
RCHGF003123	132	13.9545	0	0
RCHGF003124	111	19.6667	0	0
RCHGF003125	1080	839.56	0	0
RCHGF003126	1305	1064.56	1	283.066
RCHGF003127	1470	1229.56	0	0
RCHGF003128	819	578.56	0	0
RCHGF003129	477	243.593	0	0
RCHGF003130	4218	3977.56	0	0
RCHGF003131	120	12.7778	0	0
RCHGF003132	213	44.5561	0	0
RCHGF003133	1089	848.56	0	0
RCHGF003134	927	686.56	1	438.915
RCHGF003135	858	617.56	0	0
RCHGF003136	216	44.9519	0	0
RCHGF003137	1539	1298.56	0	0
RCHGF003138	1332	1091.56	0	0
RCHGF003139	600	359.56	0	0
RCHGF003140	1167	926.56	0	0
RCHGF003142	4260	4019.56	0	0
RCHGF003143	621	380.56	0	0
RCHGF003144	126	12.1875	0	0
RCHGF003145	1320	1079.56	0	0
RCHGF003146	558	319.722	1	942.509
RCHGF003147	207	41.4809	0	0
RCHGF003148	3858	3617.56	1	83.2996
RCHGF003149	4209	3968.56	2	151.864
RCHGF003150	609	368.56	0	0
RCHGF003151	369	144.896	6	12478.3
RCHGF003152	519	283.981	0	0
RCHGF003154	684	443.56	1	679.37
RCHGF003155	414	185.519	0	0
RCHGF003156	123	11.4615	0	0
RCHGF003157	114	17.25	0	0
RCHGF003158	966	725.56	0	0
RCHGF003159	819	578.56	0	0
RCHGF003160	729	488.56	0	0
RCHGF003161	1071	830.56	0	0
RCHGF003162	1047	806.56	1	373.613
RCHGF003163	1665	1424.56	0	0
RCHGF003164	1332	1091.56	0	0
RCHGF003165	861	620.56	0	0
RCHGF003166	1173	932.56	0	0
RCHGF003167	732	491.56	0	0
RCHGF003168	525	289.981	0	0
RCHGF003169	183	31.6694	0	0
RCHGF003170	111	19.6667	0	0
RCHGF003171	600	359.56	0	0
RCHGF003172	834	593.56	0	0
RCHGF003173	378	153.23	0	0
RCHGF003174	1281	1040.56	0	0
RCHGF003175	285	83.0421	0	0
RCHGF003176	438	206.959	0	0
RCHGF003177	1971	1730.56	0	0
RCHGF003178	126	12.1875	0	0
RCHGF003179	1158	917.56	0	0
RCHGF003180	126	12.1875	0	0
RCHGF003181	468	234.593	0	0
RCHGF003182	1041	800.56	0	0
RCHGF003183	807	566.56	0	0
RCHGF003184	1968	1727.56	0	0
RCHGF003185	813	572.56	0	0
RCHGF003186	1056	815.56	0	0
RCHGF003187	312	100.638	0	0
RCHGF003188	459	225.593	0	0
RCHGF003189	1200	959.56	0	0
RCHGF003190	1620	1379.56	0	0
RCHGF003191	1407	1166.56	0	0
RCHGF003192	336	117.834	0	0
RCHGF003193	1254	1013.56	0	0
RCHGF003194	303	94.3958	0	0
RCHGF003195	1911	1670.56	0	0
RCHGF003196	117	12.8571	0	0
RCHGF003197	867	626.56	0	0
RCHGF003198	246	59.0035	0	0
RCHGF003199	324	108.776	0	0
RCHGF003200	234	52.5808	0	0
RCHGF003201	1041	800.56	0	0
RCHGF003202	1896	1655.56	0	0
RCHGF003203	624	383.56	0	0
RCHGF003204	972	731.56	0	0
RCHGF003205	1011	770.56	0	0
RCHGF003206	936	695.56	0	0
RCHGF003207	915	674.56	0	0
RCHGF003208	645	404.56	0	0
RCHGF003209	702	461.56	0	0
RCHGF003210	774	533.56	0	0
RCHGF003211	957	716.56	0	0
RCHGF003212	876	635.56	0	0
RCHGF003213	1191	950.56	0	0
RCHGF003214	807	566.56	0	0
RCHGF003215	1407	1166.56	0	0
RCHGF003216	975	734.56	0	0
RCHGF003217	528	292.981	0	0
RCHGF003218	645	404.56	0	0
RCHGF003220	480	245.545	1	1227.23
RCHGF003221	843	602.56	1	500.102
RCHGF003222	1395	1154.56	0	0
RCHGF003223	888	647.56	0	0
RCHGF003224	888	647.56	0	0
RCHGF003225	1302	1061.56	0	0
RCHGF003226	936	695.56	0	0
RCHGF003227	1635	1394.56	0	0
RCHGF003228	1581	1340.56	0	0
RCHGF003229	186	31.947	0	0
RCHGF003230	1374	1133.56	0	0
RCHGF003231	777	536.56	0	0
RCHGF003232	1875	1634.56	0	0
RCHGF003233	792	551.56	0	0
RCHGF003234	1299	1058.56	0	0
RCHGF003235	288	84.6492	0	0
RCHGF003236	1404	1163.56	0	0
RCHGF003238	1713	1472.56	0	0
RCHGF003239	918	677.56	0	0
RCHGF003240	1248	1007.56	0	0
RCHGF003241	936	695.56	0	0
RCHGF003242	765	524.56	0	0
RCHGF003243	2103	1862.56	0	0
RCHGF003244	1362	1121.56	1	268.68
RCHGF003245	1425	1184.56	0	0
RCHGF003246	423	193.272	0	0
RCHGF003247	396	169.091	0	0
RCHGF003248	480	245.545	0	0
RCHGF003249	369	144.896	0	0
RCHGF003250	1305	1064.56	0	0
RCHGF003252	114	17.25	0	0
RCHGF003253	1560	1319.56	0	0
RCHGF003254	138	15.3871	0	0
RCHGF003255	540	304.333	0	0
RCHGF003256	549	311.395	0	0
RCHGF003257	792	551.56	0	0
RCHGF003258	261	66.9782	0	0
RCHGF003259	465	231.593	0	0
RCHGF003260	852	611.56	0	0
RCHGF003261	909	668.56	0	0
RCHGF003262	423	193.272	0	0
RCHGF003263	159	23	0	0
RCHGF003264	312	100.638	0	0
RCHGF003265	132	13.9545	0	0
RCHGF003266	117	12.8571	0	0
RCHGF003267	231	50.1712	0	0
RCHGF003268	162	24.6667	0	0
RCHGF003269	603	362.56	0	0
RCHGF003270	942	701.56	0	0
RCHGF003271	210	43.3564	0	0
RCHGF003272	876	635.56	0	0
RCHGF003273	117	12.8571	0	0
RCHGF003274	1044	803.56	0	0
RCHGF003275	1347	1106.56	0	0
RCHGF003276	1818	1577.56	0	0
RCHGF003277	2646	2405.56	0	0
RCHGF003278	906	665.56	0	0
RCHGF003279	3267	3026.56	0	0
RCHGF003280	900	659.56	0	0
RCHGF003281	1128	887.56	0	0
RCHGF003282	1614	1373.56	0	0
RCHGF003283	219	46.2361	0	0
RCHGF003284	270	74.6758	0	0
RCHGF003285	612	371.56	0	0
RCHGF003286	516	280.981	0	0
RCHGF003287	318	104.344	0	0
RCHGF003288	621	380.56	0	0
RCHGF003289	171	27.1064	0	0
RCHGF003290	183	31.6694	0	0
RCHGF003291	1938	1697.56	0	0
RCHGF003292	417	188.108	0	0
RCHGF003293	327	110.446	0	0
RCHGF003294	2271	2030.56	0	0
RCHGF003295	279	79.1383	0	0
RCHGF003296	1341	1100.56	0	0
RCHGF003297	417	188.108	0	0
RCHGF003298	357	134.165	0	0
RCHGF003299	552	314.395	0	0
RCHGF003300	1248	1007.56	0	0
RCHGF003301	684	443.56	0	0
RCHGF003302	366	142.549	0	0
RCHGF003303	240	56.5519	0	0
RCHGF003304	1599	1358.56	0	0
RCHGF003305	327	110.446	0	0
RCHGF003306	303	94.3958	0	0
RCHGF003307	1368	1127.56	0	0
RCHGF003308	534	298.981	0	0
RCHGF003309	1182	941.56	0	0
RCHGF003310	270	74.6758	0	0
RCHGF003311	381	156.23	0	0
RCHGF003312	285	83.0421	0	0
RCHGF003313	570	331.036	0	0
RCHGF003314	372	147.568	0	0
RCHGF003315	162	24.6667	0	0
RCHGF003316	3150	2909.56	0	0
RCHGF003317	648	407.56	0	0
RCHGF003318	1719	1478.56	0	0
RCHGF003319	1893	1652.56	0	0
RCHGF003320	411	182.925	0	0
RCHGF003321	951	710.56	0	0
RCHGF003322	117	12.8571	0	0
RCHGF003323	219	46.2361	0	0
RCHGF003324	1563	1322.56	0	0
RCHGF003325	414	185.519	0	0
RCHGF003326	1023	782.56	0	0
RCHGF003327	237	54.7841	0	0
RCHGF003328	1359	1118.56	0	0
RCHGF003329	549	311.395	0	0
RCHGF003330	825	584.56	0	0
RCHGF003331	1332	1091.56	0	0
RCHGF003332	594	354.306	0	0
RCHGF003333	1422	1181.56	1	255.037
RCHGF003334	1419	1178.56	0	0
RCHGF003335	303	94.3958	0	0
RCHGF003336	1122	881.56	1	341.827
RCHGF003337	1995	1754.56	0	0
RCHGF003338	2289	2048.56	0	0
RCHGF003339	1581	1340.56	0	0
RCHGF003340	816	575.56	0	0
RCHGF003341	672	431.56	0	0
RCHGF003342	633	392.56	0	0
RCHGF003343	1008	767.56	1	392.596
RCHGF003344	1386	1145.56	0	0
RCHGF003345	273	75.4243	0	0
RCHGF003346	468	234.593	0	0
RCHGF003347	489	254.545	0	0
RCHGF003348	2022	1781.56	0	0
RCHGF003349	1599	1358.56	1	221.809
RCHGF003350	1233	992.56	0	0
RCHGF003351	678	437.56	0	0
RCHGF003352	1155	914.56	0	0
RCHGF003353	879	638.56	0	0
RCHGF003354	480	245.545	0	0
RCHGF003355	1761	1520.56	0	0
RCHGF003356	2358	2117.56	0	0
RCHGF003357	657	416.56	0	0
RCHGF003359	855	614.56	0	0
RCHGF003360	390	163.467	0	0
RCHGF003361	2511	2270.56	1	132.717
RCHGF003362	540	304.333	0	0
RCHGF003363	1170	929.56	0	0
RCHGF003364	1536	1295.56	1	232.595
RCHGF003365	951	710.56	1	424.09
RCHGF003366	4821	4580.56	0	0
RCHGF003367	675	434.56	0	0
RCHGF003368	153	20.6667	0	0
RCHGF003369	660	419.56	0	0
RCHGF003370	1083	842.56	0	0
RCHGF003371	468	234.593	0	0
RCHGF003372	168	25.2444	0	0
RCHGF003373	219	46.2361	0	0
RCHGF003374	309	98.6496	0	0
RCHGF003375	1419	1178.56	0	0
RCHGF003376	300	92.1234	0	0
RCHGF003377	123	11.4615	0	0
RCHGF003378	495	260.545	0	0
RCHGF003379	474	240.593	0	0
RCHGF003380	138	15.3871	0	0
RCHGF003381	642	401.56	0	0
RCHGF003382	1008	767.56	0	0
RCHGF003383	447	215.03	0	0
RCHGF003384	912	671.56	0	0
RCHGF003385	1050	809.56	0	0
RCHGF003386	327	110.446	0	0
RCHGF003387	480	245.545	0	0
RCHGF003388	870	629.56	0	0
RCHGF003389	858	617.56	0	0
RCHGF003390	1956	1715.56	0	0
RCHGF003391	411	182.925	0	0
RCHGF003392	210	43.3564	0	0
RCHGF003393	771	530.56	0	0
RCHGF003394	633	392.56	0	0
RCHGF003395	468	234.593	0	0
RCHGF003396	924	683.56	0	0
RCHGF003397	411	182.925	0	0
RCHGF003398	390	163.467	0	0
RCHGF003399	1026	785.56	0	0
RCHGF003400	330	112.644	0	0
RCHGF003401	984	743.56	0	0
RCHGF003402	255	63.8632	0	0
RCHGF003403	1029	788.56	0	0
RCHGF003404	447	215.03	0	0
RCHGF003405	603	362.56	0	0
RCHGF003406	450	218.03	0	0
RCHGF003407	1218	977.56	1	308.258
RCHGF003408	1287	1046.56	0	0
RCHGF003410	354	131.466	0	0
RCHGF003411	2091	1850.56	0	0
RCHGF003412	420	190.69	0	0
RCHGF003413	618	377.56	0	0
RCHGF003414	594	354.306	0	0
RCHGF003415	204	39.5787	0	0
RCHGF003416	111	19.6667	0	0
RCHGF003417	204	39.5787	0	0
RCHGF003418	1377	1136.56	0	0
RCHGF003419	2160	1919.56	0	0
RCHGF003420	375	150.23	0	0
RCHGF003421	471	237.593	0	0
RCHGF003422	564	325.036	0	0
RCHGF003423	891	650.56	0	0
RCHGF003424	2514	2273.56	0	0
RCHGF003425	390	163.467	0	0
RCHGF003426	1791	1550.56	0	0
RCHGF003427	705	464.56	0	0
RCHGF003428	153	20.6667	0	0
RCHGF003429	840	599.56	0	0
RCHGF003430	831	590.56	0	0
RCHGF003431	4428	4187.56	0	0
RCHGF003432	966	725.56	1	415.322
RCHGF003433	969	728.56	0	0
RCHGF003434	444	212.959	0	0
RCHGF003435	5241	5000.56	0	0
RCHGF003436	801	560.56	0	0
RCHGF003437	2145	1904.56	0	0
RCHGF003438	615	374.56	0	0
RCHGF003439	258	65.2095	0	0
RCHGF003440	756	515.56	0	0
RCHGF003441	798	557.56	0	0
RCHGF003442	744	503.56	0	0
RCHGF003443	345	124.846	0	0
RCHGF003444	1080	839.56	0	0
RCHGF003445	570	331.036	0	0
RCHGF003446	135	13.3103	0	0
RCHGF003447	228	48.508	0	0
RCHGF003448	840	599.56	0	0
RCHGF003449	1185	944.56	0	0
RCHGF003450	1716	1475.56	0	0
RCHGF003451	453	220.556	0	0
RCHGF003452	414	185.519	0	0
RCHGF003453	117	12.8571	0	0
RCHGF003454	912	671.56	0	0
RCHGF003455	843	602.56	0	0
RCHGF003456	1128	887.56	0	0
RCHGF003457	120	12.7778	0	0
RCHGF003458	834	593.56	0	0
RCHGF003459	1542	1301.56	0	0
RCHGF003460	396	169.091	0	0
RCHGF003461	645	404.56	0	0
RCHGF003462	606	365.56	0	0
RCHGF003463	276	78.1982	0	0
RCHGF003464	282	81.6734	0	0
RCHGF003465	120	12.7778	0	0
RCHGF003467	126	12.1875	0	0
RCHGF003468	1413	1172.56	0	0
RCHGF003469	465	231.593	0	0
RCHGF003470	1569	1328.56	0	0
RCHGF003471	1131	890.56	0	0
RCHGF003472	699	458.56	0	0
RCHGF003473	213	44.5561	0	0
RCHGF003474	333	115.107	0	0
RCHGF003475	1446	1205.56	0	0
RCHGF003476	882	641.56	0	0
RCHGF003477	588	348.306	0	0
RCHGF003478	519	283.981	0	0
RCHGF003479	615	374.56	0	0
RCHGF003480	906	665.56	0	0
RCHGF003481	1167	926.56	0	0
RCHGF003482	861	620.56	0	0
RCHGF003483	1215	974.56	0	0
RCHGF003484	1038	797.56	0	0
RCHGF003485	1392	1151.56	0	0
RCHGF003486	1221	980.56	0	0
RCHGF003488	1176	935.56	0	0
RCHGF003489	255	63.8632	0	0
RCHGF003490	660	419.56	0	0
RCHGF003491	756	515.56	0	0
RCHGF003492	177	30.534	0	0
RCHGF003493	480	245.545	0	0
RCHGF003494	579	340.036	0	0
RCHGF003495	1218	977.56	0	0
RCHGF003496	1182	941.56	0	0
RCHGF003497	1092	851.56	0	0
RCHGF003498	1059	818.56	0	0
RCHGF003499	114	17.25	0	0
RCHGF003500	1545	1304.56	1	230.991
RCHGF003501	777	536.56	0	0
RCHGF003502	837	596.56	3	1515.39
RCHGF003503	1026	785.56	0	0
RCHGF003504	786	545.56	1	552.352
RCHGF003505	1137	896.56	0	0
RCHGF003506	1206	965.56	0	0
RCHGF003507	1203	962.56	0	0
RCHGF003508	2112	1871.56	0	0
RCHGF003509	243	58.2826	0	0
RCHGF003510	1134	893.56	1	337.237
RCHGF003511	153	20.6667	0	0
RCHGF003512	951	710.56	0	0
RCHGF003513	1263	1022.56	0	0
RCHGF003514	948	707.56	0	0
RCHGF003515	675	434.56	0	0
RCHGF003516	339	119.995	0	0
RCHGF003517	1704	1463.56	1	205.896
RCHGF003518	1062	821.56	0	0
RCHGF003519	420	190.69	0	0
RCHGF003520	399	172.091	0	0
RCHGF003521	459	225.593	0	0
RCHGF003522	312	100.638	0	0
RCHGF003523	1029	788.56	0	0
RCHGF003524	915	674.56	0	0
RCHGF003525	153	20.6667	0	0
RCHGF003526	678	437.56	0	0
RCHGF003527	165	24.8148	0	0
RCHGF003528	117	12.8571	0	0
RCHGF003529	132	13.9545	0	0
RCHGF003530	792	551.56	0	0
RCHGF003531	921	680.56	0	0
RCHGF003532	1053	812.56	0	0
RCHGF003533	1053	812.56	0	0
RCHGF003534	1272	1031.56	0	0
RCHGF003535	870	629.56	0	0
RCHGF003536	969	728.56	0	0
RCHGF003537	348	126.963	0	0
RCHGF003538	672	431.56	0	0
RCHGF003539	885	644.56	0	0
RCHGF003540	738	497.56	0	0
RCHGF003541	2253	2012.56	1	149.73
RCHGF003542	819	578.56	0	0
RCHGF003543	756	515.56	0	0
RCHGF003544	1215	974.56	0	0
RCHGF003545	1188	947.56	0	0
RCHGF003546	750	509.56	0	0
RCHGF003547	765	524.56	0	0
RCHGF003548	1005	764.56	0	0
RCHGF003549	747	506.56	0	0
RCHGF003550	3216	2975.56	0	0
RCHGF003551	1074	833.56	1	361.511
RCHGF003552	636	395.56	0	0
RCHGF003553	699	458.56	0	0
RCHGF003554	906	665.56	0	0
RCHGF003555	744	503.56	0	0
RCHGF003556	3213	2972.56	0	0
RCHGF003557	1077	836.56	0	0
RCHGF003558	1290	1049.56	0	0
RCHGF003559	885	644.56	0	0
RCHGF003561	381	156.23	0	0
RCHGF003562	426	196.272	0	0
RCHGF003563	960	719.56	0	0
RCHGF003564	1230	989.56	0	0
RCHGF003565	819	578.56	0	0
RCHGF003566	771	530.56	0	0
RCHGF003567	471	237.593	0	0
RCHGF003568	735	494.56	0	0
RCHGF003569	414	185.519	0	0
RCHGF003570	720	479.56	0	0
RCHGF003571	852	611.56	0	0
RCHGF003572	897	656.56	0	0
RCHGF003573	543	305.395	0	0
RCHGF003574	738	497.56	0	0
RCHGF003575	396	169.091	0	0
RCHGF003576	777	536.56	1	561.617
RCHGF003577	723	482.56	0	0
RCHGF003578	654	413.56	0	0
RCHGF003580	507	271.981	0	0
RCHGF003581	615	374.56	0	0
RCHGF003582	852	611.56	1	492.742
RCHGF003583	1614	1373.56	0	0
RCHGF003584	393	166.467	0	0
RCHGF003585	912	671.56	1	448.718
RCHGF003586	816	575.56	0	0
RCHGF003587	978	737.56	0	0
RCHGF003588	297	89.8386	0	0
RCHGF003589	168	25.2444	0	0
RCHGF003590	2145	1904.56	0	0
RCHGF003591	216	44.9519	0	0
RCHGF003592	210	43.3564	0	0
RCHGF003593	417	188.108	0	0
RCHGF003594	546	308.395	0	0
RCHGF003595	162	24.6667	0	0
RCHGF003596	342	122.423	0	0
RCHGF003597	411	182.925	0	0
RCHGF003598	177	30.534	0	0
RCHGF003599	1296	1055.56	2	570.96
RCHGF003600	816	575.56	0	0
RCHGF003601	3666	3425.56	0	0
RCHGF003602	1287	1046.56	0	0
RCHGF003603	228	48.508	0	0
RCHGF003604	3075	2834.56	0	0
RCHGF003605	702	461.56	0	0
RCHGF003606	225	46.6557	0	0
RCHGF003607	543	305.395	0	0
RCHGF003608	234	52.5808	0	0
RCHGF003609	357	134.165	0	0
RCHGF003610	222	46.1602	0	0
RCHGF003611	897	656.56	0	0
RCHGF003612	879	638.56	0	0
RCHGF003613	1164	923.56	0	0
RCHGF003614	159	23	0	0
RCHGF003615	483	248.545	0	0
RCHGF003616	1629	1388.56	0	0
RCHGF003617	357	134.165	0	0
RCHGF003618	777	536.56	0	0
RCHGF003619	900	659.56	1	456.882
RCHGF003620	1071	830.56	0	0
RCHGF003621	1080	839.56	0	0
RCHGF003622	714	473.56	0	0
RCHGF003623	798	557.56	0	0
RCHGF003624	267	72.1231	0	0
RCHGF003625	651	410.56	0	0
RCHGF003626	723	482.56	1	624.464
RCHGF003627	1644	1403.56	0	0
RCHGF003628	558	319.722	0	0
RCHGF003629	132	13.9545	0	0
RCHGF003630	1863	1622.56	1	185.72
RCHGF003631	2271	2030.56	0	0
RCHGF003632	462	228.593	0	0
RCHGF003633	1263	1022.56	0	0
RCHGF003634	741	500.56	0	0
RCHGF003635	600	359.56	0	0
RCHGF003636	774	533.56	0	0
RCHGF003637	669	428.56	0	0
RCHGF003638	1008	767.56	0	0
RCHGF003639	201	37.8895	0	0
RCHGF003640	1191	950.56	1	317.014
RCHGF003641	1560	1319.56	0	0
RCHGF003642	708	467.56	0	0
RCHGF003643	711	470.56	0	0
RCHGF003644	336	117.834	1	2557.34
RCHGF003645	144	15.2826	0	0
RCHGF003646	537	301.981	0	0
RCHGF003647	882	641.56	0	0
RCHGF003648	153	20.6667	0	0
RCHGF003649	960	719.56	0	0
RCHGF003650	702	461.56	0	0
RCHGF003651	510	274.981	0	0
RCHGF003652	201	37.8895	0	0
RCHGF003653	180	30.4912	0	0
RCHGF003654	2013	1772.56	0	0
RCHGF003655	234	52.5808	0	0
RCHGF003656	1608	1367.56	0	0
RCHGF003657	594	354.306	0	0
RCHGF003658	834	593.56	0	0
RCHGF003659	246	59.0035	0	0
RCHGF003660	747	506.56	0	0
RCHGF003661	774	533.56	0	0
RCHGF003662	327	110.446	0	0
RCHGF003663	147	16.6275	0	0
RCHGF003664	960	719.56	0	0
RCHGF003665	2556	2315.56	1	130.137
RCHGF003666	171	27.1064	0	0
RCHGF003667	639	398.56	0	0
RCHGF003668	612	371.56	0	0
RCHGF003669	1362	1121.56	0	0
RCHGF003670	270	74.6758	0	0
RCHGF003671	570	331.036	0	0
RCHGF003672	567	328.036	0	0
RCHGF003673	894	653.56	0	0
RCHGF003674	231	50.1712	0	0
RCHGF003676	843	602.56	0	0
RCHGF003677	300	92.1234	0	0
RCHGF003678	1596	1355.56	0	0
RCHGF003679	723	482.56	0	0
RCHGF003680	3024	2783.56	0	0
RCHGF003681	1128	887.56	0	0
RCHGF003682	765	524.56	2	1148.93
RCHGF003683	834	593.56	0	0
RCHGF003684	678	437.56	0	0
RCHGF003685	1032	791.56	0	0
RCHGF003687	462	228.593	0	0
RCHGF003688	687	446.56	0	0
RCHGF003689	885	644.56	0	0
RCHGF003690	1038	797.56	0	0
RCHGF003691	360	136.549	0	0
RCHGF003692	663	422.56	0	0
RCHGF003693	1479	1238.56	0	0
RCHGF003694	624	383.56	0	0
RCHGF003695	495	260.545	0	0
RCHGF003696	777	536.56	0	0
RCHGF003697	471	237.593	0	0
RCHGF003698	2109	1868.56	0	0
RCHGF003699	225	46.6557	0	0
RCHGF003700	1329	1088.56	3	830.477
RCHGF003701	267	72.1231	0	0
RCHGF003702	627	386.56	1	779.546
RCHGF003703	138	15.3871	0	0
RCHGF003704	1662	1421.56	0	0
RCHGF003705	117	12.8571	0	0
RCHGF003706	249	61.1821	0	0
RCHGF003707	318	104.344	0	0
RCHGF003708	297	89.8386	0	0
RCHGF003709	498	263.545	0	0
RCHGF003710	861	620.56	0	0
RCHGF003711	954	713.56	0	0
RCHGF003712	270	74.6758	0	0
RCHGF003713	624	383.56	0	0
RCHGF003714	1026	785.56	0	0
RCHGF003715	1632	1391.56	0	0
RCHGF003716	393	166.467	0	0
RCHGF003717	768	527.56	1	571.198
RCHGF003718	1014	773.56	0	0
RCHGF003719	198	36.6707	0	0
RCHGF003720	495	260.545	0	0
RCHGF003721	255	63.8632	0	0
RCHGF003722	213	44.5561	0	0
RCHGF003723	369	144.896	0	0
RCHGF003724	408	179.925	0	0
RCHGF003725	306	96.9016	0	0
RCHGF003726	168	25.2444	0	0
RCHGF003727	579	340.036	0	0
RCHGF003728	657	416.56	0	0
RCHGF003729	516	280.981	0	0
RCHGF003730	1500	1259.56	0	0
RCHGF003731	1290	1049.56	0	0
RCHGF003732	1128	887.56	0	0
RCHGF003733	177	30.534	0	0
RCHGF003734	303	94.3958	0	0
RCHGF003735	759	518.56	0	0
RCHGF003736	177	30.534	0	0
RCHGF003737	546	308.395	0	0
RCHGF003738	1065	824.56	0	0
RCHGF003739	114	17.25	0	0
RCHGF003740	894	653.56	0	0
RCHGF003741	2622	2381.56	0	0
RCHGF003742	567	328.036	0	0
RCHGF003744	717	476.56	0	0
RCHGF003745	624	383.56	0	0
RCHGF003746	579	340.036	0	0
RCHGF003747	288	84.6492	0	0
RCHGF003748	282	81.6734	0	0
RCHGF003749	117	12.8571	0	0
RCHGF003750	270	74.6758	0	0
RCHGF003751	174	28.9694	0	0
RCHGF003752	288	84.6492	0	0
RCHGF003753	588	348.306	1	865.162
RCHGF003754	2322	2081.56	1	144.767
RCHGF003755	1275	1034.56	0	0
RCHGF003756	720	479.56	0	0
RCHGF003757	129	14.3529	0	0
RCHGF003758	1581	1340.56	0	0
RCHGF003759	114	17.25	0	0
RCHGF003760	1590	1349.56	0	0
RCHGF003761	1689	1448.56	0	0
RCHGF003762	675	434.56	0	0
RCHGF003763	237	54.7841	0	0
RCHGF003764	534	298.981	16	16126.3
RCHGF003765	417	188.108	0	0
RCHGF003766	4101	3860.56	0	0
RCHGF003767	147	16.6275	0	0
RCHGF003768	927	686.56	0	0
RCHGF003769	972	731.56	0	0
RCHGF003770	1851	1610.56	6	1122.62
RCHGF003771	1155	914.56	0	0
RCHGF003772	699	458.56	0	0
RCHGF003773	351	129.963	0	0
RCHGF003774	1881	1640.56	0	0
RCHGF003775	918	677.56	0	0
RCHGF003776	153	20.6667	0	0
RCHGF003777	849	608.56	0	0
RCHGF003778	1461	1220.56	0	0
RCHGF003779	939	698.56	0	0
RCHGF003780	357	134.165	0	0
RCHGF003781	618	377.56	0	0
RCHGF003782	1251	1010.56	0	0
RCHGF003783	174	28.9694	0	0
RCHGF003784	774	533.56	0	0
RCHGF003785	159	23	0	0
RCHGF003786	435	204.404	0	0
RCHGF003787	129	14.3529	0	0
RCHGF003788	1065	824.56	0	0
RCHGF003789	120	12.7778	0	0
RCHGF003790	573	334.036	0	0
RCHGF003791	2055	1814.56	0	0
RCHGF003792	1716	1475.56	0	0
RCHGF003793	681	440.56	0	0
RCHGF003794	1545	1304.56	0	0
RCHGF003795	1500	1259.56	0	0
RCHGF003796	669	428.56	0	0
RCHGF003797	447	215.03	0	0
RCHGF003798	1107	866.56	0	0
RCHGF003799	132	13.9545	0	0
RCHGF003800	219	46.2361	0	0
RCHGF003801	411	182.925	0	0
RCHGF003802	360	136.549	0	0
RCHGF003803	1905	1664.56	0	0
RCHGF003804	639	398.56	0	0
RCHGF003805	123	11.4615	0	0
RCHGF003806	828	587.56	0	0
RCHGF003807	111	19.6667	0	0
RCHGF003808	804	563.56	0	0
RCHGF003809	486	251.545	0	0
RCHGF003810	750	509.56	0	0
RCHGF003811	843	602.56	0	0
RCHGF003812	498	263.545	0	0
RCHGF003813	846	605.56	0	0
RCHGF003814	645	404.56	0	0
RCHGF003815	1338	1097.56	0	0
RCHGF003816	459	225.593	0	0
RCHGF003817	489	254.545	0	0
RCHGF003818	900	659.56	0	0
RCHGF003819	504	268.981	0	0
RCHGF003820	117	12.8571	0	0
RCHGF003821	450	218.03	0	0
RCHGF003822	876	635.56	0	0
RCHGF003823	207	41.4809	0	0
RCHGF003824	246	59.0035	0	0
RCHGF003825	333	115.107	0	0
RCHGF003826	114	17.25	0	0
RCHGF003827	1269	1028.56	0	0
RCHGF003828	432	201.404	0	0
RCHGF003829	489	254.545	0	0
RCHGF003830	1824	1583.56	0	0
RCHGF003832	129	14.3529	0	0
RCHGF003833	858	617.56	0	0
RCHGF003834	426	196.272	0	0
RCHGF003835	315	102.37	0	0
RCHGF003836	579	340.036	0	0
RCHGF003837	1113	872.56	0	0
RCHGF003838	1935	1694.56	0	0
RCHGF003839	2262	2021.56	0	0
RCHGF003840	120	12.7778	0	0
RCHGF003841	423	193.272	0	0
RCHGF003842	1518	1277.56	0	0
RCHGF003843	129	14.3529	0	0
RCHGF003844	618	377.56	0	0
RCHGF003845	471	237.593	0	0
RCHGF003846	129	14.3529	0	0
RCHGF003847	447	215.03	0	0
RCHGF003848	462	228.593	0	0
RCHGF003849	1941	1700.56	0	0
RCHGF003850	2631	2390.56	2	252.109
RCHGF003851	138	15.3871	0	0
RCHGF003852	906	665.56	0	0
RCHGF003853	177	30.534	0	0
RCHGF003854	846	605.56	0	0
RCHGF003855	1272	1031.56	1	292.122
RCHGF003856	351	129.963	0	0
RCHGF003857	453	220.556	0	0
RCHGF003858	228	48.508	0	0
RCHGF003859	1068	827.56	0	0
RCHGF003860	558	319.722	1	942.509
RCHGF003861	291	87.6492	0	0
RCHGF003862	915	674.56	0	0
RCHGF003863	177	30.534	0	0
RCHGF003864	291	87.6492	0	0
RCHGF003865	300	92.1234	0	0
RCHGF003866	252	62.936	0	0
RCHGF003867	4215	3974.56	0	0
RCHGF003868	522	286.981	0	0
RCHGF003869	996	755.56	0	0
RCHGF003870	564	325.036	0	0
RCHGF003871	330	112.644	0	0
RCHGF003872	1326	1085.56	0	0
RCHGF003873	1032	791.56	1	380.693
RCHGF003874	162	24.6667	0	0
RCHGF003875	681	440.56	0	0
RCHGF003876	2007	1766.56	0	0
RCHGF003877	648	407.56	0	0
RCHGF003878	978	737.56	1	408.565
RCHGF003879	861	620.56	0	0
RCHGF003880	318	104.344	0	0
RCHGF003881	1332	1091.56	0	0
RCHGF003882	2571	2330.56	0	0
RCHGF003883	117	12.8571	0	0
RCHGF003884	1095	854.56	0	0
RCHGF003885	1254	1013.56	0	0
RCHGF003886	1419	1178.56	2	511.372
RCHGF003887	1797	1556.56	0	0
RCHGF003888	98	15	0	0
RCHGF003891	2625	2384.56	0	0
RCHGF003892	255	63.8632	1	4718.54
RCHGF003893	411	182.925	0	0
RCHGF003894	258	65.2095	0	0
RCHGF003895	1056	815.56	0	0
RCHGF003896	630	389.56	0	0
RCHGF003897	477	243.593	10	12370.7
RCHGF003898	462	228.593	0	0
RCHGF003899	1965	1724.56	0	0
RCHGF003900	957	716.56	1	420.539
RCHGF003901	1200	959.56	0	0
RCHGF003902	498	263.545	0	0
RCHGF003903	297	89.8386	0	0
RCHGF003904	651	410.56	0	0
RCHGF003905	2928	2687.56	0	0
RCHGF003906	969	728.56	0	0
RCHGF003907	312	100.638	0	0
RCHGF003908	1191	950.56	0	0
RCHGF003909	948	707.56	0	0
RCHGF003910	2499	2258.56	0	0
RCHGF003911	1692	1451.56	0	0
RCHGF003912	1398	1157.56	0	0
RCHGF003913	3078	2837.56	0	0
RCHGF003914	486	251.545	0	0
RCHGF003915	132	13.9545	0	0
RCHGF003917	309	98.6496	0	0
RCHGF003918	312	100.638	0	0
RCHGF003919	282	81.6734	0	0
RCHGF003920	1287	1046.56	0	0
RCHGF003921	426	196.272	0	0
RCHGF003922	1071	830.56	0	0
RCHGF003923	750	509.56	0	0
RCHGF003924	567	328.036	0	0
RCHGF003925	762	521.56	0	0
RCHGF003926	582	343.036	0	0
RCHGF003927	636	395.56	1	761.809
RCHGF003928	1011	770.56	0	0
RCHGF003929	351	129.963	0	0
RCHGF003930	660	419.56	0	0
RCHGF003931	1302	1061.56	0	0
RCHGF003932	288	84.6492	0	0
RCHGF003933	2289	2048.56	1	147.099
RCHGF003934	1605	1364.56	0	0
RCHGF003935	513	277.981	0	0
RCHGF003936	2199	1958.56	0	0
RCHGF003937	498	263.545	0	0
RCHGF003938	120	12.7778	0	0
RCHGF003939	426	196.272	0	0
RCHGF003940	123	11.4615	0	0
RCHGF003941	117	12.8571	0	0
RCHGF003942	471	237.593	0	0
RCHGF003943	789	548.56	0	0
RCHGF003944	489	254.545	0	0
RCHGF003945	576	337.036	0	0
RCHGF003946	1104	863.56	0	0
RCHGF003947	936	695.56	0	0
RCHGF003948	507	271.981	2	2215.9
RCHGF003949	465	231.593	0	0
RCHGF003950	1698	1457.56	0	0
RCHGF003951	255	63.8632	0	0
RCHGF003952	291	87.6492	0	0
RCHGF003953	1863	1622.56	4	742.878
RCHGF003954	336	117.834	0	0
RCHGF003955	153	20.6667	0	0
RCHGF003956	630	389.56	0	0
RCHGF003957	1074	833.56	0	0
RCHGF003958	930	689.56	0	0
RCHGF003959	1125	884.56	0	0
RCHGF003960	1200	959.56	0	0
RCHGF003961	2361	2120.56	0	0
RCHGF003962	1551	1310.56	0	0
RCHGF003963	936	695.56	0	0
RCHGF003964	150	18.3091	1	16458.6
RCHGF003965	273	75.4243	1	3995.28
RCHGF003966	450	218.03	0	0
RCHGF003967	417	188.108	0	0
RCHGF003968	669	428.56	0	0
RCHGF003969	858	617.56	0	0
RCHGF003970	609	368.56	0	0
RCHGF003971	1929	1688.56	0	0
RCHGF003972	2493	2252.56	0	0
RCHGF003973	1257	1016.56	0	0
RCHGF003974	1788	1547.56	1	194.72
RCHGF003975	2178	1937.56	0	0
RCHGF003976	417	188.108	0	0
RCHGF003977	513	277.981	0	0
RCHGF003978	522	286.981	0	0
RCHGF003979	708	467.56	0	0
RCHGF003980	441	209.959	0	0
RCHGF003981	996	755.56	0	0
RCHGF003982	351	129.963	0	0
RCHGF003983	1374	1133.56	0	0
RCHGF003984	138	15.3871	0	0
RCHGF003985	279	79.1383	3	11423.3
RCHGF003986	735	494.56	0	0
RCHGF003987	546	308.395	0	0
RCHGF003988	981	740.56	0	0
RCHGF003989	570	331.036	0	0
RCHGF003990	510	274.981	0	0
RCHGF003991	327	110.446	0	0
RCHGF003992	735	494.56	0	0
RCHGF003993	756	515.56	0	0
RCHGF003994	783	542.56	0	0
RCHGF003995	1323	1082.56	0	0
RCHGF003996	1458	1217.56	0	0
RCHGF003997	894	653.56	1	461.077
RCHGF003998	795	554.56	2	1086.78
RCHGF003999	198	36.6707	0	0
RCHGF004000	924	683.56	1	440.841
RCHGF004001	984	743.56	0	0
RCHGF004002	678	437.56	0	0
RCHGF004003	1218	977.56	0	0
RCHGF004004	378	153.23	0	0
RCHGF004005	486	251.545	0	0
RCHGF004006	288	84.6492	0	0
RCHGF004007	594	354.306	1	850.511
RCHGF004008	948	707.56	0	0
RCHGF004009	939	698.56	0	0
RCHGF004010	1245	1004.56	0	0
RCHGF004011	759	518.56	0	0
RCHGF004012	636	395.56	0	0
RCHGF004013	1686	1445.56	1	208.46
RCHGF004014	465	231.593	0	0
RCHGF004015	360	136.549	0	0
RCHGF004016	408	179.925	0	0
RCHGF004017	897	656.56	0	0
RCHGF004018	738	497.56	0	0
RCHGF004019	312	100.638	0	0
RCHGF004020	1380	1139.56	0	0
RCHGF004021	1764	1523.56	0	0
RCHGF004022	1194	953.56	1	316.017
RCHGF004023	660	419.56	0	0
RCHGF004024	510	274.981	0	0
RCHGF004025	909	668.56	0	0
RCHGF004027	147	16.6275	0	0
RCHGF004028	879	638.56	0	0
RCHGF004029	528	292.981	0	0
RCHGF004030	1062	821.56	0	0
RCHGF004031	2070	1829.56	1	164.707
RCHGF004032	609	368.56	0	0
RCHGF004033	462	228.593	0	0
RCHGF004034	993	752.56	0	0
RCHGF004035	951	710.56	0	0
RCHGF004036	297	89.8386	0	0
RCHGF004037	351	129.963	0	0
RCHGF004038	162	24.6667	0	0
RCHGF004039	417	188.108	0	0
RCHGF004040	435	204.404	0	0
RCHGF004041	327	110.446	0	0
RCHGF004042	561	322.722	0	0
RCHGF004043	972	731.56	1	411.916
RCHGF004044	654	413.56	0	0
RCHGF004045	1308	1067.56	0	0
RCHGF004046	999	758.56	0	0
RCHGF004047	1590	1349.56	0	0
RCHGF004048	180	30.4912	0	0
RCHGF004049	1476	1235.56	0	0
RCHGF004050	282	81.6734	19	70102.2
RCHGF004051	702	461.56	0	0
RCHGF004052	1200	959.56	0	0
RCHGF004053	303	94.3958	0	0
RCHGF004054	399	172.091	0	0
RCHGF004055	438	206.959	0	0
RCHGF004056	357	134.165	0	0
RCHGF004057	339	119.995	0	0
RCHGF004058	738	497.56	0	0
RCHGF004059	1332	1091.56	0	0
RCHGF004060	705	464.56	0	0
RCHGF004061	1428	1187.56	0	0
RCHGF004062	1599	1358.56	0	0
RCHGF004063	570	331.036	0	0
RCHGF004064	1254	1013.56	1	297.31
RCHGF004065	1299	1058.56	0	0
RCHGF004066	834	593.56	0	0
RCHGF004067	921	680.56	0	0
RCHGF004068	660	419.56	0	0
RCHGF004069	621	380.56	0	0
RCHGF004070	1179	938.56	0	0
RCHGF004071	831	590.56	0	0
RCHGF004072	999	758.56	0	0
RCHGF004073	1659	1418.56	0	0
RCHGF004074	777	536.56	1	561.617
RCHGF004075	1875	1634.56	0	0
RCHGF004076	840	599.56	0	0
RCHGF004077	210	43.3564	0	0
RCHGF004078	1326	1085.56	0	0
RCHGF004079	375	150.23	0	0
RCHGF004080	900	659.56	0	0
RCHGF004081	327	110.446	6	16370.4
RCHGF004082	555	317.395	0	0
RCHGF004083	1374	1133.56	2	531.672
RCHGF004084	942	701.56	0	0
RCHGF004085	828	587.56	0	0
RCHGF004086	951	710.56	0	0
RCHGF004087	576	337.036	0	0
RCHGF004088	114	17.25	0	0
RCHGF004089	792	551.56	0	0
RCHGF004090	930	689.56	0	0
RCHGF004091	921	680.56	0	0
RCHGF004092	900	659.56	0	0
RCHGF004093	438	206.959	0	0
RCHGF004094	426	196.272	0	0
RCHGF004095	150	18.3091	0	0
RCHGF004096	1743	1502.56	0	0
RCHGF004097	1335	1094.56	0	0
RCHGF004099	735	494.56	0	0
RCHGF004101	642	401.56	0	0
RCHGF004102	201	37.8895	0	0
RCHGF004103	177	30.534	0	0
RCHGF004104	1191	950.56	1	317.014
RCHGF004105	123	11.4615	0	0
RCHGF004106	1626	1385.56	0	0
RCHGF004107	822	581.56	0	0
RCHGF004108	831	590.56	0	0
RCHGF004109	4233	3992.56	0	0
RCHGF004110	450	218.03	0	0
RCHGF004111	171	27.1064	0	0
RCHGF004112	132	13.9545	0	0
RCHGF004113	489	254.545	0	0
RCHGF004114	879	638.56	0	0
RCHGF004115	2790	2549.56	0	0
RCHGF004116	132	13.9545	0	0
RCHGF004117	432	201.404	0	0
RCHGF004118	492	257.545	0	0
RCHGF004119	774	533.56	0	0
RCHGF004120	816	575.56	0	0
RCHGF004121	1680	1439.56	0	0
RCHGF004122	795	554.56	0	0
RCHGF004123	636	395.56	0	0
RCHGF004125	1497	1256.56	1	239.814
RCHGF004126	1089	848.56	0	0
RCHGF004127	300	92.1234	0	0
RCHGF004128	666	425.56	0	0
RCHGF004129	810	569.56	0	0
RCHGF004130	1371	1130.56	0	0
RCHGF004131	1440	1199.56	0	0
RCHGF004132	1437	1196.56	0	0
RCHGF004133	1383	1142.56	0	0
RCHGF004134	837	596.56	0	0
RCHGF004135	438	206.959	0	0
RCHGF004136	123	11.4615	0	0
RCHGF004137	915	674.56	0	0
RCHGF004138	885	644.56	0	0
RCHGF004139	1014	773.56	0	0
RCHGF004140	1158	917.56	0	0
RCHGF004141	306	96.9016	0	0
RCHGF004142	237	54.7841	0	0
RCHGF004143	642	401.56	0	0
RCHGF004144	807	566.56	0	0
RCHGF004145	762	521.56	0	0
RCHGF004146	462	228.593	0	0
RCHGF004147	417	188.108	0	0
RCHGF004148	2715	2474.56	0	0
RCHGF004149	966	725.56	0	0
RCHGF004150	804	563.56	0	0
RCHGF004151	1179	938.56	0	0
RCHGF004152	861	620.56	0	0
RCHGF004153	123	11.4615	0	0
RCHGF004154	147	16.6275	0	0
RCHGF004155	183	31.6694	0	0
RCHGF004156	636	395.56	0	0
RCHGF004157	945	704.56	0	0
RCHGF004158	780	539.56	0	0
RCHGF004159	999	758.56	0	0
RCHGF004160	687	446.56	0	0
RCHGF004161	657	416.56	0	0
RCHGF004162	1809	1568.56	0	0
RCHGF004163	1176	935.56	0	0
RCHGF004164	1455	1214.56	0	0
RCHGF004165	636	395.56	0	0
RCHGF004166	258	65.2095	0	0
RCHGF004167	345	124.846	0	0
RCHGF004168	597	356.56	0	0
RCHGF004169	6609	6368.56	0	0
RCHGF004170	438	206.959	0	0
RCHGF004171	840	599.56	0	0
RCHGF004172	297	89.8386	0	0
RCHGF004173	1464	1223.56	0	0
RCHGF004174	780	539.56	0	0
RCHGF004175	1092	851.56	0	0
RCHGF004176	2604	2363.56	0	0
RCHGF004177	750	509.56	0	0
RCHGF004178	159	23	0	0
RCHGF004179	708	467.56	0	0
RCHGF004180	636	395.56	0	0
RCHGF004181	450	218.03	1	1382.11
RCHGF004182	165	24.8148	0	0
RCHGF004183	777	536.56	0	0
RCHGF004184	111	19.6667	0	0
RCHGF004185	1401	1160.56	0	0
RCHGF004186	756	515.56	0	0
RCHGF004187	798	557.56	0	0
RCHGF004188	858	617.56	0	0
RCHGF004189	825	584.56	0	0
RCHGF004190	1317	1076.56	0	0
RCHGF004191	1437	1196.56	0	0
RCHGF004192	1848	1607.56	0	0
RCHGF004193	837	596.56	0	0
RCHGF004194	435	204.404	0	0
RCHGF004195	2508	2267.56	0	0
RCHGF004196	1329	1088.56	0	0
RCHGF004197	120	12.7778	0	0
RCHGF004198	1590	1349.56	0	0
RCHGF004199	708	467.56	0	0
RCHGF004200	1215	974.56	0	0
RCHGF004201	522	286.981	0	0
RCHGF004202	699	458.56	0	0
RCHGF004203	579	340.036	0	0
RCHGF004204	1176	935.56	0	0
RCHGF004205	984	743.56	0	0
RCHGF004206	1164	923.56	0	0
RCHGF004207	363	139.549	0	0
RCHGF004208	957	716.56	1	420.539
RCHGF004209	396	169.091	1	1782.12
RCHGF004210	363	139.549	0	0
RCHGF004211	114	17.25	0	0
RCHGF004212	771	530.56	1	567.968
RCHGF004213	645	404.56	2	1489.72
RCHGF004214	1302	1061.56	1	283.866
RCHGF004215	438	206.959	0	0
RCHGF004216	510	274.981	0	0
RCHGF004217	354	131.466	0	0
RCHGF004218	543	305.395	1	986.726
RCHGF004219	393	166.467	0	0
RCHGF004220	537	301.981	1	997.882
RCHGF004221	321	106.825	0	0
RCHGF004222	366	142.549	0	0
RCHGF004223	258	65.2095	0	0
RCHGF004224	198	36.6707	0	0
RCHGF004225	414	185.519	1	1624.32
RCHGF004226	789	548.56	1	549.331
RCHGF004227	333	115.107	0	0
RCHGF004228	276	78.1982	0	0
RCHGF004229	831	590.56	1	510.263
RCHGF004230	294	88.7378	0	0
RCHGF004231	627	386.56	0	0
RCHGF004232	684	443.56	0	0
RCHGF004233	726	485.56	0	0
RCHGF004234	738	497.56	0	0
RCHGF004235	996	755.56	0	0
RCHGF004236	765	524.56	0	0
RCHGF004238	309	98.6496	0	0
RCHGF004239	216	44.9519	0	0
RCHGF004240	1182	941.56	5	1600.22
RCHGF004241	2076	1835.56	1	164.169
RCHGF004242	468	234.593	1	1284.53
RCHGF004243	420	190.69	2	3160.53
RCHGF004244	810	569.56	0	0
RCHGF004245	1350	1109.56	0	0
RCHGF004247	543	305.395	0	0
RCHGF004248	189	32.6268	0	0
RCHGF004249	279	79.1383	0	0
RCHGF004250	450	218.03	0	0
RCHGF004251	807	566.56	0	0
RCHGF004252	432	201.404	0	0
RCHGF004253	153	20.6667	0	0
RCHGF004254	234	52.5808	0	0
RCHGF004255	369	144.896	0	0
RCHGF004256	1287	1046.56	1	287.935
RCHGF004257	120	12.7778	0	0
RCHGF004258	192	34.9448	0	0
RCHGF004259	402	175.091	0	0
RCHGF004260	918	677.56	0	0
RCHGF004261	462	228.593	0	0
RCHGF004262	120	12.7778	0	0
RCHGF004263	330	112.644	0	0
RCHGF004264	1041	800.56	0	0
RCHGF004265	708	467.56	0	0
RCHGF004266	1917	1676.56	0	0
RCHGF004267	702	461.56	0	0
RCHGF004268	3519	3278.56	0	0
RCHGF004269	366	142.549	0	0
RCHGF004270	609	368.56	0	0
RCHGF004271	480	245.545	0	0
RCHGF004272	318	104.344	0	0
RCHGF004273	360	136.549	0	0
RCHGF004274	267	72.1231	0	0
RCHGF004275	1683	1442.56	0	0
RCHGF004276	570	331.036	0	0
RCHGF004277	1212	971.56	0	0
RCHGF004278	1734	1493.56	0	0
RCHGF004279	390	163.467	0	0
RCHGF004280	249	61.1821	0	0
RCHGF004281	291	87.6492	0	0
RCHGF004282	144	15.2826	0	0
RCHGF004283	306	96.9016	0	0
RCHGF004284	207	41.4809	0	0
RCHGF004285	396	169.091	0	0
RCHGF004286	219	46.2361	0	0
RCHGF004287	852	611.56	0	0
RCHGF004288	219	46.2361	0	0
RCHGF004289	585	346.036	0	0
RCHGF004290	261	66.9782	0	0
RCHGF004291	204	39.5787	0	0
RCHGF004292	456	223.556	0	0
RCHGF004293	1383	1142.56	0	0
RCHGF004294	894	653.56	0	0
RCHGF004295	315	102.37	0	0
RCHGF004296	156	20.6515	0	0
RCHGF004297	906	665.56	0	0
RCHGF004298	540	304.333	0	0
RCHGF004299	255	63.8632	0	0
RCHGF004300	123	11.4615	0	0
RCHGF004301	189	32.6268	0	0
RCHGF004302	171	27.1064	0	0
RCHGF004303	177	30.534	0	0
RCHGF004304	168	25.2444	0	0
RCHGF004305	303	94.3958	0	0
RCHGF004306	390	163.467	0	0
RCHGF004307	918	677.56	1	444.745
RCHGF004308	1407	1166.56	0	0
