-e target_id	length	eff_length	Monoculture_Clostridium_HGF2_Late_Replicate_2_HGF2_counts	tpm
RCHGF000001	708	437.261	1232	59.1895
RCHGF000002	762	491.084	1514	64.7657
RCHGF000003	780	509.084	2640	108.941
RCHGF000004	882	611.068	2145	73.7417
RCHGF000005	903	632.068	690	22.933
RCHGF000006	1215	944.054	809	18.0023
RCHGF000007	855	584.068	1095	39.3846
RCHGF000008	561	293.395	408	29.2135
RCHGF000009	522	257.325	412	33.6349
RCHGF000010	447	191.639	187	20.499
RCHGF000011	714	443.217	326	15.4517
RCHGF000012	1449	1178.05	1290	23.0038
RCHGF000013	144	20.8987	66	66.3438
RCHGF000014	639	368.914	69	3.92916
RCHGF000015	480	219.757	10	0.955942
RCHGF000016	744	473.108	42	1.86494
RCHGF000017	849	578.068	73	2.65289
RCHGF000018	387	144.639	8	1.16193
RCHGF000020	519	254.669	92	7.58903
RCHGF000021	156	24.0812	132	115.152
RCHGF000022	918	647.068	10183	330.599
RCHGF000023	1470	1199.05	3466	60.7247
RCHGF000024	948	677.068	5349	165.965
RCHGF000025	2820	2549.05	9860	81.2593
RCHGF000026	528	262.873	265	21.1776
RCHGF000027	480	219.757	108	10.3242
RCHGF000028	747	476.108	277	12.2222
RCHGF000029	852	581.068	3878	140.203
RCHGF000030	852	581.068	4589	165.908
RCHGF000031	2136	1865.05	4607	51.8922
RCHGF000032	114	16.0025	64	84.0173
RCHGF000033	1155	884.054	741	17.6082
RCHGF000034	2412	2141.05	35569	348.995
RCHGF000035	642	371.836	64	3.6158
RCHGF000036	945	674.068	3683	114.782
RCHGF000037	399	153.628	1203	164.502
RCHGF000038	1875	1604.05	845	11.0666
RCHGF000039	699	428.288	387	18.9824
RCHGF000040	2544	2273.05	8723	80.6179
RCHGF000041	1098	827.054	1176	29.8709
RCHGF000042	2586	2315.05	3171	28.7747
RCHGF000043	3450	3179.05	17108	113.052
RCHGF000044	390	146.848	406	58.081
RCHGF000045	834	563.073	2112	78.796
RCHGF000046	816	545.079	494	19.0389
RCHGF000047	1971	1700.05	19931	246.287
RCHGF000048	813	542.079	30284	1173.62
RCHGF000049	1026	755.054	2148	59.7629
RCHGF000050	1857	1586.05	2309	30.5831
RCHGF000051	1692	1421.05	3168	46.8328
RCHGF000052	126	18.1807	8	9.24389
RCHGF000053	165	26.3616	11	8.76591
RCHGF000054	135	19.1523	6532	7164.74
RCHGF000055	447	191.639	425	46.5887
RCHGF000056	126	18.1807	7	8.0884
RCHGF000057	408	160.549	316	41.3479
RCHGF000058	639	368.914	1280	72.8888
RCHGF000059	933	662.068	1001	31.7619
RCHGF000060	675	404.441	377	19.5822
RCHGF000061	744	473.108	139	6.17206
RCHGF000062	1182	911.054	4152	95.7389
RCHGF000063	1974	1703.05	6845	84.4346
RCHGF000064	1479	1208.05	1753	30.4839
RCHGF000065	900	629.068	1494	49.8917
RCHGF000066	687	416.368	1252	63.1688
RCHGF000067	1395	1124.05	1452	27.1366
RCHGF000068	894	623.068	845	28.4903
RCHGF000069	687	416.368	966	48.7389
RCHGF000070	873	602.068	1500	52.3385
RCHGF000071	363	127.443	57	9.39582
RCHGF000072	117	16.4558	8	10.2128
RCHGF000073	861	590.068	114	4.05862
RCHGF000074	732	461.159	89	4.05429
RCHGF000075	207	42.3069	28	13.9034
RCHGF000076	276	73.5352	4340	1239.85
RCHGF000077	288	80.305	4003	1047.17
RCHGF000078	1566	1295.05	636	10.3168
RCHGF000079	288	80.305	45	11.7719
RCHGF000080	459	201.723	80	8.33124
RCHGF000081	450	194.23	96	10.3832
RCHGF000082	411	162.874	190	24.5062
RCHGF000083	369	131.706	125	19.938
RCHGF000084	1497	1226.05	314	5.38016
RCHGF000085	726	455.159	134	6.18467
RCHGF000086	585	316.256	82	5.44692
RCHGF000087	1785	1514.05	341	4.73139
RCHGF000088	1746	1475.05	232	3.30412
RCHGF000089	615	345.243	447	27.1993
RCHGF000090	354	121.171	97	16.817
RCHGF000091	1878	1607.05	1409	18.4186
RCHGF000092	1446	1175.05	2978	53.2405
RCHGF000093	513	249.048	9350	788.686
RCHGF000094	672	401.473	97	5.07564
RCHGF000095	1434	1163.05	249	4.49754
RCHGF000096	987	716.054	139	4.07797
RCHGF000097	1050	779.054	99	2.66958
RCHGF000098	1203	932.054	120	2.70468
RCHGF000099	1329	1058.05	189	3.75257
RCHGF000100	207	42.3069	6	2.97931
RCHGF000101	765	494.084	600	25.5109
RCHGF000102	1164	893.054	470	11.0559
RCHGF000103	1707	1436.05	11942	174.695
RCHGF000104	1047	776.054	5474	148.18
RCHGF000105	2346	2075.05	7458	75.5037
RCHGF000106	753	482.084	45890	1999.73
RCHGF000107	195	37.1392	19695	11140.4
RCHGF000108	195	37.1392	2172	1228.58
RCHGF000109	666	395.501	171	9.08288
RCHGF000110	1152	881.054	82	1.95518
RCHGF000111	1008	737.054	6950	198.089
RCHGF000112	996	725.054	113	3.27404
RCHGF000113	828	557.073	195	7.35356
RCHGF000114	798	527.079	76	3.0291
RCHGF000115	474	214.482	124	12.1452
RCHGF000116	417	167.399	94	11.7964
RCHGF000117	819	548.079	80	3.06635
RCHGF000118	2754	2483.05	700	5.92226
RCHGF000119	981	710.054	207	6.12427
RCHGF000121	474	214.482	144	14.1042
RCHGF000122	912	641.068	1118	36.6364
RCHGF000123	1251	980.054	2161	46.3212
RCHGF000124	492	230.297	1178	107.457
RCHGF000125	672	401.473	474	24.8026
RCHGF000126	375	135.977	121	18.6937
RCHGF000127	1632	1361.05	1552	23.9548
RCHGF000128	333	107.352	131	25.6352
RCHGF000129	1206	935.054	360	8.088
RCHGF000130	1470	1199.05	722	12.6495
RCHGF000131	987	716.054	360	10.5617
RCHGF000132	900	629.068	684	22.842
RCHGF000133	657	386.56	1487	80.8109
RCHGF000134	2331	2060.05	3253	33.1727
RCHGF000135	1776	1505.05	3287	45.88
RCHGF000136	120	17.1069	364	446.998
RCHGF000137	597	327.871	834	53.4365
RCHGF000138	1125	854.054	3920	96.422
RCHGF000139	978	707.054	14054	417.564
RCHGF000140	489	227.639	10213	942.5
RCHGF000141	1188	917.054	4141	94.8606
RCHGF000142	135	19.1523	12	13.1624
RCHGF000143	174	29.4144	560	399.948
RCHGF000144	735	464.141	1825	82.6016
RCHGF000145	702	431.288	925	45.0557
RCHGF000146	777	506.084	466	19.3437
RCHGF000147	243	57.3721	5889	2156.33
RCHGF000148	399	153.628	17421	2382.2
RCHGF000149	750	479.103	1795	78.7065
RCHGF000151	2724	2453.05	5829	49.9186
RCHGF000152	729	458.159	359	16.4609
RCHGF000153	444	189.163	578	64.19
RCHGF000154	765	494.084	25	1.06295
RCHGF000155	1194	923.054	99	2.25312
RCHGF000156	909	638.068	120	3.95084
RCHGF000157	744	473.108	96	4.26271
RCHGF000158	555	287.809	55	4.01453
RCHGF000159	1041	770.054	194	5.29244
RCHGF000160	927	656.068	265	8.4854
RCHGF000161	1488	1217.05	117	2.01953
RCHGF000162	1671	1400.05	763	11.4487
RCHGF000163	1053	782.054	694	18.6422
RCHGF000165	1038	767.054	1097	30.0439
RCHGF000166	2400	2129.05	4477	44.1749
RCHGF000167	120	17.1069	33	40.5246
RCHGF000168	873	602.068	2530	88.2776
RCHGF000169	1836	1565.05	14274	191.598
RCHGF000170	552	285.098	5528	407.333
RCHGF000171	1230	959.054	1954	42.8013
RCHGF000172	558	290.598	486	35.1333
RCHGF000173	468	209.298	671	67.3494
RCHGF000174	150	22.4813	170	158.855
RCHGF000175	1656	1385.05	2702	40.9821
RCHGF000176	873	602.068	2090	72.925
RCHGF000177	390	146.848	2032	290.691
RCHGF000178	876	605.068	17197	597.068
RCHGF000179	996	725.054	10212	295.88
RCHGF000180	120	17.1069	9	11.0522
RCHGF000181	813	542.079	1398	54.1776
RCHGF000182	786	515.079	9867	402.427
RCHGF000183	1230	959.054	15529	340.154
RCHGF000184	447	191.639	2389	261.883
RCHGF000185	1398	1127.05	5227	97.4279
RCHGF000186	525	260.093	2954	238.593
RCHGF000187	741	470.122	686	30.6541
RCHGF000188	456	199.23	209	22.0377
RCHGF000189	1380	1109.05	810	15.3429
RCHGF000190	1140	869.054	1524	36.8395
RCHGF000191	1401	1130.05	3689	68.578
RCHGF000192	624	354.134	299	17.737
RCHGF000193	1539	1268.05	1897	31.4271
RCHGF000194	1209	938.054	641	14.3551
RCHGF000195	897	626.068	505	16.9452
RCHGF000196	1458	1187.05	2056	36.3855
RCHGF000197	969	698.054	833	25.0687
RCHGF000198	1287	1016.05	1067	22.0609
RCHGF000199	1242	971.054	1007	21.7852
RCHGF000200	1446	1175.05	1773	31.6976
RCHGF000201	1185	914.054	26534	609.826
RCHGF000202	162	25.5151	1765	1453.19
RCHGF000203	582	313.341	1423	95.4032
RCHGF000204	1209	938.054	1775	39.7508
RCHGF000205	720	449.186	267	12.4871
RCHGF000206	1503	1232.05	512	8.73003
RCHGF000207	1101	830.054	128	3.23951
RCHGF000208	1332	1061.05	212	4.19734
RCHGF000209	2175	1904.05	403	4.44632
RCHGF000210	1710	1439.05	365	5.32833
RCHGF000212	1578	1307.05	304	4.88602
RCHGF000213	1425	1154.05	162	2.94893
RCHGF000214	315	96.0119	502	109.838
RCHGF000215	435	181.805	339	39.1713
RCHGF000216	723	452.168	1361	63.2315
RCHGF000217	111	15.3984	0	0
RCHGF000218	651	380.663	911	50.2751
RCHGF000219	1050	779.054	2407	64.9059
RCHGF000220	132	18.7191	2	2.2445
RCHGF000221	726	455.159	7579	349.803
RCHGF000222	1038	767.054	2467	67.5645
RCHGF000223	1254	983.054	499	10.6635
RCHGF000224	654	383.575	1529	83.7399
RCHGF000225	522	257.325	458	37.3903
RCHGF000226	1080	809.054	1950	50.6329
RCHGF000227	282	76.8512	143	39.0896
RCHGF000228	1026	755.054	1817	50.5536
RCHGF000229	336	109.359	452	86.8277
RCHGF000230	711	440.226	665	31.7337
RCHGF000231	678	407.4	336	17.3258
RCHGF000232	456	199.23	208	21.9323
RCHGF000233	534	268.487	283	22.1431
RCHGF000234	645	374.754	1743	97.7073
RCHGF000235	3291	3020.05	15638	108.778
RCHGF000236	552	285.098	1908	140.592
RCHGF000237	2649	2378.05	17125	151.281
RCHGF000238	321	99.6889	6151	1296.21
RCHGF000240	942	671.068	7053	220.792
RCHGF000241	588	319.173	1551	102.085
RCHGF000242	459	201.723	1184	123.302
RCHGF000243	1050	779.054	7999	215.697
RCHGF000244	1551	1280.05	13242	217.32
RCHGF000245	783	512.084	4049	166.105
RCHGF000246	1434	1163.05	4877	88.0903
RCHGF000247	1656	1385.05	4957	75.1844
RCHGF000248	2358	2087.05	7451	74.9991
RCHGF000249	1101	830.054	22578	571.419
RCHGF000250	1539	1268.05	6732	111.527
RCHGF000251	1095	824.054	3647	92.9727
RCHGF000252	951	680.068	6247	192.972
RCHGF000253	1254	983.054	4139	88.4491
RCHGF000254	1281	1010.05	3666	76.2471
RCHGF000255	426	174.489	83	9.99279
RCHGF000256	600	330.733	21240	1349.13
RCHGF000257	1752	1481.05	6112	86.6938
RCHGF000258	1128	857.054	2334	57.2095
RCHGF000259	1206	935.054	2388	53.6504
RCHGF000260	168	27.3881	158022	121208
RCHGF000261	540	274.011	1106	84.7933
RCHGF000262	816	545.079	959	36.9602
RCHGF000263	1410	1139.05	1881	34.6912
RCHGF000264	978	707.054	848	25.1952
RCHGF000265	225	49.6606	10	4.23023
RCHGF000266	207	42.3069	2	0.993103
RCHGF000267	150	22.4813	3	2.80333
RCHGF000268	213	44.9249	13	6.07899
RCHGF000269	759	488.084	50	2.15204
RCHGF000270	939	668.068	434	13.6472
RCHGF000271	114	16.0025	12	15.7532
RCHGF000272	2676	2405.05	844	7.37213
RCHGF000273	270	70.194	5021	1502.68
RCHGF000274	204	41.0657	262	134.029
RCHGF000275	501	238.269	97	8.55224
RCHGF000276	735	464.141	297	13.4426
RCHGF000277	585	316.256	201	13.3516
RCHGF000279	345	115.198	4032	735.279
RCHGF000280	600	330.733	534	33.9187
RCHGF000281	591	322.044	264	17.2212
RCHGF000282	864	593.068	638	22.5991
RCHGF000283	621	351.19	846	50.6061
RCHGF000284	375	135.977	1259	194.507
RCHGF000285	429	177.031	589	69.8941
RCHGF000286	945	674.068	10296	320.878
RCHGF000287	729	458.159	90	4.12669
RCHGF000288	2244	1973.05	6670	71.017
RCHGF000289	1296	1025.05	6793	139.216
RCHGF000290	906	635.068	672	22.2292
RCHGF000291	207	42.3069	202	100.303
RCHGF000292	951	680.068	4515	139.47
RCHGF000293	885	614.068	13481	461.191
RCHGF000294	135	19.1523	22	24.1311
RCHGF000295	711	440.226	2080	99.2574
RCHGF000296	540	274.011	2735	209.683
RCHGF000297	702	431.288	1247	60.74
RCHGF000298	771	500.084	1481	62.2139
RCHGF000299	1164	893.054	5318	125.097
RCHGF000300	1056	785.054	5532	148.033
RCHGF000301	486	225.091	871	81.2896
RCHGF000302	1125	854.054	3625	89.1657
RCHGF000303	264	67.1421	69451	21730
RCHGF000304	873	602.068	1578	55.0601
RCHGF000305	954	683.068	1103	33.9224
RCHGF000306	294	83.8182	753	188.726
RCHGF000307	939	668.068	3302	103.832
RCHGF000308	1806	1535.05	2003	27.4115
RCHGF000309	840	569.068	291	10.7425
RCHGF000310	1101	830.054	725	18.3488
RCHGF000311	1026	755.054	1215	33.8044
RCHGF000312	264	67.1421	7276	2276.53
RCHGF000313	2208	1937.05	23842	258.569
RCHGF000314	1389	1118.05	5022	94.3603
RCHGF000315	669	398.501	2968	156.462
RCHGF000316	327	103.546	2927	593.834
RCHGF000317	711	440.226	672	32.0678
RCHGF000318	1302	1031.05	4355	88.7324
RCHGF000319	375	135.977	2709	418.522
RCHGF000320	549	282.327	4599	342.204
RCHGF000321	993	722.054	12084	351.574
RCHGF000323	1233	962.054	964	21.05
RCHGF000324	771	500.084	3526	148.12
RCHGF000325	576	307.532	5030	343.6
RCHGF000326	864	593.068	19036	674.29
RCHGF000327	177	30.3632	1971	1363.69
RCHGF000328	162	25.5151	7358	6058.12
RCHGF000329	930	659.068	542	17.2761
RCHGF000330	978	707.054	512	15.2122
RCHGF000331	1005	734.054	251	7.18325
RCHGF000332	798	527.079	156	6.21762
RCHGF000333	522	257.325	1454	118.702
RCHGF000334	1650	1379.05	6729	102.505
RCHGF000335	699	428.288	1699	83.3361
RCHGF000336	459	201.723	867	90.2898
RCHGF000337	1299	1028.05	2421	49.4714
RCHGF000338	282	76.8512	1407	384.609
RCHGF000339	558	290.598	295	21.3258
RCHGF000340	171	28.3616	99	73.3297
RCHGF000341	330	105.339	154	30.7119
RCHGF000342	597	327.871	1171	75.0289
RCHGF000343	1161	890.054	747	17.6311
RCHGF000344	519	254.669	546	45.0392
RCHGF000345	771	500.084	2647	111.195
RCHGF000346	564	296.291	10315	731.351
RCHGF000347	645	374.754	4350	243.848
RCHGF000348	1029	758.054	1191	33.0055
RCHGF000349	681	410.392	1790	91.6282
RCHGF000350	831	560.073	3227	121.04
RCHGF000351	402	155.913	438	59.0155
RCHGF000352	1038	767.054	636	17.4183
RCHGF000353	771	500.084	715	30.0357
RCHGF000354	717	446.191	556	26.1776
RCHGF000355	150	22.4813	6	5.60666
RCHGF000356	993	722.054	721	20.9769
RCHGF000357	1014	743.054	1210	34.209
RCHGF000358	1263	992.054	2125	44.9986
RCHGF000359	135	19.1523	14	15.3561
RCHGF000360	903	632.068	675	22.4345
RCHGF000361	1992	1721.05	834	10.18
RCHGF000362	870	599.068	518	18.1647
RCHGF000363	1176	905.054	637	14.7856
RCHGF000364	510	246.321	342	29.1675
RCHGF000365	1290	1019.05	1526	31.4581
RCHGF000366	1002	731.054	1840	52.8742
RCHGF000367	759	488.084	1059	45.5802
RCHGF000368	840	569.068	1409	52.0143
RCHGF000369	1383	1112.05	2586	48.8515
RCHGF000370	240	55.993	1213	455.096
RCHGF000372	2397	2126.05	4684	46.2826
RCHGF000373	867	596.068	155	5.46275
RCHGF000374	1239	968.054	1438	31.2058
RCHGF000375	138	19.8198	355	376.274
RCHGF000377	215	45.7455	377	173.129
RCHGF000379	750	479.103	928	40.6906
RCHGF000380	594	324.937	172	11.12
RCHGF000381	330	105.339	81	16.1537
RCHGF000382	1098	827.054	86	2.18444
RCHGF000383	558	290.598	26	1.87956
RCHGF000384	300	87.2411	9	2.16719
RCHGF000385	1053	782.054	168	4.51282
RCHGF000386	474	214.482	37	3.62399
RCHGF000387	396	151.321	38	5.27545
RCHGF000388	663	392.509	51	2.72958
RCHGF000389	834	563.073	49	1.82813
RCHGF000390	744	473.108	104	4.61794
RCHGF000391	735	464.141	544	24.6221
RCHGF000392	1053	782.054	176	4.72771
RCHGF000393	867	596.068	608	21.4281
RCHGF000394	1026	755.054	435	12.1028
RCHGF000395	1431	1160.05	283	5.12488
RCHGF000396	1275	1004.05	161	3.36856
RCHGF000397	561	293.395	71	5.08371
RCHGF000398	3159	2888.05	501	3.64425
RCHGF000399	1293	1022.05	267	5.48798
RCHGF000400	300	87.2411	10	2.40799
RCHGF000401	309	92.4717	27	6.13381
RCHGF000402	645	374.754	461	25.8423
RCHGF000403	312	94.1581	1302	290.488
RCHGF000404	141	20.2689	4	4.14578
RCHGF000405	591	322.044	34	2.21788
RCHGF000406	1173	902.054	45	1.04799
RCHGF000407	1572	1301.05	92	1.48548
RCHGF000408	831	560.073	203	7.61424
RCHGF000409	468	209.298	106	10.6394
RCHGF000410	207	42.3069	1863	925.075
RCHGF000411	462	204.156	10076	1036.82
RCHGF000412	300	87.2411	3949	950.915
RCHGF000413	288	80.305	1773	463.812
RCHGF000414	492	230.297	1638	149.418
RCHGF000415	240	55.993	5549	2081.88
RCHGF000416	1173	902.054	7282	169.587
RCHGF000417	792	521.079	964	38.8641
RCHGF000418	3453	3182.05	3500	23.1066
RCHGF000419	558	290.598	524	37.8803
RCHGF000420	162	25.5151	347	285.698
RCHGF000421	1353	1082.05	1378	26.7532
RCHGF000422	804	533.079	99	3.90139
RCHGF000423	1359	1088.05	180	3.47534
RCHGF000424	852	581.068	56	2.02459
RCHGF000425	1041	770.054	164	4.47402
RCHGF000426	837	566.073	232	8.60975
RCHGF000427	783	512.084	212	8.69701
RCHGF000428	477	217.152	65	6.28817
RCHGF000429	438	184.312	37	4.21719
RCHGF000430	1455	1184.05	362	6.42262
RCHGF000431	843	572.068	292	10.7229
RCHGF000432	1041	770.054	398	10.8577
RCHGF000433	1914	1643.05	490	6.26498
RCHGF000434	666	395.501	162	8.60483
RCHGF000435	717	446.191	155	7.29771
RCHGF000436	465	206.753	68	6.90928
RCHGF000437	1188	917.054	928	21.2583
RCHGF000438	1416	1145.05	1253	22.988
RCHGF000439	1086	815.054	540	13.9182
RCHGF000440	261	65.5786	149	47.7309
RCHGF000441	2100	1829.05	2270	26.072
RCHGF000442	612	342.329	4524	277.622
RCHGF000443	993	722.054	16121	469.027
RCHGF000444	324	101.619	1267	261.925
RCHGF000445	132	18.7191	108	121.203
RCHGF000446	381	140.187	287	43.008
RCHGF000447	135	19.1523	8	8.77494
RCHGF000448	144	20.8987	12	12.0625
RCHGF000449	1356	1085.05	4584	88.7501
RCHGF000450	1116	845.054	3846	95.6093
RCHGF000451	192	35.9873	9	5.25374
RCHGF000452	201	39.7851	341	180.057
RCHGF000453	1098	827.054	3352	85.1423
RCHGF000454	1941	1670.05	4657	58.5802
RCHGF000455	2511	2240.05	9223	86.4946
RCHGF000457	1284	1013.05	3219	66.7519
RCHGF000459	453	196.644	238	25.4257
RCHGF000460	1806	1535.05	1311	17.9413
RCHGF000461	306	90.7763	323	74.749
RCHGF000462	594	324.937	1085	70.1465
RCHGF000463	933	662.068	274	8.69408
RCHGF000464	555	287.809	644	47.0065
RCHGF000465	771	500.084	1002	42.092
RCHGF000466	1218	947.054	4210	93.3862
RCHGF000467	2529	2258.05	3921	36.4786
RCHGF000468	2085	1814.05	1964	22.744
RCHGF000469	909	638.068	607	19.9847
RCHGF000470	738	467.127	666	29.9512
RCHGF000471	777	506.084	767	31.8382
RCHGF000472	843	572.068	922	33.8578
RCHGF000473	336	109.359	101	19.4018
RCHGF000474	558	290.598	173	12.5063
RCHGF000475	648	377.72	2319	128.975
RCHGF000476	147	21.6915	21	20.3379
RCHGF000477	630	360.044	917	53.5043
RCHGF000478	975	704.054	3619	107.984
RCHGF000479	1068	797.054	2735	72.085
RCHGF000480	855	584.068	2068	74.3811
RCHGF000481	693	422.3	181	9.00394
RCHGF000482	678	407.4	528	27.2262
RCHGF000483	1641	1370.05	1324	20.3014
RCHGF000484	2343	2072.05	5913	59.949
RCHGF000485	546	279.532	1135	85.2981
RCHGF000486	111	15.3984	12	16.3712
RCHGF000487	486	225.091	164	15.306
RCHGF000488	441	186.821	80	8.99579
RCHGF000489	1035	764.054	284	7.80854
RCHGF000490	312	94.1581	51	11.3786
RCHGF000491	2640	2369.05	758	6.72155
RCHGF000492	1941	1670.05	1975	24.8435
RCHGF000493	366	129.533	234	37.95
RCHGF000494	1773	1502.05	3417	47.7898
RCHGF000495	477	217.152	527	50.9826
RCHGF000496	765	494.084	634	26.9565
RCHGF000497	762	491.084	467	19.9773
RCHGF000498	939	668.068	2078	65.3432
RCHGF000499	846	575.068	1791	65.4262
RCHGF000500	1260	989.054	2691	57.1569
RCHGF000501	1014	743.054	1244	35.1702
RCHGF000502	1095	824.054	1729	44.0773
RCHGF000503	1011	740.054	671	19.0473
RCHGF000504	1083	812.054	4417	114.266
RCHGF000505	1233	962.054	4048	88.3927
RCHGF000506	165	26.3616	23	18.3287
RCHGF000507	921	650.068	214	6.91561
RCHGF000508	348	117.201	523	93.7448
RCHGF000509	138	19.8198	25	26.4982
RCHGF000510	153	23.3089	7	6.30887
RCHGF000512	498	235.649	185	16.4923
RCHGF000513	3693	3422.05	2776	17.0415
RCHGF000514	1572	1301.05	1000	16.1466
RCHGF000515	1029	758.054	460	12.7477
RCHGF000516	585	316.256	236	15.6765
RCHGF000517	1530	1259.05	1040	17.3526
RCHGF000518	438	184.312	1116	127.199
RCHGF000519	690	419.338	509	25.4993
RCHGF000520	750	479.103	635	27.8433
RCHGF000521	1224	953.054	894	19.7059
RCHGF000522	714	443.217	416	19.7175
RCHGF000523	369	131.706	279	44.5015
RCHGF000524	327	103.546	316	64.1105
RCHGF000526	186	33.6081	14	8.75102
RCHGF000527	561	293.395	32	2.29125
RCHGF000528	807	536.079	164	6.42674
RCHGF000529	627	357.102	146	8.58887
RCHGF000530	273	71.8447	5228	1528.68
RCHGF000531	678	407.4	98	5.05336
RCHGF000532	1053	782.054	121	3.2503
RCHGF000533	978	707.054	290	8.6163
RCHGF000534	519	254.669	334	27.5515
RCHGF000535	702	431.288	4529	220.603
RCHGF000536	573	304.701	106	7.30815
RCHGF000537	1323	1052.05	2287	45.6671
RCHGF000538	639	368.914	75	4.27083
RCHGF000539	1641	1370.05	2619	40.1581
RCHGF000540	1764	1493.05	4514	63.5128
RCHGF000541	756	485.084	777	33.6496
RCHGF000542	894	623.068	235	7.92333
RCHGF000543	2409	2138.05	493	4.84399
RCHGF000544	1371	1100.05	1415	27.022
RCHGF000545	960	689.054	1749	53.3227
RCHGF000546	165	26.3616	0	0
RCHGF000547	378	138.084	1730	263.196
RCHGF000548	426	174.489	120	14.4474
RCHGF000549	471	211.884	81	8.03086
RCHGF000550	840	569.068	269	9.93033
RCHGF000551	702	431.288	98	4.77347
RCHGF000552	1836	1565.05	321	4.30875
RCHGF000553	312	94.1581	99	22.0878
RCHGF000554	1257	986.054	276	5.88009
RCHGF000555	345	115.198	52	9.48276
RCHGF000556	1443	1172.05	188	3.36966
RCHGF000557	873	602.068	1025	35.7646
RCHGF000558	795	524.079	569	22.8082
RCHGF000559	747	476.108	631	27.8419
RCHGF000560	1356	1085.05	1285	24.8787
RCHGF000561	453	196.644	283	30.233
RCHGF000562	477	217.152	165	15.9623
RCHGF000563	1587	1316.05	2513	40.1138
RCHGF000564	816	545.079	2640	101.747
RCHGF000565	543	276.755	1260	95.6425
RCHGF000566	600	330.733	308	19.5636
RCHGF000567	873	602.068	985	34.3689
RCHGF000568	837	566.073	1771	65.7236
RCHGF000569	828	557.073	4409	166.266
RCHGF000570	717	446.191	946	44.5396
RCHGF000571	1341	1070.05	4653	91.3488
RCHGF000572	774	503.084	947	39.5444
RCHGF000573	1353	1082.05	13044	253.243
RCHGF000574	951	680.068	6676	206.224
RCHGF000575	354	121.171	856	148.405
RCHGF000576	1647	1376.05	2990	45.6469
RCHGF000577	669	398.501	1860	98.0525
RCHGF000578	1110	839.054	4546	113.819
RCHGF000579	714	443.217	1039	49.2463
RCHGF000580	504	240.907	294	25.6373
RCHGF000581	762	491.084	2133	91.2453
RCHGF000582	762	491.084	730	31.2279
RCHGF000583	768	497.084	2477	104.682
RCHGF000584	357	123.241	938	159.891
RCHGF000585	252	61.4857	46686	15951
RCHGF000586	1329	1058.05	1045	20.7484
RCHGF000587	765	494.084	902	38.3514
RCHGF000588	222	48.6714	52	22.4442
RCHGF000589	369	131.706	1154	184.067
RCHGF000590	357	123.241	119	20.2847
RCHGF000592	3047	2776.05	2459	18.6083
RCHGF000594	1983	1712.05	2733	33.5349
RCHGF000595	1425	1154.05	3936	71.648
RCHGF000596	237	54.7419	149	57.1797
RCHGF000597	180	31.302	697	467.774
RCHGF000598	903	632.068	5203	172.928
RCHGF000599	882	611.068	4079	140.23
RCHGF000600	1116	845.054	3816	94.8635
RCHGF000601	1755	1484.05	3132	44.3351
RCHGF000602	1134	863.054	5027	122.362
RCHGF000603	1032	761.054	1551	42.8126
RCHGF000604	1392	1121.05	4700	88.0738
RCHGF000605	891	620.068	3041	103.027
RCHGF000606	1026	755.054	3536	98.3806
RCHGF000607	1707	1436.05	2861	41.8526
RCHGF000608	1455	1184.05	1217	21.5921
RCHGF000609	1098	827.054	2034	51.6645
RCHGF000610	951	680.068	1625	50.1969
RCHGF000611	900	629.068	793	26.482
RCHGF000612	1146	875.054	2315	55.5765
RCHGF000613	1119	848.054	2614	64.7526
RCHGF000614	825	554.079	1646	62.407
RCHGF000615	1149	878.054	1978	47.3239
RCHGF000616	624	354.134	548	32.5079
RCHGF000617	597	327.871	638	40.8783
RCHGF000618	1224	953.054	2425	53.4527
RCHGF000619	510	246.321	13430	1145.38
RCHGF000620	1902	1631.05	1928	24.8321
RCHGF000621	237	54.7419	122	46.8183
RCHGF000622	153	23.3089	3	2.7038
RCHGF000623	291	82.1352	97	24.8095
RCHGF000624	402	155.913	18	2.42529
RCHGF000625	111	15.3984	15	20.464
RCHGF000626	963	692.054	310	9.41016
RCHGF000627	1191	920.054	3328.85	76.0074
RCHGF000628	204	41.0657	4	2.04624
RCHGF000629	1140	869.054	39	0.942743
RCHGF000631	567	299.114	1197	84.0683
RCHGF000632	720	449.186	1098	51.3513
RCHGF000633	195	37.1392	12	6.78773
RCHGF000634	438	184.312	85	9.68813
RCHGF000635	879	608.068	1912	66.0559
RCHGF000636	1491	1220.05	5271	90.7589
RCHGF000637	1179	908.054	3056	70.6996
RCHGF000638	1308	1037.05	3647	73.8771
RCHGF000639	1023	752.054	6808	190.172
RCHGF000640	120	17.1069	401	492.435
RCHGF000641	408	160.549	3729	487.932
RCHGF000642	780	509.084	3930	162.173
RCHGF000643	354	121.171	3192	553.399
RCHGF000644	177	30.3632	6	4.15125
RCHGF000645	786	515.079	577	23.533
RCHGF000646	138	19.8198	6428	6813.21
RCHGF000647	762	491.084	2305	98.6031
RCHGF000648	909	638.068	1410	46.4224
RCHGF000649	198	38.397	27	14.7721
RCHGF000650	1101	830.054	538	13.6161
RCHGF000651	114	16.0025	37	48.5725
RCHGF000652	780	509.084	378	15.5983
RCHGF000653	111	15.3984	10	13.6427
RCHGF000654	1104	833.054	194	4.8922
RCHGF000655	1167	896.054	162	3.79801
RCHGF000656	120	17.1069	38	46.6647
RCHGF000657	891	620.068	293	9.92668
RCHGF000658	117	16.4558	0	0
RCHGF000659	2055	1784.05	4315	50.8099
RCHGF000660	309	92.4717	181	41.1192
RCHGF000661	1239	968.054	323	7.00936
RCHGF000662	324	101.619	30	6.20185
RCHGF000663	1443	1172.05	151	2.70648
RCHGF000664	1188	917.054	1817	41.6232
RCHGF000665	174	29.4144	220	157.122
RCHGF000666	537	271.169	234	18.128
RCHGF000667	1215	944.054	542	12.0608
RCHGF000668	2190	1919.05	2496	27.3233
RCHGF000669	123	17.6285	2	2.38337
RCHGF000670	528	262.873	342	27.331
RCHGF000671	144	20.8987	2	2.01042
RCHGF000672	813	542.079	522	20.2294
RCHGF000673	423	172.078	179	21.8526
RCHGF000674	141	20.2689	28	29.0205
RCHGF000675	765	494.084	4210	179.001
RCHGF000676	558	290.598	1155	83.4958
RCHGF000677	849	578.068	1294	47.0252
RCHGF000678	1119	848.054	1838	45.53
RCHGF000679	144	20.8987	9	9.04688
RCHGF000680	1035	764.054	1287	35.3859
RCHGF000681	666	395.501	306	16.2536
RCHGF000682	918	647.068	546	17.7263
RCHGF000683	747	476.108	635	28.0184
RCHGF000684	204	41.0657	20	10.2312
RCHGF000685	960	689.054	4034	122.987
RCHGF000686	798	527.079	5341	212.874
RCHGF000687	777	506.084	505	20.9625
RCHGF000688	777	506.084	582	24.1588
RCHGF000689	123	17.6285	32	38.1339
RCHGF000690	921	650.068	494	15.9641
RCHGF000691	300	87.2411	804	193.602
RCHGF000692	822	551.079	84	3.20214
RCHGF000693	780	509.084	78	3.2187
RCHGF000694	468	209.298	10	1.00372
RCHGF000695	738	467.127	25	1.1243
RCHGF000696	408	160.549	10	1.30848
RCHGF000697	2712	2441.05	618	5.31847
RCHGF000698	1215	944.054	225	5.00681
RCHGF000699	1224	953.054	514	11.3298
RCHGF000700	600	330.733	339	21.5327
RCHGF000701	729	458.159	1698	77.8568
RCHGF000702	1737	1466.05	1062	15.2177
RCHGF000703	552	285.098	342	25.2004
RCHGF000704	774	503.084	615	25.6809
RCHGF000705	756	485.084	128	5.5433
RCHGF000706	699	428.288	466	22.8573
RCHGF000707	858	587.068	659	23.5816
RCHGF000708	873	602.068	7134	248.922
RCHGF000709	309	92.4717	1704	387.111
RCHGF000710	888	617.068	83179	2831.76
RCHGF000711	837	566.073	94236	3497.19
RCHGF000712	489	227.639	25254	2330.55
RCHGF000713	426	174.489	28119	3385.39
RCHGF000714	984	713.054	297	8.75003
RCHGF000715	891	620.068	1143	38.7242
RCHGF000716	324	101.619	760	157.113
RCHGF000717	819	548.079	1041	39.9009
RCHGF000718	819	548.079	902	34.5731
RCHGF000719	531	265.617	2364	186.968
RCHGF000720	1152	881.054	546	13.0186
RCHGF000721	558	290.598	306	22.121
RCHGF000722	624	354.134	263	15.6014
RCHGF000723	762	491.084	697	29.8162
RCHGF000724	882	611.068	449	15.4359
RCHGF000725	1356	1085.05	408	7.89922
RCHGF000726	405	158.201	138	18.3251
RCHGF000727	540	274.011	756	57.96
RCHGF000728	1338	1067.05	7397	145.628
RCHGF000729	1065	794.054	3730	98.6811
RCHGF000730	624	354.134	85	5.04228
RCHGF000731	660	389.525	2164	116.707
RCHGF000732	1005	734.054	732	20.9488
RCHGF000733	192	35.9873	10	5.83749
RCHGF000734	684	413.38	347	17.6342
RCHGF000735	423	172.078	604	73.7372
RCHGF000736	2136	1865.05	6744	75.9629
RCHGF000737	930	659.068	2514	80.1328
RCHGF000738	936	665.068	2270	71.7027
RCHGF000739	642	371.836	633	35.7625
RCHGF000740	507	243.627	140	12.072
RCHGF000741	939	668.068	913	28.7095
RCHGF000742	225	49.6606	93	39.3411
RCHGF000743	846	575.068	1633	59.6544
RCHGF000744	393	149.12	3009	423.899
RCHGF000745	684	413.38	3114	158.25
RCHGF000746	378	138.084	13860	2108.61
RCHGF000747	1068	797.054	29844	786.583
RCHGF000748	150	22.4813	984	919.493
RCHGF000749	654	383.575	954	52.2484
RCHGF000750	849	578.068	1056	38.3761
RCHGF000751	369	131.706	156	24.8826
RCHGF000752	123	17.6285	14	16.6836
RCHGF000753	918	647.068	39	1.26616
RCHGF000754	117	16.4558	2	2.55321
RCHGF000755	1131	860.054	259	6.32629
RCHGF000756	693	422.3	256	12.7349
RCHGF000757	132	18.7191	11	12.3447
RCHGF000758	432	179.391	2161	253.064
RCHGF000759	510	246.321	214	18.251
RCHGF000760	489	227.639	1091	100.682
RCHGF000762	996	725.054	1245	36.0723
RCHGF000763	411	162.874	195	25.1511
RCHGF000764	1065	794.054	407	10.7676
RCHGF000765	1944	1673.05	546	6.8558
RCHGF000766	936	665.068	185	5.84361
RCHGF000767	552	285.098	117	8.62119
RCHGF000769	345	115.198	51	9.3004
RCHGF000770	1254	983.054	222	4.74407
RCHGF000771	594	324.937	508	32.8428
RCHGF000772	528	262.873	739	59.0574
RCHGF000773	1098	827.054	2603	66.1174
RCHGF000774	2265	1994.05	1346	14.1802
RCHGF000775	1611	1340.05	40201	630.217
RCHGF000776	318	97.8705	748	160.555
RCHGF000777	411	162.874	563	72.6157
RCHGF000778	642	371.836	544	30.7343
RCHGF000779	1218	947.054	2636	58.4717
RCHGF000780	537	271.169	327	25.3328
RCHGF000781	129	18.3611	11	12.5855
RCHGF000782	129	18.3611	6	6.86482
RCHGF000783	687	416.368	221	11.1504
RCHGF000784	1080	809.054	229	5.94612
RCHGF000785	402	155.913	11173	1505.43
RCHGF000786	861	590.068	1136	40.4438
RCHGF000787	1857	1586.05	1020	13.5101
RCHGF000788	1722	1451.05	670	9.69988
RCHGF000789	426	174.489	114	13.725
RCHGF000790	138	19.8198	26	27.5581
RCHGF000791	2001	1730.05	386	4.68709
RCHGF000792	129	18.3611	10	11.4414
RCHGF000793	297	85.5088	63	15.4777
RCHGF000794	654	383.575	597	32.6964
RCHGF000795	459	201.723	581	60.5056
RCHGF000796	609	339.407	489	30.2666
RCHGF000797	183	32.483	109	70.493
RCHGF000798	339	111.201	129	24.3701
RCHGF000799	219	47.483	34	15.0424
RCHGF000800	3315	3044.05	3414	23.5606
RCHGF000801	666	395.501	107	5.68344
RCHGF000802	1422	1151.05	479	8.74209
RCHGF000803	3246	2975.05	4540	32.058
RCHGF000804	702	431.288	525	25.5722
RCHGF000805	330	105.339	412	82.1643
RCHGF000806	678	407.4	1227	63.2701
RCHGF000807	774	503.084	2004	83.6821
RCHGF000808	159	24.7444	11	9.3388
RCHGF000809	2202	1931.05	5732	62.3573
RCHGF000810	1965	1694.05	6869	85.1808
RCHGF000811	363	127.443	387	63.7927
RCHGF000812	111	15.3984	2	2.72853
RCHGF000813	132	18.7191	3	3.36675
RCHGF000814	1491	1220.05	110	1.89404
RCHGF000815	129	18.3611	10	11.4414
RCHGF000816	1731	1460.05	2485	35.7547
RCHGF000817	450	194.23	111	12.0056
RCHGF000818	159	24.7444	57	48.3919
RCHGF000819	1677	1406.05	2059	30.7631
RCHGF000820	141	20.2689	15	15.5467
RCHGF000821	165	26.3616	20	15.938
RCHGF000822	801	530.079	2318	91.8646
RCHGF000823	843	572.068	3358	123.313
RCHGF000824	855	584.068	521	18.7391
RCHGF000825	2424	2153.05	424	4.13701
RCHGF000826	627	357.102	47	2.76491
RCHGF000827	885	614.068	51	1.74473
RCHGF000828	609	339.407	56	3.46611
RCHGF000829	861	590.068	71	2.52774
RCHGF000830	1248	977.054	81	1.74157
RCHGF000831	840	569.068	96	3.54391
RCHGF000832	759	488.084	63	2.71157
RCHGF000833	471	211.884	22	2.18122
RCHGF000834	468	209.298	20	2.00743
RCHGF000835	435	181.805	44	5.08418
RCHGF000836	306	90.7763	66	15.2738
RCHGF000837	1167	896.054	414	9.70603
RCHGF000838	117	16.4558	4	5.10642
RCHGF000839	117	16.4558	2	2.55321
RCHGF000840	1998	1727.05	1465	17.82
RCHGF000841	624	354.134	435	25.8046
RCHGF000842	690	419.338	685	34.3164
RCHGF000843	714	443.217	508	24.0781
RCHGF000844	510	246.321	105	8.95494
RCHGF000845	561	293.395	1284	91.9365
RCHGF000846	903	632.068	237	7.87699
RCHGF000847	663	392.509	125	6.69015
RCHGF000848	771	500.084	153	6.42723
RCHGF000849	1371	1100.05	474	9.0519
RCHGF000850	588	319.173	202	13.2954
RCHGF000851	669	398.501	147	7.74931
RCHGF000852	639	368.914	153	8.71249
RCHGF000853	816	545.079	366	14.1058
RCHGF000855	1593	1322.05	1170	18.5914
RCHGF000856	222	48.6714	10	4.3162
RCHGF000857	303	88.9618	15	3.54212
RCHGF000858	153	23.3089	5	4.50634
RCHGF000860	1446	1175.05	89	1.59114
RCHGF000861	576	307.532	28	1.91268
RCHGF000862	1017	746.054	180	5.06848
RCHGF000863	765	494.084	253	10.7571
RCHGF000864	603	333.619	139	8.75264
RCHGF000865	1182	911.054	355	8.18577
RCHGF000866	792	521.079	160	6.45048
RCHGF000867	1455	1184.05	2031	36.0341
RCHGF000868	591	322.044	466	30.3981
RCHGF000869	666	395.501	1021	54.2317
RCHGF000870	411	162.874	630	81.2574
RCHGF000871	423	172.078	1002	122.326
RCHGF000872	696	425.292	42.4024	2.09449
RCHGF000873	282	76.8512	11	3.00689
RCHGF000874	213	44.9249	10	4.67615
RCHGF000875	399	153.628	58	7.93109
RCHGF000876	888	617.068	180	6.12795
RCHGF000877	384	142.353	14	2.06604
RCHGF000878	348	117.201	36	6.4528
RCHGF000879	915	644.068	143	4.66423
RCHGF000880	666	395.501	363	19.2812
RCHGF000881	801	530.079	786	31.1499
RCHGF000882	225	49.6606	1	0.423023
RCHGF000883	153	23.3089	38	34.2482
RCHGF000884	942	671.068	2405	75.2877
RCHGF000885	1128	857.054	2445	59.9302
RCHGF000886	135	19.1523	6	6.5812
RCHGF000887	1449	1178.05	342	6.09869
RCHGF000888	600	330.733	1428	90.704
RCHGF000889	1215	944.054	1675	37.2729
RCHGF000890	324	101.619	13	2.68747
RCHGF000891	1920	1649.05	348	4.43322
RCHGF000892	306	90.7763	29	6.71121
RCHGF000893	726	455.159	149	6.87699
RCHGF000894	177	30.3632	7	4.84313
RCHGF000895	285	78.6241	10	2.6719
RCHGF000896	327	103.546	44	8.92678
RCHGF000897	1428	1157.05	200	3.63121
RCHGF000898	1494	1223.05	327	5.61665
RCHGF000899	240	55.993	4418	1657.55
RCHGF000900	366	129.533	116	18.8128
RCHGF000901	903	632.068	752	24.9936
RCHGF000902	465	206.753	80	8.12857
RCHGF000903	513	249.048	188	15.8581
RCHGF000904	990	719.054	1735	50.689
RCHGF000905	912	641.068	2843	93.164
RCHGF000906	798	527.079	1646	65.6039
RCHGF000907	564	296.291	1622	115.003
RCHGF000908	906	635.068	2998	99.1715
RCHGF000909	810	539.079	247	9.62543
RCHGF000910	1830	1559.05	2346	31.6113
RCHGF000911	1731	1460.05	4334	62.3585
RCHGF000912	1170	899.054	1290	30.1425
RCHGF000913	795	524.079	634	25.4137
RCHGF000914	1338	1067.05	5200	102.375
RCHGF000915	729	458.159	2671	122.471
RCHGF000916	198	38.397	5111	2796.3
RCHGF000917	1008	737.054	994	28.331
RCHGF000918	549	282.327	547	40.7014
RCHGF000919	2622	2351.05	6800	60.7605
RCHGF000920	1098	827.054	780	19.8124
RCHGF000921	798	527.079	3287	131.008
RCHGF000922	114	16.0025	1230	1614.71
RCHGF000923	246	58.6699	5578	1997.28
RCHGF000924	591	322.044	60730	3961.53
RCHGF000925	252	61.4857	6270	2142.24
RCHGF000926	252	61.4857	1294	442.115
RCHGF000927	2595	2324.05	6509	58.836
RCHGF000928	414	165.136	1353	172.12
RCHGF000929	150	22.4813	960	897.066
RCHGF000930	444	189.163	248	27.5417
RCHGF000931	282	76.8512	196	53.5773
RCHGF000932	1770	1499.05	2027	28.4061
RCHGF000933	1332	1061.05	1287	25.481
RCHGF000935	1218	947.054	524	11.6234
RCHGF000936	348	117.201	784	140.528
RCHGF000937	111	15.3984	31	42.2923
RCHGF000938	510	246.321	2868	244.598
RCHGF000939	837	566.073	160	5.93776
RCHGF000940	501	238.269	297	26.1857
RCHGF000941	504	240.907	401	34.9679
RCHGF000942	117	16.4558	103	131.49
RCHGF000944	453	196.644	407	43.48
RCHGF000945	1164	893.054	1147	26.9812
RCHGF000946	2130	1859.05	5260	59.4387
RCHGF000947	228	50.8783	462	190.759
RCHGF000948	1833	1562.05	1373	18.465
RCHGF000949	1296	1025.05	19066	390.74
RCHGF000950	762	491.084	1568	67.0758
RCHGF000951	189	34.788	393	237.322
RCHGF000952	549	282.327	749	55.7319
RCHGF000953	177	30.3632	181	125.23
RCHGF000954	147	21.6915	315	305.068
RCHGF000955	582	313.341	1202	80.5865
RCHGF000956	720	449.186	2274	106.35
RCHGF000957	384	142.353	285	42.0586
RCHGF000958	1335	1064.05	3002	59.2683
RCHGF000960	186	33.6081	907	566.941
RCHGF000961	1122	851.054	344	8.49135
RCHGF000962	1011	740.054	175825	4991.06
RCHGF000963	567	299.114	4433	311.341
RCHGF000964	483	222.43	6238	589.153
RCHGF000965	1068	797.054	242	6.37827
RCHGF000966	819	548.079	38	1.45652
RCHGF000967	1047	776.054	106.006	2.86954
RCHGF000968	672	401.473	63	3.29655
RCHGF000969	672	401.473	769	40.2388
RCHGF000970	1002	731.054	17962	516.155
RCHGF000971	819	548.079	5147	197.282
RCHGF000972	474	214.482	14681	1437.94
RCHGF000973	1179	908.054	2349	54.3434
RCHGF000974	180	31.302	64	42.952
RCHGF000975	303	88.9618	155	36.6019
RCHGF000976	426	174.489	652	78.4976
RCHGF000977	1176	905.054	13113	304.371
RCHGF000978	564	296.291	3567	252.906
RCHGF000979	132	18.7191	0	0
RCHGF000980	912	641.068	2313	75.7961
RCHGF000981	264	67.1421	274	85.7297
RCHGF000982	552	285.098	346	25.4951
RCHGF000983	936	665.068	2822	89.1387
RCHGF000984	945	674.068	6265	195.251
RCHGF000985	852	581.068	2109	76.2474
RCHGF000986	429	177.031	37	4.39063
RCHGF000987	915	644.068	258	8.41518
RCHGF000988	918	647.068	83	2.69466
RCHGF000989	1413	1142.05	737	13.5568
RCHGF000990	1005	734.054	569	16.2839
RCHGF000991	1266	995.054	118	2.49121
RCHGF000993	1203	932.054	116	2.61452
RCHGF000994	273	71.8447	3	0.877206
RCHGF000995	642	371.836	88	4.97172
RCHGF000996	684	413.38	29	1.47375
RCHGF000997	1128	857.054	78	1.91188
RCHGF000998	1188	917.054	37	0.847583
RCHGF000999	954	683.068	71	2.18358
RCHGF001000	630	360.044	48	2.80066
RCHGF001001	495	232.941	19	1.7135
RCHGF001002	411	162.874	12	1.54776
RCHGF001003	822	551.079	107	4.07892
RCHGF001004	750	479.103	48	2.10469
RCHGF001005	483	222.43	16	1.51113
RCHGF001006	678	407.4	39	2.01103
RCHGF001007	990	719.054	36	1.05176
RCHGF001008	261	65.5786	23	7.36786
RCHGF001009	114	16.0025	16	21.0043
RCHGF001010	951	680.068	285	8.80376
RCHGF001011	1152	881.054	57	1.35909
RCHGF001012	705	434.279	44	2.12843
RCHGF001013	924	653.068	62	1.99438
RCHGF001014	825	554.079	59	2.23695
RCHGF001015	1053	782.054	72	1.93407
RCHGF001016	2382	2111.05	1057	10.5184
RCHGF001017	645	374.754	1266	70.9681
RCHGF001018	939	668.068	44	1.38359
RCHGF001019	768	497.084	180	7.60708
RCHGF001020	120	17.1069	196	240.691
RCHGF001021	141	20.2689	58	60.1138
RCHGF001022	1044	773.054	83	2.2555
RCHGF001023	1176	905.054	106	2.46041
RCHGF001024	645	374.754	47	2.63468
RCHGF001025	471	211.884	19	1.88378
RCHGF001026	927	656.068	44	1.4089
RCHGF001027	825	554.079	98	3.71561
RCHGF001028	765	494.084	122	5.18722
RCHGF001029	417	167.399	63	7.90609
RCHGF001030	2421	2150.05	463	4.52384
RCHGF001031	267	68.6749	125	38.2373
RCHGF001032	702	431.288	425	20.7013
RCHGF001033	795	524.079	323	12.9474
RCHGF001034	801	530.079	709	28.0984
RCHGF001035	480	219.757	124	11.8537
RCHGF001036	2730	2459.05	1498	12.7973
RCHGF001037	501	238.269	822	72.4736
RCHGF001038	1437	1166.05	8068	145.353
RCHGF001039	1113	842.054	6670	166.403
RCHGF001040	1134	863.054	9117	221.916
RCHGF001041	753	482.084	293	12.7679
RCHGF001042	870	599.068	463	16.2361
RCHGF001043	987	716.054	491	14.4049
RCHGF001044	138	19.8198	115	121.892
RCHGF001045	729	458.159	681	31.2253
RCHGF001046	1272	1001.05	631	13.2418
RCHGF001047	675	404.441	203	10.5443
RCHGF001048	768	497.084	96	4.05711
RCHGF001049	2370	2099.05	302	3.02245
RCHGF001050	474	214.482	614	60.1386
RCHGF001051	522	257.325	189	15.4296
RCHGF001052	852	581.068	902	32.6103
RCHGF001053	615	345.243	149	9.06645
RCHGF001054	237	54.7419	8	3.07005
RCHGF001055	351	119.189	75	13.2191
RCHGF001056	1086	815.054	2584	66.6011
RCHGF001057	744	473.108	3894	172.906
RCHGF001058	1344	1073.05	7653	149.825
RCHGF001059	444	189.163	823	91.3986
RCHGF001060	1995	1724.05	4390	53.492
RCHGF001061	921	650.068	670	21.6517
RCHGF001062	228	50.8783	3442	1421.19
RCHGF001063	474	214.482	25011	2449.72
RCHGF001064	291	82.1352	10127	2590.16
RCHGF001065	195	37.1392	435	246.055
RCHGF001066	111	15.3984	2	2.72853
RCHGF001067	216	46.2227	62	28.1781
RCHGF001068	654	383.575	79	4.32665
RCHGF001069	1182	911.054	100	2.30585
RCHGF001070	1101	830.054	100	2.53087
RCHGF001071	1323	1052.05	203	4.05353
RCHGF001072	330	105.339	16	3.19085
RCHGF001073	318	97.8705	34	7.29797
RCHGF001074	1041	770.054	127	3.46464
RCHGF001075	1896	1625.05	185	2.39155
RCHGF001076	156	24.0812	127	110.79
RCHGF001077	822	551.079	1344	51.2343
RCHGF001078	1353	1082.05	1894	36.7711
RCHGF001079	1311	1040.05	2775	56.0509
RCHGF001080	810	539.079	113	4.40353
RCHGF001081	843	572.068	104	3.8191
RCHGF001082	705	434.279	46	2.22518
RCHGF001083	1023	752.054	44	1.22908
RCHGF001084	297	85.5088	456	112.029
RCHGF001085	1470	1199.05	338	5.92179
RCHGF001086	453	196.644	53	5.66202
RCHGF001087	1110	839.054	222	5.55825
RCHGF001088	795	524.079	361	14.4706
RCHGF001089	801	530.079	1128	44.7037
RCHGF001090	300	87.2411	46	11.0767
RCHGF001091	672	401.473	813	42.5411
RCHGF001092	795	524.079	138	5.53169
RCHGF001093	366	129.533	78	12.65
RCHGF001094	1530	1259.05	906	15.1168
RCHGF001095	1038	767.054	187	5.12143
RCHGF001096	1290	1019.05	115	2.3707
RCHGF001097	363	127.443	8	1.31871
RCHGF001098	996	725.054	65	1.88329
RCHGF001099	540	274.011	35	2.68333
RCHGF001100	456	199.23	9	0.948992
RCHGF001101	999	728.054	65	1.87553
RCHGF001102	1257	986.054	2519	53.6664
RCHGF001103	495	232.941	648	58.4393
RCHGF001104	750	479.103	292	12.8035
RCHGF001105	1338	1067.05	1354	26.6568
RCHGF001106	348	117.201	2955	529.667
RCHGF001107	1260	989.054	5857	124.403
RCHGF001108	1443	1172.05	16521	296.117
RCHGF001109	171	28.3616	8	5.92563
RCHGF001110	1086	815.054	474	12.2171
RCHGF001111	1929	1658.05	3667	46.4609
RCHGF001112	174	29.4144	3496	2496.82
RCHGF001113	375	135.977	1065	164.535
RCHGF001114	264	67.1421	161	50.374
RCHGF001115	1248	977.054	423	9.09488
RCHGF001116	582	313.341	1086	72.8094
RCHGF001117	237	54.7419	1177	451.681
RCHGF001118	216	46.2227	928	421.762
RCHGF001119	672	401.473	1536	80.3729
RCHGF001120	1011	740.054	1970	55.9214
RCHGF001121	204	41.0657	23	11.7659
RCHGF001122	765	494.084	208	8.84378
RCHGF001123	2040	1769.05	732	8.69251
RCHGF001126	153	23.3089	8	7.21014
RCHGF001127	3351	3080.05	2109	14.3845
RCHGF001128	150	22.4813	16	14.9511
RCHGF001129	363	127.443	272	44.8362
RCHGF001130	1386	1115.05	296	5.57662
RCHGF001131	1035	764.054	159	4.37168
RCHGF001132	822	551.079	78	2.97342
RCHGF001133	753	482.084	70	3.05036
RCHGF001134	495	232.941	22	1.98405
RCHGF001135	408	160.549	15	1.96272
RCHGF001136	2769	2498.05	2415	20.3091
RCHGF001137	114	16.0025	106	139.154
RCHGF001138	1023	752.054	516.253	14.4208
RCHGF001139	651	380.663	158	8.71951
RCHGF001140	2697	2426.05	2575	22.2973
RCHGF001141	3207	2936.05	4881	34.9237
RCHGF001142	774	503.084	369	15.4085
RCHGF001143	555	287.809	11017	804.146
RCHGF001144	618	348.211	2558	154.324
RCHGF001145	603	333.619	66	4.15593
RCHGF001146	699	428.288	55	2.69776
RCHGF001147	138	19.8198	12	12.7191
RCHGF001148	714	443.217	80	3.79183
RCHGF001149	852	581.068	2507	90.6365
RCHGF001150	1338	1067.05	3327	65.5001
RCHGF001152	1281	1010.05	1365	28.3899
RCHGF001153	4032	3761.05	4825	26.9503
RCHGF001154	1128	857.054	593	14.5352
RCHGF001155	1479	1208.05	1804	31.3708
RCHGF001156	465	206.753	300	30.4821
RCHGF001157	333	107.352	118	23.0912
RCHGF001158	972	701.054	2073	62.1188
RCHGF001159	129	18.3611	346	395.871
RCHGF001160	906	635.068	1056	34.9317
RCHGF001161	999	728.054	1151	33.2114
RCHGF001162	171	28.3616	148	109.624
RCHGF001163	129	18.3611	74	84.6661
RCHGF001164	312	94.1581	270	60.2395
RCHGF001165	1887	1616.05	331	4.30276
RCHGF001166	1734	1463.05	202	2.90046
RCHGF001167	426	174.489	96	11.5579
RCHGF001168	126	18.1807	0	0
RCHGF001169	1068	797.054	41511	1094.08
RCHGF001170	936	665.068	19557	617.749
RCHGF001171	1104	833.054	1404	35.4054
RCHGF001172	252	61.4857	517	176.641
RCHGF001173	972	701.054	7326	219.528
RCHGF001174	546	279.532	859	64.556
RCHGF001176	728	457.159	2494.83	114.644
RCHGF001178	528	262.873	1176	93.9804
RCHGF001179	546	279.532	1055	79.2859
RCHGF001180	342	113.23	819	151.949
RCHGF001181	327	103.546	485	98.3975
RCHGF001182	177	30.3632	1089	753.453
RCHGF001183	1509	1238.05	7868	133.506
RCHGF001184	2004	1733.05	1913	23.1888
RCHGF001185	591	322.044	636	41.4875
RCHGF001186	216	46.2227	193	87.7156
RCHGF001187	432	179.391	40	4.6842
RCHGF001188	543	276.755	35	2.65673
RCHGF001189	1650	1379.05	79	1.20343
RCHGF001190	855	584.068	19	0.683385
RCHGF001191	1125	854.054	96	2.36135
RCHGF001192	453	196.644	94	10.0421
RCHGF001193	417	167.399	35	4.39227
RCHGF001195	765	494.084	847	36.0129
RCHGF001196	987	716.054	2317	67.976
RCHGF001197	147	21.6915	7	6.77929
RCHGF001198	1434	1163.05	1232	22.2529
RCHGF001199	2376	2105.05	2988	29.819
RCHGF001200	465	206.753	637	64.7237
RCHGF001201	111	15.3984	4	5.45707
RCHGF001202	1785	1514.05	1242	17.2328
RCHGF001203	1596	1325.05	367	5.81846
RCHGF001204	1578	1307.05	438	7.03973
RCHGF001205	147	21.6915	7	6.77929
RCHGF001206	306	90.7763	22	5.09126
RCHGF001207	144	20.8987	339	340.766
RCHGF001208	408	160.549	8510	1113.52
RCHGF001209	1680	1409.05	3241	48.32
RCHGF001210	1206	935.054	3140	70.5453
RCHGF001211	855	584.068	432	15.538
RCHGF001212	612	342.329	925	56.7641
RCHGF001213	324	101.619	779	161.041
RCHGF001214	252	61.4857	8	2.73332
RCHGF001215	813	542.079	1187	46.0006
RCHGF001216	156	24.0812	39	34.0222
RCHGF001217	111	15.3984	7	9.54987
RCHGF001218	273	71.8447	37	10.8189
RCHGF001219	330	105.339	205	40.8827
RCHGF001220	810	539.079	288	11.2232
RCHGF001221	363	127.443	142	23.4071
RCHGF001222	273	71.8447	129	37.7199
RCHGF001223	525	260.093	88	7.1077
RCHGF001224	1131	860.054	135	3.29749
RCHGF001225	756	485.084	535	23.1693
RCHGF001226	819	548.079	237	9.08407
RCHGF001227	699	428.288	80	3.92401
RCHGF001228	606	336.499	148	9.23961
RCHGF001229	1167	896.054	59	1.38323
RCHGF001230	840	569.068	22	0.812146
RCHGF001231	846	575.068	40	1.46122
RCHGF001232	1110	839.054	105	2.6289
RCHGF001233	576	307.532	16	1.09296
RCHGF001234	420	169.728	9	1.11394
RCHGF001235	747	476.108	570	25.1504
RCHGF001236	681	410.392	2164	110.773
RCHGF001237	336	109.359	1125	216.109
RCHGF001238	432	179.391	949	111.133
RCHGF001239	1236	965.054	6675	145.303
RCHGF001240	729	458.159	1727	79.1865
RCHGF001241	936	665.068	3165	99.9731
RCHGF001242	1053	782.054	6769	181.829
RCHGF001243	948	677.068	3762	116.725
RCHGF001244	972	701.054	6682	200.231
RCHGF001245	930	659.068	3417	108.916
RCHGF001246	870	599.068	2712	95.1019
RCHGF001247	1365	1094.05	4227	81.165
RCHGF001248	462	204.156	1691	174.003
RCHGF001249	222	48.6714	1034	446.295
RCHGF001250	1035	764.054	1929	53.0376
RCHGF001251	798	527.079	3386	134.954
RCHGF001252	1002	731.054	5570	160.059
RCHGF001253	156	24.0812	11	9.596
RCHGF001254	366	129.533	1536	249.108
RCHGF001255	1251	980.054	4230	90.6704
RCHGF001256	1215	944.054	28709	638.847
RCHGF001257	198	38.397	11	6.01827
RCHGF001258	1527	1256.05	1050	17.5613
RCHGF001259	1200	929.054	8951	202.398
RCHGF001260	777	506.084	6742	279.86
RCHGF001261	459	201.723	287	29.8883
RCHGF001262	1644	1373.05	2584.6	39.544
RCHGF001263	186	33.6081	2	1.25015
RCHGF001264	1158	887.054	571	13.5226
RCHGF001265	846	575.068	133	4.85856
RCHGF001266	633	362.983	102	5.90323
RCHGF001267	354	121.171	25	4.33427
RCHGF001268	651	380.663	151	8.3332
RCHGF001269	579	310.448	1060	71.7287
RCHGF001270	2928	2657.05	11183	88.4165
RCHGF001271	1302	1031.05	4143	84.4129
RCHGF001272	183	32.483	415	268.391
RCHGF001273	666	395.501	1064	56.5157
RCHGF001274	1716	1445.05	309	4.4921
RCHGF001275	1917	1646.05	1212	15.468
RCHGF001276	1749	1478.05	2251	31.9934
RCHGF001277	912	641.068	33	1.0814
RCHGF001278	111	15.3984	3	4.0928
RCHGF001279	1326	1055.05	625	12.4446
RCHGF001280	2448	2177.05	1300	12.5444
RCHGF001281	540	274.011	14073	1078.93
RCHGF001282	759	488.084	1741	74.9341
RCHGF001283	276	73.5352	453	129.413
RCHGF001284	546	279.532	969	72.8228
RCHGF001285	1278	1007.05	304	6.34156
RCHGF001286	744	473.108	255	11.3228
RCHGF001287	1299	1028.05	543	11.0958
RCHGF001288	1434	1163.05	192	3.46798
RCHGF001289	1425	1154.05	126	2.29361
RCHGF001290	813	542.079	50	1.93768
RCHGF001291	747	476.108	105	4.63297
RCHGF001292	372	133.776	41	6.43843
RCHGF001293	705	434.279	6078	294.014
RCHGF001294	1401	1130.05	3987	74.1178
RCHGF001295	1410	1139.05	4720	87.0509
RCHGF001296	930	659.068	2751	87.6871
RCHGF001297	129	18.3611	0	0
RCHGF001298	618	348.211	652	39.3351
RCHGF001299	465	206.753	160	16.2571
RCHGF001300	213	44.9249	14	6.54661
RCHGF001301	747	476.108	910	40.1524
RCHGF001302	966	695.054	474	14.3263
RCHGF001303	972	701.054	962.346	28.8373
RCHGF001304	447	191.639	275	30.1456
RCHGF001305	2208	1937.05	877	9.51115
RCHGF001306	162	25.5151	8	6.58671
RCHGF001307	1068	797.054	246	6.4837
RCHGF001308	1092	821.054	429	10.9764
RCHGF001309	834	563.073	136	5.07399
RCHGF001310	873	602.068	214	7.46696
RCHGF001311	1278	1007.05	306	6.38328
RCHGF001312	1332	1061.05	261	5.16747
RCHGF001313	1008	737.054	1146	32.6633
RCHGF001314	966	695.054	707	21.3686
RCHGF001315	1122	851.054	671	16.5631
RCHGF001316	2082	1811.05	5689	65.9903
RCHGF001317	669	398.501	1157	60.9929
RCHGF001318	264	67.1421	414	129.533
RCHGF001319	180	31.302	10	6.71124
RCHGF001320	633	362.983	1644	95.1461
RCHGF001321	810	539.079	7550	294.218
RCHGF001322	1074	803.054	553	14.4662
RCHGF001323	114	16.0025	6	7.87662
RCHGF001324	141	20.2689	22	22.8018
RCHGF001325	621	351.19	3198	191.298
RCHGF001326	489	227.639	2709	249.998
RCHGF001327	870	599.068	4102	143.845
RCHGF001328	1368	1097.05	9160	175.405
RCHGF001329	183	32.483	4	2.5869
RCHGF001330	1365	1094.05	1196	22.9651
RCHGF001331	498	235.649	744	66.3258
RCHGF001332	477	217.152	245	23.7016
RCHGF001333	915	644.068	332	10.8288
RCHGF001334	948	677.068	1521	47.1924
RCHGF001335	948	677.068	2796	86.7522
RCHGF001336	117	16.4558	7	8.93624
RCHGF001337	348	117.201	226	40.5092
RCHGF001338	132	18.7191	8	8.97799
RCHGF001339	1041	770.054	538	14.677
RCHGF001340	2514	2243.05	1479	13.8517
RCHGF001341	957	686.054	786	24.068
RCHGF001342	636	365.928	2636	151.33
RCHGF001343	2625	2354.05	6550	58.4521
RCHGF001344	261	65.5786	364	116.604
RCHGF001345	2817	2546.05	5903	48.7058
RCHGF001346	1767	1496.05	6604	92.7332
RCHGF001347	969	698.054	289	8.69729
RCHGF001348	1443	1172.05	5708	102.308
RCHGF001349	198	38.397	111136	60803.9
RCHGF001350	480	219.757	3617	345.764
RCHGF001351	111	15.3984	6	8.1856
RCHGF001352	642	371.836	338	19.0959
RCHGF001353	612	342.329	241	14.7893
RCHGF001354	1323	1052.05	431	8.60626
RCHGF001355	840	569.068	115	4.24531
RCHGF001356	378	138.084	18	2.73846
RCHGF001357	639	368.914	17	0.968054
RCHGF001358	828	557.073	109	4.11045
RCHGF001359	807	536.079	33	1.29318
RCHGF001360	483	222.43	21	1.98336
RCHGF001361	1125	854.054	201	4.94409
RCHGF001362	420	169.728	41	5.07463
RCHGF001363	759	488.084	217	9.33986
RCHGF001364	816	545.079	271	10.4444
RCHGF001365	147	21.6915	8	7.74776
RCHGF001366	1332	1061.05	475	9.40441
RCHGF001367	792	521.079	521	21.0044
RCHGF001368	219	47.483	34	15.0424
RCHGF001369	369	131.706	159	25.3611
RCHGF001370	453	196.644	83	8.86693
RCHGF001371	165	26.3616	5	3.9845
RCHGF001372	1089	818.054	489	12.5575
RCHGF001373	168	27.3881	0	0
RCHGF001374	2169	1898.05	591	6.54115
RCHGF001375	864	593.068	197	6.9781
RCHGF001376	879	608.068	282	9.74255
RCHGF001377	1332	1061.05	956	18.9276
RCHGF001378	399	153.628	690	94.3526
RCHGF001379	1455	1184.05	2074	36.797
RCHGF001380	1398	1127.05	5109	95.2284
RCHGF001381	657	386.56	2749	149.394
RCHGF001382	1332	1061.05	7534	149.164
RCHGF001383	1380	1109.05	7505	142.159
RCHGF001384	1398	1127.05	2510	46.7848
RCHGF001385	114	16.0025	2	2.62554
RCHGF001386	129	18.3611	23	26.3151
RCHGF001387	339	111.201	365	68.9542
RCHGF001388	342	113.23	84	15.5845
RCHGF001389	336	109.359	555	106.614
RCHGF001390	768	497.084	1510	63.815
RCHGF001391	159	24.7444	6345	5386.79
RCHGF001392	2211	1940.05	1136	12.301
RCHGF001393	1164	893.054	1409	33.1443
RCHGF001394	1083	812.054	4130	106.842
RCHGF001395	762	491.084	950	40.639
RCHGF001396	261	65.5786	8	2.56273
RCHGF001397	330	105.339	20	3.98856
RCHGF001398	687	416.368	233	11.7559
RCHGF001399	1053	782.054	1063	28.5543
RCHGF001400	1251	980.054	562	12.0465
RCHGF001401	1071	800.054	3216.79	84.4654
RCHGF001402	828	557.073	528	19.9112
RCHGF001403	612	342.329	195	11.9665
RCHGF001404	1806	1535.05	8062	110.33
RCHGF001405	429	177.031	204	24.2078
RCHGF001406	822	551.079	1681	64.081
RCHGF001407	528	262.873	22017	1759.5
RCHGF001408	789	518.079	251	10.1778
RCHGF001409	120	17.1069	22	27.0164
RCHGF001410	438	184.312	539	61.4342
RCHGF001411	648	377.72	103	5.72853
RCHGF001412	1152	881.054	169	4.02958
RCHGF001413	486	225.091	46	4.29314
RCHGF001414	870	599.068	96	3.36644
RCHGF001415	1143	872.054	112	2.69805
RCHGF001416	888	617.068	83	2.82566
RCHGF001417	423	172.078	47	5.73783
RCHGF001418	474	214.482	29	2.84042
RCHGF001419	492	230.297	37	3.37512
RCHGF001420	585	316.256	33	2.19205
RCHGF001421	243	57.3721	10	3.66163
RCHGF001422	765	494.084	84	3.57153
RCHGF001423	2247	1976.05	6233	66.2634
RCHGF001424	1458	1187.05	5066	89.6541
RCHGF001426	117	16.4558	19	24.2555
RCHGF001427	417	167.399	40	5.01974
RCHGF001428	222	48.6714	604	260.698
RCHGF001430	1764	1493.05	3074	43.2518
RCHGF001431	576	307.532	444	30.3297
RCHGF001432	663	392.509	933	49.9352
RCHGF001433	867	596.068	2404	84.7255
RCHGF001434	1731	1460.05	3842	55.2795
RCHGF001435	747	476.108	883	38.961
RCHGF001436	1053	782.054	1727	46.3907
RCHGF001437	123	17.6285	79.2893	94.4877
RCHGF001438	132	18.7191	111.711	125.367
RCHGF001439	150	22.4813	117	109.33
RCHGF001440	1329	1058.05	2520	50.0343
RCHGF001441	1395	1124.05	2901	54.2171
RCHGF001442	876	605.068	97	3.36778
RCHGF001443	456	199.23	85	8.96271
RCHGF001444	945	674.068	116	3.61518
RCHGF001445	753	482.084	109	4.74984
RCHGF001447	939	668.068	3128	98.3607
RCHGF001448	666	395.501	6629	352.108
RCHGF001449	645	374.754	2842	159.314
RCHGF001450	927	656.068	3224	103.234
RCHGF001451	429	177.031	1613	191.408
RCHGF001452	504	240.907	877	76.476
RCHGF001453	858	587.068	4096	146.571
RCHGF001454	819	548.079	8178	313.458
RCHGF001455	891	620.068	5767	195.383
RCHGF001456	843	572.068	1085	39.8435
RCHGF001457	1188	917.054	892	20.4336
RCHGF001458	1872	1601.05	2666	34.9808
RCHGF001459	351	119.189	858	151.226
RCHGF001460	738	467.127	237	10.6583
RCHGF001461	858	587.068	1913	68.4545
RCHGF001462	1071	800.054	3091	81.1624
RCHGF001463	153	23.3089	53	47.7672
RCHGF001464	2274	2003.05	595	6.24022
RCHGF001465	537	271.169	134	10.381
RCHGF001466	1611	1340.05	483	7.57182
RCHGF001467	1359	1088.05	508	9.80818
RCHGF001468	1533	1262.05	2429	40.432
RCHGF001469	486	225.091	1476	137.754
RCHGF001470	714	443.217	89	4.21841
RCHGF001471	660	389.525	137	7.38858
RCHGF001472	615	345.243	32.0452	1.94991
RCHGF001473	852	581.068	317	11.4606
RCHGF001474	675	404.441	182	9.45348
RCHGF001475	699	428.288	82	4.02211
RCHGF001476	990	719.054	541	15.8056
RCHGF001477	1005	734.054	798	22.8376
RCHGF001478	666	395.501	254	13.4915
RCHGF001479	630	360.044	128	7.46843
RCHGF001480	510	246.321	1087	92.705
RCHGF001481	1431	1160.05	2306	41.7596
RCHGF001482	1392	1121.05	1807	33.8616
RCHGF001483	987	716.054	2294	67.3012
RCHGF001484	1878	1607.05	1872	24.4709
RCHGF001485	2364	2093.05	2028	20.3546
RCHGF001486	738	467.127	171	7.69018
RCHGF001487	1878	1607.05	392	5.12426
RCHGF001488	843	572.068	108	3.96599
RCHGF001489	666	395.501	129	6.852
RCHGF001490	1029	758.054	294	8.14747
RCHGF001491	678	407.4	349	17.9961
RCHGF001492	888	617.068	625	21.2776
RCHGF001493	1506	1235.05	3505	59.618
RCHGF001495	1692	1421.05	5754	85.0618
RCHGF001496	1014	743.054	1543	43.6235
RCHGF001497	888	617.068	1138	38.7422
RCHGF001498	453	196.644	140	14.9563
RCHGF001499	606	336.499	244	15.2329
RCHGF001501	897	626.068	235.38	7.89812
RCHGF001502	1086	815.054	143	3.68574
RCHGF001503	816	545.079	166	6.3977
RCHGF001504	843	572.068	149	5.4716
RCHGF001505	771	500.084	127	5.33502
RCHGF001506	492	230.297	78	7.11512
RCHGF001507	417	167.399	86	10.7924
RCHGF001508	1953	1682.05	704	8.79241
RCHGF001509	1371	1100.05	729	13.9216
RCHGF001510	171	28.3616	2	1.48141
RCHGF001511	777	506.084	252	10.4605
RCHGF001512	126	18.1807	15	17.3323
RCHGF001513	417	167.399	17	2.13339
RCHGF001514	912	641.068	106	3.47358
RCHGF001515	984	713.054	155	4.56651
RCHGF001516	132	18.7191	12	13.467
RCHGF001517	894	623.068	172	5.79921
RCHGF001518	1371	1100.05	354	6.76028
RCHGF001519	114	16.0025	4	5.25108
RCHGF001520	801	530.079	490	19.4192
RCHGF001521	2607	2336.05	733	6.59169
RCHGF001522	450	194.23	44	4.75897
RCHGF001523	1470	1199.05	261	4.57275
RCHGF001524	2022	1751.05	15393	184.671
RCHGF001525	537	271.169	722	55.9335
RCHGF001526	1218	947.054	1939	43.0109
RCHGF001527	771	500.084	552	23.1884
RCHGF001528	288	80.305	305	79.7871
RCHGF001529	369	131.706	403	64.28
RCHGF001530	180	31.302	454.231	304.845
RCHGF001531	387	144.639	2650	384.888
RCHGF001532	1866	1595.05	6976	91.8769
RCHGF001533	135	19.1523	145	159.046
RCHGF001534	567	299.114	715	50.2162
RCHGF001535	183	32.483	15	9.70088
RCHGF001536	1098	827.054	4405	111.889
RCHGF001537	984	713.054	3485	102.673
RCHGF001538	621	351.19	1923	115.03
RCHGF001539	870	599.068	1278	44.8157
RCHGF001540	1578	1307.05	1382	22.2121
RCHGF001541	1671	1400.05	1640	24.6079
RCHGF001542	201	39.7851	36	19.0089
RCHGF001543	153	23.3089	178	160.426
RCHGF001544	972	701.054	4109	123.129
RCHGF001545	1488	1217.05	5175	89.3256
RCHGF001546	468	209.298	31	3.11152
RCHGF001547	372	133.776	33	5.18215
RCHGF001548	954	683.068	114	3.50604
RCHGF001549	456	199.23	8	0.843549
RCHGF001550	1581	1310.05	140	2.24499
RCHGF001551	870	599.068	1131	39.6609
RCHGF001552	846	575.068	311	11.361
RCHGF001553	756	485.084	248	10.7401
RCHGF001554	798	527.079	186	7.41332
RCHGF001555	420	169.728	110	13.6149
RCHGF001556	1224	953.054	413	9.10349
RCHGF001557	798	527.079	254	10.1236
RCHGF001558	777	506.084	145	6.01895
RCHGF001559	477	217.152	108	10.448
RCHGF001560	2727	2456.05	544	4.65304
RCHGF001561	735	464.141	198	8.96171
RCHGF001562	1203	932.054	1822	41.066
RCHGF001563	1341	1070.05	2962	58.1507
RCHGF001564	282	76.8512	689	188.341
RCHGF001565	435	181.805	153	17.6791
RCHGF001566	645	374.754	424	23.7682
RCHGF001567	1056	785.054	921	24.6454
RCHGF001568	1515	1244.05	1528	25.8024
RCHGF001569	1368	1097.05	86	1.64682
RCHGF001570	660	389.525	95	5.12347
RCHGF001571	837	566.073	58	2.15244
RCHGF001572	771	500.084	32	1.34426
RCHGF001573	471	211.884	54	5.35391
RCHGF001574	414	165.136	12	1.52657
RCHGF001575	843	572.068	52	1.90955
RCHGF001576	648	377.72	76	4.22687
RCHGF001577	1029	758.054	134	3.71347
RCHGF001578	729	458.159	689	31.5921
RCHGF001579	699	428.288	704	34.5313
RCHGF001580	540	274.011	545	41.7833
RCHGF001581	1719	1448.05	1947	28.246
RCHGF001582	867	596.068	3901	137.485
RCHGF001583	1677	1406.05	2596	38.7863
RCHGF001584	885	614.068	484	16.5579
RCHGF001585	885	614.068	82	2.80526
RCHGF001586	1041	770.054	124	3.3828
RCHGF001587	1158	887.054	107	2.53401
RCHGF001588	834	563.073	55	2.05198
RCHGF001589	753	482.084	48	2.09167
RCHGF001590	480	219.757	26	2.48545
RCHGF001591	399	153.628	15	2.05114
RCHGF001592	2433	2162.05	1633	15.867
RCHGF001593	1317	1046.05	925	18.5765
RCHGF001594	1668	1397.05	1035	15.5633
RCHGF001595	1230	959.054	317	6.94371
RCHGF001597	708	437.261	121	5.81326
RCHGF001598	711	440.226	192	9.16222
RCHGF001599	741	470.122	83	3.70888
RCHGF001600	693	422.3	634	31.5387
RCHGF001601	414	165.136	271	34.475
RCHGF001602	207	42.3069	126	62.5655
RCHGF001603	414	165.136	1327	168.813
RCHGF001604	183	32.483	66	42.6839
RCHGF001605	1104	833.054	4824	121.649
RCHGF001606	135	19.1523	17	18.6467
RCHGF001607	111	15.3984	1	1.36427
RCHGF001608	117	16.4558	21	26.8087
RCHGF001609	336	109.359	449	86.2514
RCHGF001610	612	342.329	564	34.6108
RCHGF001611	333	107.352	341	66.7298
RCHGF001612	621	351.19	307	18.3642
RCHGF001613	1227	956.054	2232	49.0441
RCHGF001614	1167	896.054	449	10.5266
RCHGF001615	387	144.639	207	30.0649
RCHGF001616	819	548.079	298	11.4222
RCHGF001617	990	719.054	1419	41.4568
RCHGF001618	363	127.443	411	67.7488
RCHGF001619	1122	851.054	651	16.0694
RCHGF001620	774	503.084	348	14.5316
RCHGF001621	1104	833.054	167	4.21132
RCHGF001622	1272	1001.05	91	1.90967
RCHGF001623	297	85.5088	11	2.70245
RCHGF001624	483	222.43	13	1.22779
RCHGF001625	2868	2597.05	1372	11.0981
RCHGF001626	555	287.809	9845	718.6
RCHGF001627	1260	989.054	53002	1125.76
RCHGF001628	696	425.292	1147	56.6568
RCHGF001629	1599	1328.05	2266	35.8443
RCHGF001630	546	279.532	582	43.7387
RCHGF001631	555	287.809	424	30.9484
RCHGF001632	1290	1019.05	990	20.4086
RCHGF001633	450	194.23	76	8.22003
RCHGF001634	1347	1076.05	379	7.39913
RCHGF001635	462	204.156	678	69.7659
RCHGF001636	876	605.068	271	9.40894
RCHGF001637	2073	1802.05	643	7.49581
RCHGF001638	648	377.72	95	5.28359
RCHGF001639	480	219.757	126	12.0449
RCHGF001640	888	617.068	128.839	4.38621
RCHGF001641	612	342.329	76	4.66386
RCHGF001642	759	488.084	41	1.76467
RCHGF001643	1287	1016.05	200	4.13512
RCHGF001644	273	71.8447	13	3.80123
RCHGF001645	441	186.821	39	4.38545
RCHGF001646	294	83.8182	1415	354.645
RCHGF001647	552	285.098	1520	112.002
RCHGF001648	1311	1040.05	1987	40.1345
RCHGF001649	1482	1211.05	932	16.1669
RCHGF001650	663	392.509	320	17.1268
RCHGF001651	750	479.103	84	3.6832
RCHGF001652	468	209.298	16	1.60595
RCHGF001653	744	473.108	79	3.50786
RCHGF001654	762	491.084	50	2.1389
RCHGF001655	2739	2468.05	318	2.70675
RCHGF001656	468	209.298	57	5.72118
RCHGF001657	747	476.108	108	4.76534
RCHGF001658	819	548.079	37	1.41819
RCHGF001659	1131	860.054	164	4.00584
RCHGF001660	387	144.639	18	2.61434
RCHGF001661	564	296.291	4083	289.492
RCHGF001662	714	443.217	3765	178.453
RCHGF001663	870	599.068	2109	73.9564
RCHGF001664	1230	959.054	7597	166.408
RCHGF001665	174	29.4144	2332	1665.5
RCHGF001666	1251	980.054	867	18.5842
RCHGF001667	1398	1127.05	456	8.49954
RCHGF001668	180	31.302	62	41.6097
RCHGF001669	363	127.443	49	8.07711
RCHGF001670	426	174.489	95	11.4375
RCHGF001671	2028	1757.05	1106	13.2235
RCHGF001672	1422	1151.05	199	3.63189
RCHGF001673	345	115.198	13	2.37069
RCHGF001674	1239	968.054	132	2.86451
RCHGF001675	318	97.8705	33	7.08333
RCHGF001676	1884	1613.05	837	10.9006
RCHGF001677	756	485.084	74	3.20472
RCHGF001678	126	18.1807	0	0
RCHGF001679	165	26.3616	2	1.5938
RCHGF001680	888	617.068	103.002	3.50663
RCHGF001681	864	593.068	136	4.81737
RCHGF001682	729	458.159	345	15.819
RCHGF001683	537	271.169	8452	654.779
RCHGF001684	405	158.201	2657	352.824
RCHGF001685	486	225.091	537	50.1177
RCHGF001686	804	533.079	4591	180.922
RCHGF001687	849	578.068	1913	69.5203
RCHGF001689	561	293.395	102	7.30336
RCHGF001690	1263	992.054	1953	41.3564
RCHGF001691	426	174.489	569	68.5048
RCHGF001692	1083	812.054	1055	27.2925
RCHGF001693	750	479.103	108	4.73555
RCHGF001694	714	443.217	119	5.64034
RCHGF001695	735	464.141	918	41.5497
RCHGF001696	843	572.068	157	5.76538
RCHGF001697	168	27.3881	5	3.83516
RCHGF001698	780	509.084	201	8.29434
RCHGF001699	1197	926.054	174	3.94719
RCHGF001700	1104	833.054	1640	41.3567
RCHGF001701	468	209.298	9991	1002.81
RCHGF001702	774	503.084	13310	555.793
RCHGF001703	864	593.068	235	8.32413
RCHGF001704	852	581.068	109	3.94072
RCHGF001705	1086	815.054	367	9.45921
RCHGF001706	309	92.4717	55	12.4948
RCHGF001707	453	196.644	68	7.26448
RCHGF001708	1962	1691.05	404	5.01879
RCHGF001709	888	617.068	143	4.86831
RCHGF001710	1470	1199.05	225	3.94202
RCHGF001711	228	50.8783	11	4.54187
RCHGF001712	1173	902.054	228	5.30979
RCHGF001713	447	191.639	72	7.89267
RCHGF001714	1581	1310.05	24080	386.138
RCHGF001715	990	719.054	384	11.2188
RCHGF001716	906	635.068	1645.67	54.4375
RCHGF001717	615	345.243	7851	477.723
RCHGF001718	564	296.291	525	37.2234
RCHGF001719	684	413.38	3184	161.808
RCHGF001720	1044	773.054	8907	242.045
RCHGF001721	420	169.728	39	4.82709
RCHGF001722	435	181.805	42	4.85308
RCHGF001723	324	101.619	39	8.0624
RCHGF001724	924	653.068	249	8.0097
RCHGF001725	1545	1274.05	1475	24.3209
RCHGF001726	726	455.159	431	19.8925
RCHGF001727	288	80.305	59.6654	15.6083
RCHGF001728	468	209.298	145	14.5539
RCHGF001729	789	518.079	190	7.7043
RCHGF001730	585	316.256	162	10.761
RCHGF001731	609	339.407	100	6.18948
RCHGF001732	729	458.159	113	5.18128
RCHGF001733	783	512.084	97	3.97929
RCHGF001734	471	211.884	18	1.78464
RCHGF001735	444	189.163	6	0.666332
RCHGF001736	1656	1385.05	120	1.82008
RCHGF001737	1002	731.054	40	1.14944
RCHGF001738	849	578.068	37	1.34462
RCHGF001739	744	473.108	372	16.518
RCHGF001741	891	620.068	459.161	15.5561
RCHGF001743	450	194.23	3311	358.112
RCHGF001745	843	572.068	409	15.0194
RCHGF001746	1512	1241.05	1071	18.129
RCHGF001747	606	336.499	1409	87.9636
RCHGF001748	723	452.168	1166	54.1719
RCHGF001749	477	217.152	669	64.7198
RCHGF001750	612	342.329	1780	109.233
RCHGF001752	390	146.848	10346	1480.07
RCHGF001754	1671	1400.05	1944	29.1694
RCHGF001755	1482	1211.05	3338	57.9026
RCHGF001756	1260	989.054	12010	255.093
RCHGF001757	702	431.288	432	21.0423
RCHGF001758	717	446.191	1627	76.6024
RCHGF001759	678	407.4	1076	55.4838
RCHGF001761	1254	983.054	2928	62.5704
RCHGF001762	336	109.359	134	25.741
RCHGF001763	291	82.1352	153	39.1325
RCHGF001764	261	65.5786	1085	347.571
RCHGF001765	135	19.1523	1	1.09687
RCHGF001766	348	117.201	46	8.24524
RCHGF001767	300	87.2411	22	5.29757
RCHGF001768	462	204.156	221	22.7408
RCHGF001769	1035	764.054	1310	36.0182
RCHGF001770	333	107.352	87	17.0249
RCHGF001771	1314	1043.05	650	13.0913
RCHGF001772	1563	1292.05	984	15.9989
RCHGF001773	510	246.321	142	12.1105
RCHGF001774	135	19.1523	0	0
RCHGF001775	1833	1562.05	1556	20.9261
RCHGF001776	1812	1541.05	1367	18.6349
RCHGF001777	255	62.9513	295	98.4449
RCHGF001778	492	230.297	1246	113.66
RCHGF001779	378	138.084	598	90.9776
RCHGF001780	417	167.399	634	79.5629
RCHGF001781	1170	899.054	143	3.34138
RCHGF001782	135	19.1523	1	1.09687
RCHGF001783	156	24.0812	4	3.48946
RCHGF001784	420	169.728	4108	508.454
RCHGF001785	1479	1208.05	3148	54.7424
RCHGF001786	2583	2312.05	984	8.94072
RCHGF001787	681	410.392	236	12.0806
RCHGF001788	1002	731.054	134	3.85062
RCHGF001789	687	416.368	57	2.8759
RCHGF001790	693	422.3	112	5.5715
RCHGF001791	438	184.312	68	7.75051
RCHGF001792	849	578.068	244	8.8672
RCHGF001793	738	467.127	178	8.00499
RCHGF001794	717	446.191	175	8.23935
RCHGF001795	408	160.549	808	105.725
RCHGF001796	636	365.928	855	49.0846
RCHGF001797	855	584.068	783	28.1627
RCHGF001798	372	133.776	267	41.9283
RCHGF001799	720	449.186	216	10.1019
RCHGF001800	402	155.913	58	7.81484
RCHGF001801	141	20.2689	10	10.3644
RCHGF001803	885	614.068	160	5.47368
RCHGF001804	561	293.395	23	1.64684
RCHGF001805	549	282.327	42	3.12515
RCHGF001806	1431	1160.05	2381	43.1178
RCHGF001807	822	551.079	828	31.564
RCHGF001808	1386	1115.05	1128	21.2514
RCHGF001809	1065	794.054	1809	47.859
RCHGF001810	1164	893.054	5162	121.427
RCHGF001811	1044	773.054	924	25.1095
RCHGF001812	1605	1334.05	1375	21.6523
RCHGF001813	600	330.733	50	3.17591
RCHGF001814	294	83.8182	16	4.01012
RCHGF001815	186	33.6081	726.587	454.17
RCHGF001816	1308	1037.05	7758	157.153
RCHGF001817	465	206.753	2025	205.754
RCHGF001819	801	530.079	1303	51.6392
RCHGF001820	780	509.084	1550	63.9613
RCHGF001821	744	473.108	1240	55.0601
RCHGF001822	162	25.5151	16	13.1734
RCHGF001823	183	32.483	39	25.2223
RCHGF001824	852	581.068	115	4.15764
RCHGF001825	504	240.907	65	5.66812
RCHGF001826	1050	779.054	4603	124.122
RCHGF001827	1071	800.054	1959	51.4388
RCHGF001828	1977	1706.05	5867	72.2435
RCHGF001829	951	680.068	1913	59.0933
RCHGF001830	1875	1604.05	463	6.0637
RCHGF001831	1044	773.054	264	7.17413
RCHGF001832	321	99.6889	14	2.95023
RCHGF001833	330	105.339	38	7.57826
RCHGF001834	1332	1061.05	330	6.53359
RCHGF001835	1077	806.054	138	3.59658
RCHGF001836	1182	911.054	75	1.72939
RCHGF001837	453	196.644	731	78.0931
RCHGF001838	420	169.728	306	37.8741
RCHGF001839	561	293.395	633	45.3238
RCHGF001840	462	204.156	2877	296.042
RCHGF001841	438	184.312	4774	544.131
RCHGF001842	1245	974.054	694	14.9676
RCHGF001843	1299	1028.05	3321	67.8623
RCHGF001844	486	225.091	1974	184.232
RCHGF001845	501	238.269	564	49.7264
RCHGF001846	711	440.226	1405	67.0464
RCHGF001847	1206	935.054	1489	33.4529
RCHGF001848	888	617.068	52727	1795.05
RCHGF001849	123	17.6285	30	35.7505
RCHGF001850	354	121.171	255	44.2095
RCHGF001851	348	117.201	29188	5231.79
RCHGF001852	1146	875.054	2833	68.0122
RCHGF001853	558	290.598	14166	1024.07
RCHGF001854	192	35.9873	1787	1043.16
RCHGF001855	360	125.294	1314	220.313
RCHGF001856	435	181.805	3631	419.561
RCHGF001857	1305	1034.05	1523	30.9408
RCHGF001858	186	33.6081	330	206.274
RCHGF001859	1320	1049.05	4833	96.7819
RCHGF001860	114	16.0025	15	19.6915
RCHGF001861	1317	1046.05	2569	51.5924
RCHGF001862	879	608.068	9670	334.08
RCHGF001863	378	138.084	7784	1184.23
RCHGF001864	129	18.3611	1	1.14414
RCHGF001865	765	494.084	683	29.0399
RCHGF001866	2343	2072.05	1959	19.8613
RCHGF001867	918	647.068	710	23.0507
RCHGF001868	675	404.441	1626	84.458
RCHGF001869	855	584.068	1720	61.8644
RCHGF001870	891	620.068	558	18.9047
RCHGF001871	1191	920.054	1878	42.8803
RCHGF001872	147	21.6915	211	204.347
RCHGF001873	291	82.1352	233	59.5939
RCHGF001874	1161	890.054	940	22.1864
RCHGF001875	807	536.079	500	19.5937
RCHGF001876	777	506.084	6908	286.751
RCHGF001877	759	488.084	4054	174.488
RCHGF001878	1014	743.054	4298	121.513
RCHGF001879	618	348.211	6327	381.707
RCHGF001880	1812	1541.05	26069	355.371
RCHGF001881	1191	920.054	5953	135.925
RCHGF001882	1113	842.054	7179	179.102
RCHGF001884	1290	1019.05	1498	30.8809
RCHGF001885	1395	1124.05	728	13.6057
RCHGF001886	675	404.441	2518	130.79
RCHGF001887	444	189.163	193	21.4337
RCHGF001888	1374	1103.05	231	4.39937
RCHGF001889	513	249.048	282	23.7871
RCHGF001890	1356	1085.05	421	8.15091
RCHGF001891	837	566.073	541	20.077
RCHGF001892	567	299.114	782	54.9218
RCHGF001893	381	140.187	14	2.09795
RCHGF001894	603	333.619	106	6.67467
RCHGF001895	606	336.499	438	27.3443
RCHGF001896	126	18.1807	7	8.0884
RCHGF001897	1419	1148.05	452	8.27088
RCHGF001898	1932	1661.05	717	9.06798
RCHGF001899	855	584.068	131	4.71176
RCHGF001900	579	310.448	201	13.6014
RCHGF001901	1662	1391.05	3124	47.1783
RCHGF001902	993	722.054	3371	98.0764
RCHGF001903	489	227.639	107	9.87443
RCHGF001904	1668	1397.05	1939	29.1568
RCHGF001905	1200	929.054	649	14.675
RCHGF001906	1317	1046.05	2810	56.4323
RCHGF001907	1398	1127.05	353	6.57969
RCHGF001908	1449	1178.05	1248	22.2549
RCHGF001909	126	18.1807	0	0
RCHGF001910	972	701.054	672	20.1369
RCHGF001911	669	398.501	140	7.38029
RCHGF001912	1491	1220.05	240	4.13245
RCHGF001913	861	590.068	1190	42.3663
RCHGF001914	1719	1448.05	28796	417.756
RCHGF001915	183	32.483	96	62.0856
RCHGF001916	504	240.907	2005	174.84
RCHGF001917	1101	830.054	720	18.2222
RCHGF001918	327	103.546	200	40.5763
RCHGF001919	171	28.3616	83	61.4784
RCHGF001920	255	62.9513	360	120.136
RCHGF001921	411	162.874	50	6.449
RCHGF001922	465	206.753	946	96.1203
RCHGF001923	1272	1001.05	8456	177.453
RCHGF001924	561	293.395	591	42.3165
RCHGF001925	243	57.3721	205919	75399.9
RCHGF001926	495	232.941	2231	201.201
RCHGF001927	591	322.044	2229	145.402
RCHGF001928	507	243.627	1535	132.361
RCHGF001929	585	316.256	1792	119.035
RCHGF001930	1671	1400.05	5108	76.6446
RCHGF001931	828	557.073	1844	69.5383
RCHGF001932	1335	1064.05	1197	23.6323
RCHGF001933	249	60.0938	22	7.69074
RCHGF001934	1005	734.054	576	16.4843
RCHGF001935	1164	893.054	1419	33.3795
RCHGF001936	891	620.068	498	16.872
RCHGF001937	1020	749.054	3893	109.181
RCHGF001938	876	605.068	681	23.6439
RCHGF001939	462	204.156	5290	544.339
RCHGF001940	144	20.8987	12	12.0625
RCHGF001941	531	265.617	66	5.21991
RCHGF001942	2064	1793.05	644	7.54515
RCHGF001943	1617	1346.05	38090	594.462
RCHGF001944	264	67.1421	5506	1722.73
RCHGF001945	123	17.6285	24	28.6004
RCHGF001946	933	662.068	3912	124.129
RCHGF001947	1737	1466.05	5433	77.8512
RCHGF001948	522	257.325	1391	113.559
RCHGF001950	624	354.134	146	8.66086
RCHGF001951	1902	1631.05	3196	41.1636
RCHGF001952	549	282.327	7048	524.431
RCHGF001953	1230	959.054	1976	43.2832
RCHGF001954	903	632.068	1107	36.7925
RCHGF001955	318	97.8705	7	1.50252
RCHGF001956	396	151.321	7	0.971794
RCHGF001957	126	18.1807	0	0
RCHGF001958	111	15.3984	1	1.36427
RCHGF001959	690	419.338	26	1.30252
RCHGF001960	780	509.084	51	2.10453
RCHGF001961	1023	752.054	63	1.75981
RCHGF001962	159	24.7444	0	0
RCHGF001963	375	135.977	36	5.56175
RCHGF001964	1581	1310.05	149	2.38931
RCHGF001965	1077	806.054	789	20.5631
RCHGF001966	1419	1148.05	9297	170.12
RCHGF001967	960	689.054	10400	317.07
RCHGF001968	912	641.068	618	20.2516
RCHGF001969	1194	923.054	1676	38.1437
RCHGF001970	591	322.044	201	13.1116
RCHGF001971	828	557.073	657	24.7758
RCHGF001972	2583	2312.05	4010	36.4353
RCHGF001973	954	683.068	3613	111.117
RCHGF001974	774	503.084	1048	43.7619
RCHGF001975	573	304.701	7620	525.359
RCHGF001976	1107	836.054	3355	84.3012
RCHGF001977	774	503.084	1698	70.9043
RCHGF001978	564	296.291	159	11.2734
RCHGF001979	552	285.098	730	53.7903
RCHGF001980	834	563.073	1609	60.0297
RCHGF001981	687	416.368	663	33.4512
RCHGF001982	408	160.549	892	116.716
RCHGF001983	591	322.044	1902	124.071
RCHGF001984	744	473.108	543	24.111
RCHGF001986	765	494.084	2444	103.914
RCHGF001987	246	58.6699	666	238.47
RCHGF001988	369	131.706	1698	270.837
RCHGF001989	705	434.279	339	16.3986
RCHGF001990	1284	1013.05	90	1.86632
RCHGF001991	378	138.084	10	1.52136
RCHGF001992	1089	818.054	60	1.54079
RCHGF001993	312	94.1581	7	1.56177
RCHGF001994	441	186.821	32	3.59832
RCHGF001995	1941	1670.05	474	5.96243
RCHGF001996	1245	974.054	845	18.2242
RCHGF001997	885	614.068	1078	36.8789
RCHGF001998	1227	956.054	2424	53.263
RCHGF001999	372	133.776	108	16.9598
RCHGF002000	726	455.159	292	13.477
RCHGF002001	327	103.546	861	174.681
RCHGF002002	438	184.312	579	65.9933
RCHGF002003	507	243.627	275	23.7128
RCHGF002004	177	30.3632	112	77.4901
RCHGF002005	642	371.836	194	10.9604
RCHGF002006	603	333.619	46	2.89656
RCHGF002007	360	125.294	21	3.52098
RCHGF002008	837	566.073	699	25.9406
RCHGF002009	705	434.279	719	34.7805
RCHGF002010	657	386.56	336	18.2599
RCHGF002011	414	165.136	660	83.9611
RCHGF002012	1215	944.054	4684	104.231
RCHGF002013	1185	914.054	1454	33.417
RCHGF002014	642	371.836	129	7.2881
RCHGF002015	1422	1151.05	6363	116.129
RCHGF002016	1314	1043.05	3038	61.1866
RCHGF002017	654	383.575	1332	72.9507
RCHGF002018	984	713.054	2803.47	82.5941
RCHGF002019	804	533.079	61	2.40388
RCHGF002020	414	165.136	235	29.8953
RCHGF002021	360	125.294	139	23.3055
RCHGF002022	318	97.8705	105	22.5379
RCHGF002023	1653	1382.05	532	8.08653
RCHGF002024	1737	1466.05	715	10.2455
RCHGF002025	1626	1355.05	1437	22.278
RCHGF002026	246	58.6699	65	23.2741
RCHGF002027	762	491.084	792	33.8801
RCHGF002028	912	641.068	114	3.73574
RCHGF002029	399	153.628	14	1.9144
RCHGF002030	1227	956.054	265	5.82289
RCHGF002031	804	533.079	208	8.19685
RCHGF002032	771	500.084	100	4.2008
RCHGF002033	471	211.884	51	5.05647
RCHGF002034	2688	2417.05	408	3.54609
RCHGF002035	120	17.1069	8	9.82414
RCHGF002036	594	324.937	142	9.18046
RCHGF002037	957	686.054	790.133	24.1945
RCHGF002038	765	494.084	997	42.3906
RCHGF002039	987	716.054	1270	37.2592
RCHGF002040	462	204.156	245	25.2104
RCHGF002041	942	671.068	290	9.07835
RCHGF002042	1125	854.054	1456	35.8139
RCHGF002043	141	20.2689	38	39.3849
RCHGF002044	1095	824.054	743	18.9412
RCHGF002045	159	24.7444	314	266.58
RCHGF002046	1464	1193.05	1661	29.2472
RCHGF002047	780	509.084	1198	49.4359
RCHGF002048	123	17.6285	6	7.1501
RCHGF002050	1548	1277.05	2014	33.1303
RCHGF002051	810	539.079	448	17.4583
RCHGF002052	783	512.084	1090	44.7158
RCHGF002053	321	99.6889	422	88.9285
RCHGF002054	1092	821.054	2023	51.7606
RCHGF002055	225	49.6606	228	96.4492
RCHGF002056	228	50.8783	948	391.427
RCHGF002057	357	123.241	70	11.9322
RCHGF002059	444	189.163	97	10.7724
RCHGF002060	198	38.397	5	2.73558
RCHGF002061	1899	1628.05	573	7.39369
RCHGF002062	117	16.4558	2	2.55321
RCHGF002063	1188	917.054	3534	80.9556
RCHGF002064	204	41.0657	3	1.53468
RCHGF002065	231	52.0562	10	4.03555
RCHGF002066	417	167.399	105	13.1768
RCHGF002067	357	123.241	887	151.197
RCHGF002068	222	48.6714	15	6.47429
RCHGF002069	1683	1412.05	94	1.39847
RCHGF002070	621	351.19	3560	212.953
RCHGF002071	906	635.068	23	0.760822
RCHGF002072	1005	734.054	29	0.829937
RCHGF002073	2187	1916.05	94	1.03061
RCHGF002074	2448	2177.05	55	0.530724
RCHGF002075	402	155.913	3	0.404216
RCHGF002076	501	238.269	8	0.705339
RCHGF002077	486	225.091	6	0.559974
RCHGF002078	267	68.6749	0	0
RCHGF002079	219	47.483	4	1.76969
RCHGF002080	141	20.2689	1	1.03644
RCHGF002081	1194	923.054	63	1.4338
RCHGF002082	1392	1121.05	57	1.06813
RCHGF002083	381	140.187	15	2.2478
RCHGF002084	327	103.546	7	1.42017
RCHGF002085	3057	2786.05	125	0.942531
RCHGF002086	378	138.084	44806	6816.63
RCHGF002087	384	142.353	4280	631.617
RCHGF002088	138	19.8198	7012	7432.21
RCHGF002089	918	647.068	135.325	4.39343
RCHGF002090	486	225.091	37.1	3.46251
RCHGF002091	123	17.6285	0	0
RCHGF002092	429	177.031	19	2.25465
RCHGF002093	624	354.134	6	0.355926
RCHGF002094	639	368.914	9	0.512499
RCHGF002095	1362	1091.05	84	1.61737
RCHGF002097	411	162.874	333	42.9503
RCHGF002099	1776	1505.05	11927	166.477
RCHGF002101	1461	1190.05	1469	25.9317
RCHGF002102	1401	1130.05	1605	29.8367
RCHGF002103	2220	1949.05	2210	23.8201
RCHGF002104	1272	1001.05	2435	51.0995
RCHGF002105	2247	1976.05	309	3.285
RCHGF002106	696	425.292	54	2.66736
RCHGF002107	615	345.243	5889	358.338
RCHGF002108	837	566.073	1277	47.3907
RCHGF002109	378	138.084	238	36.2085
RCHGF002110	594	324.937	158	10.2149
RCHGF002111	525	260.093	2703	218.319
RCHGF002112	1308	1037.05	2178	44.1196
RCHGF002113	153	23.3089	3	2.7038
RCHGF002114	117	16.4558	5	6.38303
RCHGF002115	924	653.068	1111	35.7381
RCHGF002116	135	19.1523	62	68.0058
RCHGF002117	1317	1046.05	539	10.8246
RCHGF002118	1920	1649.05	6358	80.9955
RCHGF002119	1332	1061.05	1316	26.0552
RCHGF002120	996	725.054	1047	30.3355
RCHGF002121	189	34.788	209.182	126.32
RCHGF002122	369	131.706	346	55.1883
RCHGF002123	222	48.6714	401	173.079
RCHGF002124	138	19.8198	820	869.14
RCHGF002125	618	348.211	717	43.2565
RCHGF002126	1245	974.054	1546	33.3428
RCHGF002127	792	521.079	615	24.794
RCHGF002128	1941	1670.05	5646	71.0208
RCHGF002129	459	201.723	52	5.4153
RCHGF002130	324	101.619	349	72.1482
RCHGF002131	402	155.913	91	12.2612
RCHGF002132	585	316.256	197	13.0859
RCHGF002133	912	641.068	547	17.925
RCHGF002134	2379	2108.05	1829	18.2267
RCHGF002135	804	533.079	619	24.3935
RCHGF002136	912	641.068	485	15.8933
RCHGF002137	615	345.243	291	17.707
RCHGF002138	1359	1088.05	947	18.2842
RCHGF002139	126	18.1807	54	62.3962
RCHGF002140	237	54.7419	129	49.5046
RCHGF002141	138	19.8198	170	180.188
RCHGF002142	642	371.836	2009	113.502
RCHGF002143	699	428.288	259	12.704
RCHGF002144	714	443.217	1974	93.5633
RCHGF002145	1188	917.054	2770	63.4542
RCHGF002146	252	61.4857	396	135.299
RCHGF002147	2337	2066.05	2140	21.7594
RCHGF002148	951	680.068	727	22.4573
RCHGF002149	1254	983.054	908	19.4037
RCHGF002150	309	92.4717	2233	507.289
RCHGF002151	1044	773.054	13957	379.278
RCHGF002152	1920	1649.05	28255	359.945
RCHGF002153	441	186.821	6253	703.133
RCHGF002154	306	90.7763	9557	2211.69
RCHGF002155	594	324.937	5450	352.349
RCHGF002156	1749	1478.05	27269	387.574
RCHGF002157	1440	1169.05	18793	337.705
RCHGF002158	660	389.525	5553	299.48
RCHGF002159	1350	1079.05	6501	126.565
RCHGF002160	189	34.788	349	210.752
RCHGF002162	1602	1331.05	3683	58.1275
RCHGF002164	1833	1562.05	17315	232.864
RCHGF002165	1311	1040.05	14275	288.334
RCHGF002166	585	316.256	1015	67.4222
RCHGF002167	540	274.011	382	29.2867
RCHGF002168	753	482.084	2053	89.4626
RCHGF002169	1230	959.054	132	2.89139
RCHGF002170	1089	818.054	1676	43.0395
RCHGF002171	414	165.136	2871	365.231
RCHGF002172	288	80.305	204	53.3658
RCHGF002173	150	22.4813	77	71.9522
RCHGF002174	531	265.617	122	9.64892
RCHGF002175	1575	1304.05	663	10.6805
RCHGF002176	846	575.068	399	14.5757
RCHGF002177	1893	1622.05	1685	21.8228
RCHGF002178	1629	1358.05	2449	37.8832
RCHGF002180	1701	1430.05	3885	57.0708
RCHGF002181	126	18.1807	102	117.86
RCHGF002183	429	177.031	2437	289.188
RCHGF002185	984	713.054	2250	66.2881
RCHGF002186	711	440.226	396	18.8971
RCHGF002187	204	41.0657	104	53.2022
RCHGF002188	222	48.6714	81	34.9612
RCHGF002189	438	184.312	221	25.1891
RCHGF002190	126	18.1807	22	25.4207
RCHGF002191	870	599.068	7395	259.321
RCHGF002192	1311	1040.05	6346	128.18
RCHGF002193	960	689.054	2874	87.6211
RCHGF002194	1404	1133.05	6599	122.35
RCHGF002195	1917	1646.05	9280	118.435
RCHGF002196	114	16.0025	1	1.31277
RCHGF002197	888	617.068	6318	215.091
RCHGF002198	183	32.483	447	289.086
RCHGF002199	1902	1631.05	632	8.13999
RCHGF002200	747	476.108	220	9.70717
RCHGF002201	1005	734.054	152	4.35002
RCHGF002202	666	395.501	167	8.87041
RCHGF002203	2166	1895.05	1101	12.2051
RCHGF002204	2166	1895.05	3362	37.2693
RCHGF002205	309	92.4717	78	17.7199
RCHGF002206	933	662.068	1983	62.921
RCHGF002207	429	177.031	2741	325.263
RCHGF002208	1032	761.054	2566	70.8299
RCHGF002209	1572	1301.05	1289	20.8129
RCHGF002210	4344	4073.05	8275	42.6799
RCHGF002211	129	18.3611	1	1.14414
RCHGF002212	390	146.848	738	105.576
RCHGF002213	489	227.639	322	29.7156
RCHGF002214	615	345.243	327	19.8975
RCHGF002215	648	377.72	395	21.9686
RCHGF002216	486	225.091	260	24.2655
RCHGF002217	954	683.068	671	20.6364
RCHGF002218	1185	914.054	1115	25.6259
RCHGF002219	696	425.292	872	43.073
RCHGF002220	366	129.533	250	40.5449
RCHGF002221	198	38.397	86	47.0519
RCHGF002222	780	509.084	2320	95.7357
RCHGF002224	1179	908.054	767	17.7443
RCHGF002225	705	434.279	389	18.8173
RCHGF002226	2169	1898.05	3909	43.2646
RCHGF002227	174	29.4144	870	621.348
RCHGF002228	1095	824.054	898	22.8926
RCHGF002230	618	348.211	409.15	24.6839
RCHGF002231	368	130.967	595	95.4398
RCHGF002233	852	581.068	4695	169.74
RCHGF002234	321	99.6889	7252	1528.22
RCHGF002235	126	18.1807	48	55.4633
RCHGF002236	1686	1415.05	1281	19.0174
RCHGF002237	699	428.288	914	44.8318
RCHGF002238	1107	836.054	1692	42.5149
RCHGF002239	1191	920.054	31245	713.416
RCHGF002240	1242	971.054	11901	257.463
RCHGF002241	1860	1589.05	1736	22.9502
RCHGF002242	390	146.848	47	6.72367
RCHGF002243	1525	1254.05	5252	87.98
RCHGF002246	618	348.211	3664	221.049
RCHGF002247	189	34.788	92	55.5564
RCHGF002248	372	133.776	627	98.4608
RCHGF002249	705	434.279	4213	203.797
RCHGF002250	243	57.3721	353	129.256
RCHGF002251	516	251.923	3188	265.844
RCHGF002252	549	282.327	1475	109.752
RCHGF002253	1518	1247.05	13132	221.218
RCHGF002254	837	566.073	7026	260.742
RCHGF002255	1398	1127.05	11324	211.072
RCHGF002256	390	146.848	1666	238.333
RCHGF002257	147	21.6915	17	16.464
RCHGF002258	2811	2540.05	1177	9.73439
RCHGF002259	474	214.482	263	25.7597
RCHGF002260	288	80.305	32	8.37111
RCHGF002261	1344	1073.05	98	1.91858
RCHGF002262	174	29.4144	4	2.85677
RCHGF002263	987	716.054	97	2.84578
RCHGF002264	645	374.754	21	1.1772
RCHGF002265	1038	767.054	68	1.86234
RCHGF002266	1326	1055.05	1552	30.9024
RCHGF002267	780	509.084	332	13.7001
RCHGF002268	666	395.501	220	11.6856
RCHGF002269	444	189.163	79	8.77338
RCHGF002270	846	575.068	668	24.4024
RCHGF002271	195	37.1392	2	1.13129
RCHGF002272	213	44.9249	77	36.0063
RCHGF002273	195	37.1392	174	98.4221
RCHGF002274	408	160.549	845	110.567
RCHGF002275	1101	830.054	3063	77.5204
RCHGF002276	1353	1082.05	3006	58.36
RCHGF002277	984	713.054	1607.03	47.3452
RCHGF002279	1083	812.054	7212.96	186.597
RCHGF002280	120	17.1069	119	146.134
RCHGF002281	1815	1544.05	14043	191.061
RCHGF002282	135	19.1523	11	12.0655
RCHGF002283	426	174.489	401	48.2784
RCHGF002284	648	377.72	923	51.3343
RCHGF002285	1968	1697.05	677	8.38047
RCHGF002286	771	500.084	185	7.77149
RCHGF002287	993	722.054	257	7.4772
RCHGF002288	687	416.368	249	12.5631
RCHGF002289	555	287.809	555	40.5102
RCHGF002290	744	473.108	31127	1382.14
RCHGF002291	1176	905.054	30967	718.787
RCHGF002292	1578	1307.05	1667	26.7928
RCHGF002293	267	68.6749	8	2.44719
RCHGF002294	366	129.533	30	4.86539
RCHGF002295	114	16.0025	1	1.31277
RCHGF002296	228	50.8783	5	2.06449
RCHGF002297	1512	1241.05	9317	157.711
RCHGF002299	504	240.907	238	20.754
RCHGF002300	912	641.068	783	25.6586
RCHGF002301	1800	1529.05	1021	14.0274
RCHGF002302	711	440.226	353	16.8451
RCHGF002303	816	545.079	663	25.5523
RCHGF002304	750	479.103	695	30.4741
RCHGF002305	474	214.482	252	24.6823
RCHGF002306	393	149.12	79	11.1293
RCHGF002307	1161	890.054	837	19.7553
RCHGF002308	705	434.279	245	11.8515
RCHGF002309	735	464.141	278	12.5826
RCHGF002310	495	232.941	3308	298.329
RCHGF002311	126	18.1807	0	0
RCHGF002312	813	542.079	1777	68.8653
RCHGF002313	1236	965.054	850	18.503
RCHGF002314	657	386.56	356	19.3468
RCHGF002315	138	19.8198	85	90.0938
RCHGF002316	546	279.532	855	64.2554
RCHGF002317	2274	2003.05	2472	25.9257
RCHGF002318	459	201.723	86	8.95608
RCHGF002319	771	500.084	471	19.7858
RCHGF002320	816	545.079	677	26.0918
RCHGF002321	966	695.054	757	22.8798
RCHGF002322	1002	731.054	618	17.7588
RCHGF002323	501	238.269	6	0.529004
RCHGF002324	1308	1037.05	125	2.53212
RCHGF002325	1515	1244.05	1970	33.2661
RCHGF002326	660	389.525	491	26.4802
RCHGF002327	1062	791.054	717	19.0409
RCHGF002328	1404	1133.05	486	9.01075
RCHGF002329	726	455.159	410	18.9233
RCHGF002330	687	416.368	692	34.9144
RCHGF002331	1227	956.054	830	18.2377
RCHGF002332	705	434.279	459	22.2034
RCHGF002333	417	167.399	80	10.0395
RCHGF002334	921	650.068	84	2.71454
RCHGF002335	960	689.054	55	1.67681
RCHGF002336	1383	1112.05	107	2.02131
RCHGF002337	855	584.068	29	1.04306
RCHGF002338	510	246.321	15	1.27928
RCHGF002339	891	620.068	687	23.2752
RCHGF002340	648	377.72	35	1.94659
RCHGF002341	399	153.628	45	6.15343
RCHGF002342	411	162.874	16	2.06368
RCHGF002343	819	548.079	73	2.79805
RCHGF002344	762	491.084	102	4.36335
RCHGF002345	474	214.482	20	1.95891
RCHGF002346	1020	749.054	80	2.24363
RCHGF002347	2088	1817.05	1093	12.6365
RCHGF002348	162	25.5151	10	8.23338
RCHGF002349	843	572.068	420	15.4233
RCHGF002350	1458	1187.05	148	2.61919
RCHGF002351	633	362.983	33	1.90987
RCHGF002352	1086	815.054	36	0.927879
RCHGF002353	1026	755.054	62	1.725
RCHGF002354	1248	977.054	171	3.67666
RCHGF002355	1443	1172.05	185	3.31589
RCHGF002356	654	383.575	30	1.64303
RCHGF002357	1437	1166.05	174	3.13477
RCHGF002358	336	109.359	1	0.192097
RCHGF002359	1251	980.054	73	1.56476
RCHGF002360	312	94.1581	199	44.3988
RCHGF002361	1926	1655.05	653	8.28851
RCHGF002362	828	557.073	260	9.80474
RCHGF002363	147	21.6915	1543	1494.35
RCHGF002364	174	29.4144	1983	1416.24
RCHGF002365	144	20.8987	1	1.00521
RCHGF002366	114	16.0025	30	39.3831
RCHGF002367	564	296.291	64	4.53771
RCHGF002368	762	491.084	162	6.93002
RCHGF002369	870	599.068	120	4.20805
RCHGF002370	1911	1640.05	555	7.10903
RCHGF002371	690	419.338	260	13.0252
RCHGF002372	117	16.4558	5	6.38303
RCHGF002373	1359	1088.05	386	7.45268
RCHGF002374	327	103.546	144	29.2149
RCHGF002375	522	257.325	626	51.1055
RCHGF002376	1062	791.054	219	5.81585
RCHGF002377	1089	818.054	171	4.39126
RCHGF002378	1461	1190.05	87	1.53578
RCHGF002379	1803	1532.05	118	1.61802
RCHGF002380	327	103.546	18	3.65187
RCHGF002381	318	97.8705	26	5.5808
RCHGF002382	1092	821.054	109	2.78888
RCHGF002383	954	683.068	271	8.33453
RCHGF002384	1107	836.054	335	8.41755
RCHGF002385	741	470.122	364	16.2654
RCHGF002386	1095	824.054	2590	66.0267
RCHGF002388	1371	1100.05	1830	34.9472
RCHGF002389	1197	926.054	3280	74.4068
RCHGF002390	819	548.079	970	37.1795
RCHGF002391	879	608.068	4523	156.261
RCHGF002392	717	446.191	2300	108.289
RCHGF002393	690	419.338	657	32.9137
RCHGF002394	369	131.706	824	131.431
RCHGF002395	1185	914.054	1619	37.2092
RCHGF002396	2010	1739.05	3355	40.528
RCHGF002397	606	336.499	1205	75.2279
RCHGF002398	117	16.4558	323	412.344
RCHGF002399	519	254.669	570	47.019
RCHGF002400	834	563.073	8125	303.133
RCHGF002401	606	336.499	356	22.225
RCHGF002402	1224	953.054	319	7.03151
RCHGF002403	486	225.091	108	10.0795
RCHGF002404	1155	884.054	130	3.08916
RCHGF002405	486	225.091	1806	168.552
RCHGF002406	1167	896.054	9276	217.471
RCHGF002407	900	629.068	2252	75.2049
RCHGF002408	1374	1103.05	258	4.91358
RCHGF002409	1485	1214.05	298	5.15648
RCHGF002410	813	542.079	332	12.8662
RCHGF002411	1116	845.054	347	8.62622
RCHGF002412	630	360.044	82	4.78446
RCHGF002413	117	16.4558	2	2.55321
RCHGF002414	621	351.19	102	6.10145
RCHGF002415	1008	737.054	139	3.96178
RCHGF002416	630	360.044	61	3.55917
RCHGF002417	666	395.501	125	6.63953
RCHGF002418	2076	1805.05	370	4.30613
RCHGF002419	996	725.054	110	3.18711
RCHGF002420	669	398.501	99	5.21892
RCHGF002421	1377	1106.05	126	2.39315
RCHGF002422	282	76.8512	21	5.74043
RCHGF002423	282	76.8512	6	1.64012
RCHGF002424	462	204.156	27	2.77829
RCHGF002425	147	21.6915	3	2.90541
RCHGF002426	591	322.044	306	19.961
RCHGF002427	201	39.7851	299	157.88
RCHGF002428	945	674.068	3534.88	110.166
RCHGF002429	1482	1211.05	704	12.2119
RCHGF002430	891	620.068	257	8.70702
RCHGF002431	372	133.776	82	12.8769
RCHGF002432	1062	791.054	1106	29.3714
RCHGF002433	528	262.873	101	8.07145
RCHGF002434	543	276.755	51	3.87124
RCHGF002435	774	503.084	769	32.1115
RCHGF002436	1323	1052.05	105	2.09665
RCHGF002437	1572	1301.05	129	2.08291
RCHGF002438	303	88.9618	31	7.32037
RCHGF002439	117	16.4558	7	8.93624
RCHGF002440	309	92.4717	88	19.9917
RCHGF002441	534	268.487	966	75.5838
RCHGF002442	519	254.669	25	2.06224
RCHGF002443	168	27.3881	12	9.20439
RCHGF002444	189	34.788	21	12.6814
RCHGF002445	1971	1700.05	4354	53.8023
RCHGF002447	123	17.6285	7	8.34178
RCHGF002448	1251	980.054	1179	25.272
RCHGF002449	237	54.7419	86	33.0031
RCHGF002450	1056	785.054	136	3.63927
RCHGF002451	1719	1448.05	179	2.59683
RCHGF002452	300	87.2411	13	3.13038
RCHGF002453	588	319.173	1365	89.8425
RCHGF002454	858	587.068	2908	104.059
RCHGF002455	318	97.8705	255	54.7348
RCHGF002456	324	101.619	706	145.95
RCHGF002457	195	37.1392	53	29.9791
RCHGF002458	792	521.079	1082	43.6213
RCHGF002459	513	249.048	314	26.4864
RCHGF002460	606	336.499	1301	81.2212
RCHGF002461	1482	1211.05	4535	78.6664
RCHGF002462	309	92.4717	761	172.882
RCHGF002463	693	422.3	281	13.9785
RCHGF002464	927	656.068	774	24.7838
RCHGF002465	393	149.12	83	11.6928
RCHGF002466	798	527.079	123	4.90236
RCHGF002467	984	713.054	189	5.5682
RCHGF002468	714	443.217	78	3.69703
RCHGF002469	813	542.079	108	4.1854
RCHGF002470	747	476.108	78	3.44163
RCHGF002471	465	206.753	30	3.04821
RCHGF002472	744	473.108	85	3.77428
RCHGF002473	729	458.159	76	3.48476
RCHGF002474	957	686.054	190	5.81796
RCHGF002475	852	581.068	167	6.03761
RCHGF002476	180	31.302	5	3.35562
RCHGF002477	276	73.5352	444	126.842
RCHGF002478	1422	1151.05	788	14.3816
RCHGF002479	456	199.23	360	37.9597
RCHGF002480	2031	1760.05	1002	11.9596
RCHGF002481	597	327.871	158	10.1235
RCHGF002482	867	596.068	43277	1525.24
RCHGF002483	126	18.1807	11	12.7103
RCHGF002484	318	97.8705	239	51.3005
RCHGF002485	120	17.1069	30	36.8405
RCHGF002487	1449	1178.05	1293	23.0573
RCHGF002489	1064	793.054	185	4.90054
RCHGF002491	798	527.079	97	3.86609
RCHGF002492	1851	1580.05	143	1.90125
RCHGF002493	354	121.171	9	1.56034
RCHGF002494	537	271.169	70	5.42292
RCHGF002495	546	279.532	52	3.90793
RCHGF002496	402	155.913	39	5.25481
RCHGF002497	381	140.187	51	7.64253
RCHGF002498	387	144.639	17	2.4691
RCHGF002500	624	354.134	831.434	49.3214
RCHGF002501	291	82.1352	268.678	68.7192
RCHGF002502	114	16.0025	75	98.4577
RCHGF002503	2013	1742.05	537	6.47572
RCHGF002504	234	53.3482	4	1.57513
RCHGF002505	759	488.084	341	14.6769
RCHGF002506	534	268.487	429	33.5667
RCHGF002507	1227	956.054	627	13.7772
RCHGF002508	177	30.3632	30	20.7563
RCHGF002509	270	70.194	92	27.5336
RCHGF002510	384	142.353	294	43.3868
RCHGF002511	918	647.068	623	20.2262
RCHGF002512	1638	1367.05	2242	34.4529
RCHGF002513	717	446.191	664	31.2624
RCHGF002515	1695	1424.05	1399	20.638
RCHGF002516	1263	992.054	2627	55.6289
RCHGF002517	492	230.297	416	37.9473
RCHGF002518	1077	806.054	2683	69.9249
RCHGF002519	1149	878.054	4834	115.654
RCHGF002520	156	24.0812	67	58.4484
RCHGF002522	411	162.874	55	7.0939
RCHGF002523	1083	812.054	539	13.9437
RCHGF002524	465	206.753	89	9.04303
RCHGF002526	1317	1046.05	1886	37.8759
RCHGF002527	1104	833.054	3402	85.79
RCHGF002529	237	54.7419	94	36.0731
RCHGF002530	417	167.399	34	4.26678
RCHGF002531	339	111.201	18	3.40048
RCHGF002532	219	47.483	45	19.909
RCHGF002533	618	348.211	161.85	9.76441
RCHGF002534	1140	869.054	58	1.40203
RCHGF002535	204	41.0657	3	1.53468
RCHGF002536	1191	920.054	2319.57	52.9627
RCHGF002537	1170	899.054	1382	32.2922
RCHGF002538	1374	1103.05	556	10.589
RCHGF002539	627	357.102	232	13.6481
RCHGF002540	1926	1655.05	841	10.6748
RCHGF002541	1926	1655.05	627	7.95849
RCHGF002542	1179	908.054	2058	47.6112
RCHGF002543	909	638.068	7899	260.064
RCHGF002544	450	194.23	583	63.0563
RCHGF002545	615	345.243	646	39.3082
RCHGF002546	597	327.871	386	24.732
RCHGF002547	1944	1673.05	337	4.23151
RCHGF002548	114	16.0025	10	13.1277
RCHGF002549	1245	974.054	558	12.0345
RCHGF002550	2163	1892.05	1182	13.1238
RCHGF002551	2070	1799.05	1366	15.9508
RCHGF002552	594	324.937	367	23.727
RCHGF002553	39	3	0	0
RCHGF002554	3486	3215.05	8196	53.5536
RCHGF002555	804	533.079	120	4.72895
RCHGF002556	693	422.3	66	3.2832
RCHGF002557	1287	1016.05	230	4.75539
RCHGF002558	1413	1142.05	242	4.45148
RCHGF002559	300	87.2411	12	2.88959
RCHGF002560	480	219.757	30	2.86783
RCHGF002561	111	15.3984	1	1.36427
RCHGF002562	690	419.338	354	17.7343
RCHGF002563	165	26.3616	55	43.8296
RCHGF002564	234	53.3482	728	286.673
RCHGF002565	825	554.079	940	35.6395
RCHGF002566	1026	755.054	895	24.9012
RCHGF002567	774	503.084	172	7.18229
RCHGF002568	462	204.156	807	83.04
RCHGF002569	2055	1784.05	1256	14.7896
RCHGF002570	876	605.068	195	6.77027
RCHGF002571	465	206.753	90	9.14464
RCHGF002572	1911	1640.05	1033	13.2318
RCHGF002573	321	99.6889	46	9.69362
RCHGF002574	1284	1013.05	223	4.62432
RCHGF002575	336	109.359	50	9.60483
RCHGF002576	1449	1178.05	586	10.4498
RCHGF002577	1509	1238.05	2710	45.9838
RCHGF002578	690	419.338	1102	55.2068
RCHGF002579	1302	1031.05	967	19.7025
RCHGF002580	675	404.441	181	9.40153
RCHGF002581	1305	1034.05	504	10.2391
RCHGF002582	975	704.054	738	22.0204
RCHGF002583	147	21.6915	30014	29067.7
RCHGF002584	456	199.23	633	66.7458
RCHGF002585	309	92.4717	1062	241.263
RCHGF002586	456	199.23	517	54.5143
RCHGF002587	225	49.6606	50	21.1511
RCHGF002588	669	398.501	246	12.9682
RCHGF002589	288	80.305	17	4.44715
RCHGF002590	1068	797.054	178	4.69146
RCHGF002591	777	506.084	227	9.42277
RCHGF002592	168	27.3881	9	6.90329
RCHGF002593	435	181.805	149	17.2169
RCHGF002594	906	635.068	625	20.6745
RCHGF002595	2418	2147.05	1210	11.8391
RCHGF002596	114	16.0025	22	28.8809
RCHGF002597	1278	1007.05	847	17.6688
RCHGF002598	1050	779.054	116	3.12799
RCHGF002599	312	94.1581	19	4.23908
RCHGF002600	477	217.152	15	1.45112
RCHGF002601	1917	1646.05	225	2.87153
RCHGF002602	609	339.407	104	6.43706
RCHGF002603	759	488.084	895	38.5216
RCHGF002604	192	35.9873	41	23.9337
RCHGF002605	660	389.525	27225	1468.28
RCHGF002606	696	425.292	14664	724.337
RCHGF002607	1734	1463.05	208811	2998.25
RCHGF002608	1623	1352.05	75763	1177.17
RCHGF002609	2346	2075.05	1433	14.5075
RCHGF002610	723	452.168	61	2.83403
RCHGF002611	1311	1040.05	110	2.22184
RCHGF002612	759	488.084	185	7.96256
RCHGF002613	1422	1151.05	598	10.9139
RCHGF002614	666	395.501	141	7.48939
RCHGF002615	132	18.7191	30	33.6675
RCHGF002616	933	662.068	478.487	15.1825
RCHGF002617	480	219.757	414	39.576
RCHGF002618	138	19.8198	348	368.855
RCHGF002619	201	39.7851	425	224.411
RCHGF002620	111	15.3984	12	16.3712
RCHGF002621	417	167.399	892	111.94
RCHGF002622	111	15.3984	5	6.82133
RCHGF002623	894	623.068	244	8.22678
RCHGF002624	2268	1997.05	2127	22.3745
RCHGF002625	747	476.108	268	11.8251
RCHGF002626	351	119.189	11	1.9388
RCHGF002627	177	30.3632	12	8.30251
RCHGF002628	1182	911.054	64773	1493.57
RCHGF002629	597	327.871	39	2.49883
RCHGF002630	264	67.1421	37	11.5766
RCHGF002631	1611	1340.05	1009	15.8177
RCHGF002632	1212	941.054	78	1.74123
RCHGF002633	465	206.753	11	1.11768
RCHGF002634	1203	932.054	31	0.698708
RCHGF002635	633	362.983	13	0.752372
RCHGF002636	1098	827.054	30	0.762014
RCHGF002638	225	49.6606	17	7.19139
RCHGF002639	561	293.395	183	13.1031
RCHGF002640	618	348.211	294	17.737
RCHGF002641	288	80.305	533	139.431
RCHGF002642	783	512.084	610	25.0244
RCHGF002643	2352	2081.05	899	9.07511
RCHGF002645	1398	1127.05	517	9.63654
RCHGF002646	1995	1724.05	3224	39.2843
RCHGF002647	792	521.079	276	11.1271
RCHGF002648	147	21.6915	160	154.955
RCHGF002649	2316	2045.05	1926	19.7846
RCHGF002650	771	500.084	451	18.9456
RCHGF002651	1314	1043.05	1731	34.8631
RCHGF002652	816	545.079	1617	62.3198
RCHGF002653	483	222.43	261	24.6503
RCHGF002654	141	20.2689	4	4.14578
RCHGF002655	387	144.639	2382	345.964
RCHGF002656	1023	752.054	3507	97.963
RCHGF002657	435	181.805	3263	377.038
RCHGF002658	2577	2306.05	12009	109.399
RCHGF002659	624	354.134	605	35.8892
RCHGF002660	357	123.241	1085	184.948
RCHGF002661	1152	881.054	2042	48.6887
RCHGF002662	1344	1073.05	1919	37.5689
RCHGF002663	531	265.617	1119	88.5012
RCHGF002664	906	635.068	1036	34.2701
RCHGF002665	942	671.068	922	28.8629
RCHGF002666	618	348.211	2469	148.954
RCHGF002667	1035	764.054	188	5.16903
RCHGF002668	849	578.068	350	12.7193
RCHGF002669	159	24.7444	0	0
RCHGF002670	321	99.6889	30	6.32193
RCHGF002671	324	101.619	214	44.2399
RCHGF002672	759	488.084	212	9.12466
RCHGF002673	717	446.191	323	15.2075
RCHGF002674	621	351.19	91	5.44345
RCHGF002675	609	339.407	115	7.1179
RCHGF002676	1032	761.054	292	8.06014
RCHGF002677	1281	1010.05	278	5.78197
RCHGF002678	630	360.044	163	9.51058
RCHGF002679	1122	851.054	490	12.0952
RCHGF002681	336	109.359	159	30.5434
RCHGF002682	354	121.171	99	17.1637
RCHGF002683	726	455.159	396	18.2771
RCHGF002684	249	60.0938	46	16.0806
RCHGF002685	1323	1052.05	2178	43.4906
RCHGF002686	813	542.079	872	33.7932
RCHGF002687	114	16.0025	33	43.3214
RCHGF002688	597	327.871	184	11.7893
RCHGF002689	1902	1631.05	20766	267.461
RCHGF002690	1203	932.054	12185	274.637
RCHGF002691	123	17.6285	9	10.7251
RCHGF002692	1125	854.054	504	12.3971
RCHGF002693	159	24.7444	22	18.6776
RCHGF002694	2169	1898.05	1503	16.6351
RCHGF002695	864	593.068	1372	48.5988
RCHGF002696	153	23.3089	398	358.704
RCHGF002697	1152	881.054	25686	612.448
RCHGF002698	1569	1298.05	11468	185.597
RCHGF002699	708	437.261	742	35.6482
RCHGF002700	1524	1253.05	1965	32.9434
RCHGF002701	573	304.701	32	2.20623
RCHGF002702	168	27.3881	38	29.1472
RCHGF002703	426	174.489	214	25.7645
RCHGF002704	174	29.4144	55	39.2806
RCHGF002705	567	299.114	555	38.979
RCHGF002706	129	18.3611	161	184.206
RCHGF002707	1830	1559.05	1402	18.8913
RCHGF002708	2139	1868.05	1045	11.7517
RCHGF002709	708	437.261	240	11.5304
RCHGF002710	648	377.72	72	4.00441
RCHGF002711	126	18.1807	4	4.62194
RCHGF002712	162	25.5151	3	2.47002
RCHGF002713	774	503.084	746	31.1511
RCHGF002714	2310	2039.05	2986	30.7635
RCHGF002715	456	199.23	116	12.2315
RCHGF002716	765	494.084	599	25.4684
RCHGF002717	489	227.639	1366	126.06
RCHGF002718	114	16.0025	46	60.3874
RCHGF002719	495	232.941	137	12.3552
RCHGF002720	885	614.068	1927	65.9236
RCHGF002721	144	20.8987	24	24.125
RCHGF002722	654	383.575	139	7.61272
RCHGF002723	693	422.3	230	11.4415
RCHGF002724	1326	1055.05	887	17.6614
RCHGF002725	384	142.353	795	117.321
RCHGF002726	1278	1007.05	1089	22.717
RCHGF002727	189	34.788	163	98.4314
RCHGF002728	1053	782.054	581	15.6068
RCHGF002729	150	22.4813	22	20.5578
RCHGF002730	1239	968.054	1005	21.8093
RCHGF002731	171	28.3616	2	1.48141
RCHGF002732	765	494.084	688	29.2525
RCHGF002733	141	20.2689	27	27.984
RCHGF002734	921	650.068	101	3.26391
RCHGF002735	819	548.079	516	19.778
RCHGF002736	510	246.321	699	59.6143
RCHGF002737	126	18.1807	129	149.058
RCHGF002738	306	90.7763	984	227.718
RCHGF002739	312	94.1581	427	95.2677
RCHGF002740	1614	1343.05	685	10.7145
RCHGF002741	147	21.6915	12	11.6216
RCHGF002742	3231	2960.05	4420	31.3688
RCHGF002743	120	17.1069	6	7.3681
RCHGF002744	1491	1220.05	3564	61.3669
RCHGF002745	513	249.048	568	47.9116
RCHGF002746	1020	749.054	8825	247.501
RCHGF002747	651	380.663	7893	435.589
RCHGF002748	1749	1478.05	7544	107.223
RCHGF002749	1512	1241.05	703	11.8998
RCHGF002750	1473	1202.05	496	8.66828
RCHGF002751	978	707.054	320	9.50764
RCHGF002752	1566	1295.05	3611	58.5754
RCHGF002753	1698	1427.05	24250	356.982
RCHGF002754	192	35.9873	355	207.231
RCHGF002755	981	710.054	10079	298.196
RCHGF002756	996	725.054	7876	228.197
RCHGF002757	912	641.068	4998	163.783
RCHGF002758	978	707.054	6277	186.498
RCHGF002759	1698	1427.05	121307	1785.75
RCHGF002760	1203	932.054	16418	370.045
RCHGF002761	348	117.201	283	50.7262
RCHGF002762	1416	1145.05	1721	31.574
RCHGF002763	1065	794.054	415	10.9793
RCHGF002764	996	725.054	1256	36.3911
RCHGF002765	1863	1592.05	2537	33.4763
RCHGF002766	1290	1019.05	2381	49.0837
RCHGF002767	834	563.073	916	34.1748
RCHGF002768	957	686.054	498.634	15.2686
RCHGF002769	216	46.2227	11783	5355.2
RCHGF002770	330	105.339	11644	2322.14
RCHGF002771	321	99.6889	721	151.937
RCHGF002772	621	351.19	679	40.6165
RCHGF002773	1380	1109.05	4570	86.5643
RCHGF002775	414	165.136	177	22.5169
RCHGF002776	189	34.788	1112	671.508
RCHGF002777	726	455.159	9706	447.973
RCHGF002778	672	401.473	4227	221.183
RCHGF002779	567	299.114	426	29.919
RCHGF002780	1104	833.054	1540	38.835
RCHGF002781	153	23.3089	36	32.4456
RCHGF002782	921	650.068	712	23.0089
RCHGF002783	585	316.256	105	6.97471
RCHGF002784	951	680.068	157	4.84979
RCHGF002785	1548	1277.05	7832	128.836
RCHGF002786	129	18.3611	0	0
RCHGF002787	900	629.068	2472	82.5518
RCHGF002788	777	506.084	760	31.5476
RCHGF002789	633	362.983	347	20.0825
RCHGF002790	873	602.068	1321	46.0928
RCHGF002791	144	20.8987	348	349.813
RCHGF002792	1833	1562.05	18814	253.023
RCHGF002793	822	551.079	813	30.9922
RCHGF002794	1317	1046.05	4974	99.8912
RCHGF002795	969	698.054	4252	127.962
RCHGF002796	117	16.4558	34	43.4046
RCHGF002797	999	728.054	20953	604.586
RCHGF002798	690	419.338	24443	1224.52
RCHGF002799	180	31.302	23	15.4359
RCHGF002800	561	293.395	1009	72.246
RCHGF002801	786	515.079	4090	166.811
RCHGF002802	360	125.294	3357	562.854
RCHGF002803	339	111.201	590	111.46
RCHGF002804	120	17.1069	3	3.68405
RCHGF002805	1779	1508.05	7369	102.652
RCHGF002806	1728	1457.05	5748	82.8737
RCHGF002807	813	542.079	366	14.1838
RCHGF002808	891	620.068	600	20.3277
RCHGF002809	465	206.753	135	13.717
RCHGF002810	657	386.56	182	9.89077
RCHGF002811	1422	1151.05	298	5.43871
RCHGF002812	999	728.054	231	6.66536
RCHGF002813	156	24.0812	5	4.36182
RCHGF002814	1932	1661.05	930	11.7618
RCHGF002815	960	689.054	691	21.0669
RCHGF002816	129	18.3611	16	18.3062
RCHGF002817	267	68.6749	139	42.5199
RCHGF002818	555	287.809	65	4.74444
RCHGF002819	501	238.269	335	29.5361
RCHGF002820	537	271.169	553	42.8411
RCHGF002821	300	87.2411	582	140.145
RCHGF002822	264	67.1421	2173	679.893
RCHGF002823	141	20.2689	106	109.863
RCHGF002824	336	109.359	24	4.61032
RCHGF002825	300	87.2411	225	54.1797
RCHGF002826	690	419.338	739	37.0216
RCHGF002827	819	548.079	476	18.2448
RCHGF002828	843	572.068	250	9.18053
RCHGF002829	774	503.084	319	13.3207
RCHGF002830	420	169.728	2516	311.409
RCHGF002831	276	73.5352	341	97.417
RCHGF002832	195	37.1392	19	10.7472
RCHGF002834	540	274.011	173	13.2633
RCHGF002835	460	202.568	183	18.9782
RCHGF002837	876	605.068	116	4.02744
RCHGF002838	720	449.186	60	2.80608
RCHGF002839	1131	860.054	162	3.95699
RCHGF002840	1011	740.054	286	8.11854
RCHGF002841	294	83.8182	119	29.8252
RCHGF002842	171	28.3616	0	0
RCHGF002843	642	371.836	36	2.03389
RCHGF002844	1968	1697.05	325	4.02312
RCHGF002845	396	151.321	49	6.80256
RCHGF002846	609	339.407	43	2.66148
RCHGF002847	720	449.186	129	6.03307
RCHGF002848	507	243.627	74	6.3809
RCHGF002849	120	17.1069	124	152.274
RCHGF002850	1290	1019.05	411	8.47266
RCHGF002851	1245	974.054	905	19.5183
RCHGF002852	777	506.084	804	33.374
RCHGF002853	2166	1895.05	1296	14.3668
RCHGF002854	189	34.788	7	4.22712
RCHGF002855	174	29.4144	19	13.5697
RCHGF002856	342	113.23	334	61.9668
RCHGF002857	651	380.663	2447	135.042
RCHGF002858	1785	1514.05	1922	26.6678
RCHGF002859	603	333.619	1138	71.6583
RCHGF002860	141	20.2689	33	34.2027
RCHGF002861	1377	1106.05	169	3.20986
RCHGF002862	672	401.473	473	24.7503
RCHGF002863	1149	878.054	2538	60.722
RCHGF002864	120	17.1069	1	1.22802
RCHGF002865	762	491.084	220	9.41114
RCHGF002866	363	127.443	15	2.47258
RCHGF002867	771	500.084	104	4.36884
RCHGF002868	642	371.836	333	18.8135
RCHGF002869	279	75.1944	39	10.8957
RCHGF002870	195	37.1392	15	8.48466
RCHGF002871	459	201.723	342	35.616
RCHGF002872	249	60.0938	192	67.1192
RCHGF002873	150	22.4813	7	6.54111
RCHGF002874	522	257.325	139	11.3477
RCHGF002875	114	16.0025	2	2.62554
RCHGF002876	387	144.639	78	11.3288
RCHGF002877	111	15.3984	113	154.162
RCHGF002878	444	189.163	90	9.99499
RCHGF002879	351	119.189	44	7.75519
RCHGF002880	255	62.9513	16	5.33938
RCHGF002881	156	24.0812	37	32.2775
RCHGF002882	267	68.6749	307	93.9108
RCHGF002883	453	196.644	373	39.8478
RCHGF002884	354	121.171	30	5.20112
RCHGF002885	324	101.619	39	8.0624
RCHGF002886	162	25.5151	21	17.2901
RCHGF002887	441	186.821	47	5.28503
RCHGF002888	375	135.977	36	5.56175
RCHGF002889	126	18.1807	14	16.1768
RCHGF002890	123	17.6285	3	3.57505
RCHGF002891	1338	1067.05	3441	67.7444
RCHGF002892	2868	2597.05	2717	21.9778
RCHGF002893	2349	2078.05	2393	24.1914
RCHGF002894	2010	1739.05	1912	23.0967
RCHGF002895	1743	1472.05	2183	31.1534
RCHGF002896	1806	1535.05	743	10.1681
RCHGF002897	678	407.4	788	40.6331
RCHGF002898	177	30.3632	9750	6745.79
RCHGF002899	792	521.079	1438	57.9737
RCHGF002900	1368	1097.05	1857	35.5598
RCHGF002901	111	15.3984	10	13.6427
RCHGF002902	1512	1241.05	5657	95.7571
RCHGF002903	906	635.068	1506	49.8173
RCHGF002904	1929	1658.05	2186	27.6966
RCHGF002905	2220	1949.05	4847	52.2426
RCHGF002906	1737	1466.05	181	2.59361
RCHGF002907	669	398.501	43	2.2668
RCHGF002908	702	431.288	40	1.94836
RCHGF002909	1110	839.054	1042	26.0887
RCHGF002910	597	327.871	2113	135.385
RCHGF002911	273	71.8447	238	69.5917
RCHGF002912	687	416.368	5498	277.398
RCHGF002913	135	19.1523	32	35.0997
RCHGF002914	177	30.3632	16	11.07
RCHGF002915	246	58.6699	1154	413.206
RCHGF002916	555	287.809	363	26.4959
RCHGF002917	180	31.302	45	30.2006
RCHGF002918	762	491.084	1499	64.1241
RCHGF002919	306	90.7763	1763	407.995
RCHGF002920	510	246.321	173	14.7543
RCHGF002921	660	389.525	116	6.25602
RCHGF002922	780	509.084	1293	53.3561
RCHGF002923	318	97.8705	1558	334.419
RCHGF002924	216	46.2227	446	202.7
RCHGF002925	657	386.56	2094	113.798
RCHGF002926	699	428.288	4010	196.691
RCHGF002927	270	70.194	776	232.24
RCHGF002928	906	635.068	6301	208.432
RCHGF002929	1584	1313.05	5291	84.6507
RCHGF002930	783	512.084	2347	96.2825
RCHGF002931	975	704.054	2171	64.7782
RCHGF002932	597	327.871	1018	65.2258
RCHGF002933	711	440.226	4717	225.095
RCHGF002934	1053	782.054	5091	136.755
RCHGF002935	1101	830.054	591	14.9574
RCHGF002936	1068	797.054	857	22.5875
RCHGF002937	1134	863.054	4744	115.473
RCHGF002938	2376	2105.05	5924	59.119
RCHGF002939	681	410.392	2929	149.932
RCHGF002940	675	404.441	1046	54.3315
RCHGF002941	1395	1124.05	1586	29.6409
RCHGF002942	186	33.6081	25	15.6268
RCHGF002943	534	268.487	13993	1094.87
RCHGF002944	231	52.0562	574	231.641
RCHGF002945	114	16.0025	0	0
RCHGF002946	2091	1820.05	5151	59.4542
RCHGF002947	1671	1400.05	1201	18.0208
RCHGF002948	129	18.3611	12	13.7296
RCHGF002949	1665	1394.05	1238	18.6559
RCHGF002950	471	211.884	311	30.8345
RCHGF002951	474	214.482	370	36.2399
RCHGF002952	522	257.325	64	5.22484
RCHGF002953	1200	929.054	3124	70.6391
RCHGF002954	1647	1376.05	2627	40.1051
RCHGF002955	729	458.159	908	41.6337
RCHGF002956	738	467.127	5367	241.364
RCHGF002957	324	101.619	2012	415.937
RCHGF002958	342	113.23	2351	436.179
RCHGF002959	435	181.805	527	60.8946
RCHGF002960	963	692.054	2197	66.6907
RCHGF002961	858	587.068	2227	79.6906
RCHGF002962	132	18.7191	6	6.73349
RCHGF002963	699	428.288	7790	382.1
RCHGF002964	750	479.103	886	38.849
RCHGF002965	825	554.079	892	33.8196
RCHGF002966	444	189.163	298	33.0945
RCHGF002967	1197	926.054	866	19.6452
RCHGF002968	114	16.0025	3	3.93831
RCHGF002969	1698	1427.05	23071	339.626
RCHGF002970	1692	1421.05	4182	61.8228
RCHGF002971	1227	956.054	2829	62.1621
RCHGF002972	891	620.068	705	23.885
RCHGF002973	1395	1124.05	15902	297.194
RCHGF002974	1293	1022.05	173113	3558.21
RCHGF002975	1470	1199.05	2115	37.055
RCHGF002976	2256	1985.05	1713	18.1284
RCHGF002977	609	339.407	328	20.3015
RCHGF002978	1983	1712.05	1032	12.663
RCHGF002979	861	590.068	1149	40.9066
RCHGF002980	117	16.4558	14	17.8725
RCHGF002981	495	232.941	309	27.8669
RCHGF002982	693	422.3	305	15.1724
RCHGF002983	525	260.093	3071	248.043
RCHGF002984	120	17.1069	205	251.744
RCHGF002985	216	46.2227	92	41.8126
RCHGF002986	231	52.0562	829	334.547
RCHGF002987	1005	734.054	1307	37.4044
RCHGF002988	561	293.395	5079	363.665
RCHGF002989	285	78.6241	33	8.81726
RCHGF002990	1362	1091.05	2140	41.2043
RCHGF002991	1170	899.054	1424	33.2736
RCHGF002992	882	611.068	1639	56.3462
RCHGF002993	213	44.9249	72	33.6683
RCHGF002994	528	262.873	2188	174.855
RCHGF002995	159	24.7444	11	9.3388
RCHGF002996	993	722.054	233	6.77894
RCHGF002997	357	123.241	482	82.1614
RCHGF002998	111	15.3984	47	64.1205
RCHGF002999	1200	929.054	2806	63.4486
RCHGF003000	762	491.084	648	27.7201
RCHGF003001	213	44.9249	786	367.545
RCHGF003002	567	299.114	4061	285.214
RCHGF003003	573	304.701	4294	296.049
RCHGF003004	249	60.0938	1291	451.307
RCHGF003005	870	599.068	1102	38.6439
RCHGF003006	540	274.011	1636	125.427
RCHGF003007	744	473.108	24542	1089.75
RCHGF003008	2031	1760.05	15800	188.585
RCHGF003009	585	316.256	10063	668.443
RCHGF003010	873	602.068	1424	49.6867
RCHGF003011	774	503.084	163	6.80648
RCHGF003012	729	458.159	378	17.3321
RCHGF003013	396	151.321	296	41.093
RCHGF003014	390	146.848	516	73.8173
RCHGF003015	855	584.068	129	4.63983
RCHGF003016	786	515.079	61	2.48789
RCHGF003017	786	515.079	103	4.20087
RCHGF003018	1104	833.054	1045	26.3523
RCHGF003019	702	431.288	90	4.3838
RCHGF003020	426	174.489	297	35.7573
RCHGF003021	1218	947.054	1120	24.8438
RCHGF003022	915	644.068	1853	60.4393
RCHGF003023	213	44.9249	91	42.553
RCHGF003024	888	617.068	1133	38.572
RCHGF003025	1320	1049.05	1422	28.4759
RCHGF003026	114	16.0025	17	22.3171
RCHGF003027	2595	2324.05	5107	46.1631
RCHGF003028	2040	1769.05	1711	20.3182
RCHGF003029	156	24.0812	17	14.8302
RCHGF003030	1632	1361.05	1240	19.1391
RCHGF003031	417	167.399	515	64.6292
RCHGF003032	1203	932.054	585	13.1853
RCHGF003033	747	476.108	791	34.9017
RCHGF003034	1209	938.054	902	20.2001
RCHGF003035	3504	3233.05	213202	1385.33
RCHGF003036	7287	7016.05	271505	812.943
RCHGF003037	132	18.7191	278	311.985
RCHGF003038	804	533.079	2925	115.268
RCHGF003039	462	204.156	1333	137.165
RCHGF003040	657	386.56	1655	89.9408
RCHGF003041	306	90.7763	1012	234.198
RCHGF003042	2340	2069.05	1297	13.1687
RCHGF003043	849	578.068	552	20.0602
RCHGF003044	768	497.084	495	20.9195
RCHGF003045	318	97.8705	338	72.5504
RCHGF003046	459	201.723	5361	558.297
RCHGF003047	882	611.068	677	23.2742
RCHGF003048	1755	1484.05	19195	271.715
RCHGF003049	465	206.753	10527	1069.62
RCHGF003050	111	15.3984	13	17.7355
RCHGF003051	132	18.7191	28	31.423
RCHGF003052	198	38.397	37827.4	20696
RCHGF003053	399	153.628	1151	157.391
RCHGF003054	1311	1040.05	713	14.4015
RCHGF003055	111	15.3984	4	5.45707
RCHGF003056	723	452.168	237	11.0109
RCHGF003057	306	90.7763	3232	747.953
RCHGF003058	873	602.068	297	10.363
RCHGF003059	480	219.757	463	44.2601
RCHGF003060	855	584.068	1112	39.996
RCHGF003061	720	449.186	12132	567.389
RCHGF003062	918	647.068	1464	47.5299
RCHGF003063	117	16.4558	6	7.65964
RCHGF003064	861	590.068	1643	58.494
RCHGF003065	783	512.084	308	12.6353
RCHGF003066	1137	866.054	7264	176.2
RCHGF003067	1197	926.054	6640	150.628
RCHGF003068	894	623.068	763	25.7255
RCHGF003069	615	345.243	250	15.2122
RCHGF003070	273	71.8447	15	4.38603
RCHGF003071	804	533.079	239	9.4185
RCHGF003072	1080	809.054	186	4.8296
RCHGF003073	918	647.068	2509	81.4566
RCHGF003074	702	431.288	569	27.7154
RCHGF003075	198	38.397	12	6.56538
RCHGF003076	138	19.8198	75	79.4945
RCHGF003077	1005	734.054	312	8.92898
RCHGF003078	225	49.6606	60	25.3814
RCHGF003079	1356	1085.05	1001	19.3802
RCHGF003080	267	68.6749	122	37.3196
RCHGF003081	513	249.048	843	71.1083
RCHGF003082	1119	848.054	911	22.5668
RCHGF003083	1098	827.054	922	23.4192
RCHGF003084	687	416.368	462	23.3099
RCHGF003085	1005	734.054	1124	32.1672
RCHGF003086	111	15.3984	31	42.2923
RCHGF003087	927	656.068	3831	122.67
RCHGF003088	825	554.079	9884	374.746
RCHGF003089	2145	1874.05	4296	48.1568
RCHGF003090	633	362.983	1071	61.9839
RCHGF003091	1131	860.054	699.15	17.0773
RCHGF003092	117	16.4558	136	173.618
RCHGF003093	135	19.1523	64	70.1995
RCHGF003094	1221	950.054	7609	168.25
RCHGF003095	444	189.163	1633	181.353
RCHGF003096	282	76.8512	175	47.8369
RCHGF003097	432	179.391	298	34.8973
RCHGF003098	1224	953.054	3131	69.0146
RCHGF003099	315	96.0119	421	92.1154
RCHGF003100	1239	968.054	3990	86.5862
RCHGF003101	582	313.341	656	43.9807
RCHGF003102	1422	1151.05	1580	28.8361
RCHGF003103	135	19.1523	9	9.8718
RCHGF003104	129	18.3611	39	44.6213
RCHGF003105	2601	2330.05	2165	19.5194
RCHGF003106	147	21.6915	4	3.87388
RCHGF003107	1350	1079.05	563	10.9608
RCHGF003108	708	437.261	234	11.2422
RCHGF003109	705	434.279	132	6.38529
RCHGF003110	627	357.102	119	7.00052
RCHGF003111	1416	1145.05	2899	53.186
RCHGF003112	1791	1520.05	1758	24.296
RCHGF003113	1809	1538.05	905	12.361
RCHGF003114	969	698.054	624	18.7789
RCHGF003115	687	416.368	408	20.5854
RCHGF003116	555	287.809	578	42.189
RCHGF003117	699	428.288	276	13.5378
RCHGF003118	2478	2207.05	548	5.21606
RCHGF003119	387	144.639	14689	2133.44
RCHGF003120	186	33.6081	6409	4006.09
RCHGF003121	750	479.103	851	37.3143
RCHGF003122	294	83.8182	257	64.4125
RCHGF003123	132	18.7191	9	10.1002
RCHGF003124	111	15.3984	20	27.2853
RCHGF003125	1080	809.054	263	6.82894
RCHGF003126	1305	1034.05	414	8.41071
RCHGF003127	1470	1199.05	1678	29.3987
RCHGF003128	819	548.079	345	13.2236
RCHGF003129	477	217.152	301	29.1191
RCHGF003130	4218	3947.05	1461	7.77593
RCHGF003131	120	17.1069	11	13.5082
RCHGF003132	213	44.9249	598	279.634
RCHGF003133	1089	818.054	8213	210.909
RCHGF003134	927	656.068	3133	100.32
RCHGF003135	858	587.068	3196	114.365
RCHGF003136	216	46.2227	28	12.7256
RCHGF003137	1539	1268.05	1097	18.1737
RCHGF003138	1332	1061.05	293	5.80103
RCHGF003139	600	330.733	107	6.79645
RCHGF003140	1167	896.054	480	11.2534
RCHGF003142	4260	3989.05	6791	35.7634
RCHGF003143	621	351.19	41335	2472.58
RCHGF003144	126	18.1807	64	73.9511
RCHGF003145	1320	1049.05	2369	47.4398
RCHGF003146	558	290.598	2189	158.244
RCHGF003147	207	42.3069	342	169.821
RCHGF003148	3858	3587.05	42754	250.388
RCHGF003149	4209	3938.05	39661	211.572
RCHGF003150	609	339.407	570	35.28
RCHGF003151	369	131.706	17913	2857.19
RCHGF003152	519	254.669	16684	1376.25
RCHGF003154	684	413.38	11621	590.567
RCHGF003155	414	165.136	5066	644.465
RCHGF003156	123	17.6285	12	14.3002
RCHGF003157	114	16.0025	8	10.5022
RCHGF003158	966	695.054	738	22.3056
RCHGF003159	819	548.079	408	15.6384
RCHGF003160	729	458.159	784	35.948
RCHGF003161	1071	800.054	1343	35.264
RCHGF003162	1047	776.054	1707	46.208
RCHGF003163	1665	1394.05	2467	37.1762
RCHGF003164	1332	1061.05	176	3.48458
RCHGF003165	861	590.068	115	4.09422
RCHGF003166	1173	902.054	125	2.91107
RCHGF003167	732	461.159	27	1.22995
RCHGF003168	525	260.093	21	1.69616
RCHGF003169	183	32.483	4	2.5869
RCHGF003170	111	15.3984	1	1.36427
RCHGF003171	600	330.733	25	1.58796
RCHGF003172	834	563.073	72	2.68623
RCHGF003173	378	138.084	7	1.06496
RCHGF003174	1281	1010.05	97	2.01745
RCHGF003175	285	78.6241	6	1.60314
RCHGF003176	438	184.312	40	4.55912
RCHGF003177	1971	1700.05	140	1.72998
RCHGF003178	126	18.1807	2	2.31097
RCHGF003179	1158	887.054	2786	65.9791
RCHGF003180	126	18.1807	4	4.62194
RCHGF003181	468	209.298	160	16.0595
RCHGF003182	1041	770.054	225	6.13814
RCHGF003183	807	536.079	218	8.54286
RCHGF003184	1968	1697.05	342	4.23356
RCHGF003185	813	542.079	198	7.67323
RCHGF003186	1056	785.054	103	2.75621
RCHGF003187	312	94.1581	11	2.4542
RCHGF003188	459	201.723	23	2.39523
RCHGF003189	1200	929.054	282	6.37652
RCHGF003190	1620	1349.05	5463	85.0702
RCHGF003191	1407	1136.05	205	3.79079
RCHGF003192	336	109.359	31	5.955
RCHGF003193	1254	983.054	154	3.29093
RCHGF003194	303	88.9618	4	0.944564
RCHGF003195	1911	1640.05	1601	20.5073
RCHGF003196	117	16.4558	21	26.8087
RCHGF003197	867	596.068	358	12.6172
RCHGF003198	246	58.6699	6	2.14838
RCHGF003199	324	101.619	140	28.942
RCHGF003200	234	53.3482	60	23.6269
RCHGF003201	1041	770.054	562	15.3317
RCHGF003202	1896	1625.05	1298	16.7796
RCHGF003203	624	354.134	286	16.9658
RCHGF003204	972	701.054	1735	51.9904
RCHGF003205	1011	740.054	1738	49.3357
RCHGF003206	936	665.068	1223	38.631
RCHGF003207	915	644.068	627	20.4508
RCHGF003208	645	374.754	1406	78.8161
RCHGF003209	702	431.288	476	23.1854
RCHGF003210	774	503.084	1044	43.5949
RCHGF003211	957	686.054	1082	33.1317
RCHGF003212	876	605.068	1198	41.5938
RCHGF003213	1191	920.054	8363	190.952
RCHGF003214	807	536.079	62	2.42962
RCHGF003215	1407	1136.05	238	4.40102
RCHGF003216	975	704.054	190	5.66922
RCHGF003217	528	262.873	878	70.1657
RCHGF003218	645	374.754	1490	83.5249
RCHGF003220	480	219.757	5215	498.524
RCHGF003221	843	572.068	5354	196.61
RCHGF003222	1395	1124.05	198	3.70044
RCHGF003223	888	617.068	74	2.51927
RCHGF003224	888	617.068	241	8.20464
RCHGF003225	1302	1031.05	300	6.11245
RCHGF003226	936	665.068	113	3.56934
RCHGF003227	1635	1364.05	1951	30.047
RCHGF003228	1581	1310.05	1444	23.1555
RCHGF003229	186	33.6081	13	8.12595
RCHGF003230	1374	1103.05	4170	79.4172
RCHGF003231	777	506.084	1909	79.2426
RCHGF003232	1875	1604.05	1163	15.2313
RCHGF003233	792	521.079	31	1.24978
RCHGF003234	1299	1028.05	129	2.63602
RCHGF003235	288	80.305	20	5.23194
RCHGF003236	1404	1133.05	141	2.61423
RCHGF003238	1713	1442.05	1175	17.1172
RCHGF003239	918	647.068	579	18.7977
RCHGF003240	1248	977.054	946	20.3399
RCHGF003241	936	665.068	275	8.68645
RCHGF003242	765	494.084	139	5.91002
RCHGF003243	2103	1832.05	1094	12.5445
RCHGF003244	1362	1091.05	683	13.1507
RCHGF003245	1425	1154.05	921	16.7652
RCHGF003246	423	172.078	74	9.03402
RCHGF003247	396	151.321	253	35.1234
RCHGF003248	480	219.757	68	6.50041
RCHGF003249	369	131.706	633	100.966
RCHGF003250	1305	1034.05	234	4.75388
RCHGF003252	114	16.0025	72	94.5194
RCHGF003253	1560	1289.05	26708	435.257
RCHGF003254	138	19.8198	12	12.7191
RCHGF003255	540	274.011	338	25.9133
RCHGF003256	549	282.327	4051	301.429
RCHGF003257	792	521.079	6349	255.963
RCHGF003258	261	65.5786	83	26.5884
RCHGF003259	465	206.753	364	36.985
RCHGF003260	852	581.068	1271	45.9509
RCHGF003261	909	638.068	2703	88.9927
RCHGF003262	423	172.078	470	57.3783
RCHGF003263	159	24.7444	37	31.4123
RCHGF003264	312	94.1581	545	121.595
RCHGF003265	132	18.7191	15	16.8337
RCHGF003266	117	16.4558	0	0
RCHGF003267	231	52.0562	40	16.1422
RCHGF003268	162	25.5151	7	5.76337
RCHGF003269	603	333.619	928	58.4349
RCHGF003270	942	671.068	369	11.5514
RCHGF003271	210	43.5851	351	169.178
RCHGF003272	876	605.068	2419	83.9861
RCHGF003273	117	16.4558	92	117.448
RCHGF003274	1044	773.054	2373	64.4857
RCHGF003275	1347	1076.05	1237	24.1497
RCHGF003276	1818	1547.05	1898	25.7731
RCHGF003277	2646	2375.05	3105	27.464
RCHGF003278	906	635.068	1170	38.7027
RCHGF003279	3267	2996.05	7692	53.9343
RCHGF003280	900	629.068	2132	71.1976
RCHGF003281	1128	857.054	3066	75.1518
RCHGF003282	1614	1343.05	2956	46.2366
RCHGF003283	219	47.483	228	100.872
RCHGF003284	270	70.194	117	35.0156
RCHGF003285	612	342.329	3038	186.432
RCHGF003286	516	251.923	438	36.5243
RCHGF003287	318	97.8705	3682	790.328
RCHGF003288	621	351.19	4826	288.682
RCHGF003289	171	28.3616	1508	1116.98
RCHGF003290	183	32.483	173	111.883
RCHGF003291	1938	1667.05	1001	12.6142
RCHGF003292	417	167.399	339	42.5423
RCHGF003293	327	103.546	82	16.6363
RCHGF003294	2271	2000.05	1119	11.7534
RCHGF003295	279	75.1944	31	8.66067
RCHGF003296	1341	1070.05	562	11.0333
RCHGF003297	417	167.399	89	11.1689
RCHGF003298	357	123.241	43	7.32975
RCHGF003299	552	285.098	85	6.26325
RCHGF003300	1248	977.054	158	3.39714
RCHGF003301	684	413.38	146	7.41957
RCHGF003302	366	129.533	49	7.9468
RCHGF003303	240	55.993	42	15.7576
RCHGF003304	1599	1328.05	183	2.89475
RCHGF003305	327	103.546	489	99.209
RCHGF003306	303	88.9618	2813	664.265
RCHGF003307	1368	1097.05	62	1.18724
RCHGF003308	534	268.487	37	2.89503
RCHGF003309	1182	911.054	51	1.17598
RCHGF003310	270	70.194	19	5.68629
RCHGF003311	381	140.187	18	2.69736
RCHGF003312	285	78.6241	6	1.60314
RCHGF003313	570	301.924	24	1.6699
RCHGF003314	372	133.776	13	2.04145
RCHGF003315	162	25.5151	0	0
RCHGF003316	3150	2879.05	300	2.18901
RCHGF003317	648	377.72	19	1.05672
RCHGF003318	1719	1448.05	54	0.783401
RCHGF003319	1893	1622.05	114	1.47644
RCHGF003320	411	162.874	15	1.9347
RCHGF003321	951	680.068	20	0.617808
RCHGF003322	117	16.4558	0	0
RCHGF003323	219	47.483	24	10.6181
RCHGF003324	1563	1292.05	2678	43.5417
RCHGF003325	414	165.136	180	22.8985
RCHGF003326	1023	752.054	1519	42.4311
RCHGF003327	237	54.7419	534	204.926
RCHGF003328	1359	1088.05	315	6.08185
RCHGF003329	549	282.327	128	9.52428
RCHGF003330	825	554.079	326	12.3601
RCHGF003331	1332	1061.05	1017	20.1353
RCHGF003332	594	324.937	4318	279.164
RCHGF003333	1422	1151.05	6200	113.154
RCHGF003334	1419	1148.05	2996	54.822
RCHGF003335	303	88.9618	232	54.7847
RCHGF003336	1122	851.054	3186	78.6437
RCHGF003337	1995	1724.05	3640	44.3533
RCHGF003338	2289	2018.05	3985	41.4831
RCHGF003339	1581	1310.05	1507	24.1657
RCHGF003340	816	545.079	101	3.89258
RCHGF003341	672	401.473	79	4.13376
RCHGF003342	633	362.983	281	16.2628
RCHGF003343	1008	737.054	39589	1128.37
RCHGF003344	1386	1115.05	323	6.0853
RCHGF003345	273	71.8447	27	7.89485
RCHGF003346	468	209.298	43	4.31598
RCHGF003347	489	227.639	39	3.59909
RCHGF003348	2022	1751.05	1446	17.3478
RCHGF003349	1599	1328.05	2971	46.9961
RCHGF003350	1233	962.054	708	15.46
RCHGF003351	678	407.4	2624	135.306
RCHGF003352	1155	884.054	2241	53.2523
RCHGF003353	879	608.068	1880	64.9503
RCHGF003354	480	219.757	987	94.3515
RCHGF003355	1761	1490.05	2385	33.625
RCHGF003356	2358	2087.05	1758	17.6954
RCHGF003357	657	386.56	641	34.8351
RCHGF003359	855	584.068	483	17.3724
RCHGF003360	390	146.848	24	3.43336
RCHGF003361	2511	2240.05	587	5.50497
RCHGF003362	540	274.011	26	1.99333
RCHGF003363	1170	899.054	981	22.9223
RCHGF003364	1536	1265.05	5609	93.1433
RCHGF003365	951	680.068	2273	70.2138
RCHGF003366	4821	4550.05	16529	76.3142
RCHGF003367	675	404.441	120	6.23306
RCHGF003368	153	23.3089	189	170.34
RCHGF003369	660	389.525	685	36.9429
RCHGF003370	1083	812.054	1066	27.577
RCHGF003371	468	209.298	1422	142.728
RCHGF003372	168	27.3881	8	6.13626
RCHGF003373	219	47.483	181	80.0785
RCHGF003374	309	92.4717	72	16.3568
RCHGF003375	1419	1148.05	2961	54.1816
RCHGF003376	300	87.2411	68	16.3743
RCHGF003377	123	17.6285	2	2.38337
RCHGF003378	495	232.941	674	60.7841
RCHGF003379	474	214.482	810	79.3359
RCHGF003380	138	19.8198	86	91.1537
RCHGF003381	642	371.836	74	4.18077
RCHGF003382	1008	737.054	109	3.10672
RCHGF003383	447	191.639	46	5.04254
RCHGF003384	912	641.068	100	3.27696
RCHGF003385	1050	779.054	91	2.45386
RCHGF003386	327	103.546	5	1.01441
RCHGF003387	480	219.757	31	2.96342
RCHGF003388	870	599.068	139	4.87432
RCHGF003389	858	587.068	80	2.86271
RCHGF003390	1956	1685.05	106	1.3215
RCHGF003391	411	162.874	928	119.693
RCHGF003392	210	43.5851	283	136.403
RCHGF003393	771	500.084	863	36.2529
RCHGF003394	633	362.983	601	34.7827
RCHGF003395	468	209.298	18	1.80669
RCHGF003396	924	653.068	1848	59.4455
RCHGF003397	411	162.874	615	79.3227
RCHGF003398	390	146.848	1409	201.567
RCHGF003399	1026	755.054	80	2.22581
RCHGF003400	330	105.339	454	90.5403
RCHGF003401	984	713.054	6528	192.324
RCHGF003402	255	62.9513	1382	461.189
RCHGF003403	1029	758.054	6340	175.697
RCHGF003404	447	191.639	342	37.4902
RCHGF003405	603	333.619	381	23.991
RCHGF003406	450	194.23	443	47.9141
RCHGF003407	1218	947.054	926	20.5405
RCHGF003408	1287	1016.05	1172	24.2318
RCHGF003410	354	121.171	531	92.0599
RCHGF003411	2091	1820.05	4260	49.1701
RCHGF003412	420	169.728	203	25.1256
RCHGF003413	618	348.211	277	16.7114
RCHGF003414	594	324.937	139	8.98651
RCHGF003415	204	41.0657	30	15.3468
RCHGF003416	111	15.3984	4	5.45707
RCHGF003417	204	41.0657	42	21.4855
RCHGF003418	1377	1106.05	1767	33.5611
RCHGF003419	2160	1889.05	4424	49.1978
RCHGF003420	375	135.977	502	77.5555
RCHGF003421	471	211.884	534	52.9442
RCHGF003422	564	296.291	1098	77.8501
RCHGF003423	891	620.068	1906	64.5742
RCHGF003424	2514	2243.05	5873	55.0042
RCHGF003425	390	146.848	87	12.4459
RCHGF003426	1791	1520.05	2742	37.8952
RCHGF003427	705	434.279	869	42.0365
RCHGF003428	153	23.3089	850	766.077
RCHGF003429	840	569.068	7202	265.867
RCHGF003430	831	560.073	2416	90.6207
RCHGF003431	4428	4157.05	32687	165.183
RCHGF003432	966	695.054	8518	257.451
RCHGF003433	969	698.054	5117	153.993
RCHGF003434	444	189.163	4132	458.881
RCHGF003435	5241	4970.05	5257	22.2204
RCHGF003436	801	530.079	330	13.0782
RCHGF003437	2145	1874.05	2704	30.311
RCHGF003438	615	345.243	770	46.8535
RCHGF003439	258	64.2978	337	110.106
RCHGF003440	756	485.084	1465	63.4448
RCHGF003441	798	527.079	925	36.8673
RCHGF003442	744	473.108	5611	249.147
RCHGF003443	345	115.198	316	57.626
RCHGF003444	1080	809.054	1202	31.2106
RCHGF003445	570	301.924	883	61.4383
RCHGF003446	135	19.1523	2	2.19373
RCHGF003447	228	50.8783	9	3.71608
RCHGF003448	840	569.068	1827	67.445
RCHGF003449	1185	914.054	1054	24.2239
RCHGF003450	1716	1445.05	2624	38.1465
RCHGF003451	453	196.644	1296	138.452
RCHGF003452	414	165.136	488	62.0804
RCHGF003453	117	16.4558	35	44.6812
RCHGF003454	912	641.068	534	17.499
RCHGF003455	843	572.068	177	6.49982
RCHGF003456	1128	857.054	655	16.0549
RCHGF003457	120	17.1069	17	20.8763
RCHGF003458	834	563.073	439	16.3785
RCHGF003459	1542	1271.05	618	10.2141
RCHGF003460	396	151.321	73	10.1344
RCHGF003461	645	374.754	209	11.7159
RCHGF003462	606	336.499	384	23.9731
RCHGF003463	276	73.5352	68	19.4263
RCHGF003464	282	76.8512	28	7.6539
RCHGF003465	120	17.1069	6	7.3681
RCHGF003467	126	18.1807	188	217.231
RCHGF003468	1413	1142.05	882	16.224
RCHGF003469	465	206.753	150	15.2411
RCHGF003470	1569	1298.05	13863	224.357
RCHGF003471	1131	860.054	10335	252.441
RCHGF003472	699	428.288	597	29.2829
RCHGF003473	213	44.9249	608	284.31
RCHGF003474	333	107.352	1466	286.879
RCHGF003475	1446	1175.05	10814	193.332
RCHGF003476	882	611.068	499	17.1548
RCHGF003477	588	319.173	529	34.8181
RCHGF003478	519	254.669	1013	83.5618
RCHGF003479	615	345.243	854	51.9647
RCHGF003480	906	635.068	2744	90.7694
RCHGF003481	1167	896.054	1921	45.0369
RCHGF003482	861	590.068	951	33.8574
RCHGF003483	1215	944.054	720	16.0218
RCHGF003484	1038	767.054	1117	30.5916
RCHGF003485	1392	1121.05	1059	19.8447
RCHGF003486	1221	950.054	699	15.4563
RCHGF003488	1176	905.054	2374	55.1038
RCHGF003489	255	62.9513	35	11.6799
RCHGF003490	660	389.525	297	16.0176
RCHGF003491	756	485.084	477	20.6575
RCHGF003492	177	30.3632	102	70.5713
RCHGF003493	480	219.757	526	50.2826
RCHGF003494	579	310.448	1022	69.1573
RCHGF003495	1218	947.054	534	11.8452
RCHGF003496	1182	911.054	491	11.3217
RCHGF003497	1092	821.054	640	16.3751
RCHGF003498	1059	788.054	1584	42.2255
RCHGF003499	114	16.0025	2449	3214.97
RCHGF003500	1545	1274.05	29568	487.539
RCHGF003501	777	506.084	10285	426.93
RCHGF003502	837	566.073	63753	2365.94
RCHGF003503	1026	755.054	76452	2127.09
RCHGF003504	786	515.079	59844	2440.74
RCHGF003505	1137	866.054	55215	1339.33
RCHGF003506	1206	935.054	16589	372.7
RCHGF003507	1203	932.054	124514	2806.42
RCHGF003508	2112	1841.05	83448	952.193
RCHGF003509	243	57.3721	1379	504.939
RCHGF003510	1134	863.054	1190	28.9657
RCHGF003511	153	23.3089	88	79.3115
RCHGF003512	951	680.068	2704	83.5276
RCHGF003513	1263	992.054	3348	70.8966
RCHGF003514	948	677.068	258	8.00503
RCHGF003515	675	404.441	820	42.5926
RCHGF003516	339	111.201	789	149.054
RCHGF003517	1704	1433.05	6058	88.806
RCHGF003518	1062	791.054	328	8.7105
RCHGF003519	420	169.728	54	6.68366
RCHGF003520	399	153.628	72	9.84549
RCHGF003521	459	201.723	48	4.99874
RCHGF003522	312	94.1581	27	6.02395
RCHGF003523	1029	758.054	296	8.20289
RCHGF003524	915	644.068	229	7.46929
RCHGF003525	153	23.3089	5	4.50634
RCHGF003526	678	407.4	32269	1663.95
RCHGF003527	165	26.3616	688	548.268
RCHGF003528	117	16.4558	93	118.724
RCHGF003529	132	18.7191	1335	1498.2
RCHGF003530	792	521.079	1486	59.9088
RCHGF003531	921	650.068	2711	87.6085
RCHGF003532	1053	782.054	754	20.254
RCHGF003533	1053	782.054	1221	32.7985
RCHGF003534	1272	1001.05	394	8.26826
RCHGF003535	870	599.068	394	13.8164
RCHGF003536	969	698.054	492	14.8065
RCHGF003537	348	117.201	393	70.443
RCHGF003538	672	401.473	894	46.7796
RCHGF003539	885	614.068	9277	317.371
RCHGF003540	738	467.127	465	20.9119
RCHGF003541	2253	1982.05	7764	82.2897
RCHGF003542	819	548.079	2033	77.9237
RCHGF003543	756	485.084	300	12.9921
RCHGF003544	1215	944.054	117	2.60354
RCHGF003545	1188	917.054	494	11.3164
RCHGF003546	750	479.103	171	7.49795
RCHGF003547	765	494.084	110	4.677
RCHGF003548	1005	734.054	459	13.1359
RCHGF003549	747	476.108	397	17.517
RCHGF003550	3216	2945.05	2067	14.7442
RCHGF003551	1074	803.054	953	24.9301
RCHGF003552	636	365.928	1153	66.1925
RCHGF003553	699	428.288	1347	66.0705
RCHGF003554	906	635.068	847	28.0181
RCHGF003555	744	473.108	405	17.9833
RCHGF003556	3213	2942.05	4694	33.5172
RCHGF003557	1077	806.054	1539	40.1097
RCHGF003558	1290	1019.05	1004	20.6972
RCHGF003559	885	614.068	490	16.7631
RCHGF003561	381	140.187	918	137.566
RCHGF003562	426	174.489	787	94.7509
RCHGF003563	960	689.054	1046	31.8899
RCHGF003564	1230	959.054	1947	42.648
RCHGF003565	819	548.079	2815	107.897
RCHGF003566	771	500.084	432	18.1475
RCHGF003567	471	211.884	387	38.3697
RCHGF003568	735	464.141	752	34.0364
RCHGF003569	414	165.136	1440	183.188
RCHGF003570	720	449.186	940	43.9619
RCHGF003571	852	581.068	2159	78.0551
RCHGF003572	897	626.068	7877	264.311
RCHGF003573	543	276.755	1225	92.9857
RCHGF003574	738	467.127	848	38.1361
RCHGF003575	396	151.321	1136	157.708
RCHGF003576	777	506.084	667	27.6872
RCHGF003577	723	452.168	598	27.7828
RCHGF003578	654	383.575	547	29.958
RCHGF003580	507	243.627	66146	5703.66
RCHGF003581	615	345.243	1615	98.2706
RCHGF003582	852	581.068	524	18.9444
RCHGF003583	1614	1343.05	1712	26.7785
RCHGF003584	393	149.12	127	17.8914
RCHGF003585	912	641.068	139	4.55498
RCHGF003586	816	545.079	90	3.46863
RCHGF003587	978	707.054	126	3.74363
RCHGF003588	297	85.5088	2456	603.383
RCHGF003589	168	27.3881	531	407.294
RCHGF003590	2145	1874.05	7912	88.691
RCHGF003591	216	46.2227	118	53.6293
RCHGF003592	210	43.5851	585	281.964
RCHGF003593	417	167.399	244	30.6204
RCHGF003594	546	279.532	581	43.6636
RCHGF003595	162	25.5151	9	7.41005
RCHGF003596	342	113.23	476	88.312
RCHGF003597	411	162.874	590	76.0982
RCHGF003598	177	30.3632	697	482.237
RCHGF003599	1296	1025.05	462	9.46827
RCHGF003600	816	545.079	134	5.16441
RCHGF003601	3666	3395.05	1104	6.83121
RCHGF003602	1287	1016.05	407	8.41498
RCHGF003603	228	50.8783	39	16.103
RCHGF003604	3075	2804.05	8202	61.4481
RCHGF003605	702	431.288	57	2.77641
RCHGF003606	225	49.6606	54	22.8432
RCHGF003607	543	276.755	53	4.02306
RCHGF003608	234	53.3482	34	13.3886
RCHGF003609	357	123.241	16	2.72735
RCHGF003610	222	48.6714	22	9.49563
RCHGF003611	897	626.068	466	15.6365
RCHGF003612	879	608.068	305	10.5372
RCHGF003613	1164	893.054	307	7.22164
RCHGF003614	159	24.7444	71	60.2777
RCHGF003615	483	222.43	1685	159.141
RCHGF003616	1629	1358.05	15900	245.955
RCHGF003617	357	123.241	3717	633.598
RCHGF003618	777	506.084	1809	75.0916
RCHGF003619	900	629.068	1881	62.8155
RCHGF003620	1071	800.054	9193	241.387
RCHGF003621	1080	809.054	5193	134.839
RCHGF003622	714	443.217	1512	71.6655
RCHGF003623	798	527.079	3252	129.613
RCHGF003624	267	68.6749	705	215.658
RCHGF003625	651	380.663	910	50.2199
RCHGF003626	723	452.168	1662	77.2158
RCHGF003627	1644	1373.05	8252	126.255
RCHGF003628	558	290.598	4363	315.404
RCHGF003629	132	18.7191	157	176.193
RCHGF003630	1863	1592.05	12242	161.536
RCHGF003631	2271	2000.05	15922	167.237
RCHGF003632	462	204.156	2931	301.599
RCHGF003633	1263	992.054	3108	65.8144
RCHGF003634	741	470.122	2821	126.057
RCHGF003635	600	330.733	351	22.2949
RCHGF003636	774	503.084	1868	78.0031
RCHGF003637	669	398.501	789	41.5932
RCHGF003638	1008	737.054	298	8.49361
RCHGF003639	201	39.7851	16	8.4484
RCHGF003640	1191	920.054	2065.97	47.1723
RCHGF003641	1560	1289.05	5369	87.4979
RCHGF003642	708	437.261	2049	98.441
RCHGF003643	711	440.226	854	40.7528
RCHGF003644	336	109.359	713	136.965
RCHGF003645	144	20.8987	22	22.1146
RCHGF003646	537	271.169	682	52.8347
RCHGF003647	882	611.068	4171	143.392
RCHGF003648	153	23.3089	50	45.0634
RCHGF003649	960	689.054	180.526	5.5038
RCHGF003650	702	431.288	6793	330.88
RCHGF003651	510	246.321	435	37.099
RCHGF003652	201	39.7851	135	71.2834
RCHGF003653	180	31.302	1088	730.183
RCHGF003654	2013	1742.05	6902	83.2317
RCHGF003655	234	53.3482	59	23.2331
RCHGF003656	1608	1337.05	2124	33.3719
RCHGF003657	594	324.937	2917	188.587
RCHGF003658	834	563.073	761	28.3919
RCHGF003659	246	58.6699	184	65.8837
RCHGF003660	747	476.108	682	30.0922
RCHGF003661	774	503.084	1108	46.2673
RCHGF003662	327	103.546	35	7.10085
RCHGF003663	147	21.6915	0	0
RCHGF003664	960	689.054	309.474	9.43508
RCHGF003665	2556	2285.05	16519	151.867
RCHGF003666	171	28.3616	11	8.14774
RCHGF003667	639	368.914	224	12.7555
RCHGF003668	612	342.329	294	18.0418
RCHGF003669	1362	1091.05	1655	31.866
RCHGF003670	270	70.194	232	69.4326
RCHGF003671	570	301.924	782	54.4108
RCHGF003672	567	299.114	164	11.5181
RCHGF003673	894	623.068	330	11.1264
RCHGF003674	231	52.0562	818	330.108
RCHGF003676	843	572.068	1390	51.0438
RCHGF003677	300	87.2411	181	43.5846
RCHGF003678	1596	1325.05	3509	55.6321
RCHGF003679	723	452.168	975	45.2981
RCHGF003680	3024	2753.05	6354	48.485
RCHGF003681	1128	857.054	1734	42.5027
RCHGF003682	765	494.084	14616	621.445
RCHGF003683	834	563.073	573	21.3779
RCHGF003684	678	407.4	297	15.3148
RCHGF003685	1032	761.054	240	6.62477
RCHGF003687	462	204.156	1769	182.029
RCHGF003688	687	416.368	504	25.429
RCHGF003689	885	614.068	1020	34.8947
RCHGF003690	1038	767.054	1526	41.793
RCHGF003691	360	125.294	304	50.9704
RCHGF003692	663	392.509	2711	145.096
RCHGF003693	1479	1208.05	4942	85.9393
RCHGF003694	624	354.134	1571	93.1932
RCHGF003695	495	232.941	135	12.1749
RCHGF003696	777	506.084	710	29.4721
RCHGF003697	471	211.884	625	61.9665
RCHGF003698	2109	1838.05	1685	19.2583
RCHGF003699	225	49.6606	202	85.4506
RCHGF003700	1329	1058.05	27638	548.749
RCHGF003701	267	68.6749	28	8.56515
RCHGF003702	627	357.102	1541	90.6538
RCHGF003703	138	19.8198	50	52.9963
RCHGF003704	1662	1391.05	1865	28.165
RCHGF003705	117	16.4558	86	109.788
RCHGF003706	249	60.0938	37	12.9344
RCHGF003707	318	97.8705	76	16.3131
RCHGF003708	297	85.5088	9	2.21109
RCHGF003709	498	235.649	76	6.77522
RCHGF003710	861	590.068	66	2.34973
RCHGF003711	954	683.068	152	4.67472
RCHGF003712	270	70.194	5	1.49639
RCHGF003713	624	354.134	60	3.55926
RCHGF003714	1026	755.054	114	3.17177
RCHGF003715	1632	1361.05	216	3.33391
RCHGF003716	393	149.12	26	3.6628
RCHGF003717	768	497.084	261	11.0303
RCHGF003718	1014	743.054	831	23.4939
RCHGF003719	198	38.397	0	0
RCHGF003720	495	232.941	655	59.0706
RCHGF003721	255	62.9513	168	56.0635
RCHGF003722	213	44.9249	313	146.363
RCHGF003723	369	131.706	352	56.1453
RCHGF003724	408	160.549	87	11.3838
RCHGF003725	306	90.7763	173	40.0359
RCHGF003726	168	27.3881	23	17.6417
RCHGF003727	579	310.448	4026	272.434
RCHGF003728	657	386.56	2153	117.005
RCHGF003729	516	251.923	737	61.4576
RCHGF003730	1500	1229.05	9597	164.036
RCHGF003731	1290	1019.05	8568	176.627
RCHGF003732	1128	857.054	835	20.467
RCHGF003733	177	30.3632	26	17.9888
RCHGF003734	303	88.9618	107	25.2671
RCHGF003735	759	488.084	225	9.68419
RCHGF003736	177	30.3632	41	28.3669
RCHGF003737	546	279.532	39	2.93095
RCHGF003738	1065	794.054	3215	85.0563
RCHGF003739	114	16.0025	23	30.1937
RCHGF003740	894	623.068	831	28.0183
RCHGF003741	2622	2351.05	7748	69.2313
RCHGF003742	567	299.114	769	54.0088
RCHGF003744	717	446.191	14591	686.973
RCHGF003745	624	354.134	2057	122.023
RCHGF003746	579	310.448	407	27.5411
RCHGF003747	288	80.305	100	26.1597
RCHGF003748	282	76.8512	96	26.2419
RCHGF003749	117	16.4558	127	162.129
RCHGF003750	270	70.194	178	53.2716
RCHGF003751	174	29.4144	17	12.1413
RCHGF003752	288	80.305	503	131.583
RCHGF003753	588	319.173	8498	559.327
RCHGF003754	2322	2051.05	24841	254.429
RCHGF003755	1275	1004.05	14722	308.024
RCHGF003756	720	449.186	5301	247.917
RCHGF003757	129	18.3611	39	44.6213
RCHGF003758	1581	1310.05	1182	18.9541
RCHGF003759	114	16.0025	5	6.56385
RCHGF003760	1590	1319.05	1249	19.8919
RCHGF003761	1689	1418.05	236	3.49619
RCHGF003762	675	404.441	110	5.71364
RCHGF003763	237	54.7419	350	134.315
RCHGF003764	534	268.487	19179	1500.64
RCHGF003765	417	167.399	661	82.9512
RCHGF003766	4101	3830.05	402	2.20494
RCHGF003767	147	21.6915	4	3.87388
RCHGF003768	927	656.068	2230	71.4055
RCHGF003769	972	701.054	9606	287.85
RCHGF003770	1851	1580.05	38400	510.546
RCHGF003771	1155	884.054	893147	21223.6
RCHGF003772	699	428.288	2665	130.719
RCHGF003773	351	119.189	429	75.6131
RCHGF003774	1881	1610.05	3710	48.4071
RCHGF003775	918	647.068	788	25.583
RCHGF003776	153	23.3089	21	18.9266
RCHGF003777	849	578.068	1294	47.0252
RCHGF003778	1461	1190.05	2045	36.0996
RCHGF003779	939	668.068	623	19.5904
RCHGF003780	357	123.241	18	3.06827
RCHGF003781	618	348.211	7321	441.675
RCHGF003782	1251	980.054	365	7.82381
RCHGF003783	174	29.4144	0	0
RCHGF003784	774	503.084	356	14.8657
RCHGF003785	159	24.7444	51	43.2981
RCHGF003786	435	181.805	82	9.47507
RCHGF003787	129	18.3611	0	0
RCHGF003788	1065	794.054	684	18.096
RCHGF003789	120	17.1069	19	23.3323
RCHGF003790	573	304.701	106	7.30815
RCHGF003791	2055	1784.05	456	5.36948
RCHGF003792	1716	1445.05	296	4.30312
RCHGF003793	681	410.392	462	23.6493
RCHGF003794	1545	1274.05	655	10.8001
RCHGF003795	1500	1229.05	126	2.15365
RCHGF003796	669	398.501	56	2.95212
RCHGF003797	447	191.639	50	5.48102
RCHGF003798	1107	836.054	5769	144.958
RCHGF003799	132	18.7191	8	8.97799
RCHGF003800	219	47.483	121	53.5332
RCHGF003801	411	162.874	76	9.80248
RCHGF003802	360	125.294	59	9.89228
RCHGF003803	1905	1634.05	929	11.9433
RCHGF003804	639	368.914	146	8.31388
RCHGF003805	123	17.6285	84	100.101
RCHGF003806	828	557.073	459	17.3091
RCHGF003807	111	15.3984	4	5.45707
RCHGF003808	804	533.079	931	36.6888
RCHGF003809	486	225.091	2669	249.095
RCHGF003810	750	479.103	8088	354.64
RCHGF003811	843	572.068	361	13.2567
RCHGF003812	498	235.649	151	13.4613
RCHGF003813	846	575.068	203	7.4157
RCHGF003814	645	374.754	214	11.9962
RCHGF003815	1338	1067.05	386	7.59935
RCHGF003816	459	201.723	280	29.1593
RCHGF003817	489	227.639	168	15.5038
RCHGF003818	900	629.068	250	8.34868
RCHGF003819	504	240.907	1339	116.763
RCHGF003820	117	16.4558	23	29.3619
RCHGF003821	450	194.23	30	3.24475
RCHGF003822	876	605.068	25	0.867983
RCHGF003823	207	42.3069	1	0.496551
RCHGF003824	246	58.6699	7	2.50645
RCHGF003825	333	107.352	40	7.82754
RCHGF003826	114	16.0025	19	24.9426
RCHGF003827	1269	998.054	2105	44.3071
RCHGF003828	432	179.391	342	40.0499
RCHGF003829	489	227.639	44	4.06051
RCHGF003830	1824	1553.05	2199	29.745
RCHGF003832	129	18.3611	140	160.179
RCHGF003833	858	587.068	507	18.1424
RCHGF003834	426	174.489	445	53.5758
RCHGF003835	315	96.0119	151	33.039
RCHGF003836	579	310.448	149	10.0826
RCHGF003837	1113	842.054	1199	29.9126
RCHGF003838	1935	1664.05	2322	29.3137
RCHGF003839	2262	1991.05	4049	42.7209
RCHGF003840	120	17.1069	29	35.6125
RCHGF003841	423	172.078	62	7.56905
RCHGF003842	1518	1247.05	277	4.66627
RCHGF003843	129	18.3611	6	6.86482
RCHGF003844	618	348.211	478	28.8377
RCHGF003845	471	211.884	84	8.3283
RCHGF003846	129	18.3611	9	10.2972
RCHGF003847	447	191.639	867	95.041
RCHGF003848	462	204.156	282	29.0177
RCHGF003849	1941	1670.05	1548	19.4722
RCHGF003850	2631	2360.05	17079	152.025
RCHGF003851	138	19.8198	6	6.35956
RCHGF003852	906	635.068	625	20.6745
RCHGF003853	177	30.3632	4	2.7675
RCHGF003854	846	575.068	822	30.0281
RCHGF003855	1272	1001.05	8128	170.57
RCHGF003856	351	119.189	1393	245.522
RCHGF003857	453	196.644	6880	734.994
RCHGF003858	228	50.8783	334	137.908
RCHGF003859	1068	797.054	1505	39.6665
RCHGF003860	558	290.598	9320	673.749
RCHGF003861	291	82.1352	34	8.69611
RCHGF003862	915	644.068	79	2.57674
RCHGF003863	177	30.3632	1	0.691876
RCHGF003864	291	82.1352	9	2.30191
RCHGF003865	300	87.2411	18	4.33438
RCHGF003866	252	61.4857	6	2.04999
RCHGF003867	4215	3944.05	668	3.55802
RCHGF003868	522	257.325	43	3.51044
RCHGF003869	996	725.054	96	2.78148
RCHGF003870	564	296.291	293	20.7742
RCHGF003871	330	105.339	89	17.7491
RCHGF003872	1326	1055.05	372	7.40702
RCHGF003873	1032	761.054	536	14.7953
RCHGF003874	162	25.5151	0	0
RCHGF003875	681	410.392	1742	89.1711
RCHGF003876	2007	1736.05	1416	17.1347
RCHGF003877	648	377.72	263	14.6272
RCHGF003878	978	707.054	306	9.09168
RCHGF003879	861	590.068	486	17.3025
RCHGF003880	318	97.8705	349	74.9116
RCHGF003881	1332	1061.05	757	14.9877
RCHGF003882	2571	2300.05	6948	63.4596
RCHGF003883	117	16.4558	69	88.0858
RCHGF003884	1095	824.054	8992	229.232
RCHGF003885	1254	983.054	4472	95.5652
RCHGF003886	1419	1148.05	5632	103.057
RCHGF003887	1797	1526.05	4203	57.8582
RCHGF003888	98	12.9022	4	6.51285
RCHGF003891	2625	2354.05	4511	40.2561
RCHGF003892	255	62.9513	2008	670.092
RCHGF003893	411	162.874	950	122.531
RCHGF003894	258	64.2978	171	55.8696
RCHGF003895	1056	785.054	1345	35.9913
RCHGF003896	630	360.044	1691	98.665
RCHGF003897	477	217.152	35236	3408.77
RCHGF003898	462	204.156	102	10.4958
RCHGF003899	1965	1694.05	395	4.8983
RCHGF003900	957	686.054	3020	92.4749
RCHGF003901	1200	929.054	2978	67.3378
RCHGF003902	498	235.649	1631	145.4
RCHGF003903	297	85.5088	407	99.9905
RCHGF003904	651	380.663	3073	169.589
RCHGF003905	2928	2657.05	5281	41.7533
RCHGF003906	969	698.054	1680	50.5587
RCHGF003907	312	94.1581	224	49.9765
RCHGF003908	1191	920.054	7374	168.37
RCHGF003909	948	677.068	8939	277.353
RCHGF003910	2499	2228.05	1838	17.3299
RCHGF003911	1692	1421.05	1076	15.9066
RCHGF003912	1398	1127.05	2072	38.6207
RCHGF003913	3078	2807.05	2579	19.3008
RCHGF003914	486	225.091	260	24.2655
RCHGF003915	132	18.7191	288	323.208
RCHGF003917	309	92.4717	5503	1250.16
RCHGF003918	312	94.1581	4154	926.796
RCHGF003919	282	76.8512	4035	1102.98
RCHGF003920	1287	1016.05	4553	94.1361
RCHGF003921	426	174.489	1112	133.879
RCHGF003922	1071	800.054	406	10.6606
RCHGF003923	750	479.103	101	4.42861
RCHGF003924	567	299.114	90	6.32093
RCHGF003925	762	491.084	2366	101.213
RCHGF003926	582	313.341	833	55.8474
RCHGF003927	636	365.928	701	40.2437
RCHGF003928	1011	740.054	3082	87.4872
RCHGF003929	351	119.189	3654	644.033
RCHGF003930	660	389.525	1242	66.9826
RCHGF003931	1302	1031.05	5435	110.737
RCHGF003932	288	80.305	1279	334.583
RCHGF003933	2289	2018.05	12615	131.32
RCHGF003934	1605	1334.05	889	13.9992
RCHGF003935	513	249.048	2310	194.852
RCHGF003936	2199	1928.05	7933	86.4358
RCHGF003937	498	235.649	192	17.1163
RCHGF003938	120	17.1069	76	93.3293
RCHGF003939	426	174.489	233	28.052
RCHGF003940	123	17.6285	111	132.277
RCHGF003941	117	16.4558	21	26.8087
RCHGF003942	471	211.884	101	10.0138
RCHGF003943	789	518.079	718	29.1141
RCHGF003944	489	227.639	584	53.8941
RCHGF003945	576	307.532	482	32.9255
RCHGF003946	1104	833.054	1659	41.8358
RCHGF003947	936	665.068	2013	63.5848
RCHGF003948	507	243.627	30919	2666.1
RCHGF003949	465	206.753	559	56.7984
RCHGF003950	1698	1427.05	4666	68.6878
RCHGF003951	255	62.9513	136	45.3847
RCHGF003952	291	82.1352	702	179.549
RCHGF003953	1863	1592.05	9504	125.408
RCHGF003954	336	109.359	2208	424.149
RCHGF003955	153	23.3089	192	173.043
RCHGF003956	630	360.044	1008	58.8139
RCHGF003957	1074	803.054	2573	67.3086
RCHGF003958	930	659.068	380	12.1124
RCHGF003959	1125	854.054	340	8.36313
RCHGF003960	1200	929.054	585	13.2279
RCHGF003961	2361	2090.05	4243	42.6472
RCHGF003962	1551	1280.05	1207	19.8086
RCHGF003963	936	665.068	1997	63.0794
RCHGF003964	150	22.4813	8937	8351.13
RCHGF003965	273	71.8447	906	264.916
RCHGF003966	450	194.23	364	39.3696
RCHGF003967	417	167.399	454	56.9741
RCHGF003968	669	398.501	624	32.895
RCHGF003969	858	587.068	427	15.2797
RCHGF003970	609	339.407	2857	176.834
RCHGF003971	1929	1658.05	2148	27.2152
RCHGF003972	2493	2222.05	5091	48.1309
RCHGF003973	1257	986.054	1624	34.5988
RCHGF003974	1788	1517.05	4562	63.1727
RCHGF003975	2178	1907.05	6014	66.2485
RCHGF003976	417	167.399	550	69.0214
RCHGF003977	513	249.048	308	25.9802
RCHGF003978	522	257.325	317	25.8793
RCHGF003979	708	437.261	70	3.36304
RCHGF003980	441	186.821	395	44.4167
RCHGF003981	996	725.054	819	23.7295
RCHGF003982	351	119.189	161	28.3769
RCHGF003983	1374	1103.05	2827	53.8399
RCHGF003984	138	19.8198	96	101.753
RCHGF003985	279	75.1944	19642	5487.51
RCHGF003986	735	464.141	304	13.7594
RCHGF003987	546	279.532	418	31.4137
RCHGF003988	981	710.054	15824	468.166
RCHGF003989	570	301.924	4591	319.437
RCHGF003990	510	246.321	4963	423.27
RCHGF003991	327	103.546	1826	370.462
RCHGF003992	735	464.141	6195	280.393
RCHGF003993	756	485.084	1831	79.2952
RCHGF003994	783	512.084	768	31.5061
RCHGF003995	1323	1052.05	3150	62.8996
RCHGF003996	1458	1187.05	7050	124.765
RCHGF003997	894	623.068	2177	73.4004
RCHGF003998	795	524.079	6419	257.304
RCHGF003999	198	38.397	74	40.4865
RCHGF004000	924	653.068	3096	99.5905
RCHGF004001	984	713.054	4672	137.644
RCHGF004002	678	407.4	2280	117.568
RCHGF004003	1218	947.054	2199	48.7782
RCHGF004004	378	138.084	259.165	39.4285
RCHGF004005	486	225.091	1450	135.327
RCHGF004006	288	80.305	2446	639.867
RCHGF004007	594	324.937	1008	65.1684
RCHGF004008	948	677.068	507	15.7308
RCHGF004009	939	668.068	870	27.3574
RCHGF004010	1245	974.054	1499	32.3291
RCHGF004011	759	488.084	124	5.33706
RCHGF004012	636	365.928	187	10.7355
RCHGF004013	1686	1415.05	5027	74.6296
RCHGF004014	465	206.753	2843	288.869
RCHGF004015	360	125.294	226	37.8925
RCHGF004016	408	160.549	246	32.1886
RCHGF004017	897	626.068	1024	34.3601
RCHGF004018	738	467.127	1779	80.0049
RCHGF004019	312	94.1581	14	3.12353
RCHGF004020	1380	1109.05	5670	107.4
RCHGF004021	1764	1493.05	10977	154.448
RCHGF004022	1194	923.054	6398	145.61
RCHGF004023	660	389.525	3619	195.177
RCHGF004024	510	246.321	477	40.681
RCHGF004025	909	638.068	1895	62.3904
RCHGF004027	147	21.6915	177	171.419
RCHGF004028	879	608.068	1423	49.1619
RCHGF004029	528	262.873	1222	97.6566
RCHGF004030	1062	791.054	4701	124.842
RCHGF004031	2070	1799.05	3698	43.1815
RCHGF004032	609	339.407	1495	92.5328
RCHGF004033	462	204.156	209	21.506
RCHGF004034	993	722.054	40	1.16377
RCHGF004035	951	680.068	29	0.895821
RCHGF004036	297	85.5088	0	0
RCHGF004037	351	119.189	3	0.528763
RCHGF004038	162	25.5151	0	0
RCHGF004039	417	167.399	10	1.25494
RCHGF004040	435	181.805	7	0.808847
RCHGF004041	327	103.546	527	106.919
RCHGF004042	561	293.395	9554	684.082
RCHGF004043	972	701.054	1758	52.6796
RCHGF004044	654	383.575	2316	126.842
RCHGF004045	1308	1037.05	6643	134.567
RCHGF004046	999	728.054	3469	100.096
RCHGF004047	1590	1319.05	3296	52.4928
RCHGF004048	180	31.302	65	43.6231
RCHGF004049	1476	1205.05	59207	1032.15
RCHGF004050	282	76.8512	82360	22513.4
RCHGF004051	702	431.288	2151	104.773
RCHGF004052	1200	929.054	440	9.94917
RCHGF004053	303	88.9618	706	166.716
RCHGF004054	399	153.628	151	20.6482
RCHGF004055	438	184.312	148	16.8688
RCHGF004056	357	123.241	313	53.3538
RCHGF004057	339	111.201	132	24.9369
RCHGF004058	738	467.127	764	34.3585
RCHGF004059	1332	1061.05	1884	37.3009
RCHGF004060	705	434.279	2186	105.744
RCHGF004061	1428	1157.05	5155	93.5945
RCHGF004062	1599	1328.05	2573	40.7005
RCHGF004063	570	301.924	1869	130.043
RCHGF004064	1254	983.054	2303	49.2144
RCHGF004065	1299	1028.05	7731	157.977
RCHGF004066	834	563.073	2690	100.36
RCHGF004067	921	650.068	2544	82.2117
RCHGF004068	660	389.525	2464	132.887
RCHGF004069	621	351.19	683	40.8558
RCHGF004070	1179	908.054	4194	97.0269
RCHGF004071	831	560.073	1285	48.1985
RCHGF004072	999	728.054	15004	432.931
RCHGF004073	1659	1388.05	4507	68.2113
RCHGF004074	777	506.084	2739	113.696
RCHGF004075	1875	1604.05	4625	60.5715
RCHGF004076	840	569.068	1540	56.8502
RCHGF004077	210	43.5851	35	16.8696
RCHGF004078	1326	1055.05	3285	65.4088
RCHGF004079	375	135.977	839	129.62
RCHGF004080	900	629.068	1821	60.8118
RCHGF004081	327	103.546	29462	5977.29
RCHGF004082	555	287.809	3406	248.609
RCHGF004083	1374	1103.05	3882	73.9323
RCHGF004084	942	671.068	2015	63.0789
RCHGF004085	828	557.073	1134	42.7638
RCHGF004086	951	680.068	658	20.3259
RCHGF004087	576	307.532	329	22.474
RCHGF004088	114	16.0025	7	9.18939
RCHGF004089	792	521.079	1463	58.9815
RCHGF004090	930	659.068	1416	45.1345
RCHGF004091	921	650.068	172	5.55834
RCHGF004092	900	629.068	191	6.37839
RCHGF004093	438	184.312	374	42.6278
RCHGF004094	426	174.489	226	27.2093
RCHGF004095	150	22.4813	36	33.64
RCHGF004096	1743	1472.05	5719	81.6153
RCHGF004097	1335	1064.05	2383	47.0474
RCHGF004099	735	464.141	6980	315.923
RCHGF004101	642	371.836	10	0.564969
RCHGF004102	201	39.7851	0	0
RCHGF004103	177	30.3632	1	0.691876
RCHGF004104	1191	920.054	1728.61	39.4692
RCHGF004105	123	17.6285	46	54.8174
RCHGF004106	1626	1355.05	550	8.52671
RCHGF004107	822	551.079	116	4.42201
RCHGF004108	831	560.073	189	7.08912
RCHGF004109	4233	3962.05	1490	7.90026
RCHGF004110	450	194.23	23	2.48764
RCHGF004111	171	28.3616	68	50.3679
RCHGF004112	132	18.7191	38	42.6455
RCHGF004113	489	227.639	231	21.3177
RCHGF004114	879	608.068	287	9.91529
RCHGF004115	2790	2519.05	732	6.10448
RCHGF004116	132	18.7191	0	0
RCHGF004117	432	179.391	10	1.17105
RCHGF004118	492	230.297	18	1.64195
RCHGF004119	774	503.084	99	4.134
RCHGF004120	816	545.079	175	6.74457
RCHGF004121	1680	1409.05	2831	42.2073
RCHGF004122	795	524.079	260	10.422
RCHGF004123	636	365.928	334	19.1746
RCHGF004125	1497	1226.05	11527	197.507
RCHGF004126	1089	818.054	145	3.72359
RCHGF004127	300	87.2411	29	6.98317
RCHGF004128	666	395.501	90	4.78046
RCHGF004129	810	539.079	159	6.19612
RCHGF004130	1371	1100.05	311	5.93912
RCHGF004131	1440	1169.05	209	3.75567
RCHGF004132	1437	1166.05	170	3.06271
RCHGF004133	1383	1112.05	87	1.6435
RCHGF004134	837	566.073	65	2.41221
RCHGF004135	438	184.312	45	5.12901
RCHGF004136	123	17.6285	12	14.3002
RCHGF004137	915	644.068	2332	76.0628
RCHGF004138	885	614.068	1541	52.7183
RCHGF004139	1014	743.054	244	6.89834
RCHGF004140	1158	887.054	566	13.4042
RCHGF004141	306	90.7763	141	32.6304
RCHGF004142	237	54.7419	218	83.6589
RCHGF004143	642	371.836	106	5.98867
RCHGF004144	807	536.079	45	1.76343
RCHGF004145	762	491.084	43	1.83945
RCHGF004146	462	204.156	19	1.95509
RCHGF004147	417	167.399	14	1.75691
RCHGF004148	2715	2444.05	153	1.31509
RCHGF004149	966	695.054	36	1.08808
RCHGF004150	804	533.079	21	0.827567
RCHGF004151	1179	908.054	40	0.925388
RCHGF004152	861	590.068	59	2.10051
RCHGF004153	123	17.6285	11	13.1085
RCHGF004154	147	21.6915	4	3.87388
RCHGF004155	183	32.483	19	12.2878
RCHGF004156	636	365.928	68	3.90381
RCHGF004157	945	674.068	153	4.7683
RCHGF004158	780	509.084	200	8.25308
RCHGF004159	999	728.054	1242	35.8371
RCHGF004160	687	416.368	991	50.0003
RCHGF004161	657	386.56	564	30.6505
RCHGF004162	1809	1538.05	1645	22.4683
RCHGF004163	1176	905.054	607	14.0893
RCHGF004164	1455	1184.05	3860	68.4843
RCHGF004165	636	365.928	426	24.4562
RCHGF004166	258	64.2978	272	88.8686
RCHGF004167	345	115.198	303	55.2553
RCHGF004168	597	327.871	792	50.7454
RCHGF004169	6609	6338.05	2789	9.24417
RCHGF004170	438	184.312	33	3.76128
RCHGF004171	840	569.068	26	0.959809
RCHGF004172	297	85.5088	2	0.491354
RCHGF004173	1464	1193.05	253	4.45488
RCHGF004174	780	509.084	51	2.10453
RCHGF004175	1092	821.054	47	1.20255
RCHGF004176	2604	2333.05	149	1.34164
RCHGF004177	750	479.103	37	1.62236
RCHGF004178	159	24.7444	35	29.7144
RCHGF004179	708	437.261	269	12.9237
RCHGF004180	636	365.928	161	9.24284
RCHGF004181	450	194.23	340	36.7738
RCHGF004182	165	26.3616	79	62.9552
RCHGF004183	777	506.084	262	10.8756
RCHGF004184	111	15.3984	7	9.54987
RCHGF004185	1401	1130.05	5251	97.6154
RCHGF004186	756	485.084	1014	43.9133
RCHGF004187	798	527.079	1934	77.0826
RCHGF004188	858	587.068	888	31.7761
RCHGF004189	825	554.079	848	32.1514
RCHGF004190	1317	1046.05	146	2.93207
RCHGF004191	1437	1166.05	226	4.0716
RCHGF004192	1848	1577.05	306	4.07615
RCHGF004193	837	566.073	161	5.97487
RCHGF004194	435	181.805	268	30.9673
RCHGF004195	2508	2237.05	405	3.80324
RCHGF004196	1329	1058.05	658	13.0645
RCHGF004197	120	17.1069	24	29.4724
RCHGF004198	1590	1319.05	1572	25.036
RCHGF004199	708	437.261	93	4.46804
RCHGF004200	1215	944.054	833	18.5363
RCHGF004201	522	257.325	167	13.6336
RCHGF004202	699	428.288	7159	351.15
RCHGF004203	579	310.448	215	14.5487
RCHGF004204	1176	905.054	1082	25.1147
RCHGF004205	984	713.054	622	18.325
RCHGF004206	1164	893.054	2069	48.6696
RCHGF004207	363	127.443	5760	949.472
RCHGF004208	957	686.054	22244	681.13
RCHGF004209	396	151.321	10971	1523.08
RCHGF004210	363	127.443	3071	506.22
RCHGF004211	114	16.0025	4805	6307.86
RCHGF004212	771	500.084	8638	362.865
RCHGF004213	645	374.754	14110	790.964
RCHGF004214	1302	1031.05	28239	575.365
RCHGF004215	438	184.312	4046	461.155
RCHGF004216	510	246.321	8334	710.767
RCHGF004217	354	121.171	6849	1187.42
RCHGF004218	543	276.755	12223	927.808
RCHGF004219	393	149.12	20497	2887.56
RCHGF004220	537	271.169	16819	1302.97
RCHGF004221	321	99.6889	4786	1008.56
RCHGF004222	366	129.533	5607	909.342
RCHGF004223	258	64.2978	3836	1253.31
RCHGF004224	198	38.397	1752	958.545
RCHGF004225	414	165.136	9765	1242.24
RCHGF004226	789	518.079	23474	951.846
RCHGF004227	333	107.352	1390	272.007
RCHGF004228	276	73.5352	2908	830.758
RCHGF004229	831	560.073	15756	590.985
RCHGF004230	294	83.8182	7459	1869.47
RCHGF004231	627	357.102	9301	547.158
RCHGF004232	684	413.38	17741	901.58
RCHGF004233	726	455.159	216	9.96932
RCHGF004234	738	467.127	186	8.36476
RCHGF004235	996	725.054	319	9.24263
RCHGF004236	765	494.084	153	6.50528
RCHGF004238	309	92.4717	485	110.181
RCHGF004239	216	46.2227	354	160.888
RCHGF004240	1182	911.054	107746	2484.46
RCHGF004241	2076	1805.05	48812	568.083
RCHGF004242	468	209.298	7410	743.754
RCHGF004243	420	169.728	16761	2074.54
RCHGF004244	810	539.079	776	30.2402
RCHGF004245	1350	1079.05	804	15.6527
RCHGF004247	543	276.755	1355	102.854
RCHGF004248	189	34.788	3204	1934.81
RCHGF004249	279	75.1944	10841	3028.72
RCHGF004250	450	194.23	281	30.3925
RCHGF004251	807	536.079	1505	58.9771
RCHGF004252	432	179.391	502	58.7867
RCHGF004253	153	23.3089	1	0.901267
RCHGF004254	234	53.3482	5194	2045.3
RCHGF004255	369	131.706	2596	414.072
RCHGF004256	1287	1016.05	18005	372.265
RCHGF004257	120	17.1069	79	97.0134
RCHGF004258	192	35.9873	67295	39283.4
RCHGF004259	402	155.913	25715	3464.8
RCHGF004260	918	647.068	697.675	22.6506
RCHGF004261	462	204.156	302.9	31.1683
RCHGF004262	120	17.1069	50	61.4009
RCHGF004263	330	105.339	84	16.7519
RCHGF004264	1041	770.054	326	8.89348
RCHGF004265	708	437.261	123	5.90934
RCHGF004266	1917	1646.05	488	6.22804
RCHGF004267	702	431.288	128	6.23474
RCHGF004268	3519	3248.05	668	4.32045
RCHGF004269	366	129.533	59	9.5686
RCHGF004270	609	339.407	168	10.3983
RCHGF004271	480	219.757	46	4.39733
RCHGF004272	318	97.8705	21	4.50757
RCHGF004273	360	125.294	12	2.01199
RCHGF004274	267	68.6749	31	9.48285
RCHGF004275	1683	1412.05	467	6.9477
RCHGF004276	570	301.924	58	4.03558
RCHGF004277	1212	941.054	236	5.26833
RCHGF004278	1734	1463.05	351	5.0399
RCHGF004279	390	146.848	48	6.86672
RCHGF004280	249	60.0938	56	19.5764
RCHGF004281	291	82.1352	39	9.97494
RCHGF004282	144	20.8987	43	43.224
RCHGF004283	306	90.7763	58	13.4224
RCHGF004284	207	42.3069	19	9.43447
RCHGF004285	396	151.321	142	19.7135
RCHGF004286	219	47.483	9	3.9818
RCHGF004287	852	581.068	276	9.97833
RCHGF004288	219	47.483	26	11.503
RCHGF004289	585	316.256	76	5.04836
RCHGF004290	261	65.5786	5	1.60171
RCHGF004291	204	41.0657	7	3.58092
RCHGF004292	456	199.23	52	5.48307
RCHGF004293	1383	1112.05	325	6.1395
RCHGF004294	894	623.068	139	4.68657
RCHGF004295	315	96.0119	82	17.9417
RCHGF004296	156	24.0812	25	21.8091
RCHGF004297	906	635.068	291	9.62605
RCHGF004298	540	274.011	196	15.0267
RCHGF004299	255	62.9513	27	9.01021
RCHGF004300	123	17.6285	104	123.935
RCHGF004301	189	34.788	102	61.5951
RCHGF004302	171	28.3616	603	446.644
RCHGF004303	177	30.3632	43	29.7507
RCHGF004304	168	27.3881	108	82.8395
RCHGF004305	303	88.9618	2865	676.544
RCHGF004306	390	146.848	493	70.527
RCHGF004307	918	647.068	6468	209.989
RCHGF004308	1407	1136.05	772	14.2756
