-e target_id	length	eff_length	Monoculture_Clostridium_HGF2_Early_Replicate_1_HGF2_counts	tpm
RCHGF000001	708	471.594	1314	52.498
RCHGF000002	762	525.49	1613	57.8343
RCHGF000003	780	543.49	2524	87.5011
RCHGF000004	882	645.425	2236	65.2742
RCHGF000005	903	666.418	1412	39.9212
RCHGF000006	1215	978.418	955	18.3905
RCHGF000007	855	618.439	1720	52.4019
RCHGF000008	561	325.835	548	31.6883
RCHGF000009	522	287.695	739	48.398
RCHGF000010	447	215.781	498	43.4841
RCHGF000011	714	477.584	439	17.3193
RCHGF000012	1449	1212.42	2145	33.3342
RCHGF000013	144	17.8109	95	100.497
RCHGF000014	639	402.9	262	12.2524
RCHGF000015	480	247.113	101	7.70091
RCHGF000016	744	507.512	201	7.46217
RCHGF000017	849	612.439	294	9.04482
RCHGF000018	387	161.082	33	3.85996
RCHGF000020	519	284.788	307	20.311
RCHGF000021	156	21.0612	77	68.8848
RCHGF000022	918	681.418	3373	93.2649
RCHGF000023	1470	1233.42	3516	53.7099
RCHGF000024	948	711.418	4525	119.842
RCHGF000025	2820	2583.42	7659	55.859
RCHGF000026	528	293.52	176	11.2977
RCHGF000027	480	247.113	236	17.9942
RCHGF000028	747	510.512	407	15.0212
RCHGF000029	852	615.439	4195	128.429
RCHGF000030	852	615.439	3075	94.1403
RCHGF000031	2136	1899.42	3739	37.0895
RCHGF000032	114	11.0875	107	181.829
RCHGF000033	1155	918.418	892	18.2995
RCHGF000034	2412	2175.42	11168	96.7271
RCHGF000035	642	405.86	128	5.94223
RCHGF000036	945	708.418	6831	181.681
RCHGF000037	399	171.8	2298	252.024
RCHGF000038	1875	1638.42	1918	22.0566
RCHGF000039	699	462.625	1274	51.8867
RCHGF000040	2544	2307.42	14052	114.743
RCHGF000041	1098	861.418	4695	102.692
RCHGF000042	2586	2349.42	11534	92.4986
RCHGF000043	3450	3213.42	68229	400.053
RCHGF000044	390	163.733	2102	241.887
RCHGF000045	834	597.439	17129	540.199
RCHGF000046	816	579.446	2690	87.4692
RCHGF000047	1971	1734.42	53514	581.339
RCHGF000048	813	576.452	90987	2973.94
RCHGF000049	1026	789.418	2696	64.347
RCHGF000050	1857	1620.42	3260	37.9058
RCHGF000051	1692	1455.42	3348	43.3424
RCHGF000052	126	13.4892	24	33.5227
RCHGF000053	165	23.6426	43	34.268
RCHGF000054	135	15.4266	4625	5648.8
RCHGF000055	447	215.781	669	58.4154
RCHGF000056	126	13.4892	9	12.571
RCHGF000057	408	179.934	334	34.9742
RCHGF000058	639	402.9	1467	68.6038
RCHGF000059	933	696.418	1134	30.6802
RCHGF000060	675	438.72	567	24.3507
RCHGF000061	744	507.512	247	9.16993
RCHGF000062	1182	945.418	4305	85.7956
RCHGF000063	1974	1737.42	5704	61.8573
RCHGF000064	1479	1242.42	1709	25.9173
RCHGF000065	900	663.418	2662	75.6025
RCHGF000066	687	450.661	1874	78.3494
RCHGF000067	1395	1158.42	2180	35.4574
RCHGF000068	894	657.418	1467	42.044
RCHGF000069	687	450.661	1721	71.9526
RCHGF000070	873	636.425	6086	180.177
RCHGF000071	363	140.441	101	13.5501
RCHGF000072	117	11.7177	11	17.6875
RCHGF000073	861	624.439	103	3.10787
RCHGF000074	732	495.546	66	2.50943
RCHGF000075	207	38.6211	23	11.2207
RCHGF000076	276	75.4896	3233	806.927
RCHGF000077	288	83.2656	3007	680.43
RCHGF000078	1566	1329.42	285	4.03923
RCHGF000079	288	83.2656	32	7.24102
RCHGF000080	459	227.031	52	4.31553
RCHGF000081	450	218.576	63	5.43069
RCHGF000082	411	182.618	79	8.15076
RCHGF000083	369	145.532	190	24.5986
RCHGF000084	1497	1260.42	430	6.4279
RCHGF000085	726	489.557	203	7.81283
RCHGF000086	585	349.426	90	4.85292
RCHGF000087	1785	1548.42	610	7.42262
RCHGF000088	1746	1509.42	484	6.04159
RCHGF000089	615	379.082	1417	70.4292
RCHGF000090	354	132.935	91	12.8979
RCHGF000091	1878	1641.42	1752	20.1109
RCHGF000092	1446	1209.42	5056	78.7673
RCHGF000093	513	278.996	10111	682.829
RCHGF000094	672	435.734	248	10.7237
RCHGF000095	1434	1197.42	511	8.04064
RCHGF000096	987	750.418	272	6.82938
RCHGF000097	1050	813.418	225	5.21176
RCHGF000098	1203	966.418	216	4.21118
RCHGF000099	1329	1092.42	397	6.84727
RCHGF000100	207	38.6211	4	1.95142
RCHGF000101	765	528.49	933	33.263
RCHGF000102	1164	927.418	523	10.6253
RCHGF000103	1707	1470.42	16891	216.436
RCHGF000104	1047	810.418	5385	125.196
RCHGF000105	2346	2109.42	9000	80.3888
RCHGF000106	753	516.49	333	12.1478
RCHGF000107	195	34.114	10333	5707.02
RCHGF000108	195	34.114	59	32.5863
RCHGF000109	666	429.744	209	9.16331
RCHGF000110	1152	915.418	169	3.47843
RCHGF000111	1008	771.418	7338	179.227
RCHGF000112	996	759.418	201	4.9869
RCHGF000113	828	591.439	144	4.58741
RCHGF000114	798	561.471	69	2.31546
RCHGF000115	474	241.392	104	8.11757
RCHGF000116	417	188.038	130	13.026
RCHGF000117	819	582.446	87	2.81436
RCHGF000118	2754	2517.42	728	5.44868
RCHGF000119	981	744.418	392	9.92167
RCHGF000121	474	241.392	136	10.6153
RCHGF000122	912	675.418	1307	36.4602
RCHGF000123	1251	1014.42	3401	63.1692
RCHGF000124	492	258.702	2022	147.264
RCHGF000125	672	435.734	664	28.7119
RCHGF000126	375	150.683	18	2.25073
RCHGF000127	1632	1395.42	321	4.33427
RCHGF000128	333	116.107	24	3.89464
RCHGF000129	1206	969.418	156	3.032
RCHGF000130	1470	1233.42	303	4.62858
RCHGF000131	987	750.418	196	4.92117
RCHGF000132	900	663.418	678	19.2556
RCHGF000133	657	420.791	1066	47.7316
RCHGF000134	2331	2094.42	3045	27.393
RCHGF000135	1776	1539.42	3928	48.0762
RCHGF000136	120	12.2634	25	38.4101
RCHGF000137	597	361.292	688	35.8795
RCHGF000138	1125	888.418	5481	116.241
RCHGF000139	978	741.418	264	6.70898
RCHGF000140	489	255.789	10323	760.397
RCHGF000141	1188	951.418	2249	44.5383
RCHGF000142	135	15.4266	35	42.7477
RCHGF000143	174	26.6781	34	24.0127
RCHGF000144	735	498.54	102	3.85492
RCHGF000145	702	465.61	81	3.27777
RCHGF000146	777	540.49	94	3.27685
RCHGF000147	243	55.8105	72	24.307
RCHGF000148	399	171.8	70170	7695.61
RCHGF000149	750	513.495	2639	96.8319
RCHGF000151	2724	2487.42	4638	35.1316
RCHGF000152	729	492.546	371	14.192
RCHGF000153	444	212.997	853	75.4555
RCHGF000154	765	528.49	113	4.02863
RCHGF000155	1194	957.418	306	6.02193
RCHGF000156	909	672.418	237	6.64086
RCHGF000157	744	507.512	183	6.79391
RCHGF000158	555	319.964	101	5.94751
RCHGF000159	1041	804.418	251	5.87905
RCHGF000160	927	690.418	174	4.74846
RCHGF000161	1488	1251.42	290	4.36628
RCHGF000162	1671	1434.42	613	8.05194
RCHGF000163	1053	816.418	435	10.039
RCHGF000165	1038	801.418	1080	25.391
RCHGF000166	2400	2163.42	4668	40.6543
RCHGF000167	120	12.2634	17	26.1189
RCHGF000168	873	636.425	5551	164.339
RCHGF000169	1836	1599.42	17938	211.314
RCHGF000170	552	317.011	6603	392.449
RCHGF000171	1230	993.418	2784	52.8023
RCHGF000172	558	322.907	669	39.0359
RCHGF000173	468	235.631	884	70.6865
RCHGF000174	150	19.371	332	322.924
RCHGF000175	1656	1419.42	3245	43.0745
RCHGF000176	873	636.425	3935	116.497
RCHGF000177	390	163.733	5732	659.607
RCHGF000178	876	639.425	60287	1776.44
RCHGF000179	996	759.418	22039	546.797
RCHGF000180	120	12.2634	11	16.9004
RCHGF000181	813	576.452	1965	64.2266
RCHGF000182	786	549.49	815	27.9456
RCHGF000183	1230	993.418	1706	32.3566
RCHGF000184	447	215.781	1221	106.615
RCHGF000185	1398	1161.42	4618	74.9171
RCHGF000186	525	290.605	2863	185.624
RCHGF000187	741	504.524	640	23.9009
RCHGF000188	456	224.204	184	15.4629
RCHGF000189	1380	1143.42	720	11.8643
RCHGF000190	1140	903.418	1416	29.5318
RCHGF000191	1401	1164.42	3900	63.1061
RCHGF000192	624	387.997	547	26.5629
RCHGF000193	1539	1302.42	991	14.3364
RCHGF000194	1209	972.418	252	4.88273
RCHGF000195	897	660.418	216	6.16241
RCHGF000196	1458	1221.42	752	11.6003
RCHGF000197	969	732.418	357	9.18385
RCHGF000198	1287	1050.42	481	8.62777
RCHGF000199	1242	1005.42	589	11.0378
RCHGF000200	1446	1209.42	1945	30.3011
RCHGF000201	1185	948.418	325	6.45653
RCHGF000202	162	22.8199	86	71.0068
RCHGF000203	582	346.484	6975	379.295
RCHGF000204	1209	972.418	8454	163.804
RCHGF000205	720	483.578	2124	82.7567
RCHGF000206	1503	1266.42	6020	89.5643
RCHGF000207	1101	864.418	1426	31.0822
RCHGF000208	1332	1095.42	1523	26.196
RCHGF000209	2175	1938.42	2379	23.124
RCHGF000210	1710	1473.42	2022	25.8566
RCHGF000212	1578	1341.42	884	12.4166
RCHGF000213	1425	1188.42	794	12.5883
RCHGF000214	315	102.481	102	18.7531
RCHGF000215	435	204.609	76	6.99848
RCHGF000216	723	486.562	338	13.0886
RCHGF000217	111	10.6768	1	1.76472
RCHGF000218	651	414.819	1489	67.6319
RCHGF000219	1050	813.418	2804	64.9501
RCHGF000220	132	14.5868	30	38.7504
RCHGF000221	726	489.557	297	11.4306
RCHGF000222	1038	801.418	2474	58.1642
RCHGF000223	1254	1017.42	782	14.4818
RCHGF000224	654	417.805	2350	105.977
RCHGF000225	522	287.695	341	22.3325
RCHGF000226	1080	843.418	1327	29.6445
RCHGF000227	282	79.3473	167	39.6552
RCHGF000228	1026	789.418	1194	28.4979
RCHGF000229	336	118.419	322	51.2329
RCHGF000230	711	474.589	474	18.8181
RCHGF000231	678	441.7	318	13.5649
RCHGF000232	456	224.204	326	27.3962
RCHGF000233	534	299.395	398	25.0469
RCHGF000234	645	408.837	2489	114.707
RCHGF000235	3291	3054.42	19989	123.304
RCHGF000236	552	317.011	3023	179.672
RCHGF000237	2649	2412.42	19410	151.596
RCHGF000238	321	106.978	10356	1823.95
RCHGF000240	942	705.418	18577	496.186
RCHGF000241	588	352.383	3196	170.886
RCHGF000242	459	227.031	2214	183.742
RCHGF000243	1050	813.418	15174	351.481
RCHGF000244	1551	1314.42	4255	60.9932
RCHGF000245	783	546.49	1882	64.8863
RCHGF000246	1434	1197.42	4160	65.4581
RCHGF000247	1656	1419.42	5647	74.9589
RCHGF000248	2358	2121.42	8762	77.8202
RCHGF000249	1101	864.418	17320	377.52
RCHGF000250	1539	1302.42	7672	110.987
RCHGF000251	1095	858.418	3348	73.4856
RCHGF000252	951	714.418	6488	171.109
RCHGF000253	1254	1017.42	4041	74.835
RCHGF000254	1281	1044.42	3773	68.0657
RCHGF000255	426	196.283	439	42.1404
RCHGF000256	600	364.272	32773	1695.14
RCHGF000257	1752	1515.42	7857	97.6877
RCHGF000258	1128	891.418	2900	61.296
RCHGF000259	1206	969.418	2278	44.275
RCHGF000260	168	24.5702	5978	4584.19
RCHGF000261	540	305.263	2681	165.477
RCHGF000262	816	579.446	999	32.4839
RCHGF000263	1410	1173.42	1623	26.0604
RCHGF000264	978	741.418	1236	31.4102
RCHGF000265	225	46.63	11	4.4447
RCHGF000266	207	38.6211	0	0
RCHGF000267	150	19.371	14	13.6173
RCHGF000268	213	41.2981	53	24.1803
RCHGF000269	759	522.49	133	4.79611
RCHGF000270	939	702.418	497	13.3314
RCHGF000271	114	11.0875	6	10.196
RCHGF000272	2676	2439.42	857	6.61927
RCHGF000273	270	71.5643	6566	1728.7
RCHGF000274	204	37.4011	364	183.372
RCHGF000275	501	267.39	76	5.35531
RCHGF000276	735	498.54	294	11.1112
RCHGF000277	585	349.426	244	13.1568
RCHGF000279	345	125.586	7536	1130.62
RCHGF000280	600	364.272	572	29.586
RCHGF000281	591	355.363	301	15.9591
RCHGF000282	864	627.425	535	16.066
RCHGF000283	621	385.022	1015	49.6702
RCHGF000284	375	150.683	1146	143.297
RCHGF000285	429	199.046	513	48.56
RCHGF000286	945	708.418	10550	280.594
RCHGF000287	729	492.546	237	9.06603
RCHGF000288	2244	2007.42	5941	55.7619
RCHGF000289	1296	1059.42	6502	115.637
RCHGF000290	906	669.418	1002	28.2024
RCHGF000291	207	38.6211	88	42.9312
RCHGF000292	951	714.418	3568	94.0996
RCHGF000293	885	648.418	10274	298.538
RCHGF000294	135	15.4266	19	23.2059
RCHGF000295	711	474.589	2219	88.0958
RCHGF000296	540	305.263	3332	205.658
RCHGF000297	702	465.61	1355	54.8318
RCHGF000298	771	534.49	1825	64.3338
RCHGF000299	1164	927.418	4002	81.305
RCHGF000300	1056	819.418	4507	103.633
RCHGF000301	486	252.9	1277	95.1389
RCHGF000302	1125	888.418	3032	64.3024
RCHGF000303	264	67.805	120717	33544.6
RCHGF000304	873	636.425	385	11.398
RCHGF000305	954	717.418	172	4.51722
RCHGF000306	294	87.3796	38	8.19387
RCHGF000307	939	702.418	2688	72.1023
RCHGF000308	1806	1569.42	1256	15.0788
RCHGF000309	840	603.439	426	13.3012
RCHGF000310	1101	864.418	1710	37.2724
RCHGF000311	1026	789.418	2037	48.6183
RCHGF000312	264	67.805	16383	4552.47
RCHGF000313	2208	1971.42	31557	301.601
RCHGF000314	1389	1152.42	4714	77.0717
RCHGF000315	669	432.734	3303	143.815
RCHGF000316	327	111.556	3073	519.022
RCHGF000317	711	474.589	692	27.4729
RCHGF000318	1302	1065.42	3468	61.3302
RCHGF000319	375	150.683	4465	558.306
RCHGF000320	549	314.074	5324	319.391
RCHGF000321	993	756.418	14030	349.471
RCHGF000323	1233	996.418	717	13.5579
RCHGF000324	771	534.49	57	2.00933
RCHGF000325	576	340.553	42	2.3237
RCHGF000326	864	627.425	213	6.39636
RCHGF000327	177	27.696	59	40.1375
RCHGF000328	162	22.8199	84	69.3555
RCHGF000329	930	693.418	367	9.9721
RCHGF000330	978	741.418	365	9.27567
RCHGF000331	1005	768.418	205	5.02657
RCHGF000332	798	561.471	156	5.23495
RCHGF000333	522	287.695	2028	132.816
RCHGF000334	1650	1413.42	7607	101.405
RCHGF000335	699	462.625	1601	65.2045
RCHGF000336	459	227.031	732	60.7493
RCHGF000337	1299	1062.42	1740	30.8581
RCHGF000338	282	79.3473	1483	352.148
RCHGF000339	558	322.907	386	22.523
RCHGF000340	171	25.6745	214	157.046
RCHGF000341	330	113.839	271	44.8534
RCHGF000342	597	361.292	1639	85.4745
RCHGF000343	1161	924.418	282	5.74773
RCHGF000344	519	284.788	277	18.3263
RCHGF000345	771	534.49	956	33.7003
RCHGF000346	564	328.766	101	5.78829
RCHGF000347	645	408.837	81	3.73293
RCHGF000348	1029	792.418	462	10.9851
RCHGF000349	681	444.68	1673	70.8865
RCHGF000350	831	594.439	3276	103.837
RCHGF000351	402	174.535	523	56.4592
RCHGF000352	1038	801.418	660	15.5167
RCHGF000353	771	534.49	834	29.3997
RCHGF000354	717	480.584	1104	43.2828
RCHGF000355	150	19.371	9	8.75398
RCHGF000356	993	756.418	774	19.2794
RCHGF000357	1014	777.418	2429	58.8692
RCHGF000358	1263	1026.42	5023	92.205
RCHGF000359	135	15.4266	21	25.6486
RCHGF000360	903	666.418	875	24.7387
RCHGF000361	1992	1755.42	531	5.69941
RCHGF000362	870	633.425	344	10.2324
RCHGF000363	1176	939.418	518	10.3893
RCHGF000364	510	276.074	671	45.7945
RCHGF000365	1290	1053.42	2723	48.7038
RCHGF000366	1002	765.418	2825	69.5401
RCHGF000367	759	522.49	1850	66.7129
RCHGF000368	840	603.439	786	24.5417
RCHGF000369	1383	1146.42	1191	19.5742
RCHGF000370	240	54.2793	3689	1280.53
RCHGF000372	2397	2160.42	3661	31.9284
RCHGF000373	867	630.425	212	6.33604
RCHGF000374	1239	1002.42	3647	68.5492
RCHGF000375	138	16.21	810	941.497
RCHGF000377	215	42.1696	2455	1096.9
RCHGF000379	750	513.495	484	17.7592
RCHGF000380	594	358.316	305	16.038
RCHGF000381	330	113.839	214	35.4193
RCHGF000382	1098	861.418	177	3.87146
RCHGF000383	558	322.907	29	1.69214
RCHGF000384	300	91.6342	16	3.28986
RCHGF000385	1053	816.418	130	3.00017
RCHGF000386	474	241.392	43	3.3563
RCHGF000387	396	169.113	35	3.89947
RCHGF000388	663	426.753	52	2.29584
RCHGF000389	834	597.439	102	3.21679
RCHGF000390	744	507.512	92	3.41552
RCHGF000391	735	498.54	1085	41.0058
RCHGF000392	1053	816.418	284	6.55422
RCHGF000393	867	630.425	197	5.88773
RCHGF000394	1026	789.418	194	4.63031
RCHGF000395	1431	1194.42	355	5.59999
RCHGF000396	1275	1038.42	330	5.98766
RCHGF000397	561	325.835	120	6.93904
RCHGF000398	3159	2922.42	967	6.23447
RCHGF000399	1293	1056.42	627	11.1827
RCHGF000400	300	91.6342	30	6.16849
RCHGF000401	309	98.1653	55	10.5565
RCHGF000402	645	408.837	726	33.4581
RCHGF000403	312	100.303	1743	327.414
RCHGF000404	141	17.0367	23	25.4365
RCHGF000405	591	355.363	140	7.42286
RCHGF000406	1173	936.418	141	2.83704
RCHGF000407	1572	1335.42	392	5.53075
RCHGF000408	831	594.439	1308	41.4587
RCHGF000409	468	235.631	276	22.0695
RCHGF000410	207	38.6211	784	382.478
RCHGF000411	462	229.871	909	74.5066
RCHGF000412	300	91.6342	78	16.0381
RCHGF000413	288	83.2656	2120	479.718
RCHGF000414	492	258.702	281	20.4655
RCHGF000415	240	54.2793	6612	2295.17
RCHGF000416	1173	936.418	7892	158.794
RCHGF000417	792	555.484	1261	42.772
RCHGF000418	3453	3216.42	3780	22.1429
RCHGF000419	558	322.907	792	46.2129
RCHGF000420	162	22.8199	1130	932.997
RCHGF000421	1353	1116.42	2022	34.1248
RCHGF000422	804	567.465	109	3.61912
RCHGF000423	1359	1122.42	197	3.30695
RCHGF000424	852	615.439	86	2.63287
RCHGF000425	1041	804.418	136	3.18546
RCHGF000426	837	600.439	145	4.55003
RCHGF000427	783	546.49	144	4.96474
RCHGF000428	477	244.245	62	4.7828
RCHGF000429	438	207.409	49	4.45128
RCHGF000430	1455	1218.42	238	3.68041
RCHGF000431	843	606.439	127	3.94577
RCHGF000432	1041	804.418	279	6.53488
RCHGF000433	1914	1677.42	492	5.52636
RCHGF000434	666	429.744	129	5.65582
RCHGF000435	717	480.584	109	4.2734
RCHGF000436	465	232.757	118	9.55202
RCHGF000437	1188	951.418	2204	43.6471
RCHGF000438	1416	1179.42	2279	36.4076
RCHGF000439	1086	849.418	939	20.8286
RCHGF000440	261	65.9345	347	99.1591
RCHGF000441	2100	1863.42	1347	13.6199
RCHGF000442	612	376.124	6532	327.213
RCHGF000443	993	756.418	18887	470.453
RCHGF000444	324	109.283	2761	476.027
RCHGF000445	132	14.5868	364	470.172
RCHGF000446	381	155.853	547	66.1285
RCHGF000447	135	15.4266	5	6.10681
RCHGF000448	144	17.8109	3	3.17359
RCHGF000449	1356	1119.42	6005	101.073
RCHGF000450	1116	879.418	5032	107.81
RCHGF000451	192	33.073	5	2.84847
RCHGF000452	201	36.2524	347	180.347
RCHGF000453	1098	861.418	3870	84.6472
RCHGF000454	1941	1704.42	3983	44.0301
RCHGF000455	2511	2274.42	9012	74.6563
RCHGF000457	1284	1047.42	5940	106.852
RCHGF000459	453	221.377	919	78.2165
RCHGF000460	1806	1569.42	2043	24.527
RCHGF000461	306	96.004	819	160.735
RCHGF000462	594	358.316	2689	141.397
RCHGF000463	933	696.418	1077	29.1381
RCHGF000464	555	319.964	2233	131.493
RCHGF000465	771	534.49	2095	73.8517
RCHGF000466	1218	981.418	7758	148.94
RCHGF000467	2529	2292.42	5541	45.5418
RCHGF000468	2085	1848.42	2077	21.1715
RCHGF000469	909	672.418	718	20.1187
RCHGF000470	738	501.535	762	28.6266
RCHGF000471	777	540.49	897	31.2695
RCHGF000472	843	606.439	1425	44.2734
RCHGF000473	336	118.419	144	22.9116
RCHGF000474	558	322.907	441	25.7322
RCHGF000475	648	411.833	6550	299.665
RCHGF000476	147	18.6168	22	22.2656
RCHGF000477	630	393.953	1123	53.7095
RCHGF000478	975	738.418	4839	123.472
RCHGF000479	1068	831.418	3075	69.6853
RCHGF000480	855	618.439	2944	89.6926
RCHGF000481	693	456.641	263	10.8517
RCHGF000482	678	441.7	458	19.5368
RCHGF000483	1641	1404.42	1188	15.9381
RCHGF000484	2343	2106.42	7652	68.4457
RCHGF000485	546	311.123	1228	74.3674
RCHGF000486	111	10.6768	13	22.9414
RCHGF000487	486	252.9	155	11.5478
RCHGF000488	441	210.181	179	16.0463
RCHGF000489	1035	798.418	404	9.53381
RCHGF000490	312	100.303	50	9.39226
RCHGF000491	2640	2403.42	1084	8.49798
RCHGF000492	1941	1704.42	2194	24.2536
RCHGF000493	366	142.927	283	37.3068
RCHGF000494	1773	1536.42	6015	73.7636
RCHGF000495	477	244.245	1049	80.9218
RCHGF000496	765	528.49	900	32.0864
RCHGF000497	762	525.49	625	22.4095
RCHGF000498	939	702.418	3319	89.0281
RCHGF000499	846	609.439	2995	92.5938
RCHGF000500	1260	1023.42	3544	65.2463
RCHGF000501	1014	777.418	1429	34.6332
RCHGF000502	1095	858.418	1974	43.3275
RCHGF000503	1011	774.418	936	22.7728
RCHGF000504	1083	846.418	3149	70.0976
RCHGF000505	1233	996.418	2287	43.2454
RCHGF000506	165	23.6426	38	30.2834
RCHGF000507	921	684.418	449	12.3606
RCHGF000508	348	128.032	987	145.25
RCHGF000509	138	16.21	73	84.851
RCHGF000510	153	20.2202	29	27.0226
RCHGF000512	498	264.5	168	11.9674
RCHGF000513	3693	3456.42	2039	11.1149
RCHGF000514	1572	1335.42	721	10.1726
RCHGF000515	1029	792.418	442	10.5095
RCHGF000516	585	349.426	154	8.30388
RCHGF000517	1530	1293.42	851	12.3967
RCHGF000518	438	207.409	391	35.5194
RCHGF000519	690	453.651	647	26.8719
RCHGF000520	750	513.495	644	23.6301
RCHGF000521	1224	987.418	920	17.5551
RCHGF000522	714	477.584	607	23.9472
RCHGF000523	369	145.532	247	31.9782
RCHGF000524	327	111.556	1007	170.08
RCHGF000526	186	30.9155	124	75.572
RCHGF000527	561	325.835	99	5.72471
RCHGF000528	807	570.459	294	9.71044
RCHGF000529	627	390.971	319	15.3731
RCHGF000530	273	73.5418	9131	2339.37
RCHGF000531	678	441.7	313	13.3516
RCHGF000532	1053	816.418	325	7.50043
RCHGF000533	978	741.418	934	23.7355
RCHGF000534	519	284.788	724	47.8997
RCHGF000535	702	465.61	8681	351.288
RCHGF000536	573	337.621	270	15.0678
RCHGF000537	1323	1086.42	2672	46.3399
RCHGF000538	639	402.9	240	11.2235
RCHGF000539	1641	1404.42	3040	40.7843
RCHGF000540	1764	1527.42	6290	77.5905
RCHGF000541	756	519.49	1292	46.8599
RCHGF000542	894	657.418	372	10.6615
RCHGF000543	2409	2172.42	683	5.9237
RCHGF000544	1371	1134.42	1394	23.1529
RCHGF000545	960	723.418	6662.83	173.534
RCHGF000546	165	23.6426	6	4.78159
RCHGF000547	378	153.246	166	20.4095
RCHGF000548	426	196.283	68	6.52744
RCHGF000549	471	238.516	81	6.39857
RCHGF000550	840	603.439	195	6.08859
RCHGF000551	702	465.61	133	5.38202
RCHGF000552	1836	1599.42	1096	12.9111
RCHGF000553	312	100.303	45	8.45303
RCHGF000554	1257	1020.42	315	5.81632
RCHGF000555	345	125.586	49	7.35141
RCHGF000556	1443	1206.42	358	5.59115
RCHGF000557	873	636.425	838	24.8092
RCHGF000558	795	558.471	443	14.9458
RCHGF000559	747	510.512	597	22.0335
RCHGF000560	1356	1119.42	1388	23.3621
RCHGF000561	453	221.377	390	33.1931
RCHGF000562	477	244.245	152	11.7256
RCHGF000563	1587	1350.42	2592	36.1645
RCHGF000564	816	579.446	390	12.6814
RCHGF000565	543	308.188	1496	91.46
RCHGF000566	600	364.272	324	16.7585
RCHGF000567	873	636.425	794	23.5065
RCHGF000568	837	600.439	1775	55.6987
RCHGF000569	828	591.439	5664	180.438
RCHGF000570	717	480.584	896	35.1281
RCHGF000571	1341	1104.42	5678	96.8674
RCHGF000572	774	537.49	1365	47.8496
RCHGF000573	1353	1116.42	12000	202.521
RCHGF000574	951	714.418	6071	160.112
RCHGF000575	354	132.935	2485	352.212
RCHGF000576	1647	1410.42	1004	13.4122
RCHGF000577	669	432.734	425	18.5048
RCHGF000578	1110	873.418	1008	21.7447
RCHGF000579	714	477.584	1400	55.2324
RCHGF000580	504	270.293	313	21.8185
RCHGF000581	762	525.49	3150	112.944
RCHGF000582	762	525.49	219	7.85228
RCHGF000583	768	531.49	3017	106.954
RCHGF000584	357	135.398	1066	148.341
RCHGF000585	252	60.7073	110782	34383
RCHGF000586	1329	1092.42	800	13.798
RCHGF000587	765	528.49	832	29.6621
RCHGF000588	222	45.3906	482	200.077
RCHGF000589	369	145.532	1879	243.268
RCHGF000590	357	135.398	203	28.2488
RCHGF000592	3047	2810.42	3211	21.5271
RCHGF000594	1983	1746.42	4031	43.4891
RCHGF000595	1425	1188.42	4452	70.5832
RCHGF000596	237	52.6477	59	21.1148
RCHGF000597	180	28.7347	336	220.317
RCHGF000598	903	666.418	5506	155.67
RCHGF000599	882	645.425	3821	111.544
RCHGF000600	1116	879.418	4472	95.8125
RCHGF000601	1755	1518.42	3237	40.1668
RCHGF000602	1134	897.418	5255	110.33
RCHGF000603	1032	795.418	1545	36.5973
RCHGF000604	1392	1155.42	4963	80.9321
RCHGF000605	891	654.418	3919	112.833
RCHGF000606	1026	789.418	4642	110.793
RCHGF000607	1707	1470.42	7365	94.3729
RCHGF000608	1455	1218.42	2978	46.0515
RCHGF000609	1098	861.418	3962	86.6595
RCHGF000610	951	714.418	3558	93.8359
RCHGF000611	900	663.418	803	22.8057
RCHGF000612	1146	909.418	3898	80.7595
RCHGF000613	1119	882.418	2493	53.2309
RCHGF000614	825	588.439	3632	116.295
RCHGF000615	1149	912.418	4318	89.167
RCHGF000616	624	387.997	1558	75.658
RCHGF000617	597	361.292	3001	156.503
RCHGF000618	1224	987.418	8542	162.995
RCHGF000619	510	276.074	29914	2041.57
RCHGF000620	1902	1665.42	4216	47.6972
RCHGF000621	237	52.6477	211	75.5124
RCHGF000622	153	20.2202	3	2.79544
RCHGF000623	291	85.2806	218	48.1639
RCHGF000624	402	174.535	139	15.0054
RCHGF000625	111	10.6768	28	49.4122
RCHGF000626	963	726.418	832	21.58
RCHGF000627	1191	954.418	8006.94	158.068
RCHGF000628	204	37.4011	21.2688	10.7145
RCHGF000629	1140	903.418	171.906	3.58523
RCHGF000631	567	331.718	1858	105.534
RCHGF000632	720	483.578	2216	86.3413
RCHGF000633	195	34.114	14	7.73234
RCHGF000634	438	207.409	136	12.3546
RCHGF000635	879	642.425	1530	44.8729
RCHGF000636	1491	1254.42	4230	63.5351
RCHGF000637	1179	942.418	1648	32.948
RCHGF000638	1308	1071.42	2218	39.0048
RCHGF000639	1023	786.418	797	19.095
RCHGF000640	120	12.2634	418	642.216
RCHGF000641	408	179.934	4191	438.853
RCHGF000642	780	543.49	4064	140.889
RCHGF000643	354	132.935	6994	991.295
RCHGF000644	177	27.696	48	32.6542
RCHGF000645	786	549.49	1172	40.1868
RCHGF000646	138	16.21	140	162.728
RCHGF000647	762	525.49	794	28.469
RCHGF000648	909	672.418	468	13.1136
RCHGF000649	198	35.2127	23	12.3068
RCHGF000650	1101	864.418	633	13.7973
RCHGF000651	114	11.0875	14	23.7908
RCHGF000652	780	543.49	847	29.3635
RCHGF000653	111	10.6768	26	45.8828
RCHGF000654	1104	867.418	476	10.3394
RCHGF000655	1167	930.418	341	6.90545
RCHGF000656	120	12.2634	64	98.3298
RCHGF000657	891	654.418	681	19.6068
RCHGF000658	117	11.7177	4	6.43183
RCHGF000659	2055	1818.42	5102	52.8643
RCHGF000660	309	98.1653	451	86.5634
RCHGF000661	1239	1002.42	985	18.5141
RCHGF000662	324	109.283	64	11.0343
RCHGF000663	1443	1206.42	453	7.07483
RCHGF000664	1188	951.418	5291	104.781
RCHGF000665	174	26.6781	304	214.701
RCHGF000666	537	302.307	473	29.48
RCHGF000667	1215	978.418	731	14.0769
RCHGF000668	2190	1953.42	3036	29.2834
RCHGF000669	123	12.8519	1	1.46605
RCHGF000670	528	293.52	721	46.2821
RCHGF000671	144	17.8109	3	3.17359
RCHGF000672	813	576.452	770	25.1677
RCHGF000673	423	193.523	264	25.7032
RCHGF000674	141	17.0367	35	38.7077
RCHGF000675	765	528.49	9717	346.427
RCHGF000676	558	322.907	610	35.5933
RCHGF000677	849	612.439	1297	39.9018
RCHGF000678	1119	882.418	1728	36.8965
RCHGF000679	144	17.8109	72	76.1662
RCHGF000680	1035	798.418	1989	46.9375
RCHGF000681	666	429.744	338	14.8191
RCHGF000682	918	681.418	685	18.9405
RCHGF000683	747	510.512	1005	37.0916
RCHGF000684	204	37.4011	65	32.745
RCHGF000685	960	723.418	4151	108.113
RCHGF000686	798	561.471	4547	152.585
RCHGF000687	777	540.49	855	29.8054
RCHGF000688	777	540.49	877	30.5723
RCHGF000689	123	12.8519	117	171.528
RCHGF000690	921	684.418	858	23.6201
RCHGF000691	300	91.6342	68	13.9819
RCHGF000692	822	585.446	141	4.53783
RCHGF000693	780	543.49	175	6.06684
RCHGF000694	468	235.631	41	3.27844
RCHGF000695	738	501.535	90	3.38109
RCHGF000696	408	179.934	48	5.02624
RCHGF000697	2712	2475.42	890	6.77419
RCHGF000698	1215	978.418	333	6.41262
RCHGF000699	1224	987.418	306	5.83897
RCHGF000700	600	364.272	342	17.6895
RCHGF000701	729	492.546	1441	55.123
RCHGF000702	1737	1500.42	558	7.00709
RCHGF000703	552	317.011	111	6.59728
RCHGF000704	774	537.49	206	7.22126
RCHGF000705	756	519.49	186	6.74608
RCHGF000706	699	462.625	331	13.4808
RCHGF000707	858	621.439	474	14.3713
RCHGF000708	873	636.425	11764	348.276
RCHGF000709	309	98.1653	415	79.6536
RCHGF000710	888	651.418	9525	275.499
RCHGF000711	837	600.439	10892	341.786
RCHGF000712	489	255.789	4803	353.791
RCHGF000713	426	196.283	7488	718.786
RCHGF000714	984	747.418	244	6.15094
RCHGF000715	891	654.418	424	12.2075
RCHGF000716	324	109.283	1989	342.925
RCHGF000717	819	582.446	718	23.2265
RCHGF000718	819	582.446	634	20.5092
RCHGF000719	531	296.454	1975	125.523
RCHGF000720	1152	915.418	380	7.82131
RCHGF000721	558	322.907	189	11.0281
RCHGF000722	624	387.997	187	9.08091
RCHGF000723	762	525.49	457	16.3858
RCHGF000724	882	645.425	473	13.808
RCHGF000725	1356	1119.42	632	10.6375
RCHGF000726	405	177.217	232	24.6659
RCHGF000727	540	305.263	1289	79.5599
RCHGF000728	1338	1101.42	16204	277.195
RCHGF000729	1065	828.418	4063	92.4087
RCHGF000730	624	387.997	149	7.23559
RCHGF000731	660	423.782	2284	101.548
RCHGF000732	1005	768.418	941	23.0732
RCHGF000733	192	33.073	11	6.26664
RCHGF000734	684	447.661	146	6.14497
RCHGF000735	423	193.523	1324	128.906
RCHGF000736	2136	1899.42	5613	55.6788
RCHGF000737	930	693.418	2258	61.3542
RCHGF000738	936	699.418	2010	54.147
RCHGF000739	642	405.86	575	26.6936
RCHGF000740	507	273.181	614	42.3481
RCHGF000741	939	702.418	2377	63.7601
RCHGF000742	225	46.63	296	119.603
RCHGF000743	846	609.439	680	21.023
RCHGF000744	393	166.406	55	6.22743
RCHGF000745	684	447.661	153	6.43959
RCHGF000746	378	153.246	36	4.42617
RCHGF000747	1068	831.418	245	5.55216
RCHGF000748	150	19.371	79	76.8405
RCHGF000749	654	417.805	572	25.7951
RCHGF000750	849	612.439	1720	52.9153
RCHGF000751	369	145.532	352	45.5722
RCHGF000752	123	12.8519	18	26.3889
RCHGF000753	918	681.418	141	3.89871
RCHGF000754	117	11.7177	11	17.6875
RCHGF000755	1131	894.418	311	6.55142
RCHGF000756	693	456.641	274	11.3055
RCHGF000757	132	14.5868	20	25.8336
RCHGF000758	432	201.805	2235	208.67
RCHGF000759	510	276.074	146	9.96423
RCHGF000760	489	255.789	856	63.0534
RCHGF000762	996	759.418	2649	65.7229
RCHGF000763	411	182.618	287	29.611
RCHGF000764	1065	828.418	880	20.0147
RCHGF000765	1944	1707.42	988	10.9027
RCHGF000766	936	699.418	265	7.13879
RCHGF000767	552	317.011	242	14.3833
RCHGF000769	345	125.586	92	13.8026
RCHGF000770	1254	1017.42	258	4.77789
RCHGF000771	594	358.316	995	52.3206
RCHGF000772	528	293.52	1250	80.2394
RCHGF000773	1098	861.418	2917	63.8025
RCHGF000774	2265	2028.42	1661	15.4286
RCHGF000775	1611	1374.42	1489	20.4123
RCHGF000776	318	104.738	178	32.0207
RCHGF000777	411	182.618	587	60.5633
RCHGF000778	642	405.86	1326	61.5578
RCHGF000779	1218	981.418	2272	43.6184
RCHGF000780	537	302.307	650	40.5117
RCHGF000781	129	13.8812	17	23.0747
RCHGF000782	129	13.8812	5	6.78668
RCHGF000783	687	450.661	487	20.3608
RCHGF000784	1080	843.418	588	13.1356
RCHGF000785	402	174.535	25966	2803.1
RCHGF000786	861	624.439	11712	353.392
RCHGF000787	1857	1620.42	671	7.80209
RCHGF000788	1722	1485.42	404	5.12446
RCHGF000789	426	196.283	126	12.095
RCHGF000790	138	16.21	46	53.4677
RCHGF000791	2001	1764.42	865	9.23698
RCHGF000792	129	13.8812	26	35.2907
RCHGF000793	297	89.478	128	26.9531
RCHGF000794	654	417.805	816	36.7987
RCHGF000795	459	227.031	698	57.9276
RCHGF000796	609	373.157	500	25.2461
RCHGF000797	183	29.8034	129	81.5529
RCHGF000798	339	120.809	152	23.706
RCHGF000799	219	44.0308	39	16.6888
RCHGF000800	3315	3078.42	3997	24.4637
RCHGF000801	666	429.744	108	4.73511
RCHGF000802	1422	1185.42	728	11.5711
RCHGF000803	3246	3009.42	4250	26.6086
RCHGF000804	702	465.61	696	28.1645
RCHGF000805	330	113.839	258	42.7018
RCHGF000806	678	441.7	901	38.4338
RCHGF000807	774	537.49	1887	66.1481
RCHGF000808	159	21.9869	24	20.5667
RCHGF000809	2202	1965.42	7062	67.7
RCHGF000810	1965	1728.42	3913	42.6557
RCHGF000811	363	140.441	824	110.547
RCHGF000812	111	10.6768	26	45.8828
RCHGF000813	132	14.5868	14	18.0835
RCHGF000814	1491	1254.42	324	4.86652
RCHGF000815	129	13.8812	60	81.4401
RCHGF000816	1731	1494.42	4512	56.8869
RCHGF000817	450	218.576	249	21.4641
RCHGF000818	159	21.9869	92	78.8389
RCHGF000819	1677	1440.42	4258	55.6971
RCHGF000820	141	17.0367	64	70.7798
RCHGF000821	165	23.6426	51	40.6435
RCHGF000822	801	564.471	2741	91.492
RCHGF000823	843	606.439	6220	193.25
RCHGF000824	855	618.439	2305	70.2246
RCHGF000825	2424	2187.42	1670	14.3847
RCHGF000826	627	390.971	162	7.80704
RCHGF000827	885	648.418	98	2.84765
RCHGF000828	609	373.157	88	4.44331
RCHGF000829	861	624.439	187	5.64244
RCHGF000830	1248	1011.42	219	4.07971
RCHGF000831	840	603.439	219	6.83795
RCHGF000832	759	522.49	200	7.2122
RCHGF000833	471	238.516	112	8.84741
RCHGF000834	468	235.631	142	11.3546
RCHGF000835	435	204.609	259	23.8501
RCHGF000836	306	96.004	74	14.5231
RCHGF000837	1167	930.418	460	9.31527
RCHGF000838	117	11.7177	18	28.9432
RCHGF000839	117	11.7177	17	27.3353
RCHGF000840	1998	1761.42	1851	19.7997
RCHGF000841	624	387.997	676	32.8272
RCHGF000842	690	453.651	3741	155.375
RCHGF000843	714	477.584	2571	101.43
RCHGF000844	510	276.074	166	11.3292
RCHGF000845	561	325.835	622	35.9674
RCHGF000846	903	666.418	342	9.6693
RCHGF000847	663	426.753	148	6.53432
RCHGF000848	771	534.49	162	5.71073
RCHGF000849	1371	1134.42	516	8.57022
RCHGF000850	588	352.383	312	16.6823
RCHGF000851	669	432.734	249	10.8416
RCHGF000852	639	402.9	273	12.7668
RCHGF000853	816	579.446	726	23.6069
RCHGF000855	1593	1356.42	1216	16.891
RCHGF000856	222	45.3906	7	2.90568
RCHGF000857	303	93.8416	42	8.43276
RCHGF000858	153	20.2202	23	21.4317
RCHGF000860	1446	1209.42	350	5.45264
RCHGF000861	576	340.553	135	7.46904
RCHGF000862	1017	780.418	239	5.77014
RCHGF000863	765	528.49	346	12.3355
RCHGF000864	603	367.211	187	9.59494
RCHGF000865	1182	945.418	286	5.69977
RCHGF000866	792	555.484	206	6.98734
RCHGF000867	1455	1218.42	633	9.78865
RCHGF000868	591	355.363	319	16.9135
RCHGF000869	666	429.744	530	23.2371
RCHGF000870	411	182.618	371	38.2776
RCHGF000871	423	193.523	536	52.1854
RCHGF000872	696	459.63	122.323	5.01435
RCHGF000873	282	79.3473	19	4.51167
RCHGF000874	213	41.2981	34	15.5119
RCHGF000875	399	171.8	133	14.5862
RCHGF000876	888	651.418	343	9.92087
RCHGF000877	384	158.438	39	4.63789
RCHGF000878	348	128.032	63	9.27125
RCHGF000879	915	678.418	201	5.58231
RCHGF000880	666	429.744	440	19.2912
RCHGF000881	801	564.471	638	21.2958
RCHGF000882	225	46.63	5	2.02032
RCHGF000883	153	20.2202	74	68.9542
RCHGF000884	942	705.418	1990	53.1523
RCHGF000885	1128	891.418	1727	36.5028
RCHGF000886	135	15.4266	24	29.3127
RCHGF000887	1449	1212.42	475	7.38171
RCHGF000888	600	364.272	2850	147.413
RCHGF000889	1215	978.418	2970	57.1936
RCHGF000890	324	109.283	32	5.51715
RCHGF000891	1920	1683.42	799	8.94274
RCHGF000892	306	96.004	142	27.8686
RCHGF000893	726	489.557	317	12.2003
RCHGF000894	177	27.696	29	19.7286
RCHGF000895	285	81.3251	19	4.40195
RCHGF000896	327	111.556	81	13.6807
RCHGF000897	1428	1191.42	377	5.96201
RCHGF000898	1494	1257.42	616	9.23032
RCHGF000899	240	54.2793	6289	2183.05
RCHGF000900	366	142.927	244	32.1656
RCHGF000901	903	666.418	1400	39.5819
RCHGF000902	465	232.757	188	15.2185
RCHGF000903	513	278.996	483	32.6186
RCHGF000904	990	753.418	819	20.4816
RCHGF000905	912	675.418	1332	37.1576
RCHGF000906	798	561.471	934	31.3426
RCHGF000907	564	328.766	2223	127.4
RCHGF000908	906	669.418	4421	124.434
RCHGF000909	810	573.459	272	8.93681
RCHGF000910	1830	1593.42	2176	25.7303
RCHGF000911	1731	1494.42	3322	41.8835
RCHGF000912	1170	933.418	1883	38.0093
RCHGF000913	795	558.471	945	31.8821
RCHGF000914	1338	1101.42	3650	62.439
RCHGF000915	729	492.546	4119	157.565
RCHGF000916	198	35.2127	702	375.624
RCHGF000917	1008	771.418	1790	43.7199
RCHGF000918	549	314.074	1121	67.2496
RCHGF000919	2622	2385.42	18456	145.777
RCHGF000920	1098	861.418	883	19.3136
RCHGF000921	798	561.471	3542	118.86
RCHGF000922	114	11.0875	1270	2158.16
RCHGF000923	246	57.5245	6458	2115.25
RCHGF000924	591	355.363	281	14.8987
RCHGF000925	252	60.7073	13	4.03476
RCHGF000926	252	60.7073	29	9.00062
RCHGF000927	2595	2358.42	17670	141.166
RCHGF000928	414	185.284	4572	464.927
RCHGF000929	150	19.371	907	882.206
RCHGF000930	444	212.997	564	49.8908
RCHGF000931	282	79.3473	424	100.681
RCHGF000932	1770	1533.42	3593	44.1481
RCHGF000933	1332	1095.42	1598	27.4861
RCHGF000935	1218	981.418	949	18.2191
RCHGF000936	348	128.032	2490	366.435
RCHGF000937	111	10.6768	125	220.59
RCHGF000938	510	276.074	6367	434.536
RCHGF000939	837	600.439	390	12.238
RCHGF000940	501	267.39	534	37.6281
RCHGF000941	504	270.293	1050	73.193
RCHGF000942	117	11.7177	256	411.637
RCHGF000944	453	221.377	551	46.8959
RCHGF000945	1164	927.418	972	19.7472
RCHGF000946	2130	1893.42	5115	50.8996
RCHGF000947	228	48.0973	1481	580.164
RCHGF000948	1833	1596.42	2194	25.8944
RCHGF000949	1296	1059.42	83626	1487.27
RCHGF000950	762	525.49	442	15.848
RCHGF000951	189	32.0154	98	57.6744
RCHGF000952	549	314.074	1418	85.0668
RCHGF000953	177	27.696	425	289.126
RCHGF000954	147	18.6168	436	441.263
RCHGF000955	582	346.484	855	46.4942
RCHGF000956	720	483.578	1700	66.2365
RCHGF000957	384	158.438	178	21.1678
RCHGF000958	1335	1098.42	3765	64.5822
RCHGF000960	186	30.9155	2726	1661.37
RCHGF000961	1122	885.418	524	11.1506
RCHGF000962	1011	774.418	176521	4294.74
RCHGF000963	567	331.718	114	6.47518
RCHGF000964	483	249.99	5086	383.327
RCHGF000965	1068	831.418	427	9.67663
RCHGF000966	819	582.446	91	2.94375
RCHGF000967	1047	810.418	160.02	3.72033
RCHGF000968	672	435.734	212	9.16705
RCHGF000969	672	435.734	3771	163.061
RCHGF000970	1002	765.418	29477	725.604
RCHGF000971	819	582.446	7318	236.73
RCHGF000972	474	241.392	57136	4459.67
RCHGF000973	1179	942.418	3901	77.9916
RCHGF000974	180	28.7347	118	77.3732
RCHGF000975	303	93.8416	350	70.273
RCHGF000976	426	196.283	1173	112.598
RCHGF000977	1176	939.418	25163	504.683
RCHGF000978	564	328.766	8549	489.942
RCHGF000979	132	14.5868	2	2.58336
RCHGF000980	912	675.418	3380	94.2887
RCHGF000981	264	67.805	444	123.378
RCHGF000982	552	317.011	193	11.4709
RCHGF000983	936	699.418	1614	43.4793
RCHGF000984	945	708.418	3876	103.088
RCHGF000985	852	615.439	1602	49.0448
RCHGF000986	429	199.046	54	5.11158
RCHGF000987	915	678.418	179	4.97131
RCHGF000988	918	681.418	132	3.64986
RCHGF000989	1413	1176.42	760	12.1722
RCHGF000990	1005	768.418	1008	24.716
RCHGF000991	1266	1029.42	353	6.46098
RCHGF000993	1203	966.418	185	3.6068
RCHGF000994	273	73.5418	9	2.30581
RCHGF000995	642	405.86	88	4.08528
RCHGF000996	684	447.661	54	2.2728
RCHGF000997	1128	891.418	138	2.91684
RCHGF000998	1188	951.418	149	2.95074
RCHGF000999	954	717.418	131	3.44044
RCHGF001000	630	393.953	135	6.45661
RCHGF001001	495	261.606	53	3.81719
RCHGF001002	411	182.618	54	5.57141
RCHGF001003	822	585.446	140	4.50565
RCHGF001004	750	513.495	67	2.45841
RCHGF001005	483	249.99	32	2.41181
RCHGF001006	678	441.7	85	3.62583
RCHGF001007	990	753.418	108	2.70087
RCHGF001008	261	65.9345	45	12.8592
RCHGF001009	114	11.0875	84	142.745
RCHGF001010	951	714.418	364	9.59985
RCHGF001011	1152	915.418	126	2.59338
RCHGF001012	705	468.605	84	3.37745
RCHGF001013	924	687.418	123	3.37132
RCHGF001014	825	588.439	110	3.52214
RCHGF001015	1053	816.418	155	3.57713
RCHGF001016	2382	2145.42	3193	28.0416
RCHGF001017	645	408.837	4556	209.966
RCHGF001018	939	702.418	123	3.29932
RCHGF001019	768	531.49	373	13.223
RCHGF001020	120	12.2634	345	530.059
RCHGF001021	141	17.0367	141	155.937
RCHGF001022	1044	807.418	170	3.96703
RCHGF001023	1176	939.418	226	4.53278
RCHGF001024	645	408.837	112	5.16159
RCHGF001025	471	238.516	33	2.60683
RCHGF001026	927	690.418	124	3.38396
RCHGF001027	825	588.439	109	3.49012
RCHGF001028	765	528.49	109	3.88603
RCHGF001029	417	188.038	80	8.01603
RCHGF001030	2421	2184.42	747	6.44318
RCHGF001031	267	69.6465	396	107.13
RCHGF001032	702	465.61	830	33.587
RCHGF001033	795	558.471	723	24.3923
RCHGF001034	801	564.471	1315	43.8934
RCHGF001035	480	247.113	222	16.9268
RCHGF001036	2730	2493.42	2524	19.0726
RCHGF001037	501	267.39	1053	74.1992
RCHGF001038	1437	1200.42	6176	96.9372
RCHGF001039	1113	876.418	5315	114.263
RCHGF001040	1134	897.418	11224	235.651
RCHGF001041	753	516.49	323	11.783
RCHGF001042	870	633.425	558	16.5979
RCHGF001043	987	750.418	1302	32.6906
RCHGF001044	138	16.21	427	496.32
RCHGF001045	729	492.546	996	38.1003
RCHGF001046	1272	1035.42	768	13.9753
RCHGF001047	675	438.72	298	12.7981
RCHGF001048	768	531.49	190	6.73557
RCHGF001049	2370	2133.42	809	7.14477
RCHGF001050	474	241.392	642	50.1104
RCHGF001051	522	287.695	159	10.4131
RCHGF001052	852	615.439	546	16.7156
RCHGF001053	615	379.082	315	15.6565
RCHGF001054	237	52.6477	25	8.94697
RCHGF001055	351	130.515	170	24.5417
RCHGF001056	1086	849.418	3279	72.7337
RCHGF001057	744	507.512	5393	200.216
RCHGF001058	1344	1107.42	8188	139.31
RCHGF001059	444	212.997	733	64.8404
RCHGF001060	1995	1758.42	4679	50.1356
RCHGF001061	921	684.418	1249	34.384
RCHGF001062	228	48.0973	4003	1568.13
RCHGF001063	474	241.392	54496	4253.61
RCHGF001064	291	85.2806	16413	3626.21
RCHGF001065	195	34.114	574	317.026
RCHGF001066	111	10.6768	11	19.4119
RCHGF001067	216	42.626	138	60.9987
RCHGF001068	654	417.805	175	7.89187
RCHGF001069	1182	945.418	265	5.28126
RCHGF001070	1101	864.418	137	2.98615
RCHGF001071	1323	1086.42	374	6.4862
RCHGF001072	330	113.839	68	11.2547
RCHGF001073	318	104.738	71	12.7723
RCHGF001074	1041	804.418	193	4.52055
RCHGF001075	1896	1659.42	609	6.91476
RCHGF001076	156	21.0612	222	198.603
RCHGF001077	822	585.446	704	22.657
RCHGF001078	1353	1116.42	2751	46.4279
RCHGF001079	1311	1074.42	8124	142.466
RCHGF001080	810	573.459	109	3.5813
RCHGF001081	843	606.439	76	2.36125
RCHGF001082	705	468.605	101	4.06098
RCHGF001083	1023	786.418	120	2.87504
RCHGF001084	297	89.478	459	96.6523
RCHGF001085	1470	1233.42	432	6.59917
RCHGF001086	453	221.377	59	5.02152
RCHGF001087	1110	873.418	402	8.672
RCHGF001088	795	558.471	2006	67.6777
RCHGF001089	801	564.471	2247	75.0027
RCHGF001090	300	91.6342	94	19.3279
RCHGF001091	672	435.734	2092	90.4598
RCHGF001092	795	558.471	342	11.5383
RCHGF001093	366	142.927	191	25.1788
RCHGF001094	1530	1293.42	1092	15.9074
RCHGF001095	1038	801.418	512	12.0372
RCHGF001096	1290	1053.42	521	9.31864
RCHGF001097	363	140.441	46	6.17132
RCHGF001098	996	759.418	203	5.03652
RCHGF001099	540	305.263	95	5.8636
RCHGF001100	456	224.204	74	6.21877
RCHGF001101	999	762.418	247	6.10407
RCHGF001102	1257	1020.42	2818	52.0329
RCHGF001103	495	261.606	941	67.7732
RCHGF001104	750	513.495	505	18.5298
RCHGF001105	1338	1101.42	2133	36.4884
RCHGF001106	348	128.032	5492	808.218
RCHGF001107	1260	1023.42	7225	133.015
RCHGF001108	1443	1206.42	48949	764.472
RCHGF001109	171	25.6745	17	12.4757
RCHGF001110	1086	849.418	1045	23.1798
RCHGF001111	1929	1692.42	684	7.6149
RCHGF001112	174	26.6781	98	69.213
RCHGF001113	375	150.683	941	117.663
RCHGF001114	264	67.805	182	50.5738
RCHGF001115	1248	1011.42	496	9.23988
RCHGF001116	582	346.484	1727	93.9128
RCHGF001117	237	52.6477	3165	1132.69
RCHGF001118	216	42.626	1849	817.294
RCHGF001119	672	435.734	3078	133.095
RCHGF001120	1011	774.418	3012	73.2816
RCHGF001121	204	37.4011	36	18.1357
RCHGF001122	765	528.49	358	12.7633
RCHGF001123	2040	1803.42	2026	21.167
RCHGF001126	153	20.2202	145	135.113
RCHGF001127	3351	3114.42	3298	19.9521
RCHGF001128	150	19.371	36	35.0159
RCHGF001129	363	140.441	442	59.2984
RCHGF001130	1386	1149.42	376	6.16347
RCHGF001131	1035	798.418	242	5.71085
RCHGF001132	822	585.446	161	5.18149
RCHGF001133	753	516.49	183	6.67583
RCHGF001134	495	261.606	103	7.41832
RCHGF001135	408	179.934	56	5.86394
RCHGF001136	2769	2532.42	2648	19.7014
RCHGF001137	114	11.0875	204	346.665
RCHGF001138	1023	786.418	1642.71	39.3571
RCHGF001139	651	414.819	274	12.4454
RCHGF001140	2697	2460.42	4270	32.699
RCHGF001141	3207	2970.42	8407	53.326
RCHGF001142	774	537.49	2491	87.3211
RCHGF001143	555	319.964	111122	6543.56
RCHGF001144	618	382.039	5802	286.144
RCHGF001145	603	367.211	93	4.77181
RCHGF001146	699	462.625	291	11.8517
RCHGF001147	138	16.21	13	15.1104
RCHGF001148	714	477.584	118	4.6553
RCHGF001149	852	615.439	5260	161.033
RCHGF001150	1338	1101.42	9890	169.184
RCHGF001152	1281	1044.42	1390	25.0759
RCHGF001153	4032	3795.42	3334	16.5509
RCHGF001154	1128	891.418	308	6.51006
RCHGF001155	1479	1242.42	1395	21.1554
RCHGF001156	465	232.757	161	13.0328
RCHGF001157	333	116.107	59	9.57433
RCHGF001158	972	735.418	6448	165.199
RCHGF001159	129	13.8812	448	608.086
RCHGF001160	906	669.418	1515	42.6413
RCHGF001161	999	762.418	1358	33.56
RCHGF001162	171	25.6745	236	173.191
RCHGF001163	129	13.8812	87	118.088
RCHGF001164	312	100.303	887	166.619
RCHGF001165	1887	1650.42	522	5.95926
RCHGF001166	1734	1497.42	493	6.20325
RCHGF001167	426	196.283	229	21.9821
RCHGF001168	126	13.4892	1	1.39678
RCHGF001169	1068	831.418	252	5.7108
RCHGF001170	936	699.418	144	3.87919
RCHGF001171	1104	867.418	138	2.99755
RCHGF001172	252	60.7073	1108	343.886
RCHGF001173	972	735.418	13211	338.467
RCHGF001174	546	311.123	17339	1050.05
RCHGF001176	728	491.551	4793.19	183.726
RCHGF001178	528	293.52	1570	100.781
RCHGF001179	546	311.123	1996	120.877
RCHGF001180	342	123.193	997	152.485
RCHGF001181	327	111.556	476	80.3953
RCHGF001182	177	27.696	2182	1484.41
RCHGF001183	1509	1272.42	18833	278.872
RCHGF001184	2004	1767.42	3039	32.3972
RCHGF001185	591	355.363	1228	65.109
RCHGF001186	216	42.626	224	99.0123
RCHGF001187	432	201.805	60	5.60189
RCHGF001188	543	308.188	72	4.40182
RCHGF001189	1650	1413.42	415	5.53214
RCHGF001190	855	618.439	153	4.66133
RCHGF001191	1125	888.418	147	3.11757
RCHGF001192	453	221.377	145	12.341
RCHGF001193	417	188.038	55	5.51102
RCHGF001195	765	528.49	969	34.5464
RCHGF001196	987	750.418	2380	59.7571
RCHGF001197	147	18.6168	47	47.5673
RCHGF001198	1434	1197.42	1188	18.6933
RCHGF001199	2376	2139.42	3137	27.627
RCHGF001200	465	232.757	827	66.9451
RCHGF001201	111	10.6768	18	31.765
RCHGF001202	1785	1548.42	1140	13.8718
RCHGF001203	1596	1359.42	282	3.90851
RCHGF001204	1578	1341.42	507	7.1213
RCHGF001205	147	18.6168	8	8.09657
RCHGF001206	306	96.004	84	16.4856
RCHGF001207	144	17.8109	1353.32	1431.62
RCHGF001208	408	179.934	29727.7	3112.88
RCHGF001209	1680	1443.42	4814	62.839
RCHGF001210	1206	969.418	4101	79.7066
RCHGF001211	855	618.439	872	26.5665
RCHGF001212	612	376.124	976	48.8917
RCHGF001213	324	109.283	464	79.9987
RCHGF001214	252	60.7073	41	12.725
RCHGF001215	813	576.452	1046	34.1888
RCHGF001216	156	21.0612	100	89.4608
RCHGF001217	111	10.6768	13	22.9414
RCHGF001218	273	73.5418	103	26.3887
RCHGF001219	330	113.839	723	119.664
RCHGF001220	810	573.459	520	17.0851
RCHGF001221	363	140.441	308	41.321
RCHGF001222	273	73.5418	205	52.5213
RCHGF001223	525	290.605	346	22.4331
RCHGF001224	1131	894.418	317	6.67781
RCHGF001225	756	519.49	650	23.575
RCHGF001226	819	582.446	111	3.59073
RCHGF001227	699	462.625	96	3.90983
RCHGF001228	606	370.182	69	3.51196
RCHGF001229	1167	930.418	120	2.43007
RCHGF001230	840	603.439	68	2.1232
RCHGF001231	846	609.439	77	2.38054
RCHGF001232	1110	873.418	143	3.08482
RCHGF001233	576	340.553	58	3.20892
RCHGF001234	420	190.777	20	1.97524
RCHGF001235	747	510.512	1209	44.6206
RCHGF001236	681	444.68	873	36.9898
RCHGF001237	336	118.419	450	71.5988
RCHGF001238	432	201.805	354	33.0511
RCHGF001239	1236	999.418	2332	43.964
RCHGF001240	729	492.546	592	22.646
RCHGF001241	936	699.418	840	22.6286
RCHGF001242	1053	816.418	1952	45.0488
RCHGF001243	948	711.418	1282	33.953
RCHGF001244	972	735.418	3235	82.8811
RCHGF001245	930	693.418	1616	43.9098
RCHGF001246	870	633.425	1390	41.3461
RCHGF001247	1365	1128.42	2761	46.1012
RCHGF001248	462	229.871	1606	131.636
RCHGF001249	222	45.3906	750	311.323
RCHGF001250	1035	798.418	143	3.37459
RCHGF001251	798	561.471	131	4.39602
RCHGF001252	1002	765.418	257	6.3263
RCHGF001253	156	21.0612	2	1.78922
RCHGF001254	366	142.927	899	118.512
RCHGF001255	1251	1014.42	3800	70.5801
RCHGF001256	1215	978.418	13361	257.294
RCHGF001257	198	35.2127	26	13.912
RCHGF001258	1527	1290.42	751	10.9654
RCHGF001259	1200	963.418	5007	97.9216
RCHGF001260	777	540.49	3044	106.114
RCHGF001261	459	227.031	311	25.8102
RCHGF001262	1644	1407.42	6584.68	88.1509
RCHGF001263	186	30.9155	14	8.53232
RCHGF001264	1158	921.418	1055	21.573
RCHGF001265	846	609.439	229	7.0798
RCHGF001266	633	396.931	182	8.63916
RCHGF001267	354	132.935	36	5.10246
RCHGF001268	651	414.819	195	8.8571
RCHGF001269	579	343.522	790	43.3299
RCHGF001270	2928	2691.42	6445	45.1188
RCHGF001271	1302	1065.42	2381	42.1071
RCHGF001272	183	29.8034	574	362.879
RCHGF001273	666	429.744	1837	80.5406
RCHGF001274	1716	1479.42	677	8.62211
RCHGF001275	1917	1680.42	1579	17.7044
RCHGF001276	1749	1512.42	2475	30.8332
RCHGF001277	912	675.418	113	3.15225
RCHGF001278	111	10.6768	8	14.1178
RCHGF001279	1326	1089.42	1367	23.6423
RCHGF001280	2448	2211.42	2793	23.7966
RCHGF001281	540	305.263	7510	463.533
RCHGF001282	759	522.49	1968	70.9681
RCHGF001283	276	75.4896	1055	263.318
RCHGF001284	546	311.123	1667	100.953
RCHGF001285	1278	1041.42	375	6.78456
RCHGF001286	744	507.512	291	10.8034
RCHGF001287	1299	1062.42	504	8.93821
RCHGF001288	1434	1197.42	307	4.83068
RCHGF001289	1425	1188.42	237	3.75746
RCHGF001290	813	576.452	110	3.59538
RCHGF001291	747	510.512	178	6.56945
RCHGF001292	372	148.098	53	6.74285
RCHGF001293	705	468.605	2273	91.3921
RCHGF001294	1401	1164.42	1412	22.8476
RCHGF001295	1410	1173.42	1332	21.3878
RCHGF001296	930	693.418	728	19.7812
RCHGF001297	129	13.8812	0	0
RCHGF001298	618	382.039	411	20.2698
RCHGF001299	465	232.757	500	40.4746
RCHGF001300	213	41.2981	92	41.9734
RCHGF001301	747	510.512	1244	45.9124
RCHGF001302	966	729.418	492	12.7088
RCHGF001303	972	735.418	2316.88	59.3588
RCHGF001304	447	215.781	804	70.2033
RCHGF001305	2208	1971.42	913	8.72585
RCHGF001306	162	22.8199	14	11.5593
RCHGF001307	1068	831.418	182	4.12446
RCHGF001308	1092	855.418	189	4.16293
RCHGF001309	834	597.439	126	3.97368
RCHGF001310	873	636.425	112	3.31578
RCHGF001311	1278	1041.42	213	3.85363
RCHGF001312	1332	1095.42	234	4.02487
RCHGF001313	1008	771.418	2199	53.7095
RCHGF001314	966	729.418	1477	38.1522
RCHGF001315	1122	885.418	1305	27.7701
RCHGF001316	2082	1845.42	7476	76.3291
RCHGF001317	669	432.734	3844	167.37
RCHGF001318	264	67.805	630	175.063
RCHGF001319	180	28.7347	81	53.1121
RCHGF001320	633	396.931	2987	141.787
RCHGF001321	810	573.459	13407	440.499
RCHGF001322	1074	837.418	1177	26.4819
RCHGF001323	114	11.0875	16	27.1894
RCHGF001324	141	17.0367	32	35.3899
RCHGF001325	621	385.022	5124	250.749
RCHGF001326	489	255.789	3384	249.267
RCHGF001327	870	633.425	14225	423.129
RCHGF001328	1368	1131.42	33520	558.209
RCHGF001329	183	29.8034	112	70.8057
RCHGF001330	1365	1128.42	1889	31.5411
RCHGF001331	498	264.5	753	53.6396
RCHGF001332	477	244.245	405	31.2425
RCHGF001333	915	678.418	469	13.0254
RCHGF001334	948	711.418	1339	35.4627
RCHGF001335	948	711.418	2782	73.6797
RCHGF001336	117	11.7177	28	45.0228
RCHGF001337	348	128.032	1223	179.98
RCHGF001338	132	14.5868	37	47.7922
RCHGF001339	1041	804.418	706	16.5363
RCHGF001340	2514	2277.42	2045	16.9187
RCHGF001341	957	720.418	1562	40.8519
RCHGF001342	636	399.905	5526	260.357
RCHGF001343	2625	2388.42	5294	41.7628
RCHGF001344	261	65.9345	358	102.302
RCHGF001345	2817	2580.42	13736	100.297
RCHGF001346	1767	1530.42	7511	92.4705
RCHGF001347	969	732.418	351	9.0295
RCHGF001348	1443	1206.42	7886	123.161
RCHGF001349	198	35.2127	317960	170133
RCHGF001350	480	247.113	3727	284.171
RCHGF001351	111	10.6768	11	19.4119
RCHGF001352	642	405.86	334	15.5055
RCHGF001353	612	376.124	189	9.46775
RCHGF001354	1323	1086.42	461	7.99502
RCHGF001355	840	603.439	121	3.77805
RCHGF001356	378	153.246	50	6.14745
RCHGF001357	639	402.9	79	3.69441
RCHGF001358	828	591.439	145	4.61927
RCHGF001359	807	570.459	121	3.99647
RCHGF001360	483	249.99	37	2.78865
RCHGF001361	1125	888.418	155	3.28723
RCHGF001362	420	190.777	63	6.22201
RCHGF001363	759	522.49	744	26.8294
RCHGF001364	816	579.446	721	23.4443
RCHGF001365	147	18.6168	10	10.1207
RCHGF001366	1332	1095.42	393	6.75971
RCHGF001367	792	555.484	802	27.2031
RCHGF001368	219	44.0308	25	10.6979
RCHGF001369	369	145.532	243	31.4604
RCHGF001370	453	221.377	264	22.4692
RCHGF001371	165	23.6426	18	14.3448
RCHGF001372	1089	852.418	946	20.91
RCHGF001373	168	24.5702	23	17.6374
RCHGF001374	2169	1932.42	1360	13.2603
RCHGF001375	864	627.425	369	11.081
RCHGF001376	879	642.425	645	18.917
RCHGF001377	1332	1095.42	3273	56.2965
RCHGF001378	399	171.8	2600	285.144
RCHGF001379	1455	1218.42	5939	91.8401
RCHGF001380	1398	1161.42	19867	322.299
RCHGF001381	657	420.791	19888	890.513
RCHGF001382	1332	1095.42	4399	75.6641
RCHGF001383	1380	1143.42	5037	83.0008
RCHGF001384	1398	1161.42	2678	43.4448
RCHGF001385	114	11.0875	7	11.8954
RCHGF001386	129	13.8812	62	84.1548
RCHGF001387	339	120.809	657	102.466
RCHGF001388	342	123.193	141	21.565
RCHGF001389	336	118.419	681	108.353
RCHGF001390	768	531.49	2308	81.8195
RCHGF001391	159	21.9869	276	236.517
RCHGF001392	2211	1974.42	1823	17.3966
RCHGF001393	1164	927.418	1344	27.3048
RCHGF001394	1083	846.418	4140	92.1576
RCHGF001395	762	525.49	1323	47.4364
RCHGF001396	261	65.9345	59	16.8599
RCHGF001397	330	113.839	62	10.2617
RCHGF001398	687	450.661	768	32.109
RCHGF001399	1053	816.418	1669	38.5176
RCHGF001400	1251	1014.42	475	8.82251
RCHGF001401	1071	834.418	4500.83	101.631
RCHGF001402	828	591.439	821	26.1546
RCHGF001403	612	376.124	481	24.0952
RCHGF001404	1806	1569.42	4807	57.71
RCHGF001405	429	199.046	79	7.47805
RCHGF001406	822	585.446	1473	47.4058
RCHGF001407	528	293.52	1051	67.4653
RCHGF001408	789	552.49	455	15.5168
RCHGF001409	120	12.2634	50	76.8202
RCHGF001410	438	207.409	683	62.0454
RCHGF001411	648	411.833	156	7.13706
RCHGF001412	1152	915.418	368	7.57432
RCHGF001413	486	252.9	114	8.49321
RCHGF001414	870	633.425	219	6.51425
RCHGF001415	1143	906.418	162	3.36746
RCHGF001416	888	651.418	231	6.6814
RCHGF001417	423	193.523	84	8.17831
RCHGF001418	474	241.392	87	6.79066
RCHGF001419	492	258.702	80	5.82647
RCHGF001420	585	349.426	51	2.74999
RCHGF001421	243	55.8105	17	5.73916
RCHGF001422	765	528.49	250	8.9129
RCHGF001423	2247	2010.42	12709	119.108
RCHGF001424	1458	1221.42	10472	161.54
RCHGF001426	117	11.7177	84	135.068
RCHGF001427	417	188.038	59	5.91182
RCHGF001428	222	45.3906	1085	450.38
RCHGF001430	1764	1527.42	3042	37.5247
RCHGF001431	576	340.553	502	27.7738
RCHGF001432	663	426.753	1414	62.4292
RCHGF001433	867	630.425	2660	79.4994
RCHGF001434	1731	1494.42	4822	60.7954
RCHGF001435	747	510.512	1314	48.4959
RCHGF001436	1053	816.418	3112	71.8195
RCHGF001437	123	12.8519	427.766	627.126
RCHGF001438	132	14.5868	2147.23	2773.54
RCHGF001439	150	19.371	796	774.241
RCHGF001440	1329	1092.42	2104	36.2888
RCHGF001441	1395	1158.42	1996	32.4647
RCHGF001442	876	639.425	139	4.09582
RCHGF001443	456	224.204	78	6.55492
RCHGF001444	945	708.418	164	4.36184
RCHGF001445	753	516.49	174	6.34751
RCHGF001447	939	702.418	327	8.77137
RCHGF001448	666	429.744	253	11.0924
RCHGF001449	645	408.837	174	8.01889
RCHGF001450	927	690.418	207	5.64903
RCHGF001451	429	199.046	55	5.20624
RCHGF001452	504	270.293	41	2.85801
RCHGF001453	858	621.439	179	5.42713
RCHGF001454	819	582.446	238	7.69905
RCHGF001455	891	654.418	230	6.62198
RCHGF001456	843	606.439	1597	49.6173
RCHGF001457	1188	951.418	1705	33.7651
RCHGF001458	1872	1635.42	2835	32.6618
RCHGF001459	351	130.515	991	143.064
RCHGF001460	738	501.535	319	11.9841
RCHGF001461	858	621.439	1848	56.0298
RCHGF001462	1071	834.418	2328	52.5672
RCHGF001463	153	20.2202	50	46.5907
RCHGF001464	2274	2037.42	906	8.37845
RCHGF001465	537	302.307	354	22.0633
RCHGF001466	1611	1374.42	947	12.9822
RCHGF001467	1359	1122.42	789	13.2446
RCHGF001468	1533	1296.42	3700	53.774
RCHGF001469	486	252.9	2705	201.528
RCHGF001470	714	477.584	151	5.95721
RCHGF001471	660	423.782	128	5.69093
RCHGF001472	615	379.082	86.2589	4.28733
RCHGF001473	852	615.439	633	19.3791
RCHGF001474	675	438.72	363	15.5896
RCHGF001475	699	462.625	224	9.12293
RCHGF001476	990	753.418	1112	27.8089
RCHGF001477	1005	768.418	2018	49.4811
RCHGF001478	666	429.744	517	22.6671
RCHGF001479	630	393.953	375	17.935
RCHGF001480	510	276.074	1918	130.9
RCHGF001481	1431	1194.42	2954	46.5983
RCHGF001482	1392	1155.42	2349	38.3054
RCHGF001483	987	750.418	2537	63.699
RCHGF001484	1878	1641.42	3392	38.9361
RCHGF001485	2364	2127.42	3438	30.4487
RCHGF001486	738	501.535	213	8.00192
RCHGF001487	1878	1641.42	454	5.21137
RCHGF001488	843	606.439	184	5.71671
RCHGF001489	666	429.744	125	5.48045
RCHGF001490	1029	792.418	533	12.6733
RCHGF001491	678	441.7	571	24.357
RCHGF001492	888	651.418	1163	33.6384
RCHGF001493	1506	1269.42	2013	29.8782
RCHGF001495	1692	1455.42	5958	77.1309
RCHGF001496	1014	777.418	1011	24.5026
RCHGF001497	888	651.418	808	23.3705
RCHGF001498	453	221.377	73	6.21306
RCHGF001499	606	370.182	282	14.3532
RCHGF001501	897	660.418	556	15.8625
RCHGF001502	1086	849.418	255	5.65632
RCHGF001503	816	579.446	257	8.35672
RCHGF001504	843	606.439	169	5.25067
RCHGF001505	771	534.49	198	6.97978
RCHGF001506	492	258.702	119	8.66688
RCHGF001507	417	188.038	237	23.7475
RCHGF001508	1953	1716.42	949	10.4174
RCHGF001509	1371	1134.42	1034	17.1737
RCHGF001510	171	25.6745	9	6.60476
RCHGF001511	777	540.49	333	11.6084
RCHGF001512	126	13.4892	22	30.7292
RCHGF001513	417	188.038	37	3.70741
RCHGF001514	912	675.418	169	4.71443
RCHGF001515	984	747.418	359	9.04995
RCHGF001516	132	14.5868	23	29.7087
RCHGF001517	894	657.418	260	7.45156
RCHGF001518	1371	1134.42	702	11.6595
RCHGF001519	114	11.0875	12	20.3921
RCHGF001520	801	564.471	804	26.8368
RCHGF001521	2607	2370.42	1233	9.80062
RCHGF001522	450	218.576	108	9.30975
RCHGF001523	1470	1233.42	651	9.94458
RCHGF001524	2022	1785.42	32156	339.342
RCHGF001525	537	302.307	1650	102.837
RCHGF001526	1218	981.418	2535	48.6676
RCHGF001527	771	534.49	904	31.8673
RCHGF001528	288	83.2656	328	74.2205
RCHGF001529	369	145.532	535	69.2646
RCHGF001530	180	28.7347	656.893	430.728
RCHGF001531	387	161.082	1158	135.45
RCHGF001532	1866	1629.42	416	4.81035
RCHGF001533	135	15.4266	1	1.22136
RCHGF001534	567	331.718	66	3.74879
RCHGF001535	183	29.8034	11	6.95413
RCHGF001536	1098	861.418	3763	82.3068
RCHGF001537	984	747.418	2471	62.2909
RCHGF001538	621	385.022	258	12.6255
RCHGF001539	870	633.425	143	4.2536
RCHGF001540	1578	1341.42	1947	27.3475
RCHGF001541	1671	1434.42	1928	25.3248
RCHGF001542	201	36.2524	31	16.1117
RCHGF001543	153	20.2202	209	194.749
RCHGF001544	972	735.418	1526	39.0963
RCHGF001545	1488	1251.42	8977	135.159
RCHGF001546	468	235.631	96	7.67636
RCHGF001547	372	148.098	33	4.19838
RCHGF001548	954	717.418	161	4.22833
RCHGF001549	456	224.204	43	3.61361
RCHGF001550	1581	1344.42	383	5.3676
RCHGF001551	870	633.425	3031	90.1584
RCHGF001552	846	609.439	565	17.4676
RCHGF001553	756	519.49	291	10.5544
RCHGF001554	798	561.471	305	10.235
RCHGF001555	420	190.777	165	16.2957
RCHGF001556	1224	987.418	483	9.21641
RCHGF001557	798	561.471	249	8.35579
RCHGF001558	777	540.49	233	8.1224
RCHGF001559	477	244.245	123	9.48845
RCHGF001560	2727	2490.42	912	6.89983
RCHGF001561	735	498.54	551	20.8241
RCHGF001562	1203	966.418	4256	82.9759
RCHGF001563	1341	1104.42	5788	98.744
RCHGF001564	282	79.3473	1361	323.178
RCHGF001565	435	204.609	251	23.1134
RCHGF001566	645	408.837	723	33.3199
RCHGF001567	1056	819.418	1672	38.4456
RCHGF001568	1515	1278.42	3196	47.1031
RCHGF001569	1368	1131.42	298	4.96259
RCHGF001570	660	423.782	249	11.0706
RCHGF001571	837	600.439	190	5.96211
RCHGF001572	771	534.49	100	3.52514
RCHGF001573	471	238.516	57	4.5027
RCHGF001574	414	185.284	37	3.76253
RCHGF001575	843	606.439	107	3.32439
RCHGF001576	648	411.833	94	4.30054
RCHGF001577	1029	792.418	336	7.98915
RCHGF001578	729	492.546	1525	58.3363
RCHGF001579	699	462.625	1544	62.883
RCHGF001580	540	305.263	477	29.4415
RCHGF001581	1719	1482.42	1995	25.3564
RCHGF001582	867	630.425	5164	154.336
RCHGF001583	1677	1440.42	7061	92.362
RCHGF001584	885	648.418	2734	79.4436
RCHGF001585	885	648.418	158	4.59111
RCHGF001586	1041	804.418	155	3.63049
RCHGF001587	1158	921.418	172	3.51712
RCHGF001588	834	597.439	136	4.28905
RCHGF001589	753	516.49	137	4.99775
RCHGF001590	480	247.113	61	4.65105
RCHGF001591	399	171.8	91	9.98006
RCHGF001592	2433	2196.42	2255	19.344
RCHGF001593	1317	1080.42	2328	40.5982
RCHGF001594	1668	1431.42	632	8.31891
RCHGF001595	1230	993.418	335	6.35372
RCHGF001597	708	471.594	191	7.63098
RCHGF001598	711	474.589	136	5.39929
RCHGF001599	741	504.524	121	4.51876
RCHGF001600	693	456.641	195	8.04592
RCHGF001601	414	185.284	101	10.2707
RCHGF001602	207	38.6211	186	90.741
RCHGF001603	414	185.284	3956	402.286
RCHGF001604	183	29.8034	137	86.6105
RCHGF001605	1104	867.418	16058	348.802
RCHGF001606	135	15.4266	54	65.9535
RCHGF001607	111	10.6768	1	1.76472
RCHGF001608	117	11.7177	55	88.4376
RCHGF001609	336	118.419	1884	299.76
RCHGF001610	612	376.124	1091	54.6525
RCHGF001611	333	116.107	545	88.4408
RCHGF001612	621	385.022	455	22.2659
RCHGF001613	1227	990.418	1690	32.1502
RCHGF001614	1167	930.418	614	12.4339
RCHGF001615	387	161.082	251	29.3591
RCHGF001616	819	582.446	506	16.3686
RCHGF001617	990	753.418	2062	51.5666
RCHGF001618	363	140.441	587	78.7515
RCHGF001619	1122	885.418	648	13.7893
RCHGF001620	774	537.49	445	15.5993
RCHGF001621	1104	867.418	237	5.14796
RCHGF001622	1272	1035.42	255	4.64024
RCHGF001623	297	89.478	13	2.73743
RCHGF001624	483	249.99	55	4.1453
RCHGF001625	2868	2631.42	1402	10.0386
RCHGF001626	555	319.964	6016	354.26
RCHGF001627	1260	1023.42	40965	754.181
RCHGF001628	696	459.63	1844	75.5906
RCHGF001629	1599	1362.42	2534	35.0438
RCHGF001630	546	311.123	784	47.4789
RCHGF001631	555	319.964	558	32.8585
RCHGF001632	1290	1053.42	1354	24.2177
RCHGF001633	450	218.576	123	10.6028
RCHGF001634	1347	1110.42	445	7.55073
RCHGF001635	462	229.871	933	76.4737
RCHGF001636	876	639.425	370	10.9025
RCHGF001637	2073	1836.42	1105	11.3372
RCHGF001638	648	411.833	130	5.94755
RCHGF001639	480	247.113	95	7.24343
RCHGF001640	888	651.418	147.045	4.2531
RCHGF001641	612	376.124	81	4.05761
RCHGF001642	759	522.49	84	3.02913
RCHGF001643	1287	1050.42	290	5.20177
RCHGF001644	273	73.5418	21	5.38023
RCHGF001645	441	210.181	117	10.4883
RCHGF001646	294	87.3796	1754	378.212
RCHGF001647	552	317.011	3058	181.752
RCHGF001648	1311	1074.42	5606	98.3095
RCHGF001649	1482	1245.42	1290	19.516
RCHGF001650	663	426.753	403	17.7928
RCHGF001651	750	513.495	179	6.56798
RCHGF001652	468	235.631	33	2.63875
RCHGF001653	744	507.512	212	7.87055
RCHGF001654	762	525.49	182	6.52564
RCHGF001655	2739	2502.42	965	7.26579
RCHGF001656	468	235.631	142	11.3546
RCHGF001657	747	510.512	221	8.15646
RCHGF001658	819	582.446	138	4.46415
RCHGF001659	1131	894.418	350	7.37298
RCHGF001660	387	161.082	61	7.13508
RCHGF001661	564	328.766	1550	88.8303
RCHGF001662	714	477.584	1242	48.9991
RCHGF001663	870	633.425	741	22.0414
RCHGF001664	1230	993.418	3394	64.3718
RCHGF001665	174	26.6781	1807	1276.2
RCHGF001666	1251	1014.42	488	9.06397
RCHGF001667	1398	1161.42	374	6.06734
RCHGF001668	180	28.7347	46	30.1624
RCHGF001669	363	140.441	64	8.58619
RCHGF001670	426	196.283	83	7.96731
RCHGF001671	2028	1791.42	2372	24.9479
RCHGF001672	1422	1185.42	600	9.53664
RCHGF001673	345	125.586	46	6.90132
RCHGF001674	1239	1002.42	345	6.48464
RCHGF001675	318	104.738	68	12.2326
RCHGF001676	1884	1647.42	1772	20.2663
RCHGF001677	756	519.49	397	14.3989
RCHGF001678	126	13.4892	5	6.9839
RCHGF001679	165	23.6426	22	17.5325
RCHGF001680	888	651.418	187	5.40876
RCHGF001681	864	627.425	258	7.74771
RCHGF001682	729	492.546	1212	46.363
RCHGF001683	537	302.307	45971	2865.17
RCHGF001684	405	177.217	9837	1045.86
RCHGF001685	486	252.9	642	47.8302
RCHGF001686	804	567.465	2354	78.1597
RCHGF001687	849	612.439	899	27.6575
RCHGF001689	561	325.835	241	13.9359
RCHGF001690	1263	1026.42	3916	71.8843
RCHGF001691	426	196.283	1292	124.021
RCHGF001692	1083	846.418	797	17.7414
RCHGF001693	750	513.495	185	6.78814
RCHGF001694	714	477.584	276	10.8887
RCHGF001695	735	498.54	1548	58.5041
RCHGF001696	843	606.439	332	10.3149
RCHGF001697	168	24.5702	12	9.20213
RCHGF001698	780	543.49	469	16.2591
RCHGF001699	1197	960.418	377	7.39599
RCHGF001700	1104	867.418	3444	74.8084
RCHGF001701	468	235.631	22312	1784.11
RCHGF001702	774	537.49	27926	978.936
RCHGF001703	864	627.425	231	6.9369
RCHGF001704	852	615.439	110	3.36762
RCHGF001705	1086	849.418	270	5.98905
RCHGF001706	309	98.1653	92	17.6582
RCHGF001707	453	221.377	71	6.04284
RCHGF001708	1962	1725.42	353	3.85475
RCHGF001709	888	651.418	201	5.81369
RCHGF001710	1470	1233.42	470	7.17965
RCHGF001711	228	48.0973	31	12.1439
RCHGF001712	1173	936.418	459	9.23546
RCHGF001713	447	215.781	116	10.1288
RCHGF001714	1581	1344.42	27553	386.145
RCHGF001715	990	753.418	355	8.87785
RCHGF001716	906	669.418	1252.27	35.2464
RCHGF001717	615	379.082	734	36.482
RCHGF001718	564	328.766	630	36.1052
RCHGF001719	684	447.661	5226	219.956
RCHGF001720	1044	807.418	25899	604.366
RCHGF001721	420	190.777	54	5.33315
RCHGF001722	435	204.609	18	1.65754
RCHGF001723	324	109.283	21	3.62063
RCHGF001724	924	687.418	220	6.03
RCHGF001725	1545	1308.42	3239	46.6423
RCHGF001726	726	489.557	621	23.9003
RCHGF001727	288	83.2656	139.48	31.5618
RCHGF001728	468	235.631	307	24.5484
RCHGF001729	789	552.49	391	13.3342
RCHGF001730	585	349.426	456	24.5881
RCHGF001731	609	373.157	147	7.42235
RCHGF001732	729	492.546	149	5.69974
RCHGF001733	783	546.49	152	5.24055
RCHGF001734	471	238.516	44	3.47577
RCHGF001735	444	212.997	30	2.65377
RCHGF001736	1656	1419.42	187	2.48226
RCHGF001737	1002	765.418	119	2.9293
RCHGF001738	849	612.439	166	5.10694
RCHGF001739	744	507.512	674	25.0224
RCHGF001741	891	654.418	646.955	18.6266
RCHGF001743	450	218.576	5857	504.881
RCHGF001745	843	606.439	739	22.96
RCHGF001746	1512	1275.42	1158	17.1069
RCHGF001747	606	370.182	1712	87.1373
RCHGF001748	723	486.562	1108	42.9059
RCHGF001749	477	244.245	706	54.4622
RCHGF001750	612	376.124	2372	118.823
RCHGF001752	390	163.733	52011	5985.14
RCHGF001754	1671	1434.42	444	5.83207
RCHGF001755	1482	1245.42	3758	56.8535
RCHGF001756	1260	1023.42	3763	69.2782
RCHGF001757	702	465.61	548	22.1755
RCHGF001758	717	480.584	2587	101.425
RCHGF001759	678	441.7	1436	61.2551
RCHGF001761	1254	1017.42	2064	38.2231
RCHGF001762	336	118.419	97	15.4335
RCHGF001763	291	85.2806	324	71.5831
RCHGF001764	261	65.9345	1363	389.492
RCHGF001765	135	15.4266	0	0
RCHGF001766	348	128.032	26	3.82623
RCHGF001767	300	91.6342	21	4.31795
RCHGF001768	462	229.871	182	14.9177
RCHGF001769	1035	798.418	756	17.8405
RCHGF001770	333	116.107	76	12.333
RCHGF001771	1314	1077.42	558	9.75811
RCHGF001772	1563	1326.42	753	10.6962
RCHGF001773	510	276.074	159	10.8515
RCHGF001774	135	15.4266	3	3.66409
RCHGF001775	1833	1596.42	1447	17.078
RCHGF001776	1812	1575.42	1205	14.4114
RCHGF001777	255	62.3456	365	110.307
RCHGF001778	492	258.702	834	60.741
RCHGF001779	378	153.246	691	84.9578
RCHGF001780	417	188.038	162	16.2325
RCHGF001781	1170	933.418	192	3.87561
RCHGF001782	135	15.4266	2	2.44272
RCHGF001783	156	21.0612	10	8.94608
RCHGF001784	420	190.777	2384	235.449
RCHGF001785	1479	1242.42	3024	45.8595
RCHGF001786	2583	2346.42	845	6.78527
RCHGF001787	681	444.68	183	7.75387
RCHGF001788	1002	765.418	159	3.91394
RCHGF001789	687	450.661	129	5.39331
RCHGF001790	693	456.641	186	7.67457
RCHGF001791	438	207.409	163	14.8073
RCHGF001792	849	612.439	340	10.46
RCHGF001793	738	501.535	214	8.03949
RCHGF001794	717	480.584	158	6.19446
RCHGF001795	408	179.934	1166	122.096
RCHGF001796	636	399.905	966	45.5131
RCHGF001797	855	618.439	899	27.3891
RCHGF001798	372	148.098	276	35.1137
RCHGF001799	720	483.578	444	17.2994
RCHGF001800	402	174.535	141	15.2213
RCHGF001801	141	17.0367	39	43.1314
RCHGF001803	885	648.418	313	9.09504
RCHGF001804	561	325.835	30	1.73476
RCHGF001805	549	314.074	58	3.47946
RCHGF001806	1431	1194.42	2203	34.7515
RCHGF001807	822	585.446	1512	48.661
RCHGF001808	1386	1149.42	1141	18.7035
RCHGF001809	1065	828.418	1245	28.3162
RCHGF001810	1164	927.418	3740	75.9822
RCHGF001811	1044	807.418	862	20.1152
RCHGF001812	1605	1368.42	1342	18.4778
RCHGF001813	600	364.272	118	6.10341
RCHGF001814	294	87.3796	26	5.60633
RCHGF001815	186	30.9155	961.404	585.929
RCHGF001816	1308	1071.42	174	3.05989
RCHGF001817	465	232.757	465	37.6414
RCHGF001819	801	564.471	2553	85.2167
RCHGF001820	780	543.49	2818	97.6934
RCHGF001821	744	507.512	1763	65.4518
RCHGF001822	162	22.8199	32	26.4211
RCHGF001823	183	29.8034	102.166	64.5885
RCHGF001824	852	615.439	251	7.6843
RCHGF001825	504	270.293	76	5.29778
RCHGF001826	1050	813.418	5716	132.402
RCHGF001827	1071	834.418	1387	31.319
RCHGF001828	1977	1740.42	4197	45.4361
RCHGF001829	951	714.418	1366	36.0258
RCHGF001830	1875	1638.42	286	3.28895
RCHGF001831	1044	807.418	208	4.85378
RCHGF001832	321	106.978	22	3.87474
RCHGF001833	330	113.839	52	8.60656
RCHGF001834	1332	1095.42	279	4.79888
RCHGF001835	1077	840.418	158	3.54223
RCHGF001836	1182	945.418	113	2.25201
RCHGF001837	453	221.377	1256	106.899
RCHGF001838	420	190.777	621	61.3313
RCHGF001839	561	325.835	1395	80.6663
RCHGF001840	462	229.871	778	63.7691
RCHGF001841	438	207.409	942	85.5736
RCHGF001842	1245	1008.42	984	18.3853
RCHGF001843	1299	1062.42	6562	116.374
RCHGF001844	486	252.9	5252	391.284
RCHGF001845	501	267.39	1145	80.682
RCHGF001846	711	474.589	2075	82.3789
RCHGF001847	1206	969.418	1689	32.8272
RCHGF001848	888	651.418	281	8.1276
RCHGF001849	123	12.8519	20	29.321
RCHGF001850	354	132.935	68	9.63799
RCHGF001851	348	128.032	542	79.7622
RCHGF001852	1146	909.418	6371	131.996
RCHGF001853	558	322.907	12579	733.98
RCHGF001854	192	33.073	2913	1659.52
RCHGF001855	360	137.912	1733	236.762
RCHGF001856	435	204.609	4926	453.612
RCHGF001857	1305	1068.42	1299	22.9078
RCHGF001858	186	30.9155	795	484.514
RCHGF001859	1320	1083.42	4852	84.3802
RCHGF001860	114	11.0875	24	40.7842
RCHGF001861	1317	1080.42	2950	51.4453
RCHGF001862	879	642.425	8069	236.653
RCHGF001863	378	153.246	9420	1158.18
RCHGF001864	129	13.8812	9	12.216
RCHGF001865	765	528.49	1416	50.4827
RCHGF001866	2343	2106.42	1291	11.5477
RCHGF001867	918	681.418	587	16.2308
RCHGF001868	675	438.72	1541	66.1807
RCHGF001869	855	618.439	1892	57.6421
RCHGF001870	891	654.418	191	5.49913
RCHGF001871	1191	954.418	3320	65.5413
RCHGF001872	147	18.6168	370	374.466
RCHGF001873	291	85.2806	427	94.3394
RCHGF001874	1161	924.418	1524	31.0622
RCHGF001875	807	570.459	574	18.9585
RCHGF001876	777	540.49	3420	119.221
RCHGF001877	759	522.49	2413	87.0152
RCHGF001878	1014	777.418	4957	120.138
RCHGF001879	618	382.039	7610	375.312
RCHGF001880	1812	1575.42	38855	464.694
RCHGF001881	1191	954.418	7008	138.347
RCHGF001882	1113	876.418	10680	229.602
RCHGF001884	1290	1053.42	1576	28.1884
RCHGF001885	1395	1158.42	2901	47.1844
RCHGF001886	675	438.72	2270	97.4887
RCHGF001887	444	212.997	201	17.7802
RCHGF001888	1374	1137.42	323	5.35054
RCHGF001889	513	278.996	1104	74.5567
RCHGF001890	1356	1119.42	811	13.6504
RCHGF001891	837	600.439	1009	31.662
RCHGF001892	567	331.718	1357	77.0773
RCHGF001893	381	155.853	64	7.73715
RCHGF001894	603	367.211	155	7.95302
RCHGF001895	606	370.182	678	34.5088
RCHGF001896	126	13.4892	21	29.3324
RCHGF001897	1419	1182.42	467	7.44152
RCHGF001898	1932	1695.42	865	9.61291
RCHGF001899	855	618.439	245	7.46422
RCHGF001900	579	343.522	433	23.7492
RCHGF001901	1662	1425.42	2964	39.1788
RCHGF001902	993	756.418	3297	82.1245
RCHGF001903	489	255.789	148	10.9017
RCHGF001904	1668	1431.42	2566	33.7758
RCHGF001905	1200	963.418	838	16.3887
RCHGF001906	1317	1080.42	6612	115.307
RCHGF001907	1398	1161.42	770	12.4916
RCHGF001908	1449	1212.42	1812	28.1593
RCHGF001909	126	13.4892	0	0
RCHGF001910	972	735.418	1020	26.1325
RCHGF001911	669	432.734	88	3.83157
RCHGF001912	1491	1254.42	390	5.85785
RCHGF001913	861	624.439	659	19.8843
RCHGF001914	1719	1482.42	612	7.77851
RCHGF001915	183	29.8034	83	52.472
RCHGF001916	504	270.293	2051	142.97
RCHGF001917	1101	864.418	627	13.6666
RCHGF001918	327	111.556	329	55.5673
RCHGF001919	171	25.6745	139	102.007
RCHGF001920	255	62.3456	1060	320.343
RCHGF001921	411	182.618	80	8.25394
RCHGF001922	465	232.757	1146	92.7679
RCHGF001923	1272	1035.42	10348	188.303
RCHGF001924	561	325.835	69	3.98995
RCHGF001925	243	55.8105	9159	3092.06
RCHGF001926	495	261.606	2061	148.438
RCHGF001927	591	355.363	1533	81.2803
RCHGF001928	507	273.181	1131	78.006
RCHGF001929	585	349.426	791	42.6518
RCHGF001930	1671	1434.42	2799	36.7657
RCHGF001931	828	591.439	2314	73.7172
RCHGF001932	1335	1098.42	1133	19.4347
RCHGF001933	249	59.0803	19	6.05936
RCHGF001934	1005	768.418	541	13.2652
RCHGF001935	1164	927.418	1327	26.9594
RCHGF001936	891	654.418	1035	29.7989
RCHGF001937	1020	783.418	5616	135.067
RCHGF001938	876	639.425	917	27.0206
RCHGF001939	462	229.871	14227	1166.12
RCHGF001940	144	17.8109	60	63.4718
RCHGF001941	531	296.454	192	12.2028
RCHGF001942	2064	1827.42	1988	20.4972
RCHGF001943	1617	1380.42	72513	989.739
RCHGF001944	264	67.805	7709	2142.16
RCHGF001945	123	12.8519	81	118.75
RCHGF001946	933	696.418	2998	81.1105
RCHGF001947	1737	1500.42	3497	43.9136
RCHGF001948	522	287.695	820	53.7028
RCHGF001950	624	387.997	326	15.8309
RCHGF001951	1902	1665.42	3288	37.1984
RCHGF001952	549	314.074	10732	643.82
RCHGF001953	1230	993.418	1496	28.3736
RCHGF001954	903	666.418	880	24.8801
RCHGF001955	318	104.738	27	4.85708
RCHGF001956	396	169.113	25	2.78534
RCHGF001957	126	13.4892	2	2.79356
RCHGF001958	111	10.6768	0	0
RCHGF001959	690	453.651	56	2.32585
RCHGF001960	780	543.49	85	2.94675
RCHGF001961	1023	786.418	102	2.44378
RCHGF001962	159	21.9869	17	14.5681
RCHGF001963	375	150.683	27	3.3761
RCHGF001964	1581	1344.42	225	3.15329
RCHGF001965	1077	840.418	585	13.1152
RCHGF001966	1419	1182.42	6806	108.452
RCHGF001967	960	723.418	10122	263.629
RCHGF001968	912	675.418	473	13.1948
RCHGF001969	1194	957.418	1350	26.5673
RCHGF001970	591	355.363	157	8.3242
RCHGF001971	828	591.439	528	16.8205
RCHGF001972	2583	2346.42	4170	33.4847
RCHGF001973	954	717.418	3088	81.0999
RCHGF001974	774	537.49	92	3.22503
RCHGF001975	573	337.621	98	5.46906
RCHGF001976	1107	870.418	4854	105.072
RCHGF001977	774	537.49	358	12.5496
RCHGF001978	564	328.766	87	4.98596
RCHGF001979	552	317.011	1457	86.5967
RCHGF001980	834	597.439	2200	69.3816
RCHGF001981	687	450.661	68	2.84299
RCHGF001982	408	179.934	67	7.01579
RCHGF001983	591	355.363	4021	213.195
RCHGF001984	744	507.512	341	12.6597
RCHGF001986	765	528.49	5985	213.375
RCHGF001987	246	57.5245	1056	345.881
RCHGF001988	369	145.532	2780	359.917
RCHGF001989	705	468.605	634	25.4917
RCHGF001990	1284	1047.42	269	4.83891
RCHGF001991	378	153.246	25	3.07373
RCHGF001992	1089	852.418	181	4.00075
RCHGF001993	312	100.303	21	3.94475
RCHGF001994	441	210.181	74	6.63366
RCHGF001995	1941	1704.42	860	9.50688
RCHGF001996	1245	1008.42	1054	19.6932
RCHGF001997	885	648.418	2244	65.2054
RCHGF001998	1227	990.418	2844	54.1037
RCHGF001999	372	148.098	132	16.7935
RCHGF002000	726	489.557	350	13.4704
RCHGF002001	327	111.556	1135	191.699
RCHGF002002	438	207.409	469	42.6051
RCHGF002003	507	273.181	272	18.7601
RCHGF002004	177	27.696	66	44.8996
RCHGF002005	642	405.86	183	8.49553
RCHGF002006	603	367.211	83	4.25872
RCHGF002007	360	137.912	58	7.92396
RCHGF002008	837	600.439	567	17.7922
RCHGF002009	705	468.605	533	21.4307
RCHGF002010	657	420.791	271	12.1344
RCHGF002011	414	185.284	1245	126.604
RCHGF002012	1215	978.418	9662	186.062
RCHGF002013	1185	948.418	751	14.9195
RCHGF002014	642	405.86	151	7.00997
RCHGF002015	1422	1185.42	6648	105.666
RCHGF002016	1314	1077.42	3244	56.7299
RCHGF002017	654	417.805	2058	92.8084
RCHGF002018	984	747.418	6640.87	167.408
RCHGF002019	804	567.465	155	5.14646
RCHGF002020	414	185.284	432	43.9301
RCHGF002021	360	137.912	1266	172.961
RCHGF002022	318	104.738	855	153.807
RCHGF002023	1653	1416.42	2885	38.3769
RCHGF002024	1737	1500.42	3365	42.256
RCHGF002025	1626	1389.42	3524	47.788
RCHGF002026	246	57.5245	153	50.1135
RCHGF002027	762	525.49	1524	54.6432
RCHGF002028	912	675.418	336	9.37308
RCHGF002029	399	171.8	46	5.04486
RCHGF002030	1227	990.418	460	8.75094
RCHGF002031	804	567.465	271	8.998
RCHGF002032	771	534.49	158	5.56972
RCHGF002033	471	238.516	69	5.45064
RCHGF002034	2688	2451.42	736	5.65687
RCHGF002035	120	12.2634	25	38.4101
RCHGF002036	594	358.316	632	33.2328
RCHGF002037	957	720.418	1382.3	36.1522
RCHGF002038	765	528.49	1498	53.4061
RCHGF002039	987	750.418	1252	31.4352
RCHGF002040	462	229.871	356	29.1797
RCHGF002041	942	705.418	580	15.4916
RCHGF002042	1125	888.418	2306	48.9055
RCHGF002043	141	17.0367	108	119.441
RCHGF002044	1095	858.418	1501	32.9456
RCHGF002045	159	21.9869	312	267.367
RCHGF002046	1464	1227.42	3067	47.08
RCHGF002047	780	543.49	2761	95.7174
RCHGF002048	123	12.8519	19	27.8549
RCHGF002050	1548	1311.42	199	2.85909
RCHGF002051	810	573.459	68	2.2342
RCHGF002052	783	546.49	90	3.10296
RCHGF002053	321	106.978	34	5.98824
RCHGF002054	1092	855.418	73	1.6079
RCHGF002055	225	46.63	0	0
RCHGF002056	228	48.0973	22	8.61823
RCHGF002057	357	135.398	172	23.9349
RCHGF002059	444	212.997	225	19.9033
RCHGF002060	198	35.2127	6	3.21046
RCHGF002061	1899	1662.42	1299	14.7226
RCHGF002062	117	11.7177	21	33.7671
RCHGF002063	1188	951.418	6016	119.138
RCHGF002064	204	37.4011	18	9.06784
RCHGF002065	231	49.5658	40	15.2052
RCHGF002066	417	188.038	206	20.6413
RCHGF002067	357	135.398	2546	354.292
RCHGF002068	222	45.3906	41	17.019
RCHGF002069	1683	1446.42	327	4.25961
RCHGF002070	621	385.022	5323	260.487
RCHGF002071	906	669.418	84	2.36427
RCHGF002072	1005	768.418	85	2.08419
RCHGF002073	2187	1950.42	236	2.27982
RCHGF002074	2448	2211.42	238	2.02778
RCHGF002075	402	174.535	19	2.0511
RCHGF002076	501	267.39	50	3.52323
RCHGF002077	486	252.9	23	1.71354
RCHGF002078	267	69.6465	11	2.97584
RCHGF002079	219	44.0308	15	6.41875
RCHGF002080	141	17.0367	3	3.3178
RCHGF002081	1194	957.418	150	2.95192
RCHGF002082	1392	1155.42	122	1.98946
RCHGF002083	381	155.853	58	7.01179
RCHGF002084	327	111.556	54	9.12047
RCHGF002085	3057	2820.42	373	2.49179
RCHGF002086	378	153.246	2168	266.554
RCHGF002087	384	158.438	7326	871.209
RCHGF002088	138	16.21	20437	23754.8
RCHGF002089	918	681.418	75	2.07378
RCHGF002090	486	252.9	13	0.968524
RCHGF002091	123	12.8519	4	5.86419
RCHGF002092	429	199.046	11	1.04125
RCHGF002093	624	387.997	65	3.15647
RCHGF002094	639	402.9	47	2.19794
RCHGF002095	1362	1125.42	162	2.71217
RCHGF002097	411	182.618	92	9.49203
RCHGF002099	1776	1539.42	11625	142.283
RCHGF002101	1461	1224.42	2115	32.5459
RCHGF002102	1401	1164.42	1447	23.414
RCHGF002103	2220	1983.42	2311	21.9534
RCHGF002104	1272	1035.42	3855	70.1494
RCHGF002105	2247	2010.42	334	3.13023
RCHGF002106	696	459.63	104	4.26324
RCHGF002107	615	379.082	7754	385.397
RCHGF002108	837	600.439	1053	33.0427
RCHGF002109	378	153.246	199	24.4669
RCHGF002110	594	358.316	162	8.51853
RCHGF002111	525	290.605	3413	221.283
RCHGF002112	1308	1071.42	3323	58.4369
RCHGF002113	153	20.2202	18	16.7727
RCHGF002114	117	11.7177	1	1.60796
RCHGF002115	924	687.418	2257	61.8623
RCHGF002116	135	15.4266	304	371.294
RCHGF002117	1317	1080.42	1260	21.9732
RCHGF002118	1920	1683.42	9809	109.786
RCHGF002119	1332	1095.42	2016	34.6758
RCHGF002120	996	759.418	2424	60.1405
RCHGF002121	189	32.0154	537.703	316.446
RCHGF002122	369	145.532	461	59.6841
RCHGF002123	222	45.3906	775	321.7
RCHGF002124	138	16.21	1439	1672.61
RCHGF002125	618	382.039	1931	95.2335
RCHGF002126	1245	1008.42	3293	61.5271
RCHGF002127	792	555.484	1183	40.1263
RCHGF002128	1941	1704.42	9934	109.815
RCHGF002129	459	227.031	290	24.0674
RCHGF002130	324	109.283	848	146.205
RCHGF002131	402	174.535	269	29.0392
RCHGF002132	585	349.426	215	11.5931
RCHGF002133	912	675.418	447	12.4695
RCHGF002134	2379	2142.42	1694	14.8979
RCHGF002135	804	567.465	566	18.7929
RCHGF002136	912	675.418	660	18.4114
RCHGF002137	615	379.082	239	11.879
RCHGF002138	1359	1122.42	877	14.7218
RCHGF002139	126	13.4892	95	132.694
RCHGF002140	237	52.6477	127	45.4506
RCHGF002141	138	16.21	192	223.17
RCHGF002142	642	405.86	3338	154.962
RCHGF002143	699	462.625	453	18.4495
RCHGF002144	714	477.584	6449	254.424
RCHGF002145	1188	951.418	11678	231.266
RCHGF002146	252	60.7073	741	229.981
RCHGF002147	2337	2100.42	3245	29.1088
RCHGF002148	951	714.418	773	20.3865
RCHGF002149	1254	1017.42	605	11.204
RCHGF002150	309	98.1653	2769	531.472
RCHGF002151	1044	807.418	19106	445.848
RCHGF002152	1920	1683.42	48839	546.626
RCHGF002153	441	210.181	7255	650.367
RCHGF002154	306	96.004	14581	2861.63
RCHGF002155	594	358.316	7959	418.512
RCHGF002156	1749	1512.42	38763	482.904
RCHGF002157	1440	1203.42	32251	504.943
RCHGF002158	660	423.782	11721	521.12
RCHGF002159	1350	1113.42	16511	279.403
RCHGF002160	189	32.0154	1994	1173.5
RCHGF002162	1602	1365.42	8457	116.699
RCHGF002164	1833	1596.42	16036	189.263
RCHGF002165	1311	1074.42	242	4.24383
RCHGF002166	585	349.426	1392	75.0585
RCHGF002167	540	305.263	325	20.0597
RCHGF002168	753	516.49	2148	78.3589
RCHGF002169	1230	993.418	333	6.31579
RCHGF002170	1089	852.418	2304	50.9267
RCHGF002171	414	185.284	11059	1124.59
RCHGF002172	288	83.2656	141	31.9058
RCHGF002173	150	19.371	91	88.5124
RCHGF002174	531	296.454	237	15.0628
RCHGF002175	1575	1338.42	529	7.44697
RCHGF002176	846	609.439	365	11.2844
RCHGF002177	1893	1656.42	1289	14.6622
RCHGF002178	1629	1392.42	4171	56.4399
RCHGF002180	1701	1464.42	4407	56.7014
RCHGF002181	126	13.4892	402	561.506
RCHGF002183	429	199.046	4581	433.632
RCHGF002185	984	747.418	3214	81.021
RCHGF002186	711	474.589	449	17.8256
RCHGF002187	204	37.4011	176	88.6633
RCHGF002188	222	45.3906	111	46.0758
RCHGF002189	438	207.409	233	21.1663
RCHGF002190	126	13.4892	61	85.2036
RCHGF002191	870	633.425	6517	193.851
RCHGF002192	1311	1074.42	3646	63.938
RCHGF002193	960	723.418	1693	44.0944
RCHGF002194	1404	1167.42	281	4.53519
RCHGF002195	1917	1680.42	308	3.45342
RCHGF002196	114	11.0875	2	3.39868
RCHGF002197	888	651.418	12589	364.122
RCHGF002198	183	29.8034	1177	744.092
RCHGF002199	1902	1665.42	531	6.0074
RCHGF002200	747	510.512	170	6.2742
RCHGF002201	1005	768.418	195	4.78137
RCHGF002202	666	429.744	493	21.6149
RCHGF002203	2166	1929.42	2880	28.1243
RCHGF002204	2166	1929.42	8725	85.203
RCHGF002205	309	98.1653	147	28.2147
RCHGF002206	933	696.418	2422	65.5269
RCHGF002207	429	199.046	4109	388.953
RCHGF002208	1032	795.418	2503	59.2899
RCHGF002209	1572	1335.42	954	13.4601
RCHGF002210	4344	4107.42	8599	39.4452
RCHGF002211	129	13.8812	12	16.288
RCHGF002212	390	163.733	439	50.5177
RCHGF002213	489	255.789	131	9.64952
RCHGF002214	615	379.082	185	9.19506
RCHGF002215	648	411.833	204	9.33308
RCHGF002216	486	252.9	140	10.4303
RCHGF002217	954	717.418	373	9.79607
RCHGF002218	1185	948.418	1814	36.0374
RCHGF002219	696	459.63	1256	51.4869
RCHGF002220	366	142.927	237	31.2428
RCHGF002221	198	35.2127	133	71.1652
RCHGF002222	780	543.49	2731	94.6773
RCHGF002224	1179	942.418	1467	29.3293
RCHGF002225	705	468.605	516	20.7472
RCHGF002226	2169	1932.42	5409	52.739
RCHGF002227	174	26.6781	411	290.271
RCHGF002228	1095	858.418	727	15.957
RCHGF002230	618	382.039	1115.8	55.0294
RCHGF002231	368	144.64	1918	249.848
RCHGF002233	852	615.439	6738	206.282
RCHGF002234	321	106.978	18221	3209.17
RCHGF002235	126	13.4892	109	152.249
RCHGF002236	1686	1449.42	1723	22.3979
RCHGF002237	699	462.625	1083	44.1077
RCHGF002238	1107	870.418	3412	73.8579
RCHGF002239	1191	954.418	34514	681.353
RCHGF002240	1242	1005.42	8597	161.108
RCHGF002241	1860	1623.42	491	5.69858
RCHGF002242	390	163.733	95	10.9321
RCHGF002243	1525	1288.42	5215	76.2629
RCHGF002246	618	382.039	8067	397.85
RCHGF002247	189	32.0154	303	178.32
RCHGF002248	372	148.098	1317	167.553
RCHGF002249	705	468.605	5854	235.376
RCHGF002250	243	55.8105	539	181.965
RCHGF002251	516	281.889	4067	271.839
RCHGF002252	549	314.074	1908	114.462
RCHGF002253	1518	1281.42	15967	234.773
RCHGF002254	837	600.439	9822	308.21
RCHGF002255	1398	1161.42	12723	206.403
RCHGF002256	390	163.733	2608	300.114
RCHGF002257	147	18.6168	92	93.1105
RCHGF002258	2811	2574.42	2236	16.3647
RCHGF002259	474	241.392	912	71.1848
RCHGF002260	288	83.2656	101	22.8545
RCHGF002261	1344	1107.42	267	4.54271
RCHGF002262	174	26.6781	12	8.47506
RCHGF002263	987	750.418	138	3.46491
RCHGF002264	645	408.837	69	3.17991
RCHGF002265	1038	801.418	133	3.12686
RCHGF002266	1326	1089.42	2150	37.1843
RCHGF002267	780	543.49	343	11.891
RCHGF002268	666	429.744	322	14.1176
RCHGF002269	444	212.997	140	12.3842
RCHGF002270	846	609.439	1169	36.141
RCHGF002271	195	34.114	8	4.41848
RCHGF002272	213	41.2981	245	111.777
RCHGF002273	195	34.114	108	59.6495
RCHGF002274	408	179.934	742	77.6972
RCHGF002275	1101	864.418	3646	79.4709
RCHGF002276	1353	1116.42	1250	21.0959
RCHGF002277	984	747.418	860.637	21.6956
RCHGF002279	1083	846.418	7487.29	166.669
RCHGF002280	120	12.2634	211	324.181
RCHGF002281	1815	1578.42	18834	224.821
RCHGF002282	135	15.4266	48	58.6254
RCHGF002283	426	196.283	829	79.5771
RCHGF002284	648	411.833	1921	87.8865
RCHGF002285	1968	1731.42	1061	11.5459
RCHGF002286	771	534.49	324	11.4215
RCHGF002287	993	756.418	444	11.0595
RCHGF002288	687	450.661	496	20.7371
RCHGF002289	555	319.964	2294	135.085
RCHGF002290	744	507.512	32737	1215.37
RCHGF002291	1176	939.418	33165	665.176
RCHGF002292	1578	1341.42	1914	26.884
RCHGF002293	267	69.6465	22	5.95167
RCHGF002294	366	142.927	30	3.95478
RCHGF002295	114	11.0875	13	22.0914
RCHGF002296	228	48.0973	47	18.4117
RCHGF002297	1512	1275.42	21321	314.971
RCHGF002299	504	270.293	391	27.2557
RCHGF002300	912	675.418	1145	31.941
RCHGF002301	1800	1563.42	1386	16.7034
RCHGF002302	711	474.589	745	29.577
RCHGF002303	816	579.446	402	13.0716
RCHGF002304	750	513.495	361	13.246
RCHGF002305	474	241.392	122	9.52253
RCHGF002306	393	166.406	64	7.24647
RCHGF002307	1161	924.418	444	9.04962
RCHGF002308	705	468.605	141	5.66928
RCHGF002309	735	498.54	114	4.30844
RCHGF002310	495	261.606	478	34.4268
RCHGF002311	126	13.4892	4	5.58712
RCHGF002312	813	576.452	1393	45.5306
RCHGF002313	1236	999.418	865	16.3074
RCHGF002314	657	420.791	331	14.821
RCHGF002315	138	16.21	164	190.624
RCHGF002316	546	311.123	906	54.8671
RCHGF002317	2274	2037.42	2012	18.6064
RCHGF002318	459	227.031	81	6.72226
RCHGF002319	771	534.49	384	13.5365
RCHGF002320	816	579.446	547	17.7865
RCHGF002321	966	729.418	786	20.3031
RCHGF002322	1002	765.418	821	20.2097
RCHGF002323	501	267.39	40	2.81858
RCHGF002324	1308	1071.42	211	3.71056
RCHGF002325	1515	1278.42	718	10.582
RCHGF002326	660	423.782	332	14.7609
RCHGF002327	1062	825.418	1034	23.6027
RCHGF002328	1404	1167.42	717	11.572
RCHGF002329	726	489.557	597	22.9767
RCHGF002330	687	450.661	467	19.5246
RCHGF002331	1227	990.418	821	15.6185
RCHGF002332	705	468.605	546	21.9534
RCHGF002333	417	188.038	147	14.7295
RCHGF002334	921	684.418	207	5.69855
RCHGF002335	960	723.418	114	2.96914
RCHGF002336	1383	1146.42	157	2.58031
RCHGF002337	855	618.439	160	4.8746
RCHGF002338	510	276.074	53	3.61715
RCHGF002339	891	654.418	968	27.8699
RCHGF002340	648	411.833	130	5.94755
RCHGF002341	399	171.8	102	11.1864
RCHGF002342	411	182.618	56	5.77776
RCHGF002343	819	582.446	135	4.36711
RCHGF002344	762	525.49	167	5.98781
RCHGF002345	474	241.392	79	6.16623
RCHGF002346	1020	783.418	162	3.89616
RCHGF002347	2088	1851.42	1076	10.9502
RCHGF002348	162	22.8199	13	10.7336
RCHGF002349	843	606.439	885	27.4961
RCHGF002350	1458	1221.42	252	3.88733
RCHGF002351	633	396.931	86	4.08224
RCHGF002352	1086	849.418	114	2.52871
RCHGF002353	1026	789.418	112	2.67317
RCHGF002354	1248	1011.42	545	10.1527
RCHGF002355	1443	1206.42	301	4.70094
RCHGF002356	654	417.805	107	4.82532
RCHGF002357	1437	1200.42	379	5.9487
RCHGF002358	336	118.419	5	0.795542
RCHGF002359	1251	1014.42	276	5.12634
RCHGF002360	312	100.303	1190	223.536
RCHGF002361	1926	1689.42	991	11.0523
RCHGF002362	828	591.439	339	10.7995
RCHGF002363	147	18.6168	4147	4197.06
RCHGF002364	174	26.6781	3647	2575.71
RCHGF002365	144	17.8109	29	30.678
RCHGF002366	114	11.0875	152	258.3
RCHGF002367	564	328.766	330	18.9122
RCHGF002368	762	525.49	550	19.7203
RCHGF002369	870	633.425	573	17.0441
RCHGF002370	1911	1674.42	1506	16.9464
RCHGF002371	690	453.651	692	28.7409
RCHGF002372	117	11.7177	17	27.3353
RCHGF002373	1359	1122.42	619	10.3909
RCHGF002374	327	111.556	266	44.9268
RCHGF002375	522	287.695	801	52.4584
RCHGF002376	1062	825.418	209	4.77076
RCHGF002377	1089	852.418	225	4.97331
RCHGF002378	1461	1224.42	202	3.1084
RCHGF002379	1803	1566.42	223	2.68233
RCHGF002380	327	111.556	45	7.60039
RCHGF002381	318	104.738	56	10.0739
RCHGF002382	1092	855.418	230	5.066
RCHGF002383	954	717.418	217	5.69906
RCHGF002384	1107	870.418	253	5.47656
RCHGF002385	741	504.524	266	9.93381
RCHGF002386	1095	858.418	1337	29.3459
RCHGF002388	1371	1134.42	2368	39.33
RCHGF002389	1197	960.418	5148	100.994
RCHGF002390	819	582.446	999	32.3166
RCHGF002391	879	642.425	6571	192.719
RCHGF002392	717	480.584	4158	163.016
RCHGF002393	690	453.651	1106	45.9356
RCHGF002394	369	145.532	1975	255.696
RCHGF002395	1185	948.418	288	5.72148
RCHGF002396	2010	1773.42	5320	56.5218
RCHGF002397	606	370.182	1372	69.832
RCHGF002398	117	11.7177	674	1083.76
RCHGF002399	519	284.788	767	50.7445
RCHGF002400	834	597.439	480	15.1378
RCHGF002401	606	370.182	367	18.6796
RCHGF002402	1224	987.418	521	9.94151
RCHGF002403	486	252.9	183	13.6338
RCHGF002404	1155	918.418	314	6.44176
RCHGF002405	486	252.9	2736	203.837
RCHGF002406	1167	930.418	11685	236.628
RCHGF002407	900	663.418	3528	100.197
RCHGF002408	1374	1137.42	472	7.81875
RCHGF002409	1485	1248.42	475	7.16884
RCHGF002410	813	576.452	79	2.58214
RCHGF002411	1116	879.418	256	5.48479
RCHGF002412	630	393.953	117	5.59573
RCHGF002413	117	11.7177	3	4.82387
RCHGF002414	621	385.022	56	2.74042
RCHGF002415	1008	771.418	185	4.51853
RCHGF002416	630	393.953	100	4.78268
RCHGF002417	666	429.744	95	4.16514
RCHGF002418	2076	1839.42	574	5.87959
RCHGF002419	996	759.418	165	4.09372
RCHGF002420	669	432.734	102	4.44114
RCHGF002421	1377	1140.42	196	3.23823
RCHGF002422	282	79.3473	29	6.88623
RCHGF002423	282	79.3473	25	5.93641
RCHGF002424	462	229.871	66	5.40972
RCHGF002425	147	18.6168	1	1.01207
RCHGF002426	591	355.363	1027	54.4519
RCHGF002427	201	36.2524	1060	550.915
RCHGF002428	945	708.418	5168.62	137.468
RCHGF002429	1482	1245.42	1620	24.5084
RCHGF002430	891	654.418	611	17.5914
RCHGF002431	372	148.098	239	30.4064
RCHGF002432	1062	825.418	1428	32.5964
RCHGF002433	528	293.52	220	14.1221
RCHGF002434	543	308.188	117	7.15296
RCHGF002435	774	537.49	1485	52.0561
RCHGF002436	1323	1086.42	237	4.11024
RCHGF002437	1572	1335.42	273	3.85178
RCHGF002438	303	93.8416	104	20.8811
RCHGF002439	117	11.7177	12	19.2955
RCHGF002440	309	98.1653	246	47.2164
RCHGF002441	534	299.395	1521	95.7196
RCHGF002442	519	284.788	70	4.63118
RCHGF002443	168	24.5702	62	47.5443
RCHGF002444	189	32.0154	32	18.8324
RCHGF002445	1971	1734.42	3097	33.6436
RCHGF002447	123	12.8519	34	49.8456
RCHGF002448	1251	1014.42	2456	45.617
RCHGF002449	237	52.6477	237	84.8173
RCHGF002450	1056	819.418	391	8.99056
RCHGF002451	1719	1482.42	457	5.80846
RCHGF002452	300	91.6342	34	6.99096
RCHGF002453	588	352.383	1418	75.8188
RCHGF002454	858	621.439	2828	85.7425
RCHGF002455	318	104.738	184	33.1001
RCHGF002456	324	109.283	779	134.308
RCHGF002457	195	34.114	117	64.6203
RCHGF002458	792	555.484	1676	56.8484
RCHGF002459	513	278.996	214	14.4521
RCHGF002460	606	370.182	1633	83.1164
RCHGF002461	1482	1245.42	3449	52.1787
RCHGF002462	309	98.1653	340	65.2584
RCHGF002463	693	456.641	506	20.8781
RCHGF002464	927	690.418	897	24.4791
RCHGF002465	393	166.406	99	11.2094
RCHGF002466	798	561.471	210	7.04705
RCHGF002467	984	747.418	315	7.94077
RCHGF002468	714	477.584	155	6.11502
RCHGF002469	813	576.452	204	6.6678
RCHGF002470	747	510.512	105	3.87524
RCHGF002471	465	232.757	65	5.2617
RCHGF002472	744	507.512	140	5.19753
RCHGF002473	729	492.546	165	6.31179
RCHGF002474	957	720.418	250	6.53839
RCHGF002475	852	615.439	235	7.19446
RCHGF002476	180	28.7347	2	1.31141
RCHGF002477	276	75.4896	389	97.0909
RCHGF002478	1422	1185.42	657	10.4426
RCHGF002479	456	224.204	330	27.7323
RCHGF002480	2031	1794.42	956	10.0381
RCHGF002481	597	361.292	396	20.6516
RCHGF002482	867	630.425	35662	1065.83
RCHGF002483	126	13.4892	8	11.1742
RCHGF002484	318	104.738	196	35.2588
RCHGF002485	120	12.2634	53	81.4294
RCHGF002487	1449	1212.42	6175	95.9622
RCHGF002489	1064	827.418	739	16.8281
RCHGF002491	798	561.471	192	6.44302
RCHGF002492	1851	1614.42	409	4.77335
RCHGF002493	354	132.935	16	2.26776
RCHGF002494	537	302.307	67	4.17582
RCHGF002495	546	311.123	102	6.1771
RCHGF002496	402	174.535	82	8.85211
RCHGF002497	381	155.853	66	7.97894
RCHGF002498	387	161.082	50	5.84843
RCHGF002500	624	387.997	593.641	28.8278
RCHGF002501	291	85.2806	214.481	47.3864
RCHGF002502	114	11.0875	387	657.645
RCHGF002503	2013	1776.42	1843	19.5477
RCHGF002504	234	51.096	22	8.11244
RCHGF002505	759	522.49	730	26.3245
RCHGF002506	534	299.395	627	39.4584
RCHGF002507	1227	990.418	1194	22.7144
RCHGF002508	177	27.696	73	49.6616
RCHGF002509	270	71.5643	395	103.996
RCHGF002510	384	158.438	820	97.5145
RCHGF002511	918	681.418	884	24.443
RCHGF002512	1638	1401.42	4847	65.166
RCHGF002513	717	480.584	953	37.3628
RCHGF002515	1695	1458.42	1402	18.1126
RCHGF002516	1263	1026.42	2817	51.7104
RCHGF002517	492	258.702	433	31.5358
RCHGF002518	1077	840.418	2750	61.6528
RCHGF002519	1149	912.418	4704	97.138
RCHGF002520	156	21.0612	133	118.983
RCHGF002522	411	182.618	158	16.3015
RCHGF002523	1083	846.418	996	22.1712
RCHGF002524	465	232.757	215	17.4041
RCHGF002526	1317	1080.42	1712	29.8557
RCHGF002527	1104	867.418	6931	150.551
RCHGF002529	237	52.6477	369	132.057
RCHGF002530	417	188.038	93	9.31863
RCHGF002531	339	120.809	134	20.8987
RCHGF002532	219	44.0308	101	43.2196
RCHGF002533	618	382.039	654.197	32.2638
RCHGF002534	1140	903.418	247.59	5.16369
RCHGF002535	204	37.4011	21	10.5791
RCHGF002536	1191	954.418	8028	158.484
RCHGF002537	1170	933.418	1300	26.2411
RCHGF002538	1374	1137.42	686	11.3637
RCHGF002539	627	390.971	330	15.9032
RCHGF002540	1926	1689.42	767	8.55409
RCHGF002541	1926	1689.42	594	6.62468
RCHGF002542	1179	942.418	3602	72.0138
RCHGF002543	909	672.418	7513	210.518
RCHGF002544	450	218.576	1597	137.664
RCHGF002545	615	379.082	1511	75.1013
RCHGF002546	597	361.292	696	36.2967
RCHGF002547	1944	1707.42	616	6.79761
RCHGF002548	114	11.0875	35	59.4769
RCHGF002549	1245	1008.42	1688	31.539
RCHGF002550	2163	1926.42	5020	49.0986
RCHGF002551	2070	1833.42	6013	61.7939
RCHGF002552	594	358.316	1624	85.3957
RCHGF002553	39	40	7	3.29726
RCHGF002554	3486	3249.42	10479	60.7617
RCHGF002555	804	567.465	468	15.539
RCHGF002556	693	456.641	275	11.3468
RCHGF002557	1287	1050.42	491	8.80714
RCHGF002558	1413	1176.42	616	9.86585
RCHGF002559	300	91.6342	80	16.4493
RCHGF002560	480	247.113	448	34.1585
RCHGF002561	111	10.6768	6	10.5883
RCHGF002562	690	453.651	713	29.6131
RCHGF002563	165	23.6426	127	101.21
RCHGF002564	234	51.096	1662	612.858
RCHGF002565	825	588.439	1167	37.3667
RCHGF002566	1026	789.418	1193	28.474
RCHGF002567	774	537.49	203	7.11609
RCHGF002568	462	229.871	815	66.8018
RCHGF002569	2055	1818.42	1790	18.5471
RCHGF002570	876	639.425	2353	69.3342
RCHGF002571	465	232.757	209	16.9184
RCHGF002572	1911	1674.42	1920	21.6049
RCHGF002573	321	106.978	147	25.8903
RCHGF002574	1284	1047.42	374	6.72771
RCHGF002575	336	118.419	48	7.6372
RCHGF002576	1449	1212.42	381	5.92091
RCHGF002577	1509	1272.42	3331	49.3242
RCHGF002578	690	453.651	1366	56.7342
RCHGF002579	1302	1065.42	1155	20.4257
RCHGF002580	675	438.72	227	9.74887
RCHGF002581	1305	1068.42	712	12.5561
RCHGF002582	975	738.418	1399	35.6969
RCHGF002583	147	18.6168	58221	58923.8
RCHGF002584	456	224.204	1566	131.603
RCHGF002585	309	98.1653	4598	882.524
RCHGF002586	456	224.204	1132	95.1303
RCHGF002587	225	46.63	159	64.2461
RCHGF002588	669	432.734	343	14.9344
RCHGF002589	288	83.2656	38	8.59871
RCHGF002590	1068	831.418	361	8.18094
RCHGF002591	777	540.49	687	23.9489
RCHGF002592	168	24.5702	42	32.2074
RCHGF002593	435	204.609	344	31.6773
RCHGF002594	906	669.418	603	16.9721
RCHGF002595	2418	2181.42	983	8.49044
RCHGF002596	114	11.0875	22	37.3855
RCHGF002597	1278	1041.42	892	16.1382
RCHGF002598	1050	813.418	222	5.14227
RCHGF002599	312	100.303	33	6.19889
RCHGF002600	477	244.245	54	4.16566
RCHGF002601	1917	1680.42	363	4.0701
RCHGF002602	609	373.157	65	3.28199
RCHGF002603	759	522.49	1098	39.595
RCHGF002604	192	33.073	38	21.6484
RCHGF002605	660	423.782	176	7.82503
RCHGF002606	696	459.63	151	6.1899
RCHGF002607	1734	1497.42	644	8.10323
RCHGF002608	1623	1386.42	355	4.82447
RCHGF002609	2346	2109.42	1245	11.1204
RCHGF002610	723	486.562	91	3.52386
RCHGF002611	1311	1074.42	245	4.29644
RCHGF002612	759	522.49	243	8.76283
RCHGF002613	1422	1185.42	884	14.0506
RCHGF002614	666	429.744	211	9.25099
RCHGF002615	132	14.5868	75	96.8761
RCHGF002616	933	696.418	980.133	26.5174
RCHGF002617	480	247.113	727	55.4313
RCHGF002618	138	16.21	163	189.462
RCHGF002619	201	36.2524	118	61.3283
RCHGF002620	111	10.6768	32	56.4711
RCHGF002621	417	188.038	1062	106.413
RCHGF002622	111	10.6768	5	8.82361
RCHGF002623	894	657.418	248	7.10764
RCHGF002624	2268	2031.42	1456	13.5045
RCHGF002625	747	510.512	176	6.49564
RCHGF002626	351	130.515	55	7.93996
RCHGF002627	177	27.696	34	23.1301
RCHGF002628	1182	945.418	265	5.28126
RCHGF002629	597	361.292	80	4.17203
RCHGF002630	264	67.805	188	52.241
RCHGF002631	1611	1374.42	2554	35.0121
RCHGF002632	1212	975.418	168	3.24514
RCHGF002633	465	232.757	468	37.8843
RCHGF002634	1203	966.418	704	13.7253
RCHGF002635	633	396.931	301	14.2878
RCHGF002636	1098	861.418	401	8.77094
RCHGF002638	225	46.63	50	20.2032
RCHGF002639	561	325.835	812	46.9542
RCHGF002640	618	382.039	208	10.2582
RCHGF002641	288	83.2656	358	81.0089
RCHGF002642	783	546.49	824	28.4093
RCHGF002643	2352	2115.42	2730	24.3154
RCHGF002645	1398	1161.42	1436	23.296
RCHGF002646	1995	1758.42	3302	35.381
RCHGF002647	792	555.484	508	17.2309
RCHGF002648	147	18.6168	212	214.559
RCHGF002649	2316	2079.42	2432	22.0362
RCHGF002650	771	534.49	642	22.6314
RCHGF002651	1314	1077.42	1313	22.9613
RCHGF002652	816	579.446	858	27.8991
RCHGF002653	483	249.99	50	3.76845
RCHGF002654	141	17.0367	27	29.8602
RCHGF002655	387	161.082	6373	745.44
RCHGF002656	1023	786.418	4285	102.663
RCHGF002657	435	204.609	8476	780.515
RCHGF002658	2577	2340.42	7875	63.3976
RCHGF002659	624	387.997	283	13.7428
RCHGF002660	357	135.398	1367	190.227
RCHGF002661	1152	915.418	1248	25.6868
RCHGF002662	1344	1107.42	216	3.675
RCHGF002663	531	296.454	2191	139.252
RCHGF002664	906	669.418	738	20.7718
RCHGF002665	942	705.418	1639	43.7772
RCHGF002666	618	382.039	4744	233.966
RCHGF002667	1035	798.418	132	3.11501
RCHGF002668	849	612.439	104	3.19953
RCHGF002669	159	21.9869	2	1.71389
RCHGF002670	321	106.978	30	5.28374
RCHGF002671	324	109.283	345	59.4818
RCHGF002672	759	522.49	178	6.41886
RCHGF002673	717	480.584	676	26.5029
RCHGF002674	621	385.022	204	9.98297
RCHGF002675	609	373.157	178	8.98761
RCHGF002676	1032	795.418	670	15.8707
RCHGF002677	1281	1044.42	408	7.3604
RCHGF002678	630	393.953	297	14.2045
RCHGF002679	1122	885.418	988	21.0244
RCHGF002681	336	118.419	124	19.7294
RCHGF002682	354	132.935	351	49.749
RCHGF002683	726	489.557	420	16.1645
RCHGF002684	249	59.0803	63	20.0916
RCHGF002685	1323	1086.42	1697	29.4307
RCHGF002686	813	576.452	769	25.135
RCHGF002687	114	11.0875	36	61.1763
RCHGF002688	597	361.292	248	12.9333
RCHGF002689	1902	1665.42	1682	19.0291
RCHGF002690	1203	966.418	1092	21.2899
RCHGF002691	123	12.8519	10	14.6605
RCHGF002692	1125	888.418	332	7.04103
RCHGF002693	159	21.9869	54	46.275
RCHGF002694	2169	1932.42	2059	20.0757
RCHGF002695	864	627.425	2106	63.2429
RCHGF002696	153	20.2202	95	88.5223
RCHGF002697	1152	915.418	179	3.68425
RCHGF002698	1569	1332.42	306	4.3271
RCHGF002699	708	471.594	66	2.63688
RCHGF002700	1524	1287.42	578	8.45909
RCHGF002701	573	337.621	78	4.35292
RCHGF002702	168	24.5702	115	88.187
RCHGF002703	426	196.283	542	52.0275
RCHGF002704	174	26.6781	49	34.6065
RCHGF002705	567	331.718	1087	61.7414
RCHGF002706	129	13.8812	339	460.137
RCHGF002707	1830	1593.42	2652	31.3588
RCHGF002708	2139	1902.42	1321	13.0832
RCHGF002709	708	471.594	299	11.9459
RCHGF002710	648	411.833	113	5.16979
RCHGF002711	126	13.4892	8	11.1742
RCHGF002712	162	22.8199	19	15.6876
RCHGF002713	774	537.49	596	20.8926
RCHGF002714	2310	2073.42	2074	18.8468
RCHGF002715	456	224.204	106	8.90796
RCHGF002716	765	528.49	319	11.3729
RCHGF002717	489	255.789	1564	115.205
RCHGF002718	114	11.0875	77	130.849
RCHGF002719	495	261.606	222	15.989
RCHGF002720	885	648.418	3915	113.761
RCHGF002721	144	17.8109	11	11.6365
RCHGF002722	654	417.805	165	7.44091
RCHGF002723	693	456.641	317	13.0798
RCHGF002724	1326	1089.42	1048	18.1252
RCHGF002725	384	158.438	2353	279.819
RCHGF002726	1278	1041.42	2239	40.5084
RCHGF002727	189	32.0154	377	221.87
RCHGF002728	1053	816.418	1673	38.6099
RCHGF002729	150	19.371	18	17.508
RCHGF002730	1239	1002.42	1072	20.1494
RCHGF002731	171	25.6745	2	1.46772
RCHGF002732	765	528.49	1076	38.3611
RCHGF002733	141	17.0367	60	66.356
RCHGF002734	921	684.418	355	9.77288
RCHGF002735	819	582.446	1434	46.3884
RCHGF002736	510	276.074	2066	141.001
RCHGF002737	126	13.4892	235	328.244
RCHGF002738	306	96.004	2221	435.888
RCHGF002739	312	100.303	830	155.911
RCHGF002740	1614	1377.42	1165	15.9359
RCHGF002741	147	18.6168	35	35.4225
RCHGF002742	3231	2994.42	5460	34.3555
RCHGF002743	120	12.2634	28	43.0193
RCHGF002744	1491	1254.42	215	3.22932
RCHGF002745	513	278.996	552	37.2784
RCHGF002746	1020	783.418	7792	187.401
RCHGF002747	651	414.819	388	17.6234
RCHGF002748	1749	1512.42	7484	93.2347
RCHGF002749	1512	1275.42	899	13.2808
RCHGF002750	1473	1236.42	716	10.911
RCHGF002751	978	741.418	439	11.1562
RCHGF002752	1566	1329.42	5538	78.4887
RCHGF002753	1698	1461.42	22144	285.494
RCHGF002754	192	33.073	190	108.242
RCHGF002755	981	744.418	4196	106.202
RCHGF002756	996	759.418	3047	75.5974
RCHGF002757	912	675.418	1676	46.7538
RCHGF002758	978	741.418	2650	67.3439
RCHGF002759	1698	1461.42	34913	450.12
RCHGF002760	1203	966.418	10860	211.729
RCHGF002761	348	128.032	239	35.1719
RCHGF002762	1416	1179.42	612	9.77686
RCHGF002763	1065	828.418	316	7.18709
RCHGF002764	996	759.418	911	22.6023
RCHGF002765	1863	1626.42	1723	19.9604
RCHGF002766	1290	1053.42	2292	40.9949
RCHGF002767	834	597.439	1009	31.8209
RCHGF002768	957	720.418	1459.1	38.1606
RCHGF002769	216	42.626	21117	9334.12
RCHGF002770	330	113.839	40669	6731.16
RCHGF002771	321	106.978	1939	341.506
RCHGF002772	621	385.022	662	32.3957
RCHGF002773	1380	1143.42	3964	65.3197
RCHGF002775	414	185.284	228	23.1853
RCHGF002776	189	32.0154	892	524.954
RCHGF002777	726	489.557	214	8.23619
RCHGF002778	672	435.734	5353	231.468
RCHGF002779	567	331.718	503	28.5703
RCHGF002780	1104	867.418	1913	41.553
RCHGF002781	153	20.2202	152	141.636
RCHGF002782	921	684.418	1094	30.117
RCHGF002783	585	349.426	176	9.49015
RCHGF002784	951	714.418	373	9.83721
RCHGF002785	1548	1311.42	12409	178.284
RCHGF002786	129	13.8812	6	8.14401
RCHGF002787	900	663.418	665	18.8864
RCHGF002788	777	540.49	264	9.20306
RCHGF002789	633	396.931	196	9.30372
RCHGF002790	873	636.425	476	14.0921
RCHGF002791	144	17.8109	405	428.435
RCHGF002792	1833	1596.42	2087	24.6315
RCHGF002793	822	585.446	811	26.1006
RCHGF002794	1317	1080.42	5620	98.0077
RCHGF002795	969	732.418	6167	158.646
RCHGF002796	117	11.7177	62	99.6933
RCHGF002797	999	762.418	9061	223.923
RCHGF002798	690	453.651	11894	493.994
RCHGF002799	180	28.7347	33	21.6383
RCHGF002800	561	325.835	436	25.2118
RCHGF002801	786	549.49	2622	89.906
RCHGF002802	360	137.912	2300	314.226
RCHGF002803	339	120.809	2819	439.653
RCHGF002804	120	12.2634	4	6.14561
RCHGF002805	1779	1542.42	2806	34.2769
RCHGF002806	1728	1491.42	2185	27.6037
RCHGF002807	813	576.452	589	19.2516
RCHGF002808	891	654.418	967	27.8411
RCHGF002809	465	232.757	182	14.7328
RCHGF002810	657	420.791	179	8.01497
RCHGF002811	1422	1185.42	316	5.02263
RCHGF002812	999	762.418	353	8.72363
RCHGF002813	156	21.0612	15	13.4191
RCHGF002814	1932	1695.42	1484	16.492
RCHGF002815	960	723.418	911.334	23.7358
RCHGF002816	129	13.8812	70	95.0135
RCHGF002817	267	69.6465	277	74.9369
RCHGF002818	555	319.964	144	8.47962
RCHGF002819	501	267.39	179	12.6132
RCHGF002820	537	302.307	401	24.9926
RCHGF002821	300	91.6342	152	31.2537
RCHGF002822	264	67.805	365	101.425
RCHGF002823	141	17.0367	29	32.0721
RCHGF002824	336	118.419	72	11.4558
RCHGF002825	300	91.6342	547	112.472
RCHGF002826	690	453.651	1492	61.9673
RCHGF002827	819	582.446	524	16.9508
RCHGF002828	843	606.439	371	11.5266
RCHGF002829	774	537.49	567	19.876
RCHGF002830	420	190.777	3334	329.273
RCHGF002831	276	75.4896	430	107.324
RCHGF002832	195	34.114	41	22.6447
RCHGF002834	540	305.263	189	11.6655
RCHGF002835	460	227.99	314	25.9495
RCHGF002837	876	639.425	176	5.18607
RCHGF002838	720	483.578	101	3.93523
RCHGF002839	1131	894.418	254	5.35068
RCHGF002840	1011	774.418	346	8.41814
RCHGF002841	294	87.3796	753	162.368
RCHGF002842	171	25.6745	0	0
RCHGF002843	642	405.86	57	2.64615
RCHGF002844	1968	1731.42	541	5.88723
RCHGF002845	396	169.113	87	9.69298
RCHGF002846	609	373.157	76	3.8374
RCHGF002847	720	483.578	437	17.0267
RCHGF002848	507	273.181	141	9.72488
RCHGF002849	120	12.2634	177	271.943
RCHGF002850	1290	1053.42	975	17.4389
RCHGF002851	1245	1008.42	1074	20.0669
RCHGF002852	777	540.49	1113	38.7993
RCHGF002853	2166	1929.42	1303	12.7243
RCHGF002854	189	32.0154	6	3.53108
RCHGF002855	174	26.6781	9	6.35629
RCHGF002856	342	123.193	29	4.43536
RCHGF002857	651	414.819	480	21.8021
RCHGF002858	1785	1548.42	2175	26.4659
RCHGF002859	603	367.211	1179	60.4943
RCHGF002860	141	17.0367	43	47.5552
RCHGF002861	1377	1140.42	235	3.88257
RCHGF002862	672	435.734	1062	45.9218
RCHGF002863	1149	912.418	2498	51.5839
RCHGF002864	120	12.2634	9	13.8276
RCHGF002865	762	525.49	343	12.2983
RCHGF002866	363	140.441	35	4.69557
RCHGF002867	771	534.49	180	6.34525
RCHGF002868	642	405.86	538	24.9759
RCHGF002869	279	77.42	52	12.6551
RCHGF002870	195	34.114	40	22.0924
RCHGF002871	459	227.031	675	56.0189
RCHGF002872	249	59.0803	401	127.884
RCHGF002873	150	19.371	15	14.59
RCHGF002874	522	287.695	152	9.95466
RCHGF002875	114	11.0875	0	0
RCHGF002876	387	161.082	126	14.738
RCHGF002877	111	10.6768	245	432.357
RCHGF002878	444	212.997	173	15.3034
RCHGF002879	351	130.515	101	14.5806
RCHGF002880	255	62.3456	51	15.4127
RCHGF002881	156	21.0612	123	110.037
RCHGF002882	267	69.6465	1211	327.612
RCHGF002883	453	221.377	292	24.8523
RCHGF002884	354	132.935	71	10.0632
RCHGF002885	324	109.283	53	9.13778
RCHGF002886	162	22.8199	10	8.25661
RCHGF002887	441	210.181	103	9.23333
RCHGF002888	375	150.683	68	8.50276
RCHGF002889	126	13.4892	37	51.6809
RCHGF002890	123	12.8519	4	5.86419
RCHGF002891	1338	1101.42	4473	76.5178
RCHGF002892	2868	2631.42	3810	27.2804
RCHGF002893	2349	2112.42	2581	23.021
RCHGF002894	2010	1773.42	2660	28.2609
RCHGF002895	1743	1506.42	4778	59.7608
RCHGF002896	1806	1569.42	1019	12.2335
RCHGF002897	678	441.7	1009	43.0407
RCHGF002898	177	27.696	141	95.9218
RCHGF002899	792	555.484	2070	70.2126
RCHGF002900	1368	1131.42	2911	48.4769
RCHGF002901	111	10.6768	5	8.82361
RCHGF002902	1512	1275.42	5068	74.8686
RCHGF002903	906	669.418	1712	48.1861
RCHGF002904	1929	1692.42	3134	34.8905
RCHGF002905	2220	1983.42	2071	19.6735
RCHGF002906	1737	1500.42	325	4.08119
RCHGF002907	669	432.734	87	3.78803
RCHGF002908	702	465.61	86	3.4801
RCHGF002909	1110	873.418	1421	30.654
RCHGF002910	597	361.292	14911	777.615
RCHGF002911	273	73.5418	1646	421.707
RCHGF002912	687	450.661	4008	167.569
RCHGF002913	135	15.4266	95	116.029
RCHGF002914	177	27.696	33	22.4498
RCHGF002915	246	57.5245	1482	485.413
RCHGF002916	555	319.964	369	21.729
RCHGF002917	180	28.7347	31	20.3268
RCHGF002918	762	525.49	1650	59.161
RCHGF002919	306	96.004	157	30.8124
RCHGF002920	510	276.074	176	12.0117
RCHGF002921	660	423.782	351	15.6056
RCHGF002922	780	543.49	2080	72.1087
RCHGF002923	318	104.738	982	176.654
RCHGF002924	216	42.626	346	152.939
RCHGF002925	657	420.791	1860	83.2841
RCHGF002926	699	462.625	6179	251.654
RCHGF002927	270	71.5643	796	209.571
RCHGF002928	906	669.418	6702	188.635
RCHGF002929	1584	1347.42	4014	56.1294
RCHGF002930	783	546.49	1657	57.1289
RCHGF002931	975	738.418	1805	46.0564
RCHGF002932	597	361.292	271	14.1328
RCHGF002933	711	474.589	3642	144.59
RCHGF002934	1053	816.418	3573	82.4586
RCHGF002935	1101	864.418	1336	29.1205
RCHGF002936	1068	831.418	824	18.6734
RCHGF002937	1134	897.418	9627	202.121
RCHGF002938	2376	2139.42	11003	96.9016
RCHGF002939	681	444.68	186	7.88098
RCHGF002940	675	438.72	1558	66.9108
RCHGF002941	1395	1158.42	2900	47.1681
RCHGF002942	186	30.9155	67	40.8333
RCHGF002943	534	299.395	22952	1444.42
RCHGF002944	231	49.5658	1063	404.079
RCHGF002945	114	11.0875	0	0
RCHGF002946	2091	1854.42	8097	82.2682
RCHGF002947	1671	1434.42	2042	26.8223
RCHGF002948	129	13.8812	12	16.288
RCHGF002949	1665	1428.42	1851	24.4156
RCHGF002950	471	238.516	474	37.4435
RCHGF002951	474	241.392	433	33.7972
RCHGF002952	522	287.695	131	8.57934
RCHGF002953	1200	963.418	4634	90.6268
RCHGF002954	1647	1410.42	2822	37.6986
RCHGF002955	729	492.546	1382	52.8661
RCHGF002956	738	501.535	7041	264.514
RCHGF002957	324	109.283	2579	444.648
RCHGF002958	342	123.193	3409	521.384
RCHGF002959	435	204.609	626	57.6454
RCHGF002960	963	726.418	9457	245.291
RCHGF002961	858	621.439	3281	99.4771
RCHGF002962	132	14.5868	21	27.1253
RCHGF002963	699	462.625	11554	470.564
RCHGF002964	750	513.495	890	32.6565
RCHGF002965	825	588.439	981	31.4111
RCHGF002966	444	212.997	399	35.2951
RCHGF002967	1197	960.418	1413	27.7203
RCHGF002968	114	11.0875	4	6.79736
RCHGF002969	1698	1461.42	25602	330.077
RCHGF002970	1692	1455.42	2852	36.9213
RCHGF002971	1227	990.418	3048	57.9845
RCHGF002972	891	654.418	928	26.7183
RCHGF002973	1395	1158.42	11240	182.817
RCHGF002974	1293	1056.42	988146	17623.9
RCHGF002975	1470	1233.42	2785	42.5432
RCHGF002976	2256	2019.42	3861	36.0238
RCHGF002977	609	373.157	982	49.5833
RCHGF002978	1983	1746.42	2273	24.5226
RCHGF002979	861	624.439	309	9.32361
RCHGF002980	117	11.7177	5	8.03978
RCHGF002981	495	261.606	629	45.3022
RCHGF002982	693	456.641	400	16.5045
RCHGF002983	525	290.605	907	58.8058
RCHGF002984	120	12.2634	121	185.905
RCHGF002985	216	42.626	95	41.9918
RCHGF002986	231	49.5658	611	232.26
RCHGF002987	1005	768.418	819	20.0818
RCHGF002988	561	325.835	16282	941.512
RCHGF002989	285	81.3251	56	12.9742
RCHGF002990	1362	1125.42	1865	31.2234
RCHGF002991	1170	933.418	1320	26.6449
RCHGF002992	882	645.425	270	7.88194
RCHGF002993	213	41.2981	17	7.75595
RCHGF002994	528	293.52	6814	437.401
RCHGF002995	159	21.9869	14	11.9972
RCHGF002996	993	756.418	257	6.40157
RCHGF002997	357	135.398	1492	207.621
RCHGF002998	111	10.6768	126	222.355
RCHGF002999	1200	963.418	5109	99.9164
RCHGF003000	762	525.49	904	32.413
RCHGF003001	213	41.2981	896	408.784
RCHGF003002	567	331.718	1206	68.5006
RCHGF003003	573	337.621	1450	80.9197
RCHGF003004	249	59.0803	1272	405.658
RCHGF003005	870	633.425	1705	50.7159
RCHGF003006	540	305.263	4445	274.355
RCHGF003007	744	507.512	47075	1747.67
RCHGF003008	2031	1794.42	1329	13.9546
RCHGF003009	585	349.426	157	8.46564
RCHGF003010	873	636.425	2029	60.069
RCHGF003011	774	537.49	343	12.0237
RCHGF003012	729	492.546	438	16.7549
RCHGF003013	396	169.113	433	48.2421
RCHGF003014	390	163.733	397	45.6846
RCHGF003015	855	618.439	206	6.27604
RCHGF003016	786	549.49	137	4.69761
RCHGF003017	786	549.49	178	6.10346
RCHGF003018	1104	867.418	347	7.53731
RCHGF003019	702	465.61	160	6.47461
RCHGF003020	426	196.283	227	21.7901
RCHGF003021	1218	981.418	672	12.9012
RCHGF003022	915	678.418	1047	29.078
RCHGF003023	213	41.2981	109	49.7293
RCHGF003024	888	651.418	1774	51.3109
RCHGF003025	1320	1083.42	2211	38.4511
RCHGF003026	114	11.0875	48	81.5683
RCHGF003027	2595	2358.42	4135	33.0347
RCHGF003028	2040	1803.42	3099	32.3773
RCHGF003029	156	21.0612	16	14.3137
RCHGF003030	1632	1395.42	1999	26.9913
RCHGF003031	417	188.038	3753	376.052
RCHGF003032	1203	966.418	938	18.2875
RCHGF003033	747	510.512	1100	40.5978
RCHGF003034	1209	972.418	1290	24.9949
RCHGF003035	3504	3267.42	151155	871.633
RCHGF003036	7287	7050.42	1487	3.97385
RCHGF003037	132	14.5868	22	28.417
RCHGF003038	804	567.465	3525	117.04
RCHGF003039	462	229.871	1729	141.718
RCHGF003040	657	420.791	2469	110.553
RCHGF003041	306	96.004	1340	262.985
RCHGF003042	2340	2103.42	3347	29.981
RCHGF003043	849	612.439	957	29.4418
RCHGF003044	768	531.49	1413	50.0914
RCHGF003045	318	104.738	1367	245.912
RCHGF003046	459	227.031	38485	3193.9
RCHGF003047	882	645.425	1216	35.4979
RCHGF003048	1755	1518.42	18703	232.079
RCHGF003049	465	232.757	11571	936.664
RCHGF003050	111	10.6768	37	65.2947
RCHGF003051	132	14.5868	79	102.043
RCHGF003052	198	35.2127	61371.5	32838.5
RCHGF003053	399	171.8	4266	467.856
RCHGF003054	1311	1074.42	1001	17.554
RCHGF003055	111	10.6768	21	37.0592
RCHGF003056	723	486.562	722	27.9585
RCHGF003057	306	96.004	5824	1143
RCHGF003058	873	636.425	779	23.0625
RCHGF003059	480	247.113	990	75.4842
RCHGF003060	855	618.439	2006	61.1152
RCHGF003061	720	483.578	15968	622.156
RCHGF003062	918	681.418	2522	69.7344
RCHGF003063	117	11.7177	29	46.6307
RCHGF003064	861	624.439	2019	60.9203
RCHGF003065	783	546.49	1305	44.9929
RCHGF003066	1137	900.418	6419	134.319
RCHGF003067	1197	960.418	6499	127.498
RCHGF003068	894	657.418	936	26.8256
RCHGF003069	615	379.082	312	15.5073
RCHGF003070	273	73.5418	33	8.45464
RCHGF003071	804	567.465	432	14.3437
RCHGF003072	1080	843.418	280	6.25505
RCHGF003073	918	681.418	3082	85.2186
RCHGF003074	702	465.61	671	27.1529
RCHGF003075	198	35.2127	17	9.0963
RCHGF003076	138	16.21	125	145.293
RCHGF003077	1005	768.418	254	6.22804
RCHGF003078	225	46.63	105	42.4267
RCHGF003079	1356	1119.42	1681	28.2938
RCHGF003080	267	69.6465	214	57.8935
RCHGF003081	513	278.996	1018	68.7488
RCHGF003082	1119	882.418	953	20.3486
RCHGF003083	1098	861.418	1006	22.0039
RCHGF003084	687	450.661	539	22.5349
RCHGF003085	1005	768.418	1871	45.8767
RCHGF003086	111	10.6768	114	201.178
RCHGF003087	927	690.418	6284	171.49
RCHGF003088	825	588.439	23211	743.204
RCHGF003089	2145	1908.42	5763	56.8972
RCHGF003090	633	396.931	3525	167.324
RCHGF003091	1131	894.418	1464.5	30.8507
RCHGF003092	117	11.7177	497	799.154
RCHGF003093	135	15.4266	235	287.02
RCHGF003094	1221	984.418	5847	111.91
RCHGF003095	444	212.997	942	83.3283
RCHGF003096	282	79.3473	360	85.4842
RCHGF003097	432	201.805	425	39.68
RCHGF003098	1224	987.418	2961	56.5006
RCHGF003099	315	102.481	381	70.0485
RCHGF003100	1239	1002.42	4268	80.2216
RCHGF003101	582	346.484	960	52.204
RCHGF003102	1422	1185.42	2533	40.2605
RCHGF003103	135	15.4266	23	28.0913
RCHGF003104	129	13.8812	114	154.736
RCHGF003105	2601	2364.42	2599	20.7108
RCHGF003106	147	18.6168	19	19.2293
RCHGF003107	1350	1113.42	628	10.6272
RCHGF003108	708	471.594	366	14.6227
RCHGF003109	705	468.605	144	5.78991
RCHGF003110	627	390.971	229	11.0359
RCHGF003111	1416	1179.42	3467	55.3862
RCHGF003112	1791	1554.42	850	10.3031
RCHGF003113	1809	1572.42	476	5.70367
RCHGF003114	969	732.418	749	19.2681
RCHGF003115	687	450.661	304	12.7098
RCHGF003116	555	319.964	1199	70.6046
RCHGF003117	699	462.625	763	31.075
RCHGF003118	2478	2241.42	2819	23.6967
RCHGF003119	387	161.082	3958	462.961
RCHGF003120	186	30.9155	1819	1108.59
RCHGF003121	750	513.495	1498	54.9656
RCHGF003122	294	87.3796	494	106.52
RCHGF003123	132	14.5868	9	11.6251
RCHGF003124	111	10.6768	74	130.589
RCHGF003125	1080	843.418	555	12.3984
RCHGF003126	1305	1068.42	1206	21.2678
RCHGF003127	1470	1233.42	4869	74.3781
RCHGF003128	819	582.446	820	26.5261
RCHGF003129	477	244.245	559	43.1223
RCHGF003130	4218	3981.42	3254	15.3991
RCHGF003131	120	12.2634	42	64.5289
RCHGF003132	213	41.2981	1813	827.149
RCHGF003133	1089	852.418	26472	585.126
RCHGF003134	927	690.418	7397	201.864
RCHGF003135	858	621.439	8083	245.07
RCHGF003136	216	42.626	79	34.9195
RCHGF003137	1539	1302.42	1755	25.3888
RCHGF003138	1332	1095.42	474	8.15294
RCHGF003139	600	364.272	189	9.7758
RCHGF003140	1167	930.418	849	17.1927
RCHGF003142	4260	4023.42	7340	34.3729
RCHGF003143	621	385.022	195	9.54255
RCHGF003144	126	13.4892	43	60.0616
RCHGF003145	1320	1083.42	3260	56.694
RCHGF003146	558	322.907	4253	248.161
RCHGF003147	207	38.6211	789	384.917
RCHGF003148	3858	3621.42	45558	237.029
RCHGF003149	4209	3972.42	40717	193.124
RCHGF003150	609	373.157	493	24.8926
RCHGF003151	369	145.532	27933	3616.39
RCHGF003152	519	284.788	18345	1213.7
RCHGF003154	684	447.661	10907	459.063
RCHGF003155	414	185.284	4719	479.876
RCHGF003156	123	12.8519	23	33.7191
RCHGF003157	114	11.0875	12	20.3921
RCHGF003158	966	729.418	1148	29.6538
RCHGF003159	819	582.446	514	16.6274
RCHGF003160	729	492.546	891	34.0837
RCHGF003161	1071	834.418	1081	24.4094
RCHGF003162	1047	810.418	1638	38.0821
RCHGF003163	1665	1428.42	3779	49.8468
RCHGF003164	1332	1095.42	237	4.07647
RCHGF003165	861	624.439	110	3.31908
RCHGF003166	1173	936.418	119	2.39438
RCHGF003167	732	495.546	77	2.92767
RCHGF003168	525	290.605	42	2.72309
RCHGF003169	183	29.8034	19	12.0117
RCHGF003170	111	10.6768	3	5.29417
RCHGF003171	600	364.272	69	3.56894
RCHGF003172	834	597.439	115	3.62677
RCHGF003173	378	153.246	41	5.04091
RCHGF003174	1281	1044.42	218	3.93276
RCHGF003175	285	81.3251	34	7.87717
RCHGF003176	438	207.409	87	7.9033
RCHGF003177	1971	1734.42	408	4.43223
RCHGF003178	126	13.4892	31	43.3002
RCHGF003179	1158	921.418	2259	46.1929
RCHGF003180	126	13.4892	15	20.9517
RCHGF003181	468	235.631	193	15.4327
RCHGF003182	1041	804.418	210	4.91873
RCHGF003183	807	570.459	301	9.94164
RCHGF003184	1968	1731.42	574	6.24634
RCHGF003185	813	576.452	297	9.70753
RCHGF003186	1056	819.418	243	5.58748
RCHGF003187	312	100.303	26	4.88397
RCHGF003188	459	227.031	160	13.2785
RCHGF003189	1200	963.418	826	16.154
RCHGF003190	1620	1383.42	11887	161.895
RCHGF003191	1407	1170.42	267	4.29819
RCHGF003192	336	118.419	19	3.02306
RCHGF003193	1254	1017.42	239	4.42603
RCHGF003194	303	93.8416	44	8.83432
RCHGF003195	1911	1674.42	717	8.06809
RCHGF003196	117	11.7177	106	170.443
RCHGF003197	867	630.425	773	23.1026
RCHGF003198	246	57.5245	11	3.60293
RCHGF003199	324	109.283	246	42.4131
RCHGF003200	234	51.096	76	28.0248
RCHGF003201	1041	804.418	1384	32.4168
RCHGF003202	1896	1659.42	810	9.19697
RCHGF003203	624	387.997	227	11.0233
RCHGF003204	972	735.418	1214	31.1028
RCHGF003205	1011	774.418	1140	27.7361
RCHGF003206	936	699.418	957	25.7805
RCHGF003207	915	678.418	427	11.8589
RCHGF003208	645	408.837	1012	46.6386
RCHGF003209	702	465.61	345	13.9609
RCHGF003210	774	537.49	598	20.9627
RCHGF003211	957	720.418	668	17.4706
RCHGF003212	876	639.425	1029	30.3208
RCHGF003213	1191	954.418	3989	78.7483
RCHGF003214	807	570.459	94	3.1047
RCHGF003215	1407	1170.42	297	4.78114
RCHGF003216	975	738.418	145	3.69983
RCHGF003217	528	293.52	90	5.77724
RCHGF003218	645	408.837	131	6.03721
RCHGF003220	480	247.113	14462	1102.68
RCHGF003221	843	606.439	21416	665.375
RCHGF003222	1395	1158.42	741	12.0523
RCHGF003223	888	651.418	276	7.98298
RCHGF003224	888	651.418	691	19.9864
RCHGF003225	1302	1065.42	701	12.3969
RCHGF003226	936	699.418	300	8.08165
RCHGF003227	1635	1398.42	3740	50.3907
RCHGF003228	1581	1344.42	2233	31.2946
RCHGF003229	186	30.9155	57	34.7387
RCHGF003230	1374	1137.42	4300	71.2302
RCHGF003231	777	540.49	2993	104.336
RCHGF003232	1875	1638.42	2241	25.7711
RCHGF003233	792	555.484	94	3.1884
RCHGF003234	1299	1062.42	199	3.52918
RCHGF003235	288	83.2656	65	14.7083
RCHGF003236	1404	1167.42	224	3.61524
RCHGF003238	1713	1476.42	2871	36.6386
RCHGF003239	918	681.418	1155	31.9362
RCHGF003240	1248	1011.42	1244	23.1742
RCHGF003241	936	699.418	441	11.88
RCHGF003242	765	528.49	218	7.77205
RCHGF003243	2103	1866.42	1270	12.8207
RCHGF003244	1362	1125.42	1221	20.4417
RCHGF003245	1425	1188.42	1293	20.4996
RCHGF003246	423	193.523	65	6.32845
RCHGF003247	396	169.113	192	21.3914
RCHGF003248	480	247.113	122	9.30209
RCHGF003249	369	145.532	1239	160.409
RCHGF003250	1305	1068.42	396	6.98344
RCHGF003252	114	11.0875	178	302.483
RCHGF003253	1560	1323.42	37460	533.318
RCHGF003254	138	16.21	34	39.5196
RCHGF003255	540	305.263	704	43.4524
RCHGF003256	549	314.074	757	45.413
RCHGF003257	792	555.484	182	6.17328
RCHGF003258	261	65.9345	22	6.28674
RCHGF003259	465	232.757	149	12.0614
RCHGF003260	852	615.439	181	5.54127
RCHGF003261	909	672.418	297	8.32209
RCHGF003262	423	193.523	633	61.6294
RCHGF003263	159	21.9869	29	24.8514
RCHGF003264	312	100.303	779	146.331
RCHGF003265	132	14.5868	7	9.04177
RCHGF003266	117	11.7177	5	8.03978
RCHGF003267	231	49.5658	39	14.8251
RCHGF003268	162	22.8199	17	14.0362
RCHGF003269	603	367.211	3320	170.349
RCHGF003270	942	705.418	1037	27.698
RCHGF003271	210	39.8931	971	458.603
RCHGF003272	876	639.425	1916	56.4575
RCHGF003273	117	11.7177	33	53.0626
RCHGF003274	1044	807.418	660	15.4014
RCHGF003275	1347	1110.42	1743	29.5751
RCHGF003276	1818	1581.42	3002	35.7668
RCHGF003277	2646	2409.42	4423	34.5876
RCHGF003278	906	669.418	1472	41.431
RCHGF003279	3267	3030.42	10680	66.4025
RCHGF003280	900	663.418	3612	102.583
RCHGF003281	1128	891.418	4081	86.2583
RCHGF003282	1614	1377.42	3174	43.4167
RCHGF003283	219	44.0308	168	71.89
RCHGF003284	270	71.5643	61	16.0601
RCHGF003285	612	376.124	2778	139.161
RCHGF003286	516	281.889	374	24.9982
RCHGF003287	318	104.738	1394	250.769
RCHGF003288	621	385.022	1513	74.0404
RCHGF003289	171	25.6745	455	333.907
RCHGF003290	183	29.8034	41	25.9199
RCHGF003291	1938	1701.42	654	7.2424
RCHGF003292	417	188.038	150	15.0301
RCHGF003293	327	111.556	70	11.8228
RCHGF003294	2271	2034.42	805	7.45541
RCHGF003295	279	77.42	97	23.6066
RCHGF003296	1341	1104.42	371	6.3293
RCHGF003297	417	188.038	145	14.529
RCHGF003298	357	135.398	79	10.9934
RCHGF003299	552	317.011	181	10.7577
RCHGF003300	1248	1011.42	361	6.725
RCHGF003301	684	447.661	145	6.10288
RCHGF003302	366	142.927	91	11.9962
RCHGF003303	240	54.2793	121	42.0017
RCHGF003304	1599	1362.42	358	4.95095
RCHGF003305	327	111.556	599	101.17
RCHGF003306	303	93.8416	2758	553.751
RCHGF003307	1368	1131.42	163	2.71444
RCHGF003308	534	299.395	44	2.76901
RCHGF003309	1182	945.418	108	2.15236
RCHGF003310	270	71.5643	60	15.7968
RCHGF003311	381	155.853	29	3.5059
RCHGF003312	285	81.3251	14	3.24354
RCHGF003313	570	334.688	62	3.49033
RCHGF003314	372	148.098	24	3.05337
RCHGF003315	162	22.8199	1	0.825661
RCHGF003316	3150	2913.42	518	3.34998
RCHGF003317	648	411.833	62	2.83652
RCHGF003318	1719	1482.42	192	2.44032
RCHGF003319	1893	1656.42	374	4.25419
RCHGF003320	411	182.618	45	4.64284
RCHGF003321	951	714.418	65	1.71426
RCHGF003322	117	11.7177	2	3.21591
RCHGF003323	219	44.0308	24	10.27
RCHGF003324	1563	1326.42	979	13.9065
RCHGF003325	414	185.284	98	9.96563
RCHGF003326	1023	786.418	774	18.544
RCHGF003327	237	52.6477	297	106.29
RCHGF003328	1359	1122.42	454	7.62108
RCHGF003329	549	314.074	123	7.37886
RCHGF003330	825	588.439	289	9.25362
RCHGF003331	1332	1095.42	967	16.6327
RCHGF003332	594	358.316	6663	350.364
RCHGF003333	1422	1185.42	5678	90.2484
RCHGF003334	1419	1182.42	2694	42.9281
RCHGF003335	303	93.8416	295	59.2301
RCHGF003336	1122	885.418	2997	63.7755
RCHGF003337	1995	1758.42	4245	45.4853
RCHGF003338	2289	2052.42	5194	47.6817
RCHGF003339	1581	1344.42	2730	38.2599
RCHGF003340	816	579.446	219	7.1211
RCHGF003341	672	435.734	141	6.09696
RCHGF003342	633	396.931	511	24.2561
RCHGF003343	1008	771.418	79863	1950.61
RCHGF003344	1386	1149.42	472	7.73712
RCHGF003345	273	73.5418	54	13.8349
RCHGF003346	468	235.631	56	4.47788
RCHGF003347	489	255.789	106	7.80801
RCHGF003348	2022	1785.42	1804	19.0376
RCHGF003349	1599	1362.42	5285	73.0887
RCHGF003350	1233	996.418	933	17.6423
RCHGF003351	678	441.7	3783	161.371
RCHGF003352	1155	918.418	3469	71.1671
RCHGF003353	879	642.425	2157	63.262
RCHGF003354	480	247.113	3737	284.934
RCHGF003355	1761	1524.42	7186	88.8175
RCHGF003356	2358	2121.42	4599	40.8463
RCHGF003357	657	420.791	2011	90.0453
RCHGF003359	855	618.439	488	14.8675
RCHGF003360	390	163.733	16	1.84119
RCHGF003361	2511	2274.42	626	5.18585
RCHGF003362	540	305.263	28	1.72822
RCHGF003363	1170	933.418	1194	24.1015
RCHGF003364	1536	1299.42	7328	106.256
RCHGF003365	951	714.418	3484	91.8843
RCHGF003366	4821	4584.42	745	3.06188
RCHGF003367	675	438.72	79	3.39278
RCHGF003368	153	20.2202	1054	982.132
RCHGF003369	660	423.782	1050	46.6834
RCHGF003370	1083	846.418	1140	25.3767
RCHGF003371	468	235.631	1523	121.782
RCHGF003372	168	24.5702	19	14.57
RCHGF003373	219	44.0308	322	137.789
RCHGF003374	309	98.1653	101	19.3856
RCHGF003375	1419	1182.42	3927	62.5757
RCHGF003376	300	91.6342	97	19.9448
RCHGF003377	123	12.8519	6	8.79629
RCHGF003378	495	261.606	1082	77.9284
RCHGF003379	474	241.392	1481	115.597
RCHGF003380	138	16.21	149	173.189
RCHGF003381	642	405.86	64	2.97112
RCHGF003382	1008	771.418	166	4.05447
RCHGF003383	447	215.781	64	5.58832
RCHGF003384	912	675.418	150	4.18441
RCHGF003385	1050	813.418	116	2.68695
RCHGF003386	327	111.556	15	2.53346
RCHGF003387	480	247.113	50	3.81233
RCHGF003388	870	633.425	139	4.13461
RCHGF003389	858	621.439	143	4.33564
RCHGF003390	1956	1719.42	466	5.10646
RCHGF003391	411	182.618	1471	151.769
RCHGF003392	210	39.8931	784	370.283
RCHGF003393	771	534.49	1581	55.7325
RCHGF003394	633	396.931	1082	51.3603
RCHGF003395	468	235.631	177	14.1533
RCHGF003396	924	687.418	31151	853.821
RCHGF003397	411	182.618	3334	343.983
RCHGF003398	390	163.733	6088	700.574
RCHGF003399	1026	789.418	600	14.3206
RCHGF003400	330	113.839	169	27.9713
RCHGF003401	984	747.418	348	8.77266
RCHGF003402	255	62.3456	66	19.9459
RCHGF003403	1029	792.418	4060	96.5355
RCHGF003404	447	215.781	181	15.8045
RCHGF003405	603	367.211	446	22.8842
RCHGF003406	450	218.576	647	55.7723
RCHGF003407	1218	981.418	1045	20.0622
RCHGF003408	1287	1050.42	1793	32.1613
RCHGF003410	354	132.935	366	51.875
RCHGF003411	2091	1854.42	482	4.89728
RCHGF003412	420	190.777	24	2.37029
RCHGF003413	618	382.039	54	2.66318
RCHGF003414	594	358.316	30	1.57751
RCHGF003415	204	37.4011	5	2.51884
RCHGF003416	111	10.6768	0	0
RCHGF003417	204	37.4011	16	8.0603
RCHGF003418	1377	1140.42	189	3.12258
RCHGF003419	2160	1923.42	219	2.14529
RCHGF003420	375	150.683	30	3.75122
RCHGF003421	471	238.516	60	4.73968
RCHGF003422	564	328.766	55	3.15204
RCHGF003423	891	654.418	41	1.18044
RCHGF003424	2514	2277.42	241	1.99384
RCHGF003425	390	163.733	24	2.76179
RCHGF003426	1791	1554.42	195	2.36365
RCHGF003427	705	468.605	23	0.924777
RCHGF003428	153	20.2202	19	17.7045
RCHGF003429	840	603.439	182	5.68268
RCHGF003430	831	594.439	90	2.85266
RCHGF003431	4428	4191.42	704	3.16466
RCHGF003432	966	729.418	11138	287.704
RCHGF003433	969	732.418	6802	174.982
RCHGF003434	444	212.997	2994	264.846
RCHGF003435	5241	5004.42	1397	5.25967
RCHGF003436	801	564.471	82	2.73708
RCHGF003437	2145	1908.42	425	4.19596
RCHGF003438	615	379.082	88	4.37387
RCHGF003439	258	64.1383	43	12.6318
RCHGF003440	756	519.49	205	7.4352
RCHGF003441	798	561.471	862	28.9265
RCHGF003442	744	507.512	3282	121.845
RCHGF003443	345	125.586	207	31.0559
RCHGF003444	1080	843.418	90	2.01055
RCHGF003445	570	334.688	39	2.19553
RCHGF003446	135	15.4266	3	3.66409
RCHGF003447	228	48.0973	3	1.17521
RCHGF003448	840	603.439	126	3.93417
RCHGF003449	1185	948.418	120	2.38395
RCHGF003450	1716	1479.42	207	2.6363
RCHGF003451	453	221.377	25	2.12776
RCHGF003452	414	185.284	91	9.2538
RCHGF003453	117	11.7177	9	14.4716
RCHGF003454	912	675.418	86	2.39906
RCHGF003455	843	606.439	62	1.92628
RCHGF003456	1128	891.418	130	2.74775
RCHGF003457	120	12.2634	3	4.60921
RCHGF003458	834	597.439	110	3.46908
RCHGF003459	1542	1305.42	157	2.26603
RCHGF003460	396	169.113	17	1.89403
RCHGF003461	645	408.837	48	2.21211
RCHGF003462	606	370.182	82	4.17363
RCHGF003463	276	75.4896	22	5.491
RCHGF003464	282	79.3473	19	4.51167
RCHGF003465	120	12.2634	7	10.7548
RCHGF003467	126	13.4892	227	317.069
RCHGF003468	1413	1176.42	1098	17.5856
RCHGF003469	465	232.757	235	19.0231
RCHGF003470	1569	1332.42	13505	190.972
RCHGF003471	1131	894.418	9242	194.689
RCHGF003472	699	462.625	800	32.5819
RCHGF003473	213	41.2981	864	394.185
RCHGF003474	333	116.107	743	120.572
RCHGF003475	1446	1209.42	5598	87.2112
RCHGF003476	882	645.425	971	28.3458
RCHGF003477	588	352.383	1519	81.2191
RCHGF003478	519	284.788	762	50.4137
RCHGF003479	615	379.082	1273	63.2719
RCHGF003480	906	669.418	1265	35.6048
RCHGF003481	1167	930.418	727	14.7222
RCHGF003482	861	624.439	373	11.2547
RCHGF003483	1215	978.418	405	7.79913
RCHGF003484	1038	801.418	1014	23.8393
RCHGF003485	1392	1155.42	993	16.1929
RCHGF003486	1221	984.418	1013	19.3886
RCHGF003488	1176	939.418	3748	75.172
RCHGF003489	255	62.3456	98	29.6166
RCHGF003490	660	423.782	469	20.8519
RCHGF003491	756	519.49	487	17.6631
RCHGF003492	177	27.696	95	64.6282
RCHGF003493	480	247.113	640	48.7979
RCHGF003494	579	343.522	854	46.8402
RCHGF003495	1218	981.418	573	11.0006
RCHGF003496	1182	945.418	868	17.2986
RCHGF003497	1092	855.418	1582	34.8453
RCHGF003498	1059	822.418	1405	32.1884
RCHGF003499	114	11.0875	1808	3072.41
RCHGF003500	1545	1308.42	11927	171.751
RCHGF003501	777	540.49	3145	109.635
RCHGF003502	837	600.439	26914	844.549
RCHGF003503	1026	789.418	19215	458.616
RCHGF003504	786	549.49	16171	554.489
RCHGF003505	1137	900.418	15034	314.591
RCHGF003506	1206	969.418	2610	50.7277
RCHGF003507	1203	966.418	30881	602.063
RCHGF003508	2112	1875.42	1019	10.2374
RCHGF003509	243	55.8105	126	42.5373
RCHGF003510	1134	897.418	1509	31.6818
RCHGF003511	153	20.2202	322	300.044
RCHGF003512	951	714.418	4757	125.457
RCHGF003513	1263	1026.42	4953	90.92
RCHGF003514	948	711.418	302	7.9983
RCHGF003515	675	438.72	771	33.1118
RCHGF003516	339	120.809	1999	311.765
RCHGF003517	1704	1467.42	20694	265.709
RCHGF003518	1062	825.418	532	12.1438
RCHGF003519	420	190.777	89	8.78983
RCHGF003520	399	171.8	127	13.9282
RCHGF003521	459	227.031	116	9.62694
RCHGF003522	312	100.303	26	4.88397
RCHGF003523	1029	792.418	421	10.0102
RCHGF003524	915	678.418	650	18.0523
RCHGF003525	153	20.2202	77	71.7497
RCHGF003526	678	441.7	119	5.07616
RCHGF003527	165	23.6426	308	245.455
RCHGF003528	117	11.7177	37	59.4944
RCHGF003529	132	14.5868	5549	7167.54
RCHGF003530	792	555.484	1795	60.8848
RCHGF003531	921	684.418	601	16.5451
RCHGF003532	1053	816.418	711	16.4086
RCHGF003533	1053	816.418	1586	36.6021
RCHGF003534	1272	1035.42	301	5.4773
RCHGF003535	870	633.425	994	29.567
RCHGF003536	969	732.418	1385	35.6292
RCHGF003537	348	128.032	1161	170.856
RCHGF003538	672	435.734	2506	108.361
RCHGF003539	885	648.418	23240	675.3
RCHGF003540	738	501.535	554	20.8125
RCHGF003541	2253	2016.42	3507	32.7696
RCHGF003542	819	582.446	4002	129.46
RCHGF003543	756	519.49	370	13.4196
RCHGF003544	1215	978.418	242	4.66022
RCHGF003545	1188	951.418	640	12.6743
RCHGF003546	750	513.495	239	8.76954
RCHGF003547	765	528.49	158	5.63295
RCHGF003548	1005	768.418	426	10.4455
RCHGF003549	747	510.512	302	11.1459
RCHGF003550	3216	2979.42	3865	24.4418
RCHGF003551	1074	837.418	1709	38.4517
RCHGF003552	636	399.905	1590	74.9128
RCHGF003553	699	462.625	1380	56.2038
RCHGF003554	906	669.418	854	24.0368
RCHGF003555	744	507.512	374	13.8848
RCHGF003556	3213	2976.42	5568	35.2469
RCHGF003557	1077	840.418	2336	52.3713
RCHGF003558	1290	1053.42	1589	28.421
RCHGF003559	885	648.418	878	25.5126
RCHGF003561	381	155.853	1152	139.269
RCHGF003562	426	196.283	689	66.1383
RCHGF003563	960	723.418	1048	27.2953
RCHGF003564	1230	993.418	2181	41.3656
RCHGF003565	819	582.446	235	7.602
RCHGF003566	771	534.49	81	2.85536
RCHGF003567	471	238.516	33	2.60683
RCHGF003568	735	498.54	88	3.32581
RCHGF003569	414	185.284	61	6.2031
RCHGF003570	720	483.578	1773	69.0808
RCHGF003571	852	615.439	3287	100.631
RCHGF003572	897	660.418	10705	305.41
RCHGF003573	543	308.188	1795	109.74
RCHGF003574	738	501.535	160	6.01083
RCHGF003575	396	169.113	887	98.8238
RCHGF003576	777	540.49	626	21.8224
RCHGF003577	723	486.562	569	22.0338
RCHGF003578	654	417.805	773	34.8595
RCHGF003580	507	273.181	627	43.2447
RCHGF003581	615	379.082	1537	76.3935
RCHGF003582	852	615.439	628	19.2261
RCHGF003583	1614	1377.42	1754	23.9927
RCHGF003584	393	166.406	6346	718.533
RCHGF003585	912	675.418	4247	118.475
RCHGF003586	816	579.446	3351	108.963
RCHGF003587	978	741.418	4722	119.999
RCHGF003588	297	89.478	18703	3938.32
RCHGF003589	168	24.5702	4643	3560.46
RCHGF003590	2145	1908.42	41632	411.026
RCHGF003591	216	42.626	705	311.624
RCHGF003592	210	39.8931	2879	1359.75
RCHGF003593	417	188.038	2186	219.038
RCHGF003594	546	311.123	3784	229.158
RCHGF003595	162	22.8199	35	28.8981
RCHGF003596	342	123.193	2741	419.218
RCHGF003597	411	182.618	4331	446.848
RCHGF003598	177	27.696	2995	2037.49
RCHGF003599	1296	1059.42	3708	65.9459
RCHGF003600	816	579.446	236	7.67388
RCHGF003601	3666	3429.42	925	5.08203
RCHGF003602	1287	1050.42	449	8.05378
RCHGF003603	228	48.0973	68	26.6382
RCHGF003604	3075	2838.42	11794	78.2889
RCHGF003605	702	465.61	104	4.20849
RCHGF003606	225	46.63	80	32.3251
RCHGF003607	543	308.188	61	3.72932
RCHGF003608	234	51.096	57	21.0186
RCHGF003609	357	135.398	28	3.89638
RCHGF003610	222	45.3906	36	14.9435
RCHGF003611	897	660.418	1317	37.5736
RCHGF003612	879	642.425	557	16.3361
RCHGF003613	1164	927.418	464	9.42666
RCHGF003614	159	21.9869	129	110.546
RCHGF003615	483	249.99	3066	231.082
RCHGF003616	1629	1392.42	16133	218.304
RCHGF003617	357	135.398	3377	469.931
RCHGF003618	777	540.49	2328	81.1542
RCHGF003619	900	663.418	1444	41.0105
RCHGF003620	1071	834.418	7035	158.853
RCHGF003621	1080	843.418	477	10.6559
RCHGF003622	714	477.584	1324	52.2341
RCHGF003623	798	561.471	3134	105.169
RCHGF003624	267	69.6465	452	122.28
RCHGF003625	651	414.819	952	43.2408
RCHGF003626	723	486.562	1307	50.6119
RCHGF003627	1644	1407.42	6091	81.5419
RCHGF003628	558	322.907	4184	244.135
RCHGF003629	132	14.5868	316	408.171
RCHGF003630	1863	1626.42	14215	164.676
RCHGF003631	2271	2034.42	14612	135.327
RCHGF003632	462	229.871	2095	171.718
RCHGF003633	1263	1026.42	6443	118.271
RCHGF003634	741	504.524	6448	240.801
RCHGF003635	600	364.272	779	40.2928
RCHGF003636	774	537.49	4078	142.953
RCHGF003637	669	432.734	2054	89.4324
RCHGF003638	1008	771.418	566	13.8243
RCHGF003639	201	36.2524	15.7312	8.17602
RCHGF003640	1191	954.418	6619.83	130.684
RCHGF003641	1560	1323.42	9126	129.927
RCHGF003642	708	471.594	1866	74.5519
RCHGF003643	711	474.589	979	38.867
RCHGF003644	336	118.419	1196	190.294
RCHGF003645	144	17.8109	61	64.5297
RCHGF003646	537	302.307	815	50.7954
RCHGF003647	882	645.425	5148	150.282
RCHGF003648	153	20.2202	66	61.4997
RCHGF003649	960	723.418	1052.28	27.4067
RCHGF003650	702	465.61	2351	95.1363
RCHGF003651	510	276.074	382	26.0708
RCHGF003652	201	36.2524	109	56.6507
RCHGF003653	180	28.7347	1251	820.287
RCHGF003654	2013	1776.42	14672	155.618
RCHGF003655	234	51.096	39	14.3811
RCHGF003656	1608	1371.42	3029	41.6145
RCHGF003657	594	358.316	10737	564.589
RCHGF003658	834	597.439	2601	82.028
RCHGF003659	246	57.5245	220	72.0586
RCHGF003660	747	510.512	788	29.0828
RCHGF003661	774	537.49	1384	48.5156
RCHGF003662	327	111.556	39	6.58701
RCHGF003663	147	18.6168	0	0
RCHGF003664	960	723.418	1473.72	38.3833
RCHGF003665	2556	2319.42	27000	219.331
RCHGF003666	171	25.6745	32	23.4836
RCHGF003667	639	402.9	229	10.7091
RCHGF003668	612	376.124	331	16.5811
RCHGF003669	1362	1125.42	1971	32.9981
RCHGF003670	270	71.5643	373	98.2037
RCHGF003671	570	334.688	583	32.8204
RCHGF003672	567	331.718	75	4.25999
RCHGF003673	894	657.418	552	15.8202
RCHGF003674	231	49.5658	1213	461.099
RCHGF003676	843	606.439	2031	63.1013
RCHGF003677	300	91.6342	504	103.631
RCHGF003678	1596	1359.42	5478	75.925
RCHGF003679	723	486.562	1703	65.9465
RCHGF003680	3024	2787.42	8945	60.4636
RCHGF003681	1128	891.418	1941	41.026
RCHGF003682	765	528.49	31017	1105.81
RCHGF003683	834	597.439	833	26.2704
RCHGF003684	678	441.7	466	19.8781
RCHGF003685	1032	795.418	586	13.8809
RCHGF003687	462	229.871	389	31.8845
RCHGF003688	687	450.661	502	20.9879
RCHGF003689	885	648.418	1270	36.9032
RCHGF003690	1038	801.418	1446	33.9958
RCHGF003691	360	137.912	647	88.3932
RCHGF003692	663	426.753	3188	140.753
RCHGF003693	1479	1242.42	5095	77.2666
RCHGF003694	624	387.997	2142	104.018
RCHGF003695	495	261.606	187	13.4682
RCHGF003696	777	540.49	838	29.2127
RCHGF003697	471	238.516	961	75.9139
RCHGF003698	2109	1872.42	689	6.93317
RCHGF003699	225	46.63	33	13.3341
RCHGF003700	1329	1092.42	55509	957.393
RCHGF003701	267	69.6465	123	33.2752
RCHGF003702	627	390.971	5155	248.428
RCHGF003703	138	16.21	109	126.695
RCHGF003704	1662	1425.42	1909	25.2336
RCHGF003705	117	11.7177	160	257.273
RCHGF003706	249	59.0803	36	11.4809
RCHGF003707	318	104.738	136	24.4653
RCHGF003708	297	89.478	22	4.63257
RCHGF003709	498	264.5	107	7.62209
RCHGF003710	861	624.439	165	4.97862
RCHGF003711	954	717.418	101	2.65256
RCHGF003712	270	71.5643	7	1.84296
RCHGF003713	624	387.997	95	4.6133
RCHGF003714	1026	789.418	201	4.79738
RCHGF003715	1632	1395.42	344	4.64483
RCHGF003716	393	166.406	142	16.0781
RCHGF003717	768	531.49	380	13.4711
RCHGF003718	1014	777.418	1868	45.2728
RCHGF003719	198	35.2127	9	4.81569
RCHGF003720	495	261.606	324	23.3353
RCHGF003721	255	62.3456	255	77.0637
RCHGF003722	213	41.2981	513	234.047
RCHGF003723	369	145.532	463	59.943
RCHGF003724	408	179.934	207	21.6756
RCHGF003725	306	96.004	130	25.5135
RCHGF003726	168	24.5702	19	14.57
RCHGF003727	579	343.522	3159	173.265
RCHGF003728	657	420.791	1741	77.9557
RCHGF003729	516	281.889	475	31.749
RCHGF003730	1500	1263.42	7207	107.479
RCHGF003731	1290	1053.42	5392	96.4417
RCHGF003732	1128	891.418	672	14.2038
RCHGF003733	177	27.696	26	17.6877
RCHGF003734	303	93.8416	309	62.041
RCHGF003735	759	522.49	630	22.7184
RCHGF003736	177	27.696	119	80.9553
RCHGF003737	546	311.123	173	10.4768
RCHGF003738	1065	828.418	4934	112.219
RCHGF003739	114	11.0875	77	130.849
RCHGF003740	894	657.418	1592	45.6265
RCHGF003741	2622	2385.42	6941	54.8243
RCHGF003742	567	331.718	954	54.187
RCHGF003744	717	480.584	709	27.7967
RCHGF003745	624	387.997	3620	175.791
RCHGF003746	579	343.522	322	17.661
RCHGF003747	288	83.2656	108	24.4384
RCHGF003748	282	79.3473	179	42.5047
RCHGF003749	117	11.7177	249	400.381
RCHGF003750	270	71.5643	352	92.6748
RCHGF003751	174	26.6781	40	28.2502
RCHGF003752	288	83.2656	971	219.72
RCHGF003753	588	352.383	10641	568.962
RCHGF003754	2322	2085.42	33803	305.406
RCHGF003755	1275	1038.42	15401	279.442
RCHGF003756	720	483.578	5337	207.944
RCHGF003757	129	13.8812	31	42.0774
RCHGF003758	1581	1344.42	788	11.0435
RCHGF003759	114	11.0875	10	16.9934
RCHGF003760	1590	1353.42	1730	24.0841
RCHGF003761	1689	1452.42	370	4.79983
RCHGF003762	675	438.72	188	8.07396
RCHGF003763	237	52.6477	491	175.718
RCHGF003764	534	299.395	121801	7665.18
RCHGF003765	417	188.038	1772	177.555
RCHGF003766	4101	3864.42	1069	5.21206
RCHGF003767	147	18.6168	22	22.2656
RCHGF003768	927	690.418	2390	65.2231
RCHGF003769	972	735.418	26539	679.933
RCHGF003770	1851	1614.42	130126	1518.67
RCHGF003771	1155	918.418	869	17.8277
RCHGF003772	699	462.625	3161	128.739
RCHGF003773	351	130.515	281	40.566
RCHGF003774	1881	1644.42	4092	46.8855
RCHGF003775	918	681.418	1126	31.1344
RCHGF003776	153	20.2202	11	10.25
RCHGF003777	849	612.439	1479	45.501
RCHGF003778	1461	1224.42	1858	28.5911
RCHGF003779	939	702.418	455	12.2048
RCHGF003780	357	135.398	30	4.17469
RCHGF003781	618	382.039	1146	56.5187
RCHGF003782	1251	1014.42	134	2.48888
RCHGF003783	174	26.6781	1	0.706255
RCHGF003784	774	537.49	503	17.6325
RCHGF003785	159	21.9869	52	44.5611
RCHGF003786	435	204.609	195	17.9566
RCHGF003787	129	13.8812	1	1.35734
RCHGF003788	1065	828.418	927	21.0836
RCHGF003789	120	12.2634	35	53.7741
RCHGF003790	573	337.621	133	7.42229
RCHGF003791	2055	1818.42	454	4.70411
RCHGF003792	1716	1479.42	272	3.46413
RCHGF003793	681	444.68	552	23.3887
RCHGF003794	1545	1308.42	769	11.0738
RCHGF003795	1500	1263.42	315	4.69763
RCHGF003796	669	432.734	98	4.26698
RCHGF003797	447	215.781	116	10.1288
RCHGF003798	1107	870.418	8874	192.091
RCHGF003799	132	14.5868	20	25.8336
RCHGF003800	219	44.0308	185	79.1646
RCHGF003801	411	182.618	116	11.9682
RCHGF003802	360	137.912	137	18.7169
RCHGF003803	1905	1668.42	1561	17.6284
RCHGF003804	639	402.9	394	18.4253
RCHGF003805	123	12.8519	212	310.802
RCHGF003806	828	591.439	2353	74.9596
RCHGF003807	111	10.6768	7	12.3531
RCHGF003808	804	567.465	1336	44.3591
RCHGF003809	486	252.9	491	36.5804
RCHGF003810	750	513.495	1501	55.0757
RCHGF003811	843	606.439	586	18.2065
RCHGF003812	498	264.5	248	17.6662
RCHGF003813	846	609.439	273	8.44011
RCHGF003814	645	408.837	389	17.9273
RCHGF003815	1338	1101.42	384	6.56893
RCHGF003816	459	227.031	615	51.0394
RCHGF003817	489	255.789	234	17.2365
RCHGF003818	900	663.418	464	13.1779
RCHGF003819	504	270.293	2656	185.143
RCHGF003820	117	11.7177	52	83.6137
RCHGF003821	450	218.576	148	12.7578
RCHGF003822	876	639.425	154	4.53781
RCHGF003823	207	38.6211	8	3.90284
RCHGF003824	246	57.5245	39	12.774
RCHGF003825	333	116.107	70	11.3594
RCHGF003826	114	11.0875	173	293.986
RCHGF003827	1269	1032.42	1258	22.9583
RCHGF003828	432	201.805	646	60.3137
RCHGF003829	489	255.789	88	6.48212
RCHGF003830	1824	1587.42	1606	19.0621
RCHGF003832	129	13.8812	91	123.518
RCHGF003833	858	621.439	390	11.8245
RCHGF003834	426	196.283	355	34.0771
RCHGF003835	315	102.481	114	20.9594
RCHGF003836	579	343.522	152	8.33689
RCHGF003837	1113	876.418	1252	26.9159
RCHGF003838	1935	1698.42	3060	33.9463
RCHGF003839	2262	2025.42	5094	47.3871
RCHGF003840	120	12.2634	29	44.5557
RCHGF003841	423	193.523	73	7.10734
RCHGF003842	1518	1281.42	406	5.96968
RCHGF003843	129	13.8812	20	27.1467
RCHGF003844	618	382.039	1948	96.0719
RCHGF003845	471	238.516	164	12.9551
RCHGF003846	129	13.8812	39	52.9361
RCHGF003847	447	215.781	1917	167.388
RCHGF003848	462	229.871	237	19.4258
RCHGF003849	1941	1704.42	2234	24.6958
RCHGF003850	2631	2394.42	19166	150.816
RCHGF003851	138	16.21	3	3.48703
RCHGF003852	906	669.418	688	19.3645
RCHGF003853	177	27.696	10	6.80296
RCHGF003854	846	609.439	543	16.7875
RCHGF003855	1272	1035.42	5157	93.8419
RCHGF003856	351	130.515	857	123.719
RCHGF003857	453	221.377	10132	862.339
RCHGF003858	228	48.0973	662	259.33
RCHGF003859	1068	831.418	2880	65.2662
RCHGF003860	558	322.907	30539	1781.94
RCHGF003861	291	85.2806	80	17.6748
RCHGF003862	915	678.418	111	3.08277
RCHGF003863	177	27.696	3	2.04089
RCHGF003864	291	85.2806	20	4.41871
RCHGF003865	300	91.6342	20	4.11233
RCHGF003866	252	60.7073	17	5.27623
RCHGF003867	4215	3978.42	723	3.42408
RCHGF003868	522	287.695	52	3.40554
RCHGF003869	996	759.418	219	5.43349
RCHGF003870	564	328.766	688	39.4292
RCHGF003871	330	113.839	98	16.2201
RCHGF003872	1326	1089.42	710	12.2795
RCHGF003873	1032	795.418	2001.67	47.4146
RCHGF003874	162	22.8199	9	7.43095
RCHGF003875	681	444.68	1527	64.7003
RCHGF003876	2007	1770.42	1512	16.0913
RCHGF003877	648	411.833	312	14.2741
RCHGF003878	978	741.418	454	11.5374
RCHGF003879	861	624.439	818	24.6819
RCHGF003880	318	104.738	782	140.675
RCHGF003881	1332	1095.42	674	11.593
RCHGF003882	2571	2334.42	1231	9.93562
RCHGF003883	117	11.7177	108	173.659
RCHGF003884	1095	858.418	13947	306.124
RCHGF003885	1254	1017.42	9322	172.634
RCHGF003886	1419	1182.42	6770	107.878
RCHGF003887	1797	1560.42	5445	65.7465
RCHGF003888	98	9.38828	7	14.0484
RCHGF003891	2625	2388.42	3087	24.3524
RCHGF003892	255	62.3456	6090	1840.46
RCHGF003893	411	182.618	1550	159.92
RCHGF003894	258	64.1383	384	112.805
RCHGF003895	1056	819.418	1820	41.8486
RCHGF003896	630	393.953	3052	145.967
RCHGF003897	477	244.245	69926	5394.22
RCHGF003898	462	229.871	212	17.3767
RCHGF003899	1965	1728.42	972	10.5958
RCHGF003900	957	720.418	3231	84.5022
RCHGF003901	1200	963.418	2942	57.5365
RCHGF003902	498	264.5	1647	117.323
RCHGF003903	297	89.478	689	145.084
RCHGF003904	651	414.819	9771	443.809
RCHGF003905	2928	2691.42	5194	36.361
RCHGF003906	969	732.418	1100	28.2976
RCHGF003907	312	100.303	155	29.116
RCHGF003908	1191	954.418	6422	126.779
RCHGF003909	948	711.418	9797	259.468
RCHGF003910	2499	2262.42	2166	18.0385
RCHGF003911	1692	1455.42	978	12.661
RCHGF003912	1398	1161.42	1790	29.0389
RCHGF003913	3078	2841.42	1961	13.0034
RCHGF003914	486	252.9	230	17.1354
RCHGF003915	132	14.5868	152	196.336
RCHGF003917	309	98.1653	5295	1016.3
RCHGF003918	312	100.303	4304	808.486
RCHGF003919	282	79.3473	7981	1895.14
RCHGF003920	1287	1050.42	4326	77.5961
RCHGF003921	426	196.283	1798	172.593
RCHGF003922	1071	834.418	815	18.403
RCHGF003923	750	513.495	137	5.02689
RCHGF003924	567	331.718	136	7.72477
RCHGF003925	762	525.49	2180	78.1642
RCHGF003926	582	346.484	57	3.09961
RCHGF003927	636	399.905	105	4.94707
RCHGF003928	1011	774.418	1658	40.339
RCHGF003929	351	130.515	45	6.49633
RCHGF003930	660	423.782	151	6.71352
RCHGF003931	1302	1065.42	297	5.25233
RCHGF003932	288	83.2656	2014	455.732
RCHGF003933	2289	2052.42	12998	119.324
RCHGF003934	1605	1368.42	677	9.32149
RCHGF003935	513	278.996	2302	155.462
RCHGF003936	2199	1962.42	8747	83.9814
RCHGF003937	498	264.5	189	13.4633
RCHGF003938	120	12.2634	118	181.296
RCHGF003939	426	196.283	335	32.1572
RCHGF003940	123	12.8519	187	274.151
RCHGF003941	117	11.7177	16	25.7273
RCHGF003942	471	238.516	156	12.3232
RCHGF003943	789	552.49	1077	36.7288
RCHGF003944	489	255.789	1057	77.8591
RCHGF003945	576	340.553	620	34.3023
RCHGF003946	1104	867.418	2268	49.2641
RCHGF003947	936	699.418	5157	138.924
RCHGF003948	507	273.181	91639	6320.41
RCHGF003949	465	232.757	605	48.9743
RCHGF003950	1698	1461.42	3444	44.4022
RCHGF003951	255	62.3456	166	50.1669
RCHGF003952	291	85.2806	479	105.828
RCHGF003953	1863	1626.42	7405	85.7844
RCHGF003954	336	118.419	1744	277.485
RCHGF003955	153	20.2202	280	260.908
RCHGF003956	630	393.953	1193	57.0573
RCHGF003957	1074	837.418	2623	59.0162
RCHGF003958	930	693.418	428	11.6296
RCHGF003959	1125	888.418	498	10.5615
RCHGF003960	1200	963.418	898	17.5621
RCHGF003961	2361	2124.42	7064	62.6508
RCHGF003962	1551	1314.42	1352	19.3802
RCHGF003963	936	699.418	5888	158.616
RCHGF003964	150	19.371	15905	15470.2
RCHGF003965	273	73.5418	888	227.507
RCHGF003966	450	218.576	411	35.4288
RCHGF003967	417	188.038	690	69.1382
RCHGF003968	669	432.734	805	35.0502
RCHGF003969	858	621.439	570	17.2819
RCHGF003970	609	373.157	2660	134.309
RCHGF003971	1929	1692.42	1408	15.6751
RCHGF003972	2493	2256.42	3359	28.0483
RCHGF003973	1257	1020.42	2205	40.7142
RCHGF003974	1788	1551.42	13115	159.278
RCHGF003975	2178	1941.42	12766	123.894
RCHGF003976	417	188.038	1139	114.128
RCHGF003977	513	278.996	594	40.1147
RCHGF003978	522	287.695	429	28.0957
RCHGF003979	708	471.594	117	4.67448
RCHGF003980	441	210.181	52	4.66149
RCHGF003981	996	759.418	176	4.36664
RCHGF003982	351	130.515	40	5.77451
RCHGF003983	1374	1137.42	439	7.2721
RCHGF003984	138	16.21	26	30.2209
RCHGF003985	279	77.42	27974	6807.96
RCHGF003986	735	498.54	396	14.9662
RCHGF003987	546	311.123	578	35.0035
RCHGF003988	981	744.418	206	5.21394
RCHGF003989	570	334.688	81	4.55995
RCHGF003990	510	276.074	46	3.13941
RCHGF003991	327	111.556	43	7.2626
RCHGF003992	735	498.54	2039	77.0606
RCHGF003993	756	519.49	1396	50.6319
RCHGF003994	783	546.49	830	28.6162
RCHGF003995	1323	1086.42	3036	52.6527
RCHGF003996	1458	1221.42	6924	106.809
RCHGF003997	894	657.418	7193	206.15
RCHGF003998	795	558.471	28394	957.947
RCHGF003999	198	35.2127	44	23.5434
RCHGF004000	924	687.418	562	15.4039
RCHGF004001	984	747.418	1791	45.1489
RCHGF004002	678	441.7	1268	54.0888
RCHGF004003	1218	981.418	1351	25.9368
RCHGF004004	378	153.246	243.805	29.9756
RCHGF004005	486	252.9	445	33.1533
RCHGF004006	288	83.2656	3601	814.841
RCHGF004007	594	358.316	2038	107.165
RCHGF004008	948	711.418	526	13.9308
RCHGF004009	939	702.418	560	15.0213
RCHGF004010	1245	1008.42	745	13.9197
RCHGF004011	759	522.49	178	6.41886
RCHGF004012	636	399.905	289	13.6162
RCHGF004013	1686	1449.42	4832	62.8129
RCHGF004014	465	232.757	2744	222.125
RCHGF004015	360	137.912	231	31.5592
RCHGF004016	408	179.934	154	16.1258
RCHGF004017	897	660.418	859	24.507
RCHGF004018	738	501.535	1616	60.7094
RCHGF004019	312	100.303	25	4.69613
RCHGF004020	1380	1143.42	4493	74.0367
RCHGF004021	1764	1527.42	8047	99.264
RCHGF004022	1194	957.418	5891	115.932
RCHGF004023	660	423.782	4271	189.89
RCHGF004024	510	276.074	926	63.1978
RCHGF004025	909	672.418	2982	83.5572
RCHGF004027	147	18.6168	122	123.473
RCHGF004028	879	642.425	1750	51.3252
RCHGF004029	528	293.52	1507	96.7366
RCHGF004030	1062	825.418	4279	97.6751
RCHGF004031	2070	1833.42	6539	67.1994
RCHGF004032	609	373.157	2188	110.477
RCHGF004033	462	229.871	268	21.9667
RCHGF004034	993	756.418	91	2.26671
RCHGF004035	951	714.418	95	2.50546
RCHGF004036	297	89.478	3	0.631714
RCHGF004037	351	130.515	9	1.29927
RCHGF004038	162	22.8199	1	0.825661
RCHGF004039	417	188.038	10	1.002
RCHGF004040	435	204.609	41	3.7755
RCHGF004041	327	111.556	48	8.10709
RCHGF004042	561	325.835	9810	567.267
RCHGF004043	972	735.418	1937	49.6262
RCHGF004044	654	417.805	2429	109.539
RCHGF004045	1308	1071.42	6871	120.83
RCHGF004046	999	762.418	3875	95.7622
RCHGF004047	1590	1353.42	3864	53.7924
RCHGF004048	180	28.7347	35	22.9497
RCHGF004049	1476	1239.42	409	6.21758
RCHGF004050	282	79.3473	232779	55274.8
RCHGF004051	702	465.61	5339	216.05
RCHGF004052	1200	963.418	1331	26.0303
RCHGF004053	303	93.8416	1177	236.318
RCHGF004054	399	171.8	521	57.1386
RCHGF004055	438	207.409	553	50.2359
RCHGF004056	357	135.398	797	110.908
RCHGF004057	339	120.809	211	32.9077
RCHGF004058	738	501.535	1209	45.4193
RCHGF004059	1332	1095.42	2747	47.2492
RCHGF004060	705	468.605	2943	118.331
RCHGF004061	1428	1191.42	5010	79.2299
RCHGF004062	1599	1362.42	3259	45.0702
RCHGF004063	570	334.688	1340	75.4363
RCHGF004064	1254	1017.42	2754	51.0012
RCHGF004065	1299	1062.42	4768	84.5583
RCHGF004066	834	597.439	2226	70.2016
RCHGF004067	921	684.418	2097	57.7288
RCHGF004068	660	423.782	1824	81.0958
RCHGF004069	621	385.022	171	8.36808
RCHGF004070	1179	942.418	3004	60.0581
RCHGF004071	831	594.439	121	3.83525
RCHGF004072	999	762.418	4279	105.746
RCHGF004073	1659	1422.42	3887	51.4876
RCHGF004074	777	540.49	2238	78.0168
RCHGF004075	1875	1638.42	3827	44.0098
RCHGF004076	840	603.439	1397	43.6193
RCHGF004077	210	39.8931	54	25.5042
RCHGF004078	1326	1089.42	2887	49.9307
RCHGF004079	375	150.683	990	123.79
RCHGF004080	900	663.418	1855	52.6832
RCHGF004081	327	111.556	42971	7257.7
RCHGF004082	555	319.964	302	17.7837
RCHGF004083	1374	1137.42	8215	136.083
RCHGF004084	942	705.418	3700	98.8259
RCHGF004085	828	591.439	1963	62.5354
RCHGF004086	951	714.418	628	16.5624
RCHGF004087	576	340.553	448	24.7862
RCHGF004088	114	11.0875	10	16.9934
RCHGF004089	792	555.484	179	6.07152
RCHGF004090	930	693.418	252	6.84732
RCHGF004091	921	684.418	340	9.35994
RCHGF004092	900	663.418	206	5.85053
RCHGF004093	438	207.409	663	60.2286
RCHGF004094	426	196.283	294	28.2216
RCHGF004095	150	19.371	90	87.5398
RCHGF004096	1743	1506.42	5176	64.7388
RCHGF004097	1335	1098.42	2322	39.83
RCHGF004099	735	498.54	5531	209.035
RCHGF004101	642	405.86	78.5041	3.64445
RCHGF004102	201	36.2524	2	1.03946
RCHGF004103	177	27.696	7	4.76207
RCHGF004104	1191	954.418	4746.23	93.697
RCHGF004105	123	12.8519	199	291.744
RCHGF004106	1626	1389.42	682	9.24841
RCHGF004107	822	585.446	116	3.73325
RCHGF004108	831	594.439	233	7.38523
RCHGF004109	4233	3996.42	2093	9.86765
RCHGF004110	450	218.576	59	5.08588
RCHGF004111	171	25.6745	119	87.3296
RCHGF004112	132	14.5868	153	197.627
RCHGF004113	489	255.789	400	29.4642
RCHGF004114	879	642.425	162	4.75125
RCHGF004115	2790	2553.42	1185	8.74404
RCHGF004116	132	14.5868	0	0
RCHGF004117	432	201.805	33	3.08104
RCHGF004118	492	258.702	54	3.93287
RCHGF004119	774	537.49	131	4.59216
RCHGF004120	816	579.446	318	10.3402
RCHGF004121	1680	1443.42	3404	44.4338
RCHGF004122	795	558.471	333	11.2346
RCHGF004123	636	399.905	143	6.73744
RCHGF004125	1497	1260.42	12205	182.448
RCHGF004126	1089	852.418	276	6.10059
RCHGF004127	300	91.6342	30	6.16849
RCHGF004128	666	429.744	144	6.31347
RCHGF004129	810	573.459	222	7.29401
RCHGF004130	1371	1134.42	305	5.06573
RCHGF004131	1440	1203.42	197	3.08436
RCHGF004132	1437	1200.42	263	4.12799
RCHGF004133	1383	1146.42	257	4.22382
RCHGF004134	837	600.439	198	6.21315
RCHGF004135	438	207.409	118	10.7194
RCHGF004136	123	12.8519	29	42.5154
RCHGF004137	915	678.418	235	6.52659
RCHGF004138	885	648.418	1203	34.9563
RCHGF004139	1014	777.418	374	9.06426
RCHGF004140	1158	921.418	1601	32.7379
RCHGF004141	306	96.004	835	163.875
RCHGF004142	237	52.6477	645	230.832
RCHGF004143	642	405.86	142	6.59216
RCHGF004144	807	570.459	111	3.66619
RCHGF004145	762	525.49	130	4.66117
RCHGF004146	462	229.871	55	4.5081
RCHGF004147	417	188.038	47	4.70942
RCHGF004148	2715	2478.42	750	5.70167
RCHGF004149	966	729.418	86	2.22145
RCHGF004150	804	567.465	96	3.18748
RCHGF004151	1179	942.418	90	1.79935
RCHGF004152	861	624.439	94	2.83631
RCHGF004153	123	12.8519	8	11.7284
RCHGF004154	147	18.6168	1	1.01207
RCHGF004155	183	29.8034	6	3.79316
RCHGF004156	636	399.905	92	4.33458
RCHGF004157	945	708.418	203	5.39911
RCHGF004158	780	543.49	200	6.93353
RCHGF004159	999	762.418	1943	48.017
RCHGF004160	687	450.661	1674	69.9876
RCHGF004161	657	420.791	403	18.0449
RCHGF004162	1809	1572.42	938	11.2396
RCHGF004163	1176	939.418	208	4.17177
RCHGF004164	1455	1218.42	546	8.44329
RCHGF004165	636	399.905	747	35.1949
RCHGF004166	258	64.1383	401	117.799
RCHGF004167	345	125.586	921	138.176
RCHGF004168	597	361.292	2048	106.804
RCHGF004169	6609	6372.42	1745	5.15949
RCHGF004170	438	207.409	120	10.9011
RCHGF004171	840	603.439	83	2.59155
RCHGF004172	297	89.478	13	2.73743
RCHGF004173	1464	1227.42	393	6.03275
RCHGF004174	780	543.49	197	6.82953
RCHGF004175	1092	855.418	157	3.45809
RCHGF004176	2604	2367.42	434	3.45406
RCHGF004177	750	513.495	119	4.36643
RCHGF004178	159	21.9869	84	71.9833
RCHGF004179	708	471.594	599	23.9317
RCHGF004180	636	399.905	390	18.3748
RCHGF004181	450	218.576	1219	105.079
RCHGF004182	165	23.6426	153	121.93
RCHGF004183	777	540.49	483	16.8374
RCHGF004184	111	10.6768	8	14.1178
RCHGF004185	1401	1164.42	922	14.9189
RCHGF004186	756	519.49	1531	55.5282
RCHGF004187	798	561.471	2441	81.9136
RCHGF004188	858	621.439	1184	35.8979
RCHGF004189	825	588.439	1543	49.406
RCHGF004190	1317	1080.42	315	5.49331
RCHGF004191	1437	1200.42	632	9.91974
RCHGF004192	1848	1611.42	763	8.92138
RCHGF004193	837	600.439	532	16.6939
RCHGF004194	435	204.609	467	43.0038
RCHGF004195	2508	2271.42	709	5.88118
RCHGF004196	1329	1092.42	918	15.8332
RCHGF004197	120	12.2634	26	39.9465
RCHGF004198	1590	1353.42	2203	30.6689
RCHGF004199	708	471.594	179	7.15155
RCHGF004200	1215	978.418	1233	23.744
RCHGF004201	522	287.695	463	30.3224
RCHGF004202	699	462.625	11411	464.74
RCHGF004203	579	343.522	214	11.7375
RCHGF004204	1176	939.418	1902	38.1476
RCHGF004205	984	747.418	837	21.0998
RCHGF004206	1164	927.418	2843	57.7586
RCHGF004207	363	140.441	6820	914.966
RCHGF004208	957	720.418	20898	546.557
RCHGF004209	396	169.113	12983	1446.48
RCHGF004210	363	140.441	2881	386.513
RCHGF004211	114	11.0875	6089	10347.3
RCHGF004212	771	534.49	8569	302.069
RCHGF004213	645	408.837	9344	430.624
RCHGF004214	1302	1065.42	27188	480.809
RCHGF004215	438	207.409	3896	353.922
RCHGF004216	510	276.074	6785	463.064
RCHGF004217	354	132.935	5590	792.299
RCHGF004218	543	308.188	11032	674.457
RCHGF004219	393	166.406	18952	2145.86
RCHGF004220	537	302.307	16261	1013.48
RCHGF004221	321	106.978	2891	509.176
RCHGF004222	366	142.927	4988	657.549
RCHGF004223	258	64.1383	3673	1078.99
RCHGF004224	198	35.2127	1849	989.356
RCHGF004225	414	185.284	7276	739.897
RCHGF004226	789	552.49	17212	586.979
RCHGF004227	333	116.107	1213	196.842
RCHGF004228	276	75.4896	1809	451.51
RCHGF004229	831	594.439	12487	395.791
RCHGF004230	294	87.3796	8723	1880.92
RCHGF004231	627	390.971	7190	346.498
RCHGF004232	684	447.661	15817	665.719
RCHGF004233	726	489.557	334	12.8546
RCHGF004234	738	501.535	251	9.42949
RCHGF004235	996	759.418	659	16.3501
RCHGF004236	765	528.49	325	11.5868
RCHGF004238	309	98.1653	1009	193.664
RCHGF004239	216	42.626	483	213.495
RCHGF004240	1182	945.418	135586	2702.13
RCHGF004241	2076	1839.42	39888	408.58
RCHGF004242	468	235.631	7599	607.632
RCHGF004243	420	190.777	15851	1565.48
RCHGF004244	810	573.459	836	27.4675
RCHGF004245	1350	1113.42	1674	28.3278
RCHGF004247	543	308.188	1547	94.578
RCHGF004248	189	32.0154	78	45.9041
RCHGF004249	279	77.42	328	79.8245
RCHGF004250	450	218.576	322	27.7568
RCHGF004251	807	570.459	2054	67.841
RCHGF004252	432	201.805	781	72.9179
RCHGF004253	153	20.2202	17	15.8408
RCHGF004254	234	51.096	4372	1612.16
RCHGF004255	369	145.532	1793	232.133
RCHGF004256	1287	1050.42	35108	629.737
RCHGF004257	120	12.2634	49	75.2838
RCHGF004258	192	33.073	2797	1593.44
RCHGF004259	402	174.535	4564	492.695
RCHGF004260	918	681.418	540	14.9312
RCHGF004261	462	229.871	232	19.016
RCHGF004262	120	12.2634	31	47.6285
RCHGF004263	330	113.839	72	11.9168
RCHGF004264	1041	804.418	442	10.3528
RCHGF004265	708	471.594	172	6.87188
RCHGF004266	1917	1680.42	900	10.0912
RCHGF004267	702	465.61	230	9.30725
RCHGF004268	3519	3282.42	1570	9.012
RCHGF004269	366	142.927	97	12.7871
RCHGF004270	609	373.157	307	15.5011
RCHGF004271	480	247.113	59	4.49855
RCHGF004272	318	104.738	42	7.55545
RCHGF004273	360	137.912	60	8.1972
RCHGF004274	267	69.6465	30	8.11591
RCHGF004275	1683	1446.42	682	8.88395
RCHGF004276	570	334.688	93	5.2355
RCHGF004277	1212	975.418	369	7.12773
RCHGF004278	1734	1497.42	442	5.56154
RCHGF004279	390	163.733	110	12.6582
RCHGF004280	249	59.0803	112	35.7183
RCHGF004281	291	85.2806	46	10.163
RCHGF004282	144	17.8109	112	118.481
RCHGF004283	306	96.004	82	16.0931
RCHGF004284	207	38.6211	38	18.5385
RCHGF004285	396	169.113	210	23.3968
RCHGF004286	219	44.0308	18	7.7025
RCHGF004287	852	615.439	306	9.36811
RCHGF004288	219	44.0308	59	25.2471
RCHGF004289	585	349.426	97	5.23037
RCHGF004290	261	65.9345	7	2.00033
RCHGF004291	204	37.4011	1	0.503769
RCHGF004292	456	224.204	64	5.37839
RCHGF004293	1383	1146.42	426	7.00136
RCHGF004294	894	657.418	153	4.38496
RCHGF004295	315	102.481	110	20.224
RCHGF004296	156	21.0612	32	28.6275
RCHGF004297	906	669.418	241	6.78321
RCHGF004298	540	305.263	248	15.3071
RCHGF004299	255	62.3456	21	6.34642
RCHGF004300	123	12.8519	63	92.361
RCHGF004301	189	32.0154	62	36.4879
RCHGF004302	171	25.6745	1553	1139.69
RCHGF004303	177	27.696	61	41.4981
RCHGF004304	168	24.5702	114	87.4202
RCHGF004305	303	93.8416	3766	756.137
RCHGF004306	390	163.733	1531	176.179
RCHGF004307	918	681.418	16605	459.135
RCHGF004308	1407	1170.42	2249	36.2046
