-e target_id	length	eff_length	Monoculture_Clostridium_HGF2_Late_Replicate_3_HGF2_counts	tpm
RCHGF000001	708	432.897	893	51.1569
RCHGF000002	762	486.63	1090	55.5475
RCHGF000003	780	504.545	2198	108.035
RCHGF000004	882	606.475	1695	69.3097
RCHGF000005	903	627.475	619	24.4642
RCHGF000006	1215	939.462	709	18.7156
RCHGF000007	855	579.481	855	36.5901
RCHGF000008	561	290.322	338	28.8718
RCHGF000009	522	254.15	341	33.2737
RCHGF000010	447	188.396	113	14.8746
RCHGF000011	714	438.866	281	15.8786
RCHGF000012	1449	1173.46	1041	21.9998
RCHGF000013	144	17.8758	51	70.7526
RCHGF000014	639	365.089	74	5.02654
RCHGF000015	480	216.387	10	1.14605
RCHGF000016	744	468.663	42	2.22242
RCHGF000017	849	573.481	64	2.76757
RCHGF000018	387	140.904	5	0.880003
RCHGF000020	519	251.391	94	9.27289
RCHGF000021	156	20.7604	92	109.898
RCHGF000022	918	642.475	8705	336.008
RCHGF000023	1470	1194.46	3093	64.2162
RCHGF000024	948	672.462	4575	168.718
RCHGF000025	2820	2544.46	8370	81.5768
RCHGF000026	528	259.651	208	19.866
RCHGF000027	480	216.387	92	10.5437
RCHGF000028	747	471.63	241	12.6722
RCHGF000029	852	576.481	3236	139.207
RCHGF000030	852	576.481	3279	141.057
RCHGF000031	2136	1860.46	3889	51.8387
RCHGF000032	114	11.8869	50	104.313
RCHGF000033	1155	879.462	569	16.0447
RCHGF000034	2412	2136.46	27513	319.359
RCHGF000035	642	367.961	74	4.98732
RCHGF000036	945	669.462	2642	97.8688
RCHGF000037	399	149.948	996	164.723
RCHGF000038	1875	1599.46	644	9.98502
RCHGF000039	699	423.948	348	20.3565
RCHGF000040	2544	2268.46	7193	78.6349
RCHGF000041	1098	822.462	1117	33.6802
RCHGF000042	2586	2310.46	2827	30.3434
RCHGF000043	3450	3174.46	14430	112.728
RCHGF000044	390	143.063	296	51.3099
RCHGF000045	834	558.481	1693	75.1771
RCHGF000046	816	540.509	402	18.4442
RCHGF000047	1971	1695.46	16212	237.13
RCHGF000048	813	537.519	22602	1042.77
RCHGF000049	1026	750.462	1786	59.0187
RCHGF000050	1857	1581.46	2018	31.6446
RCHGF000051	1692	1416.46	2547	44.5924
RCHGF000052	126	13.9039	1	1.78361
RCHGF000053	165	23.1808	13	13.9076
RCHGF000054	135	15.7376	4065	6405.59
RCHGF000055	447	188.396	389	51.2054
RCHGF000056	126	13.9039	1	1.78361
RCHGF000057	408	156.946	265	41.8728
RCHGF000058	639	365.089	1062	72.1377
RCHGF000059	933	657.475	939	35.4179
RCHGF000060	675	400.385	311	19.2628
RCHGF000061	744	468.663	102	5.3973
RCHGF000062	1182	906.462	3889	106.396
RCHGF000063	1974	1698.46	6111	89.2264
RCHGF000064	1479	1203.46	1365	28.1279
RCHGF000065	900	624.475	1309	51.983
RCHGF000066	687	412.069	1051	63.2514
RCHGF000067	1395	1119.46	1263	27.9789
RCHGF000068	894	618.475	698	27.9879
RCHGF000069	687	412.069	838	50.4326
RCHGF000070	873	597.475	1230	51.0531
RCHGF000071	363	123.709	65	13.0301
RCHGF000072	117	12.4744	9	17.8921
RCHGF000073	861	585.475	115	4.87109
RCHGF000074	732	456.75	69	3.74634
RCHGF000075	207	38.6764	42	26.9303
RCHGF000076	276	69.6018	3079	1097.05
RCHGF000077	288	76.3391	2561	831.954
RCHGF000078	1566	1290.46	523	10.0506
RCHGF000079	288	76.3391	31	10.0705
RCHGF000080	459	198.287	49	6.12829
RCHGF000081	450	190.943	72	9.35116
RCHGF000082	411	159.19	165	25.7042
RCHGF000083	369	127.861	87	16.874
RCHGF000084	1497	1221.46	264	5.35995
RCHGF000085	726	450.791	87	4.78609
RCHGF000086	585	312.764	69	5.47103
RCHGF000087	1785	1509.46	262	4.30444
RCHGF000088	1746	1470.46	193	3.25492
RCHGF000089	615	341.674	368	26.7099
RCHGF000090	354	117.555	95	20.0409
RCHGF000091	1878	1602.46	1150	17.797
RCHGF000092	1446	1170.46	2836	60.0878
RCHGF000093	513	245.938	8628	870.003
RCHGF000094	672	397.44	94	5.86534
RCHGF000095	1434	1158.46	281	6.01536
RCHGF000096	987	711.462	120	4.1828
RCHGF000097	1050	774.462	111	3.55435
RCHGF000098	1203	927.462	97	2.59366
RCHGF000099	1329	1053.46	160	3.7665
RCHGF000100	207	38.6764	4	2.56479
RCHGF000101	765	489.63	454	22.9946
RCHGF000102	1164	888.462	324	9.04364
RCHGF000103	1707	1431.46	10229	177.211
RCHGF000104	1047	771.462	4537	145.845
RCHGF000105	2346	2070.46	6423	76.9321
RCHGF000106	753	477.63	52113	2705.78
RCHGF000107	195	33.9427	12471	9111.55
RCHGF000108	195	33.9427	1524	1113.46
RCHGF000109	666	391.57	183	11.5899
RCHGF000110	1152	876.462	76	2.15039
RCHGF000111	1008	732.462	6257	211.845
RCHGF000112	996	720.462	61	2.09969
RCHGF000113	828	552.509	121	5.43104
RCHGF000114	798	522.519	65	3.08495
RCHGF000115	474	211.168	157	18.4378
RCHGF000116	417	163.873	77	11.6525
RCHGF000117	819	543.509	83	3.78712
RCHGF000118	2754	2478.46	677	6.77397
RCHGF000119	981	705.462	179	6.2924
RCHGF000121	474	211.168	95	11.1566
RCHGF000122	912	636.475	715	27.8588
RCHGF000123	1251	975.462	1921	48.8376
RCHGF000124	492	226.871	896	97.9412
RCHGF000125	672	397.44	364	22.7126
RCHGF000126	375	132.264	129	24.1871
RCHGF000127	1632	1356.46	1714	31.3358
RCHGF000128	333	103.611	67	16.0364
RCHGF000129	1206	930.462	321	8.55546
RCHGF000130	1470	1194.46	688	14.2841
RCHGF000131	987	711.462	363	12.653
RCHGF000132	900	624.475	617	24.5023
RCHGF000133	657	382.695	1159	75.1048
RCHGF000134	2331	2055.46	2701	32.5876
RCHGF000135	1776	1500.46	2577	42.5919
RCHGF000136	120	12.9742	345	659.441
RCHGF000137	597	324.406	681	52.059
RCHGF000138	1125	849.462	3254	94.9972
RCHGF000139	978	702.462	11512	406.411
RCHGF000140	489	224.247	7056	780.311
RCHGF000141	1188	912.462	3533	96.0209
RCHGF000142	135	15.7376	16	25.2127
RCHGF000143	174	26.0868	465	442.048
RCHGF000144	735	459.69	1392	75.095
RCHGF000145	702	426.927	722	41.9393
RCHGF000146	777	501.555	411	20.3217
RCHGF000147	243	53.2906	4577	2129.94
RCHGF000148	399	149.948	13221	2186.56
RCHGF000149	750	474.63	1465	76.5455
RCHGF000151	2724	2448.46	4883	49.4573
RCHGF000152	729	453.791	290	15.8482
RCHGF000153	444	186.018	506	67.458
RCHGF000154	765	489.63	30	1.51946
RCHGF000155	1194	918.462	80	2.16006
RCHGF000156	909	633.475	90	3.5233
RCHGF000157	744	468.663	63	3.33363
RCHGF000158	555	284.689	35	3.04884
RCHGF000159	1041	765.462	194	6.28514
RCHGF000160	927	651.475	208	7.91776
RCHGF000161	1488	1212.46	102	2.08626
RCHGF000162	1671	1395.46	613	10.8938
RCHGF000163	1053	777.462	516	16.4592
RCHGF000165	1038	762.462	844	27.4512
RCHGF000166	2400	2124.46	3947	46.0739
RCHGF000167	120	12.9742	37	70.7227
RCHGF000168	873	597.475	2188	90.8165
RCHGF000169	1836	1560.46	11672	185.494
RCHGF000170	552	281.841	4134	363.75
RCHGF000171	1230	954.462	1604	41.6757
RCHGF000172	558	287.518	453	39.0724
RCHGF000173	468	205.971	555	66.8228
RCHGF000174	150	19.3094	180	231.175
RCHGF000175	1656	1380.46	2457	44.1385
RCHGF000176	873	597.475	1530	63.5051
RCHGF000177	390	143.063	1842	319.3
RCHGF000178	876	600.475	13814	570.508
RCHGF000179	996	720.462	7301	251.309
RCHGF000180	120	12.9742	9	17.2028
RCHGF000181	813	537.519	1312	60.5308
RCHGF000182	786	510.53	10107	490.951
RCHGF000183	1230	954.462	16606	431.463
RCHGF000184	447	188.396	2225	292.884
RCHGF000185	1398	1122.46	4795	105.939
RCHGF000186	525	256.946	2441	235.593
RCHGF000187	741	465.663	563	29.9829
RCHGF000188	456	195.876	188	23.802
RCHGF000189	1380	1104.46	663	14.8867
RCHGF000190	1140	864.462	1078	30.925
RCHGF000191	1401	1125.46	3077	67.8006
RCHGF000192	624	350.476	231	16.3452
RCHGF000193	1539	1263.46	1639	32.1702
RCHGF000194	1209	933.462	556	14.7712
RCHGF000195	897	621.475	438	17.4778
RCHGF000196	1458	1182.46	1637	34.332
RCHGF000197	969	693.462	798	28.5376
RCHGF000198	1287	1011.46	940	23.0471
RCHGF000199	1242	966.462	900	23.0938
RCHGF000200	1446	1170.46	1638	34.7051
RCHGF000201	1185	909.462	21156	576.881
RCHGF000202	162	22.1849	1474	1647.7
RCHGF000203	582	309.927	1165	93.2187
RCHGF000204	1209	933.462	1315	34.9354
RCHGF000205	720	444.8	233	12.9906
RCHGF000206	1503	1227.46	350	7.07126
RCHGF000207	1101	825.462	97	2.91415
RCHGF000208	1332	1056.46	181	4.24876
RCHGF000209	2175	1899.46	319	4.16483
RCHGF000210	1710	1434.46	271	4.68508
RCHGF000212	1578	1302.46	263	5.00758
RCHGF000213	1425	1149.46	114	2.4595
RCHGF000214	315	92.2161	502	135
RCHGF000215	435	178.638	355	49.2825
RCHGF000216	723	447.795	1250	69.2257
RCHGF000217	111	11.6813	0	0
RCHGF000218	651	376.756	683	44.9571
RCHGF000219	1050	774.462	1846	59.1111
RCHGF000220	132	15.0955	4	6.57126
RCHGF000221	726	450.791	5912	325.234
RCHGF000222	1038	762.462	2184	71.0349
RCHGF000223	1254	978.462	376	9.52974
RCHGF000224	654	379.699	1208	78.8978
RCHGF000225	522	254.15	382	37.2743
RCHGF000226	1080	804.462	1687	52.0052
RCHGF000227	282	72.9894	98	33.2969
RCHGF000228	1026	750.462	1529	50.5261
RCHGF000229	336	105.619	310	72.7876
RCHGF000230	711	435.888	467	26.5692
RCHGF000231	678	403.272	270	16.6036
RCHGF000232	456	195.876	131	16.5854
RCHGF000233	534	265.14	267	24.9731
RCHGF000234	645	370.876	1307	87.3945
RCHGF000235	3291	3015.46	13414	110.317
RCHGF000236	552	281.841	1486	130.753
RCHGF000237	2649	2373.46	15715	164.198
RCHGF000238	321	95.9856	4331	1118.97
RCHGF000240	942	666.462	5695	211.912
RCHGF000241	588	315.676	1124	88.3003
RCHGF000242	459	198.287	1001	125.192
RCHGF000243	1050	774.462	6730	215.502
RCHGF000244	1551	1275.46	10745	208.918
RCHGF000245	783	507.545	3250	158.798
RCHGF000246	1434	1158.46	4047	86.634
RCHGF000247	1656	1380.46	4048	72.7199
RCHGF000248	2358	2082.46	6488	77.2629
RCHGF000249	1101	825.462	21205	637.057
RCHGF000250	1539	1263.46	5659	111.075
RCHGF000251	1095	819.462	3298	99.8065
RCHGF000252	951	675.462	5435	199.543
RCHGF000253	1254	978.462	3327	84.323
RCHGF000254	1281	1005.46	3013	74.314
RCHGF000255	426	171.163	74	10.7216
RCHGF000256	600	327.212	15762	1194.59
RCHGF000257	1752	1476.46	5159	86.6523
RCHGF000258	1128	852.462	1903	55.3606
RCHGF000259	1206	930.462	2108	56.1835
RCHGF000260	168	24.1463	108826	111768
RCHGF000261	540	270.65	859	78.7086
RCHGF000262	816	540.509	743	34.0897
RCHGF000263	1410	1134.46	1519	33.2051
RCHGF000264	978	702.462	697	24.6063
RCHGF000265	225	45.9962	4	2.15663
RCHGF000266	207	38.6764	0	0
RCHGF000267	150	19.3094	4	5.13721
RCHGF000268	213	41.1164	10	6.03145
RCHGF000269	759	483.63	53	2.71769
RCHGF000270	939	663.468	396	14.8017
RCHGF000271	114	11.8869	4	8.34507
RCHGF000272	2676	2400.46	691	7.13872
RCHGF000273	270	66.2752	3592	1344.07
RCHGF000274	204	37.5768	242	159.71
RCHGF000275	501	234.948	81	8.5497
RCHGF000276	735	459.69	217	11.7066
RCHGF000277	585	312.764	109	8.64264
RCHGF000279	345	111.581	3200	711.208
RCHGF000280	600	327.212	507	38.4251
RCHGF000281	591	318.57	209	16.2696
RCHGF000282	864	588.475	504	21.2393
RCHGF000283	621	347.518	752	53.6633
RCHGF000284	375	132.264	988	185.247
RCHGF000285	429	173.583	501	71.576
RCHGF000286	945	669.462	8809	326.316
RCHGF000287	729	453.791	59	3.22428
RCHGF000288	2244	1968.46	5460	68.7864
RCHGF000289	1296	1020.46	5483	133.247
RCHGF000290	906	630.475	588	23.1284
RCHGF000291	207	38.6764	114	73.0964
RCHGF000292	951	675.462	3913	143.663
RCHGF000293	885	609.475	11233	457.064
RCHGF000294	135	15.7376	20	31.5158
RCHGF000295	711	435.888	1813	103.148
RCHGF000296	540	270.65	2261	207.171
RCHGF000297	702	426.927	990	57.5068
RCHGF000298	771	495.59	1309	65.5019
RCHGF000299	1164	888.462	4632	129.291
RCHGF000300	1056	780.462	4444	141.208
RCHGF000301	486	221.561	630	70.5153
RCHGF000302	1125	849.462	3143	91.7567
RCHGF000303	264	63.142	43228	16977.9
RCHGF000304	873	597.475	1393	57.8187
RCHGF000305	954	678.462	1022	37.3562
RCHGF000306	294	79.7788	563	175.008
RCHGF000307	939	663.468	2920	109.144
RCHGF000308	1806	1530.46	1696	27.4815
RCHGF000309	840	564.481	226	9.92879
RCHGF000310	1101	825.462	646	19.4076
RCHGF000311	1026	750.462	1069	35.3253
RCHGF000312	264	63.142	4878	1915.85
RCHGF000313	2208	1932.46	20111	258.083
RCHGF000314	1389	1113.46	4309	95.9706
RCHGF000315	669	394.468	2542	159.809
RCHGF000316	327	99.8377	2360	586.211
RCHGF000317	711	435.888	553	31.4621
RCHGF000318	1302	1026.46	3772	91.131
RCHGF000319	375	132.264	2442	457.867
RCHGF000320	549	279.003	3886	345.407
RCHGF000321	993	717.462	10652	368.188
RCHGF000323	1233	957.462	751	19.4516
RCHGF000324	771	495.59	2668	133.506
RCHGF000325	576	304.293	4050	330.065
RCHGF000326	864	588.475	15851	667.983
RCHGF000327	177	27.0367	1401	1285.06
RCHGF000328	162	22.1849	4732	5289.62
RCHGF000329	930	654.475	497	18.8322
RCHGF000330	978	702.462	429	15.1451
RCHGF000331	1005	729.462	238	8.09117
RCHGF000332	798	522.519	145	6.88181
RCHGF000333	522	254.15	1323	129.094
RCHGF000334	1650	1374.46	5644	101.834
RCHGF000335	699	423.948	1374	80.3732
RCHGF000336	459	198.287	748	93.5502
RCHGF000337	1299	1023.46	1985	48.0979
RCHGF000338	282	72.9894	1279	434.558
RCHGF000339	558	287.518	227	19.5793
RCHGF000340	171	25.1477	66	65.0853
RCHGF000341	330	101.65	111	27.0803
RCHGF000342	597	324.406	1039	79.4263
RCHGF000343	1161	885.462	676	18.9328
RCHGF000344	519	251.391	452	44.5888
RCHGF000345	771	495.59	2148	107.485
RCHGF000346	564	293.201	8408	711.156
RCHGF000347	645	370.876	3539	236.641
RCHGF000348	1029	753.462	993	32.6832
RCHGF000349	681	406.159	1270	77.5434
RCHGF000350	831	555.509	2564	114.463
RCHGF000351	402	152.279	279	45.4361
RCHGF000352	1038	762.462	504	16.3927
RCHGF000353	771	495.59	518	25.9205
RCHGF000354	717	441.822	656	36.8208
RCHGF000355	150	19.3094	4	5.13721
RCHGF000356	993	717.462	538	18.596
RCHGF000357	1014	738.462	983	33.0113
RCHGF000358	1263	987.462	1805	45.3309
RCHGF000359	135	15.7376	1	1.57579
RCHGF000360	903	627.475	509	20.1168
RCHGF000361	1992	1716.46	719	10.388
RCHGF000362	870	594.475	444	18.5219
RCHGF000363	1176	900.462	613	16.8823
RCHGF000364	510	243.144	294	29.9861
RCHGF000365	1290	1014.46	1356	33.1483
RCHGF000366	1002	726.462	1749	59.7055
RCHGF000367	759	483.63	932	47.7903
RCHGF000368	840	564.481	1003	44.0645
RCHGF000369	1383	1107.46	2215	49.6
RCHGF000370	240	52.0677	1023	487.242
RCHGF000372	2397	2121.46	3803	44.4558
RCHGF000373	867	591.475	173	7.25349
RCHGF000374	1239	963.462	1374	35.3663
RCHGF000375	138	16.4182	322	486.371
RCHGF000377	215	41.9991	312	184.226
RCHGF000379	750	474.63	1012	52.8765
RCHGF000380	594	321.487	123	9.4881
RCHGF000381	330	101.65	61	14.882
RCHGF000382	1098	822.462	75	2.26143
RCHGF000383	558	287.518	26	2.24257
RCHGF000384	300	83.1851	32	9.53984
RCHGF000385	1053	777.462	150	4.78464
RCHGF000386	474	211.168	42	4.9324
RCHGF000387	396	147.701	22	3.69382
RCHGF000388	663	388.633	71	4.5306
RCHGF000389	834	558.481	43	1.9094
RCHGF000390	744	468.663	100	5.29148
RCHGF000391	735	459.69	414	22.3343
RCHGF000392	1053	777.462	165	5.2631
RCHGF000393	867	591.475	497	20.838
RCHGF000394	1026	750.462	392	12.9537
RCHGF000395	1431	1155.46	214	4.59299
RCHGF000396	1275	999.462	167	4.14369
RCHGF000397	561	290.322	47	4.01472
RCHGF000398	3159	2883.46	420	3.6122
RCHGF000399	1293	1017.46	233	5.67904
RCHGF000400	300	83.1851	12	3.57744
RCHGF000401	309	88.6722	30	8.39017
RCHGF000402	645	370.876	366	24.4731
RCHGF000403	312	90.3774	1031	282.902
RCHGF000404	141	17.1823	5	7.21649
RCHGF000405	591	318.57	32	2.49104
RCHGF000406	1173	897.462	30	0.828977
RCHGF000407	1572	1296.46	97	1.85545
RCHGF000408	831	555.509	161	7.1874
RCHGF000409	468	205.971	95	11.4381
RCHGF000410	207	38.6764	1436	920.758
RCHGF000411	462	200.868	7237	893.481
RCHGF000412	300	83.1851	2741	817.147
RCHGF000413	288	76.3391	1229	399.247
RCHGF000414	492	226.871	1712	187.138
RCHGF000415	240	52.0677	3272	1558.41
RCHGF000416	1173	897.462	6293	173.892
RCHGF000417	792	516.53	759	36.4404
RCHGF000418	3453	3177.46	3143	24.5302
RCHGF000419	558	287.518	373	32.1722
RCHGF000420	162	22.1849	323	361.062
RCHGF000421	1353	1077.46	1201	27.6426
RCHGF000422	804	528.519	94	4.41066
RCHGF000423	1359	1083.46	163	3.73088
RCHGF000424	852	576.481	62	2.66713
RCHGF000425	1041	765.462	145	4.69766
RCHGF000426	837	561.481	199	8.78932
RCHGF000427	783	507.545	171	8.35523
RCHGF000428	477	213.826	47	5.45097
RCHGF000429	438	181.036	15	2.05477
RCHGF000430	1455	1179.46	327	6.87545
RCHGF000431	843	567.481	275	12.0176
RCHGF000432	1041	765.462	366	11.8575
RCHGF000433	1914	1638.46	480	7.26511
RCHGF000434	666	391.57	172	10.8932
RCHGF000435	717	441.822	127	7.12842
RCHGF000436	465	203.457	64	7.80091
RCHGF000437	1188	912.462	906	24.6235
RCHGF000438	1416	1140.46	1035	22.5059
RCHGF000439	1086	810.462	451	13.8001
RCHGF000440	261	61.4944	119	47.9898
RCHGF000441	2100	1824.46	2049	27.8512
RCHGF000442	612	338.732	3961	289.992
RCHGF000443	993	717.462	12360	427.225
RCHGF000444	324	97.8974	920	233.052
RCHGF000445	132	15.0955	93	152.782
RCHGF000446	381	136.409	217	39.4507
RCHGF000447	135	15.7376	11	17.3337
RCHGF000448	144	17.8758	14	19.4223
RCHGF000449	1356	1080.46	3830	87.9076
RCHGF000450	1116	840.462	3436	101.385
RCHGF000451	192	32.755	0	0
RCHGF000452	201	36.3862	308	209.918
RCHGF000453	1098	822.462	2551	76.9187
RCHGF000454	1941	1665.46	3980	59.2632
RCHGF000455	2511	2235.46	8148	90.3901
RCHGF000457	1284	1008.46	2523	62.0433
RCHGF000459	453	193.491	241	30.8883
RCHGF000460	1806	1530.46	1098	17.7917
RCHGF000461	306	86.8087	318	90.845
RCHGF000462	594	321.487	1077	83.0787
RCHGF000463	933	657.475	180	6.78938
RCHGF000464	555	284.689	542	47.2135
RCHGF000465	771	495.59	865	43.2843
RCHGF000466	1218	942.462	3392	89.2543
RCHGF000467	2529	2253.46	3458	38.055
RCHGF000468	2085	1809.46	1729	23.6964
RCHGF000469	909	633.475	501	19.6131
RCHGF000470	738	462.663	623	33.3934
RCHGF000471	777	501.555	704	34.809
RCHGF000472	843	567.481	769	33.6056
RCHGF000473	336	105.619	52	12.2095
RCHGF000474	558	287.518	160	13.8004
RCHGF000475	648	373.872	2158	143.141
RCHGF000476	147	18.6506	4	5.31868
RCHGF000477	630	356.288	793	55.1962
RCHGF000478	975	699.462	2742	97.2166
RCHGF000479	1068	792.462	2234	69.9104
RCHGF000480	855	579.481	1832	78.4013
RCHGF000481	693	417.994	190	11.2725
RCHGF000482	678	403.272	406	24.9669
RCHGF000483	1641	1365.46	1094	19.8689
RCHGF000484	2343	2067.46	4921	59.0273
RCHGF000485	546	276.169	991	88.9888
RCHGF000486	111	11.6813	7	14.8609
RCHGF000487	486	221.561	164	18.3564
RCHGF000488	441	183.503	75	10.1357
RCHGF000489	1035	759.462	265	8.65321
RCHGF000490	312	90.3774	36	9.87825
RCHGF000491	2640	2364.46	648	6.79641
RCHGF000492	1941	1665.46	1905	28.3659
RCHGF000493	366	125.829	292	57.5494
RCHGF000494	1773	1497.46	2694	44.6148
RCHGF000495	477	213.826	442	51.2623
RCHGF000496	765	489.63	602	30.4906
RCHGF000497	762	486.63	445	22.6777
RCHGF000498	939	663.468	1974	73.7843
RCHGF000499	846	570.481	1918	83.3767
RCHGF000500	1260	984.462	2607	65.6718
RCHGF000501	1014	738.462	1095	36.7725
RCHGF000502	1095	819.462	1559	47.1796
RCHGF000503	1011	735.462	652	21.9849
RCHGF000504	1083	807.462	4098	125.86
RCHGF000505	1233	957.462	3364	87.1308
RCHGF000506	165	23.1808	17	18.1869
RCHGF000507	921	645.475	163	6.26246
RCHGF000508	348	113.518	362	79.0824
RCHGF000509	138	16.4182	9	13.5942
RCHGF000510	153	20.037	9	11.139
RCHGF000512	498	232.224	126	13.4555
RCHGF000513	3693	3417.46	2385	17.307
RCHGF000514	1572	1296.46	934	17.8659
RCHGF000515	1029	753.462	376	12.3755
RCHGF000516	585	312.764	161	12.7657
RCHGF000517	1530	1254.46	1018	20.1246
RCHGF000518	438	181.036	874	119.725
RCHGF000519	690	415.048	450	26.8875
RCHGF000520	750	474.63	465	24.296
RCHGF000521	1224	948.462	759	19.8454
RCHGF000522	714	438.866	380	21.4728
RCHGF000523	369	127.861	188	36.4633
RCHGF000524	327	99.8377	254	63.0922
RCHGF000526	186	30.3688	28	22.8648
RCHGF000527	561	290.322	14	1.19587
RCHGF000528	807	531.519	99	4.61905
RCHGF000529	627	353.381	136	9.54406
RCHGF000530	273	67.8707	3801	1388.84
RCHGF000531	678	403.272	73	4.48913
RCHGF000532	1053	777.462	93	2.96648
RCHGF000533	978	702.462	220	7.76671
RCHGF000534	519	251.391	237	23.3795
RCHGF000535	702	426.927	3152	183.092
RCHGF000536	573	301.501	76	6.25119
RCHGF000537	1323	1047.46	1714	40.5798
RCHGF000538	639	365.089	80	5.4341
RCHGF000539	1641	1365.46	2211	40.1556
RCHGF000540	1764	1488.46	4285	71.3921
RCHGF000541	756	480.63	569	29.3588
RCHGF000542	894	618.475	188	7.53829
RCHGF000543	2409	2133.46	447	5.19589
RCHGF000544	1371	1095.46	1109	25.1056
RCHGF000545	960	684.462	1590.43	57.6238
RCHGF000546	165	23.1808	0	0
RCHGF000547	378	134.401	1524	281.203
RCHGF000548	426	171.163	102	14.7784
RCHGF000549	471	208.679	66	7.84335
RCHGF000550	840	564.481	247	10.8514
RCHGF000551	702	426.927	101	5.86685
RCHGF000552	1836	1560.46	264	4.19554
RCHGF000553	312	90.3774	82	22.5004
RCHGF000554	1257	981.462	212	5.35673
RCHGF000555	345	111.581	26	5.77856
RCHGF000556	1443	1167.46	202	4.29087
RCHGF000557	873	597.475	838	34.7825
RCHGF000558	795	519.53	446	21.2893
RCHGF000559	747	471.63	604	31.7594
RCHGF000560	1356	1080.46	1013	23.2508
RCHGF000561	453	193.491	220	28.1968
RCHGF000562	477	213.826	149	17.2807
RCHGF000563	1587	1311.46	2113	39.9559
RCHGF000564	816	540.509	2333	107.041
RCHGF000565	543	273.393	969	87.8969
RCHGF000566	600	327.212	254	19.2505
RCHGF000567	873	597.475	757	31.4205
RCHGF000568	837	561.481	1492	65.8978
RCHGF000569	828	552.509	3174	142.464
RCHGF000570	717	441.822	779	43.7247
RCHGF000571	1341	1065.46	3934	91.5658
RCHGF000572	774	498.59	727	36.1599
RCHGF000573	1353	1077.46	11312	260.36
RCHGF000574	951	675.462	5475	201.011
RCHGF000575	354	117.555	741	156.319
RCHGF000576	1647	1371.46	2525	45.6578
RCHGF000577	669	394.468	1502	94.4268
RCHGF000578	1110	834.462	3780	112.337
RCHGF000579	714	438.866	965	54.5296
RCHGF000580	504	237.678	229	23.8938
RCHGF000581	762	486.63	1744	88.8761
RCHGF000582	762	486.63	651	33.1756
RCHGF000583	768	492.63	1987	100.026
RCHGF000584	357	119.633	797	165.213
RCHGF000585	252	57.3505	37695	16299.8
RCHGF000586	1329	1053.46	789	18.5736
RCHGF000587	765	489.63	667	33.7828
RCHGF000588	222	44.8705	46	25.4234
RCHGF000589	369	127.861	886	171.843
RCHGF000590	357	119.633	130	26.9482
RCHGF000592	3047	2771.46	2198	19.6678
RCHGF000594	1983	1707.46	2014	29.2513
RCHGF000595	1425	1149.46	2699	58.2298
RCHGF000596	237	50.9637	118	57.4193
RCHGF000597	180	28.0327	321	283.973
RCHGF000598	903	627.475	3572	141.173
RCHGF000599	882	606.475	2588	105.825
RCHGF000600	1116	840.462	2553	75.3303
RCHGF000601	1755	1479.46	2144	35.9383
RCHGF000602	1134	858.462	3546	102.437
RCHGF000603	1032	756.462	1071	35.1107
RCHGF000604	1392	1116.46	3296	73.2117
RCHGF000605	891	615.475	2087	84.0909
RCHGF000606	1026	750.462	2354	77.7884
RCHGF000607	1707	1431.46	2015	34.9086
RCHGF000608	1455	1179.46	895	18.8181
RCHGF000609	1098	822.462	1398	42.153
RCHGF000610	951	675.462	1006	36.9347
RCHGF000611	900	624.475	608	24.1449
RCHGF000612	1146	870.462	1373	39.1163
RCHGF000613	1119	843.462	1674	49.2184
RCHGF000614	825	549.509	1117	50.4099
RCHGF000615	1149	873.462	1307	37.1081
RCHGF000616	624	350.476	362	25.6146
RCHGF000617	597	324.406	493	37.6873
RCHGF000618	1224	948.462	1710	44.7109
RCHGF000619	510	243.144	9276	946.093
RCHGF000620	1902	1626.46	1527	23.2826
RCHGF000621	237	50.9637	60	29.1963
RCHGF000622	153	20.037	3	3.71301
RCHGF000623	291	77.9832	63	20.0344
RCHGF000624	402	152.279	29	4.72275
RCHGF000625	111	11.6813	7	14.8609
RCHGF000626	963	687.462	210	7.57544
RCHGF000627	1191	915.462	2788.43	75.5365
RCHGF000628	204	37.5768	2	1.31992
RCHGF000629	1140	864.462	38	1.09012
RCHGF000631	567	296.01	926	77.5785
RCHGF000632	720	444.8	882	49.1746
RCHGF000633	195	33.9427	8	5.84495
RCHGF000634	438	181.036	75	10.2738
RCHGF000635	879	603.475	1482	60.9012
RCHGF000636	1491	1215.46	4378	89.3247
RCHGF000637	1179	903.462	2454	67.36
RCHGF000638	1308	1032.46	2982	71.626
RCHGF000639	1023	747.462	5079	168.51
RCHGF000640	120	12.9742	326	623.124
RCHGF000641	408	156.946	3398	536.92
RCHGF000642	780	504.545	3017	148.29
RCHGF000643	354	117.555	2472	521.486
RCHGF000644	177	27.0367	8	7.33793
RCHGF000645	786	510.53	498	24.1905
RCHGF000646	138	16.4182	8383	12662.3
RCHGF000647	762	486.63	2344	119.453
RCHGF000648	909	633.475	1346	52.693
RCHGF000649	198	35.0841	17	12.0164
RCHGF000650	1101	825.462	540	16.2231
RCHGF000651	114	11.8869	19	39.6391
RCHGF000652	780	504.545	357	17.5471
RCHGF000653	111	11.6813	3	6.36895
RCHGF000654	1104	828.462	176	5.26838
RCHGF000655	1167	891.462	186	5.17425
RCHGF000656	120	12.9742	24	45.8742
RCHGF000657	891	615.475	258	10.3955
RCHGF000658	117	12.4744	2	3.97602
RCHGF000659	2055	1779.46	3306	46.0735
RCHGF000660	309	88.6722	163	45.5866
RCHGF000661	1239	963.462	263	6.76953
RCHGF000662	324	97.8974	21	5.31968
RCHGF000663	1443	1167.46	118	2.50655
RCHGF000664	1188	912.462	1716	46.638
RCHGF000665	174	26.0868	139	132.139
RCHGF000666	537	267.85	162	14.999
RCHGF000667	1215	939.462	433	11.43
RCHGF000668	2190	1914.46	2219	28.744
RCHGF000669	123	13.2708	1	1.8687
RCHGF000670	528	259.651	308	29.417
RCHGF000671	144	17.8758	1	1.38731
RCHGF000672	813	537.519	440	20.3
RCHGF000673	423	168.59	118	17.3575
RCHGF000674	141	17.1823	11	15.8763
RCHGF000675	765	489.63	3491	176.815
RCHGF000676	558	287.518	872	75.2123
RCHGF000677	849	573.481	1020	44.1081
RCHGF000678	1119	843.462	1372	40.3391
RCHGF000679	144	17.8758	16	22.1969
RCHGF000680	1035	759.462	1174	38.3353
RCHGF000681	666	391.57	194	12.2865
RCHGF000682	918	642.475	385	14.8608
RCHGF000683	747	471.63	461	24.2402
RCHGF000684	204	37.5768	34	22.4386
RCHGF000685	960	684.462	3417	123.803
RCHGF000686	798	522.519	4457	211.533
RCHGF000687	777	501.555	370	18.2945
RCHGF000688	777	501.555	527	26.0573
RCHGF000689	123	13.2708	43	80.354
RCHGF000690	921	645.475	440	16.9048
RCHGF000691	300	83.1851	540	160.985
RCHGF000692	822	546.509	52	2.35963
RCHGF000693	780	504.545	80	3.93212
RCHGF000694	468	205.971	17	2.04682
RCHGF000695	738	462.663	34	1.82243
RCHGF000696	408	156.946	24	3.79226
RCHGF000697	2712	2436.46	590	6.00523
RCHGF000698	1215	939.462	186	4.90988
RCHGF000699	1224	948.462	514	13.4394
RCHGF000700	600	327.212	256	19.402
RCHGF000701	729	453.791	1356	74.1039
RCHGF000702	1737	1461.46	916	15.5434
RCHGF000703	552	281.841	259	22.7894
RCHGF000704	774	498.59	457	22.7305
RCHGF000705	756	480.63	122	6.29486
RCHGF000706	699	423.948	388	22.6964
RCHGF000707	858	582.475	620	26.3968
RCHGF000708	873	597.475	5871	243.685
RCHGF000709	309	88.6722	1534	429.017
RCHGF000710	888	612.475	72854	2949.86
RCHGF000711	837	561.481	81354	3593.2
RCHGF000712	489	224.247	23732	2624.48
RCHGF000713	426	171.163	25393	3679.09
RCHGF000714	984	708.462	247	8.64605
RCHGF000715	891	615.475	1101	44.3623
RCHGF000716	324	97.8974	631	159.844
RCHGF000717	819	543.509	858	39.1487
RCHGF000718	819	543.509	668	30.4794
RCHGF000719	531	262.353	1737	164.192
RCHGF000720	1152	876.462	422	11.9403
RCHGF000721	558	287.518	229	19.7518
RCHGF000722	624	350.476	236	16.699
RCHGF000723	762	486.63	546	27.8247
RCHGF000724	882	606.475	381	15.5793
RCHGF000725	1356	1080.46	300	6.88571
RCHGF000726	405	154.513	120	19.2598
RCHGF000727	540	270.65	623	57.0844
RCHGF000728	1338	1062.46	6092	142.195
RCHGF000729	1065	789.462	3174	99.7041
RCHGF000730	624	350.476	57	4.03323
RCHGF000731	660	385.672	1866	119.986
RCHGF000732	1005	729.462	602	20.4659
RCHGF000733	192	32.755	13	9.84244
RCHGF000734	684	409.081	300	18.1865
RCHGF000735	423	168.59	423	62.2223
RCHGF000736	2136	1860.46	6014	80.1641
RCHGF000737	930	654.475	2031	76.958
RCHGF000738	936	660.475	1838	69.0122
RCHGF000739	642	367.961	443	29.8565
RCHGF000740	507	240.385	121	12.4829
RCHGF000741	939	663.468	736	27.5103
RCHGF000742	225	45.9962	48	25.8795
RCHGF000743	846	570.481	1188	51.6431
RCHGF000744	393	145.414	2299	392.077
RCHGF000745	684	409.081	2382	144.401
RCHGF000746	378	134.401	10825	1997.39
RCHGF000747	1068	792.462	24048	752.554
RCHGF000748	150	19.3094	816	1047.99
RCHGF000749	654	379.699	742	48.462
RCHGF000750	849	573.481	800	34.5946
RCHGF000751	369	127.861	148	28.7052
RCHGF000752	123	13.2708	10	18.687
RCHGF000753	918	642.475	32	1.23518
RCHGF000754	117	12.4744	2	3.97602
RCHGF000755	1131	855.462	232	6.7255
RCHGF000756	693	417.994	208	12.3404
RCHGF000757	132	15.0955	7	11.4997
RCHGF000758	432	176.154	1536	216.24
RCHGF000759	510	243.144	139	14.1771
RCHGF000760	489	224.247	810	89.5766
RCHGF000762	996	720.462	1098	37.7945
RCHGF000763	411	159.19	146	22.7444
RCHGF000764	1065	789.462	342	10.7432
RCHGF000765	1944	1668.46	540	8.02628
RCHGF000766	936	660.475	171	6.42062
RCHGF000767	552	281.841	112	9.85487
RCHGF000769	345	111.581	51	11.3349
RCHGF000770	1254	978.462	223	5.65195
RCHGF000771	594	321.487	440	33.9412
RCHGF000772	528	259.651	700	66.8567
RCHGF000773	1098	822.462	2296	69.2298
RCHGF000774	2265	1989.46	1315	16.3918
RCHGF000775	1611	1335.46	46576	864.904
RCHGF000776	318	94.0415	663	174.836
RCHGF000777	411	159.19	411	64.0269
RCHGF000778	642	367.961	388	26.1497
RCHGF000779	1218	942.462	2437	64.1252
RCHGF000780	537	267.85	244	22.591
RCHGF000781	129	14.6121	10	16.9716
RCHGF000782	129	14.6121	5	8.48582
RCHGF000783	687	412.069	172	10.3513
RCHGF000784	1080	804.462	153	4.71653
RCHGF000785	402	152.279	8462	1378.06
RCHGF000786	861	585.475	859	36.385
RCHGF000787	1857	1581.46	738	11.5727
RCHGF000788	1722	1446.46	450	7.71512
RCHGF000789	426	171.163	123	17.821
RCHGF000790	138	16.4182	22	33.2303
RCHGF000791	2001	1725.46	355	5.10223
RCHGF000792	129	14.6121	8	13.5773
RCHGF000793	297	81.3753	65	19.8088
RCHGF000794	654	379.699	548	35.7914
RCHGF000795	459	198.287	441	55.1546
RCHGF000796	609	335.783	378	27.9171
RCHGF000797	183	29.3248	102	86.2585
RCHGF000798	339	107.589	124	28.582
RCHGF000799	219	43.6432	35	19.8879
RCHGF000800	3315	3039.46	3078	25.1136
RCHGF000801	666	391.57	81	5.12994
RCHGF000802	1422	1146.46	375	8.11164
RCHGF000803	3246	2970.46	3851	32.1504
RCHGF000804	702	426.927	415	24.1064
RCHGF000805	330	101.65	340	82.9487
RCHGF000806	678	403.272	938	57.6822
RCHGF000807	774	498.59	1601	79.6315
RCHGF000808	159	21.3526	23	26.7125
RCHGF000809	2202	1926.46	4947	63.6823
RCHGF000810	1965	1689.46	5604	82.2596
RCHGF000811	363	123.709	374	74.9735
RCHGF000812	111	11.6813	1	2.12298
RCHGF000813	132	15.0955	5	8.21407
RCHGF000814	1491	1215.46	114	2.32595
RCHGF000815	129	14.6121	4	6.78865
RCHGF000816	1731	1455.46	2027	34.5374
RCHGF000817	450	190.943	74	9.61091
RCHGF000818	159	21.3526	34	39.4881
RCHGF000819	1677	1401.46	1783	31.5506
RCHGF000820	141	17.1823	15	21.6495
RCHGF000821	165	23.1808	8	8.55853
RCHGF000822	801	525.519	2004	94.5684
RCHGF000823	843	567.481	2848	124.459
RCHGF000824	855	579.481	416	17.8029
RCHGF000825	2424	2148.46	354	4.08613
RCHGF000826	627	353.381	45	3.15796
RCHGF000827	885	609.475	54	2.19723
RCHGF000828	609	335.783	51	3.76659
RCHGF000829	861	585.475	50	2.11787
RCHGF000830	1248	972.462	103	2.62665
RCHGF000831	840	564.481	68	2.98742
RCHGF000832	759	483.63	66	3.38429
RCHGF000833	471	208.679	21	2.49561
RCHGF000834	468	205.971	26	3.13044
RCHGF000835	435	178.638	57	7.91296
RCHGF000836	306	86.8087	53	15.1408
RCHGF000837	1167	891.462	374	10.4041
RCHGF000838	117	12.4744	0	0
RCHGF000839	117	12.4744	4	7.95204
RCHGF000840	1998	1722.46	1279	18.4144
RCHGF000841	624	350.476	391	27.6666
RCHGF000842	690	415.048	544	32.504
RCHGF000843	714	438.866	388	21.9249
RCHGF000844	510	243.144	93	9.48541
RCHGF000845	561	290.322	1069	91.3135
RCHGF000846	903	627.475	233	9.20866
RCHGF000847	663	388.633	127	8.10403
RCHGF000848	771	495.59	105	5.25416
RCHGF000849	1371	1095.46	432	9.77966
RCHGF000850	588	315.676	251	19.7183
RCHGF000851	669	394.468	104	6.5382
RCHGF000852	639	365.089	121	8.21908
RCHGF000853	816	540.509	285	13.0761
RCHGF000855	1593	1317.46	903	16.9976
RCHGF000856	222	44.8705	4	2.21073
RCHGF000857	303	84.9008	27	7.88658
RCHGF000858	153	20.037	10	12.3767
RCHGF000860	1446	1170.46	107	2.26706
RCHGF000861	576	304.293	26	2.11894
RCHGF000862	1017	741.462	127	4.24768
RCHGF000863	765	489.63	212	10.7375
RCHGF000864	603	330.017	109	8.19081
RCHGF000865	1182	906.462	260	7.11313
RCHGF000866	792	516.53	118	5.66531
RCHGF000867	1455	1179.46	1477	31.0552
RCHGF000868	591	318.57	327	25.4554
RCHGF000869	666	391.57	742	46.9928
RCHGF000870	411	159.19	482	75.0875
RCHGF000871	423	168.59	828	121.797
RCHGF000872	696	420.969	34.047	2.0057
RCHGF000873	282	72.9894	19	6.45552
RCHGF000874	213	41.1164	12	7.23774
RCHGF000875	399	149.948	58	9.59233
RCHGF000876	888	612.475	141	5.7091
RCHGF000877	384	138.713	9	1.60903
RCHGF000878	348	113.518	31	6.77225
RCHGF000879	915	639.475	128	4.9639
RCHGF000880	666	391.57	362	22.9264
RCHGF000881	801	525.519	577	27.2285
RCHGF000882	225	45.9962	0	0
RCHGF000883	153	20.037	28	34.6547
RCHGF000884	942	666.462	2442	90.8673
RCHGF000885	1128	852.462	2190	63.7098
RCHGF000886	135	15.7376	1	1.57579
RCHGF000887	1449	1173.46	303	6.4034
RCHGF000888	600	327.212	1126	85.3387
RCHGF000889	1215	939.462	1481	39.0943
RCHGF000890	324	97.8974	16	4.05309
RCHGF000891	1920	1644.46	318	4.79557
RCHGF000892	306	86.8087	40	11.427
RCHGF000893	726	450.791	172	9.46216
RCHGF000894	177	27.0367	8	7.33793
RCHGF000895	285	74.6309	15	4.98436
RCHGF000896	327	99.8377	42	10.4326
RCHGF000897	1428	1152.46	209	4.49735
RCHGF000898	1494	1218.46	373	7.59161
RCHGF000899	240	52.0677	3987	1898.96
RCHGF000900	366	125.829	101	19.9058
RCHGF000901	903	627.475	549	21.6977
RCHGF000902	465	203.457	57	6.94769
RCHGF000903	513	245.938	149	15.0244
RCHGF000904	990	714.462	1477	51.2671
RCHGF000905	912	636.475	2534	98.733
RCHGF000906	798	522.519	1426	67.679
RCHGF000907	564	293.201	1217	102.935
RCHGF000908	906	630.475	2580	101.482
RCHGF000909	810	534.519	177	8.21196
RCHGF000910	1830	1554.46	2339	37.3153
RCHGF000911	1731	1455.46	4354	74.1865
RCHGF000912	1170	894.462	1136	31.4959
RCHGF000913	795	519.53	607	28.9745
RCHGF000914	1338	1062.46	4285	100.017
RCHGF000915	729	453.791	2199	120.173
RCHGF000916	198	35.0841	3031	2142.46
RCHGF000917	1008	732.462	913	30.9117
RCHGF000918	549	279.003	506	44.9758
RCHGF000919	2622	2346.46	6424	67.8936
RCHGF000920	1098	822.462	632	19.0563
RCHGF000921	798	522.519	2853	135.406
RCHGF000922	114	11.8869	926	1931.88
RCHGF000923	246	54.5582	3987	1812.27
RCHGF000924	591	318.57	79746	6207.84
RCHGF000925	252	57.3505	8120	3511.2
RCHGF000926	252	57.3505	1634	706.564
RCHGF000927	2595	2319.46	5642	60.323
RCHGF000928	414	161.5	1252	192.252
RCHGF000929	150	19.3094	596	765.445
RCHGF000930	444	186.018	240	31.9959
RCHGF000931	282	72.9894	128	43.4898
RCHGF000932	1770	1494.46	1652	27.4134
RCHGF000933	1332	1056.46	1048	24.6005
RCHGF000935	1218	942.462	462	12.1567
RCHGF000936	348	113.518	649	141.78
RCHGF000937	111	11.6813	41	87.0423
RCHGF000938	510	243.144	1976	201.539
RCHGF000939	837	561.481	131	5.78593
RCHGF000940	501	234.948	216	22.7992
RCHGF000941	504	237.678	410	42.7792
RCHGF000942	117	12.4744	68	135.185
RCHGF000944	453	193.491	408	52.2922
RCHGF000945	1164	888.462	937	26.154
RCHGF000946	2130	1854.46	4397	58.7998
RCHGF000947	228	47.1962	340	178.652
RCHGF000948	1833	1557.46	1071	17.0533
RCHGF000949	1296	1020.46	15644	380.179
RCHGF000950	762	486.63	1637	83.4232
RCHGF000951	189	31.5735	366	287.472
RCHGF000952	549	279.003	513	45.598
RCHGF000953	177	27.0367	169	155.014
RCHGF000954	147	18.6506	230	305.824
RCHGF000955	582	309.927	1111	88.8978
RCHGF000956	720	444.8	1823	101.639
RCHGF000957	384	138.713	243	43.4437
RCHGF000958	1335	1059.46	2240	52.4324
RCHGF000960	186	30.3688	800	653.281
RCHGF000961	1122	846.462	284	8.32047
RCHGF000962	1011	735.462	157356	5305.91
RCHGF000963	567	296.01	3692	309.309
RCHGF000964	483	218.937	4660	527.842
RCHGF000965	1068	792.462	209	6.54041
RCHGF000966	819	543.509	24	1.09507
RCHGF000967	1047	771.462	99.0049	3.18258
RCHGF000968	672	397.44	57	3.55664
RCHGF000969	672	397.44	738	46.0491
RCHGF000970	1002	726.462	18802	641.842
RCHGF000971	819	543.509	4920	224.489
RCHGF000972	474	211.168	13199	1550.06
RCHGF000973	1179	903.462	2055	56.4078
RCHGF000974	180	28.0327	55	48.6558
RCHGF000975	303	84.9008	127	37.0962
RCHGF000976	426	171.163	585	84.7584
RCHGF000977	1176	900.462	11867	326.823
RCHGF000978	564	293.201	3128	264.569
RCHGF000979	132	15.0955	8	13.1425
RCHGF000980	912	636.475	2016	78.55
RCHGF000981	264	63.142	206	80.907
RCHGF000982	552	281.841	371	32.6443
RCHGF000983	936	660.475	2371	89.025
RCHGF000984	945	669.462	5541	205.258
RCHGF000985	852	576.481	1715	73.7762
RCHGF000986	429	173.583	25	3.57166
RCHGF000987	915	639.475	272	10.5483
RCHGF000988	918	642.475	111	4.28454
RCHGF000989	1413	1137.46	666	14.5203
RCHGF000990	1005	729.462	482	16.3863
RCHGF000991	1266	990.462	114	2.85433
RCHGF000993	1203	927.462	97	2.59366
RCHGF000994	273	67.8707	4	1.46155
RCHGF000995	642	367.961	62	4.17856
RCHGF000996	684	409.081	45	2.72797
RCHGF000997	1128	852.462	100	2.90912
RCHGF000998	1188	912.462	42	1.14149
RCHGF000999	954	678.462	52	1.90071
RCHGF001000	630	356.288	54	3.75863
RCHGF001001	495	229.548	16	1.72855
RCHGF001002	411	159.19	18	2.8041
RCHGF001003	822	546.509	81	3.67557
RCHGF001004	750	474.63	59	3.08272
RCHGF001005	483	218.937	14	1.58579
RCHGF001006	678	403.272	56	3.44371
RCHGF001007	990	714.462	48	1.66609
RCHGF001008	261	61.4944	8	3.2262
RCHGF001009	114	11.8869	19	39.6391
RCHGF001010	951	675.462	267	9.80274
RCHGF001011	1152	876.462	43	1.21667
RCHGF001012	705	429.91	39	2.2497
RCHGF001013	924	648.475	48	1.83563
RCHGF001014	825	549.509	48	2.16623
RCHGF001015	1053	777.462	71	2.26473
RCHGF001016	2382	2106.46	1008	11.8671
RCHGF001017	645	370.876	1086	72.617
RCHGF001018	939	663.468	32	1.1961
RCHGF001019	768	492.63	154	7.75242
RCHGF001020	120	12.9742	192	366.993
RCHGF001021	141	17.1823	41	59.1752
RCHGF001022	1044	768.462	64	2.06536
RCHGF001023	1176	900.462	90	2.47864
RCHGF001024	645	370.876	54	3.61079
RCHGF001025	471	208.679	22	2.61445
RCHGF001026	927	651.475	40	1.52265
RCHGF001027	825	549.509	85	3.83602
RCHGF001028	765	489.63	108	5.47007
RCHGF001029	417	163.873	55	8.32321
RCHGF001030	2421	2145.46	386	4.46173
RCHGF001031	267	64.7597	141	53.9947
RCHGF001032	702	426.927	424	24.6292
RCHGF001033	795	519.53	294	14.0338
RCHGF001034	801	525.519	610	28.7858
RCHGF001035	480	216.387	76	8.71002
RCHGF001036	2730	2454.46	1193	12.0537
RCHGF001037	501	234.948	685	72.3031
RCHGF001038	1437	1161.46	7314	156.166
RCHGF001039	1113	837.462	6249	185.047
RCHGF001040	1134	858.462	8290	239.481
RCHGF001041	753	477.63	238	12.3573
RCHGF001042	870	594.475	418	17.4373
RCHGF001043	987	711.462	453	15.7901
RCHGF001044	138	16.4182	89	134.432
RCHGF001045	729	453.791	540	29.5104
RCHGF001046	1272	996.462	571	14.2106
RCHGF001047	675	400.385	183	11.3347
RCHGF001048	768	492.63	91	4.58097
RCHGF001049	2370	2094.46	246	2.91273
RCHGF001050	474	211.168	522	61.3027
RCHGF001051	522	254.15	133	12.9777
RCHGF001052	852	576.481	599	25.7679
RCHGF001053	615	341.674	145	10.5243
RCHGF001054	237	50.9637	14	6.81246
RCHGF001055	351	115.59	73	15.6618
RCHGF001056	1086	810.462	2176	66.583
RCHGF001057	744	468.663	3687	195.097
RCHGF001058	1344	1068.46	7196	167.02
RCHGF001059	444	186.018	801	106.786
RCHGF001060	1995	1719.46	3954	57.0271
RCHGF001061	921	645.475	640	24.5888
RCHGF001062	228	47.1962	2494	1310.47
RCHGF001063	474	211.168	19429	2281.7
RCHGF001064	291	77.9832	8625	2742.8
RCHGF001065	195	33.9427	342	249.872
RCHGF001066	111	11.6813	1	2.12298
RCHGF001067	216	42.4381	19	11.1029
RCHGF001068	654	379.699	63	4.1147
RCHGF001069	1182	906.462	91	2.4896
RCHGF001070	1101	825.462	48	1.44205
RCHGF001071	1323	1047.46	157	3.71705
RCHGF001072	330	101.65	18	4.3914
RCHGF001073	318	94.0415	19	5.01038
RCHGF001074	1041	765.462	76	2.46222
RCHGF001075	1896	1620.46	139	2.12722
RCHGF001076	156	20.7604	96	114.676
RCHGF001077	822	546.509	1113	50.5051
RCHGF001078	1353	1077.46	1765	40.6237
RCHGF001079	1311	1035.46	2585	61.9104
RCHGF001080	810	534.519	113	5.24266
RCHGF001081	843	567.481	76	3.32123
RCHGF001082	705	429.91	38	2.19202
RCHGF001083	1023	747.462	51	1.69207
RCHGF001084	297	81.3753	312	95.0822
RCHGF001085	1470	1194.46	257	5.33578
RCHGF001086	453	193.491	36	4.61401
RCHGF001087	1110	834.462	134	3.98231
RCHGF001088	795	519.53	322	15.3703
RCHGF001089	801	525.519	785	37.044
RCHGF001090	300	83.1851	18	5.36616
RCHGF001091	672	397.44	640	39.9342
RCHGF001092	795	519.53	93	4.43925
RCHGF001093	366	125.829	93	18.3291
RCHGF001094	1530	1254.46	862	17.0407
RCHGF001095	1038	762.462	169	5.49675
RCHGF001096	1290	1014.46	100	2.44456
RCHGF001097	363	123.709	15	3.00696
RCHGF001098	996	720.462	48	1.65222
RCHGF001099	540	270.65	23	2.10745
RCHGF001100	456	195.876	11	1.39267
RCHGF001101	999	723.462	34	1.16547
RCHGF001102	1257	981.462	2276	57.509
RCHGF001103	495	229.548	477	51.5325
RCHGF001104	750	474.63	295	15.4136
RCHGF001105	1338	1062.46	1029	24.0181
RCHGF001106	348	113.518	2151	469.907
RCHGF001107	1260	984.462	5100	128.472
RCHGF001108	1443	1167.46	13724	291.525
RCHGF001109	171	25.1477	0	0
RCHGF001110	1086	810.462	544	16.6458
RCHGF001111	1929	1653.46	3315	49.7195
RCHGF001112	174	26.0868	4183	3976.53
RCHGF001113	375	132.264	947	177.56
RCHGF001114	264	63.142	149	58.5201
RCHGF001115	1248	972.462	377	9.61404
RCHGF001116	582	309.927	889	71.1342
RCHGF001117	237	50.9637	921	448.163
RCHGF001118	216	42.4381	718	419.571
RCHGF001119	672	397.44	1140	71.1328
RCHGF001120	1011	735.462	1774	59.8178
RCHGF001121	204	37.5768	14	9.23942
RCHGF001122	765	489.63	202	10.2311
RCHGF001123	2040	1764.46	728	10.2319
RCHGF001126	153	20.037	14	17.3274
RCHGF001127	3351	3075.46	1935	15.603
RCHGF001128	150	19.3094	14	17.9802
RCHGF001129	363	123.709	223	44.7034
RCHGF001130	1386	1110.46	264	5.89573
RCHGF001131	1035	759.462	109	3.55924
RCHGF001132	822	546.509	73	3.31255
RCHGF001133	753	477.63	79	4.10178
RCHGF001134	495	229.548	20	2.16069
RCHGF001135	408	156.946	16	2.52817
RCHGF001136	2769	2493.46	1935	19.2449
RCHGF001137	114	11.8869	98	204.454
RCHGF001138	1023	747.462	495.335	16.4341
RCHGF001139	651	376.756	154	10.1367
RCHGF001140	2697	2421.46	2360	24.1697
RCHGF001141	3207	2931.46	4289	36.2835
RCHGF001142	774	498.59	339	16.8614
RCHGF001143	555	284.689	9932	865.174
RCHGF001144	618	344.626	2350	169.105
RCHGF001145	603	330.017	47	3.53182
RCHGF001146	699	423.948	44	2.57381
RCHGF001147	138	16.4182	20	30.2094
RCHGF001148	714	438.866	56	3.16441
RCHGF001149	852	576.481	1794	77.1746
RCHGF001150	1338	1062.46	2383	55.6221
RCHGF001152	1281	1005.46	1227	30.2633
RCHGF001153	4032	3756.46	4153	27.417
RCHGF001154	1128	852.462	483	14.0511
RCHGF001155	1479	1203.46	1496	30.8274
RCHGF001156	465	203.457	211	25.7186
RCHGF001157	333	103.611	107	25.6104
RCHGF001158	972	696.462	1630	58.04
RCHGF001159	129	14.6121	388	658.5
RCHGF001160	906	630.475	929	36.5414
RCHGF001161	999	723.462	1187	40.6885
RCHGF001162	171	25.1477	156	153.838
RCHGF001163	129	14.6121	62	105.224
RCHGF001164	312	90.3774	241	66.1294
RCHGF001165	1887	1611.46	291	4.47827
RCHGF001166	1734	1458.46	168	2.85661
RCHGF001167	426	171.163	86	12.4602
RCHGF001168	126	13.9039	2	3.56723
RCHGF001169	1068	792.462	33382	1044.65
RCHGF001170	936	660.475	15230	571.848
RCHGF001171	1104	828.462	1262	37.7767
RCHGF001172	252	57.3505	428	185.073
RCHGF001173	972	696.462	5733	204.137
RCHGF001174	546	276.169	609	54.6864
RCHGF001176	728	452.791	1939.71	106.237
RCHGF001178	528	259.651	939	89.6835
RCHGF001179	546	276.169	839	75.3397
RCHGF001180	342	109.649	782	176.863
RCHGF001181	327	99.8377	459	114.013
RCHGF001182	177	27.0367	822	753.972
RCHGF001183	1509	1233.46	5992	120.471
RCHGF001184	2004	1728.46	1620	23.243
RCHGF001185	591	318.57	563	43.8268
RCHGF001186	216	42.4381	179	104.601
RCHGF001187	432	176.154	30	4.22343
RCHGF001188	543	273.393	47	4.26332
RCHGF001189	1650	1374.46	69	1.24495
RCHGF001190	855	579.481	42	1.79741
RCHGF001191	1125	849.462	92	2.68585
RCHGF001192	453	193.491	68	8.71536
RCHGF001193	417	163.873	26	3.93461
RCHGF001195	765	489.63	770	38.9996
RCHGF001196	987	711.462	1737	60.546
RCHGF001197	147	18.6506	8	10.6374
RCHGF001198	1434	1158.46	959	20.5293
RCHGF001199	2376	2100.46	2701	31.8894
RCHGF001200	465	203.457	627	76.4245
RCHGF001201	111	11.6813	1	2.12298
RCHGF001202	1785	1509.46	977	16.0513
RCHGF001203	1596	1320.46	298	5.59664
RCHGF001204	1578	1302.46	303	5.76919
RCHGF001205	147	18.6506	10	13.2967
RCHGF001206	306	86.8087	9	2.57108
RCHGF001207	144	17.8758	252	349.601
RCHGF001208	408	156.946	6330	1000.21
RCHGF001209	1680	1404.46	2570	45.3796
RCHGF001210	1206	930.462	2685	71.5621
RCHGF001211	855	579.481	367	15.7059
RCHGF001212	612	338.732	760	55.6409
RCHGF001213	324	97.8974	698	176.816
RCHGF001214	252	57.3505	2	0.864828
RCHGF001215	813	537.519	942	43.4604
RCHGF001216	156	20.7604	19	22.6962
RCHGF001217	111	11.6813	6	12.7379
RCHGF001218	273	67.8707	13	4.75005
RCHGF001219	330	101.65	163	39.7666
RCHGF001220	810	534.519	238	11.0421
RCHGF001221	363	123.709	104	20.8482
RCHGF001222	273	67.8707	67	24.481
RCHGF001223	525	256.946	81	7.81771
RCHGF001224	1131	855.462	153	4.43535
RCHGF001225	756	480.63	455	23.4767
RCHGF001226	819	543.509	197	8.9887
RCHGF001227	699	423.948	109	6.37604
RCHGF001228	606	332.934	136	10.1302
RCHGF001229	1167	891.462	34	0.94583
RCHGF001230	840	564.481	20	0.878654
RCHGF001231	846	570.481	31	1.34759
RCHGF001232	1110	834.462	105	3.12047
RCHGF001233	576	304.293	18	1.46696
RCHGF001234	420	166.299	13	1.93861
RCHGF001235	747	471.63	593	31.181
RCHGF001236	681	406.159	2451	149.653
RCHGF001237	336	105.619	1627	382.018
RCHGF001238	432	176.154	1266	178.229
RCHGF001239	1236	960.462	8809	227.449
RCHGF001240	729	453.791	2275	124.326
RCHGF001241	936	660.475	3520	132.167
RCHGF001242	1053	777.462	8136	259.519
RCHGF001243	948	672.462	4492	165.657
RCHGF001244	972	696.462	8040	286.283
RCHGF001245	930	654.475	3865	146.451
RCHGF001246	870	594.475	3182	132.741
RCHGF001247	1365	1089.46	4497	102.364
RCHGF001248	462	200.868	1696	209.388
RCHGF001249	222	44.8705	902	498.52
RCHGF001250	1035	759.462	1676	54.7274
RCHGF001251	798	522.519	3147	149.359
RCHGF001252	1002	726.462	5109	174.406
RCHGF001253	156	20.7604	10	11.9454
RCHGF001254	366	125.829	1305	257.198
RCHGF001255	1251	975.462	3684	93.6583
RCHGF001256	1215	939.462	25510	673.393
RCHGF001257	198	35.0841	15	10.6027
RCHGF001258	1527	1251.46	819	16.2294
RCHGF001259	1200	924.462	7262	194.807
RCHGF001260	777	501.555	5913	292.366
RCHGF001261	459	198.287	251	31.3918
RCHGF001262	1644	1368.46	2241.95	40.6285
RCHGF001263	186	30.3688	8	6.53281
RCHGF001264	1158	882.462	410	11.5219
RCHGF001265	846	570.481	119	5.17301
RCHGF001266	633	359.213	99	6.83472
RCHGF001267	354	117.555	18	3.79723
RCHGF001268	651	376.756	134	8.82028
RCHGF001269	579	307.117	929	75.0151
RCHGF001270	2928	2652.46	9641	90.1384
RCHGF001271	1302	1026.46	3378	81.612
RCHGF001272	183	29.3248	379	320.509
RCHGF001273	666	391.57	895	56.6826
RCHGF001274	1716	1440.46	229	3.94249
RCHGF001275	1917	1641.46	956	14.4432
RCHGF001276	1749	1473.46	1837	30.9177
RCHGF001277	912	636.475	32	1.24683
RCHGF001278	111	11.6813	3	6.36895
RCHGF001279	1326	1050.46	563	13.2912
RCHGF001280	2448	2172.46	1015	11.5865
RCHGF001281	540	270.65	10664	977.123
RCHGF001282	759	483.63	1382	70.865
RCHGF001283	276	69.6018	255	90.8566
RCHGF001284	546	276.169	637	57.2007
RCHGF001285	1278	1002.46	282	6.97619
RCHGF001286	744	468.663	246	13.017
RCHGF001287	1299	1023.46	429	10.395
RCHGF001288	1434	1158.46	177	3.78903
RCHGF001289	1425	1149.46	106	2.28691
RCHGF001290	813	537.519	46	2.12227
RCHGF001291	747	471.63	68	3.57557
RCHGF001292	372	129.932	20	3.81725
RCHGF001293	705	429.91	5557	320.553
RCHGF001294	1401	1125.46	3363	74.1025
RCHGF001295	1410	1134.46	4129	90.2593
RCHGF001296	930	654.475	2167	82.1113
RCHGF001297	129	14.6121	2	3.39433
RCHGF001298	618	344.626	504	36.2677
RCHGF001299	465	203.457	147	17.9177
RCHGF001300	213	41.1164	25	15.0786
RCHGF001301	747	471.63	858	45.1152
RCHGF001302	966	690.462	462	16.5936
RCHGF001303	972	696.462	781	27.8093
RCHGF001304	447	188.396	245	32.2502
RCHGF001305	2208	1932.46	803	10.3048
RCHGF001306	162	22.1849	4	4.47136
RCHGF001307	1068	792.462	206	6.44653
RCHGF001308	1092	816.462	367	11.1472
RCHGF001309	834	558.481	108	4.79571
RCHGF001310	873	597.475	193	8.01078
RCHGF001311	1278	1002.46	240	5.93718
RCHGF001312	1332	1056.46	229	5.3755
RCHGF001313	1008	732.462	972	32.9093
RCHGF001314	966	690.462	656	23.5614
RCHGF001315	1122	846.462	595	17.432
RCHGF001316	2082	1806.46	5509	75.6277
RCHGF001317	669	394.468	995	62.553
RCHGF001318	264	63.142	256	100.545
RCHGF001319	180	28.0327	22	19.4623
RCHGF001320	633	359.213	1487	102.659
RCHGF001321	810	534.519	6844	317.529
RCHGF001322	1074	798.462	559	17.3618
RCHGF001323	114	11.8869	3	6.2588
RCHGF001324	141	17.1823	14	20.2062
RCHGF001325	621	347.518	2923	208.588
RCHGF001326	489	224.247	2180	241.083
RCHGF001327	870	594.475	3541	147.717
RCHGF001328	1368	1092.46	7289	165.462
RCHGF001329	183	29.3248	6	5.07403
RCHGF001330	1365	1089.46	911	20.7369
RCHGF001331	498	232.224	683	72.9374
RCHGF001332	477	213.826	250	28.9945
RCHGF001333	915	639.475	262	10.1605
RCHGF001334	948	672.462	1156	42.6312
RCHGF001335	948	672.462	2300	84.8198
RCHGF001336	117	12.4744	7	13.9161
RCHGF001337	348	113.518	161	35.172
RCHGF001338	132	15.0955	10	16.4281
RCHGF001339	1041	765.462	417	13.5098
RCHGF001340	2514	2238.46	1158	12.8291
RCHGF001341	957	681.462	611	22.235
RCHGF001342	636	362.129	2407	164.835
RCHGF001343	2625	2349.46	5852	61.7693
RCHGF001344	261	61.4944	384	154.858
RCHGF001345	2817	2541.46	4975	48.5452
RCHGF001346	1767	1491.46	5693	94.6599
RCHGF001347	969	693.462	210	7.50989
RCHGF001348	1443	1167.46	5107	108.483
RCHGF001349	198	35.0841	64007.3	45243.6
RCHGF001350	480	216.387	2820	323.187
RCHGF001351	111	11.6813	3	6.36895
RCHGF001352	642	367.961	281	18.9383
RCHGF001353	612	338.732	224	16.3994
RCHGF001354	1323	1047.46	413	9.77797
RCHGF001355	840	564.481	107	4.7008
RCHGF001356	378	134.401	23	4.24388
RCHGF001357	639	365.089	22	1.49438
RCHGF001358	828	552.509	69	3.09704
RCHGF001359	807	531.519	38	1.77297
RCHGF001360	483	218.937	12	1.35925
RCHGF001361	1125	849.462	166	4.8462
RCHGF001362	420	166.299	31	4.62283
RCHGF001363	759	483.63	235	12.0501
RCHGF001364	816	540.509	268	12.2961
RCHGF001365	147	18.6506	1	1.32967
RCHGF001366	1332	1056.46	374	8.7792
RCHGF001367	792	516.53	494	23.7175
RCHGF001368	219	43.6432	28	15.9103
RCHGF001369	369	127.861	119	23.0805
RCHGF001370	453	193.491	72	9.22803
RCHGF001371	165	23.1808	6	6.41889
RCHGF001372	1089	813.462	366	11.1579
RCHGF001373	168	24.1463	2	2.05407
RCHGF001374	2169	1893.46	563	7.37376
RCHGF001375	864	588.475	128	5.3941
RCHGF001376	879	603.475	257	10.5611
RCHGF001377	1332	1056.46	865	20.3048
RCHGF001378	399	149.948	646	106.839
RCHGF001379	1455	1179.46	1853	38.9609
RCHGF001380	1398	1122.46	4378	96.7256
RCHGF001381	657	382.695	2422	156.949
RCHGF001382	1332	1056.46	6599	154.904
RCHGF001383	1380	1104.46	6506	146.083
RCHGF001384	1398	1122.46	1997	44.1208
RCHGF001385	114	11.8869	1	2.08627
RCHGF001386	129	14.6121	27	45.8234
RCHGF001387	339	107.589	318	73.299
RCHGF001388	342	109.649	89	20.1289
RCHGF001389	336	105.619	452	106.129
RCHGF001390	768	492.63	1296	65.2411
RCHGF001391	159	21.3526	4413	5125.32
RCHGF001392	2211	1935.46	1013	12.9796
RCHGF001393	1164	888.462	1141	31.8481
RCHGF001394	1083	807.462	3291	101.075
RCHGF001395	762	486.63	872	44.438
RCHGF001396	261	61.4944	12	4.8393
RCHGF001397	330	101.65	16	3.90347
RCHGF001398	687	412.069	155	9.32822
RCHGF001399	1053	777.462	907	28.9311
RCHGF001400	1251	975.462	386	9.81328
RCHGF001401	1071	795.462	2177	67.8697
RCHGF001402	828	552.509	435	19.5248
RCHGF001403	612	338.732	176	12.8853
RCHGF001404	1806	1530.46	7470	121.042
RCHGF001405	429	173.583	272	38.8596
RCHGF001406	822	546.509	1381	62.6662
RCHGF001407	528	259.651	25061	2393.57
RCHGF001408	789	513.53	175	8.45102
RCHGF001409	120	12.9742	12	22.9371
RCHGF001410	438	181.036	401	54.9308
RCHGF001411	648	373.872	75	4.9748
RCHGF001412	1152	876.462	120	3.39536
RCHGF001413	486	221.561	44	4.92488
RCHGF001414	870	594.475	87	3.6293
RCHGF001415	1143	867.462	112	3.20188
RCHGF001416	888	612.475	85	3.44166
RCHGF001417	423	168.59	30	4.41293
RCHGF001418	474	211.168	31	3.64058
RCHGF001419	492	226.871	27	2.95135
RCHGF001420	585	312.764	31	2.458
RCHGF001421	243	53.2906	9	4.18822
RCHGF001422	765	489.63	66	3.34282
RCHGF001423	2247	1971.46	5469	68.795
RCHGF001424	1458	1182.46	3849	80.7231
RCHGF001426	117	12.4744	10	19.8801
RCHGF001427	417	163.873	33	4.99393
RCHGF001428	222	44.8705	581	321.109
RCHGF001430	1764	1488.46	2422	40.3528
RCHGF001431	576	304.293	394	32.1101
RCHGF001432	663	388.633	804	51.3043
RCHGF001433	867	591.475	2045	85.7421
RCHGF001434	1731	1455.46	3550	60.4874
RCHGF001435	747	471.63	721	37.9115
RCHGF001436	1053	777.462	1467	46.7938
RCHGF001437	123	13.2708	28.6947	53.6218
RCHGF001438	132	15.0955	108.305	177.925
RCHGF001439	150	19.3094	118	151.548
RCHGF001440	1329	1053.46	2269	53.4137
RCHGF001441	1395	1119.46	2487	55.0939
RCHGF001442	876	600.475	75	3.09744
RCHGF001443	456	195.876	66	8.35601
RCHGF001444	945	669.462	105	3.88956
RCHGF001445	753	477.63	118	6.12671
RCHGF001447	939	663.468	2636	98.5286
RCHGF001448	666	391.57	5691	360.426
RCHGF001449	645	370.876	2882	192.709
RCHGF001450	927	651.475	2548	96.9926
RCHGF001451	429	173.583	1264	180.583
RCHGF001452	504	237.678	937	97.7661
RCHGF001453	858	582.475	3610	153.698
RCHGF001454	819	543.509	6928	316.11
RCHGF001455	891	615.475	4779	192.559
RCHGF001456	843	567.481	923	40.3355
RCHGF001457	1188	912.462	815	22.1503
RCHGF001458	1872	1596.46	2468	38.3375
RCHGF001459	351	115.59	638	136.88
RCHGF001460	738	462.663	219	11.7386
RCHGF001461	858	582.475	1425	60.6701
RCHGF001462	1071	795.462	2592	80.8077
RCHGF001463	153	20.037	52	64.3588
RCHGF001464	2274	1998.46	468	5.80747
RCHGF001465	537	267.85	120	11.1103
RCHGF001466	1611	1335.46	459	8.52351
RCHGF001467	1359	1083.46	402	9.20131
RCHGF001468	1533	1257.46	2159	42.5789
RCHGF001469	486	221.561	1267	141.814
RCHGF001470	714	438.866	97	5.48121
RCHGF001471	660	385.672	139	8.93787
RCHGF001472	615	341.674	33.1041	2.40274
RCHGF001473	852	576.481	293	12.6043
RCHGF001474	675	400.385	173	10.7153
RCHGF001475	699	423.948	51	2.98328
RCHGF001476	990	714.462	473	16.418
RCHGF001477	1005	729.462	729	24.7835
RCHGF001478	666	391.57	200	12.6665
RCHGF001479	630	356.288	124	8.63093
RCHGF001480	510	243.144	959	97.8119
RCHGF001481	1431	1155.46	1824	39.1477
RCHGF001482	1392	1116.46	1615	35.8728
RCHGF001483	987	711.462	2109	73.5126
RCHGF001484	1878	1602.46	1813	28.0574
RCHGF001485	2364	2088.46	1727	20.507
RCHGF001486	738	462.663	183	9.80898
RCHGF001487	1878	1602.46	409	6.32955
RCHGF001488	843	567.481	80	3.49604
RCHGF001489	666	391.57	126	7.9799
RCHGF001490	1029	753.462	332	10.9273
RCHGF001491	678	403.272	271	16.6651
RCHGF001492	888	612.475	397	16.0746
RCHGF001493	1506	1230.46	2947	59.3949
RCHGF001495	1692	1416.46	5044	88.3095
RCHGF001496	1014	738.462	1408	47.2837
RCHGF001497	888	612.475	980	39.6803
RCHGF001498	453	193.491	113	14.4829
RCHGF001499	606	332.934	274	20.4093
RCHGF001501	897	621.475	196.128	7.82622
RCHGF001502	1086	810.462	153	4.68162
RCHGF001503	816	540.509	122	5.5975
RCHGF001504	843	567.481	77	3.36493
RCHGF001505	771	495.59	140	7.00555
RCHGF001506	492	226.871	61	6.66787
RCHGF001507	417	163.873	68	10.2905
RCHGF001508	1953	1677.46	640	9.4616
RCHGF001509	1371	1095.46	663	15.0091
RCHGF001510	171	25.1477	5	4.9307
RCHGF001511	777	501.555	164	8.1089
RCHGF001512	126	13.9039	18	32.105
RCHGF001513	417	163.873	4	0.605325
RCHGF001514	912	636.475	93	3.62359
RCHGF001515	984	708.462	152	5.32064
RCHGF001516	132	15.0955	2	3.28563
RCHGF001517	894	618.475	107	4.29041
RCHGF001518	1371	1095.46	333	7.53848
RCHGF001519	114	11.8869	5	10.4313
RCHGF001520	801	525.519	436	20.5748
RCHGF001521	2607	2331.46	604	6.42459
RCHGF001522	450	190.943	63	8.18226
RCHGF001523	1470	1194.46	228	4.73369
RCHGF001524	2022	1746.46	12800	181.756
RCHGF001525	537	267.85	521	48.2374
RCHGF001526	1218	942.462	1739	45.7586
RCHGF001527	771	495.59	461	23.0683
RCHGF001528	288	76.3391	271	88.0357
RCHGF001529	369	127.861	360	69.8234
RCHGF001530	180	28.0327	410.791	363.407
RCHGF001531	387	140.904	2387	420.114
RCHGF001532	1866	1590.46	6746	105.187
RCHGF001533	135	15.7376	102	160.731
RCHGF001534	567	296.01	606	50.7695
RCHGF001535	183	29.3248	27	22.8331
RCHGF001536	1098	822.462	3685	111.111
RCHGF001537	984	708.462	2734	95.7016
RCHGF001538	621	347.518	1993	142.222
RCHGF001539	870	594.475	1119	46.6803
RCHGF001540	1578	1302.46	1242	23.648
RCHGF001541	1671	1395.46	1498	26.6214
RCHGF001542	201	36.3862	36	24.5359
RCHGF001543	153	20.037	152	188.126
RCHGF001544	972	696.462	3265	116.258
RCHGF001545	1488	1212.46	4216	86.2322
RCHGF001546	468	205.971	44	5.29766
RCHGF001547	372	129.932	27	5.15329
RCHGF001548	954	678.462	106	3.87452
RCHGF001549	456	195.876	31	3.92479
RCHGF001550	1581	1305.46	135	2.56452
RCHGF001551	870	594.475	966	40.2977
RCHGF001552	846	570.481	280	12.1718
RCHGF001553	756	480.63	218	11.2482
RCHGF001554	798	522.519	197	9.34977
RCHGF001555	420	166.299	78	11.6316
RCHGF001556	1224	948.462	351	9.1775
RCHGF001557	798	522.519	173	8.21071
RCHGF001558	777	501.555	134	6.62557
RCHGF001559	477	213.826	67	7.77053
RCHGF001560	2727	2451.46	480	4.85571
RCHGF001561	735	459.69	188	10.1421
RCHGF001562	1203	927.462	1438	38.4503
RCHGF001563	1341	1065.46	2433	56.6293
RCHGF001564	282	72.9894	511	173.619
RCHGF001565	435	178.638	92	12.7718
RCHGF001566	645	370.876	375	25.0749
RCHGF001567	1056	780.462	837	26.5957
RCHGF001568	1515	1239.46	1452	29.0516
RCHGF001569	1368	1092.46	67	1.52092
RCHGF001570	660	385.672	105	6.75163
RCHGF001571	837	561.481	57	2.51754
RCHGF001572	771	495.59	32	1.60127
RCHGF001573	471	208.679	64	7.60567
RCHGF001574	414	161.5	13	1.99622
RCHGF001575	843	567.481	69	3.01533
RCHGF001576	648	373.872	60	3.97984
RCHGF001577	1029	753.462	106	3.48885
RCHGF001578	729	453.791	585	31.9696
RCHGF001579	699	423.948	619	36.2089
RCHGF001580	540	270.65	449	41.1411
RCHGF001581	1719	1443.46	1695	29.1207
RCHGF001582	867	591.475	3229	135.384
RCHGF001583	1677	1401.46	2080	36.806
RCHGF001584	885	609.475	351	14.282
RCHGF001585	885	609.475	127	5.16755
RCHGF001586	1041	765.462	82	2.65661
RCHGF001587	1158	882.462	102	2.86643
RCHGF001588	834	558.481	44	1.95381
RCHGF001589	753	477.63	50	2.59607
RCHGF001590	480	216.387	17	1.94829
RCHGF001591	399	149.948	11	1.81924
RCHGF001592	2433	2157.46	1400	16.0924
RCHGF001593	1317	1041.46	799	19.0257
RCHGF001594	1668	1392.46	958	17.0616
RCHGF001595	1230	954.462	301	7.82069
RCHGF001597	708	432.897	98	5.61408
RCHGF001598	711	435.888	170	9.67188
RCHGF001599	741	465.663	60	3.19534
RCHGF001600	693	417.994	556	32.9869
RCHGF001601	414	161.5	278	42.6884
RCHGF001602	207	38.6764	102	65.402
RCHGF001603	414	161.5	1046	160.619
RCHGF001604	183	29.3248	47	39.7465
RCHGF001605	1104	828.462	4235	126.77
RCHGF001606	135	15.7376	12	18.9095
RCHGF001607	111	11.6813	0	0
RCHGF001608	117	12.4744	12	23.8561
RCHGF001609	336	105.619	419	98.3807
RCHGF001610	612	338.732	517	37.8504
RCHGF001611	333	103.611	317	75.8739
RCHGF001612	621	347.518	292	20.8373
RCHGF001613	1227	951.462	1836	47.854
RCHGF001614	1167	891.462	361	10.0425
RCHGF001615	387	140.904	148	26.0481
RCHGF001616	819	543.509	263	12.0001
RCHGF001617	990	714.462	1269	44.0473
RCHGF001618	363	123.709	365	73.1693
RCHGF001619	1122	846.462	573	16.7874
RCHGF001620	774	498.59	352	17.508
RCHGF001621	1104	828.462	192	5.74733
RCHGF001622	1272	996.462	104	2.58827
RCHGF001623	297	81.3753	6	1.8285
RCHGF001624	483	218.937	12	1.35925
RCHGF001625	2868	2592.46	1244	11.8999
RCHGF001626	555	284.689	9369	816.131
RCHGF001627	1260	984.462	49687	1251.64
RCHGF001628	696	420.969	994	58.5562
RCHGF001629	1599	1323.46	2195	41.1301
RCHGF001630	546	276.169	403	36.1882
RCHGF001631	555	284.689	331	28.8333
RCHGF001632	1290	1014.46	957	23.3945
RCHGF001633	450	190.943	74	9.61091
RCHGF001634	1347	1071.46	276	6.38807
RCHGF001635	462	200.868	497	61.3597
RCHGF001636	876	600.475	262	10.8204
RCHGF001637	2073	1797.46	594	8.19528
RCHGF001638	648	373.872	69	4.57681
RCHGF001639	480	216.387	92	10.5437
RCHGF001640	888	612.475	85.757	3.47231
RCHGF001641	612	338.732	60	4.3927
RCHGF001642	759	483.63	48	2.4613
RCHGF001643	1287	1011.46	183	4.48682
RCHGF001644	273	67.8707	11	4.01927
RCHGF001645	441	183.503	49	6.62199
RCHGF001646	294	79.7788	911	283.183
RCHGF001647	552	281.841	1286	113.155
RCHGF001648	1311	1035.46	1666	39.9005
RCHGF001649	1482	1206.46	856	17.5953
RCHGF001650	663	388.633	347	22.1425
RCHGF001651	750	474.63	72	3.76196
RCHGF001652	468	205.971	10	1.20401
RCHGF001653	744	468.663	64	3.38654
RCHGF001654	762	486.63	60	3.05766
RCHGF001655	2739	2463.46	279	2.80864
RCHGF001656	468	205.971	48	5.77927
RCHGF001657	747	471.63	59	3.10233
RCHGF001658	819	543.509	34	1.55135
RCHGF001659	1131	855.462	170	4.92817
RCHGF001660	387	140.904	8	1.40801
RCHGF001661	564	293.201	3424	289.605
RCHGF001662	714	438.866	3781	213.654
RCHGF001663	870	594.475	2112	88.1043
RCHGF001664	1230	954.462	7055	183.306
RCHGF001665	174	26.0868	2261	2149.4
RCHGF001666	1251	975.462	846	21.5079
RCHGF001667	1398	1122.46	391	8.63858
RCHGF001668	180	28.0327	41	36.2707
RCHGF001669	363	123.709	40	8.01855
RCHGF001670	426	171.163	99	14.3437
RCHGF001671	2028	1752.46	925	13.0897
RCHGF001672	1422	1146.46	157	3.39607
RCHGF001673	345	111.581	10	2.22252
RCHGF001674	1239	963.462	133	3.42337
RCHGF001675	318	94.0415	29	7.64743
RCHGF001676	1884	1608.46	682	10.515
RCHGF001677	756	480.63	62	3.19903
RCHGF001678	126	13.9039	0	0
RCHGF001679	165	23.1808	1	1.06982
RCHGF001680	888	612.475	65	2.63186
RCHGF001681	864	588.475	148	6.23693
RCHGF001682	729	453.791	254	13.8808
RCHGF001683	537	267.85	6022	557.554
RCHGF001684	405	154.513	2085	334.639
RCHGF001685	486	221.561	407	45.5551
RCHGF001686	804	528.519	3692	173.236
RCHGF001687	849	573.481	1456	62.9621
RCHGF001689	561	290.322	78	6.66273
RCHGF001690	1263	987.462	1752	43.9998
RCHGF001691	426	171.163	558	80.8464
RCHGF001692	1083	807.462	1048	32.1867
RCHGF001693	750	474.63	73	3.81421
RCHGF001694	714	438.866	103	5.82026
RCHGF001695	735	459.69	789	42.5646
RCHGF001696	843	567.481	140	6.11806
RCHGF001697	168	24.1463	0	0
RCHGF001698	780	504.545	237	11.6489
RCHGF001699	1197	921.462	150	4.03693
RCHGF001700	1104	828.462	1519	45.4697
RCHGF001701	468	205.971	8087	973.686
RCHGF001702	774	498.59	10457	520.116
RCHGF001703	864	588.475	262	11.041
RCHGF001704	852	576.481	67	2.88222
RCHGF001705	1086	810.462	390	11.9335
RCHGF001706	309	88.6722	57	15.9413
RCHGF001707	453	193.491	87	11.1505
RCHGF001708	1962	1686.46	383	5.63196
RCHGF001709	888	612.475	164	6.64037
RCHGF001710	1470	1194.46	268	5.56416
RCHGF001711	228	47.1962	12	6.30538
RCHGF001712	1173	897.462	223	6.16206
RCHGF001713	447	188.396	64	8.42453
RCHGF001714	1581	1305.46	19818	376.472
RCHGF001715	990	714.462	304	10.5519
RCHGF001716	906	630.475	1360.87	53.5287
RCHGF001717	615	341.674	5918	429.536
RCHGF001718	564	293.201	431	36.4543
RCHGF001719	684	409.081	2636	159.799
RCHGF001720	1044	768.462	7410	239.129
RCHGF001721	420	166.299	42	6.26319
RCHGF001722	435	178.638	25	3.4706
RCHGF001723	324	97.8974	30	7.59954
RCHGF001724	924	648.475	216	8.26033
RCHGF001725	1545	1269.46	1263	24.6729
RCHGF001726	726	450.791	354	19.4744
RCHGF001727	288	76.3391	50.3715	16.3634
RCHGF001728	468	205.971	122	14.689
RCHGF001729	789	513.53	179	8.64419
RCHGF001730	585	312.764	96	7.61186
RCHGF001731	609	335.783	65	4.80056
RCHGF001732	729	453.791	93	5.08235
RCHGF001733	783	507.545	119	5.81446
RCHGF001734	471	208.679	23	2.73329
RCHGF001735	444	186.018	11	1.46648
RCHGF001736	1656	1380.46	123	2.20962
RCHGF001737	1002	726.462	43	1.46789
RCHGF001738	849	573.481	35	1.51351
RCHGF001739	744	468.663	378	20.0018
RCHGF001741	891	615.475	355.243	14.3137
RCHGF001743	450	190.943	2932	380.8
RCHGF001745	843	567.481	381	16.6499
RCHGF001746	1512	1236.46	983	19.7156
RCHGF001747	606	332.934	1275	94.9705
RCHGF001748	723	447.795	970	53.7192
RCHGF001749	477	213.826	500	57.9891
RCHGF001750	612	338.732	1799	131.708
RCHGF001752	390	143.063	7959	1379.65
RCHGF001754	1671	1395.46	1735	30.8332
RCHGF001755	1482	1206.46	2781	57.1642
RCHGF001756	1260	984.462	9569	241.049
RCHGF001757	702	426.927	369	21.4343
RCHGF001758	717	441.822	1478	82.9591
RCHGF001759	678	403.272	988	60.757
RCHGF001761	1254	978.462	2734	69.2934
RCHGF001762	336	105.619	135	31.6978
RCHGF001763	291	77.9832	135	42.9309
RCHGF001764	261	61.4944	876	353.269
RCHGF001765	135	15.7376	0	0
RCHGF001766	348	113.518	28	6.11687
RCHGF001767	300	83.1851	14	4.17368
RCHGF001768	462	200.868	151	18.6425
RCHGF001769	1035	759.462	1043	34.0577
RCHGF001770	333	103.611	52	12.4462
RCHGF001771	1314	1038.46	561	13.3971
RCHGF001772	1563	1287.46	679	13.0789
RCHGF001773	510	243.144	116	11.8313
RCHGF001774	135	15.7376	0	0
RCHGF001775	1833	1557.46	1222	19.4577
RCHGF001776	1812	1536.46	1018	16.431
RCHGF001777	255	58.7948	201	84.7802
RCHGF001778	492	226.871	963	105.265
RCHGF001779	378	134.401	493	90.9665
RCHGF001780	417	163.873	634	95.944
RCHGF001781	1170	894.462	95	2.6339
RCHGF001782	135	15.7376	1	1.57579
RCHGF001783	156	20.7604	4	4.77816
RCHGF001784	420	166.299	3503	522.38
RCHGF001785	1479	1203.46	2873	59.2025
RCHGF001786	2583	2307.46	842	9.04929
RCHGF001787	681	406.159	195	11.9063
RCHGF001788	1002	726.462	109	3.72092
RCHGF001789	687	412.069	70	4.21274
RCHGF001790	693	417.994	81	4.80565
RCHGF001791	438	181.036	66	9.04098
RCHGF001792	849	573.481	208	8.99459
RCHGF001793	738	462.663	142	7.61134
RCHGF001794	717	441.822	173	9.71037
RCHGF001795	408	156.946	758	119.772
RCHGF001796	636	362.129	722	49.4436
RCHGF001797	855	579.481	696	29.7857
RCHGF001798	372	129.932	198	37.7908
RCHGF001799	720	444.8	155	8.6418
RCHGF001800	402	152.279	44	7.16554
RCHGF001801	141	17.1823	6	8.65979
RCHGF001803	885	609.475	158	6.42892
RCHGF001804	561	290.322	11	0.939615
RCHGF001805	549	279.003	29	2.57766
RCHGF001806	1431	1155.46	1985	42.6032
RCHGF001807	822	546.509	654	29.6768
RCHGF001808	1386	1110.46	868	19.3844
RCHGF001809	1065	789.462	1651	51.8624
RCHGF001810	1164	888.462	4023	112.292
RCHGF001811	1044	768.462	763	24.6229
RCHGF001812	1605	1329.46	1146	21.377
RCHGF001813	600	327.212	36	2.72841
RCHGF001814	294	79.7788	13	4.04104
RCHGF001815	186	30.3688	565.766	462.005
RCHGF001816	1308	1032.46	6632	159.297
RCHGF001817	465	203.457	1727	210.503
RCHGF001819	801	525.519	1083	51.1066
RCHGF001820	780	504.545	1371	67.3867
RCHGF001821	744	468.663	1071	56.6717
RCHGF001822	162	22.1849	8	8.94272
RCHGF001823	183	29.3248	22	18.6048
RCHGF001824	852	576.481	111	4.77502
RCHGF001825	504	237.678	34	3.54754
RCHGF001826	1050	774.462	3035	97.1842
RCHGF001827	1071	795.462	1624	50.6295
RCHGF001828	1977	1701.46	4379	63.8248
RCHGF001829	951	675.462	1499	55.0349
RCHGF001830	1875	1599.46	393	6.09334
RCHGF001831	1044	768.462	238	7.68054
RCHGF001832	321	95.9856	17	4.39218
RCHGF001833	330	101.65	35	8.53884
RCHGF001834	1332	1056.46	277	6.50224
RCHGF001835	1077	801.462	134	4.14628
RCHGF001836	1182	906.462	98	2.6811
RCHGF001837	453	193.491	603	77.2847
RCHGF001838	420	166.299	251	37.43
RCHGF001839	561	290.322	609	52.0205
RCHGF001840	462	200.868	2245	277.168
RCHGF001841	438	181.036	3784	518.35
RCHGF001842	1245	969.462	624	15.9621
RCHGF001843	1299	1023.46	2532	61.3521
RCHGF001844	486	221.561	1533	171.587
RCHGF001845	501	234.948	398	42.0097
RCHGF001846	711	435.888	1167	66.3946
RCHGF001847	1206	930.462	1300	34.6483
RCHGF001848	888	612.475	67442	2730.73
RCHGF001849	123	13.2708	32	59.7983
RCHGF001850	354	117.555	276	58.2242
RCHGF001851	348	113.518	41580	9083.55
RCHGF001852	1146	870.462	2364	67.3496
RCHGF001853	558	287.518	11088	956.369
RCHGF001854	192	32.755	1333	1009.23
RCHGF001855	360	121.658	968	197.32
RCHGF001856	435	178.638	2798	388.429
RCHGF001857	1305	1029.46	1277	30.7622
RCHGF001858	186	30.3688	274	223.749
RCHGF001859	1320	1044.46	4204	99.8176
RCHGF001860	114	11.8869	12	25.0352
RCHGF001861	1317	1041.46	2348	55.9103
RCHGF001862	879	603.475	8889	365.284
RCHGF001863	378	134.401	6414	1183.49
RCHGF001864	129	14.6121	4	6.78865
RCHGF001865	765	489.63	533	26.9958
RCHGF001866	2343	2067.46	1815	21.7709
RCHGF001867	918	642.475	604	23.3141
RCHGF001868	675	400.385	1272	78.7856
RCHGF001869	855	579.481	1366	58.4586
RCHGF001870	891	615.475	423	17.0438
RCHGF001871	1191	915.462	1477	40.0108
RCHGF001872	147	18.6506	149	198.121
RCHGF001873	291	77.9832	189	60.1032
RCHGF001874	1161	885.462	853	23.89
RCHGF001875	807	531.519	433	20.2025
RCHGF001876	777	501.555	4876	241.092
RCHGF001877	759	483.63	3357	172.137
RCHGF001878	1014	738.462	3290	110.485
RCHGF001879	618	344.626	4833	347.781
RCHGF001880	1812	1536.46	21651	349.457
RCHGF001881	1191	915.462	5231	141.704
RCHGF001882	1113	837.462	6043	178.947
RCHGF001884	1290	1014.46	1248	30.5082
RCHGF001885	1395	1119.46	592	13.1144
RCHGF001886	675	400.385	2140	132.548
RCHGF001887	444	186.018	180	23.9969
RCHGF001888	1374	1098.46	201	4.53783
RCHGF001889	513	245.938	213	21.4778
RCHGF001890	1356	1080.46	332	7.62019
RCHGF001891	837	561.481	532	23.4971
RCHGF001892	567	296.01	596	49.9317
RCHGF001893	381	136.409	14	2.54521
RCHGF001894	603	330.017	82	6.16189
RCHGF001895	606	332.934	411	30.614
RCHGF001896	126	13.9039	13	23.187
RCHGF001897	1419	1143.46	522	11.321
RCHGF001898	1932	1656.46	674	10.0906
RCHGF001899	855	579.481	88	3.766
RCHGF001900	579	307.117	156	12.5967
RCHGF001901	1662	1386.46	2624	46.9346
RCHGF001902	993	717.462	3020	104.387
RCHGF001903	489	224.247	84	9.28942
RCHGF001904	1668	1392.46	1615	28.7625
RCHGF001905	1200	924.462	531	14.2443
RCHGF001906	1317	1041.46	2190	52.148
RCHGF001907	1398	1122.46	331	7.31296
RCHGF001908	1449	1173.46	984	20.7952
RCHGF001909	126	13.9039	0	0
RCHGF001910	972	696.462	519	18.4802
RCHGF001911	669	394.468	111	6.97828
RCHGF001912	1491	1215.46	197	4.01941
RCHGF001913	861	585.475	979	41.4678
RCHGF001914	1719	1443.46	22398	384.805
RCHGF001915	183	29.3248	84	71.0364
RCHGF001916	504	237.678	1598	166.735
RCHGF001917	1101	825.462	563	16.9141
RCHGF001918	327	99.8377	163	40.4883
RCHGF001919	171	25.1477	32	31.5565
RCHGF001920	255	58.7948	325	137.082
RCHGF001921	411	159.19	30	4.6735
RCHGF001922	465	203.457	748	91.1731
RCHGF001923	1272	996.462	7596	189.043
RCHGF001924	561	290.322	500	42.7098
RCHGF001925	243	53.2906	171669	79887.4
RCHGF001926	495	229.548	2015	217.69
RCHGF001927	591	318.57	1863	145.026
RCHGF001928	507	240.385	1331	137.312
RCHGF001929	585	312.764	1523	120.759
RCHGF001930	1671	1395.46	4431	78.7446
RCHGF001931	828	552.509	1523	68.3593
RCHGF001932	1335	1059.46	1065	24.9288
RCHGF001933	249	55.9504	16	7.09175
RCHGF001934	1005	729.462	513	17.4402
RCHGF001935	1164	888.462	1277	35.6442
RCHGF001936	891	615.475	364	14.6666
RCHGF001937	1020	744.462	3106	103.466
RCHGF001938	876	600.475	551	22.7559
RCHGF001939	462	200.868	4028	497.298
RCHGF001940	144	17.8758	10	13.8731
RCHGF001941	531	262.353	50	4.7263
RCHGF001942	2064	1788.46	514	7.12723
RCHGF001943	1617	1341.46	35676	659.53
RCHGF001944	264	63.142	4674	1835.72
RCHGF001945	123	13.2708	10	18.687
RCHGF001946	933	657.475	3243	122.322
RCHGF001947	1737	1461.46	4559	77.3605
RCHGF001948	522	254.15	1297	126.557
RCHGF001950	624	350.476	105	7.42964
RCHGF001951	1902	1626.46	2952	45.0101
RCHGF001952	549	279.003	5626	500.067
RCHGF001953	1230	954.462	1506	39.1294
RCHGF001954	903	627.475	853	33.7124
RCHGF001955	318	94.0415	8	2.10963
RCHGF001956	396	147.701	8	1.34321
RCHGF001957	126	13.9039	0	0
RCHGF001958	111	11.6813	0	0
RCHGF001959	690	415.048	24	1.434
RCHGF001960	780	504.545	23	1.13049
RCHGF001961	1023	747.462	44	1.45982
RCHGF001962	159	21.3526	2	2.32283
RCHGF001963	375	132.264	21	3.93744
RCHGF001964	1581	1305.46	139	2.64051
RCHGF001965	1077	801.462	684	21.1646
RCHGF001966	1419	1143.46	7551	163.765
RCHGF001967	960	684.462	7939	287.643
RCHGF001968	912	636.475	595	23.1832
RCHGF001969	1194	918.462	1386	37.423
RCHGF001970	591	318.57	176	13.7007
RCHGF001971	828	552.509	556	24.9559
RCHGF001972	2583	2307.46	3569	38.3574
RCHGF001973	954	678.462	3038	111.045
RCHGF001974	774	498.59	989	49.1914
RCHGF001975	573	301.501	6010	494.337
RCHGF001976	1107	831.462	2845	84.8549
RCHGF001977	774	498.59	1518	75.5032
RCHGF001978	564	293.201	147	12.4334
RCHGF001979	552	281.841	639	56.2256
RCHGF001980	834	558.481	1307	58.0369
RCHGF001981	687	412.069	591	35.5676
RCHGF001982	408	156.946	826	130.517
RCHGF001983	591	318.57	1373	106.881
RCHGF001984	744	468.663	470	24.8699
RCHGF001986	765	489.63	2214	112.136
RCHGF001987	246	54.5582	526	239.091
RCHGF001988	369	127.861	1277	247.679
RCHGF001989	705	429.91	334	19.2667
RCHGF001990	1284	1008.46	91	2.23779
RCHGF001991	378	134.401	18	3.32129
RCHGF001992	1089	813.462	57	1.7377
RCHGF001993	312	90.3774	12	3.29275
RCHGF001994	441	183.503	26	3.51371
RCHGF001995	1941	1665.46	450	6.70062
RCHGF001996	1245	969.462	763	19.5178
RCHGF001997	885	609.475	879	35.766
RCHGF001998	1227	951.462	2047	53.3536
RCHGF001999	372	129.932	109	20.804
RCHGF002000	726	450.791	240	13.203
RCHGF002001	327	99.8377	758	188.283
RCHGF002002	438	181.036	431	59.0404
RCHGF002003	507	240.385	270	27.8544
RCHGF002004	177	27.0367	85	77.9655
RCHGF002005	642	367.961	193	13.0075
RCHGF002006	603	330.017	52	3.90754
RCHGF002007	360	121.658	19	3.87301
RCHGF002008	837	561.481	536	23.6737
RCHGF002009	705	429.91	632	36.4567
RCHGF002010	657	382.695	362	23.4581
RCHGF002011	414	161.5	477	73.246
RCHGF002012	1215	939.462	3759	99.2271
RCHGF002013	1185	909.462	1196	32.6125
RCHGF002014	642	367.961	126	8.49192
RCHGF002015	1422	1146.46	4308	93.1865
RCHGF002016	1314	1038.46	2448	58.4599
RCHGF002017	654	379.699	1062	69.3621
RCHGF002018	984	708.462	2207.28	77.2643
RCHGF002019	804	528.519	64	3.003
RCHGF002020	414	161.5	179	27.4864
RCHGF002021	360	121.658	105	21.4035
RCHGF002022	318	94.0415	94	24.7882
RCHGF002023	1653	1377.46	399	7.18341
RCHGF002024	1737	1461.46	477	8.09409
RCHGF002025	1626	1350.46	1367	25.1029
RCHGF002026	246	54.5582	44	20
RCHGF002027	762	486.63	667	33.991
RCHGF002028	912	636.475	104	4.05218
RCHGF002029	399	149.948	9	1.48847
RCHGF002030	1227	951.462	191	4.97828
RCHGF002031	804	528.519	231	10.839
RCHGF002032	771	495.59	87	4.35345
RCHGF002033	471	208.679	53	6.29844
RCHGF002034	2688	2412.46	336	3.45395
RCHGF002035	120	12.9742	1	1.91142
RCHGF002036	594	321.487	111	8.56243
RCHGF002037	957	681.462	581.29	21.1538
RCHGF002038	765	489.63	870	44.0645
RCHGF002039	987	711.462	1077	37.5406
RCHGF002040	462	200.868	154	19.0129
RCHGF002041	942	666.462	318	11.8328
RCHGF002042	1125	849.462	1413	41.2511
RCHGF002043	141	17.1823	53	76.4948
RCHGF002044	1095	819.462	707	21.3958
RCHGF002045	159	21.3526	216	250.865
RCHGF002046	1464	1188.46	1286	26.8345
RCHGF002047	780	504.545	855	42.0246
RCHGF002048	123	13.2708	4	7.47479
RCHGF002050	1548	1272.46	1276	24.8681
RCHGF002051	810	534.519	254	11.7844
RCHGF002052	783	507.545	661	32.2971
RCHGF002053	321	95.9856	237	61.2321
RCHGF002054	1092	816.462	1096	33.2898
RCHGF002055	225	45.9962	114	61.4639
RCHGF002056	228	47.1962	567	297.929
RCHGF002057	357	119.633	74	15.3397
RCHGF002059	444	186.018	95	12.665
RCHGF002060	198	35.0841	0	0
RCHGF002061	1899	1623.46	532	8.12656
RCHGF002062	117	12.4744	5	9.94005
RCHGF002063	1188	912.462	2909	79.0617
RCHGF002064	204	37.5768	7	4.61971
RCHGF002065	231	48.2923	4	2.05409
RCHGF002066	417	163.873	76	11.5012
RCHGF002067	357	119.633	613	127.071
RCHGF002068	222	44.8705	7	3.86878
RCHGF002069	1683	1407.46	90	1.58578
RCHGF002070	621	347.518	2339	166.913
RCHGF002071	906	630.475	25	0.983352
RCHGF002072	1005	729.462	30	1.0199
RCHGF002073	2187	1911.46	125	1.62174
RCHGF002074	2448	2172.46	48	0.547931
RCHGF002075	402	152.279	0	0
RCHGF002076	501	234.948	7	0.738863
RCHGF002077	486	221.561	8	0.895433
RCHGF002078	267	64.7597	4	1.53176
RCHGF002079	219	43.6432	3	1.70468
RCHGF002080	141	17.1823	1	1.4433
RCHGF002081	1194	918.462	30	0.810023
RCHGF002082	1392	1116.46	57	1.2661
RCHGF002083	381	136.409	4	0.727203
RCHGF002084	327	99.8377	5	1.24197
RCHGF002085	3057	2781.46	104	0.927251
RCHGF002086	378	134.401	33037	6095.87
RCHGF002087	384	138.713	3599	643.432
RCHGF002088	138	16.4182	5204	7860.48
RCHGF002089	918	642.475	88	3.39675
RCHGF002090	486	221.561	19	2.12665
RCHGF002091	123	13.2708	0	0
RCHGF002092	429	173.583	3	0.428599
RCHGF002093	624	350.476	13	0.91986
RCHGF002094	639	365.089	14	0.950968
RCHGF002095	1362	1086.46	60	1.36954
RCHGF002097	411	159.19	249	38.79
RCHGF002099	1776	1500.46	11507	190.184
RCHGF002101	1461	1185.46	1273	26.6304
RCHGF002102	1401	1125.46	1221	26.9043
RCHGF002103	2220	1944.46	2114	26.9614
RCHGF002104	1272	996.462	2144	53.3582
RCHGF002105	2247	1971.46	292	3.67309
RCHGF002106	696	420.969	43	2.53312
RCHGF002107	615	341.674	4396	319.068
RCHGF002108	837	561.481	1180	52.1176
RCHGF002109	378	134.401	196	36.1652
RCHGF002110	594	321.487	146	11.2623
RCHGF002111	525	256.946	2192	211.561
RCHGF002112	1308	1032.46	1709	41.0492
RCHGF002113	153	20.037	4	4.95068
RCHGF002114	117	12.4744	2	3.97602
RCHGF002115	924	648.475	849	32.4677
RCHGF002116	135	15.7376	81	127.639
RCHGF002117	1317	1041.46	473	11.263
RCHGF002118	1920	1644.46	5492	82.8216
RCHGF002119	1332	1056.46	891	20.9151
RCHGF002120	996	720.462	842	28.9827
RCHGF002121	189	31.5735	227.443	178.643
RCHGF002122	369	127.861	252	48.8764
RCHGF002123	222	44.8705	279	154.199
RCHGF002124	138	16.4182	656	990.868
RCHGF002125	618	344.626	582	41.8805
RCHGF002126	1245	969.462	1353	34.6102
RCHGF002127	792	516.53	534	25.6379
RCHGF002128	1941	1665.46	4952	73.7366
RCHGF002129	459	198.287	55	6.87869
RCHGF002130	324	97.8974	293	74.2221
RCHGF002131	402	152.279	86	14.0054
RCHGF002132	585	312.764	165	13.0829
RCHGF002133	912	636.475	574	22.3649
RCHGF002134	2379	2103.46	1579	18.6159
RCHGF002135	804	528.519	530	24.8686
RCHGF002136	912	636.475	402	15.6632
RCHGF002137	615	341.674	186	13.5001
RCHGF002138	1359	1083.46	702	16.068
RCHGF002139	126	13.9039	36	64.2101
RCHGF002140	237	50.9637	98	47.6872
RCHGF002141	138	16.4182	88	132.921
RCHGF002142	642	367.961	1514	102.038
RCHGF002143	699	423.948	180	10.5292
RCHGF002144	714	438.866	1732	97.8708
RCHGF002145	1188	912.462	2619	71.18
RCHGF002146	252	57.3505	409	176.857
RCHGF002147	2337	2061.46	1815	21.8343
RCHGF002148	951	675.462	688	25.2595
RCHGF002149	1254	978.462	817	20.7069
RCHGF002150	309	88.6722	1784	498.935
RCHGF002151	1044	768.462	11057	356.822
RCHGF002152	1920	1644.46	23496	354.329
RCHGF002153	441	183.503	5688	768.692
RCHGF002154	306	86.8087	7948	2270.55
RCHGF002155	594	321.487	4880	376.438
RCHGF002156	1749	1473.46	23726	399.321
RCHGF002157	1440	1164.46	16697	355.591
RCHGF002158	660	385.672	4882	313.918
RCHGF002159	1350	1074.46	5237	120.873
RCHGF002160	189	31.5735	352	276.475
RCHGF002162	1602	1326.46	2963	55.3954
RCHGF002164	1833	1557.46	13823	220.101
RCHGF002165	1311	1035.46	11857	283.973
RCHGF002166	585	312.764	900	71.3612
RCHGF002167	540	270.65	365	33.4443
RCHGF002168	753	477.63	1967	102.129
RCHGF002169	1230	954.462	85	2.2085
RCHGF002170	1089	813.462	1291	39.3574
RCHGF002171	414	161.5	1959	300.815
RCHGF002172	288	76.3391	163	52.9514
RCHGF002173	150	19.3094	61	78.3425
RCHGF002174	531	262.353	80	7.56209
RCHGF002175	1575	1299.46	648	12.3665
RCHGF002176	846	570.481	355	15.4321
RCHGF002177	1893	1617.46	1580	24.2248
RCHGF002178	1629	1353.46	2164	39.6505
RCHGF002180	1701	1425.46	3072	53.4445
RCHGF002181	126	13.9039	88	156.958
RCHGF002183	429	173.583	1898	271.16
RCHGF002185	984	708.462	1923	67.3131
RCHGF002186	711	435.888	287	16.3284
RCHGF002187	204	37.5768	100	65.9959
RCHGF002188	222	44.8705	58	32.0556
RCHGF002189	438	181.036	160	21.9175
RCHGF002190	126	13.9039	30	53.5084
RCHGF002191	870	594.475	6273	261.685
RCHGF002192	1311	1035.46	5350	128.132
RCHGF002193	960	684.462	2286	82.8255
RCHGF002194	1404	1128.46	5671	124.626
RCHGF002195	1917	1641.46	7529	113.748
RCHGF002196	114	11.8869	1	2.08627
RCHGF002197	888	612.475	5378	217.756
RCHGF002198	183	29.3248	435	367.867
RCHGF002199	1902	1626.46	515	7.85236
RCHGF002200	747	471.63	175	9.20182
RCHGF002201	1005	729.462	161	5.47344
RCHGF002202	666	391.57	131	8.29657
RCHGF002203	2166	1890.46	887	11.6357
RCHGF002204	2166	1890.46	3085	40.4692
RCHGF002205	309	88.6722	66	18.4584
RCHGF002206	933	657.475	1511	56.9931
RCHGF002207	429	173.583	2251	321.592
RCHGF002208	1032	756.462	2119	69.4674
RCHGF002209	1572	1296.46	1085	20.7543
RCHGF002210	4344	4068.46	7189	43.8203
RCHGF002211	129	14.6121	6	10.183
RCHGF002212	390	143.063	564	97.7662
RCHGF002213	489	224.247	258	28.5318
RCHGF002214	615	341.674	322	23.3712
RCHGF002215	648	373.872	389	25.8026
RCHGF002216	486	221.561	239	26.7511
RCHGF002217	954	678.462	601	21.9678
RCHGF002218	1185	909.462	904	24.6502
RCHGF002219	696	420.969	582	34.2854
RCHGF002220	366	125.829	217	42.7679
RCHGF002221	198	35.0841	92	65.0302
RCHGF002222	780	504.545	1803	88.6202
RCHGF002224	1179	903.462	670	18.3909
RCHGF002225	705	429.91	372	21.4587
RCHGF002226	2169	1893.46	2884	37.7725
RCHGF002227	174	26.0868	597	567.532
RCHGF002228	1095	819.462	883	26.722
RCHGF002230	618	344.626	260.58	18.7513
RCHGF002231	368	127.113	568	110.814
RCHGF002233	852	576.481	3755	161.533
RCHGF002234	321	95.9856	5555	1435.21
RCHGF002235	126	13.9039	28	49.9412
RCHGF002236	1686	1410.46	1008	17.723
RCHGF002237	699	423.948	735	42.9944
RCHGF002238	1107	831.462	1448	43.188
RCHGF002239	1191	915.462	27413	742.597
RCHGF002240	1242	966.462	8733	224.087
RCHGF002241	1860	1584.46	1620	25.3554
RCHGF002242	390	143.063	50	8.66721
RCHGF002243	1525	1249.46	4469	88.7002
RCHGF002246	618	344.626	3181	228.904
RCHGF002247	189	31.5735	67	52.6246
RCHGF002248	372	129.932	471	89.8963
RCHGF002249	705	429.91	3766	217.24
RCHGF002250	243	53.2906	246	114.478
RCHGF002251	516	248.621	3085	307.719
RCHGF002252	549	279.003	1483	131.816
RCHGF002253	1518	1242.46	11527	230.075
RCHGF002254	837	561.481	6071	268.14
RCHGF002255	1398	1122.46	10088	222.88
RCHGF002256	390	143.063	1571	272.324
RCHGF002257	147	18.6506	26	34.5714
RCHGF002258	2811	2535.46	1012	9.8983
RCHGF002259	474	211.168	299	35.114
RCHGF002260	288	76.3391	6	1.94913
RCHGF002261	1344	1068.46	101	2.34423
RCHGF002262	174	26.0868	1	0.95064
RCHGF002263	987	711.462	85	2.96281
RCHGF002264	645	370.876	23	1.53793
RCHGF002265	1038	762.462	55	1.78888
RCHGF002266	1326	1050.46	1365	32.2247
RCHGF002267	780	504.545	252	12.3862
RCHGF002268	666	391.57	218	13.8065
RCHGF002269	444	186.018	51	6.79912
RCHGF002270	846	570.481	562	24.4305
RCHGF002271	195	33.9427	5	3.6531
RCHGF002272	213	41.1164	73	44.0296
RCHGF002273	195	33.9427	121	88.4049
RCHGF002274	408	156.946	665	105.077
RCHGF002275	1101	825.462	2588	77.7507
RCHGF002276	1353	1077.46	2767	63.6861
RCHGF002277	984	708.462	1537.61	53.823
RCHGF002279	1083	807.462	4255.66	130.702
RCHGF002280	120	12.9742	78	149.091
RCHGF002281	1815	1539.46	10622	171.11
RCHGF002282	135	15.7376	6	9.45475
RCHGF002283	426	171.163	414	59.9828
RCHGF002284	648	373.872	676	44.8395
RCHGF002285	1968	1692.46	567	8.30809
RCHGF002286	771	495.59	175	8.75694
RCHGF002287	993	717.462	224	7.74259
RCHGF002288	687	412.069	229	13.7817
RCHGF002289	555	284.689	432	37.6314
RCHGF002290	744	468.663	26335	1393.51
RCHGF002291	1176	900.462	26340	725.417
RCHGF002292	1578	1302.46	1612	30.6928
RCHGF002293	267	64.7597	7	2.68059
RCHGF002294	366	125.829	14	2.75922
RCHGF002295	114	11.8869	3	6.2588
RCHGF002296	228	47.1962	10	5.25448
RCHGF002297	1512	1236.46	7582	152.069
RCHGF002299	504	237.678	202	21.0766
RCHGF002300	912	636.475	595	23.1832
RCHGF002301	1800	1524.46	859	13.9738
RCHGF002302	711	435.888	348	19.7989
RCHGF002303	816	540.509	627	28.7675
RCHGF002304	750	474.63	653	34.1189
RCHGF002305	474	211.168	181	21.2563
RCHGF002306	393	145.414	81	13.8139
RCHGF002307	1161	885.462	770	21.5654
RCHGF002308	705	429.91	209	12.0561
RCHGF002309	735	459.69	216	11.6527
RCHGF002310	495	229.548	2578	278.513
RCHGF002311	126	13.9039	3	5.35084
RCHGF002312	813	537.519	1507	69.5274
RCHGF002313	1236	960.462	758	19.5716
RCHGF002314	657	382.695	368	23.8469
RCHGF002315	138	16.4182	69	104.222
RCHGF002316	546	276.169	787	70.6702
RCHGF002317	2274	1998.46	2183	27.0891
RCHGF002318	459	198.287	92	11.5062
RCHGF002319	771	495.59	434	21.7172
RCHGF002320	816	540.509	487	22.3441
RCHGF002321	966	690.462	645	23.1663
RCHGF002322	1002	726.462	622	21.2332
RCHGF002323	501	234.948	11	1.16107
RCHGF002324	1308	1032.46	94	2.25783
RCHGF002325	1515	1239.46	1703	34.0736
RCHGF002326	660	385.672	345	22.1839
RCHGF002327	1062	786.462	576	18.1628
RCHGF002328	1404	1128.46	415	9.12007
RCHGF002329	726	450.791	300	16.5038
RCHGF002330	687	412.069	484	29.1281
RCHGF002331	1227	951.462	754	19.6525
RCHGF002332	705	429.91	427	24.6313
RCHGF002333	417	163.873	59	8.92854
RCHGF002334	921	645.475	85	3.2657
RCHGF002335	960	684.462	35	1.26811
RCHGF002336	1383	1107.46	70	1.5675
RCHGF002337	855	579.481	48	2.05418
RCHGF002338	510	243.144	9	0.917943
RCHGF002339	891	615.475	509	20.509
RCHGF002340	648	373.872	35	2.32157
RCHGF002341	399	149.948	38	6.28463
RCHGF002342	411	159.19	6	0.9347
RCHGF002343	819	543.509	42	1.91637
RCHGF002344	762	486.63	99	5.04514
RCHGF002345	474	211.168	22	2.58364
RCHGF002346	1020	744.462	86	2.86479
RCHGF002347	2088	1812.46	910	12.4512
RCHGF002348	162	22.1849	8	8.94272
RCHGF002349	843	567.481	365	15.9507
RCHGF002350	1458	1182.46	153	3.20879
RCHGF002351	633	359.213	43	2.96861
RCHGF002352	1086	810.462	33	1.00976
RCHGF002353	1026	750.462	62	2.0488
RCHGF002354	1248	972.462	146	3.72321
RCHGF002355	1443	1167.46	226	4.80068
RCHGF002356	654	379.699	24	1.56751
RCHGF002357	1437	1161.46	152	3.24546
RCHGF002358	336	105.619	1	0.234799
RCHGF002359	1251	975.462	73	1.85588
RCHGF002360	312	90.3774	159	43.6289
RCHGF002361	1926	1650.46	491	7.37756
RCHGF002362	828	552.509	232	10.4132
RCHGF002363	147	18.6506	1272	1691.34
RCHGF002364	174	26.0868	1340	1273.86
RCHGF002365	144	17.8758	1	1.38731
RCHGF002366	114	11.8869	23	47.9841
RCHGF002367	564	293.201	67	5.66692
RCHGF002368	762	486.63	188	9.58068
RCHGF002369	870	594.475	108	4.50534
RCHGF002370	1911	1635.46	510	7.73333
RCHGF002371	690	415.048	241	14.3998
RCHGF002372	117	12.4744	3	5.96403
RCHGF002373	1359	1083.46	371	8.49175
RCHGF002374	327	99.8377	111	27.5718
RCHGF002375	522	254.15	573	55.9115
RCHGF002376	1062	786.462	169	5.329
RCHGF002377	1089	813.462	148	4.51192
RCHGF002378	1461	1185.46	88	1.84091
RCHGF002379	1803	1527.46	120	1.94826
RCHGF002380	327	99.8377	40	9.93579
RCHGF002381	318	94.0415	42	11.0756
RCHGF002382	1092	816.462	84	2.55141
RCHGF002383	954	678.462	212	7.74903
RCHGF002384	1107	831.462	275	8.20215
RCHGF002385	741	465.663	242	12.8879
RCHGF002386	1095	819.462	2187	66.1846
RCHGF002388	1371	1095.46	1714	38.8017
RCHGF002389	1197	921.462	3038	81.7612
RCHGF002390	819	543.509	884	40.3351
RCHGF002391	879	603.475	3794	155.91
RCHGF002392	717	441.822	1881	105.579
RCHGF002393	690	415.048	556	33.221
RCHGF002394	369	127.861	705	136.737
RCHGF002395	1185	909.462	1518	41.3928
RCHGF002396	2010	1734.46	2961	42.3361
RCHGF002397	606	332.934	1216	90.5758
RCHGF002398	117	12.4744	265	526.822
RCHGF002399	519	251.391	432	42.6158
RCHGF002400	834	558.481	6475	287.52
RCHGF002401	606	332.934	299	22.2715
RCHGF002402	1224	948.462	314	8.21007
RCHGF002403	486	221.561	94	10.5213
RCHGF002404	1155	879.462	115	3.24278
RCHGF002405	486	221.561	1519	170.02
RCHGF002406	1167	891.462	7879	219.182
RCHGF002407	900	624.475	1778	70.608
RCHGF002408	1374	1098.46	246	5.55376
RCHGF002409	1485	1209.46	282	5.78221
RCHGF002410	813	537.519	337	15.5479
RCHGF002411	1116	840.462	271	7.99629
RCHGF002412	630	356.288	88	6.12517
RCHGF002413	117	12.4744	1	1.98801
RCHGF002414	621	347.518	65	4.63845
RCHGF002415	1008	732.462	119	4.02902
RCHGF002416	630	356.288	51	3.54982
RCHGF002417	666	391.57	92	5.8266
RCHGF002418	2076	1800.46	326	4.49025
RCHGF002419	996	720.462	82	2.82254
RCHGF002420	669	394.468	94	5.90953
RCHGF002421	1377	1101.46	154	3.46728
RCHGF002422	282	72.9894	22	7.47481
RCHGF002423	282	72.9894	13	4.41693
RCHGF002424	462	200.868	43	5.30879
RCHGF002425	147	18.6506	3	3.98901
RCHGF002426	591	318.57	188	14.6349
RCHGF002427	201	36.3862	213	145.171
RCHGF002428	945	669.462	2484.87	92.048
RCHGF002429	1482	1206.46	587	12.066
RCHGF002430	891	615.475	295	11.8864
RCHGF002431	372	129.932	73	13.933
RCHGF002432	1062	786.462	927	29.2307
RCHGF002433	528	259.651	119	11.3656
RCHGF002434	543	273.393	47	4.26332
RCHGF002435	774	498.59	602	29.9426
RCHGF002436	1323	1047.46	103	2.43857
RCHGF002437	1572	1296.46	114	2.18063
RCHGF002438	303	84.9008	29	8.47078
RCHGF002439	117	12.4744	7	13.9161
RCHGF002440	309	88.6722	78	21.8144
RCHGF002441	534	265.14	869	81.2795
RCHGF002442	519	251.391	15	1.47972
RCHGF002443	168	24.1463	6	6.16222
RCHGF002444	189	31.5735	15	11.7816
RCHGF002445	1971	1695.46	4135	60.4818
RCHGF002447	123	13.2708	5	9.34348
RCHGF002448	1251	975.462	1001	25.4484
RCHGF002449	237	50.9637	100	48.6604
RCHGF002450	1056	780.462	119	3.78122
RCHGF002451	1719	1443.46	205	3.52197
RCHGF002452	300	83.1851	12	3.57744
RCHGF002453	588	315.676	1077	84.608
RCHGF002454	858	582.475	2438	103.799
RCHGF002455	318	94.0415	194	51.1586
RCHGF002456	324	97.8974	574	145.404
RCHGF002457	195	33.9427	36	26.3023
RCHGF002458	792	516.53	912	43.7861
RCHGF002459	513	245.938	212	21.377
RCHGF002460	606	332.934	889	66.2187
RCHGF002461	1482	1206.46	4009	82.4061
RCHGF002462	309	88.6722	488	136.48
RCHGF002463	693	417.994	247	14.6543
RCHGF002464	927	651.475	622	23.6772
RCHGF002465	393	145.414	99	16.8837
RCHGF002466	798	522.519	144	6.83435
RCHGF002467	984	708.462	152	5.32064
RCHGF002468	714	438.866	45	2.54283
RCHGF002469	813	537.519	88	4.06
RCHGF002470	747	471.63	64	3.36524
RCHGF002471	465	203.457	22	2.68156
RCHGF002472	744	468.663	51	2.69865
RCHGF002473	729	453.791	71	3.88007
RCHGF002474	957	681.462	177	6.44123
RCHGF002475	852	576.481	101	4.34484
RCHGF002476	180	28.0327	3	2.65395
RCHGF002477	276	69.6018	235	83.7306
RCHGF002478	1422	1146.46	528	11.4212
RCHGF002479	456	195.876	314	39.7543
RCHGF002480	2031	1755.46	776	10.9624
RCHGF002481	597	324.406	105	8.02672
RCHGF002482	867	591.475	36667	1537.36
RCHGF002483	126	13.9039	7	12.4853
RCHGF002484	318	94.0415	145	38.2371
RCHGF002485	120	12.9742	14	26.7599
RCHGF002487	1449	1173.46	1158	24.4724
RCHGF002489	1064	788.462	126	3.96303
RCHGF002491	798	522.519	72	3.41717
RCHGF002492	1851	1575.46	130	2.04632
RCHGF002493	354	117.555	9	1.89861
RCHGF002494	537	267.85	40	3.70345
RCHGF002495	546	276.169	48	4.31025
RCHGF002496	402	152.279	26	4.23419
RCHGF002497	381	136.409	40	7.27203
RCHGF002498	387	140.904	9	1.58401
RCHGF002500	624	350.476	710.502	50.274
RCHGF002501	291	77.9832	245.91	78.201
RCHGF002502	114	11.8869	58	121.004
RCHGF002503	2013	1737.46	483	6.89396
RCHGF002504	234	49.6324	3	1.49897
RCHGF002505	759	483.63	275	14.1012
RCHGF002506	534	265.14	337	31.5204
RCHGF002507	1227	951.462	558	14.5439
RCHGF002508	177	27.0367	19	17.4276
RCHGF002509	270	66.2752	84	31.4315
RCHGF002510	384	138.713	248	44.3376
RCHGF002511	918	642.475	581	22.4263
RCHGF002512	1638	1362.46	1870	34.0372
RCHGF002513	717	441.822	625	35.0808
RCHGF002515	1695	1419.46	1085	18.9558
RCHGF002516	1263	987.462	2059	51.7098
RCHGF002517	492	226.871	317	34.6511
RCHGF002518	1077	801.462	2337	72.3124
RCHGF002519	1149	873.462	3986	113.17
RCHGF002520	156	20.7604	40	47.7816
RCHGF002522	411	159.19	45	7.01025
RCHGF002523	1083	807.462	393	12.07
RCHGF002524	465	203.457	73	8.89791
RCHGF002526	1317	1041.46	1070	25.4787
RCHGF002527	1104	828.462	3335	99.8298
RCHGF002529	237	50.9637	52	25.3034
RCHGF002530	417	163.873	15	2.26997
RCHGF002531	339	107.589	8	1.844
RCHGF002532	219	43.6432	33	18.7514
RCHGF002533	618	344.626	143.42	10.3205
RCHGF002534	1140	864.462	62	1.77862
RCHGF002535	204	37.5768	2	1.31992
RCHGF002536	1191	915.462	1881	50.9549
RCHGF002537	1170	894.462	1277	35.4051
RCHGF002538	1374	1098.46	457	10.3174
RCHGF002539	627	353.381	186	13.0529
RCHGF002540	1926	1650.46	799	12.0054
RCHGF002541	1926	1650.46	611	9.18064
RCHGF002542	1179	903.462	1764	48.4201
RCHGF002543	909	633.475	6699	262.251
RCHGF002544	450	190.943	467	60.6526
RCHGF002545	615	341.674	559	40.573
RCHGF002546	597	324.406	299	22.857
RCHGF002547	1944	1668.46	250	3.71587
RCHGF002548	114	11.8869	11	22.9489
RCHGF002549	1245	969.462	466	11.9204
RCHGF002550	2163	1887.46	1139	14.9652
RCHGF002551	2070	1794.46	1120	15.4782
RCHGF002552	594	321.487	349	26.9215
RCHGF002553	39	15.7143	0	0
RCHGF002554	3486	3210.46	7150	55.2301
RCHGF002555	804	528.519	107	5.02065
RCHGF002556	693	417.994	58	3.44108
RCHGF002557	1287	1011.46	190	4.65845
RCHGF002558	1413	1137.46	214	4.66567
RCHGF002559	300	83.1851	11	3.27932
RCHGF002560	480	216.387	30	3.43816
RCHGF002561	111	11.6813	0	0
RCHGF002562	690	415.048	300	17.925
RCHGF002563	165	23.1808	49	52.421
RCHGF002564	234	49.6324	575	287.303
RCHGF002565	825	549.509	837	37.7736
RCHGF002566	1026	750.462	762	25.1804
RCHGF002567	774	498.59	163	8.10739
RCHGF002568	462	200.868	743	91.7309
RCHGF002569	2055	1779.46	1104	15.3857
RCHGF002570	876	600.475	191	7.88816
RCHGF002571	465	203.457	92	11.2138
RCHGF002572	1911	1635.46	839	12.7221
RCHGF002573	321	95.9856	66	17.052
RCHGF002574	1284	1008.46	162	3.98375
RCHGF002575	336	105.619	22	5.16557
RCHGF002576	1449	1173.46	516	10.9048
RCHGF002577	1509	1233.46	2082	41.8593
RCHGF002578	690	415.048	921	55.0298
RCHGF002579	1302	1026.46	844	20.3909
RCHGF002580	675	400.385	182	11.2728
RCHGF002581	1305	1029.46	483	11.6352
RCHGF002582	975	699.462	655	23.2228
RCHGF002583	147	18.6506	22141	29440.2
RCHGF002584	456	195.876	606	76.7233
RCHGF002585	309	88.6722	1007	281.63
RCHGF002586	456	195.876	422	53.4278
RCHGF002587	225	45.9962	59	31.8103
RCHGF002588	669	394.468	190	11.9448
RCHGF002589	288	76.3391	16	5.19768
RCHGF002590	1068	792.462	148	4.63149
RCHGF002591	777	501.555	246	12.1634
RCHGF002592	168	24.1463	13	13.3515
RCHGF002593	435	178.638	117	16.2424
RCHGF002594	906	630.475	565	22.2238
RCHGF002595	2418	2142.46	1103	12.7673
RCHGF002596	114	11.8869	21	43.8116
RCHGF002597	1278	1002.46	652	16.1293
RCHGF002598	1050	774.462	116	3.71445
RCHGF002599	312	90.3774	5	1.37198
RCHGF002600	477	213.826	20	2.31956
RCHGF002601	1917	1641.46	160	2.41728
RCHGF002602	609	335.783	80	5.90838
RCHGF002603	759	483.63	753	38.6117
RCHGF002604	192	32.755	26	19.6849
RCHGF002605	660	385.672	35855	2305.52
RCHGF002606	696	420.969	18867	1111.45
RCHGF002607	1734	1458.46	229039	3894.5
RCHGF002608	1623	1347.46	77048	1418.02
RCHGF002609	2346	2070.46	1235	14.7923
RCHGF002610	723	447.795	56	3.10131
RCHGF002611	1311	1035.46	84	2.01179
RCHGF002612	759	483.63	173	8.87095
RCHGF002613	1422	1146.46	490	10.5992
RCHGF002614	666	391.57	149	9.43655
RCHGF002615	132	15.0955	19	31.2135
RCHGF002616	933	657.475	375.095	14.1481
RCHGF002617	480	216.387	425	48.7073
RCHGF002618	138	16.4182	245	370.065
RCHGF002619	201	36.3862	265	180.612
RCHGF002620	111	11.6813	7	14.8609
RCHGF002621	417	163.873	656	99.2732
RCHGF002622	111	11.6813	4	8.49193
RCHGF002623	894	618.475	250	10.0243
RCHGF002624	2268	1992.46	1833	22.8144
RCHGF002625	747	471.63	199	10.4638
RCHGF002626	351	115.59	19	4.07636
RCHGF002627	177	27.0367	11	10.0897
RCHGF002628	1182	906.462	54526	1491.73
RCHGF002629	597	324.406	27	2.06401
RCHGF002630	264	63.142	41	16.1029
RCHGF002631	1611	1335.46	785	14.5772
RCHGF002632	1212	936.462	59	1.56242
RCHGF002633	465	203.457	13	1.58456
RCHGF002634	1203	927.462	32	0.85564
RCHGF002635	633	359.213	9	0.621338
RCHGF002636	1098	822.462	36	1.08548
RCHGF002638	225	45.9962	29	15.6356
RCHGF002639	561	290.322	148	12.6421
RCHGF002640	618	344.626	181	13.0247
RCHGF002641	288	76.3391	432	140.337
RCHGF002642	783	507.545	550	26.8735
RCHGF002643	2352	2076.46	700	8.36009
RCHGF002645	1398	1122.46	536	11.8421
RCHGF002646	1995	1719.46	3041	43.8592
RCHGF002647	792	516.53	258	12.3869
RCHGF002648	147	18.6506	169	224.714
RCHGF002649	2316	2040.46	1835	22.302
RCHGF002650	771	495.59	374	18.7148
RCHGF002651	1314	1038.46	1353	32.3105
RCHGF002652	816	540.509	1367	62.7195
RCHGF002653	483	218.937	219	24.8063
RCHGF002654	141	17.1823	3	4.32989
RCHGF002655	387	140.904	1992	350.593
RCHGF002656	1023	747.462	2810	93.2297
RCHGF002657	435	178.638	2487	345.255
RCHGF002658	2577	2301.46	11488	123.788
RCHGF002659	624	350.476	531	37.5728
RCHGF002660	357	119.633	924	191.54
RCHGF002661	1152	876.462	1677	47.4501
RCHGF002662	1344	1068.46	1789	41.523
RCHGF002663	531	262.353	888	83.9392
RCHGF002664	906	630.475	713	28.0452
RCHGF002665	942	666.462	754	28.0565
RCHGF002666	618	344.626	2076	149.388
RCHGF002667	1035	759.462	193	6.30215
RCHGF002668	849	573.481	289	12.4973
RCHGF002669	159	21.3526	0	0
RCHGF002670	321	95.9856	16	4.13381
RCHGF002671	324	97.8974	189	47.8771
RCHGF002672	759	483.63	122	6.25581
RCHGF002673	717	441.822	270	15.1549
RCHGF002674	621	347.518	100	7.13608
RCHGF002675	609	335.783	92	6.79464
RCHGF002676	1032	756.462	234	7.67125
RCHGF002677	1281	1005.46	266	6.56074
RCHGF002678	630	356.288	138	9.60539
RCHGF002679	1122	846.462	458	13.4182
RCHGF002681	336	105.619	123	28.8802
RCHGF002682	354	117.555	91	19.1971
RCHGF002683	726	450.791	286	15.7336
RCHGF002684	249	55.9504	61	27.0373
RCHGF002685	1323	1047.46	1999	47.3273
RCHGF002686	813	537.519	788	36.3554
RCHGF002687	114	11.8869	32	66.7606
RCHGF002688	597	324.406	191	14.601
RCHGF002689	1902	1626.46	17709	270.015
RCHGF002690	1203	927.462	9957	266.238
RCHGF002691	123	13.2708	11	20.5557
RCHGF002692	1125	849.462	411	11.9987
RCHGF002693	159	21.3526	16	18.5826
RCHGF002694	2169	1893.46	1226	16.0572
RCHGF002695	864	588.475	1179	49.6847
RCHGF002696	153	20.037	273	337.884
RCHGF002697	1152	876.462	19130	541.276
RCHGF002698	1569	1293.46	9806	188.008
RCHGF002699	708	432.897	676	38.7257
RCHGF002700	1524	1248.46	1964	39.0125
RCHGF002701	573	301.501	46	3.78361
RCHGF002702	168	24.1463	27	27.73
RCHGF002703	426	171.163	187	27.0937
RCHGF002704	174	26.0868	35	33.2724
RCHGF002705	567	296.01	402	33.6788
RCHGF002706	129	14.6121	117	198.568
RCHGF002707	1830	1554.46	1003	16.0014
RCHGF002708	2139	1863.46	922	12.2701
RCHGF002709	708	432.897	178	10.197
RCHGF002710	648	373.872	64	4.24516
RCHGF002711	126	13.9039	0	0
RCHGF002712	162	22.1849	4	4.47136
RCHGF002713	774	498.59	555	27.6049
RCHGF002714	2310	2034.46	2614	31.8635
RCHGF002715	456	195.876	107	13.5469
RCHGF002716	765	489.63	332	16.8154
RCHGF002717	489	224.247	1223	135.25
RCHGF002718	114	11.8869	31	64.6743
RCHGF002719	495	229.548	145	15.665
RCHGF002720	885	609.475	1586	64.5334
RCHGF002721	144	17.8758	13	18.035
RCHGF002722	654	379.699	138	9.01316
RCHGF002723	693	417.994	197	11.6878
RCHGF002724	1326	1050.46	716	16.9032
RCHGF002725	384	138.713	630	112.632
RCHGF002726	1278	1002.46	969	23.9714
RCHGF002727	189	31.5735	121	95.0384
RCHGF002728	1053	777.462	550	17.5437
RCHGF002729	150	19.3094	11	14.1273
RCHGF002730	1239	963.462	851	21.9044
RCHGF002731	171	25.1477	0	0
RCHGF002732	765	489.63	581	29.427
RCHGF002733	141	17.1823	17	24.5361
RCHGF002734	921	645.475	86	3.30412
RCHGF002735	819	543.509	403	18.388
RCHGF002736	510	243.144	538	54.8726
RCHGF002737	126	13.9039	108	192.63
RCHGF002738	306	86.8087	683	195.117
RCHGF002739	312	90.3774	306	83.9651
RCHGF002740	1614	1338.46	618	11.4504
RCHGF002741	147	18.6506	2	2.65934
RCHGF002742	3231	2955.46	3855	32.3472
RCHGF002743	120	12.9742	5	9.55712
RCHGF002744	1491	1215.46	3051	62.2498
RCHGF002745	513	245.938	538	54.2491
RCHGF002746	1020	744.462	7170	238.844
RCHGF002747	651	376.756	6786	446.675
RCHGF002748	1749	1473.46	6705	112.849
RCHGF002749	1512	1236.46	646	12.9565
RCHGF002750	1473	1197.46	373	7.72475
RCHGF002751	978	702.462	255	9.00232
RCHGF002752	1566	1290.46	2901	55.7493
RCHGF002753	1698	1422.46	20978	365.73
RCHGF002754	192	32.755	337	255.146
RCHGF002755	981	705.462	8584	301.754
RCHGF002756	996	720.462	7384	254.166
RCHGF002757	912	636.475	4107	160.022
RCHGF002758	978	702.462	5141	181.494
RCHGF002759	1698	1422.46	104205	1816.71
RCHGF002760	1203	927.462	14447	386.295
RCHGF002761	348	113.518	307	67.0671
RCHGF002762	1416	1140.46	1821	39.5974
RCHGF002763	1065	789.462	359	11.2772
RCHGF002764	996	720.462	1023	35.2129
RCHGF002765	1863	1587.46	2343	36.6021
RCHGF002766	1290	1014.46	2152	52.607
RCHGF002767	834	558.481	735	32.6374
RCHGF002768	957	681.462	393.038	14.3031
RCHGF002769	216	42.4381	8399	4908.05
RCHGF002770	330	101.65	11259	2746.82
RCHGF002771	321	95.9856	820	211.858
RCHGF002772	621	347.518	632	45.1
RCHGF002773	1380	1104.46	3606	80.9677
RCHGF002775	414	161.5	157	24.1082
RCHGF002776	189	31.5735	1008	791.725
RCHGF002777	726	450.791	8324	457.925
RCHGF002778	672	397.44	3656	228.124
RCHGF002779	567	296.01	374	31.333
RCHGF002780	1104	828.462	1230	36.8188
RCHGF002781	153	20.037	43	53.2198
RCHGF002782	921	645.475	579	22.2452
RCHGF002783	585	312.764	120	9.51483
RCHGF002784	951	675.462	137	5.02987
RCHGF002785	1548	1272.46	6649	129.583
RCHGF002786	129	14.6121	2	3.39433
RCHGF002787	900	624.475	2138	84.9043
RCHGF002788	777	501.555	645	31.8917
RCHGF002789	633	359.213	366	25.2677
RCHGF002790	873	597.475	1141	47.359
RCHGF002791	144	17.8758	284	393.995
RCHGF002792	1833	1557.46	15134	240.976
RCHGF002793	822	546.509	695	31.5373
RCHGF002794	1317	1041.46	4315	102.748
RCHGF002795	969	693.462	3474	124.235
RCHGF002796	117	12.4744	40	79.5204
RCHGF002797	999	723.462	17638	604.604
RCHGF002798	690	415.048	20361	1216.57
RCHGF002799	180	28.0327	1	0.884651
RCHGF002800	561	290.322	843	72.0087
RCHGF002801	786	510.53	3132	152.138
RCHGF002802	360	121.658	2608	531.622
RCHGF002803	339	107.589	489	112.714
RCHGF002804	120	12.9742	8	15.2914
RCHGF002805	1779	1503.46	5545	91.4632
RCHGF002806	1728	1452.46	4542	77.5496
RCHGF002807	813	537.519	313	14.4407
RCHGF002808	891	615.475	641	25.8276
RCHGF002809	465	203.457	105	12.7984
RCHGF002810	657	382.695	135	8.74819
RCHGF002811	1422	1146.46	248	5.3645
RCHGF002812	999	723.462	139	4.76471
RCHGF002813	156	20.7604	7	8.36177
RCHGF002814	1932	1656.46	812	12.1566
RCHGF002815	960	684.462	595.94	21.5919
RCHGF002816	129	14.6121	16	27.1546
RCHGF002817	267	64.7597	122	46.7188
RCHGF002818	555	284.689	48	4.18127
RCHGF002819	501	234.948	322	33.9877
RCHGF002820	537	267.85	481	44.5339
RCHGF002821	300	83.1851	518	154.426
RCHGF002822	264	63.142	2114	830.279
RCHGF002823	141	17.1823	115	165.979
RCHGF002824	336	105.619	38	8.92235
RCHGF002825	300	83.1851	162	48.2955
RCHGF002826	690	415.048	648	38.718
RCHGF002827	819	543.509	408	18.6162
RCHGF002828	843	567.481	164	7.16687
RCHGF002829	774	498.59	291	14.4739
RCHGF002830	420	166.299	1610	240.089
RCHGF002831	276	69.6018	180	64.1341
RCHGF002832	195	33.9427	18	13.1511
RCHGF002834	540	270.65	143	13.1028
RCHGF002835	460	199.167	172	21.4164
RCHGF002837	876	600.475	87	3.59303
RCHGF002838	720	444.8	64	3.56823
RCHGF002839	1131	855.462	142	4.11647
RCHGF002840	1011	735.462	200	6.74383
RCHGF002841	294	79.7788	122	37.9236
RCHGF002842	171	25.1477	3	2.95842
RCHGF002843	642	367.961	34	2.29147
RCHGF002844	1968	1692.46	222	3.2529
RCHGF002845	396	147.701	37	6.21233
RCHGF002846	609	335.783	29	2.14179
RCHGF002847	720	444.8	92	5.12933
RCHGF002848	507	240.385	70	7.22151
RCHGF002849	120	12.9742	68	129.977
RCHGF002850	1290	1014.46	331	8.09151
RCHGF002851	1245	969.462	785	20.0806
RCHGF002852	777	501.555	685	33.8695
RCHGF002853	2166	1890.46	1005	13.1836
RCHGF002854	189	31.5735	3	2.35632
RCHGF002855	174	26.0868	18	17.1115
RCHGF002856	342	109.649	298	67.3979
RCHGF002857	651	376.756	2594	170.745
RCHGF002858	1785	1509.46	1793	29.4575
RCHGF002859	603	330.017	927	69.6594
RCHGF002860	141	17.1823	27	38.9691
RCHGF002861	1377	1101.46	202	4.54798
RCHGF002862	672	397.44	367	22.8998
RCHGF002863	1149	873.462	2597	73.7335
RCHGF002864	120	12.9742	2	3.82285
RCHGF002865	762	486.63	165	8.40857
RCHGF002866	363	123.709	18	3.60835
RCHGF002867	771	495.59	80	4.00317
RCHGF002868	642	367.961	255	17.186
RCHGF002869	279	71.3231	28	9.73564
RCHGF002870	195	33.9427	13	9.49805
RCHGF002871	459	198.287	292	36.5196
RCHGF002872	249	55.9504	136	60.2799
RCHGF002873	150	19.3094	15	19.2645
RCHGF002874	522	254.15	117	11.4165
RCHGF002875	114	11.8869	2	4.17253
RCHGF002876	387	140.904	88	15.4881
RCHGF002877	111	11.6813	77	163.47
RCHGF002878	444	186.018	66	8.79886
RCHGF002879	351	115.59	33	7.07999
RCHGF002880	255	58.7948	27	11.3884
RCHGF002881	156	20.7604	24	28.6689
RCHGF002882	267	64.7597	268	102.628
RCHGF002883	453	193.491	333	42.6796
RCHGF002884	354	117.555	17	3.58627
RCHGF002885	324	97.8974	17	4.3064
RCHGF002886	162	22.1849	9	10.0606
RCHGF002887	441	183.503	66	8.91942
RCHGF002888	375	132.264	23	4.31243
RCHGF002889	126	13.9039	17	30.3214
RCHGF002890	123	13.2708	4	7.47479
RCHGF002891	1338	1062.46	2653	61.9243
RCHGF002892	2868	2592.46	2346	22.4415
RCHGF002893	2349	2073.46	2244	26.8388
RCHGF002894	2010	1734.46	1958	27.9953
RCHGF002895	1743	1467.46	1938	32.751
RCHGF002896	1806	1530.46	639	10.3542
RCHGF002897	678	403.272	604	37.1429
RCHGF002898	177	27.0367	7779	7135.22
RCHGF002899	792	516.53	1272	61.0701
RCHGF002900	1368	1092.46	1588	36.048
RCHGF002901	111	11.6813	18	38.2137
RCHGF002902	1512	1236.46	4478	89.8133
RCHGF002903	906	630.475	1235	48.5776
RCHGF002904	1929	1653.46	1848	27.7169
RCHGF002905	2220	1944.46	4865	62.047
RCHGF002906	1737	1461.46	166	2.81681
RCHGF002907	669	394.468	35	2.20036
RCHGF002908	702	426.927	39	2.26542
RCHGF002909	1110	834.462	905	26.8955
RCHGF002910	597	324.406	1979	151.284
RCHGF002911	273	67.8707	283	103.405
RCHGF002912	687	412.069	4585	275.935
RCHGF002913	135	15.7376	46	72.4864
RCHGF002914	177	27.0367	6	5.50345
RCHGF002915	246	54.5582	1046	475.454
RCHGF002916	555	284.689	382	33.2759
RCHGF002917	180	28.0327	27	23.8856
RCHGF002918	762	486.63	1227	62.5292
RCHGF002919	306	86.8087	1989	568.209
RCHGF002920	510	243.144	176	17.9509
RCHGF002921	660	385.672	126	8.10195
RCHGF002922	780	504.545	977	48.021
RCHGF002923	318	94.0415	1318	347.562
RCHGF002924	216	42.4381	379	221.473
RCHGF002925	657	382.695	1856	120.271
RCHGF002926	699	423.948	3102	181.454
RCHGF002927	270	66.2752	594	222.266
RCHGF002928	906	630.475	4976	195.726
RCHGF002929	1584	1308.46	4205	79.697
RCHGF002930	783	507.545	1906	93.1291
RCHGF002931	975	699.462	1862	66.0165
RCHGF002932	597	324.406	854	65.284
RCHGF002933	711	435.888	3669	208.742
RCHGF002934	1053	777.462	3686	117.575
RCHGF002935	1101	825.462	533	16.0128
RCHGF002936	1068	792.462	592	18.5259
RCHGF002937	1134	858.462	3700	106.885
RCHGF002938	2376	2100.46	5195	61.3349
RCHGF002939	681	406.159	2265	138.296
RCHGF002940	675	400.385	944	58.4698
RCHGF002941	1395	1119.46	1312	29.0644
RCHGF002942	186	30.3688	36	29.3976
RCHGF002943	534	265.14	11807	1104.34
RCHGF002944	231	48.2923	358	183.841
RCHGF002945	114	11.8869	0	0
RCHGF002946	2091	1815.46	4217	57.6041
RCHGF002947	1671	1395.46	1034	18.3755
RCHGF002948	129	14.6121	4	6.78865
RCHGF002949	1665	1389.46	999	17.8302
RCHGF002950	471	208.679	254	30.185
RCHGF002951	474	211.168	381	44.7439
RCHGF002952	522	254.15	84	8.19645
RCHGF002953	1200	924.462	2601	69.7732
RCHGF002954	1647	1371.46	2319	41.9328
RCHGF002955	729	453.791	793	43.3366
RCHGF002956	738	462.663	4718	252.889
RCHGF002957	324	97.8974	1618	409.868
RCHGF002958	342	109.649	1883	425.874
RCHGF002959	435	178.638	483	67.0519
RCHGF002960	963	687.462	1716	61.9022
RCHGF002961	858	582.475	1768	75.2735
RCHGF002962	132	15.0955	12	19.7138
RCHGF002963	699	423.948	6573	384.493
RCHGF002964	750	474.63	642	33.5442
RCHGF002965	825	549.509	788	35.5622
RCHGF002966	444	186.018	252	33.5957
RCHGF002967	1197	921.462	633	17.0358
RCHGF002968	114	11.8869	3	6.2588
RCHGF002969	1698	1422.46	19501	339.98
RCHGF002970	1692	1416.46	3601	63.0457
RCHGF002971	1227	951.462	2215	57.7324
RCHGF002972	891	615.475	563	22.6848
RCHGF002973	1395	1119.46	13345	295.629
RCHGF002974	1293	1017.46	137415	3349.29
RCHGF002975	1470	1194.46	1901	39.4682
RCHGF002976	2256	1980.46	1476	18.4823
RCHGF002977	609	335.783	228	16.8389
RCHGF002978	1983	1707.46	762	11.0673
RCHGF002979	861	585.475	1000	42.3573
RCHGF002980	117	12.4744	5	9.94005
RCHGF002981	495	229.548	238	25.7122
RCHGF002982	693	417.994	280	16.6121
RCHGF002983	525	256.946	2464	237.813
RCHGF002984	120	12.9742	163	311.562
RCHGF002985	216	42.4381	71	41.4897
RCHGF002986	231	48.2923	541	277.815
RCHGF002987	1005	729.462	1119	38.0421
RCHGF002988	561	290.322	4575	390.794
RCHGF002989	285	74.6309	32	10.6333
RCHGF002990	1362	1086.46	1863	42.5241
RCHGF002991	1170	894.462	1213	33.6307
RCHGF002992	882	606.475	1556	63.6259
RCHGF002993	213	41.1164	63	37.9981
RCHGF002994	528	259.651	1966	187.772
RCHGF002995	159	21.3526	9	10.4527
RCHGF002996	993	717.462	163	5.63412
RCHGF002997	357	119.633	371	76.906
RCHGF002998	111	11.6813	20	42.4596
RCHGF002999	1200	924.462	2514	67.4393
RCHGF003000	762	486.63	562	28.6401
RCHGF003001	213	41.1164	684	412.551
RCHGF003002	567	296.01	3922	328.578
RCHGF003003	573	301.501	4238	348.586
RCHGF003004	249	55.9504	888	393.592
RCHGF003005	870	594.475	702	29.2847
RCHGF003006	540	270.65	1268	116.185
RCHGF003007	744	468.663	19954	1055.86
RCHGF003008	2031	1755.46	12738	179.948
RCHGF003009	585	312.764	8484	672.698
RCHGF003010	873	597.475	1085	45.0347
RCHGF003011	774	498.59	151	7.51052
RCHGF003012	729	453.791	280	15.3017
RCHGF003013	396	147.701	244	40.9678
RCHGF003014	390	143.063	365	63.2707
RCHGF003015	855	579.481	106	4.53632
RCHGF003016	786	510.53	44	2.13732
RCHGF003017	786	510.53	50	2.42877
RCHGF003018	1104	828.462	836	25.0248
RCHGF003019	702	426.927	72	4.18231
RCHGF003020	426	171.163	220	31.8749
RCHGF003021	1218	942.462	919	24.1818
RCHGF003022	915	639.475	1485	57.589
RCHGF003023	213	41.1164	62	37.395
RCHGF003024	888	612.475	1033	41.8263
RCHGF003025	1320	1044.46	1093	25.9516
RCHGF003026	114	11.8869	18	37.5528
RCHGF003027	2595	2319.46	4235	45.2797
RCHGF003028	2040	1764.46	1666	23.4153
RCHGF003029	156	20.7604	18	21.5017
RCHGF003030	1632	1356.46	1157	21.1526
RCHGF003031	417	163.873	443	67.0397
RCHGF003032	1203	927.462	507	13.5565
RCHGF003033	747	471.63	699	36.7547
RCHGF003034	1209	933.462	754	20.0314
RCHGF003035	3504	3228.46	188872	1450.8
RCHGF003036	7287	7011.46	220338	779.324
RCHGF003037	132	15.0955	283	464.917
RCHGF003038	804	528.519	2845	133.493
RCHGF003039	462	200.868	1146	141.485
RCHGF003040	657	382.695	1193	77.3081
RCHGF003041	306	86.8087	798	227.969
RCHGF003042	2340	2064.46	1109	13.3218
RCHGF003043	849	573.481	403	17.427
RCHGF003044	768	492.63	300	15.1021
RCHGF003045	318	94.0415	217	57.2238
RCHGF003046	459	198.287	3765	470.878
RCHGF003047	882	606.475	523	21.3858
RCHGF003048	1755	1479.46	14238	238.661
RCHGF003049	465	203.457	8490	1034.84
RCHGF003050	111	11.6813	7	14.8609
RCHGF003051	132	15.0955	28	45.9988
RCHGF003052	198	35.0841	24439.7	17275.2
RCHGF003053	399	149.948	995	164.558
RCHGF003054	1311	1035.46	570	13.6514
RCHGF003055	111	11.6813	1	2.12298
RCHGF003056	723	447.795	204	11.2976
RCHGF003057	306	86.8087	2433	695.05
RCHGF003058	873	597.475	254	10.5427
RCHGF003059	480	216.387	330	37.8198
RCHGF003060	855	579.481	819	35.0495
RCHGF003061	720	444.8	9852	549.284
RCHGF003062	918	642.475	1354	52.2636
RCHGF003063	117	12.4744	6	11.9281
RCHGF003064	861	585.475	1368	57.9448
RCHGF003065	783	507.545	238	11.6289
RCHGF003066	1137	861.462	6196	178.366
RCHGF003067	1197	921.462	6337	170.547
RCHGF003068	894	618.475	756	30.3135
RCHGF003069	615	341.674	213	15.4598
RCHGF003070	273	67.8707	17	6.2116
RCHGF003071	804	528.519	178	8.35211
RCHGF003072	1080	804.462	163	5.02481
RCHGF003073	918	642.475	2185	84.3397
RCHGF003074	702	426.927	522	30.3217
RCHGF003075	198	35.0841	8	5.6548
RCHGF003076	138	16.4182	79	119.327
RCHGF003077	1005	729.462	256	8.70311
RCHGF003078	225	45.9962	57	30.732
RCHGF003079	1356	1080.46	746	17.1225
RCHGF003080	267	64.7597	83	31.7841
RCHGF003081	513	245.938	690	69.576
RCHGF003082	1119	843.462	770	22.6393
RCHGF003083	1098	822.462	784	23.6395
RCHGF003084	687	412.069	384	23.1099
RCHGF003085	1005	729.462	898	30.5289
RCHGF003086	111	11.6813	30	63.6895
RCHGF003087	927	651.475	3315	126.189
RCHGF003088	825	549.509	8609	388.522
RCHGF003089	2145	1869.46	3841	50.9524
RCHGF003090	633	359.213	996	68.7614
RCHGF003091	1131	855.462	575.498	16.6832
RCHGF003092	117	12.4744	110	218.681
RCHGF003093	135	15.7376	52	81.9411
RCHGF003094	1221	945.462	6492	170.283
RCHGF003095	444	186.018	1431	190.775
RCHGF003096	282	72.9894	174	59.1189
RCHGF003097	432	176.154	266	37.4478
RCHGF003098	1224	948.462	2819	73.7076
RCHGF003099	315	92.2161	359	96.5439
RCHGF003100	1239	963.462	3412	87.8237
RCHGF003101	582	309.927	561	44.889
RCHGF003102	1422	1146.46	1331	28.7909
RCHGF003103	135	15.7376	5	7.87896
RCHGF003104	129	14.6121	23	39.0348
RCHGF003105	2601	2325.46	1693	18.0545
RCHGF003106	147	18.6506	10	13.2967
RCHGF003107	1350	1074.46	439	10.1324
RCHGF003108	708	432.897	177	10.1397
RCHGF003109	705	429.91	96	5.53772
RCHGF003110	627	353.381	95	6.66681
RCHGF003111	1416	1140.46	2190	47.6212
RCHGF003112	1791	1515.46	2100	34.3646
RCHGF003113	1809	1533.46	985	15.9294
RCHGF003114	969	693.462	560	20.0264
RCHGF003115	687	412.069	333	20.0406
RCHGF003116	555	284.689	485	42.2482
RCHGF003117	699	423.948	257	15.0334
RCHGF003118	2478	2202.46	449	5.05563
RCHGF003119	387	140.904	9901	1742.58
RCHGF003120	186	30.3688	4250	3470.56
RCHGF003121	750	474.63	787	41.1204
RCHGF003122	294	79.7788	225	69.941
RCHGF003123	132	15.0955	7	11.4997
RCHGF003124	111	11.6813	30	63.6895
RCHGF003125	1080	804.462	250	7.70676
RCHGF003126	1305	1029.46	333	8.02179
RCHGF003127	1470	1194.46	1323	27.4678
RCHGF003128	819	543.509	276	12.5933
RCHGF003129	477	213.826	319	36.997
RCHGF003130	4218	3942.46	1205	7.57978
RCHGF003131	120	12.9742	15	28.6714
RCHGF003132	213	41.1164	542	326.905
RCHGF003133	1089	813.462	6204	189.135
RCHGF003134	927	651.475	2442	92.9576
RCHGF003135	858	582.475	2229	94.9008
RCHGF003136	216	42.4381	30	17.5308
RCHGF003137	1539	1263.46	991	19.4513
RCHGF003138	1332	1056.46	286	6.7135
RCHGF003139	600	327.212	89	6.74524
RCHGF003140	1167	891.462	438	12.1845
RCHGF003142	4260	3984.46	5837	36.3293
RCHGF003143	621	347.518	43673	3116.54
RCHGF003144	126	13.9039	40	71.3446
RCHGF003145	1320	1044.46	1978	46.9646
RCHGF003146	558	287.518	1896	163.535
RCHGF003147	207	38.6764	280	179.535
RCHGF003148	3858	3582.46	34962	242.02
RCHGF003149	4209	3933.46	32531	205.097
RCHGF003150	609	335.783	427	31.536
RCHGF003151	369	127.861	13434	2605.58
RCHGF003152	519	251.391	13325	1314.48
RCHGF003154	684	409.081	9336	565.963
RCHGF003155	414	161.5	4166	639.712
RCHGF003156	123	13.2708	15	28.0304
RCHGF003157	114	11.8869	4	8.34507
RCHGF003158	966	690.462	636	22.8431
RCHGF003159	819	543.509	356	16.2435
RCHGF003160	729	453.791	753	41.1506
RCHGF003161	1071	795.462	1097	34.1999
RCHGF003162	1047	771.462	1443	46.3862
RCHGF003163	1665	1389.46	1984	35.4105
RCHGF003164	1332	1056.46	169	3.96707
RCHGF003165	861	585.475	90	3.81216
RCHGF003166	1173	897.462	114	3.15011
RCHGF003167	732	456.75	15	0.814423
RCHGF003168	525	256.946	19	1.83378
RCHGF003169	183	29.3248	1	0.845671
RCHGF003170	111	11.6813	1	2.12298
RCHGF003171	600	327.212	18	1.36421
RCHGF003172	834	558.481	58	2.57547
RCHGF003173	378	134.401	7	1.29161
RCHGF003174	1281	1005.46	74	1.82517
RCHGF003175	285	74.6309	6	1.99374
RCHGF003176	438	181.036	34	4.65748
RCHGF003177	1971	1695.46	131	1.91611
RCHGF003178	126	13.9039	8	14.2689
RCHGF003179	1158	882.462	2582	72.56
RCHGF003180	126	13.9039	0	0
RCHGF003181	468	205.971	91	10.9565
RCHGF003182	1041	765.462	229	7.41906
RCHGF003183	807	531.519	207	9.65802
RCHGF003184	1968	1692.46	357	5.23102
RCHGF003185	813	537.519	133	6.13613
RCHGF003186	1056	780.462	120	3.813
RCHGF003187	312	90.3774	6	1.64637
RCHGF003188	459	198.287	14	1.75094
RCHGF003189	1200	924.462	274	7.35019
RCHGF003190	1620	1344.46	4909	90.5486
RCHGF003191	1407	1131.46	197	4.31781
RCHGF003192	336	105.619	37	8.68755
RCHGF003193	1254	978.462	156	3.95383
RCHGF003194	303	84.9008	6	1.75257
RCHGF003195	1911	1635.46	1162	17.6199
RCHGF003196	117	12.4744	27	53.6762
RCHGF003197	867	591.475	280	11.7397
RCHGF003198	246	54.5582	6	2.72727
RCHGF003199	324	97.8974	103	26.0917
RCHGF003200	234	49.6324	52	25.9821
RCHGF003201	1041	765.462	346	11.2096
RCHGF003202	1896	1620.46	1102	16.8647
RCHGF003203	624	350.476	218	15.4253
RCHGF003204	972	696.462	1577	56.1528
RCHGF003205	1011	735.462	1588	53.546
RCHGF003206	936	660.475	948	35.595
RCHGF003207	915	639.475	484	18.7698
RCHGF003208	645	370.876	1094	73.152
RCHGF003209	702	426.927	343	19.9241
RCHGF003210	774	498.59	823	40.9348
RCHGF003211	957	681.462	897	32.6428
RCHGF003212	876	600.475	1070	44.1902
RCHGF003213	1191	915.462	7484	202.736
RCHGF003214	807	531.519	56	2.6128
RCHGF003215	1407	1131.46	178	3.90137
RCHGF003216	975	699.462	184	6.52365
RCHGF003217	528	259.651	664	63.4184
RCHGF003218	645	370.876	1270	84.9205
RCHGF003220	480	216.387	4292	491.887
RCHGF003221	843	567.481	4168	182.143
RCHGF003222	1395	1119.46	163	3.6109
RCHGF003223	888	612.475	85	3.44166
RCHGF003224	888	612.475	191	7.73361
RCHGF003225	1302	1026.46	290	7.00636
RCHGF003226	936	660.475	96	3.60456
RCHGF003227	1635	1359.46	1685	30.7376
RCHGF003228	1581	1305.46	1262	23.9735
RCHGF003229	186	30.3688	8	6.53281
RCHGF003230	1374	1098.46	3631	81.9744
RCHGF003231	777	501.555	1577	77.974
RCHGF003232	1875	1599.46	1032	16.0008
RCHGF003233	792	516.53	25	1.20028
RCHGF003234	1299	1023.46	107	2.59268
RCHGF003235	288	76.3391	19	6.17225
RCHGF003236	1404	1128.46	160	3.51617
RCHGF003238	1713	1437.46	853	14.716
RCHGF003239	918	642.475	500	19.2997
RCHGF003240	1248	972.462	1015	25.8839
RCHGF003241	936	660.475	265	9.95008
RCHGF003242	765	489.63	118	5.97656
RCHGF003243	2103	1827.46	1153	15.6465
RCHGF003244	1362	1086.46	689	15.7269
RCHGF003245	1425	1149.46	713	15.3827
RCHGF003246	423	168.59	41	6.031
RCHGF003247	396	147.701	172	28.8789
RCHGF003248	480	216.387	61	6.99093
RCHGF003249	369	127.861	549	106.481
RCHGF003250	1305	1029.46	195	4.69744
RCHGF003252	114	11.8869	69	143.952
RCHGF003253	1560	1284.46	18066	348.801
RCHGF003254	138	16.4182	20	30.2094
RCHGF003255	540	270.65	269	24.648
RCHGF003256	549	279.003	3533	314.03
RCHGF003257	792	516.53	5333	256.043
RCHGF003258	261	61.4944	68	27.4227
RCHGF003259	465	203.457	323	39.3702
RCHGF003260	852	576.481	1299	55.8806
RCHGF003261	909	633.475	2304	90.1966
RCHGF003262	423	168.59	277	40.746
RCHGF003263	159	21.3526	13	15.0984
RCHGF003264	312	90.3774	416	114.149
RCHGF003265	132	15.0955	2	3.28563
RCHGF003266	117	12.4744	3	5.96403
RCHGF003267	231	48.2923	36	18.4868
RCHGF003268	162	22.1849	20	22.3568
RCHGF003269	603	330.017	800	60.116
RCHGF003270	942	666.462	385	14.3259
RCHGF003271	210	39.869	296	184.117
RCHGF003272	876	600.475	2412	99.6138
RCHGF003273	117	12.4744	83	165.005
RCHGF003274	1044	768.462	2293	73.9978
RCHGF003275	1347	1071.46	1009	23.3535
RCHGF003276	1818	1542.46	1575	25.3223
RCHGF003277	2646	2370.46	2494	26.0916
RCHGF003278	906	630.475	935	36.7774
RCHGF003279	3267	2991.46	6726	55.7584
RCHGF003280	900	624.475	1726	68.5429
RCHGF003281	1128	852.462	2448	71.2153
RCHGF003282	1614	1338.46	2423	44.8936
RCHGF003283	219	43.6432	197	111.94
RCHGF003284	270	66.2752	89	33.3024
RCHGF003285	612	338.732	2350	172.047
RCHGF003286	516	248.621	455	45.3847
RCHGF003287	318	94.0415	3519	927.976
RCHGF003288	621	347.518	4436	316.556
RCHGF003289	171	25.1477	1275	1257.33
RCHGF003290	183	29.3248	101	85.4128
RCHGF003291	1938	1662.46	902	13.4553
RCHGF003292	417	163.873	217	32.8389
RCHGF003293	327	99.8377	78	19.3748
RCHGF003294	2271	1995.46	957	11.8934
RCHGF003295	279	71.3231	32	11.1264
RCHGF003296	1341	1065.46	477	11.1024
RCHGF003297	417	163.873	84	12.7118
RCHGF003298	357	119.633	48	9.95011
RCHGF003299	552	281.841	60	5.2794
RCHGF003300	1248	972.462	127	3.23868
RCHGF003301	684	409.081	145	8.79013
RCHGF003302	366	125.829	60	11.8252
RCHGF003303	240	52.0677	27	12.8597
RCHGF003304	1599	1323.46	134	2.51091
RCHGF003305	327	99.8377	391	97.1223
RCHGF003306	303	84.9008	2033	593.831
RCHGF003307	1368	1092.46	67	1.52092
RCHGF003308	534	265.14	9	0.84179
RCHGF003309	1182	906.462	47	1.28584
RCHGF003310	270	66.2752	13	4.8644
RCHGF003311	381	136.409	17	3.09061
RCHGF003312	285	74.6309	7	2.32603
RCHGF003313	570	298.71	19	1.5774
RCHGF003314	372	129.932	7	1.33604
RCHGF003315	162	22.1849	0	0
RCHGF003316	3150	2874.46	236	2.03607
RCHGF003317	648	373.872	10	0.663306
RCHGF003318	1719	1443.46	70	1.20262
RCHGF003319	1893	1617.46	113	1.73253
RCHGF003320	411	159.19	23	3.58302
RCHGF003321	951	675.462	21	0.771002
RCHGF003322	117	12.4744	0	0
RCHGF003323	219	43.6432	35	19.8879
RCHGF003324	1563	1287.46	2445	47.0957
RCHGF003325	414	161.5	165	25.3367
RCHGF003326	1023	747.462	1394	46.2499
RCHGF003327	237	50.9637	585	284.664
RCHGF003328	1359	1083.46	296	6.77509
RCHGF003329	549	279.003	96	8.53295
RCHGF003330	825	549.509	232	10.4701
RCHGF003331	1332	1056.46	871	20.4457
RCHGF003332	594	321.487	3501	270.064
RCHGF003333	1422	1146.46	5684	122.951
RCHGF003334	1419	1143.46	2692	58.3835
RCHGF003335	303	84.9008	195	56.9587
RCHGF003336	1122	846.462	2768	81.0953
RCHGF003337	1995	1719.46	3168	45.6909
RCHGF003338	2289	2013.46	3073	37.8492
RCHGF003339	1581	1305.46	1201	22.8148
RCHGF003340	816	540.509	92	4.22107
RCHGF003341	672	397.44	61	3.80623
RCHGF003342	633	359.213	284	19.6067
RCHGF003343	1008	732.462	32950	1115.6
RCHGF003344	1386	1110.46	212	4.73445
RCHGF003345	273	67.8707	26	9.50009
RCHGF003346	468	205.971	32	3.85284
RCHGF003347	489	224.247	29	3.20706
RCHGF003348	2022	1746.46	1249	17.7354
RCHGF003349	1599	1323.46	2599	48.7003
RCHGF003350	1233	957.462	625	16.1881
RCHGF003351	678	403.272	2153	132.399
RCHGF003352	1155	879.462	1850	52.1665
RCHGF003353	879	603.475	1556	63.9422
RCHGF003354	480	216.387	715	81.9429
RCHGF003355	1761	1485.46	1933	32.2706
RCHGF003356	2358	2082.46	1522	18.1249
RCHGF003357	657	382.695	463	30.003
RCHGF003359	855	579.481	388	16.6046
RCHGF003360	390	143.063	13	2.25348
RCHGF003361	2511	2235.46	537	5.95723
RCHGF003362	540	270.65	32	2.9321
RCHGF003363	1170	894.462	869	24.0932
RCHGF003364	1536	1260.46	4958	97.547
RCHGF003365	951	675.462	1934	71.0056
RCHGF003366	4821	4545.46	13028	71.0783
RCHGF003367	675	400.385	109	6.75128
RCHGF003368	153	20.037	101	125.005
RCHGF003369	660	385.672	637	40.9599
RCHGF003370	1083	807.462	915	28.1019
RCHGF003371	468	205.971	1046	125.94
RCHGF003372	168	24.1463	6	6.16222
RCHGF003373	219	43.6432	158	89.7796
RCHGF003374	309	88.6722	54	15.1023
RCHGF003375	1419	1143.46	2534	54.9569
RCHGF003376	300	83.1851	62	18.4834
RCHGF003377	123	13.2708	5	9.34348
RCHGF003378	495	229.548	591	63.8485
RCHGF003379	474	211.168	693	81.3846
RCHGF003380	138	16.4182	89	134.432
RCHGF003381	642	367.961	63	4.24596
RCHGF003382	1008	732.462	79	2.67473
RCHGF003383	447	188.396	34	4.47553
RCHGF003384	912	636.475	110	4.28596
RCHGF003385	1050	774.462	71	2.2735
RCHGF003386	327	99.8377	11	2.73234
RCHGF003387	480	216.387	20	2.29211
RCHGF003388	870	594.475	155	6.46599
RCHGF003389	858	582.475	67	2.85256
RCHGF003390	1956	1680.46	96	1.41671
RCHGF003391	411	159.19	787	122.601
RCHGF003392	210	39.869	188	116.939
RCHGF003393	771	495.59	680	34.027
RCHGF003394	633	359.213	497	34.3117
RCHGF003395	468	205.971	11	1.32441
RCHGF003396	924	648.475	1540	58.8931
RCHGF003397	411	159.19	430	66.9868
RCHGF003398	390	143.063	1004	174.038
RCHGF003399	1026	750.462	75	2.47839
RCHGF003400	330	101.65	423	103.198
RCHGF003401	984	708.462	5654	197.914
RCHGF003402	255	58.7948	1088	458.91
RCHGF003403	1029	753.462	5245	172.632
RCHGF003404	447	188.396	276	36.3308
RCHGF003405	603	330.017	321	24.1215
RCHGF003406	450	190.943	438	56.8862
RCHGF003407	1218	942.462	720	18.9455
RCHGF003408	1287	1011.46	903	22.1399
RCHGF003410	354	117.555	272	57.3803
RCHGF003411	2091	1815.46	2723	37.1961
RCHGF003412	420	166.299	104	15.5088
RCHGF003413	618	344.626	211	15.1835
RCHGF003414	594	321.487	130	10.0281
RCHGF003415	204	37.5768	11	7.25954
RCHGF003416	111	11.6813	1	2.12298
RCHGF003417	204	37.5768	23	15.179
RCHGF003418	1377	1101.46	1172	26.3873
RCHGF003419	2160	1884.46	2816	37.058
RCHGF003420	375	132.264	323	60.5615
RCHGF003421	471	208.679	368	43.7326
RCHGF003422	564	293.201	736	62.2515
RCHGF003423	891	615.475	1212	48.8348
RCHGF003424	2514	2238.46	4078	45.1788
RCHGF003425	390	143.063	66	11.4407
RCHGF003426	1791	1515.46	1884	30.83
RCHGF003427	705	429.91	627	36.1682
RCHGF003428	153	20.037	641	793.346
RCHGF003429	840	564.481	4677	205.473
RCHGF003430	831	555.509	1515	67.633
RCHGF003431	4428	4152.46	22083	131.883
RCHGF003432	966	690.462	6662	239.278
RCHGF003433	969	693.462	3738	133.676
RCHGF003434	444	186.018	2725	363.286
RCHGF003435	5241	4965.46	3507	17.5151
RCHGF003436	801	525.519	224	10.5705
RCHGF003437	2145	1869.46	1702	22.5777
RCHGF003438	615	341.674	539	39.1213
RCHGF003439	258	60.2859	244	100.372
RCHGF003440	756	480.63	958	49.4301
RCHGF003441	798	522.519	592	28.0968
RCHGF003442	744	468.663	3802	201.182
RCHGF003443	345	111.581	259	57.5634
RCHGF003444	1080	804.462	659	20.315
RCHGF003445	570	298.71	522	43.337
RCHGF003446	135	15.7376	0	0
RCHGF003447	228	47.1962	9	4.72903
RCHGF003448	840	564.481	1155	50.7423
RCHGF003449	1185	909.462	626	17.0697
RCHGF003450	1716	1440.46	1509	25.9791
RCHGF003451	453	193.491	666	85.3593
RCHGF003452	414	161.5	265	40.6922
RCHGF003453	117	12.4744	7	13.9161
RCHGF003454	912	636.475	263	10.2473
RCHGF003455	843	567.481	130	5.68106
RCHGF003456	1128	852.462	471	13.702
RCHGF003457	120	12.9742	19	36.317
RCHGF003458	834	558.481	339	15.0532
RCHGF003459	1542	1266.46	404	7.91091
RCHGF003460	396	147.701	36	6.04443
RCHGF003461	645	370.876	76	5.08185
RCHGF003462	606	332.934	266	19.8135
RCHGF003463	276	69.6018	55	19.5965
RCHGF003464	282	72.9894	24	8.15434
RCHGF003465	120	12.9742	8	15.2914
RCHGF003467	126	13.9039	178	317.483
RCHGF003468	1413	1137.46	708	15.436
RCHGF003469	465	203.457	120	14.6267
RCHGF003470	1569	1293.46	12006	230.188
RCHGF003471	1131	855.462	8766	254.119
RCHGF003472	699	423.948	467	27.3175
RCHGF003473	213	41.1164	410	247.289
RCHGF003474	333	103.611	1345	321.926
RCHGF003475	1446	1170.46	8722	184.797
RCHGF003476	882	606.475	347	14.1891
RCHGF003477	588	315.676	393	30.8737
RCHGF003478	519	251.391	768	75.7615
RCHGF003479	615	341.674	678	49.2101
RCHGF003480	906	630.475	2342	92.1204
RCHGF003481	1167	891.462	1573	43.7586
RCHGF003482	861	585.475	726	30.7514
RCHGF003483	1215	939.462	566	14.9408
RCHGF003484	1038	762.462	943	30.6712
RCHGF003485	1392	1116.46	853	18.9471
RCHGF003486	1221	945.462	657	17.2329
RCHGF003488	1176	900.462	1974	54.3649
RCHGF003489	255	58.7948	37	15.6063
RCHGF003490	660	385.672	225	14.4678
RCHGF003491	756	480.63	406	20.9485
RCHGF003492	177	27.0367	69	63.2897
RCHGF003493	480	216.387	446	51.114
RCHGF003494	579	307.117	863	69.6857
RCHGF003495	1218	942.462	435	11.4462
RCHGF003496	1182	906.462	426	11.6546
RCHGF003497	1092	816.462	543	16.4931
RCHGF003498	1059	783.462	1206	38.1739
RCHGF003499	114	11.8869	2066	4310.23
RCHGF003500	1545	1269.46	25908	506.117
RCHGF003501	777	501.555	9169	453.357
RCHGF003502	837	561.481	58402	2579.47
RCHGF003503	1026	750.462	69796	2306.42
RCHGF003504	786	510.53	55413	2691.71
RCHGF003505	1137	861.462	46799	1347.22
RCHGF003506	1206	930.462	15221	405.678
RCHGF003507	1203	927.462	115984	3101.27
RCHGF003508	2112	1836.46	72986	985.586
RCHGF003509	243	53.2906	1341	624.044
RCHGF003510	1134	858.462	865	24.988
RCHGF003511	153	20.037	50	61.8835
RCHGF003512	951	675.462	2192	80.4779
RCHGF003513	1263	987.462	2664	66.9038
RCHGF003514	948	672.462	235	8.66637
RCHGF003515	675	400.385	673	41.6845
RCHGF003516	339	107.589	706	162.733
RCHGF003517	1704	1428.46	5736	99.5812
RCHGF003518	1062	786.462	280	8.82912
RCHGF003519	420	166.299	42	6.26319
RCHGF003520	399	149.948	77	12.7346
RCHGF003521	459	198.287	53	6.62856
RCHGF003522	312	90.3774	21	5.76231
RCHGF003523	1029	753.462	202	6.64855
RCHGF003524	915	639.475	151	5.85586
RCHGF003525	153	20.037	11	13.6144
RCHGF003526	678	403.272	28765	1768.9
RCHGF003527	165	23.1808	538	575.561
RCHGF003528	117	12.4744	86	170.969
RCHGF003529	132	15.0955	968	1590.24
RCHGF003530	792	516.53	1247	59.8698
RCHGF003531	921	645.475	2134	81.9883
RCHGF003532	1053	777.462	623	19.8722
RCHGF003533	1053	777.462	1015	32.3761
RCHGF003534	1272	996.462	311	7.73993
RCHGF003535	870	594.475	310	12.932
RCHGF003536	969	693.462	395	14.1258
RCHGF003537	348	113.518	367	80.1747
RCHGF003538	672	397.44	649	40.4958
RCHGF003539	885	609.475	8683	353.306
RCHGF003540	738	462.663	326	17.4739
RCHGF003541	2253	1977.46	5240	65.7143
RCHGF003542	819	543.509	1972	89.9782
RCHGF003543	756	480.63	269	13.8797
RCHGF003544	1215	939.462	112	2.95649
RCHGF003545	1188	912.462	368	10.0016
RCHGF003546	750	474.63	142	7.41943
RCHGF003547	765	489.63	145	7.34408
RCHGF003548	1005	729.462	313	10.6409
RCHGF003549	747	471.63	212	11.1474
RCHGF003550	3216	2940.46	1905	16.0663
RCHGF003551	1074	798.462	778	24.1636
RCHGF003552	636	362.129	976	66.8379
RCHGF003553	699	423.948	1177	68.8495
RCHGF003554	906	630.475	785	30.8773
RCHGF003555	744	468.663	261	13.8108
RCHGF003556	3213	2937.46	3700	31.2368
RCHGF003557	1077	801.462	1304	40.3489
RCHGF003558	1290	1014.46	771	18.8476
RCHGF003559	885	609.475	303	12.3289
RCHGF003561	381	136.409	826	150.167
RCHGF003562	426	171.163	639	92.5822
RCHGF003563	960	684.462	869	31.4853
RCHGF003564	1230	954.462	1589	41.286
RCHGF003565	819	543.509	2701	123.241
RCHGF003566	771	495.59	490	24.5194
RCHGF003567	471	208.679	331	39.3356
RCHGF003568	735	459.69	776	41.8633
RCHGF003569	414	161.5	1016	156.012
RCHGF003570	720	444.8	763	42.5399
RCHGF003571	852	576.481	1818	78.2071
RCHGF003572	897	621.475	6491	259.015
RCHGF003573	543	273.393	1052	95.4257
RCHGF003574	738	462.663	794	42.5592
RCHGF003575	396	147.701	948	159.17
RCHGF003576	777	501.555	547	27.0462
RCHGF003577	723	447.795	492	27.2472
RCHGF003578	654	379.699	410	26.7782
RCHGF003580	507	240.385	53219	5490.31
RCHGF003581	615	341.674	1385	100.525
RCHGF003582	852	576.481	494	21.251
RCHGF003583	1614	1338.46	1263	23.401
RCHGF003584	393	145.414	102	17.3953
RCHGF003585	912	636.475	132	5.14315
RCHGF003586	816	540.509	82	3.76225
RCHGF003587	978	702.462	67	2.36532
RCHGF003588	297	81.3753	1586	483.335
RCHGF003589	168	24.1463	414	425.193
RCHGF003590	2145	1869.46	5991	79.473
RCHGF003591	216	42.4381	80	46.7489
RCHGF003592	210	39.869	424	263.735
RCHGF003593	417	163.873	209	31.6282
RCHGF003594	546	276.169	477	42.8332
RCHGF003595	162	22.1849	4	4.47136
RCHGF003596	342	109.649	370	83.682
RCHGF003597	411	159.19	371	57.7956
RCHGF003598	177	27.0367	384	352.221
RCHGF003599	1296	1020.46	337	8.18974
RCHGF003600	816	540.509	118	5.41398
RCHGF003601	3666	3390.46	1042	7.6216
RCHGF003602	1287	1011.46	370	9.07171
RCHGF003603	228	47.1962	20	10.509
RCHGF003604	3075	2799.46	7192	63.7107
RCHGF003605	702	426.927	37	2.14924
RCHGF003606	225	45.9962	26	14.0181
RCHGF003607	543	273.393	45	4.0819
RCHGF003608	234	49.6324	31	15.4894
RCHGF003609	357	119.633	15	3.10941
RCHGF003610	222	44.8705	11	6.07951
RCHGF003611	897	621.475	443	17.6773
RCHGF003612	879	603.475	310	12.7391
RCHGF003613	1164	888.462	343	9.57398
RCHGF003614	159	21.3526	33	38.3267
RCHGF003615	483	218.937	1111	125.844
RCHGF003616	1629	1353.46	13154	241.018
RCHGF003617	357	119.633	2993	620.431
RCHGF003618	777	501.555	1387	68.5796
RCHGF003619	900	624.475	1463	58.0987
RCHGF003620	1071	795.462	7450	232.26
RCHGF003621	1080	804.462	4439	136.841
RCHGF003622	714	438.866	1331	75.2113
RCHGF003623	798	522.519	2592	123.018
RCHGF003624	267	64.7597	462	176.919
RCHGF003625	651	376.756	853	56.147
RCHGF003626	723	447.795	1280	70.8871
RCHGF003627	1644	1368.46	7301	132.308
RCHGF003628	558	287.518	4121	355.447
RCHGF003629	132	15.0955	166	272.707
RCHGF003630	1863	1587.46	9443	147.518
RCHGF003631	2271	1995.46	11894	147.816
RCHGF003632	462	200.868	2091	258.155
RCHGF003633	1263	987.462	2446	61.429
RCHGF003634	741	465.663	2222	118.334
RCHGF003635	600	327.212	276	20.9178
RCHGF003636	774	498.59	1479	73.5634
RCHGF003637	669	394.468	698	43.8814
RCHGF003638	1008	732.462	244	8.26118
RCHGF003639	201	36.3862	12	8.17864
RCHGF003640	1191	915.462	1889.83	51.194
RCHGF003641	1560	1284.46	4318	83.3678
RCHGF003642	708	432.897	1858	106.438
RCHGF003643	711	435.888	695	39.5409
RCHGF003644	336	105.619	582	136.653
RCHGF003645	144	17.8758	12	16.6477
RCHGF003646	537	267.85	502	46.4782
RCHGF003647	882	606.475	2995	122.468
RCHGF003648	153	20.037	31	38.3677
RCHGF003649	960	684.462	195.9	7.09779
RCHGF003650	702	426.927	6348	368.74
RCHGF003651	510	243.144	343	34.9838
RCHGF003652	201	36.3862	120	81.7864
RCHGF003653	180	28.0327	806	713.029
RCHGF003654	2013	1737.46	4941	70.5239
RCHGF003655	234	49.6324	35	17.488
RCHGF003656	1608	1332.46	1812	33.7241
RCHGF003657	594	321.487	2568	198.093
RCHGF003658	834	558.481	656	29.1295
RCHGF003659	246	54.5582	189	85.9091
RCHGF003660	747	471.63	596	31.3388
RCHGF003661	774	498.59	899	44.715
RCHGF003662	327	99.8377	35	8.69381
RCHGF003663	147	18.6506	0	0
RCHGF003664	960	684.462	246.1	8.91659
RCHGF003665	2556	2280.46	10548	114.706
RCHGF003666	171	25.1477	5	4.9307
RCHGF003667	639	365.089	185	12.5664
RCHGF003668	612	338.732	211	15.4477
RCHGF003669	1362	1086.46	1337	30.5179
RCHGF003670	270	66.2752	214	80.0755
RCHGF003671	570	298.71	593	49.2314
RCHGF003672	567	296.01	135	11.31
RCHGF003673	894	618.475	248	9.94412
RCHGF003674	231	48.2923	480	246.49
RCHGF003676	843	567.481	1125	49.163
RCHGF003677	300	83.1851	167	49.7861
RCHGF003678	1596	1320.46	2762	51.8722
RCHGF003679	723	447.795	775	42.9199
RCHGF003680	3024	2748.46	5466	49.3193
RCHGF003681	1128	852.462	1557	45.295
RCHGF003682	765	489.63	11699	592.54
RCHGF003683	834	558.481	469	20.8258
RCHGF003684	678	403.272	209	12.8524
RCHGF003685	1032	756.462	214	7.01558
RCHGF003687	462	200.868	1436	177.289
RCHGF003688	687	412.069	314	18.8972
RCHGF003689	885	609.475	783	31.8598
RCHGF003690	1038	762.462	1241	40.3637
RCHGF003691	360	121.658	289	58.9105
RCHGF003692	663	388.633	2277	145.298
RCHGF003693	1479	1203.46	4442	91.5342
RCHGF003694	624	350.476	1171	82.8582
RCHGF003695	495	229.548	84	9.07491
RCHGF003696	777	501.555	754	37.2812
RCHGF003697	471	208.679	524	62.2714
RCHGF003698	2109	1833.46	1504	20.3429
RCHGF003699	225	45.9962	166	89.5001
RCHGF003700	1329	1053.46	23398	550.804
RCHGF003701	267	64.7597	41	15.7006
RCHGF003702	627	353.381	1293	90.7388
RCHGF003703	138	16.4182	55	83.0758
RCHGF003704	1662	1386.46	1498	26.7942
RCHGF003705	117	12.4744	93	184.885
RCHGF003706	249	55.9504	40	17.7294
RCHGF003707	318	94.0415	76	20.0415
RCHGF003708	297	81.3753	20	6.09501
RCHGF003709	498	232.224	56	5.98022
RCHGF003710	861	585.475	82	3.4733
RCHGF003711	954	678.462	96	3.509
RCHGF003712	270	66.2752	10	3.74185
RCHGF003713	624	350.476	90	6.36826
RCHGF003714	1026	750.462	121	3.99847
RCHGF003715	1632	1356.46	201	3.67473
RCHGF003716	393	145.414	15	2.55813
RCHGF003717	768	492.63	170	8.55786
RCHGF003718	1014	738.462	782	26.2613
RCHGF003719	198	35.0841	1	0.70685
RCHGF003720	495	229.548	502	54.2334
RCHGF003721	255	58.7948	150	63.2688
RCHGF003722	213	41.1164	283	170.69
RCHGF003723	369	127.861	312	60.5136
RCHGF003724	408	156.946	63	9.95468
RCHGF003725	306	86.8087	122	34.8525
RCHGF003726	168	24.1463	18	18.4867
RCHGF003727	579	307.117	3679	297.073
RCHGF003728	657	382.695	2145	138.999
RCHGF003729	516	248.621	703	70.1219
RCHGF003730	1500	1224.46	8232	166.724
RCHGF003731	1290	1014.46	6786	165.888
RCHGF003732	1128	852.462	808	23.5057
RCHGF003733	177	27.0367	16	14.6759
RCHGF003734	303	84.9008	71	20.7388
RCHGF003735	759	483.63	170	8.71712
RCHGF003736	177	27.0367	37	33.9379
RCHGF003737	546	276.169	44	3.95107
RCHGF003738	1065	789.462	2565	80.5737
RCHGF003739	114	11.8869	32	66.7606
RCHGF003740	894	618.475	806	32.3184
RCHGF003741	2622	2346.46	7041	74.4146
RCHGF003742	567	296.01	529	44.3186
RCHGF003744	717	441.822	12360	693.758
RCHGF003745	624	350.476	1708	120.855
RCHGF003746	579	307.117	365	29.4731
RCHGF003747	288	76.3391	63	20.4659
RCHGF003748	282	72.9894	92	31.2583
RCHGF003749	117	12.4744	147	292.237
RCHGF003750	270	66.2752	173	64.7339
RCHGF003751	174	26.0868	10	9.5064
RCHGF003752	288	76.3391	399	129.617
RCHGF003753	588	315.676	6322	496.65
RCHGF003754	2322	2046.46	20836	252.492
RCHGF003755	1275	999.462	11756	291.696
RCHGF003756	720	444.8	3950	220.226
RCHGF003757	129	14.6121	20	33.9433
RCHGF003758	1581	1305.46	931	17.6857
RCHGF003759	114	11.8869	6	12.5176
RCHGF003760	1590	1314.46	950	17.9231
RCHGF003761	1689	1413.46	200	3.509
RCHGF003762	675	400.385	89	5.51251
RCHGF003763	237	50.9637	258	125.544
RCHGF003764	534	265.14	17529	1639.53
RCHGF003765	417	163.873	526	79.6002
RCHGF003766	4101	3825.46	350	2.26893
RCHGF003767	147	18.6506	1	1.32967
RCHGF003768	927	651.475	1694	64.4841
RCHGF003769	972	696.462	8073	287.458
RCHGF003770	1851	1575.46	32308	508.557
RCHGF003771	1155	879.462	1.06761e+06	30104.5
RCHGF003772	699	423.948	2260	132.2
RCHGF003773	351	115.59	383	82.1708
RCHGF003774	1881	1605.46	3022	46.6801
RCHGF003775	918	642.475	632	24.3948
RCHGF003776	153	20.037	18	22.278
RCHGF003777	849	573.481	1151	49.773
RCHGF003778	1461	1185.46	1577	32.9899
RCHGF003779	939	663.468	450	16.8201
RCHGF003780	357	119.633	29	6.01152
RCHGF003781	618	344.626	6669	479.899
RCHGF003782	1251	975.462	399	10.1438
RCHGF003783	174	26.0868	0	0
RCHGF003784	774	498.59	297	14.7724
RCHGF003785	159	21.3526	52	60.3935
RCHGF003786	435	178.638	108	14.993
RCHGF003787	129	14.6121	0	0
RCHGF003788	1065	789.462	624	19.6016
RCHGF003789	120	12.9742	12	22.9371
RCHGF003790	573	301.501	99	8.14299
RCHGF003791	2055	1779.46	379	5.28187
RCHGF003792	1716	1440.46	303	5.21648
RCHGF003793	681	406.159	329	20.088
RCHGF003794	1545	1269.46	570	11.1351
RCHGF003795	1500	1224.46	101	2.04556
RCHGF003796	669	394.468	44	2.76616
RCHGF003797	447	188.396	48	6.3184
RCHGF003798	1107	831.462	5055	150.77
RCHGF003799	132	15.0955	4	6.57126
RCHGF003800	219	43.6432	104	59.0954
RCHGF003801	411	159.19	84	13.0858
RCHGF003802	360	121.658	69	14.0651
RCHGF003803	1905	1629.46	805	12.2515
RCHGF003804	639	365.089	123	8.35493
RCHGF003805	123	13.2708	87	162.577
RCHGF003806	828	552.509	351	15.7545
RCHGF003807	111	11.6813	4	8.49193
RCHGF003808	804	528.519	804	37.7252
RCHGF003809	486	221.561	2018	225.873
RCHGF003810	750	474.63	6808	355.715
RCHGF003811	843	567.481	312	13.6345
RCHGF003812	498	232.224	143	15.2709
RCHGF003813	846	570.481	158	6.86836
RCHGF003814	645	370.876	212	14.1757
RCHGF003815	1338	1062.46	339	7.91268
RCHGF003816	459	198.287	149	18.635
RCHGF003817	489	224.247	111	12.2753
RCHGF003818	900	624.475	174	6.90989
RCHGF003819	504	237.678	984	102.67
RCHGF003820	117	12.4744	24	47.7122
RCHGF003821	450	190.943	29	3.76644
RCHGF003822	876	600.475	28	1.15638
RCHGF003823	207	38.6764	0	0
RCHGF003824	246	54.5582	11	5
RCHGF003825	333	103.611	24	5.7444
RCHGF003826	114	11.8869	6	12.5176
RCHGF003827	1269	993.462	1474	36.7945
RCHGF003828	432	176.154	234	32.9428
RCHGF003829	489	224.247	56	6.19295
RCHGF003830	1824	1548.46	1877	30.0608
RCHGF003832	129	14.6121	118	200.265
RCHGF003833	858	582.475	481	20.4788
RCHGF003834	426	171.163	348	50.4204
RCHGF003835	315	92.2161	107	28.7749
RCHGF003836	579	307.117	152	12.2737
RCHGF003837	1113	837.462	963	28.5166
RCHGF003838	1935	1659.46	1763	26.3464
RCHGF003839	2262	1986.46	3358	41.9216
RCHGF003840	120	12.9742	20	38.2285
RCHGF003841	423	168.59	68	10.0026
RCHGF003842	1518	1242.46	252	5.02984
RCHGF003843	129	14.6121	0	0
RCHGF003844	618	344.626	348	25.042
RCHGF003845	471	208.679	67	7.96218
RCHGF003846	129	14.6121	6	10.183
RCHGF003847	447	188.396	808	106.36
RCHGF003848	462	200.868	230	28.3958
RCHGF003849	1941	1665.46	1257	18.7171
RCHGF003850	2631	2355.46	15311	161.2
RCHGF003851	138	16.4182	4	6.04188
RCHGF003852	906	630.475	494	19.431
RCHGF003853	177	27.0367	5	4.58621
RCHGF003854	846	570.481	748	32.516
RCHGF003855	1272	996.462	7440	185.161
RCHGF003856	351	115.59	1110	238.145
RCHGF003857	453	193.491	6205	795.277
RCHGF003858	228	47.1962	298	156.584
RCHGF003859	1068	792.462	1170	36.6138
RCHGF003860	558	287.518	7536	650
RCHGF003861	291	77.9832	38	12.0842
RCHGF003862	915	639.475	52	2.01659
RCHGF003863	177	27.0367	0	0
RCHGF003864	291	77.9832	10	3.18006
RCHGF003865	300	83.1851	5	1.4906
RCHGF003866	252	57.3505	8	3.45931
RCHGF003867	4215	3939.46	566	3.56301
RCHGF003868	522	254.15	24	2.34184
RCHGF003869	996	720.462	92	3.16675
RCHGF003870	564	293.201	263	22.2448
RCHGF003871	330	101.65	90	21.957
RCHGF003872	1326	1050.46	277	6.53938
RCHGF003873	1032	756.462	360.06	11.8039
RCHGF003874	162	22.1849	4	4.47136
RCHGF003875	681	406.159	1673	102.15
RCHGF003876	2007	1731.46	1115	15.9698
RCHGF003877	648	373.872	231	15.3224
RCHGF003878	978	702.462	320	11.297
RCHGF003879	861	585.475	395	16.7311
RCHGF003880	318	94.0415	284	74.892
RCHGF003881	1332	1056.46	557	13.0749
RCHGF003882	2571	2295.46	7040	76.0571
RCHGF003883	117	12.4744	51	101.388
RCHGF003884	1095	819.462	7625	230.753
RCHGF003885	1254	978.462	3841	97.3503
RCHGF003886	1419	1143.46	4970	107.788
RCHGF003887	1797	1521.46	3618	58.9718
RCHGF003888	98	12.9391	1	1.91661
RCHGF003891	2625	2349.46	3580	37.7878
RCHGF003892	255	58.7948	1549	653.356
RCHGF003893	411	159.19	711	110.762
RCHGF003894	258	60.2859	169	69.5197
RCHGF003895	1056	780.462	1302	41.371
RCHGF003896	630	356.288	1298	90.3463
RCHGF003897	477	213.826	23307	2703.1
RCHGF003898	462	200.868	88	10.8645
RCHGF003899	1965	1689.46	372	5.46049
RCHGF003900	957	681.462	2500	90.9778
RCHGF003901	1200	924.462	2508	67.2784
RCHGF003902	498	232.224	1226	130.924
RCHGF003903	297	81.3753	376	114.586
RCHGF003904	651	376.756	2897	190.689
RCHGF003905	2928	2652.46	4076	38.1085
RCHGF003906	969	693.462	1543	55.1798
RCHGF003907	312	90.3774	200	54.8791
RCHGF003908	1191	915.462	6256	169.47
RCHGF003909	948	672.462	7585	279.721
RCHGF003910	2499	2223.46	1592	17.7562
RCHGF003911	1692	1416.46	1024	17.928
RCHGF003912	1398	1122.46	1854	40.9614
RCHGF003913	3078	2802.46	2391	21.1581
RCHGF003914	486	221.561	215	24.0648
RCHGF003915	132	15.0955	253	415.632
RCHGF003917	309	88.6722	4631	1295.16
RCHGF003918	312	90.3774	3381	927.732
RCHGF003919	282	72.9894	2633	894.599
RCHGF003920	1287	1011.46	3698	90.6681
RCHGF003921	426	171.163	802	116.199
RCHGF003922	1071	795.462	367	11.4415
RCHGF003923	750	474.63	86	4.49346
RCHGF003924	567	296.01	64	5.3618
RCHGF003925	762	486.63	1859	94.7366
RCHGF003926	582	309.927	698	55.8512
RCHGF003927	636	362.129	635	43.4857
RCHGF003928	1011	735.462	2427	81.8364
RCHGF003929	351	115.59	2963	635.697
RCHGF003930	660	385.672	1170	75.2324
RCHGF003931	1302	1026.46	4812	116.257
RCHGF003932	288	76.3391	914	296.918
RCHGF003933	2289	2013.46	9636	118.684
RCHGF003934	1605	1329.46	681	12.7031
RCHGF003935	513	245.938	1801	181.604
RCHGF003936	2199	1923.46	6558	84.5522
RCHGF003937	498	232.224	186	19.8629
RCHGF003938	120	12.9742	124	237.017
RCHGF003939	426	171.163	206	29.8465
RCHGF003940	123	13.2708	85	158.839
RCHGF003941	117	12.4744	7	13.9161
RCHGF003942	471	208.679	97	11.5273
RCHGF003943	789	513.53	678	32.7417
RCHGF003944	489	224.247	469	51.8659
RCHGF003945	576	304.293	410	33.414
RCHGF003946	1104	828.462	1399	41.8776
RCHGF003947	936	660.475	1569	58.912
RCHGF003948	507	240.385	22923	2364.84
RCHGF003949	465	203.457	378	46.0741
RCHGF003950	1698	1422.46	3841	66.9639
RCHGF003951	255	58.7948	126	53.1458
RCHGF003952	291	77.9832	515	163.773
RCHGF003953	1863	1587.46	7672	119.851
RCHGF003954	336	105.619	1983	465.606
RCHGF003955	153	20.037	134	165.848
RCHGF003956	630	356.288	760	52.8992
RCHGF003957	1074	798.462	2260	70.1926
RCHGF003958	930	654.475	307	11.6327
RCHGF003959	1125	849.462	252	7.35688
RCHGF003960	1200	924.462	540	14.4858
RCHGF003961	2361	2085.46	3996	47.5182
RCHGF003962	1551	1275.46	967	18.8017
RCHGF003963	936	660.475	1593	59.8131
RCHGF003964	150	19.3094	6200	7962.68
RCHGF003965	273	67.8707	845	308.753
RCHGF003966	450	190.943	373	48.4442
RCHGF003967	417	163.873	393	59.4731
RCHGF003968	669	394.468	476	29.9249
RCHGF003969	858	582.475	350	14.9014
RCHGF003970	609	335.783	2399	177.178
RCHGF003971	1929	1653.46	1591	23.8623
RCHGF003972	2493	2217.46	4032	45.0922
RCHGF003973	1257	981.462	1432	36.1832
RCHGF003974	1788	1512.46	3947	64.7172
RCHGF003975	2178	1902.46	5139	66.9884
RCHGF003976	417	163.873	430	65.0724
RCHGF003977	513	245.938	293	29.5446
RCHGF003978	522	254.15	284	27.7118
RCHGF003979	708	432.897	52	2.9789
RCHGF003980	441	183.503	328	44.3268
RCHGF003981	996	720.462	730	25.1275
RCHGF003982	351	115.59	109	23.3854
RCHGF003983	1374	1098.46	2807	63.3716
RCHGF003984	138	16.4182	86	129.9
RCHGF003985	279	71.3231	15338	5333.05
RCHGF003986	735	459.69	301	16.2382
RCHGF003987	546	276.169	300	26.9391
RCHGF003988	981	705.462	13532	475.692
RCHGF003989	570	298.71	4138	343.541
RCHGF003990	510	243.144	4161	424.396
RCHGF003991	327	99.8377	1685	418.545
RCHGF003992	735	459.69	5149	277.776
RCHGF003993	756	480.63	1324	68.3147
RCHGF003994	783	507.545	613	29.9518
RCHGF003995	1323	1047.46	2552	60.4198
RCHGF003996	1458	1182.46	5894	123.612
RCHGF003997	894	618.475	1786	71.6137
RCHGF003998	795	519.53	5699	272.035
RCHGF003999	198	35.0841	62	43.8247
RCHGF004000	924	648.475	2536	96.9824
RCHGF004001	984	708.462	4014	140.507
RCHGF004002	678	403.272	1927	118.501
RCHGF004003	1218	942.462	1982	52.1527
RCHGF004004	378	134.401	207.295	38.2492
RCHGF004005	486	221.561	1213	135.77
RCHGF004006	288	76.3391	1901	617.55
RCHGF004007	594	321.487	846	65.2596
RCHGF004008	948	672.462	490	18.0703
RCHGF004009	939	663.468	976	36.481
RCHGF004010	1245	969.462	1214	31.0545
RCHGF004011	759	483.63	103	5.28155
RCHGF004012	636	362.129	178	12.1897
RCHGF004013	1686	1410.46	4150	72.9665
RCHGF004014	465	203.457	2002	244.022
RCHGF004015	360	121.658	163	33.2264
RCHGF004016	408	156.946	188	29.706
RCHGF004017	897	621.475	902	35.9932
RCHGF004018	738	462.663	1518	81.3663
RCHGF004019	312	90.3774	6	1.64637
RCHGF004020	1380	1104.46	4369	98.0999
RCHGF004021	1764	1488.46	8673	144.5
RCHGF004022	1194	918.462	5773	155.875
RCHGF004023	660	385.672	3194	205.378
RCHGF004024	510	243.144	497	50.6908
RCHGF004025	909	633.475	1720	67.3342
RCHGF004027	147	18.6506	143	190.143
RCHGF004028	879	603.475	1203	49.436
RCHGF004029	528	259.651	1054	100.667
RCHGF004030	1062	786.462	3888	122.599
RCHGF004031	2070	1794.46	3197	44.182
RCHGF004032	609	335.783	1325	97.8575
RCHGF004033	462	200.868	137	16.914
RCHGF004034	993	717.462	13	0.449347
RCHGF004035	951	675.462	34	1.24829
RCHGF004036	297	81.3753	2	0.609501
RCHGF004037	351	115.59	5	1.07273
RCHGF004038	162	22.1849	0	0
RCHGF004039	417	163.873	9	1.36198
RCHGF004040	435	178.638	5	0.694119
RCHGF004041	327	99.8377	473	117.491
RCHGF004042	561	290.322	6715	573.592
RCHGF004043	972	696.462	1382	49.2094
RCHGF004044	654	379.699	1906	124.486
RCHGF004045	1308	1032.46	5672	136.238
RCHGF004046	999	723.462	3078	105.509
RCHGF004047	1590	1314.46	2639	49.7884
RCHGF004048	180	28.0327	41	36.2707
RCHGF004049	1476	1200.46	51658	1067.15
RCHGF004050	282	72.9894	61512	20899.6
RCHGF004051	702	426.927	1721	99.9688
RCHGF004052	1200	924.462	486	13.0372
RCHGF004053	303	84.9008	512	149.553
RCHGF004054	399	149.948	121	20.0116
RCHGF004055	438	181.036	125	17.1231
RCHGF004056	357	119.633	220	45.6047
RCHGF004057	339	107.589	126	29.043
RCHGF004058	738	462.663	678	36.3415
RCHGF004059	1332	1056.46	1549	36.3609
RCHGF004060	705	429.91	1679	96.8525
RCHGF004061	1428	1152.46	4711	101.373
RCHGF004062	1599	1323.46	2219	41.5799
RCHGF004063	570	298.71	1767	146.698
RCHGF004064	1254	978.462	1910	48.409
RCHGF004065	1299	1023.46	6340	153.622
RCHGF004066	834	558.481	2319	102.974
RCHGF004067	921	645.475	2408	92.5154
RCHGF004068	660	385.672	2012	129.374
RCHGF004069	621	347.518	663	47.3122
RCHGF004070	1179	903.462	3727	102.303
RCHGF004071	831	555.509	1316	58.7492
RCHGF004072	999	723.462	11697	400.955
RCHGF004073	1659	1383.46	4116	73.7811
RCHGF004074	777	501.555	2336	115.502
RCHGF004075	1875	1599.46	4360	67.6005
RCHGF004076	840	564.481	1302	57.2004
RCHGF004077	210	39.869	32	19.9045
RCHGF004078	1326	1050.46	3129	73.869
RCHGF004079	375	132.264	723	135.56
RCHGF004080	900	624.475	1650	65.5248
RCHGF004081	327	99.8377	21948	5451.77
RCHGF004082	555	284.689	2684	233.802
RCHGF004083	1374	1098.46	3202	72.2892
RCHGF004084	942	666.462	1771	65.8992
RCHGF004085	828	552.509	933	41.8774
RCHGF004086	951	675.462	522	19.1649
RCHGF004087	576	304.293	249	20.2929
RCHGF004088	114	11.8869	11	22.9489
RCHGF004089	792	516.53	1362	65.3911
RCHGF004090	930	654.475	1422	53.882
RCHGF004091	921	645.475	121	4.64882
RCHGF004092	900	624.475	158	6.2745
RCHGF004093	438	181.036	365	49.9994
RCHGF004094	426	171.163	209	30.2812
RCHGF004095	150	19.3094	28	35.9605
RCHGF004096	1743	1467.46	4926	83.2462
RCHGF004097	1335	1059.46	1924	45.0357
RCHGF004099	735	459.69	5313	286.623
RCHGF004101	642	367.961	18	1.21313
RCHGF004102	201	36.3862	0	0
RCHGF004103	177	27.0367	3	2.75172
RCHGF004104	1191	915.462	1632.74	44.2296
RCHGF004105	123	13.2708	26	48.5861
RCHGF004106	1626	1350.46	404	7.41884
RCHGF004107	822	546.509	67	3.04029
RCHGF004108	831	555.509	163	7.27669
RCHGF004109	4233	3957.46	1180	7.39439
RCHGF004110	450	190.943	16	2.07803
RCHGF004111	171	25.1477	43	42.404
RCHGF004112	132	15.0955	33	54.2129
RCHGF004113	489	224.247	177	19.5741
RCHGF004114	879	603.475	276	11.3419
RCHGF004115	2790	2514.46	619	6.10496
RCHGF004116	132	15.0955	0	0
RCHGF004117	432	176.154	15	2.11172
RCHGF004118	492	226.871	14	1.53033
RCHGF004119	774	498.59	55	2.73562
RCHGF004120	816	540.509	175	8.0292
RCHGF004121	1680	1404.46	2269	40.0647
RCHGF004122	795	519.53	204	9.73771
RCHGF004123	636	362.129	248	16.9834
RCHGF004125	1497	1221.46	10365	210.439
RCHGF004126	1089	813.462	139	4.23755
RCHGF004127	300	83.1851	15	4.4718
RCHGF004128	666	391.57	66	4.17995
RCHGF004129	810	534.519	116	5.38185
RCHGF004130	1371	1095.46	256	5.79535
RCHGF004131	1440	1164.46	162	3.45006
RCHGF004132	1437	1161.46	152	3.24546
RCHGF004133	1383	1107.46	110	2.46321
RCHGF004134	837	561.481	59	2.60588
RCHGF004135	438	181.036	19	2.60271
RCHGF004136	123	13.2708	10	18.687
RCHGF004137	915	639.475	1791	69.4559
RCHGF004138	885	609.475	1404	57.1279
RCHGF004139	1014	738.462	180	6.04479
RCHGF004140	1158	882.462	598	16.8051
RCHGF004141	306	86.8087	147	41.9944
RCHGF004142	237	50.9637	172	83.696
RCHGF004143	642	367.961	99	6.67222
RCHGF004144	807	531.519	66	3.07937
RCHGF004145	762	486.63	41	2.0894
RCHGF004146	462	200.868	21	2.59266
RCHGF004147	417	163.873	11	1.66464
RCHGF004148	2715	2439.46	135	1.37239
RCHGF004149	966	690.462	25	0.89792
RCHGF004150	804	528.519	20	0.938439
RCHGF004151	1179	903.462	28	0.768573
RCHGF004152	861	585.475	62	2.62615
RCHGF004153	123	13.2708	22	41.1113
RCHGF004154	147	18.6506	3	3.98901
RCHGF004155	183	29.3248	16	13.5307
RCHGF004156	636	362.129	37	2.53382
RCHGF004157	945	669.462	101	3.74139
RCHGF004158	780	504.545	184	9.04388
RCHGF004159	999	723.462	1111	38.0834
RCHGF004160	687	412.069	872	52.4788
RCHGF004161	657	382.695	440	28.5126
RCHGF004162	1809	1533.46	1560	25.2283
RCHGF004163	1176	900.462	536	14.7617
RCHGF004164	1455	1179.46	3371	70.8781
RCHGF004165	636	362.129	372	25.4751
RCHGF004166	258	60.2859	216	88.8536
RCHGF004167	345	111.581	205	45.5618
RCHGF004168	597	324.406	620	47.3958
RCHGF004169	6609	6333.46	2284	8.94318
RCHGF004170	438	181.036	31	4.24652
RCHGF004171	840	564.481	24	1.05438
RCHGF004172	297	81.3753	5	1.52375
RCHGF004173	1464	1188.46	258	5.38358
RCHGF004174	780	504.545	56	2.75249
RCHGF004175	1092	816.462	48	1.45795
RCHGF004176	2604	2328.46	113	1.2035
RCHGF004177	750	474.63	35	1.82873
RCHGF004178	159	21.3526	28	32.5196
RCHGF004179	708	432.897	222	12.7176
RCHGF004180	636	362.129	132	9.03956
RCHGF004181	450	190.943	301	39.093
RCHGF004182	165	23.1808	49	52.421
RCHGF004183	777	501.555	234	11.57
RCHGF004184	111	11.6813	3	6.36895
RCHGF004185	1401	1125.46	5176	114.051
RCHGF004186	756	480.63	801	41.3294
RCHGF004187	798	522.519	1623	77.0288
RCHGF004188	858	582.475	827	35.2099
RCHGF004189	825	549.509	721	32.5385
RCHGF004190	1317	1041.46	177	4.2147
RCHGF004191	1437	1161.46	195	4.16358
RCHGF004192	1848	1572.46	278	4.38431
RCHGF004193	837	561.481	142	6.27177
RCHGF004194	435	178.638	181	25.1271
RCHGF004195	2508	2232.46	334	3.71022
RCHGF004196	1329	1053.46	454	10.6875
RCHGF004197	120	12.9742	16	30.5828
RCHGF004198	1590	1314.46	1201	22.6585
RCHGF004199	708	432.897	56	3.20805
RCHGF004200	1215	939.462	735	19.4019
RCHGF004201	522	254.15	166	16.1977
RCHGF004202	699	423.948	6201	362.732
RCHGF004203	579	307.117	169	13.6464
RCHGF004204	1176	900.462	866	23.8501
RCHGF004205	984	708.462	466	16.312
RCHGF004206	1164	888.462	1752	48.9026
RCHGF004207	363	123.709	4743	950.8
RCHGF004208	957	681.462	16144	587.498
RCHGF004209	396	147.701	9862	1655.84
RCHGF004210	363	123.709	2336	468.284
RCHGF004211	114	11.8869	3754	7831.85
RCHGF004212	771	495.59	7226	361.587
RCHGF004213	645	370.876	13137	878.425
RCHGF004214	1302	1026.46	23036	556.546
RCHGF004215	438	181.036	3183	436.022
RCHGF004216	510	243.144	6044	616.45
RCHGF004217	354	117.555	5954	1256.04
RCHGF004218	543	273.393	9993	906.454
RCHGF004219	393	145.414	16524	2818.04
RCHGF004220	537	267.85	12344	1142.88
RCHGF004221	321	95.9856	4344	1122.33
RCHGF004222	366	125.829	4280	843.532
RCHGF004223	258	60.2859	3391	1394.92
RCHGF004224	198	35.0841	1318	931.628
RCHGF004225	414	161.5	9066	1392.13
RCHGF004226	789	513.53	19976	964.672
RCHGF004227	333	103.611	1113	266.396
RCHGF004228	276	69.6018	2451	873.292
RCHGF004229	831	555.509	11937	532.895
RCHGF004230	294	79.7788	5560	1728.32
RCHGF004231	627	353.381	7216	506.397
RCHGF004232	684	409.081	13425	813.845
RCHGF004233	726	450.791	153	8.41692
RCHGF004234	738	462.663	138	7.39693
RCHGF004235	996	720.462	269	9.2593
RCHGF004236	765	489.63	154	7.79992
RCHGF004238	309	88.6722	357	99.843
RCHGF004239	216	42.4381	317	185.243
RCHGF004240	1182	906.462	95845	2622.15
RCHGF004241	2076	1800.46	38570	531.255
RCHGF004242	468	205.971	6294	757.806
RCHGF004243	420	166.299	13619	2030.91
RCHGF004244	810	534.519	607	28.1619
RCHGF004245	1350	1074.46	575	13.2713
RCHGF004247	543	273.393	1058	95.97
RCHGF004248	189	31.5735	2173	1706.76
RCHGF004249	279	71.3231	7905	2748.58
RCHGF004250	450	190.943	252	32.729
RCHGF004251	807	531.519	1303	60.7942
RCHGF004252	432	176.154	388	54.623
RCHGF004253	153	20.037	5	6.18835
RCHGF004254	234	49.6324	3697	1847.23
RCHGF004255	369	127.861	1761	341.553
RCHGF004256	1287	1011.46	16540	405.53
RCHGF004257	120	12.9742	71	135.711
RCHGF004258	192	32.755	55049	41678.2
RCHGF004259	402	152.279	20118	3276.28
RCHGF004260	918	642.475	537	20.7279
RCHGF004261	462	200.868	206	25.4328
RCHGF004262	120	12.9742	23	43.9627
RCHGF004263	330	101.65	62	15.1259
RCHGF004264	1041	765.462	260	8.42339
RCHGF004265	708	432.897	108	6.18695
RCHGF004266	1917	1641.46	509	7.68996
RCHGF004267	702	426.927	136	7.89992
RCHGF004268	3519	3243.46	723	5.52798
RCHGF004269	366	125.829	44	8.67183
RCHGF004270	609	335.783	160	11.8168
RCHGF004271	480	216.387	34	3.89659
RCHGF004272	318	94.0415	23	6.0652
RCHGF004273	360	121.658	18	3.66917
RCHGF004274	267	64.7597	21	8.04176
RCHGF004275	1683	1407.46	438	7.71746
RCHGF004276	570	298.71	46	3.81897
RCHGF004277	1212	936.462	294	7.78564
RCHGF004278	1734	1458.46	332	5.64521
RCHGF004279	390	143.063	59	10.2273
RCHGF004280	249	55.9504	64	28.367
RCHGF004281	291	77.9832	43	13.6743
RCHGF004282	144	17.8758	41	56.8796
RCHGF004283	306	86.8087	61	17.4262
RCHGF004284	207	38.6764	25	16.0299
RCHGF004285	396	147.701	129	21.6592
RCHGF004286	219	43.6432	6	3.40935
RCHGF004287	852	576.481	188	8.08742
RCHGF004288	219	43.6432	19	10.7963
RCHGF004289	585	312.764	52	4.12309
RCHGF004290	261	61.4944	9	3.62948
RCHGF004291	204	37.5768	3	1.97988
RCHGF004292	456	195.876	53	6.71013
RCHGF004293	1383	1107.46	311	6.96416
RCHGF004294	894	618.475	139	5.57352
RCHGF004295	315	92.2161	96	25.8167
RCHGF004296	156	20.7604	12	14.3345
RCHGF004297	906	630.475	283	11.1315
RCHGF004298	540	270.65	186	17.0428
RCHGF004299	255	58.7948	28	11.8102
RCHGF004300	123	13.2708	126	235.456
RCHGF004301	189	31.5735	76	59.6935
RCHGF004302	171	25.1477	498	491.098
RCHGF004303	177	27.0367	84	77.0483
RCHGF004304	168	24.1463	100	102.704
RCHGF004305	303	84.9008	1990	581.27
RCHGF004306	390	143.063	414	71.7645
RCHGF004307	918	642.475	5562	214.69
RCHGF004308	1407	1131.46	567	12.4274
