-e target_id	length	eff_length	Monoculture_Bi_animalis_lactis_PT33_Late_Replicate_2_HGF2_counts	tpm
RCHGF000001	708	477.997	0	0
RCHGF000002	762	531.997	0	0
RCHGF000003	780	549.997	1	450.155
RCHGF000004	882	651.997	0	0
RCHGF000005	903	672.997	0	0
RCHGF000006	1215	984.997	0	0
RCHGF000007	855	624.997	0	0
RCHGF000008	561	332.208	0	0
RCHGF000009	522	294.235	0	0
RCHGF000010	447	224.085	0	0
RCHGF000011	714	483.997	0	0
RCHGF000012	1449	1219	1	203.105
RCHGF000013	144	19.9697	0	0
RCHGF000014	639	408.997	0	0
RCHGF000015	480	253.575	0	0
RCHGF000016	744	513.997	0	0
RCHGF000017	849	618.997	0	0
RCHGF000018	387	167.015	0	0
RCHGF000020	519	291.235	0	0
RCHGF000021	156	23.3939	0	0
RCHGF000022	918	687.997	0	0
RCHGF000023	1470	1240	0	0
RCHGF000024	948	717.997	1	344.826
RCHGF000025	2820	2590	0	0
RCHGF000026	528	300.235	0	0
RCHGF000027	480	253.575	0	0
RCHGF000028	747	516.997	0	0
RCHGF000029	852	621.997	0	0
RCHGF000030	852	621.997	0	0
RCHGF000031	2136	1906	0	0
RCHGF000032	114	10.7857	0	0
RCHGF000033	1155	924.997	0	0
RCHGF000034	2412	2182	0	0
RCHGF000035	642	411.997	0	0
RCHGF000036	945	714.997	0	0
RCHGF000037	399	177.322	0	0
RCHGF000038	1875	1645	0	0
RCHGF000039	699	468.997	0	0
RCHGF000040	2544	2314	2	213.988
RCHGF000041	1098	867.997	1	285.236
RCHGF000042	2586	2356	2	210.173
RCHGF000043	3450	3220	5	384.447
RCHGF000044	390	169.734	0	0
RCHGF000045	834	603.997	2	819.819
RCHGF000046	816	585.997	0	0
RCHGF000047	1971	1741	4	568.833
RCHGF000048	813	582.997	2	849.349
RCHGF000049	1026	795.997	0	0
RCHGF000050	1857	1627	0	0
RCHGF000051	1692	1462	0	0
RCHGF000052	126	13.7667	0	0
RCHGF000053	165	25.9535	0	0
RCHGF000054	135	15.84	0	0
RCHGF000055	447	224.085	0	0
RCHGF000056	126	13.7667	0	0
RCHGF000057	408	185.729	0	0
RCHGF000058	639	408.997	0	0
RCHGF000059	933	702.997	0	0
RCHGF000060	675	444.997	0	0
RCHGF000061	744	513.997	1	481.684
RCHGF000062	1182	951.997	0	0
RCHGF000063	1974	1744	0	0
RCHGF000064	1479	1249	0	0
RCHGF000065	900	669.997	0	0
RCHGF000066	687	456.997	1	541.763
RCHGF000067	1395	1165	0	0
RCHGF000068	894	663.997	0	0
RCHGF000069	687	456.997	0	0
RCHGF000070	873	642.997	0	0
RCHGF000071	363	145.59	0	0
RCHGF000072	117	11.1111	0	0
RCHGF000073	861	630.997	0	0
RCHGF000074	732	501.997	0	0
RCHGF000075	207	43.1533	0	0
RCHGF000076	276	78.2515	2	6327.9
RCHGF000077	288	86.6016	0	0
RCHGF000078	1566	1336	0	0
RCHGF000079	288	86.6016	0	0
RCHGF000080	459	234.59	0	0
RCHGF000081	450	226.717	0	0
RCHGF000082	411	188.424	0	0
RCHGF000083	369	150.598	0	0
RCHGF000084	1497	1267	0	0
RCHGF000085	726	495.997	0	0
RCHGF000086	585	356.208	0	0
RCHGF000087	1785	1555	0	0
RCHGF000088	1746	1516	0	0
RCHGF000089	615	385.613	0	0
RCHGF000090	354	137.07	0	0
RCHGF000091	1878	1648	0	0
RCHGF000092	1446	1216	0	0
RCHGF000093	513	285.235	1	868.001
RCHGF000094	672	441.997	0	0
RCHGF000095	1434	1204	0	0
RCHGF000096	987	756.997	0	0
RCHGF000097	1050	819.997	0	0
RCHGF000098	1203	972.997	0	0
RCHGF000099	1329	1099	0	0
RCHGF000100	207	43.1533	0	0
RCHGF000101	765	534.997	0	0
RCHGF000102	1164	933.997	0	0
RCHGF000103	1707	1477	1	167.627
RCHGF000104	1047	816.997	0	0
RCHGF000105	2346	2116	1	117.006
RCHGF000106	753	522.997	0	0
RCHGF000107	195	38.7235	0	0
RCHGF000108	195	38.7235	0	0
RCHGF000109	666	435.997	0	0
RCHGF000110	1152	921.997	0	0
RCHGF000111	1008	777.997	0	0
RCHGF000112	996	765.997	0	0
RCHGF000113	828	597.997	0	0
RCHGF000114	798	567.997	0	0
RCHGF000115	474	248.795	0	0
RCHGF000116	417	194.424	0	0
RCHGF000117	819	588.997	0	0
RCHGF000118	2754	2524	0	0
RCHGF000119	981	750.997	0	0
RCHGF000121	474	248.795	0	0
RCHGF000122	912	681.997	0	0
RCHGF000123	1251	1021	0	0
RCHGF000124	492	265.575	0	0
RCHGF000125	672	441.997	0	0
RCHGF000126	375	155.827	0	0
RCHGF000127	1632	1402	0	0
RCHGF000128	333	118.24	0	0
RCHGF000129	1206	975.997	0	0
RCHGF000130	1470	1240	0	0
RCHGF000131	987	756.997	0	0
RCHGF000132	900	669.997	0	0
RCHGF000133	657	426.997	0	0
RCHGF000134	2331	2101	0	0
RCHGF000135	1776	1546	0	0
RCHGF000136	120	12.95	0	0
RCHGF000137	597	368.208	0	0
RCHGF000138	1125	894.997	0	0
RCHGF000139	978	747.997	0	0
RCHGF000140	489	262.575	0	0
RCHGF000141	1188	957.997	0	0
RCHGF000142	135	15.84	0	0
RCHGF000143	174	30.0455	0	0
RCHGF000144	735	504.997	0	0
RCHGF000145	702	471.997	0	0
RCHGF000146	777	546.997	0	0
RCHGF000147	243	59.2392	0	0
RCHGF000148	399	177.322	7	9773.69
RCHGF000149	750	519.997	0	0
RCHGF000151	2724	2494	0	0
RCHGF000152	729	498.997	0	0
RCHGF000153	444	221.085	0	0
RCHGF000154	765	534.997	0	0
RCHGF000155	1194	963.997	0	0
RCHGF000156	909	678.997	0	0
RCHGF000157	744	513.997	0	0
RCHGF000158	555	326.732	0	0
RCHGF000159	1041	810.997	0	0
RCHGF000160	927	696.997	0	0
RCHGF000161	1488	1258	0	0
RCHGF000162	1671	1441	0	0
RCHGF000163	1053	822.997	0	0
RCHGF000165	1038	807.997	0	0
RCHGF000166	2400	2170	0	0
RCHGF000167	120	12.95	0	0
RCHGF000168	873	642.997	1	385.047
RCHGF000169	1836	1606	2	308.324
RCHGF000170	552	323.732	0	0
RCHGF000171	1230	999.997	0	0
RCHGF000172	558	329.208	0	0
RCHGF000173	468	243.59	0	0
RCHGF000174	150	22.3797	0	0
RCHGF000175	1656	1426	0	0
RCHGF000176	873	642.997	0	0
RCHGF000177	390	169.734	0	0
RCHGF000178	876	645.997	2	766.518
RCHGF000179	996	765.997	1	323.218
RCHGF000180	120	12.95	0	0
RCHGF000181	813	582.997	0	0
RCHGF000182	786	555.997	0	0
RCHGF000183	1230	999.997	0	0
RCHGF000184	447	224.085	0	0
RCHGF000185	1398	1168	0	0
RCHGF000186	525	297.235	2	1665.92
RCHGF000187	741	510.997	0	0
RCHGF000188	456	231.971	0	0
RCHGF000189	1380	1150	0	0
RCHGF000190	1140	909.997	0	0
RCHGF000191	1401	1171	0	0
RCHGF000192	624	393.997	0	0
RCHGF000193	1539	1309	0	0
RCHGF000194	1209	978.997	0	0
RCHGF000195	897	666.997	0	0
RCHGF000196	1458	1228	0	0
RCHGF000197	969	738.997	0	0
RCHGF000198	1287	1057	0	0
RCHGF000199	1242	1012	0	0
RCHGF000200	1446	1216	1	203.606
RCHGF000201	1185	954.997	0	0
RCHGF000202	162	24.5702	0	0
RCHGF000203	582	353.208	0	0
RCHGF000204	1209	978.997	0	0
RCHGF000205	720	489.997	0	0
RCHGF000206	1503	1273	0	0
RCHGF000207	1101	870.997	0	0
RCHGF000208	1332	1102	0	0
RCHGF000209	2175	1945	0	0
RCHGF000210	1710	1480	0	0
RCHGF000212	1578	1348	0	0
RCHGF000213	1425	1195	0	0
RCHGF000214	315	106.342	0	0
RCHGF000215	435	212.085	0	0
RCHGF000216	723	492.997	0	0
RCHGF000217	111	9.41667	0	0
RCHGF000218	651	420.997	0	0
RCHGF000219	1050	819.997	0	0
RCHGF000220	132	15.0698	0	0
RCHGF000221	726	495.997	0	0
RCHGF000222	1038	807.997	0	0
RCHGF000223	1254	1024	0	0
RCHGF000224	654	423.997	0	0
RCHGF000225	522	294.235	0	0
RCHGF000226	1080	849.997	0	0
RCHGF000227	282	82.7773	0	0
RCHGF000228	1026	795.997	0	0
RCHGF000229	336	120.826	0	0
RCHGF000230	711	480.997	0	0
RCHGF000231	678	447.997	0	0
RCHGF000232	456	231.971	0	0
RCHGF000233	534	306.235	0	0
RCHGF000234	645	414.997	0	0
RCHGF000235	3291	3061	0	0
RCHGF000236	552	323.732	0	0
RCHGF000237	2649	2419	2	204.7
RCHGF000238	321	110.02	0	0
RCHGF000240	942	711.997	1	347.732
RCHGF000241	588	359.208	1	689.249
RCHGF000242	459	234.59	0	0
RCHGF000243	1050	819.997	1	301.933
RCHGF000244	1551	1321	0	0
RCHGF000245	783	552.997	0	0
RCHGF000246	1434	1204	1	205.635
RCHGF000247	1656	1426	0	0
RCHGF000248	2358	2128	1	116.346
RCHGF000249	1101	870.997	0	0
RCHGF000250	1539	1309	0	0
RCHGF000251	1095	864.997	0	0
RCHGF000252	951	720.997	1	343.391
RCHGF000253	1254	1024	0	0
RCHGF000254	1281	1051	0	0
RCHGF000255	426	203.424	0	0
RCHGF000256	600	371.208	2	1333.94
RCHGF000257	1752	1522	0	0
RCHGF000258	1128	897.997	0	0
RCHGF000259	1206	975.997	0	0
RCHGF000260	168	27.5588	2	17967.7
RCHGF000261	540	312.235	0	0
RCHGF000262	816	585.997	0	0
RCHGF000263	1410	1180	0	0
RCHGF000264	978	747.997	0	0
RCHGF000265	225	49.2789	0	0
RCHGF000266	207	43.1533	0	0
RCHGF000267	150	22.3797	0	0
RCHGF000268	213	46.7138	0	0
RCHGF000269	759	528.997	0	0
RCHGF000270	939	708.997	0	0
RCHGF000271	114	10.7857	0	0
RCHGF000272	2676	2446	0	0
RCHGF000273	270	74.1649	3	10014.9
RCHGF000274	204	42.6626	0	0
RCHGF000275	501	274.134	0	0
RCHGF000276	735	504.997	0	0
RCHGF000277	585	356.208	0	0
RCHGF000279	345	128.974	0	0
RCHGF000280	600	371.208	0	0
RCHGF000281	591	362.208	0	0
RCHGF000282	864	633.997	0	0
RCHGF000283	621	390.997	0	0
RCHGF000284	375	155.827	0	0
RCHGF000285	429	206.424	0	0
RCHGF000286	945	714.997	0	0
RCHGF000287	729	498.997	0	0
RCHGF000288	2244	2014	0	0
RCHGF000289	1296	1066	0	0
RCHGF000290	906	675.997	0	0
RCHGF000291	207	43.1533	0	0
RCHGF000292	951	720.997	0	0
RCHGF000293	885	654.997	1	377.993
RCHGF000294	135	15.84	0	0
RCHGF000295	711	480.997	0	0
RCHGF000296	540	312.235	0	0
RCHGF000297	702	471.997	0	0
RCHGF000298	771	540.997	1	457.644
RCHGF000299	1164	933.997	0	0
RCHGF000300	1056	825.997	0	0
RCHGF000301	486	259.575	0	0
RCHGF000302	1125	894.997	0	0
RCHGF000303	264	70.3333	17	59842.6
RCHGF000304	873	642.997	0	0
RCHGF000305	954	723.997	0	0
RCHGF000306	294	91.2136	0	0
RCHGF000307	939	708.997	0	0
RCHGF000308	1806	1576	0	0
RCHGF000309	840	609.997	0	0
RCHGF000310	1101	870.997	0	0
RCHGF000311	1026	795.997	0	0
RCHGF000312	264	70.3333	1	3520.15
RCHGF000313	2208	1978	1	125.169
RCHGF000314	1389	1159	2	427.238
RCHGF000315	669	438.997	0	0
RCHGF000316	327	114.25	0	0
RCHGF000317	711	480.997	0	0
RCHGF000318	1302	1072	0	0
RCHGF000319	375	155.827	0	0
RCHGF000320	549	320.732	0	0
RCHGF000321	993	762.997	1	324.489
RCHGF000323	1233	1003	0	0
RCHGF000324	771	540.997	0	0
RCHGF000325	576	347.208	0	0
RCHGF000326	864	633.997	0	0
RCHGF000327	177	32.0566	0	0
RCHGF000328	162	24.5702	0	0
RCHGF000329	930	699.997	0	0
RCHGF000330	978	747.997	0	0
RCHGF000331	1005	774.997	0	0
RCHGF000332	798	567.997	0	0
RCHGF000333	522	294.235	0	0
RCHGF000334	1650	1420	0	0
RCHGF000335	699	468.997	0	0
RCHGF000336	459	234.59	0	0
RCHGF000337	1299	1069	0	0
RCHGF000338	282	82.7773	0	0
RCHGF000339	558	329.208	0	0
RCHGF000340	171	28.7931	0	0
RCHGF000341	330	116.051	0	0
RCHGF000342	597	368.208	0	0
RCHGF000343	1161	930.997	0	0
RCHGF000344	519	291.235	0	0
RCHGF000345	771	540.997	0	0
RCHGF000346	564	335.208	0	0
RCHGF000347	645	414.997	0	0
RCHGF000348	1029	798.997	0	0
RCHGF000349	681	450.997	0	0
RCHGF000350	831	600.997	0	0
RCHGF000351	402	180.03	0	0
RCHGF000352	1038	807.997	0	0
RCHGF000353	771	540.997	0	0
RCHGF000354	717	486.997	1	508.389
RCHGF000355	150	22.3797	0	0
RCHGF000356	993	762.997	0	0
RCHGF000357	1014	783.997	0	0
RCHGF000358	1263	1033	0	0
RCHGF000359	135	15.84	0	0
RCHGF000360	903	672.997	0	0
RCHGF000361	1992	1762	0	0
RCHGF000362	870	639.997	0	0
RCHGF000363	1176	945.997	0	0
RCHGF000364	510	282.689	0	0
RCHGF000365	1290	1060	1	233.57
RCHGF000366	1002	771.997	0	0
RCHGF000367	759	528.997	0	0
RCHGF000368	840	609.997	0	0
RCHGF000369	1383	1153	1	214.731
RCHGF000370	240	57.1318	0	0
RCHGF000372	2397	2167	0	0
RCHGF000373	867	636.997	0	0
RCHGF000374	1239	1009	0	0
RCHGF000375	138	17.537	0	0
RCHGF000377	215	46.4345	0	0
RCHGF000379	750	519.997	0	0
RCHGF000380	594	365.208	0	0
RCHGF000381	330	116.051	0	0
RCHGF000382	1098	867.997	0	0
RCHGF000383	558	329.208	0	0
RCHGF000384	300	95.4324	0	0
RCHGF000385	1053	822.997	0	0
RCHGF000386	474	248.795	0	0
RCHGF000387	396	174.322	0	0
RCHGF000388	663	432.997	0	0
RCHGF000389	834	603.997	0	0
RCHGF000390	744	513.997	0	0
RCHGF000391	735	504.997	0	0
RCHGF000392	1053	822.997	0	0
RCHGF000393	867	636.997	0	0
RCHGF000394	1026	795.997	0	0
RCHGF000395	1431	1201	0	0
RCHGF000396	1275	1045	0	0
RCHGF000397	561	332.208	0	0
RCHGF000398	3159	2929	0	0
RCHGF000399	1293	1063	0	0
RCHGF000400	300	95.4324	0	0
RCHGF000401	309	101.678	0	0
RCHGF000402	645	414.997	0	0
RCHGF000403	312	104.114	0	0
RCHGF000404	141	18.129	0	0
RCHGF000405	591	362.208	0	0
RCHGF000406	1173	942.997	0	0
RCHGF000407	1572	1342	0	0
RCHGF000408	831	600.997	0	0
RCHGF000409	468	243.59	0	0
RCHGF000410	207	43.1533	0	0
RCHGF000411	462	237.59	1	1042.07
RCHGF000412	300	95.4324	0	0
RCHGF000413	288	86.6016	0	0
RCHGF000414	492	265.575	0	0
RCHGF000415	240	57.1318	2	8667.12
RCHGF000416	1173	942.997	0	0
RCHGF000417	792	561.997	0	0
RCHGF000418	3453	3223	0	0
RCHGF000419	558	329.208	0	0
RCHGF000420	162	24.5702	0	0
RCHGF000421	1353	1123	0	0
RCHGF000422	804	573.997	0	0
RCHGF000423	1359	1129	0	0
RCHGF000424	852	621.997	1	398.047
RCHGF000425	1041	810.997	0	0
RCHGF000426	837	606.997	0	0
RCHGF000427	783	552.997	0	0
RCHGF000428	477	251.389	0	0
RCHGF000429	438	215.085	0	0
RCHGF000430	1455	1225	0	0
RCHGF000431	843	612.997	0	0
RCHGF000432	1041	810.997	0	0
RCHGF000433	1914	1684	0	0
RCHGF000434	666	435.997	0	0
RCHGF000435	717	486.997	0	0
RCHGF000436	465	240.59	0	0
RCHGF000437	1188	957.997	0	0
RCHGF000438	1416	1186	0	0
RCHGF000439	1086	855.997	0	0
RCHGF000440	261	68.6978	0	0
RCHGF000441	2100	1870	0	0
RCHGF000442	612	382.613	0	0
RCHGF000443	993	762.997	2	648.978
RCHGF000444	324	111.848	0	0
RCHGF000445	132	15.0698	0	0
RCHGF000446	381	161.29	0	0
RCHGF000447	135	15.84	0	0
RCHGF000448	144	19.9697	0	0
RCHGF000449	1356	1126	1	219.88
RCHGF000450	1116	885.997	0	0
RCHGF000451	192	38.835	0	0
RCHGF000452	201	41.4068	0	0
RCHGF000453	1098	867.997	0	0
RCHGF000454	1941	1711	0	0
RCHGF000455	2511	2281	0	0
RCHGF000457	1284	1054	0	0
RCHGF000459	453	228.971	0	0
RCHGF000460	1806	1576	0	0
RCHGF000461	306	99.6075	1	2485.6
RCHGF000462	594	365.208	0	0
RCHGF000463	933	702.997	0	0
RCHGF000464	555	326.732	0	0
RCHGF000465	771	540.997	0	0
RCHGF000466	1218	987.997	0	0
RCHGF000467	2529	2299	0	0
RCHGF000468	2085	1855	0	0
RCHGF000469	909	678.997	0	0
RCHGF000470	738	507.997	1	487.373
RCHGF000471	777	546.997	0	0
RCHGF000472	843	612.997	0	0
RCHGF000473	336	120.826	0	0
RCHGF000474	558	329.208	0	0
RCHGF000475	648	417.997	0	0
RCHGF000476	147	20.4667	0	0
RCHGF000477	630	399.997	0	0
RCHGF000478	975	744.997	0	0
RCHGF000479	1068	837.997	1	295.447
RCHGF000480	855	624.997	0	0
RCHGF000481	693	462.997	0	0
RCHGF000482	678	447.997	0	0
RCHGF000483	1641	1411	0	0
RCHGF000484	2343	2113	0	0
RCHGF000485	546	317.732	0	0
RCHGF000486	111	9.41667	0	0
RCHGF000487	486	259.575	0	0
RCHGF000488	441	218.085	0	0
RCHGF000489	1035	804.997	0	0
RCHGF000490	312	104.114	0	0
RCHGF000491	2640	2410	0	0
RCHGF000492	1941	1711	1	144.702
RCHGF000493	366	147.598	0	0
RCHGF000494	1773	1543	1	160.457
RCHGF000495	477	251.389	0	0
RCHGF000496	765	534.997	0	0
RCHGF000497	762	531.997	0	0
RCHGF000498	939	708.997	0	0
RCHGF000499	846	615.997	0	0
RCHGF000500	1260	1030	0	0
RCHGF000501	1014	783.997	0	0
RCHGF000502	1095	864.997	0	0
RCHGF000503	1011	780.997	0	0
RCHGF000504	1083	852.997	0	0
RCHGF000505	1233	1003	0	0
RCHGF000506	165	25.9535	0	0
RCHGF000507	921	690.997	0	0
RCHGF000508	348	131.754	0	0
RCHGF000509	138	17.537	0	0
RCHGF000510	153	22.5	0	0
RCHGF000512	498	271.575	0	0
RCHGF000513	3693	3463	0	0
RCHGF000514	1572	1342	0	0
RCHGF000515	1029	798.997	0	0
RCHGF000516	585	356.208	0	0
RCHGF000517	1530	1300	0	0
RCHGF000518	438	215.085	0	0
RCHGF000519	690	459.997	0	0
RCHGF000520	750	519.997	0	0
RCHGF000521	1224	993.997	0	0
RCHGF000522	714	483.997	0	0
RCHGF000523	369	150.598	0	0
RCHGF000524	327	114.25	0	0
RCHGF000526	186	37.191	0	0
RCHGF000527	561	332.208	0	0
RCHGF000528	807	576.997	0	0
RCHGF000529	627	396.997	0	0
RCHGF000530	273	76.5346	0	0
RCHGF000531	678	447.997	0	0
RCHGF000532	1053	822.997	0	0
RCHGF000533	978	747.997	0	0
RCHGF000534	519	291.235	1	850.118
RCHGF000535	702	471.997	1	524.546
RCHGF000536	573	344.208	0	0
RCHGF000537	1323	1093	0	0
RCHGF000538	639	408.997	0	0
RCHGF000539	1641	1411	0	0
RCHGF000540	1764	1534	0	0
RCHGF000541	756	525.997	0	0
RCHGF000542	894	663.997	0	0
RCHGF000543	2409	2179	0	0
RCHGF000544	1371	1141	0	0
RCHGF000545	960	729.997	1	339.158
RCHGF000546	165	25.9535	0	0
RCHGF000547	378	158.827	0	0
RCHGF000548	426	203.424	0	0
RCHGF000549	471	245.795	0	0
RCHGF000550	840	609.997	0	0
RCHGF000551	702	471.997	0	0
RCHGF000552	1836	1606	0	0
RCHGF000553	312	104.114	0	0
RCHGF000554	1257	1027	0	0
RCHGF000555	345	128.974	0	0
RCHGF000556	1443	1213	0	0
RCHGF000557	873	642.997	0	0
RCHGF000558	795	564.997	0	0
RCHGF000559	747	516.997	0	0
RCHGF000560	1356	1126	0	0
RCHGF000561	453	228.971	0	0
RCHGF000562	477	251.389	0	0
RCHGF000563	1587	1357	1	182.45
RCHGF000564	816	585.997	0	0
RCHGF000565	543	314.732	0	0
RCHGF000566	600	371.208	0	0
RCHGF000567	873	642.997	0	0
RCHGF000568	837	606.997	0	0
RCHGF000569	828	597.997	0	0
RCHGF000570	717	486.997	0	0
RCHGF000571	1341	1111	0	0
RCHGF000572	774	543.997	0	0
RCHGF000573	1353	1123	0	0
RCHGF000574	951	720.997	0	0
RCHGF000575	354	137.07	0	0
RCHGF000576	1647	1417	0	0
RCHGF000577	669	438.997	0	0
RCHGF000578	1110	879.997	0	0
RCHGF000579	714	483.997	0	0
RCHGF000580	504	276.689	0	0
RCHGF000581	762	531.997	0	0
RCHGF000582	762	531.997	0	0
RCHGF000583	768	537.997	0	0
RCHGF000584	357	139.835	0	0
RCHGF000585	252	64.0594	8	30919.3
RCHGF000586	1329	1099	0	0
RCHGF000587	765	534.997	0	0
RCHGF000588	222	48.9404	0	0
RCHGF000589	369	150.598	0	0
RCHGF000590	357	139.835	0	0
RCHGF000592	3047	2817	1	87.8893
RCHGF000594	1983	1753	0	0
RCHGF000595	1425	1195	0	0
RCHGF000596	237	55.15	0	0
RCHGF000597	180	33.8606	0	0
RCHGF000598	903	672.997	0	0
RCHGF000599	882	651.997	0	0
RCHGF000600	1116	885.997	0	0
RCHGF000601	1755	1525	0	0
RCHGF000602	1134	903.997	0	0
RCHGF000603	1032	801.997	0	0
RCHGF000604	1392	1162	0	0
RCHGF000605	891	660.997	0	0
RCHGF000606	1026	795.997	0	0
RCHGF000607	1707	1477	0	0
RCHGF000608	1455	1225	0	0
RCHGF000609	1098	867.997	0	0
RCHGF000610	951	720.997	0	0
RCHGF000611	900	669.997	1	369.53
RCHGF000612	1146	915.997	2	540.578
RCHGF000613	1119	888.997	0	0
RCHGF000614	825	594.997	0	0
RCHGF000615	1149	918.997	1	269.407
RCHGF000616	624	393.997	0	0
RCHGF000617	597	368.208	1	672.402
RCHGF000618	1224	993.997	1	249.079
RCHGF000619	510	282.689	1	875.817
RCHGF000620	1902	1672	1	148.077
RCHGF000621	237	55.15	0	0
RCHGF000622	153	22.5	0	0
RCHGF000623	291	89.0824	0	0
RCHGF000624	402	180.03	0	0
RCHGF000625	111	9.41667	0	0
RCHGF000626	963	732.997	0	0
RCHGF000627	1191	960.997	0	0
RCHGF000628	204	42.6626	0	0
RCHGF000629	1140	909.997	0	0
RCHGF000631	567	338.208	0	0
RCHGF000632	720	489.997	1	505.277
RCHGF000633	195	38.7235	0	0
RCHGF000634	438	215.085	0	0
RCHGF000635	879	648.997	0	0
RCHGF000636	1491	1261	1	196.34
RCHGF000637	1179	948.997	1	260.89
RCHGF000638	1308	1078	0	0
RCHGF000639	1023	792.997	0	0
RCHGF000640	120	12.95	0	0
RCHGF000641	408	185.729	0	0
RCHGF000642	780	549.997	0	0
RCHGF000643	354	137.07	0	0
RCHGF000644	177	32.0566	0	0
RCHGF000645	786	555.997	0	0
RCHGF000646	138	17.537	0	0
RCHGF000647	762	531.997	0	0
RCHGF000648	909	678.997	0	0
RCHGF000649	198	39.9692	0	0
RCHGF000650	1101	870.997	0	0
RCHGF000651	114	10.7857	0	0
RCHGF000652	780	549.997	0	0
RCHGF000653	111	9.41667	0	0
RCHGF000654	1104	873.997	0	0
RCHGF000655	1167	936.997	0	0
RCHGF000656	120	12.95	0	0
RCHGF000657	891	660.997	0	0
RCHGF000658	117	11.1111	0	0
RCHGF000659	2055	1825	0	0
RCHGF000660	309	101.678	0	0
RCHGF000661	1239	1009	0	0
RCHGF000662	324	111.848	0	0
RCHGF000663	1443	1213	0	0
RCHGF000664	1188	957.997	0	0
RCHGF000665	174	30.0455	0	0
RCHGF000666	537	309.235	0	0
RCHGF000667	1215	984.997	0	0
RCHGF000668	2190	1960	0	0
RCHGF000669	123	13.12	0	0
RCHGF000670	528	300.235	0	0
RCHGF000671	144	19.9697	0	0
RCHGF000672	813	582.997	0	0
RCHGF000673	423	200.424	0	0
RCHGF000674	141	18.129	0	0
RCHGF000675	765	534.997	0	0
RCHGF000676	558	329.208	0	0
RCHGF000677	849	618.997	1	399.976
RCHGF000678	1119	888.997	0	0
RCHGF000679	144	19.9697	0	0
RCHGF000680	1035	804.997	0	0
RCHGF000681	666	435.997	0	0
RCHGF000682	918	687.997	0	0
RCHGF000683	747	516.997	0	0
RCHGF000684	204	42.6626	0	0
RCHGF000685	960	729.997	0	0
RCHGF000686	798	567.997	0	0
RCHGF000687	777	546.997	0	0
RCHGF000688	777	546.997	0	0
RCHGF000689	123	13.12	0	0
RCHGF000690	921	690.997	0	0
RCHGF000691	300	95.4324	0	0
RCHGF000692	822	591.997	0	0
RCHGF000693	780	549.997	0	0
RCHGF000694	468	243.59	0	0
RCHGF000695	738	507.997	0	0
RCHGF000696	408	185.729	0	0
RCHGF000697	2712	2482	0	0
RCHGF000698	1215	984.997	0	0
RCHGF000699	1224	993.997	0	0
RCHGF000700	600	371.208	0	0
RCHGF000701	729	498.997	0	0
RCHGF000702	1737	1507	0	0
RCHGF000703	552	323.732	0	0
RCHGF000704	774	543.997	0	0
RCHGF000705	756	525.997	0	0
RCHGF000706	699	468.997	0	0
RCHGF000707	858	627.997	0	0
RCHGF000708	873	642.997	0	0
RCHGF000709	309	101.678	0	0
RCHGF000710	888	657.997	2	752.538
RCHGF000711	837	606.997	0	0
RCHGF000712	489	262.575	0	0
RCHGF000713	426	203.424	1	1217.09
RCHGF000714	984	753.997	0	0
RCHGF000715	891	660.997	0	0
RCHGF000716	324	111.848	0	0
RCHGF000717	819	588.997	0	0
RCHGF000718	819	588.997	1	420.349
RCHGF000719	531	303.235	0	0
RCHGF000720	1152	921.997	0	0
RCHGF000721	558	329.208	0	0
RCHGF000722	624	393.997	0	0
RCHGF000723	762	531.997	0	0
RCHGF000724	882	651.997	0	0
RCHGF000725	1356	1126	0	0
RCHGF000726	405	183.03	0	0
RCHGF000727	540	312.235	0	0
RCHGF000728	1338	1108	0	0
RCHGF000729	1065	834.997	0	0
RCHGF000730	624	393.997	0	0
RCHGF000731	660	429.997	1	575.781
RCHGF000732	1005	774.997	0	0
RCHGF000733	192	38.835	0	0
RCHGF000734	684	453.997	0	0
RCHGF000735	423	200.424	0	0
RCHGF000736	2136	1906	0	0
RCHGF000737	930	699.997	0	0
RCHGF000738	936	705.997	0	0
RCHGF000739	642	411.997	0	0
RCHGF000740	507	279.689	0	0
RCHGF000741	939	708.997	0	0
RCHGF000742	225	49.2789	0	0
RCHGF000743	846	615.997	0	0
RCHGF000744	393	171.607	0	0
RCHGF000745	684	453.997	0	0
RCHGF000746	378	158.827	0	0
RCHGF000747	1068	837.997	0	0
RCHGF000748	150	22.3797	0	0
RCHGF000749	654	423.997	0	0
RCHGF000750	849	618.997	0	0
RCHGF000751	369	150.598	0	0
RCHGF000752	123	13.12	0	0
RCHGF000753	918	687.997	0	0
RCHGF000754	117	11.1111	0	0
RCHGF000755	1131	900.997	0	0
RCHGF000756	693	462.997	0	0
RCHGF000757	132	15.0698	0	0
RCHGF000758	432	209.085	0	0
RCHGF000759	510	282.689	0	0
RCHGF000760	489	262.575	0	0
RCHGF000762	996	765.997	0	0
RCHGF000763	411	188.424	0	0
RCHGF000764	1065	834.997	0	0
RCHGF000765	1944	1714	0	0
RCHGF000766	936	705.997	0	0
RCHGF000767	552	323.732	0	0
RCHGF000769	345	128.974	0	0
RCHGF000770	1254	1024	0	0
RCHGF000771	594	365.208	0	0
RCHGF000772	528	300.235	0	0
RCHGF000773	1098	867.997	0	0
RCHGF000774	2265	2035	0	0
RCHGF000775	1611	1381	0	0
RCHGF000776	318	107.795	0	0
RCHGF000777	411	188.424	0	0
RCHGF000778	642	411.997	0	0
RCHGF000779	1218	987.997	0	0
RCHGF000780	537	309.235	0	0
RCHGF000781	129	13.3846	0	0
RCHGF000782	129	13.3846	0	0
RCHGF000783	687	456.997	0	0
RCHGF000784	1080	849.997	0	0
RCHGF000785	402	180.03	2	2750.48
RCHGF000786	861	630.997	0	0
RCHGF000787	1857	1627	0	0
RCHGF000788	1722	1492	0	0
RCHGF000789	426	203.424	0	0
RCHGF000790	138	17.537	0	0
RCHGF000791	2001	1771	0	0
RCHGF000792	129	13.3846	0	0
RCHGF000793	297	93.3327	0	0
RCHGF000794	654	423.997	0	0
RCHGF000795	459	234.59	0	0
RCHGF000796	609	379.613	0	0
RCHGF000797	183	35.4302	0	0
RCHGF000798	339	123.614	0	0
RCHGF000799	219	48.0852	0	0
RCHGF000800	3315	3085	0	0
RCHGF000801	666	435.997	0	0
RCHGF000802	1422	1192	0	0
RCHGF000803	3246	3016	0	0
RCHGF000804	702	471.997	1	524.546
RCHGF000805	330	116.051	0	0
RCHGF000806	678	447.997	0	0
RCHGF000807	774	543.997	0	0
RCHGF000808	159	25.0095	0	0
RCHGF000809	2202	1972	0	0
RCHGF000810	1965	1735	0	0
RCHGF000811	363	145.59	0	0
RCHGF000812	111	9.41667	0	0
RCHGF000813	132	15.0698	0	0
RCHGF000814	1491	1261	0	0
RCHGF000815	129	13.3846	0	0
RCHGF000816	1731	1501	0	0
RCHGF000817	450	226.717	0	0
RCHGF000818	159	25.0095	0	0
RCHGF000819	1677	1447	1	171.102
RCHGF000820	141	18.129	0	0
RCHGF000821	165	25.9535	0	0
RCHGF000822	801	570.997	0	0
RCHGF000823	843	612.997	0	0
RCHGF000824	855	624.997	0	0
RCHGF000825	2424	2194	0	0
RCHGF000826	627	396.997	0	0
RCHGF000827	885	654.997	0	0
RCHGF000828	609	379.613	0	0
RCHGF000829	861	630.997	0	0
RCHGF000830	1248	1018	1	243.207
RCHGF000831	840	609.997	0	0
RCHGF000832	759	528.997	0	0
RCHGF000833	471	245.795	0	0
RCHGF000834	468	243.59	0	0
RCHGF000835	435	212.085	0	0
RCHGF000836	306	99.6075	0	0
RCHGF000837	1167	936.997	0	0
RCHGF000838	117	11.1111	0	0
RCHGF000839	117	11.1111	0	0
RCHGF000840	1998	1768	0	0
RCHGF000841	624	393.997	0	0
RCHGF000842	690	459.997	0	0
RCHGF000843	714	483.997	0	0
RCHGF000844	510	282.689	0	0
RCHGF000845	561	332.208	0	0
RCHGF000846	903	672.997	0	0
RCHGF000847	663	432.997	0	0
RCHGF000848	771	540.997	0	0
RCHGF000849	1371	1141	0	0
RCHGF000850	588	359.208	0	0
RCHGF000851	669	438.997	0	0
RCHGF000852	639	408.997	0	0
RCHGF000853	816	585.997	0	0
RCHGF000855	1593	1363	0	0
RCHGF000856	222	48.9404	0	0
RCHGF000857	303	97.5302	0	0
RCHGF000858	153	22.5	0	0
RCHGF000860	1446	1216	0	0
RCHGF000861	576	347.208	0	0
RCHGF000862	1017	786.997	0	0
RCHGF000863	765	534.997	0	0
RCHGF000864	603	373.613	0	0
RCHGF000865	1182	951.997	0	0
RCHGF000866	792	561.997	0	0
RCHGF000867	1455	1225	0	0
RCHGF000868	591	362.208	0	0
RCHGF000869	666	435.997	0	0
RCHGF000870	411	188.424	0	0
RCHGF000871	423	200.424	0	0
RCHGF000872	696	465.997	0	0
RCHGF000873	282	82.7773	0	0
RCHGF000874	213	46.7138	0	0
RCHGF000875	399	177.322	0	0
RCHGF000876	888	657.997	0	0
RCHGF000877	384	164.29	0	0
RCHGF000878	348	131.754	0	0
RCHGF000879	915	684.997	0	0
RCHGF000880	666	435.997	0	0
RCHGF000881	801	570.997	0	0
RCHGF000882	225	49.2789	0	0
RCHGF000883	153	22.5	0	0
RCHGF000884	942	711.997	1	347.732
RCHGF000885	1128	897.997	0	0
RCHGF000886	135	15.84	0	0
RCHGF000887	1449	1219	0	0
RCHGF000888	600	371.208	0	0
RCHGF000889	1215	984.997	0	0
RCHGF000890	324	111.848	0	0
RCHGF000891	1920	1690	0	0
RCHGF000892	306	99.6075	0	0
RCHGF000893	726	495.997	0	0
RCHGF000894	177	32.0566	0	0
RCHGF000895	285	84.4422	0	0
RCHGF000896	327	114.25	0	0
RCHGF000897	1428	1198	0	0
RCHGF000898	1494	1264	1	195.874
RCHGF000899	240	57.1318	3	13000.7
RCHGF000900	366	147.598	0	0
RCHGF000901	903	672.997	0	0
RCHGF000902	465	240.59	0	0
RCHGF000903	513	285.235	0	0
RCHGF000904	990	759.997	0	0
RCHGF000905	912	681.997	0	0
RCHGF000906	798	567.997	0	0
RCHGF000907	564	335.208	0	0
RCHGF000908	906	675.997	0	0
RCHGF000909	810	579.997	0	0
RCHGF000910	1830	1600	0	0
RCHGF000911	1731	1501	0	0
RCHGF000912	1170	939.997	0	0
RCHGF000913	795	564.997	1	438.204
RCHGF000914	1338	1108	1	223.452
RCHGF000915	729	498.997	1	496.163
RCHGF000916	198	39.9692	0	0
RCHGF000917	1008	777.997	0	0
RCHGF000918	549	320.732	0	0
RCHGF000919	2622	2392	0	0
RCHGF000920	1098	867.997	0	0
RCHGF000921	798	567.997	0	0
RCHGF000922	114	10.7857	0	0
RCHGF000923	246	60.7543	1	4075.16
RCHGF000924	591	362.208	0	0
RCHGF000925	252	64.0594	0	0
RCHGF000926	252	64.0594	0	0
RCHGF000927	2595	2365	0	0
RCHGF000928	414	191.424	1	1293.38
RCHGF000929	150	22.3797	0	0
RCHGF000930	444	221.085	0	0
RCHGF000931	282	82.7773	0	0
RCHGF000932	1770	1540	0	0
RCHGF000933	1332	1102	0	0
RCHGF000935	1218	987.997	0	0
RCHGF000936	348	131.754	2	3758.28
RCHGF000937	111	9.41667	0	0
RCHGF000938	510	282.689	1	875.817
RCHGF000939	837	606.997	0	0
RCHGF000940	501	274.134	0	0
RCHGF000941	504	276.689	0	0
RCHGF000942	117	11.1111	0	0
RCHGF000944	453	228.971	0	0
RCHGF000945	1164	933.997	0	0
RCHGF000946	2130	1900	1	130.308
RCHGF000947	228	50.142	0	0
RCHGF000948	1833	1603	0	0
RCHGF000949	1296	1066	3	696.767
RCHGF000950	762	531.997	0	0
RCHGF000951	189	37.5812	0	0
RCHGF000952	549	320.732	0	0
RCHGF000953	177	32.0566	0	0
RCHGF000954	147	20.4667	0	0
RCHGF000955	582	353.208	0	0
RCHGF000956	720	489.997	0	0
RCHGF000957	384	164.29	0	0
RCHGF000958	1335	1105	0	0
RCHGF000960	186	37.191	0	0
RCHGF000961	1122	891.997	0	0
RCHGF000962	1011	780.997	2	634.02
RCHGF000963	567	338.208	0	0
RCHGF000964	483	256.575	1	964.957
RCHGF000965	1068	837.997	0	0
RCHGF000966	819	588.997	0	0
RCHGF000967	1047	816.997	0	0
RCHGF000968	672	441.997	0	0
RCHGF000969	672	441.997	0	0
RCHGF000970	1002	771.997	1	320.706
RCHGF000971	819	588.997	0	0
RCHGF000972	474	248.795	11	10946.4
RCHGF000973	1179	948.997	0	0
RCHGF000974	180	33.8606	0	0
RCHGF000975	303	97.5302	0	0
RCHGF000976	426	203.424	0	0
RCHGF000977	1176	945.997	1	261.718
RCHGF000978	564	335.208	0	0
RCHGF000979	132	15.0698	0	0
RCHGF000980	912	681.997	0	0
RCHGF000981	264	70.3333	0	0
RCHGF000982	552	323.732	0	0
RCHGF000983	936	705.997	0	0
RCHGF000984	945	714.997	0	0
RCHGF000985	852	621.997	0	0
RCHGF000986	429	206.424	0	0
RCHGF000987	915	684.997	0	0
RCHGF000988	918	687.997	0	0
RCHGF000989	1413	1183	0	0
RCHGF000990	1005	774.997	0	0
RCHGF000991	1266	1036	0	0
RCHGF000993	1203	972.997	0	0
RCHGF000994	273	76.5346	0	0
RCHGF000995	642	411.997	0	0
RCHGF000996	684	453.997	0	0
RCHGF000997	1128	897.997	0	0
RCHGF000998	1188	957.997	0	0
RCHGF000999	954	723.997	0	0
RCHGF001000	630	399.997	0	0
RCHGF001001	495	268.575	0	0
RCHGF001002	411	188.424	0	0
RCHGF001003	822	591.997	0	0
RCHGF001004	750	519.997	0	0
RCHGF001005	483	256.575	0	0
RCHGF001006	678	447.997	0	0
RCHGF001007	990	759.997	0	0
RCHGF001008	261	68.6978	0	0
RCHGF001009	114	10.7857	0	0
RCHGF001010	951	720.997	0	0
RCHGF001011	1152	921.997	1	268.53
RCHGF001012	705	474.997	0	0
RCHGF001013	924	693.997	0	0
RCHGF001014	825	594.997	0	0
RCHGF001015	1053	822.997	0	0
RCHGF001016	2382	2152	0	0
RCHGF001017	645	414.997	0	0
RCHGF001018	939	708.997	0	0
RCHGF001019	768	537.997	0	0
RCHGF001020	120	12.95	0	0
RCHGF001021	141	18.129	0	0
RCHGF001022	1044	813.997	0	0
RCHGF001023	1176	945.997	0	0
RCHGF001024	645	414.997	0	0
RCHGF001025	471	245.795	0	0
RCHGF001026	927	696.997	0	0
RCHGF001027	825	594.997	0	0
RCHGF001028	765	534.997	0	0
RCHGF001029	417	194.424	0	0
RCHGF001030	2421	2191	0	0
RCHGF001031	267	72.0985	0	0
RCHGF001032	702	471.997	1	524.546
RCHGF001033	795	564.997	0	0
RCHGF001034	801	570.997	1	433.6
RCHGF001035	480	253.575	0	0
RCHGF001036	2730	2500	0	0
RCHGF001037	501	274.134	0	0
RCHGF001038	1437	1207	0	0
RCHGF001039	1113	882.997	0	0
RCHGF001040	1134	903.997	0	0
RCHGF001041	753	522.997	0	0
RCHGF001042	870	639.997	0	0
RCHGF001043	987	756.997	0	0
RCHGF001044	138	17.537	0	0
RCHGF001045	729	498.997	0	0
RCHGF001046	1272	1042	0	0
RCHGF001047	675	444.997	0	0
RCHGF001048	768	537.997	0	0
RCHGF001049	2370	2140	0	0
RCHGF001050	474	248.795	0	0
RCHGF001051	522	294.235	0	0
RCHGF001052	852	621.997	0	0
RCHGF001053	615	385.613	0	0
RCHGF001054	237	55.15	0	0
RCHGF001055	351	134.302	0	0
RCHGF001056	1086	855.997	0	0
RCHGF001057	744	513.997	0	0
RCHGF001058	1344	1114	0	0
RCHGF001059	444	221.085	0	0
RCHGF001060	1995	1765	0	0
RCHGF001061	921	690.997	0	0
RCHGF001062	228	50.142	0	0
RCHGF001063	474	248.795	4	3980.52
RCHGF001064	291	89.0824	0	0
RCHGF001065	195	38.7235	0	0
RCHGF001066	111	9.41667	0	0
RCHGF001067	216	46.8027	0	0
RCHGF001068	654	423.997	0	0
RCHGF001069	1182	951.997	0	0
RCHGF001070	1101	870.997	0	0
RCHGF001071	1323	1093	0	0
RCHGF001072	330	116.051	0	0
RCHGF001073	318	107.795	0	0
RCHGF001074	1041	810.997	0	0
RCHGF001075	1896	1666	0	0
RCHGF001076	156	23.3939	0	0
RCHGF001077	822	591.997	0	0
RCHGF001078	1353	1123	0	0
RCHGF001079	1311	1081	1	229.033
RCHGF001080	810	579.997	0	0
RCHGF001081	843	612.997	0	0
RCHGF001082	705	474.997	0	0
RCHGF001083	1023	792.997	0	0
RCHGF001084	297	93.3327	0	0
RCHGF001085	1470	1240	0	0
RCHGF001086	453	228.971	0	0
RCHGF001087	1110	879.997	0	0
RCHGF001088	795	564.997	0	0
RCHGF001089	801	570.997	1	433.6
RCHGF001090	300	95.4324	0	0
RCHGF001091	672	441.997	0	0
RCHGF001092	795	564.997	0	0
RCHGF001093	366	147.598	0	0
RCHGF001094	1530	1300	0	0
RCHGF001095	1038	807.997	0	0
RCHGF001096	1290	1060	0	0
RCHGF001097	363	145.59	0	0
RCHGF001098	996	765.997	0	0
RCHGF001099	540	312.235	0	0
RCHGF001100	456	231.971	0	0
RCHGF001101	999	768.997	0	0
RCHGF001102	1257	1027	0	0
RCHGF001103	495	268.575	0	0
RCHGF001104	750	519.997	0	0
RCHGF001105	1338	1108	0	0
RCHGF001106	348	131.754	0	0
RCHGF001107	1260	1030	0	0
RCHGF001108	1443	1213	2	408.219
RCHGF001109	171	28.7931	0	0
RCHGF001110	1086	855.997	0	0
RCHGF001111	1929	1699	0	0
RCHGF001112	174	30.0455	0	0
RCHGF001113	375	155.827	0	0
RCHGF001114	264	70.3333	0	0
RCHGF001115	1248	1018	0	0
RCHGF001116	582	353.208	0	0
RCHGF001117	237	55.15	1	4489.28
RCHGF001118	216	46.8027	0	0
RCHGF001119	672	441.997	1	560.149
RCHGF001120	1011	780.997	1	317.01
RCHGF001121	204	42.6626	0	0
RCHGF001122	765	534.997	0	0
RCHGF001123	2040	1810	0	0
RCHGF001126	153	22.5	0	0
RCHGF001127	3351	3121	0	0
RCHGF001128	150	22.3797	0	0
RCHGF001129	363	145.59	0	0
RCHGF001130	1386	1156	0	0
RCHGF001131	1035	804.997	0	0
RCHGF001132	822	591.997	0	0
RCHGF001133	753	522.997	0	0
RCHGF001134	495	268.575	0	0
RCHGF001135	408	185.729	0	0
RCHGF001136	2769	2539	0	0
RCHGF001137	114	10.7857	0	0
RCHGF001138	1023	792.997	0	0
RCHGF001139	651	420.997	0	0
RCHGF001140	2697	2467	0	0
RCHGF001141	3207	2977	1	83.1657
RCHGF001142	774	543.997	0	0
RCHGF001143	555	326.732	15	11366.4
RCHGF001144	618	387.997	0	0
RCHGF001145	603	373.613	0	0
RCHGF001146	699	468.997	0	0
RCHGF001147	138	17.537	0	0
RCHGF001148	714	483.997	0	0
RCHGF001149	852	621.997	0	0
RCHGF001150	1338	1108	0	0
RCHGF001152	1281	1051	0	0
RCHGF001153	4032	3802	2	130.239
RCHGF001154	1128	897.997	0	0
RCHGF001155	1479	1249	0	0
RCHGF001156	465	240.59	0	0
RCHGF001157	333	118.24	0	0
RCHGF001158	972	741.997	1	333.673
RCHGF001159	129	13.3846	0	0
RCHGF001160	906	675.997	0	0
RCHGF001161	999	768.997	0	0
RCHGF001162	171	28.7931	0	0
RCHGF001163	129	13.3846	0	0
RCHGF001164	312	104.114	0	0
RCHGF001165	1887	1657	0	0
RCHGF001166	1734	1504	0	0
RCHGF001167	426	203.424	0	0
RCHGF001168	126	13.7667	0	0
RCHGF001169	1068	837.997	0	0
RCHGF001170	936	705.997	0	0
RCHGF001171	1104	873.997	0	0
RCHGF001172	252	64.0594	0	0
RCHGF001173	972	741.997	0	0
RCHGF001174	546	317.732	0	0
RCHGF001176	728	497.997	0	0
RCHGF001178	528	300.235	0	0
RCHGF001179	546	317.732	0	0
RCHGF001180	342	126.19	0	0
RCHGF001181	327	114.25	0	0
RCHGF001182	177	32.0566	0	0
RCHGF001183	1509	1279	1	193.577
RCHGF001184	2004	1774	0	0
RCHGF001185	591	362.208	0	0
RCHGF001186	216	46.8027	0	0
RCHGF001187	432	209.085	0	0
RCHGF001188	543	314.732	0	0
RCHGF001189	1650	1420	0	0
RCHGF001190	855	624.997	0	0
RCHGF001191	1125	894.997	0	0
RCHGF001192	453	228.971	0	0
RCHGF001193	417	194.424	0	0
RCHGF001195	765	534.997	0	0
RCHGF001196	987	756.997	0	0
RCHGF001197	147	20.4667	0	0
RCHGF001198	1434	1204	0	0
RCHGF001199	2376	2146	0	0
RCHGF001200	465	240.59	0	0
RCHGF001201	111	9.41667	0	0
RCHGF001202	1785	1555	0	0
RCHGF001203	1596	1366	0	0
RCHGF001204	1578	1348	0	0
RCHGF001205	147	20.4667	0	0
RCHGF001206	306	99.6075	0	0
RCHGF001207	144	19.9697	0	0
RCHGF001208	408	185.729	0	0
RCHGF001209	1680	1450	0	0
RCHGF001210	1206	975.997	0	0
RCHGF001211	855	624.997	0	0
RCHGF001212	612	382.613	0	0
RCHGF001213	324	111.848	0	0
RCHGF001214	252	64.0594	0	0
RCHGF001215	813	582.997	0	0
RCHGF001216	156	23.3939	0	0
RCHGF001217	111	9.41667	0	0
RCHGF001218	273	76.5346	0	0
RCHGF001219	330	116.051	0	0
RCHGF001220	810	579.997	0	0
RCHGF001221	363	145.59	0	0
RCHGF001222	273	76.5346	0	0
RCHGF001223	525	297.235	0	0
RCHGF001224	1131	900.997	0	0
RCHGF001225	756	525.997	0	0
RCHGF001226	819	588.997	0	0
RCHGF001227	699	468.997	0	0
RCHGF001228	606	376.613	0	0
RCHGF001229	1167	936.997	0	0
RCHGF001230	840	609.997	0	0
RCHGF001231	846	615.997	0	0
RCHGF001232	1110	879.997	0	0
RCHGF001233	576	347.208	0	0
RCHGF001234	420	197.424	0	0
RCHGF001235	747	516.997	0	0
RCHGF001236	681	450.997	0	0
RCHGF001237	336	120.826	0	0
RCHGF001238	432	209.085	0	0
RCHGF001239	1236	1006	0	0
RCHGF001240	729	498.997	0	0
RCHGF001241	936	705.997	0	0
RCHGF001242	1053	822.997	0	0
RCHGF001243	948	717.997	0	0
RCHGF001244	972	741.997	0	0
RCHGF001245	930	699.997	0	0
RCHGF001246	870	639.997	1	386.852
RCHGF001247	1365	1135	1	218.136
RCHGF001248	462	237.59	0	0
RCHGF001249	222	48.9404	0	0
RCHGF001250	1035	804.997	0	0
RCHGF001251	798	567.997	0	0
RCHGF001252	1002	771.997	0	0
RCHGF001253	156	23.3939	0	0
RCHGF001254	366	147.598	0	0
RCHGF001255	1251	1021	0	0
RCHGF001256	1215	984.997	7	1759.49
RCHGF001257	198	39.9692	0	0
RCHGF001258	1527	1297	0	0
RCHGF001259	1200	969.997	0	0
RCHGF001260	777	546.997	0	0
RCHGF001261	459	234.59	0	0
RCHGF001262	1644	1414	0	0
RCHGF001263	186	37.191	0	0
RCHGF001264	1158	927.997	0	0
RCHGF001265	846	615.997	0	0
RCHGF001266	633	402.997	0	0
RCHGF001267	354	137.07	0	0
RCHGF001268	651	420.997	0	0
RCHGF001269	579	350.208	0	0
RCHGF001270	2928	2698	0	0
RCHGF001271	1302	1072	0	0
RCHGF001272	183	35.4302	0	0
RCHGF001273	666	435.997	0	0
RCHGF001274	1716	1486	0	0
RCHGF001275	1917	1687	0	0
RCHGF001276	1749	1519	0	0
RCHGF001277	912	681.997	0	0
RCHGF001278	111	9.41667	0	0
RCHGF001279	1326	1096	0	0
RCHGF001280	2448	2218	0	0
RCHGF001281	540	312.235	3	2378.83
RCHGF001282	759	528.997	0	0
RCHGF001283	276	78.2515	0	0
RCHGF001284	546	317.732	0	0
RCHGF001285	1278	1048	0	0
RCHGF001286	744	513.997	0	0
RCHGF001287	1299	1069	0	0
RCHGF001288	1434	1204	0	0
RCHGF001289	1425	1195	0	0
RCHGF001290	813	582.997	0	0
RCHGF001291	747	516.997	0	0
RCHGF001292	372	153.345	0	0
RCHGF001293	705	474.997	0	0
RCHGF001294	1401	1171	0	0
RCHGF001295	1410	1180	0	0
RCHGF001296	930	699.997	0	0
RCHGF001297	129	13.3846	0	0
RCHGF001298	618	387.997	0	0
RCHGF001299	465	240.59	0	0
RCHGF001300	213	46.7138	0	0
RCHGF001301	747	516.997	1	478.889
RCHGF001302	966	735.997	0	0
RCHGF001303	972	741.997	0	0
RCHGF001304	447	224.085	0	0
RCHGF001305	2208	1978	0	0
RCHGF001306	162	24.5702	0	0
RCHGF001307	1068	837.997	0	0
RCHGF001308	1092	861.997	0	0
RCHGF001309	834	603.997	0	0
RCHGF001310	873	642.997	0	0
RCHGF001311	1278	1048	0	0
RCHGF001312	1332	1102	0	0
RCHGF001313	1008	777.997	0	0
RCHGF001314	966	735.997	0	0
RCHGF001315	1122	891.997	0	0
RCHGF001316	2082	1852	0	0
RCHGF001317	669	438.997	0	0
RCHGF001318	264	70.3333	0	0
RCHGF001319	180	33.8606	0	0
RCHGF001320	633	402.997	0	0
RCHGF001321	810	579.997	1	426.871
RCHGF001322	1074	843.997	0	0
RCHGF001323	114	10.7857	0	0
RCHGF001324	141	18.129	0	0
RCHGF001325	621	390.997	0	0
RCHGF001326	489	262.575	0	0
RCHGF001327	870	639.997	0	0
RCHGF001328	1368	1138	2	435.122
RCHGF001329	183	35.4302	0	0
RCHGF001330	1365	1135	0	0
RCHGF001331	498	271.575	0	0
RCHGF001332	477	251.389	0	0
RCHGF001333	915	684.997	0	0
RCHGF001334	948	717.997	0	0
RCHGF001335	948	717.997	0	0
RCHGF001336	117	11.1111	0	0
RCHGF001337	348	131.754	0	0
RCHGF001338	132	15.0698	0	0
RCHGF001339	1041	810.997	0	0
RCHGF001340	2514	2284	0	0
RCHGF001341	957	726.997	0	0
RCHGF001342	636	405.997	1	609.817
RCHGF001343	2625	2395	1	103.375
RCHGF001344	261	68.6978	0	0
RCHGF001345	2817	2587	0	0
RCHGF001346	1767	1537	0	0
RCHGF001347	969	738.997	0	0
RCHGF001348	1443	1213	0	0
RCHGF001349	198	39.9692	28.6875	177701
RCHGF001350	480	253.575	0	0
RCHGF001351	111	9.41667	0	0
RCHGF001352	642	411.997	0	0
RCHGF001353	612	382.613	0	0
RCHGF001354	1323	1093	0	0
RCHGF001355	840	609.997	0	0
RCHGF001356	378	158.827	0	0
RCHGF001357	639	408.997	0	0
RCHGF001358	828	597.997	0	0
RCHGF001359	807	576.997	0	0
RCHGF001360	483	256.575	0	0
RCHGF001361	1125	894.997	0	0
RCHGF001362	420	197.424	0	0
RCHGF001363	759	528.997	0	0
RCHGF001364	816	585.997	0	0
RCHGF001365	147	20.4667	0	0
RCHGF001366	1332	1102	0	0
RCHGF001367	792	561.997	0	0
RCHGF001368	219	48.0852	0	0
RCHGF001369	369	150.598	0	0
RCHGF001370	453	228.971	0	0
RCHGF001371	165	25.9535	0	0
RCHGF001372	1089	858.997	0	0
RCHGF001373	168	27.5588	0	0
RCHGF001374	2169	1939	0	0
RCHGF001375	864	633.997	0	0
RCHGF001376	879	648.997	0	0
RCHGF001377	1332	1102	0	0
RCHGF001378	399	177.322	0	0
RCHGF001379	1455	1225	0	0
RCHGF001380	1398	1168	0	0
RCHGF001381	657	426.997	2	1159.65
RCHGF001382	1332	1102	0	0
RCHGF001383	1380	1150	0	0
RCHGF001384	1398	1168	0	0
RCHGF001385	114	10.7857	0	0
RCHGF001386	129	13.3846	0	0
RCHGF001387	339	123.614	0	0
RCHGF001388	342	126.19	0	0
RCHGF001389	336	120.826	1	2049.1
RCHGF001390	768	537.997	0	0
RCHGF001391	159	25.0095	0	0
RCHGF001392	2211	1981	0	0
RCHGF001393	1164	933.997	0	0
RCHGF001394	1083	852.997	0	0
RCHGF001395	762	531.997	0	0
RCHGF001396	261	68.6978	0	0
RCHGF001397	330	116.051	0	0
RCHGF001398	687	456.997	0	0
RCHGF001399	1053	822.997	0	0
RCHGF001400	1251	1021	0	0
RCHGF001401	1071	840.997	0	0
RCHGF001402	828	597.997	1	414.022
RCHGF001403	612	382.613	0	0
RCHGF001404	1806	1576	0	0
RCHGF001405	429	206.424	0	0
RCHGF001406	822	591.997	0	0
RCHGF001407	528	300.235	0	0
RCHGF001408	789	558.997	0	0
RCHGF001409	120	12.95	0	0
RCHGF001410	438	215.085	0	0
RCHGF001411	648	417.997	0	0
RCHGF001412	1152	921.997	0	0
RCHGF001413	486	259.575	0	0
RCHGF001414	870	639.997	0	0
RCHGF001415	1143	912.997	0	0
RCHGF001416	888	657.997	0	0
RCHGF001417	423	200.424	0	0
RCHGF001418	474	248.795	0	0
RCHGF001419	492	265.575	0	0
RCHGF001420	585	356.208	0	0
RCHGF001421	243	59.2392	0	0
RCHGF001422	765	534.997	0	0
RCHGF001423	2247	2017	0	0
RCHGF001424	1458	1228	0	0
RCHGF001426	117	11.1111	0	0
RCHGF001427	417	194.424	0	0
RCHGF001428	222	48.9404	0	0
RCHGF001430	1764	1534	0	0
RCHGF001431	576	347.208	0	0
RCHGF001432	663	432.997	0	0
RCHGF001433	867	636.997	0	0
RCHGF001434	1731	1501	0	0
RCHGF001435	747	516.997	0	0
RCHGF001436	1053	822.997	0	0
RCHGF001437	123	13.12	0	0
RCHGF001438	132	15.0698	0	0
RCHGF001439	150	22.3797	0	0
RCHGF001440	1329	1099	0	0
RCHGF001441	1395	1165	0	0
RCHGF001442	876	645.997	0	0
RCHGF001443	456	231.971	0	0
RCHGF001444	945	714.997	0	0
RCHGF001445	753	522.997	0	0
RCHGF001447	939	708.997	0	0
RCHGF001448	666	435.997	0	0
RCHGF001449	645	414.997	0	0
RCHGF001450	927	696.997	0	0
RCHGF001451	429	206.424	0	0
RCHGF001452	504	276.689	0	0
RCHGF001453	858	627.997	0	0
RCHGF001454	819	588.997	0	0
RCHGF001455	891	660.997	0	0
RCHGF001456	843	612.997	0	0
RCHGF001457	1188	957.997	0	0
RCHGF001458	1872	1642	0	0
RCHGF001459	351	134.302	0	0
RCHGF001460	738	507.997	0	0
RCHGF001461	858	627.997	0	0
RCHGF001462	1071	840.997	0	0
RCHGF001463	153	22.5	0	0
RCHGF001464	2274	2044	0	0
RCHGF001465	537	309.235	0	0
RCHGF001466	1611	1381	0	0
RCHGF001467	1359	1129	0	0
RCHGF001468	1533	1303	0	0
RCHGF001469	486	259.575	0	0
RCHGF001470	714	483.997	0	0
RCHGF001471	660	429.997	0	0
RCHGF001472	615	385.613	0	0
RCHGF001473	852	621.997	0	0
RCHGF001474	675	444.997	0	0
RCHGF001475	699	468.997	0	0
RCHGF001476	990	759.997	0	0
RCHGF001477	1005	774.997	0	0
RCHGF001478	666	435.997	0	0
RCHGF001479	630	399.997	0	0
RCHGF001480	510	282.689	0	0
RCHGF001481	1431	1201	0	0
RCHGF001482	1392	1162	0	0
RCHGF001483	987	756.997	0	0
RCHGF001484	1878	1648	0	0
RCHGF001485	2364	2134	0	0
RCHGF001486	738	507.997	0	0
RCHGF001487	1878	1648	0	0
RCHGF001488	843	612.997	0	0
RCHGF001489	666	435.997	0	0
RCHGF001490	1029	798.997	0	0
RCHGF001491	678	447.997	0	0
RCHGF001492	888	657.997	0	0
RCHGF001493	1506	1276	0	0
RCHGF001495	1692	1462	1	169.346
RCHGF001496	1014	783.997	0	0
RCHGF001497	888	657.997	0	0
RCHGF001498	453	228.971	0	0
RCHGF001499	606	376.613	0	0
RCHGF001501	897	666.997	0	0
RCHGF001502	1086	855.997	0	0
RCHGF001503	816	585.997	0	0
RCHGF001504	843	612.997	0	0
RCHGF001505	771	540.997	0	0
RCHGF001506	492	265.575	0	0
RCHGF001507	417	194.424	0	0
RCHGF001508	1953	1723	0	0
RCHGF001509	1371	1141	0	0
RCHGF001510	171	28.7931	0	0
RCHGF001511	777	546.997	0	0
RCHGF001512	126	13.7667	0	0
RCHGF001513	417	194.424	0	0
RCHGF001514	912	681.997	0	0
RCHGF001515	984	753.997	0	0
RCHGF001516	132	15.0698	0	0
RCHGF001517	894	663.997	0	0
RCHGF001518	1371	1141	0	0
RCHGF001519	114	10.7857	0	0
RCHGF001520	801	570.997	0	0
RCHGF001521	2607	2377	0	0
RCHGF001522	450	226.717	0	0
RCHGF001523	1470	1240	0	0
RCHGF001524	2022	1792	0	0
RCHGF001525	537	309.235	0	0
RCHGF001526	1218	987.997	0	0
RCHGF001527	771	540.997	0	0
RCHGF001528	288	86.6016	0	0
RCHGF001529	369	150.598	0	0
RCHGF001530	180	33.8606	0	0
RCHGF001531	387	167.015	0	0
RCHGF001532	1866	1636	0	0
RCHGF001533	135	15.84	0	0
RCHGF001534	567	338.208	0	0
RCHGF001535	183	35.4302	0	0
RCHGF001536	1098	867.997	1	285.236
RCHGF001537	984	753.997	1	328.362
RCHGF001538	621	390.997	0	0
RCHGF001539	870	639.997	0	0
RCHGF001540	1578	1348	0	0
RCHGF001541	1671	1441	0	0
RCHGF001542	201	41.4068	0	0
RCHGF001543	153	22.5	0	0
RCHGF001544	972	741.997	3	1001.02
RCHGF001545	1488	1258	1	196.808
RCHGF001546	468	243.59	0	0
RCHGF001547	372	153.345	0	0
RCHGF001548	954	723.997	0	0
RCHGF001549	456	231.971	0	0
RCHGF001550	1581	1351	0	0
RCHGF001551	870	639.997	0	0
RCHGF001552	846	615.997	0	0
RCHGF001553	756	525.997	0	0
RCHGF001554	798	567.997	0	0
RCHGF001555	420	197.424	0	0
RCHGF001556	1224	993.997	0	0
RCHGF001557	798	567.997	0	0
RCHGF001558	777	546.997	0	0
RCHGF001559	477	251.389	0	0
RCHGF001560	2727	2497	0	0
RCHGF001561	735	504.997	0	0
RCHGF001562	1203	972.997	0	0
RCHGF001563	1341	1111	0	0
RCHGF001564	282	82.7773	0	0
RCHGF001565	435	212.085	1	1167.38
RCHGF001566	645	414.997	0	0
RCHGF001567	1056	825.997	0	0
RCHGF001568	1515	1285	0	0
RCHGF001569	1368	1138	0	0
RCHGF001570	660	429.997	0	0
RCHGF001571	837	606.997	0	0
RCHGF001572	771	540.997	0	0
RCHGF001573	471	245.795	0	0
RCHGF001574	414	191.424	0	0
RCHGF001575	843	612.997	0	0
RCHGF001576	648	417.997	0	0
RCHGF001577	1029	798.997	0	0
RCHGF001578	729	498.997	1	496.163
RCHGF001579	699	468.997	0	0
RCHGF001580	540	312.235	0	0
RCHGF001581	1719	1489	0	0
RCHGF001582	867	636.997	0	0
RCHGF001583	1677	1447	0	0
RCHGF001584	885	654.997	0	0
RCHGF001585	885	654.997	0	0
RCHGF001586	1041	810.997	0	0
RCHGF001587	1158	927.997	0	0
RCHGF001588	834	603.997	0	0
RCHGF001589	753	522.997	0	0
RCHGF001590	480	253.575	0	0
RCHGF001591	399	177.322	0	0
RCHGF001592	2433	2203	0	0
RCHGF001593	1317	1087	0	0
RCHGF001594	1668	1438	0	0
RCHGF001595	1230	999.997	0	0
RCHGF001597	708	477.997	0	0
RCHGF001598	711	480.997	0	0
RCHGF001599	741	510.997	0	0
RCHGF001600	693	462.997	0	0
RCHGF001601	414	191.424	0	0
RCHGF001602	207	43.1533	0	0
RCHGF001603	414	191.424	0	0
RCHGF001604	183	35.4302	0	0
RCHGF001605	1104	873.997	0	0
RCHGF001606	135	15.84	0	0
RCHGF001607	111	9.41667	0	0
RCHGF001608	117	11.1111	0	0
RCHGF001609	336	120.826	0	0
RCHGF001610	612	382.613	0	0
RCHGF001611	333	118.24	0	0
RCHGF001612	621	390.997	0	0
RCHGF001613	1227	996.997	0	0
RCHGF001614	1167	936.997	0	0
RCHGF001615	387	167.015	0	0
RCHGF001616	819	588.997	0	0
RCHGF001617	990	759.997	0	0
RCHGF001618	363	145.59	1	1700.56
RCHGF001619	1122	891.997	0	0
RCHGF001620	774	543.997	0	0
RCHGF001621	1104	873.997	0	0
RCHGF001622	1272	1042	0	0
RCHGF001623	297	93.3327	0	0
RCHGF001624	483	256.575	0	0
RCHGF001625	2868	2638	0	0
RCHGF001626	555	326.732	0	0
RCHGF001627	1260	1030	3	721.121
RCHGF001628	696	465.997	0	0
RCHGF001629	1599	1369	0	0
RCHGF001630	546	317.732	0	0
RCHGF001631	555	326.732	0	0
RCHGF001632	1290	1060	0	0
RCHGF001633	450	226.717	0	0
RCHGF001634	1347	1117	0	0
RCHGF001635	462	237.59	0	0
RCHGF001636	876	645.997	0	0
RCHGF001637	2073	1843	0	0
RCHGF001638	648	417.997	0	0
RCHGF001639	480	253.575	0	0
RCHGF001640	888	657.997	0	0
RCHGF001641	612	382.613	0	0
RCHGF001642	759	528.997	0	0
RCHGF001643	1287	1057	0	0
RCHGF001644	273	76.5346	0	0
RCHGF001645	441	218.085	0	0
RCHGF001646	294	91.2136	0	0
RCHGF001647	552	323.732	0	0
RCHGF001648	1311	1081	0	0
RCHGF001649	1482	1252	0	0
RCHGF001650	663	432.997	0	0
RCHGF001651	750	519.997	0	0
RCHGF001652	468	243.59	0	0
RCHGF001653	744	513.997	0	0
RCHGF001654	762	531.997	0	0
RCHGF001655	2739	2509	0	0
RCHGF001656	468	243.59	0	0
RCHGF001657	747	516.997	0	0
RCHGF001658	819	588.997	0	0
RCHGF001659	1131	900.997	0	0
RCHGF001660	387	167.015	0	0
RCHGF001661	564	335.208	0	0
RCHGF001662	714	483.997	0	0
RCHGF001663	870	639.997	0	0
RCHGF001664	1230	999.997	0	0
RCHGF001665	174	30.0455	0	0
RCHGF001666	1251	1021	0	0
RCHGF001667	1398	1168	0	0
RCHGF001668	180	33.8606	0	0
RCHGF001669	363	145.59	0	0
RCHGF001670	426	203.424	0	0
RCHGF001671	2028	1798	0	0
RCHGF001672	1422	1192	0	0
RCHGF001673	345	128.974	0	0
RCHGF001674	1239	1009	0	0
RCHGF001675	318	107.795	0	0
RCHGF001676	1884	1654	0	0
RCHGF001677	756	525.997	0	0
RCHGF001678	126	13.7667	0	0
RCHGF001679	165	25.9535	0	0
RCHGF001680	888	657.997	0	0
RCHGF001681	864	633.997	0	0
RCHGF001682	729	498.997	0	0
RCHGF001683	537	309.235	1	800.634
RCHGF001684	405	183.03	0	0
RCHGF001685	486	259.575	0	0
RCHGF001686	804	573.997	0	0
RCHGF001687	849	618.997	0	0
RCHGF001689	561	332.208	0	0
RCHGF001690	1263	1033	0	0
RCHGF001691	426	203.424	0	0
RCHGF001692	1083	852.997	0	0
RCHGF001693	750	519.997	0	0
RCHGF001694	714	483.997	0	0
RCHGF001695	735	504.997	0	0
RCHGF001696	843	612.997	0	0
RCHGF001697	168	27.5588	0	0
RCHGF001698	780	549.997	0	0
RCHGF001699	1197	966.997	1	256.034
RCHGF001700	1104	873.997	0	0
RCHGF001701	468	243.59	2	2032.8
RCHGF001702	774	543.997	3	1365.36
RCHGF001703	864	633.997	0	0
RCHGF001704	852	621.997	0	0
RCHGF001705	1086	855.997	0	0
RCHGF001706	309	101.678	0	0
RCHGF001707	453	228.971	0	0
RCHGF001708	1962	1732	0	0
RCHGF001709	888	657.997	0	0
RCHGF001710	1470	1240	0	0
RCHGF001711	228	50.142	0	0
RCHGF001712	1173	942.997	0	0
RCHGF001713	447	224.085	0	0
RCHGF001714	1581	1351	2	366.52
RCHGF001715	990	759.997	0	0
RCHGF001716	906	675.997	0	0
RCHGF001717	615	385.613	0	0
RCHGF001718	564	335.208	0	0
RCHGF001719	684	453.997	0	0
RCHGF001720	1044	813.997	0	0
RCHGF001721	420	197.424	0	0
RCHGF001722	435	212.085	0	0
RCHGF001723	324	111.848	0	0
RCHGF001724	924	693.997	0	0
RCHGF001725	1545	1315	0	0
RCHGF001726	726	495.997	0	0
RCHGF001727	288	86.6016	0	0
RCHGF001728	468	243.59	0	0
RCHGF001729	789	558.997	0	0
RCHGF001730	585	356.208	0	0
RCHGF001731	609	379.613	0	0
RCHGF001732	729	498.997	0	0
RCHGF001733	783	552.997	0	0
RCHGF001734	471	245.795	0	0
RCHGF001735	444	221.085	0	0
RCHGF001736	1656	1426	0	0
RCHGF001737	1002	771.997	0	0
RCHGF001738	849	618.997	0	0
RCHGF001739	744	513.997	0	0
RCHGF001741	891	660.997	0	0
RCHGF001743	450	226.717	0	0
RCHGF001745	843	612.997	0	0
RCHGF001746	1512	1282	0	0
RCHGF001747	606	376.613	0	0
RCHGF001748	723	492.997	0	0
RCHGF001749	477	251.389	0	0
RCHGF001750	612	382.613	0	0
RCHGF001752	390	169.734	1	1458.66
RCHGF001754	1671	1441	0	0
RCHGF001755	1482	1252	0	0
RCHGF001756	1260	1030	0	0
RCHGF001757	702	471.997	0	0
RCHGF001758	717	486.997	0	0
RCHGF001759	678	447.997	0	0
RCHGF001761	1254	1024	0	0
RCHGF001762	336	120.826	0	0
RCHGF001763	291	89.0824	0	0
RCHGF001764	261	68.6978	0	0
RCHGF001765	135	15.84	0	0
RCHGF001766	348	131.754	0	0
RCHGF001767	300	95.4324	0	0
RCHGF001768	462	237.59	0	0
RCHGF001769	1035	804.997	0	0
RCHGF001770	333	118.24	0	0
RCHGF001771	1314	1084	0	0
RCHGF001772	1563	1333	0	0
RCHGF001773	510	282.689	0	0
RCHGF001774	135	15.84	0	0
RCHGF001775	1833	1603	0	0
RCHGF001776	1812	1582	0	0
RCHGF001777	255	65.2587	0	0
RCHGF001778	492	265.575	0	0
RCHGF001779	378	158.827	0	0
RCHGF001780	417	194.424	0	0
RCHGF001781	1170	939.997	0	0
RCHGF001782	135	15.84	0	0
RCHGF001783	156	23.3939	0	0
RCHGF001784	420	197.424	0	0
RCHGF001785	1479	1249	0	0
RCHGF001786	2583	2353	0	0
RCHGF001787	681	450.997	0	0
RCHGF001788	1002	771.997	0	0
RCHGF001789	687	456.997	0	0
RCHGF001790	693	462.997	0	0
RCHGF001791	438	215.085	0	0
RCHGF001792	849	618.997	0	0
RCHGF001793	738	507.997	0	0
RCHGF001794	717	486.997	0	0
RCHGF001795	408	185.729	0	0
RCHGF001796	636	405.997	0	0
RCHGF001797	855	624.997	0	0
RCHGF001798	372	153.345	0	0
RCHGF001799	720	489.997	0	0
RCHGF001800	402	180.03	0	0
RCHGF001801	141	18.129	0	0
RCHGF001803	885	654.997	0	0
RCHGF001804	561	332.208	0	0
RCHGF001805	549	320.732	0	0
RCHGF001806	1431	1201	0	0
RCHGF001807	822	591.997	0	0
RCHGF001808	1386	1156	0	0
RCHGF001809	1065	834.997	0	0
RCHGF001810	1164	933.997	0	0
RCHGF001811	1044	813.997	0	0
RCHGF001812	1605	1375	0	0
RCHGF001813	600	371.208	0	0
RCHGF001814	294	91.2136	0	0
RCHGF001815	186	37.191	0	0
RCHGF001816	1308	1078	0	0
RCHGF001817	465	240.59	0	0
RCHGF001819	801	570.997	0	0
RCHGF001820	780	549.997	0	0
RCHGF001821	744	513.997	0	0
RCHGF001822	162	24.5702	0	0
RCHGF001823	183	35.4302	0	0
RCHGF001824	852	621.997	0	0
RCHGF001825	504	276.689	0	0
RCHGF001826	1050	819.997	0	0
RCHGF001827	1071	840.997	0	0
RCHGF001828	1977	1747	1	141.72
RCHGF001829	951	720.997	0	0
RCHGF001830	1875	1645	0	0
RCHGF001831	1044	813.997	0	0
RCHGF001832	321	110.02	0	0
RCHGF001833	330	116.051	0	0
RCHGF001834	1332	1102	0	0
RCHGF001835	1077	846.997	0	0
RCHGF001836	1182	951.997	0	0
RCHGF001837	453	228.971	0	0
RCHGF001838	420	197.424	0	0
RCHGF001839	561	332.208	0	0
RCHGF001840	462	237.59	0	0
RCHGF001841	438	215.085	0	0
RCHGF001842	1245	1015	0	0
RCHGF001843	1299	1069	0	0
RCHGF001844	486	259.575	2	1907.61
RCHGF001845	501	274.134	0	0
RCHGF001846	711	480.997	0	0
RCHGF001847	1206	975.997	0	0
RCHGF001848	888	657.997	0	0
RCHGF001849	123	13.12	0	0
RCHGF001850	354	137.07	0	0
RCHGF001851	348	131.754	0	0
RCHGF001852	1146	915.997	0	0
RCHGF001853	558	329.208	4	3008.23
RCHGF001854	192	38.835	1	6375.28
RCHGF001855	360	142.835	0	0
RCHGF001856	435	212.085	0	0
RCHGF001857	1305	1075	0	0
RCHGF001858	186	37.191	1	6657.09
RCHGF001859	1320	1090	0	0
RCHGF001860	114	10.7857	0	0
RCHGF001861	1317	1087	0	0
RCHGF001862	879	648.997	1	381.487
RCHGF001863	378	158.827	0	0
RCHGF001864	129	13.3846	0	0
RCHGF001865	765	534.997	0	0
RCHGF001866	2343	2113	0	0
RCHGF001867	918	687.997	0	0
RCHGF001868	675	444.997	0	0
RCHGF001869	855	624.997	0	0
RCHGF001870	891	660.997	0	0
RCHGF001871	1191	960.997	1	257.632
RCHGF001872	147	20.4667	0	0
RCHGF001873	291	89.0824	0	0
RCHGF001874	1161	930.997	0	0
RCHGF001875	807	576.997	0	0
RCHGF001876	777	546.997	0	0
RCHGF001877	759	528.997	0	0
RCHGF001878	1014	783.997	0	0
RCHGF001879	618	387.997	0	0
RCHGF001880	1812	1582	0	0
RCHGF001881	1191	960.997	0	0
RCHGF001882	1113	882.997	1	280.391
RCHGF001884	1290	1060	0	0
RCHGF001885	1395	1165	0	0
RCHGF001886	675	444.997	0	0
RCHGF001887	444	221.085	0	0
RCHGF001888	1374	1144	0	0
RCHGF001889	513	285.235	0	0
RCHGF001890	1356	1126	0	0
RCHGF001891	837	606.997	0	0
RCHGF001892	567	338.208	0	0
RCHGF001893	381	161.29	0	0
RCHGF001894	603	373.613	0	0
RCHGF001895	606	376.613	0	0
RCHGF001896	126	13.7667	0	0
RCHGF001897	1419	1189	0	0
RCHGF001898	1932	1702	0	0
RCHGF001899	855	624.997	0	0
RCHGF001900	579	350.208	0	0
RCHGF001901	1662	1432	0	0
RCHGF001902	993	762.997	0	0
RCHGF001903	489	262.575	0	0
RCHGF001904	1668	1438	0	0
RCHGF001905	1200	969.997	0	0
RCHGF001906	1317	1087	0	0
RCHGF001907	1398	1168	0	0
RCHGF001908	1449	1219	0	0
RCHGF001909	126	13.7667	0	0
RCHGF001910	972	741.997	0	0
RCHGF001911	669	438.997	0	0
RCHGF001912	1491	1261	0	0
RCHGF001913	861	630.997	0	0
RCHGF001914	1719	1489	0	0
RCHGF001915	183	35.4302	0	0
RCHGF001916	504	276.689	0	0
RCHGF001917	1101	870.997	0	0
RCHGF001918	327	114.25	0	0
RCHGF001919	171	28.7931	0	0
RCHGF001920	255	65.2587	0	0
RCHGF001921	411	188.424	0	0
RCHGF001922	465	240.59	0	0
RCHGF001923	1272	1042	2	475.211
RCHGF001924	561	332.208	0	0
RCHGF001925	243	59.2392	1	4179.39
RCHGF001926	495	268.575	1	921.842
RCHGF001927	591	362.208	0	0
RCHGF001928	507	279.689	0	0
RCHGF001929	585	356.208	0	0
RCHGF001930	1671	1441	0	0
RCHGF001931	828	597.997	0	0
RCHGF001932	1335	1105	0	0
RCHGF001933	249	62.4102	0	0
RCHGF001934	1005	774.997	0	0
RCHGF001935	1164	933.997	0	0
RCHGF001936	891	660.997	0	0
RCHGF001937	1020	789.997	0	0
RCHGF001938	876	645.997	0	0
RCHGF001939	462	237.59	1	1042.07
RCHGF001940	144	19.9697	0	0
RCHGF001941	531	303.235	0	0
RCHGF001942	2064	1834	0	0
RCHGF001943	1617	1387	3	535.511
RCHGF001944	264	70.3333	0	0
RCHGF001945	123	13.12	0	0
RCHGF001946	933	702.997	0	0
RCHGF001947	1737	1507	0	0
RCHGF001948	522	294.235	0	0
RCHGF001950	624	393.997	0	0
RCHGF001951	1902	1672	0	0
RCHGF001952	549	320.732	2	1543.87
RCHGF001953	1230	999.997	0	0
RCHGF001954	903	672.997	0	0
RCHGF001955	318	107.795	0	0
RCHGF001956	396	174.322	0	0
RCHGF001957	126	13.7667	0	0
RCHGF001958	111	9.41667	0	0
RCHGF001959	690	459.997	0	0
RCHGF001960	780	549.997	0	0
RCHGF001961	1023	792.997	0	0
RCHGF001962	159	25.0095	0	0
RCHGF001963	375	155.827	0	0
RCHGF001964	1581	1351	0	0
RCHGF001965	1077	846.997	0	0
RCHGF001966	1419	1189	0	0
RCHGF001967	960	729.997	0	0
RCHGF001968	912	681.997	0	0
RCHGF001969	1194	963.997	0	0
RCHGF001970	591	362.208	0	0
RCHGF001971	828	597.997	0	0
RCHGF001972	2583	2353	0	0
RCHGF001973	954	723.997	0	0
RCHGF001974	774	543.997	0	0
RCHGF001975	573	344.208	0	0
RCHGF001976	1107	876.997	0	0
RCHGF001977	774	543.997	0	0
RCHGF001978	564	335.208	0	0
RCHGF001979	552	323.732	0	0
RCHGF001980	834	603.997	0	0
RCHGF001981	687	456.997	0	0
RCHGF001982	408	185.729	0	0
RCHGF001983	591	362.208	1	683.54
RCHGF001984	744	513.997	0	0
RCHGF001986	765	534.997	0	0
RCHGF001987	246	60.7543	0	0
RCHGF001988	369	150.598	0	0
RCHGF001989	705	474.997	0	0
RCHGF001990	1284	1054	0	0
RCHGF001991	378	158.827	0	0
RCHGF001992	1089	858.997	0	0
RCHGF001993	312	104.114	0	0
RCHGF001994	441	218.085	0	0
RCHGF001995	1941	1711	0	0
RCHGF001996	1245	1015	0	0
RCHGF001997	885	654.997	1	377.993
RCHGF001998	1227	996.997	0	0
RCHGF001999	372	153.345	0	0
RCHGF002000	726	495.997	0	0
RCHGF002001	327	114.25	0	0
RCHGF002002	438	215.085	0	0
RCHGF002003	507	279.689	0	0
RCHGF002004	177	32.0566	0	0
RCHGF002005	642	411.997	0	0
RCHGF002006	603	373.613	0	0
RCHGF002007	360	142.835	0	0
RCHGF002008	837	606.997	0	0
RCHGF002009	705	474.997	0	0
RCHGF002010	657	426.997	0	0
RCHGF002011	414	191.424	0	0
RCHGF002012	1215	984.997	0	0
RCHGF002013	1185	954.997	0	0
RCHGF002014	642	411.997	0	0
RCHGF002015	1422	1192	1	207.705
RCHGF002016	1314	1084	0	0
RCHGF002017	654	423.997	1	583.929
RCHGF002018	984	753.997	0	0
RCHGF002019	804	573.997	0	0
RCHGF002020	414	191.424	0	0
RCHGF002021	360	142.835	0	0
RCHGF002022	318	107.795	0	0
RCHGF002023	1653	1423	0	0
RCHGF002024	1737	1507	0	0
RCHGF002025	1626	1396	0	0
RCHGF002026	246	60.7543	0	0
RCHGF002027	762	531.997	0	0
RCHGF002028	912	681.997	0	0
RCHGF002029	399	177.322	0	0
RCHGF002030	1227	996.997	0	0
RCHGF002031	804	573.997	0	0
RCHGF002032	771	540.997	0	0
RCHGF002033	471	245.795	0	0
RCHGF002034	2688	2458	0	0
RCHGF002035	120	12.95	0	0
RCHGF002036	594	365.208	0	0
RCHGF002037	957	726.997	0	0
RCHGF002038	765	534.997	0	0
RCHGF002039	987	756.997	0	0
RCHGF002040	462	237.59	0	0
RCHGF002041	942	711.997	0	0
RCHGF002042	1125	894.997	0	0
RCHGF002043	141	18.129	0	0
RCHGF002044	1095	864.997	0	0
RCHGF002045	159	25.0095	0	0
RCHGF002046	1464	1234	0	0
RCHGF002047	780	549.997	0	0
RCHGF002048	123	13.12	0	0
RCHGF002050	1548	1318	0	0
RCHGF002051	810	579.997	0	0
RCHGF002052	783	552.997	0	0
RCHGF002053	321	110.02	0	0
RCHGF002054	1092	861.997	0	0
RCHGF002055	225	49.2789	0	0
RCHGF002056	228	50.142	0	0
RCHGF002057	357	139.835	0	0
RCHGF002059	444	221.085	0	0
RCHGF002060	198	39.9692	0	0
RCHGF002061	1899	1669	0	0
RCHGF002062	117	11.1111	0	0
RCHGF002063	1188	957.997	1	258.439
RCHGF002064	204	42.6626	0	0
RCHGF002065	231	52.4258	0	0
RCHGF002066	417	194.424	0	0
RCHGF002067	357	139.835	0	0
RCHGF002068	222	48.9404	0	0
RCHGF002069	1683	1453	0	0
RCHGF002070	621	390.997	1	633.212
RCHGF002071	906	675.997	0	0
RCHGF002072	1005	774.997	0	0
RCHGF002073	2187	1957	0	0
RCHGF002074	2448	2218	1	111.625
RCHGF002075	402	180.03	0	0
RCHGF002076	501	274.134	0	0
RCHGF002077	486	259.575	0	0
RCHGF002078	267	72.0985	0	0
RCHGF002079	219	48.0852	0	0
RCHGF002080	141	18.129	0	0
RCHGF002081	1194	963.997	0	0
RCHGF002082	1392	1162	0	0
RCHGF002083	381	161.29	0	0
RCHGF002084	327	114.25	0	0
RCHGF002085	3057	2827	0	0
RCHGF002086	378	158.827	0	0
RCHGF002087	384	164.29	0	0
RCHGF002088	138	17.537	2	28235.5
RCHGF002089	918	687.997	0	0
RCHGF002090	486	259.575	0	0
RCHGF002091	123	13.12	0	0
RCHGF002092	429	206.424	0	0
RCHGF002093	624	393.997	0	0
RCHGF002094	639	408.997	0	0
RCHGF002095	1362	1132	0	0
RCHGF002097	411	188.424	0	0
RCHGF002099	1776	1546	0	0
RCHGF002101	1461	1231	0	0
RCHGF002102	1401	1171	0	0
RCHGF002103	2220	1990	0	0
RCHGF002104	1272	1042	0	0
RCHGF002105	2247	2017	0	0
RCHGF002106	696	465.997	0	0
RCHGF002107	615	385.613	1	642.053
RCHGF002108	837	606.997	0	0
RCHGF002109	378	158.827	1	1558.82
RCHGF002110	594	365.208	0	0
RCHGF002111	525	297.235	0	0
RCHGF002112	1308	1078	0	0
RCHGF002113	153	22.5	0	0
RCHGF002114	117	11.1111	0	0
RCHGF002115	924	693.997	0	0
RCHGF002116	135	15.84	0	0
RCHGF002117	1317	1087	0	0
RCHGF002118	1920	1690	0	0
RCHGF002119	1332	1102	0	0
RCHGF002120	996	765.997	0	0
RCHGF002121	189	37.5812	0	0
RCHGF002122	369	150.598	0	0
RCHGF002123	222	48.9404	0	0
RCHGF002124	138	17.537	0	0
RCHGF002125	618	387.997	0	0
RCHGF002126	1245	1015	0	0
RCHGF002127	792	561.997	0	0
RCHGF002128	1941	1711	0	0
RCHGF002129	459	234.59	0	0
RCHGF002130	324	111.848	0	0
RCHGF002131	402	180.03	0	0
RCHGF002132	585	356.208	0	0
RCHGF002133	912	681.997	0	0
RCHGF002134	2379	2149	0	0
RCHGF002135	804	573.997	1	431.333
RCHGF002136	912	681.997	0	0
RCHGF002137	615	385.613	0	0
RCHGF002138	1359	1129	0	0
RCHGF002139	126	13.7667	0	0
RCHGF002140	237	55.15	0	0
RCHGF002141	138	17.537	0	0
RCHGF002142	642	411.997	1	600.937
RCHGF002143	699	468.997	0	0
RCHGF002144	714	483.997	0	0
RCHGF002145	1188	957.997	0	0
RCHGF002146	252	64.0594	0	0
RCHGF002147	2337	2107	0	0
RCHGF002148	951	720.997	0	0
RCHGF002149	1254	1024	0	0
RCHGF002150	309	101.678	2	4869.97
RCHGF002151	1044	813.997	0	0
RCHGF002152	1920	1690	1	146.5
RCHGF002153	441	218.085	0	0
RCHGF002154	306	99.6075	0	0
RCHGF002155	594	365.208	0	0
RCHGF002156	1749	1519	1	162.992
RCHGF002157	1440	1210	0	0
RCHGF002158	660	429.997	0	0
RCHGF002159	1350	1120	0	0
RCHGF002160	189	37.5812	0	0
RCHGF002162	1602	1372	1	180.455
RCHGF002164	1833	1603	0	0
RCHGF002165	1311	1081	0	0
RCHGF002166	585	356.208	0	0
RCHGF002167	540	312.235	0	0
RCHGF002168	753	522.997	0	0
RCHGF002169	1230	999.997	0	0
RCHGF002170	1089	858.997	0	0
RCHGF002171	414	191.424	1	1293.38
RCHGF002172	288	86.6016	0	0
RCHGF002173	150	22.3797	0	0
RCHGF002174	531	303.235	0	0
RCHGF002175	1575	1345	0	0
RCHGF002176	846	615.997	0	0
RCHGF002177	1893	1663	1	148.878
RCHGF002178	1629	1399	0	0
RCHGF002180	1701	1471	0	0
RCHGF002181	126	13.7667	0	0
RCHGF002183	429	206.424	0	0
RCHGF002185	984	753.997	0	0
RCHGF002186	711	480.997	0	0
RCHGF002187	204	42.6626	0	0
RCHGF002188	222	48.9404	0	0
RCHGF002189	438	215.085	0	0
RCHGF002190	126	13.7667	0	0
RCHGF002191	870	639.997	1	386.852
RCHGF002192	1311	1081	0	0
RCHGF002193	960	729.997	0	0
RCHGF002194	1404	1174	0	0
RCHGF002195	1917	1687	0	0
RCHGF002196	114	10.7857	0	0
RCHGF002197	888	657.997	3	1128.81
RCHGF002198	183	35.4302	1	6987.93
RCHGF002199	1902	1672	0	0
RCHGF002200	747	516.997	0	0
RCHGF002201	1005	774.997	0	0
RCHGF002202	666	435.997	0	0
RCHGF002203	2166	1936	0	0
RCHGF002204	2166	1936	0	0
RCHGF002205	309	101.678	0	0
RCHGF002206	933	702.997	1	352.184
RCHGF002207	429	206.424	0	0
RCHGF002208	1032	801.997	0	0
RCHGF002209	1572	1342	0	0
RCHGF002210	4344	4114	0	0
RCHGF002211	129	13.3846	0	0
RCHGF002212	390	169.734	0	0
RCHGF002213	489	262.575	0	0
RCHGF002214	615	385.613	0	0
RCHGF002215	648	417.997	0	0
RCHGF002216	486	259.575	0	0
RCHGF002217	954	723.997	0	0
RCHGF002218	1185	954.997	0	0
RCHGF002219	696	465.997	0	0
RCHGF002220	366	147.598	0	0
RCHGF002221	198	39.9692	0	0
RCHGF002222	780	549.997	0	0
RCHGF002224	1179	948.997	0	0
RCHGF002225	705	474.997	0	0
RCHGF002226	2169	1939	2	255.373
RCHGF002227	174	30.0455	0	0
RCHGF002228	1095	864.997	0	0
RCHGF002230	618	387.997	0	0
RCHGF002231	368	149.598	0	0
RCHGF002233	852	621.997	0	0
RCHGF002234	321	110.02	1	2250.36
RCHGF002235	126	13.7667	0	0
RCHGF002236	1686	1456	0	0
RCHGF002237	699	468.997	0	0
RCHGF002238	1107	876.997	0	0
RCHGF002239	1191	960.997	2	515.265
RCHGF002240	1242	1012	0	0
RCHGF002241	1860	1630	0	0
RCHGF002242	390	169.734	0	0
RCHGF002243	1525	1295	0	0
RCHGF002246	618	387.997	1	638.108
RCHGF002247	189	37.5812	0	0
RCHGF002248	372	153.345	0	0
RCHGF002249	705	474.997	0	0
RCHGF002250	243	59.2392	0	0
RCHGF002251	516	288.235	0	0
RCHGF002252	549	320.732	0	0
RCHGF002253	1518	1288	1	192.224
RCHGF002254	837	606.997	0	0
RCHGF002255	1398	1168	0	0
RCHGF002256	390	169.734	0	0
RCHGF002257	147	20.4667	0	0
RCHGF002258	2811	2581	0	0
RCHGF002259	474	248.795	0	0
RCHGF002260	288	86.6016	0	0
RCHGF002261	1344	1114	0	0
RCHGF002262	174	30.0455	0	0
RCHGF002263	987	756.997	0	0
RCHGF002264	645	414.997	0	0
RCHGF002265	1038	807.997	0	0
RCHGF002266	1326	1096	0	0
RCHGF002267	780	549.997	0	0
RCHGF002268	666	435.997	0	0
RCHGF002269	444	221.085	0	0
RCHGF002270	846	615.997	0	0
RCHGF002271	195	38.7235	0	0
RCHGF002272	213	46.7138	0	0
RCHGF002273	195	38.7235	0	0
RCHGF002274	408	185.729	0	0
RCHGF002275	1101	870.997	0	0
RCHGF002276	1353	1123	0	0
RCHGF002277	984	753.997	0	0
RCHGF002279	1083	852.997	0	0
RCHGF002280	120	12.95	0	0
RCHGF002281	1815	1585	2	312.409
RCHGF002282	135	15.84	0	0
RCHGF002283	426	203.424	0	0
RCHGF002284	648	417.997	0	0
RCHGF002285	1968	1738	0	0
RCHGF002286	771	540.997	0	0
RCHGF002287	993	762.997	0	0
RCHGF002288	687	456.997	0	0
RCHGF002289	555	326.732	0	0
RCHGF002290	744	513.997	2	963.368
RCHGF002291	1176	945.997	3	785.153
RCHGF002292	1578	1348	0	0
RCHGF002293	267	72.0985	0	0
RCHGF002294	366	147.598	0	0
RCHGF002295	114	10.7857	0	0
RCHGF002296	228	50.142	0	0
RCHGF002297	1512	1282	0	0
RCHGF002299	504	276.689	0	0
RCHGF002300	912	681.997	1	363.028
RCHGF002301	1800	1570	0	0
RCHGF002302	711	480.997	0	0
RCHGF002303	816	585.997	0	0
RCHGF002304	750	519.997	0	0
RCHGF002305	474	248.795	0	0
RCHGF002306	393	171.607	0	0
RCHGF002307	1161	930.997	0	0
RCHGF002308	705	474.997	0	0
RCHGF002309	735	504.997	0	0
RCHGF002310	495	268.575	0	0
RCHGF002311	126	13.7667	0	0
RCHGF002312	813	582.997	0	0
RCHGF002313	1236	1006	0	0
RCHGF002314	657	426.997	0	0
RCHGF002315	138	17.537	0	0
RCHGF002316	546	317.732	0	0
RCHGF002317	2274	2044	0	0
RCHGF002318	459	234.59	0	0
RCHGF002319	771	540.997	0	0
RCHGF002320	816	585.997	0	0
RCHGF002321	966	735.997	0	0
RCHGF002322	1002	771.997	0	0
RCHGF002323	501	274.134	0	0
RCHGF002324	1308	1078	0	0
RCHGF002325	1515	1285	0	0
RCHGF002326	660	429.997	0	0
RCHGF002327	1062	831.997	0	0
RCHGF002328	1404	1174	0	0
RCHGF002329	726	495.997	0	0
RCHGF002330	687	456.997	0	0
RCHGF002331	1227	996.997	0	0
RCHGF002332	705	474.997	0	0
RCHGF002333	417	194.424	0	0
RCHGF002334	921	690.997	0	0
RCHGF002335	960	729.997	0	0
RCHGF002336	1383	1153	0	0
RCHGF002337	855	624.997	0	0
RCHGF002338	510	282.689	0	0
RCHGF002339	891	660.997	0	0
RCHGF002340	648	417.997	0	0
RCHGF002341	399	177.322	0	0
RCHGF002342	411	188.424	0	0
RCHGF002343	819	588.997	0	0
RCHGF002344	762	531.997	0	0
RCHGF002345	474	248.795	0	0
RCHGF002346	1020	789.997	0	0
RCHGF002347	2088	1858	0	0
RCHGF002348	162	24.5702	0	0
RCHGF002349	843	612.997	0	0
RCHGF002350	1458	1228	0	0
RCHGF002351	633	402.997	0	0
RCHGF002352	1086	855.997	0	0
RCHGF002353	1026	795.997	0	0
RCHGF002354	1248	1018	0	0
RCHGF002355	1443	1213	0	0
RCHGF002356	654	423.997	0	0
RCHGF002357	1437	1207	0	0
RCHGF002358	336	120.826	0	0
RCHGF002359	1251	1021	0	0
RCHGF002360	312	104.114	0	0
RCHGF002361	1926	1696	0	0
RCHGF002362	828	597.997	0	0
RCHGF002363	147	20.4667	1	12096.9
RCHGF002364	174	30.0455	0	0
RCHGF002365	144	19.9697	0	0
RCHGF002366	114	10.7857	0	0
RCHGF002367	564	335.208	0	0
RCHGF002368	762	531.997	0	0
RCHGF002369	870	639.997	0	0
RCHGF002370	1911	1681	0	0
RCHGF002371	690	459.997	0	0
RCHGF002372	117	11.1111	0	0
RCHGF002373	1359	1129	0	0
RCHGF002374	327	114.25	0	0
RCHGF002375	522	294.235	0	0
RCHGF002376	1062	831.997	0	0
RCHGF002377	1089	858.997	0	0
RCHGF002378	1461	1231	0	0
RCHGF002379	1803	1573	0	0
RCHGF002380	327	114.25	0	0
RCHGF002381	318	107.795	0	0
RCHGF002382	1092	861.997	0	0
RCHGF002383	954	723.997	0	0
RCHGF002384	1107	876.997	0	0
RCHGF002385	741	510.997	0	0
RCHGF002386	1095	864.997	0	0
RCHGF002388	1371	1141	0	0
RCHGF002389	1197	966.997	0	0
RCHGF002390	819	588.997	0	0
RCHGF002391	879	648.997	0	0
RCHGF002392	717	486.997	0	0
RCHGF002393	690	459.997	0	0
RCHGF002394	369	150.598	1	1644.01
RCHGF002395	1185	954.997	0	0
RCHGF002396	2010	1780	0	0
RCHGF002397	606	376.613	0	0
RCHGF002398	117	11.1111	0	0
RCHGF002399	519	291.235	0	0
RCHGF002400	834	603.997	0	0
RCHGF002401	606	376.613	0	0
RCHGF002402	1224	993.997	0	0
RCHGF002403	486	259.575	0	0
RCHGF002404	1155	924.997	0	0
RCHGF002405	486	259.575	0	0
RCHGF002406	1167	936.997	1	264.231
RCHGF002407	900	669.997	0	0
RCHGF002408	1374	1144	0	0
RCHGF002409	1485	1255	0	0
RCHGF002410	813	582.997	0	0
RCHGF002411	1116	885.997	0	0
RCHGF002412	630	399.997	0	0
RCHGF002413	117	11.1111	0	0
RCHGF002414	621	390.997	0	0
RCHGF002415	1008	777.997	0	0
RCHGF002416	630	399.997	0	0
RCHGF002417	666	435.997	0	0
RCHGF002418	2076	1846	0	0
RCHGF002419	996	765.997	0	0
RCHGF002420	669	438.997	0	0
RCHGF002421	1377	1147	0	0
RCHGF002422	282	82.7773	0	0
RCHGF002423	282	82.7773	0	0
RCHGF002424	462	237.59	0	0
RCHGF002425	147	20.4667	0	0
RCHGF002426	591	362.208	0	0
RCHGF002427	201	41.4068	1	5979.31
RCHGF002428	945	714.997	0	0
RCHGF002429	1482	1252	1	197.751
RCHGF002430	891	660.997	0	0
RCHGF002431	372	153.345	0	0
RCHGF002432	1062	831.997	0	0
RCHGF002433	528	300.235	0	0
RCHGF002434	543	314.732	0	0
RCHGF002435	774	543.997	0	0
RCHGF002436	1323	1093	0	0
RCHGF002437	1572	1342	0	0
RCHGF002438	303	97.5302	0	0
RCHGF002439	117	11.1111	0	0
RCHGF002440	309	101.678	0	0
RCHGF002441	534	306.235	1	808.478
RCHGF002442	519	291.235	0	0
RCHGF002443	168	27.5588	0	0
RCHGF002444	189	37.5812	0	0
RCHGF002445	1971	1741	1	142.208
RCHGF002447	123	13.12	0	0
RCHGF002448	1251	1021	0	0
RCHGF002449	237	55.15	0	0
RCHGF002450	1056	825.997	0	0
RCHGF002451	1719	1489	0	0
RCHGF002452	300	95.4324	0	0
RCHGF002453	588	359.208	0	0
RCHGF002454	858	627.997	0	0
RCHGF002455	318	107.795	0	0
RCHGF002456	324	111.848	0	0
RCHGF002457	195	38.7235	0	0
RCHGF002458	792	561.997	0	0
RCHGF002459	513	285.235	0	0
RCHGF002460	606	376.613	0	0
RCHGF002461	1482	1252	1	197.751
RCHGF002462	309	101.678	0	0
RCHGF002463	693	462.997	0	0
RCHGF002464	927	696.997	0	0
RCHGF002465	393	171.607	0	0
RCHGF002466	798	567.997	0	0
RCHGF002467	984	753.997	0	0
RCHGF002468	714	483.997	0	0
RCHGF002469	813	582.997	0	0
RCHGF002470	747	516.997	0	0
RCHGF002471	465	240.59	0	0
RCHGF002472	744	513.997	0	0
RCHGF002473	729	498.997	0	0
RCHGF002474	957	726.997	0	0
RCHGF002475	852	621.997	0	0
RCHGF002476	180	33.8606	0	0
RCHGF002477	276	78.2515	0	0
RCHGF002478	1422	1192	0	0
RCHGF002479	456	231.971	0	0
RCHGF002480	2031	1801	0	0
RCHGF002481	597	368.208	0	0
RCHGF002482	867	636.997	0	0
RCHGF002483	126	13.7667	0	0
RCHGF002484	318	107.795	0	0
RCHGF002485	120	12.95	0	0
RCHGF002487	1449	1219	0	0
RCHGF002489	1064	833.997	0	0
RCHGF002491	798	567.997	0	0
RCHGF002492	1851	1621	0	0
RCHGF002493	354	137.07	0	0
RCHGF002494	537	309.235	0	0
RCHGF002495	546	317.732	0	0
RCHGF002496	402	180.03	0	0
RCHGF002497	381	161.29	0	0
RCHGF002498	387	167.015	0	0
RCHGF002500	624	393.997	0	0
RCHGF002501	291	89.0824	0	0
RCHGF002502	114	10.7857	0	0
RCHGF002503	2013	1783	0	0
RCHGF002504	234	53.2876	0	0
RCHGF002505	759	528.997	0	0
RCHGF002506	534	306.235	0	0
RCHGF002507	1227	996.997	0	0
RCHGF002508	177	32.0566	0	0
RCHGF002509	270	74.1649	0	0
RCHGF002510	384	164.29	0	0
RCHGF002511	918	687.997	0	0
RCHGF002512	1638	1408	0	0
RCHGF002513	717	486.997	0	0
RCHGF002515	1695	1465	0	0
RCHGF002516	1263	1033	0	0
RCHGF002517	492	265.575	0	0
RCHGF002518	1077	846.997	0	0
RCHGF002519	1149	918.997	0	0
RCHGF002520	156	23.3939	0	0
RCHGF002522	411	188.424	0	0
RCHGF002523	1083	852.997	0	0
RCHGF002524	465	240.59	0	0
RCHGF002526	1317	1087	0	0
RCHGF002527	1104	873.997	0	0
RCHGF002529	237	55.15	0	0
RCHGF002530	417	194.424	0	0
RCHGF002531	339	123.614	0	0
RCHGF002532	219	48.0852	0	0
RCHGF002533	618	387.997	0	0
RCHGF002534	1140	909.997	0	0
RCHGF002535	204	42.6626	0	0
RCHGF002536	1191	960.997	0	0
RCHGF002537	1170	939.997	0	0
RCHGF002538	1374	1144	0	0
RCHGF002539	627	396.997	0	0
RCHGF002540	1926	1696	0	0
RCHGF002541	1926	1696	0	0
RCHGF002542	1179	948.997	0	0
RCHGF002543	909	678.997	1	364.632
RCHGF002544	450	226.717	0	0
RCHGF002545	615	385.613	0	0
RCHGF002546	597	368.208	0	0
RCHGF002547	1944	1714	0	0
RCHGF002548	114	10.7857	0	0
RCHGF002549	1245	1015	0	0
RCHGF002550	2163	1933	0	0
RCHGF002551	2070	1840	0	0
RCHGF002552	594	365.208	0	0
RCHGF002553	39	40	0	0
RCHGF002554	3486	3256	2	152.079
RCHGF002555	804	573.997	0	0
RCHGF002556	693	462.997	0	0
RCHGF002557	1287	1057	0	0
RCHGF002558	1413	1183	0	0
RCHGF002559	300	95.4324	0	0
RCHGF002560	480	253.575	0	0
RCHGF002561	111	9.41667	0	0
RCHGF002562	690	459.997	0	0
RCHGF002563	165	25.9535	0	0
RCHGF002564	234	53.2876	0	0
RCHGF002565	825	594.997	0	0
RCHGF002566	1026	795.997	0	0
RCHGF002567	774	543.997	0	0
RCHGF002568	462	237.59	0	0
RCHGF002569	2055	1825	0	0
RCHGF002570	876	645.997	1	383.259
RCHGF002571	465	240.59	0	0
RCHGF002572	1911	1681	0	0
RCHGF002573	321	110.02	0	0
RCHGF002574	1284	1054	0	0
RCHGF002575	336	120.826	0	0
RCHGF002576	1449	1219	0	0
RCHGF002577	1509	1279	0	0
RCHGF002578	690	459.997	0	0
RCHGF002579	1302	1072	0	0
RCHGF002580	675	444.997	0	0
RCHGF002581	1305	1075	0	0
RCHGF002582	975	744.997	0	0
RCHGF002583	147	20.4667	7	84678.5
RCHGF002584	456	231.971	0	0
RCHGF002585	309	101.678	0	0
RCHGF002586	456	231.971	0	0
RCHGF002587	225	49.2789	0	0
RCHGF002588	669	438.997	0	0
RCHGF002589	288	86.6016	0	0
RCHGF002590	1068	837.997	0	0
RCHGF002591	777	546.997	0	0
RCHGF002592	168	27.5588	0	0
RCHGF002593	435	212.085	0	0
RCHGF002594	906	675.997	0	0
RCHGF002595	2418	2188	0	0
RCHGF002596	114	10.7857	0	0
RCHGF002597	1278	1048	1	236.245
RCHGF002598	1050	819.997	0	0
RCHGF002599	312	104.114	0	0
RCHGF002600	477	251.389	0	0
RCHGF002601	1917	1687	0	0
RCHGF002602	609	379.613	0	0
RCHGF002603	759	528.997	0	0
RCHGF002604	192	38.835	0	0
RCHGF002605	660	429.997	0	0
RCHGF002606	696	465.997	0	0
RCHGF002607	1734	1504	0	0
RCHGF002608	1623	1393	0	0
RCHGF002609	2346	2116	0	0
RCHGF002610	723	492.997	0	0
RCHGF002611	1311	1081	0	0
RCHGF002612	759	528.997	0	0
RCHGF002613	1422	1192	0	0
RCHGF002614	666	435.997	0	0
RCHGF002615	132	15.0698	0	0
RCHGF002616	933	702.997	0	0
RCHGF002617	480	253.575	0	0
RCHGF002618	138	17.537	0	0
RCHGF002619	201	41.4068	0	0
RCHGF002620	111	9.41667	0	0
RCHGF002621	417	194.424	0	0
RCHGF002622	111	9.41667	0	0
RCHGF002623	894	663.997	0	0
RCHGF002624	2268	2038	0	0
RCHGF002625	747	516.997	0	0
RCHGF002626	351	134.302	0	0
RCHGF002627	177	32.0566	0	0
RCHGF002628	1182	951.997	0	0
RCHGF002629	597	368.208	0	0
RCHGF002630	264	70.3333	0	0
RCHGF002631	1611	1381	0	0
RCHGF002632	1212	981.997	0	0
RCHGF002633	465	240.59	0	0
RCHGF002634	1203	972.997	0	0
RCHGF002635	633	402.997	0	0
RCHGF002636	1098	867.997	0	0
RCHGF002638	225	49.2789	0	0
RCHGF002639	561	332.208	0	0
RCHGF002640	618	387.997	0	0
RCHGF002641	288	86.6016	0	0
RCHGF002642	783	552.997	0	0
RCHGF002643	2352	2122	0	0
RCHGF002645	1398	1168	1	211.973
RCHGF002646	1995	1765	0	0
RCHGF002647	792	561.997	0	0
RCHGF002648	147	20.4667	0	0
RCHGF002649	2316	2086	0	0
RCHGF002650	771	540.997	0	0
RCHGF002651	1314	1084	0	0
RCHGF002652	816	585.997	0	0
RCHGF002653	483	256.575	0	0
RCHGF002654	141	18.129	0	0
RCHGF002655	387	167.015	0	0
RCHGF002656	1023	792.997	0	0
RCHGF002657	435	212.085	0	0
RCHGF002658	2577	2347	0	0
RCHGF002659	624	393.997	0	0
RCHGF002660	357	139.835	0	0
RCHGF002661	1152	921.997	0	0
RCHGF002662	1344	1114	0	0
RCHGF002663	531	303.235	0	0
RCHGF002664	906	675.997	0	0
RCHGF002665	942	711.997	0	0
RCHGF002666	618	387.997	1	638.108
RCHGF002667	1035	804.997	0	0
RCHGF002668	849	618.997	0	0
RCHGF002669	159	25.0095	0	0
RCHGF002670	321	110.02	0	0
RCHGF002671	324	111.848	0	0
RCHGF002672	759	528.997	0	0
RCHGF002673	717	486.997	0	0
RCHGF002674	621	390.997	0	0
RCHGF002675	609	379.613	0	0
RCHGF002676	1032	801.997	0	0
RCHGF002677	1281	1051	0	0
RCHGF002678	630	399.997	0	0
RCHGF002679	1122	891.997	0	0
RCHGF002681	336	120.826	0	0
RCHGF002682	354	137.07	0	0
RCHGF002683	726	495.997	0	0
RCHGF002684	249	62.4102	0	0
RCHGF002685	1323	1093	0	0
RCHGF002686	813	582.997	0	0
RCHGF002687	114	10.7857	0	0
RCHGF002688	597	368.208	0	0
RCHGF002689	1902	1672	0	0
RCHGF002690	1203	972.997	0	0
RCHGF002691	123	13.12	0	0
RCHGF002692	1125	894.997	0	0
RCHGF002693	159	25.0095	0	0
RCHGF002694	2169	1939	0	0
RCHGF002695	864	633.997	0	0
RCHGF002696	153	22.5	0	0
RCHGF002697	1152	921.997	0	0
RCHGF002698	1569	1339	0	0
RCHGF002699	708	477.997	0	0
RCHGF002700	1524	1294	0	0
RCHGF002701	573	344.208	0	0
RCHGF002702	168	27.5588	0	0
RCHGF002703	426	203.424	0	0
RCHGF002704	174	30.0455	0	0
RCHGF002705	567	338.208	0	0
RCHGF002706	129	13.3846	0	0
RCHGF002707	1830	1600	1	154.74
RCHGF002708	2139	1909	0	0
RCHGF002709	708	477.997	0	0
RCHGF002710	648	417.997	0	0
RCHGF002711	126	13.7667	0	0
RCHGF002712	162	24.5702	0	0
RCHGF002713	774	543.997	0	0
RCHGF002714	2310	2080	0	0
RCHGF002715	456	231.971	0	0
RCHGF002716	765	534.997	0	0
RCHGF002717	489	262.575	0	0
RCHGF002718	114	10.7857	0	0
RCHGF002719	495	268.575	0	0
RCHGF002720	885	654.997	1	377.993
RCHGF002721	144	19.9697	0	0
RCHGF002722	654	423.997	0	0
RCHGF002723	693	462.997	0	0
RCHGF002724	1326	1096	0	0
RCHGF002725	384	164.29	0	0
RCHGF002726	1278	1048	0	0
RCHGF002727	189	37.5812	0	0
RCHGF002728	1053	822.997	0	0
RCHGF002729	150	22.3797	0	0
RCHGF002730	1239	1009	0	0
RCHGF002731	171	28.7931	0	0
RCHGF002732	765	534.997	0	0
RCHGF002733	141	18.129	0	0
RCHGF002734	921	690.997	0	0
RCHGF002735	819	588.997	0	0
RCHGF002736	510	282.689	0	0
RCHGF002737	126	13.7667	0	0
RCHGF002738	306	99.6075	0	0
RCHGF002739	312	104.114	0	0
RCHGF002740	1614	1384	0	0
RCHGF002741	147	20.4667	0	0
RCHGF002742	3231	3001	1	82.5006
RCHGF002743	120	12.95	0	0
RCHGF002744	1491	1261	0	0
RCHGF002745	513	285.235	0	0
RCHGF002746	1020	789.997	1	313.399
RCHGF002747	651	420.997	0	0
RCHGF002748	1749	1519	0	0
RCHGF002749	1512	1282	0	0
RCHGF002750	1473	1243	0	0
RCHGF002751	978	747.997	0	0
RCHGF002752	1566	1336	0	0
RCHGF002753	1698	1468	1	168.654
RCHGF002754	192	38.835	0	0
RCHGF002755	981	750.997	0	0
RCHGF002756	996	765.997	0	0
RCHGF002757	912	681.997	0	0
RCHGF002758	978	747.997	0	0
RCHGF002759	1698	1468	1	168.654
RCHGF002760	1203	972.997	1	254.455
RCHGF002761	348	131.754	0	0
RCHGF002762	1416	1186	0	0
RCHGF002763	1065	834.997	0	0
RCHGF002764	996	765.997	0	0
RCHGF002765	1863	1633	0	0
RCHGF002766	1290	1060	0	0
RCHGF002767	834	603.997	0	0
RCHGF002768	957	726.997	0	0
RCHGF002769	216	46.8027	2	10579.9
RCHGF002770	330	116.051	2	4266.83
RCHGF002771	321	110.02	0	0
RCHGF002772	621	390.997	0	0
RCHGF002773	1380	1150	2	430.582
RCHGF002775	414	191.424	0	0
RCHGF002776	189	37.5812	1	6587.98
RCHGF002777	726	495.997	0	0
RCHGF002778	672	441.997	0	0
RCHGF002779	567	338.208	0	0
RCHGF002780	1104	873.997	0	0
RCHGF002781	153	22.5	0	0
RCHGF002782	921	690.997	0	0
RCHGF002783	585	356.208	0	0
RCHGF002784	951	720.997	0	0
RCHGF002785	1548	1318	1	187.849
RCHGF002786	129	13.3846	0	0
RCHGF002787	900	669.997	0	0
RCHGF002788	777	546.997	0	0
RCHGF002789	633	402.997	0	0
RCHGF002790	873	642.997	0	0
RCHGF002791	144	19.9697	0	0
RCHGF002792	1833	1603	0	0
RCHGF002793	822	591.997	0	0
RCHGF002794	1317	1087	0	0
RCHGF002795	969	738.997	1	335.027
RCHGF002796	117	11.1111	0	0
RCHGF002797	999	768.997	0	0
RCHGF002798	690	459.997	1	538.23
RCHGF002799	180	33.8606	0	0
RCHGF002800	561	332.208	0	0
RCHGF002801	786	555.997	0	0
RCHGF002802	360	142.835	0	0
RCHGF002803	339	123.614	0	0
RCHGF002804	120	12.95	0	0
RCHGF002805	1779	1549	1	159.835
RCHGF002806	1728	1498	0	0
RCHGF002807	813	582.997	1	424.675
RCHGF002808	891	660.997	0	0
RCHGF002809	465	240.59	0	0
RCHGF002810	657	426.997	0	0
RCHGF002811	1422	1192	0	0
RCHGF002812	999	768.997	0	0
RCHGF002813	156	23.3939	0	0
RCHGF002814	1932	1702	0	0
RCHGF002815	960	729.997	0	0
RCHGF002816	129	13.3846	0	0
RCHGF002817	267	72.0985	0	0
RCHGF002818	555	326.732	0	0
RCHGF002819	501	274.134	0	0
RCHGF002820	537	309.235	0	0
RCHGF002821	300	95.4324	0	0
RCHGF002822	264	70.3333	0	0
RCHGF002823	141	18.129	0	0
RCHGF002824	336	120.826	0	0
RCHGF002825	300	95.4324	0	0
RCHGF002826	690	459.997	0	0
RCHGF002827	819	588.997	1	420.349
RCHGF002828	843	612.997	0	0
RCHGF002829	774	543.997	0	0
RCHGF002830	420	197.424	0	0
RCHGF002831	276	78.2515	0	0
RCHGF002832	195	38.7235	0	0
RCHGF002834	540	312.235	0	0
RCHGF002835	460	235.59	0	0
RCHGF002837	876	645.997	0	0
RCHGF002838	720	489.997	0	0
RCHGF002839	1131	900.997	0	0
RCHGF002840	1011	780.997	0	0
RCHGF002841	294	91.2136	0	0
RCHGF002842	171	28.7931	0	0
RCHGF002843	642	411.997	0	0
RCHGF002844	1968	1738	0	0
RCHGF002845	396	174.322	0	0
RCHGF002846	609	379.613	0	0
RCHGF002847	720	489.997	0	0
RCHGF002848	507	279.689	0	0
RCHGF002849	120	12.95	0	0
RCHGF002850	1290	1060	0	0
RCHGF002851	1245	1015	0	0
RCHGF002852	777	546.997	0	0
RCHGF002853	2166	1936	1	127.884
RCHGF002854	189	37.5812	0	0
RCHGF002855	174	30.0455	0	0
RCHGF002856	342	126.19	0	0
RCHGF002857	651	420.997	0	0
RCHGF002858	1785	1555	0	0
RCHGF002859	603	373.613	0	0
RCHGF002860	141	18.129	0	0
RCHGF002861	1377	1147	0	0
RCHGF002862	672	441.997	0	0
RCHGF002863	1149	918.997	0	0
RCHGF002864	120	12.95	0	0
RCHGF002865	762	531.997	0	0
RCHGF002866	363	145.59	0	0
RCHGF002867	771	540.997	0	0
RCHGF002868	642	411.997	0	0
RCHGF002869	279	80.7664	0	0
RCHGF002870	195	38.7235	0	0
RCHGF002871	459	234.59	0	0
RCHGF002872	249	62.4102	0	0
RCHGF002873	150	22.3797	0	0
RCHGF002874	522	294.235	0	0
RCHGF002875	114	10.7857	0	0
RCHGF002876	387	167.015	0	0
RCHGF002877	111	9.41667	0	0
RCHGF002878	444	221.085	0	0
RCHGF002879	351	134.302	0	0
RCHGF002880	255	65.2587	0	0
RCHGF002881	156	23.3939	0	0
RCHGF002882	267	72.0985	0	0
RCHGF002883	453	228.971	0	0
RCHGF002884	354	137.07	0	0
RCHGF002885	324	111.848	0	0
RCHGF002886	162	24.5702	0	0
RCHGF002887	441	218.085	0	0
RCHGF002888	375	155.827	0	0
RCHGF002889	126	13.7667	0	0
RCHGF002890	123	13.12	0	0
RCHGF002891	1338	1108	0	0
RCHGF002892	2868	2638	0	0
RCHGF002893	2349	2119	0	0
RCHGF002894	2010	1780	0	0
RCHGF002895	1743	1513	0	0
RCHGF002896	1806	1576	0	0
RCHGF002897	678	447.997	0	0
RCHGF002898	177	32.0566	0	0
RCHGF002899	792	561.997	0	0
RCHGF002900	1368	1138	0	0
RCHGF002901	111	9.41667	0	0
RCHGF002902	1512	1282	0	0
RCHGF002903	906	675.997	1	366.25
RCHGF002904	1929	1699	1	145.724
RCHGF002905	2220	1990	0	0
RCHGF002906	1737	1507	0	0
RCHGF002907	669	438.997	0	0
RCHGF002908	702	471.997	0	0
RCHGF002909	1110	879.997	0	0
RCHGF002910	597	368.208	0	0
RCHGF002911	273	76.5346	0	0
RCHGF002912	687	456.997	1	541.763
RCHGF002913	135	15.84	0	0
RCHGF002914	177	32.0566	0	0
RCHGF002915	246	60.7543	0	0
RCHGF002916	555	326.732	0	0
RCHGF002917	180	33.8606	0	0
RCHGF002918	762	531.997	0	0
RCHGF002919	306	99.6075	0	0
RCHGF002920	510	282.689	0	0
RCHGF002921	660	429.997	0	0
RCHGF002922	780	549.997	0	0
RCHGF002923	318	107.795	0	0
RCHGF002924	216	46.8027	0	0
RCHGF002925	657	426.997	0	0
RCHGF002926	699	468.997	0	0
RCHGF002927	270	74.1649	0	0
RCHGF002928	906	675.997	1	366.25
RCHGF002929	1584	1354	0	0
RCHGF002930	783	552.997	0	0
RCHGF002931	975	744.997	0	0
RCHGF002932	597	368.208	0	0
RCHGF002933	711	480.997	0	0
RCHGF002934	1053	822.997	0	0
RCHGF002935	1101	870.997	0	0
RCHGF002936	1068	837.997	0	0
RCHGF002937	1134	903.997	0	0
RCHGF002938	2376	2146	0	0
RCHGF002939	681	450.997	0	0
RCHGF002940	675	444.997	0	0
RCHGF002941	1395	1165	2	425.038
RCHGF002942	186	37.191	0	0
RCHGF002943	534	306.235	3	2425.43
RCHGF002944	231	52.4258	0	0
RCHGF002945	114	10.7857	0	0
RCHGF002946	2091	1861	0	0
RCHGF002947	1671	1441	0	0
RCHGF002948	129	13.3846	0	0
RCHGF002949	1665	1435	1	172.533
RCHGF002950	471	245.795	0	0
RCHGF002951	474	248.795	0	0
RCHGF002952	522	294.235	0	0
RCHGF002953	1200	969.997	0	0
RCHGF002954	1647	1417	0	0
RCHGF002955	729	498.997	0	0
RCHGF002956	738	507.997	0	0
RCHGF002957	324	111.848	0	0
RCHGF002958	342	126.19	1	1961.99
RCHGF002959	435	212.085	0	0
RCHGF002960	963	732.997	1	337.769
RCHGF002961	858	627.997	0	0
RCHGF002962	132	15.0698	0	0
RCHGF002963	699	468.997	1	527.901
RCHGF002964	750	519.997	0	0
RCHGF002965	825	594.997	1	416.11
RCHGF002966	444	221.085	0	0
RCHGF002967	1197	966.997	0	0
RCHGF002968	114	10.7857	0	0
RCHGF002969	1698	1468	1	168.654
RCHGF002970	1692	1462	0	0
RCHGF002971	1227	996.997	1	248.33
RCHGF002972	891	660.997	0	0
RCHGF002973	1395	1165	0	0
RCHGF002974	1293	1063	50	11645.6
RCHGF002975	1470	1240	0	0
RCHGF002976	2256	2026	0	0
RCHGF002977	609	379.613	0	0
RCHGF002978	1983	1753	1	141.235
RCHGF002979	861	630.997	0	0
RCHGF002980	117	11.1111	0	0
RCHGF002981	495	268.575	0	0
RCHGF002982	693	462.997	0	0
RCHGF002983	525	297.235	0	0
RCHGF002984	120	12.95	0	0
RCHGF002985	216	46.8027	0	0
RCHGF002986	231	52.4258	0	0
RCHGF002987	1005	774.997	0	0
RCHGF002988	561	332.208	2	1490.53
RCHGF002989	285	84.4422	0	0
RCHGF002990	1362	1132	0	0
RCHGF002991	1170	939.997	1	263.388
RCHGF002992	882	651.997	0	0
RCHGF002993	213	46.7138	0	0
RCHGF002994	528	300.235	1	824.635
RCHGF002995	159	25.0095	0	0
RCHGF002996	993	762.997	0	0
RCHGF002997	357	139.835	0	0
RCHGF002998	111	9.41667	0	0
RCHGF002999	1200	969.997	2	510.484
RCHGF003000	762	531.997	0	0
RCHGF003001	213	46.7138	0	0
RCHGF003002	567	338.208	0	0
RCHGF003003	573	344.208	0	0
RCHGF003004	249	62.4102	0	0
RCHGF003005	870	639.997	0	0
RCHGF003006	540	312.235	0	0
RCHGF003007	744	513.997	10	4816.84
RCHGF003008	2031	1801	0	0
RCHGF003009	585	356.208	0	0
RCHGF003010	873	642.997	0	0
RCHGF003011	774	543.997	0	0
RCHGF003012	729	498.997	0	0
RCHGF003013	396	174.322	0	0
RCHGF003014	390	169.734	0	0
RCHGF003015	855	624.997	0	0
RCHGF003016	786	555.997	0	0
RCHGF003017	786	555.997	0	0
RCHGF003018	1104	873.997	0	0
RCHGF003019	702	471.997	0	0
RCHGF003020	426	203.424	0	0
RCHGF003021	1218	987.997	0	0
RCHGF003022	915	684.997	0	0
RCHGF003023	213	46.7138	0	0
RCHGF003024	888	657.997	0	0
RCHGF003025	1320	1090	0	0
RCHGF003026	114	10.7857	0	0
RCHGF003027	2595	2365	0	0
RCHGF003028	2040	1810	0	0
RCHGF003029	156	23.3939	0	0
RCHGF003030	1632	1402	0	0
RCHGF003031	417	194.424	0	0
RCHGF003032	1203	972.997	0	0
RCHGF003033	747	516.997	0	0
RCHGF003034	1209	978.997	0	0
RCHGF003035	3504	3274	6	453.728
RCHGF003036	7287	7057	0	0
RCHGF003037	132	15.0698	0	0
RCHGF003038	804	573.997	0	0
RCHGF003039	462	237.59	0	0
RCHGF003040	657	426.997	0	0
RCHGF003041	306	99.6075	0	0
RCHGF003042	2340	2110	0	0
RCHGF003043	849	618.997	0	0
RCHGF003044	768	537.997	0	0
RCHGF003045	318	107.795	0	0
RCHGF003046	459	234.59	1	1055.39
RCHGF003047	882	651.997	0	0
RCHGF003048	1755	1525	0	0
RCHGF003049	465	240.59	0	0
RCHGF003050	111	9.41667	0	0
RCHGF003051	132	15.0698	0	0
RCHGF003052	198	39.9692	5.3125	32907.6
RCHGF003053	399	177.322	0	0
RCHGF003054	1311	1081	0	0
RCHGF003055	111	9.41667	0	0
RCHGF003056	723	492.997	0	0
RCHGF003057	306	99.6075	0	0
RCHGF003058	873	642.997	0	0
RCHGF003059	480	253.575	0	0
RCHGF003060	855	624.997	0	0
RCHGF003061	720	489.997	1	505.277
RCHGF003062	918	687.997	1	359.862
RCHGF003063	117	11.1111	0	0
RCHGF003064	861	630.997	0	0
RCHGF003065	783	552.997	0	0
RCHGF003066	1137	906.997	1	272.971
RCHGF003067	1197	966.997	0	0
RCHGF003068	894	663.997	0	0
RCHGF003069	615	385.613	0	0
RCHGF003070	273	76.5346	0	0
RCHGF003071	804	573.997	0	0
RCHGF003072	1080	849.997	0	0
RCHGF003073	918	687.997	0	0
RCHGF003074	702	471.997	1	524.546
RCHGF003075	198	39.9692	0	0
RCHGF003076	138	17.537	0	0
RCHGF003077	1005	774.997	0	0
RCHGF003078	225	49.2789	0	0
RCHGF003079	1356	1126	0	0
RCHGF003080	267	72.0985	0	0
RCHGF003081	513	285.235	0	0
RCHGF003082	1119	888.997	0	0
RCHGF003083	1098	867.997	0	0
RCHGF003084	687	456.997	0	0
RCHGF003085	1005	774.997	0	0
RCHGF003086	111	9.41667	0	0
RCHGF003087	927	696.997	2	710.431
RCHGF003088	825	594.997	0	0
RCHGF003089	2145	1915	1	129.287
RCHGF003090	633	402.997	0	0
RCHGF003091	1131	900.997	0	0
RCHGF003092	117	11.1111	0	0
RCHGF003093	135	15.84	0	0
RCHGF003094	1221	990.997	0	0
RCHGF003095	444	221.085	0	0
RCHGF003096	282	82.7773	0	0
RCHGF003097	432	209.085	0	0
RCHGF003098	1224	993.997	0	0
RCHGF003099	315	106.342	0	0
RCHGF003100	1239	1009	1	245.376
RCHGF003101	582	353.208	1	700.957
RCHGF003102	1422	1192	0	0
RCHGF003103	135	15.84	0	0
RCHGF003104	129	13.3846	0	0
RCHGF003105	2601	2371	0	0
RCHGF003106	147	20.4667	0	0
RCHGF003107	1350	1120	0	0
RCHGF003108	708	477.997	0	0
RCHGF003109	705	474.997	0	0
RCHGF003110	627	396.997	0	0
RCHGF003111	1416	1186	0	0
RCHGF003112	1791	1561	0	0
RCHGF003113	1809	1579	0	0
RCHGF003114	969	738.997	1	335.027
RCHGF003115	687	456.997	0	0
RCHGF003116	555	326.732	0	0
RCHGF003117	699	468.997	0	0
RCHGF003118	2478	2248	0	0
RCHGF003119	387	167.015	0	0
RCHGF003120	186	37.191	0	0
RCHGF003121	750	519.997	0	0
RCHGF003122	294	91.2136	0	0
RCHGF003123	132	15.0698	0	0
RCHGF003124	111	9.41667	0	0
RCHGF003125	1080	849.997	0	0
RCHGF003126	1305	1075	0	0
RCHGF003127	1470	1240	0	0
RCHGF003128	819	588.997	0	0
RCHGF003129	477	251.389	0	0
RCHGF003130	4218	3988	0	0
RCHGF003131	120	12.95	0	0
RCHGF003132	213	46.7138	0	0
RCHGF003133	1089	858.997	2	576.449
RCHGF003134	927	696.997	1	355.215
RCHGF003135	858	627.997	1	394.244
RCHGF003136	216	46.8027	0	0
RCHGF003137	1539	1309	0	0
RCHGF003138	1332	1102	0	0
RCHGF003139	600	371.208	0	0
RCHGF003140	1167	936.997	0	0
RCHGF003142	4260	4030	0	0
RCHGF003143	621	390.997	0	0
RCHGF003144	126	13.7667	0	0
RCHGF003145	1320	1090	0	0
RCHGF003146	558	329.208	0	0
RCHGF003147	207	43.1533	1	5737.32
RCHGF003148	3858	3628	3	204.728
RCHGF003149	4209	3979	3	186.668
RCHGF003150	609	379.613	0	0
RCHGF003151	369	150.598	4	6576.04
RCHGF003152	519	291.235	0	0
RCHGF003154	684	453.997	0	0
RCHGF003155	414	191.424	0	0
RCHGF003156	123	13.12	0	0
RCHGF003157	114	10.7857	0	0
RCHGF003158	966	735.997	0	0
RCHGF003159	819	588.997	0	0
RCHGF003160	729	498.997	0	0
RCHGF003161	1071	840.997	0	0
RCHGF003162	1047	816.997	0	0
RCHGF003163	1665	1435	0	0
RCHGF003164	1332	1102	0	0
RCHGF003165	861	630.997	0	0
RCHGF003166	1173	942.997	0	0
RCHGF003167	732	501.997	0	0
RCHGF003168	525	297.235	0	0
RCHGF003169	183	35.4302	0	0
RCHGF003170	111	9.41667	0	0
RCHGF003171	600	371.208	0	0
RCHGF003172	834	603.997	0	0
RCHGF003173	378	158.827	0	0
RCHGF003174	1281	1051	0	0
RCHGF003175	285	84.4422	0	0
RCHGF003176	438	215.085	0	0
RCHGF003177	1971	1741	0	0
RCHGF003178	126	13.7667	0	0
RCHGF003179	1158	927.997	0	0
RCHGF003180	126	13.7667	0	0
RCHGF003181	468	243.59	0	0
RCHGF003182	1041	810.997	0	0
RCHGF003183	807	576.997	0	0
RCHGF003184	1968	1738	0	0
RCHGF003185	813	582.997	0	0
RCHGF003186	1056	825.997	0	0
RCHGF003187	312	104.114	0	0
RCHGF003188	459	234.59	0	0
RCHGF003189	1200	969.997	0	0
RCHGF003190	1620	1390	0	0
RCHGF003191	1407	1177	0	0
RCHGF003192	336	120.826	0	0
RCHGF003193	1254	1024	0	0
RCHGF003194	303	97.5302	0	0
RCHGF003195	1911	1681	0	0
RCHGF003196	117	11.1111	0	0
RCHGF003197	867	636.997	0	0
RCHGF003198	246	60.7543	0	0
RCHGF003199	324	111.848	0	0
RCHGF003200	234	53.2876	0	0
RCHGF003201	1041	810.997	0	0
RCHGF003202	1896	1666	0	0
RCHGF003203	624	393.997	0	0
RCHGF003204	972	741.997	0	0
RCHGF003205	1011	780.997	0	0
RCHGF003206	936	705.997	0	0
RCHGF003207	915	684.997	0	0
RCHGF003208	645	414.997	0	0
RCHGF003209	702	471.997	0	0
RCHGF003210	774	543.997	0	0
RCHGF003211	957	726.997	0	0
RCHGF003212	876	645.997	0	0
RCHGF003213	1191	960.997	0	0
RCHGF003214	807	576.997	0	0
RCHGF003215	1407	1177	0	0
RCHGF003216	975	744.997	0	0
RCHGF003217	528	300.235	0	0
RCHGF003218	645	414.997	0	0
RCHGF003220	480	253.575	1	976.373
RCHGF003221	843	612.997	0	0
RCHGF003222	1395	1165	0	0
RCHGF003223	888	657.997	0	0
RCHGF003224	888	657.997	0	0
RCHGF003225	1302	1072	0	0
RCHGF003226	936	705.997	0	0
RCHGF003227	1635	1405	0	0
RCHGF003228	1581	1351	0	0
RCHGF003229	186	37.191	0	0
RCHGF003230	1374	1144	1	216.42
RCHGF003231	777	546.997	0	0
RCHGF003232	1875	1645	0	0
RCHGF003233	792	561.997	0	0
RCHGF003234	1299	1069	0	0
RCHGF003235	288	86.6016	0	0
RCHGF003236	1404	1174	0	0
RCHGF003238	1713	1483	0	0
RCHGF003239	918	687.997	0	0
RCHGF003240	1248	1018	0	0
RCHGF003241	936	705.997	0	0
RCHGF003242	765	534.997	0	0
RCHGF003243	2103	1873	0	0
RCHGF003244	1362	1132	0	0
RCHGF003245	1425	1195	0	0
RCHGF003246	423	200.424	0	0
RCHGF003247	396	174.322	0	0
RCHGF003248	480	253.575	0	0
RCHGF003249	369	150.598	0	0
RCHGF003250	1305	1075	0	0
RCHGF003252	114	10.7857	0	0
RCHGF003253	1560	1330	0	0
RCHGF003254	138	17.537	0	0
RCHGF003255	540	312.235	0	0
RCHGF003256	549	320.732	0	0
RCHGF003257	792	561.997	0	0
RCHGF003258	261	68.6978	0	0
RCHGF003259	465	240.59	0	0
RCHGF003260	852	621.997	0	0
RCHGF003261	909	678.997	0	0
RCHGF003262	423	200.424	0	0
RCHGF003263	159	25.0095	0	0
RCHGF003264	312	104.114	0	0
RCHGF003265	132	15.0698	0	0
RCHGF003266	117	11.1111	0	0
RCHGF003267	231	52.4258	0	0
RCHGF003268	162	24.5702	0	0
RCHGF003269	603	373.613	0	0
RCHGF003270	942	711.997	0	0
RCHGF003271	210	44.6926	0	0
RCHGF003272	876	645.997	0	0
RCHGF003273	117	11.1111	0	0
RCHGF003274	1044	813.997	0	0
RCHGF003275	1347	1117	0	0
RCHGF003276	1818	1588	0	0
RCHGF003277	2646	2416	1	102.477
RCHGF003278	906	675.997	0	0
RCHGF003279	3267	3037	0	0
RCHGF003280	900	669.997	0	0
RCHGF003281	1128	897.997	0	0
RCHGF003282	1614	1384	1	178.891
RCHGF003283	219	48.0852	0	0
RCHGF003284	270	74.1649	0	0
RCHGF003285	612	382.613	0	0
RCHGF003286	516	288.235	0	0
RCHGF003287	318	107.795	1	2296.81
RCHGF003288	621	390.997	0	0
RCHGF003289	171	28.7931	0	0
RCHGF003290	183	35.4302	0	0
RCHGF003291	1938	1708	0	0
RCHGF003292	417	194.424	0	0
RCHGF003293	327	114.25	0	0
RCHGF003294	2271	2041	0	0
RCHGF003295	279	80.7664	0	0
RCHGF003296	1341	1111	0	0
RCHGF003297	417	194.424	0	0
RCHGF003298	357	139.835	0	0
RCHGF003299	552	323.732	0	0
RCHGF003300	1248	1018	0	0
RCHGF003301	684	453.997	0	0
RCHGF003302	366	147.598	0	0
RCHGF003303	240	57.1318	0	0
RCHGF003304	1599	1369	0	0
RCHGF003305	327	114.25	0	0
RCHGF003306	303	97.5302	0	0
RCHGF003307	1368	1138	0	0
RCHGF003308	534	306.235	0	0
RCHGF003309	1182	951.997	0	0
RCHGF003310	270	74.1649	0	0
RCHGF003311	381	161.29	0	0
RCHGF003312	285	84.4422	0	0
RCHGF003313	570	341.208	0	0
RCHGF003314	372	153.345	0	0
RCHGF003315	162	24.5702	0	0
RCHGF003316	3150	2920	0	0
RCHGF003317	648	417.997	0	0
RCHGF003318	1719	1489	0	0
RCHGF003319	1893	1663	0	0
RCHGF003320	411	188.424	0	0
RCHGF003321	951	720.997	0	0
RCHGF003322	117	11.1111	0	0
RCHGF003323	219	48.0852	0	0
RCHGF003324	1563	1333	0	0
RCHGF003325	414	191.424	0	0
RCHGF003326	1023	792.997	0	0
RCHGF003327	237	55.15	0	0
RCHGF003328	1359	1129	0	0
RCHGF003329	549	320.732	0	0
RCHGF003330	825	594.997	0	0
RCHGF003331	1332	1102	0	0
RCHGF003332	594	365.208	0	0
RCHGF003333	1422	1192	0	0
RCHGF003334	1419	1189	0	0
RCHGF003335	303	97.5302	0	0
RCHGF003336	1122	891.997	0	0
RCHGF003337	1995	1765	0	0
RCHGF003338	2289	2059	0	0
RCHGF003339	1581	1351	0	0
RCHGF003340	816	585.997	0	0
RCHGF003341	672	441.997	0	0
RCHGF003342	633	402.997	0	0
RCHGF003343	1008	777.997	1	318.233
RCHGF003344	1386	1156	0	0
RCHGF003345	273	76.5346	0	0
RCHGF003346	468	243.59	0	0
RCHGF003347	489	262.575	0	0
RCHGF003348	2022	1792	0	0
RCHGF003349	1599	1369	2	361.701
RCHGF003350	1233	1003	0	0
RCHGF003351	678	447.997	0	0
RCHGF003352	1155	924.997	0	0
RCHGF003353	879	648.997	0	0
RCHGF003354	480	253.575	0	0
RCHGF003355	1761	1531	0	0
RCHGF003356	2358	2128	1	116.346
RCHGF003357	657	426.997	0	0
RCHGF003359	855	624.997	0	0
RCHGF003360	390	169.734	0	0
RCHGF003361	2511	2281	0	0
RCHGF003362	540	312.235	0	0
RCHGF003363	1170	939.997	0	0
RCHGF003364	1536	1306	0	0
RCHGF003365	951	720.997	1	343.391
RCHGF003366	4821	4591	0	0
RCHGF003367	675	444.997	0	0
RCHGF003368	153	22.5	0	0
RCHGF003369	660	429.997	1	575.781
RCHGF003370	1083	852.997	0	0
RCHGF003371	468	243.59	0	0
RCHGF003372	168	27.5588	0	0
RCHGF003373	219	48.0852	0	0
RCHGF003374	309	101.678	0	0
RCHGF003375	1419	1189	0	0
RCHGF003376	300	95.4324	0	0
RCHGF003377	123	13.12	0	0
RCHGF003378	495	268.575	0	0
RCHGF003379	474	248.795	0	0
RCHGF003380	138	17.537	0	0
RCHGF003381	642	411.997	0	0
RCHGF003382	1008	777.997	0	0
RCHGF003383	447	224.085	0	0
RCHGF003384	912	681.997	0	0
RCHGF003385	1050	819.997	0	0
RCHGF003386	327	114.25	0	0
RCHGF003387	480	253.575	0	0
RCHGF003388	870	639.997	0	0
RCHGF003389	858	627.997	0	0
RCHGF003390	1956	1726	0	0
RCHGF003391	411	188.424	0	0
RCHGF003392	210	44.6926	0	0
RCHGF003393	771	540.997	0	0
RCHGF003394	633	402.997	0	0
RCHGF003395	468	243.59	0	0
RCHGF003396	924	693.997	1	356.751
RCHGF003397	411	188.424	0	0
RCHGF003398	390	169.734	0	0
RCHGF003399	1026	795.997	0	0
RCHGF003400	330	116.051	0	0
RCHGF003401	984	753.997	0	0
RCHGF003402	255	65.2587	0	0
RCHGF003403	1029	798.997	0	0
RCHGF003404	447	224.085	0	0
RCHGF003405	603	373.613	0	0
RCHGF003406	450	226.717	0	0
RCHGF003407	1218	987.997	0	0
RCHGF003408	1287	1057	0	0
RCHGF003410	354	137.07	0	0
RCHGF003411	2091	1861	0	0
RCHGF003412	420	197.424	0	0
RCHGF003413	618	387.997	0	0
RCHGF003414	594	365.208	0	0
RCHGF003415	204	42.6626	0	0
RCHGF003416	111	9.41667	0	0
RCHGF003417	204	42.6626	0	0
RCHGF003418	1377	1147	0	0
RCHGF003419	2160	1930	0	0
RCHGF003420	375	155.827	0	0
RCHGF003421	471	245.795	0	0
RCHGF003422	564	335.208	0	0
RCHGF003423	891	660.997	0	0
RCHGF003424	2514	2284	0	0
RCHGF003425	390	169.734	0	0
RCHGF003426	1791	1561	0	0
RCHGF003427	705	474.997	0	0
RCHGF003428	153	22.5	0	0
RCHGF003429	840	609.997	0	0
RCHGF003430	831	600.997	0	0
RCHGF003431	4428	4198	0	0
RCHGF003432	966	735.997	0	0
RCHGF003433	969	738.997	0	0
RCHGF003434	444	221.085	0	0
RCHGF003435	5241	5011	0	0
RCHGF003436	801	570.997	0	0
RCHGF003437	2145	1915	0	0
RCHGF003438	615	385.613	0	0
RCHGF003439	258	66.905	0	0
RCHGF003440	756	525.997	0	0
RCHGF003441	798	567.997	0	0
RCHGF003442	744	513.997	0	0
RCHGF003443	345	128.974	0	0
RCHGF003444	1080	849.997	0	0
RCHGF003445	570	341.208	0	0
RCHGF003446	135	15.84	0	0
RCHGF003447	228	50.142	0	0
RCHGF003448	840	609.997	0	0
RCHGF003449	1185	954.997	0	0
RCHGF003450	1716	1486	0	0
RCHGF003451	453	228.971	0	0
RCHGF003452	414	191.424	0	0
RCHGF003453	117	11.1111	0	0
RCHGF003454	912	681.997	0	0
RCHGF003455	843	612.997	0	0
RCHGF003456	1128	897.997	0	0
RCHGF003457	120	12.95	0	0
RCHGF003458	834	603.997	0	0
RCHGF003459	1542	1312	0	0
RCHGF003460	396	174.322	0	0
RCHGF003461	645	414.997	0	0
RCHGF003462	606	376.613	0	0
RCHGF003463	276	78.2515	0	0
RCHGF003464	282	82.7773	0	0
RCHGF003465	120	12.95	0	0
RCHGF003467	126	13.7667	0	0
RCHGF003468	1413	1183	0	0
RCHGF003469	465	240.59	0	0
RCHGF003470	1569	1339	1	184.903
RCHGF003471	1131	900.997	0	0
RCHGF003472	699	468.997	1	527.901
RCHGF003473	213	46.7138	0	0
RCHGF003474	333	118.24	0	0
RCHGF003475	1446	1216	0	0
RCHGF003476	882	651.997	0	0
RCHGF003477	588	359.208	0	0
RCHGF003478	519	291.235	0	0
RCHGF003479	615	385.613	0	0
RCHGF003480	906	675.997	1	366.25
RCHGF003481	1167	936.997	0	0
RCHGF003482	861	630.997	0	0
RCHGF003483	1215	984.997	0	0
RCHGF003484	1038	807.997	0	0
RCHGF003485	1392	1162	0	0
RCHGF003486	1221	990.997	0	0
RCHGF003488	1176	945.997	0	0
RCHGF003489	255	65.2587	0	0
RCHGF003490	660	429.997	0	0
RCHGF003491	756	525.997	0	0
RCHGF003492	177	32.0566	0	0
RCHGF003493	480	253.575	0	0
RCHGF003494	579	350.208	0	0
RCHGF003495	1218	987.997	0	0
RCHGF003496	1182	951.997	0	0
RCHGF003497	1092	861.997	0	0
RCHGF003498	1059	828.997	0	0
RCHGF003499	114	10.7857	0	0
RCHGF003500	1545	1315	1	188.277
RCHGF003501	777	546.997	0	0
RCHGF003502	837	606.997	3	1223.65
RCHGF003503	1026	795.997	0	0
RCHGF003504	786	555.997	0	0
RCHGF003505	1137	906.997	1	272.971
RCHGF003506	1206	975.997	0	0
RCHGF003507	1203	972.997	3	763.365
RCHGF003508	2112	1882	0	0
RCHGF003509	243	59.2392	0	0
RCHGF003510	1134	903.997	0	0
RCHGF003511	153	22.5	0	0
RCHGF003512	951	720.997	0	0
RCHGF003513	1263	1033	0	0
RCHGF003514	948	717.997	0	0
RCHGF003515	675	444.997	0	0
RCHGF003516	339	123.614	0	0
RCHGF003517	1704	1474	1	167.968
RCHGF003518	1062	831.997	0	0
RCHGF003519	420	197.424	0	0
RCHGF003520	399	177.322	0	0
RCHGF003521	459	234.59	0	0
RCHGF003522	312	104.114	0	0
RCHGF003523	1029	798.997	0	0
RCHGF003524	915	684.997	0	0
RCHGF003525	153	22.5	0	0
RCHGF003526	678	447.997	0	0
RCHGF003527	165	25.9535	0	0
RCHGF003528	117	11.1111	0	0
RCHGF003529	132	15.0698	0	0
RCHGF003530	792	561.997	0	0
RCHGF003531	921	690.997	0	0
RCHGF003532	1053	822.997	0	0
RCHGF003533	1053	822.997	0	0
RCHGF003534	1272	1042	0	0
RCHGF003535	870	639.997	0	0
RCHGF003536	969	738.997	0	0
RCHGF003537	348	131.754	0	0
RCHGF003538	672	441.997	0	0
RCHGF003539	885	654.997	2	755.985
RCHGF003540	738	507.997	0	0
RCHGF003541	2253	2023	0	0
RCHGF003542	819	588.997	0	0
RCHGF003543	756	525.997	0	0
RCHGF003544	1215	984.997	0	0
RCHGF003545	1188	957.997	0	0
RCHGF003546	750	519.997	0	0
RCHGF003547	765	534.997	0	0
RCHGF003548	1005	774.997	0	0
RCHGF003549	747	516.997	0	0
RCHGF003550	3216	2986	0	0
RCHGF003551	1074	843.997	0	0
RCHGF003552	636	405.997	0	0
RCHGF003553	699	468.997	0	0
RCHGF003554	906	675.997	0	0
RCHGF003555	744	513.997	0	0
RCHGF003556	3213	2983	0	0
RCHGF003557	1077	846.997	0	0
RCHGF003558	1290	1060	0	0
RCHGF003559	885	654.997	1	377.993
RCHGF003561	381	161.29	0	0
RCHGF003562	426	203.424	0	0
RCHGF003563	960	729.997	0	0
RCHGF003564	1230	999.997	0	0
RCHGF003565	819	588.997	0	0
RCHGF003566	771	540.997	0	0
RCHGF003567	471	245.795	0	0
RCHGF003568	735	504.997	0	0
RCHGF003569	414	191.424	0	0
RCHGF003570	720	489.997	0	0
RCHGF003571	852	621.997	0	0
RCHGF003572	897	666.997	0	0
RCHGF003573	543	314.732	0	0
RCHGF003574	738	507.997	0	0
RCHGF003575	396	174.322	0	0
RCHGF003576	777	546.997	0	0
RCHGF003577	723	492.997	0	0
RCHGF003578	654	423.997	0	0
RCHGF003580	507	279.689	0	0
RCHGF003581	615	385.613	0	0
RCHGF003582	852	621.997	0	0
RCHGF003583	1614	1384	0	0
RCHGF003584	393	171.607	0	0
RCHGF003585	912	681.997	0	0
RCHGF003586	816	585.997	0	0
RCHGF003587	978	747.997	0	0
RCHGF003588	297	93.3327	0	0
RCHGF003589	168	27.5588	0	0
RCHGF003590	2145	1915	1	129.287
RCHGF003591	216	46.8027	0	0
RCHGF003592	210	44.6926	0	0
RCHGF003593	417	194.424	0	0
RCHGF003594	546	317.732	0	0
RCHGF003595	162	24.5702	0	0
RCHGF003596	342	126.19	1	1961.99
RCHGF003597	411	188.424	0	0
RCHGF003598	177	32.0566	0	0
RCHGF003599	1296	1066	0	0
RCHGF003600	816	585.997	0	0
RCHGF003601	3666	3436	0	0
RCHGF003602	1287	1057	0	0
RCHGF003603	228	50.142	0	0
RCHGF003604	3075	2845	0	0
RCHGF003605	702	471.997	0	0
RCHGF003606	225	49.2789	0	0
RCHGF003607	543	314.732	0	0
RCHGF003608	234	53.2876	0	0
RCHGF003609	357	139.835	0	0
RCHGF003610	222	48.9404	0	0
RCHGF003611	897	666.997	0	0
RCHGF003612	879	648.997	0	0
RCHGF003613	1164	933.997	0	0
RCHGF003614	159	25.0095	0	0
RCHGF003615	483	256.575	0	0
RCHGF003616	1629	1399	2	353.945
RCHGF003617	357	139.835	0	0
RCHGF003618	777	546.997	0	0
RCHGF003619	900	669.997	0	0
RCHGF003620	1071	840.997	2	588.787
RCHGF003621	1080	849.997	0	0
RCHGF003622	714	483.997	0	0
RCHGF003623	798	567.997	0	0
RCHGF003624	267	72.0985	0	0
RCHGF003625	651	420.997	0	0
RCHGF003626	723	492.997	0	0
RCHGF003627	1644	1414	0	0
RCHGF003628	558	329.208	0	0
RCHGF003629	132	15.0698	0	0
RCHGF003630	1863	1633	0	0
RCHGF003631	2271	2041	1	121.305
RCHGF003632	462	237.59	0	0
RCHGF003633	1263	1033	1	239.675
RCHGF003634	741	510.997	0	0
RCHGF003635	600	371.208	0	0
RCHGF003636	774	543.997	0	0
RCHGF003637	669	438.997	0	0
RCHGF003638	1008	777.997	0	0
RCHGF003639	201	41.4068	0	0
RCHGF003640	1191	960.997	1	257.632
RCHGF003641	1560	1330	0	0
RCHGF003642	708	477.997	0	0
RCHGF003643	711	480.997	0	0
RCHGF003644	336	120.826	0	0
RCHGF003645	144	19.9697	0	0
RCHGF003646	537	309.235	0	0
RCHGF003647	882	651.997	0	0
RCHGF003648	153	22.5	0	0
RCHGF003649	960	729.997	0	0
RCHGF003650	702	471.997	0	0
RCHGF003651	510	282.689	0	0
RCHGF003652	201	41.4068	0	0
RCHGF003653	180	33.8606	0	0
RCHGF003654	2013	1783	1	138.858
RCHGF003655	234	53.2876	0	0
RCHGF003656	1608	1378	0	0
RCHGF003657	594	365.208	2	1355.85
RCHGF003658	834	603.997	0	0
RCHGF003659	246	60.7543	0	0
RCHGF003660	747	516.997	0	0
RCHGF003661	774	543.997	1	455.12
RCHGF003662	327	114.25	0	0
RCHGF003663	147	20.4667	0	0
RCHGF003664	960	729.997	0	0
RCHGF003665	2556	2326	0	0
RCHGF003666	171	28.7931	0	0
RCHGF003667	639	408.997	0	0
RCHGF003668	612	382.613	0	0
RCHGF003669	1362	1132	1	218.714
RCHGF003670	270	74.1649	0	0
RCHGF003671	570	341.208	0	0
RCHGF003672	567	338.208	0	0
RCHGF003673	894	663.997	0	0
RCHGF003674	231	52.4258	0	0
RCHGF003676	843	612.997	0	0
RCHGF003677	300	95.4324	0	0
RCHGF003678	1596	1366	0	0
RCHGF003679	723	492.997	0	0
RCHGF003680	3024	2794	1	88.6128
RCHGF003681	1128	897.997	0	0
RCHGF003682	765	534.997	2	925.553
RCHGF003683	834	603.997	0	0
RCHGF003684	678	447.997	0	0
RCHGF003685	1032	801.997	0	0
RCHGF003687	462	237.59	0	0
RCHGF003688	687	456.997	0	0
RCHGF003689	885	654.997	0	0
RCHGF003690	1038	807.997	0	0
RCHGF003691	360	142.835	0	0
RCHGF003692	663	432.997	0	0
RCHGF003693	1479	1249	2	396.452
RCHGF003694	624	393.997	0	0
RCHGF003695	495	268.575	0	0
RCHGF003696	777	546.997	0	0
RCHGF003697	471	245.795	0	0
RCHGF003698	2109	1879	0	0
RCHGF003699	225	49.2789	0	0
RCHGF003700	1329	1099	1	225.282
RCHGF003701	267	72.0985	0	0
RCHGF003702	627	396.997	0	0
RCHGF003703	138	17.537	0	0
RCHGF003704	1662	1432	0	0
RCHGF003705	117	11.1111	0	0
RCHGF003706	249	62.4102	0	0
RCHGF003707	318	107.795	0	0
RCHGF003708	297	93.3327	0	0
RCHGF003709	498	271.575	0	0
RCHGF003710	861	630.997	0	0
RCHGF003711	954	723.997	0	0
RCHGF003712	270	74.1649	0	0
RCHGF003713	624	393.997	0	0
RCHGF003714	1026	795.997	0	0
RCHGF003715	1632	1402	0	0
RCHGF003716	393	171.607	0	0
RCHGF003717	768	537.997	0	0
RCHGF003718	1014	783.997	0	0
RCHGF003719	198	39.9692	0	0
RCHGF003720	495	268.575	0	0
RCHGF003721	255	65.2587	0	0
RCHGF003722	213	46.7138	0	0
RCHGF003723	369	150.598	0	0
RCHGF003724	408	185.729	0	0
RCHGF003725	306	99.6075	0	0
RCHGF003726	168	27.5588	0	0
RCHGF003727	579	350.208	0	0
RCHGF003728	657	426.997	0	0
RCHGF003729	516	288.235	0	0
RCHGF003730	1500	1270	0	0
RCHGF003731	1290	1060	0	0
RCHGF003732	1128	897.997	0	0
RCHGF003733	177	32.0566	0	0
RCHGF003734	303	97.5302	0	0
RCHGF003735	759	528.997	0	0
RCHGF003736	177	32.0566	0	0
RCHGF003737	546	317.732	0	0
RCHGF003738	1065	834.997	0	0
RCHGF003739	114	10.7857	0	0
RCHGF003740	894	663.997	0	0
RCHGF003741	2622	2392	0	0
RCHGF003742	567	338.208	0	0
RCHGF003744	717	486.997	0	0
RCHGF003745	624	393.997	0	0
RCHGF003746	579	350.208	0	0
RCHGF003747	288	86.6016	0	0
RCHGF003748	282	82.7773	0	0
RCHGF003749	117	11.1111	0	0
RCHGF003750	270	74.1649	0	0
RCHGF003751	174	30.0455	0	0
RCHGF003752	288	86.6016	0	0
RCHGF003753	588	359.208	0	0
RCHGF003754	2322	2092	1	118.348
RCHGF003755	1275	1045	1	236.923
RCHGF003756	720	489.997	0	0
RCHGF003757	129	13.3846	0	0
RCHGF003758	1581	1351	0	0
RCHGF003759	114	10.7857	0	0
RCHGF003760	1590	1360	0	0
RCHGF003761	1689	1459	0	0
RCHGF003762	675	444.997	0	0
RCHGF003763	237	55.15	0	0
RCHGF003764	534	306.235	13	10510.2
RCHGF003765	417	194.424	0	0
RCHGF003766	4101	3871	0	0
RCHGF003767	147	20.4667	0	0
RCHGF003768	927	696.997	0	0
RCHGF003769	972	741.997	0	0
RCHGF003770	1851	1621	3	458.207
RCHGF003771	1155	924.997	0	0
RCHGF003772	699	468.997	0	0
RCHGF003773	351	134.302	0	0
RCHGF003774	1881	1651	0	0
RCHGF003775	918	687.997	0	0
RCHGF003776	153	22.5	0	0
RCHGF003777	849	618.997	0	0
RCHGF003778	1461	1231	0	0
RCHGF003779	939	708.997	0	0
RCHGF003780	357	139.835	0	0
RCHGF003781	618	387.997	0	0
RCHGF003782	1251	1021	0	0
RCHGF003783	174	30.0455	0	0
RCHGF003784	774	543.997	0	0
RCHGF003785	159	25.0095	0	0
RCHGF003786	435	212.085	0	0
RCHGF003787	129	13.3846	0	0
RCHGF003788	1065	834.997	0	0
RCHGF003789	120	12.95	0	0
RCHGF003790	573	344.208	0	0
RCHGF003791	2055	1825	0	0
RCHGF003792	1716	1486	0	0
RCHGF003793	681	450.997	0	0
RCHGF003794	1545	1315	0	0
RCHGF003795	1500	1270	0	0
RCHGF003796	669	438.997	0	0
RCHGF003797	447	224.085	0	0
RCHGF003798	1107	876.997	0	0
RCHGF003799	132	15.0698	0	0
RCHGF003800	219	48.0852	0	0
RCHGF003801	411	188.424	0	0
RCHGF003802	360	142.835	0	0
RCHGF003803	1905	1675	0	0
RCHGF003804	639	408.997	0	0
RCHGF003805	123	13.12	0	0
RCHGF003806	828	597.997	0	0
RCHGF003807	111	9.41667	0	0
RCHGF003808	804	573.997	0	0
RCHGF003809	486	259.575	0	0
RCHGF003810	750	519.997	0	0
RCHGF003811	843	612.997	0	0
RCHGF003812	498	271.575	0	0
RCHGF003813	846	615.997	0	0
RCHGF003814	645	414.997	0	0
RCHGF003815	1338	1108	0	0
RCHGF003816	459	234.59	0	0
RCHGF003817	489	262.575	0	0
RCHGF003818	900	669.997	0	0
RCHGF003819	504	276.689	0	0
RCHGF003820	117	11.1111	0	0
RCHGF003821	450	226.717	0	0
RCHGF003822	876	645.997	0	0
RCHGF003823	207	43.1533	0	0
RCHGF003824	246	60.7543	0	0
RCHGF003825	333	118.24	0	0
RCHGF003826	114	10.7857	0	0
RCHGF003827	1269	1039	0	0
RCHGF003828	432	209.085	0	0
RCHGF003829	489	262.575	0	0
RCHGF003830	1824	1594	0	0
RCHGF003832	129	13.3846	0	0
RCHGF003833	858	627.997	0	0
RCHGF003834	426	203.424	0	0
RCHGF003835	315	106.342	0	0
RCHGF003836	579	350.208	0	0
RCHGF003837	1113	882.997	0	0
RCHGF003838	1935	1705	2	290.422
RCHGF003839	2262	2032	0	0
RCHGF003840	120	12.95	0	0
RCHGF003841	423	200.424	0	0
RCHGF003842	1518	1288	0	0
RCHGF003843	129	13.3846	0	0
RCHGF003844	618	387.997	0	0
RCHGF003845	471	245.795	0	0
RCHGF003846	129	13.3846	0	0
RCHGF003847	447	224.085	0	0
RCHGF003848	462	237.59	0	0
RCHGF003849	1941	1711	0	0
RCHGF003850	2631	2401	1	103.117
RCHGF003851	138	17.537	0	0
RCHGF003852	906	675.997	0	0
RCHGF003853	177	32.0566	0	0
RCHGF003854	846	615.997	0	0
RCHGF003855	1272	1042	0	0
RCHGF003856	351	134.302	0	0
RCHGF003857	453	228.971	0	0
RCHGF003858	228	50.142	0	0
RCHGF003859	1068	837.997	0	0
RCHGF003860	558	329.208	3	2256.18
RCHGF003861	291	89.0824	0	0
RCHGF003862	915	684.997	0	0
RCHGF003863	177	32.0566	0	0
RCHGF003864	291	89.0824	0	0
RCHGF003865	300	95.4324	0	0
RCHGF003866	252	64.0594	0	0
RCHGF003867	4215	3985	0	0
RCHGF003868	522	294.235	0	0
RCHGF003869	996	765.997	0	0
RCHGF003870	564	335.208	1	738.597
RCHGF003871	330	116.051	0	0
RCHGF003872	1326	1096	0	0
RCHGF003873	1032	801.997	0	0
RCHGF003874	162	24.5702	0	0
RCHGF003875	681	450.997	1	548.971
RCHGF003876	2007	1777	0	0
RCHGF003877	648	417.997	0	0
RCHGF003878	978	747.997	0	0
RCHGF003879	861	630.997	0	0
RCHGF003880	318	107.795	0	0
RCHGF003881	1332	1102	0	0
RCHGF003882	2571	2341	0	0
RCHGF003883	117	11.1111	0	0
RCHGF003884	1095	864.997	0	0
RCHGF003885	1254	1024	1	241.782
RCHGF003886	1419	1189	0	0
RCHGF003887	1797	1567	0	0
RCHGF003888	98	11	0	0
RCHGF003891	2625	2395	0	0
RCHGF003892	255	65.2587	0	0
RCHGF003893	411	188.424	0	0
RCHGF003894	258	66.905	0	0
RCHGF003895	1056	825.997	1	299.74
RCHGF003896	630	399.997	0	0
RCHGF003897	477	251.389	9	8863.78
RCHGF003898	462	237.59	0	0
RCHGF003899	1965	1735	0	0
RCHGF003900	957	726.997	0	0
RCHGF003901	1200	969.997	0	0
RCHGF003902	498	271.575	1	911.659
RCHGF003903	297	93.3327	0	0
RCHGF003904	651	420.997	0	0
RCHGF003905	2928	2698	0	0
RCHGF003906	969	738.997	0	0
RCHGF003907	312	104.114	0	0
RCHGF003908	1191	960.997	0	0
RCHGF003909	948	717.997	1	344.826
RCHGF003910	2499	2269	0	0
RCHGF003911	1692	1462	0	0
RCHGF003912	1398	1168	0	0
RCHGF003913	3078	2848	1	86.9327
RCHGF003914	486	259.575	0	0
RCHGF003915	132	15.0698	0	0
RCHGF003917	309	101.678	0	0
RCHGF003918	312	104.114	0	0
RCHGF003919	282	82.7773	0	0
RCHGF003920	1287	1057	0	0
RCHGF003921	426	203.424	0	0
RCHGF003922	1071	840.997	1	294.393
RCHGF003923	750	519.997	0	0
RCHGF003924	567	338.208	0	0
RCHGF003925	762	531.997	0	0
RCHGF003926	582	353.208	0	0
RCHGF003927	636	405.997	0	0
RCHGF003928	1011	780.997	0	0
RCHGF003929	351	134.302	0	0
RCHGF003930	660	429.997	0	0
RCHGF003931	1302	1072	0	0
RCHGF003932	288	86.6016	0	0
RCHGF003933	2289	2059	1	120.245
RCHGF003934	1605	1375	0	0
RCHGF003935	513	285.235	0	0
RCHGF003936	2199	1969	1	125.741
RCHGF003937	498	271.575	0	0
RCHGF003938	120	12.95	0	0
RCHGF003939	426	203.424	0	0
RCHGF003940	123	13.12	0	0
RCHGF003941	117	11.1111	0	0
RCHGF003942	471	245.795	0	0
RCHGF003943	789	558.997	0	0
RCHGF003944	489	262.575	0	0
RCHGF003945	576	347.208	0	0
RCHGF003946	1104	873.997	1	283.278
RCHGF003947	936	705.997	0	0
RCHGF003948	507	279.689	3	2655.63
RCHGF003949	465	240.59	0	0
RCHGF003950	1698	1468	0	0
RCHGF003951	255	65.2587	0	0
RCHGF003952	291	89.0824	0	0
RCHGF003953	1863	1633	0	0
RCHGF003954	336	120.826	0	0
RCHGF003955	153	22.5	0	0
RCHGF003956	630	399.997	0	0
RCHGF003957	1074	843.997	1	293.347
RCHGF003958	930	699.997	0	0
RCHGF003959	1125	894.997	0	0
RCHGF003960	1200	969.997	0	0
RCHGF003961	2361	2131	0	0
RCHGF003962	1551	1321	0	0
RCHGF003963	936	705.997	0	0
RCHGF003964	150	22.3797	3	33188.6
RCHGF003965	273	76.5346	0	0
RCHGF003966	450	226.717	0	0
RCHGF003967	417	194.424	0	0
RCHGF003968	669	438.997	0	0
RCHGF003969	858	627.997	0	0
RCHGF003970	609	379.613	0	0
RCHGF003971	1929	1699	0	0
RCHGF003972	2493	2263	1	109.405
RCHGF003973	1257	1027	0	0
RCHGF003974	1788	1558	1	158.912
RCHGF003975	2178	1948	1	127.097
RCHGF003976	417	194.424	0	0
RCHGF003977	513	285.235	0	0
RCHGF003978	522	294.235	0	0
RCHGF003979	708	477.997	0	0
RCHGF003980	441	218.085	0	0
RCHGF003981	996	765.997	0	0
RCHGF003982	351	134.302	0	0
RCHGF003983	1374	1144	0	0
RCHGF003984	138	17.537	0	0
RCHGF003985	279	80.7664	8	24523.5
RCHGF003986	735	504.997	0	0
RCHGF003987	546	317.732	0	0
RCHGF003988	981	750.997	0	0
RCHGF003989	570	341.208	0	0
RCHGF003990	510	282.689	0	0
RCHGF003991	327	114.25	0	0
RCHGF003992	735	504.997	0	0
RCHGF003993	756	525.997	0	0
RCHGF003994	783	552.997	0	0
RCHGF003995	1323	1093	0	0
RCHGF003996	1458	1228	1	201.616
RCHGF003997	894	663.997	0	0
RCHGF003998	795	564.997	1	438.204
RCHGF003999	198	39.9692	0	0
RCHGF004000	924	693.997	0	0
RCHGF004001	984	753.997	0	0
RCHGF004002	678	447.997	0	0
RCHGF004003	1218	987.997	0	0
RCHGF004004	378	158.827	0	0
RCHGF004005	486	259.575	0	0
RCHGF004006	288	86.6016	0	0
RCHGF004007	594	365.208	0	0
RCHGF004008	948	717.997	0	0
RCHGF004009	939	708.997	0	0
RCHGF004010	1245	1015	0	0
RCHGF004011	759	528.997	0	0
RCHGF004012	636	405.997	0	0
RCHGF004013	1686	1456	0	0
RCHGF004014	465	240.59	1	1029.07
RCHGF004015	360	142.835	0	0
RCHGF004016	408	185.729	0	0
RCHGF004017	897	666.997	0	0
RCHGF004018	738	507.997	0	0
RCHGF004019	312	104.114	0	0
RCHGF004020	1380	1150	0	0
RCHGF004021	1764	1534	1	161.398
RCHGF004022	1194	963.997	0	0
RCHGF004023	660	429.997	0	0
RCHGF004024	510	282.689	0	0
RCHGF004025	909	678.997	0	0
RCHGF004027	147	20.4667	0	0
RCHGF004028	879	648.997	0	0
RCHGF004029	528	300.235	0	0
RCHGF004030	1062	831.997	1	297.578
RCHGF004031	2070	1840	1	134.557
RCHGF004032	609	379.613	0	0
RCHGF004033	462	237.59	0	0
RCHGF004034	993	762.997	0	0
RCHGF004035	951	720.997	0	0
RCHGF004036	297	93.3327	0	0
RCHGF004037	351	134.302	0	0
RCHGF004038	162	24.5702	0	0
RCHGF004039	417	194.424	0	0
RCHGF004040	435	212.085	0	0
RCHGF004041	327	114.25	0	0
RCHGF004042	561	332.208	0	0
RCHGF004043	972	741.997	0	0
RCHGF004044	654	423.997	0	0
RCHGF004045	1308	1078	0	0
RCHGF004046	999	768.997	0	0
RCHGF004047	1590	1360	0	0
RCHGF004048	180	33.8606	0	0
RCHGF004049	1476	1246	0	0
RCHGF004050	282	82.7773	39	116648
RCHGF004051	702	471.997	0	0
RCHGF004052	1200	969.997	0	0
RCHGF004053	303	97.5302	0	0
RCHGF004054	399	177.322	0	0
RCHGF004055	438	215.085	0	0
RCHGF004056	357	139.835	0	0
RCHGF004057	339	123.614	0	0
RCHGF004058	738	507.997	0	0
RCHGF004059	1332	1102	0	0
RCHGF004060	705	474.997	0	0
RCHGF004061	1428	1198	1	206.665
RCHGF004062	1599	1369	0	0
RCHGF004063	570	341.208	0	0
RCHGF004064	1254	1024	0	0
RCHGF004065	1299	1069	0	0
RCHGF004066	834	603.997	1	409.909
RCHGF004067	921	690.997	0	0
RCHGF004068	660	429.997	0	0
RCHGF004069	621	390.997	0	0
RCHGF004070	1179	948.997	0	0
RCHGF004071	831	600.997	0	0
RCHGF004072	999	768.997	0	0
RCHGF004073	1659	1429	0	0
RCHGF004074	777	546.997	0	0
RCHGF004075	1875	1645	0	0
RCHGF004076	840	609.997	0	0
RCHGF004077	210	44.6926	0	0
RCHGF004078	1326	1096	0	0
RCHGF004079	375	155.827	0	0
RCHGF004080	900	669.997	0	0
RCHGF004081	327	114.25	5	10835.2
RCHGF004082	555	326.732	0	0
RCHGF004083	1374	1144	0	0
RCHGF004084	942	711.997	0	0
RCHGF004085	828	597.997	0	0
RCHGF004086	951	720.997	1	343.391
RCHGF004087	576	347.208	1	713.07
RCHGF004088	114	10.7857	0	0
RCHGF004089	792	561.997	0	0
RCHGF004090	930	699.997	0	0
RCHGF004091	921	690.997	0	0
RCHGF004092	900	669.997	0	0
RCHGF004093	438	215.085	0	0
RCHGF004094	426	203.424	0	0
RCHGF004095	150	22.3797	0	0
RCHGF004096	1743	1513	0	0
RCHGF004097	1335	1105	0	0
RCHGF004099	735	504.997	0	0
RCHGF004101	642	411.997	0	0
RCHGF004102	201	41.4068	0	0
RCHGF004103	177	32.0566	0	0
RCHGF004104	1191	960.997	0	0
RCHGF004105	123	13.12	0	0
RCHGF004106	1626	1396	0	0
RCHGF004107	822	591.997	0	0
RCHGF004108	831	600.997	0	0
RCHGF004109	4233	4003	1	61.8496
RCHGF004110	450	226.717	0	0
RCHGF004111	171	28.7931	0	0
RCHGF004112	132	15.0698	0	0
RCHGF004113	489	262.575	0	0
RCHGF004114	879	648.997	0	0
RCHGF004115	2790	2560	1	96.7126
RCHGF004116	132	15.0698	0	0
RCHGF004117	432	209.085	0	0
RCHGF004118	492	265.575	0	0
RCHGF004119	774	543.997	0	0
RCHGF004120	816	585.997	0	0
RCHGF004121	1680	1450	0	0
RCHGF004122	795	564.997	0	0
RCHGF004123	636	405.997	0	0
RCHGF004125	1497	1267	1	195.41
RCHGF004126	1089	858.997	0	0
RCHGF004127	300	95.4324	0	0
RCHGF004128	666	435.997	0	0
RCHGF004129	810	579.997	0	0
RCHGF004130	1371	1141	0	0
RCHGF004131	1440	1210	0	0
RCHGF004132	1437	1207	0	0
RCHGF004133	1383	1153	0	0
RCHGF004134	837	606.997	0	0
RCHGF004135	438	215.085	0	0
RCHGF004136	123	13.12	0	0
RCHGF004137	915	684.997	0	0
RCHGF004138	885	654.997	0	0
RCHGF004139	1014	783.997	0	0
RCHGF004140	1158	927.997	0	0
RCHGF004141	306	99.6075	0	0
RCHGF004142	237	55.15	0	0
RCHGF004143	642	411.997	0	0
RCHGF004144	807	576.997	0	0
RCHGF004145	762	531.997	0	0
RCHGF004146	462	237.59	0	0
RCHGF004147	417	194.424	0	0
RCHGF004148	2715	2485	0	0
RCHGF004149	966	735.997	0	0
RCHGF004150	804	573.997	0	0
RCHGF004151	1179	948.997	0	0
RCHGF004152	861	630.997	0	0
RCHGF004153	123	13.12	0	0
RCHGF004154	147	20.4667	0	0
RCHGF004155	183	35.4302	0	0
RCHGF004156	636	405.997	0	0
RCHGF004157	945	714.997	0	0
RCHGF004158	780	549.997	0	0
RCHGF004159	999	768.997	0	0
RCHGF004160	687	456.997	0	0
RCHGF004161	657	426.997	0	0
RCHGF004162	1809	1579	0	0
RCHGF004163	1176	945.997	0	0
RCHGF004164	1455	1225	0	0
RCHGF004165	636	405.997	0	0
RCHGF004166	258	66.905	0	0
RCHGF004167	345	128.974	0	0
RCHGF004168	597	368.208	1	672.402
RCHGF004169	6609	6379	1	38.8124
RCHGF004170	438	215.085	0	0
RCHGF004171	840	609.997	0	0
RCHGF004172	297	93.3327	0	0
RCHGF004173	1464	1234	0	0
RCHGF004174	780	549.997	0	0
RCHGF004175	1092	861.997	0	0
RCHGF004176	2604	2374	0	0
RCHGF004177	750	519.997	0	0
RCHGF004178	159	25.0095	0	0
RCHGF004179	708	477.997	0	0
RCHGF004180	636	405.997	0	0
RCHGF004181	450	226.717	1	1092.04
RCHGF004182	165	25.9535	0	0
RCHGF004183	777	546.997	0	0
RCHGF004184	111	9.41667	0	0
RCHGF004185	1401	1171	0	0
RCHGF004186	756	525.997	0	0
RCHGF004187	798	567.997	0	0
RCHGF004188	858	627.997	0	0
RCHGF004189	825	594.997	0	0
RCHGF004190	1317	1087	0	0
RCHGF004191	1437	1207	0	0
RCHGF004192	1848	1618	0	0
RCHGF004193	837	606.997	0	0
RCHGF004194	435	212.085	0	0
RCHGF004195	2508	2278	0	0
RCHGF004196	1329	1099	0	0
RCHGF004197	120	12.95	0	0
RCHGF004198	1590	1360	0	0
RCHGF004199	708	477.997	0	0
RCHGF004200	1215	984.997	0	0
RCHGF004201	522	294.235	0	0
RCHGF004202	699	468.997	0	0
RCHGF004203	579	350.208	0	0
RCHGF004204	1176	945.997	0	0
RCHGF004205	984	753.997	0	0
RCHGF004206	1164	933.997	0	0
RCHGF004207	363	145.59	0	0
RCHGF004208	957	726.997	3	1021.67
RCHGF004209	396	174.322	2	2840.54
RCHGF004210	363	145.59	1	1700.56
RCHGF004211	114	10.7857	0	0
RCHGF004212	771	540.997	0	0
RCHGF004213	645	414.997	1	596.592
RCHGF004214	1302	1072	0	0
RCHGF004215	438	215.085	0	0
RCHGF004216	510	282.689	1	875.817
RCHGF004217	354	137.07	0	0
RCHGF004218	543	314.732	1	786.65
RCHGF004219	393	171.607	0	0
RCHGF004220	537	309.235	0	0
RCHGF004221	321	110.02	0	0
RCHGF004222	366	147.598	0	0
RCHGF004223	258	66.905	0	0
RCHGF004224	198	39.9692	0	0
RCHGF004225	414	191.424	0	0
RCHGF004226	789	558.997	2	885.815
RCHGF004227	333	118.24	0	0
RCHGF004228	276	78.2515	0	0
RCHGF004229	831	600.997	0	0
RCHGF004230	294	91.2136	1	2714.33
RCHGF004231	627	396.997	2	1247.28
RCHGF004232	684	453.997	0	0
RCHGF004233	726	495.997	0	0
RCHGF004234	738	507.997	0	0
RCHGF004235	996	765.997	0	0
RCHGF004236	765	534.997	0	0
RCHGF004238	309	101.678	0	0
RCHGF004239	216	46.8027	0	0
RCHGF004240	1182	951.997	9	2340.61
RCHGF004241	2076	1846	1	134.119
RCHGF004242	468	243.59	0	0
RCHGF004243	420	197.424	1	1254.07
RCHGF004244	810	579.997	0	0
RCHGF004245	1350	1120	0	0
RCHGF004247	543	314.732	0	0
RCHGF004248	189	37.5812	0	0
RCHGF004249	279	80.7664	0	0
RCHGF004250	450	226.717	0	0
RCHGF004251	807	576.997	0	0
RCHGF004252	432	209.085	0	0
RCHGF004253	153	22.5	0	0
RCHGF004254	234	53.2876	0	0
RCHGF004255	369	150.598	0	0
RCHGF004256	1287	1057	4	936.934
RCHGF004257	120	12.95	0	0
RCHGF004258	192	38.835	0	0
RCHGF004259	402	180.03	0	0
RCHGF004260	918	687.997	0	0
RCHGF004261	462	237.59	0	0
RCHGF004262	120	12.95	0	0
RCHGF004263	330	116.051	0	0
RCHGF004264	1041	810.997	0	0
RCHGF004265	708	477.997	0	0
RCHGF004266	1917	1687	0	0
RCHGF004267	702	471.997	0	0
RCHGF004268	3519	3289	0	0
RCHGF004269	366	147.598	0	0
RCHGF004270	609	379.613	0	0
RCHGF004271	480	253.575	0	0
RCHGF004272	318	107.795	0	0
RCHGF004273	360	142.835	0	0
RCHGF004274	267	72.0985	0	0
RCHGF004275	1683	1453	0	0
RCHGF004276	570	341.208	0	0
RCHGF004277	1212	981.997	0	0
RCHGF004278	1734	1504	0	0
RCHGF004279	390	169.734	0	0
RCHGF004280	249	62.4102	0	0
RCHGF004281	291	89.0824	0	0
RCHGF004282	144	19.9697	0	0
RCHGF004283	306	99.6075	0	0
RCHGF004284	207	43.1533	0	0
RCHGF004285	396	174.322	0	0
RCHGF004286	219	48.0852	0	0
RCHGF004287	852	621.997	0	0
RCHGF004288	219	48.0852	0	0
RCHGF004289	585	356.208	0	0
RCHGF004290	261	68.6978	0	0
RCHGF004291	204	42.6626	0	0
RCHGF004292	456	231.971	0	0
RCHGF004293	1383	1153	0	0
RCHGF004294	894	663.997	0	0
RCHGF004295	315	106.342	0	0
RCHGF004296	156	23.3939	0	0
RCHGF004297	906	675.997	0	0
RCHGF004298	540	312.235	0	0
RCHGF004299	255	65.2587	0	0
RCHGF004300	123	13.12	0	0
RCHGF004301	189	37.5812	0	0
RCHGF004302	171	28.7931	0	0
RCHGF004303	177	32.0566	0	0
RCHGF004304	168	27.5588	0	0
RCHGF004305	303	97.5302	0	0
RCHGF004306	390	169.734	0	0
RCHGF004307	918	687.997	0	0
RCHGF004308	1407	1177	1	210.352
